family,window,a,seed,stored_cross_step,stored_cross_w2,cross_step,cross_w2,G_cross,reproduced,prev_step,G_prev,w2_prev,cross_w2_interp
Block 3,H10,1.3,100000,3550,9.58676477202129,3550,9.58676477202129,0.00021603412521553622,True,3500,-0.000911647883299338,9.45970043432194,9.562422596803719
Block 3,H10,1.3,100001,4550,7.62897067131544,4550,7.62897067131544,0.0002618518265578018,True,4500,-0.0012236630657977976,7.518898913391582,7.609568313915249
Block 3,H10,1.3,100002,3050,7.404742728933962,3050,7.404742728933962,0.0016167586324828953,True,3000,-7.91163629232372e-06,7.283841833969945,7.284430583531475
Block 3,H10,1.3,100003,8800,7.307456677182146,8800,7.307456677182146,0.0004882643888381999,True,8750,-0.0013941535905823699,7.1687500296085975,7.271478739632835
Block 3,H10,1.3,100004,4500,8.682317928900511,4500,8.682317928900511,0.0010905157269593957,True,4450,-5.084146042655391e-05,8.565071869896437,8.570294565240983
Block 3,H10,1.3,100005,4050,6.428548460142135,4050,6.428548460142135,0.0012215154457670963,True,4000,-0.0004590736898979486,6.321131361427999,6.350473669323686
Block 3,H10,1.3,100006,1850,6.659825987919508,1850,6.659825987919508,0.0012847041234840262,True,1800,-0.0021924921526235153,6.5136290187911685,6.605811248984409
Block 3,H10,1.3,100007,5750,9.217950111043564,5750,9.217950111043564,0.0010259889783310605,True,5700,-2.5111125405707924e-06,9.101724164886594,9.102007933875557
Block 3,H10,1.3,100008,6400,8.539485989764165,6400,8.539485989764165,0.0008223037035888225,True,6350,-0.0005901814047200027,8.411849386950045,8.465180037375605
Block 3,H10,1.3,100009,4000,8.746586221013539,4000,8.746586221013539,1.8568302982746587e-05,True,3950,-0.0011470852522004193,8.626658498515173,8.744675829819279
Block 3,H10,1.3,100010,2550,6.955187022589386,2550,6.955187022589386,0.0006429711420725681,True,2500,-0.0011230387026661681,6.828444572306666,6.909042467817999
Block 3,H10,1.3,100011,2750,7.453409794206999,2750,7.453409794206999,0.0006648816112528877,True,2700,-0.0008343864013329316,7.329064676337864,7.398266363128475
Block 3,H10,1.3,100012,5950,12.598736653720637,5950,12.598736653720637,0.0001798748444450382,True,5900,-0.0005719084803104124,12.476880578668995,12.56958085600229
Block 3,H10,1.3,100013,2900,6.9295263941138785,2900,6.9295263941138785,0.0014891026090881887,True,2850,-0.00039697897674928484,6.809885237975075,6.83506708805925
Block 3,H10,1.3,100014,3100,6.265434300734279,3100,6.265434300734279,0.0010433088318246853,True,3050,-0.0009197916619330115,6.150167201944375,6.204174481092484
Block 3,H10,1.3,100015,3850,7.302995694817382,3850,7.302995694817382,5.52748133464398e-05,True,3800,-0.0017248497560093945,7.185275965882223,7.299340368580051
Block 3,H10,1.3,100016,5900,10.63775461238977,5900,10.63775461238977,0.0002532141988527137,True,5850,-0.0006963263430632693,10.519255848806791,10.606154519333021
Block 3,H10,1.3,100017,2850,7.626980742287605,2850,7.626980742287605,0.0008831165283877951,True,2800,-0.0006961672401137875,7.501222315534757,7.556658139431464
Block 3,H10,1.3,100018,7350,7.8297034073054945,7350,7.8297034073054945,4.7493374519813614e-05,True,7300,-0.0015910848402183042,7.697789513392104,7.825879948704834
Block 3,H10,1.3,100019,5650,7.838017875889173,5650,7.838017875889173,0.00029559881382423825,True,5600,-0.001346483574589108,7.708403937857024,7.814685473929481
Block 3,H10,1.3,100020,3600,8.055484897839678,3600,8.055484897839678,0.000424061800810005,True,3550,-0.0011461222122677306,7.9287816293564894,8.021265968240352
Block 3,H10,1.3,100021,5850,8.596994879906088,5850,8.596994879906088,0.00034290526742664085,True,5800,-0.0009247848171640705,8.480341334114216,8.565440546711992
Block 3,H10,1.3,100022,8650,7.38520010100312,8650,7.38520010100312,0.0007533792055571809,True,8600,-0.0010772024876217756,7.242993060929855,7.326674536547713
Block 3,H10,1.3,100023,3900,7.516805926899068,3900,7.516805926899068,0.0013174017254757864,True,3850,-0.0001111997602656345,7.401059403909008,7.410068904274602
Block 3,H10,1.3,100024,2600,6.996819333969567,2600,6.996819333969567,0.0012163092793158192,True,2550,-0.0005018544202375352,6.87230226187408,6.908672162508345
Block 3,H10,1.3,100025,4000,9.173229512225246,4000,9.173229512225246,0.00027804975106215934,True,3950,-0.0008716901563166068,9.051256563974553,9.143731929615678
Block 3,H10,1.3,100026,2650,6.783572673751681,2650,6.783572673751681,0.0015592389763714465,True,2600,-0.00023802393555705237,6.6602846322022184,6.6766125187134
Block 3,H10,1.3,100027,5550,8.3872571781379,5550,8.3872571781379,0.00018407098301187474,True,5500,-0.001097800039497887,8.273852074023411,8.370972709087303
Block 3,H10,1.3,100028,6250,8.012023254512497,6250,8.012023254512497,0.0011228292240619275,True,6200,-0.00023487483490747252,7.886575743330406,7.908277426612411
Block 3,H10,1.3,100029,4200,9.043869821395019,4200,9.043869821395019,0.0005751362642261171,True,4150,-0.0005790179374756121,8.92411634559732,8.984194462074027
Block 3,H10,1.3,100030,3900,7.515103199090024,3900,7.515103199090024,0.0006499649632698556,True,3850,-0.000847349186991142,7.3994564499140605,7.4649024212056165
Block 3,H10,1.3,100031,5150,9.049377758602283,5150,9.049377758602283,0.000417417758250771,True,5100,-0.0006886216079653451,8.932799677366061,9.005381348693948
Block 3,H10,1.3,100032,3450,9.294355230183767,3450,9.294355230183767,3.716503224326928e-05,True,3400,-0.0010542198608636255,9.163380823694016,9.289895146421403
Block 3,H10,1.3,100033,3050,7.908136718471952,3050,7.908136718471952,0.0012791290354821072,True,3000,-0.00029323178511697634,7.784582028266814,7.807623916549571
Block 3,H10,1.3,100034,8500,6.875269022695504,8500,6.875269022695504,0.0006326559054481429,True,8450,-0.0012896061815697024,6.73116861539712,6.827842621129088
Block 3,H10,1.3,100035,5400,7.533029570519824,5400,7.533029570519824,0.0007479486741344132,True,5350,-0.00045304507230925495,7.422937118776495,7.464466762797085
Block 3,H10,1.3,100036,5800,10.38303991827688,5800,10.38303991827688,0.00025741089499220493,True,5750,-0.0007344861251925572,10.264375036305935,10.35224475219543
Block 3,H10,1.3,100037,2350,6.0617336806246245,2350,6.0617336806246245,0.0022486372776828745,True,2300,-7.937892060994045e-05,5.930645906548999,5.935115637480817
Block 3,H10,1.3,100038,3300,7.877205478064729,3300,7.877205478064729,0.0003391746661800532,True,3250,-0.0011506151816451649,7.753343445016276,7.849006290257859
Block 3,H10,1.3,100039,5000,8.34283362940813,5000,8.34283362940813,0.00032620304283970114,True,4950,-0.001003027271249568,8.213747676878988,8.311154972928106
Block 3,H10,1.3,100041,3700,9.482635333129757,3700,9.482635333129757,0.00020014436526727408,True,3650,-0.0010592968431493155,9.358264159285396,9.46287086180686
Block 3,H10,1.3,100042,4400,8.877757321949664,4400,8.877757321949664,0.0006219630584713975,True,4350,-0.0007197943427170728,8.748327023569827,8.817760735258295
Block 3,H10,1.3,100043,4000,8.670815745394307,4000,8.670815745394307,0.000242213907765354,True,3950,-0.0010313036737179537,8.54411701575002,8.646718555954406
Block 3,H10,1.3,100044,7750,9.118228524899791,7750,9.118228524899791,7.37375720634148e-05,True,7700,-0.001180918899225336,8.984404254183636,9.110363521983391
Block 3,H10,1.3,100045,3900,8.024001661249471,3900,8.024001661249471,0.00016454773350549345,True,3850,-0.0010466784254892225,7.905442198525447,8.007895097886392
Block 3,H10,1.3,100046,4050,8.207139555730521,4050,8.207139555730521,0.0010050815979907313,True,4000,-0.0002772960250152501,8.087038725520713,8.11300883153375
Block 3,H10,1.3,100047,2900,8.037302020736375,2900,8.037302020736375,0.0005688889583712609,True,2850,-0.0010880802504522613,7.896740448707228,7.989042870311085
Block 3,H10,1.3,100048,6400,8.781066248011877,6400,8.781066248011877,0.0001717457044083659,True,6350,-0.0012024361432771968,8.646065880699217,8.7641938572009
Block 3,H10,1.3,100049,4050,7.498650875304277,4050,7.498650875304277,0.0011110510773648663,True,4000,-0.0004128782127712505,7.3749681104733185,7.408477486022791
Block 3,H10,1.3,100050,6300,8.339968278852647,6300,8.339968278852647,0.0009621095207426045,True,6250,-0.0004116786120849092,8.218873169116458,8.255161345957713
Block 3,H10,1.3,100051,3850,8.920485497680904,3850,8.920485497680904,0.00037943890924418966,True,3800,-0.0009359630603809066,8.790861091255682,8.883094232865153
Block 3,H10,1.3,100052,5300,8.984359670156852,5300,8.984359670156852,5.266497465683528e-06,True,5250,-0.0011942245664546824,8.866423784619617,8.983841859677911
Block 3,H10,1.3,100053,4400,9.28710063495133,4400,9.28710063495133,0.00034244790751447596,True,4350,-0.0007994225493037632,9.164344395573844,9.250285935824861
Block 3,H10,1.3,100054,3950,9.832750629131944,3950,9.832750629131944,0.0009562327097949463,True,3900,-8.284846000572443e-05,9.706800380046618,9.716842698661686
Block 3,H10,1.3,100055,3700,7.779560084124944,3700,7.779560084124944,0.0013698997469155927,True,3650,-2.3709947596817216e-05,7.662355167264875,7.664349213695367
Block 3,H10,1.3,100056,4500,8.599279536223657,4500,8.599279536223657,0.0005755424624958039,True,4450,-0.0007184286833799014,8.475174608307892,8.544079189563558
Block 3,H10,1.3,100057,3350,7.8709663243136,3350,7.8709663243136,0.0004807332269272102,True,3300,-0.0009006386147496492,7.7488508880642835,7.828468753453537
Block 3,H10,1.3,100058,2650,5.493213957325872,2650,5.493213957325872,0.0003981125780549988,True,2600,-0.0019877605218225902,5.379715738587442,5.47427536898732
Block 3,H10,1.3,100059,3500,8.278859114440829,3500,8.278859114440829,0.0008978502072483074,True,3450,-0.0004581172033826242,8.14838961105247,8.192469080478055
Block 3,H10,1.3,100060,5300,9.39744593523668,5300,9.39744593523668,0.0009401185133151024,True,5250,-0.0002053668314476731,9.276301314391509,9.29802056819397
Block 3,H10,1.3,100061,3550,6.790451540931115,3550,6.790451540931115,2.654702234528017e-05,True,3500,-0.0016157433702801427,6.675982824677257,6.788601196082316
Block 3,H10,1.3,100062,2900,7.935592499793521,2900,7.935592499793521,0.001278469423317219,True,2850,-0.0002118079088835323,7.8018871428135235,7.820890217916759
Block 3,H10,1.3,100063,3100,7.8408861102004375,3100,7.8408861102004375,0.0006542457880458485,True,3050,-0.0007372712420958827,7.711225329276698,7.779923852494219
Block 3,H10,1.3,100064,4850,10.234674921387962,4850,10.234674921387962,0.00015659996747929839,True,4800,-0.001843710809254162,10.114069597209962,10.225232993631641
Block 3,H10,1.3,100065,4350,7.115938615580967,4350,7.115938615580967,0.001306530931882044,True,4300,-0.0010283866755589344,7.006145674870767,7.054502669112011
Block 3,H10,1.3,100066,3750,7.07654431904911,3750,7.07654431904911,0.0005440854354064051,True,3700,-0.0009597774920782065,6.96022968758871,7.034462626797996
Block 3,H10,1.3,100067,2500,6.409241046477504,2500,6.409241046477504,0.0018839412973949976,True,2450,-0.00025047477762241144,6.284791159186532,6.299395414752817
Block 3,H10,1.3,100068,7900,7.329622664254339,7900,7.329622664254339,0.0009207857726911683,True,7850,-0.0008887051488497555,7.190852032019445,7.259007209759306
Block 3,H10,1.3,100069,6000,7.656667627261796,6000,7.656667627261796,0.0002668963327452367,True,5950,-0.001483798772761169,7.519205358125333,7.6357112794614475
Block 3,H10,1.3,100070,3950,7.517002673011148,3950,7.517002673011148,0.0009235496547281841,True,3900,-0.000610610667285183,7.401817730929275,7.447662453502673
Block 3,H10,1.3,100071,4400,8.130779364556963,4400,8.130779364556963,0.001093303030709869,True,4350,-0.00011570335376287488,8.014333884141928,8.025477855577964
Block 3,H10,1.3,100073,5800,11.5986884220996,5800,11.5986884220996,0.0006958995189982886,True,5750,-9.8203869689506e-06,11.478925848471864,11.480592394657506
Block 3,H10,1.3,100074,4400,7.400895370737616,4400,7.400895370737616,0.0008732943153773043,True,4350,-0.0006888954198664976,7.288232277850812,7.337914519979743
Block 3,H10,1.3,100075,3700,7.646352610214553,3700,7.646352610214553,3.699717019500781e-05,True,3650,-0.0013093145777545168,7.527351482203762,7.643082412956661
Block 3,H10,1.3,100076,11050,7.2502271599943,11050,7.2502271599943,0.0011018308255006382,True,11000,-0.0008043887203736944,7.104731013890776,7.166127645268741
Block 3,H10,1.3,100077,4200,7.7060714408288185,4200,7.7060714408288185,0.00010027562525793954,True,4150,-0.0013379762227008207,7.593164499827573,7.69819951344633
Block 3,H10,1.3,100078,8950,7.699579657009705,8950,7.699579657009705,0.001657709754003367,True,8900,-6.332060669400619e-05,7.564032596942343,7.569019680421554
Block 3,H10,1.3,100079,7950,7.454240070241253,7950,7.454240070241253,0.00013806222308021532,True,7900,-0.001741842551138184,7.318170666927056,7.4442469873083335
Block 3,H10,1.3,100080,3600,6.482335375042412,3600,6.482335375042412,0.0018204535527761578,True,3550,-0.0001152914039423969,6.366095121249627,6.373018296747451
Block 3,H10,1.3,100081,3000,6.90905916143407,3000,6.90905916143407,0.0015800359397246666,True,2950,-0.0004395410008735112,6.7757869579047245,6.8047923384625735
Block 3,H10,1.3,100082,4900,8.686112089072992,4900,8.686112089072992,0.0009896483858331528,True,4850,-0.00017131546940651887,8.566622487870477,8.584254748364048
Block 3,H10,1.3,100083,3550,8.395563318883319,3550,8.395563318883319,4.017981381609914e-05,True,3500,-0.0012969262924502623,8.265162346898403,8.391644791586765
Block 3,H10,1.3,100084,8900,9.296886336379421,8900,9.296886336379421,0.000791550244061856,True,8850,-0.0004257605234117001,9.166538560201072,9.212128346222949
Block 3,H10,1.3,100085,3900,7.6323540698798285,3900,7.6323540698798285,7.071419058712891e-05,True,3850,-0.0013928109582264092,7.516679754981371,7.626764951335199
Block 3,H10,1.3,100086,3650,6.949206181679383,3650,6.949206181679383,0.0005632999950422324,True,3600,-0.0010749983022217968,6.834779741306491,6.9098626668857746
Block 3,H10,1.3,100087,4650,8.401058465194746,4650,8.401058465194746,0.00035267382375181455,True,4600,-0.0008879422467935605,8.280120121778264,8.366678942775573
Block 3,H10,1.3,100088,3350,7.952632616492424,3350,7.952632616492424,0.0002252751462532565,True,3300,-0.0013980517072504917,7.831015530895296,7.935755358110568
Block 3,H10,1.3,100089,6850,8.95492816431731,6850,8.95492816431731,0.0006216036106718725,True,6800,-0.0006880584727344541,8.820796817485883,8.891265536719633
Block 3,H10,1.5,100000,1800,5.036287840671605,1800,5.036287840671605,0.0034889107593039093,True,1750,-0.0008729439774617376,4.9084405472561885,4.934026801626623
Block 3,H10,1.5,100001,2400,4.013372467096526,2400,4.013372467096526,0.0024872981256898186,True,2350,-0.0022122242042277307,3.923545262604296,3.9658299677350217
Block 3,H10,1.5,100002,1450,3.8493457213873943,1450,3.8493457213873943,0.0014828230259866793,True,1400,-0.0045816723001648185,3.7366289240626753,3.821785462289193
Block 3,H10,1.5,100003,7900,3.8640706022324363,7900,3.8640706022324363,0.004663391037273978,True,7850,-0.005155139791282348,3.678632082110706,3.7759950695686375
Block 3,H10,1.5,100004,2300,4.485201818813846,2300,4.485201818813846,0.001438278122411596,True,2250,-0.002385421070736804,4.386512848483981,4.448080125976942
Block 3,H10,1.5,100005,2100,3.382017960284902,2100,3.382017960284902,0.004489308297773942,True,2050,-0.0008928654693494131,3.292741442713862,3.3075518006123494
Block 3,H10,1.5,100006,850,3.4823349030016137,850,3.4823349030016137,0.0022189871195816835,True,800,-0.012042639656916876,3.330681502392231,3.4587389312470087
Block 3,H10,1.5,100007,3200,4.721566165358804,3200,4.721566165358804,0.0004346341305931922,True,3150,-0.0027172964123081123,4.632791993344012,4.709324688413927
Block 3,H10,1.5,100008,4850,4.4983128232860174,4850,4.4983128232860174,0.0034755752749004998,True,4800,-0.002721209366567834,4.353590127339694,4.417142562763813
Block 3,H10,1.5,100009,2000,4.609224380675278,2000,4.609224380675278,0.002431034525621989,True,1950,-0.0015080325144780637,4.503584475808601,4.544027659370482
Block 3,H10,1.5,100010,1200,3.6147821213168134,1200,3.6147821213168134,0.0013012612423395353,True,1150,-0.005470572329928647,3.492118434816346,3.5912113262903076
Block 3,H10,1.5,100011,1300,3.92661486096299,1300,3.92661486096299,0.00396258536588201,True,1250,-0.0015671546642996859,3.807853303865348,3.8415108948423597
Block 3,H10,1.5,100012,3250,6.517326503088502,3250,6.517326503088502,0.0020746799379947056,True,3200,-0.00030695269214398024,6.417892632690913,6.430707998848816
Block 3,H10,1.5,100013,1400,3.687284379991806,1400,3.687284379991806,0.005662266718399422,True,1350,-0.0011128942826985622,3.5747600417727106,3.5932433948101035
Block 3,H10,1.5,100014,1500,3.2534776845825593,1500,3.2534776845825593,0.002225999804800427,True,1450,-0.004807277787461928,3.1504396552530936,3.2208666252058125
Block 3,H10,1.5,100015,2100,3.876431634396039,2100,3.876431634396039,0.00481342472372015,True,2050,-0.0016143284198992802,3.764167674764691,3.792362737100464
Block 3,H10,1.5,100016,3250,5.523674344441942,3250,5.523674344441942,0.0003398912019587641,True,3200,-0.002593567616067105,5.430164688802261,5.5128396570569285
Block 3,H10,1.5,100017,1400,4.050358853614768,1400,4.050358853614768,0.005386275114758199,True,1350,-0.0002384945196021171,3.93167329412103,3.936705652303711
Block 3,H10,1.5,100018,6150,4.217810027502814,6150,4.217810027502814,0.007299692931001633,True,6100,-0.0004865856573426086,4.05150063483497,4.06189375964233
Block 3,H10,1.5,100019,4350,4.143003242264907,4350,4.143003242264907,0.0023068215930828195,True,4300,-0.005595316731525024,3.982727901216327,4.096215068939945
Block 3,H10,1.5,100020,2500,4.268436123070472,2500,4.268436123070472,0.005318824632097652,True,2450,-0.0016787065235344123,4.1207631806742295,4.156189894215986
Block 3,H10,1.5,100021,3800,4.535651498584003,3800,4.535651498584003,0.003392871478697046,True,3750,-0.0009598454082442309,4.4309164470716516,4.454012242384679
Block 3,H10,1.5,100022,7750,3.9414616125787276,7750,3.9414616125787276,0.00647254210234216,True,7700,-0.003089652528302622,3.746657541979804,3.8096009260561665
Block 3,H10,1.5,100023,1950,3.890821922709697,1950,3.890821922709697,0.00192203153863435,True,1900,-0.003096883565937958,3.7891480110079123,3.8518851284273783
Block 3,H10,1.5,100024,1200,3.6648364340437207,1200,3.6648364340437207,0.0037252757565178207,True,1150,-0.002830617487455278,3.544367132224098,3.5963817852609883
Block 3,H10,1.5,100025,1950,4.79361179180236,1950,4.79361179180236,0.0025870518781014873,True,1900,-0.0014051258460350269,4.6838830405559815,4.722504243088437
Block 3,H10,1.5,100026,1250,3.5308680269609134,1250,3.5308680269609134,0.0023752477236711478,True,1200,-0.004558320271470961,3.4119842852707065,3.490141760624589
Block 3,H10,1.5,100027,3150,4.343916451391311,3150,4.343916451391311,0.0009291316063371191,True,3100,-0.002956177977964991,4.256522497822539,4.323017091198347
Block 3,H10,1.5,100028,4700,4.198460793445373,4700,4.198460793445373,0.004290396974663491,True,4650,-0.0015364870535381492,4.06041283199887,4.096814604284589
Block 3,H10,1.5,100029,2100,4.652502616455514,2100,4.652502616455514,0.00017044443879887794,True,2050,-0.0038714547953646594,4.5480398648913605,4.648097485591478
Block 3,H10,1.5,100030,1950,3.9603648991062297,1950,3.9603648991062297,0.004603693183286239,True,1900,-0.0003421786904667101,3.8605680133336495,3.8674724315147064
Block 3,H10,1.5,100031,2800,4.7189273287231215,2800,4.7189273287231215,0.0015457089270971558,True,2750,-0.0019013155178426722,4.6255730885396975,4.677065576728378
Block 3,H10,1.5,100032,1700,4.830961922557323,1700,4.830961922557323,0.0001844833315782779,True,1650,-0.004130350723366316,4.698825843569558,4.825312364830898
Block 3,H10,1.5,100033,1400,4.079548807611912,1400,4.079548807611912,0.00016509537324704837,True,1350,-0.005866932808181069,3.9620488221922208,4.076332857127942
Block 3,H10,1.5,100034,7850,3.589515340097988,7850,3.589515340097988,0.0031090987607491627,True,7800,-0.00807238395490506,3.3831792662911875,3.532141980259723
Block 3,H10,1.5,100035,3200,3.916382308268126,3200,3.916382308268126,0.0013546115673088721,True,3150,-0.0031529432600136964,3.8270572196641344,3.889538309046994
Block 3,H10,1.5,100036,3250,5.411568455917966,3250,5.411568455917966,0.002856407233220448,True,3200,-0.00028579595036459793,5.314410779696163,5.32324765904123
Block 3,H10,1.5,100037,1050,3.08998719668681,1050,3.08998719668681,0.0010566825522291268,True,1000,-0.00922716634876286,2.950765077181476,3.075681892711423
Block 3,H10,1.5,100038,1600,4.05932177794921,1600,4.05932177794921,0.00046974763702545275,True,1550,-0.00505189083601687,3.944601806365822,4.049562095957348
Block 3,H10,1.5,100039,3600,4.381235029631016,3600,4.381235029631016,0.0031512858846070024,True,3550,-0.0028763797854796103,4.2307690212638045,4.3025708444832125
Block 3,H10,1.5,100041,1850,4.935310118361392,1850,4.935310118361392,0.001733179807844376,True,1800,-0.00297917925361757,4.816800755815338,4.891723025033744
Block 3,H10,1.5,100042,2800,4.66365031212319,2800,4.66365031212319,0.0038652933166742898,True,2750,-0.0020927244098194464,4.515562672588784,4.567577727305409
Block 3,H10,1.5,100043,2200,4.478203444963433,2200,4.478203444963433,5.8846479153551456e-05,True,2150,-0.005136706415012515,4.348532416488666,4.476734749787116
Block 3,H10,1.5,100044,8350,4.786594761708052,8350,4.786594761708052,0.002327739058388456,True,8300,-0.0034786078880060245,4.627254370865348,4.722715896947179
Block 3,H10,1.5,100045,1950,4.201072047601985,1950,4.201072047601985,0.0006979370734754298,True,1900,-0.0034016427100196367,4.097756503840329,4.183482989194624
Block 3,H10,1.5,100046,2150,4.255840072314689,2150,4.255840072314689,0.0007526576102350191,True,2100,-0.0040340729016623555,4.143046266951317,4.238104560406696
Block 3,H10,1.5,100047,1750,4.315863729486233,1750,4.315863729486233,0.007388440206193447,True,1700,-0.00016579177406716994,4.142297042567903,4.146106288698859
Block 3,H10,1.5,100048,5150,4.538425049262656,5150,4.538425049262656,0.00042770453109453044,True,5100,-0.00678352772249724,4.363305106088522,4.5280385313213865
Block 3,H10,1.5,100049,2450,3.932960321019349,2450,3.932960321019349,0.0029098758378549583,True,2400,-0.0037071481188082345,3.796476958287556,3.872940946435928
Block 3,H10,1.5,100050,4350,4.323743676947823,4350,4.323743676947823,0.002847928801120947,True,4300,-0.002415165300213129,4.206182653172611,4.260129875056303
Block 3,H10,1.5,100051,2200,4.6253163159647315,2200,4.6253163159647315,0.002759017470556735,True,2150,-0.0025494489887489813,4.492148001796312,4.5561035389543045
Block 3,H10,1.5,100052,3200,4.719671470512115,3200,4.719671470512115,0.0014486711397494467,True,3150,-0.002744340705801207,4.61281949341528,4.682754480733131
Block 3,H10,1.5,100053,1650,3.5273356378733665,1650,3.5273356378733665,0.003267619796072818,True,1600,-0.0025185768666804442,3.423453793546846,3.4686707858542554
Block 3,H10,1.5,100054,1950,5.1154432504785925,1950,5.1154432504785925,0.0033921134145527,True,1900,-0.0003720338256179012,4.998589321417837,5.010138714014123
Block 3,H10,1.5,100055,1800,4.03814707793632,1800,4.03814707793632,0.0010244402173902323,True,1750,-0.0039557851865894555,3.9330793679654574,4.0165344843462325
Block 3,H10,1.5,100056,2600,4.48727570613299,2600,4.48727570613299,0.002555236032561581,True,2550,-0.002301521251571348,4.367317237275612,4.424163183908192
Block 3,H10,1.5,100057,1650,4.100820252640194,1650,4.100820252640194,0.0016364676370668185,True,1600,-0.0036177065161777655,3.9831041333501913,4.064156332876471
Block 3,H10,1.5,100058,1300,2.941563457225996,1300,2.941563457225996,0.006352450030655987,True,1250,-0.0020684526327343633,2.835254746041013,2.861367686936193
Block 3,H10,1.5,100059,1700,4.23068228423044,1700,4.23068228423044,0.001720329230896045,True,1650,-0.0036709183672987145,4.101872502622239,4.189579510059926
Block 3,H10,1.5,100060,3250,4.904218985565721,3250,4.904218985565721,0.0031078605387273583,True,3200,-0.0011412697550285955,4.7890416158623275,4.819976993085142
Block 3,H10,1.5,100061,1750,3.573854256313546,1750,3.573854256313546,0.0010815312514269593,True,1700,-0.004516826400265295,3.4728832955249143,3.55434795529212
Block 3,H10,1.5,100062,1400,4.17059435753549,1400,4.17059435753549,0.005428777403513774,True,1350,-0.0003743560411582081,4.034134393931459,4.042937329834699
Block 3,H10,1.5,100063,1550,4.0656691626547685,1550,4.0656691626547685,0.0023570051992738428,True,1500,-0.0026786653496873036,3.946658555691476,4.009964839535559
Block 3,H10,1.5,100064,2500,5.261268150243921,2500,5.261268150243921,0.000985141584651572,True,2450,-0.002139197627995415,5.157428349668824,5.228526217077904
Block 3,H10,1.5,100065,2300,3.703630541913348,2300,3.703630541913348,0.0009892596127061282,True,2250,-0.006435828100995966,3.6141066949700007,3.6917030968015943
Block 3,H10,1.5,100066,1900,3.670362663301619,1900,3.670362663301619,0.0007773306008900249,True,1850,-0.004233917579698598,3.572101893369051,3.65512073143493
Block 3,H10,1.5,100067,1150,3.287289448974755,1150,3.287289448974755,0.00045097615047007267,True,1100,-0.008379041749022598,3.168116108815049,3.281202900250208
Block 3,H10,1.5,100068,6450,3.8962619430644634,6450,3.8962619430644634,0.006087850528221583,True,6400,-0.003375510836372886,3.708464665433182,3.775450562015066
Block 3,H10,1.5,100069,4850,4.118954636954045,4850,4.118954636954045,0.005975171592698558,True,4800,-0.002882079281784744,3.9351530840327396,3.9949606535756153
Block 3,H10,1.5,100070,2000,3.9156189285618677,2000,3.9156189285618677,0.0017987966870713912,True,1950,-0.003367158689744798,3.816846273109219,3.8812260791387336
Block 3,H10,1.5,100071,2300,4.182761301671371,2300,4.182761301671371,0.0013238498538812316,True,2250,-0.002689931272506829,4.086204895430937,4.150914476877582
Block 3,H10,1.5,100073,3100,6.009992076733107,3100,6.009992076733107,0.0013900059406957155,True,3050,-0.0008685481851022914,5.912741867413891,5.950140348079118
Block 3,H10,1.5,100074,2400,3.8696947985223353,2400,3.8696947985223353,0.002522164749065414,True,2350,-0.0028164994134805,3.771274474881372,3.8231977229766674
Block 3,H10,1.5,100075,1900,4.053619283710111,1900,4.053619283710111,0.0036417735171907495,True,1850,-0.0011415676951007647,3.9418498875549823,3.9685241987297206
Block 3,H10,1.5,100076,9700,3.791616214171399,9700,3.791616214171399,0.0024289206875911518,True,9650,-0.008599147948106012,3.584057422920797,3.745901605511083
Block 3,H10,1.5,100077,2150,4.060626839784224,2150,4.060626839784224,0.002860621761572979,True,2100,-0.0018602843844059969,3.9643289862745674,4.002275386308047
Block 3,H10,1.5,100078,7750,4.102065666506453,7750,4.102065666506453,0.006676007270804085,True,7700,-0.0019467558338033264,3.9254977035220175,3.9653613421066205
Block 3,H10,1.5,100079,7050,4.056717564811591,7050,4.056717564811591,0.008559110112983603,True,7000,-0.0006152281508193802,3.8760229204099894,3.8881402447053857
Block 3,H10,1.5,100080,2100,3.4293231770807964,2100,3.4293231770807964,0.007061479801055093,True,2050,-0.0006121574217168302,3.310347775489209,3.3198389298103828
Block 3,H10,1.5,100081,1800,3.60277718628846,1800,3.60277718628846,0.004965986041448378,True,1750,-0.004472892679729501,3.446529514610357,3.520572108812325
Block 3,H10,1.5,100082,2700,4.494574324248543,2700,4.494574324248543,0.00228537762477643,True,2650,-0.0016070748111647326,4.392640906112561,4.434726103400951
Block 3,H10,1.5,100083,1850,4.454630048775129,1850,4.454630048775129,0.0034767824350159238,True,1800,-0.002091337368455015,4.31206595854129,4.36561179085617
Block 3,H10,1.5,100084,7200,4.8265901202181904,7200,4.8265901202181904,0.001984408176720187,True,7150,-0.0037259348309097717,4.672378829727509,4.772999968911449
Block 3,H10,1.5,100085,1950,3.975204027308834,1950,3.975204027308834,8.483677385084931e-05,True,1900,-0.004967139496513617,3.873566586671997,3.973497251167254
Block 3,H10,1.5,100086,1850,3.635089167283368,1850,3.635089167283368,0.001826494839799686,True,1800,-0.0037856992747524743,3.534866393935434,3.602471553812772
Block 3,H10,1.5,100087,2650,4.384023424520354,2650,4.384023424520354,0.0030633695352046963,True,2600,-0.0013528761021492919,4.272549180514008,4.306698286588575
Block 3,H10,1.5,100088,1600,4.160855727981059,1600,4.160855727981059,0.0023031286151748986,True,1550,-0.003518055639304851,4.0488895262396225,4.116556741402048
Block 3,H10,1.5,100089,5400,4.7881886825087685,5400,4.7881886825087685,0.005667054029724117,True,5350,-0.0003567528897723271,4.623498542254895,4.633252122380848
Block 3,H35,1.3,100000,2200,6.166635707310572,2200,6.166635707310572,0.0017659467908806015,True,2150,-0.0012718132814839578,6.03568642233448,6.09051071255691
Block 3,H35,1.3,100001,3450,5.448836281644539,3450,5.448836281644539,0.0016266913750060397,True,3400,-0.0012956370714811705,5.349851686979976,5.3937372777687544
Block 3,H35,1.3,100002,2100,5.155804653206982,2100,5.155804653206982,0.003032123527787256,True,2050,-0.0006160369782111097,5.038423101091079,5.058244426535592
Block 3,H35,1.3,100003,8500,5.151048993715124,8500,5.151048993715124,0.00017323786090317483,True,8450,-0.006282168522709686,4.993623985665818,5.146824322172158
Block 3,H35,1.3,100004,3050,5.538679422243017,3050,5.538679422243017,0.00023651781734201904,True,3000,-0.0026211170794221417,5.432712476177061,5.529908857877954
Block 3,H35,1.3,100005,3950,6.129099750764815,3950,6.129099750764815,0.0017082553284542001,True,3900,-0.0006828758425254655,6.025936994450224,6.055398930704734
Block 3,H35,1.3,100006,1350,5.332391499739816,1350,5.332391499739816,0.004671012527503571,True,1300,-0.001238058115393681,5.178736037230129,5.210929660192371
Block 3,H35,1.3,100007,4100,5.7422469333351165,4100,5.7422469333351165,0.0005103705284872362,True,4050,-0.001994561960334096,5.643259383517321,5.722078594132515
Block 3,H35,1.3,100008,4950,5.704491329198833,4950,5.704491329198833,0.0007061325448591838,True,4900,-0.0028972779212872446,5.571682657414762,5.678465838551206
Block 3,H35,1.3,100009,2700,5.774994216347828,2700,5.774994216347828,0.0009035764639389043,True,2650,-0.001991003011419412,5.662227554970016,5.739792798661639
Block 3,H35,1.3,100010,1750,4.907056391932299,1750,4.907056391932299,0.0031559184146559005,True,1700,-0.0007456826149878637,4.780972540298312,4.80506996478632
Block 3,H35,1.3,100011,1800,5.068827315347894,1800,5.068827315347894,0.0005092814979157367,True,1750,-0.0032196802268265046,4.945686987005453,5.052009472875561
Block 3,H35,1.3,100012,3750,7.411796116476129,3750,7.411796116476129,0.0004511124737183181,True,3700,-0.0016497052661703648,7.297231438853017,7.387195431637071
Block 3,H35,1.3,100013,2050,4.964620387974125,2050,4.964620387974125,0.00037149510559730814,True,2000,-0.0036109191767819127,4.8486611663401336,4.953803260414968
Block 3,H35,1.3,100014,2300,4.722751904739694,2300,4.722751904739694,0.0011569424949864349,True,2250,-0.0026398120852868523,4.6116242155216565,4.688889208769301
Block 3,H35,1.3,100015,3000,5.413259949423055,3000,5.413259949423055,0.0005225578779408657,True,2950,-0.003999257860660244,5.300511540191424,5.400230323079299
Block 3,H35,1.3,100016,4050,6.5677590245826325,4050,6.5677590245826325,0.0005150737983039555,True,4000,-0.0018987584452374584,6.462983363513585,6.545401548059133
Block 3,H35,1.3,100017,1900,5.246040221529671,1900,5.246040221529671,0.0015240470923814087,True,1850,-0.002175312334445678,5.12161232976672,5.194778923349969
Block 3,H35,1.3,100018,6550,5.664688900117068,6550,5.664688900117068,0.0035073866593511305,True,6500,-0.00040841500312982504,5.518353033142691,5.533615747835569
Block 3,H35,1.3,100019,4750,5.444223968427974,4750,5.444223968427974,0.0013470771054580055,True,4700,-0.0028306636796124884,5.302814906861061,5.398627815114246
Block 3,H35,1.3,100020,2550,5.733075771279455,2550,5.733075771279455,0.002936575370715122,True,2500,-0.0006190668367600516,5.60249970606592,5.625234083410855
Block 3,H35,1.3,100021,4550,5.864090788401544,4550,5.864090788401544,0.0019182016428569426,True,4500,-0.0008552725318455856,5.757140961070635,5.790121707902924
Block 3,H35,1.3,100023,2800,5.168879382802888,2800,5.168879382802888,0.0013994248763711248,True,2750,-0.0019376229082754826,5.0581967875828955,5.122463512510345
Block 3,H35,1.3,100024,1750,4.908670238696132,1750,4.908670238696132,0.0007909055357577799,True,1700,-0.0032101581059076345,4.784974092402893,4.884218748888161
Block 3,H35,1.3,100025,2650,6.009655373670256,2650,6.009655373670256,0.0036475376762763467,True,2600,-0.00011408796442768931,5.893326710896097,5.896854893019508
Block 3,H35,1.3,100026,1850,4.825067221577556,1850,4.825067221577556,0.0011839525963459607,True,1800,-0.0028285429829644215,4.703095993345672,4.789077611248947
Block 3,H35,1.3,100027,4200,5.633737160391739,4200,5.633737160391739,0.0004171989286159139,True,4150,-0.002266412295124809,5.535628587663136,5.618485028835456
Block 3,H35,1.3,100028,5400,5.416383393841846,5400,5.416383393841846,0.002176677596084531,True,5350,-0.0014230600237317148,5.2854821025396825,5.337230428218063
Block 3,H35,1.3,100029,2800,5.884868787451816,2800,5.884868787451816,0.0006941042191379587,True,2750,-0.002197619063237788,5.772237224388016,5.857833682257913
Block 3,H35,1.3,100030,2900,5.418233677805805,2900,5.418233677805805,0.000828007263427466,True,2850,-0.0032463885838516227,5.3119097166185485,5.396626299573712
Block 3,H35,1.3,100031,3650,5.8216003436014105,3650,5.8216003436014105,0.0005154994714779981,True,3600,-0.0020664131682042175,5.718557033948411,5.801026924172315
Block 3,H35,1.3,100032,2000,5.736123614379592,2000,5.736123614379592,0.0019567272974239103,True,1950,-0.001500013626339669,5.59777637370219,5.6578105940153085
Block 3,H35,1.3,100033,2050,5.49756631227402,2050,5.49756631227402,0.0034939050315854203,True,2000,-0.00115298150719223,5.376045953871093,5.406197481096202
Block 3,H35,1.3,100034,10350,4.999020564386379,10350,4.999020564386379,0.004183261308648323,True,10300,-0.0007388643190275879,4.836512934202306,4.860907087987738
Block 3,H35,1.3,100035,4200,5.151836329480397,4200,5.151836329480397,0.000384687135824624,True,4150,-0.0026206508229145165,5.055653277588773,5.13952477475509
Block 3,H35,1.3,100036,4150,6.715855144048001,4150,6.715855144048001,0.002042242067584965,True,4100,-0.00022561953659572254,6.607406609154223,6.618195675004676
Block 3,H35,1.3,100037,1700,4.455751414500226,1700,4.455751414500226,0.001709780860232435,True,1650,-0.0038442132788523153,4.326563145783585,4.415981183620098
Block 3,H35,1.3,100038,2250,5.41636495809581,2250,5.41636495809581,0.002687956942176495,True,2200,-0.0006647412644444906,5.295190579020027,5.319215887890966
Block 3,H35,1.3,100039,4000,5.566745981910747,4000,5.566745981910747,0.002089742688294649,True,3950,-0.0016086043212490964,5.427192567120362,5.487891637677447
Block 3,H35,1.3,100041,2450,6.391154761799275,2450,6.391154761799275,0.000984567168669237,True,2400,-0.0020468761389427215,6.2667173301142265,6.350739356542321
Block 3,H35,1.3,100042,3100,5.849843662880644,3100,5.849843662880644,0.0008611099045268134,True,3050,-0.002813674367301733,5.7093826299085375,5.8169295167035235
Block 3,H35,1.3,100043,2800,5.642129960924442,2800,5.642129960924442,0.0018189992545671885,True,2750,-0.0015225570257646481,5.5142766361886935,5.572532120015065
Block 3,H35,1.3,100044,4900,5.981056280858839,4900,5.981056280858839,0.0037060908753434596,True,4850,-0.00010505835589480483,5.821164518666486,5.825572104052901
Block 3,H35,1.3,100045,2650,5.240638681987408,2650,5.240638681987408,0.0003481250950736481,True,2600,-0.002757548704877877,5.131416966061379,5.228395663985501
Block 3,H35,1.3,100046,2750,5.2487390507521905,2750,5.2487390507521905,7.050827947896465e-05,True,2700,-0.0033128306566334587,5.134899481250745,5.246366651080227
Block 3,H35,1.3,100047,1850,5.461519933124656,1850,5.461519933124656,0.003081853395924039,True,1800,-0.001050401268840595,5.30645546107841,5.345872179408559
Block 3,H35,1.3,100048,3900,5.893576259306595,3900,5.893576259306595,0.0018439300922210577,True,3850,-0.0018749102379644889,5.745786261205964,5.820296849428449
Block 3,H35,1.3,100049,3050,5.0674286594311955,3050,5.0674286594311955,0.0003865263017996945,True,3000,-0.003540149754140298,4.941609859251182,5.055043559454107
Block 3,H35,1.3,100050,5100,5.677329631468396,5100,5.677329631468396,0.0016723734746926233,True,5050,-0.0017359444082791775,5.562530808065395,5.621000816558179
Block 3,H35,1.3,100051,2650,5.925548287440161,2650,5.925548287440161,0.0006372757459387479,True,2600,-0.002741551859889224,5.793043537272679,5.900556759799698
Block 3,H35,1.3,100052,3700,6.043624372336159,3700,6.043624372336159,0.0023357940309485237,True,3650,-0.00022299294451633145,5.93841834359702,5.947586829428142
Block 3,H35,1.3,100053,3100,6.266758453423385,3100,6.266758453423385,0.001021844768580138,True,3050,-0.0015917860421224006,6.1521528360829,6.221951378893301
Block 3,H35,1.3,100054,2500,6.234093872289346,2500,6.234093872289346,0.0016905980844530433,True,2450,-0.0011458414767138159,6.109668898401181,6.159933073873844
Block 3,H35,1.3,100055,2500,5.202290861270942,2500,5.202290861270942,0.0021051911627862907,True,2450,-0.0012204369921695601,5.092367893327072,5.132707357066532
Block 3,H35,1.3,100056,3250,5.655628674212592,3250,5.655628674212592,0.0018978603359651736,True,3200,-0.0012824249540424049,5.5359808984759,5.584227920144839
Block 3,H35,1.3,100057,2300,5.367605783565497,2300,5.367605783565497,0.0028444266254159523,True,2250,-0.0005563114493223331,5.246511834608152,5.266321049186905
Block 3,H35,1.3,100058,2050,4.247633860237615,2050,4.247633860237615,0.00042585397992400686,True,2000,-0.003923638648057004,4.139083015488868,4.237005767902665
Block 3,H35,1.3,100059,2350,5.660278804861737,2350,5.660278804861737,0.0030345726830014463,True,2300,-0.00021830691497326526,5.531229449755136,5.539890196562411
Block 3,H35,1.3,100060,3750,6.069889609137914,3750,6.069889609137914,0.0008192306946761541,True,3700,-0.0019916748518684635,5.953843392583902,6.036068258321289
Block 3,H35,1.3,100061,2600,4.794673253195867,2600,4.794673253195867,0.002465153975880874,True,2550,-0.0009026264330440625,4.6894453483794685,4.71764834170095
Block 3,H35,1.3,100062,1900,5.289403383313212,1900,5.289403383313212,0.0027497186236051796,True,1850,-0.0011005381081421461,5.1544812450834065,5.193046713596083
Block 3,H35,1.3,100063,2100,5.307507433554366,2100,5.307507433554366,0.0026697383691605125,True,2050,-0.0007001985080146156,5.18052997326755,5.206913087101671
Block 3,H35,1.3,100064,3300,6.643008310550325,3300,6.643008310550325,0.0016026569842644278,True,3250,-0.0006486032657706531,6.528302123272684,6.561349749672705
Block 3,H35,1.3,100065,3500,5.43781915691309,3500,5.43781915691309,0.0021564937928149064,True,3450,-0.0016787437545282557,5.337626736154737,5.381482533487466
Block 3,H35,1.3,100066,2600,4.782084789634923,2600,4.782084789634923,0.00038750810795651347,True,2550,-0.0030376925445492198,4.6759735397741,4.770079954345525
Block 3,H35,1.3,100067,1950,5.023786009005069,1950,5.023786009005069,0.0003627944344160028,True,1900,-0.004917187818862079,4.902552084817797,5.015455868703888
Block 3,H35,1.3,100068,8950,5.212833738933168,8950,5.212833738933168,0.0035594024355911635,True,8900,-0.0013652018906626928,5.046858878315392,5.092870532959377
Block 3,H35,1.3,100069,5050,5.351323391824279,5050,5.351323391824279,0.0016588287343233254,True,5000,-0.0031272312700401095,5.193707128447091,5.296694242493016
Block 3,H35,1.3,100070,2900,5.2792597182467205,2900,5.2792597182467205,0.002152517781964125,True,2850,-0.0010119332852163154,5.1737016968974645,5.207457211853195
Block 3,H35,1.3,100071,3100,5.390647562364122,3100,5.390647562364122,0.0026011211997252204,True,3050,-0.00016811423290530314,5.284554044249637,5.2909947499418575
Block 3,H35,1.3,100073,3750,6.907382474651116,3750,6.907382474651116,0.0013890605156654523,True,3700,-0.0006986574586940186,6.796952033113217,6.833907719942037
Block 3,H35,1.3,100074,3350,5.23103711948567,3350,5.23103711948567,0.001484174184183118,True,3300,-0.002765600299817539,5.128344656664898,5.195173215929711
Block 3,H35,1.3,100075,2650,5.237253080220461,2650,5.237253080220461,0.002724295343293548,True,2600,-0.0005204810662711168,5.122981660468773,5.141311462861737
Block 3,H35,1.3,100077,3100,5.451410565266851,3100,5.451410565266851,0.00048068584442173545,True,3050,-0.002448026897211797,5.347512246422334,5.434357868217457
Block 3,H35,1.3,100078,7750,5.365176050614657,7750,5.365176050614657,0.0024048569874226544,True,7700,-0.002124623948436266,5.2114651192762285,5.283565638183952
Block 3,H35,1.3,100079,6950,5.346432564657668,6950,5.346432564657668,0.004243554047171472,True,6900,-0.0003111237209871831,5.1963332871318455,5.206586360591354
Block 3,H35,1.3,100080,2950,4.957151802682514,2950,4.957151802682514,0.002794283966698785,True,2900,-0.0021933508848119843,4.842560550010438,4.892952936967931
Block 3,H35,1.3,100081,2450,5.209598295179182,2450,5.209598295179182,0.003447766975638089,True,2400,-0.0021823299220167236,5.069270256719391,5.12366400567179
Block 3,H35,1.3,100082,3500,5.59559518115971,3500,5.59559518115971,0.001825309168420386,True,3450,-0.0010589125159885526,5.4886551676927215,5.527917100758517
Block 3,H35,1.3,100083,2500,5.547417046233143,2500,5.547417046233143,0.0007261462084602321,True,2450,-0.0031568426422863283,5.406240757440029,5.521016087906442
Block 3,H35,1.3,100084,6850,5.918127545274209,6850,5.918127545274209,0.00034092385999962005,True,6800,-0.0033961492746841238,5.769953913658773,5.90461003447902
Block 3,H35,1.3,100085,2750,5.183358066656534,2750,5.183358066656534,0.0014624920721106882,True,2700,-0.0017747954803257748,5.076420926679097,5.135047647239672
Block 3,H35,1.3,100086,2700,4.959681724071331,2700,4.959681724071331,0.0022672088986079864,True,2650,-0.0011192938217607917,4.8541531732639855,4.889032062989244
Block 3,H35,1.3,100087,3450,5.515300853894846,3450,5.515300853894846,6.379200446549049e-05,True,3400,-0.002989003169046711,5.400991722106064,5.512912220452031
Block 3,H35,1.3,100088,2350,5.610586366750259,2350,5.610586366750259,0.00257342011721029,True,2300,-0.0014060796306170076,5.4930371446972055,5.534570899489856
Block 3,H35,1.3,100089,4050,5.827944897653079,4050,5.827944897653079,0.0005711659161455884,True,4000,-0.00327630139407864,5.677485677716125,5.805608859093512
Block 3,H35,1.5,100000,1100,3.2550528915949157,1100,3.2550528915949157,0.006098789696811213,True,1050,-0.007872224855355547,3.1022231961579663,3.1883378961722597
Block 3,H35,1.5,100001,1700,2.8702916746856415,1700,2.8702916746856415,0.002643094729246176,True,1650,-0.007379906236636202,2.7841846666472314,2.8475850043109525
Block 3,H35,1.5,100002,950,2.737317727016147,950,2.737317727016147,0.007003802716205154,True,900,-0.007185554945286388,2.6208888654733626,2.679848967952369
Block 3,H35,1.5,100003,8100,2.864606348302304,8100,2.864606348302304,0.017511040614296647,True,8050,-0.01844783360966895,2.6182934382995744,2.7446583392512096
Block 3,H35,1.5,100004,1450,2.908412510484934,1450,2.908412510484934,0.00019239105238355592,True,1400,-0.010064360066712297,2.8120980541153004,2.9066058916632875
Block 3,H35,1.5,100005,2000,3.1831390204691257,2000,3.1831390204691257,0.0016961442877407862,True,1950,-0.0062677465243417,3.0971965247966384,3.164835043612999
Block 3,H35,1.5,100006,650,2.775726287585018,650,2.775726287585018,0.00219376220899159,True,600,-0.022713469984534385,2.618018060598974,2.7618357699345273
Block 3,H35,1.5,100007,2150,3.0221108389865265,2150,3.0221108389865265,0.0024475747659011837,True,2100,-0.005406723541823588,2.942115068534237,2.9971823703357647
Block 3,H35,1.5,100008,4000,3.095864846921709,4000,3.095864846921709,0.010510436861483452,True,3950,-0.00794384023395489,2.915208116736491,2.992973731415313
Block 3,H35,1.5,100009,1250,3.0704380110702787,1250,3.0704380110702787,0.004712501970082883,True,1200,-0.005938079279310671,2.96335341422007,3.023056899954782
Block 3,H35,1.5,100010,800,2.622601470351337,800,2.622601470351337,0.011233644588895864,True,750,-0.0048757820837646015,2.494183357387838,2.5330512045894342
Block 3,H35,1.5,100011,800,2.726440035975071,800,2.726440035975071,0.007259619485081803,True,750,-0.0071290365613645434,2.6016540213914126,2.663480786687785
Block 3,H35,1.5,100012,1900,3.8832179180371953,1900,3.8832179180371953,0.0035396456631966444,True,1850,-0.003564068319959368,3.7835359907141504,3.833548308226787
Block 3,H35,1.5,100013,950,2.701370813277701,950,2.701370813277701,0.009016608436781315,True,900,-0.005833922948756953,2.5851730951101493,2.6308205212535003
Block 3,H35,1.5,100014,1450,3.0470905016206387,1450,3.0470905016206387,0.006831341056592333,True,1400,-0.004154956051165115,2.928221840751721,2.9731773027173785
Block 3,H35,1.5,100015,1650,2.869564955563876,1650,2.869564955563876,0.0017749803953397425,True,1600,-0.017029069357156423,2.7488828568550767,2.85817334779342
Block 3,H35,1.5,100016,2100,3.5142638213395374,2100,3.5142638213395374,0.006403322851903148,True,2050,-0.0011804251619711437,3.426694129101201,3.4403245224047616
Block 3,H35,1.5,100017,850,2.740438129577037,850,2.740438129577037,0.0005602859846840502,True,800,-0.01442455520068453,2.615459789976174,2.7357651663336346
Block 3,H35,1.5,100018,5800,2.9446198961740224,5800,2.9446198961740224,0.003487647095897106,True,5750,-0.022658186788471646,2.714476105636988,2.9139205378649686
Block 3,H35,1.5,100019,4000,2.8674466311365983,4000,2.8674466311365983,0.0010692366161761946,True,3950,-0.025964329373912243,2.6469810387865875,2.858726735136417
Block 3,H35,1.5,100020,1600,3.0564836185389175,1600,3.0564836185389175,0.010417598187418164,True,1550,-0.007736484911375907,2.886043140089893,2.9586774991281724
Block 3,H35,1.5,100021,3000,3.0914967456157143,3000,3.0914967456157143,0.004513432157659647,True,2950,-0.006596997490738055,2.9826638327425,3.04728513685542
Block 3,H35,1.5,100023,1350,2.777691057131821,1350,2.777691057131821,0.008977307490030562,True,1300,-0.0031053142033212744,2.6716401280211817,2.6988959227320173
Block 3,H35,1.5,100024,800,2.7059202470233608,800,2.7059202470233608,0.014807675212079374,True,750,-1.5462771640883943e-06,2.5796124311197604,2.579625619314124
Block 3,H35,1.5,100025,1200,3.1782473086559175,1200,3.1782473086559175,0.007675725154122404,True,1150,-0.006573403329833916,3.064612575868374,3.1170345139350752
Block 3,H35,1.5,100026,850,2.567064054152799,850,2.567064054152799,0.004588954117384247,True,800,-0.011439569384099624,2.442159905846935,2.531304091259554
Block 3,H35,1.5,100027,2300,2.9951076389275864,2300,2.9951076389275864,0.005615012620622917,True,2250,-0.0027948410619038633,2.914127516355519,2.9410395864469003
Block 3,H35,1.5,100028,4500,2.8245095404582568,4500,2.8245095404582568,0.002354059856185753,True,4450,-0.018635645261277478,2.640255789378718,2.8038449167133948
Block 3,H35,1.5,100029,1350,3.1608705336075866,1350,3.1608705336075866,0.008554677742897088,True,1300,-0.0016765605625752578,3.054696675881346,3.072095049111015
Block 3,H35,1.5,100030,1350,2.8642618964116004,1350,2.8642618964116004,0.00047401598721652505,True,1300,-0.014080479010086133,2.7665971320357317,2.8610811155112343
Block 3,H35,1.5,100031,1850,3.0609871088372977,1850,3.0609871088372977,0.0013541363767206605,True,1800,-0.007280248564166758,2.9730530139310294,3.047196345803012
Block 3,H35,1.5,100032,1000,3.1151850982630536,1000,3.1151850982630536,0.01385355093495555,True,950,-0.0009299478393840488,2.9552990221255455,2.965356567590341
Block 3,H35,1.5,100033,900,2.9251807231586797,900,2.9251807231586797,0.008364948042844045,True,850,-0.009868476109728519,2.8017877799077895,2.86857174228321
Block 3,H35,1.5,100034,10200,2.642133159079244,10200,2.642133159079244,0.009544461193455867,True,10150,-0.02590652187369935,2.365289488510589,2.567598592142383
Block 3,H35,1.5,100035,2500,2.7260638391002807,2500,2.7260638391002807,0.002100349032261306,True,2450,-0.00840148825898579,2.638540283675955,2.7085592815797823
Block 3,H35,1.5,100036,2200,3.4714282818130906,2200,3.4714282818130906,0.0016131109996835313,True,2150,-0.006528290479087762,3.3752801358212303,3.452377798637305
Block 3,H35,1.5,100037,800,2.445576269542103,800,2.445576269542103,0.0179527531358894,True,750,-0.00590387688569205,2.2970165781671574,2.333781122332056
Block 3,H35,1.5,100038,1050,2.837780051215114,1050,2.837780051215114,0.005939426697493921,True,1000,-0.007511218091080796,2.715244141679494,2.783671637534027
Block 3,H35,1.5,100039,3250,2.951926398470024,3250,2.951926398470024,0.0070430430518957365,True,3200,-0.014943044293496577,2.7453464835298784,2.885750402180929
Block 3,H35,1.5,100041,1200,3.3591191073470537,1200,3.3591191073470537,0.003005629447750291,True,1150,-0.009801331929345292,3.2262064898796465,3.3279262220657673
Block 3,H35,1.5,100042,2150,3.127508344040375,2150,3.127508344040375,0.007261047473920534,True,2100,-0.013011949797324451,2.9295055573656676,3.0565909747546383
Block 3,H35,1.5,100043,1700,3.0545449548781276,1700,3.0545449548781276,0.012761953425139527,True,1650,-0.0024643626796985174,2.898832315274946,2.92403423641945
Block 3,H35,1.5,100044,5600,3.1983102897302143,5600,3.1983102897302143,0.012719875914926515,True,5550,-0.011331374875649836,2.944104949024802,3.0638698642055933
Block 3,H35,1.5,100045,1250,2.8189070918028913,1250,2.8189070918028913,0.006740866836404624,True,1200,-0.004193860853803244,2.716272524143228,2.7556365675606367
Block 3,H35,1.5,100046,1500,2.8214680955185876,1500,2.8214680955185876,0.005803731977935822,True,1450,-0.00805428808161901,2.6988925971000115,2.770133537131019
Block 3,H35,1.5,100047,1200,2.886951217571974,1200,2.886951217571974,0.009466241527741115,True,1150,-0.018452066763246844,2.6415696026156503,2.8037498427095313
Block 3,H35,1.5,100048,5500,3.0948688955505608,5500,3.0948688955505608,0.003870285752128666,True,5450,-0.024297390513055905,2.8282596629288377,3.0582363418145895
Block 3,H35,1.5,100049,2050,2.7490221594194413,2050,2.7490221594194413,0.008504126175826077,True,2000,-0.011565315339507443,2.580357325293985,2.6775529543729637
Block 3,H35,1.5,100050,3750,3.0548809464985567,3750,3.0548809464985567,0.011863955303601958,True,3700,-0.004968594636746815,2.925210810549263,2.963486552745608
Block 3,H35,1.5,100051,1650,3.0831814455968782,1650,3.0831814455968782,0.0008717008650647173,True,1600,-0.016334561321825092,2.916768337498636,3.07475065169686
Block 3,H35,1.5,100052,1900,3.174155503207272,1900,3.174155503207272,0.004448487116296196,True,1850,-0.004459504271160153,3.080847702567046,3.1275593031275926
Block 3,H35,1.5,100053,1550,3.3172664430312313,1550,3.3172664430312313,0.007414806726624867,True,1500,-0.0014817059923033504,3.215175671346011,3.2321787952602867
Block 3,H35,1.5,100054,1200,3.339995103862486,1200,3.339995103862486,0.010237445031765269,True,1150,-0.0008158131620872311,3.211837092554822,3.221296112747607
Block 3,H35,1.5,100055,1150,2.7657908704892886,1150,2.7657908704892886,0.005445330774104473,True,1100,-0.007164429112908266,2.6587631365601307,2.719572590484817
Block 3,H35,1.5,100056,1950,2.9910537872098795,1950,2.9910537872098795,0.006819816616161045,True,1900,-0.007126020176196679,2.8566853441622047,2.925344704690974
Block 3,H35,1.5,100057,1150,2.8652738452213145,1150,2.8652738452213145,0.01012580687101794,True,1100,-0.005411057738704983,2.7328681185459365,2.778981349881383
Block 3,H35,1.5,100058,950,2.255657759093325,950,2.255657759093325,0.0023536200374212335,True,900,-0.014504643650633753,2.148149903615205,2.240648346053192
Block 3,H35,1.5,100059,1150,3.010752194704452,1150,3.010752194704452,0.013255541246185665,True,1100,-0.0002555234273620144,2.8695950801194914,2.8722646661652083
Block 3,H35,1.5,100060,2350,3.213809423296705,2350,3.213809423296705,0.00444362991744196,True,2300,-0.007643955183681328,3.085580811217336,3.166670107036173
Block 3,H35,1.5,100061,1200,2.541921134992864,1200,2.541921134992864,0.00623010667332613,True,1150,-0.006104819322000132,2.4426997285443734,2.4918065297908734
Block 3,H35,1.5,100062,900,2.8062044021822983,900,2.8062044021822983,0.009880083387034944,True,850,-0.007119897112439322,2.6520304550995917,2.7166012727356166
Block 3,H35,1.5,100063,1000,2.7837420112553506,1000,2.7837420112553506,0.006743058698802873,True,950,-0.006209947718214259,2.6601219088443333,2.719388024229266
Block 3,H35,1.5,100064,1600,3.442541287388469,1600,3.442541287388469,0.0022376499898371094,True,1550,-0.006178759394101174,3.336045462735793,3.41422750533712
Block 3,H35,1.5,100065,1800,2.896723209848739,1800,2.896723209848739,0.0074585609975947875,True,1750,-0.005064616145629586,2.810199102043189,2.8451911322897048
Block 3,H35,1.5,100066,1250,2.541167755606999,1250,2.541167755606999,0.0047656729659562025,True,1200,-0.007084872708835732,2.445249544659972,2.502594441145582
Block 3,H35,1.5,100067,900,2.6907563526034326,900,2.6907563526034326,0.0038759007551338875,True,850,-0.01614794692829058,2.5706746180113997,2.6675128235304304
Block 3,H35,1.5,100068,8200,2.779060752040786,8200,2.779060752040786,0.010718083331472172,True,8150,-0.023735080282751397,2.497367197614435,2.691428306321526
Block 3,H35,1.5,100069,4550,2.8757086245230714,4550,2.8757086245230714,0.00802749583526463,True,4500,-0.024608173823114754,2.6096667423190754,2.810269486189037
Block 3,H35,1.5,100070,1400,2.807132829930649,1400,2.807132829930649,0.007556683023679067,True,1350,-0.00359474142871008,2.710312297855665,2.7415230888434596
Block 3,H35,1.5,100071,1500,2.7723706774806756,1500,2.7723706774806756,0.0005497577222439709,True,1450,-0.009484344016079671,2.6781079767736373,2.7672061247399613
Block 3,H35,1.5,100073,1850,3.647006481377908,1850,3.647006481377908,0.004764706273678865,True,1800,-0.002290838600978784,3.5508440177216105,3.5820666500799305
Block 3,H35,1.5,100074,1850,2.811845588179331,1850,2.811845588179331,0.008768598310857634,True,1800,-0.006912832264674318,2.7111369222884147,2.755532241423985
Block 3,H35,1.5,100075,1350,2.7516553055406,1350,2.7516553055406,0.004884112094543536,True,1300,-0.009143565316473978,2.6284059768768318,2.7087427463810707
Block 3,H35,1.5,100076,11500,2.8329384015758703,11500,2.8329384015758703,0.01818430522419945,True,11450,-0.016675520979388736,2.5349758838388725,2.677509016005876
Block 3,H35,1.5,100077,1500,2.919417978539513,1500,2.919417978539513,0.00609942345817327,True,1450,-0.0040979105373466496,2.824189627102832,2.8624581848433133
Block 3,H35,1.5,100078,7050,2.8827116964325756,7050,2.8827116964325756,0.009510153827745782,True,7000,-0.01956851796127923,2.635583711578363,2.801888708087165
Block 3,H35,1.5,100079,6550,2.817708490106652,6550,2.817708490106652,0.007239272480706216,True,6500,-0.02490639363341618,2.5656852778847905,2.7609523258927964
Block 3,H35,1.5,100080,1850,2.6046771411548777,1850,2.6046771411548777,0.0004301355343980795,True,1800,-0.023689775932211887,2.4671357875614954,2.6022243368105658
Block 3,H35,1.5,100081,1700,2.7634447019077406,1700,2.7634447019077406,0.006952327727356433,True,1650,-0.02486270539268487,2.566382450371068,2.720381997864517
Block 3,H35,1.5,100082,1900,2.9255521941481244,1900,2.9255521941481244,0.0028981793668254596,True,1850,-0.008086669432097349,2.8231106763634357,2.8985246129237945
Block 3,H35,1.5,100083,1400,3.007294696131371,1400,3.007294696131371,0.00995521814712097,True,1350,-0.00955550951488604,2.821010240399906,2.912244299941603
Block 3,H35,1.5,100084,5900,3.125250199512428,5900,3.125250199512428,0.0026284812681094394,True,5850,-0.020503177355413182,2.898237438055184,3.0994544361898027
Block 3,H35,1.5,100085,1300,2.7367505237809087,1300,2.7367505237809087,0.003631443567752246,True,1250,-0.008448739973642816,2.634713914991528,2.7060771333151328
Block 3,H35,1.5,100086,1300,2.6143396129482683,1300,2.6143396129482683,0.0045510096688494706,True,1250,-0.007966066185893794,2.5153150311475314,2.57833585021177
Block 3,H35,1.5,100087,2100,2.9613793255812957,2100,2.9613793255812957,0.008190441538454607,True,2050,-0.004245682225528569,2.8372655275630274,2.8796378741389854
Block 3,H35,1.5,100088,1050,2.9632810581653284,1050,2.9632810581653284,0.004890274604371747,True,1000,-0.012143960877347038,2.84771163064378,2.9301028015269868
Block 3,H35,1.5,100089,3200,3.0609550136773707,3200,3.0609550136773707,0.00040465235131703636,True,3150,-0.024736170128607515,2.823344486431936,3.0571305700409575
Block 3,H65,1.3,100000,1500,4.315892671900765,1500,4.315892671900765,0.0002737499700242729,True,1450,-0.006261629312338535,4.176837651892232,4.310068020275451
Block 3,H65,1.3,100001,2750,4.124613517330572,2750,4.124613517330572,0.003662867271921666,True,2700,-0.0018733585314425483,4.036080211395617,4.066038278476132
Block 3,H65,1.3,100002,1500,3.89100581740997,1500,3.89100581740997,0.001625521176547462,True,1450,-0.006187984523981616,3.774633358618213,3.8667956992654235
Block 3,H65,1.3,100003,8400,4.109392703891228,8400,4.109392703891228,0.0012480749580929817,True,8350,-0.01004561706913254,3.928266304810631,4.08937628035169
Block 3,H65,1.3,100004,2300,4.006651108971931,2300,4.006651108971931,0.0010396500340825732,True,2250,-0.003908296137031364,3.9108410922338823,3.9865197486615296
Block 3,H65,1.3,100005,2450,3.4994306961353767,2450,3.4994306961353767,0.004742103736413039,True,2400,-0.0007368257206135098,3.4140666232685395,3.4255466842910347
Block 3,H65,1.3,100006,1150,4.2032272151309575,1150,4.2032272151309575,0.007232455013038486,True,1100,-0.0018029678290831797,4.04966926273015,4.080310888796378
Block 3,H65,1.3,100007,3150,4.151503888913541,3150,4.151503888913541,0.003999052557681626,True,3100,-9.147853939639461e-05,4.066345740873692,4.068250174018315
Block 3,H65,1.3,100008,4150,4.257614453007164,4150,4.257614453007164,0.006466405195439506,True,4100,-2.6508041163442186e-05,4.122093970792279,4.122647248248812
Block 3,H65,1.3,100009,2000,4.280605352864429,2000,4.280605352864429,0.004788365708644271,True,1950,-0.00025621446434742623,4.174172907029401,4.179578615961297
Block 3,H65,1.3,100010,1250,3.8119461223447733,1250,3.8119461223447733,0.003598275760696268,True,1200,-0.0045056802755540915,3.6839610943298475,3.7551188861186473
Block 3,H65,1.3,100011,1300,3.9117959898644186,1300,3.9117959898644186,0.0031310206415486874,True,1250,-0.004766670789211336,3.788306728986252,3.8628389714484785
Block 3,H65,1.3,100012,2650,5.022038139805456,2650,5.022038139805456,0.000684664426355841,True,2600,-0.003359413770659181,4.917785200741386,5.004388065983219
Block 3,H65,1.3,100013,1550,3.9167839703683525,1550,3.9167839703683525,0.003787373922628401,True,1500,-0.003985411852448273,3.8018937000344306,3.860802443742253
Block 3,H65,1.3,100014,1900,3.6331858846585185,1900,3.6331858846585185,0.0013622628449798668,True,1850,-0.004454362191230299,3.533452621294713,3.6098281955788
Block 3,H65,1.3,100015,2400,4.282386081495748,2400,4.282386081495748,0.0013744830589583756,True,2350,-0.0052058524527005545,4.172456726086963,4.259424328797291
Block 3,H65,1.3,100016,3100,4.7242247220209865,3100,4.7242247220209865,0.0038856613493418735,True,3050,-0.0001378302807895082,4.632428168505163,4.635572786640278
Block 3,H65,1.3,100017,1350,3.9244075402262943,1350,3.9244075402262943,0.0009525376168642019,True,1300,-0.007164455958620586,3.80054819301785,3.9098725173364626
Block 3,H65,1.3,100018,5900,4.185563763936668,5900,4.185563763936668,0.004582143031777619,True,5850,-0.0037924594169824744,4.015606027272204,4.0925718083759515
Block 3,H65,1.3,100019,4350,4.169712306075538,4350,4.169712306075538,0.00797055673344138,True,4300,-5.0320579281670774e-05,4.014902236220196,4.015873468180246
Block 3,H65,1.3,100020,2750,4.331410972417675,2750,4.331410972417675,0.00036657016950059074,True,2700,-0.008146623349863713,4.188006260887413,4.325236099346452
Block 3,H65,1.3,100021,3700,4.228745794156657,3700,4.228745794156657,0.0004825882520211877,True,3650,-0.0043929223605667644,4.1302153281646445,4.218993042264137
Block 3,H65,1.3,100023,2450,4.062418012887564,2450,4.062418012887564,0.004156300910840738,True,2400,-0.0015953563498687373,3.968013289599111,3.9941986424337923
Block 3,H65,1.3,100024,1300,3.7535790054407703,1300,3.7535790054407703,0.002328939812690667,True,1250,-0.006047492689163381,3.6311807876786992,3.719548040315059
Block 3,H65,1.3,100025,2000,4.548230770118165,2000,4.548230770118165,0.00336469393101968,True,1950,-0.0026210025355490885,4.4370525090791055,4.485734981654992
Block 3,H65,1.3,100026,1300,3.6541009795987134,1300,3.6541009795987134,0.0005705480805602292,True,1250,-0.00813741164844739,3.5307497264327936,3.6460189692405263
Block 3,H65,1.3,100027,3350,4.213387643611673,3350,4.213387643611673,0.0010923051360043345,True,3300,-0.004016598809197802,4.127193810207866,4.194959039760685
Block 3,H65,1.3,100028,5050,4.105239633489691,5050,4.105239633489691,0.0050917283801670266,True,5000,-0.003356230898928114,3.9643357042849496,4.020314444872343
Block 3,H65,1.3,100029,2100,4.29133259469628,2100,4.29133259469628,0.0005812072908155663,True,2050,-0.00554592111560126,4.18660086485163,4.281397949797752
Block 3,H65,1.3,100030,2350,4.287879114156268,2350,4.287879114156268,0.003234525907444663,True,2300,-0.0025449807125563773,4.189082227925698,4.232587008947539
Block 3,H65,1.3,100031,2750,4.162641262230714,2750,4.162641262230714,0.00022952420127619888,True,2700,-0.004203568035198391,4.072070499562287,4.157951943612571
Block 3,H65,1.3,100032,1600,4.111431447992624,1600,4.111431447992624,0.005362492668782082,True,1550,-0.0011628675420816137,3.9778623651294605,4.001665365434117
Block 3,H65,1.3,100033,1600,4.269466097926718,1600,4.269466097926718,0.0019909378793734334,True,1550,-0.00511139097474933,4.151823342394134,4.236488264453444
Block 3,H65,1.3,100035,3500,3.9525586039394085,3500,3.9525586039394085,0.004219388537414659,True,3450,-0.0013283970967878922,3.866396417389496,3.8870276396487267
Block 3,H65,1.3,100036,3150,4.729170429589738,3150,4.729170429589738,0.0030633367162606895,True,3100,-0.0009295309628254422,4.631890634373843,4.654537160374221
Block 3,H65,1.3,100037,1450,3.724730788159939,1450,3.724730788159939,0.006674364271465727,True,1400,-0.002336821343852602,3.593435164071299,3.627483338176516
Block 3,H65,1.3,100038,1750,3.9424748759694395,1750,3.9424748759694395,0.003122655366023075,True,1700,-0.002638319913886189,3.8309104281323543,3.882002941137363
Block 3,H65,1.3,100039,3650,4.225141387130758,3650,4.225141387130758,0.007149152693293193,True,3600,-0.0016797173542557609,4.0711022325766395,4.100408614904837
Block 3,H65,1.3,100041,1800,4.839058492844894,1800,4.839058492844894,0.005000536481286844,True,1750,-0.0013996972175704947,4.714080109155573,4.7414122198467235
Block 3,H65,1.3,100042,2450,4.297758766395621,2450,4.297758766395621,0.004697574546348893,True,2400,-0.004183828106204324,4.138328948471254,4.213432733232915
Block 3,H65,1.3,100043,1900,4.030951527651794,1900,4.030951527651794,0.0014345237248623022,True,1850,-0.00478658751013894,3.9095468877210244,4.002956876903676
Block 3,H65,1.3,100044,3000,4.229868625984809,3000,4.229868625984809,0.004180119236651958,True,2950,-0.005860765922203193,4.020133518629763,4.142553838196114
Block 3,H65,1.3,100045,2000,3.8720642064310016,2000,3.8720642064310016,0.0037630057230080283,True,1950,-0.0017459493173710428,3.7709920562332355,3.8030247830116464
Block 3,H65,1.3,100046,2150,3.986696048211562,2150,3.986696048211562,0.0021450071524315995,True,2100,-0.0047774544012524345,3.877998574681301,3.9530148415532786
Block 3,H65,1.3,100047,1750,4.072868242339925,1750,4.072868242339925,0.007301354643999058,True,1700,-0.003203360135779043,3.903670394448285,3.955266430357709
Block 3,H65,1.3,100048,4550,4.376966766670686,4550,4.376966766670686,0.00727729942120936,True,4500,-0.0009000974476842671,4.199224211656638,4.218788581917497
Block 3,H65,1.3,100049,2450,3.9044705762231957,2450,3.9044705762231957,0.006487385074978924,True,2400,-0.0016151517854852138,3.7802562387122927,3.8050170034540782
Block 3,H65,1.3,100050,4100,4.321327549235642,4100,4.321327549235642,0.0005529240081845188,True,4050,-0.005409641582007296,4.216139505582122,4.311573192016383
Block 3,H65,1.3,100051,2000,4.347213239433533,2000,4.347213239433533,0.003412897944646165,True,1950,-0.004001535875578277,4.218958633748987,4.288177055316789
Block 3,H65,1.3,100052,2950,4.2898797129748525,2950,4.2898797129748525,0.0012358796434468466,True,2900,-0.0034409115089468756,4.190821274355198,4.26370272456283
Block 3,H65,1.3,100053,1850,3.752775798762437,1850,3.752775798762437,0.006662225087598728,True,1800,-0.00015063484925859072,3.6477147236034675,3.6500376627752975
Block 3,H65,1.3,100054,1750,4.434708663220438,1750,4.434708663220438,0.0027144313325542235,True,1700,-0.0028847394880116006,4.310023646679131,4.374262406721773
Block 3,H65,1.3,100055,2050,3.9787025913611473,2050,3.9787025913611473,0.005559911762045289,True,2000,-0.0008739123610856936,3.8780907525185,3.8917569528922464
Block 3,H65,1.3,100056,2550,4.169539857057706,2550,4.169539857057706,0.003926517808663377,True,2500,-0.003080611553730961,4.051197619044979,4.103225553290482
Block 3,H65,1.3,100057,1750,4.084224457410933,1750,4.084224457410933,0.00034941896606222045,True,1700,-0.006881262429295099,3.9650247795429534,4.07846419417733
Block 3,H65,1.3,100058,1700,3.5545760500404517,1700,3.5545760500404517,0.005521738926580699,True,1650,-0.0020168633613462106,3.449595756973984,3.4776819855164067
Block 3,H65,1.3,100059,1950,4.014589177362968,1950,4.014589177362968,0.00037790550851823923,True,1900,-0.005595263305139042,3.8955210540184773,4.007056073728272
Block 3,H65,1.3,100060,2900,4.3519015969754795,2900,4.3519015969754795,0.00240606904100904,True,2850,-0.0026717162788645332,4.24206234939416,4.299855124656378
Block 3,H65,1.3,100061,2000,3.5435953864293963,2000,3.5435953864293963,0.0018109921416700203,True,1950,-0.0037917440356727283,3.4478789193602677,3.512656615763807
Block 3,H65,1.3,100062,1450,4.021515145332255,1450,4.021515145332255,0.005587994092532522,True,1400,-0.002783922890966739,3.8851590998569963,3.93050172772448
Block 3,H65,1.3,100063,1450,3.8104575554891382,1450,3.8104575554891382,0.0022248295679321295,True,1400,-0.004449378825897021,3.681375142735079,3.7674282774610837
Block 3,H65,1.3,100064,2400,4.658028527312124,2400,4.658028527312124,0.002734368181849245,True,2350,-0.0014535170509240025,4.551530943614614,4.588493764986877
Block 3,H65,1.3,100065,2800,4.2272444266288165,2800,4.2272444266288165,0.0027434942935089524,True,2750,-0.002666742779109388,4.1362064029253585,4.181079666162619
Block 3,H65,1.3,100066,1900,3.679177441693153,1900,3.679177441693153,0.0013611119653407222,True,1850,-0.005552964403533256,3.57677731626584,3.6590188509377826
Block 3,H65,1.3,100067,1450,4.126425533911779,1450,4.126425533911779,0.0061007665503800546,True,1400,-0.0015488285776279476,4.001777531645718,4.027015257933617
Block 3,H65,1.3,100068,10650,3.9828807602529577,10650,3.9828807602529577,0.0033060244396954097,True,10600,-0.009945274125556125,3.777528832620512,3.9316481593008
Block 3,H65,1.3,100069,4800,4.259581737041492,4800,4.259581737041492,0.008543285889961005,True,4750,-0.002420809315441197,4.078201283507337,4.118249046986998
Block 3,H65,1.3,100070,2300,4.0923587673897295,2300,4.0923587673897295,0.003083118793028916,True,2250,-0.002946684339007355,3.9946699770759193,4.042409185506273
Block 3,H65,1.3,100071,2400,3.82766356005357,2400,3.82766356005357,0.00195380999190764,True,2350,-0.002785396969112952,3.734889172004902,3.7894159106359617
Block 3,H65,1.3,100072,8850,4.357381755409592,8850,4.357381755409592,0.008189879732861005,True,8800,-0.0005771311141007374,4.163738961025747,4.176486439454961
Block 3,H65,1.3,100073,2750,4.767676279208481,2750,4.767676279208481,0.0019866261007948083,True,2700,-0.001940704268613036,4.668940298307914,4.717731034399799
Block 3,H65,1.3,100074,2800,4.198623750573483,2800,4.198623750573483,0.0025722764462448033,True,2750,-0.003315478653342474,4.1031950561048065,4.156932311489192
Block 3,H65,1.3,100075,2050,3.9473507619790134,2050,3.9473507619790134,0.0033278106182232925,True,2000,-0.003579641072870121,3.8377294821362122,3.8945383971072505
Block 3,H65,1.3,100076,9350,3.9134716603773647,9350,3.9134716603773647,0.007362303147522287,True,9300,-0.006275119227487469,3.7062494364183842,3.8016006051488156
Block 3,H65,1.3,100077,2500,4.066237138850331,2500,4.066237138850331,0.0017676044774135313,True,2450,-0.003931528704345322,3.9736171147411503,4.037510740625854
Block 3,H65,1.3,100078,6950,4.010088305725965,6950,4.010088305725965,0.004360116802883951,True,6900,-0.005489128849477609,3.8253239068617573,3.928295812321211
Block 3,H65,1.3,100079,2850,4.1030771239856,2850,4.1030771239856,0.0020929666093234545,True,2800,-0.0033501269760569663,4.017018225076735,4.069985941733071
Block 3,H65,1.3,100080,2550,4.004240553423115,2550,4.004240553423115,0.001726232735935529,True,2500,-0.005669750848528388,3.8896789506362195,3.977501717843842
Block 3,H65,1.3,100081,2150,4.196121306875758,2150,4.196121306875758,0.0052981012511841286,True,2100,-0.0036221996052416827,4.045593624162802,4.106717270290504
Block 3,H65,1.3,100082,2750,4.270341146692591,2750,4.270341146692591,0.0014986104406293776,True,2700,-0.004387627724035337,4.170444568564195,4.244907915692008
Block 3,H65,1.3,100083,1950,4.158015120907213,1950,4.158015120907213,0.006329746263013192,True,1900,-0.0014956684975477863,4.000655389047258,4.030731493755685
Block 3,H65,1.3,100084,4750,4.25004064240792,4750,4.25004064240792,0.0024929873736678765,True,4700,-0.007099587200319224,4.087853820907351,4.207890363037385
Block 3,H65,1.3,100085,2150,3.8929764480717277,2150,3.8929764480717277,0.0011852060495187722,True,2100,-0.005238376497278985,3.794386320388582,3.8747857242970105
Block 3,H65,1.3,100086,2150,3.8826676756478125,2150,3.8826676756478125,0.0012812009551765868,True,2100,-0.00516575875537395,3.7841939992348688,3.863098053074626
Block 3,H65,1.3,100087,2500,3.7540553868208226,2500,3.7540553868208226,0.00017215878987197897,True,2450,-0.005862906391525424,3.665465490928802,3.751528234451588
Block 3,H65,1.3,100088,1800,4.359411237206782,1800,4.359411237206782,0.00048794701047905065,True,1750,-0.006190356383619644,4.245668061831904,4.351100647059648
Block 3,H65,1.3,100089,2850,4.317964457477691,2850,4.317964457477691,0.006921626329341901,True,2800,-0.00041777812784404844,4.1583959905200985,4.167479045661339
Block 3,H65,1.5,100000,850,2.419811830297537,850,2.419811830297537,0.020968898772957267,True,800,-0.010960151535833074,2.2322862535617545,2.2966573738422356
Block 3,H65,1.5,100001,1300,2.2026818043065064,1300,2.2026818043065064,0.004398314246852664,True,1250,-0.015320721952606142,2.121464174516126,2.184566281083701
Block 3,H65,1.5,100002,650,2.105753193366437,650,2.105753193366437,0.0070187220201320955,True,600,-0.024788247549810905,1.9824939552587508,2.07855404989605
Block 3,H65,1.5,100003,8250,2.430558351471436,8250,2.430558351471436,0.047536836926122206,True,8200,-0.01658369348315425,2.1264274040245583,2.2050857429217463
Block 3,H65,1.5,100004,1050,2.1463908770313527,1050,2.1463908770313527,0.0034519381542374994,True,1000,-0.015192852106355126,2.053473547796547,2.129187954955399
Block 3,H65,1.5,100005,1150,1.8793265707328848,1150,1.8793265707328848,0.012446817268891408,True,1100,-0.008411134650476715,1.7984014285375225,1.8310351343896352
Block 3,H65,1.5,100006,450,2.2595283074793535,450,2.2595283074793535,0.02067945157756057,True,400,-0.027859057476589122,2.051028788190773,2.170698720475295
Block 3,H65,1.5,100007,1550,2.21027211911299,1550,2.21027211911299,0.008388005119651876,True,1500,-0.00531608267853434,2.1366945676428264,2.1652367335030944
Block 3,H65,1.5,100008,3450,2.240051612443323,3450,2.240051612443323,0.007586939811760285,True,3400,-0.03612712333474155,2.0275025385004013,2.2031619500560513
Block 3,H65,1.5,100009,850,2.243342454975765,850,2.243342454975765,0.001219798496430613,True,800,-0.01978316054928797,2.1359493156350653,2.2371053343105483
Block 3,H65,1.5,100010,550,2.0913643546095577,550,2.0913643546095577,0.018478245495598955,True,500,-0.014075741806657494,1.952953380061966,2.012799724623411
Block 3,H65,1.5,100011,550,2.126444152773743,550,2.126444152773743,0.011621506246181301,True,500,-0.02057274568448708,1.9950226568634617,2.07900351837438
Block 3,H65,1.5,100012,1300,2.7280856137868303,1300,2.7280856137868303,0.011475083632240146,True,1250,-0.0032019970955254884,2.6309404045687916,2.652133902344676
Block 3,H65,1.5,100013,700,2.176699103648019,700,2.176699103648019,0.024585960995113787,True,650,-0.005178857716945373,2.054855077039439,2.076055034061515
Block 3,H65,1.5,100014,800,1.9372967274743282,800,1.9372967274743282,0.0020869570836796747,True,750,-0.02154061531418172,1.835126218414224,1.9282722934768075
Block 3,H65,1.5,100015,1350,2.3453855365351317,1350,2.3453855365351317,0.01522283217738174,True,1300,-0.012973797043765778,2.218350180750126,2.2768015264911674
Block 3,H65,1.5,100016,1500,2.5253618553954076,1500,2.5253618553954076,0.008148779845535525,True,1450,-0.006656335763747023,2.4438052973459556,2.480472882283442
Block 3,H65,1.5,100017,600,2.1596278795151638,600,2.1596278795151638,0.015145577648801645,True,550,-0.01628031650543571,2.0296491559923373,2.0969851798310994
Block 3,H65,1.5,100018,5500,2.3918718468023235,5500,2.3918718468023235,0.03504458505918606,True,5450,-0.017726216745323597,2.099393047358422,2.197639471802774
Block 3,H65,1.5,100019,3900,2.274315652042685,3900,2.274315652042685,0.02219461915030685,True,3850,-0.04352994819234812,2.0000065308982093,2.1816838292797254
Block 3,H65,1.5,100020,1600,2.371003263888881,1600,2.371003263888881,0.0104480628474235,True,1550,-0.033437331065551135,2.1781992870291123,2.325101247572047
Block 3,H65,1.5,100021,2600,2.267501436668898,2600,2.267501436668898,0.0024063644337251056,True,2550,-0.020607673389968273,2.149351375937055,2.255147580897667
Block 3,H65,1.5,100023,1200,2.223387027592721,1200,2.223387027592721,0.01904623940778727,True,1150,-0.0006915179209743272,2.134967461258281,2.1380652658196913
Block 3,H65,1.5,100024,550,2.0741252978308027,550,2.0741252978308027,0.017877568259816012,True,500,-0.016160323396753995,1.9399667122878472,2.003661789253837
Block 3,H65,1.5,100025,850,2.402201933199591,850,2.402201933199591,0.00018891195487036327,True,800,-0.024747523248547232,2.2868454968495198,2.401328022806225
Block 3,H65,1.5,100026,600,2.0531809435880213,600,2.0531809435880213,0.024264152719013943,True,550,-0.00928918116413513,1.9185910432074151,1.9558520191763704
Block 3,H65,1.5,100027,1800,2.3074691233263076,1800,2.3074691233263076,0.015274348759397594,True,1750,-0.0013334514174094814,2.2301569653389093,2.236364410367978
Block 3,H65,1.5,100028,4550,2.359472841713705,4550,2.359472841713705,0.042643348088796884,True,4500,-0.002614935568730381,2.141958509716871,2.154526064592597
Block 3,H65,1.5,100029,1000,2.387782736352046,1000,2.387782736352046,0.019990596285004436,True,950,-0.0015236522957708942,2.2842120880697716,2.2915470249808743
Block 3,H65,1.5,100030,1050,2.2863384731488203,1050,2.2863384731488203,0.0038952514841392727,True,1000,-0.017808542734863764,2.1911757496969106,2.269259305514793
Block 3,H65,1.5,100031,1350,2.2714862380659935,1350,2.2714862380659935,0.009520085914083598,True,1300,-0.005587055352407777,2.1883024337176833,2.2190661971008137
Block 3,H65,1.5,100032,850,2.286592816958167,850,2.286592816958167,0.030021245424818765,True,800,-0.0007456960874288043,2.111800901592512,2.1160373203262512
Block 3,H65,1.5,100033,700,2.3669138322804324,700,2.3669138322804324,0.019692717100905366,True,650,-0.007881708067962734,2.241367112363852,2.2772526327042706
Block 3,H65,1.5,100035,2100,2.092102945360576,2100,2.092102945360576,0.003215062534168034,True,2050,-0.019758123161568886,2.0050642465221857,2.0799220113201584
Block 3,H65,1.5,100036,1650,2.482880987248484,1650,2.482880987248484,0.0015046468358010934,True,1600,-0.01439153277473082,2.3874823377900936,2.4738510643636067
Block 3,H65,1.5,100037,700,2.0266972913227828,700,2.0266972913227828,0.02559954000387421,True,650,-0.0159254015494259,1.8667407001413487,1.9280863119532754
Block 3,H65,1.5,100038,800,2.130908217966432,800,2.130908217966432,0.01360651385770728,True,750,-0.008622339409493751,2.017373375708936,2.061412352123068
Block 3,H65,1.5,100039,3250,2.3537928815937805,3250,2.3537928815937805,0.03211330244375521,True,3200,-0.023739625897249983,2.096729035951697,2.205990979926999
Block 3,H65,1.5,100041,900,2.615823093775354,900,2.615823093775354,0.014901398297870738,True,850,-0.01338320812293503,2.47164444553855,2.5398643396933163
Block 3,H65,1.5,100042,1850,2.2825225604075814,1850,2.2825225604075814,0.005475379668463898,True,1800,-0.06434978033065875,2.0030011084710306,2.2606037266397516
Block 3,H65,1.5,100043,1000,2.1611719125675295,1000,2.1611719125675295,0.007186762651038681,True,950,-0.022427859393948868,2.0132418273194164,2.125272808063981
Block 3,H65,1.5,100044,3900,2.347412887662307,3900,2.347412887662307,0.024151498670130778,True,3850,-0.04844258670987189,1.9713434525942843,2.2222974541751572
Block 3,H65,1.5,100045,900,2.1108403225468457,900,2.1108403225468457,0.01616181182604226,True,850,-0.004619377326033902,2.010417942374227,2.032740479482235
Block 3,H65,1.5,100046,1200,2.202713399732363,1200,2.202713399732363,0.0192663363164689,True,1150,-0.010320706151128345,2.075777348593943,2.1200558426414293
Block 3,H65,1.5,100047,1300,2.1265658895789423,1300,2.1265658895789423,0.004636224404914735,True,1250,-0.08405449512054197,1.8125932526306707,2.110153263661783
Block 3,H65,1.5,100048,2900,2.3089286272683793,2900,2.3089286272683793,0.009889683855556886,True,2850,-0.060268790573438924,1.9979979401696981,2.265099193669319
Block 3,H65,1.5,100049,1650,2.125254012920582,1650,2.125254012920582,0.019088346132207334,True,1600,-0.026755922129481302,1.945227432651655,2.050295685359214
Block 3,H65,1.5,100050,2950,2.351325558946446,2950,2.351325558946446,0.010972725041038522,True,2900,-0.015551644289372835,2.226139683175829,2.299538080920431
Block 3,H65,1.5,100051,1250,2.4178834841193018,1250,2.4178834841193018,0.02865645295895769,True,1200,-0.005069849062638632,2.255784200711128,2.280151500141557
Block 3,H65,1.5,100052,1800,2.2717703184097986,1800,2.2717703184097986,0.00022891313100759092,True,1750,-0.021238694085788712,2.157847653742751,2.27055553962247
Block 3,H65,1.5,100053,800,1.9529444922949786,800,1.9529444922949786,0.0027759498036621366,True,750,-0.02429132497443831,1.8504420299345996,1.9424321044540573
Block 3,H65,1.5,100054,800,2.325280334070589,800,2.325280334070589,0.0007385073532852893,True,750,-0.025355506249800097,2.184096728596521,2.321284584992203
Block 3,H65,1.5,100055,900,2.109443986302688,900,2.109443986302688,0.004797098714119041,True,850,-0.021132383385388476,2.0075147494590495,2.0905865093535807
Block 3,H65,1.5,100056,1650,2.3091621245988567,1650,2.3091621245988567,0.02688328427249953,True,1600,-0.00515776576976279,2.1600887862304146,2.1840856702528435
Block 3,H65,1.5,100057,900,2.270183982389066,900,2.270183982389066,0.018100819285538083,True,850,-0.012539021811333484,2.130629646087744,2.1877407407966234
Block 3,H65,1.5,100058,750,1.8698388120776155,750,1.8698388120776155,0.0013310260729557655,True,700,-0.029857274356050123,1.7623490418902343,1.8652514609001731
Block 3,H65,1.5,100059,1000,2.1399242645414422,1000,2.1399242645414422,0.006552477716888383,True,950,-0.021137374937133746,1.9980162937802486,2.1063434135387373
Block 3,H65,1.5,100060,1900,2.4087019211202088,1900,2.4087019211202088,0.019944014711110736,True,1850,-0.0028226894276199843,2.2738577050242066,2.2905761259616657
Block 3,H65,1.5,100061,900,1.9326812923963883,900,1.9326812923963883,0.012086848847275178,True,850,-0.008729704709162345,1.8373416652550612,1.877323633920957
Block 3,H65,1.5,100062,700,2.1697887272789425,700,2.1697887272789425,0.020028563620049233,True,650,-0.018244125633526398,2.006029818235965,2.0840916991347624
Block 3,H65,1.5,100063,700,2.076730786300139,700,2.076730786300139,0.014898111740274445,True,650,-0.010971333917863646,1.9440021528676699,2.000292889711938
Block 3,H65,1.5,100064,1150,2.521761405299125,1150,2.521761405299125,0.013780842841736085,True,1100,-0.001806241148093246,2.4163303185613603,2.428547739554164
Block 3,H65,1.5,100065,1400,2.3151523900888034,1400,2.3151523900888034,0.017372305522696863,True,1350,-0.000647608712538883,2.2318175044680397,2.2348124353695926
Block 3,H65,1.5,100066,850,1.9786249385596393,850,1.9786249385596393,0.007373045227085928,True,800,-0.018594405770440137,1.8776129821993126,1.9499441980898846
Block 3,H65,1.5,100067,650,2.283005771245045,650,2.283005771245045,0.026511795086005208,True,600,-0.003229077717766593,2.150500312597626,2.164886925486356
Block 3,H65,1.5,100068,10350,2.2505359690360063,10350,2.2505359690360063,0.029230315327675616,True,10300,-0.07944889036793112,1.8330961135872181,2.138261513890622
Block 3,H65,1.5,100069,4250,2.4501149847068233,4250,2.4501149847068233,0.04797898822814162,True,4200,-0.023872215107754613,2.1228951993164884,2.23161239181546
Block 3,H65,1.5,100070,1050,2.162884248422709,1050,2.162884248422709,1.972500015767764e-05,True,1000,-0.0230943330090998,2.0684603965583994,2.1628036693010264
Block 3,H65,1.5,100071,1150,2.07663756146813,1150,2.07663756146813,0.012231211554537325,True,1100,-0.004357035026705702,1.9893313863574449,2.012263048311101
Block 3,H65,1.5,100072,9400,2.321376108437706,9400,2.321376108437706,0.01503138204753629,True,9350,-0.06123347021307879,1.9372580542091355,2.2456685570123733
Block 3,H65,1.5,100073,1300,2.591824214612044,1300,2.591824214612044,0.011597384090886287,True,1250,-0.0021640311205879392,2.4995508662601043,2.5140611760186498
Block 3,H65,1.5,100074,1550,2.285918215496251,1550,2.285918215496251,0.01263089955291008,True,1500,-0.01060382241997715,2.1854721483534423,2.2313135515779066
Block 3,H65,1.5,100075,1100,2.206236865495917,1100,2.206236865495917,0.026429346013238764,True,1050,-0.002356706123038954,2.0786032464077264,2.0890525754851126
Block 3,H65,1.5,100076,8650,2.0710790448362055,8650,2.0710790448362055,0.005605425975446998,True,8600,-0.12726297195488234,1.6287958237035582,2.0524200868382225
Block 3,H65,1.5,100077,1150,2.1852905542294345,1150,2.1852905542294345,0.0035888765622624774,True,1100,-0.01740779418877869,2.0964450675281427,2.17010455218817
Block 3,H65,1.5,100078,6550,2.187721787689968,6550,2.187721787689968,0.015395465038198441,True,6500,-0.07270116480092126,1.83464477749647,2.126019259725478
Block 3,H65,1.5,100079,1400,2.2527422674947704,1400,2.2527422674947704,0.014967115015054322,True,1350,-0.0029934958576922632,2.175038021359479,2.1879889917122775
Block 3,H65,1.5,100080,1750,2.1743723015834493,1750,2.1743723015834493,0.008479127798078245,True,1700,-0.030039435747791998,2.0203379554471663,2.140464575387284
Block 3,H65,1.5,100081,1500,2.2107953921533885,1500,2.2107953921533885,0.0033792009412652035,True,1450,-0.05425081860690062,1.9819173562245098,2.1973748713812347
Block 3,H65,1.5,100082,1500,2.28316151041024,1500,2.28316151041024,0.004030684656172401,True,1450,-0.019988996007981097,2.177981970415344,2.2655115855869936
Block 3,H65,1.5,100083,1150,2.3766391220443888,1150,2.3766391220443888,0.03817914260611133,True,1100,-0.0024071604196009844,2.147957367871439,2.161520408264187
Block 3,H65,1.5,100084,4050,2.330686031779729,4050,2.330686031779729,0.01761053194019313,True,4000,-0.048397429032212,2.0481650777975147,2.25531111926035
Block 3,H65,1.5,100085,1000,2.113679818557666,1000,2.113679818557666,0.010521491482964773,True,950,-0.013635475102878214,2.0144280269341226,2.070451010150567
Block 3,H65,1.5,100086,1050,2.1620191483386897,1050,2.1620191483386897,0.021475069855640516,True,1000,-0.0011394791288088513,2.064563897898827,2.069474374952578
Block 3,H65,1.5,100087,1150,2.003560343008103,1150,2.003560343008103,0.0008775028207548274,True,1100,-0.02109105032697478,1.9197501386578544,2.000212662793078
Block 3,H65,1.5,100088,750,2.2571298655002883,750,2.2571298655002883,0.015880223665064808,True,700,-0.009283388143446203,2.137843211362744,2.181850578791505
Block 3,H65,1.5,100089,2200,2.4136965106500954,2200,2.4136965106500954,0.03096164972568083,True,2150,-0.015264362258798236,2.1490433700607783,2.236434889195944
Block 3,H90,1.3,100000,1250,3.3732111397375824,1250,3.3732111397375824,0.0010962472774687093,True,1200,-0.011156572221338479,3.2206556128387196,3.359562152168479
Block 3,H90,1.3,100001,2350,3.3623550340688158,2350,3.3623550340688158,0.002947999429136594,True,2300,-0.003639184799666406,3.2816404817248626,3.3262323986652773
Block 3,H90,1.3,100002,1250,3.252288030089546,1250,3.252288030089546,0.0037583939769225694,True,1200,-0.005806574366743256,3.1380739716154604,3.2074095303365224
Block 3,H90,1.3,100003,7850,3.497236385999694,7850,3.497236385999694,0.004549049297785768,True,7800,-0.010327821761700662,3.3006041285773864,3.4371101787500455
Block 3,H90,1.3,100004,1900,3.229593355816591,1900,3.229593355816591,0.0027031622207509542,True,1850,-0.004735972224658269,3.1400394317233244,3.1970520990204716
Block 3,H90,1.3,100005,2050,2.8269199129158635,2050,2.8269199129158635,0.005802315435047056,True,2000,-0.001554333035014288,2.7487740828173735,2.765284949928261
Block 3,H90,1.3,100006,1000,3.573846980292601,1000,3.573846980292601,0.006533638446213352,True,950,-0.004430441379585037,3.4212662134033764,3.4829221073858534
Block 3,H90,1.3,100007,2650,3.345098167679368,2650,3.345098167679368,0.002621300078181399,True,2600,-0.003381441634153326,3.2683281738717156,3.311573954842345
Block 3,H90,1.3,100008,3900,3.370814068080064,3900,3.370814068080064,0.005716789496568175,True,3850,-0.005951947462998319,3.227150047377431,3.3004296753704283
Block 3,H90,1.3,100009,1550,3.3130023252199514,1550,3.3130023252199514,0.008191517067306364,True,1500,-9.764143342838594e-05,3.211864287768505,3.2130556346283843
Block 3,H90,1.3,100010,1000,3.2180486590134705,1000,3.2180486590134705,0.0017495500702451316,True,950,-0.008449352301699076,3.0886897601356336,3.195858048459032
Block 3,H90,1.3,100011,1050,3.2976612603042224,1050,3.2976612603042224,0.007608949382230001,True,1000,-0.0020911593595811517,3.173223087376503,3.2000495959171062
Block 3,H90,1.3,100012,2200,4.092411450113876,2200,4.092411450113876,0.0009533078902341785,True,2150,-0.005161094279142464,3.993436093073847,4.076980016886019
Block 3,H90,1.3,100013,1250,3.188035068194294,1250,3.188035068194294,0.0009502492102546611,True,1200,-0.009145694080765487,3.0754587017168697,3.177439168410104
Block 3,H90,1.3,100014,1400,2.8774240766663657,1400,2.8774240766663657,0.008287194315197421,True,1350,-0.0012632419846898557,2.777787109671376,2.7909661515478934
Block 3,H90,1.3,100015,2100,3.6877164442265156,2100,3.6877164442265156,0.006372575537242131,True,2050,-0.0012033161015492233,3.580926539331052,3.597888504756434
Block 3,H90,1.3,100016,2650,3.8994415721167677,2650,3.8994415721167677,0.0001983799928018115,True,2600,-0.0057417048484249555,3.814736743768105,3.8966126995186086
Block 3,H90,1.3,100017,1100,3.347290856298099,1100,3.347290856298099,0.008572186399335102,True,1050,-0.0012597836851444555,3.222325925775015,3.2383378521067177
Block 3,H90,1.3,100018,5800,3.3922496784737954,5800,3.3922496784737954,0.014714874288983104,True,5750,-0.0003846675395542398,3.2004859064425717,3.205371173770583
Block 3,H90,1.3,100019,4000,3.3518275470901195,4000,3.3518275470901195,0.00435512232328783,True,3950,-0.009752800266694894,3.1843878847731064,3.300138844766336
Block 3,H90,1.3,100020,1950,3.619817373990427,1950,3.619817373990427,0.005349113287523188,True,1900,-0.0038882128036159536,3.4942761012473564,3.5471194434922606
Block 3,H90,1.3,100021,3300,3.412092274923859,3300,3.412092274923859,0.007552216311643267,True,3250,-1.922009908650324e-05,3.316602959284936,3.316845359010526
Block 3,H90,1.3,100022,9750,3.4694878127615114,9750,3.4694878127615114,0.0034865341530343485,True,9700,-0.012905413316347758,3.251957204102038,3.423219491206782
Block 3,H90,1.3,100023,2200,3.404490169841725,2200,3.404490169841725,0.0027945982394208535,True,2150,-0.0037639711237869022,3.317753297305335,3.3675316964522612
Block 3,H90,1.3,100024,1050,3.1028739813896973,1050,3.1028739813896973,0.006973538965060477,True,1000,-0.0035785816562383665,2.9808311037339714,3.022219978911515
Block 3,H90,1.3,100025,1700,3.855923888216212,1700,3.855923888216212,0.00016202161641754032,True,1650,-0.006999282180680133,3.7474761811113706,3.85347030248661
Block 3,H90,1.3,100026,1050,3.0396762688685177,1050,3.0396762688685177,0.007873157029559152,True,1000,-0.002988912125716503,2.9160175280725467,2.9500446645722618
Block 3,H90,1.3,100027,2900,3.490066554443225,2900,3.490066554443225,0.0010091068824911176,True,2850,-0.004958950973589893,3.410864732320734,3.4766747432817087
Block 3,H90,1.3,100028,4800,3.4792170699135294,4800,3.4792170699135294,0.009049737627562227,True,4750,-0.0015934888955650983,3.3327746104253113,3.354699769354011
Block 3,H90,1.3,100029,1850,3.593735085186328,1850,3.593735085186328,0.0028756578974800107,True,1800,-0.004259052214441894,3.4954559852544524,3.5541235150674413
Block 3,H90,1.3,100030,2050,3.6396209360656737,2050,3.6396209360656737,0.002092451154247499,True,2000,-0.004582307288758081,3.5460210603236164,3.6102785756332714
Block 3,H90,1.3,100031,2200,3.2125261064324504,2200,3.2125261064324504,0.0011188566049411541,True,2150,-0.005850751287725053,3.1307562443775607,3.199399291889338
Block 3,H90,1.3,100032,1350,3.1876680339574923,1350,3.1876680339574923,0.0032428606864143283,True,1300,-0.0052032788865847834,3.0570565175773012,3.1375202773402187
Block 3,H90,1.3,100033,1400,3.698670886856648,1400,3.698670886856648,0.005589833893233642,True,1350,-0.0026213790985840646,3.583093276940009,3.619990715990937
Block 3,H90,1.3,100034,10750,3.3027443404644155,10750,3.3027443404644155,0.016523301650289035,True,10700,-0.0010989261695701913,3.0769264977024875,3.091008550182101
Block 3,H90,1.3,100035,3050,3.2738890766764865,3050,3.2738890766764865,0.00531026641009813,True,3000,-0.0010880278953195877,3.1952875737916537,3.2086537341572887
Block 3,H90,1.3,100036,2550,3.608577466268241,2550,3.608577466268241,0.004404329935856932,True,2500,-0.0020950653544278275,3.518742383385307,3.5477005189277815
Block 3,H90,1.3,100037,1250,3.1313995335701708,1250,3.1313995335701708,0.0072770760176998905,True,1200,-0.0037549524635505094,3.001952582194194,3.0460122172644284
Block 3,H90,1.3,100038,1350,3.0872784108720954,1350,3.0872784108720954,0.0013180712913860582,True,1300,-0.008180352044598216,2.978667984880241,3.072206826949032
Block 3,H90,1.3,100039,3550,3.5603823758163817,3550,3.5603823758163817,0.00836361224632709,True,3500,-0.0034624764508803807,3.3932697980088795,3.4421975018439626
Block 3,H90,1.3,100041,1500,4.059734126138835,1500,4.059734126138835,0.006699816462680808,True,1450,-0.0013198541687797771,3.9344017199223926,3.9550285643939147
Block 3,H90,1.3,100042,2350,3.5938115226032044,2350,3.5938115226032044,0.009804987275140675,True,2300,-0.0030758346181207763,3.4170424297416506,3.4592534392364573
Block 3,H90,1.3,100043,1700,3.2084735234923185,1700,3.2084735234923185,0.0005852205773790864,True,1650,-0.008522475907745797,3.1013819958040862,3.2015922922426303
Block 3,H90,1.3,100044,4250,3.295422565542828,4250,3.295422565542828,0.0063263509230582216,True,4200,-0.013209700179741546,3.0618206539054067,3.21977536020235
Block 3,H90,1.3,100045,1650,3.136271383225664,1650,3.136271383225664,0.003974512080246573,True,1600,-0.0041196709541080345,3.0408574060544775,3.0894199587790347
Block 3,H90,1.3,100046,1850,3.3866973366986532,1850,3.3866973366986532,0.0034287905628600512,True,1800,-0.004699518407188741,3.2816906402805013,3.342402026192819
Block 3,H90,1.3,100047,1700,3.365243773580294,1700,3.365243773580294,0.006263216459339027,True,1650,-0.007668669760072966,3.1920956205763145,3.2874033186182343
Block 3,H90,1.3,100048,3450,3.399565257709713,3450,3.399565257709713,0.002228920590744643,True,3400,-0.013753041614618322,3.2033097589450112,3.3721945308476062
Block 3,H90,1.3,100049,1950,3.16923173852135,1950,3.16923173852135,0.0011667779512238852,True,1900,-0.008950053981848338,3.0528208456646544,3.1558060273930018
Block 3,H90,1.3,100050,4050,3.704213208269487,4050,3.704213208269487,0.0018916446824106536,True,4000,-0.00568436285071483,3.5929131886186108,3.6764228332726026
Block 3,H90,1.3,100051,1750,3.549906817569907,1750,3.549906817569907,0.004999570423226185,True,1700,-0.004369291955138799,3.425413878660666,3.4834727949388937
Block 3,H90,1.3,100052,2250,3.1044812693507877,2250,3.1044812693507877,0.0033009266345978006,True,2200,-0.0034540799313664827,3.0257261594403695,3.0659965044026922
Block 3,H90,1.3,100053,1500,3.117029165474446,1500,3.117029165474446,0.006591949407759312,True,1450,-0.0018496781613288604,3.0144327254809395,3.0369130342760093
Block 3,H90,1.3,100054,1350,3.3948245626023894,1350,3.3948245626023894,0.0018135204798150895,True,1300,-0.008008847873600011,3.271415588748285,3.3720393550613212
Block 3,H90,1.3,100055,1750,3.3147462739501212,1750,3.3147462739501212,0.004995178856624705,True,1700,-0.0027442138431230667,3.2192137348030028,3.2530874154090745
Block 3,H90,1.3,100056,2350,3.5449775996554367,2350,3.5449775996554367,0.008414737675879191,True,2300,-0.0002036616769420796,3.4241643063717855,3.427019249256161
Block 3,H90,1.3,100057,1500,3.5048899914668206,1500,3.5048899914668206,0.004513058646397283,True,1450,-0.0038503648375320942,3.3886366002401074,3.4421575023782465
Block 3,H90,1.3,100058,1400,2.909643781068867,1400,2.909643781068867,0.0072870855801769885,True,1350,-0.002026625675027649,2.809170854793998,2.8310333547636017
Block 3,H90,1.3,100059,1700,3.1497858938078305,1700,3.1497858938078305,0.005135092419257248,True,1650,-0.004790374862135849,3.032178956173759,3.0889401445070463
Block 3,H90,1.3,100060,2550,3.3821531190124894,2550,3.3821531190124894,0.0033924398955984536,True,2500,-0.005385042057035605,3.271988310535356,3.339575134416732
Block 3,H90,1.3,100061,1650,2.852609551898149,1650,2.852609551898149,0.008243279968074724,True,1600,-0.00010214656026663604,2.7634533222160096,2.764544578865079
Block 3,H90,1.3,100062,1250,3.4044680285662166,1250,3.4044680285662166,0.0056780729972460975,True,1200,-0.004542558942531638,3.269798782373365,3.3296525166807798
Block 3,H90,1.3,100063,1150,2.9686369342725043,1150,2.9686369342725043,0.010664138768987641,True,1100,-0.00018517460340605751,2.8435236051308324,2.84565902239729
Block 3,H90,1.3,100064,1800,3.3959521525497562,1800,3.3959521525497562,0.0006844083068515694,True,1750,-0.006872483305273125,3.2961064242345954,3.3869093808163493
Block 3,H90,1.3,100065,2450,3.612544546553092,2450,3.612544546553092,0.001687890061388142,True,2400,-0.004488493039606745,3.526987171474918,3.589163315060239
Block 3,H90,1.3,100066,1600,3.128730729656127,1600,3.128730729656127,0.005703614106946198,True,1550,-0.002384158731252306,3.02954392634261,3.058782764756573
Block 3,H90,1.3,100067,1150,3.4445164107731556,1150,3.4445164107731556,0.002378011584827089,True,1100,-0.007406531404002159,3.318759813402028,3.4139528325091124
Block 3,H90,1.3,100068,7700,3.2557550239232946,7700,3.2557550239232946,0.0036764748911362055,True,7650,-0.015957888421551658,3.0248490836512234,3.2125185879816267
Block 3,H90,1.3,100069,4200,3.5900789548010197,4200,3.5900789548010197,0.007018491149426875,True,4150,-0.007838061249283879,3.394663079495297,3.497761130686608
Block 3,H90,1.3,100070,1950,3.396766378913765,1950,3.396766378913765,0.0016475605965036166,True,1900,-0.005583467300922962,3.304533364136396,3.3757514577988834
Block 3,H90,1.3,100071,1900,2.9379476014662966,1900,2.9379476014662966,0.0015595374142951535,True,1850,-0.005974080364967271,2.8531201777343296,2.9203874404726733
Block 3,H90,1.3,100073,2150,3.6146577632057655,2150,3.6146577632057655,0.0023599673289869116,True,2100,-0.0025837502317314076,3.5242305729420846,3.5714908120089492
Block 3,H90,1.3,100074,2450,3.5783719295653063,2450,3.5783719295653063,0.00478483628932258,True,2400,-0.0018556061866563667,3.4889747827549678,3.513955934130161
Block 3,H90,1.3,100075,1700,3.217777966979471,1700,3.217777966979471,0.0018381269064797756,True,1650,-0.006822271097256749,3.11229913431502,3.195390603223099
Block 3,H90,1.3,100076,7650,3.1755357482818014,7650,3.1755357482818014,0.006198968082616663,True,7600,-0.013731041498135088,2.949269619086454,3.1051586364507155
Block 3,H90,1.3,100077,2100,3.3652737837360354,2100,3.3652737837360354,0.004446864778246962,True,2050,-0.0023629042897717056,3.2778022244591107,3.3081537562928625
Block 3,H90,1.3,100078,6650,3.2507381459723566,6650,3.2507381459723566,0.009309098689989526,True,6600,-0.009337634319503074,3.03571070731326,3.143388957966384
Block 3,H90,1.3,100079,2550,3.4713912385704226,2550,3.4713912385704226,0.006049632193493082,True,2500,-1.1029846753274342e-05,3.39246374559786,3.3926073863662
Block 3,H90,1.3,100080,2200,3.443002904593066,2200,3.443002904593066,0.008200073791372997,True,2150,-0.00017679835708062086,3.3328714143014797,3.33519579817667
Block 3,H90,1.3,100081,1400,3.3844219669408036,1400,3.3844219669408036,0.00013642645962308464,True,1350,-0.009942029483099635,3.2566306251154846,3.382692126533226
Block 3,H90,1.3,100082,2450,3.7245736969076786,2450,3.7245736969076786,0.006319048099435065,True,2400,-0.00025187205701904247,3.6281719412448923,3.6318671479923346
Block 3,H90,1.3,100083,1650,3.3771622220002975,1650,3.3771622220002975,0.008078819044206043,True,1600,-0.005780921571627129,3.204281447887911,3.276390315152294
Block 3,H90,1.3,100084,4300,3.5931678395411817,4300,3.5931678395411817,0.009975808117697493,True,4250,-0.0029579142151279214,3.4145193069605035,3.4553758384704616
Block 3,H90,1.3,100085,1800,3.190053579264677,1800,3.190053579264677,0.00025949756780363487,True,1750,-0.00762370896529152,3.0968632330200876,3.186985961019268
Block 3,H90,1.3,100086,1850,3.2850439056469614,1850,3.2850439056469614,0.0018706381527264782,True,1800,-0.005665462815594324,3.191227017741934,3.26175633948736
Block 3,H90,1.3,100087,2050,3.118840838394307,2050,3.118840838394307,0.005632735727859384,True,2000,-0.0015656636973870874,3.0342053402962854,3.052613700134946
Block 3,H90,1.3,100088,1400,3.443912650422721,1400,3.443912650422721,0.0013226352091315619,True,1350,-0.006826770012172023,3.330478492613198,3.4255024711565265
Block 3,H90,1.3,100089,4050,3.537469231832701,4050,3.537469231832701,0.009028203995158801,True,4000,-0.00596370097171306,3.3348990196005865,3.41548038495731
Block 3,H90,1.5,100000,850,1.9807400230525818,850,1.9807400230525818,0.04455045710756744,True,800,-0.020344184483182204,1.7460881349898951,1.8196504689986062
Block 3,H90,1.5,100001,1100,1.8356430622510322,1100,1.8356430622510322,0.010826722285527168,True,1050,-0.012670908245391299,1.759247574993645,1.8004432269606212
Block 3,H90,1.5,100002,550,1.8153048131790508,550,1.8153048131790508,0.024380401248389028,True,500,-0.013525333063610923,1.6919362635770314,1.735956007640232
Block 3,H90,1.5,100003,7800,2.1263739808680677,7800,2.1263739808680677,0.0651812573913717,True,7750,-0.01930549417327665,1.7885536674730018,1.865746694439751
Block 3,H90,1.5,100004,850,1.7540593783766734,850,1.7540593783766734,0.010054434447950733,True,800,-0.018516515353957264,1.6639413889271115,1.7223458573427586
Block 3,H90,1.5,100005,950,1.551893139115964,950,1.551893139115964,0.02296795699356835,True,900,-0.0038304293634805475,1.4746410508508734,1.4856830838799613
Block 3,H90,1.5,100006,400,1.916338718005403,400,1.916338718005403,0.013887528995577103,True,350,-0.047560299304181264,1.710112002358255,1.8697304069802978
Block 3,H90,1.5,100007,1250,1.7806046190236287,1250,1.7806046190236287,0.0006825625787652001,True,1200,-0.020504071721623163,1.7116452292235877,1.7783829778575693
Block 3,H90,1.5,100008,3450,1.9732707163741807,3450,1.9732707163741807,0.05336206742216287,True,3400,-0.010936988907359169,1.7434085238950388,1.7825070798129017
Block 3,H90,1.5,100009,650,1.789923188693855,650,1.789923188693855,0.01454909326627929,True,600,-0.019929053980861866,1.6836408165814793,1.745074138849607
Block 3,H90,1.5,100010,450,1.8488507581373206,450,1.8488507581373206,0.03443203217553181,True,400,-0.0043279868185979176,1.705874752369145,1.721839612149894
Block 3,H90,1.5,100011,450,1.8504187087691375,450,1.8504187087691375,0.033255455508166776,True,400,-0.005266851782013582,1.715579631199743,1.7340151166609803
Block 3,H90,1.5,100012,1050,2.2313369141686636,1050,2.2313369141686636,0.010647500881097116,True,1000,-0.011381996485654522,2.1361330439943607,2.1853220970945952
Block 3,H90,1.5,100013,550,1.7751830522651098,550,1.7751830522651098,0.01728932377892045,True,500,-0.023589638657682155,1.651705977878319,1.7229597327114912
Block 3,H90,1.5,100014,600,1.560633931900281,600,1.560633931900281,0.017581784791647515,True,550,-0.020915128340053712,1.4579960990391447,1.51375858159175
Block 3,H90,1.5,100015,1150,1.9612035508563763,1150,1.9612035508563763,0.007810962817599965,True,1100,-0.02890052107581509,1.8334105629016377,1.9340135227942443
Block 3,H90,1.5,100016,1250,2.102503853277181,1250,2.102503853277181,0.00010611324951570467,True,1200,-0.020965626745160115,2.0246774651788866,2.1021119344825645
Block 3,H90,1.5,100017,450,1.768431479817552,450,1.768431479817552,0.006210355601317108,True,400,-0.0376428830854012,1.634661656292637,1.7494874246532348
Block 3,H90,1.5,100018,5550,2.0438883469908835,5550,2.0438883469908835,0.08034162426272307,True,5500,-0.010503681368314144,1.7023594211656892,1.7418475487030667
Block 3,H90,1.5,100019,3700,1.8047143102487437,3700,1.8047143102487437,0.003621571437729898,True,3650,-0.12454873528292598,1.470650459442982,1.795275024883741
Block 3,H90,1.5,100020,1100,1.9938995847721797,1100,1.9938995847721797,0.021195014131528467,True,1050,-0.023040330119115993,1.8363343609379075,1.918403458261167
Block 3,H90,1.5,100021,2500,1.8683448135113019,2500,1.8683448135113019,0.02249191803706907,True,2450,-0.017197818627654016,1.7383969117554403,1.7947041748728563
Block 3,H90,1.5,100022,9700,1.8767197774977937,9700,1.8767197774977937,0.00933830679672365,True,9650,-0.1878379692235117,1.4070252932872274,1.8544749553375608
Block 3,H90,1.5,100023,1000,1.8166807508349394,1000,1.8166807508349394,0.0018460627283767295,True,950,-0.02350214237917969,1.7317100661112144,1.8104924935832905
Block 3,H90,1.5,100024,400,1.6438922670675788,400,1.6438922670675788,0.0014278280975932311,True,350,-0.05033946100254916,1.502893858770703,1.6400032960091804
Block 3,H90,1.5,100025,750,2.145342650232839,750,2.145342650232839,0.017250296001373844,True,700,-0.010328900294458432,2.030528380204246,2.0735283695725215
Block 3,H90,1.5,100026,450,1.6426858578127885,450,1.6426858578127885,0.01653339582174329,True,400,-0.03264223311724557,1.5017167212046363,1.5952904592285908
Block 3,H90,1.5,100027,1500,1.8671580460298103,1500,1.8671580460298103,0.0010129078809173464,True,1450,-0.020707384408178875,1.7929008739364238,1.8636951241765078
Block 3,H90,1.5,100028,4400,1.8850870874425643,4400,1.8850870874425643,0.02114998998385431,True,4350,-0.0554305544449889,1.6334778407399513,1.8155977270926906
Block 3,H90,1.5,100029,850,1.9713022126644675,850,1.9713022126644675,0.015378721805745066,True,800,-0.011155196214129859,1.873227079691969,1.914459111509344
Block 3,H90,1.5,100030,900,1.9558317298461885,900,1.9558317298461885,0.003180516257238253,True,850,-0.02242400121144028,1.8638099678660296,1.944401062958768
Block 3,H90,1.5,100031,1050,1.7831737659781863,1050,1.7831737659781863,0.015698050787635864,True,1000,-0.007077373235006235,1.7043003028650134,1.7288099206106358
Block 3,H90,1.5,100032,750,1.752951377989683,750,1.752951377989683,0.018701422053764905,True,700,-0.02791828239692773,1.565891173759685,1.6779124675120625
Block 3,H90,1.5,100033,600,2.0467825547816036,600,2.0467825547816036,0.024288418450721938,True,550,-0.008903315085076802,1.9212217234203206,1.9549020264616783
Block 3,H90,1.5,100034,11100,1.979719434628297,11100,1.979719434628297,0.07866808206249498,True,11050,-0.04254259818246675,1.5513849767298546,1.7017220649571572
Block 3,H90,1.5,100035,1800,1.7302082989462264,1800,1.7302082989462264,0.00020468286002062186,True,1750,-0.0271445290676664,1.6475338618088207,1.7295895593537065
Block 3,H90,1.5,100036,1400,1.9820244161134253,1400,1.9820244161134253,0.018193537966474604,True,1350,-0.00804946049828903,1.8854386908630523,1.9150642300766971
Block 3,H90,1.5,100037,600,1.6616256636665803,600,1.6616256636665803,0.011252547828346948,True,550,-0.04681143347392869,1.4973839218239318,1.6297963262004809
Block 3,H90,1.5,100038,600,1.6756798139283902,600,1.6756798139283902,0.008707807914902332,True,550,-0.029923114632557812,1.5605352985257597,1.6497250539469581
Block 3,H90,1.5,100039,3300,1.9857996082529812,3300,1.9857996082529812,0.033452313984238646,True,3250,-0.05113320233030905,1.6859927100710124,1.8672304379079279
Block 3,H90,1.5,100041,750,2.1706206361346925,750,2.1706206361346925,0.00970749839087981,True,700,-0.029625086529225353,2.0184485316502685,2.1330637234013965
Block 3,H90,1.5,100042,1950,2.010611437342085,1950,2.010611437342085,0.03723711370660654,True,1900,-0.061806049728177825,1.680796177931993,1.886611275282295
Block 3,H90,1.5,100043,950,1.820549496112434,950,1.820549496112434,0.029710411272989568,True,900,-0.007637913391225215,1.6952598767607603,1.7208822110965374
Block 3,H90,1.5,100044,5400,2.049331057013933,5400,2.049331057013933,0.0682274050191749,True,5350,-0.03953010896383269,1.6432852168410237,1.7922403635686774
Block 3,H90,1.5,100045,700,1.6812909078050409,700,1.6812909078050409,0.006583489671848852,True,650,-0.025852839354617796,1.5838167062717436,1.661506905782415
Block 3,H90,1.5,100046,1000,1.8198180604915826,1000,1.8198180604915826,0.00585657846371479,True,950,-0.0333242973663026,1.692790341185106,1.80083053687387
Block 3,H90,1.5,100047,1350,1.8050197011082572,1350,1.8050197011082572,0.012834423933332673,True,1300,-0.1139385838662701,1.4716445050592815,1.7712689944774418
Block 3,H90,1.5,100048,2300,1.978138160438051,2300,1.978138160438051,0.041549403260419115,True,2250,-0.059152236087065546,1.6531090095511132,1.844031433386737
Block 3,H90,1.5,100049,1250,1.7444187010793706,1250,1.7444187010793706,0.011348993573183641,True,1200,-0.045653748409976824,1.5768024602694761,1.711047049584524
Block 3,H90,1.5,100050,3250,2.0658530570528306,3250,2.0658530570528306,0.023483103062897026,True,3200,-0.014457173691436953,1.9131213008165817,1.9713198622662798
Block 3,H90,1.5,100051,1100,1.8670728115113897,1100,1.8670728115113897,0.0009420357557052839,True,1050,-0.05311903799658646,1.6977085730330614,1.864121572157258
Block 3,H90,1.5,100052,1050,1.6883163262403975,1050,1.6883163262403975,0.010151854449553799,True,1000,-0.014132829627358845,1.613526101876111,1.6570513746523496
Block 3,H90,1.5,100053,650,1.6838742278133398,650,1.6838742278133398,0.017779827390478342,True,600,-0.014965660124139912,1.5803511201106792,1.627664254299966
Block 3,H90,1.5,100054,650,1.8676102225957116,650,1.8676102225957116,0.01553668761207172,True,600,-0.029006736138254663,1.7210914940000144,1.8165046827910263
Block 3,H90,1.5,100055,750,1.762022588696634,750,1.762022588696634,0.001459669860221613,True,700,-0.031152147013757236,1.6625676112401993,1.7575710908361144
Block 3,H90,1.5,100056,1600,1.8354831561556109,1600,1.8354831561556109,0.0007092634037397794,True,1550,-0.05313741827931562,1.6633956976266786,1.8332164364105468
Block 3,H90,1.5,100057,750,1.945935198080763,750,1.945935198080763,0.024224059281744204,True,700,-0.012206417345788534,1.8088762529564406,1.8547993053025804
Block 3,H90,1.5,100058,600,1.5368323781018274,600,1.5368323781018274,0.002670363970472156,True,550,-0.037459593292020976,1.4314177014403826,1.5298177791907344
Block 3,H90,1.5,100059,1000,1.6712405021150618,1000,1.6712405021150618,0.007936540744111653,True,950,-0.04877815283905429,1.5090188759549263,1.6485395323265535
Block 3,H90,1.5,100060,1850,1.9299490505995176,1850,1.9299490505995176,0.03633638316978871,True,1800,-0.006115687771522715,1.777862758518348,1.799772461768936
Block 3,H90,1.5,100061,700,1.5278411454602632,700,1.5278411454602632,0.014441562178853395,True,650,-0.018965188972550173,1.4367400108195716,1.488458605849782
Block 3,H90,1.5,100062,600,1.8257743894712477,600,1.8257743894712477,0.015560441304903527,True,550,-0.03402296869529842,1.6603837308718703,1.7738709073286425
Block 3,H90,1.5,100063,500,1.5887329962766241,500,1.5887329962766241,0.017568079044527174,True,450,-0.033667919909176725,1.441489899656624,1.5382454794328813
Block 3,H90,1.5,100064,850,1.857556120411343,850,1.857556120411343,0.009641814217850264,True,800,-0.020517021661336177,1.7517037377184126,1.8237149929709309
Block 3,H90,1.5,100065,1200,1.9942002245670296,1200,1.9942002245670296,0.01741572749323428,True,1150,-0.0036413751710080433,1.91382460550723,1.9277238483549064
Block 3,H90,1.5,100066,700,1.7042050197596788,700,1.7042050197596788,0.019571537866569066,True,650,-0.011461963844552336,1.6035602746136521,1.640732567986995
Block 3,H90,1.5,100067,500,1.9206631805253005,500,1.9206631805253005,0.019969625496108367,True,450,-0.019894963688528833,1.7824133470621084,1.8514088007454823
Block 3,H90,1.5,100068,7200,2.0527725730326862,7200,2.0527725730326862,0.07975655935252846,True,7150,-0.03676717538730534,1.6266338166222416,1.7610949925470716
Block 3,H90,1.5,100069,3650,2.1307412348351864,3650,2.1307412348351864,0.05828591059502264,True,3600,-0.0403012664962219,1.770692043486425,1.9178758744918092
Block 3,H90,1.5,100070,900,1.8610817206641959,900,1.8610817206641959,0.012544656892235384,True,850,-0.014424398757707735,1.7689211914767435,1.8182132482686535
Block 3,H90,1.5,100071,900,1.640458447361237,900,1.640458447361237,0.02352499760111959,True,850,-0.00281261935282906,1.5566096585959837,1.5655639510972674
Block 3,H90,1.5,100073,950,1.938398600470785,950,1.938398600470785,0.0007388600911419907,True,900,-0.01880635129341801,1.849609818537359,1.9350421523761103
Block 3,H90,1.5,100074,1300,1.915490245004411,1300,1.915490245004411,0.005673546957494668,True,1250,-0.02258234728878783,1.8196740478033206,1.896251154945158
Block 3,H90,1.5,100075,900,1.7876128999180174,900,1.7876128999180174,0.018562907646422655,True,850,-0.020632105651806842,1.6595608057230016,1.7269669401785301
Block 3,H90,1.5,100076,7100,1.8822668178127597,7100,1.8822668178127597,0.056598006522127875,True,7050,-0.10473006985691269,1.4389599796935322,1.72674346516194
Block 3,H90,1.5,100077,950,1.838082841915109,950,1.838082841915109,0.013778442205978347,True,900,-0.01192897411688243,1.7508204311588589,1.791312677684714
Block 3,H90,1.5,100078,6400,1.8615341365451175,6400,1.8615341365451175,0.046690233526653024,True,6350,-0.11746080586954344,1.4287115571847027,1.7384244238056785
Block 3,H90,1.5,100079,1200,1.8812712325786618,1200,1.8812712325786618,0.01359367014141144,True,1150,-0.007736546789688603,1.8086341842150109,1.8349799042395882
Block 3,H90,1.5,100080,1500,1.9335044275914886,1500,1.9335044275914886,0.035671342947015905,True,1450,-0.005523963398830212,1.7856019053716883,1.8054344589271307
Block 3,H90,1.5,100081,800,1.8246885695636184,800,1.8246885695636184,0.0011340369975769704,True,750,-0.0524857536755472,1.656957972020091,1.8211411349158477
Block 3,H90,1.5,100082,1350,2.031335008805688,1350,2.031335008805688,0.021935002597597286,True,1300,-0.00486086071516123,1.9270377234928064,1.9459576056760373
Block 3,H90,1.5,100083,1000,1.8898389826035327,1000,1.8898389826035327,0.03229247346066444,True,950,-0.05900340678592508,1.60370654428541,1.788630427018481
Block 3,H90,1.5,100084,4300,1.8929084137129182,4300,1.8929084137129182,0.010343418711721952,True,4250,-0.09313597347667057,1.5771045334736402,1.861341821611619
Block 3,H90,1.5,100085,850,1.8020306371707926,850,1.8020306371707926,0.026528525849570883,True,800,-0.0020817200590448337,1.7050233978522962,1.7120817753512838
Block 3,H90,1.5,100086,850,1.770246958527376,850,1.770246958527376,0.014483901859252413,True,800,-0.014868699571029875,1.6752320475952505,1.7233623016980586
Block 3,H90,1.5,100087,950,1.715352674352979,950,1.715352674352979,0.023685947050511746,True,900,-0.0025319056312671506,1.6315505076394319,1.6396434350194793
Block 3,H90,1.5,100088,600,1.8745926323332527,600,1.8745926323332527,0.009026452790459327,True,550,-0.023705233983741802,1.7550458326575176,1.8416250816241322
Block 3,H90,1.5,100089,3600,2.1529852528056366,3600,2.1529852528056366,0.07329946169040413,True,3550,-0.015703732115418312,1.7909073071388644,1.854792374859659
Block G base (lambda),base,1.3,0,4050,4.994369798659602,4050,4.994369798659602,0.0027675815702239426,True,4000,-0.0011364829446889324,4.885334112991219,4.9170746737968205
Block G base (lambda),base,1.3,1,2650,5.331265817117603,2650,5.331265817117603,0.0024924499657652532,True,2600,-0.0019509592483588634,5.221242698497538,5.269550340324178
Block G base (lambda),base,1.3,2,1900,5.140586310235811,1900,5.140586310235811,0.003442795087834405,True,1850,-0.0007590054017190262,5.01657477496103,5.038975987342019
Block G base (lambda),base,1.3,3,3250,6.007437874616698,3250,6.007437874616698,0.00193938067230226,True,3200,-0.0010247291122609248,5.8985465002331035,5.936191584091365
Block G base (lambda),base,1.3,5,2450,5.4432172487197015,2450,5.4432172487197015,0.000495963662903609,True,2400,-0.0030468659816929033,5.326582159541804,5.426889405765134
Block G base (lambda),base,1.3,6,4400,4.946332441787589,4400,4.946332441787589,0.0030465880592518424,True,4350,-0.0029365633535114455,4.780141442138304,4.8617088913946365
Block G base (lambda),base,1.3,7,1900,5.217137467965294,1900,5.217137467965294,0.000900942993148135,True,1850,-0.003134137365018219,5.0944495835655985,5.189744013564722
Block G base (lambda),base,1.3,9,2850,5.98794191239085,2850,5.98794191239085,0.0014046147182105173,True,2800,-0.0015943237809139532,5.874982136564427,5.935034870870033
Block G base (lambda),base,1.3,10,2150,5.486879841491428,2150,5.486879841491428,0.0029689943250432727,True,2100,-0.0007212046892077772,5.367319212214189,5.390685888685126
Block G base (lambda),base,1.3,11,3900,5.577452592932275,3900,5.577452592932275,0.0010091861777414834,True,3850,-0.003592635953426626,5.421884165764947,5.5433362142641585
Block G base (lambda),base,1.3,12,2000,5.021856438337489,2000,5.021856438337489,0.003839609237732855,True,1950,-0.00017904571509275158,4.903166825942878,4.9084548804722505
Block G base (lambda),base,1.3,13,4350,5.851786939844847,4350,5.851786939844847,0.0017627107795510355,True,4300,-0.0018519571815529545,5.725811927137109,5.790354599379974
Block G base (lambda),base,1.3,14,4650,4.993247711544304,4650,4.993247711544304,0.0022912006393025486,True,4600,-0.0026748466594139764,4.85147653858473,4.927838305918304
Block G base (lambda),base,1.3,15,2850,5.18590488760881,2850,5.18590488760881,0.00148346217566786,True,2800,-0.002542957373969479,5.067274878636373,5.142197785296136
Block G base (lambda),base,1.3,16,3700,5.27365758131861,3700,5.27365758131861,0.003301549767896983,True,3650,-0.002114869762508409,5.102398963313338,5.169267799959974
Block G base (lambda),base,1.3,18,2650,5.543506448814323,2650,5.543506448814323,0.003273031827378592,True,2600,-8.677065221585067e-05,5.432160696736368,5.435036325166297
Block G base (lambda),base,1.3,19,2200,5.151991382600736,2200,5.151991382600736,0.00328062147529673,True,2150,-0.0007771071513280603,5.0330870367073235,5.05585874620792
Block G base (lambda),base,1.3,20,3400,5.8295188711081325,3400,5.8295188711081325,0.0025143386634707277,True,3350,-0.0004591175914874235,5.72360740938104,5.73996070704196
Block G base (lambda),base,1.3,21,8500,5.63919719430401,8500,5.63919719430401,0.0016422734537999695,True,8450,-0.003071261424078653,5.4830601221129385,5.584796457817076
Block G base (lambda),base,1.3,22,3550,5.17752763435729,3550,5.17752763435729,0.00211214605360599,True,3500,-0.001969206086291031,5.079847954417823,5.126977291375406
Block G base (lambda),base,1.3,23,2800,5.746092068662132,2800,5.746092068662132,0.003465197286391941,True,2750,-0.0005382727575775625,5.603850073811575,5.622974730664415
Block G base (lambda),base,1.3,24,2800,5.770544233241964,2800,5.770544233241964,0.0009054262764482957,True,2750,-0.002912497383917856,5.638430896305849,5.739213358826378
Block G base (lambda),base,1.3,25,4350,6.050066424422292,4350,6.050066424422292,0.002702007467814127,True,4300,-6.915039130372946e-05,5.944804797713288,5.947431455250045
Block G base (lambda),base,1.3,26,3250,5.653409966174804,3250,5.653409966174804,0.0001871855952755297,True,3200,-0.004459512872346583,5.490631226440996,5.646852657688449
Block G base (lambda),base,1.3,27,3200,5.34425440360989,3200,5.34425440360989,0.0011321061029359036,True,3150,-0.0022147879102560886,5.245628702689541,5.310893694403633
Block G base (lambda),base,1.3,28,3150,5.89291999083053,3150,5.89291999083053,8.967980718965762e-05,True,3100,-0.002783391937531743,5.782146406391762,5.889462313968673
Block G base (lambda),base,1.3,29,6850,5.347335199746908,6850,5.347335199746908,0.001237391317958636,True,6800,-0.003670763779775932,5.196617179086977,5.309337792062992
Block G base (lambda),base,1.3,30,2800,5.722860340357375,2800,5.722860340357375,0.001992751647773794,True,2750,-0.0010861146064997662,5.611745496797069,5.650942865121293
Block G base (lambda),base,1.3,31,2100,5.577110871260391,2100,5.577110871260391,0.000999084417327989,True,2050,-0.002949763826241014,5.453962982331011,5.545953650403258
Block G base (lambda),base,1.3,32,3050,5.896954385331893,3050,5.896954385331893,0.0028431188714286293,True,3000,-0.00012703014395976098,5.78614913693445,5.790888160661037
Block G base (lambda),base,1.3,33,2550,5.62697240214195,2550,5.62697240214195,0.002442691203316194,True,2500,-0.0013882287385720282,5.503434929376899,5.5482017928416765
Block G base (lambda),base,1.3,34,2550,4.8866658326276795,2550,4.8866658326276795,0.003191555378052602,True,2500,-0.0006980211899079158,4.780979018305448,4.799945513655728
Block G base (lambda),base,1.3,35,3700,5.519099386510101,3700,5.519099386510101,0.0028132020858047113,True,3650,-0.0001820595725749996,5.4194920086627345,5.4255463967945605
Block G base (lambda),base,1.3,36,2450,6.271601907705926,2450,6.271601907705926,0.0013959248292367832,True,2400,-0.001832255071592126,6.1461969201427715,6.217374466476709
Block G base (lambda),base,1.3,37,3650,5.0567484663224604,3650,5.0567484663224604,0.0017610317667249298,True,3600,-0.00522665494209118,4.901286890635862,5.017569152094792
Block G base (lambda),base,1.3,38,2000,5.994392951543871,2000,5.994392951543871,0.001390415846898474,True,1950,-0.002284270097936414,5.869865309139585,5.947274582797503
Block G base (lambda),base,1.3,39,2150,5.467468345460975,2150,5.467468345460975,0.0008415275973345793,True,2100,-0.0030827951050200753,5.3419464520463915,5.440551563791954
Block G base (lambda),base,1.5,0,2900,2.676413175443801,2900,2.676413175443801,0.009145254908780043,True,2850,-0.008913108142457826,2.5461149633021245,2.610426554130844
Block G base (lambda),base,1.5,1,1250,2.8219509859212066,1250,2.8219509859212066,0.005173981644954306,True,1200,-0.011301048614667852,2.7163316479384814,2.78878124313693
Block G base (lambda),base,1.5,2,850,2.6670195693183407,850,2.6670195693183407,0.0008086666655122698,True,800,-0.017953109655313604,2.5327839796033307,2.6612337713815313
Block G base (lambda),base,1.5,3,1550,3.125353166479126,1550,3.125353166479126,0.002295277891831926,True,1500,-0.008381417077769182,3.0269924471849636,3.1042075605530055
Block G base (lambda),base,1.5,5,1200,2.945106057165209,1200,2.945106057165209,0.012023363081646643,True,1150,-0.00013716074712721849,2.8356370540291636,2.836871774709689
Block G base (lambda),base,1.5,6,4050,2.600534561046244,4050,2.600534561046244,0.0033180746291767704,True,4000,-0.05082265147836429,2.295455830610502,2.5818374716620047
Block G base (lambda),base,1.5,7,850,2.745100039266731,850,2.745100039266731,0.0009633745145651851,True,800,-0.015418169932280179,2.620017152684096,2.7377440988343156
Block G base (lambda),base,1.5,9,1350,3.176734296642256,1350,3.176734296642256,0.006481870966275061,True,1300,-0.004399109598141493,3.0701182562463227,3.113222427221077
Block G base (lambda),base,1.5,10,950,2.866486251117602,950,2.866486251117602,0.0028722960784919316,True,900,-0.012535130449821796,2.7435739372859334,2.8435725895552184
Block G base (lambda),base,1.5,11,2950,3.0863806318213625,2950,3.0863806318213625,0.02005110446707281,True,2900,-0.00565161148664961,2.846197909841957,2.8990102053549136
Block G base (lambda),base,1.5,12,900,2.668865773074861,900,2.668865773074861,0.009045172652633937,True,850,-0.007056432977987193,2.5474132641503116,2.6006391044109027
Block G base (lambda),base,1.5,13,3050,3.104113291059015,3050,3.104113291059015,0.007621486899429097,True,3000,-0.010132841741079979,2.9456059540457824,3.0360700765297213
Block G base (lambda),base,1.5,14,3100,2.62471398405098,3100,2.62471398405098,0.0030910150181244767,True,3050,-0.02256811244520751,2.4446309871231744,2.603020368443506
Block G base (lambda),base,1.5,15,1750,2.724292393259573,1750,2.724292393259573,0.0017526676074490766,True,1700,-0.01770531352992899,2.581817893940227,2.7114590762735236
Block G base (lambda),base,1.5,16,3900,2.94078585265958,3900,2.94078585265958,0.025079979336602776,True,3850,-0.006440331566038182,2.6681583567244904,2.7238624858260088
Block G base (lambda),base,1.5,18,1250,2.949557489726198,1250,2.949557489726198,0.009054849295223821,True,1200,-0.0036131451948762106,2.840751144258443,2.8717847166685107
Block G base (lambda),base,1.5,19,1050,2.785925280699135,1050,2.785925280699135,0.01603945319225053,True,1000,-3.900800426315243e-05,2.6696400180816893,2.66992213811572
Block G base (lambda),base,1.5,20,1700,3.0407019573961462,1700,3.0407019573961462,0.003569377942244323,True,1650,-0.006908019308770719,2.9468752995515524,3.0087376446110645
Block G base (lambda),base,1.5,21,7950,3.184089205912572,7950,3.184089205912572,0.025039779766498516,True,7900,-0.0009467944211491996,2.9398081866305406,2.948708317312591
Block G base (lambda),base,1.5,22,1850,2.733951378013042,1850,2.733951378013042,0.002330541462081115,True,1800,-0.011735868515503789,2.6461325464655796,2.7194014375236764
Block G base (lambda),base,1.5,23,1800,2.983231440849219,1800,2.983231440849219,0.0016708513865388852,True,1750,-0.02272017377753066,2.7777691604501027,2.9691567173073805
Block G base (lambda),base,1.5,24,1800,3.062654372316414,1800,3.062654372316414,0.005917158283231583,True,1750,-0.013444031718012894,2.8917204257163216,3.0104136155269194
Block G base (lambda),base,1.5,25,2600,3.176726184784452,2600,3.176726184784452,0.005393977715741904,True,2550,-0.004839399326496352,3.078110674630032,3.1247462897797122
Block G base (lambda),base,1.5,26,2750,3.168287715155155,2750,3.168287715155155,0.020674352215964475,True,2700,-0.004249055968201354,2.9209901004000063,2.9631505223668904
Block G base (lambda),base,1.5,27,1550,2.823010434836865,1550,2.823010434836865,0.0009148016427831251,True,1500,-0.010596434444150482,2.736826654736102,2.8161613820486133
Block G base (lambda),base,1.5,28,1600,3.1253157503627516,1600,3.1253157503627516,0.00349569474025202,True,1550,-0.007166274662966821,3.019060048682889,3.090478143590784
Block G base (lambda),base,1.5,29,6250,2.942157930809711,6250,2.942157930809711,0.016867379624250223,True,6200,-0.010909806061588867,2.7127185278536823,2.802833466690453
Block G base (lambda),base,1.5,30,1300,3.016753554444774,1300,3.016753554444774,0.005067622325802379,True,1250,-0.006296984157670771,2.9117669674721496,2.969938702313645
Block G base (lambda),base,1.5,31,950,2.9289353769267104,950,2.9289353769267104,0.0005023429020973857,True,900,-0.01605607131047604,2.7993338030422406,2.9250035734396302
Block G base (lambda),base,1.5,32,1450,3.0741058608635816,1450,3.0741058608635816,0.004129428594898954,True,1400,-0.006735415615045426,2.9720892814056588,3.035332163585737
Block G base (lambda),base,1.5,33,1450,3.051634263013746,1450,3.051634263013746,0.01453361628634342,True,1400,-0.002599008754909704,2.9041904298322616,2.926557569273731
Block G base (lambda),base,1.5,34,1200,2.5789875533194975,1200,2.5789875533194975,0.006252213361125136,True,1150,-0.0080015016853201,2.480285213904984,2.5356930098793553
Block G base (lambda),base,1.5,35,1900,2.9145757770125647,1900,2.9145757770125647,0.007773865765239751,True,1850,-0.002032651550728737,2.8301392273389014,2.8476408620275877
Block G base (lambda),base,1.5,36,1250,3.298403007918231,1250,3.298403007918231,0.0037614471418483397,True,1200,-0.01075058438547627,3.156607384339207,3.2616502802223417
Block G base (lambda),base,1.5,37,2600,2.7571526736926,2600,2.7571526736926,0.015795830233402697,True,2550,-0.027086732188311924,2.507595186803766,2.665227950127701
Block G base (lambda),base,1.5,38,850,3.172049598311692,850,3.172049598311692,0.0035396267115217483,True,800,-0.01143254601408561,3.0431961995045382,3.141586889882735
Block G base (lambda),base,1.5,39,1000,2.9411694619353663,1000,2.9411694619353663,0.010151281410622826,True,950,-0.005034613235988417,2.811698668357084,2.854622406878384
Block G other windows (B2),G1_wide_gap,1.3,0,2600,2.8168409601655604,2600,2.8168409601655604,0.005584998148879805,True,2550,-0.004424770495104813,2.725273347487824,2.765750374010022
Block G other windows (B2),G1_wide_gap,1.3,1,1500,2.9551768200972,1500,2.9551768200972,0.0018217997604770275,True,1450,-0.007882286482547407,2.858632569827585,2.937052054136567
Block G other windows (B2),G1_wide_gap,1.3,2,1000,2.870412296308336,1000,2.870412296308336,0.0059989395933612855,True,950,-0.006967288476994682,2.746204382289305,2.8129464111507936
Block G other windows (B2),G1_wide_gap,1.3,3,1800,3.064212379513504,1800,3.064212379513504,0.005361211796717669,True,1750,-0.003139393956749892,2.976199264715445,3.0087037530690015
Block G other windows (B2),G1_wide_gap,1.3,4,9600,2.66708122535872,9600,2.66708122535872,0.001983808102070217,True,9550,-0.03624251074850582,2.3683321530768584,2.651577225813397
Block G other windows (B2),G1_wide_gap,1.3,5,1250,2.8433001963774887,1250,2.8433001963774887,0.004249687208083053,True,1200,-0.006499747542160428,2.738691894676327,2.801944295167088
Block G other windows (B2),G1_wide_gap,1.3,6,3000,2.886439633164774,3000,2.886439633164774,0.010048107421626984,True,2950,-0.013868623093571397,2.663723482203664,2.7928701627069947
Block G other windows (B2),G1_wide_gap,1.3,7,950,2.84771871558584,950,2.84771871558584,0.006166980028134983,True,900,-0.006471461259812017,2.72738354612595,2.789000668808259
Block G other windows (B2),G1_wide_gap,1.3,9,1300,2.713579381761349,1300,2.713579381761349,0.0009466241927671426,True,1250,-0.009906317932664166,2.616391439108489,2.7051023755544437
Block G other windows (B2),G1_wide_gap,1.3,10,1100,3.003895482902599,1100,3.003895482902599,0.009411108644890032,True,1050,-0.002059937388255939,2.8874773136760616,2.9083833530005574
Block G other windows (B2),G1_wide_gap,1.3,11,3600,3.000615537186676,3600,3.000615537186676,0.004639648628959936,True,3550,-0.01792751279068483,2.7773794999349155,2.9547197882748093
Block G other windows (B2),G1_wide_gap,1.3,12,1050,2.7850629162199394,1050,2.7850629162199394,0.006648985928466633,True,1000,-0.0056918662902294415,2.67188479984136,2.724084979698547
Block G other windows (B2),G1_wide_gap,1.3,13,3300,3.078225160623775,3300,3.078225160623775,0.002141907249687769,True,3250,-0.011544136718236064,2.9378328767655493,3.0562533438372053
Block G other windows (B2),G1_wide_gap,1.3,14,2100,2.739937242747629,2100,2.739937242747629,0.005506401916593795,True,2050,-0.006262696652059141,2.632920190312208,2.6898672310809606
Block G other windows (B2),G1_wide_gap,1.3,15,1650,2.8530215843713247,1650,2.8530215843713247,0.0028061600185056434,True,1600,-0.008919209545622753,2.7431270559940297,2.8267212080720276
Block G other windows (B2),G1_wide_gap,1.3,16,6250,2.7289973850919873,6250,2.7289973850919873,6.749830935115497e-05,True,6200,-0.0281312675437575,2.4914936555115523,2.728428881481057
Block G other windows (B2),G1_wide_gap,1.3,18,1400,2.91540613910621,1400,2.91540613910621,0.0069011602697530705,True,1350,-0.0032259036044490763,2.8165331604161534,2.848028439037964
Block G other windows (B2),G1_wide_gap,1.3,19,1200,2.9297397790054465,1200,2.9297397790054465,0.0040883440688115336,True,1150,-0.007360337871168188,2.818507887265095,2.8900186785990045
Block G other windows (B2),G1_wide_gap,1.3,20,1900,3.0078646315922035,1900,3.0078646315922035,0.00410688865979747,True,1850,-0.004229452244260301,2.922396727692961,2.96575896804747
Block G other windows (B2),G1_wide_gap,1.3,21,7350,3.068390198108312,7350,3.068390198108312,0.014410956552473486,True,7300,-0.008156223833205356,2.840080554067959,2.9225961598391734
Block G other windows (B2),G1_wide_gap,1.3,22,2200,2.8861136884597958,2200,2.8861136884597958,0.0005427306640686247,True,2150,-0.007506777714565427,2.807954523958163,2.880843879018313
Block G other windows (B2),G1_wide_gap,1.3,23,1650,2.8965756401400267,1650,2.8965756401400267,0.012589255592744486,True,1600,-0.006825792063936298,2.7111403138582353,2.776334229468952
Block G other windows (B2),G1_wide_gap,1.3,24,1700,3.1246358392979228,1700,3.1246358392979228,0.01248572424392247,True,1650,-0.0007445750271601881,2.9834270393418354,2.991373990798358
Block G other windows (B2),G1_wide_gap,1.3,25,2650,2.9554015153479454,2650,2.9554015153479454,0.005491246362405278,True,2600,-0.003071478350892498,2.871163154248599,2.9013797396340304
Block G other windows (B2),G1_wide_gap,1.3,26,2500,2.833569901426583,2500,2.833569901426583,0.0028039205061243244,True,2450,-0.02317145593224401,2.600532593236504,2.8084146129680483
Block G other windows (B2),G1_wide_gap,1.3,27,1900,2.96045004738935,1900,2.96045004738935,7.41822708261175e-05,True,1850,-0.008357411062954512,2.8821856663453866,2.9597614670367633
Block G other windows (B2),G1_wide_gap,1.3,28,1650,2.8342292680780967,1650,2.8342292680780967,0.001265038703618604,True,1600,-0.008959595703442513,2.73864411490362,2.8224030341568604
Block G other windows (B2),G1_wide_gap,1.3,29,5550,3.0024963727525646,5550,3.0024963727525646,0.013924355751849582,True,5500,-0.004296489321494512,2.818094505738365,2.86157660820403
Block G other windows (B2),G1_wide_gap,1.3,30,1400,2.8303019840746635,1400,2.8303019840746635,0.004091621271808066,True,1350,-0.00601654615644609,2.7344303275088095,2.791494701532839
Block G other windows (B2),G1_wide_gap,1.3,31,1100,3.101162075943615,1100,3.101162075943615,0.0026757361894729215,True,1050,-0.009472281978688546,2.9799542350001644,3.0744647001271814
Block G other windows (B2),G1_wide_gap,1.3,32,1550,2.8555283907493014,1550,2.8555283907493014,0.00035241690178633434,True,1500,-0.0092404652729976,2.763444991349651,2.8521454922907252
Block G other windows (B2),G1_wide_gap,1.3,33,1500,3.145337719905328,1500,3.145337719905328,0.011211810365364006,True,1450,-0.0007916166769130761,3.0172733318687115,3.0257190786484762
Block G other windows (B2),G1_wide_gap,1.3,34,1500,2.7864491232838446,1500,2.7864491232838446,0.002528133004983779,True,1450,-0.007259398221540536,2.696355931263893,2.7631779257777027
Block G other windows (B2),G1_wide_gap,1.3,35,2150,2.8928725571407736,2150,2.8928725571407736,0.0008595641964057599,True,2100,-0.007021779174307241,2.8173994176503303,2.8846412182122614
Block G other windows (B2),G1_wide_gap,1.3,36,1250,3.208704375371913,1250,3.208704375371913,0.007743311100429917,True,1200,-0.00464266476421793,3.0746437648501472,3.1248940220394417
Block G other windows (B2),G1_wide_gap,1.3,37,2200,2.931138999338124,2200,2.931138999338124,0.006867235742471944,True,2150,-0.012702895886751442,2.74498322566236,2.865816210157454
Block G other windows (B2),G1_wide_gap,1.3,38,900,3.189962409824017,900,3.189962409824017,0.0003788610861978903,True,850,-0.012460590047037812,3.062586376209665,3.186203851771189
Block G other windows (B2),G1_wide_gap,1.3,39,1100,2.905581680041919,1100,2.905581680041919,0.009097475438771596,True,1050,-0.003402670302424582,2.7845448507366792,2.817492340558279
Block G other windows (B2),G1_wide_gap,1.5,0,1900,1.5414727459542048,1900,1.5414727459542048,0.010174439665207036,True,1850,-0.04669238826521971,1.4115667134374954,1.5182303542455493
Block G other windows (B2),G1_wide_gap,1.5,1,700,1.6779166590581402,700,1.6779166590581402,0.02711135488332017,True,650,-0.010138182546224783,1.5732001031104865,1.60170074051618
Block G other windows (B2),G1_wide_gap,1.5,2,500,1.677245555541405,500,1.677245555541405,0.04796827391736391,True,450,-0.006890915088608729,1.5247923285529517,1.5439421238962159
Block G other windows (B2),G1_wide_gap,1.5,3,850,1.7014241042546718,850,1.7014241042546718,0.022210775649393888,True,800,-0.009271698872047818,1.61315910502927,1.639153456051522
Block G other windows (B2),G1_wide_gap,1.5,4,9650,1.851843283805728,9650,1.851843283805728,0.12868129617571356,True,9600,-0.011586270291162215,1.3602199016102072,1.4008285863621295
Block G other windows (B2),G1_wide_gap,1.5,5,550,1.5788571430529088,550,1.5788571430529088,0.021281930105055302,True,500,-0.020328362033074754,1.4697923838392266,1.523075064551631
Block G other windows (B2),G1_wide_gap,1.5,6,3000,1.7731029426731564,3000,1.7731029426731564,0.08115092633154397,True,2950,-0.06951702009698879,1.3102726233819597,1.523818937447662
Block G other windows (B2),G1_wide_gap,1.5,7,400,1.559400484308562,400,1.559400484308562,0.011353598358610384,True,350,-0.045952457339530906,1.4228212246668361,1.5323411091832415
Block G other windows (B2),G1_wide_gap,1.5,9,550,1.4833335169689426,550,1.4833335169689426,0.001050685903282833,True,500,-0.045271867394029996,1.3771831540562782,1.4809258195947315
Block G other windows (B2),G1_wide_gap,1.5,10,500,1.7193046813840518,500,1.7193046813840518,0.04223290216047326,True,450,-0.006045117137284173,1.5833104369757458,1.6003389138975994
Block G other windows (B2),G1_wide_gap,1.5,11,3550,1.946447843125812,3550,1.946447843125812,0.09756101307014209,True,3500,-0.022973991693062246,1.5426726711099268,1.6196322851737537
Block G other windows (B2),G1_wide_gap,1.5,12,450,1.5333655363498013,450,1.5333655363498013,0.015074223072587323,True,400,-0.04118458862172858,1.4022346104933012,1.4982297635073845
Block G other windows (B2),G1_wide_gap,1.5,13,2700,1.7895939172815605,2700,1.7895939172815605,0.039739080407506844,True,2650,-0.039418682515139025,1.5638298917618851,1.67625500481108
Block G other windows (B2),G1_wide_gap,1.5,14,800,1.4991655431142887,800,1.4991655431142887,0.013230566381672748,True,750,-0.024582907009170096,1.4089489496249672,1.4675996349378155
Block G other windows (B2),G1_wide_gap,1.5,15,1100,1.6928562799838767,1100,1.6928562799838767,0.052431987290086024,True,1050,-0.0004353297173338433,1.543397674330733,1.544628373678365
Block G other windows (B2),G1_wide_gap,1.5,16,7250,1.8932433182485868,7250,1.8932433182485868,0.12278746590668543,True,7200,-0.0018996008312366364,1.4907737027769408,1.496905305966423
Block G other windows (B2),G1_wide_gap,1.5,18,650,1.6659893373028443,650,1.6659893373028443,0.03843466240404503,True,600,-0.0015441451626951874,1.5555722653936037,1.5598370245959132
Block G other windows (B2),G1_wide_gap,1.5,19,550,1.6863823880627333,550,1.6863823880627333,0.03839368052135406,True,500,-0.006126470730529299,1.5624933020852307,1.579541825904904
Block G other windows (B2),G1_wide_gap,1.5,20,900,1.6357587318603237,900,1.6357587318603237,0.006682665922348452,True,850,-0.026673247996583438,1.5477973407560717,1.618136171967545
Block G other windows (B2),G1_wide_gap,1.5,21,7250,1.6475268627384319,7250,1.6475268627384319,0.01764709375794027,True,7200,-0.3192757229043508,1.0766892030092723,1.6176279505733326
Block G other windows (B2),G1_wide_gap,1.5,22,1150,1.6202796378402955,1150,1.6202796378402955,0.01727475352978569,True,1100,-0.01371182021607531,1.5369332157171969,1.5738147104309421
Block G other windows (B2),G1_wide_gap,1.5,23,1250,1.5976967422569774,1250,1.5976967422569774,0.02612956046208037,True,1200,-0.17140117181287673,1.230733067728333,1.5491544247626226
Block G other windows (B2),G1_wide_gap,1.5,24,1300,1.853597825935488,1300,1.853597825935488,0.06949857018276706,True,1250,-0.0020414078858479456,1.6330786788025917,1.6393712377058918
Block G other windows (B2),G1_wide_gap,1.5,25,1750,1.6463143874281003,1750,1.6463143874281003,0.02127849239024915,True,1700,-0.01890776515805559,1.541692635235823,1.5909175106424982
Block G other windows (B2),G1_wide_gap,1.5,26,2550,1.9282890502489254,2550,1.9282890502489254,0.11932622478765165,True,2500,-0.002727343164746099,1.5336011619920593,1.5424206445545459
Block G other windows (B2),G1_wide_gap,1.5,27,850,1.6351257604281635,850,1.6351257604281635,0.0033146248993234373,True,800,-0.028003388719142652,1.5584496496727027,1.6270105412131275
Block G other windows (B2),G1_wide_gap,1.5,28,900,1.609389177570128,900,1.609389177570128,0.023758726773122074,True,850,-0.02098742355261729,1.4938137158083327,1.5480224276332877
Block G other windows (B2),G1_wide_gap,1.5,29,5350,1.5686720085466686,5350,1.5686720085466686,0.0014501362654573136,True,5300,-0.18806069470442566,1.1813036940346229,1.5657078674572746
Block G other windows (B2),G1_wide_gap,1.5,30,600,1.5676240408366322,600,1.5676240408366322,0.016470583920751736,True,550,-0.0248940776820179,1.4637724511210515,1.5262724074027587
Block G other windows (B2),G1_wide_gap,1.5,31,500,1.7087971419310775,500,1.7087971419310775,0.009362538564485767,True,450,-0.0488368621201154,1.5612091296041752,1.68505465591211
Block G other windows (B2),G1_wide_gap,1.5,32,700,1.5879759118507226,700,1.5879759118507226,0.013784482915691676,True,650,-0.023849414555161985,1.4898983126796126,1.5520522079283938
Block G other windows (B2),G1_wide_gap,1.5,33,950,1.6779896817901603,950,1.6779896817901603,0.006650484656806732,True,900,-0.07776870448012119,1.474235592089745,1.6619380771589394
Block G other windows (B2),G1_wide_gap,1.5,34,700,1.5995281644688009,700,1.5995281644688009,0.03370445593847071,True,650,-0.001030332297164982,1.5067954439220252,1.5095461593239776
Block G other windows (B2),G1_wide_gap,1.5,35,1050,1.639691721033013,1050,1.639691721033013,0.025171908179693503,True,1000,-0.0020773739051862528,1.565296748391951,1.5709683170725566
Block G other windows (B2),G1_wide_gap,1.5,36,750,1.7253032947603835,750,1.7253032947603835,0.003392839350201182,True,700,-0.08147720378166712,1.5158978957075122,1.7169319206944218
Block G other windows (B2),G1_wide_gap,1.5,37,1600,1.7809656736678405,1600,1.7809656736678405,0.07263554368293423,True,1550,-0.03745719573185324,1.4548113288804054,1.565779837761531
Block G other windows (B2),G1_wide_gap,1.5,38,350,1.786369415365231,350,1.786369415365231,0.009493773685902873,True,300,-0.0506897622422815,1.6340658315913648,1.7623439782817996
Block G other windows (B2),G1_wide_gap,1.5,39,500,1.610504865943415,500,1.610504865943415,0.02776729447058912,True,450,-0.02999156293912497,1.4653250490412508,1.540710363283627
Block G other windows (B2),G2_narrow_gap,1.3,0,7100,11.030223801471148,7100,11.030223801471148,0.0002691406923087669,True,7050,-0.0005719065007565582,10.907581353233605,10.99097740281807
Block G other windows (B2),G2_narrow_gap,1.3,1,5850,12.885450018983734,5850,12.885450018983734,0.001030046271508489,True,5800,-7.185258948094742e-05,12.76224429757722,12.7702782927426
Block G other windows (B2),G2_narrow_gap,1.3,2,4500,11.670636492660964,4500,11.670636492660964,0.0001374482354643547,True,4450,-0.0006862034365839875,11.546502849472663,11.649921485580894
Block G other windows (B2),G2_narrow_gap,1.3,3,7600,16.491488592572797,7600,16.491488592572797,0.00024344502478745866,True,7550,-0.00017383147583283076,16.36771371863595,16.41927657677793
Block G other windows (B2),G2_narrow_gap,1.3,5,6100,14.400030247146761,6100,14.400030247146761,0.0003861824008204451,True,6050,-0.00014601232897604177,14.274456220949608,14.308908565171349
Block G other windows (B2),G2_narrow_gap,1.3,6,7850,11.455680247789095,7850,11.455680247789095,0.00045036370576445606,True,7800,-0.00035090246628577404,11.327535987780346,11.383654838726441
Block G other windows (B2),G2_narrow_gap,1.3,7,4900,12.737011517624014,4900,12.737011517624014,0.00122875612008011,True,4850,-0.0006382532699653609,12.612649881913882,12.655163980168256
Block G other windows (B2),G2_narrow_gap,1.3,9,7400,16.94925832526303,7400,16.94925832526303,0.0005589242102250758,True,7350,-2.1453449581265716e-06,16.826095877367436,16.82656680995357
Block G other windows (B2),G2_narrow_gap,1.3,10,5400,13.431919850590255,5400,13.431919850590255,1.650815315601406e-05,True,5350,-0.0005777435794143138,13.308686407409217,13.428496458713589
Block G other windows (B2),G2_narrow_gap,1.3,11,7550,15.767117534962058,7550,15.767117534962058,0.000145031378553373,True,7500,-0.00029201213831697714,15.639365414478805,15.724723435904185
Block G other windows (B2),G2_narrow_gap,1.3,12,4850,12.024176194245895,4850,12.024176194245895,0.0009331319749432687,True,4800,-0.0005191615700592678,11.899488850363388,11.944061710608697
Block G other windows (B2),G2_narrow_gap,1.3,13,8000,14.848903127819124,8000,14.848903127819124,0.00013699568442238075,True,7950,-0.00037824137106667877,14.724355362954507,14.815787290925929
Block G other windows (B2),G2_narrow_gap,1.3,14,6550,11.316988984132308,6550,11.316988984132308,0.001314160365914141,True,6500,-3.922098632136439e-05,11.191528444890416,11.19516429082944
Block G other windows (B2),G2_narrow_gap,1.3,15,5950,12.001297563063641,5950,12.001297563063641,0.0002331234083619016,True,5900,-0.0005509836922406031,11.877464816643467,11.964480766110643
Block G other windows (B2),G2_narrow_gap,1.3,16,5550,12.669444360591719,5550,12.669444360591719,0.0006618918582335098,True,5500,-2.2837925171881324e-05,12.537064570185029,12.541479858990696
Block G other windows (B2),G2_narrow_gap,1.3,18,6150,13.809042182874398,6150,13.809042182874398,0.0002424783530834418,True,6100,-0.00031490322128613357,13.68675473386459,13.755843332029334
Block G other windows (B2),G2_narrow_gap,1.3,19,5000,12.065915295539341,5000,12.065915295539341,0.0007354175835940779,True,4950,-2.5754225219110083e-05,11.93847581751846,11.942787728417883
Block G other windows (B2),G2_narrow_gap,1.3,20,7400,15.18211490082196,7400,15.18211490082196,0.0002758298465765918,True,7350,-0.0002337181672240618,15.057805602231445,15.114823470319633
Block G other windows (B2),G2_narrow_gap,1.3,22,7200,13.270425115632177,7200,13.270425115632177,0.00031548997869990103,True,7150,-0.00021158156520550975,13.1484073601394,13.197388770706041
Block G other windows (B2),G2_narrow_gap,1.3,23,6500,14.631716463304478,6500,14.631716463304478,0.00010700092000393013,True,6450,-0.0004370010649408229,14.50847970069883,14.607476759512865
Block G other windows (B2),G2_narrow_gap,1.3,24,7000,16.17629239000564,7000,16.17629239000564,2.671893637007372e-06,True,6950,-0.00043891174819865597,16.0510416092092,16.175534534114853
Block G other windows (B2),G2_narrow_gap,1.3,25,8900,16.618404701071057,8900,16.618404701071057,6.422367721548028e-05,True,8850,-0.0003239165149189205,16.49475890719935,16.597945630571296
Block G other windows (B2),G2_narrow_gap,1.3,26,7500,17.14101434366068,7500,17.14101434366068,1.032731958927613e-05,True,7450,-0.00031848867980910356,17.01371518265598,17.13701618322582
Block G other windows (B2),G2_narrow_gap,1.3,27,6250,12.173108097325485,6250,12.173108097325485,0.000697729238201994,True,6200,-2.128952758617686e-05,12.053751096935022,12.05728515511726
Block G other windows (B2),G2_narrow_gap,1.3,28,8900,19.788117456140938,8900,19.788117456140938,7.615198966348657e-05,True,8850,-0.00026462664475479514,19.662869476618447,19.760128956045413
Block G other windows (B2),G2_narrow_gap,1.3,29,10300,13.054617261887497,10300,13.054617261887497,8.237399398902667e-05,True,10250,-0.0005767569178929399,12.929051417750754,13.03892484039172
Block G other windows (B2),G2_narrow_gap,1.3,30,7450,16.783084873016456,7450,16.783084873016456,0.00016895023899454742,True,7400,-0.00017279000608549921,16.660271368165528,16.722368082134942
Block G other windows (B2),G2_narrow_gap,1.3,31,5350,13.707794686612793,5350,13.707794686612793,0.00016440086748525928,True,5300,-0.0004679913573237826,13.583512378712602,13.675485435438759
Block G other windows (B2),G2_narrow_gap,1.3,32,7200,15.854766476568436,7200,15.854766476568436,0.00028434812860744785,True,7150,-0.00013710218185680745,15.730015004034291,15.770597959247777
Block G other windows (B2),G2_narrow_gap,1.3,33,5850,13.60069238082658,5850,13.60069238082658,0.000620723735154538,True,5800,-1.3142313893599322e-05,13.478092459960623,13.480634395509577
Block G other windows (B2),G2_narrow_gap,1.3,34,4950,10.42958695171416,4950,10.42958695171416,0.0004281869358346846,True,4900,-0.0005704308246476941,10.307796855210404,10.37736584139487
Block G other windows (B2),G2_narrow_gap,1.3,35,7750,14.682040783718671,7750,14.682040783718671,0.00028068293018534973,True,7700,-0.0001947109892252996,14.557703960365119,14.608629613563028
Block G other windows (B2),G2_narrow_gap,1.3,36,7550,18.92202323830594,7550,18.92202323830594,0.00024043167130516352,True,7500,-0.000570211192912673,18.798225960720906,18.885305729688234
Block G other windows (B2),G2_narrow_gap,1.3,37,6950,11.045141900582182,6950,11.045141900582182,0.0008332049801005326,True,6900,-0.00014037579946180045,10.91697760391681,10.935456980240312
Block G other windows (B2),G2_narrow_gap,1.3,38,5650,15.11375313758218,5650,15.11375313758218,0.0003301846891416993,True,5600,-0.00020094486739807849,14.990879189475871,15.037366696911453
Block G other windows (B2),G2_narrow_gap,1.3,39,5100,12.938410888124587,5100,12.938410888124587,6.019433343329439e-05,True,5050,-0.0006539878274711697,12.8109856753488,12.927670945060312
Block G other windows (B2),G2_narrow_gap,1.5,0,4850,5.729816529124992,4850,5.729816529124992,0.000621294870236877,True,4800,-0.0024401420110624628,5.615082435322618,5.706532134677364
Block G other windows (B2),G2_narrow_gap,1.5,1,3050,6.565934236955259,3050,6.565934236955259,0.0006641286532649282,True,3000,-0.0016839242544461897,6.462548415595569,6.536692354849106
Block G other windows (B2),G2_narrow_gap,1.5,2,2250,6.082859241350721,2250,6.082859241350721,0.0018850674812429524,True,2200,-0.0009973893865207195,5.9696414525760355,6.00881713709437
Block G other windows (B2),G2_narrow_gap,1.5,3,4150,8.383332054113286,4150,8.383332054113286,0.0007054412511413588,True,4100,-0.0009553714090566601,8.283103762433502,8.340759418934844
Block G other windows (B2),G2_narrow_gap,1.5,5,3250,7.344338319241001,3250,7.344338319241001,0.00046805457902987513,True,3200,-0.001293243990102333,7.239199345615019,7.316398264725208
Block G other windows (B2),G2_narrow_gap,1.5,6,6150,6.008930652048374,6150,6.008930652048374,0.003245958373427893,True,6100,-0.00011099338291797878,5.867717319346933,5.872386360383946
Block G other windows (B2),G2_narrow_gap,1.5,7,2450,6.50978557854366,2450,6.50978557854366,0.0012689231490954356,True,2400,-0.0011305965238679327,6.399841661125429,6.451644616631088
Block G other windows (B2),G2_narrow_gap,1.5,9,3950,8.581055331342458,3950,8.581055331342458,4.97371371892541e-05,True,3900,-0.0012528061047394345,8.479730230605307,8.577186269438137
Block G other windows (B2),G2_narrow_gap,1.5,10,2750,6.957565405401318,2750,6.957565405401318,0.0016582241226474892,True,2700,-0.00033980489095686295,6.850084764374477,6.868364002191057
Block G other windows (B2),G2_narrow_gap,1.5,11,4500,8.112229773189533,4500,8.112229773189533,0.0012773674669794843,True,4450,-0.0003128282444042618,7.991902087842555,8.01557332421356
Block G other windows (B2),G2_narrow_gap,1.5,12,2450,6.23494717781164,2450,6.23494717781164,0.0017270781241665034,True,2400,-0.0004870943147685658,6.124937572843486,6.149138512304052
Block G other windows (B2),G2_narrow_gap,1.5,13,4900,7.61269311351977,4900,7.61269311351977,0.0005685864779594318,True,4850,-0.001347913690254554,7.502750354448169,7.580075341189533
Block G other windows (B2),G2_narrow_gap,1.5,14,4100,5.796511485944186,4100,5.796511485944186,0.00027404946741915737,True,4050,-0.002935680417874398,5.678806893167741,5.786461767707468
Block G other windows (B2),G2_narrow_gap,1.5,15,3600,6.207099883776284,3600,6.207099883776284,0.0013318306554421788,True,3550,-0.0015095574237977694,6.091815320631663,6.1530630852069255
Block G other windows (B2),G2_narrow_gap,1.5,16,3900,6.442047580881905,3900,6.442047580881905,0.0001566949865150491,True,3850,-0.0028140694572451608,6.300651156322517,6.434589530518421
Block G other windows (B2),G2_narrow_gap,1.5,18,3250,7.151247456937947,3250,7.151247456937947,0.0007412090436096364,True,3200,-0.0010899123169654246,7.048083943015784,7.109488493749597
Block G other windows (B2),G2_narrow_gap,1.5,19,2600,6.2253786009531735,2600,6.2253786009531735,0.0021175504152015634,True,2550,-0.00043161126980439946,6.115413913382693,6.13403258269469
Block G other windows (B2),G2_narrow_gap,1.5,20,4150,7.75599990704108,4150,7.75599990704108,0.0005912581422062857,True,4100,-0.0010291559428328156,7.6559571461830735,7.719496214884723
Block G other windows (B2),G2_narrow_gap,1.5,21,9800,7.507043607112319,9800,7.507043607112319,0.0017777597930925815,True,9750,-0.00020954144115137296,7.386577219509777,7.399279219605973
Block G other windows (B2),G2_narrow_gap,1.5,22,4100,6.797995077782104,4100,6.797995077782104,0.0010725542021989831,True,4050,-0.0005769043973291588,6.701161844836437,6.735029635098002
Block G other windows (B2),G2_narrow_gap,1.5,23,3700,7.541815013319061,3700,7.541815013319061,0.0004639698546125004,True,3650,-0.0013505668662254777,7.426566248037283,7.512346360379724
Block G other windows (B2),G2_narrow_gap,1.5,24,4000,8.289861015563037,4000,8.289861015563037,0.0005101412455474907,True,3950,-0.0010192569911766647,8.178951505309314,8.252866389608005
Block G other windows (B2),G2_narrow_gap,1.5,25,5400,8.517522952572495,5400,8.517522952572495,0.0002723113403195754,True,5350,-0.0009460221269761426,8.418650961914096,8.495423941900142
Block G other windows (B2),G2_narrow_gap,1.5,26,4700,8.855876747351042,4700,8.855876747351042,0.0006076368669436505,True,4650,-0.0005523395777959905,8.739073394529298,8.794691002003386
Block G other windows (B2),G2_narrow_gap,1.5,27,3450,6.339994001020343,3450,6.339994001020343,0.002150564619941342,True,3400,-6.07945530637366e-05,6.244420292209535,6.247047798850123
Block G other windows (B2),G2_narrow_gap,1.5,28,5000,10.111067648905292,5000,10.111067648905292,0.0004305147007026555,True,4950,-0.0002734554022953972,10.00851709125644,10.048352595460461
Block G other windows (B2),G2_narrow_gap,1.5,29,8100,6.7936752840412264,8100,6.7936752840412264,0.0013626167165421421,True,8050,-0.0011446557874319474,6.668537747641059,6.725667319731205
Block G other windows (B2),G2_narrow_gap,1.5,30,4050,8.626539358025797,4050,8.626539358025797,0.0006437397513865406,True,4000,-0.0004878398673522355,8.52613878336632,8.569422881288267
Block G other windows (B2),G2_narrow_gap,1.5,31,2700,7.051777927491188,2700,7.051777927491188,3.5527389092848694e-06,True,2650,-0.002079682057059884,6.942199493253908,7.05159105294028
Block G other windows (B2),G2_narrow_gap,1.5,32,3950,8.184335287326643,3950,8.184335287326643,0.0013270644280352073,True,3900,-0.00011110862849239567,8.0817992216844,8.089720828595896
Block G other windows (B2),G2_narrow_gap,1.5,33,3150,7.029052530601575,3150,7.029052530601575,0.002235292444321413,True,3100,-1.6136001752542484e-06,6.9188417082163305,6.918921209187215
Block G other windows (B2),G2_narrow_gap,1.5,34,2600,5.414519321805585,2600,5.414519321805585,0.0019881766504403764,True,2550,-0.001262824183716038,5.312134522466569,5.3519050446060294
Block G other windows (B2),G2_narrow_gap,1.5,35,4450,7.474617796446428,4450,7.474617796446428,8.209351319177216e-06,True,4400,-0.0014853385744801884,7.376532297173546,7.474078665221418
Block G other windows (B2),G2_narrow_gap,1.5,36,4000,9.627007760436939,4000,9.627007760436939,0.0006074948941536817,True,3950,-0.00039543249953277737,9.522645536169243,9.563793295676824
Block G other windows (B2),G2_narrow_gap,1.5,37,4550,5.702447141034586,4550,5.702447141034586,0.002232636549175382,True,4500,-0.00201655011729418,5.5605642420752135,5.627898063579525
Block G other windows (B2),G2_narrow_gap,1.5,38,2800,7.730887453255493,2800,7.730887453255493,2.886796422130189e-05,True,2750,-0.0018241595957055878,7.623357833908952,7.729212269749777
Block G other windows (B2),G2_narrow_gap,1.5,39,2550,6.626201250994925,2550,6.626201250994925,3.7497981635326028e-06,True,2500,-0.002504603481728207,6.513463925280417,6.626032717232032
Block G other windows (B2),G3_far_outer,1.3,0,4400,5.972400878796801,4400,5.972400878796801,0.0002296389220211026,True,4350,-0.0018785012583459881,5.862858065858762,5.9604684211203525
Block G other windows (B2),G3_far_outer,1.3,1,3050,6.081525126489974,3050,6.081525126489974,0.000705328982697484,True,3000,-0.0015041769588228782,5.968337839238924,6.045392942968378
Block G other windows (B2),G3_far_outer,1.3,2,2200,5.754963653917897,2200,5.754963653917897,0.0015851228042542687,True,2150,-0.0010278224776838485,5.631599149008858,5.68012554256571
Block G other windows (B2),G3_far_outer,1.3,3,4200,7.202213226316996,4200,7.202213226316996,0.00018825326555171884,True,4150,-0.0014604068031998096,7.090483659526481,7.189455316905796
Block G other windows (B2),G3_far_outer,1.3,4,9000,5.2258397401782135,9000,5.2258397401782135,0.0023582184052042265,True,8950,-0.0015539668585149435,5.0614849148030645,5.126768620571945
Block G other windows (B2),G3_far_outer,1.3,5,2800,6.518353261915407,2800,6.518353261915407,0.0006709789282282053,True,2750,-0.0014102619145828221,6.395470608307989,6.478736669006352
Block G other windows (B2),G3_far_outer,1.3,6,3950,5.711038027434839,3950,5.711038027434839,0.000786407350049867,True,3900,-0.0022714372158483265,5.561848194394435,5.6726698309070915
Block G other windows (B2),G3_far_outer,1.3,7,2300,6.166493303531131,2300,6.166493303531131,0.00012715705375976327,True,2250,-0.002159339094890189,6.04278345819534,6.15961352835055
Block G other windows (B2),G3_far_outer,1.3,9,2550,5.199057141841425,2550,5.199057141841425,0.001848230702582665,True,2500,-0.0019036315987905894,5.088440230717358,5.144565384164304
Block G other windows (B2),G3_far_outer,1.3,10,2550,6.340948830751775,2550,6.340948830751775,0.0005210403419138032,True,2500,-0.0015539655754484016,6.220353793124399,6.3106670474022835
Block G other windows (B2),G3_far_outer,1.3,11,4650,6.31792374185291,4650,6.31792374185291,0.001635817240362769,True,4600,-0.0019091836918274652,6.1803873360126795,6.25445847677836
Block G other windows (B2),G3_far_outer,1.3,12,2400,5.871006096152321,2400,5.871006096152321,0.0006577645035381607,True,2350,-0.0015679319339674258,5.7505264553402204,5.8354005078116025
Block G other windows (B2),G3_far_outer,1.3,13,4600,6.661859284942,4600,6.661859284942,0.0010816181306156913,True,4550,-0.0010347511005992516,6.54047840552222,6.599824854487186
Block G other windows (B2),G3_far_outer,1.3,14,3100,5.425610621608656,3100,5.425610621608656,0.0004692070193574871,True,3050,-0.0019299175563673998,5.319643972732217,5.404886272413244
Block G other windows (B2),G3_far_outer,1.3,15,3250,6.273344955364663,3250,6.273344955364663,0.0018757535130795588,True,3200,-0.0002007980229734585,6.154730993866064,6.1662007062967215
Block G other windows (B2),G3_far_outer,1.3,16,6150,6.084679706157658,6150,6.084679706157658,0.002167270155949197,True,6100,-0.0004303949872213053,5.937194090258984,5.961630292106217
Block G other windows (B2),G3_far_outer,1.3,18,3250,6.804718876152302,3250,6.804718876152302,0.0010353589954577025,True,3200,-0.0008278760515532113,6.689441283694271,6.740661637363454
Block G other windows (B2),G3_far_outer,1.3,19,2300,5.720899436080905,2300,5.720899436080905,0.0001199903118189738,True,2250,-0.0037923540256441512,5.594789563358648,5.717031687834285
Block G other windows (B2),G3_far_outer,1.3,20,3950,6.953716922083266,3950,6.953716922083266,0.0009167288342544211,True,3900,-0.0008388493829638577,6.842084390171749,6.895424582932312
Block G other windows (B2),G3_far_outer,1.3,21,9500,6.720211902250205,9500,6.720211902250205,0.0010489956879893292,True,9450,-0.0013909747699267783,6.576619664419099,6.658478516165599
Block G other windows (B2),G3_far_outer,1.3,22,4000,5.950129846587536,4000,5.950129846587536,0.0018282356889565143,True,3950,-0.0008873860798956912,5.847174394921693,5.8808172371265774
Block G other windows (B2),G3_far_outer,1.3,23,7100,7.105045231341926,7100,7.105045231341926,0.0009512794520172285,True,7050,-0.001077208214482983,6.961980539115015,7.0379536220252
Block G other windows (B2),G3_far_outer,1.3,24,3450,7.5065561698549,3450,7.5065561698549,0.0011529853412532987,True,3400,-0.0006071789900334856,7.375552525262987,7.420742999356888
Block G other windows (B2),G3_far_outer,1.3,25,5100,7.628823114994634,5100,7.628823114994634,0.0009556397485837032,True,5050,-0.0005332268592441736,7.515292126780277,7.555952433052273
Block G other windows (B2),G3_far_outer,1.3,26,6900,6.735755642593843,6900,6.735755642593843,8.547116473511807e-05,True,6850,-0.0021329955353697194,6.593114134913512,6.73026007405525
Block G other windows (B2),G3_far_outer,1.3,27,3800,6.308747624286242,3800,6.308747624286242,0.00019496404828789338,True,3750,-0.0017474366056422497,6.204107182926523,6.298244577954969
Block G other windows (B2),G3_far_outer,1.3,28,3950,7.615541688013511,3950,7.615541688013511,0.0006412016287775657,True,3900,-0.0007228078713259478,7.498686764702835,7.560609836621129
Block G other windows (B2),G3_far_outer,1.3,29,7050,6.271740266321203,7050,6.271740266321203,0.0021417027229500007,True,7000,-0.000413742037192133,6.130587222888729,6.153440758467551
Block G other windows (B2),G3_far_outer,1.3,30,3450,7.00825607281391,3450,7.00825607281391,0.0009159826137530303,True,3400,-0.0007925666690398181,6.892923730348436,6.946424423258506
Block G other windows (B2),G3_far_outer,1.3,31,2650,6.8322515583503005,2650,6.8322515583503005,0.0016419099673261606,True,2600,-0.00048050387487830193,6.707594356031188,6.7358161229433415
Block G other windows (B2),G3_far_outer,1.3,32,3750,7.383810212039943,3750,7.383810212039943,0.0001807099221040609,True,3700,-0.0014527272565763028,7.267587346529006,7.370952279548067
Block G other windows (B2),G3_far_outer,1.3,33,2950,6.594681441417569,2950,6.594681441417569,0.0020537392016302114,True,2900,-0.0001090319065171208,6.471656771977507,6.477858821841757
Block G other windows (B2),G3_far_outer,1.3,34,2850,5.360991119357943,2850,5.360991119357943,0.0008956281045162662,True,2800,-0.0016039671357690466,5.253748562618916,5.322565118912891
Block G other windows (B2),G3_far_outer,1.3,35,4300,6.744481324175229,4300,6.744481324175229,0.0012836560921600793,True,4250,-0.00038876038315516226,6.636298143791389,6.661445788099926
Block G other windows (B2),G3_far_outer,1.3,36,3150,7.881138066595264,3150,7.881138066595264,0.0005976287784315026,True,3100,-0.001015811893366081,7.756816415342328,7.835088529187669
Block G other windows (B2),G3_far_outer,1.3,37,2600,5.548638071199851,2600,5.548638071199851,0.0020014595392399137,True,2550,-0.0025092252502019186,5.41204470868643,5.488029515922555
Block G other windows (B2),G3_far_outer,1.3,38,2600,7.533238822819636,2600,7.533238822819636,8.291988794706384e-06,True,2550,-0.0018821132369248872,7.408240812614549,7.532690537147401
Block G other windows (B2),G3_far_outer,1.3,39,2400,6.084608217898335,2400,6.084608217898335,0.0013603898317016139,True,2350,-0.0011305978870246314,5.9562133169820015,6.014488595735672
Block G other windows (B2),G3_far_outer,1.5,0,2900,3.181046206764389,2900,3.181046206764389,0.0027500690361002,True,2850,-0.005595797779269773,3.0687838644304546,3.1440543402030787
Block G other windows (B2),G3_far_outer,1.5,1,1500,3.2380234888611774,1500,3.2380234888611774,0.006889532794611686,True,1450,-0.001508794981973427,3.1341209687585816,3.152787494418876
Block G other windows (B2),G3_far_outer,1.5,2,1050,3.098450231055556,1050,3.098450231055556,0.009580129785959901,True,1000,-0.0003095270451392018,2.9739617761289963,2.9778580229114118
Block G other windows (B2),G3_far_outer,1.5,3,2150,3.738329293608935,2150,3.738329293608935,0.0005715866071316356,True,2100,-0.004821554857388222,3.645995102888212,3.728543348414745
Block G other windows (B2),G3_far_outer,1.5,4,8500,2.9120374257292743,8500,2.9120374257292743,0.017346374065020598,True,8450,-0.006973574049106368,2.6380659763675496,2.71662536228808
Block G other windows (B2),G3_far_outer,1.5,5,1300,3.399433899589064,1300,3.399433899589064,0.002297965950202041,True,1250,-0.005515003283001363,3.2822961264200607,3.3649811062667876
Block G other windows (B2),G3_far_outer,1.5,6,3350,3.061674119386014,3350,3.061674119386014,0.006309415027790255,True,3300,-0.01231979153642504,2.831333357105795,2.983661378369167
Block G other windows (B2),G3_far_outer,1.5,7,1100,3.293513658499943,1100,3.293513658499943,0.004909393809626739,True,1050,-0.0035657811319915744,3.172898044315608,3.2236449473877884
Block G other windows (B2),G3_far_outer,1.5,9,1200,2.7669715897528078,1200,2.7669715897528078,0.007144105415315405,True,1150,-0.006470629490717972,2.661812775608989,2.7117912532440096
Block G other windows (B2),G3_far_outer,1.5,10,1200,3.3715231202916387,1200,3.3715231202916387,0.004883027297867049,True,1150,-0.002951435932160962,3.2534738734521733,3.297945942393812
Block G other windows (B2),G3_far_outer,1.5,11,3650,3.3865044301667435,3650,3.3865044301667435,0.01075066240226441,True,3600,-0.006524648771847108,3.208181256288696,3.2755314802996462
Block G other windows (B2),G3_far_outer,1.5,12,1150,3.171973186581101,1150,3.171973186581101,0.007446607026354357,True,1100,-0.0006313630785768076,3.0544677033868513,3.0636517709998135
Block G other windows (B2),G3_far_outer,1.5,13,2950,3.475637115448721,2950,3.475637115448721,0.0034291043360998863,True,2900,-0.005277410845022423,3.34954161333273,3.425973774367531
Block G other windows (B2),G3_far_outer,1.5,14,1550,2.847731362310939,1550,2.847731362310939,0.0006193897614128474,True,1500,-0.007686051902367819,2.7551410571068424,2.84082631266143
Block G other windows (B2),G3_far_outer,1.5,15,1850,3.322768112183986,1850,3.322768112183986,0.006181160139991704,True,1800,-0.002169769554293488,3.1994837094351265,3.2315159206255513
Block G other windows (B2),G3_far_outer,1.5,16,5950,3.2174882586923452,5950,3.2174882586923452,0.007291554396384292,True,5900,-0.007520985591633611,3.006888311562423,3.113819274735802
Block G other windows (B2),G3_far_outer,1.5,18,1600,3.5996065999996794,1600,3.5996065999996794,0.003618371471575621,True,1550,-0.0030938335007553164,3.4922269205755923,3.5417210660720517
Block G other windows (B2),G3_far_outer,1.5,19,1050,3.0485637952941165,1050,3.0485637952941165,0.006402773932089545,True,1000,-0.008457232350328248,2.921574238237728,2.9938474371637516
Block G other windows (B2),G3_far_outer,1.5,20,2050,3.6425395597172363,2050,3.6425395597172363,0.003543538658406842,True,2000,-0.0022475949174047827,3.5479565674166187,3.5846651409601
Block G other windows (B2),G3_far_outer,1.5,21,8650,3.5332778585352793,8650,3.5332778585352793,0.002703422243997,True,8600,-0.01184406448230968,3.321265334880183,3.4938786562374236
Block G other windows (B2),G3_far_outer,1.5,22,2200,3.1727512932805677,2200,3.1727512932805677,0.00876890601727709,True,2150,-0.0001177166034573851,3.082824427747017,3.084015643535283
Block G other windows (B2),G3_far_outer,1.5,23,5900,3.7789424405128407,5900,3.7789424405128407,0.0042801668892940015,True,5850,-0.0073084557177423015,3.5716748448621853,3.7023897793200544
Block G other windows (B2),G3_far_outer,1.5,24,2050,3.9032024539161676,2050,3.9032024539161676,0.00245488874217914,True,2000,-0.005349885132520882,3.7563907654572755,3.8570247725375513
Block G other windows (B2),G3_far_outer,1.5,25,3100,4.004324718262403,3100,4.004324718262403,0.0032056574374124125,True,3050,-0.0019268119165820607,3.9038287186369933,3.94155654052771
Block G other windows (B2),G3_far_outer,1.5,26,6300,3.5232946013318203,6300,3.5232946013318203,0.00028269743464726105,True,6250,-0.012095198498527804,3.3265657423582886,3.518801532069229
Block G other windows (B2),G3_far_outer,1.5,27,1950,3.3676540958910066,1950,3.3676540958910066,0.004135512564988897,True,1900,-0.0020336176960595864,3.280228254514234,3.3090476716108808
Block G other windows (B2),G3_far_outer,1.5,28,2050,3.980643525371629,2050,3.980643525371629,0.002601407603457506,True,2000,-0.002169161484332438,3.8763265757151535,3.9237591367353946
Block G other windows (B2),G3_far_outer,1.5,29,6200,3.3390472708367667,6200,3.3390472708367667,0.00759607399874751,True,6150,-0.006206835720520054,3.1437676449202105,3.2315801846151375
Block G other windows (B2),G3_far_outer,1.5,30,1700,3.700180719542655,1700,3.700180719542655,0.004747656719391369,True,1650,-0.0011374208373000627,3.596965926014191,3.616914457829785
Block G other windows (B2),G3_far_outer,1.5,31,1250,3.5785793098282,1250,3.5785793098282,0.003527862855132291,True,1200,-0.004705139092209265,3.4559645954206224,3.5260385841952098
Block G other windows (B2),G3_far_outer,1.5,32,1900,3.8952031623400156,1900,3.8952031623400156,0.0031554902568258214,True,1850,-0.002323902552924917,3.793476710879763,3.8366206081064393
Block G other windows (B2),G3_far_outer,1.5,33,1600,3.4832154373724804,1600,3.4832154373724804,0.00624352825382557,True,1550,-0.0030652135241378,3.348261660220851,3.3926996898413435
Block G other windows (B2),G3_far_outer,1.5,34,1400,2.8816772678435107,1400,2.8816772678435107,0.0072025755182068,True,1350,-0.0013618591142088299,2.7841869666776784,2.7996892223300405
Block G other windows (B2),G3_far_outer,1.5,35,2250,3.496935258951808,2250,3.496935258951808,0.0024463886416890013,True,2200,-0.0028558678091825662,3.4102844006716926,3.4569557375059463
Block G other windows (B2),G3_far_outer,1.5,36,1600,4.091705132118008,1600,4.091705132118008,0.0008797188610132345,True,1550,-0.0057667756977739515,3.96369487104124,4.074761908878085
Block G other windows (B2),G3_far_outer,1.5,37,1800,2.9746271210643846,1800,2.9746271210643846,0.01152845394973312,True,1750,-0.010210497430743093,2.8012563031243327,2.882686279214741
Block G other windows (B2),G3_far_outer,1.5,38,1200,4.00321449169052,1200,4.00321449169052,0.0033080975520616285,True,1150,-0.0037702178143024234,3.881192074539865,3.946186507123611
Block G other windows (B2),G3_far_outer,1.5,39,1100,3.150959797419906,1100,3.150959797419906,0.0012869306857550278,True,1050,-0.008873583935990137,3.0222982225541073,3.134663523566021
Block G other windows (B2),G4_shifted,1.3,0,2050,2.2375466171224496,2050,2.2375466171224496,0.006418696804979529,True,2000,-0.001403571676940718,2.16455496588261,2.177652063555768
Block G other windows (B2),G4_shifted,1.3,1,1250,2.3640452942848804,1250,2.3640452942848804,0.009355216368989172,True,1200,-0.002235625683760123,2.2754842753111637,2.292565802925514
Block G other windows (B2),G4_shifted,1.3,2,800,2.308938685640665,800,2.308938685640665,0.014382526359237868,True,750,-0.0019783503553156834,2.1916086237887,2.2057961256936296
Block G other windows (B2),G4_shifted,1.3,3,1750,2.4687743786319403,1750,2.4687743786319403,0.0006691455509781896,True,1700,-0.006543980468053601,2.3975101659757563,2.4621633571806263
Block G other windows (B2),G4_shifted,1.3,4,2100,2.615440767187607,2100,2.615440767187607,0.01007104320514074,True,2050,-0.0009830231112686327,2.486556117003161,2.4980176539790167
Block G other windows (B2),G4_shifted,1.3,5,1950,5.185495982934548,1950,5.185495982934548,0.002164023549531713,True,1900,-0.003021593142164214,5.05504314329595,5.131056360057431
Block G other windows (B2),G4_shifted,1.3,6,1100,2.3558919987831843,1100,2.3558919987831843,0.008909462359004472,True,1050,-0.004593985956202751,2.22763886761649,2.2712716545658274
Block G other windows (B2),G4_shifted,1.3,7,700,2.262505243765299,700,2.262505243765299,0.0036223174133560576,True,650,-0.010551620030607278,2.1409872609553657,2.231449885512974
Block G other windows (B2),G4_shifted,1.3,8,2200,2.307712014452881,2200,2.307712014452881,0.014446686521403684,True,2150,-0.0060562552954044335,2.162741445868363,2.205563533621059
Block G other windows (B2),G4_shifted,1.3,9,1350,2.511707130995593,1350,2.511707130995593,0.004764446680660672,True,1300,-0.003518864487960016,2.4249286130952887,2.461793320787784
Block G other windows (B2),G4_shifted,1.3,10,800,2.191418508318231,800,2.191418508318231,0.0049879994700541275,True,750,-0.00855759808380796,2.0761246525743418,2.1489629659130864
Block G other windows (B2),G4_shifted,1.3,11,1400,2.174851185462657,1400,2.174851185462657,0.0015052810972639996,True,1350,-0.014733750597037965,2.0706500006527224,2.1651922306210367
Block G other windows (B2),G4_shifted,1.3,12,850,2.203432366171863,850,2.203432366171863,0.007554199395516825,True,800,-0.00513598358996159,2.0971359684859396,2.1401563532047145
Block G other windows (B2),G4_shifted,1.3,13,1900,2.4776011754608223,1900,2.4776011754608223,0.00642267802016816,True,1850,-0.001713947882211464,2.3957305211803512,2.4129762488570092
Block G other windows (B2),G4_shifted,1.3,14,1400,2.210359214612114,1400,2.210359214612114,0.008303607601379603,True,1350,-0.0003819939750062673,2.1348192897490317,2.13814154623482
Block G other windows (B2),G4_shifted,1.3,15,1350,2.3696156282997682,1350,2.3696156282997682,0.0075268806330557325,True,1300,-0.001093686865021315,2.2837154312040915,2.2946135440356703
Block G other windows (B2),G4_shifted,1.3,16,1050,2.2051977083488197,1050,2.2051977083488197,0.008313835202751196,True,1000,-0.0032252873770812762,2.1057193423707448,2.1335244303106644
Block G other windows (B2),G4_shifted,1.3,17,2300,2.3480476449303627,2300,2.3480476449303627,0.006149980184244619,True,2250,-0.018121786051648936,2.1742093132285483,2.304000488047017
Block G other windows (B2),G4_shifted,1.3,18,1150,2.3488660134215027,1150,2.3488660134215027,0.005139171387607,True,1100,-0.004778356502533665,2.258062288839889,2.3018123617023183
Block G other windows (B2),G4_shifted,1.3,19,1750,5.375750550160801,1750,5.375750550160801,0.0034159627122392067,True,1700,-0.002409072018439762,5.228754798710278,5.289548144676767
Block G other windows (B2),G4_shifted,1.3,20,1500,2.1970752317107354,1500,2.1970752317107354,0.010309080154237371,True,1450,-0.0003207564932776741,2.123348539109331,2.12557325019041
Block G other windows (B2),G4_shifted,1.3,21,4100,2.209663849544847,4100,2.209663849544847,0.016533525322377063,True,4050,-0.010789909370874096,2.026127309162933,2.0986051165541744
Block G other windows (B2),G4_shifted,1.3,22,1900,2.323620329332122,1900,2.323620329332122,0.007380207945507422,True,1850,-0.0014832053750635232,2.2585408305008077,2.269431246978286
Block G other windows (B2),G4_shifted,1.3,23,850,2.4448299906896818,850,2.4448299906896818,0.003582004564726571,True,800,-0.009085506380333896,2.321014170969799,2.4098184692198763
Block G other windows (B2),G4_shifted,1.3,24,900,2.413343127154205,900,2.413343127154205,0.00419216561815583,True,850,-0.010573351338032833,2.287134744965823,2.377510555758088
Block G other windows (B2),G4_shifted,1.3,25,1900,2.0000753049144246,1900,2.0000753049144246,0.002468848832776871,True,1850,-0.007228916184174761,1.9258543890658473,1.981180206802634
Block G other windows (B2),G4_shifted,1.3,26,1250,2.3534294807207243,1250,2.3534294807207243,0.0007929939433042321,True,1200,-0.010693462304266266,2.246442079894691,2.346043359271574
Block G other windows (B2),G4_shifted,1.3,27,2950,5.413608487037777,2950,5.413608487037777,0.0012896906912258643,True,2900,-0.003102701287458043,5.310689610378399,5.383389527112713
Block G other windows (B2),G4_shifted,1.3,28,1550,2.5128817713635407,1550,2.5128817713635407,0.003501417412195007,True,1500,-0.004193554340993444,2.4310700637931126,2.47565526207976
Block G other windows (B2),G4_shifted,1.3,29,1950,2.3250710148106695,1950,2.3250710148106695,0.007291429138521988,True,1900,-0.0012906867465787286,2.2462864420807303,2.2581350590440525
Block G other windows (B2),G4_shifted,1.3,30,1250,2.3462603284851458,1250,2.3462603284851458,0.0006065844444376189,True,1200,-0.0085699893036697,2.2605634555853675,2.340595644533941
Block G other windows (B2),G4_shifted,1.3,31,1000,2.1557798542296607,1000,2.1557798542296607,0.01404386270686464,True,950,-0.004624537471008328,2.0229746139090157,2.055873137850935
Block G other windows (B2),G4_shifted,1.3,32,1250,2.2021515156239415,1250,2.2021515156239415,0.007464609986042259,True,1200,-0.004655275570987882,2.120525405284411,2.1518781796674964
Block G other windows (B2),G4_shifted,1.3,33,1100,2.444611243046037,1100,2.444611243046037,0.010031947160090926,True,1050,-0.0032839703488982686,2.3444290993289125,2.3691360103798416
Block G other windows (B2),G4_shifted,1.3,34,2350,5.029730532518016,2350,5.029730532518016,0.0015989342045967803,True,2300,-0.0033010004302265195,4.9169588511255835,4.992931164337311
Block G other windows (B2),G4_shifted,1.3,35,1900,2.279021413743539,1900,2.279021413743539,0.0006869420279964622,True,1850,-0.006414146725659542,2.217203018446472,2.273041252770197
Block G other windows (B2),G4_shifted,1.3,36,1150,2.0561392837247094,1150,2.0561392837247094,0.004976419140103161,True,1100,-0.02936437067750619,1.8547644428286285,2.0269574967625292
Block G other windows (B2),G4_shifted,1.3,37,1050,2.2904864793992714,1050,2.2904864793992714,0.00837205231893634,True,1000,-0.007726596800804231,2.1797255155192086,2.2328855852122786
Block G other windows (B2),G4_shifted,1.3,38,700,2.500923133723816,700,2.500923133723816,0.0014544545826766786,True,650,-0.012267185314585927,2.377784445561714,2.4878707849781025
Block G other windows (B2),G4_shifted,1.3,39,900,2.0845065488798205,900,2.0845065488798205,0.0028689068302649723,True,850,-0.0153605225461928,1.9401379859652719,2.0617861472880965
Block G other windows (B2),G4_shifted,1.5,0,1300,1.3239336566706374,1300,1.3239336566706374,0.03188190294026283,True,1250,-0.0035203278847406594,1.2325922367276068,1.2416750470523774
Block G other windows (B2),G4_shifted,1.5,1,550,1.324464836230009,550,1.324464836230009,0.015060571622026231,True,500,-0.03593453172211358,1.225574032472876,1.2952590510648498
Block G other windows (B2),G4_shifted,1.5,2,350,1.319383475876125,350,1.319383475876125,0.03258704533508716,True,300,-0.0483318426178041,1.1745356512768805,1.261051450482347
Block G other windows (B2),G4_shifted,1.5,3,800,1.4113474237091141,800,1.4113474237091141,0.014799117829118025,True,750,-0.011578852969512443,1.3390137894411118,1.3707653037002439
Block G other windows (B2),G4_shifted,1.5,4,1700,1.5231038580078977,1700,1.5231038580078977,0.033731407511621736,True,1650,-0.04306922289083648,1.3033608792970235,1.4265911090386278
Block G other windows (B2),G4_shifted,1.5,5,950,2.7699760824963833,950,2.7699760824963833,0.013964700744728553,True,900,-0.005054538675143494,2.6413202140171426,2.6755117002620152
Block G other windows (B2),G4_shifted,1.5,6,750,1.469038213656286,750,1.469038213656286,0.057984980138716224,True,700,-0.013888454327239508,1.2750260015767523,1.3125159276727374
Block G other windows (B2),G4_shifted,1.5,7,300,1.3176734641932086,300,1.3176734641932086,0.018720812016650434,True,250,-0.05103030818760157,1.1733868667660998,1.2789477453940665
Block G other windows (B2),G4_shifted,1.5,8,2050,1.3191456777823778,2050,1.3191456777823778,0.02963439827248404,True,2000,-0.1433572722953187,1.042942862442864,1.271830658470252
Block G other windows (B2),G4_shifted,1.5,9,600,1.4534037197128404,600,1.4534037197128404,0.02489874255815705,True,550,-0.007759142419960785,1.3588213875710866,1.381293075066821
Block G other windows (B2),G4_shifted,1.5,10,400,1.3637513299992436,400,1.3637513299992436,0.05372060542183377,True,350,-0.0011562943318779162,1.2212829354352814,1.2242848433026243
Block G other windows (B2),G4_shifted,1.5,11,950,1.3746927701361813,950,1.3746927701361813,0.07297158056684339,True,900,-7.636226037277538e-06,1.223663149028515,1.2236789521074707
Block G other windows (B2),G4_shifted,1.5,12,350,1.2265773243793325,350,1.2265773243793325,0.0038083620034954357,True,300,-0.07464926854267384,1.0966590210250016,1.220271042547866
Block G other windows (B2),G4_shifted,1.5,13,1100,1.4274303482814805,1100,1.4274303482814805,0.026607040223506573,True,1050,-0.014456515178937757,1.3245394132148913,1.3607623936652569
Block G other windows (B2),G4_shifted,1.5,14,650,1.2860321524039313,650,1.2860321524039313,0.028855853524370367,True,600,-0.004884616148609577,1.2067028595262141,1.2181873808978472
Block G other windows (B2),G4_shifted,1.5,15,650,1.379290797238502,650,1.379290797238502,0.03012683474963218,True,600,-0.004924104408499552,1.2835826356212565,1.297028123584438
Block G other windows (B2),G4_shifted,1.5,16,500,1.2229165884621231,500,1.2229165884621231,0.010104739541918928,True,450,-0.06768341837383307,1.0952837932827124,1.2063369934845454
Block G other windows (B2),G4_shifted,1.5,17,2100,1.5301685499116866,2100,1.5301685499116866,0.07688078794681052,True,2050,-0.06141939249262496,1.2028433987206066,1.3482091666453764
Block G other windows (B2),G4_shifted,1.5,18,500,1.3523119368022243,500,1.3523119368022243,0.019484026155219603,True,450,-0.02342806399724706,1.2487960169024137,1.3053110360387459
Block G other windows (B2),G4_shifted,1.5,19,800,2.782974180616636,800,2.782974180616636,0.004915366987552794,True,750,-0.019738319468748156,2.626672371741211,2.751811264968997
Block G other windows (B2),G4_shifted,1.5,20,700,1.2460124667005392,700,1.2460124667005392,0.023606290909622185,True,650,-0.020427944632109174,1.1659044098728513,1.2030673793062823
Block G other windows (B2),G4_shifted,1.5,21,4000,1.392121750687945,4000,1.392121750687945,0.08884021604490577,True,3950,-0.1369376066284902,1.0216543381237546,1.2463483324660407
Block G other windows (B2),G4_shifted,1.5,22,900,1.3189929822896111,900,1.3189929822896111,0.019446287647861382,True,850,-0.015082886788014171,1.2509878516535322,1.280693562929455
Block G other windows (B2),G4_shifted,1.5,23,400,1.384787546089183,400,1.384787546089183,0.006874991839966871,True,350,-0.06545388288644638,1.217059643422147,1.3688447021484693
Block G other windows (B2),G4_shifted,1.5,24,500,1.4842775647080837,500,1.4842775647080837,0.046465206006717885,True,450,-0.021085315766956825,1.314741711749824,1.3676608735798719
Block G other windows (B2),G4_shifted,1.5,25,1300,1.2255216759642156,1300,1.2255216759642156,0.038782016289347965,True,1250,-0.006488144509436022,1.1249805558219028,1.1393901648251343
Block G other windows (B2),G4_shifted,1.5,26,750,1.411885086842519,750,1.411885086842519,0.0265877579421967,True,700,-0.026914902248014627,1.276118128351519,1.3444166840364955
Block G other windows (B2),G4_shifted,1.5,27,1400,2.8642667314147703,1400,2.8642667314147703,0.002518167562625351,True,1350,-0.01292570408085858,2.7705353902478076,2.8489835674273514
Block G other windows (B2),G4_shifted,1.5,28,750,1.4560306067812057,750,1.4560306067812057,0.021719817871718394,True,700,-0.009226807245751534,1.365567046498759,1.3925389644485249
Block G other windows (B2),G4_shifted,1.5,29,1250,1.3799708565460054,1250,1.3799708565460054,0.037210245423276334,True,1200,-0.0017896690435819096,1.2798103210493812,1.284406592918624
Block G other windows (B2),G4_shifted,1.5,30,550,1.378287000313634,550,1.378287000313634,0.02466203424300506,True,500,-0.010331228235505918,1.2846637566608714,1.312304594634154
Block G other windows (B2),G4_shifted,1.5,31,650,1.2539282405316645,650,1.2539282405316645,0.042490992165875596,True,600,-0.07428227790919761,1.0511942787812925,1.1801582144379033
Block G other windows (B2),G4_shifted,1.5,32,550,1.2477505427287474,550,1.2477505427287474,0.015521506498600512,True,500,-0.0370036201039321,1.1560674104863917,1.2206575983617527
Block G other windows (B2),G4_shifted,1.5,33,500,1.3622540431730241,500,1.3622540431730241,0.0074083619427094405,True,450,-0.06263465365238918,1.2367990950357801,1.3489848305983219
Block G other windows (B2),G4_shifted,1.5,34,1100,2.6726550868075765,1100,2.6726550868075765,0.00747034212279285,True,1050,-0.010533350649082784,2.5634748308785924,2.627352499434074
Block G other windows (B2),G4_shifted,1.5,35,900,1.3324285240799425,900,1.3324285240799425,0.021720217242837236,True,850,-0.0032370187819878993,1.2704337079507757,1.2784745977350604
Block G other windows (B2),G4_shifted,1.5,36,1050,1.2116491786099743,1050,1.2116491786099743,0.01973614839253246,True,1000,-0.47476749827801523,0.7394478932355442,1.1928031403612347
Block G other windows (B2),G4_shifted,1.5,37,550,1.2791504743092181,550,1.2791504743092181,0.006922169327831185,True,500,-0.08593632833575793,1.13097983538439,1.2681050419809201
Block G other windows (B2),G4_shifted,1.5,38,300,1.5668754703399672,300,1.5668754703399672,0.051289570481309,True,250,-0.001196170010399289,1.4222837678364264,1.4255790677915567
Block G other windows (B2),G4_shifted,1.5,39,600,1.2551621172462106,600,1.2551621172462106,0.03673151767668381,True,550,-0.05970213348976383,1.0541175997958983,1.1785843857468574
own-seed,V10,1.3,400000,3100,8.490890886252751,3100,8.490890886252751,0.0007802352926544742,True,3050,-0.0010560745418084494,8.367453434485471,8.438443170460642
own-seed,V10,1.3,400001,5750,8.899639416787776,5750,8.899639416787776,0.0005367890818428478,True,5700,-0.000994596800373948,8.786100232119503,8.859841090710065
own-seed,V10,1.3,400002,4250,7.034179640793818,4250,7.034179640793818,0.000464826287532194,True,4200,-0.0020179269741995576,6.915400686331197,7.011941595116534
own-seed,V10,1.3,400003,6950,10.596996779279015,6950,10.596996779279015,0.0008687658996642256,True,6900,-0.00030722192612486765,10.474830473464152,10.506745912516267
own-seed,V10,1.3,400005,4200,8.334232447474484,4200,8.334232447474484,0.0011651791088045371,True,4150,-0.0006508249413936795,8.215339114206573,8.257948461166864
own-seed,V10,1.3,400006,5400,7.947861003651937,5400,7.947861003651937,0.0009812405819107362,True,5350,-0.001186512509471882,7.818383340861607,7.889252512820635
own-seed,V10,1.3,400007,3000,7.624526891889936,3000,7.624526891889936,0.0018763204921579124,True,2950,-0.0002658597548914621,7.501362743348941,7.516648287311745
own-seed,V10,1.3,400008,8200,7.3863765915490465,8200,7.3863765915490465,0.002303657048223773,True,8150,-0.00017019992043731946,7.249768697410366,7.259167241064286
own-seed,V10,1.3,400009,10300,7.964202455012399,10300,7.964202455012399,0.0020496821263082943,True,10250,-9.726619302741213e-05,7.830586218223184,7.836639620888767
own-seed,V10,1.3,400010,6400,7.331601154986783,6400,7.331601154986783,0.0013935547151970873,True,6350,-0.0011017003762425759,7.194614633971402,7.255096667355706
own-seed,V10,1.3,400011,6450,8.318434530341737,6450,8.318434530341737,0.0013954012091237367,True,6400,-0.0005818324786392992,8.188901327976254,8.22701853418452
own-seed,V10,1.3,400012,4300,8.069263462830445,4300,8.069263462830445,0.0008974143836866233,True,4250,-0.0010296009288901509,7.953676992105654,8.015434642316666
own-seed,V10,1.3,400013,5350,8.024726188438379,5350,8.024726188438379,0.0010209869626280899,True,5300,-0.0010353782581442594,7.903124329399153,7.964350769005951
own-seed,V10,1.3,400014,3100,7.8744195150003025,3100,7.8744195150003025,0.00042970721909085796,True,3050,-0.0016567050493461188,7.7515109764992705,7.849105876329377
own-seed,V10,1.3,400015,5000,7.6641318298656635,5000,7.6641318298656635,0.0014802892403520396,True,4950,-0.000648264939732357,7.53523405049353,7.574490702712267
own-seed,V10,1.3,400016,3850,8.990895486714747,3850,8.990895486714747,0.0004884763727850405,True,3800,-0.0011561384774605443,8.867482642721464,8.954239938833782
own-seed,V10,1.3,400017,9250,7.0540337823877195,9250,7.0540337823877195,0.0008017596253098169,True,9200,-0.0020359933328948365,6.915333909832148,7.0148464537201
own-seed,V10,1.3,400018,3150,6.845928901827888,3150,6.845928901827888,0.002514867182894509,True,3100,-0.00039791879126083174,6.706750608809546,6.725763903510563
own-seed,V10,1.3,400019,5100,10.141001041410108,5100,10.141001041410108,7.651971412370173e-05,True,5050,-0.0012299970558400375,10.01913330240563,10.133863525257304
own-seed,V10,1.3,400020,3350,8.774692008563058,3350,8.774692008563058,0.0002676824266698574,True,3300,-0.0014557259857590488,8.649916380145472,8.755311667395404
own-seed,V10,1.3,400021,2650,7.5414489285996105,2650,7.5414489285996105,0.0006426630914435627,True,2600,-0.0017346447081889593,7.4076746027595535,7.505285407067633
own-seed,V10,1.3,400022,4250,8.60020036978455,4250,8.60020036978455,0.00026548858066677283,True,4200,-0.001606173747130235,8.462465776258233,8.580663212253011
own-seed,V10,1.3,400023,4000,8.684475962542308,4000,8.684475962542308,0.00047492862230225086,True,3950,-0.0012683951008827243,8.559162447009438,8.650337165199984
own-seed,V10,1.3,400024,4950,9.589463599443386,4950,9.589463599443386,0.00011028654810640859,True,4900,-0.001493926779789323,9.452761486039627,9.580065594861335
own-seed,V10,1.3,400025,4650,7.531411694160075,4650,7.531411694160075,0.00016658345486897375,True,4600,-0.0017386050643311002,7.420868483942399,7.521746157293361
own-seed,V10,1.3,400026,4300,8.320964587546861,4300,8.320964587546861,0.0011155597588778932,True,4250,-0.0007550778175464679,8.20359201709423,8.250969138913089
own-seed,V10,1.3,400027,5150,6.8903065452713195,5150,6.8903065452713195,0.0015530544348103525,True,5100,-0.0011802999361476552,6.753562918900276,6.812610693747624
own-seed,V10,1.3,400028,3250,8.18013011079289,3250,8.18013011079289,0.0002501809457400306,True,3200,-0.0016297652049672706,8.057000360184773,8.163744153437525
own-seed,V10,1.3,400029,6800,8.370542828827919,6800,8.370542828827919,0.0018807688817061852,True,6750,-8.384223625235165e-05,8.237430468912187,8.2431112053318
own-seed,V10,1.3,400030,3650,8.192269632835961,3650,8.192269632835961,6.420538674545284e-05,True,3600,-0.001908793413651022,8.07222929416267,8.188363276497567
own-seed,V10,1.3,400031,9700,8.009892921272161,9700,8.009892921272161,7.066930621535406e-05,True,9650,-0.0020665878697130324,7.873891546590863,8.005395978694866
own-seed,V10,1.3,400032,5000,7.246029393913402,5000,7.246029393913402,0.0018017476746967631,True,4950,-0.0007212959565277011,7.116344878067523,7.153419511159972
own-seed,V10,1.3,400033,5500,7.508475176937022,5500,7.508475176937022,0.0007499284224063985,True,5450,-0.0012729175816290628,7.394421048609011,7.466191961924446
own-seed,V10,1.3,400034,3350,6.889928409345444,3350,6.889928409345444,6.374439978706903e-05,True,3300,-0.002363535301648234,6.773543199507811,6.8868719402698755
own-seed,V10,1.3,400035,3250,8.736062962096529,3250,8.736062962096529,0.0012496170191287348,True,3200,-0.0006119426936126438,8.609367759706483,8.651015740637586
own-seed,V10,1.3,400036,4350,7.073171924433864,4350,7.073171924433864,0.0006315897487505495,True,4300,-0.001563909318031964,6.963659456443263,7.041667947415736
own-seed,V10,1.3,400037,8450,6.776590239267325,8450,6.776590239267325,0.0012682473982326137,True,8400,-0.0018000303027969622,6.633080059598271,6.717271484669558
own-seed,V10,1.3,400038,3800,7.792781818668616,3800,7.792781818668616,0.0010673790410642425,True,3750,-0.0008501629691277657,7.673855603775995,7.726582826138187
own-seed,V10,1.3,400039,3050,7.663608145371064,3050,7.663608145371064,0.0015712071742655098,True,3000,-0.0012481711523184558,7.534118416525702,7.591445006058704
own-seed,V10,1.3,400040,3100,8.139408236366707,3100,8.139408236366707,0.0014622566799324943,True,3050,-0.0004963781286488889,8.013845714140764,8.045667108071822
own-seed,V10,1.3,400042,5900,8.173596527854768,5900,8.173596527854768,0.0012182613461697578,True,5850,-0.0007774110116423039,8.04495474658043,8.095066949081241
own-seed,V10,1.3,400043,4350,8.683753629634218,4350,8.683753629634218,0.000497673624803241,True,4300,-0.0011453329360069375,8.567190149505603,8.648446059318319
own-seed,V10,1.3,400044,6850,8.993272383144369,6850,8.993272383144369,0.000994262230229026,True,6800,-0.0006382432018634532,8.862926192191361,8.913886249431673
own-seed,V10,1.3,400045,3200,8.65468377681474,3200,8.65468377681474,0.001382728948393197,True,3150,-0.0003253594636429824,8.531122954924454,8.554659021590691
own-seed,V10,1.3,400046,4550,7.078726782536197,4550,7.078726782536197,0.0006611763610235855,True,4500,-0.0021009058356051824,6.938183315634568,7.045084040794088
own-seed,V10,1.3,400047,3150,6.442320302750615,3150,6.442320302750615,0.0003608919289623813,True,3100,-0.0021012160883371322,6.328247340202059,6.425599666934744
own-seed,V10,1.3,400048,5550,7.549443322795258,5550,7.549443322795258,0.0013260255049862835,True,5500,-0.0006942130280767067,7.434059639498485,7.473708846689208
own-seed,V10,1.3,400049,2850,6.7111398274291245,2850,6.7111398274291245,0.0009451604430661398,True,2800,-0.0015763608103629423,6.592923206777664,6.6668278180019716
own-seed,V10,1.3,400050,3500,7.79490168344014,3500,7.79490168344014,0.0007649014384059072,True,3450,-0.0014655414942548184,7.66867241818462,7.7516129961803015
own-seed,V10,1.3,400052,5250,6.475953122404514,5250,6.475953122404514,0.0011648471489973389,True,5200,-0.0020246156835463935,6.3387472696453955,6.425843165084603
own-seed,V10,1.3,400053,3550,8.493212816967628,3550,8.493212816967628,0.0005786464715806794,True,3500,-0.0012498747340683458,8.373391978900084,8.455294796134496
own-seed,V10,1.3,400054,3150,8.647064529758575,3150,8.647064529758575,0.001134226222896384,True,3100,-0.0008199012400189609,8.51084131148603,8.56799704349463
own-seed,V10,1.3,400055,3600,8.714519691080257,3600,8.714519691080257,0.0013739168109010436,True,3550,-0.0003490402095174261,8.593150358380415,8.617737609723605
own-seed,V10,1.3,400056,4100,7.392950721705036,4100,7.392950721705036,0.0009918366531724843,True,4050,-0.001177563625458511,7.274289704534785,7.338699624159103
own-seed,V10,1.3,400057,3850,7.527745557012835,3850,7.527745557012835,0.0015364111329008168,True,3800,-0.0005867872818190456,7.4066975891050415,7.440151555331606
own-seed,V10,1.3,400058,4700,8.127221069241477,4700,8.127221069241477,0.00027456277060800005,True,4650,-0.00148143251221855,8.01552224644452,8.109756137210784
own-seed,V10,1.3,400059,2800,6.2373800355319,2800,6.2373800355319,0.0007398521066481756,True,2750,-0.001899770714987703,6.120141332116306,6.204519544634579
own-seed,V10,1.5,400000,1450,4.439709462485223,1450,4.439709462485223,0.002883346385516905,True,1400,-0.0037842561721275203,4.322946532718769,4.38921635516609
own-seed,V10,1.5,400001,3250,4.6000850166033045,3250,4.6000850166033045,0.00034359519265025895,True,3200,-0.004337130953928181,4.51219592220596,4.593633395770202
own-seed,V10,1.5,400002,2700,3.6688563429648826,2700,3.6688563429648826,0.001009984370186956,True,2650,-0.009647675282391521,3.5400484164042396,3.6566497237986417
own-seed,V10,1.5,400003,4800,5.520161421160477,4800,5.520161421160477,0.004277162517551503,True,4750,-4.327391655412072e-05,5.403646553614186,5.404813577995267
own-seed,V10,1.5,400005,2250,4.391543502308387,2250,4.391543502308387,0.006139158720635862,True,2200,-0.000307602013470909,4.280759647954193,4.2860456106360605
own-seed,V10,1.5,400006,4100,4.207505232808187,4100,4.207505232808187,0.00706821308390948,True,4050,-0.0027632475314347538,4.053218984757945,4.096582947727371
own-seed,V10,1.5,400007,1400,3.9367662630543347,1400,3.9367662630543347,0.0016813775151809374,True,1350,-0.006851496183289285,3.8149305341636257,3.912758893164488
own-seed,V10,1.5,400008,7200,3.8061147718943698,7200,3.8061147718943698,0.0020752289123664447,True,7150,-0.012166552591859503,3.614993555019875,3.778265708565676
own-seed,V10,1.5,400009,9050,4.102089345335727,9050,4.102089345335727,0.0018194006281513353,True,9000,-0.009939128318480872,3.923993334946527,4.074532497481374
own-seed,V10,1.5,400010,5400,3.782214282472673,5400,3.782214282472673,0.0008107176258227433,True,5350,-0.013192440268062988,3.594690869554915,3.7713575502084997
own-seed,V10,1.5,400011,5050,4.417888723261037,5050,4.417888723261037,0.008697542776939127,True,5000,-0.00039753309169476836,4.260360262581109,4.267245612072252
own-seed,V10,1.5,400012,2250,4.193702794668097,2250,4.193702794668097,0.0024654490321576183,True,2200,-0.004179191546791472,4.092500908204339,4.156152517859286
own-seed,V10,1.5,400013,3700,4.254438259665805,3700,4.254438259665805,0.007153614619582971,True,3650,-0.0009199178484990966,4.12814370647413,4.142534013828259
own-seed,V10,1.5,400014,1500,4.158141544816486,1500,4.158141544816486,0.004476310940448869,True,1450,-0.0032784969665451413,4.038511381531197,4.089087376725661
own-seed,V10,1.5,400015,3600,4.030190325363489,3600,4.030190325363489,0.006420417688172364,True,3550,-0.0035017109190000895,3.875264929908402,3.9299410957165457
own-seed,V10,1.5,400016,1900,4.648017195286041,1900,4.648017195286041,0.0013579141773294445,True,1850,-0.004429402542569516,4.537846638284167,4.622167191127337
own-seed,V10,1.5,400017,8700,3.7821091978160672,8700,3.7821091978160672,0.00857333211185285,True,8650,-0.006347017519756193,3.5895673979870986,3.6714733993190567
own-seed,V10,1.5,400018,2000,3.618914738488377,2000,3.618914738488377,0.009311204573010379,True,1950,-0.005050738163995039,3.4413281532298012,3.5037809397367377
own-seed,V10,1.5,400019,2700,5.264951634633603,2700,5.264951634633603,0.001993054351306256,True,2650,-0.002196069553742852,5.164268086627834,5.217049546271884
own-seed,V10,1.5,400020,1600,4.564793148550367,1600,4.564793148550367,0.001744727683637759,True,1550,-0.004878838504145833,4.44251421794496,4.532583394876227
own-seed,V10,1.5,400021,1500,3.9263301385950378,1500,3.9263301385950378,0.0019401538745609237,True,1450,-0.009091518126198128,3.7694378838565283,3.898737302631589
own-seed,V10,1.5,400022,2100,4.423454307036443,2100,4.423454307036443,0.00023932739101040212,True,2050,-0.009882898690112274,4.239430633976717,4.4191032971691895
own-seed,V10,1.5,400023,2150,4.473151528983124,2150,4.473151528983124,0.0007018984949214158,True,2100,-0.0059966876188735085,4.351675604097289,4.460422907241445
own-seed,V10,1.5,400024,3700,4.972995765639259,3700,4.972995765639259,0.0009105179677475483,True,3650,-0.0069974209338510285,4.8028303580852585,4.953402966175965
own-seed,V10,1.5,400025,2450,3.9209891314486804,2450,3.9209891314486804,0.0009158958483230784,True,2400,-0.005105888772051426,3.831493108138953,3.9073770477628136
own-seed,V10,1.5,400026,2200,4.28273242145044,2200,4.28273242145044,0.00039003692819150615,True,2150,-0.005885673878607278,4.184075218550938,4.276600852685162
own-seed,V10,1.5,400027,2900,3.568153052514324,2900,3.568153052514324,0.002327806914471431,True,2850,-0.009742107596622862,3.417441684563686,3.539086818111216
own-seed,V10,1.5,400028,1500,4.314188628955636,1500,4.314188628955636,0.0044486743721083855,True,1450,-0.002457590888715444,4.195441052865342,4.237697315843248
own-seed,V10,1.5,400029,5450,4.374384633316956,5450,4.374384633316956,0.006364926391483117,True,5400,-0.003519378693487951,4.204402921701829,4.264926146045692
own-seed,V10,1.5,400030,1850,4.365913054314845,1850,4.365913054314845,0.006342996134013568,True,1800,-0.0007316094925928773,4.250498872657347,4.262434253276007
own-seed,V10,1.5,400031,9400,4.322803401236442,9400,4.322803401236442,0.00875934197592132,True,9350,-0.0017471565411804058,4.140921230726005,4.171166951830343
own-seed,V10,1.5,400032,3750,3.7542519765155733,3750,3.7542519765155733,0.00201774837840496,True,3700,-0.011247598326854735,3.586497945513842,3.7287354610753525
own-seed,V10,1.5,400033,3650,3.971900963271801,3650,3.971900963271801,0.005945280417708254,True,3600,-0.0014066105211938407,3.862776125751971,3.8836545835330494
own-seed,V10,1.5,400034,1650,3.609907007334515,1650,3.609907007334515,0.002092142740534708,True,1600,-0.006237710715698341,3.5065020064389705,3.583935599422565
own-seed,V10,1.5,400035,1500,4.51915720635463,1500,4.51915720635463,0.0021901680028615367,True,1450,-0.005137346558937939,4.393515003428387,4.481603199421273
own-seed,V10,1.5,400036,2350,3.7406088504243096,2350,3.7406088504243096,0.004812845057031279,True,2300,-0.002367783930429024,3.6464382470241645,3.677490630017222
own-seed,V10,1.5,400037,7950,3.6640073472653802,7950,3.6640073472653802,0.011657560167944503,True,7900,-0.004970964598789429,3.4559432297974984,3.5181423350530845
own-seed,V10,1.5,400038,1900,4.048126934775365,1900,4.048126934775365,0.002814669518778068,True,1850,-0.003858810459117734,3.9423593829516714,4.003517419922546
own-seed,V10,1.5,400039,1800,4.020674957635633,1800,4.020674957635633,0.004441448610463361,True,1750,-0.005789944001315828,3.8674903528897078,3.9541775045802314
own-seed,V10,1.5,400040,1450,4.19674893823103,1450,4.19674893823103,0.0018262947853200373,True,1400,-0.0057907496549720605,4.074577801250776,4.167456669801636
own-seed,V10,1.5,400042,4400,4.3386813792620265,4400,4.3386813792620265,0.008395402836070875,True,4350,-0.00042080419382806156,4.187775349670966,4.19497820798753
own-seed,V10,1.5,400043,2200,4.535806152012641,2200,4.535806152012641,0.002766985681178724,True,2150,-0.002738167842188055,4.435192818069012,4.485236144623016
own-seed,V10,1.5,400044,5250,4.6488609960015275,5250,4.6488609960015275,0.0019553839653747573,True,5200,-0.005935145096048533,4.491761513176432,4.609929536869502
own-seed,V10,1.5,400045,1500,4.5093119406352296,1500,4.5093119406352296,0.0037749175551042846,True,1450,-0.0026065054259296616,4.391421307759301,4.439573980787034
own-seed,V10,1.5,400046,3800,3.7576157204476863,3800,3.7576157204476863,0.005523245061707094,True,3750,-0.00953402930290137,3.5600294856176555,3.685137981823798
own-seed,V10,1.5,400047,1500,3.433513210995839,1500,3.433513210995839,0.005808311734959659,True,1450,-0.002770411787974325,3.327641609706908,3.36183176998407
own-seed,V10,1.5,400048,3650,3.9490173057291726,3650,3.9490173057291726,0.004072695085817202,True,3600,-0.003413782117558384,3.8391116416266478,3.889227868596845
own-seed,V10,1.5,400049,1350,3.567791925543145,1350,3.567791925543145,0.005811898767156265,True,1300,-0.003467250397480637,3.4536584624661915,3.4963056155831542
own-seed,V10,1.5,400050,1900,4.1329695166481475,1900,4.1329695166481475,0.007528548301106941,True,1850,-0.0012424083692588184,4.001221444230912,4.019883594091705
own-seed,V10,1.5,400052,4200,3.4433296978358157,4200,3.4433296978358157,0.00714327569330786,True,4150,-0.010175794698717766,3.2516484881369627,3.364270504985828
own-seed,V10,1.5,400053,1750,4.483938260138186,1750,4.483938260138186,0.0050840407620773576,True,1700,-0.0012120967141791006,4.375015341237908,4.395984564447487
own-seed,V10,1.5,400054,1500,4.434595640290076,1500,4.434595640290076,0.0013397524461726817,True,1450,-0.006411280768900962,4.299875871667923,4.411309565446746
own-seed,V10,1.5,400055,1050,3.05951966176491,1050,3.05951966176491,0.006608221088146848,True,1000,-0.004939431214079804,2.937224717181425,2.9895355636452856
own-seed,V10,1.5,400056,2400,3.911886162510035,2400,3.911886162510035,0.006300952414011629,True,2350,-0.002072642631455235,3.791712800031874,3.82145825976394
own-seed,V10,1.5,400057,2250,3.9381903850728786,2250,3.9381903850728786,0.0036152023201152517,True,2200,-0.005264242145312625,3.809606897286534,3.8858385374788518
own-seed,V10,1.5,400058,2450,4.2586114163042845,2450,4.2586114163042845,0.0027949647652270038,True,2400,-0.0027564440055920514,4.166995730781083,4.212485716765555
own-seed,V10,1.5,400059,1300,3.3022815973626827,1300,3.3022815973626827,0.004975744897413037,True,1250,-0.004754944311160969,3.189198323323617,3.24445696524034
own-seed,V20,1.3,400000,2550,7.1242577173232595,2550,7.1242577173232595,0.002426275305765113,True,2500,-4.79821452525897e-06,7.001158447103964,7.001401408372509
own-seed,V20,1.3,400001,5100,7.48816706778519,5100,7.48816706778519,0.0009358724175743127,True,5050,-0.0010029632193733207,7.380131943318582,7.436018710703884
own-seed,V20,1.3,400002,3800,6.093751334243701,3800,6.093751334243701,0.003436730437026636,True,3750,-0.00043656863464303086,5.9767470626039865,5.989934888839964
own-seed,V20,1.3,400003,6250,8.673346923060402,6250,8.673346923060402,0.0006950295247518667,True,6200,-0.0009783344182623388,8.551495916226036,8.622736266768815
own-seed,V20,1.3,400005,3600,6.94750639137504,3600,6.94750639137504,0.0004900126532203508,True,3550,-0.0019133268762683286,6.831512594315572,6.923856620896582
own-seed,V20,1.3,400006,4700,6.755330673433299,4700,6.755330673433299,0.0024501773538925242,True,4650,-0.0003992090859745723,6.624450020995426,6.6427868618326125
own-seed,V20,1.3,400007,2550,6.502497072770831,2550,6.502497072770831,0.0019725996343225027,True,2500,-0.0007847610795672644,6.379878089118754,6.414776173182083
own-seed,V20,1.3,400008,7550,6.169601409317006,7550,6.169601409317006,0.0014384044941695429,True,7500,-0.0020266348230579823,6.027951668446055,6.1107998762857
own-seed,V20,1.3,400009,9700,6.59796730787172,9700,6.59796730787172,6.736123496775548e-06,True,9650,-0.003110120465131594,6.455987659291075,6.597660462683411
own-seed,V20,1.3,400010,5700,6.237994709920183,5700,6.237994709920183,0.0022177251951758237,True,5650,-0.0011436157819368908,6.096466012873509,6.144617763214104
own-seed,V20,1.3,400011,5750,6.970186901185311,5750,6.970186901185311,0.0007353803452048169,True,5700,-0.0019805915750481518,6.837980172077524,6.9343904228179545
own-seed,V20,1.3,400012,3750,6.821603387294382,3750,6.821603387294382,0.001680512399848677,True,3700,-0.0007445381472210855,6.709971716551835,6.744244831974637
own-seed,V20,1.3,400013,4750,6.747241892420419,4750,6.747241892420419,0.0012936716147087246,True,4700,-0.0013934613894632797,6.627411093785096,6.689551520368976
own-seed,V20,1.3,400014,2650,6.749966272777911,2650,6.749966272777911,0.0018507538798657741,True,2600,-0.0008032091788829909,6.627444413403251,6.664525065953831
own-seed,V20,1.3,400015,4400,6.420781532699264,4400,6.420781532699264,0.0019419760096131,True,4350,-0.0009735783991380309,6.288970286445521,6.332985442441555
own-seed,V20,1.3,400016,3150,7.492822653961317,3150,7.492822653961317,0.0009475147267421491,True,3100,-0.001308405266937207,7.368506622641078,7.440608359670699
own-seed,V20,1.3,400017,3800,6.093502098997062,3800,6.093502098997062,0.003131435460673515,True,3750,-0.00017871717385631314,5.963089703823713,5.970130749139294
own-seed,V20,1.3,400018,2650,5.699582301185984,2650,5.699582301185984,0.0004999269982013388,True,2600,-0.0036401348281187573,5.552992944362881,5.681881121783555
own-seed,V20,1.3,400019,4350,8.39006140963738,4350,8.39006140963738,0.0009907915412710189,True,4300,-0.0007672661272857262,8.271055513685093,8.322993055066451
own-seed,V20,1.3,400020,2750,7.355058324047214,2750,7.355058324047214,0.0013165252647935333,True,2700,-0.0010059070955250604,7.229422635022187,7.2838387864678715
own-seed,V20,1.3,400021,2100,6.373364601121064,2100,6.373364601121064,0.0014689148291351373,True,2050,-0.001844850635250861,6.2311671935281385,6.310331811708937
own-seed,V20,1.3,400022,3550,7.0461639416749975,3550,7.0461639416749975,0.0009137390998912309,True,3500,-0.0019189685812723845,6.8974030223758875,6.998178521434416
own-seed,V20,1.3,400023,3300,7.1946108947932315,3300,7.1946108947932315,0.0005684836294324036,True,3250,-0.0018226020733829174,7.070243116359169,7.165042299244608
own-seed,V20,1.3,400024,4050,8.053013850457905,4050,8.053013850457905,0.0017317148549342853,True,4000,-0.0005970951141529568,7.90573230824311,7.943494551804715
own-seed,V20,1.3,400025,4150,6.472994425332947,4150,6.472994425332947,0.0022184259912672033,True,4100,-8.703876521432008e-05,6.367544614486694,6.371525686547041
own-seed,V20,1.3,400026,3650,7.019160744630043,3650,7.019160744630043,0.0014231375327806717,True,3600,-0.0009846585451498413,6.905424579280903,6.951936527751166
own-seed,V20,1.3,400027,3300,5.886359049449939,3300,5.886359049449939,0.0021254090495008704,True,3250,-0.0009313306395895005,5.766323559818995,5.802896098112138
own-seed,V20,1.3,400028,2800,6.880828101249252,2800,6.880828101249252,0.0015823734621669416,True,2750,-0.0008740223181407103,6.759006948478784,6.802352734689865
own-seed,V20,1.3,400029,6300,7.020375382395349,6300,7.020375382395349,0.002703171393807491,True,6250,-5.888246731000635e-05,6.88044201642313,6.883425166738709
own-seed,V20,1.3,400030,3150,6.935187856247328,3150,6.935187856247328,0.0007364472612056971,True,3100,-0.0018030722889914585,6.817738142731227,6.9011280594477284
own-seed,V20,1.3,400031,8600,6.708652392128307,8600,6.708652392128307,3.0184485566131514e-05,True,8550,-0.003034551003953556,6.565064729078051,6.70723820165163
own-seed,V20,1.3,400032,4650,6.136268939903446,4650,6.136268939903446,0.0025785900635795223,True,4600,-0.0008462463347242988,6.001427960576974,6.0347459563160335
own-seed,V20,1.3,400033,4850,6.359000561042681,4850,6.359000561042681,0.0014842955066529662,True,4800,-0.0010401275187255088,6.25008693160615,6.294962161313035
own-seed,V20,1.3,400034,2900,5.885166113730538,2900,5.885166113730538,0.0009045782206840158,True,2850,-0.0021195826940423323,5.772089409734823,5.851342938778714
own-seed,V20,1.3,400035,2700,7.264519209766225,2700,7.264519209766225,0.000569248427910729,True,2650,-0.0019975044183881963,7.1366245452900285,7.236155030957103
own-seed,V20,1.3,400036,3850,6.0304175921097105,3850,6.0304175921097105,0.0015581906582391447,True,3800,-0.0011428162474911296,5.925852017260021,5.970094494986736
own-seed,V20,1.3,400037,7800,5.750537737341119,7800,5.750537737341119,0.001418552046306587,True,7750,-0.002897133061416035,5.5963072771843665,5.699842672850276
own-seed,V20,1.3,400038,3250,6.560784046415241,3250,6.560784046415241,0.0022906130509494638,True,3200,-0.00020495010089183197,6.444315590984264,6.453880655155724
own-seed,V20,1.3,400039,3150,6.460014403096064,3150,6.460014403096064,0.0016187929765001385,True,3100,-0.0015505386630971785,6.3202204920916945,6.388612155863865
own-seed,V20,1.3,400040,2550,6.808504216209462,2550,6.808504216209462,0.0019551319878474693,True,2500,-0.0007250634607114392,6.6814756852245845,6.715840248575555
own-seed,V20,1.3,400042,5350,6.790800720251341,5350,6.790800720251341,6.191067522909321e-05,True,5300,-0.002725376025936921,6.659880051346673,6.7878927355758
own-seed,V20,1.3,400043,3750,7.238163442474185,3750,7.238163442474185,0.00011522461339597001,True,3700,-0.00204138261684772,7.1253812142531565,7.232137640249997
own-seed,V20,1.3,400044,6400,7.432893320060564,6400,7.432893320060564,0.001369120678582636,True,6350,-0.000987314215033841,7.297095017752005,7.353992661989879
own-seed,V20,1.3,400045,2600,7.152129202476185,2600,7.152129202476185,0.001518108008391028,True,2550,-0.0008469109668958197,7.028907242143004,7.07303290483707
own-seed,V20,1.3,400046,3550,6.137610950700957,3550,6.137610950700957,0.0024660784009045145,True,3500,-0.0011105880512873867,5.991947044693429,6.037177036273066
own-seed,V20,1.3,400047,2850,5.535604060253767,2850,5.535604060253767,0.002280016773997584,True,2800,-0.0011482287589492657,5.426448355938111,5.463008082391211
own-seed,V20,1.3,400048,4900,6.3350325258216715,4900,6.3350325258216715,0.0009333892318004189,True,4850,-0.0016562448686285869,6.22440251924641,6.295157835866727
own-seed,V20,1.3,400049,2450,5.737433782296373,2450,5.737433782296373,0.0010829345463578832,True,2400,-0.002115292599647045,5.621005478028432,5.698010618427879
own-seed,V20,1.3,400050,2950,6.516014832062461,2950,6.516014832062461,0.00044613687256411794,True,2900,-0.002594149144097724,6.387051193160739,6.4970904827680895
own-seed,V20,1.3,400052,4150,5.589962617537265,4150,5.589962617537265,0.0034005213563435,True,4100,-0.00044539647213692746,5.457097831289232,5.4724849273493374
own-seed,V20,1.3,400053,3050,7.19418350412607,3050,7.19418350412607,0.002079971486264487,True,3000,-0.00028461441546090427,7.076334333293221,7.0905193002443765
own-seed,V20,1.3,400054,2600,7.109505407414087,2600,7.109505407414087,0.00013478779275288844,True,2550,-0.0026666822303464954,6.968538888781357,7.102723051814385
own-seed,V20,1.3,400055,1950,4.987116127968876,1950,4.987116127968876,0.0031489408971530075,True,1900,-0.0006195839560638738,4.864993424390596,4.885071643522853
own-seed,V20,1.3,400056,3600,6.292256180003207,3600,6.292256180003207,0.002516030976448924,True,3550,-0.0002322911285910223,6.176083978675905,6.1859029775871806
own-seed,V20,1.3,400057,3350,6.331673817477612,3350,6.331673817477612,0.0002844029086195299,True,3300,-0.00252916332875186,6.211482953134026,6.319524598825931
own-seed,V20,1.3,400058,4150,6.832827947844662,4150,6.832827947844662,0.0003694094655446456,True,4100,-0.0018601860907558887,6.726579275307778,6.815224187725135
own-seed,V20,1.3,400059,2450,5.378621939249694,2450,5.378621939249694,0.0027641215146201326,True,2400,-0.0004733197555961688,5.264141251481054,5.280878534610676
own-seed,V20,1.5,400000,1150,3.7139056004459907,1150,3.7139056004459907,0.004041993124756171,True,1100,-0.005434887287209644,3.5935588216167567,3.6625763832913543
own-seed,V20,1.5,400001,2850,3.917364075588614,2850,3.917364075588614,0.002982867090707053,True,2800,-0.0030636444949125874,3.832121464362451,3.8753121624893025
own-seed,V20,1.5,400002,2450,3.208577154267689,2450,3.208577154267689,0.0053556566008921,True,2400,-0.011862506381928206,3.0757738352134667,3.167269090624501
own-seed,V20,1.5,400003,4500,4.473103907276491,4500,4.473103907276491,0.0007187282906171433,True,4450,-0.0063488584271311765,4.344641727271054,4.460040126564413
own-seed,V20,1.5,400005,1900,3.6474035175286317,1900,3.6474035175286317,0.0027386176437427245,True,1850,-0.006379595444453656,3.534520162068641,3.613499467913055
own-seed,V20,1.5,400006,3600,3.5813052876795037,3600,3.5813052876795037,0.00973578470062364,True,3550,-0.004162258551140496,3.4157654498382604,3.465342184715788
own-seed,V20,1.5,400007,1200,3.440163518235211,1200,3.440163518235211,0.007204000927569343,True,1150,-0.0036325080022652223,3.315445966419953,3.3572525581853663
own-seed,V20,1.5,400008,6800,3.21782606975887,6800,3.21782606975887,0.002101958715597263,True,6750,-0.019174314280223204,3.00559678441908,3.196859183494881
own-seed,V20,1.5,400009,8800,3.46620640460342,8800,3.46620640460342,0.0014068598566572277,True,8750,-0.017459105744839665,3.2541105911339914,3.4503901409656064
own-seed,V20,1.5,400010,4950,3.4016877021056016,4950,3.4016877021056016,0.016922385929129202,True,4900,-0.00040621551596720096,3.2030091835579144,3.2076665875139785
own-seed,V20,1.5,400011,4600,3.672159055933813,4600,3.672159055933813,0.004459908788832401,True,4550,-0.009734908154799715,3.496309090342646,3.6169082689620407
own-seed,V20,1.5,400012,1950,3.5944289109746093,1950,3.5944289109746093,0.00649872267026641,True,1900,-0.001953391048407749,3.4938287179008367,3.517078702834691
own-seed,V20,1.5,400013,3350,3.568352942685813,3350,3.568352942685813,0.006073466759935808,True,3300,-0.005476376306701614,3.4351561035117903,3.49831159488701
own-seed,V20,1.5,400014,1250,3.5503146027036174,1250,3.5503146027036174,0.005109754844272452,True,1200,-0.005226814353555653,3.428030419562006,3.4898649326799274
own-seed,V20,1.5,400015,3250,3.3009654544130944,3250,3.3009654544130944,0.0001940347662561237,True,3200,-0.01595807149830364,3.125719688695873,3.2988602323057505
own-seed,V20,1.5,400016,1550,3.958231544405971,1550,3.958231544405971,0.007254864813051487,True,1500,-0.000588357268617834,3.8441018111318948,3.852663223449181
own-seed,V20,1.5,400017,3150,3.1958133317703457,3150,3.1958133317703457,0.006971431155645025,True,3100,-0.011979692190264402,3.009107522936701,3.1271310342154766
own-seed,V20,1.5,400018,1700,3.0224258121098315,1700,3.0224258121098315,0.00598851241146825,True,1650,-0.015617592137734171,2.826393243762699,2.9680919331856854
own-seed,V20,1.5,400019,2250,4.379716328176379,2250,4.379716328176379,0.004382867002263424,True,2200,-0.0013474114890357214,4.2795662162083685,4.3031154052571745
own-seed,V20,1.5,400020,1300,3.860196699705161,1300,3.860196699705161,0.004970264196512808,True,1250,-0.004329302241822486,3.731250764750168,3.7912800068633605
own-seed,V20,1.5,400021,1050,3.3989730661293454,1050,3.3989730661293454,0.010304375375633779,True,1000,-0.002824971639749929,3.2488356649084147,3.281139929546856
own-seed,V20,1.5,400022,1700,3.6145592379457,1700,3.6145592379457,0.00012645157938662166,True,1650,-0.01645189505373912,3.40412838713346,3.612954173579166
own-seed,V20,1.5,400023,1700,3.7766398123649063,1700,3.7766398123649063,0.005167461342529656,True,1650,-0.003665285632679982,3.656659967143482,3.7064474686009
own-seed,V20,1.5,400024,3100,4.204728924945806,3100,4.204728924945806,0.005335004676027211,True,3050,-0.0071994449355692325,4.004319867436618,4.119429347217196
own-seed,V20,1.5,400025,2150,3.3990656516609765,2150,3.3990656516609765,0.006153827070733087,True,2100,-0.001224421912499274,3.3118890748202223,3.3263560453959067
own-seed,V20,1.5,400026,1850,3.711373094772589,1850,3.711373094772589,0.007258377647868741,True,1800,-0.0006665377116195081,3.6128602764146818,3.621145854939486
own-seed,V20,1.5,400027,1850,3.023785168101283,1850,3.023785168101283,0.0003042921725309178,True,1800,-0.012659275490877864,2.8993284211133674,3.020863810731893
own-seed,V20,1.5,400028,1250,3.5757170772686715,1250,3.5757170772686715,0.0021152492664411326,True,1200,-0.007583425290868195,3.45531010616645,3.5494567098552268
own-seed,V20,1.5,400029,5250,3.6064517763079817,5250,3.6064517763079817,0.002068139365075883,True,5200,-0.0147564165383951,3.403436917170653,3.5814964060571315
own-seed,V20,1.5,400030,1550,3.6831231838970497,1550,3.6831231838970497,0.005897277808652124,True,1500,-0.0036179185146685278,3.567772962389189,3.611632036640929
own-seed,V20,1.5,400031,8550,3.5456695810895416,8550,3.5456695810895416,0.0026623058598413962,True,8500,-0.015433095747656722,3.3317149872387013,3.514191276197262
own-seed,V20,1.5,400032,3800,3.344825802198524,3800,3.344825802198524,0.017045866032595836,True,3750,-0.0006246567872372211,3.1569092764679123,3.1635521661225363
own-seed,V20,1.5,400033,3150,3.355220796166034,3150,3.355220796166034,0.005613716832454152,True,3100,-0.003956612753755806,3.2486678288941824,3.292719480977911
own-seed,V20,1.5,400034,1400,3.119540728867311,1400,3.119540728867311,0.005816281005907253,True,1350,-0.004684090093780124,3.016678969953332,3.06256437165805
own-seed,V20,1.5,400035,1250,3.7847889318904517,1250,3.7847889318904517,0.0016538962335026497,True,1200,-0.008796720645662504,3.6530217814886923,3.763935694586985
own-seed,V20,1.5,400036,2050,3.195669336118296,2050,3.195669336118296,0.0060294457620582165,True,2000,-0.003179922600826224,3.10273944405523,3.1348274062714716
own-seed,V20,1.5,400037,7500,3.0233844636516243,7500,3.0233844636516243,0.0026118646168624693,True,7450,-0.026752036741835905,2.7694856963151513,3.00080063875144
own-seed,V20,1.5,400038,1600,3.444717052304613,1600,3.444717052304613,0.007264136758520223,True,1550,-0.0015236283962289932,3.338428434154618,3.356856823393235
own-seed,V20,1.5,400039,1900,3.416564272314681,1900,3.416564272314681,0.005713243121005629,True,1850,-0.010394119461464513,3.236169556629594,3.3525786965770834
own-seed,V20,1.5,400040,1200,3.589588890301818,1200,3.589588890301818,0.007873304582458385,True,1150,-0.002507884926577386,3.4616105834972095,3.4925275479052686
own-seed,V20,1.5,400042,4150,3.655609622959533,4150,3.655609622959533,0.009487959999474604,True,4100,-0.0035993816810844237,3.490248583529901,3.535727452395398
own-seed,V20,1.5,400043,1850,3.7884156063904353,1850,3.7884156063904353,0.001232155280864955,True,1800,-0.006216725835178849,3.688839313510018,3.7719442124709786
own-seed,V20,1.5,400044,5200,3.9774795969130574,5200,3.9774795969130574,0.010111528906968648,True,5150,-0.0015246491036338128,3.7999185297594718,3.8231837566775635
own-seed,V20,1.5,400045,1200,3.7991728035484154,1200,3.7991728035484154,0.007906661234804435,True,1150,-0.0010452542975998291,3.6769709919560154,3.6912396664401608
own-seed,V20,1.5,400046,2950,3.3308082042332186,2950,3.3308082042332186,0.014853346890082442,True,2900,-0.0049217209893792635,3.1161132159471316,3.1695476130679436
own-seed,V20,1.5,400047,1300,2.8820911425915288,1300,2.8820911425915288,0.0013498335730450783,True,1250,-0.009974396202204083,2.7792686442122068,2.869834833497542
own-seed,V20,1.5,400048,3200,3.3903805697848903,3200,3.3903805697848903,0.008590731606556545,True,3150,-0.0008624519399047514,3.2824981364574377,3.2923406845733827
own-seed,V20,1.5,400049,1150,3.090644964176275,1150,3.090644964176275,0.008788650253357844,True,1100,-0.0030398633175221512,2.975741807296441,3.0052712904029573
own-seed,V20,1.5,400050,1650,3.497183218889375,1650,3.497183218889375,0.010213860157419319,True,1600,-0.002369756160393699,3.3535813810058137,3.3806245879324828
own-seed,V20,1.5,400052,3150,2.9659759011278912,3150,2.9659759011278912,0.010002888202033322,True,3100,-0.01108242347563193,2.7817113962917395,2.8785606772196077
own-seed,V20,1.5,400053,1450,3.7584376025700528,1450,3.7584376025700528,0.004078716781619196,True,1400,-0.0045666064710707666,3.6490021220563604,3.70680780020993
own-seed,V20,1.5,400054,1250,3.685623276890249,1250,3.685623276890249,0.0014418426705389287,True,1200,-0.009763899859646763,3.5431020222517793,3.667285069864437
own-seed,V20,1.5,400055,850,2.5789760637926187,850,2.5789760637926187,0.0011492859562234337,True,800,-0.014642741953764471,2.4541350026390156,2.5698905885666585
own-seed,V20,1.5,400056,2100,3.3087719413013286,2100,3.3087719413013286,0.006364153010036233,True,2050,-0.005102720888142898,3.18532596575004,3.2402590158207105
own-seed,V20,1.5,400057,2050,3.4193360100644856,2050,3.4193360100644856,0.008751345840080305,True,2000,-0.0030553652583709123,3.2839819689735563,3.3190091692904664
own-seed,V20,1.5,400058,2150,3.646225942321642,2150,3.646225942321642,0.006833760864537908,True,2100,-0.0001381864692842072,3.5575336322187896,3.5592915452664564
own-seed,V20,1.5,400059,1100,2.8221169607131453,1100,2.8221169607131453,0.0049720029118089926,True,1050,-0.007659436943989295,2.709201468131712,2.777671025466458
own-seed,V30,1.3,400000,2200,6.284187487922751,2200,6.284187487922751,0.001309599360697522,True,2150,-0.0019019554711499076,6.161153787905389,6.234017130160463
own-seed,V30,1.3,400001,4650,6.560747373549127,4650,6.560747373549127,0.000976505230261715,True,4600,-0.0011257493353298287,6.457818982484237,6.512936744968565
own-seed,V30,1.3,400002,3600,5.616746768666676,3600,5.616746768666676,0.003921559773630179,True,3550,-0.0005599363399051427,5.500112788135115,5.51468551173297
own-seed,V30,1.3,400003,5700,7.47779877887228,5700,7.47779877887228,0.002118600460668585,True,5650,-0.00011804606747123358,7.357116868157803,7.3634862362253655
own-seed,V30,1.3,400005,3250,6.164464101084414,3250,6.164464101084414,0.00026545504832187206,True,3200,-0.002762752026733928,6.050926588932207,6.154511312180718
own-seed,V30,1.3,400006,4250,5.989938862594936,4250,5.989938862594936,0.001836006658174849,True,4200,-0.0018568644752883223,5.858112595566872,5.924398015043377
own-seed,V30,1.3,400007,2250,5.769203454460761,2250,5.769203454460761,0.002132191383183546,True,2200,-0.0013919125791108655,5.647202572046679,5.695389164925802
own-seed,V30,1.3,400008,7550,5.618873035561923,7550,5.618873035561923,0.0037997057522880517,True,7500,-0.0005581415954303282,5.472699722624127,5.491421215045185
own-seed,V30,1.3,400009,9400,5.9615612173777235,9400,5.9615612173777235,0.0022928462354783186,True,9350,-0.0018151091269835717,5.811443014600373,5.877773073217233
own-seed,V30,1.3,400010,5400,5.59672549779184,5400,5.59672549779184,0.0029265823551236636,True,5350,-0.0014461723554832773,5.451183165430775,5.499317422104852
own-seed,V30,1.3,400011,5300,6.123601017446035,5300,6.123601017446035,2.8752348648630743e-06,True,5250,-0.0036071262569197238,5.989272347022985,6.123494029546603
own-seed,V30,1.3,400012,3400,6.068045910526866,3400,6.068045910526866,0.0005725168976922212,True,3350,-0.0024412424575852576,5.9595814714151185,6.047441171770454
own-seed,V30,1.3,400013,4450,6.107901840652039,4450,6.107901840652039,0.0024193663398586196,True,4400,-0.0008704183220369366,5.989004274173863,6.020462448779303
own-seed,V30,1.3,400014,2350,6.016524143478425,2350,6.016524143478425,0.00285550142785862,True,2300,-0.0005052253756749892,5.894569709664517,5.912903385158186
own-seed,V30,1.3,400015,4150,5.710548301158153,4150,5.710548301158153,0.0014546738930887315,True,4100,-0.002413188292691437,5.574923185654835,5.659540714720575
own-seed,V30,1.3,400016,2700,6.6214723497479095,2700,6.6214723497479095,0.002086298840216383,True,2650,-0.0008703901620483734,6.49576390353135,6.532769958205843
own-seed,V30,1.3,400017,3050,5.409437522570161,3050,5.409437522570161,0.0016085440644988402,True,3000,-0.0017929514862249363,5.304253348878177,5.359696643668981
own-seed,V30,1.3,400018,2450,5.200864545525562,2450,5.200864545525562,0.0014969501266279828,True,2400,-0.0037078719062120236,5.049075586012051,5.157208777714324
own-seed,V30,1.3,400019,3850,7.247973180174213,3850,7.247973180174213,0.0004045574352544712,True,3800,-0.0019028487966878949,7.132238961360009,7.227681504574793
own-seed,V30,1.3,400020,2400,6.530246957445716,2400,6.530246957445716,0.0027599951870973527,True,2350,-0.00022475031684132674,6.404036441165302,6.41354004992702
own-seed,V30,1.3,400021,1500,5.699665015788789,1500,5.699665015788789,0.0031240296278283175,True,1450,-0.002214218370404808,5.5174513671355685,5.593030622411829
own-seed,V30,1.3,400022,3200,6.218503036814329,3200,6.218503036814329,0.0004339649147189206,True,3150,-0.0034561138921094248,6.061815266256371,6.20102344363274
own-seed,V30,1.3,400023,2900,6.301715049623235,2900,6.301715049623235,0.00044543148764075724,True,2850,-0.0026758090338701024,6.178223162515522,6.284091551976432
own-seed,V30,1.3,400024,3400,6.876881467547621,3400,6.876881467547621,8.766578806440606e-06,True,3350,-0.003438227210299516,6.719748689834126,6.876481839070409
own-seed,V30,1.3,400025,3750,5.6728922912681865,3750,5.6728922912681865,7.611487826286734e-05,True,3700,-0.0028310010248771,5.572484574379814,5.6702633898407075
own-seed,V30,1.3,400026,3250,6.2649520682367505,3250,6.2649520682367505,0.0023048157353340315,True,3200,-0.0006620157345795796,6.153869236986709,6.178656146143809
own-seed,V30,1.3,400027,2950,5.236141539008242,2950,5.236141539008242,0.000534970178375449,True,2900,-0.0033358233928715286,5.117759592280962,5.219780343302132
own-seed,V30,1.3,400028,2550,6.118644621871188,2550,6.118644621871188,0.001892110235339306,True,2500,-0.0011972983797092773,5.9987075836598915,6.045189107928981
own-seed,V30,1.3,400029,6050,6.184243645574537,6050,6.184243645574537,0.0018363945157480188,True,6000,-0.0019430148276651238,6.037980308851869,6.113175083001226
own-seed,V30,1.3,400030,2850,6.2016421318006225,2850,6.2016421318006225,0.0007107706923976664,True,2800,-0.002431896276770651,6.08645146747124,6.175589690022227
own-seed,V30,1.3,400031,7700,6.0515225240282895,7700,6.0515225240282895,0.0032599303349503117,True,7650,-0.0007420814549936594,5.900486378806318,5.928492573761711
own-seed,V30,1.3,400032,4750,5.539183765953996,4750,5.539183765953996,0.0023347223485306046,True,4700,-0.002165784627242484,5.397211206551618,5.465532839714095
own-seed,V30,1.3,400033,4500,5.70705829034839,4500,5.70705829034839,0.00224860076557043,True,4450,-0.0008429609554414519,5.601421220565262,5.6302247617235075
own-seed,V30,1.3,400034,2550,5.378405563957294,2550,5.378405563957294,0.0029588405228899717,True,2500,-0.0007113635393816153,5.265079269088198,5.28704431322615
own-seed,V30,1.3,400035,2500,6.50843460553003,2500,6.50843460553003,0.0023242696206997593,True,2450,-0.0008714408799872508,6.381531438959322,6.4161367660456685
own-seed,V30,1.3,400036,3550,5.443355386154673,3550,5.443355386154673,0.0011893372690829906,True,3500,-0.0020719142644072264,5.34212140818845,5.406436632217315
own-seed,V30,1.3,400037,7700,5.242410955003502,7700,5.242410955003502,0.0020226544826038584,True,7650,-0.0035734056441025785,5.078939473605677,5.183325398890686
own-seed,V30,1.3,400038,2900,5.810144272387327,2900,5.810144272387327,0.0023790536049048683,True,2850,-0.0007969705210060241,5.69602447859598,5.724660946050051
own-seed,V30,1.3,400039,3000,5.757453829428884,3000,5.757453829428884,0.0019002704840116458,True,2950,-0.0023520151196971817,5.6108151214636415,5.691923610029483
own-seed,V30,1.3,400040,2250,6.087555901400459,2250,6.087555901400459,0.003154212756413699,True,2200,-0.00026293552830702893,5.959644296652043,5.969486569380303
own-seed,V30,1.3,400042,5050,6.0229136857018455,5050,6.0229136857018455,0.0004353969251207346,True,5000,-0.0031853985967353893,5.890295418670247,6.0069664759431465
own-seed,V30,1.3,400043,3400,6.4380473821131075,3400,6.4380473821131075,0.0018919183071059997,True,3350,-0.0007822594302808739,6.3283031036873885,6.360405867657661
own-seed,V30,1.3,400044,6050,6.472016915324062,6050,6.472016915324062,0.0005883863638493914,True,6000,-0.002711451993872682,6.330849212917066,6.446845636580104
own-seed,V30,1.3,400045,2250,6.27780267293305,2250,6.27780267293305,0.00034684460399692085,True,2200,-0.0027986707756944007,6.154028203047648,6.26415450981501
own-seed,V30,1.3,400046,2850,5.457593156188323,2850,5.457593156188323,0.0018408293167513357,True,2800,-0.0028226133881252835,5.30944835696044,5.3991150517489235
own-seed,V30,1.3,400047,2600,4.954340102263779,2600,4.954340102263779,0.0006730685219995536,True,2550,-0.0030222045823022903,4.8485834472886875,4.935077256610278
own-seed,V30,1.3,400048,4550,5.707528095916591,4550,5.707528095916591,0.0017615379934281528,True,4500,-0.0013791931615960706,5.599976214207896,5.647205605215188
own-seed,V30,1.3,400049,2200,5.162679655561687,2200,5.162679655561687,0.0003872458585809646,True,2150,-0.0035821365506252256,5.047716973881075,5.151464101658661
own-seed,V30,1.3,400050,2700,5.895916916358321,2700,5.895916916358321,0.0015877102655292852,True,2650,-0.002224279806327889,5.764605090944534,5.841224976121109
own-seed,V30,1.3,400052,3900,5.0865150613066215,3900,5.0865150613066215,0.0028419401302839375,True,3850,-0.001904692398035479,4.952628586840915,5.006353527331493
own-seed,V30,1.3,400053,2700,6.307584842064877,2700,6.307584842064877,0.00024070790648123008,True,2650,-0.00281884653017217,6.1919645519140225,6.298488511679134
own-seed,V30,1.3,400054,2350,6.426169537723743,2350,6.426169537723743,0.002744329866422479,True,2300,-0.0007645851398274672,6.282176331865272,6.313552146109677
own-seed,V30,1.3,400055,1750,4.5109205642870585,1750,4.5109205642870585,0.0019125844700424999,True,1700,-0.0027404445321774773,4.3894472075666915,4.46099006622301
own-seed,V30,1.3,400056,3300,5.618862537100363,3300,5.618862537100363,0.0016656412051898606,True,3250,-0.0018042209913948781,5.504369515782785,5.563902344675159
own-seed,V30,1.3,400057,3100,5.734986212355627,3100,5.734986212355627,0.0020419000850315783,True,3050,-0.0014283908341319318,5.615156753894928,5.664479218239074
own-seed,V30,1.3,400058,3750,6.044113915607475,3750,6.044113915607475,7.271235909867002e-05,True,3700,-0.0027053640233791754,5.942020779893808,6.041441767068887
own-seed,V30,1.3,400059,2250,4.891244230818688,2250,4.891244230818688,0.0036665795531214407,True,2200,-0.0002391484242045827,4.778930869294232,4.785807836554016
own-seed,V30,1.5,400000,1000,3.366084279392595,1000,3.366084279392595,0.008703430309849658,True,950,-0.0034003994547480154,3.243528616258193,3.2779588931377814
own-seed,V30,1.5,400001,2550,3.428959818042159,2550,3.428959818042159,0.001481420391060695,True,2500,-0.006196905802159591,3.3460951464277326,3.412972295353093
own-seed,V30,1.5,400002,2400,3.0257230342754298,2400,3.0257230342754298,0.014710829779749357,True,2350,-0.005131185074176869,2.8883128161297025,2.9238473757789825
own-seed,V30,1.5,400003,4200,3.90258653836048,4200,3.90258653836048,0.005320656844465255,True,4150,-0.0045448303888604435,3.7679638076109296,3.829981776239498
own-seed,V30,1.5,400005,1700,3.232448869707521,1700,3.232448869707521,0.0006086071047088915,True,1650,-0.011402377865435298,3.1183238847792585,3.2266660569885985
own-seed,V30,1.5,400006,3300,3.234023166040228,3300,3.234023166040228,0.013720783715205354,True,3250,-0.004460743722372484,3.060718725495322,3.103238073656477
own-seed,V30,1.5,400007,1050,3.072516621191337,1050,3.072516621191337,0.00854675643072289,True,1000,-0.005628204832790473,2.9449540176956814,2.9956030775506526
own-seed,V30,1.5,400008,6950,3.0055351817349867,6950,3.0055351817349867,0.013431871933447859,True,6900,-0.01302812810947973,2.77984751370353,2.890969503388842
own-seed,V30,1.5,400009,8650,3.119443349239085,8650,3.119443349239085,0.003284986470526885,True,8600,-0.024198554198468614,2.878083101291734,3.0905946227020236
own-seed,V30,1.5,400010,4750,2.948912479415494,4750,2.948912479415494,0.007442443624185557,True,4700,-0.01968580073439785,2.7261901783712297,2.887810177789906
own-seed,V30,1.5,400011,4350,3.3467758992358996,4350,3.3467758992358996,0.013583922036440654,True,4300,-0.00463292984832453,3.16200325614438,3.2089948383753595
own-seed,V30,1.5,400012,1750,3.206979507664715,1750,3.206979507664715,0.003969100310360574,True,1700,-0.006850006026935418,3.1065219727692175,3.170125628933782
own-seed,V30,1.5,400013,3200,3.2474478714666817,3200,3.2474478714666817,0.009083948213480575,True,3150,-0.00570551657849272,3.1090155184025035,3.162420296500768
own-seed,V30,1.5,400014,1100,3.192878901648492,1100,3.192878901648492,0.00891966165394642,True,1050,-0.004280310298122814,3.068715231679453,3.108977365352994
own-seed,V30,1.5,400015,3250,3.1229972038608103,3250,3.1229972038608103,0.016808565674321763,True,3200,-0.002751984835088983,2.936072783810166,2.962371285431564
own-seed,V30,1.5,400016,1300,3.5003396210297253,1300,3.5003396210297253,0.009374399995787375,True,1250,-0.001241584385183181,3.381837859378471,3.3956971428516676
own-seed,V30,1.5,400017,1450,2.8454937593554757,1450,2.8454937593554757,0.004051741921290208,True,1400,-0.007809918962852436,2.751159044809051,2.8132706228745072
own-seed,V30,1.5,400018,1600,2.8277292999929893,1600,2.8277292999929893,0.016438003171210358,True,1550,-0.009604307266084522,2.623279479375339,2.6986798130913416
own-seed,V30,1.5,400019,1950,3.798707134966179,1950,3.798707134966179,0.0034556217287247115,True,1900,-0.0042065191804177005,3.6993714977836047,3.7539068121379686
own-seed,V30,1.5,400020,1100,3.378234876973859,1100,3.378234876973859,0.002113722549141883,True,1050,-0.010934566450513383,3.242974026718615,3.356323658636484
own-seed,V30,1.5,400021,900,3.06485745960265,900,3.06485745960265,0.014601012586184403,True,850,-0.0028987891804401755,2.9046892563004554,2.93122063425403
own-seed,V30,1.5,400022,1500,3.2985231737648086,1500,3.2985231737648086,0.00794807743482906,True,1450,-0.012020071487691908,3.089964926325934,3.2155091143871335
own-seed,V30,1.5,400023,1500,3.3775852935719857,1500,3.3775852935719857,0.010745341640511885,True,1450,-0.0006024388678711468,3.2557556435425243,3.262223420777259
own-seed,V30,1.5,400024,2650,3.6709989211641494,2650,3.6709989211641494,0.008106853582505291,True,2600,-0.010537711733274335,3.4477402464340963,3.5739236954130345
own-seed,V30,1.5,400025,1900,2.9845889361641,1900,2.9845889361641,0.0012229375133379072,True,1850,-0.008338649975537571,2.899600075057729,2.9737187677340384
own-seed,V30,1.5,400026,1600,3.308055143719326,1600,3.308055143719326,0.007599973790416659,True,1550,-0.0025138767983619026,3.2095339005492716,3.2340221273800855
own-seed,V30,1.5,400027,1700,2.8437572843490506,1700,2.8437572843490506,0.014210543042099566,True,1650,-0.0006180819121803793,2.7188938417030424,2.7240983590220806
own-seed,V30,1.5,400028,1150,3.221932752335368,1150,3.221932752335368,0.005313535023284022,True,1100,-0.006744704915852218,3.102256081231858,3.1691965166502043
own-seed,V30,1.5,400029,5200,3.2029439472050543,5200,3.2029439472050543,0.0005185054476548601,True,5150,-0.02458713961814407,2.9725509672448145,3.19818565420371
own-seed,V30,1.5,400030,1400,3.347317957472136,1400,3.347317957472136,0.010188378932275644,True,1350,-0.0014485674429565165,3.2324193309290714,3.246721915497558
own-seed,V30,1.5,400031,7750,3.1449002834336945,7750,3.1449002834336945,0.0026966587060375247,True,7700,-0.024536782910149046,2.9006183252871196,3.1207114541829575
own-seed,V30,1.5,400032,4150,3.088491693249579,4150,3.088491693249579,0.023740363384673557,True,4100,-0.0005146001053919491,2.8752407599186522,2.879765151506047
own-seed,V30,1.5,400033,2950,3.063157698448376,2950,3.063157698448376,0.011448521841190384,True,2900,-0.00032566095057129374,2.95629362740046,2.9592493701110056
own-seed,V30,1.5,400034,1200,2.8601564763824405,1200,2.8601564763824405,0.01006424389828009,True,1150,-0.003162944098149101,2.7533367415536834,2.7788799522446994
own-seed,V30,1.5,400035,1200,3.374985232236178,1200,3.374985232236178,0.002253740083243194,True,1150,-0.01141533465114053,3.2403071775659815,3.3527796816746664
own-seed,V30,1.5,400036,1900,2.932657115661978,1900,2.932657115661978,0.0099403075086264,True,1850,-0.0011835348164179749,2.83990192944734,2.84977073098916
own-seed,V30,1.5,400037,7550,2.879132139940702,7550,2.879132139940702,0.017297349069947288,True,7500,-0.02216156313373352,2.604882208314647,2.75891096467722
own-seed,V30,1.5,400038,1400,3.0533260850709314,1400,3.0533260850709314,0.0068776538530448406,True,1350,-0.0046305646742057505,2.9467210002150557,2.9896157140107156
own-seed,V30,1.5,400039,1600,3.1186397904513368,1600,3.1186397904513368,0.012883271406980867,True,1550,-0.007409301312668148,2.933179468953533,3.0008954467403703
own-seed,V30,1.5,400040,1050,3.215579459866807,1050,3.215579459866807,0.010000691276105034,True,1000,-0.003697803789498799,3.082841786408489,3.1186733043652235
own-seed,V30,1.5,400042,4000,3.211177399922939,4000,3.211177399922939,0.007009193231416244,True,3950,-0.011803811530692876,3.032495437224573,3.144605556702869
own-seed,V30,1.5,400043,1650,3.3823093383069724,1650,3.3823093383069724,0.004641932863857612,True,1600,-0.004766582013730147,3.283567968981214,3.333592743471438
own-seed,V30,1.5,400044,5050,3.3936013831831566,5050,3.3936013831831566,0.00229519121316768,True,5000,-0.01686273615335887,3.1904218724472555,3.369259719347874
own-seed,V30,1.5,400045,1000,3.314123367311755,1000,3.314123367311755,0.0027367775049449428,True,950,-0.009745923595367412,3.1883285078218533,3.28654339572363
own-seed,V30,1.5,400046,2300,2.9429637801895048,2300,2.9429637801895048,0.012236239177685793,True,2250,-0.01568770449499146,2.712816237084438,2.84211339828783
own-seed,V30,1.5,400047,1200,2.651183457811881,1200,2.651183457811881,0.005636970352954851,True,1150,-0.007883901237750734,2.5496163372159057,2.6088392314213227
own-seed,V30,1.5,400048,2900,2.9734903395522747,2900,2.9734903395522747,0.0009236079406154118,True,2850,-0.011674500302935709,2.8658377402884168,2.9655979803515287
own-seed,V30,1.5,400049,1000,2.7494723562158905,1000,2.7494723562158905,0.002791274062303728,True,950,-0.01275769518647607,2.6334254925536578,2.7286401971595913
own-seed,V30,1.5,400050,1550,3.1364286824658807,1550,3.1364286824658807,0.009624244401417847,True,1500,-0.0076195664437186394,2.9813341840476113,3.0498661835207166
own-seed,V30,1.5,400052,3000,2.7048826605906804,3000,2.7048826605906804,0.008746333454324073,True,2950,-0.01838139601604638,2.5125049475552452,2.6428575792352373
own-seed,V30,1.5,400053,1300,3.406478562803368,1300,3.406478562803368,0.009557297260730735,True,1250,-0.001123157874959535,3.2971413087118204,3.308639226768609
own-seed,V30,1.5,400054,1150,3.388063061024735,1150,3.388063061024735,0.01099315922133881,True,1100,-0.0028012018755987356,3.240490034918861,3.27045748572072
own-seed,V30,1.5,400055,800,2.4693680407551937,800,2.4693680407551937,0.01592670029843335,True,750,-0.0016565725858761482,2.343513726788258,2.3553708371057533
own-seed,V30,1.5,400056,1950,2.9559461071959503,1950,2.9559461071959503,0.0034074078007448882,True,1900,-0.011926143452333893,2.8283167225313917,2.92758442152167
own-seed,V30,1.5,400057,1900,2.9940736133302592,1900,2.9940736133302592,0.0008127595397948717,True,1850,-0.01615692573342331,2.8502409276093776,2.987184776821402
own-seed,V30,1.5,400058,1900,3.2371765484557122,1900,3.2371765484557122,0.0066274760914435404,True,1850,-0.0022600190924215724,3.150033034384495,3.1721929345033955
own-seed,V30,1.5,400059,1000,2.577198122213819,1000,2.577198122213819,0.006651077346594203,True,950,-0.008813162524921925,2.46463731957634,2.5287863922641596
own-seed,V40,1.3,400000,1900,5.54400024483225,1900,5.54400024483225,0.004038865841330619,True,1850,-0.0002279970481255944,5.4214064732945015,5.427957191879404
own-seed,V40,1.3,400001,4150,5.593892458703864,4150,5.593892458703864,0.0021514022166817526,True,4100,-0.001035637374650289,5.497665714046238,5.528934862217289
own-seed,V40,1.3,400002,3350,5.0007116545016475,3350,5.0007116545016475,0.0036045364245316236,True,3300,-0.00190359018605335,4.884247848245674,4.924497351260592
own-seed,V40,1.3,400003,5000,6.072884748333416,5000,6.072884748333416,0.0006722419054643325,True,4950,-0.0027130926155667368,5.954703717142758,6.049416981380462
own-seed,V40,1.3,400005,2900,5.396484007980364,2900,5.396484007980364,0.002302848468767049,True,2850,-0.001654356787703204,5.2855453947909306,5.331924603311448
own-seed,V40,1.3,400006,3900,5.191874592225047,3900,5.191874592225047,0.001808389727282922,True,3850,-0.0033061832517327083,5.058109676486829,5.144578542196172
own-seed,V40,1.3,400007,1900,4.930141625071634,1900,4.930141625071634,0.0008111349178845373,True,1850,-0.004115197663677073,4.808948325960446,4.910186797602079
own-seed,V40,1.3,400008,7700,4.872555943567267,7700,4.872555943567267,0.001959150989804037,True,7650,-0.0048576945270686345,4.715233627964158,4.827341750350007
own-seed,V40,1.3,400009,9050,5.1738579474507524,9050,5.1738579474507524,0.0026373571342421798,True,9000,-0.0034016336368636324,5.013345326058716,5.103758633971145
own-seed,V40,1.3,400010,5250,4.8219548094092515,5250,4.8219548094092515,8.350079366614693e-05,True,5200,-0.007565738298590752,4.667794623766814,4.820271962566891
own-seed,V40,1.3,400011,4950,5.3384173937421595,4950,5.3384173937421595,0.003269699773430723,True,4900,-0.001691466683914289,5.200983616771049,5.2478404713010915
own-seed,V40,1.3,400012,3050,5.346734813473715,3050,5.346734813473715,0.0018074493772441969,True,3000,-0.0020441406191293865,5.2418152944490854,5.297498856505196
own-seed,V40,1.3,400013,4150,5.369356279883635,4150,5.369356279883635,0.0024369830686090665,True,4100,-0.0019195246871372973,5.251035290521513,5.3031688049833035
own-seed,V40,1.3,400014,2000,5.170581109303542,2000,5.170581109303542,0.0027244833578361494,True,1950,-0.0019147270711226128,5.0495801136220155,5.099520482918049
own-seed,V40,1.3,400015,4050,5.040692482585963,4050,5.040692482585963,0.003330266997131126,True,4000,-0.0020450466995312055,4.899178390254115,4.9530176531868255
own-seed,V40,1.3,400016,2300,5.6437143490351005,2300,5.6437143490351005,0.002058439682984581,True,2250,-0.0020540025960875674,5.520492522280372,5.582036961052645
own-seed,V40,1.3,400017,2700,4.7157373939402625,2700,4.7157373939402625,0.000921641997728706,True,2650,-0.0034547475032025154,4.615169111454258,4.694558302646212
own-seed,V40,1.3,400018,2350,4.689590862730862,2350,4.689590862730862,0.0032970668779661594,True,2300,-0.004782796635081077,4.531842759670986,4.625220215278606
own-seed,V40,1.3,400019,3350,6.131512871007018,3350,6.131512871007018,0.0016594855607805492,True,3300,-0.0014812142993192445,6.021010970410918,6.07312578639327
own-seed,V40,1.3,400020,2000,5.518598733898996,2000,5.518598733898996,0.000997794035023425,True,1950,-0.003324240699028813,5.3917659570442,5.4893178520971695
own-seed,V40,1.3,400021,1300,4.998581857092158,1300,4.998581857092158,0.0042510047180801536,True,1250,-0.003069618421272402,4.813072770548911,4.890858786647115
own-seed,V40,1.3,400022,3250,5.525531923937671,3250,5.525531923937671,0.004802983821613704,True,3200,-0.0005784727493791664,5.359496465587498,5.377344233532699
own-seed,V40,1.3,400023,2550,5.474928027593625,2550,5.474928027593625,0.0040269935407670765,True,2500,-0.00010050602780742324,5.3539784482723585,5.356923611943631
own-seed,V40,1.3,400024,2950,5.859764257518666,2950,5.859764257518666,0.003541181877873001,True,2900,-0.0014750027796850418,5.696363124107655,5.744411021551338
own-seed,V40,1.3,400025,3350,4.926364918438635,3350,4.926364918438635,0.0005110778470793775,True,3300,-0.003238046254833371,4.831573384792731,4.913443006114531
own-seed,V40,1.3,400026,2850,5.425241977531714,2850,5.425241977531714,0.0032569941595981255,True,2800,-0.0006089212603637151,5.318441001695785,5.335263248886783
own-seed,V40,1.3,400027,2700,4.69601519046215,2700,4.69601519046215,0.004419967454960982,True,2650,-0.0004479963507209028,4.579776325022502,4.590473731496256
own-seed,V40,1.3,400028,2200,5.291849613158556,2200,5.291849613158556,0.00215748751154754,True,2150,-0.0020122469972529977,5.17355040712087,5.230639706601288
own-seed,V40,1.3,400029,5850,5.358576272885127,5850,5.358576272885127,0.0023944897093870487,True,5800,-0.0031335688991922517,5.203153456197192,5.291254567108413
own-seed,V40,1.3,400030,2500,5.423373113524429,2500,5.423373113524429,0.0012706338350430002,True,2450,-0.0028625371141486333,5.310197510663803,5.38858027479023
own-seed,V40,1.3,400031,6850,5.133815876839623,6850,5.133815876839623,0.0018588150192071495,True,6800,-0.004401246594185615,4.968960537102999,5.084864987787134
own-seed,V40,1.3,400032,4700,4.895163884820772,4700,4.895163884820772,0.0006688749731762478,True,4650,-0.006743412605330068,4.7451882251742,4.881630280753106
own-seed,V40,1.3,400033,4150,4.966335205353517,4150,4.966335205353517,0.0015867141408447694,True,4100,-0.002519720149484428,4.864034393393309,4.926806472277369
own-seed,V40,1.3,400034,2250,4.740591435706858,2250,4.740591435706858,0.0025384874148479675,True,2200,-0.002210752745222422,4.6302195770270975,4.681597246158904
own-seed,V40,1.3,400035,2150,5.636200161631089,2150,5.636200161631089,0.0034558576537571106,True,2100,-0.0008888015672314786,5.509718527005518,5.5355933009206115
own-seed,V40,1.3,400036,3250,4.88061711065683,3250,4.88061711065683,0.0034573156767083724,True,3200,-0.0005643954676033403,4.783079665888384,4.796767792602005
own-seed,V40,1.3,400037,7800,4.8223894112175385,7800,4.8223894112175385,0.007285004781363291,True,7750,-0.0011429331186949554,4.651547363893865,4.6747156686758125
own-seed,V40,1.3,400038,2550,5.050446913451971,2550,5.050446913451971,0.0034672705520040203,True,2500,-0.0007379834411089803,4.940088220806721,4.959455157474045
own-seed,V40,1.3,400039,2750,5.052753751663381,2750,5.052753751663381,0.004254776785896475,True,2700,-0.001743424083044065,4.898396864781013,4.943261903457512
own-seed,V40,1.3,400040,1900,5.207340081161375,1900,5.207340081161375,0.0012186407171999036,True,1850,-0.003589437919280236,5.079688201958316,5.174985831286249
own-seed,V40,1.3,400042,4750,5.275205019995986,4750,5.275205019995986,0.0038863063671055187,True,4700,-0.0010223993696905076,5.1400963920957645,5.1682372062760615
own-seed,V40,1.3,400043,2950,5.488472087767561,2950,5.488472087767561,0.0021610651970762618,True,2900,-0.00145616472159249,5.383128060573005,5.425535720434352
own-seed,V40,1.3,400044,5700,5.56622075937871,5700,5.56622075937871,0.002301430827201578,True,5650,-0.0025309058138098806,5.418389305452133,5.495815096327585
own-seed,V40,1.3,400045,1900,5.416980903722285,1900,5.416980903722285,0.00042727974828737914,True,1850,-0.003911975479980789,5.293470896598282,5.404819064425273
own-seed,V40,1.3,400046,2450,4.749285722401601,2450,4.749285722401601,0.0020594726250653395,True,2400,-0.004389060243918053,4.598558682895912,4.701147918341986
own-seed,V40,1.3,400047,2350,4.457693628167866,2350,4.457693628167866,0.003567588578375247,True,2300,-0.001041189185265523,4.354722213995499,4.377984937504014
own-seed,V40,1.3,400048,4200,5.006649251783067,4200,5.006649251783067,0.002337142666342995,True,4150,-0.0017254796454970744,4.902580406434719,4.946780595523334
own-seed,V40,1.3,400049,1950,4.609612664657851,1950,4.609612664657851,0.00216716040330045,True,1900,-0.002909157872708068,4.496170896463494,4.561182583101872
own-seed,V40,1.3,400050,2450,5.259287389155867,2450,5.259287389155867,0.004261167664987298,True,2400,-0.000659736550814749,5.127922044706061,5.145533954111979
own-seed,V40,1.3,400052,4100,4.637300847545188,4100,4.637300847545188,0.005846390400357837,True,4050,-0.0004824360272164263,4.493650950596119,4.5046011459265225
own-seed,V40,1.3,400053,2350,5.514801961669814,2350,5.514801961669814,0.0024399202557940924,True,2300,-0.0015786282382808103,5.401322722460491,5.445901388548157
own-seed,V40,1.3,400054,2050,5.586835125901882,2050,5.586835125901882,0.0038398636856138424,True,2000,-0.000885036327645139,5.4433944750584,5.470262808039267
own-seed,V40,1.3,400055,1550,4.038625366026886,1550,4.038625366026886,0.002248434675892419,True,1500,-0.003696187945557483,3.9178998441683057,3.992963350639636
own-seed,V40,1.3,400056,3000,4.9161473772835675,3000,4.9161473772835675,0.00045743747731519235,True,2950,-0.004208724206218317,4.802939468199686,4.905049274848282
own-seed,V40,1.3,400057,2800,5.035131427218628,2800,5.035131427218628,0.003174419941257778,True,2750,-0.0014680968675637729,4.915569844569962,4.95337864358905
own-seed,V40,1.3,400058,3350,5.285667051728202,3350,5.285667051728202,0.0026368516343744375,True,3300,-0.0009127223412690455,5.188463963194918,5.213458351578836
own-seed,V40,1.3,400059,1950,4.2489986862820865,1950,4.2489986862820865,5.477144346111018e-05,True,1900,-0.005600452911114662,4.139057674416023,4.247933896003588
own-seed,V40,1.5,400000,800,2.877459084739078,800,2.877459084739078,0.00018956605690734207,True,750,-0.017863863609980157,2.751665332678693,2.8761382151867734
own-seed,V40,1.5,400001,2250,2.965643421556413,2250,2.965643421556413,0.006248162159023352,True,2200,-0.003971260729831005,2.885479752514669,2.916631299357089
own-seed,V40,1.5,400002,2300,2.6451430274201946,2300,2.6451430274201946,0.004341843706255233,True,2250,-0.023573632525012655,2.4965934746102154,2.622038318921165
own-seed,V40,1.5,400003,3800,3.2421585191867885,3800,3.2421585191867885,0.007339674959408793,True,3750,-0.008320942851849367,3.099718185851951,3.175400888013644
own-seed,V40,1.5,400005,1550,2.8991449858165597,1550,2.8991449858165597,0.011237251164214257,True,1500,-0.0044713670553413465,2.782714960350554,2.8158560917247417
own-seed,V40,1.5,400006,3100,2.7297223865551543,3100,2.7297223865551543,0.0025306363881760774,True,3050,-0.02745458633814124,2.5367505766621394,2.713436314963668
own-seed,V40,1.5,400007,900,2.706478599387956,900,2.706478599387956,0.015484170439969525,True,850,-0.003955842164814705,2.575446785538424,2.602110408895878
own-seed,V40,1.5,400008,7300,2.656078365874818,7300,2.656078365874818,0.01500460841310236,True,7250,-0.03301807458199191,2.392801761976762,2.573818023481509
own-seed,V40,1.5,400009,8500,2.899779953893151,8500,2.899779953893151,0.026410222576476627,True,8450,-0.009287482776902944,2.639250753454206,2.707032714171407
own-seed,V40,1.5,400010,4800,2.605364440201898,4800,2.605364440201898,0.008016998632181416,True,4750,-0.04129805023734967,2.353008339187962,2.564339670622863
own-seed,V40,1.5,400011,4150,2.8517428952132766,4150,2.8517428952132766,0.011174350019739432,True,4100,-0.018500664497887342,2.644034802671027,2.7735288499725956
own-seed,V40,1.5,400012,1550,2.8212734828428436,1550,2.8212734828428436,0.003370984903097174,True,1500,-0.011176882250778952,2.7205174693955065,2.797926624046657
own-seed,V40,1.5,400013,3100,2.8893631047544894,3100,2.8893631047544894,0.01187860032577337,True,3050,-0.008866055905989434,2.7417735810722323,2.8048518482407045
own-seed,V40,1.5,400014,900,2.7007692580690277,900,2.7007692580690277,0.0003538340930289152,True,850,-0.01959877109875041,2.572338750526683,2.6984917062547806
own-seed,V40,1.5,400015,3350,2.762237934316889,3350,2.762237934316889,0.020920711285366878,True,3300,-0.009445005101269999,2.5486838524592677,2.6151080845392953
own-seed,V40,1.5,400016,1100,3.0423575887654426,1100,3.0423575887654426,0.014507173024941977,True,1050,-0.00019958674553910427,2.923034917002043,2.924654255598577
own-seed,V40,1.5,400017,1250,2.4845361108707027,1250,2.4845361108707027,0.0009930537125035777,True,1200,-0.0147739657202699,2.391893943451177,2.478701232015977
own-seed,V40,1.5,400018,1600,2.5873091037230087,1600,2.5873091037230087,0.026296436169054527,True,1550,-0.015091934093145909,2.363919791395207,2.4453768953450914
own-seed,V40,1.5,400019,1650,3.221547664740507,1650,3.221547664740507,0.004713789778550304,True,1600,-0.006087830913931391,3.123890290043107,3.178930325384287
own-seed,V40,1.5,400020,950,2.9728030344650085,950,2.9728030344650085,0.009684684689761802,True,900,-0.008586092680846757,2.831294625777708,2.8977944953488204
own-seed,V40,1.5,400021,750,2.5878865852946062,750,2.5878865852946062,0.0013661442292760562,True,700,-0.026141243474382403,2.418339926474013,2.5794661132368404
own-seed,V40,1.5,400022,1550,2.825348618427318,1550,2.825348618427318,0.0025216353404751146,True,1500,-0.03302542822705412,2.571291087680485,2.8073263014269836
own-seed,V40,1.5,400023,1300,2.9119429645479706,1300,2.9119429645479706,0.014018301921056242,True,1250,-0.003994865401696135,2.7877881209573507,2.8153225284397423
own-seed,V40,1.5,400024,2350,3.1183173363652497,2350,3.1183173363652497,0.013627529053058751,True,2300,-0.01626991901495911,2.869960824224161,3.005114176783897
own-seed,V40,1.5,400025,1700,2.6720536793911007,1700,2.6720536793911007,0.011250350775940277,True,1650,-0.0008173815245982041,2.5888743565145886,2.5945083265144713
own-seed,V40,1.5,400026,1350,2.842241084399366,1350,2.842241084399366,0.004087082171054135,True,1300,-0.009835599914304716,2.745031684479296,2.8137047145507723
own-seed,V40,1.5,400027,1550,2.504943781410969,1550,2.504943781410969,0.014965500357611461,True,1500,-0.005559175639064495,2.376618779551402,2.4113760261133526
own-seed,V40,1.5,400028,1000,2.8703718132308382,1000,2.8703718132308382,0.01435942440864979,True,950,-0.001496011549376064,2.7490354562466632,2.7604839330900677
own-seed,V40,1.5,400029,5200,2.8234495688002004,5200,2.8234495688002004,0.00415176897254943,True,5150,-0.03518248601665608,2.5592724223484815,2.795565413368862
own-seed,V40,1.5,400030,1200,2.8977312618899393,1200,2.8977312618899393,0.006120894112147113,True,1150,-0.010450544438404208,2.7798819831167294,2.854201971758412
own-seed,V40,1.5,400031,7100,2.9048392816874453,7100,2.9048392816874453,0.02779119734898572,True,7050,-0.008508062403140393,2.636442214765954,2.699350907939901
own-seed,V40,1.5,400032,4250,2.630434730003187,4250,2.630434730003187,0.004633179473495286,True,4200,-0.04623417829695331,2.374896320295032,2.607159384743613
own-seed,V40,1.5,400033,2800,2.680990301821183,2800,2.680990301821183,0.010700245815291609,True,2750,-0.006133628080926989,2.569781606430735,2.6103018563206506
own-seed,V40,1.5,400034,1050,2.5630307331443536,1050,2.5630307331443536,0.013915491485337661,True,1000,-0.0031967348069628088,2.456255517928307,2.4762021947178527
own-seed,V40,1.5,400035,1050,2.9888792137381843,1050,2.9888792137381843,0.009796090029843274,True,1000,-0.008826653449621968,2.849401915084174,2.915510207917928
own-seed,V40,1.5,400036,1700,2.584057261590863,1700,2.584057261590863,0.006441735047818309,True,1650,-0.00843693233913756,2.491608301508081,2.544031384890258
own-seed,V40,1.5,400037,7750,2.734412373247298,7750,2.734412373247298,0.04080565204290876,True,7700,-0.010552694525433282,2.443820925282975,2.503529287934219
own-seed,V40,1.5,400038,1200,2.647095966905726,1200,2.647095966905726,0.005726324005599359,True,1150,-0.01211289367426982,2.540766018991354,2.612964440278115
own-seed,V40,1.5,400039,1500,2.8052198173630156,1500,2.8052198173630156,0.0256292754408598,True,1450,-0.0028917038225722003,2.6035214831921896,2.6239714066867883
own-seed,V40,1.5,400040,900,2.8270432079043353,900,2.8270432079043353,0.014160186781785544,True,850,-0.004874520386219494,2.6899920811527864,2.7250889442360124
own-seed,V40,1.5,400042,3850,2.745980438213391,3850,2.745980438213391,0.0030353418697091072,True,3800,-0.028257510179682477,2.5468681888040146,2.7266669622013513
own-seed,V40,1.5,400043,1400,2.9068548151687423,1400,2.9068548151687423,0.005543466801431141,True,1350,-0.0075222291648380235,2.808923826168862,2.8653050050588433
own-seed,V40,1.5,400044,4900,2.9327943359746214,4900,2.9327943359746214,0.004806998303918952,True,4850,-0.026063779340901316,2.7020895118105646,2.896870469358044
own-seed,V40,1.5,400045,850,2.944217561260549,850,2.944217561260549,0.011054774156118885,True,800,-0.00574827452509119,2.815359742917224,2.8594416311861104
own-seed,V40,1.5,400046,2000,2.653643453262764,2000,2.653643453262764,0.025549990840192827,True,1950,-0.011605377074340062,2.4139785919349417,2.4888372528309057
own-seed,V40,1.5,400047,1050,2.365102348398577,1050,2.365102348398577,0.006536124710851077,True,1000,-0.011158643942946522,2.2638592844889476,2.3277050077060224
own-seed,V40,1.5,400048,2750,2.6837663367165177,2750,2.6837663367165177,0.01014294222473655,True,2700,-0.006127496517921216,2.5741768369430726,2.615448574533157
own-seed,V40,1.5,400049,900,2.531944300874216,900,2.531944300874216,0.016645822516210718,True,850,-0.0025374604851506888,2.414778829802496,2.4302768419544023
own-seed,V40,1.5,400050,1450,2.8454927966257766,1450,2.8454927966257766,0.019733454439276432,True,1400,-0.0029946666787594722,2.683331394798072,2.704697848457499
own-seed,V40,1.5,400052,3400,2.581763893359658,3400,2.581763893359658,0.030586784000961043,True,3350,-0.004832259773839276,2.3630081164231287,2.3928532118442942
own-seed,V40,1.5,400053,1100,2.980465878102973,1100,2.980465878102973,0.012904575805228191,True,1050,-0.0016522608546640782,2.8704640829668273,2.882949739314611
own-seed,V40,1.5,400054,1000,2.956978052055488,1000,2.956978052055488,0.013047729892957882,True,950,-0.006241619432437506,2.8050989502557258,2.8542437678015666
own-seed,V40,1.5,400055,700,2.2279566326383335,700,2.2279566326383335,0.01933008642842804,True,650,-0.0034322302483147382,2.100271641361505,2.1195247031451463
own-seed,V40,1.5,400056,1850,2.6362827181150794,1850,2.6362827181150794,0.005931078168825987,True,1800,-0.015430195318083761,2.501655421658943,2.598902689277924
own-seed,V40,1.5,400057,1800,2.7127925934415456,1800,2.7127925934415456,0.012172589254365818,True,1750,-0.0104496070058131,2.561522484202512,2.6313969196947364
own-seed,V40,1.5,400058,1650,2.8327024844667994,1650,2.8327024844667994,0.01024239335131849,True,1600,-0.0015337471935130687,2.74744200975212,2.7585464979597294
own-seed,V40,1.5,400059,900,2.3700481117257417,900,2.3700481117257417,0.019061014790741737,True,850,-0.0001779770907184286,2.256871585915617,2.257918565348085
own-seed,V50,1.3,400000,1600,4.657070697195573,1600,4.657070697195573,0.001988311320516356,True,1550,-0.0033530152385123912,4.534679965886049,4.611510689976458
own-seed,V50,1.3,400001,4050,5.324046515001817,4050,5.324046515001817,0.0022813874186109473,True,4000,-9.333866365945909e-05,5.228684436849563,5.232432645539809
own-seed,V50,1.3,400002,3300,5.2904626764944265,3300,5.2904626764944265,0.0021406876745948544,True,3250,-0.0018807770104638522,5.178647121151495,5.230941531862742
own-seed,V50,1.3,400003,6300,5.9113102037230325,6300,5.9113102037230325,0.0007241737057164244,True,6250,-0.0020955206936039694,5.776029791456991,5.87656653877652
own-seed,V50,1.3,400004,5200,4.096479682914415,5200,4.096479682914415,0.0009080686501281576,True,5150,-0.006067442372607701,3.91373910291218,4.072690602621172
own-seed,V50,1.3,400005,2950,5.414396195226618,2950,5.414396195226618,0.0032421456863125364,True,2900,-0.0006241001494973197,5.302538841325252,5.320595166312563
own-seed,V50,1.3,400006,3850,4.64588998950579,3850,4.64588998950579,0.0021724249095500525,True,3800,-0.0021870994018113876,4.509967619579799,4.578157567089252
own-seed,V50,1.3,400007,1850,4.682719004735541,1850,4.682719004735541,0.00042683679797983487,True,1800,-0.003231924277341758,4.562050442688691,4.668641621276885
own-seed,V50,1.3,400008,5950,4.639315532998338,5950,4.639315532998338,0.004267278311353095,True,5900,-0.0021368847511551436,4.494356851608343,4.542725388259644
own-seed,V50,1.3,400009,8950,4.5729461873226285,8950,4.5729461873226285,0.003153449277378595,True,8900,-0.002044173267120364,4.405646346550364,4.471443710474397
own-seed,V50,1.3,400010,4750,4.834632606250686,4750,4.834632606250686,0.0026684044499369897,True,4700,-0.0033055067411909,4.689020643013639,4.769591195651404
own-seed,V50,1.3,400011,5050,4.951149321242878,5050,4.951149321242878,0.0030824785223075857,True,5000,-0.0009823030487301487,4.808913028107921,4.843286128345844
own-seed,V50,1.3,400012,2700,4.531970412305881,2700,4.531970412305881,0.0018917766058508256,True,2650,-0.001430645266294217,4.431535163142861,4.474782896065889
own-seed,V50,1.3,400013,4050,5.214276568546796,4050,5.214276568546796,0.00042579388621266645,True,4000,-0.004207110768775557,5.097637338249908,5.203556669293206
own-seed,V50,1.3,400014,1900,4.821865475079149,1900,4.821865475079149,0.0012677978798389944,True,1850,-0.0022845335204935147,4.701482483650966,4.778901774877349
own-seed,V50,1.3,400015,3750,4.897007551850045,3750,4.897007551850045,0.004491388057731971,True,3700,-0.000656810384223494,4.762963463456849,4.780064892275701
own-seed,V50,1.3,400016,2200,5.046483852909498,2200,5.046483852909498,0.001125635149917148,True,2150,-0.002147082679783363,4.928552170321145,5.005921832558825
own-seed,V50,1.3,400017,2400,4.313005125142103,2400,4.313005125142103,0.0023442871719208114,True,2350,-0.0014006171218143848,4.205929417755857,4.245976387539958
own-seed,V50,1.3,400018,2100,4.466525804661811,2100,4.466525804661811,0.0022142427731717262,True,2050,-0.004674130974073432,4.321298946608359,4.419843157535717
own-seed,V50,1.3,400019,3100,5.546461355879653,3100,5.546461355879653,0.0019096690885138656,True,3050,-0.0006270939762291761,5.438687646265186,5.465329568419611
own-seed,V50,1.3,400020,1850,4.940221137620364,1850,4.940221137620364,0.0016668993008650546,True,1800,-0.0034874419969428416,4.812915544115328,4.899050871130638
own-seed,V50,1.3,400021,1550,4.417869684789552,1550,4.417869684789552,0.0029020701971527174,True,1500,-0.001665311414517312,4.280501779044585,4.330587443189865
own-seed,V50,1.3,400022,2650,5.002279657736081,2650,5.002279657736081,0.0037572898526310183,True,2600,-0.0026062529608847917,4.833295369875399,4.902504584535587
own-seed,V50,1.3,400023,2900,6.13049536275927,2900,6.13049536275927,0.003411845292830229,True,2850,-6.720496786050134e-05,6.008440086982177,6.010797834146248
own-seed,V50,1.3,400024,4300,5.600959643407769,4300,5.600959643407769,0.0001538021502942577,True,4250,-0.003825709263797883,5.4325568954425485,5.5944511296588715
own-seed,V50,1.3,400025,3150,4.471891453915006,3150,4.471891453915006,0.0009795027846899451,True,3100,-0.001900520784003934,4.380067428099481,4.440661886919297
own-seed,V50,1.3,400026,2850,5.170513371730955,2850,5.170513371730955,0.003788277435730514,True,2800,-0.000388064938725563,5.065962530915238,5.075677375149038
own-seed,V50,1.3,400027,2600,4.170687852026878,2600,4.170687852026878,0.0030937499301835203,True,2550,-0.0007873457332459033,4.058591272346127,4.081331954714443
own-seed,V50,1.3,400028,1900,4.670609152180155,1900,4.670609152180155,0.004033500654478495,True,1850,-0.0010537805681636314,4.552201926342616,4.576728825536319
own-seed,V50,1.3,400029,5600,4.675851930368327,5600,4.675851930368327,0.003343123157191208,True,5550,-0.001607615661803674,4.513833973106859,4.566444828801293
own-seed,V50,1.3,400030,2250,4.793258716625847,2250,4.793258716625847,0.0020135176432640733,True,2200,-0.003092437786498259,4.680815701605154,4.748917163370943
own-seed,V50,1.3,400031,8400,4.792733259228872,8400,4.792733259228872,0.0037377802216260747,True,8350,-0.0012042506554053034,4.627225089752246,4.66755533586493
own-seed,V50,1.3,400032,3500,4.551131656886253,3500,4.551131656886253,0.00406043822801383,True,3450,-0.0022543165048594105,4.414948877431731,4.463565031247458
own-seed,V50,1.3,400033,3700,4.346961891248266,3700,4.346961891248266,0.0010714147280790343,True,3650,-0.0020914124330002615,4.252951392436542,4.315115625900473
own-seed,V50,1.3,400034,2200,4.163544372514517,2200,4.163544372514517,0.0021454084362382275,True,2150,-0.0033045570203888985,4.061526856438822,4.1233846244620365
own-seed,V50,1.3,400035,2050,5.440860843313912,2050,5.440860843313912,0.004366062622232825,True,2000,-0.0001861398716798135,5.314115202597078,5.319297840524665
own-seed,V50,1.3,400036,3000,4.307734489592883,3000,4.307734489592883,0.003512472774058306,True,2950,-0.0012094138691991496,4.214924706969779,4.238696018477652
own-seed,V50,1.3,400037,6350,4.577774102275129,6350,4.577774102275129,0.0038187952819503934,True,6300,-0.004087857954018226,4.406499350310565,4.495050958209057
own-seed,V50,1.3,400038,2600,4.997307583693053,2600,4.997307583693053,0.0005169476210853396,True,2550,-0.0036438904122575444,4.887394254576385,4.98365181686024
own-seed,V50,1.3,400039,3000,4.566871093671162,3000,4.566871093671162,0.004229248793991225,True,2950,-0.0012421213972499956,4.3952321469486195,4.434197963713644
own-seed,V50,1.3,400040,1850,4.914940674643442,1850,4.914940674643442,0.0030478945021075177,True,1800,-0.002082402727213939,4.78922511823221,4.840253432152843
own-seed,V50,1.3,400042,4750,5.248124133613895,4750,5.248124133613895,0.004332256349313113,True,4700,-0.000703763663106205,5.111910194224148,5.130945547680776
own-seed,V50,1.3,400043,2750,5.004593685510941,2750,5.004593685510941,1.3745285096788962e-06,True,2700,-0.0028723674321531334,4.901122902310295,5.004544194796961
own-seed,V50,1.3,400044,6350,4.9553329971085205,6350,4.9553329971085205,0.004113226257410396,True,6300,-0.00013123372400425382,4.7966381374949405,4.80154479641
own-seed,V50,1.3,400045,1700,4.780792425782697,1700,4.780792425782697,0.0011615661925743481,True,1650,-0.004165718364622428,4.658348897972075,4.75409472250116
own-seed,V50,1.3,400046,2550,4.4888173828202245,2550,4.4888173828202245,0.0018312577749979297,True,2500,-0.003064213981997188,4.336912752551293,4.431994149218543
own-seed,V50,1.3,400047,2000,3.772750604777914,2000,3.772750604777914,0.0013762155434369205,True,1950,-0.003712330574611844,3.6723981779225245,3.745609931104908
own-seed,V50,1.3,400048,3800,4.280752105254838,3800,4.280752105254838,0.001077682272097924,True,3750,-0.0023429254887816775,4.183354801031015,4.250066520864668
own-seed,V50,1.3,400049,1750,4.043846642191085,1750,4.043846642191085,0.0005138226142005209,True,1700,-0.0037407353150507028,3.932450508315777,4.030393340186165
own-seed,V50,1.3,400050,2150,4.406679595443152,2150,4.406679595443152,0.004367905802562078,True,2100,-0.001440437546845974,4.278690357658917,4.310430992226499
own-seed,V50,1.3,400052,2700,3.8039694211658013,2700,3.8039694211658013,0.00019123805527332394,True,2650,-0.007214400150175049,3.6836819803923904,3.800863201875965
own-seed,V50,1.3,400053,2150,4.8591476800148445,2150,4.8591476800148445,0.0018442871372079672,True,2100,-0.0031131439964604546,4.747874266961408,4.817751215016283
own-seed,V50,1.3,400054,1750,4.6162192400796105,1750,4.6162192400796105,0.0007490631877118403,True,1700,-0.003640112852090205,4.479892952596981,4.592953596928222
own-seed,V50,1.3,400055,1450,3.7052492021969945,1450,3.7052492021969945,0.004950295258517645,True,1400,-0.001680486345243981,3.5862460032213943,3.6164058339727796
own-seed,V50,1.3,400056,2650,4.291646319642908,2650,4.291646319642908,0.001970554086755172,True,2600,-0.003476271856113655,4.18317936305467,4.252405116265979
own-seed,V50,1.3,400057,2550,4.420815658287051,2550,4.420815658287051,0.0012744647550078092,True,2500,-0.0026579060493938655,4.301623386954493,4.382185946991098
own-seed,V50,1.3,400058,3150,4.74448756997506,3150,4.74448756997506,0.0004068571514177499,True,3100,-0.0024124606650426372,4.650762249854745,4.730962022575888
own-seed,V50,1.3,400059,1800,3.813342849644966,1800,3.813342849644966,0.005335976649293528,True,1750,-0.0006214620790672143,3.705569268682419,3.7168118843008817
own-seed,V50,1.5,400000,700,2.514161405188023,700,2.514161405188023,0.00928720240129488,True,650,-0.012535481686020145,2.38879506113387,2.460808545068581
own-seed,V50,1.5,400001,2200,2.7853893641935303,2200,2.7853893641935303,0.0023157634848010034,True,2150,-0.005622651365413844,2.705717524821991,2.762147805284758
own-seed,V50,1.5,400002,2050,2.8522673193624324,2050,2.8522673193624324,0.012102416960828144,True,2000,-0.004527997712791443,2.7290117440972645,2.7625707968233986
own-seed,V50,1.5,400003,5550,3.258695958872534,5550,3.258695958872534,0.013108544440439296,True,5500,-0.0009224558790426052,3.073879511675669,3.08603010781127
own-seed,V50,1.5,400004,5000,2.3369662139899705,5000,2.3369662139899705,0.022340534255978817,True,4950,-0.024393179168793466,2.0266647086256806,2.1886300150822655
own-seed,V50,1.5,400005,1600,2.8971877168859215,1600,2.8971877168859215,0.01163967365464691,True,1550,-0.0035521168772580936,2.7815082277614,2.808556195860278
own-seed,V50,1.5,400006,3200,2.497300862629423,3200,2.497300862629423,0.009994721850430821,True,3150,-0.015072120912089204,2.2993084110956152,2.4183567570508724
own-seed,V50,1.5,400007,900,2.5944343665647396,900,2.5944343665647396,0.013246040892421096,True,850,-0.0008224106298957423,2.4661957121867104,2.4736922609260454
own-seed,V50,1.5,400008,5450,2.5435671753128957,5450,2.5435671753128957,0.022402725892552766,True,5400,-0.015282854156463799,2.3178359616792013,2.4093780637786844
own-seed,V50,1.5,400009,8500,2.5397363504323476,8500,2.5397363504323476,0.018850757018056274,True,8450,-0.014513153266232592,2.2610262142834903,2.382263889613342
own-seed,V50,1.5,400010,4200,2.5859058613956214,4200,2.5859058613956214,0.010357981920951609,True,4150,-0.026142635353239907,2.36249281018563,2.522506704938781
own-seed,V50,1.5,400011,4400,2.7696296563973175,4400,2.7696296563973175,0.021602290162532345,True,4350,-0.00037328745159648236,2.55777358711352,2.5613722735097015
own-seed,V50,1.5,400012,1400,2.4619279842826973,1400,2.4619279842826973,0.011634844493843666,True,1350,-0.0005754827934945084,2.3638229188574216,2.3684466914867963
own-seed,V50,1.5,400013,3000,2.831992958957322,3000,2.831992958957322,0.010495408407202866,True,2950,-0.010354910895252978,2.6918484296868246,2.761448520313842
own-seed,V50,1.5,400014,900,2.613590337492608,900,2.613590337492608,0.008204751281284839,True,850,-0.005862994130912291,2.4877367048146373,2.540188543266673
own-seed,V50,1.5,400015,2950,2.5928939925491137,2950,2.5928939925491137,0.010288946515390585,True,2900,-0.019784537411881242,2.399363180819862,2.5266819043262165
own-seed,V50,1.5,400016,1050,2.7121165559923512,1050,2.7121165559923512,0.0101321904534033,True,1000,-0.001655147419376668,2.5990108089627495,2.6148928246759855
own-seed,V50,1.5,400017,1150,2.2601000056942886,1150,2.2601000056942886,0.0013531906246946335,True,1100,-0.011442453185509294,2.1689571334384126,2.2504612816039824
own-seed,V50,1.5,400018,1350,2.3823140438536243,1350,2.3823140438536243,0.007997234951337084,True,1300,-0.030033547923897785,2.183426984439083,2.340491435359431
own-seed,V50,1.5,400019,1500,2.876616841825677,1500,2.876616841825677,0.0012809138053713198,True,1450,-0.007854512880551834,2.7806477375752445,2.8631606394226825
own-seed,V50,1.5,400020,900,2.6516746688266997,900,2.6516746688266997,0.00926943110342604,True,850,-0.013017429978463113,2.5080443714590874,2.591936729916335
own-seed,V50,1.5,400021,800,2.3542832296202794,800,2.3542832296202794,0.009574077021749616,True,750,-0.010714580351127267,2.2029131743791424,2.2828527479954794
own-seed,V50,1.5,400022,1400,2.6381940408183766,1400,2.6381940408183766,0.008483620579498918,True,1350,-0.028982591748000885,2.39776794692492,2.583753422690935
own-seed,V50,1.5,400023,1500,3.210722611974031,1500,3.210722611974031,0.007492766246288696,True,1450,-0.0059727109735843165,3.0895722960413274,3.1433094053623805
own-seed,V50,1.5,400024,4050,3.069604545131818,4050,3.069604545131818,0.010313013249153347,True,4000,-0.013929064324408102,2.7999733664571624,2.9548986207068744
own-seed,V50,1.5,400025,1550,2.3566903442362466,1550,2.3566903442362466,0.0013907328071227631,True,1500,-0.008587580705528008,2.2762620295197737,2.345480604658914
own-seed,V50,1.5,400026,1400,2.7610227295328555,1400,2.7610227295328555,0.012376851010785117,True,1350,-0.0017821242373936563,2.667361771965971,2.6791504402595265
own-seed,V50,1.5,400027,1550,2.2264000695070867,1550,2.2264000695070867,0.01039316129799639,True,1500,-0.006761154540193104,2.0996256132085227,2.1495921463462273
own-seed,V50,1.5,400028,850,2.528983221919107,850,2.528983221919107,0.01659836224536182,True,800,-0.0032317866511388793,2.4058741612933776,2.4259376626236517
own-seed,V50,1.5,400029,5100,2.6294552416041688,5100,2.6294552416041688,0.024930636923800265,True,5050,-0.004269364594431835,2.369235880783478,2.407282842020102
own-seed,V50,1.5,400030,1100,2.5679063404229105,1100,2.5679063404229105,0.0076528005356428785,True,1050,-0.013242479013072295,2.4482476582573742,2.524081895536408
own-seed,V50,1.5,400031,8750,2.553737670612876,8750,2.553737670612876,0.008722410176374762,True,8700,-0.027028881466029997,2.2684402899370197,2.4841323315557395
own-seed,V50,1.5,400032,2850,2.476450913700723,2850,2.476450913700723,0.01772984278538381,True,2800,-0.019334882920007068,2.270024107292909,2.3777070337813018
own-seed,V50,1.5,400033,2350,2.368587768147402,2350,2.368587768147402,0.010148808801546672,True,2300,-0.0020073803137723445,2.272287542993605,2.2881898273651085
own-seed,V50,1.5,400034,1000,2.1857964510173646,1000,2.1857964510173646,0.0002457439221910107,True,950,-0.020112768954720917,2.0905212252494323,2.184646401020619
own-seed,V50,1.5,400035,950,2.8358424968389424,950,2.8358424968389424,0.004086536912121019,True,900,-0.015963352319584345,2.6984155506785505,2.8078323526573756
own-seed,V50,1.5,400036,1550,2.2703883835945877,1550,2.2703883835945877,0.0029631801529279578,True,1500,-0.014881002622837425,2.182254897452928,2.2557530595663
own-seed,V50,1.5,400037,6300,2.6209621092612023,6300,2.6209621092612023,0.036368870858087377,True,6250,-0.00970690566527832,2.3391863583314736,2.3985488007994977
own-seed,V50,1.5,400038,1250,2.63683679392143,1250,2.63683679392143,0.0033667579037381934,True,1200,-0.01188471480834119,2.53300835430899,2.6139166978561414
own-seed,V50,1.5,400039,1350,2.38384649595729,1350,2.38384649595729,0.0030503715011960253,True,1300,-0.026404412518616915,2.1676616213576554,2.361458140299181
own-seed,V50,1.5,400040,850,2.582033259371619,850,2.582033259371619,0.005034009176749343,True,800,-0.016555753448120214,2.448831947819351,2.550975177059182
own-seed,V50,1.5,400042,3900,2.88748247402407,3900,2.88748247402407,0.02453812338643857,True,3850,-0.0010613915534718465,2.697677417672176,2.7055469997361734
own-seed,V50,1.5,400043,1350,2.740990629463633,1350,2.740990629463633,0.009169395785070478,True,1300,-0.0006711039100815164,2.6443651769463026,2.6509548544023898
own-seed,V50,1.5,400044,5700,2.5753138398806232,5700,2.5753138398806232,0.004495873787249138,True,5650,-0.026915732503371093,2.3075451305551478,2.53698869629631
own-seed,V50,1.5,400045,750,2.544812593838405,750,2.544812593838405,0.0036923032218743046,True,700,-0.017988232823658912,2.4167114171649158,2.5229963257182786
own-seed,V50,1.5,400046,2150,2.355934949309846,2150,2.355934949309846,0.00036863972110934284,True,2100,-0.0350874845823288,2.1007384441665726,2.3532816539953614
own-seed,V50,1.5,400047,900,2.0591711743640526,900,2.0591711743640526,0.009508722717251672,True,850,-0.005842772872937552,1.9584188994791445,1.9967651736337289
own-seed,V50,1.5,400048,2450,2.2687158731125834,2450,2.2687158731125834,0.0018182154321491062,True,2400,-0.012618582289326774,2.165799356108144,2.255754245260574
own-seed,V50,1.5,400049,800,2.209682533988269,800,2.209682533988269,0.00725710219594955,True,750,-0.009448225083798611,2.0944176515343678,2.1596093437080555
own-seed,V50,1.5,400050,1300,2.4275318491216615,1300,2.4275318491216615,0.02205763040794917,True,1250,-0.0031916842666359635,2.2668635650219757,2.287173123563164
own-seed,V50,1.5,400052,1950,2.1548493171522125,1950,2.1548493171522125,0.027407081796453348,True,1900,-0.008034066631795511,1.9908810946346525,2.028050647079323
own-seed,V50,1.5,400053,1000,2.6090011350891755,1000,2.6090011350891755,0.007827812513850674,True,950,-0.009502792086251155,2.501669693733626,2.5605221339718303
own-seed,V50,1.5,400054,850,2.461986165207331,850,2.461986165207331,0.007080768831307704,True,800,-0.011495174788224816,2.314202480542082,2.4056540547322975
own-seed,V50,1.5,400055,650,2.017200273224753,650,2.017200273224753,0.019668425244669496,True,600,-0.006243938587364717,1.8927801721261692,1.9227608977492348
own-seed,V50,1.5,400056,1600,2.3666628564799996,1600,2.3666628564799996,0.018926022717537627,True,1550,-0.002677750979171556,2.2412988962350107,2.2568375457326204
own-seed,V50,1.5,400057,1700,2.442704471916338,1700,2.442704471916338,0.012691309477887547,True,1650,-0.006292931239585187,2.2890742113469034,2.339999854382666
own-seed,V50,1.5,400058,1550,2.538429095872451,1550,2.538429095872451,0.004249954521638344,True,1500,-0.005258650268950227,2.456266590364833,2.5017058415694797
own-seed,V50,1.5,400059,800,2.077958793811529,800,2.077958793811529,0.0214687508634559,True,750,-0.0014901870823389451,1.9662436570702115,1.9734947091034845
own-seed,V60,1.3,400000,1500,4.4332175532167195,1500,4.4332175532167195,0.002607123409835488,True,1450,-0.0038445343857533842,4.310828563105669,4.383760001168189
own-seed,V60,1.3,400001,3700,4.7121954414980785,3700,4.7121954414980785,0.0018332786281969327,True,3650,-0.001145856697137404,4.621967788772218,4.656671804821342
own-seed,V60,1.3,400002,3050,4.717445190891836,3050,4.717445190891836,0.0009966848744773493,True,3000,-0.004072978679037664,4.606447269881127,4.6956232400262605
own-seed,V60,1.3,400003,5650,5.157358451250219,5650,5.157358451250219,0.0005107095920364735,True,5600,-0.0033123294436152584,5.022640084379305,5.139361783797218
own-seed,V60,1.3,400004,5500,3.9300155846224656,5500,3.9300155846224656,0.0048584922359955485,True,5450,-0.006399658645765527,3.7407330516668447,3.848330081698152
own-seed,V60,1.3,400005,2700,4.896441555925652,2700,4.896441555925652,0.0046594537532800295,True,2650,-6.33216517620383e-06,4.786823976768641,4.786972744120931
own-seed,V60,1.3,400006,3550,4.213716178984157,3550,4.213716178984157,0.0026550674306196065,True,3500,-0.0029231074905711196,4.076746420994726,4.14852210591268
own-seed,V60,1.3,400007,1650,4.232940156801926,1650,4.232940156801926,0.0025702031382608403,True,1600,-0.0020908725954877916,4.112534670214045,4.1665463504856515
own-seed,V60,1.3,400008,6050,4.266595416007848,6050,4.266595416007848,0.0011993157095391282,True,6000,-0.0068800674528701755,4.11424686709335,4.2439805697546396
own-seed,V60,1.3,400009,8750,4.11259575266888,8750,4.11259575266888,0.00208548029779676,True,8700,-0.005304330448674843,3.9314567331048225,4.06147646566367
own-seed,V60,1.3,400010,4600,4.463796054405708,4600,4.463796054405708,0.0029144078058220835,True,4550,-0.004367444399604903,4.314271051075371,4.403951824589187
own-seed,V60,1.3,400011,4750,4.526150329680131,4750,4.526150329680131,0.006185283291833876,True,4700,-0.0008075494082788737,4.381990864696408,4.3986387519887105
own-seed,V60,1.3,400012,2500,4.1661904838725485,2500,4.1661904838725485,6.184619043470008e-05,True,2450,-0.005519073418967846,4.068060094954936,4.165103030344244
own-seed,V60,1.3,400013,3850,4.816830012256415,3850,4.816830012256415,0.0028264289979791357,True,3800,-0.0025584765523820607,4.70053455367828,4.755788856866703
own-seed,V60,1.3,400014,1700,4.354618605808918,1700,4.354618605808918,0.003006266648235112,True,1650,-0.001516841266417046,4.234950734539407,4.275081805659304
own-seed,V60,1.3,400015,3600,4.38794945352353,3600,4.38794945352353,0.0013269074473889475,True,3550,-0.00545810491585641,4.248510171017314,4.36068008207502
own-seed,V60,1.3,400016,1950,4.632238845118397,1950,4.632238845118397,0.004857069043664453,True,1900,-0.000610940353879208,4.512825131168197,4.526167218087714
own-seed,V60,1.3,400017,2300,3.939901170228628,2300,3.939901170228628,0.0024165597686787166,True,2250,-0.0033726626820831385,3.8441853603386558,3.8999471043115084
own-seed,V60,1.3,400018,1950,4.107103090841879,1950,4.107103090841879,0.00193537292824697,True,1900,-0.006485529141173174,3.9580769415130077,4.072852463933467
own-seed,V60,1.3,400019,2800,4.939594496478607,2800,4.939594496478607,0.0016665233575006155,True,2750,-0.001543528857364418,4.835238160237247,4.885417099910394
own-seed,V60,1.3,400020,1700,4.624483533467524,1700,4.624483533467524,0.003994002776271266,True,1650,-0.0019878445850309845,4.496256301733524,4.538867855131713
own-seed,V60,1.3,400021,1400,4.046193763136398,1400,4.046193763136398,0.0006076684391915776,True,1350,-0.007689643015783343,3.906236810111762,4.035943765452209
own-seed,V60,1.3,400022,2350,4.540355574932051,2350,4.540355574932051,0.002996095683749367,True,2300,-0.00489336636133153,4.3699160043376,4.475629582351033
own-seed,V60,1.3,400023,2550,5.380177078430587,2550,5.380177078430587,0.0034190386709180842,True,2500,-0.0010208817069798926,5.25939499605231,5.287166714447246
own-seed,V60,1.3,400024,3600,5.071008712811877,3600,5.071008712811877,0.004322922833632781,True,3550,-0.0010115917909354621,4.891786076107288,4.9257723261786985
own-seed,V60,1.3,400025,2900,4.055704538094458,2900,4.055704538094458,0.0017900927677332312,True,2850,-0.0017303691504002572,3.967713497502632,4.010962646532609
own-seed,V60,1.3,400026,2600,4.786043754744111,2600,4.786043754744111,0.003916362623618941,True,2550,-0.0009135344630766262,4.683108024496688,4.702577453218474
own-seed,V60,1.3,400027,2350,3.784468796543351,2350,3.784468796543351,0.0031541482930177445,True,2300,-0.0017233840612234097,3.6741157184089612,3.713106897175491
own-seed,V60,1.3,400028,1800,4.3020967710241225,1800,4.3020967710241225,0.002448483744418972,True,1750,-0.0034960572512230392,4.186191839940394,4.254356947232082
own-seed,V60,1.3,400029,5500,4.26761526376471,5500,4.26761526376471,0.00437289037284172,True,5450,-0.002263556457255067,4.095875895817289,4.154452686264749
own-seed,V60,1.3,400030,2100,4.456616879889688,2100,4.456616879889688,0.000701877519151406,True,2050,-0.005151260052968176,4.346238500383507,4.443380884285419
own-seed,V60,1.3,400031,7400,4.234577507838175,7400,4.234577507838175,0.0014845786186703513,True,7350,-0.0057896322583643745,4.053504982919358,4.197622791585474
own-seed,V60,1.3,400032,3650,4.245245391043388,3650,4.245245391043388,0.0024854679696320048,True,3600,-0.0053645792758727495,4.10100649163314,4.199576727754204
own-seed,V60,1.3,400033,3450,3.965170809085834,3450,3.965170809085834,0.001762836882732266,True,3400,-0.0036050128837175066,3.8741495312221286,3.9352788276197272
own-seed,V60,1.3,400034,2000,3.982033526648463,2000,3.982033526648463,0.004040849497507271,True,1950,-0.0021026791615610385,3.8782956747325485,3.913800908221893
own-seed,V60,1.3,400035,1950,4.894422092245931,1950,4.894422092245931,0.001259909953536198,True,1900,-0.004382374427287061,4.76956389967883,4.866541526684491
own-seed,V60,1.3,400036,2850,4.069842156455366,2850,4.069842156455366,0.0034916802636679733,True,2800,-0.0017766074624843142,3.9786600896833666,4.009409120239864
own-seed,V60,1.3,400037,6400,4.207496182430207,6400,4.207496182430207,0.0017919469031264512,True,6350,-0.008384463849801627,4.0245335589930376,4.175278604502568
own-seed,V60,1.3,400038,2400,4.619512835522096,2400,4.619512835522096,0.004399969013730853,True,2350,-0.0004485282818924574,4.511266730613294,4.521280439293739
own-seed,V60,1.3,400039,2150,4.117856868470637,2150,4.117856868470637,0.004383028499676644,True,2100,-0.0020029377882706534,3.9616460225816557,4.010641052004107
own-seed,V60,1.3,400040,1700,4.594970131065913,1700,4.594970131065913,0.004025999630998811,True,1650,-0.0020053102235801923,4.467994971298429,4.510212100274011
own-seed,V60,1.3,400042,4550,4.745350251233768,4550,4.745350251233768,0.002280984316806123,True,4500,-0.003995075383150137,4.607093948874383,4.695102090372016
own-seed,V60,1.3,400043,2500,4.497581071884127,2500,4.497581071884127,0.0007288165524217405,True,2450,-0.002869625376076268,4.397271343098078,4.477264670463493
own-seed,V60,1.3,400044,6050,4.398256222306374,6050,4.398256222306374,0.0020838480041640572,True,6000,-0.003998965721949688,4.229622904501106,4.340485884668799
own-seed,V60,1.3,400045,1550,4.451193376461871,1550,4.451193376461871,0.0006298243096320988,True,1500,-0.005636543317504739,4.327608078288897,4.43877198184637
own-seed,V60,1.3,400046,2100,4.06682468412196,2100,4.06682468412196,0.003725711587645897,True,2050,-0.002480541289272331,3.9156440056084714,3.9760685359378143
own-seed,V60,1.3,400047,1950,3.6554280068656304,1950,3.6554280068656304,0.005364858345421997,True,1900,-0.0009109807117111401,3.556449316521555,3.5708167464306118
own-seed,V60,1.3,400048,3550,3.9486637387306143,3550,3.9486637387306143,0.002454963446024472,True,3500,-0.0032003793393213797,3.854200928181099,3.9076577810530884
own-seed,V60,1.3,400049,1650,3.8452621101833766,1650,3.8452621101833766,0.004617685145957839,True,1600,-0.0022174927256557453,3.734548070186904,3.7704663129790523
own-seed,V60,1.3,400050,2050,4.125031490180563,2050,4.125031490180563,0.0008394640026399003,True,2000,-0.006924813840680777,3.9934506272033645,4.110805131962242
own-seed,V60,1.3,400052,2650,3.698190673987172,2650,3.698190673987172,0.0028145556920624593,True,2600,-0.005158496291802095,3.5776388415205944,3.6556348438052013
own-seed,V60,1.3,400053,2050,4.608721247054503,2050,4.608721247054503,0.00401861011086968,True,2000,-0.0014477459488482225,4.499048956214939,4.5280952922071975
own-seed,V60,1.3,400054,1600,4.2142893748507415,1600,4.2142893748507415,0.0006680038783306586,True,1550,-0.0048875555891352285,4.076212432641766,4.197686918618605
own-seed,V60,1.3,400055,1350,3.502184453672622,1350,3.502184453672622,0.005694650516004707,True,1300,-0.0018544277993193248,3.383140669331519,3.412383723092161
own-seed,V60,1.3,400056,2550,4.085249031600952,2550,4.085249031600952,0.004201011882823735,True,2500,-0.0018801189393342632,3.9773982457499164,4.010742752064724
own-seed,V60,1.3,400057,2400,4.075920174484286,2400,4.075920174484286,0.0034491755058843054,True,2350,-0.0014426053761655844,3.956242373624012,3.9915358266816146
own-seed,V60,1.3,400058,2850,4.268565873716472,2850,4.268565873716472,0.0005625064493979259,True,2800,-0.0029455041558597017,4.178442432073809,4.254114658235551
own-seed,V60,1.3,400059,1700,3.574072722264368,1700,3.574072722264368,0.00179706071157959,True,1650,-0.00503128245433393,3.46821716017901,3.5462140064524013
own-seed,V60,1.5,400000,650,2.405477867717333,650,2.405477867717333,0.011371286475765352,True,600,-0.014218312910234676,2.2786469488338823,2.3491178328901636
own-seed,V60,1.5,400001,2000,2.5033457938524415,2000,2.5033457938524415,0.004265074389500523,True,1950,-0.005807933200477677,2.4253410113144507,2.470317306849975
own-seed,V60,1.5,400002,1950,2.5214513235100355,1950,2.5214513235100355,0.004430273049421007,True,1900,-0.01890486537269176,2.3901460423669967,2.49652246996
own-seed,V60,1.5,400003,5000,2.85165038706444,5000,2.85165038706444,0.014440944289744628,True,4950,-0.005675825005226454,2.6590856895980792,2.713416656413743
own-seed,V60,1.5,400004,5350,2.238257777200148,5350,2.238257777200148,0.03852403758071743,True,5300,-0.03476763041421238,1.911967596136706,2.0667510351462397
own-seed,V60,1.5,400005,1450,2.605177577436471,1450,2.605177577436471,0.01019411271357118,True,1400,-0.009219258540709596,2.4881333657004068,2.5437167486458288
own-seed,V60,1.5,400006,3000,2.375511056788997,3000,2.375511056788997,0.025774277837363524,True,2950,-0.003660364735034616,2.174306174203363,2.1993271424356684
own-seed,V60,1.5,400007,750,2.2348588795367776,750,2.2348588795367776,0.0023584518682624456,True,700,-0.01875960496621598,2.101090005107778,2.2199196522070475
own-seed,V60,1.5,400008,5650,2.2796725224208756,5650,2.2796725224208756,0.004353942220010065,True,5600,-0.05212639078796233,2.021670117924716,2.259783695603205
own-seed,V60,1.5,400009,8400,2.2985508360055467,8400,2.2985508360055467,0.018980921789815586,True,8350,-0.0338738664119127,1.9754471301952978,2.1825196044248405
own-seed,V60,1.5,400010,4150,2.468281586223011,4150,2.468281586223011,0.023052659470139236,True,4100,-0.019591745358691792,2.234981000544927,2.34216424498192
own-seed,V60,1.5,400011,4150,2.4470596019554742,4150,2.4470596019554742,0.019076524326048006,True,4100,-0.02390456005382724,2.2174344264403767,2.3451438334310803
own-seed,V60,1.5,400012,1300,2.288457450760159,1300,2.288457450760159,0.01370394767348504,True,1250,-0.0067855104616145745,2.1898817499935017,2.222527144732726
own-seed,V60,1.5,400013,2900,2.6150042531471596,2900,2.6150042531471596,0.01369393759544213,True,2850,-0.012000999966557124,2.468810644332585,2.5370913899176335
own-seed,V60,1.5,400014,800,2.3824719396139464,800,2.3824719396139464,0.01439285046078087,True,750,-0.0036767050410633217,2.2548559434868745,2.2808226240857876
own-seed,V60,1.5,400015,3000,2.4988686033995764,3000,2.4988686033995764,0.030994583424302835,True,2950,-0.004151965631267629,2.2920820773130495,2.3165103803012888
own-seed,V60,1.5,400016,900,2.455834682161368,900,2.455834682161368,0.012071678144545128,True,850,-0.009527939391762441,2.3387744751305783,2.390411618978228
own-seed,V60,1.5,400017,1050,2.0843673320626963,1050,2.0843673320626963,0.0034717315268388838,True,1000,-0.017814974960606023,1.9946306594554863,2.0697318300611154
own-seed,V60,1.5,400018,1300,2.314780896433528,1300,2.314780896433528,0.03031425517664177,True,1250,-0.010619162275428806,2.11220163237007,2.1647558096812043
own-seed,V60,1.5,400019,1350,2.6114201390121856,1350,2.6114201390121856,0.005007858288307521,True,1300,-0.006463402202171231,2.5161410784452833,2.5698254046272284
own-seed,V60,1.5,400020,800,2.4145440992681855,800,2.4145440992681855,0.00027227758957382164,True,750,-0.028847147198801437,2.26368398895324,2.4131335004154297
own-seed,V60,1.5,400021,750,2.2802387389594245,750,2.2802387389594245,0.028339887350907755,True,700,-0.0027637057387361885,2.1301908734741803,2.1435233571435592
own-seed,V60,1.5,400022,2350,2.640379940738038,2350,2.640379940738038,0.04158889708229507,True,2300,-0.0016748120681100431,2.365525450394901,2.376165537119795
own-seed,V60,1.5,400023,1300,2.8248752066182155,1300,2.8248752066182155,0.006781393315011819,True,1250,-0.010965501481052353,2.701869694714232,2.7778726878271383
own-seed,V60,1.5,400024,3350,2.6083433372132148,3350,2.6083433372132148,0.0013206194568629037,True,3300,-0.0424722578437704,2.2819084647939705,2.5984993563997145
own-seed,V60,1.5,400025,1400,2.1404713338324046,1400,2.1404713338324046,0.0017886656082577446,True,1350,-0.010793932829570974,2.06143269067536,2.129235681400445
own-seed,V60,1.5,400026,1250,2.562479818274937,1250,2.562479818274937,0.012011799354033847,True,1200,-0.004786944155597883,2.4682138147622856,2.495075710375355
own-seed,V60,1.5,400027,1400,2.0520059854526993,1400,2.0520059854526993,0.015204560196599548,True,1350,-0.006250376602114027,1.924393646167192,1.9615704128523772
own-seed,V60,1.5,400028,800,2.346141446854024,800,2.346141446854024,0.015009346801583057,True,750,-0.008372172347494544,2.2237927233616817,2.267601878491546
own-seed,V60,1.5,400029,5100,2.4586481594541842,5100,2.4586481594541842,0.03495848442841565,True,5050,-0.006664327211914234,2.171391455539942,2.2173848085417265
own-seed,V60,1.5,400030,1050,2.4885966718673522,1050,2.4885966718673522,0.0217208624297629,True,1000,-0.0003728901239430371,2.3707243692931295,2.372713774099285
own-seed,V60,1.5,400031,7850,2.329310603057011,7850,2.329310603057011,0.013074646965963499,True,7800,-0.04669183047983916,2.0050643261695242,2.258377769443447
own-seed,V60,1.5,400032,3200,2.412851201684771,3200,2.412851201684771,0.03186121689698895,True,3150,-0.012666304813906848,2.1840771781824797,2.2491542676732887
own-seed,V60,1.5,400033,2200,2.1731605938216774,2200,2.1731605938216774,0.013338987929324198,True,2150,-0.004272243593367531,2.0763186462464147,2.0998111765424685
own-seed,V60,1.5,400034,900,2.115061190128868,900,2.115061190128868,0.007241338506986494,True,850,-0.016034278340564256,2.0149978167240548,2.083930210283258
own-seed,V60,1.5,400035,950,2.6072368788411344,950,2.6072368788411344,0.004541114816150049,True,900,-0.020093149904668817,2.467794384835799,2.5815318544490973
own-seed,V60,1.5,400036,1500,2.200771089312858,1500,2.200771089312858,0.012548789635596691,True,1450,-0.0068814493596551785,2.111803891159964,2.1433126785150325
own-seed,V60,1.5,400037,6450,2.496066279301029,6450,2.496066279301029,0.047501485748628,True,6400,-0.009487179388624867,2.190171986634248,2.24109569262906
own-seed,V60,1.5,400038,1150,2.467735183504982,1150,2.467735183504982,0.014235311001213002,True,1100,-0.0035392665263174194,2.363506532149813,2.3842604981022073
own-seed,V60,1.5,400039,1200,2.278885215803612,1200,2.278885215803612,0.020217061933087255,True,1150,-0.014169438101284904,2.0642544601938204,2.152696063823298
own-seed,V60,1.5,400040,800,2.473900037355865,800,2.473900037355865,0.015525735486405345,True,750,-0.00928362819638684,2.3361792974973574,2.387714200210904
own-seed,V60,1.5,400042,3800,2.604911724436478,3800,2.604911724436478,0.019255387848066796,True,3750,-0.01499144572283262,2.4028011615702347,2.4912744368278648
own-seed,V60,1.5,400043,1200,2.459807818067399,1200,2.459807818067399,0.010266862783520292,True,1150,-0.00248624795659369,2.3640073324379745,2.3826838550912006
own-seed,V60,1.5,400044,5550,2.4346552424004004,5550,2.4346552424004004,0.017429282635599286,True,5500,-0.02262421392227898,2.1494505970194417,2.310548415268654
own-seed,V60,1.5,400045,700,2.455397168110172,700,2.455397168110172,0.016065102711628754,True,650,-0.008071273500778187,2.324703779285424,2.3684080237281275
own-seed,V60,1.5,400046,1750,2.3054211591895246,1750,2.3054211591895246,0.027701651456820464,True,1700,-0.008642543231519806,2.06137579198379,2.119409066750622
own-seed,V60,1.5,400047,850,1.9509721268044249,850,1.9509721268044249,0.010926773249450683,True,800,-0.013834983378578247,1.8510658254618835,1.9068858562962352
own-seed,V60,1.5,400048,2250,2.1340297698068773,2250,2.1340297698068773,0.009849104006165899,True,2200,-0.011224028946799969,2.0337953778962734,2.0871824902340794
own-seed,V60,1.5,400049,750,2.11480420297963,750,2.11480420297963,0.021885678569004252,True,700,-0.004611141954813824,1.9986072517557674,2.018828569869319
own-seed,V60,1.5,400050,1350,2.3314058212557915,1350,2.3314058212557915,0.030132104981331675,True,1300,-0.006438579851125503,2.155556828520716,2.18651653809826
own-seed,V60,1.5,400052,1900,2.0095424168881015,1900,2.0095424168881015,0.013232171103978452,True,1850,-0.03079696198569426,1.8389002031318031,1.9582589413450724
own-seed,V60,1.5,400053,950,2.498456984021165,950,2.498456984021165,0.015582284048358819,True,900,-0.004408289210474425,2.3915468959376747,2.415122537400636
own-seed,V60,1.5,400054,800,2.3064178210523822,800,2.3064178210523822,0.014722541130770317,True,750,-0.008164466154168881,2.153972294179212,2.208354080710537
own-seed,V60,1.5,400055,600,1.9195217431560876,600,1.9195217431560876,0.02276384872906423,True,550,-0.00702493291633477,1.7929867970927258,1.8228268730732904
own-seed,V60,1.5,400056,1550,2.2384059474957447,1550,2.2384059474957447,0.020721966697106797,True,1500,-0.006280252204764469,2.109966213995993,2.1398390893482953
own-seed,V60,1.5,400057,1650,2.2857714046295246,1650,2.2857714046295246,0.02172295711644079,True,1600,-0.0023775846959592783,2.1252824651606503,2.1411151401819066
own-seed,V60,1.5,400058,1350,2.264313662169178,1350,2.264313662169178,0.0002977269292836482,True,1300,-0.012210670956526837,2.1831897301458154,2.2623827370904253
own-seed,V60,1.5,400059,750,1.9589209819317899,750,1.9589209819317899,0.015737423620680424,True,700,-0.0108736198996926,1.8474706298724572,1.8930106991693383
own-seed,V70,1.3,400000,1450,4.345499432878889,1450,4.345499432878889,0.005867489508511792,True,1400,-0.001212234615019181,4.2238456217274365,4.244675947648844
own-seed,V70,1.3,400001,3450,4.328200281238845,3450,4.328200281238845,0.002766788998509462,True,3400,-0.0010652417167089645,4.242024126710623,4.265979684901859
own-seed,V70,1.3,400002,2850,4.188100261605989,2850,4.188100261605989,0.001759461524765804,True,2800,-0.004900248113837602,4.076741515684886,4.158679845472736
own-seed,V70,1.3,400003,4800,4.676743488926188,4800,4.676743488926188,0.0019789257298064022,True,4750,-0.002982151155674906,4.549795150522572,4.626105020903592
own-seed,V70,1.3,400004,7200,3.9451281340472857,7200,3.9451281340472857,0.010881532743992395,True,7150,-0.0012998416303577898,3.753074593410084,3.7735681091420608
own-seed,V70,1.3,400005,2450,4.359966720891866,2450,4.359966720891866,0.0036233840795123484,True,2400,-0.002438263725465184,4.251544376579452,4.295156654572537
own-seed,V70,1.3,400006,3750,4.077453506107837,3750,4.077453506107837,0.003875456438206637,True,3700,-0.005166394775830252,3.9346327435111577,4.016238647467428
own-seed,V70,1.3,400007,1550,4.006818673947767,1550,4.006818673947767,0.0073673612009175216,True,1500,-1.6907885862949e-05,3.8871830094709114,3.887456941275988
own-seed,V70,1.3,400008,6600,4.087530946609323,6600,4.087530946609323,0.007197072480474631,True,6550,-0.0030416528997658787,3.9177800467057935,3.968208522688349
own-seed,V70,1.3,400009,8600,3.894705924202399,8600,3.894705924202399,0.0016767951434881745,True,8550,-0.007991461669113686,3.713362833766617,3.8632550412519673
own-seed,V70,1.3,400010,5000,4.122546795649803,5000,4.122546795649803,0.00533515045857591,True,4950,-0.004355829255760391,3.9607935296345973,4.033497180771285
own-seed,V70,1.3,400011,4800,4.201528756437299,4800,4.201528756437299,0.0037558733314657644,True,4750,-0.005216977238146292,4.050514166068778,4.138316773999049
own-seed,V70,1.3,400012,2450,4.119927517975932,2450,4.119927517975932,0.003019583606299392,True,2400,-0.0030402751455711474,4.021592133956987,4.070927710280562
own-seed,V70,1.3,400013,3750,4.345374399215166,3750,4.345374399215166,0.0013622021784325256,True,3700,-0.0055243373446600685,4.227650392753651,4.322087827270297
own-seed,V70,1.3,400014,1550,4.0302153422404325,1550,4.0302153422404325,0.0037449290398381407,True,1500,-0.0029011724716454523,3.910412926519853,3.9627093697692706
own-seed,V70,1.3,400015,3800,4.079985112917813,3800,4.079985112917813,0.005320516062296665,True,3750,-0.0033576451775876315,3.9338942852810908,3.9904179138868625
own-seed,V70,1.3,400016,1950,4.4160085007389664,1950,4.4160085007389664,0.005226695747942323,True,1900,-0.0009811433135320513,4.304093570708071,4.321781623538832
own-seed,V70,1.3,400017,2900,3.8151062187357763,2900,3.8151062187357763,0.0021899465124852746,True,2850,-0.006572755297537647,3.6871941128323833,3.783138832842606
own-seed,V70,1.3,400018,2050,3.9523499304596603,2050,3.9523499304596603,0.009348716318536177,True,2000,-0.0003940721859025942,3.7993451583393827,3.805533830604566
own-seed,V70,1.3,400019,2650,4.641531351422553,2650,4.641531351422553,0.0031113557530186853,True,2600,-0.0009262017166462577,4.5403039081074885,4.563525133433577
own-seed,V70,1.3,400020,1600,4.282198941542391,1600,4.282198941542391,0.002432425377701719,True,1550,-0.004809828296362895,4.155547964718087,4.239661208952136
own-seed,V70,1.3,400021,1400,3.9834407589148375,1400,3.9834407589148375,0.003588584056130717,True,1350,-0.005352656710158943,3.8460193093510116,3.928286397706448
own-seed,V70,1.3,400022,3450,4.334192119932055,3450,4.334192119932055,0.009715081611560983,True,3400,-0.0004555449681489243,4.145452093460293,4.1539058075627295
own-seed,V70,1.3,400023,2350,4.593099034365315,2350,4.593099034365315,0.002473789154057826,True,2300,-0.0037241848931559574,4.472571828687696,4.544993170755217
own-seed,V70,1.3,400024,3450,4.529495294991461,3450,4.529495294991461,0.002632576004262699,True,3400,-0.005104402382299256,4.348384698234863,4.467870796729035
own-seed,V70,1.3,400025,2750,3.8504334353220435,2750,3.8504334353220435,0.004078223627768995,True,2700,-0.0003446071080208668,3.764542591434658,3.7712348202549903
own-seed,V70,1.3,400026,2500,4.423716603428216,2500,4.423716603428216,0.004179951575439489,True,2450,-0.0014041597712730614,4.325055533871391,4.349864477723133
own-seed,V70,1.3,400027,6250,3.662933532402423,6250,3.662933532402423,0.005627701740948954,True,6200,-0.007981840034041898,3.471796951158758,3.583896362098816
own-seed,V70,1.3,400028,1550,4.033687655867428,1550,4.033687655867428,0.001211630410533182,True,1500,-0.0060820960661089885,3.914840525687785,4.013944826520674
own-seed,V70,1.3,400029,5500,4.081372593307819,5500,4.081372593307819,0.0029501247561047883,True,5450,-0.00766094055672939,3.9095127957054614,4.033591543192837
own-seed,V70,1.3,400030,2000,4.322275920875926,2000,4.322275920875926,0.006332635341329329,True,1950,-0.0003379666799641079,4.2085236157006465,4.214286886960966
own-seed,V70,1.3,400031,7250,4.086241866325956,7250,4.086241866325956,0.006572637410834581,True,7200,-0.004619932444371866,3.905075490463311,3.9798551370060364
own-seed,V70,1.3,400032,3500,4.0279980433195535,3500,4.0279980433195535,0.00280570956306736,True,3450,-0.006400688165037582,3.8835638927078606,3.9839807968814993
own-seed,V70,1.3,400033,3600,3.9182616770144736,3600,3.9182616770144736,0.004191963806127852,True,3550,-0.0019573011608620128,3.823155724865731,3.8534277966572223
own-seed,V70,1.3,400034,1950,3.8785465117909044,1950,3.8785465117909044,0.006389913821260862,True,1900,-0.00034327126428657095,3.7760779294550364,3.781301983058373
own-seed,V70,1.3,400035,1650,4.577629619922279,1650,4.577629619922279,0.006277834018225903,True,1600,-0.0005330699007246587,4.451093336963717,4.460996968639845
own-seed,V70,1.3,400036,2750,3.9323101580357074,2750,3.9323101580357074,0.0053288230508625745,True,2700,-0.0005281014668971906,3.8422106334987527,3.850334639695251
own-seed,V70,1.3,400037,6900,3.973701479573787,6900,3.973701479573787,0.00587064217295552,True,6850,-0.006162386063126135,3.788339195652437,3.8832674159354235
own-seed,V70,1.3,400038,2200,4.196876916417603,2200,4.196876916417603,0.005831151003272694,True,2150,-0.00011740844494934066,4.092520648482738,4.094580358442031
own-seed,V70,1.3,400039,1600,3.9545412465009098,1600,3.9545412465009098,0.005997780721080481,True,1550,-0.003214051099888149,3.8110313696749616,3.8611026352409836
own-seed,V70,1.3,400040,1600,4.317960087505526,1600,4.317960087505526,0.005772980805969219,True,1550,-0.0012201126623612168,4.1944396378743205,4.215990739019772
own-seed,V70,1.3,400042,4350,4.297915889194757,4350,4.297915889194757,0.002509540941433741,True,4300,-0.005661738771813862,4.154756349881058,4.25394912539862
own-seed,V70,1.3,400043,2300,4.217948026646528,2300,4.217948026646528,0.0030232150991982287,True,2250,-0.0016142461713735123,4.118800326637016,4.153312484432592
own-seed,V70,1.3,400044,5600,4.157548184425542,5600,4.157548184425542,0.0019975796301174853,True,5550,-0.005996755791656927,3.9884188839937633,4.115287104851832
own-seed,V70,1.3,400045,1450,4.199839724314505,1450,4.199839724314505,0.00048128340548947435,True,1400,-0.006839587820088866,4.077368822472453,4.191788331127043
own-seed,V70,1.3,400046,2450,3.786812691229858,2450,3.786812691229858,0.00513448717155951,True,2400,-0.003812136039068381,3.6243069107194654,3.6935502585006366
own-seed,V70,1.3,400047,1800,3.507287200263863,1800,3.507287200263863,0.0011492700713118253,True,1750,-0.0061864364969772545,3.407671490507544,3.4916806117519505
own-seed,V70,1.3,400048,3700,3.9102237703784355,3700,3.9102237703784355,0.005832841199205241,True,3650,-0.0004972143235510984,3.81213854859277,3.8198429639845775
own-seed,V70,1.3,400049,1550,3.674691253165361,1550,3.674691253165361,0.0011449196077286672,True,1500,-0.006805023146800426,3.564105806794291,3.6587651704514275
own-seed,V70,1.3,400050,2000,4.049597789576455,2000,4.049597789576455,0.0008753598300796916,True,1950,-0.007289210532514634,3.9235442637854336,4.036083031540576
own-seed,V70,1.3,400052,3550,3.707659429999171,3550,3.707659429999171,0.006783354727903035,True,3500,-0.003759339507309445,3.5579837131701373,3.6113554436791087
own-seed,V70,1.3,400053,1850,4.381411873119674,1850,4.381411873119674,0.004723669937051422,True,1800,-0.0016540141498495586,4.270465011521432,4.299238415231064
own-seed,V70,1.3,400054,1500,4.101168782370613,1500,4.101168782370613,0.0011697602040583455,True,1450,-0.005518484342515784,3.965665959522114,4.0774696175745335
own-seed,V70,1.3,400055,1300,3.3656530152653255,1300,3.3656530152653255,0.008024521025336462,True,1250,-0.0005020398416535343,3.2476472095080395,3.254595335131108
own-seed,V70,1.3,400056,2500,3.8960954983557916,2500,3.8960954983557916,0.002090318586643214,True,2450,-0.0051855622630472276,3.786296248246515,3.8645508073356423
own-seed,V70,1.3,400057,2300,3.9062375422006195,2300,3.9062375422006195,0.005633183962199695,True,2250,-0.0005716889897202648,3.7864649216946193,3.7975002303856757
own-seed,V70,1.3,400058,2650,4.015498527702218,2650,4.015498527702218,0.0012767272927667328,True,2600,-0.00432999400255385,3.927187627602715,3.9953889252327794
own-seed,V70,1.3,400059,1600,3.5382526590635384,1600,3.5382526590635384,0.006793961780387825,True,1550,-0.0007633034353586865,3.4301083974364786,3.4410312490312944
own-seed,V70,1.5,400000,600,2.3164135215661266,600,2.3164135215661266,0.005708163666198196,True,550,-0.024345740815121086,2.1887338216937233,2.2921632074621554
own-seed,V70,1.5,400001,1850,2.337414175481002,1850,2.337414175481002,0.010547314825934961,True,1800,-0.002385891935275719,2.260987804347478,2.2750867873682052
own-seed,V70,1.5,400002,1950,2.300041085980572,1950,2.300041085980572,0.014693740886703832,True,1900,-0.01736964728669177,2.1568703793216577,2.23443001409897
own-seed,V70,1.5,400003,4100,2.5306768899567365,4100,2.5306768899567365,0.011175073622640586,True,4050,-0.017270193656219845,2.344695882226812,2.4576119602649222
own-seed,V70,1.5,400004,7050,2.052538046068154,7050,2.052538046068154,0.0050325568477367355,True,7000,-0.12435973585140792,1.6626998444443193,2.037375760354174
own-seed,V70,1.5,400005,1350,2.312453001896057,1350,2.312453001896057,0.0022638138858548373,True,1300,-0.025617878931018634,2.1878478136852793,2.30233586312784
own-seed,V70,1.5,400006,3300,2.3000053201428776,3300,2.3000053201428776,0.03307208840749443,True,3250,-0.018394752889171695,2.0769803697228584,2.156691670197826
own-seed,V70,1.5,400007,700,2.122201250443806,700,2.122201250443806,0.008649336190676316,True,650,-0.025288138084047063,1.9865501776529677,2.0876290921359697
own-seed,V70,1.5,400008,6350,2.2955433479295486,6350,2.2955433479295486,0.035521130701058556,True,6300,-0.03444450630314888,1.9928030313554,2.1418439204111013
own-seed,V70,1.5,400009,8250,2.1409542712938694,8250,2.1409542712938694,0.013214230235704783,True,8200,-0.07186250056958388,1.80277057969441,2.0884271334918365
own-seed,V70,1.5,400010,4700,2.2735665972526204,4700,2.2735665972526204,0.023959254491102477,True,4650,-0.04159105890279147,1.9962775996662883,2.172214867309976
own-seed,V70,1.5,400011,4350,2.4450565881440918,4350,2.4450565881440918,0.04562579955467738,True,4300,-0.003942893934105296,2.2015510071772693,2.2209204238501568
own-seed,V70,1.5,400012,1250,2.206501815972713,1250,2.206501815972713,0.005140983287554413,True,1200,-0.019179506529283685,2.105357470318024,2.1851214328242876
own-seed,V70,1.5,400013,2950,2.334039265088179,2950,2.334039265088179,0.0026401095576034095,True,2900,-0.035107097777743235,2.171832492651062,2.3226942231513092
own-seed,V70,1.5,400014,750,2.256224759157968,750,2.256224759157968,0.024643360628890942,True,700,-0.0005871882833945463,2.1225874127606525,2.125697542639366
own-seed,V70,1.5,400015,3300,2.2242259347650455,3300,2.2242259347650455,0.017588256963671167,True,3250,-0.04060700058498945,1.9808184279695171,2.1506612843667448
own-seed,V70,1.5,400016,900,2.3901856787768696,900,2.3901856787768696,0.016951045899032735,True,850,-0.006318051441497552,2.2792802238445278,2.3093933975164918
own-seed,V70,1.5,400017,2350,2.0535185079946205,2350,2.0535185079946205,0.007070741766790345,True,2300,-0.04757669128014852,1.8557562806040062,2.0279303776262054
own-seed,V70,1.5,400018,1500,2.2242810239468245,1500,2.2242810239468245,0.04087150637295034,True,1450,-0.014578768861606584,1.9906929398379138,2.052107002665271
own-seed,V70,1.5,400019,1250,2.438682099406998,1250,2.438682099406998,0.0033993119326218846,True,1200,-0.011717859357183613,2.3441669148742084,2.4174290098946147
own-seed,V70,1.5,400020,800,2.378264398856827,800,2.378264398856827,0.021225956778845312,True,750,-0.00994795911168378,2.2292702918991614,2.276816044223046
own-seed,V70,1.5,400021,1750,2.2424699010881626,1750,2.2424699010881626,0.029694365981134396,True,1700,-0.04413055228361262,1.9496985026887035,2.124709377172575
own-seed,V70,1.5,400022,1750,2.2907713102782195,1750,2.2907713102782195,0.01293245546400179,True,1700,-0.08288748049466133,1.9218375723248842,2.240977714743909
own-seed,V70,1.5,400023,2000,2.509511622500517,2000,2.509511622500517,0.01629310458215194,True,1950,-0.01966583314188952,2.3256596380003547,2.426207726426452
own-seed,V70,1.5,400024,3350,2.6780112007586925,3350,2.6780112007586925,0.04316814658106605,True,3300,-0.00013187176212037244,2.3740830544068503,2.375008678500118
own-seed,V70,1.5,400025,1300,2.0218518350029266,1300,2.0218518350029266,0.0018289271588960432,True,1250,-0.014583782934584288,1.9430611382466187,2.013071905037357
own-seed,V70,1.5,400026,1200,2.3827694266666897,1200,2.3827694266666897,0.01212750451761746,True,1150,-0.007537264036887148,2.2912258735022153,2.3263133920337977
own-seed,V70,1.5,400027,2650,2.1055703055800006,2650,2.1055703055800006,0.04151386610234509,True,2600,-0.004691455836071334,1.8945083165896217,1.9159384886668012
own-seed,V70,1.5,400028,650,2.176451830741134,650,2.176451830741134,0.004693418905577396,True,600,-0.026509792916939112,2.0457141480896244,2.156786973324591
own-seed,V70,1.5,400029,5100,2.2442799684040833,5100,2.2442799684040833,0.016697682800291602,True,5050,-0.060454402678661534,1.9360122380983669,2.1775629542591464
own-seed,V70,1.5,400030,1000,2.2939212590069045,1000,2.2939212590069045,0.005809089430891312,True,950,-0.025738086636644564,2.1609524092996177,2.2694364069295343
own-seed,V70,1.5,400031,7650,2.320804951054309,7650,2.320804951054309,0.03905862601845733,True,7600,-0.03529291515234734,2.0023769293844347,2.1535271674824927
own-seed,V70,1.5,400032,3000,2.335292742743838,3000,2.335292742743838,0.041089362185214195,True,2950,-0.009173389300894286,2.107745858525937,2.1492751439593705
own-seed,V70,1.5,400033,2500,2.114276907551377,2500,2.114276907551377,0.011301832726365646,True,2450,-0.016942628938601434,2.0015980046011683,2.0691891969750693
own-seed,V70,1.5,400034,900,2.1103739165184607,900,2.1103739165184607,0.021001872403370925,True,850,-0.003563763278674692,2.0104890809483593,2.024979481836351
own-seed,V70,1.5,400035,750,2.4540058446909,750,2.4540058446909,0.01266191391915461,True,700,-0.01849950241872156,2.3074619771413327,2.3944602253206644
own-seed,V70,1.5,400036,1450,2.141324310737604,1450,2.141324310737604,0.017254810112159458,True,1400,-0.004635233052625143,2.0514096663838397,2.070449159740988
own-seed,V70,1.5,400037,6950,2.1379676974024884,6950,2.1379676974024884,0.010141157264722978,True,6900,-0.10277288389621209,1.7741705026181653,2.105293952606529
own-seed,V70,1.5,400038,1050,2.262395859560484,1050,2.262395859560484,0.016673074019662337,True,1000,-0.005878801243263343,2.1582428122302444,2.1853933288500866
own-seed,V70,1.5,400039,1300,2.2760396165907744,1300,2.2760396165907744,0.04368414592462022,True,1250,-0.009249008551164728,2.044166734048623,2.0846818761113663
own-seed,V70,1.5,400040,750,2.3649410731876777,750,2.3649410731876777,0.02306584824504121,True,700,-0.005342850812772859,2.229818287153287,2.255230956903449
own-seed,V70,1.5,400042,3750,2.4840707438549705,3750,2.4840707438549705,0.040406005794959565,True,3700,-0.001988953261543802,2.266654015786269,2.2768540895693357
own-seed,V70,1.5,400043,1050,2.2453812202003136,1050,2.2453812202003136,0.004446600645148457,True,1000,-0.013621118028507517,2.1480049627541584,2.2214161952293665
own-seed,V70,1.5,400044,5150,2.4577743230775035,5150,2.4577743230775035,0.04145338437196511,True,5100,-0.0023299574770812015,2.18155324714614,2.1962525216650337
own-seed,V70,1.5,400045,650,2.318817247563188,650,2.318817247563188,0.013765230299645381,True,600,-0.015033246826055446,2.1883970389138234,2.2564783884648314
own-seed,V70,1.5,400046,2200,2.049144556891583,2200,2.049144556891583,0.013705130207045446,True,2150,-0.06937500076084513,1.75023929572484,1.999836311031398
own-seed,V70,1.5,400047,800,1.9437948781472136,800,1.9437948781472136,0.01772793339756573,True,750,-0.009876409829692623,1.840526327694785,1.8774742281896366
own-seed,V70,1.5,400048,2600,2.099923777066597,2600,2.099923777066597,0.012500550973759239,True,2550,-0.017045415453407653,1.9826361573008113,2.0503007642913236
own-seed,V70,1.5,400049,700,2.029755548769324,700,2.029755548769324,0.014768575279429985,True,650,-0.016816220968647766,1.9110140423578588,1.9742338077880957
own-seed,V70,1.5,400050,1200,2.1722508468987267,1200,2.1722508468987267,0.0013086897430634181,True,1150,-0.04294505837084106,2.003236861958556,2.1672526969577057
own-seed,V70,1.5,400052,3050,2.12746280727653,3050,2.12746280727653,0.04413938806612494,True,3000,-0.0177242845410448,1.8836373599419058,1.9534946998762561
own-seed,V70,1.5,400053,850,2.407671523622375,850,2.407671523622375,0.020710821333377982,True,800,-0.002824776957123021,2.29684718931434,2.310148488137416
own-seed,V70,1.5,400054,750,2.2846244399117706,750,2.2846244399117706,0.021742006534005043,True,700,-0.005930716054052265,2.12982963909955,2.1630046910786085
own-seed,V70,1.5,400055,550,1.7884874193649063,550,1.7884874193649063,0.010748246375073656,True,500,-0.026023673678716275,1.661702595840583,1.7514288562584304
own-seed,V70,1.5,400056,1600,2.1395895639474025,1600,2.1395895639474025,0.01521635654478004,True,1550,-0.019780537363473183,1.9995110810658387,2.0786846120575126
own-seed,V70,1.5,400057,1550,2.054106415490431,1550,2.054106415490431,0.002027257452581477,True,1500,-0.03850603007604514,1.8819071945106616,2.0454939348518097
own-seed,V70,1.5,400058,1250,2.172372062057921,1250,2.172372062057921,0.0067687440324659676,True,1200,-0.012973387081140153,2.0902045206342406,2.14420027794437
own-seed,V70,1.5,400059,700,1.9425911073761535,700,1.9425911073761535,0.024300885607119405,True,650,-0.005585463494729659,1.8276125863670913,1.8491009364357316
own-seed,V80,1.3,400000,1300,4.042213568706122,1300,4.042213568706122,0.003829131373859429,True,1250,-0.004506885168592767,3.919479193414471,3.9858357958589905
own-seed,V80,1.3,400001,3200,3.932236076998688,3200,3.932236076998688,0.003352676268355115,True,3150,-0.0014685215977161548,3.8501198757473376,3.8751322105259307
own-seed,V80,1.3,400002,2750,3.780624748314737,2750,3.780624748314737,0.0034235802907609525,True,2700,-0.004880568137663577,3.665785840222829,3.7332797103804194
own-seed,V80,1.3,400003,4250,4.157699004468419,4250,4.157699004468419,0.0025534407814582494,True,4200,-0.0038528536141080316,4.037809793366566,4.109913189146507
own-seed,V80,1.3,400004,8650,3.647814478864703,8650,3.647814478864703,0.005474469450623687,True,8600,-0.010647376196505576,3.4368457198272657,3.5761761533487846
own-seed,V80,1.3,400005,2200,3.910063831147526,2200,3.910063831147526,0.00043902060462519543,True,2150,-0.006797131012014734,3.805584810442698,3.903725041515893
own-seed,V80,1.3,400006,3150,3.8433636849687383,3150,3.8433636849687383,0.004398314367000555,True,3100,-0.005341427863965187,3.706502703333154,3.7815594187433166
own-seed,V80,1.3,400007,1400,3.7061023604858763,1400,3.7061023604858763,0.0055695602322849425,True,1350,-0.0031853222361291067,3.5861742907820817,3.6298081771925226
own-seed,V80,1.3,400008,7300,3.6638102963947357,7300,3.6638102963947357,0.0015741262655395438,True,7250,-0.01217869339848221,3.4817691141766405,3.642974146911221
own-seed,V80,1.3,400009,8450,3.78713967623377,8450,3.78713967623377,0.0075509469685410835,True,8400,-0.006710007870867951,3.5886240422306184,3.6820288304549313
own-seed,V80,1.3,400010,4650,3.7562414886173308,4650,3.7562414886173308,0.006683301125297358,True,4600,-0.005328608022492354,3.5901759151833654,3.663844333415021
own-seed,V80,1.3,400011,4200,3.8280140432607985,4200,3.8280140432607985,0.001025448680731067,True,4150,-0.009495502104468034,3.6813594662138587,3.81372001740455
own-seed,V80,1.3,400012,2350,3.9510277179670124,2350,3.9510277179670124,0.0058805309211176215,True,2300,-0.0006655777558877141,3.8542533718962297,3.8640929354084506
own-seed,V80,1.3,400013,3500,3.996492262218329,3500,3.996492262218329,0.003162209213469769,True,3450,-0.0048827858827458215,3.8786303741942536,3.9501648320870175
own-seed,V80,1.3,400014,1450,3.8171336947375583,1450,3.8171336947375583,0.006012023670639799,True,1400,-0.0024619638043548164,3.698400995219923,3.732896633721671
own-seed,V80,1.3,400015,3850,3.810602270654674,3850,3.810602270654674,0.010416866224972399,True,3800,-0.0006224747314447221,3.6491592582127796,3.658262536769909
own-seed,V80,1.3,400016,1550,4.055519791127108,1550,4.055519791127108,0.004644643616066091,True,1500,-0.003566627282144186,3.9304579137562206,3.9847794809431463
own-seed,V80,1.3,400017,2000,3.618148594229189,2000,3.618148594229189,0.005298199333489961,True,1950,-0.0019078074072407247,3.522346478217722,3.547710316073011
own-seed,V80,1.3,400018,1800,3.582699850484957,1800,3.582699850484957,0.005083048244500343,True,1750,-0.007365194397342734,3.420913491149997,3.5166368813203466
own-seed,V80,1.3,400019,2400,4.17662014104927,2400,4.17662014104927,0.0010344309970835575,True,2350,-0.004245022905334128,4.0780118136722585,4.157299296072741
own-seed,V80,1.3,400020,1400,3.984681133205923,1400,3.984681133205923,0.0046676379968890735,True,1350,-0.003969570327331251,3.854312984012998,3.9142288176063764
own-seed,V80,1.3,400021,1450,3.7952583999754133,1450,3.7952583999754133,0.008627941544182338,True,1400,-0.0006175018813072697,3.6661080781205557,3.6747340101658423
own-seed,V80,1.3,400022,3800,3.834077424503457,3800,3.834077424503457,8.581156640374843e-05,True,3750,-0.013502854191715485,3.6392597732344116,3.8328471633346215
own-seed,V80,1.3,400023,1900,3.9973944728642157,1900,3.9973944728642157,0.0028424021103998776,True,1850,-0.004875280887628453,3.880257586946489,3.954253269497444
own-seed,V80,1.3,400024,2400,4.10302172147934,2400,4.10302172147934,0.007885566658771825,True,2350,-0.0017715884694076145,3.9271014239521964,3.9593736994305546
own-seed,V80,1.3,400025,2600,3.6220039873878735,2600,3.6220039873878735,0.004275575104673024,True,2550,-0.0018781344150986534,3.538634011269965,3.5640788296888246
own-seed,V80,1.3,400026,2100,4.012937082362192,2100,4.012937082362192,0.003649871944303662,True,2050,-0.0030664075773865207,3.9137423783567127,3.9590310520959004
own-seed,V80,1.3,400027,2100,3.4439011629505023,2100,3.4439011629505023,0.0029990234794587955,True,2050,-0.005881265247539069,3.3323704468969897,3.406235356532695
own-seed,V80,1.3,400028,1650,3.7626833906633648,1650,3.7626833906633648,0.0020014928612734906,True,1600,-0.005753954631827707,3.652068365588926,3.734136336062967
own-seed,V80,1.3,400029,5550,3.934732872266224,5550,3.934732872266224,0.008560536267468777,True,5500,-0.0039055568068424584,3.7499781355725657,3.8078607548654726
own-seed,V80,1.3,400030,1850,3.943951823490652,1850,3.943951823490652,0.00019380442492478167,True,1800,-0.007352097847525663,3.8370195710663033,3.9412054396999854
own-seed,V80,1.3,400031,5700,3.8042123566156403,5700,3.8042123566156403,0.007073871220359962,True,5650,-0.007511282866165647,3.600956827202299,3.705632428603473
own-seed,V80,1.3,400032,4600,3.7806317045118294,4600,3.7806317045118294,0.005272949228604773,True,4550,-0.007483309253585091,3.606569614113075,3.708681095594732
own-seed,V80,1.3,400033,3350,3.727685119753525,3350,3.727685119753525,0.004895312496594251,True,3300,-0.001818257502729903,3.6353987318376375,3.6603929476192256
own-seed,V80,1.3,400034,1650,3.651323974709569,1650,3.651323974709569,0.006644038162487931,True,1600,-0.001413918478413212,3.5433429602988213,3.56229023916828
own-seed,V80,1.3,400035,1650,4.068737232828676,1650,4.068737232828676,0.0006555783196335874,True,1600,-0.007587868382489482,3.9468764449228195,4.059045984319242
own-seed,V80,1.3,400036,2600,3.7015628335289077,2600,3.7015628335289077,0.005673830000524571,True,2550,-0.0008596573920991446,3.612674755575186,3.6243703920232906
own-seed,V80,1.3,400037,7200,3.6045874861753995,7200,3.6045874861753995,0.0020001717934081675,True,7150,-0.014918742644915106,3.391597333943349,3.5794075671964793
own-seed,V80,1.3,400038,1950,3.7983064150898977,1950,3.7983064150898977,0.00659643384091968,True,1900,-0.0005891434974891752,3.694560266365958,3.703066384389842
own-seed,V80,1.3,400039,1800,3.7146997690137886,1800,3.7146997690137886,0.005249951459097346,True,1750,-0.006511888536602228,3.5558129543752983,3.6437799074404587
own-seed,V80,1.3,400040,1400,3.9389610166769105,1400,3.9389610166769105,0.006379863240029149,True,1350,-0.0023983337401789484,3.809062491786402,3.844552697320272
own-seed,V80,1.3,400042,4200,3.898673866482657,4200,3.898673866482657,0.00497157389173708,True,4150,-0.004849701766894032,3.7551841599169773,3.826038731934934
own-seed,V80,1.3,400043,2150,3.851601841256362,2150,3.851601841256362,0.0014353265586120045,True,2100,-0.005251110286026872,3.756162172688494,3.8311145332590653
own-seed,V80,1.3,400044,5400,3.8956680440317824,5400,3.8956680440317824,0.00467716793956674,True,5350,-0.0066644055941633695,3.71936939349802,3.822963988142793
own-seed,V80,1.3,400045,1300,3.9049573729928913,1300,3.9049573729928913,0.0011007401296678765,True,1250,-0.007477109279270255,3.7809406300140953,3.8890431036650543
own-seed,V80,1.3,400046,1600,3.5779905610357536,1600,3.5779905610357536,0.007046096561276638,True,1550,-0.003375682247984013,3.44206290917274,3.4860907637071694
own-seed,V80,1.3,400047,1800,3.3571180927028896,1800,3.3571180927028896,0.002810181718767346,True,1750,-0.004960472180218556,3.261480072241972,3.322531528919185
own-seed,V80,1.3,400048,3350,3.6983902246995464,3350,3.6983902246995464,0.005143807635427766,True,3300,-0.0016443923816362727,3.604903823633294,3.6275502284701435
own-seed,V80,1.3,400049,1450,3.4760428623656052,1450,3.4760428623656052,0.0003365776067352222,True,1400,-0.008583486318564315,3.3664120515657507,3.4719062018850897
own-seed,V80,1.3,400050,1850,3.880359550786218,1850,3.880359550786218,0.004991673432690025,True,1800,-0.0042812884311072,3.7484841393416573,3.8093704755153617
own-seed,V80,1.3,400052,3300,3.5846048848027348,3300,3.5846048848027348,0.01019814776970751,True,3250,-0.0005864602038263556,3.4420763881571146,3.4498269982301912
own-seed,V80,1.3,400053,1650,4.003413385916729,1650,4.003413385916729,0.0009257786127139234,True,1600,-0.00664708479341769,3.8936359904280473,3.989993156414032
own-seed,V80,1.3,400054,1450,3.844358617916082,1450,3.844358617916082,0.0009426853640137622,True,1400,-0.009054642228610632,3.701871225177296,3.830922949388982
own-seed,V80,1.3,400055,1150,3.0853668326372246,1150,3.0853668326372246,0.0025486361641173794,True,1100,-0.007760465416793316,2.9663339098031916,3.0559392817032847
own-seed,V80,1.3,400056,2400,3.6845085558173336,2400,3.6845085558173336,0.001573731696662417,True,2350,-0.006659694497978208,3.575316814130587,3.6636377177428923
own-seed,V80,1.3,400057,2200,3.615956702353118,2200,3.615956702353118,0.001119360185582785,True,2150,-0.00823105802122992,3.494585719216658,3.6014271013017973
own-seed,V80,1.3,400058,2550,3.8399267973516165,2550,3.8399267973516165,0.00394470137101921,True,2500,-0.0020957519775199884,3.7537947993900564,3.7836785340437378
own-seed,V80,1.3,400059,1600,3.3046166846511906,1600,3.3046166846511906,0.004478631348453721,True,1550,-0.003811739020271432,3.202435963121694,3.249416523223421
own-seed,V80,1.5,400000,550,2.221183044966159,550,2.221183044966159,0.015754570742214646,True,500,-0.017948619918843445,2.0897338249830786,2.1597370514381575
own-seed,V80,1.5,400001,1700,2.129252803755693,1700,2.129252803755693,0.01044181918482101,True,1650,-0.006401867309393516,2.0538834689960237,2.0825294830674914
own-seed,V80,1.5,400002,2000,2.016893329255649,2000,2.016893329255649,0.0006495059987567942,True,1950,-0.04836102806792786,1.851307676659362,2.014698926017296
own-seed,V80,1.5,400003,3600,2.361314228039069,3600,2.361314228039069,0.03032022076012808,True,3550,-0.0022606517482852695,2.189275502918123,2.201212557231724
own-seed,V80,1.5,400004,8650,2.2717648395227994,8650,2.2717648395227994,0.08026189773820613,True,8600,-0.007441808680825002,1.9103790643319147,1.941043262103591
own-seed,V80,1.5,400005,1200,2.137881826683868,1200,2.137881826683868,0.008698475557996854,True,1150,-0.022874780355457425,2.0169258197626787,2.104558279923886
own-seed,V80,1.5,400006,2650,2.206577455242696,2650,2.206577455242696,0.04315041161636568,True,2600,-0.008598248333977931,1.9982865612686855,2.032894932457685
own-seed,V80,1.5,400007,650,2.040429852150307,650,2.040429852150307,0.021762837629826226,True,600,-0.016560210223705685,1.900685360087394,1.9610719497712708
own-seed,V80,1.5,400008,7150,2.0569763152555867,7150,2.0569763152555867,0.023409100341133637,True,7100,-0.08162912988761617,1.7110013337391887,1.9798714074501003
own-seed,V80,1.5,400009,8200,2.2430351245473807,8200,2.2430351245473807,0.06009942289721337,True,8150,-0.031104179327163806,1.8811496665955707,2.0045674911715534
own-seed,V80,1.5,400010,4400,2.1304338561671896,4400,2.1304338561671896,0.039891493455312954,True,4350,-0.03866339911567529,1.8411260644378555,1.9835185017872887
own-seed,V80,1.5,400011,3750,2.2472195313751535,3750,2.2472195313751535,0.046117930707889165,True,3700,-0.01134801702128696,2.0104386194251735,2.0571966374393793
own-seed,V80,1.5,400012,1200,2.1345854007641623,1200,2.1345854007641623,0.01284180223760334,True,1150,-0.013500483418383613,2.0335045191589702,2.085308708964206
own-seed,V80,1.5,400013,2800,2.1871738051058904,2800,2.1871738051058904,0.014164304438561981,True,2750,-0.030185931201438088,2.018645008623706,2.133350118588988
own-seed,V80,1.5,400014,650,2.058734496912026,650,2.058734496912026,0.012745264471364148,True,600,-0.02423741754543407,1.925993852850379,2.0129883659554757
own-seed,V80,1.5,400015,3500,2.0887868457797722,3500,2.0887868457797722,0.030388980140494848,True,3450,-0.05013274019568659,1.7992888724468217,1.979530012647067
own-seed,V80,1.5,400016,700,2.172396440948252,700,2.172396440948252,0.012063357785344841,True,650,-0.020637146195243705,2.0433727251287435,2.1247990324297374
own-seed,V80,1.5,400017,850,1.9285827097476502,850,1.9285827097476502,0.007422962279747036,True,800,-0.021782215300502283,1.8296820695388658,1.9034455326257034
own-seed,V80,1.5,400018,1250,1.9515747399580419,1250,1.9515747399580419,0.021044769079473724,True,1200,-0.05370876123796098,1.7075336046662717,1.8828717728031905
own-seed,V80,1.5,400019,1150,2.2769597701999746,1150,2.2769597701999746,0.012729997419814065,True,1100,-0.005955904512408683,2.182638066868394,2.212701965337319
own-seed,V80,1.5,400020,700,2.2334066285582046,700,2.2334066285582046,0.028699678900949266,True,650,-0.010188359366519517,2.0718798471604294,2.114198590134267
own-seed,V80,1.5,400021,650,1.978045441071152,650,1.978045441071152,0.005833174042984446,True,600,-0.03863294156422947,1.8272347570223049,1.958261725862717
own-seed,V80,1.5,400022,3600,2.1281944568494833,3600,2.1281944568494833,0.016642022440330972,True,3550,-0.08714160126376402,1.7619870972533096,2.0694719833156032
own-seed,V80,1.5,400023,1000,2.2130601367263707,1000,2.2130601367263707,0.02501238778783721,True,950,-0.005693763686913211,2.083644796518789,2.107641954391516
own-seed,V80,1.5,400024,2100,2.2866330747952786,2100,2.2866330747952786,0.03757034984974261,True,2050,-0.024146788701759014,1.9895439854089512,2.1057798906271317
own-seed,V80,1.5,400025,1250,1.9632039371174927,1250,1.9632039371174927,0.012753450448960812,True,1200,-0.009050241311376883,1.8847875190408887,1.917336479747536
own-seed,V80,1.5,400026,950,2.1454958729117166,950,2.1454958729117166,0.004375492403521086,True,900,-0.020922696514462658,2.0496643819556986,2.128921170190682
own-seed,V80,1.5,400027,1250,1.82673722216299,1250,1.82673722216299,0.0033386219702329356,True,1200,-0.04067900122894308,1.6889468517434356,1.8162861817720162
own-seed,V80,1.5,400028,700,2.0162937250951645,700,2.0162937250951645,0.0010169526897505499,True,650,-0.03247431879886831,1.8954762106154939,2.012625136509006
own-seed,V80,1.5,400029,5250,2.373074595416253,5250,2.373074595416253,0.07007362297549236,True,5200,-0.0012858736550258598,2.052947794916736,2.058716370067447
own-seed,V80,1.5,400030,900,2.2113335290047784,900,2.2113335290047784,0.02001990439794543,True,850,-0.009820743637916962,2.0931885026303556,2.1320707686831484
own-seed,V80,1.5,400031,6100,2.1182087475947906,6100,2.1182087475947906,0.02998072970893606,True,6050,-0.09373138747315934,1.6935893974731537,2.015305343666761
own-seed,V80,1.5,400032,4500,2.0129629661927493,4500,2.0129629661927493,0.0012432534218431712,True,4450,-0.11660102931410732,1.650080980182874,2.0091345728217878
own-seed,V80,1.5,400033,2250,2.0444150726702026,2250,2.0444150726702026,0.018646639418354205,True,2200,-0.010830131911847563,1.9364395560976106,1.9761111020288606
own-seed,V80,1.5,400034,750,2.026632670964096,750,2.026632670964096,0.029666269318544547,True,700,-0.0004179089945077763,1.9153860335491106,1.9169313963607748
own-seed,V80,1.5,400035,800,2.1850005419228538,800,2.1850005419228538,0.0013602405962531705,True,750,-0.037327555189816675,2.0396627182622358,2.1798905478304675
own-seed,V80,1.5,400036,1350,1.9564784111220173,1350,1.9564784111220173,0.0003572295764180389,True,1300,-0.026970456129723708,1.8641420608460586,1.9552713833608024
own-seed,V80,1.5,400037,7400,2.199305771927534,7400,2.199305771927534,0.06444991210930873,True,7350,-0.047992393134233424,1.8067602906140572,1.9743057444488827
own-seed,V80,1.5,400038,900,2.0314166372188365,900,2.0314166372188365,0.013489357404832703,True,850,-0.014916438099593865,1.9254483829847282,1.981094383272197
own-seed,V80,1.5,400039,1100,2.1469330562665747,1100,2.1469330562665747,0.044824238289127294,True,1050,-0.01468522766555136,1.9181508476874554,1.9746077283687695
own-seed,V80,1.5,400040,700,2.2069782583452486,700,2.2069782583452486,0.03544047914273829,True,650,-0.0014156740339363871,2.0538523552183863,2.059734042434646
own-seed,V80,1.5,400042,3650,2.2300172277793004,3650,2.2300172277793004,0.04104263143819464,True,3600,-0.01403411208244254,2.0033651606777574,2.0611184029737273
own-seed,V80,1.5,400043,1000,2.117279517383566,1000,2.117279517383566,0.013488834359334678,True,950,-0.011141515371544841,2.021980450210826,2.065088892981649
own-seed,V80,1.5,400044,5000,2.215309415757694,5000,2.215309415757694,0.03473186820761587,True,4950,-0.040606100549550384,1.9087474517790275,2.07398001829684
own-seed,V80,1.5,400045,550,2.1311142707796242,550,2.1311142707796242,0.007366323742911796,True,500,-0.029661497062036357,1.9917431684801432,2.1033877495416458
own-seed,V80,1.5,400046,1100,1.9299593080393076,1100,1.9299593080393076,0.0169668501094411,True,1050,-0.0502347953841662,1.7143730595529019,1.8755288021066288
own-seed,V80,1.5,400047,800,1.8555574683297136,800,1.8555574683297136,0.01829298590364692,True,750,-0.011215832628874267,1.756390504064496,1.7940822900737006
own-seed,V80,1.5,400048,2100,2.029330332703991,2100,2.029330332703991,0.020641778605195782,True,2050,-0.006748708821464611,1.9275730503104787,1.9526449031271225
own-seed,V80,1.5,400049,650,1.9368818863814736,650,1.9368818863814736,0.016125146828170234,True,600,-0.0194583277293372,1.8171889219834805,1.8826413534032407
own-seed,V80,1.5,400050,1050,2.095066648406488,1050,2.095066648406488,0.015095939135764347,True,1000,-0.03167034340189456,1.9254550649599191,2.0403168158028766
own-seed,V80,1.5,400052,2750,1.918238925969133,2750,1.918238925969133,0.01652615813165559,True,2700,-0.06020670908567061,1.6777013459088796,1.8664337187764592
own-seed,V80,1.5,400053,750,2.23167216097684,750,2.23167216097684,0.018221167768107893,True,700,-0.009971632344604409,2.1188001153197797,2.158722313071542
own-seed,V80,1.5,400054,750,2.1438420965880116,750,2.1438420965880116,0.025630068226352165,True,700,-0.015312076645802364,1.9808209674724337,2.0417897328289523
own-seed,V80,1.5,400055,500,1.7185484066249372,500,1.7185484066249372,0.02155538359085174,True,450,-0.02036044377730617,1.5860541097557803,1.6504126790981928
own-seed,V80,1.5,400056,1550,2.0120945804320245,1550,2.0120945804320245,0.009695621564477896,True,1500,-0.032186421932173914,1.867614919052493,1.9786477854920441
own-seed,V80,1.5,400057,1600,2.09347937595057,1600,2.09347937595057,0.03757288207089626,True,1550,-0.008670220588788524,1.919147317282814,1.95183321674485
own-seed,V80,1.5,400058,1200,2.0949206269528764,1200,2.0949206269528764,0.013848332084062775,True,1150,-0.00737317155349837,2.0139647162622274,2.0420919323156346
own-seed,V80,1.5,400059,700,1.8271768129447652,700,1.8271768129447652,0.02127405884087663,True,650,-0.011676512630921732,1.7169859213723668,1.756033661055997
