a,seed,precision,exact_sep,grid_solved,agree,exact_gap,grid_gap,certified,inner_max_logit,outer_min_logit
1.02,0,float32,False,False,True,-1.6733639937283291,-1.6733639937283291,False,0.16897412702101233,-0.9474563769071018
1.02,0,float64,False,False,True,-0.5628400633378772,-0.5628400633378772,False,0.2835669090180355,-0.7160172774676434
1.02,1,float32,False,False,True,-0.5957981941657251,-0.5957981941657251,False,0.2670951523996745,-0.912827974742064
1.02,1,float64,False,False,True,-0.5265688779422955,-0.5265688779422955,False,0.2667702615800893,-0.9110263733458881
1.02,2,float32,False,False,True,-0.3632196870323714,-0.3632196870323714,False,0.2450437231040432,-0.8723408298600539
1.02,2,float64,False,False,True,-0.4736252443208575,-0.4736252443208575,False,0.25697583716359595,-0.8373958751529047
1.02,3,float32,False,False,True,-0.6970691811280614,-0.6970691811280614,False,0.279983867699662,-0.9781712897675776
1.02,3,float64,False,False,True,-0.7537504804978492,-0.7537504804978492,False,0.2805068477827133,-0.978328988339511
1.02,4,float32,False,False,True,-0.008013116314443791,-0.0080144265862348,False,0.0014356507120114048,-0.004107979124523042
1.02,4,float64,False,False,True,-0.00960834582518133,-0.0096083458251813,False,0.0021850470892216256,-0.006252586371846558
1.02,5,float32,False,False,True,-0.48539077866981106,-0.485390778669811,False,0.29490557581378773,-0.8012856651028439
1.02,5,float64,False,False,True,-0.603372627191713,-0.603372627191713,False,0.2434196355878937,-0.9119974047504806
1.02,6,float32,False,False,True,-0.093305690583602,-0.093305690583602,False,0.017728069910435337,-0.0489723769432526
1.02,6,float64,False,False,True,-0.08597988632974762,-0.0863851707963219,False,0.011938949979693414,-0.032894830406088815
1.02,7,float32,False,False,True,-0.3224300170990766,-0.3224300170990766,False,0.24484922797576658,-0.8551574365451149
1.02,7,float64,False,False,True,-0.38096553243934705,-0.380965532439347,False,0.24861793068908966,-0.8549736259134626
1.02,8,float32,False,False,True,-0.010595206153856451,-0.0106012880461026,False,0.0019617745923581342,-0.0051723189095255195
1.02,8,float64,False,False,True,-0.018414458776827014,-0.0184236910939448,False,0.0020400532575995944,-0.00538406802402755
1.02,9,float32,False,False,True,-0.5669269565223671,-0.5669269565223671,False,0.31201806496641193,-0.8523145464161592
1.02,9,float64,False,False,True,-0.7364319337114242,-0.7364319337114242,False,0.22312213669260528,-0.8573275218870631
1.02,10,float32,False,False,True,-0.41884750070928867,-0.4188475007092886,False,0.24600967612688152,-0.9381478622926718
1.02,10,float64,False,False,True,-0.338714409886415,-0.338714409886415,False,0.24143887185168644,-0.9355234922649451
1.02,11,float32,False,False,True,-0.2041747081315265,-0.2043995786044622,False,0.030197246376124677,-0.07517419826497068
1.02,11,float64,False,False,True,-0.6452559623971101,-0.6452559623971101,False,0.2991411590747246,-0.8783803435081774
1.02,12,float32,False,False,True,-0.39912641374589963,-0.3991264137458996,False,0.18791942704124587,-0.9034323446299535
1.02,12,float64,False,False,True,-0.21478744725036214,-0.2151827450516059,False,0.034048428999342475,-0.09623547557148589
1.02,13,float32,False,False,True,-0.33645037086218565,-0.3369983728844755,False,0.062175098987335725,-0.16271319052270897
1.02,13,float64,False,False,True,-0.6387808084541171,-0.6387808084541171,False,0.3159069039929756,-0.930885005884301
1.02,14,float32,False,False,True,-0.03464443892596836,-0.0346444389259683,False,0.0054582968713811075,-0.013335128679237362
1.02,14,float64,False,False,True,-0.3672811962275606,-0.3672811962275606,False,0.23959925958343753,-0.8372994367447291
1.02,15,float32,False,False,True,-0.6389823525091063,-0.6389823525091063,False,0.2356034364213695,-0.9163328867664076
1.02,15,float64,False,False,True,-0.3166824016708989,-0.3166824016708989,False,0.2230690844621126,-0.9151222801413024
1.02,16,float32,False,False,True,-0.16743848804461692,-0.1674384880446169,False,0.015074595787346823,-0.037083543305973604
1.02,16,float64,False,False,True,-0.06928170489358293,-0.0692817048935829,False,0.00734041050546398,-0.017875297578579145
1.02,17,float32,False,False,True,-0.011708911191099292,-0.0117133919750374,False,0.00287783550020404,-0.007465389319688542
1.02,17,float64,False,False,True,-0.021850792572350453,-0.0218645948151237,False,0.0026012304924756535,-0.006747773986757827
1.02,18,float32,False,False,True,-0.5499830201223577,-0.5499830201223577,False,0.24786941435270737,-0.9015980663995133
1.02,18,float64,False,False,True,-0.3550924265241284,-0.3550924265241284,False,0.23175209705328292,-0.7944276173184903
1.02,19,float32,False,False,True,-0.482867526761098,-0.482867526761098,False,0.2284361271113804,-0.9605145688570307
1.02,19,float64,False,False,True,-0.30784480374016354,-0.3078448037401635,False,0.2167511483679494,-0.9599426927967869
1.02,20,float32,False,False,True,-0.7251753436219031,-0.7251753436219031,False,0.29491230687484915,-0.9066010169789811
1.02,20,float64,False,False,True,-0.637217297243514,-0.637217297243514,False,0.29314269377752566,-0.9084785944680354
1.02,21,float32,False,False,True,-0.14754301901665967,-0.1479934401608202,False,0.040869695528879924,-0.10972937302197494
1.02,21,float64,False,False,True,-0.5990879223400714,-0.5990879223400714,False,0.26223852781819357,-0.9282213588929569
1.02,22,float32,False,False,True,-0.8418854278322927,-0.8418854278322927,False,0.2546351556864477,-0.9006024473154755
1.02,22,float64,False,False,True,-0.4147897651498611,-0.4147897651498611,False,0.24816486125484438,-0.9004059351681502
1.02,23,float32,False,False,True,-0.6075738869405103,-0.6075738869405103,False,0.2673586952695368,-0.8582494055536642
1.02,23,float64,False,False,True,-0.493147126635086,-0.493147126635086,False,0.26434853369324074,-0.8580011765034357
1.02,24,float32,False,False,True,-0.586660012320182,-0.586660012320182,False,0.24190194198880732,-0.9899803837862207
1.02,24,float64,False,False,True,-0.5796334626376223,-0.5796334626376223,False,0.24114506825458193,-0.9902594661663029
1.02,25,float32,False,False,True,-1.0325073413276828,-1.0325073413276828,False,0.26469914139233097,-0.9442737842998605
1.02,25,float64,False,False,True,-0.5321737791383234,-0.5321737791383234,False,0.2590692420997467,-0.9425342163685801
1.02,26,float32,False,False,True,-1.0559210811538344,-1.0559210811538344,False,0.2898317828007766,-0.8393205766519451
1.02,26,float64,False,False,True,-0.5717613779796853,-0.5717613779796853,False,0.2795346669582832,-0.8551594171073962
1.02,27,float32,False,False,True,-0.7012382555894963,-0.7012382555894963,False,0.14302408666078037,-1.1493727690736861
1.02,27,float64,False,False,True,-0.65861612109792,-0.65861612109792,False,0.14440664294207295,-1.1437692593595585
1.02,28,float32,False,False,True,-0.6310406143512233,-0.6310406143512233,False,0.2609995782415293,-0.8883851981241451
1.02,28,float64,False,False,True,-0.6627689822498342,-0.6627689822498342,False,0.26304187209780316,-0.8859233081517823
1.02,29,float32,False,False,True,-0.18625900586185556,-0.1872374983464693,False,0.018336975173282727,-0.04940706116223623
1.02,29,float64,False,False,True,-1.0665307710906209,-1.0665307710906209,False,0.2598813652583192,-0.9022670149553194
1.02,30,float32,False,False,True,-0.5692139949102737,-0.5692139949102737,False,0.2684718116545026,-0.8511163433769049
1.02,30,float64,False,False,True,-0.04870782649476035,-0.0488348593943588,False,0.006113098166737108,-0.015439854440374101
1.02,31,float32,False,False,True,-0.42036125251420575,-0.4203612525142057,False,0.19611050540811625,-1.0932404473179265
1.02,31,float64,False,False,True,-0.777508837119389,-0.777508837119389,False,0.2078263729511809,-1.0951437928992105
1.02,32,float32,False,False,True,-0.6197994846699002,-0.6197994846699002,False,0.30987810863652143,-0.8100210449135492
1.02,32,float64,False,False,True,-0.21040020469336662,-0.2104002046933666,False,0.010988496709910658,-0.031576397130506376
1.02,33,float32,False,False,True,-0.5365910605097168,-0.5365910605097168,False,0.25750705616743375,-0.9948296293187857
1.02,33,float64,False,False,True,-0.763264589507028,-0.763264589507028,False,0.2624825757217497,-0.9939997625072978
1.02,34,float32,False,False,True,-0.5782309088368631,-0.5782309088368631,False,0.23183109108653444,-0.8864406125336854
1.02,34,float64,False,False,True,-0.575776908005798,-0.575776908005798,False,0.23318248672527275,-0.8840532610448228
1.02,35,float32,False,False,True,-0.8315667765534327,-0.8315667765534327,False,0.24282344229985275,-0.9330337178724184
1.02,35,float64,False,False,True,-0.8082936233790079,-0.8082936233790079,False,0.24470160664115426,-0.9312119517854156
1.02,36,float32,False,False,True,-0.42932178031741364,-0.4293217803174136,False,0.2784247322233071,-1.0083746454607514
1.02,36,float64,False,False,True,-0.676326974160038,-0.676326974160038,False,0.2916584153131323,-1.0038442107161103
1.02,37,float32,False,False,True,-0.17377019373783065,-0.174658042473499,False,0.015862565805295686,-0.04541192207247169
1.02,37,float64,False,False,True,-0.46392166963815473,-0.4639216696381547,False,0.22079126899458146,-0.9461007911170514
1.02,38,float32,False,False,True,-0.3539446695672712,-0.3539446695672712,False,0.15520375871588854,-1.2138836006426992
1.02,38,float64,False,False,True,-0.46793146381518635,-0.4679314638151863,False,0.16471396554563,-1.2156235676423552
1.02,39,float32,False,False,True,-0.45686887119795383,-0.4568688711979538,False,0.25091003352897534,-0.9230727924961375
1.02,39,float64,False,False,True,-0.9538524874995558,-0.9538524874995558,False,0.26155241760419523,-0.9231230922845493
1.02,40,float32,False,False,True,-0.4854609913364314,-0.4854609913364314,False,0.2716221785017314,-0.9483359741080708
1.02,40,float64,False,False,True,-0.6000022468966226,-0.6000022468966226,False,0.27325383227048494,-0.782362055489064
1.02,41,float32,False,False,True,-0.7705462352791259,-0.7705462352791259,False,0.3047556331907333,-0.8822654572748307
1.02,41,float64,False,False,True,-0.2799103898363786,-0.2809581612529451,False,0.04214355559362265,-0.10728473972277733
1.02,42,float32,False,False,True,-0.4859210507698428,-0.4859210507698428,False,0.2774231052214793,-0.793446097053975
1.02,42,float64,False,False,True,-0.5357664373256545,-0.5357664373256545,False,0.2513054577307585,-0.9153640082520376
1.02,43,float32,False,False,True,-0.7892026091585933,-0.7892026091585933,False,0.27250697956864034,-0.9709578511408514
1.02,43,float64,False,False,True,-0.6484404166498123,-0.6484404166498123,False,0.2696359241697399,-0.9724036117311616
1.02,44,float32,False,False,True,-0.4843436109573336,-0.4843436109573336,False,0.2701574448779711,-0.945635778547075
1.02,44,float64,False,False,True,-1.194382000560947,-1.194382000560947,False,0.27789631200031284,-0.9412502072991549
1.02,45,float32,False,False,True,-0.8516042350330157,-0.8516042350330157,False,0.21048825754796763,-1.1139002373945681
1.02,45,float64,False,False,True,-0.5165768457903486,-0.5165768457903486,False,0.19860141380879792,-1.1139785808556235
1.02,46,float32,False,False,True,-0.25043868896598415,-0.2507714012095062,False,0.04164955959116685,-0.10550914701682587
1.02,46,float64,False,False,True,-0.20809695281652468,-0.2091423592609418,False,0.03810494501014339,-0.09445970065808745
1.02,47,float32,False,False,True,-0.6882376868489151,-0.6882376868489151,False,0.26398069372075206,-0.9877835308872713
1.02,47,float64,False,False,True,-0.5340611901658505,-0.5340611901658505,False,0.25860790254987176,-0.9894424799458399
1.02,48,float32,False,False,True,-0.05702133746701654,-0.0570880937968525,False,0.014257488406686947,-0.036489348923383846
1.02,48,float64,False,False,True,-0.595024485003536,-0.595024485003536,False,0.25855012771434094,-0.8662617928516863
1.02,49,float32,False,False,True,-0.8037114575055626,-0.8037114575055626,False,0.2250476689566514,-0.965773707354403
1.02,49,float64,False,False,True,-0.9636875962979072,-0.9636875962979072,False,0.22676651850294904,-0.9643441496759939
1.02,50,float32,False,False,True,-0.30497576633582585,-0.3049757663358258,False,0.08590194507830332,-0.2364170609908422
1.02,50,float64,False,False,True,-0.7471519342521131,-0.7471519342521131,False,0.2741782301125264,-0.9548222073819925
1.02,51,float32,False,False,True,-0.434519488126043,-0.434519488126043,False,0.2361660172241251,-0.7385082411766755
1.02,51,float64,False,False,True,-0.6116375068063551,-0.6116375068063551,False,0.2558141694195353,-0.9610005582653942
1.02,52,float32,False,False,True,-0.4615860927168671,-0.4615860927168667,False,0.2791449579698382,-0.8527377203897739
1.02,52,float64,False,False,True,-0.283454091136909,-0.283454091136909,False,0.2688238499125788,-0.8480125136101258
1.02,53,float32,False,False,True,-0.5743388330045289,-0.5743388330045289,False,0.2705128691734737,-0.9352201424167967
1.02,53,float64,False,False,True,-0.6533289133769871,-0.6533289133769871,False,0.27182963452050846,-0.936521123611417
1.02,54,float32,False,False,True,-0.8869830327428074,-0.8869830327428074,False,0.2785283444788811,-0.8939947311641818
1.02,54,float64,False,False,True,-0.44119766603871646,-0.4411976660387164,False,0.2683782832655597,-0.8925776110395107
1.02,55,float32,False,False,True,-0.15111929447629024,-0.1524716175694286,False,0.0051040386557501954,-0.013082788843080673
1.02,55,float64,False,False,True,-0.10013044309971597,-0.1005027821835106,False,0.01071550721556419,-0.0282247972357324
1.02,56,float32,False,False,True,-0.6771839607245278,-0.6771839607245278,False,0.33673481822612494,-0.7835591679157483
1.02,56,float64,False,False,True,-0.41654566058760834,-0.4165456605876083,False,0.23576378656652786,-0.9570245196361995
1.02,57,float32,False,False,True,-0.10437686253888528,-0.1043768625388852,False,0.02086390809557244,-0.054829053842580994
1.02,57,float64,False,False,True,-0.6547662959067448,-0.6547662959067448,False,0.2723236766704984,-0.8227227282908123
1.02,58,float32,False,False,True,-0.9714403542469028,-0.9714403542469028,False,0.24784557091334403,-0.9352309099513985
1.02,58,float64,False,False,True,-0.4674475659571664,-0.4674475659571664,False,0.2382502788832257,-0.9351266001500935
1.02,59,float32,False,False,True,-0.056249167435269865,-0.0565661779994026,False,0.002726938302284543,-0.0074083035159531185
1.02,59,float64,False,False,True,-0.06906378308746663,-0.0691445974429823,False,0.007277851997167906,-0.020088139426970908
1.02,60,float32,False,False,True,-0.5288921304379466,-0.5288921304379466,False,0.26200479178485736,-0.7881697244736525
1.02,60,float64,False,False,True,-0.202297633155595,-0.2035648904711436,False,0.02472757117884622,-0.06691267215269261
1.02,61,float32,False,False,True,-0.4084839301697407,-0.4084839301697407,False,0.21890240097287084,-0.9087355841312164
1.02,61,float64,False,False,True,-0.13633602873646433,-0.1367194500232308,False,0.027496347383979658,-0.07450257159701032
1.02,62,float32,False,False,True,-0.5933729325849124,-0.593372932584912,False,0.30628513193750617,-1.0155031335405438
1.02,62,float64,False,False,True,-0.563613710656337,-0.563613710656337,False,0.30603991100493033,-1.0136535080099849
1.02,63,float32,False,False,True,-0.41546418830250076,-0.4154641883025007,False,0.2587913172638441,-0.9419617432851854
1.02,63,float64,False,False,True,-0.39032642688871233,-0.3903264268887123,False,0.25693492730428247,-0.9424013957447528
1.02,64,float32,False,False,True,-0.8051105009153794,-0.8051105009153794,False,0.25691824223963167,-1.1707389496698974
1.02,64,float64,False,False,True,-0.5977763864030949,-0.5977763864030949,False,0.2455492788505742,-1.170448155795735
1.02,65,float32,False,False,True,-0.06797827906209211,-0.0680065816504722,False,0.005133742269493639,-0.0130060836407144
1.02,65,float64,False,False,True,-0.034424300739321206,-0.0344346591543673,False,0.005315523175467268,-0.013299289882213447
1.02,66,float32,False,False,True,-0.07249558428492064,-0.0728773845860901,False,0.004270205052512521,-0.010732863564763356
1.02,66,float64,False,False,True,-0.7843194253604295,-0.7843194253604295,False,0.2658257429900588,-0.8336522591837374
1.02,67,float32,False,False,True,-0.40896814704040185,-0.4089681470404018,False,0.22696769942261685,-0.9294895274700039
1.02,67,float64,False,False,True,-0.5309633161748049,-0.5309633161748049,False,0.23209955713648966,-0.9306163140790211
1.02,68,float32,False,False,True,-0.09213113199272155,-0.0922196890109373,False,0.017843640687127266,-0.0479648277370686
1.02,68,float64,False,False,True,-0.09347948223948477,-0.0937691868608157,False,0.015546479497754007,-0.04180206573217016
1.02,69,float32,False,False,True,-0.5305325607668632,-0.5305325607668632,False,0.23881676080041547,-0.8603074550852172
1.02,69,float64,False,False,True,-0.35596852077121355,-0.3559685207712135,False,0.23038531039646593,-0.8605370282179265
1.02,70,float32,False,False,True,-0.11792046998638692,-0.1180055965542053,False,0.027449510786345346,-0.07140394735835368
1.02,70,float64,False,False,True,-0.3861358336427383,-0.3861358336427383,False,0.23925426080463552,-0.8794214770473321
1.02,71,float32,False,False,True,-0.32501225342468576,-0.3250122534246857,False,0.22052296642933555,-1.0524462904956238
1.02,71,float64,False,False,True,-0.8443984879732755,-0.8443984879732755,False,0.24445418264388996,-1.0578309939982162
1.02,72,float32,False,False,True,-0.53245115522718,-0.53245115522718,False,0.26455641889200887,-0.9295899934653002
1.02,72,float64,False,False,True,-0.12831026042435822,-0.1287382205581247,False,0.031262000493035125,-0.08508352624281568
1.02,73,float32,False,False,True,-0.5882186983513282,-0.5882186983513282,False,0.2290961765401205,-0.980398145469926
1.02,73,float64,False,False,True,-0.6744269639218894,-0.6744269639218894,False,0.2991768802888135,-0.7696214424595826
1.02,74,float32,False,False,True,-0.09371277261281191,-0.093805027900815,False,0.00868986172785724,-0.023054635329415728
1.02,74,float64,False,False,True,-0.4837975569894204,-0.4837975569894204,False,0.2331503279921181,-0.886306270407502
1.02,75,float32,False,False,True,-0.3865244949542128,-0.3865244949542128,False,0.22803790795462575,-0.9078479688490795
1.02,75,float64,False,False,True,-0.286866776167948,-0.286866776167948,False,0.22104291970453538,-0.9038698906697746
1.02,76,float32,False,False,True,-0.5007079811318089,-0.5007079811318089,False,0.296421291754541,-0.9114096466918413
1.02,76,float64,False,False,True,-0.46048581087657814,-0.4604858108765781,False,0.2951771705319901,-0.9104745095875737
1.02,77,float32,False,False,True,-0.35395362181620404,-0.353953621816204,False,0.21253172970356005,-1.003239531041526
1.02,77,float64,False,False,True,-0.5788730941809797,-0.5788730941809797,False,0.22198609697885807,-1.004269357123711
1.02,78,float32,False,False,True,-0.7002798829337795,-0.7002798829337795,False,0.20472226490920775,-1.0078946007629597
1.02,78,float64,False,False,True,-0.4957869827087449,-0.4957869827087449,False,0.1973946062464318,-1.0084384713079446
1.02,79,float32,False,False,True,-0.20811726559886223,-0.208169897319068,False,0.014750577071653847,-0.03795015458207099
1.02,79,float64,False,False,True,-0.32787927931384253,-0.3278792793138425,False,0.2344183200718657,-0.8615679696298795
1.02,80,float32,False,False,True,-0.04553284421695969,-0.0456211006706934,False,0.006525042258063496,-0.016598254819736702
1.02,80,float64,False,False,True,-0.5532574796532144,-0.5532574796532144,False,0.27812087537683716,-0.877970942875562
1.02,81,float32,False,False,True,-0.7100219147277698,-0.7100219147277702,False,0.19887455176758673,-0.7851513518526474
1.02,81,float64,False,False,True,-0.3492735415904227,-0.3517421275072155,False,0.05882116546451707,-0.14937353187093277
1.02,82,float32,False,False,True,-0.17383924418781166,-0.174054753222397,False,0.05415115077566185,-0.15212160742266087
1.02,82,float64,False,False,True,-0.5931209344453943,-0.5931209344453943,False,0.2425946698475423,-0.9524192052627374
1.02,83,float32,False,False,True,-0.6341845142323166,-0.6341845142323166,False,0.2917153613748651,-1.0187428366645719
1.02,83,float64,False,False,True,-0.5112028153832,-0.5112028153832,False,0.2865503172503221,-1.0198659945557678
1.02,84,float32,False,False,True,-0.404536243286191,-0.404536243286191,False,0.20692095587425463,-0.8171970171765004
1.02,84,float64,False,False,True,-0.20113839452914245,-0.2011383945291424,False,0.06818077275633666,-0.16724227988271873
1.02,85,float32,False,False,True,-0.5123556656497801,-0.5123556656497801,False,0.29345457534024,-0.8943372478838674
1.02,85,float64,False,False,True,-0.5085458262780378,-0.5085458262780378,False,0.2932709610202009,-0.8945884531981934
1.02,86,float32,False,False,True,-0.6134187180322062,-0.6134187180322062,False,0.08228315209212866,-0.22423822029146268
1.02,86,float64,False,False,True,-0.46564274427063346,-0.4656427442706334,False,0.23625167879894438,-0.7622414286359538
1.02,87,float32,False,False,True,-0.64084779586066,-0.64084779586066,False,0.30811710033696116,-0.8607852309884887
1.02,87,float64,False,False,True,-0.5345163939981132,-0.5345163939981132,False,0.30602154862448483,-0.861750718893302
1.02,88,float32,False,False,True,-0.47479420452636845,-0.4747942045263684,False,0.234658197633828,-1.0213950150098272
1.02,88,float64,False,False,True,-0.47024415234791306,-0.470244152347913,False,0.23477619729075005,-1.0205421347709471
1.02,89,float32,False,False,True,-0.35599327167562533,-0.3559932716756253,False,0.24714997000818606,-0.8154987356410146
1.02,89,float64,False,False,True,-0.3981964812843999,-0.3981964812843999,False,0.2387546851400586,-0.8709349298175759
1.02,90,float32,False,False,True,-0.3284226105509065,-0.3284226105509065,False,0.2700774398386425,-0.7458625584749967
1.02,90,float64,False,False,True,-0.6134159166832123,-0.6134159166832123,False,0.22205518196977536,-0.9267951891229744
1.02,91,float32,False,False,True,-0.5356432726209377,-0.5356432726209377,False,0.24408560025487525,-0.9911750850953291
1.02,91,float64,False,False,True,-0.8210576017129152,-0.8210576017129152,False,0.25102545303690693,-0.9896964712902703
1.02,92,float32,False,False,True,-0.2783662310881756,-0.2801799560861244,False,0.05761569880639472,-0.1465074089263881
1.02,92,float64,False,False,True,-0.5664487031821479,-0.5664487031821479,False,0.29896850584397416,-0.909308038104542
1.02,93,float32,False,False,True,-0.5448132216689028,-0.5448132216689028,False,0.23468541421875422,-0.9665145606746908
1.02,93,float64,False,False,True,-0.6993222638805778,-0.6993222638805778,False,0.23924864231764964,-0.9661266648510871
1.02,94,float32,False,False,True,-0.6881204348441865,-0.6881204348441865,False,0.2687970804937585,-0.9538556613272595
1.02,94,float64,False,False,True,-0.5792328989944586,-0.5792328989944586,False,0.2655019000468908,-0.9564596164004096
1.02,95,float32,False,False,True,-0.3488485792460785,-0.3488485792460785,False,0.2404658669068045,-0.8876658468809566
1.02,95,float64,False,False,True,-0.6014507920082774,-0.6014507920082774,False,0.249341285941866,-0.8911590145121275
1.02,96,float32,False,False,True,-0.4615997441370654,-0.4615997441370654,False,0.2103724057636338,-0.9459347860177036
1.02,96,float64,False,False,True,-0.08672041272930292,-0.0868363398914913,False,0.03404758933127039,-0.09721142219051276
1.02,97,float32,False,False,True,-0.7233290971675665,-0.7233290971675665,False,0.24719162623650082,-0.894227860916879
1.02,97,float64,False,False,True,-0.3325436620743214,-0.3325436620743214,False,0.23605275609374665,-0.8939295963159566
1.02,98,float32,False,False,True,-0.4439284384863713,-0.4439284384863713,False,0.29770292392346853,-0.9182186931117453
1.02,98,float64,False,False,True,-0.5661406848392159,-0.5661406848392159,False,0.3021322537617559,-0.9190520809124969
1.02,99,float32,False,False,True,-0.049721075537414006,-0.0497631698751703,False,0.0030232998596643884,-0.007113591618115166
1.02,99,float64,False,False,True,-0.36123709212789423,-0.3612370921278942,False,0.22079189309157776,-0.8688712351612384
1.02,100,float32,False,False,True,-0.47583169007331616,-0.4758316900733161,False,0.17815900059191225,-0.8140869085837092
1.02,100,float64,False,False,True,-0.07999160905616914,-0.0800406170258582,False,0.06314582454649514,-0.15039366421310404
1.02,101,float32,False,False,True,-0.9985441177960901,-0.99854411779609,False,0.2655241212813073,-0.8853488360674806
1.02,101,float64,False,False,True,-0.6247849459729138,-0.6247849459729138,False,0.26233803188079285,-0.8912842768718194
1.02,102,float32,False,False,True,-0.6869383719272482,-0.6869383719272482,False,0.26231388415429446,-0.8654320423218724
1.02,102,float64,False,False,True,-0.4008407970185055,-0.4008407970185055,False,0.23870064935668545,-0.8115098163039987
1.02,103,float32,False,False,True,-0.11441882532887523,-0.114578652035353,False,0.007308896422889795,-0.01957351162374927
1.02,103,float64,False,False,True,-0.38627617295514804,-0.386276172955148,False,0.24202052920569095,-0.8831822557807243
1.02,104,float32,False,False,True,-0.5414940074090779,-0.5414940074090779,False,0.27383620777104145,-0.9069217018317888
1.02,104,float64,False,False,True,-0.5339268887379389,-0.5339268887379389,False,0.2521591909758101,-0.793267854539371
1.02,105,float32,False,False,True,-0.6157835676117154,-0.6157835676117154,False,0.22717138132450554,-0.9901988165791575
1.02,105,float64,False,False,True,-0.8498499118880591,-0.8498499118880591,False,0.23302684336613178,-0.9891123006473928
1.02,106,float32,False,False,True,-0.42690813931801497,-0.4269081393180149,False,0.21482272065927788,-0.9219241816160899
1.02,106,float64,False,False,True,-0.42025960078066893,-0.4202596007806689,False,0.2144395967124053,-0.9218671328519852
1.02,107,float32,False,False,True,-0.6985030277629276,-0.6985030277629276,False,0.2685832274579285,-0.9144544997422335
1.02,107,float64,False,False,True,-1.8658522957546326,-1.865852295754633,False,0.3807126791173556,-1.0317718794991404
1.02,108,float32,False,False,True,-0.47568737234626646,-0.4756873723462664,False,0.2616703315591691,-0.8769644440231295
1.02,108,float64,False,False,True,-0.06499468665889718,-0.0650011226914762,False,0.015909476634230403,-0.04133770606979696
1.02,109,float32,False,False,True,-0.525997074057198,-0.525997074057198,False,0.24517055681429412,-1.0292022709510888
1.02,109,float64,False,False,True,-0.4018725943610013,-0.4018725943610013,False,0.23975682710993418,-1.0253515611162225
1.02,110,float32,False,False,True,-0.49236254083244724,-0.4923625408324472,False,0.2034921184615719,-1.011175195045185
1.02,110,float64,False,False,True,-0.677991596610962,-0.677991596610962,False,0.2094522993439334,-1.0119988815798244
1.02,111,float32,False,False,True,-0.6728646929041631,-0.6728646929041631,False,0.18827427443768396,-0.9236027287803692
1.02,111,float64,False,False,True,-0.055491848599197424,-0.0555746953461332,False,0.008792762966426282,-0.025200170098184538
1.02,112,float32,False,False,True,-0.7385613635515482,-0.7385613635515482,False,0.29365287982561883,-0.8735523233478286
1.02,112,float64,False,False,True,-0.6003445497777848,-0.6003445497777848,False,0.2907537768035562,-0.8780472915047941
1.02,113,float32,False,False,True,-0.5517420741827088,-0.5517420741827088,False,0.20319834036323758,-1.0776878889573647
1.02,113,float64,False,False,True,-0.7567985385691101,-0.7567985385691101,False,0.21074585371015608,-1.0804925173690778
1.02,114,float32,False,False,True,-0.5135730166424572,-0.5135730166424572,False,0.2527200090793915,-0.8020547151750428
1.02,114,float64,False,False,True,-0.006251187739312103,-0.0062536856945303,False,0.0009325186106977634,-0.0021764066145957273
1.02,115,float32,False,False,True,-0.6124723832189307,-0.6124723832189307,False,0.25308445526497003,-0.9493110892631638
1.02,115,float64,False,False,True,-0.34145662392478426,-0.3414566239247842,False,0.24101951116950104,-0.9498538999489092
1.02,116,float32,False,False,True,-0.32466459243869217,-0.3246645924386921,False,0.24667923165256234,-0.8134123119508061
1.02,116,float64,False,False,True,-0.5324255222365122,-0.5324255222365122,False,0.2789870813609836,-0.9291057310925117
1.02,117,float32,False,False,True,-0.05599573185812734,-0.0561192230590734,False,0.004653724765923295,-0.012249912188145251
1.02,117,float64,False,False,True,-0.023104470859253157,-0.0231518423015717,False,0.004826906186011559,-0.0126880891613812
1.02,118,float32,False,False,True,-0.4084052484755043,-0.4084052484755043,False,0.11936344455111403,-1.2172435260624042
1.02,118,float64,False,False,True,-1.0393527645154421,-1.039352764515442,False,0.14854508033030456,-1.2261284333339026
1.02,119,float32,False,False,True,-0.5432154362274004,-0.5432154362274004,False,0.22247072992512607,-0.8953783578625485
1.02,119,float64,False,False,True,-0.6658352181101881,-0.6658352181101881,False,0.2250658484485859,-0.8965095574099964
1.02,120,float32,False,False,True,-0.230045529442125,-0.230045529442125,False,0.04463264721662684,-0.10431819453866045
1.02,120,float64,False,False,True,-0.1488801303330006,-0.1490486583994105,False,0.042777723190003725,-0.09892083672467536
1.02,121,float32,False,False,True,-0.033598622027619096,-0.033598622027619,False,0.00701690804618324,-0.01777583419481793
1.02,121,float64,False,False,True,-0.15562156175187503,-0.155621561751875,False,0.007183328867883936,-0.0189844287450784
1.02,122,float32,False,False,True,-0.7409961557571005,-0.7409961557571005,False,0.24441944511449698,-1.0002152035678584
1.02,122,float64,False,False,True,-0.31746070087784983,-0.3174607008778498,False,0.05353754135581853,-0.16200193494778384
1.02,123,float32,False,False,True,-0.4628599561961906,-0.4628599561961906,False,0.288786907945779,-0.9303619678376744
1.02,123,float64,False,False,True,-2.9162256268113644,-2.9162256268113644,False,0.30746486776368703,-0.8463316752442522
1.02,124,float32,False,False,True,-0.4565683443298858,-0.4565683443298858,False,0.2627688457646782,-0.9080936404057951
1.02,124,float64,False,False,True,-0.5972602725425848,-0.5972602725425848,False,0.2661455764085545,-0.9098499034221863
1.02,125,float32,False,False,True,-0.0574128486396035,-0.0575140441802242,False,0.005240939568281255,-0.013400143053462626
1.02,125,float64,False,False,True,-0.49868891689724393,-0.4986889168972439,False,0.2456685594143293,-0.850681020289719
1.02,126,float32,False,False,True,-0.6088118217717255,-0.6088118217717255,False,0.23972139305197437,-0.9272719092619486
1.02,126,float64,False,False,True,-0.4738772075981661,-0.4738772075981661,False,0.23371519615602487,-0.931154750865173
1.02,127,float32,False,False,True,-0.443028124712586,-0.4430281247125855,False,0.28030004338438985,-0.8196791292553147
1.02,127,float64,False,False,True,-0.06801204392006166,-0.0681309625723108,False,0.005205707016796013,-0.013522437785951663
1.02,128,float32,False,False,True,-0.21426473503447774,-0.2147623306248997,False,0.05335030520395617,-0.14750402339454613
1.02,128,float64,False,False,True,-0.7626262098082206,-0.7626262098082206,False,0.2551447973756371,-0.7549054704675808
1.02,129,float32,False,False,True,-0.47091664196178584,-0.4709166419617858,False,0.2136322855477113,-0.8491854682375495
1.02,129,float64,False,False,True,-0.4562207388640114,-0.4562207388640114,False,0.2117132226728371,-0.8518165309063646
1.02,130,float32,False,False,True,-0.4751448146913635,-0.4751448146913635,False,0.3340035211727379,-0.8834696508267861
1.02,130,float64,False,False,True,-1.1375490147579321,-1.137549014757932,False,0.3382491336080773,-0.8778947205371401
1.02,131,float32,False,False,True,-0.5344638865395117,-0.5344638865395113,False,0.2821426250814856,-0.8787789065139835
1.02,131,float64,False,False,True,-0.3826429639794173,-0.3826429639794173,False,0.27557507029404427,-0.8780906799354078
1.02,132,float32,False,False,True,-0.6086707913939442,-0.6086707913939442,False,0.19850727152897818,-0.9947619943234134
1.02,132,float64,False,False,True,-0.500586215616909,-0.500586215616909,False,0.19539929238802323,-0.994127147280242
1.02,133,float32,False,False,True,-0.05412997011007192,-0.0541299701100719,False,0.005547178941745279,-0.014937716540570967
1.02,133,float64,False,False,True,-0.503098223485789,-0.5030982234857886,False,0.2906047915445509,-0.8056170474748257
1.02,134,float32,False,False,True,-0.4175661483634432,-0.4175661483634432,False,0.22027604085680164,-0.9063709691870496
1.02,134,float64,False,False,True,-0.7334855677243839,-0.7334855677243839,False,0.2303298963196272,-0.9060923489043864
1.02,135,float32,False,False,True,-1.1961457028372604,-1.1961457028372604,False,0.2509086177882591,-0.8986128141867233
1.02,135,float64,False,False,True,-0.1785435564536093,-0.1795234576257454,False,0.031059699158631993,-0.08390912354280344
1.02,136,float32,False,False,True,-0.06005423675698557,-0.0600816823860055,False,0.007949904615640449,-0.021146315857628405
1.02,136,float64,False,False,True,-0.061020633443144456,-0.0612099563084292,False,0.005104118178961448,-0.013534238186592218
1.02,137,float32,False,False,True,-0.5759327723278473,-0.5759327723278473,False,0.2525080096018071,-0.9446766163709848
1.02,137,float64,False,False,True,-0.5748423676802403,-0.5748423676802403,False,0.2553725561221052,-0.9393667266878083
1.02,138,float32,False,False,True,-0.6208540520935797,-0.6208540520935797,False,0.30199536623322665,-0.7961328816571882
1.02,138,float64,False,False,True,-0.6468260942573316,-0.6468260942573316,False,0.2317951785911685,-0.9248993239747385
1.02,139,float32,False,False,True,-0.9722074198340951,-0.9722074198340952,False,0.2359845066036712,-0.9071437823177919
1.02,139,float64,False,False,True,-0.5321946245925497,-0.5321946245925497,False,0.22758393978101576,-0.9108435681634504
1.02,140,float32,False,False,True,-0.8733121295421182,-0.8733121295421182,False,0.21926388643950512,-0.9435346035787617
1.02,140,float64,False,False,True,-0.7510011453687451,-0.7510011453687451,False,0.2180595867118642,-0.9448014314117392
1.02,141,float32,False,False,True,-0.47270527951892394,-0.4727052795189239,False,0.2862411743238802,-0.6807381273919075
1.02,141,float64,False,False,True,-0.3309026160135988,-0.3309026160135988,False,0.16636731055720944,-1.0264124991182992
1.02,142,float32,False,False,True,-0.5838050098832306,-0.5838050098832306,False,0.22539697386049706,-0.8808116216816275
1.02,142,float64,False,False,True,-0.6466166842702252,-0.6466166842702252,False,0.2255154511157711,-0.8823879589428802
1.02,143,float32,False,False,True,-0.20506571524666906,-0.2070752091899614,False,0.02987318046493781,-0.07824995099236892
1.02,143,float64,False,False,True,-0.6912924755908079,-0.6912924755908079,False,0.2837292649381622,-0.9114005597014225
1.02,144,float32,False,False,True,-0.7135974150419662,-0.7135974150419662,False,0.2606951514624134,-0.947019471247474
1.02,144,float64,False,False,True,-0.5256489883797548,-0.5256489883797548,False,0.2548563952998162,-0.9478532904770915
1.02,145,float32,False,False,True,-0.5539901030876879,-0.5539901030876879,False,0.17542944144266848,-1.1099011301519388
1.02,145,float64,False,False,True,-0.4340046014058161,-0.4340046014058161,False,0.16872964640183596,-1.10829380321052
1.02,146,float32,False,False,True,-0.5320088011900186,-0.5320088011900186,False,0.1984164505606083,-1.0313493295587266
1.02,146,float64,False,False,True,-0.5647046451365685,-0.5647046451365685,False,0.2018508556182157,-1.0277372209755615
1.02,147,float32,False,False,True,-0.48887561262822254,-0.4888756126282225,False,0.2161384218201876,-1.1070035664239004
1.02,147,float64,False,False,True,-0.6517744672766357,-0.6517744672766357,False,0.22296347358634971,-1.1094363370434
1.02,148,float32,False,False,True,-0.8891627453331803,-0.8891627453331803,False,0.21827778461844538,-0.8761372462193604
1.02,148,float64,False,False,True,-0.14508349947933985,-0.1450834994793398,False,0.017524329079081552,-0.04649360186202378
1.02,149,float32,False,False,True,-0.2459777160218276,-0.2459777160218276,False,0.019318864555844764,-0.057174653201189515
1.02,149,float64,False,False,True,-0.517683132417841,-0.5176831324178406,False,0.3341201744715292,-0.7762438633111115
1.02,150,float32,False,False,True,-0.30967696576396353,-0.3096769657639635,False,0.21824776418449332,-0.9125057025906322
1.02,150,float64,False,False,True,-0.3862042237686776,-0.3862042237686776,False,0.2995764803804457,-0.7949550434868993
1.02,151,float32,False,False,True,-0.3464360313147252,-0.3464360313147252,False,0.298619607313654,-0.7358499668869793
1.02,151,float64,False,False,True,-0.17617903842590021,-0.176805198387431,False,0.044956411490453374,-0.133596772033818
1.02,152,float32,False,False,True,-0.42645715343534807,-0.426457153435348,False,0.2147257137883951,-0.9081263698041369
1.02,152,float64,False,False,True,-0.5481840415358383,-0.5481840415358383,False,0.2871362291560331,-0.7982019779324885
1.02,153,float32,False,False,True,-0.591074453738897,-0.591074453738897,False,0.23478647002951103,-1.003309202461799
1.02,153,float64,False,False,True,-0.6498843177141769,-0.6498843177141769,False,0.2374214223836093,-1.0031030326518504
1.02,154,float32,False,False,True,-0.6557160368720125,-0.6557160368720125,False,0.23476703641375885,-0.8814925011841073
1.02,154,float64,False,False,True,-0.5247191657752728,-0.5247191657752728,False,0.23571314011246525,-0.8771263503627393
1.02,155,float32,False,False,True,-0.7499583398862151,-0.7499583398862151,False,0.28444878737166857,-1.1562101005625038
1.02,155,float64,False,False,True,-0.9004103566131829,-0.9004103566131829,False,0.2842116208560679,-1.1629872646881516
1.02,156,float32,False,False,True,-1.0126654232185852,-1.0126654232185852,False,0.28797023395834387,-0.8655422976116522
1.02,156,float64,False,False,True,-0.6093118426880957,-0.6093118426880957,False,0.2839335517050099,-0.8681218822383618
1.02,157,float32,False,False,True,-0.08006554278309408,-0.0806571530237971,False,0.006270198948640615,-0.015051817282285329
1.02,157,float64,False,False,True,-0.44498353108116406,-0.444983531081164,False,0.2946967113210226,-0.8368257191194886
1.02,158,float32,False,False,True,-0.0125627008069229,-0.012572851236019,False,0.0007502866893450977,-0.001786018827850261
1.02,158,float64,False,False,True,-0.6646163381034222,-0.6646163381034222,False,0.29888621403733584,-0.8231770018793272
1.02,159,float32,False,False,True,-0.39321513772514294,-0.3932151377251429,False,0.25721235726268343,-0.7668711157919059
1.02,159,float64,False,False,True,-0.3599628995481572,-0.3599628995481572,False,0.23087171985304344,-0.9375087999126812
1.02,160,float32,False,False,True,-0.2624557421322813,-0.2648022903604733,False,0.008466390473787097,-0.020956694114835105
1.02,160,float64,False,False,True,-0.4526372860216781,-0.4526372860216781,False,0.27173284269990106,-0.8801454796395154
1.02,161,float32,False,False,True,-0.335650458150046,-0.3386589313258958,False,0.03693352052696533,-0.09065430153717699
1.02,161,float64,False,False,True,-0.8236922535047286,-0.8236922535047286,False,0.3346532295051725,-0.8798766399369851
1.02,162,float32,False,False,True,-0.5924493001561837,-0.5924493001561837,False,0.28144086511337285,-0.849078249634613
1.02,162,float64,False,False,True,-0.025193009239460995,-0.0251930092394609,False,0.003633689433207299,-0.008895055920648987
1.02,163,float32,False,False,True,-0.6871459949617891,-0.6871459949617891,False,0.20485212848430923,-1.038320151762603
1.02,163,float64,False,False,True,-0.7709486973906543,-0.7709486973906543,False,0.33274046074686625,-0.7127892423434425
1.02,164,float32,False,False,True,-0.4437410924255012,-0.4437410924255012,False,0.2640188175846445,-0.893463531097419
1.02,164,float64,False,False,True,-0.7332331576949311,-0.7332331576949311,False,0.27064630624601094,-0.8894860681095889
1.02,165,float32,False,False,True,-0.6517851655494935,-0.6517851655494935,False,0.20725338935742066,-0.9824238746365213
1.02,165,float64,False,False,True,-0.24452620443870898,-0.2449639619176947,False,0.07103746859425891,-0.20905610636232907
1.02,166,float32,False,False,True,-0.8372627453030521,-0.8372627453030521,False,0.17911956439653398,-1.0434751110622855
1.02,166,float64,False,False,True,-0.27701466321171164,-0.2770146632117116,False,0.29933787370994835,-0.6699830972431844
1.02,167,float32,False,False,True,-0.8053968648440026,-0.8053968648440026,False,0.2785837595415206,-1.0345645257980882
1.02,167,float64,False,False,True,-0.5699773296752775,-0.5699773296752775,False,0.2723678896143733,-1.033518640157891
1.02,168,float32,False,False,True,-0.5131191779410118,-0.5131191779410118,False,0.24564103599629483,-0.859133974726106
1.02,168,float64,False,False,True,-0.0596892469271566,-0.0599167571926646,False,0.005699719161123273,-0.014007673100147222
1.02,169,float32,False,False,True,-0.3222921022929772,-0.3222921022929772,False,0.20272652134309688,-0.9595266324084744
1.02,169,float64,False,False,True,-0.28110600252079543,-0.2811060025207954,False,0.04269095239348046,-0.12387190359105113
1.02,170,float32,False,False,True,-0.8938105924335304,-0.8938105924335304,False,0.2874794039258495,-0.9346566177550883
1.02,170,float64,False,False,True,-0.29124678761170897,-0.2918779845165805,False,0.05627871365887316,-0.15043171234407188
1.02,171,float32,False,False,True,-1.491183144142693,-1.491183144142693,False,0.1810701209468093,-1.0501086753671522
1.02,171,float64,False,False,True,-0.6756840459908129,-0.6756840459908129,False,0.17617866225619494,-1.0637904969696406
1.02,172,float32,False,False,True,-0.3082867718754434,-0.3082867718754434,False,0.24439865066048228,-0.9090330493260126
1.02,172,float64,False,False,True,-0.5453010199103008,-0.5453010199103008,False,0.24763335993918023,-0.7706435518661232
1.02,173,float32,False,False,True,-0.43119542096411667,-0.4311954209641166,False,0.2365844755147819,-0.9415778853175896
1.02,173,float64,False,False,True,-0.3551284960579233,-0.3551284960579233,False,0.23311933773094928,-0.9396295237089323
1.02,174,float32,False,False,True,-0.8015138642051327,-0.8015138642051327,False,0.28842535310910966,-0.9561741176320018
1.02,174,float64,False,False,True,-0.5851519433869008,-0.5851519433869008,False,0.285280904614595,-0.9547011648549599
1.02,175,float32,False,False,True,-0.8910626288792245,-0.8910626288792245,False,0.27784806095115133,-0.8302209234049442
1.02,175,float64,False,False,True,-0.36540490209407084,-0.3654049020940708,False,0.22006272216322387,-0.8642816381219713
1.02,176,float32,False,False,True,-0.003948388080256882,-0.0039500029652494,False,0.0005010669234161158,-0.0012774081375921398
1.02,176,float64,False,False,True,-0.004718984949128702,-0.0047220232433671,False,0.0002448042840704767,-0.0006221104665963817
1.02,177,float32,False,False,True,-0.22459816378620473,-0.2245981637862047,False,0.03574603764343198,-0.1030495968513444
1.02,177,float64,False,False,True,-0.4469626898496819,-0.4469626898496819,False,0.23590700188865998,-0.959193806972789
1.02,178,float32,False,False,True,-0.5711137693706716,-0.5711137693706712,False,0.3070821020151415,-0.944116231043842
1.02,178,float64,False,False,True,-0.4239458939941527,-0.4239458939941527,False,0.3027110447714936,-0.9435523264567589
1.02,179,float32,False,False,True,-0.06229245490249791,-0.0626792230851567,False,0.006283378652538696,-0.01614140969908373
1.02,179,float64,False,False,True,-0.05830562854307275,-0.058638857476329,False,0.006809414423284643,-0.017559272192114395
1.02,180,float32,False,False,True,-0.3551995750122563,-0.3551995750122563,False,0.28161238636647035,-0.7771016911458943
1.02,180,float64,False,False,True,-0.8266392540788496,-0.8266392540788496,False,0.2470908971949739,-0.9598424741354123
1.02,181,float32,False,False,True,-0.5634900470793083,-0.5634900470793083,False,0.23958451607712838,-0.9027669668093026
1.02,181,float64,False,False,True,-0.08651187809908234,-0.086805244064825,False,0.012476256583097256,-0.034065814461675115
1.02,182,float32,False,False,True,-0.8839891310460999,-0.8839891310460999,False,0.21111380775586142,-1.00658084932354
1.02,182,float64,False,False,True,-0.7667246857591987,-0.7667246857591987,False,0.20867379798830532,-1.0066052804678485
1.02,183,float32,False,False,True,-0.5277991704684983,-0.5277991704684983,False,0.23810468608056912,-0.983744761084143
1.02,183,float64,False,False,True,-0.4404141979515508,-0.4404141979515508,False,0.2343720609447537,-0.9823981995396656
1.02,184,float32,False,False,True,-0.3925484064579634,-0.3925484064579634,False,0.277791663600258,-0.9481719760520075
1.02,184,float64,False,False,True,-0.6305600174907466,-0.6305600174907466,False,0.28734130107450184,-0.9499950385782343
1.02,185,float32,False,False,True,-0.01635603124466123,-0.0163612459938527,False,0.0017826769738955306,-0.004394368192504466
1.02,185,float64,False,False,True,-0.6504644430185564,-0.6504644430185564,False,0.2470302935839621,-0.8493201536136228
1.02,186,float32,False,False,True,-0.7261848193842502,-0.7261848193842502,False,0.2711072562597634,-0.7800816214235891
1.02,186,float64,False,False,True,-0.08500701350364492,-0.0852146845819921,False,0.025635095799538377,-0.0700434367706172
1.02,187,float32,False,False,True,-0.9758368005939806,-0.9758368005939806,False,0.26619341402048935,-1.0069588901342859
1.02,187,float64,False,False,True,-0.5317671342065156,-0.5317671342065156,False,0.2589535928770985,-1.0096882896728587
1.02,188,float32,False,False,True,-0.5323516601218703,-0.5323516601218703,False,0.2968436996833841,-0.9332816838009554
1.02,188,float64,False,False,True,-0.8191759227757345,-0.8191759227757345,False,0.29796801140618934,-0.9336669856878528
1.02,189,float32,False,False,True,-0.6280778849118458,-0.6280778849118458,False,0.2250580249406111,-0.940073258999524
1.02,189,float64,False,False,True,-0.1998374035960095,-0.2005799073445961,False,0.023549592862609547,-0.06735070667566269
1.02,190,float32,False,False,True,-0.3363400947017192,-0.3363400947017192,False,0.22391225924965497,-0.7701743720978094
1.02,190,float64,False,False,True,-0.5392474069572999,-0.5392474069572999,False,0.23519263229235943,-0.7603510830016713
1.02,191,float32,False,False,True,-0.3863987644062541,-0.3863987644062541,False,0.30056646588588976,-0.874426071605507
1.02,191,float64,False,False,True,-1.7173205931036701,-1.71732059310367,False,0.29740257320753827,-0.8629933463432042
1.02,192,float32,False,False,True,-0.6780894475401409,-0.6780894475401409,False,0.27484050240307045,-0.9372066515017199
1.02,192,float64,False,False,True,-0.36167944075115077,-0.3616794407511507,False,0.2565328573438723,-0.7771340659196024
1.02,193,float32,False,False,True,-0.6037007426591918,-0.6037007426591918,False,0.2570597941177084,-0.9554422616928502
1.02,193,float64,False,False,True,-0.47148815156382895,-0.4714881515638289,False,0.25054943118023854,-0.9572098471164141
1.02,194,float32,False,False,True,-0.3905046168036046,-0.3905046168036046,False,0.23963254050404714,-0.9789130366727381
1.02,194,float64,False,False,True,-0.44612975414383227,-0.4461297541438322,False,0.2683592858075361,-0.7286517297354651
1.02,195,float32,False,False,True,-0.5749249166768897,-0.5749249166768897,False,0.29677674488328787,-0.8861942588640712
1.02,195,float64,False,False,True,-0.44647422467299824,-0.4464742246729982,False,0.1920551649934641,-0.8045191211648541
1.02,196,float32,False,False,True,-0.051496990178502594,-0.0515261166103309,False,0.008848374260880837,-0.024146938794876338
1.02,196,float64,False,False,True,-0.6828715693689742,-0.6828715693689742,False,0.2044710474599878,-0.8863680096351043
1.02,197,float32,False,False,True,-2.0666356470150617,-2.066635647015062,False,0.2520386305218991,-0.861475375209168
1.02,197,float64,False,False,True,-0.3995828580895764,-0.3995828580895764,False,0.27277855275471197,-0.8718352325132752
1.02,198,float32,False,False,True,-0.5372860884012658,-0.5372860884012658,False,0.24587440763878998,-0.8562891378072246
1.02,198,float64,False,False,True,-0.46081760285352047,-0.4608176028535204,False,0.24502655343987634,-0.8543211574195357
1.02,199,float32,False,False,True,-0.616163065173176,-0.616163065173176,False,0.22311194494983422,-0.9268808460561724
1.02,199,float64,False,False,True,-2.5251538802139235,-2.5251538802139235,False,0.14315847353356947,-0.4042047088683388
1.05,0,float32,False,False,True,-1.7133856269368133,-1.7133856269368135,False,0.15753454793188992,-0.9486123382450948
1.05,0,float64,False,False,True,-0.46840332216384395,-0.4684033221638439,False,0.2618329646697086,-0.6982074692454718
1.05,1,float32,False,False,True,-0.5025323184694703,-0.5025323184694703,False,0.2448605210961654,-0.8904286708296878
1.05,1,float64,False,False,True,-0.43113674644095346,-0.4311367464409534,False,0.24219456033767095,-0.8829827391072884
1.05,2,float32,False,False,True,-0.28588382469624607,-0.285883824696246,False,0.2099744288739771,-0.8331911578217763
1.05,2,float64,False,False,True,-0.3856710806816501,-0.3856710806816501,False,0.23045693675484635,-0.8105441842564103
1.05,3,float32,False,False,True,-0.6032837033753462,-0.6032837033753462,False,0.26019457052956074,-0.9535835244825481
1.05,3,float64,False,False,True,-0.6633542129425725,-0.6633542129425725,False,0.2621214311618649,-0.9567099021318608
1.05,4,float32,False,False,True,-0.008039162100925146,-0.0080404715599418,False,0.0014363652570884011,-0.004109836239825693
1.05,4,float64,False,False,True,-0.009736545036440836,-0.0097365450364408,False,0.0021931064840905456,-0.006275595631706321
1.05,5,float32,False,False,True,-0.3972547262199031,-0.3972547262199031,False,0.27248208001717433,-0.7748093975680099
1.05,5,float64,False,False,True,-0.44297706765662426,-0.4429770676566242,False,0.21513687416972083,-0.8857742899468679
1.05,6,float32,False,False,True,-0.09278999044765751,-0.0927899904476575,False,0.017702657519368434,-0.048900462049861315
1.05,6,float64,False,False,True,-0.08640032259595953,-0.0868087291933872,False,0.011925372379165855,-0.03285696097239499
1.05,7,float32,False,False,True,-0.2542328922581554,-0.2542328922581554,False,0.20849575116261576,-0.8106642252651266
1.05,7,float64,False,False,True,-0.29984717081892187,-0.2998471708189218,False,0.21607691325137068,-0.816428472821455
1.05,8,float32,False,False,True,-0.010640033084221456,-0.0106461305084754,False,0.001962795955903318,-0.00517515450145134
1.05,8,float64,False,False,True,-0.01846846785281936,-0.0184777100536281,False,0.002041053421658695,-0.00538679110660234
1.05,9,float32,False,False,True,-0.4734307540457894,-0.4734307540457894,False,0.290705550734927,-0.8267448273475848
1.05,9,float64,False,False,True,-0.6463227106914862,-0.6463227106914862,False,0.20394683933510116,-0.8450294776320604
1.05,10,float32,False,False,True,-0.3350442265505924,-0.3350442265505924,False,0.21303829348473613,-0.8977876663464706
1.05,10,float64,False,False,True,-0.26546849950583873,-0.2654684995058387,False,0.20324447537250734,-0.8852152132224962
1.05,11,float32,False,False,True,-0.20590127312351597,-0.2061005309513121,False,0.03033622251897214,-0.07554371509665336
1.05,11,float64,False,False,True,-0.5513153088718727,-0.5513153088718727,False,0.2791476203983603,-0.8584077670487344
1.05,12,float32,False,False,True,-0.31808542946070695,-0.3180854294607069,False,0.1530781575339688,-0.8669012386197785
1.05,12,float64,False,False,True,-0.21624892474497642,-0.2166515636348107,False,0.034027329702886036,-0.0961740108379833
1.05,13,float32,False,False,True,-0.34199686087178416,-0.3425126521602639,False,0.062278448313067246,-0.1630726214692125
1.05,13,float64,False,False,True,-0.5411395952700255,-0.5411395952700255,False,0.2944825389691381,-0.9067567250662272
1.05,14,float32,False,False,True,-0.03590860080252889,-0.0359086008025288,False,0.005604663596232351,-0.013692704348085338
1.05,14,float64,False,False,True,-0.2965107001932825,-0.2965107001932825,False,0.2050013086563407,-0.8010619134177084
1.05,15,float32,False,False,True,-0.55152456381512,-0.55152456381512,False,0.21413470274441693,-0.8954320417610093
1.05,15,float64,False,False,True,-0.24880942738028722,-0.2488094273802872,False,0.18542363934153272,-0.8656265231817759
1.05,16,float32,False,False,True,-0.15652112386296135,-0.1565211238629613,False,0.014233704525450863,-0.03494891520694479
1.05,16,float64,False,False,True,-0.06928880861200498,-0.0692888086120049,False,0.0073392959729845705,-0.01787235054942655
1.05,17,float32,False,False,True,-0.011758222811462882,-0.0117627071643464,False,0.0028793958677741927,-0.00746908429518256
1.05,17,float64,False,False,True,-0.021943690866348065,-0.0219575403148764,False,0.0026018060052890035,-0.0067492840457266945
1.05,18,float32,False,False,True,-0.45929391377506024,-0.4592939137750602,False,0.22281086304651332,-0.8767144811270091
1.05,18,float64,False,False,True,-0.27406708332821417,-0.2740670833282141,False,0.1961361522236693,-0.7582773870941466
1.05,19,float32,False,False,True,-0.3942296721906975,-0.3942296721906975,False,0.19840026088343166,-0.9273208694394945
1.05,19,float64,False,False,True,-0.24204400420381456,-0.2420440042038145,False,0.17475089328411286,-0.9084208750416352
1.05,20,float32,False,False,True,-0.633249472859295,-0.633249472859295,False,0.27660013501594616,-0.8876405096912023
1.05,20,float64,False,False,True,-0.5437353296164948,-0.5437353296164948,False,0.272151413028924,-0.8857910645833424
1.05,21,float32,False,False,True,-0.14822209835731015,-0.1486741675198561,False,0.04087342950186296,-0.10973657003533821
1.05,21,float64,False,False,True,-0.5092802590513283,-0.5092802590513283,False,0.2392427046314749,-0.9040857778116136
1.05,22,float32,False,False,True,-0.7523070496452093,-0.7523070496452093,False,0.23769890972678365,-0.8893306989259466
1.05,22,float64,False,False,True,-0.32615160453803194,-0.3261516045380319,False,0.21656370114439838,-0.863545283521427
1.05,23,float32,False,False,True,-0.5240356515778317,-0.5240356515778317,False,0.24582673785954512,-0.8359913146098963
1.05,23,float64,False,False,True,-0.40482424502636727,-0.4048242450263672,False,0.2380460236126556,-0.8276054366855599
1.05,24,float32,False,False,True,-0.4997933152851046,-0.4997933152851046,False,0.21943496256505224,-0.9614773392192673
1.05,24,float64,False,False,True,-0.4872536830006253,-0.4872536830006253,False,0.217995148716561,-0.9610960334850409
1.05,25,float32,False,False,True,-0.9536069347188127,-0.9536069347188127,False,0.2510106024540777,-0.9322510502784378
1.05,25,float64,False,False,True,-0.437168187141979,-0.437168187141979,False,0.23376304032804018,-0.9071860500175024
1.05,26,float32,False,False,True,-1.108209927188537,-1.108209927188537,False,0.28484509496196697,-0.8396010182602329
1.05,26,float64,False,False,True,-0.48435801972086123,-0.4843580197208612,False,0.257400000412785,-0.8319555393687459
1.05,27,float32,False,False,True,-0.6153634493575346,-0.6153634493575346,False,0.11698964929406053,-1.121857433563978
1.05,27,float64,False,False,True,-0.5689572642698009,-0.5689572642698009,False,0.11762597765225102,-1.1121348465577663
1.05,28,float32,False,False,True,-0.5408300844167595,-0.5408300844167595,False,0.23817519299275158,-0.8639011856782144
1.05,28,float64,False,False,True,-0.573298547533768,-0.573298547533768,False,0.24165302139619627,-0.86232843484831
1.05,29,float32,False,False,True,-0.18689305273831197,-0.1878744951893665,False,0.01833874569622443,-0.049413449114706826
1.05,29,float64,False,False,True,-0.9502353768215235,-0.9502353768215236,False,0.24705900877926457,-0.8939485903871569
1.05,30,float32,False,False,True,-0.4771560213546593,-0.4771560213546593,False,0.24687764361853226,-0.8268419453302185
1.05,30,float64,False,False,True,-0.04835912548055088,-0.048486510925199,False,0.006084372020029982,-0.015365580854278138
1.05,31,float32,False,False,True,-0.3387484177105473,-0.3387484177105473,False,0.16140983856735147,-1.047513082336554
1.05,31,float64,False,False,True,-0.6889704986501055,-0.6889704986501055,False,0.1866993966746211,-1.0750425974559192
1.05,32,float32,False,False,True,-0.5259726254212449,-0.5259726254212449,False,0.29101350030156414,-0.7905575132033107
1.05,32,float64,False,False,True,-0.20084329605769002,-0.20084329605769,False,0.010693590612581426,-0.030605596477256074
1.05,33,float32,False,False,True,-0.4473719951335471,-0.4473719951335471,False,0.23084185102082078,-0.9636840748356885
1.05,33,float64,False,False,True,-0.6717397702738248,-0.6717397702738248,False,0.24298946502733365,-0.9751777474987424
1.05,34,float32,False,False,True,-0.48792979222530386,-0.4879297922253038,False,0.20717313001653004,-0.8647744350624311
1.05,34,float64,False,False,True,-0.4818407828184692,-0.4818407828184692,False,0.2087490578899205,-0.8610820317495946
1.05,35,float32,False,False,True,-0.7416232879910014,-0.7416232879910014,False,0.2259678956490836,-0.9185750168850841
1.05,35,float64,False,False,True,-0.7088796244146165,-0.7088796244146165,False,0.22748428701795742,-0.9150185867273954
1.05,36,float32,False,False,True,-0.3468821260221926,-0.3468821260221926,False,0.2475484202604381,-0.9628610466149716
1.05,36,float64,False,False,True,-0.5841720148388623,-0.5841720148388623,False,0.2718387200707184,-0.9745260361829047
1.05,37,float32,False,False,True,-0.17695626100322315,-0.1778410359778094,False,0.015963677672518273,-0.04573251291083452
1.05,37,float64,False,False,True,-0.37655404919376645,-0.3765540491937664,False,0.19055798062980855,-0.9151382160326396
1.05,38,float32,False,False,True,-0.2816516885464697,-0.2816516885464697,False,0.11436189943469977,-1.14767095318353
1.05,38,float64,False,False,True,-0.38312816896451274,-0.3831281689645127,False,0.1314278308797423,-1.1638430496915575
1.05,39,float32,False,False,True,-0.36654865710706996,-0.3665486571070699,False,0.22038119652637356,-0.883240674289743
1.05,39,float64,False,False,True,-0.8694346412819516,-0.8694346412819516,False,0.2461219737047915,-0.9094330152728394
1.05,40,float32,False,False,True,-0.3988419795063045,-0.3988419795063045,False,0.2445993154010182,-0.9153254916496287
1.05,40,float64,False,False,True,-0.5062265572325644,-0.5062265572325644,False,0.25392347129067083,-0.7653754193266407
1.05,41,float32,False,False,True,-0.6788244605718861,-0.6788244605718861,False,0.2881928717334601,-0.8648682660121985
1.05,41,float64,False,False,True,-0.2865126494436622,-0.2874934403601589,False,0.04246410771569897,-0.10819894442037349
1.05,42,float32,False,False,True,-0.3924789145935845,-0.3924789145935845,False,0.254240630549293,-0.7684062188489111
1.05,42,float64,False,False,True,-0.45754709679688954,-0.4575470967968895,False,0.22667968370491387,-0.8862770009014849
1.05,43,float32,False,False,True,-0.7000465333661587,-0.7000465333661587,False,0.25435427137470956,-0.9532604810689307
1.05,43,float64,False,False,True,-0.5558454773242487,-0.5558454773242487,False,0.24762929777870557,-0.9486777799529253
1.05,44,float32,False,False,True,-0.38264439286013596,-0.3826443928601359,False,0.24115610544413002,-0.9120500488821754
1.05,44,float64,False,False,True,-1.1587038664809213,-1.1587038664809213,False,0.266503872538713,-0.9361070063434855
1.05,45,float32,False,False,True,-0.7626946567132924,-0.7626946567132924,False,0.1909743994419575,-1.0944279039081337
1.05,45,float64,False,False,True,-0.42682442466710047,-0.4268244246671004,False,0.16836662491972554,-1.0767712461622043
1.05,46,float32,False,False,True,-0.25163568563497,-0.2519703360254361,False,0.04165254249846137,-0.10550018912623968
1.05,46,float64,False,False,True,-0.20889262167301803,-0.2099467173142421,False,0.03808047799307607,-0.09439475757143595
1.05,47,float32,False,False,True,-0.5947708998266892,-0.5947708998266892,False,0.24229602342139955,-0.9643244185128736
1.05,47,float64,False,False,True,-0.4414639291978584,-0.4414639291978584,False,0.23105465389857116,-0.9572027631115594
1.05,48,float32,False,False,True,-0.057963715653765624,-0.0580411384799375,False,0.0140736317081957,-0.03602169176309161
1.05,48,float64,False,False,True,-0.504790181336912,-0.504790181336912,False,0.23602341893354595,-0.8439107776891994
1.05,49,float32,False,False,True,-0.7139248900544262,-0.7139248900544262,False,0.2051915677536975,-0.9498087983353294
1.05,49,float64,False,False,True,-0.8787960812773741,-0.8787960812773741,False,0.21007028256943627,-0.953103977247105
1.05,50,float32,False,False,True,-0.3065787673187019,-0.3065787673187019,False,0.08600533757687047,-0.23667342287649368
1.05,50,float64,False,False,True,-0.6551375470540233,-0.6551375470540233,False,0.25462899487317614,-0.9337531968246289
1.05,51,float32,False,False,True,-0.34937988316308655,-0.3493798831630865,False,0.21015432052578742,-0.7164137736922047
1.05,51,float64,False,False,True,-0.513991594340506,-0.513991594340506,False,0.23055800652060654,-0.9337966268582063
1.05,52,float32,False,False,True,-0.3789174272464404,-0.3789174272464399,False,0.25044250119942113,-0.8212808256219315
1.05,52,float64,False,False,True,-0.2186303434646315,-0.2186303434646315,False,0.22703001172803994,-0.7951520424176088
1.05,53,float32,False,False,True,-0.48297869464902377,-0.4829786946490233,False,0.24593329082664628,-0.9072064625450809
1.05,53,float64,False,False,True,-0.563794761479885,-0.563794761479885,False,0.24984105743610918,-0.9135961544749129
1.05,54,float32,False,False,True,-0.8221431625854274,-0.8221431625854274,False,0.262847390571908,-0.8806212696400157
1.05,54,float64,False,False,True,-0.3589589861167437,-0.3589589861167437,False,0.23836913523925496,-0.8550095260066133
1.05,55,float32,False,False,True,-0.15155080217505656,-0.1529133950296664,False,0.005058725512071621,-0.012959758336283697
1.05,55,float64,False,False,True,-0.10051091632404674,-0.1008844764580545,False,0.010717503984375265,-0.02823047448367544
1.05,56,float32,False,False,True,-0.580548060910715,-0.580548060910715,False,0.32196329878616314,-0.7675731418064364
1.05,56,float64,False,False,True,-0.3618839885602676,-0.3618839885602676,False,0.20723187936563647,-0.9215066026956826
1.05,57,float32,False,False,True,-0.10421295260960464,-0.1042129526096046,False,0.02084454987665807,-0.05477504616343118
1.05,57,float64,False,False,True,-0.5628313156252549,-0.5628313156252549,False,0.25289049582170975,-0.8066153405511161
1.05,58,float32,False,False,True,-0.8998895114401311,-0.8998895114401311,False,0.23214670188326814,-0.9248049511780163
1.05,58,float64,False,False,True,-0.3818123693032689,-0.3818123693032689,False,0.20794339803260264,-0.9008817742738575
1.05,59,float32,False,False,True,-0.05630587777484419,-0.0566243931181822,False,0.0027053025527352115,-0.007348739995134468
1.05,59,float64,False,False,True,-0.06930377932049603,-0.0693844087490732,False,0.007284963491279023,-0.020107033921348078
1.05,60,float32,False,False,True,-0.4377788847016397,-0.4377788847016397,False,0.23950283802238204,-0.7664307300319262
1.05,60,float64,False,False,True,-0.2028072205556557,-0.2040884836567917,False,0.02467365330624577,-0.06676330228679375
1.05,61,float32,False,False,True,-0.3248244718116666,-0.3248244718116666,False,0.1849047177821621,-0.8728898164080743
1.05,61,float64,False,False,True,-0.13710999232556154,-0.1374963568048308,False,0.02749137796025003,-0.07448596275538663
1.05,62,float32,False,False,True,-0.5017755741367353,-0.5017755741367353,False,0.282327494690243,-0.9823076091715937
1.05,62,float64,False,False,True,-0.4701558707184099,-0.4701558707184099,False,0.2810921049374926,-0.9775625020797287
1.05,63,float32,False,False,True,-0.33135581270428327,-0.3313558127042832,False,0.2247337665298268,-0.8998495638145307
1.05,63,float64,False,False,True,-0.310429732036551,-0.310429732036551,False,0.22122496082931242,-0.8980119033974052
1.05,64,float32,False,False,True,-0.716871260080052,-0.716871260080052,False,0.23425810747353548,-1.1433079300655873
1.05,64,float64,False,False,True,-0.5040410382626384,-0.5040410382626384,False,0.2152148448136515,-1.1324615377635086
1.05,65,float32,False,False,True,-0.07009470523521881,-0.0701166944681064,False,0.0052485703603075765,-0.01329745567714719
1.05,65,float64,False,False,True,-0.03445784131620494,-0.0344681465203491,False,0.0053176453039987664,-0.013304464952276968
1.05,66,float32,False,False,True,-0.07268799870913778,-0.0730721538204928,False,0.004249717907228473,-0.010680338728559252
1.05,66,float64,False,False,True,-0.6931290407449517,-0.6931290407449517,False,0.24959264149894267,-0.8209417429956565
1.05,67,float32,False,False,True,-0.32419745700789715,-0.3241974570078971,False,0.1928017651403522,-0.8889159548282084
1.05,67,float64,False,False,True,-0.4383264269543443,-0.4383264269543443,False,0.20439697282558633,-0.9011307329439324
1.05,68,float32,False,False,True,-0.09251283695538001,-0.0926019251341187,False,0.01784201474815536,-0.04795948541364675
1.05,68,float64,False,False,True,-0.09367481654183085,-0.0939644005494895,False,0.015554911648292258,-0.04182426493047592
1.05,69,float32,False,False,True,-0.44028834277025686,-0.4402883427702568,False,0.21294193212319534,-0.8330863533539326
1.05,69,float64,False,False,True,-0.28098176373883543,-0.2809817637388354,False,0.19471456311134183,-0.8178911742960313
1.05,70,float32,False,False,True,-0.11817126971008476,-0.1182550939883095,False,0.02746488473733094,-0.07143758266556058
1.05,70,float64,False,False,True,-0.30319692778833573,-0.3031969277883357,False,0.20498675761080953,-0.8405659932090241
1.05,71,float32,False,False,True,-0.25992016904887905,-0.259920169048879,False,0.17870819019035444,-0.9944385737864252
1.05,71,float64,False,False,True,-0.7543769134336773,-0.7543769134336773,False,0.2247025932270761,-1.038175279084463
1.05,72,float32,False,False,True,-0.4504449393775687,-0.4504449393775687,False,0.24017719016470362,-0.9007410930820576
1.05,72,float64,False,False,True,-0.1288656532538549,-0.1292942622139796,False,0.031272816362331646,-0.08510929868074063
1.05,73,float32,False,False,True,-0.4983896143350144,-0.4983896143350144,False,0.20257974355591823,-0.9571802076922289
1.05,73,float64,False,False,True,-0.5809183754921832,-0.5809183754921827,False,0.2835531626767809,-0.7576818427856553
1.05,74,float32,False,False,True,-0.09372566626247214,-0.0938187868135751,False,0.008680326938377697,-0.023028840413838875
1.05,74,float64,False,False,True,-0.39365665346054923,-0.3936566534605492,False,0.20515088009604376,-0.8579475839757915
1.05,75,float32,False,False,True,-0.3057549762320644,-0.3057549762320644,False,0.19109726831227292,-0.8669368460134965
1.05,75,float64,False,False,True,-0.22535402675232108,-0.225354026752321,False,0.17681378826760152,-0.8499626820570239
1.05,76,float32,False,False,True,-0.4108076571010568,-0.4108076571010568,False,0.2698263303668327,-0.8780803160024568
1.05,76,float64,False,False,True,-0.3717895258602635,-0.3717895258602635,False,0.26665252092958625,-0.873339728695429
1.05,77,float32,False,False,True,-0.28152454090935697,-0.2815245409093569,False,0.17623810606558266,-0.9550019044625095
1.05,77,float64,False,False,True,-0.48934305188699634,-0.4893430518869963,False,0.19711714684858972,-0.9771773584132655
1.05,78,float32,False,False,True,-0.6106793271548119,-0.6106793271548119,False,0.18220743498463676,-0.9852981277298039
1.05,78,float64,False,False,True,-0.40784038348578333,-0.4078403834857833,False,0.16705671129134192,-0.9727644104842659
1.05,79,float32,False,False,True,-0.20638154164967115,-0.206447716319504,False,0.014679334227218678,-0.0377615867545753
1.05,79,float64,False,False,True,-0.25565770861244497,-0.2556577086124449,False,0.1964691116432835,-0.8183510508183147
1.05,80,float32,False,False,True,-0.04570970395651153,-0.0457981970630299,False,0.0065277313169107565,-0.016604823910233824
1.05,80,float64,False,False,True,-0.4647615780739085,-0.4647615780739085,False,0.2559315997645317,-0.8529236271500196
1.05,81,float32,False,False,True,-0.6230144903688424,-0.6230144903688424,False,0.18011112990490918,-0.7763861682887505
1.05,81,float64,False,False,True,-0.3501042073026345,-0.3526092873946107,False,0.05872987416832842,-0.14913485553208664
1.05,82,float32,False,False,True,-0.17442854817386858,-0.1746456677079632,False,0.054149491417100265,-0.15210318956026925
1.05,82,float64,False,False,True,-0.5028827319739162,-0.5028827319739162,False,0.21797108062066517,-0.9262463689014284
1.05,83,float32,False,False,True,-0.5407869742238391,-0.5407869742238391,False,0.2698841142732862,-0.9886412284315149
1.05,83,float64,False,False,True,-0.42196175893279664,-0.4219617589327966,False,0.25979021080167186,-0.9818864124689846
1.05,84,float32,False,False,True,-0.3202019260705713,-0.3202019260705708,False,0.17611916826005114,-0.7886063344014111
1.05,84,float64,False,False,True,-0.21231799249279398,-0.2123179924927939,False,0.06858308410732951,-0.16840550329416049
1.05,85,float32,False,False,True,-0.41993361904586557,-0.4199336190458655,False,0.26801332609664463,-0.8616583933938671
1.05,85,float64,False,False,True,-0.4132638574576286,-0.4132638574576286,False,0.2673457675952484,-0.8614716228952508
1.05,86,float32,False,False,True,-0.5634466158420036,-0.5634466158420036,False,0.077828883855313,-0.21200936812032334
1.05,86,float64,False,False,True,-0.37870050050278303,-0.378700500502783,False,0.21066359154985026,-0.7392787041896991
1.05,87,float32,False,False,True,-0.5458352445651986,-0.5458352445651986,False,0.2887225309782835,-0.8384589036368091
1.05,87,float64,False,False,True,-0.442726302042332,-0.442726302042332,False,0.28295279131648243,-0.8333154227726798
1.05,88,float32,False,False,True,-0.38804223831418083,-0.3880422383141808,False,0.20380115705093438,-0.979663074801616
1.05,88,float64,False,False,True,-0.3832142218288528,-0.3832142218288528,False,0.20378717000926017,-0.9780077031382302
1.05,89,float32,False,False,True,-0.2777999229680854,-0.2777999229680854,False,0.212572784270753,-0.7781018075556094
1.05,89,float64,False,False,True,-0.3182316088503301,-0.3182316088503301,False,0.20785268638496035,-0.8355402246585033
1.05,90,float32,False,False,True,-0.2520506584436446,-0.2520506584436446,False,0.23712913574864558,-0.7051784458169248
1.05,90,float64,False,False,True,-0.5245462679809973,-0.5245462679809973,False,0.19899703499589538,-0.902456567837886
1.05,91,float32,False,False,True,-0.4451759942767617,-0.4451759942767617,False,0.2161003652618625,-0.9621155858975321
1.05,91,float64,False,False,True,-0.7308207581380577,-0.7308207581380577,False,0.2319908948396776,-0.9743467418946921
1.05,92,float32,False,False,True,-0.27835816830737115,-0.2802624332576018,False,0.057271737080213325,-0.14562790111906984
1.05,92,float64,False,False,True,-0.4745454800764999,-0.4745454800764999,False,0.27470892218448917,-0.8830802032050915
1.05,93,float32,False,False,True,-0.4549126207228289,-0.4549126207228289,False,0.20775327363337937,-0.9360698032738419
1.05,93,float64,False,False,True,-0.6089103988770641,-0.6089103988770641,False,0.21766279489894913,-0.9445350593279604
1.05,94,float32,False,False,True,-0.5962060059159517,-0.5962060059159517,False,0.24849378168172453,-0.9298595771531373
1.05,94,float64,False,False,True,-0.4830929921533831,-0.4830929921533831,False,0.24109645879706054,-0.926521027934557
1.05,95,float32,False,False,True,-0.2752910131093391,-0.2752910131093391,False,0.20590583483575742,-0.8429206171883923
1.05,95,float64,False,False,True,-0.5214907336669148,-0.5214907336669148,False,0.2273182008631407,-0.8690655817513271
1.05,96,float32,False,False,True,-0.37133658437457084,-0.3713365843745708,False,0.1808743413910605,-0.9128396287020539
1.05,96,float64,False,False,True,-0.08222924870918213,-0.0823288672983067,False,0.03418734113394284,-0.09755751239205529
1.05,97,float32,False,False,True,-0.6326423115667077,-0.6326423115667077,False,0.22750455828892857,-0.8781340768622901
1.05,97,float64,False,False,True,-0.2590272872655337,-0.2590272872655337,False,0.19855833508778176,-0.8471446312294599
1.05,98,float32,False,False,True,-0.38785020190933306,-0.387850201909333,False,0.2716905854119034,-0.8818294467211185
1.05,98,float64,False,False,True,-0.47517088675327157,-0.4751708867532715,False,0.27875768577396354,-0.8890796694252874
1.05,99,float32,False,False,True,-0.049826311473422424,-0.0498681788823209,False,0.003030939695044227,-0.00713161741824906
1.05,99,float64,False,False,True,-0.2815557347663691,-0.2815557347663691,False,0.18644968631791414,-0.8268007704578224
1.05,100,float32,False,False,True,-0.38790779868722947,-0.3879077986872294,False,0.1494681607215229,-0.7918470225297858
1.05,100,float64,False,False,True,-0.09618489763455348,-0.0962613624855358,False,0.0629604386609568,-0.14987564269305834
1.05,101,float32,False,False,True,-0.9167948899999652,-0.9167948899999652,False,0.2521649476446841,-0.8775434015834636
1.05,101,float64,False,False,True,-0.5324785042276687,-0.5324785042276687,False,0.24083893174208626,-0.8713023621310203
1.05,102,float32,False,False,True,-0.5960837189367179,-0.5960837189367179,False,0.24195520645572,-0.8456217590892523
1.05,102,float64,False,False,True,-0.311310318577636,-0.311310318577636,False,0.20944100101634966,-0.7748014920702353
1.05,103,float32,False,False,True,-0.11480983906542813,-0.1149715978922884,False,0.007296637145041612,-0.01953798074926471
1.05,103,float64,False,False,True,-0.2936313895006539,-0.2936313895006543,False,0.20857644614041781,-0.8418811709234344
1.05,104,float32,False,False,True,-0.4540295538146246,-0.4540295538146246,False,0.2502867812854648,-0.8782575186797112
1.05,104,float64,False,False,True,-0.4411437763045556,-0.4411437763045556,False,0.22883722031143527,-0.7712937739297221
1.05,105,float32,False,False,True,-0.5243507712594653,-0.5243507712594653,False,0.20226079579601475,-0.964493879140015
1.05,105,float64,False,False,True,-0.762859500251341,-0.762859500251341,False,0.21452066084671406,-0.9733270593705114
1.05,106,float32,False,False,True,-0.33948365096892275,-0.3394836509689227,False,0.18113004599165805,-0.8870486623226554
1.05,106,float64,False,False,True,-0.33503716281697127,-0.3350371628169712,False,0.18053261407298749,-0.8865066824717065
1.05,107,float32,False,False,True,-0.6086452623125198,-0.6086452623125198,False,0.24977399929682775,-0.895919911358595
1.05,107,float64,False,False,True,-1.6235689817934988,-1.6235689817934988,False,0.12021417066728651,-0.3909759353467235
1.05,108,float32,False,False,True,-0.38897687569002715,-0.3889768756900271,False,0.2354352224417271,-0.8451338659864369
1.05,108,float64,False,False,True,-0.06493880425946034,-0.0649468831644315,False,0.01588179299653128,-0.04126393573775505
1.05,109,float32,False,False,True,-0.4382816366100588,-0.4382816366100583,False,0.21740689138815306,-0.9936548273548595
1.05,109,float64,False,False,True,-0.31995507192170036,-0.3199550719217003,False,0.2055590188543217,-0.9765341958275986
1.05,110,float32,False,False,True,-0.4024340016002306,-0.4024340016002306,False,0.17147266246096926,-0.9801052919896822
1.05,110,float64,False,False,True,-0.5836390563754144,-0.5836390563754144,False,0.18476483708592362,-0.992668676662178
1.05,111,float32,False,False,True,-0.5834353513269064,-0.5834353513269059,False,0.16548384784470116,-0.9076743014032171
1.05,111,float64,False,False,True,-0.055610748961193446,-0.0556934636426902,False,0.008798544232363037,-0.025216496657025134
1.05,112,float32,False,False,True,-0.6481809695815519,-0.6481809695815519,False,0.27636736243036886,-0.8557601435645532
1.05,112,float64,False,False,True,-0.5049132224698263,-0.5049132224698263,False,0.26888609976583844,-0.8542620889453589
1.05,113,float32,False,False,True,-0.45904195856270524,-0.4590419585627052,False,0.17463402208841572,-1.0401416628110436
1.05,113,float64,False,False,True,-0.6655175403813902,-0.6655175403813902,False,0.18889930670214738,-1.0555898964341637
1.05,114,float32,False,False,True,-0.4228155944596086,-0.422815594459609,False,0.22582640472728954,-0.7775586108803596
1.05,114,float64,False,False,True,-0.006280391755036696,-0.0062829027876873,False,0.0009322535380118513,-0.0021757890798900226
1.05,115,float32,False,False,True,-0.501521823599667,-0.501521823599667,False,0.2296710914258684,-0.9225693866487257
1.05,115,float64,False,False,True,-0.27507013730232766,-0.2750701373023276,False,0.20576807444729361,-0.9014373484027818
1.05,116,float32,False,False,True,-0.24207570459734384,-0.2420757045973438,False,0.209698929295687,-0.7736760207161879
1.05,116,float64,False,False,True,-0.44340752865747524,-0.4434075286574757,False,0.2537452039227235,-0.9030107910680405
1.05,117,float32,False,False,True,-0.056292170852118684,-0.0564163787612372,False,0.004652486142402573,-0.01224671880220704
1.05,117,float64,False,False,True,-0.023215069190462234,-0.0232627078855331,False,0.004825000957529468,-0.012683189702006992
1.05,118,float32,False,False,True,-0.3306913533800784,-0.3306913533800784,False,0.08005275352283192,-1.1629551978803008
1.05,118,float64,False,False,True,-0.9706681125915293,-0.9706681125915292,False,0.13021570154955198,-1.2092801024687456
1.05,119,float32,False,False,True,-0.45112931921533583,-0.4511293192153358,False,0.19602064190622315,-0.8701925808157496
1.05,119,float64,False,False,True,-0.5930546488273309,-0.5930546488273309,False,0.2036603648087869,-0.8793590277582073
1.05,120,float32,False,False,True,-0.22981474332728655,-0.2298147433272865,False,0.04457348586873634,-0.10415546296918365
1.05,120,float64,False,False,True,-0.1490692506400393,-0.1492384739913972,False,0.042639212161861284,-0.09857040083797555
1.05,121,float32,False,False,True,-0.03368119697769978,-0.0336811969776997,False,0.007022678165886448,-0.017790123079186343
1.05,121,float64,False,False,True,-0.15696115840826724,-0.1569611584082672,False,0.007328248776833281,-0.0193500355907893
1.05,122,float32,False,False,True,-0.6641474993214804,-0.6641474993214804,False,0.22570533727709918,-0.9821845200023462
1.05,122,float64,False,False,True,-0.3189362874683417,-0.318939620160216,False,0.05352689926700094,-0.1619392415133417
1.05,123,float32,False,False,True,-0.37372339074616034,-0.3737233907461603,False,0.26100569223280345,-0.893450092699485
1.05,123,float64,False,False,True,-3.314632323668773,-3.314632323668773,False,0.1897593476365087,-1.2638459817609853
1.05,124,float32,False,False,True,-0.36652802204117263,-0.3665280220411726,False,0.2342283950223436,-0.8736362969958584
1.05,124,float64,False,False,True,-0.5059953645602508,-0.5059953645602508,False,0.24349646016175264,-0.8864949800868072
1.05,125,float32,False,False,True,-0.057712035358489455,-0.0578140516434416,False,0.005235255859640131,-0.01338571709267461
1.05,125,float64,False,False,True,-0.4107876160100621,-0.4107876160100621,False,0.22004100197332654,-0.8227002614770811
1.05,126,float32,False,False,True,-0.5188626082225691,-0.5188626082225691,False,0.21668252657925535,-0.9024121153795548
1.05,126,float64,False,False,True,-0.39947386633249016,-0.3994738663324901,False,0.20546953067503182,-0.8992418739630441
1.05,127,float32,False,False,True,-0.35515450978802354,-0.3551545097880235,False,0.25466380224708196,-0.7862970275495798
1.05,127,float64,False,False,True,-0.06819788223050538,-0.0683169679003548,False,0.005208222700535808,-0.013529176663755776
1.05,128,float32,False,False,True,-0.21784620572781455,-0.2183450231545749,False,0.05336904876011428,-0.14760922459770573
1.05,128,float64,False,False,True,-0.6733735118354205,-0.6733735118354205,False,0.23953988479502675,-0.7456339583606466
1.05,129,float32,False,False,True,-0.38183104584012995,-0.3818310458401299,False,0.18342940046727474,-0.8207110983710368
1.05,129,float64,False,False,True,-0.36818291304935524,-0.3681829130493552,False,0.18012114968185244,-0.8231641222939396
1.05,130,float32,False,False,True,-0.3837751131706386,-0.3837751131706386,False,0.3101709917780191,-0.8475268952487838
1.05,130,float64,False,False,True,-1.0655234855766378,-1.0655234855766378,False,0.3288305830287679,-0.8686403193255758
1.05,131,float32,False,False,True,-0.44336158110534507,-0.443361581105345,False,0.25663225765269093,-0.8516742345122559
1.05,131,float64,False,False,True,-0.3147965321290713,-0.3147965321290717,False,0.24335559892618086,-0.8399217626962674
1.05,132,float32,False,False,True,-0.5202939853861657,-0.5202939853861657,False,0.17385660955859095,-0.9701894198341456
1.05,132,float64,False,False,True,-0.40806280158461083,-0.4080628015846108,False,0.16602064766383862,-0.9611773777510191
1.05,133,float32,False,False,True,-0.05566077232429434,-0.0556607723242943,False,0.005656885384755284,-0.015233058097382568
1.05,133,float64,False,False,True,-0.4138900109044523,-0.4138900109044523,False,0.26697519685880255,-0.7776354782341723
1.05,134,float32,False,False,True,-0.3351928551340366,-0.3351928551340366,False,0.1864030696350074,-0.8695609843039502
1.05,134,float64,False,False,True,-0.6445640778251795,-0.6445640778251795,False,0.2093115092667377,-0.8893213085155107
1.05,135,float32,False,False,True,-1.133402879912821,-1.133402879912821,False,0.23918523961742943,-0.8930960067648228
1.05,135,float64,False,False,True,-0.17975370992612438,-0.1807590616121493,False,0.030951028919173507,-0.08361002410815982
1.05,136,float32,False,False,True,-0.0601162660379328,-0.0601436400332408,False,0.007951823101741404,-0.021151064769639613
1.05,136,float64,False,False,True,-0.06140208473271924,-0.0615930560193521,False,0.005095153153408305,-0.013513190575157596
1.05,137,float32,False,False,True,-0.48439671563094766,-0.4843967156309476,False,0.22763640850079803,-0.9173724873174534
1.05,137,float64,False,False,True,-0.4809369298117345,-0.4809369298117341,False,0.2313665136108538,-0.9099192472933613
1.05,138,float32,False,False,True,-0.5257206180591929,-0.5257206180591929,False,0.28376693660289387,-0.7774876664888222
1.05,138,float64,False,False,True,-0.5551568056991836,-0.5551568056991836,False,0.20852503583124626,-0.9041735437178398
1.05,139,float32,False,False,True,-0.8898896227434427,-0.8898896227434427,False,0.21991845499951612,-0.8968377480000229
1.05,139,float64,False,False,True,-0.43870531216365416,-0.4387053121636541,False,0.19903488292711202,-0.8825972913036306
1.05,140,float32,False,False,True,-0.7880591251712508,-0.7880591251712508,False,0.2011323971915191,-0.9305632427929655
1.05,140,float64,False,False,True,-0.6711170355589857,-0.6711170355589862,False,0.19762924518178426,-0.9279688059880264
1.05,141,float32,False,False,True,-0.3831964344164973,-0.3831964344164973,False,0.2628553763368453,-0.6580744199180373
1.05,141,float64,False,False,True,-0.25220560857038565,-0.2522056085703856,False,0.12317760062536465,-0.9693533683368063
1.05,142,float32,False,False,True,-0.4943281911465327,-0.4943281911465327,False,0.20137089321195312,-0.8589826316349383
1.05,142,float64,False,False,True,-0.5549390201450435,-0.5549390201450435,False,0.20309729556938905,-0.8644723630004671
1.05,143,float32,False,False,True,-0.20584955873552024,-0.2078693626480438,False,0.02985862297145675,-0.07821448497206646
1.05,143,float64,False,False,True,-0.5989520296780224,-0.5989520296780224,False,0.26428891453654924,-0.8923406297786682
1.05,144,float32,False,False,True,-0.6195171272025073,-0.6195171272025073,False,0.24009574360573804,-0.9260966861025874
1.05,144,float64,False,False,True,-0.4357746104862654,-0.4357746104862654,False,0.2277894568492469,-0.9165733758970473
1.05,145,float32,False,False,True,-0.4647139153217843,-0.4647139153217843,False,0.14524600459633596,-1.0767239592157587
1.05,145,float64,False,False,True,-0.3529521434610907,-0.3529521434610907,False,0.13259122400711476,-1.064804049371963
1.05,146,float32,False,False,True,-0.44319559919111073,-0.4431955991911107,False,0.17066338928669111,-0.9995461200854177
1.05,146,float64,False,False,True,-0.4686977058764419,-0.4686977058764419,False,0.1757406355937592,-0.9963879346361741
1.05,147,float32,False,False,True,-0.3961508302240815,-0.3961508302240815,False,0.18484255427878082,-1.0615716504681352
1.05,147,float64,False,False,True,-0.5571250257687392,-0.5571250257687392,False,0.1982835396316558,-1.0775396779792716
1.05,148,float32,False,False,True,-0.8031047538079239,-0.8031047538079239,False,0.20137973960217925,-0.8664433530145876
1.05,148,float64,False,False,True,-0.14439123991907105,-0.144391239919071,False,0.017462926236474163,-0.04633972891400909
1.05,149,float32,False,False,True,-0.24501011282297624,-0.2450101128229762,False,0.01926338969719403,-0.05700284276169902
1.05,149,float64,False,False,True,-0.4244354192139994,-0.4244354192139994,False,0.31353234921095297,-0.7509924655249014
1.05,150,float32,False,False,True,-0.23832990289850686,-0.2383299028985068,False,0.17846015231748957,-0.8619222108657585
1.05,150,float64,False,False,True,-0.3050097566322538,-0.3050097566322538,False,0.27165624493727414,-0.7584533708757988
1.05,151,float32,False,False,True,-0.26288078940004755,-0.2628807894000475,False,0.26926372209019256,-0.6973924494785209
1.05,151,float64,False,False,True,-0.17668540542751304,-0.1772958529464932,False,0.045058056289213,-0.13387898902894993
1.05,152,float32,False,False,True,-0.34053138696753615,-0.3405313869675361,False,0.18153060246662278,-0.8725467939709848
1.05,152,float64,False,False,True,-0.45869292383223126,-0.4586929238322312,False,0.2657889883038207,-0.7770632375191537
1.05,153,float32,False,False,True,-0.499428069160468,-0.499428069160468,False,0.20817663148882026,-0.9734965829001894
1.05,153,float64,False,False,True,-0.5608601157989441,-0.5608601157989441,False,0.21323544890629353,-0.9767306084204286
1.05,154,float32,False,False,True,-0.5666183713065918,-0.5666183713065918,False,0.21333991647181616,-0.8634534198265396
1.05,154,float64,False,False,True,-0.4481325121312123,-0.4481325121312123,False,0.21184035313782879,-0.8499949496559376
1.05,155,float32,False,False,True,-0.6569470695217703,-0.6569470695217703,False,0.2648535587203371,-1.1263232191974986
1.05,155,float64,False,False,True,-0.8112329253604638,-0.8112329253604638,False,0.26695716082806786,-1.1411646425490174
1.05,156,float32,False,False,True,-0.9506154198049344,-0.9506154198049344,False,0.27398289754025784,-0.8576680052656176
1.05,156,float64,False,False,True,-0.5132839742273161,-0.5132839742273161,False,0.2601994855765941,-0.8465553837697186
1.05,157,float32,False,False,True,-0.08053625113504959,-0.0811359899009436,False,0.00620142198574547,-0.014890237430147446
1.05,157,float64,False,False,True,-0.3584447220197484,-0.3584447220197484,False,0.26890976400198774,-0.8021500075707078
1.05,158,float32,False,False,True,-0.012536469008719964,-0.0125465492159408,False,0.000754892019873582,-0.0017971598595672156
1.05,158,float64,False,False,True,-0.5688801805662469,-0.5688801805662469,False,0.28083022632130294,-0.8033187761808191
1.05,159,float32,False,False,True,-0.3076133440676725,-0.3076133440676725,False,0.2281826443844679,-0.7347484413078771
1.05,159,float64,False,False,True,-0.28577802053947465,-0.2857780205394746,False,0.19310610987177945,-0.8914549648798502
1.05,160,float32,False,False,True,-0.2636857162949119,-0.2660595041451229,False,0.008402054138628448,-0.020777571365728408
1.05,160,float64,False,False,True,-0.3598728138288658,-0.3598728138288658,False,0.2442797682056188,-0.8455129095678995
1.05,161,float32,False,False,True,-0.33706884201417103,-0.3401061888845195,False,0.036879916445570815,-0.0905194808754293
1.05,161,float64,False,False,True,-0.7301792532546121,-0.7301792532546121,False,0.31986675699087286,-0.8646251081913086
1.05,162,float32,False,False,True,-0.4989348797837181,-0.4989348797837181,False,0.2600792569620465,-0.8276964766122843
1.05,162,float64,False,False,True,-0.024275779417375798,-0.0242757794173757,False,0.0035222819701347108,-0.008622934318891051
1.05,163,float32,False,False,True,-0.5911849408982355,-0.5911849408982355,False,0.1816649051234327,-1.0178847442116625
1.05,163,float64,False,False,True,-0.6801906662083055,-0.6801906662083055,False,0.3206769918914736,-0.7024973914607449
1.05,164,float32,False,False,True,-0.36174193465482496,-0.3617419346548249,False,0.23531624290838948,-0.8607010053175781
1.05,164,float64,False,False,True,-0.6415480010691055,-0.6415480010691055,False,0.2524756552008771,-0.8731810289048934
1.05,165,float32,False,False,True,-0.5609525942838327,-0.5609525942838327,False,0.1824631720667087,-0.9606159740221614
1.05,165,float64,False,False,True,-0.24468487265484679,-0.2451225550777701,False,0.07105298368220894,-0.20904650547545606
1.05,166,float32,False,False,True,-0.7603640563166936,-0.7603640563166936,False,0.159004872672166,-1.0272735048309602
1.05,166,float64,False,False,True,-0.21324950106454832,-0.2132495010645483,False,0.2669889911510328,-0.629695706591967
1.05,167,float32,False,False,True,-0.7154655261398402,-0.7154655261398402,False,0.25994054940757394,-1.0131909557735144
1.05,167,float64,False,False,True,-0.4807668677756367,-0.4807668677756367,False,0.247013258788229,-0.999992644795249
1.05,168,float32,False,False,True,-0.42138896955222593,-0.4213889695522259,False,0.21964789150511255,-0.8346885482260316
1.05,168,float64,False,False,True,-0.06002086591534761,-0.0602500237788983,False,0.005692471071810257,-0.013989834426163528
1.05,169,float32,False,False,True,-0.2525403847543277,-0.2525403847543277,False,0.1617085805799956,-0.9122172524667516
1.05,169,float64,False,False,True,-0.2795004802855843,-0.2795004802855843,False,0.042515843325675345,-0.12334125727181695
1.05,170,float32,False,False,True,-0.8050730749113932,-0.8050730749113932,False,0.27187926626369263,-0.921219063165176
1.05,170,float64,False,False,True,-0.2928983088922766,-0.2935383968163834,False,0.056259431560732626,-0.15038081041529192
1.05,171,float32,False,False,True,-1.4023008065344182,-1.4023008065344182,False,0.17270949844264272,-1.034989951663392
1.05,171,float64,False,False,True,-0.582269797473431,-0.5822697974734306,False,0.1516784708883927,-1.0386611577962421
1.05,172,float32,False,False,True,-0.23150316063023268,-0.2315031606302326,False,0.20492551293047967,-0.8536673393190579
1.05,172,float64,False,False,True,-0.4532851503394113,-0.4532851503394113,False,0.2250412314273449,-0.7508151345456415
1.05,173,float32,False,False,True,-0.34823852154134993,-0.3482385215413499,False,0.20579545136506638,-0.9043669406573471
1.05,173,float64,False,False,True,-0.27926746505371547,-0.2792674650537154,False,0.19753705235905983,-0.8930408096800964
1.05,174,float32,False,False,True,-0.7105761782054572,-0.7105761782054572,False,0.27049117005654466,-0.9386363198528471
1.05,174,float64,False,False,True,-0.4924955182373498,-0.4924955182373502,False,0.2615233684533811,-0.9262800473601889
1.05,175,float32,False,False,True,-0.8033425901257685,-0.8033425901257685,False,0.2641350547414336,-0.8203464329301173
1.05,175,float64,False,False,True,-0.2876831115148786,-0.2876831115148786,False,0.18340619076590414,-0.8264473506185475
1.05,176,float32,False,False,True,-0.003961999189458831,-0.0039636222373422,False,0.0004995245435073237,-0.0012735382947052232
1.05,176,float64,False,False,True,-0.004695121617816822,-0.004698167502644,False,0.00023927233640597123,-0.00060866100371465
1.05,177,float32,False,False,True,-0.22828632122798062,-0.2282863212279806,False,0.03582353506448115,-0.10329938190158698
1.05,177,float64,False,False,True,-0.3625776209471767,-0.3625776209471767,False,0.20611430626558125,-0.9243900930971805
1.05,178,float32,False,False,True,-0.47955936087406137,-0.4795593608740609,False,0.2850972003902479,-0.9144892750088989
1.05,178,float64,False,False,True,-0.337214996801515,-0.337214996801515,False,0.27388067912068514,-0.9008001258008598
1.05,179,float32,False,False,True,-0.0627086532045742,-0.0631007023773166,False,0.006239668603680526,-0.016015540733073874
1.05,179,float64,False,False,True,-0.05849949075943717,-0.0588356931372329,False,0.00677451695511333,-0.01746848069009499
1.05,180,float32,False,False,True,-0.2722762369139273,-0.2722762369139273,False,0.25002611373959205,-0.7422216032093107
1.05,180,float64,False,False,True,-0.7378714424794497,-0.7378714424794497,False,0.22954635638459475,-0.9463739739866943
1.05,181,float32,False,False,True,-0.4737420064742164,-0.4737420064742164,False,0.2163211389519688,-0.8766341622188714
1.05,181,float64,False,False,True,-0.08671661096875305,-0.0870065900909261,False,0.012528912443511897,-0.03420312954820259
1.05,182,float32,False,False,True,-0.7994525099928516,-0.7994525099928516,False,0.19229042501378668,-0.9913739098093948
1.05,182,float64,False,False,True,-0.6771474390822219,-0.6771474390822219,False,0.18719037948536954,-0.9871942909892049
1.05,183,float32,False,False,True,-0.4376534953190907,-0.4376534953190907,False,0.20942699453039726,-0.9524274090656828
1.05,183,float64,False,False,True,-0.35580182937141647,-0.3558018293714164,False,0.20139272346711046,-0.943447677356815
1.05,184,float32,False,False,True,-0.31227093943580586,-0.3122709394358058,False,0.24293712248372223,-0.9060210963480717
1.05,184,float64,False,False,True,-0.5370237410855214,-0.5370237410855214,False,0.26391983975552247,-0.9261457822434647
1.05,185,float32,False,False,True,-0.01638544249432583,-0.0163906527289043,False,0.0017836553812410338,-0.004396757455824657
1.05,185,float64,False,False,True,-0.5580316064031368,-0.5580316064031368,False,0.2261682614741698,-0.831506622382979
1.05,186,float32,False,False,True,-0.6353380353532483,-0.6353380353532483,False,0.2538664517976761,-0.7672774087660637
1.05,186,float64,False,False,True,-0.08519940874764464,-0.0854056575713819,False,0.025658692809753192,-0.07010652408647255
1.05,187,float32,False,False,True,-0.8897898996940428,-0.8897898996940428,False,0.25143577197450684,-0.9936527318720794
1.05,187,float64,False,False,True,-0.44102306725933893,-0.4410230672593389,False,0.23295737132487737,-0.9763254837839135
1.05,188,float32,False,False,True,-0.4403472170932554,-0.4403472170932554,False,0.2746168522212553,-0.9023592808506375
1.05,188,float64,False,False,True,-0.7304083966942962,-0.7304083966942962,False,0.2829646148463887,-0.9185098007892218
1.05,189,float32,False,False,True,-0.5384967182090645,-0.5384967182090645,False,0.20252987955457513,-0.9193058869042554
1.05,189,float64,False,False,True,-0.2003996675480128,-0.2011430057023159,False,0.02355610594368318,-0.06736844297419767
1.05,190,float32,False,False,True,-0.2639271816846822,-0.2639271816846822,False,0.18986573305997112,-0.7333576904704682
1.05,190,float64,False,False,True,-0.4297108525894413,-0.4297108525894417,False,0.2124911126645319,-0.7370994355877709
1.05,191,float32,False,False,True,-0.3072411497508405,-0.3072411497508405,False,0.26965105070881634,-0.8320787827422329
1.05,191,float64,False,False,True,-1.728676626532737,-1.728676626532737,False,0.28858190483857094,-0.8621342832590824
1.05,192,float32,False,False,True,-0.581136790893162,-0.581136790893162,False,0.2537812087419029,-0.916743390861555
1.05,192,float64,False,False,True,-0.2720327941710732,-0.2720327941710732,False,0.22640642419670698,-0.7416446013400293
1.05,193,float32,False,False,True,-0.5102900808563917,-0.5102900808563917,False,0.23245768900863073,-0.9289542736408816
1.05,193,float64,False,False,True,-0.38365836638685646,-0.3836583663868564,False,0.2196957019344996,-0.9223666036231428
1.05,194,float32,False,False,True,-0.3076646035221753,-0.3076646035221753,False,0.2059657380688371,-0.9315465230911357
1.05,194,float64,False,False,True,-0.35550497933167824,-0.3555049793316782,False,0.24320725111559138,-0.7029564602106868
1.05,195,float32,False,False,True,-0.4837180801149201,-0.4837180801149201,False,0.27443491097444994,-0.8608419099305644
1.05,195,float64,False,False,True,-0.3609829611463349,-0.3609829611463349,False,0.16192828081917376,-0.7815204422179329
1.05,196,float32,False,False,True,-0.051544785616245564,-0.0515737644995807,False,0.008852048580147459,-0.02415648794532986
1.05,196,float64,False,False,True,-0.5923364592241138,-0.5923364592241138,False,0.18242929437496347,-0.8708605547837269
1.05,197,float32,False,False,True,-1.6646026951839574,-1.6646026951839574,False,0.2602369772055655,-0.8634211576202753
1.05,197,float64,False,False,True,-0.3224011456316602,-0.3224011456316602,False,0.24119445805091466,-0.8327331427502429
1.05,198,float32,False,False,True,-0.4459760933901449,-0.4459760933901449,False,0.2210496727845621,-0.8333862838320645
1.05,198,float64,False,False,True,-0.37384316309310295,-0.3738431630931029,False,0.21731585607578818,-0.8249135523913118
1.05,199,float32,False,False,True,-0.5255909905954481,-0.5255909905954481,False,0.19928378843772077,-0.9054253918257249
1.05,199,float64,False,False,True,-2.4271362750877667,-2.4271362750877667,False,0.1288998098583814,-0.3624525478414694
1.1,0,float32,False,False,True,-1.884221708432777,-1.884221708432777,False,0.13794679667889942,-0.9535520408278775
1.1,0,float64,False,False,True,-0.34460132179345626,-0.3446013217934562,False,0.21346315544917704,-0.6478522471396699
1.1,1,float32,False,False,True,-0.38077756853210243,-0.3807775685321024,False,0.19735590461669617,-0.8317613330104283
1.1,1,float64,False,False,True,-0.3117307098301336,-0.3117307098301336,False,0.188193376504163,-0.8094147598620811
1.1,2,float32,False,False,True,-0.20093972525126613,-0.2009397252512661,False,0.13593879939941722,-0.7368487695715107
1.1,2,float64,False,False,True,-0.27900444221773446,-0.2790044422177344,False,0.17271849094279368,-0.7395531366046928
1.1,3,float32,False,False,True,-0.4730167998494528,-0.4730167998494528,False,0.21923345142928685,-0.8943151276623329
1.1,3,float64,False,False,True,-0.5352955161809279,-0.5352955161809279,False,0.2247102906414593,-0.9054194134358662
1.1,4,float32,False,False,True,-0.008082188991463735,-0.0080834959240442,False,0.0014375100329673818,-0.004113419763211057
1.1,4,float64,False,False,True,-0.010070960995546496,-0.0100709609955464,False,0.0022182903405895127,-0.006347527546119003
1.1,5,float32,False,False,True,-0.29079977062033224,-0.2907997706203322,False,0.22243557506527978,-0.7050640112882416
1.1,5,float64,False,False,True,-0.2808927262439753,-0.2808927262439753,False,0.14959077144906807,-0.8034835698301084
1.1,6,float32,False,False,True,-0.09199003151933532,-0.0919900315193353,False,0.017662307753108147,-0.04878568824263693
1.1,6,float64,False,False,True,-0.08711787053216824,-0.087531238898018,False,0.011906890687581606,-0.032805203606998845
1.1,7,float32,False,False,True,-0.1806823306239176,-0.1806823306239176,False,0.13375149816129905,-0.706400765175399
1.1,7,float64,False,False,True,-0.20916903465359038,-0.2091690346535903,False,0.14651285933118352,-0.7209076973604844
1.1,8,float32,False,False,True,-0.010716525753753925,-0.0107226455115243,False,0.0019650299621780665,-0.0051809220865470795
1.1,8,float64,False,False,True,-0.018560525111374515,-0.0185697768422182,False,0.0020431809299504,-0.00539253430507558
1.1,9,float32,False,False,True,-0.3535726212148598,-0.3535726212148598,False,0.24409531875130952,-0.7608197797812615
1.1,9,float64,False,False,True,-0.5173281964312637,-0.5173281964312633,False,0.16439197945185402,-0.8104819942503498
1.1,10,float32,False,False,True,-0.23841254414866064,-0.2384125441486606,False,0.1444412081008597,-0.8009179972886624
1.1,10,float64,False,False,True,-0.1866351246965392,-0.1866351246965392,False,0.12537513829689395,-0.7697140095276911
1.1,11,float32,False,False,True,-0.20886940356484984,-0.2090230052768167,False,0.030578182152945964,-0.07618568661295189
1.1,11,float64,False,False,True,-0.425639249581486,-0.425639249581486,False,0.23638583201048569,-0.8066779938535253
1.1,12,float32,False,False,True,-0.22301719295778666,-0.2230171929577866,False,0.08089723185432618,-0.7766274363978578
1.1,12,float64,False,False,True,-0.21870971303836023,-0.2191246712334322,False,0.03399299552615806,-0.09607255222241708
1.1,13,float32,False,False,True,-0.35147318540949407,-0.3519293711794765,False,0.06246032690353803,-0.16369684977826043
1.1,13,float64,False,False,True,-0.41193061559972977,-0.4119306155997297,False,0.24836262696450806,-0.8456817765151348
1.1,14,float32,False,False,True,-0.03817998109098797,-0.0381799810909879,False,0.005866134995825445,-0.014331028886437003
1.1,14,float64,False,False,True,-0.2178691725934523,-0.2178691725934523,False,0.13492488335643493,-0.7152880249963047
1.1,15,float32,False,False,True,-0.4338970002721103,-0.4338970002721103,False,0.17019197337886638,-0.8432156443285397
1.1,15,float64,False,False,True,-0.17626119840051935,-0.1762611984005193,False,0.10883060887260498,-0.7515633731640641
1.1,16,float32,False,False,True,-0.1436565090092824,-0.1436565090092824,False,0.01323603660105152,-0.0324233900196467
1.1,16,float64,False,False,True,-0.06929268648011756,-0.0692926864801175,False,0.007336778148809597,-0.017865668061389603
1.1,17,float32,False,False,True,-0.011841028803044829,-0.0118455160568579,False,0.002882019572045924,-0.007476129177832247
1.1,17,float64,False,False,True,-0.022100840615581152,-0.0221147601176556,False,0.002603262141727375,-0.006753087486693038
1.1,18,float32,False,False,True,-0.3420096975708464,-0.3420096975708464,False,0.1695555953379877,-0.8118964902099925
1.1,18,float64,False,False,True,-0.184690595395276,-0.184690595395276,False,0.118501320087951,-0.6656386417128992
1.1,19,float32,False,False,True,-0.2859208345450095,-0.2859208345450095,False,0.13519365463871935,-0.8457915924247157
1.1,19,float64,False,False,True,-0.1734770336608582,-0.1734770336608582,False,0.09124710218010179,-0.7931256271480365
1.1,20,float32,False,False,True,-0.5047321645475642,-0.5047321645475642,False,0.23841890901293628,-0.8403935292763443
1.1,20,float64,False,False,True,-0.41929353716366613,-0.4192935371636661,False,0.22783305731731662,-0.8286693332695849
1.1,21,float32,False,False,True,-0.14935624415828147,-0.1498107598241407,False,0.04088173091845848,-0.10975378558881715
1.1,21,float64,False,False,True,-0.39027350370183234,-0.3902735037018323,False,0.19103718651074875,-0.8432263565849256
1.1,22,float32,False,False,True,-0.6207174984741881,-0.6207174984741881,False,0.20318435260240264,-0.8586718401558722
1.1,22,float64,False,False,True,-0.22511794887423253,-0.2251179488742325,False,0.14764951406244364,-0.769543496185328
1.1,23,float32,False,False,True,-0.4131797969967912,-0.4131797969967912,False,0.20166444538142958,-0.7815976207849875
1.1,23,float64,False,False,True,-0.2948701479396423,-0.2948701479396423,False,0.18187393301241528,-0.7508878548177744
1.1,24,float32,False,False,True,-0.38828388297015026,-0.3882838829701502,False,0.17381676654714617,-0.8939736319003924
1.1,24,float64,False,False,True,-0.3668755563781576,-0.3668755563781576,False,0.16979837628880823,-0.8893133550014429
1.1,25,float32,False,False,True,-0.8326590885098408,-0.8326590885098408,False,0.2244368318268668,-0.9042742378480009
1.1,25,float64,False,False,True,-0.3149944003909404,-0.3149944003909404,False,0.1794202619008196,-0.8207780373037448
1.1,26,float32,False,False,True,-1.584109910724362,-1.584109910724362,False,0.33816777258554565,-0.9399162873737934
1.1,26,float64,False,False,True,-0.3715401248141754,-0.3715401248141754,False,0.210764485827589,-0.7730862867749799
1.1,27,float32,False,False,True,-0.4921422404216127,-0.4921422404216127,False,0.06659780920441971,-1.0600756074497237
1.1,27,float64,False,False,True,-0.44251234728089983,-0.4425123472808998,False,0.06482151207225417,-1.0406906070572903
1.1,28,float32,False,False,True,-0.41705967442858505,-0.417059674428585,False,0.19151858890599627,-0.8051743300400904
1.1,28,float64,False,False,True,-0.4481570403777866,-0.4481570403777866,False,0.19808781366974948,-0.8064962348709503
1.1,29,float32,False,False,True,-0.18797701536921085,-0.1889628697541678,False,0.018345543101264045,-0.04943375018042506
1.1,29,float64,False,False,True,-0.7688106073649172,-0.7688106073649172,False,0.21908042541395512,-0.8678163755522448
1.1,30,float32,False,False,True,-0.3561655917521316,-0.3561655917521316,False,0.20030646859413803,-0.7635863477284488
1.1,30,float64,False,False,True,-0.04789897344001304,-0.0480266349962847,False,0.0060503077622504065,-0.01527703946148079
1.1,31,float32,False,False,True,-0.24400986422475146,-0.2440098642247514,False,0.09017804361326931,-0.9401488003710146
1.1,31,float64,False,False,True,-0.5608527916120325,-0.5608527916120325,False,0.14481215333576003,-1.026736993355092
1.1,32,float32,False,False,True,-0.40102179730174514,-0.4010217973017451,False,0.24932080735531148,-0.73811079096797
1.1,32,float64,False,False,True,-0.23228651165810732,-0.2322865116581073,False,0.011941032574282015,-0.03436741615692185
1.1,33,float32,False,False,True,-0.33601046947714686,-0.3360104694771468,False,0.17531710439180692,-0.8876386609518825
1.1,33,float64,False,False,True,-0.5412730349628005,-0.5412730349628005,False,0.203199114537024,-0.9285626933441122
1.1,34,float32,False,False,True,-0.3688187806472536,-0.3688187806472536,False,0.15523831167427016,-0.8081109752273328
1.1,34,float64,False,False,True,-0.35737321773610864,-0.3573732177361086,False,0.15631409005247487,-0.8005496834318047
1.1,35,float32,False,False,True,-0.6090598192592975,-0.6090598192592975,False,0.19177009946980128,-0.8816036915688592
1.1,35,float64,False,False,True,-0.5629724180771505,-0.5629724180771505,False,0.19138628338501817,-0.8724862438467902
1.1,36,float32,False,False,True,-0.2533581547539292,-0.2533581547539292,False,0.18651628581463697,-0.8559925409597717
1.1,36,float64,False,False,True,-0.45927302423189076,-0.4592730242318907,False,0.23113435927632064,-0.9076563322947697
1.1,37,float32,False,False,True,-0.18268046729503018,-0.1835546559254878,False,0.016163904502329268,-0.04635971526473981
1.1,37,float64,False,False,True,-0.2722595556999461,-0.2722595556999461,False,0.12653589799773002,-0.8355693899412984
1.1,38,float32,False,False,True,-0.20146083235294254,-0.2014608323529425,False,0.034135803397076,-1.004310581513046
1.1,38,float64,False,False,True,-0.2794963172498601,-0.2794963172498601,False,0.06451214270746597,-1.0478764101576399
1.1,39,float32,False,False,True,-0.25689364145402216,-0.2568936414540221,False,0.15507143719066718,-0.7865765350730118
1.1,39,float64,False,False,True,-0.7404870867199724,-0.7404870867199724,False,0.21568016429623338,-0.877209393366142
1.1,40,float32,False,False,True,-0.29484781213547606,-0.294847812135476,False,0.18770420901149976,-0.8343526347112977
1.1,40,float64,False,False,True,-0.38243572014362615,-0.3824357201436261,False,0.21100568326599944,-0.7172614460052191
1.1,41,float32,False,False,True,-0.547676104532969,-0.547676104532969,False,0.25378198208544855,-0.8215339683163441
1.1,41,float64,False,False,True,-0.298615055882263,-0.2994539068614475,False,0.043080300473395367,-0.10994707087629957
1.1,42,float32,False,False,True,-0.27876951608664857,-0.2787695160866485,False,0.20168268900463637,-0.6982143993447316
1.1,42,float64,False,False,True,-0.36438470002461676,-0.3643847000246167,False,0.17802694322525703,-0.821422217802934
1.1,43,float32,False,False,True,-0.5724248010892836,-0.5724248010892836,False,0.21769063893865592,-0.9102862113880024
1.1,43,float64,False,False,True,-0.43129459278157434,-0.4312945927815743,False,0.202095984151061,-0.8901395799888441
1.1,44,float32,False,False,True,-0.2624543998829765,-0.2624543998829765,False,0.17640956204760272,-0.822535433912778
1.1,44,float64,False,False,True,-1.1276146511069465,-1.1276146511069465,False,0.24654041648832026,-0.9247693768529506
1.1,45,float32,False,False,True,-0.6316433134784201,-0.6316433134784201,False,0.15294317886225084,-1.0495336623499991
1.1,45,float64,False,False,True,-0.3159088769710099,-0.3159088769710099,False,0.10715841112653735,-0.9891311600085722
1.1,46,float32,False,False,True,-0.25360053048529163,-0.2539393385323273,False,0.04165385440307795,-0.10547380099268686
1.1,46,float64,False,False,True,-0.21023228646289466,-0.2112999100696544,False,0.03804591845486577,-0.09430099985141474
1.1,47,float32,False,False,True,-0.46525892781932354,-0.4652589278193235,False,0.19768349880404923,-0.9075426170138643
1.1,47,float64,False,False,True,-0.32510806533561665,-0.3251080653356166,False,0.17329029674131213,-0.8782519010278893
1.1,48,float32,False,False,True,-0.05956372623878353,-0.0596582034059935,False,0.013794701767769313,-0.035312011916601105
1.1,48,float64,False,False,True,-0.38462906447685796,-0.3846290644768579,False,0.18846150020526675,-0.7865824301035191
1.1,49,float32,False,False,True,-0.5823672377707569,-0.5823672377707569,False,0.16551066379410795,-0.9103882125997877
1.1,49,float64,False,False,True,-0.7491614678923746,-0.7491614678923746,False,0.177448057401695,-0.9252250907335493
1.1,50,float32,False,False,True,-0.3092008805972719,-0.3092008805972719,False,0.08616906358967777,-0.23707267730815382
1.1,50,float64,False,False,True,-0.5241185199944471,-0.5241185199944471,False,0.21470378944140656,-0.8835547772961565
1.1,51,float32,False,False,True,-0.24768226568663376,-0.2476822656866337,False,0.15203277531697879,-0.6518795051183766
1.1,51,float64,False,False,True,-0.3832224536941551,-0.3832224536941551,False,0.17740423819818663,-0.8666301346484602
1.1,52,float32,False,False,True,-0.28216160364162635,-0.2821616036416263,False,0.19113057290278768,-0.7463475852417698
1.1,52,float64,False,False,True,-0.15240243834049272,-0.1524024383404927,False,0.1422669088948858,-0.6762146377201859
1.1,53,float32,False,False,True,-0.36419090837104484,-0.3641909083710448,False,0.19458260335860533,-0.8385749536928042
1.1,53,float64,False,False,True,-0.44345337964546117,-0.4434533796454611,False,0.2049405512706146,-0.8580682557675416
1.1,54,float32,False,False,True,-0.7343320403842073,-0.7343320403842073,False,0.23359289679760442,-0.851888116203102
1.1,54,float64,False,False,True,-0.26199601651815785,-0.2619960165181578,False,0.17640715513068805,-0.7664779683564227
1.1,55,float32,False,False,True,-0.15233535530989595,-0.1537149092335851,False,0.004988970932032807,-0.012770589672291
1.1,55,float64,False,False,True,-0.10116509802435147,-0.1015405230981116,False,0.010723472547636725,-0.028246771604712978
1.1,56,float32,False,False,True,-0.4502143418361251,-0.4502143418361251,False,0.2884976769380767,-0.7228253387637675
1.1,56,float64,False,False,True,-0.31219933379620235,-0.3121993337962023,False,0.15639637440635745,-0.8517680020040075
1.1,57,float32,False,False,True,-0.10395100732577572,-0.1039510073257757,False,0.020812974387699912,-0.05468651223675332
1.1,57,float64,False,False,True,-0.4373987323025186,-0.4373987323025186,False,0.21106619177821972,-0.7625103771856292
1.1,58,float32,False,False,True,-0.7951416997462415,-0.7951416997462415,False,0.20237988946520247,-0.9005357441317399
1.1,58,float64,False,False,True,-0.27831088490499134,-0.2783108849049913,False,0.14484109263517375,-0.8182347549794358
1.1,59,float32,False,False,True,-0.05643423563564243,-0.0567553219703005,False,0.0026718813323491353,-0.00725607969950498
1.1,59,float64,False,False,True,-0.06970795185545586,-0.0697882182150004,False,0.007297625603111202,-0.020140619891573133
1.1,60,float32,False,False,True,-0.32109500752865827,-0.3210950075286582,False,0.18964357202788307,-0.7069000990922572
1.1,60,float64,False,False,True,-0.20369783497772154,-0.2050012903998668,False,0.024591731131934302,-0.06653526748127647
1.1,61,float32,False,False,True,-0.22775068964692124,-0.2277506896469212,False,0.11283703758673802,-0.782352096119725
1.1,61,float64,False,False,True,-0.13841290839669074,-0.1388040261256622,False,0.027484781776191514,-0.07446235921320929
1.1,62,float32,False,False,True,-0.3833849382884038,-0.3833849382884038,False,0.23288923748316748,-0.904964511113338
1.1,62,float64,False,False,True,-0.35158802190218585,-0.3515880219021854,False,0.22890904739978346,-0.8928752256598393
1.1,63,float32,False,False,True,-0.23426226533181715,-0.2342622653318171,False,0.15293110669423804,-0.79911523819613
1.1,63,float64,False,False,True,-0.22013048052726703,-0.220130480527267,False,0.1468606738694529,-0.793368391961593
1.1,64,float32,False,False,True,-0.5892599112259456,-0.5892599112259456,False,0.19033631926671202,-1.0846583369213256
1.1,64,float64,False,False,True,-0.382564045078146,-0.382564045078146,False,0.15456910614376618,-1.0474585481259115
1.1,65,float32,False,False,True,-0.07424585660465803,-0.0742549192858235,False,0.0054622415179690215,-0.013841345817838198
1.1,65,float64,False,False,True,-0.03451437013381886,-0.0345245820497919,False,0.005321336624104667,-0.013313454677162204
1.1,66,float32,False,False,True,-0.07304499606105908,-0.073433085674023,False,0.0042185801849023985,-0.010600612886230237
1.1,66,float64,False,False,True,-0.5610603070832325,-0.5610603070832325,False,0.21555373708171643,-0.7863809398025579
1.1,67,float32,False,False,True,-0.22577708319781875,-0.2257770831978187,False,0.1204092750429453,-0.7897489933353192
1.1,67,float64,False,False,True,-0.3188608466544012,-0.3188608466544012,False,0.14565240748594022,-0.8266190792412473
1.1,68,float32,False,False,True,-0.09314230309270016,-0.0932322000463711,False,0.017840147993548883,-0.047952630082301675
1.1,68,float64,False,False,True,-0.09401331443163019,-0.0943025103744313,False,0.015571540194599665,-0.04186795445095354
1.1,69,float32,False,False,True,-0.3237047660720682,-0.3237047660720682,False,0.15814258771318102,-0.7646205615590471
1.1,69,float64,False,False,True,-0.19717531021841772,-0.1971753102184177,False,0.12083442128646738,-0.7167928992233925
1.1,70,float32,False,False,True,-0.11857821736276217,-0.1186598961494457,False,0.0274903163858492,-0.07149223556114158
1.1,70,float64,False,False,True,-0.2101513058856055,-0.2101513058856055,False,0.13213743423692215,-0.7440021354950499
1.1,71,float32,False,False,True,-0.18902497072678193,-0.1890249707267819,False,0.09655325539629445,-0.8691034319491404
1.1,71,float64,False,False,True,-0.6214727426616475,-0.6214727426616475,False,0.18565183747903902,-0.9927165970315937
1.1,72,float32,False,False,True,-0.34974360891112566,-0.3497436089111256,False,0.19030872192949033,-0.8321932566178631
1.1,72,float64,False,False,True,-0.12980704891702666,-0.1302366204413294,False,0.03129218650681276,-0.08515538721030447
1.1,73,float32,False,False,True,-0.3813703332372471,-0.3813703332372471,False,0.14796847465321417,-0.8988193056367848
1.1,73,float64,False,False,True,-0.4532303877350845,-0.4532303877350845,False,0.24818107993962446,-0.7204629070584767
1.1,74,float32,False,False,True,-0.0937597079351114,-0.09385415088289,False,0.00866596202809912,-0.022989868536268637
1.1,74,float64,False,False,True,-0.28273661041678055,-0.2827366104167805,False,0.14508193535130687,-0.7833466342252393
1.1,75,float32,False,False,True,-0.21369953626699045,-0.2136995362669904,False,0.11400241192742122,-0.768650982323436
1.1,75,float64,False,False,True,-0.15951441920645548,-0.1595144192064554,False,0.088933446366255,-0.7316291266488104
1.1,76,float32,False,False,True,-0.3010462919227237,-0.3010462919227237,False,0.21348673674044605,-0.7966737317633061
1.1,76,float64,False,False,True,-0.26728349301021614,-0.2672834930102161,False,0.20594170374230458,-0.7829686790016392
1.1,77,float32,False,False,True,-0.20187513691501335,-0.2018751369150133,False,0.10233696521078706,-0.8429313075951637
1.1,77,float64,False,False,True,-0.37159102426176505,-0.371591024261765,False,0.14569563156478704,-0.90976306227744
1.1,78,float32,False,False,True,-0.4836901431366072,-0.4836901431366072,False,0.13702320999893303,-0.9310333304394138
1.1,78,float64,False,False,True,-0.2975677532550809,-0.2975677532550809,False,0.1046055052814463,-0.8867324490310757
1.1,79,float32,False,False,True,-0.20379923467526692,-0.2038857886457094,False,0.01457011925922696,-0.03747141981251482
1.1,79,float64,False,False,True,-0.17806144296152526,-0.1780614429615252,False,0.11775150629996212,-0.7144988832175017
1.1,80,float32,False,False,True,-0.04601240754498437,-0.0461012470713604,False,0.006533353429844457,-0.016619932471977628
1.1,80,float64,False,False,True,-0.35043827514342984,-0.3504382751434298,False,0.2082514197707379,-0.7886211062044541
1.1,81,float32,False,False,True,-0.49801914147783943,-0.4980191414778394,False,0.1410219220760771,-0.7479207374387737
1.1,81,float64,False,False,True,-0.3515281861710976,-0.3540917565817804,False,0.058587575908668504,-0.14875879782528026
1.1,82,float32,False,False,True,-0.17542236954318688,-0.1756421709602951,False,0.054147057726549375,-0.15207295679517963
1.1,82,float64,False,False,True,-0.38301658974497066,-0.3830165897449706,False,0.16689926391932364,-0.8617111226401839
1.1,83,float32,False,False,True,-0.416906759630828,-0.416906759630828,False,0.22457189264366662,-0.9177052197234072
1.1,83,float64,False,False,True,-0.31374811836879335,-0.3137481183687933,False,0.20420907088052154,-0.8923842017940657
1.1,84,float32,False,False,True,-0.2218233596201591,-0.2218233596201591,False,0.10829013334726412,-0.7097617777311864
1.1,84,float64,False,False,True,-0.2366085311977859,-0.2366085311977859,False,0.06958843794580627,-0.1712711091680519
1.1,85,float32,False,False,True,-0.3053887479584514,-0.3053887479584514,False,0.21361920117207234,-0.7807069162003994
1.1,85,float64,False,False,True,-0.29576791089483434,-0.2957679108948343,False,0.21126959402493917,-0.7780575254179247
1.1,86,float32,False,False,True,-0.5099603932338326,-0.5099603932338326,False,0.07288589401280374,-0.19832498062701232
1.1,86,float64,False,False,True,-0.27234467712709076,-0.2723446771270907,False,0.1548852639556202,-0.6759897844247149
1.1,87,float32,False,False,True,-0.41754057436991454,-0.4175405743699145,False,0.24681919601216862,-0.7814439936959783
1.1,87,float64,False,False,True,-0.3273523457469172,-0.3273523457469172,False,0.23292813591891637,-0.761497397221758
1.1,88,float32,False,False,True,-0.2824961816170486,-0.2824961816170486,False,0.14044064761121966,-0.8827855713485437
1.1,88,float64,False,False,True,-0.27734828513796295,-0.2773482851379629,False,0.13985306237871953,-0.8791567551843258
1.1,89,float32,False,False,True,-0.19204872621156976,-0.1920487262115697,False,0.13871364102687167,-0.6842938768186002
1.1,89,float64,False,False,True,-0.22687860226303735,-0.2268786022630373,False,0.1424185543708898,-0.7468637709262627
1.1,90,float32,False,False,True,-0.17069507315035803,-0.170695073150358,False,0.16589347523950337,-0.6033977962510715
1.1,90,float64,False,False,True,-0.4036575656205179,-0.4036575656205179,False,0.15169799592031374,-0.8426388213120211
1.1,91,float32,False,False,True,-0.33189128905483,-0.33189128905483,False,0.1580235163057555,-0.890176688726072
1.1,91,float64,False,False,True,-0.599575570288545,-0.599575570288545,False,0.19378826301439922,-0.9361046550498475
1.1,92,float32,False,False,True,-0.2785780725202355,-0.2806252010511361,False,0.05673535218938636,-0.1442560424579952
1.1,92,float64,False,False,True,-0.357995699236036,-0.357995699236036,False,0.22334967758376223,-0.8180468528173694
1.1,93,float32,False,False,True,-0.3387395371336983,-0.3387395371336983,False,0.1519807868398999,-0.8617984951803042
1.1,93,float64,False,False,True,-0.4816941469477447,-0.4816941469477447,False,0.17389434362276912,-0.892094923002773
1.1,94,float32,False,False,True,-0.4676561698763324,-0.4676561698763324,False,0.20675436316061813,-0.872193610455688
1.1,94,float64,False,False,True,-0.35851627905140804,-0.358516279051408,False,0.18979929656362948,-0.8524639983785214
1.1,95,float32,False,False,True,-0.19521140071175624,-0.1952114007117562,False,0.1349023021349378,-0.738021018616493
1.1,95,float64,False,False,True,-0.41857184637491507,-0.418571846374915,False,0.1834726413341885,-0.8167041034358222
1.1,96,float32,False,False,True,-0.26273495146399695,-0.2627349514639969,False,0.11761526283314261,-0.8290364751206276
1.1,96,float64,False,False,True,-0.07208179125209632,-0.0721504604951228,False,0.034474901670394464,-0.09827290510820297
1.1,97,float32,False,False,True,-0.5034360590639562,-0.5034360590639562,False,0.1867696050749874,-0.8358224069336471
1.1,97,float64,False,False,True,-0.1798010881987877,-0.1798010881987877,False,0.12010304280578943,-0.7357011058511116
1.1,98,float32,False,False,True,-0.3359153507325985,-0.3359153507325985,False,0.2251025660417021,-0.8113349369078513
1.1,98,float64,False,False,True,-0.35894770093544404,-0.358947700935444,False,0.22963236247556829,-0.8168503026589669
1.1,99,float32,False,False,True,-0.05001064447147596,-0.0500521217797638,False,0.0030439781130634364,-0.007162723244187902
1.1,99,float64,False,False,True,-0.19288865391761334,-0.1928886539176133,False,0.1132636220478993,-0.722775330371233
1.1,100,float32,False,False,True,-0.27665118688855816,-0.2766511868885581,False,0.08773014891832354,-0.7294541871335642
1.1,100,float64,False,False,True,-0.09721582263261278,-0.0972917803498877,False,0.06297669750187884,-0.1499123607557025
1.1,101,float32,False,False,True,-0.7963544823823527,-0.7963544823823527,False,0.22553840559850924,-0.8562639737181801
1.1,101,float64,False,False,True,-0.4088476170624791,-0.4088476170624786,False,0.19514909452269702,-0.8185128045326913
1.1,102,float32,False,False,True,-0.46821887327126,-0.46821887327126,False,0.1997283229444866,-0.7965429897071639
1.1,102,float64,False,False,True,-0.2075240196100694,-0.2075240196100694,False,0.1430986316375975,-0.6784459670641638
1.1,103,float32,False,False,True,-0.11548055633552393,-0.1156454537737326,False,0.0072774823293101434,-0.019482056906112884
1.1,103,float64,False,False,True,-0.1898112098214466,-0.1898112098214466,False,0.13213669709682385,-0.7321714803989483
1.1,104,float32,False,False,True,-0.34277476925835826,-0.3427747692583582,False,0.2008284764558681,-0.8074425907026281
1.1,104,float64,False,False,True,-0.3221003315523512,-0.3221003315523512,False,0.1778195002674643,-0.7116724972621515
1.1,105,float32,False,False,True,-0.401908005947166,-0.401908005947166,False,0.1513706735838074,-0.9021824923927788
1.1,105,float64,False,False,True,-0.6345175629687474,-0.6345175629687474,False,0.1780504950622932,-0.9356451753297161
1.1,106,float32,False,False,True,-0.2369872109290747,-0.2369872109290747,False,0.10930140033161884,-0.7980401927689496
1.1,106,float64,False,False,True,-0.23525514850846285,-0.2352551485084628,False,0.10869827356801487,-0.7972008363115766
1.1,107,float32,False,False,True,-0.4840447006267752,-0.4840447006267752,False,0.21078043075814445,-0.8487597833613965
1.1,107,float64,False,False,True,-0.7260281995694988,-0.7260281995694988,False,0.0692133389185089,-0.19045813444308496
1.1,108,float32,False,False,True,-0.2836753282888247,-0.2836753282888247,False,0.1794515153161207,-0.7658940759908361
1.1,108,float64,False,False,True,-0.06489053751525233,-0.0649010628769132,False,0.015840649129038195,-0.04115400520918911
1.1,109,float32,False,False,True,-0.3282986989620307,-0.3282986989620307,False,0.1608024346683692,-0.9101883347647775
1.1,109,float64,False,False,True,-0.22751653534394212,-0.2275165353439421,False,0.13531536431847613,-0.8636410995196204
1.1,110,float32,False,False,True,-0.29204704375576895,-0.2920470437557689,False,0.10447835325153321,-0.9020730814043709
1.1,110,float64,False,False,True,-0.4529936655245468,-0.4529936655245468,False,0.13409650420147745,-0.9426609308210994
1.1,111,float32,False,False,True,-0.4581534943976129,-0.4581534943976129,False,0.11898194737619061,-0.8648299506046255
1.1,111,float64,False,False,True,-0.05581387382398928,-0.0558963127911311,False,0.008809298573874025,-0.0252468343160952
1.1,112,float32,False,False,True,-0.5217697042257283,-0.5217697042257283,False,0.24023586365411465,-0.8113869058534036
1.1,112,float64,False,False,True,-0.379236701475135,-0.379236701475135,False,0.2216369647231602,-0.7924476063291985
1.1,113,float32,False,False,True,-0.33850346129421105,-0.338503461294211,False,0.1162101774496449,-0.9525271071995416
1.1,113,float64,False,False,True,-0.5352416415922132,-0.5352416415922132,False,0.14585273199574722,-0.9989396163008557
1.1,114,float32,False,False,True,-0.30687683509953745,-0.3068768350995374,False,0.16801351011384646,-0.7133882621113372
1.1,114,float64,False,False,True,-0.006330906071246645,-0.006333438000867,False,0.0009321223874452222,-0.0021754844407894103
1.1,115,float32,False,False,True,-0.35556255334536946,-0.3555625533453694,False,0.17743458964582182,-0.8497585627698534
1.1,115,float64,False,False,True,-0.20419605442232713,-0.2041960544223271,False,0.13585466651619527,-0.793590799435739
1.1,116,float32,False,False,True,-0.15667536072168708,-0.156675360721687,False,0.12572710109438745,-0.6673921566090648
1.1,116,float64,False,False,True,-0.33326459682739973,-0.3332645968273997,False,0.20000895655462436,-0.8365290384773516
1.1,117,float32,False,False,True,-0.05679810081344472,-0.0569234564208501,False,0.0046519553646624245,-0.012245131179167451
1.1,117,float64,False,False,True,-0.023406010391058052,-0.0234540683869608,False,0.004823695548248352,-0.012679917933774654
1.1,118,float32,False,False,True,-0.24028145804617917,-0.2402814580461791,False,0.0034002138719664288,-1.0442141428761182
1.1,118,float64,False,False,True,-0.8673016602241446,-0.8673016602241446,False,0.0970894274018832,-1.1747612042778592
1.1,119,float32,False,False,True,-0.33131930792097153,-0.3313193079209715,False,0.13980505039303281,-0.8047848980032732
1.1,119,float64,False,False,True,-0.4991658539746262,-0.4991658539746262,False,0.16253221253012295,-0.8394944978257248
1.1,120,float32,False,False,True,-0.22953610644258207,-0.229536106442582,False,0.04447852405289193,-0.10389289793882156
1.1,120,float64,False,False,True,-0.15086521955124832,-0.1510388217151534,False,0.04283279129457071,-0.09904436978175479
1.1,121,float32,False,False,True,-0.03372680519998267,-0.0337268051999826,False,0.007014395292536751,-0.017769451641332035
1.1,121,float64,False,False,True,-0.19733228979777467,-0.1973322897977746,False,0.008794647388682741,-0.02341051224337093
1.1,122,float32,False,False,True,-0.5614668869172674,-0.5614668869172674,False,0.18947368652437824,-0.9406783093265751
1.1,122,float64,False,False,True,-0.32129656134842544,-0.3213128053072969,False,0.053502202554587354,-0.161807804222241
1.1,123,float32,False,False,True,-0.26894656338980916,-0.2689465633898091,False,0.20186563956072767,-0.8027782466890176
1.1,123,float64,False,False,True,-2.454344343450262,-2.454344343450262,False,0.18164982378121705,-0.5959344390175338
1.1,124,float32,False,False,True,-0.2606251881462569,-0.2606251881462569,False,0.17253127678051605,-0.7873727515999196
1.1,124,float64,False,False,True,-0.3869966163717429,-0.3869966163717429,False,0.19594511359783606,-0.8276636443455141
1.1,125,float32,False,False,True,-0.05822261105766735,-0.0583259527502705,False,0.00522717751169488,-0.013365029603766981
1.1,125,float64,False,False,True,-0.3002750887196104,-0.3002750887196104,False,0.16535397345623082,-0.7511736732153498
1.1,126,float32,False,False,True,-0.39823459686423135,-0.3982345968642313,False,0.1688748977114516,-0.8415416722457323
1.1,126,float64,False,False,True,-0.3122131127754,-0.3122131127754,False,0.14979981497742934,-0.8268388800733568
1.1,127,float32,False,False,True,-0.2512646277930579,-0.2512646277930579,False,0.19788323308246092,-0.7011509078681826
1.1,127,float64,False,False,True,-0.06852055374000515,-0.0686398650719696,False,0.005213603265176198,-0.013543452515828294
1.1,128,float32,False,False,True,-0.22394577028908952,-0.224445652658785,False,0.053403654906495956,-0.14779390411710872
1.1,128,float64,False,False,True,-0.5440825556913054,-0.5440825556913054,False,0.20620294972616726,-0.7172058020226224
1.1,129,float32,False,False,True,-0.27036977993537903,-0.270369779935379,False,0.11873307520501974,-0.746961732933924
1.1,129,float64,False,False,True,-0.2598969702828371,-0.2598969702828371,False,0.1128633008494333,-0.7483815456214487
1.1,130,float32,False,False,True,-0.27717684121892905,-0.277176841218929,False,0.2580132327078406,-0.7589048251968631
1.1,130,float64,False,False,True,-0.9567200058260052,-0.9567200058260052,False,0.31015333990695204,-0.8471274992297726
1.1,131,float32,False,False,True,-0.32935859907738596,-0.3293585990773859,False,0.20240894336957815,-0.783729872527072
1.1,131,float64,False,False,True,-0.24296392868215788,-0.2429639286821578,False,0.18006849401028013,-0.7556100808177941
1.1,132,float32,False,False,True,-0.40174335721880894,-0.4017433572188089,False,0.12389349144806161,-0.9096933001466176
1.1,132,float64,False,False,True,-0.29290605560867267,-0.2929060556086726,False,0.10435152986642038,-0.8781154092181698
1.1,133,float32,False,False,True,-0.05831724456467957,-0.0583172445646793,False,0.005845118719333686,-0.015739104511641788
1.1,133,float64,False,False,True,-0.3029713989913918,-0.3029713989913918,False,0.21587693860350932,-0.7062201377416013
1.1,134,float32,False,False,True,-0.23849704313903342,-0.2384970431390334,False,0.11607303676505865,-0.7803202274263104
1.1,134,float64,False,False,True,-0.5166324348912728,-0.5166324348912728,False,0.16681853140401515,-0.8473333578480711
1.1,135,float32,False,False,True,-1.039563535092729,-1.039563535092729,False,0.21717898271440372,-0.8791184495572923
1.1,135,float64,False,False,True,-0.18178517589846943,-0.1828322318111589,False,0.030778076130153376,-0.08313247039660882
1.1,136,float32,False,False,True,-0.06022058244026371,-0.0602478214041485,False,0.007955300367828558,-0.021159762295432052
1.1,136,float64,False,False,True,-0.062051327446502436,-0.0622448906726056,False,0.0050838846982158015,-0.013487846831483963
1.1,137,float32,False,False,True,-0.364534351576006,-0.364534351576006,False,0.1757740689767644,-0.849650880119782
1.1,137,float64,False,False,True,-0.35765728638970007,-0.3576572863897,False,0.18049200594877135,-0.8376564290364641
1.1,138,float32,False,False,True,-0.3995182165158728,-0.3995182165158728,False,0.24342648152340907,-0.726612405492304
1.1,138,float64,False,False,True,-0.42912939502257963,-0.4291293950225796,False,0.1602347713509733,-0.8511476377193112
1.1,139,float32,False,False,True,-0.7637950751346918,-0.7637950751346918,False,0.18853548963728972,-0.8712244772901814
1.1,139,float64,False,False,True,-0.3179199024470152,-0.3179199024470152,False,0.13867609523926383,-0.8108816328066535
1.1,140,float32,False,False,True,-0.6600840740172296,-0.6600840740172296,False,0.16553669896610845,-0.8985552534106773
1.1,140,float64,False,False,True,-0.559000623345272,-0.559000623345272,False,0.1580093270163463,-0.888531008534466
1.1,141,float32,False,False,True,-0.27307174459118366,-0.2730717445911836,False,0.20973953672286783,-0.5952478934140775
1.1,141,float64,False,False,True,-0.1670580901463108,-0.1670580901463108,False,0.03360364354830203,-0.8348496889579771
1.1,142,float32,False,False,True,-0.3745589187047478,-0.3745589187047482,False,0.15098682415689524,-0.8024706001661706
1.1,142,float64,False,False,True,-0.42831100255267707,-0.428311002552677,False,0.15634950574972173,-0.8166601524339763
1.1,143,float32,False,False,True,-0.20719637841833904,-0.2092323339291462,False,0.02984246446527805,-0.07817526487866572
1.1,143,float64,False,False,True,-0.47251679644443323,-0.4725167964444332,False,0.2237649780536053,-0.8441454431592721
1.1,144,float32,False,False,True,-0.48682426912919796,-0.4868242691291979,False,0.19751081548757998,-0.8745246941825071
1.1,144,float64,False,False,True,-0.3222357587781328,-0.3222357587781328,False,0.17105291334479844,-0.8402148638578169
1.1,145,float32,False,False,True,-0.3485838749096586,-0.3485838749096586,False,0.08442064471234723,-0.9984637747682754
1.1,145,float64,False,False,True,-0.2570092277064182,-0.2570092277064182,False,0.06022905396942768,-0.9648578605546128
1.1,146,float32,False,False,True,-0.329571927049094,-0.329571927049094,False,0.11353866051580397,-0.9216793035249573
1.1,146,float64,False,False,True,-0.3425638187604929,-0.3425638187604929,False,0.12062636047240005,-0.9180325436721191
1.1,147,float32,False,False,True,-0.2823102071337189,-0.2823102071337189,False,0.11914080252833337,-0.9555558452260531
1.1,147,float64,False,False,True,-0.42760109829012327,-0.4276010982901232,False,0.14795903277033773,-1.003662084392456
1.1,148,float32,False,False,True,-0.6729594194430777,-0.6729594194430777,False,0.16762929011327632,-0.8400683578571693
1.1,148,float64,False,False,True,-0.1432182082509192,-0.1432182082509192,False,0.017358569366029725,-0.04607693596164214
1.1,149,float32,False,False,True,-0.24353206555884263,-0.2435320655588426,False,0.01917572216415526,-0.056729525141627116
1.1,149,float64,False,False,True,-0.3105544419994253,-0.3105544419994253,False,0.26694193171497105,-0.6842381904561083
1.1,150,float32,False,False,True,-0.16370908037898246,-0.1637090803789824,False,0.09708623460549504,-0.7433568117965557
1.1,150,float64,False,False,True,-0.2152171907472744,-0.2152171907472739,False,0.21035594612790653,-0.6659164316369708
1.1,151,float32,False,False,True,-0.17518688140189198,-0.1751868814018919,False,0.20190811787890617,-0.5973767657735021
1.1,151,float64,False,False,True,-0.1771167713665731,-0.1776983378774263,False,0.04510305715920371,-0.1340477117095031
1.1,152,float32,False,False,True,-0.2386210180631232,-0.2386210180631232,False,0.11083240811020723,-0.7833801589046541
1.1,152,float64,False,False,True,-0.3448488020222995,-0.3448488020222995,False,0.2194562810702223,-0.720263511331928
1.1,153,float32,False,False,True,-0.37798732158056625,-0.3779873215805662,False,0.15396227505855897,-0.9025773836597608
1.1,153,float64,False,False,True,-0.43941475517887874,-0.4394147551788787,False,0.16477211042442352,-0.9152728060379349
1.1,154,float32,False,False,True,-0.4433055726413966,-0.4433055726413966,False,0.1690670345708094,-0.8164036006252742
1.1,154,float64,False,False,True,-0.3908632650749815,-0.3908632650749815,False,0.16966823238656037,-0.795836937509736
1.1,155,float32,False,False,True,-0.5265090609695378,-0.5265090609695378,False,0.22536712719077645,-1.0591432872882551
1.1,155,float64,False,False,True,-0.6793960215423196,-0.6793960215423196,False,0.23305797058957722,-1.0922456422034896
1.1,156,float32,False,False,True,-0.8659696789906586,-0.8659696789906586,False,0.24781253839732909,-0.8395445977820541
1.1,156,float64,False,False,True,-0.38583160547524376,-0.3858316054752437,False,0.20937367796639883,-0.7906571028734133
1.1,157,float32,False,False,True,-0.08135672486991474,-0.0819698404303386,False,0.0060946237524007185,-0.014640508321994983
1.1,157,float64,False,False,True,-0.2567402483912815,-0.2567402483912815,False,0.2128687839662149,-0.715098443567042
1.1,158,float32,False,False,True,-0.012509297407786946,-0.0125192772568578,False,0.0007623321517484516,-0.0018149463819540912
1.1,158,float64,False,False,True,-0.4373082775394366,-0.4373082775394366,False,0.24155437344354969,-0.7512826422614163
1.1,159,float32,False,False,True,-0.21016750986412802,-0.210167509864128,False,0.16284387868606487,-0.6482011035054196
1.1,159,float64,False,False,True,-0.2036284320115751,-0.2036284320115751,False,0.11643061843086677,-0.7855632506944463
1.1,160,float32,False,False,True,-0.26582103482605624,-0.2682396593214655,False,0.008301636201091825,-0.020497164636101878
1.1,160,float64,False,False,True,-0.2507400925905481,-0.2507400925905481,False,0.18335974718035075,-0.7558603128874832
1.1,161,float32,False,False,True,-0.3394771846473055,-0.3425612014483446,False,0.03679834408388055,-0.09031204230555565
1.1,161,float64,False,False,True,-0.5957659217954152,-0.5957659217954152,False,0.28875439211071363,-0.8261545608577467
1.1,162,float32,False,False,True,-0.3757598317541566,-0.3757598317541566,False,0.21355292915615198,-0.7706159864918263
1.1,162,float64,False,False,True,-0.023136646675946615,-0.0231366466759466,False,0.003379960944064897,-0.008275176529364492
1.1,163,float32,False,False,True,-0.4599514936519027,-0.4599514936519027,False,0.13424311275658063,-0.965564746170287
1.1,163,float64,False,False,True,-0.5516756328444363,-0.5516756328444363,False,0.29318289126927866,-0.6722721384439936
1.1,164,float32,False,False,True,-0.2668372884472716,-0.2668372884472716,False,0.1750246341953261,-0.7801778949445186
1.1,164,float64,False,False,True,-0.5122719819731678,-0.5122719819731678,False,0.21442429994514978,-0.8307887209663027
1.1,165,float32,False,False,True,-0.4356069906379445,-0.4356069906379445,False,0.1322636727723907,-0.9066255538553145
1.1,165,float64,False,False,True,-0.24501011920416393,-0.245447721382026,False,0.07107867639988263,-0.2090316030645191
1.1,166,float32,False,False,True,-0.6487090762747036,-0.6487090762747036,False,0.12094495562121121,-0.9905989603826839
1.1,166,float64,False,False,True,-0.14760317903250542,-0.1476031790325054,False,0.19589363269128235,-0.5292170296178558
1.1,167,float32,False,False,True,-0.5857882639290617,-0.5857882639290617,False,0.22279085204960314,-0.9638706554349321
1.1,167,float64,False,False,True,-0.36858958175083334,-0.3685895817508333,False,0.19575184896822329,-0.9224805797039046
1.1,168,float32,False,False,True,-0.306202795755655,-0.306202795755655,False,0.16318521517666262,-0.7684258460849502
1.1,168,float64,False,False,True,-0.06059656150568138,-0.0608284550326687,False,0.005682441617518241,-0.013965040443091714
1.1,169,float32,False,False,True,-0.17819675359487652,-0.1781967535948765,False,0.08265061905411208,-0.7978548856058776
1.1,169,float64,False,False,True,-0.27718067285864123,-0.2771806728586412,False,0.04224763832964087,-0.12252459537877
1.1,170,float32,False,False,True,-0.6740888914692671,-0.6740888914692671,False,0.24041764149838585,-0.8880394833140146
1.1,170,float64,False,False,True,-0.2956234997747045,-0.2962786083112543,False,0.056227770944839064,-0.1502939359073029
1.1,171,float32,False,False,True,-1.2767132607684983,-1.2767132607684983,False,0.1488762100900014,-1.0252928105103516
1.1,171,float64,False,False,True,-0.45130007635039693,-0.4513000763503969,False,0.10218067324758096,-0.9782624786889116
1.1,172,float32,False,False,True,-0.15309090373597511,-0.1530909037359751,False,0.12126126920668767,-0.7215049033740364
1.1,172,float64,False,False,True,-0.33283462664083396,-0.3328346266408339,False,0.1753179120775652,-0.6956065334857566
1.1,173,float32,False,False,True,-0.25115297646766077,-0.2511529764676607,False,0.14141759442620838,-0.8133243586190382
1.1,173,float64,False,False,True,-0.19644339350433793,-0.1964433935043379,False,0.12364628610114359,-0.782604116823185
1.1,174,float32,False,False,True,-0.5791847517814683,-0.5791847517814683,False,0.2340030955630592,-0.8958182181676255
1.1,174,float64,False,False,True,-0.37238140150790455,-0.3723814015079045,False,0.2116972181959671,-0.8568619486016029
1.1,175,float32,False,False,True,-0.6721206038049194,-0.6721206038049194,False,0.23559927113607015,-0.792972782831801
1.1,175,float64,False,False,True,-0.20098839028097304,-0.200988390280973,False,0.10670604895375035,-0.7336577367135728
1.1,176,float32,False,False,True,-0.0009711014987767719,-0.0009711985692386,False,0.0001162042357428783,-0.00031363049088783956
1.1,176,float64,False,False,True,-0.004655477868669822,-0.0046585356785697,False,0.0002305900177034248,-0.0005859521757232145
1.1,177,float32,False,False,True,-0.23447858284421536,-0.2344785828442153,False,0.035956026545867284,-0.10372344426386416
1.1,177,float64,False,False,True,-0.26329132265232325,-0.2632913226523232,False,0.14252445784884848,-0.8386434154202362
1.1,178,float32,False,False,True,-0.3628522780697425,-0.3628522780697425,False,0.23808931770732045,-0.8415990425949698
1.1,178,float64,False,False,True,-0.2397795436902066,-0.2397795436902066,False,0.21155195544310068,-0.7964837426316329
1.1,179,float32,False,False,True,-0.0633516843234827,-0.0637532817705943,False,0.006150706658528016,-0.015760355259117453
1.1,179,float64,False,False,True,-0.058847082888017876,-0.059188135377509,False,0.006721495512527875,-0.017330449005225956
1.1,180,float32,False,False,True,-0.18418773803630684,-0.1841877380363068,False,0.17866195347218472,-0.6494192070780294
1.1,180,float64,False,False,True,-0.6080324333232259,-0.6080324333232259,False,0.1939965375346988,-0.911230474763074
1.1,181,float32,False,False,True,-0.356584384839179,-0.356584384839179,False,0.16749078225449487,-0.8109286355315586
1.1,181,float64,False,False,True,-0.08702616791087714,-0.087309912839391,False,0.012622010621965385,-0.03444715294607453
1.1,182,float32,False,False,True,-0.6727937470302918,-0.6727937470302918,False,0.1558116917400154,-0.9556772303605996
1.1,182,float64,False,False,True,-0.5468727312243513,-0.5468727312243513,False,0.14461042162072602,-0.9409431183349506
1.1,183,float32,False,False,True,-0.3236434676275062,-0.3236434676275062,False,0.14994138659741374,-0.8760221654194105
1.1,183,float64,False,False,True,-0.25623706430863535,-0.2562370643086353,False,0.13311312482445636,-0.8503847971388527
1.1,184,float32,False,False,True,-0.22418656412350924,-0.2241865641235092,False,0.17054002405525281,-0.8063528393165331
1.1,184,float64,False,False,True,-0.4131841510262575,-0.4131841510262575,False,0.21501171333328273,-0.8672167305250014
1.1,185,float32,False,False,True,-0.01643642948196189,-0.0164416289780749,False,0.001785599430629392,-0.004401284240899361
1.1,185,float64,False,False,True,-0.4300759676728605,-0.4300759676728605,False,0.1818947832112583,-0.783627295634358
1.1,186,float32,False,False,True,-0.5064982789703896,-0.5064982789703896,False,0.21722473389155628,-0.7319551305057681
1.1,186,float64,False,False,True,-0.08551960360342215,-0.0857233660614144,False,0.025699278044122198,-0.07021478016722904
1.1,187,float32,False,False,True,-0.7593675547133909,-0.7593675547133909,False,0.2222524575678695,-0.9615430935286451
1.1,187,float64,False,False,True,-0.32789768554543697,-0.3278976855454369,False,0.17859086161180926,-0.8952981594274405
1.1,188,float32,False,False,True,-0.3261134253339768,-0.3261134253339768,False,0.22610048143114447,-0.8245952622484669
1.1,188,float64,False,False,True,-0.6029885739371643,-0.6029885739371643,False,0.251884998868225,-0.8799325251681838
1.1,189,float32,False,False,True,-0.41676960819170317,-0.4167696081917031,False,0.1557061896391625,-0.8654852940522062
1.1,189,float64,False,False,True,-0.20135048615439166,-0.2020947521921809,False,0.02356965524789084,-0.06740490905713517
1.1,190,float32,False,False,True,-0.18344564474302372,-0.1834456447430237,False,0.11775357462070879,-0.641106664435199
1.1,190,float64,False,False,True,-0.2975970207395049,-0.2975970207395049,False,0.16030236745396031,-0.6704236754733852
1.1,191,float32,False,False,True,-0.21954147204724705,-0.219541472047247,False,0.20380335059022592,-0.7303923278424502
1.1,191,float64,False,False,True,-1.838970504016293,-1.838970504016293,False,0.28774661800929535,-0.8678505114802109
1.1,192,float32,False,False,True,-0.4502713735319528,-0.4502713735319528,False,0.20944446448549847,-0.8642287112555964
1.1,192,float64,False,False,True,-0.1745955441372482,-0.1745955441372482,False,0.15480037989885886,-0.6425232369207468
1.1,193,float32,False,False,True,-0.3867179566574892,-0.3867179566574892,False,0.1811836912325555,-0.8644775976994463
1.1,193,float64,False,False,True,-0.27845386736400446,-0.2784538673640044,False,0.15529842962613394,-0.8380630890545238
1.1,194,float32,False,False,True,-0.21630154026011406,-0.216301540260114,False,0.13560393337286314,-0.8204958200576957
1.1,194,float64,False,False,True,-0.24707760872905915,-0.2470776087290591,False,0.18548424718641598,-0.6313304460496241
1.1,195,float32,False,False,True,-0.3659166334661217,-0.3659166334661217,False,0.2267167904045735,-0.7971958048889434
1.1,195,float64,False,False,True,-0.25613596256312565,-0.2561359625631256,False,0.0967860194867125,-0.717087754209139
1.1,196,float32,False,False,True,-0.0516254472758404,-0.0516541609995782,False,0.008858602684674338,-0.024173409281682684
1.1,196,float64,False,False,True,-0.46459561936013527,-0.4645956193601352,False,0.13694154791603985,-0.8290245184819014
1.1,197,float32,False,False,True,-1.2778183673153767,-1.277818367315377,False,0.25028344567258665,-0.8541802266463749
1.1,197,float64,False,False,True,-0.23613158211648777,-0.2361315821164877,False,0.1765013190248812,-0.7417646453345235
1.1,198,float32,False,False,True,-0.3292910307508996,-0.3292910307508996,False,0.16765224286650238,-0.7718023248968287
1.1,198,float64,False,False,True,-0.2691515941500553,-0.2691515941500553,False,0.15745847333002594,-0.7490671816981109
1.1,199,float32,False,False,True,-0.4025173282175607,-0.4025173282175607,False,0.14977882607784299,-0.8500125929577109
1.1,199,float64,False,False,True,-2.2047540852060155,-2.2047540852060155,False,0.11022140913047564,-0.30598710117854666
1.15,0,float32,False,False,True,-2.358955352092055,-2.358955352092055,False,0.12443541713487666,-0.9643905448981744
1.15,0,float64,False,False,True,-0.2478584272594202,-0.2478584272594202,False,0.15063454697815537,-0.5720946954863475
1.15,1,float32,False,False,True,-0.28582829545893773,-0.2858282954589377,False,0.13764300146918806,-0.7480329795259575
1.15,1,float64,False,False,True,-0.2215957730883109,-0.2215957730883109,False,0.11893952721623968,-0.7047932986352006
1.15,2,float32,False,False,True,-0.13752619788500065,-0.1375261978850006,False,0.04739846495971811,-0.611999530899233
1.15,2,float64,False,False,True,-0.19877918929232274,-0.1987791892923227,False,0.10042078865187598,-0.6402255871882634
1.15,3,float32,False,False,True,-0.36631140783335514,-0.3663114078333551,False,0.16855828555459595,-0.812664263993538
1.15,3,float64,False,False,True,-0.4282744893844135,-0.4282744893844135,False,0.17918088511871222,-0.835606909580255
1.15,4,float32,False,False,True,-0.00812476050057076,-0.0081260636188935,False,0.0014388860930084624,-0.004117227353602482
1.15,4,float64,False,False,True,-0.010720665890817216,-0.0107206658908172,False,0.0022744455532643926,-0.006508463545426002
1.15,5,float32,False,False,True,-0.21096956180629522,-0.2109695618062952,False,0.1585969501433624,-0.6076293015817473
1.15,5,float64,False,False,True,-0.18034195788975804,-0.180341957889758,False,0.06401050819711607,-0.6814189595835636
1.15,6,float32,False,False,True,-0.09125903012123762,-0.0912590301212376,False,0.01762444830802684,-0.048677481266556494
1.15,6,float64,False,False,True,-0.08785421123663495,-0.0882722606875444,False,0.011893110696625131,-0.03276632815808955
1.15,7,float32,False,False,True,-0.12392821816429755,-0.1239282181642975,False,0.04659521041412873,-0.5762855086156158
1.15,7,float64,False,False,True,-0.14227175133790348,-0.1422717513379034,False,0.06239650226616078,-0.5958808697465816
1.15,8,float32,False,False,True,-0.010795044020661448,-0.0108011821493263,False,0.0019677043250406756,-0.005188080394009531
1.15,8,float64,False,False,True,-0.018654706811668142,-0.0186639601295219,False,0.0020458199987997416,-0.005399614923073892
1.15,9,float32,False,False,True,-0.26123367856520696,-0.2612336785652069,False,0.18467413938856758,-0.6679063718837899
1.15,9,float64,False,False,True,-0.40847141852582913,-0.4084714185258291,False,0.11553041304021683,-0.758229823218735
1.15,10,float32,False,False,True,-0.1665858959376605,-0.1665858959376605,False,0.06251005035856494,-0.6755035685346105
1.15,10,float64,False,False,True,-0.12715905604302513,-0.1271590560430251,False,0.03529712869614876,-0.6273801334944338
1.15,11,float32,False,False,True,-0.21196004471693675,-0.2120640073208615,False,0.030833400010044774,-0.07686181274749132
1.15,11,float64,False,False,True,-0.32595634240171467,-0.3259563424017146,False,0.18243469221025244,-0.7326632779719269
1.15,12,float32,False,False,True,-0.1514086883808723,-0.1514086883808723,False,-0.004864284729553248,-0.6573615763719491
1.15,12,float64,False,False,True,-0.22119882275713185,-0.2216261844394379,False,0.03395970424154912,-0.09597256892122966
1.15,13,float32,False,False,True,-0.36125287675872353,-0.3616413259277499,False,0.06265483494797458,-0.1643550886802405
1.15,13,float64,False,False,True,-0.3107358999632557,-0.3107358999632557,False,0.1897311196869964,-0.7595671419171968
1.15,14,float32,False,False,True,-0.04069396873685438,-0.0406939687368543,False,0.006154124102658476,-0.01503288871403985
1.15,14,float64,False,False,True,-0.15781228253795287,-0.1578122825379528,False,0.05418911701192286,-0.6082322909889619
1.15,15,float32,False,False,True,-0.3396714307640214,-0.3396714307640214,False,0.11712929401193417,-0.7713772900973215
1.15,15,float64,False,False,True,-0.12030834203037433,-0.1203083420303743,False,0.020319152085082948,-0.6114525757203619
1.15,16,float32,False,False,True,-0.13455344418940096,-0.1345534441894009,False,0.012526428747443946,-0.030632233830490768
1.15,16,float64,False,False,True,-0.06928837421297901,-0.069288374212979,False,0.00733358304565751,-0.017857157813832302
1.15,17,float32,False,False,True,-0.01192435184692231,-0.0119288386678846,False,0.002884964973382975,-0.0074838111496647874
1.15,17,float64,False,False,True,-0.022260410859719637,-0.0222743905631154,False,0.00260526621556334,-0.006758309564517617
1.15,18,float32,False,False,True,-0.25066130039975176,-0.2506613003997517,False,0.10308053085705637,-0.7201460213771593
1.15,18,float64,False,False,True,-0.11893946866391714,-0.1189394686639171,False,0.023896835207013467,-0.5423587299297292
1.15,19,float32,False,False,True,-0.20428139261074563,-0.2042813926107456,False,0.05797379924966961,-0.736489333423247
1.15,19,float64,False,False,True,-0.11891019805768899,-0.1189101980576889,False,-0.004370972146436003,-0.6526351353863831
1.15,20,float32,False,False,True,-0.3986809363760564,-0.3986809363760564,False,0.19097097929394913,-0.773945657719115
1.15,20,float64,False,False,True,-0.32102864501224637,-0.3210286450122463,False,0.17263973132873822,-0.7488155044142228
1.15,21,float32,False,False,True,-0.15049138054489086,-0.1509479908171502,False,0.04089259567831288,-0.1097773186360263
1.15,21,float64,False,False,True,-0.29579246179677554,-0.2957924617967755,False,0.13137193581054163,-0.7583717550536146
1.15,22,float32,False,False,True,-0.507045117753369,-0.507045117753369,False,0.16096502210346575,-0.8129426847214516
1.15,22,float64,False,False,True,-0.15200710025484243,-0.1520071002548424,False,0.0626621935988716,-0.642821294441374
1.15,23,float32,False,False,True,-0.323555972089697,-0.323555972089697,False,0.14837060614000652,-0.7079503179318944
1.15,23,float64,False,False,True,-0.2107819387645149,-0.2107819387645149,False,0.11226080182737697,-0.645828990036847
1.15,24,float32,False,False,True,-0.3022750800256495,-0.3022750800256495,False,0.11968512707201562,-0.8055119025140804
1.15,24,float64,False,False,True,-0.2732110919491011,-0.2732110919491011,False,0.11056426583443191,-0.7908700944679996
1.15,25,float32,False,False,True,-0.7233312314484452,-0.7233312314484452,False,0.19343108030031342,-0.8666359296083597
1.15,25,float64,False,False,True,-0.22097476720588016,-0.2209747672058801,False,0.11064555334322179,-0.7024334335801097
1.15,26,float32,False,False,True,-1.3143064934669195,-1.3143064934669195,False,0.10657145142941038,-0.2670969297406589
1.15,26,float64,False,False,True,-0.28349970960431214,-0.2834997096043121,False,0.15351560405320797,-0.6917706033691591
1.15,27,float32,False,False,True,-0.38748927021165125,-0.3874892702116512,False,0.007840950421772241,-0.9792322168545109
1.15,27,float64,False,False,True,-0.33720907704059844,-0.3372090770405984,False,0.00209450736433503,-0.9468725802155635
1.15,28,float32,False,False,True,-0.31649756929876016,-0.3164975692987601,False,0.13483038186330454,-0.7248468411895228
1.15,28,float64,False,False,True,-0.34460394976041275,-0.3446039497604127,False,0.1450988497367618,-0.7304624178512693
1.15,29,float32,False,False,True,-0.18909104379745384,-0.1900807274409263,False,0.018356640904767046,-0.04946504444985361
1.15,29,float64,False,False,True,-0.6086396013862174,-0.6086396013862174,False,0.18203281077378186,-0.8241075426386884
1.15,30,float32,False,False,True,-0.261254877763589,-0.261254877763589,False,0.14134253530167484,-0.6732187883776248
1.15,30,float64,False,False,True,-0.047557804725178565,-0.047685464251115,False,0.006029580998513917,-0.01522253143048119
1.15,31,float32,False,False,True,-0.17294271334861655,-0.1729427133486165,False,0.005684173802759318,-0.8034393088591436
1.15,31,float64,False,False,True,-0.45154430653569877,-0.4515443065356987,False,0.09473557601929716,-0.9601520480986068
1.15,32,float32,False,False,True,-0.30200844784127945,-0.3020084478412794,False,0.19525978017551004,-0.6613721118881433
1.15,32,float64,False,False,True,-0.8341397584102676,-0.8341397584102676,False,0.030736124269415036,-0.0974277685470209
1.15,33,float32,False,False,True,-0.2511339385058471,-0.2511339385058471,False,0.10783688814055736,-0.7859722139574945
1.15,33,float64,False,False,True,-0.4316768803284545,-0.4316768803284545,False,0.15445442804193643,-0.8630737435959874
1.15,34,float32,False,False,True,-0.27455056375814113,-0.2745505637581411,False,0.09070591718378829,-0.7274633430442545
1.15,34,float64,False,False,True,-0.2589954960299399,-0.2589954960299399,False,0.08965052591009126,-0.7131379036615293
1.15,35,float32,False,False,True,-0.49431211065866876,-0.4943121106586687,False,0.1500392168150535,-0.8282952423911905
1.15,35,float64,False,False,True,-0.4383935736963478,-0.4383935736963478,False,0.14565991181314697,-0.8093478029179675
1.15,36,float32,False,False,True,-0.18428403483952094,-0.1842840348395213,False,0.10970936641467333,-0.7273762607856575
1.15,36,float64,False,False,True,-0.3591840993570514,-0.3591840993570514,False,0.18151442256654526,-0.8202159482279354
1.15,37,float32,False,False,True,-0.18902129546141921,-0.1898767062180691,False,0.016408240632802273,-0.04711645314137217
1.15,37,float64,False,False,True,-0.19451460700484624,-0.1945146070048462,False,0.04848775765782243,-0.7273100997301594
1.15,38,float32,False,False,True,-0.14001869172442882,-0.1400186917244288,False,-0.057084802852067185,-0.8342878498421804
1.15,38,float64,False,False,True,-0.20060298746287986,-0.2006029874628798,False,-0.014317014772164072,-0.9029223490870564
1.15,39,float32,False,False,True,-0.17461689587758844,-0.1746168958775884,False,0.07409238679249519,-0.6576819754370344
1.15,39,float64,False,False,True,-0.6243044047808564,-0.6243044047808564,False,0.17941318563150865,-0.8331054650658283
1.15,40,float32,False,False,True,-0.21699923577055547,-0.2169992357705554,False,0.11865206984863086,-0.7265894909655906
1.15,40,float64,False,False,True,-0.28497794125406983,-0.2849779412540698,False,0.1552431219713366,-0.6451785432438939
1.15,41,float32,False,False,True,-0.43742482191253584,-0.4374248219125358,False,0.21112330692073566,-0.7602208486217918
1.15,41,float64,False,False,True,-0.3124821273897761,-0.3131285130942901,False,0.04382311763798295,-0.11204624284652584
1.15,42,float32,False,False,True,-0.1944302777238489,-0.1944302777238489,False,0.13360631086518104,-0.5958943478061283
1.15,42,float64,False,False,True,-0.298218084664053,-0.298218084664053,False,0.12395248764026157,-0.7441746763520474
1.15,43,float32,False,False,True,-0.46483505918013357,-0.4648350591801335,False,0.1733621913328509,-0.8508534459804551
1.15,43,float64,False,False,True,-0.3320077810715434,-0.3320077810715434,False,0.14620696933322108,-0.8091331725089663
1.15,44,float32,False,False,True,-0.17615175579597775,-0.1761517557959777,False,0.09326288086022849,-0.6952377901912126
1.15,44,float64,False,False,True,-1.1353508151670813,-1.1353508151670813,False,0.2241674043139117,-0.9101937875129491
1.15,45,float32,False,False,True,-0.5181099936822617,-0.5181099936822617,False,0.10817457453986723,-0.9891494261686722
1.15,45,float64,False,False,True,-0.23230364058413722,-0.2323036405841372,False,0.03459935915554091,-0.8746203772571999
1.15,46,float32,False,False,True,-0.2555359588317138,-0.2558798997775114,False,0.04165150941290383,-0.1054357492389972
1.15,46,float64,False,False,True,-0.2115860314436404,-0.2126660454688206,False,0.038018595654048304,-0.09422418464904397
1.15,47,float32,False,False,True,-0.35941795996602854,-0.3594179599660285,False,0.1427506617529435,-0.8290998190028915
1.15,47,float64,False,False,True,-0.23671072232645773,-0.2367107223264577,False,0.10235900342848048,-0.7713351805819499
1.15,48,float32,False,False,True,-0.06114605315850585,-0.0612568352525648,False,0.013543828797145274,-0.03467243500481576
1.15,48,float64,False,False,True,-0.28891144721740414,-0.2889114472174041,False,0.12922866467537197,-0.7056104780407466
1.15,49,float32,False,False,True,-0.468984464754334,-0.468984464754334,False,0.11771675558227912,-0.8547829853254587
1.15,49,float64,False,False,True,-0.6324503876957901,-0.6324503876957901,False,0.13891892794760974,-0.8857304407903914
1.15,50,float32,False,False,True,-0.31177004221774873,-0.3117700422177487,False,0.08632345307921147,-0.23744221309142172
1.15,50,float64,False,False,True,-0.41428148270649645,-0.4142814827064964,False,0.16577981419130694,-0.8146848916721101
1.15,51,float32,False,False,True,-0.17125811891259257,-0.1712581189125925,False,0.07845124066770026,-0.5575114189044399
1.15,51,float64,False,False,True,-0.2799730651368497,-0.2799730651368497,False,0.1107965268825577,-0.7728292226561368
1.15,52,float32,False,False,True,-0.2103497297311976,-0.2103497297311976,False,0.12108325998930347,-0.6500427273730125
1.15,52,float64,False,False,True,-0.10101476472363125,-0.1010147647236312,False,0.045527627671329896,-0.532819701120939
1.15,53,float32,False,False,True,-0.2715215796031063,-0.2715215796031063,False,0.13148078781653538,-0.7448720607715344
1.15,53,float64,False,False,True,-0.34281886492760716,-0.3428188649276071,False,0.14978016076341394,-0.7810016517424261
1.15,54,float32,False,False,True,-0.6674553878901208,-0.6674553878901208,False,0.20200243715040633,-0.8178844317769034
1.15,54,float64,False,False,True,-0.18937559505251844,-0.1893755950525184,False,0.10309648743109534,-0.65295870059931
1.15,55,float32,False,False,True,-0.1531948872906479,-0.1545912510511683,False,0.004925940415105801,-0.012599098957190955
1.15,55,float64,False,False,True,-0.1018412429433353,-0.1022183390132618,False,0.010732354497804575,-0.028270606071705645
1.15,56,float32,False,False,True,-0.3465435865612916,-0.3465435865612916,False,0.2443338120770404,-0.6555486267407158
1.15,56,float64,False,False,True,-0.28887578021256743,-0.2888757802125674,False,0.10836785266619486,-0.7844399347968363
1.15,57,float32,False,False,True,-0.10370309953096365,-0.1037030995309636,False,0.020782382365819183,-0.054600332123745904
1.15,57,float64,False,False,True,-0.3358496274256382,-0.3358496274256382,False,0.157876013061502,-0.6972983411961469
1.15,58,float32,False,False,True,-0.7051477012717284,-0.7051477012717284,False,0.16886769922378075,-0.8688368597976579
1.15,58,float64,False,False,True,-0.20005039853740758,-0.2000503985374075,False,0.06868836572806458,-0.709224421666832
1.15,59,float32,False,False,True,-0.05660042058538539,-0.0569241506909106,False,0.0026411818181790725,-0.007171043645965547
1.15,59,float64,False,False,True,-0.07011591560644104,-0.0701957522143174,False,0.007311224702841179,-0.020176642278971438
1.15,60,float32,False,False,True,-0.23092504487913246,-0.2309250448791324,False,0.12541790363695604,-0.6200331198519251
1.15,60,float64,False,False,True,-0.2046363183121287,-0.2059606050021458,False,0.02451913147604784,-0.0663318639671572
1.15,61,float32,False,False,True,-0.15536171995962578,-0.1553617199596257,False,0.025423371656879468,-0.6613047789852775
1.15,61,float64,False,False,True,-0.139729501808194,-0.1401251926883822,False,0.027480095654046133,-0.07444341358555392
1.15,62,float32,False,False,True,-0.2913907685242978,-0.2913907685242973,False,0.17280541469166977,-0.8031063082916763
1.15,62,float64,False,False,True,-0.2609578603568603,-0.2609578603568603,False,0.16485349415943773,-0.7810659966848608
1.15,63,float32,False,False,True,-0.16185534334053564,-0.1618553433405356,False,0.06608066428063175,-0.6688375952193599
1.15,63,float64,False,False,True,-0.15233096509601518,-0.1523309650960151,False,0.058201036689073504,-0.6603824529077418
1.15,64,float32,False,False,True,-0.48005042672504317,-0.4800504267250431,False,0.13890473479149001,-1.010362679960891
1.15,64,float64,False,False,True,-0.28829275978892,-0.28829275978892,False,0.08257090673625811,-0.9385323623932003
1.15,65,float32,False,False,True,-0.07914494607889098,-0.0791449460788909,False,0.005703212713623835,-0.014456262641510509
1.15,65,float64,False,False,True,-0.034571490986776726,-0.0345816047911917,False,0.0053251865087004385,-0.013322817739609638
1.15,66,float32,False,False,True,-0.07344280669490777,-0.0738348409584503,False,0.004190865164944352,-0.010529604443243301
1.15,66,float64,False,False,True,-0.44859422158494944,-0.4485942215849494,False,0.1728910445536318,-0.7348565847392017
1.15,67,float32,False,False,True,-0.1525261565531233,-0.1525261565531233,False,0.03254655651807781,-0.6594663886333123
1.15,67,float64,False,False,True,-0.2261547662017902,-0.2261547662017902,False,0.07222171112160858,-0.7226197335605349
1.15,68,float32,False,False,True,-0.09376267710512948,-0.093853290873739,False,0.017839375160535825,-0.04794841177139067
1.15,68,float64,False,False,True,-0.09436579511442689,-0.0946543913426773,False,0.015591013589677127,-0.04191903467359215
1.15,69,float32,False,False,True,-0.23270046105393005,-0.23270046105393,False,0.0899260735449765,-0.6696712425408275
1.15,69,float64,False,False,True,-0.13343765731044144,-0.1334376573104414,False,0.03367047191165895,-0.5885853162211703
1.15,70,float32,False,False,True,-0.11896982326345498,-0.1190493754488805,False,0.027515327142871,-0.07154557703650899
1.15,70,float64,False,False,True,-0.1417160023374966,-0.1417160023374966,False,0.04426950004740604,-0.6171713815961635
1.15,71,float32,False,False,True,-0.13319152296192938,-0.1331915229619293,False,0.0034831870311400337,-0.7205391823842717
1.15,71,float64,False,False,True,-0.5060730702473921,-0.5060730702473921,False,0.13896691277550666,-0.9312949130619632
1.15,72,float32,False,False,True,-0.27346238929225963,-0.2734623892922596,False,0.131571705144367,-0.7440078306396494
1.15,72,float64,False,False,True,-0.13076550978399787,-0.131195910117263,False,0.0313129833607767,-0.08520481490465387
1.15,73,float32,False,False,True,-0.289729890816544,-0.289729890816544,False,0.08160854083244118,-0.8181150257860352
1.15,73,float64,False,False,True,-0.35004254762745024,-0.3500425476274502,False,0.20140605451803228,-0.6615378501089184
1.15,74,float32,False,False,True,-0.09380915871207743,-0.093904782048957,False,0.008653445272089236,-0.02295565771213999
1.15,74,float64,False,False,True,-0.1991572384099629,-0.1991572384099629,False,0.07049495406393014,-0.6787967123770429
1.15,75,float32,False,False,True,-0.1447166297469087,-0.1447166297469087,False,0.022148060272497716,-0.6419732167172434
1.15,75,float64,False,False,True,-0.1066208404068929,-0.1066208404068929,False,-0.010446297845135177,-0.5905940787884134
1.15,76,float32,False,False,True,-0.2185550207221696,-0.2185550207221696,False,0.1442496616707878,-0.687597060273843
1.15,76,float64,False,False,True,-0.19010503489382602,-0.190105034893826,False,0.1316473489795058,-0.6634637274099351
1.15,77,float32,False,False,True,-0.14141302374066722,-0.1414130237406672,False,0.016378853483361766,-0.7033090083397546
1.15,77,float64,False,False,True,-0.27880873849320054,-0.2788087384932005,False,0.08282227965228017,-0.816746086534625
1.15,78,float32,False,False,True,-0.37735060505817053,-0.3773506050581705,False,0.08256521952050644,-0.8565464787284967
1.15,78,float64,False,False,True,-0.21283599084128824,-0.2128359908412882,False,0.02931250084789916,-0.7723652359213737
1.15,79,float32,False,False,True,-0.2015631346064693,-0.2016676774592132,False,0.01447173183271875,-0.03720889086433741
1.15,79,float64,False,False,True,-0.11936759936913077,-0.1193675993691307,False,0.025734810299669064,-0.5829232565563558
1.15,80,float32,False,False,True,-0.046323665518646084,-0.0464127966106926,False,0.006541030786741009,-0.016638851399631005
1.15,80,float64,False,False,True,-0.26259567962022246,-0.2625956796202224,False,0.14869230669119204,-0.6991872877750449
1.15,81,float32,False,False,True,-0.3917945711500912,-0.3917945711500912,False,0.09236092917246008,-0.7019674076308897
1.15,81,float64,False,False,True,-0.3529999420399666,-0.3556190776831074,False,0.05845735220262338,-0.14840987620922902
1.15,82,float32,False,False,True,-0.17642905242167822,-0.1766515140488546,False,0.05414496817419995,-0.1520434106465053
1.15,82,float64,False,False,True,-0.2877152153308167,-0.2877152153308167,False,0.10424351708727819,-0.7729445252417069
1.15,83,float32,False,False,True,-0.3191187188987836,-0.3191187188987836,False,0.16881230126240432,-0.822808893715516
1.15,83,float64,False,False,True,-0.23268833724893057,-0.2326883372489305,False,0.13705281016294002,-0.7759776620454684
1.15,84,float32,False,False,True,-0.14835415277609387,-0.1483541527760938,False,0.023459909970728887,-0.598824524882577
1.15,84,float64,False,False,True,-0.2762281526102734,-0.2762281526102734,False,0.07151692621622513,-0.17669077471176473
1.15,85,float32,False,False,True,-0.21902501693302057,-0.2190250169330205,False,0.14614224412568788,-0.6704920373024699
1.15,85,float64,False,False,True,-0.20819931525180202,-0.2081993152518024,False,0.14105297159761498,-0.6631542221795108
1.15,86,float32,False,False,True,-0.4761106329235719,-0.4761106329235719,False,0.0696184235184042,-0.18922047065771383
1.15,86,float64,False,False,True,-0.19188769798586058,-0.1918876979858605,False,0.08513188803492433,-0.585243520034906
1.15,87,float32,False,False,True,-0.3150952261369464,-0.3150952261369464,False,0.193335514204362,-0.7001339782576235
1.15,87,float64,False,False,True,-0.2394149632633864,-0.2394149632633864,False,0.16994425193723828,-0.662160043777968
1.15,88,float32,False,False,True,-0.2027187510905133,-0.2027187510905133,False,0.0648117856059649,-0.7582496282056574
1.15,88,float64,False,False,True,-0.19729510165554576,-0.1972951016555457,False,0.06313552602862771,-0.7517496991592996
1.15,89,float32,False,False,True,-0.12844500830220973,-0.1284450083022097,False,0.050025433020785215,-0.5612527298377312
1.15,89,float64,False,False,True,-0.1586477451857431,-0.1586477451857431,False,0.06353989586679631,-0.6295161346891582
1.15,90,float32,False,False,True,-0.11049456186065587,-0.1104945618606558,False,0.08054380060009869,-0.47106160759352633
1.15,90,float64,False,False,True,-0.30571508711431683,-0.3057150871143168,False,0.09401468326459117,-0.7600749474776958
1.15,91,float32,False,False,True,-0.24576476162195426,-0.2457647616219542,False,0.08765423392469174,-0.7925366867101129
1.15,91,float64,False,False,True,-0.4873371040048782,-0.4873371040048782,False,0.14768975856544309,-0.8819945422834294
1.15,92,float32,False,False,True,-0.2790512593507505,-0.2812324424966034,False,0.05624062895140802,-0.1429902698647764
1.15,92,float64,False,False,True,-0.2686805071822955,-0.2686805071822955,False,0.15976768276760644,-0.7290267897597751
1.15,93,float32,False,False,True,-0.24827351626850636,-0.2482735162685063,False,0.0840182263938587,-0.7610021339877271
1.15,93,float64,False,False,True,-0.37612747112104117,-0.3761274711210411,False,0.12079634718255683,-0.819598463041002
1.15,94,float32,False,False,True,-0.3616411790944398,-0.3616411790944398,False,0.15545462786175168,-0.79279276451161
1.15,94,float64,False,False,True,-0.26253564645878313,-0.2625356464587831,False,0.12644312764705212,-0.7505172202479109
1.15,95,float32,False,False,True,-0.13494602833552882,-0.1349460283355288,False,0.05219392137484746,-0.6065255873175222
1.15,95,float64,False,False,True,-0.33819515294110936,-0.3381951529411093,False,0.13268803492132442,-0.7487291762873802
1.15,96,float32,False,False,True,-0.182355156479713,-0.182355156479713,False,0.039308728576939345,-0.7145366740506169
1.15,96,float64,False,False,True,-0.05800740228452031,-0.0580442423992329,False,0.03482487605957163,-0.09915287097127612
1.15,97,float32,False,False,True,-0.3948452929019397,-0.3948452929019397,False,0.13627713704544497,-0.7740574313419852
1.15,97,float64,False,False,True,-0.11998646458991047,-0.1199864645899104,False,0.027610082043969086,-0.5954117558715861
1.15,98,float32,False,False,True,-0.31125886950605075,-0.3112588695060507,False,0.18071420663345705,-0.7429386876813346
1.15,98,float64,False,False,True,-0.2695202239070347,-0.2695202239070347,False,0.1691893699860998,-0.720005350188945
1.15,99,float32,False,False,True,-0.05020426520188953,-0.0502453397615632,False,0.0030574518398753803,-0.007194694427466342
1.15,99,float64,False,False,True,-0.12684994637902847,-0.1268499463790284,False,0.024925740053747703,-0.5872970341016917
1.15,100,float32,False,False,True,-0.19047758702431805,-0.190477587024318,False,0.010271692505696706,-0.6382015336945628
1.15,100,float64,False,False,True,-0.11247948987317499,-0.1125826406621273,False,0.06282196265573797,-0.14954706952405394
1.15,101,float32,False,False,True,-0.6931844869295523,-0.6931844869295523,False,0.19409994340393633,-0.8255145794222365
1.15,101,float64,False,False,True,-0.31031542009213986,-0.3103154200921398,False,0.13773188713684625,-0.7423633494233304
1.15,102,float32,False,False,True,-0.3617107548945646,-0.3617107548945646,False,0.14733088519556414,-0.727521576403479
1.15,102,float64,False,False,True,-0.13195729372211096,-0.1319572937221109,False,0.05832500741584745,-0.5455202153428687
1.15,103,float32,False,False,True,-0.11617267136851048,-0.1163406101901755,False,0.007259845961892698,-0.019429949654120836
1.15,103,float64,False,False,True,-0.11591670375030105,-0.115916703750301,False,0.03386354199824915,-0.5802388398631759
1.15,104,float32,False,False,True,-0.2565725115215036,-0.2565725115215036,False,0.1402260718705346,-0.7113393799421832
1.15,104,float64,False,False,True,-0.23024839616190151,-0.2302483961619015,False,0.11268615613788846,-0.6248784679813664
1.15,105,float32,False,False,True,-0.30436685226682014,-0.3043668522668201,False,0.08959630550264208,-0.8170414598876388
1.15,105,float64,False,False,True,-0.5229707726881534,-0.5229707726881534,False,0.13476653449495402,-0.8838589914859201
1.15,106,float32,False,False,True,-0.1611554419105321,-0.1611554419105321,False,0.021483728070451846,-0.6778067330484596
1.15,106,float64,False,False,True,-0.16078269688899738,-0.1607826968889973,False,0.021255473278218417,-0.677343764302913
1.15,107,float32,False,False,True,-0.38195262465715185,-0.3819526246571518,False,0.16269714129159318,-0.7819843653397225
1.15,107,float64,False,False,True,-0.5014362771680492,-0.5014362771680492,False,0.05398537002285919,-0.14824244514699128
1.15,108,float32,False,False,True,-0.20391650045002763,-0.2039165004500276,False,0.11027979227243101,-0.6589142167285953
1.15,108,float64,False,False,True,-0.06488748825153516,-0.0649001450115115,False,0.015804971766665593,-0.04105832682427152
1.15,109,float32,False,False,True,-0.24406945871037244,-0.2440694587103724,False,0.09323850787193066,-0.8009984793828497
1.15,109,float64,False,False,True,-0.15925314079874298,-0.1592531407987429,False,0.052680485262396104,-0.7217003715180308
1.15,110,float32,False,False,True,-0.20891984482992143,-0.2089198448299214,False,0.02281141992879654,-0.7958474562281594
1.15,110,float64,False,False,True,-0.34650439547043943,-0.3465043954704394,False,0.0717881461910137,-0.8706082932570673
1.15,111,float32,False,False,True,-0.3543113019705486,-0.3543113019705486,False,0.06222265376243019,-0.8019620023347631
1.15,111,float64,False,False,True,-0.05602213474377732,-0.0561042360032266,False,0.008821266800340288,-0.025280562690722597
1.15,112,float32,False,False,True,-0.41170854318297945,-0.4117085431829794,False,0.19462181118165134,-0.7476157217798729
1.15,112,float64,False,False,True,-0.28087930512733417,-0.2808793051273341,False,0.1616049505207986,-0.7041467561062618
1.15,113,float32,False,False,True,-0.2447445704718847,-0.2447445704718838,False,0.04538954128116934,-0.8366214812347685
1.15,113,float64,False,False,True,-0.42637200795501995,-0.4263720079550199,False,0.09498927872336616,-0.924232760827179
1.15,114,float32,False,False,True,-0.2171425287781914,-0.2171425287781914,False,0.09543161415580137,-0.6222558310647326
1.15,114,float64,False,False,True,-0.006383453722863308,-0.0063860054996309,False,0.0009323381557753141,-0.002175989008433188
1.15,115,float32,False,False,True,-0.24469938428786575,-0.2446993842878657,False,0.10837398816433819,-0.74086029879631
1.15,115,float64,False,False,True,-0.1506331980129083,-0.1506331980129083,False,0.05763949374327382,-0.6657376393336278
1.15,116,float32,False,False,True,-0.0960854694327904,-0.0960854694327904,False,0.022048414741110633,-0.5250115521133019
1.15,116,float64,False,False,True,-0.249788361321146,-0.249788361321146,False,0.13353905635904617,-0.7450628921148912
1.15,117,float32,False,False,True,-0.05731685623763383,-0.0574433045502786,False,0.004653000349678443,-0.012247686273398728
1.15,117,float64,False,False,True,-0.023604339953160247,-0.023652787160167,False,0.004824480178397206,-0.01268211553060361
1.15,118,float32,False,False,True,-0.17165835549200814,-0.1716583554920081,False,-0.08348435016825029,-0.9005117787498502
1.15,118,float64,False,False,True,-0.7757461038616515,-0.7757461038616515,False,0.061294279587280176,-1.1332997124997801
1.15,119,float32,False,False,True,-0.2377948239449359,-0.2377948239449359,False,0.06930872531835597,-0.7119072180530246
1.15,119,float64,False,False,True,-0.427962909919017,-0.427962909919017,False,0.11699460712995702,-0.7899186101708295
1.15,120,float32,False,False,True,-0.22938947187801004,-0.22938947187801,False,0.04438839036583512,-0.10364224867918291
1.15,120,float64,False,False,True,-0.15168946314930742,-0.1518652010309134,False,0.04273972700824705,-0.09880079895733873
1.15,121,float32,False,False,True,-0.03376531533652993,-0.0337653153365299,False,0.007005768705661636,-0.017747966255954012
1.15,121,float64,False,False,True,-1.6427265080672913,-1.6427265080672913,False,-0.033772210804975,-0.5755954012964095
1.15,122,float32,False,False,True,-0.4804792902084021,-0.4804792902084021,False,0.14846632336483268,-0.8879389922926686
1.15,122,float64,False,False,True,-0.3235532987332198,-0.3235855370003234,False,0.05347028697697696,-0.16164851292302343
1.15,123,float32,False,False,True,-0.19187340099938455,-0.1918734009993845,False,0.12952708693610582,-0.6821549516499967
1.15,123,float64,False,False,True,-2.3266425132709374,-2.3266425132709374,False,0.1784115988505213,-0.5041304870285498
1.15,124,float32,False,False,True,-0.18299228783484267,-0.1829922878348426,False,0.09610515527596242,-0.6712324366901488
1.15,124,float64,False,False,True,-0.2942564036206985,-0.2942564036206985,False,0.13733448884911503,-0.7461531761763123
1.15,125,float32,False,False,True,-0.0587467956484472,-0.0588514143018773,False,0.005220642251113322,-0.01334819214687677
1.15,125,float64,False,False,True,-0.21535827624199744,-0.2153582762419974,False,0.09752124361642167,-0.6520648776158762
1.15,126,float32,False,False,True,-0.3018045972968122,-0.3018045972968122,False,0.11010738412457144,-0.7580815736777868
1.15,126,float64,False,False,True,-0.24708299497098762,-0.2470829949709876,False,0.08711409429888484,-0.7384686772564706
1.15,127,float32,False,False,True,-0.17434829941270813,-0.1743482994127081,False,0.1263403832436243,-0.5851395017570464
1.15,127,float64,False,False,True,-0.06885733161358137,-0.0689768088229497,False,0.005220291079250455,-0.013561077447204445
1.15,128,float32,False,False,True,-0.23021104220461294,-0.2307106735186957,False,0.05344237765686355,-0.1479907086184917
1.15,128,float64,False,False,True,-0.4335964105346748,-0.4335964105346748,False,0.1637689760261729,-0.6722114488494055
1.15,129,float32,False,False,True,-0.18508982288272957,-0.1850898228827295,False,0.03808911484912514,-0.6437156904539361
1.15,129,float64,False,False,True,-0.17773248198519997,-0.1777324819851999,False,0.02995730118453288,-0.6441124946362251
1.15,130,float32,False,False,True,-0.19956874080638398,-0.1995687408063839,False,0.19263570425443,-0.6403742643888055
1.15,130,float64,False,False,True,-0.8599879963951902,-0.8599879963951902,False,0.28815773013505463,-0.8186371019882746
1.15,131,float32,False,False,True,-0.2424468359258487,-0.2424468359258487,False,0.13526525828845593,-0.6905889298862089
1.15,131,float64,False,False,True,-0.1904862077157503,-0.1904862077157503,False,0.11028187031258518,-0.6569472094121647
1.15,132,float32,False,False,True,-0.3066764115768632,-0.3066764115768632,False,0.06377770673963923,-0.8266954461001532
1.15,132,float64,False,False,True,-0.20600611706989724,-0.2060061170698972,False,0.02868118543086773,-0.7641932869484229
1.15,133,float32,False,False,True,-0.06105437721801765,-0.0610543772180178,False,0.00603537942627097,-0.016250795301433252
1.15,133,float64,False,False,True,-0.21856207121951687,-0.2185620712195168,False,0.1520767466815478,-0.6073456852459422
1.15,134,float32,False,False,True,-0.16581843706193,-0.16581843706193,False,0.03228573910559085,-0.6637318908324037
1.15,134,float64,False,False,True,-0.4080445557668537,-0.4080445557668537,False,0.11522931598824737,-0.7878049718488453
1.15,135,float32,False,False,True,-0.9583520763101969,-0.9583520763101968,False,0.1927048319101421,-0.8601422730005632
1.15,135,float64,False,False,True,-0.1838325024793882,-0.1849203607056055,False,0.030615023631881066,-0.08268045543315566
1.15,136,float32,False,False,True,-0.060325454723005184,-0.0603525412630368,False,0.00795913401706301,-0.02116917357215161
1.15,136,float64,False,False,True,-0.06271656811639603,-0.0629125376795872,False,0.005076893467889476,-0.013473840334711662
1.15,137,float32,False,False,True,-0.27059070346933156,-0.2705907034693315,False,0.11203164713429814,-0.7562111789623298
1.15,137,float64,False,False,True,-0.2611916199878803,-0.2611916199878803,False,0.11683572199761194,-0.7381787965487145
1.15,138,float32,False,False,True,-0.30012480585333146,-0.3001248058533314,False,0.1911381912391228,-0.6515990521933865
1.15,138,float64,False,False,True,-0.32633429304409667,-0.3263342930440966,False,0.10046565950892816,-0.7757010861257934
1.15,139,float32,False,False,True,-0.6497973553625762,-0.6497973553625762,False,0.15154455192051097,-0.8350210426238505
1.15,139,float64,False,False,True,-0.22442037209964916,-0.2244203720996487,False,0.06350619244800626,-0.7103910853343418
1.15,140,float32,False,False,True,-0.5469129480705917,-0.5469129480705917,False,0.12336896415831067,-0.853430281833119
1.15,140,float64,False,False,True,-0.466301830703606,-0.466301830703606,False,0.11256261771985354,-0.8367000378097886
1.15,141,float32,False,False,True,-0.18949684750486817,-0.1894968475048681,False,0.14106785293049917,-0.5040608378726787
1.15,141,float64,False,False,True,-0.10388672457857595,-0.1038867245785759,False,-0.07175237914027832,-0.6670430949712731
1.15,142,float32,False,False,True,-0.2785606542484773,-0.2785606542484773,False,0.08839741431399872,-0.7219857820044879
1.15,142,float64,False,False,True,-0.32485588844539537,-0.3248558884453953,False,0.09825079805185677,-0.7466684368122616
1.15,143,float32,False,False,True,-0.20858908255104291,-0.2106399827620109,False,0.02983554065598515,-0.0781588673438483
1.15,143,float64,False,False,True,-0.37012412985996557,-0.3701241298599655,False,0.1736098183642083,-0.7760713285382908
1.15,144,float32,False,False,True,-0.37685169746142533,-0.3768516974614253,False,0.14470251739790818,-0.8020259783702741
1.15,144,float64,False,False,True,-0.23504703396444082,-0.2350470339644408,False,0.10137606680681621,-0.7370387946606733
1.15,145,float32,False,False,True,-0.2578243524387669,-0.2578243524387669,False,0.01185526722341379,-0.8945633894283862
1.15,145,float64,False,False,True,-0.1845552892559139,-0.1845552892559139,False,-0.023837536687771888,-0.8386418314641464
1.15,146,float32,False,False,True,-0.2415431178993086,-0.2415431178993086,False,0.04419319802208577,-0.8163537430781549
1.15,146,float64,False,False,True,-0.2443047563550631,-0.2443047563550631,False,0.05136950117873518,-0.8086156619988643
1.15,147,float32,False,False,True,-0.19726152004204645,-0.1972615200420464,False,0.03853610858045364,-0.8178053248274413
1.15,147,float64,False,False,True,-0.3230013255025521,-0.3230013255025521,False,0.08640629400690969,-0.9050243676458187
1.15,148,float32,False,False,True,-0.5569265637276648,-0.5569265637276648,False,0.12693565051329347,-0.8006090350239017
1.15,148,float64,False,False,True,-0.1420413622098372,-0.1420413622098372,False,0.017253245436961107,-0.0458103053582235
1.15,149,float32,False,False,True,-0.24221510240699232,-0.2422151024069923,False,0.019093969776711427,-0.05647274762278725
1.15,149,float64,False,False,True,-0.2257067677282878,-0.2257067677282878,False,0.20666429936831854,-0.5897302581876271
1.15,150,float32,False,False,True,-0.10767237557167997,-0.1076723755716799,False,0.0036871926639179264,-0.5964395446334905
1.15,150,float64,False,False,True,-0.14920224594188447,-0.1492022459418844,False,0.1350104303876023,-0.5432293322987096
1.15,151,float32,False,False,True,-0.11328018261025674,-0.1132801826102567,False,0.11799082645542391,-0.4642861500912687
1.15,151,float64,False,False,True,-0.18217702888550508,-0.182759252472229,False,0.04652658471515975,-0.13756356919148294
1.15,152,float32,False,False,True,-0.16222917608975962,-0.1622291760897596,False,0.024330241448053513,-0.6636771474795147
1.15,152,float64,False,False,True,-0.2570070577115633,-0.2570070577115633,False,0.1611235311604169,-0.638832814670721
1.15,153,float32,False,False,True,-0.28202039844868976,-0.2820203984486897,False,0.08856948395889397,-0.8070902189903641
1.15,153,float64,False,False,True,-0.34097743661952906,-0.340977436619529,False,0.10706839969128357,-0.8335203076862738
1.15,154,float32,False,False,True,-0.34206640343640293,-0.3420664034364029,False,0.1146173374645647,-0.7486867985010219
1.15,154,float64,False,False,True,-0.3484645736762877,-0.3484645736762877,False,0.12605507557037665,-0.7364568522295913
1.15,155,float32,False,False,True,-0.418844794516799,-0.418844794516799,False,0.17759076686873954,-0.9710930074017243
1.15,155,float64,False,False,True,-0.5648317361165747,-0.5648317361165747,False,0.19284888866228656,-1.0276743443381076
1.15,156,float32,False,False,True,-0.8023503362790039,-0.8023503362790039,False,0.21944333784272185,-0.8172818150527861
1.15,156,float64,False,False,True,-0.2855677226424165,-0.2855677226424165,False,0.14504185783317425,-0.7104228294185795
1.15,157,float32,False,False,True,-0.08222364434341523,-0.0828499645428699,False,0.005997352097165787,-0.014413676605185721
1.15,157,float64,False,False,True,-0.18120828489569263,-0.1812082848956926,False,0.14319313240191534,-0.5979774178968551
1.15,158,float32,False,False,True,-0.012499914314430427,-0.0125098116837811,False,0.0007694653976374755,-0.0018319282682540683
1.15,158,float64,False,False,True,-0.33082170987006565,-0.3308217098700656,False,0.19099549347303402,-0.675602073073664
1.15,159,float32,False,False,True,-0.13953856594343605,-0.139538565943436,False,0.08112689253581884,-0.5294319158107168
1.15,159,float64,False,False,True,-0.1412547030186979,-0.1412547030186979,False,0.027478553581811838,-0.6540955055397717
1.15,160,float32,False,False,True,-0.2680547677824602,-0.2705176227823647,False,0.00820896221754601,-0.02023744702039401
1.15,160,float64,False,False,True,-0.1711171185704763,-0.1711171185704763,False,0.10613687597305166,-0.6322138201041376
1.15,161,float32,False,False,True,-0.3419345606015301,-0.3450635387394074,False,0.03672576291506224,-0.09012450744202385
1.15,161,float64,False,False,True,-0.4823756555252463,-0.4823756555252463,False,0.24968578929957186,-0.7711532143910871
1.15,162,float32,False,False,True,-0.2789388431105997,-0.2789388431105997,False,0.15397184854266577,-0.6878440012134881
1.15,162,float64,False,False,True,-0.02230484856790671,-0.0223048485679067,False,0.0032717415527775406,-0.008010634063159716
1.15,163,float32,False,False,True,-0.354310408316187,-0.354310408316187,False,0.07638447559087158,-0.891096918978608
1.15,163,float64,False,False,True,-0.4435141707316155,-0.4435141707316155,False,0.2566021538117207,-0.625538786533232
1.15,164,float32,False,False,True,-0.1959131774525722,-0.1959131774525722,False,0.10259548644655858,-0.674600217427896
1.15,164,float64,False,False,True,-0.4047210308992968,-0.4047210308992968,False,0.1668832620621421,-0.769545544290172
1.15,165,float32,False,False,True,-0.33328968952881155,-0.3332896895288115,False,0.07151908226593928,-0.8312588661105416
1.15,165,float64,False,False,True,-0.2454112188741019,-0.2458487569844842,False,0.07110421578589199,-0.20901862376186472
1.15,166,float32,False,False,True,-0.5530231246854491,-0.5530231246854491,False,0.07797676124556041,-0.9431577158143227
1.15,166,float64,False,False,True,-0.09644787862897397,-0.0964478786289739,False,0.11526675091571015,-0.3958430245277462
1.15,167,float32,False,False,True,-0.4757341196426923,-0.4757341196426923,False,0.17832886533849557,-0.8977201640663814
1.15,167,float64,False,False,True,-0.28454386419906674,-0.2845438641990667,False,0.13561310167517426,-0.8233271331267922
1.15,168,float32,False,False,True,-0.21839013980786204,-0.218390139807862,False,0.09187796679819549,-0.6731730012620432
1.15,168,float64,False,False,True,-0.06119830350116939,-0.0614329241127782,False,0.005674649366800233,-0.013945628248940856
1.15,169,float32,False,False,True,-0.12128143692269244,-0.1212814369226924,False,-0.017511660136044327,-0.6651817904437856
1.15,169,float64,False,False,True,-0.27524932671026414,-0.2752493267102641,False,0.042006084886030755,-0.12178476487278375
1.15,170,float32,False,False,True,-0.5603942185657296,-0.5603942185657296,False,0.2023338222909743,-0.8413532861073705
1.15,170,float64,False,False,True,-0.2983139359433643,-0.298984227442739,False,0.05619688984843259,-0.1502054834713215
1.15,171,float32,False,False,True,-1.1684927919003512,-1.1684927919003512,False,0.12029920521257376,-1.019540843549903
1.15,171,float64,False,False,True,-0.34327829359374507,-0.343278293593745,False,0.04197108971400354,-0.8951068279237937
1.15,172,float32,False,False,True,-0.09584297330180691,-0.0958429733018069,False,0.022723942838545952,-0.5564154514340665
1.15,172,float64,False,False,True,-0.23809028908117513,-0.2380902890811751,False,0.1110951297714422,-0.6134484503516795
1.15,173,float32,False,False,True,-0.1784083950753761,-0.1784083950753761,False,0.06400172543529159,-0.6937366241722387
1.15,173,float64,False,False,True,-0.1344705362794767,-0.1344705362794767,False,0.03657935189267825,-0.6433681042698556
1.15,174,float32,False,False,True,-0.46751220517453485,-0.4675122051745348,False,0.189424381575102,-0.8359435023367006
1.15,174,float64,False,False,True,-0.27907774442717326,-0.2790777444271732,False,0.15014992452646148,-0.7621751363365945
1.15,175,float32,False,False,True,-0.556453444163334,-0.556453444163334,False,0.19999564436688733,-0.7516405946974434
1.15,175,float64,False,False,True,-0.13591971581978068,-0.1359197158197806,False,0.015564544034873506,-0.6132051317527356
1.15,176,float32,False,False,True,-0.004137228003773918,-0.0041389809433916,False,0.0005108641766626842,-0.0013018578512195011
1.15,176,float64,False,False,True,-0.00461955600369901,-0.0046226251985037,False,-0.0002090311201797812,-0.0009949216763264768
1.15,177,float32,False,False,True,-0.24072493231982894,-0.2407249323198289,False,0.03609263557056799,-0.10415700951661237
1.15,177,float64,False,False,True,-0.18908852016872624,-0.1890885201687262,False,0.06570875459650871,-0.7240534253174502
1.15,178,float32,False,False,True,-0.2729554046098057,-0.2729554046098057,False,0.17928834969794494,-0.7424232469934928
1.15,178,float64,False,False,True,-0.1688527567179956,-0.1688527567179956,False,0.13489920308509795,-0.6604792045137522
1.15,179,float32,False,False,True,-0.06391270891308443,-0.0643245689002283,False,0.00604378408204409,-0.01545341749730822
1.15,179,float64,False,False,True,-0.059223012556083976,-0.0595687996473504,False,0.006674318627154285,-0.017207524318455403
1.15,180,float32,False,False,True,-0.12114762282810387,-0.1211476228281038,False,0.08999960242245741,-0.5237192911449089
1.15,180,float64,False,False,True,-0.49620255789296674,-0.4962025578929667,False,0.1506883885297725,-0.8600962152379861
1.15,181,float32,False,False,True,-0.2646910694090243,-0.2646910694090243,False,0.1072954865677005,-0.719883984125131
1.15,181,float64,False,False,True,-0.08728880724232002,-0.0875656183452312,False,0.01272098950859979,-0.03470829451240881
1.15,182,float32,False,False,True,-0.5610047105375076,-0.5610047105375076,False,0.1131795688679551,-0.9071623409776404
1.15,182,float64,False,False,True,-0.43538695703720176,-0.4353869570372017,False,0.09370714366032651,-0.8772747612452862
1.15,183,float32,False,False,True,-0.2361871504933566,-0.2361871504933566,False,0.0775668401131,-0.7728920873488825
1.15,183,float64,False,False,True,-0.18187975615438612,-0.1818797561543861,False,0.05154008670212562,-0.7294733634934172
1.15,184,float32,False,False,True,-0.159315950099848,-0.159315950099848,False,0.08500048473980115,-0.6798549752008167
1.15,184,float64,False,False,True,-0.31553051478273764,-0.3155305147827376,False,0.15463419917494114,-0.7857786361180885
1.15,185,float32,False,False,True,-0.016489563525299844,-0.0164947488161075,False,0.0017877202455384156,-0.0044065970939869414
1.15,185,float64,False,False,True,-0.32532266172947644,-0.3253226617294764,False,0.1259276165556944,-0.7130614802646784
1.15,186,float32,False,False,True,-0.39866435006558376,-0.3986643500655837,False,0.17091280271731613,-0.6791047830619243
1.15,186,float64,False,False,True,-0.08583716282115494,-0.0860383078100408,False,0.025741180765520566,-0.07032628106056815
1.15,187,float32,False,False,True,-0.6429161412360038,-0.6429161412360038,False,0.18742139169105432,-0.916894897185851
1.15,187,float64,False,False,True,-0.242075168349285,-0.242075168349285,False,0.11213469677369226,-0.7867534584794118
1.15,188,float32,False,False,True,-0.2399258672011153,-0.2399258672011153,False,0.16475042681357088,-0.71790295077464
1.15,188,float64,False,False,True,-0.4953554219128664,-0.4953554219128664,False,0.21356067933370948,-0.8250792895807919
1.15,189,float32,False,False,True,-0.31832334069843915,-0.3183233406984391,False,0.0978905477663492,-0.7887394806950585
1.15,189,float64,False,False,True,-0.20231529386656588,-0.2030599605704904,False,0.02358618736119622,-0.0674490264939097
1.15,190,float32,False,False,True,-0.12165472534992006,-0.12165472534992,False,0.03173411600743137,-0.5208125747752703
1.15,190,float64,False,False,True,-0.2005633799742097,-0.2005633799742097,False,0.09124924631283982,-0.5717579948100742
1.15,191,float32,False,False,True,-0.1543165220019218,-0.1543165220019218,False,0.12439077247770136,-0.60017808443326
1.15,191,float64,False,False,True,-2.0039966286215285,-2.0039966286215285,False,0.2357865738608136,-0.8617678649895966
1.15,192,float32,False,False,True,-0.3452547801839727,-0.3452547801839727,False,0.15390672068436473,-0.7892007190451125
1.15,192,float64,False,False,True,-0.10623410977960335,-0.1062341097796033,False,0.06137055372554556,-0.5027894099675265
1.15,193,float32,False,False,True,-0.28935922170525563,-0.2893592217052556,False,0.11784279800097153,-0.7761629270867729
1.15,193,float64,False,False,True,-0.19985512917882886,-0.1998551291788288,False,0.07745121397358012,-0.7266826249672853
1.15,194,float32,False,False,True,-0.15023911833879344,-0.1502391183387934,False,0.05252429288397664,-0.6813067208414392
1.15,194,float64,False,False,True,-0.16649640921943654,-0.1664964092194365,False,0.11040512321796925,-0.5278364430671587
1.15,195,float32,False,False,True,-0.2745138176894253,-0.2745138176894253,False,0.16704691884356393,-0.7089159355467682
1.15,195,float64,False,False,True,-0.1760660314663376,-0.1760660314663376,False,0.015496860118698663,-0.6241022431701477
1.15,196,float32,False,False,True,-0.051707130463420514,-0.0517355586937408,False,0.008865537953684749,-0.02419152892474208
1.15,196,float64,False,False,True,-0.3581327964034626,-0.3581327964034626,False,0.0806951396784088,-0.7672837753134996
1.15,197,float32,False,False,True,-1.0078634803225848,-1.0078634803225848,False,0.22694392552336895,-0.8308604486175666
1.15,197,float64,False,False,True,-0.17202283710833388,-0.1720228371083338,False,0.10121366375309293,-0.6280789525005623
1.15,198,float32,False,False,True,-0.23918649346763532,-0.2391864934676353,False,0.10050018203958366,-0.6832442588045637
1.15,198,float64,False,False,True,-0.19040431957087112,-0.1904043195708711,False,0.08307018790188359,-0.6448548405061008
1.15,199,float32,False,False,True,-0.3031105187891683,-0.3031105187891683,False,0.08862142403859963,-0.770910168737263
1.15,199,float64,False,False,True,-1.9524535702804149,-1.9524535702804149,False,0.09703695213405734,-0.2659011154146538
1.25,0,float32,False,False,True,-3.748825949804044,-3.748825949804044,False,0.14500440330496012,-0.359273229580403
1.25,0,float64,False,False,True,-0.09800014576281191,-0.0980001457628119,False,-0.01029295852711698,-0.36225183442958553
1.25,1,float32,False,False,True,-0.13705374272601079,-0.1370537427260107,False,-0.01162853732705571,-0.5206576706655799
1.25,1,float64,False,False,True,-0.08211784955981782,-0.0821178495598178,False,-0.05595231614919349,-0.4245359235252444
1.25,2,float32,False,False,True,-0.029595830437156856,-0.0295958304371568,False,-0.15651223118795343,-0.3125625424235423
1.25,2,float64,False,False,True,-0.07088123842130845,-0.0708812384213084,False,-0.07509818823565695,-0.3822739819135652
1.25,3,float32,False,False,True,-0.1954236266612952,-0.1954236266612952,False,0.04134915368130976,-0.5910623546545164
1.25,3,float64,False,False,True,-0.25402491579139674,-0.2540249157913967,False,0.06678056361152152,-0.6477550255307776
1.25,4,float32,False,False,True,-0.008208567268435218,-0.0082098596045214,False,0.001441929926045138,-0.0041260492709790375
1.25,4,float64,False,False,True,-0.010994098794669505,-0.0109940987946695,False,0.002290931271918817,-0.006516285537669697
1.25,5,float32,False,False,True,-0.08404483956097009,-0.08404483956097,False,0.0007350739558429353,-0.35424928668227196
1.25,5,float64,False,False,True,-0.04265908022668086,-0.0426590802266808,False,-0.14412073829537064,-0.36072272018254203
1.25,6,float32,False,False,True,-0.0899788702982113,-0.0899788702982113,False,0.017555627968947954,-0.04847943147955959
1.25,6,float64,False,False,True,-0.08937440460836032,-0.0898010600000529,False,0.011877718818197658,-0.03272193941956647
1.25,7,float32,False,False,True,-0.029712820534371076,-0.029712820534371,False,-0.15008078004135683,-0.3101479830385081
1.25,7,float64,False,False,True,-0.03699290502748909,-0.036992905027489,False,-0.13224113911538815,-0.32264334420901974
1.25,8,float32,False,False,True,-0.010956681212789254,-0.0109628454035082,False,0.0019741709652099093,-0.005205569154655421
1.25,8,float64,False,False,True,-0.018847773764594344,-0.0188570093616995,False,0.0020523789383995183,-0.005417121738996333
1.25,9,float32,False,False,True,-0.11905859617923609,-0.119058596179236,False,0.03536137599197886,-0.42869553691979867
1.25,9,float64,False,False,True,-0.22973707937825916,-0.2297370793782591,False,-0.007486602654751984,-0.6045487713267308
1.25,10,float32,False,False,True,-0.05054511301833875,-0.0505451130183387,False,-0.12570343239733894,-0.377302865544058
1.25,10,float64,False,False,True,-0.029366759389257258,-0.0293667593892572,False,-0.16501295125444315,-0.3298016407111106
1.25,11,float32,False,False,True,-0.21856198431249807,-0.218561984312498,False,0.031387715395535656,-0.07832957438104621
1.25,11,float64,False,False,True,-0.1694626208699903,-0.1694626208699903,False,0.04653586709756219,-0.5281359674970822
1.25,12,float32,False,False,True,-0.03788575940791761,-0.0378857594079176,False,-0.20093694689377806,-0.3852912447266288
1.25,12,float64,False,False,True,-0.22625033305255943,-0.2267026748833575,False,0.03389622946719889,-0.09577786548514056
1.25,13,float32,False,False,True,-0.3818195787751945,-0.38204407948963,False,0.06308572307381669,-0.16578745510065787
1.25,13,float64,False,False,True,-0.15331492475029584,-0.1533149247502958,False,0.04062856393369785,-0.5257293994530521
1.25,14,float32,False,False,True,-0.046708363203419756,-0.0467083632034197,False,0.006838987093237936,-0.01670295820773693
1.25,14,float64,False,False,True,-0.0561920096231745,-0.0561920096231745,False,-0.12345537220092773,-0.3733368825536356
1.25,15,float32,False,False,True,-0.18929592006296536,-0.1892959200629653,False,-0.009745984613353187,-0.5833836993595956
1.25,15,float64,False,False,True,-0.02365513301777078,-0.0236551330177707,False,-0.17730883085111415,-0.3092198666539687
1.25,16,float32,False,False,True,-0.12181071511475161,-0.1218107151147516,False,0.011528322497683818,-0.028123252071986515
1.25,16,float64,False,False,True,-0.0692619558899127,-0.0692619558899127,False,0.007325731721517133,-0.017836145118458227
1.25,17,float32,False,False,True,-0.012092791150474236,-0.0120972692525342,False,0.002891589156961083,-0.007501002334607931
1.25,17,float64,False,False,True,-0.022584946153609398,-0.0225990203392508,False,0.002610632372861188,-0.006772269426113253
1.25,18,float32,False,False,True,-0.10570959964540139,-0.1057095996454013,False,-0.0613517221098423,-0.4743050488572358
1.25,18,float64,False,False,True,-0.010234734117984257,-0.0102347341179842,False,-0.19375168676036836,-0.2480957558631296
1.25,19,float32,False,False,True,-0.07478316160901999,-0.0747831616090199,False,-0.12550968709572707,-0.461560464611793
1.25,19,float64,False,False,True,-0.01776055157639922,-0.0177605515763992,False,-0.22058733167853717,-0.32425115338696386
1.25,20,float32,False,False,True,-0.22756333270320583,-0.2275633327032058,False,0.07139835009370543,-0.5902939143435795
1.25,20,float64,False,False,True,-0.16662581466105708,-0.166625814661057,False,0.03559457338110761,-0.5343602566735051
1.25,21,float32,False,False,True,-0.15275497776967528,-0.1532148126801631,False,0.04092086972459025,-0.10984040055237981
1.25,21,float64,False,False,True,-0.1447617495838882,-0.1447617495838882,False,-0.015989751525850693,-0.5314875148700455
1.25,22,float32,False,False,True,-0.31751756915271656,-0.3175175691527165,False,0.055396610812231906,-0.6786021255655523
1.25,22,float64,False,False,True,-0.03654711539014732,-0.0365471153901473,False,-0.13563528719353712,-0.329852788636245
1.25,23,float32,False,False,True,-0.17608607457962622,-0.1760860745796262,False,0.01931212391936299,-0.5201213814105543
1.25,23,float64,False,False,True,-0.09137367386771755,-0.0913736738677175,False,-0.056182087577616,-0.43920809632321145
1.25,24,float32,False,False,True,-0.16762238709398813,-0.1676223870939881,False,-0.005753440026101231,-0.5870635514542997
1.25,24,float64,False,False,True,-0.1267808871233136,-0.1267808871233136,False,-0.03427594573081372,-0.5325047766434583
1.25,25,float32,False,False,True,-0.532386240758429,-0.532386240758429,False,0.11980443203756863,-0.7652747589777489
1.25,25,float64,False,False,True,-0.08886355251931333,-0.0888635525193133,False,-0.061646902387336056,-0.45661132142115335
1.25,26,float32,False,False,True,-0.4602732809508865,-0.4602732809508865,False,0.04496637393201808,-0.11055473358602624
1.25,26,float64,False,False,True,-0.14279409455628667,-0.1427940945562866,False,0.015531170677144601,-0.47871210996983393
1.25,27,float32,False,False,True,-0.21336321725519714,-0.2133632172551971,False,-0.1315896285010254,-0.7689022494664712
1.25,27,float64,False,False,True,-0.16543244561535442,-0.1654324456153544,False,-0.1494145412935719,-0.7031517334554973
1.25,28,float32,False,False,True,-0.161939535236566,-0.161939535236566,False,-0.002790914232878805,-0.5303603285586309
1.25,28,float64,False,False,True,-0.1800981196460798,-0.1800981196460798,False,0.015221930966363928,-0.5354673441210949
1.25,29,float32,False,False,True,-0.19139129812762834,-0.1923870882877336,False,0.0183897080531098,-0.049555400543630224
1.25,29,float64,False,False,True,-0.3509098870424201,-0.3509098870424201,False,0.0795106376690713,-0.6798072843640819
1.25,30,float32,False,False,True,-0.11603066293968167,-0.1160306629396816,False,-0.006599929331892795,-0.44322151715050495
1.25,30,float64,False,False,True,-0.04713356973459959,-0.0472607041689838,False,0.006016085764208312,-0.01518485525620522
1.25,31,float32,False,False,True,-0.05564018425007111,-0.0556401842500711,False,-0.18969039417248368,-0.47880833817305835
1.25,31,float64,False,False,True,-0.2702007178678354,-0.2702007178678354,False,-0.027968550863574748,-0.7777772401066274
1.25,32,float32,False,False,True,-0.14554257653029135,-0.1455425765302913,False,0.055255439499919845,-0.4463569902724345
1.25,32,float64,False,False,True,-0.2676609719210208,-0.2676609719210208,False,-0.02064871048870387,-0.6627646348169813
1.25,33,float32,False,False,True,-0.11662885142656121,-0.1166288514265612,False,-0.053090829185082455,-0.5301460605936192
1.25,33,float64,False,False,True,-0.2525473905971589,-0.2525473905971589,False,0.03251573064902047,-0.6813674587913638
1.25,34,float32,False,False,True,-0.12401698625121105,-0.124016986251211,False,-0.06881532775433818,-0.5090051921669616
1.25,34,float64,False,False,True,-0.10333543555715341,-0.1033354355571534,False,-0.0800399954023252,-0.4712582368837879
1.25,35,float32,False,False,True,-0.3026232849223893,-0.3026232849223893,False,0.04563502539718289,-0.6753541802271004
1.25,35,float64,False,False,True,-0.23568243809524958,-0.2356824380952495,False,0.02559355529596896,-0.6214675171787531
1.25,36,float32,False,False,True,-0.07391818163167319,-0.0739181816316731,False,-0.06037007200519717,-0.4311802069152826
1.25,36,float64,False,False,True,-0.2013840021385338,-0.2013840021385338,False,0.06076983383285395,-0.5976405703054031
1.25,37,float32,False,False,True,-0.20423654525366208,-0.2050197296668895,False,0.01706139274365298,-0.04911708401392083
1.25,37,float64,False,False,True,-0.0702916698044942,-0.0702916698044942,False,-0.13558648307537347,-0.45557786117441523
1.25,38,float32,False,False,True,-0.0382061707795569,-0.0382061707795569,False,-0.26053612635814005,-0.48675125650150264
1.25,38,float64,False,False,True,-0.07311709612676776,-0.0731170961267677,False,-0.19692950686514799,-0.561153427629888
1.25,39,float32,False,False,True,-0.05576969354566552,-0.0557696935456655,False,-0.12066650598407058,-0.3929706604464336
1.25,39,float64,False,False,True,-0.421658482606067,-0.421658482606067,False,0.09035661668445183,-0.7106264304690395
1.25,40,float32,False,False,True,-0.0932499757169114,-0.0932499757169114,False,-0.04358751577104769,-0.4578836700298403
1.25,40,float64,False,False,True,-0.13162595701504598,-0.1316259570150459,False,0.011104509516371763,-0.4404774543543919
1.25,41,float32,False,False,True,-0.257909695529456,-0.257909695529456,False,0.10384870007177849,-0.588053305477036
1.25,41,float64,False,False,True,-0.348691657722866,-0.348691657722866,False,0.045884856382668156,-0.11787187975632947
1.25,42,float32,False,False,True,-0.06703715748365813,-0.0670371574836581,False,-0.03637854019742193,-0.336839870745397
1.25,42,float64,False,False,True,-0.20908535697789565,-0.2090853569778956,False,0.0181963144646744,-0.5883235246061904
1.25,43,float32,False,False,True,-0.28868758454581034,-0.2886875845458103,False,0.06453703673500488,-0.6884130555991455
1.25,43,float64,False,False,True,-0.17532094692745792,-0.1753209469274579,False,0.008847502016406494,-0.5923235537145981
1.25,44,float32,False,False,True,-0.04479604135933357,-0.0447960413593335,False,-0.11415197691826862,-0.35760660411152756
1.25,44,float64,False,False,True,-1.4995860812346975,-1.4995860812346975,False,0.2151688213359133,-0.9488380503419969
1.25,45,float32,False,False,True,-0.32857434356765847,-0.3285743435676584,False,9.745872917754639e-05,-0.8255694478908717
1.25,45,float64,False,False,True,-0.10150101897596553,-0.1015010189759655,False,-0.13409977100263504,-0.5919410625735875
1.25,46,float32,False,False,True,-0.2593353811484018,-0.2596918250252952,False,0.041638674313319454,-0.10533400081554312
1.25,46,float64,False,False,True,-0.21432438251036667,-0.2154260081332652,False,0.03798337136087737,-0.09411636161000345
1.25,47,float32,False,False,True,-0.1902807948704992,-0.1902807948704992,False,0.005666052242148112,-0.6157646720517551
1.25,47,float64,False,False,True,-0.0987248759463788,-0.0987248759463788,False,-0.06876967282231305,-0.4971583870021785
1.25,48,float32,False,False,True,-0.0641484458233118,-0.0642898202622823,False,0.013108315541417004,-0.03355958415382576
1.25,48,float64,False,False,True,-0.1358833332747409,-0.1358833332747409,False,-0.017711592957802225,-0.4862527629376583
1.25,49,float32,False,False,True,-0.2800785609502543,-0.2800785609502543,False,-0.0002215133286425086,-0.698020325846481
1.25,49,float64,False,False,True,-0.42937053628648947,-0.4293705362864894,False,0.04517093643430936,-0.7728855986658427
1.25,50,float32,False,False,True,-0.31681689272092944,-0.3168168927209294,False,0.0866118211800394,-0.23811755512690314
1.25,50,float64,False,False,True,-0.2353433427633389,-0.2353433427633393,False,0.043580151104261944,-0.6265757766173223
1.25,51,float32,False,False,True,-0.04791816747992206,-0.047918167479922,False,-0.09960134841599988,-0.3069016803886644
1.25,51,float64,False,False,True,-0.11926225225644593,-0.1192622522564459,False,-0.05655153134452107,-0.518284913615954
1.25,52,float32,False,False,True,-0.09493261134054976,-0.0949326113405497,False,-0.037107917846348926,-0.4203919896448127
1.25,52,float64,False,False,True,-0.016036583229247725,-0.0160365832292477,False,-0.16650801942924076,-0.2628073796948307
1.25,53,float32,False,False,True,-0.12534899627377127,-0.1253489962737712,False,-0.021765627858721714,-0.49985858045985765
1.25,53,float64,False,False,True,-0.18069974849133974,-0.1806997484913397,False,0.013847545110238002,-0.5723234913485626
1.25,54,float32,False,False,True,-0.5879750126716918,-0.5879750126716918,False,0.13974911390048206,-0.7492760236281288
1.25,54,float64,False,False,True,-0.08024845260015434,-0.0802484526001543,False,-0.06351374855054814,-0.42017409646100035
1.25,55,float32,False,False,True,-0.1551109275997653,-0.1565405993994968,False,0.004816916913418484,-0.012301699711915276
1.25,55,float64,False,False,True,-0.10324729939762856,-0.1036272285689805,False,0.010757346290315217,-0.028336958896444553
1.25,56,float32,False,False,True,-0.18465828684046448,-0.1846582868404644,False,0.12801677948498558,-0.46146863304130825
1.25,56,float64,False,False,True,-0.3233261026800145,-0.3233261026800145,False,0.04754443901463912,-0.7141274654790504
1.25,57,float32,False,False,True,-0.10324961254227702,-0.103249612542277,False,0.020724469091493003,-0.05443617013395888
1.25,57,float64,False,False,True,-0.17326301390464582,-0.1732630139046458,False,0.022115085613537033,-0.5119697685490561
1.25,58,float32,False,False,True,-0.5574067975764301,-0.5574067975764301,False,0.09445273822572631,-0.7898822766254527
1.25,58,float64,False,False,True,-0.0719469721505055,-0.0719469721505055,False,-0.1125105514268494,-0.43447245975559134
1.25,59,float32,False,False,True,-0.05702992871525492,-0.0573591462726117,False,0.0025869362184482436,-0.007020310756950643
1.25,59,float64,False,False,True,-0.070937665906256,-0.071016450953619,False,0.007340933382702752,-0.020255259951478755
1.25,60,float32,False,False,True,-0.08864143493096677,-0.0886414349309667,False,-0.03698206866464204,-0.38158894432369195
1.25,60,float64,False,False,True,-0.20664097435127682,-0.2080031759098244,False,0.024399268631854154,-0.06599227520453521
1.25,61,float32,False,False,True,-0.040001685979619506,-0.0400016859796195,False,-0.17896803186020804,-0.3790037570676752
1.25,61,float64,False,False,True,-0.14239399604247505,-0.1427983330993835,False,0.027475673028871217,-0.07441774887010577
1.25,62,float32,False,False,True,-0.14664452570392061,-0.1466445257039206,False,0.028246941922587254,-0.5449258718469743
1.25,62,float64,False,False,True,-0.11973362683231548,-0.1197336268323154,False,0.01002864511482393,-0.4986840509957169
1.25,63,float32,False,False,True,-0.050854836912318735,-0.0508548369123187,False,-0.13726928834088525,-0.3962630029027956
1.25,63,float64,False,False,True,-0.04696756113515166,-0.0469675611351516,False,-0.14659601969541924,-0.39108582634038846
1.25,64,float32,False,False,True,-0.2980211677816622,-0.2980211677816622,False,0.01540582029678017,-0.8201183183324048
1.25,64,float64,False,False,True,-0.14066756030604655,-0.1406675603060465,False,-0.08774632068124255,-0.6687077037602247
1.25,65,float32,False,False,True,-0.09137093853134086,-0.0913709385313408,False,0.006276796793016511,-0.015923712215068685
1.25,65,float64,False,False,True,-0.034686781536454186,-0.0346966882081426,False,0.00533323073414288,-0.013342350488170368
1.25,66,float32,False,False,True,-0.07434519833903774,-0.0747451730257842,False,0.004144295605654602,-0.010409875095568677
1.25,66,float64,False,False,True,-0.2631760542441204,-0.2631760542441204,False,0.06374200062594948,-0.5839162670746116
1.25,67,float32,False,False,True,-0.040064759204676115,-0.0400647592046761,False,-0.17285958346308838,-0.37858733595334826
1.25,67,float64,False,False,True,-0.07961374873727411,-0.0796137487372741,False,-0.10977264887612748,-0.44596150930136247
1.25,68,float32,False,False,True,-0.09497250044014799,-0.0950642850958336,False,0.017840605438500606,-0.047946942626998154
1.25,68,float64,False,False,True,-0.09510404653154658,-0.0953908968754772,False,0.015637007864654495,-0.0420394954883655
1.25,69,float32,False,False,True,-0.08836117955433265,-0.0883611795543326,False,-0.07814768384853288,-0.421526488446311
1.25,69,float64,False,False,True,-0.03439312781288972,-0.0343931278128897,False,-0.1649613392327467,-0.3404306796244363
1.25,70,float32,False,False,True,-0.11970705384580727,-0.1197823565420273,False,0.027565038052606128,-0.07165035221928227
1.25,70,float64,False,False,True,-0.03204202311306181,-0.0320420231130618,False,-0.15895193560592347,-0.32626120899370825
1.25,71,float32,False,False,True,-0.03426846621077262,-0.0342684662107726,False,-0.20249961634924674,-0.3986307794053019
1.25,71,float64,False,False,True,-0.3125410461678366,-0.3125410461678366,False,0.023969479416869888,-0.7637165595926199
1.25,72,float32,False,False,True,-0.15211358776440997,-0.1521135877644099,False,-0.0013077189916916865,-0.5340763570973603
1.25,72,float64,False,False,True,-0.13272394740754995,-0.1331556635478352,False,0.031357881075196214,-0.08531144952501113
1.25,73,float32,False,False,True,-0.14456260032339108,-0.144562600323391,False,-0.07833877895692432,-0.6052738660788215
1.25,73,float64,False,False,True,-0.1858227852529022,-0.1858227852529026,False,0.07766506867859846,-0.4851555155210985
1.25,74,float32,False,False,True,-0.0939503476061948,-0.0940479418345737,False,0.008633428513656491,-0.022900347337674196
1.25,74,float64,False,False,True,-0.06740339970284381,-0.0674033997028438,False,-0.10928455887967914,-0.406944899388753
1.25,75,float32,False,False,True,-0.034708859800524294,-0.0347088598005242,False,-0.1882346943954598,-0.36518612364191405
1.25,75,float64,False,False,True,-0.016856798202968815,-0.0168567982029688,False,-0.22814350569630903,-0.3238432792394974
1.25,76,float32,False,False,True,-0.09363379488239643,-0.0936337948823964,False,-0.021912856773631972,-0.4352760541027365
1.25,76,float64,False,False,True,-0.07593628825023879,-0.0759362882502387,False,-0.04438951526314305,-0.407987669729728
1.25,77,float32,False,False,True,-0.03746648521333107,-0.037466485213331,False,-0.17763439253647562,-0.3834073900248889
1.25,77,float64,False,False,True,-0.13139162811215455,-0.1313916281121545,False,-0.0703099433818668,-0.5712568098087196
1.25,78,float32,False,False,True,-0.2031787067995059,-0.2031787067995059,False,-0.05088157014966299,-0.6548523344684156
1.25,78,float64,False,False,True,-0.07721963870963755,-0.0772196387096375,False,-0.1488784403512593,-0.485579262361437
1.25,79,float32,False,False,True,-0.1979635644930051,-0.1980982477852377,False,0.014303104056144465,-0.03675589958136586
1.25,79,float64,False,False,True,-0.023638613143114107,-0.0236386131431141,False,-0.18006383290467198,-0.31042060585084386
1.25,80,float32,False,False,True,-0.04696630643243571,-0.0470558752085927,False,0.006560011475195304,-0.016687616736635658
1.25,80,float64,False,False,True,-0.12121322592411499,-0.1212132259241149,False,0.0004580697273404155,-0.4609869752903588
1.25,81,float32,False,False,True,-0.21523098164269205,-0.215230981642692,False,-0.0309346221263338,-0.5612474911447345
1.25,81,float64,False,False,True,-0.35607737540230106,-0.358798991469953,False,0.0582315729197993,-0.1477916879812663
1.25,82,float32,False,False,True,-0.17847605438588965,-0.1787037149763065,False,0.05414228703011892,-0.1519875840910381
1.25,82,float64,False,False,True,-0.13552454673948944,-0.1355245467394894,False,-0.048799213766617555,-0.5381774128635435
1.25,83,float32,False,False,True,-0.16528593077128395,-0.1652859307712839,False,0.031452457317048044,-0.5767162750206083
1.25,83,float64,False,False,True,-0.10467124220882251,-0.1046712422088225,False,-0.02192065610657501,-0.4905457806144824
1.25,84,float32,False,False,True,-0.028073574699078563,-0.0280735746990785,False,-0.17995333461844787,-0.31509403838627925
1.25,84,float64,False,False,True,-1.9042585216138623,-1.9042585216138623,False,0.5337076421792684,-1.02093728679979
1.25,85,float32,False,False,True,-0.09238041904587568,-0.0923804190458756,False,-0.01668030883634586,-0.42272709266039676
1.25,85,float64,False,False,True,-0.08311812803673257,-0.0831181280367325,False,-0.02922365729603804,-0.41082665596729306
1.25,86,float32,False,False,True,-0.43585354288856715,-0.4358535428885671,False,0.06548266426535823,-0.17763628388150063
1.25,86,float64,False,False,True,-0.06379545500989003,-0.06379545500989,False,-0.08319526144912182,-0.344918448578591
1.25,87,float32,False,False,True,-0.15375920322228165,-0.1537592032222816,False,0.05657976762446282,-0.4750468537156376
1.25,87,float64,False,False,True,-0.10333459159997727,-0.1033345915999772,False,0.014748390887971752,-0.40967433119621255
1.25,88,float32,False,False,True,-0.07634523055106701,-0.076345230551067,False,-0.11083854489002576,-0.4629444219130132
1.25,88,float64,False,False,True,-0.07140755903374396,-0.0714075590337439,False,-0.1161577268781464,-0.45278197432944367
1.25,89,float32,False,False,True,-0.023596905189056105,-0.0235969051890561,False,-0.15305828103429064,-0.27728926633106
1.25,89,float64,False,False,True,-0.04943556628682311,-0.0494355662868231,False,-0.11968717803933515,-0.3611817382723963
1.25,90,float32,False,False,True,-0.0238104747792387,-0.0238104747792387,False,-0.11237927335574227,-0.24306165913614208
1.25,90,float64,False,False,True,-0.14788453578014327,-0.1478845357801432,False,-0.04709157471774539,-0.5390930470469684
1.25,91,float32,False,False,True,-0.11099412080621285,-0.1109941208062128,False,-0.07898124992091482,-0.5423832603148142
1.25,91,float64,False,False,True,-0.30193527883577165,-0.3019352788357716,False,0.034112788294828,-0.7297055377141008
1.25,92,float32,False,False,True,-0.2806142892651383,-0.2830415465167327,False,0.05536006095733137,-0.14073423939884522
1.25,92,float64,False,False,True,-0.12889924873294856,-0.1288992487329485,False,0.004820335508568974,-0.4967860137025717
1.25,93,float32,False,False,True,-0.10487927364507321,-0.1048792736450732,False,-0.0795061845384204,-0.49996557384700147
1.25,93,float64,False,False,True,-0.20494801105203653,-0.2049480110520365,False,-0.009496339138525656,-0.6224679716394768
1.25,94,float32,False,False,True,-0.1909784766768139,-0.1909784766768139,False,0.027895159808457137,-0.5768339695212905
1.25,94,float64,False,False,True,-0.11837513344471784,-0.1183751334447178,False,-0.028359083142181163,-0.502523832889322
1.25,95,float32,False,False,True,-0.03205298421725633,-0.0320529842172563,False,-0.13300521337626314,-0.3026448076185435
1.25,95,float64,False,False,True,-0.20943074907318326,-0.2094307490731832,False,0.018381417552054913,-0.5828479332601244
1.25,96,float32,False,False,True,-0.05725664281707665,-0.0572566428170766,False,-0.1472910895378856,-0.4239635840070406
1.25,96,float64,False,False,True,-0.07610526189146327,-0.0761788845818334,False,0.03445652195005894,-0.09823409730365451
1.25,97,float32,False,False,True,-0.21682640493931293,-0.2168264049393129,False,0.008664561767563583,-0.5971615765334501
1.25,97,float64,False,False,True,-0.02581271222818282,-0.0258127122281828,False,-0.18129509742646377,-0.3258968735751324
1.25,98,float32,False,False,True,-0.3479437428373915,-0.3479437428373915,False,0.12484332891376138,-0.6686058533115888
1.25,98,float64,False,False,True,-0.13830803454768326,-0.1383080345476832,False,0.022590709902663875,-0.5088407633190393
1.25,99,float32,False,False,True,-0.05061234634756234,-0.0506525845789251,False,0.003085191824766395,-0.007260592935745526
1.25,99,float64,False,False,True,-0.022236456352822564,-0.0222364563528225,False,-0.180049782064021,-0.29913487244249737
1.25,100,float32,False,False,True,-0.05175578432582295,-0.0517557843258229,False,-0.18024516639428967,-0.3904952663073935
1.25,100,float64,False,False,True,-0.13608224850135822,-0.1362240148750237,False,0.06254015695397624,-0.1493587780764798
1.25,101,float32,False,False,True,-0.5274865294991011,-0.5274865294991011,False,0.12091091308898783,-0.7426670802277631
1.25,101,float64,False,False,True,-0.15387431429105547,-0.1538743142910554,False,-0.006790019429116612,-0.5318741105044289
1.25,102,float32,False,False,True,-0.18775997553936907,-0.187759975539369,False,0.015097791906995894,-0.5354055333635106
1.25,102,float64,False,False,True,-0.02550306332536545,-0.0255030633253654,False,-0.14480020698627527,-0.2803281591814688
1.25,103,float32,False,False,True,-0.11760550513306359,-0.1177792444328044,False,0.007228394703032229,-0.019335802526141817
1.25,103,float64,False,False,True,-0.0034330654847463116,-0.0034330654847463,False,-0.20437638172374406,-0.225587628689631
1.25,104,float32,False,False,True,-0.11891547616798182,-0.1189154761679818,False,-0.005650342171751532,-0.4639205171001386
1.25,104,float64,False,False,True,-0.08633247319804838,-0.0863324731980483,False,-0.05084078338738962,-0.386312899587983
1.25,105,float32,False,False,True,-0.14983737349042991,-0.1498373734904299,False,-0.06033312272082014,-0.5917469743401451
1.25,105,float64,False,False,True,-0.335279031718398,-0.335279031718398,False,0.02966720839010417,-0.7412959270291282
1.25,106,float32,False,False,True,-0.039220683421248737,-0.0392206834212487,False,-0.18535231931253193,-0.3796129841530611
1.25,106,float64,False,False,True,-0.0393846075508435,-0.0393846075508435,False,-0.18493128505183698,-0.37982092465804485
1.25,107,float32,False,False,True,-0.21777843946183228,-0.2177784394618322,False,0.04308773803676402,-0.5984572954431098
1.25,107,float64,False,False,True,-0.3847314219361291,-0.3847314219361291,False,0.04507605117601181,-0.12314879097034598
1.25,108,float32,False,False,True,-0.07667948069461605,-0.076679480694616,False,-0.0564193356914533,-0.3902405213226494
1.25,108,float64,False,False,True,-0.06497974114872249,-0.0649958900381938,False,0.01574716880377218,-0.0409023224547196
1.25,109,float32,False,False,True,-0.11037397316904851,-0.1103739731690485,False,-0.06504668226523869,-0.5295643801513066
1.25,109,float64,False,False,True,-0.051981682599587575,-0.0519816825995875,False,-0.13496722422438268,-0.414642308833006
1.25,110,float32,False,False,True,-0.07776712721541701,-0.077767127215417,False,-0.17153265826183883,-0.5255285507418019
1.25,110,float64,False,False,True,-0.17687791316690316,-0.1768779131669031,False,-0.08353175308295313,-0.6686436810324832
1.25,111,float32,False,False,True,-0.1854242532803121,-0.1854242532803121,False,-0.07799909451106579,-0.6233968072020009
1.25,111,float64,False,False,True,-0.056449936659938804,-0.0565312062960385,False,0.008848119497515516,-0.025356158578392574
1.25,112,float32,False,False,True,-0.23204091056458465,-0.2320409105645846,False,0.07747291799282863,-0.5672677630955469
1.25,112,float64,False,False,True,-0.12707432032683563,-0.1270743203268356,False,0.010124371832429091,-0.46334615231463516
1.25,113,float32,False,False,True,-0.0975832111945989,-0.0975832111945989,False,-0.12508443463995889,-0.5419121092102746
1.25,113,float64,False,False,True,-0.2507605675698965,-0.2507605675698965,False,-0.026108928451466618,-0.7301923880995345
1.25,114,float32,False,False,True,-0.07999928206028883,-0.0799992820602888,False,-0.08334988285617051,-0.3993171247774914
1.25,114,float64,False,False,True,-0.006493613761834771,-0.0064962023778203,False,0.0009336466840161872,-0.002179043740417108
1.25,115,float32,False,False,True,-0.08210394894500306,-0.082103948945003,False,-0.07402611498477896,-0.43982237819723835
1.25,115,float64,False,False,True,-0.06343094945522232,-0.0634309494552223,False,-0.10736451359714572,-0.41816612890247384
1.25,116,float32,False,False,True,0.004927135612777356,0.0049271356127773,False,-0.21526510900947926,-0.18427183797071578
1.25,116,float64,False,False,True,-0.11805146275007727,-0.1180514627500772,False,-0.027537996225426298,-0.5086919153412062
1.25,117,float32,False,False,True,-0.05838547769575353,-0.0585139625607593,False,0.00465904644890805,-0.012263305337209096
1.25,117,float64,False,False,True,-0.024019667509718623,-0.0240688127514445,False,0.004831340966644282,-0.012700355654239548
1.25,118,float32,False,False,True,-0.05734425128833642,-0.0573442512883364,False,-0.275563901008713,-0.5731903028940994
1.25,118,float64,False,False,True,-0.6203119458724347,-0.6203119458724347,False,-0.015521242519039191,-1.0356645089895826
1.25,119,float32,False,False,True,-0.08983174239898695,-0.0898317423989869,False,-0.10643731669264866,-0.461457793974402
1.25,119,float64,False,False,True,-0.32648143551960906,-0.326481435519609,False,0.0235573910253688,-0.6823190158521077
1.25,120,float32,False,False,True,-0.22947792393325714,-0.2294779239332571,False,0.04422245785777169,-0.10317724689281249
1.25,120,float64,False,False,True,-0.15400101588538678,-0.1541823019171374,False,0.042724520621664874,-0.09874238411970995
1.25,121,float32,False,False,True,-0.03381969148697783,-0.0338196914869778,False,0.006986319250527007,-0.017698885309799073
1.25,121,float64,False,False,True,-0.3069607962094123,-0.3069607962094123,False,0.06246159726016742,-0.6334701478027958
1.25,122,float32,False,False,True,-0.3565150271301172,-0.3565150271301172,False,0.05917712852461765,-0.7637991550533965
1.25,122,float64,False,False,True,-0.3277019853791031,-0.3277731252111927,False,0.053364971564574926,-0.16120650391050184
1.25,123,float32,False,False,True,-0.074489127842019,-0.074489127842019,False,-0.04174308385347558,-0.4034877164119415
1.25,123,float64,False,False,True,-1.0202487591239606,-1.0202487591239606,False,0.0961984540404636,-0.29561448191890466
1.25,124,float32,False,False,True,-0.0610165419154427,-0.0610165419154427,False,-0.08622307683414476,-0.38109319554469856
1.25,124,float64,False,False,True,-0.14889878764914322,-0.1488987876491432,False,-0.005270821866394826,-0.5313856385458582
1.25,125,float32,False,False,True,-0.05982948619241524,-0.0599365300640156,False,0.0052113452090203904,-0.013324580278612136
1.25,125,float64,False,False,True,-0.0840851817755155,-0.0840851817755155,False,-0.06692580603120746,-0.4105109683415922
1.25,126,float32,False,False,True,-0.14776083951963948,-0.1477608395196394,False,-0.0340740831729498,-0.5372803060714002
1.25,126,float64,False,False,True,-0.14222816301187935,-0.1422281630118793,False,-0.04642673679770759,-0.5419891244731865
1.25,127,float32,False,False,True,-0.06362116589467703,-0.063621165894677,False,-0.046503158139776346,-0.3466079295934801
1.25,127,float64,False,False,True,-0.06956517319127092,-0.0696848264871555,False,0.005236897118264694,-0.01360459652239017
1.25,128,float32,False,False,True,-0.24324909984568557,-0.2437437926126176,False,0.05353225206117018,-0.1484209798771385
1.25,128,float64,False,False,True,-0.24985390681347486,-0.2498539068134748,False,0.053472583452737865,-0.5347884541275372
1.25,129,float32,False,False,True,-0.05203613962582754,-0.0520361396258275,False,-0.15754394182337172,-0.38474624219436393
1.25,129,float64,False,False,True,-0.049507903260851194,-0.0495079032608511,False,-0.16816533692517766,-0.3881495883195445
1.25,130,float32,False,False,True,-0.08524849052937,-0.08524849052937,False,0.033214959613697914,-0.3778374512822449
1.25,130,float64,False,False,True,-0.6946445026746018,-0.6946445026746018,False,0.2362723262769264,-0.7445888457007617
1.25,131,float32,False,False,True,-0.10555645354894905,-0.105556453548949,False,-0.027697134814941293,-0.44906874360589377
1.25,131,float64,False,False,True,-0.10367889805237507,-0.103678898052375,False,-0.03254494580738765,-0.45010391365806157
1.25,132,float32,False,False,True,-0.15411457664200512,-0.1541145766420051,False,-0.08084300878007689,-0.6076781692334077
1.25,132,float64,False,False,True,-0.0701791095912121,-0.0701791095912121,False,-0.15335743008295744,-0.4719193437005007
1.25,133,float32,False,False,True,-0.06654635422090638,-0.0665463542209063,False,0.006404267812691433,-0.01724047153402064
1.25,133,float64,False,False,True,-0.06682078680463199,-0.0668207868046319,False,-0.136819868936918,-0.41071307785922073
1.25,134,float32,False,False,True,-0.04855396280307689,-0.0485539628030768,False,-0.15974686652116432,-0.3887004791307085
1.25,134,float64,False,False,True,-0.2285574575634972,-0.2285574575634972,False,-0.01239057719137815,-0.6205807222561228
1.25,135,float32,False,False,True,-0.8317150898826968,-0.8317150898826968,False,0.13970446317811458,-0.8132163830880001
1.25,135,float64,False,False,True,-0.187965605834978,-0.1891323472386021,False,0.030317113711292254,-0.08184968875743165
1.25,136,float32,False,False,True,-0.06053658816985272,-0.06056332579405,False,0.007967555643102905,-0.021190046977928215
1.25,136,float64,False,False,True,-0.06409190184790658,-0.0642921604121503,False,0.005074492090180571,-0.013476531349778442
1.25,137,float32,False,False,True,-0.12226227603787576,-0.1222622760378757,False,-0.04308003517010839,-0.5092560909596315
1.25,137,float64,False,False,True,-0.11006895603812428,-0.1100689560381242,False,-0.04104244009497826,-0.47465183154068313
1.25,138,float32,False,False,True,-0.14460660137354342,-0.1446066013735434,False,0.05611805318190122,-0.4401610346307425
1.25,138,float64,False,False,True,-0.16045966741723428,-0.1604596674172338,False,-0.049048677817987496,-0.5675491218105204
1.25,139,float32,False,False,True,-0.45015362158067873,-0.4501536215806787,False,0.061999624297881084,-0.7323253749390775
1.25,139,float64,False,False,True,-0.0775066943920506,-0.0775066943920506,False,-0.12138722350272069,-0.44279638325422965
1.25,140,float32,False,False,True,-0.35343217371422586,-0.3534321737142258,False,0.02086721261036395,-0.725742142931816
1.25,140,float64,False,False,True,-0.31765485212493205,-0.317654852124932,False,0.01034919310505078,-0.7072458190420159
1.25,141,float32,False,False,True,-0.06732385835296473,-0.0673238583529647,False,-0.029165313444698526,-0.302044382964862
1.25,141,float64,False,False,True,-0.00792923194680073,-0.0079292319468007,False,-0.30933602537613325,-0.35866609509381675
1.25,142,float32,False,False,True,-0.1243289763107116,-0.1243289763107116,False,-0.0670958183211301,-0.501520405283971
1.25,142,float64,False,False,True,-0.1585164048233949,-0.1585164048233949,False,-0.04743235711067584,-0.5485129100056305
1.25,143,float32,False,False,True,-0.21148884518539068,-0.2135663614929935,False,0.02984562437674021,-0.07818497560952464
1.25,143,float64,False,False,True,-0.207157507387441,-0.207157507387441,False,0.04869872661971364,-0.588810713185568
1.25,144,float32,False,False,True,-0.19972827085488065,-0.1997282708548806,False,0.01119747114732128,-0.6003452634152122
1.25,144,float64,False,False,True,-0.09693323634365036,-0.0969332363436503,False,-0.06711020739259865,-0.47207924665104883
1.25,145,float32,False,False,True,-0.11421054336461633,-0.1142105433646163,False,-0.15981362451401004,-0.6301873232451882
1.25,145,float64,False,False,True,-0.0660594332927893,-0.0660594332927893,False,-0.2140583754481824,-0.5389927416904534
1.25,146,float32,False,False,True,-0.10151757021194241,-0.1015175702119424,False,-0.12306896359619479,-0.5461812455308657
1.25,146,float64,False,False,True,-0.09131463908044779,-0.0913146390804477,False,-0.12355144047073274,-0.5158134162848373
1.25,147,float32,False,False,True,-0.06543659307882121,-0.0654365930788212,False,-0.1533857865313042,-0.48262010439713343
1.25,147,float64,False,False,True,-0.15720589659786466,-0.1572058965978646,False,-0.06596410029058042,-0.6464573995378711
1.25,148,float32,False,False,True,-0.3566899359613718,-0.3566899359613718,False,0.025738353306215878,-0.683328255866142
1.25,148,float64,False,False,True,-0.13974119675390795,-0.1397411967539079,False,0.017044821579004638,-0.04527917509327972
1.25,149,float32,False,False,True,-0.24001406596152453,-0.2400140659615245,False,0.018947532311896248,-0.05600765797524572
1.25,149,float64,False,False,True,-0.09422494371224044,-0.0942249437122404,False,0.055489083662481065,-0.3391628568442968
1.25,150,float32,False,False,True,-0.009779468776653921,-0.0097794687766539,False,-0.2005242405821761,-0.2589662697385826
1.25,150,float64,False,False,True,-0.05218331451509428,-0.0521833145150942,False,-0.04127108204727392,-0.3060822664385956
1.25,151,float32,False,False,True,-0.024242230058558967,-0.0242422300585585,False,-0.07594759646019966,-0.21435407364137404
1.25,151,float64,False,False,True,-0.1799807455262371,-0.1804860711154677,False,0.045726586986304496,-0.13572101453997376
1.25,152,float32,False,False,True,-0.03840964634793931,-0.0384096463479393,False,-0.17953885963281735,-0.36583818663272183
1.25,152,float64,False,False,True,-0.11817073475648421,-0.1181707347564842,False,0.017119052408544277,-0.41888281027445373
1.25,153,float32,False,False,True,-0.13041220140352117,-0.1304122014035211,False,-0.06770454376173873,-0.5586296656854515
1.25,153,float64,False,False,True,-0.18303805438291443,-0.1830380543829144,False,-0.029811195511863176,-0.6214931298385871
1.25,154,float32,False,False,True,-0.17767544017646086,-0.1776754401764608,False,-0.02052994012028364,-0.559330717538737
1.25,154,float64,False,False,True,-0.45515009237202353,-0.4551500923720235,False,0.0919742940150794,-0.6967202225146094
1.25,155,float32,False,False,True,-0.24609077792770728,-0.2460907779277072,False,0.060013098211967986,-0.7417156033796122
1.25,155,float64,False,False,True,-0.37297696114926726,-0.3729769611492672,False,0.09485903397612194,-0.8551169917617738
1.25,156,float32,False,False,True,-0.7369762620561522,-0.7369762620561526,False,0.16347830028472643,-0.7725879301684015
1.25,156,float64,False,False,True,-0.12902715536647236,-0.1290271553664723,False,-0.01709408411893598,-0.48853341354391766
1.25,157,float32,False,False,True,-0.08410339623868146,-0.0847557650950538,False,0.005828813222992502,-0.014024169684413446
1.25,157,float64,False,False,True,-0.07919244749284227,-0.0791924474928422,False,-0.02491954520069406,-0.39617805934309125
1.25,158,float32,False,False,True,-0.012523743170406387,-0.0125335178469254,False,0.0007828231872563374,-0.0018640544361114286
1.25,158,float64,False,False,True,-0.16350940477819842,-0.1635094047781984,False,0.059828441616707195,-0.4667718395718605
1.25,159,float32,False,False,True,-0.035529444296567014,-0.035529444296567,False,-0.11229271469329483,-0.28892678508940683
1.25,159,float64,False,False,True,-0.03493783462920241,-0.0349378346292024,False,-0.17173114918693244,-0.3542749930112645
1.25,160,float32,False,False,True,-0.2727790264212038,-0.275328838085505,False,0.00804385601483755,-0.019771879936055767
1.25,160,float64,False,False,True,-0.046831966285908244,-0.0468319662859082,False,-0.08225627157469972,-0.318800848029241
1.25,161,float32,False,False,True,-0.34697636632069023,-0.3501904271068742,False,0.03660507342428823,-0.08980413231220755
1.25,161,float64,False,False,True,-0.29784016425021154,-0.2978401642502115,False,0.14946068373917054,-0.6146434001245549
1.25,162,float32,False,False,True,-0.12621979474733402,-0.126219794747334,False,0.0018762139389334465,-0.4590327587330414
1.25,162,float64,False,False,True,-0.02116100921757713,-0.0211610092175771,False,0.0031128877768105134,-0.007622111237320706
1.25,163,float32,False,False,True,-0.18619223605380686,-0.1861922360538068,False,-0.06678288011699074,-0.6839428554898124
1.25,163,float64,False,False,True,-0.2593781305117018,-0.2593781305117018,False,0.15621199148364617,-0.4811333011975014
1.25,164,float32,False,False,True,-0.07916251462439527,-0.0791625146243952,False,-0.06609444934116304,-0.41624458445039814
1.25,164,float64,False,False,True,-0.23007636308130008,-0.2300763630813,False,0.04623177031393588,-0.5963353194069789
1.25,165,float32,False,False,True,-0.16900591760800499,-0.1690059176080049,False,-0.0766061793639583,-0.6259537434190054
1.25,165,float64,False,False,True,-0.24643937089465107,-0.2468767217142361,False,0.07115491362094029,-0.20899990016013878
1.25,166,float32,False,False,True,-0.3938572570798051,-0.3938572570798051,False,-0.018611063217136348,-0.8239900251750729
1.25,166,float64,False,False,True,-0.022609338961262715,-0.0226093389612627,False,-0.08111808916049057,-0.20901347923190627
1.25,167,float32,False,False,True,-0.2947857348879577,-0.2947857348879577,False,0.06990132679679029,-0.7202899774247093
1.25,167,float64,False,False,True,-0.16937695530791208,-0.169376955307912,False,0.008606336625115674,-0.6048423061764687
1.25,168,float32,False,False,True,-0.08007107340881792,-0.0800710734088179,False,-0.08442402442205577,-0.41815882523313164
1.25,168,float64,False,False,True,-0.062469430474783705,-0.0627094960179064,False,0.005664508966819526,-0.013919881072621099
1.25,169,float32,False,False,True,-0.020899844397122447,-0.0208998443971224,False,-0.2303684024130206,-0.3496642297333743
1.25,169,float64,False,False,True,-0.2723360033479718,-0.2723360033479718,False,0.04159139174317089,-0.12050383873852348
1.25,170,float32,False,False,True,-0.370041032911387,-0.370041032911387,False,0.10811474462376047,-0.7099939138911724
1.25,170,float64,False,False,True,-0.30358906671545616,-0.3042898508674303,False,0.056138158381310505,-0.1500275681942947
1.25,171,float32,False,False,True,-0.9776450612857994,-0.9776450612857994,False,0.06213522210480127,-0.9871565414981163
1.25,171,float64,False,False,True,-0.16963528474965228,-0.1696352847496522,False,-0.10732546746756277,-0.6693857578393718
1.25,172,float32,False,False,True,-0.009815610175166523,-0.0098156101751665,False,-0.19977097144923306,-0.2640587688630269
1.25,172,float64,False,False,True,-0.08723183742885698,-0.0872318374288569,False,-0.0542487831823788,-0.38048599516733184
1.25,173,float32,False,False,True,-0.059547074851843185,-0.0595470748518431,False,-0.11664215997986105,-0.4014043681465118
1.25,173,float64,False,False,True,-0.03317585031875936,-0.0331758503187593,False,-0.16118167559187668,-0.3437311769369735
1.25,174,float32,False,False,True,-0.28374593636329815,-0.2837459363632981,False,0.07801871058017795,-0.6689481305795688
1.25,174,float64,False,False,True,-0.13272282002552993,-0.1327228200255299,False,-0.0007080792505025357,-0.5145619356906224
1.25,175,float32,False,False,True,-0.35908650335615366,-0.3590865033561536,False,0.10854166093163276,-0.6283054870378537
1.25,175,float64,False,False,True,-0.025628064201583367,-0.0256280642015833,False,-0.1923860158892623,-0.3233070610984914
1.25,176,float32,False,False,True,-0.004095798059525757,-0.0040974923406484,False,0.0004952880683017913,-0.0012628961001769357
1.25,176,float64,False,False,True,-0.004560091211446737,-0.0045631786301565,False,0.002281541851100022,0.001538182023354484
1.25,177,float32,False,False,True,-0.25337022702019063,-0.2533702270201906,False,0.036377769705294105,-0.10505278165632337
1.25,177,float64,False,False,True,-0.06901524938481574,-0.0690152493848157,False,-0.1147948759145958,-0.440663238490556
1.25,178,float32,False,False,True,-0.13127853308694748,-0.1312785330869474,False,0.033841312400893386,-0.4856354822925866
1.25,178,float64,False,False,True,-0.062194705502671255,-0.0621947055026712,False,-0.04712868951619775,-0.3759805452220384
1.25,179,float32,False,False,True,-0.06481018019479512,-0.0652423421504693,False,0.005816801362729551,-0.014796308999307284
1.25,179,float64,False,False,True,-0.06005064821293882,-0.0604056198911724,False,0.006595177598197388,-0.017001000767355667
1.25,180,float32,False,False,True,-0.017547331692734147,-0.0175473316927341,False,-0.11590997545502546,-0.21535696799234927
1.25,180,float64,False,False,True,-0.30968095101901705,-0.309680951019017,False,0.042576498131270846,-0.7128958631336966
1.25,181,float32,False,False,True,-0.1189763135659021,-0.1189763135659021,False,-0.03919626867254422,-0.47942945530371794
1.25,181,float64,False,False,True,-0.0876458572909744,-0.0879069740771227,False,0.012932417830122889,-0.03527135726498648
1.25,182,float32,False,False,True,-0.37023024285324135,-0.3702302428532418,False,0.011317342507778605,-0.7747764067387459
1.25,182,float64,False,False,True,-0.2506319851206573,-0.2506319851206573,False,-0.030935886019470615,-0.7018271632729993
1.25,183,float32,False,False,True,-0.09806915274006522,-0.0980691527400652,False,-0.09577337628871518,-0.5088060325230401
1.25,183,float64,False,False,True,-0.06151084553983033,-0.0615108455398303,False,-0.13756577763447986,-0.43559237432847553
1.25,184,float32,False,False,True,-0.05140722740476633,-0.0514072274047663,False,-0.10941973977641695,-0.3805879666638887
1.25,184,float64,False,False,True,-0.16195464515825453,-0.1619546451582545,False,0.006183542533412023,-0.56853543853045
1.25,185,float32,False,False,True,-0.01660086257614224,-0.0166060107023714,False,0.0017927511949492603,-0.004418871475074304
1.25,185,float64,False,False,True,-0.15663827023624144,-0.1566382702362414,False,-0.01726155283991382,-0.5114702868821972
1.25,186,float32,False,False,True,-0.22260579467796138,-0.2226057946779613,False,0.052243614728765486,-0.5250604490345818
1.25,186,float64,False,False,True,-0.08645577505918445,-0.0866513409835582,False,0.02582802005475271,-0.07055669712353319
1.25,187,float32,False,False,True,-0.44220397280058155,-0.4422039728005815,False,0.10174529522885578,-0.79152886161895
1.25,187,float64,False,False,True,-0.10750539384910418,-0.1075053938491041,False,-0.04748257328987826,-0.5119630560207753
1.25,188,float32,False,False,True,-0.10556644818755334,-0.1055664481875533,False,0.013126879937965796,-0.442579859101091
1.25,188,float64,False,False,True,-0.3191013333909183,-0.3191013333909183,False,0.11790947187272938,-0.6723391355477819
1.25,189,float32,False,False,True,-0.1600333275786987,-0.1600333275786987,False,-0.045518934883807205,-0.5781778139643059
1.25,189,float64,False,False,True,-0.20427475675107587,-0.2050188489856664,False,0.02362667691153386,-0.06755632758853748
1.25,190,float32,False,False,True,-0.02311643117659168,-0.0231164311765916,False,-0.16469789209180874,-0.27938780958594833
1.25,190,float64,False,False,True,-0.057873138490364795,-0.0578731384903647,False,-0.08307832000212478,-0.3162229684229896
1.25,191,float32,False,False,True,-0.05944618583835615,-0.0594461858383561,False,-0.059958094235369686,-0.36706519069900345
1.25,191,float64,False,False,True,-3.0032324559306645,-3.003232455468545,False,0.2333707917167906,-0.5642174851883273
1.25,192,float32,False,False,True,-0.17917349633785262,-0.1791734963378526,False,0.013428470311449558,-0.5806941806776393
1.25,192,float64,False,False,True,-0.0002445975524723032,-0.0002445975524723,False,-0.16426552113656,-0.16576567344225523
1.25,193,float32,False,False,True,-0.13625318122795482,-0.1362531812279548,False,-0.038350234700523345,-0.5422440542581022
1.25,193,float64,False,False,True,-0.07478968996467206,-0.074789689964672,False,-0.10566735262072058,-0.450411892659039
1.25,194,float32,False,False,True,-0.04462129424835837,-0.0446212942483583,False,-0.13386302880978462,-0.37149917877539806
1.25,194,float64,False,False,True,-0.042019296001926776,-0.0420192960019267,False,-0.0759700053374015,-0.2669055108290248
1.25,195,float32,False,False,True,-0.13087211326297998,-0.1308721132629799,False,0.01989977824361233,-0.4748797731769745
1.25,195,float64,False,False,True,-0.04613138983446419,-0.0461313898344641,False,-0.18142361732202872,-0.37735361574118187
1.25,196,float32,False,False,True,-0.051871214718129666,-0.0518990240072117,False,0.008880331813940462,-0.024230064409053773
1.25,196,float64,False,False,True,-0.18425392769655868,-0.1842539276965586,False,-0.06085243002870122,-0.5901825326626025
1.25,197,float32,False,False,True,-0.6152375787195448,-0.6152375787195448,False,0.15169885234385516,-0.7384732247236832
1.25,197,float64,False,False,True,-0.07050060376316836,-0.0705006037631683,False,-0.06633188392230593,-0.3888679706485103
1.25,198,float32,False,False,True,-0.09673662092335888,-0.0967366209233588,False,-0.0660047356618847,-0.4439665516161586
1.25,198,float64,False,False,True,-0.06395844414200003,-0.063958444142,False,-0.09616207634700658,-0.37860613406297183
1.25,199,float32,False,False,True,-0.14368146070249477,-0.1436814607024947,False,-0.0630277273342923,-0.5531323512817643
1.25,199,float64,False,False,True,-1.491167663276368,-1.491167663276368,False,0.08000279965679068,-0.21766208863847045
1.3,0,float32,False,False,True,-1.9180990690822581,-1.9180990690822584,False,0.08472565194950905,-0.22930389235332965
1.3,0,float64,False,False,True,-0.04773956006146296,-0.0477395600614629,False,-0.10318373043366513,-0.2867233555498654
1.3,1,float32,False,False,True,-0.07345946523038727,-0.0734594652303872,False,-0.09722359831014771,-0.38637160323615305
1.3,1,float64,False,False,True,-0.022180530438645096,-0.022180530438645,False,-0.15621486288339348,-0.2616341113000402
1.3,2,float32,False,False,True,0.01114511057126455,0.0111451105712645,False,-0.26605518437822084,-0.20602780841676704
1.3,2,float64,False,False,True,-0.0205708943798788,-0.0205708943798788,False,-0.17252713586589685,-0.2655005036232545
1.3,3,float32,False,False,True,-0.12285992814005198,-0.1228599281400519,False,-0.03271622922230222,-0.45788712957242517
1.3,3,float64,False,False,True,-0.17955300926237028,-0.1795530092623702,False,0.0020017738823536746,-0.5351774862293546
1.3,4,float32,False,False,True,-0.00824975779588527,-0.0082510433958082,False,0.0014436063671031674,-0.004130869798441628
1.3,4,float64,False,False,True,-0.010614955171406093,-0.010614955171406,False,0.0022333018506722757,-0.006390897080140179
1.3,5,float32,False,False,True,-0.038008987009428896,-0.0380089870094288,False,-0.08806381599412205,-0.2555248933023595
1.3,5,float64,False,False,True,0.011126482175648711,0.0111264821756487,False,-0.25745980442195204,-0.1981144509115147
1.3,6,float32,False,False,True,-0.08941884051562476,-0.0894188405156247,False,0.017524460306039893,-0.04838913085521315
1.3,6,float64,False,False,True,-0.09015447524147824,-0.0905850922539472,False,0.011875273494622363,-0.0327141509140122
1.3,7,float32,False,False,True,0.008317936090958877,0.0083179360909588,False,-0.25479207786398916,-0.20937545635367272
1.3,7,float64,False,False,True,0.002817028094226348,0.0028170280942263,False,-0.23644884814482126,-0.22161461113017822
1.3,8,float32,False,False,True,-0.011039368551578277,-0.0110455412006328,False,0.0019781829309928334,-0.005215344334389194
1.3,8,float64,False,False,True,-0.01894596288846817,-0.0189551804395141,False,0.0020561910787915694,-0.005427265112794483
1.3,9,float32,False,False,True,-0.07114235670906721,-0.0711423567090672,False,-0.05010806415849345,-0.3431066895031947
1.3,9,float64,False,False,True,-0.1529591965024908,-0.1529591965024908,False,-0.07954477994450393,-0.5070997355276337
1.3,10,float32,False,False,True,-0.008728090869735361,-0.0087280908697353,False,-0.2264882482259445,-0.27123242430889327
1.3,10,float64,False,False,True,0.008992130372102558,0.0089921303721025,False,-0.2699987960712882,-0.21881123449039563
1.3,11,float32,False,False,True,-0.22205613648338368,-0.2220561364833836,False,0.03168933290490335,-0.07912899776371415
1.3,11,float64,False,False,True,-0.10323852030216507,-0.103238520302165,False,-0.031840197885308896,-0.40491594961993727
1.3,12,float32,False,False,True,0.003760803400354451,0.0037608034003544,False,-0.30532731440811567,-0.28645009348235284
1.3,12,float64,False,False,True,-0.22880770314065071,-0.229272589711817,False,0.03386601978322504,-0.09568343356200434
1.3,13,float32,False,False,True,-0.39266906393827916,-0.3927948116335836,False,0.06332458604531044,-0.16657043200178898
1.3,13,float64,False,False,True,-0.08673396019247637,-0.0867339601924763,False,-0.04605283663165061,-0.387026123115076
1.3,14,float32,False,False,True,-0.050416395170178596,-0.0504163951701785,False,0.007261202103986064,-0.017731219273239174
1.3,14,float64,False,False,True,-0.01799182911189856,-0.0179918291118985,False,-0.21499824367941223,-0.29551692805270413
1.3,15,float32,False,False,True,-0.12466295368169789,-0.1246629536816978,False,-0.08007378745262095,-0.4752354464185622
1.3,15,float64,False,False,True,0.014624013416718817,0.0146240134167188,False,-0.28142677103139846,-0.19914282638451652
1.3,16,float32,False,False,True,-0.11676187444302222,-0.1167618744430222,False,0.01113018311159475,-0.02712816512041194
1.3,16,float64,False,False,True,-0.069242594421696,-0.069242594421696,False,0.0073213071074761694,-0.017824250058615012
1.3,17,float32,False,False,True,-0.012177735724539174,-0.0121822062945404,False,0.002895159024209115,-0.007510219442107058
1.3,17,float64,False,False,True,-0.022749132158843333,-0.0227632421609568,False,0.002613875082963013,-0.006780698045663031
1.3,18,float32,False,False,True,-0.05433276710854207,-0.054332767108542,False,-0.1548197548423591,-0.37885580911468253
1.3,18,float64,False,False,True,0.03041153979587996,0.0304115397958799,False,-0.30907750506915477,-0.14371945540903042
1.3,19,float32,False,False,True,-0.01759373274555376,-0.0175937327455537,False,-0.22595283190805304,-0.3082229823521807
1.3,19,float64,False,False,True,0.022816825602431035,0.022816825602431,False,-0.32920103224166297,-0.19578802566985942
1.3,20,float32,False,False,True,-0.1545284546991157,-0.1545284546991157,False,0.0014928533445850434,-0.4784295603960942
1.3,20,float64,False,False,True,-0.10083243356150229,-0.1008324335615022,False,-0.04282931050702565,-0.4080044748131044
1.3,21,float32,False,False,True,-0.15387957827812915,-0.154340584781551,False,0.04093773990743799,-0.10987865910081218
1.3,21,float64,False,False,True,-0.0830905735021017,-0.0830905735021017,False,-0.10004278352787921,-0.41251809964423103
1.3,22,float32,False,False,True,-0.2359685791089583,-0.2359685791089583,False,-0.006360394991285823,-0.5927587732959081
1.3,22,float64,False,False,True,0.013257632334697789,0.0132576323346977,False,-0.24139691786531614,-0.16858219098118354
1.3,23,float32,False,False,True,-0.12466781323604215,-0.1246678132360421,False,-0.054460629323443754,-0.4569751126946162
1.3,23,float64,False,False,True,-0.04656653680190592,-0.0465665368019059,False,-0.14976699473687383,-0.3537801380066661
1.3,24,float32,False,False,True,-0.10974635494062124,-0.1097463549406212,False,-0.0734026506155363,-0.466836351056962
1.3,24,float64,False,False,True,-0.06426789137049793,-0.0642678913704979,False,-0.11628441187497707,-0.38317108259410126
1.3,25,float32,False,False,True,-0.44772658866945614,-0.4477265886694561,False,0.078220064301882,-0.7037125466419836
1.3,25,float64,False,False,True,-0.04141113834745269,-0.0414111383474526,False,-0.15982800261497587,-0.35479108825673933
1.3,26,float32,False,False,True,-0.3567259611527187,-0.3567259611527187,False,0.03660411044708234,-0.09008429179256328
1.3,26,float64,False,False,True,-0.09217411241819518,-0.0921741124181951,False,-0.06126991718103447,-0.3952949553608125
1.3,27,float32,False,False,True,-0.13748202992912306,-0.137482029929123,False,-0.21015389621487834,-0.6452121740536363
1.3,27,float64,False,False,True,-0.09144294628836969,-0.0914429462883696,False,-0.2354686654378888,-0.560772158165479
1.3,28,float32,False,False,True,-0.10990203582265412,-0.1099020358226541,False,-0.08021743638454915,-0.46142340582993313
1.3,28,float64,False,False,True,-0.12549763138988546,-0.1254976313898854,False,-0.05874359023915865,-0.4689186185513705
1.3,29,float32,False,False,True,-0.19256990222361536,-0.1935680463222574,False,0.018410862987837312,-0.04961232665811269
1.3,29,float64,False,False,True,-0.24691639816574806,-0.246916398165748,False,0.014781586530467905,-0.5807293521728178
1.3,30,float32,False,False,True,-0.06689554727461688,-0.0668955472746168,False,-0.09131750966932906,-0.35866060519012777
1.3,30,float64,False,False,True,-0.047017715384597425,-0.0471444210151585,False,0.006019333014870898,-0.015191521378231043
1.3,31,float32,False,False,True,-0.007182627423923282,-0.0071826274239232,False,-0.2953573792792952,-0.33362889149646335
1.3,31,float64,False,False,True,-0.19179385361818424,-0.1917938536181842,False,-0.09900039852753117,-0.666641060765377
1.3,32,float32,False,False,True,-0.09319846668813359,-0.0931984666881335,False,-0.027119585839869842,-0.36989947752513963
1.3,32,float64,False,False,True,-0.1456263363415009,-0.1456263363415009,False,-0.11638659444755639,-0.5333108894049037
1.3,33,float32,False,False,True,-0.05760812888813005,-0.05760812888813,False,-0.14201961497228943,-0.3871432813021709
1.3,33,float64,False,False,True,-0.17580424231587877,-0.1758042423158787,False,-0.038757370472874086,-0.5701064249421215
1.3,34,float32,False,False,True,-0.058760851547642545,-0.0587608515476425,False,-0.15948558471372465,-0.38010019862253763
1.3,34,float64,False,False,True,-0.03656870491917008,-0.03656870491917,False,-0.17848848594891997,-0.3263686481389172
1.3,35,float32,False,False,True,-0.21992128670473798,-0.2199212867047379,False,-0.01564032144919114,-0.5788233681181536
1.3,35,float64,False,False,True,-0.1503476017935932,-0.1503476017935932,False,-0.04754042869802255,-0.4997212990193951
1.3,36,float32,False,False,True,-0.034196167930823584,-0.0341961679308235,False,-0.15153477075253186,-0.3271050981623329
1.3,36,float64,False,False,True,-0.1347195634517706,-0.1347195634517706,False,-0.007196067226443503,-0.4706459760590693
1.3,37,float32,False,False,True,-0.21365056560591195,-0.2143716680209556,False,0.017496134186276754,-0.05044002028911628
1.3,37,float64,False,False,True,-0.01473943921613241,-0.0147394392161324,False,-0.23571631246251812,-0.30514597761288975
1.3,38,float32,False,False,True,0.0013183139227885832,0.0013183139227885,False,-0.3687551226098087,-0.3608559325460057
1.3,38,float64,False,False,True,-0.027035949755798594,-0.0270359497557985,False,-0.29615165108350716,-0.4349476278358466
1.3,39,float32,False,False,True,-0.011635783821640988,-0.0116357838216409,False,-0.22774881172676764,-0.28696158157284124
1.3,39,float64,False,False,True,-0.33163753465803225,-0.3316375346580322,False,0.03835408901791304,-0.6338862192463255
1.3,40,float32,False,False,True,-0.03847286768421032,-0.0384728676842103,False,-0.13158279589043076,-0.3086977380100109
1.3,40,float64,False,False,True,-0.06619429781438058,-0.0661942978143805,False,-0.07329434255474787,-0.31598248085664693
1.3,41,float32,False,False,True,-0.18153408847058738,-0.1815340884705873,False,0.04127770428087629,-0.48138095715683704
1.3,41,float64,False,False,True,-0.37367783798590487,-0.3736778379859048,False,0.047400528639111664,-0.12217864286037791
1.3,42,float32,False,False,True,-0.022749444159634535,-0.0227494441596345,False,-0.13213044278811914,-0.23934516283069485
1.3,42,float64,False,False,True,-0.18106536586911126,-0.1810653658691112,False,-0.025183826601534065,-0.525276894368055
1.3,43,float32,False,False,True,-0.2132769545148232,-0.2132769545148232,False,0.0019238794753224653,-0.5898164657904328
1.3,43,float64,False,False,True,-0.10872045646104755,-0.1087204564610475,False,-0.06937390618660189,-0.4645150728418912
1.3,44,float32,False,False,True,0.00525813507083539,0.0052581350708353,False,-0.23156070204970902,-0.20128411514054179
1.3,44,float64,False,False,True,-1.7615737961633027,-1.761573796163303,False,0.12800949864369537,-0.7853234467246948
1.3,45,float32,False,False,True,-0.24708796989221993,-0.2470879698922199,False,-0.0619141355612669,-0.7257080905968651
1.3,45,float64,False,False,True,-0.04469456553543871,-0.0446945655354387,False,-0.22584859462123497,-0.4357605259616584
1.3,46,float32,False,False,True,-0.2612086726383026,-0.2615722018646564,False,0.04162930151870177,-0.10527411375923737
1.3,46,float64,False,False,True,-0.21570412454995136,-0.2168150868658585,False,0.03797442344309376,-0.09408302445927183
1.3,47,float32,False,False,True,-0.11854387252586474,-0.1185438725258647,False,-0.07368727784030682,-0.4874868199667084
1.3,47,float64,False,False,True,-0.04363149220783136,-0.0436314922078313,False,-0.1638886313997876,-0.3624705194036242
1.3,48,float32,False,False,True,-0.065553739100365,-0.065709418146994,False,0.012918964277081946,-0.03307414579707402
1.3,48,float64,False,False,True,-0.07532079778118073,-0.0753207977811807,False,-0.10155536295494194,-0.37674654530536067
1.3,49,float32,False,False,True,-0.19866633028048097,-0.1986663302804809,False,-0.06867384572133872,-0.6000911127103379
1.3,49,float64,False,False,True,-0.3395078118901389,-0.3395078118901389,False,-0.00919438675944928,-0.7009718644368199
1.3,50,float32,False,False,True,-0.31932855887580736,-0.3193285588758073,False,0.08674932454885094,-0.23843457539672624
1.3,50,float64,False,False,True,-0.15892748932367562,-0.1589274893236756,False,-0.027594324306642548,-0.5121272401548929
1.3,51,float32,False,False,True,-0.00433147463012773,-0.0043314746301277,False,-0.19731488455651736,-0.21685532804980312
1.3,51,float64,False,False,True,-0.05241887988652705,-0.052418879886527,False,-0.15285391570093054,-0.3701319907849303
1.3,52,float32,False,False,True,-0.04840155903116816,-0.0484015590311681,False,-0.12009941579100847,-0.3194924616934198
1.3,52,float64,False,False,True,0.019640078961387086,0.019640078961387,False,-0.2766538618835206,-0.1580509720726191
1.3,53,float32,False,False,True,-0.07129589594917896,-0.0712958959491789,False,-0.1075539520450608,-0.3940759453264615
1.3,53,float64,False,False,True,-0.11224091533842495,-0.1122409153384249,False,-0.06379839822696631,-0.450975062901243
1.3,54,float32,False,False,True,-0.57856963901158,-0.57856963901158,False,0.11341603716951854,-0.7232960018781496
1.3,54,float64,False,False,True,-0.04006494444981756,-0.0400649444498175,False,-0.1515258265363144,-0.33413461063181416
1.3,55,float32,False,False,True,-0.15615584665595184,-0.1576020701968159,False,0.004769771456806446,-0.012172568793858349
1.3,55,float64,False,False,True,-0.10397215119152348,-0.1043532730227694,False,0.01077282402355989,-0.028377835790440648
1.3,56,float32,False,False,True,-0.11674790234361954,-0.116747902343619,False,0.058757276120436686,-0.34144000019437293
1.3,56,float64,False,False,True,-0.4631521816338662,-0.4631521816338662,False,0.054735731593841486,-0.7518880322737829
1.3,57,float32,False,False,True,-0.10304349601111551,-0.1030434960111155,False,0.02069724935019543,-0.05435852064018695
1.3,57,float64,False,False,True,-0.1036159348539174,-0.1036159348539174,False,-0.057130489802684536,-0.3982549303824445
1.3,58,float32,False,False,True,-0.4955288088699943,-0.4955288088699943,False,0.05545712857665652,-0.7462023475651822
1.3,58,float64,False,False,True,-0.016973466131533055,-0.016973466131533,False,-0.211541568505357,-0.29051259789934747
1.3,59,float32,False,False,True,-0.05728626812652293,-0.0576183184813818,False,0.002562810800263271,-0.006953284740229715
1.3,59,float64,False,False,True,-0.0713491516317506,-0.0714273185560447,False,0.007356913431669415,-0.020297535175767933
1.3,60,float32,False,False,True,-0.040581980039292365,-0.0405819800392923,False,-0.12979817398802318,-0.2968581093118985
1.3,60,float64,False,False,True,-0.2076999206113681,-0.2090793609371801,False,0.024350782135463878,-0.06585295284318618
1.3,61,float32,False,False,True,0.002325664785402637,0.0023256647854026,False,-0.28956025749535463,-0.27756537348344423
1.3,61,float64,False,False,True,-0.1437379118069801,-0.1441463393405673,False,0.027475605401977576,-0.07441028252266635
1.3,62,float32,False,False,True,-0.09320413504271707,-0.093204135042717,False,-0.05233534388609229,-0.43445553358812106
1.3,62,float64,False,False,True,-0.07178208870316771,-0.0717820887031677,False,-0.07618216892379337,-0.39601588131246146
1.3,63,float32,False,False,True,-0.008730573593802138,-0.0087305735938021,False,-0.24767422226946323,-0.29340452473653755
1.3,63,float64,False,False,True,-0.005951030868281304,-0.0059510308682813,False,-0.25699979165824516,-0.2886946722589663
1.3,64,float32,False,False,True,-0.21925833758048618,-0.2192583375804861,False,-0.05519262516686041,-0.7081013338337065
1.3,64,float64,False,False,True,-0.07749127412971912,-0.0774912741297191,False,-0.18216997314077688,-0.5178669353602352
1.3,65,float32,False,False,True,-0.09892714177738715,-0.0989271417773871,False,0.006619584994850915,-0.016802069520629147
1.3,65,float64,False,False,True,-0.0347446588474907,-0.0347544579531018,False,0.0053373718053163766,-0.013352393098267953
1.3,66,float32,False,False,True,-0.07484328907522331,-0.0752472659388114,False,0.004124836513442642,-0.010359665304459614
1.3,66,float64,False,False,True,-0.18362878985120723,-0.1836287898512072,False,-0.0009814760392519162,-0.4878891616917942
1.3,67,float32,False,False,True,0.0020050265018305424,0.0020050265018305,False,-0.28379972631197603,-0.273183309694609
1.3,67,float64,False,False,True,-0.029457313799718055,-0.029457313799718,False,-0.21308406426212834,-0.3448279828292886
1.3,68,float32,False,False,True,-0.09556053961635672,-0.0956527850429418,False,0.017842522326437432,-0.04794939504425841
1.3,68,float64,False,False,True,-0.09548615495960178,-0.0957718971479992,False,0.01566289512722152,-0.042107225664835324
1.3,69,float32,False,False,True,-0.038855181789491766,-0.0388551817894917,False,-0.17324519755322498,-0.3326682000849477
1.3,69,float64,False,False,True,0.005796390526471296,0.0057963905264712,False,-0.27106531548296964,-0.24089275916609587
1.3,70,float32,False,False,True,-0.12005245811525014,-0.1201256162666548,False,0.0275898463868246,-0.07170217353689001
1.3,70,float64,False,False,True,0.008775866325870574,0.0087758663258705,False,-0.2680499185891634,-0.2210173917236382
1.3,71,float32,False,False,True,0.004042829394178327,0.0040428293941783,False,-0.3110317085846077,-0.28770515753314996
1.3,71,float64,False,False,True,-0.228826187986225,-0.228826187986225,False,-0.043125374662801086,-0.6607790922638825
1.3,72,float32,False,False,True,-0.09860163583212955,-0.0986016358321295,False,-0.07100579832239795,-0.4223530908979214
1.3,72,float64,False,False,True,-0.13372014387391618,-0.1341523730514882,False,0.03138157790403506,-0.08536772798136788
1.3,73,float32,False,False,True,-0.08191504851814857,-0.0819150485181485,False,-0.16767632029264057,-0.48169671384408197
1.3,73,float64,False,False,True,-0.11597152787227083,-0.1159715278722708,False,0.0038213584776727316,-0.37366156603354206
1.3,74,float32,False,False,True,-0.09404035347142214,-0.0941387549666269,False,0.008625715912626328,-0.022878728365496724
1.3,74,float64,False,False,True,-0.018560441894456492,-0.0185604418944564,False,-0.2084578381319897,-0.2942201171759091
1.3,75,float32,False,False,True,0.006875727140621901,0.0068757271406219,False,-0.3002553400491248,-0.2643329613902985
1.3,75,float64,False,False,True,0.02100113035215223,0.0210011303521522,False,-0.34150384350274265,-0.22163628870799812
1.3,76,float32,False,False,True,-0.049760125263122124,-0.0497601252631221,False,-0.11396139499792035,-0.3431341305643585
1.3,76,float64,False,False,True,-0.034303853795856654,-0.0343038537958566,False,-0.1407514607321403,-0.31099236036025424
1.3,77,float32,False,False,True,0.0014595814391267226,0.0014595814391267,False,-0.28089790926684444,-0.27275735706643545
1.3,77,float64,False,False,True,-0.06766020602445577,-0.0676602060244557,False,-0.15672950761620363,-0.42868140645665775
1.3,78,float32,False,False,True,-0.1281422781319157,-0.1281422781319157,False,-0.12748851236371195,-0.5336039176237559
1.3,78,float64,False,False,True,-0.023452705054805012,-0.023452705054805,False,-0.24666610748288242,-0.3533196064385766
1.3,79,float32,False,False,True,-0.19652879752073282,-0.1966761634708499,False,0.014230920266043699,-0.03656065754532827
1.3,79,float64,False,False,True,0.014009238943444746,0.0140092389434447,False,-0.28798699486331714,-0.2095095439387329
1.3,80,float32,False,False,True,-0.04729566012188202,-0.0473853843579473,False,0.006571205937536462,-0.016716196304982944
1.3,80,float64,False,False,True,-0.06330954445164183,-0.0633095444516418,False,-0.08453193279437521,-0.33861535144256827
1.3,81,float32,False,False,True,-0.1384724632041845,-0.1384724632041845,False,-0.10336888925123233,-0.4702967634014854
1.3,81,float64,False,False,True,-0.35767773968407074,-0.3604463949047265,False,0.05813508755266,-0.14752094268947655
1.3,82,float32,False,False,True,-0.179513825066064,-0.1797440043869912,False,0.05414154729533116,-0.15196180041689428
1.3,82,float64,False,False,True,-0.06978776767842998,-0.0697877676784299,False,-0.13512053659424517,-0.4012828195571494
1.3,83,float32,False,False,True,-0.09977500891214985,-0.0997750089121498,False,-0.04689469687531833,-0.4346628115018696
1.3,83,float64,False,False,True,-0.05481906932676628,-0.0548190693267662,False,-0.10944026481111457,-0.3638700454750925
1.3,84,float32,False,False,True,0.02227536854922807,0.022275368549228,False,-0.291352786588428,-0.18030224318627042
1.3,84,float64,False,False,True,-0.5200407012238006,-0.5200407012238006,False,0.16073603687154225,-0.7076992464796463
1.3,85,float32,False,False,True,-0.04801619768440846,-0.0480161976844084,False,-0.10661452785612546,-0.32808938620926575
1.3,85,float64,False,False,True,-0.03903848615356287,-0.0390384861535628,False,-0.12333175313649392,-0.3117209117793447
1.3,86,float32,False,False,True,-0.42303913604078297,-0.4230391360407829,False,0.06406802817060989,-0.17365885136344322
1.3,86,float64,False,False,True,-0.012172960517355946,-0.0121729605173559,False,-0.1759909133926758,-0.22829324058250045
1.3,87,float32,False,False,True,-0.09448514905181327,-0.0944851490518132,False,-0.02317631408382681,-0.37259212262271824
1.3,87,float64,False,False,True,-0.05737765636025571,-0.0573776563602557,False,-0.07257390256398644,-0.32033897774393694
1.3,88,float32,False,False,True,-0.03247057727049185,-0.0324705772704918,False,-0.20566640772784872,-0.36055883324401883
1.3,88,float64,False,False,True,-0.027396467729543073,-0.027396467729543,False,-0.21340537465003528,-0.3472450302740331
1.3,89,float32,False,False,True,0.016146951599514736,0.0161469515995147,False,-0.261083151263076,-0.1741254611440688
1.3,89,float64,False,False,True,-0.008960406023223122,-0.0089604060232231,False,-0.2186189879547431,-0.26360784663019565
1.3,90,float32,False,False,True,0.012841139989292039,0.012841139989292,False,-0.21368218331414468,-0.14175954821020298
1.3,90,float64,False,False,True,-0.085285391361964,-0.085285391361964,False,-0.12724870349732775,-0.4281579261477795
1.3,91,float32,False,False,True,-0.05278573202227799,-0.0527857320222779,False,-0.17014988423830957,-0.4007431838613602
1.3,91,float64,False,False,True,-0.22258220418857233,-0.2225822041885723,False,-0.031594432587008114,-0.6349502289121816
1.3,92,float32,False,False,True,-0.2816498530428386,-0.2841908361672325,False,0.05496728680484575,-0.13972643993670453
1.3,92,float64,False,False,True,-0.06868670457147585,-0.0686867045714758,False,-0.0820627547220738,-0.36300144913501065
1.3,93,float32,False,False,True,-0.056199378347607354,-0.0561993783476073,False,-0.17048190590501555,-0.4074277080160247
1.3,93,float64,False,False,True,-0.13164416668398626,-0.1316441666839862,False,-0.08408401967349732,-0.5037693814541289
1.3,94,float32,False,False,True,-0.12878670497867306,-0.128786704978673,False,-0.045652477401095126,-0.4818541326520833
1.3,94,float64,False,False,True,-0.06957911171794295,-0.0695791117179429,False,-0.11569897251599315,-0.4112500909889505
1.3,95,float32,False,False,True,0.006646275999081741,0.0066462759990817,False,-0.23052505309346571,-0.19476243362041146
1.3,95,float64,False,False,True,-0.1530036588811683,-0.1530036588811683,False,-0.04197507887700347,-0.491948181546217
1.3,96,float32,False,False,True,-0.002640479354458769,-0.0026404793544587,False,-0.248776057951428,-0.2620767031506297
1.3,96,float64,False,False,True,-0.08518284750448923,-0.0852793572767044,False,0.0342706908292732,-0.0977781397107454
1.3,97,float32,False,False,True,-0.14020966775070498,-0.1402096677507049,False,-0.0662690597876967,-0.4867888518370602
1.3,97,float64,False,False,True,0.012527570584939252,0.0125275705849392,False,-0.2915900638602764,-0.22042238532785774
1.3,98,float32,False,False,True,-0.49568867967683516,-0.4956886796768351,False,0.13362089710820868,-0.7031348442841958
1.3,98,float64,False,False,True,-0.09262261716410869,-0.0926226171641086,False,-0.05950079298780153,-0.4317460733777736
1.3,99,float32,False,False,True,-0.050823965084370315,-0.0508637736406485,False,0.003099349483436889,-0.007294074235258782
1.3,99,float64,False,False,True,0.018915388131957922,0.0189153881319579,False,-0.2905743842925581,-0.1868961961569724
1.3,100,float32,False,False,True,0.009700668117338829,0.0097006681173388,False,-0.28723106162510703,-0.24565903295274616
1.3,100,float64,False,False,True,-0.1465522085933438,-0.146707756178832,False,0.062479405942373084,-0.14935019347047146
1.3,101,float32,False,False,True,-0.46079426511291466,-0.4607942651129146,False,0.0816637814333081,-0.69524627597358
1.3,101,float64,False,False,True,-0.08682934606291415,-0.0868293460629141,False,-0.09036696040399228,-0.4055291610101932
1.3,102,float32,False,False,True,-0.11286328760956899,-0.1128632876095689,False,-0.06226694761205742,-0.41734113673571116
1.3,102,float64,False,False,True,0.015038089024311141,0.0150380890243111,False,-0.2538991229902088,-0.1711860381721344
1.3,103,float32,False,False,True,-0.11834404672346335,-0.1185205576290049,False,0.007214538913398058,-0.01929361266731411
1.3,103,float64,False,False,True,0.038258363601947565,0.0382583636019471,False,-0.33436966852048755,-0.08931313571779498
1.3,104,float32,False,False,True,-0.07242032285863242,-0.0724203228586324,False,-0.08672513239921109,-0.37860550076281463
1.3,104,float64,False,False,True,-0.025146401863454848,-0.0251464018634548,False,-0.143984043675637,-0.2478107607803377
1.3,105,float32,False,False,True,-0.08384455546337488,-0.0838445554633748,False,-0.14486209540944373,-0.45987710227158907
1.3,105,float64,False,False,True,-0.25379732990962456,-0.2537973299096245,False,-0.03079152125800544,-0.6534031055222265
1.3,106,float32,False,False,True,0.007478294599931434,0.0074782945999314,False,-0.29761071109489556,-0.2593378082620621
1.3,106,float64,False,False,True,0.007529800907418505,0.0075298009074185,False,-0.2974708586927388,-0.2589329367185851
1.3,107,float32,False,False,True,-0.14856316640676148,-0.1485631664067614,False,-0.0259905184793201,-0.49094542903848293
1.3,107,float64,False,False,True,-0.36100407662328154,-0.3610040766232815,False,0.043056709330830896,-0.1174402279087293
1.3,108,float32,False,False,True,-0.03175659712516232,-0.0317565971251623,False,-0.1497276495689519,-0.2938874565802436
1.3,108,float64,False,False,True,-0.06506138406855136,-0.0650789603034128,False,0.015723915951227144,-0.040839066302867766
1.3,109,float32,False,False,True,-0.059370036320779196,-0.0593700363207791,False,-0.15142753725633007,-0.4114388042830477
1.3,109,float64,False,False,True,-0.012563634577287708,-0.0125636345772877,False,-0.2347724765321857,-0.3039638024169591
1.3,110,float32,False,False,True,-0.020154979043380372,-0.0201549790433803,False,-0.27823308870785546,-0.3739115368637549
1.3,110,float64,False,False,True,-0.10500643578674129,-0.1050064357867412,False,-0.17335954332986248,-0.545468225636494
1.3,111,float32,False,False,True,-0.11283066896849459,-0.1128306689684945,False,-0.15859407096546718,-0.513425136481727
1.3,111,float64,False,False,True,-0.05666776155886066,-0.0567485499438208,False,0.008862699351792735,-0.025397172366533993
1.3,112,float32,False,False,True,-0.1552012378127654,-0.1552012378127654,False,0.007964351796838187,-0.4553581354091296
1.3,112,float64,False,False,True,-0.07019210571181755,-0.0701921057118175,False,-0.07705572658782778,-0.35501936793013655
1.3,113,float32,False,False,True,-0.04000372346247838,-0.0400037234624783,False,-0.22015706059372775,-0.4002092198608054
1.3,113,float64,False,False,True,-0.17675429112396657,-0.1767542911239665,False,-0.0935490856526382,-0.6176019568671585
1.3,114,float32,False,False,True,-0.03199775378433367,-0.0319977537843336,False,-0.18378268790177543,-0.3172821511895041
1.3,114,float64,False,False,True,-0.00655079665650482,-0.0065534023912505,False,0.0009346700315284728,-0.0021814319848085795
1.3,115,float32,False,False,True,-0.02992817796863534,-0.0299281779686353,False,-0.18156625341206478,-0.326042188137567
1.3,115,float64,False,False,True,-0.030472168114026754,-0.0304721681140267,False,-0.18881636577591898,-0.33633523040414914
1.3,116,float32,False,False,True,0.04684743612001352,0.0468474361200135,False,-0.34004765663362946,-0.04004617873949101
1.3,116,float64,False,False,True,-0.060389217355685254,-0.0603892173556852,False,-0.1173755038004618,-0.37421365285118746
1.3,117,float32,False,False,True,-0.058931899058736414,-0.0590613325889297,False,0.004663689352397332,-0.012275371727706291
1.3,117,float64,False,False,True,-0.024235166113951268,-0.0242846242835761,False,0.004837002364552534,-0.012715311941481344
1.3,118,float32,False,False,True,-0.004787910684130203,-0.0047879106841302,False,-0.3764117175309707,-0.4017473742854385
1.3,118,float64,False,False,True,-0.5536287438743881,-0.5536287438743881,False,-0.055110966574736686,-0.9827818014644087
1.3,119,float32,False,False,True,-0.03237044980687953,-0.0323704498068795,False,-0.20683716869446478,-0.3423979509231163
1.3,119,float64,False,False,True,-0.29150447402427515,-0.2915044740242756,False,-0.019278425098438134,-0.6339626808813899
1.3,120,float32,False,False,True,-0.22969941712004516,-0.2296994171200451,False,0.04414635269579026,-0.1029625581188607
1.3,120,float64,False,False,True,-0.15519173963443847,-0.1553757699634533,False,0.04271771261766594,-0.09871505044278853
1.3,121,float32,False,False,True,-0.033837999273949426,-0.0338379992739494,False,0.006975824847721024,-0.017672455265203335
1.3,121,float64,False,False,True,-0.14627150552730228,-0.1462715055273022,False,-0.04116730789632861,-0.4628886894181381
1.3,122,float32,False,False,True,-0.3065703769279615,-0.3065703769279615,False,0.014061949651251737,-0.6993111342902703
1.3,122,float64,False,False,True,-0.32965971872441174,-0.3297528680144352,False,0.05330433003693869,-0.16096129428163364
1.3,123,float32,False,False,True,-0.033052899248814605,-0.0330528992488146,False,-0.13544413069354455,-0.30199282104028313
1.3,123,float64,False,False,True,-0.8698010365850355,-0.8698010365850355,False,0.08766590959943224,-0.26275142640389565
1.3,124,float32,False,False,True,-0.011190700383135077,-0.011190700383135,False,-0.18606902259855929,-0.24216795572200667
1.3,124,float64,False,False,True,-0.08671549415084812,-0.0867154941508481,False,-0.08514989128885375,-0.40721953345085815
1.3,125,float32,False,False,True,-0.060385169301766184,-0.0604933676527134,False,0.005208401083686198,-0.01331698460328773
1.3,125,float64,False,False,True,-0.03805443691164623,-0.0380544369116462,False,-0.1584290791110714,-0.3214606717461628
1.3,126,float32,False,False,True,-0.08129227766453928,-0.0812922776645392,False,-0.115824651993087,-0.40822399161835676
1.3,126,float64,False,False,True,-0.09552747833296493,-0.0955274783329649,False,-0.11267359824658385,-0.443869848932696
1.3,127,float32,False,False,True,-0.02220075554000367,-0.0222007555400036,False,-0.14164233810591575,-0.2503800455683489
1.3,127,float64,False,False,True,-0.06993289778689615,-0.0700525712022575,False,0.005246526891578784,-0.013629748892142773
1.3,128,float32,False,False,True,-0.2500331720208317,-0.2505228895580659,False,0.05358354911918872,-0.14865550904427025
1.3,128,float64,False,False,True,-0.17025161191697702,-0.170251611916977,False,-0.012672363403625653,-0.4453564374748087
1.3,129,float32,False,False,True,-0.005344676121610714,-0.0053446761216107,False,-0.2657170130362587,-0.29024041476193574
1.3,129,float64,False,False,True,-0.0038450117160908626,-0.0038450117160908,False,-0.27671382447383586,-0.29458650256130703
1.3,130,float32,False,False,True,-0.04420416206639155,-0.0442041620663915,False,-0.05626264356705235,-0.27787737397468604
1.3,130,float64,False,False,True,-0.6228322145463121,-0.6228322145463121,False,0.20744962167883862,-0.7012490397257389
1.3,131,float32,False,False,True,-0.04598411464030194,-0.0459841146403019,False,-0.11856683898939835,-0.31100862390000117
1.3,131,float64,False,False,True,-0.0642546540118718,-0.0642546540118718,False,-0.10024580098431812,-0.3527680647895881
1.3,132,float32,False,False,True,-0.08816230501134648,-0.0881623050113464,False,-0.16206814386416468,-0.4800015897769363
1.3,132,float64,False,False,True,-0.011110704938734006,-0.0111107049387344,False,-0.25440173037040026,-0.30729359535896705
1.3,133,float32,False,False,True,-0.06918847595434241,-0.0691884759543424,False,0.006573540195987715,-0.017694466157873623
1.3,133,float64,False,False,True,-0.018705483830081082,-0.018705483830081,False,-0.230391177465485,-0.3097897788145332
1.3,134,float32,False,False,True,-0.006352551087706715,-0.0063525510877067,False,-0.26192864482106515,-0.29276689087388164
1.3,134,float64,False,False,True,-0.15108471219640274,-0.1510847121964027,False,-0.08622667246353188,-0.5169904890619037
1.3,135,float32,False,False,True,-0.7866756172923441,-0.7866756172923441,False,0.1130871717945161,-0.7889429496701461
1.3,135,float64,False,False,True,-0.19004754362011045,-0.1912523713330139,False,0.030181477155719783,-0.08146913444718051
1.3,136,float32,False,False,True,-0.060642579899164856,-0.0606691249688502,False,0.007972121968640666,-0.021201247618405215
1.3,136,float64,False,False,True,-0.06480082912014595,-0.0650029837468197,False,0.00507854952008624,-0.013491822428887468
1.3,137,float32,False,False,True,-0.06211294705392989,-0.0621129470539298,False,-0.13000038431200167,-0.38015184698745763
1.3,137,float64,False,False,True,-0.051464406317274225,-0.0514644063172742,False,-0.13035616896132218,-0.3453632619122029
1.3,138,float32,False,False,True,-0.08182570254455435,-0.0818257025445543,False,-0.023042293956935467,-0.323301796687387
1.3,138,float64,False,False,True,-0.08894679139303019,-0.0889467913930301,False,-0.13566914341526903,-0.4420292677121651
1.3,139,float32,False,False,True,-0.36119260606239356,-0.3611926060623935,False,0.010353071561817195,-0.6673857182231364
1.3,139,float64,False,False,True,-0.02627551227925462,-0.0262755122792546,False,-0.22543640438668433,-0.3407781713196929
1.3,140,float32,False,False,True,-0.2686969760674325,-0.2686969760674325,False,-0.03826782777894433,-0.645340285303103
1.3,140,float64,False,False,True,-0.2552881494401982,-0.2552881494401982,False,-0.0432721217295553,-0.6357963151543595
1.3,141,float32,False,False,True,-0.022759698227219793,-0.0227596982272197,False,-0.12376892588681265,-0.22088170848490662
1.3,141,float64,False,False,True,0.03168870441173599,0.0316887044117359,False,-0.435080738616513,-0.23505800836723267
1.3,142,float32,False,False,True,-0.05755972953419475,-0.0575597295341947,False,-0.15600305867515907,-0.36977172802784075
1.3,142,float64,False,False,True,-0.0872720493655037,-0.0872720493655037,False,-0.1317441403374815,-0.42704921346680713
1.3,143,float32,False,False,True,-0.21298678541659788,-0.2150761210793206,False,0.029861103238662257,-0.07822349257061467
1.3,143,float64,False,False,True,-0.13797219635181657,-0.137972196351817,False,-0.023332068615287582,-0.47568711398347574
1.3,144,float32,False,False,True,-0.12451477695454649,-0.1245147769545464,False,-0.06709520844389338,-0.4767615257547817
1.3,144,float64,False,False,True,-0.04404835756907177,-0.0440483575690717,False,-0.16109073756662617,-0.3540327502252385
1.3,145,float32,False,False,True,-0.052211952647373217,-0.0522119526473732,False,-0.25455395869533604,-0.48036476833919295
1.3,145,float64,False,False,True,-0.012299058573732147,-0.0122990585737321,False,-0.3154257050850582,-0.37760304195563066
1.3,146,float32,False,False,True,-0.04078337337796478,-0.0407833733779647,False,-0.21697130500140105,-0.3951693608595992
1.3,146,float64,False,False,True,-0.029088495733391007,-0.029088495733391,False,-0.22502622086365243,-0.35818826802097803
1.3,147,float32,False,False,True,-0.011128403209484716,-0.0111284032094847,False,-0.25779048617742006,-0.3159148689806184
1.3,147,float64,False,False,True,-0.0869976635697749,-0.0869976635697749,False,-0.15342637954838345,-0.4954283898470706
1.3,148,float32,False,False,True,-0.2683486958984176,-0.2683486958984176,False,-0.03380293708212623,-0.6071469126330866
1.3,148,float64,False,False,True,-0.1386386685464952,-0.1386386685464952,False,0.016943430183724434,-0.04501931685316107
1.3,149,float32,False,False,True,-0.2391087584121125,-0.2391087584121125,False,0.01888234836923471,-0.05579832092772159
1.3,149,float64,False,False,True,-0.048550607930619716,-0.0485506079306197,False,-0.03030165350955194,-0.24411967786689992
1.3,150,float32,False,False,True,0.02936105153461055,0.0293610515346105,False,-0.30659019439907453,-0.12861357224907977
1.3,150,float64,False,False,True,-0.013729362963738279,-0.0137293629637382,False,-0.13624148320073282,-0.20774765435943188
1.3,151,float32,False,False,True,0.011607403596514576,0.0116074035965145,False,-0.17882864387250308,-0.1112320748472051
1.3,151,float64,False,False,True,-0.18096094870706803,-0.1814408358178117,False,0.04594265762141164,-0.1362941059133686
1.3,152,float32,False,False,True,0.011751117768973529,0.0117511177689735,False,-0.2898825975811974,-0.2308832845720925
1.3,152,float64,False,False,True,-0.06734761536782052,-0.0673476153678205,False,-0.0642086345861621,-0.326252516904022
1.3,153,float32,False,False,True,-0.06563048095619628,-0.0656304809561962,False,-0.15413961805658438,-0.4151085875144531
1.3,153,float64,False,False,True,-0.1153548686584216,-0.1153548686584216,False,-0.10549263672630715,-0.49855067512042517
1.3,154,float32,False,False,True,-0.10528727745093303,-0.105287277450933,False,-0.09956062863958515,-0.44165145152058116
1.3,154,float64,False,False,True,-0.7023604458711494,-0.7023604458711494,False,0.008114554338030988,-0.41193571768375703
1.3,155,float32,False,False,True,-0.17304276758337345,-0.1730427675833734,False,-0.007682536799572759,-0.6069806855999573
1.3,155,float64,False,False,True,-0.29030283512020283,-0.2903028351202028,False,0.03815406306029345,-0.750415065305357
1.3,156,float32,False,False,True,-0.7431642602161235,-0.7431642602161239,False,0.1401960631885899,-0.7577114576893669
1.3,156,float64,False,False,True,-0.06284716634144338,-0.0628471663414433,False,-0.11012435370755114,-0.355342706407928
1.3,157,float32,False,False,True,-0.08512148143958309,-0.0857867660914415,False,0.005756883392982637,-0.013859628793804035
1.3,157,float64,False,False,True,-0.03851758137163808,-0.038517581371638,False,-0.11842274042741607,-0.3056598184229262
1.3,158,float32,False,False,True,-0.012552972611822533,-0.0125627028336208,False,0.0007892696555504286,-0.001879180267921804
1.3,158,float64,False,False,True,-0.10822598885225787,-0.1082259888522578,False,-0.017798047366172298,-0.39240250940499877
1.3,159,float32,False,False,True,0.0048634330764047995,0.0048634330764047,False,-0.2164776329240734,-0.19155564595541286
1.3,159,float64,False,False,True,0.004955082545045286,0.0049550825450452,False,-0.2766399640960131,-0.2503229682271133
1.3,160,float32,False,False,True,-0.2752545846898268,-0.2778472567017069,False,0.007970139571766663,-0.019562693899587986
1.3,160,float64,False,False,True,-0.0034118803803386832,-0.0034118803803386,False,-0.18681296292392524,-0.20478670335327998
1.3,161,float32,False,False,True,-0.3495520411110379,-0.3528063754357984,False,0.03655568071745266,-0.08966896931714874
1.3,161,float64,False,False,True,-0.2195986155490548,-0.2195986155490548,False,0.08973743879165852,-0.5165374183732059
1.3,162,float32,False,False,True,-0.0693146140240648,-0.0693146140240648,False,-0.08660846192007732,-0.3558868953904284
1.3,162,float64,False,False,True,-0.020747880318002565,-0.0207478803180025,False,0.003051099603577523,-0.007470918667709436
1.3,163,float32,False,False,True,-0.11418244930826438,-0.1141824493082643,False,-0.1499926897280215,-0.5564872662502918
1.3,163,float64,False,False,True,-0.18063984785319764,-0.1806398478531976,False,0.09419652473863493,-0.38693861809079433
1.3,164,float32,False,False,True,-0.025528350011159606,-0.0255283500111596,False,-0.15777349059604262,-0.2739345969696352
1.3,164,float64,False,False,True,-0.15537579584567585,-0.1553757958456758,False,-0.02463303622076296,-0.48930796246789576
1.3,165,float32,False,False,True,-0.09877297140521346,-0.0987729714052134,False,-0.16077130565075848,-0.5028253377229177
1.3,165,float64,False,False,True,-0.24706505575782367,-0.2475022591585331,False,0.07118004912771589,-0.20899446228399027
1.3,166,float32,False,False,True,-0.3252405115340453,-0.3252405115340453,False,-0.07010706396573152,-0.7566504891712293
1.3,166,float64,False,False,True,0.0117552129790921,0.0117552129790921,False,-0.192800494380716,-0.12570596633746334
1.3,167,float32,False,False,True,-0.2173282765173563,-0.2173282765173563,False,0.007618620475099647,-0.6132682893635444
1.3,167,float64,False,False,True,-0.09114502452124507,-0.091145024521245,False,-0.08430135166243957,-0.4479211629635582
1.3,168,float32,False,False,True,-0.024153712719073184,-0.0241537127190731,False,-0.18376929823132926,-0.2897851016708213
1.3,168,float64,False,False,True,-0.06313444105403732,-0.0633772312546629,False,0.00566163329606445,-0.01391226933019346
1.3,169,float32,False,False,True,0.027395607793049503,0.0273956077930495,False,-0.34146018529332167,-0.18322425136610931
1.3,169,float64,False,False,True,-0.27126656329539056,-0.2712665632953905,False,0.04141338207720771,-0.11994914690655681
1.3,170,float32,False,False,True,-0.2879810296974341,-0.2879810296974341,False,0.05329616641936319,-0.627809113313722
1.3,170,float64,False,False,True,-0.3061734629213486,-0.3068894048154691,False,0.05611057647277347,-0.14993960889324354
1.3,171,float32,False,False,True,-0.8900117948905373,-0.8900117948905373,False,0.03245667579621703,-0.9590807257996663
1.3,171,float64,False,False,True,-0.09580471136514523,-0.0958047113651452,False,-0.19370363284851244,-0.5338177832745785
1.3,172,float32,False,False,True,0.027189905492076782,0.0271899054920767,False,-0.32000761184949056,-0.13826264664793442
1.3,172,float64,False,False,True,-0.031792125801360704,-0.0317921258013607,False,-0.14824064439145168,-0.2745636227209314
1.3,173,float32,False,False,True,-0.016488225691255742,-0.0164882256912557,False,-0.21473640960631712,-0.2960159060694654
1.3,173,float64,False,False,True,0.00601319782359333,0.0060131978235933,False,-0.266564556382324,-0.2328960481548421
1.3,174,float32,False,False,True,-0.20501849602414035,-0.2050184960241403,False,0.012785619665502068,-0.5656318961424116
1.3,174,float64,False,False,True,-0.07557000439356809,-0.075570004393568,False,-0.08600792922482903,-0.3945288860292795
1.3,175,float32,False,False,True,-0.2726009285943345,-0.2726009285943345,False,0.05362073608851592,-0.548227439950355
1.3,175,float64,False,False,True,0.02236429939605511,0.0223642993960551,False,-0.3029392480772266,-0.18605769882694823
1.3,176,float32,False,False,True,-0.004103183960451728,-0.0041048703831925,False,0.0004912232447930043,-0.0012526346068806316
1.3,176,float64,False,False,True,-0.004536793706982234,-0.0045398908367606,False,0.0010900854209148214,0.00037138558816962597
1.3,177,float32,False,False,True,-0.2597669652033502,-0.2597669652033502,False,0.03652625243016164,-0.10551518023424505
1.3,177,float64,False,False,True,-0.014851965265304301,-0.0148519652653043,False,-0.2138554417451104,-0.2861701630697837
1.3,178,float32,False,False,True,-0.08020655053680237,-0.0802065505368023,False,-0.04879278604362902,-0.3817719432039599
1.3,178,float64,False,False,True,-0.022135501522810852,-0.0221355015228108,False,-0.1469607238577666,-0.2672946308979114
1.3,179,float32,False,False,True,-0.06521950265709675,-0.0656603090924461,False,0.005726756803115851,-0.014528268051337223
1.3,179,float64,False,False,True,-0.06049832028176949,-0.0608577666213423,False,0.006562220759625204,-0.0169148373803798
1.3,180,float32,False,False,True,0.022558048932637575,0.0225580489326375,False,-0.2250220616133518,-0.09410863651667611
1.3,180,float64,False,False,True,-0.22911466641550993,-0.2291146664155099,False,-0.020767358995660956,-0.6199957778749683
1.3,181,float32,False,False,True,-0.057896304481765526,-0.0578963044817655,False,-0.12123225364004675,-0.3470970990740323
1.3,181,float64,False,False,True,-0.08772883581461921,-0.0879813540619907,False,0.013042805796376344,-0.03556764096206694
1.3,182,float32,False,False,True,-0.28673861556409364,-0.2867386155640936,False,-0.04664230832653704,-0.6935623738961034
1.3,182,float64,False,False,True,-0.17111364713646893,-0.1711136471364689,False,-0.10295757288961127,-0.5940053523635314
1.3,183,float32,False,False,True,-0.04302423834439573,-0.0430242383443957,False,-0.19188434210747296,-0.38172357874789853
1.3,183,float64,False,False,True,-0.017681481862689807,-0.0176814818626898,False,-0.239728363422266,-0.32809617240806865
1.3,184,float32,False,False,True,-0.00256507697645203,-0.002565076976452,False,-0.21269861935067524,-0.2265211169470298
1.3,184,float64,False,False,True,-0.09658434441754071,-0.0965843444175407,False,-0.07794264365751147,-0.440839473275803
1.3,185,float32,False,False,True,-0.016658454192141403,-0.016663580089973,False,0.0017954454257112507,-0.004425787886835397
1.3,185,float64,False,False,True,-0.08585370700954398,-0.0858537070095439,False,-0.10138341301856535,-0.3921685911801056
1.3,186,float32,False,False,True,-0.14711344149354577,-0.1471134414935457,False,-0.017778449366527838,-0.42793663249299563
1.3,186,float64,False,False,True,-0.08675283237020592,-0.0869454544027964,False,0.0258726122634777,-0.07067474848754107
1.3,187,float32,False,False,True,-0.35403018298100397,-0.3540301829810039,False,0.05165283563949963,-0.7126295934538378
1.3,187,float64,False,False,True,-0.04907716934260753,-0.0490771693426075,False,-0.1361237796907826,-0.35768894689506503
1.3,188,float32,False,False,True,-0.05194576518764915,-0.0519457651876491,False,-0.07234702413200189,-0.30714886683662534
1.3,188,float64,False,False,True,-0.24374167563894034,-0.2437416756389403,False,0.06238655856896891,-0.5788890534313182
1.3,189,float32,False,False,True,-0.09177004277646761,-0.0917700427764676,False,-0.12778684847411803,-0.4521206825065711
1.3,189,float64,False,False,True,-0.20526442819179963,-0.2060076341723303,False,0.023649988524646476,-0.0676178593657669
1.3,190,float32,False,False,True,0.01697518958724853,0.0169751895872485,False,-0.26909478569361056,-0.1832484728515773
1.3,190,float64,False,False,True,-0.01150752286886858,-0.0115075228688685,False,-0.17742076210826063,-0.22591741580197677
1.3,191,float32,False,False,True,-0.02104326494045239,-0.0210432649404519,False,-0.1594643247661658,-0.2705363739847648
1.3,191,float64,False,False,True,-2.6245862205270654,-2.624586220527066,False,0.13048959479809288,-0.3279665430295562
1.3,192,float32,False,False,True,-0.10877033164011696,-0.1087703316401169,False,-0.06848011897106332,-0.45416511517720615
1.3,192,float64,False,False,True,0.03904517104623295,0.0390451710462329,False,-0.2865089835916237,-0.03967435015447407
1.3,193,float32,False,False,True,-0.07097371748541148,-0.0709737174854114,False,-0.1271587080227956,-0.4054422718975417
1.3,193,float64,False,False,True,-0.02050011553048181,-0.0205001155304818,False,-0.20562615789522098,-0.30368164064641867
1.3,194,float32,False,False,True,-0.006224705706339151,-0.0062247057063391,False,-0.231282370933247,-0.2649078984150499
1.3,194,float64,False,False,True,0.0023401392694055723,0.0023401392694055,False,-0.1796144018602508,-0.16847471829255412
1.3,195,float32,False,False,True,-0.07916199263847323,-0.0791619926384732,False,-0.06317582058213667,-0.3786953898437364
1.3,195,float64,False,False,True,0.012360457767900623,0.0123604577679006,False,-0.2905084955716273,-0.23564857361160385
1.3,196,float32,False,False,True,-0.05195304897006814,-0.0519805306240754,False,0.008888069602060983,-0.024250202771245843
1.3,196,float64,False,False,True,-0.10923779802287426,-0.1092377980228742,False,-0.14357288547463476,-0.48009456368055403
1.3,197,float32,False,False,True,-0.46377203118990007,-0.4637720311899,False,0.10091938311659909,-0.6680308951226541
1.3,197,float64,False,False,True,-0.032806030212898296,-0.0328060302128982,False,-0.15363755678705182,-0.305646709538804
1.3,198,float32,False,False,True,-0.03495961522195801,-0.034959615221958,False,-0.16043632713356715,-0.3046210184521385
1.3,198,float64,False,False,True,-0.012458023816794395,-0.0124580238167943,False,-0.1952043543489932,-0.2524348396899505
1.3,199,float32,False,False,True,-0.07561319816309542,-0.0756131981630954,False,-0.14982682490969346,-0.4243345435659691
1.3,199,float64,False,False,True,-1.3103958974498369,-1.3103958974498369,False,0.07387672666999281,-0.20170745286050923
1.35,0,float32,False,False,True,-1.1831303968601161,-1.183130396860116,False,0.0653539073710709,-0.19214096740229558
1.35,0,float64,False,False,True,-0.0010385325743369478,-0.0010385325743369,False,-0.2010583224435507,-0.20526012095563928
1.35,1,float32,False,False,True,-0.013811557962511767,-0.0138115579625117,False,-0.18759783823101728,-0.24434277564755646
1.35,1,float64,False,False,True,0.02867167294072237,0.0286716729407223,False,-0.26174797302654973,-0.11980915571370154
1.35,2,float32,False,False,True,0.050879279521925724,0.0508792795219257,False,-0.3778352299269123,-0.10067747585841147
1.35,2,float64,False,False,True,0.022345441224934426,0.0223454412249344,False,-0.2732970483364987,-0.16943379340546194
1.35,3,float32,False,False,True,-0.06833052575602494,-0.0683305257560249,False,-0.1118853522263521,-0.36118306612859286
1.35,3,float64,False,False,True,-0.11472546133815253,-0.1147254613381525,False,-0.06690301103055596,-0.4272755161134558
1.35,4,float32,False,False,True,-0.008290050781319946,-0.0082913287881847,False,0.0014453040812419382,-0.004135773619041494
1.35,4,float64,False,False,True,-0.010141629212403025,-0.010141629212403,False,0.0021777856503778503,-0.006232118202894266
1.35,5,float32,False,False,True,0.004134435085160426,0.0041344350851604,False,-0.18054199118666148,-0.16180499528720205
1.35,5,float64,False,False,True,0.053831404132760774,0.0538314041327607,False,-0.37234838178831353,-0.076952332331647
1.35,6,float32,False,False,True,-0.08890511564531162,-0.0889051156453116,False,0.017495265318341197,-0.04830418147179104
1.35,6,float64,False,False,True,-0.0909456994725868,-0.0913800716769482,False,0.011875849096256275,-0.032714656395212816
1.35,7,float32,False,False,True,0.046098696946204054,0.046098696946204,False,-0.36150417337005436,-0.10841723796192682
1.35,7,float64,False,False,True,0.04157167404359097,0.0415716740435914,False,-0.34208166078610347,-0.12082329493141941
1.35,8,float32,False,False,True,-0.011122853768319452,-0.0111290320247692,False,0.0019820056714041634,-0.005226238651194537
1.35,8,float64,False,False,True,-0.019044868069186816,-0.0190540621795877,False,0.00206029715774389,-0.005438174572705817
1.35,9,float32,False,False,True,-0.026311524812064224,-0.0263115248120642,False,-0.14009076173224422,-0.25285478721032995
1.35,9,float64,False,False,True,-0.08171616701159845,-0.0817161670115984,False,-0.15694284719744367,-0.39935524886627327
1.35,10,float32,False,False,True,0.031814225214573,0.031814225214573,False,-0.32942420767570724,-0.16327294983720364
1.35,10,float64,False,False,True,0.046817917921053276,0.0468179179210532,False,-0.37593623280309174,-0.10783506089286377
1.35,11,float32,False,False,True,-0.22574023486110972,-0.2257402348611097,False,0.032008973547614755,-0.0799779467531968
1.35,11,float64,False,False,True,-0.041686647976330704,-0.0416866479763307,False,-0.11475054240788118,-0.27287044171042396
1.35,12,float32,False,False,True,0.04395189319979487,0.0439518931997948,False,-0.4112626787162643,-0.1863525373592516
1.35,12,float64,False,False,True,-0.23138323898777577,-0.2318606895889295,False,0.03383680352818391,-0.09559107314204873
1.35,13,float32,False,False,True,-0.40395064198056085,-0.4039643250465216,False,0.06358120025313305,-0.16740514070391344
1.35,13,float64,False,False,True,-0.03157245438901857,-0.0315724543890185,False,-0.13823513366932794,-0.2682791330025509
1.35,14,float32,False,False,True,-0.05482651679423922,-0.0548265167942392,False,0.007764220447266323,-0.01895650956059347
1.35,14,float64,False,False,True,0.01960401189281491,0.0196040118928149,False,-0.30600432453619675,-0.21847468060860287
1.35,15,float32,False,False,True,-0.06410531683829346,-0.0641053168382934,False,-0.152868423819168,-0.36254289399323447
1.35,15,float64,False,False,True,0.0526960652080497,0.0526960652080497,False,-0.38669890662787054,-0.08989451967930506
1.35,16,float32,False,False,True,-0.11194349527691372,-0.1119434952769137,False,0.010747274518815325,-0.02617547120000016
1.35,16,float64,False,False,True,-0.06922059595510839,-0.0692205959551083,False,0.007316673622473837,-0.01781175522549846
1.35,17,float32,False,False,True,-0.012262989636311783,-0.0122674510224326,False,0.0028988176829396473,-0.007519797184857624
1.35,17,float64,False,False,True,-0.02291416231005483,-0.0229283013835969,False,0.002617424170549554,-0.006789919686992829
1.35,18,float32,False,False,True,-0.00817669559202372,-0.0081766955920237,False,-0.25304332258492046,-0.28810700211731266
1.35,18,float64,False,False,True,0.07015851441125154,0.0701585144112515,False,-0.42540893744999764,-0.0391946198710329
1.35,19,float32,False,False,True,0.029437148306786565,0.0294371483067865,False,-0.32913541246049505,-0.18782443384624692
1.35,19,float64,False,False,True,0.060668855920939624,0.0606688559209396,False,-0.44010894483361795,-0.0855082795077422
1.35,20,float32,False,False,True,-0.090539358984977,-0.090539358984977,False,-0.07349365680080133,-0.3698053851433247
1.35,20,float64,False,False,True,-0.05075508302077747,-0.0507550830207774,False,-0.1256921948167271,-0.31751770077585206
1.35,21,float32,False,False,True,-0.1549973976555049,-0.1554593053467367,False,0.04095620970849567,-0.10992105716431105
1.35,21,float64,False,False,True,-0.035154448947718464,-0.0351544489477184,False,-0.18866318763767786,-0.32633446314482306
1.35,22,float32,False,False,True,-0.1606567259135563,-0.1606567259135567,False,-0.07277838133124526,-0.4970437655886073
1.35,22,float64,False,False,True,0.05324264327394346,0.0532426432739434,False,-0.34825487239602637,-0.05007063089276187
1.35,23,float32,False,False,True,-0.07539937430754629,-0.0753993743075462,False,-0.13330499445689448,-0.3875929932936568
1.35,23,float64,False,False,True,-0.004086449931061331,-0.0040864499310613,False,-0.24672150158504458,-0.26517507663968587
1.35,24,float32,False,False,True,-0.05872128174857316,-0.0587212817485731,False,-0.14240778579369007,-0.35721643609030096
1.35,24,float64,False,False,True,-0.017687658842773235,-0.0176876588427732,False,-0.2025255614928465,-0.27898793638231467
1.35,25,float32,False,False,True,-0.36867962643347196,-0.3686796264334724,False,0.0342259069486337,-0.6366411161908836
1.35,25,float64,False,False,True,0.002681533024361915,0.0026815330243619,False,-0.26264506205731664,-0.24949657452078
1.35,26,float32,False,False,True,-0.3022804986511147,-0.3022804986511147,False,0.03201231380911995,-0.07880302539067319
1.35,26,float64,False,False,True,-0.04783894636743735,-0.0478389463674373,False,-0.14108838362833076,-0.32032072356066976
1.35,27,float32,False,False,True,-0.07218125989239965,-0.0721812598923996,False,-0.29306830042683707,-0.5322802920586405
1.35,27,float64,False,False,True,-0.03562808653405947,-0.0356280865340594,False,-0.32633215434864127,-0.45924505071359967
1.35,28,float32,False,False,True,-0.062043127510623464,-0.0620431275106234,False,-0.16117757631830543,-0.38710018441770977
1.35,28,float64,False,False,True,-0.07537427749508518,-0.0753742774950851,False,-0.13669586767655773,-0.3964689055927284
1.35,29,float32,False,False,True,-0.1937632173839109,-0.1947632993094541,False,0.01843455103956751,-0.049675887778796085
1.35,29,float64,False,False,True,-0.15485489871990987,-0.1548548987199098,False,-0.05762132997167946,-0.46677001462132495
1.35,30,float32,False,False,True,-0.021206695410979748,-0.0212066954109797,False,-0.18047494508587647,-0.26906399911688617
1.35,30,float64,False,False,True,-0.046950948223011046,-0.047077153205846,False,0.006027428441401694,-0.015210559609834806
1.35,31,float32,False,False,True,0.03410643104647537,0.0341064310464753,False,-0.40359944576164253,-0.2192294099252301
1.35,31,float64,False,False,True,-0.11885885430503151,-0.1188588543050315,False,-0.17516750596663933,-0.5459421621418272
1.35,32,float32,False,False,True,-0.04499772862809248,-0.0449977286280924,False,-0.11526290372667702,-0.2891262455396859
1.35,32,float64,False,False,True,-0.0716571471962495,-0.0716571471962495,False,-0.20002641407795174,-0.4195540340409636
1.35,33,float32,False,False,True,-0.008744395804336502,-0.0087443958043365,False,-0.23408589623853082,-0.2722978708288597
1.35,33,float64,False,False,True,-0.10464988519143947,-0.1046498851914394,False,-0.11534344312269162,-0.449213367022292
1.35,34,float32,False,False,True,-0.0012626593529794228,-0.0012626593529794,False,-0.2546647053414528,-0.2596061185938652
1.35,34,float64,False,False,True,0.01752784610896896,0.0175278461089689,False,-0.2827461996601155,-0.2082717320511147
1.35,35,float32,False,False,True,-0.14335070115714998,-0.1433507011571499,False,-0.08177611127397277,-0.47177382568034254
1.35,35,float64,False,False,True,-0.07592873020668822,-0.0759287302066882,False,-0.12806169782730237,-0.374689552719806
1.35,36,float32,False,False,True,0.0042741043102219045,0.0042741043102219,False,-0.24463996701040003,-0.22241218790257022
1.35,36,float64,False,False,True,-0.08200015986006282,-0.0820001598600628,False,-0.07815378345292956,-0.37081416638643283
1.35,37,float32,False,False,True,-0.224875913409255,-0.2255070722741724,False,0.018032014726241857,-0.05206766390821809
1.35,37,float64,False,False,True,0.037364760715865586,0.0373647607158655,False,-0.3381976302840286,-0.15842567447821843
1.35,38,float32,False,False,True,0.04029938517201659,0.0402993851720165,False,-0.4793555972756103,-0.23676427178421733
1.35,38,float64,False,False,True,0.015534337395909592,0.0155343373959095,False,-0.39816986112931296,-0.3169403100948145
1.35,39,float32,False,False,True,0.030313951582643828,0.0303139515826438,False,-0.3377054010304281,-0.17924854364649256
1.35,39,float64,False,False,True,-0.2473320356257549,-0.2473320356257549,False,-0.017932847090099457,-0.5484011710390018
1.35,40,float32,False,False,True,0.006336128445440181,0.0063361284454401,False,-0.22148698815893297,-0.19163879549354057
1.35,40,float64,False,False,True,-0.007633559271968071,-0.007633559271968,False,-0.16320530118030163,-0.19262977266735426
1.35,41,float32,False,False,True,-0.12668786698162648,-0.1266878669816264,False,-0.025676788743115964,-0.4120694609616695
1.35,41,float64,False,False,True,-0.4082871450986894,-0.4082871450986894,False,0.04954168972890406,-0.12831662693613344
1.35,42,float32,False,False,True,0.019193986429609566,0.0191939864296095,False,-0.23177280636402742,-0.13819749140227344
1.35,42,float64,False,False,True,-0.16662135728253435,-0.1666213572825343,False,-0.05692373521549854,-0.4817328795522213
1.35,43,float32,False,False,True,-0.1434432191900732,-0.1434432191900732,False,-0.0647666936487532,-0.48304556595964243
1.35,43,float64,False,False,True,-0.053162309020503784,-0.0531623090205037,False,-0.1518444194572055,-0.3537360869817814
1.35,44,float32,False,False,True,0.04754981156753324,0.0475498115675332,False,-0.3541926575496568,-0.06882175438088112
1.35,44,float64,False,False,True,-1.9488746212436947,-1.9488746212436947,False,0.13958088303966876,-0.3894585511126138
1.35,45,float32,False,False,True,-0.17191896854967936,-0.1719189685496793,False,-0.12818073984393585,-0.6166640262800733
1.35,45,float64,False,False,True,0.009199554490163742,0.0091995544901637,False,-0.32030744478420736,-0.27590068967441184
1.35,46,float32,False,False,True,-0.26306987607574583,-0.2634409033849966,False,0.04161862894229748,-0.10521005904442463
1.35,46,float64,False,False,True,-0.21708812952141499,-0.2182075218139543,False,0.03797061574465188,-0.09406197035316347
1.35,47,float32,False,False,True,-0.05670706949625837,-0.0567070694962583,False,-0.15813466800160647,-0.36668293398612484
1.35,47,float64,False,False,True,0.00040411715758414957,0.0004041171575841,False,-0.2625110951566203,-0.2606096377134879
1.35,48,float32,False,False,True,-0.06689548292532521,-0.0670647956167306,False,0.012746140424142127,-0.03263035061183073
1.35,48,float64,False,False,True,-0.02669703398941481,-0.0266970339894148,False,-0.18982739421331374,-0.29169249786058415
1.35,49,float32,False,False,True,-0.12332614878526904,-0.123326148785269,False,-0.14200745364682454,-0.49205538072322064
1.35,49,float64,False,False,True,-0.25564288335397745,-0.2556428833539774,False,-0.06779411630064924,-0.6202060163398837
1.35,50,float32,False,False,True,-0.3218568494386599,-0.3218568494386599,False,0.0868845057353239,-0.23874536981246508
1.35,50,float64,False,False,True,-0.09054360374137982,-0.0905436037413798,False,-0.10380993547988204,-0.3955172138934593
1.35,51,float32,False,False,True,0.03735291202541502,0.037352912025415,False,-0.29739997374365146,-0.12414049600629617
1.35,51,float64,False,False,True,-0.002877716091393978,-0.0028777160913939,False,-0.2545478850565832,-0.26710882447806483
1.35,52,float32,False,False,True,-0.009420919979482356,-0.0094209199794823,False,-0.20333369760677122,-0.2424929945595089
1.35,52,float64,False,False,True,0.055207277105373986,0.0552072771053739,False,-0.38736760709090845,-0.05426428312436471
1.35,53,float32,False,False,True,-0.02588754164284568,-0.0258875416428456,False,-0.19688525993551487,-0.3049492471144788
1.35,53,float64,False,False,True,-0.062153087074591884,-0.0621530870745918,False,-0.14579469312767657,-0.37065847708731425
1.35,54,float32,False,False,True,-0.5996383061969737,-0.5996383061969737,False,0.09371293809317338,-0.709735004269409
1.35,54,float64,False,False,True,-0.0013552915889203376,-0.0013552915889203,False,-0.240553548385666,-0.24682069533998252
1.35,55,float32,False,False,True,-0.15725151636618406,-0.1587142506111534,False,0.0047268181397587955,-0.012054568892266151
1.35,55,float64,False,False,True,-0.10470872455105984,-0.1050909070038399,False,0.010789936093759445,-0.028422928513515855
1.35,56,float32,False,False,True,-0.060859078252401666,-0.0608590782524016,False,-0.015834842624718348,-0.23627096438768724
1.35,56,float64,False,False,True,-1.4923658958049413,-1.492365894329009,False,0.05972401041400732,-0.570576689328404
1.35,57,float32,False,False,True,-0.10285015974591696,-0.1028501597459169,False,0.02067114007882781,-0.05428387994321622
1.35,57,float64,False,False,True,-0.038601370679487435,-0.0386013706794874,False,-0.14153626535529718,-0.2752529856435597
1.35,58,float32,False,False,True,-0.43995164594192726,-0.4399516459419272,False,0.016464583766309993,-0.7020377184949957
1.35,58,float64,False,False,True,0.026570782588509978,0.0265707825885099,False,-0.3129690898865185,-0.18618768046459166
1.35,59,float32,False,False,True,-0.057566651095940724,-0.0579015906300237,False,0.002540539423534438,-0.006890909298251813
1.35,59,float64,False,False,True,-0.07175977381306009,-0.071837263360812,False,0.007373568903851657,-0.020341600998571657
1.35,60,float32,False,False,True,0.0041965333418674255,0.0041965333418674,False,-0.22702580923846227,-0.2090282563235455
1.35,60,float64,False,False,True,-0.20879224757169457,-0.2101878757566474,False,0.02430917345422612,-0.0657320001702732
1.35,61,float32,False,False,True,0.043294661937252066,0.043294661937252,False,-0.40262078252936995,-0.1750780758328805
1.35,61,float64,False,False,True,-0.14508741412814008,-0.1454997872685733,False,0.027476778524663237,-0.07440596471294622
1.35,62,float32,False,False,True,-0.0483615490974163,-0.0483615490974163,False,-0.13617056773756708,-0.3413734647563462
1.35,62,float64,False,False,True,-0.028201737026321005,-0.028201737026321,False,-0.16564079218320948,-0.29556262566241287
1.35,63,float32,False,False,True,0.0321221447220692,0.0321221447220692,False,-0.3608278700019092,-0.1897453050331066
1.35,63,float64,False,False,True,0.03412029699487906,0.034120296994879,False,-0.36987650305422193,-0.18582312763344078
1.35,64,float32,False,False,True,-0.1461549471316408,-0.1461549471316408,False,-0.13049323433571303,-0.5879688636305769
1.35,64,float64,False,False,True,-0.018217656036067176,-0.0182176560360671,False,-0.2805142903629356,-0.36221024535038104
1.35,65,float32,False,False,True,-0.10768979420183133,-0.1076897942018313,False,0.007010321919704132,-0.01780406844043638
1.35,65,float64,False,False,True,-0.03480253384389753,-0.0348122235122229,False,0.005341563302188268,-0.013362551044739907
1.35,66,float32,False,False,True,-0.07536795649805161,-0.0757759479887596,False,0.00410747539046058,-0.01031492456133909
1.35,66,float64,False,False,True,-0.11000052650517489,-0.1100005265051748,False,-0.07098850248364563,-0.3812312488584162
1.35,67,float32,False,False,True,0.04261406584204064,0.0426140658420406,False,-0.3969603474794745,-0.167117081866607
1.35,67,float64,False,False,True,0.017037472196998138,0.0170374721969981,False,-0.3212988594238677,-0.24184660431337335
1.35,68,float32,False,False,True,-0.09613701851470713,-0.0962296460422884,False,0.017845206244027134,-0.047953773334647926
1.35,68,float64,False,False,True,-0.09587484727366757,-0.0961593463942602,False,0.015690348425166645,-0.04217901583194561
1.35,69,float32,False,False,True,0.00792215848210942,0.0079221584821094,False,-0.2728257555162479,-0.23901711750833954
1.35,69,float64,False,False,True,0.04540260903590809,0.045402609035908,False,-0.3791587567546788,-0.1403028161406077
1.35,70,float32,False,False,True,-0.12038201794274561,-0.1204530070096823,False,0.02761456414769138,-0.07175413232873963
1.35,70,float64,False,False,True,0.04853859387770143,0.0485385938777014,False,-0.3792366754286185,-0.11527750357248578
1.35,71,float32,False,False,True,0.04204452718020102,0.042044527180201,False,-0.42105606177910104,-0.17811813763714568
1.35,71,float64,False,False,True,-0.15124268714790912,-0.1512426871479091,False,-0.11551433935244582,-0.5479624282462456
1.35,72,float32,False,False,True,-0.05672574321132373,-0.0567257432113237,False,-0.14066747069819563,-0.34393936511533774
1.35,72,float64,False,False,True,-0.1347257233363553,-0.1351583844751087,False,0.03140588203065958,-0.08542546298190051
1.35,73,float32,False,False,True,-0.022937141624325363,-0.0229371416243253,False,-0.2606941672543215,-0.35191235216326433
1.35,73,float64,False,False,True,-0.05425696035100014,-0.0542569603510001,False,-0.07561725017053789,-0.2624482254803322
1.35,74,float32,False,False,True,-0.09414190630920152,-0.0942410074537482,False,0.00861937198569096,-0.02286074398152632
1.35,74,float64,False,False,True,0.024441803251929795,0.0244418032519297,False,-0.31063206881888483,-0.19418711511374198
1.35,75,float32,False,False,True,0.04736030137846603,0.047360301378466,False,-0.4137276181120271,-0.16289436360312592
1.35,75,float64,False,False,True,0.05883186509673033,0.0588318650967303,False,-0.45555349269324097,-0.11989187605846041
1.35,76,float32,False,False,True,-0.008135582405073727,-0.0081355824050737,False,-0.20941907152152872,-0.24798588504119223
1.35,76,float64,False,False,True,0.005509360180076417,0.0055093601800764,False,-0.24001313342514585,-0.21203689246955904
1.35,77,float32,False,False,True,0.039744677378680926,0.0397446773786809,False,-0.38598546172040926,-0.16279634629739448
1.35,77,float64,False,False,True,-0.016134510814920233,-0.0161345108149202,False,-0.24981296264142294,-0.3176366469335683
1.35,78,float32,False,False,True,-0.05906081658992024,-0.0590608165899202,False,-0.2088548997891717,-0.40582852682228854
1.35,78,float64,False,False,True,0.021810133704402546,0.0218101337044025,False,-0.3474226793960007,-0.2453503850856169
1.35,79,float32,False,False,True,-0.19530021620528148,-0.1954589548269274,False,0.014165729443350976,-0.03638353223413957
1.35,79,float64,False,False,True,0.0509723076376396,0.0509723076376396,False,-0.3966846327618576,-0.1091303198220217
1.35,80,float32,False,False,True,-0.047629032359549184,-0.0477188742274344,False,0.006583450542500702,-0.016746955837665223
1.35,80,float64,False,False,True,-0.01723666593406392,-0.0172366659340639,False,-0.17420967468718196,-0.24612496398515304
1.35,81,float32,False,False,True,-0.06678927715273986,-0.0667892771527398,False,-0.18119927995576468,-0.3689858248993598
1.35,81,float64,False,False,True,-0.35931546050440555,-0.362128462910706,False,0.05804886205548038,-0.14727451954537674
1.35,82,float32,False,False,True,-0.18055884413304285,-0.1807914757591648,False,0.054141402590875354,-0.15193716996260948
1.35,82,float64,False,False,True,-0.019773562127604283,-0.0197735621276042,False,-0.22537265334105427,-0.30390600235526577
1.35,83,float32,False,False,True,-0.04967756153567349,-0.049677561535673,False,-0.12955955692216747,-0.33060320007140653
1.35,83,float64,False,False,True,-0.012769904958829237,-0.0127699049588292,False,-0.2000192453614993,-0.26069672579476943
1.35,84,float32,False,False,True,0.06573059033900464,0.0657305903390046,False,-0.40556471163478847,-0.0707086774428447
1.35,84,float64,False,False,True,-0.27142030986017174,-0.2714203098601717,False,0.06736661457227289,-0.5470318939831316
1.35,85,float32,False,False,True,-0.0064541390101258145,-0.0064541390101258,False,-0.19934164928225506,-0.23012125698940977
1.35,85,float64,False,False,True,0.0021932600374499067,0.0021932600374499,False,-0.22036265561632007,-0.20940962048381984
1.35,86,float32,False,False,True,-0.4130872220310626,-0.4130872220310626,False,0.06291480344870357,-0.17041038691450214
1.35,86,float64,False,False,True,0.03113645283064237,0.0311364528306423,False,-0.27166034617658497,-0.13356346305270783
1.35,87,float32,False,False,True,-0.045595179306525235,-0.0455951793065252,False,-0.10803357191525542,-0.28554166569629835
1.35,87,float64,False,False,True,-0.014219494383671094,-0.014219494383671,False,-0.1636006321004988,-0.22721109670833783
1.35,88,float32,False,False,True,0.009379921577783445,0.0093799215777834,False,-0.3025375007194917,-0.2568268514913381
1.35,88,float64,False,False,True,0.01455777902700195,0.0145577790270019,False,-0.31298899636129107,-0.24021071576154895
1.35,89,float32,False,False,True,0.05511008265942374,0.0551100826594237,False,-0.37055111704676946,-0.07011606088880029
1.35,89,float64,False,False,True,0.030399330019567294,0.0303993300195672,False,-0.3198482414704884,-0.16470506749114655
1.35,90,float32,False,False,True,0.048776942334602946,0.0487769423346029,False,-0.3157147041730468,-0.03967710660140966
1.35,90,float64,False,False,True,-0.035401567120062705,-0.0354015671200627,False,-0.21164848597483932,-0.34226756273847236
1.35,91,float32,False,False,True,0.0021648575830286454,0.0021648575830286,False,-0.26384969236342215,-0.25408833028802036
1.35,91,float64,False,False,True,-0.14941038865002376,-0.1494103886500237,False,-0.1018289682731428,-0.5307591177048607
1.35,92,float32,False,False,True,-0.28282617231672014,-0.28547556097686,False,0.05460264640801127,-0.13878897823541136
1.35,92,float64,False,False,True,-0.019889437171654478,-0.0198894371716544,False,-0.17266425176912925,-0.25697191108745443
1.35,93,float32,False,False,True,-0.01136718552132665,-0.0113671855213266,False,-0.26498375998594703,-0.3146759265940364
1.35,93,float64,False,False,True,-0.07816727941337431,-0.0781672794133743,False,-0.16312492741410267,-0.42524187531647684
1.35,94,float32,False,False,True,-0.07745793657932554,-0.0774579365793255,False,-0.123716708542851,-0.400399193249406
1.35,94,float64,False,False,True,-0.024199916598526716,-0.0241999165985267,False,-0.20733263569985638,-0.31478660986310025
1.35,95,float32,False,False,True,0.04473386012099434,0.0447338601209943,False,-0.3290867079644606,-0.08656836867978512
1.35,95,float64,False,False,True,-0.09942535680131037,-0.0994253568013103,False,-0.1029066514662258,-0.39933608145480903
1.35,96,float32,False,False,True,0.049413228262679354,0.0494132282626793,False,-0.35228788599054717,-0.0967129652388099
1.35,96,float64,False,False,True,-0.09159863315669325,-0.0917120207534659,False,0.03415171509905979,-0.0974903577868107
1.35,97,float32,False,False,True,-0.07750101129451226,-0.0775010112945122,False,-0.14682872014584447,-0.39298195608524367
1.35,97,float64,False,False,True,0.05031094785872359,0.0503109478587235,False,-0.40291349612713745,-0.1156160852796404
1.35,98,float32,False,False,True,-1.8449603748317625,-1.8449603748317625,False,0.1619917408667546,-0.7222741644456379
1.35,98,float64,False,False,True,-0.04983051727831489,-0.0498305172783148,False,-0.14512499659712397,-0.3517118273057491
1.35,99,float32,False,False,True,-0.0510390301892405,-0.0510784026620396,False,0.0031136090365772306,-0.007327810651081505
1.35,99,float64,False,False,True,0.0593974435071436,0.0593974435071436,False,-0.40351039040982783,-0.07390795778469439
1.35,100,float32,False,False,True,0.06178363558100575,0.0617836355810057,False,-0.3984601558913443,-0.12341018419268579
1.35,100,float64,False,False,True,-0.15655130139996584,-0.1567169924115061,False,0.06244615426334285,-0.1494019605957872
1.35,101,float32,False,False,True,-0.40323570040029955,-0.4032357004002995,False,0.04248523192912401,-0.6473524952569889
1.35,101,float64,False,False,True,-0.02768825117238949,-0.0276882511723894,False,-0.17908271217835292,-0.284400349624498
1.35,102,float32,False,False,True,-0.057256825785341636,-0.0572568257853416,False,-0.14515367204061036,-0.3358183241916244
1.35,102,float64,False,False,True,0.053802610635941495,0.0538026106359414,False,-0.36380202117297955,-0.06226247605788515
1.35,103,float32,False,False,True,-0.11909389769163106,-0.1192730938770774,False,0.007201756069881382,-0.019254313524039668
1.35,103,float64,True,True,True,0.07851095866033919,0.0785109586603391,True,-0.46687767196150887,0.0465731129189102
1.35,104,float32,False,False,True,-0.02862808248005111,-0.0286280824800511,False,-0.17095697664973208,-0.29007745218970626
1.35,104,float64,False,False,True,0.02155474463520779,0.0215547446352077,False,-0.2415409201802916,-0.14852634840257295
1.35,105,float32,False,False,True,-0.022205478624729658,-0.0222054786247296,False,-0.23347410705287075,-0.32060246034181006
1.35,105,float64,False,False,True,-0.17814052307024797,-0.1781405230702479,False,-0.09545530468770647,-0.5568806270147073
1.35,106,float32,False,False,True,0.049967388463933116,0.0499673884639331,False,-0.4124648681989864,-0.1516663471899875
1.35,106,float64,False,False,True,0.05029677179034797,0.0502967717903479,False,-0.413185152644596,-0.15021626430055335
1.35,107,float32,False,False,True,-0.09792899014279666,-0.0979289901427966,False,-0.09953709963072299,-0.4207340280778791
1.35,107,float64,False,False,True,-0.34512516657243053,-0.3451251665724305,False,0.04161121638589005,-0.11335264710136789
1.35,108,float32,False,False,True,0.011460608998128397,0.0114606089981283,False,-0.24726881666079947,-0.19369804168270832
1.35,108,float64,False,False,True,-0.0651599545749561,-0.065178780422455,False,0.015703823047941615,-0.040784066431968115
1.35,109,float32,False,False,True,-0.016534173817758013,-0.016534173817758,False,-0.2402966970526439,-0.3146952993732981
1.35,109,float64,False,False,True,0.02555054737485385,0.0255505473748538,False,-0.33610376403479947,-0.1935650594735705
1.35,110,float32,False,False,True,0.03484787085998198,0.0348478708599819,False,-0.3880628621313651,-0.2179166810173747
1.35,110,float64,False,False,True,-0.0384100803606624,-0.0384100803606624,False,-0.26891890441080335,-0.4125749975335484
1.35,111,float32,False,False,True,-0.04523118202921372,-0.0452311820292137,False,-0.24404491505170434,-0.3940289905251326
1.35,111,float64,False,False,True,-0.05688724999008954,-0.0569675207140627,False,0.008877877384778354,-0.025439851320272544
1.35,112,float32,False,False,True,-0.09300836897189146,-0.0930083689718914,False,-0.06714864836708223,-0.3614041577669269
1.35,112,float64,False,False,True,-0.022416618773790198,-0.0224166187737901,False,-0.1691535900658856,-0.2620114844586201
1.35,113,float32,False,False,True,0.006319342505557213,0.0063193425055572,False,-0.31903776284506513,-0.2895135419760404
1.35,113,float64,False,False,True,-0.10940218635078125,-0.1094021863507812,False,-0.16311230345740846,-0.5003349453485875
1.35,114,float32,False,False,True,0.013169557395052323,0.0131695573950523,False,-0.2882039317202274,-0.23104538800883212
1.35,114,float64,False,False,True,-0.00660914219803499,-0.006611764257423,False,0.0009359001192000838,-0.002184302437219121
1.35,115,float32,False,False,True,0.017165587369526225,0.0171655873695262,False,-0.2951410790052069,-0.20736382281246968
1.35,115,float64,False,False,True,0.0016864534678120435,0.001686453467812,False,-0.26712548719615725,-0.2591296712409097
1.35,116,float32,True,True,True,0.08499409467843222,0.0849940946784322,True,-0.4654473540335573,0.08262674406625337
1.35,116,float64,False,False,True,-0.005468246628797857,-0.0054682466287978,False,-0.21073237838277947,-0.2346768824824732
1.35,117,float32,False,False,True,-0.05948571041219752,-0.0596160542622392,False,0.004669346499561244,-0.012289951780298375
1.35,117,float64,False,False,True,-0.02445502765923946,-0.0245047769950708,False,0.004843915946119992,-0.012733543257324786
1.35,118,float32,False,False,True,0.03855238430224661,0.0385523843022466,False,-0.478373824516094,-0.2723340969224033
1.35,118,float64,False,False,True,-0.49305936129807915,-0.4930593612980791,False,-0.09455715283992738,-0.9293601118503165
1.35,119,float32,False,False,True,0.015316785235692354,0.0153167852356923,False,-0.3125072880519575,-0.2456099238177618
1.35,119,float64,False,False,True,-0.26798883049892375,-0.2679888304989237,False,-0.05621564369541243,-0.595427654737283
1.35,120,float32,False,False,True,-0.23003059910235762,-0.2300305991023576,False,0.044074630626403155,-0.10275933066685819
1.35,120,float64,False,False,True,-0.1563829746253476,-0.1565696677351695,False,0.04271170444798411,-0.0986894100155691
1.35,121,float32,False,False,True,-0.033855023203089196,-0.0338550232030891,False,0.006965963598307284,-0.017647606805748534
1.35,121,float64,False,False,True,-0.07289266209887835,-0.0728926620988783,False,-0.12114122780312364,-0.3457880202288166
1.35,122,float32,False,False,True,-0.2624562443528644,-0.2624562443528644,False,-0.029571177925076242,-0.6371228575262649
1.35,122,float64,False,False,True,-0.33182570191097227,-0.3319422541537325,False,0.053291975094158686,-0.16082651878684928
1.35,123,float32,False,False,True,0.006444545263886159,0.0064445452638861,False,-0.23189937247449777,-0.1986414543189916
1.35,123,float64,False,False,True,-0.7868358141063607,-0.7868358141063607,False,0.08286448708095265,-0.24416671017577085
1.35,124,float32,False,False,True,0.02985760512052904,0.029857605120529,False,-0.2887230155449636,-0.13558716887455624
1.35,124,float64,False,False,True,-0.029461883171395087,-0.029461883171395,False,-0.16830399197353607,-0.2816571555246181
1.35,125,float32,False,False,True,-0.06094896481599221,-0.0610582827357939,False,0.005206437337326175,-0.0133118588461143
1.35,125,float64,False,False,True,0.005605141830848481,0.0056051418308484,False,-0.2533227150862558,-0.22850423607455284
1.35,126,float32,False,False,True,-0.030273709749492728,-0.0302737097494927,False,-0.20164744870495355,-0.3150378116732053
1.35,126,float64,False,False,True,-0.05698012926255247,-0.0569801292625524,False,-0.1763146851949422,-0.3707024509530328
1.35,127,float32,False,False,True,0.0174202930383478,0.0174202930383478,False,-0.23949967318970522,-0.1521546904509723
1.35,127,float64,False,False,True,-0.07030796612370072,-0.0704276199555406,False,0.005256880051561719,-0.013656748891472004
1.35,128,float32,False,False,True,-0.25700315079830555,-0.2574860052331845,False,0.05363917705087212,-0.14890373308508986
1.35,128,float64,False,False,True,-0.1006129731518044,-0.1006129731518044,False,-0.08464401200435834,-0.35708266621775664
1.35,129,float32,False,False,True,0.03892483438768313,0.0389248343876831,False,-0.37702588752596355,-0.19218277851318
1.35,129,float64,False,False,True,0.03971035950719681,0.0397103595071968,False,-0.38809639858723166,-0.1977333261496952
1.35,130,float32,False,False,True,-0.004979098936581217,-0.0049790989365812,False,-0.14984107413012815,-0.17544850698695846
1.35,130,float64,False,False,True,-0.5566752286180225,-0.5566752286180225,False,0.17740283140428126,-0.6552261671124828
1.35,131,float32,False,False,True,0.0010225573344571082,0.0010225573344571,False,-0.21291063239278962,-0.20848716519270027
1.35,131,float64,False,False,True,-0.029354076758364656,-0.0293540767583646,False,-0.16296571245719882,-0.27432611170688936
1.35,132,float32,False,False,True,-0.02618086529767405,-0.0261808652976736,False,-0.24719159683768943,-0.34546371521270913
1.35,132,float64,False,False,True,0.03922756031392671,0.0392275603139267,False,-0.35925488050962073,-0.16632341432659103
1.35,133,float32,False,False,True,-0.07168722753965251,-0.0716872275396525,False,0.00672704507805616,-0.018106130000934417
1.35,133,float64,False,False,True,0.0273233237000019,0.0273233237000019,False,-0.33179502415537243,-0.21166286251478184
1.35,134,float32,False,False,True,0.0343563362629693,0.0343563362629693,False,-0.3653325611739362,-0.19559889004873732
1.35,134,float64,False,False,True,-0.0805251583589004,-0.0805251583589004,False,-0.16500578488327022,-0.40792292825410037
1.35,135,float32,False,False,True,-0.7555308546131334,-0.7555308546131334,False,0.08780621590649496,-0.7669589635631477
1.35,135,float64,False,False,True,-0.19213758556335114,-0.1933796063741375,False,0.03005419654416558,-0.08111055737449818
1.35,136,float32,False,False,True,-0.060748356451506114,-0.060774699072769,False,0.007976810490367497,-0.02121289224510018
1.35,136,float64,False,False,True,-0.06552339200183788,-0.0657272842272257,False,0.0050858100568323406,-0.013515613202583932
1.35,137,float32,False,False,True,-0.015581190474712514,-0.0155811904747125,False,-0.22042682440593353,-0.2857469849401362
1.35,137,float64,False,False,True,-0.004924006502997624,-0.0049240065029976,False,-0.22339127068522835,-0.24486100318397952
1.35,138,float32,False,False,True,-0.03376644248060767,-0.0337664424806076,False,-0.10755694711370012,-0.23789954952788506
1.35,138,float64,False,False,True,-0.021951955045458327,-0.0219519550454583,False,-0.2279203383692039,-0.30735640966918965
1.35,139,float32,False,False,True,-0.27776355508988804,-0.277763555089888,False,-0.045129569990292495,-0.594829134422544
1.35,139,float64,False,False,True,0.020144370174200787,0.0201443701742007,False,-0.33375649856967726,-0.24163352516888104
1.35,140,float32,False,False,True,-0.18984079161914957,-0.1898407916191495,False,-0.10166493744487592,-0.5559334269340166
1.35,140,float64,False,False,True,-0.19848373209542647,-0.1984837320954264,False,-0.09663988975803761,-0.5637618805174114
1.35,141,float32,False,False,True,0.019261737992195993,0.0192617379921959,False,-0.22090094234256874,-0.13570133654648586
1.35,141,float64,False,False,True,0.07095625750506906,0.070956257505069,False,-0.5635989387946552,-0.11257057161436634
1.35,142,float32,False,False,True,-0.0035594847141751096,-0.0035594847141751,False,-0.24964196582093834,-0.2634851937321603
1.35,142,float64,False,False,True,-0.024815115345516503,-0.0248151153455165,False,-0.22131464521250166,-0.30986118988383105
1.35,143,float32,False,False,True,-0.21451124264864907,-0.216611481426425,False,0.029882440210588335,-0.07827694083523656
1.35,143,float64,False,False,True,-0.07376276428239992,-0.0737627642823999,False,-0.09986945429235838,-0.3539559201499074
1.35,144,float32,False,False,True,-0.062189882051536305,-0.0621898820515363,False,-0.151106180555308,-0.3678231005848449
1.35,144,float64,False,False,True,0.0008803375134123215,0.0008803375134123,False,-0.2588484799951445,-0.25486071719521775
1.35,145,float32,False,False,True,0.006191719348386027,0.006191719348386,False,-0.35272459780894394,-0.32498727456647103
1.35,145,float64,False,False,True,0.03391157274455736,0.0339115727445573,False,-0.4186570591602834,-0.24432008881842648
1.35,146,float32,False,False,True,0.00550039148940451,0.0055003914894045,False,-0.31533740269239807,-0.2904887918078831
1.35,146,float64,False,False,True,0.019351337436442684,0.0193513374364426,False,-0.33292663989549,-0.24010637939875856
1.35,147,float32,False,False,True,0.03154878349461665,0.0315487834946166,False,-0.3641390365428805,-0.19566619610466418
1.35,147,float64,False,False,True,-0.022746294562486113,-0.0227462945624861,False,-0.24590087491834112,-0.3396733717057181
1.35,148,float32,False,False,True,-0.18583684186493166,-0.1858368418649316,False,-0.09840645522128444,-0.5210142633374675
1.35,148,float64,False,False,True,-0.13757609282459593,-0.1375760928245959,False,0.016844641354137407,-0.04476528222982604
1.35,149,float32,False,False,True,-0.2383025803487507,-0.2383166418727268,False,0.018822122052912126,-0.05560341154383353
1.35,149,float64,False,False,True,-0.006515329140493797,-0.0065153291404937,False,-0.12007938367446336,-0.1497909327349518
1.35,150,float32,False,False,True,0.06645623287599234,0.0664562328759923,False,-0.41234152322662254,-0.007461695495553755
1.35,150,float64,False,False,True,0.023717581653990294,0.0237175816539902,False,-0.23299957973639884,-0.10762210595797761
1.35,151,float32,False,False,True,0.04670968922895247,0.0467096892289524,False,-0.28286912270563036,-0.008587812834377928
1.35,151,float64,False,False,True,-0.18199320969218064,-0.182447689999557,False,0.04618801929506344,-0.13693988452310216
1.35,152,float32,False,False,True,0.054863862939216634,0.0548638629392166,False,-0.40221603668397066,-0.12078348498978997
1.35,152,float64,False,False,True,-0.0233079958166873,-0.0233079958166873,False,-0.1492931984912218,-0.2435646720903808
1.35,153,float32,False,False,True,-0.016089766592353616,-0.0160897665923536,False,-0.2434333753646385,-0.3100603129449304
1.35,153,float64,False,False,True,-0.054538153789176924,-0.0545381537891769,False,-0.18381150787728018,-0.37716174521684387
1.35,154,float32,False,False,True,-0.047254920853687654,-0.0472549208536876,False,-0.18475131044226423,-0.34733242995337754
1.35,154,float64,False,False,True,-0.39870530277222316,-0.3987053027722231,False,0.04111997354780095,-0.11118830791828965
1.35,155,float32,False,False,True,-0.10568817650327267,-0.1056881765032726,False,-0.07969541320946405,-0.46371772187873717
1.35,155,float64,False,False,True,-0.2139519189447623,-0.2139519189447623,False,-0.02278791997845353,-0.6362798273899166
1.35,156,float32,False,False,True,-0.7917482495500145,-0.7917482495500145,False,0.12349977634474696,-0.7535890296498979
1.35,156,float64,False,False,True,-0.0065614051366686965,-0.0065614051366686,False,-0.2079092203257158,-0.234808071462707
1.35,157,float32,False,False,True,-0.08619665728979498,-0.0868748313224889,False,0.005692674097197203,-0.01371468396028569
1.35,157,float64,False,False,True,0.0005671520983083767,0.0005671520983083,False,-0.21568527217676348,-0.21286330009016297
1.35,158,float32,False,False,True,-0.01259157416111778,-0.0126012687902459,False,0.0007953463355528378,-0.0018939918973551184
1.35,158,float64,False,False,True,-0.057304132369616845,-0.0573041323696168,False,-0.10122095447927926,-0.3110357087166413
1.35,159,float32,False,False,True,0.04391968990080164,0.0439196899008016,False,-0.3221389286558125,-0.09312762412627329
1.35,159,float64,False,False,True,0.044122734456984336,0.0441227344569843,False,-0.3825561988634547,-0.14647331093097904
1.35,160,float32,False,False,True,-0.2777969284869397,-0.2804321168110758,False,0.007901569817503895,-0.019367329815860916
1.35,160,float64,False,False,True,0.038101152667789684,0.0381011526677896,False,-0.29482761435547644,-0.08854085591595151
1.35,161,float32,False,False,True,-0.352158389497059,-0.3554515889446855,False,0.036512997611286235,-0.08954869963295427
1.35,161,float64,False,False,True,-0.14761684365971828,-0.1476168436597182,False,0.024768554745840277,-0.4082689445015788
1.35,162,float32,False,False,True,-0.021327737501307453,-0.0213277375013074,False,-0.18068136615281105,-0.26744353451796954
1.35,162,float64,False,False,True,-0.020403412231806417,-0.0204034122318064,False,0.0029969979665255275,-0.007338501182596269
1.35,163,float32,False,False,True,-0.0468967411776573,-0.0468967411776573,False,-0.239581966817358,-0.4167431685374243
1.35,163,float64,False,False,True,-0.1142583199117162,-0.1142583199117162,False,0.025866144819834958,-0.29941118876684314
1.35,164,float32,False,False,True,0.017186553683536943,0.0171865536835369,False,-0.2521387105765882,-0.17249852667057297
1.35,164,float64,False,False,True,-0.08605516896184628,-0.0860551689618462,False,-0.10075956253821339,-0.37262456257580645
1.35,165,float32,False,False,True,-0.033380211512618274,-0.0333802115126182,False,-0.24946674835781124,-0.3709082000832886
1.35,165,float64,False,False,True,-0.24776382975167,-0.2482008470435752,False,0.07120500163067978,-0.20899164600602935
1.35,166,float32,False,False,True,-0.26178633101503035,-0.2617863310150303,False,-0.12238857836669048,-0.6869724582860677
1.35,166,float64,False,False,True,0.04610553490140612,0.0461055349014061,False,-0.29619618379149415,-0.032691828185072325
1.35,167,float32,False,False,True,-0.14574008973568375,-0.1457400897356837,False,-0.05878057974580031,-0.4974253429138997
1.35,167,float64,False,False,True,-0.05186875242237532,-0.0518687524223748,False,-0.15436557195604372,-0.3634560977655692
1.35,168,float32,False,False,True,0.021447971556588286,0.0214479715565882,False,-0.28731356614389725,-0.18968883153888427
1.35,168,float64,False,False,True,-0.06381663912598734,-0.0640621592777024,False,0.005659926619846933,-0.013907453912505308
1.35,169,float32,False,False,True,0.07184375978387791,0.0718437597838779,False,-0.45283719296750746,-0.03625936934151852
1.35,169,float64,False,False,True,-0.2704080597950912,-0.2704080597950912,False,0.04125219683736993,-0.11944391714853808
1.35,170,float32,False,False,True,-0.21217773448440402,-0.212177734484404,False,-0.005601683115730616,-0.5368421593264436
1.35,170,float64,False,False,True,-0.30872241236972825,-0.3094533683834781,False,0.056084317470082995,-0.14985311264275158
1.35,171,float32,False,False,True,-0.8063927845357339,-0.8063927845357339,False,0.002612047424737529,-0.9240503869719903
1.35,171,float64,False,False,True,-0.027380795834440086,-0.02738079583444,False,-0.28575256525651405,-0.3883918543374101
1.35,172,float32,False,False,True,0.06385518186904715,0.0638551818690471,False,-0.4443387957712339,-0.011540712509653162
1.35,172,float64,False,False,True,0.015404507984121185,0.0154045079841211,False,-0.24700803446292952,-0.18305413091970557
1.35,173,float32,False,False,True,0.024657616648661396,0.0246576166486613,False,-0.3154535001858729,-0.1915970747939948
1.35,173,float64,False,False,True,0.04459694025587435,0.0445969402558743,False,-0.37381062129264464,-0.12207439495062644
1.35,174,float32,False,False,True,-0.13219380772072276,-0.1321938077207227,False,-0.05751168673767104,-0.45237676359135826
1.35,174,float64,False,False,True,-0.02987915665656482,-0.0298791566565643,False,-0.17547304430236998,-0.30225201466859986
1.35,175,float32,False,False,True,-0.1933434359975732,-0.1933434359975732,False,-0.006552799089580397,-0.4610406775869773
1.35,175,float64,False,False,True,0.0632898210463857,0.0632898210463857,False,-0.41492827833854307,-0.07998803736035143
1.35,176,float32,False,False,True,-0.004176399648361251,-0.0041781312312314,False,0.0004951291579444739,-0.001262479715063436
1.35,176,float64,False,False,True,-0.004508273855057254,-0.0045113778398788,False,0.00019587369469176164,-0.0004976429874980481
1.35,177,float32,False,False,True,-0.26621497129603466,-0.2662149712960346,False,0.036678789719900365,-0.10598768491700268
1.35,177,float64,False,False,True,0.028757293320300636,0.0287572933203006,False,-0.31568886609706936,-0.17290160980340197
1.35,178,float32,False,False,True,-0.03553004541285487,-0.0355300454128548,False,-0.1355778041495288,-0.288176878369768
1.35,178,float64,False,False,True,0.016623280096799586,0.0166232800967995,False,-0.24984976849619045,-0.15800383137865381
1.35,179,float32,False,False,True,-0.06574515782562207,-0.0661959988721987,False,0.005621589493025159,-0.014243778390640005
1.35,179,float64,False,False,True,-0.06096620436834277,-0.0613300600810102,False,0.006533105221514179,-0.016838605907501747
1.35,180,float32,True,True,True,0.05993600646615871,0.0599360064661587,True,-0.33434987461758325,0.017367931302125328
1.35,180,float64,False,False,True,-0.15441189861437898,-0.1544118986143789,False,-0.08907303535220557,-0.5170667889584681
1.35,181,float32,False,False,True,-0.011325170166608611,-0.0113251701666086,False,-0.20660539667004052,-0.25251279676750293
1.35,181,float64,False,False,True,-0.08774148992954933,-0.0879850172615284,False,0.013155106912970171,-0.03587023890294588
1.35,182,float32,False,False,True,-0.20901559948628723,-0.2090155994862872,False,-0.10829984451204844,-0.6045714633280692
1.35,182,float64,False,False,True,-0.09742739154000502,-0.0974273915400045,False,-0.1800495974529106,-0.4761770418317397
1.35,183,float32,False,False,True,0.0015431817441968754,0.0015431817441968,False,-0.29158543325523567,-0.2845504664886427
1.35,183,float64,False,False,True,0.02311967758393285,0.0231196775839328,False,-0.3443364451906614,-0.22653738670887869
1.35,184,float32,False,False,True,0.03662789980793679,0.0366278998079367,False,-0.3174651480192665,-0.11779276535541428
1.35,184,float64,False,False,True,-0.03558949207676765,-0.0355894920767676,False,-0.16615602987345923,-0.30572166136881584
1.35,185,float32,False,False,True,-0.016716721996327788,-0.0167218234684517,False,0.0017983883281841584,-0.004432842165084577
1.35,185,float64,False,False,True,-0.032690690810164735,-0.0326906908101647,False,-0.19143834144496807,-0.3084842152168328
1.35,186,float32,False,False,True,-0.0775218234990156,-0.0775218234990156,False,-0.09308149103711472,-0.32227103285817726
1.35,186,float64,False,False,True,-0.08703914998966422,-0.0872287329886494,False,0.025917821089361914,-0.07079428583657654
1.35,187,float32,False,False,True,-0.27201110105392967,-0.2720111010539296,False,-0.002611950016659925,-0.6246829039335164
1.35,187,float64,False,False,True,-0.003056006731965155,-0.0030560067319651,False,-0.22814402602455885,-0.2423630708332496
1.35,188,float32,False,False,True,-0.008901533599060762,-0.0089015335990607,False,-0.16154674476332076,-0.2030620376387482
1.35,188,float64,False,False,True,-0.17403497650953836,-0.1740349765095383,False,0.0030579579791645273,-0.47747349094469005
1.35,189,float32,False,False,True,-0.03198926776158606,-0.031989267761586,False,-0.21479722459333495,-0.33314179792805554
1.35,189,float64,False,False,True,-0.2062579854719463,-0.2069999572850061,False,0.023674978524765744,-0.06768370687114442
1.35,190,float32,False,False,True,0.05653285971112654,0.0565328597111265,False,-0.37479322613256016,-0.08612857603202251
1.35,190,float64,False,False,True,0.02860538545807456,0.0286053854580745,False,-0.2644128361225899,-0.14297650773265502
1.35,191,float32,False,False,True,0.01645032306482941,0.0164503230648294,False,-0.26123992373628724,-0.1734116216583601
1.35,191,float64,False,False,True,-1.9356111059165537,-1.9356111059165535,False,0.09712979953729685,-0.23140457847541354
1.35,192,float32,False,False,True,-0.043368946335465175,-0.0433689463354651,False,-0.15592300751327492,-0.31792170324986024
1.35,192,float64,True,True,True,0.07728134847376644,0.0772813484737664,True,-0.41072770992141727,0.08533149621203506
1.35,193,float32,False,False,True,-0.013888483470300361,-0.0138884834703003,False,-0.22050955620412616,-0.27738360833594555
1.35,193,float64,False,False,True,0.021899486642982247,0.0218994866429822,False,-0.30851112851119744,-0.20119474285666428
1.35,194,float32,False,False,True,0.031128796708384865,0.0311287967083848,False,-0.3289305227492676,-0.1601821320595498
1.35,194,float64,False,False,True,0.04470156977777551,0.0447015697777755,False,-0.28621069371475194,-0.06684152348768002
1.35,195,float32,False,False,True,-0.035015348802486024,-0.035015348802486,False,-0.14990903666253352,-0.2949038487979383
1.35,195,float64,False,False,True,0.05892263650884466,0.0589226365088446,False,-0.4031450074837508,-0.1337427053200937
1.35,196,float32,False,False,True,-0.05203453708239414,-0.0520616823588377,False,0.008895997846184917,-0.024270686790532042
1.35,196,float64,False,False,True,-0.039181686460433074,-0.039181686460433,False,-0.2322166781123567,-0.3598439804826121
1.35,197,float32,False,False,True,-0.3330351540113874,-0.3330351540113874,False,0.04187165778865598,-0.581569190712087
1.35,197,float64,False,False,True,0.003932891800447091,0.003932891800447,False,-0.24109575919435322,-0.22281823710238235
1.35,198,float32,False,False,True,0.01194520869159188,0.0119452086915918,False,-0.25934422154505654,-0.20812603614298553
1.35,198,float64,False,False,True,0.030934919134079752,0.0309349191340797,False,-0.2974694259259092,-0.1516157079802003
1.35,199,float32,False,False,True,-0.02550174653890913,-0.0255017465389091,False,-0.24139205130359187,-0.3384826765441975
1.35,199,float64,False,False,True,-1.1645397560755217,-1.1645397560755215,False,0.06876388929743285,-0.1886349771279381
1.4,0,float32,False,False,True,-0.9182520456556568,-0.9182520456556568,False,0.05697890081158993,-0.17303521246334178
1.4,0,float64,False,False,True,0.04313033441562908,0.043130334415629,False,-0.30192780990325296,-0.1207219446468244
1.4,1,float32,False,False,True,0.03645529960785243,0.0364552996078524,False,-0.2811231637488394,-0.12662804072401634
1.4,1,float64,True,True,True,0.07280800161894208,0.072808001618942,False,-0.3705249008965996,0.000276884142696332
1.4,2,float32,True,True,True,0.09016732998392918,0.0901673299839291,True,-0.4903125664928467,0.0029883559071066657
1.4,2,float64,False,False,True,0.06391002344144558,0.0639100234414455,False,-0.37563530942219003,-0.07325922754285408
1.4,3,float32,False,False,True,-0.01885279958299746,-0.0188527995829974,False,-0.19477283987213312,-0.2664392643871114
1.4,3,float64,False,False,True,-0.06336539414548126,-0.0633653941454812,False,-0.13944473713033112,-0.34657276099835954
1.4,4,float32,False,False,True,-0.008329982282669124,-0.0083312520838759,False,0.0014471383151768435,-0.004140909663473635
1.4,4,float64,False,False,True,-0.0099372716742685,-0.0099372716742685,False,0.0021481711790202196,-0.006147361971213017
1.4,5,float32,False,False,True,0.04499263038053858,0.0449926303805385,False,-0.27500693025813305,-0.06741587517563374
1.4,5,float64,True,True,True,0.09465372615704926,0.0946537261570492,True,-0.48621617395785677,0.04023303758745911
1.4,6,float32,False,False,True,-0.08843381372278306,-0.088433813722783,False,0.017467945019319614,-0.04822427590273598
1.4,6,float64,False,False,True,-0.09174668007810793,-0.0921846148041338,False,0.01187913449146527,-0.032722605297527796
1.4,7,float32,False,False,True,0.08375297255347869,0.0837529725534786,False,-0.4689628240112249,-0.009231828155300548
1.4,7,float64,False,False,True,0.07961051482917547,0.0796105148291754,False,-0.44726066497562655,-0.022876424021276875
1.4,8,float32,False,False,True,-0.01120715675209727,-0.0112133381866004,False,0.001986410388565285,-0.005237390134006148
1.4,8,float64,False,False,True,-0.019144246084976668,-0.0191534118377593,False,0.002064657968939815,-0.005449747251500964
1.4,9,float32,False,False,True,0.016380984474412053,0.016380984474412,False,-0.23292724625366823,-0.16072117126280538
1.4,9,float64,False,False,True,-0.014678194865082261,-0.0146781948650822,False,-0.23836639027234519,-0.28405451258316106
1.4,10,float32,False,False,True,0.07137910120083779,0.0713791012008377,False,-0.4328037541429346,-0.05631316085387539
1.4,10,float64,True,True,True,0.08432507379937482,0.0843250737993748,False,-0.48171832934765035,0.00118730736880579
1.4,11,float32,False,False,True,-0.22964000594950829,-0.2296400059495082,False,0.03234831400456483,-0.0808813459817421
1.4,11,float64,False,False,True,0.0065673813560303,0.0065673813560303,False,-0.2005808028763454,-0.17474839243888418
1.4,12,float32,False,False,True,0.08314196047866318,0.0831419604786631,False,-0.5174243142061492,-0.08734329403478469
1.4,12,float64,False,False,True,-0.23397503456780724,-0.2344650580889604,False,0.033808557980459855,-0.09550083929534736
1.4,13,float32,False,False,True,-0.4155976959798671,-0.4155976959798671,False,0.0638575725208476,-0.16829812793802168
1.4,13,float64,False,False,True,0.015126410225728026,0.015126410225728,False,-0.23418131510813112,-0.1696951288805515
1.4,14,float32,False,False,True,-0.06026226364219056,-0.0602622636421905,False,0.008387173936248105,-0.020472715992049362
1.4,14,float64,False,False,True,0.05678355801375856,0.0567835580137585,False,-0.39480915172533493,-0.14345649339010969
1.4,15,float32,False,False,True,-0.01728535648271201,-0.017285356482712,False,-0.22679777468310114,-0.28450875800243836
1.4,15,float64,True,True,True,0.09067163592014804,0.090671635920148,True,-0.49181165869851284,0.01651710236794912
1.4,16,float32,False,False,True,-0.1066239029258953,-0.1066239029258953,False,0.010318481150927372,-0.02511661462422965
1.4,16,float64,False,False,True,-0.06919682909183117,-0.0691968290918311,False,0.007311904723852321,-0.017798855178354837
1.4,17,float32,False,False,True,-0.012348517550503257,-0.0123529682820024,False,0.002902660198559781,-0.007529419371502422
1.4,17,float64,False,False,True,-0.02307976301195891,-0.0230939249722932,False,0.0026212375665106147,-0.006799825397379583
1.4,18,float32,False,False,True,0.035934843058937904,0.0359348430589379,False,-0.3542961227664456,-0.19584792210242163
1.4,18,float64,True,True,True,0.1093043432479881,0.1093043432479881,True,-0.541174387928038,0.06321811890174445
1.4,19,float32,False,False,True,0.07170055786011442,0.0717005578601144,False,-0.4333535217492752,-0.08349657074352557
1.4,19,float64,True,True,True,0.09825897918888904,0.0982589791888894,True,-0.5500603212330653,0.021062039265814292
1.4,20,float32,False,False,True,-0.040023872769726854,-0.0400238727697268,False,-0.1523297913524182,-0.28882329119745087
1.4,20,float64,False,False,True,-0.004681813323273776,-0.0046818133232737,False,-0.21160356596863572,-0.2298619677424334
1.4,21,float32,False,False,True,-0.15610671007276944,-0.1565692627817152,False,0.04097592201101852,-0.10996639211729231
1.4,21,float64,False,False,True,0.010469838816577148,0.0104698388165771,False,-0.2803042603351411,-0.2380724411100381
1.4,22,float32,False,False,True,-0.09029389966958412,-0.0902938996695841,False,-0.14281425707301665,-0.3936544451602426
1.4,22,float64,True,True,True,0.09213072904793984,0.0921307290479398,True,-0.4546738928492111,0.0664961435831799
1.4,23,float32,False,False,True,-0.027683502328041065,-0.027683502328041,False,-0.21652531190458824,-0.3133806877926446
1.4,23,float64,False,False,True,0.03679875750676942,0.0367987575067694,False,-0.3454030343707153,-0.17587951852441286
1.4,24,float32,False,False,True,-0.01767895513816864,-0.0176789551381686,False,-0.21168122107991394,-0.2770265778259571
1.4,24,float64,False,False,True,0.026444482797137958,0.0264444827971379,False,-0.2916293926590221,-0.17400260949665558
1.4,25,float32,False,False,True,-0.30112155708708244,-0.3011215570870824,False,-0.011576709854799638,-0.5782181190905193
1.4,25,float64,False,False,True,0.04443611586447771,0.0444361158644777,False,-0.3679803594321065,-0.14396428885293844
1.4,26,float32,False,False,True,-0.26898932887854055,-0.2689893288785405,False,0.02913184622516979,-0.07171393217421074
1.4,26,float64,False,False,True,-0.005458003048436133,-0.0054580030484361,False,-0.22264480433949174,-0.2435858361098493
1.4,27,float32,False,False,True,-0.019742398845655984,-0.0197423988456559,False,-0.3791870053009543,-0.4470472415389093
1.4,27,float64,False,False,True,0.014903698073238658,0.0149036980732386,False,-0.4204979872079342,-0.3628344333857161
1.4,28,float32,False,False,True,-0.01728758619903159,-0.0172875861990315,False,-0.24431778406055393,-0.30965637697727466
1.4,28,float64,False,False,True,-0.028668323522427652,-0.0286683235224276,False,-0.21728524450478837,-0.32029830773321954
1.4,29,float32,False,False,True,-0.19496902512621894,-0.1959706621406994,False,0.018460615028768473,-0.04974510467102353
1.4,29,float64,False,False,True,-0.07277209983289623,-0.0727720998328962,False,-0.13629758629432764,-0.34360945184304903
1.4,30,float32,False,False,True,0.022018109577330858,0.0220181095773308,False,-0.27235864572918267,-0.17739402021696904
1.4,30,float64,False,False,True,-0.04692518361943332,-0.0470508346978335,False,0.00603941513156403,-0.01523952877044632
1.4,31,float32,False,False,True,0.07446062545907317,0.0744606254590731,False,-0.5128033749018535,-0.10755695119202002
1.4,31,float64,False,False,True,-0.05012104717321675,-0.0501210471732171,False,-0.2553984344136442,-0.4185342087240489
1.4,32,float32,False,False,True,0.000616662642090926,0.0006166626420909,False,-0.20747321514091688,-0.2050010849943753
1.4,32,float64,False,False,True,-0.006750493683211012,-0.006750493683211,False,-0.2833314610194133,-0.30491933054767806
1.4,33,float32,False,False,True,0.03470033305762987,0.0347003330576298,False,-0.3278240097325291,-0.17357079765438677
1.4,33,float64,False,False,True,-0.03964235183196818,-0.0396423518319681,False,-0.19602059269387517,-0.32807951305424154
1.4,34,float32,False,False,True,0.04614359610055008,0.04614359610055,False,-0.3525549116051234,-0.16646430176609783
1.4,34,float64,False,False,True,0.06527801531258604,0.065278015312586,False,-0.39059084798380894,-0.1029341223827398
1.4,35,float32,False,False,True,-0.07864880779461103,-0.078648807794611,False,-0.15180095453510845,-0.37679828472985655
1.4,35,float64,False,False,True,-0.01891479615502778,-0.0189147961550277,False,-0.21469060953223185,-0.28020891486083777
1.4,36,float32,False,False,True,0.041932859973186076,0.041932859973186,False,-0.33847981895332246,-0.11922546726116323
1.4,36,float64,False,False,True,-0.03683897520592572,-0.0368389752059257,False,-0.1507481123489498,-0.2856238040496901
1.4,37,float32,False,False,True,-0.23873962336092894,-0.2392370940425695,False,0.018708904901242468,-0.05412218813280058
1.4,37,float64,False,False,True,0.08017115555027754,0.0801711555502775,False,-0.4413303135765343,-0.05104327565933886
1.4,38,float32,False,False,True,0.07846927114309832,0.0784692711430983,False,-0.5892549374726705,-0.11841697262671858
1.4,38,float64,False,False,True,0.056829216123055026,0.056829216123055,False,-0.5014880383271265,-0.20139739615913754
1.4,39,float32,False,False,True,0.0707730071135364,0.0707730071135364,False,-0.4485392499147771,-0.07253692884356866
1.4,39,float64,False,False,True,-0.17648798491189277,-0.1764879849118927,False,-0.07789123165146616,-0.47531559009405555
1.4,40,float32,False,False,True,0.046453067416378335,0.0464530674163783,False,-0.31181360704485783,-0.08994299083436275
1.4,40,float64,False,False,True,0.03961898249407669,0.0396189824940766,False,-0.25683182908914937,-0.09833394232775916
1.4,41,float32,False,False,True,-0.0762680325705043,-0.0762680325705043,False,-0.09585159872621496,-0.33954915991034085
1.4,41,float64,False,False,True,-0.4630695233575651,-0.4630695233575651,False,0.05295364189500147,-0.13824459017633242
1.4,42,float32,False,False,True,0.059597132498870664,0.0595971324988706,False,-0.33346856088656907,-0.036488075972867406
1.4,42,float64,False,False,True,-0.17411028165936226,-0.1741102816593622,False,-0.07206164560576322,-0.46621868584341186
1.4,43,float32,False,False,True,-0.08159759187352167,-0.0815975918735216,False,-0.13450592270155326,-0.3820297628181528
1.4,43,float64,False,False,True,-0.0070775132541847086,-0.0070775132541847,False,-0.23717356486139174,-0.2649417222753332
1.4,44,float32,True,True,True,0.08787541543304433,0.0878754154330443,True,-0.4796643470481463,0.0633887767288499
1.4,44,float64,False,False,True,-1.2255619434909832,-1.2255619434909832,False,0.10868125546642954,-0.2858742684317981
1.4,45,float32,False,False,True,-0.10176083228565114,-0.1017608322856511,False,-0.1978570363954475,-0.5007730254022373
1.4,45,float64,False,False,True,0.058001692065071886,0.0580016920650718,False,-0.4162430249073523,-0.1312463145102516
1.4,46,float32,False,False,True,-0.26492101436350596,-0.2652998455148669,False,0.041606950969098916,-0.10514326276915512
1.4,46,float64,False,False,True,-0.2184746040767776,-0.2196015708666262,False,0.037971514601317036,-0.09405221164580257
1.4,47,float32,False,False,True,-0.007640925221219952,-0.0076409252212199,False,-0.24614557224983002,-0.2754020482146782
1.4,47,float64,False,False,True,0.042451633546941814,0.0424516335469418,False,-0.36295522708943473,-0.15868464540322158
1.4,48,float32,False,False,True,-0.06817798601719516,-0.0683602687786496,False,0.012588778906230336,-0.03222457547239732
1.4,48,float64,False,False,True,0.01957254963776789,0.0195725496377678,False,-0.28092602616601425,-0.20381773064697128
1.4,49,float32,False,False,True,-0.052761950675633607,-0.0527619506756336,False,-0.21905454309774974,-0.37634061982132394
1.4,49,float64,False,False,True,-0.1767826551624907,-0.1767826551624907,False,-0.12996050678567883,-0.5319607777252067
1.4,50,float32,False,False,True,-0.3244254146062972,-0.3244254146062972,False,0.0870192539598581,-0.23905559038586
1.4,50,float64,False,False,True,-0.0383787195714258,-0.0383787195714258,False,-0.18378411497728386,-0.3130004979665646
1.4,51,float32,False,False,True,0.07775154299231302,0.077751542992313,False,-0.3980485587521283,-0.031017655072536954
1.4,51,float64,False,False,True,0.04373107707398027,0.0437310770739802,False,-0.3596789504557698,-0.1612882425871529
1.4,52,float32,False,False,True,0.0285811096106543,0.0285811096106543,False,-0.2856427406884041,-0.16673527121032095
1.4,52,float64,True,True,True,0.09071974666904481,0.0907197466690448,True,-0.49758778717051655,0.04688803826999788
1.4,53,float32,False,False,True,0.017168770284576862,0.0171687702845768,False,-0.2882307153472006,-0.21460116973712395
1.4,53,float64,False,False,True,-0.015070735809289637,-0.0150707358092896,False,-0.23073805342653309,-0.2872888474592319
1.4,54,float32,False,False,True,-0.6754437724638898,-0.6754437724638898,False,0.08501657767421333,-0.7167273138393719
1.4,54,float64,False,False,True,0.03629055415888871,0.0362905541588887,False,-0.329238720612679,-0.16036828096754618
1.4,55,float32,False,False,True,-0.1583938659766535,-0.1598730863015691,False,0.004687643163714186,-0.01194666000048783
1.4,55,float64,False,False,True,-0.10545523539802237,-0.1058383574478472,False,0.010808459330211906,-0.028471657918590854
1.4,56,float32,False,False,True,-0.014030772403933689,-0.0140307724039336,False,-0.09432345206687565,-0.1473288450077188
1.4,56,float64,False,False,True,-0.2457740870489361,-0.2457740870489361,False,0.041877163330595324,-0.12131631189115893
1.4,57,float32,False,False,True,-0.10266965366929975,-0.1026696536692997,False,0.020646193959723655,-0.054212256619708674
1.4,57,float64,False,False,True,0.012106496714368475,0.0121064967143684,False,-0.22939575147947622,-0.18580013831812892
1.4,58,float32,False,False,True,-0.389990847200258,-0.389990847200258,False,-0.02172654060507373,-0.6589427388570321
1.4,58,float64,False,False,True,0.06867589893746517,0.0686758989374656,False,-0.4148907861951301,-0.0823238089670486
1.4,59,float32,False,False,True,-0.05786845623725467,-0.0582063343961705,False,0.0025197265203832364,-0.006832876599123794
1.4,59,float64,False,False,True,-0.07216874861132982,-0.0722455031898136,False,0.007390850417298922,-0.02038733334033606
1.4,60,float32,False,False,True,0.046836330573428064,0.046836330573428,False,-0.32659788802983414,-0.11992275718802503
1.4,60,float64,False,False,True,-0.20991499387957713,-0.2113258238963881,False,0.024273925475634728,-0.06562807098587517
1.4,61,float32,False,False,True,0.08333976877258387,0.0833397687725838,False,-0.5164765220864176,-0.07396576123735699
1.4,61,float64,False,False,True,-0.1464411371077481,-0.1468573177538349,False,0.02747907121289289,-0.07440451708840481
1.4,62,float32,False,False,True,-0.00579736121591079,-0.0057973612159107,False,-0.22186717720366467,-0.24706411352629054
1.4,62,float64,False,False,True,0.013208303688385659,0.0132083036883856,False,-0.25680874111467844,-0.19456596607745524
1.4,63,float32,False,False,True,0.07213428148935908,0.072134281489359,False,-0.47502003228714074,-0.0875466106096745
1.4,63,float64,False,False,True,0.0735682896047285,0.0735682896047285,False,-0.4836320985138691,-0.0845832106616804
1.4,64,float32,False,False,True,-0.07748800605311779,-0.0774880060531177,False,-0.20953436645618417,-0.4621699290150669
1.4,64,float64,False,False,True,0.03146397191204908,0.031463971912049,False,-0.381404069369637,-0.23681469301023306
1.4,65,float32,False,False,True,-0.11794225560818367,-0.1179422556081836,False,0.00746099571587544,-0.018960539610396968
1.4,65,float64,False,False,True,-0.03486031161631395,-0.0348698904661869,False,0.0053457875965983725,-0.01337278236666399
1.4,66,float32,False,False,True,-0.07591724950856249,-0.0763292745622272,False,0.004092064659485806,-0.010275157577844335
1.4,66,float64,False,False,True,-0.049319707912589994,-0.0493197079125899,False,-0.1450953104136108,-0.2914091647939614
1.4,67,float32,False,False,True,0.08221516305040977,0.0822151630504097,False,-0.5105813047284116,-0.0627983153568934
1.4,67,float64,False,False,True,0.06135040460179031,0.0613504046017903,False,-0.4323379191891661,-0.13755243589684518
1.4,68,float32,False,False,True,-0.09670146073224531,-0.0967943953414884,False,0.017848583080877112,-0.04796005611377026
1.4,68,float64,False,False,True,-0.09626880285806805,-0.0965519382595407,False,0.015719136370873854,-0.04225426299579044
1.4,69,float32,False,False,True,0.05282541288275677,0.0528254128827572,False,-0.3751027301410641,-0.14330519564378363
1.4,69,float64,False,False,True,0.08467938935798269,0.0846793893579826,False,-0.48787104082874677,-0.0406823759863979
1.4,70,float32,False,False,True,-0.12069729759649547,-0.120766084700991,False,0.027639527612555476,-0.07180625848915695
1.4,70,float64,False,False,True,0.08761737558400506,0.087617375584005,False,-0.4909947547703162,-0.011385392077819745
1.4,71,float32,False,False,True,0.07982711692449396,0.0798271169244939,False,-0.5313229292616626,-0.07160105109606363
1.4,71,float64,False,False,True,-0.07848626754533772,-0.0784862675453377,False,-0.19224648900297403,-0.42767027857054174
1.4,72,float32,False,False,True,-0.018491362065823136,-0.0184913620658231,False,-0.209089816789362,-0.2751512304079178
1.4,72,float64,False,False,True,-0.13573960776172078,-0.1361726303972116,False,0.03143065163585568,-0.08548432704487147
1.4,73,float32,False,False,True,0.03348322644458346,0.0334832264445834,False,-0.35579352012028664,-0.21911118129661844
1.4,73,float64,False,False,True,-0.0059914156795422,-0.0059914156795422,False,-0.15890878813795517,-0.1804565846532089
1.4,74,float32,False,False,True,-0.09425453742207554,-0.0943542383230721,False,0.008614308689464653,-0.022846148335198005
1.4,74,float64,False,False,True,0.06577347447074233,0.0657734744707423,False,-0.4140582346665713,-0.0944523756164024
1.4,75,float32,False,False,True,0.08709552954792033,0.0870955295479203,False,-0.5270281167024571,-0.06300775680895043
1.4,75,float64,False,False,True,0.09663016684707593,0.0966301668470759,False,-0.5690723456298414,-0.020199551565671214
1.4,76,float32,False,False,True,0.03198097868636962,0.0319809786863696,False,-0.3068256259666118,-0.1523220762541797
1.4,76,float64,False,False,True,0.044139805590249104,0.0441398055902491,False,-0.3407306236388141,-0.11350913419964392
1.4,77,float32,False,False,True,0.07757590979099716,0.0775759097909971,False,-0.49155808489527075,-0.05558018606005177
1.4,77,float64,False,False,True,0.028891472527231343,0.0288914725272313,False,-0.3437298271245286,-0.21884505721227399
1.4,78,float32,False,False,True,-0.006466360177245001,-0.006466360177245,False,-0.29362509843471507,-0.31607341261290145
1.4,78,float64,False,False,True,0.0655200381927794,0.0655200381927794,False,-0.4495119859089556,-0.13707271142487798
1.4,79,float32,False,False,True,-0.19425233238706552,-0.1944213116316663,False,0.014106791633174742,-0.0362226082452438
1.4,79,float64,False,False,True,0.08741856577513385,0.0874185657751338,False,-0.5049007674350996,-0.011260712143865703
1.4,80,float32,False,False,True,-0.04796597009030645,-0.0480558961655039,False,0.006596349938287394,-0.0167798758342379
1.4,80,float64,False,False,True,0.026821699164008006,0.026821699164008,False,-0.26682772711769864,-0.15176864232101117
1.4,81,float32,False,False,True,-0.0051655291227055145,-0.0051655291227055,False,-0.2630059251991188,-0.27823966604525197
1.4,81,float64,False,False,True,-0.36098769267346276,-0.3638424434453161,False,0.057972371071603024,-0.1470513712533676
1.4,82,float32,False,False,True,-0.18161137875797784,-0.1818463924610337,False,0.054141685871520684,-0.15191414696996572
1.4,82,float64,False,False,True,0.026661803127595807,0.0266618031275958,False,-0.31788295957469614,-0.2088262490840762
1.4,83,float32,False,False,True,-0.0041987014297242276,-0.0041987014297242,False,-0.2151106591715557,-0.23260697560429477
1.4,83,float64,False,False,True,0.027872619007920818,0.0278726190079208,False,-0.29229678732910713,-0.15795489963283416
1.4,84,float32,True,True,True,0.10841225484707895,0.1084122548470789,True,-0.5205995643803938,0.038394456020952816
1.4,84,float64,False,False,True,-0.12775345959525586,-0.1277534595952558,False,-0.030624199318142864,-0.38181342762201886
1.4,85,float32,False,False,True,0.03315221661774359,0.0331522166177435,False,-0.29326528321203327,-0.13162111612250982
1.4,85,float64,False,False,True,0.041486016306222506,0.0414860163062225,False,-0.31871394820412213,-0.10676418585371827
1.4,86,float32,False,False,True,-0.40520270447027634,-0.4052027044702763,False,0.06195353051233003,-0.1676979964242607
1.4,86,float64,False,False,True,0.07314938648826974,0.0731493864882697,False,-0.36871110305600574,-0.03738024812277452
1.4,87,float32,False,False,True,0.00025445995263684296,0.0002544599526368,False,-0.1962948072402142,-0.19526513377609334
1.4,87,float64,False,False,True,0.02696615521508372,0.0269661552150837,False,-0.2566540071260448,-0.13307401702582844
1.4,88,float32,False,False,True,0.049847773523858496,0.0498477735238584,False,-0.40002837359548415,-0.15409754668312914
1.4,88,float64,False,False,True,0.05510054706031209,0.055100547060312,False,-0.4134225590279321,-0.13412190311230354
1.4,89,float32,True,True,True,0.09355673311220825,0.0935567331122082,True,-0.4800096552344826,0.032503601701762364
1.4,89,float64,False,False,True,0.06902518203604391,0.0690251820360439,False,-0.42199210266091747,-0.06675191386323931
1.4,90,float32,True,True,True,0.08424816607848706,0.084248166078487,True,-0.4173225944876684,0.06108750089675041
1.4,90,float64,False,False,True,0.011946619444247908,0.0119466194442479,False,-0.29885543222032673,-0.25327637924425694
1.4,91,float32,False,False,True,0.05114328483951658,0.0511432848395165,False,-0.3585844834700751,-0.12298276486133375
1.4,91,float64,False,False,True,-0.08108812562370682,-0.0810881256237068,False,-0.17549084995398978,-0.4195361649757299
1.4,92,float32,False,False,True,-0.28412488476196573,-0.2868778586946467,False,0.05426348768331085,-0.13791626347163766
1.4,92,float64,False,False,True,0.02298475764150254,0.0229847576415025,False,-0.2654788421777443,-0.16558856642498476
1.4,93,float32,False,False,True,0.031296382507524534,0.0312963825075245,False,-0.3614862271864183,-0.22116055398208978
1.4,93,float64,False,False,True,-0.028711923567345643,-0.0287119235673456,False,-0.24534815731256998,-0.34551519060127944
1.4,94,float32,False,False,True,-0.0296225655415423,-0.0296225655415423,False,-0.20488599080889358,-0.3151765244707594
1.4,94,float64,False,False,True,0.01875019558400881,0.0187501955840088,False,-0.30189862543697465,-0.2158147503224761
1.4,95,float32,True,True,True,0.082429449881265,0.082429449881265,True,-0.4275171298249312,0.019828205951657907
1.4,95,float64,False,False,True,-0.04986464372520727,-0.0498646437252072,False,-0.16356904545236084,-0.31309636755310244
1.4,96,float32,True,True,True,0.09034863438128049,0.0903486343812804,True,-0.45601785140882,0.018577517010379907
1.4,96,float64,False,False,True,-0.09668742379818213,-0.0968141546218087,False,0.03406822256193309,-0.09729125145042067
1.4,97,float32,False,False,True,-0.024835338050721134,-0.0248353380507211,False,-0.2316130579460527,-0.3141959464464108
1.4,97,float64,False,False,True,0.08769984751871096,0.0876998475187109,False,-0.5137639361639081,-0.013439179972621673
1.4,98,float32,False,False,True,-0.33334174832332697,-0.3333417483233269,False,0.09217897593430302,-0.2391689268197713
1.4,98,float64,False,False,True,-0.009021835504618103,-0.0090218355046181,False,-0.2328692442774276,-0.27105032009071905
1.4,99,float32,False,False,True,-0.05125657853981386,-0.0512955103449544,False,0.0031279004923666087,-0.007361606626014226
1.4,99,float64,True,True,True,0.09950167050436898,0.0995016705043689,True,-0.51723951107682,0.0374751316399653
1.4,100,float32,False,False,True,0.10866492232693847,0.1086649223269384,False,-0.5129113258620368,-0.015244695280800968
1.4,100,float64,False,False,True,-0.16629819027967635,-0.1664704093976595,False,0.062436445252585265,-0.1495071325127739
1.4,101,float32,False,False,True,-0.3544877473793093,-0.3544877473793093,False,0.004823314288355363,-0.6017623846958706
1.4,101,float64,False,False,True,0.02019904401571848,0.0201990440157184,False,-0.271308877447753,-0.19173958675086844
1.4,102,float32,False,False,True,-0.005891193701947461,-0.0058911937019474,False,-0.23206664196444216,-0.25259430235170655
1.4,102,float64,True,True,True,0.09140167695843804,0.091401676958438,True,-0.4725559202661884,0.043791844607895314
1.4,103,float32,False,False,True,-0.11985572370250158,-0.1200375269698595,False,0.0071900902040437226,-0.019217841831793987
1.4,103,float64,True,True,True,0.11783790138725303,0.117837901387253,True,-0.5996319566383157,0.17915358332872344
1.4,104,float32,False,False,True,0.013475061420119339,0.0134750614201193,False,-0.25720171291799154,-0.19985156823048733
1.4,104,float64,False,False,True,0.06622985307349749,0.0662298530734974,False,-0.3416092454598587,-0.046682927713046496
1.4,105,float32,False,False,True,0.03017259063365474,0.0301725906336547,False,-0.3247022421187431,-0.20245464361847887
1.4,105,float64,False,False,True,-0.10708876832345915,-0.1070887683234591,False,-0.16348507822480673,-0.4537157164104224
1.4,106,float32,False,False,True,0.09154783205387984,0.0915478320538798,False,-0.528192039288184,-0.04535714586347517
1.4,106,float64,False,False,True,0.09218231019593048,0.0921823101959304,False,-0.5303488556380209,-0.04235927485474633
1.4,107,float32,False,False,True,-0.050234627140220756,-0.0502346271402207,False,-0.17633778214804252,-0.34709819929353003
1.4,107,float64,False,False,True,-0.3338355132000845,-0.3338355132000845,False,0.040508148376577444,-0.11023322290757098
1.4,108,float32,False,False,True,0.053301191666307535,0.0533011916663075,False,-0.3468346693676043,-0.09303350300298519
1.4,108,float64,False,False,True,-0.06527166462156694,-0.0652915831742374,False,0.015686518366900395,-0.04073635691503225
1.4,109,float32,False,False,True,0.024520775639412573,0.0245207756394125,False,-0.3303027602637023,-0.21801576802953804
1.4,109,float64,False,False,True,0.06275949262656155,0.0627594926265615,False,-0.4376479538854312,-0.08560812289114494
1.4,110,float32,False,False,True,0.08812810102514446,0.0881281010251444,False,-0.4991868925284315,-0.06110548903016699
1.4,110,float64,False,False,True,0.024348829252215598,0.0243488292522151,False,-0.36849329377165674,-0.2735405599375582
1.4,111,float32,False,False,True,0.01864435179667634,0.0186443517966763,False,-0.3328128494794207,-0.2683706868268718
1.4,111,float64,False,False,True,-0.05710780700469642,-0.0571875283025334,False,0.008893545712370665,-0.02548389313992283
1.4,112,float32,False,False,True,-0.04064581331561801,-0.040645813315618,False,-0.14654096841217168,-0.2812413734447876
1.4,112,float64,False,False,True,0.022880566724346352,0.0228805667243463,False,-0.2643833578758237,-0.16645895917669407
1.4,113,float32,False,False,True,0.050326185356994735,0.0503261853569947,False,-0.42001099298364153,-0.17873667004373317
1.4,113,float64,False,False,True,-0.05703680866777816,-0.0570368086677781,False,-0.23109826468343186,-0.41049158743601843
1.4,114,float32,False,False,True,0.05631937047841662,0.0563193704784166,False,-0.39465998024668814,-0.1433162809045747
1.4,114,float64,False,False,True,-0.006668499463826416,-0.0066711371014553,False,0.0009373118481044163,-0.0021875965502712313
1.4,115,float32,False,False,True,0.06040420484126763,0.0604042048412676,False,-0.4106899120697438,-0.08972508849325145
1.4,115,float64,False,False,True,0.03315029206998643,0.0331502920699864,False,-0.34101071578859177,-0.1881096095010637
1.4,116,float32,True,True,True,0.12275536981200563,0.1227553698120056,True,-0.5899323721146175,0.20142344366319165
1.4,116,float64,False,False,True,0.037562459845664975,0.0375624598456649,False,-0.30601562862406695,-0.13836379143225486
1.4,117,float32,False,False,True,-0.0600447884819042,-0.0601760021882491,False,0.004675760862990375,-0.012306574612975324
1.4,117,float64,False,False,True,-0.02467869511786369,-0.0247287153214601,False,0.004851931283075039,-0.012754655719498187
1.4,118,float32,False,False,True,0.07846146366753626,0.0784614636675362,False,-0.5803214613171761,-0.15967596876368972
1.4,118,float64,False,False,True,-0.4380583798379978,-0.4380583798379978,False,-0.1332011450586208,-0.8769237551198854
1.4,119,float32,False,False,True,0.06092191182768625,0.0609219118276862,False,-0.4214684549922332,-0.14733818221120032
1.4,119,float64,False,False,True,-0.26026244640074303,-0.260262446400743,False,-0.0844196462117548,-0.57194415799498
1.4,120,float32,False,False,True,-0.23046183292545241,-0.2304618329254524,False,0.044007007205302706,-0.10256687820947327
1.4,120,float64,False,False,True,-0.15760313807363238,-0.1577925001296992,False,0.04270597850923716,-0.09866465523708633
1.4,121,float32,False,False,True,-0.03387072369326982,-0.0338707236932698,False,0.006956300783837216,-0.01762330456028305
1.4,121,float64,False,False,True,-0.016543987415165162,-0.0165439874151651,False,-0.2025746581949388,-0.25594453623669366
1.4,122,float32,False,False,True,-0.22359790247415479,-0.2235979024741543,False,-0.07058023846307826,-0.579654436903807
1.4,122,float64,False,False,True,-0.33380498146906523,-0.3339457462904145,False,0.053249680965695545,-0.16061809048314196
1.4,123,float32,False,False,True,0.04462463828584751,0.0446246382858475,False,-0.32965535110554,-0.0960124455943081
1.4,123,float64,False,False,True,-0.7339426538290156,-0.7339426538290156,False,0.0797150276319421,-0.2320457344660675
1.4,124,float32,False,False,True,0.06969799112199127,0.0696979911219912,False,-0.39257112967646535,-0.03043654614011615
1.4,124,float64,False,False,True,0.014806663156890831,0.0148066631568908,False,-0.2532374997791589,-0.19488822272444395
1.4,125,float32,False,False,True,-0.06151974577148722,-0.0616301504981182,False,0.0052053414975504475,-0.013308880329736067
1.4,125,float64,False,False,True,0.04765837115161364,0.0476583711516136,False,-0.35001451738726885,-0.13425462325017357
1.4,126,float32,False,False,True,0.016532315407796982,0.0165323154077969,False,-0.2900049676914165,-0.2262390685137632
1.4,126,float64,False,False,True,-0.024245341700136258,-0.0242453417001362,False,-0.23604412551709686,-0.3167049877985981
1.4,127,float32,False,False,True,0.05587953454304184,0.0558795345430418,False,-0.33839888556941133,-0.05452485913037641
1.4,127,float64,False,False,True,-0.07068920956798597,-0.0708088076773876,False,0.005267854998703664,-0.013685335339159443
1.4,128,float32,False,False,True,-0.2641692945124331,-0.2646432117126221,False,0.05369914965804891,-0.14916652841678762
1.4,128,float64,False,False,True,-0.045795733527387306,-0.0457957335273873,False,-0.16120061916022266,-0.2918398664184032
1.4,129,float32,False,False,True,0.08150034357050506,0.081500343570505,False,-0.48937780156780875,-0.09335685048752573
1.4,129,float64,False,False,True,0.08180221266834309,0.081802212668343,False,-0.5004259189024296,-0.10021237896305557
1.4,130,float32,False,False,True,0.03309601304073695,0.0330960130407369,False,-0.2460697585287015,-0.07315518210627836
1.4,130,float64,False,False,True,-0.4953290485653645,-0.4953290485653645,False,0.14662048350741985,-0.6076229161877782
1.4,131,float32,False,False,True,0.04440972505352292,0.0444097250535229,False,-0.30911859444340983,-0.11264301332143312
1.4,131,float64,False,False,True,-0.0013140722061866228,-0.0013140722061866,False,-0.21925588398264395,-0.22402376019375225
1.4,132,float32,False,False,True,0.030631407697741864,0.0306314076977418,False,-0.33491635313350265,-0.21650292812261718
1.4,132,float64,False,False,True,0.08351521004914764,0.0835152100491476,False,-0.46626674688575775,-0.046582847460179266
1.4,133,float32,False,False,True,-0.07399301399520186,-0.0739930139952018,False,0.006861176211632736,-0.018465565017414587
1.4,133,float64,False,False,True,0.07088583503891899,0.0708858350389189,False,-0.43258346194625297,-0.11474351665814275
1.4,134,float32,False,False,True,0.07402325371651175,0.0740232537165117,False,-0.4684983923409938,-0.09938448904194352
1.4,134,float64,False,False,True,-0.027081809516055877,-0.0270818095160558,False,-0.24739588492422548,-0.3329119984633646
1.4,135,float32,False,False,True,-0.7413773043402649,-0.7413773043402649,False,0.06506936553596177,-0.7497152339688653
1.4,135,float64,False,False,True,-0.19423437121020615,-0.1955127033918733,False,0.029934884274152807,-0.08077301907748458
1.4,136,float32,False,False,True,-0.06085407521851788,-0.0608802068318317,False,0.007981675262403384,-0.021224847822195254
1.4,136,float64,False,False,True,-0.0662593500772991,-0.0664648256783742,False,0.0050960808604931795,-0.013547395992241251
1.4,137,float32,False,False,True,0.02847340786120922,0.0284734078612092,False,-0.312674454159918,-0.1898141143473815
1.4,137,float64,False,False,True,0.03889430729848797,0.0388943072984879,False,-0.3181361458684897,-0.1433359893784445
1.4,138,float32,False,False,True,0.011611930232742207,0.0116119302327422,False,-0.1958301822971329,-0.1492848440594532
1.4,138,float64,False,False,True,0.029628637540470848,0.0296286375404708,False,-0.3241688760665813,-0.2128382207922055
1.4,139,float32,False,False,True,-0.19891225166238602,-0.198912251662386,False,-0.10382410660717145,-0.5159232523817687
1.4,139,float64,False,False,True,0.06432726076405126,0.0643272607640517,False,-0.44424229817593996,-0.14147040167377511
1.4,140,float32,False,False,True,-0.11574477196528532,-0.1157447719652853,False,-0.16851214650857216,-0.4592924680152999
1.4,140,float64,False,False,True,-0.1463055913993898,-0.1463055913993898,False,-0.14849576314273527,-0.49370726763475936
1.4,141,float32,False,False,True,0.059431498552572126,0.0594314985525721,False,-0.31854324349669483,-0.04911931838176997
1.4,141,float64,True,True,True,0.11034544669650481,0.1103454466965048,True,-0.695614781763048,0.00914070685821855
1.4,142,float32,False,False,True,0.043876552414650494,0.0438765524146504,False,-0.34620473344494584,-0.16961451464742083
1.4,142,float64,False,False,True,0.025225396831462632,0.0252253968314626,False,-0.3144559241243332,-0.22068784379509765
1.4,143,float32,False,False,True,-0.2160593139106024,-0.2181696025803673,False,0.0299092508030675,-0.07834361159483028
1.4,143,float64,False,False,True,-0.013152883888422284,-0.0131528838884222,False,-0.17962075049836734,-0.22668538995124798
1.4,144,float32,False,False,True,-0.010617123609518497,-0.0106171236095184,False,-0.23932062668166054,-0.27803764989446655
1.4,144,float64,False,False,True,0.07156231220147813,0.0715623122014781,False,-0.3613823529265847,-0.02644308651067817
1.4,145,float32,False,False,True,0.05246270217681959,0.0524627021768195,False,-0.4528244151955523,-0.21193489881468608
1.4,145,float64,False,False,True,0.07480323355915797,0.0748032335591579,False,-0.5224998821682529,-0.13443669661217328
1.4,146,float32,False,False,True,0.05008249181720803,0.050082491817208,False,-0.4166452839474104,-0.18515948233295987
1.4,146,float64,False,False,True,0.0654176223908065,0.0654176223908065,False,-0.4452263145010722,-0.12073068329206293
1.4,147,float32,False,False,True,0.07253694847049985,0.0725369484704998,False,-0.47045544055036004,-0.0787687441558873
1.4,147,float64,False,False,True,0.025908231983023278,0.0259082319830232,False,-0.3415973114459252,-0.23095055954526167
1.4,148,float32,False,False,True,-0.10807571549543171,-0.1080757154954317,False,-0.16726932522351845,-0.4265599654605756
1.4,148,float64,False,False,True,-0.13655669526814895,-0.1365566952681489,False,0.016748772340900525,-0.044517999846675094
1.4,149,float32,False,False,True,-0.23759989930023157,-0.2376284204249713,False,0.01876656399482957,-0.05542227760670147
1.4,149,float64,False,False,True,0.03390747851593856,0.0339074785159385,False,-0.21221183181142145,-0.05391950661687872
1.4,150,float32,True,True,True,0.10315986808999433,0.1031598680899943,True,-0.5170985509249775,0.11093974051092204
1.4,150,float64,False,False,True,0.06053174446583487,0.0605317444658348,False,-0.33013166342513856,-0.007909281482980646
1.4,151,float32,True,True,True,0.08139795298745867,0.0813979529874586,True,-0.3867537657356017,0.09147201654335291
1.4,151,float64,False,False,True,-0.1791295614729867,-0.1795403238356933,False,0.045271495567709596,-0.13480258329496342
1.4,152,float32,False,False,True,0.0968287102897114,0.0968287102897114,False,-0.5145807223139478,-0.011853869973398545
1.4,152,float64,False,False,True,0.018768582953335944,0.0187685829533359,False,-0.23669836002447298,-0.15865457845466224
1.4,153,float32,False,False,True,0.02855899164686937,0.0285589916468693,False,-0.3340084361770579,-0.21220804470904753
1.4,153,float64,False,False,True,-0.007859593659963693,-0.0078595936599636,False,-0.26340173153496593,-0.2920928386974655
1.4,154,float32,False,False,True,0.003073498889022197,0.0030734988890221,False,-0.27362927904607126,-0.2625763946164845
1.4,154,float64,False,False,True,-0.26538945317232454,-0.2653894531723245,False,0.029480596181664043,-0.07900436285729939
1.4,155,float32,False,False,True,-0.05298086298143767,-0.0529808629814376,False,-0.1548164406493555,-0.35457898789999476
1.4,155,float64,False,False,True,-0.14262953436410264,-0.1426295343641026,False,-0.08722171670394907,-0.5150469169167309
1.4,156,float32,False,False,True,-0.9273422990930005,-0.9273422990930004,False,0.11816792400009035,-0.7725163874498908
1.4,156,float64,False,False,True,0.039765508650171366,0.0397655086501713,False,-0.3083792287064071,-0.13927380330803807
1.4,157,float32,False,False,True,-0.08733403274663365,-0.0880251038469499,False,0.005636314213510629,-0.013588811947555235
1.4,157,float64,False,False,True,0.0386579327939085,0.0386579327939085,False,-0.31522995410468546,-0.12018500514876962
1.4,158,float32,False,False,True,-0.012638409843807263,-0.0126480767285588,False,0.000801367896852534,-0.0019083115779081061
1.4,158,float64,False,False,True,-0.0095492993569124,-0.0095492993569124,False,-0.1888586948242299,-0.22536963770221696
1.4,159,float32,True,True,True,0.0820616197299966,0.0820616197299966,True,-0.4275464019147108,0.003930181860955173
1.4,159,float64,False,False,True,0.08278806378270387,0.0827880637827038,False,-0.4881317145501676,-0.044736198195085564
1.4,160,float32,False,False,True,-0.280399688346343,-0.2830771002075766,False,0.007837664493769894,-0.019184374973901692
1.4,160,float64,True,True,True,0.07832974588391917,0.0783297458839191,True,-0.4043625392998358,0.02693856210160206
1.4,161,float32,False,False,True,-0.35479257137000775,-0.3581233003812312,False,0.03647622635422726,-0.08944256983256439
1.4,161,float64,False,False,True,-0.08596035796931956,-0.0859603579693195,False,-0.04453397788679325,-0.30954418084450275
1.4,162,float32,False,False,True,0.024306604762221795,0.0243066047622222,False,-0.2785497600311011,-0.17628326758712198
1.4,162,float64,False,False,True,-0.020111105681916985,-0.0201111056819169,False,0.0029487903675818883,-0.007220484311735054
1.4,163,float32,False,False,True,0.01692792963749401,0.016927929637494,False,-0.3345534844439655,-0.26734880014814877
1.4,163,float64,False,False,True,-0.06060689669982677,-0.0606068966998267,False,-0.047452323332404234,-0.22964025733810267
1.4,164,float32,False,False,True,0.05836154237668856,0.0583615423766885,False,-0.34798795388228676,-0.07456591223990472
1.4,164,float64,False,False,True,-0.02185768772958907,-0.021857687729589,False,-0.18081105928305163,-0.2529275041082002
1.4,165,float32,False,False,True,0.018496973076621348,0.0184969730766213,False,-0.3412010612143863,-0.2713047256150123
1.4,165,float64,False,False,True,-0.24853438865997257,-0.2489711853821951,False,0.07122973047414821,-0.20899135513023465
1.4,166,float32,False,False,True,-0.20251046410392304,-0.202510464103923,False,-0.17455505857189557,-0.6168475234340924
1.4,166,float64,True,True,True,0.08055393651425335,0.0805539365142533,True,-0.40167443399166913,0.05709071085591333
1.4,167,float32,False,False,True,-0.0880330912086702,-0.0880330912086702,False,-0.12836854568764444,-0.40474907762432544
1.4,167,float64,False,False,True,0.0017245945397075246,0.0017245945397075,False,-0.2549913149394989,-0.2475629484996471
1.4,168,float32,False,False,True,0.06532742067592823,0.0653274206759282,False,-0.39313273506967406,-0.08830169614144268
1.4,168,float64,False,False,True,-0.06451448113562419,-0.0647627390132248,False,0.005659203815502667,-0.013904986803782604
1.4,169,float32,True,True,True,0.1112215679206332,0.1112215679206336,True,-0.5634100581240986,0.08039559787427919
1.4,169,float64,False,False,True,-0.26973177165213025,-0.2697317716521302,False,0.04110610850600703,-0.11898322646306957
1.4,170,float32,False,False,True,-0.14136152086604037,-0.1413615208660403,False,-0.06773735017807514,-0.43896728721772593
1.4,170,float64,False,False,True,-0.3112360162166654,-0.311981790346292,False,0.056059452480542796,-0.14976854708738924
1.4,171,float32,False,False,True,-0.7260638150708969,-0.7260638150708969,False,-0.027220403180606034,-0.8829872253218509
1.4,171,float64,False,False,True,0.037080798646127455,0.0370807986461274,False,-0.38184802675072227,-0.23683986191991835
1.4,172,float32,True,True,True,0.09771267641188608,0.097712676411886,True,-0.5566548091103307,0.09797695906173942
1.4,172,float64,False,False,True,0.06061843496393493,0.0606184349639349,False,-0.348637248591098,-0.08900010954393345
1.4,173,float32,False,False,True,0.06492949063180298,0.0649294906318029,False,-0.417394656178141,-0.08783533500490748
1.4,173,float64,False,False,True,0.08282317009004148,0.0828231700900419,False,-0.4815936611997742,-0.013349911102856993
1.4,174,float32,False,False,True,-0.07784857803161938,-0.0778485780316193,False,-0.1318688202253231,-0.3754936368371222
1.4,174,float64,False,False,True,0.013519642368858165,0.0135196423688581,False,-0.2676120544561176,-0.20865570866019567
1.4,175,float32,False,False,True,-0.13426670517530015,-0.1342667051753001,False,-0.0712029202984823,-0.4041040984197499
1.4,175,float64,True,True,True,0.10361300042626631,0.1036130004262663,True,-0.526802912812137,0.02440986708344539
1.4,176,float32,False,False,True,-0.004214545761358046,-0.00421629229217,False,0.0004949241957429296,-0.0012616788758720299
1.4,176,float64,False,False,True,-0.004484352948583403,-0.0044874660011906,False,0.00018963250256548436,-0.0004817751388998537
1.4,177,float32,False,False,True,-0.27271397857760626,-0.2727139785776062,False,0.03683542607968136,-0.10647068171160738
1.4,177,float64,False,False,True,0.07041946268043642,0.0704194626804364,False,-0.419130374758133,-0.06551698271394102
1.4,178,float32,False,False,True,0.007157388171911805,0.0071573881719118,False,-0.22494715886504935,-0.19348239034744985
1.4,178,float64,False,False,True,0.054532478478742874,0.0545324784787428,False,-0.3542029444005692,-0.050460200131979605
1.4,179,float32,False,False,True,-0.06624760484118286,-0.0667089622974073,False,0.005504052518460423,-0.013939196602826998
1.4,179,float64,False,False,True,-0.06145274548979529,-0.0618209531622022,False,0.006507464526180673,-0.016771359521579265
1.4,180,float32,True,True,True,0.09640721501334237,0.0964072150133423,True,-0.4411584443651648,0.12498248497108833
1.4,180,float64,False,False,True,-0.08429470477730616,-0.0842947047773061,False,-0.16133434108107458,-0.4064625108503588
1.4,181,float32,False,False,True,0.0330666723434172,0.0330666723434172,False,-0.2938033988917699,-0.15609392293917423
1.4,181,float64,False,False,True,-0.08767976825484047,-0.0879139897946188,False,0.013268571014906527,-0.036176833393144925
1.4,182,float32,False,False,True,-0.13592243193040376,-0.1359224319304037,False,-0.1728862399212181,-0.5096223611214192
1.4,182,float64,False,False,True,-0.03312941976174644,-0.0331294197617464,False,-0.26111592209336365,-0.366652424701833
1.4,183,float32,False,False,True,0.044247424535833524,0.0442474245358335,False,-0.3932887593717389,-0.18705681937171903
1.4,183,float64,False,False,True,0.06282496402226068,0.0628249640222606,False,-0.4499640270924292,-0.12636305746234555
1.4,184,float32,False,False,True,0.07514441764824431,0.0751444176482443,False,-0.42241428766661926,-0.01087835718951169
1.4,184,float64,False,False,True,0.016711048853507382,0.0167110488535073,False,-0.25686740098506,-0.18923841355985616
1.4,185,float32,False,False,True,-0.01677564022118183,-0.0167807155354274,False,0.0018014101597969845,-0.00444023250398376
1.4,185,float64,False,False,True,0.017492649565860052,0.01749264956586,False,-0.2856357171250874,-0.2202587157593463
1.4,186,float32,False,False,True,-0.025184707824049912,-0.0251847078240499,False,-0.17228448323669632,-0.25032689646111983
1.4,186,float64,False,False,True,-0.08731278726268232,-0.0874992391658149,False,0.025963564247475035,-0.07091510924913846
1.4,187,float32,False,False,True,-0.19506566704694261,-0.1950656670469426,False,-0.06047418400814397,-0.5292793243715854
1.4,187,float64,False,False,True,0.03940891531358881,0.0394089153135888,False,-0.32206388301069033,-0.13503169748763177
1.4,188,float32,False,False,True,0.03235230938492073,0.0323523093849207,False,-0.2528547341435736,-0.09887512005123966
1.4,188,float64,False,False,True,-0.10862889574773948,-0.1086288957477394,False,-0.05910025574768696,-0.3706339909739871
1.4,189,float32,False,False,True,0.01628656813955809,0.016286568139558,False,-0.3049562481357668,-0.2426025584474143
1.4,189,float64,False,False,True,-0.20725372917920248,-0.2079941525430864,False,0.02370141280428656,-0.06775326902037244
1.4,190,float32,True,True,True,0.09572402381136635,0.0957240238113663,True,-0.4803375680131037,0.009867422270726678
1.4,190,float64,False,False,True,0.04337674830802163,0.0433767483080216,False,-0.28681296228378805,-0.12484420577437305
1.4,191,float32,False,False,True,0.05336207056542763,0.0533620705654276,False,-0.36387494004534915,-0.07773965577361963
1.4,191,float64,False,False,True,-1.4264504581431745,-1.4264504581431745,False,0.08171549307392986,-0.1919783563755785
1.4,192,float32,False,False,True,0.007690509210429575,0.0076905092104295,False,-0.2472761747857195,-0.21737866528244432
1.4,192,float64,True,True,True,0.11489298711000107,0.114892987110001,True,-0.5348420991033827,0.20646810311473018
1.4,193,float32,False,False,True,0.03220829724208407,0.032208297242084,False,-0.3167372169008509,-0.18060708131841174
1.4,193,float64,False,False,True,0.06301827682482664,0.0630182768248266,False,-0.4128374014674119,-0.09939138293840521
1.4,194,float32,False,False,True,0.06782193936945324,0.0678219393694532,False,-0.4255038738007322,-0.0592782984059923
1.4,194,float64,True,True,True,0.08572081272759746,0.0857208127275974,True,-0.3936165234703566,0.03498888897722985
1.4,195,float32,False,False,True,0.006752009385937896,0.0067520093859378,False,-0.23865365052994036,-0.20993130643443791
1.4,195,float64,False,False,True,0.10368993153655337,0.1036899315365533,False,-0.5173415612959076,-0.0340799864552892
1.4,196,float32,False,False,True,-0.05211552661703128,-0.0521423285825567,False,0.008904075570662057,-0.02429158093532556
1.4,196,float64,False,False,True,0.019902098091007847,0.0199020980910078,False,-0.3252310525044031,-0.2574822470385172
1.4,197,float32,False,False,True,-0.21864316477921353,-0.2186431647792135,False,-0.024804494431233337,-0.48027661334530425
1.4,197,float64,False,False,True,0.04007061465396733,0.0400706146539673,False,-0.3275960007681302,-0.14212177967511508
1.4,198,float32,False,False,True,0.05700927802068634,0.0570092780206863,False,-0.3609006516631883,-0.10970381941010388
1.4,198,float64,False,False,True,0.0731836143268878,0.0731836143268878,False,-0.401230286336439,-0.05056454675318811
1.4,199,float32,False,False,True,0.02181944665993729,0.0218194466599372,False,-0.33598139574229613,-0.24988873951770962
1.4,199,float64,False,False,True,-1.0487117643885755,-1.0487117643885755,False,0.06450230258221781,-0.1777369516420984
1.45,0,float32,False,False,True,-0.7886413720301797,-0.7886413720301797,False,0.05270500284192392,-0.1623060832440369
1.45,0,float64,False,False,True,0.08543169788498961,0.0854316978849896,False,-0.40424154345421925,-0.03539116823992039
1.45,1,float32,False,False,True,0.08134794652279265,0.0813479465227926,False,-0.37641514490789696,-0.024091071843740153
1.45,1,float64,True,True,True,0.11562548450616816,0.1156254845061681,True,-0.48087845118873496,0.11923279707492362
1.45,2,float32,True,True,True,0.12910840521174594,0.1291084052117459,True,-0.6022993282364482,0.10349753891960844
1.45,2,float64,True,True,True,0.10446792552642892,0.1044679255264289,True,-0.47815413387745487,0.02111400152999998
1.45,3,float32,False,False,True,0.028118148308890145,0.0281181483088901,False,-0.2801148476709816,-0.1698228283996439
1.45,3,float64,False,False,True,-0.01536957336746303,-0.015369573367463,False,-0.21323007944735117,-0.26492351936706626
1.45,4,float32,False,False,True,-0.008369195762746862,-0.0083704567463644,False,0.0014489595891336582,-0.004146194873106135
1.45,4,float64,False,False,True,-0.00982818024406007,-0.00982818024406,False,0.0021282351357007068,-0.006090274201171475
1.45,5,float32,True,True,True,0.0849227167127502,0.0849227167127502,True,-0.37009020833037276,0.025754518847746155
1.45,5,float64,True,True,True,0.13412739051201505,0.134127390512015,True,-0.596831040300497,0.15066802481728203
1.45,6,float32,False,False,True,-0.08800031339583941,-0.0880003133958394,False,0.017442268420946136,-0.04814903820580897
1.45,6,float64,False,False,True,-0.09255617079317902,-0.0929974877338408,False,0.011884851601067448,-0.03273723704647946
1.45,7,float32,True,True,True,0.12132372525628154,0.1213237252562815,True,-0.5761980217379765,0.08689574251031829
1.45,7,float64,True,True,True,0.11710120328551721,0.1171012032855172,True,-0.5504018789616936,0.0704275757538948
1.45,8,float32,False,False,True,-0.011291987401778947,-0.0112981697428549,False,0.0019908681573651554,-0.005249196991714333
1.45,8,float64,False,False,True,-0.0192438854626118,-0.0192530183722161,False,0.002069238794820877,-0.005461892083511555
1.45,9,float32,False,False,True,0.05752159057949058,0.0575215905794905,False,-0.3272493681144262,-0.06881333527077693
1.45,9,float64,False,False,True,0.048880697166431286,0.0488806971664312,False,-0.322574322953173,-0.1644674264119086
1.45,10,float32,True,True,True,0.1102682930313259,0.1102682930313259,True,-0.5355075166690142,0.048153256486880736
1.45,10,float64,True,True,True,0.1216250686039384,0.1216250686039384,True,-0.5865511832870105,0.10701028561443948
1.45,11,float32,False,False,True,-0.23377549164372766,-0.2337754916437276,False,0.03270838470115035,-0.08184348257087387
1.45,11,float64,False,False,True,0.050754476345443944,0.0507544763454439,False,-0.2879542138882325,-0.08291963400607827
1.45,12,float32,True,True,True,0.1215942758173556,0.1215942758173556,True,-0.6228532448728465,0.009023332092954917
1.45,12,float64,False,False,True,-0.23658137084464115,-0.2370839673495042,False,0.03378125835118541,-0.09541276353318615
1.45,13,float32,False,False,True,-0.4277599286693011,-0.4277599286693011,False,0.06415630470214409,-0.16925804167475184
1.45,13,float64,False,False,True,0.05985222691525527,0.0598522269152552,False,-0.33239980754615495,-0.07082684720566412
1.45,14,float32,False,False,True,-0.06731357008963745,-0.0673135700896374,False,0.00920121833840326,-0.02245203981675714
1.45,14,float64,False,False,True,0.09360291062214054,0.0936029106221405,False,-0.4815743358749973,-0.07277905856024347
1.45,15,float32,False,False,True,0.026920491775882738,0.0269204917758827,False,-0.3007508163021555,-0.20979140526707596
1.45,15,float64,True,True,True,0.12858455901124,0.12858455901124,True,-0.5957409306596411,0.11880332760185652
1.45,16,float32,False,False,True,-0.0941994113476875,-0.0941994113476875,False,0.009278738096006128,-0.022586016173823886
1.45,16,float64,False,False,True,-0.06917200996391767,-0.0691720099639176,False,0.007307060970194741,-0.01778571111134335
1.45,17,float32,False,False,True,-0.012434296255257937,-0.0124387352011348,False,0.0029064961878531026,-0.0075392770918477625
1.45,17,float64,False,False,True,-0.023245695561302515,-0.0232598747229576,False,0.002625278482036031,-0.006810319899875544
1.45,18,float32,False,False,True,0.07852301616759982,0.0785230161675998,False,-0.45713466230318645,-0.10423744107765565
1.45,18,float64,True,True,True,0.14799926889779025,0.1479992688977902,True,-0.6552979054875365,0.16209757368119782
1.45,19,float32,True,True,True,0.1128504459833688,0.1128504459833688,True,-0.5373075923388626,0.01827854521851613
1.45,19,float64,True,True,True,0.13563343948739126,0.1356334394873912,True,-0.6582310534603941,0.12297692764133572
1.45,20,float32,False,False,True,0.008083673911246425,0.0080836739112464,False,-0.23387893413678285,-0.2054184274994313
1.45,20,float64,False,False,True,0.039615854434872144,0.0396158544348721,False,-0.2993823460848901,-0.14137293904923176
1.45,21,float32,False,False,True,-0.1572067666611796,-0.1576697254985275,False,0.040996744016217834,-0.11001494451088434
1.45,21,float64,False,False,True,0.054337844360593746,0.0543378443605937,False,-0.3736394795923985,-0.14982470817959204
1.45,22,float32,False,False,True,-0.023920666622237352,-0.0239206666222373,False,-0.21546268015179315,-0.284753638674637
1.45,22,float64,True,True,True,0.13022213314322473,0.1302221331432247,True,-0.5596090210050768,0.17937064293418814
1.45,23,float32,False,False,True,0.018798892896874975,0.0187988928968749,False,-0.30347995920167214,-0.23562378787935323
1.45,23,float64,False,False,True,0.07652914082278217,0.0765291408227821,False,-0.44453230110980435,-0.0876822587152315
1.45,24,float32,False,False,True,0.022021906348152598,0.0220219063481525,False,-0.2803314151731495,-0.1987074753887743
1.45,24,float64,False,False,True,0.06898537129985227,0.0689853712998522,False,-0.3824145845741409,-0.06953678154533804
1.45,25,float32,False,False,True,-0.24808171086463693,-0.2480817108646369,False,-0.058601234717811757,-0.5381115302120945
1.45,25,float64,False,False,True,0.08449714528329189,0.0844971452832918,False,-0.47410792705480453,-0.04046519397409121
1.45,26,float32,False,False,True,-0.24646117230680997,-0.2464611723068099,False,0.02714846979548008,-0.06682714640050236
1.45,26,float64,False,False,True,0.035436916562948007,0.035436916562948,False,-0.30492440849551805,-0.16670329870674827
1.45,27,float32,False,False,True,0.030211903560122266,0.0302119035601222,False,-0.4674491090606736,-0.3606084656160178
1.45,27,float64,False,False,True,0.06293057311907768,0.0629305731190776,False,-0.5166017362839082,-0.2663666246579215
1.45,28,float32,False,False,True,0.025112908989914917,0.0251129089899149,False,-0.32858771727386404,-0.2309761670149122
1.45,28,float64,False,False,True,0.015378386101454034,0.015378386101454,False,-0.29938657949069736,-0.24231446912389387
1.45,29,float32,False,False,True,-0.19618454430254684,-0.1971873750118401,False,0.018488658798316737,-0.04981950878006383
1.45,29,float64,False,False,True,-0.012424275355850778,-0.0124242753558507,False,-0.21969860230514193,-0.2573229142309188
1.45,30,float32,False,False,True,0.06339855149488072,0.0633985514948807,False,-0.36552778793479135,-0.08591808681229018
1.45,30,float64,False,False,True,-0.04693404389172606,-0.0470591011494647,False,0.006054550320057528,-0.01527653407579388
1.45,31,float32,False,False,True,0.11407614262145893,0.1140761426214589,False,-0.6216862318676277,-0.00011194373209377773
1.45,31,float64,False,False,True,0.003437044574060355,0.0034370445740603,False,-0.33863093220246476,-0.32705832029174786
1.45,32,float32,False,False,True,0.04432265193435825,0.0443226519343582,False,-0.3022661387944119,-0.11972594945964232
1.45,32,float64,False,False,True,0.05425934421507517,0.0542593442150751,False,-0.3673337841042077,-0.18838365726224815
1.45,33,float32,False,False,True,0.077048984756237,0.077048984756237,False,-0.42207920671449095,-0.07616462649991362
1.45,33,float64,False,False,True,0.011548073942940551,0.0115480739429405,False,-0.2796195920174096,-0.23981691214296674
1.45,34,float32,False,False,True,0.09193518316418725,0.0919351831641872,False,-0.4516693161583909,-0.0730184611835547
1.45,34,float64,True,True,True,0.11114309739450556,0.1111430973945055,True,-0.500127579067696,0.0026158072695636747
1.45,35,float32,False,False,True,-0.025217522504550338,-0.0252175225045503,False,-0.22475747383104405,-0.2999409957531807
1.45,35,float64,False,False,True,0.034190723647862686,0.0341907236478626,False,-0.3058363457147326,-0.1810031819392588
1.45,36,float32,False,False,True,0.07901634436750493,0.0790163443675049,False,-0.4320832081266701,-0.01897960530970444
1.45,36,float64,False,False,True,0.006158320447213317,0.0061583204472133,False,-0.22383126599412506,-0.20091005539382678
1.45,37,float32,False,False,True,-0.2567466334450719,-0.257034678960141,False,0.019598212077390223,-0.05682477326182314
1.45,37,float64,True,True,True,0.12218548579262967,0.1221854857926296,True,-0.5438053085684018,0.05385273648913369
1.45,38,float32,False,False,True,0.11613882031955747,0.1161388203195574,False,-0.6975169294698098,-0.006535274164193083
1.45,38,float64,False,False,True,0.09719637795738922,0.0971963779573892,False,-0.6048791170781556,-0.08987446523658882
1.45,39,float32,True,True,True,0.11014968768537381,0.1101496876853738,True,-0.5587525001574463,0.03139189781076368
1.45,39,float64,False,False,True,-0.11761869875410635,-0.1176186987541063,False,-0.14087456037154933,-0.41701906390861243
1.45,40,float32,True,True,True,0.08542957783263772,0.0854295778326377,True,-0.40143668172544444,0.009413427501899108
1.45,40,float64,False,False,True,0.0851720667119431,0.0851720667119431,False,-0.35264420845835076,-0.0026273937589866847
1.45,41,float32,False,False,True,-0.028924048500786004,-0.028924048500786,False,-0.16819332483782468,-0.2641080828206608
1.45,41,float64,False,False,True,-0.5762390074987165,-0.5762390074987165,False,0.05984483542853994,-0.15886462786483718
1.45,42,float32,True,True,True,0.09892962412103401,0.098929624121034,True,-0.4357856254119916,0.06363119902235859
1.45,42,float64,False,False,True,-0.22771979977555423,-0.2277197997755546,False,-0.062271778234370245,-0.4925667064194039
1.45,43,float32,False,False,True,-0.03256087312850697,-0.0325608731285069,False,-0.20633884077332354,-0.30820602093539584
1.45,43,float64,False,False,True,0.03692293620079434,0.0369229362007943,False,-0.32416870814958365,-0.1758508103559624
1.45,44,float32,True,True,True,0.12665773484165666,0.1266577348416566,True,-0.6059799641495935,0.19253754309718119
1.45,44,float64,False,False,True,-0.863232380664937,-0.863232380664937,False,0.08902856221691252,-0.23901112611009695
1.45,45,float32,False,False,True,-0.03562435084829829,-0.0356243508482982,False,-0.27011455635952863,-0.3802878290403289
1.45,45,float64,False,False,True,0.09940857545716453,0.0994085754571645,False,-0.5126797207553082,-0.019072406609502934
1.45,46,float32,False,False,True,-0.2667665138951733,-0.2671533762646687,False,0.04159459453991789,-0.10507474941359585
1.45,46,float64,False,False,True,-0.2198619545424435,-0.2209956889965246,False,0.037976718517924335,-0.09405282749039354
1.45,47,float32,False,False,True,0.03883906571746465,0.0388390657174646,False,-0.33633424776997245,-0.18300741512757668
1.45,47,float64,False,False,True,0.0830124649200612,0.0830124649200612,False,-0.4638894902424333,-0.058738300829947576
1.45,48,float32,False,False,True,-0.0694066055789413,-0.0696012027527928,False,0.012445172147437678,-0.03185465348783778
1.45,48,float64,False,False,True,0.06407487736561812,0.0640748773656181,False,-0.3735150340520441,-0.11522144905634946
1.45,49,float32,False,False,True,0.013794036851300984,0.0137940368513009,False,-0.29867450788431604,-0.2558710600500369
1.45,49,float64,False,False,True,-0.10214528773305132,-0.1021452877330513,False,-0.19499095719777948,-0.43771027918497296
1.45,50,float32,False,False,True,-0.327054379452601,-0.327054379452601,False,0.08715499841655858,-0.23936994457342833
1.45,50,float64,False,False,True,0.010978120867624064,0.010978120867624,False,-0.26631758156985796,-0.22805174641575654
1.45,51,float32,True,True,True,0.11716089925479167,0.1171608992547916,True,-0.49796833936379414,0.06061880902954009
1.45,51,float64,False,False,True,0.0881690970820248,0.0881690970820248,False,-0.4666448461421986,-0.055203235948178886
1.45,52,float32,False,False,True,0.06589248333468811,0.0658924833346881,False,-0.3661807264249042,-0.09343785429124019
1.45,52,float64,True,True,True,0.1261903576604051,0.1261903576604051,True,-0.6065631054618237,0.1444062420915948
1.45,53,float32,False,False,True,0.058450268302699726,0.0584502683026997,False,-0.38038295309918624,-0.12504556231609243
1.45,53,float64,False,False,True,0.02968190406553628,0.0296819040655362,False,-0.31743434121984393,-0.20295939976704247
1.45,54,float32,False,False,True,-0.8749585073175035,-0.8749585073175035,False,0.09337337728249384,-0.7549056277064072
1.45,54,float64,False,False,True,0.07319427145964985,0.0731942714596498,False,-0.41675737789681655,-0.07608488955696124
1.45,55,float32,False,False,True,-0.15957916992328025,-0.1610748687628045,False,0.004651810108838014,-0.01184775730011986
1.45,55,float64,False,False,True,-0.10621012232653482,-0.1065940727241909,False,0.01082819842985927,-0.028523517330384274
1.45,56,float32,False,False,True,0.030560972288341315,0.0305609722883413,False,-0.17544317082834837,-0.056286102331529975
1.45,56,float64,False,False,True,-0.20634727700912991,-0.2063472770091299,False,0.038666370955568824,-0.11159016424102722
1.45,57,float32,False,False,True,-0.1025007007110566,-0.1025007007110566,False,0.020622390942448346,-0.05414351807547421
1.45,57,float64,False,False,True,0.05932965568689763,0.0593296556868976,False,-0.31920543656243083,-0.099279010836403
1.45,58,float32,False,False,True,-0.34529349688395117,-0.3452934968839511,False,-0.05850105709619413,-0.6183649131081026
1.45,58,float64,True,True,True,0.10978556826140107,0.109785568261401,True,-0.5161043816710968,0.019374194891803143
1.45,59,float32,False,False,True,-0.0581896080121187,-0.0585304716860788,False,0.0025003469008415546,-0.006778656049488907
1.45,59,float64,False,False,True,-0.0725754115951035,-0.0726513752471782,False,0.007408713043558307,-0.02043461856303666
1.45,60,float32,False,False,True,0.0878512586406468,0.0878512586406468,False,-0.4268363719405386,-0.03176036189353404
1.45,60,float64,False,False,True,-0.2110654262967473,-0.2124905322484943,False,0.024244557230428676,-0.0655399078102715
1.45,61,float32,True,True,True,0.12270191546260767,0.1227019154626076,True,-0.6298744402007408,0.024211188099096503
1.45,61,float64,False,False,True,-0.14779789442171254,-0.1482177506493581,False,0.02748237568932771,-0.07440569030009267
1.45,62,float32,False,False,True,0.03507942739323955,0.0350794273932395,False,-0.30830866639580634,-0.15338649424780115
1.45,62,float64,False,False,True,0.05303386721420411,0.0530338672142041,False,-0.34847452839286674,-0.09492988506298516
1.45,63,float32,True,True,True,0.11153551391771233,0.1115355139177123,True,-0.5889329345874756,0.011718914008461923
1.45,63,float64,True,True,True,0.11255705997061272,0.1125570599706127,True,-0.597039827382396,0.013656515210186626
1.45,64,float32,False,False,True,-0.01235959251875407,-0.012359592518754,False,-0.29136850224911903,-0.3330103174910928
1.45,64,float64,False,False,True,0.07599803342222611,0.0759980334222261,False,-0.48369681461402436,-0.12861951755800227
1.45,65,float32,False,False,True,-0.1301046314111085,-0.1301046314111085,False,0.007989097273341614,-0.02031645964434213
1.45,65,float64,False,False,True,-0.034917912019223285,-0.0349273790900004,False,0.005350029688096503,-0.013383051390815887
1.45,66,float32,False,False,True,-0.0764892086820308,-0.0769052873977218,False,0.004078443520991792,-0.010239821506727587
1.45,66,float64,False,False,True,0.002497542893105109,0.0024975428931051,False,-0.22216374419456564,-0.21444446965590735
1.45,67,float32,True,True,True,0.12105808153758524,0.1210580815375852,True,-0.6233445566392852,0.03823106588660963
1.45,67,float64,False,False,True,0.1040175221325903,0.1040175221325903,False,-0.5445080521639252,-0.034238857696582414
1.45,68,float32,False,False,True,-0.097253407911501,-0.0973465775655327,False,0.01785256630280363,-0.04796791248445778
1.45,68,float64,False,False,True,-0.09666685816399045,-0.0969485219985835,False,0.015749054185626166,-0.04233243348321586
1.45,69,float32,False,False,True,0.09638318792891187,0.0963831879289118,False,-0.47861597039926984,-0.04762609838411436
1.45,69,float64,True,True,True,0.12374926216072346,0.1237492621607234,True,-0.5961451820916608,0.05660774942202096
1.45,70,float32,False,False,True,-0.12099782264901288,-0.121064370106896,False,0.02766458389202328,-0.07185882479917108
1.45,70,float64,True,True,True,0.1262033250987824,0.1262033250987824,True,-0.602191373243997,0.08915272317663181
1.45,71,float32,True,True,True,0.11742329895239045,0.1174232989523909,True,-0.6408511502117769,0.030808975323665777
1.45,71,float64,False,False,True,-0.023255507156204835,-0.0232555071562048,False,-0.27234655055335644,-0.34490237950991265
1.45,72,float32,False,False,True,0.01865910302725693,0.0186591030272569,False,-0.2753456604561091,-0.20933038811345206
1.45,72,float64,False,False,True,-0.1367609828606685,-0.1371943065972923,False,0.03145576181411408,-0.08554403121323179
1.45,73,float32,False,False,True,0.08803117347416389,0.0880311734741634,False,-0.45166877985149156,-0.08585767882741813
1.45,73,float64,False,False,True,0.039847320501607886,0.0398473205016078,False,-0.2444915232010132,-0.09636989805928131
1.45,74,float32,False,False,True,-0.09437695189993928,-0.0944771597110655,False,0.008610434494070576,-0.022834689702404348
1.45,74,float64,True,True,True,0.10585178636502413,0.1058517863650241,True,-0.5174215168567997,0.0029594140249891154
1.45,75,float32,True,True,True,0.12627208552190883,0.1262720855219088,True,-0.6389847528787058,0.03392966713855827
1.45,75,float64,True,True,True,0.1343687961243334,0.1343687961243334,True,-0.6811700210778362,0.07642714933357198
1.45,76,float32,False,False,True,0.07103723101939252,0.0710372310193925,False,-0.40504211515762734,-0.05790778701429744
1.45,76,float64,False,False,True,0.08195803435427873,0.0819580343542787,False,-0.4417953223727391,-0.017021277936196455
1.45,77,float32,True,True,True,0.11504232175464768,0.1150423217546481,True,-0.5966001248578507,0.047612290305593774
1.45,77,float64,False,False,True,0.07221322075659442,0.0722132207565944,False,-0.4389899188832249,-0.12079702303622675
1.45,78,float32,False,False,True,0.043683481440499605,0.0436834814404996,False,-0.3805463437048431,-0.22412091690754998
1.45,78,float64,False,False,True,0.10809059778802954,0.1080905977880295,False,-0.5516568128587114,-0.03041520846065815
1.45,79,float32,False,False,True,-0.19336456646370137,-0.1935427933132313,False,0.014053476299069952,-0.03607635157669265
1.45,79,float64,True,True,True,0.12343372898903393,0.1234337289890343,True,-0.6117633592468827,0.08288086326778199
1.45,80,float32,False,False,True,-0.04830549104592485,-0.0483954695913715,False,0.006609801251618863,-0.01681458233901373
1.45,80,float64,False,False,True,0.06931800516368991,0.0693180051636899,False,-0.3608878394814852,-0.057807280050711896
1.45,81,float32,False,False,True,0.0465647466211343,0.0465647466211343,False,-0.3474272726435341,-0.2047990224563616
1.45,81,float64,False,False,True,-0.36269162200894856,-0.3655856202221787,False,0.05790508841090786,-0.14685040467500204
1.45,82,float32,False,False,True,-0.18266993194738906,-0.1829072545502319,False,0.05414249450242381,-0.15189278317017665
1.45,82,float64,False,False,True,0.0712933733807124,0.0712933733807124,False,-0.4112646379886655,-0.11354173371566922
1.45,83,float32,False,False,True,0.03937883922557406,0.0393788392255745,False,-0.30229982737199634,-0.1348338003944516
1.45,83,float64,False,False,True,0.0675064643385439,0.0675064643385439,False,-0.38515196410196495,-0.057393654270395444
1.45,84,float32,True,True,True,0.1505237268138142,0.1505237268138142,True,-0.6349421445408261,0.1451157584122189
1.45,84,float64,False,False,True,-0.04249890869016326,-0.0424989086901632,False,-0.13369684703616258,-0.26784565571437646
1.45,85,float32,False,False,True,0.07133143689965493,0.0713314368996549,False,-0.38715453861538407,-0.034607474972478514
1.45,85,float64,False,False,True,0.07940081257807918,0.0794008125780791,False,-0.4172074816413254,-0.005774152941892652
1.45,86,float32,False,False,True,-0.39886702626543735,-0.3988670262654373,False,0.06113860814598577,-0.1653946188981627
1.45,86,float64,True,True,True,0.11426139693408466,0.1142613969340846,True,-0.46603951909749064,0.058257813432165406
1.45,87,float32,False,False,True,0.043809249317395604,0.0438092493173956,False,-0.28650524969350144,-0.10412299501123812
1.45,87,float64,False,False,True,0.06666505229401976,0.0666650522940197,False,-0.35031855605481965,-0.04006451783828879
1.45,88,float32,False,False,True,0.08931577445146921,0.0893157744514692,False,-0.49706405674418086,-0.053952872564469345
1.45,88,float64,False,False,True,0.0946216619171163,0.0946216619171163,False,-0.5135904856736175,-0.030616600084869106
1.45,89,float32,True,True,True,0.13161247988494384,0.1316124798849438,True,-0.5883948052399717,0.13226057605980657
1.45,89,float64,True,True,True,0.10712193262035274,0.1071219326203527,True,-0.5239967045993428,0.02872773378316218
1.45,90,float32,True,True,True,0.11938686297853085,0.1193868629785308,True,-0.5177472704272574,0.15916594778477133
1.45,90,float64,False,False,True,0.05738850779270166,0.0573885077927016,False,-0.3876352348890162,-0.16327470432864466
1.45,91,float32,False,False,True,0.09273090326545841,0.0927309032654584,False,-0.45324340278366826,-0.020189591066227308
1.45,91,float64,False,False,True,-0.0166428207343845,-0.0166428207343845,False,-0.2515427938168777,-0.30359455259248413
1.45,92,float32,False,False,True,-0.28553363184078073,-0.288385837441834,False,0.0539479304029683,-0.13710270892863513
1.45,92,float64,False,False,True,0.06435887528611772,0.0643588752861177,False,-0.35930200368909837,-0.0749028210031959
1.45,93,float32,False,False,True,0.0723425312929944,0.0723425312929944,False,-0.4587975061211864,-0.12887717395397047
1.45,93,float64,False,False,True,0.018195790622003383,0.0181957906220033,False,-0.32964794952311216,-0.2641967573084969
1.45,94,float32,False,False,True,0.015502432033220881,0.0155024320332208,False,-0.2879317731333888,-0.22835288966730616
1.45,94,float64,False,False,True,0.05989545418171538,0.0598954541817153,False,-0.398323510517093,-0.11639281506747601
1.45,95,float32,True,True,True,0.11983948512250642,0.1198394851225064,True,-0.524933449900761,0.12303099664298855
1.45,95,float64,False,False,True,-0.00998484784407161,-0.0099848478440716,False,-0.22330965220254484,-0.25323970641754023
1.45,96,float32,True,True,True,0.13013655359368448,0.1301365535936844,True,-0.5586509740613934,0.13004206879032942
1.45,96,float64,False,False,True,-0.10102685766827535,-0.1011646886323246,False,0.03400610586965774,-0.09714547530914536
1.45,97,float32,False,False,True,0.025151191713234322,0.0251511917132343,False,-0.31929567891573996,-0.23257474882005624
1.45,97,float64,True,True,True,0.1247648177593792,0.1247648177593792,True,-0.6230482498384831,0.08490856103754751
1.45,98,float32,False,False,True,-0.28720407590007957,-0.2872040759000795,False,0.08779273984324137,-0.2268678428631748
1.45,98,float64,False,False,True,0.030358693809295456,0.0303586938092954,False,-0.3215678843493368,-0.19146229637834367
1.45,99,float32,False,False,True,-0.051475791936159976,-0.0515142791075516,False,0.0031421381434532936,-0.007395471400385711
1.45,99,float64,True,True,True,0.13936498953868393,0.1393649895386839,True,-0.6305110075303801,0.14572141376434544
1.45,100,float32,True,True,True,0.15095342672417678,0.1509534267241767,True,-0.612353360715737,0.08859122391863394
1.45,100,float64,False,False,True,-0.1759571338658551,-0.1761321417968086,False,0.0624478832791778,-0.14966213890640828
1.45,101,float32,False,False,True,-0.31507136654248935,-0.3150713665424893,False,-0.029787476932537693,-0.5613507436170186
1.45,101,float64,False,False,True,0.06623616087908157,0.0662361608790815,False,-0.36563697567737563,-0.09794572797015988
1.45,102,float32,False,False,True,0.04290986756792936,0.0429098675679293,False,-0.32162499661833976,-0.1666669657086306
1.45,102,float64,True,True,True,0.12817824580592685,0.1281782458059268,True,-0.578874420334234,0.14541347657417703
1.45,103,float32,False,False,True,-0.12062794939424853,-0.1208122848539313,False,0.007179376197602491,-0.01918415584261507
1.45,103,float64,True,True,True,0.14993405709666074,0.1499340570966607,True,-0.6875198987894606,0.30700728186481285
1.45,104,float32,False,False,True,0.05322638784954625,0.0532263878495462,False,-0.3417428322440159,-0.11283983702723432
1.45,104,float64,True,True,True,0.10943962035304011,0.1094396203530401,True,-0.44267490957645883,0.0552949685705908
1.45,105,float32,False,False,True,0.0756382314405668,0.0756382314405668,False,-0.4173184176274418,-0.10371416583076964
1.45,105,float64,False,False,True,-0.039735521601052426,-0.0397355216010524,False,-0.23406629324639816,-0.3458519777449922
1.45,106,float32,True,True,True,0.1325177988531241,0.1325177988531245,True,-0.6435917370983262,0.058041867608380926
1.45,106,float64,True,True,True,0.13343516525881416,0.1334351652588141,True,-0.6476340331369705,0.06291835487527564
1.45,107,float32,False,False,True,-0.004764309439961867,-0.0047643094399618,False,-0.2552879321357153,-0.2719205506942046
1.45,107,float64,False,False,True,-0.3254894326175647,-0.3254894326175647,False,0.039629369766733695,-0.10774798855908088
1.45,108,float32,True,True,True,0.09414904535031265,0.0941490453503126,True,-0.44689893779997547,0.005972690102117539
1.45,108,float64,False,False,True,-0.06539347326276079,-0.0654143453335795,False,0.015671681309071983,-0.04069510473579688
1.45,109,float32,False,False,True,0.06424511841403024,0.0642451184140302,False,-0.42038199816222566,-0.12315357311350539
1.45,109,float64,True,True,True,0.09928865280909038,0.0992886528090903,True,-0.5384227543045839,0.018569019611945237
1.45,110,float32,True,True,True,0.1333293749723916,0.1333293749723916,True,-0.6101815407553008,0.05948375086212465
1.45,110,float64,False,False,True,0.08422223341566948,0.0842222334156694,False,-0.4705434938736879,-0.13145540610020667
1.45,111,float32,False,False,True,0.07666271111532863,0.0766627111153286,False,-0.4235111251857653,-0.14992972761039347
1.45,111,float64,False,False,True,-0.057328917337589935,-0.0574080615727886,False,0.008909610044533889,-0.025529033661426337
1.45,112,float32,False,False,True,0.008957879360456111,0.0089578793604561,False,-0.22896676778051095,-0.19817521931327242
1.45,112,float64,False,False,True,0.06637166902777336,0.0663716690277733,False,-0.3613609090599148,-0.07068979529189967
1.45,113,float32,False,False,True,0.0925981700521441,0.0925981700521441,False,-0.5216760783627894,-0.07017014546337208
1.45,113,float64,True,True,True,0.11863243053000971,0.1186324305300097,True,-0.467177966171926,0.11634366996072032
1.45,114,float32,False,False,True,0.09795525377384884,0.0979552537738488,False,-0.5016402020360307,-0.0561293056571639
1.45,114,float64,False,False,True,-0.006728736145332759,-0.0067313886577413,False,0.0009388830782687263,-0.0021912626793569867
1.45,115,float32,True,True,True,0.10056150183946633,0.1005615018394663,True,-0.524120525915226,0.021894174467565364
1.45,115,float64,False,False,True,0.06391647634536479,0.0639164763453647,False,-0.40948661256143026,-0.12425583596225565
1.45,116,float32,True,True,True,0.15005187709480117,0.1500518770948011,True,-0.6472363472469986,0.31511819310113154
1.45,116,float64,False,False,True,0.07916591508735404,0.079165915087354,False,-0.4019460918345743,-0.04452891409104254
1.45,117,float32,False,False,True,-0.06060918201426213,-0.0607412312846438,False,0.004682916405273879,-0.012325099086572394
1.45,117,float64,False,False,True,-0.02490567128811061,-0.0249559433582216,False,0.004860915374564234,-0.012778301105737855
1.45,118,float32,False,False,True,0.11763683053792562,0.1176368305379256,False,-0.6813787461392238,-0.05191188268780067
1.45,118,float64,False,False,True,-0.3883390459240057,-0.3883390459240057,False,-0.17042345585658136,-0.8268819132156624
1.45,119,float32,False,False,True,0.1049895013817026,0.1049895013817026,False,-0.5320556766461078,-0.049934223361495
1.45,119,float64,False,False,True,-0.2794541316964354,-0.2794541316964354,False,-0.09940522727803547,-0.5711127855541962
1.45,120,float32,False,False,True,-0.23098728513570244,-0.2309872851357024,False,0.04394324578875371,-0.10238479910147072
1.45,120,float64,False,False,True,-0.15881438772318793,-0.1590063138038551,False,0.04270112955333799,-0.09864177565160237
1.45,121,float32,False,False,True,-0.03388847814792362,-0.0338884781479236,False,0.006948065916733137,-0.017602478170910485
1.45,121,float64,False,False,True,0.032672454867046063,0.032672454867046,False,-0.28554678717722304,-0.17652664349734692
1.45,122,float32,False,False,True,-0.19003545519317555,-0.1900354551931755,False,-0.10793117768019922,-0.5290578717407524
1.45,122,float64,False,False,True,-0.3357002057337275,-0.3358657837514737,False,0.05319756683269441,-0.160384971884655
1.45,123,float32,True,True,True,0.08184580554856336,0.0818458055485633,True,-0.42757760731473127,0.004153678043742559
1.45,123,float64,False,False,True,-0.6971682822187227,-0.6971682822187227,False,0.07744898465556506,-0.22339384270210327
1.45,124,float32,True,True,True,0.10867687866119002,0.10867687866119,True,-0.49636664031950417,0.07152911645932036
1.45,124,float64,False,False,True,0.057433664404872964,0.0574336644048729,False,-0.3387198760833048,-0.10894357786045639
1.45,125,float32,False,False,True,-0.06209659898608211,-0.0622080594891657,False,0.005204939732566222,-0.01330791743343987
1.45,125,float64,False,False,True,0.08857105989850478,0.0885710598985047,False,-0.4472611372292814,-0.04063090907156841
1.45,126,float32,False,False,True,0.061586881392468484,0.0615868813924684,False,-0.3795925052906721,-0.13711963560529306
1.45,126,float64,False,False,True,0.006838694885840546,0.0068386948858405,False,-0.2907308515880622,-0.26871627558376154
1.45,127,float32,True,True,True,0.09353191226846969,0.0935319122684696,True,-0.4370135109784403,0.04072156603109889
1.45,127,float64,False,False,True,-0.07107560801954116,-0.0711951174280405,False,0.005279362862433135,-0.013715279817286596
1.45,128,float32,False,False,True,-0.2715413100983063,-0.27200400523127,False,0.05376388347361638,-0.14944432515433226
1.45,128,float64,False,False,True,0.00617454043923793,0.0061745404392379,False,-0.24112264255269622,-0.2227459759621837
1.45,129,float32,True,True,True,0.12282369549340322,0.1228236954934032,True,-0.6012164402624798,0.004261954998924011
1.45,129,float64,False,False,True,0.12281254828042831,0.1228125482804283,False,-0.612313279244816,-0.0038651343328712784
1.45,130,float32,True,True,True,0.07039711293930395,0.0703971129393039,True,-0.3437402639372138,0.027206867485581654
1.45,130,float64,False,False,True,-0.4381641414572419,-0.4381641414572419,False,0.11555471937054085,-0.5594651022513029
1.45,131,float32,False,False,True,0.08653353939238562,0.0865335393923856,False,-0.40590077186871554,-0.017551293258488698
1.45,131,float64,False,False,True,0.024688860093448728,0.0246888600934487,False,-0.2677965758909302,-0.18287615419199277
1.45,132,float32,False,False,True,0.07749291598653363,0.0774929159865336,False,-0.42414081745064713,-0.11821205427231796
1.45,132,float64,True,True,True,0.1267374050113621,0.1267374050113621,True,-0.5741203681773435,0.0711997485285405
1.45,133,float32,False,False,True,-0.07606042353980058,-0.0760604235398003,False,0.006973026185528308,-0.01876449102083
1.45,133,float64,False,False,True,0.11354078555510405,0.113540785555104,False,-0.5338472032671024,-0.018339542017171695
1.45,134,float32,False,False,True,0.1129061505528477,0.1129061505528477,False,-0.5703841797988343,-0.005581492064482774
1.45,134,float64,False,False,True,0.02358036910209682,0.0235803691020968,False,-0.33215759906563136,-0.2549247010375222
1.45,135,float32,False,False,True,-0.7499527425141506,-0.7499527425141506,False,0.046235705511481484,-0.7400838008987347
1.45,135,float64,False,False,True,-0.19633670987751073,-0.1976504854147921,False,0.029823160501011914,-0.08045558887440035
1.45,136,float32,False,False,True,-0.06095949255034,-0.0609854057090663,False,0.007986653631662233,-0.021237111467318187
1.45,136,float64,False,False,True,-0.06700858468271575,-0.0672154928925294,False,0.005109192609026703,-0.01358672585474191
1.45,137,float32,False,False,True,0.07061104559293874,0.0706110455929387,False,-0.40538905858316454,-0.09453826299321655
1.45,137,float64,False,False,True,0.08061698952795249,0.0806169895279524,False,-0.4129818700588199,-0.043155693762791714
1.45,138,float32,False,False,True,0.055011519531122044,0.055011519531122,False,-0.2864897124460377,-0.05985943992988396
1.45,138,float64,False,False,True,0.07900419431593209,0.079004194315932,False,-0.4229438366669118,-0.11760005795402328
1.45,139,float32,False,False,True,-0.1273352971342856,-0.1273352971342856,False,-0.16509660118660996,-0.43941770014935955
1.45,139,float64,False,False,True,0.10682465084415238,0.1068246508441523,False,-0.555225275470761,-0.04253109776213293
1.45,140,float32,False,False,True,-0.0562985412427901,-0.0562985412427901,False,-0.23799568312370578,-0.3853347296578695
1.45,140,float64,False,False,True,-0.09966187974515162,-0.0996618797451516,False,-0.19772655174395215,-0.43114953834513337
1.45,141,float32,True,True,True,0.0981763036253187,0.0981763036253187,True,-0.41529707575482355,0.0369526900846342
1.45,141,float64,True,True,True,0.1499385638184383,0.1499385638184383,True,-0.8320765837117179,0.13259098136998304
1.45,142,float32,False,False,True,0.08943768758031378,0.0894376875803137,False,-0.4441474572163955,-0.07514240597244459
1.45,142,float64,False,False,True,0.07300023960985591,0.0730002396098559,False,-0.4096795534433486,-0.1297870321102792
1.45,143,float32,False,False,True,-0.21762768223640006,-0.2197472267594609,False,0.029940810616067515,-0.07842216972553179
1.45,143,float64,False,False,True,0.038131695561652634,0.0381316955616526,False,-0.2614446810353943,-0.12101217712077528
1.45,144,float32,False,False,True,0.038257921774708326,0.0382579217747083,False,-0.33031320747081594,-0.18577917106921227
1.45,144,float64,True,True,True,0.1103952175273335,0.1103952175273335,True,-0.4561997227883765,0.06316841321415367
1.45,145,float32,False,False,True,0.09591035274130189,0.0959103527413018,False,-0.5536437508414327,-0.1059144918343975
1.45,145,float64,False,False,True,0.11493902542644907,0.114939025426449,False,-0.6259890589489583,-0.027696855377870477
1.45,146,float32,False,False,True,0.09342576365100097,0.0934257636510009,False,-0.519585127780271,-0.08131925876065793
1.45,146,float64,False,False,True,0.10975115946982328,0.1097511594698232,False,-0.5601259038551429,-0.002825427986538287
1.45,147,float32,True,True,True,0.11232438780152298,0.1123243878015229,True,-0.57529203372086,0.033090152781014126
1.45,147,float64,False,False,True,0.0721818596273267,0.0721818596273267,False,-0.4389357980516433,-0.12272624097006002
1.45,148,float32,False,False,True,-0.04074481484358783,-0.0407448148435878,False,-0.23953574032920688,-0.3418483082110564
1.45,148,float64,False,False,True,-0.13558207310063386,-0.1355820731006338,False,0.01665601394012317,-0.04427806389256553
1.45,149,float32,False,False,True,-0.23699289574422697,-0.2370347495871733,False,0.01871535493122487,-0.05525404068904741
1.45,149,float64,True,True,True,0.07321102460196327,0.0732110246019632,True,-0.3053992199220481,0.04146867023351142
1.45,150,float32,True,True,True,0.13959123506892324,0.1395912350689232,True,-0.6203637718342989,0.22548794961020135
1.45,150,float64,True,True,True,0.09691802121153437,0.0969180212115343,True,-0.4266102856095877,0.08991526700035024
1.45,151,float32,True,True,True,0.11583365219009645,0.1158336521900968,True,-0.48954934410324213,0.18769363532479844
1.45,151,float64,False,False,True,-0.1830768893102478,-0.1834756239273067,False,0.04637881963513363,-0.13750656526324873
1.45,152,float32,True,True,True,0.1378967450431685,0.1378967450431685,True,-0.6254937062545309,0.0941607840714962
1.45,152,float64,False,False,True,0.05940022463490369,0.0594002246349041,False,-0.32528083766951,-0.07351036625280116
1.45,153,float32,False,False,True,0.07112098889868923,0.0711209888986892,False,-0.4246636280702365,-0.11497156798794528
1.45,153,float64,False,False,True,0.03656924800102157,0.0365692480010215,False,-0.34316863797574193,-0.20685758789118225
1.45,154,float32,False,False,True,0.05074469245520152,0.0507446924552015,False,-0.364687101619916,-0.17597658651650683
1.45,154,float64,False,False,True,-0.22329102990630534,-0.2232910299063053,False,0.025631933044450383,-0.06846327119900086
1.45,155,float32,False,False,True,-0.006875081308397757,-0.0068750813083977,False,-0.23192160289427655,-0.25857555943157173
1.45,155,float64,False,False,True,-0.08223060833315676,-0.0822306083331567,False,-0.15440080914765808,-0.4103746073222183
1.45,156,float32,False,False,True,-1.3670789038521196,-1.3670789038521196,False,0.1599054228178629,-0.8577275310697363
1.45,156,float64,False,False,True,0.08394512472070348,0.0839451247207034,False,-0.40986190727191385,-0.043273414707188707
1.45,157,float32,False,False,True,-0.08853949175571674,-0.0892434957066998,False,0.005587570697379363,-0.01348238764441323
1.45,157,float64,False,False,True,0.0760888025765527,0.0760888025765527,False,-0.4158470695405949,-0.02927111081844913
1.45,158,float32,False,False,True,-0.012692092681843459,-0.0127017380217213,False,0.0008072377085066584,-0.0019222586890996207
1.45,158,float64,False,False,True,0.035844795023334264,0.0358447950233342,False,-0.27932025873573707,-0.13769975358718334
1.45,159,float32,True,True,True,0.11951604743092714,0.1195160474309271,True,-0.5314917039845959,0.09803855045019283
1.45,159,float64,True,True,True,0.12106086309202357,0.1210608630920235,True,-0.592349658803407,0.05357359855368493
1.45,160,float32,False,False,True,-0.28305867007128116,-0.2857780473985567,False,0.007777991077009591,-0.019012908799601602
1.45,160,float64,True,True,True,0.11761344928369377,0.1176134492836937,True,-0.5139192397329637,0.13966001605412615
1.45,161,float32,False,False,True,-0.3574521983383628,-0.360819187494995,False,0.036445156471515805,-0.08934939151330257
1.45,161,float64,False,False,True,-0.035370417047181135,-0.0353704170471811,False,-0.117285843649098,-0.23080666235187053
1.45,162,float32,False,False,True,0.06822579454613953,0.0682257945461395,False,-0.37868476432170617,-0.0846840688058581
1.45,162,float64,False,False,True,-0.01985943117265454,-0.0198594311726545,False,0.002905230535597325,-0.007113826232425069
1.45,163,float32,False,False,True,0.0780586757904489,0.0780586757904489,False,-0.43391129347875435,-0.11081932988247623
1.45,163,float64,False,False,True,-0.009927299945503787,-0.0099272999455037,False,-0.12444651279001917,-0.15562990516174047
1.45,164,float32,True,True,True,0.09901610341181577,0.0990161034118157,True,-0.4443959427900239,0.022113912456761753
1.45,164,float64,False,False,True,0.028201902987953886,0.0282019029879538,False,-0.2635464512332373,-0.1672926193491957
1.45,165,float32,False,False,True,0.06550988609503294,0.0655098860950329,False,-0.4346898885865862,-0.17993773614188235
1.45,165,float64,False,False,True,-0.24937517269609422,-0.24981172158838,False,0.07125419209239614,-0.2089934422438929
1.45,166,float32,False,False,True,-0.14675089993752444,-0.1467508999375244,False,-0.22580682297490373,-0.5479251085173722
1.45,166,float64,True,True,True,0.11504716739835663,0.1150471673983566,True,-0.5062711098755273,0.14426110584816954
1.45,167,float32,False,False,True,-0.03826285177241573,-0.0382628517724157,False,-0.20026944170698968,-0.3245155618436577
1.45,167,float64,False,False,True,0.048580499365249885,0.0485804993652498,False,-0.3541734269949792,-0.1362096327502833
1.45,168,float32,True,True,True,0.10794928489214506,0.107949284892145,True,-0.49971794189316654,0.012176857544597297
1.45,168,float64,False,False,True,-0.06522661386430384,-0.0654776194909567,False,0.0056593030501192465,-0.013904476320872217
1.45,169,float32,True,True,True,0.15031868195937825,0.1503186819593782,True,-0.6722837869037939,0.19284869898743295
1.45,169,float64,False,False,True,-0.2692132626411607,-0.2692132626411607,False,0.04097360393201785,-0.11856273762584198
1.45,170,float32,False,False,True,-0.07458626828335158,-0.0745862682833515,False,-0.1322798152682223,-0.33605598153356464
1.45,170,float64,False,False,True,-0.3137144321514135,-0.3144747837233841,False,0.05603603289055349,-0.14968629199444525
1.45,171,float32,False,False,True,-0.6480606728079561,-0.6480606728079561,False,-0.05809622509660395,-0.8378564122248511
1.45,171,float64,False,False,True,0.08964173404056508,0.089641734040565,False,-0.4804873737626796,-0.11841470177208002
1.45,172,float32,True,True,True,0.12899937477869772,0.1289993747786977,True,-0.6497489585582237,0.1841129939394328
1.45,172,float64,True,True,True,0.1044164185156502,0.1044164185156502,True,-0.45156709240167814,0.005327589896342744
1.45,173,float32,True,True,True,0.1045913117047399,0.1045913117047399,True,-0.5194698023312885,0.013637512481839309
1.45,173,float64,True,True,True,0.12081447634869136,0.1208144763486913,True,-0.5888978874701927,0.09196030034710034
1.45,174,float32,False,False,True,-0.027291508868459324,-0.0272915088684593,False,-0.20931741058829445,-0.2979981374752967
1.45,174,float64,False,False,True,0.05522554073045027,0.0552255407304502,False,-0.3611950568726332,-0.1158301509718811
1.45,175,float32,False,False,True,-0.0784013225564939,-0.0784013225564939,False,-0.13950035363399227,-0.34282587636333606
1.45,175,float64,True,True,True,0.14344225734120108,0.143442257341201,True,-0.6374125026761668,0.1255915909262466
1.45,176,float32,False,False,True,-0.0030961239077937908,-0.0030970568744408,False,0.00035789868287650073,-0.0009201627203522245
1.45,176,float64,False,False,True,-0.004460396408714651,-0.0044635180989542,False,0.00018239973745315385,-0.0004670114926100255
1.45,177,float32,False,False,True,-0.2792650769738755,-0.2792650769738755,False,0.03699614362474815,-0.1069644068475544
1.45,177,float64,True,True,True,0.11155424668562741,0.1115542466856274,True,-0.5234048272582701,0.0399551797232931
1.45,178,float32,False,False,True,0.048381776095976825,0.0483817760959768,False,-0.3155869968889693,-0.09966695965453454
1.45,178,float64,True,True,True,0.09183679021621582,0.0918367902162158,True,-0.4587842327075222,0.0538563498907223
1.45,179,float32,False,False,True,-0.0668159754857427,-0.0672879418064744,False,0.005395042257685612,-0.013654601807699729
1.45,179,float64,False,False,True,-0.06195653534922774,-0.0623290441866193,False,0.006484972391853527,-0.016712255182038782
1.45,180,float32,True,True,True,0.12815290932273493,0.1281529093227349,True,-0.5219243268018054,0.20185925927224346
1.45,180,float64,False,False,True,-0.017833173760983367,-0.0178331737609833,False,-0.2365562589654271,-0.29048940383828104
1.45,181,float32,False,False,True,0.07583142593122716,0.0758314259312271,False,-0.38160707583966236,-0.059999187221299266
1.45,181,float64,False,False,True,-0.0875408102965134,-0.0877654868732746,False,0.01338253555302038,-0.036485343612096544
1.45,182,float32,False,False,True,-0.06659299646795791,-0.0665929964679579,False,-0.2396555869681709,-0.41050149262764624
1.45,182,float64,False,False,True,0.01898713427237686,0.0189871342723768,False,-0.3451044284909166,-0.2822835541603048
1.45,183,float32,False,False,True,0.08557314966404661,0.0855731496640466,False,-0.4957400965397305,-0.09120115485434965
1.45,183,float64,False,False,True,0.10172236476290397,0.1017223647629039,False,-0.5555165910622328,-0.029128450484588342
1.45,184,float32,True,True,True,0.11315079914729509,0.113150799147295,True,-0.5266141779974731,0.09278926447863611
1.45,184,float64,False,False,True,0.061394513545719676,0.0613945135457196,False,-0.3487772238590061,-0.09465371867545791
1.45,185,float32,False,False,True,-0.016834897587985842,-0.0168399450882076,False,0.0018044222570082757,-0.0044479564624160806
1.45,185,float64,False,False,True,0.0653935940654975,0.0653935940654975,False,-0.38235478547849233,-0.12985701405770023
1.45,186,float32,False,False,True,0.024523460764802163,0.0245234607648021,False,-0.25410494228912484,-0.1752302111783859
1.45,186,float64,False,False,True,-0.08757173399602847,-0.0877549637612597,False,0.026009788750021468,-0.07103709460754215
1.45,187,float32,False,False,True,-0.12234403733912202,-0.122344037339122,False,-0.1213266678980176,-0.42808551929447436
1.45,187,float64,False,False,True,0.0806672503097614,0.0806672503097614,False,-0.4166933567722957,-0.029247503864835878
1.45,188,float32,True,True,True,0.07230876722340485,0.0723087672234048,True,-0.3449760461740894,0.003319384144059967
1.45,188,float64,False,False,True,-0.05929344691539029,-0.0592934469153902,False,-0.12318518077892016,-0.2982691406975224
1.45,189,float32,False,False,True,0.06257103594867619,0.0625710359486761,False,-0.39687184922683905,-0.15122638341803807
1.45,189,float64,False,False,True,-0.20825019405868,-0.2089887849656587,False,0.02372908459855741,-0.06782601422156889
1.45,190,float32,True,True,True,0.13461392842749076,0.1346139284274907,True,-0.5846717682613569,0.10330915327572754
1.45,190,float64,False,False,True,-0.4023369045251326,-0.4170590306582169,False,0.023418357913623122,-0.06016260575186155
1.45,191,float32,True,True,True,0.08986057105443024,0.0898605710544302,True,-0.46626361117530735,0.015163505278572131
1.45,191,float64,False,False,True,-1.1056641892672658,-1.1056641892672658,False,0.07117576379756688,-0.1692089677085662
1.45,192,float32,False,False,True,0.05485636370327729,0.0548563637032772,False,-0.3410759405690076,-0.12129155181942863
1.45,192,float64,True,True,True,0.15060431130144858,0.1506043113014485,True,-0.6478344429823366,0.322216082532794
1.45,193,float32,False,False,True,0.07641294725254033,0.0764129472525403,False,-0.4144284507571232,-0.08420094922689181
1.45,193,float64,False,False,True,0.10319969177314414,0.1031996917731441,False,-0.5174343375177823,-4.732950226227217e-05
1.45,194,float32,True,True,True,0.10405322817587592,0.1040532281758759,True,-0.5200363592725097,0.0366693893016361
1.45,194,float64,True,True,True,0.12577656397786408,0.125776563977864,True,-0.5002534450856757,0.13488551533515647
1.45,195,float32,False,False,True,0.046703652021993225,0.0467036520219932,False,-0.32807373049140764,-0.12575478965752218
1.45,195,float64,True,True,True,0.14763936327931226,0.1476393632793122,True,-0.6315701711484056,0.06433697565388741
1.45,196,float32,False,False,True,-0.05219544810555432,-0.0522219014096279,False,0.008912078923130784,-0.024312615876882757
1.45,196,float64,False,False,True,0.07110892588411932,0.0711089258841193,False,-0.4211676711056569,-0.1706373372929626
1.45,197,float32,False,False,True,-0.13163080585800957,-0.1316308058580095,False,-0.09818969665816368,-0.3990830332555353
1.45,197,float64,False,False,True,0.075795328170285,0.075795328170285,False,-0.4123207427732254,-0.0646983793085596
1.45,198,float32,False,False,True,0.10072640526820065,0.1007264052682006,False,-0.4636121331200318,-0.011580324454328661
1.45,198,float64,True,True,True,0.11461130591718538,0.1146113059171853,True,-0.5051456632610325,0.048874108920752946
1.45,199,float32,False,False,True,0.06696898762570758,0.0669689876257075,False,-0.4320977684546481,-0.16083289630389785
1.45,199,float64,False,False,True,-0.9570154446978234,-0.9570154446978234,False,0.06096404224322259,-0.16861215271414895
1.5,0,float32,False,False,True,-0.7114500528878247,-0.7114500528878247,False,0.050126948748406036,-0.15543808141081716
1.5,0,float64,True,True,True,0.12631934865261218,0.1263193486526121,True,-0.5068328288543142,0.04904836361853526
1.5,1,float32,True,True,True,0.12503510215562086,0.1250351021556208,True,-0.4723453967265403,0.07706129329954692
1.5,1,float64,True,True,True,0.15745283311148217,0.1574528331114821,True,-0.5914751475237328,0.23531513603254162
1.5,2,float32,True,True,True,0.1677521662058452,0.1677521662058452,True,-0.7129080651351458,0.1999868101165525
1.5,2,float64,True,True,True,0.14422937540026481,0.1442293754002648,True,-0.5798011931205114,0.11243771288945581
1.5,3,float32,False,False,True,0.07312776762601869,0.0731277676260186,False,-0.3668110577441599,-0.07319519986096523
1.5,3,float64,False,False,True,0.03253417825885352,0.0325341782588535,False,-0.29115151961813623,-0.17866232458213993
1.5,4,float32,False,False,True,-0.008407554739604806,-0.0084088063398403,False,0.0014508600176349473,-0.004151508128498904
1.5,4,float64,False,False,True,-0.00976116435687202,-0.009761164356872,False,0.0021126254410845924,-0.00604557578776499
1.5,5,float32,True,True,True,0.12414041959533906,0.124140419595339,True,-0.4647483971127695,0.11643273044314029
1.5,5,float64,True,True,True,0.17255698453198853,0.1725569845319889,True,-0.7022658282392094,0.2524720339225439
1.5,6,float32,False,False,True,-0.0876014755917068,-0.0876014755917068,False,0.017418260919896733,-0.048078253509105356
1.5,6,float64,False,False,True,-0.09337305694211717,-0.0938175869471171,False,0.01189275140781898,-0.03275787024941412
1.5,7,float32,True,True,True,0.15882484990446155,0.1588248499044615,True,-0.682457864231182,0.17921112947697537
1.5,7,float64,True,True,True,0.1541352326391614,0.1541352326391614,True,-0.6501817448476714,0.15792523033072214
1.5,8,float32,False,False,True,-0.011377208912013215,-0.0113833899309807,False,0.00199562041011192,-0.005261264073574079
1.5,8,float64,False,False,True,-0.019343602198587884,-0.0193526981707804,False,0.0020740088259645073,-0.005474528277280705
1.5,9,float32,True,True,True,0.09749464978526046,0.0974946497852604,True,-0.42196715715722455,0.02137708424160145
1.5,9,float64,False,False,True,0.09908056433703871,0.0990805643370387,False,-0.4084548357375155,-0.07813782442268113
1.5,10,float32,True,True,True,0.1487246158221156,0.1487246158221156,True,-0.6371487621027292,0.14930978802962436
1.5,10,float64,True,True,True,0.15878519795333457,0.1587851979533345,True,-0.6898716085672092,0.20891076718198676
1.5,11,float32,False,False,True,-0.23816306595306297,-0.2381630659530629,False,0.033089642041857076,-0.08286705770027385
1.5,11,float64,True,True,True,0.09324999480589691,0.0932499948058969,True,-0.3757476091428327,0.008146228508429942
1.5,12,float32,True,True,True,0.15948063596179463,0.1594806359617946,True,-0.7268730711926299,0.10180004021164457
1.5,12,float64,False,False,True,-0.23920069255193627,-0.2397158545868299,False,0.03375487847939834,-0.09532685861662174
1.5,13,float32,False,False,True,-0.4405159644343638,-0.4405159644343638,False,0.06448010160774933,-0.17029387238003652
1.5,13,float64,True,True,True,0.1030613068631161,0.1030613068631156,True,-0.431661052980461,0.026588592150330825
1.5,14,float32,False,False,True,-0.07725167616298867,-0.0772516761629886,False,0.010359147094703869,-0.025265881653339428
1.5,14,float64,False,False,True,0.13011795350751498,0.1301179535075149,False,-0.5644227608303787,-0.00587481156939873
1.5,15,float32,False,False,True,0.06978316633842718,0.0697831663384271,False,-0.3738187531357209,-0.13685565744181183
1.5,15,float64,True,True,True,0.16644203508670818,0.1664420350867081,True,-0.697710498488064,0.2162168536171798
1.5,16,float32,False,False,True,-0.08976461230633348,-0.0897646123063334,False,0.008910219571159866,-0.021681374575895918
1.5,16,float64,False,False,True,-0.06914672495462931,-0.0691467249546293,False,0.007302191912764641,-0.017772455680106488
1.5,17,float32,False,False,True,-0.012520672321808868,-0.0125250987779986,False,0.0029103750688900254,-0.007549328140711298
1.5,17,float64,False,False,True,-0.023411751350760235,-0.0234259424749494,False,0.0026295146715569484,-0.006821319684302968
1.5,18,float32,False,False,True,0.11992477794247058,0.1199247779424705,False,-0.5603961434102533,-0.01480088365538812
1.5,18,float64,True,True,True,0.1726760554062956,0.1726760554062956,True,-0.6920380500412087,0.25665175900697434
1.5,19,float32,True,True,True,0.15312219610720046,0.1531221961072004,True,-0.6400337079394198,0.11636768021425326
1.5,19,float64,True,True,True,0.1728184149269012,0.1728184149269012,True,-0.7641047635490779,0.2198731337319586
1.5,20,float32,False,False,True,0.05430335964617061,0.0543033596461706,False,-0.3171229357400378,-0.12126048631738406
1.5,20,float64,False,False,True,0.08257455090232968,0.0825745509023296,False,-0.38804968181332633,-0.05356676249613024
1.5,21,float32,False,False,True,-0.15829731762483912,-0.1587604608064923,False,0.04101892400621121,-0.11006653208528677
1.5,21,float64,False,False,True,0.0968171869741754,0.0968171869741754,False,-0.46757233000594667,-0.06313058739929289
1.5,22,float32,False,False,True,0.03663201217513734,0.0366320121751373,False,-0.28981909534916106,-0.18001921743648808
1.5,22,float64,True,True,True,0.1677034747730115,0.1677034747730115,True,-0.6623562476479243,0.2875456630784008
1.5,23,float32,False,False,True,0.0642223508297799,0.0642223508297799,False,-0.39356211883352366,-0.1554850399875658
1.5,23,float64,False,False,True,0.11538960145332844,0.1153896014533284,False,-0.5431390116817205,-0.0017885401208772578
1.5,24,float32,False,False,True,0.06070549270185799,0.0607054927018579,False,-0.34766052939878556,-0.12337174272468765
1.5,24,float64,True,True,True,0.11034458195522312,0.1103445819552231,True,-0.4738792621834307,0.03277660949541428
1.5,25,float32,False,False,True,-0.1978853172478523,-0.1978853172478523,False,-0.10628170608933551,-0.4967633022732221
1.5,25,float64,True,True,True,0.12329387843814477,0.1232938784381452,True,-0.5796759487430183,0.05956027987943813
1.5,26,float32,False,False,True,-0.23012656091983974,-0.2301265609198397,False,0.025690676849493554,-0.06323304831274845
1.5,26,float64,False,False,True,0.07514757161049435,0.0751475716104943,False,-0.38714401560044287,-0.09085472923393567
1.5,27,float32,False,False,True,0.07813310210265678,0.0781331021026567,False,-0.5569128056524288,-0.27455627299276486
1.5,27,float64,False,False,True,0.10894813512382129,0.1089481351238212,False,-0.6134705210962963,-0.1715559462769658
1.5,28,float32,False,False,True,0.06569190160777749,0.0656919016077774,False,-0.4131666230921578,-0.15253117049002007
1.5,28,float64,False,False,True,0.05733015437365152,0.0573301543736515,False,-0.3820982590180808,-0.16407021345414563
1.5,29,float32,False,False,True,-0.19740794493562308,-0.1984116371885452,False,0.018518393581340914,-0.04989844972935431
1.5,29,float64,False,False,True,0.043362607375244,0.043362607375244,False,-0.30627576715702,-0.1684023864170996
1.5,30,float32,True,True,True,0.10334949498480839,0.1033494949848083,True,-0.45883358827571463,0.003752327415085688
1.5,30,float64,False,False,True,-0.04697240633344402,-0.0470968395616804,False,0.00607224840477727,-0.015320081749282233
1.5,31,float32,True,True,True,0.15307249141446366,0.1530724914144636,True,-0.7292820977863848,0.10227660327714716
1.5,31,float64,False,False,True,0.05329099124956205,0.053290991249562,False,-0.42386275337942614,-0.23959287134346674
1.5,32,float32,False,False,True,0.08657647456993134,0.0865764745699313,False,-0.39839657708014364,-0.03497046200806331
1.5,32,float64,False,False,True,0.11219686895316805,0.112196868953168,False,-0.45201813829796045,-0.07325762358052579
1.5,33,float32,True,True,True,0.11856886418450552,0.1185688641845055,True,-0.5159261197728764,0.018727610522097038
1.5,33,float64,False,False,True,0.060621601884186305,0.0606216018841863,False,-0.36507817969018674,-0.15054938667360496
1.5,34,float32,True,True,True,0.13645814814079715,0.1364581481407971,True,-0.5508095442306544,0.019111403826018503
1.5,34,float64,True,True,True,0.15552557723538207,0.155525577235382,True,-0.6098240172702525,0.1064429109698537
1.5,35,float32,False,False,True,0.02558782368429613,0.0255878236842961,False,-0.29975713935831827,-0.22086812337855655
1.5,35,float64,False,False,True,0.08311205644144293,0.0831120564414429,False,-0.39769363722675344,-0.08244978001134662
1.5,36,float32,True,True,True,0.11566828644483129,0.1156682864448312,True,-0.524708236564944,0.07743955565282512
1.5,36,float64,False,False,True,0.047500339272844805,0.0475003392728448,False,-0.2964626757330908,-0.11803386767742552
1.5,37,float32,False,False,True,-0.28192588708137895,-0.2819258870813789,False,0.020845284111669714,-0.06062707230273318
1.5,37,float64,True,True,True,0.16358761626989837,0.1635876162698983,True,-0.6446487539134473,0.15509982122974364
1.5,38,float32,True,True,True,0.1536919279828508,0.1536919279828508,True,-0.804669249477552,0.09999979125692349
1.5,38,float64,True,True,True,0.13685824808775449,0.1368582480877544,True,-0.7073735867665807,0.016750308787639057
1.5,39,float32,True,True,True,0.14871252073901298,0.1487125207390129,True,-0.6672898656135757,0.13149370087415946
1.5,39,float64,False,False,True,-0.061464440660589315,-0.0614644406605893,False,-0.2062329019248983,-0.3557434113322362
1.5,40,float32,True,True,True,0.12347126151694532,0.1234712615169453,True,-0.48950922092493165,0.10525701602938753
1.5,40,float64,True,True,True,0.1294577542121349,0.1294577542121349,True,-0.4493822838978474,0.09265422848955218
1.5,41,float32,False,False,True,0.015937221923981948,0.0159372219239819,False,-0.24178291513520378,-0.18737173804629492
1.5,41,float64,False,False,True,-1.0307128948312678,-1.030712894831268,False,0.08289581474770452,-0.23394776632874786
1.5,42,float32,True,True,True,0.1374824526910019,0.1374824526910019,True,-0.5376345955642794,0.1607670756730446
1.5,42,float64,False,False,True,-0.4523275063388983,-0.4523275063388983,False,0.002101589575834062,-0.6194727895632406
1.5,43,float32,False,False,True,0.014260452973716475,0.0142604529737164,False,-0.2794136247841088,-0.233735777950562
1.5,43,float64,False,False,True,0.07929422750677695,0.0792942275067769,False,-0.411839318543354,-0.08807038791268695
1.5,44,float32,True,True,True,0.16415572242889498,0.1641557224288949,True,-0.7313025562560682,0.31663968082944294
1.5,44,float64,False,False,True,-0.6952767497096028,-0.6952767497096028,False,0.07879274258543728,-0.21348143586439777
1.5,45,float32,False,False,True,0.02724880575625921,0.0272488057562592,False,-0.3441846706559488,-0.25726950230176726
1.5,45,float64,True,True,True,0.13990984796070727,0.1399098479607072,True,-0.6088516718204176,0.08930285886148148
1.5,46,float32,False,False,True,-0.2686072447843189,-0.2690023067145728,False,0.041581894870894864,-0.10500515830125898
1.5,46,float64,False,False,True,-0.22124876332829302,-0.2223885047307309,False,0.037985856120261896,-0.09406296081111984
1.5,47,float32,False,False,True,0.08325565331854401,0.083255653318544,False,-0.42751535640970495,-0.09133977795121595
1.5,47,float64,True,True,True,0.12241463673516506,0.122414636735165,True,-0.5642955991409657,0.03790098944359599
1.5,48,float32,False,False,True,-0.07058675239159751,-0.0707930283629169,False,0.012314506063825004,-0.03151713126556932
1.5,48,float64,False,False,True,0.10720488607283762,0.1072048860728376,False,-0.46652050509341514,-0.0274897158964027
1.5,49,float32,False,False,True,0.06498047010343377,0.0649804701034337,False,-0.3798233767906609,-0.17154855004058867
1.5,49,float64,False,False,True,-0.031110350251716934,-0.0311103502517169,False,-0.26218382317981703,-0.33894152378913933
1.5,50,float32,False,False,True,-0.3297724995758676,-0.3297724995758676,False,0.0872935385772581,-0.2396945745306806
1.5,50,float64,False,False,True,0.058085515400863486,0.0580855154008634,False,-0.3503432764583767,-0.14238834408174128
1.5,51,float32,True,True,True,0.15577227406067307,0.155772274060673,True,-0.5962693755192543,0.14953523560774507
1.5,51,float64,True,True,True,0.13096286952987013,0.1309628695298701,True,-0.5741853814734075,0.04932895238782642
1.5,52,float32,False,False,True,0.10268618545897334,0.1026861854589733,False,-0.4443537755716864,-0.023396489437057966
1.5,52,float64,True,True,True,0.16162499182802526,0.1616249918280252,True,-0.7137788059974888,0.23778402376783347
1.5,53,float32,False,False,True,0.09835036007109244,0.0983503600710924,False,-0.4724194730795759,-0.037691458659843136
1.5,53,float64,False,False,True,0.07258320259680184,0.0725832025968018,False,-0.40490944496832526,-0.11929717279832985
1.5,54,float32,False,False,True,-1.6199343994082969,-1.6199343994082969,False,0.11860589831931068,-0.8885507497441127
1.5,54,float64,True,True,True,0.10962215101053019,0.1096221510105301,True,-0.5027664449860261,0.0054367441771958624
1.5,55,float32,False,False,True,-0.1608049082929186,-0.1623170897276447,False,0.004619089256818823,-0.011757095739170609
1.5,55,float64,False,False,True,-0.10697201533643463,-0.1073566915540255,False,0.010848982088864534,-0.028578062479162003
1.5,56,float32,True,True,True,0.0734407970044817,0.0734407970044817,True,-0.258112079630358,0.03492065829891544
1.5,56,float64,False,False,True,-0.19232394191292804,-0.192323941912928,False,0.03730533351234988,-0.10748977339018023
1.5,57,float32,False,False,True,-0.10234311001012816,-0.1023431100101281,False,0.020599659631933054,-0.054077676750035705
1.5,57,float64,False,False,True,0.10486749410936191,0.1048674941093619,False,-0.4097060183132033,-0.01272188024537968
1.5,58,float32,False,False,True,-0.30609924417808365,-0.3060992441780836,False,-0.09287018259739366,-0.5816391562736261
1.5,58,float64,True,True,True,0.1501711391808187,0.1501711391808187,True,-0.615760956281191,0.11784630015704423
1.5,59,float32,False,False,True,-0.05852840565675543,-0.0588722980559961,False,0.0024822502305181793,-0.006727921843807716
1.5,59,float64,False,False,True,-0.07297920869219104,-0.073054327095526,False,0.007427115544205165,-0.020483351675536346
1.5,60,float32,True,True,True,0.1275762044113553,0.1275762044113553,True,-0.526450869681252,0.05393413675902714
1.5,60,float64,False,False,True,-0.21224102234611975,-0.2136795339987826,False,0.024220622200039232,-0.06546633896852394
1.5,61,float32,True,True,True,0.16153167279874436,0.1615316727987443,True,-0.7419162164543565,0.11853029201462562
1.5,61,float64,False,False,True,-0.14915665111773657,-0.149580056664704,False,0.027486595791318347,-0.07440926024746902
1.5,62,float32,False,False,True,0.07467100058461806,0.074671000584618,False,-0.3946289455047456,-0.06165132678220964
1.5,62,float64,True,True,True,0.09167145314327874,0.0916714531432787,False,-0.43971479911507494,0.0020857505880549354
1.5,63,float32,True,True,True,0.1504648735530929,0.1504648735530929,True,-0.7016019555067352,0.10718074803418354
1.5,63,float64,True,True,True,0.15118346003377825,0.1511834600337782,True,-0.7091931390466897,0.10809709114036181
1.5,64,float32,False,False,True,0.042179686770293934,0.0421796867702939,False,-0.3751147316310419,-0.22926108793179978
1.5,64,float64,False,False,True,0.11937210288818312,0.1193721028881831,False,-0.5864556696410421,-0.02289002050895128
1.5,65,float32,False,False,True,-0.1448076771671667,-0.1448076771671667,False,0.008620459878715958,-0.021938641779095103
1.5,65,float64,False,False,True,-0.03497526735756301,-0.0349846220499679,False,0.005354276806496278,-0.013393327777505279
1.5,66,float32,False,False,True,-0.07708074232876694,-0.0775008820800213,False,0.004066312367619451,-0.010208462319557576
1.5,66,float64,False,False,True,0.05189721275157044,0.0518972127515704,False,-0.30115620878063254,-0.13540742779624715
1.5,67,float32,True,True,True,0.159299954018989,0.159299954018989,True,-0.7343137817845466,0.13508219758549345
1.5,67,float64,True,True,True,0.1453968569334485,0.1453968569334485,True,-0.6564986790453915,0.06655531276360094
1.5,68,float32,False,False,True,-0.09779318274376397,-0.0978865191454012,False,0.01785718903106656,-0.047977418503063654
1.5,68,float64,False,False,True,-0.09706798675098305,-0.097348082700565,False,0.01577992043516302,-0.04241305447416427
1.5,69,float32,True,True,True,0.13893886891560525,0.1389388689156052,True,-0.5821950172907506,0.04651464050922627
1.5,69,float64,True,True,True,0.16267843881660227,0.1626784388166022,True,-0.7031835848734307,0.15071985900361007
1.5,70,float32,False,False,True,-0.1212853782540299,-0.1213496398165074,False,0.02768985825203059,-0.07191211140119065
1.5,70,float64,True,True,True,0.1644073964302386,0.1644073964302386,True,-0.7120066922766952,0.18546967182129848
1.5,71,float32,True,True,True,0.15485111304208976,0.1548511130420897,True,-0.7489138056252607,0.12858444946912684
1.5,71,float64,False,False,True,0.028814848566404816,0.0288148485664048,False,-0.3548663345977232,-0.26205080614096055
1.5,72,float32,False,False,True,0.05490300025553285,0.0549030002555328,False,-0.33871840522561847,-0.14737761975531427
1.5,72,float64,False,False,True,-0.13778928086379638,-0.1382228550422811,False,0.03148110148700867,-0.08560431809516694
1.5,73,float32,True,True,True,0.13490056130937012,0.1349005613093701,True,-0.5472810916123585,0.01964055769831141
1.5,73,float64,False,False,True,0.08372668473188316,0.0837266847318831,False,-0.3310421815607043,-0.012079598363031963
1.5,74,float32,False,False,True,-0.09450840885122225,-0.0946090374359727,False,0.00860767101364833,-0.022826088538449252
1.5,74,float64,True,True,True,0.14494633694468595,0.1449463369446859,True,-0.6197641769610911,0.0967580177055094
1.5,75,float32,True,True,True,0.16501124197746142,0.1650112419774614,True,-0.7487753464714455,0.12709458366971305
1.5,75,float64,True,True,True,0.17202912454220032,0.1720291245422003,True,-0.7912317670532865,0.169415919192474
1.5,76,float32,True,True,True,0.10931989537205089,0.1093198953720508,True,-0.5031768503395693,0.03408888539660815
1.5,76,float64,True,True,True,0.11919911724683363,0.1191991172468336,True,-0.5423719791667132,0.07642801334706384
1.5,77,float32,True,True,True,0.15219722973857674,0.1521972297385767,True,-0.7003460589042945,0.14610559463433148
1.5,77,float64,False,False,True,0.11420804221413494,0.1142080422141349,False,-0.5345365710495784,-0.02502830183984628
1.5,78,float32,False,False,True,0.09187786275671961,0.0918778627567196,False,-0.4685268432951286,-0.1317211843633821
1.5,78,float64,True,True,True,0.149791045093556,0.149791045093556,True,-0.652896435512595,0.07333691966331912
1.5,79,float32,False,False,True,-0.19261832694757194,-0.1928049335939821,False,0.014005217316889258,-0.035943264594182046
1.5,79,float64,True,True,True,0.15907862177300514,0.1590786217730051,True,-0.7166960181143374,0.1726527785540064
1.5,80,float32,False,False,True,-0.04864712773635094,-0.0487371299112542,False,0.006624104350284821,-0.016850469543283286
1.5,80,float64,True,True,True,0.11055703559882302,0.110557035598823,True,-0.4551666931889198,0.03413611817338058
1.5,81,float32,False,False,True,0.09617872233158531,0.0961787223315853,False,-0.43322783148465405,-0.12980918915394746
1.5,81,float64,False,False,True,-0.36442450024398804,-0.3673553449880648,False,0.057846494886712285,-0.14667050801686546
1.5,82,float32,False,False,True,-0.18373393690648648,-0.1839734917530336,False,0.0541437312010484,-0.15187267457366577
1.5,82,float64,False,False,True,0.11450604136571796,0.1145060413657179,False,-0.5044201619601747,-0.01959847183951524
1.5,83,float32,False,False,True,0.08149723230123707,0.081497232301237,False,-0.390060398486348,-0.038861309733441374
1.5,83,float64,True,True,True,0.10637807557115275,0.1063780755711527,True,-0.47767975764194404,0.03984419912224091
1.5,84,float32,True,True,True,0.17242109007891582,0.1724210900789158,True,-0.6451221444064288,0.24826383196613655
1.5,84,float64,False,False,True,0.02581318446978731,0.0258131844697873,False,-0.2408744909648437,-0.15054224683666284
1.5,85,float32,True,True,True,0.10843822190360308,0.108438221903603,True,-0.4800844439763061,0.059550046162760495
1.5,85,float64,True,True,True,0.11630846710765308,0.116308467107653,True,-0.514987900688503,0.09229696436432278
1.5,86,float32,False,False,True,-0.3937219740387967,-0.3937219740387967,False,0.06043839366066782,-0.1634118555168268
1.5,86,float64,True,True,True,0.15471843386891804,0.154718433868918,True,-0.5628258839245639,0.15194380276430586
1.5,87,float32,False,False,True,0.08558408925909466,0.0855840892590946,False,-0.37746600222533644,-0.013900860917866353
1.5,87,float64,True,True,True,0.10555573867859591,0.1055557386785959,True,-0.4446862049718181,0.051696372615744224
1.5,88,float32,True,True,True,0.12803967428942586,0.1280396742894258,True,-0.5928829195847687,0.042632787516154735
1.5,88,float64,True,True,True,0.13337969965132235,0.1333796996513223,True,-0.6126824196722911,0.06930382936739043
1.5,89,float32,True,True,True,0.1693498041157495,0.1693498041157495,True,-0.6949598034848421,0.22828560905282913
1.5,89,float64,True,True,True,0.14481390735634658,0.1448139073563465,True,-0.6250774883758368,0.12080032591208578
1.5,90,float32,True,True,True,0.1542738435164983,0.1542738435164987,True,-0.6164732834924465,0.25378881992574165
1.5,90,float64,False,False,True,0.10135740818494865,0.1013574081849486,False,-0.47695985455338175,-0.07387146902102515
1.5,91,float32,True,True,True,0.13320310074510422,0.1332031007451042,True,-0.5470003486816335,0.0798356390751298
1.5,91,float64,False,False,True,0.044650412271880935,0.0446504122718809,False,-0.32905759305561055,-0.18502729986914623
1.5,92,float32,False,False,True,-0.2870392743432566,-0.2899867649707064,False,0.05365421353075028,-0.13634319761955976
1.5,92,float64,True,True,True,0.10458101371223094,0.1045810137122309,True,-0.4531879430446075,0.013690225915462761
1.5,93,float32,False,False,True,0.11214549678255725,0.1121454967825572,False,-0.5559965502384614,-0.03918028447962385
1.5,93,float64,False,False,True,0.06308054632595272,0.0630805463259527,False,-0.41510095811781333,-0.18287247759797332
1.5,94,float32,False,False,True,0.05849438610295499,0.0584943861029549,False,-0.37184054851137915,-0.1416446417051489
1.5,94,float64,False,False,True,0.09966278658499705,0.099662786584997,False,-0.4957836567366538,-0.017992674837355338
1.5,95,float32,True,True,True,0.1570225067241271,0.1570225067241271,True,-0.6206677686489961,0.2222014236708567
1.5,95,float64,False,False,True,0.028993561638015475,0.0289935616380154,False,-0.28162172970267463,-0.19516732227885036
1.5,96,float32,True,True,True,0.169016955889568,0.169016955889568,True,-0.6592469432293484,0.23647541781537207
1.5,96,float64,False,False,True,-0.10492303951611492,-0.1050704939462681,False,0.03395783254458484,-0.0970343577407668
1.5,97,float32,False,False,True,0.07296412792922258,0.0729641279292225,False,-0.4086832502320821,-0.14990882313942677
1.5,97,float64,True,True,True,0.1615473176080373,0.1615473176080373,True,-0.7300126232775384,0.17878873418422714
1.5,98,float32,False,False,True,-0.2705637255926476,-0.2705637255926476,False,0.08589569990907042,-0.22160384493014396
1.5,98,float64,False,False,True,0.06866838345471127,0.0686683834547112,False,-0.4102776435828037,-0.1141167316079823
1.5,99,float32,False,False,True,-0.05169595052116005,-0.0517339901297377,False,0.003156408771314567,-0.007429183858537559
1.5,99,float64,True,True,True,0.17306650786677835,0.1730665078667783,True,-0.7091895905690961,0.2499194750272089
1.5,100,float32,True,True,True,0.17209006091021983,0.1720900609102198,True,-0.6151461237575742,0.1895306916810462
1.5,100,float64,False,False,True,-0.1856649902836499,-0.1858387714988307,False,0.062479195063465,-0.1498659749169917
1.5,101,float32,False,False,True,-0.2865175253637391,-0.2865175253637391,False,-0.059732423022929915,-0.5291508044328985
1.5,101,float64,False,False,True,0.11084080503486327,0.1108408050348632,False,-0.4608973626107744,-0.004757358639331244
1.5,102,float32,False,False,True,0.08965363533881332,0.0896536353388133,False,-0.41264358262054124,-0.07977856763832492
1.5,102,float64,True,True,True,0.16434239060751255,0.1643423906075125,True,-0.6819473250946935,0.24180461636394313
1.5,103,float32,False,False,True,-0.12140869539579258,-0.1215954828786318,False,0.007169565386824617,-0.019152743686867577
1.5,103,float64,True,True,True,0.1715552546285779,0.1715552546285779,True,-0.7073084727224348,0.4298482847082532
1.5,104,float32,False,False,True,0.093052938943893,0.093052938943893,False,-0.42859251116078134,-0.024533842811589324
1.5,104,float64,True,True,True,0.15155139849284094,0.1515513984928409,True,-0.5435662570764794,0.15565836597998128
1.5,105,float32,False,False,True,0.11963167612210945,0.1196316761221094,False,-0.5103217725767841,-0.0063931200589131265
1.5,105,float64,False,False,True,0.022254737568173866,0.0222547375681738,False,-0.3064399050255169,-0.24189978438643855
1.5,106,float32,True,True,True,0.17303042119017364,0.1730304211901736,True,-0.7577054806121986,0.15752981488275175
1.5,106,float64,True,True,True,0.17409977941357146,0.1740997794135714,True,-0.7634853193257172,0.16456616488959597
1.5,107,float32,False,False,True,0.03897399092817322,0.0389739909281732,False,-0.3354230216627432,-0.19672066440347358
1.5,107,float64,False,False,True,-0.3189780615533567,-0.3191587108838289,False,0.038907604710864144,-0.10570652581835574
1.5,108,float32,True,True,True,0.13446410247892437,0.1344641024789243,True,-0.5470961505659346,0.10279016833934662
1.5,108,float64,False,False,True,-0.06552292646876748,-0.0655446281089613,False,0.015659033408316425,-0.04065958636748647
1.5,109,float32,False,False,True,0.10293520311388038,0.1029352031138803,False,-0.5097166194050917,-0.031273525177127226
1.5,109,float64,True,True,True,0.13528644682196367,0.1352864468219636,True,-0.6377265495000692,0.11824692508247736
1.5,110,float32,True,True,True,0.17488663109631464,0.1748866310963146,True,-0.7138858089930356,0.1685527709524539
1.5,110,float64,True,True,True,0.13982573032153534,0.1398257303215353,True,-0.5737541038775387,0.0027959248129700853
1.5,111,float32,False,False,True,0.12496222651941702,0.124962226519417,False,-0.5149609530323822,-0.058144917423835096
1.5,111,float64,False,False,True,-0.05755013463467218,-0.0576286778496878,False,0.008925987902968058,-0.025575041862163972
1.5,112,float32,False,False,True,0.05636478508803089,0.0563647850880308,False,-0.31329824894570635,-0.11399821383108488
1.5,112,float64,True,True,True,0.10843440779870006,0.1084344077987,True,-0.4586796934543873,0.02343005814130983
1.5,113,float32,True,True,True,0.13351747693071836,0.1335174769307183,True,-0.6229072245757141,0.03464969425781206
1.5,113,float64,True,True,True,0.16413108862439074,0.1641310886243907,True,-0.6100578842928588,0.23842974622915136
1.5,114,float32,True,True,True,0.13841871020407437,0.1384187102040743,True,-0.6080373754630148,0.029112484722224607
1.5,114,float64,False,False,True,-0.006789735792775531,-0.0067924025152961,False,0.0009405942459198569,-0.0021952551897029826
1.5,115,float32,True,True,True,0.1370243380244518,0.1370243380244518,True,-0.6271820381001945,0.12185233169101295
1.5,115,float64,False,False,True,0.09391983955607008,0.09391983955607,False,-0.47176880250501796,-0.06818980961978482
1.5,116,float32,True,True,True,0.17188435218527864,0.1718843521852786,True,-0.6698540059755942,0.42322148894658795
1.5,116,float64,True,True,True,0.11986600115458312,0.1198660011545831,True,-0.49753342939889755,0.04668575748617343
1.5,117,float32,False,False,True,-0.06117779175045468,-0.0613106429759372,False,0.004690678716358365,-0.012345260120024903
1.5,117,float64,False,False,True,-0.02513551125468405,-0.0251860173476725,False,0.004870750341261054,-0.012804170812816373
1.5,118,float32,True,True,True,0.15621098783323717,0.1562109878332371,True,-0.7808777725371279,0.050238600856976845
1.5,118,float64,False,False,True,-0.34385442563911184,-0.3438544256391118,False,-0.20564102698869657,-0.7805291711736917
1.5,119,float32,True,True,True,0.14786809335919537,0.1478680933591953,True,-0.642924045668078,0.044950067752797196
1.5,119,float64,False,False,True,-0.34260417481828487,-0.3426041748182848,False,-0.10201150875214493,-0.5957388468728202
1.5,120,float32,False,False,True,-0.23159928018526177,-0.2315994344814085,False,0.04388305095674446,-0.10221227631208793
1.5,120,float64,False,False,True,-0.16004821397788438,-0.1602426988375841,False,0.04269654923910274,-0.09861975593364392
1.5,121,float32,False,False,True,-0.03386590480284524,-0.0338659048028452,False,0.006931847001001329,-0.01756144968984935
1.5,121,float64,False,False,True,0.07977472956905984,0.0797747295690598,False,-0.36948312483523793,-0.09645078828522102
1.5,122,float32,False,False,True,-0.1623603825304949,-0.1623603825304949,False,-0.14063293405588784,-0.4873208912136642
1.5,122,float64,False,False,True,-0.3375804938694019,-0.3377713024567818,False,0.05314722146834703,-0.16015581877847881
1.5,123,float32,True,True,True,0.11833297750381044,0.1183329775038104,True,-0.5248002627282062,0.10077565324804816
1.5,123,float64,False,False,True,-0.6701435299448193,-0.6701435299448193,False,0.07571710009990813,-0.2168343026995483
1.5,124,float32,True,True,True,0.1470047601779063,0.1470047601779063,True,-0.5991661885514876,0.16926684197800945
1.5,124,float64,False,False,True,0.0988004666669422,0.0988004666669422,False,-0.4237594577612587,-0.025262862578490086
1.5,125,float32,False,False,True,-0.06267907272173301,-0.0627915608285379,False,0.005205299701708271,-0.0133086829562033
1.5,125,float64,True,True,True,0.12864572697809074,0.1286457269780907,True,-0.544111739754392,0.05104512453366361
1.5,126,float32,False,False,True,0.10529173322414653,0.1052917332241465,False,-0.4693504074662016,-0.04915407650342374
1.5,126,float64,False,False,True,0.036014854018734166,0.0360148540187341,False,-0.33932122550319654,-0.22796125980765858
1.5,127,float32,True,True,True,0.1305938527802759,0.1305938527802759,True,-0.5343139549913545,0.13244656456891057
1.5,127,float64,False,False,True,-0.07146626863428218,-0.0715856591806215,False,0.005291325712316164,-0.013746382067871571
1.5,128,float32,False,False,True,-0.27913400077199374,-0.2795829494907746,False,0.053833481348669235,-0.14973851366121968
1.5,128,float64,False,False,True,0.055800036661670216,0.0558000366616702,False,-0.3232812723423226,-0.15145347978161539
1.5,129,float32,True,True,True,0.16319010996952743,0.1631901099695274,True,-0.7114421930974562,0.09938002985378525
1.5,129,float64,True,True,True,0.16299221129612596,0.1629922112961259,True,-0.7227790677807597,0.09010532652554915
1.5,130,float32,True,True,True,0.10714856208924894,0.1071485620892489,True,-0.4418503522208539,0.12450238439418015
1.5,130,float64,False,False,True,-0.38472828030494455,-0.3847282803049445,False,0.08462162389293226,-0.5116867168392139
1.5,131,float32,True,True,True,0.12769855066461533,0.1276985506646153,True,-0.502282393352445,0.0753931725987318
1.5,131,float64,False,False,True,0.04791065215239687,0.0479106521523968,False,-0.307223840507417,-0.1524573998225005
1.5,132,float32,False,False,True,0.12312841843324751,0.1231284184332475,False,-0.5139596670878461,-0.020889049376899393
1.5,132,float64,True,True,True,0.16918655461940268,0.1691865546194026,True,-0.6817807038286716,0.18554829880212687
1.5,133,float32,False,False,True,-0.07785775635809333,-0.0778577563580933,False,0.007060412351592604,-0.01899793042019421
1.5,133,float64,True,True,True,0.15558165959182668,0.1555816595918266,True,-0.6350556099381208,0.07667651637960482
1.5,134,float32,True,True,True,0.15117302573955582,0.1511730257395558,True,-0.6702785751732918,0.08491666840018652
1.5,134,float64,False,False,True,0.07196473503738732,0.0719647350373873,False,-0.41820185121955866,-0.1755973252822507
1.5,135,float32,False,False,True,-0.7923965977342915,-0.7923965977342915,False,0.03326453893460446,-0.7416431176202662
1.5,135,float64,False,False,True,-0.19844355702212302,-0.1997919233359228,False,0.029718655409363803,-0.08015735161226412
1.5,136,float32,False,False,True,-0.06106453693095193,-0.0610902255038827,False,0.007991699002479521,-0.02124961830573279
1.5,136,float64,False,False,True,-0.0677710946468324,-0.0679792874435478,False,0.005124997104276163,-0.013633214245908742
1.5,137,float32,False,False,True,0.11121249778456477,0.1112124977845647,False,-0.49754162390186885,-0.0014674326352857037
1.5,137,float64,True,True,True,0.12067523869765262,0.1206752386976526,True,-0.5067164960261987,0.05405598189500971
1.5,138,float32,True,True,True,0.09690395082572234,0.0969039508257223,True,-0.3783950005136809,0.028543584178706283
1.5,138,float64,False,False,True,0.12681029876210026,0.1268102987621002,False,-0.5229761336438337,-0.022730981063961764
1.5,139,float32,False,False,True,-0.07079025550521889,-0.0707902555052188,False,-0.22832071577015167,-0.38594983818161843
1.5,139,float64,True,True,True,0.1480047866020393,0.1480047866020393,True,-0.665448635313366,0.053692909724597726
1.5,140,float32,False,False,True,-0.003436799817488012,-0.003436799817488,False,-0.3093467842544291,-0.31865231874103106
1.5,140,float64,False,False,True,-0.06567243545404589,-0.0656724354540458,False,-0.2433297024954495,-0.39462850217983814
1.5,141,float32,True,True,True,0.13579150159868458,0.1357915015986845,True,-0.5102825328378575,0.12120876320338603
1.5,141,float64,True,True,True,0.17120749285818393,0.1712074928581839,True,-0.8547392627030383,0.25873872912688256
1.5,142,float32,True,True,True,0.13350730149050172,0.1335073014905017,True,-0.5422162547696221,0.018191368882851222
1.5,142,float64,False,False,True,0.11897173369147529,0.1189717336914752,False,-0.5057364730787093,-0.03902017555653359
1.5,143,float32,False,False,True,-0.21921349272941448,-0.2213415250702276,False,0.029976726613875848,-0.07851158671245728
1.5,143,float64,False,False,True,0.08367174501706431,0.0836717450170643,False,-0.3443659811730502,-0.029604461101559565
1.5,144,float32,False,False,True,0.08499393670001076,0.0849939367000107,False,-0.42282050836381124,-0.09293222701580284
1.5,144,float64,True,True,True,0.14887318458598564,0.1488731845859856,True,-0.5504433415017864,0.15085079067342022
1.5,145,float32,False,False,True,0.1381431543936258,0.1381431543936258,False,-0.6542315613252061,-0.002740529523705959
1.5,145,float64,True,True,True,0.15448153081997962,0.1544815308199796,True,-0.7283990998231751,0.0749823070561888
1.5,146,float32,True,True,True,0.13582151435289136,0.1358215143528913,True,-0.6230561542947477,0.019579021834648103
1.5,146,float64,True,True,True,0.15276778402140678,0.1527677840214067,True,-0.67609844903971,0.11175066228104313
1.5,147,float32,True,True,True,0.15122621787802393,0.1512262178780239,True,-0.6776444272234059,0.13903903436020215
1.5,147,float64,False,False,True,0.11659294090850292,0.1165929409085029,False,-0.5365971969097458,-0.016835553101195444
1.5,148,float32,False,False,True,0.015231842368473636,0.0152318423684736,False,-0.3143519460735984,-0.2746037608320986
1.5,148,float64,False,False,True,-0.1346526444908726,-0.1346526444908726,False,0.016566463143921073,-0.04404581739507485
1.5,149,float32,False,False,True,-0.2364726027275718,-0.2365267503239693,False,0.01866821543308811,-0.0550979552226614
1.5,149,float64,True,True,True,0.11170791931953516,0.1117079193195351,True,-0.3986315294451277,0.1349843658972283
1.5,150,float32,True,True,True,0.174159709379464,0.174159709379464,True,-0.7118354482697029,0.3354929357353953
1.5,150,float64,True,True,True,0.13300388489569492,0.1330038848956949,True,-0.5217120478044244,0.1849328123377436
1.5,151,float32,True,True,True,0.1501053831994339,0.1501053831994339,True,-0.5905965920169045,0.2794434840917823
1.5,151,float64,False,False,True,-0.1838316383339884,-0.1842033450594667,False,0.04654052806173409,-0.1379490135504489
1.5,152,float32,True,True,True,0.17376862577168817,0.1737686257716881,True,-0.7106750544693341,0.1962080505921424
1.5,152,float64,True,True,True,0.09892858854918662,0.0989285885491866,True,-0.4141432243301111,0.010408871399032904
1.5,153,float32,False,False,True,0.11203114390006519,0.1120311439000651,False,-0.5145470351561343,-0.019878362164424956
1.5,153,float64,False,False,True,0.07919263401184784,0.0791926340118478,False,-0.4222799992654451,-0.122893835277468
1.5,154,float32,False,False,True,0.09638614060878536,0.0963861406087853,False,-0.4568194378817303,-0.08929814504331546
1.5,154,float64,False,False,True,-0.20172465875320578,-0.2017246587532057,False,0.023619465169911036,-0.06297041422006028
1.5,155,float32,False,False,True,0.03692647595124665,0.0369264759512466,False,-0.3100324521382287,-0.16394513839030012
1.5,155,float64,False,False,True,-0.03229007415265572,-0.0322900741526557,False,-0.22361277633548937,-0.32720306661133414
1.5,156,float32,False,False,True,-2.9010652183501997,-2.9010652183501997,False,0.40617880550500557,-0.8672460263736623
1.5,156,float64,True,True,True,0.12643998142757962,0.12643998142758,True,-0.5110846380633056,0.05143647236205062
1.5,157,float32,False,False,True,-0.0898215420402082,-0.0905385493610322,False,0.0055467366944673135,-0.013395804000444156
1.5,157,float64,True,True,True,0.11306110065143304,0.1130611006514334,True,-0.5165649687199245,0.05883346352967678
1.5,158,float32,False,False,True,-0.012752142643053244,-0.0127617723188777,False,0.0008129399109015889,-0.0019359263916170488
1.5,158,float64,False,False,True,0.07944333276768001,0.0794433327676804,False,-0.3714355627459227,-0.049839339248329395
1.5,159,float32,True,True,True,0.15642571458128396,0.1564257145812839,True,-0.6331784587378824,0.1882703165880013
1.5,159,float64,True,True,True,0.1590064586701958,0.1590064586701958,True,-0.6944669852155485,0.1476795608744581
1.5,160,float32,False,False,True,-0.2857692381057044,-0.2885303596067859,False,0.00772222322808927,-0.01885183402797653
1.5,160,float64,True,True,True,0.15615560799591677,0.1561556079959167,True,-0.6223848207495095,0.2484237635628368
1.5,161,float32,False,False,True,-0.36013338430493413,-0.3635354122795591,False,0.03641933181937554,-0.08926833640712582
1.5,161,float64,False,False,True,0.012860241769998115,0.0128602417699981,False,-0.19265735932181016,-0.15003404888425642
1.5,162,float32,True,True,True,0.11085390688486729,0.1108539068848672,True,-0.47982397743987804,0.005690827815595156
1.5,162,float64,False,False,True,-0.019640086161666126,-0.0196400861616663,False,0.0028654247940158584,-0.007016345395489787
1.5,163,float32,True,True,True,0.12958544321765242,0.1295854432176524,True,-0.5366515123921225,0.018803449060772692
1.5,163,float64,False,False,True,0.038357667516575766,0.0383576675165757,False,-0.203902017571572,-0.07911576574537804
1.5,164,float32,True,True,True,0.13925748358693069,0.1392574835869306,True,-0.5406523660067233,0.1165253937435704
1.5,164,float64,False,False,True,0.07624331414239904,0.076243314142399,False,-0.3478703340287552,-0.08081848085481447
1.5,165,float32,False,False,True,0.11069107505275166,0.1106910750527516,False,-0.5288692170393983,-0.08921375410895394
1.5,165,float64,False,False,True,-0.250284372120582,-0.2507206548233793,False,0.07127834302981204,-0.2089977267649183
1.5,166,float32,False,False,True,-0.09408021890838514,-0.0940802189083851,False,-0.27545085063956076,-0.481616699461914
1.5,166,float64,True,True,True,0.14956330641581994,0.1495633064158199,True,-0.6092922099922369,0.22815579376453599
1.5,167,float32,False,False,True,0.009144385795649246,0.0091443857956492,False,-0.2737173458301285,-0.24322662688287977
1.5,167,float64,False,False,True,0.09088824958238373,0.0908882495823837,False,-0.4494245406656212,-0.03290056403696262
1.5,168,float32,True,True,True,0.1496078607712743,0.1496078607712743,True,-0.6059059623462311,0.1102489166651992
1.5,168,float64,False,False,True,-0.06595184701645995,-0.0662056124818115,False,0.005660082400589461,-0.01390557891164007
1.5,169,float32,True,True,True,0.17323949899107127,0.1732394989910712,True,-0.6877357564002047,0.30064307116920475
1.5,169,float64,False,False,True,-0.26880727957673134,-0.2688316709666191,False,0.04085335356349742,-0.11817862078106495
1.5,170,float32,False,False,True,-0.011132615376186372,-0.0111326153761863,False,-0.19845999820552862,-0.22987794310514253
1.5,170,float64,False,False,True,-0.31615786084658765,-0.3169325113758309,False,0.05601409309047174,-0.1496066512901584
1.5,171,float32,False,False,True,-0.5713151460706629,-0.5713151460706629,False,-0.0926751904962071,-0.791940874766679
1.5,171,float64,False,False,True,0.13791627106510207,0.137916271065102,False,-0.580350039634947,-0.009687296327635764
1.5,172,float32,True,True,True,0.16123922121055267,0.1612392212105526,True,-0.7430865913437756,0.26848233245318553
1.5,172,float64,True,True,True,0.1471633582839278,0.1471633582839278,True,-0.5545759104469923,0.09828181338319553
1.5,173,float32,True,True,True,0.14380696026644557,0.1438069602664455,True,-0.6208310279956262,0.11181623790588979
1.5,173,float64,True,True,True,0.15864081214010772,0.1586408121401077,True,-0.694965677471771,0.1931114734907986
1.5,174,float32,False,False,True,0.020859267006155147,0.0208592670061551,False,-0.28897225556460704,-0.21913219101640813
1.5,174,float64,False,False,True,0.09563890237478523,0.0956389023747852,False,-0.455231684637571,-0.0252457198682432
1.5,175,float32,False,False,True,-0.02523721132745127,-0.0252372113274512,False,-0.21061996101534142,-0.27857384501064253
1.5,175,float64,True,True,True,0.1734560899092279,0.1734560899092279,True,-0.6962380026762087,0.2226116894818606
1.5,176,float32,False,False,True,-0.0044864064964220685,-0.0044883450427932,False,0.000517166961845783,-0.0013177517188386334
1.5,176,float64,False,False,True,-0.004435859967661937,-0.0044389897985661,False,0.0003459845069738732,-0.0002817361360555326
1.5,177,float32,False,False,True,-0.2858743660944073,-0.2858743660944073,False,0.03716135628210241,-0.10746978565738168
1.5,177,float64,True,True,True,0.15218543816309404,0.152185438163094,True,-0.6272261879277661,0.14207671952230427
1.5,178,float32,False,False,True,0.08848828673098863,0.0884882867309886,False,-0.4064359955057544,-0.008093851486892234
1.5,178,float64,True,True,True,0.12868735645986673,0.1286873564598667,True,-0.5626749137741669,0.15412155562765406
1.5,179,float32,False,False,True,-0.06751402473509804,-0.0679970650092625,False,0.005291133519220614,-0.013398456320144803
1.5,179,float64,False,False,True,-0.062476295684840366,-0.0628530604678891,False,0.006465337622760692,-0.01666054049631316
1.5,180,float32,True,True,True,0.16430448977274326,0.1643044897727432,True,-0.6217827571396377,0.2996794094021453
1.5,180,float64,False,False,True,0.03482412398347545,0.0348241239834754,False,-0.313804049789999,-0.2050968572213101
1.5,181,float32,True,True,True,0.117337731586729,0.117337731586729,True,-0.46906981780290913,0.03420822254323497
1.5,181,float64,False,False,True,-0.0873231143063613,-0.0875380808833485,False,0.013496404220366687,-0.03679390600379584
1.5,182,float32,False,False,True,-0.013284104455537182,-0.0132841044555371,False,-0.30791206844073926,-0.34297163174155454
1.5,182,float64,False,False,True,0.06871569183071813,0.0687156918307181,False,-0.4310476880662435,-0.19674124974558538
1.5,183,float32,True,True,True,0.1258350222810738,0.1258350222810738,False,-0.5979585384329429,0.0017055087584552098
1.5,183,float64,True,True,True,0.13999343544414167,0.1399934354441416,True,-0.6601737175894176,0.06423581234681919
1.5,184,float32,True,True,True,0.15075531204955261,0.1507553120495526,True,-0.6294211892965578,0.19236948363983686
1.5,184,float64,False,False,True,0.10455983592234164,0.1045598359223416,False,-0.4408662673592332,-0.0013505183464275206
1.5,185,float32,False,False,True,-0.016894589994953246,-0.0168996084098584,False,0.0018076664691986655,-0.004455780431599082
1.5,185,float64,False,False,True,0.11149817234582615,0.1114981723458261,False,-0.4802091510872444,-0.03916615900230802
1.5,186,float32,False,False,True,0.07212510605592604,0.072125106055926,False,-0.3374418769722265,-0.09865075823319636
1.5,186,float64,False,False,True,-0.08781385625438531,-0.0879937718403121,False,0.026056468758930418,-0.07116018819405057
1.5,187,float32,False,False,True,-0.055474024386821696,-0.0554740243868216,False,-0.18455469808473968,-0.3287210127836655
1.5,187,float64,True,True,True,0.12103359774713773,0.1210335977471377,True,-0.5111008152883372,0.07367262696977939
1.5,188,float32,True,True,True,0.11128620217814378,0.1112862021781437,True,-0.4369075346004685,0.10215559657371642
1.5,188,float64,False,False,True,-0.012534631471185609,-0.0125346314711856,False,-0.18839232531607486,-0.22622219709165314
1.5,189,float32,False,False,True,0.10726833888628029,0.1072683388862802,False,-0.4893706676622305,-0.06072106039739644
1.5,189,float64,False,False,True,-0.20924611511748015,-0.2099826168819439,False,0.023757811004684715,-0.06790147164658493
1.5,190,float32,True,True,True,0.17323425413571414,0.1732342541357141,True,-0.6870501010233419,0.19331246260490964
1.5,190,float64,True,True,True,0.11193122574612291,0.1119312257461229,True,-0.47599341888134106,0.04403166904545586
1.5,191,float32,True,True,True,0.12604697261455788,0.1260469726145578,True,-0.5676142978115379,0.10450191066176906
1.5,191,float64,False,False,True,-0.9081238036029811,-0.9081238036029812,False,0.06370147176407645,-0.15345223581160986
1.5,192,float32,False,False,True,0.10021623373261868,0.1002162337326186,False,-0.43606050863627743,-0.025522564771707223
1.5,192,float64,True,True,True,0.1724332904007957,0.1724332904007957,True,-0.6715072295222768,0.431916839405563
1.5,193,float32,True,True,True,0.11915308456193374,0.1191530845619337,True,-0.5124330524679301,0.010188360526285578
1.5,193,float64,True,True,True,0.1426550233510584,0.1426550233510584,True,-0.6213927729854181,0.09570666519059934
1.5,194,float32,True,True,True,0.1399332042230692,0.1399332042230692,True,-0.6118344770320796,0.12707512537777355
1.5,194,float64,True,True,True,0.16510503700558266,0.1651050370055826,True,-0.6049638682432654,0.23140918840397973
1.5,195,float32,False,False,True,0.0852187297184015,0.0852187297184015,False,-0.4171343778498233,-0.04374837087692285
1.5,195,float64,True,True,True,0.17269653149319453,0.1726965314931945,True,-0.6581846434053098,0.16016636745430368
1.5,196,float32,False,False,True,-0.052274741375173184,-0.0523008426221887,False,0.008920301014433751,-0.0243337252449322
1.5,196,float64,False,False,True,0.12045939757738822,0.1204593975773882,False,-0.518741473381958,-0.08300159121189132
1.5,197,float32,False,False,True,-0.059040914654288734,-0.0590409146542887,False,-0.17709860344225348,-0.3232178796613514
1.5,197,float64,True,True,True,0.11121596364233843,0.1112159636423384,True,-0.49467381842534586,0.0087628597834577
1.5,198,float32,True,True,True,0.1434154448397349,0.1434154448397349,True,-0.5663022877630581,0.0846767654976226
1.5,198,float64,True,True,True,0.15541569215345108,0.155415692153451,True,-0.6082055841255904,0.1454885287428862
1.5,199,float32,False,False,True,0.11037720324981981,0.1103772032498198,False,-0.5285208250665079,-0.07301975501520452
1.5,199,float64,False,False,True,-0.8840614676489871,-0.8840614676489871,False,0.05802820257347299,-0.16095814419054966
2.0,0,float32,False,False,True,-0.5003493601944593,-0.5003493601944593,False,0.04286465451003413,-0.13383718658556656
2.0,0,float64,True,True,True,0.42689923469449775,0.4268992346944977,True,-1.1186009088570135,0.7419948605422668
2.0,1,float32,True,True,True,0.42772431882271356,0.4277243188227135,True,-0.9142257576211748,0.8981900436010406
2.0,1,float64,True,True,True,0.4254482725946498,0.4254482725946498,True,-0.9305263158946069,1.0651937390341946
2.0,2,float32,True,True,True,0.42393791136729897,0.4239379113672989,True,-1.1027539455023199,0.9425804313697022
2.0,2,float64,True,True,True,0.42653507000570157,0.4265350700057015,True,-1.0613159501671987,0.8163626793683836
2.0,3,float32,True,True,True,0.43252229408281373,0.4325222940828137,True,-1.0134940628641118,0.7206127212937261
2.0,3,float64,True,True,True,0.43539053906423586,0.4353905390642358,True,-1.000068283317745,0.5831794585676668
2.0,4,float32,False,False,True,-0.008751809262290022,-0.008752949504988,False,0.0014701020265787679,-0.0042067577498385855
2.0,4,float64,False,False,True,-0.009641059220926174,-0.0096410592209261,False,0.002017273528696517,-0.005772507915066671
2.0,5,float32,True,True,True,0.4288366795540077,0.4288366795540077,True,-1.0117541490583601,0.8301754908618086
2.0,5,float64,True,True,True,0.42421154373909253,0.4242115437390925,True,-1.018243393557464,1.0336122804531538
2.0,6,float32,False,False,True,-0.084931895455373,-0.084931895455373,False,0.01724351206471922,-0.04755494372610865
2.0,6,float64,False,False,True,-0.10177091622887868,-0.1022401215785797,False,0.012052091718190217,-0.033185515199030347
2.0,7,float32,True,True,True,0.4246105650776304,0.4246105650776304,True,-1.1210115950586594,0.8952534403714587
2.0,7,float64,True,True,True,0.42871227980472826,0.4287122798047282,True,-1.0030337637033053,0.6439819977205001
2.0,8,float32,False,False,True,-0.01223075208979263,-0.0122368341722753,False,0.0020460627878885473,-0.005394610465724092
2.0,8,float64,False,False,True,-0.0203182941835387,-0.0203268611379173,False,0.002127326804333668,-0.00561536979964361
2.0,9,float32,True,True,True,0.4236573143477993,0.4236573143477993,True,-0.9023072081505976,0.9285021454868669
2.0,9,float64,True,True,True,0.42726840489818585,0.4272684048981858,True,-0.8327684220682077,0.6814282027595766
2.0,10,float32,True,True,True,0.42668125981119776,0.4266812598111977,True,-1.0762686346186499,0.9534895068833524
2.0,10,float64,True,True,True,0.42599992074747695,0.4259999207474769,True,-1.0934872242624394,1.014161400829341
2.0,11,float32,False,False,True,-0.21982562719521412,-0.2199629370592686,False,0.030792762221826225,-0.07648583359922576
2.0,11,float64,True,True,True,0.4338024397587499,0.4338024397587499,True,-1.0069021500562858,0.7586085675102385
2.0,12,float32,True,True,True,0.4249778096694139,0.4249778096694139,True,-1.174047767958447,0.8212350774591801
2.0,12,float64,False,False,True,-0.26585121747448004,-0.266490566109732,False,0.03353574194563266,-0.09458261000725063
2.0,13,float32,False,False,True,-0.6409098950739012,-0.6409098950739012,False,0.07074048752123287,-0.19017226390718267
2.0,13,float64,True,True,True,0.4304104394206547,0.4304104394206547,True,-1.070423375940699,0.8146318559851675
2.0,14,float32,True,True,True,0.4279509129915895,0.4279509129915895,True,-0.9946748732591697,0.5453140431820227
2.0,14,float64,True,True,True,0.431585652623494,0.431585652623494,True,-0.9863418627527842,0.39777774019775514
2.0,15,float32,True,True,True,0.436291304700656,0.436291304700656,True,-0.8937780014859982,0.37820679660470446
2.0,15,float64,True,True,True,0.42442360404276336,0.4244236040427633,True,-1.0117492077896628,0.9239986144677292
2.0,16,float32,False,False,True,-0.06910284655504173,-0.0691028465550417,False,0.007160356482250055,-0.017387900550025218
2.0,16,float64,False,False,True,-0.06893719971787751,-0.0689371997178775,False,0.007257891522686468,-0.01764959937745444
2.0,17,float32,False,False,True,-0.013615453720098092,-0.0136199431010809,False,0.0029368691489078946,-0.007617876094318521
2.0,17,float64,False,False,True,-0.02504816366968321,-0.0250622585746119,False,0.0026777678881957367,-0.006946550922488526
2.0,18,float32,True,True,True,0.4269664323963762,0.4269664323963762,True,-1.1804627391920182,0.6830161906635777
2.0,18,float64,True,True,True,0.42173016681394904,0.421730166813949,True,-1.0557982814201825,0.9766136143936937
2.0,19,float32,True,True,True,0.42626849034394665,0.4262684903439466,True,-1.054538823558623,0.8763105696801681
2.0,19,float64,True,True,True,0.4255110185977693,0.4255110185977693,True,-1.1210102549055616,0.9604513368785739
2.0,20,float32,True,True,True,0.4338837495609398,0.4338837495609398,True,-0.9973236403101602,0.6051367330473401
2.0,20,float64,True,True,True,0.4323137102656385,0.4323137102656385,True,-1.0341976102043304,0.6761724243374783
2.0,21,float32,False,False,True,-0.16851901976796213,-0.1689740952931897,False,0.04127491139801781,-0.11067613668828324
2.0,21,float64,True,True,True,0.4299848098245671,0.4299848098245671,True,-1.1193710989165933,0.6235600057716741
2.0,22,float32,True,True,True,0.4354764493527963,0.4354764493527963,True,-0.8885004277621693,0.552832528614708
2.0,22,float64,True,True,True,0.427413188252578,0.427413188252578,True,-1.0349493201263424,1.1123639590402412
2.0,23,float32,True,True,True,0.4277764687213632,0.4277764687213632,True,-1.1497834806137615,0.610394814374116
2.0,23,float64,True,True,True,0.4266141484211916,0.4266141484211916,True,-1.1740155490084927,0.6752215860973543
2.0,24,float32,True,True,True,0.41504551647669397,0.4150455164766939,True,-0.8660581951747126,0.39211631052044105
2.0,24,float64,True,True,True,0.4301881033723305,0.4301881033723305,True,-1.0252081861348596,0.849168650931361
2.0,25,float32,False,False,True,0.19543089270818248,0.1954308927081824,False,-0.5259007047535063,-0.14998944059269537
2.0,25,float64,True,True,True,0.4258979107473242,0.4258979107473242,True,-1.2175763270707236,0.8302066866097721
2.0,26,float32,False,False,True,-0.1685252042956814,-0.1685252042956814,False,0.019970732569528138,-0.0491036168243732
2.0,26,float64,True,True,True,0.4337882007338636,0.4337882007338636,True,-1.1203858116880845,0.533355981073294
2.0,27,float32,True,True,True,0.4286662610066685,0.4286662610066685,True,-1.151020304136134,0.43154875598358977
2.0,27,float64,True,True,True,0.42563623091343983,0.4256362309134398,True,-1.1426708221499808,0.5751145550661612
2.0,28,float32,True,True,True,0.42746804262764426,0.4274680426276442,True,-1.1960128383455384,0.5076259259972478
2.0,28,float64,True,True,True,0.4238693701095073,0.4238693701095073,True,-1.1466394173330627,0.5013875165286308
2.0,29,float32,False,False,True,-0.20976048941758263,-0.2107586836702106,False,0.018875400264988934,-0.05083645514553056
2.0,29,float64,True,True,True,0.4313767547980216,0.4313767547980216,True,-0.9549703439485278,0.5882423752275763
2.0,30,float32,True,True,True,0.42995290771264383,0.4299529077126438,True,-1.1392458206142635,0.7208004609737166
2.0,30,float64,False,False,True,-0.048321197184599374,-0.0484386896415856,False,0.006319247448714815,-0.01593448181069379
2.0,31,float32,True,True,True,0.4263559942543367,0.4263559942543367,True,-1.1948895746633585,0.8710263210360392
2.0,31,float64,True,True,True,0.43268630664649654,0.4326863066464965,True,-1.0717174890567431,0.502859391079296
2.0,32,float32,True,True,True,0.4300802759436029,0.4300802759436029,True,-1.1189075695501707,0.6680163894572679
2.0,32,float64,True,True,True,0.4269113371105373,0.4269113371105373,True,-0.843961901397444,0.6721780192283262
2.0,33,float32,True,True,True,0.429270971623422,0.429270971623422,True,-1.0050848392636915,0.7700772265239149
2.0,33,float64,True,True,True,0.43205548514959036,0.4320554851495903,True,-0.9668959923793352,0.6264988365124395
2.0,34,float32,True,True,True,0.42489508906888585,0.4248950890688854,True,-0.9483078904304634,0.7595199387944547
2.0,34,float64,True,True,True,0.4224514360587195,0.4224514360587195,True,-0.9661942595328288,0.9318938706049256
2.0,35,float32,True,True,True,0.4347060263558511,0.4347060263558511,True,-0.9681300073842127,0.4987493232515856
2.0,35,float64,True,True,True,0.4236413094603675,0.4236413094603675,True,-0.8804572124323649,0.3639006907914455
2.0,36,float32,True,True,True,0.4325943737503355,0.4325943737503355,True,-1.1556881001395531,0.8145401229072231
2.0,36,float64,True,True,True,0.4174639506836737,0.4174639506836737,True,-0.8995164167387113,0.51666335081722
2.0,37,float32,True,True,True,0.42723155355963005,0.42723155355963,True,-0.8376544312464294,0.7271514781402431
2.0,37,float64,True,True,True,0.4241337988853542,0.4241337988853542,True,-0.9002957073581204,0.9276031654289305
2.0,38,float32,True,True,True,0.42571091521094573,0.4257109152109457,True,-1.242762158561872,0.9000335164959914
2.0,38,float64,True,True,True,0.4265628353540061,0.4265628353540061,True,-1.1793976708004035,0.8227298929602274
2.0,39,float32,True,True,True,0.42409572735361856,0.4240957273536185,True,-1.1475909489765357,0.9139289030178848
2.0,39,float64,True,True,True,0.41095413762641586,0.4109541376264158,True,-0.880720858091621,0.26025969272459104
2.0,40,float32,True,True,True,0.4334009854953682,0.4334009854953682,True,-1.048560849048707,0.8354159282227318
2.0,40,float64,True,True,True,0.42591403926278515,0.4259140392627851,True,-0.8570991639231273,0.885674353000363
2.0,41,float32,True,True,True,0.3956333293317238,0.3956333293317238,True,-0.9394591061648416,0.4868908331472763
2.0,41,float64,False,False,True,0.2146774955406583,0.2146774955406583,False,-0.4570128586696205,-0.010875623557215164
2.0,42,float32,True,True,True,0.4273957690089252,0.4273957690089252,True,-1.076485966724297,0.9217629709644033
2.0,42,float64,False,False,True,-0.36988751435491807,-0.3727740419006599,False,0.03739299910978147,-0.10249974262929482
2.0,43,float32,True,True,True,0.4179055672805707,0.4179055672805707,True,-0.9694080981550837,0.3961273052579166
2.0,43,float64,True,True,True,0.4343863179436469,0.4343863179436469,True,-1.1215111756028122,0.6121723976271092
2.0,44,float32,True,True,True,0.42965591648861956,0.4296559164886195,True,-1.183395928652999,1.0232214534595503
2.0,44,float64,False,False,True,-0.40492796487459093,-0.4049279648745909,False,0.059611420806111204,-0.16131617289658268
2.0,45,float32,True,True,True,0.4355934648661539,0.4355934648661539,True,-0.9369722547632637,0.562080156029074
2.0,45,float64,True,True,True,0.42922704236369347,0.4292270423636934,True,-1.0571646287615355,0.9267799484461623
2.0,46,float32,False,False,True,-0.28706532148384956,-0.2875431407190005,False,0.04146165680170241,-0.10435115735293243
2.0,46,float64,False,False,True,-0.23486770282010672,-0.236034198382889,False,0.038229645948528845,-0.09453812459784627
2.0,47,float32,True,True,True,0.4326859159267591,0.4326859159267591,True,-1.1126645958363834,0.6525544353250385
2.0,47,float64,True,True,True,0.4306449062007025,0.4306449062007025,True,-1.2024485399160394,0.7851391031038659
2.0,48,float32,False,False,True,-0.08073363349892815,-0.0810281335863065,False,0.011519859863032167,-0.029447122140335735
2.0,48,float64,True,True,True,0.4281163373548771,0.4281163373548771,True,-1.0209921254519543,0.6893023282943265
2.0,49,float32,True,True,True,0.43191326947651687,0.4319132694765168,True,-0.9271527344933084,0.578303971962363
2.0,49,float64,True,True,True,0.4374821649803029,0.4374821649803029,True,-0.8921718386583333,0.35850410327206994
2.0,50,float32,False,False,True,-0.3714337165855106,-0.3714337165855106,False,0.08934862269751759,-0.24513720228667935
2.0,50,float64,True,True,True,0.43308156964982203,0.433081569649822,True,-1.0155911575327323,0.5927757229658663
2.0,51,float32,True,True,True,0.42629867523546583,0.4262986752354658,True,-1.0309385720055833,0.8455802023288044
2.0,51,float64,True,True,True,0.4266609441382432,0.4266609441382432,True,-1.1157174373936023,0.9128606639665175
2.0,52,float32,True,True,True,0.4354808311295595,0.4354808311295595,True,-0.9802696104378068,0.4606824765199029
2.0,52,float64,True,True,True,0.42683794778675166,0.4268379477867516,True,-1.2057031628831716,0.9723673651615616
2.0,53,float32,True,True,True,0.43174927720696443,0.4317492772069644,True,-1.1774451028574653,0.6459756104450367
2.0,53,float64,True,True,True,0.43343118285630666,0.4334311828563066,True,-1.1521504955473532,0.56280176186959
2.0,54,float32,False,False,True,-0.4172996161879574,-0.4172996161879574,False,0.07056982814095775,-0.1821182898579787
2.0,54,float64,True,True,True,0.4318988752321258,0.4318988752321258,True,-1.1028253270494943,0.6263867045884144
2.0,55,float32,False,False,True,-0.17473168154144325,-0.1764105481061451,False,0.004407343355935706,-0.01115792297843815
2.0,55,float64,False,False,True,-0.11476948358596839,-0.1151571819872127,False,0.011088476524056423,-0.029204408195368903
2.0,56,float32,True,True,True,0.43487527163654205,0.434875271636542,True,-0.9531330350914633,0.7981494762431929
2.0,56,float64,False,False,True,-0.18414277516478295,-0.1846088473770974,False,0.03325588446624489,-0.09558210069497186
2.0,57,float32,False,False,True,-0.10125017970546413,-0.1012501797054641,False,0.020422177139407152,-0.053555875170759104
2.0,57,float64,True,True,True,0.42890055428021245,0.4289005542802124,True,-0.9055630978809575,0.7159952407385504
2.0,58,float32,False,False,True,-2.217929806419823,-2.217929806419823,False,-0.004047265125956434,-1.3943543367813298
2.0,58,float64,True,True,True,0.42598084265454883,0.4259808426545488,True,-0.9783583502203861,0.8916149541109473
2.0,59,float32,False,False,True,-0.06259659258974937,-0.0629725750625134,False,0.0023503555494193695,-0.0063553670030983556
2.0,59,float64,False,False,True,-0.076806331962887,-0.0768703997110652,False,0.007633361015815215,-0.021030953781017978
2.0,60,float32,True,True,True,0.42764745148771066,0.4276474514877106,True,-1.1235883298756146,0.7105075899407503
2.0,60,float64,False,False,True,-0.2249468624535944,-0.2264812162040813,False,0.02420258752529275,-0.0653283926565063
2.0,61,float32,True,True,True,0.4238337915288066,0.4238337915288066,True,-1.1877882621607796,0.8470715717397646
2.0,61,float64,False,False,True,-0.16269838873458864,-0.1631513213549875,False,0.02756387322933268,-0.07454041595699751
2.0,62,float32,True,True,True,0.43546690008738276,0.4354669000873827,True,-1.149007105680024,0.6816201571912757
2.0,62,float64,True,True,True,0.43377347598037996,0.4337734759803799,True,-1.167712098314155,0.7793887733749454
2.0,63,float32,True,True,True,0.42404142631538777,0.4240414263153877,True,-1.1917946948389222,0.85093555313391
2.0,63,float64,True,True,True,0.4241709285277784,0.4241709285277784,True,-1.198855377840486,0.8447830012555251
2.0,64,float32,True,True,True,0.4338388717071262,0.4338388717071262,True,-1.003105392082139,0.5672899073063338
2.0,64,float64,True,True,True,0.42882013155297694,0.4288201315529769,True,-1.1060495245523292,0.8271853137977558
2.0,65,float32,False,False,True,-0.8411442243460396,-0.8411442243460396,False,0.06916590009160428,-0.6130160450017321
2.0,65,float64,False,False,True,-0.03552632833654648,-0.0355345772347676,False,0.005395282135557525,-0.013492370386410116
2.0,66,float32,False,False,True,-0.0838230086061702,-0.0842845721820146,False,0.004006003506210998,-0.010048534218496163
2.0,66,float64,True,True,True,0.43264253289853283,0.4326425328985328,True,-0.9155575057949417,0.5789846634940758
2.0,67,float32,True,True,True,0.42383228884443724,0.4238322888444372,True,-1.1894220870615406,0.8769834383336121
2.0,67,float64,True,True,True,0.4236260903386655,0.4236260903386655,True,-1.1729645163975242,0.882014841469628
2.0,68,float32,False,False,True,-0.10251854500171384,-0.1026104799440955,False,0.01792727412811798,-0.048134455825476014
2.0,68,float64,False,False,True,-0.10109262208188252,-0.1013536187040792,False,0.016112874059251714,-0.043281444867715124
2.0,69,float32,True,True,True,0.4229660297116067,0.4229660297116067,True,-1.000611375465489,0.8101010119815335
2.0,69,float64,True,True,True,0.42186972448620796,0.4218697244862079,True,-1.050815833323128,0.898790367158151
2.0,70,float32,False,False,True,-0.12346957079853765,-0.1235076715797103,False,0.027962500958706907,-0.072501020633048
2.0,70,float64,True,True,True,0.42434563129430325,0.4243456312943032,True,-1.1372232389296109,0.921531729812541
2.0,71,float32,True,True,True,0.42639370089485684,0.4263937008948568,True,-1.2132626189150368,0.8812008018799684
2.0,71,float64,True,True,True,0.4336237921196662,0.4336237921196662,True,-1.0401095389136579,0.4766945242262821
2.0,72,float32,True,True,True,0.36069911118011744,0.3606991111801174,True,-0.7208612610540808,0.16668938314851545
2.0,72,float64,False,False,True,-0.15031583989579966,-0.150762544318921,False,0.031679813659768186,-0.0860920437665969
2.0,73,float32,True,True,True,0.4268523795596244,0.4268523795596244,True,-0.909790416913081,0.7896281572157324
2.0,73,float64,True,True,True,0.43340908696139335,0.4334090869613933,True,-0.991026381465657,0.6907489973869687
2.0,74,float32,False,False,True,-0.0961809844399798,-0.0962823201741839,False,0.008623634904208533,-0.02285607471980411
2.0,74,float64,True,True,True,0.42747983951824287,0.4274798395182428,True,-1.1418727917906448,0.8022575757833348
2.0,75,float32,True,True,True,0.42327334313789367,0.4232733431378936,True,-1.1252536054210278,0.8433992001645123
2.0,75,float64,True,True,True,0.4225714380256558,0.4225714380256558,True,-1.1456435678611232,0.9049231308197552
2.0,76,float32,True,True,True,0.43064311908690023,0.4306431190869002,True,-1.1913381329509587,0.7751210581443022
2.0,76,float64,True,True,True,0.4299431585496931,0.4299431585496931,True,-1.2096675914795227,0.8215148968899033
2.0,77,float32,True,True,True,0.4268566512216321,0.4268566512216321,True,-1.1841750231834656,0.8979182562612298
2.0,77,float64,True,True,True,0.42928911546158455,0.4292891154615845,True,-1.105415322349339,0.7291669316611298
2.0,78,float32,True,True,True,0.42789983682568167,0.4278998368256816,True,-0.9407290652199798,0.6586042974195916
2.0,78,float64,True,True,True,0.42434499648798774,0.4243449964879877,True,-1.0009063194746304,0.8969631576805082
2.0,79,float32,False,False,True,-0.19018145344392307,-0.1904208713146197,False,0.013714484545407558,-0.03511617234563605
2.0,79,float64,True,True,True,0.42715604334751456,0.4271560433475145,True,-1.2466067015620954,0.8581566287555322
2.0,80,float32,False,False,True,-0.05209007952226652,-0.0521791415739049,False,0.006782107210414945,-0.017251405761218364
2.0,80,float64,True,True,True,0.4297123947199979,0.4297123947199979,True,-1.0587335640890654,0.7534104219053788
2.0,81,float32,True,True,True,0.42594194656453377,0.4259419465645337,True,-0.896307498350426,0.5649078914623438
2.0,81,float64,False,False,True,-0.3828177905600465,-0.3860059805872987,False,0.05763645444869714,-0.14580012752195298
2.0,82,float32,False,False,True,-0.1945490125817874,-0.1948067631803829,False,0.05417630133719434,-0.15175173307832907
2.0,82,float64,True,True,True,0.4286254290416158,0.4286254290416158,True,-1.001202174478296,0.7468203465482546
2.0,83,float32,True,True,True,0.43362283227750353,0.4336228322775035,True,-1.0569354660310477,0.7227031286000773
2.0,83,float64,True,True,True,0.4324516216074792,0.4324516216074792,True,-1.1115008978484777,0.7892524948802571
2.0,84,float32,True,True,True,0.41847875541501356,0.4184787554150135,True,-0.8930752496551513,1.045127566469434
2.0,84,float64,True,True,True,0.4329459098082409,0.4329459098082409,True,-1.2348616029834538,0.8687030131097
2.0,85,float32,True,True,True,0.4320067455435299,0.4320067455435299,True,-1.1744737764826176,0.7971628368510828
2.0,85,float64,True,True,True,0.4310610960766641,0.4310610960766641,True,-1.2237071520374219,0.8760086570359373
2.0,86,float32,False,False,True,-0.3729327428059508,-0.3738863327081576,False,0.05667295170888499,-0.15263876794916018
2.0,86,float64,True,True,True,0.42493143380222165,0.4249314338022216,True,-0.9215088344408269,0.9017233522923931
2.0,87,float32,True,True,True,0.43218190284409186,0.4321819028440918,True,-1.1011186504508412,0.7221349447865144
2.0,87,float64,True,True,True,0.43145141669857523,0.4314514166985752,True,-1.1319408857821056,0.768992580038498
2.0,88,float32,True,True,True,0.42830339112855675,0.4283033911285567,True,-1.110021248585193,0.7930527796985594
2.0,88,float64,True,True,True,0.4274214611316691,0.4274214611316691,True,-1.1257590937212143,0.8545855476853266
2.0,89,float32,True,True,True,0.42477849597735506,0.424778495977355,True,-1.0738006064445749,0.9789009572298095
2.0,89,float64,True,True,True,0.4269524631339774,0.4269524631339774,True,-1.1318675208085338,0.8391714982291365
2.0,90,float32,True,True,True,0.42721605692904774,0.4272160569290477,True,-1.1326678212836097,1.0136909807835472
2.0,90,float64,True,True,True,0.43082347958037204,0.430823479580372,True,-0.9809477227960226,0.7054312644332299
2.0,91,float32,True,True,True,0.43103381276289143,0.4310338127628914,True,-1.0363833766996446,0.8660708129488341
2.0,91,float64,True,True,True,0.4357086847978642,0.4357086847978642,True,-0.9389520796006536,0.5789239598407754
2.0,92,float32,False,False,True,-0.3056936148043812,-0.3094305419107859,False,0.05161985894525323,-0.1310061412621808
2.0,92,float64,True,True,True,0.43262168045641003,0.43262168045641,True,-1.1174769270617553,0.7106250679555437
2.0,93,float32,True,True,True,0.4291352540983926,0.4291352540983926,True,-1.2175448351795346,0.6587774191381044
2.0,93,float64,True,True,True,0.43234768214606056,0.4323476821460605,True,-1.1366224921583221,0.49982571237351614
2.0,94,float32,True,True,True,0.4340150764210251,0.4340150764210251,True,-1.1490003817778351,0.5860212191921779
2.0,94,float64,True,True,True,0.4302038239624473,0.4302038239624473,True,-1.2742880417272566,0.8256428566111751
2.0,95,float32,True,True,True,0.42713025701828533,0.4271302570182853,True,-0.9950614819972863,0.9832604339697824
2.0,95,float64,True,True,True,0.38099626057815694,0.3809962605781569,True,-0.7259468894979495,0.19967320073377515
2.0,96,float32,True,True,True,0.42693857451517436,0.4269385745151743,True,-0.9980585423992814,1.0210779467552271
2.0,96,float64,False,False,True,-0.14086546278096324,-0.1410829729491879,False,0.033762102022465434,-0.09668854784563535
2.0,97,float32,True,True,True,0.42987887016976334,0.4298788701697633,True,-1.039295317222722,0.563844788434892
2.0,97,float64,True,True,True,0.42475767889790017,0.4247576788979001,True,-1.1695668530580132,0.8927270429224112
2.0,98,float32,False,False,True,-0.27051130204512835,-0.2712621532205858,False,0.08012766001341826,-0.20635201191925684
2.0,98,float64,True,True,True,0.4254895067648863,0.4254895067648863,True,-1.2015035923322177,0.4789208875519666
2.0,99,float32,False,False,True,-0.053854713418848676,-0.0538882720191981,False,0.003292302230045785,-0.007749955375617512
2.0,99,float64,True,True,True,0.41954685191971874,0.4195468519197187,True,-0.9777054189540628,1.0611015123596523
2.0,100,float32,True,True,True,0.416268865192281,0.416268865192281,True,-0.8225060818942893,0.971183959545856
2.0,100,float64,False,False,True,-0.3290840350221952,-0.3290840350221952,False,0.0645022926559582,-0.15701818804916612
2.0,101,float32,False,False,True,-0.86238987150998,-0.86238987150998,False,0.057268095043070955,-0.14249911699464018
2.0,101,float64,True,True,True,0.42823032757012935,0.4282303275701293,True,-0.9741917467481915,0.7661761877750592
2.0,102,float32,True,True,True,0.4276834773054268,0.4276834773054268,True,-0.9898801678743521,0.6932049990915914
2.0,102,float64,True,True,True,0.4244081028049056,0.4244081028049056,True,-1.0902855526417703,0.9439716796089215
2.0,103,float32,False,False,True,-0.12961696213003798,-0.1298248753251834,False,0.007112084935317356,-0.018951445727954694
2.0,103,float64,True,True,True,0.4215874682287435,0.4215874682287435,True,-1.068679578250773,1.2501678069555044
2.0,104,float32,True,True,True,0.4319919205671994,0.4319919205671994,True,-1.0885411489279484,0.6887330757729888
2.0,104,float64,True,True,True,0.4243075231561284,0.4243075231561284,True,-0.9013976310456204,0.9671133976367123
2.0,105,float32,True,True,True,0.4287439691130879,0.4287439691130879,True,-0.9850651011884288,0.7738277806717466
2.0,105,float64,True,True,True,0.4353965323239164,0.4353965323239164,True,-0.9057560754084744,0.4626920157834675
2.0,106,float32,True,True,True,0.4214125905526447,0.4214125905526447,True,-1.0718056692152746,0.941284465353414
2.0,106,float64,True,True,True,0.42115318418833025,0.4211531841883302,True,-1.0815187381317894,0.9655944989682741
2.0,107,float32,True,True,True,0.430021745541203,0.430021745541203,True,-1.0828516731501665,0.4277161971655019
2.0,107,float64,False,False,True,-0.29831621358291793,-0.2995496099865119,False,0.03534827858814976,-0.0956034732909107
2.0,108,float32,True,True,True,0.426061987744482,0.426061987744482,True,-1.0131630223543429,0.8802376611177412
2.0,108,float64,False,False,True,-0.06693920615081675,-0.0669646458999352,False,0.01561125155494858,-0.04051137010579535
2.0,109,float32,True,True,True,0.43279716023478043,0.4327971602347804,True,-1.1645852489883666,0.6810316614479301
2.0,109,float64,True,True,True,0.4297751506406513,0.4297751506406513,True,-1.2433010265272415,0.8868572094406133
2.0,110,float32,True,True,True,0.42244370261664166,0.4224437026166416,True,-0.9373180829710286,1.0292049804393546
2.0,110,float64,True,True,True,0.4239097723742886,0.4239097723742886,True,-0.9048288378958844,0.8867452024401761
2.0,111,float32,True,True,True,0.4254090258956409,0.4254090258956409,True,-0.8682843182622051,0.7192546841195533
2.0,111,float64,False,False,True,-0.05970436023997727,-0.0597761546680771,False,0.009094815127433098,-0.026048718509202096
2.0,112,float32,True,True,True,0.43190567838250393,0.4319056783825039,True,-0.9794590404821015,0.6153346028894617
2.0,112,float64,True,True,True,0.4286189361755066,0.4286189361755066,True,-1.0595470306088473,0.7810843897527509
2.0,113,float32,True,True,True,0.4272391279565504,0.4272391279565504,True,-1.1498613948772114,0.8229005370303053
2.0,113,float64,True,True,True,0.4189234168185165,0.4189234168185165,True,-1.047578583806926,1.062999436532424
2.0,114,float32,True,True,True,0.42433051270643096,0.4243305127064309,True,-1.161853214502079,0.7051711360632673
2.0,114,float64,False,False,True,-0.007423823489500103,-0.0074266022201443,False,0.0009623988278016915,-0.0022461250902907626
2.0,115,float32,True,True,True,0.43102680101119395,0.4310268010111939,True,-1.1353936462303054,0.6540970436043825
2.0,115,float64,False,False,True,0.18368479720550734,0.1836847972055073,False,-0.5105103022562671,-0.17283203597972374
2.0,116,float32,True,True,True,0.4222919266786276,0.4222919266786276,True,-1.1070027117790744,1.2801794675883986
2.0,116,float64,True,True,True,0.43072744944680386,0.4307274494468038,True,-1.0515061246211648,0.7703811813506167
2.0,117,float32,False,False,True,-0.06698608141408291,-0.0671254703188038,False,0.004789123037139076,-0.012601265209533863
2.0,117,float64,False,False,True,-0.02752112489338332,-0.0275731828201621,False,0.004997542255623877,-0.013137157951293998
2.0,118,float32,True,True,True,0.4273853175823734,0.4273853175823734,True,-1.1890375922752217,0.7905455643130725
2.0,118,float64,False,False,True,-0.5604318986037793,-0.5604318986037793,False,-0.2969565027974248,-0.8226342323472196
2.0,119,float32,True,True,True,0.4226639343930594,0.4226639343930594,True,-1.0998127223274174,0.7793306146341603
2.0,119,float64,False,False,True,-0.27719332733295543,-0.2771933273329554,False,0.029799289999517004,-0.08025251357956295
2.0,120,float32,False,False,True,-0.24113148574433863,-0.2412395270262133,False,0.04343479379675053,-0.10090440386726912
2.0,120,float64,False,False,True,-0.17252795259127685,-0.1727449412982106,False,0.042673664762561764,-0.09845825322436984
2.0,121,float32,False,False,True,-0.034950844988939966,-0.0349508449889399,False,0.0070651333732140165,-0.017892281860881376
2.0,121,float64,True,True,True,0.43041229907505363,0.4304122990750536,True,-0.9320879495861014,0.6061159297327183
2.0,122,float32,False,False,True,-1.1716548501326358,-1.1716548501326358,False,0.08383972932217548,-0.2569086191557939
2.0,122,float64,False,False,True,-0.3557446730847435,-0.3561825612967602,False,0.052679348805655266,-0.15802654168499058
2.0,123,float32,True,True,True,0.43181573538099194,0.4318157353809919,True,-1.2319182193341351,0.8512452584522663
2.0,123,float64,False,False,True,-0.5774740283659381,-0.5774740283659381,False,0.06817946565926385,-0.1890172415349997
2.0,124,float32,True,True,True,0.4276210077465308,0.4276210077465308,True,-1.0908865582122047,0.9084154621244362
2.0,124,float64,True,True,True,0.43314121571311137,0.4331412157131113,True,-0.980590510183367,0.5997844741634868
2.0,125,float32,False,False,True,-0.06868020836969901,-0.0688016704457442,False,0.005234546165907489,-0.013382670580375983
2.0,125,float64,True,True,True,0.42641569739741403,0.426415697397414,True,-1.0436810358274808,0.7918343483739569
2.0,126,float32,True,True,True,0.4282440881592646,0.4282440881592646,True,-0.97163015972626,0.6641532863164965
2.0,126,float64,False,False,True,-0.8690678092264668,-0.8690678092264668,False,0.08369187814313228,-0.22360037658611426
2.0,127,float32,True,True,True,0.42923128241155073,0.4292312824115507,True,-1.0543716150300089,0.7573903787654643
2.0,127,float64,False,False,True,-0.07547334146678875,-0.0755903366215643,False,0.005424237951359101,-0.014090935655717562
2.0,128,float32,False,False,True,-0.3724494216990686,-0.3725271853254606,False,0.05489437864400834,-0.15399191673794416
2.0,128,float64,True,True,True,0.4304467442505784,0.4304467442505784,True,-0.9534990300830017,0.49185839716074753
2.0,129,float32,True,True,True,0.42264934898204265,0.4226493489820426,True,-1.0909863508597262,0.8624262779310659
2.0,129,float64,True,True,True,0.4229766800426815,0.4229766800426815,True,-1.1189289049668787,0.8523225694053274
2.0,130,float32,True,True,True,0.4318676993320043,0.4318676993320043,True,-1.195372181136566,0.8973914345507623
2.0,130,float64,False,False,True,-0.1317568248674701,-0.1317568248674701,False,-0.14669443913562175,-0.3183237042525824
2.0,131,float32,True,True,True,0.4285160662465488,0.4285160662465488,True,-0.992575071843893,0.8118586632954727
2.0,131,float64,False,False,True,-0.2222988626910719,-0.2222988626910719,False,0.03386108632994961,-0.08469463623097448
2.0,132,float32,True,True,True,0.4259035994679792,0.4259035994679792,True,-0.8720547271086225,0.7797752120700085
2.0,132,float64,True,True,True,0.421681177197911,0.421681177197911,True,-0.9167941052441844,1.0868394446122398
2.0,133,float32,False,False,True,-0.08198614239312496,-0.0819861423931249,False,0.006811591604805933,-0.018325135225775613
2.0,133,float64,True,True,True,0.4218797820886908,0.4218797820886908,True,-0.9619345806355266,0.8564205582389164
2.0,134,float32,True,True,True,0.42642121548451817,0.4264212154845181,True,-1.1092253434913317,0.7924510337187876
2.0,134,float64,True,True,True,0.43064131315738186,0.4306413131573818,True,-1.0145026300698223,0.5263865418681117
2.0,135,float32,False,False,True,-0.9054414949867753,-0.9054414949867752,False,0.058590848818579594,-0.15446106362089373
2.0,135,float64,False,False,True,-0.21960160025005293,-0.2212529738024806,False,0.028998389624869336,-0.078047908234752
2.0,136,float32,False,False,True,-0.062082173062807305,-0.0621054470076616,False,0.008044063326195602,-0.021379356209436776
2.0,136,float64,False,False,True,-0.07621172578364943,-0.0764247800984283,False,0.005410678712802597,-0.014438873085281079
2.0,137,float32,True,True,True,0.4314316163779832,0.4314316163779832,True,-1.1261964022950046,0.7310553268095461
2.0,137,float64,True,True,True,0.4301803620022042,0.4301803620022042,True,-1.092626350124414,0.7967878541237052
2.0,138,float32,True,True,True,0.43088367623361146,0.4308836762336114,True,-1.048947496871623,0.7322984241704553
2.0,138,float64,True,True,True,0.4229324072089433,0.4229324072089433,True,-0.911521617921343,0.7568966567201176
2.0,139,float32,True,True,True,0.4062143599404986,0.4062143599404986,True,-0.8676870294349692,0.1502188635312507
2.0,139,float64,True,True,True,0.42451408978050287,0.4245140897805028,True,-1.1621473103461781,0.8137250912597462
2.0,140,float32,True,True,True,0.4374058606096911,0.4374058606096911,True,-1.0111938307484145,0.30986738563633764
2.0,140,float64,False,False,True,-1.5922283156235633,-1.5922283156235633,False,0.0845029672592984,-0.9533445903313853
2.0,141,float32,True,True,True,0.4273558367524486,0.4273558367524486,True,-1.069003536452982,0.7749753822862235
2.0,141,float64,True,True,True,0.42053851423020827,0.4205385142302082,True,-1.1870074602746197,0.9084065249820821
2.0,142,float32,True,True,True,0.425333758216504,0.425333758216504,True,-0.9716430481262339,0.7738565605653349
2.0,142,float64,True,True,True,0.4262861138216447,0.4262861138216447,True,-0.9787048344356215,0.715367931983554
2.0,143,float32,False,False,True,-0.23559296595847812,-0.2377719518563761,False,0.03049561931961231,-0.07980083674120125
2.0,143,float64,True,True,True,0.4329128683852943,0.4329128683852943,True,-0.902798751784589,0.7366879974970431
2.0,144,float32,True,True,True,0.43002096255263034,0.4300209625526303,True,-1.0270311708735989,0.7031669743421833
2.0,144,float64,True,True,True,0.42653149069386087,0.4265314906938608,True,-0.9834651099901919,0.8495825218682054
2.0,145,float32,True,True,True,0.427628406100125,0.427628406100125,True,-1.1066343985506766,0.8118351200566263
2.0,145,float64,True,True,True,0.42690511264498365,0.4269051126449836,True,-1.1331752107772424,0.8715958394648364
2.0,146,float32,True,True,True,0.4255021067612561,0.4255021067612561,True,-1.0897573127978681,0.8054483441390676
2.0,146,float64,True,True,True,0.4225655025827124,0.4225655025827124,True,-1.1048886341615596,1.0046037973942212
2.0,147,float32,True,True,True,0.42686895290650284,0.4268689529065028,True,-1.0710795598447636,0.899133266708656
2.0,147,float64,True,True,True,0.4281467691210019,0.4281467691210019,True,-1.0370438179572279,0.8108363644191829
2.0,148,float32,True,True,True,0.43222837873099795,0.4322283787309979,True,-0.920089696156623,0.376275362773411
2.0,148,float64,False,False,True,-0.12757591517086564,-0.1275759151708656,False,0.01583766966514516,-0.04213557568071963
2.0,149,float32,False,False,True,-0.2345390987307468,-0.2346742120237203,False,0.018366912421839226,-0.05405329962241067
2.0,149,float64,True,True,True,0.4316047121690203,0.4316047121690203,True,-1.0255812068574617,0.8981092769623444
2.0,150,float32,True,True,True,0.42670959704784694,0.4267095970478469,True,-1.0236097315940142,1.1499990467751218
2.0,150,float64,True,True,True,0.42931444039372124,0.4293144403937212,True,-1.0678713970658862,0.9552874888840766
2.0,151,float32,True,True,True,0.4282656851668851,0.4282656851668851,True,-1.1492191361291173,0.9782707962840718
2.0,151,float64,False,False,True,-0.1922993544462212,-0.1923661175263498,False,0.04825738611825402,-0.14271004983555458
2.0,152,float32,True,True,True,0.42252777248078255,0.4225277724807825,True,-0.9926370260466655,0.9874898469812141
2.0,152,float64,True,True,True,0.4323001657025185,0.4323001657025185,True,-1.089900023259979,0.6897832836384996
2.0,153,float32,True,True,True,0.4317653736428331,0.4317653736428331,True,-1.1132998642240466,0.735425199862096
2.0,153,float64,True,True,True,0.43500347103693837,0.4350034710369383,True,-1.0349770215113914,0.5451528267486214
2.0,154,float32,True,True,True,0.42889098629991285,0.4288909862999128,True,-1.0426374648467576,0.6343034231480917
2.0,154,float64,False,False,True,-0.14980388817237594,-0.1498038881723759,False,0.018542767530582198,-0.049147813303463184
2.0,155,float32,True,True,True,0.4127732736000196,0.4127732736000196,True,-1.0345981022619561,0.5842883151086049
2.0,155,float64,True,True,True,0.3818617084271554,0.3818617084271554,True,-0.9246989416565174,0.4025813892625667
2.0,156,float32,False,False,True,-0.45706760560497084,-0.4570676056049708,False,0.0526398452987252,-0.12893845975125512
2.0,156,float64,True,True,True,0.42950436800686065,0.4295043680068606,True,-1.0689993560943414,0.8219337443539771
2.0,157,float32,False,False,True,-0.11149771880221149,-0.1123553306541134,False,0.005794141156455546,-0.014236370849643631
2.0,157,float64,True,True,True,0.4276833718687545,0.4276833718687545,True,-1.2202270673822468,0.755319490536813
2.0,158,float32,False,False,True,-0.013575600968861012,-0.0135852622846386,False,0.0008645616152307967,-0.0020591523133632883
2.0,158,float64,True,True,True,0.42883784554379334,0.4288378455437933,True,-1.070823185377531,0.6945690628654706
2.0,159,float32,True,True,True,0.4250371998106415,0.4250371998106415,True,-1.0919349588545018,0.8722388779640351
2.0,159,float64,True,True,True,0.42581256676277146,0.4258125667627714,True,-1.0808564722369383,0.8569218494549471
2.0,160,float32,False,False,True,-0.3150087010383361,-0.3181802203586724,False,0.007318206997607921,-0.01765521925002818
2.0,160,float64,True,True,True,0.4261206585315995,0.4261206585315995,True,-1.085711196961972,1.105452574584012
2.0,161,float32,False,False,True,-0.3877294266879432,-0.3914260640824304,False,0.03637456139101242,-0.08896598887979693
2.0,161,float64,True,True,True,0.43115178533750065,0.4311517853375006,True,-0.966330030668086,0.5779101211757247
2.0,162,float32,True,True,True,0.42711786783559713,0.4271178678355971,True,-1.0787247945767025,0.7399870344602721
2.0,162,float64,False,False,True,-0.01837564575801065,-0.0183756457580106,False,0.002582714492649907,-0.006323736474610264
2.0,163,float32,True,True,True,0.42720962630655945,0.4272096263065594,True,-1.016386908623872,1.0174137590566161
2.0,163,float64,True,True,True,0.4343424237028102,0.4343424237028102,True,-0.9073691906099945,0.6289387345415083
2.0,164,float32,True,True,True,0.42708768177481415,0.4270876817748141,True,-0.9854172107580261,0.888778766205073
2.0,164,float64,True,True,True,0.4310153001587391,0.4310153001587391,True,-0.8985581347172769,0.6620992304588196
2.0,165,float32,True,True,True,0.42888688246001205,0.428886882460012,True,-1.068455974475988,0.6522648201434897
2.0,165,float64,False,False,True,-0.26260316287938984,-0.2630376650938593,False,0.07149597264606203,-0.20911789004335965
2.0,166,float32,False,False,True,0.22800221945457189,0.2280022194545718,False,-0.5694791115025035,-0.20202993697313065
2.0,166,float64,True,True,True,0.42631840987728165,0.4263184098772816,True,-1.1736263490125474,0.8890434762299151
2.0,167,float32,True,True,True,0.41682565827067686,0.4168256582706768,True,-0.9918684601339258,0.4647961490458883
2.0,167,float64,True,True,True,0.4340215698813674,0.4340215698813674,True,-1.1541356690253135,0.7160963141797758
2.0,168,float32,True,True,True,0.4247127152779151,0.4247127152779151,True,-1.027589761768155,0.8875694089277353
2.0,168,float64,False,False,True,-0.0737427336398706,-0.0740251488783325,False,0.005683722087113652,-0.01395306234982202
2.0,169,float32,True,True,True,0.42316119093280147,0.4231611909328014,True,-0.9615819505447707,1.1364813766511688
2.0,169,float64,False,False,True,-0.26934816615621465,-0.2695959909007165,False,0.04012141162494372,-0.11574613643364617
2.0,170,float32,True,True,True,0.43245347086512265,0.4324534708651226,True,-0.8423736113897515,0.49506637290941136
2.0,170,float64,False,False,True,-0.33872968608468346,-0.3396272467441842,False,0.05587566917034856,-0.1489844917895851
2.0,171,float32,False,False,True,0.036968197280987436,0.0369681972809869,False,-0.43345681589191765,-0.3842062656210179
2.0,171,float64,True,True,True,0.42327767711351694,0.4232776771135169,True,-0.89593512193116,0.8857486227474372
2.0,172,float32,True,True,True,0.42769656808024026,0.4276965680802402,True,-1.2243268058575723,0.9347461840463591
2.0,172,float64,True,True,True,0.4227515950712286,0.4227515950712286,True,-0.940190094413266,0.8508316852645876
2.0,173,float32,True,True,True,0.4262321343900215,0.4262321343900215,True,-1.0676030614417904,0.8853678915867054
2.0,173,float64,True,True,True,0.4249883580855194,0.4249883580855194,True,-1.096406039686796,0.9826028124650197
2.0,174,float32,True,True,True,0.43401119510208197,0.4340111951020819,True,-1.08656673743954,0.47111992430098404
2.0,174,float64,True,True,True,0.43200321163205535,0.4320032116320553,True,-1.168504801615006,0.684308743886243
2.0,175,float32,True,True,True,0.4198564277668462,0.4198564277668462,True,-0.9435595845909415,0.3395040383852663
2.0,175,float64,True,True,True,0.42247857115621335,0.4224785711562133,True,-1.0148894227548428,0.951861128119603
2.0,176,float32,False,False,True,-0.00480375911461195,-0.0048057269117898,False,0.0005074900041409647,-0.0012939154122947327
2.0,176,float64,True,True,True,0.43085767515242335,0.4308576751524233,True,-1.0032026898630466,0.6263530413606286
2.0,177,float32,False,False,True,-0.356252232430472,-0.356252232430472,False,0.03910841137163372,-0.11335089753118391
2.0,177,float64,True,True,True,0.42557693265024144,0.4255769326502414,True,-1.0192088840767095,0.9339578216108873
2.0,178,float32,True,True,True,0.43232377631397245,0.4323237763139724,True,-1.1010976876928407,0.7158148702114584
2.0,178,float64,True,True,True,0.4286969802068348,0.4286969802068348,True,-1.2028115197167324,0.9451893230239214
2.0,179,float32,False,False,True,-0.07588453789566696,-0.0765013519648381,False,0.004173537401340632,-0.010655395521285083
2.0,179,float64,False,False,True,-0.06833994817401123,-0.0687575404821301,False,0.006379989294807209,-0.01643056993338543
2.0,180,float32,True,True,True,0.4284979123046835,0.4284979123046835,True,-1.0117763346219224,1.0400590801188923
2.0,180,float64,True,True,True,0.43478091357264415,0.4347809135726441,True,-0.9391380701385046,0.5315500843944285
2.0,181,float32,True,True,True,0.42923075232469277,0.4292307523246927,True,-0.9599938234855756,0.7773236393790999
2.0,181,float64,False,False,True,-0.08277859615959071,-0.0829086955667375,False,0.014462080245505105,-0.03941359833628899
2.0,182,float32,True,True,True,0.4357545506617977,0.4357545506617977,True,-0.9705295864233214,0.2556355697771213
2.0,182,float64,True,True,True,0.4304398419728601,0.4304398419728601,True,-1.0288323896776372,0.5392710446836766
2.0,183,float32,True,True,True,0.428587644563998,0.428587644563998,True,-1.1947394047539373,0.7242503129072322
2.0,183,float64,True,True,True,0.42774016307398366,0.4277401630739836,True,-1.2227752319413732,0.7816938882630371
2.0,184,float32,True,True,True,0.4286956757083651,0.4286956757083651,True,-1.114763778575762,0.9621902279449603
2.0,184,float64,True,True,True,0.4315891561486902,0.4315891561486902,True,-1.0126197093688738,0.7536432024417152
2.0,185,float32,False,False,True,-0.017416422938867915,-0.0174211163859591,False,0.0018392790544355109,-0.004533436850601452
2.0,185,float64,True,True,True,0.4257219990643004,0.4257219990643004,True,-0.9809951962290082,0.7289127613260362
2.0,186,float32,True,True,True,0.431087117615895,0.431087117615895,True,-0.9226660135974036,0.5772754273014691
2.0,186,float64,False,False,True,-0.08857834091588002,-0.0887180895550995,False,0.02656258939292311,-0.07249238453003648
2.0,187,float32,True,True,True,0.4131622237432788,0.4131622237432788,True,-0.8424923955767731,0.3763739117927827
2.0,187,float64,True,True,True,0.4300197153213938,0.4300197153213938,True,-1.0233447161017288,0.8929650067096429
2.0,188,float32,True,True,True,0.43170673283189354,0.4317067328318935,True,-1.057378129360222,0.8581650779535028
2.0,188,float64,True,True,True,0.39060407793303575,0.3906040779330357,True,-0.797461562118956,0.37950069374500295
2.0,189,float32,True,True,True,0.4286820013319059,0.4286820013319059,True,-1.0107433382415234,0.6755229198400965
2.0,189,float64,False,False,True,-0.21899488164552744,-0.2197008402479132,False,0.024075019542313836,-0.06873278722861784
2.0,190,float32,True,True,True,0.4211828950589025,0.4211828950589025,True,-0.990612769235792,0.8876687507156085
2.0,190,float64,True,True,True,0.4273087553662891,0.4273087553662891,True,-1.1300037811277424,0.8451507795734639
2.0,191,float32,True,True,True,0.4285177229238655,0.4285177229238655,True,-1.2166267118949108,0.8006008446112283
2.0,191,float64,False,False,True,-0.4613601032429513,-0.4613601032429513,False,0.043182207354509256,-0.10721233185360532
2.0,192,float32,True,True,True,0.43014240301535756,0.4301424030153575,True,-1.013091662377743,0.7727806070765872
2.0,192,float64,True,True,True,0.42263365616447457,0.4226336561644745,True,-1.0775671487241283,1.2551544304357805
2.0,193,float32,True,True,True,0.4289025286191115,0.4289025286191115,True,-1.0600839530224775,0.7491545032763138
2.0,193,float64,True,True,True,0.4277641174397271,0.4277641174397271,True,-1.13568639975054,0.8307072592120743
2.0,194,float32,True,True,True,0.43012544447142576,0.4301254444714257,True,-1.07868649250943,0.7514042076336835
2.0,194,float64,True,True,True,0.42994329709744994,0.4299432970974499,True,-1.0715789736170223,0.7593548376180266
2.0,195,float32,True,True,True,0.4312805699876061,0.4312805699876065,True,-1.2023996320614732,0.592767859671163
2.0,195,float64,True,True,True,0.4170488549888529,0.4170488549888529,True,-0.9027050856450991,0.9177642737079488
2.0,196,float32,False,False,True,-0.053001859540712015,-0.0530244509768373,False,0.008999558128073792,-0.0245394971092453
2.0,196,float64,True,True,True,0.4230944890696611,0.4230944890696611,True,-0.9195721795975036,0.6705240975045736
2.0,197,float32,True,True,True,0.43410726341779426,0.4341072634177942,True,-0.999912835738483,0.4098490283816698
2.0,197,float64,True,True,True,0.43363923415153494,0.4336392341515349,True,-1.0543853689179858,0.5108410775175383
2.0,198,float32,True,True,True,0.4244930898088404,0.4244930898088404,True,-0.9709416515450737,0.8588283842889037
2.0,198,float64,True,True,True,0.42370660709467023,0.4237066070946702,True,-0.9627090041050668,0.9122166310984614
2.0,199,float32,True,True,True,0.4283880241797653,0.4283880241797653,True,-1.1226283560204653,0.6258904980929305
2.0,199,float64,False,False,True,-0.5891245638885234,-0.5891245638885234,False,0.044768865169592165,-0.1251012176137818
3.0,0,float32,False,False,True,-0.44384659587406755,-0.4438465958740675,False,0.04061386831437648,-0.12583175332132196
3.0,0,float64,True,True,True,1.0179618481721935,1.0179618481721937,True,-2.1033564522513455,1.6764754053575937
3.0,1,float32,True,True,True,1.0131571442716218,1.0131571442716218,True,-1.6436419251421857,1.8735496873626918
3.0,1,float64,True,True,True,1.0213192691334179,1.021319269133418,True,-1.7127037038055093,1.9070325393870062
3.0,2,float32,True,True,True,1.0129763076851432,1.0129763076851432,True,-2.066838259194114,1.8944957263579472
3.0,2,float64,True,True,True,1.0176853566030672,1.0176853566030672,True,-1.934830370796064,1.6607822849089136
3.0,3,float32,True,True,True,1.0211090998398276,1.0211090998398276,True,-1.6446874705042784,1.6410504372276682
3.0,3,float64,True,True,True,1.0235259203228169,1.0235259203228169,True,-1.647594994097311,1.5101795583419486
3.0,4,float32,False,False,True,-0.009242999371701921,-0.0092439031571571,False,0.0015038843221718001,-0.004303363145464922
3.0,4,float64,False,False,True,-0.009769687858041776,-0.0097696878580417,False,0.001901514299779361,-0.0054409228261624865
3.0,5,float32,True,True,True,1.019779761287634,1.019779761287634,True,-1.7948713436187553,1.6761670040766274
3.0,5,float64,True,True,True,1.0153728392164219,1.015372839216422,True,-1.5233043349156832,1.435872714412076
3.0,6,float32,False,False,True,-0.08287196459708525,-0.0828719645970852,False,0.017079058148347565,-0.0470429422878952
3.0,6,float64,False,False,True,-0.11854749612486093,-0.1190405509171672,False,0.012526258988231564,-0.03447202616553413
3.0,7,float32,True,True,True,1.0117942724074296,1.0117942724074296,True,-2.0324847921709335,1.8236106818426556
3.0,7,float64,False,False,True,-0.13424930070783447,-0.1342493007078344,False,0.014943561361841273,-0.0379099334413604
3.0,8,float32,False,False,True,-0.013813574926145211,-0.0138192272605439,False,0.002142961438158064,-0.005649569762985918
3.0,8,float64,False,False,True,-0.022004065722764254,-0.0220112353674654,False,0.002232719856508303,-0.005892729532652019
3.0,9,float32,True,True,True,1.0214369254332238,1.0214369254332234,True,-1.9917350076914815,1.6530106505038589
3.0,9,float64,True,True,True,1.0112991666853284,1.0112991666853284,True,-1.4941074986804672,1.5757154852387982
3.0,10,float32,True,True,True,1.0153250169330614,1.0153250169330614,True,-1.9362667721370013,1.9788143353152847
3.0,10,float64,True,True,True,1.0147336281243238,1.0147336281243238,True,-1.9652286021374827,2.0809077487834795
3.0,11,float32,False,False,True,-0.22818074527148854,-0.2283487005270735,False,0.030842492392319232,-0.07606241334886589
3.0,11,float64,True,True,True,1.0267954517665197,1.0267954517665197,True,-1.7225987315737168,1.694448861760149
3.0,12,float32,True,True,True,1.0147546854571678,1.0147546854571678,True,-2.119403014880927,1.739721607507061
3.0,12,float64,False,False,True,-0.31964478518709344,-0.3205182145180653,False,0.03327213274150129,-0.09359230659078684
3.0,13,float32,False,False,True,0.7684283759749908,0.7684283759749908,False,-0.8557673920629449,-0.010958484552184178
3.0,13,float64,True,True,True,1.019941064939148,1.019941064939148,True,-1.9452492147028337,1.8004477870572222
3.0,14,float32,True,True,True,1.0127785462221834,1.0127785462221834,True,-1.6605584381541405,1.3452730840573164
3.0,14,float64,False,False,True,-0.0900172856828152,-0.0900172856828152,False,0.002453433776553101,-0.005996932947789645
3.0,15,float32,False,False,True,-0.7302798641181513,-0.7302798641181513,False,0.0351109373167445,-0.09624643484028594
3.0,15,float64,True,True,True,1.0135027618498267,1.013502761849827,True,-1.6408224608406705,1.505721335657828
3.0,16,float32,False,False,True,-0.0630106872231978,-0.0630377877821311,False,0.006629056482809759,-0.01607142020443046
3.0,16,float64,False,False,True,-0.06892113383208834,-0.0689211338320883,False,0.007205967985036978,-0.017497142169700348
3.0,17,float32,False,False,True,-0.01613766208663847,-0.0161424995799653,False,0.002970380902330594,-0.007704014285171978
3.0,17,float64,False,False,True,-0.028009117424061425,-0.0280224042105624,False,0.0027759338727099125,-0.007201188641696332
3.0,18,float32,True,True,True,1.0171578562994648,1.0171578562994648,True,-2.187903583226822,1.541026591581046
3.0,18,float64,True,True,True,1.009635552892696,1.009635552892696,True,-1.936096050449974,1.867922060888339
3.0,19,float32,True,True,True,1.0163239380623788,1.0163239380623788,True,-1.8476459154874352,1.8237001993200854
3.0,19,float64,True,True,True,1.0168068675354855,1.0168068675354855,True,-1.999041284925612,1.9380719797815367
3.0,20,float32,True,True,True,1.0214176351307835,1.0214176351307835,True,-1.651157661628913,1.470882007644427
3.0,20,float64,True,True,True,1.0207992497049023,1.0207992497049023,True,-1.7773458523755838,1.5556302122803736
3.0,21,float32,False,False,True,-0.18482527976498586,-0.1852337848554748,False,0.04182322562797669,-0.11201400805234935
3.0,21,float64,True,True,True,1.0215630112763177,1.0215630112763177,True,-2.0375210232304823,1.4410817405879772
3.0,22,float32,True,True,True,1.0263064707142546,1.0263064707142546,True,-1.5467485250082404,1.4453505271845968
3.0,22,float64,True,True,True,1.0230622334022597,1.0230622334022597,True,-1.8868661943797562,2.113791280376944
3.0,23,float32,True,True,True,1.016245329620288,1.016245329620288,True,-2.125691841966969,1.5662464104231475
3.0,23,float64,True,True,True,1.0166034981084295,1.0166034981084295,True,-2.033531633325424,1.4706266492705158
3.0,24,float32,False,False,True,-0.9526365634199838,-0.9526365634199838,False,0.08199307133573236,-0.2450641945642854
3.0,24,float64,True,True,True,1.0173944103863541,1.017394410386354,True,-1.6947088662867191,1.8129439001876833
3.0,25,float32,False,False,True,-2.465986148842901,-2.465986148842901,False,0.13187715727395805,-0.34251679170833094
3.0,25,float64,True,True,True,1.0144959418536472,1.0144959418536472,True,-1.9722610807076038,1.720811595002134
3.0,26,float32,False,False,True,-0.14184287787100247,-0.1418428778710024,False,0.017216422225518224,-0.04227202091025073
3.0,26,float64,True,True,True,1.0279132249050082,1.0279132249050082,True,-1.9679513887525246,1.3380302755402145
3.0,27,float32,True,True,True,1.0145452833209063,1.0145452833209063,True,-1.9740656713583302,1.2954580121369075
3.0,27,float64,True,True,True,1.0102280861743984,1.0102280861743984,True,-1.8577996976252944,1.4087622200074836
3.0,28,float32,True,True,True,1.029036090229836,1.029036090229836,True,-2.063298873333924,1.3440956242920503
3.0,28,float64,True,True,True,1.0273572921117897,1.0273572921117895,True,-1.9428593381631423,1.3255674312391932
3.0,29,float32,False,False,True,-0.23310374316585347,-0.2340484088483488,False,0.019654012483560745,-0.05286397052943864
3.0,29,float64,True,True,True,1.018417217119902,1.018417217119902,True,-1.6196508916534205,1.3339820692279414
3.0,30,float32,True,True,True,1.0251028870852577,1.0251028870852577,True,-2.0401851148398453,1.6682461162002395
3.0,30,float64,False,False,True,-0.052666928126138046,-0.0527700683676219,False,0.006854643991443088,-0.01727186194396446
3.0,31,float32,True,True,True,1.0179617263336742,1.0179617263336742,True,-2.1238162443571955,1.8543611853191866
3.0,31,float64,True,True,True,1.0214803632660443,1.0214803632660443,True,-1.8540294586086983,1.3917061497133538
3.0,32,float32,True,True,True,1.0185738821492256,1.0185738821492256,True,-1.9444312611539019,1.562883693687029
3.0,32,float64,True,True,True,1.014536808256989,1.014536808256989,True,-1.5365199580910804,1.5651596256016669
3.0,33,float32,True,True,True,1.016525101767368,1.016525101767368,True,-1.6509175423897862,1.6035783933010688
3.0,33,float64,True,True,True,1.0164285207160777,1.0164285207160777,True,-1.618988004639526,1.5967853084931978
3.0,34,float32,True,True,True,1.011578644229957,1.011578644229957,True,-1.6969505648449452,1.60573129568004
3.0,34,float64,True,True,True,1.0086020096670651,1.0086020096670651,True,-1.6766169471597117,1.7858558881320405
3.0,35,float32,True,True,True,1.0212178445981857,1.0212178445981857,True,-1.5998150148547783,1.3720648609153363
3.0,35,float64,True,True,True,1.0287615439976858,1.0287615439976854,True,-1.3328244272284273,0.9873478283418464
3.0,36,float32,True,True,True,1.028682939039431,1.028682939039431,True,-1.915924198608593,1.5891380772692312
3.0,36,float64,True,True,True,1.0407170067755644,1.0407170067755644,True,-1.2342416961007308,0.897153281177812
3.0,37,float32,True,True,True,1.0075769623581055,1.0075769623581057,True,-1.4563368533366141,1.8915766184315501
3.0,37,float64,True,True,True,1.0095164875217804,1.0095164875217804,True,-1.4432941363812173,1.6650232309048425
3.0,38,float32,True,True,True,1.0145108086311452,1.0145108086311452,True,-2.138605114275933,1.9241286227970988
3.0,38,float64,True,True,True,1.0139036390186495,1.0139036390186495,True,-1.8813735468487192,1.7586576283123359
3.0,39,float32,True,True,True,1.0121438095080268,1.0121438095080268,True,-1.940775057272937,1.9011442752027623
3.0,39,float64,True,True,True,1.0194001832259363,1.0194001832259365,True,-1.456012995416807,1.086696400291264
3.0,40,float32,True,True,True,1.0358098941350398,1.0358098941350398,True,-1.8284161421959606,1.65925219100789
3.0,40,float64,True,True,True,1.0077258216182363,1.0077258216182368,True,-1.432746074290348,1.828136175755219
3.0,41,float32,True,True,True,1.0358204929950725,1.0358204929950725,True,-1.837927302545479,1.3086734498048358
3.0,41,float64,False,False,True,-2.0884631498019024,-2.0884631498019024,False,0.09167969551701277,-0.2935527260271863
3.0,42,float32,True,True,True,1.0175388911821481,1.017538891182148,True,-1.9836323432556267,1.896742683110153
3.0,42,float64,False,False,True,-0.3308119217701888,-0.3355436849754227,False,0.030896071405696057,-0.0839377060346912
3.0,43,float32,True,True,True,1.0346559522814567,1.034655952281457,True,-1.6365641768009649,1.0308317290020454
3.0,43,float64,True,True,True,1.0283425395901107,1.028342539590111,True,-1.9255786827570667,1.4038405185004939
3.0,44,float32,False,False,True,-0.4454012268354953,-0.4454012268354953,False,0.056869129127144036,-0.153366569633207
3.0,44,float64,False,False,True,-0.3535164643897737,-0.3535164643897737,False,0.05533095099009071,-0.14845168831637431
3.0,45,float32,True,True,True,1.0230211933810067,1.0230211933810067,True,-1.5225369015545862,1.48272712504719
3.0,45,float64,True,True,True,1.019277134439903,1.019277134439903,True,-1.933076376767204,1.9372386455375095
3.0,46,float32,False,False,True,-0.3252263964768863,-0.3258440944346009,False,0.041340886035389934,-0.10353211286830623
3.0,46,float64,False,False,True,-0.25939610319870077,-0.2605136699361087,False,0.03903883764030036,-0.096310997721264
3.0,47,float32,True,True,True,1.0259190826976954,1.0259190826976954,True,-1.9276207236481664,1.5535332075191226
3.0,47,float64,True,True,True,1.025961128765151,1.025961128765151,True,-2.1880263033447633,1.7543770611049023
3.0,48,float32,False,False,True,-0.09791654968156593,-0.0983023282398503,False,0.011209810218452576,-0.028603614264494426
3.0,48,float64,True,True,True,1.0156402327131717,1.0156402327131715,True,-1.8105238336568963,1.5392981797295606
3.0,49,float32,True,True,True,1.0214723170274946,1.0214723170274946,True,-1.6066717045693384,1.4720633313402534
3.0,49,float64,True,True,True,1.0240774402194783,1.0240774402194783,True,-1.4625873334085284,1.2153002402575481
3.0,50,float32,True,True,True,1.0403372827735713,1.0403372827735713,True,-1.4346546130805669,0.6892530774527472
3.0,50,float64,True,True,True,1.021229550665117,1.021229550665117,True,-1.6463362048232915,1.465748123730779
3.0,51,float32,True,True,True,1.020488040542073,1.020488040542073,True,-1.946205307805954,1.7165306308537982
3.0,51,float64,True,True,True,1.0130587824633812,1.0130587824633812,True,-1.8845673382719426,2.04029384758023
3.0,52,float32,False,False,True,-0.8811240781966054,-0.8811240781966054,False,0.05767983514710606,-0.14236685350529482
3.0,52,float64,True,True,True,1.0202022305072065,1.0202022305072065,True,-2.2485710745606333,2.0211456942855808
3.0,53,float32,True,True,True,1.024757448025393,1.024757448025393,True,-2.0510682197660444,1.4683129109995887
3.0,53,float64,True,True,True,1.0259850653319016,1.0259850653319011,True,-2.063011712174017,1.4070187386673183
3.0,54,float32,False,False,True,-0.3412991396492677,-0.3412991396492677,False,0.06712116543057797,-0.17231527506152483
3.0,54,float64,True,True,True,1.027969988593481,1.027969988593481,True,-1.6338358381387001,1.1406140702082945
3.0,55,float32,False,False,True,-0.2081980430853716,-0.2102328573002796,False,0.00424904312866381,-0.010666802975589307
3.0,55,float64,False,False,True,-0.13002714736120846,-0.1304085661059062,False,0.011578367577452786,-0.030480506927606787
3.0,56,float32,True,True,True,1.026845413848493,1.026845413848493,True,-1.756278817265839,1.7352336518384872
3.0,56,float64,False,False,True,-0.2229172280460805,-0.2240765588433924,False,0.030538796923303524,-0.08767797291268647
3.0,57,float32,False,False,True,-0.10050191410489517,-0.1005019141048951,False,0.02023136745182187,-0.0529758613510594
3.0,57,float64,True,True,True,1.0160024202278013,1.0160024202278013,True,-1.5468177238648906,1.6054012379981693
3.0,58,float32,False,False,True,-0.4490013627971916,-0.4490013627971916,False,0.06306208496706055,-0.17574883525200757
3.0,58,float64,True,True,True,1.0127259010627268,1.0127259010627268,True,-1.6100536426965757,1.8105778598810849
3.0,59,float32,False,False,True,-0.07250367390065948,-0.0729489687751616,False,0.0022156225660464046,-0.0059684255476757375
3.0,59,float64,False,False,True,-0.0834531748588572,-0.0834859695560423,False,0.008097440687949167,-0.022269612616869702
3.0,60,float32,True,True,True,1.0210900015218778,1.0210900015218778,True,-1.9906084489176283,1.4755292943547085
3.0,60,float64,False,False,True,-0.25199828940704805,-0.2535973250843076,False,0.024740635447012105,-0.0666230192702364
3.0,61,float32,True,True,True,1.0131793407202196,1.0131793407202196,True,-2.2048434690855956,1.7891642374359282
3.0,61,float64,False,False,True,-0.18849478176253665,-0.1889828466560266,False,0.027799421165950244,-0.07504911593139912
3.0,62,float32,True,True,True,1.0284128884598105,1.0284128884598105,True,-1.8381650811253607,1.6019103871793776
3.0,62,float64,True,True,True,1.026473425803271,1.026473425803271,True,-1.8610835720072902,1.7480924908936064
3.0,63,float32,True,True,True,1.0118543481037636,1.0118543481037636,True,-2.1320204759976864,1.8393459167488597
3.0,63,float64,True,True,True,1.0122322911318689,1.0122322911318684,True,-2.177848160105281,1.8293870876189953
3.0,64,float32,True,True,True,1.0175018316814421,1.017501831681442,True,-1.549333612591611,1.5092233234525319
3.0,64,float64,True,True,True,1.0148013654431458,1.0148013654431458,True,-1.9184885207833098,1.882915618815555
3.0,65,float32,False,False,True,-0.49185941344266193,-0.4918594134426619,False,0.020690810179252506,-0.05187944845555714
3.0,65,float64,False,False,True,-0.0364694526799062,-0.0364758460941526,False,0.005461505336884692,-0.013651937644588469
3.0,66,float32,False,False,True,-0.09963767416948777,-0.1001842148195621,False,0.00403313145150519,-0.01010486660437071
3.0,66,float64,True,True,True,1.01943044308539,1.01943044308539,True,-1.5374530135135176,1.445641502293439
3.0,67,float32,True,True,True,1.0133212112554304,1.0133212112554304,True,-2.0631267588300695,1.7719964681944518
3.0,67,float64,True,True,True,1.012970835665251,1.012970835665251,True,-1.9598450186195606,1.6807701293371418
3.0,68,float32,False,False,True,-0.10892935001169246,-0.1090095268081295,False,0.018114484868753666,-0.04858119684508233
3.0,68,float64,False,False,True,-0.10827361330312302,-0.1084917566467073,False,0.01673548646452061,-0.04490082037282578
3.0,69,float32,True,True,True,1.005867639732974,1.005867639732974,True,-1.5493913440625438,1.5375555343800835
3.0,69,float64,True,True,True,1.0044606536287048,1.0044606536287048,True,-1.790357587059054,1.8475176566579012
3.0,70,float32,False,False,True,-0.11884425524403619,-0.1188442552440361,False,0.02871883736013693,-0.07399736140098279
3.0,70,float64,True,True,True,1.0142827675321362,1.0142827675321362,True,-2.158626402316461,1.874732202854986
3.0,71,float32,True,True,True,1.017155235130057,1.017155235130057,True,-2.0632905430324584,1.8050208740221736
3.0,71,float64,True,True,True,1.0188843665047123,1.0188843665047125,True,-1.6756816230970548,1.386884713224771
3.0,72,float32,False,False,True,-0.4327530428451062,-0.4327530428451062,False,0.038531982833618306,-0.10570206323496156
3.0,72,float64,False,False,True,-0.1741731343718903,-0.174632551257174,False,0.03206371168261701,-0.08701972514548756
3.0,73,float32,True,True,True,1.011750843171686,1.011750843171686,True,-1.4996140800956788,1.6204714924651737
3.0,73,float64,True,True,True,1.0282809732330818,1.0282809732330818,True,-1.7791591483777829,1.5471905530091492
3.0,74,float32,False,False,True,-0.1002628235268993,-0.1003564713763745,False,0.008758518770131507,-0.023191816945510146
3.0,74,float64,True,True,True,1.0218737143401713,1.0218737143401713,True,-2.1601880289644004,1.7257326799351596
3.0,75,float32,True,True,True,1.01043028519023,1.01043028519023,True,-1.8438128869487471,1.6119710273859917
3.0,75,float64,True,True,True,1.0094394485375733,1.0094394485375733,True,-1.9432625106878056,1.8085247768355641
3.0,76,float32,True,True,True,1.02169506549057,1.02169506549057,True,-2.0901191411631146,1.7376957836302322
3.0,76,float64,True,True,True,1.0211794024955432,1.0211794024955432,True,-2.1380483602241007,1.810997495813723
3.0,77,float32,True,True,True,1.0165756213607686,1.0165756213607686,True,-2.0987182473637596,1.8782736116764642
3.0,77,float64,True,True,True,1.0181932692264595,1.0181932692264597,True,-1.90847491484271,1.6361116995528375
3.0,78,float32,True,True,True,1.011432547362121,1.011432547362121,True,-1.5244035756858292,1.6000195822629193
3.0,78,float64,True,True,True,1.0096685859017014,1.0096685859017014,True,-1.7108704646142456,1.896639389857417
3.0,79,float32,False,False,True,-0.195743737918758,-0.1960139537981641,False,0.013617419748734483,-0.03474674453845509
3.0,79,float64,True,True,True,1.0220082655797151,1.0220082655797151,True,-2.3140033128029476,1.792696787108735
3.0,80,float32,False,False,True,-0.058574817986104755,-0.0586587667033233,False,0.007094210284949776,-0.01804108678513683
3.0,80,float64,True,True,True,1.0216937710091583,1.0216937710091585,True,-1.9007178241978622,1.588195941124253
3.0,81,float32,True,True,True,1.0098391535883104,1.0098391535883104,True,-1.6142343923971687,1.4229140965366742
3.0,81,float64,False,False,True,-0.4206007104361069,-0.4239148599006568,False,0.058298977966091015,-0.14682691573479223
3.0,82,float32,False,False,True,-0.21620204710332552,-0.2164792372859598,False,0.05429925902013549,-0.15178565060710983
3.0,82,float64,True,True,True,1.016929337987484,1.016929337987484,True,-1.6735423628594877,1.6693720521525215
3.0,83,float32,True,True,True,1.026470561847737,1.026470561847737,True,-1.7168952432446005,1.5519932366913896
3.0,83,float64,True,True,True,1.0270323829984531,1.0270323829984531,True,-1.8764013298750495,1.6129171279457921
3.0,84,float32,True,True,True,1.0021120291659837,1.0021120291659835,True,-1.6718302906842375,1.9614290934108416
3.0,84,float64,True,True,True,1.0284921035598922,1.0284921035598922,True,-2.224259816199618,1.8583861527014403
3.0,85,float32,True,True,True,1.0266794429070139,1.026679442907014,True,-1.9949775020025555,1.752291677427178
3.0,85,float64,True,True,True,1.0266332995008964,1.0266332995008964,True,-2.2031950333097843,1.9218751241746581
3.0,86,float32,False,False,True,-0.3802572648890335,-0.3819537174528636,False,0.05486797036716545,-0.14710296709095808
3.0,86,float64,True,True,True,1.012576359835415,1.012576359835415,True,-1.7250267047700536,1.8030609804480289
3.0,87,float32,True,True,True,1.0268591716181352,1.0268591716181352,True,-1.96231375810161,1.6713758554531726
3.0,87,float64,True,True,True,1.027014726191113,1.027014726191113,True,-2.0002150602520334,1.6934719431118275
3.0,88,float32,True,True,True,1.0167679416031494,1.0167679416031494,True,-1.7597812459397524,1.6504973099039617
3.0,88,float64,True,True,True,1.0152156030650952,1.0152156030650952,True,-1.845211727130156,1.8212388075139252
3.0,89,float32,True,True,True,1.0165693822649282,1.0165693822649282,True,-2.0282109454765624,1.9804799449759418
3.0,89,float64,True,True,True,1.0169871929127718,1.0169871929127718,True,-2.0343400102423743,1.7466608710296345
3.0,90,float32,True,True,True,1.0230091583756935,1.0230091583756935,True,-1.9979330210918889,1.894889579928817
3.0,90,float64,True,True,True,1.0237892984805663,1.0237892984805663,True,-1.6960467220109834,1.5411462026607108
3.0,91,float32,True,True,True,1.0265147333633364,1.0265147333633364,True,-1.8896101114861406,1.8076737320434635
3.0,91,float64,True,True,True,1.0279907893743,1.0279907893743,True,-1.6225671632629082,1.497503720093249
3.0,92,float32,False,False,True,-0.35176844678157404,-0.3565626657134824,False,0.05025430129851849,-0.12707670238091995
3.0,92,float64,True,True,True,1.0256301865701785,1.0256301865701785,True,-1.9507247940557146,1.510902207198452
3.0,93,float32,True,True,True,1.0197617589259282,1.0197617589259282,True,-2.1175282106416375,1.5019114254097472
3.0,93,float64,True,True,True,1.0209105977186925,1.0209105977186923,True,-1.9449502492186692,1.340626956028081
3.0,94,float32,True,True,True,1.0260418020955737,1.0260418020955735,True,-1.9038065777964714,1.4856456378320484
3.0,94,float64,True,True,True,1.0221987955152585,1.0221987955152585,True,-2.3319495464697972,2.0261586261083337
3.0,95,float32,True,True,True,1.0181247577987733,1.018124757798773,True,-1.666289340205548,1.8051780346522808
3.0,95,float64,False,False,True,-0.42015857237680504,-0.420158572376805,False,0.02938596145576669,-0.07792668679433015
3.0,96,float32,True,True,True,1.020522216169435,1.020522216169435,True,-1.753004181814255,1.8776567716367438
3.0,96,float64,False,False,True,-0.38486012553940585,-0.3848601255394058,False,0.03986675545485316,-0.11608771783595129
3.0,97,float32,True,True,True,1.018089498270832,1.018089498270832,True,-1.8299546212227167,1.4272982927016233
3.0,97,float64,True,True,True,1.0159441336011228,1.0159441336011228,True,-2.0653295899166633,1.781103530287643
3.0,98,float32,False,False,True,-0.3674534142860715,-0.3701383367675165,False,0.08111907939269447,-0.2088728851916194
3.0,98,float64,True,True,True,1.0287785953957402,1.0287785953957402,True,-1.9138714466240598,1.0353579187490167
3.0,99,float32,False,False,True,-0.05747150006106416,-0.0574970757713005,False,0.0035078032101653056,-0.008256322475089173
3.0,99,float64,True,True,True,1.0009529211164208,1.0009529211164208,True,-1.7759573682405083,2.098794241012685
3.0,100,float32,True,True,True,0.9964962139450444,0.9964962139450444,True,-1.5465149664436328,1.852025204555158
3.0,100,float64,True,True,True,1.032919160105743,1.032919160105743,True,-2.12039404547715,1.3218271144972462
3.0,101,float32,False,False,True,-0.258245392196526,-0.258245392196526,False,0.02366344164011741,-0.06162809326719032
3.0,101,float64,True,True,True,1.013660674582074,1.013660674582074,True,-1.7077650906925452,1.7046585019966907
3.0,102,float32,True,True,True,1.012280399139717,1.012280399139717,True,-1.6481555822410687,1.6029766493604765
3.0,102,float64,True,True,True,1.0154253368898676,1.0154253368898676,True,-1.8323510736704858,1.6930574953926296
3.0,103,float32,False,False,True,-0.14709077955318545,-0.147329105851147,False,0.007114409476332337,-0.01888535886079057
3.0,103,float64,True,True,True,1.0105561249534851,1.0105561249534851,True,-1.7524455597365165,2.0015368474984117
3.0,104,float32,True,True,True,1.025723844732235,1.025723844732235,True,-1.9029510325945473,1.5489936607574188
3.0,104,float64,True,True,True,1.0084491409649483,1.0084491409649483,True,-1.5722282362905293,1.9540720699999543
3.0,105,float32,True,True,True,1.0175660286770847,1.017566028677085,True,-1.735625331244595,1.6636271305439063
3.0,105,float64,True,True,True,1.0209637862129393,1.0209637862129393,True,-1.4634976938486943,1.2957769691167123
3.0,106,float32,True,True,True,1.0046971563941662,1.0046971563941662,True,-1.9709138924849476,2.0185188147056348
3.0,106,float64,True,True,True,1.0048099936706603,1.0048099936706598,True,-2.0137027844756794,2.036069602901918
3.0,107,float32,True,True,True,1.030281477031977,1.0302814770319766,True,-1.7232402235432627,1.0412418649973842
3.0,107,float64,False,False,True,-0.3127377371928771,-0.3145641075478822,False,0.033683320581134935,-0.09067726287599265
3.0,108,float32,True,True,True,1.0108577217591401,1.01085772175914,True,-1.707003882957478,1.8482147379460026
3.0,108,float64,False,False,True,-0.06924367809108484,-0.0692667427392325,False,0.01567308177399057,-0.04063602871186081
3.0,109,float32,True,True,True,1.0271287901689354,1.027128790168935,True,-1.9377698699786183,1.4741330697813675
3.0,109,float64,True,True,True,1.023352945441958,1.023352945441958,True,-2.1469266883953235,1.8588517685953754
3.0,110,float32,True,True,True,1.0075776575047732,1.0075776575047732,True,-1.7118864745330278,2.1430568523744222
3.0,110,float64,True,True,True,1.0075909764547637,1.0075909764547637,True,-1.6487784843700908,2.0274616607079734
3.0,111,float32,True,True,True,1.0105219844138178,1.0105219844138178,True,-1.5032026636256681,1.6145109113429887
3.0,111,float64,False,False,True,-0.06337631483482742,-0.0634345418078944,False,0.009390342295777399,-0.026875952288136773
3.0,112,float32,True,True,True,1.0177058641818513,1.0177058641818513,True,-1.6736079272726627,1.4816358648546766
3.0,112,float64,True,True,True,1.0166647885207634,1.016664788520763,True,-1.9122023641684756,1.6897189824190582
3.0,113,float32,True,True,True,1.0190057633214988,1.0190057633214988,True,-2.0178375122725143,1.685774189466259
3.0,113,float64,True,True,True,0.9958978808417047,0.9958978808417048,True,-1.9999906320599052,2.254230854473267
3.0,114,float32,True,True,True,1.013168458562173,1.013168458562173,True,-2.1123693991373944,1.5473315419684992
3.0,114,float64,False,False,True,-0.008703104615076951,-0.0087059980759933,False,0.001011820966909216,-0.002361417634169971
3.0,115,float32,False,False,True,-0.609324592130333,-0.609324592130333,False,0.062417649031330624,-0.17819645714762
3.0,115,float64,False,False,True,-0.2758539556975381,-0.2761710104337851,False,0.04871639447146786,-0.13612795513871181
3.0,116,float32,True,True,True,1.0135925692806858,1.0135925692806858,True,-1.9756812102298262,2.1419801209223213
3.0,116,float64,True,True,True,1.0219229617672374,1.0219229617672374,True,-1.7951978809673044,1.5943540611964035
3.0,117,float32,False,False,True,-0.07843292921513889,-0.0785799511654445,False,0.005012841851810779,-0.013183854634872566
3.0,117,float64,False,False,True,-0.040483040881855725,-0.0405655981759585,False,0.0066770841839713935,-0.017392017014377315
3.0,118,float32,True,True,True,1.0194031783748256,1.0194031783748256,True,-1.975911135290799,1.5564289451544022
3.0,118,float64,False,False,True,-1.122331236292663,-1.122331236292663,False,0.14354854723925276,-0.5726618589798044
3.0,119,float32,True,True,True,1.0079063505435193,1.0079063505435193,True,-2.0156616067615722,1.6744810855944232
3.0,119,float64,False,False,True,-0.1900590365513835,-0.1900590365513835,False,0.025907921988564064,-0.06984735537387407
3.0,120,float32,False,False,True,-0.2697441712069061,-0.2699894666994782,False,0.04298916411469467,-0.09954045870049748
3.0,120,float64,False,False,True,-0.19847992914713197,-0.1987334556262716,False,0.0426740948606632,-0.09829232957719441
3.0,121,float32,False,False,True,-0.033593015672695625,-0.0335930156726956,False,0.006700941332260957,-0.016974519410335065
3.0,121,float64,True,True,True,1.017820363207683,1.0178203632076834,True,-1.6364410368888347,1.4521850579812785
3.0,122,float32,False,False,True,-0.5806136117216151,-0.5822037067456127,False,0.05106846987871465,-0.1535338338867132
3.0,122,float64,False,False,True,-0.41242002845423886,-0.4133169430695196,False,0.05523980080011223,-0.16271156884594307
3.0,123,float32,True,True,True,1.0288077708175987,1.0288077708175989,True,-2.2578323075845113,1.810283334591972
3.0,123,float64,False,False,True,-0.5838377210314625,-0.5846641680647844,False,0.06397030519245649,-0.1740856382763048
3.0,124,float32,True,True,True,1.0178117918655016,1.0178117918655016,True,-1.8536310611595717,1.7576390456199746
3.0,124,float64,True,True,True,1.0365237447091715,1.0365237447091715,True,-1.3150600697984736,0.7875978325259014
3.0,125,float32,False,False,True,-0.08080270669512934,-0.0809372472366476,False,0.005349913618824559,-0.013676180377125646
3.0,125,float64,True,True,True,1.012847449565037,1.012847449565037,True,-1.7691799367782544,1.7000329396231617
3.0,126,float32,True,True,True,1.0133144306481272,1.0133144306481272,True,-1.5493537411409353,1.4546013763129446
3.0,126,float64,False,False,True,-0.2599246729316266,-0.2599246729316266,False,0.052355408205191245,-0.14458221467254692
3.0,127,float32,False,False,True,-0.060931218947660515,-0.0612481474127668,False,0.0014281655439280783,-0.003650510758202663
3.0,127,float64,False,False,True,-0.08319683812438872,-0.0833059151104262,False,0.005688585967820237,-0.014773594423333702
3.0,128,float32,True,True,True,0.9739145590858387,0.9739145590858388,True,-1.1892757918370966,0.12093548823675127
3.0,128,float64,True,True,True,1.0167534783693406,1.0167534783693406,True,-1.7056885535951842,1.2538261390640741
3.0,129,float32,True,True,True,1.0095898253203681,1.0095898253203677,True,-1.8519701522752605,1.8216149660968846
3.0,129,float64,True,True,True,1.0111445214935713,1.0111445214935713,True,-2.0223162109908177,1.8723553656508276
3.0,130,float32,True,True,True,1.0240379890372977,1.0240379890372977,True,-2.1101696394282747,1.9058921873907977
3.0,130,float64,False,False,True,-1.6745457556550434,-1.6745457556550434,False,0.06456127627644134,-0.1667632872341359
3.0,131,float32,True,True,True,1.0168512629312079,1.016851262931208,True,-1.710184672447907,1.6612940801311717
3.0,131,float64,False,False,True,-0.2044546345116977,-0.2047069759318927,False,0.029870348406769665,-0.07434382879499178
3.0,132,float32,True,True,True,1.0061661856940254,1.0061661856940254,True,-1.4870002992644817,1.7272450481943693
3.0,132,float64,True,True,True,1.0022836872017797,1.0022836872017795,True,-1.6173429442173983,2.1862232189739634
3.0,133,float32,False,False,True,-0.07290701033956548,-0.0729070103395654,False,0.005307498120743659,-0.014282179089266323
3.0,133,float64,True,True,True,1.0039593107514668,1.0039593107514668,True,-1.6779513071071595,1.8170741438344127
3.0,134,float32,True,True,True,1.0175203832687512,1.0175203832687512,True,-1.8540087848789568,1.646861573708632
3.0,134,float64,True,True,True,1.0188293167035494,1.0188293167035494,True,-1.7197534981028042,1.4193082156065149
3.0,135,float32,False,False,True,-0.4685977369938414,-0.4685977369938414,False,0.04182743956271151,-0.11323132049958021
3.0,135,float64,False,False,True,-0.26134115224098187,-0.263419932175853,False,0.028614835654068638,-0.07672958661697649
3.0,136,float32,False,False,True,-0.06386466951953423,-0.0638833489030714,False,0.008138065289038432,-0.021612397001524966
3.0,136,float64,False,False,True,-0.10242903900443934,-0.1025875513903943,False,0.0067157044467517635,-0.01805500732059742
3.0,137,float32,True,True,True,1.0280450611516825,1.0280450611516825,True,-2.0733441405324164,1.6526103623588506
3.0,137,float64,True,True,True,1.0247211273024597,1.0247211273024597,True,-1.840010319785927,1.634573241277245
3.0,138,float32,True,True,True,1.0207513804484178,1.0207513804484178,True,-1.9300976537347196,1.5390979375027873
3.0,138,float64,True,True,True,1.00530039381379,1.00530039381379,True,-1.6762984600629203,1.6539965531819094
3.0,139,float32,True,True,True,1.0244438531653146,1.0244438531653146,True,-1.4368899859020043,0.8130145009733543
3.0,139,float64,True,True,True,1.0155776963295953,1.0155776963295953,True,-2.156856494644119,1.8345942973133198
3.0,140,float32,True,True,True,1.0277662340072466,1.0277662340072466,True,-1.6730282945379393,1.0548113388977471
3.0,140,float64,False,False,True,-0.4577682281451925,-0.4577682281451925,False,0.06997717693731983,-0.19901338003899743
3.0,141,float32,True,True,True,1.0204076328826304,1.0204076328826304,True,-1.9273938692866803,1.5454188369107502
3.0,141,float64,True,True,True,1.004848550108432,1.004848550108432,True,-1.9606575672340458,1.770817865671436
3.0,142,float32,True,True,True,1.0115324060079351,1.0115324060079351,True,-1.6845557294194968,1.6669388085931516
3.0,142,float64,True,True,True,1.0128616775429955,1.0128616775429955,True,-1.7539405566206003,1.6131034237549997
3.0,143,float32,False,False,True,-0.26797737372417396,-0.2701404012116795,False,0.03182603306665799,-0.08310400834877812
3.0,143,float64,True,True,True,1.0230120935981049,1.0230120935981049,True,-1.62525748784787,1.6452686735870143
3.0,144,float32,True,True,True,1.0180165066363318,1.0180165066363318,True,-1.7060611240627672,1.680515380701407
3.0,144,float64,True,True,True,1.0172512595300756,1.0172512595300756,True,-1.785358118823046,1.7419743336856923
3.0,145,float32,True,True,True,1.018128638952747,1.018128638952747,True,-1.9185970665650647,1.789459680244586
3.0,145,float64,True,True,True,1.0164686463528785,1.0164686463528785,True,-1.9911342170140518,1.861845806245813
3.0,146,float32,True,True,True,1.011079444913578,1.011079444913578,True,-1.9647843917087613,1.7665298333795834
3.0,146,float64,True,True,True,1.0050395425244911,1.0050395425244911,True,-1.8937400854261224,2.0386137189367233
3.0,147,float32,True,True,True,1.0158402825938841,1.015840282593884,True,-1.5807013747168597,1.5779352386101886
3.0,147,float64,True,True,True,1.0143558613754937,1.0143558613754935,True,-1.6622356313732976,1.7025018177317666
3.0,148,float32,True,True,True,1.0169570822053,1.0169570822053,True,-1.571500850955708,1.1732860754954402
3.0,148,float64,False,False,True,-0.12073478746629362,-0.1207347874662936,False,0.014988457654689813,-0.03987024882756618
3.0,149,float32,False,False,True,-0.23795552210081616,-0.2381389778750616,False,0.018234865084761465,-0.05343845899278445
3.0,149,float64,True,True,True,1.0220652157589565,1.0220652157589565,True,-1.775112586893826,1.8868752401243158
3.0,150,float32,True,True,True,1.0246215216057357,1.0246215216057355,True,-1.3783979652935656,1.3319098892823957
3.0,150,float64,True,True,True,1.021454190353917,1.021454190353917,True,-1.873299246684681,1.9874982111511414
3.0,151,float32,True,True,True,1.0208533336300758,1.0208533336300758,True,-2.0064198515550977,1.8559782046696576
3.0,151,float64,True,True,True,1.0127292305914577,1.0127292305914577,True,-1.5314074298043918,1.3922189904738476
3.0,152,float32,True,True,True,1.0121358764001074,1.0121358764001074,True,-1.7774616534707786,1.98799681735583
3.0,152,float64,True,True,True,1.0255308777223675,1.0255308777223675,True,-1.9375691705895477,1.5286468231706367
3.0,153,float32,True,True,True,1.0096015456789784,1.0096015456789784,True,-1.7867290044716082,1.7312547121005109
3.0,153,float64,True,True,True,1.0307673950381107,1.0307673950381109,True,-1.6381650310423375,1.2100578490420277
3.0,154,float32,True,True,True,1.0180746347285416,1.0180746347285416,True,-1.8754385583096767,1.5012384486740054
3.0,154,float64,False,False,True,-0.13819922333865672,-0.138298110255378,False,0.017238772492971732,-0.04554912875302147
3.0,155,float32,True,True,True,1.0336548983729639,1.033654898372964,True,-1.8107615033804123,1.3887055325118185
3.0,155,float64,True,True,True,1.03682646404789,1.03682646404789,True,-1.9233123257900768,1.313834478849226
3.0,156,float32,False,False,True,-0.3638102432802739,-0.3638102432802739,False,0.04751166803350737,-0.11568137476949049
3.0,156,float64,True,True,True,1.024568476727267,1.024568476727267,True,-2.0195840512354675,1.8223256124989646
3.0,157,float32,False,False,True,-0.18331368549755922,-0.1843969023292282,False,0.007863045897439164,-0.019299610659895466
3.0,157,float64,True,True,True,1.017131308212746,1.017131308212746,True,-2.1478633786819596,1.65333009726562
3.0,158,float32,False,False,True,-0.01571223179044834,-0.0157223025363162,False,0.0009487215418103045,-0.0022595802318362557
3.0,158,float64,True,True,True,1.0132399443376294,1.0132399443376294,True,-1.8320234424412583,1.626253612412885
3.0,159,float32,True,True,True,1.0161665450785509,1.0161665450785509,True,-1.9569912798866973,1.6942784513310283
3.0,159,float64,True,True,True,1.0159064087666643,1.0159064087666645,True,-1.7575092947314257,1.5964782622993798
3.0,160,float32,False,False,True,-0.38005280275320863,-0.3840393423245104,False,0.006923948548824332,-0.01639099332058648
3.0,160,float64,True,True,True,1.019034401257171,1.019034401257171,True,-2.0143851259782206,2.249162081370258
3.0,161,float32,False,False,True,-0.4438558068476621,-0.447938302374823,False,0.0368606789223444,-0.08978693898031409
3.0,161,float64,True,True,True,1.0284303777989754,1.0284303777989754,True,-1.7359258838825138,1.4768652984667812
3.0,162,float32,True,True,True,1.0114847510758231,1.0114847510758231,True,-1.8856973034201427,1.6452466228875062
3.0,162,float64,False,False,True,-0.017563978584105966,-0.0175639785841059,False,0.0022747592442476927,-0.005569125924040574
3.0,163,float32,True,True,True,1.0217033627360332,1.0217033627360332,True,-1.685390164381852,1.7021289852508499
3.0,163,float64,True,True,True,1.021602649387186,1.021602649387186,True,-1.5498512733084784,1.5532279763728951
3.0,164,float32,True,True,True,1.0141254744861485,1.0141254744861483,True,-1.8582794034768533,1.926378227344431
3.0,164,float64,True,True,True,1.0164693414332375,1.0164693414332375,True,-1.5412847117895971,1.5451247643322912
3.0,165,float32,True,True,True,1.0182402728824962,1.0182402728824962,True,-1.917921560271017,1.5426410451487538
3.0,165,float64,False,False,True,-0.2968743461079897,-0.2973181748706804,False,0.07179574589763621,-0.20942506444751452
3.0,166,float32,False,False,True,-0.9422922156761578,-0.9422922156761578,False,0.08790982403908924,-0.29624603335609334
3.0,166,float64,True,True,True,1.0202412940620036,1.0202412940620036,True,-2.180380754275589,1.7785708943921232
3.0,167,float32,True,True,True,1.0308097043642683,1.0308097043642683,True,-1.7929757669709705,1.3361203794728578
3.0,167,float64,True,True,True,1.0272560175367218,1.0272560175367218,True,-2.009344574236943,1.6180813113815606
3.0,168,float32,True,True,True,1.0122491983389859,1.012249198338986,True,-1.9093911272981945,1.8505302758924103
3.0,168,float64,False,False,True,-0.09103027886358439,-0.0913807760348413,False,0.005670132793094529,-0.013886860516804655
3.0,169,float32,True,True,True,1.0098439447995071,1.0098439447995071,True,-1.8083284835537867,2.226909980288122
3.0,169,float64,False,False,True,-0.27854796905901985,-0.278921448722958,False,0.03982745130785248,-0.11445099247432877
3.0,170,float32,True,True,True,1.0325651617722427,1.032565161772243,True,-1.3915688781676234,1.3519425450252402
3.0,170,float64,False,False,True,-0.374864194649434,-0.3758909014000042,False,0.05593601315755001,-0.148605742796653
3.0,171,float32,True,True,True,1.0277341564563378,1.0277341564563378,True,-1.2325433111545054,0.700787258278921
3.0,171,float64,True,True,True,1.0057792171674866,1.0057792171674866,True,-1.5126343039633579,1.9216056773433072
3.0,172,float32,True,True,True,1.0225393316987956,1.0225393316987956,True,-2.1373956131655625,1.7829547175385319
3.0,172,float64,True,True,True,1.0048373827785904,1.0048373827785904,True,-1.6641491329637024,1.7576908790049357
3.0,173,float32,True,True,True,1.0129838873386454,1.0129838873386454,True,-1.8815303911076757,1.8564350348539778
3.0,173,float64,True,True,True,1.0119730689369564,1.0119730689369564,True,-1.9422234605427136,1.9996532149137884
3.0,174,float32,True,True,True,1.0271385138979405,1.02713851389794,True,-1.9343469675981666,1.3123979716554839
3.0,174,float64,True,True,True,1.0051537439812335,1.005153743981233,True,-1.68063586528738,1.7617235650063297
3.0,175,float32,True,True,True,1.0220248049682485,1.0220248049682483,True,-1.6705958741866347,1.100439367054868
3.0,175,float64,True,True,True,1.0116417533639805,1.0116417533639803,True,-1.7217452131288074,1.638282427997484
3.0,176,float32,False,False,True,-0.005803826865198314,-0.0058060424122698,False,0.0005306369255582144,-0.0013527560689243767
3.0,176,float64,True,True,True,1.017619211581673,1.017619211581673,True,-1.764388348518068,1.5362398669778399
3.0,177,float32,False,False,True,-0.5919003369429858,-0.5919003369429858,False,0.047758787374012734,-0.1395390953763257
3.0,177,float64,True,True,True,1.013778705223142,1.013778705223142,True,-1.92517590908977,1.8897947153316785
3.0,178,float32,True,True,True,1.0228650219957833,1.022865021995783,True,-1.8112228028819874,1.539280647046211
3.0,178,float64,True,True,True,1.0184935277257683,1.0184935277257685,True,-2.1984375482126914,2.0840905071759384
3.0,179,float32,False,False,True,-0.08430107456744462,-0.0849703536594685,False,0.004361997799222306,-0.011224237086592481
3.0,179,float64,False,False,True,-0.08202993509309398,-0.0825237526061037,False,0.006484221474434171,-0.01668312168045183
3.0,180,float32,True,True,True,1.0221000243192493,1.0221000243192493,True,-1.8083187899473128,1.9869428710231407
3.0,180,float64,True,True,True,1.024749061420764,1.024749061420764,True,-1.5114514194149908,1.517629631685029
3.0,181,float32,True,True,True,1.020049973239277,1.020049973239277,True,-1.6610068313864037,1.6098408572140785
3.0,181,float64,False,False,True,-0.11302833572440607,-0.1132326686440547,False,0.01416157169912502,-0.038759915573865045
3.0,182,float32,True,True,True,1.0273241575220076,1.0273241575220076,True,-1.4753445849689992,0.8364749816229713
3.0,182,float64,True,True,True,1.0175374080434096,1.0175374080434096,True,-1.8002599815231655,1.3992524060838223
3.0,183,float32,True,True,True,1.0191206926322982,1.0191206926322982,True,-2.1400543110513226,1.6433679404597585
3.0,183,float64,True,True,True,1.0187234756308792,1.0187234756308792,True,-2.202368942015715,1.719726592260054
3.0,184,float32,True,True,True,1.0205117900600822,1.0205117900600822,True,-2.0793643266026667,1.931434910985537
3.0,184,float64,True,True,True,1.0215535254739159,1.021553525473916,True,-1.7836583738700593,1.6484371321001596
3.0,185,float32,False,False,True,-0.018491092997330427,-0.0184951116942452,False,0.0018991331238631948,-0.004680369370202164
3.0,185,float64,True,True,True,1.0113966921792876,1.0113966921792876,True,-1.718620157425386,1.6738461395045547
3.0,186,float32,True,True,True,1.0174183856426993,1.0174183856426993,True,-1.6184303316458752,1.4459402987169838
3.0,186,float64,False,False,True,-0.10504377347784621,-0.1051331955424791,False,0.027323213318951267,-0.07456603671561146
3.0,187,float32,True,True,True,1.025889404070932,1.025889404070932,True,-1.3849166572450677,1.2888431167416536
3.0,187,float64,True,True,True,1.0168468253304663,1.0168468253304663,True,-1.6996861626431539,1.9105930260515818
3.0,188,float32,True,True,True,1.0241764319194528,1.0241764319194528,True,-1.8309728123381142,1.7250897314698976
3.0,188,float64,True,True,True,1.0450287340300877,1.0450287340300877,True,-1.402688711434644,0.7930182027920258
3.0,189,float32,True,True,True,1.0175945013459105,1.0175945013459105,True,-1.7297273141709049,1.5474704633711918
3.0,189,float64,False,False,True,-0.23640630488999037,-0.237032064883821,False,0.0246936702726763,-0.07035029262563469
3.0,190,float32,True,True,True,1.0071665487966137,1.0071665487966135,True,-1.8199173413172787,1.7583736887023411
3.0,190,float64,True,True,True,1.017326643211494,1.017326643211494,True,-1.8251693285989532,1.6292942091885525
3.0,191,float32,True,True,True,1.02112830690358,1.02112830690358,True,-2.1576221133074274,1.7165734057475959
3.0,191,float64,False,False,True,-0.3638981357057086,-0.3638981357057086,False,0.03766609702599319,-0.09340635684958459
3.0,192,float32,True,True,True,1.0209239869896325,1.0209239869896325,True,-1.8264247889877794,1.7755287864726261
3.0,192,float64,True,True,True,1.0090131839034728,1.0090131839034728,True,-1.9202740965339729,2.2612633151557517
3.0,193,float32,True,True,True,1.0183410525814032,1.0183410525814032,True,-1.8057695601258796,1.5773075465125288
3.0,193,float64,True,True,True,1.0191704179293528,1.0191704179293528,True,-2.057965912828152,1.735941131433541
3.0,194,float32,True,True,True,1.0378261986739448,1.0378261986739448,True,-1.232251512692713,0.6357404558881599
3.0,194,float64,True,True,True,1.0195204206248958,1.0195204206248958,True,-1.8265168629103705,1.6550655884750523
3.0,195,float32,True,True,True,1.0341296825428898,1.0341296825428898,True,-2.1261317429567974,1.3436438333343386
3.0,195,float64,True,True,True,0.9951995210711955,0.9951995210711956,True,-1.6230982231504072,1.8312980283038298
3.0,196,float32,False,False,True,-0.05409268127989264,-0.0541094437114705,False,0.009125957466006335,-0.024866575232351668
3.0,196,float64,True,True,True,1.003481041042896,1.003481041042896,True,-1.5814095897655704,1.5809993032891407
3.0,197,float32,True,True,True,1.0225102792053034,1.0225102792053034,True,-1.7028696165964945,1.250723947597808
3.0,197,float64,False,False,True,-1.0912092977755272,-1.0912092977755272,False,0.07934026430734908,-0.20688622978793147
3.0,198,float32,True,True,True,1.00761168349172,1.00761168349172,True,-1.7239820551528577,1.8260666938224803
3.0,198,float64,True,True,True,1.0067044372171141,1.006704437217114,True,-1.6335869289290628,1.8423664006351919
3.0,199,float32,True,True,True,1.0195251849629958,1.0195251849629958,True,-2.002142223162963,1.4395520718263954
3.0,199,float64,False,False,True,-0.4788422184694903,-0.4788422184694903,False,0.03878228208968992,-0.10800485778975674
