activation,parameter,seed,eval_errors,solved,w2_abs,w1_abs
sin_family,0.5,0,137,False,0.3378264605998993,1.2599390745162964
sin_family,0.5,1,156,False,0.31255289912223816,1.298476219177246
sin_family,0.5,2,146,False,0.30243152379989624,1.2815386056900024
sin_family,0.5,3,151,False,0.37629014253616333,1.2821581363677979
sin_family,0.5,4,192,False,0.7347577810287476,0.0018204353982582688
sin_family,0.5,5,160,False,0.2600443363189697,1.284973382949829
sin_family,0.5,6,188,False,0.6442571878433228,0.02537205070257187
sin_family,0.5,7,174,False,0.30025047063827515,1.2718034982681274
sin_family,0.5,8,198,False,0.7226178050041199,0.00252008275128901
sin_family,0.5,9,176,False,0.3073314428329468,1.2816275358200073
sin_family,0.5,10,169,False,0.35650014877319336,1.2778165340423584
sin_family,0.5,11,211,False,0.548898458480835,0.04311772808432579
sin_family,0.5,12,164,False,0.32801005244255066,1.2514846324920654
sin_family,0.5,13,200,False,0.852398157119751,0.061283621937036514
sin_family,0.5,14,189,False,0.6226822733879089,0.005237281788140535
sin_family,0.5,15,150,False,0.31801140308380127,1.2784355878829956
sin_family,0.5,16,167,False,0.29704561829566956,1.2648884057998657
sin_family,0.5,17,211,False,0.9486731290817261,0.0026651618536561728
sin_family,0.5,18,166,False,0.3179298937320709,1.271031379699707
sin_family,0.5,19,166,False,0.35137197375297546,1.2853457927703857
sin_family,0.5,20,176,False,0.3385557234287262,1.286017656326294
sin_family,0.5,21,197,False,1.099940299987793,0.03298831731081009
sin_family,0.5,22,158,False,0.31018155813217163,1.293087363243103
sin_family,0.5,23,160,False,0.3122841417789459,1.25746488571167
sin_family,0.5,24,153,False,0.3642534017562866,1.2790858745574951
sin_family,0.5,25,162,False,0.3725607991218567,1.2564702033996582
sin_family,0.5,26,174,False,0.3054158687591553,1.2689377069473267
sin_family,0.5,27,132,False,0.4682578146457672,1.25038480758667
sin_family,0.5,28,166,False,0.3679681122303009,1.2417701482772827
sin_family,0.5,29,197,False,0.38461554050445557,0.04343128949403763
sin_family,0.5,30,161,False,0.30279919505119324,1.2600101232528687
sin_family,0.5,31,139,False,0.4073428511619568,1.2825278043746948
sin_family,0.5,32,169,False,0.27873820066452026,1.2801902294158936
sin_family,0.5,33,175,False,0.3642127215862274,1.2941018342971802
sin_family,0.5,34,157,False,0.30099135637283325,1.2813752889633179
sin_family,0.5,35,144,False,0.33568650484085083,1.2731603384017944
sin_family,0.5,36,154,False,0.40525683760643005,1.284740924835205
sin_family,0.5,37,171,False,0.44502440094947815,0.03334412723779678
sin_family,0.5,38,147,False,0.49465999007225037,1.267906665802002
sin_family,0.5,39,156,False,0.36594703793525696,1.2602732181549072
sin_family,0.5,40,154,False,0.34324389696121216,1.2948095798492432
sin_family,0.5,41,165,False,0.33635589480400085,1.2733536958694458
sin_family,0.5,42,176,False,0.24697574973106384,1.2788695096969604
sin_family,0.5,43,165,False,0.36706748604774475,1.2855703830718994
sin_family,0.5,44,185,False,1.085740566253662,0.04265211895108223
sin_family,0.5,45,155,False,0.42955392599105835,1.2911208868026733
sin_family,0.5,46,186,False,0.6391431093215942,0.054021988064050674
sin_family,0.5,47,148,False,0.3826204836368561,1.2839398384094238
sin_family,0.5,48,190,False,0.9562563300132751,0.012693247757852077
sin_family,0.5,49,165,False,0.3606838285923004,1.2797389030456543
sin_family,0.5,50,198,False,1.1422951221466064,0.06497037410736084
sin_family,0.5,51,164,False,0.37927913665771484,1.2783253192901611
sin_family,0.5,52,150,False,0.32473212480545044,1.2772043943405151
sin_family,0.5,53,150,False,0.35930484533309937,1.2754708528518677
sin_family,0.5,54,167,False,0.35372355580329895,1.2621524333953857
sin_family,0.5,55,187,False,0.15635335445404053,0.037808857858181
sin_family,0.5,56,168,False,0.3351511061191559,1.2950540781021118
sin_family,0.5,57,186,False,0.7154576778411865,0.025571387261152267
sin_family,0.5,58,161,False,0.3524344265460968,1.2787607908248901
sin_family,0.5,59,189,False,0.21310053765773773,0.015820322558283806
sin_family,0.5,60,160,False,0.255169153213501,1.2677415609359741
sin_family,0.5,61,158,False,0.3198959529399872,1.2695801258087158
sin_family,0.5,62,158,False,0.41662323474884033,1.2862815856933594
sin_family,0.5,63,175,False,0.367127925157547,1.2748161554336548
sin_family,0.5,64,170,False,0.5056712627410889,1.298410415649414
sin_family,0.5,65,188,False,0.24264249205589294,0.013586698099970818
sin_family,0.5,66,195,False,0.23877772688865662,0.0187578983604908
sin_family,0.5,67,140,False,0.3464629650115967,1.266149640083313
sin_family,0.5,68,201,False,0.7722993493080139,0.020450666546821594
sin_family,0.5,69,155,False,0.3147701621055603,1.2602641582489014
sin_family,0.5,70,203,False,0.8603221774101257,0.027078721672296524
sin_family,0.5,71,170,False,0.4214521050453186,1.2821446657180786
sin_family,0.5,72,177,False,0.3308270573616028,1.2842309474945068
sin_family,0.5,73,157,False,0.35090070962905884,1.3001973628997803
sin_family,0.5,74,212,False,0.34685567021369934,0.02249988168478012
sin_family,0.5,75,182,False,0.34603944420814514,1.2667529582977295
sin_family,0.5,76,189,False,0.35907822847366333,1.275423288345337
sin_family,0.5,77,154,False,0.3647224009037018,1.2759701013565063
sin_family,0.5,78,146,False,0.377410888671875,1.2698274850845337
sin_family,0.5,79,196,False,0.2176404595375061,0.06589172035455704
sin_family,0.5,80,191,False,0.5424337387084961,0.010711939074099064
sin_family,0.5,81,169,False,0.3491295576095581,1.271227478981018
sin_family,0.5,82,182,False,1.246747374534607,0.03945205360651016
sin_family,0.5,83,161,False,0.4004894196987152,1.292354941368103
sin_family,0.5,84,155,False,0.35119739174842834,1.2920231819152832
sin_family,0.5,85,162,False,0.34597522020339966,1.2723675966262817
sin_family,0.5,86,162,False,0.3524821698665619,1.2711771726608276
sin_family,0.5,87,164,False,0.31941545009613037,1.2788691520690918
sin_family,0.5,88,159,False,0.4135929048061371,1.2693363428115845
sin_family,0.5,89,179,False,0.2794111967086792,1.272274374961853
sin_family,0.5,90,180,False,0.24794238805770874,1.2609121799468994
sin_family,0.5,91,171,False,0.3655456006526947,1.2974079847335815
sin_family,0.5,92,200,False,0.7561131715774536,0.07749342918395996
sin_family,0.5,93,158,False,0.3713871240615845,1.264356017112732
sin_family,0.5,94,139,False,0.3761012554168701,1.2634159326553345
sin_family,0.5,95,167,False,0.3206503093242645,1.2749744653701782
sin_family,0.5,96,151,False,0.3287399709224701,1.2864179611206055
sin_family,0.5,97,153,False,0.31539538502693176,1.2711390256881714
sin_family,0.5,98,171,False,0.36994805932044983,1.2652310132980347
sin_family,0.5,99,203,False,0.20088046789169312,0.011867905966937542
sin_family,0.5,100,143,False,0.23684492707252502,1.2676670551300049
sin_family,0.5,101,153,False,0.2786312401294708,1.353341817855835
sin_family,0.5,102,147,False,0.32491573691368103,1.2666363716125488
sin_family,0.5,103,190,False,0.2551266551017761,0.02625623159110546
sin_family,0.5,104,146,False,0.33098697662353516,1.2726283073425293
sin_family,0.5,105,165,False,0.37577882409095764,1.2829177379608154
sin_family,0.5,106,164,False,0.32552722096443176,1.2751097679138184
sin_family,0.5,107,171,False,0.33107709884643555,1.2720654010772705
sin_family,0.5,108,156,False,0.3107181191444397,1.276177167892456
sin_family,0.5,109,149,False,0.41056832671165466,1.2735650539398193
sin_family,0.5,110,156,False,0.36181819438934326,1.2968599796295166
sin_family,0.5,111,149,False,0.3057551085948944,1.2776176929473877
sin_family,0.5,112,178,False,0.3158269226551056,1.2831252813339233
sin_family,0.5,113,148,False,0.4386129379272461,1.267410159111023
sin_family,0.5,114,158,False,0.288672536611557,1.2574886083602905
sin_family,0.5,115,198,False,0.837676465511322,0.05277960002422333
sin_family,0.5,116,177,False,0.24422955513000488,1.2981877326965332
sin_family,0.5,117,204,False,0.33554908633232117,0.012868632562458515
sin_family,0.5,118,153,False,0.4938395321369171,1.2719902992248535
sin_family,0.5,119,155,False,0.31580641865730286,1.2686456441879272
sin_family,0.5,120,190,False,0.6542583703994751,0.05529520660638809
sin_family,0.5,121,208,False,0.7697275280952454,0.007719032932072878
sin_family,0.5,122,169,False,0.3541163504123688,1.2999697923660278
sin_family,0.5,123,175,False,0.3566735088825226,1.2809116840362549
sin_family,0.5,124,146,False,0.327059268951416,1.2879265546798706
sin_family,0.5,125,207,False,0.36344680190086365,0.013020485639572144
sin_family,0.5,126,155,False,0.3446367084980011,1.2697993516921997
sin_family,0.5,127,153,False,0.29818016290664673,1.2703834772109985
sin_family,0.5,128,205,False,1.2214555740356445,0.03906530141830444
sin_family,0.5,129,172,False,0.30342891812324524,1.2546073198318481
sin_family,0.5,130,169,False,0.341145396232605,1.2860153913497925
sin_family,0.5,131,169,False,0.32049545645713806,1.2913885116577148
sin_family,0.5,132,143,False,0.3531840443611145,1.2809044122695923
sin_family,0.5,133,186,False,0.42163896560668945,0.008796456269919872
sin_family,0.5,134,160,False,0.3401970863342285,1.2628614902496338
sin_family,0.5,135,146,False,0.32996872067451477,1.2647719383239746
sin_family,0.5,136,193,False,0.4921655058860779,0.014103238470852375
sin_family,0.5,137,184,False,0.35607069730758667,1.2744736671447754
sin_family,0.5,138,184,False,0.26325151324272156,1.2868045568466187
sin_family,0.5,139,153,False,0.34524333477020264,1.261904001235962
sin_family,0.5,140,151,False,0.35903605818748474,1.2611002922058105
sin_family,0.5,141,194,False,0.20684680342674255,1.2623302936553955
sin_family,0.5,142,150,False,0.30365389585494995,1.2716763019561768
sin_family,0.5,143,200,False,0.5653488636016846,0.04873199015855789
sin_family,0.5,144,158,False,0.36539557576179504,1.2742575407028198
sin_family,0.5,145,145,False,0.4350587725639343,1.2755441665649414
sin_family,0.5,146,165,False,0.3792887330055237,1.27252995967865
sin_family,0.5,147,144,False,0.44207480549812317,1.2855504751205444
sin_family,0.5,148,146,False,0.3058142364025116,1.2659484148025513
sin_family,0.5,149,182,False,0.29974114894866943,0.06396428495645523
sin_family,0.5,150,170,False,0.3238459527492523,1.279547929763794
sin_family,0.5,151,180,False,0.23620261251926422,1.2780128717422485
sin_family,0.5,152,160,False,0.31946030259132385,1.2758527994155884
sin_family,0.5,153,157,False,0.40089181065559387,1.2741488218307495
sin_family,0.5,154,156,False,0.30982011556625366,1.2661383152008057
sin_family,0.5,155,164,False,0.4709576964378357,1.298021674156189
sin_family,0.5,156,167,False,0.3247852027416229,1.2881697416305542
sin_family,0.5,157,207,False,0.37520021200180054,0.01948566548526287
sin_family,0.5,158,201,False,0.1428309679031372,0.004503277130424976
sin_family,0.5,159,171,False,0.22999133169651031,1.2700741291046143
sin_family,0.5,160,196,False,0.14434856176376343,0.06108254939317703
sin_family,0.5,161,199,False,0.417493999004364,0.0765620768070221
sin_family,0.5,162,150,False,0.29126259684562683,1.2809267044067383
sin_family,0.5,163,179,False,0.8516603708267212,0.08900691568851471
sin_family,0.5,164,164,False,0.3082984983921051,1.2931561470031738
sin_family,0.5,165,157,False,0.369564414024353,1.271931529045105
sin_family,0.5,166,153,False,0.3942717909812927,1.2718678712844849
sin_family,0.5,167,164,False,0.41511955857276917,1.2848906517028809
sin_family,0.5,168,165,False,0.28172895312309265,1.2823623418807983
sin_family,0.5,169,161,False,0.33553144335746765,1.2923071384429932
sin_family,0.5,170,164,False,0.34905335307121277,1.298500895500183
sin_family,0.5,171,166,False,0.9072707891464233,0.11358706653118134
sin_family,0.5,172,145,False,0.33801329135894775,1.2699681520462036
sin_family,0.5,173,162,False,0.338093101978302,1.2768962383270264
sin_family,0.5,174,203,False,1.1772937774658203,0.05781283602118492
sin_family,0.5,175,164,False,0.3001460134983063,1.278105616569519
sin_family,0.5,176,196,False,0.5102604627609253,0.0005636827554553747
sin_family,0.5,177,169,False,0.8084884285926819,0.039511021226644516
sin_family,0.5,178,172,False,0.3516651391983032,1.2893649339675903
sin_family,0.5,179,215,False,0.42156434059143066,0.01589689776301384
sin_family,0.5,180,163,False,0.2413935363292694,1.293900728225708
sin_family,0.5,181,155,False,0.3160187304019928,1.2735753059387207
sin_family,0.5,182,151,False,0.39155033230781555,1.2673308849334717
sin_family,0.5,183,147,False,0.38067376613616943,1.2753455638885498
sin_family,0.5,184,158,False,0.3585220277309418,1.3018519878387451
sin_family,0.5,185,202,False,0.3865947723388672,0.0038743114564567804
sin_family,0.5,186,151,False,0.322267085313797,1.274742603302002
sin_family,0.5,187,154,False,0.3760373592376709,1.2922861576080322
sin_family,0.5,188,156,False,0.3298645615577698,1.296386957168579
sin_family,0.5,189,132,False,0.3224688768386841,1.277493953704834
sin_family,0.5,190,173,False,0.23384596407413483,1.2593092918395996
sin_family,0.5,191,153,False,0.3228353261947632,1.2781932353973389
sin_family,0.5,192,199,False,0.47616392374038696,0.14003542065620422
sin_family,0.5,193,168,False,0.36659151315689087,1.2863993644714355
sin_family,0.5,194,165,False,0.37177231907844543,1.2785065174102783
sin_family,0.5,195,165,False,0.3330654203891754,1.2773776054382324
sin_family,0.5,196,202,False,0.6472665071487427,0.012166628614068031
sin_family,0.5,197,215,False,0.42798519134521484,0.09790021181106567
sin_family,0.5,198,149,False,0.2830717861652374,1.2810533046722412
sin_family,0.5,199,163,False,0.3284066915512085,1.2678687572479248
sin_family,0.9,0,113,False,0.6663091778755188,1.1890366077423096
sin_family,0.9,1,136,False,1.0201034545898438,1.0225975513458252
sin_family,0.9,2,120,False,1.0154407024383545,1.0029751062393188
sin_family,0.9,3,125,False,1.08074152469635,1.0238947868347168
sin_family,0.9,4,192,False,0.6999145746231079,0.0014999683480709791
sin_family,0.9,5,134,False,0.9500681757926941,1.00691819190979
sin_family,0.9,6,188,False,0.7016282081604004,0.018033815547823906
sin_family,0.9,7,139,False,1.0112766027450562,0.9961217641830444
sin_family,0.9,8,198,False,0.6832377910614014,0.0020716383587569
sin_family,0.9,9,143,False,1.0105969905853271,1.0075455904006958
sin_family,0.9,10,145,False,1.0932281017303467,1.001157283782959
sin_family,0.9,11,211,False,0.5228137373924255,0.03724108263850212
sin_family,0.9,12,137,False,1.0630415678024292,0.9792332649230957
sin_family,0.9,13,199,False,0.7065081596374512,0.059419792145490646
sin_family,0.9,14,188,False,0.5628301501274109,0.006444429513067007
sin_family,0.9,15,128,False,1.0215872526168823,1.0112488269805908
sin_family,0.9,16,199,False,0.2863199710845947,0.06734475493431091
sin_family,0.9,17,211,False,0.8965206742286682,0.002213460160419345
sin_family,0.9,18,137,False,1.0409077405929565,0.9967381358146667
sin_family,0.9,19,144,False,1.0921803712844849,1.0074758529663086
sin_family,0.9,20,154,False,1.008437991142273,1.0299392938613892
sin_family,0.9,21,197,False,1.0364702939987183,0.027520574629306793
sin_family,0.9,22,128,False,0.9204009175300598,1.0582859516143799
sin_family,0.9,23,138,False,1.0180716514587402,0.9900803565979004
sin_family,0.9,24,128,False,1.1063092947006226,1.0088438987731934
sin_family,0.9,25,138,False,0.8993866443634033,1.0771907567977905
sin_family,0.9,26,151,False,0.9193586707115173,1.0387699604034424
sin_family,0.9,27,115,False,1.2077229022979736,1.0051841735839844
sin_family,0.9,28,138,False,1.0593613386154175,0.9898877143859863
sin_family,0.9,29,197,False,0.36671382188796997,0.03522540256381035
sin_family,0.9,30,139,False,1.010174036026001,0.9928419589996338
sin_family,0.9,31,114,False,1.2097084522247314,1.000699758529663
sin_family,0.9,32,139,False,0.9555200934410095,1.009096622467041
sin_family,0.9,33,154,False,1.1166731119155884,1.013428807258606
sin_family,0.9,34,122,False,1.0061343908309937,1.0069310665130615
sin_family,0.9,35,123,False,0.9555486440658569,1.0458593368530273
sin_family,0.9,36,133,False,1.1620992422103882,1.0093152523040771
sin_family,0.9,37,170,False,0.36770954728126526,0.031305842101573944
sin_family,0.9,38,128,False,1.3456648588180542,0.9904743432998657
sin_family,0.9,39,133,False,1.1088430881500244,0.9883313775062561
sin_family,0.9,40,129,False,1.083168387413025,1.014990210533142
sin_family,0.9,41,144,False,0.9808792471885681,1.0310099124908447
sin_family,0.9,42,138,False,0.9354631900787354,1.001481533050537
sin_family,0.9,43,132,False,1.0271649360656738,1.0414222478866577
sin_family,0.9,44,134,False,1.0686070919036865,1.0185668468475342
sin_family,0.9,45,128,False,1.081514596939087,1.0627285242080688
sin_family,0.9,46,186,False,0.5983831882476807,0.04622804746031761
sin_family,0.9,47,118,False,1.085137128829956,1.0249707698822021
sin_family,0.9,48,190,False,0.9990929961204529,0.010153130628168583
sin_family,0.9,49,144,False,0.994753360748291,1.0464860200881958
sin_family,0.9,50,198,False,1.075076699256897,0.05617070943117142
sin_family,0.9,51,131,False,0.8699560761451721,0.9906142354011536
sin_family,0.9,52,121,False,1.0222139358520508,1.0055172443389893
sin_family,0.9,53,131,False,1.0854861736297607,1.0050610303878784
sin_family,0.9,54,139,False,0.9699094891548157,1.0347611904144287
sin_family,0.9,55,187,False,0.12562604248523712,0.030026700347661972
sin_family,0.9,56,137,False,0.9057891964912415,1.0341684818267822
sin_family,0.9,57,186,False,0.7232057452201843,0.019802937284111977
sin_family,0.9,58,131,False,0.9207834005355835,1.0708013772964478
sin_family,0.9,59,189,False,0.1859678477048874,0.012199556455016136
sin_family,0.9,60,133,False,0.9402439594268799,0.9944350123405457
sin_family,0.9,61,139,False,1.0541512966156006,0.9909694790840149
sin_family,0.9,62,135,False,1.1668438911437988,1.0145127773284912
sin_family,0.9,63,144,False,1.1127793788909912,0.9965168833732605
sin_family,0.9,64,146,False,1.2072784900665283,1.0512338876724243
sin_family,0.9,65,188,False,0.2687210142612457,0.01197565533220768
sin_family,0.9,66,195,False,0.21238046884536743,0.014774320647120476
sin_family,0.9,67,127,False,1.0902355909347534,0.990538477897644
sin_family,0.9,68,201,False,0.7262892127037048,0.01707480475306511
sin_family,0.9,69,129,False,1.0219589471817017,0.9901512265205383
sin_family,0.9,70,203,False,0.8434020280838013,0.02199985645711422
sin_family,0.9,71,147,False,1.198064923286438,1.0048569440841675
sin_family,0.9,72,153,False,1.0706571340560913,1.004029631614685
sin_family,0.9,73,131,False,1.0742132663726807,1.023147463798523
sin_family,0.9,74,212,False,0.3401746153831482,0.01766332797706127
sin_family,0.9,75,149,False,1.077400803565979,0.9911631941795349
sin_family,0.9,76,159,False,1.0839190483093262,1.0025718212127686
sin_family,0.9,77,128,False,1.1360151767730713,0.9970899820327759
sin_family,0.9,78,131,False,1.0821471214294434,1.016133427619934
sin_family,0.9,79,196,False,0.24874994158744812,0.04075726866722107
sin_family,0.9,80,191,False,0.5141751766204834,0.008747026324272156
sin_family,0.9,81,136,False,0.8522045016288757,1.0130678415298462
sin_family,0.9,82,182,False,1.2014414072036743,0.03230686113238335
sin_family,0.9,83,136,False,1.138807773590088,1.022629976272583
sin_family,0.9,84,147,False,0.9317135214805603,0.9948145151138306
sin_family,0.9,85,132,False,1.0683739185333252,1.0000132322311401
sin_family,0.9,86,178,False,0.3698131740093231,0.38167592883110046
sin_family,0.9,87,135,False,1.0070760250091553,1.014419674873352
sin_family,0.9,88,136,False,1.186158537864685,0.9951848387718201
sin_family,0.9,89,134,False,0.9748128056526184,0.9967148900032043
sin_family,0.9,90,146,False,0.9248313903808594,0.9895459413528442
sin_family,0.9,91,140,False,1.1059585809707642,1.0189270973205566
sin_family,0.9,92,200,False,0.7459337711334229,0.053095582872629166
sin_family,0.9,93,132,False,1.1169310808181763,0.9938654899597168
sin_family,0.9,94,123,False,1.0761642456054688,1.0100409984588623
sin_family,0.9,95,140,False,1.0408140420913696,1.0013269186019897
sin_family,0.9,96,126,False,1.0608417987823486,1.0095244646072388
sin_family,0.9,97,131,False,0.9790493845939636,1.0199567079544067
sin_family,0.9,98,150,False,1.1039507389068604,0.9938758015632629
sin_family,0.9,99,203,False,0.20330175757408142,0.00934017263352871
sin_family,0.9,100,124,False,0.9331266283988953,0.9893442988395691
sin_family,0.9,101,129,False,0.8400816321372986,1.0900061130523682
sin_family,0.9,102,123,False,0.9925907254219055,1.0129730701446533
sin_family,0.9,103,190,False,0.239549458026886,0.0213109590113163
sin_family,0.9,104,125,False,1.0638972520828247,0.9981537461280823
sin_family,0.9,105,139,False,1.0976746082305908,1.0162606239318848
sin_family,0.9,106,130,False,1.0605682134628296,0.9957962036132812
sin_family,0.9,107,145,False,1.014430046081543,1.0151890516281128
sin_family,0.9,108,135,False,1.027335524559021,1.0000059604644775
sin_family,0.9,109,133,False,1.1767237186431885,1.0016099214553833
sin_family,0.9,110,128,False,1.1124640703201294,1.0147197246551514
sin_family,0.9,111,130,False,0.9876400828361511,1.0183870792388916
sin_family,0.9,112,157,False,0.9884592294692993,1.023578405380249
sin_family,0.9,113,130,False,1.210671305656433,0.9999244213104248
sin_family,0.9,114,137,False,0.9765377640724182,0.987759530544281
sin_family,0.9,115,137,False,1.0282485485076904,1.0232701301574707
sin_family,0.9,116,143,False,0.931769847869873,1.0128816366195679
sin_family,0.9,117,204,False,0.3081951141357422,0.010647483170032501
sin_family,0.9,118,134,False,1.3202918767929077,0.9983088374137878
sin_family,0.9,119,139,False,1.0295053720474243,0.9965013861656189
sin_family,0.9,120,190,False,0.6476914286613464,0.043554551899433136
sin_family,0.9,121,208,False,0.7431089282035828,0.006336797960102558
sin_family,0.9,122,147,False,1.0584940910339355,1.0369936227798462
sin_family,0.9,123,141,False,1.0894477367401123,1.0061187744140625
sin_family,0.9,124,128,False,1.0471866130828857,1.0114272832870483
sin_family,0.9,125,207,False,0.3325146734714508,0.010789532214403152
sin_family,0.9,126,125,False,1.0595356225967407,1.0037376880645752
sin_family,0.9,127,151,False,0.990375816822052,0.9924694299697876
sin_family,0.9,128,204,False,0.9969722628593445,0.037867914885282516
sin_family,0.9,129,146,False,1.0148237943649292,0.9818620681762695
sin_family,0.9,130,145,False,1.0503919124603271,1.0138977766036987
sin_family,0.9,131,140,False,1.0220801830291748,1.0162873268127441
sin_family,0.9,132,117,False,1.087342381477356,1.010499119758606
sin_family,0.9,133,186,False,0.3892936706542969,0.010002833791077137
sin_family,0.9,134,134,False,1.0718975067138672,0.9890844821929932
sin_family,0.9,135,122,False,0.7875090837478638,1.113548755645752
sin_family,0.9,136,193,False,0.4858935475349426,0.011259478516876698
sin_family,0.9,137,155,False,1.0856555700302124,1.0049192905426025
sin_family,0.9,138,152,False,0.9273709654808044,1.0187437534332275
sin_family,0.9,139,124,False,0.8787359595298767,1.0724791288375854
sin_family,0.9,140,126,False,0.9478623867034912,1.0499022006988525
sin_family,0.9,141,167,False,0.8599787354469299,0.9899827837944031
sin_family,0.9,142,125,False,1.009210228919983,1.0012717247009277
sin_family,0.9,143,199,False,0.5314212441444397,0.03984822705388069
sin_family,0.9,144,142,False,1.0400335788726807,1.024583339691162
sin_family,0.9,145,116,False,1.2159740924835205,1.0038219690322876
sin_family,0.9,146,141,False,1.1469841003417969,0.9980778098106384
sin_family,0.9,147,118,False,1.2361887693405151,1.007822871208191
sin_family,0.9,148,122,False,0.8722490072250366,1.0566401481628418
sin_family,0.9,149,182,False,0.3093007504940033,0.04713593050837517
sin_family,0.9,150,147,False,1.0524908304214478,1.0036062002182007
sin_family,0.9,151,147,False,0.9002164006233215,1.0038458108901978
sin_family,0.9,152,133,False,1.0540497303009033,0.9963108897209167
sin_family,0.9,153,127,False,1.1392890214920044,1.0078009366989136
sin_family,0.9,154,122,False,0.9944080114364624,1.0064775943756104
sin_family,0.9,155,133,False,1.2120068073272705,1.042034387588501
sin_family,0.9,156,137,False,0.8753889203071594,1.0782896280288696
sin_family,0.9,157,207,False,0.2836441099643707,0.016741933301091194
sin_family,0.9,158,201,False,0.1931743025779724,0.002581049455329776
sin_family,0.9,159,146,False,0.9182611107826233,0.9912653565406799
sin_family,0.9,160,198,False,0.11731205880641937,0.04980526864528656
sin_family,0.9,161,199,False,0.38567009568214417,0.06326629966497421
sin_family,0.9,162,128,False,0.9847572445869446,1.0079127550125122
sin_family,0.9,163,124,False,1.0665709972381592,1.0384548902511597
sin_family,0.9,164,131,False,1.0283262729644775,1.0115605592727661
sin_family,0.9,165,134,False,1.0753997564315796,1.0135093927383423
sin_family,0.9,166,125,False,1.043164610862732,1.0423765182495117
sin_family,0.9,167,136,False,1.0852136611938477,1.044179081916809
sin_family,0.9,168,150,False,0.9889649748802185,1.0027061700820923
sin_family,0.9,169,131,False,1.0736579895019531,1.0115699768066406
sin_family,0.9,170,132,False,0.9477308392524719,1.0730761289596558
sin_family,0.9,171,132,False,0.6652758121490479,1.2715015411376953
sin_family,0.9,172,120,False,1.0723239183425903,0.9958580732345581
sin_family,0.9,173,138,False,1.0828937292099,0.9982434511184692
sin_family,0.9,174,138,False,1.0195093154907227,1.0425316095352173
sin_family,0.9,175,133,False,0.8583581447601318,1.053202748298645
sin_family,0.9,176,198,False,0.462430477142334,0.0008522588177584112
sin_family,0.9,177,169,False,0.6547240614891052,0.03950051963329315
sin_family,0.9,178,140,False,1.0875104665756226,1.0130329132080078
sin_family,0.9,179,215,False,0.3756048083305359,0.013205047696828842
sin_family,0.9,180,133,False,0.9143392443656921,1.0142003297805786
sin_family,0.9,181,128,False,1.0382146835327148,1.001245379447937
sin_family,0.9,182,127,False,0.9925224184989929,1.0556069612503052
sin_family,0.9,183,114,False,1.1260699033737183,1.0020196437835693
sin_family,0.9,184,135,False,1.086056113243103,1.0222017765045166
sin_family,0.9,185,202,False,0.37948575615882874,0.0030793212354183197
sin_family,0.9,186,138,False,0.8830265402793884,1.0253567695617676
sin_family,0.9,187,133,False,0.9550792574882507,1.0853348970413208
sin_family,0.9,188,127,False,1.067567229270935,1.0154823064804077
sin_family,0.9,189,110,False,1.0406086444854736,1.0080580711364746
sin_family,0.9,190,142,False,0.9255121946334839,0.9829712510108948
sin_family,0.9,191,130,False,1.0478451251983643,0.9995943903923035
sin_family,0.9,192,130,False,0.9294743537902832,1.0734976530075073
sin_family,0.9,193,139,False,1.0801596641540527,1.0174686908721924
sin_family,0.9,194,134,False,1.125836730003357,1.0024741888046265
sin_family,0.9,195,141,False,1.0431370735168457,1.0069761276245117
sin_family,0.9,196,202,False,0.641778290271759,0.009673507884144783
sin_family,0.9,197,213,False,0.306990385055542,0.13544641435146332
sin_family,0.9,198,128,False,0.9846063852310181,1.0051190853118896
sin_family,0.9,199,137,False,1.0418845415115356,1.0020898580551147
sin_family,0.95,0,111,False,0.6806934475898743,1.2035177946090698
sin_family,0.95,1,130,False,1.3597508668899536,0.9454540610313416
sin_family,0.95,2,117,False,1.547369122505188,0.8821008205413818
sin_family,0.95,3,118,False,1.3493770360946655,0.9666966795921326
sin_family,0.95,4,192,False,0.6963876485824585,0.0014696171274408698
sin_family,0.95,5,128,False,1.37236487865448,0.9061347246170044
sin_family,0.95,6,188,False,0.7074484825134277,0.01737736165523529
sin_family,0.95,7,130,False,1.5586656332015991,0.8722701668739319
sin_family,0.95,8,198,False,0.6788720488548279,0.0020325405057519674
sin_family,0.95,9,134,False,1.370863914489746,0.9253274202346802
sin_family,0.95,10,142,False,1.606429934501648,0.8895348906517029
sin_family,0.95,11,211,False,0.519741415977478,0.03675892576575279
sin_family,0.95,12,133,False,1.5661579370498657,0.8714703321456909
sin_family,0.95,13,198,False,0.6898667812347412,0.059471648186445236
sin_family,0.95,14,188,False,0.5543332695960999,0.006667998153716326
sin_family,0.95,15,125,False,1.3149185180664062,0.9468027949333191
sin_family,0.95,16,201,False,0.3017383813858032,0.04206506162881851
sin_family,0.95,17,211,False,0.890799880027771,0.0021717562340199947
sin_family,0.95,18,132,False,1.4073196649551392,0.9168495535850525
sin_family,0.95,19,141,False,1.5415287017822266,0.9097803235054016
sin_family,0.95,20,150,False,1.2525218725204468,0.97574383020401
sin_family,0.95,21,197,False,1.0285162925720215,0.027023062109947205
sin_family,0.95,22,125,False,1.094604253768921,1.0196737051010132
sin_family,0.95,23,132,False,1.3334400653839111,0.9213261008262634
sin_family,0.95,24,126,False,1.4680640697479248,0.932231068611145
sin_family,0.95,25,135,False,1.0092684030532837,1.0558913946151733
sin_family,0.95,26,150,False,1.0358275175094604,1.0222710371017456
sin_family,0.95,27,112,False,1.4542381763458252,0.9593526124954224
sin_family,0.95,28,132,False,1.3404244184494019,0.9301033020019531
sin_family,0.95,29,197,False,0.3646358847618103,0.03450954705476761
sin_family,0.95,30,138,False,1.3458831310272217,0.9188523292541504
sin_family,0.95,31,111,False,1.7738116979599,0.889285147190094
sin_family,0.95,32,134,False,1.259718418121338,0.9382880330085754
sin_family,0.95,33,149,False,1.5367006063461304,0.9235337972640991
sin_family,0.95,34,117,False,1.339280605316162,0.9319531917572021
sin_family,0.95,35,118,False,1.1311455965042114,1.0084892511367798
sin_family,0.95,36,128,False,1.7030507326126099,0.8954988121986389
sin_family,0.95,37,170,False,0.36040645837783813,0.031291089951992035
sin_family,0.95,38,125,False,2.0114879608154297,0.8702747225761414
sin_family,0.95,39,129,False,1.5703210830688477,0.8901798725128174
sin_family,0.95,40,127,False,1.5494939088821411,0.9124772548675537
sin_family,0.95,41,135,False,1.1928097009658813,0.9842692613601685
sin_family,0.95,42,131,False,1.3356236219406128,0.9060467481613159
sin_family,0.95,43,125,False,1.238716959953308,0.9963029623031616
sin_family,0.95,44,130,False,1.4939050674438477,0.9237536191940308
sin_family,0.95,45,126,False,1.265505313873291,1.0254939794540405
sin_family,0.95,46,186,False,0.5935074687004089,0.04542681574821472
sin_family,0.95,47,116,False,1.3569796085357666,0.9670181274414062
sin_family,0.95,48,190,False,0.9534600973129272,0.01012035459280014
sin_family,0.95,49,142,False,1.1817632913589478,1.0065463781356812
sin_family,0.95,50,198,False,1.067327857017517,0.05526544153690338
sin_family,0.95,51,124,False,1.2948668003082275,0.8862757682800293
sin_family,0.95,52,117,False,1.4792627096176147,0.8995969295501709
sin_family,0.95,53,128,False,1.44499671459198,0.9272833466529846
sin_family,0.95,54,134,False,1.124672532081604,1.0043846368789673
sin_family,0.95,55,187,False,0.1228644996881485,0.02941133826971054
sin_family,0.95,56,130,False,1.1746292114257812,0.9681926369667053
sin_family,0.95,57,186,False,0.7240799069404602,0.019238542765378952
sin_family,0.95,58,129,False,1.0462915897369385,1.0465501546859741
sin_family,0.95,59,189,False,0.18307334184646606,0.011927582323551178
sin_family,0.95,60,131,False,1.296874761581421,0.9111286401748657
sin_family,0.95,61,136,False,1.5585577487945557,0.8812136054039001
sin_family,0.95,62,133,False,1.5466887950897217,0.9349605441093445
sin_family,0.95,63,140,False,1.63675057888031,0.8847972750663757
sin_family,0.95,64,141,False,1.431036114692688,1.0066697597503662
sin_family,0.95,65,188,False,0.2697332203388214,0.011812645941972733
sin_family,0.95,66,195,False,0.20960146188735962,0.014467996545135975
sin_family,0.95,67,125,False,1.6020195484161377,0.8811793923377991
sin_family,0.95,68,201,False,0.7208895683288574,0.01675693690776825
sin_family,0.95,69,127,False,1.3867155313491821,0.9087133407592773
sin_family,0.95,70,203,False,0.8409783840179443,0.02151602879166603
sin_family,0.95,71,141,False,1.8162391185760498,0.8794741630554199
sin_family,0.95,72,146,False,1.4889665842056274,0.9129776954650879
sin_family,0.95,73,126,False,1.428729772567749,0.9449957609176636
sin_family,0.95,74,212,False,0.3394259810447693,0.01720997877418995
sin_family,0.95,75,144,False,1.6046738624572754,0.8768360018730164
sin_family,0.95,76,151,False,1.5204044580459595,0.9065923094749451
sin_family,0.95,77,127,False,1.7289460897445679,0.8753357529640198
sin_family,0.95,78,127,False,1.328845739364624,0.9654443264007568
sin_family,0.95,79,196,False,0.25079718232154846,0.03898930177092552
sin_family,0.95,80,191,False,0.5110664963722229,0.008576708845794201
sin_family,0.95,81,132,False,1.0556271076202393,0.967053234577179
sin_family,0.95,82,182,False,1.194675326347351,0.03165225312113762
sin_family,0.95,83,135,False,1.475630283355713,0.9513353705406189
sin_family,0.95,84,144,False,1.4015265703201294,0.8842626214027405
sin_family,0.95,85,130,False,1.4812369346618652,0.908809244632721
sin_family,0.95,86,191,False,0.4408313035964966,0.17995412647724152
sin_family,0.95,87,132,False,1.300691843032837,0.9482232332229614
sin_family,0.95,88,131,False,1.6666558980941772,0.8973854780197144
sin_family,0.95,89,126,False,1.488345742225647,0.8771459460258484
sin_family,0.95,90,138,False,1.4263867139816284,0.8687652945518494
sin_family,0.95,91,138,False,1.5171210765838623,0.9295429587364197
sin_family,0.95,92,200,False,0.7389218211174011,0.051694419234991074
sin_family,0.95,93,131,False,1.499150037765503,0.9140106439590454
sin_family,0.95,94,122,False,1.3373911380767822,0.9554858803749084
sin_family,0.95,95,136,False,1.5851154327392578,0.8793944716453552
sin_family,0.95,96,121,False,1.5144466161727905,0.9091787934303284
sin_family,0.95,97,129,False,1.2050853967666626,0.970936119556427
sin_family,0.95,98,143,False,1.6479980945587158,0.8771367073059082
sin_family,0.95,99,203,False,0.2034803330898285,0.00912652537226677
sin_family,0.95,100,122,False,1.3187819719314575,0.8991649150848389
sin_family,0.95,101,127,False,0.9655353426933289,1.0624638795852661
sin_family,0.95,102,117,False,1.2367721796035767,0.9588308930397034
sin_family,0.95,103,190,False,0.2374865710735321,0.02087564952671528
sin_family,0.95,104,120,False,1.457617998123169,0.9126187562942505
sin_family,0.95,105,136,False,1.4182933568954468,0.9474644064903259
sin_family,0.95,106,126,False,1.542995572090149,0.8904421329498291
sin_family,0.95,107,142,False,1.2699867486953735,0.9600136876106262
sin_family,0.95,108,128,False,1.472249150276184,0.8994218111038208
sin_family,0.95,109,131,False,1.6091495752334595,0.9130129814147949
sin_family,0.95,110,126,False,1.558491587638855,0.9188405275344849
sin_family,0.95,111,125,False,1.2373493909835815,0.9639480710029602
sin_family,0.95,112,152,False,1.2398589849472046,0.9671346545219421
sin_family,0.95,113,128,False,1.5980466604232788,0.9225308895111084
sin_family,0.95,114,134,False,1.342708706855774,0.903240442276001
sin_family,0.95,115,133,False,1.3282735347747803,0.9552220702171326
sin_family,0.95,116,139,False,1.4463828802108765,0.8884249329566956
sin_family,0.95,117,204,False,0.30521920323371887,0.0104638347402215
sin_family,0.95,118,128,False,1.9190397262573242,0.8859356045722961
sin_family,0.95,119,137,False,1.3858965635299683,0.917756974697113
sin_family,0.95,120,190,False,0.6477981209754944,0.042313698679208755
sin_family,0.95,121,208,False,0.7407593131065369,0.006530974991619587
sin_family,0.95,122,145,False,1.3132030963897705,0.9830576777458191
sin_family,0.95,123,135,False,1.5658087730407715,0.901786744594574
sin_family,0.95,124,124,False,1.5111597776412964,0.9066427946090698
sin_family,0.95,125,207,False,0.3289588391780853,0.010602490976452827
sin_family,0.95,126,122,False,1.3732514381408691,0.9363855719566345
sin_family,0.95,127,148,False,1.4467436075210571,0.8879839181900024
sin_family,0.95,128,204,False,0.9707435965538025,0.037920039147138596
sin_family,0.95,129,139,False,1.42364501953125,0.8910889029502869
sin_family,0.95,130,140,False,1.511003017425537,0.9086719751358032
sin_family,0.95,131,134,False,1.4137295484542847,0.9252614974975586
sin_family,0.95,132,114,False,1.4107859134674072,0.9419928789138794
sin_family,0.95,133,186,False,0.38611552119255066,0.009946100413799286
sin_family,0.95,134,131,False,1.569082498550415,0.8812527060508728
sin_family,0.95,135,119,False,0.8625575304031372,1.1019833087921143
sin_family,0.95,136,193,False,0.4852079153060913,0.010989307425916195
sin_family,0.95,137,149,False,1.4380871057510376,0.929270327091217
sin_family,0.95,138,143,False,1.2255189418792725,0.9467588067054749
sin_family,0.95,139,118,False,0.9970906376838684,1.0482053756713867
sin_family,0.95,140,124,False,1.0982332229614258,1.0189067125320435
sin_family,0.95,141,164,False,1.241599202156067,0.8934298753738403
sin_family,0.95,142,120,False,1.3311957120895386,0.9298887848854065
sin_family,0.95,143,199,False,0.5274898409843445,0.03908189758658409
sin_family,0.95,144,137,False,1.2815320491790771,0.9725879430770874
sin_family,0.95,145,111,False,1.6095432043075562,0.9261082410812378
sin_family,0.95,146,138,False,1.5536792278289795,0.9149766564369202
sin_family,0.95,147,115,False,1.7138140201568604,0.9128274321556091
sin_family,0.95,148,117,False,1.0123811960220337,1.0266945362091064
sin_family,0.95,149,182,False,0.3100951313972473,0.04555361717939377
sin_family,0.95,150,141,False,1.6127551794052124,0.8794702887535095
sin_family,0.95,151,140,False,1.3854873180389404,0.8829299807548523
sin_family,0.95,152,131,False,1.538216471672058,0.8899562954902649
sin_family,0.95,153,121,False,1.4831206798553467,0.935806393623352
sin_family,0.95,154,119,False,1.25918710231781,0.9487122893333435
sin_family,0.95,155,130,False,1.48054838180542,0.9890387058258057
sin_family,0.95,156,133,False,0.9923598170280457,1.0557327270507812
sin_family,0.95,157,207,False,0.27525874972343445,0.016511965543031693
sin_family,0.95,158,201,False,0.19712859392166138,0.002497011562809348
sin_family,0.95,159,143,False,1.3896846771240234,0.8783935904502869
sin_family,0.95,160,199,False,0.1146397739648819,0.04890202358365059
sin_family,0.95,161,199,False,0.3818940222263336,0.062088143080472946
sin_family,0.95,162,123,False,1.3108017444610596,0.9333906173706055
sin_family,0.95,163,122,False,1.334174633026123,0.9808325171470642
sin_family,0.95,164,127,False,1.51568603515625,0.9005643725395203
sin_family,0.95,165,131,False,1.353468656539917,0.9547146558761597
sin_family,0.95,166,125,False,1.2149393558502197,1.0092014074325562
sin_family,0.95,167,129,False,1.2958391904830933,1.0004730224609375
sin_family,0.95,168,147,False,1.3775638341903687,0.9136536121368408
sin_family,0.95,169,130,False,1.646810531616211,0.885832667350769
sin_family,0.95,170,124,False,1.1113625764846802,1.0369755029678345
sin_family,0.95,171,122,False,0.7342413067817688,1.249543309211731
sin_family,0.95,172,115,False,1.6371134519577026,0.8734382390975952
sin_family,0.95,173,135,False,1.5889668464660645,0.8891134858131409
sin_family,0.95,174,134,False,1.2236210107803345,0.9987884759902954
sin_family,0.95,175,127,False,1.0082708597183228,1.0201467275619507
sin_family,0.95,176,200,False,0.45724621415138245,0.0009507537470199168
sin_family,0.95,177,169,False,0.6388989686965942,0.03959149494767189
sin_family,0.95,178,133,False,1.4740262031555176,0.9288769960403442
sin_family,0.95,179,215,False,0.36861562728881836,0.01303145382553339
sin_family,0.95,180,130,False,1.4084759950637817,0.891941249370575
sin_family,0.95,181,126,False,1.3905748128890991,0.9238196611404419
sin_family,0.95,182,124,False,1.144579529762268,1.0248165130615234
sin_family,0.95,183,111,False,1.5345889329910278,0.9157463312149048
sin_family,0.95,184,132,False,1.6290415525436401,0.9007442593574524
sin_family,0.95,185,202,False,0.378665030002594,0.0030084203463047743
sin_family,0.95,186,134,False,1.0959911346435547,0.9750837087631226
sin_family,0.95,187,131,False,1.0930734872817993,1.05695641040802
sin_family,0.95,188,124,False,1.4851049184799194,0.92347651720047
sin_family,0.95,189,106,False,1.3415793180465698,0.9439337253570557
sin_family,0.95,190,140,False,1.437248945236206,0.8623612523078918
sin_family,0.95,191,127,False,1.5842692852020264,0.8804087042808533
sin_family,0.95,192,128,False,1.0778141021728516,1.0420483350753784
sin_family,0.95,193,135,False,1.412269949913025,0.9445352554321289
sin_family,0.95,194,126,False,1.6718591451644897,0.8869224786758423
sin_family,0.95,195,137,False,1.4009543657302856,0.927499532699585
sin_family,0.95,196,202,False,0.6411727666854858,0.009439323097467422
sin_family,0.95,197,213,False,0.2234393060207367,0.27434730529785156
sin_family,0.95,198,121,False,1.3509076833724976,0.9207556247711182
sin_family,0.95,199,134,False,1.3434646129608154,0.9377229809761047
sin_family,1.0,0,107,False,0.6757978200912476,1.2285726070404053
sin_family,1.0,1,126,False,1.7947872877120972,0.8860636353492737
sin_family,1.0,2,115,False,2.631439208984375,0.7603530287742615
sin_family,1.0,3,113,False,1.6690508127212524,0.9221922159194946
sin_family,1.0,4,192,False,0.6930157542228699,0.0014407592825591564
sin_family,1.0,5,122,False,1.99567449092865,0.8249615430831909
sin_family,1.0,6,188,False,0.712827742099762,0.01676938124001026
sin_family,1.0,7,123,False,2.8974668979644775,0.7292077541351318
sin_family,1.0,8,198,False,0.6746166348457336,0.0019958505872637033
sin_family,1.0,9,129,False,1.8488024473190308,0.8610075116157532
sin_family,1.0,10,136,False,2.4694831371307373,0.7909349203109741
sin_family,1.0,11,211,False,0.5167151689529419,0.03631862625479698
sin_family,1.0,12,125,False,2.391606330871582,0.7785698175430298
sin_family,1.0,13,198,False,0.6736789345741272,0.05956794321537018
sin_family,1.0,14,188,False,0.545850396156311,0.006912740413099527
sin_family,1.0,15,120,False,1.6607186794281006,0.8996549248695374
sin_family,1.0,16,201,False,0.30933985114097595,0.033118680119514465
sin_family,1.0,17,211,False,0.885221540927887,0.0021322767715901136
sin_family,1.0,18,127,False,1.8860949277877808,0.855301558971405
sin_family,1.0,19,134,False,2.189392328262329,0.8312453627586365
sin_family,1.0,20,148,False,1.5370854139328003,0.9344035387039185
sin_family,1.0,21,197,False,1.0206929445266724,0.026552192866802216
sin_family,1.0,22,123,False,1.2900110483169556,0.9894145727157593
sin_family,1.0,23,125,False,1.7045953273773193,0.8724797964096069
sin_family,1.0,24,122,False,1.9169590473175049,0.8754431009292603
sin_family,1.0,25,126,False,1.124277949333191,1.0394216775894165
sin_family,1.0,26,138,False,1.0805257558822632,1.0350160598754883
sin_family,1.0,27,109,False,1.7295465469360352,0.9249736666679382
sin_family,1.0,28,126,False,1.6783798933029175,0.8841626644134521
sin_family,1.0,29,197,False,0.3626064658164978,0.03383760154247284
sin_family,1.0,30,134,False,1.7797445058822632,0.8610986471176147
sin_family,1.0,31,106,False,2.694483518600464,0.7939180135726929
sin_family,1.0,32,126,False,1.6425529718399048,0.8837566375732422
sin_family,1.0,33,143,False,2.1002562046051025,0.8543379902839661
sin_family,1.0,34,113,False,1.7576149702072144,0.8753656148910522
sin_family,1.0,35,114,False,1.329914927482605,0.9784727692604065
sin_family,1.0,36,124,False,2.625833749771118,0.7940357327461243
sin_family,1.0,37,170,False,0.3534936308860779,0.031333841383457184
sin_family,1.0,38,119,False,3.356240749359131,0.7498916983604431
sin_family,1.0,39,125,False,2.267622947692871,0.8077336549758911
sin_family,1.0,40,120,False,2.232072591781616,0.8304564356803894
sin_family,1.0,41,131,False,1.4371191263198853,0.9477696418762207
sin_family,1.0,42,130,False,1.9362804889678955,0.8260238170623779
sin_family,1.0,43,121,False,1.4766651391983032,0.9620286226272583
sin_family,1.0,44,127,False,2.183544635772705,0.8357588648796082
sin_family,1.0,45,123,False,1.4698058366775513,0.9962335824966431
sin_family,1.0,46,186,False,0.5887167453765869,0.04465687647461891
sin_family,1.0,47,111,False,1.6810258626937866,0.9220840334892273
sin_family,1.0,48,190,False,0.906826913356781,0.010154645889997482
sin_family,1.0,49,139,False,1.3927600383758545,0.9750121235847473
sin_family,1.0,50,198,False,1.0598126649856567,0.05439017713069916
sin_family,1.0,51,118,False,1.958867073059082,0.7997341156005859
sin_family,1.0,52,112,False,2.1740293502807617,0.8128654956817627
sin_family,1.0,53,124,False,1.905167818069458,0.8676023483276367
sin_family,1.0,54,129,False,1.2700201272964478,0.9872990846633911
sin_family,1.0,55,187,False,0.12027271091938019,0.028844323009252548
sin_family,1.0,56,123,False,1.5094417333602905,0.9164488911628723
sin_family,1.0,57,186,False,0.7248855233192444,0.018704403191804886
sin_family,1.0,58,126,False,1.1703462600708008,1.030822992324829
sin_family,1.0,59,189,False,0.18027111887931824,0.011678611859679222
sin_family,1.0,60,129,False,1.7778433561325073,0.8459107875823975
sin_family,1.0,61,128,False,2.4034476280212402,0.7849543690681458
sin_family,1.0,62,132,False,2.027799129486084,0.874618411064148
sin_family,1.0,63,129,False,2.5218658447265625,0.7859891057014465
sin_family,1.0,64,139,False,1.6741151809692383,0.9738182425498962
sin_family,1.0,65,188,False,0.26795774698257446,0.011933945119380951
sin_family,1.0,66,195,False,0.20691610872745514,0.014186691492795944
sin_family,1.0,67,118,False,2.4625842571258545,0.7843063473701477
sin_family,1.0,68,201,False,0.7156526446342468,0.016454091295599937
sin_family,1.0,69,119,False,1.8673394918441772,0.8455601930618286
sin_family,1.0,70,203,False,0.8386209607124329,0.021054578945040703
sin_family,1.0,71,129,False,3.3664257526397705,0.7315247058868408
sin_family,1.0,72,141,False,2.030710458755493,0.8465805053710938
sin_family,1.0,73,121,False,1.8720743656158447,0.8867201209068298
sin_family,1.0,74,212,False,0.3386959731578827,0.016782347112894058
sin_family,1.0,75,133,False,2.5488178730010986,0.7716574668884277
sin_family,1.0,76,146,False,2.147613286972046,0.8292795419692993
sin_family,1.0,77,122,False,2.95780086517334,0.7518699169158936
sin_family,1.0,78,123,False,1.6126587390899658,0.9267364740371704
sin_family,1.0,79,196,False,0.25254181027412415,0.03740352764725685
sin_family,1.0,80,191,False,0.5080434679985046,0.008416969329118729
sin_family,1.0,81,127,False,1.2880425453186035,0.9323564767837524
sin_family,1.0,82,182,False,1.1878454685211182,0.03103400021791458
sin_family,1.0,83,132,False,1.891541600227356,0.8968240022659302
sin_family,1.0,84,135,False,2.1917364597320557,0.7875707745552063
sin_family,1.0,85,124,False,2.066331386566162,0.8348379731178284
sin_family,1.0,86,196,False,0.4872213304042816,0.1253071427345276
sin_family,1.0,87,125,False,1.666317105293274,0.8963671326637268
sin_family,1.0,88,123,False,2.35919189453125,0.8188393115997314
sin_family,1.0,89,123,False,2.5417349338531494,0.7557867169380188
sin_family,1.0,90,134,False,2.5908992290496826,0.7334654331207275
sin_family,1.0,91,131,False,2.072659492492676,0.8599491715431213
sin_family,1.0,92,200,False,0.7315587401390076,0.05044485256075859
sin_family,1.0,93,124,False,1.9954195022583008,0.8525578379631042
sin_family,1.0,94,117,False,1.645875096321106,0.9132218360900879
sin_family,1.0,95,131,False,2.766087293624878,0.7500864267349243
sin_family,1.0,96,117,False,2.2047483921051025,0.8249301910400391
sin_family,1.0,97,124,False,1.467059850692749,0.9330860376358032
sin_family,1.0,98,136,False,2.492950201034546,0.7846342921257019
sin_family,1.0,99,203,False,0.20364196598529816,0.008926541544497013
sin_family,1.0,100,115,False,1.8551075458526611,0.8283430933952332
sin_family,1.0,101,125,False,1.098755955696106,1.0414115190505981
sin_family,1.0,102,114,False,1.5215563774108887,0.9175365567207336
sin_family,1.0,103,190,False,0.23543541133403778,0.020467789843678474
sin_family,1.0,104,114,False,1.9696629047393799,0.848520815372467
sin_family,1.0,105,125,False,1.8113359212875366,0.8951016664505005
sin_family,1.0,106,123,False,2.3240439891815186,0.7989261150360107
sin_family,1.0,107,137,False,1.568543791770935,0.918456494808197
sin_family,1.0,108,121,False,2.12337589263916,0.818813145160675
sin_family,1.0,109,123,False,2.185497760772705,0.8450959920883179
sin_family,1.0,110,124,False,2.1958343982696533,0.8418139219284058
sin_family,1.0,111,119,False,1.52933669090271,0.9226745367050171
sin_family,1.0,112,146,False,1.470305323600769,0.938202977180481
sin_family,1.0,113,123,False,2.1045467853546143,0.8611032962799072
sin_family,1.0,114,126,False,1.8398958444595337,0.8365378379821777
sin_family,1.0,115,129,False,1.7577286958694458,0.8914213180541992
sin_family,1.0,116,136,False,2.682332754135132,0.74596107006073
sin_family,1.0,117,204,False,0.30233731865882874,0.010292748920619488
sin_family,1.0,118,122,False,2.896368980407715,0.7894940376281738
sin_family,1.0,119,127,False,1.8552370071411133,0.855976939201355
sin_family,1.0,120,190,False,0.6476351618766785,0.04115482047200203
sin_family,1.0,121,208,False,0.7386384010314941,0.005799408070743084
sin_family,1.0,122,142,False,1.5792478322982788,0.948443591594696
sin_family,1.0,123,127,False,2.3144021034240723,0.8127732276916504
sin_family,1.0,124,117,False,2.2464523315429688,0.8164599537849426
sin_family,1.0,125,207,False,0.3254820704460144,0.010428220964968204
sin_family,1.0,126,117,False,1.7561290264129639,0.8854594230651855
sin_family,1.0,127,141,False,2.171173334121704,0.7989460825920105
sin_family,1.0,128,204,False,0.9452367424964905,0.03799915686249733
sin_family,1.0,129,133,False,2.005390167236328,0.8180238604545593
sin_family,1.0,130,132,False,2.2456107139587402,0.8175395727157593
sin_family,1.0,131,131,False,1.9476574659347534,0.8541058301925659
sin_family,1.0,132,109,False,1.7994468212127686,0.8914105296134949
sin_family,1.0,133,186,False,0.3805238604545593,0.010228985920548439
sin_family,1.0,134,125,False,2.3688063621520996,0.7893661260604858
sin_family,1.0,135,118,False,0.9340983033180237,1.0953730344772339
sin_family,1.0,136,193,False,0.4845401346683502,0.010732941329479218
sin_family,1.0,137,144,False,1.8878178596496582,0.8709509968757629
sin_family,1.0,138,138,False,1.6048253774642944,0.8905512690544128
sin_family,1.0,139,113,False,1.1236652135849,1.0289664268493652
sin_family,1.0,140,120,False,1.262913465499878,0.9945210814476013
sin_family,1.0,141,153,False,1.803056001663208,0.8148351311683655
sin_family,1.0,142,115,False,1.7278679609298706,0.8765685558319092
sin_family,1.0,143,199,False,0.5236532092094421,0.038364119827747345
sin_family,1.0,144,131,False,1.5690068006515503,0.9311347603797913
sin_family,1.0,145,106,False,2.1103577613830566,0.8668782711029053
sin_family,1.0,146,133,False,2.0874438285827637,0.8512609601020813
sin_family,1.0,147,112,False,2.4072561264038086,0.8342944979667664
sin_family,1.0,148,115,False,1.1663848161697388,1.0027409791946411
sin_family,1.0,149,182,False,0.31075137853622437,0.04408339783549309
sin_family,1.0,150,131,False,3.0516481399536133,0.7295712232589722
sin_family,1.0,151,133,False,2.4823238849639893,0.7495568990707397
sin_family,1.0,152,122,False,2.3067307472229004,0.7996105551719666
sin_family,1.0,153,114,False,1.9130189418792725,0.8803460597991943
sin_family,1.0,154,115,False,1.5712155103683472,0.9053462743759155
sin_family,1.0,155,126,False,1.7909408807754517,0.9482395052909851
sin_family,1.0,156,129,False,1.1004976034164429,1.0437474250793457
sin_family,1.0,157,207,False,0.26737576723098755,0.016299623996019363
sin_family,1.0,158,201,False,0.20051652193069458,0.002422862686216831
sin_family,1.0,159,136,False,2.2336814403533936,0.7744278907775879
sin_family,1.0,160,199,False,0.11209657788276672,0.04806791618466377
sin_family,1.0,161,199,False,0.37819910049438477,0.06098111346364021
sin_family,1.0,162,117,False,1.7285500764846802,0.8756582736968994
sin_family,1.0,163,118,False,1.6655712127685547,0.9335074424743652
sin_family,1.0,164,119,False,2.2948570251464844,0.8070999979972839
sin_family,1.0,165,129,False,1.685002326965332,0.9096166491508484
sin_family,1.0,166,122,False,1.3912314176559448,0.9865143299102783
sin_family,1.0,167,123,False,1.5320686101913452,0.9668880701065063
sin_family,1.0,168,140,False,1.918814778327942,0.842674195766449
sin_family,1.0,169,126,False,3.0526440143585205,0.7400310635566711
sin_family,1.0,170,122,False,1.2920470237731934,1.0087939500808716
sin_family,1.0,171,120,False,0.801464319229126,1.2121273279190063
sin_family,1.0,172,111,False,3.0840399265289307,0.7253960967063904
sin_family,1.0,173,131,False,2.3999147415161133,0.7967813611030579
sin_family,1.0,174,129,False,1.4553414583206177,0.9647391438484192
sin_family,1.0,175,125,False,1.1740636825561523,0.9940223097801208
sin_family,1.0,176,201,False,0.45222193002700806,0.0020201639272272587
sin_family,1.0,177,169,False,0.6238095164299011,0.03969068080186844
sin_family,1.0,178,127,False,1.9791393280029297,0.8644821047782898
sin_family,1.0,179,216,False,0.3610107898712158,0.012875596061348915
sin_family,1.0,180,124,False,2.492969512939453,0.7607799172401428
sin_family,1.0,181,118,False,1.838714838027954,0.8650980591773987
sin_family,1.0,182,121,False,1.3094373941421509,1.000827431678772
sin_family,1.0,183,105,False,2.083343744277954,0.8484534025192261
sin_family,1.0,184,127,False,2.6915643215179443,0.7812061905860901
sin_family,1.0,185,202,False,0.37786009907722473,0.002941644750535488
sin_family,1.0,186,130,False,1.3430252075195312,0.9365330338478088
sin_family,1.0,187,130,False,1.2426140308380127,1.034419059753418
sin_family,1.0,188,121,False,2.0642480850219727,0.8508122563362122
sin_family,1.0,189,102,False,1.70315420627594,0.896000862121582
sin_family,1.0,190,135,False,2.522448778152466,0.738024115562439
sin_family,1.0,191,118,False,2.620187520980835,0.7650537490844727
sin_family,1.0,192,126,False,1.6341729164123535,0.9223529696464539
sin_family,1.0,193,132,False,1.830517053604126,0.8880640864372253
sin_family,1.0,194,117,False,2.6896026134490967,0.7763869166374207
sin_family,1.0,195,130,False,1.8626387119293213,0.8667402863502502
sin_family,1.0,196,202,False,0.6405885219573975,0.009217274375259876
sin_family,1.0,197,132,False,0.3984422981739044,1.4835107326507568
sin_family,1.0,198,116,False,1.8413665294647217,0.8550056219100952
sin_family,1.0,199,129,False,1.7106205224990845,0.8887342810630798
sin_family,1.02,0,106,False,0.6671773195266724,1.2422147989273071
sin_family,1.02,1,121,False,1.9804073572158813,0.8698262572288513
sin_family,1.02,2,113,False,3.0763325691223145,0.7367238402366638
sin_family,1.02,3,110,False,1.8049215078353882,0.9089639782905579
sin_family,1.02,4,192,False,0.6917063593864441,0.0014296055305749178
sin_family,1.02,5,121,False,2.258368492126465,0.8056292533874512
sin_family,1.02,6,188,False,0.7148593664169312,0.01653875783085823
sin_family,1.02,7,119,False,3.411613702774048,0.7061986327171326
sin_family,1.02,8,198,False,0.6729459166526794,0.0019817857537418604
sin_family,1.02,9,129,False,2.0537612438201904,0.8436977863311768
sin_family,1.02,10,135,False,2.8271806240081787,0.7692415118217468
sin_family,1.02,11,211,False,0.5155169367790222,0.03615377098321915
sin_family,1.02,12,123,False,2.73435115814209,0.7580777406692505
sin_family,1.02,13,198,False,0.6673275232315063,0.05961869657039642
sin_family,1.02,14,188,False,0.54246586561203,0.007017309311777353
sin_family,1.02,15,114,False,1.802767038345337,0.8869225382804871
sin_family,1.02,16,201,False,0.3115062713623047,0.030923735350370407
sin_family,1.02,17,211,False,0.883025586605072,0.0021170673426240683
sin_family,1.02,18,125,False,2.090005397796631,0.8388514518737793
sin_family,1.02,19,131,False,2.462270975112915,0.8119418025016785
sin_family,1.02,20,145,False,1.656859040260315,0.9222537875175476
sin_family,1.02,21,197,False,1.0176063776016235,0.02637062594294548
sin_family,1.02,22,122,False,1.3722028732299805,0.9799567461013794
sin_family,1.02,23,122,False,1.8526275157928467,0.860184907913208
sin_family,1.02,24,121,False,2.099823236465454,0.8609495759010315
sin_family,1.02,25,125,False,1.1709097623825073,1.0342644453048706
sin_family,1.02,26,133,False,1.0693529844284058,1.0490288734436035
sin_family,1.02,27,106,False,1.843021035194397,0.9148352146148682
sin_family,1.02,28,123,False,1.8214117288589478,0.8709046244621277
sin_family,1.02,29,197,False,0.36180806159973145,0.033580098301172256
sin_family,1.02,30,134,False,1.9669020175933838,0.8450462818145752
sin_family,1.02,31,106,False,3.0672450065612793,0.773460328578949
sin_family,1.02,32,124,False,1.8068733215332031,0.8684324622154236
sin_family,1.02,33,140,False,2.3338754177093506,0.837011456489563
sin_family,1.02,34,110,False,1.9339535236358643,0.8600764870643616
sin_family,1.02,35,112,False,1.414026141166687,0.9689136147499084
sin_family,1.02,36,120,False,2.997284173965454,0.7727190852165222
sin_family,1.02,37,170,False,0.3508254587650299,0.03136850893497467
sin_family,1.02,38,117,False,3.8680830001831055,0.7283199429512024
sin_family,1.02,39,123,False,2.569627523422241,0.7868785262107849
sin_family,1.02,40,118,False,2.512989044189453,0.8113990426063538
sin_family,1.02,41,125,False,1.5404930114746094,0.9366257190704346
sin_family,1.02,42,126,False,2.2037925720214844,0.8050867915153503
sin_family,1.02,43,119,False,1.5755964517593384,0.9518027305603027
sin_family,1.02,44,125,False,2.5101873874664307,0.8106985688209534
sin_family,1.02,45,123,False,1.5551689863204956,0.9870532751083374
sin_family,1.02,46,186,False,0.5868241190910339,0.04435743764042854
sin_family,1.02,47,108,False,1.8187963962554932,0.9087895750999451
sin_family,1.02,48,190,False,0.8889215588569641,0.010179372504353523
sin_family,1.02,49,137,False,1.481652855873108,0.9651228189468384
sin_family,1.02,50,198,False,1.0568675994873047,0.05404836684465408
sin_family,1.02,51,115,False,2.2431082725524902,0.7795584797859192
sin_family,1.02,52,110,False,2.4521594047546387,0.7939642071723938
sin_family,1.02,53,121,False,2.0993409156799316,0.8515347242355347
sin_family,1.02,54,127,False,1.321922779083252,0.9840981960296631
sin_family,1.02,55,187,False,0.11928008496761322,0.028629790991544724
sin_family,1.02,56,120,False,1.6543421745300293,0.9013877511024475
sin_family,1.02,57,186,False,0.7251890897750854,0.01849876530468464
sin_family,1.02,58,123,False,1.217858076095581,1.0268888473510742
sin_family,1.02,59,189,False,0.17917494475841522,0.011584833264350891
sin_family,1.02,60,129,False,1.985611915588379,0.8285526633262634
sin_family,1.02,61,127,False,2.7605443000793457,0.7633119225502014
sin_family,1.02,62,130,False,2.2275843620300293,0.8586739301681519
sin_family,1.02,63,126,False,2.890148162841797,0.7641398906707764
sin_family,1.02,64,134,False,1.77324378490448,0.9641173481941223
sin_family,1.02,65,188,False,0.26673632860183716,0.012031632475554943
sin_family,1.02,66,195,False,0.20586727559566498,0.01408056914806366
sin_family,1.02,67,116,False,2.8277440071105957,0.7622085213661194
sin_family,1.02,68,201,False,0.7136054039001465,0.016336796805262566
sin_family,1.02,69,115,False,2.07173752784729,0.8287517428398132
sin_family,1.02,70,203,False,0.8377014398574829,0.020875729620456696
sin_family,1.02,71,127,False,3.9166808128356934,0.7099908590316772
sin_family,1.02,72,140,False,2.24273419380188,0.831548810005188
sin_family,1.02,73,119,False,2.0561983585357666,0.87140291929245
sin_family,1.02,74,212,False,0.33840933442115784,0.0166180282831192
sin_family,1.02,75,130,False,2.938716411590576,0.749416172504425
sin_family,1.02,76,146,False,2.4122462272644043,0.8101352453231812
sin_family,1.02,77,121,False,3.4348320960998535,0.7299912571907043
sin_family,1.02,78,123,False,1.7316174507141113,0.9152311682701111
sin_family,1.02,79,196,False,0.25316211581230164,0.03681444749236107
sin_family,1.02,80,191,False,0.506855309009552,0.00835579726845026
sin_family,1.02,81,126,False,1.3859091997146606,0.9220535755157471
sin_family,1.02,82,182,False,1.1851027011871338,0.030796118080615997
sin_family,1.02,83,130,False,2.0663673877716064,0.8816884160041809
sin_family,1.02,84,133,False,2.531585216522217,0.7655875086784363
sin_family,1.02,85,123,False,2.318295478820801,0.8155795931816101
sin_family,1.02,86,199,False,0.49969354271888733,0.11406111717224121
sin_family,1.02,87,123,False,1.8239936828613281,0.88130784034729
sin_family,1.02,88,122,False,2.6454687118530273,0.799960732460022
sin_family,1.02,89,120,False,2.9850246906280518,0.731490969657898
sin_family,1.02,90,131,False,3.0933923721313477,0.7070262432098389
sin_family,1.02,91,128,False,2.3061256408691406,0.8421632647514343
sin_family,1.02,92,200,False,0.7285428643226624,0.04998156428337097
sin_family,1.02,93,123,False,2.2047922611236572,0.8362221121788025
sin_family,1.02,94,115,False,1.776800513267517,0.9006393551826477
sin_family,1.02,95,127,False,3.233872175216675,0.726822555065155
sin_family,1.02,96,116,False,2.5049996376037598,0.803817629814148
sin_family,1.02,97,124,False,1.5780085325241089,0.9216678738594055
sin_family,1.02,98,135,False,2.7390036582946777,0.7737643718719482
sin_family,1.02,99,203,False,0.20370268821716309,0.008850044570863247
sin_family,1.02,100,112,False,2.085287570953369,0.8101969957351685
sin_family,1.02,101,123,False,1.1525509357452393,1.0350751876831055
sin_family,1.02,102,112,False,1.6416988372802734,0.905337929725647
sin_family,1.02,103,190,False,0.23461969196796417,0.02031165175139904
sin_family,1.02,104,113,False,2.180555820465088,0.8324951529502869
sin_family,1.02,105,123,False,1.976944923400879,0.8804868459701538
sin_family,1.02,106,122,False,2.66274356842041,0.7769201397895813
sin_family,1.02,107,136,False,1.6936758756637573,0.906499981880188
sin_family,1.02,108,119,False,2.3936619758605957,0.7998307347297668
sin_family,1.02,109,123,False,2.4227755069732666,0.8281954526901245
sin_family,1.02,110,119,False,2.4670181274414062,0.8224246501922607
sin_family,1.02,111,117,False,1.6524525880813599,0.9106171727180481
sin_family,1.02,112,142,False,1.5803767442703247,0.9268219470977783
sin_family,1.02,113,121,False,2.321530818939209,0.8440651297569275
sin_family,1.02,114,124,False,2.0537970066070557,0.8188207149505615
sin_family,1.02,115,126,False,1.9631832838058472,0.8702431917190552
sin_family,1.02,116,135,False,3.2651898860931396,0.7151530385017395
sin_family,1.02,117,204,False,0.30120939016342163,0.01022751722484827
sin_family,1.02,118,118,False,3.2727468013763428,0.7700740694999695
sin_family,1.02,119,125,False,2.05783748626709,0.8390162587165833
sin_family,1.02,120,190,False,0.6474841833114624,0.04071377217769623
sin_family,1.02,121,208,False,0.7379094958305359,0.0059799193404614925
sin_family,1.02,122,140,False,1.6796776056289673,0.940334141254425
sin_family,1.02,123,119,False,2.6339476108551025,0.7914583683013916
sin_family,1.02,124,116,False,2.5644845962524414,0.7945285439491272
sin_family,1.02,125,207,False,0.3241135776042938,0.010361773893237114
sin_family,1.02,126,117,False,1.916837453842163,0.8713559508323669
sin_family,1.02,127,137,False,2.482865333557129,0.7777300477027893
sin_family,1.02,128,204,False,0.9352400302886963,0.03803778439760208
sin_family,1.02,129,132,False,2.2569127082824707,0.7991428971290588
sin_family,1.02,130,130,False,2.5623202323913574,0.7955252528190613
sin_family,1.02,131,130,False,2.172123432159424,0.8360214829444885
sin_family,1.02,132,108,False,1.9604510068893433,0.8777052760124207
sin_family,1.02,133,186,False,0.3784390687942505,0.010324192233383656
sin_family,1.02,134,120,False,2.6981282234191895,0.7690151929855347
sin_family,1.02,135,116,False,0.9610212445259094,1.0941131114959717
sin_family,1.02,136,193,False,0.48427772521972656,0.010634008795022964
sin_family,1.02,137,141,False,2.078688144683838,0.8550156950950623
sin_family,1.02,138,132,False,1.7687381505966187,0.8746289610862732
sin_family,1.02,139,111,False,1.175806999206543,1.0227831602096558
sin_family,1.02,140,118,False,1.3314809799194336,0.9868032932281494
sin_family,1.02,141,150,False,2.045628309249878,0.7951804399490356
sin_family,1.02,142,112,False,1.8948254585266113,0.8620210886001587
sin_family,1.02,143,199,False,0.5221442580223083,0.038089506328105927
sin_family,1.02,144,128,False,1.6924313306808472,0.918411135673523
sin_family,1.02,145,104,False,2.3201327323913574,0.8510801792144775
sin_family,1.02,146,130,False,2.311551570892334,0.8347026109695435
sin_family,1.02,147,110,False,2.706500291824341,0.8138508200645447
sin_family,1.02,148,113,False,1.2308377027511597,0.9950125813484192
sin_family,1.02,149,182,False,0.31097742915153503,0.043524689972400665
sin_family,1.02,150,130,False,3.6513967514038086,0.7027425169944763
sin_family,1.02,151,130,False,2.9860334396362305,0.7207373976707458
sin_family,1.02,152,120,False,2.6329774856567383,0.778430700302124
sin_family,1.02,153,113,False,2.0946526527404785,0.8649390339851379
sin_family,1.02,154,111,False,1.7023520469665527,0.892948567867279
sin_family,1.02,155,122,False,1.920985221862793,0.9360904097557068
sin_family,1.02,156,127,False,1.1390855312347412,1.0418487787246704
sin_family,1.02,157,207,False,0.2643536925315857,0.01621932163834572
sin_family,1.02,158,201,False,0.20172874629497528,0.002395572606474161
sin_family,1.02,159,134,False,2.604384660720825,0.7506834268569946
sin_family,1.02,160,199,False,0.11111340671777725,0.04775175079703331
sin_family,1.02,161,199,False,0.3767443001270294,0.06055678054690361
sin_family,1.02,162,116,False,1.908212423324585,0.8596094846725464
sin_family,1.02,163,117,False,1.8091821670532227,0.9191100597381592
sin_family,1.02,164,114,False,2.6084632873535156,0.7872294187545776
sin_family,1.02,165,129,False,1.825259804725647,0.896506667137146
sin_family,1.02,166,121,False,1.4602282047271729,0.9803990125656128
sin_family,1.02,167,120,False,1.6304363012313843,0.9566964507102966
sin_family,1.02,168,136,False,2.153057336807251,0.8240472674369812
sin_family,1.02,169,120,False,3.606210470199585,0.715527355670929
sin_family,1.02,170,120,False,1.3673322200775146,0.9999989867210388
sin_family,1.02,171,120,False,0.8256388902664185,1.2016229629516602
sin_family,1.02,172,107,False,3.741424560546875,0.6954355239868164
sin_family,1.02,173,128,False,2.732316493988037,0.7765297293663025
sin_family,1.02,174,129,False,1.5528109073638916,0.9542806148529053
sin_family,1.02,175,124,False,1.2435365915298462,0.9857167601585388
sin_family,1.02,176,199,False,0.45024651288986206,0.000818009430076927
sin_family,1.02,177,169,False,0.6179731488227844,0.03973225876688957
sin_family,1.02,178,125,False,2.1908040046691895,0.8477284908294678
sin_family,1.02,179,216,False,0.3577706813812256,0.01281716488301754
sin_family,1.02,180,120,False,2.9806175231933594,0.732948899269104
sin_family,1.02,181,116,False,2.0272789001464844,0.8494318127632141
sin_family,1.02,182,118,False,1.3774995803833008,0.993310809135437
sin_family,1.02,183,103,False,2.3149893283843994,0.8309899568557739
sin_family,1.02,184,125,False,3.123089075088501,0.7575071454048157
sin_family,1.02,185,202,False,0.3775412440299988,0.0029160347767174244
sin_family,1.02,186,128,False,1.4475500583648682,0.925018310546875
sin_family,1.02,187,128,False,1.3046774864196777,1.0271737575531006
sin_family,1.02,188,118,False,2.3107383251190186,0.8322223424911499
sin_family,1.02,189,100,False,1.8550745248794556,0.8826147317886353
sin_family,1.02,190,131,False,2.955599546432495,0.715624988079071
sin_family,1.02,191,115,False,3.0408806800842285,0.7422763109207153
sin_family,1.02,192,125,False,1.7874443531036377,0.9063604474067688
sin_family,1.02,193,130,False,2.008448839187622,0.8722957968711853
sin_family,1.02,194,114,False,3.12043833732605,0.7524327635765076
sin_family,1.02,195,128,False,2.0576095581054688,0.8506048917770386
sin_family,1.02,196,202,False,0.640360951423645,0.009131623432040215
sin_family,1.02,197,132,False,0.5388051867485046,1.3390576839447021
sin_family,1.02,198,113,False,2.0513532161712646,0.8376098871231079
sin_family,1.02,199,125,False,1.866377353668213,0.8748354911804199
sin_family,1.05,0,105,False,0.6455913186073303,1.2679059505462646
sin_family,1.05,1,117,False,2.25913667678833,0.8529394268989563
sin_family,1.05,2,110,False,3.648914337158203,0.7216882109642029
sin_family,1.05,3,109,False,2.0119524002075195,0.8938767313957214
sin_family,1.05,4,192,False,0.6897855997085571,0.0014132738579064608
sin_family,1.05,5,118,False,2.636322259902954,0.7885533571243286
sin_family,1.05,6,188,False,0.7177834510803223,0.016205433756113052
sin_family,1.05,7,112,False,4.00876522064209,0.6959084272384644
sin_family,1.05,8,198,False,0.6704736948013306,0.0019613001495599747
sin_family,1.05,9,126,False,2.3603248596191406,0.8260679841041565
sin_family,1.05,10,132,False,3.315460681915283,0.7522734999656677
sin_family,1.05,11,211,False,0.5137295722961426,0.03591832518577576
sin_family,1.05,12,121,False,3.206620931625366,0.7419659495353699
sin_family,1.05,13,198,False,0.6579350233078003,0.059707216918468475
sin_family,1.05,14,188,False,0.5374023914337158,0.007181929424405098
sin_family,1.05,15,110,False,2.011817455291748,0.873794674873352
sin_family,1.05,16,201,False,0.3142235279083252,0.02837073802947998
sin_family,1.05,17,211,False,0.8797702789306641,0.0020948571618646383
sin_family,1.05,18,124,False,2.393947124481201,0.8221938610076904
sin_family,1.05,19,129,False,2.8554956912994385,0.794296383857727
sin_family,1.05,20,143,False,1.8385181427001953,0.9085094928741455
sin_family,1.05,21,197,False,1.013020634651184,0.02610519342124462
sin_family,1.05,22,118,False,1.4980978965759277,0.9685593843460083
sin_family,1.05,23,119,False,2.0643978118896484,0.8484548330307007
sin_family,1.05,24,121,False,2.3628013134002686,0.8470996022224426
sin_family,1.05,25,123,False,1.2408274412155151,1.0280393362045288
sin_family,1.05,26,133,False,1.014650821685791,1.0897572040557861
sin_family,1.05,27,101,False,2.013195753097534,0.9032785892486572
sin_family,1.05,28,119,False,2.037749767303467,0.8562619090080261
sin_family,1.05,29,197,False,0.360624760389328,0.03320515528321266
sin_family,1.05,30,132,False,2.250248432159424,0.8281229138374329
sin_family,1.05,31,100,False,3.5687928199768066,0.7578994631767273
sin_family,1.05,32,124,False,2.056325674057007,0.851973831653595
sin_family,1.05,33,138,False,2.670095443725586,0.820776104927063
sin_family,1.05,34,109,False,2.196929931640625,0.8442853093147278
sin_family,1.05,35,111,False,1.5432941913604736,0.9572392702102661
sin_family,1.05,36,116,False,3.4893970489501953,0.7570852637290955
sin_family,1.05,37,170,False,0.34691762924194336,0.03144076094031334
sin_family,1.05,38,117,False,4.480828285217285,0.7163156270980835
sin_family,1.05,39,117,False,3.0108468532562256,0.7673755884170532
sin_family,1.05,40,116,False,2.908231496810913,0.7950698137283325
sin_family,1.05,41,122,False,1.6986145973205566,0.9235468506813049
sin_family,1.05,42,125,False,2.605609655380249,0.7848912477493286
sin_family,1.05,43,117,False,1.7250492572784424,0.9400424957275391
sin_family,1.05,44,124,False,3.013780355453491,0.7854369282722473
sin_family,1.05,45,121,False,1.6853432655334473,0.9759521484375
sin_family,1.05,46,186,False,0.5840081572532654,0.043917328119277954
sin_family,1.05,47,108,False,2.028714656829834,0.8936943411827087
sin_family,1.05,48,190,False,0.8631002902984619,0.010222007520496845
sin_family,1.05,49,135,False,1.617817759513855,0.9531810283660889
sin_family,1.05,50,198,False,1.0525150299072266,0.053544238209724426
sin_family,1.05,51,112,False,2.652036190032959,0.7623516917228699
sin_family,1.05,52,107,False,2.8283822536468506,0.7792574167251587
sin_family,1.05,53,115,False,2.3875582218170166,0.8351009488105774
sin_family,1.05,54,120,False,1.390838861465454,0.9827753305435181
sin_family,1.05,55,187,False,0.11783456802368164,0.028320252895355225
sin_family,1.05,56,118,False,1.8767377138137817,0.884660542011261
sin_family,1.05,57,186,False,0.7256256937980652,0.018198519945144653
sin_family,1.05,58,121,False,1.285659670829773,1.0233101844787598
sin_family,1.05,59,189,False,0.17755673825740814,0.011449845507740974
sin_family,1.05,60,124,False,2.297811985015869,0.8110867142677307
sin_family,1.05,61,123,False,3.2565112113952637,0.7460041046142578
sin_family,1.05,62,126,False,2.520320177078247,0.8426424860954285
sin_family,1.05,63,121,False,3.3938844203948975,0.7469197511672974
sin_family,1.05,64,132,False,1.9216365814208984,0.9529329538345337
sin_family,1.05,65,188,False,0.26450228691101074,0.012219465337693691
sin_family,1.05,66,195,False,0.20431937277317047,0.013927603140473366
sin_family,1.05,67,110,False,3.336601495742798,0.7441850304603577
sin_family,1.05,68,201,False,0.7105845808982849,0.016164829954504967
sin_family,1.05,69,109,False,2.3757801055908203,0.8117737770080566
sin_family,1.05,70,203,False,0.8363484740257263,0.020613424479961395
sin_family,1.05,71,123,False,4.51348876953125,0.702078640460968
sin_family,1.05,72,137,False,2.532869577407837,0.8191609978675842
sin_family,1.05,73,119,False,2.327014684677124,0.8560523390769958
sin_family,1.05,74,212,False,0.3379831314086914,0.016378475353121758
sin_family,1.05,75,125,False,3.4603986740112305,0.7330583930015564
sin_family,1.05,76,142,False,2.7942678928375244,0.7925283908843994
sin_family,1.05,77,117,False,4.018264293670654,0.7179438471794128
sin_family,1.05,78,119,False,1.9118144512176514,0.9020482301712036
sin_family,1.05,79,196,False,0.2540155053138733,0.03597475215792656
sin_family,1.05,80,191,False,0.505097508430481,0.008266746066510677
sin_family,1.05,81,119,False,1.5352729558944702,0.9102219343185425
sin_family,1.05,82,182,False,1.1809779405593872,0.03044889122247696
sin_family,1.05,83,126,False,2.3272109031677246,0.8656352758407593
sin_family,1.05,84,128,False,3.0128660202026367,0.747626781463623
sin_family,1.05,85,120,False,2.690119743347168,0.796879231929779
sin_family,1.05,86,199,False,0.5144023299217224,0.10205092281103134
sin_family,1.05,87,123,False,2.0650579929351807,0.8646097183227539
sin_family,1.05,88,117,False,3.0498335361480713,0.7831950187683105
sin_family,1.05,89,115,False,3.5661442279815674,0.715478241443634
sin_family,1.05,90,125,False,3.7385642528533936,0.6909148097038269
sin_family,1.05,91,126,False,2.646629571914673,0.8251083493232727
sin_family,1.05,92,200,False,0.7239630222320557,0.04932158440351486
sin_family,1.05,93,120,False,2.5143797397613525,0.8197739720344543
sin_family,1.05,94,112,False,1.9764198064804077,0.8862518668174744
sin_family,1.05,95,120,False,3.809882640838623,0.7137283682823181
sin_family,1.05,96,110,False,2.9453439712524414,0.7843384146690369
sin_family,1.05,97,123,False,1.7476520538330078,0.9083963632583618
sin_family,1.05,98,135,False,2.974138021469116,0.7744143605232239
sin_family,1.05,99,203,False,0.2037884145975113,0.008738738484680653
sin_family,1.05,100,111,False,2.4266467094421387,0.7926582098007202
sin_family,1.05,101,122,False,1.2322367429733276,1.02784264087677
sin_family,1.05,102,109,False,1.8245372772216797,0.8914117217063904
sin_family,1.05,103,190,False,0.23340214788913727,0.020084580406546593
sin_family,1.05,104,111,False,2.4856185913085938,0.8173276782035828
sin_family,1.05,105,121,False,2.2251415252685547,0.8648895025253296
sin_family,1.05,106,120,False,3.1464805603027344,0.7579426169395447
sin_family,1.05,107,136,False,1.8823672533035278,0.8932971954345703
sin_family,1.05,108,115,False,2.777977705001831,0.783219575881958
sin_family,1.05,109,119,False,2.763204336166382,0.8124221563339233
sin_family,1.05,110,118,False,2.86153244972229,0.8042954206466675
sin_family,1.05,111,113,False,1.839377999305725,0.8970516324043274
sin_family,1.05,112,137,False,1.7466225624084473,0.9139404296875
sin_family,1.05,113,119,False,2.6463282108306885,0.8262226581573486
sin_family,1.05,114,120,False,2.373103141784668,0.8010501861572266
sin_family,1.05,115,122,False,2.297488212585449,0.8447564244270325
sin_family,1.05,116,129,False,4.062262058258057,0.6940386295318604
sin_family,1.05,117,204,False,0.2995443046092987,0.010132751427590847
sin_family,1.05,118,115,False,3.7588160037994385,0.7563808560371399
sin_family,1.05,119,121,False,2.363431453704834,0.821368396282196
sin_family,1.05,120,190,False,0.6471688747406006,0.04007510840892792
sin_family,1.05,121,208,False,0.7366959452629089,0.005906824953854084
sin_family,1.05,122,137,False,1.8187072277069092,0.933432936668396
sin_family,1.05,123,115,False,3.089064836502075,0.7729523181915283
sin_family,1.05,124,114,False,3.022592067718506,0.7751443386077881
sin_family,1.05,125,207,False,0.32208386063575745,0.010265362448990345
sin_family,1.05,126,113,False,2.156822681427002,0.8564411401748657
sin_family,1.05,127,133,False,2.9310083389282227,0.7592832446098328
sin_family,1.05,128,204,False,0.920461893081665,0.038102906197309494
sin_family,1.05,129,127,False,2.62980318069458,0.780893087387085
sin_family,1.05,130,122,False,3.0166049003601074,0.7762464284896851
sin_family,1.05,131,126,False,2.4997801780700684,0.8186876177787781
sin_family,1.05,132,107,False,2.198845386505127,0.8634647727012634
sin_family,1.05,133,186,False,0.37530818581581116,0.010471908375620842
sin_family,1.05,134,116,False,3.150317907333374,0.752853512763977
sin_family,1.05,135,112,False,0.9990103840827942,1.093654751777649
sin_family,1.05,136,193,False,0.48388969898223877,0.01048927754163742
sin_family,1.05,137,132,False,2.363783359527588,0.8384724259376526
sin_family,1.05,138,125,False,2.0186665058135986,0.8574302792549133
sin_family,1.05,139,110,False,1.2549378871917725,1.0151132345199585
sin_family,1.05,140,113,False,1.4360542297363281,0.9773829579353333
sin_family,1.05,141,145,False,2.4032838344573975,0.7767847776412964
sin_family,1.05,142,110,False,2.1450395584106445,0.846747100353241
sin_family,1.05,143,199,False,0.5199087858200073,0.03769003972411156
sin_family,1.05,144,125,False,1.882421612739563,0.9034814834594727
sin_family,1.05,145,101,False,2.6295101642608643,0.8351084589958191
sin_family,1.05,146,123,False,2.640390634536743,0.8184730410575867
sin_family,1.05,147,106,False,3.1463122367858887,0.7940462231636047
sin_family,1.05,148,110,False,1.3296186923980713,0.9853975772857666
sin_family,1.05,149,182,False,0.3112778961658478,0.04271655157208443
sin_family,1.05,150,121,False,4.3653035163879395,0.6892871856689453
sin_family,1.05,151,125,False,3.6771655082702637,0.7004591226577759
sin_family,1.05,152,117,False,3.0953898429870605,0.7603301405906677
sin_family,1.05,153,112,False,2.3660528659820557,0.8486339449882507
sin_family,1.05,154,108,False,1.9003854990005493,0.8793103694915771
sin_family,1.05,155,120,False,2.1176390647888184,0.9221721291542053
sin_family,1.05,156,124,False,1.19044029712677,1.0418590307235718
sin_family,1.05,157,207,False,0.25995442271232605,0.016103595495224
sin_family,1.05,158,201,False,0.2034066766500473,0.0023568705655634403
sin_family,1.05,159,131,False,3.1303293704986572,0.7314411997795105
sin_family,1.05,160,199,False,0.10967330634593964,0.04729512333869934
sin_family,1.05,161,199,False,0.37458711862564087,0.05993863195180893
sin_family,1.05,162,109,False,2.1801958084106445,0.8426123261451721
sin_family,1.05,163,115,False,2.029059886932373,0.9026709794998169
sin_family,1.05,164,111,False,3.029831886291504,0.7723272442817688
sin_family,1.05,165,126,False,2.0377464294433594,0.881898045539856
sin_family,1.05,166,120,False,1.5601452589035034,0.9741174578666687
sin_family,1.05,167,115,False,1.779444932937622,0.9447652697563171
sin_family,1.05,168,132,False,2.5020503997802734,0.8057258725166321
sin_family,1.05,169,114,False,4.252491474151611,0.7039487361907959
sin_family,1.05,170,115,False,1.4819751977920532,0.9894106984138489
sin_family,1.05,171,120,False,0.8612270951271057,1.1915496587753296
sin_family,1.05,172,107,False,4.57269287109375,0.6777912974357605
sin_family,1.05,173,121,False,3.187936782836914,0.760584831237793
sin_family,1.05,174,127,False,1.701615571975708,0.9419012069702148
sin_family,1.05,175,122,False,1.3499614000320435,0.9755229949951172
sin_family,1.05,176,199,False,0.447333961725235,0.0008096563979052007
sin_family,1.05,177,169,False,0.6094229221343994,0.039796557277441025
sin_family,1.05,178,122,False,2.501434803009033,0.8312126994132996
sin_family,1.05,179,216,False,0.3526935279369354,0.012732707895338535
sin_family,1.05,180,118,False,3.64426851272583,0.7135651707649231
sin_family,1.05,181,113,False,2.3070685863494873,0.8335180878639221
sin_family,1.05,182,118,False,1.4805936813354492,0.9842259287834167
sin_family,1.05,183,103,False,2.654735803604126,0.8139495253562927
sin_family,1.05,184,122,False,3.679363250732422,0.7417476773262024
sin_family,1.05,185,202,False,0.377069354057312,0.002878670347854495
sin_family,1.05,186,120,False,1.6072449684143066,0.9117559790611267
sin_family,1.05,187,124,False,1.3993061780929565,1.0181812047958374
sin_family,1.05,188,111,False,2.6728365421295166,0.8143819570541382
sin_family,1.05,189,96,False,2.08327317237854,0.8682613372802734
sin_family,1.05,190,122,False,3.498023271560669,0.7027902603149414
sin_family,1.05,191,114,False,3.5858798027038574,0.7271429896354675
sin_family,1.05,192,121,False,2.014198064804077,0.8894557356834412
sin_family,1.05,193,127,False,2.2759838104248047,0.8555076122283936
sin_family,1.05,194,112,False,3.6972477436065674,0.7348496317863464
sin_family,1.05,195,124,False,2.346980333328247,0.8343393206596375
sin_family,1.05,196,202,False,0.6400257349014282,0.009006354957818985
sin_family,1.05,197,132,False,0.6750308275222778,1.2527186870574951
sin_family,1.05,198,106,False,2.364332914352417,0.8202124834060669
sin_family,1.05,199,120,False,2.101841926574707,0.8597220778465271
sin_family,1.1,0,101,False,0.5792836546897888,1.3332542181015015
sin_family,1.1,1,111,False,2.7026729583740234,0.8408103585243225
sin_family,1.1,2,103,False,4.343529224395752,0.7262301445007324
sin_family,1.1,3,105,False,2.3541417121887207,0.8798083066940308
sin_family,1.1,4,192,False,0.6866991519927979,0.001387012074701488
sin_family,1.1,5,113,False,3.1894783973693848,0.7822006940841675
sin_family,1.1,6,188,False,0.7223390936851501,0.015681317076086998
sin_family,1.1,7,106,False,4.649886131286621,0.708131730556488
sin_family,1.1,8,198,False,0.6664355397224426,0.0019286671886220574
sin_family,1.1,9,121,False,2.842174530029297,0.8141722679138184
sin_family,1.1,10,129,False,3.965224266052246,0.7501046657562256
sin_family,1.1,11,211,False,0.5107756853103638,0.03555706515908241
sin_family,1.1,12,113,False,3.8451056480407715,0.74005126953125
sin_family,1.1,13,197,False,0.6426209211349487,0.05988870933651924
sin_family,1.1,14,188,False,0.5289987921714783,0.007480387110263109
sin_family,1.1,15,106,False,2.335594892501831,0.8648790121078491
sin_family,1.1,16,201,False,0.31783750653266907,0.025296848267316818
sin_family,1.1,17,211,False,0.8744362592697144,0.002059314399957657
sin_family,1.1,18,118,False,2.869661569595337,0.811232328414917
sin_family,1.1,19,124,False,3.4309680461883545,0.7864783406257629
sin_family,1.1,20,132,False,2.1373958587646484,0.8959733843803406
sin_family,1.1,21,197,False,1.0055053234100342,0.02567986026406288
sin_family,1.1,22,116,False,1.7106915712356567,0.9564158320426941
sin_family,1.1,23,114,False,2.379743814468384,0.8423928022384644
sin_family,1.1,24,119,False,2.7500250339508057,0.8402896523475647
sin_family,1.1,25,120,False,1.3555500507354736,1.0214816331863403
sin_family,1.1,26,134,False,0.8068152666091919,1.2865197658538818
sin_family,1.1,27,98,False,2.2893247604370117,0.8925334811210632
sin_family,1.1,28,115,False,2.3898088932037354,0.8438073992729187
sin_family,1.1,29,197,False,0.3586910665035248,0.032608237117528915
sin_family,1.1,30,126,False,2.7063052654266357,0.815524697303772
sin_family,1.1,31,94,False,4.222480297088623,0.7570676207542419
sin_family,1.1,32,118,False,2.4622890949249268,0.8388971090316772
sin_family,1.1,33,131,False,3.1634602546691895,0.8129161596298218
sin_family,1.1,34,105,False,2.611985445022583,0.8331236839294434
sin_family,1.1,35,106,False,1.7623454332351685,0.9444770812988281
sin_family,1.1,36,113,False,4.114763259887695,0.7573913931846619
sin_family,1.1,37,170,False,0.34062671661376953,0.03162103891372681
sin_family,1.1,38,115,False,5.1545820236206055,0.7239848375320435
sin_family,1.1,39,108,False,3.6655168533325195,0.7576442360877991
sin_family,1.1,40,107,False,3.4663877487182617,0.7901355028152466
sin_family,1.1,41,119,False,1.9634158611297607,0.9104928374290466
sin_family,1.1,42,119,False,3.22810435295105,0.7738118767738342
sin_family,1.1,43,111,False,1.9705240726470947,0.928908109664917
sin_family,1.1,44,115,False,3.806165933609009,0.7696864604949951
sin_family,1.1,45,118,False,1.903727650642395,0.9640516638755798
sin_family,1.1,46,186,False,0.5793811082839966,0.04320686683058739
sin_family,1.1,47,105,False,2.3755075931549072,0.8797920942306519
sin_family,1.1,48,190,False,0.8231343030929565,0.010297293774783611
sin_family,1.1,49,131,False,1.847457766532898,0.9403982162475586
sin_family,1.1,50,198,False,1.04541015625,0.052727602422237396
sin_family,1.1,51,105,False,3.2457401752471924,0.7572600245475769
sin_family,1.1,52,101,False,3.322486639022827,0.7782644629478455
sin_family,1.1,53,108,False,2.8368570804595947,0.8239051103591919
sin_family,1.1,54,116,False,1.4781882762908936,0.9885476231575012
sin_family,1.1,55,187,False,0.11553570628166199,0.027834443375468254
sin_family,1.1,56,111,False,2.246314525604248,0.87016761302948
sin_family,1.1,57,186,False,0.7262987494468689,0.017719123512506485
sin_family,1.1,58,118,False,1.3870680332183838,1.0228182077407837
sin_family,1.1,59,189,False,0.17492564022541046,0.011238889768719673
sin_family,1.1,60,111,False,2.792144536972046,0.7997742891311646
sin_family,1.1,61,116,False,3.9305660724639893,0.7431378364562988
sin_family,1.1,62,120,False,2.967914581298828,0.8322768211364746
sin_family,1.1,63,114,False,4.064019203186035,0.744336724281311
sin_family,1.1,64,127,False,2.163722038269043,0.9420552849769592
sin_family,1.1,65,188,False,0.2599637508392334,0.012628933414816856
sin_family,1.1,66,195,False,0.20180539786815643,0.013688113540410995
sin_family,1.1,67,101,False,4.031225204467773,0.7402961254119873
sin_family,1.1,68,201,False,0.7056872844696045,0.01588796265423298
sin_family,1.1,69,100,False,2.8506319522857666,0.800571858882904
sin_family,1.1,70,203,False,0.8341702222824097,0.020191045477986336
sin_family,1.1,71,116,False,5.108619689941406,0.7163704037666321
sin_family,1.1,72,131,False,2.9235758781433105,0.817396342754364
sin_family,1.1,73,115,False,2.7448065280914307,0.8463080525398254
sin_family,1.1,74,212,False,0.3372874855995178,0.015996530652046204
sin_family,1.1,75,117,False,4.130347728729248,0.7329899072647095
sin_family,1.1,76,132,False,3.355498790740967,0.7845174074172974
sin_family,1.1,77,112,False,4.682440280914307,0.7261174321174622
sin_family,1.1,78,117,False,2.208142042160034,0.8896051049232483
sin_family,1.1,79,196,False,0.255248486995697,0.03468160703778267
sin_family,1.1,80,191,False,0.5022268891334534,0.008125072345137596
sin_family,1.1,81,118,False,1.7849568128585815,0.8989851474761963
sin_family,1.1,82,182,False,1.1740916967391968,0.029894234612584114
sin_family,1.1,83,122,False,2.7398862838745117,0.8533656001091003
sin_family,1.1,84,121,False,3.6878528594970703,0.7437436580657959
sin_family,1.1,85,111,False,3.2559356689453125,0.7862111330032349
sin_family,1.1,86,201,False,0.5318273305892944,0.08906126767396927
sin_family,1.1,87,115,False,2.4626665115356445,0.8501700758934021
sin_family,1.1,88,112,False,3.622088670730591,0.7768486142158508
sin_family,1.1,89,106,False,4.285409927368164,0.7191200852394104
sin_family,1.1,90,118,False,4.5068159103393555,0.6969282031059265
sin_family,1.1,91,119,False,3.158263683319092,0.8159538507461548
sin_family,1.1,92,200,False,0.7162271738052368,0.04830485209822655
sin_family,1.1,93,116,False,2.9927988052368164,0.8091632723808289
sin_family,1.1,94,110,False,2.3071393966674805,0.8727790713310242
sin_family,1.1,95,115,False,4.471682071685791,0.7214589715003967
sin_family,1.1,96,105,False,3.603067398071289,0.775416374206543
sin_family,1.1,97,115,False,2.0312252044677734,0.8954112529754639
sin_family,1.1,98,129,False,3.0854127407073975,0.7998703122138977
sin_family,1.1,99,203,False,0.20392145216464996,0.008561772294342518
sin_family,1.1,100,107,False,2.953843593597412,0.782698392868042
sin_family,1.1,101,117,False,1.358443260192871,1.0215909481048584
sin_family,1.1,102,103,False,2.1277897357940674,0.8782824277877808
sin_family,1.1,103,190,False,0.23139292001724243,0.019723782315850258
sin_family,1.1,104,101,False,2.941497325897217,0.8095841407775879
sin_family,1.1,105,113,False,2.6213788986206055,0.8528031706809998
sin_family,1.1,106,108,False,3.8286521434783936,0.7519652843475342
sin_family,1.1,107,128,False,2.1889305114746094,0.8821274638175964
sin_family,1.1,108,106,False,3.332491397857666,0.7772448658943176
sin_family,1.1,109,111,False,3.262244939804077,0.8049229979515076
sin_family,1.1,110,111,False,3.4465386867523193,0.7954935431480408
sin_family,1.1,111,106,False,2.147341251373291,0.8848598599433899
sin_family,1.1,112,128,False,2.0154922008514404,0.9025905728340149
sin_family,1.1,113,112,False,3.1572418212890625,0.8131876587867737
sin_family,1.1,114,112,False,2.8721678256988525,0.7895881533622742
sin_family,1.1,115,118,False,2.8889238834381104,0.8191633224487305
sin_family,1.1,116,122,False,5.062182426452637,0.6966620087623596
sin_family,1.1,117,204,False,0.2968387305736542,0.009982643648982048
sin_family,1.1,118,111,False,4.3599467277526855,0.7580053806304932
sin_family,1.1,119,118,False,2.8509957790374756,0.8086515665054321
sin_family,1.1,120,190,False,0.6463968753814697,0.039069559425115585
sin_family,1.1,121,208,False,0.7348412275314331,0.005773837678134441
sin_family,1.1,122,130,False,2.0128560066223145,0.933042049407959
sin_family,1.1,123,111,False,3.7354776859283447,0.7667760848999023
sin_family,1.1,124,106,False,3.683082342147827,0.7679387927055359
sin_family,1.1,125,207,False,0.3187638819217682,0.01011270098388195
sin_family,1.1,126,110,False,2.5372395515441895,0.8452431559562683
sin_family,1.1,127,123,False,3.5780370235443115,0.7530117034912109
sin_family,1.1,128,204,False,0.8964199423789978,0.038229312747716904
sin_family,1.1,129,117,False,3.2018918991088867,0.7706473469734192
sin_family,1.1,130,117,False,3.668842077255249,0.7693946957588196
sin_family,1.1,131,120,False,2.9941189289093018,0.8091681599617004
sin_family,1.1,132,103,False,2.57275390625,0.8533081412315369
sin_family,1.1,133,186,False,0.37011733651161194,0.010729163885116577
sin_family,1.1,134,113,False,3.7585089206695557,0.7505138516426086
sin_family,1.1,135,110,False,1.054574728012085,1.0965023040771484
sin_family,1.1,136,193,False,0.4832550287246704,0.010257395915687084
sin_family,1.1,137,125,False,2.812972068786621,0.8266789317131042
sin_family,1.1,138,121,False,2.4280216693878174,0.8435627222061157
sin_family,1.1,139,109,False,1.3874925374984741,1.0063929557800293
sin_family,1.1,140,111,False,1.6120551824569702,0.9670652747154236
sin_family,1.1,141,136,False,2.94789719581604,0.7674416303634644
sin_family,1.1,142,102,False,2.5455472469329834,0.8353102207183838
sin_family,1.1,143,199,False,0.5162573456764221,0.03705521300435066
sin_family,1.1,144,117,False,2.202099561691284,0.8886299133300781
sin_family,1.1,145,95,False,3.106524705886841,0.8247650265693665
sin_family,1.1,146,119,False,3.141098737716675,0.8090412616729736
sin_family,1.1,147,100,False,3.806793451309204,0.7828198671340942
sin_family,1.1,148,105,False,1.4974122047424316,0.9743555784225464
sin_family,1.1,149,182,False,0.31168481707572937,0.041444264352321625
sin_family,1.1,150,115,False,5.133759498596191,0.7003109455108643
sin_family,1.1,151,119,False,4.562469959259033,0.7021071910858154
sin_family,1.1,152,111,False,3.747417449951172,0.7547042965888977
sin_family,1.1,153,103,False,2.7951722145080566,0.836301326751709
sin_family,1.1,154,101,False,2.2230052947998047,0.8677912354469299
sin_family,1.1,155,113,False,2.439673900604248,0.9090587496757507
sin_family,1.1,156,119,False,1.255652666091919,1.0487291812896729
sin_family,1.1,157,207,False,0.2529605031013489,0.015922699123620987
sin_family,1.1,158,201,False,0.2058648020029068,0.0022976279724389315
sin_family,1.1,159,126,False,3.8590407371520996,0.7276342511177063
sin_family,1.1,160,199,False,0.10736220329999924,0.04657723009586334
sin_family,1.1,161,199,False,0.3710589110851288,0.058954816311597824
sin_family,1.1,162,106,False,2.619143486022949,0.8296588063240051
sin_family,1.1,163,111,False,2.391138792037964,0.8876628875732422
sin_family,1.1,164,103,False,3.579719066619873,0.7721459269523621
sin_family,1.1,165,123,False,2.384923219680786,0.8691475987434387
sin_family,1.1,166,112,False,1.7134705781936646,0.9703264832496643
sin_family,1.1,167,111,False,2.0257515907287598,0.9329088926315308
sin_family,1.1,168,125,False,3.042464256286621,0.7948001027107239
sin_family,1.1,169,107,False,4.941198348999023,0.7156292200088501
sin_family,1.1,170,110,False,1.6740479469299316,0.9781647324562073
sin_family,1.1,171,116,False,0.9196810722351074,1.1854479312896729
sin_family,1.1,172,101,False,5.5050048828125,0.6855050921440125
sin_family,1.1,173,117,False,3.801435947418213,0.7585427165031433
sin_family,1.1,174,122,False,1.9507097005844116,0.9292553663253784
sin_family,1.1,175,118,False,1.5303385257720947,0.9641517400741577
sin_family,1.1,176,191,False,0.4425817131996155,0.0001939967623911798
sin_family,1.1,177,169,False,0.5957024693489075,0.03990812599658966
sin_family,1.1,178,116,False,2.9755589962005615,0.8212394714355469
sin_family,1.1,179,217,False,0.34368523955345154,0.012597952969372272
sin_family,1.1,180,113,False,4.495853900909424,0.715387225151062
sin_family,1.1,181,101,False,2.7438650131225586,0.8229301571846008
sin_family,1.1,182,115,False,1.6520500183105469,0.9745205044746399
sin_family,1.1,183,97,False,3.1700425148010254,0.8041384220123291
sin_family,1.1,184,113,False,4.357499599456787,0.7448185086250305
sin_family,1.1,185,202,False,0.3762938380241394,0.0028190789744257927
sin_family,1.1,186,112,False,1.8740041255950928,0.8990570902824402
sin_family,1.1,187,120,False,1.5589230060577393,1.0079128742218018
sin_family,1.1,188,105,False,3.221872091293335,0.8046719431877136
sin_family,1.1,189,94,False,2.450254201889038,0.8569732308387756
sin_family,1.1,190,119,False,4.1367034912109375,0.7098435163497925
sin_family,1.1,191,109,False,4.255212783813477,0.7302638292312622
sin_family,1.1,192,115,False,2.384502410888672,0.8746320009231567
sin_family,1.1,193,120,False,2.7039377689361572,0.8425224423408508
sin_family,1.1,194,101,False,4.420217037200928,0.7353336215019226
sin_family,1.1,195,118,False,2.798212766647339,0.8237951993942261
sin_family,1.1,196,202,False,0.6394840478897095,0.008805670775473118
sin_family,1.1,197,128,False,0.8643354177474976,1.172764539718628
sin_family,1.1,198,104,False,2.852961301803589,0.8091787099838257
sin_family,1.1,199,117,False,2.48384690284729,0.8473366498947144
sin_family,1.15,0,100,False,0.46157124638557434,1.445745587348938
sin_family,1.15,1,105,False,3.0986294746398926,0.8427255749702454
sin_family,1.15,2,96,False,4.794708251953125,0.7468844652175903
sin_family,1.15,3,101,False,2.678656816482544,0.8766376972198486
sin_family,1.15,4,192,False,0.6837398409843445,0.0013618803350254893
sin_family,1.15,5,106,False,3.631927967071533,0.7920114398002625
sin_family,1.15,6,188,False,0.7265245914459229,0.015193191356956959
sin_family,1.15,7,99,False,5.026141166687012,0.7338265180587769
sin_family,1.15,8,198,False,0.6625001430511475,0.0018977824365720153
sin_family,1.15,9,115,False,3.263669967651367,0.8171156644821167
sin_family,1.15,10,123,False,4.4302287101745605,0.764750063419342
sin_family,1.15,11,211,False,0.5078429579734802,0.035234224051237106
sin_family,1.15,12,104,False,4.309510231018066,0.7545451521873474
sin_family,1.15,13,196,False,0.6277211904525757,0.06011233106255531
sin_family,1.15,14,188,False,0.5206425786018372,0.007814734242856503
sin_family,1.15,15,103,False,2.6157824993133545,0.8676096200942993
sin_family,1.15,16,201,False,0.3207547962665558,0.02306239679455757
sin_family,1.15,17,211,False,0.8692192435264587,0.0020254668779671192
sin_family,1.15,18,113,False,3.2842187881469727,0.8145270347595215
sin_family,1.15,19,114,False,3.8890626430511475,0.7949506640434265
sin_family,1.15,20,122,False,2.4202728271484375,0.8936004042625427
sin_family,1.15,21,197,False,0.998157799243927,0.025274241343140602
sin_family,1.15,22,112,False,1.9207515716552734,0.9516071677207947
sin_family,1.15,23,107,False,2.646592855453491,0.8471763134002686
sin_family,1.15,24,114,False,3.0607783794403076,0.8470033407211304
sin_family,1.15,25,117,False,1.4655346870422363,1.019212007522583
sin_family,1.15,26,190,False,0.28430840373039246,0.34780004620552063
sin_family,1.15,27,96,False,2.547356128692627,0.8903013467788696
sin_family,1.15,28,111,False,2.7162206172943115,0.8427702784538269
sin_family,1.15,29,197,False,0.35680463910102844,0.03204355016350746
sin_family,1.15,30,123,False,3.117879867553711,0.8168503642082214
sin_family,1.15,31,91,False,4.678563594818115,0.7721765637397766
sin_family,1.15,32,112,False,2.8364500999450684,0.8388529419898987
sin_family,1.15,33,126,False,3.5590932369232178,0.8200405240058899
sin_family,1.15,34,101,False,2.9800312519073486,0.8351632356643677
sin_family,1.15,35,105,False,1.9791836738586426,0.9390120506286621
sin_family,1.15,36,109,False,4.5423665046691895,0.7738896012306213
sin_family,1.15,37,170,False,0.33455759286880493,0.0318879671394825
sin_family,1.15,38,111,False,5.550709247589111,0.745816171169281
sin_family,1.15,39,94,False,4.190742015838623,0.7652134299278259
sin_family,1.15,40,101,False,3.8951361179351807,0.801112711429596
sin_family,1.15,41,118,False,2.2205967903137207,0.9064526557922363
sin_family,1.15,42,112,False,3.751991033554077,0.7805997729301453
sin_family,1.15,43,110,False,2.2033958435058594,0.9263616800308228
sin_family,1.15,44,104,False,4.476257801055908,0.7748557925224304
sin_family,1.15,45,114,False,2.117936372756958,0.9592800140380859
sin_family,1.15,46,186,False,0.5748292803764343,0.04252481833100319
sin_family,1.15,47,103,False,2.703956365585327,0.8769240975379944
sin_family,1.15,48,190,False,0.7871164679527283,0.010367571376264095
sin_family,1.15,49,125,False,2.0736289024353027,0.9352285265922546
sin_family,1.15,50,198,False,1.0384758710861206,0.0519401952624321
sin_family,1.15,51,95,False,3.7134745121002197,0.768799901008606
sin_family,1.15,52,95,False,3.6659233570098877,0.792926549911499
sin_family,1.15,53,105,False,3.227562427520752,0.8266355991363525
sin_family,1.15,54,109,False,1.5280225276947021,1.0024058818817139
sin_family,1.15,55,187,False,0.11336372047662735,0.02738291211426258
sin_family,1.15,56,109,False,2.5967366695404053,0.8683909177780151
sin_family,1.15,57,186,False,0.7269089818000793,0.017264408990740776
sin_family,1.15,58,115,False,1.4716130495071411,1.0279244184494019
sin_family,1.15,59,189,False,0.1723736822605133,0.011043703183531761
sin_family,1.15,60,100,False,3.2281081676483154,0.8034202456474304
sin_family,1.15,61,112,False,4.420188903808594,0.7572757005691528
sin_family,1.15,62,112,False,3.349151134490967,0.8357131481170654
sin_family,1.15,63,108,False,4.540586948394775,0.7585123181343079
sin_family,1.15,64,122,False,2.3940556049346924,0.9389442205429077
sin_family,1.15,65,188,False,0.2547158896923065,0.013148683123290539
sin_family,1.15,66,195,False,0.19937023520469666,0.01346604060381651
sin_family,1.15,67,95,False,4.537011623382568,0.753728449344635
sin_family,1.15,68,201,False,0.700964093208313,0.01562242116779089
sin_family,1.15,69,96,False,3.264270782470703,0.8037803769111633
sin_family,1.15,70,203,False,0.8320993185043335,0.01978578232228756
sin_family,1.15,71,106,False,5.435949325561523,0.7425612807273865
sin_family,1.15,72,122,False,3.2018280029296875,0.8294201493263245
sin_family,1.15,73,107,False,3.1053874492645264,0.8500023484230042
sin_family,1.15,74,212,False,0.33660802245140076,0.015634862706065178
sin_family,1.15,75,112,False,4.589115142822266,0.7494449019432068
sin_family,1.15,76,119,False,3.8061203956604004,0.7926653027534485
sin_family,1.15,77,101,False,5.089261531829834,0.748746931552887
sin_family,1.15,78,109,False,2.4886980056762695,0.8866655230522156
sin_family,1.15,79,196,False,0.2562662661075592,0.033506330102682114
sin_family,1.15,80,191,False,0.4994286894798279,0.007991114631295204
sin_family,1.15,81,113,False,2.0274102687835693,0.8962769508361816
sin_family,1.15,82,182,False,1.1672041416168213,0.029367538169026375
sin_family,1.15,83,115,False,3.1073739528656006,0.8541072010993958
sin_family,1.15,84,111,False,4.194587230682373,0.7572477459907532
sin_family,1.15,85,100,False,3.7284977436065674,0.7919324040412903
sin_family,1.15,86,202,False,0.5436528325080872,0.08059009909629822
sin_family,1.15,87,110,False,2.8355538845062256,0.848395824432373
sin_family,1.15,88,107,False,4.060114860534668,0.7863593101501465
sin_family,1.15,89,104,False,4.7590651512146,0.7396360039710999
sin_family,1.15,90,112,False,4.992149829864502,0.7199922800064087
sin_family,1.15,91,113,False,3.5814366340637207,0.8222261071205139
sin_family,1.15,92,200,False,0.7084207534790039,0.04737887904047966
sin_family,1.15,93,108,False,3.4035863876342773,0.8127627372741699
sin_family,1.15,94,103,False,2.6220669746398926,0.8697419166564941
sin_family,1.15,95,109,False,4.881355285644531,0.7443821430206299
sin_family,1.15,96,98,False,4.133940696716309,0.7844253778457642
sin_family,1.15,97,110,False,2.3055474758148193,0.8916717767715454
sin_family,1.15,98,122,False,2.967474937438965,0.8399454355239868
sin_family,1.15,99,203,False,0.2040417343378067,0.008394532836973667
sin_family,1.15,100,97,False,3.4044594764709473,0.7881494760513306
sin_family,1.15,101,111,False,1.4709136486053467,1.021831750869751
sin_family,1.15,102,98,False,2.418652057647705,0.8750526905059814
sin_family,1.15,103,190,False,0.2294108271598816,0.019383318722248077
sin_family,1.15,104,99,False,3.319005012512207,0.8158105611801147
sin_family,1.15,105,110,False,2.978766441345215,0.8533940315246582
sin_family,1.15,106,103,False,4.339229583740234,0.7638840079307556
sin_family,1.15,107,120,False,2.473294973373413,0.881401002407074
sin_family,1.15,108,101,False,3.7721028327941895,0.7869990468025208
sin_family,1.15,109,102,False,3.663862705230713,0.8121335506439209
sin_family,1.15,110,100,False,3.9185309410095215,0.803197979927063
sin_family,1.15,111,104,False,2.4390547275543213,0.8828451633453369
sin_family,1.15,112,123,False,2.2886033058166504,0.8984182476997375
sin_family,1.15,113,109,False,3.60380220413208,0.8148464560508728
sin_family,1.15,114,110,False,3.3051445484161377,0.7932097911834717
sin_family,1.15,115,111,False,3.4705207347869873,0.8112164735794067
sin_family,1.15,116,114,False,5.693472385406494,0.7198732495307922
sin_family,1.15,117,204,False,0.2942150831222534,0.009841419756412506
sin_family,1.15,118,111,False,4.759613513946533,0.7746119499206543
sin_family,1.15,119,108,False,3.285252094268799,0.8104901313781738
sin_family,1.15,120,190,False,0.6453244686126709,0.038133084774017334
sin_family,1.15,121,208,False,0.7331113219261169,0.005645803175866604
sin_family,1.15,122,120,False,2.1570239067077637,0.9424164295196533
sin_family,1.15,123,104,False,4.230299949645996,0.7780575156211853
sin_family,1.15,124,98,False,4.1932783126831055,0.7788078188896179
sin_family,1.15,125,207,False,0.31552061438560486,0.009969254024326801
sin_family,1.15,126,104,False,2.8766591548919678,0.8463903665542603
sin_family,1.15,127,114,False,4.080796241760254,0.7642152309417725
sin_family,1.15,128,204,False,0.8730982542037964,0.03837714344263077
sin_family,1.15,129,110,False,3.683642864227295,0.7765156030654907
sin_family,1.15,130,110,False,4.174050331115723,0.780505359172821
sin_family,1.15,131,113,False,3.4063310623168945,0.8150148987770081
sin_family,1.15,132,99,False,2.9036245346069336,0.8552407622337341
sin_family,1.15,133,186,False,0.3650217354297638,0.010990030132234097
sin_family,1.15,134,106,False,4.197468280792236,0.764418363571167
sin_family,1.15,135,105,False,1.0986015796661377,1.1034820079803467
sin_family,1.15,136,193,False,0.4826359748840332,0.010036379098892212
sin_family,1.15,137,120,False,3.2086942195892334,0.8286922574043274
sin_family,1.15,138,115,False,2.8079559803009033,0.8432220220565796
sin_family,1.15,139,107,False,1.5182665586471558,1.0022391080856323
sin_family,1.15,140,105,False,1.7860232591629028,0.9626615643501282
sin_family,1.15,141,128,False,3.4044296741485596,0.7744081020355225
sin_family,1.15,142,98,False,2.9091804027557373,0.8363465070724487
sin_family,1.15,143,199,False,0.5126966238021851,0.036455996334552765
sin_family,1.15,144,117,False,2.51220440864563,0.8840546607971191
sin_family,1.15,145,92,False,3.515644073486328,0.8283745050430298
sin_family,1.15,146,115,False,3.5627052783966064,0.8141207098960876
sin_family,1.15,147,97,False,4.3411478996276855,0.7889940142631531
sin_family,1.15,148,102,False,1.6654703617095947,0.9688535928726196
sin_family,1.15,149,182,False,0.31198185682296753,0.04025837779045105
sin_family,1.15,150,108,False,5.573637008666992,0.7269002199172974
sin_family,1.15,151,111,False,5.140148639678955,0.7239441871643066
sin_family,1.15,152,104,False,4.240959644317627,0.7661699652671814
sin_family,1.15,153,100,False,3.175868511199951,0.8372766375541687
sin_family,1.15,154,93,False,2.5237910747528076,0.866929292678833
sin_family,1.15,155,110,False,2.742504596710205,0.9059784412384033
sin_family,1.15,156,118,False,1.2921103239059448,1.0630241632461548
sin_family,1.15,157,207,False,0.24636134505271912,0.01575605943799019
sin_family,1.15,158,201,False,0.20794826745986938,0.0022440871689468622
sin_family,1.15,159,118,False,4.375555992126465,0.7428832054138184
sin_family,1.15,160,199,False,0.10515547543764114,0.045908670872449875
sin_family,1.15,161,199,False,0.3676142394542694,0.05802446976304054
sin_family,1.15,162,105,False,3.0179226398468018,0.8304110169410706
sin_family,1.15,163,106,False,2.7306039333343506,0.8847339153289795
sin_family,1.15,164,97,False,3.967041492462158,0.7874981164932251
sin_family,1.15,165,113,False,2.708688497543335,0.8675739765167236
sin_family,1.15,166,108,False,1.846458911895752,0.973191499710083
sin_family,1.15,167,110,False,2.2618706226348877,0.9293366074562073
sin_family,1.15,168,115,False,3.503138780593872,0.7998175024986267
sin_family,1.15,169,98,False,5.340224742889404,0.7414254546165466
sin_family,1.15,170,108,False,1.8624159097671509,0.9737846255302429
sin_family,1.15,171,114,False,0.9754788875579834,1.185790777206421
sin_family,1.15,172,94,False,6.042585849761963,0.711146354675293
sin_family,1.15,173,110,False,4.2472124099731445,0.7726081013679504
sin_family,1.15,174,116,False,2.1932430267333984,0.9249278903007507
sin_family,1.15,175,117,False,1.7101812362670898,0.9588965773582458
sin_family,1.15,176,199,False,0.4379633665084839,0.0008084984729066491
sin_family,1.15,177,169,False,0.5826137065887451,0.040024492889642715
sin_family,1.15,178,112,False,3.376784563064575,0.8256867527961731
sin_family,1.15,179,217,False,0.334198921918869,0.012466801330447197
sin_family,1.15,180,112,False,5.065876483917236,0.7365030646324158
sin_family,1.15,181,96,False,3.125075101852417,0.826034665107727
sin_family,1.15,182,111,False,1.81877601146698,0.9707459211349487
sin_family,1.15,183,94,False,3.6007840633392334,0.809447169303894
sin_family,1.15,184,107,False,4.800871849060059,0.7643309831619263
sin_family,1.15,185,202,False,0.37553268671035767,0.00276258890517056
sin_family,1.15,186,106,False,2.1321635246276855,0.8957791924476624
sin_family,1.15,187,117,False,1.7176676988601685,1.0029077529907227
sin_family,1.15,188,97,False,3.678858757019043,0.8108951449394226
sin_family,1.15,189,92,False,2.7853126525878906,0.8573017716407776
sin_family,1.15,190,113,False,4.541925430297852,0.7316278219223022
sin_family,1.15,191,101,False,4.695342063903809,0.749337375164032
sin_family,1.15,192,112,False,2.7316274642944336,0.8720755577087402
sin_family,1.15,193,114,False,3.0896050930023193,0.8430313467979431
sin_family,1.15,194,91,False,4.884420394897461,0.7538602352142334
sin_family,1.15,195,111,False,3.1909608840942383,0.8273094892501831
sin_family,1.15,196,202,False,0.6389622092247009,0.00861446000635624
sin_family,1.15,197,124,False,1.049551248550415,1.122154712677002
sin_family,1.15,198,99,False,3.2767086029052734,0.8131040930747986
sin_family,1.15,199,115,False,2.8357036113739014,0.8468555808067322
sin_family,1.25,0,158,False,0.1345161497592926,0.8406418561935425
sin_family,1.25,1,97,False,3.7140841484069824,0.8696579337120056
sin_family,1.25,2,93,False,5.272712707519531,0.8022061586380005
sin_family,1.25,3,94,False,3.2361056804656982,0.8915223479270935
sin_family,1.25,4,192,False,0.6782063841819763,0.0013147167628630996
sin_family,1.25,5,99,False,4.22374963760376,0.8324546217918396
sin_family,1.25,6,188,False,0.7338951826095581,0.014311302453279495
sin_family,1.25,7,97,False,5.387142658233643,0.7944642305374146
sin_family,1.25,8,198,False,0.6549157500267029,0.001840587123297155
sin_family,1.25,9,108,False,3.897718667984009,0.8462735414505005
sin_family,1.25,10,115,False,4.977720260620117,0.8127436637878418
sin_family,1.25,11,211,False,0.5019962191581726,0.03470489755272865
sin_family,1.25,12,104,False,4.866057872772217,0.8021615147590637
sin_family,1.25,13,196,False,0.5990753173828125,0.06069053336977959
sin_family,1.25,14,188,False,0.5040199160575867,0.00863211415708065
sin_family,1.25,15,99,False,3.0303754806518555,0.8929741382598877
sin_family,1.25,16,201,False,0.3255179524421692,0.01985021121799946
sin_family,1.25,17,211,False,0.859085738658905,0.001962462440133095
sin_family,1.25,18,105,False,3.9064884185791016,0.8434555530548096
sin_family,1.25,19,108,False,4.493669033050537,0.8337464928627014
sin_family,1.25,20,114,False,2.9077279567718506,0.9086160063743591
sin_family,1.25,21,197,False,0.9839862585067749,0.024515395984053612
sin_family,1.25,22,102,False,2.3116791248321533,0.958321750164032
sin_family,1.25,23,96,False,3.063464879989624,0.8726521730422974
sin_family,1.25,24,102,False,3.4679741859436035,0.8808961510658264
sin_family,1.25,25,112,False,1.6624757051467896,1.0250037908554077
sin_family,1.25,26,212,False,0.3378886282444,0.08167707920074463
sin_family,1.25,27,96,False,2.9869844913482666,0.9030357003211975
sin_family,1.25,28,102,False,3.257817268371582,0.8620710968971252
sin_family,1.25,29,197,False,0.3531687557697296,0.030999524518847466
sin_family,1.25,30,106,False,3.76298451423645,0.8428477644920349
sin_family,1.25,31,91,False,5.196207523345947,0.8194810152053833
sin_family,1.25,32,93,False,3.4464995861053467,0.861325204372406
sin_family,1.25,33,123,False,4.0903706550598145,0.8552353382110596
sin_family,1.25,34,96,False,3.5494320392608643,0.8609790205955505
sin_family,1.25,35,94,False,2.3824644088745117,0.9445018768310547
sin_family,1.25,36,104,False,5.016494274139404,0.8238261342048645
sin_family,1.25,37,170,False,0.3227907717227936,0.03276728093624115
sin_family,1.25,38,111,False,5.920905590057373,0.8011648058891296
sin_family,1.25,39,88,False,4.882654666900635,0.8036587238311768
sin_family,1.25,40,93,False,4.442855358123779,0.8431052565574646
sin_family,1.25,41,106,False,2.682729721069336,0.9172094464302063
sin_family,1.25,42,104,False,4.482011795043945,0.8190898895263672
sin_family,1.25,43,107,False,2.6081831455230713,0.9388490915298462
sin_family,1.25,44,98,False,5.434735298156738,0.8131489753723145
sin_family,1.25,45,107,False,2.5128769874572754,0.965817391872406
sin_family,1.25,46,186,False,0.565950334072113,0.04124092683196068
sin_family,1.25,47,93,False,3.2658615112304688,0.8925479650497437
sin_family,1.25,48,190,False,0.7258987426757812,0.010474481619894505
sin_family,1.25,49,115,False,2.4914395809173584,0.9417502880096436
sin_family,1.25,50,198,False,1.0249749422073364,0.05045633390545845
sin_family,1.25,51,87,False,4.326132297515869,0.8123799562454224
sin_family,1.25,52,86,False,4.03743314743042,0.8400080800056458
sin_family,1.25,53,96,False,3.8140947818756104,0.8544545769691467
sin_family,1.25,54,103,False,1.5120117664337158,1.0488547086715698
sin_family,1.25,55,187,False,0.10935576260089874,0.02656935341656208
sin_family,1.25,56,100,False,3.1923041343688965,0.8881657123565674
sin_family,1.25,57,186,False,0.7279508113861084,0.016422495245933533
sin_family,1.25,58,109,False,1.5865163803100586,1.049946904182434
sin_family,1.25,59,189,False,0.1674928516149521,0.010693994350731373
sin_family,1.25,60,91,False,3.8876500129699707,0.8339229226112366
sin_family,1.25,61,111,False,5.000682353973389,0.8043821454048157
sin_family,1.25,62,101,False,3.9085865020751953,0.8643509745597839
sin_family,1.25,63,106,False,5.092803955078125,0.8050634860992432
sin_family,1.25,64,113,False,2.8035731315612793,0.9488770365715027
sin_family,1.25,65,188,False,0.24297122657299042,0.014524798840284348
sin_family,1.25,66,195,False,0.1947171986103058,0.013067196123301983
sin_family,1.25,67,94,False,5.134880542755127,0.800093948841095
sin_family,1.25,68,201,False,0.6920322179794312,0.015121713280677795
sin_family,1.25,69,91,False,3.886082172393799,0.8328700661659241
sin_family,1.25,70,203,False,0.8282971978187561,0.0190220158547163
sin_family,1.25,71,105,False,5.723371505737305,0.8026114702224731
sin_family,1.25,72,112,False,3.502439498901367,0.8710675835609436
sin_family,1.25,73,102,False,3.6450304985046387,0.8787381052970886
sin_family,1.25,74,212,False,0.3352946937084198,0.014966307207942009
sin_family,1.25,75,111,False,5.09816312789917,0.7992076277732849
sin_family,1.25,76,112,False,4.414679527282715,0.8307694792747498
sin_family,1.25,77,99,False,5.492188453674316,0.8055974245071411
sin_family,1.25,78,103,False,2.9726085662841797,0.8998323678970337
sin_family,1.25,79,196,False,0.2577458620071411,0.03145141899585724
sin_family,1.25,80,191,False,0.4940430521965027,0.007743492256850004
sin_family,1.25,81,101,False,2.4639244079589844,0.9082762002944946
sin_family,1.25,82,182,False,1.1534727811813354,0.028389757499098778
sin_family,1.25,83,106,False,3.679494857788086,0.8778466582298279
sin_family,1.25,84,110,False,4.813804626464844,0.8039827942848206
sin_family,1.25,85,90,False,4.395377159118652,0.8271196484565735
sin_family,1.25,86,202,False,0.5577996373176575,0.06986973434686661
sin_family,1.25,87,104,False,3.4575271606445312,0.8679974675178528
sin_family,1.25,88,99,False,4.6120219230651855,0.8260300159454346
sin_family,1.25,89,102,False,5.264715194702148,0.7957746982574463
sin_family,1.25,90,107,False,5.488440990447998,0.7801393270492554
sin_family,1.25,91,107,False,4.175014019012451,0.8572406768798828
sin_family,1.25,92,200,False,0.6928110122680664,0.04575016349554062
sin_family,1.25,93,104,False,4.008984565734863,0.8422656655311584
sin_family,1.25,94,95,False,3.166477918624878,0.884339451789856
sin_family,1.25,95,105,False,5.292474269866943,0.8027803897857666
sin_family,1.25,96,97,False,4.832146644592285,0.8265413045883179
sin_family,1.25,97,105,False,2.794060707092285,0.90304034948349
sin_family,1.25,98,118,False,2.280395030975342,0.9519951939582825
sin_family,1.25,99,203,False,0.20424988865852356,0.008085544221103191
sin_family,1.25,100,96,False,4.062349796295166,0.8216664791107178
sin_family,1.25,101,105,False,1.6371564865112305,1.037554144859314
sin_family,1.25,102,92,False,2.931952476501465,0.888147234916687
sin_family,1.25,103,190,False,0.22554226219654083,0.018755489960312843
sin_family,1.25,104,91,False,3.8537471294403076,0.8487105965614319
sin_family,1.25,105,104,False,3.5466041564941406,0.8767497539520264
sin_family,1.25,106,101,False,4.9530158042907715,0.8089015483856201
sin_family,1.25,107,115,False,2.9458611011505127,0.8996421694755554
sin_family,1.25,108,97,False,4.353461742401123,0.827220618724823
sin_family,1.25,109,96,False,4.208580017089844,0.8474147915840149
sin_family,1.25,110,96,False,4.551999092102051,0.8412066698074341
sin_family,1.25,111,100,False,2.9413504600524902,0.8985999226570129
sin_family,1.25,112,113,False,2.778564691543579,0.9091639518737793
sin_family,1.25,113,105,False,4.271510124206543,0.8422918319702148
sin_family,1.25,114,105,False,3.9496259689331055,0.8235653042793274
sin_family,1.25,115,105,False,4.455282211303711,0.8282659649848938
sin_family,1.25,116,56,False,6.290322303771973,0.7828462719917297
sin_family,1.25,117,204,False,0.289201945066452,0.009582148864865303
sin_family,1.25,118,111,False,5.190169811248779,0.8237049579620361
sin_family,1.25,119,104,False,3.9520604610443115,0.8378139734268188
sin_family,1.25,120,190,False,0.642326295375824,0.03644661232829094
sin_family,1.25,121,208,False,0.7299062609672546,0.005403084214776754
sin_family,1.25,122,114,False,2.308391571044922,0.9776036143302917
sin_family,1.25,123,102,False,4.856341361999512,0.8219487071037292
sin_family,1.25,124,89,False,4.832625865936279,0.8229058980941772
sin_family,1.25,125,207,False,0.30925923585891724,0.009706550277769566
sin_family,1.25,126,101,False,3.405545234680176,0.8699142336845398
sin_family,1.25,127,106,False,4.7170586585998535,0.8083193302154541
sin_family,1.25,128,204,False,0.8285471796989441,0.03873302787542343
sin_family,1.25,129,107,False,4.366240501403809,0.8116331100463867
sin_family,1.25,130,102,False,4.82181453704834,0.8245908617973328
sin_family,1.25,131,101,False,3.9919075965881348,0.8489837646484375
sin_family,1.25,132,94,False,3.418464183807373,0.8797299861907959
sin_family,1.25,133,186,False,0.355312317609787,0.011481977999210358
sin_family,1.25,134,102,False,4.715446472167969,0.8107065558433533
sin_family,1.25,135,101,False,1.145729899406433,1.1282869577407837
sin_family,1.25,136,193,False,0.4814399182796478,0.009623999707400799
sin_family,1.25,137,114,False,3.812918186187744,0.8553820848464966
sin_family,1.25,138,102,False,3.4319255352020264,0.8661587834358215
sin_family,1.25,139,99,False,1.7645642757415771,1.0049386024475098
sin_family,1.25,140,99,False,2.112454414367676,0.9675803780555725
sin_family,1.25,141,114,False,4.053229808807373,0.8109984397888184
sin_family,1.25,142,92,False,3.4941539764404297,0.8598263263702393
sin_family,1.25,143,199,False,0.5058408975601196,0.035351455211639404
sin_family,1.25,144,106,False,3.0618736743927,0.8958851099014282
sin_family,1.25,145,91,False,4.118478775024414,0.8579089641571045
sin_family,1.25,146,110,False,4.167872428894043,0.8461301922798157
sin_family,1.25,147,95,False,5.031348705291748,0.8263022899627686
sin_family,1.25,148,98,False,1.9879075288772583,0.9709460735321045
sin_family,1.25,149,182,False,0.31229498982429504,0.038114629685878754
sin_family,1.25,150,108,False,5.975992202758789,0.7910520434379578
sin_family,1.25,151,77,False,5.709312915802002,0.785067617893219
sin_family,1.25,152,103,False,4.8503265380859375,0.809748649597168
sin_family,1.25,153,95,False,3.764410972595215,0.8619289994239807
sin_family,1.25,154,87,False,3.0325000286102295,0.8849077224731445
sin_family,1.25,155,103,False,3.25785756111145,0.9197253584861755
sin_family,1.25,156,113,False,1.2701443433761597,1.1110292673110962
sin_family,1.25,157,207,False,0.23423755168914795,0.015462479554116726
sin_family,1.25,158,201,False,0.21118393540382385,0.002150884596630931
sin_family,1.25,159,111,False,4.971484184265137,0.7927074432373047
sin_family,1.25,160,199,False,0.10102732479572296,0.04470042884349823
sin_family,1.25,161,199,False,0.3609727621078491,0.056306637823581696
sin_family,1.25,162,99,False,3.6516377925872803,0.8549583554267883
sin_family,1.25,163,100,False,3.314638614654541,0.9008480906486511
sin_family,1.25,164,92,False,4.423181056976318,0.8345901966094971
sin_family,1.25,165,108,False,3.2504634857177734,0.8855206966400146
sin_family,1.25,166,105,False,2.0448498725891113,0.9923650026321411
sin_family,1.25,167,106,False,2.6805615425109863,0.9396369457244873
sin_family,1.25,168,108,False,4.16798210144043,0.8333303332328796
sin_family,1.25,169,98,False,5.707976818084717,0.8030747771263123
sin_family,1.25,170,98,False,2.2108592987060547,0.9803703427314758
sin_family,1.25,171,108,False,1.0732849836349487,1.1919453144073486
sin_family,1.25,172,83,False,6.549546718597412,0.7744626402854919
sin_family,1.25,173,108,False,4.782135963439941,0.8189330101013184
sin_family,1.25,174,109,False,2.6325199604034424,0.9339743256568909
sin_family,1.25,175,109,False,2.05200457572937,0.9623822569847107
sin_family,1.25,176,199,False,0.4290878474712372,0.0007665024604648352
sin_family,1.25,177,169,False,0.5581972002983093,0.04026906564831734
sin_family,1.25,178,103,False,3.9570581912994385,0.8563123345375061
sin_family,1.25,179,217,False,0.3159468173980713,0.012201735749840736
sin_family,1.25,180,110,False,5.667356967926025,0.7958630323410034
sin_family,1.25,181,93,False,3.7001750469207764,0.8543848991394043
sin_family,1.25,182,100,False,2.1232564449310303,0.9768052697181702
sin_family,1.25,183,92,False,4.211647033691406,0.8424403071403503
sin_family,1.25,184,102,False,5.274904727935791,0.8185135722160339
sin_family,1.25,185,202,False,0.37405869364738464,0.0026578691322356462
sin_family,1.25,186,99,False,2.5933918952941895,0.9082459807395935
sin_family,1.25,187,113,False,2.020050048828125,1.0054410696029663
sin_family,1.25,188,91,False,4.316776275634766,0.8462104797363281
sin_family,1.25,189,85,False,3.3284246921539307,0.87857985496521
sin_family,1.25,190,110,False,4.961402416229248,0.7873883843421936
sin_family,1.25,191,93,False,5.166136264801025,0.8021700382232666
sin_family,1.25,192,102,False,3.3159070014953613,0.889478325843811
sin_family,1.25,193,107,False,3.6982169151306152,0.8671644330024719
sin_family,1.25,194,88,False,5.325622081756592,0.8083977103233337
sin_family,1.25,195,101,False,3.7806339263916016,0.8564978837966919
sin_family,1.25,196,202,False,0.6379772424697876,0.00825757160782814
sin_family,1.25,197,115,False,1.4468753337860107,1.0616333484649658
sin_family,1.25,198,92,False,3.9071223735809326,0.8438675403594971
sin_family,1.25,199,105,False,3.4110498428344727,0.8672789931297302
sin_family,1.5,0,169,False,0.28893810510635376,0.1032395288348198
sin_family,1.5,1,0,True,4.394019603729248,0.9758535623550415
sin_family,1.5,2,0,True,5.441926002502441,0.9387883543968201
sin_family,1.5,3,9,False,4.01510763168335,0.9780872464179993
sin_family,1.5,4,192,False,0.6662501096725464,0.0012116454308852553
sin_family,1.5,5,0,True,4.681643009185791,0.953851044178009
sin_family,1.5,6,188,False,0.7476645112037659,0.012534603476524353
sin_family,1.5,7,0,True,5.425278186798096,0.9352996945381165
sin_family,1.5,8,198,False,0.6374976634979248,0.0017188143683597445
sin_family,1.5,9,0,True,4.547369956970215,0.9551773071289062
sin_family,1.5,10,0,True,5.288018703460693,0.9451717734336853
sin_family,1.5,11,210,False,0.48687943816185,0.03411269560456276
sin_family,1.5,12,0,True,5.196073532104492,0.9339275360107422
sin_family,1.5,13,196,False,0.5329522490501404,0.06304582953453064
sin_family,1.5,14,188,False,0.46115541458129883,0.013123996555805206
sin_family,1.5,15,21,False,3.3957056999206543,0.9927111864089966
sin_family,1.5,16,201,False,0.34079793095588684,0.012944278307259083
sin_family,1.5,17,211,False,0.835099458694458,0.0018275739857926965
sin_family,1.5,18,2,False,4.549479007720947,0.950346827507019
sin_family,1.5,19,0,True,4.939854621887207,0.9547994136810303
sin_family,1.5,20,8,False,3.6068201065063477,0.992013156414032
sin_family,1.5,21,197,False,0.951656699180603,0.02286425419151783
sin_family,1.5,22,35,False,2.997375011444092,1.0236843824386597
sin_family,1.5,23,15,False,3.7070751190185547,0.9612059593200684
sin_family,1.5,24,15,False,3.6947033405303955,0.9940201640129089
sin_family,1.5,25,108,False,1.9732722043991089,1.0748335123062134
sin_family,1.5,26,214,False,0.38641226291656494,0.034650806337594986
sin_family,1.5,27,32,False,3.6137888431549072,0.9787248373031616
sin_family,1.5,28,23,False,3.967543125152588,0.9567043781280518
sin_family,1.5,29,197,False,0.3448227345943451,0.02878638170659542
sin_family,1.5,30,0,True,4.475937843322754,0.9483227729797363
sin_family,1.5,31,0,True,5.432450294494629,0.9472139477729797
sin_family,1.5,32,4,False,4.197746753692627,0.9596327543258667
sin_family,1.5,33,0,True,4.509225368499756,0.9696298837661743
sin_family,1.5,34,0,True,4.176525592803955,0.9635910987854004
sin_family,1.5,35,32,False,3.083068609237671,1.0071097612380981
sin_family,1.5,36,0,True,5.20581579208374,0.9564069509506226
sin_family,1.5,37,170,False,0.288985013961792,0.04030115529894829
sin_family,1.5,38,0,True,5.886249542236328,0.9375566244125366
sin_family,1.5,39,0,True,5.371326923370361,0.9265542030334473
sin_family,1.5,40,0,True,4.817041873931885,0.9674496054649353
sin_family,1.5,41,22,False,3.4140942096710205,0.9936440587043762
sin_family,1.5,42,0,True,5.079933166503906,0.9435256719589233
sin_family,1.5,43,44,False,3.203113317489624,1.0146586894989014
sin_family,1.5,44,0,True,6.3838300704956055,0.9404076337814331
sin_family,1.5,45,63,False,3.1896872520446777,1.030592679977417
sin_family,1.5,46,186,False,0.5449286103248596,0.038450419902801514
sin_family,1.5,47,12,False,4.03787088394165,0.9802469611167908
sin_family,1.5,48,190,False,0.6191518902778625,0.010543307289481163
sin_family,1.5,49,34,False,3.205191135406494,1.007581114768982
sin_family,1.5,50,198,False,0.9915566444396973,0.04732305184006691
sin_family,1.5,51,0,True,4.787787914276123,0.9401121735572815
sin_family,1.5,52,4,False,4.099453926086426,0.969021201133728
sin_family,1.5,53,4,False,4.420197486877441,0.9605964422225952
sin_family,1.5,54,103,False,0.6217268109321594,1.4290648698806763
sin_family,1.5,55,189,False,0.10089008510112762,0.024941006675362587
sin_family,1.5,56,0,True,3.99005389213562,0.9847935438156128
sin_family,1.5,57,186,False,0.7296762466430664,0.014645739458501339
sin_family,1.5,58,102,False,1.5967663526535034,1.13890540599823
sin_family,1.5,59,189,False,0.15644322335720062,0.009999904781579971
sin_family,1.5,60,0,True,4.549320220947266,0.9447927474975586
sin_family,1.5,61,0,True,5.3267974853515625,0.9341605305671692
sin_family,1.5,62,4,False,4.459262847900391,0.97136390209198
sin_family,1.5,63,0,True,5.375226020812988,0.9327011704444885
sin_family,1.5,64,57,False,3.457911968231201,1.0186561346054077
sin_family,1.5,65,188,False,0.21103233098983765,0.02092805504798889
sin_family,1.5,66,195,False,0.18418854475021362,0.012272766791284084
sin_family,1.5,67,0,True,5.457603454589844,0.9293562173843384
sin_family,1.5,68,201,False,0.6725605130195618,0.01401541568338871
sin_family,1.5,69,0,True,4.525081157684326,0.9417650103569031
sin_family,1.5,70,204,False,0.8207850456237793,0.017342014238238335
sin_family,1.5,71,0,True,5.666722297668457,0.941789984703064
sin_family,1.5,72,21,False,3.485069751739502,0.9923901557922363
sin_family,1.5,73,0,True,4.202515125274658,0.9852954149246216
sin_family,1.5,74,212,False,0.3322490155696869,0.013557285070419312
sin_family,1.5,75,0,True,5.30794095993042,0.9314612150192261
sin_family,1.5,76,0,True,4.9146199226379395,0.951073944568634
sin_family,1.5,77,0,True,5.561544418334961,0.9425603747367859
sin_family,1.5,78,13,False,3.665797710418701,0.9803223013877869
sin_family,1.5,79,196,False,0.259062260389328,0.02755626291036606
sin_family,1.5,80,191,False,0.48165687918663025,0.007218432612717152
sin_family,1.5,81,19,False,3.154737710952759,0.9837080240249634
sin_family,1.5,82,182,False,1.119815707206726,0.02630762569606304
sin_family,1.5,83,1,False,4.309337615966797,0.9780493378639221
sin_family,1.5,84,0,True,5.181419372558594,0.9342523217201233
sin_family,1.5,85,0,True,4.976423263549805,0.9471517205238342
sin_family,1.5,86,202,False,0.5685490369796753,0.056351788341999054
sin_family,1.5,87,2,False,4.248045921325684,0.9641116857528687
sin_family,1.5,88,0,True,4.963428020477295,0.9476252198219299
sin_family,1.5,89,0,True,5.451706409454346,0.9357405304908752
sin_family,1.5,90,0,True,5.641021728515625,0.9261157512664795
sin_family,1.5,91,0,True,4.70586633682251,0.9753890037536621
sin_family,1.5,92,200,False,0.6551933884620667,0.04260357469320297
sin_family,1.5,93,2,False,4.6084442138671875,0.9510976672172546
sin_family,1.5,94,13,False,3.9353504180908203,0.9704048037528992
sin_family,1.5,95,0,True,5.367824077606201,0.9445160627365112
sin_family,1.5,96,0,True,5.299600601196289,0.956077516078949
sin_family,1.5,97,16,False,3.546597957611084,0.9793370366096497
sin_family,1.5,98,201,False,1.1365143060684204,0.03882893547415733
sin_family,1.5,99,203,False,0.20461581647396088,0.007429841905832291
sin_family,1.5,100,0,True,4.675905227661133,0.9380011558532715
sin_family,1.5,101,101,False,1.6383583545684814,1.1313985586166382
sin_family,1.5,102,6,False,3.7127888202667236,0.9690083265304565
sin_family,1.5,103,190,False,0.21647439897060394,0.017437070608139038
sin_family,1.5,104,1,False,4.342245101928711,0.9598416686058044
sin_family,1.5,105,1,False,4.212334632873535,0.9773414731025696
sin_family,1.5,106,0,True,5.28944730758667,0.9379381537437439
sin_family,1.5,107,16,False,3.5588440895080566,0.9878027439117432
sin_family,1.5,108,0,True,4.833158493041992,0.9483858346939087
sin_family,1.5,109,4,False,4.648002624511719,0.9626093506813049
sin_family,1.5,110,0,True,5.045774936676025,0.9627178311347961
sin_family,1.5,111,6,False,3.655632972717285,0.9845848083496094
sin_family,1.5,112,14,False,3.5358963012695312,0.9853507876396179
sin_family,1.5,113,0,True,4.924875259399414,0.9510217905044556
sin_family,1.5,114,0,True,4.603061676025391,0.934558093547821
sin_family,1.5,115,0,True,5.466433048248291,0.9363066554069519
sin_family,1.5,116,0,True,6.359365940093994,0.9328530430793762
sin_family,1.5,117,204,False,0.27786266803741455,0.009039369411766529
sin_family,1.5,118,0,True,5.3204731941223145,0.9546462297439575
sin_family,1.5,119,0,True,4.651944160461426,0.9446377158164978
sin_family,1.5,120,190,False,0.6308103799819946,0.033096641302108765
sin_family,1.5,121,208,False,0.7232435345649719,0.004867973737418652
sin_family,1.5,122,110,False,2.13529896736145,1.0990694761276245
sin_family,1.5,123,0,True,5.2865729331970215,0.9498245716094971
sin_family,1.5,124,0,True,5.227266311645508,0.9513133764266968
sin_family,1.5,125,207,False,0.2948482632637024,0.00916040688753128
sin_family,1.5,126,3,False,3.990781784057617,0.9678816795349121
sin_family,1.5,127,0,True,5.10560417175293,0.9372987747192383
sin_family,1.5,128,204,False,0.7281273603439331,0.03996508941054344
sin_family,1.5,129,0,True,4.968574523925781,0.9312468767166138
sin_family,1.5,130,0,True,5.285677433013916,0.9522137641906738
sin_family,1.5,131,0,True,4.523744106292725,0.9640303254127502
sin_family,1.5,132,0,False,4.004523277282715,0.9793713092803955
sin_family,1.5,133,186,False,0.3346916735172272,0.012160522863268852
sin_family,1.5,134,0,True,4.995568752288818,0.9400247931480408
sin_family,1.5,135,95,False,0.9779290556907654,1.2547389268875122
sin_family,1.5,136,193,False,0.47865787148475647,0.008737240917980671
sin_family,1.5,137,1,False,4.460597515106201,0.9611002802848816
sin_family,1.5,138,0,True,4.199401378631592,0.967250406742096
sin_family,1.5,139,97,False,2.2267065048217773,1.0495525598526
sin_family,1.5,140,97,False,2.707616090774536,1.0238926410675049
sin_family,1.5,141,0,True,4.650447845458984,0.9314467310905457
sin_family,1.5,142,0,True,4.197580337524414,0.9592245221138
sin_family,1.5,143,199,False,0.490139901638031,0.033024806529283524
sin_family,1.5,144,7,False,3.8813154697418213,0.9773971438407898
sin_family,1.5,145,0,False,4.716057300567627,0.967869222164154
sin_family,1.5,146,0,True,4.731468200683594,0.9572637677192688
sin_family,1.5,147,0,True,5.40040922164917,0.9497243762016296
sin_family,1.5,148,95,False,2.6095454692840576,1.0198482275009155
sin_family,1.5,149,182,False,0.3118724226951599,0.033798299729824066
sin_family,1.5,150,0,True,6.013608932495117,0.9409407377243042
sin_family,1.5,151,0,True,5.796195030212402,0.9327701926231384
sin_family,1.5,152,0,True,5.218911647796631,0.9371969103813171
sin_family,1.5,153,1,False,4.415456771850586,0.965792179107666
sin_family,1.5,154,7,False,3.813009738922119,0.9706088900566101
sin_family,1.5,155,16,False,3.956167221069336,1.0016509294509888
sin_family,1.5,156,129,False,0.438950777053833,1.614908218383789
sin_family,1.5,157,205,False,0.20922072231769562,0.014940517954528332
sin_family,1.5,158,201,False,0.21539847552776337,0.0019744590390473604
sin_family,1.5,159,0,True,5.25136661529541,0.927150547504425
sin_family,1.5,160,199,False,0.09210142493247986,0.042266834527254105
sin_family,1.5,161,199,False,0.3457370698451996,0.052684757858514786
sin_family,1.5,162,0,True,4.379771709442139,0.9567448496818542
sin_family,1.5,163,0,True,4.2863993644714355,0.986643373966217
sin_family,1.5,164,0,True,4.719155788421631,0.9604967832565308
sin_family,1.5,165,9,False,3.971914291381836,0.9764501452445984
sin_family,1.5,166,105,False,2.1913836002349854,1.0744683742523193
sin_family,1.5,167,40,False,3.334364891052246,1.0123006105422974
sin_family,1.5,168,0,True,4.786880016326904,0.9494370222091675
sin_family,1.5,169,0,True,5.7052741050720215,0.9480814337730408
sin_family,1.5,170,59,False,2.822153091430664,1.042803406715393
sin_family,1.5,171,104,False,1.223957896232605,1.2196353673934937
sin_family,1.5,172,0,True,6.273715019226074,0.9266195893287659
sin_family,1.5,173,0,True,5.094657897949219,0.9472590684890747
sin_family,1.5,174,27,False,3.3481552600860596,1.0045621395111084
sin_family,1.5,175,61,False,2.6926066875457764,1.0151406526565552
sin_family,1.5,176,199,False,0.4088185429573059,0.0007579971570521593
sin_family,1.5,177,169,False,0.5059255361557007,0.04094192758202553
sin_family,1.5,178,0,False,4.501636981964111,0.9645456671714783
sin_family,1.5,179,217,False,0.2748587727546692,0.011692503467202187
sin_family,1.5,180,0,True,5.608259201049805,0.9466803669929504
sin_family,1.5,181,0,True,4.289140701293945,0.9620531797409058
sin_family,1.5,182,100,False,2.639211654663086,1.0344020128250122
sin_family,1.5,183,0,True,4.765478134155273,0.9558797478675842
sin_family,1.5,184,0,True,5.451155662536621,0.9556649923324585
sin_family,1.5,185,202,False,0.3706267476081848,0.00243463390506804
sin_family,1.5,186,16,False,3.310790538787842,0.9873149991035461
sin_family,1.5,187,104,False,2.5988075733184814,1.0542268753051758
sin_family,1.5,188,0,True,4.843935012817383,0.9633809924125671
sin_family,1.5,189,4,False,3.996049642562866,0.9728181958198547
sin_family,1.5,190,0,True,5.0819196701049805,0.9237121939659119
sin_family,1.5,191,0,True,5.332267761230469,0.9358432292938232
sin_family,1.5,192,2,False,4.096521377563477,0.9803504347801208
sin_family,1.5,193,0,True,4.386134147644043,0.9693869352340698
sin_family,1.5,194,0,True,5.280445098876953,0.9474164247512817
sin_family,1.5,195,7,False,4.3815016746521,0.9640215039253235
sin_family,1.5,196,202,False,0.6358219981193542,0.007489009760320187
sin_family,1.5,197,104,False,2.474881649017334,1.0373141765594482
sin_family,1.5,198,0,True,4.539113998413086,0.9548861384391785
sin_family,1.5,199,8,False,4.126767635345459,0.9615873694419861
sin_family,2.0,0,169,False,0.3531569242477417,0.0598343163728714
sin_family,2.0,1,0,True,4.2373456954956055,1.1617060899734497
sin_family,2.0,2,0,True,4.824608325958252,1.1389464139938354
sin_family,2.0,3,0,True,4.009288787841797,1.1548576354980469
sin_family,2.0,4,192,False,0.6485653519630432,0.001050283433869481
sin_family,2.0,5,0,True,4.295177459716797,1.144517183303833
sin_family,2.0,6,188,False,0.7629460692405701,0.010121818631887436
sin_family,2.0,7,0,True,4.748504161834717,1.136404275894165
sin_family,2.0,8,198,False,0.6080554127693176,0.0015349241439253092
sin_family,2.0,9,0,True,4.321439266204834,1.1508913040161133
sin_family,2.0,10,0,True,4.757082939147949,1.1468627452850342
sin_family,2.0,11,211,False,0.48771214485168457,0.02619170770049095
sin_family,2.0,12,0,True,4.695028305053711,1.1348035335540771
sin_family,2.0,13,194,False,0.40709739923477173,0.07720033079385757
sin_family,2.0,14,0,True,3.598517656326294,1.1416008472442627
sin_family,2.0,15,0,True,2.9154484272003174,1.1754801273345947
sin_family,2.0,16,201,False,0.3552423417568207,0.008226963691413403
sin_family,2.0,17,211,False,0.7749478220939636,0.0016545081743970513
sin_family,2.0,18,0,True,4.364462375640869,1.1349626779556274
sin_family,2.0,19,0,True,4.529655456542969,1.148605227470398
sin_family,2.0,20,0,True,3.6932942867279053,1.162651538848877
sin_family,2.0,21,197,False,0.8992564678192139,0.020276347175240517
sin_family,2.0,22,0,True,3.309783935546875,1.1836085319519043
sin_family,2.0,23,0,True,4.114715099334717,1.1281189918518066
sin_family,2.0,24,0,True,3.0314133167266846,1.1846356391906738
sin_family,2.0,25,11,False,1.9234997034072876,1.2129381895065308
sin_family,2.0,26,214,False,0.4098754823207855,0.020659368485212326
sin_family,2.0,27,0,True,3.6918442249298096,1.1438504457473755
sin_family,2.0,28,0,True,3.9854178428649902,1.1399011611938477
sin_family,2.0,29,197,False,0.3307662308216095,0.025486787781119347
sin_family,2.0,30,0,True,4.326162815093994,1.1368516683578491
sin_family,2.0,31,0,True,4.845518589019775,1.1437017917633057
sin_family,2.0,32,0,True,4.1548614501953125,1.1407806873321533
sin_family,2.0,33,0,True,4.1352949142456055,1.1596359014511108
sin_family,2.0,34,0,True,4.019410610198975,1.1477558612823486
sin_family,2.0,35,0,True,3.3744168281555176,1.1625665426254272
sin_family,2.0,36,0,True,4.554447174072266,1.1563794612884521
sin_family,2.0,37,0,True,3.6626646518707275,1.1645225286483765
sin_family,2.0,38,0,True,5.03345251083374,1.1395010948181152
sin_family,2.0,39,0,True,4.860977649688721,1.1246296167373657
sin_family,2.0,40,0,True,4.346960067749023,1.1645925045013428
sin_family,2.0,41,0,True,3.605232000350952,1.1620728969573975
sin_family,2.0,42,0,True,4.675406455993652,1.1401904821395874
sin_family,2.0,43,0,True,3.2675693035125732,1.178074836730957
sin_family,2.0,44,0,True,5.135777950286865,1.1524475812911987
sin_family,2.0,45,0,True,3.4414024353027344,1.187956690788269
sin_family,2.0,46,186,False,0.507098913192749,0.03425842896103859
sin_family,2.0,47,0,True,4.079677581787109,1.1565356254577637
sin_family,2.0,48,190,False,0.5055896043777466,0.010251617059111595
sin_family,2.0,49,0,True,3.48555326461792,1.1682586669921875
sin_family,2.0,50,198,False,0.9005262851715088,0.0446464940905571
sin_family,2.0,51,0,True,4.4018874168396,1.140633225440979
sin_family,2.0,52,0,True,3.3088760375976562,1.1682130098342896
sin_family,2.0,53,0,True,4.223332405090332,1.1460237503051758
sin_family,2.0,54,213,False,0.605531632900238,0.050045356154441833
sin_family,2.0,55,190,False,0.08823319524526596,0.022781161591410637
sin_family,2.0,56,0,True,4.0270915031433105,1.1659903526306152
sin_family,2.0,57,186,False,0.7306461334228516,0.01206892915070057
sin_family,2.0,58,102,False,0.6268489956855774,1.7252141237258911
sin_family,2.0,59,189,False,0.13824625313282013,0.00908113643527031
sin_family,2.0,60,0,True,4.288803577423096,1.1329675912857056
sin_family,2.0,61,0,True,4.801079750061035,1.133538007736206
sin_family,2.0,62,0,True,4.203826427459717,1.159499168395996
sin_family,2.0,63,0,True,4.817289352416992,1.1301292181015015
sin_family,2.0,64,0,True,3.6197662353515625,1.1790841817855835
sin_family,2.0,65,100,False,0.8110166192054749,1.4684548377990723
sin_family,2.0,66,195,False,0.16675101220607758,0.011218802072107792
sin_family,2.0,67,0,True,4.875526428222656,1.1276060342788696
sin_family,2.0,68,201,False,0.6438107490539551,0.012244735844433308
sin_family,2.0,69,0,True,4.280987739562988,1.1300270557403564
sin_family,2.0,70,204,False,0.8134192824363708,0.014705470763146877
sin_family,2.0,71,0,True,4.912041187286377,1.1442614793777466
sin_family,2.0,72,0,True,2.4606399536132812,1.197821021080017
sin_family,2.0,73,0,True,3.9812793731689453,1.1717495918273926
sin_family,2.0,74,212,False,0.32695212960243225,0.01150658167898655
sin_family,2.0,75,0,True,4.651020050048828,1.1330721378326416
sin_family,2.0,76,0,True,4.566331386566162,1.1460613012313843
sin_family,2.0,77,0,True,4.877734184265137,1.1421452760696411
sin_family,2.0,78,0,True,3.7376348972320557,1.1527149677276611
sin_family,2.0,79,197,False,0.25643542408943176,0.022695092484354973
sin_family,2.0,80,191,False,0.4605961740016937,0.006432524416595697
sin_family,2.0,81,0,True,3.4305505752563477,1.1477584838867188
sin_family,2.0,82,182,False,1.0570887327194214,0.02321939542889595
sin_family,2.0,83,0,True,4.104116439819336,1.159649133682251
sin_family,2.0,84,0,True,4.63154411315918,1.1324267387390137
sin_family,2.0,85,0,True,4.563902378082275,1.1449352502822876
sin_family,2.0,86,203,False,0.5598271489143372,0.04455939307808876
sin_family,2.0,87,0,True,4.2187180519104,1.1466104984283447
sin_family,2.0,88,0,True,4.44328498840332,1.1427857875823975
sin_family,2.0,89,0,True,4.832404613494873,1.1408435106277466
sin_family,2.0,90,0,True,5.024059295654297,1.1349034309387207
sin_family,2.0,91,0,True,4.413700580596924,1.1719436645507812
sin_family,2.0,92,200,False,0.5902003049850464,0.03850814700126648
sin_family,2.0,93,0,True,4.37233304977417,1.138221263885498
sin_family,2.0,94,0,True,3.9976067543029785,1.1473748683929443
sin_family,2.0,95,0,True,4.631659507751465,1.1489946842193604
sin_family,2.0,96,0,True,4.729337215423584,1.1548131704330444
sin_family,2.0,97,0,True,3.729283332824707,1.146716833114624
sin_family,2.0,98,204,False,1.0560989379882812,0.032382819801568985
sin_family,2.0,99,203,False,0.20491021871566772,0.006444534752517939
sin_family,2.0,100,0,True,4.308969974517822,1.131757140159607
sin_family,2.0,101,199,False,0.23164373636245728,0.11504215747117996
sin_family,2.0,102,0,True,3.935352325439453,1.1402571201324463
sin_family,2.0,103,190,False,0.2007591426372528,0.015529784373939037
sin_family,2.0,104,0,True,4.114137649536133,1.1469351053237915
sin_family,2.0,105,0,True,4.102431774139404,1.1607253551483154
sin_family,2.0,106,0,True,4.777005195617676,1.1370371580123901
sin_family,2.0,107,0,True,3.512770891189575,1.1607918739318848
sin_family,2.0,108,0,True,4.443955898284912,1.141408085823059
sin_family,2.0,109,0,True,4.264392375946045,1.1537048816680908
sin_family,2.0,110,0,True,4.6551127433776855,1.1602529287338257
sin_family,2.0,111,0,True,3.7317943572998047,1.160387635231018
sin_family,2.0,112,0,True,3.692458152770996,1.1514822244644165
sin_family,2.0,113,0,True,4.617465496063232,1.1385624408721924
sin_family,2.0,114,0,True,4.399929523468018,1.1247059106826782
sin_family,2.0,115,0,True,4.1516923904418945,1.142438530921936
sin_family,2.0,116,0,True,5.652919292449951,1.1398060321807861
sin_family,2.0,117,204,False,0.259072870016098,0.008245134726166725
sin_family,2.0,118,0,True,4.6318464279174805,1.1526679992675781
sin_family,2.0,119,0,True,4.445951461791992,1.1299045085906982
sin_family,2.0,120,190,False,0.5983231663703918,0.028724201023578644
sin_family,2.0,121,208,False,0.7140718698501587,0.004183650482445955
sin_family,2.0,122,195,False,0.29082655906677246,0.14917995035648346
sin_family,2.0,123,0,True,4.824195384979248,1.1475441455841064
sin_family,2.0,124,0,True,4.675406455993652,1.146849274635315
sin_family,2.0,125,207,False,0.27059251070022583,0.008372393436729908
sin_family,2.0,126,0,True,3.8197455406188965,1.1462327241897583
sin_family,2.0,127,0,True,4.220945835113525,1.1388719081878662
sin_family,2.0,128,204,False,0.5607276558876038,0.04437385872006416
sin_family,2.0,129,0,True,4.621828079223633,1.129933476448059
sin_family,2.0,130,0,True,4.845844268798828,1.1475334167480469
sin_family,2.0,131,0,True,4.2108893394470215,1.1545366048812866
sin_family,2.0,132,0,True,3.8784127235412598,1.1602885723114014
sin_family,2.0,133,186,False,0.3065972626209259,0.010708734393119812
sin_family,2.0,134,0,True,4.459619522094727,1.140910029411316
sin_family,2.0,135,181,False,0.2353016883134842,0.11158303916454315
sin_family,2.0,136,193,False,0.4737655222415924,0.007402125746011734
sin_family,2.0,137,0,True,4.3048577308654785,1.1501857042312622
sin_family,2.0,138,0,True,4.133936882019043,1.1482316255569458
sin_family,2.0,139,0,True,2.5058343410491943,1.1788475513458252
sin_family,2.0,140,0,True,3.0202183723449707,1.17208993434906
sin_family,2.0,141,0,True,4.314856052398682,1.1285732984542847
sin_family,2.0,142,0,True,4.103835105895996,1.1420583724975586
sin_family,2.0,143,199,False,0.4638749659061432,0.029588432982563972
sin_family,2.0,144,0,True,4.023520469665527,1.151562213897705
sin_family,2.0,145,0,True,4.486300468444824,1.1588590145111084
sin_family,2.0,146,0,True,4.454045295715332,1.1445516347885132
sin_family,2.0,147,0,True,4.615498065948486,1.1450568437576294
sin_family,2.0,148,0,True,2.9992594718933105,1.1597464084625244
sin_family,2.0,149,182,False,0.30859893560409546,0.02794291079044342
sin_family,2.0,150,0,True,5.093883037567139,1.1533393859863281
sin_family,2.0,151,0,True,4.967687129974365,1.138539433479309
sin_family,2.0,152,0,True,4.68638277053833,1.1389102935791016
sin_family,2.0,153,0,True,4.2817816734313965,1.1551116704940796
sin_family,2.0,154,0,True,3.9099466800689697,1.1459577083587646
sin_family,2.0,155,0,True,3.9219748973846436,1.1700668334960938
sin_family,2.0,156,198,False,0.3972679376602173,0.05508946254849434
sin_family,2.0,157,205,False,0.17827825248241425,0.015064410865306854
sin_family,2.0,158,201,False,0.21521218121051788,0.0017526069423183799
sin_family,2.0,159,0,True,4.621181011199951,1.1279116868972778
sin_family,2.0,160,199,False,0.0784883052110672,0.03899429738521576
sin_family,2.0,161,200,False,0.3202151358127594,0.047377970069646835
sin_family,2.0,162,0,True,4.258102893829346,1.1386715173721313
sin_family,2.0,163,0,True,4.760662078857422,1.1640976667404175
sin_family,2.0,164,0,True,4.388316631317139,1.153400182723999
sin_family,2.0,165,0,True,4.012062072753906,1.154849886894226
sin_family,2.0,166,29,False,1.6116034984588623,1.2664861679077148
sin_family,2.0,167,0,True,3.494661569595337,1.1750613451004028
sin_family,2.0,168,0,True,4.509305000305176,1.1431918144226074
sin_family,2.0,169,0,True,4.958071231842041,1.1560369729995728
sin_family,2.0,170,0,True,3.092679500579834,1.1971311569213867
sin_family,2.0,171,104,False,1.3322410583496094,1.3138225078582764
sin_family,2.0,172,0,True,5.048141956329346,1.1369619369506836
sin_family,2.0,173,0,True,4.581942081451416,1.1445108652114868
sin_family,2.0,174,0,True,3.5890471935272217,1.1651228666305542
sin_family,2.0,175,0,True,3.0559580326080322,1.156841516494751
sin_family,2.0,176,199,False,0.37484556436538696,0.0006764347199350595
sin_family,2.0,177,168,False,0.4279532730579376,0.04270171374082565
sin_family,2.0,178,0,True,4.202666282653809,1.1492706537246704
sin_family,2.0,179,217,False,0.19383883476257324,0.011337933130562305
sin_family,2.0,180,0,True,4.788437366485596,1.1569374799728394
sin_family,2.0,181,0,True,4.047513961791992,1.1483154296875
sin_family,2.0,182,0,True,2.813889503479004,1.1803452968597412
sin_family,2.0,183,0,True,4.477473258972168,1.1461265087127686
sin_family,2.0,184,0,True,4.844821453094482,1.15799880027771
sin_family,2.0,185,202,False,0.36580410599708557,0.0020915521308779716
sin_family,2.0,186,0,True,3.4794392585754395,1.156732439994812
sin_family,2.0,187,0,True,2.9500913619995117,1.1928718090057373
sin_family,2.0,188,0,True,4.437139987945557,1.1533139944076538
sin_family,2.0,189,0,True,3.9336063861846924,1.1511892080307007
sin_family,2.0,190,0,True,4.45953893661499,1.1232651472091675
sin_family,2.0,191,0,True,4.707454204559326,1.1349643468856812
sin_family,2.0,192,0,True,4.151816368103027,1.1590849161148071
sin_family,2.0,193,0,True,4.218297481536865,1.1520054340362549
sin_family,2.0,194,0,True,4.254783630371094,1.1495164632797241
sin_family,2.0,195,0,True,4.162412166595459,1.1499993801116943
sin_family,2.0,196,202,False,0.6325205564498901,0.00632608262822032
sin_family,2.0,197,0,True,3.2474966049194336,1.1624078750610352
sin_family,2.0,198,0,True,4.310482501983643,1.1439508199691772
sin_family,2.0,199,0,True,4.0816240310668945,1.1409776210784912
sin_family,3.0,0,170,False,0.37500709295272827,0.03967084735631943
sin_family,3.0,1,0,True,3.4715163707733154,1.3872888088226318
sin_family,3.0,2,0,True,3.9105889797210693,1.3769996166229248
sin_family,3.0,3,0,True,3.2178127765655518,1.3737930059432983
sin_family,3.0,4,192,False,0.6282246112823486,0.0008305918890982866
sin_family,3.0,5,0,True,3.4037137031555176,1.37119722366333
sin_family,3.0,6,189,False,0.7737478017807007,0.0074036517180502415
sin_family,3.0,7,0,True,3.811145782470703,1.372894048690796
sin_family,3.0,8,198,False,0.5638905167579651,0.0012901680311188102
sin_family,3.0,9,0,True,3.5682532787323,1.3721023797988892
sin_family,3.0,10,0,True,3.855988025665283,1.3825079202651978
sin_family,3.0,11,211,False,0.46816515922546387,0.0203962791711092
sin_family,3.0,12,0,True,3.8030123710632324,1.3711011409759521
sin_family,3.0,13,0,False,1.0993983745574951,1.4520660638809204
sin_family,3.0,14,0,True,2.9679059982299805,1.3637553453445435
sin_family,3.0,15,184,False,0.17987264692783356,0.06755396723747253
sin_family,3.0,16,201,False,0.36010903120040894,0.005642349366098642
sin_family,3.0,17,211,False,0.6612603664398193,0.0014686881331726909
sin_family,3.0,18,0,True,3.6660289764404297,1.3685165643692017
sin_family,3.0,19,0,True,3.612377882003784,1.3803603649139404
sin_family,3.0,20,0,True,3.056575059890747,1.3831326961517334
sin_family,3.0,21,197,False,0.8305031061172485,0.016656260937452316
sin_family,3.0,22,0,True,2.915405035018921,1.4040145874023438
sin_family,3.0,23,0,True,3.632920265197754,1.3575694561004639
sin_family,3.0,24,187,False,0.34331798553466797,0.0899558886885643
sin_family,3.0,25,193,False,0.19237494468688965,0.24625420570373535
sin_family,3.0,26,214,False,0.4193967580795288,0.012860043905675411
sin_family,3.0,27,0,True,3.222649335861206,1.3687684535980225
sin_family,3.0,28,0,True,3.311248779296875,1.3722089529037476
sin_family,3.0,29,197,False,0.3098418116569519,0.021207792684435844
sin_family,3.0,30,0,True,3.6176185607910156,1.3750978708267212
sin_family,3.0,31,0,True,3.9079833030700684,1.3794069290161133
sin_family,3.0,32,0,True,3.4433584213256836,1.3684382438659668
sin_family,3.0,33,0,True,3.201589345932007,1.3905922174453735
sin_family,3.0,34,0,True,3.264878988265991,1.376718521118164
sin_family,3.0,35,0,True,2.910133123397827,1.3749793767929077
sin_family,3.0,36,0,True,3.40733003616333,1.3914679288864136
sin_family,3.0,37,0,True,3.322737216949463,1.3756035566329956
sin_family,3.0,38,0,True,4.0046234130859375,1.3769804239273071
sin_family,3.0,39,0,True,3.795823574066162,1.3539642095565796
sin_family,3.0,40,0,True,3.367093086242676,1.403206467628479
sin_family,3.0,41,0,True,3.037785768508911,1.3824141025543213
sin_family,3.0,42,0,True,3.813490629196167,1.3733384609222412
sin_family,3.0,43,0,True,2.5780510902404785,1.3981338739395142
sin_family,3.0,44,183,False,0.4720141887664795,0.04001806303858757
sin_family,3.0,45,0,True,2.937636137008667,1.400374174118042
sin_family,3.0,46,186,False,0.44460833072662354,0.029132084921002388
sin_family,3.0,47,0,True,3.393205165863037,1.3821943998336792
sin_family,3.0,48,190,False,0.4050099849700928,0.009445106610655785
sin_family,3.0,49,0,True,3.014017105102539,1.3866751194000244
sin_family,3.0,50,0,True,2.0415568351745605,1.4110006093978882
sin_family,3.0,51,0,True,3.589200258255005,1.3805396556854248
sin_family,3.0,52,187,False,0.2270357757806778,0.08105987310409546
sin_family,3.0,53,0,True,3.4343552589416504,1.3757117986679077
sin_family,3.0,54,213,False,0.7015442252159119,0.0305179413408041
sin_family,3.0,55,191,False,0.07094916701316833,0.02055646851658821
sin_family,3.0,56,0,True,3.4002318382263184,1.393356442451477
sin_family,3.0,57,186,False,0.7284162640571594,0.00898043904453516
sin_family,3.0,58,187,False,0.5318712592124939,0.040233805775642395
sin_family,3.0,59,189,False,0.1121886745095253,0.008086727932095528
sin_family,3.0,60,0,True,3.3945467472076416,1.3613814115524292
sin_family,3.0,61,0,True,3.942054033279419,1.3734618425369263
sin_family,3.0,62,0,True,3.3450334072113037,1.388616919517517
sin_family,3.0,63,0,True,3.924839973449707,1.3683325052261353
sin_family,3.0,64,0,True,3.0059473514556885,1.3937013149261475
sin_family,3.0,65,188,False,0.14754268527030945,0.046354979276657104
sin_family,3.0,66,195,False,0.14112001657485962,0.010085346177220345
sin_family,3.0,67,0,True,3.7847063541412354,1.3599929809570312
sin_family,3.0,68,201,False,0.6118335127830505,0.009755367413163185
sin_family,3.0,69,0,True,3.068939447402954,1.3570820093154907
sin_family,3.0,70,204,False,0.8642925024032593,0.010616148822009563
sin_family,3.0,71,0,True,3.8030688762664795,1.3865216970443726
sin_family,3.0,72,211,False,0.3332941234111786,0.0389077253639698
sin_family,3.0,73,0,True,3.083847761154175,1.3983690738677979
sin_family,3.0,74,212,False,0.31836846470832825,0.009001027792692184
sin_family,3.0,75,0,True,3.4201111793518066,1.3697631359100342
sin_family,3.0,76,0,True,3.7465336322784424,1.3814339637756348
sin_family,3.0,77,0,True,3.9121456146240234,1.3763011693954468
sin_family,3.0,78,0,True,3.089106798171997,1.3756784200668335
sin_family,3.0,79,198,False,0.24673837423324585,0.01754126138985157
sin_family,3.0,80,191,False,0.4285002648830414,0.005402185954153538
sin_family,3.0,81,0,True,3.007556676864624,1.3697198629379272
sin_family,3.0,82,182,False,0.9519846439361572,0.019358033314347267
sin_family,3.0,83,0,True,3.1845905780792236,1.38313627243042
sin_family,3.0,84,0,True,3.6256020069122314,1.3608688116073608
sin_family,3.0,85,0,True,3.6498920917510986,1.3758004903793335
sin_family,3.0,86,203,False,0.5287837982177734,0.03430711105465889
sin_family,3.0,87,0,True,3.538644552230835,1.3792285919189453
sin_family,3.0,88,0,True,3.3540382385253906,1.371042251586914
sin_family,3.0,89,0,True,3.943351984024048,1.384385108947754
sin_family,3.0,90,0,True,3.8052666187286377,1.377853512763977
sin_family,3.0,91,0,True,3.601783514022827,1.4122462272644043
sin_family,3.0,92,200,False,0.497334748506546,0.033914145082235336
sin_family,3.0,93,0,True,3.5492992401123047,1.3670332431793213
sin_family,3.0,94,0,True,3.3034250736236572,1.370378017425537
sin_family,3.0,95,0,True,3.40966796875,1.3836112022399902
sin_family,3.0,96,0,True,3.557650089263916,1.3803865909576416
sin_family,3.0,97,0,True,3.1993777751922607,1.3707934617996216
sin_family,3.0,98,205,False,0.7834691405296326,0.03365103527903557
sin_family,3.0,99,203,False,0.2046038955450058,0.005150289740413427
sin_family,3.0,100,0,True,3.410489797592163,1.3602644205093384
sin_family,3.0,101,199,False,0.33027321100234985,0.02417656034231186
sin_family,3.0,102,0,True,3.211691379547119,1.3643057346343994
sin_family,3.0,103,191,False,0.17647407948970795,0.01323546003550291
sin_family,3.0,104,0,True,3.3653743267059326,1.376320719718933
sin_family,3.0,105,0,True,3.340571880340576,1.387351155281067
sin_family,3.0,106,0,True,3.9707813262939453,1.3739819526672363
sin_family,3.0,107,0,True,2.683229923248291,1.3848549127578735
sin_family,3.0,108,0,True,3.517031669616699,1.368356704711914
sin_family,3.0,109,0,True,3.321786880493164,1.3851444721221924
sin_family,3.0,110,0,True,3.82595157623291,1.3983210325241089
sin_family,3.0,111,0,True,3.0852506160736084,1.383727788925171
sin_family,3.0,112,0,True,3.1003494262695312,1.3683767318725586
sin_family,3.0,113,0,True,3.6345345973968506,1.3609933853149414
sin_family,3.0,114,0,True,3.6121346950531006,1.3577635288238525
sin_family,3.0,115,197,False,0.3948865830898285,0.056460168212652206
sin_family,3.0,116,0,True,4.062442302703857,1.377421498298645
sin_family,3.0,117,204,False,0.23156920075416565,0.007225432898849249
sin_family,3.0,118,0,True,3.4651060104370117,1.385280966758728
sin_family,3.0,119,0,True,3.661195993423462,1.3580518960952759
sin_family,3.0,120,191,False,0.5279080867767334,0.02411642298102379
sin_family,3.0,121,208,False,0.7047733068466187,0.0030118590220808983
sin_family,3.0,122,203,False,0.3514273464679718,0.05203133821487427
sin_family,3.0,123,0,True,3.9542038440704346,1.3797606229782104
sin_family,3.0,124,0,True,3.548072576522827,1.3730332851409912
sin_family,3.0,125,207,False,0.23507216572761536,0.007388850674033165
sin_family,3.0,126,0,True,2.964484691619873,1.3632097244262695
sin_family,3.0,127,185,False,0.08291967213153839,0.006808610167354345
sin_family,3.0,128,0,True,1.3453041315078735,1.4384872913360596
sin_family,3.0,129,0,True,3.638690710067749,1.36251962184906
sin_family,3.0,130,0,True,3.9217898845672607,1.3761274814605713
sin_family,3.0,131,0,True,3.3156065940856934,1.3826402425765991
sin_family,3.0,132,0,True,3.194547176361084,1.3822433948516846
sin_family,3.0,133,186,False,0.2686940133571625,0.007122369483113289
sin_family,3.0,134,0,True,3.4405899047851562,1.3789310455322266
sin_family,3.0,135,181,False,0.33089950680732727,0.0422213114798069
sin_family,3.0,136,193,False,0.46569979190826416,0.005710029974579811
sin_family,3.0,137,0,True,3.6243104934692383,1.3883479833602905
sin_family,3.0,138,0,True,3.3986685276031494,1.370175838470459
sin_family,3.0,139,0,True,2.1962203979492188,1.3812164068222046
sin_family,3.0,140,0,True,2.654144048690796,1.3875608444213867
sin_family,3.0,141,0,True,3.403358221054077,1.3586214780807495
sin_family,3.0,142,0,True,3.313284397125244,1.3664898872375488
sin_family,3.0,143,200,False,0.4254455864429474,0.02514825388789177
sin_family,3.0,144,0,True,3.3266420364379883,1.3733347654342651
sin_family,3.0,145,0,True,3.642031669616699,1.3751872777938843
sin_family,3.0,146,0,True,3.6904263496398926,1.3762003183364868
sin_family,3.0,147,0,True,3.1093831062316895,1.3662514686584473
sin_family,3.0,148,0,True,2.699019432067871,1.3690431118011475
sin_family,3.0,149,182,False,0.30097267031669617,0.021270789206027985
sin_family,3.0,150,0,True,2.645179510116577,1.4020287990570068
sin_family,3.0,151,0,True,3.7834994792938232,1.3695112466812134
sin_family,3.0,152,0,True,3.720309257507324,1.3777329921722412
sin_family,3.0,153,0,True,3.4845268726348877,1.3648276329040527
sin_family,3.0,154,0,True,3.316728353500366,1.3719773292541504
sin_family,3.0,155,0,True,3.0952951908111572,1.3818562030792236
sin_family,3.0,156,198,False,0.44856637716293335,0.032575011253356934
sin_family,3.0,157,205,False,0.14730538427829742,0.017285240814089775
sin_family,3.0,158,201,False,0.20406055450439453,0.0015163079369813204
sin_family,3.0,159,0,True,3.5931804180145264,1.3596745729446411
sin_family,3.0,160,201,False,0.06070977449417114,0.03547649458050728
sin_family,3.0,161,200,False,0.2827345132827759,0.040760621428489685
sin_family,3.0,162,0,True,3.4908523559570312,1.3620774745941162
sin_family,3.0,163,0,True,3.3155603408813477,1.4021633863449097
sin_family,3.0,164,0,True,3.7319421768188477,1.385894775390625
sin_family,3.0,165,0,True,3.398571729660034,1.3842720985412598
sin_family,3.0,166,178,False,0.40768229961395264,0.08469242602586746
sin_family,3.0,167,0,True,3.0355710983276367,1.3903534412384033
sin_family,3.0,168,0,True,3.7144227027893066,1.3769292831420898
sin_family,3.0,169,0,True,3.9959030151367188,1.3945964574813843
sin_family,3.0,170,0,True,2.6569862365722656,1.4118342399597168
sin_family,3.0,171,0,True,1.8811582326889038,1.4185811281204224
sin_family,3.0,172,0,True,3.8339359760284424,1.370656967163086
sin_family,3.0,173,0,True,3.690054178237915,1.3777152299880981
sin_family,3.0,174,0,True,3.160961151123047,1.3858435153961182
sin_family,3.0,175,0,True,2.7113189697265625,1.3633769750595093
sin_family,3.0,176,199,False,0.32438498735427856,0.0006077743601053953
sin_family,3.0,177,165,False,0.3164348304271698,0.05487998202443123
sin_family,3.0,178,0,True,3.275606632232666,1.3737188577651978
sin_family,3.0,179,216,False,0.1834314465522766,0.009687806479632854
sin_family,3.0,180,0,True,3.7131998538970947,1.3930809497833252
sin_family,3.0,181,0,True,3.2065563201904297,1.3720659017562866
sin_family,3.0,182,0,True,2.250331163406372,1.3921048641204834
sin_family,3.0,183,0,True,3.712437868118286,1.3813607692718506
sin_family,3.0,184,0,True,3.9301841259002686,1.3974252939224243
sin_family,3.0,185,202,False,0.35574278235435486,0.001664171926677227
sin_family,3.0,186,0,True,3.0119080543518066,1.3773189783096313
sin_family,3.0,187,0,True,2.6062846183776855,1.3972558975219727
sin_family,3.0,188,0,True,3.472119092941284,1.3780696392059326
sin_family,3.0,189,0,True,3.220534086227417,1.3770653009414673
sin_family,3.0,190,0,True,3.5528295040130615,1.3577369451522827
sin_family,3.0,191,0,True,3.794034004211426,1.3736774921417236
sin_family,3.0,192,0,True,3.5281310081481934,1.3879449367523193
sin_family,3.0,193,0,True,3.322145462036133,1.3741265535354614
sin_family,3.0,194,0,True,1.7999082803726196,1.3911608457565308
sin_family,3.0,195,0,True,3.3552615642547607,1.380249261856079
sin_family,3.0,196,202,False,0.6282181143760681,0.004839655011892319
sin_family,3.0,197,0,True,2.88857102394104,1.3744182586669922
sin_family,3.0,198,0,True,3.523231029510498,1.3740872144699097
sin_family,3.0,199,0,True,3.375781536102295,1.3679959774017334
pwl_family,0.5,0,171,False,0.4951290488243103,0.11821490526199341
pwl_family,0.5,1,156,False,0.5193349719047546,0.8631622791290283
pwl_family,0.5,2,174,False,0.6691882014274597,0.5688239932060242
pwl_family,0.5,3,183,False,0.4846613109111786,0.4240669310092926
pwl_family,0.5,4,192,False,0.7996237277984619,0.005537715740501881
pwl_family,0.5,5,158,False,0.35249173641204834,0.9980171918869019
pwl_family,0.5,6,151,False,1.0512731075286865,0.41361504793167114
pwl_family,0.5,7,208,False,0.4559202194213867,0.05621912330389023
pwl_family,0.5,8,198,False,0.7774716019630432,0.004330439958721399
pwl_family,0.5,9,148,False,0.4912216365337372,0.7824132442474365
pwl_family,0.5,10,197,False,0.6154923439025879,0.1365746110677719
pwl_family,0.5,11,155,False,0.697914719581604,0.5121845006942749
pwl_family,0.5,12,160,False,0.5845561623573303,0.79872065782547
pwl_family,0.5,13,159,False,0.5803240537643433,0.8845958709716797
pwl_family,0.5,14,189,False,0.8014596104621887,0.005536118522286415
pwl_family,0.5,15,172,False,0.5371814370155334,0.7041172981262207
pwl_family,0.5,16,157,False,0.7139460444450378,0.5495206117630005
pwl_family,0.5,17,180,False,0.8970792293548584,0.46862897276878357
pwl_family,0.5,18,199,False,0.3806050717830658,0.0925019383430481
pwl_family,0.5,19,167,False,0.5251541137695312,0.9748418927192688
pwl_family,0.5,20,176,False,0.6208308339118958,0.7838683724403381
pwl_family,0.5,21,197,False,1.0154187679290771,0.114202581346035
pwl_family,0.5,22,154,False,0.5220760703086853,0.8498976826667786
pwl_family,0.5,23,202,False,0.3329598009586334,0.13400833308696747
pwl_family,0.5,24,190,False,0.6439212560653687,0.260395884513855
pwl_family,0.5,25,195,False,0.5458601713180542,0.18059828877449036
pwl_family,0.5,26,150,False,0.7566312551498413,0.4893278181552887
pwl_family,0.5,27,133,False,0.4957306683063507,1.4179344177246094
pwl_family,0.5,28,164,False,0.5526795387268066,0.9426130652427673
pwl_family,0.5,29,168,False,0.4388875365257263,1.042222261428833
pwl_family,0.5,30,202,False,0.36305123567581177,0.03136008605360985
pwl_family,0.5,31,186,False,0.6782159805297852,0.4221455454826355
pwl_family,0.5,32,169,False,0.3826678991317749,0.9860097765922546
pwl_family,0.5,33,215,False,0.7620958089828491,0.2393215149641037
pwl_family,0.5,34,157,False,0.3682243824005127,1.1438566446304321
pwl_family,0.5,35,144,False,0.5448989272117615,0.8996838927268982
pwl_family,0.5,36,190,False,1.599873661994934,0.18484018743038177
pwl_family,0.5,37,192,False,0.5489047765731812,0.6690607070922852
pwl_family,0.5,38,180,False,1.0387094020843506,0.2364232838153839
pwl_family,0.5,39,166,False,0.3345412015914917,0.8268990516662598
pwl_family,0.5,40,188,False,0.46838781237602234,0.1431657075881958
pwl_family,0.5,41,165,False,0.5394554138183594,0.8917436003684998
pwl_family,0.5,42,193,False,0.43359535932540894,0.14068566262722015
pwl_family,0.5,43,168,False,0.7706713080406189,0.6920185089111328
pwl_family,0.5,44,171,False,0.5142084956169128,0.6130048036575317
pwl_family,0.5,45,191,False,0.38934287428855896,0.4504724144935608
pwl_family,0.5,46,189,False,0.40620362758636475,0.26781556010246277
pwl_family,0.5,47,151,False,0.41528913378715515,1.3427839279174805
pwl_family,0.5,48,190,False,0.7510481476783752,0.052654929459095
pwl_family,0.5,49,166,False,0.3652888536453247,0.7603877186775208
pwl_family,0.5,50,199,False,0.6986060738563538,0.32253068685531616
pwl_family,0.5,51,167,False,0.4021807014942169,1.3594484329223633
pwl_family,0.5,52,150,False,0.5379540324211121,0.8501773476600647
pwl_family,0.5,53,150,False,0.5011665225028992,1.040846347808838
pwl_family,0.5,54,167,False,0.9676379561424255,0.5225663781166077
pwl_family,0.5,55,177,False,0.2575317621231079,1.497342586517334
pwl_family,0.5,56,207,False,0.33710163831710815,0.147157683968544
pwl_family,0.5,57,186,False,0.7507169842720032,0.034228239208459854
pwl_family,0.5,58,187,False,0.48623254895210266,0.3368411660194397
pwl_family,0.5,59,189,False,0.23381075263023376,0.048703230917453766
pwl_family,0.5,60,157,False,0.4757218360900879,0.7161740660667419
pwl_family,0.5,61,197,False,0.09645575284957886,0.4175882637500763
pwl_family,0.5,62,188,False,0.5351473689079285,0.30788707733154297
pwl_family,0.5,63,176,False,0.510445237159729,1.027353048324585
pwl_family,0.5,64,173,False,0.7590616345405579,1.023353934288025
pwl_family,0.5,65,188,False,0.30911287665367126,0.04537062719464302
pwl_family,0.5,66,194,False,0.30016273260116577,0.08527127653360367
pwl_family,0.5,67,168,False,0.568611204624176,0.5436505675315857
pwl_family,0.5,68,202,False,0.6401329040527344,0.07766470313072205
pwl_family,0.5,69,189,False,0.3231031000614166,0.08725874871015549
pwl_family,0.5,70,205,False,0.6194252371788025,0.11723484843969345
pwl_family,0.5,71,170,False,0.9865521788597107,0.6407455801963806
pwl_family,0.5,72,213,False,0.4740815758705139,0.19503153860569
pwl_family,0.5,73,195,False,0.8221927881240845,0.20682863891124725
pwl_family,0.5,74,174,False,0.5251765251159668,0.8055016398429871
pwl_family,0.5,75,148,False,0.6633906364440918,0.45418891310691833
pwl_family,0.5,76,189,False,0.745089590549469,0.6896446347236633
pwl_family,0.5,77,191,False,0.5317557454109192,0.34382638335227966
pwl_family,0.5,78,178,False,0.2597053647041321,1.0525050163269043
pwl_family,0.5,79,157,False,0.3829965591430664,0.9555152654647827
pwl_family,0.5,80,191,False,0.6533660292625427,0.03372125327587128
pwl_family,0.5,81,167,False,0.4906686246395111,1.025756597518921
pwl_family,0.5,82,170,False,0.6123531460762024,0.4903196096420288
pwl_family,0.5,83,201,False,0.5604496002197266,0.24755345284938812
pwl_family,0.5,84,168,False,0.47800686955451965,0.634741485118866
pwl_family,0.5,85,193,False,0.4274158477783203,0.32960304617881775
pwl_family,0.5,86,204,False,0.5443040728569031,0.2875601053237915
pwl_family,0.5,87,195,False,0.4068734049797058,0.09233678132295609
pwl_family,0.5,88,159,False,0.7419262528419495,0.836435854434967
pwl_family,0.5,89,169,False,0.3294476270675659,1.1599531173706055
pwl_family,0.5,90,154,False,0.49777930974960327,0.9698105454444885
pwl_family,0.5,91,199,False,0.5948764085769653,0.17107275128364563
pwl_family,0.5,92,202,False,0.4494980573654175,0.1816498339176178
pwl_family,0.5,93,193,False,0.4348241686820984,0.4695972502231598
pwl_family,0.5,94,139,False,0.43857866525650024,1.254473328590393
pwl_family,0.5,95,205,False,0.8846352100372314,0.07338838279247284
pwl_family,0.5,96,149,False,0.563466489315033,0.8500336408615112
pwl_family,0.5,97,152,False,0.5128551125526428,0.8681333661079407
pwl_family,0.5,98,205,False,0.9056566953659058,0.23426325619220734
pwl_family,0.5,99,163,False,0.33529335260391235,1.2406642436981201
pwl_family,0.5,100,224,False,0.1845851093530655,0.41773664951324463
pwl_family,0.5,101,199,False,0.5426291823387146,0.036918193101882935
pwl_family,0.5,102,193,False,0.24741025269031525,0.16951939463615417
pwl_family,0.5,103,156,False,0.512967050075531,0.7628345489501953
pwl_family,0.5,104,181,False,0.3268105983734131,1.0615620613098145
pwl_family,0.5,105,208,False,0.4156041443347931,0.5294755101203918
pwl_family,0.5,106,199,False,0.5691735148429871,0.08049973100423813
pwl_family,0.5,107,198,False,0.36527541279792786,0.14353425800800323
pwl_family,0.5,108,156,False,0.4961647689342499,0.8733952641487122
pwl_family,0.5,109,146,False,0.952666163444519,0.6500583291053772
pwl_family,0.5,110,155,False,0.4443233609199524,1.208503246307373
pwl_family,0.5,111,202,False,0.05944454297423363,0.23971284925937653
pwl_family,0.5,112,178,False,0.37910348176956177,1.179863452911377
pwl_family,0.5,113,152,False,0.8159227967262268,0.7975211143493652
pwl_family,0.5,114,157,False,0.4406149685382843,0.8800740838050842
pwl_family,0.5,115,155,False,0.7663600444793701,0.6615747809410095
pwl_family,0.5,116,146,False,0.49262872338294983,0.9734131097793579
pwl_family,0.5,117,204,False,0.4432743191719055,0.04111819714307785
pwl_family,0.5,118,184,False,0.9478967785835266,0.5290249586105347
pwl_family,0.5,119,200,False,0.3203558325767517,0.09964596480131149
pwl_family,0.5,120,191,False,0.5649964809417725,0.18456026911735535
pwl_family,0.5,121,174,False,1.053236484527588,0.3990246653556824
pwl_family,0.5,122,169,False,0.42354699969291687,1.2425165176391602
pwl_family,0.5,123,204,False,0.43335670232772827,0.20043493807315826
pwl_family,0.5,124,146,False,0.6188029050827026,0.7655746936798096
pwl_family,0.5,125,148,False,0.6121069192886353,0.6399211287498474
pwl_family,0.5,126,153,False,0.43609338998794556,1.1464455127716064
pwl_family,0.5,127,185,False,0.05450085178017616,0.33615484833717346
pwl_family,0.5,128,205,False,0.40778812766075134,0.3673044741153717
pwl_family,0.5,129,152,False,0.3586747944355011,1.0351179838180542
pwl_family,0.5,130,158,False,0.5854395031929016,0.5615048408508301
pwl_family,0.5,131,209,False,0.3953651785850525,0.1971142441034317
pwl_family,0.5,132,143,False,0.4133983254432678,1.2534279823303223
pwl_family,0.5,133,186,False,0.48290443420410156,0.004906891379505396
pwl_family,0.5,134,160,False,0.5225335359573364,0.9254693388938904
pwl_family,0.5,135,171,False,0.4633050560951233,0.7155948877334595
pwl_family,0.5,136,165,False,0.6784117817878723,0.6255778670310974
pwl_family,0.5,137,184,False,0.6879153251647949,0.7518201470375061
pwl_family,0.5,138,186,False,0.23806683719158173,0.1656920313835144
pwl_family,0.5,139,153,False,0.4857134222984314,1.008338212966919
pwl_family,0.5,140,150,False,0.49102964997291565,1.0499398708343506
pwl_family,0.5,141,193,False,0.22309154272079468,1.1204912662506104
pwl_family,0.5,142,149,False,0.47580665349960327,0.8915400505065918
pwl_family,0.5,143,200,False,0.4815733730792999,0.21747922897338867
pwl_family,0.5,144,200,False,0.4329674541950226,0.2294217348098755
pwl_family,0.5,145,174,False,0.32715970277786255,0.5743519067764282
pwl_family,0.5,146,165,False,0.3760434091091156,0.6802497506141663
pwl_family,0.5,147,181,False,0.8063580393791199,0.4793931543827057
pwl_family,0.5,148,143,False,0.4649302363395691,0.9234028458595276
pwl_family,0.5,149,178,False,0.5587906241416931,0.6491344571113586
pwl_family,0.5,150,197,False,0.743925929069519,0.04985229671001434
pwl_family,0.5,151,142,False,0.5478382706642151,0.9206111431121826
pwl_family,0.5,152,159,False,0.4661509394645691,0.9778472185134888
pwl_family,0.5,153,173,False,0.2504896819591522,0.8343743681907654
pwl_family,0.5,154,156,False,0.3830525577068329,1.1353590488433838
pwl_family,0.5,155,162,False,0.1048789694905281,0.8766534924507141
pwl_family,0.5,156,200,False,0.5048516392707825,0.11052156239748001
pwl_family,0.5,157,162,False,0.5216648578643799,0.8122313618659973
pwl_family,0.5,158,201,False,0.13444456458091736,0.015373962000012398
pwl_family,0.5,159,192,False,0.15867213904857635,0.5332605242729187
pwl_family,0.5,160,158,False,0.322355180978775,1.3688256740570068
pwl_family,0.5,161,200,False,0.3270960748195648,0.17737136781215668
pwl_family,0.5,162,149,False,0.38842588663101196,1.0497894287109375
pwl_family,0.5,163,183,False,0.6151700019836426,0.3056102395057678
pwl_family,0.5,164,200,False,0.13641105592250824,0.1593201756477356
pwl_family,0.5,165,156,False,0.7171517014503479,0.7559347748756409
pwl_family,0.5,166,153,False,0.4747138023376465,1.2285127639770508
pwl_family,0.5,167,160,False,0.2419932335615158,0.8268448710441589
pwl_family,0.5,168,199,False,0.05268958583474159,0.23501811921596527
pwl_family,0.5,169,195,False,0.5527702569961548,0.20616494119167328
pwl_family,0.5,170,200,False,0.3871391713619232,0.19858744740486145
pwl_family,0.5,171,169,False,0.630858302116394,0.42334046959877014
pwl_family,0.5,172,145,False,0.5930156111717224,0.8163424134254456
pwl_family,0.5,173,163,False,0.4492502212524414,1.0777995586395264
pwl_family,0.5,174,162,False,0.3117640018463135,0.8671581745147705
pwl_family,0.5,175,204,False,0.18567737936973572,0.06945254653692245
pwl_family,0.5,176,198,False,0.7639552354812622,0.0031479117460548878
pwl_family,0.5,177,170,False,0.5514942407608032,0.17840644717216492
pwl_family,0.5,178,173,False,0.7339123487472534,0.6970020532608032
pwl_family,0.5,179,215,False,0.5616642832756042,0.059635162353515625
pwl_family,0.5,180,197,False,0.2218146175146103,0.5381060242652893
pwl_family,0.5,181,188,False,0.1561599224805832,0.1376619189977646
pwl_family,0.5,182,190,False,0.8552770018577576,0.29743868112564087
pwl_family,0.5,183,184,False,0.5250951647758484,0.4596804976463318
pwl_family,0.5,184,201,False,0.6935318112373352,0.2730775773525238
pwl_family,0.5,185,159,False,0.5882543921470642,0.6813128590583801
pwl_family,0.5,186,163,False,0.23198820650577545,1.476963758468628
pwl_family,0.5,187,191,False,0.29981115460395813,0.34822747111320496
pwl_family,0.5,188,185,False,0.15569208562374115,0.2984190285205841
pwl_family,0.5,189,133,False,0.4108463525772095,1.1196917295455933
pwl_family,0.5,190,171,False,0.2940201461315155,1.0283355712890625
pwl_family,0.5,191,189,False,0.17066556215286255,0.24097786843776703
pwl_family,0.5,192,158,False,0.3565759062767029,0.8409622311592102
pwl_family,0.5,193,148,False,0.23351238667964935,1.133178472518921
pwl_family,0.5,194,178,False,0.6823458671569824,0.3969740569591522
pwl_family,0.5,195,197,False,0.3566075265407562,0.17540916800498962
pwl_family,0.5,196,162,False,0.857096254825592,0.4845659136772156
pwl_family,0.5,197,172,False,0.47207507491111755,1.0012983083724976
pwl_family,0.5,198,147,False,0.34635642170906067,1.134708285331726
pwl_family,0.5,199,160,False,0.4974806010723114,0.9484068751335144
pwl_family,0.1,0,171,False,0.49513378739356995,0.11821378022432327
pwl_family,0.1,1,111,False,1.4264880418777466,1.6231101751327515
pwl_family,0.1,2,116,False,1.6053200960159302,1.4195901155471802
pwl_family,0.1,3,103,False,1.45476496219635,1.6798497438430786
pwl_family,0.1,4,192,False,0.681320309638977,0.0315171554684639
pwl_family,0.1,5,110,False,1.6873250007629395,1.3023709058761597
pwl_family,0.1,6,106,False,2.207874298095703,1.069653868675232
pwl_family,0.1,7,208,False,0.5857691764831543,0.2187841683626175
pwl_family,0.1,8,198,False,0.7774716019630432,0.004330439958721399
pwl_family,0.1,9,104,False,1.402292251586914,1.5756356716156006
pwl_family,0.1,10,197,False,2.0224597454071045,0.4156356751918793
pwl_family,0.1,11,112,False,1.7062329053878784,1.3278051614761353
pwl_family,0.1,12,113,False,1.4924511909484863,1.592275857925415
pwl_family,0.1,13,107,False,1.508296012878418,1.6077361106872559
pwl_family,0.1,14,189,False,1.1675251722335815,0.019001703709363937
pwl_family,0.1,15,124,False,1.6762216091156006,1.207187533378601
pwl_family,0.1,16,114,False,1.9582301378250122,1.1732311248779297
pwl_family,0.1,17,124,False,1.9607341289520264,1.1604716777801514
pwl_family,0.1,18,115,False,1.6056500673294067,1.4891668558120728
pwl_family,0.1,19,121,False,1.4861270189285278,1.6389122009277344
pwl_family,0.1,20,121,False,1.7742441892623901,1.3539642095565796
pwl_family,0.1,21,198,False,1.691693902015686,0.31080642342567444
pwl_family,0.1,22,208,False,0.03746073693037033,0.021281445398926735
pwl_family,0.1,23,202,False,0.5549576878547668,0.40200716257095337
pwl_family,0.1,24,190,False,1.5739221572875977,0.5321308374404907
pwl_family,0.1,25,112,False,1.7707159519195557,1.4195384979248047
pwl_family,0.1,26,108,False,2.0901939868927,1.0951213836669922
pwl_family,0.1,27,96,False,1.2348425388336182,2.2286624908447266
pwl_family,0.1,28,111,False,1.3539760112762451,1.741655707359314
pwl_family,0.1,29,116,False,1.1831303834915161,1.9202219247817993
pwl_family,0.1,30,202,False,0.347330778837204,0.03277941048145294
pwl_family,0.1,31,186,False,1.619259238243103,0.8840634822845459
pwl_family,0.1,32,112,False,1.2284188270568848,1.8329932689666748
pwl_family,0.1,33,215,False,0.5503122210502625,0.16571132838726044
pwl_family,0.1,34,101,False,1.515091061592102,1.5677993297576904
pwl_family,0.1,35,105,False,2.0857815742492676,1.1589957475662231
pwl_family,0.1,36,190,False,3.598888397216797,0.410850465297699
pwl_family,0.1,37,125,False,1.5377296209335327,1.4138327836990356
pwl_family,0.1,38,180,False,1.0391902923583984,0.23631387948989868
pwl_family,0.1,39,120,False,1.1638654470443726,1.7387149333953857
pwl_family,0.1,40,188,False,0.46838781237602234,0.1431657075881958
pwl_family,0.1,41,118,False,1.7470347881317139,1.3209364414215088
pwl_family,0.1,42,193,False,0.4245952367782593,0.14366774260997772
pwl_family,0.1,43,109,False,2.017820358276367,1.243044137954712
pwl_family,0.1,44,115,False,1.8362258672714233,1.168035626411438
pwl_family,0.1,45,112,False,0.9090858697891235,2.096794843673706
pwl_family,0.1,46,189,False,0.6623863577842712,0.8211798071861267
pwl_family,0.1,47,101,False,1.2272906303405762,2.0784707069396973
pwl_family,0.1,48,190,False,1.0104308128356934,0.19569076597690582
pwl_family,0.1,49,195,False,1.0224814414978027,0.8818067312240601
pwl_family,0.1,50,199,False,1.1637749671936035,0.968064546585083
pwl_family,0.1,51,120,False,1.0592931509017944,2.340273141860962
pwl_family,0.1,52,99,False,1.6190835237503052,1.3805524110794067
pwl_family,0.1,53,107,False,1.477913498878479,1.6136189699172974
pwl_family,0.1,54,107,False,2.043694257736206,1.138592004776001
pwl_family,0.1,55,121,False,1.237298846244812,1.746401071548462
pwl_family,0.1,56,207,False,0.19704334437847137,0.25175741314888
pwl_family,0.1,57,186,False,0.7409855127334595,0.03467773646116257
pwl_family,0.1,58,187,False,1.1137075424194336,0.735305666923523
pwl_family,0.1,59,189,False,0.23381075263023376,0.048703230917453766
pwl_family,0.1,60,103,False,1.36970055103302,1.6179568767547607
pwl_family,0.1,61,102,False,1.3453092575073242,1.5851837396621704
pwl_family,0.1,62,188,False,0.5351154208183289,0.3079054057598114
pwl_family,0.1,63,114,False,1.277363657951355,1.9284229278564453
pwl_family,0.1,64,119,False,1.5450748205184937,1.8288226127624512
pwl_family,0.1,65,211,False,0.34606167674064636,0.1700744330883026
pwl_family,0.1,66,194,False,0.37534964084625244,0.3409521281719208
pwl_family,0.1,67,120,False,1.607503056526184,1.2571444511413574
pwl_family,0.1,68,201,False,0.9369074702262878,0.23066402971744537
pwl_family,0.1,69,189,False,0.28164875507354736,0.10010195523500443
pwl_family,0.1,70,205,False,0.8794670701026917,0.4128536880016327
pwl_family,0.1,71,117,False,2.4907312393188477,1.06569504737854
pwl_family,0.1,72,213,False,1.2744193077087402,0.36251622438430786
pwl_family,0.1,73,108,False,2.1537156105041504,1.1628737449645996
pwl_family,0.1,74,113,False,1.8614848852157593,1.2744728326797485
pwl_family,0.1,75,108,False,1.8907619714736938,1.1105294227600098
pwl_family,0.1,76,129,False,1.6519272327423096,1.4417229890823364
pwl_family,0.1,77,191,False,1.4156074523925781,0.6457704901695251
pwl_family,0.1,78,115,False,1.2611031532287598,1.566455364227295
pwl_family,0.1,79,114,False,1.6620392799377441,1.3644026517868042
pwl_family,0.1,80,191,False,0.7644717693328857,0.14410176873207092
pwl_family,0.1,81,109,False,1.2003731727600098,1.97416090965271
pwl_family,0.1,82,124,False,1.6490055322647095,1.2856547832489014
pwl_family,0.1,83,201,False,0.5462118983268738,0.25400593876838684
pwl_family,0.1,84,119,False,1.4973063468933105,1.4870601892471313
pwl_family,0.1,85,193,False,1.041203498840332,0.664339542388916
pwl_family,0.1,86,204,False,1.4079183340072632,0.550877034664154
pwl_family,0.1,87,195,False,0.3956349790096283,0.09495972096920013
pwl_family,0.1,88,112,False,1.9223425388336182,1.3269203901290894
pwl_family,0.1,89,106,False,1.052463412284851,2.1176233291625977
pwl_family,0.1,90,100,False,1.4768129587173462,1.6337285041809082
pwl_family,0.1,91,199,False,0.6038818955421448,0.16852159798145294
pwl_family,0.1,92,202,False,0.466402143239975,0.1750662475824356
pwl_family,0.1,93,193,False,1.399057388305664,0.7297484874725342
pwl_family,0.1,94,107,False,1.2977651357650757,1.8937032222747803
pwl_family,0.1,95,205,False,1.2160354852676392,0.2669408619403839
pwl_family,0.1,96,105,False,2.1121630668640137,1.1444721221923828
pwl_family,0.1,97,110,False,1.5475958585739136,1.5434070825576782
pwl_family,0.1,98,205,False,1.3537695407867432,0.783597469329834
pwl_family,0.1,99,119,False,1.0618376731872559,1.9911141395568848
pwl_family,0.1,100,224,False,0.17819465696811676,0.4327182173728943
pwl_family,0.1,101,199,False,0.5062065124511719,0.03957453742623329
pwl_family,0.1,102,193,False,0.2389981597661972,0.17548619210720062
pwl_family,0.1,103,116,False,1.5502554178237915,1.4199002981185913
pwl_family,0.1,104,128,False,1.1213572025299072,1.8326448202133179
pwl_family,0.1,105,208,False,1.2371450662612915,0.889354944229126
pwl_family,0.1,106,199,False,0.5514389872550964,0.08308867365121841
pwl_family,0.1,107,200,False,0.9173741936683655,0.4776110053062439
pwl_family,0.1,108,102,False,1.6509370803833008,1.4369693994522095
pwl_family,0.1,109,114,False,1.8658816814422607,1.3505102396011353
pwl_family,0.1,110,104,False,1.5691838264465332,1.6490334272384644
pwl_family,0.1,111,202,False,0.05962956324219704,0.23896914720535278
pwl_family,0.1,112,124,False,1.5299729108810425,1.4671752452850342
pwl_family,0.1,113,112,False,1.9999780654907227,1.3047466278076172
pwl_family,0.1,114,111,False,1.2513095140457153,1.7283923625946045
pwl_family,0.1,115,118,False,1.7353898286819458,1.3941279649734497
pwl_family,0.1,116,97,False,1.3566093444824219,1.8132777214050293
pwl_family,0.1,117,115,False,1.4168497323989868,1.628218412399292
pwl_family,0.1,118,184,False,2.497337579727173,1.0039910078048706
pwl_family,0.1,119,200,False,0.305485337972641,0.10449651628732681
pwl_family,0.1,120,191,False,1.2758437395095825,0.40865498781204224
pwl_family,0.1,121,124,False,2.144763946533203,1.0368424654006958
pwl_family,0.1,122,121,False,1.655674695968628,1.501109004020691
pwl_family,0.1,123,204,False,0.41264063119888306,0.21049752831459045
pwl_family,0.1,124,111,False,1.7821496725082397,1.271604299545288
pwl_family,0.1,125,109,False,1.554176926612854,1.3863149881362915
pwl_family,0.1,126,107,False,1.546861171722412,1.5408978462219238
pwl_family,0.1,127,185,False,0.20928414165973663,0.44262266159057617
pwl_family,0.1,128,113,False,1.3601042032241821,1.790320873260498
pwl_family,0.1,129,103,False,1.5481103658676147,1.402927041053772
pwl_family,0.1,130,113,False,1.4878606796264648,1.446479320526123
pwl_family,0.1,131,119,False,1.6870911121368408,1.328959345817566
pwl_family,0.1,132,100,False,1.3085005283355713,1.8795838356018066
pwl_family,0.1,133,186,False,0.48290443420410156,0.004906891379505396
pwl_family,0.1,134,111,False,1.5452073812484741,1.5575217008590698
pwl_family,0.1,135,118,False,1.4304476976394653,1.4849677085876465
pwl_family,0.1,136,108,False,1.7561613321304321,1.3063229322433472
pwl_family,0.1,137,126,False,1.6386150121688843,1.4545018672943115
pwl_family,0.1,138,186,False,0.23056115210056305,0.171085923910141
pwl_family,0.1,139,102,False,1.3190476894378662,1.7723084688186646
pwl_family,0.1,140,105,False,1.442919135093689,1.687914490699768
pwl_family,0.1,141,139,False,1.3405157327651978,1.396401047706604
pwl_family,0.1,142,102,False,1.4028726816177368,1.6244992017745972
pwl_family,0.1,143,200,False,0.9500370025634766,0.5512003898620605
pwl_family,0.1,144,200,False,0.4091852307319641,0.24275575578212738
pwl_family,0.1,145,174,False,0.32871007919311523,0.571643054485321
pwl_family,0.1,146,112,False,1.2523736953735352,1.5201194286346436
pwl_family,0.1,147,101,False,1.9797961711883545,1.350268006324768
pwl_family,0.1,148,99,False,1.8770272731781006,1.2366968393325806
pwl_family,0.1,149,121,False,1.820770025253296,1.1633260250091553
pwl_family,0.1,150,197,False,0.7591899633407593,0.048849981278181076
pwl_family,0.1,151,104,False,1.284089207649231,1.8816025257110596
pwl_family,0.1,152,111,False,1.3380266427993774,1.76882004737854
pwl_family,0.1,153,119,False,1.09800124168396,1.815842866897583
pwl_family,0.1,154,96,False,1.1085530519485474,2.0756571292877197
pwl_family,0.1,155,111,False,1.0164940357208252,1.7988992929458618
pwl_family,0.1,156,200,False,0.48163655400276184,0.11584874987602234
pwl_family,0.1,157,115,False,1.487709403038025,1.4972621202468872
pwl_family,0.1,158,201,False,0.1326269805431366,0.015584859065711498
pwl_family,0.1,159,192,False,0.16106398403644562,0.5253415107727051
pwl_family,0.1,160,112,False,1.1730287075042725,2.0216269493103027
pwl_family,0.1,161,200,False,0.3280045986175537,0.17688018083572388
pwl_family,0.1,162,106,False,1.2688401937484741,1.7801645994186401
pwl_family,0.1,163,183,False,1.0258625745773315,0.9163128733634949
pwl_family,0.1,164,200,False,0.13641105592250824,0.1593201756477356
pwl_family,0.1,165,115,False,1.7166194915771484,1.4565712213516235
pwl_family,0.1,166,106,False,1.49174964427948,1.7359843254089355
pwl_family,0.1,167,107,False,1.0820976495742798,1.8023205995559692
pwl_family,0.1,168,199,False,0.03590089827775955,0.34492307901382446
pwl_family,0.1,169,195,False,1.230610966682434,0.46302929520606995
pwl_family,0.1,170,200,False,0.3871391713619232,0.19858744740486145
pwl_family,0.1,171,169,False,1.2513318061828613,1.0671346187591553
pwl_family,0.1,172,105,False,1.7689483165740967,1.317199945449829
pwl_family,0.1,173,116,False,1.2194494009017944,2.007774591445923
pwl_family,0.1,174,108,False,1.1123613119125366,1.8424550294876099
pwl_family,0.1,175,204,False,0.18567737936973572,0.06945254653692245
pwl_family,0.1,176,198,False,1.1630655527114868,0.010337700136005878
pwl_family,0.1,177,171,False,1.039074420928955,0.411014586687088
pwl_family,0.1,178,112,False,1.8816410303115845,1.2904185056686401
pwl_family,0.1,179,215,False,0.8402875661849976,0.1993064284324646
pwl_family,0.1,180,114,False,1.2236465215682983,1.7375069856643677
pwl_family,0.1,181,188,False,0.11214463412761688,0.1916927695274353
pwl_family,0.1,182,190,False,1.900955319404602,0.6691172122955322
pwl_family,0.1,183,112,False,1.141639232635498,1.8110783100128174
pwl_family,0.1,184,201,False,1.877755880355835,0.5042932033538818
pwl_family,0.1,185,115,False,1.7923848628997803,1.294834017753601
pwl_family,0.1,186,105,False,1.6359297037124634,1.330457091331482
pwl_family,0.1,187,191,False,0.3000558912754059,0.34794342517852783
pwl_family,0.1,188,185,False,0.15682531893253326,0.2962642312049866
pwl_family,0.1,189,93,False,1.7620489597320557,1.416824460029602
pwl_family,0.1,190,120,False,1.3563997745513916,1.525161623954773
pwl_family,0.1,191,189,False,0.18042539060115814,0.22794264554977417
pwl_family,0.1,192,110,False,1.29501211643219,1.6392967700958252
pwl_family,0.1,193,103,False,1.3008346557617188,1.6159844398498535
pwl_family,0.1,194,124,False,1.9988723993301392,0.9965341091156006
pwl_family,0.1,195,197,False,0.32081323862075806,0.1949802041053772
pwl_family,0.1,196,107,False,2.211040496826172,1.093211054801941
pwl_family,0.1,197,115,False,1.791975736618042,1.285143494606018
pwl_family,0.1,198,103,False,1.0783740282058716,2.051485776901245
pwl_family,0.1,199,117,False,1.5514507293701172,1.5270148515701294
pwl_family,0.0,0,171,False,0.49518418312072754,0.11820175498723984
pwl_family,0.0,1,200,False,0.02221229486167431,0.2828226685523987
pwl_family,0.0,2,107,False,3.8226828575134277,3.4320507049560547
pwl_family,0.0,3,200,False,0.09153074771165848,0.589672327041626
pwl_family,0.0,4,200,False,0.6248719692230225,0.003132621990516782
pwl_family,0.0,5,99,False,4.515932083129883,3.272669553756714
pwl_family,0.0,6,97,False,4.975020408630371,2.8287367820739746
pwl_family,0.0,7,200,False,0.31842339038848877,0.06984508037567139
pwl_family,0.0,8,198,False,0.7774716019630432,0.004330439958721399
pwl_family,0.0,9,96,False,3.557520866394043,3.8454930782318115
pwl_family,0.0,10,200,False,0.2665645480155945,0.045817550271749496
pwl_family,0.0,11,105,False,4.0855231285095215,3.478839159011841
pwl_family,0.0,12,200,False,0.0945580005645752,0.06862509250640869
pwl_family,0.0,13,95,False,3.693274736404419,3.663530111312866
pwl_family,0.0,14,200,False,0.8605055809020996,0.13898980617523193
pwl_family,0.0,15,101,False,4.115375518798828,3.026475191116333
pwl_family,0.0,16,105,False,4.543240070343018,3.1004045009613037
pwl_family,0.0,17,106,False,4.541186809539795,3.0456645488739014
pwl_family,0.0,18,200,False,0.2078714370727539,0.008387327194213867
pwl_family,0.0,19,108,False,3.72871470451355,3.8110151290893555
pwl_family,0.0,20,200,False,0.6294268369674683,0.12296712398529053
pwl_family,0.0,21,200,False,0.7263766527175903,0.0003411445068195462
pwl_family,0.0,22,200,False,0.015111546963453293,0.0038239506538957357
pwl_family,0.0,23,200,False,0.15514659881591797,0.14348375797271729
pwl_family,0.0,24,200,False,0.5933775901794434,0.19309546053409576
pwl_family,0.0,25,200,False,0.7075986862182617,0.30102047324180603
pwl_family,0.0,26,101,False,4.693704128265381,3.0790579319000244
pwl_family,0.0,27,96,False,2.955151319503784,4.487753868103027
pwl_family,0.0,28,102,False,3.4525747299194336,3.9476938247680664
pwl_family,0.0,29,105,False,3.468294143676758,3.4560744762420654
pwl_family,0.0,30,202,False,0.34193840622901917,0.0332963764667511
pwl_family,0.0,31,200,False,0.15849317610263824,0.17841988801956177
pwl_family,0.0,32,91,False,3.392835855484009,4.243252754211426
pwl_family,0.0,33,215,False,0.5502203106880188,0.1657389998435974
pwl_family,0.0,34,96,False,3.7213685512542725,3.5663437843322754
pwl_family,0.0,35,90,False,4.917232513427734,2.8024485111236572
pwl_family,0.0,36,200,False,0.973522424697876,0.004317641258239746
pwl_family,0.0,37,110,False,3.9669477939605713,3.5394392013549805
pwl_family,0.0,38,180,False,1.0393171310424805,0.23628506064414978
pwl_family,0.0,39,112,False,3.0732803344726562,4.086117267608643
pwl_family,0.0,40,188,False,0.46838781237602234,0.1431657075881958
pwl_family,0.0,41,102,False,4.125720500946045,3.094240427017212
pwl_family,0.0,42,193,False,0.422111839056015,0.14451302587985992
pwl_family,0.0,43,200,False,0.8420714139938354,0.09206342697143555
pwl_family,0.0,44,102,False,4.54278039932251,2.9351115226745605
pwl_family,0.0,45,93,False,2.9743688106536865,4.258068084716797
pwl_family,0.0,46,200,False,0.03485584259033203,0.3221660852432251
pwl_family,0.0,47,92,False,3.3139145374298096,4.402924060821533
pwl_family,0.0,48,200,False,0.5144861936569214,0.04498291015625
pwl_family,0.0,49,200,False,0.14010559022426605,0.44163456559181213
pwl_family,0.0,50,200,False,0.22144949436187744,0.23604393005371094
pwl_family,0.0,51,113,False,2.766212224960327,4.871557235717773
pwl_family,0.0,52,86,False,4.063138484954834,3.241408348083496
pwl_family,0.0,53,96,False,3.8827664852142334,3.6467225551605225
pwl_family,0.0,54,99,False,4.72493314743042,2.8065922260284424
pwl_family,0.0,55,106,False,3.882976531982422,3.595797061920166
pwl_family,0.0,56,107,False,3.6743593215942383,3.954854965209961
pwl_family,0.0,57,186,False,0.74241703748703,0.034610871225595474
pwl_family,0.0,58,200,False,0.017428278923034668,0.06594431400299072
pwl_family,0.0,59,189,False,0.23381075263023376,0.048703230917453766
pwl_family,0.0,60,91,False,3.6289610862731934,3.9738895893096924
pwl_family,0.0,61,89,False,3.8023552894592285,3.702054262161255
pwl_family,0.0,62,188,False,0.5351610779762268,0.30787914991378784
pwl_family,0.0,63,106,False,3.19050669670105,4.2173027992248535
pwl_family,0.0,64,200,False,0.03613412380218506,0.2631048858165741
pwl_family,0.0,65,200,False,0.42049315571784973,0.2969663441181183
pwl_family,0.0,66,200,False,0.5458232164382935,0.004758358001708984
pwl_family,0.0,67,106,False,4.013180255889893,3.3170487880706787
pwl_family,0.0,68,200,False,0.5831114649772644,0.06139810383319855
pwl_family,0.0,69,189,False,0.2768346667289734,0.10184264928102493
pwl_family,0.0,70,200,False,0.3177354335784912,0.12996506690979004
pwl_family,0.0,71,200,False,0.9388440847396851,0.014539122581481934
pwl_family,0.0,72,200,False,0.4415237307548523,0.13326628506183624
pwl_family,0.0,73,200,False,0.7739160060882568,0.05723834037780762
pwl_family,0.0,74,106,False,4.532789707183838,3.1219491958618164
pwl_family,0.0,75,89,False,4.592017650604248,3.02866792678833
pwl_family,0.0,76,112,False,4.012496471405029,3.4742443561553955
pwl_family,0.0,77,200,False,0.02405102178454399,0.22005440294742584
pwl_family,0.0,78,200,False,0.34693634510040283,0.3312143087387085
pwl_family,0.0,79,107,False,3.957779884338379,3.2897520065307617
pwl_family,0.0,80,200,False,0.9039413928985596,0.2208460569381714
pwl_family,0.0,81,99,False,2.7832858562469482,4.161474227905273
pwl_family,0.0,82,109,False,3.995943784713745,3.2912228107452393
pwl_family,0.0,83,201,False,0.5442262887954712,0.2549326717853546
pwl_family,0.0,84,110,False,3.725127696990967,3.6636240482330322
pwl_family,0.0,85,200,False,0.09111018478870392,0.2434171736240387
pwl_family,0.0,86,200,False,0.6965550184249878,0.3788144290447235
pwl_family,0.0,87,195,False,0.39249667525291443,0.09571900218725204
pwl_family,0.0,88,99,False,4.4638142585754395,3.117157220840454
pwl_family,0.0,89,102,False,2.9012808799743652,4.666236400604248
pwl_family,0.0,90,93,False,3.824852228164673,3.742342948913574
pwl_family,0.0,91,199,False,0.6055712699890137,0.16805148124694824
pwl_family,0.0,92,202,False,0.47002890706062317,0.17371542751789093
pwl_family,0.0,93,200,False,0.11551842093467712,0.2570020854473114
pwl_family,0.0,94,200,False,0.05744408443570137,0.519258975982666
pwl_family,0.0,95,200,False,0.6322654485702515,0.14738726615905762
pwl_family,0.0,96,97,False,4.775705337524414,3.194997549057007
pwl_family,0.0,97,200,False,0.002762409159913659,0.20487046241760254
pwl_family,0.0,98,200,False,0.5992217063903809,0.07916712760925293
pwl_family,0.0,99,107,False,3.0720181465148926,3.4754438400268555
pwl_family,0.0,100,224,False,0.17864909768104553,0.43161696195602417
pwl_family,0.0,101,199,False,0.49804550409317017,0.04022300988435745
pwl_family,0.0,102,193,False,0.2352539449930191,0.17827919125556946
pwl_family,0.0,103,98,False,3.8984227180480957,3.507443428039551
pwl_family,0.0,104,109,False,3.2182834148406982,4.045938014984131
pwl_family,0.0,105,200,False,0.24477887153625488,0.12516021728515625
pwl_family,0.0,106,199,False,0.5464190244674683,0.08385197818279266
pwl_family,0.0,107,200,False,0.24900497496128082,0.017203038558363914
pwl_family,0.0,108,97,False,4.071426868438721,3.5012712478637695
pwl_family,0.0,109,96,False,4.305938243865967,3.216826915740967
pwl_family,0.0,110,96,False,3.7339699268341064,3.757708787918091
pwl_family,0.0,111,202,False,0.0597049817442894,0.23866724967956543
pwl_family,0.0,112,107,False,3.9615023136138916,3.459416151046753
pwl_family,0.0,113,105,False,4.823219299316406,3.1746716499328613
pwl_family,0.0,114,105,False,3.26971173286438,3.954193353652954
pwl_family,0.0,115,105,False,4.2035417556762695,3.383230686187744
pwl_family,0.0,116,86,False,3.421396493911743,4.0294108390808105
pwl_family,0.0,117,200,False,0.25855445861816406,0.12249541282653809
pwl_family,0.0,118,200,False,0.38271021842956543,0.24914680421352386
pwl_family,0.0,119,200,False,0.30140045285224915,0.1059127226471901
pwl_family,0.0,120,200,False,0.17036689817905426,0.02306297980248928
pwl_family,0.0,121,108,False,5.0200982093811035,2.7875258922576904
pwl_family,0.0,122,110,False,4.356073379516602,3.2288734912872314
pwl_family,0.0,123,204,False,0.4098881185054779,0.2119111269712448
pwl_family,0.0,124,89,False,4.470381736755371,3.2506191730499268
pwl_family,0.0,125,97,False,3.818603038787842,3.361137866973877
pwl_family,0.0,126,101,False,4.433821678161621,3.2093629837036133
pwl_family,0.0,127,200,False,0.3004646599292755,0.5041212439537048
pwl_family,0.0,128,104,False,3.2721216678619385,3.9481403827667236
pwl_family,0.0,129,93,False,4.341046333312988,3.3059520721435547
pwl_family,0.0,130,99,False,3.7377071380615234,3.6275761127471924
pwl_family,0.0,131,200,False,0.43189382553100586,0.12135469913482666
pwl_family,0.0,132,94,False,3.302854061126709,4.089664459228516
pwl_family,0.0,133,186,False,0.48290443420410156,0.004906891379505396
pwl_family,0.0,134,102,False,3.7700304985046387,3.5036840438842773
pwl_family,0.0,135,106,False,3.848386526107788,3.166013479232788
pwl_family,0.0,136,99,False,4.710235118865967,3.0146496295928955
pwl_family,0.0,137,114,False,4.040848731994629,3.4617815017700195
pwl_family,0.0,138,186,False,0.228713721036911,0.1724678874015808
pwl_family,0.0,139,97,False,3.2596540451049805,3.601412296295166
pwl_family,0.0,140,97,False,3.68503999710083,3.580185890197754
pwl_family,0.0,141,114,False,3.638502597808838,3.4600436687469482
pwl_family,0.0,142,92,False,3.5221188068389893,3.835794448852539
pwl_family,0.0,143,200,False,0.7585262656211853,0.5050064921379089
pwl_family,0.0,144,200,False,0.4677412509918213,0.2994237244129181
pwl_family,0.0,145,174,False,0.3288830518722534,0.571342408657074
pwl_family,0.0,146,90,False,3.546227216720581,3.9393575191497803
pwl_family,0.0,147,200,False,0.644305944442749,0.39724594354629517
pwl_family,0.0,148,200,False,0.8379043340682983,0.3922020196914673
pwl_family,0.0,149,106,False,4.662811756134033,2.9105169773101807
pwl_family,0.0,150,197,False,0.761994481086731,0.04867019131779671
pwl_family,0.0,151,95,False,3.0730209350585938,4.143877029418945
pwl_family,0.0,152,103,False,3.3359925746917725,3.8932013511657715
pwl_family,0.0,153,105,False,3.2538273334503174,4.4292473793029785
pwl_family,0.0,154,87,False,2.893852710723877,4.55655574798584
pwl_family,0.0,155,99,False,3.445042610168457,3.6244137287139893
pwl_family,0.0,156,200,False,0.4749928414821625,0.11746914684772491
pwl_family,0.0,157,102,False,3.7732489109039307,3.712672710418701
pwl_family,0.0,158,201,False,0.1311536580324173,0.015759814530611038
pwl_family,0.0,159,192,False,0.1615067720413208,0.5239011645317078
pwl_family,0.0,160,101,False,3.1667447090148926,4.075782299041748
pwl_family,0.0,161,200,False,0.32810235023498535,0.17682752013206482
pwl_family,0.0,162,99,False,3.529507637023926,4.120596885681152
pwl_family,0.0,163,200,False,0.266093373298645,0.2505072355270386
pwl_family,0.0,164,200,False,0.13641105592250824,0.1593201756477356
pwl_family,0.0,165,200,False,0.34090757369995117,0.02611541748046875
pwl_family,0.0,166,105,False,3.8978188037872314,3.481083393096924
pwl_family,0.0,167,200,False,0.2617734968662262,0.6102466583251953
pwl_family,0.0,168,199,False,0.03379392623901367,0.36642953753471375
pwl_family,0.0,169,200,False,0.14702162146568298,0.03900985047221184
pwl_family,0.0,170,200,False,0.3871391713619232,0.19858744740486145
pwl_family,0.0,171,200,False,0.14806866645812988,0.2339557409286499
pwl_family,0.0,172,94,False,4.601222515106201,3.264054775238037
pwl_family,0.0,173,108,False,3.1519405841827393,4.4259514808654785
pwl_family,0.0,174,96,False,2.9660165309906006,4.284925937652588
pwl_family,0.0,175,204,False,0.18567737936973572,0.06945254653692245
pwl_family,0.0,176,200,False,0.14627206325531006,0.00815582275390625
pwl_family,0.0,177,200,False,0.3838101029396057,0.08836687356233597
pwl_family,0.0,178,102,False,4.452260971069336,3.1074845790863037
pwl_family,0.0,179,200,False,0.24999725818634033,0.36701667308807373
pwl_family,0.0,180,110,False,3.351700782775879,4.068659782409668
pwl_family,0.0,181,188,False,0.11002081632614136,0.1953909546136856
pwl_family,0.0,182,200,False,0.8139039278030396,0.1975940465927124
pwl_family,0.0,183,108,False,3.1129748821258545,4.279913902282715
pwl_family,0.0,184,200,False,0.2956829071044922,0.049489736557006836
pwl_family,0.0,185,200,False,0.7042958736419678,0.156585693359375
pwl_family,0.0,186,94,False,4.239132881164551,3.1426193714141846
pwl_family,0.0,187,104,False,2.9627768993377686,4.371440887451172
pwl_family,0.0,188,185,False,0.15824168920516968,0.2936130166053772
pwl_family,0.0,189,85,False,4.148067951202393,3.2107489109039307
pwl_family,0.0,190,110,False,3.5600225925445557,3.6199467182159424
pwl_family,0.0,191,189,False,0.1822272390127182,0.22568874061107635
pwl_family,0.0,192,98,False,3.49833607673645,4.046361923217773
pwl_family,0.0,193,93,False,4.038844108581543,3.369649887084961
pwl_family,0.0,194,112,False,4.905847549438477,2.821939468383789
pwl_family,0.0,195,197,False,0.32360202074050903,0.19329987466335297
pwl_family,0.0,196,200,False,0.923398494720459,0.028750896453857422
pwl_family,0.0,197,104,False,4.25679874420166,3.031214952468872
pwl_family,0.0,198,92,False,3.001274347305298,4.618221759796143
pwl_family,0.0,199,200,False,0.19588851928710938,0.25334596633911133
pwl_family,-0.05,0,171,False,0.4950605034828186,0.11823129653930664
pwl_family,-0.05,1,190,False,0.8640610575675964,0.5434027314186096
pwl_family,-0.05,2,0,True,11.401649475097656,10.826340675354004
pwl_family,-0.05,3,180,False,1.2841777801513672,0.9388808012008667
pwl_family,-0.05,4,192,False,0.6124112010002136,0.025696203112602234
pwl_family,-0.05,5,0,True,10.819090843200684,8.830707550048828
pwl_family,-0.05,6,0,True,12.361721992492676,8.708508491516113
pwl_family,-0.05,7,0,True,10.433684349060059,10.856285095214844
pwl_family,-0.05,8,198,False,0.7774716019630432,0.004330439958721399
pwl_family,-0.05,9,0,True,9.671133041381836,10.772241592407227
pwl_family,-0.05,10,197,False,2.943847894668579,0.5710939764976501
pwl_family,-0.05,11,0,True,11.222702980041504,10.307851791381836
pwl_family,-0.05,12,202,False,1.5195744037628174,0.6457445025444031
pwl_family,-0.05,13,0,True,9.96822452545166,10.241174697875977
pwl_family,-0.05,14,189,False,0.43881139159202576,0.10111434012651443
pwl_family,-0.05,15,0,True,11.782559394836426,9.928369522094727
pwl_family,-0.05,16,0,True,12.22421646118164,10.492958068847656
pwl_family,-0.05,17,0,True,11.31178092956543,8.571218490600586
pwl_family,-0.05,18,199,False,1.4212079048156738,0.49544769525527954
pwl_family,-0.05,19,0,True,10.00587272644043,10.307634353637695
pwl_family,-0.05,20,0,True,12.56114387512207,8.988382339477539
pwl_family,-0.05,21,194,False,1.2631628513336182,0.21373142302036285
pwl_family,-0.05,22,202,False,0.02123502641916275,0.011748728342354298
pwl_family,-0.05,23,0,True,10.959942817687988,10.982741355895996
pwl_family,-0.05,24,190,False,1.3811092376708984,0.47183042764663696
pwl_family,-0.05,25,195,False,2.972531318664551,0.663281261920929
pwl_family,-0.05,26,0,True,11.663278579711914,10.0332670211792
pwl_family,-0.05,27,0,True,8.11713695526123,11.420254707336426
pwl_family,-0.05,28,0,True,9.65457820892334,10.52059555053711
pwl_family,-0.05,29,0,True,8.880941390991211,9.38828182220459
pwl_family,-0.05,30,202,False,0.3388174772262573,0.033603060990571976
pwl_family,-0.05,31,0,True,10.549125671386719,9.995224952697754
pwl_family,-0.05,32,0,True,9.332776069641113,11.118014335632324
pwl_family,-0.05,33,215,False,0.5504955649375916,0.16565613448619843
pwl_family,-0.05,34,0,True,10.599236488342285,10.65779972076416
pwl_family,-0.05,35,0,True,11.890130996704102,8.16606616973877
pwl_family,-0.05,36,190,False,5.009840488433838,0.5902801752090454
pwl_family,-0.05,37,0,True,10.99308967590332,10.436205863952637
pwl_family,-0.05,38,180,False,1.0393813848495483,0.23627042770385742
pwl_family,-0.05,39,0,True,8.862394332885742,11.139354705810547
pwl_family,-0.05,40,188,False,0.46838781237602234,0.1431657075881958
pwl_family,-0.05,41,2,False,10.907448768615723,9.201396942138672
pwl_family,-0.05,42,193,False,0.4208357334136963,0.1449512392282486
pwl_family,-0.05,43,0,True,13.13283920288086,8.794222831726074
pwl_family,-0.05,44,0,True,12.024311065673828,9.50603199005127
pwl_family,-0.05,45,0,True,8.16104507446289,11.424112319946289
pwl_family,-0.05,46,0,True,11.258927345275879,9.032916069030762
pwl_family,-0.05,47,0,True,8.712043762207031,10.793736457824707
pwl_family,-0.05,48,190,False,0.8763854503631592,0.4512435793876648
pwl_family,-0.05,49,0,True,9.215439796447754,8.885904312133789
pwl_family,-0.05,50,0,True,11.092615127563477,8.571700096130371
pwl_family,-0.05,51,0,True,8.483015060424805,12.746220588684082
pwl_family,-0.05,52,0,True,11.871838569641113,10.79973316192627
pwl_family,-0.05,53,0,True,10.253783226013184,10.350726127624512
pwl_family,-0.05,54,0,True,12.0513334274292,8.667643547058105
pwl_family,-0.05,55,0,True,10.338167190551758,10.406641960144043
pwl_family,-0.05,56,0,True,9.14797306060791,10.509292602539062
pwl_family,-0.05,57,186,False,0.735689640045166,0.03492739051580429
pwl_family,-0.05,58,0,True,10.47062873840332,9.77956485748291
pwl_family,-0.05,59,189,False,0.23381075263023376,0.048703230917453766
pwl_family,-0.05,60,0,True,10.49716854095459,11.219645500183105
pwl_family,-0.05,61,0,True,10.353045463562012,11.277607917785645
pwl_family,-0.05,62,188,False,0.5356417894363403,0.3076028823852539
pwl_family,-0.05,63,0,True,9.73884391784668,11.928604125976562
pwl_family,-0.05,64,205,False,1.1966381072998047,0.9558811187744141
pwl_family,-0.05,65,188,False,0.4171490967273712,0.30204296112060547
pwl_family,-0.05,66,194,False,0.658174455165863,0.3888826370239258
pwl_family,-0.05,67,0,True,11.384420394897461,10.257688522338867
pwl_family,-0.05,68,201,False,0.8825280666351318,0.21576450765132904
pwl_family,-0.05,69,189,False,0.27484458684921265,0.10258007049560547
pwl_family,-0.05,70,0,True,10.565553665161133,10.475959777832031
pwl_family,-0.05,71,0,True,11.790864944458008,8.81063461303711
pwl_family,-0.05,72,213,False,1.7597004175186157,0.4562951326370239
pwl_family,-0.05,73,0,True,11.892074584960938,9.904752731323242
pwl_family,-0.05,74,0,True,11.762809753417969,9.865412712097168
pwl_family,-0.05,75,0,True,11.798223495483398,9.209421157836914
pwl_family,-0.05,76,0,True,10.936517715454102,10.126006126403809
pwl_family,-0.05,77,0,True,12.029627799987793,11.61447525024414
pwl_family,-0.05,78,186,False,1.9381117820739746,1.0336930751800537
pwl_family,-0.05,79,0,True,10.654770851135254,9.728212356567383
pwl_family,-0.05,80,191,False,0.9353329539299011,0.2355564534664154
pwl_family,-0.05,81,0,True,7.3358473777771,10.36996841430664
pwl_family,-0.05,82,0,True,10.806602478027344,9.533829689025879
pwl_family,-0.05,83,201,False,0.5440053939819336,0.25503620505332947
pwl_family,-0.05,84,0,True,10.815808296203613,10.803244590759277
pwl_family,-0.05,85,0,True,8.252307891845703,8.375852584838867
pwl_family,-0.05,86,205,False,0.12450800091028214,0.027185767889022827
pwl_family,-0.05,87,195,False,0.3908797800540924,0.09611493349075317
pwl_family,-0.05,88,0,True,11.840283393859863,9.854124069213867
pwl_family,-0.05,89,0,True,9.196523666381836,12.683138847351074
pwl_family,-0.05,90,0,True,10.636195182800293,11.026070594787598
pwl_family,-0.05,91,199,False,0.606410026550293,0.1678190380334854
pwl_family,-0.05,92,202,False,0.47172969579696655,0.1730891317129135
pwl_family,-0.05,93,0,True,11.064836502075195,10.274078369140625
pwl_family,-0.05,94,178,False,1.7574365139007568,1.2223025560379028
pwl_family,-0.05,95,0,True,10.348861694335938,9.462063789367676
pwl_family,-0.05,96,0,True,11.90506649017334,10.645574569702148
pwl_family,-0.05,97,205,False,0.9283185005187988,0.5909708738327026
pwl_family,-0.05,98,205,False,2.344008445739746,0.9051246643066406
pwl_family,-0.05,99,0,True,7.809188365936279,9.196395874023438
pwl_family,-0.05,100,224,False,0.1788586676120758,0.431111216545105
pwl_family,-0.05,101,199,False,0.4938781261444092,0.04056241735816002
pwl_family,-0.05,102,193,False,0.2328212410211563,0.18014198541641235
pwl_family,-0.05,103,0,True,10.51396369934082,10.063385963439941
pwl_family,-0.05,104,0,True,9.80585765838623,11.985955238342285
pwl_family,-0.05,105,208,False,1.9649937152862549,1.1198616027832031
pwl_family,-0.05,106,199,False,0.5438094139099121,0.08425434678792953
pwl_family,-0.05,107,195,False,0.5391460657119751,0.26726657152175903
pwl_family,-0.05,108,0,True,10.907171249389648,10.125870704650879
pwl_family,-0.05,109,0,True,11.446904182434082,9.515885353088379
pwl_family,-0.05,110,0,True,9.225624084472656,10.933247566223145
pwl_family,-0.05,111,202,False,0.05972889065742493,0.238571897149086
pwl_family,-0.05,112,0,True,11.297127723693848,10.713120460510254
pwl_family,-0.05,113,0,True,10.650406837463379,9.159404754638672
pwl_family,-0.05,114,0,True,9.76731014251709,11.338906288146973
pwl_family,-0.05,115,0,True,10.983237266540527,9.674342155456543
pwl_family,-0.05,116,0,True,10.009533882141113,11.526195526123047
pwl_family,-0.05,117,0,True,10.789021492004395,8.59946346282959
pwl_family,-0.05,118,0,True,11.648367881774902,10.055468559265137
pwl_family,-0.05,119,200,False,0.2992987036705017,0.1066564992070198
pwl_family,-0.05,120,190,False,1.6268502473831177,0.5218201875686646
pwl_family,-0.05,121,0,True,12.120810508728027,8.375692367553711
pwl_family,-0.05,122,0,True,11.55731201171875,10.126432418823242
pwl_family,-0.05,123,204,False,0.40874361991882324,0.21250450611114502
pwl_family,-0.05,124,0,True,11.527815818786621,10.280921936035156
pwl_family,-0.05,125,0,True,10.279099464416504,9.685235023498535
pwl_family,-0.05,126,0,True,11.33504581451416,9.889090538024902
pwl_family,-0.05,127,188,False,0.10307948291301727,0.48407435417175293
pwl_family,-0.05,128,0,True,8.648674011230469,10.296478271484375
pwl_family,-0.05,129,0,False,10.523677825927734,10.384925842285156
pwl_family,-0.05,130,0,True,10.901659965515137,10.7713623046875
pwl_family,-0.05,131,0,True,11.180878639221191,10.513664245605469
pwl_family,-0.05,132,0,True,9.298815727233887,11.152970314025879
pwl_family,-0.05,133,186,False,0.48290443420410156,0.004906891379505396
pwl_family,-0.05,134,0,True,11.039241790771484,11.038007736206055
pwl_family,-0.05,135,0,True,9.672141075134277,9.020914077758789
pwl_family,-0.05,136,0,True,11.487192153930664,9.264162063598633
pwl_family,-0.05,137,0,True,10.342348098754883,9.586004257202148
pwl_family,-0.05,138,186,False,0.22779740393161774,0.17316162586212158
pwl_family,-0.05,139,0,True,8.40074348449707,9.73350715637207
pwl_family,-0.05,140,0,True,8.930768966674805,9.3844575881958
pwl_family,-0.05,141,0,True,11.029631614685059,11.078036308288574
pwl_family,-0.05,142,0,True,10.53428840637207,11.36347484588623
pwl_family,-0.05,143,200,False,1.6375181674957275,0.6382272243499756
pwl_family,-0.05,144,196,False,0.8503214716911316,0.49145060777664185
pwl_family,-0.05,145,174,False,0.32922831177711487,0.5707431435585022
pwl_family,-0.05,146,0,True,10.37853717803955,11.225632667541504
pwl_family,-0.05,147,181,False,3.108633279800415,1.0378326177597046
pwl_family,-0.05,148,192,False,1.773733139038086,0.19652552902698517
pwl_family,-0.05,149,0,True,11.883710861206055,8.870522499084473
pwl_family,-0.05,150,197,False,0.7632542848587036,0.04858984798192978
pwl_family,-0.05,151,0,True,9.104769706726074,11.36898136138916
pwl_family,-0.05,152,0,True,10.351910591125488,11.845888137817383
pwl_family,-0.05,153,0,True,9.142016410827637,11.290504455566406
pwl_family,-0.05,154,0,True,8.10274600982666,11.65797233581543
pwl_family,-0.05,155,0,True,10.164873123168945,11.065791130065918
pwl_family,-0.05,156,200,False,0.4718629717826843,0.11824832856655121
pwl_family,-0.05,157,0,True,9.961835861206055,10.168731689453125
pwl_family,-0.05,158,201,False,0.13024459779262543,0.015869775786995888
pwl_family,-0.05,159,192,False,0.16171637177467346,0.5232223272323608
pwl_family,-0.05,160,0,True,8.232057571411133,10.800533294677734
pwl_family,-0.05,161,200,False,0.3281111717224121,0.1768227219581604
pwl_family,-0.05,162,0,True,9.304317474365234,10.650910377502441
pwl_family,-0.05,163,0,True,10.515140533447266,9.77874755859375
pwl_family,-0.05,164,200,False,0.13641105592250824,0.1593201756477356
pwl_family,-0.05,165,0,True,11.726837158203125,8.822906494140625
pwl_family,-0.05,166,0,True,10.293482780456543,9.939801216125488
pwl_family,-0.05,167,200,False,0.25667130947113037,0.6223773956298828
pwl_family,-0.05,168,199,False,0.032903023064136505,0.3763503432273865
pwl_family,-0.05,169,195,False,1.7403349876403809,0.6544811725616455
pwl_family,-0.05,170,200,False,0.3871391713619232,0.19858744740486145
pwl_family,-0.05,171,0,True,9.204872131347656,9.851297378540039
pwl_family,-0.05,172,0,True,10.55949592590332,8.257624626159668
pwl_family,-0.05,173,0,True,9.428815841674805,12.064913749694824
pwl_family,-0.05,174,0,True,8.452088356018066,11.016766548156738
pwl_family,-0.05,175,204,False,0.18567737936973572,0.06945254653692245
pwl_family,-0.05,176,0,True,9.600791931152344,9.689194679260254
pwl_family,-0.05,177,169,False,0.5362950563430786,0.2344641238451004
pwl_family,-0.05,178,0,True,12.015504837036133,9.661806106567383
pwl_family,-0.05,179,0,True,10.615039825439453,9.397851943969727
pwl_family,-0.05,180,0,True,9.961912155151367,11.79508113861084
pwl_family,-0.05,181,188,False,0.10628221929073334,0.20226657390594482
pwl_family,-0.05,182,190,False,2.6120405197143555,0.9739221334457397
pwl_family,-0.05,183,0,True,9.361936569213867,11.845001220703125
pwl_family,-0.05,184,201,False,3.0651700496673584,0.6178710460662842
pwl_family,-0.05,185,202,False,1.7496824264526367,0.030377434566617012
pwl_family,-0.05,186,0,True,11.864391326904297,10.15284538269043
pwl_family,-0.05,187,0,True,7.311065196990967,10.822713851928711
pwl_family,-0.05,188,185,False,0.15964023768901825,0.29104018211364746
pwl_family,-0.05,189,0,False,11.220293045043945,9.70362377166748
pwl_family,-0.05,190,0,True,10.638822555541992,11.166476249694824
pwl_family,-0.05,191,189,False,0.18306826055049896,0.2246519774198532
pwl_family,-0.05,192,0,True,9.6064453125,11.007163047790527
pwl_family,-0.05,193,0,True,10.962647438049316,10.454864501953125
pwl_family,-0.05,194,0,True,13.074953079223633,10.143906593322754
pwl_family,-0.05,195,197,False,0.3247908651828766,0.19259239733219147
pwl_family,-0.05,196,202,False,1.580393671989441,0.1590903103351593
pwl_family,-0.05,197,0,True,10.773015975952148,8.691671371459961
pwl_family,-0.05,198,0,True,8.697938919067383,11.702327728271484
pwl_family,-0.05,199,209,False,1.1216869354248047,0.8300926089286804
pwl_family,-0.1,0,171,False,0.4950633943080902,0.11823060363531113
pwl_family,-0.1,1,190,False,0.596371591091156,0.4343310594558716
pwl_family,-0.1,2,0,True,9.209546089172363,8.80054759979248
pwl_family,-0.1,3,182,False,1.116255521774292,0.8906412124633789
pwl_family,-0.1,4,192,False,0.599532425403595,0.030644893646240234
pwl_family,-0.1,5,0,True,8.046939849853516,6.2824249267578125
pwl_family,-0.1,6,0,True,9.44355583190918,6.523593425750732
pwl_family,-0.1,7,0,True,7.787827491760254,8.32731819152832
pwl_family,-0.1,8,198,False,0.7774716019630432,0.004330439958721399
pwl_family,-0.1,9,220,False,0.52325439453125,0.3787207007408142
pwl_family,-0.1,10,197,False,2.075927972793579,0.4049304723739624
pwl_family,-0.1,11,0,True,8.670095443725586,7.93914794921875
pwl_family,-0.1,12,202,False,0.8616253137588501,0.5694220662117004
pwl_family,-0.1,13,0,True,7.610934257507324,7.972814559936523
pwl_family,-0.1,14,189,False,0.43044230341911316,0.051540154963731766
pwl_family,-0.1,15,0,True,9.177299499511719,7.807841777801514
pwl_family,-0.1,16,0,True,9.586249351501465,8.46741771697998
pwl_family,-0.1,17,0,True,8.685785293579102,6.499120235443115
pwl_family,-0.1,18,199,False,0.9601885676383972,0.3666643500328064
pwl_family,-0.1,19,0,True,7.2985663414001465,7.518937587738037
pwl_family,-0.1,20,0,True,9.431676864624023,6.9482197761535645
pwl_family,-0.1,21,196,False,1.6121106147766113,0.2908996343612671
pwl_family,-0.1,22,201,False,0.03454894572496414,0.019160496070981026
pwl_family,-0.1,23,0,True,8.051140785217285,8.298168182373047
pwl_family,-0.1,24,190,False,1.5538204908370972,0.5224164724349976
pwl_family,-0.1,25,195,False,1.879567265510559,0.5244889855384827
pwl_family,-0.1,26,0,True,8.491681098937988,7.405435562133789
pwl_family,-0.1,27,0,True,6.204625129699707,8.994145393371582
pwl_family,-0.1,28,0,True,7.100040435791016,7.925134181976318
pwl_family,-0.1,29,0,True,6.728086948394775,7.344791889190674
pwl_family,-0.1,30,202,False,0.33525344729423523,0.033960312604904175
pwl_family,-0.1,31,0,True,9.103952407836914,8.841081619262695
pwl_family,-0.1,32,0,True,6.8528876304626465,8.330850601196289
pwl_family,-0.1,33,215,False,0.5511206984519958,0.165468230843544
pwl_family,-0.1,34,0,True,8.228296279907227,8.436667442321777
pwl_family,-0.1,35,0,True,9.215906143188477,6.418695449829102
pwl_family,-0.1,36,190,False,3.555952548980713,0.415811151266098
pwl_family,-0.1,37,0,True,8.3878755569458,8.013432502746582
pwl_family,-0.1,38,180,False,1.0395824909210205,0.2362247258424759
pwl_family,-0.1,39,0,True,6.807704925537109,8.724920272827148
pwl_family,-0.1,40,188,False,0.46838781237602234,0.1431657075881958
pwl_family,-0.1,41,0,True,8.371956825256348,7.178068161010742
pwl_family,-0.1,42,193,False,0.41952648758888245,0.1454036384820938
pwl_family,-0.1,43,0,True,9.948038101196289,6.77598237991333
pwl_family,-0.1,44,0,True,9.162582397460938,7.343408584594727
pwl_family,-0.1,45,0,True,5.963798522949219,8.7565279006958
pwl_family,-0.1,46,189,False,0.6968054175376892,0.7806171178817749
pwl_family,-0.1,47,0,True,6.345658302307129,8.003405570983887
pwl_family,-0.1,48,190,False,0.5845794677734375,0.33824631571769714
pwl_family,-0.1,49,0,True,7.225630760192871,6.842459678649902
pwl_family,-0.1,50,0,True,7.928524494171143,6.483283996582031
pwl_family,-0.1,51,0,True,6.544836521148682,9.979002952575684
pwl_family,-0.1,52,0,True,9.369314193725586,8.734282493591309
pwl_family,-0.1,53,0,True,7.601353168487549,7.837506294250488
pwl_family,-0.1,54,0,True,9.193961143493652,6.588752269744873
pwl_family,-0.1,55,0,True,7.739063262939453,8.044955253601074
pwl_family,-0.1,56,0,True,6.580977916717529,7.927198886871338
pwl_family,-0.1,57,186,False,0.7296680808067322,0.03521561622619629
pwl_family,-0.1,58,0,True,7.809153079986572,7.361901760101318
pwl_family,-0.1,59,189,False,0.23381075263023376,0.048703230917453766
pwl_family,-0.1,60,0,True,7.775169372558594,8.387812614440918
pwl_family,-0.1,61,0,True,7.493228912353516,8.581827163696289
pwl_family,-0.1,62,188,False,0.535335898399353,0.30777862668037415
pwl_family,-0.1,63,0,True,7.6261491775512695,9.448883056640625
pwl_family,-0.1,64,209,False,1.8940123319625854,1.4750410318374634
pwl_family,-0.1,65,188,False,0.38431957364082336,0.27170637249946594
pwl_family,-0.1,66,194,False,0.6199541687965393,0.20642851293087006
pwl_family,-0.1,67,0,True,8.61424732208252,7.734620094299316
pwl_family,-0.1,68,202,False,0.9256393909454346,0.23503261804580688
pwl_family,-0.1,69,189,False,0.2727372944355011,0.10337265580892563
pwl_family,-0.1,70,0,True,7.726826190948486,7.74757194519043
pwl_family,-0.1,71,0,True,8.754682540893555,6.425032138824463
pwl_family,-0.1,72,213,False,1.2880200147628784,0.3588919937610626
pwl_family,-0.1,73,0,True,8.955048561096191,7.561425685882568
pwl_family,-0.1,74,0,True,8.842596054077148,7.482023239135742
pwl_family,-0.1,75,0,True,8.91513442993164,6.901028633117676
pwl_family,-0.1,76,0,True,8.319315910339355,7.728200912475586
pwl_family,-0.1,77,0,True,9.18558120727539,9.072760581970215
pwl_family,-0.1,78,186,False,1.2782402038574219,0.7836613059043884
pwl_family,-0.1,79,0,True,8.14376449584961,7.563848495483398
pwl_family,-0.1,80,191,False,0.8468934297561646,0.13007012009620667
pwl_family,-0.1,81,0,True,5.756908893585205,8.282694816589355
pwl_family,-0.1,82,0,True,8.191692352294922,7.18145751953125
pwl_family,-0.1,83,201,False,0.5440415143966675,0.25501924753189087
pwl_family,-0.1,84,0,True,8.40636920928955,8.417998313903809
pwl_family,-0.1,85,0,True,7.101731777191162,7.385498523712158
pwl_family,-0.1,86,201,False,0.3723549544811249,0.19541561603546143
pwl_family,-0.1,87,195,False,0.3892258405685425,0.09652338176965714
pwl_family,-0.1,88,0,True,9.101343154907227,7.752284049987793
pwl_family,-0.1,89,0,True,6.963083744049072,9.817259788513184
pwl_family,-0.1,90,0,True,8.087309837341309,8.601906776428223
pwl_family,-0.1,91,199,False,0.6078379154205322,0.16742481291294098
pwl_family,-0.1,92,202,False,0.4733457863330841,0.1724981665611267
pwl_family,-0.1,93,0,True,8.512815475463867,8.032959938049316
pwl_family,-0.1,94,178,False,1.1103943586349487,0.9672762751579285
pwl_family,-0.1,95,0,True,7.536797523498535,7.043779373168945
pwl_family,-0.1,96,0,True,8.745555877685547,8.225662231445312
pwl_family,-0.1,97,206,False,0.6676322817802429,0.442695289850235
pwl_family,-0.1,98,205,False,1.459976315498352,0.7265939712524414
pwl_family,-0.1,99,0,True,5.9169697761535645,7.342426776885986
pwl_family,-0.1,100,224,False,0.1790020614862442,0.4307662844657898
pwl_family,-0.1,101,199,False,0.4894871413707733,0.04092627391219139
pwl_family,-0.1,102,193,False,0.23059506714344025,0.1818811297416687
pwl_family,-0.1,103,0,True,7.940943717956543,7.678133010864258
pwl_family,-0.1,104,0,True,7.344254016876221,9.227692604064941
pwl_family,-0.1,105,208,False,1.225092887878418,0.8981043100357056
pwl_family,-0.1,106,199,False,0.5411304235458374,0.0846715047955513
pwl_family,-0.1,107,197,False,0.9099065065383911,0.49654507637023926
pwl_family,-0.1,108,0,True,8.225120544433594,7.6818084716796875
pwl_family,-0.1,109,0,True,8.941046714782715,7.459144592285156
pwl_family,-0.1,110,0,True,6.647445201873779,8.397043228149414
pwl_family,-0.1,111,202,False,0.0596655048429966,0.23882503807544708
pwl_family,-0.1,112,0,True,8.971630096435547,8.649945259094238
pwl_family,-0.1,113,0,True,7.634000778198242,6.681333541870117
pwl_family,-0.1,114,0,True,7.286705017089844,8.604098320007324
pwl_family,-0.1,115,0,True,8.468780517578125,7.494904041290283
pwl_family,-0.1,116,0,True,8.127436637878418,9.515765190124512
pwl_family,-0.1,117,0,True,8.12459659576416,6.5343194007873535
pwl_family,-0.1,118,0,True,8.275289535522461,7.637620449066162
pwl_family,-0.1,119,200,False,0.2971552908420563,0.10742577165365219
pwl_family,-0.1,120,191,False,1.2707512378692627,0.4102920889854431
pwl_family,-0.1,121,0,True,9.14234447479248,6.200072288513184
pwl_family,-0.1,122,0,True,8.812090873718262,7.984214782714844
pwl_family,-0.1,123,204,False,0.4076702892780304,0.21306397020816803
pwl_family,-0.1,124,0,True,8.5054349899292,7.791253089904785
pwl_family,-0.1,125,0,True,7.83485221862793,7.475295066833496
pwl_family,-0.1,126,0,True,8.37136173248291,7.503605365753174
pwl_family,-0.1,127,185,False,0.16079360246658325,0.5003105998039246
pwl_family,-0.1,128,0,True,6.4566168785095215,7.910148620605469
pwl_family,-0.1,129,0,True,7.470970630645752,7.784273147583008
pwl_family,-0.1,130,0,True,8.584731101989746,8.490777969360352
pwl_family,-0.1,131,0,True,8.397086143493652,8.168625831604004
pwl_family,-0.1,132,0,True,7.089428901672363,8.711230278015137
pwl_family,-0.1,133,186,False,0.48290443420410156,0.004906891379505396
pwl_family,-0.1,134,0,True,8.612646102905273,8.809816360473633
pwl_family,-0.1,135,0,True,7.137730598449707,6.850293159484863
pwl_family,-0.1,136,0,True,8.459366798400879,6.927565097808838
pwl_family,-0.1,137,0,True,7.675632953643799,7.135229110717773
pwl_family,-0.1,138,186,False,0.2268693447113037,0.1738700121641159
pwl_family,-0.1,139,0,True,6.244481086730957,7.549238204956055
pwl_family,-0.1,140,0,True,6.592388153076172,7.1852312088012695
pwl_family,-0.1,141,0,True,8.345410346984863,8.511716842651367
pwl_family,-0.1,142,0,True,8.208751678466797,8.944818496704102
pwl_family,-0.1,143,200,False,0.9544549584388733,0.5486494302749634
pwl_family,-0.1,144,199,False,1.3520697355270386,0.6817707419395447
pwl_family,-0.1,145,174,False,0.3292374312877655,0.5707272887229919
pwl_family,-0.1,146,0,True,7.740011692047119,8.434733390808105
pwl_family,-0.1,147,181,False,2.31508469581604,0.832528293132782
pwl_family,-0.1,148,192,False,1.6264021396636963,0.10716407001018524
pwl_family,-0.1,149,0,True,9.066161155700684,6.799263954162598
pwl_family,-0.1,150,197,False,0.7644182443618774,0.048515863716602325
pwl_family,-0.1,151,0,True,7.35051965713501,9.221076965332031
pwl_family,-0.1,152,0,True,8.418294906616211,9.79855728149414
pwl_family,-0.1,153,0,True,6.663205623626709,8.424644470214844
pwl_family,-0.1,154,0,True,6.057552337646484,9.023116111755371
pwl_family,-0.1,155,0,True,7.701125144958496,8.531033515930176
pwl_family,-0.1,156,200,False,0.4686986804008484,0.11904668807983398
pwl_family,-0.1,157,0,True,7.615817546844482,7.801187992095947
pwl_family,-0.1,158,201,False,0.12922100722789764,0.015995556488633156
pwl_family,-0.1,159,192,False,0.16193169355392456,0.5225265026092529
pwl_family,-0.1,160,0,True,6.067555904388428,8.392457962036133
pwl_family,-0.1,161,200,False,0.3281104564666748,0.17682312428951263
pwl_family,-0.1,162,0,True,6.674158573150635,8.049959182739258
pwl_family,-0.1,163,0,True,7.58555269241333,7.3480377197265625
pwl_family,-0.1,164,200,False,0.13641105592250824,0.1593201756477356
pwl_family,-0.1,165,0,True,8.783202171325684,6.613055229187012
pwl_family,-0.1,166,0,True,7.808139801025391,7.757851600646973
pwl_family,-0.1,167,200,False,0.2521984279155731,0.6334157586097717
pwl_family,-0.1,168,199,False,0.03215446323156357,0.38511091470718384
pwl_family,-0.1,169,195,False,1.2193410396575928,0.46730855107307434
pwl_family,-0.1,170,200,False,0.3871391713619232,0.19858744740486145
pwl_family,-0.1,171,0,True,6.878317356109619,7.57872200012207
pwl_family,-0.1,172,0,True,7.952339172363281,5.761442184448242
pwl_family,-0.1,173,0,True,7.38067626953125,9.58450984954834
pwl_family,-0.1,174,0,True,6.316871166229248,8.369889259338379
pwl_family,-0.1,175,204,False,0.18567737936973572,0.06945254653692245
pwl_family,-0.1,176,0,True,7.144091606140137,7.33359956741333
pwl_family,-0.1,177,169,False,0.8084562420845032,0.3509264886379242
pwl_family,-0.1,178,0,True,9.805717468261719,8.013994216918945
pwl_family,-0.1,179,215,False,0.36595848202705383,0.4576324224472046
pwl_family,-0.1,180,0,True,7.448692798614502,9.086919784545898
pwl_family,-0.1,181,188,False,0.10267502069473267,0.20937222242355347
pwl_family,-0.1,182,190,False,1.803632378578186,0.7052223086357117
pwl_family,-0.1,183,0,True,7.005252361297607,9.087366104125977
pwl_family,-0.1,184,201,False,1.9822745323181152,0.4777034819126129
pwl_family,-0.1,185,202,False,1.6108795404434204,0.01649761013686657
pwl_family,-0.1,186,0,True,9.337472915649414,8.153682708740234
pwl_family,-0.1,187,0,True,5.3957014083862305,8.516392707824707
pwl_family,-0.1,188,185,False,0.16108961403369904,0.28842127323150635
pwl_family,-0.1,189,0,True,8.774595260620117,7.71470832824707
pwl_family,-0.1,190,0,True,8.301973342895508,8.897912979125977
pwl_family,-0.1,191,189,False,0.18385645747184753,0.22368887066841125
pwl_family,-0.1,192,0,True,7.2245564460754395,8.462063789367676
pwl_family,-0.1,193,0,True,8.176717758178711,8.024969100952148
pwl_family,-0.1,194,0,True,10.302565574645996,8.19534969329834
pwl_family,-0.1,195,197,False,0.3257238566875458,0.19204069674015045
pwl_family,-0.1,196,202,False,1.4989817142486572,0.08386551588773727
pwl_family,-0.1,197,0,True,8.271512031555176,6.811508655548096
pwl_family,-0.1,198,0,True,6.358889579772949,8.82266902923584
pwl_family,-0.1,199,209,False,0.7390767335891724,0.6299097537994385
pwl_family,-0.25,0,171,False,0.4950294494628906,0.11823870986700058
pwl_family,-0.25,1,190,False,0.2987230718135834,0.3468410074710846
pwl_family,-0.25,2,0,True,6.249697685241699,5.988754749298096
pwl_family,-0.25,3,0,True,4.248290061950684,5.027369022369385
pwl_family,-0.25,4,192,False,0.5703796744346619,0.015000908635556698
pwl_family,-0.25,5,0,True,5.382233142852783,3.9448091983795166
pwl_family,-0.25,6,0,True,6.257288455963135,4.0491838455200195
pwl_family,-0.25,7,0,True,4.851437568664551,5.4868927001953125
pwl_family,-0.25,8,198,False,0.7774716019630432,0.004330439958721399
pwl_family,-0.25,9,220,False,0.527830958366394,0.15017494559288025
pwl_family,-0.25,10,197,False,1.3113510608673096,0.2564091384410858
pwl_family,-0.25,11,0,True,5.705138683319092,5.142294406890869
pwl_family,-0.25,12,202,False,0.4612979590892792,0.4254331588745117
pwl_family,-0.25,13,0,True,4.986464500427246,5.39516019821167
pwl_family,-0.25,14,189,False,0.40861642360687256,0.02171725034713745
pwl_family,-0.25,15,0,True,6.063851833343506,5.164623737335205
pwl_family,-0.25,16,0,True,6.317757606506348,5.734776973724365
pwl_family,-0.25,17,0,True,5.85181999206543,4.197012424468994
pwl_family,-0.25,18,199,False,0.716178297996521,0.19663651287555695
pwl_family,-0.25,19,0,True,4.756284713745117,4.707242488861084
pwl_family,-0.25,20,207,False,0.8204898238182068,0.30944427847862244
pwl_family,-0.25,21,197,False,1.2043218612670898,0.19257883727550507
pwl_family,-0.25,22,193,False,0.13433882594108582,0.07659261673688889
pwl_family,-0.25,23,0,True,5.061858654022217,5.339651107788086
pwl_family,-0.25,24,190,False,0.9383566975593567,0.3573784828186035
pwl_family,-0.25,25,195,False,1.430479645729065,0.2756599485874176
pwl_family,-0.25,26,0,True,5.344066619873047,4.6561384201049805
pwl_family,-0.25,27,0,True,3.961158275604248,6.165259838104248
pwl_family,-0.25,28,0,True,4.506231784820557,5.223487854003906
pwl_family,-0.25,29,0,True,4.322583198547363,5.060468673706055
pwl_family,-0.25,30,202,False,0.32323047518730164,0.03522351384162903
pwl_family,-0.25,31,0,True,5.865983009338379,5.831583023071289
pwl_family,-0.25,32,0,True,4.3409342765808105,5.515352725982666
pwl_family,-0.25,33,215,False,0.5525264739990234,0.1650473028421402
pwl_family,-0.25,34,0,True,5.37168550491333,5.659940719604492
pwl_family,-0.25,35,0,True,6.194424629211426,4.294027328491211
pwl_family,-0.25,36,190,False,2.0363595485687256,0.29044079780578613
pwl_family,-0.25,37,0,True,5.464852809906006,5.246761798858643
pwl_family,-0.25,38,180,False,1.0394049882888794,0.23626506328582764
pwl_family,-0.25,39,0,True,4.378631591796875,5.902382850646973
pwl_family,-0.25,40,188,False,0.46838781237602234,0.1431657075881958
pwl_family,-0.25,41,0,True,5.535947322845459,4.813094139099121
pwl_family,-0.25,42,193,False,0.4154650866985321,0.14682506024837494
pwl_family,-0.25,43,0,True,6.58378791809082,4.458278656005859
pwl_family,-0.25,44,0,True,5.963929653167725,4.798877239227295
pwl_family,-0.25,45,0,True,3.722496509552002,6.072117805480957
pwl_family,-0.25,46,189,False,0.5555842518806458,0.3916153609752655
pwl_family,-0.25,47,181,False,0.6559905409812927,0.744020402431488
pwl_family,-0.25,48,190,False,0.34985068440437317,0.2260756641626358
pwl_family,-0.25,49,0,True,4.920468330383301,4.464133262634277
pwl_family,-0.25,50,0,True,4.431095123291016,5.145640850067139
pwl_family,-0.25,51,0,True,4.120251178741455,6.735462665557861
pwl_family,-0.25,52,0,True,6.021397590637207,5.761020660400391
pwl_family,-0.25,53,0,True,4.8138837814331055,5.130669116973877
pwl_family,-0.25,54,0,True,6.105184078216553,4.205445766448975
pwl_family,-0.25,55,0,True,4.897732257843018,5.377615928649902
pwl_family,-0.25,56,0,True,4.082017421722412,5.422914981842041
pwl_family,-0.25,57,186,False,0.7159145474433899,0.035892147570848465
pwl_family,-0.25,58,0,True,5.065851211547852,4.85226583480835
pwl_family,-0.25,59,189,False,0.23381075263023376,0.048703230917453766
pwl_family,-0.25,60,0,True,4.786517143249512,5.266104698181152
pwl_family,-0.25,61,0,True,4.556498050689697,5.762721538543701
pwl_family,-0.25,62,188,False,0.5353449583053589,0.3077734112739563
pwl_family,-0.25,63,0,True,4.866577625274658,6.237789630889893
pwl_family,-0.25,64,209,False,1.207681655883789,0.9778002500534058
pwl_family,-0.25,65,189,False,0.2785605490207672,0.17239278554916382
pwl_family,-0.25,66,194,False,0.5468481779098511,0.09360969066619873
pwl_family,-0.25,67,0,True,5.485445499420166,4.806246757507324
pwl_family,-0.25,68,202,False,0.5377436280250549,0.04622626304626465
pwl_family,-0.25,69,189,False,0.265706866979599,0.10610786080360413
pwl_family,-0.25,70,205,False,0.590243935585022,0.2460618019104004
pwl_family,-0.25,71,0,True,5.793076992034912,4.027498245239258
pwl_family,-0.25,72,213,False,0.72150719165802,0.25629839301109314
pwl_family,-0.25,73,0,True,5.649166584014893,4.828218936920166
pwl_family,-0.25,74,0,True,5.615067005157471,4.701231956481934
pwl_family,-0.25,75,0,True,5.814802169799805,4.2905049324035645
pwl_family,-0.25,76,0,True,5.389212131500244,4.97311544418335
pwl_family,-0.25,77,0,True,5.687892436981201,5.76369571685791
pwl_family,-0.25,78,186,False,0.7818432450294495,0.5124850273132324
pwl_family,-0.25,79,0,True,5.341851234436035,5.05433464050293
pwl_family,-0.25,80,191,False,0.8104343414306641,0.054371654987335205
pwl_family,-0.25,81,0,True,3.849018096923828,5.754475116729736
pwl_family,-0.25,82,0,True,5.434545516967773,4.662984371185303
pwl_family,-0.25,83,201,False,0.5422808527946472,0.2558472454547882
pwl_family,-0.25,84,0,True,5.312345504760742,5.326534271240234
pwl_family,-0.25,85,0,True,4.72765588760376,5.1605753898620605
pwl_family,-0.25,86,204,False,0.7215471267700195,0.43374893069267273
pwl_family,-0.25,87,195,False,0.384053111076355,0.09782339632511139
pwl_family,-0.25,88,0,True,5.779268264770508,5.027838230133057
pwl_family,-0.25,89,0,True,4.296255111694336,6.497297286987305
pwl_family,-0.25,90,0,True,5.097021579742432,5.672283172607422
pwl_family,-0.25,91,199,False,0.610268771648407,0.16675791144371033
pwl_family,-0.25,92,202,False,0.47746384143829346,0.17101041972637177
pwl_family,-0.25,93,0,True,5.494902610778809,5.281754970550537
pwl_family,-0.25,94,178,False,0.6701624989509583,0.6410732865333557
pwl_family,-0.25,95,0,True,4.702425479888916,4.8019304275512695
pwl_family,-0.25,96,0,True,5.283793926239014,5.340127468109131
pwl_family,-0.25,97,206,False,0.6255006194114685,0.18900594115257263
pwl_family,-0.25,98,205,False,0.8519836664199829,0.4980427324771881
pwl_family,-0.25,99,0,True,3.7370643615722656,5.2934722900390625
pwl_family,-0.25,100,224,False,0.1792771816253662,0.4301043152809143
pwl_family,-0.25,101,199,False,0.5805879831314087,0.1380116492509842
pwl_family,-0.25,102,193,False,0.22087720036506653,0.18988338112831116
pwl_family,-0.25,103,0,True,5.157490253448486,5.05697774887085
pwl_family,-0.25,104,0,True,4.577038764953613,6.107607364654541
pwl_family,-0.25,105,208,False,0.6742460131645203,0.6527356505393982
pwl_family,-0.25,106,199,False,0.5327168107032776,0.08600878715515137
pwl_family,-0.25,107,198,False,0.6243994235992432,0.33587053418159485
pwl_family,-0.25,108,0,True,5.246823787689209,4.856490135192871
pwl_family,-0.25,109,0,True,5.873854637145996,4.832162380218506
pwl_family,-0.25,110,0,True,4.252506256103516,5.608001708984375
pwl_family,-0.25,111,202,False,0.05982454493641853,0.23819005489349365
pwl_family,-0.25,112,0,True,5.540982723236084,5.373238563537598
pwl_family,-0.25,113,0,True,4.834377765655518,4.380810737609863
pwl_family,-0.25,114,0,True,4.614777088165283,5.658401012420654
pwl_family,-0.25,115,0,True,5.583350658416748,4.926449775695801
pwl_family,-0.25,116,0,True,5.459618091583252,6.625343322753906
pwl_family,-0.25,117,204,False,1.0262954235076904,0.035519327968358994
pwl_family,-0.25,118,0,True,5.067643165588379,5.0869526863098145
pwl_family,-0.25,119,200,False,0.290479838848114,0.10989455133676529
pwl_family,-0.25,120,191,False,0.8060357570648193,0.2587374746799469
pwl_family,-0.25,121,0,True,6.122291564941406,3.883528470993042
pwl_family,-0.25,122,0,True,5.576921463012695,5.282086372375488
pwl_family,-0.25,123,204,False,0.40496084094047546,0.21448948979377747
pwl_family,-0.25,124,0,True,5.293650150299072,4.995756149291992
pwl_family,-0.25,125,0,True,5.1555867195129395,5.002031326293945
pwl_family,-0.25,126,0,True,5.269874572753906,4.854020595550537
pwl_family,-0.25,127,185,False,0.07344017922878265,0.49889495968818665
pwl_family,-0.25,128,0,True,4.147963047027588,5.4218268394470215
pwl_family,-0.25,129,0,True,4.527651786804199,5.230128288269043
pwl_family,-0.25,130,0,True,5.629712104797363,5.564127445220947
pwl_family,-0.25,131,0,True,5.132107734680176,5.337799549102783
pwl_family,-0.25,132,0,True,4.534307479858398,5.855087757110596
pwl_family,-0.25,133,186,False,0.48290443420410156,0.004906891379505396
pwl_family,-0.25,134,0,True,5.478100776672363,5.786099910736084
pwl_family,-0.25,135,0,True,4.571813106536865,4.643551826477051
pwl_family,-0.25,136,0,True,5.4205474853515625,4.441608428955078
pwl_family,-0.25,137,0,True,4.982626914978027,4.621078014373779
pwl_family,-0.25,138,186,False,0.22407729923725128,0.17603649199008942
pwl_family,-0.25,139,0,True,3.958112955093384,5.281240463256836
pwl_family,-0.25,140,0,True,4.2016706466674805,4.941839694976807
pwl_family,-0.25,141,0,True,5.171605587005615,5.355291843414307
pwl_family,-0.25,142,0,True,5.28503942489624,5.864433288574219
pwl_family,-0.25,143,200,False,0.4932379126548767,0.42467382550239563
pwl_family,-0.25,144,200,False,0.8445800542831421,0.4704442024230957
pwl_family,-0.25,145,174,False,0.3297347128391266,0.5698667168617249
pwl_family,-0.25,146,0,True,4.937774658203125,5.464410305023193
pwl_family,-0.25,147,181,False,1.3003931045532227,0.5945302248001099
pwl_family,-0.25,148,192,False,1.3667523860931396,0.05100909247994423
pwl_family,-0.25,149,0,True,6.013265609741211,4.467429161071777
pwl_family,-0.25,150,197,False,0.7672739624977112,0.04833529517054558
pwl_family,-0.25,151,0,True,4.881563663482666,6.258851051330566
pwl_family,-0.25,152,0,True,5.954442501068115,7.166683197021484
pwl_family,-0.25,153,0,True,4.1759819984436035,5.582355499267578
pwl_family,-0.25,154,0,True,3.835531234741211,6.21519136428833
pwl_family,-0.25,155,0,True,4.9429521560668945,5.630402565002441
pwl_family,-0.25,156,200,False,0.467464804649353,0.11936088651418686
pwl_family,-0.25,157,0,True,5.032317161560059,5.187594413757324
pwl_family,-0.25,158,0,True,5.937487602233887,5.410304069519043
pwl_family,-0.25,159,192,False,0.1623796820640564,0.5210848450660706
pwl_family,-0.25,160,0,True,3.782426118850708,5.938163757324219
pwl_family,-0.25,161,200,False,0.3279212713241577,0.17692512273788452
pwl_family,-0.25,162,197,False,0.5689986944198608,0.013570511713624
pwl_family,-0.25,163,0,True,4.709030628204346,5.048081874847412
pwl_family,-0.25,164,200,False,0.13641105592250824,0.1593201756477356
pwl_family,-0.25,165,0,True,5.804004192352295,4.2815680503845215
pwl_family,-0.25,166,0,True,4.983263969421387,5.220789909362793
pwl_family,-0.25,167,200,False,0.24146047234535217,0.6615839004516602
pwl_family,-0.25,168,199,False,0.03028140962123871,0.4089335799217224
pwl_family,-0.25,169,195,False,0.760293185710907,0.29978418350219727
pwl_family,-0.25,170,200,False,0.3871391713619232,0.19858744740486145
pwl_family,-0.25,171,0,True,4.403800964355469,5.177478790283203
pwl_family,-0.25,172,0,True,5.31775426864624,3.6947813034057617
pwl_family,-0.25,173,0,True,4.7095794677734375,6.387446403503418
pwl_family,-0.25,174,0,True,4.115333080291748,5.636471271514893
pwl_family,-0.25,175,204,False,0.18567737936973572,0.06945254653692245
pwl_family,-0.25,176,0,True,4.6274871826171875,4.944833755493164
pwl_family,-0.25,177,169,False,0.6552046537399292,0.29878535866737366
pwl_family,-0.25,178,0,True,6.30684757232666,5.164288520812988
pwl_family,-0.25,179,215,False,0.29837295413017273,0.22451716661453247
pwl_family,-0.25,180,0,True,4.62341833114624,6.060779571533203
pwl_family,-0.25,181,188,False,0.09471362084150314,0.22697202861309052
pwl_family,-0.25,182,190,False,1.3097984790802002,0.3884451687335968
pwl_family,-0.25,183,0,True,4.4043755531311035,6.0648112297058105
pwl_family,-0.25,184,201,False,1.1665860414505005,0.32468628883361816
pwl_family,-0.25,185,202,False,1.3676165342330933,0.0077728284522891045
pwl_family,-0.25,186,0,True,6.037271022796631,5.276515007019043
pwl_family,-0.25,187,0,True,3.320302724838257,6.191561698913574
pwl_family,-0.25,188,185,False,0.16857855021953583,0.27560895681381226
pwl_family,-0.25,189,0,True,5.841640949249268,5.189350128173828
pwl_family,-0.25,190,0,True,5.200867652893066,5.902403831481934
pwl_family,-0.25,191,189,False,0.18595434725284576,0.2211652398109436
pwl_family,-0.25,192,0,True,4.6842451095581055,5.658843040466309
pwl_family,-0.25,193,0,True,5.123071670532227,5.248301029205322
pwl_family,-0.25,194,0,True,6.599976539611816,5.286427974700928
pwl_family,-0.25,195,197,False,0.32510706782341003,0.1924050897359848
pwl_family,-0.25,196,202,False,1.3386424779891968,0.0375642292201519
pwl_family,-0.25,197,0,True,5.506595134735107,4.648197650909424
pwl_family,-0.25,198,0,True,3.9568142890930176,5.9282073974609375
pwl_family,-0.25,199,209,False,0.6099295020103455,0.3053150475025177
pwl_family,-0.5,0,171,False,0.4952070116996765,0.11819630116224289
pwl_family,-0.5,1,190,False,0.22811773419380188,0.22709666192531586
pwl_family,-0.5,2,0,True,4.436469554901123,4.229297637939453
pwl_family,-0.5,3,0,True,3.034993886947632,4.053970813751221
pwl_family,-0.5,4,192,False,0.5543609857559204,0.0039938660338521
pwl_family,-0.5,5,0,True,3.9123315811157227,3.0893397331237793
pwl_family,-0.5,6,0,True,4.8146233558654785,2.8635668754577637
pwl_family,-0.5,7,0,True,3.4117743968963623,4.190854072570801
pwl_family,-0.5,8,198,False,0.7774716019630432,0.004330439958721399
pwl_family,-0.5,9,220,False,0.4563466012477875,0.08684954792261124
pwl_family,-0.5,10,197,False,0.9201927185058594,0.18270225822925568
pwl_family,-0.5,11,0,True,4.230504989624023,3.7393229007720947
pwl_family,-0.5,12,202,False,0.28316500782966614,0.34653180837631226
pwl_family,-0.5,13,0,True,3.6987977027893066,4.086334228515625
pwl_family,-0.5,14,189,False,0.3796100914478302,0.01168831530958414
pwl_family,-0.5,15,0,True,4.49338960647583,3.792712926864624
pwl_family,-0.5,16,0,True,4.359243869781494,3.9288012981414795
pwl_family,-0.5,17,0,True,4.509734630584717,3.0872249603271484
pwl_family,-0.5,18,199,False,0.6257808804512024,0.11252089589834213
pwl_family,-0.5,19,0,True,4.017754554748535,3.078066349029541
pwl_family,-0.5,20,207,False,0.6956466436386108,0.18248915672302246
pwl_family,-0.5,21,197,False,0.9562494158744812,0.12126903980970383
pwl_family,-0.5,22,203,False,0.2895292341709137,0.16800625622272491
pwl_family,-0.5,23,0,True,3.63615083694458,3.961625099182129
pwl_family,-0.5,24,190,False,0.6410363912582397,0.2615673840045929
pwl_family,-0.5,25,195,False,1.1389902830123901,0.1731032282114029
pwl_family,-0.5,26,0,True,3.943286180496216,3.3860554695129395
pwl_family,-0.5,27,0,True,2.8734688758850098,4.78996467590332
pwl_family,-0.5,28,0,True,3.3321280479431152,3.9357333183288574
pwl_family,-0.5,29,0,True,3.1157195568084717,3.9360692501068115
pwl_family,-0.5,30,202,False,0.32723468542099,0.03479250892996788
pwl_family,-0.5,31,0,True,4.109208106994629,4.129593372344971
pwl_family,-0.5,32,0,True,3.176265239715576,4.239019870758057
pwl_family,-0.5,33,215,False,0.5554842352867126,0.16416849195957184
pwl_family,-0.5,34,0,True,3.9930779933929443,4.254841327667236
pwl_family,-0.5,35,0,True,4.776849269866943,3.1641056537628174
pwl_family,-0.5,36,190,False,1.7305231094360352,0.17088532447814941
pwl_family,-0.5,37,0,True,4.018521308898926,3.8556814193725586
pwl_family,-0.5,38,180,False,1.040070652961731,0.23611384630203247
pwl_family,-0.5,39,0,True,3.153188705444336,4.4970502853393555
pwl_family,-0.5,40,188,False,0.46838781237602234,0.1431657075881958
pwl_family,-0.5,41,0,True,4.142293930053711,3.574758291244507
pwl_family,-0.5,42,193,False,0.4081735908985138,0.14944790303707123
pwl_family,-0.5,43,195,False,0.8798727989196777,0.2262587696313858
pwl_family,-0.5,44,0,True,4.399043083190918,3.4905736446380615
pwl_family,-0.5,45,0,True,2.6773951053619385,4.713399410247803
pwl_family,-0.5,46,189,False,0.4407092034816742,0.24684679508209229
pwl_family,-0.5,47,181,False,0.5371761918067932,0.454292356967926
pwl_family,-0.5,48,190,False,0.23142550885677338,0.1708817183971405
pwl_family,-0.5,49,195,False,0.39287224411964417,0.4590097963809967
pwl_family,-0.5,50,0,True,3.1705312728881836,4.09568977355957
pwl_family,-0.5,51,0,True,2.9030587673187256,5.13724422454834
pwl_family,-0.5,52,0,True,4.200972557067871,4.0084452629089355
pwl_family,-0.5,53,0,True,3.5339818000793457,3.819348096847534
pwl_family,-0.5,54,0,True,4.641165733337402,3.015733480453491
pwl_family,-0.5,55,0,True,3.5468502044677734,4.015781402587891
pwl_family,-0.5,56,0,True,2.937791109085083,4.279608726501465
pwl_family,-0.5,57,186,False,0.7000512480735779,0.036705441772937775
pwl_family,-0.5,58,0,True,3.7653963565826416,3.6657767295837402
pwl_family,-0.5,59,189,False,0.23381075263023376,0.048703230917453766
pwl_family,-0.5,60,0,True,3.4859704971313477,3.8416435718536377
pwl_family,-0.5,61,0,True,3.2071585655212402,4.431134223937988
pwl_family,-0.5,62,188,False,0.5362962484359741,0.3072274923324585
pwl_family,-0.5,63,0,True,3.4374983310699463,4.6014885902404785
pwl_family,-0.5,64,209,False,0.8227266669273376,0.7176578640937805
pwl_family,-0.5,65,189,False,0.1723012775182724,0.12259887158870697
pwl_family,-0.5,66,194,False,0.47358593344688416,0.0540456585586071
pwl_family,-0.5,67,0,True,4.031920433044434,3.4084889888763428
pwl_family,-0.5,68,202,False,0.5278019905090332,0.04709695652127266
pwl_family,-0.5,69,189,False,0.2526014745235443,0.1116129606962204
pwl_family,-0.5,70,205,False,0.4120834469795227,0.17622217535972595
pwl_family,-0.5,71,0,True,4.40574312210083,2.931593656539917
pwl_family,-0.5,72,213,False,0.5161226391792297,0.17914485931396484
pwl_family,-0.5,73,0,True,4.063138008117676,3.5507969856262207
pwl_family,-0.5,74,0,True,4.107815742492676,3.437609910964966
pwl_family,-0.5,75,0,True,4.415804386138916,3.0363779067993164
pwl_family,-0.5,76,0,True,3.9874682426452637,3.622715473175049
pwl_family,-0.5,77,0,True,3.9738080501556396,4.122610092163086
pwl_family,-0.5,78,186,False,0.6340333819389343,0.31597936153411865
pwl_family,-0.5,79,0,True,3.98939847946167,3.774083375930786
pwl_family,-0.5,80,191,False,0.733832061290741,0.030023671686649323
pwl_family,-0.5,81,0,True,2.8862369060516357,4.428399562835693
pwl_family,-0.5,82,0,True,4.104467868804932,3.435415744781494
pwl_family,-0.5,83,201,False,0.5395474433898926,0.25714337825775146
pwl_family,-0.5,84,0,True,3.793714761734009,3.7984466552734375
pwl_family,-0.5,85,0,True,3.4631495475769043,3.9728760719299316
pwl_family,-0.5,86,204,False,0.49411776661872864,0.3167652487754822
pwl_family,-0.5,87,195,False,0.37457650899887085,0.10029824078083038
pwl_family,-0.5,88,0,True,4.149130821228027,3.6181511878967285
pwl_family,-0.5,89,0,True,2.9877545833587646,4.915111064910889
pwl_family,-0.5,90,0,True,3.641653537750244,4.21284818649292
pwl_family,-0.5,91,199,False,0.6141011714935303,0.165717214345932
pwl_family,-0.5,92,202,False,0.48111242055892944,0.16971351206302643
pwl_family,-0.5,93,0,True,3.997035026550293,3.9230270385742188
pwl_family,-0.5,94,178,False,0.5151536464691162,0.4169856309890747
pwl_family,-0.5,95,0,True,3.2800018787384033,3.8841233253479004
pwl_family,-0.5,96,0,True,3.718306064605713,3.941619634628296
pwl_family,-0.5,97,206,False,0.6333812475204468,0.09332709014415741
pwl_family,-0.5,98,205,False,0.5752516388893127,0.3688162565231323
pwl_family,-0.5,99,0,True,2.610414743423462,4.310317039489746
pwl_family,-0.5,100,224,False,0.17972658574581146,0.42902901768684387
pwl_family,-0.5,101,199,False,0.5507558584213257,0.07274671643972397
pwl_family,-0.5,102,193,False,0.1803823709487915,0.23251502215862274
pwl_family,-0.5,103,0,True,3.814852476119995,3.7804901599884033
pwl_family,-0.5,104,0,True,3.237729787826538,4.564391136169434
pwl_family,-0.5,105,208,False,0.428545206785202,0.5134866237640381
pwl_family,-0.5,106,199,False,0.5170704126358032,0.0886114165186882
pwl_family,-0.5,107,198,False,0.3499101996421814,0.1498369574546814
pwl_family,-0.5,108,0,True,3.911811113357544,3.4710583686828613
pwl_family,-0.5,109,0,True,4.342358589172363,3.465345621109009
pwl_family,-0.5,110,188,False,0.3637530505657196,0.5291876792907715
pwl_family,-0.5,111,202,False,0.059914812445640564,0.23783135414123535
pwl_family,-0.5,112,0,True,3.9777727127075195,3.5564677715301514
pwl_family,-0.5,113,0,True,3.5813639163970947,3.3353097438812256
pwl_family,-0.5,114,0,True,3.3329052925109863,4.248484134674072
pwl_family,-0.5,115,0,True,4.1559576988220215,3.62907075881958
pwl_family,-0.5,116,0,True,3.8924756050109863,4.8905768394470215
pwl_family,-0.5,117,204,False,0.8475947380065918,0.021503960713744164
pwl_family,-0.5,118,184,False,0.8637062311172485,0.5805922746658325
pwl_family,-0.5,119,200,False,0.2784729599952698,0.11463286727666855
pwl_family,-0.5,120,191,False,0.5811107158660889,0.1794423609972
pwl_family,-0.5,121,0,True,4.7410430908203125,2.787621259689331
pwl_family,-0.5,122,0,True,3.9993960857391357,3.829719305038452
pwl_family,-0.5,123,204,False,0.4017067551612854,0.21622692048549652
pwl_family,-0.5,124,0,True,3.8177456855773926,3.6697843074798584
pwl_family,-0.5,125,0,True,3.8430209159851074,3.761869430541992
pwl_family,-0.5,126,0,True,3.8843283653259277,3.5136303901672363
pwl_family,-0.5,127,185,False,0.037190601229667664,0.49262139201164246
pwl_family,-0.5,128,0,True,3.030564069747925,4.246598243713379
pwl_family,-0.5,129,0,True,3.2034575939178467,4.059916973114014
pwl_family,-0.5,130,0,True,4.060868263244629,4.004960536956787
pwl_family,-0.5,131,209,False,0.2275853157043457,0.34243014454841614
pwl_family,-0.5,132,0,True,3.2959442138671875,4.426321983337402
pwl_family,-0.5,133,186,False,0.48290443420410156,0.004906891379505396
pwl_family,-0.5,134,0,True,3.8645620346069336,4.128910064697266
pwl_family,-0.5,135,0,True,3.358875274658203,3.557339906692505
pwl_family,-0.5,136,0,True,4.088584899902344,3.207479953765869
pwl_family,-0.5,137,0,True,3.73466420173645,3.4397530555725098
pwl_family,-0.5,138,186,False,0.21945880353450775,0.17974120378494263
pwl_family,-0.5,139,0,True,2.8376271724700928,4.191786289215088
pwl_family,-0.5,140,0,True,3.071016788482666,3.8906586170196533
pwl_family,-0.5,141,0,True,3.7185373306274414,3.7608516216278076
pwl_family,-0.5,142,0,True,3.789607524871826,4.279513835906982
pwl_family,-0.5,143,200,False,0.37926816940307617,0.2761443555355072
pwl_family,-0.5,144,200,False,0.542820155620575,0.36598461866378784
pwl_family,-0.5,145,174,False,0.3301997780799866,0.5690640807151794
pwl_family,-0.5,146,0,True,3.611224889755249,4.0525431632995605
pwl_family,-0.5,147,181,False,0.7933987975120544,0.4872226119041443
pwl_family,-0.5,148,192,False,1.1343203783035278,0.030730629339814186
pwl_family,-0.5,149,0,True,4.533176422119141,3.296388626098633
pwl_family,-0.5,150,197,False,0.7697694301605225,0.048178575932979584
pwl_family,-0.5,151,0,True,3.5047972202301025,4.6086106300354
pwl_family,-0.5,152,0,True,3.702986001968384,4.684683799743652
pwl_family,-0.5,153,0,True,3.0345592498779297,4.286763668060303
pwl_family,-0.5,154,0,True,2.758391857147217,4.884754657745361
pwl_family,-0.5,155,0,True,3.5723092555999756,4.098662376403809
pwl_family,-0.5,156,200,False,0.4267287850379944,0.13075502216815948
pwl_family,-0.5,157,0,True,3.762836456298828,3.9080722332000732
pwl_family,-0.5,158,0,True,4.228787422180176,3.821096420288086
pwl_family,-0.5,159,192,False,0.16300976276397705,0.5190706849098206
pwl_family,-0.5,160,0,True,2.680339813232422,4.772087574005127
pwl_family,-0.5,161,0,True,2.997859001159668,4.23821496963501
pwl_family,-0.5,162,197,False,0.4459233582019806,0.008657991886138916
pwl_family,-0.5,163,0,True,3.280402898788452,4.088770389556885
pwl_family,-0.5,164,200,False,0.13641105592250824,0.1593201756477356
pwl_family,-0.5,165,196,False,0.7247790694236755,0.28274163603782654
pwl_family,-0.5,166,0,True,3.6187057495117188,3.9373230934143066
pwl_family,-0.5,167,200,False,0.24511834979057312,0.651710033416748
pwl_family,-0.5,168,199,False,0.028237806633114815,0.438527911901474
pwl_family,-0.5,169,195,False,0.5268136262893677,0.21632279455661774
pwl_family,-0.5,170,200,False,0.3871391713619232,0.19858744740486145
pwl_family,-0.5,171,0,True,3.2109158039093018,4.064218044281006
pwl_family,-0.5,172,0,True,3.8267173767089844,2.9763147830963135
pwl_family,-0.5,173,0,True,3.313167095184326,4.7433977127075195
pwl_family,-0.5,174,0,True,3.061908721923828,4.305780410766602
pwl_family,-0.5,175,204,False,0.18567737936973572,0.06945254653692245
pwl_family,-0.5,176,0,True,3.4346375465393066,3.8214070796966553
pwl_family,-0.5,177,170,False,0.45592787861824036,0.21580170094966888
pwl_family,-0.5,178,0,True,4.410334587097168,3.468508720397949
pwl_family,-0.5,179,215,False,0.26082509756088257,0.12841914594173431
pwl_family,-0.5,180,0,True,3.2457048892974854,4.634201526641846
pwl_family,-0.5,181,188,False,0.08572975546121597,0.25075647234916687
pwl_family,-0.5,182,190,False,1.1220922470092773,0.22671261429786682
pwl_family,-0.5,183,0,True,3.1471309661865234,4.6247639656066895
pwl_family,-0.5,184,201,False,0.8082355856895447,0.2343226671218872
pwl_family,-0.5,185,202,False,1.1617501974105835,0.004575106780976057
pwl_family,-0.5,186,0,True,4.444735527038574,3.239051580429077
pwl_family,-0.5,187,0,True,2.28779935836792,5.18673849105835
pwl_family,-0.5,188,185,False,0.1665930151939392,0.2788943350315094
pwl_family,-0.5,189,0,True,4.24682092666626,3.953099489212036
pwl_family,-0.5,190,0,True,3.5478880405426025,4.34166145324707
pwl_family,-0.5,191,189,False,0.18876147270202637,0.21787622570991516
pwl_family,-0.5,192,0,True,3.4626247882843018,4.305704593658447
pwl_family,-0.5,193,0,True,3.706073522567749,3.828677177429199
pwl_family,-0.5,194,0,True,4.583916664123535,3.547344446182251
pwl_family,-0.5,195,197,False,0.31784167885780334,0.19680319726467133
pwl_family,-0.5,196,202,False,1.1910165548324585,0.02111016772687435
pwl_family,-0.5,197,0,True,4.172577381134033,3.528881788253784
pwl_family,-0.5,198,0,True,2.8259687423706055,4.6002421379089355
pwl_family,-0.5,199,209,False,0.5109561681747437,0.1822277158498764
pwl_family,-1.0,0,171,False,0.4950222969055176,0.11824043840169907
pwl_family,-1.0,1,190,False,0.16014212369918823,0.16174644231796265
pwl_family,-1.0,2,0,True,3.337254047393799,3.1419053077697754
pwl_family,-1.0,3,0,True,2.2983338832855225,3.5295000076293945
pwl_family,-1.0,4,192,False,0.537314236164093,0.004120576195418835
pwl_family,-1.0,5,0,True,2.5294065475463867,3.1260690689086914
pwl_family,-1.0,6,0,True,4.062238693237305,2.179994821548462
pwl_family,-1.0,7,0,True,2.5557801723480225,3.5466763973236084
pwl_family,-1.0,8,198,False,0.7774716019630432,0.004330439958721399
pwl_family,-1.0,9,220,False,0.35612449049949646,0.055645525455474854
pwl_family,-1.0,10,197,False,0.6309763193130493,0.13322310149669647
pwl_family,-1.0,11,0,True,3.4459972381591797,2.9951016902923584
pwl_family,-1.0,12,202,False,0.18314281105995178,0.2678939402103424
pwl_family,-1.0,13,0,True,2.9689829349517822,3.3257763385772705
pwl_family,-1.0,14,189,False,0.33747074007987976,0.006573913618922234
pwl_family,-1.0,15,0,True,3.5088047981262207,2.801978826522827
pwl_family,-1.0,16,0,True,3.315526008605957,2.9166979789733887
pwl_family,-1.0,17,0,True,3.7604126930236816,2.445157766342163
pwl_family,-1.0,18,199,False,0.5304319858551025,0.06637366861104965
pwl_family,-1.0,19,0,True,2.7760298252105713,2.942138910293579
pwl_family,-1.0,20,207,False,0.5395077466964722,0.11765167862176895
pwl_family,-1.0,21,197,False,0.8113822937011719,0.07146041095256805
pwl_family,-1.0,22,206,False,0.20685812830924988,0.12229687720537186
pwl_family,-1.0,23,0,True,2.80916690826416,3.2220847606658936
pwl_family,-1.0,24,190,False,0.5235440135002136,0.16013403236865997
pwl_family,-1.0,25,195,False,0.5332890152931213,0.18485544621944427
pwl_family,-1.0,26,0,True,3.1683170795440674,2.6674935817718506
pwl_family,-1.0,27,0,True,2.28546404838562,3.9954288005828857
pwl_family,-1.0,28,0,True,2.7256181240081787,3.1248929500579834
pwl_family,-1.0,29,0,True,2.53753924369812,3.12495493888855
pwl_family,-1.0,30,0,True,2.303666830062866,3.4919068813323975
pwl_family,-1.0,31,0,True,3.1665539741516113,3.2409627437591553
pwl_family,-1.0,32,0,True,2.5648505687713623,3.4736247062683105
pwl_family,-1.0,33,215,False,0.5598350763320923,0.16289255023002625
pwl_family,-1.0,34,0,True,3.176696300506592,2.986297845840454
pwl_family,-1.0,35,0,True,3.843959093093872,2.7876057624816895
pwl_family,-1.0,36,190,False,1.3177756071090698,0.11220460385084152
pwl_family,-1.0,37,0,True,3.2045540809631348,3.0601234436035156
pwl_family,-1.0,38,180,False,1.0404936075210571,0.2360178679227829
pwl_family,-1.0,39,0,True,2.435112476348877,3.720017194747925
pwl_family,-1.0,40,188,False,0.46838781237602234,0.1431657075881958
pwl_family,-1.0,41,0,True,3.4544854164123535,2.808509349822998
pwl_family,-1.0,42,193,False,0.3914943337440491,0.15581490099430084
pwl_family,-1.0,43,195,False,0.7383908629417419,0.13480593264102936
pwl_family,-1.0,44,0,True,3.566608428955078,2.7349531650543213
pwl_family,-1.0,45,0,True,2.1637556552886963,3.7286550998687744
pwl_family,-1.0,46,189,False,0.32717570662498474,0.16625265777111053
pwl_family,-1.0,47,181,False,0.3273484408855438,0.37274524569511414
pwl_family,-1.0,48,190,False,0.14414048194885254,0.13717998564243317
pwl_family,-1.0,49,195,False,0.21797411143779755,0.4136551022529602
pwl_family,-1.0,50,0,True,2.410442590713501,3.5311241149902344
pwl_family,-1.0,51,0,True,2.211743116378784,4.270933151245117
pwl_family,-1.0,52,0,True,3.278747797012329,3.007333993911743
pwl_family,-1.0,53,0,True,2.8799777030944824,2.985072374343872
pwl_family,-1.0,54,0,True,3.857002019882202,2.30476975440979
pwl_family,-1.0,55,0,True,2.886428117752075,3.1148509979248047
pwl_family,-1.0,56,0,True,2.281114101409912,3.625782012939453
pwl_family,-1.0,57,186,False,0.6765291094779968,0.03798168897628784
pwl_family,-1.0,58,0,True,3.045409679412842,2.9791674613952637
pwl_family,-1.0,59,189,False,0.23381075263023376,0.048703230917453766
pwl_family,-1.0,60,0,True,3.215919256210327,2.639885902404785
pwl_family,-1.0,61,0,True,2.468200922012329,3.665987968444824
pwl_family,-1.0,62,188,False,0.5362536907196045,0.30725187063217163
pwl_family,-1.0,63,0,True,2.6542868614196777,3.7438008785247803
pwl_family,-1.0,64,209,False,0.5326998829841614,0.5541929602622986
pwl_family,-1.0,65,217,False,0.012951615266501904,0.1448725312948227
pwl_family,-1.0,66,194,False,0.3821069300174713,0.03349224850535393
pwl_family,-1.0,67,0,True,3.3020365238189697,2.5755670070648193
pwl_family,-1.0,68,202,False,0.5124058127403259,0.048512138426303864
pwl_family,-1.0,69,189,False,0.2264244556427002,0.12451667338609695
pwl_family,-1.0,70,205,False,0.28591108322143555,0.12699444591999054
pwl_family,-1.0,71,0,True,3.5390844345092773,2.3327720165252686
pwl_family,-1.0,72,213,False,0.41288670897483826,0.11196883767843246
pwl_family,-1.0,73,0,True,3.085155725479126,2.9498610496520996
pwl_family,-1.0,74,0,True,3.321162223815918,2.7026939392089844
pwl_family,-1.0,75,0,True,3.57096791267395,2.406123161315918
pwl_family,-1.0,76,0,True,3.2145917415618896,2.8398406505584717
pwl_family,-1.0,77,0,True,3.0159378051757812,3.312710762023926
pwl_family,-1.0,78,186,False,0.45026135444641113,0.2224724143743515
pwl_family,-1.0,79,0,True,3.305821657180786,3.0051026344299316
pwl_family,-1.0,80,191,False,0.641438364982605,0.017174137756228447
pwl_family,-1.0,81,0,True,2.3687188625335693,3.495181083679199
pwl_family,-1.0,82,0,True,3.3535261154174805,2.7266430854797363
pwl_family,-1.0,83,201,False,0.5347636342048645,0.25944361090660095
pwl_family,-1.0,84,0,True,3.0080759525299072,2.973752498626709
pwl_family,-1.0,85,0,True,2.7177622318267822,3.2909486293792725
pwl_family,-1.0,86,204,False,0.3872823715209961,0.20207418501377106
pwl_family,-1.0,87,195,False,0.3513262867927551,0.10693591088056564
pwl_family,-1.0,88,0,True,3.2888760566711426,2.821232795715332
pwl_family,-1.0,89,0,True,2.2555463314056396,4.057836055755615
pwl_family,-1.0,90,0,True,2.8759801387786865,3.4248239994049072
pwl_family,-1.0,91,199,False,0.6201747059822083,0.16409432888031006
pwl_family,-1.0,92,0,True,3.5028772354125977,2.941293478012085
pwl_family,-1.0,93,0,True,3.1481072902679443,3.272611618041992
pwl_family,-1.0,94,178,False,0.3710913062095642,0.2894323468208313
pwl_family,-1.0,95,0,True,2.352684497833252,3.5145013332366943
pwl_family,-1.0,96,0,True,2.9090306758880615,3.1554667949676514
pwl_family,-1.0,97,206,False,0.5375066995620728,0.05498688668012619
pwl_family,-1.0,98,205,False,0.3836103081703186,0.27653342485427856
pwl_family,-1.0,99,0,True,2.0532264709472656,3.535313606262207
pwl_family,-1.0,100,224,False,0.17999978363513947,0.4283778667449951
pwl_family,-1.0,101,199,False,0.4574311375617981,0.04379427060484886
pwl_family,-1.0,102,193,False,0.1609606146812439,0.26060011982917786
pwl_family,-1.0,103,0,True,3.062436103820801,3.046861410140991
pwl_family,-1.0,104,0,True,2.5122854709625244,3.687521457672119
pwl_family,-1.0,105,208,False,0.31586578488349915,0.34833183884620667
pwl_family,-1.0,106,199,False,0.5077590346336365,0.09023634344339371
pwl_family,-1.0,107,198,False,0.32945874333381653,0.1591382920742035
pwl_family,-1.0,108,0,True,3.2582650184631348,2.6389598846435547
pwl_family,-1.0,109,0,True,3.532820463180542,2.688403367996216
pwl_family,-1.0,110,188,False,0.2523607909679413,0.3813857138156891
pwl_family,-1.0,111,202,False,0.059922270476818085,0.2378017008304596
pwl_family,-1.0,112,0,True,3.381866931915283,2.6079139709472656
pwl_family,-1.0,113,0,True,2.879664897918701,2.7249748706817627
pwl_family,-1.0,114,0,True,2.598813056945801,3.470430850982666
pwl_family,-1.0,115,0,True,3.3765969276428223,2.900432825088501
pwl_family,-1.0,116,0,True,2.918355703353882,3.7691986560821533
pwl_family,-1.0,117,204,False,0.6736660599708557,0.013533231802284718
pwl_family,-1.0,118,184,False,0.6073978543281555,0.4127945303916931
pwl_family,-1.0,119,200,False,0.25035420060157776,0.12750807404518127
pwl_family,-1.0,120,191,False,0.4163014590740204,0.12524084746837616
pwl_family,-1.0,121,0,True,4.019721984863281,2.1258108615875244
pwl_family,-1.0,122,0,True,3.245347261428833,2.9391157627105713
pwl_family,-1.0,123,204,False,0.39769163727760315,0.21840998530387878
pwl_family,-1.0,124,0,True,3.0200116634368896,2.9160773754119873
pwl_family,-1.0,125,0,True,3.105710506439209,3.0438525676727295
pwl_family,-1.0,126,0,True,3.407099723815918,2.523350954055786
pwl_family,-1.0,127,0,True,2.5904970169067383,3.2942559719085693
pwl_family,-1.0,128,0,True,2.3643951416015625,3.5804686546325684
pwl_family,-1.0,129,0,True,2.4865996837615967,3.3773303031921387
pwl_family,-1.0,130,0,True,3.2287752628326416,3.177090644836426
pwl_family,-1.0,131,209,False,0.17545735836029053,0.2220827043056488
pwl_family,-1.0,132,0,True,2.6725261211395264,3.560781717300415
pwl_family,-1.0,133,186,False,0.48290443420410156,0.004906891379505396
pwl_family,-1.0,134,0,True,3.0404350757598877,3.1969449520111084
pwl_family,-1.0,135,0,True,2.7911298274993896,2.7588443756103516
pwl_family,-1.0,136,0,True,3.5638632774353027,2.3484907150268555
pwl_family,-1.0,137,0,True,3.0239460468292236,2.7526230812072754
pwl_family,-1.0,138,186,False,0.2100723832845688,0.1877722442150116
pwl_family,-1.0,139,0,True,2.229475259780884,3.4855146408081055
pwl_family,-1.0,140,0,True,2.4839141368865967,3.1645517349243164
pwl_family,-1.0,141,0,True,3.0639069080352783,2.7573304176330566
pwl_family,-1.0,142,0,True,2.8833096027374268,3.314105987548828
pwl_family,-1.0,143,200,False,0.43394848704338074,0.12067383527755737
pwl_family,-1.0,144,200,False,0.38087546825408936,0.260798841714859
pwl_family,-1.0,145,174,False,0.3314706087112427,0.566882312297821
pwl_family,-1.0,146,0,True,2.845290422439575,3.2325003147125244
pwl_family,-1.0,147,181,False,0.5033460855484009,0.38399210572242737
pwl_family,-1.0,148,192,False,0.5780713558197021,0.03015059418976307
pwl_family,-1.0,149,0,True,3.7292227745056152,2.599778413772583
pwl_family,-1.0,150,197,False,0.7692572474479675,0.048210643231868744
pwl_family,-1.0,151,0,True,2.772643804550171,3.6534764766693115
pwl_family,-1.0,152,0,True,2.7317404747009277,3.6816201210021973
pwl_family,-1.0,153,0,True,2.3801541328430176,3.543128252029419
pwl_family,-1.0,154,0,True,2.1244213581085205,4.165910720825195
pwl_family,-1.0,155,0,True,2.9054129123687744,3.0854263305664062
pwl_family,-1.0,156,200,False,0.37695905566215515,0.14801892638206482
pwl_family,-1.0,157,0,True,3.042511463165283,3.1782195568084717
pwl_family,-1.0,158,0,True,3.3631997108459473,2.932593584060669
pwl_family,-1.0,159,192,False,0.16372747719287872,0.5167952179908752
pwl_family,-1.0,160,0,True,2.110971450805664,3.983731269836426
pwl_family,-1.0,161,0,True,2.424159288406372,3.3906238079071045
pwl_family,-1.0,162,197,False,0.30243411660194397,0.006382904481142759
pwl_family,-1.0,163,183,False,0.2556001543998718,0.36776626110076904
pwl_family,-1.0,164,200,False,0.13641105592250824,0.1593201756477356
pwl_family,-1.0,165,196,False,0.6013217568397522,0.170395627617836
pwl_family,-1.0,166,0,True,2.9388160705566406,3.1112945079803467
pwl_family,-1.0,167,200,False,0.2541508972644806,0.628547728061676
pwl_family,-1.0,168,0,True,2.5608575344085693,3.5633432865142822
pwl_family,-1.0,169,195,False,0.3686365485191345,0.15457214415073395
pwl_family,-1.0,170,200,False,0.3871391713619232,0.19858744740486145
pwl_family,-1.0,171,0,True,2.5029430389404297,3.4635372161865234
pwl_family,-1.0,172,0,True,2.4972572326660156,3.0174083709716797
pwl_family,-1.0,173,0,True,2.5649831295013428,3.880293369293213
pwl_family,-1.0,174,0,True,2.439438819885254,3.540281295776367
pwl_family,-1.0,175,204,False,0.18567737936973572,0.06945254653692245
pwl_family,-1.0,176,198,False,0.4673905670642853,0.0025724032893776894
pwl_family,-1.0,177,170,False,0.34039825201034546,0.14452190697193146
pwl_family,-1.0,178,0,True,3.396121025085449,2.766483783721924
pwl_family,-1.0,179,215,False,0.2086353302001953,0.08027151226997375
pwl_family,-1.0,180,0,True,2.4335975646972656,3.9120657444000244
pwl_family,-1.0,181,188,False,0.07505632936954498,0.2864150404930115
pwl_family,-1.0,182,190,False,0.8813722729682922,0.14431612193584442
pwl_family,-1.0,183,0,True,2.4299705028533936,3.845764636993408
pwl_family,-1.0,184,201,False,0.5564080476760864,0.17018793523311615
pwl_family,-1.0,185,202,False,0.9608465433120728,0.0027658622711896896
pwl_family,-1.0,186,0,True,3.1905577182769775,2.848731517791748
pwl_family,-1.0,187,0,True,1.7556430101394653,4.474937915802002
pwl_family,-1.0,188,185,False,0.166896790266037,0.2783862054347992
pwl_family,-1.0,189,0,True,3.14078688621521,3.181912660598755
pwl_family,-1.0,190,0,True,2.656057119369507,3.5402109622955322
pwl_family,-1.0,191,189,False,0.19271348416805267,0.21340827643871307
pwl_family,-1.0,192,0,True,2.7640674114227295,3.5364837646484375
pwl_family,-1.0,193,0,True,3.0866246223449707,2.875119686126709
pwl_family,-1.0,194,0,True,3.6059176921844482,2.64182710647583
pwl_family,-1.0,195,197,False,0.2979695200920105,0.20992839336395264
pwl_family,-1.0,196,202,False,1.0440020561218262,0.012041155248880386
pwl_family,-1.0,197,0,True,3.527092218399048,2.7923946380615234
pwl_family,-1.0,198,0,True,2.1739046573638916,3.868269205093384
pwl_family,-1.0,199,209,False,0.4033181071281433,0.11543039977550507
tanh,,0,91,False,3.6185810565948486,4.853435039520264
tanh,,1,97,False,3.8075568675994873,5.596052169799805
tanh,,2,107,False,4.465714454650879,5.119548797607422
tanh,,3,207,False,0.28663334250450134,0.03232323378324509
tanh,,4,192,False,0.8157603740692139,0.0013760211877524853
tanh,,5,99,False,4.4774603843688965,4.932313442230225
tanh,,6,97,False,4.602433204650879,5.0981340408325195
tanh,,7,103,False,4.640473365783691,5.134043216705322
tanh,,8,197,False,0.7577865719795227,0.001329050282947719
tanh,,9,96,False,3.777209758758545,5.44779109954834
tanh,,10,115,False,4.572707653045654,4.804013252258301
tanh,,11,105,False,3.6234195232391357,5.66476583480835
tanh,,12,96,False,4.124593257904053,5.57374906539917
tanh,,13,95,False,3.468200445175171,5.663926601409912
tanh,,14,91,False,4.72865629196167,4.757139682769775
tanh,,15,101,False,3.972851037979126,4.930625915527344
tanh,,16,105,False,3.9846413135528564,4.9720540046691895
tanh,,17,211,False,1.0595128536224365,0.0018871567444875836
tanh,,18,105,False,4.072347640991211,5.132527828216553
tanh,,19,108,False,4.640580654144287,4.7048797607421875
tanh,,20,108,False,3.898946523666382,4.988437652587891
tanh,,21,192,False,1.6522120237350464,0.03146722912788391
tanh,,22,99,False,3.4180145263671875,5.601880073547363
tanh,,23,96,False,4.262558937072754,4.852588653564453
tanh,,24,102,False,4.460277557373047,4.741111755371094
tanh,,25,108,False,3.4670777320861816,4.42476749420166
tanh,,26,101,False,4.290689945220947,4.679903507232666
tanh,,27,96,False,3.6571905612945557,6.201385498046875
tanh,,28,102,False,3.8253934383392334,5.376089572906494
tanh,,29,105,False,2.8565990924835205,3.5687038898468018
tanh,,30,106,False,3.490370035171509,5.61706018447876
tanh,,31,91,False,4.6777472496032715,4.9209980964660645
tanh,,32,91,False,3.6320972442626953,5.743671894073486
tanh,,33,123,False,4.333254814147949,4.985077857971191
tanh,,34,96,False,4.024080753326416,5.484340190887451
tanh,,35,90,False,3.728468179702759,4.922002792358398
tanh,,36,104,False,5.074793338775635,4.648358345031738
tanh,,37,170,False,0.49171143770217896,0.013990184292197227
tanh,,38,111,False,4.92634391784668,4.556117534637451
tanh,,39,88,False,4.106633186340332,4.667831897735596
tanh,,40,107,False,5.145936489105225,5.175734519958496
tanh,,41,102,False,3.666656970977783,5.1479597091674805
tanh,,42,104,False,3.443146228790283,5.747141361236572
tanh,,43,103,False,3.958970785140991,4.796297550201416
tanh,,44,113,False,1.6168105602264404,1.1944606304168701
tanh,,45,107,False,3.4765734672546387,5.700036525726318
tanh,,46,93,False,2.7597122192382812,3.380401849746704
tanh,,47,92,False,3.426010847091675,6.321937084197998
tanh,,48,188,False,0.8287148475646973,0.009010598063468933
tanh,,49,115,False,3.4496917724609375,4.955624580383301
tanh,,50,108,False,3.461064100265503,4.434922218322754
tanh,,51,87,False,3.9243743419647217,5.689454078674316
tanh,,52,86,False,4.515200614929199,5.277524471282959
tanh,,53,96,False,4.01754903793335,5.3813982009887695
tanh,,54,99,False,4.090592861175537,4.754026412963867
tanh,,55,94,False,3.868204355239868,5.477581024169922
tanh,,56,93,False,3.6738362312316895,4.6694464683532715
tanh,,57,103,False,4.07771110534668,5.078056812286377
tanh,,58,102,False,3.8013579845428467,5.311423301696777
tanh,,59,189,False,0.2412874549627304,0.004482379648834467
tanh,,60,91,False,4.40971565246582,4.9113450050354
tanh,,61,111,False,3.800816535949707,5.750901699066162
tanh,,62,99,False,4.526565074920654,4.67248010635376
tanh,,63,106,False,4.164958477020264,5.1438307762146
tanh,,64,88,False,3.479900360107422,5.622041702270508
tanh,,65,103,False,3.5811238288879395,5.221601486206055
tanh,,66,195,False,0.27917125821113586,0.006181670352816582
tanh,,67,106,False,4.563320636749268,4.795559883117676
tanh,,68,107,False,3.3605141639709473,3.6676313877105713
tanh,,69,91,False,4.5107622146606445,4.869040489196777
tanh,,70,106,False,3.8805649280548096,4.44092321395874
tanh,,71,105,False,4.986077785491943,4.460019111633301
tanh,,72,112,False,4.584357738494873,5.090399742126465
tanh,,73,102,False,4.774670124053955,4.97841739654541
tanh,,74,106,False,4.433785915374756,5.110308647155762
tanh,,75,89,False,4.909607410430908,4.904147624969482
tanh,,76,112,False,4.261549949645996,4.983558177947998
tanh,,77,99,False,4.701705455780029,5.263308048248291
tanh,,78,103,False,3.6899187564849854,5.598083972930908
tanh,,79,107,False,3.5769612789154053,5.694420337677002
tanh,,80,191,False,0.6089218258857727,0.005729880649596453
tanh,,81,101,False,3.428328514099121,6.211908340454102
tanh,,82,91,False,3.778757333755493,4.613787651062012
tanh,,83,97,False,4.499553203582764,4.921725749969482
tanh,,84,110,False,4.449630260467529,5.028924465179443
tanh,,85,90,False,3.938911199569702,5.190366268157959
tanh,,86,106,False,4.324362754821777,4.516866683959961
tanh,,87,95,False,3.29614520072937,5.865799903869629
tanh,,88,99,False,4.652099609375,4.664749622344971
tanh,,89,102,False,3.8673102855682373,5.5231404304504395
tanh,,90,107,False,4.0497050285339355,5.13242244720459
tanh,,91,107,False,4.322904109954834,5.057871341705322
tanh,,92,204,False,0.6518025398254395,0.03031126968562603
tanh,,93,104,False,4.093350887298584,5.182029724121094
tanh,,94,94,False,3.4763522148132324,6.135205268859863
tanh,,95,95,False,4.557127475738525,4.872350215911865
tanh,,96,97,False,4.126206874847412,5.009164810180664
tanh,,97,104,False,3.5601630210876465,5.418399810791016
tanh,,98,110,False,4.152294635772705,4.811373710632324
tanh,,99,202,False,0.2406792938709259,0.012090407311916351
tanh,,100,96,False,4.310146808624268,5.046772003173828
tanh,,101,101,False,3.829362392425537,4.622529983520508
tanh,,102,91,False,4.061437606811523,4.774085521697998
tanh,,103,98,False,3.7898151874542236,5.592446804046631
tanh,,104,91,False,3.8398027420043945,5.699295997619629
tanh,,105,96,False,3.7480649948120117,6.1215739250183105
tanh,,106,101,False,3.7050862312316895,5.261086940765381
tanh,,107,89,False,3.6832034587860107,5.212986469268799
tanh,,108,97,False,4.763037204742432,4.851064205169678
tanh,,109,96,False,4.493882179260254,4.756106853485107
tanh,,110,96,False,3.79905366897583,5.729089260101318
tanh,,111,100,False,3.78702449798584,5.318602561950684
tanh,,112,107,False,3.9366960525512695,5.229151248931885
tanh,,113,105,False,4.210517883300781,4.3642578125
tanh,,114,105,False,3.8057847023010254,5.315374851226807
tanh,,115,105,False,3.4115872383117676,3.450786828994751
tanh,,116,114,False,4.43146276473999,5.009384632110596
tanh,,117,204,False,0.25322312116622925,0.00812834408134222
tanh,,118,111,False,5.013054370880127,4.6852922439575195
tanh,,119,104,False,3.4309780597686768,6.218459129333496
tanh,,120,98,False,3.793128728866577,5.121944427490234
tanh,,121,108,False,4.074341297149658,4.871525764465332
tanh,,122,110,False,4.369513511657715,5.256044864654541
tanh,,123,102,False,4.4061713218688965,4.71411657333374
tanh,,124,89,False,4.351774215698242,4.786863327026367
tanh,,125,97,False,3.531184673309326,5.615908145904541
tanh,,126,101,False,4.0095930099487305,5.01485013961792
tanh,,127,106,False,4.074963569641113,5.150630474090576
tanh,,128,104,False,3.1942667961120605,4.165969371795654
tanh,,129,107,False,3.9067862033843994,5.434163570404053
tanh,,130,99,False,4.047884464263916,5.347640514373779
tanh,,131,101,False,4.420039176940918,4.9881486892700195
tanh,,132,94,False,3.8041012287139893,5.877877712249756
tanh,,133,89,False,4.635745048522949,4.876155853271484
tanh,,134,98,False,4.328807830810547,5.7675251960754395
tanh,,135,94,False,3.499033212661743,4.691350936889648
tanh,,136,99,False,3.94012713432312,4.49824857711792
tanh,,137,114,False,4.00428581237793,4.892295837402344
tanh,,138,100,False,3.4411797523498535,6.253523826599121
tanh,,139,97,False,3.2968156337738037,4.740036964416504
tanh,,140,97,False,3.4047863483428955,5.077277183532715
tanh,,141,114,False,4.281710624694824,4.85948371887207
tanh,,142,92,False,3.9296135902404785,5.0685648918151855
tanh,,143,102,False,1.911777377128601,2.0427098274230957
tanh,,144,104,False,3.7310659885406494,4.444110870361328
tanh,,145,91,False,4.057825565338135,5.619345664978027
tanh,,146,110,False,4.211811542510986,5.5440897941589355
tanh,,147,95,False,4.018470287322998,4.106508731842041
tanh,,148,95,False,3.3627796173095703,4.556484699249268
tanh,,149,106,False,3.593005895614624,5.21530294418335
tanh,,150,108,False,4.916393280029297,4.748702049255371
tanh,,151,105,False,4.537593841552734,4.982529640197754
tanh,,152,103,False,3.9469528198242188,5.367359638214111
tanh,,153,105,False,3.7374935150146484,5.663716793060303
tanh,,154,87,False,3.622990608215332,5.699062347412109
tanh,,155,101,False,3.8150320053100586,5.344799995422363
tanh,,156,101,False,3.849743127822876,5.086174011230469
tanh,,157,205,False,0.5463197231292725,0.007079703733325005
tanh,,158,202,False,0.08313927799463272,0.0008824681863188744
tanh,,159,111,False,4.300836563110352,5.106440544128418
tanh,,160,199,False,0.1110706701874733,0.024659674614667892
tanh,,161,99,False,3.3160412311553955,4.5941667556762695
tanh,,162,99,False,3.547459840774536,6.049854755401611
tanh,,163,100,False,3.7162704467773438,4.7367939949035645
tanh,,164,92,False,4.27882719039917,5.167781829833984
tanh,,165,108,False,3.848932981491089,5.192512035369873
tanh,,166,105,False,4.1328654289245605,5.3383378982543945
tanh,,167,102,False,3.7293543815612793,5.633934497833252
tanh,,168,108,False,3.8265163898468018,5.208852767944336
tanh,,169,98,False,4.972602367401123,4.796047210693359
tanh,,170,108,False,3.5564444065093994,5.012348651885986
tanh,,171,104,False,3.6368720531463623,4.961869716644287
tanh,,172,94,False,3.9495158195495605,4.769818305969238
tanh,,173,108,False,4.026549816131592,5.504741191864014
tanh,,174,104,False,3.5720040798187256,5.522211074829102
tanh,,175,102,False,3.4452905654907227,4.791354179382324
tanh,,176,198,False,0.6596294641494751,0.0004131642635911703
tanh,,177,85,False,3.982314348220825,4.785215377807617
tanh,,178,102,False,4.478738307952881,4.869811058044434
tanh,,179,217,False,0.5054709911346436,0.005599853582680225
tanh,,180,110,False,3.839747667312622,5.812139987945557
tanh,,181,93,False,4.265659809112549,5.196927547454834
tanh,,182,100,False,3.554232120513916,4.615213394165039
tanh,,183,92,False,4.216439723968506,5.158296585083008
tanh,,184,102,False,4.773866653442383,4.764286041259766
tanh,,185,96,False,3.3899447917938232,4.887113571166992
tanh,,186,94,False,3.837507486343384,5.535905361175537
tanh,,187,104,False,3.2646780014038086,5.499245643615723
tanh,,188,90,False,4.664808750152588,4.785288333892822
tanh,,189,85,False,4.143609046936035,5.283592224121094
tanh,,190,110,False,4.102072238922119,5.5962724685668945
tanh,,191,93,False,4.379900932312012,5.093820095062256
tanh,,192,102,False,3.65929913520813,5.762458801269531
tanh,,193,107,False,3.8956453800201416,5.293468952178955
tanh,,194,88,False,4.591373920440674,4.740401268005371
tanh,,195,100,False,4.578017711639404,5.185378551483154
tanh,,196,202,False,0.6483252644538879,0.014369740150868893
tanh,,197,104,False,3.440908432006836,5.30556583404541
tanh,,198,92,False,3.776644706726074,5.321269512176514
tanh,,199,105,False,3.7413105964660645,5.6675825119018555
relu,,0,171,False,0.49518418312072754,0.11820175498723984
relu,,1,200,False,0.02221229486167431,0.2828226685523987
relu,,2,107,False,3.8226828575134277,3.4320507049560547
relu,,3,200,False,0.09153074771165848,0.589672327041626
relu,,4,200,False,0.6248719692230225,0.003132621990516782
relu,,5,99,False,4.515932083129883,3.272669553756714
relu,,6,97,False,4.975005149841309,2.8282790184020996
relu,,7,200,False,0.31842339038848877,0.06984508037567139
relu,,8,198,False,0.7774716019630432,0.004330439958721399
relu,,9,96,False,3.557520866394043,3.8454930782318115
relu,,10,200,False,0.2665645480155945,0.045817550271749496
relu,,11,105,False,4.0855231285095215,3.478839159011841
relu,,12,200,False,0.0945580005645752,0.06862509250640869
relu,,13,95,False,3.693274736404419,3.663530111312866
relu,,14,200,False,0.8605055809020996,0.13898980617523193
relu,,15,101,False,4.115375518798828,3.026475191116333
relu,,16,105,False,4.543240070343018,3.1004045009613037
relu,,17,106,False,4.541186809539795,3.0456645488739014
relu,,18,200,False,0.2078714370727539,0.008387327194213867
relu,,19,108,False,3.72871470451355,3.8110151290893555
relu,,20,200,False,0.6294268369674683,0.12296712398529053
relu,,21,200,False,0.7263766527175903,0.0003411445068195462
relu,,22,200,False,0.015111546963453293,0.0038239506538957357
relu,,23,200,False,0.15514659881591797,0.14348375797271729
relu,,24,200,False,0.5933775901794434,0.19309546053409576
relu,,25,200,False,0.7075986862182617,0.30102047324180603
relu,,26,101,False,4.693704128265381,3.0790579319000244
relu,,27,96,False,2.955151319503784,4.487753868103027
relu,,28,102,False,3.4525747299194336,3.9476938247680664
relu,,29,105,False,3.4682939052581787,3.4560751914978027
relu,,30,202,False,0.34193840622901917,0.0332963764667511
relu,,31,200,False,0.15849317610263824,0.17841988801956177
relu,,32,91,False,3.392835855484009,4.243252754211426
relu,,33,215,False,0.5502203106880188,0.1657389998435974
relu,,34,96,False,3.7213685512542725,3.5663437843322754
relu,,35,90,False,4.917201042175293,2.8025097846984863
relu,,36,200,False,0.973522424697876,0.004317641258239746
relu,,37,110,False,3.9669477939605713,3.5394392013549805
relu,,38,180,False,1.0393171310424805,0.23628506064414978
relu,,39,112,False,3.0732803344726562,4.086117267608643
relu,,40,188,False,0.46838781237602234,0.1431657075881958
relu,,41,102,False,4.125720500946045,3.094240427017212
relu,,42,193,False,0.422111839056015,0.14451302587985992
relu,,43,200,False,0.8420714139938354,0.09206342697143555
relu,,44,102,False,4.54278039932251,2.9351115226745605
relu,,45,93,False,2.9743688106536865,4.258068084716797
relu,,46,200,False,0.03485584259033203,0.3221660852432251
relu,,47,92,False,3.3139145374298096,4.402924060821533
relu,,48,200,False,0.5144861936569214,0.04498291015625
relu,,49,200,False,0.14010559022426605,0.44163456559181213
relu,,50,200,False,0.22144949436187744,0.23604393005371094
relu,,51,113,False,2.766212224960327,4.871557235717773
relu,,52,86,False,4.063138484954834,3.241408348083496
relu,,53,96,False,3.8827664852142334,3.6467225551605225
relu,,54,99,False,4.724969863891602,2.8069374561309814
relu,,55,106,False,3.882976531982422,3.595797061920166
relu,,56,107,False,3.6744163036346436,3.9552993774414062
relu,,57,186,False,0.74241703748703,0.034610871225595474
relu,,58,200,False,0.017428278923034668,0.06594431400299072
relu,,59,189,False,0.23381075263023376,0.048703230917453766
relu,,60,91,False,3.6289610862731934,3.9738895893096924
relu,,61,89,False,3.8023552894592285,3.702054262161255
relu,,62,188,False,0.5351610779762268,0.30787914991378784
relu,,63,106,False,3.19050669670105,4.2173027992248535
relu,,64,200,False,0.03613412380218506,0.2631048858165741
relu,,65,200,False,0.42049315571784973,0.2969663441181183
relu,,66,200,False,0.5458232164382935,0.004758358001708984
relu,,67,106,False,4.013049602508545,3.316715955734253
relu,,68,200,False,0.5831114649772644,0.06139810383319855
relu,,69,189,False,0.2768346667289734,0.10184264928102493
relu,,70,200,False,0.3177354335784912,0.12996506690979004
relu,,71,200,False,0.9388440847396851,0.014539122581481934
relu,,72,200,False,0.4415237307548523,0.13326628506183624
relu,,73,200,False,0.7739160060882568,0.05723834037780762
relu,,74,106,False,4.532789707183838,3.1219491958618164
relu,,75,89,False,4.592017650604248,3.02866792678833
relu,,76,112,False,4.012496471405029,3.4742443561553955
relu,,77,200,False,0.02405102178454399,0.22005440294742584
relu,,78,200,False,0.34693634510040283,0.3312143087387085
relu,,79,107,False,3.957779884338379,3.2897520065307617
relu,,80,200,False,0.9039413928985596,0.2208460569381714
relu,,81,99,False,2.7832858562469482,4.161474227905273
relu,,82,109,False,3.995943784713745,3.2912228107452393
relu,,83,201,False,0.5442262887954712,0.2549326717853546
relu,,84,110,False,3.725127696990967,3.6636240482330322
relu,,85,200,False,0.09111018478870392,0.2434171736240387
relu,,86,200,False,0.6965550184249878,0.3788144290447235
relu,,87,195,False,0.39249667525291443,0.09571900218725204
relu,,88,99,False,4.4638142585754395,3.117157220840454
relu,,89,102,False,2.9012808799743652,4.666236400604248
relu,,90,93,False,3.824852228164673,3.742342948913574
relu,,91,199,False,0.6055712699890137,0.16805148124694824
relu,,92,202,False,0.47002890706062317,0.17371542751789093
relu,,93,200,False,0.11551842093467712,0.2570020854473114
relu,,94,200,False,0.05744408443570137,0.519258975982666
relu,,95,200,False,0.6322654485702515,0.14738726615905762
relu,,96,97,False,4.775705337524414,3.194997549057007
relu,,97,200,False,0.002762409159913659,0.20487046241760254
relu,,98,200,False,0.5992217063903809,0.07916712760925293
relu,,99,107,False,3.0720181465148926,3.4754438400268555
relu,,100,224,False,0.17864909768104553,0.43161696195602417
relu,,101,199,False,0.49804550409317017,0.04022300988435745
relu,,102,193,False,0.2352539449930191,0.17827919125556946
relu,,103,98,False,3.8984227180480957,3.507443428039551
relu,,104,109,False,3.218297004699707,4.046647548675537
relu,,105,200,False,0.24477887153625488,0.12516021728515625
relu,,106,199,False,0.5464190244674683,0.08385197818279266
relu,,107,200,False,0.24900497496128082,0.017203038558363914
relu,,108,97,False,4.071426868438721,3.5012712478637695
relu,,109,96,False,4.306039810180664,3.2169582843780518
relu,,110,96,False,3.7339699268341064,3.757708787918091
relu,,111,202,False,0.0597049817442894,0.23866724967956543
relu,,112,107,False,3.9615023136138916,3.459416151046753
relu,,113,105,False,4.823219299316406,3.1746716499328613
relu,,114,105,False,3.26971173286438,3.954193353652954
relu,,115,105,False,4.2035417556762695,3.383230686187744
relu,,116,86,False,3.421396493911743,4.0294108390808105
relu,,117,200,False,0.25855445861816406,0.12249541282653809
relu,,118,200,False,0.38271021842956543,0.24914680421352386
relu,,119,200,False,0.30140045285224915,0.1059127226471901
relu,,120,200,False,0.17036689817905426,0.02306297980248928
relu,,121,108,False,5.0200982093811035,2.7875258922576904
relu,,122,110,False,4.356073379516602,3.2288734912872314
relu,,123,204,False,0.4098881185054779,0.2119111269712448
relu,,124,89,False,4.470381736755371,3.2506191730499268
relu,,125,97,False,3.818603038787842,3.361137866973877
relu,,126,101,False,4.433821678161621,3.2093629837036133
relu,,127,200,False,0.3004646599292755,0.5041212439537048
relu,,128,104,False,3.2721216678619385,3.9481403827667236
relu,,129,93,False,4.340946197509766,3.30423641204834
relu,,130,99,False,3.7377071380615234,3.6275761127471924
relu,,131,200,False,0.43189382553100586,0.12135469913482666
relu,,132,94,False,3.302854061126709,4.089664459228516
relu,,133,186,False,0.48290443420410156,0.004906891379505396
relu,,134,102,False,3.7700304985046387,3.5036840438842773
relu,,135,106,False,3.848386526107788,3.166013479232788
relu,,136,99,False,4.710235118865967,3.0146496295928955
relu,,137,114,False,4.040848731994629,3.4617815017700195
relu,,138,186,False,0.228713721036911,0.1724678874015808
relu,,139,97,False,3.2596540451049805,3.601412296295166
relu,,140,97,False,3.68503999710083,3.580185890197754
relu,,141,114,False,3.6385254859924316,3.4598679542541504
relu,,142,92,False,3.5221188068389893,3.835794448852539
relu,,143,200,False,0.7585262656211853,0.5050064921379089
relu,,144,200,False,0.4677412509918213,0.2994237244129181
relu,,145,174,False,0.3288830518722534,0.571342408657074
relu,,146,90,False,3.546400785446167,3.939061164855957
relu,,147,200,False,0.644305944442749,0.39724594354629517
relu,,148,200,False,0.8379043340682983,0.3922020196914673
relu,,149,106,False,4.662811756134033,2.9105169773101807
relu,,150,197,False,0.761994481086731,0.04867019131779671
relu,,151,95,False,3.072942018508911,4.143407344818115
relu,,152,103,False,3.3359925746917725,3.8932013511657715
relu,,153,105,False,3.2538273334503174,4.4292473793029785
relu,,154,87,False,2.893852710723877,4.55655574798584
relu,,155,99,False,3.4449245929718018,3.622339963912964
relu,,156,200,False,0.4749928414821625,0.11746914684772491
relu,,157,102,False,3.7732489109039307,3.712672710418701
relu,,158,201,False,0.1311536580324173,0.015759814530611038
relu,,159,192,False,0.1615067720413208,0.5239011645317078
relu,,160,101,False,3.1667447090148926,4.075782299041748
relu,,161,200,False,0.32810235023498535,0.17682752013206482
relu,,162,99,False,3.529507637023926,4.120596885681152
relu,,163,200,False,0.266093373298645,0.2505072355270386
relu,,164,200,False,0.13641105592250824,0.1593201756477356
relu,,165,200,False,0.34090757369995117,0.02611541748046875
relu,,166,105,False,3.8978188037872314,3.481083393096924
relu,,167,200,False,0.2617734968662262,0.6102466583251953
relu,,168,199,False,0.03379392623901367,0.36642953753471375
relu,,169,200,False,0.14702162146568298,0.03900985047221184
relu,,170,200,False,0.3871391713619232,0.19858744740486145
relu,,171,200,False,0.14806866645812988,0.2339557409286499
relu,,172,94,False,4.601222515106201,3.264054775238037
relu,,173,108,False,3.1519405841827393,4.4259514808654785
relu,,174,96,False,2.965940237045288,4.285661697387695
relu,,175,204,False,0.18567737936973572,0.06945254653692245
relu,,176,200,False,0.14627206325531006,0.00815582275390625
relu,,177,200,False,0.3838101029396057,0.08836687356233597
relu,,178,102,False,4.452260971069336,3.1074845790863037
relu,,179,200,False,0.24999725818634033,0.36701667308807373
relu,,180,110,False,3.351700782775879,4.068659782409668
relu,,181,188,False,0.11002081632614136,0.1953909546136856
relu,,182,200,False,0.8139039278030396,0.1975940465927124
relu,,183,108,False,3.1129748821258545,4.279913902282715
relu,,184,200,False,0.2956829071044922,0.049489736557006836
relu,,185,200,False,0.7042958736419678,0.156585693359375
relu,,186,94,False,4.239132881164551,3.1426174640655518
relu,,187,104,False,2.9627768993377686,4.371440887451172
relu,,188,185,False,0.15824168920516968,0.2936130166053772
relu,,189,85,False,4.148067951202393,3.2107489109039307
relu,,190,110,False,3.5600225925445557,3.6199467182159424
relu,,191,189,False,0.1822272390127182,0.22568874061107635
relu,,192,98,False,3.49833607673645,4.046361923217773
relu,,193,93,False,4.038844108581543,3.369649887084961
relu,,194,112,False,4.905847549438477,2.821939468383789
relu,,195,197,False,0.32360202074050903,0.19329987466335297
relu,,196,200,False,0.923398494720459,0.028750896453857422
relu,,197,104,False,4.256744384765625,3.031343460083008
relu,,198,92,False,3.001274347305298,4.618221759796143
relu,,199,200,False,0.19588851928710938,0.25334596633911133
leaky_relu,,0,171,False,0.4950888454914093,0.11822453141212463
leaky_relu,,1,97,False,2.6759848594665527,2.5469603538513184
leaky_relu,,2,107,False,2.7026021480560303,2.4110236167907715
leaky_relu,,3,93,False,2.5304243564605713,2.521778106689453
leaky_relu,,4,192,False,0.6303474307060242,0.014384378679096699
leaky_relu,,5,99,False,3.0146286487579346,2.1813671588897705
leaky_relu,,6,97,False,3.5208652019500732,1.911522388458252
leaky_relu,,7,97,False,3.1911275386810303,2.090303897857666
leaky_relu,,8,198,False,0.7774716019630432,0.004330439958721399
leaky_relu,,9,96,False,2.420966386795044,2.6334264278411865
leaky_relu,,10,197,False,3.9240896701812744,0.7060760259628296
leaky_relu,,11,105,False,2.825227975845337,2.362672805786133
leaky_relu,,12,104,False,2.6019132137298584,2.61068058013916
leaky_relu,,13,95,False,2.5855789184570312,2.6059319972991943
leaky_relu,,14,189,False,1.3203011751174927,0.16803032159805298
leaky_relu,,15,101,False,2.9192564487457275,2.1100914478302
leaky_relu,,16,105,False,3.1196653842926025,2.075138568878174
leaky_relu,,17,106,False,3.2885525226593018,2.1485915184020996
leaky_relu,,18,105,False,2.8037235736846924,2.4402124881744385
leaky_relu,,19,108,False,2.53700852394104,2.629159450531006
leaky_relu,,20,108,False,3.0743021965026855,2.2184898853302
leaky_relu,,21,198,False,0.7966317534446716,0.07996710389852524
leaky_relu,,22,202,False,0.016186418011784554,0.009001987054944038
leaky_relu,,23,202,False,3.1267380714416504,0.7135120034217834
leaky_relu,,24,190,False,0.9030405879020691,0.3455866277217865
leaky_relu,,25,108,False,3.5069057941436768,1.8539009094238281
leaky_relu,,26,101,False,3.1504030227661133,1.9833744764328003
leaky_relu,,27,96,False,2.125696897506714,3.350954055786133
leaky_relu,,28,102,False,2.3494951725006104,2.749262809753418
leaky_relu,,29,105,False,2.5053365230560303,2.6509902477264404
leaky_relu,,30,202,False,0.34252431988716125,0.03323943540453911
leaky_relu,,31,186,False,0.699371874332428,0.4384590685367584
leaky_relu,,32,91,False,2.311737537384033,2.975209951400757
leaky_relu,,33,215,False,0.5500244498252869,0.16579803824424744
leaky_relu,,34,96,False,2.558199882507324,2.5060837268829346
leaky_relu,,35,90,False,3.4846975803375244,1.965727686882019
leaky_relu,,36,190,False,14.799968719482422,0.9990578293800354
leaky_relu,,37,110,False,2.6794471740722656,2.4008171558380127
leaky_relu,,38,180,False,1.039413571357727,0.23626311123371124
leaky_relu,,39,112,False,2.130882501602173,2.9002013206481934
leaky_relu,,40,188,False,0.46838781237602234,0.1431657075881958
leaky_relu,,41,102,False,2.901201009750366,2.188361883163452
leaky_relu,,42,193,False,0.42236459255218506,0.14442655444145203
leaky_relu,,43,103,False,3.4009928703308105,2.0849757194519043
leaky_relu,,44,102,False,3.1647987365722656,2.011838436126709
leaky_relu,,45,93,False,1.9348598718643188,3.042186975479126
leaky_relu,,46,189,False,3.3819029331207275,1.6083742380142212
leaky_relu,,47,92,False,2.232057809829712,3.1133925914764404
leaky_relu,,48,190,False,2.2743747234344482,0.8686574101448059
leaky_relu,,49,195,False,0.5391466021537781,0.5661544799804688
leaky_relu,,50,199,False,5.5970635414123535,2.0127339363098145
leaky_relu,,51,113,False,1.9211571216583252,3.5617692470550537
leaky_relu,,52,86,False,2.808917760848999,2.2559995651245117
leaky_relu,,53,96,False,2.6853816509246826,2.556440591812134
leaky_relu,,54,99,False,3.3485121726989746,1.9414114952087402
leaky_relu,,55,106,False,2.5934369564056396,2.5453739166259766
leaky_relu,,56,107,False,2.539820909500122,2.720487356185913
leaky_relu,,57,186,False,0.7442367076873779,0.03452625870704651
leaky_relu,,58,187,False,6.328772068023682,1.2939523458480835
leaky_relu,,59,189,False,0.23381075263023376,0.048703230917453766
leaky_relu,,60,91,False,2.3972229957580566,2.686584949493408
leaky_relu,,61,89,False,2.5273516178131104,2.5081167221069336
leaky_relu,,62,188,False,0.5349603891372681,0.30799466371536255
leaky_relu,,63,106,False,2.255223035812378,3.060594320297241
leaky_relu,,64,112,False,2.5296096801757812,2.8165764808654785
leaky_relu,,65,212,False,0.41633883118629456,0.29012760519981384
leaky_relu,,66,194,False,2.0407819747924805,0.6270928382873535
leaky_relu,,67,106,False,2.7553045749664307,2.2378082275390625
leaky_relu,,68,202,False,0.567111611366272,0.0034013567492365837
leaky_relu,,69,189,False,0.27720579504966736,0.10170630365610123
leaky_relu,,70,205,False,4.363152027130127,0.8321743607521057
leaky_relu,,71,105,False,3.900505542755127,1.7558481693267822
leaky_relu,,72,115,False,0.323537141084671,0.0071111456491053104
leaky_relu,,73,102,False,3.7017104625701904,1.8916165828704834
leaky_relu,,74,106,False,3.1475510597229004,2.126877784729004
leaky_relu,,75,89,False,3.1384775638580322,2.0056686401367188
leaky_relu,,76,112,False,2.828970432281494,2.4371228218078613
leaky_relu,,77,191,False,2.288862943649292,0.9714171290397644
leaky_relu,,78,97,False,2.2985639572143555,2.5146279335021973
leaky_relu,,79,107,False,2.78255033493042,2.3040478229522705
leaky_relu,,80,191,False,2.378693103790283,0.4631178379058838
leaky_relu,,81,99,False,2.0877175331115723,3.1781885623931885
leaky_relu,,82,109,False,2.741910219192505,2.2323410511016846
leaky_relu,,83,201,False,0.5442749857902527,0.254909873008728
leaky_relu,,84,110,False,2.5542232990264893,2.52245831489563
leaky_relu,,85,193,False,0.2287379950284958,0.31029945611953735
leaky_relu,,86,205,False,1.0277957916259766,0.48284268379211426
leaky_relu,,87,195,False,0.3928159177303314,0.09564121812582016
leaky_relu,,88,99,False,3.177232503890991,2.19064998626709
leaky_relu,,89,102,False,1.9250737428665161,3.2786335945129395
leaky_relu,,90,93,False,2.567310094833374,2.580737829208374
leaky_relu,,91,199,False,0.605579137802124,0.16804930567741394
leaky_relu,,92,202,False,0.4696791470050812,0.17384478449821472
leaky_relu,,93,194,False,0.953769326210022,0.5321210622787476
leaky_relu,,94,94,False,2.8940019607543945,2.371242046356201
leaky_relu,,95,105,False,3.5549564361572266,1.7935062646865845
leaky_relu,,96,97,False,3.197877883911133,2.1125566959381104
leaky_relu,,97,104,False,2.6201047897338867,2.4883618354797363
leaky_relu,,98,205,False,6.1344380378723145,1.7288984060287476
leaky_relu,,99,107,False,2.2415006160736084,2.7241063117980957
leaky_relu,,100,224,False,0.17860496044158936,0.4317229390144348
leaky_relu,,101,199,False,0.4988120496273041,0.04016118869185448
leaky_relu,,102,193,False,0.23557153344154358,0.1780388504266739
leaky_relu,,103,98,False,2.7208175659179688,2.442894697189331
leaky_relu,,104,109,False,2.1769304275512695,2.8324127197265625
leaky_relu,,105,208,False,8.154221534729004,1.3493103981018066
leaky_relu,,106,199,False,0.5469326376914978,0.08377327024936676
leaky_relu,,107,198,False,0.2696249186992645,0.06275788694620132
leaky_relu,,108,97,False,2.743530035018921,2.3725225925445557
leaky_relu,,109,96,False,3.0520901679992676,2.2568349838256836
leaky_relu,,110,96,False,2.559917688369751,2.603034257888794
leaky_relu,,111,202,False,0.05967427045106888,0.23879005014896393
leaky_relu,,112,107,False,2.7414379119873047,2.417182445526123
leaky_relu,,113,105,False,3.188161849975586,2.0991528034210205
leaky_relu,,114,105,False,2.207064628601074,2.7450597286224365
leaky_relu,,115,105,False,2.925739288330078,2.3426270484924316
leaky_relu,,116,86,False,2.4431662559509277,2.9399750232696533
leaky_relu,,117,101,False,2.4712307453155518,2.6030406951904297
leaky_relu,,118,184,False,12.457602500915527,2.0124294757843018
leaky_relu,,119,200,False,0.3018161356449127,0.10576687753200531
leaky_relu,,120,191,False,0.33476194739341736,0.10595393180847168
leaky_relu,,121,108,False,3.539745569229126,1.8806276321411133
leaky_relu,,122,110,False,3.0250210762023926,2.295626163482666
leaky_relu,,123,204,False,0.4100440740585327,0.21183045208454132
leaky_relu,,124,89,False,3.093080520629883,2.2050135135650635
leaky_relu,,125,97,False,2.691042423248291,2.3649544715881348
leaky_relu,,126,101,False,3.00435471534729,2.2433955669403076
leaky_relu,,127,185,False,0.37985777854919434,0.5204170942306519
leaky_relu,,128,104,False,2.3275442123413086,2.860999822616577
leaky_relu,,129,93,False,2.849386215209961,2.1651384830474854
leaky_relu,,130,99,False,2.5423827171325684,2.478722333908081
leaky_relu,,131,101,False,3.061760663986206,2.073702573776245
leaky_relu,,132,94,False,2.321424961090088,2.959733009338379
leaky_relu,,133,186,False,0.48290443420410156,0.004906891379505396
leaky_relu,,134,102,False,2.5886473655700684,2.450470209121704
leaky_relu,,135,106,False,2.672531843185425,2.2649478912353516
leaky_relu,,136,99,False,3.2127292156219482,2.052424430847168
leaky_relu,,137,114,False,2.771632432937622,2.3733274936676025
leaky_relu,,138,186,False,0.22889754176139832,0.17232942581176758
leaky_relu,,139,97,False,2.3256847858428955,2.67191481590271
leaky_relu,,140,97,False,2.5511474609375,2.583604097366333
leaky_relu,,141,114,False,2.390403985977173,2.3165488243103027
leaky_relu,,142,92,False,2.4291510581970215,2.6786980628967285
leaky_relu,,143,200,False,0.40802276134490967,0.4486444294452667
leaky_relu,,144,201,False,0.7349644899368286,0.4556463956832886
leaky_relu,,145,174,False,0.3287910223007202,0.5715022683143616
leaky_relu,,146,90,False,2.3276021480560303,2.6304566860198975
leaky_relu,,147,217,False,0.22803246974945068,0.21108150482177734
leaky_relu,,148,95,False,3.2654271125793457,1.920234203338623
leaky_relu,,149,106,False,3.268890380859375,1.9991180896759033
leaky_relu,,150,197,False,0.7617306709289551,0.04868704453110695
leaky_relu,,151,95,False,2.2225394248962402,3.056386947631836
leaky_relu,,152,103,False,2.306830883026123,2.7627954483032227
leaky_relu,,153,105,False,2.0885910987854004,2.9869320392608643
leaky_relu,,154,87,False,2.0160295963287354,3.297410249710083
leaky_relu,,155,99,False,2.2910852432250977,2.5815916061401367
leaky_relu,,156,200,False,0.4759237766265869,0.11723937094211578
leaky_relu,,157,102,False,2.617190361022949,2.579174757003784
leaky_relu,,158,201,False,0.13130509853363037,0.015741633251309395
leaky_relu,,159,192,False,0.16145887970924377,0.524056613445282
leaky_relu,,160,101,False,2.214327335357666,2.998957395553589
leaky_relu,,161,200,False,0.32809075713157654,0.17683376371860504
leaky_relu,,162,99,False,2.3567168712615967,2.844679594039917
leaky_relu,,163,183,False,4.666687488555908,2.014289379119873
leaky_relu,,164,200,False,0.13641105592250824,0.1593201756477356
leaky_relu,,165,108,False,2.8935914039611816,2.3413538932800293
leaky_relu,,166,105,False,2.7853574752807617,2.549696207046509
leaky_relu,,167,200,False,0.26288431882858276,0.6076679825782776
leaky_relu,,168,199,False,0.03399531915783882,0.36426156759262085
leaky_relu,,169,195,False,0.26383650302886963,0.11954854428768158
leaky_relu,,170,200,False,0.3871391713619232,0.19858744740486145
leaky_relu,,171,169,False,5.799718379974365,2.3024027347564697
leaky_relu,,172,94,False,3.1090047359466553,2.1755032539367676
leaky_relu,,173,108,False,2.1906702518463135,3.1837973594665527
leaky_relu,,174,96,False,2.038766622543335,3.041271209716797
leaky_relu,,175,204,False,0.18567737936973572,0.06945254653692245
leaky_relu,,176,198,False,1.4407122135162354,0.08345387130975723
leaky_relu,,177,170,False,0.44302093982696533,0.17679257690906525
leaky_relu,,178,102,False,3.1467530727386475,2.1821978092193604
leaky_relu,,179,215,False,1.51996648311615,1.1016290187835693
leaky_relu,,180,110,False,2.269758939743042,2.8340630531311035
leaky_relu,,181,188,False,0.11050093919038773,0.19454407691955566
leaky_relu,,182,190,False,9.582303047180176,1.3273372650146484
leaky_relu,,183,108,False,2.0468945503234863,2.936190128326416
leaky_relu,,184,201,False,8.955887794494629,1.0573348999023438
leaky_relu,,185,104,False,3.030243396759033,2.0971109867095947
leaky_relu,,186,94,False,2.9173786640167236,2.177316665649414
leaky_relu,,187,104,False,2.1169557571411133,3.327371597290039
leaky_relu,,188,185,False,0.15796472132205963,0.29412761330604553
leaky_relu,,189,85,False,2.963827133178711,2.299079179763794
leaky_relu,,190,110,False,2.376652479171753,2.4776194095611572
leaky_relu,,191,189,False,0.18205268681049347,0.2259051650762558
leaky_relu,,192,98,False,2.3890323638916016,2.8102638721466064
leaky_relu,,193,93,False,2.7029740810394287,2.3541643619537354
leaky_relu,,194,112,False,3.3539116382598877,1.8413200378417969
leaky_relu,,195,197,False,0.3233109712600708,0.1934739351272583
leaky_relu,,196,104,False,3.538020610809326,1.8828020095825195
leaky_relu,,197,104,False,3.077549934387207,2.179196834564209
leaky_relu,,198,92,False,1.992958664894104,3.2613227367401123
leaky_relu,,199,105,False,2.724855899810791,2.4444239139556885
gelu,,0,166,False,0.7023899555206299,0.024357058107852936
gelu,,1,0,True,12.861499786376953,1.0513073205947876
gelu,,2,0,True,13.909252166748047,1.0123169422149658
gelu,,3,17,False,11.758934020996094,1.0595827102661133
gelu,,4,192,False,0.9067737460136414,0.0004613405908457935
gelu,,5,0,True,14.436905860900879,1.013309121131897
gelu,,6,0,True,15.810791015625,1.002626895904541
gelu,,7,0,True,14.65834903717041,1.0034902095794678
gelu,,8,0,True,16.453811645507812,0.9715208411216736
gelu,,9,0,True,13.139065742492676,1.0381580591201782
gelu,,10,198,False,0.541334867477417,0.19839195907115936
gelu,,11,0,True,14.750611305236816,1.0239484310150146
gelu,,12,0,True,14.08057689666748,0.9830305576324463
gelu,,13,6,False,12.188740730285645,1.039620280265808
gelu,,14,0,True,15.7051420211792,0.9693527221679688
gelu,,15,0,True,14.282773971557617,1.0052804946899414
gelu,,16,0,True,15.630388259887695,0.9928146004676819
gelu,,17,0,True,16.371448516845703,0.9985731840133667
gelu,,18,198,False,0.7370401620864868,0.022647235542535782
gelu,,19,0,True,13.506046295166016,1.0247374773025513
gelu,,20,0,True,14.243253707885742,1.0106321573257446
gelu,,21,188,False,1.5597819089889526,0.014701099134981632
gelu,,22,202,False,0.06045173481106758,0.009528659284114838
gelu,,23,188,False,0.5544320344924927,0.007112135645002127
gelu,,24,190,False,0.756476104259491,0.11934654414653778
gelu,,25,108,False,13.931697845458984,1.6941958665847778
gelu,,26,0,True,15.957406044006348,0.9837566614151001
gelu,,27,96,False,8.506651878356934,1.1374866962432861
gelu,,28,0,True,13.784507751464844,1.0020439624786377
gelu,,29,9,False,11.698347091674805,1.0545066595077515
gelu,,30,201,False,0.29579243063926697,0.02598656713962555
gelu,,31,0,True,14.944162368774414,0.9853233098983765
gelu,,32,8,False,11.969868659973145,1.0271610021591187
gelu,,33,208,False,0.16071808338165283,0.778976321220398
gelu,,34,0,True,12.589272499084473,1.0329495668411255
gelu,,35,0,True,14.478035926818848,1.024897575378418
gelu,,36,188,False,0.2146456390619278,0.830132007598877
gelu,,37,0,True,14.519389152526855,1.010367751121521
gelu,,38,175,False,0.3203742206096649,0.850451648235321
gelu,,39,11,False,10.23961067199707,1.067266583442688
gelu,,40,187,False,0.11944753676652908,0.8529040813446045
gelu,,41,2,False,13.435543060302734,1.0134844779968262
gelu,,42,187,False,0.11831890791654587,0.8088172078132629
gelu,,43,0,True,14.647372245788574,1.010636806488037
gelu,,44,0,True,16.491098403930664,0.987398624420166
gelu,,45,0,True,11.712101936340332,1.0346360206604004
gelu,,46,93,False,12.127326965332031,1.6710847616195679
gelu,,47,33,False,11.20508861541748,1.0605577230453491
gelu,,48,139,False,0.947018027305603,0.002912690630182624
gelu,,49,0,True,12.28420639038086,1.0251622200012207
gelu,,50,197,False,1.4691200256347656,0.048599012196063995
gelu,,51,113,False,8.326970100402832,1.1122914552688599
gelu,,52,0,True,14.62187385559082,0.983376145362854
gelu,,53,5,False,13.546844482421875,1.010340690612793
gelu,,54,0,True,15.443352699279785,0.9820613861083984
gelu,,55,0,True,13.858463287353516,1.0271925926208496
gelu,,56,0,True,12.567865371704102,1.0697746276855469
gelu,,57,186,False,0.8849310278892517,0.010498200543224812
gelu,,58,102,False,12.546491622924805,1.708967685699463
gelu,,59,2,False,12.256339073181152,1.0480536222457886
gelu,,60,0,True,13.586870193481445,1.0069516897201538
gelu,,61,0,True,13.920150756835938,0.9974894523620605
gelu,,62,185,False,0.23275354504585266,0.8341015577316284
gelu,,63,25,False,11.238898277282715,1.036057472229004
gelu,,64,112,False,8.082414627075195,1.1306734085083008
gelu,,65,188,False,0.2637677788734436,0.00039530303911305964
gelu,,66,108,False,15.549209594726562,1.8053582906723022
gelu,,67,0,True,14.532463073730469,0.9879544377326965
gelu,,68,199,False,0.8837952613830566,0.007004265673458576
gelu,,69,185,False,0.12289692461490631,0.4742887616157532
gelu,,70,194,False,0.9852905869483948,0.011441263370215893
gelu,,71,0,True,15.439948081970215,0.9929357171058655
gelu,,72,210,False,0.5495430827140808,0.02106644958257675
gelu,,73,0,True,15.60140323638916,1.0071049928665161
gelu,,74,0,True,15.618864059448242,1.0007150173187256
gelu,,75,0,True,15.189898490905762,0.9912497401237488
gelu,,76,5,False,13.720125198364258,1.0030616521835327
gelu,,77,0,True,14.280193328857422,0.9961521029472351
gelu,,78,0,True,14.468887329101562,1.002902865409851
gelu,,79,0,True,13.461457252502441,1.0048513412475586
gelu,,80,190,False,0.7256779670715332,0.0044419108889997005
gelu,,81,99,False,7.357292175292969,1.126392126083374
gelu,,82,0,True,16.003841400146484,0.9937360286712646
gelu,,83,194,False,0.21184489130973816,0.8023533821105957
gelu,,84,0,True,13.695981979370117,1.0290687084197998
gelu,,85,0,True,13.50422477722168,1.0264707803726196
gelu,,86,106,False,7.704549312591553,1.6072717905044556
gelu,,87,193,False,0.09365270286798477,0.7795694470405579
gelu,,88,1,False,14.13989543914795,1.0117559432983398
gelu,,89,13,False,10.509273529052734,1.0604336261749268
gelu,,90,2,False,12.904091835021973,1.0337244272232056
gelu,,91,194,False,0.1575833261013031,0.852549135684967
gelu,,92,0,True,15.17111873626709,1.0097719430923462
gelu,,93,0,True,14.124584197998047,0.9888349771499634
gelu,,94,20,False,12.250860214233398,1.03591787815094
gelu,,95,0,True,14.924471855163574,1.0070407390594482
gelu,,96,0,True,15.351603507995605,1.0281457901000977
gelu,,97,2,False,13.208002090454102,1.0189671516418457
gelu,,98,110,False,16.14087677001953,1.6905174255371094
gelu,,99,22,False,9.928069114685059,1.0722559690475464
gelu,,100,30,False,10.651824951171875,1.0399428606033325
gelu,,101,197,False,0.5462340116500854,0.013631264679133892
gelu,,102,189,False,0.2798551023006439,0.1062035784125328
gelu,,103,0,True,13.647188186645508,1.0218257904052734
gelu,,104,0,True,12.263484001159668,1.0349751710891724
gelu,,105,0,True,14.539501190185547,1.000354290008545
gelu,,106,193,False,0.13890701532363892,0.5620948076248169
gelu,,107,190,False,0.624453067779541,0.029709672555327415
gelu,,108,0,True,13.469237327575684,1.0234941244125366
gelu,,109,8,False,14.270015716552734,1.0137794017791748
gelu,,110,5,False,12.40571403503418,1.0584664344787598
gelu,,111,193,False,0.05290598422288895,0.010955155827105045
gelu,,112,0,True,13.595183372497559,1.014462947845459
gelu,,113,0,True,14.95195484161377,1.0127465724945068
gelu,,114,4,False,12.260692596435547,0.995002269744873
gelu,,115,0,True,14.54327392578125,1.0112892389297485
gelu,,116,25,False,10.42139720916748,1.084850788116455
gelu,,117,0,False,13.036917686462402,1.008314609527588
gelu,,118,111,False,17.959564208984375,1.7270394563674927
gelu,,119,191,False,0.08294261246919632,0.8144139647483826
gelu,,120,185,False,1.3901046514511108,0.01834559068083763
gelu,,121,0,True,15.689040184020996,0.9909946322441101
gelu,,122,0,True,15.254201889038086,1.0316824913024902
gelu,,123,202,False,0.14451263844966888,0.8292593359947205
gelu,,124,0,True,14.84417724609375,1.0058215856552124
gelu,,125,0,True,13.585455894470215,1.0179060697555542
gelu,,126,0,True,15.409119606018066,0.9968951344490051
gelu,,127,0,True,14.565664291381836,1.0045758485794067
gelu,,128,21,False,11.475929260253906,1.041601300239563
gelu,,129,0,True,14.755616188049316,0.9886341691017151
gelu,,130,0,True,13.843372344970703,1.0387887954711914
gelu,,131,0,True,14.81528091430664,0.9949814677238464
gelu,,132,15,False,10.890528678894043,1.0960785150527954
gelu,,133,186,False,0.47829610109329224,0.0018157752929255366
gelu,,134,0,True,14.074514389038086,0.9982065558433533
gelu,,135,0,True,14.057353973388672,1.0013288259506226
gelu,,136,0,True,15.690011978149414,1.0045279264450073
gelu,,137,0,True,13.764918327331543,1.0217593908309937
gelu,,138,182,False,0.0890895426273346,0.8546080589294434
gelu,,139,0,True,12.407800674438477,1.0175774097442627
gelu,,140,7,False,13.110528945922852,1.0236679315567017
gelu,,141,0,True,13.437058448791504,0.988332986831665
gelu,,142,0,True,12.838776588439941,1.028235673904419
gelu,,143,102,False,15.835163116455078,1.7245677709579468
gelu,,144,195,False,0.16685934364795685,0.7874254584312439
gelu,,145,172,False,0.2552647590637207,0.8450456261634827
gelu,,146,0,True,14.396714210510254,0.9941517114639282
gelu,,147,95,False,13.250447273254395,1.7129713296890259
gelu,,148,0,True,14.20080852508545,1.0038707256317139
gelu,,149,0,True,14.823957443237305,0.9992673397064209
gelu,,150,194,False,0.09510987251996994,0.7674384117126465
gelu,,151,50,False,9.92673110961914,1.1021147966384888
gelu,,152,5,False,11.742837905883789,1.0463835000991821
gelu,,153,0,True,12.72497272491455,1.0185786485671997
gelu,,154,28,False,9.709186553955078,1.0869076251983643
gelu,,155,0,True,13.11544418334961,1.0229134559631348
gelu,,156,196,False,0.7613692283630371,0.03064051643013954
gelu,,157,1,False,13.40710163116455,1.005910873413086
gelu,,158,0,True,15.050458908081055,0.9874665141105652
gelu,,159,20,False,10.495719909667969,1.0542961359024048
gelu,,160,3,False,11.876443862915039,1.0603643655776978
gelu,,161,0,True,10.84998607635498,1.0955506563186646
gelu,,162,9,False,12.202398300170898,1.028326392173767
gelu,,163,178,False,1.3882193565368652,0.04172917827963829
gelu,,164,0,True,13.979156494140625,1.0253986120224
gelu,,165,2,False,13.470067024230957,1.0201462507247925
gelu,,166,1,False,13.721517562866211,1.0341217517852783
gelu,,167,4,False,9.354986190795898,1.091652274131775
gelu,,168,0,True,13.051069259643555,1.0260509252548218
gelu,,169,189,False,0.10832330584526062,0.8522005677223206
gelu,,170,196,False,0.6962081789970398,0.060765668749809265
gelu,,171,170,False,0.3469461500644684,0.5137864947319031
gelu,,172,0,True,14.07455825805664,1.0166746377944946
gelu,,173,29,False,10.669586181640625,1.079560399055481
gelu,,174,0,True,12.227532386779785,1.035596489906311
gelu,,175,204,False,0.2539527714252472,0.0070841009728610516
gelu,,176,197,False,0.9718623161315918,0.0006697839125990868
gelu,,177,163,False,0.5765545964241028,0.013739057816565037
gelu,,178,0,True,13.889416694641113,1.0205659866333008
gelu,,179,196,False,0.8698436617851257,0.0019204624695703387
gelu,,180,0,True,12.217007637023926,1.0393109321594238
gelu,,181,186,False,0.07526896148920059,0.7817965745925903
gelu,,182,185,False,0.1908685714006424,0.8289185762405396
gelu,,183,0,True,12.199468612670898,1.0255718231201172
gelu,,184,195,False,0.15124070644378662,0.8434122800827026
gelu,,185,0,True,14.418543815612793,1.0071117877960205
gelu,,186,0,True,14.215559005737305,0.9978498220443726
gelu,,187,73,False,9.812838554382324,1.11186945438385
gelu,,188,0,True,10.902678489685059,1.0722486972808838
gelu,,189,0,True,13.322686195373535,1.041361689567566
gelu,,190,0,True,12.757842063903809,1.0229355096817017
gelu,,191,0,True,14.2722749710083,1.0185197591781616
gelu,,192,0,True,12.735065460205078,1.0456087589263916
gelu,,193,0,True,14.83973217010498,0.9990938305854797
gelu,,194,0,True,16.7406063079834,0.9767576456069946
gelu,,195,195,False,0.11894857883453369,0.8051409721374512
gelu,,196,0,True,15.619078636169434,0.9825633764266968
gelu,,197,4,False,13.311549186706543,1.0055761337280273
gelu,,198,5,False,11.234637260437012,1.054446816444397
gelu,,199,0,False,13.637733459472656,1.0136005878448486
