parametrization,axis_aligned,axis_alignment_b,major_radius_a,major_radius_b,tube_radius_a,tube_radius_b,aspect_a,aspect_b,offset,rotation_degrees,n_per_class,activation,monotonic,depth,width,seed,train_data_seed,eval_data_seed,passed,final_train_accuracy,final_eval_accuracy,perfect_eval,at_chance,max_steps,learning_rate,initialization_scheme,initialization_gain,duration_seconds
baseline,True,0.0,1.0,1.0,0.2,0.2,0.2,0.2,"(1.0, 0.0, 0.0)","(0.0, 0.0, 0.0)",1000,tanh,True,3,3,0,30000,40000,False,0.9575,0.956,False,False,2000,0.01,torch.nn.Linear.reset_parameters: kaiming_uniform_(a=sqrt(5)); bias_uniform_bound=1/sqrt(fan_in),0.5773502691896257,1.1610966669395566
baseline,True,0.0,1.0,1.0,0.2,0.2,0.2,0.2,"(1.0, 0.0, 0.0)","(0.0, 0.0, 0.0)",1000,tanh,True,3,3,1,30001,40001,False,0.9475,0.95,False,False,2000,0.01,torch.nn.Linear.reset_parameters: kaiming_uniform_(a=sqrt(5)); bias_uniform_bound=1/sqrt(fan_in),0.5773502691896257,0.642035000026226
baseline,True,0.0,1.0,1.0,0.2,0.2,0.2,0.2,"(1.0, 0.0, 0.0)","(0.0, 0.0, 0.0)",1000,tanh,True,3,3,2,30002,40002,False,0.9555,0.953,False,False,2000,0.01,torch.nn.Linear.reset_parameters: kaiming_uniform_(a=sqrt(5)); bias_uniform_bound=1/sqrt(fan_in),0.5773502691896257,0.6334834579611197
baseline,True,0.0,1.0,1.0,0.2,0.2,0.2,0.2,"(1.0, 0.0, 0.0)","(0.0, 0.0, 0.0)",1000,tanh,True,3,3,3,30003,40003,False,0.9655,0.9675,False,False,2000,0.01,torch.nn.Linear.reset_parameters: kaiming_uniform_(a=sqrt(5)); bias_uniform_bound=1/sqrt(fan_in),0.5773502691896257,0.6260514170862734
baseline,True,0.0,1.0,1.0,0.2,0.2,0.2,0.2,"(1.0, 0.0, 0.0)","(0.0, 0.0, 0.0)",1000,tanh,True,3,3,4,30004,40004,False,0.966,0.9675,False,False,2000,0.01,torch.nn.Linear.reset_parameters: kaiming_uniform_(a=sqrt(5)); bias_uniform_bound=1/sqrt(fan_in),0.5773502691896257,0.6429231660440564
baseline,True,0.0,1.0,1.0,0.2,0.2,0.2,0.2,"(1.0, 0.0, 0.0)","(0.0, 0.0, 0.0)",1000,tanh,True,3,3,5,30005,40005,False,0.9715,0.973,False,False,2000,0.01,torch.nn.Linear.reset_parameters: kaiming_uniform_(a=sqrt(5)); bias_uniform_bound=1/sqrt(fan_in),0.5773502691896257,0.6365781249478459
baseline,True,0.0,1.0,1.0,0.2,0.2,0.2,0.2,"(1.0, 0.0, 0.0)","(0.0, 0.0, 0.0)",1000,tanh,True,3,3,6,30006,40006,False,0.9605,0.9535,False,False,2000,0.01,torch.nn.Linear.reset_parameters: kaiming_uniform_(a=sqrt(5)); bias_uniform_bound=1/sqrt(fan_in),0.5773502691896257,0.6320355420466512
baseline,True,0.0,1.0,1.0,0.2,0.2,0.2,0.2,"(1.0, 0.0, 0.0)","(0.0, 0.0, 0.0)",1000,tanh,True,3,3,7,30007,40007,False,0.957,0.958,False,False,2000,0.01,torch.nn.Linear.reset_parameters: kaiming_uniform_(a=sqrt(5)); bias_uniform_bound=1/sqrt(fan_in),0.5773502691896257,0.6355992499738932
baseline,True,0.0,1.0,1.0,0.2,0.2,0.2,0.2,"(1.0, 0.0, 0.0)","(0.0, 0.0, 0.0)",1000,tanh,True,3,3,8,30008,40008,False,0.971,0.9635,False,False,2000,0.01,torch.nn.Linear.reset_parameters: kaiming_uniform_(a=sqrt(5)); bias_uniform_bound=1/sqrt(fan_in),0.5773502691896257,0.6297260409919545
baseline,True,0.0,1.0,1.0,0.2,0.2,0.2,0.2,"(1.0, 0.0, 0.0)","(0.0, 0.0, 0.0)",1000,tanh,True,3,3,9,30009,40009,False,0.962,0.961,False,False,2000,0.01,torch.nn.Linear.reset_parameters: kaiming_uniform_(a=sqrt(5)); bias_uniform_bound=1/sqrt(fan_in),0.5773502691896257,0.6325617500115186
baseline,True,0.0,1.0,1.0,0.2,0.2,0.2,0.2,"(1.0, 0.0, 0.0)","(0.0, 0.0, 0.0)",1000,tanh,True,3,4,0,30000,40000,True,1.0,1.0,True,False,2000,0.01,torch.nn.Linear.reset_parameters: kaiming_uniform_(a=sqrt(5)); bias_uniform_bound=1/sqrt(fan_in),0.5773502691896257,0.6316970000043511
baseline,True,0.0,1.0,1.0,0.2,0.2,0.2,0.2,"(1.0, 0.0, 0.0)","(0.0, 0.0, 0.0)",1000,tanh,True,3,4,1,30001,40001,True,1.0,1.0,True,False,2000,0.01,torch.nn.Linear.reset_parameters: kaiming_uniform_(a=sqrt(5)); bias_uniform_bound=1/sqrt(fan_in),0.5773502691896257,0.6261726249940693
baseline,True,0.0,1.0,1.0,0.2,0.2,0.2,0.2,"(1.0, 0.0, 0.0)","(0.0, 0.0, 0.0)",1000,tanh,True,3,4,2,30002,40002,False,0.956,0.953,False,False,2000,0.01,torch.nn.Linear.reset_parameters: kaiming_uniform_(a=sqrt(5)); bias_uniform_bound=1/sqrt(fan_in),0.5773502691896257,0.6313355419551954
baseline,True,0.0,1.0,1.0,0.2,0.2,0.2,0.2,"(1.0, 0.0, 0.0)","(0.0, 0.0, 0.0)",1000,tanh,True,3,4,3,30003,40003,False,0.969,0.971,False,False,2000,0.01,torch.nn.Linear.reset_parameters: kaiming_uniform_(a=sqrt(5)); bias_uniform_bound=1/sqrt(fan_in),0.5773502691896257,0.6295480419648811
baseline,True,0.0,1.0,1.0,0.2,0.2,0.2,0.2,"(1.0, 0.0, 0.0)","(0.0, 0.0, 0.0)",1000,tanh,True,3,4,4,30004,40004,True,1.0,1.0,True,False,2000,0.01,torch.nn.Linear.reset_parameters: kaiming_uniform_(a=sqrt(5)); bias_uniform_bound=1/sqrt(fan_in),0.5773502691896257,0.6294825000222772
baseline,True,0.0,1.0,1.0,0.2,0.2,0.2,0.2,"(1.0, 0.0, 0.0)","(0.0, 0.0, 0.0)",1000,tanh,True,3,4,5,30005,40005,False,0.961,0.955,False,False,2000,0.01,torch.nn.Linear.reset_parameters: kaiming_uniform_(a=sqrt(5)); bias_uniform_bound=1/sqrt(fan_in),0.5773502691896257,0.6352934580063447
baseline,True,0.0,1.0,1.0,0.2,0.2,0.2,0.2,"(1.0, 0.0, 0.0)","(0.0, 0.0, 0.0)",1000,tanh,True,3,4,6,30006,40006,True,1.0,1.0,True,False,2000,0.01,torch.nn.Linear.reset_parameters: kaiming_uniform_(a=sqrt(5)); bias_uniform_bound=1/sqrt(fan_in),0.5773502691896257,0.6313577920664102
baseline,True,0.0,1.0,1.0,0.2,0.2,0.2,0.2,"(1.0, 0.0, 0.0)","(0.0, 0.0, 0.0)",1000,tanh,True,3,4,7,30007,40007,False,0.957,0.955,False,False,2000,0.01,torch.nn.Linear.reset_parameters: kaiming_uniform_(a=sqrt(5)); bias_uniform_bound=1/sqrt(fan_in),0.5773502691896257,0.6351633339654654
baseline,True,0.0,1.0,1.0,0.2,0.2,0.2,0.2,"(1.0, 0.0, 0.0)","(0.0, 0.0, 0.0)",1000,tanh,True,3,4,8,30008,40008,True,1.0,1.0,True,False,2000,0.01,torch.nn.Linear.reset_parameters: kaiming_uniform_(a=sqrt(5)); bias_uniform_bound=1/sqrt(fan_in),0.5773502691896257,0.692377750063315
baseline,True,0.0,1.0,1.0,0.2,0.2,0.2,0.2,"(1.0, 0.0, 0.0)","(0.0, 0.0, 0.0)",1000,tanh,True,3,4,9,30009,40009,True,1.0,1.0,True,False,2000,0.01,torch.nn.Linear.reset_parameters: kaiming_uniform_(a=sqrt(5)); bias_uniform_bound=1/sqrt(fan_in),0.5773502691896257,0.6796358749270439
baseline,True,0.0,1.0,1.0,0.2,0.2,0.2,0.2,"(1.0, 0.0, 0.0)","(0.0, 0.0, 0.0)",1000,tanh,True,5,3,0,30000,40000,False,0.959,0.955,False,False,2000,0.01,torch.nn.Linear.reset_parameters: kaiming_uniform_(a=sqrt(5)); bias_uniform_bound=1/sqrt(fan_in),0.5773502691896257,0.918244665954262
baseline,True,0.0,1.0,1.0,0.2,0.2,0.2,0.2,"(1.0, 0.0, 0.0)","(0.0, 0.0, 0.0)",1000,tanh,True,5,3,1,30001,40001,False,0.9695,0.968,False,False,2000,0.01,torch.nn.Linear.reset_parameters: kaiming_uniform_(a=sqrt(5)); bias_uniform_bound=1/sqrt(fan_in),0.5773502691896257,0.9186677089892328
baseline,True,0.0,1.0,1.0,0.2,0.2,0.2,0.2,"(1.0, 0.0, 0.0)","(0.0, 0.0, 0.0)",1000,tanh,True,5,3,2,30002,40002,False,0.9465,0.9465,False,False,2000,0.01,torch.nn.Linear.reset_parameters: kaiming_uniform_(a=sqrt(5)); bias_uniform_bound=1/sqrt(fan_in),0.5773502691896257,0.9149458750616759
baseline,True,0.0,1.0,1.0,0.2,0.2,0.2,0.2,"(1.0, 0.0, 0.0)","(0.0, 0.0, 0.0)",1000,tanh,True,5,3,3,30003,40003,False,0.9695,0.973,False,False,2000,0.01,torch.nn.Linear.reset_parameters: kaiming_uniform_(a=sqrt(5)); bias_uniform_bound=1/sqrt(fan_in),0.5773502691896257,0.9106847500661388
baseline,True,0.0,1.0,1.0,0.2,0.2,0.2,0.2,"(1.0, 0.0, 0.0)","(0.0, 0.0, 0.0)",1000,tanh,True,5,3,4,30004,40004,False,0.963,0.9635,False,False,2000,0.01,torch.nn.Linear.reset_parameters: kaiming_uniform_(a=sqrt(5)); bias_uniform_bound=1/sqrt(fan_in),0.5773502691896257,0.9082553749904037
baseline,True,0.0,1.0,1.0,0.2,0.2,0.2,0.2,"(1.0, 0.0, 0.0)","(0.0, 0.0, 0.0)",1000,tanh,True,5,3,5,30005,40005,False,0.974,0.9665,False,False,2000,0.01,torch.nn.Linear.reset_parameters: kaiming_uniform_(a=sqrt(5)); bias_uniform_bound=1/sqrt(fan_in),0.5773502691896257,0.9181645829230547
baseline,True,0.0,1.0,1.0,0.2,0.2,0.2,0.2,"(1.0, 0.0, 0.0)","(0.0, 0.0, 0.0)",1000,tanh,True,5,3,6,30006,40006,False,0.968,0.9605,False,False,2000,0.01,torch.nn.Linear.reset_parameters: kaiming_uniform_(a=sqrt(5)); bias_uniform_bound=1/sqrt(fan_in),0.5773502691896257,0.9303407499101013
baseline,True,0.0,1.0,1.0,0.2,0.2,0.2,0.2,"(1.0, 0.0, 0.0)","(0.0, 0.0, 0.0)",1000,tanh,True,5,3,7,30007,40007,False,0.9565,0.958,False,False,2000,0.01,torch.nn.Linear.reset_parameters: kaiming_uniform_(a=sqrt(5)); bias_uniform_bound=1/sqrt(fan_in),0.5773502691896257,0.9083137090783566
baseline,True,0.0,1.0,1.0,0.2,0.2,0.2,0.2,"(1.0, 0.0, 0.0)","(0.0, 0.0, 0.0)",1000,tanh,True,5,3,8,30008,40008,False,0.958,0.955,False,False,2000,0.01,torch.nn.Linear.reset_parameters: kaiming_uniform_(a=sqrt(5)); bias_uniform_bound=1/sqrt(fan_in),0.5773502691896257,0.913074207957834
baseline,True,0.0,1.0,1.0,0.2,0.2,0.2,0.2,"(1.0, 0.0, 0.0)","(0.0, 0.0, 0.0)",1000,tanh,True,5,3,9,30009,40009,False,0.96,0.9615,False,False,2000,0.01,torch.nn.Linear.reset_parameters: kaiming_uniform_(a=sqrt(5)); bias_uniform_bound=1/sqrt(fan_in),0.5773502691896257,0.9132075839443132
baseline,True,0.0,1.0,1.0,0.2,0.2,0.2,0.2,"(1.0, 0.0, 0.0)","(0.0, 0.0, 0.0)",1000,tanh,True,5,4,0,30000,40000,True,1.0,1.0,True,False,2000,0.01,torch.nn.Linear.reset_parameters: kaiming_uniform_(a=sqrt(5)); bias_uniform_bound=1/sqrt(fan_in),0.5773502691896257,0.9073430000571534
baseline,True,0.0,1.0,1.0,0.2,0.2,0.2,0.2,"(1.0, 0.0, 0.0)","(0.0, 0.0, 0.0)",1000,tanh,True,5,4,1,30001,40001,False,0.954,0.957,False,False,2000,0.01,torch.nn.Linear.reset_parameters: kaiming_uniform_(a=sqrt(5)); bias_uniform_bound=1/sqrt(fan_in),0.5773502691896257,0.9059132499387488
baseline,True,0.0,1.0,1.0,0.2,0.2,0.2,0.2,"(1.0, 0.0, 0.0)","(0.0, 0.0, 0.0)",1000,tanh,True,5,4,2,30002,40002,False,0.9545,0.9535,False,False,2000,0.01,torch.nn.Linear.reset_parameters: kaiming_uniform_(a=sqrt(5)); bias_uniform_bound=1/sqrt(fan_in),0.5773502691896257,0.9077615831047297
baseline,True,0.0,1.0,1.0,0.2,0.2,0.2,0.2,"(1.0, 0.0, 0.0)","(0.0, 0.0, 0.0)",1000,tanh,True,5,4,3,30003,40003,True,1.0,1.0,True,False,2000,0.01,torch.nn.Linear.reset_parameters: kaiming_uniform_(a=sqrt(5)); bias_uniform_bound=1/sqrt(fan_in),0.5773502691896257,0.9057851249817759
baseline,True,0.0,1.0,1.0,0.2,0.2,0.2,0.2,"(1.0, 0.0, 0.0)","(0.0, 0.0, 0.0)",1000,tanh,True,5,4,4,30004,40004,True,1.0,1.0,True,False,2000,0.01,torch.nn.Linear.reset_parameters: kaiming_uniform_(a=sqrt(5)); bias_uniform_bound=1/sqrt(fan_in),0.5773502691896257,0.9074990829685703
baseline,True,0.0,1.0,1.0,0.2,0.2,0.2,0.2,"(1.0, 0.0, 0.0)","(0.0, 0.0, 0.0)",1000,tanh,True,5,4,5,30005,40005,False,0.975,0.9655,False,False,2000,0.01,torch.nn.Linear.reset_parameters: kaiming_uniform_(a=sqrt(5)); bias_uniform_bound=1/sqrt(fan_in),0.5773502691896257,0.8984757910948247
baseline,True,0.0,1.0,1.0,0.2,0.2,0.2,0.2,"(1.0, 0.0, 0.0)","(0.0, 0.0, 0.0)",1000,tanh,True,5,4,6,30006,40006,False,0.9585,0.953,False,False,2000,0.01,torch.nn.Linear.reset_parameters: kaiming_uniform_(a=sqrt(5)); bias_uniform_bound=1/sqrt(fan_in),0.5773502691896257,0.9048838330199942
baseline,True,0.0,1.0,1.0,0.2,0.2,0.2,0.2,"(1.0, 0.0, 0.0)","(0.0, 0.0, 0.0)",1000,tanh,True,5,4,7,30007,40007,False,0.9655,0.9685,False,False,2000,0.01,torch.nn.Linear.reset_parameters: kaiming_uniform_(a=sqrt(5)); bias_uniform_bound=1/sqrt(fan_in),0.5773502691896257,0.9275044170208275
baseline,True,0.0,1.0,1.0,0.2,0.2,0.2,0.2,"(1.0, 0.0, 0.0)","(0.0, 0.0, 0.0)",1000,tanh,True,5,4,8,30008,40008,True,1.0,1.0,True,False,2000,0.01,torch.nn.Linear.reset_parameters: kaiming_uniform_(a=sqrt(5)); bias_uniform_bound=1/sqrt(fan_in),0.5773502691896257,0.9026797920232639
baseline,True,0.0,1.0,1.0,0.2,0.2,0.2,0.2,"(1.0, 0.0, 0.0)","(0.0, 0.0, 0.0)",1000,tanh,True,5,4,9,30009,40009,True,1.0,1.0,True,False,2000,0.01,torch.nn.Linear.reset_parameters: kaiming_uniform_(a=sqrt(5)); bias_uniform_bound=1/sqrt(fan_in),0.5773502691896257,0.901825416018255
baseline,True,0.0,1.0,1.0,0.2,0.2,0.2,0.2,"(1.0, 0.0, 0.0)","(0.0, 0.0, 0.0)",1000,tanh,True,8,3,0,30000,40000,False,0.9595,0.954,False,False,2000,0.01,torch.nn.Linear.reset_parameters: kaiming_uniform_(a=sqrt(5)); bias_uniform_bound=1/sqrt(fan_in),0.5773502691896257,1.337255666963756
baseline,True,0.0,1.0,1.0,0.2,0.2,0.2,0.2,"(1.0, 0.0, 0.0)","(0.0, 0.0, 0.0)",1000,tanh,True,8,3,1,30001,40001,False,0.968,0.965,False,False,2000,0.01,torch.nn.Linear.reset_parameters: kaiming_uniform_(a=sqrt(5)); bias_uniform_bound=1/sqrt(fan_in),0.5773502691896257,1.3399931250605732
baseline,True,0.0,1.0,1.0,0.2,0.2,0.2,0.2,"(1.0, 0.0, 0.0)","(0.0, 0.0, 0.0)",1000,tanh,True,8,3,2,30002,40002,False,0.969,0.9665,False,False,2000,0.01,torch.nn.Linear.reset_parameters: kaiming_uniform_(a=sqrt(5)); bias_uniform_bound=1/sqrt(fan_in),0.5773502691896257,1.3439344159560278
baseline,True,0.0,1.0,1.0,0.2,0.2,0.2,0.2,"(1.0, 0.0, 0.0)","(0.0, 0.0, 0.0)",1000,tanh,True,8,3,3,30003,40003,False,0.9695,0.9715,False,False,2000,0.01,torch.nn.Linear.reset_parameters: kaiming_uniform_(a=sqrt(5)); bias_uniform_bound=1/sqrt(fan_in),0.5773502691896257,1.3414173329947516
baseline,True,0.0,1.0,1.0,0.2,0.2,0.2,0.2,"(1.0, 0.0, 0.0)","(0.0, 0.0, 0.0)",1000,tanh,True,8,3,4,30004,40004,False,0.97,0.9705,False,False,2000,0.01,torch.nn.Linear.reset_parameters: kaiming_uniform_(a=sqrt(5)); bias_uniform_bound=1/sqrt(fan_in),0.5773502691896257,1.3431857499526814
baseline,True,0.0,1.0,1.0,0.2,0.2,0.2,0.2,"(1.0, 0.0, 0.0)","(0.0, 0.0, 0.0)",1000,tanh,True,8,3,5,30005,40005,False,0.974,0.9655,False,False,2000,0.01,torch.nn.Linear.reset_parameters: kaiming_uniform_(a=sqrt(5)); bias_uniform_bound=1/sqrt(fan_in),0.5773502691896257,1.3476434999611229
baseline,True,0.0,1.0,1.0,0.2,0.2,0.2,0.2,"(1.0, 0.0, 0.0)","(0.0, 0.0, 0.0)",1000,tanh,True,8,3,6,30006,40006,False,0.9705,0.9575,False,False,2000,0.01,torch.nn.Linear.reset_parameters: kaiming_uniform_(a=sqrt(5)); bias_uniform_bound=1/sqrt(fan_in),0.5773502691896257,1.3429257080424577
baseline,True,0.0,1.0,1.0,0.2,0.2,0.2,0.2,"(1.0, 0.0, 0.0)","(0.0, 0.0, 0.0)",1000,tanh,True,8,3,7,30007,40007,False,0.956,0.958,False,False,2000,0.01,torch.nn.Linear.reset_parameters: kaiming_uniform_(a=sqrt(5)); bias_uniform_bound=1/sqrt(fan_in),0.5773502691896257,1.3800962909590453
baseline,True,0.0,1.0,1.0,0.2,0.2,0.2,0.2,"(1.0, 0.0, 0.0)","(0.0, 0.0, 0.0)",1000,tanh,True,8,3,8,30008,40008,False,0.95,0.948,False,False,2000,0.01,torch.nn.Linear.reset_parameters: kaiming_uniform_(a=sqrt(5)); bias_uniform_bound=1/sqrt(fan_in),0.5773502691896257,1.3547852500341833
baseline,True,0.0,1.0,1.0,0.2,0.2,0.2,0.2,"(1.0, 0.0, 0.0)","(0.0, 0.0, 0.0)",1000,tanh,True,8,3,9,30009,40009,False,0.9615,0.966,False,False,2000,0.01,torch.nn.Linear.reset_parameters: kaiming_uniform_(a=sqrt(5)); bias_uniform_bound=1/sqrt(fan_in),0.5773502691896257,1.3490346249891445
baseline,True,0.0,1.0,1.0,0.2,0.2,0.2,0.2,"(1.0, 0.0, 0.0)","(0.0, 0.0, 0.0)",1000,tanh,True,8,4,0,30000,40000,False,0.9705,0.963,False,False,2000,0.01,torch.nn.Linear.reset_parameters: kaiming_uniform_(a=sqrt(5)); bias_uniform_bound=1/sqrt(fan_in),0.5773502691896257,1.3335379170021042
baseline,True,0.0,1.0,1.0,0.2,0.2,0.2,0.2,"(1.0, 0.0, 0.0)","(0.0, 0.0, 0.0)",1000,tanh,True,8,4,1,30001,40001,False,0.967,0.965,False,False,2000,0.01,torch.nn.Linear.reset_parameters: kaiming_uniform_(a=sqrt(5)); bias_uniform_bound=1/sqrt(fan_in),0.5773502691896257,1.3332825839752331
baseline,True,0.0,1.0,1.0,0.2,0.2,0.2,0.2,"(1.0, 0.0, 0.0)","(0.0, 0.0, 0.0)",1000,tanh,True,8,4,2,30002,40002,False,0.965,0.9645,False,False,2000,0.01,torch.nn.Linear.reset_parameters: kaiming_uniform_(a=sqrt(5)); bias_uniform_bound=1/sqrt(fan_in),0.5773502691896257,1.343526832992211
baseline,True,0.0,1.0,1.0,0.2,0.2,0.2,0.2,"(1.0, 0.0, 0.0)","(0.0, 0.0, 0.0)",1000,tanh,True,8,4,3,30003,40003,False,0.969,0.9725,False,False,2000,0.01,torch.nn.Linear.reset_parameters: kaiming_uniform_(a=sqrt(5)); bias_uniform_bound=1/sqrt(fan_in),0.5773502691896257,1.332249709055759
baseline,True,0.0,1.0,1.0,0.2,0.2,0.2,0.2,"(1.0, 0.0, 0.0)","(0.0, 0.0, 0.0)",1000,tanh,True,8,4,4,30004,40004,False,0.9995,0.992,False,False,2000,0.01,torch.nn.Linear.reset_parameters: kaiming_uniform_(a=sqrt(5)); bias_uniform_bound=1/sqrt(fan_in),0.5773502691896257,1.33592341595795
baseline,True,0.0,1.0,1.0,0.2,0.2,0.2,0.2,"(1.0, 0.0, 0.0)","(0.0, 0.0, 0.0)",1000,tanh,True,8,4,5,30005,40005,True,1.0,1.0,True,False,2000,0.01,torch.nn.Linear.reset_parameters: kaiming_uniform_(a=sqrt(5)); bias_uniform_bound=1/sqrt(fan_in),0.5773502691896257,1.328726915991865
baseline,True,0.0,1.0,1.0,0.2,0.2,0.2,0.2,"(1.0, 0.0, 0.0)","(0.0, 0.0, 0.0)",1000,tanh,True,8,4,6,30006,40006,True,1.0,1.0,True,False,2000,0.01,torch.nn.Linear.reset_parameters: kaiming_uniform_(a=sqrt(5)); bias_uniform_bound=1/sqrt(fan_in),0.5773502691896257,1.3380759579595178
baseline,True,0.0,1.0,1.0,0.2,0.2,0.2,0.2,"(1.0, 0.0, 0.0)","(0.0, 0.0, 0.0)",1000,tanh,True,8,4,7,30007,40007,False,0.9615,0.966,False,False,2000,0.01,torch.nn.Linear.reset_parameters: kaiming_uniform_(a=sqrt(5)); bias_uniform_bound=1/sqrt(fan_in),0.5773502691896257,1.3385402080602944
baseline,True,0.0,1.0,1.0,0.2,0.2,0.2,0.2,"(1.0, 0.0, 0.0)","(0.0, 0.0, 0.0)",1000,tanh,True,8,4,8,30008,40008,False,0.959,0.9555,False,False,2000,0.01,torch.nn.Linear.reset_parameters: kaiming_uniform_(a=sqrt(5)); bias_uniform_bound=1/sqrt(fan_in),0.5773502691896257,1.4746387500781566
baseline,True,0.0,1.0,1.0,0.2,0.2,0.2,0.2,"(1.0, 0.0, 0.0)","(0.0, 0.0, 0.0)",1000,tanh,True,8,4,9,30009,40009,True,1.0,1.0,True,False,2000,0.01,torch.nn.Linear.reset_parameters: kaiming_uniform_(a=sqrt(5)); bias_uniform_bound=1/sqrt(fan_in),0.5773502691896257,1.3505224999971688
baseline,True,0.0,1.0,1.0,0.2,0.2,0.2,0.2,"(1.0, 0.0, 0.0)","(0.0, 0.0, 0.0)",1000,tanh,True,12,3,0,30000,40000,False,0.971,0.9655,False,False,2000,0.01,torch.nn.Linear.reset_parameters: kaiming_uniform_(a=sqrt(5)); bias_uniform_bound=1/sqrt(fan_in),0.5773502691896257,1.9257984580472112
baseline,True,0.0,1.0,1.0,0.2,0.2,0.2,0.2,"(1.0, 0.0, 0.0)","(0.0, 0.0, 0.0)",1000,tanh,True,12,3,1,30001,40001,False,0.9675,0.9655,False,False,2000,0.01,torch.nn.Linear.reset_parameters: kaiming_uniform_(a=sqrt(5)); bias_uniform_bound=1/sqrt(fan_in),0.5773502691896257,1.9375269999727607
baseline,True,0.0,1.0,1.0,0.2,0.2,0.2,0.2,"(1.0, 0.0, 0.0)","(0.0, 0.0, 0.0)",1000,tanh,True,12,3,2,30002,40002,False,0.9655,0.9665,False,False,2000,0.01,torch.nn.Linear.reset_parameters: kaiming_uniform_(a=sqrt(5)); bias_uniform_bound=1/sqrt(fan_in),0.5773502691896257,1.9346861660014838
baseline,True,0.0,1.0,1.0,0.2,0.2,0.2,0.2,"(1.0, 0.0, 0.0)","(0.0, 0.0, 0.0)",1000,tanh,True,12,3,3,30003,40003,False,0.731,0.7285,False,False,2000,0.01,torch.nn.Linear.reset_parameters: kaiming_uniform_(a=sqrt(5)); bias_uniform_bound=1/sqrt(fan_in),0.5773502691896257,1.9425382079789415
baseline,True,0.0,1.0,1.0,0.2,0.2,0.2,0.2,"(1.0, 0.0, 0.0)","(0.0, 0.0, 0.0)",1000,tanh,True,12,3,4,30004,40004,False,0.9675,0.971,False,False,2000,0.01,torch.nn.Linear.reset_parameters: kaiming_uniform_(a=sqrt(5)); bias_uniform_bound=1/sqrt(fan_in),0.5773502691896257,1.984527499997057
baseline,True,0.0,1.0,1.0,0.2,0.2,0.2,0.2,"(1.0, 0.0, 0.0)","(0.0, 0.0, 0.0)",1000,tanh,True,12,3,5,30005,40005,False,0.9755,0.973,False,False,2000,0.01,torch.nn.Linear.reset_parameters: kaiming_uniform_(a=sqrt(5)); bias_uniform_bound=1/sqrt(fan_in),0.5773502691896257,1.9672663749661297
baseline,True,0.0,1.0,1.0,0.2,0.2,0.2,0.2,"(1.0, 0.0, 0.0)","(0.0, 0.0, 0.0)",1000,tanh,True,12,3,6,30006,40006,False,0.9585,0.9555,False,False,2000,0.01,torch.nn.Linear.reset_parameters: kaiming_uniform_(a=sqrt(5)); bias_uniform_bound=1/sqrt(fan_in),0.5773502691896257,2.008412415976636
baseline,True,0.0,1.0,1.0,0.2,0.2,0.2,0.2,"(1.0, 0.0, 0.0)","(0.0, 0.0, 0.0)",1000,tanh,True,12,3,7,30007,40007,False,0.9565,0.958,False,False,2000,0.01,torch.nn.Linear.reset_parameters: kaiming_uniform_(a=sqrt(5)); bias_uniform_bound=1/sqrt(fan_in),0.5773502691896257,2.006906958995387
baseline,True,0.0,1.0,1.0,0.2,0.2,0.2,0.2,"(1.0, 0.0, 0.0)","(0.0, 0.0, 0.0)",1000,tanh,True,12,3,8,30008,40008,False,0.957,0.956,False,False,2000,0.01,torch.nn.Linear.reset_parameters: kaiming_uniform_(a=sqrt(5)); bias_uniform_bound=1/sqrt(fan_in),0.5773502691896257,1.9373617499368265
baseline,True,0.0,1.0,1.0,0.2,0.2,0.2,0.2,"(1.0, 0.0, 0.0)","(0.0, 0.0, 0.0)",1000,tanh,True,12,3,9,30009,40009,False,0.926,0.934,False,False,2000,0.01,torch.nn.Linear.reset_parameters: kaiming_uniform_(a=sqrt(5)); bias_uniform_bound=1/sqrt(fan_in),0.5773502691896257,2.1423489169683307
baseline,True,0.0,1.0,1.0,0.2,0.2,0.2,0.2,"(1.0, 0.0, 0.0)","(0.0, 0.0, 0.0)",1000,tanh,True,12,4,0,30000,40000,True,1.0,0.9995,False,False,2000,0.01,torch.nn.Linear.reset_parameters: kaiming_uniform_(a=sqrt(5)); bias_uniform_bound=1/sqrt(fan_in),0.5773502691896257,1.9033252499066293
baseline,True,0.0,1.0,1.0,0.2,0.2,0.2,0.2,"(1.0, 0.0, 0.0)","(0.0, 0.0, 0.0)",1000,tanh,True,12,4,1,30001,40001,False,0.968,0.964,False,False,2000,0.01,torch.nn.Linear.reset_parameters: kaiming_uniform_(a=sqrt(5)); bias_uniform_bound=1/sqrt(fan_in),0.5773502691896257,1.9003808330744505
baseline,True,0.0,1.0,1.0,0.2,0.2,0.2,0.2,"(1.0, 0.0, 0.0)","(0.0, 0.0, 0.0)",1000,tanh,True,12,4,2,30002,40002,False,0.972,0.969,False,False,2000,0.01,torch.nn.Linear.reset_parameters: kaiming_uniform_(a=sqrt(5)); bias_uniform_bound=1/sqrt(fan_in),0.5773502691896257,1.8995064169866964
baseline,True,0.0,1.0,1.0,0.2,0.2,0.2,0.2,"(1.0, 0.0, 0.0)","(0.0, 0.0, 0.0)",1000,tanh,True,12,4,3,30003,40003,False,0.969,0.971,False,False,2000,0.01,torch.nn.Linear.reset_parameters: kaiming_uniform_(a=sqrt(5)); bias_uniform_bound=1/sqrt(fan_in),0.5773502691896257,1.8896801669616252
baseline,True,0.0,1.0,1.0,0.2,0.2,0.2,0.2,"(1.0, 0.0, 0.0)","(0.0, 0.0, 0.0)",1000,tanh,True,12,4,4,30004,40004,False,0.988,0.9795,False,False,2000,0.01,torch.nn.Linear.reset_parameters: kaiming_uniform_(a=sqrt(5)); bias_uniform_bound=1/sqrt(fan_in),0.5773502691896257,1.910569207975641
baseline,True,0.0,1.0,1.0,0.2,0.2,0.2,0.2,"(1.0, 0.0, 0.0)","(0.0, 0.0, 0.0)",1000,tanh,True,12,4,5,30005,40005,True,1.0,1.0,True,False,2000,0.01,torch.nn.Linear.reset_parameters: kaiming_uniform_(a=sqrt(5)); bias_uniform_bound=1/sqrt(fan_in),0.5773502691896257,1.9174756249412894
baseline,True,0.0,1.0,1.0,0.2,0.2,0.2,0.2,"(1.0, 0.0, 0.0)","(0.0, 0.0, 0.0)",1000,tanh,True,12,4,6,30006,40006,False,0.9715,0.959,False,False,2000,0.01,torch.nn.Linear.reset_parameters: kaiming_uniform_(a=sqrt(5)); bias_uniform_bound=1/sqrt(fan_in),0.5773502691896257,1.8992616250179708
baseline,True,0.0,1.0,1.0,0.2,0.2,0.2,0.2,"(1.0, 0.0, 0.0)","(0.0, 0.0, 0.0)",1000,tanh,True,12,4,7,30007,40007,False,0.9625,0.97,False,False,2000,0.01,torch.nn.Linear.reset_parameters: kaiming_uniform_(a=sqrt(5)); bias_uniform_bound=1/sqrt(fan_in),0.5773502691896257,1.8944392920238897
baseline,True,0.0,1.0,1.0,0.2,0.2,0.2,0.2,"(1.0, 0.0, 0.0)","(0.0, 0.0, 0.0)",1000,tanh,True,12,4,8,30008,40008,True,1.0,1.0,True,False,2000,0.01,torch.nn.Linear.reset_parameters: kaiming_uniform_(a=sqrt(5)); bias_uniform_bound=1/sqrt(fan_in),0.5773502691896257,1.8963240829762071
baseline,True,0.0,1.0,1.0,0.2,0.2,0.2,0.2,"(1.0, 0.0, 0.0)","(0.0, 0.0, 0.0)",1000,tanh,True,12,4,9,30009,40009,False,0.9605,0.9645,False,False,2000,0.01,torch.nn.Linear.reset_parameters: kaiming_uniform_(a=sqrt(5)); bias_uniform_bound=1/sqrt(fan_in),0.5773502691896257,1.8921525840414688
baseline,True,0.0,1.0,1.0,0.2,0.2,0.2,0.2,"(1.0, 0.0, 0.0)","(0.0, 0.0, 0.0)",1000,relu,True,3,3,0,30000,40000,False,0.5,0.5,False,True,2000,0.01,torch.nn.Linear.reset_parameters: kaiming_uniform_(a=sqrt(5)); bias_uniform_bound=1/sqrt(fan_in),0.5773502691896257,0.6006442080251873
baseline,True,0.0,1.0,1.0,0.2,0.2,0.2,0.2,"(1.0, 0.0, 0.0)","(0.0, 0.0, 0.0)",1000,relu,True,3,3,1,30001,40001,False,0.5,0.5,False,True,2000,0.01,torch.nn.Linear.reset_parameters: kaiming_uniform_(a=sqrt(5)); bias_uniform_bound=1/sqrt(fan_in),0.5773502691896257,0.5925068339565769
baseline,True,0.0,1.0,1.0,0.2,0.2,0.2,0.2,"(1.0, 0.0, 0.0)","(0.0, 0.0, 0.0)",1000,relu,True,3,3,2,30002,40002,False,0.9735,0.9655,False,False,2000,0.01,torch.nn.Linear.reset_parameters: kaiming_uniform_(a=sqrt(5)); bias_uniform_bound=1/sqrt(fan_in),0.5773502691896257,0.6034367500105873
baseline,True,0.0,1.0,1.0,0.2,0.2,0.2,0.2,"(1.0, 0.0, 0.0)","(0.0, 0.0, 0.0)",1000,relu,True,3,3,3,30003,40003,False,0.961,0.9735,False,False,2000,0.01,torch.nn.Linear.reset_parameters: kaiming_uniform_(a=sqrt(5)); bias_uniform_bound=1/sqrt(fan_in),0.5773502691896257,0.5894494999665767
baseline,True,0.0,1.0,1.0,0.2,0.2,0.2,0.2,"(1.0, 0.0, 0.0)","(0.0, 0.0, 0.0)",1000,relu,True,3,3,4,30004,40004,False,0.9525,0.9585,False,False,2000,0.01,torch.nn.Linear.reset_parameters: kaiming_uniform_(a=sqrt(5)); bias_uniform_bound=1/sqrt(fan_in),0.5773502691896257,0.6000419170595706
baseline,True,0.0,1.0,1.0,0.2,0.2,0.2,0.2,"(1.0, 0.0, 0.0)","(0.0, 0.0, 0.0)",1000,relu,True,3,3,5,30005,40005,False,0.9715,0.9695,False,False,2000,0.01,torch.nn.Linear.reset_parameters: kaiming_uniform_(a=sqrt(5)); bias_uniform_bound=1/sqrt(fan_in),0.5773502691896257,0.5993140419013798
baseline,True,0.0,1.0,1.0,0.2,0.2,0.2,0.2,"(1.0, 0.0, 0.0)","(0.0, 0.0, 0.0)",1000,relu,True,3,3,6,30006,40006,False,0.9685,0.9635,False,False,2000,0.01,torch.nn.Linear.reset_parameters: kaiming_uniform_(a=sqrt(5)); bias_uniform_bound=1/sqrt(fan_in),0.5773502691896257,0.5954205830348656
baseline,True,0.0,1.0,1.0,0.2,0.2,0.2,0.2,"(1.0, 0.0, 0.0)","(0.0, 0.0, 0.0)",1000,relu,True,3,3,7,30007,40007,False,0.973,0.9675,False,False,2000,0.01,torch.nn.Linear.reset_parameters: kaiming_uniform_(a=sqrt(5)); bias_uniform_bound=1/sqrt(fan_in),0.5773502691896257,0.5975114169996232
baseline,True,0.0,1.0,1.0,0.2,0.2,0.2,0.2,"(1.0, 0.0, 0.0)","(0.0, 0.0, 0.0)",1000,relu,True,3,3,8,30008,40008,False,0.5,0.5,False,True,2000,0.01,torch.nn.Linear.reset_parameters: kaiming_uniform_(a=sqrt(5)); bias_uniform_bound=1/sqrt(fan_in),0.5773502691896257,0.5948740839958191
baseline,True,0.0,1.0,1.0,0.2,0.2,0.2,0.2,"(1.0, 0.0, 0.0)","(0.0, 0.0, 0.0)",1000,relu,True,3,3,9,30009,40009,False,0.9345,0.931,False,False,2000,0.01,torch.nn.Linear.reset_parameters: kaiming_uniform_(a=sqrt(5)); bias_uniform_bound=1/sqrt(fan_in),0.5773502691896257,0.5950283330166712
baseline,True,0.0,1.0,1.0,0.2,0.2,0.2,0.2,"(1.0, 0.0, 0.0)","(0.0, 0.0, 0.0)",1000,relu,True,3,4,0,30000,40000,False,0.5,0.5,False,True,2000,0.01,torch.nn.Linear.reset_parameters: kaiming_uniform_(a=sqrt(5)); bias_uniform_bound=1/sqrt(fan_in),0.5773502691896257,0.5663190840277821
baseline,True,0.0,1.0,1.0,0.2,0.2,0.2,0.2,"(1.0, 0.0, 0.0)","(0.0, 0.0, 0.0)",1000,relu,True,3,4,1,30001,40001,False,0.967,0.958,False,False,2000,0.01,torch.nn.Linear.reset_parameters: kaiming_uniform_(a=sqrt(5)); bias_uniform_bound=1/sqrt(fan_in),0.5773502691896257,0.5505493329837918
baseline,True,0.0,1.0,1.0,0.2,0.2,0.2,0.2,"(1.0, 0.0, 0.0)","(0.0, 0.0, 0.0)",1000,relu,True,3,4,2,30002,40002,False,0.9595,0.9605,False,False,2000,0.01,torch.nn.Linear.reset_parameters: kaiming_uniform_(a=sqrt(5)); bias_uniform_bound=1/sqrt(fan_in),0.5773502691896257,0.5566410419996828
baseline,True,0.0,1.0,1.0,0.2,0.2,0.2,0.2,"(1.0, 0.0, 0.0)","(0.0, 0.0, 0.0)",1000,relu,True,3,4,3,30003,40003,False,0.9785,0.965,False,False,2000,0.01,torch.nn.Linear.reset_parameters: kaiming_uniform_(a=sqrt(5)); bias_uniform_bound=1/sqrt(fan_in),0.5773502691896257,0.554408208001405
baseline,True,0.0,1.0,1.0,0.2,0.2,0.2,0.2,"(1.0, 0.0, 0.0)","(0.0, 0.0, 0.0)",1000,relu,True,3,4,4,30004,40004,False,0.9695,0.9635,False,False,2000,0.01,torch.nn.Linear.reset_parameters: kaiming_uniform_(a=sqrt(5)); bias_uniform_bound=1/sqrt(fan_in),0.5773502691896257,0.5603121250169352
baseline,True,0.0,1.0,1.0,0.2,0.2,0.2,0.2,"(1.0, 0.0, 0.0)","(0.0, 0.0, 0.0)",1000,relu,True,3,4,5,30005,40005,True,1.0,1.0,True,False,2000,0.01,torch.nn.Linear.reset_parameters: kaiming_uniform_(a=sqrt(5)); bias_uniform_bound=1/sqrt(fan_in),0.5773502691896257,0.5534375420538709
baseline,True,0.0,1.0,1.0,0.2,0.2,0.2,0.2,"(1.0, 0.0, 0.0)","(0.0, 0.0, 0.0)",1000,relu,True,3,4,6,30006,40006,False,0.967,0.9585,False,False,2000,0.01,torch.nn.Linear.reset_parameters: kaiming_uniform_(a=sqrt(5)); bias_uniform_bound=1/sqrt(fan_in),0.5773502691896257,0.5567637089407071
baseline,True,0.0,1.0,1.0,0.2,0.2,0.2,0.2,"(1.0, 0.0, 0.0)","(0.0, 0.0, 0.0)",1000,relu,True,3,4,7,30007,40007,False,0.9605,0.9675,False,False,2000,0.01,torch.nn.Linear.reset_parameters: kaiming_uniform_(a=sqrt(5)); bias_uniform_bound=1/sqrt(fan_in),0.5773502691896257,0.5605302499607205
baseline,True,0.0,1.0,1.0,0.2,0.2,0.2,0.2,"(1.0, 0.0, 0.0)","(0.0, 0.0, 0.0)",1000,relu,True,3,4,8,30008,40008,False,0.959,0.957,False,False,2000,0.01,torch.nn.Linear.reset_parameters: kaiming_uniform_(a=sqrt(5)); bias_uniform_bound=1/sqrt(fan_in),0.5773502691896257,0.5599847920238972
baseline,True,0.0,1.0,1.0,0.2,0.2,0.2,0.2,"(1.0, 0.0, 0.0)","(0.0, 0.0, 0.0)",1000,relu,True,3,4,9,30009,40009,False,0.9595,0.965,False,False,2000,0.01,torch.nn.Linear.reset_parameters: kaiming_uniform_(a=sqrt(5)); bias_uniform_bound=1/sqrt(fan_in),0.5773502691896257,0.5663610419724137
baseline,True,0.0,1.0,1.0,0.2,0.2,0.2,0.2,"(1.0, 0.0, 0.0)","(0.0, 0.0, 0.0)",1000,relu,True,5,3,0,30000,40000,False,0.5,0.5,False,True,2000,0.01,torch.nn.Linear.reset_parameters: kaiming_uniform_(a=sqrt(5)); bias_uniform_bound=1/sqrt(fan_in),0.5773502691896257,0.8367685000412166
baseline,True,0.0,1.0,1.0,0.2,0.2,0.2,0.2,"(1.0, 0.0, 0.0)","(0.0, 0.0, 0.0)",1000,relu,True,5,3,1,30001,40001,False,0.5,0.5,False,True,2000,0.01,torch.nn.Linear.reset_parameters: kaiming_uniform_(a=sqrt(5)); bias_uniform_bound=1/sqrt(fan_in),0.5773502691896257,0.8352476250147447
baseline,True,0.0,1.0,1.0,0.2,0.2,0.2,0.2,"(1.0, 0.0, 0.0)","(0.0, 0.0, 0.0)",1000,relu,True,5,3,2,30002,40002,False,0.964,0.9655,False,False,2000,0.01,torch.nn.Linear.reset_parameters: kaiming_uniform_(a=sqrt(5)); bias_uniform_bound=1/sqrt(fan_in),0.5773502691896257,0.8393434580648318
baseline,True,0.0,1.0,1.0,0.2,0.2,0.2,0.2,"(1.0, 0.0, 0.0)","(0.0, 0.0, 0.0)",1000,relu,True,5,3,3,30003,40003,False,0.5,0.5,False,True,2000,0.01,torch.nn.Linear.reset_parameters: kaiming_uniform_(a=sqrt(5)); bias_uniform_bound=1/sqrt(fan_in),0.5773502691896257,0.8387351660057902
baseline,True,0.0,1.0,1.0,0.2,0.2,0.2,0.2,"(1.0, 0.0, 0.0)","(0.0, 0.0, 0.0)",1000,relu,True,5,3,4,30004,40004,False,0.9685,0.969,False,False,2000,0.01,torch.nn.Linear.reset_parameters: kaiming_uniform_(a=sqrt(5)); bias_uniform_bound=1/sqrt(fan_in),0.5773502691896257,0.8360863749403507
baseline,True,0.0,1.0,1.0,0.2,0.2,0.2,0.2,"(1.0, 0.0, 0.0)","(0.0, 0.0, 0.0)",1000,relu,True,5,3,5,30005,40005,False,0.9745,0.969,False,False,2000,0.01,torch.nn.Linear.reset_parameters: kaiming_uniform_(a=sqrt(5)); bias_uniform_bound=1/sqrt(fan_in),0.5773502691896257,0.8430065830470994
baseline,True,0.0,1.0,1.0,0.2,0.2,0.2,0.2,"(1.0, 0.0, 0.0)","(0.0, 0.0, 0.0)",1000,relu,True,5,3,6,30006,40006,False,0.965,0.9575,False,False,2000,0.01,torch.nn.Linear.reset_parameters: kaiming_uniform_(a=sqrt(5)); bias_uniform_bound=1/sqrt(fan_in),0.5773502691896257,0.8337130419677123
baseline,True,0.0,1.0,1.0,0.2,0.2,0.2,0.2,"(1.0, 0.0, 0.0)","(0.0, 0.0, 0.0)",1000,relu,True,5,3,7,30007,40007,False,0.97,0.9685,False,False,2000,0.01,torch.nn.Linear.reset_parameters: kaiming_uniform_(a=sqrt(5)); bias_uniform_bound=1/sqrt(fan_in),0.5773502691896257,0.839199083042331
baseline,True,0.0,1.0,1.0,0.2,0.2,0.2,0.2,"(1.0, 0.0, 0.0)","(0.0, 0.0, 0.0)",1000,relu,True,5,3,8,30008,40008,False,0.5,0.5,False,True,2000,0.01,torch.nn.Linear.reset_parameters: kaiming_uniform_(a=sqrt(5)); bias_uniform_bound=1/sqrt(fan_in),0.5773502691896257,0.9313478328986093
baseline,True,0.0,1.0,1.0,0.2,0.2,0.2,0.2,"(1.0, 0.0, 0.0)","(0.0, 0.0, 0.0)",1000,relu,True,5,3,9,30009,40009,False,0.9635,0.96,False,False,2000,0.01,torch.nn.Linear.reset_parameters: kaiming_uniform_(a=sqrt(5)); bias_uniform_bound=1/sqrt(fan_in),0.5773502691896257,0.9420112919760868
baseline,True,0.0,1.0,1.0,0.2,0.2,0.2,0.2,"(1.0, 0.0, 0.0)","(0.0, 0.0, 0.0)",1000,relu,True,5,4,0,30000,40000,False,0.5,0.5,False,True,2000,0.01,torch.nn.Linear.reset_parameters: kaiming_uniform_(a=sqrt(5)); bias_uniform_bound=1/sqrt(fan_in),0.5773502691896257,0.7707411670126021
baseline,True,0.0,1.0,1.0,0.2,0.2,0.2,0.2,"(1.0, 0.0, 0.0)","(0.0, 0.0, 0.0)",1000,relu,True,5,4,1,30001,40001,False,0.96,0.9635,False,False,2000,0.01,torch.nn.Linear.reset_parameters: kaiming_uniform_(a=sqrt(5)); bias_uniform_bound=1/sqrt(fan_in),0.5773502691896257,0.7792472500586882
baseline,True,0.0,1.0,1.0,0.2,0.2,0.2,0.2,"(1.0, 0.0, 0.0)","(0.0, 0.0, 0.0)",1000,relu,True,5,4,2,30002,40002,False,0.9645,0.9585,False,False,2000,0.01,torch.nn.Linear.reset_parameters: kaiming_uniform_(a=sqrt(5)); bias_uniform_bound=1/sqrt(fan_in),0.5773502691896257,0.7661300420295447
baseline,True,0.0,1.0,1.0,0.2,0.2,0.2,0.2,"(1.0, 0.0, 0.0)","(0.0, 0.0, 0.0)",1000,relu,True,5,4,3,30003,40003,False,0.7345,0.7435,False,False,2000,0.01,torch.nn.Linear.reset_parameters: kaiming_uniform_(a=sqrt(5)); bias_uniform_bound=1/sqrt(fan_in),0.5773502691896257,0.7674238750478253
baseline,True,0.0,1.0,1.0,0.2,0.2,0.2,0.2,"(1.0, 0.0, 0.0)","(0.0, 0.0, 0.0)",1000,relu,True,5,4,4,30004,40004,False,0.957,0.9625,False,False,2000,0.01,torch.nn.Linear.reset_parameters: kaiming_uniform_(a=sqrt(5)); bias_uniform_bound=1/sqrt(fan_in),0.5773502691896257,0.7707996669923887
baseline,True,0.0,1.0,1.0,0.2,0.2,0.2,0.2,"(1.0, 0.0, 0.0)","(0.0, 0.0, 0.0)",1000,relu,True,5,4,5,30005,40005,False,0.5,0.5,False,True,2000,0.01,torch.nn.Linear.reset_parameters: kaiming_uniform_(a=sqrt(5)); bias_uniform_bound=1/sqrt(fan_in),0.5773502691896257,0.7728357909945771
baseline,True,0.0,1.0,1.0,0.2,0.2,0.2,0.2,"(1.0, 0.0, 0.0)","(0.0, 0.0, 0.0)",1000,relu,True,5,4,6,30006,40006,False,0.9595,0.9585,False,False,2000,0.01,torch.nn.Linear.reset_parameters: kaiming_uniform_(a=sqrt(5)); bias_uniform_bound=1/sqrt(fan_in),0.5773502691896257,0.9061480830423534
baseline,True,0.0,1.0,1.0,0.2,0.2,0.2,0.2,"(1.0, 0.0, 0.0)","(0.0, 0.0, 0.0)",1000,relu,True,5,4,7,30007,40007,False,0.9555,0.959,False,False,2000,0.01,torch.nn.Linear.reset_parameters: kaiming_uniform_(a=sqrt(5)); bias_uniform_bound=1/sqrt(fan_in),0.5773502691896257,0.7768497089855373
baseline,True,0.0,1.0,1.0,0.2,0.2,0.2,0.2,"(1.0, 0.0, 0.0)","(0.0, 0.0, 0.0)",1000,relu,True,5,4,8,30008,40008,False,0.956,0.9535,False,False,2000,0.01,torch.nn.Linear.reset_parameters: kaiming_uniform_(a=sqrt(5)); bias_uniform_bound=1/sqrt(fan_in),0.5773502691896257,0.7742898750584573
baseline,True,0.0,1.0,1.0,0.2,0.2,0.2,0.2,"(1.0, 0.0, 0.0)","(0.0, 0.0, 0.0)",1000,relu,True,5,4,9,30009,40009,False,0.5,0.5,False,True,2000,0.01,torch.nn.Linear.reset_parameters: kaiming_uniform_(a=sqrt(5)); bias_uniform_bound=1/sqrt(fan_in),0.5773502691896257,0.7671041659777984
baseline,True,0.0,1.0,1.0,0.2,0.2,0.2,0.2,"(1.0, 0.0, 0.0)","(0.0, 0.0, 0.0)",1000,relu,True,8,3,0,30000,40000,False,0.5,0.5,False,True,2000,0.01,torch.nn.Linear.reset_parameters: kaiming_uniform_(a=sqrt(5)); bias_uniform_bound=1/sqrt(fan_in),0.5773502691896257,1.2126480829901993
baseline,True,0.0,1.0,1.0,0.2,0.2,0.2,0.2,"(1.0, 0.0, 0.0)","(0.0, 0.0, 0.0)",1000,relu,True,8,3,1,30001,40001,False,0.5,0.5,False,True,2000,0.01,torch.nn.Linear.reset_parameters: kaiming_uniform_(a=sqrt(5)); bias_uniform_bound=1/sqrt(fan_in),0.5773502691896257,1.2077710829908028
baseline,True,0.0,1.0,1.0,0.2,0.2,0.2,0.2,"(1.0, 0.0, 0.0)","(0.0, 0.0, 0.0)",1000,relu,True,8,3,2,30002,40002,False,0.5,0.5,False,True,2000,0.01,torch.nn.Linear.reset_parameters: kaiming_uniform_(a=sqrt(5)); bias_uniform_bound=1/sqrt(fan_in),0.5773502691896257,1.214797083986923
baseline,True,0.0,1.0,1.0,0.2,0.2,0.2,0.2,"(1.0, 0.0, 0.0)","(0.0, 0.0, 0.0)",1000,relu,True,8,3,3,30003,40003,False,0.5,0.5,False,True,2000,0.01,torch.nn.Linear.reset_parameters: kaiming_uniform_(a=sqrt(5)); bias_uniform_bound=1/sqrt(fan_in),0.5773502691896257,1.2048413750017062
baseline,True,0.0,1.0,1.0,0.2,0.2,0.2,0.2,"(1.0, 0.0, 0.0)","(0.0, 0.0, 0.0)",1000,relu,True,8,3,4,30004,40004,False,0.955,0.9635,False,False,2000,0.01,torch.nn.Linear.reset_parameters: kaiming_uniform_(a=sqrt(5)); bias_uniform_bound=1/sqrt(fan_in),0.5773502691896257,1.2030643339967355
baseline,True,0.0,1.0,1.0,0.2,0.2,0.2,0.2,"(1.0, 0.0, 0.0)","(0.0, 0.0, 0.0)",1000,relu,True,8,3,5,30005,40005,False,0.5,0.5,False,True,2000,0.01,torch.nn.Linear.reset_parameters: kaiming_uniform_(a=sqrt(5)); bias_uniform_bound=1/sqrt(fan_in),0.5773502691896257,1.3121367499697953
baseline,True,0.0,1.0,1.0,0.2,0.2,0.2,0.2,"(1.0, 0.0, 0.0)","(0.0, 0.0, 0.0)",1000,relu,True,8,3,6,30006,40006,False,0.5,0.5,False,True,2000,0.01,torch.nn.Linear.reset_parameters: kaiming_uniform_(a=sqrt(5)); bias_uniform_bound=1/sqrt(fan_in),0.5773502691896257,1.301921666949056
baseline,True,0.0,1.0,1.0,0.2,0.2,0.2,0.2,"(1.0, 0.0, 0.0)","(0.0, 0.0, 0.0)",1000,relu,True,8,3,7,30007,40007,False,0.5,0.5,False,True,2000,0.01,torch.nn.Linear.reset_parameters: kaiming_uniform_(a=sqrt(5)); bias_uniform_bound=1/sqrt(fan_in),0.5773502691896257,1.2019371670903638
baseline,True,0.0,1.0,1.0,0.2,0.2,0.2,0.2,"(1.0, 0.0, 0.0)","(0.0, 0.0, 0.0)",1000,relu,True,8,3,8,30008,40008,False,0.5,0.5,False,True,2000,0.01,torch.nn.Linear.reset_parameters: kaiming_uniform_(a=sqrt(5)); bias_uniform_bound=1/sqrt(fan_in),0.5773502691896257,1.2133271669736132
baseline,True,0.0,1.0,1.0,0.2,0.2,0.2,0.2,"(1.0, 0.0, 0.0)","(0.0, 0.0, 0.0)",1000,relu,True,8,3,9,30009,40009,False,0.5,0.5,False,True,2000,0.01,torch.nn.Linear.reset_parameters: kaiming_uniform_(a=sqrt(5)); bias_uniform_bound=1/sqrt(fan_in),0.5773502691896257,1.2024713329738006
baseline,True,0.0,1.0,1.0,0.2,0.2,0.2,0.2,"(1.0, 0.0, 0.0)","(0.0, 0.0, 0.0)",1000,relu,True,8,4,0,30000,40000,False,0.5,0.5,False,True,2000,0.01,torch.nn.Linear.reset_parameters: kaiming_uniform_(a=sqrt(5)); bias_uniform_bound=1/sqrt(fan_in),0.5773502691896257,1.078361416934058
baseline,True,0.0,1.0,1.0,0.2,0.2,0.2,0.2,"(1.0, 0.0, 0.0)","(0.0, 0.0, 0.0)",1000,relu,True,8,4,1,30001,40001,False,0.5,0.5,False,True,2000,0.01,torch.nn.Linear.reset_parameters: kaiming_uniform_(a=sqrt(5)); bias_uniform_bound=1/sqrt(fan_in),0.5773502691896257,1.086232207948342
baseline,True,0.0,1.0,1.0,0.2,0.2,0.2,0.2,"(1.0, 0.0, 0.0)","(0.0, 0.0, 0.0)",1000,relu,True,8,4,2,30002,40002,False,0.5,0.5,False,True,2000,0.01,torch.nn.Linear.reset_parameters: kaiming_uniform_(a=sqrt(5)); bias_uniform_bound=1/sqrt(fan_in),0.5773502691896257,1.084520541015081
baseline,True,0.0,1.0,1.0,0.2,0.2,0.2,0.2,"(1.0, 0.0, 0.0)","(0.0, 0.0, 0.0)",1000,relu,True,8,4,3,30003,40003,False,0.5,0.5,False,True,2000,0.01,torch.nn.Linear.reset_parameters: kaiming_uniform_(a=sqrt(5)); bias_uniform_bound=1/sqrt(fan_in),0.5773502691896257,1.0904509579995647
baseline,True,0.0,1.0,1.0,0.2,0.2,0.2,0.2,"(1.0, 0.0, 0.0)","(0.0, 0.0, 0.0)",1000,relu,True,8,4,4,30004,40004,False,0.5,0.5,False,True,2000,0.01,torch.nn.Linear.reset_parameters: kaiming_uniform_(a=sqrt(5)); bias_uniform_bound=1/sqrt(fan_in),0.5773502691896257,1.0777117499383166
baseline,True,0.0,1.0,1.0,0.2,0.2,0.2,0.2,"(1.0, 0.0, 0.0)","(0.0, 0.0, 0.0)",1000,relu,True,8,4,5,30005,40005,False,0.5,0.5,False,True,2000,0.01,torch.nn.Linear.reset_parameters: kaiming_uniform_(a=sqrt(5)); bias_uniform_bound=1/sqrt(fan_in),0.5773502691896257,1.0853142919950187
baseline,True,0.0,1.0,1.0,0.2,0.2,0.2,0.2,"(1.0, 0.0, 0.0)","(0.0, 0.0, 0.0)",1000,relu,True,8,4,6,30006,40006,False,0.9555,0.946,False,False,2000,0.01,torch.nn.Linear.reset_parameters: kaiming_uniform_(a=sqrt(5)); bias_uniform_bound=1/sqrt(fan_in),0.5773502691896257,1.0841006659902632
baseline,True,0.0,1.0,1.0,0.2,0.2,0.2,0.2,"(1.0, 0.0, 0.0)","(0.0, 0.0, 0.0)",1000,relu,True,8,4,7,30007,40007,False,0.5,0.5,False,True,2000,0.01,torch.nn.Linear.reset_parameters: kaiming_uniform_(a=sqrt(5)); bias_uniform_bound=1/sqrt(fan_in),0.5773502691896257,1.0850395420566201
baseline,True,0.0,1.0,1.0,0.2,0.2,0.2,0.2,"(1.0, 0.0, 0.0)","(0.0, 0.0, 0.0)",1000,relu,True,8,4,8,30008,40008,False,0.5,0.5,False,True,2000,0.01,torch.nn.Linear.reset_parameters: kaiming_uniform_(a=sqrt(5)); bias_uniform_bound=1/sqrt(fan_in),0.5773502691896257,1.0847932919859886
baseline,True,0.0,1.0,1.0,0.2,0.2,0.2,0.2,"(1.0, 0.0, 0.0)","(0.0, 0.0, 0.0)",1000,relu,True,8,4,9,30009,40009,False,0.5,0.5,False,True,2000,0.01,torch.nn.Linear.reset_parameters: kaiming_uniform_(a=sqrt(5)); bias_uniform_bound=1/sqrt(fan_in),0.5773502691896257,1.0784943340113387
baseline,True,0.0,1.0,1.0,0.2,0.2,0.2,0.2,"(1.0, 0.0, 0.0)","(0.0, 0.0, 0.0)",1000,relu,True,12,3,0,30000,40000,False,0.5,0.5,False,True,2000,0.01,torch.nn.Linear.reset_parameters: kaiming_uniform_(a=sqrt(5)); bias_uniform_bound=1/sqrt(fan_in),0.5773502691896257,1.7080565830692649
baseline,True,0.0,1.0,1.0,0.2,0.2,0.2,0.2,"(1.0, 0.0, 0.0)","(0.0, 0.0, 0.0)",1000,relu,True,12,3,1,30001,40001,False,0.5,0.5,False,True,2000,0.01,torch.nn.Linear.reset_parameters: kaiming_uniform_(a=sqrt(5)); bias_uniform_bound=1/sqrt(fan_in),0.5773502691896257,1.682511584018357
baseline,True,0.0,1.0,1.0,0.2,0.2,0.2,0.2,"(1.0, 0.0, 0.0)","(0.0, 0.0, 0.0)",1000,relu,True,12,3,2,30002,40002,False,0.5,0.5,False,True,2000,0.01,torch.nn.Linear.reset_parameters: kaiming_uniform_(a=sqrt(5)); bias_uniform_bound=1/sqrt(fan_in),0.5773502691896257,1.6913140410324559
baseline,True,0.0,1.0,1.0,0.2,0.2,0.2,0.2,"(1.0, 0.0, 0.0)","(0.0, 0.0, 0.0)",1000,relu,True,12,3,3,30003,40003,False,0.5,0.5,False,True,2000,0.01,torch.nn.Linear.reset_parameters: kaiming_uniform_(a=sqrt(5)); bias_uniform_bound=1/sqrt(fan_in),0.5773502691896257,1.693031125003472
baseline,True,0.0,1.0,1.0,0.2,0.2,0.2,0.2,"(1.0, 0.0, 0.0)","(0.0, 0.0, 0.0)",1000,relu,True,12,3,4,30004,40004,False,0.5,0.5,False,True,2000,0.01,torch.nn.Linear.reset_parameters: kaiming_uniform_(a=sqrt(5)); bias_uniform_bound=1/sqrt(fan_in),0.5773502691896257,1.6873518329812214
baseline,True,0.0,1.0,1.0,0.2,0.2,0.2,0.2,"(1.0, 0.0, 0.0)","(0.0, 0.0, 0.0)",1000,relu,True,12,3,5,30005,40005,False,0.5,0.5,False,True,2000,0.01,torch.nn.Linear.reset_parameters: kaiming_uniform_(a=sqrt(5)); bias_uniform_bound=1/sqrt(fan_in),0.5773502691896257,1.6944042090326548
baseline,True,0.0,1.0,1.0,0.2,0.2,0.2,0.2,"(1.0, 0.0, 0.0)","(0.0, 0.0, 0.0)",1000,relu,True,12,3,6,30006,40006,False,0.5,0.5,False,True,2000,0.01,torch.nn.Linear.reset_parameters: kaiming_uniform_(a=sqrt(5)); bias_uniform_bound=1/sqrt(fan_in),0.5773502691896257,1.6916824170621112
baseline,True,0.0,1.0,1.0,0.2,0.2,0.2,0.2,"(1.0, 0.0, 0.0)","(0.0, 0.0, 0.0)",1000,relu,True,12,3,7,30007,40007,False,0.5,0.5,False,True,2000,0.01,torch.nn.Linear.reset_parameters: kaiming_uniform_(a=sqrt(5)); bias_uniform_bound=1/sqrt(fan_in),0.5773502691896257,1.6847740829689428
baseline,True,0.0,1.0,1.0,0.2,0.2,0.2,0.2,"(1.0, 0.0, 0.0)","(0.0, 0.0, 0.0)",1000,relu,True,12,3,8,30008,40008,False,0.5,0.5,False,True,2000,0.01,torch.nn.Linear.reset_parameters: kaiming_uniform_(a=sqrt(5)); bias_uniform_bound=1/sqrt(fan_in),0.5773502691896257,1.6875465420307592
baseline,True,0.0,1.0,1.0,0.2,0.2,0.2,0.2,"(1.0, 0.0, 0.0)","(0.0, 0.0, 0.0)",1000,relu,True,12,3,9,30009,40009,False,0.5,0.5,False,True,2000,0.01,torch.nn.Linear.reset_parameters: kaiming_uniform_(a=sqrt(5)); bias_uniform_bound=1/sqrt(fan_in),0.5773502691896257,1.6970930000534281
baseline,True,0.0,1.0,1.0,0.2,0.2,0.2,0.2,"(1.0, 0.0, 0.0)","(0.0, 0.0, 0.0)",1000,relu,True,12,4,0,30000,40000,False,0.5,0.5,False,True,2000,0.01,torch.nn.Linear.reset_parameters: kaiming_uniform_(a=sqrt(5)); bias_uniform_bound=1/sqrt(fan_in),0.5773502691896257,1.5009193749865517
baseline,True,0.0,1.0,1.0,0.2,0.2,0.2,0.2,"(1.0, 0.0, 0.0)","(0.0, 0.0, 0.0)",1000,relu,True,12,4,1,30001,40001,False,0.5,0.5,False,True,2000,0.01,torch.nn.Linear.reset_parameters: kaiming_uniform_(a=sqrt(5)); bias_uniform_bound=1/sqrt(fan_in),0.5773502691896257,1.4910625419579446
baseline,True,0.0,1.0,1.0,0.2,0.2,0.2,0.2,"(1.0, 0.0, 0.0)","(0.0, 0.0, 0.0)",1000,relu,True,12,4,2,30002,40002,False,0.5,0.5,False,True,2000,0.01,torch.nn.Linear.reset_parameters: kaiming_uniform_(a=sqrt(5)); bias_uniform_bound=1/sqrt(fan_in),0.5773502691896257,1.489749165950343
baseline,True,0.0,1.0,1.0,0.2,0.2,0.2,0.2,"(1.0, 0.0, 0.0)","(0.0, 0.0, 0.0)",1000,relu,True,12,4,3,30003,40003,False,0.5,0.5,False,True,2000,0.01,torch.nn.Linear.reset_parameters: kaiming_uniform_(a=sqrt(5)); bias_uniform_bound=1/sqrt(fan_in),0.5773502691896257,1.5969370829407126
baseline,True,0.0,1.0,1.0,0.2,0.2,0.2,0.2,"(1.0, 0.0, 0.0)","(0.0, 0.0, 0.0)",1000,relu,True,12,4,4,30004,40004,False,0.5,0.5,False,True,2000,0.01,torch.nn.Linear.reset_parameters: kaiming_uniform_(a=sqrt(5)); bias_uniform_bound=1/sqrt(fan_in),0.5773502691896257,1.4983557079685852
baseline,True,0.0,1.0,1.0,0.2,0.2,0.2,0.2,"(1.0, 0.0, 0.0)","(0.0, 0.0, 0.0)",1000,relu,True,12,4,5,30005,40005,False,0.973,0.961,False,False,2000,0.01,torch.nn.Linear.reset_parameters: kaiming_uniform_(a=sqrt(5)); bias_uniform_bound=1/sqrt(fan_in),0.5773502691896257,1.4956014159834012
baseline,True,0.0,1.0,1.0,0.2,0.2,0.2,0.2,"(1.0, 0.0, 0.0)","(0.0, 0.0, 0.0)",1000,relu,True,12,4,6,30006,40006,False,0.9725,0.9665,False,False,2000,0.01,torch.nn.Linear.reset_parameters: kaiming_uniform_(a=sqrt(5)); bias_uniform_bound=1/sqrt(fan_in),0.5773502691896257,1.4976384580368176
baseline,True,0.0,1.0,1.0,0.2,0.2,0.2,0.2,"(1.0, 0.0, 0.0)","(0.0, 0.0, 0.0)",1000,relu,True,12,4,7,30007,40007,False,0.9585,0.957,False,False,2000,0.01,torch.nn.Linear.reset_parameters: kaiming_uniform_(a=sqrt(5)); bias_uniform_bound=1/sqrt(fan_in),0.5773502691896257,1.4985259169479832
baseline,True,0.0,1.0,1.0,0.2,0.2,0.2,0.2,"(1.0, 0.0, 0.0)","(0.0, 0.0, 0.0)",1000,relu,True,12,4,8,30008,40008,False,0.5,0.5,False,True,2000,0.01,torch.nn.Linear.reset_parameters: kaiming_uniform_(a=sqrt(5)); bias_uniform_bound=1/sqrt(fan_in),0.5773502691896257,1.491595875006169
baseline,True,0.0,1.0,1.0,0.2,0.2,0.2,0.2,"(1.0, 0.0, 0.0)","(0.0, 0.0, 0.0)",1000,relu,True,12,4,9,30009,40009,False,0.5,0.5,False,True,2000,0.01,torch.nn.Linear.reset_parameters: kaiming_uniform_(a=sqrt(5)); bias_uniform_bound=1/sqrt(fan_in),0.5773502691896257,1.4947868750896305
baseline,True,0.0,1.0,1.0,0.2,0.2,0.2,0.2,"(1.0, 0.0, 0.0)","(0.0, 0.0, 0.0)",1000,leaky_relu,True,3,3,0,30000,40000,False,0.965,0.966,False,False,2000,0.01,torch.nn.Linear.reset_parameters: kaiming_uniform_(a=sqrt(5)); bias_uniform_bound=1/sqrt(fan_in),0.5773502691896257,0.6103100000182167
baseline,True,0.0,1.0,1.0,0.2,0.2,0.2,0.2,"(1.0, 0.0, 0.0)","(0.0, 0.0, 0.0)",1000,leaky_relu,True,3,3,1,30001,40001,False,0.964,0.956,False,False,2000,0.01,torch.nn.Linear.reset_parameters: kaiming_uniform_(a=sqrt(5)); bias_uniform_bound=1/sqrt(fan_in),0.5773502691896257,0.6102974170353264
baseline,True,0.0,1.0,1.0,0.2,0.2,0.2,0.2,"(1.0, 0.0, 0.0)","(0.0, 0.0, 0.0)",1000,leaky_relu,True,3,3,2,30002,40002,False,0.97,0.9645,False,False,2000,0.01,torch.nn.Linear.reset_parameters: kaiming_uniform_(a=sqrt(5)); bias_uniform_bound=1/sqrt(fan_in),0.5773502691896257,0.6019824999384582
baseline,True,0.0,1.0,1.0,0.2,0.2,0.2,0.2,"(1.0, 0.0, 0.0)","(0.0, 0.0, 0.0)",1000,leaky_relu,True,3,3,3,30003,40003,False,0.9615,0.9735,False,False,2000,0.01,torch.nn.Linear.reset_parameters: kaiming_uniform_(a=sqrt(5)); bias_uniform_bound=1/sqrt(fan_in),0.5773502691896257,0.5997801249613985
baseline,True,0.0,1.0,1.0,0.2,0.2,0.2,0.2,"(1.0, 0.0, 0.0)","(0.0, 0.0, 0.0)",1000,leaky_relu,True,3,3,4,30004,40004,False,0.953,0.959,False,False,2000,0.01,torch.nn.Linear.reset_parameters: kaiming_uniform_(a=sqrt(5)); bias_uniform_bound=1/sqrt(fan_in),0.5773502691896257,0.6071832089219242
baseline,True,0.0,1.0,1.0,0.2,0.2,0.2,0.2,"(1.0, 0.0, 0.0)","(0.0, 0.0, 0.0)",1000,leaky_relu,True,3,3,5,30005,40005,False,0.9735,0.9695,False,False,2000,0.01,torch.nn.Linear.reset_parameters: kaiming_uniform_(a=sqrt(5)); bias_uniform_bound=1/sqrt(fan_in),0.5773502691896257,0.6005064999917522
baseline,True,0.0,1.0,1.0,0.2,0.2,0.2,0.2,"(1.0, 0.0, 0.0)","(0.0, 0.0, 0.0)",1000,leaky_relu,True,3,3,6,30006,40006,False,0.9675,0.966,False,False,2000,0.01,torch.nn.Linear.reset_parameters: kaiming_uniform_(a=sqrt(5)); bias_uniform_bound=1/sqrt(fan_in),0.5773502691896257,0.6068446249701083
baseline,True,0.0,1.0,1.0,0.2,0.2,0.2,0.2,"(1.0, 0.0, 0.0)","(0.0, 0.0, 0.0)",1000,leaky_relu,True,3,3,7,30007,40007,False,0.966,0.9655,False,False,2000,0.01,torch.nn.Linear.reset_parameters: kaiming_uniform_(a=sqrt(5)); bias_uniform_bound=1/sqrt(fan_in),0.5773502691896257,0.6089954579947516
baseline,True,0.0,1.0,1.0,0.2,0.2,0.2,0.2,"(1.0, 0.0, 0.0)","(0.0, 0.0, 0.0)",1000,leaky_relu,True,3,3,8,30008,40008,False,0.963,0.962,False,False,2000,0.01,torch.nn.Linear.reset_parameters: kaiming_uniform_(a=sqrt(5)); bias_uniform_bound=1/sqrt(fan_in),0.5773502691896257,0.5995244580553845
baseline,True,0.0,1.0,1.0,0.2,0.2,0.2,0.2,"(1.0, 0.0, 0.0)","(0.0, 0.0, 0.0)",1000,leaky_relu,True,3,3,9,30009,40009,False,0.9365,0.9305,False,False,2000,0.01,torch.nn.Linear.reset_parameters: kaiming_uniform_(a=sqrt(5)); bias_uniform_bound=1/sqrt(fan_in),0.5773502691896257,0.602846167050302
baseline,True,0.0,1.0,1.0,0.2,0.2,0.2,0.2,"(1.0, 0.0, 0.0)","(0.0, 0.0, 0.0)",1000,leaky_relu,True,3,4,0,30000,40000,True,1.0,0.9995,False,False,2000,0.01,torch.nn.Linear.reset_parameters: kaiming_uniform_(a=sqrt(5)); bias_uniform_bound=1/sqrt(fan_in),0.5773502691896257,0.5672227080212906
baseline,True,0.0,1.0,1.0,0.2,0.2,0.2,0.2,"(1.0, 0.0, 0.0)","(0.0, 0.0, 0.0)",1000,leaky_relu,True,3,4,1,30001,40001,True,1.0,1.0,True,False,2000,0.01,torch.nn.Linear.reset_parameters: kaiming_uniform_(a=sqrt(5)); bias_uniform_bound=1/sqrt(fan_in),0.5773502691896257,0.5631941250758246
baseline,True,0.0,1.0,1.0,0.2,0.2,0.2,0.2,"(1.0, 0.0, 0.0)","(0.0, 0.0, 0.0)",1000,leaky_relu,True,3,4,2,30002,40002,False,0.9605,0.9605,False,False,2000,0.01,torch.nn.Linear.reset_parameters: kaiming_uniform_(a=sqrt(5)); bias_uniform_bound=1/sqrt(fan_in),0.5773502691896257,0.5638987079728395
baseline,True,0.0,1.0,1.0,0.2,0.2,0.2,0.2,"(1.0, 0.0, 0.0)","(0.0, 0.0, 0.0)",1000,leaky_relu,True,3,4,3,30003,40003,False,0.9615,0.973,False,False,2000,0.01,torch.nn.Linear.reset_parameters: kaiming_uniform_(a=sqrt(5)); bias_uniform_bound=1/sqrt(fan_in),0.5773502691896257,0.5610975830350071
baseline,True,0.0,1.0,1.0,0.2,0.2,0.2,0.2,"(1.0, 0.0, 0.0)","(0.0, 0.0, 0.0)",1000,leaky_relu,True,3,4,4,30004,40004,False,0.963,0.965,False,False,2000,0.01,torch.nn.Linear.reset_parameters: kaiming_uniform_(a=sqrt(5)); bias_uniform_bound=1/sqrt(fan_in),0.5773502691896257,0.5691502919653431
baseline,True,0.0,1.0,1.0,0.2,0.2,0.2,0.2,"(1.0, 0.0, 0.0)","(0.0, 0.0, 0.0)",1000,leaky_relu,True,3,4,5,30005,40005,False,0.9695,0.956,False,False,2000,0.01,torch.nn.Linear.reset_parameters: kaiming_uniform_(a=sqrt(5)); bias_uniform_bound=1/sqrt(fan_in),0.5773502691896257,0.5620076669147238
baseline,True,0.0,1.0,1.0,0.2,0.2,0.2,0.2,"(1.0, 0.0, 0.0)","(0.0, 0.0, 0.0)",1000,leaky_relu,True,3,4,6,30006,40006,False,0.966,0.958,False,False,2000,0.01,torch.nn.Linear.reset_parameters: kaiming_uniform_(a=sqrt(5)); bias_uniform_bound=1/sqrt(fan_in),0.5773502691896257,0.5642079579411075
baseline,True,0.0,1.0,1.0,0.2,0.2,0.2,0.2,"(1.0, 0.0, 0.0)","(0.0, 0.0, 0.0)",1000,leaky_relu,True,3,4,7,30007,40007,False,0.9605,0.97,False,False,2000,0.01,torch.nn.Linear.reset_parameters: kaiming_uniform_(a=sqrt(5)); bias_uniform_bound=1/sqrt(fan_in),0.5773502691896257,0.5603381249820814
baseline,True,0.0,1.0,1.0,0.2,0.2,0.2,0.2,"(1.0, 0.0, 0.0)","(0.0, 0.0, 0.0)",1000,leaky_relu,True,3,4,8,30008,40008,False,0.9705,0.963,False,False,2000,0.01,torch.nn.Linear.reset_parameters: kaiming_uniform_(a=sqrt(5)); bias_uniform_bound=1/sqrt(fan_in),0.5773502691896257,0.5623447910184041
baseline,True,0.0,1.0,1.0,0.2,0.2,0.2,0.2,"(1.0, 0.0, 0.0)","(0.0, 0.0, 0.0)",1000,leaky_relu,True,3,4,9,30009,40009,False,0.9655,0.962,False,False,2000,0.01,torch.nn.Linear.reset_parameters: kaiming_uniform_(a=sqrt(5)); bias_uniform_bound=1/sqrt(fan_in),0.5773502691896257,0.579313708934933
baseline,True,0.0,1.0,1.0,0.2,0.2,0.2,0.2,"(1.0, 0.0, 0.0)","(0.0, 0.0, 0.0)",1000,leaky_relu,True,5,3,0,30000,40000,False,0.9605,0.962,False,False,2000,0.01,torch.nn.Linear.reset_parameters: kaiming_uniform_(a=sqrt(5)); bias_uniform_bound=1/sqrt(fan_in),0.5773502691896257,0.8505673750769347
baseline,True,0.0,1.0,1.0,0.2,0.2,0.2,0.2,"(1.0, 0.0, 0.0)","(0.0, 0.0, 0.0)",1000,leaky_relu,True,5,3,1,30001,40001,False,0.966,0.964,False,False,2000,0.01,torch.nn.Linear.reset_parameters: kaiming_uniform_(a=sqrt(5)); bias_uniform_bound=1/sqrt(fan_in),0.5773502691896257,0.8718957499368116
baseline,True,0.0,1.0,1.0,0.2,0.2,0.2,0.2,"(1.0, 0.0, 0.0)","(0.0, 0.0, 0.0)",1000,leaky_relu,True,5,3,2,30002,40002,False,0.9645,0.9635,False,False,2000,0.01,torch.nn.Linear.reset_parameters: kaiming_uniform_(a=sqrt(5)); bias_uniform_bound=1/sqrt(fan_in),0.5773502691896257,0.8475240410771221
baseline,True,0.0,1.0,1.0,0.2,0.2,0.2,0.2,"(1.0, 0.0, 0.0)","(0.0, 0.0, 0.0)",1000,leaky_relu,True,5,3,3,30003,40003,False,0.9595,0.97,False,False,2000,0.01,torch.nn.Linear.reset_parameters: kaiming_uniform_(a=sqrt(5)); bias_uniform_bound=1/sqrt(fan_in),0.5773502691896257,0.8576998340431601
baseline,True,0.0,1.0,1.0,0.2,0.2,0.2,0.2,"(1.0, 0.0, 0.0)","(0.0, 0.0, 0.0)",1000,leaky_relu,True,5,3,4,30004,40004,False,0.967,0.9655,False,False,2000,0.01,torch.nn.Linear.reset_parameters: kaiming_uniform_(a=sqrt(5)); bias_uniform_bound=1/sqrt(fan_in),0.5773502691896257,0.8557134170550853
baseline,True,0.0,1.0,1.0,0.2,0.2,0.2,0.2,"(1.0, 0.0, 0.0)","(0.0, 0.0, 0.0)",1000,leaky_relu,True,5,3,5,30005,40005,False,0.97,0.961,False,False,2000,0.01,torch.nn.Linear.reset_parameters: kaiming_uniform_(a=sqrt(5)); bias_uniform_bound=1/sqrt(fan_in),0.5773502691896257,0.8507112499792129
baseline,True,0.0,1.0,1.0,0.2,0.2,0.2,0.2,"(1.0, 0.0, 0.0)","(0.0, 0.0, 0.0)",1000,leaky_relu,True,5,3,6,30006,40006,False,0.9665,0.9575,False,False,2000,0.01,torch.nn.Linear.reset_parameters: kaiming_uniform_(a=sqrt(5)); bias_uniform_bound=1/sqrt(fan_in),0.5773502691896257,0.8510366249829531
baseline,True,0.0,1.0,1.0,0.2,0.2,0.2,0.2,"(1.0, 0.0, 0.0)","(0.0, 0.0, 0.0)",1000,leaky_relu,True,5,3,7,30007,40007,False,0.9665,0.97,False,False,2000,0.01,torch.nn.Linear.reset_parameters: kaiming_uniform_(a=sqrt(5)); bias_uniform_bound=1/sqrt(fan_in),0.5773502691896257,0.8725762920221314
baseline,True,0.0,1.0,1.0,0.2,0.2,0.2,0.2,"(1.0, 0.0, 0.0)","(0.0, 0.0, 0.0)",1000,leaky_relu,True,5,3,8,30008,40008,False,0.9715,0.964,False,False,2000,0.01,torch.nn.Linear.reset_parameters: kaiming_uniform_(a=sqrt(5)); bias_uniform_bound=1/sqrt(fan_in),0.5773502691896257,0.8524388340301812
baseline,True,0.0,1.0,1.0,0.2,0.2,0.2,0.2,"(1.0, 0.0, 0.0)","(0.0, 0.0, 0.0)",1000,leaky_relu,True,5,3,9,30009,40009,False,0.9645,0.9625,False,False,2000,0.01,torch.nn.Linear.reset_parameters: kaiming_uniform_(a=sqrt(5)); bias_uniform_bound=1/sqrt(fan_in),0.5773502691896257,0.8469659580150619
baseline,True,0.0,1.0,1.0,0.2,0.2,0.2,0.2,"(1.0, 0.0, 0.0)","(0.0, 0.0, 0.0)",1000,leaky_relu,True,5,4,0,30000,40000,True,1.0,0.9985,False,False,2000,0.01,torch.nn.Linear.reset_parameters: kaiming_uniform_(a=sqrt(5)); bias_uniform_bound=1/sqrt(fan_in),0.5773502691896257,0.7808037500362843
baseline,True,0.0,1.0,1.0,0.2,0.2,0.2,0.2,"(1.0, 0.0, 0.0)","(0.0, 0.0, 0.0)",1000,leaky_relu,True,5,4,1,30001,40001,True,1.0,0.9975,False,False,2000,0.01,torch.nn.Linear.reset_parameters: kaiming_uniform_(a=sqrt(5)); bias_uniform_bound=1/sqrt(fan_in),0.5773502691896257,0.7829742500325665
baseline,True,0.0,1.0,1.0,0.2,0.2,0.2,0.2,"(1.0, 0.0, 0.0)","(0.0, 0.0, 0.0)",1000,leaky_relu,True,5,4,2,30002,40002,False,0.9705,0.9615,False,False,2000,0.01,torch.nn.Linear.reset_parameters: kaiming_uniform_(a=sqrt(5)); bias_uniform_bound=1/sqrt(fan_in),0.5773502691896257,0.7747134580276906
baseline,True,0.0,1.0,1.0,0.2,0.2,0.2,0.2,"(1.0, 0.0, 0.0)","(0.0, 0.0, 0.0)",1000,leaky_relu,True,5,4,3,30003,40003,False,0.959,0.966,False,False,2000,0.01,torch.nn.Linear.reset_parameters: kaiming_uniform_(a=sqrt(5)); bias_uniform_bound=1/sqrt(fan_in),0.5773502691896257,0.7802033330081031
baseline,True,0.0,1.0,1.0,0.2,0.2,0.2,0.2,"(1.0, 0.0, 0.0)","(0.0, 0.0, 0.0)",1000,leaky_relu,True,5,4,4,30004,40004,True,1.0,1.0,True,False,2000,0.01,torch.nn.Linear.reset_parameters: kaiming_uniform_(a=sqrt(5)); bias_uniform_bound=1/sqrt(fan_in),0.5773502691896257,0.7746524580288678
baseline,True,0.0,1.0,1.0,0.2,0.2,0.2,0.2,"(1.0, 0.0, 0.0)","(0.0, 0.0, 0.0)",1000,leaky_relu,True,5,4,5,30005,40005,False,0.9665,0.959,False,False,2000,0.01,torch.nn.Linear.reset_parameters: kaiming_uniform_(a=sqrt(5)); bias_uniform_bound=1/sqrt(fan_in),0.5773502691896257,0.7733827920164913
baseline,True,0.0,1.0,1.0,0.2,0.2,0.2,0.2,"(1.0, 0.0, 0.0)","(0.0, 0.0, 0.0)",1000,leaky_relu,True,5,4,6,30006,40006,False,0.9715,0.963,False,False,2000,0.01,torch.nn.Linear.reset_parameters: kaiming_uniform_(a=sqrt(5)); bias_uniform_bound=1/sqrt(fan_in),0.5773502691896257,0.7771101659163833
baseline,True,0.0,1.0,1.0,0.2,0.2,0.2,0.2,"(1.0, 0.0, 0.0)","(0.0, 0.0, 0.0)",1000,leaky_relu,True,5,4,7,30007,40007,True,1.0,0.9995,False,False,2000,0.01,torch.nn.Linear.reset_parameters: kaiming_uniform_(a=sqrt(5)); bias_uniform_bound=1/sqrt(fan_in),0.5773502691896257,0.7752408330561593
baseline,True,0.0,1.0,1.0,0.2,0.2,0.2,0.2,"(1.0, 0.0, 0.0)","(0.0, 0.0, 0.0)",1000,leaky_relu,True,5,4,8,30008,40008,False,0.972,0.963,False,False,2000,0.01,torch.nn.Linear.reset_parameters: kaiming_uniform_(a=sqrt(5)); bias_uniform_bound=1/sqrt(fan_in),0.5773502691896257,0.7767616659402847
baseline,True,0.0,1.0,1.0,0.2,0.2,0.2,0.2,"(1.0, 0.0, 0.0)","(0.0, 0.0, 0.0)",1000,leaky_relu,True,5,4,9,30009,40009,False,0.956,0.9575,False,False,2000,0.01,torch.nn.Linear.reset_parameters: kaiming_uniform_(a=sqrt(5)); bias_uniform_bound=1/sqrt(fan_in),0.5773502691896257,0.7811649169307202
baseline,True,0.0,1.0,1.0,0.2,0.2,0.2,0.2,"(1.0, 0.0, 0.0)","(0.0, 0.0, 0.0)",1000,leaky_relu,True,8,3,0,30000,40000,False,0.9685,0.967,False,False,2000,0.01,torch.nn.Linear.reset_parameters: kaiming_uniform_(a=sqrt(5)); bias_uniform_bound=1/sqrt(fan_in),0.5773502691896257,1.2475051250075921
baseline,True,0.0,1.0,1.0,0.2,0.2,0.2,0.2,"(1.0, 0.0, 0.0)","(0.0, 0.0, 0.0)",1000,leaky_relu,True,8,3,1,30001,40001,False,0.9615,0.962,False,False,2000,0.01,torch.nn.Linear.reset_parameters: kaiming_uniform_(a=sqrt(5)); bias_uniform_bound=1/sqrt(fan_in),0.5773502691896257,1.230748499976471
baseline,True,0.0,1.0,1.0,0.2,0.2,0.2,0.2,"(1.0, 0.0, 0.0)","(0.0, 0.0, 0.0)",1000,leaky_relu,True,8,3,2,30002,40002,False,0.958,0.951,False,False,2000,0.01,torch.nn.Linear.reset_parameters: kaiming_uniform_(a=sqrt(5)); bias_uniform_bound=1/sqrt(fan_in),0.5773502691896257,1.2141045000171289
baseline,True,0.0,1.0,1.0,0.2,0.2,0.2,0.2,"(1.0, 0.0, 0.0)","(0.0, 0.0, 0.0)",1000,leaky_relu,True,8,3,3,30003,40003,False,0.961,0.974,False,False,2000,0.01,torch.nn.Linear.reset_parameters: kaiming_uniform_(a=sqrt(5)); bias_uniform_bound=1/sqrt(fan_in),0.5773502691896257,1.220921208965592
baseline,True,0.0,1.0,1.0,0.2,0.2,0.2,0.2,"(1.0, 0.0, 0.0)","(0.0, 0.0, 0.0)",1000,leaky_relu,True,8,3,4,30004,40004,False,0.955,0.9595,False,False,2000,0.01,torch.nn.Linear.reset_parameters: kaiming_uniform_(a=sqrt(5)); bias_uniform_bound=1/sqrt(fan_in),0.5773502691896257,1.222901583998464
baseline,True,0.0,1.0,1.0,0.2,0.2,0.2,0.2,"(1.0, 0.0, 0.0)","(0.0, 0.0, 0.0)",1000,leaky_relu,True,8,3,5,30005,40005,False,0.9715,0.9635,False,False,2000,0.01,torch.nn.Linear.reset_parameters: kaiming_uniform_(a=sqrt(5)); bias_uniform_bound=1/sqrt(fan_in),0.5773502691896257,1.220916207996197
baseline,True,0.0,1.0,1.0,0.2,0.2,0.2,0.2,"(1.0, 0.0, 0.0)","(0.0, 0.0, 0.0)",1000,leaky_relu,True,8,3,6,30006,40006,False,0.969,0.9655,False,False,2000,0.01,torch.nn.Linear.reset_parameters: kaiming_uniform_(a=sqrt(5)); bias_uniform_bound=1/sqrt(fan_in),0.5773502691896257,1.2145705410512164
baseline,True,0.0,1.0,1.0,0.2,0.2,0.2,0.2,"(1.0, 0.0, 0.0)","(0.0, 0.0, 0.0)",1000,leaky_relu,True,8,3,7,30007,40007,False,0.9685,0.9685,False,False,2000,0.01,torch.nn.Linear.reset_parameters: kaiming_uniform_(a=sqrt(5)); bias_uniform_bound=1/sqrt(fan_in),0.5773502691896257,1.215338125010021
baseline,True,0.0,1.0,1.0,0.2,0.2,0.2,0.2,"(1.0, 0.0, 0.0)","(0.0, 0.0, 0.0)",1000,leaky_relu,True,8,3,8,30008,40008,False,0.96,0.952,False,False,2000,0.01,torch.nn.Linear.reset_parameters: kaiming_uniform_(a=sqrt(5)); bias_uniform_bound=1/sqrt(fan_in),0.5773502691896257,1.214456291985698
baseline,True,0.0,1.0,1.0,0.2,0.2,0.2,0.2,"(1.0, 0.0, 0.0)","(0.0, 0.0, 0.0)",1000,leaky_relu,True,8,3,9,30009,40009,False,0.952,0.957,False,False,2000,0.01,torch.nn.Linear.reset_parameters: kaiming_uniform_(a=sqrt(5)); bias_uniform_bound=1/sqrt(fan_in),0.5773502691896257,1.2119377090130001
baseline,True,0.0,1.0,1.0,0.2,0.2,0.2,0.2,"(1.0, 0.0, 0.0)","(0.0, 0.0, 0.0)",1000,leaky_relu,True,8,4,0,30000,40000,False,0.9735,0.968,False,False,2000,0.01,torch.nn.Linear.reset_parameters: kaiming_uniform_(a=sqrt(5)); bias_uniform_bound=1/sqrt(fan_in),0.5773502691896257,1.0925849580671638
baseline,True,0.0,1.0,1.0,0.2,0.2,0.2,0.2,"(1.0, 0.0, 0.0)","(0.0, 0.0, 0.0)",1000,leaky_relu,True,8,4,1,30001,40001,False,0.9595,0.959,False,False,2000,0.01,torch.nn.Linear.reset_parameters: kaiming_uniform_(a=sqrt(5)); bias_uniform_bound=1/sqrt(fan_in),0.5773502691896257,1.0882261249935254
baseline,True,0.0,1.0,1.0,0.2,0.2,0.2,0.2,"(1.0, 0.0, 0.0)","(0.0, 0.0, 0.0)",1000,leaky_relu,True,8,4,2,30002,40002,False,0.9705,0.9635,False,False,2000,0.01,torch.nn.Linear.reset_parameters: kaiming_uniform_(a=sqrt(5)); bias_uniform_bound=1/sqrt(fan_in),0.5773502691896257,1.0860646249493584
baseline,True,0.0,1.0,1.0,0.2,0.2,0.2,0.2,"(1.0, 0.0, 0.0)","(0.0, 0.0, 0.0)",1000,leaky_relu,True,8,4,3,30003,40003,True,1.0,0.999,False,False,2000,0.01,torch.nn.Linear.reset_parameters: kaiming_uniform_(a=sqrt(5)); bias_uniform_bound=1/sqrt(fan_in),0.5773502691896257,1.0901264999993145
baseline,True,0.0,1.0,1.0,0.2,0.2,0.2,0.2,"(1.0, 0.0, 0.0)","(0.0, 0.0, 0.0)",1000,leaky_relu,True,8,4,4,30004,40004,False,0.967,0.9675,False,False,2000,0.01,torch.nn.Linear.reset_parameters: kaiming_uniform_(a=sqrt(5)); bias_uniform_bound=1/sqrt(fan_in),0.5773502691896257,1.0858741670381278
baseline,True,0.0,1.0,1.0,0.2,0.2,0.2,0.2,"(1.0, 0.0, 0.0)","(0.0, 0.0, 0.0)",1000,leaky_relu,True,8,4,5,30005,40005,False,0.9925,0.988,False,False,2000,0.01,torch.nn.Linear.reset_parameters: kaiming_uniform_(a=sqrt(5)); bias_uniform_bound=1/sqrt(fan_in),0.5773502691896257,1.0995082500157878
baseline,True,0.0,1.0,1.0,0.2,0.2,0.2,0.2,"(1.0, 0.0, 0.0)","(0.0, 0.0, 0.0)",1000,leaky_relu,True,8,4,6,30006,40006,True,1.0,1.0,True,False,2000,0.01,torch.nn.Linear.reset_parameters: kaiming_uniform_(a=sqrt(5)); bias_uniform_bound=1/sqrt(fan_in),0.5773502691896257,1.0925079169683158
baseline,True,0.0,1.0,1.0,0.2,0.2,0.2,0.2,"(1.0, 0.0, 0.0)","(0.0, 0.0, 0.0)",1000,leaky_relu,True,8,4,7,30007,40007,True,1.0,0.9995,False,False,2000,0.01,torch.nn.Linear.reset_parameters: kaiming_uniform_(a=sqrt(5)); bias_uniform_bound=1/sqrt(fan_in),0.5773502691896257,1.0925824999576434
baseline,True,0.0,1.0,1.0,0.2,0.2,0.2,0.2,"(1.0, 0.0, 0.0)","(0.0, 0.0, 0.0)",1000,leaky_relu,True,8,4,8,30008,40008,False,0.9675,0.96,False,False,2000,0.01,torch.nn.Linear.reset_parameters: kaiming_uniform_(a=sqrt(5)); bias_uniform_bound=1/sqrt(fan_in),0.5773502691896257,1.0936545410659164
baseline,True,0.0,1.0,1.0,0.2,0.2,0.2,0.2,"(1.0, 0.0, 0.0)","(0.0, 0.0, 0.0)",1000,leaky_relu,True,8,4,9,30009,40009,False,0.9605,0.9655,False,False,2000,0.01,torch.nn.Linear.reset_parameters: kaiming_uniform_(a=sqrt(5)); bias_uniform_bound=1/sqrt(fan_in),0.5773502691896257,1.0931599580217153
baseline,True,0.0,1.0,1.0,0.2,0.2,0.2,0.2,"(1.0, 0.0, 0.0)","(0.0, 0.0, 0.0)",1000,leaky_relu,True,12,3,0,30000,40000,False,0.5,0.5,False,True,2000,0.01,torch.nn.Linear.reset_parameters: kaiming_uniform_(a=sqrt(5)); bias_uniform_bound=1/sqrt(fan_in),0.5773502691896257,1.7035102500813082
baseline,True,0.0,1.0,1.0,0.2,0.2,0.2,0.2,"(1.0, 0.0, 0.0)","(0.0, 0.0, 0.0)",1000,leaky_relu,True,12,3,1,30001,40001,False,0.5,0.5,False,True,2000,0.01,torch.nn.Linear.reset_parameters: kaiming_uniform_(a=sqrt(5)); bias_uniform_bound=1/sqrt(fan_in),0.5773502691896257,1.7021240829490125
baseline,True,0.0,1.0,1.0,0.2,0.2,0.2,0.2,"(1.0, 0.0, 0.0)","(0.0, 0.0, 0.0)",1000,leaky_relu,True,12,3,2,30002,40002,False,0.9625,0.9605,False,False,2000,0.01,torch.nn.Linear.reset_parameters: kaiming_uniform_(a=sqrt(5)); bias_uniform_bound=1/sqrt(fan_in),0.5773502691896257,1.7050390830263495
baseline,True,0.0,1.0,1.0,0.2,0.2,0.2,0.2,"(1.0, 0.0, 0.0)","(0.0, 0.0, 0.0)",1000,leaky_relu,True,12,3,3,30003,40003,False,0.971,0.9685,False,False,2000,0.01,torch.nn.Linear.reset_parameters: kaiming_uniform_(a=sqrt(5)); bias_uniform_bound=1/sqrt(fan_in),0.5773502691896257,1.7064687910024077
baseline,True,0.0,1.0,1.0,0.2,0.2,0.2,0.2,"(1.0, 0.0, 0.0)","(0.0, 0.0, 0.0)",1000,leaky_relu,True,12,3,4,30004,40004,False,0.956,0.965,False,False,2000,0.01,torch.nn.Linear.reset_parameters: kaiming_uniform_(a=sqrt(5)); bias_uniform_bound=1/sqrt(fan_in),0.5773502691896257,1.7084439999889582
baseline,True,0.0,1.0,1.0,0.2,0.2,0.2,0.2,"(1.0, 0.0, 0.0)","(0.0, 0.0, 0.0)",1000,leaky_relu,True,12,3,5,30005,40005,False,0.9705,0.9695,False,False,2000,0.01,torch.nn.Linear.reset_parameters: kaiming_uniform_(a=sqrt(5)); bias_uniform_bound=1/sqrt(fan_in),0.5773502691896257,1.6929107499308884
baseline,True,0.0,1.0,1.0,0.2,0.2,0.2,0.2,"(1.0, 0.0, 0.0)","(0.0, 0.0, 0.0)",1000,leaky_relu,True,12,3,6,30006,40006,False,0.5,0.5,False,True,2000,0.01,torch.nn.Linear.reset_parameters: kaiming_uniform_(a=sqrt(5)); bias_uniform_bound=1/sqrt(fan_in),0.5773502691896257,1.8029970830539241
baseline,True,0.0,1.0,1.0,0.2,0.2,0.2,0.2,"(1.0, 0.0, 0.0)","(0.0, 0.0, 0.0)",1000,leaky_relu,True,12,3,7,30007,40007,False,0.96,0.968,False,False,2000,0.01,torch.nn.Linear.reset_parameters: kaiming_uniform_(a=sqrt(5)); bias_uniform_bound=1/sqrt(fan_in),0.5773502691896257,1.70468033303041
baseline,True,0.0,1.0,1.0,0.2,0.2,0.2,0.2,"(1.0, 0.0, 0.0)","(0.0, 0.0, 0.0)",1000,leaky_relu,True,12,3,8,30008,40008,False,0.5,0.5,False,True,2000,0.01,torch.nn.Linear.reset_parameters: kaiming_uniform_(a=sqrt(5)); bias_uniform_bound=1/sqrt(fan_in),0.5773502691896257,1.70535425003618
baseline,True,0.0,1.0,1.0,0.2,0.2,0.2,0.2,"(1.0, 0.0, 0.0)","(0.0, 0.0, 0.0)",1000,leaky_relu,True,12,3,9,30009,40009,False,0.959,0.9615,False,False,2000,0.01,torch.nn.Linear.reset_parameters: kaiming_uniform_(a=sqrt(5)); bias_uniform_bound=1/sqrt(fan_in),0.5773502691896257,1.711838582996279
baseline,True,0.0,1.0,1.0,0.2,0.2,0.2,0.2,"(1.0, 0.0, 0.0)","(0.0, 0.0, 0.0)",1000,leaky_relu,True,12,4,0,30000,40000,False,0.5,0.5,False,True,2000,0.01,torch.nn.Linear.reset_parameters: kaiming_uniform_(a=sqrt(5)); bias_uniform_bound=1/sqrt(fan_in),0.5773502691896257,1.5025118329795077
baseline,True,0.0,1.0,1.0,0.2,0.2,0.2,0.2,"(1.0, 0.0, 0.0)","(0.0, 0.0, 0.0)",1000,leaky_relu,True,12,4,1,30001,40001,False,0.9645,0.969,False,False,2000,0.01,torch.nn.Linear.reset_parameters: kaiming_uniform_(a=sqrt(5)); bias_uniform_bound=1/sqrt(fan_in),0.5773502691896257,1.5010759580181912
baseline,True,0.0,1.0,1.0,0.2,0.2,0.2,0.2,"(1.0, 0.0, 0.0)","(0.0, 0.0, 0.0)",1000,leaky_relu,True,12,4,2,30002,40002,False,0.967,0.966,False,False,2000,0.01,torch.nn.Linear.reset_parameters: kaiming_uniform_(a=sqrt(5)); bias_uniform_bound=1/sqrt(fan_in),0.5773502691896257,1.5262437090277672
baseline,True,0.0,1.0,1.0,0.2,0.2,0.2,0.2,"(1.0, 0.0, 0.0)","(0.0, 0.0, 0.0)",1000,leaky_relu,True,12,4,3,30003,40003,True,1.0,1.0,True,False,2000,0.01,torch.nn.Linear.reset_parameters: kaiming_uniform_(a=sqrt(5)); bias_uniform_bound=1/sqrt(fan_in),0.5773502691896257,1.548823207966052
baseline,True,0.0,1.0,1.0,0.2,0.2,0.2,0.2,"(1.0, 0.0, 0.0)","(0.0, 0.0, 0.0)",1000,leaky_relu,True,12,4,4,30004,40004,True,1.0,1.0,True,False,2000,0.01,torch.nn.Linear.reset_parameters: kaiming_uniform_(a=sqrt(5)); bias_uniform_bound=1/sqrt(fan_in),0.5773502691896257,1.5401958749862388
baseline,True,0.0,1.0,1.0,0.2,0.2,0.2,0.2,"(1.0, 0.0, 0.0)","(0.0, 0.0, 0.0)",1000,leaky_relu,True,12,4,5,30005,40005,True,1.0,0.999,False,False,2000,0.01,torch.nn.Linear.reset_parameters: kaiming_uniform_(a=sqrt(5)); bias_uniform_bound=1/sqrt(fan_in),0.5773502691896257,1.5083955409936607
baseline,True,0.0,1.0,1.0,0.2,0.2,0.2,0.2,"(1.0, 0.0, 0.0)","(0.0, 0.0, 0.0)",1000,leaky_relu,True,12,4,6,30006,40006,False,0.9595,0.9565,False,False,2000,0.01,torch.nn.Linear.reset_parameters: kaiming_uniform_(a=sqrt(5)); bias_uniform_bound=1/sqrt(fan_in),0.5773502691896257,1.5034086250234395
baseline,True,0.0,1.0,1.0,0.2,0.2,0.2,0.2,"(1.0, 0.0, 0.0)","(0.0, 0.0, 0.0)",1000,leaky_relu,True,12,4,7,30007,40007,False,0.963,0.966,False,False,2000,0.01,torch.nn.Linear.reset_parameters: kaiming_uniform_(a=sqrt(5)); bias_uniform_bound=1/sqrt(fan_in),0.5773502691896257,1.5074122499208897
baseline,True,0.0,1.0,1.0,0.2,0.2,0.2,0.2,"(1.0, 0.0, 0.0)","(0.0, 0.0, 0.0)",1000,leaky_relu,True,12,4,8,30008,40008,False,0.97,0.967,False,False,2000,0.01,torch.nn.Linear.reset_parameters: kaiming_uniform_(a=sqrt(5)); bias_uniform_bound=1/sqrt(fan_in),0.5773502691896257,1.506640666979365
baseline,True,0.0,1.0,1.0,0.2,0.2,0.2,0.2,"(1.0, 0.0, 0.0)","(0.0, 0.0, 0.0)",1000,leaky_relu,True,12,4,9,30009,40009,False,0.967,0.9615,False,False,2000,0.01,torch.nn.Linear.reset_parameters: kaiming_uniform_(a=sqrt(5)); bias_uniform_bound=1/sqrt(fan_in),0.5773502691896257,1.509982332936488
baseline,True,0.0,1.0,1.0,0.2,0.2,0.2,0.2,"(1.0, 0.0, 0.0)","(0.0, 0.0, 0.0)",1000,gelu,False,3,3,0,30000,40000,False,0.9585,0.9565,False,False,2000,0.01,torch.nn.Linear.reset_parameters: kaiming_uniform_(a=sqrt(5)); bias_uniform_bound=1/sqrt(fan_in),0.5773502691896257,0.6639062080066651
baseline,True,0.0,1.0,1.0,0.2,0.2,0.2,0.2,"(1.0, 0.0, 0.0)","(0.0, 0.0, 0.0)",1000,gelu,False,3,3,1,30001,40001,False,0.947,0.9505,False,False,2000,0.01,torch.nn.Linear.reset_parameters: kaiming_uniform_(a=sqrt(5)); bias_uniform_bound=1/sqrt(fan_in),0.5773502691896257,0.6574014580110088
baseline,True,0.0,1.0,1.0,0.2,0.2,0.2,0.2,"(1.0, 0.0, 0.0)","(0.0, 0.0, 0.0)",1000,gelu,False,3,3,2,30002,40002,False,0.971,0.962,False,False,2000,0.01,torch.nn.Linear.reset_parameters: kaiming_uniform_(a=sqrt(5)); bias_uniform_bound=1/sqrt(fan_in),0.5773502691896257,0.6667815829860047
baseline,True,0.0,1.0,1.0,0.2,0.2,0.2,0.2,"(1.0, 0.0, 0.0)","(0.0, 0.0, 0.0)",1000,gelu,False,3,3,3,30003,40003,False,0.9705,0.9705,False,False,2000,0.01,torch.nn.Linear.reset_parameters: kaiming_uniform_(a=sqrt(5)); bias_uniform_bound=1/sqrt(fan_in),0.5773502691896257,0.6654806659789756
baseline,True,0.0,1.0,1.0,0.2,0.2,0.2,0.2,"(1.0, 0.0, 0.0)","(0.0, 0.0, 0.0)",1000,gelu,False,3,3,4,30004,40004,False,0.953,0.9625,False,False,2000,0.01,torch.nn.Linear.reset_parameters: kaiming_uniform_(a=sqrt(5)); bias_uniform_bound=1/sqrt(fan_in),0.5773502691896257,0.6617857500677928
baseline,True,0.0,1.0,1.0,0.2,0.2,0.2,0.2,"(1.0, 0.0, 0.0)","(0.0, 0.0, 0.0)",1000,gelu,False,3,3,5,30005,40005,True,1.0,0.9995,False,False,2000,0.01,torch.nn.Linear.reset_parameters: kaiming_uniform_(a=sqrt(5)); bias_uniform_bound=1/sqrt(fan_in),0.5773502691896257,0.6661047080997378
baseline,True,0.0,1.0,1.0,0.2,0.2,0.2,0.2,"(1.0, 0.0, 0.0)","(0.0, 0.0, 0.0)",1000,gelu,False,3,3,6,30006,40006,False,0.974,0.966,False,False,2000,0.01,torch.nn.Linear.reset_parameters: kaiming_uniform_(a=sqrt(5)); bias_uniform_bound=1/sqrt(fan_in),0.5773502691896257,0.6730597499990836
baseline,True,0.0,1.0,1.0,0.2,0.2,0.2,0.2,"(1.0, 0.0, 0.0)","(0.0, 0.0, 0.0)",1000,gelu,False,3,3,7,30007,40007,False,0.9565,0.9555,False,False,2000,0.01,torch.nn.Linear.reset_parameters: kaiming_uniform_(a=sqrt(5)); bias_uniform_bound=1/sqrt(fan_in),0.5773502691896257,0.6894334170501679
baseline,True,0.0,1.0,1.0,0.2,0.2,0.2,0.2,"(1.0, 0.0, 0.0)","(0.0, 0.0, 0.0)",1000,gelu,False,3,3,8,30008,40008,False,0.9585,0.956,False,False,2000,0.01,torch.nn.Linear.reset_parameters: kaiming_uniform_(a=sqrt(5)); bias_uniform_bound=1/sqrt(fan_in),0.5773502691896257,0.6661810829536989
baseline,True,0.0,1.0,1.0,0.2,0.2,0.2,0.2,"(1.0, 0.0, 0.0)","(0.0, 0.0, 0.0)",1000,gelu,False,3,3,9,30009,40009,False,0.949,0.958,False,False,2000,0.01,torch.nn.Linear.reset_parameters: kaiming_uniform_(a=sqrt(5)); bias_uniform_bound=1/sqrt(fan_in),0.5773502691896257,0.6618407500209287
baseline,True,0.0,1.0,1.0,0.2,0.2,0.2,0.2,"(1.0, 0.0, 0.0)","(0.0, 0.0, 0.0)",1000,gelu,False,3,4,0,30000,40000,True,1.0,1.0,True,False,2000,0.01,torch.nn.Linear.reset_parameters: kaiming_uniform_(a=sqrt(5)); bias_uniform_bound=1/sqrt(fan_in),0.5773502691896257,0.6452935410197824
baseline,True,0.0,1.0,1.0,0.2,0.2,0.2,0.2,"(1.0, 0.0, 0.0)","(0.0, 0.0, 0.0)",1000,gelu,False,3,4,1,30001,40001,True,1.0,1.0,True,False,2000,0.01,torch.nn.Linear.reset_parameters: kaiming_uniform_(a=sqrt(5)); bias_uniform_bound=1/sqrt(fan_in),0.5773502691896257,0.6365723749622703
baseline,True,0.0,1.0,1.0,0.2,0.2,0.2,0.2,"(1.0, 0.0, 0.0)","(0.0, 0.0, 0.0)",1000,gelu,False,3,4,2,30002,40002,False,0.956,0.953,False,False,2000,0.01,torch.nn.Linear.reset_parameters: kaiming_uniform_(a=sqrt(5)); bias_uniform_bound=1/sqrt(fan_in),0.5773502691896257,0.6326290419092402
baseline,True,0.0,1.0,1.0,0.2,0.2,0.2,0.2,"(1.0, 0.0, 0.0)","(0.0, 0.0, 0.0)",1000,gelu,False,3,4,3,30003,40003,True,1.0,1.0,True,False,2000,0.01,torch.nn.Linear.reset_parameters: kaiming_uniform_(a=sqrt(5)); bias_uniform_bound=1/sqrt(fan_in),0.5773502691896257,0.6357082499889657
baseline,True,0.0,1.0,1.0,0.2,0.2,0.2,0.2,"(1.0, 0.0, 0.0)","(0.0, 0.0, 0.0)",1000,gelu,False,3,4,4,30004,40004,False,0.953,0.962,False,False,2000,0.01,torch.nn.Linear.reset_parameters: kaiming_uniform_(a=sqrt(5)); bias_uniform_bound=1/sqrt(fan_in),0.5773502691896257,0.6375830000033602
baseline,True,0.0,1.0,1.0,0.2,0.2,0.2,0.2,"(1.0, 0.0, 0.0)","(0.0, 0.0, 0.0)",1000,gelu,False,3,4,5,30005,40005,True,1.0,1.0,True,False,2000,0.01,torch.nn.Linear.reset_parameters: kaiming_uniform_(a=sqrt(5)); bias_uniform_bound=1/sqrt(fan_in),0.5773502691896257,0.638683583936654
baseline,True,0.0,1.0,1.0,0.2,0.2,0.2,0.2,"(1.0, 0.0, 0.0)","(0.0, 0.0, 0.0)",1000,gelu,False,3,4,6,30006,40006,True,1.0,1.0,True,False,2000,0.01,torch.nn.Linear.reset_parameters: kaiming_uniform_(a=sqrt(5)); bias_uniform_bound=1/sqrt(fan_in),0.5773502691896257,0.6414294999558479
baseline,True,0.0,1.0,1.0,0.2,0.2,0.2,0.2,"(1.0, 0.0, 0.0)","(0.0, 0.0, 0.0)",1000,gelu,False,3,4,7,30007,40007,False,0.9555,0.9555,False,False,2000,0.01,torch.nn.Linear.reset_parameters: kaiming_uniform_(a=sqrt(5)); bias_uniform_bound=1/sqrt(fan_in),0.5773502691896257,0.6363127919612452
baseline,True,0.0,1.0,1.0,0.2,0.2,0.2,0.2,"(1.0, 0.0, 0.0)","(0.0, 0.0, 0.0)",1000,gelu,False,3,4,8,30008,40008,True,1.0,1.0,True,False,2000,0.01,torch.nn.Linear.reset_parameters: kaiming_uniform_(a=sqrt(5)); bias_uniform_bound=1/sqrt(fan_in),0.5773502691896257,0.6343633750220761
baseline,True,0.0,1.0,1.0,0.2,0.2,0.2,0.2,"(1.0, 0.0, 0.0)","(0.0, 0.0, 0.0)",1000,gelu,False,3,4,9,30009,40009,True,1.0,1.0,True,False,2000,0.01,torch.nn.Linear.reset_parameters: kaiming_uniform_(a=sqrt(5)); bias_uniform_bound=1/sqrt(fan_in),0.5773502691896257,0.6498529580421746
baseline,True,0.0,1.0,1.0,0.2,0.2,0.2,0.2,"(1.0, 0.0, 0.0)","(0.0, 0.0, 0.0)",1000,gelu,False,5,3,0,30000,40000,False,0.9695,0.959,False,False,2000,0.01,torch.nn.Linear.reset_parameters: kaiming_uniform_(a=sqrt(5)); bias_uniform_bound=1/sqrt(fan_in),0.5773502691896257,1.0532427079742774
baseline,True,0.0,1.0,1.0,0.2,0.2,0.2,0.2,"(1.0, 0.0, 0.0)","(0.0, 0.0, 0.0)",1000,gelu,False,5,3,1,30001,40001,False,0.946,0.9525,False,False,2000,0.01,torch.nn.Linear.reset_parameters: kaiming_uniform_(a=sqrt(5)); bias_uniform_bound=1/sqrt(fan_in),0.5773502691896257,0.9520668330369517
baseline,True,0.0,1.0,1.0,0.2,0.2,0.2,0.2,"(1.0, 0.0, 0.0)","(0.0, 0.0, 0.0)",1000,gelu,False,5,3,2,30002,40002,False,0.9585,0.953,False,False,2000,0.01,torch.nn.Linear.reset_parameters: kaiming_uniform_(a=sqrt(5)); bias_uniform_bound=1/sqrt(fan_in),0.5773502691896257,0.9528530410025269
baseline,True,0.0,1.0,1.0,0.2,0.2,0.2,0.2,"(1.0, 0.0, 0.0)","(0.0, 0.0, 0.0)",1000,gelu,False,5,3,3,30003,40003,False,0.9695,0.973,False,False,2000,0.01,torch.nn.Linear.reset_parameters: kaiming_uniform_(a=sqrt(5)); bias_uniform_bound=1/sqrt(fan_in),0.5773502691896257,0.9608310420298949
baseline,True,0.0,1.0,1.0,0.2,0.2,0.2,0.2,"(1.0, 0.0, 0.0)","(0.0, 0.0, 0.0)",1000,gelu,False,5,3,4,30004,40004,False,0.9525,0.962,False,False,2000,0.01,torch.nn.Linear.reset_parameters: kaiming_uniform_(a=sqrt(5)); bias_uniform_bound=1/sqrt(fan_in),0.5773502691896257,0.9491217499598861
baseline,True,0.0,1.0,1.0,0.2,0.2,0.2,0.2,"(1.0, 0.0, 0.0)","(0.0, 0.0, 0.0)",1000,gelu,False,5,3,5,30005,40005,False,0.9735,0.9695,False,False,2000,0.01,torch.nn.Linear.reset_parameters: kaiming_uniform_(a=sqrt(5)); bias_uniform_bound=1/sqrt(fan_in),0.5773502691896257,0.9583890000358224
baseline,True,0.0,1.0,1.0,0.2,0.2,0.2,0.2,"(1.0, 0.0, 0.0)","(0.0, 0.0, 0.0)",1000,gelu,False,5,3,6,30006,40006,False,0.962,0.951,False,False,2000,0.01,torch.nn.Linear.reset_parameters: kaiming_uniform_(a=sqrt(5)); bias_uniform_bound=1/sqrt(fan_in),0.5773502691896257,0.9743115830933675
baseline,True,0.0,1.0,1.0,0.2,0.2,0.2,0.2,"(1.0, 0.0, 0.0)","(0.0, 0.0, 0.0)",1000,gelu,False,5,3,7,30007,40007,False,0.956,0.956,False,False,2000,0.01,torch.nn.Linear.reset_parameters: kaiming_uniform_(a=sqrt(5)); bias_uniform_bound=1/sqrt(fan_in),0.5773502691896257,0.9458437089342624
baseline,True,0.0,1.0,1.0,0.2,0.2,0.2,0.2,"(1.0, 0.0, 0.0)","(0.0, 0.0, 0.0)",1000,gelu,False,5,3,8,30008,40008,True,1.0,1.0,True,False,2000,0.01,torch.nn.Linear.reset_parameters: kaiming_uniform_(a=sqrt(5)); bias_uniform_bound=1/sqrt(fan_in),0.5773502691896257,0.9602083750069141
baseline,True,0.0,1.0,1.0,0.2,0.2,0.2,0.2,"(1.0, 0.0, 0.0)","(0.0, 0.0, 0.0)",1000,gelu,False,5,3,9,30009,40009,False,0.949,0.958,False,False,2000,0.01,torch.nn.Linear.reset_parameters: kaiming_uniform_(a=sqrt(5)); bias_uniform_bound=1/sqrt(fan_in),0.5773502691896257,0.9587879169266671
baseline,True,0.0,1.0,1.0,0.2,0.2,0.2,0.2,"(1.0, 0.0, 0.0)","(0.0, 0.0, 0.0)",1000,gelu,False,5,4,0,30000,40000,False,0.9705,0.9605,False,False,2000,0.01,torch.nn.Linear.reset_parameters: kaiming_uniform_(a=sqrt(5)); bias_uniform_bound=1/sqrt(fan_in),0.5773502691896257,0.9097204169956967
baseline,True,0.0,1.0,1.0,0.2,0.2,0.2,0.2,"(1.0, 0.0, 0.0)","(0.0, 0.0, 0.0)",1000,gelu,False,5,4,1,30001,40001,False,0.9475,0.9525,False,False,2000,0.01,torch.nn.Linear.reset_parameters: kaiming_uniform_(a=sqrt(5)); bias_uniform_bound=1/sqrt(fan_in),0.5773502691896257,0.9118823750177398
baseline,True,0.0,1.0,1.0,0.2,0.2,0.2,0.2,"(1.0, 0.0, 0.0)","(0.0, 0.0, 0.0)",1000,gelu,False,5,4,2,30002,40002,True,1.0,1.0,True,False,2000,0.01,torch.nn.Linear.reset_parameters: kaiming_uniform_(a=sqrt(5)); bias_uniform_bound=1/sqrt(fan_in),0.5773502691896257,0.9201234159991145
baseline,True,0.0,1.0,1.0,0.2,0.2,0.2,0.2,"(1.0, 0.0, 0.0)","(0.0, 0.0, 0.0)",1000,gelu,False,5,4,3,30003,40003,False,0.9685,0.9575,False,False,2000,0.01,torch.nn.Linear.reset_parameters: kaiming_uniform_(a=sqrt(5)); bias_uniform_bound=1/sqrt(fan_in),0.5773502691896257,0.9208962500561029
baseline,True,0.0,1.0,1.0,0.2,0.2,0.2,0.2,"(1.0, 0.0, 0.0)","(0.0, 0.0, 0.0)",1000,gelu,False,5,4,4,30004,40004,True,1.0,1.0,True,False,2000,0.01,torch.nn.Linear.reset_parameters: kaiming_uniform_(a=sqrt(5)); bias_uniform_bound=1/sqrt(fan_in),0.5773502691896257,0.9152732499642298
baseline,True,0.0,1.0,1.0,0.2,0.2,0.2,0.2,"(1.0, 0.0, 0.0)","(0.0, 0.0, 0.0)",1000,gelu,False,5,4,5,30005,40005,True,1.0,1.0,True,False,2000,0.01,torch.nn.Linear.reset_parameters: kaiming_uniform_(a=sqrt(5)); bias_uniform_bound=1/sqrt(fan_in),0.5773502691896257,0.9103414580458775
baseline,True,0.0,1.0,1.0,0.2,0.2,0.2,0.2,"(1.0, 0.0, 0.0)","(0.0, 0.0, 0.0)",1000,gelu,False,5,4,6,30006,40006,True,1.0,1.0,True,False,2000,0.01,torch.nn.Linear.reset_parameters: kaiming_uniform_(a=sqrt(5)); bias_uniform_bound=1/sqrt(fan_in),0.5773502691896257,0.9150662090396509
baseline,True,0.0,1.0,1.0,0.2,0.2,0.2,0.2,"(1.0, 0.0, 0.0)","(0.0, 0.0, 0.0)",1000,gelu,False,5,4,7,30007,40007,False,0.9555,0.954,False,False,2000,0.01,torch.nn.Linear.reset_parameters: kaiming_uniform_(a=sqrt(5)); bias_uniform_bound=1/sqrt(fan_in),0.5773502691896257,0.9144481660332531
baseline,True,0.0,1.0,1.0,0.2,0.2,0.2,0.2,"(1.0, 0.0, 0.0)","(0.0, 0.0, 0.0)",1000,gelu,False,5,4,8,30008,40008,True,1.0,1.0,True,False,2000,0.01,torch.nn.Linear.reset_parameters: kaiming_uniform_(a=sqrt(5)); bias_uniform_bound=1/sqrt(fan_in),0.5773502691896257,0.928252375102602
baseline,True,0.0,1.0,1.0,0.2,0.2,0.2,0.2,"(1.0, 0.0, 0.0)","(0.0, 0.0, 0.0)",1000,gelu,False,5,4,9,30009,40009,True,1.0,1.0,True,False,2000,0.01,torch.nn.Linear.reset_parameters: kaiming_uniform_(a=sqrt(5)); bias_uniform_bound=1/sqrt(fan_in),0.5773502691896257,0.9218824590789154
baseline,True,0.0,1.0,1.0,0.2,0.2,0.2,0.2,"(1.0, 0.0, 0.0)","(0.0, 0.0, 0.0)",1000,gelu,False,8,3,0,30000,40000,False,0.958,0.9565,False,False,2000,0.01,torch.nn.Linear.reset_parameters: kaiming_uniform_(a=sqrt(5)); bias_uniform_bound=1/sqrt(fan_in),0.5773502691896257,1.388730000006035
baseline,True,0.0,1.0,1.0,0.2,0.2,0.2,0.2,"(1.0, 0.0, 0.0)","(0.0, 0.0, 0.0)",1000,gelu,False,8,3,1,30001,40001,False,0.9865,0.9825,False,False,2000,0.01,torch.nn.Linear.reset_parameters: kaiming_uniform_(a=sqrt(5)); bias_uniform_bound=1/sqrt(fan_in),0.5773502691896257,1.4240115829743445
baseline,True,0.0,1.0,1.0,0.2,0.2,0.2,0.2,"(1.0, 0.0, 0.0)","(0.0, 0.0, 0.0)",1000,gelu,False,8,3,2,30002,40002,True,1.0,0.9985,False,False,2000,0.01,torch.nn.Linear.reset_parameters: kaiming_uniform_(a=sqrt(5)); bias_uniform_bound=1/sqrt(fan_in),0.5773502691896257,1.4141597499838099
baseline,True,0.0,1.0,1.0,0.2,0.2,0.2,0.2,"(1.0, 0.0, 0.0)","(0.0, 0.0, 0.0)",1000,gelu,False,8,3,3,30003,40003,False,0.967,0.963,False,False,2000,0.01,torch.nn.Linear.reset_parameters: kaiming_uniform_(a=sqrt(5)); bias_uniform_bound=1/sqrt(fan_in),0.5773502691896257,1.3718165829777718
baseline,True,0.0,1.0,1.0,0.2,0.2,0.2,0.2,"(1.0, 0.0, 0.0)","(0.0, 0.0, 0.0)",1000,gelu,False,8,3,4,30004,40004,False,0.977,0.9745,False,False,2000,0.01,torch.nn.Linear.reset_parameters: kaiming_uniform_(a=sqrt(5)); bias_uniform_bound=1/sqrt(fan_in),0.5773502691896257,1.424526207963936
baseline,True,0.0,1.0,1.0,0.2,0.2,0.2,0.2,"(1.0, 0.0, 0.0)","(0.0, 0.0, 0.0)",1000,gelu,False,8,3,5,30005,40005,False,0.9725,0.9665,False,False,2000,0.01,torch.nn.Linear.reset_parameters: kaiming_uniform_(a=sqrt(5)); bias_uniform_bound=1/sqrt(fan_in),0.5773502691896257,1.3809991660527885
baseline,True,0.0,1.0,1.0,0.2,0.2,0.2,0.2,"(1.0, 0.0, 0.0)","(0.0, 0.0, 0.0)",1000,gelu,False,8,3,6,30006,40006,False,0.971,0.97,False,False,2000,0.01,torch.nn.Linear.reset_parameters: kaiming_uniform_(a=sqrt(5)); bias_uniform_bound=1/sqrt(fan_in),0.5773502691896257,1.3904847090598196
baseline,True,0.0,1.0,1.0,0.2,0.2,0.2,0.2,"(1.0, 0.0, 0.0)","(0.0, 0.0, 0.0)",1000,gelu,False,8,3,7,30007,40007,False,0.9865,0.9755,False,False,2000,0.01,torch.nn.Linear.reset_parameters: kaiming_uniform_(a=sqrt(5)); bias_uniform_bound=1/sqrt(fan_in),0.5773502691896257,1.3813903749687597
baseline,True,0.0,1.0,1.0,0.2,0.2,0.2,0.2,"(1.0, 0.0, 0.0)","(0.0, 0.0, 0.0)",1000,gelu,False,8,3,8,30008,40008,False,0.9605,0.953,False,False,2000,0.01,torch.nn.Linear.reset_parameters: kaiming_uniform_(a=sqrt(5)); bias_uniform_bound=1/sqrt(fan_in),0.5773502691896257,1.3997362499358132
baseline,True,0.0,1.0,1.0,0.2,0.2,0.2,0.2,"(1.0, 0.0, 0.0)","(0.0, 0.0, 0.0)",1000,gelu,False,8,3,9,30009,40009,False,0.976,0.9675,False,False,2000,0.01,torch.nn.Linear.reset_parameters: kaiming_uniform_(a=sqrt(5)); bias_uniform_bound=1/sqrt(fan_in),0.5773502691896257,1.389966250048019
baseline,True,0.0,1.0,1.0,0.2,0.2,0.2,0.2,"(1.0, 0.0, 0.0)","(0.0, 0.0, 0.0)",1000,gelu,False,8,4,0,30000,40000,True,1.0,1.0,True,False,2000,0.01,torch.nn.Linear.reset_parameters: kaiming_uniform_(a=sqrt(5)); bias_uniform_bound=1/sqrt(fan_in),0.5773502691896257,1.329147250042297
baseline,True,0.0,1.0,1.0,0.2,0.2,0.2,0.2,"(1.0, 0.0, 0.0)","(0.0, 0.0, 0.0)",1000,gelu,False,8,4,1,30001,40001,True,1.0,1.0,True,False,2000,0.01,torch.nn.Linear.reset_parameters: kaiming_uniform_(a=sqrt(5)); bias_uniform_bound=1/sqrt(fan_in),0.5773502691896257,1.3246104589197785
baseline,True,0.0,1.0,1.0,0.2,0.2,0.2,0.2,"(1.0, 0.0, 0.0)","(0.0, 0.0, 0.0)",1000,gelu,False,8,4,2,30002,40002,False,0.9675,0.9515,False,False,2000,0.01,torch.nn.Linear.reset_parameters: kaiming_uniform_(a=sqrt(5)); bias_uniform_bound=1/sqrt(fan_in),0.5773502691896257,1.4068148750811815
baseline,True,0.0,1.0,1.0,0.2,0.2,0.2,0.2,"(1.0, 0.0, 0.0)","(0.0, 0.0, 0.0)",1000,gelu,False,8,4,3,30003,40003,True,1.0,0.9995,False,False,2000,0.01,torch.nn.Linear.reset_parameters: kaiming_uniform_(a=sqrt(5)); bias_uniform_bound=1/sqrt(fan_in),0.5773502691896257,1.3234877500217408
baseline,True,0.0,1.0,1.0,0.2,0.2,0.2,0.2,"(1.0, 0.0, 0.0)","(0.0, 0.0, 0.0)",1000,gelu,False,8,4,4,30004,40004,True,1.0,1.0,True,False,2000,0.01,torch.nn.Linear.reset_parameters: kaiming_uniform_(a=sqrt(5)); bias_uniform_bound=1/sqrt(fan_in),0.5773502691896257,1.3449244169751182
baseline,True,0.0,1.0,1.0,0.2,0.2,0.2,0.2,"(1.0, 0.0, 0.0)","(0.0, 0.0, 0.0)",1000,gelu,False,8,4,5,30005,40005,True,1.0,1.0,True,False,2000,0.01,torch.nn.Linear.reset_parameters: kaiming_uniform_(a=sqrt(5)); bias_uniform_bound=1/sqrt(fan_in),0.5773502691896257,1.3357784589752555
baseline,True,0.0,1.0,1.0,0.2,0.2,0.2,0.2,"(1.0, 0.0, 0.0)","(0.0, 0.0, 0.0)",1000,gelu,False,8,4,6,30006,40006,False,0.9765,0.9615,False,False,2000,0.01,torch.nn.Linear.reset_parameters: kaiming_uniform_(a=sqrt(5)); bias_uniform_bound=1/sqrt(fan_in),0.5773502691896257,1.323815666954033
baseline,True,0.0,1.0,1.0,0.2,0.2,0.2,0.2,"(1.0, 0.0, 0.0)","(0.0, 0.0, 0.0)",1000,gelu,False,8,4,7,30007,40007,True,1.0,1.0,True,False,2000,0.01,torch.nn.Linear.reset_parameters: kaiming_uniform_(a=sqrt(5)); bias_uniform_bound=1/sqrt(fan_in),0.5773502691896257,1.34779691696167
baseline,True,0.0,1.0,1.0,0.2,0.2,0.2,0.2,"(1.0, 0.0, 0.0)","(0.0, 0.0, 0.0)",1000,gelu,False,8,4,8,30008,40008,True,1.0,1.0,True,False,2000,0.01,torch.nn.Linear.reset_parameters: kaiming_uniform_(a=sqrt(5)); bias_uniform_bound=1/sqrt(fan_in),0.5773502691896257,1.3188684999477118
baseline,True,0.0,1.0,1.0,0.2,0.2,0.2,0.2,"(1.0, 0.0, 0.0)","(0.0, 0.0, 0.0)",1000,gelu,False,8,4,9,30009,40009,True,1.0,1.0,True,False,2000,0.01,torch.nn.Linear.reset_parameters: kaiming_uniform_(a=sqrt(5)); bias_uniform_bound=1/sqrt(fan_in),0.5773502691896257,1.31395604100544
baseline,True,0.0,1.0,1.0,0.2,0.2,0.2,0.2,"(1.0, 0.0, 0.0)","(0.0, 0.0, 0.0)",1000,gelu,False,12,3,0,30000,40000,False,0.943,0.9495,False,False,2000,0.01,torch.nn.Linear.reset_parameters: kaiming_uniform_(a=sqrt(5)); bias_uniform_bound=1/sqrt(fan_in),0.5773502691896257,2.0491021249908954
baseline,True,0.0,1.0,1.0,0.2,0.2,0.2,0.2,"(1.0, 0.0, 0.0)","(0.0, 0.0, 0.0)",1000,gelu,False,12,3,1,30001,40001,False,0.9805,0.9745,False,False,2000,0.01,torch.nn.Linear.reset_parameters: kaiming_uniform_(a=sqrt(5)); bias_uniform_bound=1/sqrt(fan_in),0.5773502691896257,1.956986290984787
baseline,True,0.0,1.0,1.0,0.2,0.2,0.2,0.2,"(1.0, 0.0, 0.0)","(0.0, 0.0, 0.0)",1000,gelu,False,12,3,2,30002,40002,False,0.966,0.954,False,False,2000,0.01,torch.nn.Linear.reset_parameters: kaiming_uniform_(a=sqrt(5)); bias_uniform_bound=1/sqrt(fan_in),0.5773502691896257,1.9703866670606658
baseline,True,0.0,1.0,1.0,0.2,0.2,0.2,0.2,"(1.0, 0.0, 0.0)","(0.0, 0.0, 0.0)",1000,gelu,False,12,3,3,30003,40003,False,0.97,0.97,False,False,2000,0.01,torch.nn.Linear.reset_parameters: kaiming_uniform_(a=sqrt(5)); bias_uniform_bound=1/sqrt(fan_in),0.5773502691896257,1.9501597500639036
baseline,True,0.0,1.0,1.0,0.2,0.2,0.2,0.2,"(1.0, 0.0, 0.0)","(0.0, 0.0, 0.0)",1000,gelu,False,12,3,4,30004,40004,True,1.0,1.0,True,False,2000,0.01,torch.nn.Linear.reset_parameters: kaiming_uniform_(a=sqrt(5)); bias_uniform_bound=1/sqrt(fan_in),0.5773502691896257,2.0364411249756813
baseline,True,0.0,1.0,1.0,0.2,0.2,0.2,0.2,"(1.0, 0.0, 0.0)","(0.0, 0.0, 0.0)",1000,gelu,False,12,3,5,30005,40005,False,0.972,0.966,False,False,2000,0.01,torch.nn.Linear.reset_parameters: kaiming_uniform_(a=sqrt(5)); bias_uniform_bound=1/sqrt(fan_in),0.5773502691896257,1.9571418749401346
baseline,True,0.0,1.0,1.0,0.2,0.2,0.2,0.2,"(1.0, 0.0, 0.0)","(0.0, 0.0, 0.0)",1000,gelu,False,12,3,6,30006,40006,False,0.968,0.9635,False,False,2000,0.01,torch.nn.Linear.reset_parameters: kaiming_uniform_(a=sqrt(5)); bias_uniform_bound=1/sqrt(fan_in),0.5773502691896257,2.0419561669696122
baseline,True,0.0,1.0,1.0,0.2,0.2,0.2,0.2,"(1.0, 0.0, 0.0)","(0.0, 0.0, 0.0)",1000,gelu,False,12,3,7,30007,40007,False,0.978,0.9785,False,False,2000,0.01,torch.nn.Linear.reset_parameters: kaiming_uniform_(a=sqrt(5)); bias_uniform_bound=1/sqrt(fan_in),0.5773502691896257,1.9513752920320258
baseline,True,0.0,1.0,1.0,0.2,0.2,0.2,0.2,"(1.0, 0.0, 0.0)","(0.0, 0.0, 0.0)",1000,gelu,False,12,3,8,30008,40008,False,0.9645,0.9605,False,False,2000,0.01,torch.nn.Linear.reset_parameters: kaiming_uniform_(a=sqrt(5)); bias_uniform_bound=1/sqrt(fan_in),0.5773502691896257,1.9441154999658465
baseline,True,0.0,1.0,1.0,0.2,0.2,0.2,0.2,"(1.0, 0.0, 0.0)","(0.0, 0.0, 0.0)",1000,gelu,False,12,3,9,30009,40009,False,0.9745,0.964,False,False,2000,0.01,torch.nn.Linear.reset_parameters: kaiming_uniform_(a=sqrt(5)); bias_uniform_bound=1/sqrt(fan_in),0.5773502691896257,2.0085679590702057
baseline,True,0.0,1.0,1.0,0.2,0.2,0.2,0.2,"(1.0, 0.0, 0.0)","(0.0, 0.0, 0.0)",1000,gelu,False,12,4,0,30000,40000,True,1.0,1.0,True,False,2000,0.01,torch.nn.Linear.reset_parameters: kaiming_uniform_(a=sqrt(5)); bias_uniform_bound=1/sqrt(fan_in),0.5773502691896257,1.8438343749148771
baseline,True,0.0,1.0,1.0,0.2,0.2,0.2,0.2,"(1.0, 0.0, 0.0)","(0.0, 0.0, 0.0)",1000,gelu,False,12,4,1,30001,40001,False,0.963,0.9535,False,False,2000,0.01,torch.nn.Linear.reset_parameters: kaiming_uniform_(a=sqrt(5)); bias_uniform_bound=1/sqrt(fan_in),0.5773502691896257,1.8560115830041468
baseline,True,0.0,1.0,1.0,0.2,0.2,0.2,0.2,"(1.0, 0.0, 0.0)","(0.0, 0.0, 0.0)",1000,gelu,False,12,4,2,30002,40002,False,0.969,0.965,False,False,2000,0.01,torch.nn.Linear.reset_parameters: kaiming_uniform_(a=sqrt(5)); bias_uniform_bound=1/sqrt(fan_in),0.5773502691896257,1.856348374974914
baseline,True,0.0,1.0,1.0,0.2,0.2,0.2,0.2,"(1.0, 0.0, 0.0)","(0.0, 0.0, 0.0)",1000,gelu,False,12,4,3,30003,40003,True,1.0,1.0,True,False,2000,0.01,torch.nn.Linear.reset_parameters: kaiming_uniform_(a=sqrt(5)); bias_uniform_bound=1/sqrt(fan_in),0.5773502691896257,1.8730557080125436
baseline,True,0.0,1.0,1.0,0.2,0.2,0.2,0.2,"(1.0, 0.0, 0.0)","(0.0, 0.0, 0.0)",1000,gelu,False,12,4,4,30004,40004,True,1.0,1.0,True,False,2000,0.01,torch.nn.Linear.reset_parameters: kaiming_uniform_(a=sqrt(5)); bias_uniform_bound=1/sqrt(fan_in),0.5773502691896257,1.8872693750308827
baseline,True,0.0,1.0,1.0,0.2,0.2,0.2,0.2,"(1.0, 0.0, 0.0)","(0.0, 0.0, 0.0)",1000,gelu,False,12,4,5,30005,40005,True,1.0,0.9995,False,False,2000,0.01,torch.nn.Linear.reset_parameters: kaiming_uniform_(a=sqrt(5)); bias_uniform_bound=1/sqrt(fan_in),0.5773502691896257,1.8692604169482365
baseline,True,0.0,1.0,1.0,0.2,0.2,0.2,0.2,"(1.0, 0.0, 0.0)","(0.0, 0.0, 0.0)",1000,gelu,False,12,4,6,30006,40006,False,0.971,0.961,False,False,2000,0.01,torch.nn.Linear.reset_parameters: kaiming_uniform_(a=sqrt(5)); bias_uniform_bound=1/sqrt(fan_in),0.5773502691896257,1.8646786669269204
baseline,True,0.0,1.0,1.0,0.2,0.2,0.2,0.2,"(1.0, 0.0, 0.0)","(0.0, 0.0, 0.0)",1000,gelu,False,12,4,7,30007,40007,False,0.998,0.983,False,False,2000,0.01,torch.nn.Linear.reset_parameters: kaiming_uniform_(a=sqrt(5)); bias_uniform_bound=1/sqrt(fan_in),0.5773502691896257,1.8813775000162423
baseline,True,0.0,1.0,1.0,0.2,0.2,0.2,0.2,"(1.0, 0.0, 0.0)","(0.0, 0.0, 0.0)",1000,gelu,False,12,4,8,30008,40008,True,1.0,0.998,False,False,2000,0.01,torch.nn.Linear.reset_parameters: kaiming_uniform_(a=sqrt(5)); bias_uniform_bound=1/sqrt(fan_in),0.5773502691896257,1.8535115000559017
baseline,True,0.0,1.0,1.0,0.2,0.2,0.2,0.2,"(1.0, 0.0, 0.0)","(0.0, 0.0, 0.0)",1000,gelu,False,12,4,9,30009,40009,True,1.0,1.0,True,False,2000,0.01,torch.nn.Linear.reset_parameters: kaiming_uniform_(a=sqrt(5)); bias_uniform_bound=1/sqrt(fan_in),0.5773502691896257,1.835220499895513
thin_tube,True,0.0,1.0,1.0,0.05,0.05,0.05,0.05,"(1.0, 0.0, 0.0)","(0.0, 0.0, 0.0)",1000,tanh,True,3,3,0,30000,40000,False,0.9935,0.9885,False,False,2000,0.01,torch.nn.Linear.reset_parameters: kaiming_uniform_(a=sqrt(5)); bias_uniform_bound=1/sqrt(fan_in),0.5773502691896257,0.6721943750744686
thin_tube,True,0.0,1.0,1.0,0.05,0.05,0.05,0.05,"(1.0, 0.0, 0.0)","(0.0, 0.0, 0.0)",1000,tanh,True,3,3,1,30001,40001,False,0.9885,0.9895,False,False,2000,0.01,torch.nn.Linear.reset_parameters: kaiming_uniform_(a=sqrt(5)); bias_uniform_bound=1/sqrt(fan_in),0.5773502691896257,0.668181832996197
thin_tube,True,0.0,1.0,1.0,0.05,0.05,0.05,0.05,"(1.0, 0.0, 0.0)","(0.0, 0.0, 0.0)",1000,tanh,True,3,3,2,30002,40002,False,0.991,0.9915,False,False,2000,0.01,torch.nn.Linear.reset_parameters: kaiming_uniform_(a=sqrt(5)); bias_uniform_bound=1/sqrt(fan_in),0.5773502691896257,0.6716971249552444
thin_tube,True,0.0,1.0,1.0,0.05,0.05,0.05,0.05,"(1.0, 0.0, 0.0)","(0.0, 0.0, 0.0)",1000,tanh,True,3,3,3,30003,40003,False,0.996,0.9915,False,False,2000,0.01,torch.nn.Linear.reset_parameters: kaiming_uniform_(a=sqrt(5)); bias_uniform_bound=1/sqrt(fan_in),0.5773502691896257,0.6688335000071675
thin_tube,True,0.0,1.0,1.0,0.05,0.05,0.05,0.05,"(1.0, 0.0, 0.0)","(0.0, 0.0, 0.0)",1000,tanh,True,3,3,4,30004,40004,False,0.9915,0.992,False,False,2000,0.01,torch.nn.Linear.reset_parameters: kaiming_uniform_(a=sqrt(5)); bias_uniform_bound=1/sqrt(fan_in),0.5773502691896257,0.6693953749490902
thin_tube,True,0.0,1.0,1.0,0.05,0.05,0.05,0.05,"(1.0, 0.0, 0.0)","(0.0, 0.0, 0.0)",1000,tanh,True,3,3,5,30005,40005,False,0.9935,0.9925,False,False,2000,0.01,torch.nn.Linear.reset_parameters: kaiming_uniform_(a=sqrt(5)); bias_uniform_bound=1/sqrt(fan_in),0.5773502691896257,0.6675887079909444
thin_tube,True,0.0,1.0,1.0,0.05,0.05,0.05,0.05,"(1.0, 0.0, 0.0)","(0.0, 0.0, 0.0)",1000,tanh,True,3,3,6,30006,40006,False,0.9925,0.9885,False,False,2000,0.01,torch.nn.Linear.reset_parameters: kaiming_uniform_(a=sqrt(5)); bias_uniform_bound=1/sqrt(fan_in),0.5773502691896257,0.667232625070028
thin_tube,True,0.0,1.0,1.0,0.05,0.05,0.05,0.05,"(1.0, 0.0, 0.0)","(0.0, 0.0, 0.0)",1000,tanh,True,3,3,7,30007,40007,False,0.9925,0.988,False,False,2000,0.01,torch.nn.Linear.reset_parameters: kaiming_uniform_(a=sqrt(5)); bias_uniform_bound=1/sqrt(fan_in),0.5773502691896257,0.6671600419795141
thin_tube,True,0.0,1.0,1.0,0.05,0.05,0.05,0.05,"(1.0, 0.0, 0.0)","(0.0, 0.0, 0.0)",1000,tanh,True,3,3,8,30008,40008,False,0.9985,0.9885,False,False,2000,0.01,torch.nn.Linear.reset_parameters: kaiming_uniform_(a=sqrt(5)); bias_uniform_bound=1/sqrt(fan_in),0.5773502691896257,0.7745476668933406
thin_tube,True,0.0,1.0,1.0,0.05,0.05,0.05,0.05,"(1.0, 0.0, 0.0)","(0.0, 0.0, 0.0)",1000,tanh,True,3,3,9,30009,40009,False,0.9905,0.9915,False,False,2000,0.01,torch.nn.Linear.reset_parameters: kaiming_uniform_(a=sqrt(5)); bias_uniform_bound=1/sqrt(fan_in),0.5773502691896257,0.6713187500135973
thin_tube,True,0.0,1.0,1.0,0.05,0.05,0.05,0.05,"(1.0, 0.0, 0.0)","(0.0, 0.0, 0.0)",1000,tanh,True,3,4,0,30000,40000,True,1.0,0.999,False,False,2000,0.01,torch.nn.Linear.reset_parameters: kaiming_uniform_(a=sqrt(5)); bias_uniform_bound=1/sqrt(fan_in),0.5773502691896257,0.650820416980423
thin_tube,True,0.0,1.0,1.0,0.05,0.05,0.05,0.05,"(1.0, 0.0, 0.0)","(0.0, 0.0, 0.0)",1000,tanh,True,3,4,1,30001,40001,False,0.99,0.9895,False,False,2000,0.01,torch.nn.Linear.reset_parameters: kaiming_uniform_(a=sqrt(5)); bias_uniform_bound=1/sqrt(fan_in),0.5773502691896257,0.648978375014849
thin_tube,True,0.0,1.0,1.0,0.05,0.05,0.05,0.05,"(1.0, 0.0, 0.0)","(0.0, 0.0, 0.0)",1000,tanh,True,3,4,2,30002,40002,False,0.99,0.9905,False,False,2000,0.01,torch.nn.Linear.reset_parameters: kaiming_uniform_(a=sqrt(5)); bias_uniform_bound=1/sqrt(fan_in),0.5773502691896257,0.651717291912064
thin_tube,True,0.0,1.0,1.0,0.05,0.05,0.05,0.05,"(1.0, 0.0, 0.0)","(0.0, 0.0, 0.0)",1000,tanh,True,3,4,3,30003,40003,False,0.993,0.9915,False,False,2000,0.01,torch.nn.Linear.reset_parameters: kaiming_uniform_(a=sqrt(5)); bias_uniform_bound=1/sqrt(fan_in),0.5773502691896257,0.6474254589993507
thin_tube,True,0.0,1.0,1.0,0.05,0.05,0.05,0.05,"(1.0, 0.0, 0.0)","(0.0, 0.0, 0.0)",1000,tanh,True,3,4,4,30004,40004,True,1.0,1.0,True,False,2000,0.01,torch.nn.Linear.reset_parameters: kaiming_uniform_(a=sqrt(5)); bias_uniform_bound=1/sqrt(fan_in),0.5773502691896257,0.6533234999515116
thin_tube,True,0.0,1.0,1.0,0.05,0.05,0.05,0.05,"(1.0, 0.0, 0.0)","(0.0, 0.0, 0.0)",1000,tanh,True,3,4,5,30005,40005,False,0.9885,0.9905,False,False,2000,0.01,torch.nn.Linear.reset_parameters: kaiming_uniform_(a=sqrt(5)); bias_uniform_bound=1/sqrt(fan_in),0.5773502691896257,0.6624209169531241
thin_tube,True,0.0,1.0,1.0,0.05,0.05,0.05,0.05,"(1.0, 0.0, 0.0)","(0.0, 0.0, 0.0)",1000,tanh,True,3,4,6,30006,40006,False,0.993,0.9885,False,False,2000,0.01,torch.nn.Linear.reset_parameters: kaiming_uniform_(a=sqrt(5)); bias_uniform_bound=1/sqrt(fan_in),0.5773502691896257,0.64839500002563
thin_tube,True,0.0,1.0,1.0,0.05,0.05,0.05,0.05,"(1.0, 0.0, 0.0)","(0.0, 0.0, 0.0)",1000,tanh,True,3,4,7,30007,40007,False,0.993,0.9885,False,False,2000,0.01,torch.nn.Linear.reset_parameters: kaiming_uniform_(a=sqrt(5)); bias_uniform_bound=1/sqrt(fan_in),0.5773502691896257,0.6517405830090865
thin_tube,True,0.0,1.0,1.0,0.05,0.05,0.05,0.05,"(1.0, 0.0, 0.0)","(0.0, 0.0, 0.0)",1000,tanh,True,3,4,8,30008,40008,False,0.992,0.987,False,False,2000,0.01,torch.nn.Linear.reset_parameters: kaiming_uniform_(a=sqrt(5)); bias_uniform_bound=1/sqrt(fan_in),0.5773502691896257,0.6547029169742018
thin_tube,True,0.0,1.0,1.0,0.05,0.05,0.05,0.05,"(1.0, 0.0, 0.0)","(0.0, 0.0, 0.0)",1000,tanh,True,3,4,9,30009,40009,False,0.989,0.9875,False,False,2000,0.01,torch.nn.Linear.reset_parameters: kaiming_uniform_(a=sqrt(5)); bias_uniform_bound=1/sqrt(fan_in),0.5773502691896257,0.6474792499793693
thin_tube,True,0.0,1.0,1.0,0.05,0.05,0.05,0.05,"(1.0, 0.0, 0.0)","(0.0, 0.0, 0.0)",1000,tanh,True,5,3,0,30000,40000,False,0.996,0.9895,False,False,2000,0.01,torch.nn.Linear.reset_parameters: kaiming_uniform_(a=sqrt(5)); bias_uniform_bound=1/sqrt(fan_in),0.5773502691896257,0.9609787079971284
thin_tube,True,0.0,1.0,1.0,0.05,0.05,0.05,0.05,"(1.0, 0.0, 0.0)","(0.0, 0.0, 0.0)",1000,tanh,True,5,3,1,30001,40001,False,0.9935,0.992,False,False,2000,0.01,torch.nn.Linear.reset_parameters: kaiming_uniform_(a=sqrt(5)); bias_uniform_bound=1/sqrt(fan_in),0.5773502691896257,0.9756053339224309
thin_tube,True,0.0,1.0,1.0,0.05,0.05,0.05,0.05,"(1.0, 0.0, 0.0)","(0.0, 0.0, 0.0)",1000,tanh,True,5,3,2,30002,40002,False,0.9915,0.9865,False,False,2000,0.01,torch.nn.Linear.reset_parameters: kaiming_uniform_(a=sqrt(5)); bias_uniform_bound=1/sqrt(fan_in),0.5773502691896257,0.9617957499576733
thin_tube,True,0.0,1.0,1.0,0.05,0.05,0.05,0.05,"(1.0, 0.0, 0.0)","(0.0, 0.0, 0.0)",1000,tanh,True,5,3,3,30003,40003,False,0.9925,0.9895,False,False,2000,0.01,torch.nn.Linear.reset_parameters: kaiming_uniform_(a=sqrt(5)); bias_uniform_bound=1/sqrt(fan_in),0.5773502691896257,0.9597160830162466
thin_tube,True,0.0,1.0,1.0,0.05,0.05,0.05,0.05,"(1.0, 0.0, 0.0)","(0.0, 0.0, 0.0)",1000,tanh,True,5,3,4,30004,40004,False,0.991,0.995,False,False,2000,0.01,torch.nn.Linear.reset_parameters: kaiming_uniform_(a=sqrt(5)); bias_uniform_bound=1/sqrt(fan_in),0.5773502691896257,0.960493708960712
thin_tube,True,0.0,1.0,1.0,0.05,0.05,0.05,0.05,"(1.0, 0.0, 0.0)","(0.0, 0.0, 0.0)",1000,tanh,True,5,3,5,30005,40005,False,0.992,0.9935,False,False,2000,0.01,torch.nn.Linear.reset_parameters: kaiming_uniform_(a=sqrt(5)); bias_uniform_bound=1/sqrt(fan_in),0.5773502691896257,0.9610959169222042
thin_tube,True,0.0,1.0,1.0,0.05,0.05,0.05,0.05,"(1.0, 0.0, 0.0)","(0.0, 0.0, 0.0)",1000,tanh,True,5,3,6,30006,40006,False,0.9915,0.987,False,False,2000,0.01,torch.nn.Linear.reset_parameters: kaiming_uniform_(a=sqrt(5)); bias_uniform_bound=1/sqrt(fan_in),0.5773502691896257,0.9682802079478279
thin_tube,True,0.0,1.0,1.0,0.05,0.05,0.05,0.05,"(1.0, 0.0, 0.0)","(0.0, 0.0, 0.0)",1000,tanh,True,5,3,7,30007,40007,False,0.993,0.987,False,False,2000,0.01,torch.nn.Linear.reset_parameters: kaiming_uniform_(a=sqrt(5)); bias_uniform_bound=1/sqrt(fan_in),0.5773502691896257,0.9843390409369022
thin_tube,True,0.0,1.0,1.0,0.05,0.05,0.05,0.05,"(1.0, 0.0, 0.0)","(0.0, 0.0, 0.0)",1000,tanh,True,5,3,8,30008,40008,False,0.99,0.9865,False,False,2000,0.01,torch.nn.Linear.reset_parameters: kaiming_uniform_(a=sqrt(5)); bias_uniform_bound=1/sqrt(fan_in),0.5773502691896257,0.9675384169677272
thin_tube,True,0.0,1.0,1.0,0.05,0.05,0.05,0.05,"(1.0, 0.0, 0.0)","(0.0, 0.0, 0.0)",1000,tanh,True,5,3,9,30009,40009,False,0.988,0.9885,False,False,2000,0.01,torch.nn.Linear.reset_parameters: kaiming_uniform_(a=sqrt(5)); bias_uniform_bound=1/sqrt(fan_in),0.5773502691896257,0.9591286249924451
thin_tube,True,0.0,1.0,1.0,0.05,0.05,0.05,0.05,"(1.0, 0.0, 0.0)","(0.0, 0.0, 0.0)",1000,tanh,True,5,4,0,30000,40000,True,1.0,1.0,True,False,2000,0.01,torch.nn.Linear.reset_parameters: kaiming_uniform_(a=sqrt(5)); bias_uniform_bound=1/sqrt(fan_in),0.5773502691896257,0.9339948340784758
thin_tube,True,0.0,1.0,1.0,0.05,0.05,0.05,0.05,"(1.0, 0.0, 0.0)","(0.0, 0.0, 0.0)",1000,tanh,True,5,4,1,30001,40001,True,1.0,1.0,True,False,2000,0.01,torch.nn.Linear.reset_parameters: kaiming_uniform_(a=sqrt(5)); bias_uniform_bound=1/sqrt(fan_in),0.5773502691896257,0.9353047920158133
thin_tube,True,0.0,1.0,1.0,0.05,0.05,0.05,0.05,"(1.0, 0.0, 0.0)","(0.0, 0.0, 0.0)",1000,tanh,True,5,4,2,30002,40002,False,0.9895,0.99,False,False,2000,0.01,torch.nn.Linear.reset_parameters: kaiming_uniform_(a=sqrt(5)); bias_uniform_bound=1/sqrt(fan_in),0.5773502691896257,0.9336652919882908
thin_tube,True,0.0,1.0,1.0,0.05,0.05,0.05,0.05,"(1.0, 0.0, 0.0)","(0.0, 0.0, 0.0)",1000,tanh,True,5,4,3,30003,40003,True,1.0,1.0,True,False,2000,0.01,torch.nn.Linear.reset_parameters: kaiming_uniform_(a=sqrt(5)); bias_uniform_bound=1/sqrt(fan_in),0.5773502691896257,0.930479041999206
thin_tube,True,0.0,1.0,1.0,0.05,0.05,0.05,0.05,"(1.0, 0.0, 0.0)","(0.0, 0.0, 0.0)",1000,tanh,True,5,4,4,30004,40004,False,0.992,0.993,False,False,2000,0.01,torch.nn.Linear.reset_parameters: kaiming_uniform_(a=sqrt(5)); bias_uniform_bound=1/sqrt(fan_in),0.5773502691896257,0.9455789170460775
thin_tube,True,0.0,1.0,1.0,0.05,0.05,0.05,0.05,"(1.0, 0.0, 0.0)","(0.0, 0.0, 0.0)",1000,tanh,True,5,4,5,30005,40005,False,0.9945,0.992,False,False,2000,0.01,torch.nn.Linear.reset_parameters: kaiming_uniform_(a=sqrt(5)); bias_uniform_bound=1/sqrt(fan_in),0.5773502691896257,0.9301880419952795
thin_tube,True,0.0,1.0,1.0,0.05,0.05,0.05,0.05,"(1.0, 0.0, 0.0)","(0.0, 0.0, 0.0)",1000,tanh,True,5,4,6,30006,40006,False,0.992,0.987,False,False,2000,0.01,torch.nn.Linear.reset_parameters: kaiming_uniform_(a=sqrt(5)); bias_uniform_bound=1/sqrt(fan_in),0.5773502691896257,0.9330998749937862
thin_tube,True,0.0,1.0,1.0,0.05,0.05,0.05,0.05,"(1.0, 0.0, 0.0)","(0.0, 0.0, 0.0)",1000,tanh,True,5,4,7,30007,40007,False,0.9935,0.987,False,False,2000,0.01,torch.nn.Linear.reset_parameters: kaiming_uniform_(a=sqrt(5)); bias_uniform_bound=1/sqrt(fan_in),0.5773502691896257,0.938046709052287
thin_tube,True,0.0,1.0,1.0,0.05,0.05,0.05,0.05,"(1.0, 0.0, 0.0)","(0.0, 0.0, 0.0)",1000,tanh,True,5,4,8,30008,40008,True,1.0,1.0,True,False,2000,0.01,torch.nn.Linear.reset_parameters: kaiming_uniform_(a=sqrt(5)); bias_uniform_bound=1/sqrt(fan_in),0.5773502691896257,0.9316713329171762
thin_tube,True,0.0,1.0,1.0,0.05,0.05,0.05,0.05,"(1.0, 0.0, 0.0)","(0.0, 0.0, 0.0)",1000,tanh,True,5,4,9,30009,40009,False,0.991,0.9895,False,False,2000,0.01,torch.nn.Linear.reset_parameters: kaiming_uniform_(a=sqrt(5)); bias_uniform_bound=1/sqrt(fan_in),0.5773502691896257,0.9355139579856768
thin_tube,True,0.0,1.0,1.0,0.05,0.05,0.05,0.05,"(1.0, 0.0, 0.0)","(0.0, 0.0, 0.0)",1000,tanh,True,8,3,0,30000,40000,False,0.996,0.988,False,False,2000,0.01,torch.nn.Linear.reset_parameters: kaiming_uniform_(a=sqrt(5)); bias_uniform_bound=1/sqrt(fan_in),0.5773502691896257,1.469322417047806
thin_tube,True,0.0,1.0,1.0,0.05,0.05,0.05,0.05,"(1.0, 0.0, 0.0)","(0.0, 0.0, 0.0)",1000,tanh,True,8,3,1,30001,40001,False,0.988,0.988,False,False,2000,0.01,torch.nn.Linear.reset_parameters: kaiming_uniform_(a=sqrt(5)); bias_uniform_bound=1/sqrt(fan_in),0.5773502691896257,1.388047416927293
thin_tube,True,0.0,1.0,1.0,0.05,0.05,0.05,0.05,"(1.0, 0.0, 0.0)","(0.0, 0.0, 0.0)",1000,tanh,True,8,3,2,30002,40002,False,0.9885,0.974,False,False,2000,0.01,torch.nn.Linear.reset_parameters: kaiming_uniform_(a=sqrt(5)); bias_uniform_bound=1/sqrt(fan_in),0.5773502691896257,1.3963478750083596
thin_tube,True,0.0,1.0,1.0,0.05,0.05,0.05,0.05,"(1.0, 0.0, 0.0)","(0.0, 0.0, 0.0)",1000,tanh,True,8,3,3,30003,40003,False,0.9915,0.9915,False,False,2000,0.01,torch.nn.Linear.reset_parameters: kaiming_uniform_(a=sqrt(5)); bias_uniform_bound=1/sqrt(fan_in),0.5773502691896257,1.3990540000377223
thin_tube,True,0.0,1.0,1.0,0.05,0.05,0.05,0.05,"(1.0, 0.0, 0.0)","(0.0, 0.0, 0.0)",1000,tanh,True,8,3,4,30004,40004,False,0.988,0.99,False,False,2000,0.01,torch.nn.Linear.reset_parameters: kaiming_uniform_(a=sqrt(5)); bias_uniform_bound=1/sqrt(fan_in),0.5773502691896257,1.3892003339715302
thin_tube,True,0.0,1.0,1.0,0.05,0.05,0.05,0.05,"(1.0, 0.0, 0.0)","(0.0, 0.0, 0.0)",1000,tanh,True,8,3,5,30005,40005,False,0.9915,0.993,False,False,2000,0.01,torch.nn.Linear.reset_parameters: kaiming_uniform_(a=sqrt(5)); bias_uniform_bound=1/sqrt(fan_in),0.5773502691896257,1.3943267499562353
thin_tube,True,0.0,1.0,1.0,0.05,0.05,0.05,0.05,"(1.0, 0.0, 0.0)","(0.0, 0.0, 0.0)",1000,tanh,True,8,3,6,30006,40006,False,0.993,0.9915,False,False,2000,0.01,torch.nn.Linear.reset_parameters: kaiming_uniform_(a=sqrt(5)); bias_uniform_bound=1/sqrt(fan_in),0.5773502691896257,1.3942674159770831
thin_tube,True,0.0,1.0,1.0,0.05,0.05,0.05,0.05,"(1.0, 0.0, 0.0)","(0.0, 0.0, 0.0)",1000,tanh,True,8,3,7,30007,40007,False,0.988,0.9865,False,False,2000,0.01,torch.nn.Linear.reset_parameters: kaiming_uniform_(a=sqrt(5)); bias_uniform_bound=1/sqrt(fan_in),0.5773502691896257,1.3935544580454007
thin_tube,True,0.0,1.0,1.0,0.05,0.05,0.05,0.05,"(1.0, 0.0, 0.0)","(0.0, 0.0, 0.0)",1000,tanh,True,8,3,8,30008,40008,False,0.7375,0.7415,False,False,2000,0.01,torch.nn.Linear.reset_parameters: kaiming_uniform_(a=sqrt(5)); bias_uniform_bound=1/sqrt(fan_in),0.5773502691896257,1.3945966250030324
thin_tube,True,0.0,1.0,1.0,0.05,0.05,0.05,0.05,"(1.0, 0.0, 0.0)","(0.0, 0.0, 0.0)",1000,tanh,True,8,3,9,30009,40009,False,0.9885,0.9895,False,False,2000,0.01,torch.nn.Linear.reset_parameters: kaiming_uniform_(a=sqrt(5)); bias_uniform_bound=1/sqrt(fan_in),0.5773502691896257,1.3963089589960873
thin_tube,True,0.0,1.0,1.0,0.05,0.05,0.05,0.05,"(1.0, 0.0, 0.0)","(0.0, 0.0, 0.0)",1000,tanh,True,8,4,0,30000,40000,False,0.994,0.9845,False,False,2000,0.01,torch.nn.Linear.reset_parameters: kaiming_uniform_(a=sqrt(5)); bias_uniform_bound=1/sqrt(fan_in),0.5773502691896257,1.356383083970286
thin_tube,True,0.0,1.0,1.0,0.05,0.05,0.05,0.05,"(1.0, 0.0, 0.0)","(0.0, 0.0, 0.0)",1000,tanh,True,8,4,1,30001,40001,False,0.994,0.992,False,False,2000,0.01,torch.nn.Linear.reset_parameters: kaiming_uniform_(a=sqrt(5)); bias_uniform_bound=1/sqrt(fan_in),0.5773502691896257,1.349906082963571
thin_tube,True,0.0,1.0,1.0,0.05,0.05,0.05,0.05,"(1.0, 0.0, 0.0)","(0.0, 0.0, 0.0)",1000,tanh,True,8,4,2,30002,40002,False,0.9915,0.992,False,False,2000,0.01,torch.nn.Linear.reset_parameters: kaiming_uniform_(a=sqrt(5)); bias_uniform_bound=1/sqrt(fan_in),0.5773502691896257,1.3507990409852937
thin_tube,True,0.0,1.0,1.0,0.05,0.05,0.05,0.05,"(1.0, 0.0, 0.0)","(0.0, 0.0, 0.0)",1000,tanh,True,8,4,3,30003,40003,True,1.0,1.0,True,False,2000,0.01,torch.nn.Linear.reset_parameters: kaiming_uniform_(a=sqrt(5)); bias_uniform_bound=1/sqrt(fan_in),0.5773502691896257,1.3514886669581756
thin_tube,True,0.0,1.0,1.0,0.05,0.05,0.05,0.05,"(1.0, 0.0, 0.0)","(0.0, 0.0, 0.0)",1000,tanh,True,8,4,4,30004,40004,False,0.991,0.9935,False,False,2000,0.01,torch.nn.Linear.reset_parameters: kaiming_uniform_(a=sqrt(5)); bias_uniform_bound=1/sqrt(fan_in),0.5773502691896257,1.3569519580341876
thin_tube,True,0.0,1.0,1.0,0.05,0.05,0.05,0.05,"(1.0, 0.0, 0.0)","(0.0, 0.0, 0.0)",1000,tanh,True,8,4,5,30005,40005,True,1.0,1.0,True,False,2000,0.01,torch.nn.Linear.reset_parameters: kaiming_uniform_(a=sqrt(5)); bias_uniform_bound=1/sqrt(fan_in),0.5773502691896257,1.3523042079759762
thin_tube,True,0.0,1.0,1.0,0.05,0.05,0.05,0.05,"(1.0, 0.0, 0.0)","(0.0, 0.0, 0.0)",1000,tanh,True,8,4,6,30006,40006,False,0.9955,0.988,False,False,2000,0.01,torch.nn.Linear.reset_parameters: kaiming_uniform_(a=sqrt(5)); bias_uniform_bound=1/sqrt(fan_in),0.5773502691896257,1.3601652910001576
thin_tube,True,0.0,1.0,1.0,0.05,0.05,0.05,0.05,"(1.0, 0.0, 0.0)","(0.0, 0.0, 0.0)",1000,tanh,True,8,4,7,30007,40007,False,0.993,0.986,False,False,2000,0.01,torch.nn.Linear.reset_parameters: kaiming_uniform_(a=sqrt(5)); bias_uniform_bound=1/sqrt(fan_in),0.5773502691896257,1.3577077500522137
thin_tube,True,0.0,1.0,1.0,0.05,0.05,0.05,0.05,"(1.0, 0.0, 0.0)","(0.0, 0.0, 0.0)",1000,tanh,True,8,4,8,30008,40008,False,0.9905,0.9845,False,False,2000,0.01,torch.nn.Linear.reset_parameters: kaiming_uniform_(a=sqrt(5)); bias_uniform_bound=1/sqrt(fan_in),0.5773502691896257,1.3537464999826625
thin_tube,True,0.0,1.0,1.0,0.05,0.05,0.05,0.05,"(1.0, 0.0, 0.0)","(0.0, 0.0, 0.0)",1000,tanh,True,8,4,9,30009,40009,True,1.0,0.999,False,False,2000,0.01,torch.nn.Linear.reset_parameters: kaiming_uniform_(a=sqrt(5)); bias_uniform_bound=1/sqrt(fan_in),0.5773502691896257,1.3611223329789937
thin_tube,True,0.0,1.0,1.0,0.05,0.05,0.05,0.05,"(1.0, 0.0, 0.0)","(0.0, 0.0, 0.0)",1000,tanh,True,12,3,0,30000,40000,False,0.752,0.737,False,False,2000,0.01,torch.nn.Linear.reset_parameters: kaiming_uniform_(a=sqrt(5)); bias_uniform_bound=1/sqrt(fan_in),0.5773502691896257,1.9750976250506938
thin_tube,True,0.0,1.0,1.0,0.05,0.05,0.05,0.05,"(1.0, 0.0, 0.0)","(0.0, 0.0, 0.0)",1000,tanh,True,12,3,1,30001,40001,False,0.9925,0.992,False,False,2000,0.01,torch.nn.Linear.reset_parameters: kaiming_uniform_(a=sqrt(5)); bias_uniform_bound=1/sqrt(fan_in),0.5773502691896257,1.9684631670825183
thin_tube,True,0.0,1.0,1.0,0.05,0.05,0.05,0.05,"(1.0, 0.0, 0.0)","(0.0, 0.0, 0.0)",1000,tanh,True,12,3,2,30002,40002,False,0.742,0.745,False,False,2000,0.01,torch.nn.Linear.reset_parameters: kaiming_uniform_(a=sqrt(5)); bias_uniform_bound=1/sqrt(fan_in),0.5773502691896257,1.96274975000415
thin_tube,True,0.0,1.0,1.0,0.05,0.05,0.05,0.05,"(1.0, 0.0, 0.0)","(0.0, 0.0, 0.0)",1000,tanh,True,12,3,3,30003,40003,False,0.75,0.7535,False,False,2000,0.01,torch.nn.Linear.reset_parameters: kaiming_uniform_(a=sqrt(5)); bias_uniform_bound=1/sqrt(fan_in),0.5773502691896257,1.9691605418920517
thin_tube,True,0.0,1.0,1.0,0.05,0.05,0.05,0.05,"(1.0, 0.0, 0.0)","(0.0, 0.0, 0.0)",1000,tanh,True,12,3,4,30004,40004,False,0.9875,0.9905,False,False,2000,0.01,torch.nn.Linear.reset_parameters: kaiming_uniform_(a=sqrt(5)); bias_uniform_bound=1/sqrt(fan_in),0.5773502691896257,1.9651320839766413
thin_tube,True,0.0,1.0,1.0,0.05,0.05,0.05,0.05,"(1.0, 0.0, 0.0)","(0.0, 0.0, 0.0)",1000,tanh,True,12,3,5,30005,40005,False,0.992,0.991,False,False,2000,0.01,torch.nn.Linear.reset_parameters: kaiming_uniform_(a=sqrt(5)); bias_uniform_bound=1/sqrt(fan_in),0.5773502691896257,2.278207499999553
thin_tube,True,0.0,1.0,1.0,0.05,0.05,0.05,0.05,"(1.0, 0.0, 0.0)","(0.0, 0.0, 0.0)",1000,tanh,True,12,3,6,30006,40006,False,0.991,0.9895,False,False,2000,0.01,torch.nn.Linear.reset_parameters: kaiming_uniform_(a=sqrt(5)); bias_uniform_bound=1/sqrt(fan_in),0.5773502691896257,1.9939819161081687
thin_tube,True,0.0,1.0,1.0,0.05,0.05,0.05,0.05,"(1.0, 0.0, 0.0)","(0.0, 0.0, 0.0)",1000,tanh,True,12,3,7,30007,40007,False,0.991,0.987,False,False,2000,0.01,torch.nn.Linear.reset_parameters: kaiming_uniform_(a=sqrt(5)); bias_uniform_bound=1/sqrt(fan_in),0.5773502691896257,1.9705878340173513
thin_tube,True,0.0,1.0,1.0,0.05,0.05,0.05,0.05,"(1.0, 0.0, 0.0)","(0.0, 0.0, 0.0)",1000,tanh,True,12,3,8,30008,40008,False,0.7165,0.7115,False,False,2000,0.01,torch.nn.Linear.reset_parameters: kaiming_uniform_(a=sqrt(5)); bias_uniform_bound=1/sqrt(fan_in),0.5773502691896257,1.97598674998153
thin_tube,True,0.0,1.0,1.0,0.05,0.05,0.05,0.05,"(1.0, 0.0, 0.0)","(0.0, 0.0, 0.0)",1000,tanh,True,12,3,9,30009,40009,False,0.988,0.989,False,False,2000,0.01,torch.nn.Linear.reset_parameters: kaiming_uniform_(a=sqrt(5)); bias_uniform_bound=1/sqrt(fan_in),0.5773502691896257,1.9648593330057338
thin_tube,True,0.0,1.0,1.0,0.05,0.05,0.05,0.05,"(1.0, 0.0, 0.0)","(0.0, 0.0, 0.0)",1000,tanh,True,12,4,0,30000,40000,False,0.9955,0.988,False,False,2000,0.01,torch.nn.Linear.reset_parameters: kaiming_uniform_(a=sqrt(5)); bias_uniform_bound=1/sqrt(fan_in),0.5773502691896257,1.9083743749652058
thin_tube,True,0.0,1.0,1.0,0.05,0.05,0.05,0.05,"(1.0, 0.0, 0.0)","(0.0, 0.0, 0.0)",1000,tanh,True,12,4,1,30001,40001,False,0.7595,0.763,False,False,2000,0.01,torch.nn.Linear.reset_parameters: kaiming_uniform_(a=sqrt(5)); bias_uniform_bound=1/sqrt(fan_in),0.5773502691896257,1.9078156249597669
thin_tube,True,0.0,1.0,1.0,0.05,0.05,0.05,0.05,"(1.0, 0.0, 0.0)","(0.0, 0.0, 0.0)",1000,tanh,True,12,4,2,30002,40002,False,0.9675,0.9685,False,False,2000,0.01,torch.nn.Linear.reset_parameters: kaiming_uniform_(a=sqrt(5)); bias_uniform_bound=1/sqrt(fan_in),0.5773502691896257,1.9117394589120522
thin_tube,True,0.0,1.0,1.0,0.05,0.05,0.05,0.05,"(1.0, 0.0, 0.0)","(0.0, 0.0, 0.0)",1000,tanh,True,12,4,3,30003,40003,False,0.993,0.992,False,False,2000,0.01,torch.nn.Linear.reset_parameters: kaiming_uniform_(a=sqrt(5)); bias_uniform_bound=1/sqrt(fan_in),0.5773502691896257,1.9248950409237295
thin_tube,True,0.0,1.0,1.0,0.05,0.05,0.05,0.05,"(1.0, 0.0, 0.0)","(0.0, 0.0, 0.0)",1000,tanh,True,12,4,4,30004,40004,False,0.99,0.99,False,False,2000,0.01,torch.nn.Linear.reset_parameters: kaiming_uniform_(a=sqrt(5)); bias_uniform_bound=1/sqrt(fan_in),0.5773502691896257,1.9041863329475746
thin_tube,True,0.0,1.0,1.0,0.05,0.05,0.05,0.05,"(1.0, 0.0, 0.0)","(0.0, 0.0, 0.0)",1000,tanh,True,12,4,5,30005,40005,False,0.9925,0.9935,False,False,2000,0.01,torch.nn.Linear.reset_parameters: kaiming_uniform_(a=sqrt(5)); bias_uniform_bound=1/sqrt(fan_in),0.5773502691896257,1.9084210420260206
thin_tube,True,0.0,1.0,1.0,0.05,0.05,0.05,0.05,"(1.0, 0.0, 0.0)","(0.0, 0.0, 0.0)",1000,tanh,True,12,4,6,30006,40006,False,0.994,0.99,False,False,2000,0.01,torch.nn.Linear.reset_parameters: kaiming_uniform_(a=sqrt(5)); bias_uniform_bound=1/sqrt(fan_in),0.5773502691896257,1.9100711250212044
thin_tube,True,0.0,1.0,1.0,0.05,0.05,0.05,0.05,"(1.0, 0.0, 0.0)","(0.0, 0.0, 0.0)",1000,tanh,True,12,4,7,30007,40007,False,0.9935,0.987,False,False,2000,0.01,torch.nn.Linear.reset_parameters: kaiming_uniform_(a=sqrt(5)); bias_uniform_bound=1/sqrt(fan_in),0.5773502691896257,1.907312124967575
thin_tube,True,0.0,1.0,1.0,0.05,0.05,0.05,0.05,"(1.0, 0.0, 0.0)","(0.0, 0.0, 0.0)",1000,tanh,True,12,4,8,30008,40008,True,1.0,1.0,True,False,2000,0.01,torch.nn.Linear.reset_parameters: kaiming_uniform_(a=sqrt(5)); bias_uniform_bound=1/sqrt(fan_in),0.5773502691896257,1.901239916915074
thin_tube,True,0.0,1.0,1.0,0.05,0.05,0.05,0.05,"(1.0, 0.0, 0.0)","(0.0, 0.0, 0.0)",1000,tanh,True,12,4,9,30009,40009,False,0.987,0.987,False,False,2000,0.01,torch.nn.Linear.reset_parameters: kaiming_uniform_(a=sqrt(5)); bias_uniform_bound=1/sqrt(fan_in),0.5773502691896257,1.9052783750230446
thin_tube,True,0.0,1.0,1.0,0.05,0.05,0.05,0.05,"(1.0, 0.0, 0.0)","(0.0, 0.0, 0.0)",1000,relu,True,3,3,0,30000,40000,False,0.5,0.5,False,True,2000,0.01,torch.nn.Linear.reset_parameters: kaiming_uniform_(a=sqrt(5)); bias_uniform_bound=1/sqrt(fan_in),0.5773502691896257,0.59612645895686
thin_tube,True,0.0,1.0,1.0,0.05,0.05,0.05,0.05,"(1.0, 0.0, 0.0)","(0.0, 0.0, 0.0)",1000,relu,True,3,3,1,30001,40001,False,0.5,0.5,False,True,2000,0.01,torch.nn.Linear.reset_parameters: kaiming_uniform_(a=sqrt(5)); bias_uniform_bound=1/sqrt(fan_in),0.5773502691896257,0.5911558750085533
thin_tube,True,0.0,1.0,1.0,0.05,0.05,0.05,0.05,"(1.0, 0.0, 0.0)","(0.0, 0.0, 0.0)",1000,relu,True,3,3,2,30002,40002,False,0.9935,0.9925,False,False,2000,0.01,torch.nn.Linear.reset_parameters: kaiming_uniform_(a=sqrt(5)); bias_uniform_bound=1/sqrt(fan_in),0.5773502691896257,0.6086907080607489
thin_tube,True,0.0,1.0,1.0,0.05,0.05,0.05,0.05,"(1.0, 0.0, 0.0)","(0.0, 0.0, 0.0)",1000,relu,True,3,3,3,30003,40003,False,0.992,0.991,False,False,2000,0.01,torch.nn.Linear.reset_parameters: kaiming_uniform_(a=sqrt(5)); bias_uniform_bound=1/sqrt(fan_in),0.5773502691896257,0.5969961660448462
thin_tube,True,0.0,1.0,1.0,0.05,0.05,0.05,0.05,"(1.0, 0.0, 0.0)","(0.0, 0.0, 0.0)",1000,relu,True,3,3,4,30004,40004,False,0.9915,0.9935,False,False,2000,0.01,torch.nn.Linear.reset_parameters: kaiming_uniform_(a=sqrt(5)); bias_uniform_bound=1/sqrt(fan_in),0.5773502691896257,0.6045460000168532
thin_tube,True,0.0,1.0,1.0,0.05,0.05,0.05,0.05,"(1.0, 0.0, 0.0)","(0.0, 0.0, 0.0)",1000,relu,True,3,3,5,30005,40005,False,0.9925,0.992,False,False,2000,0.01,torch.nn.Linear.reset_parameters: kaiming_uniform_(a=sqrt(5)); bias_uniform_bound=1/sqrt(fan_in),0.5773502691896257,0.5983859159750864
thin_tube,True,0.0,1.0,1.0,0.05,0.05,0.05,0.05,"(1.0, 0.0, 0.0)","(0.0, 0.0, 0.0)",1000,relu,True,3,3,6,30006,40006,False,0.9935,0.993,False,False,2000,0.01,torch.nn.Linear.reset_parameters: kaiming_uniform_(a=sqrt(5)); bias_uniform_bound=1/sqrt(fan_in),0.5773502691896257,0.6048314160434529
thin_tube,True,0.0,1.0,1.0,0.05,0.05,0.05,0.05,"(1.0, 0.0, 0.0)","(0.0, 0.0, 0.0)",1000,relu,True,3,3,7,30007,40007,False,0.984,0.9825,False,False,2000,0.01,torch.nn.Linear.reset_parameters: kaiming_uniform_(a=sqrt(5)); bias_uniform_bound=1/sqrt(fan_in),0.5773502691896257,0.5983024999732152
thin_tube,True,0.0,1.0,1.0,0.05,0.05,0.05,0.05,"(1.0, 0.0, 0.0)","(0.0, 0.0, 0.0)",1000,relu,True,3,3,8,30008,40008,False,0.5,0.5,False,True,2000,0.01,torch.nn.Linear.reset_parameters: kaiming_uniform_(a=sqrt(5)); bias_uniform_bound=1/sqrt(fan_in),0.5773502691896257,0.5940907499752939
thin_tube,True,0.0,1.0,1.0,0.05,0.05,0.05,0.05,"(1.0, 0.0, 0.0)","(0.0, 0.0, 0.0)",1000,relu,True,3,3,9,30009,40009,False,0.9825,0.978,False,False,2000,0.01,torch.nn.Linear.reset_parameters: kaiming_uniform_(a=sqrt(5)); bias_uniform_bound=1/sqrt(fan_in),0.5773502691896257,0.6004172089742497
thin_tube,True,0.0,1.0,1.0,0.05,0.05,0.05,0.05,"(1.0, 0.0, 0.0)","(0.0, 0.0, 0.0)",1000,relu,True,3,4,0,30000,40000,False,0.5,0.5,False,True,2000,0.01,torch.nn.Linear.reset_parameters: kaiming_uniform_(a=sqrt(5)); bias_uniform_bound=1/sqrt(fan_in),0.5773502691896257,0.5608774999855086
thin_tube,True,0.0,1.0,1.0,0.05,0.05,0.05,0.05,"(1.0, 0.0, 0.0)","(0.0, 0.0, 0.0)",1000,relu,True,3,4,1,30001,40001,False,0.9905,0.988,False,False,2000,0.01,torch.nn.Linear.reset_parameters: kaiming_uniform_(a=sqrt(5)); bias_uniform_bound=1/sqrt(fan_in),0.5773502691896257,0.5566535829566419
thin_tube,True,0.0,1.0,1.0,0.05,0.05,0.05,0.05,"(1.0, 0.0, 0.0)","(0.0, 0.0, 0.0)",1000,relu,True,3,4,2,30002,40002,False,0.991,0.9915,False,False,2000,0.01,torch.nn.Linear.reset_parameters: kaiming_uniform_(a=sqrt(5)); bias_uniform_bound=1/sqrt(fan_in),0.5773502691896257,0.5553597919642925
thin_tube,True,0.0,1.0,1.0,0.05,0.05,0.05,0.05,"(1.0, 0.0, 0.0)","(0.0, 0.0, 0.0)",1000,relu,True,3,4,3,30003,40003,False,0.9925,0.992,False,False,2000,0.01,torch.nn.Linear.reset_parameters: kaiming_uniform_(a=sqrt(5)); bias_uniform_bound=1/sqrt(fan_in),0.5773502691896257,0.5608407499967143
thin_tube,True,0.0,1.0,1.0,0.05,0.05,0.05,0.05,"(1.0, 0.0, 0.0)","(0.0, 0.0, 0.0)",1000,relu,True,3,4,4,30004,40004,False,0.989,0.9945,False,False,2000,0.01,torch.nn.Linear.reset_parameters: kaiming_uniform_(a=sqrt(5)); bias_uniform_bound=1/sqrt(fan_in),0.5773502691896257,0.5610024170018733
thin_tube,True,0.0,1.0,1.0,0.05,0.05,0.05,0.05,"(1.0, 0.0, 0.0)","(0.0, 0.0, 0.0)",1000,relu,True,3,4,5,30005,40005,False,0.992,0.99,False,False,2000,0.01,torch.nn.Linear.reset_parameters: kaiming_uniform_(a=sqrt(5)); bias_uniform_bound=1/sqrt(fan_in),0.5773502691896257,0.5570379160344601
thin_tube,True,0.0,1.0,1.0,0.05,0.05,0.05,0.05,"(1.0, 0.0, 0.0)","(0.0, 0.0, 0.0)",1000,relu,True,3,4,6,30006,40006,False,0.9795,0.976,False,False,2000,0.01,torch.nn.Linear.reset_parameters: kaiming_uniform_(a=sqrt(5)); bias_uniform_bound=1/sqrt(fan_in),0.5773502691896257,0.554140166961588
thin_tube,True,0.0,1.0,1.0,0.05,0.05,0.05,0.05,"(1.0, 0.0, 0.0)","(0.0, 0.0, 0.0)",1000,relu,True,3,4,7,30007,40007,False,0.9945,0.9875,False,False,2000,0.01,torch.nn.Linear.reset_parameters: kaiming_uniform_(a=sqrt(5)); bias_uniform_bound=1/sqrt(fan_in),0.5773502691896257,0.557103082886897
thin_tube,True,0.0,1.0,1.0,0.05,0.05,0.05,0.05,"(1.0, 0.0, 0.0)","(0.0, 0.0, 0.0)",1000,relu,True,3,4,8,30008,40008,False,0.993,0.9865,False,False,2000,0.01,torch.nn.Linear.reset_parameters: kaiming_uniform_(a=sqrt(5)); bias_uniform_bound=1/sqrt(fan_in),0.5773502691896257,0.5529346660478041
thin_tube,True,0.0,1.0,1.0,0.05,0.05,0.05,0.05,"(1.0, 0.0, 0.0)","(0.0, 0.0, 0.0)",1000,relu,True,3,4,9,30009,40009,False,0.989,0.9905,False,False,2000,0.01,torch.nn.Linear.reset_parameters: kaiming_uniform_(a=sqrt(5)); bias_uniform_bound=1/sqrt(fan_in),0.5773502691896257,0.5569484579609707
thin_tube,True,0.0,1.0,1.0,0.05,0.05,0.05,0.05,"(1.0, 0.0, 0.0)","(0.0, 0.0, 0.0)",1000,relu,True,5,3,0,30000,40000,False,0.5,0.5,False,True,2000,0.01,torch.nn.Linear.reset_parameters: kaiming_uniform_(a=sqrt(5)); bias_uniform_bound=1/sqrt(fan_in),0.5773502691896257,0.8386943340301514
thin_tube,True,0.0,1.0,1.0,0.05,0.05,0.05,0.05,"(1.0, 0.0, 0.0)","(0.0, 0.0, 0.0)",1000,relu,True,5,3,1,30001,40001,False,0.5,0.5,False,True,2000,0.01,torch.nn.Linear.reset_parameters: kaiming_uniform_(a=sqrt(5)); bias_uniform_bound=1/sqrt(fan_in),0.5773502691896257,0.8376472499221563
thin_tube,True,0.0,1.0,1.0,0.05,0.05,0.05,0.05,"(1.0, 0.0, 0.0)","(0.0, 0.0, 0.0)",1000,relu,True,5,3,2,30002,40002,False,0.992,0.992,False,False,2000,0.01,torch.nn.Linear.reset_parameters: kaiming_uniform_(a=sqrt(5)); bias_uniform_bound=1/sqrt(fan_in),0.5773502691896257,0.8348504579626024
thin_tube,True,0.0,1.0,1.0,0.05,0.05,0.05,0.05,"(1.0, 0.0, 0.0)","(0.0, 0.0, 0.0)",1000,relu,True,5,3,3,30003,40003,False,0.5,0.5,False,True,2000,0.01,torch.nn.Linear.reset_parameters: kaiming_uniform_(a=sqrt(5)); bias_uniform_bound=1/sqrt(fan_in),0.5773502691896257,0.8401064579375088
thin_tube,True,0.0,1.0,1.0,0.05,0.05,0.05,0.05,"(1.0, 0.0, 0.0)","(0.0, 0.0, 0.0)",1000,relu,True,5,3,4,30004,40004,False,0.995,0.9935,False,False,2000,0.01,torch.nn.Linear.reset_parameters: kaiming_uniform_(a=sqrt(5)); bias_uniform_bound=1/sqrt(fan_in),0.5773502691896257,0.8490495420992374
thin_tube,True,0.0,1.0,1.0,0.05,0.05,0.05,0.05,"(1.0, 0.0, 0.0)","(0.0, 0.0, 0.0)",1000,relu,True,5,3,5,30005,40005,False,0.992,0.992,False,False,2000,0.01,torch.nn.Linear.reset_parameters: kaiming_uniform_(a=sqrt(5)); bias_uniform_bound=1/sqrt(fan_in),0.5773502691896257,0.8442103749839589
thin_tube,True,0.0,1.0,1.0,0.05,0.05,0.05,0.05,"(1.0, 0.0, 0.0)","(0.0, 0.0, 0.0)",1000,relu,True,5,3,6,30006,40006,False,0.9885,0.988,False,False,2000,0.01,torch.nn.Linear.reset_parameters: kaiming_uniform_(a=sqrt(5)); bias_uniform_bound=1/sqrt(fan_in),0.5773502691896257,0.8446590829407796
thin_tube,True,0.0,1.0,1.0,0.05,0.05,0.05,0.05,"(1.0, 0.0, 0.0)","(0.0, 0.0, 0.0)",1000,relu,True,5,3,7,30007,40007,False,0.995,0.9885,False,False,2000,0.01,torch.nn.Linear.reset_parameters: kaiming_uniform_(a=sqrt(5)); bias_uniform_bound=1/sqrt(fan_in),0.5773502691896257,0.8407039999729022
thin_tube,True,0.0,1.0,1.0,0.05,0.05,0.05,0.05,"(1.0, 0.0, 0.0)","(0.0, 0.0, 0.0)",1000,relu,True,5,3,8,30008,40008,False,0.5,0.5,False,True,2000,0.01,torch.nn.Linear.reset_parameters: kaiming_uniform_(a=sqrt(5)); bias_uniform_bound=1/sqrt(fan_in),0.5773502691896257,0.8371286250185221
thin_tube,True,0.0,1.0,1.0,0.05,0.05,0.05,0.05,"(1.0, 0.0, 0.0)","(0.0, 0.0, 0.0)",1000,relu,True,5,3,9,30009,40009,False,0.992,0.984,False,False,2000,0.01,torch.nn.Linear.reset_parameters: kaiming_uniform_(a=sqrt(5)); bias_uniform_bound=1/sqrt(fan_in),0.5773502691896257,0.835238124942407
thin_tube,True,0.0,1.0,1.0,0.05,0.05,0.05,0.05,"(1.0, 0.0, 0.0)","(0.0, 0.0, 0.0)",1000,relu,True,5,4,0,30000,40000,False,0.5,0.5,False,True,2000,0.01,torch.nn.Linear.reset_parameters: kaiming_uniform_(a=sqrt(5)); bias_uniform_bound=1/sqrt(fan_in),0.5773502691896257,0.7715697919484228
thin_tube,True,0.0,1.0,1.0,0.05,0.05,0.05,0.05,"(1.0, 0.0, 0.0)","(0.0, 0.0, 0.0)",1000,relu,True,5,4,1,30001,40001,False,0.993,0.9915,False,False,2000,0.01,torch.nn.Linear.reset_parameters: kaiming_uniform_(a=sqrt(5)); bias_uniform_bound=1/sqrt(fan_in),0.5773502691896257,0.7728595000226051
thin_tube,True,0.0,1.0,1.0,0.05,0.05,0.05,0.05,"(1.0, 0.0, 0.0)","(0.0, 0.0, 0.0)",1000,relu,True,5,4,2,30002,40002,False,0.993,0.992,False,False,2000,0.01,torch.nn.Linear.reset_parameters: kaiming_uniform_(a=sqrt(5)); bias_uniform_bound=1/sqrt(fan_in),0.5773502691896257,0.7748943330952898
thin_tube,True,0.0,1.0,1.0,0.05,0.05,0.05,0.05,"(1.0, 0.0, 0.0)","(0.0, 0.0, 0.0)",1000,relu,True,5,4,3,30003,40003,False,0.9935,0.9875,False,False,2000,0.01,torch.nn.Linear.reset_parameters: kaiming_uniform_(a=sqrt(5)); bias_uniform_bound=1/sqrt(fan_in),0.5773502691896257,0.8810661250026897
thin_tube,True,0.0,1.0,1.0,0.05,0.05,0.05,0.05,"(1.0, 0.0, 0.0)","(0.0, 0.0, 0.0)",1000,relu,True,5,4,4,30004,40004,False,0.987,0.994,False,False,2000,0.01,torch.nn.Linear.reset_parameters: kaiming_uniform_(a=sqrt(5)); bias_uniform_bound=1/sqrt(fan_in),0.5773502691896257,0.7926108749816194
thin_tube,True,0.0,1.0,1.0,0.05,0.05,0.05,0.05,"(1.0, 0.0, 0.0)","(0.0, 0.0, 0.0)",1000,relu,True,5,4,5,30005,40005,False,0.5,0.5,False,True,2000,0.01,torch.nn.Linear.reset_parameters: kaiming_uniform_(a=sqrt(5)); bias_uniform_bound=1/sqrt(fan_in),0.5773502691896257,0.7700660000555217
thin_tube,True,0.0,1.0,1.0,0.05,0.05,0.05,0.05,"(1.0, 0.0, 0.0)","(0.0, 0.0, 0.0)",1000,relu,True,5,4,6,30006,40006,False,0.993,0.993,False,False,2000,0.01,torch.nn.Linear.reset_parameters: kaiming_uniform_(a=sqrt(5)); bias_uniform_bound=1/sqrt(fan_in),0.5773502691896257,0.7742781670531258
thin_tube,True,0.0,1.0,1.0,0.05,0.05,0.05,0.05,"(1.0, 0.0, 0.0)","(0.0, 0.0, 0.0)",1000,relu,True,5,4,7,30007,40007,False,0.978,0.9765,False,False,2000,0.01,torch.nn.Linear.reset_parameters: kaiming_uniform_(a=sqrt(5)); bias_uniform_bound=1/sqrt(fan_in),0.5773502691896257,0.7693183330120519
thin_tube,True,0.0,1.0,1.0,0.05,0.05,0.05,0.05,"(1.0, 0.0, 0.0)","(0.0, 0.0, 0.0)",1000,relu,True,5,4,8,30008,40008,False,0.9925,0.989,False,False,2000,0.01,torch.nn.Linear.reset_parameters: kaiming_uniform_(a=sqrt(5)); bias_uniform_bound=1/sqrt(fan_in),0.5773502691896257,0.7706390829989687
thin_tube,True,0.0,1.0,1.0,0.05,0.05,0.05,0.05,"(1.0, 0.0, 0.0)","(0.0, 0.0, 0.0)",1000,relu,True,5,4,9,30009,40009,False,0.5,0.5,False,True,2000,0.01,torch.nn.Linear.reset_parameters: kaiming_uniform_(a=sqrt(5)); bias_uniform_bound=1/sqrt(fan_in),0.5773502691896257,0.7733604160603136
thin_tube,True,0.0,1.0,1.0,0.05,0.05,0.05,0.05,"(1.0, 0.0, 0.0)","(0.0, 0.0, 0.0)",1000,relu,True,8,3,0,30000,40000,False,0.5,0.5,False,True,2000,0.01,torch.nn.Linear.reset_parameters: kaiming_uniform_(a=sqrt(5)); bias_uniform_bound=1/sqrt(fan_in),0.5773502691896257,1.201386582921259
thin_tube,True,0.0,1.0,1.0,0.05,0.05,0.05,0.05,"(1.0, 0.0, 0.0)","(0.0, 0.0, 0.0)",1000,relu,True,8,3,1,30001,40001,False,0.5,0.5,False,True,2000,0.01,torch.nn.Linear.reset_parameters: kaiming_uniform_(a=sqrt(5)); bias_uniform_bound=1/sqrt(fan_in),0.5773502691896257,1.1996683329343796
thin_tube,True,0.0,1.0,1.0,0.05,0.05,0.05,0.05,"(1.0, 0.0, 0.0)","(0.0, 0.0, 0.0)",1000,relu,True,8,3,2,30002,40002,False,0.5,0.5,False,True,2000,0.01,torch.nn.Linear.reset_parameters: kaiming_uniform_(a=sqrt(5)); bias_uniform_bound=1/sqrt(fan_in),0.5773502691896257,1.2598149159457535
thin_tube,True,0.0,1.0,1.0,0.05,0.05,0.05,0.05,"(1.0, 0.0, 0.0)","(0.0, 0.0, 0.0)",1000,relu,True,8,3,3,30003,40003,False,0.5,0.5,False,True,2000,0.01,torch.nn.Linear.reset_parameters: kaiming_uniform_(a=sqrt(5)); bias_uniform_bound=1/sqrt(fan_in),0.5773502691896257,1.2373230829834938
thin_tube,True,0.0,1.0,1.0,0.05,0.05,0.05,0.05,"(1.0, 0.0, 0.0)","(0.0, 0.0, 0.0)",1000,relu,True,8,3,4,30004,40004,False,0.9925,0.9945,False,False,2000,0.01,torch.nn.Linear.reset_parameters: kaiming_uniform_(a=sqrt(5)); bias_uniform_bound=1/sqrt(fan_in),0.5773502691896257,1.2141108340583742
thin_tube,True,0.0,1.0,1.0,0.05,0.05,0.05,0.05,"(1.0, 0.0, 0.0)","(0.0, 0.0, 0.0)",1000,relu,True,8,3,5,30005,40005,False,0.5,0.5,False,True,2000,0.01,torch.nn.Linear.reset_parameters: kaiming_uniform_(a=sqrt(5)); bias_uniform_bound=1/sqrt(fan_in),0.5773502691896257,1.2017780829919502
thin_tube,True,0.0,1.0,1.0,0.05,0.05,0.05,0.05,"(1.0, 0.0, 0.0)","(0.0, 0.0, 0.0)",1000,relu,True,8,3,6,30006,40006,False,0.5,0.5,False,True,2000,0.01,torch.nn.Linear.reset_parameters: kaiming_uniform_(a=sqrt(5)); bias_uniform_bound=1/sqrt(fan_in),0.5773502691896257,1.2085934999631718
thin_tube,True,0.0,1.0,1.0,0.05,0.05,0.05,0.05,"(1.0, 0.0, 0.0)","(0.0, 0.0, 0.0)",1000,relu,True,8,3,7,30007,40007,False,0.5,0.5,False,True,2000,0.01,torch.nn.Linear.reset_parameters: kaiming_uniform_(a=sqrt(5)); bias_uniform_bound=1/sqrt(fan_in),0.5773502691896257,1.2150173749541864
thin_tube,True,0.0,1.0,1.0,0.05,0.05,0.05,0.05,"(1.0, 0.0, 0.0)","(0.0, 0.0, 0.0)",1000,relu,True,8,3,8,30008,40008,False,0.5,0.5,False,True,2000,0.01,torch.nn.Linear.reset_parameters: kaiming_uniform_(a=sqrt(5)); bias_uniform_bound=1/sqrt(fan_in),0.5773502691896257,1.1986954999156296
thin_tube,True,0.0,1.0,1.0,0.05,0.05,0.05,0.05,"(1.0, 0.0, 0.0)","(0.0, 0.0, 0.0)",1000,relu,True,8,3,9,30009,40009,False,0.5,0.5,False,True,2000,0.01,torch.nn.Linear.reset_parameters: kaiming_uniform_(a=sqrt(5)); bias_uniform_bound=1/sqrt(fan_in),0.5773502691896257,1.203309000004083
thin_tube,True,0.0,1.0,1.0,0.05,0.05,0.05,0.05,"(1.0, 0.0, 0.0)","(0.0, 0.0, 0.0)",1000,relu,True,8,4,0,30000,40000,False,0.5,0.5,False,True,2000,0.01,torch.nn.Linear.reset_parameters: kaiming_uniform_(a=sqrt(5)); bias_uniform_bound=1/sqrt(fan_in),0.5773502691896257,1.0784459999995306
thin_tube,True,0.0,1.0,1.0,0.05,0.05,0.05,0.05,"(1.0, 0.0, 0.0)","(0.0, 0.0, 0.0)",1000,relu,True,8,4,1,30001,40001,False,0.5,0.5,False,True,2000,0.01,torch.nn.Linear.reset_parameters: kaiming_uniform_(a=sqrt(5)); bias_uniform_bound=1/sqrt(fan_in),0.5773502691896257,1.0806810409994796
thin_tube,True,0.0,1.0,1.0,0.05,0.05,0.05,0.05,"(1.0, 0.0, 0.0)","(0.0, 0.0, 0.0)",1000,relu,True,8,4,2,30002,40002,False,0.5,0.5,False,True,2000,0.01,torch.nn.Linear.reset_parameters: kaiming_uniform_(a=sqrt(5)); bias_uniform_bound=1/sqrt(fan_in),0.5773502691896257,1.0852430000668392
thin_tube,True,0.0,1.0,1.0,0.05,0.05,0.05,0.05,"(1.0, 0.0, 0.0)","(0.0, 0.0, 0.0)",1000,relu,True,8,4,3,30003,40003,False,0.5,0.5,False,True,2000,0.01,torch.nn.Linear.reset_parameters: kaiming_uniform_(a=sqrt(5)); bias_uniform_bound=1/sqrt(fan_in),0.5773502691896257,1.081885042018257
thin_tube,True,0.0,1.0,1.0,0.05,0.05,0.05,0.05,"(1.0, 0.0, 0.0)","(0.0, 0.0, 0.0)",1000,relu,True,8,4,4,30004,40004,False,0.5,0.5,False,True,2000,0.01,torch.nn.Linear.reset_parameters: kaiming_uniform_(a=sqrt(5)); bias_uniform_bound=1/sqrt(fan_in),0.5773502691896257,1.0849908749805763
thin_tube,True,0.0,1.0,1.0,0.05,0.05,0.05,0.05,"(1.0, 0.0, 0.0)","(0.0, 0.0, 0.0)",1000,relu,True,8,4,5,30005,40005,False,0.5,0.5,False,True,2000,0.01,torch.nn.Linear.reset_parameters: kaiming_uniform_(a=sqrt(5)); bias_uniform_bound=1/sqrt(fan_in),0.5773502691896257,1.0842924159951508
thin_tube,True,0.0,1.0,1.0,0.05,0.05,0.05,0.05,"(1.0, 0.0, 0.0)","(0.0, 0.0, 0.0)",1000,relu,True,8,4,6,30006,40006,False,0.994,0.989,False,False,2000,0.01,torch.nn.Linear.reset_parameters: kaiming_uniform_(a=sqrt(5)); bias_uniform_bound=1/sqrt(fan_in),0.5773502691896257,1.0818603748921305
thin_tube,True,0.0,1.0,1.0,0.05,0.05,0.05,0.05,"(1.0, 0.0, 0.0)","(0.0, 0.0, 0.0)",1000,relu,True,8,4,7,30007,40007,False,0.5,0.5,False,True,2000,0.01,torch.nn.Linear.reset_parameters: kaiming_uniform_(a=sqrt(5)); bias_uniform_bound=1/sqrt(fan_in),0.5773502691896257,1.096368542057462
thin_tube,True,0.0,1.0,1.0,0.05,0.05,0.05,0.05,"(1.0, 0.0, 0.0)","(0.0, 0.0, 0.0)",1000,relu,True,8,4,8,30008,40008,False,0.5,0.5,False,True,2000,0.01,torch.nn.Linear.reset_parameters: kaiming_uniform_(a=sqrt(5)); bias_uniform_bound=1/sqrt(fan_in),0.5773502691896257,1.0846836669370532
thin_tube,True,0.0,1.0,1.0,0.05,0.05,0.05,0.05,"(1.0, 0.0, 0.0)","(0.0, 0.0, 0.0)",1000,relu,True,8,4,9,30009,40009,False,0.5,0.5,False,True,2000,0.01,torch.nn.Linear.reset_parameters: kaiming_uniform_(a=sqrt(5)); bias_uniform_bound=1/sqrt(fan_in),0.5773502691896257,1.0778301249956712
thin_tube,True,0.0,1.0,1.0,0.05,0.05,0.05,0.05,"(1.0, 0.0, 0.0)","(0.0, 0.0, 0.0)",1000,relu,True,12,3,0,30000,40000,False,0.5,0.5,False,True,2000,0.01,torch.nn.Linear.reset_parameters: kaiming_uniform_(a=sqrt(5)); bias_uniform_bound=1/sqrt(fan_in),0.5773502691896257,1.680629541981034
thin_tube,True,0.0,1.0,1.0,0.05,0.05,0.05,0.05,"(1.0, 0.0, 0.0)","(0.0, 0.0, 0.0)",1000,relu,True,12,3,1,30001,40001,False,0.5,0.5,False,True,2000,0.01,torch.nn.Linear.reset_parameters: kaiming_uniform_(a=sqrt(5)); bias_uniform_bound=1/sqrt(fan_in),0.5773502691896257,1.6856842499691993
thin_tube,True,0.0,1.0,1.0,0.05,0.05,0.05,0.05,"(1.0, 0.0, 0.0)","(0.0, 0.0, 0.0)",1000,relu,True,12,3,2,30002,40002,False,0.5,0.5,False,True,2000,0.01,torch.nn.Linear.reset_parameters: kaiming_uniform_(a=sqrt(5)); bias_uniform_bound=1/sqrt(fan_in),0.5773502691896257,1.6833700409624726
thin_tube,True,0.0,1.0,1.0,0.05,0.05,0.05,0.05,"(1.0, 0.0, 0.0)","(0.0, 0.0, 0.0)",1000,relu,True,12,3,3,30003,40003,False,0.5,0.5,False,True,2000,0.01,torch.nn.Linear.reset_parameters: kaiming_uniform_(a=sqrt(5)); bias_uniform_bound=1/sqrt(fan_in),0.5773502691896257,1.7029705829918385
thin_tube,True,0.0,1.0,1.0,0.05,0.05,0.05,0.05,"(1.0, 0.0, 0.0)","(0.0, 0.0, 0.0)",1000,relu,True,12,3,4,30004,40004,False,0.5,0.5,False,True,2000,0.01,torch.nn.Linear.reset_parameters: kaiming_uniform_(a=sqrt(5)); bias_uniform_bound=1/sqrt(fan_in),0.5773502691896257,1.734778375015594
thin_tube,True,0.0,1.0,1.0,0.05,0.05,0.05,0.05,"(1.0, 0.0, 0.0)","(0.0, 0.0, 0.0)",1000,relu,True,12,3,5,30005,40005,False,0.5,0.5,False,True,2000,0.01,torch.nn.Linear.reset_parameters: kaiming_uniform_(a=sqrt(5)); bias_uniform_bound=1/sqrt(fan_in),0.5773502691896257,1.6840298330644146
thin_tube,True,0.0,1.0,1.0,0.05,0.05,0.05,0.05,"(1.0, 0.0, 0.0)","(0.0, 0.0, 0.0)",1000,relu,True,12,3,6,30006,40006,False,0.5,0.5,False,True,2000,0.01,torch.nn.Linear.reset_parameters: kaiming_uniform_(a=sqrt(5)); bias_uniform_bound=1/sqrt(fan_in),0.5773502691896257,1.6892696249997243
thin_tube,True,0.0,1.0,1.0,0.05,0.05,0.05,0.05,"(1.0, 0.0, 0.0)","(0.0, 0.0, 0.0)",1000,relu,True,12,3,7,30007,40007,False,0.5,0.5,False,True,2000,0.01,torch.nn.Linear.reset_parameters: kaiming_uniform_(a=sqrt(5)); bias_uniform_bound=1/sqrt(fan_in),0.5773502691896257,1.6858197500696406
thin_tube,True,0.0,1.0,1.0,0.05,0.05,0.05,0.05,"(1.0, 0.0, 0.0)","(0.0, 0.0, 0.0)",1000,relu,True,12,3,8,30008,40008,False,0.5,0.5,False,True,2000,0.01,torch.nn.Linear.reset_parameters: kaiming_uniform_(a=sqrt(5)); bias_uniform_bound=1/sqrt(fan_in),0.5773502691896257,1.6795441249851137
thin_tube,True,0.0,1.0,1.0,0.05,0.05,0.05,0.05,"(1.0, 0.0, 0.0)","(0.0, 0.0, 0.0)",1000,relu,True,12,3,9,30009,40009,False,0.5,0.5,False,True,2000,0.01,torch.nn.Linear.reset_parameters: kaiming_uniform_(a=sqrt(5)); bias_uniform_bound=1/sqrt(fan_in),0.5773502691896257,1.689392999978736
thin_tube,True,0.0,1.0,1.0,0.05,0.05,0.05,0.05,"(1.0, 0.0, 0.0)","(0.0, 0.0, 0.0)",1000,relu,True,12,4,0,30000,40000,False,0.5,0.5,False,True,2000,0.01,torch.nn.Linear.reset_parameters: kaiming_uniform_(a=sqrt(5)); bias_uniform_bound=1/sqrt(fan_in),0.5773502691896257,1.5098767090821639
thin_tube,True,0.0,1.0,1.0,0.05,0.05,0.05,0.05,"(1.0, 0.0, 0.0)","(0.0, 0.0, 0.0)",1000,relu,True,12,4,1,30001,40001,False,0.5,0.5,False,True,2000,0.01,torch.nn.Linear.reset_parameters: kaiming_uniform_(a=sqrt(5)); bias_uniform_bound=1/sqrt(fan_in),0.5773502691896257,1.5040165829705074
thin_tube,True,0.0,1.0,1.0,0.05,0.05,0.05,0.05,"(1.0, 0.0, 0.0)","(0.0, 0.0, 0.0)",1000,relu,True,12,4,2,30002,40002,False,0.5,0.5,False,True,2000,0.01,torch.nn.Linear.reset_parameters: kaiming_uniform_(a=sqrt(5)); bias_uniform_bound=1/sqrt(fan_in),0.5773502691896257,1.4857443750370294
thin_tube,True,0.0,1.0,1.0,0.05,0.05,0.05,0.05,"(1.0, 0.0, 0.0)","(0.0, 0.0, 0.0)",1000,relu,True,12,4,3,30003,40003,False,0.5,0.5,False,True,2000,0.01,torch.nn.Linear.reset_parameters: kaiming_uniform_(a=sqrt(5)); bias_uniform_bound=1/sqrt(fan_in),0.5773502691896257,1.4911519580055028
thin_tube,True,0.0,1.0,1.0,0.05,0.05,0.05,0.05,"(1.0, 0.0, 0.0)","(0.0, 0.0, 0.0)",1000,relu,True,12,4,4,30004,40004,False,0.5,0.5,False,True,2000,0.01,torch.nn.Linear.reset_parameters: kaiming_uniform_(a=sqrt(5)); bias_uniform_bound=1/sqrt(fan_in),0.5773502691896257,1.490667083999142
thin_tube,True,0.0,1.0,1.0,0.05,0.05,0.05,0.05,"(1.0, 0.0, 0.0)","(0.0, 0.0, 0.0)",1000,relu,True,12,4,5,30005,40005,False,0.9945,0.988,False,False,2000,0.01,torch.nn.Linear.reset_parameters: kaiming_uniform_(a=sqrt(5)); bias_uniform_bound=1/sqrt(fan_in),0.5773502691896257,1.5206780000589788
thin_tube,True,0.0,1.0,1.0,0.05,0.05,0.05,0.05,"(1.0, 0.0, 0.0)","(0.0, 0.0, 0.0)",1000,relu,True,12,4,6,30006,40006,False,0.5,0.5,False,True,2000,0.01,torch.nn.Linear.reset_parameters: kaiming_uniform_(a=sqrt(5)); bias_uniform_bound=1/sqrt(fan_in),0.5773502691896257,1.4957479999866337
thin_tube,True,0.0,1.0,1.0,0.05,0.05,0.05,0.05,"(1.0, 0.0, 0.0)","(0.0, 0.0, 0.0)",1000,relu,True,12,4,7,30007,40007,False,0.9965,0.9885,False,False,2000,0.01,torch.nn.Linear.reset_parameters: kaiming_uniform_(a=sqrt(5)); bias_uniform_bound=1/sqrt(fan_in),0.5773502691896257,1.4970935829915106
thin_tube,True,0.0,1.0,1.0,0.05,0.05,0.05,0.05,"(1.0, 0.0, 0.0)","(0.0, 0.0, 0.0)",1000,relu,True,12,4,8,30008,40008,False,0.5,0.5,False,True,2000,0.01,torch.nn.Linear.reset_parameters: kaiming_uniform_(a=sqrt(5)); bias_uniform_bound=1/sqrt(fan_in),0.5773502691896257,1.4956662920303643
thin_tube,True,0.0,1.0,1.0,0.05,0.05,0.05,0.05,"(1.0, 0.0, 0.0)","(0.0, 0.0, 0.0)",1000,relu,True,12,4,9,30009,40009,False,0.5,0.5,False,True,2000,0.01,torch.nn.Linear.reset_parameters: kaiming_uniform_(a=sqrt(5)); bias_uniform_bound=1/sqrt(fan_in),0.5773502691896257,1.4999357089400291
thin_tube,True,0.0,1.0,1.0,0.05,0.05,0.05,0.05,"(1.0, 0.0, 0.0)","(0.0, 0.0, 0.0)",1000,leaky_relu,True,3,3,0,30000,40000,False,0.995,0.9875,False,False,2000,0.01,torch.nn.Linear.reset_parameters: kaiming_uniform_(a=sqrt(5)); bias_uniform_bound=1/sqrt(fan_in),0.5773502691896257,0.6013277089223266
thin_tube,True,0.0,1.0,1.0,0.05,0.05,0.05,0.05,"(1.0, 0.0, 0.0)","(0.0, 0.0, 0.0)",1000,leaky_relu,True,3,3,1,30001,40001,False,0.9955,0.9895,False,False,2000,0.01,torch.nn.Linear.reset_parameters: kaiming_uniform_(a=sqrt(5)); bias_uniform_bound=1/sqrt(fan_in),0.5773502691896257,0.6053407499566674
thin_tube,True,0.0,1.0,1.0,0.05,0.05,0.05,0.05,"(1.0, 0.0, 0.0)","(0.0, 0.0, 0.0)",1000,leaky_relu,True,3,3,2,30002,40002,False,0.9915,0.992,False,False,2000,0.01,torch.nn.Linear.reset_parameters: kaiming_uniform_(a=sqrt(5)); bias_uniform_bound=1/sqrt(fan_in),0.5773502691896257,0.6073206249857321
thin_tube,True,0.0,1.0,1.0,0.05,0.05,0.05,0.05,"(1.0, 0.0, 0.0)","(0.0, 0.0, 0.0)",1000,leaky_relu,True,3,3,3,30003,40003,False,0.9925,0.992,False,False,2000,0.01,torch.nn.Linear.reset_parameters: kaiming_uniform_(a=sqrt(5)); bias_uniform_bound=1/sqrt(fan_in),0.5773502691896257,0.5975460830377415
thin_tube,True,0.0,1.0,1.0,0.05,0.05,0.05,0.05,"(1.0, 0.0, 0.0)","(0.0, 0.0, 0.0)",1000,leaky_relu,True,3,3,4,30004,40004,False,0.992,0.993,False,False,2000,0.01,torch.nn.Linear.reset_parameters: kaiming_uniform_(a=sqrt(5)); bias_uniform_bound=1/sqrt(fan_in),0.5773502691896257,0.6053372080205008
thin_tube,True,0.0,1.0,1.0,0.05,0.05,0.05,0.05,"(1.0, 0.0, 0.0)","(0.0, 0.0, 0.0)",1000,leaky_relu,True,3,3,5,30005,40005,False,0.9925,0.992,False,False,2000,0.01,torch.nn.Linear.reset_parameters: kaiming_uniform_(a=sqrt(5)); bias_uniform_bound=1/sqrt(fan_in),0.5773502691896257,0.6021119590150192
thin_tube,True,0.0,1.0,1.0,0.05,0.05,0.05,0.05,"(1.0, 0.0, 0.0)","(0.0, 0.0, 0.0)",1000,leaky_relu,True,3,3,6,30006,40006,False,0.9935,0.993,False,False,2000,0.01,torch.nn.Linear.reset_parameters: kaiming_uniform_(a=sqrt(5)); bias_uniform_bound=1/sqrt(fan_in),0.5773502691896257,0.6100405419711024
thin_tube,True,0.0,1.0,1.0,0.05,0.05,0.05,0.05,"(1.0, 0.0, 0.0)","(0.0, 0.0, 0.0)",1000,leaky_relu,True,3,3,7,30007,40007,False,0.984,0.9825,False,False,2000,0.01,torch.nn.Linear.reset_parameters: kaiming_uniform_(a=sqrt(5)); bias_uniform_bound=1/sqrt(fan_in),0.5773502691896257,0.5968330419855192
thin_tube,True,0.0,1.0,1.0,0.05,0.05,0.05,0.05,"(1.0, 0.0, 0.0)","(0.0, 0.0, 0.0)",1000,leaky_relu,True,3,3,8,30008,40008,False,0.9895,0.993,False,False,2000,0.01,torch.nn.Linear.reset_parameters: kaiming_uniform_(a=sqrt(5)); bias_uniform_bound=1/sqrt(fan_in),0.5773502691896257,0.6073688749456778
thin_tube,True,0.0,1.0,1.0,0.05,0.05,0.05,0.05,"(1.0, 0.0, 0.0)","(0.0, 0.0, 0.0)",1000,leaky_relu,True,3,3,9,30009,40009,False,0.9825,0.978,False,False,2000,0.01,torch.nn.Linear.reset_parameters: kaiming_uniform_(a=sqrt(5)); bias_uniform_bound=1/sqrt(fan_in),0.5773502691896257,0.5999441250460222
thin_tube,True,0.0,1.0,1.0,0.05,0.05,0.05,0.05,"(1.0, 0.0, 0.0)","(0.0, 0.0, 0.0)",1000,leaky_relu,True,3,4,0,30000,40000,False,0.998,0.9855,False,False,2000,0.01,torch.nn.Linear.reset_parameters: kaiming_uniform_(a=sqrt(5)); bias_uniform_bound=1/sqrt(fan_in),0.5773502691896257,0.5588842920260504
thin_tube,True,0.0,1.0,1.0,0.05,0.05,0.05,0.05,"(1.0, 0.0, 0.0)","(0.0, 0.0, 0.0)",1000,leaky_relu,True,3,4,1,30001,40001,False,0.9885,0.9865,False,False,2000,0.01,torch.nn.Linear.reset_parameters: kaiming_uniform_(a=sqrt(5)); bias_uniform_bound=1/sqrt(fan_in),0.5773502691896257,0.561636416008696
thin_tube,True,0.0,1.0,1.0,0.05,0.05,0.05,0.05,"(1.0, 0.0, 0.0)","(0.0, 0.0, 0.0)",1000,leaky_relu,True,3,4,2,30002,40002,False,0.991,0.9915,False,False,2000,0.01,torch.nn.Linear.reset_parameters: kaiming_uniform_(a=sqrt(5)); bias_uniform_bound=1/sqrt(fan_in),0.5773502691896257,0.5579994999570772
thin_tube,True,0.0,1.0,1.0,0.05,0.05,0.05,0.05,"(1.0, 0.0, 0.0)","(0.0, 0.0, 0.0)",1000,leaky_relu,True,3,4,3,30003,40003,False,0.992,0.9915,False,False,2000,0.01,torch.nn.Linear.reset_parameters: kaiming_uniform_(a=sqrt(5)); bias_uniform_bound=1/sqrt(fan_in),0.5773502691896257,0.5638222920242697
thin_tube,True,0.0,1.0,1.0,0.05,0.05,0.05,0.05,"(1.0, 0.0, 0.0)","(0.0, 0.0, 0.0)",1000,leaky_relu,True,3,4,4,30004,40004,False,0.99,0.9955,False,False,2000,0.01,torch.nn.Linear.reset_parameters: kaiming_uniform_(a=sqrt(5)); bias_uniform_bound=1/sqrt(fan_in),0.5773502691896257,0.6580577091081068
thin_tube,True,0.0,1.0,1.0,0.05,0.05,0.05,0.05,"(1.0, 0.0, 0.0)","(0.0, 0.0, 0.0)",1000,leaky_relu,True,3,4,5,30005,40005,False,0.992,0.9905,False,False,2000,0.01,torch.nn.Linear.reset_parameters: kaiming_uniform_(a=sqrt(5)); bias_uniform_bound=1/sqrt(fan_in),0.5773502691896257,0.6367828750517219
thin_tube,True,0.0,1.0,1.0,0.05,0.05,0.05,0.05,"(1.0, 0.0, 0.0)","(0.0, 0.0, 0.0)",1000,leaky_relu,True,3,4,6,30006,40006,False,0.992,0.992,False,False,2000,0.01,torch.nn.Linear.reset_parameters: kaiming_uniform_(a=sqrt(5)); bias_uniform_bound=1/sqrt(fan_in),0.5773502691896257,0.5682012080214918
thin_tube,True,0.0,1.0,1.0,0.05,0.05,0.05,0.05,"(1.0, 0.0, 0.0)","(0.0, 0.0, 0.0)",1000,leaky_relu,True,3,4,7,30007,40007,False,0.995,0.9875,False,False,2000,0.01,torch.nn.Linear.reset_parameters: kaiming_uniform_(a=sqrt(5)); bias_uniform_bound=1/sqrt(fan_in),0.5773502691896257,0.5614259580615908
thin_tube,True,0.0,1.0,1.0,0.05,0.05,0.05,0.05,"(1.0, 0.0, 0.0)","(0.0, 0.0, 0.0)",1000,leaky_relu,True,3,4,8,30008,40008,False,0.996,0.986,False,False,2000,0.01,torch.nn.Linear.reset_parameters: kaiming_uniform_(a=sqrt(5)); bias_uniform_bound=1/sqrt(fan_in),0.5773502691896257,0.562623874982819
thin_tube,True,0.0,1.0,1.0,0.05,0.05,0.05,0.05,"(1.0, 0.0, 0.0)","(0.0, 0.0, 0.0)",1000,leaky_relu,True,3,4,9,30009,40009,False,0.993,0.99,False,False,2000,0.01,torch.nn.Linear.reset_parameters: kaiming_uniform_(a=sqrt(5)); bias_uniform_bound=1/sqrt(fan_in),0.5773502691896257,0.5620818749302998
thin_tube,True,0.0,1.0,1.0,0.05,0.05,0.05,0.05,"(1.0, 0.0, 0.0)","(0.0, 0.0, 0.0)",1000,leaky_relu,True,5,3,0,30000,40000,False,0.997,0.989,False,False,2000,0.01,torch.nn.Linear.reset_parameters: kaiming_uniform_(a=sqrt(5)); bias_uniform_bound=1/sqrt(fan_in),0.5773502691896257,0.8437195000005886
thin_tube,True,0.0,1.0,1.0,0.05,0.05,0.05,0.05,"(1.0, 0.0, 0.0)","(0.0, 0.0, 0.0)",1000,leaky_relu,True,5,3,1,30001,40001,False,0.9925,0.9905,False,False,2000,0.01,torch.nn.Linear.reset_parameters: kaiming_uniform_(a=sqrt(5)); bias_uniform_bound=1/sqrt(fan_in),0.5773502691896257,0.8463584169512615
thin_tube,True,0.0,1.0,1.0,0.05,0.05,0.05,0.05,"(1.0, 0.0, 0.0)","(0.0, 0.0, 0.0)",1000,leaky_relu,True,5,3,2,30002,40002,False,0.99,0.985,False,False,2000,0.01,torch.nn.Linear.reset_parameters: kaiming_uniform_(a=sqrt(5)); bias_uniform_bound=1/sqrt(fan_in),0.5773502691896257,0.8541822920087725
thin_tube,True,0.0,1.0,1.0,0.05,0.05,0.05,0.05,"(1.0, 0.0, 0.0)","(0.0, 0.0, 0.0)",1000,leaky_relu,True,5,3,3,30003,40003,False,0.992,0.992,False,False,2000,0.01,torch.nn.Linear.reset_parameters: kaiming_uniform_(a=sqrt(5)); bias_uniform_bound=1/sqrt(fan_in),0.5773502691896257,0.8556048750178888
thin_tube,True,0.0,1.0,1.0,0.05,0.05,0.05,0.05,"(1.0, 0.0, 0.0)","(0.0, 0.0, 0.0)",1000,leaky_relu,True,5,3,4,30004,40004,False,0.995,0.993,False,False,2000,0.01,torch.nn.Linear.reset_parameters: kaiming_uniform_(a=sqrt(5)); bias_uniform_bound=1/sqrt(fan_in),0.5773502691896257,0.863667874946259
thin_tube,True,0.0,1.0,1.0,0.05,0.05,0.05,0.05,"(1.0, 0.0, 0.0)","(0.0, 0.0, 0.0)",1000,leaky_relu,True,5,3,5,30005,40005,False,0.992,0.992,False,False,2000,0.01,torch.nn.Linear.reset_parameters: kaiming_uniform_(a=sqrt(5)); bias_uniform_bound=1/sqrt(fan_in),0.5773502691896257,0.8555892499862239
thin_tube,True,0.0,1.0,1.0,0.05,0.05,0.05,0.05,"(1.0, 0.0, 0.0)","(0.0, 0.0, 0.0)",1000,leaky_relu,True,5,3,6,30006,40006,False,0.992,0.9905,False,False,2000,0.01,torch.nn.Linear.reset_parameters: kaiming_uniform_(a=sqrt(5)); bias_uniform_bound=1/sqrt(fan_in),0.5773502691896257,0.8506877080071718
thin_tube,True,0.0,1.0,1.0,0.05,0.05,0.05,0.05,"(1.0, 0.0, 0.0)","(0.0, 0.0, 0.0)",1000,leaky_relu,True,5,3,7,30007,40007,False,0.9935,0.99,False,False,2000,0.01,torch.nn.Linear.reset_parameters: kaiming_uniform_(a=sqrt(5)); bias_uniform_bound=1/sqrt(fan_in),0.5773502691896257,0.8489512089872733
thin_tube,True,0.0,1.0,1.0,0.05,0.05,0.05,0.05,"(1.0, 0.0, 0.0)","(0.0, 0.0, 0.0)",1000,leaky_relu,True,5,3,8,30008,40008,False,0.9955,0.988,False,False,2000,0.01,torch.nn.Linear.reset_parameters: kaiming_uniform_(a=sqrt(5)); bias_uniform_bound=1/sqrt(fan_in),0.5773502691896257,0.849499291041866
thin_tube,True,0.0,1.0,1.0,0.05,0.05,0.05,0.05,"(1.0, 0.0, 0.0)","(0.0, 0.0, 0.0)",1000,leaky_relu,True,5,3,9,30009,40009,False,0.992,0.984,False,False,2000,0.01,torch.nn.Linear.reset_parameters: kaiming_uniform_(a=sqrt(5)); bias_uniform_bound=1/sqrt(fan_in),0.5773502691896257,0.848951791995205
thin_tube,True,0.0,1.0,1.0,0.05,0.05,0.05,0.05,"(1.0, 0.0, 0.0)","(0.0, 0.0, 0.0)",1000,leaky_relu,True,5,4,0,30000,40000,False,0.9955,0.989,False,False,2000,0.01,torch.nn.Linear.reset_parameters: kaiming_uniform_(a=sqrt(5)); bias_uniform_bound=1/sqrt(fan_in),0.5773502691896257,0.7776607919950038
thin_tube,True,0.0,1.0,1.0,0.05,0.05,0.05,0.05,"(1.0, 0.0, 0.0)","(0.0, 0.0, 0.0)",1000,leaky_relu,True,5,4,1,30001,40001,False,0.994,0.993,False,False,2000,0.01,torch.nn.Linear.reset_parameters: kaiming_uniform_(a=sqrt(5)); bias_uniform_bound=1/sqrt(fan_in),0.5773502691896257,0.772346124984324
thin_tube,True,0.0,1.0,1.0,0.05,0.05,0.05,0.05,"(1.0, 0.0, 0.0)","(0.0, 0.0, 0.0)",1000,leaky_relu,True,5,4,2,30002,40002,False,0.993,0.992,False,False,2000,0.01,torch.nn.Linear.reset_parameters: kaiming_uniform_(a=sqrt(5)); bias_uniform_bound=1/sqrt(fan_in),0.5773502691896257,0.7733710419852287
thin_tube,True,0.0,1.0,1.0,0.05,0.05,0.05,0.05,"(1.0, 0.0, 0.0)","(0.0, 0.0, 0.0)",1000,leaky_relu,True,5,4,3,30003,40003,False,0.998,0.9925,False,False,2000,0.01,torch.nn.Linear.reset_parameters: kaiming_uniform_(a=sqrt(5)); bias_uniform_bound=1/sqrt(fan_in),0.5773502691896257,0.7769685840466991
thin_tube,True,0.0,1.0,1.0,0.05,0.05,0.05,0.05,"(1.0, 0.0, 0.0)","(0.0, 0.0, 0.0)",1000,leaky_relu,True,5,4,4,30004,40004,False,0.982,0.988,False,False,2000,0.01,torch.nn.Linear.reset_parameters: kaiming_uniform_(a=sqrt(5)); bias_uniform_bound=1/sqrt(fan_in),0.5773502691896257,0.7784267090028152
thin_tube,True,0.0,1.0,1.0,0.05,0.05,0.05,0.05,"(1.0, 0.0, 0.0)","(0.0, 0.0, 0.0)",1000,leaky_relu,True,5,4,5,30005,40005,False,0.997,0.99,False,False,2000,0.01,torch.nn.Linear.reset_parameters: kaiming_uniform_(a=sqrt(5)); bias_uniform_bound=1/sqrt(fan_in),0.5773502691896257,0.7714706250699237
thin_tube,True,0.0,1.0,1.0,0.05,0.05,0.05,0.05,"(1.0, 0.0, 0.0)","(0.0, 0.0, 0.0)",1000,leaky_relu,True,5,4,6,30006,40006,True,1.0,0.997,False,False,2000,0.01,torch.nn.Linear.reset_parameters: kaiming_uniform_(a=sqrt(5)); bias_uniform_bound=1/sqrt(fan_in),0.5773502691896257,0.7846107500372455
thin_tube,True,0.0,1.0,1.0,0.05,0.05,0.05,0.05,"(1.0, 0.0, 0.0)","(0.0, 0.0, 0.0)",1000,leaky_relu,True,5,4,7,30007,40007,True,1.0,1.0,True,False,2000,0.01,torch.nn.Linear.reset_parameters: kaiming_uniform_(a=sqrt(5)); bias_uniform_bound=1/sqrt(fan_in),0.5773502691896257,0.772717124898918
thin_tube,True,0.0,1.0,1.0,0.05,0.05,0.05,0.05,"(1.0, 0.0, 0.0)","(0.0, 0.0, 0.0)",1000,leaky_relu,True,5,4,8,30008,40008,False,0.9955,0.989,False,False,2000,0.01,torch.nn.Linear.reset_parameters: kaiming_uniform_(a=sqrt(5)); bias_uniform_bound=1/sqrt(fan_in),0.5773502691896257,0.7734415419399738
thin_tube,True,0.0,1.0,1.0,0.05,0.05,0.05,0.05,"(1.0, 0.0, 0.0)","(0.0, 0.0, 0.0)",1000,leaky_relu,True,5,4,9,30009,40009,True,1.0,1.0,True,False,2000,0.01,torch.nn.Linear.reset_parameters: kaiming_uniform_(a=sqrt(5)); bias_uniform_bound=1/sqrt(fan_in),0.5773502691896257,0.7734418750042096
thin_tube,True,0.0,1.0,1.0,0.05,0.05,0.05,0.05,"(1.0, 0.0, 0.0)","(0.0, 0.0, 0.0)",1000,leaky_relu,True,8,3,0,30000,40000,False,0.9955,0.9895,False,False,2000,0.01,torch.nn.Linear.reset_parameters: kaiming_uniform_(a=sqrt(5)); bias_uniform_bound=1/sqrt(fan_in),0.5773502691896257,1.2096487920498475
thin_tube,True,0.0,1.0,1.0,0.05,0.05,0.05,0.05,"(1.0, 0.0, 0.0)","(0.0, 0.0, 0.0)",1000,leaky_relu,True,8,3,1,30001,40001,False,0.9925,0.987,False,False,2000,0.01,torch.nn.Linear.reset_parameters: kaiming_uniform_(a=sqrt(5)); bias_uniform_bound=1/sqrt(fan_in),0.5773502691896257,1.2156189159722999
thin_tube,True,0.0,1.0,1.0,0.05,0.05,0.05,0.05,"(1.0, 0.0, 0.0)","(0.0, 0.0, 0.0)",1000,leaky_relu,True,8,3,2,30002,40002,False,0.992,0.992,False,False,2000,0.01,torch.nn.Linear.reset_parameters: kaiming_uniform_(a=sqrt(5)); bias_uniform_bound=1/sqrt(fan_in),0.5773502691896257,1.234977125073783
thin_tube,True,0.0,1.0,1.0,0.05,0.05,0.05,0.05,"(1.0, 0.0, 0.0)","(0.0, 0.0, 0.0)",1000,leaky_relu,True,8,3,3,30003,40003,False,0.9925,0.992,False,False,2000,0.01,torch.nn.Linear.reset_parameters: kaiming_uniform_(a=sqrt(5)); bias_uniform_bound=1/sqrt(fan_in),0.5773502691896257,1.2100423750234768
thin_tube,True,0.0,1.0,1.0,0.05,0.05,0.05,0.05,"(1.0, 0.0, 0.0)","(0.0, 0.0, 0.0)",1000,leaky_relu,True,8,3,4,30004,40004,False,0.9925,0.994,False,False,2000,0.01,torch.nn.Linear.reset_parameters: kaiming_uniform_(a=sqrt(5)); bias_uniform_bound=1/sqrt(fan_in),0.5773502691896257,1.2203443329781294
thin_tube,True,0.0,1.0,1.0,0.05,0.05,0.05,0.05,"(1.0, 0.0, 0.0)","(0.0, 0.0, 0.0)",1000,leaky_relu,True,8,3,5,30005,40005,False,0.9915,0.9915,False,False,2000,0.01,torch.nn.Linear.reset_parameters: kaiming_uniform_(a=sqrt(5)); bias_uniform_bound=1/sqrt(fan_in),0.5773502691896257,1.2048939591040835
thin_tube,True,0.0,1.0,1.0,0.05,0.05,0.05,0.05,"(1.0, 0.0, 0.0)","(0.0, 0.0, 0.0)",1000,leaky_relu,True,8,3,6,30006,40006,False,0.9925,0.99,False,False,2000,0.01,torch.nn.Linear.reset_parameters: kaiming_uniform_(a=sqrt(5)); bias_uniform_bound=1/sqrt(fan_in),0.5773502691896257,1.2206757919630036
thin_tube,True,0.0,1.0,1.0,0.05,0.05,0.05,0.05,"(1.0, 0.0, 0.0)","(0.0, 0.0, 0.0)",1000,leaky_relu,True,8,3,7,30007,40007,False,0.9915,0.991,False,False,2000,0.01,torch.nn.Linear.reset_parameters: kaiming_uniform_(a=sqrt(5)); bias_uniform_bound=1/sqrt(fan_in),0.5773502691896257,1.206521000014618
thin_tube,True,0.0,1.0,1.0,0.05,0.05,0.05,0.05,"(1.0, 0.0, 0.0)","(0.0, 0.0, 0.0)",1000,leaky_relu,True,8,3,8,30008,40008,False,0.985,0.9775,False,False,2000,0.01,torch.nn.Linear.reset_parameters: kaiming_uniform_(a=sqrt(5)); bias_uniform_bound=1/sqrt(fan_in),0.5773502691896257,1.2073452919721603
thin_tube,True,0.0,1.0,1.0,0.05,0.05,0.05,0.05,"(1.0, 0.0, 0.0)","(0.0, 0.0, 0.0)",1000,leaky_relu,True,8,3,9,30009,40009,False,0.99,0.9875,False,False,2000,0.01,torch.nn.Linear.reset_parameters: kaiming_uniform_(a=sqrt(5)); bias_uniform_bound=1/sqrt(fan_in),0.5773502691896257,1.214310000068508
thin_tube,True,0.0,1.0,1.0,0.05,0.05,0.05,0.05,"(1.0, 0.0, 0.0)","(0.0, 0.0, 0.0)",1000,leaky_relu,True,8,4,0,30000,40000,False,0.9955,0.9895,False,False,2000,0.01,torch.nn.Linear.reset_parameters: kaiming_uniform_(a=sqrt(5)); bias_uniform_bound=1/sqrt(fan_in),0.5773502691896257,1.0917339579900727
thin_tube,True,0.0,1.0,1.0,0.05,0.05,0.05,0.05,"(1.0, 0.0, 0.0)","(0.0, 0.0, 0.0)",1000,leaky_relu,True,8,4,1,30001,40001,False,0.9935,0.9885,False,False,2000,0.01,torch.nn.Linear.reset_parameters: kaiming_uniform_(a=sqrt(5)); bias_uniform_bound=1/sqrt(fan_in),0.5773502691896257,1.0884278339799494
thin_tube,True,0.0,1.0,1.0,0.05,0.05,0.05,0.05,"(1.0, 0.0, 0.0)","(0.0, 0.0, 0.0)",1000,leaky_relu,True,8,4,2,30002,40002,False,0.991,0.992,False,False,2000,0.01,torch.nn.Linear.reset_parameters: kaiming_uniform_(a=sqrt(5)); bias_uniform_bound=1/sqrt(fan_in),0.5773502691896257,1.089654291048646
thin_tube,True,0.0,1.0,1.0,0.05,0.05,0.05,0.05,"(1.0, 0.0, 0.0)","(0.0, 0.0, 0.0)",1000,leaky_relu,True,8,4,3,30003,40003,False,0.9925,0.991,False,False,2000,0.01,torch.nn.Linear.reset_parameters: kaiming_uniform_(a=sqrt(5)); bias_uniform_bound=1/sqrt(fan_in),0.5773502691896257,1.0969184999121353
thin_tube,True,0.0,1.0,1.0,0.05,0.05,0.05,0.05,"(1.0, 0.0, 0.0)","(0.0, 0.0, 0.0)",1000,leaky_relu,True,8,4,4,30004,40004,False,0.9855,0.989,False,False,2000,0.01,torch.nn.Linear.reset_parameters: kaiming_uniform_(a=sqrt(5)); bias_uniform_bound=1/sqrt(fan_in),0.5773502691896257,1.0904681670945138
thin_tube,True,0.0,1.0,1.0,0.05,0.05,0.05,0.05,"(1.0, 0.0, 0.0)","(0.0, 0.0, 0.0)",1000,leaky_relu,True,8,4,5,30005,40005,False,0.995,0.989,False,False,2000,0.01,torch.nn.Linear.reset_parameters: kaiming_uniform_(a=sqrt(5)); bias_uniform_bound=1/sqrt(fan_in),0.5773502691896257,1.1024890830740333
thin_tube,True,0.0,1.0,1.0,0.05,0.05,0.05,0.05,"(1.0, 0.0, 0.0)","(0.0, 0.0, 0.0)",1000,leaky_relu,True,8,4,6,30006,40006,True,1.0,0.998,False,False,2000,0.01,torch.nn.Linear.reset_parameters: kaiming_uniform_(a=sqrt(5)); bias_uniform_bound=1/sqrt(fan_in),0.5773502691896257,1.0883695000084117
thin_tube,True,0.0,1.0,1.0,0.05,0.05,0.05,0.05,"(1.0, 0.0, 0.0)","(0.0, 0.0, 0.0)",1000,leaky_relu,True,8,4,7,30007,40007,True,1.0,0.9975,False,False,2000,0.01,torch.nn.Linear.reset_parameters: kaiming_uniform_(a=sqrt(5)); bias_uniform_bound=1/sqrt(fan_in),0.5773502691896257,1.0923414580756798
thin_tube,True,0.0,1.0,1.0,0.05,0.05,0.05,0.05,"(1.0, 0.0, 0.0)","(0.0, 0.0, 0.0)",1000,leaky_relu,True,8,4,8,30008,40008,False,0.995,0.993,False,False,2000,0.01,torch.nn.Linear.reset_parameters: kaiming_uniform_(a=sqrt(5)); bias_uniform_bound=1/sqrt(fan_in),0.5773502691896257,1.0919979999307543
thin_tube,True,0.0,1.0,1.0,0.05,0.05,0.05,0.05,"(1.0, 0.0, 0.0)","(0.0, 0.0, 0.0)",1000,leaky_relu,True,8,4,9,30009,40009,False,0.9875,0.989,False,False,2000,0.01,torch.nn.Linear.reset_parameters: kaiming_uniform_(a=sqrt(5)); bias_uniform_bound=1/sqrt(fan_in),0.5773502691896257,1.0891152080148458
thin_tube,True,0.0,1.0,1.0,0.05,0.05,0.05,0.05,"(1.0, 0.0, 0.0)","(0.0, 0.0, 0.0)",1000,leaky_relu,True,12,3,0,30000,40000,False,0.5,0.5,False,True,2000,0.01,torch.nn.Linear.reset_parameters: kaiming_uniform_(a=sqrt(5)); bias_uniform_bound=1/sqrt(fan_in),0.5773502691896257,1.690089000039734
thin_tube,True,0.0,1.0,1.0,0.05,0.05,0.05,0.05,"(1.0, 0.0, 0.0)","(0.0, 0.0, 0.0)",1000,leaky_relu,True,12,3,1,30001,40001,False,0.5,0.5,False,True,2000,0.01,torch.nn.Linear.reset_parameters: kaiming_uniform_(a=sqrt(5)); bias_uniform_bound=1/sqrt(fan_in),0.5773502691896257,1.6992629170417786
thin_tube,True,0.0,1.0,1.0,0.05,0.05,0.05,0.05,"(1.0, 0.0, 0.0)","(0.0, 0.0, 0.0)",1000,leaky_relu,True,12,3,2,30002,40002,False,0.987,0.9875,False,False,2000,0.01,torch.nn.Linear.reset_parameters: kaiming_uniform_(a=sqrt(5)); bias_uniform_bound=1/sqrt(fan_in),0.5773502691896257,1.6961344580631703
thin_tube,True,0.0,1.0,1.0,0.05,0.05,0.05,0.05,"(1.0, 0.0, 0.0)","(0.0, 0.0, 0.0)",1000,leaky_relu,True,12,3,3,30003,40003,False,0.992,0.991,False,False,2000,0.01,torch.nn.Linear.reset_parameters: kaiming_uniform_(a=sqrt(5)); bias_uniform_bound=1/sqrt(fan_in),0.5773502691896257,1.7924237090628594
thin_tube,True,0.0,1.0,1.0,0.05,0.05,0.05,0.05,"(1.0, 0.0, 0.0)","(0.0, 0.0, 0.0)",1000,leaky_relu,True,12,3,4,30004,40004,False,0.9915,0.994,False,False,2000,0.01,torch.nn.Linear.reset_parameters: kaiming_uniform_(a=sqrt(5)); bias_uniform_bound=1/sqrt(fan_in),0.5773502691896257,1.7025507079670206
thin_tube,True,0.0,1.0,1.0,0.05,0.05,0.05,0.05,"(1.0, 0.0, 0.0)","(0.0, 0.0, 0.0)",1000,leaky_relu,True,12,3,5,30005,40005,False,0.992,0.99,False,False,2000,0.01,torch.nn.Linear.reset_parameters: kaiming_uniform_(a=sqrt(5)); bias_uniform_bound=1/sqrt(fan_in),0.5773502691896257,1.7004540410125628
thin_tube,True,0.0,1.0,1.0,0.05,0.05,0.05,0.05,"(1.0, 0.0, 0.0)","(0.0, 0.0, 0.0)",1000,leaky_relu,True,12,3,6,30006,40006,False,0.5,0.5,False,True,2000,0.01,torch.nn.Linear.reset_parameters: kaiming_uniform_(a=sqrt(5)); bias_uniform_bound=1/sqrt(fan_in),0.5773502691896257,1.6862758750794455
thin_tube,True,0.0,1.0,1.0,0.05,0.05,0.05,0.05,"(1.0, 0.0, 0.0)","(0.0, 0.0, 0.0)",1000,leaky_relu,True,12,3,7,30007,40007,False,0.991,0.9885,False,False,2000,0.01,torch.nn.Linear.reset_parameters: kaiming_uniform_(a=sqrt(5)); bias_uniform_bound=1/sqrt(fan_in),0.5773502691896257,1.6933006249601021
thin_tube,True,0.0,1.0,1.0,0.05,0.05,0.05,0.05,"(1.0, 0.0, 0.0)","(0.0, 0.0, 0.0)",1000,leaky_relu,True,12,3,8,30008,40008,False,0.5,0.5,False,True,2000,0.01,torch.nn.Linear.reset_parameters: kaiming_uniform_(a=sqrt(5)); bias_uniform_bound=1/sqrt(fan_in),0.5773502691896257,1.6951872499193996
thin_tube,True,0.0,1.0,1.0,0.05,0.05,0.05,0.05,"(1.0, 0.0, 0.0)","(0.0, 0.0, 0.0)",1000,leaky_relu,True,12,3,9,30009,40009,False,0.986,0.985,False,False,2000,0.01,torch.nn.Linear.reset_parameters: kaiming_uniform_(a=sqrt(5)); bias_uniform_bound=1/sqrt(fan_in),0.5773502691896257,1.6966185419587418
thin_tube,True,0.0,1.0,1.0,0.05,0.05,0.05,0.05,"(1.0, 0.0, 0.0)","(0.0, 0.0, 0.0)",1000,leaky_relu,True,12,4,0,30000,40000,False,0.5,0.5,False,True,2000,0.01,torch.nn.Linear.reset_parameters: kaiming_uniform_(a=sqrt(5)); bias_uniform_bound=1/sqrt(fan_in),0.5773502691896257,1.6079467920353636
thin_tube,True,0.0,1.0,1.0,0.05,0.05,0.05,0.05,"(1.0, 0.0, 0.0)","(0.0, 0.0, 0.0)",1000,leaky_relu,True,12,4,1,30001,40001,False,0.993,0.992,False,False,2000,0.01,torch.nn.Linear.reset_parameters: kaiming_uniform_(a=sqrt(5)); bias_uniform_bound=1/sqrt(fan_in),0.5773502691896257,1.5070533329853788
thin_tube,True,0.0,1.0,1.0,0.05,0.05,0.05,0.05,"(1.0, 0.0, 0.0)","(0.0, 0.0, 0.0)",1000,leaky_relu,True,12,4,2,30002,40002,False,0.99,0.9855,False,False,2000,0.01,torch.nn.Linear.reset_parameters: kaiming_uniform_(a=sqrt(5)); bias_uniform_bound=1/sqrt(fan_in),0.5773502691896257,1.5041412079008296
thin_tube,True,0.0,1.0,1.0,0.05,0.05,0.05,0.05,"(1.0, 0.0, 0.0)","(0.0, 0.0, 0.0)",1000,leaky_relu,True,12,4,3,30003,40003,False,0.994,0.989,False,False,2000,0.01,torch.nn.Linear.reset_parameters: kaiming_uniform_(a=sqrt(5)); bias_uniform_bound=1/sqrt(fan_in),0.5773502691896257,1.5089307919843122
thin_tube,True,0.0,1.0,1.0,0.05,0.05,0.05,0.05,"(1.0, 0.0, 0.0)","(0.0, 0.0, 0.0)",1000,leaky_relu,True,12,4,4,30004,40004,False,0.985,0.9865,False,False,2000,0.01,torch.nn.Linear.reset_parameters: kaiming_uniform_(a=sqrt(5)); bias_uniform_bound=1/sqrt(fan_in),0.5773502691896257,1.5069939580280334
thin_tube,True,0.0,1.0,1.0,0.05,0.05,0.05,0.05,"(1.0, 0.0, 0.0)","(0.0, 0.0, 0.0)",1000,leaky_relu,True,12,4,5,30005,40005,False,0.994,0.99,False,False,2000,0.01,torch.nn.Linear.reset_parameters: kaiming_uniform_(a=sqrt(5)); bias_uniform_bound=1/sqrt(fan_in),0.5773502691896257,1.5074120829813182
thin_tube,True,0.0,1.0,1.0,0.05,0.05,0.05,0.05,"(1.0, 0.0, 0.0)","(0.0, 0.0, 0.0)",1000,leaky_relu,True,12,4,6,30006,40006,False,0.991,0.991,False,False,2000,0.01,torch.nn.Linear.reset_parameters: kaiming_uniform_(a=sqrt(5)); bias_uniform_bound=1/sqrt(fan_in),0.5773502691896257,1.5066588750341907
thin_tube,True,0.0,1.0,1.0,0.05,0.05,0.05,0.05,"(1.0, 0.0, 0.0)","(0.0, 0.0, 0.0)",1000,leaky_relu,True,12,4,7,30007,40007,True,1.0,0.999,False,False,2000,0.01,torch.nn.Linear.reset_parameters: kaiming_uniform_(a=sqrt(5)); bias_uniform_bound=1/sqrt(fan_in),0.5773502691896257,1.5115327920066193
thin_tube,True,0.0,1.0,1.0,0.05,0.05,0.05,0.05,"(1.0, 0.0, 0.0)","(0.0, 0.0, 0.0)",1000,leaky_relu,True,12,4,8,30008,40008,False,0.996,0.9915,False,False,2000,0.01,torch.nn.Linear.reset_parameters: kaiming_uniform_(a=sqrt(5)); bias_uniform_bound=1/sqrt(fan_in),0.5773502691896257,1.501739167026244
thin_tube,True,0.0,1.0,1.0,0.05,0.05,0.05,0.05,"(1.0, 0.0, 0.0)","(0.0, 0.0, 0.0)",1000,leaky_relu,True,12,4,9,30009,40009,False,0.989,0.991,False,False,2000,0.01,torch.nn.Linear.reset_parameters: kaiming_uniform_(a=sqrt(5)); bias_uniform_bound=1/sqrt(fan_in),0.5773502691896257,1.5049780000699684
thin_tube,True,0.0,1.0,1.0,0.05,0.05,0.05,0.05,"(1.0, 0.0, 0.0)","(0.0, 0.0, 0.0)",1000,gelu,False,3,3,0,30000,40000,False,0.9945,0.989,False,False,2000,0.01,torch.nn.Linear.reset_parameters: kaiming_uniform_(a=sqrt(5)); bias_uniform_bound=1/sqrt(fan_in),0.5773502691896257,0.6723286249907687
thin_tube,True,0.0,1.0,1.0,0.05,0.05,0.05,0.05,"(1.0, 0.0, 0.0)","(0.0, 0.0, 0.0)",1000,gelu,False,3,3,1,30001,40001,False,0.99,0.9895,False,False,2000,0.01,torch.nn.Linear.reset_parameters: kaiming_uniform_(a=sqrt(5)); bias_uniform_bound=1/sqrt(fan_in),0.5773502691896257,0.6734303339617327
thin_tube,True,0.0,1.0,1.0,0.05,0.05,0.05,0.05,"(1.0, 0.0, 0.0)","(0.0, 0.0, 0.0)",1000,gelu,False,3,3,2,30002,40002,False,0.991,0.9915,False,False,2000,0.01,torch.nn.Linear.reset_parameters: kaiming_uniform_(a=sqrt(5)); bias_uniform_bound=1/sqrt(fan_in),0.5773502691896257,0.6679293339839205
thin_tube,True,0.0,1.0,1.0,0.05,0.05,0.05,0.05,"(1.0, 0.0, 0.0)","(0.0, 0.0, 0.0)",1000,gelu,False,3,3,3,30003,40003,False,0.9925,0.9895,False,False,2000,0.01,torch.nn.Linear.reset_parameters: kaiming_uniform_(a=sqrt(5)); bias_uniform_bound=1/sqrt(fan_in),0.5773502691896257,0.6760298749431968
thin_tube,True,0.0,1.0,1.0,0.05,0.05,0.05,0.05,"(1.0, 0.0, 0.0)","(0.0, 0.0, 0.0)",1000,gelu,False,3,3,4,30004,40004,False,0.991,0.994,False,False,2000,0.01,torch.nn.Linear.reset_parameters: kaiming_uniform_(a=sqrt(5)); bias_uniform_bound=1/sqrt(fan_in),0.5773502691896257,0.6745957500534132
thin_tube,True,0.0,1.0,1.0,0.05,0.05,0.05,0.05,"(1.0, 0.0, 0.0)","(0.0, 0.0, 0.0)",1000,gelu,False,3,3,5,30005,40005,True,1.0,0.9995,False,False,2000,0.01,torch.nn.Linear.reset_parameters: kaiming_uniform_(a=sqrt(5)); bias_uniform_bound=1/sqrt(fan_in),0.5773502691896257,0.688291166909039
thin_tube,True,0.0,1.0,1.0,0.05,0.05,0.05,0.05,"(1.0, 0.0, 0.0)","(0.0, 0.0, 0.0)",1000,gelu,False,3,3,6,30006,40006,False,0.9905,0.9915,False,False,2000,0.01,torch.nn.Linear.reset_parameters: kaiming_uniform_(a=sqrt(5)); bias_uniform_bound=1/sqrt(fan_in),0.5773502691896257,0.6765698749804869
thin_tube,True,0.0,1.0,1.0,0.05,0.05,0.05,0.05,"(1.0, 0.0, 0.0)","(0.0, 0.0, 0.0)",1000,gelu,False,3,3,7,30007,40007,False,0.9905,0.9905,False,False,2000,0.01,torch.nn.Linear.reset_parameters: kaiming_uniform_(a=sqrt(5)); bias_uniform_bound=1/sqrt(fan_in),0.5773502691896257,0.6745284589705989
thin_tube,True,0.0,1.0,1.0,0.05,0.05,0.05,0.05,"(1.0, 0.0, 0.0)","(0.0, 0.0, 0.0)",1000,gelu,False,3,3,8,30008,40008,False,0.9905,0.986,False,False,2000,0.01,torch.nn.Linear.reset_parameters: kaiming_uniform_(a=sqrt(5)); bias_uniform_bound=1/sqrt(fan_in),0.5773502691896257,0.6680024999659508
thin_tube,True,0.0,1.0,1.0,0.05,0.05,0.05,0.05,"(1.0, 0.0, 0.0)","(0.0, 0.0, 0.0)",1000,gelu,False,3,3,9,30009,40009,False,0.99,0.9895,False,False,2000,0.01,torch.nn.Linear.reset_parameters: kaiming_uniform_(a=sqrt(5)); bias_uniform_bound=1/sqrt(fan_in),0.5773502691896257,0.6704634580528364
thin_tube,True,0.0,1.0,1.0,0.05,0.05,0.05,0.05,"(1.0, 0.0, 0.0)","(0.0, 0.0, 0.0)",1000,gelu,False,3,4,0,30000,40000,True,1.0,1.0,True,False,2000,0.01,torch.nn.Linear.reset_parameters: kaiming_uniform_(a=sqrt(5)); bias_uniform_bound=1/sqrt(fan_in),0.5773502691896257,0.6412945420015603
thin_tube,True,0.0,1.0,1.0,0.05,0.05,0.05,0.05,"(1.0, 0.0, 0.0)","(0.0, 0.0, 0.0)",1000,gelu,False,3,4,1,30001,40001,True,1.0,1.0,True,False,2000,0.01,torch.nn.Linear.reset_parameters: kaiming_uniform_(a=sqrt(5)); bias_uniform_bound=1/sqrt(fan_in),0.5773502691896257,0.6398675000527874
thin_tube,True,0.0,1.0,1.0,0.05,0.05,0.05,0.05,"(1.0, 0.0, 0.0)","(0.0, 0.0, 0.0)",1000,gelu,False,3,4,2,30002,40002,False,0.9905,0.987,False,False,2000,0.01,torch.nn.Linear.reset_parameters: kaiming_uniform_(a=sqrt(5)); bias_uniform_bound=1/sqrt(fan_in),0.5773502691896257,0.6472110419999808
thin_tube,True,0.0,1.0,1.0,0.05,0.05,0.05,0.05,"(1.0, 0.0, 0.0)","(0.0, 0.0, 0.0)",1000,gelu,False,3,4,3,30003,40003,False,0.995,0.9905,False,False,2000,0.01,torch.nn.Linear.reset_parameters: kaiming_uniform_(a=sqrt(5)); bias_uniform_bound=1/sqrt(fan_in),0.5773502691896257,0.6466920840321109
thin_tube,True,0.0,1.0,1.0,0.05,0.05,0.05,0.05,"(1.0, 0.0, 0.0)","(0.0, 0.0, 0.0)",1000,gelu,False,3,4,4,30004,40004,False,0.993,0.993,False,False,2000,0.01,torch.nn.Linear.reset_parameters: kaiming_uniform_(a=sqrt(5)); bias_uniform_bound=1/sqrt(fan_in),0.5773502691896257,0.6542417500168085
thin_tube,True,0.0,1.0,1.0,0.05,0.05,0.05,0.05,"(1.0, 0.0, 0.0)","(0.0, 0.0, 0.0)",1000,gelu,False,3,4,5,30005,40005,True,1.0,1.0,True,False,2000,0.01,torch.nn.Linear.reset_parameters: kaiming_uniform_(a=sqrt(5)); bias_uniform_bound=1/sqrt(fan_in),0.5773502691896257,0.640455583925359
thin_tube,True,0.0,1.0,1.0,0.05,0.05,0.05,0.05,"(1.0, 0.0, 0.0)","(0.0, 0.0, 0.0)",1000,gelu,False,3,4,6,30006,40006,True,1.0,1.0,True,False,2000,0.01,torch.nn.Linear.reset_parameters: kaiming_uniform_(a=sqrt(5)); bias_uniform_bound=1/sqrt(fan_in),0.5773502691896257,0.6485785420518368
thin_tube,True,0.0,1.0,1.0,0.05,0.05,0.05,0.05,"(1.0, 0.0, 0.0)","(0.0, 0.0, 0.0)",1000,gelu,False,3,4,7,30007,40007,False,0.9915,0.985,False,False,2000,0.01,torch.nn.Linear.reset_parameters: kaiming_uniform_(a=sqrt(5)); bias_uniform_bound=1/sqrt(fan_in),0.5773502691896257,0.6516761659877375
thin_tube,True,0.0,1.0,1.0,0.05,0.05,0.05,0.05,"(1.0, 0.0, 0.0)","(0.0, 0.0, 0.0)",1000,gelu,False,3,4,8,30008,40008,True,1.0,1.0,True,False,2000,0.01,torch.nn.Linear.reset_parameters: kaiming_uniform_(a=sqrt(5)); bias_uniform_bound=1/sqrt(fan_in),0.5773502691896257,0.6427254170412198
thin_tube,True,0.0,1.0,1.0,0.05,0.05,0.05,0.05,"(1.0, 0.0, 0.0)","(0.0, 0.0, 0.0)",1000,gelu,False,3,4,9,30009,40009,True,1.0,1.0,True,False,2000,0.01,torch.nn.Linear.reset_parameters: kaiming_uniform_(a=sqrt(5)); bias_uniform_bound=1/sqrt(fan_in),0.5773502691896257,0.6486083749914542
thin_tube,True,0.0,1.0,1.0,0.05,0.05,0.05,0.05,"(1.0, 0.0, 0.0)","(0.0, 0.0, 0.0)",1000,gelu,False,5,3,0,30000,40000,False,0.996,0.9865,False,False,2000,0.01,torch.nn.Linear.reset_parameters: kaiming_uniform_(a=sqrt(5)); bias_uniform_bound=1/sqrt(fan_in),0.5773502691896257,0.965832042042166
thin_tube,True,0.0,1.0,1.0,0.05,0.05,0.05,0.05,"(1.0, 0.0, 0.0)","(0.0, 0.0, 0.0)",1000,gelu,False,5,3,1,30001,40001,False,0.9895,0.9875,False,False,2000,0.01,torch.nn.Linear.reset_parameters: kaiming_uniform_(a=sqrt(5)); bias_uniform_bound=1/sqrt(fan_in),0.5773502691896257,0.968943165964447
thin_tube,True,0.0,1.0,1.0,0.05,0.05,0.05,0.05,"(1.0, 0.0, 0.0)","(0.0, 0.0, 0.0)",1000,gelu,False,5,3,2,30002,40002,False,0.989,0.984,False,False,2000,0.01,torch.nn.Linear.reset_parameters: kaiming_uniform_(a=sqrt(5)); bias_uniform_bound=1/sqrt(fan_in),0.5773502691896257,0.9626241669757292
thin_tube,True,0.0,1.0,1.0,0.05,0.05,0.05,0.05,"(1.0, 0.0, 0.0)","(0.0, 0.0, 0.0)",1000,gelu,False,5,3,3,30003,40003,False,0.98,0.9865,False,False,2000,0.01,torch.nn.Linear.reset_parameters: kaiming_uniform_(a=sqrt(5)); bias_uniform_bound=1/sqrt(fan_in),0.5773502691896257,0.969307291903533
thin_tube,True,0.0,1.0,1.0,0.05,0.05,0.05,0.05,"(1.0, 0.0, 0.0)","(0.0, 0.0, 0.0)",1000,gelu,False,5,3,4,30004,40004,False,0.991,0.993,False,False,2000,0.01,torch.nn.Linear.reset_parameters: kaiming_uniform_(a=sqrt(5)); bias_uniform_bound=1/sqrt(fan_in),0.5773502691896257,0.9637079579988495
thin_tube,True,0.0,1.0,1.0,0.05,0.05,0.05,0.05,"(1.0, 0.0, 0.0)","(0.0, 0.0, 0.0)",1000,gelu,False,5,3,5,30005,40005,False,0.9945,0.9865,False,False,2000,0.01,torch.nn.Linear.reset_parameters: kaiming_uniform_(a=sqrt(5)); bias_uniform_bound=1/sqrt(fan_in),0.5773502691896257,0.9575541670201346
thin_tube,True,0.0,1.0,1.0,0.05,0.05,0.05,0.05,"(1.0, 0.0, 0.0)","(0.0, 0.0, 0.0)",1000,gelu,False,5,3,6,30006,40006,False,0.9895,0.988,False,False,2000,0.01,torch.nn.Linear.reset_parameters: kaiming_uniform_(a=sqrt(5)); bias_uniform_bound=1/sqrt(fan_in),0.5773502691896257,0.9727973750559613
thin_tube,True,0.0,1.0,1.0,0.05,0.05,0.05,0.05,"(1.0, 0.0, 0.0)","(0.0, 0.0, 0.0)",1000,gelu,False,5,3,7,30007,40007,False,0.991,0.9855,False,False,2000,0.01,torch.nn.Linear.reset_parameters: kaiming_uniform_(a=sqrt(5)); bias_uniform_bound=1/sqrt(fan_in),0.5773502691896257,0.9599353329977021
thin_tube,True,0.0,1.0,1.0,0.05,0.05,0.05,0.05,"(1.0, 0.0, 0.0)","(0.0, 0.0, 0.0)",1000,gelu,False,5,3,8,30008,40008,False,0.9955,0.986,False,False,2000,0.01,torch.nn.Linear.reset_parameters: kaiming_uniform_(a=sqrt(5)); bias_uniform_bound=1/sqrt(fan_in),0.5773502691896257,0.9561195829883218
thin_tube,True,0.0,1.0,1.0,0.05,0.05,0.05,0.05,"(1.0, 0.0, 0.0)","(0.0, 0.0, 0.0)",1000,gelu,False,5,3,9,30009,40009,False,0.99,0.988,False,False,2000,0.01,torch.nn.Linear.reset_parameters: kaiming_uniform_(a=sqrt(5)); bias_uniform_bound=1/sqrt(fan_in),0.5773502691896257,0.9717360829235986
thin_tube,True,0.0,1.0,1.0,0.05,0.05,0.05,0.05,"(1.0, 0.0, 0.0)","(0.0, 0.0, 0.0)",1000,gelu,False,5,4,0,30000,40000,False,0.9945,0.986,False,False,2000,0.01,torch.nn.Linear.reset_parameters: kaiming_uniform_(a=sqrt(5)); bias_uniform_bound=1/sqrt(fan_in),0.5773502691896257,0.9137347090290859
thin_tube,True,0.0,1.0,1.0,0.05,0.05,0.05,0.05,"(1.0, 0.0, 0.0)","(0.0, 0.0, 0.0)",1000,gelu,False,5,4,1,30001,40001,False,0.991,0.9895,False,False,2000,0.01,torch.nn.Linear.reset_parameters: kaiming_uniform_(a=sqrt(5)); bias_uniform_bound=1/sqrt(fan_in),0.5773502691896257,0.9266979170497507
thin_tube,True,0.0,1.0,1.0,0.05,0.05,0.05,0.05,"(1.0, 0.0, 0.0)","(0.0, 0.0, 0.0)",1000,gelu,False,5,4,2,30002,40002,False,0.9875,0.9835,False,False,2000,0.01,torch.nn.Linear.reset_parameters: kaiming_uniform_(a=sqrt(5)); bias_uniform_bound=1/sqrt(fan_in),0.5773502691896257,0.9234468339709565
thin_tube,True,0.0,1.0,1.0,0.05,0.05,0.05,0.05,"(1.0, 0.0, 0.0)","(0.0, 0.0, 0.0)",1000,gelu,False,5,4,3,30003,40003,True,1.0,1.0,True,False,2000,0.01,torch.nn.Linear.reset_parameters: kaiming_uniform_(a=sqrt(5)); bias_uniform_bound=1/sqrt(fan_in),0.5773502691896257,0.9210963340010494
thin_tube,True,0.0,1.0,1.0,0.05,0.05,0.05,0.05,"(1.0, 0.0, 0.0)","(0.0, 0.0, 0.0)",1000,gelu,False,5,4,4,30004,40004,True,1.0,1.0,True,False,2000,0.01,torch.nn.Linear.reset_parameters: kaiming_uniform_(a=sqrt(5)); bias_uniform_bound=1/sqrt(fan_in),0.5773502691896257,0.9309969999594614
thin_tube,True,0.0,1.0,1.0,0.05,0.05,0.05,0.05,"(1.0, 0.0, 0.0)","(0.0, 0.0, 0.0)",1000,gelu,False,5,4,5,30005,40005,True,1.0,1.0,True,False,2000,0.01,torch.nn.Linear.reset_parameters: kaiming_uniform_(a=sqrt(5)); bias_uniform_bound=1/sqrt(fan_in),0.5773502691896257,0.9111017499817535
thin_tube,True,0.0,1.0,1.0,0.05,0.05,0.05,0.05,"(1.0, 0.0, 0.0)","(0.0, 0.0, 0.0)",1000,gelu,False,5,4,6,30006,40006,True,1.0,1.0,True,False,2000,0.01,torch.nn.Linear.reset_parameters: kaiming_uniform_(a=sqrt(5)); bias_uniform_bound=1/sqrt(fan_in),0.5773502691896257,0.9212865830631927
thin_tube,True,0.0,1.0,1.0,0.05,0.05,0.05,0.05,"(1.0, 0.0, 0.0)","(0.0, 0.0, 0.0)",1000,gelu,False,5,4,7,30007,40007,False,0.991,0.985,False,False,2000,0.01,torch.nn.Linear.reset_parameters: kaiming_uniform_(a=sqrt(5)); bias_uniform_bound=1/sqrt(fan_in),0.5773502691896257,0.9372561670606956
thin_tube,True,0.0,1.0,1.0,0.05,0.05,0.05,0.05,"(1.0, 0.0, 0.0)","(0.0, 0.0, 0.0)",1000,gelu,False,5,4,8,30008,40008,True,1.0,1.0,True,False,2000,0.01,torch.nn.Linear.reset_parameters: kaiming_uniform_(a=sqrt(5)); bias_uniform_bound=1/sqrt(fan_in),0.5773502691896257,0.9316999170696363
thin_tube,True,0.0,1.0,1.0,0.05,0.05,0.05,0.05,"(1.0, 0.0, 0.0)","(0.0, 0.0, 0.0)",1000,gelu,False,5,4,9,30009,40009,False,0.989,0.988,False,False,2000,0.01,torch.nn.Linear.reset_parameters: kaiming_uniform_(a=sqrt(5)); bias_uniform_bound=1/sqrt(fan_in),0.5773502691896257,0.9232245000312105
thin_tube,True,0.0,1.0,1.0,0.05,0.05,0.05,0.05,"(1.0, 0.0, 0.0)","(0.0, 0.0, 0.0)",1000,gelu,False,8,3,0,30000,40000,False,0.9945,0.9895,False,False,2000,0.01,torch.nn.Linear.reset_parameters: kaiming_uniform_(a=sqrt(5)); bias_uniform_bound=1/sqrt(fan_in),0.5773502691896257,1.4064903750550002
thin_tube,True,0.0,1.0,1.0,0.05,0.05,0.05,0.05,"(1.0, 0.0, 0.0)","(0.0, 0.0, 0.0)",1000,gelu,False,8,3,1,30001,40001,False,0.99,0.987,False,False,2000,0.01,torch.nn.Linear.reset_parameters: kaiming_uniform_(a=sqrt(5)); bias_uniform_bound=1/sqrt(fan_in),0.5773502691896257,1.4206077499547973
thin_tube,True,0.0,1.0,1.0,0.05,0.05,0.05,0.05,"(1.0, 0.0, 0.0)","(0.0, 0.0, 0.0)",1000,gelu,False,8,3,2,30002,40002,False,0.9965,0.989,False,False,2000,0.01,torch.nn.Linear.reset_parameters: kaiming_uniform_(a=sqrt(5)); bias_uniform_bound=1/sqrt(fan_in),0.5773502691896257,1.4042784579796717
thin_tube,True,0.0,1.0,1.0,0.05,0.05,0.05,0.05,"(1.0, 0.0, 0.0)","(0.0, 0.0, 0.0)",1000,gelu,False,8,3,3,30003,40003,False,0.992,0.9855,False,False,2000,0.01,torch.nn.Linear.reset_parameters: kaiming_uniform_(a=sqrt(5)); bias_uniform_bound=1/sqrt(fan_in),0.5773502691896257,1.3924844999564812
thin_tube,True,0.0,1.0,1.0,0.05,0.05,0.05,0.05,"(1.0, 0.0, 0.0)","(0.0, 0.0, 0.0)",1000,gelu,False,8,3,4,30004,40004,False,0.9585,0.9545,False,False,2000,0.01,torch.nn.Linear.reset_parameters: kaiming_uniform_(a=sqrt(5)); bias_uniform_bound=1/sqrt(fan_in),0.5773502691896257,1.4368863750714809
thin_tube,True,0.0,1.0,1.0,0.05,0.05,0.05,0.05,"(1.0, 0.0, 0.0)","(0.0, 0.0, 0.0)",1000,gelu,False,8,3,5,30005,40005,False,0.9905,0.9875,False,False,2000,0.01,torch.nn.Linear.reset_parameters: kaiming_uniform_(a=sqrt(5)); bias_uniform_bound=1/sqrt(fan_in),0.5773502691896257,1.374156416975893
thin_tube,True,0.0,1.0,1.0,0.05,0.05,0.05,0.05,"(1.0, 0.0, 0.0)","(0.0, 0.0, 0.0)",1000,gelu,False,8,3,6,30006,40006,False,0.9675,0.966,False,False,2000,0.01,torch.nn.Linear.reset_parameters: kaiming_uniform_(a=sqrt(5)); bias_uniform_bound=1/sqrt(fan_in),0.5773502691896257,1.3974837500136346
thin_tube,True,0.0,1.0,1.0,0.05,0.05,0.05,0.05,"(1.0, 0.0, 0.0)","(0.0, 0.0, 0.0)",1000,gelu,False,8,3,7,30007,40007,False,0.993,0.991,False,False,2000,0.01,torch.nn.Linear.reset_parameters: kaiming_uniform_(a=sqrt(5)); bias_uniform_bound=1/sqrt(fan_in),0.5773502691896257,1.3816170840291306
thin_tube,True,0.0,1.0,1.0,0.05,0.05,0.05,0.05,"(1.0, 0.0, 0.0)","(0.0, 0.0, 0.0)",1000,gelu,False,8,3,8,30008,40008,False,0.9915,0.9875,False,False,2000,0.01,torch.nn.Linear.reset_parameters: kaiming_uniform_(a=sqrt(5)); bias_uniform_bound=1/sqrt(fan_in),0.5773502691896257,1.4013514580437914
thin_tube,True,0.0,1.0,1.0,0.05,0.05,0.05,0.05,"(1.0, 0.0, 0.0)","(0.0, 0.0, 0.0)",1000,gelu,False,8,3,9,30009,40009,False,0.989,0.9875,False,False,2000,0.01,torch.nn.Linear.reset_parameters: kaiming_uniform_(a=sqrt(5)); bias_uniform_bound=1/sqrt(fan_in),0.5773502691896257,1.4551953750196844
thin_tube,True,0.0,1.0,1.0,0.05,0.05,0.05,0.05,"(1.0, 0.0, 0.0)","(0.0, 0.0, 0.0)",1000,gelu,False,8,4,0,30000,40000,False,0.9955,0.988,False,False,2000,0.01,torch.nn.Linear.reset_parameters: kaiming_uniform_(a=sqrt(5)); bias_uniform_bound=1/sqrt(fan_in),0.5773502691896257,1.326109500019811
thin_tube,True,0.0,1.0,1.0,0.05,0.05,0.05,0.05,"(1.0, 0.0, 0.0)","(0.0, 0.0, 0.0)",1000,gelu,False,8,4,1,30001,40001,True,1.0,1.0,True,False,2000,0.01,torch.nn.Linear.reset_parameters: kaiming_uniform_(a=sqrt(5)); bias_uniform_bound=1/sqrt(fan_in),0.5773502691896257,1.313565209042281
thin_tube,True,0.0,1.0,1.0,0.05,0.05,0.05,0.05,"(1.0, 0.0, 0.0)","(0.0, 0.0, 0.0)",1000,gelu,False,8,4,2,30002,40002,False,0.9905,0.99,False,False,2000,0.01,torch.nn.Linear.reset_parameters: kaiming_uniform_(a=sqrt(5)); bias_uniform_bound=1/sqrt(fan_in),0.5773502691896257,1.313945958041586
thin_tube,True,0.0,1.0,1.0,0.05,0.05,0.05,0.05,"(1.0, 0.0, 0.0)","(0.0, 0.0, 0.0)",1000,gelu,False,8,4,3,30003,40003,False,0.9995,0.997,False,False,2000,0.01,torch.nn.Linear.reset_parameters: kaiming_uniform_(a=sqrt(5)); bias_uniform_bound=1/sqrt(fan_in),0.5773502691896257,1.334482542006299
thin_tube,True,0.0,1.0,1.0,0.05,0.05,0.05,0.05,"(1.0, 0.0, 0.0)","(0.0, 0.0, 0.0)",1000,gelu,False,8,4,4,30004,40004,True,1.0,1.0,True,False,2000,0.01,torch.nn.Linear.reset_parameters: kaiming_uniform_(a=sqrt(5)); bias_uniform_bound=1/sqrt(fan_in),0.5773502691896257,1.3560323750134557
thin_tube,True,0.0,1.0,1.0,0.05,0.05,0.05,0.05,"(1.0, 0.0, 0.0)","(0.0, 0.0, 0.0)",1000,gelu,False,8,4,5,30005,40005,True,1.0,1.0,True,False,2000,0.01,torch.nn.Linear.reset_parameters: kaiming_uniform_(a=sqrt(5)); bias_uniform_bound=1/sqrt(fan_in),0.5773502691896257,1.3554835420800373
thin_tube,True,0.0,1.0,1.0,0.05,0.05,0.05,0.05,"(1.0, 0.0, 0.0)","(0.0, 0.0, 0.0)",1000,gelu,False,8,4,6,30006,40006,False,0.992,0.9885,False,False,2000,0.01,torch.nn.Linear.reset_parameters: kaiming_uniform_(a=sqrt(5)); bias_uniform_bound=1/sqrt(fan_in),0.5773502691896257,1.3310028340201825
thin_tube,True,0.0,1.0,1.0,0.05,0.05,0.05,0.05,"(1.0, 0.0, 0.0)","(0.0, 0.0, 0.0)",1000,gelu,False,8,4,7,30007,40007,False,0.993,0.989,False,False,2000,0.01,torch.nn.Linear.reset_parameters: kaiming_uniform_(a=sqrt(5)); bias_uniform_bound=1/sqrt(fan_in),0.5773502691896257,1.3685867079766467
thin_tube,True,0.0,1.0,1.0,0.05,0.05,0.05,0.05,"(1.0, 0.0, 0.0)","(0.0, 0.0, 0.0)",1000,gelu,False,8,4,8,30008,40008,True,1.0,1.0,True,False,2000,0.01,torch.nn.Linear.reset_parameters: kaiming_uniform_(a=sqrt(5)); bias_uniform_bound=1/sqrt(fan_in),0.5773502691896257,1.3350235419347882
thin_tube,True,0.0,1.0,1.0,0.05,0.05,0.05,0.05,"(1.0, 0.0, 0.0)","(0.0, 0.0, 0.0)",1000,gelu,False,8,4,9,30009,40009,True,1.0,1.0,True,False,2000,0.01,torch.nn.Linear.reset_parameters: kaiming_uniform_(a=sqrt(5)); bias_uniform_bound=1/sqrt(fan_in),0.5773502691896257,1.3170860829995945
thin_tube,True,0.0,1.0,1.0,0.05,0.05,0.05,0.05,"(1.0, 0.0, 0.0)","(0.0, 0.0, 0.0)",1000,gelu,False,12,3,0,30000,40000,False,0.995,0.986,False,False,2000,0.01,torch.nn.Linear.reset_parameters: kaiming_uniform_(a=sqrt(5)); bias_uniform_bound=1/sqrt(fan_in),0.5773502691896257,2.0324725420214236
thin_tube,True,0.0,1.0,1.0,0.05,0.05,0.05,0.05,"(1.0, 0.0, 0.0)","(0.0, 0.0, 0.0)",1000,gelu,False,12,3,1,30001,40001,False,0.99,0.9885,False,False,2000,0.01,torch.nn.Linear.reset_parameters: kaiming_uniform_(a=sqrt(5)); bias_uniform_bound=1/sqrt(fan_in),0.5773502691896257,1.9681415000231937
thin_tube,True,0.0,1.0,1.0,0.05,0.05,0.05,0.05,"(1.0, 0.0, 0.0)","(0.0, 0.0, 0.0)",1000,gelu,False,12,3,2,30002,40002,False,0.989,0.9885,False,False,2000,0.01,torch.nn.Linear.reset_parameters: kaiming_uniform_(a=sqrt(5)); bias_uniform_bound=1/sqrt(fan_in),0.5773502691896257,1.9450607920298353
thin_tube,True,0.0,1.0,1.0,0.05,0.05,0.05,0.05,"(1.0, 0.0, 0.0)","(0.0, 0.0, 0.0)",1000,gelu,False,12,3,3,30003,40003,False,0.9915,0.991,False,False,2000,0.01,torch.nn.Linear.reset_parameters: kaiming_uniform_(a=sqrt(5)); bias_uniform_bound=1/sqrt(fan_in),0.5773502691896257,1.949425208964385
thin_tube,True,0.0,1.0,1.0,0.05,0.05,0.05,0.05,"(1.0, 0.0, 0.0)","(0.0, 0.0, 0.0)",1000,gelu,False,12,3,4,30004,40004,False,0.9925,0.9905,False,False,2000,0.01,torch.nn.Linear.reset_parameters: kaiming_uniform_(a=sqrt(5)); bias_uniform_bound=1/sqrt(fan_in),0.5773502691896257,2.037463124957867
thin_tube,True,0.0,1.0,1.0,0.05,0.05,0.05,0.05,"(1.0, 0.0, 0.0)","(0.0, 0.0, 0.0)",1000,gelu,False,12,3,5,30005,40005,False,0.9915,0.992,False,False,2000,0.01,torch.nn.Linear.reset_parameters: kaiming_uniform_(a=sqrt(5)); bias_uniform_bound=1/sqrt(fan_in),0.5773502691896257,1.9329157921019942
thin_tube,True,0.0,1.0,1.0,0.05,0.05,0.05,0.05,"(1.0, 0.0, 0.0)","(0.0, 0.0, 0.0)",1000,gelu,False,12,3,6,30006,40006,False,0.9915,0.991,False,False,2000,0.01,torch.nn.Linear.reset_parameters: kaiming_uniform_(a=sqrt(5)); bias_uniform_bound=1/sqrt(fan_in),0.5773502691896257,2.042758334078826
thin_tube,True,0.0,1.0,1.0,0.05,0.05,0.05,0.05,"(1.0, 0.0, 0.0)","(0.0, 0.0, 0.0)",1000,gelu,False,12,3,7,30007,40007,False,0.9725,0.978,False,False,2000,0.01,torch.nn.Linear.reset_parameters: kaiming_uniform_(a=sqrt(5)); bias_uniform_bound=1/sqrt(fan_in),0.5773502691896257,1.9562415840337053
thin_tube,True,0.0,1.0,1.0,0.05,0.05,0.05,0.05,"(1.0, 0.0, 0.0)","(0.0, 0.0, 0.0)",1000,gelu,False,12,3,8,30008,40008,False,0.978,0.98,False,False,2000,0.01,torch.nn.Linear.reset_parameters: kaiming_uniform_(a=sqrt(5)); bias_uniform_bound=1/sqrt(fan_in),0.5773502691896257,1.9362433329224586
thin_tube,True,0.0,1.0,1.0,0.05,0.05,0.05,0.05,"(1.0, 0.0, 0.0)","(0.0, 0.0, 0.0)",1000,gelu,False,12,3,9,30009,40009,False,0.9885,0.9875,False,False,2000,0.01,torch.nn.Linear.reset_parameters: kaiming_uniform_(a=sqrt(5)); bias_uniform_bound=1/sqrt(fan_in),0.5773502691896257,2.0031456249998882
thin_tube,True,0.0,1.0,1.0,0.05,0.05,0.05,0.05,"(1.0, 0.0, 0.0)","(0.0, 0.0, 0.0)",1000,gelu,False,12,4,0,30000,40000,True,1.0,1.0,True,False,2000,0.01,torch.nn.Linear.reset_parameters: kaiming_uniform_(a=sqrt(5)); bias_uniform_bound=1/sqrt(fan_in),0.5773502691896257,1.8526922090677544
thin_tube,True,0.0,1.0,1.0,0.05,0.05,0.05,0.05,"(1.0, 0.0, 0.0)","(0.0, 0.0, 0.0)",1000,gelu,False,12,4,1,30001,40001,False,0.991,0.987,False,False,2000,0.01,torch.nn.Linear.reset_parameters: kaiming_uniform_(a=sqrt(5)); bias_uniform_bound=1/sqrt(fan_in),0.5773502691896257,1.8900470830267295
thin_tube,True,0.0,1.0,1.0,0.05,0.05,0.05,0.05,"(1.0, 0.0, 0.0)","(0.0, 0.0, 0.0)",1000,gelu,False,12,4,2,30002,40002,False,0.9895,0.9855,False,False,2000,0.01,torch.nn.Linear.reset_parameters: kaiming_uniform_(a=sqrt(5)); bias_uniform_bound=1/sqrt(fan_in),0.5773502691896257,1.898799583897926
thin_tube,True,0.0,1.0,1.0,0.05,0.05,0.05,0.05,"(1.0, 0.0, 0.0)","(0.0, 0.0, 0.0)",1000,gelu,False,12,4,3,30003,40003,False,0.993,0.992,False,False,2000,0.01,torch.nn.Linear.reset_parameters: kaiming_uniform_(a=sqrt(5)); bias_uniform_bound=1/sqrt(fan_in),0.5773502691896257,1.8440691659925506
thin_tube,True,0.0,1.0,1.0,0.05,0.05,0.05,0.05,"(1.0, 0.0, 0.0)","(0.0, 0.0, 0.0)",1000,gelu,False,12,4,4,30004,40004,True,1.0,1.0,True,False,2000,0.01,torch.nn.Linear.reset_parameters: kaiming_uniform_(a=sqrt(5)); bias_uniform_bound=1/sqrt(fan_in),0.5773502691896257,1.8824561659712344
thin_tube,True,0.0,1.0,1.0,0.05,0.05,0.05,0.05,"(1.0, 0.0, 0.0)","(0.0, 0.0, 0.0)",1000,gelu,False,12,4,5,30005,40005,True,1.0,1.0,True,False,2000,0.01,torch.nn.Linear.reset_parameters: kaiming_uniform_(a=sqrt(5)); bias_uniform_bound=1/sqrt(fan_in),0.5773502691896257,1.9777667500311509
thin_tube,True,0.0,1.0,1.0,0.05,0.05,0.05,0.05,"(1.0, 0.0, 0.0)","(0.0, 0.0, 0.0)",1000,gelu,False,12,4,6,30006,40006,False,0.992,0.9875,False,False,2000,0.01,torch.nn.Linear.reset_parameters: kaiming_uniform_(a=sqrt(5)); bias_uniform_bound=1/sqrt(fan_in),0.5773502691896257,1.8969370420090854
thin_tube,True,0.0,1.0,1.0,0.05,0.05,0.05,0.05,"(1.0, 0.0, 0.0)","(0.0, 0.0, 0.0)",1000,gelu,False,12,4,7,30007,40007,False,0.992,0.9855,False,False,2000,0.01,torch.nn.Linear.reset_parameters: kaiming_uniform_(a=sqrt(5)); bias_uniform_bound=1/sqrt(fan_in),0.5773502691896257,1.9317037080181763
thin_tube,True,0.0,1.0,1.0,0.05,0.05,0.05,0.05,"(1.0, 0.0, 0.0)","(0.0, 0.0, 0.0)",1000,gelu,False,12,4,8,30008,40008,False,0.9825,0.9765,False,False,2000,0.01,torch.nn.Linear.reset_parameters: kaiming_uniform_(a=sqrt(5)); bias_uniform_bound=1/sqrt(fan_in),0.5773502691896257,1.8767292079282925
thin_tube,True,0.0,1.0,1.0,0.05,0.05,0.05,0.05,"(1.0, 0.0, 0.0)","(0.0, 0.0, 0.0)",1000,gelu,False,12,4,9,30009,40009,True,1.0,1.0,True,False,2000,0.01,torch.nn.Linear.reset_parameters: kaiming_uniform_(a=sqrt(5)); bias_uniform_bound=1/sqrt(fan_in),0.5773502691896257,1.8504215830471367
thick_tube,True,0.0,1.0,1.0,0.35,0.35,0.35,0.35,"(1.0, 0.0, 0.0)","(0.0, 0.0, 0.0)",1000,tanh,True,3,3,0,30000,40000,False,0.921,0.9235,False,False,2000,0.01,torch.nn.Linear.reset_parameters: kaiming_uniform_(a=sqrt(5)); bias_uniform_bound=1/sqrt(fan_in),0.5773502691896257,0.6650499579263851
thick_tube,True,0.0,1.0,1.0,0.35,0.35,0.35,0.35,"(1.0, 0.0, 0.0)","(0.0, 0.0, 0.0)",1000,tanh,True,3,3,1,30001,40001,False,0.9125,0.914,False,False,2000,0.01,torch.nn.Linear.reset_parameters: kaiming_uniform_(a=sqrt(5)); bias_uniform_bound=1/sqrt(fan_in),0.5773502691896257,0.6634905840037391
thick_tube,True,0.0,1.0,1.0,0.35,0.35,0.35,0.35,"(1.0, 0.0, 0.0)","(0.0, 0.0, 0.0)",1000,tanh,True,3,3,2,30002,40002,False,0.92,0.9235,False,False,2000,0.01,torch.nn.Linear.reset_parameters: kaiming_uniform_(a=sqrt(5)); bias_uniform_bound=1/sqrt(fan_in),0.5773502691896257,0.6627332919742912
thick_tube,True,0.0,1.0,1.0,0.35,0.35,0.35,0.35,"(1.0, 0.0, 0.0)","(0.0, 0.0, 0.0)",1000,tanh,True,3,3,3,30003,40003,False,0.9365,0.9445,False,False,2000,0.01,torch.nn.Linear.reset_parameters: kaiming_uniform_(a=sqrt(5)); bias_uniform_bound=1/sqrt(fan_in),0.5773502691896257,0.6659049589652568
thick_tube,True,0.0,1.0,1.0,0.35,0.35,0.35,0.35,"(1.0, 0.0, 0.0)","(0.0, 0.0, 0.0)",1000,tanh,True,3,3,4,30004,40004,False,0.944,0.943,False,False,2000,0.01,torch.nn.Linear.reset_parameters: kaiming_uniform_(a=sqrt(5)); bias_uniform_bound=1/sqrt(fan_in),0.5773502691896257,0.6652340000728145
thick_tube,True,0.0,1.0,1.0,0.35,0.35,0.35,0.35,"(1.0, 0.0, 0.0)","(0.0, 0.0, 0.0)",1000,tanh,True,3,3,5,30005,40005,False,0.9495,0.9475,False,False,2000,0.01,torch.nn.Linear.reset_parameters: kaiming_uniform_(a=sqrt(5)); bias_uniform_bound=1/sqrt(fan_in),0.5773502691896257,0.6637664169538766
thick_tube,True,0.0,1.0,1.0,0.35,0.35,0.35,0.35,"(1.0, 0.0, 0.0)","(0.0, 0.0, 0.0)",1000,tanh,True,3,3,6,30006,40006,False,0.928,0.911,False,False,2000,0.01,torch.nn.Linear.reset_parameters: kaiming_uniform_(a=sqrt(5)); bias_uniform_bound=1/sqrt(fan_in),0.5773502691896257,0.6654492499073967
thick_tube,True,0.0,1.0,1.0,0.35,0.35,0.35,0.35,"(1.0, 0.0, 0.0)","(0.0, 0.0, 0.0)",1000,tanh,True,3,3,7,30007,40007,False,0.913,0.9235,False,False,2000,0.01,torch.nn.Linear.reset_parameters: kaiming_uniform_(a=sqrt(5)); bias_uniform_bound=1/sqrt(fan_in),0.5773502691896257,0.6668614579830319
thick_tube,True,0.0,1.0,1.0,0.35,0.35,0.35,0.35,"(1.0, 0.0, 0.0)","(0.0, 0.0, 0.0)",1000,tanh,True,3,3,8,30008,40008,False,0.9455,0.9425,False,False,2000,0.01,torch.nn.Linear.reset_parameters: kaiming_uniform_(a=sqrt(5)); bias_uniform_bound=1/sqrt(fan_in),0.5773502691896257,0.6641052919439971
thick_tube,True,0.0,1.0,1.0,0.35,0.35,0.35,0.35,"(1.0, 0.0, 0.0)","(0.0, 0.0, 0.0)",1000,tanh,True,3,3,9,30009,40009,False,0.938,0.9385,False,False,2000,0.01,torch.nn.Linear.reset_parameters: kaiming_uniform_(a=sqrt(5)); bias_uniform_bound=1/sqrt(fan_in),0.5773502691896257,0.6652617501094937
thick_tube,True,0.0,1.0,1.0,0.35,0.35,0.35,0.35,"(1.0, 0.0, 0.0)","(0.0, 0.0, 0.0)",1000,tanh,True,3,4,0,30000,40000,True,1.0,1.0,True,False,2000,0.01,torch.nn.Linear.reset_parameters: kaiming_uniform_(a=sqrt(5)); bias_uniform_bound=1/sqrt(fan_in),0.5773502691896257,0.7004932500422001
thick_tube,True,0.0,1.0,1.0,0.35,0.35,0.35,0.35,"(1.0, 0.0, 0.0)","(0.0, 0.0, 0.0)",1000,tanh,True,3,4,1,30001,40001,True,1.0,0.9995,False,False,2000,0.01,torch.nn.Linear.reset_parameters: kaiming_uniform_(a=sqrt(5)); bias_uniform_bound=1/sqrt(fan_in),0.5773502691896257,0.6999154579825699
thick_tube,True,0.0,1.0,1.0,0.35,0.35,0.35,0.35,"(1.0, 0.0, 0.0)","(0.0, 0.0, 0.0)",1000,tanh,True,3,4,2,30002,40002,True,1.0,1.0,True,False,2000,0.01,torch.nn.Linear.reset_parameters: kaiming_uniform_(a=sqrt(5)); bias_uniform_bound=1/sqrt(fan_in),0.5773502691896257,0.6481132919434458
thick_tube,True,0.0,1.0,1.0,0.35,0.35,0.35,0.35,"(1.0, 0.0, 0.0)","(0.0, 0.0, 0.0)",1000,tanh,True,3,4,3,30003,40003,True,1.0,1.0,True,False,2000,0.01,torch.nn.Linear.reset_parameters: kaiming_uniform_(a=sqrt(5)); bias_uniform_bound=1/sqrt(fan_in),0.5773502691896257,0.6490447500254959
thick_tube,True,0.0,1.0,1.0,0.35,0.35,0.35,0.35,"(1.0, 0.0, 0.0)","(0.0, 0.0, 0.0)",1000,tanh,True,3,4,4,30004,40004,True,1.0,1.0,True,False,2000,0.01,torch.nn.Linear.reset_parameters: kaiming_uniform_(a=sqrt(5)); bias_uniform_bound=1/sqrt(fan_in),0.5773502691896257,0.6471935409354046
thick_tube,True,0.0,1.0,1.0,0.35,0.35,0.35,0.35,"(1.0, 0.0, 0.0)","(0.0, 0.0, 0.0)",1000,tanh,True,3,4,5,30005,40005,False,0.9285,0.919,False,False,2000,0.01,torch.nn.Linear.reset_parameters: kaiming_uniform_(a=sqrt(5)); bias_uniform_bound=1/sqrt(fan_in),0.5773502691896257,0.6485519160050899
thick_tube,True,0.0,1.0,1.0,0.35,0.35,0.35,0.35,"(1.0, 0.0, 0.0)","(0.0, 0.0, 0.0)",1000,tanh,True,3,4,6,30006,40006,True,1.0,1.0,True,False,2000,0.01,torch.nn.Linear.reset_parameters: kaiming_uniform_(a=sqrt(5)); bias_uniform_bound=1/sqrt(fan_in),0.5773502691896257,0.6487713749520481
thick_tube,True,0.0,1.0,1.0,0.35,0.35,0.35,0.35,"(1.0, 0.0, 0.0)","(0.0, 0.0, 0.0)",1000,tanh,True,3,4,7,30007,40007,True,1.0,1.0,True,False,2000,0.01,torch.nn.Linear.reset_parameters: kaiming_uniform_(a=sqrt(5)); bias_uniform_bound=1/sqrt(fan_in),0.5773502691896257,0.651198707986623
thick_tube,True,0.0,1.0,1.0,0.35,0.35,0.35,0.35,"(1.0, 0.0, 0.0)","(0.0, 0.0, 0.0)",1000,tanh,True,3,4,8,30008,40008,True,1.0,1.0,True,False,2000,0.01,torch.nn.Linear.reset_parameters: kaiming_uniform_(a=sqrt(5)); bias_uniform_bound=1/sqrt(fan_in),0.5773502691896257,0.6508844159543514
thick_tube,True,0.0,1.0,1.0,0.35,0.35,0.35,0.35,"(1.0, 0.0, 0.0)","(0.0, 0.0, 0.0)",1000,tanh,True,3,4,9,30009,40009,True,1.0,1.0,True,False,2000,0.01,torch.nn.Linear.reset_parameters: kaiming_uniform_(a=sqrt(5)); bias_uniform_bound=1/sqrt(fan_in),0.5773502691896257,0.6461738749640062
thick_tube,True,0.0,1.0,1.0,0.35,0.35,0.35,0.35,"(1.0, 0.0, 0.0)","(0.0, 0.0, 0.0)",1000,tanh,True,5,3,0,30000,40000,False,0.9445,0.944,False,False,2000,0.01,torch.nn.Linear.reset_parameters: kaiming_uniform_(a=sqrt(5)); bias_uniform_bound=1/sqrt(fan_in),0.5773502691896257,0.9540469590574503
thick_tube,True,0.0,1.0,1.0,0.35,0.35,0.35,0.35,"(1.0, 0.0, 0.0)","(0.0, 0.0, 0.0)",1000,tanh,True,5,3,1,30001,40001,False,0.9345,0.9435,False,False,2000,0.01,torch.nn.Linear.reset_parameters: kaiming_uniform_(a=sqrt(5)); bias_uniform_bound=1/sqrt(fan_in),0.5773502691896257,0.9544960840139538
thick_tube,True,0.0,1.0,1.0,0.35,0.35,0.35,0.35,"(1.0, 0.0, 0.0)","(0.0, 0.0, 0.0)",1000,tanh,True,5,3,2,30002,40002,False,0.9185,0.9235,False,False,2000,0.01,torch.nn.Linear.reset_parameters: kaiming_uniform_(a=sqrt(5)); bias_uniform_bound=1/sqrt(fan_in),0.5773502691896257,0.9547319581033662
thick_tube,True,0.0,1.0,1.0,0.35,0.35,0.35,0.35,"(1.0, 0.0, 0.0)","(0.0, 0.0, 0.0)",1000,tanh,True,5,3,3,30003,40003,False,0.9355,0.9475,False,False,2000,0.01,torch.nn.Linear.reset_parameters: kaiming_uniform_(a=sqrt(5)); bias_uniform_bound=1/sqrt(fan_in),0.5773502691896257,0.9639697080710903
thick_tube,True,0.0,1.0,1.0,0.35,0.35,0.35,0.35,"(1.0, 0.0, 0.0)","(0.0, 0.0, 0.0)",1000,tanh,True,5,3,4,30004,40004,False,0.94,0.945,False,False,2000,0.01,torch.nn.Linear.reset_parameters: kaiming_uniform_(a=sqrt(5)); bias_uniform_bound=1/sqrt(fan_in),0.5773502691896257,0.9537973339902237
thick_tube,True,0.0,1.0,1.0,0.35,0.35,0.35,0.35,"(1.0, 0.0, 0.0)","(0.0, 0.0, 0.0)",1000,tanh,True,5,3,5,30005,40005,False,0.9475,0.933,False,False,2000,0.01,torch.nn.Linear.reset_parameters: kaiming_uniform_(a=sqrt(5)); bias_uniform_bound=1/sqrt(fan_in),0.5773502691896257,0.9585058749653399
thick_tube,True,0.0,1.0,1.0,0.35,0.35,0.35,0.35,"(1.0, 0.0, 0.0)","(0.0, 0.0, 0.0)",1000,tanh,True,5,3,6,30006,40006,False,0.9345,0.9295,False,False,2000,0.01,torch.nn.Linear.reset_parameters: kaiming_uniform_(a=sqrt(5)); bias_uniform_bound=1/sqrt(fan_in),0.5773502691896257,0.9555804579285905
thick_tube,True,0.0,1.0,1.0,0.35,0.35,0.35,0.35,"(1.0, 0.0, 0.0)","(0.0, 0.0, 0.0)",1000,tanh,True,5,3,7,30007,40007,False,0.9145,0.924,False,False,2000,0.01,torch.nn.Linear.reset_parameters: kaiming_uniform_(a=sqrt(5)); bias_uniform_bound=1/sqrt(fan_in),0.5773502691896257,0.952249874942936
thick_tube,True,0.0,1.0,1.0,0.35,0.35,0.35,0.35,"(1.0, 0.0, 0.0)","(0.0, 0.0, 0.0)",1000,tanh,True,5,3,8,30008,40008,False,0.9195,0.921,False,False,2000,0.01,torch.nn.Linear.reset_parameters: kaiming_uniform_(a=sqrt(5)); bias_uniform_bound=1/sqrt(fan_in),0.5773502691896257,0.9543952499516308
thick_tube,True,0.0,1.0,1.0,0.35,0.35,0.35,0.35,"(1.0, 0.0, 0.0)","(0.0, 0.0, 0.0)",1000,tanh,True,5,3,9,30009,40009,False,0.941,0.9415,False,False,2000,0.01,torch.nn.Linear.reset_parameters: kaiming_uniform_(a=sqrt(5)); bias_uniform_bound=1/sqrt(fan_in),0.5773502691896257,0.9552707499824464
thick_tube,True,0.0,1.0,1.0,0.35,0.35,0.35,0.35,"(1.0, 0.0, 0.0)","(0.0, 0.0, 0.0)",1000,tanh,True,5,4,0,30000,40000,True,1.0,1.0,True,False,2000,0.01,torch.nn.Linear.reset_parameters: kaiming_uniform_(a=sqrt(5)); bias_uniform_bound=1/sqrt(fan_in),0.5773502691896257,0.9301552920369431
thick_tube,True,0.0,1.0,1.0,0.35,0.35,0.35,0.35,"(1.0, 0.0, 0.0)","(0.0, 0.0, 0.0)",1000,tanh,True,5,4,1,30001,40001,True,1.0,1.0,True,False,2000,0.01,torch.nn.Linear.reset_parameters: kaiming_uniform_(a=sqrt(5)); bias_uniform_bound=1/sqrt(fan_in),0.5773502691896257,0.9353237090399489
thick_tube,True,0.0,1.0,1.0,0.35,0.35,0.35,0.35,"(1.0, 0.0, 0.0)","(0.0, 0.0, 0.0)",1000,tanh,True,5,4,2,30002,40002,True,1.0,1.0,True,False,2000,0.01,torch.nn.Linear.reset_parameters: kaiming_uniform_(a=sqrt(5)); bias_uniform_bound=1/sqrt(fan_in),0.5773502691896257,0.9285461250692606
thick_tube,True,0.0,1.0,1.0,0.35,0.35,0.35,0.35,"(1.0, 0.0, 0.0)","(0.0, 0.0, 0.0)",1000,tanh,True,5,4,3,30003,40003,True,1.0,1.0,True,False,2000,0.01,torch.nn.Linear.reset_parameters: kaiming_uniform_(a=sqrt(5)); bias_uniform_bound=1/sqrt(fan_in),0.5773502691896257,0.9279591660015285
thick_tube,True,0.0,1.0,1.0,0.35,0.35,0.35,0.35,"(1.0, 0.0, 0.0)","(0.0, 0.0, 0.0)",1000,tanh,True,5,4,4,30004,40004,True,1.0,1.0,True,False,2000,0.01,torch.nn.Linear.reset_parameters: kaiming_uniform_(a=sqrt(5)); bias_uniform_bound=1/sqrt(fan_in),0.5773502691896257,0.9281062909867615
thick_tube,True,0.0,1.0,1.0,0.35,0.35,0.35,0.35,"(1.0, 0.0, 0.0)","(0.0, 0.0, 0.0)",1000,tanh,True,5,4,5,30005,40005,True,1.0,1.0,True,False,2000,0.01,torch.nn.Linear.reset_parameters: kaiming_uniform_(a=sqrt(5)); bias_uniform_bound=1/sqrt(fan_in),0.5773502691896257,0.925312582985498
thick_tube,True,0.0,1.0,1.0,0.35,0.35,0.35,0.35,"(1.0, 0.0, 0.0)","(0.0, 0.0, 0.0)",1000,tanh,True,5,4,6,30006,40006,False,0.9535,0.944,False,False,2000,0.01,torch.nn.Linear.reset_parameters: kaiming_uniform_(a=sqrt(5)); bias_uniform_bound=1/sqrt(fan_in),0.5773502691896257,0.929297500057146
thick_tube,True,0.0,1.0,1.0,0.35,0.35,0.35,0.35,"(1.0, 0.0, 0.0)","(0.0, 0.0, 0.0)",1000,tanh,True,5,4,7,30007,40007,False,0.9415,0.932,False,False,2000,0.01,torch.nn.Linear.reset_parameters: kaiming_uniform_(a=sqrt(5)); bias_uniform_bound=1/sqrt(fan_in),0.5773502691896257,0.9285938339307904
thick_tube,True,0.0,1.0,1.0,0.35,0.35,0.35,0.35,"(1.0, 0.0, 0.0)","(0.0, 0.0, 0.0)",1000,tanh,True,5,4,8,30008,40008,True,1.0,1.0,True,False,2000,0.01,torch.nn.Linear.reset_parameters: kaiming_uniform_(a=sqrt(5)); bias_uniform_bound=1/sqrt(fan_in),0.5773502691896257,0.9317561669740826
thick_tube,True,0.0,1.0,1.0,0.35,0.35,0.35,0.35,"(1.0, 0.0, 0.0)","(0.0, 0.0, 0.0)",1000,tanh,True,5,4,9,30009,40009,True,1.0,0.999,False,False,2000,0.01,torch.nn.Linear.reset_parameters: kaiming_uniform_(a=sqrt(5)); bias_uniform_bound=1/sqrt(fan_in),0.5773502691896257,0.9300092499470338
thick_tube,True,0.0,1.0,1.0,0.35,0.35,0.35,0.35,"(1.0, 0.0, 0.0)","(0.0, 0.0, 0.0)",1000,tanh,True,8,3,0,30000,40000,False,0.9355,0.919,False,False,2000,0.01,torch.nn.Linear.reset_parameters: kaiming_uniform_(a=sqrt(5)); bias_uniform_bound=1/sqrt(fan_in),0.5773502691896257,1.3756271250313148
thick_tube,True,0.0,1.0,1.0,0.35,0.35,0.35,0.35,"(1.0, 0.0, 0.0)","(0.0, 0.0, 0.0)",1000,tanh,True,8,3,1,30001,40001,False,0.677,0.6665,False,False,2000,0.01,torch.nn.Linear.reset_parameters: kaiming_uniform_(a=sqrt(5)); bias_uniform_bound=1/sqrt(fan_in),0.5773502691896257,1.384194041020237
thick_tube,True,0.0,1.0,1.0,0.35,0.35,0.35,0.35,"(1.0, 0.0, 0.0)","(0.0, 0.0, 0.0)",1000,tanh,True,8,3,2,30002,40002,False,0.94,0.9265,False,False,2000,0.01,torch.nn.Linear.reset_parameters: kaiming_uniform_(a=sqrt(5)); bias_uniform_bound=1/sqrt(fan_in),0.5773502691896257,1.3805566659430042
thick_tube,True,0.0,1.0,1.0,0.35,0.35,0.35,0.35,"(1.0, 0.0, 0.0)","(0.0, 0.0, 0.0)",1000,tanh,True,8,3,3,30003,40003,False,0.9375,0.9475,False,False,2000,0.01,torch.nn.Linear.reset_parameters: kaiming_uniform_(a=sqrt(5)); bias_uniform_bound=1/sqrt(fan_in),0.5773502691896257,1.3785102498950437
thick_tube,True,0.0,1.0,1.0,0.35,0.35,0.35,0.35,"(1.0, 0.0, 0.0)","(0.0, 0.0, 0.0)",1000,tanh,True,8,3,4,30004,40004,False,0.9425,0.9425,False,False,2000,0.01,torch.nn.Linear.reset_parameters: kaiming_uniform_(a=sqrt(5)); bias_uniform_bound=1/sqrt(fan_in),0.5773502691896257,1.3811089170631021
thick_tube,True,0.0,1.0,1.0,0.35,0.35,0.35,0.35,"(1.0, 0.0, 0.0)","(0.0, 0.0, 0.0)",1000,tanh,True,8,3,5,30005,40005,False,0.9465,0.93,False,False,2000,0.01,torch.nn.Linear.reset_parameters: kaiming_uniform_(a=sqrt(5)); bias_uniform_bound=1/sqrt(fan_in),0.5773502691896257,1.3775510840350762
thick_tube,True,0.0,1.0,1.0,0.35,0.35,0.35,0.35,"(1.0, 0.0, 0.0)","(0.0, 0.0, 0.0)",1000,tanh,True,8,3,6,30006,40006,False,0.9265,0.92,False,False,2000,0.01,torch.nn.Linear.reset_parameters: kaiming_uniform_(a=sqrt(5)); bias_uniform_bound=1/sqrt(fan_in),0.5773502691896257,1.3844032910419628
thick_tube,True,0.0,1.0,1.0,0.35,0.35,0.35,0.35,"(1.0, 0.0, 0.0)","(0.0, 0.0, 0.0)",1000,tanh,True,8,3,7,30007,40007,False,0.9145,0.924,False,False,2000,0.01,torch.nn.Linear.reset_parameters: kaiming_uniform_(a=sqrt(5)); bias_uniform_bound=1/sqrt(fan_in),0.5773502691896257,1.3865032499888912
thick_tube,True,0.0,1.0,1.0,0.35,0.35,0.35,0.35,"(1.0, 0.0, 0.0)","(0.0, 0.0, 0.0)",1000,tanh,True,8,3,8,30008,40008,False,0.9605,0.9455,False,False,2000,0.01,torch.nn.Linear.reset_parameters: kaiming_uniform_(a=sqrt(5)); bias_uniform_bound=1/sqrt(fan_in),0.5773502691896257,1.379030124982819
thick_tube,True,0.0,1.0,1.0,0.35,0.35,0.35,0.35,"(1.0, 0.0, 0.0)","(0.0, 0.0, 0.0)",1000,tanh,True,8,3,9,30009,40009,False,0.9425,0.94,False,False,2000,0.01,torch.nn.Linear.reset_parameters: kaiming_uniform_(a=sqrt(5)); bias_uniform_bound=1/sqrt(fan_in),0.5773502691896257,1.3791326669743285
thick_tube,True,0.0,1.0,1.0,0.35,0.35,0.35,0.35,"(1.0, 0.0, 0.0)","(0.0, 0.0, 0.0)",1000,tanh,True,8,4,0,30000,40000,False,0.938,0.942,False,False,2000,0.01,torch.nn.Linear.reset_parameters: kaiming_uniform_(a=sqrt(5)); bias_uniform_bound=1/sqrt(fan_in),0.5773502691896257,1.3465658340137452
thick_tube,True,0.0,1.0,1.0,0.35,0.35,0.35,0.35,"(1.0, 0.0, 0.0)","(0.0, 0.0, 0.0)",1000,tanh,True,8,4,1,30001,40001,False,0.9335,0.9415,False,False,2000,0.01,torch.nn.Linear.reset_parameters: kaiming_uniform_(a=sqrt(5)); bias_uniform_bound=1/sqrt(fan_in),0.5773502691896257,1.3480532920220867
thick_tube,True,0.0,1.0,1.0,0.35,0.35,0.35,0.35,"(1.0, 0.0, 0.0)","(0.0, 0.0, 0.0)",1000,tanh,True,8,4,2,30002,40002,False,0.9405,0.933,False,False,2000,0.01,torch.nn.Linear.reset_parameters: kaiming_uniform_(a=sqrt(5)); bias_uniform_bound=1/sqrt(fan_in),0.5773502691896257,1.3506679169367999
thick_tube,True,0.0,1.0,1.0,0.35,0.35,0.35,0.35,"(1.0, 0.0, 0.0)","(0.0, 0.0, 0.0)",1000,tanh,True,8,4,3,30003,40003,False,0.938,0.949,False,False,2000,0.01,torch.nn.Linear.reset_parameters: kaiming_uniform_(a=sqrt(5)); bias_uniform_bound=1/sqrt(fan_in),0.5773502691896257,1.3434424999868497
thick_tube,True,0.0,1.0,1.0,0.35,0.35,0.35,0.35,"(1.0, 0.0, 0.0)","(0.0, 0.0, 0.0)",1000,tanh,True,8,4,4,30004,40004,False,0.997,0.989,False,False,2000,0.01,torch.nn.Linear.reset_parameters: kaiming_uniform_(a=sqrt(5)); bias_uniform_bound=1/sqrt(fan_in),0.5773502691896257,1.3498103329911828
thick_tube,True,0.0,1.0,1.0,0.35,0.35,0.35,0.35,"(1.0, 0.0, 0.0)","(0.0, 0.0, 0.0)",1000,tanh,True,8,4,5,30005,40005,False,0.9485,0.938,False,False,2000,0.01,torch.nn.Linear.reset_parameters: kaiming_uniform_(a=sqrt(5)); bias_uniform_bound=1/sqrt(fan_in),0.5773502691896257,1.346390207996592
thick_tube,True,0.0,1.0,1.0,0.35,0.35,0.35,0.35,"(1.0, 0.0, 0.0)","(0.0, 0.0, 0.0)",1000,tanh,True,8,4,6,30006,40006,True,1.0,1.0,True,False,2000,0.01,torch.nn.Linear.reset_parameters: kaiming_uniform_(a=sqrt(5)); bias_uniform_bound=1/sqrt(fan_in),0.5773502691896257,1.3477383750723675
thick_tube,True,0.0,1.0,1.0,0.35,0.35,0.35,0.35,"(1.0, 0.0, 0.0)","(0.0, 0.0, 0.0)",1000,tanh,True,8,4,7,30007,40007,True,1.0,1.0,True,False,2000,0.01,torch.nn.Linear.reset_parameters: kaiming_uniform_(a=sqrt(5)); bias_uniform_bound=1/sqrt(fan_in),0.5773502691896257,1.3498898750403896
thick_tube,True,0.0,1.0,1.0,0.35,0.35,0.35,0.35,"(1.0, 0.0, 0.0)","(0.0, 0.0, 0.0)",1000,tanh,True,8,4,8,30008,40008,False,0.932,0.9205,False,False,2000,0.01,torch.nn.Linear.reset_parameters: kaiming_uniform_(a=sqrt(5)); bias_uniform_bound=1/sqrt(fan_in),0.5773502691896257,1.3464690410764888
thick_tube,True,0.0,1.0,1.0,0.35,0.35,0.35,0.35,"(1.0, 0.0, 0.0)","(0.0, 0.0, 0.0)",1000,tanh,True,8,4,9,30009,40009,True,1.0,1.0,True,False,2000,0.01,torch.nn.Linear.reset_parameters: kaiming_uniform_(a=sqrt(5)); bias_uniform_bound=1/sqrt(fan_in),0.5773502691896257,1.3479057080112398
thick_tube,True,0.0,1.0,1.0,0.35,0.35,0.35,0.35,"(1.0, 0.0, 0.0)","(0.0, 0.0, 0.0)",1000,tanh,True,12,3,0,30000,40000,False,0.937,0.934,False,False,2000,0.01,torch.nn.Linear.reset_parameters: kaiming_uniform_(a=sqrt(5)); bias_uniform_bound=1/sqrt(fan_in),0.5773502691896257,1.9505882920930162
thick_tube,True,0.0,1.0,1.0,0.35,0.35,0.35,0.35,"(1.0, 0.0, 0.0)","(0.0, 0.0, 0.0)",1000,tanh,True,12,3,1,30001,40001,False,0.936,0.9465,False,False,2000,0.01,torch.nn.Linear.reset_parameters: kaiming_uniform_(a=sqrt(5)); bias_uniform_bound=1/sqrt(fan_in),0.5773502691896257,1.9486168749863282
thick_tube,True,0.0,1.0,1.0,0.35,0.35,0.35,0.35,"(1.0, 0.0, 0.0)","(0.0, 0.0, 0.0)",1000,tanh,True,12,3,2,30002,40002,False,0.9235,0.917,False,False,2000,0.01,torch.nn.Linear.reset_parameters: kaiming_uniform_(a=sqrt(5)); bias_uniform_bound=1/sqrt(fan_in),0.5773502691896257,1.9501739580882713
thick_tube,True,0.0,1.0,1.0,0.35,0.35,0.35,0.35,"(1.0, 0.0, 0.0)","(0.0, 0.0, 0.0)",1000,tanh,True,12,3,3,30003,40003,False,0.721,0.7205,False,False,2000,0.01,torch.nn.Linear.reset_parameters: kaiming_uniform_(a=sqrt(5)); bias_uniform_bound=1/sqrt(fan_in),0.5773502691896257,1.9649874590104446
thick_tube,True,0.0,1.0,1.0,0.35,0.35,0.35,0.35,"(1.0, 0.0, 0.0)","(0.0, 0.0, 0.0)",1000,tanh,True,12,3,4,30004,40004,False,0.9605,0.966,False,False,2000,0.01,torch.nn.Linear.reset_parameters: kaiming_uniform_(a=sqrt(5)); bias_uniform_bound=1/sqrt(fan_in),0.5773502691896257,1.9584286250174046
thick_tube,True,0.0,1.0,1.0,0.35,0.35,0.35,0.35,"(1.0, 0.0, 0.0)","(0.0, 0.0, 0.0)",1000,tanh,True,12,3,5,30005,40005,False,0.9385,0.9245,False,False,2000,0.01,torch.nn.Linear.reset_parameters: kaiming_uniform_(a=sqrt(5)); bias_uniform_bound=1/sqrt(fan_in),0.5773502691896257,1.9511150839971378
thick_tube,True,0.0,1.0,1.0,0.35,0.35,0.35,0.35,"(1.0, 0.0, 0.0)","(0.0, 0.0, 0.0)",1000,tanh,True,12,3,6,30006,40006,False,0.934,0.93,False,False,2000,0.01,torch.nn.Linear.reset_parameters: kaiming_uniform_(a=sqrt(5)); bias_uniform_bound=1/sqrt(fan_in),0.5773502691896257,1.9539247920038179
thick_tube,True,0.0,1.0,1.0,0.35,0.35,0.35,0.35,"(1.0, 0.0, 0.0)","(0.0, 0.0, 0.0)",1000,tanh,True,12,3,7,30007,40007,False,0.914,0.9245,False,False,2000,0.01,torch.nn.Linear.reset_parameters: kaiming_uniform_(a=sqrt(5)); bias_uniform_bound=1/sqrt(fan_in),0.5773502691896257,1.9541704580187798
thick_tube,True,0.0,1.0,1.0,0.35,0.35,0.35,0.35,"(1.0, 0.0, 0.0)","(0.0, 0.0, 0.0)",1000,tanh,True,12,3,8,30008,40008,False,0.928,0.9195,False,False,2000,0.01,torch.nn.Linear.reset_parameters: kaiming_uniform_(a=sqrt(5)); bias_uniform_bound=1/sqrt(fan_in),0.5773502691896257,1.9770475829718634
thick_tube,True,0.0,1.0,1.0,0.35,0.35,0.35,0.35,"(1.0, 0.0, 0.0)","(0.0, 0.0, 0.0)",1000,tanh,True,12,3,9,30009,40009,False,0.906,0.9105,False,False,2000,0.01,torch.nn.Linear.reset_parameters: kaiming_uniform_(a=sqrt(5)); bias_uniform_bound=1/sqrt(fan_in),0.5773502691896257,1.9632107079960406
thick_tube,True,0.0,1.0,1.0,0.35,0.35,0.35,0.35,"(1.0, 0.0, 0.0)","(0.0, 0.0, 0.0)",1000,tanh,True,12,4,0,30000,40000,False,0.9985,0.9885,False,False,2000,0.01,torch.nn.Linear.reset_parameters: kaiming_uniform_(a=sqrt(5)); bias_uniform_bound=1/sqrt(fan_in),0.5773502691896257,1.8997210420202464
thick_tube,True,0.0,1.0,1.0,0.35,0.35,0.35,0.35,"(1.0, 0.0, 0.0)","(0.0, 0.0, 0.0)",1000,tanh,True,12,4,1,30001,40001,True,1.0,1.0,True,False,2000,0.01,torch.nn.Linear.reset_parameters: kaiming_uniform_(a=sqrt(5)); bias_uniform_bound=1/sqrt(fan_in),0.5773502691896257,1.8991768329869956
thick_tube,True,0.0,1.0,1.0,0.35,0.35,0.35,0.35,"(1.0, 0.0, 0.0)","(0.0, 0.0, 0.0)",1000,tanh,True,12,4,2,30002,40002,True,1.0,0.9995,False,False,2000,0.01,torch.nn.Linear.reset_parameters: kaiming_uniform_(a=sqrt(5)); bias_uniform_bound=1/sqrt(fan_in),0.5773502691896257,1.906527208047919
thick_tube,True,0.0,1.0,1.0,0.35,0.35,0.35,0.35,"(1.0, 0.0, 0.0)","(0.0, 0.0, 0.0)",1000,tanh,True,12,4,3,30003,40003,False,0.9345,0.946,False,False,2000,0.01,torch.nn.Linear.reset_parameters: kaiming_uniform_(a=sqrt(5)); bias_uniform_bound=1/sqrt(fan_in),0.5773502691896257,1.9002362500177696
thick_tube,True,0.0,1.0,1.0,0.35,0.35,0.35,0.35,"(1.0, 0.0, 0.0)","(0.0, 0.0, 0.0)",1000,tanh,True,12,4,4,30004,40004,False,0.9455,0.941,False,False,2000,0.01,torch.nn.Linear.reset_parameters: kaiming_uniform_(a=sqrt(5)); bias_uniform_bound=1/sqrt(fan_in),0.5773502691896257,1.8980394169921055
thick_tube,True,0.0,1.0,1.0,0.35,0.35,0.35,0.35,"(1.0, 0.0, 0.0)","(0.0, 0.0, 0.0)",1000,tanh,True,12,4,5,30005,40005,True,1.0,1.0,True,False,2000,0.01,torch.nn.Linear.reset_parameters: kaiming_uniform_(a=sqrt(5)); bias_uniform_bound=1/sqrt(fan_in),0.5773502691896257,1.8969577080570161
thick_tube,True,0.0,1.0,1.0,0.35,0.35,0.35,0.35,"(1.0, 0.0, 0.0)","(0.0, 0.0, 0.0)",1000,tanh,True,12,4,6,30006,40006,False,0.9395,0.9325,False,False,2000,0.01,torch.nn.Linear.reset_parameters: kaiming_uniform_(a=sqrt(5)); bias_uniform_bound=1/sqrt(fan_in),0.5773502691896257,1.8975405829260126
thick_tube,True,0.0,1.0,1.0,0.35,0.35,0.35,0.35,"(1.0, 0.0, 0.0)","(0.0, 0.0, 0.0)",1000,tanh,True,12,4,7,30007,40007,False,0.9425,0.9385,False,False,2000,0.01,torch.nn.Linear.reset_parameters: kaiming_uniform_(a=sqrt(5)); bias_uniform_bound=1/sqrt(fan_in),0.5773502691896257,1.8997908330056816
thick_tube,True,0.0,1.0,1.0,0.35,0.35,0.35,0.35,"(1.0, 0.0, 0.0)","(0.0, 0.0, 0.0)",1000,tanh,True,12,4,8,30008,40008,True,1.0,1.0,True,False,2000,0.01,torch.nn.Linear.reset_parameters: kaiming_uniform_(a=sqrt(5)); bias_uniform_bound=1/sqrt(fan_in),0.5773502691896257,1.8924683750374243
thick_tube,True,0.0,1.0,1.0,0.35,0.35,0.35,0.35,"(1.0, 0.0, 0.0)","(0.0, 0.0, 0.0)",1000,tanh,True,12,4,9,30009,40009,True,1.0,0.9995,False,False,2000,0.01,torch.nn.Linear.reset_parameters: kaiming_uniform_(a=sqrt(5)); bias_uniform_bound=1/sqrt(fan_in),0.5773502691896257,1.8911594590172172
thick_tube,True,0.0,1.0,1.0,0.35,0.35,0.35,0.35,"(1.0, 0.0, 0.0)","(0.0, 0.0, 0.0)",1000,relu,True,3,3,0,30000,40000,False,0.5,0.5,False,True,2000,0.01,torch.nn.Linear.reset_parameters: kaiming_uniform_(a=sqrt(5)); bias_uniform_bound=1/sqrt(fan_in),0.5773502691896257,0.5926548750139773
thick_tube,True,0.0,1.0,1.0,0.35,0.35,0.35,0.35,"(1.0, 0.0, 0.0)","(0.0, 0.0, 0.0)",1000,relu,True,3,3,1,30001,40001,False,0.5,0.5,False,True,2000,0.01,torch.nn.Linear.reset_parameters: kaiming_uniform_(a=sqrt(5)); bias_uniform_bound=1/sqrt(fan_in),0.5773502691896257,0.6036127079278231
thick_tube,True,0.0,1.0,1.0,0.35,0.35,0.35,0.35,"(1.0, 0.0, 0.0)","(0.0, 0.0, 0.0)",1000,relu,True,3,3,2,30002,40002,False,0.9355,0.9355,False,False,2000,0.01,torch.nn.Linear.reset_parameters: kaiming_uniform_(a=sqrt(5)); bias_uniform_bound=1/sqrt(fan_in),0.5773502691896257,0.594633916974999
thick_tube,True,0.0,1.0,1.0,0.35,0.35,0.35,0.35,"(1.0, 0.0, 0.0)","(0.0, 0.0, 0.0)",1000,relu,True,3,3,3,30003,40003,False,0.9375,0.948,False,False,2000,0.01,torch.nn.Linear.reset_parameters: kaiming_uniform_(a=sqrt(5)); bias_uniform_bound=1/sqrt(fan_in),0.5773502691896257,0.5955207499209791
thick_tube,True,0.0,1.0,1.0,0.35,0.35,0.35,0.35,"(1.0, 0.0, 0.0)","(0.0, 0.0, 0.0)",1000,relu,True,3,3,4,30004,40004,False,0.929,0.9285,False,False,2000,0.01,torch.nn.Linear.reset_parameters: kaiming_uniform_(a=sqrt(5)); bias_uniform_bound=1/sqrt(fan_in),0.5773502691896257,0.5923382079927251
thick_tube,True,0.0,1.0,1.0,0.35,0.35,0.35,0.35,"(1.0, 0.0, 0.0)","(0.0, 0.0, 0.0)",1000,relu,True,3,3,5,30005,40005,False,0.955,0.9465,False,False,2000,0.01,torch.nn.Linear.reset_parameters: kaiming_uniform_(a=sqrt(5)); bias_uniform_bound=1/sqrt(fan_in),0.5773502691896257,0.5956105829682201
thick_tube,True,0.0,1.0,1.0,0.35,0.35,0.35,0.35,"(1.0, 0.0, 0.0)","(0.0, 0.0, 0.0)",1000,relu,True,3,3,6,30006,40006,False,0.9475,0.9395,False,False,2000,0.01,torch.nn.Linear.reset_parameters: kaiming_uniform_(a=sqrt(5)); bias_uniform_bound=1/sqrt(fan_in),0.5773502691896257,0.59596587496344
thick_tube,True,0.0,1.0,1.0,0.35,0.35,0.35,0.35,"(1.0, 0.0, 0.0)","(0.0, 0.0, 0.0)",1000,relu,True,3,3,7,30007,40007,False,0.9255,0.936,False,False,2000,0.01,torch.nn.Linear.reset_parameters: kaiming_uniform_(a=sqrt(5)); bias_uniform_bound=1/sqrt(fan_in),0.5773502691896257,0.5934860829729587
thick_tube,True,0.0,1.0,1.0,0.35,0.35,0.35,0.35,"(1.0, 0.0, 0.0)","(0.0, 0.0, 0.0)",1000,relu,True,3,3,8,30008,40008,False,0.5,0.5,False,True,2000,0.01,torch.nn.Linear.reset_parameters: kaiming_uniform_(a=sqrt(5)); bias_uniform_bound=1/sqrt(fan_in),0.5773502691896257,0.5977029170608148
thick_tube,True,0.0,1.0,1.0,0.35,0.35,0.35,0.35,"(1.0, 0.0, 0.0)","(0.0, 0.0, 0.0)",1000,relu,True,3,3,9,30009,40009,False,0.933,0.932,False,False,2000,0.01,torch.nn.Linear.reset_parameters: kaiming_uniform_(a=sqrt(5)); bias_uniform_bound=1/sqrt(fan_in),0.5773502691896257,0.5976551249623299
thick_tube,True,0.0,1.0,1.0,0.35,0.35,0.35,0.35,"(1.0, 0.0, 0.0)","(0.0, 0.0, 0.0)",1000,relu,True,3,4,0,30000,40000,False,0.5,0.5,False,True,2000,0.01,torch.nn.Linear.reset_parameters: kaiming_uniform_(a=sqrt(5)); bias_uniform_bound=1/sqrt(fan_in),0.5773502691896257,0.5558951249113306
thick_tube,True,0.0,1.0,1.0,0.35,0.35,0.35,0.35,"(1.0, 0.0, 0.0)","(0.0, 0.0, 0.0)",1000,relu,True,3,4,1,30001,40001,False,0.943,0.9325,False,False,2000,0.01,torch.nn.Linear.reset_parameters: kaiming_uniform_(a=sqrt(5)); bias_uniform_bound=1/sqrt(fan_in),0.5773502691896257,0.5543365409830585
thick_tube,True,0.0,1.0,1.0,0.35,0.35,0.35,0.35,"(1.0, 0.0, 0.0)","(0.0, 0.0, 0.0)",1000,relu,True,3,4,2,30002,40002,False,0.9095,0.904,False,False,2000,0.01,torch.nn.Linear.reset_parameters: kaiming_uniform_(a=sqrt(5)); bias_uniform_bound=1/sqrt(fan_in),0.5773502691896257,0.5526357499184087
thick_tube,True,0.0,1.0,1.0,0.35,0.35,0.35,0.35,"(1.0, 0.0, 0.0)","(0.0, 0.0, 0.0)",1000,relu,True,3,4,3,30003,40003,False,0.9365,0.9465,False,False,2000,0.01,torch.nn.Linear.reset_parameters: kaiming_uniform_(a=sqrt(5)); bias_uniform_bound=1/sqrt(fan_in),0.5773502691896257,0.6763768750242889
thick_tube,True,0.0,1.0,1.0,0.35,0.35,0.35,0.35,"(1.0, 0.0, 0.0)","(0.0, 0.0, 0.0)",1000,relu,True,3,4,4,30004,40004,False,0.944,0.9465,False,False,2000,0.01,torch.nn.Linear.reset_parameters: kaiming_uniform_(a=sqrt(5)); bias_uniform_bound=1/sqrt(fan_in),0.5773502691896257,0.5547758339671418
thick_tube,True,0.0,1.0,1.0,0.35,0.35,0.35,0.35,"(1.0, 0.0, 0.0)","(0.0, 0.0, 0.0)",1000,relu,True,3,4,5,30005,40005,True,1.0,1.0,True,False,2000,0.01,torch.nn.Linear.reset_parameters: kaiming_uniform_(a=sqrt(5)); bias_uniform_bound=1/sqrt(fan_in),0.5773502691896257,0.5556097920052707
thick_tube,True,0.0,1.0,1.0,0.35,0.35,0.35,0.35,"(1.0, 0.0, 0.0)","(0.0, 0.0, 0.0)",1000,relu,True,3,4,6,30006,40006,False,0.9335,0.923,False,False,2000,0.01,torch.nn.Linear.reset_parameters: kaiming_uniform_(a=sqrt(5)); bias_uniform_bound=1/sqrt(fan_in),0.5773502691896257,0.5540932909352705
thick_tube,True,0.0,1.0,1.0,0.35,0.35,0.35,0.35,"(1.0, 0.0, 0.0)","(0.0, 0.0, 0.0)",1000,relu,True,3,4,7,30007,40007,False,0.9305,0.9345,False,False,2000,0.01,torch.nn.Linear.reset_parameters: kaiming_uniform_(a=sqrt(5)); bias_uniform_bound=1/sqrt(fan_in),0.5773502691896257,0.5552342500304803
thick_tube,True,0.0,1.0,1.0,0.35,0.35,0.35,0.35,"(1.0, 0.0, 0.0)","(0.0, 0.0, 0.0)",1000,relu,True,3,4,8,30008,40008,False,0.9165,0.9225,False,False,2000,0.01,torch.nn.Linear.reset_parameters: kaiming_uniform_(a=sqrt(5)); bias_uniform_bound=1/sqrt(fan_in),0.5773502691896257,0.5552361669251695
thick_tube,True,0.0,1.0,1.0,0.35,0.35,0.35,0.35,"(1.0, 0.0, 0.0)","(0.0, 0.0, 0.0)",1000,relu,True,3,4,9,30009,40009,False,0.9375,0.94,False,False,2000,0.01,torch.nn.Linear.reset_parameters: kaiming_uniform_(a=sqrt(5)); bias_uniform_bound=1/sqrt(fan_in),0.5773502691896257,0.552336291060783
thick_tube,True,0.0,1.0,1.0,0.35,0.35,0.35,0.35,"(1.0, 0.0, 0.0)","(0.0, 0.0, 0.0)",1000,relu,True,5,3,0,30000,40000,False,0.5,0.5,False,True,2000,0.01,torch.nn.Linear.reset_parameters: kaiming_uniform_(a=sqrt(5)); bias_uniform_bound=1/sqrt(fan_in),0.5773502691896257,0.8422048749634996
thick_tube,True,0.0,1.0,1.0,0.35,0.35,0.35,0.35,"(1.0, 0.0, 0.0)","(0.0, 0.0, 0.0)",1000,relu,True,5,3,1,30001,40001,False,0.5,0.5,False,True,2000,0.01,torch.nn.Linear.reset_parameters: kaiming_uniform_(a=sqrt(5)); bias_uniform_bound=1/sqrt(fan_in),0.5773502691896257,0.838396167033352
thick_tube,True,0.0,1.0,1.0,0.35,0.35,0.35,0.35,"(1.0, 0.0, 0.0)","(0.0, 0.0, 0.0)",1000,relu,True,5,3,2,30002,40002,False,0.925,0.926,False,False,2000,0.01,torch.nn.Linear.reset_parameters: kaiming_uniform_(a=sqrt(5)); bias_uniform_bound=1/sqrt(fan_in),0.5773502691896257,0.8442293329862878
thick_tube,True,0.0,1.0,1.0,0.35,0.35,0.35,0.35,"(1.0, 0.0, 0.0)","(0.0, 0.0, 0.0)",1000,relu,True,5,3,3,30003,40003,False,0.5,0.5,False,True,2000,0.01,torch.nn.Linear.reset_parameters: kaiming_uniform_(a=sqrt(5)); bias_uniform_bound=1/sqrt(fan_in),0.5773502691896257,0.8376460840227082
thick_tube,True,0.0,1.0,1.0,0.35,0.35,0.35,0.35,"(1.0, 0.0, 0.0)","(0.0, 0.0, 0.0)",1000,relu,True,5,3,4,30004,40004,False,0.9295,0.921,False,False,2000,0.01,torch.nn.Linear.reset_parameters: kaiming_uniform_(a=sqrt(5)); bias_uniform_bound=1/sqrt(fan_in),0.5773502691896257,0.8375356660690159
thick_tube,True,0.0,1.0,1.0,0.35,0.35,0.35,0.35,"(1.0, 0.0, 0.0)","(0.0, 0.0, 0.0)",1000,relu,True,5,3,5,30005,40005,False,0.949,0.9455,False,False,2000,0.01,torch.nn.Linear.reset_parameters: kaiming_uniform_(a=sqrt(5)); bias_uniform_bound=1/sqrt(fan_in),0.5773502691896257,0.8360888329334557
thick_tube,True,0.0,1.0,1.0,0.35,0.35,0.35,0.35,"(1.0, 0.0, 0.0)","(0.0, 0.0, 0.0)",1000,relu,True,5,3,6,30006,40006,False,0.9335,0.929,False,False,2000,0.01,torch.nn.Linear.reset_parameters: kaiming_uniform_(a=sqrt(5)); bias_uniform_bound=1/sqrt(fan_in),0.5773502691896257,0.8395024159690365
thick_tube,True,0.0,1.0,1.0,0.35,0.35,0.35,0.35,"(1.0, 0.0, 0.0)","(0.0, 0.0, 0.0)",1000,relu,True,5,3,7,30007,40007,False,0.945,0.9435,False,False,2000,0.01,torch.nn.Linear.reset_parameters: kaiming_uniform_(a=sqrt(5)); bias_uniform_bound=1/sqrt(fan_in),0.5773502691896257,0.8344001669902354
thick_tube,True,0.0,1.0,1.0,0.35,0.35,0.35,0.35,"(1.0, 0.0, 0.0)","(0.0, 0.0, 0.0)",1000,relu,True,5,3,8,30008,40008,False,0.5,0.5,False,True,2000,0.01,torch.nn.Linear.reset_parameters: kaiming_uniform_(a=sqrt(5)); bias_uniform_bound=1/sqrt(fan_in),0.5773502691896257,0.8412782499799505
thick_tube,True,0.0,1.0,1.0,0.35,0.35,0.35,0.35,"(1.0, 0.0, 0.0)","(0.0, 0.0, 0.0)",1000,relu,True,5,3,9,30009,40009,False,0.9345,0.937,False,False,2000,0.01,torch.nn.Linear.reset_parameters: kaiming_uniform_(a=sqrt(5)); bias_uniform_bound=1/sqrt(fan_in),0.5773502691896257,0.8319980420637876
thick_tube,True,0.0,1.0,1.0,0.35,0.35,0.35,0.35,"(1.0, 0.0, 0.0)","(0.0, 0.0, 0.0)",1000,relu,True,5,4,0,30000,40000,False,0.5,0.5,False,True,2000,0.01,torch.nn.Linear.reset_parameters: kaiming_uniform_(a=sqrt(5)); bias_uniform_bound=1/sqrt(fan_in),0.5773502691896257,0.7751962919719517
thick_tube,True,0.0,1.0,1.0,0.35,0.35,0.35,0.35,"(1.0, 0.0, 0.0)","(0.0, 0.0, 0.0)",1000,relu,True,5,4,1,30001,40001,False,0.908,0.916,False,False,2000,0.01,torch.nn.Linear.reset_parameters: kaiming_uniform_(a=sqrt(5)); bias_uniform_bound=1/sqrt(fan_in),0.5773502691896257,0.7661246249917895
thick_tube,True,0.0,1.0,1.0,0.35,0.35,0.35,0.35,"(1.0, 0.0, 0.0)","(0.0, 0.0, 0.0)",1000,relu,True,5,4,2,30002,40002,False,0.9295,0.925,False,False,2000,0.01,torch.nn.Linear.reset_parameters: kaiming_uniform_(a=sqrt(5)); bias_uniform_bound=1/sqrt(fan_in),0.5773502691896257,0.7720165830105543
thick_tube,True,0.0,1.0,1.0,0.35,0.35,0.35,0.35,"(1.0, 0.0, 0.0)","(0.0, 0.0, 0.0)",1000,relu,True,5,4,3,30003,40003,False,0.953,0.9375,False,False,2000,0.01,torch.nn.Linear.reset_parameters: kaiming_uniform_(a=sqrt(5)); bias_uniform_bound=1/sqrt(fan_in),0.5773502691896257,0.7698742920765653
thick_tube,True,0.0,1.0,1.0,0.35,0.35,0.35,0.35,"(1.0, 0.0, 0.0)","(0.0, 0.0, 0.0)",1000,relu,True,5,4,4,30004,40004,False,0.941,0.9415,False,False,2000,0.01,torch.nn.Linear.reset_parameters: kaiming_uniform_(a=sqrt(5)); bias_uniform_bound=1/sqrt(fan_in),0.5773502691896257,0.7677064160816371
thick_tube,True,0.0,1.0,1.0,0.35,0.35,0.35,0.35,"(1.0, 0.0, 0.0)","(0.0, 0.0, 0.0)",1000,relu,True,5,4,5,30005,40005,False,0.5,0.5,False,True,2000,0.01,torch.nn.Linear.reset_parameters: kaiming_uniform_(a=sqrt(5)); bias_uniform_bound=1/sqrt(fan_in),0.5773502691896257,0.7691884589148685
thick_tube,True,0.0,1.0,1.0,0.35,0.35,0.35,0.35,"(1.0, 0.0, 0.0)","(0.0, 0.0, 0.0)",1000,relu,True,5,4,6,30006,40006,False,0.9325,0.917,False,False,2000,0.01,torch.nn.Linear.reset_parameters: kaiming_uniform_(a=sqrt(5)); bias_uniform_bound=1/sqrt(fan_in),0.5773502691896257,0.7684722080593929
thick_tube,True,0.0,1.0,1.0,0.35,0.35,0.35,0.35,"(1.0, 0.0, 0.0)","(0.0, 0.0, 0.0)",1000,relu,True,5,4,7,30007,40007,False,0.9175,0.9195,False,False,2000,0.01,torch.nn.Linear.reset_parameters: kaiming_uniform_(a=sqrt(5)); bias_uniform_bound=1/sqrt(fan_in),0.5773502691896257,0.7703485829988495
thick_tube,True,0.0,1.0,1.0,0.35,0.35,0.35,0.35,"(1.0, 0.0, 0.0)","(0.0, 0.0, 0.0)",1000,relu,True,5,4,8,30008,40008,False,0.8995,0.893,False,False,2000,0.01,torch.nn.Linear.reset_parameters: kaiming_uniform_(a=sqrt(5)); bias_uniform_bound=1/sqrt(fan_in),0.5773502691896257,0.7669359160354361
thick_tube,True,0.0,1.0,1.0,0.35,0.35,0.35,0.35,"(1.0, 0.0, 0.0)","(0.0, 0.0, 0.0)",1000,relu,True,5,4,9,30009,40009,False,0.5,0.5,False,True,2000,0.01,torch.nn.Linear.reset_parameters: kaiming_uniform_(a=sqrt(5)); bias_uniform_bound=1/sqrt(fan_in),0.5773502691896257,0.7672738749533892
thick_tube,True,0.0,1.0,1.0,0.35,0.35,0.35,0.35,"(1.0, 0.0, 0.0)","(0.0, 0.0, 0.0)",1000,relu,True,8,3,0,30000,40000,False,0.5,0.5,False,True,2000,0.01,torch.nn.Linear.reset_parameters: kaiming_uniform_(a=sqrt(5)); bias_uniform_bound=1/sqrt(fan_in),0.5773502691896257,1.20092700002715
thick_tube,True,0.0,1.0,1.0,0.35,0.35,0.35,0.35,"(1.0, 0.0, 0.0)","(0.0, 0.0, 0.0)",1000,relu,True,8,3,1,30001,40001,False,0.5,0.5,False,True,2000,0.01,torch.nn.Linear.reset_parameters: kaiming_uniform_(a=sqrt(5)); bias_uniform_bound=1/sqrt(fan_in),0.5773502691896257,1.2075462089851499
thick_tube,True,0.0,1.0,1.0,0.35,0.35,0.35,0.35,"(1.0, 0.0, 0.0)","(0.0, 0.0, 0.0)",1000,relu,True,8,3,2,30002,40002,False,0.5,0.5,False,True,2000,0.01,torch.nn.Linear.reset_parameters: kaiming_uniform_(a=sqrt(5)); bias_uniform_bound=1/sqrt(fan_in),0.5773502691896257,1.202765417052433
thick_tube,True,0.0,1.0,1.0,0.35,0.35,0.35,0.35,"(1.0, 0.0, 0.0)","(0.0, 0.0, 0.0)",1000,relu,True,8,3,3,30003,40003,False,0.5,0.5,False,True,2000,0.01,torch.nn.Linear.reset_parameters: kaiming_uniform_(a=sqrt(5)); bias_uniform_bound=1/sqrt(fan_in),0.5773502691896257,1.1978100000414997
thick_tube,True,0.0,1.0,1.0,0.35,0.35,0.35,0.35,"(1.0, 0.0, 0.0)","(0.0, 0.0, 0.0)",1000,relu,True,8,3,4,30004,40004,False,0.9235,0.9195,False,False,2000,0.01,torch.nn.Linear.reset_parameters: kaiming_uniform_(a=sqrt(5)); bias_uniform_bound=1/sqrt(fan_in),0.5773502691896257,1.1987605419708416
thick_tube,True,0.0,1.0,1.0,0.35,0.35,0.35,0.35,"(1.0, 0.0, 0.0)","(0.0, 0.0, 0.0)",1000,relu,True,8,3,5,30005,40005,False,0.5,0.5,False,True,2000,0.01,torch.nn.Linear.reset_parameters: kaiming_uniform_(a=sqrt(5)); bias_uniform_bound=1/sqrt(fan_in),0.5773502691896257,1.1967377910623327
thick_tube,True,0.0,1.0,1.0,0.35,0.35,0.35,0.35,"(1.0, 0.0, 0.0)","(0.0, 0.0, 0.0)",1000,relu,True,8,3,6,30006,40006,False,0.5,0.5,False,True,2000,0.01,torch.nn.Linear.reset_parameters: kaiming_uniform_(a=sqrt(5)); bias_uniform_bound=1/sqrt(fan_in),0.5773502691896257,1.208862082916312
thick_tube,True,0.0,1.0,1.0,0.35,0.35,0.35,0.35,"(1.0, 0.0, 0.0)","(0.0, 0.0, 0.0)",1000,relu,True,8,3,7,30007,40007,False,0.5,0.5,False,True,2000,0.01,torch.nn.Linear.reset_parameters: kaiming_uniform_(a=sqrt(5)); bias_uniform_bound=1/sqrt(fan_in),0.5773502691896257,1.2078215830260888
thick_tube,True,0.0,1.0,1.0,0.35,0.35,0.35,0.35,"(1.0, 0.0, 0.0)","(0.0, 0.0, 0.0)",1000,relu,True,8,3,8,30008,40008,False,0.5,0.5,False,True,2000,0.01,torch.nn.Linear.reset_parameters: kaiming_uniform_(a=sqrt(5)); bias_uniform_bound=1/sqrt(fan_in),0.5773502691896257,1.1982136250007898
thick_tube,True,0.0,1.0,1.0,0.35,0.35,0.35,0.35,"(1.0, 0.0, 0.0)","(0.0, 0.0, 0.0)",1000,relu,True,8,3,9,30009,40009,False,0.5,0.5,False,True,2000,0.01,torch.nn.Linear.reset_parameters: kaiming_uniform_(a=sqrt(5)); bias_uniform_bound=1/sqrt(fan_in),0.5773502691896257,1.1963885420700535
thick_tube,True,0.0,1.0,1.0,0.35,0.35,0.35,0.35,"(1.0, 0.0, 0.0)","(0.0, 0.0, 0.0)",1000,relu,True,8,4,0,30000,40000,False,0.5,0.5,False,True,2000,0.01,torch.nn.Linear.reset_parameters: kaiming_uniform_(a=sqrt(5)); bias_uniform_bound=1/sqrt(fan_in),0.5773502691896257,1.0790606249356642
thick_tube,True,0.0,1.0,1.0,0.35,0.35,0.35,0.35,"(1.0, 0.0, 0.0)","(0.0, 0.0, 0.0)",1000,relu,True,8,4,1,30001,40001,False,0.5,0.5,False,True,2000,0.01,torch.nn.Linear.reset_parameters: kaiming_uniform_(a=sqrt(5)); bias_uniform_bound=1/sqrt(fan_in),0.5773502691896257,1.0860386249842122
thick_tube,True,0.0,1.0,1.0,0.35,0.35,0.35,0.35,"(1.0, 0.0, 0.0)","(0.0, 0.0, 0.0)",1000,relu,True,8,4,2,30002,40002,False,0.5,0.5,False,True,2000,0.01,torch.nn.Linear.reset_parameters: kaiming_uniform_(a=sqrt(5)); bias_uniform_bound=1/sqrt(fan_in),0.5773502691896257,1.0779200419783592
thick_tube,True,0.0,1.0,1.0,0.35,0.35,0.35,0.35,"(1.0, 0.0, 0.0)","(0.0, 0.0, 0.0)",1000,relu,True,8,4,3,30003,40003,False,0.5,0.5,False,True,2000,0.01,torch.nn.Linear.reset_parameters: kaiming_uniform_(a=sqrt(5)); bias_uniform_bound=1/sqrt(fan_in),0.5773502691896257,1.0781723749823868
thick_tube,True,0.0,1.0,1.0,0.35,0.35,0.35,0.35,"(1.0, 0.0, 0.0)","(0.0, 0.0, 0.0)",1000,relu,True,8,4,4,30004,40004,False,0.5,0.5,False,True,2000,0.01,torch.nn.Linear.reset_parameters: kaiming_uniform_(a=sqrt(5)); bias_uniform_bound=1/sqrt(fan_in),0.5773502691896257,1.0857592079555616
thick_tube,True,0.0,1.0,1.0,0.35,0.35,0.35,0.35,"(1.0, 0.0, 0.0)","(0.0, 0.0, 0.0)",1000,relu,True,8,4,5,30005,40005,False,0.5,0.5,False,True,2000,0.01,torch.nn.Linear.reset_parameters: kaiming_uniform_(a=sqrt(5)); bias_uniform_bound=1/sqrt(fan_in),0.5773502691896257,1.0949364169500768
thick_tube,True,0.0,1.0,1.0,0.35,0.35,0.35,0.35,"(1.0, 0.0, 0.0)","(0.0, 0.0, 0.0)",1000,relu,True,8,4,6,30006,40006,False,0.905,0.8915,False,False,2000,0.01,torch.nn.Linear.reset_parameters: kaiming_uniform_(a=sqrt(5)); bias_uniform_bound=1/sqrt(fan_in),0.5773502691896257,1.0726908339420334
thick_tube,True,0.0,1.0,1.0,0.35,0.35,0.35,0.35,"(1.0, 0.0, 0.0)","(0.0, 0.0, 0.0)",1000,relu,True,8,4,7,30007,40007,False,0.5,0.5,False,True,2000,0.01,torch.nn.Linear.reset_parameters: kaiming_uniform_(a=sqrt(5)); bias_uniform_bound=1/sqrt(fan_in),0.5773502691896257,1.0818321659462526
thick_tube,True,0.0,1.0,1.0,0.35,0.35,0.35,0.35,"(1.0, 0.0, 0.0)","(0.0, 0.0, 0.0)",1000,relu,True,8,4,8,30008,40008,False,0.5,0.5,False,True,2000,0.01,torch.nn.Linear.reset_parameters: kaiming_uniform_(a=sqrt(5)); bias_uniform_bound=1/sqrt(fan_in),0.5773502691896257,1.0795072909677401
thick_tube,True,0.0,1.0,1.0,0.35,0.35,0.35,0.35,"(1.0, 0.0, 0.0)","(0.0, 0.0, 0.0)",1000,relu,True,8,4,9,30009,40009,False,0.5,0.5,False,True,2000,0.01,torch.nn.Linear.reset_parameters: kaiming_uniform_(a=sqrt(5)); bias_uniform_bound=1/sqrt(fan_in),0.5773502691896257,1.0800412090029567
thick_tube,True,0.0,1.0,1.0,0.35,0.35,0.35,0.35,"(1.0, 0.0, 0.0)","(0.0, 0.0, 0.0)",1000,relu,True,12,3,0,30000,40000,False,0.5,0.5,False,True,2000,0.01,torch.nn.Linear.reset_parameters: kaiming_uniform_(a=sqrt(5)); bias_uniform_bound=1/sqrt(fan_in),0.5773502691896257,1.6802457910962403
thick_tube,True,0.0,1.0,1.0,0.35,0.35,0.35,0.35,"(1.0, 0.0, 0.0)","(0.0, 0.0, 0.0)",1000,relu,True,12,3,1,30001,40001,False,0.5,0.5,False,True,2000,0.01,torch.nn.Linear.reset_parameters: kaiming_uniform_(a=sqrt(5)); bias_uniform_bound=1/sqrt(fan_in),0.5773502691896257,1.6833248330513015
thick_tube,True,0.0,1.0,1.0,0.35,0.35,0.35,0.35,"(1.0, 0.0, 0.0)","(0.0, 0.0, 0.0)",1000,relu,True,12,3,2,30002,40002,False,0.5,0.5,False,True,2000,0.01,torch.nn.Linear.reset_parameters: kaiming_uniform_(a=sqrt(5)); bias_uniform_bound=1/sqrt(fan_in),0.5773502691896257,1.688933084020391
thick_tube,True,0.0,1.0,1.0,0.35,0.35,0.35,0.35,"(1.0, 0.0, 0.0)","(0.0, 0.0, 0.0)",1000,relu,True,12,3,3,30003,40003,False,0.5,0.5,False,True,2000,0.01,torch.nn.Linear.reset_parameters: kaiming_uniform_(a=sqrt(5)); bias_uniform_bound=1/sqrt(fan_in),0.5773502691896257,1.6740097500151023
thick_tube,True,0.0,1.0,1.0,0.35,0.35,0.35,0.35,"(1.0, 0.0, 0.0)","(0.0, 0.0, 0.0)",1000,relu,True,12,3,4,30004,40004,False,0.5,0.5,False,True,2000,0.01,torch.nn.Linear.reset_parameters: kaiming_uniform_(a=sqrt(5)); bias_uniform_bound=1/sqrt(fan_in),0.5773502691896257,1.6772922080708668
thick_tube,True,0.0,1.0,1.0,0.35,0.35,0.35,0.35,"(1.0, 0.0, 0.0)","(0.0, 0.0, 0.0)",1000,relu,True,12,3,5,30005,40005,False,0.5,0.5,False,True,2000,0.01,torch.nn.Linear.reset_parameters: kaiming_uniform_(a=sqrt(5)); bias_uniform_bound=1/sqrt(fan_in),0.5773502691896257,1.680277582956478
thick_tube,True,0.0,1.0,1.0,0.35,0.35,0.35,0.35,"(1.0, 0.0, 0.0)","(0.0, 0.0, 0.0)",1000,relu,True,12,3,6,30006,40006,False,0.5,0.5,False,True,2000,0.01,torch.nn.Linear.reset_parameters: kaiming_uniform_(a=sqrt(5)); bias_uniform_bound=1/sqrt(fan_in),0.5773502691896257,1.6744006660301238
thick_tube,True,0.0,1.0,1.0,0.35,0.35,0.35,0.35,"(1.0, 0.0, 0.0)","(0.0, 0.0, 0.0)",1000,relu,True,12,3,7,30007,40007,False,0.5,0.5,False,True,2000,0.01,torch.nn.Linear.reset_parameters: kaiming_uniform_(a=sqrt(5)); bias_uniform_bound=1/sqrt(fan_in),0.5773502691896257,1.6733378750504926
thick_tube,True,0.0,1.0,1.0,0.35,0.35,0.35,0.35,"(1.0, 0.0, 0.0)","(0.0, 0.0, 0.0)",1000,relu,True,12,3,8,30008,40008,False,0.5,0.5,False,True,2000,0.01,torch.nn.Linear.reset_parameters: kaiming_uniform_(a=sqrt(5)); bias_uniform_bound=1/sqrt(fan_in),0.5773502691896257,1.7370414159959182
thick_tube,True,0.0,1.0,1.0,0.35,0.35,0.35,0.35,"(1.0, 0.0, 0.0)","(0.0, 0.0, 0.0)",1000,relu,True,12,3,9,30009,40009,False,0.5,0.5,False,True,2000,0.01,torch.nn.Linear.reset_parameters: kaiming_uniform_(a=sqrt(5)); bias_uniform_bound=1/sqrt(fan_in),0.5773502691896257,1.6749915410764515
thick_tube,True,0.0,1.0,1.0,0.35,0.35,0.35,0.35,"(1.0, 0.0, 0.0)","(0.0, 0.0, 0.0)",1000,relu,True,12,4,0,30000,40000,False,0.5,0.5,False,True,2000,0.01,torch.nn.Linear.reset_parameters: kaiming_uniform_(a=sqrt(5)); bias_uniform_bound=1/sqrt(fan_in),0.5773502691896257,1.489180792006664
thick_tube,True,0.0,1.0,1.0,0.35,0.35,0.35,0.35,"(1.0, 0.0, 0.0)","(0.0, 0.0, 0.0)",1000,relu,True,12,4,1,30001,40001,False,0.5,0.5,False,True,2000,0.01,torch.nn.Linear.reset_parameters: kaiming_uniform_(a=sqrt(5)); bias_uniform_bound=1/sqrt(fan_in),0.5773502691896257,1.4812637080904096
thick_tube,True,0.0,1.0,1.0,0.35,0.35,0.35,0.35,"(1.0, 0.0, 0.0)","(0.0, 0.0, 0.0)",1000,relu,True,12,4,2,30002,40002,False,0.5,0.5,False,True,2000,0.01,torch.nn.Linear.reset_parameters: kaiming_uniform_(a=sqrt(5)); bias_uniform_bound=1/sqrt(fan_in),0.5773502691896257,1.4940346669172868
thick_tube,True,0.0,1.0,1.0,0.35,0.35,0.35,0.35,"(1.0, 0.0, 0.0)","(0.0, 0.0, 0.0)",1000,relu,True,12,4,3,30003,40003,False,0.5,0.5,False,True,2000,0.01,torch.nn.Linear.reset_parameters: kaiming_uniform_(a=sqrt(5)); bias_uniform_bound=1/sqrt(fan_in),0.5773502691896257,1.4892037080135196
thick_tube,True,0.0,1.0,1.0,0.35,0.35,0.35,0.35,"(1.0, 0.0, 0.0)","(0.0, 0.0, 0.0)",1000,relu,True,12,4,4,30004,40004,False,0.5,0.5,False,True,2000,0.01,torch.nn.Linear.reset_parameters: kaiming_uniform_(a=sqrt(5)); bias_uniform_bound=1/sqrt(fan_in),0.5773502691896257,1.4951706249266863
thick_tube,True,0.0,1.0,1.0,0.35,0.35,0.35,0.35,"(1.0, 0.0, 0.0)","(0.0, 0.0, 0.0)",1000,relu,True,12,4,5,30005,40005,True,1.0,1.0,True,False,2000,0.01,torch.nn.Linear.reset_parameters: kaiming_uniform_(a=sqrt(5)); bias_uniform_bound=1/sqrt(fan_in),0.5773502691896257,1.4865874169627205
thick_tube,True,0.0,1.0,1.0,0.35,0.35,0.35,0.35,"(1.0, 0.0, 0.0)","(0.0, 0.0, 0.0)",1000,relu,True,12,4,6,30006,40006,False,0.929,0.9205,False,False,2000,0.01,torch.nn.Linear.reset_parameters: kaiming_uniform_(a=sqrt(5)); bias_uniform_bound=1/sqrt(fan_in),0.5773502691896257,1.4948107089148834
thick_tube,True,0.0,1.0,1.0,0.35,0.35,0.35,0.35,"(1.0, 0.0, 0.0)","(0.0, 0.0, 0.0)",1000,relu,True,12,4,7,30007,40007,False,0.926,0.9255,False,False,2000,0.01,torch.nn.Linear.reset_parameters: kaiming_uniform_(a=sqrt(5)); bias_uniform_bound=1/sqrt(fan_in),0.5773502691896257,1.5047082910314202
thick_tube,True,0.0,1.0,1.0,0.35,0.35,0.35,0.35,"(1.0, 0.0, 0.0)","(0.0, 0.0, 0.0)",1000,relu,True,12,4,8,30008,40008,False,0.5,0.5,False,True,2000,0.01,torch.nn.Linear.reset_parameters: kaiming_uniform_(a=sqrt(5)); bias_uniform_bound=1/sqrt(fan_in),0.5773502691896257,1.496038957964629
thick_tube,True,0.0,1.0,1.0,0.35,0.35,0.35,0.35,"(1.0, 0.0, 0.0)","(0.0, 0.0, 0.0)",1000,relu,True,12,4,9,30009,40009,False,0.5,0.5,False,True,2000,0.01,torch.nn.Linear.reset_parameters: kaiming_uniform_(a=sqrt(5)); bias_uniform_bound=1/sqrt(fan_in),0.5773502691896257,1.4939571659779176
thick_tube,True,0.0,1.0,1.0,0.35,0.35,0.35,0.35,"(1.0, 0.0, 0.0)","(0.0, 0.0, 0.0)",1000,leaky_relu,True,3,3,0,30000,40000,False,0.94,0.9445,False,False,2000,0.01,torch.nn.Linear.reset_parameters: kaiming_uniform_(a=sqrt(5)); bias_uniform_bound=1/sqrt(fan_in),0.5773502691896257,0.6004580840235576
thick_tube,True,0.0,1.0,1.0,0.35,0.35,0.35,0.35,"(1.0, 0.0, 0.0)","(0.0, 0.0, 0.0)",1000,leaky_relu,True,3,3,1,30001,40001,False,0.992,0.993,False,False,2000,0.01,torch.nn.Linear.reset_parameters: kaiming_uniform_(a=sqrt(5)); bias_uniform_bound=1/sqrt(fan_in),0.5773502691896257,0.5980722079984844
thick_tube,True,0.0,1.0,1.0,0.35,0.35,0.35,0.35,"(1.0, 0.0, 0.0)","(0.0, 0.0, 0.0)",1000,leaky_relu,True,3,3,2,30002,40002,False,0.936,0.937,False,False,2000,0.01,torch.nn.Linear.reset_parameters: kaiming_uniform_(a=sqrt(5)); bias_uniform_bound=1/sqrt(fan_in),0.5773502691896257,0.6041656249435619
thick_tube,True,0.0,1.0,1.0,0.35,0.35,0.35,0.35,"(1.0, 0.0, 0.0)","(0.0, 0.0, 0.0)",1000,leaky_relu,True,3,3,3,30003,40003,False,0.9365,0.947,False,False,2000,0.01,torch.nn.Linear.reset_parameters: kaiming_uniform_(a=sqrt(5)); bias_uniform_bound=1/sqrt(fan_in),0.5773502691896257,0.5963962919777259
thick_tube,True,0.0,1.0,1.0,0.35,0.35,0.35,0.35,"(1.0, 0.0, 0.0)","(0.0, 0.0, 0.0)",1000,leaky_relu,True,3,3,4,30004,40004,False,0.9285,0.928,False,False,2000,0.01,torch.nn.Linear.reset_parameters: kaiming_uniform_(a=sqrt(5)); bias_uniform_bound=1/sqrt(fan_in),0.5773502691896257,0.5967729169642553
thick_tube,True,0.0,1.0,1.0,0.35,0.35,0.35,0.35,"(1.0, 0.0, 0.0)","(0.0, 0.0, 0.0)",1000,leaky_relu,True,3,3,5,30005,40005,False,0.9485,0.941,False,False,2000,0.01,torch.nn.Linear.reset_parameters: kaiming_uniform_(a=sqrt(5)); bias_uniform_bound=1/sqrt(fan_in),0.5773502691896257,0.6086847080150619
thick_tube,True,0.0,1.0,1.0,0.35,0.35,0.35,0.35,"(1.0, 0.0, 0.0)","(0.0, 0.0, 0.0)",1000,leaky_relu,True,3,3,6,30006,40006,False,0.947,0.937,False,False,2000,0.01,torch.nn.Linear.reset_parameters: kaiming_uniform_(a=sqrt(5)); bias_uniform_bound=1/sqrt(fan_in),0.5773502691896257,0.6242261249572039
thick_tube,True,0.0,1.0,1.0,0.35,0.35,0.35,0.35,"(1.0, 0.0, 0.0)","(0.0, 0.0, 0.0)",1000,leaky_relu,True,3,3,7,30007,40007,False,0.9255,0.936,False,False,2000,0.01,torch.nn.Linear.reset_parameters: kaiming_uniform_(a=sqrt(5)); bias_uniform_bound=1/sqrt(fan_in),0.5773502691896257,0.6164976670406759
thick_tube,True,0.0,1.0,1.0,0.35,0.35,0.35,0.35,"(1.0, 0.0, 0.0)","(0.0, 0.0, 0.0)",1000,leaky_relu,True,3,3,8,30008,40008,False,0.931,0.9315,False,False,2000,0.01,torch.nn.Linear.reset_parameters: kaiming_uniform_(a=sqrt(5)); bias_uniform_bound=1/sqrt(fan_in),0.5773502691896257,0.6207413750234991
thick_tube,True,0.0,1.0,1.0,0.35,0.35,0.35,0.35,"(1.0, 0.0, 0.0)","(0.0, 0.0, 0.0)",1000,leaky_relu,True,3,3,9,30009,40009,False,0.8935,0.8925,False,False,2000,0.01,torch.nn.Linear.reset_parameters: kaiming_uniform_(a=sqrt(5)); bias_uniform_bound=1/sqrt(fan_in),0.5773502691896257,0.6149092080304399
thick_tube,True,0.0,1.0,1.0,0.35,0.35,0.35,0.35,"(1.0, 0.0, 0.0)","(0.0, 0.0, 0.0)",1000,leaky_relu,True,3,4,0,30000,40000,True,1.0,1.0,True,False,2000,0.01,torch.nn.Linear.reset_parameters: kaiming_uniform_(a=sqrt(5)); bias_uniform_bound=1/sqrt(fan_in),0.5773502691896257,0.5936223750468343
thick_tube,True,0.0,1.0,1.0,0.35,0.35,0.35,0.35,"(1.0, 0.0, 0.0)","(0.0, 0.0, 0.0)",1000,leaky_relu,True,3,4,1,30001,40001,False,0.942,0.927,False,False,2000,0.01,torch.nn.Linear.reset_parameters: kaiming_uniform_(a=sqrt(5)); bias_uniform_bound=1/sqrt(fan_in),0.5773502691896257,0.6285469160648063
thick_tube,True,0.0,1.0,1.0,0.35,0.35,0.35,0.35,"(1.0, 0.0, 0.0)","(0.0, 0.0, 0.0)",1000,leaky_relu,True,3,4,2,30002,40002,False,0.9175,0.913,False,False,2000,0.01,torch.nn.Linear.reset_parameters: kaiming_uniform_(a=sqrt(5)); bias_uniform_bound=1/sqrt(fan_in),0.5773502691896257,0.5740492909681052
thick_tube,True,0.0,1.0,1.0,0.35,0.35,0.35,0.35,"(1.0, 0.0, 0.0)","(0.0, 0.0, 0.0)",1000,leaky_relu,True,3,4,3,30003,40003,False,0.936,0.9475,False,False,2000,0.01,torch.nn.Linear.reset_parameters: kaiming_uniform_(a=sqrt(5)); bias_uniform_bound=1/sqrt(fan_in),0.5773502691896257,0.566609250032343
thick_tube,True,0.0,1.0,1.0,0.35,0.35,0.35,0.35,"(1.0, 0.0, 0.0)","(0.0, 0.0, 0.0)",1000,leaky_relu,True,3,4,4,30004,40004,False,0.947,0.946,False,False,2000,0.01,torch.nn.Linear.reset_parameters: kaiming_uniform_(a=sqrt(5)); bias_uniform_bound=1/sqrt(fan_in),0.5773502691896257,0.5578907079761848
thick_tube,True,0.0,1.0,1.0,0.35,0.35,0.35,0.35,"(1.0, 0.0, 0.0)","(0.0, 0.0, 0.0)",1000,leaky_relu,True,3,4,5,30005,40005,False,0.9315,0.9235,False,False,2000,0.01,torch.nn.Linear.reset_parameters: kaiming_uniform_(a=sqrt(5)); bias_uniform_bound=1/sqrt(fan_in),0.5773502691896257,0.5619992919964716
thick_tube,True,0.0,1.0,1.0,0.35,0.35,0.35,0.35,"(1.0, 0.0, 0.0)","(0.0, 0.0, 0.0)",1000,leaky_relu,True,3,4,6,30006,40006,False,0.9415,0.932,False,False,2000,0.01,torch.nn.Linear.reset_parameters: kaiming_uniform_(a=sqrt(5)); bias_uniform_bound=1/sqrt(fan_in),0.5773502691896257,0.5589496659813449
thick_tube,True,0.0,1.0,1.0,0.35,0.35,0.35,0.35,"(1.0, 0.0, 0.0)","(0.0, 0.0, 0.0)",1000,leaky_relu,True,3,4,7,30007,40007,True,1.0,1.0,True,False,2000,0.01,torch.nn.Linear.reset_parameters: kaiming_uniform_(a=sqrt(5)); bias_uniform_bound=1/sqrt(fan_in),0.5773502691896257,0.5627104579471052
thick_tube,True,0.0,1.0,1.0,0.35,0.35,0.35,0.35,"(1.0, 0.0, 0.0)","(0.0, 0.0, 0.0)",1000,leaky_relu,True,3,4,8,30008,40008,False,0.942,0.944,False,False,2000,0.01,torch.nn.Linear.reset_parameters: kaiming_uniform_(a=sqrt(5)); bias_uniform_bound=1/sqrt(fan_in),0.5773502691896257,0.560927459038794
thick_tube,True,0.0,1.0,1.0,0.35,0.35,0.35,0.35,"(1.0, 0.0, 0.0)","(0.0, 0.0, 0.0)",1000,leaky_relu,True,3,4,9,30009,40009,False,0.9355,0.932,False,False,2000,0.01,torch.nn.Linear.reset_parameters: kaiming_uniform_(a=sqrt(5)); bias_uniform_bound=1/sqrt(fan_in),0.5773502691896257,0.5585589170223102
thick_tube,True,0.0,1.0,1.0,0.35,0.35,0.35,0.35,"(1.0, 0.0, 0.0)","(0.0, 0.0, 0.0)",1000,leaky_relu,True,5,3,0,30000,40000,False,0.915,0.913,False,False,2000,0.01,torch.nn.Linear.reset_parameters: kaiming_uniform_(a=sqrt(5)); bias_uniform_bound=1/sqrt(fan_in),0.5773502691896257,0.8447798331035301
thick_tube,True,0.0,1.0,1.0,0.35,0.35,0.35,0.35,"(1.0, 0.0, 0.0)","(0.0, 0.0, 0.0)",1000,leaky_relu,True,5,3,1,30001,40001,False,0.9945,0.987,False,False,2000,0.01,torch.nn.Linear.reset_parameters: kaiming_uniform_(a=sqrt(5)); bias_uniform_bound=1/sqrt(fan_in),0.5773502691896257,0.8415218329755589
thick_tube,True,0.0,1.0,1.0,0.35,0.35,0.35,0.35,"(1.0, 0.0, 0.0)","(0.0, 0.0, 0.0)",1000,leaky_relu,True,5,3,2,30002,40002,False,0.936,0.9345,False,False,2000,0.01,torch.nn.Linear.reset_parameters: kaiming_uniform_(a=sqrt(5)); bias_uniform_bound=1/sqrt(fan_in),0.5773502691896257,0.8467737920582294
thick_tube,True,0.0,1.0,1.0,0.35,0.35,0.35,0.35,"(1.0, 0.0, 0.0)","(0.0, 0.0, 0.0)",1000,leaky_relu,True,5,3,3,30003,40003,False,0.936,0.947,False,False,2000,0.01,torch.nn.Linear.reset_parameters: kaiming_uniform_(a=sqrt(5)); bias_uniform_bound=1/sqrt(fan_in),0.5773502691896257,0.8521306249313056
thick_tube,True,0.0,1.0,1.0,0.35,0.35,0.35,0.35,"(1.0, 0.0, 0.0)","(0.0, 0.0, 0.0)",1000,leaky_relu,True,5,3,4,30004,40004,False,0.928,0.925,False,False,2000,0.01,torch.nn.Linear.reset_parameters: kaiming_uniform_(a=sqrt(5)); bias_uniform_bound=1/sqrt(fan_in),0.5773502691896257,0.8446870000334457
thick_tube,True,0.0,1.0,1.0,0.35,0.35,0.35,0.35,"(1.0, 0.0, 0.0)","(0.0, 0.0, 0.0)",1000,leaky_relu,True,5,3,5,30005,40005,False,0.9545,0.945,False,False,2000,0.01,torch.nn.Linear.reset_parameters: kaiming_uniform_(a=sqrt(5)); bias_uniform_bound=1/sqrt(fan_in),0.5773502691896257,0.8507250839611515
thick_tube,True,0.0,1.0,1.0,0.35,0.35,0.35,0.35,"(1.0, 0.0, 0.0)","(0.0, 0.0, 0.0)",1000,leaky_relu,True,5,3,6,30006,40006,False,0.9385,0.933,False,False,2000,0.01,torch.nn.Linear.reset_parameters: kaiming_uniform_(a=sqrt(5)); bias_uniform_bound=1/sqrt(fan_in),0.5773502691896257,0.8491823750082403
thick_tube,True,0.0,1.0,1.0,0.35,0.35,0.35,0.35,"(1.0, 0.0, 0.0)","(0.0, 0.0, 0.0)",1000,leaky_relu,True,5,3,7,30007,40007,False,0.943,0.945,False,False,2000,0.01,torch.nn.Linear.reset_parameters: kaiming_uniform_(a=sqrt(5)); bias_uniform_bound=1/sqrt(fan_in),0.5773502691896257,0.8462954160058871
thick_tube,True,0.0,1.0,1.0,0.35,0.35,0.35,0.35,"(1.0, 0.0, 0.0)","(0.0, 0.0, 0.0)",1000,leaky_relu,True,5,3,8,30008,40008,False,0.946,0.944,False,False,2000,0.01,torch.nn.Linear.reset_parameters: kaiming_uniform_(a=sqrt(5)); bias_uniform_bound=1/sqrt(fan_in),0.5773502691896257,0.8457204999867827
thick_tube,True,0.0,1.0,1.0,0.35,0.35,0.35,0.35,"(1.0, 0.0, 0.0)","(0.0, 0.0, 0.0)",1000,leaky_relu,True,5,3,9,30009,40009,False,0.9285,0.9335,False,False,2000,0.01,torch.nn.Linear.reset_parameters: kaiming_uniform_(a=sqrt(5)); bias_uniform_bound=1/sqrt(fan_in),0.5773502691896257,0.9609146249713376
thick_tube,True,0.0,1.0,1.0,0.35,0.35,0.35,0.35,"(1.0, 0.0, 0.0)","(0.0, 0.0, 0.0)",1000,leaky_relu,True,5,4,0,30000,40000,False,0.9755,0.958,False,False,2000,0.01,torch.nn.Linear.reset_parameters: kaiming_uniform_(a=sqrt(5)); bias_uniform_bound=1/sqrt(fan_in),0.5773502691896257,0.7909262080211192
thick_tube,True,0.0,1.0,1.0,0.35,0.35,0.35,0.35,"(1.0, 0.0, 0.0)","(0.0, 0.0, 0.0)",1000,leaky_relu,True,5,4,1,30001,40001,False,0.991,0.982,False,False,2000,0.01,torch.nn.Linear.reset_parameters: kaiming_uniform_(a=sqrt(5)); bias_uniform_bound=1/sqrt(fan_in),0.5773502691896257,0.7772129169898108
thick_tube,True,0.0,1.0,1.0,0.35,0.35,0.35,0.35,"(1.0, 0.0, 0.0)","(0.0, 0.0, 0.0)",1000,leaky_relu,True,5,4,2,30002,40002,True,1.0,0.9955,False,False,2000,0.01,torch.nn.Linear.reset_parameters: kaiming_uniform_(a=sqrt(5)); bias_uniform_bound=1/sqrt(fan_in),0.5773502691896257,0.7757976670982316
thick_tube,True,0.0,1.0,1.0,0.35,0.35,0.35,0.35,"(1.0, 0.0, 0.0)","(0.0, 0.0, 0.0)",1000,leaky_relu,True,5,4,3,30003,40003,False,0.924,0.931,False,False,2000,0.01,torch.nn.Linear.reset_parameters: kaiming_uniform_(a=sqrt(5)); bias_uniform_bound=1/sqrt(fan_in),0.5773502691896257,0.7844040419440717
thick_tube,True,0.0,1.0,1.0,0.35,0.35,0.35,0.35,"(1.0, 0.0, 0.0)","(0.0, 0.0, 0.0)",1000,leaky_relu,True,5,4,4,30004,40004,False,0.94,0.942,False,False,2000,0.01,torch.nn.Linear.reset_parameters: kaiming_uniform_(a=sqrt(5)); bias_uniform_bound=1/sqrt(fan_in),0.5773502691896257,0.7889924170449376
thick_tube,True,0.0,1.0,1.0,0.35,0.35,0.35,0.35,"(1.0, 0.0, 0.0)","(0.0, 0.0, 0.0)",1000,leaky_relu,True,5,4,5,30005,40005,False,0.933,0.9235,False,False,2000,0.01,torch.nn.Linear.reset_parameters: kaiming_uniform_(a=sqrt(5)); bias_uniform_bound=1/sqrt(fan_in),0.5773502691896257,0.7665121250320226
thick_tube,True,0.0,1.0,1.0,0.35,0.35,0.35,0.35,"(1.0, 0.0, 0.0)","(0.0, 0.0, 0.0)",1000,leaky_relu,True,5,4,6,30006,40006,True,1.0,1.0,True,False,2000,0.01,torch.nn.Linear.reset_parameters: kaiming_uniform_(a=sqrt(5)); bias_uniform_bound=1/sqrt(fan_in),0.5773502691896257,0.7743994999909773
thick_tube,True,0.0,1.0,1.0,0.35,0.35,0.35,0.35,"(1.0, 0.0, 0.0)","(0.0, 0.0, 0.0)",1000,leaky_relu,True,5,4,7,30007,40007,False,0.9185,0.919,False,False,2000,0.01,torch.nn.Linear.reset_parameters: kaiming_uniform_(a=sqrt(5)); bias_uniform_bound=1/sqrt(fan_in),0.5773502691896257,0.7712647500447929
thick_tube,True,0.0,1.0,1.0,0.35,0.35,0.35,0.35,"(1.0, 0.0, 0.0)","(0.0, 0.0, 0.0)",1000,leaky_relu,True,5,4,8,30008,40008,False,0.942,0.9375,False,False,2000,0.01,torch.nn.Linear.reset_parameters: kaiming_uniform_(a=sqrt(5)); bias_uniform_bound=1/sqrt(fan_in),0.5773502691896257,0.7771611670032144
thick_tube,True,0.0,1.0,1.0,0.35,0.35,0.35,0.35,"(1.0, 0.0, 0.0)","(0.0, 0.0, 0.0)",1000,leaky_relu,True,5,4,9,30009,40009,False,0.9385,0.9365,False,False,2000,0.01,torch.nn.Linear.reset_parameters: kaiming_uniform_(a=sqrt(5)); bias_uniform_bound=1/sqrt(fan_in),0.5773502691896257,0.7727463329210877
thick_tube,True,0.0,1.0,1.0,0.35,0.35,0.35,0.35,"(1.0, 0.0, 0.0)","(0.0, 0.0, 0.0)",1000,leaky_relu,True,8,3,0,30000,40000,False,0.9405,0.9455,False,False,2000,0.01,torch.nn.Linear.reset_parameters: kaiming_uniform_(a=sqrt(5)); bias_uniform_bound=1/sqrt(fan_in),0.5773502691896257,1.2157593329902738
thick_tube,True,0.0,1.0,1.0,0.35,0.35,0.35,0.35,"(1.0, 0.0, 0.0)","(0.0, 0.0, 0.0)",1000,leaky_relu,True,8,3,1,30001,40001,False,0.9915,0.989,False,False,2000,0.01,torch.nn.Linear.reset_parameters: kaiming_uniform_(a=sqrt(5)); bias_uniform_bound=1/sqrt(fan_in),0.5773502691896257,1.2581361250486225
thick_tube,True,0.0,1.0,1.0,0.35,0.35,0.35,0.35,"(1.0, 0.0, 0.0)","(0.0, 0.0, 0.0)",1000,leaky_relu,True,8,3,2,30002,40002,False,0.929,0.9215,False,False,2000,0.01,torch.nn.Linear.reset_parameters: kaiming_uniform_(a=sqrt(5)); bias_uniform_bound=1/sqrt(fan_in),0.5773502691896257,1.2613006249302998
thick_tube,True,0.0,1.0,1.0,0.35,0.35,0.35,0.35,"(1.0, 0.0, 0.0)","(0.0, 0.0, 0.0)",1000,leaky_relu,True,8,3,3,30003,40003,False,0.9345,0.938,False,False,2000,0.01,torch.nn.Linear.reset_parameters: kaiming_uniform_(a=sqrt(5)); bias_uniform_bound=1/sqrt(fan_in),0.5773502691896257,1.3317258330062032
thick_tube,True,0.0,1.0,1.0,0.35,0.35,0.35,0.35,"(1.0, 0.0, 0.0)","(0.0, 0.0, 0.0)",1000,leaky_relu,True,8,3,4,30004,40004,False,0.954,0.9355,False,False,2000,0.01,torch.nn.Linear.reset_parameters: kaiming_uniform_(a=sqrt(5)); bias_uniform_bound=1/sqrt(fan_in),0.5773502691896257,1.340369625017047
thick_tube,True,0.0,1.0,1.0,0.35,0.35,0.35,0.35,"(1.0, 0.0, 0.0)","(0.0, 0.0, 0.0)",1000,leaky_relu,True,8,3,5,30005,40005,False,0.943,0.9385,False,False,2000,0.01,torch.nn.Linear.reset_parameters: kaiming_uniform_(a=sqrt(5)); bias_uniform_bound=1/sqrt(fan_in),0.5773502691896257,1.336685249931179
thick_tube,True,0.0,1.0,1.0,0.35,0.35,0.35,0.35,"(1.0, 0.0, 0.0)","(0.0, 0.0, 0.0)",1000,leaky_relu,True,8,3,6,30006,40006,False,0.948,0.94,False,False,2000,0.01,torch.nn.Linear.reset_parameters: kaiming_uniform_(a=sqrt(5)); bias_uniform_bound=1/sqrt(fan_in),0.5773502691896257,1.279542291071266
thick_tube,True,0.0,1.0,1.0,0.35,0.35,0.35,0.35,"(1.0, 0.0, 0.0)","(0.0, 0.0, 0.0)",1000,leaky_relu,True,8,3,7,30007,40007,False,0.941,0.9455,False,False,2000,0.01,torch.nn.Linear.reset_parameters: kaiming_uniform_(a=sqrt(5)); bias_uniform_bound=1/sqrt(fan_in),0.5773502691896257,1.2194855830166489
thick_tube,True,0.0,1.0,1.0,0.35,0.35,0.35,0.35,"(1.0, 0.0, 0.0)","(0.0, 0.0, 0.0)",1000,leaky_relu,True,8,3,8,30008,40008,False,0.948,0.9425,False,False,2000,0.01,torch.nn.Linear.reset_parameters: kaiming_uniform_(a=sqrt(5)); bias_uniform_bound=1/sqrt(fan_in),0.5773502691896257,1.2112569999881089
thick_tube,True,0.0,1.0,1.0,0.35,0.35,0.35,0.35,"(1.0, 0.0, 0.0)","(0.0, 0.0, 0.0)",1000,leaky_relu,True,8,3,9,30009,40009,False,0.916,0.9275,False,False,2000,0.01,torch.nn.Linear.reset_parameters: kaiming_uniform_(a=sqrt(5)); bias_uniform_bound=1/sqrt(fan_in),0.5773502691896257,1.206629874999635
thick_tube,True,0.0,1.0,1.0,0.35,0.35,0.35,0.35,"(1.0, 0.0, 0.0)","(0.0, 0.0, 0.0)",1000,leaky_relu,True,8,4,0,30000,40000,False,0.924,0.908,False,False,2000,0.01,torch.nn.Linear.reset_parameters: kaiming_uniform_(a=sqrt(5)); bias_uniform_bound=1/sqrt(fan_in),0.5773502691896257,1.0898763749282807
thick_tube,True,0.0,1.0,1.0,0.35,0.35,0.35,0.35,"(1.0, 0.0, 0.0)","(0.0, 0.0, 0.0)",1000,leaky_relu,True,8,4,1,30001,40001,False,0.939,0.949,False,False,2000,0.01,torch.nn.Linear.reset_parameters: kaiming_uniform_(a=sqrt(5)); bias_uniform_bound=1/sqrt(fan_in),0.5773502691896257,1.0872155830729753
thick_tube,True,0.0,1.0,1.0,0.35,0.35,0.35,0.35,"(1.0, 0.0, 0.0)","(0.0, 0.0, 0.0)",1000,leaky_relu,True,8,4,2,30002,40002,True,1.0,0.999,False,False,2000,0.01,torch.nn.Linear.reset_parameters: kaiming_uniform_(a=sqrt(5)); bias_uniform_bound=1/sqrt(fan_in),0.5773502691896257,1.0900469589978456
thick_tube,True,0.0,1.0,1.0,0.35,0.35,0.35,0.35,"(1.0, 0.0, 0.0)","(0.0, 0.0, 0.0)",1000,leaky_relu,True,8,4,3,30003,40003,True,1.0,0.9925,False,False,2000,0.01,torch.nn.Linear.reset_parameters: kaiming_uniform_(a=sqrt(5)); bias_uniform_bound=1/sqrt(fan_in),0.5773502691896257,1.0854370000306517
thick_tube,True,0.0,1.0,1.0,0.35,0.35,0.35,0.35,"(1.0, 0.0, 0.0)","(0.0, 0.0, 0.0)",1000,leaky_relu,True,8,4,4,30004,40004,True,1.0,0.999,False,False,2000,0.01,torch.nn.Linear.reset_parameters: kaiming_uniform_(a=sqrt(5)); bias_uniform_bound=1/sqrt(fan_in),0.5773502691896257,1.0924532919889316
thick_tube,True,0.0,1.0,1.0,0.35,0.35,0.35,0.35,"(1.0, 0.0, 0.0)","(0.0, 0.0, 0.0)",1000,leaky_relu,True,8,4,5,30005,40005,False,0.987,0.977,False,False,2000,0.01,torch.nn.Linear.reset_parameters: kaiming_uniform_(a=sqrt(5)); bias_uniform_bound=1/sqrt(fan_in),0.5773502691896257,1.0847572080092505
thick_tube,True,0.0,1.0,1.0,0.35,0.35,0.35,0.35,"(1.0, 0.0, 0.0)","(0.0, 0.0, 0.0)",1000,leaky_relu,True,8,4,6,30006,40006,True,1.0,0.9965,False,False,2000,0.01,torch.nn.Linear.reset_parameters: kaiming_uniform_(a=sqrt(5)); bias_uniform_bound=1/sqrt(fan_in),0.5773502691896257,1.088554291985929
thick_tube,True,0.0,1.0,1.0,0.35,0.35,0.35,0.35,"(1.0, 0.0, 0.0)","(0.0, 0.0, 0.0)",1000,leaky_relu,True,8,4,7,30007,40007,False,0.906,0.9095,False,False,2000,0.01,torch.nn.Linear.reset_parameters: kaiming_uniform_(a=sqrt(5)); bias_uniform_bound=1/sqrt(fan_in),0.5773502691896257,1.0852931659901515
thick_tube,True,0.0,1.0,1.0,0.35,0.35,0.35,0.35,"(1.0, 0.0, 0.0)","(0.0, 0.0, 0.0)",1000,leaky_relu,True,8,4,8,30008,40008,False,0.936,0.9325,False,False,2000,0.01,torch.nn.Linear.reset_parameters: kaiming_uniform_(a=sqrt(5)); bias_uniform_bound=1/sqrt(fan_in),0.5773502691896257,1.0890800410415977
thick_tube,True,0.0,1.0,1.0,0.35,0.35,0.35,0.35,"(1.0, 0.0, 0.0)","(0.0, 0.0, 0.0)",1000,leaky_relu,True,8,4,9,30009,40009,False,0.939,0.9415,False,False,2000,0.01,torch.nn.Linear.reset_parameters: kaiming_uniform_(a=sqrt(5)); bias_uniform_bound=1/sqrt(fan_in),0.5773502691896257,1.0934645830420777
thick_tube,True,0.0,1.0,1.0,0.35,0.35,0.35,0.35,"(1.0, 0.0, 0.0)","(0.0, 0.0, 0.0)",1000,leaky_relu,True,12,3,0,30000,40000,False,0.5,0.5,False,True,2000,0.01,torch.nn.Linear.reset_parameters: kaiming_uniform_(a=sqrt(5)); bias_uniform_bound=1/sqrt(fan_in),0.5773502691896257,1.7039406249532476
thick_tube,True,0.0,1.0,1.0,0.35,0.35,0.35,0.35,"(1.0, 0.0, 0.0)","(0.0, 0.0, 0.0)",1000,leaky_relu,True,12,3,1,30001,40001,False,0.5,0.5,False,True,2000,0.01,torch.nn.Linear.reset_parameters: kaiming_uniform_(a=sqrt(5)); bias_uniform_bound=1/sqrt(fan_in),0.5773502691896257,1.6938466670690104
thick_tube,True,0.0,1.0,1.0,0.35,0.35,0.35,0.35,"(1.0, 0.0, 0.0)","(0.0, 0.0, 0.0)",1000,leaky_relu,True,12,3,2,30002,40002,False,0.9335,0.919,False,False,2000,0.01,torch.nn.Linear.reset_parameters: kaiming_uniform_(a=sqrt(5)); bias_uniform_bound=1/sqrt(fan_in),0.5773502691896257,1.6913464170647785
thick_tube,True,0.0,1.0,1.0,0.35,0.35,0.35,0.35,"(1.0, 0.0, 0.0)","(0.0, 0.0, 0.0)",1000,leaky_relu,True,12,3,3,30003,40003,False,0.932,0.942,False,False,2000,0.01,torch.nn.Linear.reset_parameters: kaiming_uniform_(a=sqrt(5)); bias_uniform_bound=1/sqrt(fan_in),0.5773502691896257,1.6999355419538915
thick_tube,True,0.0,1.0,1.0,0.35,0.35,0.35,0.35,"(1.0, 0.0, 0.0)","(0.0, 0.0, 0.0)",1000,leaky_relu,True,12,3,4,30004,40004,False,0.9315,0.9225,False,False,2000,0.01,torch.nn.Linear.reset_parameters: kaiming_uniform_(a=sqrt(5)); bias_uniform_bound=1/sqrt(fan_in),0.5773502691896257,1.6951537079876289
thick_tube,True,0.0,1.0,1.0,0.35,0.35,0.35,0.35,"(1.0, 0.0, 0.0)","(0.0, 0.0, 0.0)",1000,leaky_relu,True,12,3,5,30005,40005,False,0.9505,0.941,False,False,2000,0.01,torch.nn.Linear.reset_parameters: kaiming_uniform_(a=sqrt(5)); bias_uniform_bound=1/sqrt(fan_in),0.5773502691896257,1.6912776249228045
thick_tube,True,0.0,1.0,1.0,0.35,0.35,0.35,0.35,"(1.0, 0.0, 0.0)","(0.0, 0.0, 0.0)",1000,leaky_relu,True,12,3,6,30006,40006,False,0.5,0.5,False,True,2000,0.01,torch.nn.Linear.reset_parameters: kaiming_uniform_(a=sqrt(5)); bias_uniform_bound=1/sqrt(fan_in),0.5773502691896257,1.7357428329996765
thick_tube,True,0.0,1.0,1.0,0.35,0.35,0.35,0.35,"(1.0, 0.0, 0.0)","(0.0, 0.0, 0.0)",1000,leaky_relu,True,12,3,7,30007,40007,False,0.943,0.9445,False,False,2000,0.01,torch.nn.Linear.reset_parameters: kaiming_uniform_(a=sqrt(5)); bias_uniform_bound=1/sqrt(fan_in),0.5773502691896257,1.6898854160681367
thick_tube,True,0.0,1.0,1.0,0.35,0.35,0.35,0.35,"(1.0, 0.0, 0.0)","(0.0, 0.0, 0.0)",1000,leaky_relu,True,12,3,8,30008,40008,False,0.916,0.914,False,False,2000,0.01,torch.nn.Linear.reset_parameters: kaiming_uniform_(a=sqrt(5)); bias_uniform_bound=1/sqrt(fan_in),0.5773502691896257,1.7100871249567717
thick_tube,True,0.0,1.0,1.0,0.35,0.35,0.35,0.35,"(1.0, 0.0, 0.0)","(0.0, 0.0, 0.0)",1000,leaky_relu,True,12,3,9,30009,40009,False,0.916,0.92,False,False,2000,0.01,torch.nn.Linear.reset_parameters: kaiming_uniform_(a=sqrt(5)); bias_uniform_bound=1/sqrt(fan_in),0.5773502691896257,1.7103815419832245
thick_tube,True,0.0,1.0,1.0,0.35,0.35,0.35,0.35,"(1.0, 0.0, 0.0)","(0.0, 0.0, 0.0)",1000,leaky_relu,True,12,4,0,30000,40000,False,0.999,0.992,False,False,2000,0.01,torch.nn.Linear.reset_parameters: kaiming_uniform_(a=sqrt(5)); bias_uniform_bound=1/sqrt(fan_in),0.5773502691896257,1.4995770420646295
thick_tube,True,0.0,1.0,1.0,0.35,0.35,0.35,0.35,"(1.0, 0.0, 0.0)","(0.0, 0.0, 0.0)",1000,leaky_relu,True,12,4,1,30001,40001,False,0.934,0.946,False,False,2000,0.01,torch.nn.Linear.reset_parameters: kaiming_uniform_(a=sqrt(5)); bias_uniform_bound=1/sqrt(fan_in),0.5773502691896257,1.5024186669616029
thick_tube,True,0.0,1.0,1.0,0.35,0.35,0.35,0.35,"(1.0, 0.0, 0.0)","(0.0, 0.0, 0.0)",1000,leaky_relu,True,12,4,2,30002,40002,False,0.9375,0.9365,False,False,2000,0.01,torch.nn.Linear.reset_parameters: kaiming_uniform_(a=sqrt(5)); bias_uniform_bound=1/sqrt(fan_in),0.5773502691896257,1.578817249974236
thick_tube,True,0.0,1.0,1.0,0.35,0.35,0.35,0.35,"(1.0, 0.0, 0.0)","(0.0, 0.0, 0.0)",1000,leaky_relu,True,12,4,3,30003,40003,False,0.982,0.9755,False,False,2000,0.01,torch.nn.Linear.reset_parameters: kaiming_uniform_(a=sqrt(5)); bias_uniform_bound=1/sqrt(fan_in),0.5773502691896257,1.500023000058718
thick_tube,True,0.0,1.0,1.0,0.35,0.35,0.35,0.35,"(1.0, 0.0, 0.0)","(0.0, 0.0, 0.0)",1000,leaky_relu,True,12,4,4,30004,40004,False,0.9975,0.991,False,False,2000,0.01,torch.nn.Linear.reset_parameters: kaiming_uniform_(a=sqrt(5)); bias_uniform_bound=1/sqrt(fan_in),0.5773502691896257,1.513598334044218
thick_tube,True,0.0,1.0,1.0,0.35,0.35,0.35,0.35,"(1.0, 0.0, 0.0)","(0.0, 0.0, 0.0)",1000,leaky_relu,True,12,4,5,30005,40005,False,0.9525,0.94,False,False,2000,0.01,torch.nn.Linear.reset_parameters: kaiming_uniform_(a=sqrt(5)); bias_uniform_bound=1/sqrt(fan_in),0.5773502691896257,1.5056117500644177
thick_tube,True,0.0,1.0,1.0,0.35,0.35,0.35,0.35,"(1.0, 0.0, 0.0)","(0.0, 0.0, 0.0)",1000,leaky_relu,True,12,4,6,30006,40006,True,1.0,0.9955,False,False,2000,0.01,torch.nn.Linear.reset_parameters: kaiming_uniform_(a=sqrt(5)); bias_uniform_bound=1/sqrt(fan_in),0.5773502691896257,1.5011367500992492
thick_tube,True,0.0,1.0,1.0,0.35,0.35,0.35,0.35,"(1.0, 0.0, 0.0)","(0.0, 0.0, 0.0)",1000,leaky_relu,True,12,4,7,30007,40007,False,0.926,0.9255,False,False,2000,0.01,torch.nn.Linear.reset_parameters: kaiming_uniform_(a=sqrt(5)); bias_uniform_bound=1/sqrt(fan_in),0.5773502691896257,1.5190204170066863
thick_tube,True,0.0,1.0,1.0,0.35,0.35,0.35,0.35,"(1.0, 0.0, 0.0)","(0.0, 0.0, 0.0)",1000,leaky_relu,True,12,4,8,30008,40008,False,0.944,0.94,False,False,2000,0.01,torch.nn.Linear.reset_parameters: kaiming_uniform_(a=sqrt(5)); bias_uniform_bound=1/sqrt(fan_in),0.5773502691896257,1.5116940829902887
thick_tube,True,0.0,1.0,1.0,0.35,0.35,0.35,0.35,"(1.0, 0.0, 0.0)","(0.0, 0.0, 0.0)",1000,leaky_relu,True,12,4,9,30009,40009,False,0.935,0.9445,False,False,2000,0.01,torch.nn.Linear.reset_parameters: kaiming_uniform_(a=sqrt(5)); bias_uniform_bound=1/sqrt(fan_in),0.5773502691896257,1.5117733749793842
thick_tube,True,0.0,1.0,1.0,0.35,0.35,0.35,0.35,"(1.0, 0.0, 0.0)","(0.0, 0.0, 0.0)",1000,gelu,False,3,3,0,30000,40000,False,0.917,0.9275,False,False,2000,0.01,torch.nn.Linear.reset_parameters: kaiming_uniform_(a=sqrt(5)); bias_uniform_bound=1/sqrt(fan_in),0.5773502691896257,0.6561879159417003
thick_tube,True,0.0,1.0,1.0,0.35,0.35,0.35,0.35,"(1.0, 0.0, 0.0)","(0.0, 0.0, 0.0)",1000,gelu,False,3,3,1,30001,40001,True,1.0,1.0,True,False,2000,0.01,torch.nn.Linear.reset_parameters: kaiming_uniform_(a=sqrt(5)); bias_uniform_bound=1/sqrt(fan_in),0.5773502691896257,0.6681537500116974
thick_tube,True,0.0,1.0,1.0,0.35,0.35,0.35,0.35,"(1.0, 0.0, 0.0)","(0.0, 0.0, 0.0)",1000,gelu,False,3,3,2,30002,40002,False,0.9425,0.931,False,False,2000,0.01,torch.nn.Linear.reset_parameters: kaiming_uniform_(a=sqrt(5)); bias_uniform_bound=1/sqrt(fan_in),0.5773502691896257,0.6633188750129193
thick_tube,True,0.0,1.0,1.0,0.35,0.35,0.35,0.35,"(1.0, 0.0, 0.0)","(0.0, 0.0, 0.0)",1000,gelu,False,3,3,3,30003,40003,False,0.9355,0.947,False,False,2000,0.01,torch.nn.Linear.reset_parameters: kaiming_uniform_(a=sqrt(5)); bias_uniform_bound=1/sqrt(fan_in),0.5773502691896257,0.6584926249925047
thick_tube,True,0.0,1.0,1.0,0.35,0.35,0.35,0.35,"(1.0, 0.0, 0.0)","(0.0, 0.0, 0.0)",1000,gelu,False,3,3,4,30004,40004,False,0.928,0.927,False,False,2000,0.01,torch.nn.Linear.reset_parameters: kaiming_uniform_(a=sqrt(5)); bias_uniform_bound=1/sqrt(fan_in),0.5773502691896257,0.6590994580183178
thick_tube,True,0.0,1.0,1.0,0.35,0.35,0.35,0.35,"(1.0, 0.0, 0.0)","(0.0, 0.0, 0.0)",1000,gelu,False,3,3,5,30005,40005,False,0.956,0.95,False,False,2000,0.01,torch.nn.Linear.reset_parameters: kaiming_uniform_(a=sqrt(5)); bias_uniform_bound=1/sqrt(fan_in),0.5773502691896257,0.6610306249931455
thick_tube,True,0.0,1.0,1.0,0.35,0.35,0.35,0.35,"(1.0, 0.0, 0.0)","(0.0, 0.0, 0.0)",1000,gelu,False,3,3,6,30006,40006,False,0.948,0.9445,False,False,2000,0.01,torch.nn.Linear.reset_parameters: kaiming_uniform_(a=sqrt(5)); bias_uniform_bound=1/sqrt(fan_in),0.5773502691896257,0.6600097910268232
thick_tube,True,0.0,1.0,1.0,0.35,0.35,0.35,0.35,"(1.0, 0.0, 0.0)","(0.0, 0.0, 0.0)",1000,gelu,False,3,3,7,30007,40007,False,0.9145,0.923,False,False,2000,0.01,torch.nn.Linear.reset_parameters: kaiming_uniform_(a=sqrt(5)); bias_uniform_bound=1/sqrt(fan_in),0.5773502691896257,0.6939495420083404
thick_tube,True,0.0,1.0,1.0,0.35,0.35,0.35,0.35,"(1.0, 0.0, 0.0)","(0.0, 0.0, 0.0)",1000,gelu,False,3,3,8,30008,40008,False,0.921,0.9205,False,False,2000,0.01,torch.nn.Linear.reset_parameters: kaiming_uniform_(a=sqrt(5)); bias_uniform_bound=1/sqrt(fan_in),0.5773502691896257,0.6598654999397695
thick_tube,True,0.0,1.0,1.0,0.35,0.35,0.35,0.35,"(1.0, 0.0, 0.0)","(0.0, 0.0, 0.0)",1000,gelu,False,3,3,9,30009,40009,False,0.9145,0.9295,False,False,2000,0.01,torch.nn.Linear.reset_parameters: kaiming_uniform_(a=sqrt(5)); bias_uniform_bound=1/sqrt(fan_in),0.5773502691896257,0.653324417071417
thick_tube,True,0.0,1.0,1.0,0.35,0.35,0.35,0.35,"(1.0, 0.0, 0.0)","(0.0, 0.0, 0.0)",1000,gelu,False,3,4,0,30000,40000,True,1.0,1.0,True,False,2000,0.01,torch.nn.Linear.reset_parameters: kaiming_uniform_(a=sqrt(5)); bias_uniform_bound=1/sqrt(fan_in),0.5773502691896257,0.6384652919368818
thick_tube,True,0.0,1.0,1.0,0.35,0.35,0.35,0.35,"(1.0, 0.0, 0.0)","(0.0, 0.0, 0.0)",1000,gelu,False,3,4,1,30001,40001,True,1.0,1.0,True,False,2000,0.01,torch.nn.Linear.reset_parameters: kaiming_uniform_(a=sqrt(5)); bias_uniform_bound=1/sqrt(fan_in),0.5773502691896257,0.636532458011061
thick_tube,True,0.0,1.0,1.0,0.35,0.35,0.35,0.35,"(1.0, 0.0, 0.0)","(0.0, 0.0, 0.0)",1000,gelu,False,3,4,2,30002,40002,True,1.0,1.0,True,False,2000,0.01,torch.nn.Linear.reset_parameters: kaiming_uniform_(a=sqrt(5)); bias_uniform_bound=1/sqrt(fan_in),0.5773502691896257,0.6378030839841813
thick_tube,True,0.0,1.0,1.0,0.35,0.35,0.35,0.35,"(1.0, 0.0, 0.0)","(0.0, 0.0, 0.0)",1000,gelu,False,3,4,3,30003,40003,True,1.0,0.999,False,False,2000,0.01,torch.nn.Linear.reset_parameters: kaiming_uniform_(a=sqrt(5)); bias_uniform_bound=1/sqrt(fan_in),0.5773502691896257,0.6414289170643315
thick_tube,True,0.0,1.0,1.0,0.35,0.35,0.35,0.35,"(1.0, 0.0, 0.0)","(0.0, 0.0, 0.0)",1000,gelu,False,3,4,4,30004,40004,False,0.9255,0.926,False,False,2000,0.01,torch.nn.Linear.reset_parameters: kaiming_uniform_(a=sqrt(5)); bias_uniform_bound=1/sqrt(fan_in),0.5773502691896257,0.6341669999528676
thick_tube,True,0.0,1.0,1.0,0.35,0.35,0.35,0.35,"(1.0, 0.0, 0.0)","(0.0, 0.0, 0.0)",1000,gelu,False,3,4,5,30005,40005,True,1.0,1.0,True,False,2000,0.01,torch.nn.Linear.reset_parameters: kaiming_uniform_(a=sqrt(5)); bias_uniform_bound=1/sqrt(fan_in),0.5773502691896257,0.6400075829587877
thick_tube,True,0.0,1.0,1.0,0.35,0.35,0.35,0.35,"(1.0, 0.0, 0.0)","(0.0, 0.0, 0.0)",1000,gelu,False,3,4,6,30006,40006,True,1.0,1.0,True,False,2000,0.01,torch.nn.Linear.reset_parameters: kaiming_uniform_(a=sqrt(5)); bias_uniform_bound=1/sqrt(fan_in),0.5773502691896257,0.6340181669220328
thick_tube,True,0.0,1.0,1.0,0.35,0.35,0.35,0.35,"(1.0, 0.0, 0.0)","(0.0, 0.0, 0.0)",1000,gelu,False,3,4,7,30007,40007,True,1.0,1.0,True,False,2000,0.01,torch.nn.Linear.reset_parameters: kaiming_uniform_(a=sqrt(5)); bias_uniform_bound=1/sqrt(fan_in),0.5773502691896257,0.6365885419072583
thick_tube,True,0.0,1.0,1.0,0.35,0.35,0.35,0.35,"(1.0, 0.0, 0.0)","(0.0, 0.0, 0.0)",1000,gelu,False,3,4,8,30008,40008,True,1.0,1.0,True,False,2000,0.01,torch.nn.Linear.reset_parameters: kaiming_uniform_(a=sqrt(5)); bias_uniform_bound=1/sqrt(fan_in),0.5773502691896257,0.632424124982208
thick_tube,True,0.0,1.0,1.0,0.35,0.35,0.35,0.35,"(1.0, 0.0, 0.0)","(0.0, 0.0, 0.0)",1000,gelu,False,3,4,9,30009,40009,True,1.0,0.9995,False,False,2000,0.01,torch.nn.Linear.reset_parameters: kaiming_uniform_(a=sqrt(5)); bias_uniform_bound=1/sqrt(fan_in),0.5773502691896257,0.6400273329345509
thick_tube,True,0.0,1.0,1.0,0.35,0.35,0.35,0.35,"(1.0, 0.0, 0.0)","(0.0, 0.0, 0.0)",1000,gelu,False,5,3,0,30000,40000,True,1.0,0.9995,False,False,2000,0.01,torch.nn.Linear.reset_parameters: kaiming_uniform_(a=sqrt(5)); bias_uniform_bound=1/sqrt(fan_in),0.5773502691896257,0.9508068329887465
thick_tube,True,0.0,1.0,1.0,0.35,0.35,0.35,0.35,"(1.0, 0.0, 0.0)","(0.0, 0.0, 0.0)",1000,gelu,False,5,3,1,30001,40001,True,1.0,0.9995,False,False,2000,0.01,torch.nn.Linear.reset_parameters: kaiming_uniform_(a=sqrt(5)); bias_uniform_bound=1/sqrt(fan_in),0.5773502691896257,0.953158958000131
thick_tube,True,0.0,1.0,1.0,0.35,0.35,0.35,0.35,"(1.0, 0.0, 0.0)","(0.0, 0.0, 0.0)",1000,gelu,False,5,3,2,30002,40002,False,0.97,0.9485,False,False,2000,0.01,torch.nn.Linear.reset_parameters: kaiming_uniform_(a=sqrt(5)); bias_uniform_bound=1/sqrt(fan_in),0.5773502691896257,0.9470151669811457
thick_tube,True,0.0,1.0,1.0,0.35,0.35,0.35,0.35,"(1.0, 0.0, 0.0)","(0.0, 0.0, 0.0)",1000,gelu,False,5,3,3,30003,40003,False,0.9405,0.9475,False,False,2000,0.01,torch.nn.Linear.reset_parameters: kaiming_uniform_(a=sqrt(5)); bias_uniform_bound=1/sqrt(fan_in),0.5773502691896257,0.9585128329927102
thick_tube,True,0.0,1.0,1.0,0.35,0.35,0.35,0.35,"(1.0, 0.0, 0.0)","(0.0, 0.0, 0.0)",1000,gelu,False,5,3,4,30004,40004,False,0.94,0.9435,False,False,2000,0.01,torch.nn.Linear.reset_parameters: kaiming_uniform_(a=sqrt(5)); bias_uniform_bound=1/sqrt(fan_in),0.5773502691896257,0.9495153750758618
thick_tube,True,0.0,1.0,1.0,0.35,0.35,0.35,0.35,"(1.0, 0.0, 0.0)","(0.0, 0.0, 0.0)",1000,gelu,False,5,3,5,30005,40005,True,1.0,0.998,False,False,2000,0.01,torch.nn.Linear.reset_parameters: kaiming_uniform_(a=sqrt(5)); bias_uniform_bound=1/sqrt(fan_in),0.5773502691896257,0.9775529579492286
thick_tube,True,0.0,1.0,1.0,0.35,0.35,0.35,0.35,"(1.0, 0.0, 0.0)","(0.0, 0.0, 0.0)",1000,gelu,False,5,3,6,30006,40006,False,0.9575,0.9445,False,False,2000,0.01,torch.nn.Linear.reset_parameters: kaiming_uniform_(a=sqrt(5)); bias_uniform_bound=1/sqrt(fan_in),0.5773502691896257,0.9549627499654889
thick_tube,True,0.0,1.0,1.0,0.35,0.35,0.35,0.35,"(1.0, 0.0, 0.0)","(0.0, 0.0, 0.0)",1000,gelu,False,5,3,7,30007,40007,False,0.965,0.9605,False,False,2000,0.01,torch.nn.Linear.reset_parameters: kaiming_uniform_(a=sqrt(5)); bias_uniform_bound=1/sqrt(fan_in),0.5773502691896257,0.959005624987185
thick_tube,True,0.0,1.0,1.0,0.35,0.35,0.35,0.35,"(1.0, 0.0, 0.0)","(0.0, 0.0, 0.0)",1000,gelu,False,5,3,8,30008,40008,True,1.0,1.0,True,False,2000,0.01,torch.nn.Linear.reset_parameters: kaiming_uniform_(a=sqrt(5)); bias_uniform_bound=1/sqrt(fan_in),0.5773502691896257,0.9405510419746861
thick_tube,True,0.0,1.0,1.0,0.35,0.35,0.35,0.35,"(1.0, 0.0, 0.0)","(0.0, 0.0, 0.0)",1000,gelu,False,5,3,9,30009,40009,False,0.9135,0.927,False,False,2000,0.01,torch.nn.Linear.reset_parameters: kaiming_uniform_(a=sqrt(5)); bias_uniform_bound=1/sqrt(fan_in),0.5773502691896257,0.947781249997206
thick_tube,True,0.0,1.0,1.0,0.35,0.35,0.35,0.35,"(1.0, 0.0, 0.0)","(0.0, 0.0, 0.0)",1000,gelu,False,5,4,0,30000,40000,True,1.0,1.0,True,False,2000,0.01,torch.nn.Linear.reset_parameters: kaiming_uniform_(a=sqrt(5)); bias_uniform_bound=1/sqrt(fan_in),0.5773502691896257,0.900159916956909
thick_tube,True,0.0,1.0,1.0,0.35,0.35,0.35,0.35,"(1.0, 0.0, 0.0)","(0.0, 0.0, 0.0)",1000,gelu,False,5,4,1,30001,40001,True,1.0,1.0,True,False,2000,0.01,torch.nn.Linear.reset_parameters: kaiming_uniform_(a=sqrt(5)); bias_uniform_bound=1/sqrt(fan_in),0.5773502691896257,0.913235625019297
thick_tube,True,0.0,1.0,1.0,0.35,0.35,0.35,0.35,"(1.0, 0.0, 0.0)","(0.0, 0.0, 0.0)",1000,gelu,False,5,4,2,30002,40002,True,1.0,1.0,True,False,2000,0.01,torch.nn.Linear.reset_parameters: kaiming_uniform_(a=sqrt(5)); bias_uniform_bound=1/sqrt(fan_in),0.5773502691896257,0.9123735830653459
thick_tube,True,0.0,1.0,1.0,0.35,0.35,0.35,0.35,"(1.0, 0.0, 0.0)","(0.0, 0.0, 0.0)",1000,gelu,False,5,4,3,30003,40003,True,1.0,1.0,True,False,2000,0.01,torch.nn.Linear.reset_parameters: kaiming_uniform_(a=sqrt(5)); bias_uniform_bound=1/sqrt(fan_in),0.5773502691896257,0.915139083052054
thick_tube,True,0.0,1.0,1.0,0.35,0.35,0.35,0.35,"(1.0, 0.0, 0.0)","(0.0, 0.0, 0.0)",1000,gelu,False,5,4,4,30004,40004,False,0.9275,0.9235,False,False,2000,0.01,torch.nn.Linear.reset_parameters: kaiming_uniform_(a=sqrt(5)); bias_uniform_bound=1/sqrt(fan_in),0.5773502691896257,0.9126561670564115
thick_tube,True,0.0,1.0,1.0,0.35,0.35,0.35,0.35,"(1.0, 0.0, 0.0)","(0.0, 0.0, 0.0)",1000,gelu,False,5,4,5,30005,40005,True,1.0,1.0,True,False,2000,0.01,torch.nn.Linear.reset_parameters: kaiming_uniform_(a=sqrt(5)); bias_uniform_bound=1/sqrt(fan_in),0.5773502691896257,0.9142955829156563
thick_tube,True,0.0,1.0,1.0,0.35,0.35,0.35,0.35,"(1.0, 0.0, 0.0)","(0.0, 0.0, 0.0)",1000,gelu,False,5,4,6,30006,40006,True,1.0,1.0,True,False,2000,0.01,torch.nn.Linear.reset_parameters: kaiming_uniform_(a=sqrt(5)); bias_uniform_bound=1/sqrt(fan_in),0.5773502691896257,0.920050915912725
thick_tube,True,0.0,1.0,1.0,0.35,0.35,0.35,0.35,"(1.0, 0.0, 0.0)","(0.0, 0.0, 0.0)",1000,gelu,False,5,4,7,30007,40007,True,1.0,1.0,True,False,2000,0.01,torch.nn.Linear.reset_parameters: kaiming_uniform_(a=sqrt(5)); bias_uniform_bound=1/sqrt(fan_in),0.5773502691896257,0.9202958330279216
thick_tube,True,0.0,1.0,1.0,0.35,0.35,0.35,0.35,"(1.0, 0.0, 0.0)","(0.0, 0.0, 0.0)",1000,gelu,False,5,4,8,30008,40008,True,1.0,1.0,True,False,2000,0.01,torch.nn.Linear.reset_parameters: kaiming_uniform_(a=sqrt(5)); bias_uniform_bound=1/sqrt(fan_in),0.5773502691896257,0.9172119169961661
thick_tube,True,0.0,1.0,1.0,0.35,0.35,0.35,0.35,"(1.0, 0.0, 0.0)","(0.0, 0.0, 0.0)",1000,gelu,False,5,4,9,30009,40009,True,1.0,1.0,True,False,2000,0.01,torch.nn.Linear.reset_parameters: kaiming_uniform_(a=sqrt(5)); bias_uniform_bound=1/sqrt(fan_in),0.5773502691896257,0.9093388749752194
thick_tube,True,0.0,1.0,1.0,0.35,0.35,0.35,0.35,"(1.0, 0.0, 0.0)","(0.0, 0.0, 0.0)",1000,gelu,False,8,3,0,30000,40000,False,0.9645,0.965,False,False,2000,0.01,torch.nn.Linear.reset_parameters: kaiming_uniform_(a=sqrt(5)); bias_uniform_bound=1/sqrt(fan_in),0.5773502691896257,1.380569166969508
thick_tube,True,0.0,1.0,1.0,0.35,0.35,0.35,0.35,"(1.0, 0.0, 0.0)","(0.0, 0.0, 0.0)",1000,gelu,False,8,3,1,30001,40001,False,0.8955,0.896,False,False,2000,0.01,torch.nn.Linear.reset_parameters: kaiming_uniform_(a=sqrt(5)); bias_uniform_bound=1/sqrt(fan_in),0.5773502691896257,1.4080032499041408
thick_tube,True,0.0,1.0,1.0,0.35,0.35,0.35,0.35,"(1.0, 0.0, 0.0)","(0.0, 0.0, 0.0)",1000,gelu,False,8,3,2,30002,40002,False,0.943,0.932,False,False,2000,0.01,torch.nn.Linear.reset_parameters: kaiming_uniform_(a=sqrt(5)); bias_uniform_bound=1/sqrt(fan_in),0.5773502691896257,1.3921636659651995
thick_tube,True,0.0,1.0,1.0,0.35,0.35,0.35,0.35,"(1.0, 0.0, 0.0)","(0.0, 0.0, 0.0)",1000,gelu,False,8,3,3,30003,40003,False,0.9395,0.9465,False,False,2000,0.01,torch.nn.Linear.reset_parameters: kaiming_uniform_(a=sqrt(5)); bias_uniform_bound=1/sqrt(fan_in),0.5773502691896257,1.3616239170078188
thick_tube,True,0.0,1.0,1.0,0.35,0.35,0.35,0.35,"(1.0, 0.0, 0.0)","(0.0, 0.0, 0.0)",1000,gelu,False,8,3,4,30004,40004,False,0.954,0.9515,False,False,2000,0.01,torch.nn.Linear.reset_parameters: kaiming_uniform_(a=sqrt(5)); bias_uniform_bound=1/sqrt(fan_in),0.5773502691896257,1.401979707996361
thick_tube,True,0.0,1.0,1.0,0.35,0.35,0.35,0.35,"(1.0, 0.0, 0.0)","(0.0, 0.0, 0.0)",1000,gelu,False,8,3,5,30005,40005,False,0.946,0.938,False,False,2000,0.01,torch.nn.Linear.reset_parameters: kaiming_uniform_(a=sqrt(5)); bias_uniform_bound=1/sqrt(fan_in),0.5773502691896257,1.3564939169446006
thick_tube,True,0.0,1.0,1.0,0.35,0.35,0.35,0.35,"(1.0, 0.0, 0.0)","(0.0, 0.0, 0.0)",1000,gelu,False,8,3,6,30006,40006,False,0.95,0.9405,False,False,2000,0.01,torch.nn.Linear.reset_parameters: kaiming_uniform_(a=sqrt(5)); bias_uniform_bound=1/sqrt(fan_in),0.5773502691896257,1.3787449579685926
thick_tube,True,0.0,1.0,1.0,0.35,0.35,0.35,0.35,"(1.0, 0.0, 0.0)","(0.0, 0.0, 0.0)",1000,gelu,False,8,3,7,30007,40007,False,0.948,0.9545,False,False,2000,0.01,torch.nn.Linear.reset_parameters: kaiming_uniform_(a=sqrt(5)); bias_uniform_bound=1/sqrt(fan_in),0.5773502691896257,1.4106257080566138
thick_tube,True,0.0,1.0,1.0,0.35,0.35,0.35,0.35,"(1.0, 0.0, 0.0)","(0.0, 0.0, 0.0)",1000,gelu,False,8,3,8,30008,40008,False,0.929,0.9265,False,False,2000,0.01,torch.nn.Linear.reset_parameters: kaiming_uniform_(a=sqrt(5)); bias_uniform_bound=1/sqrt(fan_in),0.5773502691896257,1.545608791988343
thick_tube,True,0.0,1.0,1.0,0.35,0.35,0.35,0.35,"(1.0, 0.0, 0.0)","(0.0, 0.0, 0.0)",1000,gelu,False,8,3,9,30009,40009,False,0.94,0.944,False,False,2000,0.01,torch.nn.Linear.reset_parameters: kaiming_uniform_(a=sqrt(5)); bias_uniform_bound=1/sqrt(fan_in),0.5773502691896257,1.3679310840088874
thick_tube,True,0.0,1.0,1.0,0.35,0.35,0.35,0.35,"(1.0, 0.0, 0.0)","(0.0, 0.0, 0.0)",1000,gelu,False,8,4,0,30000,40000,True,1.0,0.996,False,False,2000,0.01,torch.nn.Linear.reset_parameters: kaiming_uniform_(a=sqrt(5)); bias_uniform_bound=1/sqrt(fan_in),0.5773502691896257,1.3225130829960108
thick_tube,True,0.0,1.0,1.0,0.35,0.35,0.35,0.35,"(1.0, 0.0, 0.0)","(0.0, 0.0, 0.0)",1000,gelu,False,8,4,1,30001,40001,True,1.0,1.0,True,False,2000,0.01,torch.nn.Linear.reset_parameters: kaiming_uniform_(a=sqrt(5)); bias_uniform_bound=1/sqrt(fan_in),0.5773502691896257,1.3253404169809073
thick_tube,True,0.0,1.0,1.0,0.35,0.35,0.35,0.35,"(1.0, 0.0, 0.0)","(0.0, 0.0, 0.0)",1000,gelu,False,8,4,2,30002,40002,True,1.0,1.0,True,False,2000,0.01,torch.nn.Linear.reset_parameters: kaiming_uniform_(a=sqrt(5)); bias_uniform_bound=1/sqrt(fan_in),0.5773502691896257,1.3205319170374423
thick_tube,True,0.0,1.0,1.0,0.35,0.35,0.35,0.35,"(1.0, 0.0, 0.0)","(0.0, 0.0, 0.0)",1000,gelu,False,8,4,3,30003,40003,True,1.0,0.999,False,False,2000,0.01,torch.nn.Linear.reset_parameters: kaiming_uniform_(a=sqrt(5)); bias_uniform_bound=1/sqrt(fan_in),0.5773502691896257,1.3178494580788538
thick_tube,True,0.0,1.0,1.0,0.35,0.35,0.35,0.35,"(1.0, 0.0, 0.0)","(0.0, 0.0, 0.0)",1000,gelu,False,8,4,4,30004,40004,True,1.0,0.9995,False,False,2000,0.01,torch.nn.Linear.reset_parameters: kaiming_uniform_(a=sqrt(5)); bias_uniform_bound=1/sqrt(fan_in),0.5773502691896257,1.3159825829789042
thick_tube,True,0.0,1.0,1.0,0.35,0.35,0.35,0.35,"(1.0, 0.0, 0.0)","(0.0, 0.0, 0.0)",1000,gelu,False,8,4,5,30005,40005,True,1.0,1.0,True,False,2000,0.01,torch.nn.Linear.reset_parameters: kaiming_uniform_(a=sqrt(5)); bias_uniform_bound=1/sqrt(fan_in),0.5773502691896257,1.3210084580350667
thick_tube,True,0.0,1.0,1.0,0.35,0.35,0.35,0.35,"(1.0, 0.0, 0.0)","(0.0, 0.0, 0.0)",1000,gelu,False,8,4,6,30006,40006,False,0.8965,0.891,False,False,2000,0.01,torch.nn.Linear.reset_parameters: kaiming_uniform_(a=sqrt(5)); bias_uniform_bound=1/sqrt(fan_in),0.5773502691896257,1.3138380000600591
thick_tube,True,0.0,1.0,1.0,0.35,0.35,0.35,0.35,"(1.0, 0.0, 0.0)","(0.0, 0.0, 0.0)",1000,gelu,False,8,4,7,30007,40007,True,1.0,1.0,True,False,2000,0.01,torch.nn.Linear.reset_parameters: kaiming_uniform_(a=sqrt(5)); bias_uniform_bound=1/sqrt(fan_in),0.5773502691896257,1.3246924579143524
thick_tube,True,0.0,1.0,1.0,0.35,0.35,0.35,0.35,"(1.0, 0.0, 0.0)","(0.0, 0.0, 0.0)",1000,gelu,False,8,4,8,30008,40008,True,1.0,1.0,True,False,2000,0.01,torch.nn.Linear.reset_parameters: kaiming_uniform_(a=sqrt(5)); bias_uniform_bound=1/sqrt(fan_in),0.5773502691896257,1.3177685419796035
thick_tube,True,0.0,1.0,1.0,0.35,0.35,0.35,0.35,"(1.0, 0.0, 0.0)","(0.0, 0.0, 0.0)",1000,gelu,False,8,4,9,30009,40009,True,1.0,1.0,True,False,2000,0.01,torch.nn.Linear.reset_parameters: kaiming_uniform_(a=sqrt(5)); bias_uniform_bound=1/sqrt(fan_in),0.5773502691896257,1.3213705830276012
thick_tube,True,0.0,1.0,1.0,0.35,0.35,0.35,0.35,"(1.0, 0.0, 0.0)","(0.0, 0.0, 0.0)",1000,gelu,False,12,3,0,30000,40000,False,0.928,0.92,False,False,2000,0.01,torch.nn.Linear.reset_parameters: kaiming_uniform_(a=sqrt(5)); bias_uniform_bound=1/sqrt(fan_in),0.5773502691896257,2.0171004579169676
thick_tube,True,0.0,1.0,1.0,0.35,0.35,0.35,0.35,"(1.0, 0.0, 0.0)","(0.0, 0.0, 0.0)",1000,gelu,False,12,3,1,30001,40001,False,0.9585,0.9445,False,False,2000,0.01,torch.nn.Linear.reset_parameters: kaiming_uniform_(a=sqrt(5)); bias_uniform_bound=1/sqrt(fan_in),0.5773502691896257,1.9362671660492197
thick_tube,True,0.0,1.0,1.0,0.35,0.35,0.35,0.35,"(1.0, 0.0, 0.0)","(0.0, 0.0, 0.0)",1000,gelu,False,12,3,2,30002,40002,False,0.939,0.924,False,False,2000,0.01,torch.nn.Linear.reset_parameters: kaiming_uniform_(a=sqrt(5)); bias_uniform_bound=1/sqrt(fan_in),0.5773502691896257,1.9342948750127107
thick_tube,True,0.0,1.0,1.0,0.35,0.35,0.35,0.35,"(1.0, 0.0, 0.0)","(0.0, 0.0, 0.0)",1000,gelu,False,12,3,3,30003,40003,True,1.0,0.9965,False,False,2000,0.01,torch.nn.Linear.reset_parameters: kaiming_uniform_(a=sqrt(5)); bias_uniform_bound=1/sqrt(fan_in),0.5773502691896257,1.9305896658916026
thick_tube,True,0.0,1.0,1.0,0.35,0.35,0.35,0.35,"(1.0, 0.0, 0.0)","(0.0, 0.0, 0.0)",1000,gelu,False,12,3,4,30004,40004,False,0.9335,0.932,False,False,2000,0.01,torch.nn.Linear.reset_parameters: kaiming_uniform_(a=sqrt(5)); bias_uniform_bound=1/sqrt(fan_in),0.5773502691896257,1.9948882079916075
thick_tube,True,0.0,1.0,1.0,0.35,0.35,0.35,0.35,"(1.0, 0.0, 0.0)","(0.0, 0.0, 0.0)",1000,gelu,False,12,3,5,30005,40005,False,0.944,0.939,False,False,2000,0.01,torch.nn.Linear.reset_parameters: kaiming_uniform_(a=sqrt(5)); bias_uniform_bound=1/sqrt(fan_in),0.5773502691896257,1.933550792047754
thick_tube,True,0.0,1.0,1.0,0.35,0.35,0.35,0.35,"(1.0, 0.0, 0.0)","(0.0, 0.0, 0.0)",1000,gelu,False,12,3,6,30006,40006,False,0.946,0.938,False,False,2000,0.01,torch.nn.Linear.reset_parameters: kaiming_uniform_(a=sqrt(5)); bias_uniform_bound=1/sqrt(fan_in),0.5773502691896257,2.0206081670476124
thick_tube,True,0.0,1.0,1.0,0.35,0.35,0.35,0.35,"(1.0, 0.0, 0.0)","(0.0, 0.0, 0.0)",1000,gelu,False,12,3,7,30007,40007,False,0.93,0.9205,False,False,2000,0.01,torch.nn.Linear.reset_parameters: kaiming_uniform_(a=sqrt(5)); bias_uniform_bound=1/sqrt(fan_in),0.5773502691896257,1.9392285839421675
thick_tube,True,0.0,1.0,1.0,0.35,0.35,0.35,0.35,"(1.0, 0.0, 0.0)","(0.0, 0.0, 0.0)",1000,gelu,False,12,3,8,30008,40008,False,0.9025,0.9035,False,False,2000,0.01,torch.nn.Linear.reset_parameters: kaiming_uniform_(a=sqrt(5)); bias_uniform_bound=1/sqrt(fan_in),0.5773502691896257,1.9239096249220893
thick_tube,True,0.0,1.0,1.0,0.35,0.35,0.35,0.35,"(1.0, 0.0, 0.0)","(0.0, 0.0, 0.0)",1000,gelu,False,12,3,9,30009,40009,False,0.948,0.943,False,False,2000,0.01,torch.nn.Linear.reset_parameters: kaiming_uniform_(a=sqrt(5)); bias_uniform_bound=1/sqrt(fan_in),0.5773502691896257,1.9992396660381928
thick_tube,True,0.0,1.0,1.0,0.35,0.35,0.35,0.35,"(1.0, 0.0, 0.0)","(0.0, 0.0, 0.0)",1000,gelu,False,12,4,0,30000,40000,True,1.0,0.9995,False,False,2000,0.01,torch.nn.Linear.reset_parameters: kaiming_uniform_(a=sqrt(5)); bias_uniform_bound=1/sqrt(fan_in),0.5773502691896257,1.8389855419518426
thick_tube,True,0.0,1.0,1.0,0.35,0.35,0.35,0.35,"(1.0, 0.0, 0.0)","(0.0, 0.0, 0.0)",1000,gelu,False,12,4,1,30001,40001,False,1.0,0.985,False,False,2000,0.01,torch.nn.Linear.reset_parameters: kaiming_uniform_(a=sqrt(5)); bias_uniform_bound=1/sqrt(fan_in),0.5773502691896257,1.8443225000519305
thick_tube,True,0.0,1.0,1.0,0.35,0.35,0.35,0.35,"(1.0, 0.0, 0.0)","(0.0, 0.0, 0.0)",1000,gelu,False,12,4,2,30002,40002,False,0.947,0.9335,False,False,2000,0.01,torch.nn.Linear.reset_parameters: kaiming_uniform_(a=sqrt(5)); bias_uniform_bound=1/sqrt(fan_in),0.5773502691896257,1.8896367910783738
thick_tube,True,0.0,1.0,1.0,0.35,0.35,0.35,0.35,"(1.0, 0.0, 0.0)","(0.0, 0.0, 0.0)",1000,gelu,False,12,4,3,30003,40003,True,1.0,0.996,False,False,2000,0.01,torch.nn.Linear.reset_parameters: kaiming_uniform_(a=sqrt(5)); bias_uniform_bound=1/sqrt(fan_in),0.5773502691896257,1.8543450410943478
thick_tube,True,0.0,1.0,1.0,0.35,0.35,0.35,0.35,"(1.0, 0.0, 0.0)","(0.0, 0.0, 0.0)",1000,gelu,False,12,4,4,30004,40004,True,1.0,1.0,True,False,2000,0.01,torch.nn.Linear.reset_parameters: kaiming_uniform_(a=sqrt(5)); bias_uniform_bound=1/sqrt(fan_in),0.5773502691896257,1.8804768749978393
thick_tube,True,0.0,1.0,1.0,0.35,0.35,0.35,0.35,"(1.0, 0.0, 0.0)","(0.0, 0.0, 0.0)",1000,gelu,False,12,4,5,30005,40005,True,1.0,1.0,True,False,2000,0.01,torch.nn.Linear.reset_parameters: kaiming_uniform_(a=sqrt(5)); bias_uniform_bound=1/sqrt(fan_in),0.5773502691896257,1.867226458969526
thick_tube,True,0.0,1.0,1.0,0.35,0.35,0.35,0.35,"(1.0, 0.0, 0.0)","(0.0, 0.0, 0.0)",1000,gelu,False,12,4,6,30006,40006,True,1.0,1.0,True,False,2000,0.01,torch.nn.Linear.reset_parameters: kaiming_uniform_(a=sqrt(5)); bias_uniform_bound=1/sqrt(fan_in),0.5773502691896257,1.874892457970418
thick_tube,True,0.0,1.0,1.0,0.35,0.35,0.35,0.35,"(1.0, 0.0, 0.0)","(0.0, 0.0, 0.0)",1000,gelu,False,12,4,7,30007,40007,True,1.0,1.0,True,False,2000,0.01,torch.nn.Linear.reset_parameters: kaiming_uniform_(a=sqrt(5)); bias_uniform_bound=1/sqrt(fan_in),0.5773502691896257,1.8622824579942971
thick_tube,True,0.0,1.0,1.0,0.35,0.35,0.35,0.35,"(1.0, 0.0, 0.0)","(0.0, 0.0, 0.0)",1000,gelu,False,12,4,8,30008,40008,True,1.0,0.996,False,False,2000,0.01,torch.nn.Linear.reset_parameters: kaiming_uniform_(a=sqrt(5)); bias_uniform_bound=1/sqrt(fan_in),0.5773502691896257,1.8544732499867678
thick_tube,True,0.0,1.0,1.0,0.35,0.35,0.35,0.35,"(1.0, 0.0, 0.0)","(0.0, 0.0, 0.0)",1000,gelu,False,12,4,9,30009,40009,True,1.0,1.0,True,False,2000,0.01,torch.nn.Linear.reset_parameters: kaiming_uniform_(a=sqrt(5)); bias_uniform_bound=1/sqrt(fan_in),0.5773502691896257,1.8406989170471206
unequal_major,True,0.0,1.0,1.6,0.2,0.2,0.2,0.125,"(1.6, 0.0, 0.0)","(0.0, 0.0, 0.0)",1000,tanh,True,3,3,0,30000,40000,False,0.973,0.9705,False,False,2000,0.01,torch.nn.Linear.reset_parameters: kaiming_uniform_(a=sqrt(5)); bias_uniform_bound=1/sqrt(fan_in),0.5773502691896257,0.6591329589718953
unequal_major,True,0.0,1.0,1.6,0.2,0.2,0.2,0.125,"(1.6, 0.0, 0.0)","(0.0, 0.0, 0.0)",1000,tanh,True,3,3,1,30001,40001,False,0.975,0.972,False,False,2000,0.01,torch.nn.Linear.reset_parameters: kaiming_uniform_(a=sqrt(5)); bias_uniform_bound=1/sqrt(fan_in),0.5773502691896257,0.6562140409369022
unequal_major,True,0.0,1.0,1.6,0.2,0.2,0.2,0.125,"(1.6, 0.0, 0.0)","(0.0, 0.0, 0.0)",1000,tanh,True,3,3,2,30002,40002,False,0.9685,0.9675,False,False,2000,0.01,torch.nn.Linear.reset_parameters: kaiming_uniform_(a=sqrt(5)); bias_uniform_bound=1/sqrt(fan_in),0.5773502691896257,0.6612231660401449
unequal_major,True,0.0,1.0,1.6,0.2,0.2,0.2,0.125,"(1.6, 0.0, 0.0)","(0.0, 0.0, 0.0)",1000,tanh,True,3,3,3,30003,40003,False,0.9775,0.975,False,False,2000,0.01,torch.nn.Linear.reset_parameters: kaiming_uniform_(a=sqrt(5)); bias_uniform_bound=1/sqrt(fan_in),0.5773502691896257,0.6591127909487113
unequal_major,True,0.0,1.0,1.6,0.2,0.2,0.2,0.125,"(1.6, 0.0, 0.0)","(0.0, 0.0, 0.0)",1000,tanh,True,3,3,4,30004,40004,False,0.977,0.9805,False,False,2000,0.01,torch.nn.Linear.reset_parameters: kaiming_uniform_(a=sqrt(5)); bias_uniform_bound=1/sqrt(fan_in),0.5773502691896257,0.6551902079954743
unequal_major,True,0.0,1.0,1.6,0.2,0.2,0.2,0.125,"(1.6, 0.0, 0.0)","(0.0, 0.0, 0.0)",1000,tanh,True,3,3,5,30005,40005,False,0.9815,0.977,False,False,2000,0.01,torch.nn.Linear.reset_parameters: kaiming_uniform_(a=sqrt(5)); bias_uniform_bound=1/sqrt(fan_in),0.5773502691896257,0.6611792090116069
unequal_major,True,0.0,1.0,1.6,0.2,0.2,0.2,0.125,"(1.6, 0.0, 0.0)","(0.0, 0.0, 0.0)",1000,tanh,True,3,3,6,30006,40006,False,0.979,0.974,False,False,2000,0.01,torch.nn.Linear.reset_parameters: kaiming_uniform_(a=sqrt(5)); bias_uniform_bound=1/sqrt(fan_in),0.5773502691896257,0.6619391249259934
unequal_major,True,0.0,1.0,1.6,0.2,0.2,0.2,0.125,"(1.6, 0.0, 0.0)","(0.0, 0.0, 0.0)",1000,tanh,True,3,3,7,30007,40007,False,0.9725,0.9775,False,False,2000,0.01,torch.nn.Linear.reset_parameters: kaiming_uniform_(a=sqrt(5)); bias_uniform_bound=1/sqrt(fan_in),0.5773502691896257,0.6571762500097975
unequal_major,True,0.0,1.0,1.6,0.2,0.2,0.2,0.125,"(1.6, 0.0, 0.0)","(0.0, 0.0, 0.0)",1000,tanh,True,3,3,8,30008,40008,False,0.973,0.9695,False,False,2000,0.01,torch.nn.Linear.reset_parameters: kaiming_uniform_(a=sqrt(5)); bias_uniform_bound=1/sqrt(fan_in),0.5773502691896257,0.6861333750421181
unequal_major,True,0.0,1.0,1.6,0.2,0.2,0.2,0.125,"(1.6, 0.0, 0.0)","(0.0, 0.0, 0.0)",1000,tanh,True,3,3,9,30009,40009,False,0.971,0.974,False,False,2000,0.01,torch.nn.Linear.reset_parameters: kaiming_uniform_(a=sqrt(5)); bias_uniform_bound=1/sqrt(fan_in),0.5773502691896257,0.6589203749317676
unequal_major,True,0.0,1.0,1.6,0.2,0.2,0.2,0.125,"(1.6, 0.0, 0.0)","(0.0, 0.0, 0.0)",1000,tanh,True,3,4,0,30000,40000,True,1.0,1.0,True,False,2000,0.01,torch.nn.Linear.reset_parameters: kaiming_uniform_(a=sqrt(5)); bias_uniform_bound=1/sqrt(fan_in),0.5773502691896257,0.6423762500053272
unequal_major,True,0.0,1.0,1.6,0.2,0.2,0.2,0.125,"(1.6, 0.0, 0.0)","(0.0, 0.0, 0.0)",1000,tanh,True,3,4,1,30001,40001,True,1.0,1.0,True,False,2000,0.01,torch.nn.Linear.reset_parameters: kaiming_uniform_(a=sqrt(5)); bias_uniform_bound=1/sqrt(fan_in),0.5773502691896257,0.6452242908999324
unequal_major,True,0.0,1.0,1.6,0.2,0.2,0.2,0.125,"(1.6, 0.0, 0.0)","(0.0, 0.0, 0.0)",1000,tanh,True,3,4,2,30002,40002,False,0.977,0.971,False,False,2000,0.01,torch.nn.Linear.reset_parameters: kaiming_uniform_(a=sqrt(5)); bias_uniform_bound=1/sqrt(fan_in),0.5773502691896257,0.6430105839390308
unequal_major,True,0.0,1.0,1.6,0.2,0.2,0.2,0.125,"(1.6, 0.0, 0.0)","(0.0, 0.0, 0.0)",1000,tanh,True,3,4,3,30003,40003,True,1.0,1.0,True,False,2000,0.01,torch.nn.Linear.reset_parameters: kaiming_uniform_(a=sqrt(5)); bias_uniform_bound=1/sqrt(fan_in),0.5773502691896257,0.6437650830484927
unequal_major,True,0.0,1.0,1.6,0.2,0.2,0.2,0.125,"(1.6, 0.0, 0.0)","(0.0, 0.0, 0.0)",1000,tanh,True,3,4,4,30004,40004,True,1.0,1.0,True,False,2000,0.01,torch.nn.Linear.reset_parameters: kaiming_uniform_(a=sqrt(5)); bias_uniform_bound=1/sqrt(fan_in),0.5773502691896257,0.6449301249813288
unequal_major,True,0.0,1.0,1.6,0.2,0.2,0.2,0.125,"(1.6, 0.0, 0.0)","(0.0, 0.0, 0.0)",1000,tanh,True,3,4,5,30005,40005,True,1.0,1.0,True,False,2000,0.01,torch.nn.Linear.reset_parameters: kaiming_uniform_(a=sqrt(5)); bias_uniform_bound=1/sqrt(fan_in),0.5773502691896257,0.6436817919602618
unequal_major,True,0.0,1.0,1.6,0.2,0.2,0.2,0.125,"(1.6, 0.0, 0.0)","(0.0, 0.0, 0.0)",1000,tanh,True,3,4,6,30006,40006,True,1.0,1.0,True,False,2000,0.01,torch.nn.Linear.reset_parameters: kaiming_uniform_(a=sqrt(5)); bias_uniform_bound=1/sqrt(fan_in),0.5773502691896257,0.6441135830245912
unequal_major,True,0.0,1.0,1.6,0.2,0.2,0.2,0.125,"(1.6, 0.0, 0.0)","(0.0, 0.0, 0.0)",1000,tanh,True,3,4,7,30007,40007,False,0.9815,0.9765,False,False,2000,0.01,torch.nn.Linear.reset_parameters: kaiming_uniform_(a=sqrt(5)); bias_uniform_bound=1/sqrt(fan_in),0.5773502691896257,0.6438971669413149
unequal_major,True,0.0,1.0,1.6,0.2,0.2,0.2,0.125,"(1.6, 0.0, 0.0)","(0.0, 0.0, 0.0)",1000,tanh,True,3,4,8,30008,40008,False,0.9775,0.979,False,False,2000,0.01,torch.nn.Linear.reset_parameters: kaiming_uniform_(a=sqrt(5)); bias_uniform_bound=1/sqrt(fan_in),0.5773502691896257,0.6413382919272408
unequal_major,True,0.0,1.0,1.6,0.2,0.2,0.2,0.125,"(1.6, 0.0, 0.0)","(0.0, 0.0, 0.0)",1000,tanh,True,3,4,9,30009,40009,True,1.0,1.0,True,False,2000,0.01,torch.nn.Linear.reset_parameters: kaiming_uniform_(a=sqrt(5)); bias_uniform_bound=1/sqrt(fan_in),0.5773502691896257,0.6443313340423629
unequal_major,True,0.0,1.0,1.6,0.2,0.2,0.2,0.125,"(1.6, 0.0, 0.0)","(0.0, 0.0, 0.0)",1000,tanh,True,5,3,0,30000,40000,False,0.9735,0.9715,False,False,2000,0.01,torch.nn.Linear.reset_parameters: kaiming_uniform_(a=sqrt(5)); bias_uniform_bound=1/sqrt(fan_in),0.5773502691896257,0.9459511670283973
unequal_major,True,0.0,1.0,1.6,0.2,0.2,0.2,0.125,"(1.6, 0.0, 0.0)","(0.0, 0.0, 0.0)",1000,tanh,True,5,3,1,30001,40001,False,0.9725,0.9665,False,False,2000,0.01,torch.nn.Linear.reset_parameters: kaiming_uniform_(a=sqrt(5)); bias_uniform_bound=1/sqrt(fan_in),0.5773502691896257,0.9445548750227317
unequal_major,True,0.0,1.0,1.6,0.2,0.2,0.2,0.125,"(1.6, 0.0, 0.0)","(0.0, 0.0, 0.0)",1000,tanh,True,5,3,2,30002,40002,False,0.969,0.9685,False,False,2000,0.01,torch.nn.Linear.reset_parameters: kaiming_uniform_(a=sqrt(5)); bias_uniform_bound=1/sqrt(fan_in),0.5773502691896257,0.9512165000196546
unequal_major,True,0.0,1.0,1.6,0.2,0.2,0.2,0.125,"(1.6, 0.0, 0.0)","(0.0, 0.0, 0.0)",1000,tanh,True,5,3,3,30003,40003,False,0.9855,0.9785,False,False,2000,0.01,torch.nn.Linear.reset_parameters: kaiming_uniform_(a=sqrt(5)); bias_uniform_bound=1/sqrt(fan_in),0.5773502691896257,0.9456173749640584
unequal_major,True,0.0,1.0,1.6,0.2,0.2,0.2,0.125,"(1.6, 0.0, 0.0)","(0.0, 0.0, 0.0)",1000,tanh,True,5,3,4,30004,40004,False,0.987,0.983,False,False,2000,0.01,torch.nn.Linear.reset_parameters: kaiming_uniform_(a=sqrt(5)); bias_uniform_bound=1/sqrt(fan_in),0.5773502691896257,0.9484048329759389
unequal_major,True,0.0,1.0,1.6,0.2,0.2,0.2,0.125,"(1.6, 0.0, 0.0)","(0.0, 0.0, 0.0)",1000,tanh,True,5,3,5,30005,40005,False,0.9805,0.9765,False,False,2000,0.01,torch.nn.Linear.reset_parameters: kaiming_uniform_(a=sqrt(5)); bias_uniform_bound=1/sqrt(fan_in),0.5773502691896257,0.9420097500551492
unequal_major,True,0.0,1.0,1.6,0.2,0.2,0.2,0.125,"(1.6, 0.0, 0.0)","(0.0, 0.0, 0.0)",1000,tanh,True,5,3,6,30006,40006,False,0.9765,0.975,False,False,2000,0.01,torch.nn.Linear.reset_parameters: kaiming_uniform_(a=sqrt(5)); bias_uniform_bound=1/sqrt(fan_in),0.5773502691896257,0.9452837909338996
unequal_major,True,0.0,1.0,1.6,0.2,0.2,0.2,0.125,"(1.6, 0.0, 0.0)","(0.0, 0.0, 0.0)",1000,tanh,True,5,3,7,30007,40007,False,0.972,0.975,False,False,2000,0.01,torch.nn.Linear.reset_parameters: kaiming_uniform_(a=sqrt(5)); bias_uniform_bound=1/sqrt(fan_in),0.5773502691896257,0.9480265410384163
unequal_major,True,0.0,1.0,1.6,0.2,0.2,0.2,0.125,"(1.6, 0.0, 0.0)","(0.0, 0.0, 0.0)",1000,tanh,True,5,3,8,30008,40008,False,0.9805,0.9785,False,False,2000,0.01,torch.nn.Linear.reset_parameters: kaiming_uniform_(a=sqrt(5)); bias_uniform_bound=1/sqrt(fan_in),0.5773502691896257,0.9565895420964807
unequal_major,True,0.0,1.0,1.6,0.2,0.2,0.2,0.125,"(1.6, 0.0, 0.0)","(0.0, 0.0, 0.0)",1000,tanh,True,5,3,9,30009,40009,False,0.972,0.9735,False,False,2000,0.01,torch.nn.Linear.reset_parameters: kaiming_uniform_(a=sqrt(5)); bias_uniform_bound=1/sqrt(fan_in),0.5773502691896257,0.9469116249820217
unequal_major,True,0.0,1.0,1.6,0.2,0.2,0.2,0.125,"(1.6, 0.0, 0.0)","(0.0, 0.0, 0.0)",1000,tanh,True,5,4,0,30000,40000,False,0.9735,0.971,False,False,2000,0.01,torch.nn.Linear.reset_parameters: kaiming_uniform_(a=sqrt(5)); bias_uniform_bound=1/sqrt(fan_in),0.5773502691896257,0.9281094169709831
unequal_major,True,0.0,1.0,1.6,0.2,0.2,0.2,0.125,"(1.6, 0.0, 0.0)","(0.0, 0.0, 0.0)",1000,tanh,True,5,4,1,30001,40001,False,0.9775,0.9705,False,False,2000,0.01,torch.nn.Linear.reset_parameters: kaiming_uniform_(a=sqrt(5)); bias_uniform_bound=1/sqrt(fan_in),0.5773502691896257,0.9228597918991
unequal_major,True,0.0,1.0,1.6,0.2,0.2,0.2,0.125,"(1.6, 0.0, 0.0)","(0.0, 0.0, 0.0)",1000,tanh,True,5,4,2,30002,40002,True,1.0,1.0,True,False,2000,0.01,torch.nn.Linear.reset_parameters: kaiming_uniform_(a=sqrt(5)); bias_uniform_bound=1/sqrt(fan_in),0.5773502691896257,0.9215736669721082
unequal_major,True,0.0,1.0,1.6,0.2,0.2,0.2,0.125,"(1.6, 0.0, 0.0)","(0.0, 0.0, 0.0)",1000,tanh,True,5,4,3,30003,40003,True,1.0,1.0,True,False,2000,0.01,torch.nn.Linear.reset_parameters: kaiming_uniform_(a=sqrt(5)); bias_uniform_bound=1/sqrt(fan_in),0.5773502691896257,0.9251540409168229
unequal_major,True,0.0,1.0,1.6,0.2,0.2,0.2,0.125,"(1.6, 0.0, 0.0)","(0.0, 0.0, 0.0)",1000,tanh,True,5,4,4,30004,40004,True,1.0,1.0,True,False,2000,0.01,torch.nn.Linear.reset_parameters: kaiming_uniform_(a=sqrt(5)); bias_uniform_bound=1/sqrt(fan_in),0.5773502691896257,0.9269890419673175
unequal_major,True,0.0,1.0,1.6,0.2,0.2,0.2,0.125,"(1.6, 0.0, 0.0)","(0.0, 0.0, 0.0)",1000,tanh,True,5,4,5,30005,40005,False,0.985,0.98,False,False,2000,0.01,torch.nn.Linear.reset_parameters: kaiming_uniform_(a=sqrt(5)); bias_uniform_bound=1/sqrt(fan_in),0.5773502691896257,0.9231391670182347
unequal_major,True,0.0,1.0,1.6,0.2,0.2,0.2,0.125,"(1.6, 0.0, 0.0)","(0.0, 0.0, 0.0)",1000,tanh,True,5,4,6,30006,40006,False,0.9825,0.9755,False,False,2000,0.01,torch.nn.Linear.reset_parameters: kaiming_uniform_(a=sqrt(5)); bias_uniform_bound=1/sqrt(fan_in),0.5773502691896257,0.9263010410359129
unequal_major,True,0.0,1.0,1.6,0.2,0.2,0.2,0.125,"(1.6, 0.0, 0.0)","(0.0, 0.0, 0.0)",1000,tanh,True,5,4,7,30007,40007,False,0.9815,0.9725,False,False,2000,0.01,torch.nn.Linear.reset_parameters: kaiming_uniform_(a=sqrt(5)); bias_uniform_bound=1/sqrt(fan_in),0.5773502691896257,0.9198645410360768
unequal_major,True,0.0,1.0,1.6,0.2,0.2,0.2,0.125,"(1.6, 0.0, 0.0)","(0.0, 0.0, 0.0)",1000,tanh,True,5,4,8,30008,40008,True,1.0,1.0,True,False,2000,0.01,torch.nn.Linear.reset_parameters: kaiming_uniform_(a=sqrt(5)); bias_uniform_bound=1/sqrt(fan_in),0.5773502691896257,0.9163251670543104
unequal_major,True,0.0,1.0,1.6,0.2,0.2,0.2,0.125,"(1.6, 0.0, 0.0)","(0.0, 0.0, 0.0)",1000,tanh,True,5,4,9,30009,40009,True,1.0,1.0,True,False,2000,0.01,torch.nn.Linear.reset_parameters: kaiming_uniform_(a=sqrt(5)); bias_uniform_bound=1/sqrt(fan_in),0.5773502691896257,0.9229312920942903
unequal_major,True,0.0,1.0,1.6,0.2,0.2,0.2,0.125,"(1.6, 0.0, 0.0)","(0.0, 0.0, 0.0)",1000,tanh,True,8,3,0,30000,40000,False,0.9735,0.97,False,False,2000,0.01,torch.nn.Linear.reset_parameters: kaiming_uniform_(a=sqrt(5)); bias_uniform_bound=1/sqrt(fan_in),0.5773502691896257,1.3728583749616519
unequal_major,True,0.0,1.0,1.6,0.2,0.2,0.2,0.125,"(1.6, 0.0, 0.0)","(0.0, 0.0, 0.0)",1000,tanh,True,8,3,1,30001,40001,False,0.8035,0.7915,False,False,2000,0.01,torch.nn.Linear.reset_parameters: kaiming_uniform_(a=sqrt(5)); bias_uniform_bound=1/sqrt(fan_in),0.5773502691896257,1.3898804590571672
unequal_major,True,0.0,1.0,1.6,0.2,0.2,0.2,0.125,"(1.6, 0.0, 0.0)","(0.0, 0.0, 0.0)",1000,tanh,True,8,3,2,30002,40002,False,0.798,0.7775,False,False,2000,0.01,torch.nn.Linear.reset_parameters: kaiming_uniform_(a=sqrt(5)); bias_uniform_bound=1/sqrt(fan_in),0.5773502691896257,1.377414165996015
unequal_major,True,0.0,1.0,1.6,0.2,0.2,0.2,0.125,"(1.6, 0.0, 0.0)","(0.0, 0.0, 0.0)",1000,tanh,True,8,3,3,30003,40003,False,0.974,0.9755,False,False,2000,0.01,torch.nn.Linear.reset_parameters: kaiming_uniform_(a=sqrt(5)); bias_uniform_bound=1/sqrt(fan_in),0.5773502691896257,1.369028458953835
unequal_major,True,0.0,1.0,1.6,0.2,0.2,0.2,0.125,"(1.6, 0.0, 0.0)","(0.0, 0.0, 0.0)",1000,tanh,True,8,3,4,30004,40004,False,0.9775,0.981,False,False,2000,0.01,torch.nn.Linear.reset_parameters: kaiming_uniform_(a=sqrt(5)); bias_uniform_bound=1/sqrt(fan_in),0.5773502691896257,1.37615783396177
unequal_major,True,0.0,1.0,1.6,0.2,0.2,0.2,0.125,"(1.6, 0.0, 0.0)","(0.0, 0.0, 0.0)",1000,tanh,True,8,3,5,30005,40005,False,0.9755,0.9665,False,False,2000,0.01,torch.nn.Linear.reset_parameters: kaiming_uniform_(a=sqrt(5)); bias_uniform_bound=1/sqrt(fan_in),0.5773502691896257,1.3694466250017285
unequal_major,True,0.0,1.0,1.6,0.2,0.2,0.2,0.125,"(1.6, 0.0, 0.0)","(0.0, 0.0, 0.0)",1000,tanh,True,8,3,6,30006,40006,False,0.9815,0.9785,False,False,2000,0.01,torch.nn.Linear.reset_parameters: kaiming_uniform_(a=sqrt(5)); bias_uniform_bound=1/sqrt(fan_in),0.5773502691896257,1.3745222500292584
unequal_major,True,0.0,1.0,1.6,0.2,0.2,0.2,0.125,"(1.6, 0.0, 0.0)","(0.0, 0.0, 0.0)",1000,tanh,True,8,3,7,30007,40007,False,0.974,0.977,False,False,2000,0.01,torch.nn.Linear.reset_parameters: kaiming_uniform_(a=sqrt(5)); bias_uniform_bound=1/sqrt(fan_in),0.5773502691896257,1.373779208981432
unequal_major,True,0.0,1.0,1.6,0.2,0.2,0.2,0.125,"(1.6, 0.0, 0.0)","(0.0, 0.0, 0.0)",1000,tanh,True,8,3,8,30008,40008,False,0.9635,0.9655,False,False,2000,0.01,torch.nn.Linear.reset_parameters: kaiming_uniform_(a=sqrt(5)); bias_uniform_bound=1/sqrt(fan_in),0.5773502691896257,1.3764145830646157
unequal_major,True,0.0,1.0,1.6,0.2,0.2,0.2,0.125,"(1.6, 0.0, 0.0)","(0.0, 0.0, 0.0)",1000,tanh,True,8,3,9,30009,40009,False,0.97,0.9725,False,False,2000,0.01,torch.nn.Linear.reset_parameters: kaiming_uniform_(a=sqrt(5)); bias_uniform_bound=1/sqrt(fan_in),0.5773502691896257,1.370975041994825
unequal_major,True,0.0,1.0,1.6,0.2,0.2,0.2,0.125,"(1.6, 0.0, 0.0)","(0.0, 0.0, 0.0)",1000,tanh,True,8,4,0,30000,40000,True,1.0,1.0,True,False,2000,0.01,torch.nn.Linear.reset_parameters: kaiming_uniform_(a=sqrt(5)); bias_uniform_bound=1/sqrt(fan_in),0.5773502691896257,1.3420275000389665
unequal_major,True,0.0,1.0,1.6,0.2,0.2,0.2,0.125,"(1.6, 0.0, 0.0)","(0.0, 0.0, 0.0)",1000,tanh,True,8,4,1,30001,40001,True,1.0,1.0,True,False,2000,0.01,torch.nn.Linear.reset_parameters: kaiming_uniform_(a=sqrt(5)); bias_uniform_bound=1/sqrt(fan_in),0.5773502691896257,1.344469083007425
unequal_major,True,0.0,1.0,1.6,0.2,0.2,0.2,0.125,"(1.6, 0.0, 0.0)","(0.0, 0.0, 0.0)",1000,tanh,True,8,4,2,30002,40002,False,0.9745,0.9735,False,False,2000,0.01,torch.nn.Linear.reset_parameters: kaiming_uniform_(a=sqrt(5)); bias_uniform_bound=1/sqrt(fan_in),0.5773502691896257,1.3458662920165807
unequal_major,True,0.0,1.0,1.6,0.2,0.2,0.2,0.125,"(1.6, 0.0, 0.0)","(0.0, 0.0, 0.0)",1000,tanh,True,8,4,3,30003,40003,False,0.9725,0.9655,False,False,2000,0.01,torch.nn.Linear.reset_parameters: kaiming_uniform_(a=sqrt(5)); bias_uniform_bound=1/sqrt(fan_in),0.5773502691896257,1.3481721660355106
unequal_major,True,0.0,1.0,1.6,0.2,0.2,0.2,0.125,"(1.6, 0.0, 0.0)","(0.0, 0.0, 0.0)",1000,tanh,True,8,4,4,30004,40004,False,0.9675,0.974,False,False,2000,0.01,torch.nn.Linear.reset_parameters: kaiming_uniform_(a=sqrt(5)); bias_uniform_bound=1/sqrt(fan_in),0.5773502691896257,1.339770834078081
unequal_major,True,0.0,1.0,1.6,0.2,0.2,0.2,0.125,"(1.6, 0.0, 0.0)","(0.0, 0.0, 0.0)",1000,tanh,True,8,4,5,30005,40005,False,0.988,0.978,False,False,2000,0.01,torch.nn.Linear.reset_parameters: kaiming_uniform_(a=sqrt(5)); bias_uniform_bound=1/sqrt(fan_in),0.5773502691896257,1.3373647910775617
unequal_major,True,0.0,1.0,1.6,0.2,0.2,0.2,0.125,"(1.6, 0.0, 0.0)","(0.0, 0.0, 0.0)",1000,tanh,True,8,4,6,30006,40006,False,0.9765,0.9755,False,False,2000,0.01,torch.nn.Linear.reset_parameters: kaiming_uniform_(a=sqrt(5)); bias_uniform_bound=1/sqrt(fan_in),0.5773502691896257,1.339172707987018
unequal_major,True,0.0,1.0,1.6,0.2,0.2,0.2,0.125,"(1.6, 0.0, 0.0)","(0.0, 0.0, 0.0)",1000,tanh,True,8,4,7,30007,40007,True,1.0,1.0,True,False,2000,0.01,torch.nn.Linear.reset_parameters: kaiming_uniform_(a=sqrt(5)); bias_uniform_bound=1/sqrt(fan_in),0.5773502691896257,1.340270125074312
unequal_major,True,0.0,1.0,1.6,0.2,0.2,0.2,0.125,"(1.6, 0.0, 0.0)","(0.0, 0.0, 0.0)",1000,tanh,True,8,4,8,30008,40008,False,0.978,0.977,False,False,2000,0.01,torch.nn.Linear.reset_parameters: kaiming_uniform_(a=sqrt(5)); bias_uniform_bound=1/sqrt(fan_in),0.5773502691896257,1.3394185830838978
unequal_major,True,0.0,1.0,1.6,0.2,0.2,0.2,0.125,"(1.6, 0.0, 0.0)","(0.0, 0.0, 0.0)",1000,tanh,True,8,4,9,30009,40009,True,1.0,1.0,True,False,2000,0.01,torch.nn.Linear.reset_parameters: kaiming_uniform_(a=sqrt(5)); bias_uniform_bound=1/sqrt(fan_in),0.5773502691896257,1.3431230830028653
unequal_major,True,0.0,1.0,1.6,0.2,0.2,0.2,0.125,"(1.6, 0.0, 0.0)","(0.0, 0.0, 0.0)",1000,tanh,True,12,3,0,30000,40000,False,0.7925,0.773,False,False,2000,0.01,torch.nn.Linear.reset_parameters: kaiming_uniform_(a=sqrt(5)); bias_uniform_bound=1/sqrt(fan_in),0.5773502691896257,1.938041332992725
unequal_major,True,0.0,1.0,1.6,0.2,0.2,0.2,0.125,"(1.6, 0.0, 0.0)","(0.0, 0.0, 0.0)",1000,tanh,True,12,3,1,30001,40001,False,0.7965,0.7835,False,False,2000,0.01,torch.nn.Linear.reset_parameters: kaiming_uniform_(a=sqrt(5)); bias_uniform_bound=1/sqrt(fan_in),0.5773502691896257,1.9688810420921072
unequal_major,True,0.0,1.0,1.6,0.2,0.2,0.2,0.125,"(1.6, 0.0, 0.0)","(0.0, 0.0, 0.0)",1000,tanh,True,12,3,2,30002,40002,False,0.978,0.975,False,False,2000,0.01,torch.nn.Linear.reset_parameters: kaiming_uniform_(a=sqrt(5)); bias_uniform_bound=1/sqrt(fan_in),0.5773502691896257,1.9484849589644
unequal_major,True,0.0,1.0,1.6,0.2,0.2,0.2,0.125,"(1.6, 0.0, 0.0)","(0.0, 0.0, 0.0)",1000,tanh,True,12,3,3,30003,40003,False,0.983,0.978,False,False,2000,0.01,torch.nn.Linear.reset_parameters: kaiming_uniform_(a=sqrt(5)); bias_uniform_bound=1/sqrt(fan_in),0.5773502691896257,2.054267792031169
unequal_major,True,0.0,1.0,1.6,0.2,0.2,0.2,0.125,"(1.6, 0.0, 0.0)","(0.0, 0.0, 0.0)",1000,tanh,True,12,3,4,30004,40004,False,0.9715,0.9775,False,False,2000,0.01,torch.nn.Linear.reset_parameters: kaiming_uniform_(a=sqrt(5)); bias_uniform_bound=1/sqrt(fan_in),0.5773502691896257,1.9485183330252767
unequal_major,True,0.0,1.0,1.6,0.2,0.2,0.2,0.125,"(1.6, 0.0, 0.0)","(0.0, 0.0, 0.0)",1000,tanh,True,12,3,5,30005,40005,False,0.988,0.9795,False,False,2000,0.01,torch.nn.Linear.reset_parameters: kaiming_uniform_(a=sqrt(5)); bias_uniform_bound=1/sqrt(fan_in),0.5773502691896257,1.9498052499257028
unequal_major,True,0.0,1.0,1.6,0.2,0.2,0.2,0.125,"(1.6, 0.0, 0.0)","(0.0, 0.0, 0.0)",1000,tanh,True,12,3,6,30006,40006,False,0.982,0.9765,False,False,2000,0.01,torch.nn.Linear.reset_parameters: kaiming_uniform_(a=sqrt(5)); bias_uniform_bound=1/sqrt(fan_in),0.5773502691896257,1.968531082966365
unequal_major,True,0.0,1.0,1.6,0.2,0.2,0.2,0.125,"(1.6, 0.0, 0.0)","(0.0, 0.0, 0.0)",1000,tanh,True,12,3,7,30007,40007,False,0.9725,0.9745,False,False,2000,0.01,torch.nn.Linear.reset_parameters: kaiming_uniform_(a=sqrt(5)); bias_uniform_bound=1/sqrt(fan_in),0.5773502691896257,1.9398280420573428
unequal_major,True,0.0,1.0,1.6,0.2,0.2,0.2,0.125,"(1.6, 0.0, 0.0)","(0.0, 0.0, 0.0)",1000,tanh,True,12,3,8,30008,40008,False,0.982,0.982,False,False,2000,0.01,torch.nn.Linear.reset_parameters: kaiming_uniform_(a=sqrt(5)); bias_uniform_bound=1/sqrt(fan_in),0.5773502691896257,1.945401957957074
unequal_major,True,0.0,1.0,1.6,0.2,0.2,0.2,0.125,"(1.6, 0.0, 0.0)","(0.0, 0.0, 0.0)",1000,tanh,True,12,3,9,30009,40009,False,0.9615,0.966,False,False,2000,0.01,torch.nn.Linear.reset_parameters: kaiming_uniform_(a=sqrt(5)); bias_uniform_bound=1/sqrt(fan_in),0.5773502691896257,1.9491647500544786
unequal_major,True,0.0,1.0,1.6,0.2,0.2,0.2,0.125,"(1.6, 0.0, 0.0)","(0.0, 0.0, 0.0)",1000,tanh,True,12,4,0,30000,40000,False,0.97,0.972,False,False,2000,0.01,torch.nn.Linear.reset_parameters: kaiming_uniform_(a=sqrt(5)); bias_uniform_bound=1/sqrt(fan_in),0.5773502691896257,1.8981392499990761
unequal_major,True,0.0,1.0,1.6,0.2,0.2,0.2,0.125,"(1.6, 0.0, 0.0)","(0.0, 0.0, 0.0)",1000,tanh,True,12,4,1,30001,40001,False,0.9805,0.9755,False,False,2000,0.01,torch.nn.Linear.reset_parameters: kaiming_uniform_(a=sqrt(5)); bias_uniform_bound=1/sqrt(fan_in),0.5773502691896257,1.9017187919234857
unequal_major,True,0.0,1.0,1.6,0.2,0.2,0.2,0.125,"(1.6, 0.0, 0.0)","(0.0, 0.0, 0.0)",1000,tanh,True,12,4,2,30002,40002,True,1.0,1.0,True,False,2000,0.01,torch.nn.Linear.reset_parameters: kaiming_uniform_(a=sqrt(5)); bias_uniform_bound=1/sqrt(fan_in),0.5773502691896257,1.9128463339293376
unequal_major,True,0.0,1.0,1.6,0.2,0.2,0.2,0.125,"(1.6, 0.0, 0.0)","(0.0, 0.0, 0.0)",1000,tanh,True,12,4,3,30003,40003,False,0.9745,0.9725,False,False,2000,0.01,torch.nn.Linear.reset_parameters: kaiming_uniform_(a=sqrt(5)); bias_uniform_bound=1/sqrt(fan_in),0.5773502691896257,1.8972705419873819
unequal_major,True,0.0,1.0,1.6,0.2,0.2,0.2,0.125,"(1.6, 0.0, 0.0)","(0.0, 0.0, 0.0)",1000,tanh,True,12,4,4,30004,40004,False,0.9675,0.967,False,False,2000,0.01,torch.nn.Linear.reset_parameters: kaiming_uniform_(a=sqrt(5)); bias_uniform_bound=1/sqrt(fan_in),0.5773502691896257,1.8964360420359299
unequal_major,True,0.0,1.0,1.6,0.2,0.2,0.2,0.125,"(1.6, 0.0, 0.0)","(0.0, 0.0, 0.0)",1000,tanh,True,12,4,5,30005,40005,False,0.9855,0.9795,False,False,2000,0.01,torch.nn.Linear.reset_parameters: kaiming_uniform_(a=sqrt(5)); bias_uniform_bound=1/sqrt(fan_in),0.5773502691896257,1.8971741669811308
unequal_major,True,0.0,1.0,1.6,0.2,0.2,0.2,0.125,"(1.6, 0.0, 0.0)","(0.0, 0.0, 0.0)",1000,tanh,True,12,4,6,30006,40006,False,0.9845,0.9785,False,False,2000,0.01,torch.nn.Linear.reset_parameters: kaiming_uniform_(a=sqrt(5)); bias_uniform_bound=1/sqrt(fan_in),0.5773502691896257,1.8997791250003502
unequal_major,True,0.0,1.0,1.6,0.2,0.2,0.2,0.125,"(1.6, 0.0, 0.0)","(0.0, 0.0, 0.0)",1000,tanh,True,12,4,7,30007,40007,True,1.0,1.0,True,False,2000,0.01,torch.nn.Linear.reset_parameters: kaiming_uniform_(a=sqrt(5)); bias_uniform_bound=1/sqrt(fan_in),0.5773502691896257,1.8973583340412006
unequal_major,True,0.0,1.0,1.6,0.2,0.2,0.2,0.125,"(1.6, 0.0, 0.0)","(0.0, 0.0, 0.0)",1000,tanh,True,12,4,8,30008,40008,True,1.0,1.0,True,False,2000,0.01,torch.nn.Linear.reset_parameters: kaiming_uniform_(a=sqrt(5)); bias_uniform_bound=1/sqrt(fan_in),0.5773502691896257,1.889275167020969
unequal_major,True,0.0,1.0,1.6,0.2,0.2,0.2,0.125,"(1.6, 0.0, 0.0)","(0.0, 0.0, 0.0)",1000,tanh,True,12,4,9,30009,40009,True,1.0,1.0,True,False,2000,0.01,torch.nn.Linear.reset_parameters: kaiming_uniform_(a=sqrt(5)); bias_uniform_bound=1/sqrt(fan_in),0.5773502691896257,1.9004662919323891
unequal_major,True,0.0,1.0,1.6,0.2,0.2,0.2,0.125,"(1.6, 0.0, 0.0)","(0.0, 0.0, 0.0)",1000,relu,True,3,3,0,30000,40000,False,0.5,0.5,False,True,2000,0.01,torch.nn.Linear.reset_parameters: kaiming_uniform_(a=sqrt(5)); bias_uniform_bound=1/sqrt(fan_in),0.5773502691896257,0.593653375050053
unequal_major,True,0.0,1.0,1.6,0.2,0.2,0.2,0.125,"(1.6, 0.0, 0.0)","(0.0, 0.0, 0.0)",1000,relu,True,3,3,1,30001,40001,False,0.5,0.5,False,True,2000,0.01,torch.nn.Linear.reset_parameters: kaiming_uniform_(a=sqrt(5)); bias_uniform_bound=1/sqrt(fan_in),0.5773502691896257,0.5969912080327049
unequal_major,True,0.0,1.0,1.6,0.2,0.2,0.2,0.125,"(1.6, 0.0, 0.0)","(0.0, 0.0, 0.0)",1000,relu,True,3,3,2,30002,40002,False,0.9385,0.931,False,False,2000,0.01,torch.nn.Linear.reset_parameters: kaiming_uniform_(a=sqrt(5)); bias_uniform_bound=1/sqrt(fan_in),0.5773502691896257,0.6093957079574466
unequal_major,True,0.0,1.0,1.6,0.2,0.2,0.2,0.125,"(1.6, 0.0, 0.0)","(0.0, 0.0, 0.0)",1000,relu,True,3,3,3,30003,40003,False,0.961,0.973,False,False,2000,0.01,torch.nn.Linear.reset_parameters: kaiming_uniform_(a=sqrt(5)); bias_uniform_bound=1/sqrt(fan_in),0.5773502691896257,0.5904936660081148
unequal_major,True,0.0,1.0,1.6,0.2,0.2,0.2,0.125,"(1.6, 0.0, 0.0)","(0.0, 0.0, 0.0)",1000,relu,True,3,3,4,30004,40004,False,0.976,0.9795,False,False,2000,0.01,torch.nn.Linear.reset_parameters: kaiming_uniform_(a=sqrt(5)); bias_uniform_bound=1/sqrt(fan_in),0.5773502691896257,0.5907414169050753
unequal_major,True,0.0,1.0,1.6,0.2,0.2,0.2,0.125,"(1.6, 0.0, 0.0)","(0.0, 0.0, 0.0)",1000,relu,True,3,3,5,30005,40005,False,0.9825,0.9815,False,False,2000,0.01,torch.nn.Linear.reset_parameters: kaiming_uniform_(a=sqrt(5)); bias_uniform_bound=1/sqrt(fan_in),0.5773502691896257,0.5950293750502169
unequal_major,True,0.0,1.0,1.6,0.2,0.2,0.2,0.125,"(1.6, 0.0, 0.0)","(0.0, 0.0, 0.0)",1000,relu,True,3,3,6,30006,40006,False,0.9835,0.982,False,False,2000,0.01,torch.nn.Linear.reset_parameters: kaiming_uniform_(a=sqrt(5)); bias_uniform_bound=1/sqrt(fan_in),0.5773502691896257,0.6021071670111269
unequal_major,True,0.0,1.0,1.6,0.2,0.2,0.2,0.125,"(1.6, 0.0, 0.0)","(0.0, 0.0, 0.0)",1000,relu,True,3,3,7,30007,40007,False,0.965,0.971,False,False,2000,0.01,torch.nn.Linear.reset_parameters: kaiming_uniform_(a=sqrt(5)); bias_uniform_bound=1/sqrt(fan_in),0.5773502691896257,0.5954041660297662
unequal_major,True,0.0,1.0,1.6,0.2,0.2,0.2,0.125,"(1.6, 0.0, 0.0)","(0.0, 0.0, 0.0)",1000,relu,True,3,3,8,30008,40008,False,0.5,0.5,False,True,2000,0.01,torch.nn.Linear.reset_parameters: kaiming_uniform_(a=sqrt(5)); bias_uniform_bound=1/sqrt(fan_in),0.5773502691896257,0.598426750046201
unequal_major,True,0.0,1.0,1.6,0.2,0.2,0.2,0.125,"(1.6, 0.0, 0.0)","(0.0, 0.0, 0.0)",1000,relu,True,3,3,9,30009,40009,False,0.969,0.9695,False,False,2000,0.01,torch.nn.Linear.reset_parameters: kaiming_uniform_(a=sqrt(5)); bias_uniform_bound=1/sqrt(fan_in),0.5773502691896257,0.595844375086017
unequal_major,True,0.0,1.0,1.6,0.2,0.2,0.2,0.125,"(1.6, 0.0, 0.0)","(0.0, 0.0, 0.0)",1000,relu,True,3,4,0,30000,40000,False,0.5,0.5,False,True,2000,0.01,torch.nn.Linear.reset_parameters: kaiming_uniform_(a=sqrt(5)); bias_uniform_bound=1/sqrt(fan_in),0.5773502691896257,0.5501947910524905
unequal_major,True,0.0,1.0,1.6,0.2,0.2,0.2,0.125,"(1.6, 0.0, 0.0)","(0.0, 0.0, 0.0)",1000,relu,True,3,4,1,30001,40001,False,0.9775,0.9745,False,False,2000,0.01,torch.nn.Linear.reset_parameters: kaiming_uniform_(a=sqrt(5)); bias_uniform_bound=1/sqrt(fan_in),0.5773502691896257,0.556052542058751
unequal_major,True,0.0,1.0,1.6,0.2,0.2,0.2,0.125,"(1.6, 0.0, 0.0)","(0.0, 0.0, 0.0)",1000,relu,True,3,4,2,30002,40002,False,0.977,0.969,False,False,2000,0.01,torch.nn.Linear.reset_parameters: kaiming_uniform_(a=sqrt(5)); bias_uniform_bound=1/sqrt(fan_in),0.5773502691896257,0.554094833903946
unequal_major,True,0.0,1.0,1.6,0.2,0.2,0.2,0.125,"(1.6, 0.0, 0.0)","(0.0, 0.0, 0.0)",1000,relu,True,3,4,3,30003,40003,False,0.953,0.967,False,False,2000,0.01,torch.nn.Linear.reset_parameters: kaiming_uniform_(a=sqrt(5)); bias_uniform_bound=1/sqrt(fan_in),0.5773502691896257,0.5509288749890402
unequal_major,True,0.0,1.0,1.6,0.2,0.2,0.2,0.125,"(1.6, 0.0, 0.0)","(0.0, 0.0, 0.0)",1000,relu,True,3,4,4,30004,40004,False,0.9835,0.985,False,False,2000,0.01,torch.nn.Linear.reset_parameters: kaiming_uniform_(a=sqrt(5)); bias_uniform_bound=1/sqrt(fan_in),0.5773502691896257,0.5509996250038967
unequal_major,True,0.0,1.0,1.6,0.2,0.2,0.2,0.125,"(1.6, 0.0, 0.0)","(0.0, 0.0, 0.0)",1000,relu,True,3,4,5,30005,40005,False,0.9855,0.9805,False,False,2000,0.01,torch.nn.Linear.reset_parameters: kaiming_uniform_(a=sqrt(5)); bias_uniform_bound=1/sqrt(fan_in),0.5773502691896257,0.5516751670511439
unequal_major,True,0.0,1.0,1.6,0.2,0.2,0.2,0.125,"(1.6, 0.0, 0.0)","(0.0, 0.0, 0.0)",1000,relu,True,3,4,6,30006,40006,True,1.0,1.0,True,False,2000,0.01,torch.nn.Linear.reset_parameters: kaiming_uniform_(a=sqrt(5)); bias_uniform_bound=1/sqrt(fan_in),0.5773502691896257,0.5552453750278801
unequal_major,True,0.0,1.0,1.6,0.2,0.2,0.2,0.125,"(1.6, 0.0, 0.0)","(0.0, 0.0, 0.0)",1000,relu,True,3,4,7,30007,40007,False,0.978,0.9745,False,False,2000,0.01,torch.nn.Linear.reset_parameters: kaiming_uniform_(a=sqrt(5)); bias_uniform_bound=1/sqrt(fan_in),0.5773502691896257,0.5524508330272511
unequal_major,True,0.0,1.0,1.6,0.2,0.2,0.2,0.125,"(1.6, 0.0, 0.0)","(0.0, 0.0, 0.0)",1000,relu,True,3,4,8,30008,40008,False,0.973,0.9695,False,False,2000,0.01,torch.nn.Linear.reset_parameters: kaiming_uniform_(a=sqrt(5)); bias_uniform_bound=1/sqrt(fan_in),0.5773502691896257,0.5599965830333531
unequal_major,True,0.0,1.0,1.6,0.2,0.2,0.2,0.125,"(1.6, 0.0, 0.0)","(0.0, 0.0, 0.0)",1000,relu,True,3,4,9,30009,40009,False,0.988,0.9835,False,False,2000,0.01,torch.nn.Linear.reset_parameters: kaiming_uniform_(a=sqrt(5)); bias_uniform_bound=1/sqrt(fan_in),0.5773502691896257,0.5565580409020185
unequal_major,True,0.0,1.0,1.6,0.2,0.2,0.2,0.125,"(1.6, 0.0, 0.0)","(0.0, 0.0, 0.0)",1000,relu,True,5,3,0,30000,40000,False,0.5,0.5,False,True,2000,0.01,torch.nn.Linear.reset_parameters: kaiming_uniform_(a=sqrt(5)); bias_uniform_bound=1/sqrt(fan_in),0.5773502691896257,0.9006056250073016
unequal_major,True,0.0,1.0,1.6,0.2,0.2,0.2,0.125,"(1.6, 0.0, 0.0)","(0.0, 0.0, 0.0)",1000,relu,True,5,3,1,30001,40001,False,0.5,0.5,False,True,2000,0.01,torch.nn.Linear.reset_parameters: kaiming_uniform_(a=sqrt(5)); bias_uniform_bound=1/sqrt(fan_in),0.5773502691896257,0.8467149590142071
unequal_major,True,0.0,1.0,1.6,0.2,0.2,0.2,0.125,"(1.6, 0.0, 0.0)","(0.0, 0.0, 0.0)",1000,relu,True,5,3,2,30002,40002,False,0.963,0.9625,False,False,2000,0.01,torch.nn.Linear.reset_parameters: kaiming_uniform_(a=sqrt(5)); bias_uniform_bound=1/sqrt(fan_in),0.5773502691896257,0.8396489999722689
unequal_major,True,0.0,1.0,1.6,0.2,0.2,0.2,0.125,"(1.6, 0.0, 0.0)","(0.0, 0.0, 0.0)",1000,relu,True,5,3,3,30003,40003,False,0.5,0.5,False,True,2000,0.01,torch.nn.Linear.reset_parameters: kaiming_uniform_(a=sqrt(5)); bias_uniform_bound=1/sqrt(fan_in),0.5773502691896257,0.8367729579331353
unequal_major,True,0.0,1.0,1.6,0.2,0.2,0.2,0.125,"(1.6, 0.0, 0.0)","(0.0, 0.0, 0.0)",1000,relu,True,5,3,4,30004,40004,False,0.982,0.9825,False,False,2000,0.01,torch.nn.Linear.reset_parameters: kaiming_uniform_(a=sqrt(5)); bias_uniform_bound=1/sqrt(fan_in),0.5773502691896257,0.8356435839086771
unequal_major,True,0.0,1.0,1.6,0.2,0.2,0.2,0.125,"(1.6, 0.0, 0.0)","(0.0, 0.0, 0.0)",1000,relu,True,5,3,5,30005,40005,False,0.9745,0.9735,False,False,2000,0.01,torch.nn.Linear.reset_parameters: kaiming_uniform_(a=sqrt(5)); bias_uniform_bound=1/sqrt(fan_in),0.5773502691896257,0.8349114160519093
unequal_major,True,0.0,1.0,1.6,0.2,0.2,0.2,0.125,"(1.6, 0.0, 0.0)","(0.0, 0.0, 0.0)",1000,relu,True,5,3,6,30006,40006,False,0.9835,0.981,False,False,2000,0.01,torch.nn.Linear.reset_parameters: kaiming_uniform_(a=sqrt(5)); bias_uniform_bound=1/sqrt(fan_in),0.5773502691896257,0.9478866250719875
unequal_major,True,0.0,1.0,1.6,0.2,0.2,0.2,0.125,"(1.6, 0.0, 0.0)","(0.0, 0.0, 0.0)",1000,relu,True,5,3,7,30007,40007,False,0.9675,0.962,False,False,2000,0.01,torch.nn.Linear.reset_parameters: kaiming_uniform_(a=sqrt(5)); bias_uniform_bound=1/sqrt(fan_in),0.5773502691896257,0.8444387499475852
unequal_major,True,0.0,1.0,1.6,0.2,0.2,0.2,0.125,"(1.6, 0.0, 0.0)","(0.0, 0.0, 0.0)",1000,relu,True,5,3,8,30008,40008,False,0.5,0.5,False,True,2000,0.01,torch.nn.Linear.reset_parameters: kaiming_uniform_(a=sqrt(5)); bias_uniform_bound=1/sqrt(fan_in),0.5773502691896257,0.8447380419820547
unequal_major,True,0.0,1.0,1.6,0.2,0.2,0.2,0.125,"(1.6, 0.0, 0.0)","(0.0, 0.0, 0.0)",1000,relu,True,5,3,9,30009,40009,False,0.97,0.969,False,False,2000,0.01,torch.nn.Linear.reset_parameters: kaiming_uniform_(a=sqrt(5)); bias_uniform_bound=1/sqrt(fan_in),0.5773502691896257,0.8412346669938415
unequal_major,True,0.0,1.0,1.6,0.2,0.2,0.2,0.125,"(1.6, 0.0, 0.0)","(0.0, 0.0, 0.0)",1000,relu,True,5,4,0,30000,40000,False,0.5,0.5,False,True,2000,0.01,torch.nn.Linear.reset_parameters: kaiming_uniform_(a=sqrt(5)); bias_uniform_bound=1/sqrt(fan_in),0.5773502691896257,0.7746136250207201
unequal_major,True,0.0,1.0,1.6,0.2,0.2,0.2,0.125,"(1.6, 0.0, 0.0)","(0.0, 0.0, 0.0)",1000,relu,True,5,4,1,30001,40001,True,1.0,1.0,True,False,2000,0.01,torch.nn.Linear.reset_parameters: kaiming_uniform_(a=sqrt(5)); bias_uniform_bound=1/sqrt(fan_in),0.5773502691896257,0.7651403750060126
unequal_major,True,0.0,1.0,1.6,0.2,0.2,0.2,0.125,"(1.6, 0.0, 0.0)","(0.0, 0.0, 0.0)",1000,relu,True,5,4,2,30002,40002,False,0.955,0.9575,False,False,2000,0.01,torch.nn.Linear.reset_parameters: kaiming_uniform_(a=sqrt(5)); bias_uniform_bound=1/sqrt(fan_in),0.5773502691896257,0.7646630830131471
unequal_major,True,0.0,1.0,1.6,0.2,0.2,0.2,0.125,"(1.6, 0.0, 0.0)","(0.0, 0.0, 0.0)",1000,relu,True,5,4,3,30003,40003,False,0.981,0.976,False,False,2000,0.01,torch.nn.Linear.reset_parameters: kaiming_uniform_(a=sqrt(5)); bias_uniform_bound=1/sqrt(fan_in),0.5773502691896257,0.7706483749207109
unequal_major,True,0.0,1.0,1.6,0.2,0.2,0.2,0.125,"(1.6, 0.0, 0.0)","(0.0, 0.0, 0.0)",1000,relu,True,5,4,4,30004,40004,False,0.9755,0.98,False,False,2000,0.01,torch.nn.Linear.reset_parameters: kaiming_uniform_(a=sqrt(5)); bias_uniform_bound=1/sqrt(fan_in),0.5773502691896257,0.7716672499664128
unequal_major,True,0.0,1.0,1.6,0.2,0.2,0.2,0.125,"(1.6, 0.0, 0.0)","(0.0, 0.0, 0.0)",1000,relu,True,5,4,5,30005,40005,False,0.5,0.5,False,True,2000,0.01,torch.nn.Linear.reset_parameters: kaiming_uniform_(a=sqrt(5)); bias_uniform_bound=1/sqrt(fan_in),0.5773502691896257,0.7654550829902291
unequal_major,True,0.0,1.0,1.6,0.2,0.2,0.2,0.125,"(1.6, 0.0, 0.0)","(0.0, 0.0, 0.0)",1000,relu,True,5,4,6,30006,40006,False,0.9835,0.9805,False,False,2000,0.01,torch.nn.Linear.reset_parameters: kaiming_uniform_(a=sqrt(5)); bias_uniform_bound=1/sqrt(fan_in),0.5773502691896257,0.7682963750557974
unequal_major,True,0.0,1.0,1.6,0.2,0.2,0.2,0.125,"(1.6, 0.0, 0.0)","(0.0, 0.0, 0.0)",1000,relu,True,5,4,7,30007,40007,False,0.993,0.985,False,False,2000,0.01,torch.nn.Linear.reset_parameters: kaiming_uniform_(a=sqrt(5)); bias_uniform_bound=1/sqrt(fan_in),0.5773502691896257,0.7671599999302998
unequal_major,True,0.0,1.0,1.6,0.2,0.2,0.2,0.125,"(1.6, 0.0, 0.0)","(0.0, 0.0, 0.0)",1000,relu,True,5,4,8,30008,40008,False,0.9705,0.966,False,False,2000,0.01,torch.nn.Linear.reset_parameters: kaiming_uniform_(a=sqrt(5)); bias_uniform_bound=1/sqrt(fan_in),0.5773502691896257,0.7678432499524206
unequal_major,True,0.0,1.0,1.6,0.2,0.2,0.2,0.125,"(1.6, 0.0, 0.0)","(0.0, 0.0, 0.0)",1000,relu,True,5,4,9,30009,40009,False,0.5,0.5,False,True,2000,0.01,torch.nn.Linear.reset_parameters: kaiming_uniform_(a=sqrt(5)); bias_uniform_bound=1/sqrt(fan_in),0.5773502691896257,0.7651309169596061
unequal_major,True,0.0,1.0,1.6,0.2,0.2,0.2,0.125,"(1.6, 0.0, 0.0)","(0.0, 0.0, 0.0)",1000,relu,True,8,3,0,30000,40000,False,0.5,0.5,False,True,2000,0.01,torch.nn.Linear.reset_parameters: kaiming_uniform_(a=sqrt(5)); bias_uniform_bound=1/sqrt(fan_in),0.5773502691896257,1.2342995000071824
unequal_major,True,0.0,1.0,1.6,0.2,0.2,0.2,0.125,"(1.6, 0.0, 0.0)","(0.0, 0.0, 0.0)",1000,relu,True,8,3,1,30001,40001,False,0.5,0.5,False,True,2000,0.01,torch.nn.Linear.reset_parameters: kaiming_uniform_(a=sqrt(5)); bias_uniform_bound=1/sqrt(fan_in),0.5773502691896257,1.206474666018039
unequal_major,True,0.0,1.0,1.6,0.2,0.2,0.2,0.125,"(1.6, 0.0, 0.0)","(0.0, 0.0, 0.0)",1000,relu,True,8,3,2,30002,40002,False,0.5,0.5,False,True,2000,0.01,torch.nn.Linear.reset_parameters: kaiming_uniform_(a=sqrt(5)); bias_uniform_bound=1/sqrt(fan_in),0.5773502691896257,1.197189874947071
unequal_major,True,0.0,1.0,1.6,0.2,0.2,0.2,0.125,"(1.6, 0.0, 0.0)","(0.0, 0.0, 0.0)",1000,relu,True,8,3,3,30003,40003,False,0.5,0.5,False,True,2000,0.01,torch.nn.Linear.reset_parameters: kaiming_uniform_(a=sqrt(5)); bias_uniform_bound=1/sqrt(fan_in),0.5773502691896257,1.2002094580093399
unequal_major,True,0.0,1.0,1.6,0.2,0.2,0.2,0.125,"(1.6, 0.0, 0.0)","(0.0, 0.0, 0.0)",1000,relu,True,8,3,4,30004,40004,False,0.984,0.98,False,False,2000,0.01,torch.nn.Linear.reset_parameters: kaiming_uniform_(a=sqrt(5)); bias_uniform_bound=1/sqrt(fan_in),0.5773502691896257,1.214758790913038
unequal_major,True,0.0,1.0,1.6,0.2,0.2,0.2,0.125,"(1.6, 0.0, 0.0)","(0.0, 0.0, 0.0)",1000,relu,True,8,3,5,30005,40005,False,0.5,0.5,False,True,2000,0.01,torch.nn.Linear.reset_parameters: kaiming_uniform_(a=sqrt(5)); bias_uniform_bound=1/sqrt(fan_in),0.5773502691896257,1.1951366669964045
unequal_major,True,0.0,1.0,1.6,0.2,0.2,0.2,0.125,"(1.6, 0.0, 0.0)","(0.0, 0.0, 0.0)",1000,relu,True,8,3,6,30006,40006,False,0.5,0.5,False,True,2000,0.01,torch.nn.Linear.reset_parameters: kaiming_uniform_(a=sqrt(5)); bias_uniform_bound=1/sqrt(fan_in),0.5773502691896257,1.1964052920229733
unequal_major,True,0.0,1.0,1.6,0.2,0.2,0.2,0.125,"(1.6, 0.0, 0.0)","(0.0, 0.0, 0.0)",1000,relu,True,8,3,7,30007,40007,False,0.5,0.5,False,True,2000,0.01,torch.nn.Linear.reset_parameters: kaiming_uniform_(a=sqrt(5)); bias_uniform_bound=1/sqrt(fan_in),0.5773502691896257,1.1994265000103042
unequal_major,True,0.0,1.0,1.6,0.2,0.2,0.2,0.125,"(1.6, 0.0, 0.0)","(0.0, 0.0, 0.0)",1000,relu,True,8,3,8,30008,40008,False,0.5,0.5,False,True,2000,0.01,torch.nn.Linear.reset_parameters: kaiming_uniform_(a=sqrt(5)); bias_uniform_bound=1/sqrt(fan_in),0.5773502691896257,1.1936717909993604
unequal_major,True,0.0,1.0,1.6,0.2,0.2,0.2,0.125,"(1.6, 0.0, 0.0)","(0.0, 0.0, 0.0)",1000,relu,True,8,3,9,30009,40009,False,0.5,0.5,False,True,2000,0.01,torch.nn.Linear.reset_parameters: kaiming_uniform_(a=sqrt(5)); bias_uniform_bound=1/sqrt(fan_in),0.5773502691896257,1.189320708042942
unequal_major,True,0.0,1.0,1.6,0.2,0.2,0.2,0.125,"(1.6, 0.0, 0.0)","(0.0, 0.0, 0.0)",1000,relu,True,8,4,0,30000,40000,False,0.5,0.5,False,True,2000,0.01,torch.nn.Linear.reset_parameters: kaiming_uniform_(a=sqrt(5)); bias_uniform_bound=1/sqrt(fan_in),0.5773502691896257,1.0733834590064362
unequal_major,True,0.0,1.0,1.6,0.2,0.2,0.2,0.125,"(1.6, 0.0, 0.0)","(0.0, 0.0, 0.0)",1000,relu,True,8,4,1,30001,40001,False,0.5,0.5,False,True,2000,0.01,torch.nn.Linear.reset_parameters: kaiming_uniform_(a=sqrt(5)); bias_uniform_bound=1/sqrt(fan_in),0.5773502691896257,1.0767686670878902
unequal_major,True,0.0,1.0,1.6,0.2,0.2,0.2,0.125,"(1.6, 0.0, 0.0)","(0.0, 0.0, 0.0)",1000,relu,True,8,4,2,30002,40002,False,0.5,0.5,False,True,2000,0.01,torch.nn.Linear.reset_parameters: kaiming_uniform_(a=sqrt(5)); bias_uniform_bound=1/sqrt(fan_in),0.5773502691896257,1.0746240000007674
unequal_major,True,0.0,1.0,1.6,0.2,0.2,0.2,0.125,"(1.6, 0.0, 0.0)","(0.0, 0.0, 0.0)",1000,relu,True,8,4,3,30003,40003,False,0.5,0.5,False,True,2000,0.01,torch.nn.Linear.reset_parameters: kaiming_uniform_(a=sqrt(5)); bias_uniform_bound=1/sqrt(fan_in),0.5773502691896257,1.0740104999858886
unequal_major,True,0.0,1.0,1.6,0.2,0.2,0.2,0.125,"(1.6, 0.0, 0.0)","(0.0, 0.0, 0.0)",1000,relu,True,8,4,4,30004,40004,False,0.5,0.5,False,True,2000,0.01,torch.nn.Linear.reset_parameters: kaiming_uniform_(a=sqrt(5)); bias_uniform_bound=1/sqrt(fan_in),0.5773502691896257,1.0870703749824315
unequal_major,True,0.0,1.0,1.6,0.2,0.2,0.2,0.125,"(1.6, 0.0, 0.0)","(0.0, 0.0, 0.0)",1000,relu,True,8,4,5,30005,40005,False,0.986,0.9815,False,False,2000,0.01,torch.nn.Linear.reset_parameters: kaiming_uniform_(a=sqrt(5)); bias_uniform_bound=1/sqrt(fan_in),0.5773502691896257,1.0839167919475585
unequal_major,True,0.0,1.0,1.6,0.2,0.2,0.2,0.125,"(1.6, 0.0, 0.0)","(0.0, 0.0, 0.0)",1000,relu,True,8,4,6,30006,40006,False,0.985,0.977,False,False,2000,0.01,torch.nn.Linear.reset_parameters: kaiming_uniform_(a=sqrt(5)); bias_uniform_bound=1/sqrt(fan_in),0.5773502691896257,1.0727982090320438
unequal_major,True,0.0,1.0,1.6,0.2,0.2,0.2,0.125,"(1.6, 0.0, 0.0)","(0.0, 0.0, 0.0)",1000,relu,True,8,4,7,30007,40007,False,0.5,0.5,False,True,2000,0.01,torch.nn.Linear.reset_parameters: kaiming_uniform_(a=sqrt(5)); bias_uniform_bound=1/sqrt(fan_in),0.5773502691896257,1.0798882499802858
unequal_major,True,0.0,1.0,1.6,0.2,0.2,0.2,0.125,"(1.6, 0.0, 0.0)","(0.0, 0.0, 0.0)",1000,relu,True,8,4,8,30008,40008,False,0.5,0.5,False,True,2000,0.01,torch.nn.Linear.reset_parameters: kaiming_uniform_(a=sqrt(5)); bias_uniform_bound=1/sqrt(fan_in),0.5773502691896257,1.0765755410538986
unequal_major,True,0.0,1.0,1.6,0.2,0.2,0.2,0.125,"(1.6, 0.0, 0.0)","(0.0, 0.0, 0.0)",1000,relu,True,8,4,9,30009,40009,False,0.5,0.5,False,True,2000,0.01,torch.nn.Linear.reset_parameters: kaiming_uniform_(a=sqrt(5)); bias_uniform_bound=1/sqrt(fan_in),0.5773502691896257,1.0755221659783274
unequal_major,True,0.0,1.0,1.6,0.2,0.2,0.2,0.125,"(1.6, 0.0, 0.0)","(0.0, 0.0, 0.0)",1000,relu,True,12,3,0,30000,40000,False,0.5,0.5,False,True,2000,0.01,torch.nn.Linear.reset_parameters: kaiming_uniform_(a=sqrt(5)); bias_uniform_bound=1/sqrt(fan_in),0.5773502691896257,1.6783523330232129
unequal_major,True,0.0,1.0,1.6,0.2,0.2,0.2,0.125,"(1.6, 0.0, 0.0)","(0.0, 0.0, 0.0)",1000,relu,True,12,3,1,30001,40001,False,0.5,0.5,False,True,2000,0.01,torch.nn.Linear.reset_parameters: kaiming_uniform_(a=sqrt(5)); bias_uniform_bound=1/sqrt(fan_in),0.5773502691896257,1.6666819169186056
unequal_major,True,0.0,1.0,1.6,0.2,0.2,0.2,0.125,"(1.6, 0.0, 0.0)","(0.0, 0.0, 0.0)",1000,relu,True,12,3,2,30002,40002,False,0.5,0.5,False,True,2000,0.01,torch.nn.Linear.reset_parameters: kaiming_uniform_(a=sqrt(5)); bias_uniform_bound=1/sqrt(fan_in),0.5773502691896257,1.6701792080421
unequal_major,True,0.0,1.0,1.6,0.2,0.2,0.2,0.125,"(1.6, 0.0, 0.0)","(0.0, 0.0, 0.0)",1000,relu,True,12,3,3,30003,40003,False,0.5,0.5,False,True,2000,0.01,torch.nn.Linear.reset_parameters: kaiming_uniform_(a=sqrt(5)); bias_uniform_bound=1/sqrt(fan_in),0.5773502691896257,1.6698672500206158
unequal_major,True,0.0,1.0,1.6,0.2,0.2,0.2,0.125,"(1.6, 0.0, 0.0)","(0.0, 0.0, 0.0)",1000,relu,True,12,3,4,30004,40004,False,0.5,0.5,False,True,2000,0.01,torch.nn.Linear.reset_parameters: kaiming_uniform_(a=sqrt(5)); bias_uniform_bound=1/sqrt(fan_in),0.5773502691896257,1.667005707975477
unequal_major,True,0.0,1.0,1.6,0.2,0.2,0.2,0.125,"(1.6, 0.0, 0.0)","(0.0, 0.0, 0.0)",1000,relu,True,12,3,5,30005,40005,False,0.5,0.5,False,True,2000,0.01,torch.nn.Linear.reset_parameters: kaiming_uniform_(a=sqrt(5)); bias_uniform_bound=1/sqrt(fan_in),0.5773502691896257,1.674273333977908
unequal_major,True,0.0,1.0,1.6,0.2,0.2,0.2,0.125,"(1.6, 0.0, 0.0)","(0.0, 0.0, 0.0)",1000,relu,True,12,3,6,30006,40006,False,0.5,0.5,False,True,2000,0.01,torch.nn.Linear.reset_parameters: kaiming_uniform_(a=sqrt(5)); bias_uniform_bound=1/sqrt(fan_in),0.5773502691896257,1.6714594999793917
unequal_major,True,0.0,1.0,1.6,0.2,0.2,0.2,0.125,"(1.6, 0.0, 0.0)","(0.0, 0.0, 0.0)",1000,relu,True,12,3,7,30007,40007,False,0.5,0.5,False,True,2000,0.01,torch.nn.Linear.reset_parameters: kaiming_uniform_(a=sqrt(5)); bias_uniform_bound=1/sqrt(fan_in),0.5773502691896257,1.6744259169790894
unequal_major,True,0.0,1.0,1.6,0.2,0.2,0.2,0.125,"(1.6, 0.0, 0.0)","(0.0, 0.0, 0.0)",1000,relu,True,12,3,8,30008,40008,False,0.5,0.5,False,True,2000,0.01,torch.nn.Linear.reset_parameters: kaiming_uniform_(a=sqrt(5)); bias_uniform_bound=1/sqrt(fan_in),0.5773502691896257,1.6738124579424039
unequal_major,True,0.0,1.0,1.6,0.2,0.2,0.2,0.125,"(1.6, 0.0, 0.0)","(0.0, 0.0, 0.0)",1000,relu,True,12,3,9,30009,40009,False,0.5,0.5,False,True,2000,0.01,torch.nn.Linear.reset_parameters: kaiming_uniform_(a=sqrt(5)); bias_uniform_bound=1/sqrt(fan_in),0.5773502691896257,1.674809250049293
unequal_major,True,0.0,1.0,1.6,0.2,0.2,0.2,0.125,"(1.6, 0.0, 0.0)","(0.0, 0.0, 0.0)",1000,relu,True,12,4,0,30000,40000,False,0.5,0.5,False,True,2000,0.01,torch.nn.Linear.reset_parameters: kaiming_uniform_(a=sqrt(5)); bias_uniform_bound=1/sqrt(fan_in),0.5773502691896257,1.4796593750361353
unequal_major,True,0.0,1.0,1.6,0.2,0.2,0.2,0.125,"(1.6, 0.0, 0.0)","(0.0, 0.0, 0.0)",1000,relu,True,12,4,1,30001,40001,False,0.5,0.5,False,True,2000,0.01,torch.nn.Linear.reset_parameters: kaiming_uniform_(a=sqrt(5)); bias_uniform_bound=1/sqrt(fan_in),0.5773502691896257,1.4798227079445496
unequal_major,True,0.0,1.0,1.6,0.2,0.2,0.2,0.125,"(1.6, 0.0, 0.0)","(0.0, 0.0, 0.0)",1000,relu,True,12,4,2,30002,40002,False,0.5,0.5,False,True,2000,0.01,torch.nn.Linear.reset_parameters: kaiming_uniform_(a=sqrt(5)); bias_uniform_bound=1/sqrt(fan_in),0.5773502691896257,1.4853888340294361
unequal_major,True,0.0,1.0,1.6,0.2,0.2,0.2,0.125,"(1.6, 0.0, 0.0)","(0.0, 0.0, 0.0)",1000,relu,True,12,4,3,30003,40003,False,0.5,0.5,False,True,2000,0.01,torch.nn.Linear.reset_parameters: kaiming_uniform_(a=sqrt(5)); bias_uniform_bound=1/sqrt(fan_in),0.5773502691896257,1.4863946659024805
unequal_major,True,0.0,1.0,1.6,0.2,0.2,0.2,0.125,"(1.6, 0.0, 0.0)","(0.0, 0.0, 0.0)",1000,relu,True,12,4,4,30004,40004,False,0.5,0.5,False,True,2000,0.01,torch.nn.Linear.reset_parameters: kaiming_uniform_(a=sqrt(5)); bias_uniform_bound=1/sqrt(fan_in),0.5773502691896257,1.4859069999074563
unequal_major,True,0.0,1.0,1.6,0.2,0.2,0.2,0.125,"(1.6, 0.0, 0.0)","(0.0, 0.0, 0.0)",1000,relu,True,12,4,5,30005,40005,True,1.0,0.9995,False,False,2000,0.01,torch.nn.Linear.reset_parameters: kaiming_uniform_(a=sqrt(5)); bias_uniform_bound=1/sqrt(fan_in),0.5773502691896257,1.4857506250264123
unequal_major,True,0.0,1.0,1.6,0.2,0.2,0.2,0.125,"(1.6, 0.0, 0.0)","(0.0, 0.0, 0.0)",1000,relu,True,12,4,6,30006,40006,False,0.5,0.5,False,True,2000,0.01,torch.nn.Linear.reset_parameters: kaiming_uniform_(a=sqrt(5)); bias_uniform_bound=1/sqrt(fan_in),0.5773502691896257,1.488409125013277
unequal_major,True,0.0,1.0,1.6,0.2,0.2,0.2,0.125,"(1.6, 0.0, 0.0)","(0.0, 0.0, 0.0)",1000,relu,True,12,4,7,30007,40007,False,0.9695,0.97,False,False,2000,0.01,torch.nn.Linear.reset_parameters: kaiming_uniform_(a=sqrt(5)); bias_uniform_bound=1/sqrt(fan_in),0.5773502691896257,1.4946653340011835
unequal_major,True,0.0,1.0,1.6,0.2,0.2,0.2,0.125,"(1.6, 0.0, 0.0)","(0.0, 0.0, 0.0)",1000,relu,True,12,4,8,30008,40008,False,0.5,0.5,False,True,2000,0.01,torch.nn.Linear.reset_parameters: kaiming_uniform_(a=sqrt(5)); bias_uniform_bound=1/sqrt(fan_in),0.5773502691896257,1.4915499170310795
unequal_major,True,0.0,1.0,1.6,0.2,0.2,0.2,0.125,"(1.6, 0.0, 0.0)","(0.0, 0.0, 0.0)",1000,relu,True,12,4,9,30009,40009,False,0.5,0.5,False,True,2000,0.01,torch.nn.Linear.reset_parameters: kaiming_uniform_(a=sqrt(5)); bias_uniform_bound=1/sqrt(fan_in),0.5773502691896257,1.4853155829478055
unequal_major,True,0.0,1.0,1.6,0.2,0.2,0.2,0.125,"(1.6, 0.0, 0.0)","(0.0, 0.0, 0.0)",1000,leaky_relu,True,3,3,0,30000,40000,False,0.973,0.9675,False,False,2000,0.01,torch.nn.Linear.reset_parameters: kaiming_uniform_(a=sqrt(5)); bias_uniform_bound=1/sqrt(fan_in),0.5773502691896257,0.5950269170571119
unequal_major,True,0.0,1.0,1.6,0.2,0.2,0.2,0.125,"(1.6, 0.0, 0.0)","(0.0, 0.0, 0.0)",1000,leaky_relu,True,3,3,1,30001,40001,False,0.9815,0.971,False,False,2000,0.01,torch.nn.Linear.reset_parameters: kaiming_uniform_(a=sqrt(5)); bias_uniform_bound=1/sqrt(fan_in),0.5773502691896257,0.5980835419613868
unequal_major,True,0.0,1.0,1.6,0.2,0.2,0.2,0.125,"(1.6, 0.0, 0.0)","(0.0, 0.0, 0.0)",1000,leaky_relu,True,3,3,2,30002,40002,False,0.971,0.967,False,False,2000,0.01,torch.nn.Linear.reset_parameters: kaiming_uniform_(a=sqrt(5)); bias_uniform_bound=1/sqrt(fan_in),0.5773502691896257,0.592776000034064
unequal_major,True,0.0,1.0,1.6,0.2,0.2,0.2,0.125,"(1.6, 0.0, 0.0)","(0.0, 0.0, 0.0)",1000,leaky_relu,True,3,3,3,30003,40003,False,0.961,0.973,False,False,2000,0.01,torch.nn.Linear.reset_parameters: kaiming_uniform_(a=sqrt(5)); bias_uniform_bound=1/sqrt(fan_in),0.5773502691896257,0.5952734590973705
unequal_major,True,0.0,1.0,1.6,0.2,0.2,0.2,0.125,"(1.6, 0.0, 0.0)","(0.0, 0.0, 0.0)",1000,leaky_relu,True,3,3,4,30004,40004,False,0.9775,0.979,False,False,2000,0.01,torch.nn.Linear.reset_parameters: kaiming_uniform_(a=sqrt(5)); bias_uniform_bound=1/sqrt(fan_in),0.5773502691896257,0.5934469579951838
unequal_major,True,0.0,1.0,1.6,0.2,0.2,0.2,0.125,"(1.6, 0.0, 0.0)","(0.0, 0.0, 0.0)",1000,leaky_relu,True,3,3,5,30005,40005,False,0.9825,0.9815,False,False,2000,0.01,torch.nn.Linear.reset_parameters: kaiming_uniform_(a=sqrt(5)); bias_uniform_bound=1/sqrt(fan_in),0.5773502691896257,0.59977304097265
unequal_major,True,0.0,1.0,1.6,0.2,0.2,0.2,0.125,"(1.6, 0.0, 0.0)","(0.0, 0.0, 0.0)",1000,leaky_relu,True,3,3,6,30006,40006,False,0.9835,0.98,False,False,2000,0.01,torch.nn.Linear.reset_parameters: kaiming_uniform_(a=sqrt(5)); bias_uniform_bound=1/sqrt(fan_in),0.5773502691896257,0.6018764160107821
unequal_major,True,0.0,1.0,1.6,0.2,0.2,0.2,0.125,"(1.6, 0.0, 0.0)","(0.0, 0.0, 0.0)",1000,leaky_relu,True,3,3,7,30007,40007,False,0.965,0.972,False,False,2000,0.01,torch.nn.Linear.reset_parameters: kaiming_uniform_(a=sqrt(5)); bias_uniform_bound=1/sqrt(fan_in),0.5773502691896257,0.5972942499211058
unequal_major,True,0.0,1.0,1.6,0.2,0.2,0.2,0.125,"(1.6, 0.0, 0.0)","(0.0, 0.0, 0.0)",1000,leaky_relu,True,3,3,8,30008,40008,False,0.9795,0.981,False,False,2000,0.01,torch.nn.Linear.reset_parameters: kaiming_uniform_(a=sqrt(5)); bias_uniform_bound=1/sqrt(fan_in),0.5773502691896257,0.6000906249973923
unequal_major,True,0.0,1.0,1.6,0.2,0.2,0.2,0.125,"(1.6, 0.0, 0.0)","(0.0, 0.0, 0.0)",1000,leaky_relu,True,3,3,9,30009,40009,False,0.969,0.9695,False,False,2000,0.01,torch.nn.Linear.reset_parameters: kaiming_uniform_(a=sqrt(5)); bias_uniform_bound=1/sqrt(fan_in),0.5773502691896257,0.6195622499799356
unequal_major,True,0.0,1.0,1.6,0.2,0.2,0.2,0.125,"(1.6, 0.0, 0.0)","(0.0, 0.0, 0.0)",1000,leaky_relu,True,3,4,0,30000,40000,True,1.0,1.0,True,False,2000,0.01,torch.nn.Linear.reset_parameters: kaiming_uniform_(a=sqrt(5)); bias_uniform_bound=1/sqrt(fan_in),0.5773502691896257,0.5605628750054166
unequal_major,True,0.0,1.0,1.6,0.2,0.2,0.2,0.125,"(1.6, 0.0, 0.0)","(0.0, 0.0, 0.0)",1000,leaky_relu,True,3,4,1,30001,40001,False,0.978,0.974,False,False,2000,0.01,torch.nn.Linear.reset_parameters: kaiming_uniform_(a=sqrt(5)); bias_uniform_bound=1/sqrt(fan_in),0.5773502691896257,0.5609816670184955
unequal_major,True,0.0,1.0,1.6,0.2,0.2,0.2,0.125,"(1.6, 0.0, 0.0)","(0.0, 0.0, 0.0)",1000,leaky_relu,True,3,4,2,30002,40002,False,0.974,0.9675,False,False,2000,0.01,torch.nn.Linear.reset_parameters: kaiming_uniform_(a=sqrt(5)); bias_uniform_bound=1/sqrt(fan_in),0.5773502691896257,0.5576392919756472
unequal_major,True,0.0,1.0,1.6,0.2,0.2,0.2,0.125,"(1.6, 0.0, 0.0)","(0.0, 0.0, 0.0)",1000,leaky_relu,True,3,4,3,30003,40003,True,1.0,1.0,True,False,2000,0.01,torch.nn.Linear.reset_parameters: kaiming_uniform_(a=sqrt(5)); bias_uniform_bound=1/sqrt(fan_in),0.5773502691896257,0.5596959170652553
unequal_major,True,0.0,1.0,1.6,0.2,0.2,0.2,0.125,"(1.6, 0.0, 0.0)","(0.0, 0.0, 0.0)",1000,leaky_relu,True,3,4,4,30004,40004,False,0.975,0.9785,False,False,2000,0.01,torch.nn.Linear.reset_parameters: kaiming_uniform_(a=sqrt(5)); bias_uniform_bound=1/sqrt(fan_in),0.5773502691896257,0.5546757919946685
unequal_major,True,0.0,1.0,1.6,0.2,0.2,0.2,0.125,"(1.6, 0.0, 0.0)","(0.0, 0.0, 0.0)",1000,leaky_relu,True,3,4,5,30005,40005,False,0.983,0.9795,False,False,2000,0.01,torch.nn.Linear.reset_parameters: kaiming_uniform_(a=sqrt(5)); bias_uniform_bound=1/sqrt(fan_in),0.5773502691896257,0.5584474999923259
unequal_major,True,0.0,1.0,1.6,0.2,0.2,0.2,0.125,"(1.6, 0.0, 0.0)","(0.0, 0.0, 0.0)",1000,leaky_relu,True,3,4,6,30006,40006,False,0.9755,0.97,False,False,2000,0.01,torch.nn.Linear.reset_parameters: kaiming_uniform_(a=sqrt(5)); bias_uniform_bound=1/sqrt(fan_in),0.5773502691896257,0.5552210829919204
unequal_major,True,0.0,1.0,1.6,0.2,0.2,0.2,0.125,"(1.6, 0.0, 0.0)","(0.0, 0.0, 0.0)",1000,leaky_relu,True,3,4,7,30007,40007,False,0.975,0.9775,False,False,2000,0.01,torch.nn.Linear.reset_parameters: kaiming_uniform_(a=sqrt(5)); bias_uniform_bound=1/sqrt(fan_in),0.5773502691896257,0.5567839579889551
unequal_major,True,0.0,1.0,1.6,0.2,0.2,0.2,0.125,"(1.6, 0.0, 0.0)","(0.0, 0.0, 0.0)",1000,leaky_relu,True,3,4,8,30008,40008,True,1.0,1.0,True,False,2000,0.01,torch.nn.Linear.reset_parameters: kaiming_uniform_(a=sqrt(5)); bias_uniform_bound=1/sqrt(fan_in),0.5773502691896257,0.5561973330331966
unequal_major,True,0.0,1.0,1.6,0.2,0.2,0.2,0.125,"(1.6, 0.0, 0.0)","(0.0, 0.0, 0.0)",1000,leaky_relu,True,3,4,9,30009,40009,True,1.0,1.0,True,False,2000,0.01,torch.nn.Linear.reset_parameters: kaiming_uniform_(a=sqrt(5)); bias_uniform_bound=1/sqrt(fan_in),0.5773502691896257,0.5589215829968452
unequal_major,True,0.0,1.0,1.6,0.2,0.2,0.2,0.125,"(1.6, 0.0, 0.0)","(0.0, 0.0, 0.0)",1000,leaky_relu,True,5,3,0,30000,40000,False,0.9725,0.974,False,False,2000,0.01,torch.nn.Linear.reset_parameters: kaiming_uniform_(a=sqrt(5)); bias_uniform_bound=1/sqrt(fan_in),0.5773502691896257,0.84650004201103
unequal_major,True,0.0,1.0,1.6,0.2,0.2,0.2,0.125,"(1.6, 0.0, 0.0)","(0.0, 0.0, 0.0)",1000,leaky_relu,True,5,3,1,30001,40001,False,0.973,0.966,False,False,2000,0.01,torch.nn.Linear.reset_parameters: kaiming_uniform_(a=sqrt(5)); bias_uniform_bound=1/sqrt(fan_in),0.5773502691896257,0.844100582995452
unequal_major,True,0.0,1.0,1.6,0.2,0.2,0.2,0.125,"(1.6, 0.0, 0.0)","(0.0, 0.0, 0.0)",1000,leaky_relu,True,5,3,2,30002,40002,False,0.963,0.9625,False,False,2000,0.01,torch.nn.Linear.reset_parameters: kaiming_uniform_(a=sqrt(5)); bias_uniform_bound=1/sqrt(fan_in),0.5773502691896257,0.8312371670035645
unequal_major,True,0.0,1.0,1.6,0.2,0.2,0.2,0.125,"(1.6, 0.0, 0.0)","(0.0, 0.0, 0.0)",1000,leaky_relu,True,5,3,3,30003,40003,False,0.9715,0.9715,False,False,2000,0.01,torch.nn.Linear.reset_parameters: kaiming_uniform_(a=sqrt(5)); bias_uniform_bound=1/sqrt(fan_in),0.5773502691896257,0.8414959160145372
unequal_major,True,0.0,1.0,1.6,0.2,0.2,0.2,0.125,"(1.6, 0.0, 0.0)","(0.0, 0.0, 0.0)",1000,leaky_relu,True,5,3,4,30004,40004,False,0.98,0.9795,False,False,2000,0.01,torch.nn.Linear.reset_parameters: kaiming_uniform_(a=sqrt(5)); bias_uniform_bound=1/sqrt(fan_in),0.5773502691896257,0.8379451249493286
unequal_major,True,0.0,1.0,1.6,0.2,0.2,0.2,0.125,"(1.6, 0.0, 0.0)","(0.0, 0.0, 0.0)",1000,leaky_relu,True,5,3,5,30005,40005,False,0.9885,0.979,False,False,2000,0.01,torch.nn.Linear.reset_parameters: kaiming_uniform_(a=sqrt(5)); bias_uniform_bound=1/sqrt(fan_in),0.5773502691896257,0.8360985419712961
unequal_major,True,0.0,1.0,1.6,0.2,0.2,0.2,0.125,"(1.6, 0.0, 0.0)","(0.0, 0.0, 0.0)",1000,leaky_relu,True,5,3,6,30006,40006,False,0.9835,0.9805,False,False,2000,0.01,torch.nn.Linear.reset_parameters: kaiming_uniform_(a=sqrt(5)); bias_uniform_bound=1/sqrt(fan_in),0.5773502691896257,0.8450362499570474
unequal_major,True,0.0,1.0,1.6,0.2,0.2,0.2,0.125,"(1.6, 0.0, 0.0)","(0.0, 0.0, 0.0)",1000,leaky_relu,True,5,3,7,30007,40007,False,0.976,0.967,False,False,2000,0.01,torch.nn.Linear.reset_parameters: kaiming_uniform_(a=sqrt(5)); bias_uniform_bound=1/sqrt(fan_in),0.5773502691896257,0.837176083936356
unequal_major,True,0.0,1.0,1.6,0.2,0.2,0.2,0.125,"(1.6, 0.0, 0.0)","(0.0, 0.0, 0.0)",1000,leaky_relu,True,5,3,8,30008,40008,False,0.9755,0.967,False,False,2000,0.01,torch.nn.Linear.reset_parameters: kaiming_uniform_(a=sqrt(5)); bias_uniform_bound=1/sqrt(fan_in),0.5773502691896257,0.842989708064124
unequal_major,True,0.0,1.0,1.6,0.2,0.2,0.2,0.125,"(1.6, 0.0, 0.0)","(0.0, 0.0, 0.0)",1000,leaky_relu,True,5,3,9,30009,40009,False,0.97,0.969,False,False,2000,0.01,torch.nn.Linear.reset_parameters: kaiming_uniform_(a=sqrt(5)); bias_uniform_bound=1/sqrt(fan_in),0.5773502691896257,0.8407872919924557
unequal_major,True,0.0,1.0,1.6,0.2,0.2,0.2,0.125,"(1.6, 0.0, 0.0)","(0.0, 0.0, 0.0)",1000,leaky_relu,True,5,4,0,30000,40000,True,1.0,0.999,False,False,2000,0.01,torch.nn.Linear.reset_parameters: kaiming_uniform_(a=sqrt(5)); bias_uniform_bound=1/sqrt(fan_in),0.5773502691896257,0.7732299170456827
unequal_major,True,0.0,1.0,1.6,0.2,0.2,0.2,0.125,"(1.6, 0.0, 0.0)","(0.0, 0.0, 0.0)",1000,leaky_relu,True,5,4,1,30001,40001,True,1.0,1.0,True,False,2000,0.01,torch.nn.Linear.reset_parameters: kaiming_uniform_(a=sqrt(5)); bias_uniform_bound=1/sqrt(fan_in),0.5773502691896257,0.7752028750255704
unequal_major,True,0.0,1.0,1.6,0.2,0.2,0.2,0.125,"(1.6, 0.0, 0.0)","(0.0, 0.0, 0.0)",1000,leaky_relu,True,5,4,2,30002,40002,False,0.988,0.9845,False,False,2000,0.01,torch.nn.Linear.reset_parameters: kaiming_uniform_(a=sqrt(5)); bias_uniform_bound=1/sqrt(fan_in),0.5773502691896257,0.77588229207322
unequal_major,True,0.0,1.0,1.6,0.2,0.2,0.2,0.125,"(1.6, 0.0, 0.0)","(0.0, 0.0, 0.0)",1000,leaky_relu,True,5,4,3,30003,40003,False,0.985,0.979,False,False,2000,0.01,torch.nn.Linear.reset_parameters: kaiming_uniform_(a=sqrt(5)); bias_uniform_bound=1/sqrt(fan_in),0.5773502691896257,0.783341999980621
unequal_major,True,0.0,1.0,1.6,0.2,0.2,0.2,0.125,"(1.6, 0.0, 0.0)","(0.0, 0.0, 0.0)",1000,leaky_relu,True,5,4,4,30004,40004,False,0.9735,0.9785,False,False,2000,0.01,torch.nn.Linear.reset_parameters: kaiming_uniform_(a=sqrt(5)); bias_uniform_bound=1/sqrt(fan_in),0.5773502691896257,0.7748191670980304
unequal_major,True,0.0,1.0,1.6,0.2,0.2,0.2,0.125,"(1.6, 0.0, 0.0)","(0.0, 0.0, 0.0)",1000,leaky_relu,True,5,4,5,30005,40005,False,0.9825,0.9705,False,False,2000,0.01,torch.nn.Linear.reset_parameters: kaiming_uniform_(a=sqrt(5)); bias_uniform_bound=1/sqrt(fan_in),0.5773502691896257,0.7656030000653118
unequal_major,True,0.0,1.0,1.6,0.2,0.2,0.2,0.125,"(1.6, 0.0, 0.0)","(0.0, 0.0, 0.0)",1000,leaky_relu,True,5,4,6,30006,40006,False,0.9835,0.9805,False,False,2000,0.01,torch.nn.Linear.reset_parameters: kaiming_uniform_(a=sqrt(5)); bias_uniform_bound=1/sqrt(fan_in),0.5773502691896257,0.7751846250612289
unequal_major,True,0.0,1.0,1.6,0.2,0.2,0.2,0.125,"(1.6, 0.0, 0.0)","(0.0, 0.0, 0.0)",1000,leaky_relu,True,5,4,7,30007,40007,True,1.0,1.0,True,False,2000,0.01,torch.nn.Linear.reset_parameters: kaiming_uniform_(a=sqrt(5)); bias_uniform_bound=1/sqrt(fan_in),0.5773502691896257,0.7660505418898538
unequal_major,True,0.0,1.0,1.6,0.2,0.2,0.2,0.125,"(1.6, 0.0, 0.0)","(0.0, 0.0, 0.0)",1000,leaky_relu,True,5,4,8,30008,40008,False,0.9745,0.9655,False,False,2000,0.01,torch.nn.Linear.reset_parameters: kaiming_uniform_(a=sqrt(5)); bias_uniform_bound=1/sqrt(fan_in),0.5773502691896257,0.7674447089666501
unequal_major,True,0.0,1.0,1.6,0.2,0.2,0.2,0.125,"(1.6, 0.0, 0.0)","(0.0, 0.0, 0.0)",1000,leaky_relu,True,5,4,9,30009,40009,False,0.9745,0.9735,False,False,2000,0.01,torch.nn.Linear.reset_parameters: kaiming_uniform_(a=sqrt(5)); bias_uniform_bound=1/sqrt(fan_in),0.5773502691896257,0.7695911669870839
unequal_major,True,0.0,1.0,1.6,0.2,0.2,0.2,0.125,"(1.6, 0.0, 0.0)","(0.0, 0.0, 0.0)",1000,leaky_relu,True,8,3,0,30000,40000,False,0.9655,0.967,False,False,2000,0.01,torch.nn.Linear.reset_parameters: kaiming_uniform_(a=sqrt(5)); bias_uniform_bound=1/sqrt(fan_in),0.5773502691896257,1.1988459579879418
unequal_major,True,0.0,1.0,1.6,0.2,0.2,0.2,0.125,"(1.6, 0.0, 0.0)","(0.0, 0.0, 0.0)",1000,leaky_relu,True,8,3,1,30001,40001,False,0.972,0.963,False,False,2000,0.01,torch.nn.Linear.reset_parameters: kaiming_uniform_(a=sqrt(5)); bias_uniform_bound=1/sqrt(fan_in),0.5773502691896257,1.2099882089532912
unequal_major,True,0.0,1.0,1.6,0.2,0.2,0.2,0.125,"(1.6, 0.0, 0.0)","(0.0, 0.0, 0.0)",1000,leaky_relu,True,8,3,2,30002,40002,False,0.971,0.967,False,False,2000,0.01,torch.nn.Linear.reset_parameters: kaiming_uniform_(a=sqrt(5)); bias_uniform_bound=1/sqrt(fan_in),0.5773502691896257,1.205522833042778
unequal_major,True,0.0,1.0,1.6,0.2,0.2,0.2,0.125,"(1.6, 0.0, 0.0)","(0.0, 0.0, 0.0)",1000,leaky_relu,True,8,3,3,30003,40003,False,0.962,0.974,False,False,2000,0.01,torch.nn.Linear.reset_parameters: kaiming_uniform_(a=sqrt(5)); bias_uniform_bound=1/sqrt(fan_in),0.5773502691896257,1.2093743330333382
unequal_major,True,0.0,1.0,1.6,0.2,0.2,0.2,0.125,"(1.6, 0.0, 0.0)","(0.0, 0.0, 0.0)",1000,leaky_relu,True,8,3,4,30004,40004,False,0.984,0.9805,False,False,2000,0.01,torch.nn.Linear.reset_parameters: kaiming_uniform_(a=sqrt(5)); bias_uniform_bound=1/sqrt(fan_in),0.5773502691896257,1.2126499169971794
unequal_major,True,0.0,1.0,1.6,0.2,0.2,0.2,0.125,"(1.6, 0.0, 0.0)","(0.0, 0.0, 0.0)",1000,leaky_relu,True,8,3,5,30005,40005,False,0.9835,0.982,False,False,2000,0.01,torch.nn.Linear.reset_parameters: kaiming_uniform_(a=sqrt(5)); bias_uniform_bound=1/sqrt(fan_in),0.5773502691896257,1.208926499937661
unequal_major,True,0.0,1.0,1.6,0.2,0.2,0.2,0.125,"(1.6, 0.0, 0.0)","(0.0, 0.0, 0.0)",1000,leaky_relu,True,8,3,6,30006,40006,False,0.9835,0.982,False,False,2000,0.01,torch.nn.Linear.reset_parameters: kaiming_uniform_(a=sqrt(5)); bias_uniform_bound=1/sqrt(fan_in),0.5773502691896257,1.1973472920944914
unequal_major,True,0.0,1.0,1.6,0.2,0.2,0.2,0.125,"(1.6, 0.0, 0.0)","(0.0, 0.0, 0.0)",1000,leaky_relu,True,8,3,7,30007,40007,False,0.9705,0.966,False,False,2000,0.01,torch.nn.Linear.reset_parameters: kaiming_uniform_(a=sqrt(5)); bias_uniform_bound=1/sqrt(fan_in),0.5773502691896257,1.2016882499447092
unequal_major,True,0.0,1.0,1.6,0.2,0.2,0.2,0.125,"(1.6, 0.0, 0.0)","(0.0, 0.0, 0.0)",1000,leaky_relu,True,8,3,8,30008,40008,False,0.979,0.9815,False,False,2000,0.01,torch.nn.Linear.reset_parameters: kaiming_uniform_(a=sqrt(5)); bias_uniform_bound=1/sqrt(fan_in),0.5773502691896257,1.1968765830388293
unequal_major,True,0.0,1.0,1.6,0.2,0.2,0.2,0.125,"(1.6, 0.0, 0.0)","(0.0, 0.0, 0.0)",1000,leaky_relu,True,8,3,9,30009,40009,False,0.969,0.971,False,False,2000,0.01,torch.nn.Linear.reset_parameters: kaiming_uniform_(a=sqrt(5)); bias_uniform_bound=1/sqrt(fan_in),0.5773502691896257,1.1957870000042021
unequal_major,True,0.0,1.0,1.6,0.2,0.2,0.2,0.125,"(1.6, 0.0, 0.0)","(0.0, 0.0, 0.0)",1000,leaky_relu,True,8,4,0,30000,40000,False,0.9735,0.9705,False,False,2000,0.01,torch.nn.Linear.reset_parameters: kaiming_uniform_(a=sqrt(5)); bias_uniform_bound=1/sqrt(fan_in),0.5773502691896257,1.0899240000871941
unequal_major,True,0.0,1.0,1.6,0.2,0.2,0.2,0.125,"(1.6, 0.0, 0.0)","(0.0, 0.0, 0.0)",1000,leaky_relu,True,8,4,1,30001,40001,False,0.9795,0.973,False,False,2000,0.01,torch.nn.Linear.reset_parameters: kaiming_uniform_(a=sqrt(5)); bias_uniform_bound=1/sqrt(fan_in),0.5773502691896257,1.0886262920685112
unequal_major,True,0.0,1.0,1.6,0.2,0.2,0.2,0.125,"(1.6, 0.0, 0.0)","(0.0, 0.0, 0.0)",1000,leaky_relu,True,8,4,2,30002,40002,False,0.986,0.9795,False,False,2000,0.01,torch.nn.Linear.reset_parameters: kaiming_uniform_(a=sqrt(5)); bias_uniform_bound=1/sqrt(fan_in),0.5773502691896257,1.0794081250205636
unequal_major,True,0.0,1.0,1.6,0.2,0.2,0.2,0.125,"(1.6, 0.0, 0.0)","(0.0, 0.0, 0.0)",1000,leaky_relu,True,8,4,3,30003,40003,False,0.986,0.978,False,False,2000,0.01,torch.nn.Linear.reset_parameters: kaiming_uniform_(a=sqrt(5)); bias_uniform_bound=1/sqrt(fan_in),0.5773502691896257,1.0882455409737304
unequal_major,True,0.0,1.0,1.6,0.2,0.2,0.2,0.125,"(1.6, 0.0, 0.0)","(0.0, 0.0, 0.0)",1000,leaky_relu,True,8,4,4,30004,40004,False,0.9715,0.9775,False,False,2000,0.01,torch.nn.Linear.reset_parameters: kaiming_uniform_(a=sqrt(5)); bias_uniform_bound=1/sqrt(fan_in),0.5773502691896257,1.0865900840144604
unequal_major,True,0.0,1.0,1.6,0.2,0.2,0.2,0.125,"(1.6, 0.0, 0.0)","(0.0, 0.0, 0.0)",1000,leaky_relu,True,8,4,5,30005,40005,True,1.0,0.9985,False,False,2000,0.01,torch.nn.Linear.reset_parameters: kaiming_uniform_(a=sqrt(5)); bias_uniform_bound=1/sqrt(fan_in),0.5773502691896257,1.0804168749600649
unequal_major,True,0.0,1.0,1.6,0.2,0.2,0.2,0.125,"(1.6, 0.0, 0.0)","(0.0, 0.0, 0.0)",1000,leaky_relu,True,8,4,6,30006,40006,False,0.9835,0.981,False,False,2000,0.01,torch.nn.Linear.reset_parameters: kaiming_uniform_(a=sqrt(5)); bias_uniform_bound=1/sqrt(fan_in),0.5773502691896257,1.0848362499382347
unequal_major,True,0.0,1.0,1.6,0.2,0.2,0.2,0.125,"(1.6, 0.0, 0.0)","(0.0, 0.0, 0.0)",1000,leaky_relu,True,8,4,7,30007,40007,False,0.9755,0.971,False,False,2000,0.01,torch.nn.Linear.reset_parameters: kaiming_uniform_(a=sqrt(5)); bias_uniform_bound=1/sqrt(fan_in),0.5773502691896257,1.0873387500178069
unequal_major,True,0.0,1.0,1.6,0.2,0.2,0.2,0.125,"(1.6, 0.0, 0.0)","(0.0, 0.0, 0.0)",1000,leaky_relu,True,8,4,8,30008,40008,False,0.979,0.982,False,False,2000,0.01,torch.nn.Linear.reset_parameters: kaiming_uniform_(a=sqrt(5)); bias_uniform_bound=1/sqrt(fan_in),0.5773502691896257,1.0924025840358809
unequal_major,True,0.0,1.0,1.6,0.2,0.2,0.2,0.125,"(1.6, 0.0, 0.0)","(0.0, 0.0, 0.0)",1000,leaky_relu,True,8,4,9,30009,40009,False,0.9815,0.9795,False,False,2000,0.01,torch.nn.Linear.reset_parameters: kaiming_uniform_(a=sqrt(5)); bias_uniform_bound=1/sqrt(fan_in),0.5773502691896257,1.086620416957885
unequal_major,True,0.0,1.0,1.6,0.2,0.2,0.2,0.125,"(1.6, 0.0, 0.0)","(0.0, 0.0, 0.0)",1000,leaky_relu,True,12,3,0,30000,40000,False,0.5,0.5,False,True,2000,0.01,torch.nn.Linear.reset_parameters: kaiming_uniform_(a=sqrt(5)); bias_uniform_bound=1/sqrt(fan_in),0.5773502691896257,1.70210333308205
unequal_major,True,0.0,1.0,1.6,0.2,0.2,0.2,0.125,"(1.6, 0.0, 0.0)","(0.0, 0.0, 0.0)",1000,leaky_relu,True,12,3,1,30001,40001,False,0.5,0.5,False,True,2000,0.01,torch.nn.Linear.reset_parameters: kaiming_uniform_(a=sqrt(5)); bias_uniform_bound=1/sqrt(fan_in),0.5773502691896257,1.6878104580100626
unequal_major,True,0.0,1.0,1.6,0.2,0.2,0.2,0.125,"(1.6, 0.0, 0.0)","(0.0, 0.0, 0.0)",1000,leaky_relu,True,12,3,2,30002,40002,False,0.9725,0.962,False,False,2000,0.01,torch.nn.Linear.reset_parameters: kaiming_uniform_(a=sqrt(5)); bias_uniform_bound=1/sqrt(fan_in),0.5773502691896257,1.6904028750723228
unequal_major,True,0.0,1.0,1.6,0.2,0.2,0.2,0.125,"(1.6, 0.0, 0.0)","(0.0, 0.0, 0.0)",1000,leaky_relu,True,12,3,3,30003,40003,False,0.962,0.9735,False,False,2000,0.01,torch.nn.Linear.reset_parameters: kaiming_uniform_(a=sqrt(5)); bias_uniform_bound=1/sqrt(fan_in),0.5773502691896257,1.6802325000753626
unequal_major,True,0.0,1.0,1.6,0.2,0.2,0.2,0.125,"(1.6, 0.0, 0.0)","(0.0, 0.0, 0.0)",1000,leaky_relu,True,12,3,4,30004,40004,False,0.983,0.9795,False,False,2000,0.01,torch.nn.Linear.reset_parameters: kaiming_uniform_(a=sqrt(5)); bias_uniform_bound=1/sqrt(fan_in),0.5773502691896257,1.6911666250089183
unequal_major,True,0.0,1.0,1.6,0.2,0.2,0.2,0.125,"(1.6, 0.0, 0.0)","(0.0, 0.0, 0.0)",1000,leaky_relu,True,12,3,5,30005,40005,False,0.981,0.981,False,False,2000,0.01,torch.nn.Linear.reset_parameters: kaiming_uniform_(a=sqrt(5)); bias_uniform_bound=1/sqrt(fan_in),0.5773502691896257,1.6839948749402538
unequal_major,True,0.0,1.0,1.6,0.2,0.2,0.2,0.125,"(1.6, 0.0, 0.0)","(0.0, 0.0, 0.0)",1000,leaky_relu,True,12,3,6,30006,40006,False,0.5,0.5,False,True,2000,0.01,torch.nn.Linear.reset_parameters: kaiming_uniform_(a=sqrt(5)); bias_uniform_bound=1/sqrt(fan_in),0.5773502691896257,1.6817275420762599
unequal_major,True,0.0,1.0,1.6,0.2,0.2,0.2,0.125,"(1.6, 0.0, 0.0)","(0.0, 0.0, 0.0)",1000,leaky_relu,True,12,3,7,30007,40007,False,0.967,0.971,False,False,2000,0.01,torch.nn.Linear.reset_parameters: kaiming_uniform_(a=sqrt(5)); bias_uniform_bound=1/sqrt(fan_in),0.5773502691896257,1.6854065420338884
unequal_major,True,0.0,1.0,1.6,0.2,0.2,0.2,0.125,"(1.6, 0.0, 0.0)","(0.0, 0.0, 0.0)",1000,leaky_relu,True,12,3,8,30008,40008,False,0.5,0.5,False,True,2000,0.01,torch.nn.Linear.reset_parameters: kaiming_uniform_(a=sqrt(5)); bias_uniform_bound=1/sqrt(fan_in),0.5773502691896257,1.747396583086811
unequal_major,True,0.0,1.0,1.6,0.2,0.2,0.2,0.125,"(1.6, 0.0, 0.0)","(0.0, 0.0, 0.0)",1000,leaky_relu,True,12,3,9,30009,40009,False,0.968,0.9725,False,False,2000,0.01,torch.nn.Linear.reset_parameters: kaiming_uniform_(a=sqrt(5)); bias_uniform_bound=1/sqrt(fan_in),0.5773502691896257,1.7197160000214353
unequal_major,True,0.0,1.0,1.6,0.2,0.2,0.2,0.125,"(1.6, 0.0, 0.0)","(0.0, 0.0, 0.0)",1000,leaky_relu,True,12,4,0,30000,40000,False,0.9805,0.978,False,False,2000,0.01,torch.nn.Linear.reset_parameters: kaiming_uniform_(a=sqrt(5)); bias_uniform_bound=1/sqrt(fan_in),0.5773502691896257,1.500898415921256
unequal_major,True,0.0,1.0,1.6,0.2,0.2,0.2,0.125,"(1.6, 0.0, 0.0)","(0.0, 0.0, 0.0)",1000,leaky_relu,True,12,4,1,30001,40001,True,1.0,0.9995,False,False,2000,0.01,torch.nn.Linear.reset_parameters: kaiming_uniform_(a=sqrt(5)); bias_uniform_bound=1/sqrt(fan_in),0.5773502691896257,1.4866975829936564
unequal_major,True,0.0,1.0,1.6,0.2,0.2,0.2,0.125,"(1.6, 0.0, 0.0)","(0.0, 0.0, 0.0)",1000,leaky_relu,True,12,4,2,30002,40002,False,0.982,0.9645,False,False,2000,0.01,torch.nn.Linear.reset_parameters: kaiming_uniform_(a=sqrt(5)); bias_uniform_bound=1/sqrt(fan_in),0.5773502691896257,1.498965209000744
unequal_major,True,0.0,1.0,1.6,0.2,0.2,0.2,0.125,"(1.6, 0.0, 0.0)","(0.0, 0.0, 0.0)",1000,leaky_relu,True,12,4,3,30003,40003,False,0.9845,0.9775,False,False,2000,0.01,torch.nn.Linear.reset_parameters: kaiming_uniform_(a=sqrt(5)); bias_uniform_bound=1/sqrt(fan_in),0.5773502691896257,1.4977956250077114
unequal_major,True,0.0,1.0,1.6,0.2,0.2,0.2,0.125,"(1.6, 0.0, 0.0)","(0.0, 0.0, 0.0)",1000,leaky_relu,True,12,4,4,30004,40004,True,1.0,0.999,False,False,2000,0.01,torch.nn.Linear.reset_parameters: kaiming_uniform_(a=sqrt(5)); bias_uniform_bound=1/sqrt(fan_in),0.5773502691896257,1.4991877919528633
unequal_major,True,0.0,1.0,1.6,0.2,0.2,0.2,0.125,"(1.6, 0.0, 0.0)","(0.0, 0.0, 0.0)",1000,leaky_relu,True,12,4,5,30005,40005,True,1.0,0.9965,False,False,2000,0.01,torch.nn.Linear.reset_parameters: kaiming_uniform_(a=sqrt(5)); bias_uniform_bound=1/sqrt(fan_in),0.5773502691896257,1.5015292089665309
unequal_major,True,0.0,1.0,1.6,0.2,0.2,0.2,0.125,"(1.6, 0.0, 0.0)","(0.0, 0.0, 0.0)",1000,leaky_relu,True,12,4,6,30006,40006,False,0.9285,0.9175,False,False,2000,0.01,torch.nn.Linear.reset_parameters: kaiming_uniform_(a=sqrt(5)); bias_uniform_bound=1/sqrt(fan_in),0.5773502691896257,1.4923057080013677
unequal_major,True,0.0,1.0,1.6,0.2,0.2,0.2,0.125,"(1.6, 0.0, 0.0)","(0.0, 0.0, 0.0)",1000,leaky_relu,True,12,4,7,30007,40007,False,0.979,0.981,False,False,2000,0.01,torch.nn.Linear.reset_parameters: kaiming_uniform_(a=sqrt(5)); bias_uniform_bound=1/sqrt(fan_in),0.5773502691896257,1.4904974170494825
unequal_major,True,0.0,1.0,1.6,0.2,0.2,0.2,0.125,"(1.6, 0.0, 0.0)","(0.0, 0.0, 0.0)",1000,leaky_relu,True,12,4,8,30008,40008,True,1.0,0.9995,False,False,2000,0.01,torch.nn.Linear.reset_parameters: kaiming_uniform_(a=sqrt(5)); bias_uniform_bound=1/sqrt(fan_in),0.5773502691896257,1.5080405420158058
unequal_major,True,0.0,1.0,1.6,0.2,0.2,0.2,0.125,"(1.6, 0.0, 0.0)","(0.0, 0.0, 0.0)",1000,leaky_relu,True,12,4,9,30009,40009,False,0.9805,0.975,False,False,2000,0.01,torch.nn.Linear.reset_parameters: kaiming_uniform_(a=sqrt(5)); bias_uniform_bound=1/sqrt(fan_in),0.5773502691896257,1.5053550420561805
unequal_major,True,0.0,1.0,1.6,0.2,0.2,0.2,0.125,"(1.6, 0.0, 0.0)","(0.0, 0.0, 0.0)",1000,gelu,False,3,3,0,30000,40000,False,0.9725,0.97,False,False,2000,0.01,torch.nn.Linear.reset_parameters: kaiming_uniform_(a=sqrt(5)); bias_uniform_bound=1/sqrt(fan_in),0.5773502691896257,0.6688292500330135
unequal_major,True,0.0,1.0,1.6,0.2,0.2,0.2,0.125,"(1.6, 0.0, 0.0)","(0.0, 0.0, 0.0)",1000,gelu,False,3,3,1,30001,40001,False,0.9675,0.969,False,False,2000,0.01,torch.nn.Linear.reset_parameters: kaiming_uniform_(a=sqrt(5)); bias_uniform_bound=1/sqrt(fan_in),0.5773502691896257,0.676642082980834
unequal_major,True,0.0,1.0,1.6,0.2,0.2,0.2,0.125,"(1.6, 0.0, 0.0)","(0.0, 0.0, 0.0)",1000,gelu,False,3,3,2,30002,40002,False,0.9735,0.9645,False,False,2000,0.01,torch.nn.Linear.reset_parameters: kaiming_uniform_(a=sqrt(5)); bias_uniform_bound=1/sqrt(fan_in),0.5773502691896257,0.6553615829907358
unequal_major,True,0.0,1.0,1.6,0.2,0.2,0.2,0.125,"(1.6, 0.0, 0.0)","(0.0, 0.0, 0.0)",1000,gelu,False,3,3,3,30003,40003,False,0.975,0.9675,False,False,2000,0.01,torch.nn.Linear.reset_parameters: kaiming_uniform_(a=sqrt(5)); bias_uniform_bound=1/sqrt(fan_in),0.5773502691896257,0.665926874964498
unequal_major,True,0.0,1.0,1.6,0.2,0.2,0.2,0.125,"(1.6, 0.0, 0.0)","(0.0, 0.0, 0.0)",1000,gelu,False,3,3,4,30004,40004,False,0.978,0.98,False,False,2000,0.01,torch.nn.Linear.reset_parameters: kaiming_uniform_(a=sqrt(5)); bias_uniform_bound=1/sqrt(fan_in),0.5773502691896257,0.6664915829896927
unequal_major,True,0.0,1.0,1.6,0.2,0.2,0.2,0.125,"(1.6, 0.0, 0.0)","(0.0, 0.0, 0.0)",1000,gelu,False,3,3,5,30005,40005,True,1.0,0.996,False,False,2000,0.01,torch.nn.Linear.reset_parameters: kaiming_uniform_(a=sqrt(5)); bias_uniform_bound=1/sqrt(fan_in),0.5773502691896257,0.6661119170021266
unequal_major,True,0.0,1.0,1.6,0.2,0.2,0.2,0.125,"(1.6, 0.0, 0.0)","(0.0, 0.0, 0.0)",1000,gelu,False,3,3,6,30006,40006,False,0.984,0.982,False,False,2000,0.01,torch.nn.Linear.reset_parameters: kaiming_uniform_(a=sqrt(5)); bias_uniform_bound=1/sqrt(fan_in),0.5773502691896257,0.6712004169821739
unequal_major,True,0.0,1.0,1.6,0.2,0.2,0.2,0.125,"(1.6, 0.0, 0.0)","(0.0, 0.0, 0.0)",1000,gelu,False,3,3,7,30007,40007,False,0.9685,0.9665,False,False,2000,0.01,torch.nn.Linear.reset_parameters: kaiming_uniform_(a=sqrt(5)); bias_uniform_bound=1/sqrt(fan_in),0.5773502691896257,0.6665994579670951
unequal_major,True,0.0,1.0,1.6,0.2,0.2,0.2,0.125,"(1.6, 0.0, 0.0)","(0.0, 0.0, 0.0)",1000,gelu,False,3,3,8,30008,40008,False,0.979,0.9785,False,False,2000,0.01,torch.nn.Linear.reset_parameters: kaiming_uniform_(a=sqrt(5)); bias_uniform_bound=1/sqrt(fan_in),0.5773502691896257,0.6564851250732318
unequal_major,True,0.0,1.0,1.6,0.2,0.2,0.2,0.125,"(1.6, 0.0, 0.0)","(0.0, 0.0, 0.0)",1000,gelu,False,3,3,9,30009,40009,False,0.9735,0.974,False,False,2000,0.01,torch.nn.Linear.reset_parameters: kaiming_uniform_(a=sqrt(5)); bias_uniform_bound=1/sqrt(fan_in),0.5773502691896257,0.6557667079614475
unequal_major,True,0.0,1.0,1.6,0.2,0.2,0.2,0.125,"(1.6, 0.0, 0.0)","(0.0, 0.0, 0.0)",1000,gelu,False,3,4,0,30000,40000,True,1.0,1.0,True,False,2000,0.01,torch.nn.Linear.reset_parameters: kaiming_uniform_(a=sqrt(5)); bias_uniform_bound=1/sqrt(fan_in),0.5773502691896257,0.6397377500543371
unequal_major,True,0.0,1.0,1.6,0.2,0.2,0.2,0.125,"(1.6, 0.0, 0.0)","(0.0, 0.0, 0.0)",1000,gelu,False,3,4,1,30001,40001,True,1.0,1.0,True,False,2000,0.01,torch.nn.Linear.reset_parameters: kaiming_uniform_(a=sqrt(5)); bias_uniform_bound=1/sqrt(fan_in),0.5773502691896257,0.6319691250100732
unequal_major,True,0.0,1.0,1.6,0.2,0.2,0.2,0.125,"(1.6, 0.0, 0.0)","(0.0, 0.0, 0.0)",1000,gelu,False,3,4,2,30002,40002,True,1.0,1.0,True,False,2000,0.01,torch.nn.Linear.reset_parameters: kaiming_uniform_(a=sqrt(5)); bias_uniform_bound=1/sqrt(fan_in),0.5773502691896257,0.6397325419820845
unequal_major,True,0.0,1.0,1.6,0.2,0.2,0.2,0.125,"(1.6, 0.0, 0.0)","(0.0, 0.0, 0.0)",1000,gelu,False,3,4,3,30003,40003,True,1.0,1.0,True,False,2000,0.01,torch.nn.Linear.reset_parameters: kaiming_uniform_(a=sqrt(5)); bias_uniform_bound=1/sqrt(fan_in),0.5773502691896257,0.6355275829555467
unequal_major,True,0.0,1.0,1.6,0.2,0.2,0.2,0.125,"(1.6, 0.0, 0.0)","(0.0, 0.0, 0.0)",1000,gelu,False,3,4,4,30004,40004,True,1.0,1.0,True,False,2000,0.01,torch.nn.Linear.reset_parameters: kaiming_uniform_(a=sqrt(5)); bias_uniform_bound=1/sqrt(fan_in),0.5773502691896257,0.6382228749571368
unequal_major,True,0.0,1.0,1.6,0.2,0.2,0.2,0.125,"(1.6, 0.0, 0.0)","(0.0, 0.0, 0.0)",1000,gelu,False,3,4,5,30005,40005,True,1.0,1.0,True,False,2000,0.01,torch.nn.Linear.reset_parameters: kaiming_uniform_(a=sqrt(5)); bias_uniform_bound=1/sqrt(fan_in),0.5773502691896257,0.6461955839768052
unequal_major,True,0.0,1.0,1.6,0.2,0.2,0.2,0.125,"(1.6, 0.0, 0.0)","(0.0, 0.0, 0.0)",1000,gelu,False,3,4,6,30006,40006,True,1.0,1.0,True,False,2000,0.01,torch.nn.Linear.reset_parameters: kaiming_uniform_(a=sqrt(5)); bias_uniform_bound=1/sqrt(fan_in),0.5773502691896257,0.6465554999886081
unequal_major,True,0.0,1.0,1.6,0.2,0.2,0.2,0.125,"(1.6, 0.0, 0.0)","(0.0, 0.0, 0.0)",1000,gelu,False,3,4,7,30007,40007,False,0.9795,0.9775,False,False,2000,0.01,torch.nn.Linear.reset_parameters: kaiming_uniform_(a=sqrt(5)); bias_uniform_bound=1/sqrt(fan_in),0.5773502691896257,0.6350740409689024
unequal_major,True,0.0,1.0,1.6,0.2,0.2,0.2,0.125,"(1.6, 0.0, 0.0)","(0.0, 0.0, 0.0)",1000,gelu,False,3,4,8,30008,40008,True,1.0,1.0,True,False,2000,0.01,torch.nn.Linear.reset_parameters: kaiming_uniform_(a=sqrt(5)); bias_uniform_bound=1/sqrt(fan_in),0.5773502691896257,0.6332632090197876
unequal_major,True,0.0,1.0,1.6,0.2,0.2,0.2,0.125,"(1.6, 0.0, 0.0)","(0.0, 0.0, 0.0)",1000,gelu,False,3,4,9,30009,40009,True,1.0,1.0,True,False,2000,0.01,torch.nn.Linear.reset_parameters: kaiming_uniform_(a=sqrt(5)); bias_uniform_bound=1/sqrt(fan_in),0.5773502691896257,0.6407407500082627
unequal_major,True,0.0,1.0,1.6,0.2,0.2,0.2,0.125,"(1.6, 0.0, 0.0)","(0.0, 0.0, 0.0)",1000,gelu,False,5,3,0,30000,40000,False,0.976,0.96,False,False,2000,0.01,torch.nn.Linear.reset_parameters: kaiming_uniform_(a=sqrt(5)); bias_uniform_bound=1/sqrt(fan_in),0.5773502691896257,0.9379739169962704
unequal_major,True,0.0,1.0,1.6,0.2,0.2,0.2,0.125,"(1.6, 0.0, 0.0)","(0.0, 0.0, 0.0)",1000,gelu,False,5,3,1,30001,40001,True,1.0,1.0,True,False,2000,0.01,torch.nn.Linear.reset_parameters: kaiming_uniform_(a=sqrt(5)); bias_uniform_bound=1/sqrt(fan_in),0.5773502691896257,0.9494842919521034
unequal_major,True,0.0,1.0,1.6,0.2,0.2,0.2,0.125,"(1.6, 0.0, 0.0)","(0.0, 0.0, 0.0)",1000,gelu,False,5,3,2,30002,40002,False,0.974,0.97,False,False,2000,0.01,torch.nn.Linear.reset_parameters: kaiming_uniform_(a=sqrt(5)); bias_uniform_bound=1/sqrt(fan_in),0.5773502691896257,0.9451429580803961
unequal_major,True,0.0,1.0,1.6,0.2,0.2,0.2,0.125,"(1.6, 0.0, 0.0)","(0.0, 0.0, 0.0)",1000,gelu,False,5,3,3,30003,40003,False,0.985,0.979,False,False,2000,0.01,torch.nn.Linear.reset_parameters: kaiming_uniform_(a=sqrt(5)); bias_uniform_bound=1/sqrt(fan_in),0.5773502691896257,0.9409274590434507
unequal_major,True,0.0,1.0,1.6,0.2,0.2,0.2,0.125,"(1.6, 0.0, 0.0)","(0.0, 0.0, 0.0)",1000,gelu,False,5,3,4,30004,40004,False,0.9835,0.9815,False,False,2000,0.01,torch.nn.Linear.reset_parameters: kaiming_uniform_(a=sqrt(5)); bias_uniform_bound=1/sqrt(fan_in),0.5773502691896257,0.9505587089806795
unequal_major,True,0.0,1.0,1.6,0.2,0.2,0.2,0.125,"(1.6, 0.0, 0.0)","(0.0, 0.0, 0.0)",1000,gelu,False,5,3,5,30005,40005,False,0.978,0.961,False,False,2000,0.01,torch.nn.Linear.reset_parameters: kaiming_uniform_(a=sqrt(5)); bias_uniform_bound=1/sqrt(fan_in),0.5773502691896257,0.9519924159394577
unequal_major,True,0.0,1.0,1.6,0.2,0.2,0.2,0.125,"(1.6, 0.0, 0.0)","(0.0, 0.0, 0.0)",1000,gelu,False,5,3,6,30006,40006,False,0.99,0.977,False,False,2000,0.01,torch.nn.Linear.reset_parameters: kaiming_uniform_(a=sqrt(5)); bias_uniform_bound=1/sqrt(fan_in),0.5773502691896257,0.9508083330001682
unequal_major,True,0.0,1.0,1.6,0.2,0.2,0.2,0.125,"(1.6, 0.0, 0.0)","(0.0, 0.0, 0.0)",1000,gelu,False,5,3,7,30007,40007,False,0.973,0.975,False,False,2000,0.01,torch.nn.Linear.reset_parameters: kaiming_uniform_(a=sqrt(5)); bias_uniform_bound=1/sqrt(fan_in),0.5773502691896257,0.9394045419758186
unequal_major,True,0.0,1.0,1.6,0.2,0.2,0.2,0.125,"(1.6, 0.0, 0.0)","(0.0, 0.0, 0.0)",1000,gelu,False,5,3,8,30008,40008,True,1.0,1.0,True,False,2000,0.01,torch.nn.Linear.reset_parameters: kaiming_uniform_(a=sqrt(5)); bias_uniform_bound=1/sqrt(fan_in),0.5773502691896257,0.9508914169855416
unequal_major,True,0.0,1.0,1.6,0.2,0.2,0.2,0.125,"(1.6, 0.0, 0.0)","(0.0, 0.0, 0.0)",1000,gelu,False,5,3,9,30009,40009,False,0.982,0.982,False,False,2000,0.01,torch.nn.Linear.reset_parameters: kaiming_uniform_(a=sqrt(5)); bias_uniform_bound=1/sqrt(fan_in),0.5773502691896257,0.9627204589778557
unequal_major,True,0.0,1.0,1.6,0.2,0.2,0.2,0.125,"(1.6, 0.0, 0.0)","(0.0, 0.0, 0.0)",1000,gelu,False,5,4,0,30000,40000,True,1.0,0.9965,False,False,2000,0.01,torch.nn.Linear.reset_parameters: kaiming_uniform_(a=sqrt(5)); bias_uniform_bound=1/sqrt(fan_in),0.5773502691896257,0.9202748340321705
unequal_major,True,0.0,1.0,1.6,0.2,0.2,0.2,0.125,"(1.6, 0.0, 0.0)","(0.0, 0.0, 0.0)",1000,gelu,False,5,4,1,30001,40001,True,1.0,1.0,True,False,2000,0.01,torch.nn.Linear.reset_parameters: kaiming_uniform_(a=sqrt(5)); bias_uniform_bound=1/sqrt(fan_in),0.5773502691896257,0.9081287920707837
unequal_major,True,0.0,1.0,1.6,0.2,0.2,0.2,0.125,"(1.6, 0.0, 0.0)","(0.0, 0.0, 0.0)",1000,gelu,False,5,4,2,30002,40002,False,0.971,0.972,False,False,2000,0.01,torch.nn.Linear.reset_parameters: kaiming_uniform_(a=sqrt(5)); bias_uniform_bound=1/sqrt(fan_in),0.5773502691896257,0.9076230000937358
unequal_major,True,0.0,1.0,1.6,0.2,0.2,0.2,0.125,"(1.6, 0.0, 0.0)","(0.0, 0.0, 0.0)",1000,gelu,False,5,4,3,30003,40003,False,0.984,0.9745,False,False,2000,0.01,torch.nn.Linear.reset_parameters: kaiming_uniform_(a=sqrt(5)); bias_uniform_bound=1/sqrt(fan_in),0.5773502691896257,0.9056591250700876
unequal_major,True,0.0,1.0,1.6,0.2,0.2,0.2,0.125,"(1.6, 0.0, 0.0)","(0.0, 0.0, 0.0)",1000,gelu,False,5,4,4,30004,40004,True,1.0,1.0,True,False,2000,0.01,torch.nn.Linear.reset_parameters: kaiming_uniform_(a=sqrt(5)); bias_uniform_bound=1/sqrt(fan_in),0.5773502691896257,0.9255155419232324
unequal_major,True,0.0,1.0,1.6,0.2,0.2,0.2,0.125,"(1.6, 0.0, 0.0)","(0.0, 0.0, 0.0)",1000,gelu,False,5,4,5,30005,40005,False,0.986,0.9795,False,False,2000,0.01,torch.nn.Linear.reset_parameters: kaiming_uniform_(a=sqrt(5)); bias_uniform_bound=1/sqrt(fan_in),0.5773502691896257,0.9061262499308214
unequal_major,True,0.0,1.0,1.6,0.2,0.2,0.2,0.125,"(1.6, 0.0, 0.0)","(0.0, 0.0, 0.0)",1000,gelu,False,5,4,6,30006,40006,False,0.9845,0.981,False,False,2000,0.01,torch.nn.Linear.reset_parameters: kaiming_uniform_(a=sqrt(5)); bias_uniform_bound=1/sqrt(fan_in),0.5773502691896257,0.9182196670444682
unequal_major,True,0.0,1.0,1.6,0.2,0.2,0.2,0.125,"(1.6, 0.0, 0.0)","(0.0, 0.0, 0.0)",1000,gelu,False,5,4,7,30007,40007,True,1.0,1.0,True,False,2000,0.01,torch.nn.Linear.reset_parameters: kaiming_uniform_(a=sqrt(5)); bias_uniform_bound=1/sqrt(fan_in),0.5773502691896257,0.9120705000823364
unequal_major,True,0.0,1.0,1.6,0.2,0.2,0.2,0.125,"(1.6, 0.0, 0.0)","(0.0, 0.0, 0.0)",1000,gelu,False,5,4,8,30008,40008,True,1.0,1.0,True,False,2000,0.01,torch.nn.Linear.reset_parameters: kaiming_uniform_(a=sqrt(5)); bias_uniform_bound=1/sqrt(fan_in),0.5773502691896257,0.9149387499783188
unequal_major,True,0.0,1.0,1.6,0.2,0.2,0.2,0.125,"(1.6, 0.0, 0.0)","(0.0, 0.0, 0.0)",1000,gelu,False,5,4,9,30009,40009,False,0.978,0.977,False,False,2000,0.01,torch.nn.Linear.reset_parameters: kaiming_uniform_(a=sqrt(5)); bias_uniform_bound=1/sqrt(fan_in),0.5773502691896257,0.91314841597341
unequal_major,True,0.0,1.0,1.6,0.2,0.2,0.2,0.125,"(1.6, 0.0, 0.0)","(0.0, 0.0, 0.0)",1000,gelu,False,8,3,0,30000,40000,False,0.9745,0.977,False,False,2000,0.01,torch.nn.Linear.reset_parameters: kaiming_uniform_(a=sqrt(5)); bias_uniform_bound=1/sqrt(fan_in),0.5773502691896257,1.3770280421013013
unequal_major,True,0.0,1.0,1.6,0.2,0.2,0.2,0.125,"(1.6, 0.0, 0.0)","(0.0, 0.0, 0.0)",1000,gelu,False,8,3,1,30001,40001,False,0.983,0.976,False,False,2000,0.01,torch.nn.Linear.reset_parameters: kaiming_uniform_(a=sqrt(5)); bias_uniform_bound=1/sqrt(fan_in),0.5773502691896257,1.4071774589829147
unequal_major,True,0.0,1.0,1.6,0.2,0.2,0.2,0.125,"(1.6, 0.0, 0.0)","(0.0, 0.0, 0.0)",1000,gelu,False,8,3,2,30002,40002,False,0.9775,0.9685,False,False,2000,0.01,torch.nn.Linear.reset_parameters: kaiming_uniform_(a=sqrt(5)); bias_uniform_bound=1/sqrt(fan_in),0.5773502691896257,1.378382125054486
unequal_major,True,0.0,1.0,1.6,0.2,0.2,0.2,0.125,"(1.6, 0.0, 0.0)","(0.0, 0.0, 0.0)",1000,gelu,False,8,3,3,30003,40003,True,1.0,1.0,True,False,2000,0.01,torch.nn.Linear.reset_parameters: kaiming_uniform_(a=sqrt(5)); bias_uniform_bound=1/sqrt(fan_in),0.5773502691896257,1.3709339579800144
unequal_major,True,0.0,1.0,1.6,0.2,0.2,0.2,0.125,"(1.6, 0.0, 0.0)","(0.0, 0.0, 0.0)",1000,gelu,False,8,3,4,30004,40004,False,0.9835,0.9785,False,False,2000,0.01,torch.nn.Linear.reset_parameters: kaiming_uniform_(a=sqrt(5)); bias_uniform_bound=1/sqrt(fan_in),0.5773502691896257,1.412828459055163
unequal_major,True,0.0,1.0,1.6,0.2,0.2,0.2,0.125,"(1.6, 0.0, 0.0)","(0.0, 0.0, 0.0)",1000,gelu,False,8,3,5,30005,40005,False,0.983,0.96,False,False,2000,0.01,torch.nn.Linear.reset_parameters: kaiming_uniform_(a=sqrt(5)); bias_uniform_bound=1/sqrt(fan_in),0.5773502691896257,1.3740331659791991
unequal_major,True,0.0,1.0,1.6,0.2,0.2,0.2,0.125,"(1.6, 0.0, 0.0)","(0.0, 0.0, 0.0)",1000,gelu,False,8,3,6,30006,40006,False,0.982,0.976,False,False,2000,0.01,torch.nn.Linear.reset_parameters: kaiming_uniform_(a=sqrt(5)); bias_uniform_bound=1/sqrt(fan_in),0.5773502691896257,1.3923611659556627
unequal_major,True,0.0,1.0,1.6,0.2,0.2,0.2,0.125,"(1.6, 0.0, 0.0)","(0.0, 0.0, 0.0)",1000,gelu,False,8,3,7,30007,40007,False,0.97,0.968,False,False,2000,0.01,torch.nn.Linear.reset_parameters: kaiming_uniform_(a=sqrt(5)); bias_uniform_bound=1/sqrt(fan_in),0.5773502691896257,1.3688467500032857
unequal_major,True,0.0,1.0,1.6,0.2,0.2,0.2,0.125,"(1.6, 0.0, 0.0)","(0.0, 0.0, 0.0)",1000,gelu,False,8,3,8,30008,40008,False,0.977,0.976,False,False,2000,0.01,torch.nn.Linear.reset_parameters: kaiming_uniform_(a=sqrt(5)); bias_uniform_bound=1/sqrt(fan_in),0.5773502691896257,1.393708375049755
unequal_major,True,0.0,1.0,1.6,0.2,0.2,0.2,0.125,"(1.6, 0.0, 0.0)","(0.0, 0.0, 0.0)",1000,gelu,False,8,3,9,30009,40009,False,0.975,0.9745,False,False,2000,0.01,torch.nn.Linear.reset_parameters: kaiming_uniform_(a=sqrt(5)); bias_uniform_bound=1/sqrt(fan_in),0.5773502691896257,1.3630655830493197
unequal_major,True,0.0,1.0,1.6,0.2,0.2,0.2,0.125,"(1.6, 0.0, 0.0)","(0.0, 0.0, 0.0)",1000,gelu,False,8,4,0,30000,40000,False,0.9815,0.9725,False,False,2000,0.01,torch.nn.Linear.reset_parameters: kaiming_uniform_(a=sqrt(5)); bias_uniform_bound=1/sqrt(fan_in),0.5773502691896257,1.3365483339875937
unequal_major,True,0.0,1.0,1.6,0.2,0.2,0.2,0.125,"(1.6, 0.0, 0.0)","(0.0, 0.0, 0.0)",1000,gelu,False,8,4,1,30001,40001,True,1.0,1.0,True,False,2000,0.01,torch.nn.Linear.reset_parameters: kaiming_uniform_(a=sqrt(5)); bias_uniform_bound=1/sqrt(fan_in),0.5773502691896257,1.3368825000943616
unequal_major,True,0.0,1.0,1.6,0.2,0.2,0.2,0.125,"(1.6, 0.0, 0.0)","(0.0, 0.0, 0.0)",1000,gelu,False,8,4,2,30002,40002,True,1.0,1.0,True,False,2000,0.01,torch.nn.Linear.reset_parameters: kaiming_uniform_(a=sqrt(5)); bias_uniform_bound=1/sqrt(fan_in),0.5773502691896257,1.3332703330088407
unequal_major,True,0.0,1.0,1.6,0.2,0.2,0.2,0.125,"(1.6, 0.0, 0.0)","(0.0, 0.0, 0.0)",1000,gelu,False,8,4,3,30003,40003,True,1.0,1.0,True,False,2000,0.01,torch.nn.Linear.reset_parameters: kaiming_uniform_(a=sqrt(5)); bias_uniform_bound=1/sqrt(fan_in),0.5773502691896257,1.3114581670379266
unequal_major,True,0.0,1.0,1.6,0.2,0.2,0.2,0.125,"(1.6, 0.0, 0.0)","(0.0, 0.0, 0.0)",1000,gelu,False,8,4,4,30004,40004,True,1.0,1.0,True,False,2000,0.01,torch.nn.Linear.reset_parameters: kaiming_uniform_(a=sqrt(5)); bias_uniform_bound=1/sqrt(fan_in),0.5773502691896257,1.3505663749529049
unequal_major,True,0.0,1.0,1.6,0.2,0.2,0.2,0.125,"(1.6, 0.0, 0.0)","(0.0, 0.0, 0.0)",1000,gelu,False,8,4,5,30005,40005,True,1.0,1.0,True,False,2000,0.01,torch.nn.Linear.reset_parameters: kaiming_uniform_(a=sqrt(5)); bias_uniform_bound=1/sqrt(fan_in),0.5773502691896257,1.3470935419900343
unequal_major,True,0.0,1.0,1.6,0.2,0.2,0.2,0.125,"(1.6, 0.0, 0.0)","(0.0, 0.0, 0.0)",1000,gelu,False,8,4,6,30006,40006,True,1.0,1.0,True,False,2000,0.01,torch.nn.Linear.reset_parameters: kaiming_uniform_(a=sqrt(5)); bias_uniform_bound=1/sqrt(fan_in),0.5773502691896257,1.3230210829060525
unequal_major,True,0.0,1.0,1.6,0.2,0.2,0.2,0.125,"(1.6, 0.0, 0.0)","(0.0, 0.0, 0.0)",1000,gelu,False,8,4,7,30007,40007,True,1.0,1.0,True,False,2000,0.01,torch.nn.Linear.reset_parameters: kaiming_uniform_(a=sqrt(5)); bias_uniform_bound=1/sqrt(fan_in),0.5773502691896257,1.3431222920771688
unequal_major,True,0.0,1.0,1.6,0.2,0.2,0.2,0.125,"(1.6, 0.0, 0.0)","(0.0, 0.0, 0.0)",1000,gelu,False,8,4,8,30008,40008,False,0.9815,0.979,False,False,2000,0.01,torch.nn.Linear.reset_parameters: kaiming_uniform_(a=sqrt(5)); bias_uniform_bound=1/sqrt(fan_in),0.5773502691896257,1.3260798749979585
unequal_major,True,0.0,1.0,1.6,0.2,0.2,0.2,0.125,"(1.6, 0.0, 0.0)","(0.0, 0.0, 0.0)",1000,gelu,False,8,4,9,30009,40009,True,1.0,0.9995,False,False,2000,0.01,torch.nn.Linear.reset_parameters: kaiming_uniform_(a=sqrt(5)); bias_uniform_bound=1/sqrt(fan_in),0.5773502691896257,1.3187499169725925
unequal_major,True,0.0,1.0,1.6,0.2,0.2,0.2,0.125,"(1.6, 0.0, 0.0)","(0.0, 0.0, 0.0)",1000,gelu,False,12,3,0,30000,40000,False,0.9785,0.98,False,False,2000,0.01,torch.nn.Linear.reset_parameters: kaiming_uniform_(a=sqrt(5)); bias_uniform_bound=1/sqrt(fan_in),0.5773502691896257,2.011885041021742
unequal_major,True,0.0,1.0,1.6,0.2,0.2,0.2,0.125,"(1.6, 0.0, 0.0)","(0.0, 0.0, 0.0)",1000,gelu,False,12,3,1,30001,40001,False,0.9775,0.9675,False,False,2000,0.01,torch.nn.Linear.reset_parameters: kaiming_uniform_(a=sqrt(5)); bias_uniform_bound=1/sqrt(fan_in),0.5773502691896257,1.9272863749647513
unequal_major,True,0.0,1.0,1.6,0.2,0.2,0.2,0.125,"(1.6, 0.0, 0.0)","(0.0, 0.0, 0.0)",1000,gelu,False,12,3,2,30002,40002,False,0.9765,0.9775,False,False,2000,0.01,torch.nn.Linear.reset_parameters: kaiming_uniform_(a=sqrt(5)); bias_uniform_bound=1/sqrt(fan_in),0.5773502691896257,1.9412145419046283
unequal_major,True,0.0,1.0,1.6,0.2,0.2,0.2,0.125,"(1.6, 0.0, 0.0)","(0.0, 0.0, 0.0)",1000,gelu,False,12,3,3,30003,40003,False,0.976,0.9775,False,False,2000,0.01,torch.nn.Linear.reset_parameters: kaiming_uniform_(a=sqrt(5)); bias_uniform_bound=1/sqrt(fan_in),0.5773502691896257,1.9428841670742258
unequal_major,True,0.0,1.0,1.6,0.2,0.2,0.2,0.125,"(1.6, 0.0, 0.0)","(0.0, 0.0, 0.0)",1000,gelu,False,12,3,4,30004,40004,False,0.988,0.9835,False,False,2000,0.01,torch.nn.Linear.reset_parameters: kaiming_uniform_(a=sqrt(5)); bias_uniform_bound=1/sqrt(fan_in),0.5773502691896257,2.0271734170382842
unequal_major,True,0.0,1.0,1.6,0.2,0.2,0.2,0.125,"(1.6, 0.0, 0.0)","(0.0, 0.0, 0.0)",1000,gelu,False,12,3,5,30005,40005,False,0.9845,0.9815,False,False,2000,0.01,torch.nn.Linear.reset_parameters: kaiming_uniform_(a=sqrt(5)); bias_uniform_bound=1/sqrt(fan_in),0.5773502691896257,2.0126307079335675
unequal_major,True,0.0,1.0,1.6,0.2,0.2,0.2,0.125,"(1.6, 0.0, 0.0)","(0.0, 0.0, 0.0)",1000,gelu,False,12,3,6,30006,40006,False,0.9725,0.974,False,False,2000,0.01,torch.nn.Linear.reset_parameters: kaiming_uniform_(a=sqrt(5)); bias_uniform_bound=1/sqrt(fan_in),0.5773502691896257,2.0205214580055326
unequal_major,True,0.0,1.0,1.6,0.2,0.2,0.2,0.125,"(1.6, 0.0, 0.0)","(0.0, 0.0, 0.0)",1000,gelu,False,12,3,7,30007,40007,False,0.9785,0.9715,False,False,2000,0.01,torch.nn.Linear.reset_parameters: kaiming_uniform_(a=sqrt(5)); bias_uniform_bound=1/sqrt(fan_in),0.5773502691896257,1.9165083329426125
unequal_major,True,0.0,1.0,1.6,0.2,0.2,0.2,0.125,"(1.6, 0.0, 0.0)","(0.0, 0.0, 0.0)",1000,gelu,False,12,3,8,30008,40008,False,0.9795,0.9795,False,False,2000,0.01,torch.nn.Linear.reset_parameters: kaiming_uniform_(a=sqrt(5)); bias_uniform_bound=1/sqrt(fan_in),0.5773502691896257,1.9208366250386462
unequal_major,True,0.0,1.0,1.6,0.2,0.2,0.2,0.125,"(1.6, 0.0, 0.0)","(0.0, 0.0, 0.0)",1000,gelu,False,12,3,9,30009,40009,False,0.973,0.975,False,False,2000,0.01,torch.nn.Linear.reset_parameters: kaiming_uniform_(a=sqrt(5)); bias_uniform_bound=1/sqrt(fan_in),0.5773502691896257,1.9978759579826146
unequal_major,True,0.0,1.0,1.6,0.2,0.2,0.2,0.125,"(1.6, 0.0, 0.0)","(0.0, 0.0, 0.0)",1000,gelu,False,12,4,0,30000,40000,False,0.973,0.9745,False,False,2000,0.01,torch.nn.Linear.reset_parameters: kaiming_uniform_(a=sqrt(5)); bias_uniform_bound=1/sqrt(fan_in),0.5773502691896257,1.8949465829646215
unequal_major,True,0.0,1.0,1.6,0.2,0.2,0.2,0.125,"(1.6, 0.0, 0.0)","(0.0, 0.0, 0.0)",1000,gelu,False,12,4,1,30001,40001,False,0.996,0.9905,False,False,2000,0.01,torch.nn.Linear.reset_parameters: kaiming_uniform_(a=sqrt(5)); bias_uniform_bound=1/sqrt(fan_in),0.5773502691896257,1.8663754170993343
unequal_major,True,0.0,1.0,1.6,0.2,0.2,0.2,0.125,"(1.6, 0.0, 0.0)","(0.0, 0.0, 0.0)",1000,gelu,False,12,4,2,30002,40002,True,1.0,1.0,True,False,2000,0.01,torch.nn.Linear.reset_parameters: kaiming_uniform_(a=sqrt(5)); bias_uniform_bound=1/sqrt(fan_in),0.5773502691896257,1.8617208329960704
unequal_major,True,0.0,1.0,1.6,0.2,0.2,0.2,0.125,"(1.6, 0.0, 0.0)","(0.0, 0.0, 0.0)",1000,gelu,False,12,4,3,30003,40003,True,1.0,1.0,True,False,2000,0.01,torch.nn.Linear.reset_parameters: kaiming_uniform_(a=sqrt(5)); bias_uniform_bound=1/sqrt(fan_in),0.5773502691896257,1.8933126248884946
unequal_major,True,0.0,1.0,1.6,0.2,0.2,0.2,0.125,"(1.6, 0.0, 0.0)","(0.0, 0.0, 0.0)",1000,gelu,False,12,4,4,30004,40004,True,1.0,1.0,True,False,2000,0.01,torch.nn.Linear.reset_parameters: kaiming_uniform_(a=sqrt(5)); bias_uniform_bound=1/sqrt(fan_in),0.5773502691896257,1.8756878329440951
unequal_major,True,0.0,1.0,1.6,0.2,0.2,0.2,0.125,"(1.6, 0.0, 0.0)","(0.0, 0.0, 0.0)",1000,gelu,False,12,4,5,30005,40005,True,1.0,1.0,True,False,2000,0.01,torch.nn.Linear.reset_parameters: kaiming_uniform_(a=sqrt(5)); bias_uniform_bound=1/sqrt(fan_in),0.5773502691896257,1.9565347499446943
unequal_major,True,0.0,1.0,1.6,0.2,0.2,0.2,0.125,"(1.6, 0.0, 0.0)","(0.0, 0.0, 0.0)",1000,gelu,False,12,4,6,30006,40006,False,0.989,0.97,False,False,2000,0.01,torch.nn.Linear.reset_parameters: kaiming_uniform_(a=sqrt(5)); bias_uniform_bound=1/sqrt(fan_in),0.5773502691896257,1.8889580839313567
unequal_major,True,0.0,1.0,1.6,0.2,0.2,0.2,0.125,"(1.6, 0.0, 0.0)","(0.0, 0.0, 0.0)",1000,gelu,False,12,4,7,30007,40007,True,1.0,1.0,True,False,2000,0.01,torch.nn.Linear.reset_parameters: kaiming_uniform_(a=sqrt(5)); bias_uniform_bound=1/sqrt(fan_in),0.5773502691896257,1.8398889169329777
unequal_major,True,0.0,1.0,1.6,0.2,0.2,0.2,0.125,"(1.6, 0.0, 0.0)","(0.0, 0.0, 0.0)",1000,gelu,False,12,4,8,30008,40008,False,0.9815,0.9775,False,False,2000,0.01,torch.nn.Linear.reset_parameters: kaiming_uniform_(a=sqrt(5)); bias_uniform_bound=1/sqrt(fan_in),0.5773502691896257,1.87771316699218
unequal_major,True,0.0,1.0,1.6,0.2,0.2,0.2,0.125,"(1.6, 0.0, 0.0)","(0.0, 0.0, 0.0)",1000,gelu,False,12,4,9,30009,40009,False,0.9755,0.978,False,False,2000,0.01,torch.nn.Linear.reset_parameters: kaiming_uniform_(a=sqrt(5)); bias_uniform_bound=1/sqrt(fan_in),0.5773502691896257,1.8412254590075463
asymmetric_tube,True,0.0,1.0,1.0,0.1,0.35,0.1,0.35,"(1.0, 0.0, 0.0)","(0.0, 0.0, 0.0)",1000,tanh,True,3,3,0,30000,40000,False,0.9715,0.971,False,False,2000,0.01,torch.nn.Linear.reset_parameters: kaiming_uniform_(a=sqrt(5)); bias_uniform_bound=1/sqrt(fan_in),0.5773502691896257,0.6598159580025822
asymmetric_tube,True,0.0,1.0,1.0,0.1,0.35,0.1,0.35,"(1.0, 0.0, 0.0)","(0.0, 0.0, 0.0)",1000,tanh,True,3,3,1,30001,40001,False,0.9625,0.965,False,False,2000,0.01,torch.nn.Linear.reset_parameters: kaiming_uniform_(a=sqrt(5)); bias_uniform_bound=1/sqrt(fan_in),0.5773502691896257,0.6542380000464618
asymmetric_tube,True,0.0,1.0,1.0,0.1,0.35,0.1,0.35,"(1.0, 0.0, 0.0)","(0.0, 0.0, 0.0)",1000,tanh,True,3,3,2,30002,40002,False,0.969,0.962,False,False,2000,0.01,torch.nn.Linear.reset_parameters: kaiming_uniform_(a=sqrt(5)); bias_uniform_bound=1/sqrt(fan_in),0.5773502691896257,0.660866416990757
asymmetric_tube,True,0.0,1.0,1.0,0.1,0.35,0.1,0.35,"(1.0, 0.0, 0.0)","(0.0, 0.0, 0.0)",1000,tanh,True,3,3,3,30003,40003,False,0.9715,0.965,False,False,2000,0.01,torch.nn.Linear.reset_parameters: kaiming_uniform_(a=sqrt(5)); bias_uniform_bound=1/sqrt(fan_in),0.5773502691896257,0.6634694170206785
asymmetric_tube,True,0.0,1.0,1.0,0.1,0.35,0.1,0.35,"(1.0, 0.0, 0.0)","(0.0, 0.0, 0.0)",1000,tanh,True,3,3,4,30004,40004,False,0.9595,0.9625,False,False,2000,0.01,torch.nn.Linear.reset_parameters: kaiming_uniform_(a=sqrt(5)); bias_uniform_bound=1/sqrt(fan_in),0.5773502691896257,0.653530208976008
asymmetric_tube,True,0.0,1.0,1.0,0.1,0.35,0.1,0.35,"(1.0, 0.0, 0.0)","(0.0, 0.0, 0.0)",1000,tanh,True,3,3,5,30005,40005,False,0.99,0.984,False,False,2000,0.01,torch.nn.Linear.reset_parameters: kaiming_uniform_(a=sqrt(5)); bias_uniform_bound=1/sqrt(fan_in),0.5773502691896257,0.6590329160680994
asymmetric_tube,True,0.0,1.0,1.0,0.1,0.35,0.1,0.35,"(1.0, 0.0, 0.0)","(0.0, 0.0, 0.0)",1000,tanh,True,3,3,6,30006,40006,False,0.971,0.9685,False,False,2000,0.01,torch.nn.Linear.reset_parameters: kaiming_uniform_(a=sqrt(5)); bias_uniform_bound=1/sqrt(fan_in),0.5773502691896257,0.6568865830777213
asymmetric_tube,True,0.0,1.0,1.0,0.1,0.35,0.1,0.35,"(1.0, 0.0, 0.0)","(0.0, 0.0, 0.0)",1000,tanh,True,3,3,7,30007,40007,False,0.9665,0.975,False,False,2000,0.01,torch.nn.Linear.reset_parameters: kaiming_uniform_(a=sqrt(5)); bias_uniform_bound=1/sqrt(fan_in),0.5773502691896257,0.6552567080361769
asymmetric_tube,True,0.0,1.0,1.0,0.1,0.35,0.1,0.35,"(1.0, 0.0, 0.0)","(0.0, 0.0, 0.0)",1000,tanh,True,3,3,8,30008,40008,False,0.973,0.963,False,False,2000,0.01,torch.nn.Linear.reset_parameters: kaiming_uniform_(a=sqrt(5)); bias_uniform_bound=1/sqrt(fan_in),0.5773502691896257,0.6595191250089556
asymmetric_tube,True,0.0,1.0,1.0,0.1,0.35,0.1,0.35,"(1.0, 0.0, 0.0)","(0.0, 0.0, 0.0)",1000,tanh,True,3,3,9,30009,40009,False,0.954,0.954,False,False,2000,0.01,torch.nn.Linear.reset_parameters: kaiming_uniform_(a=sqrt(5)); bias_uniform_bound=1/sqrt(fan_in),0.5773502691896257,0.6554354160325602
asymmetric_tube,True,0.0,1.0,1.0,0.1,0.35,0.1,0.35,"(1.0, 0.0, 0.0)","(0.0, 0.0, 0.0)",1000,tanh,True,3,4,0,30000,40000,False,0.97,0.9685,False,False,2000,0.01,torch.nn.Linear.reset_parameters: kaiming_uniform_(a=sqrt(5)); bias_uniform_bound=1/sqrt(fan_in),0.5773502691896257,0.6460127079626545
asymmetric_tube,True,0.0,1.0,1.0,0.1,0.35,0.1,0.35,"(1.0, 0.0, 0.0)","(0.0, 0.0, 0.0)",1000,tanh,True,3,4,1,30001,40001,False,0.96,0.966,False,False,2000,0.01,torch.nn.Linear.reset_parameters: kaiming_uniform_(a=sqrt(5)); bias_uniform_bound=1/sqrt(fan_in),0.5773502691896257,0.6416160410735756
asymmetric_tube,True,0.0,1.0,1.0,0.1,0.35,0.1,0.35,"(1.0, 0.0, 0.0)","(0.0, 0.0, 0.0)",1000,tanh,True,3,4,2,30002,40002,False,0.967,0.964,False,False,2000,0.01,torch.nn.Linear.reset_parameters: kaiming_uniform_(a=sqrt(5)); bias_uniform_bound=1/sqrt(fan_in),0.5773502691896257,0.6373412079410627
asymmetric_tube,True,0.0,1.0,1.0,0.1,0.35,0.1,0.35,"(1.0, 0.0, 0.0)","(0.0, 0.0, 0.0)",1000,tanh,True,3,4,3,30003,40003,True,1.0,1.0,True,False,2000,0.01,torch.nn.Linear.reset_parameters: kaiming_uniform_(a=sqrt(5)); bias_uniform_bound=1/sqrt(fan_in),0.5773502691896257,0.6425008329097182
asymmetric_tube,True,0.0,1.0,1.0,0.1,0.35,0.1,0.35,"(1.0, 0.0, 0.0)","(0.0, 0.0, 0.0)",1000,tanh,True,3,4,4,30004,40004,False,0.9745,0.975,False,False,2000,0.01,torch.nn.Linear.reset_parameters: kaiming_uniform_(a=sqrt(5)); bias_uniform_bound=1/sqrt(fan_in),0.5773502691896257,0.6435962499817833
asymmetric_tube,True,0.0,1.0,1.0,0.1,0.35,0.1,0.35,"(1.0, 0.0, 0.0)","(0.0, 0.0, 0.0)",1000,tanh,True,3,4,5,30005,40005,False,0.978,0.9755,False,False,2000,0.01,torch.nn.Linear.reset_parameters: kaiming_uniform_(a=sqrt(5)); bias_uniform_bound=1/sqrt(fan_in),0.5773502691896257,0.6394487919751555
asymmetric_tube,True,0.0,1.0,1.0,0.1,0.35,0.1,0.35,"(1.0, 0.0, 0.0)","(0.0, 0.0, 0.0)",1000,tanh,True,3,4,6,30006,40006,False,0.972,0.967,False,False,2000,0.01,torch.nn.Linear.reset_parameters: kaiming_uniform_(a=sqrt(5)); bias_uniform_bound=1/sqrt(fan_in),0.5773502691896257,0.6442399169318378
asymmetric_tube,True,0.0,1.0,1.0,0.1,0.35,0.1,0.35,"(1.0, 0.0, 0.0)","(0.0, 0.0, 0.0)",1000,tanh,True,3,4,7,30007,40007,False,0.967,0.9755,False,False,2000,0.01,torch.nn.Linear.reset_parameters: kaiming_uniform_(a=sqrt(5)); bias_uniform_bound=1/sqrt(fan_in),0.5773502691896257,0.643596125068143
asymmetric_tube,True,0.0,1.0,1.0,0.1,0.35,0.1,0.35,"(1.0, 0.0, 0.0)","(0.0, 0.0, 0.0)",1000,tanh,True,3,4,8,30008,40008,True,1.0,1.0,True,False,2000,0.01,torch.nn.Linear.reset_parameters: kaiming_uniform_(a=sqrt(5)); bias_uniform_bound=1/sqrt(fan_in),0.5773502691896257,0.6420491250464693
asymmetric_tube,True,0.0,1.0,1.0,0.1,0.35,0.1,0.35,"(1.0, 0.0, 0.0)","(0.0, 0.0, 0.0)",1000,tanh,True,3,4,9,30009,40009,False,0.9675,0.9695,False,False,2000,0.01,torch.nn.Linear.reset_parameters: kaiming_uniform_(a=sqrt(5)); bias_uniform_bound=1/sqrt(fan_in),0.5773502691896257,0.6456032079877332
asymmetric_tube,True,0.0,1.0,1.0,0.1,0.35,0.1,0.35,"(1.0, 0.0, 0.0)","(0.0, 0.0, 0.0)",1000,tanh,True,5,3,0,30000,40000,False,0.9705,0.9695,False,False,2000,0.01,torch.nn.Linear.reset_parameters: kaiming_uniform_(a=sqrt(5)); bias_uniform_bound=1/sqrt(fan_in),0.5773502691896257,0.9487485409481451
asymmetric_tube,True,0.0,1.0,1.0,0.1,0.35,0.1,0.35,"(1.0, 0.0, 0.0)","(0.0, 0.0, 0.0)",1000,tanh,True,5,3,1,30001,40001,False,0.9555,0.953,False,False,2000,0.01,torch.nn.Linear.reset_parameters: kaiming_uniform_(a=sqrt(5)); bias_uniform_bound=1/sqrt(fan_in),0.5773502691896257,0.9446865000063553
asymmetric_tube,True,0.0,1.0,1.0,0.1,0.35,0.1,0.35,"(1.0, 0.0, 0.0)","(0.0, 0.0, 0.0)",1000,tanh,True,5,3,2,30002,40002,False,0.966,0.962,False,False,2000,0.01,torch.nn.Linear.reset_parameters: kaiming_uniform_(a=sqrt(5)); bias_uniform_bound=1/sqrt(fan_in),0.5773502691896257,0.9468810410471633
asymmetric_tube,True,0.0,1.0,1.0,0.1,0.35,0.1,0.35,"(1.0, 0.0, 0.0)","(0.0, 0.0, 0.0)",1000,tanh,True,5,3,3,30003,40003,False,0.98,0.972,False,False,2000,0.01,torch.nn.Linear.reset_parameters: kaiming_uniform_(a=sqrt(5)); bias_uniform_bound=1/sqrt(fan_in),0.5773502691896257,0.9430181250208989
asymmetric_tube,True,0.0,1.0,1.0,0.1,0.35,0.1,0.35,"(1.0, 0.0, 0.0)","(0.0, 0.0, 0.0)",1000,tanh,True,5,3,4,30004,40004,False,0.9725,0.976,False,False,2000,0.01,torch.nn.Linear.reset_parameters: kaiming_uniform_(a=sqrt(5)); bias_uniform_bound=1/sqrt(fan_in),0.5773502691896257,0.945064666098915
asymmetric_tube,True,0.0,1.0,1.0,0.1,0.35,0.1,0.35,"(1.0, 0.0, 0.0)","(0.0, 0.0, 0.0)",1000,tanh,True,5,3,5,30005,40005,False,0.967,0.9555,False,False,2000,0.01,torch.nn.Linear.reset_parameters: kaiming_uniform_(a=sqrt(5)); bias_uniform_bound=1/sqrt(fan_in),0.5773502691896257,0.9420546669280156
asymmetric_tube,True,0.0,1.0,1.0,0.1,0.35,0.1,0.35,"(1.0, 0.0, 0.0)","(0.0, 0.0, 0.0)",1000,tanh,True,5,3,6,30006,40006,False,0.9715,0.9635,False,False,2000,0.01,torch.nn.Linear.reset_parameters: kaiming_uniform_(a=sqrt(5)); bias_uniform_bound=1/sqrt(fan_in),0.5773502691896257,0.9393569999374449
asymmetric_tube,True,0.0,1.0,1.0,0.1,0.35,0.1,0.35,"(1.0, 0.0, 0.0)","(0.0, 0.0, 0.0)",1000,tanh,True,5,3,7,30007,40007,False,0.968,0.975,False,False,2000,0.01,torch.nn.Linear.reset_parameters: kaiming_uniform_(a=sqrt(5)); bias_uniform_bound=1/sqrt(fan_in),0.5773502691896257,0.9440327910706401
asymmetric_tube,True,0.0,1.0,1.0,0.1,0.35,0.1,0.35,"(1.0, 0.0, 0.0)","(0.0, 0.0, 0.0)",1000,tanh,True,5,3,8,30008,40008,False,0.9695,0.973,False,False,2000,0.01,torch.nn.Linear.reset_parameters: kaiming_uniform_(a=sqrt(5)); bias_uniform_bound=1/sqrt(fan_in),0.5773502691896257,0.9529946250841022
asymmetric_tube,True,0.0,1.0,1.0,0.1,0.35,0.1,0.35,"(1.0, 0.0, 0.0)","(0.0, 0.0, 0.0)",1000,tanh,True,5,3,9,30009,40009,False,0.9675,0.9625,False,False,2000,0.01,torch.nn.Linear.reset_parameters: kaiming_uniform_(a=sqrt(5)); bias_uniform_bound=1/sqrt(fan_in),0.5773502691896257,0.9538837500149384
asymmetric_tube,True,0.0,1.0,1.0,0.1,0.35,0.1,0.35,"(1.0, 0.0, 0.0)","(0.0, 0.0, 0.0)",1000,tanh,True,5,4,0,30000,40000,False,0.9705,0.9705,False,False,2000,0.01,torch.nn.Linear.reset_parameters: kaiming_uniform_(a=sqrt(5)); bias_uniform_bound=1/sqrt(fan_in),0.5773502691896257,0.9260822499636561
asymmetric_tube,True,0.0,1.0,1.0,0.1,0.35,0.1,0.35,"(1.0, 0.0, 0.0)","(0.0, 0.0, 0.0)",1000,tanh,True,5,4,1,30001,40001,True,1.0,1.0,True,False,2000,0.01,torch.nn.Linear.reset_parameters: kaiming_uniform_(a=sqrt(5)); bias_uniform_bound=1/sqrt(fan_in),0.5773502691896257,0.9244007500819862
asymmetric_tube,True,0.0,1.0,1.0,0.1,0.35,0.1,0.35,"(1.0, 0.0, 0.0)","(0.0, 0.0, 0.0)",1000,tanh,True,5,4,2,30002,40002,False,0.9675,0.9595,False,False,2000,0.01,torch.nn.Linear.reset_parameters: kaiming_uniform_(a=sqrt(5)); bias_uniform_bound=1/sqrt(fan_in),0.5773502691896257,0.9221777920611203
asymmetric_tube,True,0.0,1.0,1.0,0.1,0.35,0.1,0.35,"(1.0, 0.0, 0.0)","(0.0, 0.0, 0.0)",1000,tanh,True,5,4,3,30003,40003,True,1.0,1.0,True,False,2000,0.01,torch.nn.Linear.reset_parameters: kaiming_uniform_(a=sqrt(5)); bias_uniform_bound=1/sqrt(fan_in),0.5773502691896257,0.9243194590089843
asymmetric_tube,True,0.0,1.0,1.0,0.1,0.35,0.1,0.35,"(1.0, 0.0, 0.0)","(0.0, 0.0, 0.0)",1000,tanh,True,5,4,4,30004,40004,True,1.0,1.0,True,False,2000,0.01,torch.nn.Linear.reset_parameters: kaiming_uniform_(a=sqrt(5)); bias_uniform_bound=1/sqrt(fan_in),0.5773502691896257,0.9233058750396594
asymmetric_tube,True,0.0,1.0,1.0,0.1,0.35,0.1,0.35,"(1.0, 0.0, 0.0)","(0.0, 0.0, 0.0)",1000,tanh,True,5,4,5,30005,40005,False,0.967,0.959,False,False,2000,0.01,torch.nn.Linear.reset_parameters: kaiming_uniform_(a=sqrt(5)); bias_uniform_bound=1/sqrt(fan_in),0.5773502691896257,0.9239347910042852
asymmetric_tube,True,0.0,1.0,1.0,0.1,0.35,0.1,0.35,"(1.0, 0.0, 0.0)","(0.0, 0.0, 0.0)",1000,tanh,True,5,4,6,30006,40006,True,1.0,1.0,True,False,2000,0.01,torch.nn.Linear.reset_parameters: kaiming_uniform_(a=sqrt(5)); bias_uniform_bound=1/sqrt(fan_in),0.5773502691896257,0.9238286670297384
asymmetric_tube,True,0.0,1.0,1.0,0.1,0.35,0.1,0.35,"(1.0, 0.0, 0.0)","(0.0, 0.0, 0.0)",1000,tanh,True,5,4,7,30007,40007,False,0.967,0.959,False,False,2000,0.01,torch.nn.Linear.reset_parameters: kaiming_uniform_(a=sqrt(5)); bias_uniform_bound=1/sqrt(fan_in),0.5773502691896257,0.9266037079505622
asymmetric_tube,True,0.0,1.0,1.0,0.1,0.35,0.1,0.35,"(1.0, 0.0, 0.0)","(0.0, 0.0, 0.0)",1000,tanh,True,5,4,8,30008,40008,True,1.0,1.0,True,False,2000,0.01,torch.nn.Linear.reset_parameters: kaiming_uniform_(a=sqrt(5)); bias_uniform_bound=1/sqrt(fan_in),0.5773502691896257,0.921539916889742
asymmetric_tube,True,0.0,1.0,1.0,0.1,0.35,0.1,0.35,"(1.0, 0.0, 0.0)","(0.0, 0.0, 0.0)",1000,tanh,True,5,4,9,30009,40009,True,1.0,1.0,True,False,2000,0.01,torch.nn.Linear.reset_parameters: kaiming_uniform_(a=sqrt(5)); bias_uniform_bound=1/sqrt(fan_in),0.5773502691896257,0.9199500840622932
asymmetric_tube,True,0.0,1.0,1.0,0.1,0.35,0.1,0.35,"(1.0, 0.0, 0.0)","(0.0, 0.0, 0.0)",1000,tanh,True,8,3,0,30000,40000,False,0.9655,0.9655,False,False,2000,0.01,torch.nn.Linear.reset_parameters: kaiming_uniform_(a=sqrt(5)); bias_uniform_bound=1/sqrt(fan_in),0.5773502691896257,1.3685025410959497
asymmetric_tube,True,0.0,1.0,1.0,0.1,0.35,0.1,0.35,"(1.0, 0.0, 0.0)","(0.0, 0.0, 0.0)",1000,tanh,True,8,3,1,30001,40001,False,0.957,0.9535,False,False,2000,0.01,torch.nn.Linear.reset_parameters: kaiming_uniform_(a=sqrt(5)); bias_uniform_bound=1/sqrt(fan_in),0.5773502691896257,1.36657670896966
asymmetric_tube,True,0.0,1.0,1.0,0.1,0.35,0.1,0.35,"(1.0, 0.0, 0.0)","(0.0, 0.0, 0.0)",1000,tanh,True,8,3,2,30002,40002,False,0.738,0.7225,False,False,2000,0.01,torch.nn.Linear.reset_parameters: kaiming_uniform_(a=sqrt(5)); bias_uniform_bound=1/sqrt(fan_in),0.5773502691896257,1.3680690419860184
asymmetric_tube,True,0.0,1.0,1.0,0.1,0.35,0.1,0.35,"(1.0, 0.0, 0.0)","(0.0, 0.0, 0.0)",1000,tanh,True,8,3,3,30003,40003,False,0.9725,0.9705,False,False,2000,0.01,torch.nn.Linear.reset_parameters: kaiming_uniform_(a=sqrt(5)); bias_uniform_bound=1/sqrt(fan_in),0.5773502691896257,1.3634944160003215
asymmetric_tube,True,0.0,1.0,1.0,0.1,0.35,0.1,0.35,"(1.0, 0.0, 0.0)","(0.0, 0.0, 0.0)",1000,tanh,True,8,3,4,30004,40004,False,0.969,0.9735,False,False,2000,0.01,torch.nn.Linear.reset_parameters: kaiming_uniform_(a=sqrt(5)); bias_uniform_bound=1/sqrt(fan_in),0.5773502691896257,1.3641746659995988
asymmetric_tube,True,0.0,1.0,1.0,0.1,0.35,0.1,0.35,"(1.0, 0.0, 0.0)","(0.0, 0.0, 0.0)",1000,tanh,True,8,3,5,30005,40005,False,0.97,0.9595,False,False,2000,0.01,torch.nn.Linear.reset_parameters: kaiming_uniform_(a=sqrt(5)); bias_uniform_bound=1/sqrt(fan_in),0.5773502691896257,1.3675715409917757
asymmetric_tube,True,0.0,1.0,1.0,0.1,0.35,0.1,0.35,"(1.0, 0.0, 0.0)","(0.0, 0.0, 0.0)",1000,tanh,True,8,3,6,30006,40006,False,0.976,0.973,False,False,2000,0.01,torch.nn.Linear.reset_parameters: kaiming_uniform_(a=sqrt(5)); bias_uniform_bound=1/sqrt(fan_in),0.5773502691896257,1.450312374974601
asymmetric_tube,True,0.0,1.0,1.0,0.1,0.35,0.1,0.35,"(1.0, 0.0, 0.0)","(0.0, 0.0, 0.0)",1000,tanh,True,8,3,7,30007,40007,False,0.968,0.9745,False,False,2000,0.01,torch.nn.Linear.reset_parameters: kaiming_uniform_(a=sqrt(5)); bias_uniform_bound=1/sqrt(fan_in),0.5773502691896257,1.3757959589129314
asymmetric_tube,True,0.0,1.0,1.0,0.1,0.35,0.1,0.35,"(1.0, 0.0, 0.0)","(0.0, 0.0, 0.0)",1000,tanh,True,8,3,8,30008,40008,False,0.971,0.973,False,False,2000,0.01,torch.nn.Linear.reset_parameters: kaiming_uniform_(a=sqrt(5)); bias_uniform_bound=1/sqrt(fan_in),0.5773502691896257,1.3738652090542018
asymmetric_tube,True,0.0,1.0,1.0,0.1,0.35,0.1,0.35,"(1.0, 0.0, 0.0)","(0.0, 0.0, 0.0)",1000,tanh,True,8,3,9,30009,40009,False,0.9655,0.959,False,False,2000,0.01,torch.nn.Linear.reset_parameters: kaiming_uniform_(a=sqrt(5)); bias_uniform_bound=1/sqrt(fan_in),0.5773502691896257,1.5379154169932008
asymmetric_tube,True,0.0,1.0,1.0,0.1,0.35,0.1,0.35,"(1.0, 0.0, 0.0)","(0.0, 0.0, 0.0)",1000,tanh,True,8,4,0,30000,40000,False,0.9595,0.9475,False,False,2000,0.01,torch.nn.Linear.reset_parameters: kaiming_uniform_(a=sqrt(5)); bias_uniform_bound=1/sqrt(fan_in),0.5773502691896257,1.4326479169540107
asymmetric_tube,True,0.0,1.0,1.0,0.1,0.35,0.1,0.35,"(1.0, 0.0, 0.0)","(0.0, 0.0, 0.0)",1000,tanh,True,8,4,1,30001,40001,False,0.966,0.961,False,False,2000,0.01,torch.nn.Linear.reset_parameters: kaiming_uniform_(a=sqrt(5)); bias_uniform_bound=1/sqrt(fan_in),0.5773502691896257,1.3585353749804199
asymmetric_tube,True,0.0,1.0,1.0,0.1,0.35,0.1,0.35,"(1.0, 0.0, 0.0)","(0.0, 0.0, 0.0)",1000,tanh,True,8,4,2,30002,40002,False,0.9365,0.925,False,False,2000,0.01,torch.nn.Linear.reset_parameters: kaiming_uniform_(a=sqrt(5)); bias_uniform_bound=1/sqrt(fan_in),0.5773502691896257,1.5243158749071881
asymmetric_tube,True,0.0,1.0,1.0,0.1,0.35,0.1,0.35,"(1.0, 0.0, 0.0)","(0.0, 0.0, 0.0)",1000,tanh,True,8,4,3,30003,40003,False,0.917,0.9155,False,False,2000,0.01,torch.nn.Linear.reset_parameters: kaiming_uniform_(a=sqrt(5)); bias_uniform_bound=1/sqrt(fan_in),0.5773502691896257,1.552424291963689
asymmetric_tube,True,0.0,1.0,1.0,0.1,0.35,0.1,0.35,"(1.0, 0.0, 0.0)","(0.0, 0.0, 0.0)",1000,tanh,True,8,4,4,30004,40004,False,0.9995,0.995,False,False,2000,0.01,torch.nn.Linear.reset_parameters: kaiming_uniform_(a=sqrt(5)); bias_uniform_bound=1/sqrt(fan_in),0.5773502691896257,1.724654083023779
asymmetric_tube,True,0.0,1.0,1.0,0.1,0.35,0.1,0.35,"(1.0, 0.0, 0.0)","(0.0, 0.0, 0.0)",1000,tanh,True,8,4,5,30005,40005,False,0.974,0.9695,False,False,2000,0.01,torch.nn.Linear.reset_parameters: kaiming_uniform_(a=sqrt(5)); bias_uniform_bound=1/sqrt(fan_in),0.5773502691896257,1.3647928329883143
asymmetric_tube,True,0.0,1.0,1.0,0.1,0.35,0.1,0.35,"(1.0, 0.0, 0.0)","(0.0, 0.0, 0.0)",1000,tanh,True,8,4,6,30006,40006,True,1.0,1.0,True,False,2000,0.01,torch.nn.Linear.reset_parameters: kaiming_uniform_(a=sqrt(5)); bias_uniform_bound=1/sqrt(fan_in),0.5773502691896257,1.3543048750143498
asymmetric_tube,True,0.0,1.0,1.0,0.1,0.35,0.1,0.35,"(1.0, 0.0, 0.0)","(0.0, 0.0, 0.0)",1000,tanh,True,8,4,7,30007,40007,True,1.0,1.0,True,False,2000,0.01,torch.nn.Linear.reset_parameters: kaiming_uniform_(a=sqrt(5)); bias_uniform_bound=1/sqrt(fan_in),0.5773502691896257,1.3653635409427807
asymmetric_tube,True,0.0,1.0,1.0,0.1,0.35,0.1,0.35,"(1.0, 0.0, 0.0)","(0.0, 0.0, 0.0)",1000,tanh,True,8,4,8,30008,40008,True,1.0,1.0,True,False,2000,0.01,torch.nn.Linear.reset_parameters: kaiming_uniform_(a=sqrt(5)); bias_uniform_bound=1/sqrt(fan_in),0.5773502691896257,1.3486725410912186
asymmetric_tube,True,0.0,1.0,1.0,0.1,0.35,0.1,0.35,"(1.0, 0.0, 0.0)","(0.0, 0.0, 0.0)",1000,tanh,True,8,4,9,30009,40009,False,0.9695,0.9685,False,False,2000,0.01,torch.nn.Linear.reset_parameters: kaiming_uniform_(a=sqrt(5)); bias_uniform_bound=1/sqrt(fan_in),0.5773502691896257,1.3418663749471307
asymmetric_tube,True,0.0,1.0,1.0,0.1,0.35,0.1,0.35,"(1.0, 0.0, 0.0)","(0.0, 0.0, 0.0)",1000,tanh,True,12,3,0,30000,40000,False,0.744,0.729,False,False,2000,0.01,torch.nn.Linear.reset_parameters: kaiming_uniform_(a=sqrt(5)); bias_uniform_bound=1/sqrt(fan_in),0.5773502691896257,1.9547518329927698
asymmetric_tube,True,0.0,1.0,1.0,0.1,0.35,0.1,0.35,"(1.0, 0.0, 0.0)","(0.0, 0.0, 0.0)",1000,tanh,True,12,3,1,30001,40001,False,0.9555,0.9535,False,False,2000,0.01,torch.nn.Linear.reset_parameters: kaiming_uniform_(a=sqrt(5)); bias_uniform_bound=1/sqrt(fan_in),0.5773502691896257,1.9828909169882536
asymmetric_tube,True,0.0,1.0,1.0,0.1,0.35,0.1,0.35,"(1.0, 0.0, 0.0)","(0.0, 0.0, 0.0)",1000,tanh,True,12,3,2,30002,40002,False,0.9715,0.972,False,False,2000,0.01,torch.nn.Linear.reset_parameters: kaiming_uniform_(a=sqrt(5)); bias_uniform_bound=1/sqrt(fan_in),0.5773502691896257,1.9523915420286357
asymmetric_tube,True,0.0,1.0,1.0,0.1,0.35,0.1,0.35,"(1.0, 0.0, 0.0)","(0.0, 0.0, 0.0)",1000,tanh,True,12,3,3,30003,40003,False,0.9865,0.9825,False,False,2000,0.01,torch.nn.Linear.reset_parameters: kaiming_uniform_(a=sqrt(5)); bias_uniform_bound=1/sqrt(fan_in),0.5773502691896257,2.054553624941036
asymmetric_tube,True,0.0,1.0,1.0,0.1,0.35,0.1,0.35,"(1.0, 0.0, 0.0)","(0.0, 0.0, 0.0)",1000,tanh,True,12,3,4,30004,40004,False,0.9635,0.959,False,False,2000,0.01,torch.nn.Linear.reset_parameters: kaiming_uniform_(a=sqrt(5)); bias_uniform_bound=1/sqrt(fan_in),0.5773502691896257,1.9447386249667034
asymmetric_tube,True,0.0,1.0,1.0,0.1,0.35,0.1,0.35,"(1.0, 0.0, 0.0)","(0.0, 0.0, 0.0)",1000,tanh,True,12,3,5,30005,40005,False,0.9755,0.9755,False,False,2000,0.01,torch.nn.Linear.reset_parameters: kaiming_uniform_(a=sqrt(5)); bias_uniform_bound=1/sqrt(fan_in),0.5773502691896257,1.9478757500182837
asymmetric_tube,True,0.0,1.0,1.0,0.1,0.35,0.1,0.35,"(1.0, 0.0, 0.0)","(0.0, 0.0, 0.0)",1000,tanh,True,12,3,6,30006,40006,False,0.971,0.97,False,False,2000,0.01,torch.nn.Linear.reset_parameters: kaiming_uniform_(a=sqrt(5)); bias_uniform_bound=1/sqrt(fan_in),0.5773502691896257,1.9427815420785919
asymmetric_tube,True,0.0,1.0,1.0,0.1,0.35,0.1,0.35,"(1.0, 0.0, 0.0)","(0.0, 0.0, 0.0)",1000,tanh,True,12,3,7,30007,40007,False,0.967,0.9745,False,False,2000,0.01,torch.nn.Linear.reset_parameters: kaiming_uniform_(a=sqrt(5)); bias_uniform_bound=1/sqrt(fan_in),0.5773502691896257,2.0233481250470504
asymmetric_tube,True,0.0,1.0,1.0,0.1,0.35,0.1,0.35,"(1.0, 0.0, 0.0)","(0.0, 0.0, 0.0)",1000,tanh,True,12,3,8,30008,40008,False,0.7145,0.71,False,False,2000,0.01,torch.nn.Linear.reset_parameters: kaiming_uniform_(a=sqrt(5)); bias_uniform_bound=1/sqrt(fan_in),0.5773502691896257,1.9570070420159027
asymmetric_tube,True,0.0,1.0,1.0,0.1,0.35,0.1,0.35,"(1.0, 0.0, 0.0)","(0.0, 0.0, 0.0)",1000,tanh,True,12,3,9,30009,40009,False,0.945,0.9465,False,False,2000,0.01,torch.nn.Linear.reset_parameters: kaiming_uniform_(a=sqrt(5)); bias_uniform_bound=1/sqrt(fan_in),0.5773502691896257,1.9411071670474485
asymmetric_tube,True,0.0,1.0,1.0,0.1,0.35,0.1,0.35,"(1.0, 0.0, 0.0)","(0.0, 0.0, 0.0)",1000,tanh,True,12,4,0,30000,40000,True,1.0,1.0,True,False,2000,0.01,torch.nn.Linear.reset_parameters: kaiming_uniform_(a=sqrt(5)); bias_uniform_bound=1/sqrt(fan_in),0.5773502691896257,1.9287236250238493
asymmetric_tube,True,0.0,1.0,1.0,0.1,0.35,0.1,0.35,"(1.0, 0.0, 0.0)","(0.0, 0.0, 0.0)",1000,tanh,True,12,4,1,30001,40001,False,0.965,0.964,False,False,2000,0.01,torch.nn.Linear.reset_parameters: kaiming_uniform_(a=sqrt(5)); bias_uniform_bound=1/sqrt(fan_in),0.5773502691896257,1.900582249974832
asymmetric_tube,True,0.0,1.0,1.0,0.1,0.35,0.1,0.35,"(1.0, 0.0, 0.0)","(0.0, 0.0, 0.0)",1000,tanh,True,12,4,2,30002,40002,True,1.0,1.0,True,False,2000,0.01,torch.nn.Linear.reset_parameters: kaiming_uniform_(a=sqrt(5)); bias_uniform_bound=1/sqrt(fan_in),0.5773502691896257,1.8882012910908088
asymmetric_tube,True,0.0,1.0,1.0,0.1,0.35,0.1,0.35,"(1.0, 0.0, 0.0)","(0.0, 0.0, 0.0)",1000,tanh,True,12,4,3,30003,40003,True,1.0,1.0,True,False,2000,0.01,torch.nn.Linear.reset_parameters: kaiming_uniform_(a=sqrt(5)); bias_uniform_bound=1/sqrt(fan_in),0.5773502691896257,1.8939621249446645
asymmetric_tube,True,0.0,1.0,1.0,0.1,0.35,0.1,0.35,"(1.0, 0.0, 0.0)","(0.0, 0.0, 0.0)",1000,tanh,True,12,4,4,30004,40004,False,0.97,0.97,False,False,2000,0.01,torch.nn.Linear.reset_parameters: kaiming_uniform_(a=sqrt(5)); bias_uniform_bound=1/sqrt(fan_in),0.5773502691896257,1.902300582965836
asymmetric_tube,True,0.0,1.0,1.0,0.1,0.35,0.1,0.35,"(1.0, 0.0, 0.0)","(0.0, 0.0, 0.0)",1000,tanh,True,12,4,5,30005,40005,False,0.984,0.983,False,False,2000,0.01,torch.nn.Linear.reset_parameters: kaiming_uniform_(a=sqrt(5)); bias_uniform_bound=1/sqrt(fan_in),0.5773502691896257,1.8953222079435363
asymmetric_tube,True,0.0,1.0,1.0,0.1,0.35,0.1,0.35,"(1.0, 0.0, 0.0)","(0.0, 0.0, 0.0)",1000,tanh,True,12,4,6,30006,40006,False,0.9915,0.9875,False,False,2000,0.01,torch.nn.Linear.reset_parameters: kaiming_uniform_(a=sqrt(5)); bias_uniform_bound=1/sqrt(fan_in),0.5773502691896257,1.8896491249324754
asymmetric_tube,True,0.0,1.0,1.0,0.1,0.35,0.1,0.35,"(1.0, 0.0, 0.0)","(0.0, 0.0, 0.0)",1000,tanh,True,12,4,7,30007,40007,False,0.9575,0.954,False,False,2000,0.01,torch.nn.Linear.reset_parameters: kaiming_uniform_(a=sqrt(5)); bias_uniform_bound=1/sqrt(fan_in),0.5773502691896257,1.889225000049919
asymmetric_tube,True,0.0,1.0,1.0,0.1,0.35,0.1,0.35,"(1.0, 0.0, 0.0)","(0.0, 0.0, 0.0)",1000,tanh,True,12,4,8,30008,40008,True,1.0,1.0,True,False,2000,0.01,torch.nn.Linear.reset_parameters: kaiming_uniform_(a=sqrt(5)); bias_uniform_bound=1/sqrt(fan_in),0.5773502691896257,1.8872597080189735
asymmetric_tube,True,0.0,1.0,1.0,0.1,0.35,0.1,0.35,"(1.0, 0.0, 0.0)","(0.0, 0.0, 0.0)",1000,tanh,True,12,4,9,30009,40009,True,1.0,1.0,True,False,2000,0.01,torch.nn.Linear.reset_parameters: kaiming_uniform_(a=sqrt(5)); bias_uniform_bound=1/sqrt(fan_in),0.5773502691896257,1.8873847499489784
asymmetric_tube,True,0.0,1.0,1.0,0.1,0.35,0.1,0.35,"(1.0, 0.0, 0.0)","(0.0, 0.0, 0.0)",1000,relu,True,3,3,0,30000,40000,False,0.5,0.5,False,True,2000,0.01,torch.nn.Linear.reset_parameters: kaiming_uniform_(a=sqrt(5)); bias_uniform_bound=1/sqrt(fan_in),0.5773502691896257,0.5923141669481993
asymmetric_tube,True,0.0,1.0,1.0,0.1,0.35,0.1,0.35,"(1.0, 0.0, 0.0)","(0.0, 0.0, 0.0)",1000,relu,True,3,3,1,30001,40001,False,0.5,0.5,False,True,2000,0.01,torch.nn.Linear.reset_parameters: kaiming_uniform_(a=sqrt(5)); bias_uniform_bound=1/sqrt(fan_in),0.5773502691896257,0.5895476250443608
asymmetric_tube,True,0.0,1.0,1.0,0.1,0.35,0.1,0.35,"(1.0, 0.0, 0.0)","(0.0, 0.0, 0.0)",1000,relu,True,3,3,2,30002,40002,False,0.71,0.713,False,False,2000,0.01,torch.nn.Linear.reset_parameters: kaiming_uniform_(a=sqrt(5)); bias_uniform_bound=1/sqrt(fan_in),0.5773502691896257,0.595379582955502
asymmetric_tube,True,0.0,1.0,1.0,0.1,0.35,0.1,0.35,"(1.0, 0.0, 0.0)","(0.0, 0.0, 0.0)",1000,relu,True,3,3,3,30003,40003,False,0.969,0.963,False,False,2000,0.01,torch.nn.Linear.reset_parameters: kaiming_uniform_(a=sqrt(5)); bias_uniform_bound=1/sqrt(fan_in),0.5773502691896257,0.5966293750097975
asymmetric_tube,True,0.0,1.0,1.0,0.1,0.35,0.1,0.35,"(1.0, 0.0, 0.0)","(0.0, 0.0, 0.0)",1000,relu,True,3,3,4,30004,40004,False,0.99,0.985,False,False,2000,0.01,torch.nn.Linear.reset_parameters: kaiming_uniform_(a=sqrt(5)); bias_uniform_bound=1/sqrt(fan_in),0.5773502691896257,0.5957492910092697
asymmetric_tube,True,0.0,1.0,1.0,0.1,0.35,0.1,0.35,"(1.0, 0.0, 0.0)","(0.0, 0.0, 0.0)",1000,relu,True,3,3,5,30005,40005,False,0.9865,0.985,False,False,2000,0.01,torch.nn.Linear.reset_parameters: kaiming_uniform_(a=sqrt(5)); bias_uniform_bound=1/sqrt(fan_in),0.5773502691896257,0.5976091250777245
asymmetric_tube,True,0.0,1.0,1.0,0.1,0.35,0.1,0.35,"(1.0, 0.0, 0.0)","(0.0, 0.0, 0.0)",1000,relu,True,3,3,6,30006,40006,False,0.9855,0.982,False,False,2000,0.01,torch.nn.Linear.reset_parameters: kaiming_uniform_(a=sqrt(5)); bias_uniform_bound=1/sqrt(fan_in),0.5773502691896257,0.5988279589219019
asymmetric_tube,True,0.0,1.0,1.0,0.1,0.35,0.1,0.35,"(1.0, 0.0, 0.0)","(0.0, 0.0, 0.0)",1000,relu,True,3,3,7,30007,40007,False,0.933,0.9365,False,False,2000,0.01,torch.nn.Linear.reset_parameters: kaiming_uniform_(a=sqrt(5)); bias_uniform_bound=1/sqrt(fan_in),0.5773502691896257,0.5976233340334147
asymmetric_tube,True,0.0,1.0,1.0,0.1,0.35,0.1,0.35,"(1.0, 0.0, 0.0)","(0.0, 0.0, 0.0)",1000,relu,True,3,3,8,30008,40008,False,0.5,0.5,False,True,2000,0.01,torch.nn.Linear.reset_parameters: kaiming_uniform_(a=sqrt(5)); bias_uniform_bound=1/sqrt(fan_in),0.5773502691896257,0.5916907499777153
asymmetric_tube,True,0.0,1.0,1.0,0.1,0.35,0.1,0.35,"(1.0, 0.0, 0.0)","(0.0, 0.0, 0.0)",1000,relu,True,3,3,9,30009,40009,False,0.8965,0.8945,False,False,2000,0.01,torch.nn.Linear.reset_parameters: kaiming_uniform_(a=sqrt(5)); bias_uniform_bound=1/sqrt(fan_in),0.5773502691896257,0.5947013340191916
asymmetric_tube,True,0.0,1.0,1.0,0.1,0.35,0.1,0.35,"(1.0, 0.0, 0.0)","(0.0, 0.0, 0.0)",1000,relu,True,3,4,0,30000,40000,False,0.5,0.5,False,True,2000,0.01,torch.nn.Linear.reset_parameters: kaiming_uniform_(a=sqrt(5)); bias_uniform_bound=1/sqrt(fan_in),0.5773502691896257,0.5531683340668678
asymmetric_tube,True,0.0,1.0,1.0,0.1,0.35,0.1,0.35,"(1.0, 0.0, 0.0)","(0.0, 0.0, 0.0)",1000,relu,True,3,4,1,30001,40001,False,0.9795,0.976,False,False,2000,0.01,torch.nn.Linear.reset_parameters: kaiming_uniform_(a=sqrt(5)); bias_uniform_bound=1/sqrt(fan_in),0.5773502691896257,0.5533347079763189
asymmetric_tube,True,0.0,1.0,1.0,0.1,0.35,0.1,0.35,"(1.0, 0.0, 0.0)","(0.0, 0.0, 0.0)",1000,relu,True,3,4,2,30002,40002,False,0.92,0.9155,False,False,2000,0.01,torch.nn.Linear.reset_parameters: kaiming_uniform_(a=sqrt(5)); bias_uniform_bound=1/sqrt(fan_in),0.5773502691896257,0.5527644170215353
asymmetric_tube,True,0.0,1.0,1.0,0.1,0.35,0.1,0.35,"(1.0, 0.0, 0.0)","(0.0, 0.0, 0.0)",1000,relu,True,3,4,3,30003,40003,False,0.9375,0.948,False,False,2000,0.01,torch.nn.Linear.reset_parameters: kaiming_uniform_(a=sqrt(5)); bias_uniform_bound=1/sqrt(fan_in),0.5773502691896257,0.5501412500161678
asymmetric_tube,True,0.0,1.0,1.0,0.1,0.35,0.1,0.35,"(1.0, 0.0, 0.0)","(0.0, 0.0, 0.0)",1000,relu,True,3,4,4,30004,40004,True,1.0,0.9995,False,False,2000,0.01,torch.nn.Linear.reset_parameters: kaiming_uniform_(a=sqrt(5)); bias_uniform_bound=1/sqrt(fan_in),0.5773502691896257,0.5524424579925835
asymmetric_tube,True,0.0,1.0,1.0,0.1,0.35,0.1,0.35,"(1.0, 0.0, 0.0)","(0.0, 0.0, 0.0)",1000,relu,True,3,4,5,30005,40005,False,0.975,0.969,False,False,2000,0.01,torch.nn.Linear.reset_parameters: kaiming_uniform_(a=sqrt(5)); bias_uniform_bound=1/sqrt(fan_in),0.5773502691896257,0.5504207080230117
asymmetric_tube,True,0.0,1.0,1.0,0.1,0.35,0.1,0.35,"(1.0, 0.0, 0.0)","(0.0, 0.0, 0.0)",1000,relu,True,3,4,6,30006,40006,False,0.9685,0.9525,False,False,2000,0.01,torch.nn.Linear.reset_parameters: kaiming_uniform_(a=sqrt(5)); bias_uniform_bound=1/sqrt(fan_in),0.5773502691896257,0.5554653339786455
asymmetric_tube,True,0.0,1.0,1.0,0.1,0.35,0.1,0.35,"(1.0, 0.0, 0.0)","(0.0, 0.0, 0.0)",1000,relu,True,3,4,7,30007,40007,False,0.974,0.9675,False,False,2000,0.01,torch.nn.Linear.reset_parameters: kaiming_uniform_(a=sqrt(5)); bias_uniform_bound=1/sqrt(fan_in),0.5773502691896257,0.5506578329950571
asymmetric_tube,True,0.0,1.0,1.0,0.1,0.35,0.1,0.35,"(1.0, 0.0, 0.0)","(0.0, 0.0, 0.0)",1000,relu,True,3,4,8,30008,40008,False,0.964,0.9585,False,False,2000,0.01,torch.nn.Linear.reset_parameters: kaiming_uniform_(a=sqrt(5)); bias_uniform_bound=1/sqrt(fan_in),0.5773502691896257,0.5523863330017775
asymmetric_tube,True,0.0,1.0,1.0,0.1,0.35,0.1,0.35,"(1.0, 0.0, 0.0)","(0.0, 0.0, 0.0)",1000,relu,True,3,4,9,30009,40009,False,0.943,0.9435,False,False,2000,0.01,torch.nn.Linear.reset_parameters: kaiming_uniform_(a=sqrt(5)); bias_uniform_bound=1/sqrt(fan_in),0.5773502691896257,0.5521908750524744
asymmetric_tube,True,0.0,1.0,1.0,0.1,0.35,0.1,0.35,"(1.0, 0.0, 0.0)","(0.0, 0.0, 0.0)",1000,relu,True,5,3,0,30000,40000,False,0.5,0.5,False,True,2000,0.01,torch.nn.Linear.reset_parameters: kaiming_uniform_(a=sqrt(5)); bias_uniform_bound=1/sqrt(fan_in),0.5773502691896257,0.8295001670485362
asymmetric_tube,True,0.0,1.0,1.0,0.1,0.35,0.1,0.35,"(1.0, 0.0, 0.0)","(0.0, 0.0, 0.0)",1000,relu,True,5,3,1,30001,40001,False,0.5,0.5,False,True,2000,0.01,torch.nn.Linear.reset_parameters: kaiming_uniform_(a=sqrt(5)); bias_uniform_bound=1/sqrt(fan_in),0.5773502691896257,0.841198040987365
asymmetric_tube,True,0.0,1.0,1.0,0.1,0.35,0.1,0.35,"(1.0, 0.0, 0.0)","(0.0, 0.0, 0.0)",1000,relu,True,5,3,2,30002,40002,False,0.937,0.934,False,False,2000,0.01,torch.nn.Linear.reset_parameters: kaiming_uniform_(a=sqrt(5)); bias_uniform_bound=1/sqrt(fan_in),0.5773502691896257,0.8342311669839546
asymmetric_tube,True,0.0,1.0,1.0,0.1,0.35,0.1,0.35,"(1.0, 0.0, 0.0)","(0.0, 0.0, 0.0)",1000,relu,True,5,3,3,30003,40003,False,0.5,0.5,False,True,2000,0.01,torch.nn.Linear.reset_parameters: kaiming_uniform_(a=sqrt(5)); bias_uniform_bound=1/sqrt(fan_in),0.5773502691896257,0.831940250005573
asymmetric_tube,True,0.0,1.0,1.0,0.1,0.35,0.1,0.35,"(1.0, 0.0, 0.0)","(0.0, 0.0, 0.0)",1000,relu,True,5,3,4,30004,40004,False,0.9875,0.984,False,False,2000,0.01,torch.nn.Linear.reset_parameters: kaiming_uniform_(a=sqrt(5)); bias_uniform_bound=1/sqrt(fan_in),0.5773502691896257,0.8423531670123339
asymmetric_tube,True,0.0,1.0,1.0,0.1,0.35,0.1,0.35,"(1.0, 0.0, 0.0)","(0.0, 0.0, 0.0)",1000,relu,True,5,3,5,30005,40005,False,0.9905,0.986,False,False,2000,0.01,torch.nn.Linear.reset_parameters: kaiming_uniform_(a=sqrt(5)); bias_uniform_bound=1/sqrt(fan_in),0.5773502691896257,0.8411559580126777
asymmetric_tube,True,0.0,1.0,1.0,0.1,0.35,0.1,0.35,"(1.0, 0.0, 0.0)","(0.0, 0.0, 0.0)",1000,relu,True,5,3,6,30006,40006,False,0.9425,0.932,False,False,2000,0.01,torch.nn.Linear.reset_parameters: kaiming_uniform_(a=sqrt(5)); bias_uniform_bound=1/sqrt(fan_in),0.5773502691896257,0.8323239589808509
asymmetric_tube,True,0.0,1.0,1.0,0.1,0.35,0.1,0.35,"(1.0, 0.0, 0.0)","(0.0, 0.0, 0.0)",1000,relu,True,5,3,7,30007,40007,False,0.9525,0.949,False,False,2000,0.01,torch.nn.Linear.reset_parameters: kaiming_uniform_(a=sqrt(5)); bias_uniform_bound=1/sqrt(fan_in),0.5773502691896257,0.8369265840156004
asymmetric_tube,True,0.0,1.0,1.0,0.1,0.35,0.1,0.35,"(1.0, 0.0, 0.0)","(0.0, 0.0, 0.0)",1000,relu,True,5,3,8,30008,40008,False,0.5,0.5,False,True,2000,0.01,torch.nn.Linear.reset_parameters: kaiming_uniform_(a=sqrt(5)); bias_uniform_bound=1/sqrt(fan_in),0.5773502691896257,0.8390608750050887
asymmetric_tube,True,0.0,1.0,1.0,0.1,0.35,0.1,0.35,"(1.0, 0.0, 0.0)","(0.0, 0.0, 0.0)",1000,relu,True,5,3,9,30009,40009,False,0.9625,0.9615,False,False,2000,0.01,torch.nn.Linear.reset_parameters: kaiming_uniform_(a=sqrt(5)); bias_uniform_bound=1/sqrt(fan_in),0.5773502691896257,0.83404495799914
asymmetric_tube,True,0.0,1.0,1.0,0.1,0.35,0.1,0.35,"(1.0, 0.0, 0.0)","(0.0, 0.0, 0.0)",1000,relu,True,5,4,0,30000,40000,False,0.5,0.5,False,True,2000,0.01,torch.nn.Linear.reset_parameters: kaiming_uniform_(a=sqrt(5)); bias_uniform_bound=1/sqrt(fan_in),0.5773502691896257,0.7686978750862181
asymmetric_tube,True,0.0,1.0,1.0,0.1,0.35,0.1,0.35,"(1.0, 0.0, 0.0)","(0.0, 0.0, 0.0)",1000,relu,True,5,4,1,30001,40001,False,0.966,0.959,False,False,2000,0.01,torch.nn.Linear.reset_parameters: kaiming_uniform_(a=sqrt(5)); bias_uniform_bound=1/sqrt(fan_in),0.5773502691896257,0.7663019589381292
asymmetric_tube,True,0.0,1.0,1.0,0.1,0.35,0.1,0.35,"(1.0, 0.0, 0.0)","(0.0, 0.0, 0.0)",1000,relu,True,5,4,2,30002,40002,False,0.9695,0.9645,False,False,2000,0.01,torch.nn.Linear.reset_parameters: kaiming_uniform_(a=sqrt(5)); bias_uniform_bound=1/sqrt(fan_in),0.5773502691896257,0.7642028749687597
asymmetric_tube,True,0.0,1.0,1.0,0.1,0.35,0.1,0.35,"(1.0, 0.0, 0.0)","(0.0, 0.0, 0.0)",1000,relu,True,5,4,3,30003,40003,False,0.9855,0.9795,False,False,2000,0.01,torch.nn.Linear.reset_parameters: kaiming_uniform_(a=sqrt(5)); bias_uniform_bound=1/sqrt(fan_in),0.5773502691896257,0.7693006250774488
asymmetric_tube,True,0.0,1.0,1.0,0.1,0.35,0.1,0.35,"(1.0, 0.0, 0.0)","(0.0, 0.0, 0.0)",1000,relu,True,5,4,4,30004,40004,False,0.967,0.967,False,False,2000,0.01,torch.nn.Linear.reset_parameters: kaiming_uniform_(a=sqrt(5)); bias_uniform_bound=1/sqrt(fan_in),0.5773502691896257,0.7693657089257613
asymmetric_tube,True,0.0,1.0,1.0,0.1,0.35,0.1,0.35,"(1.0, 0.0, 0.0)","(0.0, 0.0, 0.0)",1000,relu,True,5,4,5,30005,40005,False,0.5,0.5,False,True,2000,0.01,torch.nn.Linear.reset_parameters: kaiming_uniform_(a=sqrt(5)); bias_uniform_bound=1/sqrt(fan_in),0.5773502691896257,0.7648986249696463
asymmetric_tube,True,0.0,1.0,1.0,0.1,0.35,0.1,0.35,"(1.0, 0.0, 0.0)","(0.0, 0.0, 0.0)",1000,relu,True,5,4,6,30006,40006,False,0.9865,0.9825,False,False,2000,0.01,torch.nn.Linear.reset_parameters: kaiming_uniform_(a=sqrt(5)); bias_uniform_bound=1/sqrt(fan_in),0.5773502691896257,0.7666927500395104
asymmetric_tube,True,0.0,1.0,1.0,0.1,0.35,0.1,0.35,"(1.0, 0.0, 0.0)","(0.0, 0.0, 0.0)",1000,relu,True,5,4,7,30007,40007,False,0.97,0.972,False,False,2000,0.01,torch.nn.Linear.reset_parameters: kaiming_uniform_(a=sqrt(5)); bias_uniform_bound=1/sqrt(fan_in),0.5773502691896257,0.7658240409800783
asymmetric_tube,True,0.0,1.0,1.0,0.1,0.35,0.1,0.35,"(1.0, 0.0, 0.0)","(0.0, 0.0, 0.0)",1000,relu,True,5,4,8,30008,40008,False,0.976,0.976,False,False,2000,0.01,torch.nn.Linear.reset_parameters: kaiming_uniform_(a=sqrt(5)); bias_uniform_bound=1/sqrt(fan_in),0.5773502691896257,0.7640061669517308
asymmetric_tube,True,0.0,1.0,1.0,0.1,0.35,0.1,0.35,"(1.0, 0.0, 0.0)","(0.0, 0.0, 0.0)",1000,relu,True,5,4,9,30009,40009,False,0.5,0.5,False,True,2000,0.01,torch.nn.Linear.reset_parameters: kaiming_uniform_(a=sqrt(5)); bias_uniform_bound=1/sqrt(fan_in),0.5773502691896257,0.7684170419815928
asymmetric_tube,True,0.0,1.0,1.0,0.1,0.35,0.1,0.35,"(1.0, 0.0, 0.0)","(0.0, 0.0, 0.0)",1000,relu,True,8,3,0,30000,40000,False,0.5,0.5,False,True,2000,0.01,torch.nn.Linear.reset_parameters: kaiming_uniform_(a=sqrt(5)); bias_uniform_bound=1/sqrt(fan_in),0.5773502691896257,1.2170541669474915
asymmetric_tube,True,0.0,1.0,1.0,0.1,0.35,0.1,0.35,"(1.0, 0.0, 0.0)","(0.0, 0.0, 0.0)",1000,relu,True,8,3,1,30001,40001,False,0.5,0.5,False,True,2000,0.01,torch.nn.Linear.reset_parameters: kaiming_uniform_(a=sqrt(5)); bias_uniform_bound=1/sqrt(fan_in),0.5773502691896257,1.199547667056322
asymmetric_tube,True,0.0,1.0,1.0,0.1,0.35,0.1,0.35,"(1.0, 0.0, 0.0)","(0.0, 0.0, 0.0)",1000,relu,True,8,3,2,30002,40002,False,0.5,0.5,False,True,2000,0.01,torch.nn.Linear.reset_parameters: kaiming_uniform_(a=sqrt(5)); bias_uniform_bound=1/sqrt(fan_in),0.5773502691896257,1.194228291977197
asymmetric_tube,True,0.0,1.0,1.0,0.1,0.35,0.1,0.35,"(1.0, 0.0, 0.0)","(0.0, 0.0, 0.0)",1000,relu,True,8,3,3,30003,40003,False,0.5,0.5,False,True,2000,0.01,torch.nn.Linear.reset_parameters: kaiming_uniform_(a=sqrt(5)); bias_uniform_bound=1/sqrt(fan_in),0.5773502691896257,1.1883519579423591
asymmetric_tube,True,0.0,1.0,1.0,0.1,0.35,0.1,0.35,"(1.0, 0.0, 0.0)","(0.0, 0.0, 0.0)",1000,relu,True,8,3,4,30004,40004,False,0.9765,0.977,False,False,2000,0.01,torch.nn.Linear.reset_parameters: kaiming_uniform_(a=sqrt(5)); bias_uniform_bound=1/sqrt(fan_in),0.5773502691896257,1.2085099169053137
asymmetric_tube,True,0.0,1.0,1.0,0.1,0.35,0.1,0.35,"(1.0, 0.0, 0.0)","(0.0, 0.0, 0.0)",1000,relu,True,8,3,5,30005,40005,False,0.5,0.5,False,True,2000,0.01,torch.nn.Linear.reset_parameters: kaiming_uniform_(a=sqrt(5)); bias_uniform_bound=1/sqrt(fan_in),0.5773502691896257,1.1953592089703307
asymmetric_tube,True,0.0,1.0,1.0,0.1,0.35,0.1,0.35,"(1.0, 0.0, 0.0)","(0.0, 0.0, 0.0)",1000,relu,True,8,3,6,30006,40006,False,0.5,0.5,False,True,2000,0.01,torch.nn.Linear.reset_parameters: kaiming_uniform_(a=sqrt(5)); bias_uniform_bound=1/sqrt(fan_in),0.5773502691896257,1.1944380409549922
asymmetric_tube,True,0.0,1.0,1.0,0.1,0.35,0.1,0.35,"(1.0, 0.0, 0.0)","(0.0, 0.0, 0.0)",1000,relu,True,8,3,7,30007,40007,False,0.5,0.5,False,True,2000,0.01,torch.nn.Linear.reset_parameters: kaiming_uniform_(a=sqrt(5)); bias_uniform_bound=1/sqrt(fan_in),0.5773502691896257,1.1917990000220016
asymmetric_tube,True,0.0,1.0,1.0,0.1,0.35,0.1,0.35,"(1.0, 0.0, 0.0)","(0.0, 0.0, 0.0)",1000,relu,True,8,3,8,30008,40008,False,0.5,0.5,False,True,2000,0.01,torch.nn.Linear.reset_parameters: kaiming_uniform_(a=sqrt(5)); bias_uniform_bound=1/sqrt(fan_in),0.5773502691896257,1.1950438750209287
asymmetric_tube,True,0.0,1.0,1.0,0.1,0.35,0.1,0.35,"(1.0, 0.0, 0.0)","(0.0, 0.0, 0.0)",1000,relu,True,8,3,9,30009,40009,False,0.5,0.5,False,True,2000,0.01,torch.nn.Linear.reset_parameters: kaiming_uniform_(a=sqrt(5)); bias_uniform_bound=1/sqrt(fan_in),0.5773502691896257,1.1893033749656752
asymmetric_tube,True,0.0,1.0,1.0,0.1,0.35,0.1,0.35,"(1.0, 0.0, 0.0)","(0.0, 0.0, 0.0)",1000,relu,True,8,4,0,30000,40000,False,0.5,0.5,False,True,2000,0.01,torch.nn.Linear.reset_parameters: kaiming_uniform_(a=sqrt(5)); bias_uniform_bound=1/sqrt(fan_in),0.5773502691896257,1.0680040000006557
asymmetric_tube,True,0.0,1.0,1.0,0.1,0.35,0.1,0.35,"(1.0, 0.0, 0.0)","(0.0, 0.0, 0.0)",1000,relu,True,8,4,1,30001,40001,False,0.5,0.5,False,True,2000,0.01,torch.nn.Linear.reset_parameters: kaiming_uniform_(a=sqrt(5)); bias_uniform_bound=1/sqrt(fan_in),0.5773502691896257,1.0794472080888227
asymmetric_tube,True,0.0,1.0,1.0,0.1,0.35,0.1,0.35,"(1.0, 0.0, 0.0)","(0.0, 0.0, 0.0)",1000,relu,True,8,4,2,30002,40002,False,0.5,0.5,False,True,2000,0.01,torch.nn.Linear.reset_parameters: kaiming_uniform_(a=sqrt(5)); bias_uniform_bound=1/sqrt(fan_in),0.5773502691896257,1.072989625041373
asymmetric_tube,True,0.0,1.0,1.0,0.1,0.35,0.1,0.35,"(1.0, 0.0, 0.0)","(0.0, 0.0, 0.0)",1000,relu,True,8,4,3,30003,40003,False,0.5,0.5,False,True,2000,0.01,torch.nn.Linear.reset_parameters: kaiming_uniform_(a=sqrt(5)); bias_uniform_bound=1/sqrt(fan_in),0.5773502691896257,1.0775634580058977
asymmetric_tube,True,0.0,1.0,1.0,0.1,0.35,0.1,0.35,"(1.0, 0.0, 0.0)","(0.0, 0.0, 0.0)",1000,relu,True,8,4,4,30004,40004,False,0.5,0.5,False,True,2000,0.01,torch.nn.Linear.reset_parameters: kaiming_uniform_(a=sqrt(5)); bias_uniform_bound=1/sqrt(fan_in),0.5773502691896257,1.0718086659908295
asymmetric_tube,True,0.0,1.0,1.0,0.1,0.35,0.1,0.35,"(1.0, 0.0, 0.0)","(0.0, 0.0, 0.0)",1000,relu,True,8,4,5,30005,40005,False,0.5,0.5,False,True,2000,0.01,torch.nn.Linear.reset_parameters: kaiming_uniform_(a=sqrt(5)); bias_uniform_bound=1/sqrt(fan_in),0.5773502691896257,1.0753650410333648
asymmetric_tube,True,0.0,1.0,1.0,0.1,0.35,0.1,0.35,"(1.0, 0.0, 0.0)","(0.0, 0.0, 0.0)",1000,relu,True,8,4,6,30006,40006,False,0.9705,0.9665,False,False,2000,0.01,torch.nn.Linear.reset_parameters: kaiming_uniform_(a=sqrt(5)); bias_uniform_bound=1/sqrt(fan_in),0.5773502691896257,1.0768229159293696
asymmetric_tube,True,0.0,1.0,1.0,0.1,0.35,0.1,0.35,"(1.0, 0.0, 0.0)","(0.0, 0.0, 0.0)",1000,relu,True,8,4,7,30007,40007,False,0.5,0.5,False,True,2000,0.01,torch.nn.Linear.reset_parameters: kaiming_uniform_(a=sqrt(5)); bias_uniform_bound=1/sqrt(fan_in),0.5773502691896257,1.0756378329824656
asymmetric_tube,True,0.0,1.0,1.0,0.1,0.35,0.1,0.35,"(1.0, 0.0, 0.0)","(0.0, 0.0, 0.0)",1000,relu,True,8,4,8,30008,40008,False,0.5,0.5,False,True,2000,0.01,torch.nn.Linear.reset_parameters: kaiming_uniform_(a=sqrt(5)); bias_uniform_bound=1/sqrt(fan_in),0.5773502691896257,1.0743997920071706
asymmetric_tube,True,0.0,1.0,1.0,0.1,0.35,0.1,0.35,"(1.0, 0.0, 0.0)","(0.0, 0.0, 0.0)",1000,relu,True,8,4,9,30009,40009,False,0.5,0.5,False,True,2000,0.01,torch.nn.Linear.reset_parameters: kaiming_uniform_(a=sqrt(5)); bias_uniform_bound=1/sqrt(fan_in),0.5773502691896257,1.0746761249611154
asymmetric_tube,True,0.0,1.0,1.0,0.1,0.35,0.1,0.35,"(1.0, 0.0, 0.0)","(0.0, 0.0, 0.0)",1000,relu,True,12,3,0,30000,40000,False,0.5,0.5,False,True,2000,0.01,torch.nn.Linear.reset_parameters: kaiming_uniform_(a=sqrt(5)); bias_uniform_bound=1/sqrt(fan_in),0.5773502691896257,1.6912202090024948
asymmetric_tube,True,0.0,1.0,1.0,0.1,0.35,0.1,0.35,"(1.0, 0.0, 0.0)","(0.0, 0.0, 0.0)",1000,relu,True,12,3,1,30001,40001,False,0.5,0.5,False,True,2000,0.01,torch.nn.Linear.reset_parameters: kaiming_uniform_(a=sqrt(5)); bias_uniform_bound=1/sqrt(fan_in),0.5773502691896257,1.6776143750175834
asymmetric_tube,True,0.0,1.0,1.0,0.1,0.35,0.1,0.35,"(1.0, 0.0, 0.0)","(0.0, 0.0, 0.0)",1000,relu,True,12,3,2,30002,40002,False,0.5,0.5,False,True,2000,0.01,torch.nn.Linear.reset_parameters: kaiming_uniform_(a=sqrt(5)); bias_uniform_bound=1/sqrt(fan_in),0.5773502691896257,1.671012167003937
asymmetric_tube,True,0.0,1.0,1.0,0.1,0.35,0.1,0.35,"(1.0, 0.0, 0.0)","(0.0, 0.0, 0.0)",1000,relu,True,12,3,3,30003,40003,False,0.5,0.5,False,True,2000,0.01,torch.nn.Linear.reset_parameters: kaiming_uniform_(a=sqrt(5)); bias_uniform_bound=1/sqrt(fan_in),0.5773502691896257,1.6705461669480428
asymmetric_tube,True,0.0,1.0,1.0,0.1,0.35,0.1,0.35,"(1.0, 0.0, 0.0)","(0.0, 0.0, 0.0)",1000,relu,True,12,3,4,30004,40004,False,0.5,0.5,False,True,2000,0.01,torch.nn.Linear.reset_parameters: kaiming_uniform_(a=sqrt(5)); bias_uniform_bound=1/sqrt(fan_in),0.5773502691896257,1.6675310829887167
asymmetric_tube,True,0.0,1.0,1.0,0.1,0.35,0.1,0.35,"(1.0, 0.0, 0.0)","(0.0, 0.0, 0.0)",1000,relu,True,12,3,5,30005,40005,False,0.5,0.5,False,True,2000,0.01,torch.nn.Linear.reset_parameters: kaiming_uniform_(a=sqrt(5)); bias_uniform_bound=1/sqrt(fan_in),0.5773502691896257,1.6667167090345174
asymmetric_tube,True,0.0,1.0,1.0,0.1,0.35,0.1,0.35,"(1.0, 0.0, 0.0)","(0.0, 0.0, 0.0)",1000,relu,True,12,3,6,30006,40006,False,0.5,0.5,False,True,2000,0.01,torch.nn.Linear.reset_parameters: kaiming_uniform_(a=sqrt(5)); bias_uniform_bound=1/sqrt(fan_in),0.5773502691896257,1.6689463750226423
asymmetric_tube,True,0.0,1.0,1.0,0.1,0.35,0.1,0.35,"(1.0, 0.0, 0.0)","(0.0, 0.0, 0.0)",1000,relu,True,12,3,7,30007,40007,False,0.5,0.5,False,True,2000,0.01,torch.nn.Linear.reset_parameters: kaiming_uniform_(a=sqrt(5)); bias_uniform_bound=1/sqrt(fan_in),0.5773502691896257,1.6949595420155674
asymmetric_tube,True,0.0,1.0,1.0,0.1,0.35,0.1,0.35,"(1.0, 0.0, 0.0)","(0.0, 0.0, 0.0)",1000,relu,True,12,3,8,30008,40008,False,0.5,0.5,False,True,2000,0.01,torch.nn.Linear.reset_parameters: kaiming_uniform_(a=sqrt(5)); bias_uniform_bound=1/sqrt(fan_in),0.5773502691896257,1.671809040941298
asymmetric_tube,True,0.0,1.0,1.0,0.1,0.35,0.1,0.35,"(1.0, 0.0, 0.0)","(0.0, 0.0, 0.0)",1000,relu,True,12,3,9,30009,40009,False,0.5,0.5,False,True,2000,0.01,torch.nn.Linear.reset_parameters: kaiming_uniform_(a=sqrt(5)); bias_uniform_bound=1/sqrt(fan_in),0.5773502691896257,1.6763023340608925
asymmetric_tube,True,0.0,1.0,1.0,0.1,0.35,0.1,0.35,"(1.0, 0.0, 0.0)","(0.0, 0.0, 0.0)",1000,relu,True,12,4,0,30000,40000,False,0.5,0.5,False,True,2000,0.01,torch.nn.Linear.reset_parameters: kaiming_uniform_(a=sqrt(5)); bias_uniform_bound=1/sqrt(fan_in),0.5773502691896257,1.4856872499221936
asymmetric_tube,True,0.0,1.0,1.0,0.1,0.35,0.1,0.35,"(1.0, 0.0, 0.0)","(0.0, 0.0, 0.0)",1000,relu,True,12,4,1,30001,40001,False,0.5,0.5,False,True,2000,0.01,torch.nn.Linear.reset_parameters: kaiming_uniform_(a=sqrt(5)); bias_uniform_bound=1/sqrt(fan_in),0.5773502691896257,1.4864271249389276
asymmetric_tube,True,0.0,1.0,1.0,0.1,0.35,0.1,0.35,"(1.0, 0.0, 0.0)","(0.0, 0.0, 0.0)",1000,relu,True,12,4,2,30002,40002,False,0.5,0.5,False,True,2000,0.01,torch.nn.Linear.reset_parameters: kaiming_uniform_(a=sqrt(5)); bias_uniform_bound=1/sqrt(fan_in),0.5773502691896257,1.479037166107446
asymmetric_tube,True,0.0,1.0,1.0,0.1,0.35,0.1,0.35,"(1.0, 0.0, 0.0)","(0.0, 0.0, 0.0)",1000,relu,True,12,4,3,30003,40003,False,0.5,0.5,False,True,2000,0.01,torch.nn.Linear.reset_parameters: kaiming_uniform_(a=sqrt(5)); bias_uniform_bound=1/sqrt(fan_in),0.5773502691896257,1.5445275419624522
asymmetric_tube,True,0.0,1.0,1.0,0.1,0.35,0.1,0.35,"(1.0, 0.0, 0.0)","(0.0, 0.0, 0.0)",1000,relu,True,12,4,4,30004,40004,False,0.5,0.5,False,True,2000,0.01,torch.nn.Linear.reset_parameters: kaiming_uniform_(a=sqrt(5)); bias_uniform_bound=1/sqrt(fan_in),0.5773502691896257,1.500186000019312
asymmetric_tube,True,0.0,1.0,1.0,0.1,0.35,0.1,0.35,"(1.0, 0.0, 0.0)","(0.0, 0.0, 0.0)",1000,relu,True,12,4,5,30005,40005,False,0.987,0.9835,False,False,2000,0.01,torch.nn.Linear.reset_parameters: kaiming_uniform_(a=sqrt(5)); bias_uniform_bound=1/sqrt(fan_in),0.5773502691896257,1.516129209077917
asymmetric_tube,True,0.0,1.0,1.0,0.1,0.35,0.1,0.35,"(1.0, 0.0, 0.0)","(0.0, 0.0, 0.0)",1000,relu,True,12,4,6,30006,40006,False,0.981,0.98,False,False,2000,0.01,torch.nn.Linear.reset_parameters: kaiming_uniform_(a=sqrt(5)); bias_uniform_bound=1/sqrt(fan_in),0.5773502691896257,1.4938467920292169
asymmetric_tube,True,0.0,1.0,1.0,0.1,0.35,0.1,0.35,"(1.0, 0.0, 0.0)","(0.0, 0.0, 0.0)",1000,relu,True,12,4,7,30007,40007,False,0.9725,0.9695,False,False,2000,0.01,torch.nn.Linear.reset_parameters: kaiming_uniform_(a=sqrt(5)); bias_uniform_bound=1/sqrt(fan_in),0.5773502691896257,1.496426249970682
asymmetric_tube,True,0.0,1.0,1.0,0.1,0.35,0.1,0.35,"(1.0, 0.0, 0.0)","(0.0, 0.0, 0.0)",1000,relu,True,12,4,8,30008,40008,False,0.5,0.5,False,True,2000,0.01,torch.nn.Linear.reset_parameters: kaiming_uniform_(a=sqrt(5)); bias_uniform_bound=1/sqrt(fan_in),0.5773502691896257,1.47950929205399
asymmetric_tube,True,0.0,1.0,1.0,0.1,0.35,0.1,0.35,"(1.0, 0.0, 0.0)","(0.0, 0.0, 0.0)",1000,relu,True,12,4,9,30009,40009,False,0.5,0.5,False,True,2000,0.01,torch.nn.Linear.reset_parameters: kaiming_uniform_(a=sqrt(5)); bias_uniform_bound=1/sqrt(fan_in),0.5773502691896257,1.4796661249129102
asymmetric_tube,True,0.0,1.0,1.0,0.1,0.35,0.1,0.35,"(1.0, 0.0, 0.0)","(0.0, 0.0, 0.0)",1000,leaky_relu,True,3,3,0,30000,40000,False,0.94,0.946,False,False,2000,0.01,torch.nn.Linear.reset_parameters: kaiming_uniform_(a=sqrt(5)); bias_uniform_bound=1/sqrt(fan_in),0.5773502691896257,0.5930118330288678
asymmetric_tube,True,0.0,1.0,1.0,0.1,0.35,0.1,0.35,"(1.0, 0.0, 0.0)","(0.0, 0.0, 0.0)",1000,leaky_relu,True,3,3,1,30001,40001,False,0.994,0.991,False,False,2000,0.01,torch.nn.Linear.reset_parameters: kaiming_uniform_(a=sqrt(5)); bias_uniform_bound=1/sqrt(fan_in),0.5773502691896257,0.5958171249367297
asymmetric_tube,True,0.0,1.0,1.0,0.1,0.35,0.1,0.35,"(1.0, 0.0, 0.0)","(0.0, 0.0, 0.0)",1000,leaky_relu,True,3,3,2,30002,40002,False,0.939,0.937,False,False,2000,0.01,torch.nn.Linear.reset_parameters: kaiming_uniform_(a=sqrt(5)); bias_uniform_bound=1/sqrt(fan_in),0.5773502691896257,0.6018967089476064
asymmetric_tube,True,0.0,1.0,1.0,0.1,0.35,0.1,0.35,"(1.0, 0.0, 0.0)","(0.0, 0.0, 0.0)",1000,leaky_relu,True,3,3,3,30003,40003,False,0.938,0.9485,False,False,2000,0.01,torch.nn.Linear.reset_parameters: kaiming_uniform_(a=sqrt(5)); bias_uniform_bound=1/sqrt(fan_in),0.5773502691896257,0.5928380830446258
asymmetric_tube,True,0.0,1.0,1.0,0.1,0.35,0.1,0.35,"(1.0, 0.0, 0.0)","(0.0, 0.0, 0.0)",1000,leaky_relu,True,3,3,4,30004,40004,False,0.9785,0.9785,False,False,2000,0.01,torch.nn.Linear.reset_parameters: kaiming_uniform_(a=sqrt(5)); bias_uniform_bound=1/sqrt(fan_in),0.5773502691896257,0.5931415830273181
asymmetric_tube,True,0.0,1.0,1.0,0.1,0.35,0.1,0.35,"(1.0, 0.0, 0.0)","(0.0, 0.0, 0.0)",1000,leaky_relu,True,3,3,5,30005,40005,False,0.989,0.9835,False,False,2000,0.01,torch.nn.Linear.reset_parameters: kaiming_uniform_(a=sqrt(5)); bias_uniform_bound=1/sqrt(fan_in),0.5773502691896257,0.5969674580264837
asymmetric_tube,True,0.0,1.0,1.0,0.1,0.35,0.1,0.35,"(1.0, 0.0, 0.0)","(0.0, 0.0, 0.0)",1000,leaky_relu,True,3,3,6,30006,40006,False,0.9855,0.983,False,False,2000,0.01,torch.nn.Linear.reset_parameters: kaiming_uniform_(a=sqrt(5)); bias_uniform_bound=1/sqrt(fan_in),0.5773502691896257,0.6041007080348209
asymmetric_tube,True,0.0,1.0,1.0,0.1,0.35,0.1,0.35,"(1.0, 0.0, 0.0)","(0.0, 0.0, 0.0)",1000,leaky_relu,True,3,3,7,30007,40007,False,0.933,0.9365,False,False,2000,0.01,torch.nn.Linear.reset_parameters: kaiming_uniform_(a=sqrt(5)); bias_uniform_bound=1/sqrt(fan_in),0.5773502691896257,0.5939968340098858
asymmetric_tube,True,0.0,1.0,1.0,0.1,0.35,0.1,0.35,"(1.0, 0.0, 0.0)","(0.0, 0.0, 0.0)",1000,leaky_relu,True,3,3,8,30008,40008,False,0.9825,0.9845,False,False,2000,0.01,torch.nn.Linear.reset_parameters: kaiming_uniform_(a=sqrt(5)); bias_uniform_bound=1/sqrt(fan_in),0.5773502691896257,0.7977752080187201
asymmetric_tube,True,0.0,1.0,1.0,0.1,0.35,0.1,0.35,"(1.0, 0.0, 0.0)","(0.0, 0.0, 0.0)",1000,leaky_relu,True,3,3,9,30009,40009,False,0.897,0.895,False,False,2000,0.01,torch.nn.Linear.reset_parameters: kaiming_uniform_(a=sqrt(5)); bias_uniform_bound=1/sqrt(fan_in),0.5773502691896257,0.7506037499988452
asymmetric_tube,True,0.0,1.0,1.0,0.1,0.35,0.1,0.35,"(1.0, 0.0, 0.0)","(0.0, 0.0, 0.0)",1000,leaky_relu,True,3,4,0,30000,40000,False,0.982,0.9815,False,False,2000,0.01,torch.nn.Linear.reset_parameters: kaiming_uniform_(a=sqrt(5)); bias_uniform_bound=1/sqrt(fan_in),0.5773502691896257,0.5601077920291573
asymmetric_tube,True,0.0,1.0,1.0,0.1,0.35,0.1,0.35,"(1.0, 0.0, 0.0)","(0.0, 0.0, 0.0)",1000,leaky_relu,True,3,4,1,30001,40001,False,0.9795,0.976,False,False,2000,0.01,torch.nn.Linear.reset_parameters: kaiming_uniform_(a=sqrt(5)); bias_uniform_bound=1/sqrt(fan_in),0.5773502691896257,0.5587091250345111
asymmetric_tube,True,0.0,1.0,1.0,0.1,0.35,0.1,0.35,"(1.0, 0.0, 0.0)","(0.0, 0.0, 0.0)",1000,leaky_relu,True,3,4,2,30002,40002,False,0.9205,0.9165,False,False,2000,0.01,torch.nn.Linear.reset_parameters: kaiming_uniform_(a=sqrt(5)); bias_uniform_bound=1/sqrt(fan_in),0.5773502691896257,0.55746104195714
asymmetric_tube,True,0.0,1.0,1.0,0.1,0.35,0.1,0.35,"(1.0, 0.0, 0.0)","(0.0, 0.0, 0.0)",1000,leaky_relu,True,3,4,3,30003,40003,False,0.9375,0.9485,False,False,2000,0.01,torch.nn.Linear.reset_parameters: kaiming_uniform_(a=sqrt(5)); bias_uniform_bound=1/sqrt(fan_in),0.5773502691896257,0.556499374913983
asymmetric_tube,True,0.0,1.0,1.0,0.1,0.35,0.1,0.35,"(1.0, 0.0, 0.0)","(0.0, 0.0, 0.0)",1000,leaky_relu,True,3,4,4,30004,40004,False,0.9675,0.967,False,False,2000,0.01,torch.nn.Linear.reset_parameters: kaiming_uniform_(a=sqrt(5)); bias_uniform_bound=1/sqrt(fan_in),0.5773502691896257,0.55718512495514
asymmetric_tube,True,0.0,1.0,1.0,0.1,0.35,0.1,0.35,"(1.0, 0.0, 0.0)","(0.0, 0.0, 0.0)",1000,leaky_relu,True,3,4,5,30005,40005,False,0.975,0.9725,False,False,2000,0.01,torch.nn.Linear.reset_parameters: kaiming_uniform_(a=sqrt(5)); bias_uniform_bound=1/sqrt(fan_in),0.5773502691896257,0.5539682079106569
asymmetric_tube,True,0.0,1.0,1.0,0.1,0.35,0.1,0.35,"(1.0, 0.0, 0.0)","(0.0, 0.0, 0.0)",1000,leaky_relu,True,3,4,6,30006,40006,True,1.0,1.0,True,False,2000,0.01,torch.nn.Linear.reset_parameters: kaiming_uniform_(a=sqrt(5)); bias_uniform_bound=1/sqrt(fan_in),0.5773502691896257,0.5555786660406739
asymmetric_tube,True,0.0,1.0,1.0,0.1,0.35,0.1,0.35,"(1.0, 0.0, 0.0)","(0.0, 0.0, 0.0)",1000,leaky_relu,True,3,4,7,30007,40007,False,0.972,0.967,False,False,2000,0.01,torch.nn.Linear.reset_parameters: kaiming_uniform_(a=sqrt(5)); bias_uniform_bound=1/sqrt(fan_in),0.5773502691896257,0.5584094169316813
asymmetric_tube,True,0.0,1.0,1.0,0.1,0.35,0.1,0.35,"(1.0, 0.0, 0.0)","(0.0, 0.0, 0.0)",1000,leaky_relu,True,3,4,8,30008,40008,False,0.9655,0.953,False,False,2000,0.01,torch.nn.Linear.reset_parameters: kaiming_uniform_(a=sqrt(5)); bias_uniform_bound=1/sqrt(fan_in),0.5773502691896257,0.5572647920344025
asymmetric_tube,True,0.0,1.0,1.0,0.1,0.35,0.1,0.35,"(1.0, 0.0, 0.0)","(0.0, 0.0, 0.0)",1000,leaky_relu,True,3,4,9,30009,40009,True,1.0,0.999,False,False,2000,0.01,torch.nn.Linear.reset_parameters: kaiming_uniform_(a=sqrt(5)); bias_uniform_bound=1/sqrt(fan_in),0.5773502691896257,0.5594068329082802
asymmetric_tube,True,0.0,1.0,1.0,0.1,0.35,0.1,0.35,"(1.0, 0.0, 0.0)","(0.0, 0.0, 0.0)",1000,leaky_relu,True,5,3,0,30000,40000,False,0.97,0.9695,False,False,2000,0.01,torch.nn.Linear.reset_parameters: kaiming_uniform_(a=sqrt(5)); bias_uniform_bound=1/sqrt(fan_in),0.5773502691896257,0.8361880830489099
asymmetric_tube,True,0.0,1.0,1.0,0.1,0.35,0.1,0.35,"(1.0, 0.0, 0.0)","(0.0, 0.0, 0.0)",1000,leaky_relu,True,5,3,1,30001,40001,False,0.979,0.9755,False,False,2000,0.01,torch.nn.Linear.reset_parameters: kaiming_uniform_(a=sqrt(5)); bias_uniform_bound=1/sqrt(fan_in),0.5773502691896257,0.8452272079885006
asymmetric_tube,True,0.0,1.0,1.0,0.1,0.35,0.1,0.35,"(1.0, 0.0, 0.0)","(0.0, 0.0, 0.0)",1000,leaky_relu,True,5,3,2,30002,40002,False,0.959,0.945,False,False,2000,0.01,torch.nn.Linear.reset_parameters: kaiming_uniform_(a=sqrt(5)); bias_uniform_bound=1/sqrt(fan_in),0.5773502691896257,0.8426911670248955
asymmetric_tube,True,0.0,1.0,1.0,0.1,0.35,0.1,0.35,"(1.0, 0.0, 0.0)","(0.0, 0.0, 0.0)",1000,leaky_relu,True,5,3,3,30003,40003,False,0.9395,0.9485,False,False,2000,0.01,torch.nn.Linear.reset_parameters: kaiming_uniform_(a=sqrt(5)); bias_uniform_bound=1/sqrt(fan_in),0.5773502691896257,0.8524739590939134
asymmetric_tube,True,0.0,1.0,1.0,0.1,0.35,0.1,0.35,"(1.0, 0.0, 0.0)","(0.0, 0.0, 0.0)",1000,leaky_relu,True,5,3,4,30004,40004,False,0.988,0.9835,False,False,2000,0.01,torch.nn.Linear.reset_parameters: kaiming_uniform_(a=sqrt(5)); bias_uniform_bound=1/sqrt(fan_in),0.5773502691896257,0.847498916904442
asymmetric_tube,True,0.0,1.0,1.0,0.1,0.35,0.1,0.35,"(1.0, 0.0, 0.0)","(0.0, 0.0, 0.0)",1000,leaky_relu,True,5,3,5,30005,40005,False,0.986,0.985,False,False,2000,0.01,torch.nn.Linear.reset_parameters: kaiming_uniform_(a=sqrt(5)); bias_uniform_bound=1/sqrt(fan_in),0.5773502691896257,0.8394692500587553
asymmetric_tube,True,0.0,1.0,1.0,0.1,0.35,0.1,0.35,"(1.0, 0.0, 0.0)","(0.0, 0.0, 0.0)",1000,leaky_relu,True,5,3,6,30006,40006,False,0.9425,0.9325,False,False,2000,0.01,torch.nn.Linear.reset_parameters: kaiming_uniform_(a=sqrt(5)); bias_uniform_bound=1/sqrt(fan_in),0.5773502691896257,0.8406922499416396
asymmetric_tube,True,0.0,1.0,1.0,0.1,0.35,0.1,0.35,"(1.0, 0.0, 0.0)","(0.0, 0.0, 0.0)",1000,leaky_relu,True,5,3,7,30007,40007,False,0.9525,0.9485,False,False,2000,0.01,torch.nn.Linear.reset_parameters: kaiming_uniform_(a=sqrt(5)); bias_uniform_bound=1/sqrt(fan_in),0.5773502691896257,0.8373262499226257
asymmetric_tube,True,0.0,1.0,1.0,0.1,0.35,0.1,0.35,"(1.0, 0.0, 0.0)","(0.0, 0.0, 0.0)",1000,leaky_relu,True,5,3,8,30008,40008,False,0.975,0.9655,False,False,2000,0.01,torch.nn.Linear.reset_parameters: kaiming_uniform_(a=sqrt(5)); bias_uniform_bound=1/sqrt(fan_in),0.5773502691896257,0.8434712080052122
asymmetric_tube,True,0.0,1.0,1.0,0.1,0.35,0.1,0.35,"(1.0, 0.0, 0.0)","(0.0, 0.0, 0.0)",1000,leaky_relu,True,5,3,9,30009,40009,False,0.9355,0.9415,False,False,2000,0.01,torch.nn.Linear.reset_parameters: kaiming_uniform_(a=sqrt(5)); bias_uniform_bound=1/sqrt(fan_in),0.5773502691896257,0.8391971669625491
asymmetric_tube,True,0.0,1.0,1.0,0.1,0.35,0.1,0.35,"(1.0, 0.0, 0.0)","(0.0, 0.0, 0.0)",1000,leaky_relu,True,5,4,0,30000,40000,True,1.0,0.999,False,False,2000,0.01,torch.nn.Linear.reset_parameters: kaiming_uniform_(a=sqrt(5)); bias_uniform_bound=1/sqrt(fan_in),0.5773502691896257,0.7831784170120955
asymmetric_tube,True,0.0,1.0,1.0,0.1,0.35,0.1,0.35,"(1.0, 0.0, 0.0)","(0.0, 0.0, 0.0)",1000,leaky_relu,True,5,4,1,30001,40001,False,0.9625,0.9655,False,False,2000,0.01,torch.nn.Linear.reset_parameters: kaiming_uniform_(a=sqrt(5)); bias_uniform_bound=1/sqrt(fan_in),0.5773502691896257,0.781662542023696
asymmetric_tube,True,0.0,1.0,1.0,0.1,0.35,0.1,0.35,"(1.0, 0.0, 0.0)","(0.0, 0.0, 0.0)",1000,leaky_relu,True,5,4,2,30002,40002,False,0.9655,0.959,False,False,2000,0.01,torch.nn.Linear.reset_parameters: kaiming_uniform_(a=sqrt(5)); bias_uniform_bound=1/sqrt(fan_in),0.5773502691896257,0.7742284999694675
asymmetric_tube,True,0.0,1.0,1.0,0.1,0.35,0.1,0.35,"(1.0, 0.0, 0.0)","(0.0, 0.0, 0.0)",1000,leaky_relu,True,5,4,3,30003,40003,False,0.9875,0.983,False,False,2000,0.01,torch.nn.Linear.reset_parameters: kaiming_uniform_(a=sqrt(5)); bias_uniform_bound=1/sqrt(fan_in),0.5773502691896257,0.7754660840146244
asymmetric_tube,True,0.0,1.0,1.0,0.1,0.35,0.1,0.35,"(1.0, 0.0, 0.0)","(0.0, 0.0, 0.0)",1000,leaky_relu,True,5,4,4,30004,40004,False,0.97,0.9705,False,False,2000,0.01,torch.nn.Linear.reset_parameters: kaiming_uniform_(a=sqrt(5)); bias_uniform_bound=1/sqrt(fan_in),0.5773502691896257,0.7750038329977542
asymmetric_tube,True,0.0,1.0,1.0,0.1,0.35,0.1,0.35,"(1.0, 0.0, 0.0)","(0.0, 0.0, 0.0)",1000,leaky_relu,True,5,4,5,30005,40005,True,1.0,1.0,True,False,2000,0.01,torch.nn.Linear.reset_parameters: kaiming_uniform_(a=sqrt(5)); bias_uniform_bound=1/sqrt(fan_in),0.5773502691896257,0.7689678750466555
asymmetric_tube,True,0.0,1.0,1.0,0.1,0.35,0.1,0.35,"(1.0, 0.0, 0.0)","(0.0, 0.0, 0.0)",1000,leaky_relu,True,5,4,6,30006,40006,False,0.984,0.983,False,False,2000,0.01,torch.nn.Linear.reset_parameters: kaiming_uniform_(a=sqrt(5)); bias_uniform_bound=1/sqrt(fan_in),0.5773502691896257,0.7691911249421537
asymmetric_tube,True,0.0,1.0,1.0,0.1,0.35,0.1,0.35,"(1.0, 0.0, 0.0)","(0.0, 0.0, 0.0)",1000,leaky_relu,True,5,4,7,30007,40007,True,1.0,0.9995,False,False,2000,0.01,torch.nn.Linear.reset_parameters: kaiming_uniform_(a=sqrt(5)); bias_uniform_bound=1/sqrt(fan_in),0.5773502691896257,0.7690845830366015
asymmetric_tube,True,0.0,1.0,1.0,0.1,0.35,0.1,0.35,"(1.0, 0.0, 0.0)","(0.0, 0.0, 0.0)",1000,leaky_relu,True,5,4,8,30008,40008,True,1.0,0.9995,False,False,2000,0.01,torch.nn.Linear.reset_parameters: kaiming_uniform_(a=sqrt(5)); bias_uniform_bound=1/sqrt(fan_in),0.5773502691896257,0.7696058340370655
asymmetric_tube,True,0.0,1.0,1.0,0.1,0.35,0.1,0.35,"(1.0, 0.0, 0.0)","(0.0, 0.0, 0.0)",1000,leaky_relu,True,5,4,9,30009,40009,False,0.9715,0.967,False,False,2000,0.01,torch.nn.Linear.reset_parameters: kaiming_uniform_(a=sqrt(5)); bias_uniform_bound=1/sqrt(fan_in),0.5773502691896257,0.771402999991551
asymmetric_tube,True,0.0,1.0,1.0,0.1,0.35,0.1,0.35,"(1.0, 0.0, 0.0)","(0.0, 0.0, 0.0)",1000,leaky_relu,True,8,3,0,30000,40000,False,0.938,0.941,False,False,2000,0.01,torch.nn.Linear.reset_parameters: kaiming_uniform_(a=sqrt(5)); bias_uniform_bound=1/sqrt(fan_in),0.5773502691896257,1.202584792044945
asymmetric_tube,True,0.0,1.0,1.0,0.1,0.35,0.1,0.35,"(1.0, 0.0, 0.0)","(0.0, 0.0, 0.0)",1000,leaky_relu,True,8,3,1,30001,40001,False,0.9935,0.989,False,False,2000,0.01,torch.nn.Linear.reset_parameters: kaiming_uniform_(a=sqrt(5)); bias_uniform_bound=1/sqrt(fan_in),0.5773502691896257,1.2221304579870775
asymmetric_tube,True,0.0,1.0,1.0,0.1,0.35,0.1,0.35,"(1.0, 0.0, 0.0)","(0.0, 0.0, 0.0)",1000,leaky_relu,True,8,3,2,30002,40002,False,0.964,0.96,False,False,2000,0.01,torch.nn.Linear.reset_parameters: kaiming_uniform_(a=sqrt(5)); bias_uniform_bound=1/sqrt(fan_in),0.5773502691896257,1.2014873750740662
asymmetric_tube,True,0.0,1.0,1.0,0.1,0.35,0.1,0.35,"(1.0, 0.0, 0.0)","(0.0, 0.0, 0.0)",1000,leaky_relu,True,8,3,3,30003,40003,False,0.97,0.961,False,False,2000,0.01,torch.nn.Linear.reset_parameters: kaiming_uniform_(a=sqrt(5)); bias_uniform_bound=1/sqrt(fan_in),0.5773502691896257,1.20306912495289
asymmetric_tube,True,0.0,1.0,1.0,0.1,0.35,0.1,0.35,"(1.0, 0.0, 0.0)","(0.0, 0.0, 0.0)",1000,leaky_relu,True,8,3,4,30004,40004,False,0.9685,0.9715,False,False,2000,0.01,torch.nn.Linear.reset_parameters: kaiming_uniform_(a=sqrt(5)); bias_uniform_bound=1/sqrt(fan_in),0.5773502691896257,1.2072088751010597
asymmetric_tube,True,0.0,1.0,1.0,0.1,0.35,0.1,0.35,"(1.0, 0.0, 0.0)","(0.0, 0.0, 0.0)",1000,leaky_relu,True,8,3,5,30005,40005,False,0.942,0.9415,False,False,2000,0.01,torch.nn.Linear.reset_parameters: kaiming_uniform_(a=sqrt(5)); bias_uniform_bound=1/sqrt(fan_in),0.5773502691896257,1.199337000027299
asymmetric_tube,True,0.0,1.0,1.0,0.1,0.35,0.1,0.35,"(1.0, 0.0, 0.0)","(0.0, 0.0, 0.0)",1000,leaky_relu,True,8,3,6,30006,40006,False,0.9855,0.983,False,False,2000,0.01,torch.nn.Linear.reset_parameters: kaiming_uniform_(a=sqrt(5)); bias_uniform_bound=1/sqrt(fan_in),0.5773502691896257,1.2013887079665437
asymmetric_tube,True,0.0,1.0,1.0,0.1,0.35,0.1,0.35,"(1.0, 0.0, 0.0)","(0.0, 0.0, 0.0)",1000,leaky_relu,True,8,3,7,30007,40007,False,0.974,0.9675,False,False,2000,0.01,torch.nn.Linear.reset_parameters: kaiming_uniform_(a=sqrt(5)); bias_uniform_bound=1/sqrt(fan_in),0.5773502691896257,1.1979842499131337
asymmetric_tube,True,0.0,1.0,1.0,0.1,0.35,0.1,0.35,"(1.0, 0.0, 0.0)","(0.0, 0.0, 0.0)",1000,leaky_relu,True,8,3,8,30008,40008,False,0.97,0.9625,False,False,2000,0.01,torch.nn.Linear.reset_parameters: kaiming_uniform_(a=sqrt(5)); bias_uniform_bound=1/sqrt(fan_in),0.5773502691896257,1.1963799169752747
asymmetric_tube,True,0.0,1.0,1.0,0.1,0.35,0.1,0.35,"(1.0, 0.0, 0.0)","(0.0, 0.0, 0.0)",1000,leaky_relu,True,8,3,9,30009,40009,False,0.966,0.9675,False,False,2000,0.01,torch.nn.Linear.reset_parameters: kaiming_uniform_(a=sqrt(5)); bias_uniform_bound=1/sqrt(fan_in),0.5773502691896257,1.2015684579964727
asymmetric_tube,True,0.0,1.0,1.0,0.1,0.35,0.1,0.35,"(1.0, 0.0, 0.0)","(0.0, 0.0, 0.0)",1000,leaky_relu,True,8,4,0,30000,40000,False,0.9715,0.961,False,False,2000,0.01,torch.nn.Linear.reset_parameters: kaiming_uniform_(a=sqrt(5)); bias_uniform_bound=1/sqrt(fan_in),0.5773502691896257,1.0822937079938129
asymmetric_tube,True,0.0,1.0,1.0,0.1,0.35,0.1,0.35,"(1.0, 0.0, 0.0)","(0.0, 0.0, 0.0)",1000,leaky_relu,True,8,4,1,30001,40001,False,0.9995,0.9935,False,False,2000,0.01,torch.nn.Linear.reset_parameters: kaiming_uniform_(a=sqrt(5)); bias_uniform_bound=1/sqrt(fan_in),0.5773502691896257,1.0930576249957085
asymmetric_tube,True,0.0,1.0,1.0,0.1,0.35,0.1,0.35,"(1.0, 0.0, 0.0)","(0.0, 0.0, 0.0)",1000,leaky_relu,True,8,4,2,30002,40002,True,1.0,1.0,True,False,2000,0.01,torch.nn.Linear.reset_parameters: kaiming_uniform_(a=sqrt(5)); bias_uniform_bound=1/sqrt(fan_in),0.5773502691896257,1.0874104170361534
asymmetric_tube,True,0.0,1.0,1.0,0.1,0.35,0.1,0.35,"(1.0, 0.0, 0.0)","(0.0, 0.0, 0.0)",1000,leaky_relu,True,8,4,3,30003,40003,True,1.0,0.9995,False,False,2000,0.01,torch.nn.Linear.reset_parameters: kaiming_uniform_(a=sqrt(5)); bias_uniform_bound=1/sqrt(fan_in),0.5773502691896257,1.0871308339992538
asymmetric_tube,True,0.0,1.0,1.0,0.1,0.35,0.1,0.35,"(1.0, 0.0, 0.0)","(0.0, 0.0, 0.0)",1000,leaky_relu,True,8,4,4,30004,40004,False,0.9695,0.9675,False,False,2000,0.01,torch.nn.Linear.reset_parameters: kaiming_uniform_(a=sqrt(5)); bias_uniform_bound=1/sqrt(fan_in),0.5773502691896257,1.0924360830103979
asymmetric_tube,True,0.0,1.0,1.0,0.1,0.35,0.1,0.35,"(1.0, 0.0, 0.0)","(0.0, 0.0, 0.0)",1000,leaky_relu,True,8,4,5,30005,40005,True,1.0,1.0,True,False,2000,0.01,torch.nn.Linear.reset_parameters: kaiming_uniform_(a=sqrt(5)); bias_uniform_bound=1/sqrt(fan_in),0.5773502691896257,1.0856265419861302
asymmetric_tube,True,0.0,1.0,1.0,0.1,0.35,0.1,0.35,"(1.0, 0.0, 0.0)","(0.0, 0.0, 0.0)",1000,leaky_relu,True,8,4,6,30006,40006,False,0.999,0.994,False,False,2000,0.01,torch.nn.Linear.reset_parameters: kaiming_uniform_(a=sqrt(5)); bias_uniform_bound=1/sqrt(fan_in),0.5773502691896257,1.0792639999417588
asymmetric_tube,True,0.0,1.0,1.0,0.1,0.35,0.1,0.35,"(1.0, 0.0, 0.0)","(0.0, 0.0, 0.0)",1000,leaky_relu,True,8,4,7,30007,40007,False,0.9735,0.976,False,False,2000,0.01,torch.nn.Linear.reset_parameters: kaiming_uniform_(a=sqrt(5)); bias_uniform_bound=1/sqrt(fan_in),0.5773502691896257,1.085299542057328
asymmetric_tube,True,0.0,1.0,1.0,0.1,0.35,0.1,0.35,"(1.0, 0.0, 0.0)","(0.0, 0.0, 0.0)",1000,leaky_relu,True,8,4,8,30008,40008,False,0.9835,0.979,False,False,2000,0.01,torch.nn.Linear.reset_parameters: kaiming_uniform_(a=sqrt(5)); bias_uniform_bound=1/sqrt(fan_in),0.5773502691896257,1.09464908298105
asymmetric_tube,True,0.0,1.0,1.0,0.1,0.35,0.1,0.35,"(1.0, 0.0, 0.0)","(0.0, 0.0, 0.0)",1000,leaky_relu,True,8,4,9,30009,40009,False,0.9845,0.9775,False,False,2000,0.01,torch.nn.Linear.reset_parameters: kaiming_uniform_(a=sqrt(5)); bias_uniform_bound=1/sqrt(fan_in),0.5773502691896257,1.093441208009608
asymmetric_tube,True,0.0,1.0,1.0,0.1,0.35,0.1,0.35,"(1.0, 0.0, 0.0)","(0.0, 0.0, 0.0)",1000,leaky_relu,True,12,3,0,30000,40000,False,0.5,0.5,False,True,2000,0.01,torch.nn.Linear.reset_parameters: kaiming_uniform_(a=sqrt(5)); bias_uniform_bound=1/sqrt(fan_in),0.5773502691896257,1.6829668750287965
asymmetric_tube,True,0.0,1.0,1.0,0.1,0.35,0.1,0.35,"(1.0, 0.0, 0.0)","(0.0, 0.0, 0.0)",1000,leaky_relu,True,12,3,1,30001,40001,False,0.5,0.5,False,True,2000,0.01,torch.nn.Linear.reset_parameters: kaiming_uniform_(a=sqrt(5)); bias_uniform_bound=1/sqrt(fan_in),0.5773502691896257,1.6797154169762507
asymmetric_tube,True,0.0,1.0,1.0,0.1,0.35,0.1,0.35,"(1.0, 0.0, 0.0)","(0.0, 0.0, 0.0)",1000,leaky_relu,True,12,3,2,30002,40002,False,0.951,0.945,False,False,2000,0.01,torch.nn.Linear.reset_parameters: kaiming_uniform_(a=sqrt(5)); bias_uniform_bound=1/sqrt(fan_in),0.5773502691896257,1.6784782919567078
asymmetric_tube,True,0.0,1.0,1.0,0.1,0.35,0.1,0.35,"(1.0, 0.0, 0.0)","(0.0, 0.0, 0.0)",1000,leaky_relu,True,12,3,3,30003,40003,False,0.9705,0.9645,False,False,2000,0.01,torch.nn.Linear.reset_parameters: kaiming_uniform_(a=sqrt(5)); bias_uniform_bound=1/sqrt(fan_in),0.5773502691896257,1.686433249968104
asymmetric_tube,True,0.0,1.0,1.0,0.1,0.35,0.1,0.35,"(1.0, 0.0, 0.0)","(0.0, 0.0, 0.0)",1000,leaky_relu,True,12,3,4,30004,40004,False,0.9705,0.972,False,False,2000,0.01,torch.nn.Linear.reset_parameters: kaiming_uniform_(a=sqrt(5)); bias_uniform_bound=1/sqrt(fan_in),0.5773502691896257,1.698487124987878
asymmetric_tube,True,0.0,1.0,1.0,0.1,0.35,0.1,0.35,"(1.0, 0.0, 0.0)","(0.0, 0.0, 0.0)",1000,leaky_relu,True,12,3,5,30005,40005,False,0.972,0.9725,False,False,2000,0.01,torch.nn.Linear.reset_parameters: kaiming_uniform_(a=sqrt(5)); bias_uniform_bound=1/sqrt(fan_in),0.5773502691896257,1.678991207969375
asymmetric_tube,True,0.0,1.0,1.0,0.1,0.35,0.1,0.35,"(1.0, 0.0, 0.0)","(0.0, 0.0, 0.0)",1000,leaky_relu,True,12,3,6,30006,40006,False,0.5,0.5,False,True,2000,0.01,torch.nn.Linear.reset_parameters: kaiming_uniform_(a=sqrt(5)); bias_uniform_bound=1/sqrt(fan_in),0.5773502691896257,1.6869234580080956
asymmetric_tube,True,0.0,1.0,1.0,0.1,0.35,0.1,0.35,"(1.0, 0.0, 0.0)","(0.0, 0.0, 0.0)",1000,leaky_relu,True,12,3,7,30007,40007,False,0.942,0.95,False,False,2000,0.01,torch.nn.Linear.reset_parameters: kaiming_uniform_(a=sqrt(5)); bias_uniform_bound=1/sqrt(fan_in),0.5773502691896257,1.684559665969573
asymmetric_tube,True,0.0,1.0,1.0,0.1,0.35,0.1,0.35,"(1.0, 0.0, 0.0)","(0.0, 0.0, 0.0)",1000,leaky_relu,True,12,3,8,30008,40008,False,0.5,0.5,False,True,2000,0.01,torch.nn.Linear.reset_parameters: kaiming_uniform_(a=sqrt(5)); bias_uniform_bound=1/sqrt(fan_in),0.5773502691896257,1.780242875101976
asymmetric_tube,True,0.0,1.0,1.0,0.1,0.35,0.1,0.35,"(1.0, 0.0, 0.0)","(0.0, 0.0, 0.0)",1000,leaky_relu,True,12,3,9,30009,40009,False,0.967,0.9645,False,False,2000,0.01,torch.nn.Linear.reset_parameters: kaiming_uniform_(a=sqrt(5)); bias_uniform_bound=1/sqrt(fan_in),0.5773502691896257,1.685324167017825
asymmetric_tube,True,0.0,1.0,1.0,0.1,0.35,0.1,0.35,"(1.0, 0.0, 0.0)","(0.0, 0.0, 0.0)",1000,leaky_relu,True,12,4,0,30000,40000,False,0.969,0.9665,False,False,2000,0.01,torch.nn.Linear.reset_parameters: kaiming_uniform_(a=sqrt(5)); bias_uniform_bound=1/sqrt(fan_in),0.5773502691896257,1.498163041076623
asymmetric_tube,True,0.0,1.0,1.0,0.1,0.35,0.1,0.35,"(1.0, 0.0, 0.0)","(0.0, 0.0, 0.0)",1000,leaky_relu,True,12,4,1,30001,40001,False,0.9935,0.9885,False,False,2000,0.01,torch.nn.Linear.reset_parameters: kaiming_uniform_(a=sqrt(5)); bias_uniform_bound=1/sqrt(fan_in),0.5773502691896257,1.4942529170075431
asymmetric_tube,True,0.0,1.0,1.0,0.1,0.35,0.1,0.35,"(1.0, 0.0, 0.0)","(0.0, 0.0, 0.0)",1000,leaky_relu,True,12,4,2,30002,40002,False,0.938,0.9365,False,False,2000,0.01,torch.nn.Linear.reset_parameters: kaiming_uniform_(a=sqrt(5)); bias_uniform_bound=1/sqrt(fan_in),0.5773502691896257,1.4898137080017477
asymmetric_tube,True,0.0,1.0,1.0,0.1,0.35,0.1,0.35,"(1.0, 0.0, 0.0)","(0.0, 0.0, 0.0)",1000,leaky_relu,True,12,4,3,30003,40003,False,0.9855,0.9805,False,False,2000,0.01,torch.nn.Linear.reset_parameters: kaiming_uniform_(a=sqrt(5)); bias_uniform_bound=1/sqrt(fan_in),0.5773502691896257,1.4907722499920055
asymmetric_tube,True,0.0,1.0,1.0,0.1,0.35,0.1,0.35,"(1.0, 0.0, 0.0)","(0.0, 0.0, 0.0)",1000,leaky_relu,True,12,4,4,30004,40004,False,0.979,0.9745,False,False,2000,0.01,torch.nn.Linear.reset_parameters: kaiming_uniform_(a=sqrt(5)); bias_uniform_bound=1/sqrt(fan_in),0.5773502691896257,1.4910904159769416
asymmetric_tube,True,0.0,1.0,1.0,0.1,0.35,0.1,0.35,"(1.0, 0.0, 0.0)","(0.0, 0.0, 0.0)",1000,leaky_relu,True,12,4,5,30005,40005,False,0.972,0.9725,False,False,2000,0.01,torch.nn.Linear.reset_parameters: kaiming_uniform_(a=sqrt(5)); bias_uniform_bound=1/sqrt(fan_in),0.5773502691896257,1.4975200420012698
asymmetric_tube,True,0.0,1.0,1.0,0.1,0.35,0.1,0.35,"(1.0, 0.0, 0.0)","(0.0, 0.0, 0.0)",1000,leaky_relu,True,12,4,6,30006,40006,False,0.971,0.9685,False,False,2000,0.01,torch.nn.Linear.reset_parameters: kaiming_uniform_(a=sqrt(5)); bias_uniform_bound=1/sqrt(fan_in),0.5773502691896257,1.505813334020786
asymmetric_tube,True,0.0,1.0,1.0,0.1,0.35,0.1,0.35,"(1.0, 0.0, 0.0)","(0.0, 0.0, 0.0)",1000,leaky_relu,True,12,4,7,30007,40007,False,0.968,0.97,False,False,2000,0.01,torch.nn.Linear.reset_parameters: kaiming_uniform_(a=sqrt(5)); bias_uniform_bound=1/sqrt(fan_in),0.5773502691896257,1.4910563749726862
asymmetric_tube,True,0.0,1.0,1.0,0.1,0.35,0.1,0.35,"(1.0, 0.0, 0.0)","(0.0, 0.0, 0.0)",1000,leaky_relu,True,12,4,8,30008,40008,True,1.0,1.0,True,False,2000,0.01,torch.nn.Linear.reset_parameters: kaiming_uniform_(a=sqrt(5)); bias_uniform_bound=1/sqrt(fan_in),0.5773502691896257,1.4964407499646768
asymmetric_tube,True,0.0,1.0,1.0,0.1,0.35,0.1,0.35,"(1.0, 0.0, 0.0)","(0.0, 0.0, 0.0)",1000,leaky_relu,True,12,4,9,30009,40009,False,0.9745,0.9635,False,False,2000,0.01,torch.nn.Linear.reset_parameters: kaiming_uniform_(a=sqrt(5)); bias_uniform_bound=1/sqrt(fan_in),0.5773502691896257,1.4976139169884846
asymmetric_tube,True,0.0,1.0,1.0,0.1,0.35,0.1,0.35,"(1.0, 0.0, 0.0)","(0.0, 0.0, 0.0)",1000,gelu,False,3,3,0,30000,40000,False,0.9675,0.967,False,False,2000,0.01,torch.nn.Linear.reset_parameters: kaiming_uniform_(a=sqrt(5)); bias_uniform_bound=1/sqrt(fan_in),0.5773502691896257,0.6578047081129625
asymmetric_tube,True,0.0,1.0,1.0,0.1,0.35,0.1,0.35,"(1.0, 0.0, 0.0)","(0.0, 0.0, 0.0)",1000,gelu,False,3,3,1,30001,40001,False,0.9625,0.9655,False,False,2000,0.01,torch.nn.Linear.reset_parameters: kaiming_uniform_(a=sqrt(5)); bias_uniform_bound=1/sqrt(fan_in),0.5773502691896257,0.6579189170151949
asymmetric_tube,True,0.0,1.0,1.0,0.1,0.35,0.1,0.35,"(1.0, 0.0, 0.0)","(0.0, 0.0, 0.0)",1000,gelu,False,3,3,2,30002,40002,False,0.9695,0.9615,False,False,2000,0.01,torch.nn.Linear.reset_parameters: kaiming_uniform_(a=sqrt(5)); bias_uniform_bound=1/sqrt(fan_in),0.5773502691896257,0.6610205409815535
asymmetric_tube,True,0.0,1.0,1.0,0.1,0.35,0.1,0.35,"(1.0, 0.0, 0.0)","(0.0, 0.0, 0.0)",1000,gelu,False,3,3,3,30003,40003,False,0.9755,0.9705,False,False,2000,0.01,torch.nn.Linear.reset_parameters: kaiming_uniform_(a=sqrt(5)); bias_uniform_bound=1/sqrt(fan_in),0.5773502691896257,0.6678466249722987
asymmetric_tube,True,0.0,1.0,1.0,0.1,0.35,0.1,0.35,"(1.0, 0.0, 0.0)","(0.0, 0.0, 0.0)",1000,gelu,False,3,3,4,30004,40004,False,0.9725,0.9755,False,False,2000,0.01,torch.nn.Linear.reset_parameters: kaiming_uniform_(a=sqrt(5)); bias_uniform_bound=1/sqrt(fan_in),0.5773502691896257,0.6650096670491621
asymmetric_tube,True,0.0,1.0,1.0,0.1,0.35,0.1,0.35,"(1.0, 0.0, 0.0)","(0.0, 0.0, 0.0)",1000,gelu,False,3,3,5,30005,40005,True,1.0,1.0,True,False,2000,0.01,torch.nn.Linear.reset_parameters: kaiming_uniform_(a=sqrt(5)); bias_uniform_bound=1/sqrt(fan_in),0.5773502691896257,0.6589279579930007
asymmetric_tube,True,0.0,1.0,1.0,0.1,0.35,0.1,0.35,"(1.0, 0.0, 0.0)","(0.0, 0.0, 0.0)",1000,gelu,False,3,3,6,30006,40006,False,0.983,0.98,False,False,2000,0.01,torch.nn.Linear.reset_parameters: kaiming_uniform_(a=sqrt(5)); bias_uniform_bound=1/sqrt(fan_in),0.5773502691896257,0.6738172080367804
asymmetric_tube,True,0.0,1.0,1.0,0.1,0.35,0.1,0.35,"(1.0, 0.0, 0.0)","(0.0, 0.0, 0.0)",1000,gelu,False,3,3,7,30007,40007,False,0.967,0.975,False,False,2000,0.01,torch.nn.Linear.reset_parameters: kaiming_uniform_(a=sqrt(5)); bias_uniform_bound=1/sqrt(fan_in),0.5773502691896257,0.6632034160429612
asymmetric_tube,True,0.0,1.0,1.0,0.1,0.35,0.1,0.35,"(1.0, 0.0, 0.0)","(0.0, 0.0, 0.0)",1000,gelu,False,3,3,8,30008,40008,False,0.969,0.973,False,False,2000,0.01,torch.nn.Linear.reset_parameters: kaiming_uniform_(a=sqrt(5)); bias_uniform_bound=1/sqrt(fan_in),0.5773502691896257,0.6535335420630872
asymmetric_tube,True,0.0,1.0,1.0,0.1,0.35,0.1,0.35,"(1.0, 0.0, 0.0)","(0.0, 0.0, 0.0)",1000,gelu,False,3,3,9,30009,40009,False,0.969,0.968,False,False,2000,0.01,torch.nn.Linear.reset_parameters: kaiming_uniform_(a=sqrt(5)); bias_uniform_bound=1/sqrt(fan_in),0.5773502691896257,0.659692583954893
asymmetric_tube,True,0.0,1.0,1.0,0.1,0.35,0.1,0.35,"(1.0, 0.0, 0.0)","(0.0, 0.0, 0.0)",1000,gelu,False,3,4,0,30000,40000,True,1.0,1.0,True,False,2000,0.01,torch.nn.Linear.reset_parameters: kaiming_uniform_(a=sqrt(5)); bias_uniform_bound=1/sqrt(fan_in),0.5773502691896257,0.6325605000602081
asymmetric_tube,True,0.0,1.0,1.0,0.1,0.35,0.1,0.35,"(1.0, 0.0, 0.0)","(0.0, 0.0, 0.0)",1000,gelu,False,3,4,1,30001,40001,True,1.0,1.0,True,False,2000,0.01,torch.nn.Linear.reset_parameters: kaiming_uniform_(a=sqrt(5)); bias_uniform_bound=1/sqrt(fan_in),0.5773502691896257,0.6333945000078529
asymmetric_tube,True,0.0,1.0,1.0,0.1,0.35,0.1,0.35,"(1.0, 0.0, 0.0)","(0.0, 0.0, 0.0)",1000,gelu,False,3,4,2,30002,40002,True,1.0,1.0,True,False,2000,0.01,torch.nn.Linear.reset_parameters: kaiming_uniform_(a=sqrt(5)); bias_uniform_bound=1/sqrt(fan_in),0.5773502691896257,0.6396582919405773
asymmetric_tube,True,0.0,1.0,1.0,0.1,0.35,0.1,0.35,"(1.0, 0.0, 0.0)","(0.0, 0.0, 0.0)",1000,gelu,False,3,4,3,30003,40003,True,1.0,1.0,True,False,2000,0.01,torch.nn.Linear.reset_parameters: kaiming_uniform_(a=sqrt(5)); bias_uniform_bound=1/sqrt(fan_in),0.5773502691896257,0.6294973749900237
asymmetric_tube,True,0.0,1.0,1.0,0.1,0.35,0.1,0.35,"(1.0, 0.0, 0.0)","(0.0, 0.0, 0.0)",1000,gelu,False,3,4,4,30004,40004,False,0.9885,0.986,False,False,2000,0.01,torch.nn.Linear.reset_parameters: kaiming_uniform_(a=sqrt(5)); bias_uniform_bound=1/sqrt(fan_in),0.5773502691896257,0.6406018750276417
asymmetric_tube,True,0.0,1.0,1.0,0.1,0.35,0.1,0.35,"(1.0, 0.0, 0.0)","(0.0, 0.0, 0.0)",1000,gelu,False,3,4,5,30005,40005,True,1.0,1.0,True,False,2000,0.01,torch.nn.Linear.reset_parameters: kaiming_uniform_(a=sqrt(5)); bias_uniform_bound=1/sqrt(fan_in),0.5773502691896257,0.6426087080035359
asymmetric_tube,True,0.0,1.0,1.0,0.1,0.35,0.1,0.35,"(1.0, 0.0, 0.0)","(0.0, 0.0, 0.0)",1000,gelu,False,3,4,6,30006,40006,True,1.0,1.0,True,False,2000,0.01,torch.nn.Linear.reset_parameters: kaiming_uniform_(a=sqrt(5)); bias_uniform_bound=1/sqrt(fan_in),0.5773502691896257,0.6342018749564886
asymmetric_tube,True,0.0,1.0,1.0,0.1,0.35,0.1,0.35,"(1.0, 0.0, 0.0)","(0.0, 0.0, 0.0)",1000,gelu,False,3,4,7,30007,40007,True,1.0,1.0,True,False,2000,0.01,torch.nn.Linear.reset_parameters: kaiming_uniform_(a=sqrt(5)); bias_uniform_bound=1/sqrt(fan_in),0.5773502691896257,0.6384676669258624
asymmetric_tube,True,0.0,1.0,1.0,0.1,0.35,0.1,0.35,"(1.0, 0.0, 0.0)","(0.0, 0.0, 0.0)",1000,gelu,False,3,4,8,30008,40008,True,1.0,1.0,True,False,2000,0.01,torch.nn.Linear.reset_parameters: kaiming_uniform_(a=sqrt(5)); bias_uniform_bound=1/sqrt(fan_in),0.5773502691896257,0.6311371660558507
asymmetric_tube,True,0.0,1.0,1.0,0.1,0.35,0.1,0.35,"(1.0, 0.0, 0.0)","(0.0, 0.0, 0.0)",1000,gelu,False,3,4,9,30009,40009,True,1.0,0.9995,False,False,2000,0.01,torch.nn.Linear.reset_parameters: kaiming_uniform_(a=sqrt(5)); bias_uniform_bound=1/sqrt(fan_in),0.5773502691896257,0.6396500000264496
asymmetric_tube,True,0.0,1.0,1.0,0.1,0.35,0.1,0.35,"(1.0, 0.0, 0.0)","(0.0, 0.0, 0.0)",1000,gelu,False,5,3,0,30000,40000,True,1.0,1.0,True,False,2000,0.01,torch.nn.Linear.reset_parameters: kaiming_uniform_(a=sqrt(5)); bias_uniform_bound=1/sqrt(fan_in),0.5773502691896257,0.9499962080735713
asymmetric_tube,True,0.0,1.0,1.0,0.1,0.35,0.1,0.35,"(1.0, 0.0, 0.0)","(0.0, 0.0, 0.0)",1000,gelu,False,5,3,1,30001,40001,False,0.9635,0.966,False,False,2000,0.01,torch.nn.Linear.reset_parameters: kaiming_uniform_(a=sqrt(5)); bias_uniform_bound=1/sqrt(fan_in),0.5773502691896257,0.9604872500058264
asymmetric_tube,True,0.0,1.0,1.0,0.1,0.35,0.1,0.35,"(1.0, 0.0, 0.0)","(0.0, 0.0, 0.0)",1000,gelu,False,5,3,2,30002,40002,False,0.967,0.9635,False,False,2000,0.01,torch.nn.Linear.reset_parameters: kaiming_uniform_(a=sqrt(5)); bias_uniform_bound=1/sqrt(fan_in),0.5773502691896257,0.9553485830547288
asymmetric_tube,True,0.0,1.0,1.0,0.1,0.35,0.1,0.35,"(1.0, 0.0, 0.0)","(0.0, 0.0, 0.0)",1000,gelu,False,5,3,3,30003,40003,False,0.9505,0.954,False,False,2000,0.01,torch.nn.Linear.reset_parameters: kaiming_uniform_(a=sqrt(5)); bias_uniform_bound=1/sqrt(fan_in),0.5773502691896257,0.9544435000279918
asymmetric_tube,True,0.0,1.0,1.0,0.1,0.35,0.1,0.35,"(1.0, 0.0, 0.0)","(0.0, 0.0, 0.0)",1000,gelu,False,5,3,4,30004,40004,False,0.9725,0.9755,False,False,2000,0.01,torch.nn.Linear.reset_parameters: kaiming_uniform_(a=sqrt(5)); bias_uniform_bound=1/sqrt(fan_in),0.5773502691896257,0.9512359999353066
asymmetric_tube,True,0.0,1.0,1.0,0.1,0.35,0.1,0.35,"(1.0, 0.0, 0.0)","(0.0, 0.0, 0.0)",1000,gelu,False,5,3,5,30005,40005,False,0.9765,0.9655,False,False,2000,0.01,torch.nn.Linear.reset_parameters: kaiming_uniform_(a=sqrt(5)); bias_uniform_bound=1/sqrt(fan_in),0.5773502691896257,0.9517551249591634
asymmetric_tube,True,0.0,1.0,1.0,0.1,0.35,0.1,0.35,"(1.0, 0.0, 0.0)","(0.0, 0.0, 0.0)",1000,gelu,False,5,3,6,30006,40006,False,0.9765,0.964,False,False,2000,0.01,torch.nn.Linear.reset_parameters: kaiming_uniform_(a=sqrt(5)); bias_uniform_bound=1/sqrt(fan_in),0.5773502691896257,0.9589853750076145
asymmetric_tube,True,0.0,1.0,1.0,0.1,0.35,0.1,0.35,"(1.0, 0.0, 0.0)","(0.0, 0.0, 0.0)",1000,gelu,False,5,3,7,30007,40007,False,0.9655,0.9755,False,False,2000,0.01,torch.nn.Linear.reset_parameters: kaiming_uniform_(a=sqrt(5)); bias_uniform_bound=1/sqrt(fan_in),0.5773502691896257,0.9368587919743732
asymmetric_tube,True,0.0,1.0,1.0,0.1,0.35,0.1,0.35,"(1.0, 0.0, 0.0)","(0.0, 0.0, 0.0)",1000,gelu,False,5,3,8,30008,40008,False,0.975,0.9645,False,False,2000,0.01,torch.nn.Linear.reset_parameters: kaiming_uniform_(a=sqrt(5)); bias_uniform_bound=1/sqrt(fan_in),0.5773502691896257,0.9372720420360565
asymmetric_tube,True,0.0,1.0,1.0,0.1,0.35,0.1,0.35,"(1.0, 0.0, 0.0)","(0.0, 0.0, 0.0)",1000,gelu,False,5,3,9,30009,40009,False,0.9675,0.969,False,False,2000,0.01,torch.nn.Linear.reset_parameters: kaiming_uniform_(a=sqrt(5)); bias_uniform_bound=1/sqrt(fan_in),0.5773502691896257,0.9530227080686018
asymmetric_tube,True,0.0,1.0,1.0,0.1,0.35,0.1,0.35,"(1.0, 0.0, 0.0)","(0.0, 0.0, 0.0)",1000,gelu,False,5,4,0,30000,40000,True,1.0,0.9995,False,False,2000,0.01,torch.nn.Linear.reset_parameters: kaiming_uniform_(a=sqrt(5)); bias_uniform_bound=1/sqrt(fan_in),0.5773502691896257,0.9086558750132099
asymmetric_tube,True,0.0,1.0,1.0,0.1,0.35,0.1,0.35,"(1.0, 0.0, 0.0)","(0.0, 0.0, 0.0)",1000,gelu,False,5,4,1,30001,40001,True,1.0,1.0,True,False,2000,0.01,torch.nn.Linear.reset_parameters: kaiming_uniform_(a=sqrt(5)); bias_uniform_bound=1/sqrt(fan_in),0.5773502691896257,0.9151254580356181
asymmetric_tube,True,0.0,1.0,1.0,0.1,0.35,0.1,0.35,"(1.0, 0.0, 0.0)","(0.0, 0.0, 0.0)",1000,gelu,False,5,4,2,30002,40002,True,1.0,1.0,True,False,2000,0.01,torch.nn.Linear.reset_parameters: kaiming_uniform_(a=sqrt(5)); bias_uniform_bound=1/sqrt(fan_in),0.5773502691896257,0.9174208749318495
asymmetric_tube,True,0.0,1.0,1.0,0.1,0.35,0.1,0.35,"(1.0, 0.0, 0.0)","(0.0, 0.0, 0.0)",1000,gelu,False,5,4,3,30003,40003,True,1.0,0.9995,False,False,2000,0.01,torch.nn.Linear.reset_parameters: kaiming_uniform_(a=sqrt(5)); bias_uniform_bound=1/sqrt(fan_in),0.5773502691896257,0.9178436250658706
asymmetric_tube,True,0.0,1.0,1.0,0.1,0.35,0.1,0.35,"(1.0, 0.0, 0.0)","(0.0, 0.0, 0.0)",1000,gelu,False,5,4,4,30004,40004,True,1.0,1.0,True,False,2000,0.01,torch.nn.Linear.reset_parameters: kaiming_uniform_(a=sqrt(5)); bias_uniform_bound=1/sqrt(fan_in),0.5773502691896257,0.9238237499957904
asymmetric_tube,True,0.0,1.0,1.0,0.1,0.35,0.1,0.35,"(1.0, 0.0, 0.0)","(0.0, 0.0, 0.0)",1000,gelu,False,5,4,5,30005,40005,True,1.0,1.0,True,False,2000,0.01,torch.nn.Linear.reset_parameters: kaiming_uniform_(a=sqrt(5)); bias_uniform_bound=1/sqrt(fan_in),0.5773502691896257,0.9086840839590877
asymmetric_tube,True,0.0,1.0,1.0,0.1,0.35,0.1,0.35,"(1.0, 0.0, 0.0)","(0.0, 0.0, 0.0)",1000,gelu,False,5,4,6,30006,40006,True,1.0,1.0,True,False,2000,0.01,torch.nn.Linear.reset_parameters: kaiming_uniform_(a=sqrt(5)); bias_uniform_bound=1/sqrt(fan_in),0.5773502691896257,0.9127312919590622
asymmetric_tube,True,0.0,1.0,1.0,0.1,0.35,0.1,0.35,"(1.0, 0.0, 0.0)","(0.0, 0.0, 0.0)",1000,gelu,False,5,4,7,30007,40007,True,1.0,1.0,True,False,2000,0.01,torch.nn.Linear.reset_parameters: kaiming_uniform_(a=sqrt(5)); bias_uniform_bound=1/sqrt(fan_in),0.5773502691896257,0.9144709999673069
asymmetric_tube,True,0.0,1.0,1.0,0.1,0.35,0.1,0.35,"(1.0, 0.0, 0.0)","(0.0, 0.0, 0.0)",1000,gelu,False,5,4,8,30008,40008,True,1.0,1.0,True,False,2000,0.01,torch.nn.Linear.reset_parameters: kaiming_uniform_(a=sqrt(5)); bias_uniform_bound=1/sqrt(fan_in),0.5773502691896257,0.9179020000156015
asymmetric_tube,True,0.0,1.0,1.0,0.1,0.35,0.1,0.35,"(1.0, 0.0, 0.0)","(0.0, 0.0, 0.0)",1000,gelu,False,5,4,9,30009,40009,False,0.968,0.968,False,False,2000,0.01,torch.nn.Linear.reset_parameters: kaiming_uniform_(a=sqrt(5)); bias_uniform_bound=1/sqrt(fan_in),0.5773502691896257,0.9093527500517666
asymmetric_tube,True,0.0,1.0,1.0,0.1,0.35,0.1,0.35,"(1.0, 0.0, 0.0)","(0.0, 0.0, 0.0)",1000,gelu,False,8,3,0,30000,40000,False,0.972,0.9745,False,False,2000,0.01,torch.nn.Linear.reset_parameters: kaiming_uniform_(a=sqrt(5)); bias_uniform_bound=1/sqrt(fan_in),0.5773502691896257,1.3964599999599159
asymmetric_tube,True,0.0,1.0,1.0,0.1,0.35,0.1,0.35,"(1.0, 0.0, 0.0)","(0.0, 0.0, 0.0)",1000,gelu,False,8,3,1,30001,40001,False,0.974,0.9665,False,False,2000,0.01,torch.nn.Linear.reset_parameters: kaiming_uniform_(a=sqrt(5)); bias_uniform_bound=1/sqrt(fan_in),0.5773502691896257,1.444367834017612
asymmetric_tube,True,0.0,1.0,1.0,0.1,0.35,0.1,0.35,"(1.0, 0.0, 0.0)","(0.0, 0.0, 0.0)",1000,gelu,False,8,3,2,30002,40002,False,0.9735,0.972,False,False,2000,0.01,torch.nn.Linear.reset_parameters: kaiming_uniform_(a=sqrt(5)); bias_uniform_bound=1/sqrt(fan_in),0.5773502691896257,1.3926904590334743
asymmetric_tube,True,0.0,1.0,1.0,0.1,0.35,0.1,0.35,"(1.0, 0.0, 0.0)","(0.0, 0.0, 0.0)",1000,gelu,False,8,3,3,30003,40003,False,0.9765,0.9635,False,False,2000,0.01,torch.nn.Linear.reset_parameters: kaiming_uniform_(a=sqrt(5)); bias_uniform_bound=1/sqrt(fan_in),0.5773502691896257,1.3568430000450462
asymmetric_tube,True,0.0,1.0,1.0,0.1,0.35,0.1,0.35,"(1.0, 0.0, 0.0)","(0.0, 0.0, 0.0)",1000,gelu,False,8,3,4,30004,40004,False,0.9905,0.984,False,False,2000,0.01,torch.nn.Linear.reset_parameters: kaiming_uniform_(a=sqrt(5)); bias_uniform_bound=1/sqrt(fan_in),0.5773502691896257,1.4273352910531685
asymmetric_tube,True,0.0,1.0,1.0,0.1,0.35,0.1,0.35,"(1.0, 0.0, 0.0)","(0.0, 0.0, 0.0)",1000,gelu,False,8,3,5,30005,40005,False,0.9715,0.9615,False,False,2000,0.01,torch.nn.Linear.reset_parameters: kaiming_uniform_(a=sqrt(5)); bias_uniform_bound=1/sqrt(fan_in),0.5773502691896257,1.362180416006595
asymmetric_tube,True,0.0,1.0,1.0,0.1,0.35,0.1,0.35,"(1.0, 0.0, 0.0)","(0.0, 0.0, 0.0)",1000,gelu,False,8,3,6,30006,40006,False,0.986,0.984,False,False,2000,0.01,torch.nn.Linear.reset_parameters: kaiming_uniform_(a=sqrt(5)); bias_uniform_bound=1/sqrt(fan_in),0.5773502691896257,1.386996291927062
asymmetric_tube,True,0.0,1.0,1.0,0.1,0.35,0.1,0.35,"(1.0, 0.0, 0.0)","(0.0, 0.0, 0.0)",1000,gelu,False,8,3,7,30007,40007,False,0.9765,0.972,False,False,2000,0.01,torch.nn.Linear.reset_parameters: kaiming_uniform_(a=sqrt(5)); bias_uniform_bound=1/sqrt(fan_in),0.5773502691896257,1.5170465830015019
asymmetric_tube,True,0.0,1.0,1.0,0.1,0.35,0.1,0.35,"(1.0, 0.0, 0.0)","(0.0, 0.0, 0.0)",1000,gelu,False,8,3,8,30008,40008,False,0.9765,0.9745,False,False,2000,0.01,torch.nn.Linear.reset_parameters: kaiming_uniform_(a=sqrt(5)); bias_uniform_bound=1/sqrt(fan_in),0.5773502691896257,1.384989499929361
asymmetric_tube,True,0.0,1.0,1.0,0.1,0.35,0.1,0.35,"(1.0, 0.0, 0.0)","(0.0, 0.0, 0.0)",1000,gelu,False,8,3,9,30009,40009,False,0.967,0.9695,False,False,2000,0.01,torch.nn.Linear.reset_parameters: kaiming_uniform_(a=sqrt(5)); bias_uniform_bound=1/sqrt(fan_in),0.5773502691896257,1.3653766659554094
asymmetric_tube,True,0.0,1.0,1.0,0.1,0.35,0.1,0.35,"(1.0, 0.0, 0.0)","(0.0, 0.0, 0.0)",1000,gelu,False,8,4,0,30000,40000,True,1.0,1.0,True,False,2000,0.01,torch.nn.Linear.reset_parameters: kaiming_uniform_(a=sqrt(5)); bias_uniform_bound=1/sqrt(fan_in),0.5773502691896257,1.3267612910130993
asymmetric_tube,True,0.0,1.0,1.0,0.1,0.35,0.1,0.35,"(1.0, 0.0, 0.0)","(0.0, 0.0, 0.0)",1000,gelu,False,8,4,1,30001,40001,True,1.0,1.0,True,False,2000,0.01,torch.nn.Linear.reset_parameters: kaiming_uniform_(a=sqrt(5)); bias_uniform_bound=1/sqrt(fan_in),0.5773502691896257,1.3180008330382407
asymmetric_tube,True,0.0,1.0,1.0,0.1,0.35,0.1,0.35,"(1.0, 0.0, 0.0)","(0.0, 0.0, 0.0)",1000,gelu,False,8,4,2,30002,40002,False,0.973,0.97,False,False,2000,0.01,torch.nn.Linear.reset_parameters: kaiming_uniform_(a=sqrt(5)); bias_uniform_bound=1/sqrt(fan_in),0.5773502691896257,1.3308800839586183
asymmetric_tube,True,0.0,1.0,1.0,0.1,0.35,0.1,0.35,"(1.0, 0.0, 0.0)","(0.0, 0.0, 0.0)",1000,gelu,False,8,4,3,30003,40003,True,1.0,0.9965,False,False,2000,0.01,torch.nn.Linear.reset_parameters: kaiming_uniform_(a=sqrt(5)); bias_uniform_bound=1/sqrt(fan_in),0.5773502691896257,1.3201221670024097
asymmetric_tube,True,0.0,1.0,1.0,0.1,0.35,0.1,0.35,"(1.0, 0.0, 0.0)","(0.0, 0.0, 0.0)",1000,gelu,False,8,4,4,30004,40004,True,1.0,1.0,True,False,2000,0.01,torch.nn.Linear.reset_parameters: kaiming_uniform_(a=sqrt(5)); bias_uniform_bound=1/sqrt(fan_in),0.5773502691896257,1.3344032920431346
asymmetric_tube,True,0.0,1.0,1.0,0.1,0.35,0.1,0.35,"(1.0, 0.0, 0.0)","(0.0, 0.0, 0.0)",1000,gelu,False,8,4,5,30005,40005,True,1.0,1.0,True,False,2000,0.01,torch.nn.Linear.reset_parameters: kaiming_uniform_(a=sqrt(5)); bias_uniform_bound=1/sqrt(fan_in),0.5773502691896257,1.3414793340489268
asymmetric_tube,True,0.0,1.0,1.0,0.1,0.35,0.1,0.35,"(1.0, 0.0, 0.0)","(0.0, 0.0, 0.0)",1000,gelu,False,8,4,6,30006,40006,True,1.0,0.9995,False,False,2000,0.01,torch.nn.Linear.reset_parameters: kaiming_uniform_(a=sqrt(5)); bias_uniform_bound=1/sqrt(fan_in),0.5773502691896257,1.3163689579814672
asymmetric_tube,True,0.0,1.0,1.0,0.1,0.35,0.1,0.35,"(1.0, 0.0, 0.0)","(0.0, 0.0, 0.0)",1000,gelu,False,8,4,7,30007,40007,True,1.0,1.0,True,False,2000,0.01,torch.nn.Linear.reset_parameters: kaiming_uniform_(a=sqrt(5)); bias_uniform_bound=1/sqrt(fan_in),0.5773502691896257,1.3463432500138879
asymmetric_tube,True,0.0,1.0,1.0,0.1,0.35,0.1,0.35,"(1.0, 0.0, 0.0)","(0.0, 0.0, 0.0)",1000,gelu,False,8,4,8,30008,40008,True,1.0,1.0,True,False,2000,0.01,torch.nn.Linear.reset_parameters: kaiming_uniform_(a=sqrt(5)); bias_uniform_bound=1/sqrt(fan_in),0.5773502691896257,1.3238277080236003
asymmetric_tube,True,0.0,1.0,1.0,0.1,0.35,0.1,0.35,"(1.0, 0.0, 0.0)","(0.0, 0.0, 0.0)",1000,gelu,False,8,4,9,30009,40009,True,1.0,1.0,True,False,2000,0.01,torch.nn.Linear.reset_parameters: kaiming_uniform_(a=sqrt(5)); bias_uniform_bound=1/sqrt(fan_in),0.5773502691896257,1.3192599170142785
asymmetric_tube,True,0.0,1.0,1.0,0.1,0.35,0.1,0.35,"(1.0, 0.0, 0.0)","(0.0, 0.0, 0.0)",1000,gelu,False,12,3,0,30000,40000,False,0.9715,0.972,False,False,2000,0.01,torch.nn.Linear.reset_parameters: kaiming_uniform_(a=sqrt(5)); bias_uniform_bound=1/sqrt(fan_in),0.5773502691896257,2.0213445000117645
asymmetric_tube,True,0.0,1.0,1.0,0.1,0.35,0.1,0.35,"(1.0, 0.0, 0.0)","(0.0, 0.0, 0.0)",1000,gelu,False,12,3,1,30001,40001,False,0.98,0.9695,False,False,2000,0.01,torch.nn.Linear.reset_parameters: kaiming_uniform_(a=sqrt(5)); bias_uniform_bound=1/sqrt(fan_in),0.5773502691896257,1.9486192089971155
asymmetric_tube,True,0.0,1.0,1.0,0.1,0.35,0.1,0.35,"(1.0, 0.0, 0.0)","(0.0, 0.0, 0.0)",1000,gelu,False,12,3,2,30002,40002,False,0.981,0.978,False,False,2000,0.01,torch.nn.Linear.reset_parameters: kaiming_uniform_(a=sqrt(5)); bias_uniform_bound=1/sqrt(fan_in),0.5773502691896257,1.9470025829505175
asymmetric_tube,True,0.0,1.0,1.0,0.1,0.35,0.1,0.35,"(1.0, 0.0, 0.0)","(0.0, 0.0, 0.0)",1000,gelu,False,12,3,3,30003,40003,True,1.0,0.9985,False,False,2000,0.01,torch.nn.Linear.reset_parameters: kaiming_uniform_(a=sqrt(5)); bias_uniform_bound=1/sqrt(fan_in),0.5773502691896257,1.956084124976769
asymmetric_tube,True,0.0,1.0,1.0,0.1,0.35,0.1,0.35,"(1.0, 0.0, 0.0)","(0.0, 0.0, 0.0)",1000,gelu,False,12,3,4,30004,40004,False,0.9915,0.987,False,False,2000,0.01,torch.nn.Linear.reset_parameters: kaiming_uniform_(a=sqrt(5)); bias_uniform_bound=1/sqrt(fan_in),0.5773502691896257,2.0384274170501158
asymmetric_tube,True,0.0,1.0,1.0,0.1,0.35,0.1,0.35,"(1.0, 0.0, 0.0)","(0.0, 0.0, 0.0)",1000,gelu,False,12,3,5,30005,40005,False,0.962,0.949,False,False,2000,0.01,torch.nn.Linear.reset_parameters: kaiming_uniform_(a=sqrt(5)); bias_uniform_bound=1/sqrt(fan_in),0.5773502691896257,1.9545332910493016
asymmetric_tube,True,0.0,1.0,1.0,0.1,0.35,0.1,0.35,"(1.0, 0.0, 0.0)","(0.0, 0.0, 0.0)",1000,gelu,False,12,3,6,30006,40006,False,0.9835,0.981,False,False,2000,0.01,torch.nn.Linear.reset_parameters: kaiming_uniform_(a=sqrt(5)); bias_uniform_bound=1/sqrt(fan_in),0.5773502691896257,2.0420972499996424
asymmetric_tube,True,0.0,1.0,1.0,0.1,0.35,0.1,0.35,"(1.0, 0.0, 0.0)","(0.0, 0.0, 0.0)",1000,gelu,False,12,3,7,30007,40007,False,0.9625,0.9485,False,False,2000,0.01,torch.nn.Linear.reset_parameters: kaiming_uniform_(a=sqrt(5)); bias_uniform_bound=1/sqrt(fan_in),0.5773502691896257,1.9514290420338511
asymmetric_tube,True,0.0,1.0,1.0,0.1,0.35,0.1,0.35,"(1.0, 0.0, 0.0)","(0.0, 0.0, 0.0)",1000,gelu,False,12,3,8,30008,40008,False,0.9775,0.9735,False,False,2000,0.01,torch.nn.Linear.reset_parameters: kaiming_uniform_(a=sqrt(5)); bias_uniform_bound=1/sqrt(fan_in),0.5773502691896257,1.9173777919495478
asymmetric_tube,True,0.0,1.0,1.0,0.1,0.35,0.1,0.35,"(1.0, 0.0, 0.0)","(0.0, 0.0, 0.0)",1000,gelu,False,12,3,9,30009,40009,False,0.9735,0.9695,False,False,2000,0.01,torch.nn.Linear.reset_parameters: kaiming_uniform_(a=sqrt(5)); bias_uniform_bound=1/sqrt(fan_in),0.5773502691896257,2.0030524999601766
asymmetric_tube,True,0.0,1.0,1.0,0.1,0.35,0.1,0.35,"(1.0, 0.0, 0.0)","(0.0, 0.0, 0.0)",1000,gelu,False,12,4,0,30000,40000,True,1.0,0.999,False,False,2000,0.01,torch.nn.Linear.reset_parameters: kaiming_uniform_(a=sqrt(5)); bias_uniform_bound=1/sqrt(fan_in),0.5773502691896257,1.8423372090328485
asymmetric_tube,True,0.0,1.0,1.0,0.1,0.35,0.1,0.35,"(1.0, 0.0, 0.0)","(0.0, 0.0, 0.0)",1000,gelu,False,12,4,1,30001,40001,False,0.9785,0.9725,False,False,2000,0.01,torch.nn.Linear.reset_parameters: kaiming_uniform_(a=sqrt(5)); bias_uniform_bound=1/sqrt(fan_in),0.5773502691896257,1.8842201670631766
asymmetric_tube,True,0.0,1.0,1.0,0.1,0.35,0.1,0.35,"(1.0, 0.0, 0.0)","(0.0, 0.0, 0.0)",1000,gelu,False,12,4,2,30002,40002,False,0.5,0.5,False,True,2000,0.01,torch.nn.Linear.reset_parameters: kaiming_uniform_(a=sqrt(5)); bias_uniform_bound=1/sqrt(fan_in),0.5773502691896257,1.866623583016917
asymmetric_tube,True,0.0,1.0,1.0,0.1,0.35,0.1,0.35,"(1.0, 0.0, 0.0)","(0.0, 0.0, 0.0)",1000,gelu,False,12,4,3,30003,40003,True,1.0,1.0,True,False,2000,0.01,torch.nn.Linear.reset_parameters: kaiming_uniform_(a=sqrt(5)); bias_uniform_bound=1/sqrt(fan_in),0.5773502691896257,1.8507862500846386
asymmetric_tube,True,0.0,1.0,1.0,0.1,0.35,0.1,0.35,"(1.0, 0.0, 0.0)","(0.0, 0.0, 0.0)",1000,gelu,False,12,4,4,30004,40004,True,1.0,1.0,True,False,2000,0.01,torch.nn.Linear.reset_parameters: kaiming_uniform_(a=sqrt(5)); bias_uniform_bound=1/sqrt(fan_in),0.5773502691896257,1.8846692501101643
asymmetric_tube,True,0.0,1.0,1.0,0.1,0.35,0.1,0.35,"(1.0, 0.0, 0.0)","(0.0, 0.0, 0.0)",1000,gelu,False,12,4,5,30005,40005,True,1.0,1.0,True,False,2000,0.01,torch.nn.Linear.reset_parameters: kaiming_uniform_(a=sqrt(5)); bias_uniform_bound=1/sqrt(fan_in),0.5773502691896257,1.8582949999254197
asymmetric_tube,True,0.0,1.0,1.0,0.1,0.35,0.1,0.35,"(1.0, 0.0, 0.0)","(0.0, 0.0, 0.0)",1000,gelu,False,12,4,6,30006,40006,True,1.0,1.0,True,False,2000,0.01,torch.nn.Linear.reset_parameters: kaiming_uniform_(a=sqrt(5)); bias_uniform_bound=1/sqrt(fan_in),0.5773502691896257,1.8504020409891382
asymmetric_tube,True,0.0,1.0,1.0,0.1,0.35,0.1,0.35,"(1.0, 0.0, 0.0)","(0.0, 0.0, 0.0)",1000,gelu,False,12,4,7,30007,40007,True,1.0,1.0,True,False,2000,0.01,torch.nn.Linear.reset_parameters: kaiming_uniform_(a=sqrt(5)); bias_uniform_bound=1/sqrt(fan_in),0.5773502691896257,1.850816790945828
asymmetric_tube,True,0.0,1.0,1.0,0.1,0.35,0.1,0.35,"(1.0, 0.0, 0.0)","(0.0, 0.0, 0.0)",1000,gelu,False,12,4,8,30008,40008,True,1.0,1.0,True,False,2000,0.01,torch.nn.Linear.reset_parameters: kaiming_uniform_(a=sqrt(5)); bias_uniform_bound=1/sqrt(fan_in),0.5773502691896257,1.8499830840155482
asymmetric_tube,True,0.0,1.0,1.0,0.1,0.35,0.1,0.35,"(1.0, 0.0, 0.0)","(0.0, 0.0, 0.0)",1000,gelu,False,12,4,9,30009,40009,True,1.0,1.0,True,False,2000,0.01,torch.nn.Linear.reset_parameters: kaiming_uniform_(a=sqrt(5)); bias_uniform_bound=1/sqrt(fan_in),0.5773502691896257,1.827678041998297
asymmetric_both,True,0.0,1.0,1.6,0.1,0.35,0.1,0.21874999999999997,"(1.6, 0.0, 0.0)","(0.0, 0.0, 0.0)",1000,tanh,True,3,3,0,30000,40000,False,0.987,0.986,False,False,2000,0.01,torch.nn.Linear.reset_parameters: kaiming_uniform_(a=sqrt(5)); bias_uniform_bound=1/sqrt(fan_in),0.5773502691896257,0.6616318749729544
asymmetric_both,True,0.0,1.0,1.6,0.1,0.35,0.1,0.21874999999999997,"(1.6, 0.0, 0.0)","(0.0, 0.0, 0.0)",1000,tanh,True,3,3,1,30001,40001,False,0.9865,0.987,False,False,2000,0.01,torch.nn.Linear.reset_parameters: kaiming_uniform_(a=sqrt(5)); bias_uniform_bound=1/sqrt(fan_in),0.5773502691896257,0.6595388329587877
asymmetric_both,True,0.0,1.0,1.6,0.1,0.35,0.1,0.21874999999999997,"(1.6, 0.0, 0.0)","(0.0, 0.0, 0.0)",1000,tanh,True,3,3,2,30002,40002,False,0.9825,0.976,False,False,2000,0.01,torch.nn.Linear.reset_parameters: kaiming_uniform_(a=sqrt(5)); bias_uniform_bound=1/sqrt(fan_in),0.5773502691896257,0.6597707089968026
asymmetric_both,True,0.0,1.0,1.6,0.1,0.35,0.1,0.21874999999999997,"(1.6, 0.0, 0.0)","(0.0, 0.0, 0.0)",1000,tanh,True,3,3,3,30003,40003,False,0.9905,0.9855,False,False,2000,0.01,torch.nn.Linear.reset_parameters: kaiming_uniform_(a=sqrt(5)); bias_uniform_bound=1/sqrt(fan_in),0.5773502691896257,0.6597856659209356
asymmetric_both,True,0.0,1.0,1.6,0.1,0.35,0.1,0.21874999999999997,"(1.6, 0.0, 0.0)","(0.0, 0.0, 0.0)",1000,tanh,True,3,3,4,30004,40004,False,0.9915,0.9895,False,False,2000,0.01,torch.nn.Linear.reset_parameters: kaiming_uniform_(a=sqrt(5)); bias_uniform_bound=1/sqrt(fan_in),0.5773502691896257,0.6562957090791315
asymmetric_both,True,0.0,1.0,1.6,0.1,0.35,0.1,0.21874999999999997,"(1.6, 0.0, 0.0)","(0.0, 0.0, 0.0)",1000,tanh,True,3,3,5,30005,40005,False,0.993,0.987,False,False,2000,0.01,torch.nn.Linear.reset_parameters: kaiming_uniform_(a=sqrt(5)); bias_uniform_bound=1/sqrt(fan_in),0.5773502691896257,0.6599057089770213
asymmetric_both,True,0.0,1.0,1.6,0.1,0.35,0.1,0.21874999999999997,"(1.6, 0.0, 0.0)","(0.0, 0.0, 0.0)",1000,tanh,True,3,3,6,30006,40006,False,0.99,0.9905,False,False,2000,0.01,torch.nn.Linear.reset_parameters: kaiming_uniform_(a=sqrt(5)); bias_uniform_bound=1/sqrt(fan_in),0.5773502691896257,0.6604168340563774
asymmetric_both,True,0.0,1.0,1.6,0.1,0.35,0.1,0.21874999999999997,"(1.6, 0.0, 0.0)","(0.0, 0.0, 0.0)",1000,tanh,True,3,3,7,30007,40007,False,0.9855,0.984,False,False,2000,0.01,torch.nn.Linear.reset_parameters: kaiming_uniform_(a=sqrt(5)); bias_uniform_bound=1/sqrt(fan_in),0.5773502691896257,0.7352026249282062
asymmetric_both,True,0.0,1.0,1.6,0.1,0.35,0.1,0.21874999999999997,"(1.6, 0.0, 0.0)","(0.0, 0.0, 0.0)",1000,tanh,True,3,3,8,30008,40008,False,0.983,0.9865,False,False,2000,0.01,torch.nn.Linear.reset_parameters: kaiming_uniform_(a=sqrt(5)); bias_uniform_bound=1/sqrt(fan_in),0.5773502691896257,0.6601989580085501
asymmetric_both,True,0.0,1.0,1.6,0.1,0.35,0.1,0.21874999999999997,"(1.6, 0.0, 0.0)","(0.0, 0.0, 0.0)",1000,tanh,True,3,3,9,30009,40009,False,0.987,0.9825,False,False,2000,0.01,torch.nn.Linear.reset_parameters: kaiming_uniform_(a=sqrt(5)); bias_uniform_bound=1/sqrt(fan_in),0.5773502691896257,0.6628154589561746
asymmetric_both,True,0.0,1.0,1.6,0.1,0.35,0.1,0.21874999999999997,"(1.6, 0.0, 0.0)","(0.0, 0.0, 0.0)",1000,tanh,True,3,4,0,30000,40000,True,1.0,1.0,True,False,2000,0.01,torch.nn.Linear.reset_parameters: kaiming_uniform_(a=sqrt(5)); bias_uniform_bound=1/sqrt(fan_in),0.5773502691896257,0.6424517499981448
asymmetric_both,True,0.0,1.0,1.6,0.1,0.35,0.1,0.21874999999999997,"(1.6, 0.0, 0.0)","(0.0, 0.0, 0.0)",1000,tanh,True,3,4,1,30001,40001,True,1.0,1.0,True,False,2000,0.01,torch.nn.Linear.reset_parameters: kaiming_uniform_(a=sqrt(5)); bias_uniform_bound=1/sqrt(fan_in),0.5773502691896257,0.6446674580220133
asymmetric_both,True,0.0,1.0,1.6,0.1,0.35,0.1,0.21874999999999997,"(1.6, 0.0, 0.0)","(0.0, 0.0, 0.0)",1000,tanh,True,3,4,2,30002,40002,False,0.9885,0.983,False,False,2000,0.01,torch.nn.Linear.reset_parameters: kaiming_uniform_(a=sqrt(5)); bias_uniform_bound=1/sqrt(fan_in),0.5773502691896257,0.6445787920383736
asymmetric_both,True,0.0,1.0,1.6,0.1,0.35,0.1,0.21874999999999997,"(1.6, 0.0, 0.0)","(0.0, 0.0, 0.0)",1000,tanh,True,3,4,3,30003,40003,False,0.9905,0.9855,False,False,2000,0.01,torch.nn.Linear.reset_parameters: kaiming_uniform_(a=sqrt(5)); bias_uniform_bound=1/sqrt(fan_in),0.5773502691896257,0.641723542008549
asymmetric_both,True,0.0,1.0,1.6,0.1,0.35,0.1,0.21874999999999997,"(1.6, 0.0, 0.0)","(0.0, 0.0, 0.0)",1000,tanh,True,3,4,4,30004,40004,True,1.0,1.0,True,False,2000,0.01,torch.nn.Linear.reset_parameters: kaiming_uniform_(a=sqrt(5)); bias_uniform_bound=1/sqrt(fan_in),0.5773502691896257,0.6435049169231206
asymmetric_both,True,0.0,1.0,1.6,0.1,0.35,0.1,0.21874999999999997,"(1.6, 0.0, 0.0)","(0.0, 0.0, 0.0)",1000,tanh,True,3,4,5,30005,40005,True,1.0,1.0,True,False,2000,0.01,torch.nn.Linear.reset_parameters: kaiming_uniform_(a=sqrt(5)); bias_uniform_bound=1/sqrt(fan_in),0.5773502691896257,0.6439023340353742
asymmetric_both,True,0.0,1.0,1.6,0.1,0.35,0.1,0.21874999999999997,"(1.6, 0.0, 0.0)","(0.0, 0.0, 0.0)",1000,tanh,True,3,4,6,30006,40006,True,1.0,1.0,True,False,2000,0.01,torch.nn.Linear.reset_parameters: kaiming_uniform_(a=sqrt(5)); bias_uniform_bound=1/sqrt(fan_in),0.5773502691896257,0.6439357920316979
asymmetric_both,True,0.0,1.0,1.6,0.1,0.35,0.1,0.21874999999999997,"(1.6, 0.0, 0.0)","(0.0, 0.0, 0.0)",1000,tanh,True,3,4,7,30007,40007,False,0.991,0.9875,False,False,2000,0.01,torch.nn.Linear.reset_parameters: kaiming_uniform_(a=sqrt(5)); bias_uniform_bound=1/sqrt(fan_in),0.5773502691896257,0.6425403750035912
asymmetric_both,True,0.0,1.0,1.6,0.1,0.35,0.1,0.21874999999999997,"(1.6, 0.0, 0.0)","(0.0, 0.0, 0.0)",1000,tanh,True,3,4,8,30008,40008,False,0.988,0.9925,False,False,2000,0.01,torch.nn.Linear.reset_parameters: kaiming_uniform_(a=sqrt(5)); bias_uniform_bound=1/sqrt(fan_in),0.5773502691896257,0.642590667004697
asymmetric_both,True,0.0,1.0,1.6,0.1,0.35,0.1,0.21874999999999997,"(1.6, 0.0, 0.0)","(0.0, 0.0, 0.0)",1000,tanh,True,3,4,9,30009,40009,True,1.0,1.0,True,False,2000,0.01,torch.nn.Linear.reset_parameters: kaiming_uniform_(a=sqrt(5)); bias_uniform_bound=1/sqrt(fan_in),0.5773502691896257,0.6423018330242485
asymmetric_both,True,0.0,1.0,1.6,0.1,0.35,0.1,0.21874999999999997,"(1.6, 0.0, 0.0)","(0.0, 0.0, 0.0)",1000,tanh,True,5,3,0,30000,40000,False,0.9855,0.985,False,False,2000,0.01,torch.nn.Linear.reset_parameters: kaiming_uniform_(a=sqrt(5)); bias_uniform_bound=1/sqrt(fan_in),0.5773502691896257,0.9466140000149608
asymmetric_both,True,0.0,1.0,1.6,0.1,0.35,0.1,0.21874999999999997,"(1.6, 0.0, 0.0)","(0.0, 0.0, 0.0)",1000,tanh,True,5,3,1,30001,40001,False,0.9795,0.982,False,False,2000,0.01,torch.nn.Linear.reset_parameters: kaiming_uniform_(a=sqrt(5)); bias_uniform_bound=1/sqrt(fan_in),0.5773502691896257,0.953340791980736
asymmetric_both,True,0.0,1.0,1.6,0.1,0.35,0.1,0.21874999999999997,"(1.6, 0.0, 0.0)","(0.0, 0.0, 0.0)",1000,tanh,True,5,3,2,30002,40002,False,0.985,0.9775,False,False,2000,0.01,torch.nn.Linear.reset_parameters: kaiming_uniform_(a=sqrt(5)); bias_uniform_bound=1/sqrt(fan_in),0.5773502691896257,0.9469326660037041
asymmetric_both,True,0.0,1.0,1.6,0.1,0.35,0.1,0.21874999999999997,"(1.6, 0.0, 0.0)","(0.0, 0.0, 0.0)",1000,tanh,True,5,3,3,30003,40003,False,0.9915,0.987,False,False,2000,0.01,torch.nn.Linear.reset_parameters: kaiming_uniform_(a=sqrt(5)); bias_uniform_bound=1/sqrt(fan_in),0.5773502691896257,0.9467432500096038
asymmetric_both,True,0.0,1.0,1.6,0.1,0.35,0.1,0.21874999999999997,"(1.6, 0.0, 0.0)","(0.0, 0.0, 0.0)",1000,tanh,True,5,3,4,30004,40004,False,0.9935,0.992,False,False,2000,0.01,torch.nn.Linear.reset_parameters: kaiming_uniform_(a=sqrt(5)); bias_uniform_bound=1/sqrt(fan_in),0.5773502691896257,0.9436696670018137
asymmetric_both,True,0.0,1.0,1.6,0.1,0.35,0.1,0.21874999999999997,"(1.6, 0.0, 0.0)","(0.0, 0.0, 0.0)",1000,tanh,True,5,3,5,30005,40005,False,0.989,0.9865,False,False,2000,0.01,torch.nn.Linear.reset_parameters: kaiming_uniform_(a=sqrt(5)); bias_uniform_bound=1/sqrt(fan_in),0.5773502691896257,0.9437303750310093
asymmetric_both,True,0.0,1.0,1.6,0.1,0.35,0.1,0.21874999999999997,"(1.6, 0.0, 0.0)","(0.0, 0.0, 0.0)",1000,tanh,True,5,3,6,30006,40006,False,0.988,0.9875,False,False,2000,0.01,torch.nn.Linear.reset_parameters: kaiming_uniform_(a=sqrt(5)); bias_uniform_bound=1/sqrt(fan_in),0.5773502691896257,0.9449739999836311
asymmetric_both,True,0.0,1.0,1.6,0.1,0.35,0.1,0.21874999999999997,"(1.6, 0.0, 0.0)","(0.0, 0.0, 0.0)",1000,tanh,True,5,3,7,30007,40007,False,0.986,0.985,False,False,2000,0.01,torch.nn.Linear.reset_parameters: kaiming_uniform_(a=sqrt(5)); bias_uniform_bound=1/sqrt(fan_in),0.5773502691896257,0.9460194170242175
asymmetric_both,True,0.0,1.0,1.6,0.1,0.35,0.1,0.21874999999999997,"(1.6, 0.0, 0.0)","(0.0, 0.0, 0.0)",1000,tanh,True,5,3,8,30008,40008,False,0.988,0.9915,False,False,2000,0.01,torch.nn.Linear.reset_parameters: kaiming_uniform_(a=sqrt(5)); bias_uniform_bound=1/sqrt(fan_in),0.5773502691896257,0.949837707914412
asymmetric_both,True,0.0,1.0,1.6,0.1,0.35,0.1,0.21874999999999997,"(1.6, 0.0, 0.0)","(0.0, 0.0, 0.0)",1000,tanh,True,5,3,9,30009,40009,False,0.988,0.985,False,False,2000,0.01,torch.nn.Linear.reset_parameters: kaiming_uniform_(a=sqrt(5)); bias_uniform_bound=1/sqrt(fan_in),0.5773502691896257,0.9448416670784354
asymmetric_both,True,0.0,1.0,1.6,0.1,0.35,0.1,0.21874999999999997,"(1.6, 0.0, 0.0)","(0.0, 0.0, 0.0)",1000,tanh,True,5,4,0,30000,40000,False,0.987,0.986,False,False,2000,0.01,torch.nn.Linear.reset_parameters: kaiming_uniform_(a=sqrt(5)); bias_uniform_bound=1/sqrt(fan_in),0.5773502691896257,0.9194953340338543
asymmetric_both,True,0.0,1.0,1.6,0.1,0.35,0.1,0.21874999999999997,"(1.6, 0.0, 0.0)","(0.0, 0.0, 0.0)",1000,tanh,True,5,4,1,30001,40001,False,0.988,0.9845,False,False,2000,0.01,torch.nn.Linear.reset_parameters: kaiming_uniform_(a=sqrt(5)); bias_uniform_bound=1/sqrt(fan_in),0.5773502691896257,0.9209244579542428
asymmetric_both,True,0.0,1.0,1.6,0.1,0.35,0.1,0.21874999999999997,"(1.6, 0.0, 0.0)","(0.0, 0.0, 0.0)",1000,tanh,True,5,4,2,30002,40002,False,0.987,0.98,False,False,2000,0.01,torch.nn.Linear.reset_parameters: kaiming_uniform_(a=sqrt(5)); bias_uniform_bound=1/sqrt(fan_in),0.5773502691896257,0.9215723749948665
asymmetric_both,True,0.0,1.0,1.6,0.1,0.35,0.1,0.21874999999999997,"(1.6, 0.0, 0.0)","(0.0, 0.0, 0.0)",1000,tanh,True,5,4,3,30003,40003,False,0.992,0.99,False,False,2000,0.01,torch.nn.Linear.reset_parameters: kaiming_uniform_(a=sqrt(5)); bias_uniform_bound=1/sqrt(fan_in),0.5773502691896257,0.9240567920496687
asymmetric_both,True,0.0,1.0,1.6,0.1,0.35,0.1,0.21874999999999997,"(1.6, 0.0, 0.0)","(0.0, 0.0, 0.0)",1000,tanh,True,5,4,4,30004,40004,True,1.0,1.0,True,False,2000,0.01,torch.nn.Linear.reset_parameters: kaiming_uniform_(a=sqrt(5)); bias_uniform_bound=1/sqrt(fan_in),0.5773502691896257,0.9274200410582125
asymmetric_both,True,0.0,1.0,1.6,0.1,0.35,0.1,0.21874999999999997,"(1.6, 0.0, 0.0)","(0.0, 0.0, 0.0)",1000,tanh,True,5,4,5,30005,40005,False,0.991,0.989,False,False,2000,0.01,torch.nn.Linear.reset_parameters: kaiming_uniform_(a=sqrt(5)); bias_uniform_bound=1/sqrt(fan_in),0.5773502691896257,0.9230570829240605
asymmetric_both,True,0.0,1.0,1.6,0.1,0.35,0.1,0.21874999999999997,"(1.6, 0.0, 0.0)","(0.0, 0.0, 0.0)",1000,tanh,True,5,4,6,30006,40006,True,1.0,0.9995,False,False,2000,0.01,torch.nn.Linear.reset_parameters: kaiming_uniform_(a=sqrt(5)); bias_uniform_bound=1/sqrt(fan_in),0.5773502691896257,0.9280625829705968
asymmetric_both,True,0.0,1.0,1.6,0.1,0.35,0.1,0.21874999999999997,"(1.6, 0.0, 0.0)","(0.0, 0.0, 0.0)",1000,tanh,True,5,4,7,30007,40007,False,0.993,0.986,False,False,2000,0.01,torch.nn.Linear.reset_parameters: kaiming_uniform_(a=sqrt(5)); bias_uniform_bound=1/sqrt(fan_in),0.5773502691896257,0.9234980830224231
asymmetric_both,True,0.0,1.0,1.6,0.1,0.35,0.1,0.21874999999999997,"(1.6, 0.0, 0.0)","(0.0, 0.0, 0.0)",1000,tanh,True,5,4,8,30008,40008,True,1.0,1.0,True,False,2000,0.01,torch.nn.Linear.reset_parameters: kaiming_uniform_(a=sqrt(5)); bias_uniform_bound=1/sqrt(fan_in),0.5773502691896257,0.9202888750005513
asymmetric_both,True,0.0,1.0,1.6,0.1,0.35,0.1,0.21874999999999997,"(1.6, 0.0, 0.0)","(0.0, 0.0, 0.0)",1000,tanh,True,5,4,9,30009,40009,True,1.0,1.0,True,False,2000,0.01,torch.nn.Linear.reset_parameters: kaiming_uniform_(a=sqrt(5)); bias_uniform_bound=1/sqrt(fan_in),0.5773502691896257,0.9198389579541981
asymmetric_both,True,0.0,1.0,1.6,0.1,0.35,0.1,0.21874999999999997,"(1.6, 0.0, 0.0)","(0.0, 0.0, 0.0)",1000,tanh,True,8,3,0,30000,40000,False,0.988,0.99,False,False,2000,0.01,torch.nn.Linear.reset_parameters: kaiming_uniform_(a=sqrt(5)); bias_uniform_bound=1/sqrt(fan_in),0.5773502691896257,1.3749834159389138
asymmetric_both,True,0.0,1.0,1.6,0.1,0.35,0.1,0.21874999999999997,"(1.6, 0.0, 0.0)","(0.0, 0.0, 0.0)",1000,tanh,True,8,3,1,30001,40001,False,0.8155,0.804,False,False,2000,0.01,torch.nn.Linear.reset_parameters: kaiming_uniform_(a=sqrt(5)); bias_uniform_bound=1/sqrt(fan_in),0.5773502691896257,1.3799551249248907
asymmetric_both,True,0.0,1.0,1.6,0.1,0.35,0.1,0.21874999999999997,"(1.6, 0.0, 0.0)","(0.0, 0.0, 0.0)",1000,tanh,True,8,3,2,30002,40002,False,0.985,0.9815,False,False,2000,0.01,torch.nn.Linear.reset_parameters: kaiming_uniform_(a=sqrt(5)); bias_uniform_bound=1/sqrt(fan_in),0.5773502691896257,1.3686836661072448
asymmetric_both,True,0.0,1.0,1.6,0.1,0.35,0.1,0.21874999999999997,"(1.6, 0.0, 0.0)","(0.0, 0.0, 0.0)",1000,tanh,True,8,3,3,30003,40003,False,0.8035,0.8105,False,False,2000,0.01,torch.nn.Linear.reset_parameters: kaiming_uniform_(a=sqrt(5)); bias_uniform_bound=1/sqrt(fan_in),0.5773502691896257,1.3674717919202521
asymmetric_both,True,0.0,1.0,1.6,0.1,0.35,0.1,0.21874999999999997,"(1.6, 0.0, 0.0)","(0.0, 0.0, 0.0)",1000,tanh,True,8,3,4,30004,40004,False,0.9925,0.989,False,False,2000,0.01,torch.nn.Linear.reset_parameters: kaiming_uniform_(a=sqrt(5)); bias_uniform_bound=1/sqrt(fan_in),0.5773502691896257,1.3701642090454698
asymmetric_both,True,0.0,1.0,1.6,0.1,0.35,0.1,0.21874999999999997,"(1.6, 0.0, 0.0)","(0.0, 0.0, 0.0)",1000,tanh,True,8,3,5,30005,40005,False,0.979,0.9775,False,False,2000,0.01,torch.nn.Linear.reset_parameters: kaiming_uniform_(a=sqrt(5)); bias_uniform_bound=1/sqrt(fan_in),0.5773502691896257,1.3679272080771625
asymmetric_both,True,0.0,1.0,1.6,0.1,0.35,0.1,0.21874999999999997,"(1.6, 0.0, 0.0)","(0.0, 0.0, 0.0)",1000,tanh,True,8,3,6,30006,40006,False,0.9895,0.9885,False,False,2000,0.01,torch.nn.Linear.reset_parameters: kaiming_uniform_(a=sqrt(5)); bias_uniform_bound=1/sqrt(fan_in),0.5773502691896257,1.374828000087291
asymmetric_both,True,0.0,1.0,1.6,0.1,0.35,0.1,0.21874999999999997,"(1.6, 0.0, 0.0)","(0.0, 0.0, 0.0)",1000,tanh,True,8,3,7,30007,40007,False,0.986,0.983,False,False,2000,0.01,torch.nn.Linear.reset_parameters: kaiming_uniform_(a=sqrt(5)); bias_uniform_bound=1/sqrt(fan_in),0.5773502691896257,1.3821800419827923
asymmetric_both,True,0.0,1.0,1.6,0.1,0.35,0.1,0.21874999999999997,"(1.6, 0.0, 0.0)","(0.0, 0.0, 0.0)",1000,tanh,True,8,3,8,30008,40008,False,0.9845,0.9875,False,False,2000,0.01,torch.nn.Linear.reset_parameters: kaiming_uniform_(a=sqrt(5)); bias_uniform_bound=1/sqrt(fan_in),0.5773502691896257,1.3720578339416534
asymmetric_both,True,0.0,1.0,1.6,0.1,0.35,0.1,0.21874999999999997,"(1.6, 0.0, 0.0)","(0.0, 0.0, 0.0)",1000,tanh,True,8,3,9,30009,40009,False,0.9835,0.9705,False,False,2000,0.01,torch.nn.Linear.reset_parameters: kaiming_uniform_(a=sqrt(5)); bias_uniform_bound=1/sqrt(fan_in),0.5773502691896257,1.3725834160577506
asymmetric_both,True,0.0,1.0,1.6,0.1,0.35,0.1,0.21874999999999997,"(1.6, 0.0, 0.0)","(0.0, 0.0, 0.0)",1000,tanh,True,8,4,0,30000,40000,False,0.9885,0.99,False,False,2000,0.01,torch.nn.Linear.reset_parameters: kaiming_uniform_(a=sqrt(5)); bias_uniform_bound=1/sqrt(fan_in),0.5773502691896257,1.3448491670424119
asymmetric_both,True,0.0,1.0,1.6,0.1,0.35,0.1,0.21874999999999997,"(1.6, 0.0, 0.0)","(0.0, 0.0, 0.0)",1000,tanh,True,8,4,1,30001,40001,False,0.989,0.9865,False,False,2000,0.01,torch.nn.Linear.reset_parameters: kaiming_uniform_(a=sqrt(5)); bias_uniform_bound=1/sqrt(fan_in),0.5773502691896257,1.3406385000562295
asymmetric_both,True,0.0,1.0,1.6,0.1,0.35,0.1,0.21874999999999997,"(1.6, 0.0, 0.0)","(0.0, 0.0, 0.0)",1000,tanh,True,8,4,2,30002,40002,False,0.988,0.9825,False,False,2000,0.01,torch.nn.Linear.reset_parameters: kaiming_uniform_(a=sqrt(5)); bias_uniform_bound=1/sqrt(fan_in),0.5773502691896257,1.3378335420275107
asymmetric_both,True,0.0,1.0,1.6,0.1,0.35,0.1,0.21874999999999997,"(1.6, 0.0, 0.0)","(0.0, 0.0, 0.0)",1000,tanh,True,8,4,3,30003,40003,False,0.9905,0.985,False,False,2000,0.01,torch.nn.Linear.reset_parameters: kaiming_uniform_(a=sqrt(5)); bias_uniform_bound=1/sqrt(fan_in),0.5773502691896257,1.3387631248915568
asymmetric_both,True,0.0,1.0,1.6,0.1,0.35,0.1,0.21874999999999997,"(1.6, 0.0, 0.0)","(0.0, 0.0, 0.0)",1000,tanh,True,8,4,4,30004,40004,True,1.0,0.998,False,False,2000,0.01,torch.nn.Linear.reset_parameters: kaiming_uniform_(a=sqrt(5)); bias_uniform_bound=1/sqrt(fan_in),0.5773502691896257,1.3463639579713345
asymmetric_both,True,0.0,1.0,1.6,0.1,0.35,0.1,0.21874999999999997,"(1.6, 0.0, 0.0)","(0.0, 0.0, 0.0)",1000,tanh,True,8,4,5,30005,40005,False,0.992,0.99,False,False,2000,0.01,torch.nn.Linear.reset_parameters: kaiming_uniform_(a=sqrt(5)); bias_uniform_bound=1/sqrt(fan_in),0.5773502691896257,1.3407302910927683
asymmetric_both,True,0.0,1.0,1.6,0.1,0.35,0.1,0.21874999999999997,"(1.6, 0.0, 0.0)","(0.0, 0.0, 0.0)",1000,tanh,True,8,4,6,30006,40006,True,1.0,0.9985,False,False,2000,0.01,torch.nn.Linear.reset_parameters: kaiming_uniform_(a=sqrt(5)); bias_uniform_bound=1/sqrt(fan_in),0.5773502691896257,1.3412878339877352
asymmetric_both,True,0.0,1.0,1.6,0.1,0.35,0.1,0.21874999999999997,"(1.6, 0.0, 0.0)","(0.0, 0.0, 0.0)",1000,tanh,True,8,4,7,30007,40007,True,1.0,1.0,True,False,2000,0.01,torch.nn.Linear.reset_parameters: kaiming_uniform_(a=sqrt(5)); bias_uniform_bound=1/sqrt(fan_in),0.5773502691896257,1.3451689160428941
asymmetric_both,True,0.0,1.0,1.6,0.1,0.35,0.1,0.21874999999999997,"(1.6, 0.0, 0.0)","(0.0, 0.0, 0.0)",1000,tanh,True,8,4,8,30008,40008,True,1.0,1.0,True,False,2000,0.01,torch.nn.Linear.reset_parameters: kaiming_uniform_(a=sqrt(5)); bias_uniform_bound=1/sqrt(fan_in),0.5773502691896257,1.3414497500052676
asymmetric_both,True,0.0,1.0,1.6,0.1,0.35,0.1,0.21874999999999997,"(1.6, 0.0, 0.0)","(0.0, 0.0, 0.0)",1000,tanh,True,8,4,9,30009,40009,True,1.0,1.0,True,False,2000,0.01,torch.nn.Linear.reset_parameters: kaiming_uniform_(a=sqrt(5)); bias_uniform_bound=1/sqrt(fan_in),0.5773502691896257,1.341655540978536
asymmetric_both,True,0.0,1.0,1.6,0.1,0.35,0.1,0.21874999999999997,"(1.6, 0.0, 0.0)","(0.0, 0.0, 0.0)",1000,tanh,True,12,3,0,30000,40000,False,0.801,0.781,False,False,2000,0.01,torch.nn.Linear.reset_parameters: kaiming_uniform_(a=sqrt(5)); bias_uniform_bound=1/sqrt(fan_in),0.5773502691896257,1.9290837909793481
asymmetric_both,True,0.0,1.0,1.6,0.1,0.35,0.1,0.21874999999999997,"(1.6, 0.0, 0.0)","(0.0, 0.0, 0.0)",1000,tanh,True,12,3,1,30001,40001,False,0.806,0.7975,False,False,2000,0.01,torch.nn.Linear.reset_parameters: kaiming_uniform_(a=sqrt(5)); bias_uniform_bound=1/sqrt(fan_in),0.5773502691896257,1.9417596249841154
asymmetric_both,True,0.0,1.0,1.6,0.1,0.35,0.1,0.21874999999999997,"(1.6, 0.0, 0.0)","(0.0, 0.0, 0.0)",1000,tanh,True,12,3,2,30002,40002,False,0.9855,0.9815,False,False,2000,0.01,torch.nn.Linear.reset_parameters: kaiming_uniform_(a=sqrt(5)); bias_uniform_bound=1/sqrt(fan_in),0.5773502691896257,1.9365834168856964
asymmetric_both,True,0.0,1.0,1.6,0.1,0.35,0.1,0.21874999999999997,"(1.6, 0.0, 0.0)","(0.0, 0.0, 0.0)",1000,tanh,True,12,3,3,30003,40003,False,0.991,0.9865,False,False,2000,0.01,torch.nn.Linear.reset_parameters: kaiming_uniform_(a=sqrt(5)); bias_uniform_bound=1/sqrt(fan_in),0.5773502691896257,1.9939281670376658
asymmetric_both,True,0.0,1.0,1.6,0.1,0.35,0.1,0.21874999999999997,"(1.6, 0.0, 0.0)","(0.0, 0.0, 0.0)",1000,tanh,True,12,3,4,30004,40004,False,0.995,0.9925,False,False,2000,0.01,torch.nn.Linear.reset_parameters: kaiming_uniform_(a=sqrt(5)); bias_uniform_bound=1/sqrt(fan_in),0.5773502691896257,1.9383791660657153
asymmetric_both,True,0.0,1.0,1.6,0.1,0.35,0.1,0.21874999999999997,"(1.6, 0.0, 0.0)","(0.0, 0.0, 0.0)",1000,tanh,True,12,3,5,30005,40005,False,0.992,0.988,False,False,2000,0.01,torch.nn.Linear.reset_parameters: kaiming_uniform_(a=sqrt(5)); bias_uniform_bound=1/sqrt(fan_in),0.5773502691896257,1.9315759589662775
asymmetric_both,True,0.0,1.0,1.6,0.1,0.35,0.1,0.21874999999999997,"(1.6, 0.0, 0.0)","(0.0, 0.0, 0.0)",1000,tanh,True,12,3,6,30006,40006,False,0.9885,0.9865,False,False,2000,0.01,torch.nn.Linear.reset_parameters: kaiming_uniform_(a=sqrt(5)); bias_uniform_bound=1/sqrt(fan_in),0.5773502691896257,1.93632029206492
asymmetric_both,True,0.0,1.0,1.6,0.1,0.35,0.1,0.21874999999999997,"(1.6, 0.0, 0.0)","(0.0, 0.0, 0.0)",1000,tanh,True,12,3,7,30007,40007,False,0.991,0.9845,False,False,2000,0.01,torch.nn.Linear.reset_parameters: kaiming_uniform_(a=sqrt(5)); bias_uniform_bound=1/sqrt(fan_in),0.5773502691896257,1.937803916982375
asymmetric_both,True,0.0,1.0,1.6,0.1,0.35,0.1,0.21874999999999997,"(1.6, 0.0, 0.0)","(0.0, 0.0, 0.0)",1000,tanh,True,12,3,8,30008,40008,False,0.99,0.991,False,False,2000,0.01,torch.nn.Linear.reset_parameters: kaiming_uniform_(a=sqrt(5)); bias_uniform_bound=1/sqrt(fan_in),0.5773502691896257,1.932412666035816
asymmetric_both,True,0.0,1.0,1.6,0.1,0.35,0.1,0.21874999999999997,"(1.6, 0.0, 0.0)","(0.0, 0.0, 0.0)",1000,tanh,True,12,3,9,30009,40009,False,0.805,0.8005,False,False,2000,0.01,torch.nn.Linear.reset_parameters: kaiming_uniform_(a=sqrt(5)); bias_uniform_bound=1/sqrt(fan_in),0.5773502691896257,1.9322262919740751
asymmetric_both,True,0.0,1.0,1.6,0.1,0.35,0.1,0.21874999999999997,"(1.6, 0.0, 0.0)","(0.0, 0.0, 0.0)",1000,tanh,True,12,4,0,30000,40000,True,1.0,1.0,True,False,2000,0.01,torch.nn.Linear.reset_parameters: kaiming_uniform_(a=sqrt(5)); bias_uniform_bound=1/sqrt(fan_in),0.5773502691896257,1.8895959999645129
asymmetric_both,True,0.0,1.0,1.6,0.1,0.35,0.1,0.21874999999999997,"(1.6, 0.0, 0.0)","(0.0, 0.0, 0.0)",1000,tanh,True,12,4,1,30001,40001,False,0.9845,0.9815,False,False,2000,0.01,torch.nn.Linear.reset_parameters: kaiming_uniform_(a=sqrt(5)); bias_uniform_bound=1/sqrt(fan_in),0.5773502691896257,1.8915090409573168
asymmetric_both,True,0.0,1.0,1.6,0.1,0.35,0.1,0.21874999999999997,"(1.6, 0.0, 0.0)","(0.0, 0.0, 0.0)",1000,tanh,True,12,4,2,30002,40002,False,0.8035,0.7785,False,False,2000,0.01,torch.nn.Linear.reset_parameters: kaiming_uniform_(a=sqrt(5)); bias_uniform_bound=1/sqrt(fan_in),0.5773502691896257,1.9499760420294479
asymmetric_both,True,0.0,1.0,1.6,0.1,0.35,0.1,0.21874999999999997,"(1.6, 0.0, 0.0)","(0.0, 0.0, 0.0)",1000,tanh,True,12,4,3,30003,40003,False,0.9705,0.97,False,False,2000,0.01,torch.nn.Linear.reset_parameters: kaiming_uniform_(a=sqrt(5)); bias_uniform_bound=1/sqrt(fan_in),0.5773502691896257,1.8895964169641957
asymmetric_both,True,0.0,1.0,1.6,0.1,0.35,0.1,0.21874999999999997,"(1.6, 0.0, 0.0)","(0.0, 0.0, 0.0)",1000,tanh,True,12,4,4,30004,40004,False,0.9925,0.988,False,False,2000,0.01,torch.nn.Linear.reset_parameters: kaiming_uniform_(a=sqrt(5)); bias_uniform_bound=1/sqrt(fan_in),0.5773502691896257,1.897558833938092
asymmetric_both,True,0.0,1.0,1.6,0.1,0.35,0.1,0.21874999999999997,"(1.6, 0.0, 0.0)","(0.0, 0.0, 0.0)",1000,tanh,True,12,4,5,30005,40005,False,0.9805,0.9785,False,False,2000,0.01,torch.nn.Linear.reset_parameters: kaiming_uniform_(a=sqrt(5)); bias_uniform_bound=1/sqrt(fan_in),0.5773502691896257,1.8946337499655783
asymmetric_both,True,0.0,1.0,1.6,0.1,0.35,0.1,0.21874999999999997,"(1.6, 0.0, 0.0)","(0.0, 0.0, 0.0)",1000,tanh,True,12,4,6,30006,40006,False,0.9895,0.9875,False,False,2000,0.01,torch.nn.Linear.reset_parameters: kaiming_uniform_(a=sqrt(5)); bias_uniform_bound=1/sqrt(fan_in),0.5773502691896257,1.8930911249481142
asymmetric_both,True,0.0,1.0,1.6,0.1,0.35,0.1,0.21874999999999997,"(1.6, 0.0, 0.0)","(0.0, 0.0, 0.0)",1000,tanh,True,12,4,7,30007,40007,False,0.9845,0.9755,False,False,2000,0.01,torch.nn.Linear.reset_parameters: kaiming_uniform_(a=sqrt(5)); bias_uniform_bound=1/sqrt(fan_in),0.5773502691896257,1.8917924159904942
asymmetric_both,True,0.0,1.0,1.6,0.1,0.35,0.1,0.21874999999999997,"(1.6, 0.0, 0.0)","(0.0, 0.0, 0.0)",1000,tanh,True,12,4,8,30008,40008,True,1.0,0.9995,False,False,2000,0.01,torch.nn.Linear.reset_parameters: kaiming_uniform_(a=sqrt(5)); bias_uniform_bound=1/sqrt(fan_in),0.5773502691896257,1.895324792014435
asymmetric_both,True,0.0,1.0,1.6,0.1,0.35,0.1,0.21874999999999997,"(1.6, 0.0, 0.0)","(0.0, 0.0, 0.0)",1000,tanh,True,12,4,9,30009,40009,True,1.0,1.0,True,False,2000,0.01,torch.nn.Linear.reset_parameters: kaiming_uniform_(a=sqrt(5)); bias_uniform_bound=1/sqrt(fan_in),0.5773502691896257,1.8873037919402122
asymmetric_both,True,0.0,1.0,1.6,0.1,0.35,0.1,0.21874999999999997,"(1.6, 0.0, 0.0)","(0.0, 0.0, 0.0)",1000,relu,True,3,3,0,30000,40000,False,0.5,0.5,False,True,2000,0.01,torch.nn.Linear.reset_parameters: kaiming_uniform_(a=sqrt(5)); bias_uniform_bound=1/sqrt(fan_in),0.5773502691896257,0.5892314579105005
asymmetric_both,True,0.0,1.0,1.6,0.1,0.35,0.1,0.21874999999999997,"(1.6, 0.0, 0.0)","(0.0, 0.0, 0.0)",1000,relu,True,3,3,1,30001,40001,False,0.5,0.5,False,True,2000,0.01,torch.nn.Linear.reset_parameters: kaiming_uniform_(a=sqrt(5)); bias_uniform_bound=1/sqrt(fan_in),0.5773502691896257,0.5923340419540182
asymmetric_both,True,0.0,1.0,1.6,0.1,0.35,0.1,0.21874999999999997,"(1.6, 0.0, 0.0)","(0.0, 0.0, 0.0)",1000,relu,True,3,3,2,30002,40002,False,0.938,0.926,False,False,2000,0.01,torch.nn.Linear.reset_parameters: kaiming_uniform_(a=sqrt(5)); bias_uniform_bound=1/sqrt(fan_in),0.5773502691896257,0.5886577919591218
asymmetric_both,True,0.0,1.0,1.6,0.1,0.35,0.1,0.21874999999999997,"(1.6, 0.0, 0.0)","(0.0, 0.0, 0.0)",1000,relu,True,3,3,3,30003,40003,False,0.9375,0.9455,False,False,2000,0.01,torch.nn.Linear.reset_parameters: kaiming_uniform_(a=sqrt(5)); bias_uniform_bound=1/sqrt(fan_in),0.5773502691896257,0.5985750410472974
asymmetric_both,True,0.0,1.0,1.6,0.1,0.35,0.1,0.21874999999999997,"(1.6, 0.0, 0.0)","(0.0, 0.0, 0.0)",1000,relu,True,3,3,4,30004,40004,False,0.9915,0.992,False,False,2000,0.01,torch.nn.Linear.reset_parameters: kaiming_uniform_(a=sqrt(5)); bias_uniform_bound=1/sqrt(fan_in),0.5773502691896257,0.6074843750102445
asymmetric_both,True,0.0,1.0,1.6,0.1,0.35,0.1,0.21874999999999997,"(1.6, 0.0, 0.0)","(0.0, 0.0, 0.0)",1000,relu,True,3,3,5,30005,40005,False,0.992,0.99,False,False,2000,0.01,torch.nn.Linear.reset_parameters: kaiming_uniform_(a=sqrt(5)); bias_uniform_bound=1/sqrt(fan_in),0.5773502691896257,0.5922218749765307
asymmetric_both,True,0.0,1.0,1.6,0.1,0.35,0.1,0.21874999999999997,"(1.6, 0.0, 0.0)","(0.0, 0.0, 0.0)",1000,relu,True,3,3,6,30006,40006,False,0.989,0.989,False,False,2000,0.01,torch.nn.Linear.reset_parameters: kaiming_uniform_(a=sqrt(5)); bias_uniform_bound=1/sqrt(fan_in),0.5773502691896257,0.5925373749341816
asymmetric_both,True,0.0,1.0,1.6,0.1,0.35,0.1,0.21874999999999997,"(1.6, 0.0, 0.0)","(0.0, 0.0, 0.0)",1000,relu,True,3,3,7,30007,40007,False,0.936,0.9395,False,False,2000,0.01,torch.nn.Linear.reset_parameters: kaiming_uniform_(a=sqrt(5)); bias_uniform_bound=1/sqrt(fan_in),0.5773502691896257,0.5886462499620393
asymmetric_both,True,0.0,1.0,1.6,0.1,0.35,0.1,0.21874999999999997,"(1.6, 0.0, 0.0)","(0.0, 0.0, 0.0)",1000,relu,True,3,3,8,30008,40008,False,0.5,0.5,False,True,2000,0.01,torch.nn.Linear.reset_parameters: kaiming_uniform_(a=sqrt(5)); bias_uniform_bound=1/sqrt(fan_in),0.5773502691896257,0.5901229159208015
asymmetric_both,True,0.0,1.0,1.6,0.1,0.35,0.1,0.21874999999999997,"(1.6, 0.0, 0.0)","(0.0, 0.0, 0.0)",1000,relu,True,3,3,9,30009,40009,False,0.9855,0.981,False,False,2000,0.01,torch.nn.Linear.reset_parameters: kaiming_uniform_(a=sqrt(5)); bias_uniform_bound=1/sqrt(fan_in),0.5773502691896257,0.5898284999420866
asymmetric_both,True,0.0,1.0,1.6,0.1,0.35,0.1,0.21874999999999997,"(1.6, 0.0, 0.0)","(0.0, 0.0, 0.0)",1000,relu,True,3,4,0,30000,40000,False,0.5,0.5,False,True,2000,0.01,torch.nn.Linear.reset_parameters: kaiming_uniform_(a=sqrt(5)); bias_uniform_bound=1/sqrt(fan_in),0.5773502691896257,0.5487781249685213
asymmetric_both,True,0.0,1.0,1.6,0.1,0.35,0.1,0.21874999999999997,"(1.6, 0.0, 0.0)","(0.0, 0.0, 0.0)",1000,relu,True,3,4,1,30001,40001,False,0.988,0.9865,False,False,2000,0.01,torch.nn.Linear.reset_parameters: kaiming_uniform_(a=sqrt(5)); bias_uniform_bound=1/sqrt(fan_in),0.5773502691896257,0.5495722920168191
asymmetric_both,True,0.0,1.0,1.6,0.1,0.35,0.1,0.21874999999999997,"(1.6, 0.0, 0.0)","(0.0, 0.0, 0.0)",1000,relu,True,3,4,2,30002,40002,False,0.9825,0.98,False,False,2000,0.01,torch.nn.Linear.reset_parameters: kaiming_uniform_(a=sqrt(5)); bias_uniform_bound=1/sqrt(fan_in),0.5773502691896257,0.5527544160140678
asymmetric_both,True,0.0,1.0,1.6,0.1,0.35,0.1,0.21874999999999997,"(1.6, 0.0, 0.0)","(0.0, 0.0, 0.0)",1000,relu,True,3,4,3,30003,40003,False,0.937,0.948,False,False,2000,0.01,torch.nn.Linear.reset_parameters: kaiming_uniform_(a=sqrt(5)); bias_uniform_bound=1/sqrt(fan_in),0.5773502691896257,0.5522888749837875
asymmetric_both,True,0.0,1.0,1.6,0.1,0.35,0.1,0.21874999999999997,"(1.6, 0.0, 0.0)","(0.0, 0.0, 0.0)",1000,relu,True,3,4,4,30004,40004,False,0.9935,0.9925,False,False,2000,0.01,torch.nn.Linear.reset_parameters: kaiming_uniform_(a=sqrt(5)); bias_uniform_bound=1/sqrt(fan_in),0.5773502691896257,0.5501603330485523
asymmetric_both,True,0.0,1.0,1.6,0.1,0.35,0.1,0.21874999999999997,"(1.6, 0.0, 0.0)","(0.0, 0.0, 0.0)",1000,relu,True,3,4,5,30005,40005,True,1.0,1.0,True,False,2000,0.01,torch.nn.Linear.reset_parameters: kaiming_uniform_(a=sqrt(5)); bias_uniform_bound=1/sqrt(fan_in),0.5773502691896257,0.5551137080183253
asymmetric_both,True,0.0,1.0,1.6,0.1,0.35,0.1,0.21874999999999997,"(1.6, 0.0, 0.0)","(0.0, 0.0, 0.0)",1000,relu,True,3,4,6,30006,40006,True,1.0,0.9995,False,False,2000,0.01,torch.nn.Linear.reset_parameters: kaiming_uniform_(a=sqrt(5)); bias_uniform_bound=1/sqrt(fan_in),0.5773502691896257,0.551157083013095
asymmetric_both,True,0.0,1.0,1.6,0.1,0.35,0.1,0.21874999999999997,"(1.6, 0.0, 0.0)","(0.0, 0.0, 0.0)",1000,relu,True,3,4,7,30007,40007,False,0.9845,0.9845,False,False,2000,0.01,torch.nn.Linear.reset_parameters: kaiming_uniform_(a=sqrt(5)); bias_uniform_bound=1/sqrt(fan_in),0.5773502691896257,0.5530563750071451
asymmetric_both,True,0.0,1.0,1.6,0.1,0.35,0.1,0.21874999999999997,"(1.6, 0.0, 0.0)","(0.0, 0.0, 0.0)",1000,relu,True,3,4,8,30008,40008,False,0.983,0.9795,False,False,2000,0.01,torch.nn.Linear.reset_parameters: kaiming_uniform_(a=sqrt(5)); bias_uniform_bound=1/sqrt(fan_in),0.5773502691896257,0.5530739580281079
asymmetric_both,True,0.0,1.0,1.6,0.1,0.35,0.1,0.21874999999999997,"(1.6, 0.0, 0.0)","(0.0, 0.0, 0.0)",1000,relu,True,3,4,9,30009,40009,False,0.9925,0.984,False,False,2000,0.01,torch.nn.Linear.reset_parameters: kaiming_uniform_(a=sqrt(5)); bias_uniform_bound=1/sqrt(fan_in),0.5773502691896257,0.5567023329203948
asymmetric_both,True,0.0,1.0,1.6,0.1,0.35,0.1,0.21874999999999997,"(1.6, 0.0, 0.0)","(0.0, 0.0, 0.0)",1000,relu,True,5,3,0,30000,40000,False,0.5,0.5,False,True,2000,0.01,torch.nn.Linear.reset_parameters: kaiming_uniform_(a=sqrt(5)); bias_uniform_bound=1/sqrt(fan_in),0.5773502691896257,0.8736434999154881
asymmetric_both,True,0.0,1.0,1.6,0.1,0.35,0.1,0.21874999999999997,"(1.6, 0.0, 0.0)","(0.0, 0.0, 0.0)",1000,relu,True,5,3,1,30001,40001,False,0.5,0.5,False,True,2000,0.01,torch.nn.Linear.reset_parameters: kaiming_uniform_(a=sqrt(5)); bias_uniform_bound=1/sqrt(fan_in),0.5773502691896257,0.8324457089183852
asymmetric_both,True,0.0,1.0,1.6,0.1,0.35,0.1,0.21874999999999997,"(1.6, 0.0, 0.0)","(0.0, 0.0, 0.0)",1000,relu,True,5,3,2,30002,40002,False,0.937,0.9355,False,False,2000,0.01,torch.nn.Linear.reset_parameters: kaiming_uniform_(a=sqrt(5)); bias_uniform_bound=1/sqrt(fan_in),0.5773502691896257,0.8399317499715835
asymmetric_both,True,0.0,1.0,1.6,0.1,0.35,0.1,0.21874999999999997,"(1.6, 0.0, 0.0)","(0.0, 0.0, 0.0)",1000,relu,True,5,3,3,30003,40003,False,0.5,0.5,False,True,2000,0.01,torch.nn.Linear.reset_parameters: kaiming_uniform_(a=sqrt(5)); bias_uniform_bound=1/sqrt(fan_in),0.5773502691896257,0.8344819160411134
asymmetric_both,True,0.0,1.0,1.6,0.1,0.35,0.1,0.21874999999999997,"(1.6, 0.0, 0.0)","(0.0, 0.0, 0.0)",1000,relu,True,5,3,4,30004,40004,False,0.9925,0.993,False,False,2000,0.01,torch.nn.Linear.reset_parameters: kaiming_uniform_(a=sqrt(5)); bias_uniform_bound=1/sqrt(fan_in),0.5773502691896257,0.8448902500094846
asymmetric_both,True,0.0,1.0,1.6,0.1,0.35,0.1,0.21874999999999997,"(1.6, 0.0, 0.0)","(0.0, 0.0, 0.0)",1000,relu,True,5,3,5,30005,40005,False,0.992,0.9895,False,False,2000,0.01,torch.nn.Linear.reset_parameters: kaiming_uniform_(a=sqrt(5)); bias_uniform_bound=1/sqrt(fan_in),0.5773502691896257,0.8329482909757644
asymmetric_both,True,0.0,1.0,1.6,0.1,0.35,0.1,0.21874999999999997,"(1.6, 0.0, 0.0)","(0.0, 0.0, 0.0)",1000,relu,True,5,3,6,30006,40006,False,0.9865,0.986,False,False,2000,0.01,torch.nn.Linear.reset_parameters: kaiming_uniform_(a=sqrt(5)); bias_uniform_bound=1/sqrt(fan_in),0.5773502691896257,0.8414987080032006
asymmetric_both,True,0.0,1.0,1.6,0.1,0.35,0.1,0.21874999999999997,"(1.6, 0.0, 0.0)","(0.0, 0.0, 0.0)",1000,relu,True,5,3,7,30007,40007,False,0.959,0.956,False,False,2000,0.01,torch.nn.Linear.reset_parameters: kaiming_uniform_(a=sqrt(5)); bias_uniform_bound=1/sqrt(fan_in),0.5773502691896257,0.8320602499879897
asymmetric_both,True,0.0,1.0,1.6,0.1,0.35,0.1,0.21874999999999997,"(1.6, 0.0, 0.0)","(0.0, 0.0, 0.0)",1000,relu,True,5,3,8,30008,40008,False,0.5,0.5,False,True,2000,0.01,torch.nn.Linear.reset_parameters: kaiming_uniform_(a=sqrt(5)); bias_uniform_bound=1/sqrt(fan_in),0.5773502691896257,0.8353691250085831
asymmetric_both,True,0.0,1.0,1.6,0.1,0.35,0.1,0.21874999999999997,"(1.6, 0.0, 0.0)","(0.0, 0.0, 0.0)",1000,relu,True,5,3,9,30009,40009,False,0.981,0.9725,False,False,2000,0.01,torch.nn.Linear.reset_parameters: kaiming_uniform_(a=sqrt(5)); bias_uniform_bound=1/sqrt(fan_in),0.5773502691896257,0.8335578750120476
asymmetric_both,True,0.0,1.0,1.6,0.1,0.35,0.1,0.21874999999999997,"(1.6, 0.0, 0.0)","(0.0, 0.0, 0.0)",1000,relu,True,5,4,0,30000,40000,False,0.5,0.5,False,True,2000,0.01,torch.nn.Linear.reset_parameters: kaiming_uniform_(a=sqrt(5)); bias_uniform_bound=1/sqrt(fan_in),0.5773502691896257,0.7719337090384215
asymmetric_both,True,0.0,1.0,1.6,0.1,0.35,0.1,0.21874999999999997,"(1.6, 0.0, 0.0)","(0.0, 0.0, 0.0)",1000,relu,True,5,4,1,30001,40001,False,0.9885,0.981,False,False,2000,0.01,torch.nn.Linear.reset_parameters: kaiming_uniform_(a=sqrt(5)); bias_uniform_bound=1/sqrt(fan_in),0.5773502691896257,0.768260958022438
asymmetric_both,True,0.0,1.0,1.6,0.1,0.35,0.1,0.21874999999999997,"(1.6, 0.0, 0.0)","(0.0, 0.0, 0.0)",1000,relu,True,5,4,2,30002,40002,False,0.9895,0.9825,False,False,2000,0.01,torch.nn.Linear.reset_parameters: kaiming_uniform_(a=sqrt(5)); bias_uniform_bound=1/sqrt(fan_in),0.5773502691896257,0.7595083329360932
asymmetric_both,True,0.0,1.0,1.6,0.1,0.35,0.1,0.21874999999999997,"(1.6, 0.0, 0.0)","(0.0, 0.0, 0.0)",1000,relu,True,5,4,3,30003,40003,False,0.9925,0.9875,False,False,2000,0.01,torch.nn.Linear.reset_parameters: kaiming_uniform_(a=sqrt(5)); bias_uniform_bound=1/sqrt(fan_in),0.5773502691896257,0.7643112499499694
asymmetric_both,True,0.0,1.0,1.6,0.1,0.35,0.1,0.21874999999999997,"(1.6, 0.0, 0.0)","(0.0, 0.0, 0.0)",1000,relu,True,5,4,4,30004,40004,False,0.9855,0.986,False,False,2000,0.01,torch.nn.Linear.reset_parameters: kaiming_uniform_(a=sqrt(5)); bias_uniform_bound=1/sqrt(fan_in),0.5773502691896257,0.7644087499938905
asymmetric_both,True,0.0,1.0,1.6,0.1,0.35,0.1,0.21874999999999997,"(1.6, 0.0, 0.0)","(0.0, 0.0, 0.0)",1000,relu,True,5,4,5,30005,40005,False,0.5,0.5,False,True,2000,0.01,torch.nn.Linear.reset_parameters: kaiming_uniform_(a=sqrt(5)); bias_uniform_bound=1/sqrt(fan_in),0.5773502691896257,0.7704445000272244
asymmetric_both,True,0.0,1.0,1.6,0.1,0.35,0.1,0.21874999999999997,"(1.6, 0.0, 0.0)","(0.0, 0.0, 0.0)",1000,relu,True,5,4,6,30006,40006,False,0.9905,0.991,False,False,2000,0.01,torch.nn.Linear.reset_parameters: kaiming_uniform_(a=sqrt(5)); bias_uniform_bound=1/sqrt(fan_in),0.5773502691896257,0.7662515419069678
asymmetric_both,True,0.0,1.0,1.6,0.1,0.35,0.1,0.21874999999999997,"(1.6, 0.0, 0.0)","(0.0, 0.0, 0.0)",1000,relu,True,5,4,7,30007,40007,False,0.988,0.986,False,False,2000,0.01,torch.nn.Linear.reset_parameters: kaiming_uniform_(a=sqrt(5)); bias_uniform_bound=1/sqrt(fan_in),0.5773502691896257,0.7663015839643776
asymmetric_both,True,0.0,1.0,1.6,0.1,0.35,0.1,0.21874999999999997,"(1.6, 0.0, 0.0)","(0.0, 0.0, 0.0)",1000,relu,True,5,4,8,30008,40008,False,0.9825,0.9845,False,False,2000,0.01,torch.nn.Linear.reset_parameters: kaiming_uniform_(a=sqrt(5)); bias_uniform_bound=1/sqrt(fan_in),0.5773502691896257,0.7596082920208573
asymmetric_both,True,0.0,1.0,1.6,0.1,0.35,0.1,0.21874999999999997,"(1.6, 0.0, 0.0)","(0.0, 0.0, 0.0)",1000,relu,True,5,4,9,30009,40009,False,0.5,0.5,False,True,2000,0.01,torch.nn.Linear.reset_parameters: kaiming_uniform_(a=sqrt(5)); bias_uniform_bound=1/sqrt(fan_in),0.5773502691896257,0.8112042909488082
asymmetric_both,True,0.0,1.0,1.6,0.1,0.35,0.1,0.21874999999999997,"(1.6, 0.0, 0.0)","(0.0, 0.0, 0.0)",1000,relu,True,8,3,0,30000,40000,False,0.5,0.5,False,True,2000,0.01,torch.nn.Linear.reset_parameters: kaiming_uniform_(a=sqrt(5)); bias_uniform_bound=1/sqrt(fan_in),0.5773502691896257,1.2535262920428067
asymmetric_both,True,0.0,1.0,1.6,0.1,0.35,0.1,0.21874999999999997,"(1.6, 0.0, 0.0)","(0.0, 0.0, 0.0)",1000,relu,True,8,3,1,30001,40001,False,0.5,0.5,False,True,2000,0.01,torch.nn.Linear.reset_parameters: kaiming_uniform_(a=sqrt(5)); bias_uniform_bound=1/sqrt(fan_in),0.5773502691896257,1.2000969169894233
asymmetric_both,True,0.0,1.0,1.6,0.1,0.35,0.1,0.21874999999999997,"(1.6, 0.0, 0.0)","(0.0, 0.0, 0.0)",1000,relu,True,8,3,2,30002,40002,False,0.5,0.5,False,True,2000,0.01,torch.nn.Linear.reset_parameters: kaiming_uniform_(a=sqrt(5)); bias_uniform_bound=1/sqrt(fan_in),0.5773502691896257,1.1935359999770299
asymmetric_both,True,0.0,1.0,1.6,0.1,0.35,0.1,0.21874999999999997,"(1.6, 0.0, 0.0)","(0.0, 0.0, 0.0)",1000,relu,True,8,3,3,30003,40003,False,0.5,0.5,False,True,2000,0.01,torch.nn.Linear.reset_parameters: kaiming_uniform_(a=sqrt(5)); bias_uniform_bound=1/sqrt(fan_in),0.5773502691896257,1.1938297909218818
asymmetric_both,True,0.0,1.0,1.6,0.1,0.35,0.1,0.21874999999999997,"(1.6, 0.0, 0.0)","(0.0, 0.0, 0.0)",1000,relu,True,8,3,4,30004,40004,False,0.9925,0.991,False,False,2000,0.01,torch.nn.Linear.reset_parameters: kaiming_uniform_(a=sqrt(5)); bias_uniform_bound=1/sqrt(fan_in),0.5773502691896257,1.210694000008516
asymmetric_both,True,0.0,1.0,1.6,0.1,0.35,0.1,0.21874999999999997,"(1.6, 0.0, 0.0)","(0.0, 0.0, 0.0)",1000,relu,True,8,3,5,30005,40005,False,0.5,0.5,False,True,2000,0.01,torch.nn.Linear.reset_parameters: kaiming_uniform_(a=sqrt(5)); bias_uniform_bound=1/sqrt(fan_in),0.5773502691896257,1.190173500101082
asymmetric_both,True,0.0,1.0,1.6,0.1,0.35,0.1,0.21874999999999997,"(1.6, 0.0, 0.0)","(0.0, 0.0, 0.0)",1000,relu,True,8,3,6,30006,40006,False,0.5,0.5,False,True,2000,0.01,torch.nn.Linear.reset_parameters: kaiming_uniform_(a=sqrt(5)); bias_uniform_bound=1/sqrt(fan_in),0.5773502691896257,1.188249500002712
asymmetric_both,True,0.0,1.0,1.6,0.1,0.35,0.1,0.21874999999999997,"(1.6, 0.0, 0.0)","(0.0, 0.0, 0.0)",1000,relu,True,8,3,7,30007,40007,False,0.5,0.5,False,True,2000,0.01,torch.nn.Linear.reset_parameters: kaiming_uniform_(a=sqrt(5)); bias_uniform_bound=1/sqrt(fan_in),0.5773502691896257,1.193584791966714
asymmetric_both,True,0.0,1.0,1.6,0.1,0.35,0.1,0.21874999999999997,"(1.6, 0.0, 0.0)","(0.0, 0.0, 0.0)",1000,relu,True,8,3,8,30008,40008,False,0.5,0.5,False,True,2000,0.01,torch.nn.Linear.reset_parameters: kaiming_uniform_(a=sqrt(5)); bias_uniform_bound=1/sqrt(fan_in),0.5773502691896257,1.1987448750296608
asymmetric_both,True,0.0,1.0,1.6,0.1,0.35,0.1,0.21874999999999997,"(1.6, 0.0, 0.0)","(0.0, 0.0, 0.0)",1000,relu,True,8,3,9,30009,40009,False,0.5,0.5,False,True,2000,0.01,torch.nn.Linear.reset_parameters: kaiming_uniform_(a=sqrt(5)); bias_uniform_bound=1/sqrt(fan_in),0.5773502691896257,1.1982064999174327
asymmetric_both,True,0.0,1.0,1.6,0.1,0.35,0.1,0.21874999999999997,"(1.6, 0.0, 0.0)","(0.0, 0.0, 0.0)",1000,relu,True,8,4,0,30000,40000,False,0.5,0.5,False,True,2000,0.01,torch.nn.Linear.reset_parameters: kaiming_uniform_(a=sqrt(5)); bias_uniform_bound=1/sqrt(fan_in),0.5773502691896257,1.0727887089597061
asymmetric_both,True,0.0,1.0,1.6,0.1,0.35,0.1,0.21874999999999997,"(1.6, 0.0, 0.0)","(0.0, 0.0, 0.0)",1000,relu,True,8,4,1,30001,40001,False,0.5,0.5,False,True,2000,0.01,torch.nn.Linear.reset_parameters: kaiming_uniform_(a=sqrt(5)); bias_uniform_bound=1/sqrt(fan_in),0.5773502691896257,1.073963416973129
asymmetric_both,True,0.0,1.0,1.6,0.1,0.35,0.1,0.21874999999999997,"(1.6, 0.0, 0.0)","(0.0, 0.0, 0.0)",1000,relu,True,8,4,2,30002,40002,False,0.5,0.5,False,True,2000,0.01,torch.nn.Linear.reset_parameters: kaiming_uniform_(a=sqrt(5)); bias_uniform_bound=1/sqrt(fan_in),0.5773502691896257,1.0780920000979677
asymmetric_both,True,0.0,1.0,1.6,0.1,0.35,0.1,0.21874999999999997,"(1.6, 0.0, 0.0)","(0.0, 0.0, 0.0)",1000,relu,True,8,4,3,30003,40003,False,0.5,0.5,False,True,2000,0.01,torch.nn.Linear.reset_parameters: kaiming_uniform_(a=sqrt(5)); bias_uniform_bound=1/sqrt(fan_in),0.5773502691896257,1.0784893750678748
asymmetric_both,True,0.0,1.0,1.6,0.1,0.35,0.1,0.21874999999999997,"(1.6, 0.0, 0.0)","(0.0, 0.0, 0.0)",1000,relu,True,8,4,4,30004,40004,False,0.5,0.5,False,True,2000,0.01,torch.nn.Linear.reset_parameters: kaiming_uniform_(a=sqrt(5)); bias_uniform_bound=1/sqrt(fan_in),0.5773502691896257,1.079805999994278
asymmetric_both,True,0.0,1.0,1.6,0.1,0.35,0.1,0.21874999999999997,"(1.6, 0.0, 0.0)","(0.0, 0.0, 0.0)",1000,relu,True,8,4,5,30005,40005,False,0.9915,0.9875,False,False,2000,0.01,torch.nn.Linear.reset_parameters: kaiming_uniform_(a=sqrt(5)); bias_uniform_bound=1/sqrt(fan_in),0.5773502691896257,1.0765552920056507
asymmetric_both,True,0.0,1.0,1.6,0.1,0.35,0.1,0.21874999999999997,"(1.6, 0.0, 0.0)","(0.0, 0.0, 0.0)",1000,relu,True,8,4,6,30006,40006,False,0.9905,0.9895,False,False,2000,0.01,torch.nn.Linear.reset_parameters: kaiming_uniform_(a=sqrt(5)); bias_uniform_bound=1/sqrt(fan_in),0.5773502691896257,1.0771533329971135
asymmetric_both,True,0.0,1.0,1.6,0.1,0.35,0.1,0.21874999999999997,"(1.6, 0.0, 0.0)","(0.0, 0.0, 0.0)",1000,relu,True,8,4,7,30007,40007,False,0.5,0.5,False,True,2000,0.01,torch.nn.Linear.reset_parameters: kaiming_uniform_(a=sqrt(5)); bias_uniform_bound=1/sqrt(fan_in),0.5773502691896257,1.0769395830575377
asymmetric_both,True,0.0,1.0,1.6,0.1,0.35,0.1,0.21874999999999997,"(1.6, 0.0, 0.0)","(0.0, 0.0, 0.0)",1000,relu,True,8,4,8,30008,40008,False,0.5,0.5,False,True,2000,0.01,torch.nn.Linear.reset_parameters: kaiming_uniform_(a=sqrt(5)); bias_uniform_bound=1/sqrt(fan_in),0.5773502691896257,1.077792500029318
asymmetric_both,True,0.0,1.0,1.6,0.1,0.35,0.1,0.21874999999999997,"(1.6, 0.0, 0.0)","(0.0, 0.0, 0.0)",1000,relu,True,8,4,9,30009,40009,False,0.5,0.5,False,True,2000,0.01,torch.nn.Linear.reset_parameters: kaiming_uniform_(a=sqrt(5)); bias_uniform_bound=1/sqrt(fan_in),0.5773502691896257,1.1308422080473974
asymmetric_both,True,0.0,1.0,1.6,0.1,0.35,0.1,0.21874999999999997,"(1.6, 0.0, 0.0)","(0.0, 0.0, 0.0)",1000,relu,True,12,3,0,30000,40000,False,0.5,0.5,False,True,2000,0.01,torch.nn.Linear.reset_parameters: kaiming_uniform_(a=sqrt(5)); bias_uniform_bound=1/sqrt(fan_in),0.5773502691896257,1.669959833030589
asymmetric_both,True,0.0,1.0,1.6,0.1,0.35,0.1,0.21874999999999997,"(1.6, 0.0, 0.0)","(0.0, 0.0, 0.0)",1000,relu,True,12,3,1,30001,40001,False,0.5,0.5,False,True,2000,0.01,torch.nn.Linear.reset_parameters: kaiming_uniform_(a=sqrt(5)); bias_uniform_bound=1/sqrt(fan_in),0.5773502691896257,1.6750437499722466
asymmetric_both,True,0.0,1.0,1.6,0.1,0.35,0.1,0.21874999999999997,"(1.6, 0.0, 0.0)","(0.0, 0.0, 0.0)",1000,relu,True,12,3,2,30002,40002,False,0.5,0.5,False,True,2000,0.01,torch.nn.Linear.reset_parameters: kaiming_uniform_(a=sqrt(5)); bias_uniform_bound=1/sqrt(fan_in),0.5773502691896257,1.6772937080822885
asymmetric_both,True,0.0,1.0,1.6,0.1,0.35,0.1,0.21874999999999997,"(1.6, 0.0, 0.0)","(0.0, 0.0, 0.0)",1000,relu,True,12,3,3,30003,40003,False,0.5,0.5,False,True,2000,0.01,torch.nn.Linear.reset_parameters: kaiming_uniform_(a=sqrt(5)); bias_uniform_bound=1/sqrt(fan_in),0.5773502691896257,1.6648163329809904
asymmetric_both,True,0.0,1.0,1.6,0.1,0.35,0.1,0.21874999999999997,"(1.6, 0.0, 0.0)","(0.0, 0.0, 0.0)",1000,relu,True,12,3,4,30004,40004,False,0.5,0.5,False,True,2000,0.01,torch.nn.Linear.reset_parameters: kaiming_uniform_(a=sqrt(5)); bias_uniform_bound=1/sqrt(fan_in),0.5773502691896257,1.676953624933958
asymmetric_both,True,0.0,1.0,1.6,0.1,0.35,0.1,0.21874999999999997,"(1.6, 0.0, 0.0)","(0.0, 0.0, 0.0)",1000,relu,True,12,3,5,30005,40005,False,0.5,0.5,False,True,2000,0.01,torch.nn.Linear.reset_parameters: kaiming_uniform_(a=sqrt(5)); bias_uniform_bound=1/sqrt(fan_in),0.5773502691896257,1.6692312089726329
asymmetric_both,True,0.0,1.0,1.6,0.1,0.35,0.1,0.21874999999999997,"(1.6, 0.0, 0.0)","(0.0, 0.0, 0.0)",1000,relu,True,12,3,6,30006,40006,False,0.5,0.5,False,True,2000,0.01,torch.nn.Linear.reset_parameters: kaiming_uniform_(a=sqrt(5)); bias_uniform_bound=1/sqrt(fan_in),0.5773502691896257,1.6619539590319619
asymmetric_both,True,0.0,1.0,1.6,0.1,0.35,0.1,0.21874999999999997,"(1.6, 0.0, 0.0)","(0.0, 0.0, 0.0)",1000,relu,True,12,3,7,30007,40007,False,0.5,0.5,False,True,2000,0.01,torch.nn.Linear.reset_parameters: kaiming_uniform_(a=sqrt(5)); bias_uniform_bound=1/sqrt(fan_in),0.5773502691896257,1.6776028330205008
asymmetric_both,True,0.0,1.0,1.6,0.1,0.35,0.1,0.21874999999999997,"(1.6, 0.0, 0.0)","(0.0, 0.0, 0.0)",1000,relu,True,12,3,8,30008,40008,False,0.5,0.5,False,True,2000,0.01,torch.nn.Linear.reset_parameters: kaiming_uniform_(a=sqrt(5)); bias_uniform_bound=1/sqrt(fan_in),0.5773502691896257,1.6714211660437286
asymmetric_both,True,0.0,1.0,1.6,0.1,0.35,0.1,0.21874999999999997,"(1.6, 0.0, 0.0)","(0.0, 0.0, 0.0)",1000,relu,True,12,3,9,30009,40009,False,0.5,0.5,False,True,2000,0.01,torch.nn.Linear.reset_parameters: kaiming_uniform_(a=sqrt(5)); bias_uniform_bound=1/sqrt(fan_in),0.5773502691896257,1.6645166659727693
asymmetric_both,True,0.0,1.0,1.6,0.1,0.35,0.1,0.21874999999999997,"(1.6, 0.0, 0.0)","(0.0, 0.0, 0.0)",1000,relu,True,12,4,0,30000,40000,False,0.5,0.5,False,True,2000,0.01,torch.nn.Linear.reset_parameters: kaiming_uniform_(a=sqrt(5)); bias_uniform_bound=1/sqrt(fan_in),0.5773502691896257,1.492580416961573
asymmetric_both,True,0.0,1.0,1.6,0.1,0.35,0.1,0.21874999999999997,"(1.6, 0.0, 0.0)","(0.0, 0.0, 0.0)",1000,relu,True,12,4,1,30001,40001,False,0.5,0.5,False,True,2000,0.01,torch.nn.Linear.reset_parameters: kaiming_uniform_(a=sqrt(5)); bias_uniform_bound=1/sqrt(fan_in),0.5773502691896257,1.4826942909276113
asymmetric_both,True,0.0,1.0,1.6,0.1,0.35,0.1,0.21874999999999997,"(1.6, 0.0, 0.0)","(0.0, 0.0, 0.0)",1000,relu,True,12,4,2,30002,40002,False,0.5,0.5,False,True,2000,0.01,torch.nn.Linear.reset_parameters: kaiming_uniform_(a=sqrt(5)); bias_uniform_bound=1/sqrt(fan_in),0.5773502691896257,1.4872298339614645
asymmetric_both,True,0.0,1.0,1.6,0.1,0.35,0.1,0.21874999999999997,"(1.6, 0.0, 0.0)","(0.0, 0.0, 0.0)",1000,relu,True,12,4,3,30003,40003,False,0.5,0.5,False,True,2000,0.01,torch.nn.Linear.reset_parameters: kaiming_uniform_(a=sqrt(5)); bias_uniform_bound=1/sqrt(fan_in),0.5773502691896257,1.485671625006944
asymmetric_both,True,0.0,1.0,1.6,0.1,0.35,0.1,0.21874999999999997,"(1.6, 0.0, 0.0)","(0.0, 0.0, 0.0)",1000,relu,True,12,4,4,30004,40004,False,0.5,0.5,False,True,2000,0.01,torch.nn.Linear.reset_parameters: kaiming_uniform_(a=sqrt(5)); bias_uniform_bound=1/sqrt(fan_in),0.5773502691896257,1.4899064999772236
asymmetric_both,True,0.0,1.0,1.6,0.1,0.35,0.1,0.21874999999999997,"(1.6, 0.0, 0.0)","(0.0, 0.0, 0.0)",1000,relu,True,12,4,5,30005,40005,False,0.991,0.987,False,False,2000,0.01,torch.nn.Linear.reset_parameters: kaiming_uniform_(a=sqrt(5)); bias_uniform_bound=1/sqrt(fan_in),0.5773502691896257,1.4855670420220122
asymmetric_both,True,0.0,1.0,1.6,0.1,0.35,0.1,0.21874999999999997,"(1.6, 0.0, 0.0)","(0.0, 0.0, 0.0)",1000,relu,True,12,4,6,30006,40006,False,0.5,0.5,False,True,2000,0.01,torch.nn.Linear.reset_parameters: kaiming_uniform_(a=sqrt(5)); bias_uniform_bound=1/sqrt(fan_in),0.5773502691896257,1.4931342080235481
asymmetric_both,True,0.0,1.0,1.6,0.1,0.35,0.1,0.21874999999999997,"(1.6, 0.0, 0.0)","(0.0, 0.0, 0.0)",1000,relu,True,12,4,7,30007,40007,False,0.99,0.9835,False,False,2000,0.01,torch.nn.Linear.reset_parameters: kaiming_uniform_(a=sqrt(5)); bias_uniform_bound=1/sqrt(fan_in),0.5773502691896257,1.5024905420141295
asymmetric_both,True,0.0,1.0,1.6,0.1,0.35,0.1,0.21874999999999997,"(1.6, 0.0, 0.0)","(0.0, 0.0, 0.0)",1000,relu,True,12,4,8,30008,40008,False,0.5,0.5,False,True,2000,0.01,torch.nn.Linear.reset_parameters: kaiming_uniform_(a=sqrt(5)); bias_uniform_bound=1/sqrt(fan_in),0.5773502691896257,1.5076597920851782
asymmetric_both,True,0.0,1.0,1.6,0.1,0.35,0.1,0.21874999999999997,"(1.6, 0.0, 0.0)","(0.0, 0.0, 0.0)",1000,relu,True,12,4,9,30009,40009,False,0.5,0.5,False,True,2000,0.01,torch.nn.Linear.reset_parameters: kaiming_uniform_(a=sqrt(5)); bias_uniform_bound=1/sqrt(fan_in),0.5773502691896257,1.5148234579246491
asymmetric_both,True,0.0,1.0,1.6,0.1,0.35,0.1,0.21874999999999997,"(1.6, 0.0, 0.0)","(0.0, 0.0, 0.0)",1000,leaky_relu,True,3,3,0,30000,40000,False,0.984,0.984,False,False,2000,0.01,torch.nn.Linear.reset_parameters: kaiming_uniform_(a=sqrt(5)); bias_uniform_bound=1/sqrt(fan_in),0.5773502691896257,0.6104052499867976
asymmetric_both,True,0.0,1.0,1.6,0.1,0.35,0.1,0.21874999999999997,"(1.6, 0.0, 0.0)","(0.0, 0.0, 0.0)",1000,leaky_relu,True,3,3,1,30001,40001,False,0.988,0.9855,False,False,2000,0.01,torch.nn.Linear.reset_parameters: kaiming_uniform_(a=sqrt(5)); bias_uniform_bound=1/sqrt(fan_in),0.5773502691896257,0.6017780840629712
asymmetric_both,True,0.0,1.0,1.6,0.1,0.35,0.1,0.21874999999999997,"(1.6, 0.0, 0.0)","(0.0, 0.0, 0.0)",1000,leaky_relu,True,3,3,2,30002,40002,False,0.984,0.9745,False,False,2000,0.01,torch.nn.Linear.reset_parameters: kaiming_uniform_(a=sqrt(5)); bias_uniform_bound=1/sqrt(fan_in),0.5773502691896257,0.59502429200802
asymmetric_both,True,0.0,1.0,1.6,0.1,0.35,0.1,0.21874999999999997,"(1.6, 0.0, 0.0)","(0.0, 0.0, 0.0)",1000,leaky_relu,True,3,3,3,30003,40003,False,0.9385,0.9485,False,False,2000,0.01,torch.nn.Linear.reset_parameters: kaiming_uniform_(a=sqrt(5)); bias_uniform_bound=1/sqrt(fan_in),0.5773502691896257,0.5983748749131337
asymmetric_both,True,0.0,1.0,1.6,0.1,0.35,0.1,0.21874999999999997,"(1.6, 0.0, 0.0)","(0.0, 0.0, 0.0)",1000,leaky_relu,True,3,3,4,30004,40004,False,0.9915,0.9915,False,False,2000,0.01,torch.nn.Linear.reset_parameters: kaiming_uniform_(a=sqrt(5)); bias_uniform_bound=1/sqrt(fan_in),0.5773502691896257,0.595875124912709
asymmetric_both,True,0.0,1.0,1.6,0.1,0.35,0.1,0.21874999999999997,"(1.6, 0.0, 0.0)","(0.0, 0.0, 0.0)",1000,leaky_relu,True,3,3,5,30005,40005,False,0.9915,0.99,False,False,2000,0.01,torch.nn.Linear.reset_parameters: kaiming_uniform_(a=sqrt(5)); bias_uniform_bound=1/sqrt(fan_in),0.5773502691896257,0.6003699169959873
asymmetric_both,True,0.0,1.0,1.6,0.1,0.35,0.1,0.21874999999999997,"(1.6, 0.0, 0.0)","(0.0, 0.0, 0.0)",1000,leaky_relu,True,3,3,6,30006,40006,False,0.99,0.991,False,False,2000,0.01,torch.nn.Linear.reset_parameters: kaiming_uniform_(a=sqrt(5)); bias_uniform_bound=1/sqrt(fan_in),0.5773502691896257,0.5951872080331668
asymmetric_both,True,0.0,1.0,1.6,0.1,0.35,0.1,0.21874999999999997,"(1.6, 0.0, 0.0)","(0.0, 0.0, 0.0)",1000,leaky_relu,True,3,3,7,30007,40007,False,0.936,0.942,False,False,2000,0.01,torch.nn.Linear.reset_parameters: kaiming_uniform_(a=sqrt(5)); bias_uniform_bound=1/sqrt(fan_in),0.5773502691896257,0.5950065000215545
asymmetric_both,True,0.0,1.0,1.6,0.1,0.35,0.1,0.21874999999999997,"(1.6, 0.0, 0.0)","(0.0, 0.0, 0.0)",1000,leaky_relu,True,3,3,8,30008,40008,False,0.9875,0.989,False,False,2000,0.01,torch.nn.Linear.reset_parameters: kaiming_uniform_(a=sqrt(5)); bias_uniform_bound=1/sqrt(fan_in),0.5773502691896257,0.6400579999899492
asymmetric_both,True,0.0,1.0,1.6,0.1,0.35,0.1,0.21874999999999997,"(1.6, 0.0, 0.0)","(0.0, 0.0, 0.0)",1000,leaky_relu,True,3,3,9,30009,40009,False,0.986,0.981,False,False,2000,0.01,torch.nn.Linear.reset_parameters: kaiming_uniform_(a=sqrt(5)); bias_uniform_bound=1/sqrt(fan_in),0.5773502691896257,0.5877873339923099
asymmetric_both,True,0.0,1.0,1.6,0.1,0.35,0.1,0.21874999999999997,"(1.6, 0.0, 0.0)","(0.0, 0.0, 0.0)",1000,leaky_relu,True,3,4,0,30000,40000,False,0.9915,0.9875,False,False,2000,0.01,torch.nn.Linear.reset_parameters: kaiming_uniform_(a=sqrt(5)); bias_uniform_bound=1/sqrt(fan_in),0.5773502691896257,0.5571357499575242
asymmetric_both,True,0.0,1.0,1.6,0.1,0.35,0.1,0.21874999999999997,"(1.6, 0.0, 0.0)","(0.0, 0.0, 0.0)",1000,leaky_relu,True,3,4,1,30001,40001,False,0.9885,0.987,False,False,2000,0.01,torch.nn.Linear.reset_parameters: kaiming_uniform_(a=sqrt(5)); bias_uniform_bound=1/sqrt(fan_in),0.5773502691896257,0.559353250078857
asymmetric_both,True,0.0,1.0,1.6,0.1,0.35,0.1,0.21874999999999997,"(1.6, 0.0, 0.0)","(0.0, 0.0, 0.0)",1000,leaky_relu,True,3,4,2,30002,40002,False,0.9835,0.98,False,False,2000,0.01,torch.nn.Linear.reset_parameters: kaiming_uniform_(a=sqrt(5)); bias_uniform_bound=1/sqrt(fan_in),0.5773502691896257,0.554115833947435
asymmetric_both,True,0.0,1.0,1.6,0.1,0.35,0.1,0.21874999999999997,"(1.6, 0.0, 0.0)","(0.0, 0.0, 0.0)",1000,leaky_relu,True,3,4,3,30003,40003,False,0.9855,0.9745,False,False,2000,0.01,torch.nn.Linear.reset_parameters: kaiming_uniform_(a=sqrt(5)); bias_uniform_bound=1/sqrt(fan_in),0.5773502691896257,0.552623915951699
asymmetric_both,True,0.0,1.0,1.6,0.1,0.35,0.1,0.21874999999999997,"(1.6, 0.0, 0.0)","(0.0, 0.0, 0.0)",1000,leaky_relu,True,3,4,4,30004,40004,False,0.987,0.9875,False,False,2000,0.01,torch.nn.Linear.reset_parameters: kaiming_uniform_(a=sqrt(5)); bias_uniform_bound=1/sqrt(fan_in),0.5773502691896257,0.556154791964218
asymmetric_both,True,0.0,1.0,1.6,0.1,0.35,0.1,0.21874999999999997,"(1.6, 0.0, 0.0)","(0.0, 0.0, 0.0)",1000,leaky_relu,True,3,4,5,30005,40005,True,1.0,1.0,True,False,2000,0.01,torch.nn.Linear.reset_parameters: kaiming_uniform_(a=sqrt(5)); bias_uniform_bound=1/sqrt(fan_in),0.5773502691896257,0.5563096250407398
asymmetric_both,True,0.0,1.0,1.6,0.1,0.35,0.1,0.21874999999999997,"(1.6, 0.0, 0.0)","(0.0, 0.0, 0.0)",1000,leaky_relu,True,3,4,6,30006,40006,True,1.0,1.0,True,False,2000,0.01,torch.nn.Linear.reset_parameters: kaiming_uniform_(a=sqrt(5)); bias_uniform_bound=1/sqrt(fan_in),0.5773502691896257,0.5550755829317495
asymmetric_both,True,0.0,1.0,1.6,0.1,0.35,0.1,0.21874999999999997,"(1.6, 0.0, 0.0)","(0.0, 0.0, 0.0)",1000,leaky_relu,True,3,4,7,30007,40007,False,0.985,0.9845,False,False,2000,0.01,torch.nn.Linear.reset_parameters: kaiming_uniform_(a=sqrt(5)); bias_uniform_bound=1/sqrt(fan_in),0.5773502691896257,0.555827375035733
asymmetric_both,True,0.0,1.0,1.6,0.1,0.35,0.1,0.21874999999999997,"(1.6, 0.0, 0.0)","(0.0, 0.0, 0.0)",1000,leaky_relu,True,3,4,8,30008,40008,False,0.9865,0.9805,False,False,2000,0.01,torch.nn.Linear.reset_parameters: kaiming_uniform_(a=sqrt(5)); bias_uniform_bound=1/sqrt(fan_in),0.5773502691896257,0.555178833892569
asymmetric_both,True,0.0,1.0,1.6,0.1,0.35,0.1,0.21874999999999997,"(1.6, 0.0, 0.0)","(0.0, 0.0, 0.0)",1000,leaky_relu,True,3,4,9,30009,40009,False,0.9925,0.987,False,False,2000,0.01,torch.nn.Linear.reset_parameters: kaiming_uniform_(a=sqrt(5)); bias_uniform_bound=1/sqrt(fan_in),0.5773502691896257,0.5595990830333903
asymmetric_both,True,0.0,1.0,1.6,0.1,0.35,0.1,0.21874999999999997,"(1.6, 0.0, 0.0)","(0.0, 0.0, 0.0)",1000,leaky_relu,True,5,3,0,30000,40000,False,0.99,0.989,False,False,2000,0.01,torch.nn.Linear.reset_parameters: kaiming_uniform_(a=sqrt(5)); bias_uniform_bound=1/sqrt(fan_in),0.5773502691896257,0.835872457944788
asymmetric_both,True,0.0,1.0,1.6,0.1,0.35,0.1,0.21874999999999997,"(1.6, 0.0, 0.0)","(0.0, 0.0, 0.0)",1000,leaky_relu,True,5,3,1,30001,40001,False,0.9835,0.975,False,False,2000,0.01,torch.nn.Linear.reset_parameters: kaiming_uniform_(a=sqrt(5)); bias_uniform_bound=1/sqrt(fan_in),0.5773502691896257,0.8410387079929933
asymmetric_both,True,0.0,1.0,1.6,0.1,0.35,0.1,0.21874999999999997,"(1.6, 0.0, 0.0)","(0.0, 0.0, 0.0)",1000,leaky_relu,True,5,3,2,30002,40002,False,0.9835,0.9755,False,False,2000,0.01,torch.nn.Linear.reset_parameters: kaiming_uniform_(a=sqrt(5)); bias_uniform_bound=1/sqrt(fan_in),0.5773502691896257,0.8442180830752477
asymmetric_both,True,0.0,1.0,1.6,0.1,0.35,0.1,0.21874999999999997,"(1.6, 0.0, 0.0)","(0.0, 0.0, 0.0)",1000,leaky_relu,True,5,3,3,30003,40003,False,0.9295,0.9405,False,False,2000,0.01,torch.nn.Linear.reset_parameters: kaiming_uniform_(a=sqrt(5)); bias_uniform_bound=1/sqrt(fan_in),0.5773502691896257,0.839954667026177
asymmetric_both,True,0.0,1.0,1.6,0.1,0.35,0.1,0.21874999999999997,"(1.6, 0.0, 0.0)","(0.0, 0.0, 0.0)",1000,leaky_relu,True,5,3,4,30004,40004,False,0.9925,0.993,False,False,2000,0.01,torch.nn.Linear.reset_parameters: kaiming_uniform_(a=sqrt(5)); bias_uniform_bound=1/sqrt(fan_in),0.5773502691896257,0.8461301670176908
asymmetric_both,True,0.0,1.0,1.6,0.1,0.35,0.1,0.21874999999999997,"(1.6, 0.0, 0.0)","(0.0, 0.0, 0.0)",1000,leaky_relu,True,5,3,5,30005,40005,False,0.9925,0.9895,False,False,2000,0.01,torch.nn.Linear.reset_parameters: kaiming_uniform_(a=sqrt(5)); bias_uniform_bound=1/sqrt(fan_in),0.5773502691896257,0.8350207500625402
asymmetric_both,True,0.0,1.0,1.6,0.1,0.35,0.1,0.21874999999999997,"(1.6, 0.0, 0.0)","(0.0, 0.0, 0.0)",1000,leaky_relu,True,5,3,6,30006,40006,False,0.9905,0.99,False,False,2000,0.01,torch.nn.Linear.reset_parameters: kaiming_uniform_(a=sqrt(5)); bias_uniform_bound=1/sqrt(fan_in),0.5773502691896257,0.8370258749928325
asymmetric_both,True,0.0,1.0,1.6,0.1,0.35,0.1,0.21874999999999997,"(1.6, 0.0, 0.0)","(0.0, 0.0, 0.0)",1000,leaky_relu,True,5,3,7,30007,40007,False,0.9775,0.967,False,False,2000,0.01,torch.nn.Linear.reset_parameters: kaiming_uniform_(a=sqrt(5)); bias_uniform_bound=1/sqrt(fan_in),0.5773502691896257,0.834421791951172
asymmetric_both,True,0.0,1.0,1.6,0.1,0.35,0.1,0.21874999999999997,"(1.6, 0.0, 0.0)","(0.0, 0.0, 0.0)",1000,leaky_relu,True,5,3,8,30008,40008,False,0.9805,0.9665,False,False,2000,0.01,torch.nn.Linear.reset_parameters: kaiming_uniform_(a=sqrt(5)); bias_uniform_bound=1/sqrt(fan_in),0.5773502691896257,0.8412257499294356
asymmetric_both,True,0.0,1.0,1.6,0.1,0.35,0.1,0.21874999999999997,"(1.6, 0.0, 0.0)","(0.0, 0.0, 0.0)",1000,leaky_relu,True,5,3,9,30009,40009,False,0.9825,0.977,False,False,2000,0.01,torch.nn.Linear.reset_parameters: kaiming_uniform_(a=sqrt(5)); bias_uniform_bound=1/sqrt(fan_in),0.5773502691896257,0.8358814999228343
asymmetric_both,True,0.0,1.0,1.6,0.1,0.35,0.1,0.21874999999999997,"(1.6, 0.0, 0.0)","(0.0, 0.0, 0.0)",1000,leaky_relu,True,5,4,0,30000,40000,False,0.991,0.9915,False,False,2000,0.01,torch.nn.Linear.reset_parameters: kaiming_uniform_(a=sqrt(5)); bias_uniform_bound=1/sqrt(fan_in),0.5773502691896257,0.7674924160819501
asymmetric_both,True,0.0,1.0,1.6,0.1,0.35,0.1,0.21874999999999997,"(1.6, 0.0, 0.0)","(0.0, 0.0, 0.0)",1000,leaky_relu,True,5,4,1,30001,40001,True,1.0,0.999,False,False,2000,0.01,torch.nn.Linear.reset_parameters: kaiming_uniform_(a=sqrt(5)); bias_uniform_bound=1/sqrt(fan_in),0.5773502691896257,0.7706146249547601
asymmetric_both,True,0.0,1.0,1.6,0.1,0.35,0.1,0.21874999999999997,"(1.6, 0.0, 0.0)","(0.0, 0.0, 0.0)",1000,leaky_relu,True,5,4,2,30002,40002,False,0.987,0.9815,False,False,2000,0.01,torch.nn.Linear.reset_parameters: kaiming_uniform_(a=sqrt(5)); bias_uniform_bound=1/sqrt(fan_in),0.5773502691896257,0.7714556669816375
asymmetric_both,True,0.0,1.0,1.6,0.1,0.35,0.1,0.21874999999999997,"(1.6, 0.0, 0.0)","(0.0, 0.0, 0.0)",1000,leaky_relu,True,5,4,3,30003,40003,False,0.9925,0.9875,False,False,2000,0.01,torch.nn.Linear.reset_parameters: kaiming_uniform_(a=sqrt(5)); bias_uniform_bound=1/sqrt(fan_in),0.5773502691896257,0.7714076669653878
asymmetric_both,True,0.0,1.0,1.6,0.1,0.35,0.1,0.21874999999999997,"(1.6, 0.0, 0.0)","(0.0, 0.0, 0.0)",1000,leaky_relu,True,5,4,4,30004,40004,False,0.99,0.9835,False,False,2000,0.01,torch.nn.Linear.reset_parameters: kaiming_uniform_(a=sqrt(5)); bias_uniform_bound=1/sqrt(fan_in),0.5773502691896257,0.7702647920232266
asymmetric_both,True,0.0,1.0,1.6,0.1,0.35,0.1,0.21874999999999997,"(1.6, 0.0, 0.0)","(0.0, 0.0, 0.0)",1000,leaky_relu,True,5,4,5,30005,40005,True,1.0,1.0,True,False,2000,0.01,torch.nn.Linear.reset_parameters: kaiming_uniform_(a=sqrt(5)); bias_uniform_bound=1/sqrt(fan_in),0.5773502691896257,0.7654529169667512
asymmetric_both,True,0.0,1.0,1.6,0.1,0.35,0.1,0.21874999999999997,"(1.6, 0.0, 0.0)","(0.0, 0.0, 0.0)",1000,leaky_relu,True,5,4,6,30006,40006,False,0.9955,0.996,False,False,2000,0.01,torch.nn.Linear.reset_parameters: kaiming_uniform_(a=sqrt(5)); bias_uniform_bound=1/sqrt(fan_in),0.5773502691896257,0.7709339580032974
asymmetric_both,True,0.0,1.0,1.6,0.1,0.35,0.1,0.21874999999999997,"(1.6, 0.0, 0.0)","(0.0, 0.0, 0.0)",1000,leaky_relu,True,5,4,7,30007,40007,False,0.9915,0.986,False,False,2000,0.01,torch.nn.Linear.reset_parameters: kaiming_uniform_(a=sqrt(5)); bias_uniform_bound=1/sqrt(fan_in),0.5773502691896257,0.7672002910403535
asymmetric_both,True,0.0,1.0,1.6,0.1,0.35,0.1,0.21874999999999997,"(1.6, 0.0, 0.0)","(0.0, 0.0, 0.0)",1000,leaky_relu,True,5,4,8,30008,40008,False,0.965,0.9675,False,False,2000,0.01,torch.nn.Linear.reset_parameters: kaiming_uniform_(a=sqrt(5)); bias_uniform_bound=1/sqrt(fan_in),0.5773502691896257,0.7712722920114174
asymmetric_both,True,0.0,1.0,1.6,0.1,0.35,0.1,0.21874999999999997,"(1.6, 0.0, 0.0)","(0.0, 0.0, 0.0)",1000,leaky_relu,True,5,4,9,30009,40009,False,0.9795,0.9775,False,False,2000,0.01,torch.nn.Linear.reset_parameters: kaiming_uniform_(a=sqrt(5)); bias_uniform_bound=1/sqrt(fan_in),0.5773502691896257,0.7720853330101818
asymmetric_both,True,0.0,1.0,1.6,0.1,0.35,0.1,0.21874999999999997,"(1.6, 0.0, 0.0)","(0.0, 0.0, 0.0)",1000,leaky_relu,True,8,3,0,30000,40000,False,0.936,0.9405,False,False,2000,0.01,torch.nn.Linear.reset_parameters: kaiming_uniform_(a=sqrt(5)); bias_uniform_bound=1/sqrt(fan_in),0.5773502691896257,1.2021997919073328
asymmetric_both,True,0.0,1.0,1.6,0.1,0.35,0.1,0.21874999999999997,"(1.6, 0.0, 0.0)","(0.0, 0.0, 0.0)",1000,leaky_relu,True,8,3,1,30001,40001,False,0.984,0.9795,False,False,2000,0.01,torch.nn.Linear.reset_parameters: kaiming_uniform_(a=sqrt(5)); bias_uniform_bound=1/sqrt(fan_in),0.5773502691896257,1.2173755839467049
asymmetric_both,True,0.0,1.0,1.6,0.1,0.35,0.1,0.21874999999999997,"(1.6, 0.0, 0.0)","(0.0, 0.0, 0.0)",1000,leaky_relu,True,8,3,2,30002,40002,False,0.9835,0.9745,False,False,2000,0.01,torch.nn.Linear.reset_parameters: kaiming_uniform_(a=sqrt(5)); bias_uniform_bound=1/sqrt(fan_in),0.5773502691896257,1.1983600840903819
asymmetric_both,True,0.0,1.0,1.6,0.1,0.35,0.1,0.21874999999999997,"(1.6, 0.0, 0.0)","(0.0, 0.0, 0.0)",1000,leaky_relu,True,8,3,3,30003,40003,False,0.9415,0.952,False,False,2000,0.01,torch.nn.Linear.reset_parameters: kaiming_uniform_(a=sqrt(5)); bias_uniform_bound=1/sqrt(fan_in),0.5773502691896257,1.2004249159945175
asymmetric_both,True,0.0,1.0,1.6,0.1,0.35,0.1,0.21874999999999997,"(1.6, 0.0, 0.0)","(0.0, 0.0, 0.0)",1000,leaky_relu,True,8,3,4,30004,40004,False,0.994,0.989,False,False,2000,0.01,torch.nn.Linear.reset_parameters: kaiming_uniform_(a=sqrt(5)); bias_uniform_bound=1/sqrt(fan_in),0.5773502691896257,1.2095921670552343
asymmetric_both,True,0.0,1.0,1.6,0.1,0.35,0.1,0.21874999999999997,"(1.6, 0.0, 0.0)","(0.0, 0.0, 0.0)",1000,leaky_relu,True,8,3,5,30005,40005,False,0.9925,0.99,False,False,2000,0.01,torch.nn.Linear.reset_parameters: kaiming_uniform_(a=sqrt(5)); bias_uniform_bound=1/sqrt(fan_in),0.5773502691896257,1.1997807499719784
asymmetric_both,True,0.0,1.0,1.6,0.1,0.35,0.1,0.21874999999999997,"(1.6, 0.0, 0.0)","(0.0, 0.0, 0.0)",1000,leaky_relu,True,8,3,6,30006,40006,False,0.9905,0.991,False,False,2000,0.01,torch.nn.Linear.reset_parameters: kaiming_uniform_(a=sqrt(5)); bias_uniform_bound=1/sqrt(fan_in),0.5773502691896257,1.1939918330172077
asymmetric_both,True,0.0,1.0,1.6,0.1,0.35,0.1,0.21874999999999997,"(1.6, 0.0, 0.0)","(0.0, 0.0, 0.0)",1000,leaky_relu,True,8,3,7,30007,40007,False,0.98,0.9645,False,False,2000,0.01,torch.nn.Linear.reset_parameters: kaiming_uniform_(a=sqrt(5)); bias_uniform_bound=1/sqrt(fan_in),0.5773502691896257,1.2108492500847206
asymmetric_both,True,0.0,1.0,1.6,0.1,0.35,0.1,0.21874999999999997,"(1.6, 0.0, 0.0)","(0.0, 0.0, 0.0)",1000,leaky_relu,True,8,3,8,30008,40008,False,0.986,0.9905,False,False,2000,0.01,torch.nn.Linear.reset_parameters: kaiming_uniform_(a=sqrt(5)); bias_uniform_bound=1/sqrt(fan_in),0.5773502691896257,1.19325741706416
asymmetric_both,True,0.0,1.0,1.6,0.1,0.35,0.1,0.21874999999999997,"(1.6, 0.0, 0.0)","(0.0, 0.0, 0.0)",1000,leaky_relu,True,8,3,9,30009,40009,False,0.99,0.987,False,False,2000,0.01,torch.nn.Linear.reset_parameters: kaiming_uniform_(a=sqrt(5)); bias_uniform_bound=1/sqrt(fan_in),0.5773502691896257,1.209163749939762
asymmetric_both,True,0.0,1.0,1.6,0.1,0.35,0.1,0.21874999999999997,"(1.6, 0.0, 0.0)","(0.0, 0.0, 0.0)",1000,leaky_relu,True,8,4,0,30000,40000,False,0.9905,0.9845,False,False,2000,0.01,torch.nn.Linear.reset_parameters: kaiming_uniform_(a=sqrt(5)); bias_uniform_bound=1/sqrt(fan_in),0.5773502691896257,1.0913574169389904
asymmetric_both,True,0.0,1.0,1.6,0.1,0.35,0.1,0.21874999999999997,"(1.6, 0.0, 0.0)","(0.0, 0.0, 0.0)",1000,leaky_relu,True,8,4,1,30001,40001,False,0.9885,0.987,False,False,2000,0.01,torch.nn.Linear.reset_parameters: kaiming_uniform_(a=sqrt(5)); bias_uniform_bound=1/sqrt(fan_in),0.5773502691896257,1.0969297080300748
asymmetric_both,True,0.0,1.0,1.6,0.1,0.35,0.1,0.21874999999999997,"(1.6, 0.0, 0.0)","(0.0, 0.0, 0.0)",1000,leaky_relu,True,8,4,2,30002,40002,False,0.9845,0.979,False,False,2000,0.01,torch.nn.Linear.reset_parameters: kaiming_uniform_(a=sqrt(5)); bias_uniform_bound=1/sqrt(fan_in),0.5773502691896257,1.1005437079584226
asymmetric_both,True,0.0,1.0,1.6,0.1,0.35,0.1,0.21874999999999997,"(1.6, 0.0, 0.0)","(0.0, 0.0, 0.0)",1000,leaky_relu,True,8,4,3,30003,40003,False,0.991,0.988,False,False,2000,0.01,torch.nn.Linear.reset_parameters: kaiming_uniform_(a=sqrt(5)); bias_uniform_bound=1/sqrt(fan_in),0.5773502691896257,1.092879791976884
asymmetric_both,True,0.0,1.0,1.6,0.1,0.35,0.1,0.21874999999999997,"(1.6, 0.0, 0.0)","(0.0, 0.0, 0.0)",1000,leaky_relu,True,8,4,4,30004,40004,False,0.989,0.9815,False,False,2000,0.01,torch.nn.Linear.reset_parameters: kaiming_uniform_(a=sqrt(5)); bias_uniform_bound=1/sqrt(fan_in),0.5773502691896257,1.086652582976967
asymmetric_both,True,0.0,1.0,1.6,0.1,0.35,0.1,0.21874999999999997,"(1.6, 0.0, 0.0)","(0.0, 0.0, 0.0)",1000,leaky_relu,True,8,4,5,30005,40005,False,0.991,0.989,False,False,2000,0.01,torch.nn.Linear.reset_parameters: kaiming_uniform_(a=sqrt(5)); bias_uniform_bound=1/sqrt(fan_in),0.5773502691896257,1.0860764170065522
asymmetric_both,True,0.0,1.0,1.6,0.1,0.35,0.1,0.21874999999999997,"(1.6, 0.0, 0.0)","(0.0, 0.0, 0.0)",1000,leaky_relu,True,8,4,6,30006,40006,False,0.9895,0.988,False,False,2000,0.01,torch.nn.Linear.reset_parameters: kaiming_uniform_(a=sqrt(5)); bias_uniform_bound=1/sqrt(fan_in),0.5773502691896257,1.0867941249161959
asymmetric_both,True,0.0,1.0,1.6,0.1,0.35,0.1,0.21874999999999997,"(1.6, 0.0, 0.0)","(0.0, 0.0, 0.0)",1000,leaky_relu,True,8,4,7,30007,40007,False,0.995,0.9895,False,False,2000,0.01,torch.nn.Linear.reset_parameters: kaiming_uniform_(a=sqrt(5)); bias_uniform_bound=1/sqrt(fan_in),0.5773502691896257,1.087251582997851
asymmetric_both,True,0.0,1.0,1.6,0.1,0.35,0.1,0.21874999999999997,"(1.6, 0.0, 0.0)","(0.0, 0.0, 0.0)",1000,leaky_relu,True,8,4,8,30008,40008,False,0.988,0.9925,False,False,2000,0.01,torch.nn.Linear.reset_parameters: kaiming_uniform_(a=sqrt(5)); bias_uniform_bound=1/sqrt(fan_in),0.5773502691896257,1.0793051660293713
asymmetric_both,True,0.0,1.0,1.6,0.1,0.35,0.1,0.21874999999999997,"(1.6, 0.0, 0.0)","(0.0, 0.0, 0.0)",1000,leaky_relu,True,8,4,9,30009,40009,True,1.0,0.999,False,False,2000,0.01,torch.nn.Linear.reset_parameters: kaiming_uniform_(a=sqrt(5)); bias_uniform_bound=1/sqrt(fan_in),0.5773502691896257,1.0968655840260908
asymmetric_both,True,0.0,1.0,1.6,0.1,0.35,0.1,0.21874999999999997,"(1.6, 0.0, 0.0)","(0.0, 0.0, 0.0)",1000,leaky_relu,True,12,3,0,30000,40000,False,0.5,0.5,False,True,2000,0.01,torch.nn.Linear.reset_parameters: kaiming_uniform_(a=sqrt(5)); bias_uniform_bound=1/sqrt(fan_in),0.5773502691896257,1.7051164580043405
asymmetric_both,True,0.0,1.0,1.6,0.1,0.35,0.1,0.21874999999999997,"(1.6, 0.0, 0.0)","(0.0, 0.0, 0.0)",1000,leaky_relu,True,12,3,1,30001,40001,False,0.5,0.5,False,True,2000,0.01,torch.nn.Linear.reset_parameters: kaiming_uniform_(a=sqrt(5)); bias_uniform_bound=1/sqrt(fan_in),0.5773502691896257,1.6873984159901738
asymmetric_both,True,0.0,1.0,1.6,0.1,0.35,0.1,0.21874999999999997,"(1.6, 0.0, 0.0)","(0.0, 0.0, 0.0)",1000,leaky_relu,True,12,3,2,30002,40002,False,0.984,0.978,False,False,2000,0.01,torch.nn.Linear.reset_parameters: kaiming_uniform_(a=sqrt(5)); bias_uniform_bound=1/sqrt(fan_in),0.5773502691896257,1.7002429160056636
asymmetric_both,True,0.0,1.0,1.6,0.1,0.35,0.1,0.21874999999999997,"(1.6, 0.0, 0.0)","(0.0, 0.0, 0.0)",1000,leaky_relu,True,12,3,3,30003,40003,False,0.934,0.9445,False,False,2000,0.01,torch.nn.Linear.reset_parameters: kaiming_uniform_(a=sqrt(5)); bias_uniform_bound=1/sqrt(fan_in),0.5773502691896257,1.6808989580022171
asymmetric_both,True,0.0,1.0,1.6,0.1,0.35,0.1,0.21874999999999997,"(1.6, 0.0, 0.0)","(0.0, 0.0, 0.0)",1000,leaky_relu,True,12,3,4,30004,40004,False,0.9925,0.9895,False,False,2000,0.01,torch.nn.Linear.reset_parameters: kaiming_uniform_(a=sqrt(5)); bias_uniform_bound=1/sqrt(fan_in),0.5773502691896257,1.693986332975328
asymmetric_both,True,0.0,1.0,1.6,0.1,0.35,0.1,0.21874999999999997,"(1.6, 0.0, 0.0)","(0.0, 0.0, 0.0)",1000,leaky_relu,True,12,3,5,30005,40005,False,0.992,0.9905,False,False,2000,0.01,torch.nn.Linear.reset_parameters: kaiming_uniform_(a=sqrt(5)); bias_uniform_bound=1/sqrt(fan_in),0.5773502691896257,1.6793389579979703
asymmetric_both,True,0.0,1.0,1.6,0.1,0.35,0.1,0.21874999999999997,"(1.6, 0.0, 0.0)","(0.0, 0.0, 0.0)",1000,leaky_relu,True,12,3,6,30006,40006,False,0.5,0.5,False,True,2000,0.01,torch.nn.Linear.reset_parameters: kaiming_uniform_(a=sqrt(5)); bias_uniform_bound=1/sqrt(fan_in),0.5773502691896257,1.6837994580855593
asymmetric_both,True,0.0,1.0,1.6,0.1,0.35,0.1,0.21874999999999997,"(1.6, 0.0, 0.0)","(0.0, 0.0, 0.0)",1000,leaky_relu,True,12,3,7,30007,40007,False,0.9265,0.927,False,False,2000,0.01,torch.nn.Linear.reset_parameters: kaiming_uniform_(a=sqrt(5)); bias_uniform_bound=1/sqrt(fan_in),0.5773502691896257,1.6815280419541523
asymmetric_both,True,0.0,1.0,1.6,0.1,0.35,0.1,0.21874999999999997,"(1.6, 0.0, 0.0)","(0.0, 0.0, 0.0)",1000,leaky_relu,True,12,3,8,30008,40008,False,0.5,0.5,False,True,2000,0.01,torch.nn.Linear.reset_parameters: kaiming_uniform_(a=sqrt(5)); bias_uniform_bound=1/sqrt(fan_in),0.5773502691896257,1.68656220799312
asymmetric_both,True,0.0,1.0,1.6,0.1,0.35,0.1,0.21874999999999997,"(1.6, 0.0, 0.0)","(0.0, 0.0, 0.0)",1000,leaky_relu,True,12,3,9,30009,40009,False,0.979,0.981,False,False,2000,0.01,torch.nn.Linear.reset_parameters: kaiming_uniform_(a=sqrt(5)); bias_uniform_bound=1/sqrt(fan_in),0.5773502691896257,1.6810983340255916
asymmetric_both,True,0.0,1.0,1.6,0.1,0.35,0.1,0.21874999999999997,"(1.6, 0.0, 0.0)","(0.0, 0.0, 0.0)",1000,leaky_relu,True,12,4,0,30000,40000,False,0.9885,0.99,False,False,2000,0.01,torch.nn.Linear.reset_parameters: kaiming_uniform_(a=sqrt(5)); bias_uniform_bound=1/sqrt(fan_in),0.5773502691896257,1.5007366670761257
asymmetric_both,True,0.0,1.0,1.6,0.1,0.35,0.1,0.21874999999999997,"(1.6, 0.0, 0.0)","(0.0, 0.0, 0.0)",1000,leaky_relu,True,12,4,1,30001,40001,False,0.985,0.9805,False,False,2000,0.01,torch.nn.Linear.reset_parameters: kaiming_uniform_(a=sqrt(5)); bias_uniform_bound=1/sqrt(fan_in),0.5773502691896257,1.4916665409691632
asymmetric_both,True,0.0,1.0,1.6,0.1,0.35,0.1,0.21874999999999997,"(1.6, 0.0, 0.0)","(0.0, 0.0, 0.0)",1000,leaky_relu,True,12,4,2,30002,40002,False,0.9805,0.9725,False,False,2000,0.01,torch.nn.Linear.reset_parameters: kaiming_uniform_(a=sqrt(5)); bias_uniform_bound=1/sqrt(fan_in),0.5773502691896257,1.4977067910367623
asymmetric_both,True,0.0,1.0,1.6,0.1,0.35,0.1,0.21874999999999997,"(1.6, 0.0, 0.0)","(0.0, 0.0, 0.0)",1000,leaky_relu,True,12,4,3,30003,40003,False,0.9905,0.987,False,False,2000,0.01,torch.nn.Linear.reset_parameters: kaiming_uniform_(a=sqrt(5)); bias_uniform_bound=1/sqrt(fan_in),0.5773502691896257,1.4955100420629606
asymmetric_both,True,0.0,1.0,1.6,0.1,0.35,0.1,0.21874999999999997,"(1.6, 0.0, 0.0)","(0.0, 0.0, 0.0)",1000,leaky_relu,True,12,4,4,30004,40004,False,0.991,0.987,False,False,2000,0.01,torch.nn.Linear.reset_parameters: kaiming_uniform_(a=sqrt(5)); bias_uniform_bound=1/sqrt(fan_in),0.5773502691896257,1.4935647499514744
asymmetric_both,True,0.0,1.0,1.6,0.1,0.35,0.1,0.21874999999999997,"(1.6, 0.0, 0.0)","(0.0, 0.0, 0.0)",1000,leaky_relu,True,12,4,5,30005,40005,True,1.0,0.999,False,False,2000,0.01,torch.nn.Linear.reset_parameters: kaiming_uniform_(a=sqrt(5)); bias_uniform_bound=1/sqrt(fan_in),0.5773502691896257,1.4964037920581177
asymmetric_both,True,0.0,1.0,1.6,0.1,0.35,0.1,0.21874999999999997,"(1.6, 0.0, 0.0)","(0.0, 0.0, 0.0)",1000,leaky_relu,True,12,4,6,30006,40006,False,0.9905,0.9905,False,False,2000,0.01,torch.nn.Linear.reset_parameters: kaiming_uniform_(a=sqrt(5)); bias_uniform_bound=1/sqrt(fan_in),0.5773502691896257,1.5000262920511886
asymmetric_both,True,0.0,1.0,1.6,0.1,0.35,0.1,0.21874999999999997,"(1.6, 0.0, 0.0)","(0.0, 0.0, 0.0)",1000,leaky_relu,True,12,4,7,30007,40007,False,0.938,0.9365,False,False,2000,0.01,torch.nn.Linear.reset_parameters: kaiming_uniform_(a=sqrt(5)); bias_uniform_bound=1/sqrt(fan_in),0.5773502691896257,1.4980082080001011
asymmetric_both,True,0.0,1.0,1.6,0.1,0.35,0.1,0.21874999999999997,"(1.6, 0.0, 0.0)","(0.0, 0.0, 0.0)",1000,leaky_relu,True,12,4,8,30008,40008,False,0.9855,0.9865,False,False,2000,0.01,torch.nn.Linear.reset_parameters: kaiming_uniform_(a=sqrt(5)); bias_uniform_bound=1/sqrt(fan_in),0.5773502691896257,1.5043022090103477
asymmetric_both,True,0.0,1.0,1.6,0.1,0.35,0.1,0.21874999999999997,"(1.6, 0.0, 0.0)","(0.0, 0.0, 0.0)",1000,leaky_relu,True,12,4,9,30009,40009,False,0.985,0.985,False,False,2000,0.01,torch.nn.Linear.reset_parameters: kaiming_uniform_(a=sqrt(5)); bias_uniform_bound=1/sqrt(fan_in),0.5773502691896257,1.502408582950011
asymmetric_both,True,0.0,1.0,1.6,0.1,0.35,0.1,0.21874999999999997,"(1.6, 0.0, 0.0)","(0.0, 0.0, 0.0)",1000,gelu,False,3,3,0,30000,40000,False,0.988,0.987,False,False,2000,0.01,torch.nn.Linear.reset_parameters: kaiming_uniform_(a=sqrt(5)); bias_uniform_bound=1/sqrt(fan_in),0.5773502691896257,0.6625037919729948
asymmetric_both,True,0.0,1.0,1.6,0.1,0.35,0.1,0.21874999999999997,"(1.6, 0.0, 0.0)","(0.0, 0.0, 0.0)",1000,gelu,False,3,3,1,30001,40001,False,0.988,0.9845,False,False,2000,0.01,torch.nn.Linear.reset_parameters: kaiming_uniform_(a=sqrt(5)); bias_uniform_bound=1/sqrt(fan_in),0.5773502691896257,0.6593414579983801
asymmetric_both,True,0.0,1.0,1.6,0.1,0.35,0.1,0.21874999999999997,"(1.6, 0.0, 0.0)","(0.0, 0.0, 0.0)",1000,gelu,False,3,3,2,30002,40002,False,0.9515,0.9445,False,False,2000,0.01,torch.nn.Linear.reset_parameters: kaiming_uniform_(a=sqrt(5)); bias_uniform_bound=1/sqrt(fan_in),0.5773502691896257,0.6603241249686107
asymmetric_both,True,0.0,1.0,1.6,0.1,0.35,0.1,0.21874999999999997,"(1.6, 0.0, 0.0)","(0.0, 0.0, 0.0)",1000,gelu,False,3,3,3,30003,40003,False,0.983,0.976,False,False,2000,0.01,torch.nn.Linear.reset_parameters: kaiming_uniform_(a=sqrt(5)); bias_uniform_bound=1/sqrt(fan_in),0.5773502691896257,0.6637349160155281
asymmetric_both,True,0.0,1.0,1.6,0.1,0.35,0.1,0.21874999999999997,"(1.6, 0.0, 0.0)","(0.0, 0.0, 0.0)",1000,gelu,False,3,3,4,30004,40004,False,0.993,0.9925,False,False,2000,0.01,torch.nn.Linear.reset_parameters: kaiming_uniform_(a=sqrt(5)); bias_uniform_bound=1/sqrt(fan_in),0.5773502691896257,0.6647339590126649
asymmetric_both,True,0.0,1.0,1.6,0.1,0.35,0.1,0.21874999999999997,"(1.6, 0.0, 0.0)","(0.0, 0.0, 0.0)",1000,gelu,False,3,3,5,30005,40005,True,1.0,0.9965,False,False,2000,0.01,torch.nn.Linear.reset_parameters: kaiming_uniform_(a=sqrt(5)); bias_uniform_bound=1/sqrt(fan_in),0.5773502691896257,0.6695136659545824
asymmetric_both,True,0.0,1.0,1.6,0.1,0.35,0.1,0.21874999999999997,"(1.6, 0.0, 0.0)","(0.0, 0.0, 0.0)",1000,gelu,False,3,3,6,30006,40006,False,0.9895,0.9895,False,False,2000,0.01,torch.nn.Linear.reset_parameters: kaiming_uniform_(a=sqrt(5)); bias_uniform_bound=1/sqrt(fan_in),0.5773502691896257,0.6748910420574248
asymmetric_both,True,0.0,1.0,1.6,0.1,0.35,0.1,0.21874999999999997,"(1.6, 0.0, 0.0)","(0.0, 0.0, 0.0)",1000,gelu,False,3,3,7,30007,40007,False,0.986,0.9855,False,False,2000,0.01,torch.nn.Linear.reset_parameters: kaiming_uniform_(a=sqrt(5)); bias_uniform_bound=1/sqrt(fan_in),0.5773502691896257,0.6638672499684617
asymmetric_both,True,0.0,1.0,1.6,0.1,0.35,0.1,0.21874999999999997,"(1.6, 0.0, 0.0)","(0.0, 0.0, 0.0)",1000,gelu,False,3,3,8,30008,40008,False,0.988,0.991,False,False,2000,0.01,torch.nn.Linear.reset_parameters: kaiming_uniform_(a=sqrt(5)); bias_uniform_bound=1/sqrt(fan_in),0.5773502691896257,0.6616432080045342
asymmetric_both,True,0.0,1.0,1.6,0.1,0.35,0.1,0.21874999999999997,"(1.6, 0.0, 0.0)","(0.0, 0.0, 0.0)",1000,gelu,False,3,3,9,30009,40009,False,0.9885,0.9855,False,False,2000,0.01,torch.nn.Linear.reset_parameters: kaiming_uniform_(a=sqrt(5)); bias_uniform_bound=1/sqrt(fan_in),0.5773502691896257,0.6610928329173476
asymmetric_both,True,0.0,1.0,1.6,0.1,0.35,0.1,0.21874999999999997,"(1.6, 0.0, 0.0)","(0.0, 0.0, 0.0)",1000,gelu,False,3,4,0,30000,40000,True,1.0,1.0,True,False,2000,0.01,torch.nn.Linear.reset_parameters: kaiming_uniform_(a=sqrt(5)); bias_uniform_bound=1/sqrt(fan_in),0.5773502691896257,0.6346851249691099
asymmetric_both,True,0.0,1.0,1.6,0.1,0.35,0.1,0.21874999999999997,"(1.6, 0.0, 0.0)","(0.0, 0.0, 0.0)",1000,gelu,False,3,4,1,30001,40001,True,1.0,1.0,True,False,2000,0.01,torch.nn.Linear.reset_parameters: kaiming_uniform_(a=sqrt(5)); bias_uniform_bound=1/sqrt(fan_in),0.5773502691896257,0.6397126250667498
asymmetric_both,True,0.0,1.0,1.6,0.1,0.35,0.1,0.21874999999999997,"(1.6, 0.0, 0.0)","(0.0, 0.0, 0.0)",1000,gelu,False,3,4,2,30002,40002,True,1.0,1.0,True,False,2000,0.01,torch.nn.Linear.reset_parameters: kaiming_uniform_(a=sqrt(5)); bias_uniform_bound=1/sqrt(fan_in),0.5773502691896257,0.6374680830631405
asymmetric_both,True,0.0,1.0,1.6,0.1,0.35,0.1,0.21874999999999997,"(1.6, 0.0, 0.0)","(0.0, 0.0, 0.0)",1000,gelu,False,3,4,3,30003,40003,True,1.0,0.999,False,False,2000,0.01,torch.nn.Linear.reset_parameters: kaiming_uniform_(a=sqrt(5)); bias_uniform_bound=1/sqrt(fan_in),0.5773502691896257,0.6449577499879524
asymmetric_both,True,0.0,1.0,1.6,0.1,0.35,0.1,0.21874999999999997,"(1.6, 0.0, 0.0)","(0.0, 0.0, 0.0)",1000,gelu,False,3,4,4,30004,40004,True,1.0,1.0,True,False,2000,0.01,torch.nn.Linear.reset_parameters: kaiming_uniform_(a=sqrt(5)); bias_uniform_bound=1/sqrt(fan_in),0.5773502691896257,0.6383785420330241
asymmetric_both,True,0.0,1.0,1.6,0.1,0.35,0.1,0.21874999999999997,"(1.6, 0.0, 0.0)","(0.0, 0.0, 0.0)",1000,gelu,False,3,4,5,30005,40005,True,1.0,1.0,True,False,2000,0.01,torch.nn.Linear.reset_parameters: kaiming_uniform_(a=sqrt(5)); bias_uniform_bound=1/sqrt(fan_in),0.5773502691896257,0.6607527500018477
asymmetric_both,True,0.0,1.0,1.6,0.1,0.35,0.1,0.21874999999999997,"(1.6, 0.0, 0.0)","(0.0, 0.0, 0.0)",1000,gelu,False,3,4,6,30006,40006,True,1.0,1.0,True,False,2000,0.01,torch.nn.Linear.reset_parameters: kaiming_uniform_(a=sqrt(5)); bias_uniform_bound=1/sqrt(fan_in),0.5773502691896257,0.6498787089949474
asymmetric_both,True,0.0,1.0,1.6,0.1,0.35,0.1,0.21874999999999997,"(1.6, 0.0, 0.0)","(0.0, 0.0, 0.0)",1000,gelu,False,3,4,7,30007,40007,False,0.9915,0.9875,False,False,2000,0.01,torch.nn.Linear.reset_parameters: kaiming_uniform_(a=sqrt(5)); bias_uniform_bound=1/sqrt(fan_in),0.5773502691896257,0.6412409999174997
asymmetric_both,True,0.0,1.0,1.6,0.1,0.35,0.1,0.21874999999999997,"(1.6, 0.0, 0.0)","(0.0, 0.0, 0.0)",1000,gelu,False,3,4,8,30008,40008,True,1.0,1.0,True,False,2000,0.01,torch.nn.Linear.reset_parameters: kaiming_uniform_(a=sqrt(5)); bias_uniform_bound=1/sqrt(fan_in),0.5773502691896257,0.6370976669713855
asymmetric_both,True,0.0,1.0,1.6,0.1,0.35,0.1,0.21874999999999997,"(1.6, 0.0, 0.0)","(0.0, 0.0, 0.0)",1000,gelu,False,3,4,9,30009,40009,True,1.0,1.0,True,False,2000,0.01,torch.nn.Linear.reset_parameters: kaiming_uniform_(a=sqrt(5)); bias_uniform_bound=1/sqrt(fan_in),0.5773502691896257,0.6458933330141008
asymmetric_both,True,0.0,1.0,1.6,0.1,0.35,0.1,0.21874999999999997,"(1.6, 0.0, 0.0)","(0.0, 0.0, 0.0)",1000,gelu,False,5,3,0,30000,40000,False,0.9845,0.9715,False,False,2000,0.01,torch.nn.Linear.reset_parameters: kaiming_uniform_(a=sqrt(5)); bias_uniform_bound=1/sqrt(fan_in),0.5773502691896257,0.9393599169561639
asymmetric_both,True,0.0,1.0,1.6,0.1,0.35,0.1,0.21874999999999997,"(1.6, 0.0, 0.0)","(0.0, 0.0, 0.0)",1000,gelu,False,5,3,1,30001,40001,False,0.9855,0.9805,False,False,2000,0.01,torch.nn.Linear.reset_parameters: kaiming_uniform_(a=sqrt(5)); bias_uniform_bound=1/sqrt(fan_in),0.5773502691896257,0.9721148749813437
asymmetric_both,True,0.0,1.0,1.6,0.1,0.35,0.1,0.21874999999999997,"(1.6, 0.0, 0.0)","(0.0, 0.0, 0.0)",1000,gelu,False,5,3,2,30002,40002,False,0.9875,0.9825,False,False,2000,0.01,torch.nn.Linear.reset_parameters: kaiming_uniform_(a=sqrt(5)); bias_uniform_bound=1/sqrt(fan_in),0.5773502691896257,0.9617718330118805
asymmetric_both,True,0.0,1.0,1.6,0.1,0.35,0.1,0.21874999999999997,"(1.6, 0.0, 0.0)","(0.0, 0.0, 0.0)",1000,gelu,False,5,3,3,30003,40003,True,1.0,1.0,True,False,2000,0.01,torch.nn.Linear.reset_parameters: kaiming_uniform_(a=sqrt(5)); bias_uniform_bound=1/sqrt(fan_in),0.5773502691896257,0.9435090830083936
asymmetric_both,True,0.0,1.0,1.6,0.1,0.35,0.1,0.21874999999999997,"(1.6, 0.0, 0.0)","(0.0, 0.0, 0.0)",1000,gelu,False,5,3,4,30004,40004,False,0.993,0.9875,False,False,2000,0.01,torch.nn.Linear.reset_parameters: kaiming_uniform_(a=sqrt(5)); bias_uniform_bound=1/sqrt(fan_in),0.5773502691896257,0.9578702920116484
asymmetric_both,True,0.0,1.0,1.6,0.1,0.35,0.1,0.21874999999999997,"(1.6, 0.0, 0.0)","(0.0, 0.0, 0.0)",1000,gelu,False,5,3,5,30005,40005,False,0.9995,0.9945,False,False,2000,0.01,torch.nn.Linear.reset_parameters: kaiming_uniform_(a=sqrt(5)); bias_uniform_bound=1/sqrt(fan_in),0.5773502691896257,0.9516656249761581
asymmetric_both,True,0.0,1.0,1.6,0.1,0.35,0.1,0.21874999999999997,"(1.6, 0.0, 0.0)","(0.0, 0.0, 0.0)",1000,gelu,False,5,3,6,30006,40006,False,0.988,0.9855,False,False,2000,0.01,torch.nn.Linear.reset_parameters: kaiming_uniform_(a=sqrt(5)); bias_uniform_bound=1/sqrt(fan_in),0.5773502691896257,0.9452616249909624
asymmetric_both,True,0.0,1.0,1.6,0.1,0.35,0.1,0.21874999999999997,"(1.6, 0.0, 0.0)","(0.0, 0.0, 0.0)",1000,gelu,False,5,3,7,30007,40007,False,0.986,0.983,False,False,2000,0.01,torch.nn.Linear.reset_parameters: kaiming_uniform_(a=sqrt(5)); bias_uniform_bound=1/sqrt(fan_in),0.5773502691896257,0.9533256660215557
asymmetric_both,True,0.0,1.0,1.6,0.1,0.35,0.1,0.21874999999999997,"(1.6, 0.0, 0.0)","(0.0, 0.0, 0.0)",1000,gelu,False,5,3,8,30008,40008,True,1.0,1.0,True,False,2000,0.01,torch.nn.Linear.reset_parameters: kaiming_uniform_(a=sqrt(5)); bias_uniform_bound=1/sqrt(fan_in),0.5773502691896257,0.95264291705098
asymmetric_both,True,0.0,1.0,1.6,0.1,0.35,0.1,0.21874999999999997,"(1.6, 0.0, 0.0)","(0.0, 0.0, 0.0)",1000,gelu,False,5,3,9,30009,40009,False,0.991,0.9905,False,False,2000,0.01,torch.nn.Linear.reset_parameters: kaiming_uniform_(a=sqrt(5)); bias_uniform_bound=1/sqrt(fan_in),0.5773502691896257,0.9609552909387276
asymmetric_both,True,0.0,1.0,1.6,0.1,0.35,0.1,0.21874999999999997,"(1.6, 0.0, 0.0)","(0.0, 0.0, 0.0)",1000,gelu,False,5,4,0,30000,40000,True,1.0,1.0,True,False,2000,0.01,torch.nn.Linear.reset_parameters: kaiming_uniform_(a=sqrt(5)); bias_uniform_bound=1/sqrt(fan_in),0.5773502691896257,0.9266405421076342
asymmetric_both,True,0.0,1.0,1.6,0.1,0.35,0.1,0.21874999999999997,"(1.6, 0.0, 0.0)","(0.0, 0.0, 0.0)",1000,gelu,False,5,4,1,30001,40001,True,1.0,1.0,True,False,2000,0.01,torch.nn.Linear.reset_parameters: kaiming_uniform_(a=sqrt(5)); bias_uniform_bound=1/sqrt(fan_in),0.5773502691896257,0.9185146250529215
asymmetric_both,True,0.0,1.0,1.6,0.1,0.35,0.1,0.21874999999999997,"(1.6, 0.0, 0.0)","(0.0, 0.0, 0.0)",1000,gelu,False,5,4,2,30002,40002,True,1.0,1.0,True,False,2000,0.01,torch.nn.Linear.reset_parameters: kaiming_uniform_(a=sqrt(5)); bias_uniform_bound=1/sqrt(fan_in),0.5773502691896257,0.9125873750308529
asymmetric_both,True,0.0,1.0,1.6,0.1,0.35,0.1,0.21874999999999997,"(1.6, 0.0, 0.0)","(0.0, 0.0, 0.0)",1000,gelu,False,5,4,3,30003,40003,False,0.9905,0.9875,False,False,2000,0.01,torch.nn.Linear.reset_parameters: kaiming_uniform_(a=sqrt(5)); bias_uniform_bound=1/sqrt(fan_in),0.5773502691896257,0.9151461250148714
asymmetric_both,True,0.0,1.0,1.6,0.1,0.35,0.1,0.21874999999999997,"(1.6, 0.0, 0.0)","(0.0, 0.0, 0.0)",1000,gelu,False,5,4,4,30004,40004,True,1.0,1.0,True,False,2000,0.01,torch.nn.Linear.reset_parameters: kaiming_uniform_(a=sqrt(5)); bias_uniform_bound=1/sqrt(fan_in),0.5773502691896257,0.924706874997355
asymmetric_both,True,0.0,1.0,1.6,0.1,0.35,0.1,0.21874999999999997,"(1.6, 0.0, 0.0)","(0.0, 0.0, 0.0)",1000,gelu,False,5,4,5,30005,40005,False,0.992,0.9895,False,False,2000,0.01,torch.nn.Linear.reset_parameters: kaiming_uniform_(a=sqrt(5)); bias_uniform_bound=1/sqrt(fan_in),0.5773502691896257,0.9057535839965567
asymmetric_both,True,0.0,1.0,1.6,0.1,0.35,0.1,0.21874999999999997,"(1.6, 0.0, 0.0)","(0.0, 0.0, 0.0)",1000,gelu,False,5,4,6,30006,40006,False,0.9895,0.99,False,False,2000,0.01,torch.nn.Linear.reset_parameters: kaiming_uniform_(a=sqrt(5)); bias_uniform_bound=1/sqrt(fan_in),0.5773502691896257,0.9042421670164913
asymmetric_both,True,0.0,1.0,1.6,0.1,0.35,0.1,0.21874999999999997,"(1.6, 0.0, 0.0)","(0.0, 0.0, 0.0)",1000,gelu,False,5,4,7,30007,40007,True,1.0,1.0,True,False,2000,0.01,torch.nn.Linear.reset_parameters: kaiming_uniform_(a=sqrt(5)); bias_uniform_bound=1/sqrt(fan_in),0.5773502691896257,0.9129806669661775
asymmetric_both,True,0.0,1.0,1.6,0.1,0.35,0.1,0.21874999999999997,"(1.6, 0.0, 0.0)","(0.0, 0.0, 0.0)",1000,gelu,False,5,4,8,30008,40008,False,0.9875,0.9925,False,False,2000,0.01,torch.nn.Linear.reset_parameters: kaiming_uniform_(a=sqrt(5)); bias_uniform_bound=1/sqrt(fan_in),0.5773502691896257,0.9087797079700977
asymmetric_both,True,0.0,1.0,1.6,0.1,0.35,0.1,0.21874999999999997,"(1.6, 0.0, 0.0)","(0.0, 0.0, 0.0)",1000,gelu,False,5,4,9,30009,40009,False,0.99,0.989,False,False,2000,0.01,torch.nn.Linear.reset_parameters: kaiming_uniform_(a=sqrt(5)); bias_uniform_bound=1/sqrt(fan_in),0.5773502691896257,0.9116134999785572
asymmetric_both,True,0.0,1.0,1.6,0.1,0.35,0.1,0.21874999999999997,"(1.6, 0.0, 0.0)","(0.0, 0.0, 0.0)",1000,gelu,False,8,3,0,30000,40000,False,0.9875,0.987,False,False,2000,0.01,torch.nn.Linear.reset_parameters: kaiming_uniform_(a=sqrt(5)); bias_uniform_bound=1/sqrt(fan_in),0.5773502691896257,1.3935942921089008
asymmetric_both,True,0.0,1.0,1.6,0.1,0.35,0.1,0.21874999999999997,"(1.6, 0.0, 0.0)","(0.0, 0.0, 0.0)",1000,gelu,False,8,3,1,30001,40001,False,0.982,0.9805,False,False,2000,0.01,torch.nn.Linear.reset_parameters: kaiming_uniform_(a=sqrt(5)); bias_uniform_bound=1/sqrt(fan_in),0.5773502691896257,1.42290462506935
asymmetric_both,True,0.0,1.0,1.6,0.1,0.35,0.1,0.21874999999999997,"(1.6, 0.0, 0.0)","(0.0, 0.0, 0.0)",1000,gelu,False,8,3,2,30002,40002,False,0.987,0.9825,False,False,2000,0.01,torch.nn.Linear.reset_parameters: kaiming_uniform_(a=sqrt(5)); bias_uniform_bound=1/sqrt(fan_in),0.5773502691896257,1.3682758749928325
asymmetric_both,True,0.0,1.0,1.6,0.1,0.35,0.1,0.21874999999999997,"(1.6, 0.0, 0.0)","(0.0, 0.0, 0.0)",1000,gelu,False,8,3,3,30003,40003,True,1.0,1.0,True,False,2000,0.01,torch.nn.Linear.reset_parameters: kaiming_uniform_(a=sqrt(5)); bias_uniform_bound=1/sqrt(fan_in),0.5773502691896257,1.3762014999520034
asymmetric_both,True,0.0,1.0,1.6,0.1,0.35,0.1,0.21874999999999997,"(1.6, 0.0, 0.0)","(0.0, 0.0, 0.0)",1000,gelu,False,8,3,4,30004,40004,False,0.993,0.9915,False,False,2000,0.01,torch.nn.Linear.reset_parameters: kaiming_uniform_(a=sqrt(5)); bias_uniform_bound=1/sqrt(fan_in),0.5773502691896257,1.4102529169758782
asymmetric_both,True,0.0,1.0,1.6,0.1,0.35,0.1,0.21874999999999997,"(1.6, 0.0, 0.0)","(0.0, 0.0, 0.0)",1000,gelu,False,8,3,5,30005,40005,False,0.987,0.9695,False,False,2000,0.01,torch.nn.Linear.reset_parameters: kaiming_uniform_(a=sqrt(5)); bias_uniform_bound=1/sqrt(fan_in),0.5773502691896257,1.3770806670654565
asymmetric_both,True,0.0,1.0,1.6,0.1,0.35,0.1,0.21874999999999997,"(1.6, 0.0, 0.0)","(0.0, 0.0, 0.0)",1000,gelu,False,8,3,6,30006,40006,False,0.9855,0.9845,False,False,2000,0.01,torch.nn.Linear.reset_parameters: kaiming_uniform_(a=sqrt(5)); bias_uniform_bound=1/sqrt(fan_in),0.5773502691896257,1.3860809160396457
asymmetric_both,True,0.0,1.0,1.6,0.1,0.35,0.1,0.21874999999999997,"(1.6, 0.0, 0.0)","(0.0, 0.0, 0.0)",1000,gelu,False,8,3,7,30007,40007,False,0.983,0.975,False,False,2000,0.01,torch.nn.Linear.reset_parameters: kaiming_uniform_(a=sqrt(5)); bias_uniform_bound=1/sqrt(fan_in),0.5773502691896257,1.403235667035915
asymmetric_both,True,0.0,1.0,1.6,0.1,0.35,0.1,0.21874999999999997,"(1.6, 0.0, 0.0)","(0.0, 0.0, 0.0)",1000,gelu,False,8,3,8,30008,40008,False,0.986,0.987,False,False,2000,0.01,torch.nn.Linear.reset_parameters: kaiming_uniform_(a=sqrt(5)); bias_uniform_bound=1/sqrt(fan_in),0.5773502691896257,1.66467891598586
asymmetric_both,True,0.0,1.0,1.6,0.1,0.35,0.1,0.21874999999999997,"(1.6, 0.0, 0.0)","(0.0, 0.0, 0.0)",1000,gelu,False,8,3,9,30009,40009,False,0.988,0.9845,False,False,2000,0.01,torch.nn.Linear.reset_parameters: kaiming_uniform_(a=sqrt(5)); bias_uniform_bound=1/sqrt(fan_in),0.5773502691896257,1.423135291901417
asymmetric_both,True,0.0,1.0,1.6,0.1,0.35,0.1,0.21874999999999997,"(1.6, 0.0, 0.0)","(0.0, 0.0, 0.0)",1000,gelu,False,8,4,0,30000,40000,False,0.962,0.9595,False,False,2000,0.01,torch.nn.Linear.reset_parameters: kaiming_uniform_(a=sqrt(5)); bias_uniform_bound=1/sqrt(fan_in),0.5773502691896257,1.3608309580013156
asymmetric_both,True,0.0,1.0,1.6,0.1,0.35,0.1,0.21874999999999997,"(1.6, 0.0, 0.0)","(0.0, 0.0, 0.0)",1000,gelu,False,8,4,1,30001,40001,True,1.0,1.0,True,False,2000,0.01,torch.nn.Linear.reset_parameters: kaiming_uniform_(a=sqrt(5)); bias_uniform_bound=1/sqrt(fan_in),0.5773502691896257,1.3643310000188649
asymmetric_both,True,0.0,1.0,1.6,0.1,0.35,0.1,0.21874999999999997,"(1.6, 0.0, 0.0)","(0.0, 0.0, 0.0)",1000,gelu,False,8,4,2,30002,40002,True,1.0,1.0,True,False,2000,0.01,torch.nn.Linear.reset_parameters: kaiming_uniform_(a=sqrt(5)); bias_uniform_bound=1/sqrt(fan_in),0.5773502691896257,1.3267965420382097
asymmetric_both,True,0.0,1.0,1.6,0.1,0.35,0.1,0.21874999999999997,"(1.6, 0.0, 0.0)","(0.0, 0.0, 0.0)",1000,gelu,False,8,4,3,30003,40003,True,1.0,1.0,True,False,2000,0.01,torch.nn.Linear.reset_parameters: kaiming_uniform_(a=sqrt(5)); bias_uniform_bound=1/sqrt(fan_in),0.5773502691896257,1.304028999991715
asymmetric_both,True,0.0,1.0,1.6,0.1,0.35,0.1,0.21874999999999997,"(1.6, 0.0, 0.0)","(0.0, 0.0, 0.0)",1000,gelu,False,8,4,4,30004,40004,True,1.0,1.0,True,False,2000,0.01,torch.nn.Linear.reset_parameters: kaiming_uniform_(a=sqrt(5)); bias_uniform_bound=1/sqrt(fan_in),0.5773502691896257,1.348342707962729
asymmetric_both,True,0.0,1.0,1.6,0.1,0.35,0.1,0.21874999999999997,"(1.6, 0.0, 0.0)","(0.0, 0.0, 0.0)",1000,gelu,False,8,4,5,30005,40005,True,1.0,1.0,True,False,2000,0.01,torch.nn.Linear.reset_parameters: kaiming_uniform_(a=sqrt(5)); bias_uniform_bound=1/sqrt(fan_in),0.5773502691896257,1.3468908339273185
asymmetric_both,True,0.0,1.0,1.6,0.1,0.35,0.1,0.21874999999999997,"(1.6, 0.0, 0.0)","(0.0, 0.0, 0.0)",1000,gelu,False,8,4,6,30006,40006,True,1.0,1.0,True,False,2000,0.01,torch.nn.Linear.reset_parameters: kaiming_uniform_(a=sqrt(5)); bias_uniform_bound=1/sqrt(fan_in),0.5773502691896257,1.3065572920022532
asymmetric_both,True,0.0,1.0,1.6,0.1,0.35,0.1,0.21874999999999997,"(1.6, 0.0, 0.0)","(0.0, 0.0, 0.0)",1000,gelu,False,8,4,7,30007,40007,True,1.0,1.0,True,False,2000,0.01,torch.nn.Linear.reset_parameters: kaiming_uniform_(a=sqrt(5)); bias_uniform_bound=1/sqrt(fan_in),0.5773502691896257,1.3560951250838116
asymmetric_both,True,0.0,1.0,1.6,0.1,0.35,0.1,0.21874999999999997,"(1.6, 0.0, 0.0)","(0.0, 0.0, 0.0)",1000,gelu,False,8,4,8,30008,40008,False,0.9875,0.991,False,False,2000,0.01,torch.nn.Linear.reset_parameters: kaiming_uniform_(a=sqrt(5)); bias_uniform_bound=1/sqrt(fan_in),0.5773502691896257,1.324674166040495
asymmetric_both,True,0.0,1.0,1.6,0.1,0.35,0.1,0.21874999999999997,"(1.6, 0.0, 0.0)","(0.0, 0.0, 0.0)",1000,gelu,False,8,4,9,30009,40009,False,0.989,0.9895,False,False,2000,0.01,torch.nn.Linear.reset_parameters: kaiming_uniform_(a=sqrt(5)); bias_uniform_bound=1/sqrt(fan_in),0.5773502691896257,1.314689291990362
asymmetric_both,True,0.0,1.0,1.6,0.1,0.35,0.1,0.21874999999999997,"(1.6, 0.0, 0.0)","(0.0, 0.0, 0.0)",1000,gelu,False,12,3,0,30000,40000,False,0.9915,0.9895,False,False,2000,0.01,torch.nn.Linear.reset_parameters: kaiming_uniform_(a=sqrt(5)); bias_uniform_bound=1/sqrt(fan_in),0.5773502691896257,1.9767392500070855
asymmetric_both,True,0.0,1.0,1.6,0.1,0.35,0.1,0.21874999999999997,"(1.6, 0.0, 0.0)","(0.0, 0.0, 0.0)",1000,gelu,False,12,3,1,30001,40001,False,0.989,0.985,False,False,2000,0.01,torch.nn.Linear.reset_parameters: kaiming_uniform_(a=sqrt(5)); bias_uniform_bound=1/sqrt(fan_in),0.5773502691896257,1.9780154170002788
asymmetric_both,True,0.0,1.0,1.6,0.1,0.35,0.1,0.21874999999999997,"(1.6, 0.0, 0.0)","(0.0, 0.0, 0.0)",1000,gelu,False,12,3,2,30002,40002,False,0.9745,0.9735,False,False,2000,0.01,torch.nn.Linear.reset_parameters: kaiming_uniform_(a=sqrt(5)); bias_uniform_bound=1/sqrt(fan_in),0.5773502691896257,1.9317738340469077
asymmetric_both,True,0.0,1.0,1.6,0.1,0.35,0.1,0.21874999999999997,"(1.6, 0.0, 0.0)","(0.0, 0.0, 0.0)",1000,gelu,False,12,3,3,30003,40003,False,0.982,0.974,False,False,2000,0.01,torch.nn.Linear.reset_parameters: kaiming_uniform_(a=sqrt(5)); bias_uniform_bound=1/sqrt(fan_in),0.5773502691896257,1.947846750030294
asymmetric_both,True,0.0,1.0,1.6,0.1,0.35,0.1,0.21874999999999997,"(1.6, 0.0, 0.0)","(0.0, 0.0, 0.0)",1000,gelu,False,12,3,4,30004,40004,False,0.995,0.9915,False,False,2000,0.01,torch.nn.Linear.reset_parameters: kaiming_uniform_(a=sqrt(5)); bias_uniform_bound=1/sqrt(fan_in),0.5773502691896257,2.037720291991718
asymmetric_both,True,0.0,1.0,1.6,0.1,0.35,0.1,0.21874999999999997,"(1.6, 0.0, 0.0)","(0.0, 0.0, 0.0)",1000,gelu,False,12,3,5,30005,40005,False,0.992,0.987,False,False,2000,0.01,torch.nn.Linear.reset_parameters: kaiming_uniform_(a=sqrt(5)); bias_uniform_bound=1/sqrt(fan_in),0.5773502691896257,2.2184044580208138
asymmetric_both,True,0.0,1.0,1.6,0.1,0.35,0.1,0.21874999999999997,"(1.6, 0.0, 0.0)","(0.0, 0.0, 0.0)",1000,gelu,False,12,3,6,30006,40006,False,0.99,0.991,False,False,2000,0.01,torch.nn.Linear.reset_parameters: kaiming_uniform_(a=sqrt(5)); bias_uniform_bound=1/sqrt(fan_in),0.5773502691896257,2.2381920410552993
asymmetric_both,True,0.0,1.0,1.6,0.1,0.35,0.1,0.21874999999999997,"(1.6, 0.0, 0.0)","(0.0, 0.0, 0.0)",1000,gelu,False,12,3,7,30007,40007,True,1.0,0.997,False,False,2000,0.01,torch.nn.Linear.reset_parameters: kaiming_uniform_(a=sqrt(5)); bias_uniform_bound=1/sqrt(fan_in),0.5773502691896257,2.674912082962692
asymmetric_both,True,0.0,1.0,1.6,0.1,0.35,0.1,0.21874999999999997,"(1.6, 0.0, 0.0)","(0.0, 0.0, 0.0)",1000,gelu,False,12,3,8,30008,40008,False,0.9885,0.99,False,False,2000,0.01,torch.nn.Linear.reset_parameters: kaiming_uniform_(a=sqrt(5)); bias_uniform_bound=1/sqrt(fan_in),0.5773502691896257,2.854729957995005
asymmetric_both,True,0.0,1.0,1.6,0.1,0.35,0.1,0.21874999999999997,"(1.6, 0.0, 0.0)","(0.0, 0.0, 0.0)",1000,gelu,False,12,3,9,30009,40009,False,0.9875,0.9845,False,False,2000,0.01,torch.nn.Linear.reset_parameters: kaiming_uniform_(a=sqrt(5)); bias_uniform_bound=1/sqrt(fan_in),0.5773502691896257,3.1994499580468982
asymmetric_both,True,0.0,1.0,1.6,0.1,0.35,0.1,0.21874999999999997,"(1.6, 0.0, 0.0)","(0.0, 0.0, 0.0)",1000,gelu,False,12,4,0,30000,40000,False,0.988,0.9845,False,False,2000,0.01,torch.nn.Linear.reset_parameters: kaiming_uniform_(a=sqrt(5)); bias_uniform_bound=1/sqrt(fan_in),0.5773502691896257,2.48457758303266
asymmetric_both,True,0.0,1.0,1.6,0.1,0.35,0.1,0.21874999999999997,"(1.6, 0.0, 0.0)","(0.0, 0.0, 0.0)",1000,gelu,False,12,4,1,30001,40001,False,0.9885,0.9845,False,False,2000,0.01,torch.nn.Linear.reset_parameters: kaiming_uniform_(a=sqrt(5)); bias_uniform_bound=1/sqrt(fan_in),0.5773502691896257,2.0290496670641005
asymmetric_both,True,0.0,1.0,1.6,0.1,0.35,0.1,0.21874999999999997,"(1.6, 0.0, 0.0)","(0.0, 0.0, 0.0)",1000,gelu,False,12,4,2,30002,40002,True,1.0,0.997,False,False,2000,0.01,torch.nn.Linear.reset_parameters: kaiming_uniform_(a=sqrt(5)); bias_uniform_bound=1/sqrt(fan_in),0.5773502691896257,1.91716712503694
asymmetric_both,True,0.0,1.0,1.6,0.1,0.35,0.1,0.21874999999999997,"(1.6, 0.0, 0.0)","(0.0, 0.0, 0.0)",1000,gelu,False,12,4,3,30003,40003,True,1.0,1.0,True,False,2000,0.01,torch.nn.Linear.reset_parameters: kaiming_uniform_(a=sqrt(5)); bias_uniform_bound=1/sqrt(fan_in),0.5773502691896257,1.913347249967046
asymmetric_both,True,0.0,1.0,1.6,0.1,0.35,0.1,0.21874999999999997,"(1.6, 0.0, 0.0)","(0.0, 0.0, 0.0)",1000,gelu,False,12,4,4,30004,40004,True,1.0,1.0,True,False,2000,0.01,torch.nn.Linear.reset_parameters: kaiming_uniform_(a=sqrt(5)); bias_uniform_bound=1/sqrt(fan_in),0.5773502691896257,2.3345289590070024
asymmetric_both,True,0.0,1.0,1.6,0.1,0.35,0.1,0.21874999999999997,"(1.6, 0.0, 0.0)","(0.0, 0.0, 0.0)",1000,gelu,False,12,4,5,30005,40005,False,0.992,0.9885,False,False,2000,0.01,torch.nn.Linear.reset_parameters: kaiming_uniform_(a=sqrt(5)); bias_uniform_bound=1/sqrt(fan_in),0.5773502691896257,2.0935370000079274
asymmetric_both,True,0.0,1.0,1.6,0.1,0.35,0.1,0.21874999999999997,"(1.6, 0.0, 0.0)","(0.0, 0.0, 0.0)",1000,gelu,False,12,4,6,30006,40006,False,0.9895,0.9855,False,False,2000,0.01,torch.nn.Linear.reset_parameters: kaiming_uniform_(a=sqrt(5)); bias_uniform_bound=1/sqrt(fan_in),0.5773502691896257,2.0913067910587415
asymmetric_both,True,0.0,1.0,1.6,0.1,0.35,0.1,0.21874999999999997,"(1.6, 0.0, 0.0)","(0.0, 0.0, 0.0)",1000,gelu,False,12,4,7,30007,40007,True,1.0,1.0,True,False,2000,0.01,torch.nn.Linear.reset_parameters: kaiming_uniform_(a=sqrt(5)); bias_uniform_bound=1/sqrt(fan_in),0.5773502691896257,1.9206307909917086
asymmetric_both,True,0.0,1.0,1.6,0.1,0.35,0.1,0.21874999999999997,"(1.6, 0.0, 0.0)","(0.0, 0.0, 0.0)",1000,gelu,False,12,4,8,30008,40008,False,0.981,0.983,False,False,2000,0.01,torch.nn.Linear.reset_parameters: kaiming_uniform_(a=sqrt(5)); bias_uniform_bound=1/sqrt(fan_in),0.5773502691896257,1.8403828750597313
asymmetric_both,True,0.0,1.0,1.6,0.1,0.35,0.1,0.21874999999999997,"(1.6, 0.0, 0.0)","(0.0, 0.0, 0.0)",1000,gelu,False,12,4,9,30009,40009,False,0.9885,0.9865,False,False,2000,0.01,torch.nn.Linear.reset_parameters: kaiming_uniform_(a=sqrt(5)); bias_uniform_bound=1/sqrt(fan_in),0.5773502691896257,1.9795167919946834
near_offset,True,0.0,1.0,1.0,0.2,0.2,0.2,0.2,"(0.7, 0.0, 0.0)","(0.0, 0.0, 0.0)",1000,tanh,True,3,3,0,30000,40000,False,0.9545,0.9535,False,False,2000,0.01,torch.nn.Linear.reset_parameters: kaiming_uniform_(a=sqrt(5)); bias_uniform_bound=1/sqrt(fan_in),0.5773502691896257,1.1785397080238909
near_offset,True,0.0,1.0,1.0,0.2,0.2,0.2,0.2,"(0.7, 0.0, 0.0)","(0.0, 0.0, 0.0)",1000,tanh,True,3,3,1,30001,40001,False,0.968,0.957,False,False,2000,0.01,torch.nn.Linear.reset_parameters: kaiming_uniform_(a=sqrt(5)); bias_uniform_bound=1/sqrt(fan_in),0.5773502691896257,0.7192755410214886
near_offset,True,0.0,1.0,1.0,0.2,0.2,0.2,0.2,"(0.7, 0.0, 0.0)","(0.0, 0.0, 0.0)",1000,tanh,True,3,3,2,30002,40002,False,0.9545,0.95,False,False,2000,0.01,torch.nn.Linear.reset_parameters: kaiming_uniform_(a=sqrt(5)); bias_uniform_bound=1/sqrt(fan_in),0.5773502691896257,0.6984775409800932
near_offset,True,0.0,1.0,1.0,0.2,0.2,0.2,0.2,"(0.7, 0.0, 0.0)","(0.0, 0.0, 0.0)",1000,tanh,True,3,3,3,30003,40003,False,0.9685,0.97,False,False,2000,0.01,torch.nn.Linear.reset_parameters: kaiming_uniform_(a=sqrt(5)); bias_uniform_bound=1/sqrt(fan_in),0.5773502691896257,0.988450292032212
near_offset,True,0.0,1.0,1.0,0.2,0.2,0.2,0.2,"(0.7, 0.0, 0.0)","(0.0, 0.0, 0.0)",1000,tanh,True,3,3,4,30004,40004,False,0.9525,0.9595,False,False,2000,0.01,torch.nn.Linear.reset_parameters: kaiming_uniform_(a=sqrt(5)); bias_uniform_bound=1/sqrt(fan_in),0.5773502691896257,1.0245479579316452
near_offset,True,0.0,1.0,1.0,0.2,0.2,0.2,0.2,"(0.7, 0.0, 0.0)","(0.0, 0.0, 0.0)",1000,tanh,True,3,3,5,30005,40005,False,0.957,0.9525,False,False,2000,0.01,torch.nn.Linear.reset_parameters: kaiming_uniform_(a=sqrt(5)); bias_uniform_bound=1/sqrt(fan_in),0.5773502691896257,0.8985071249771863
near_offset,True,0.0,1.0,1.0,0.2,0.2,0.2,0.2,"(0.7, 0.0, 0.0)","(0.0, 0.0, 0.0)",1000,tanh,True,3,3,6,30006,40006,False,0.9535,0.9495,False,False,2000,0.01,torch.nn.Linear.reset_parameters: kaiming_uniform_(a=sqrt(5)); bias_uniform_bound=1/sqrt(fan_in),0.5773502691896257,0.8211955419974402
near_offset,True,0.0,1.0,1.0,0.2,0.2,0.2,0.2,"(0.7, 0.0, 0.0)","(0.0, 0.0, 0.0)",1000,tanh,True,3,3,7,30007,40007,False,0.951,0.954,False,False,2000,0.01,torch.nn.Linear.reset_parameters: kaiming_uniform_(a=sqrt(5)); bias_uniform_bound=1/sqrt(fan_in),0.5773502691896257,0.8239794159308076
near_offset,True,0.0,1.0,1.0,0.2,0.2,0.2,0.2,"(0.7, 0.0, 0.0)","(0.0, 0.0, 0.0)",1000,tanh,True,3,3,8,30008,40008,False,0.953,0.953,False,False,2000,0.01,torch.nn.Linear.reset_parameters: kaiming_uniform_(a=sqrt(5)); bias_uniform_bound=1/sqrt(fan_in),0.5773502691896257,0.6620800419477746
near_offset,True,0.0,1.0,1.0,0.2,0.2,0.2,0.2,"(0.7, 0.0, 0.0)","(0.0, 0.0, 0.0)",1000,tanh,True,3,3,9,30009,40009,False,0.965,0.962,False,False,2000,0.01,torch.nn.Linear.reset_parameters: kaiming_uniform_(a=sqrt(5)); bias_uniform_bound=1/sqrt(fan_in),0.5773502691896257,0.667452041991055
near_offset,True,0.0,1.0,1.0,0.2,0.2,0.2,0.2,"(0.7, 0.0, 0.0)","(0.0, 0.0, 0.0)",1000,tanh,True,3,4,0,30000,40000,True,1.0,1.0,True,False,2000,0.01,torch.nn.Linear.reset_parameters: kaiming_uniform_(a=sqrt(5)); bias_uniform_bound=1/sqrt(fan_in),0.5773502691896257,0.6582105410052463
near_offset,True,0.0,1.0,1.0,0.2,0.2,0.2,0.2,"(0.7, 0.0, 0.0)","(0.0, 0.0, 0.0)",1000,tanh,True,3,4,1,30001,40001,False,0.945,0.9465,False,False,2000,0.01,torch.nn.Linear.reset_parameters: kaiming_uniform_(a=sqrt(5)); bias_uniform_bound=1/sqrt(fan_in),0.5773502691896257,0.6768735829973593
near_offset,True,0.0,1.0,1.0,0.2,0.2,0.2,0.2,"(0.7, 0.0, 0.0)","(0.0, 0.0, 0.0)",1000,tanh,True,3,4,2,30002,40002,False,0.966,0.9635,False,False,2000,0.01,torch.nn.Linear.reset_parameters: kaiming_uniform_(a=sqrt(5)); bias_uniform_bound=1/sqrt(fan_in),0.5773502691896257,0.654220666969195
near_offset,True,0.0,1.0,1.0,0.2,0.2,0.2,0.2,"(0.7, 0.0, 0.0)","(0.0, 0.0, 0.0)",1000,tanh,True,3,4,3,30003,40003,True,1.0,1.0,True,False,2000,0.01,torch.nn.Linear.reset_parameters: kaiming_uniform_(a=sqrt(5)); bias_uniform_bound=1/sqrt(fan_in),0.5773502691896257,0.6578770000487566
near_offset,True,0.0,1.0,1.0,0.2,0.2,0.2,0.2,"(0.7, 0.0, 0.0)","(0.0, 0.0, 0.0)",1000,tanh,True,3,4,4,30004,40004,True,1.0,1.0,True,False,2000,0.01,torch.nn.Linear.reset_parameters: kaiming_uniform_(a=sqrt(5)); bias_uniform_bound=1/sqrt(fan_in),0.5773502691896257,0.649361583054997
near_offset,True,0.0,1.0,1.0,0.2,0.2,0.2,0.2,"(0.7, 0.0, 0.0)","(0.0, 0.0, 0.0)",1000,tanh,True,3,4,5,30005,40005,True,1.0,1.0,True,False,2000,0.01,torch.nn.Linear.reset_parameters: kaiming_uniform_(a=sqrt(5)); bias_uniform_bound=1/sqrt(fan_in),0.5773502691896257,0.6486511660041288
near_offset,True,0.0,1.0,1.0,0.2,0.2,0.2,0.2,"(0.7, 0.0, 0.0)","(0.0, 0.0, 0.0)",1000,tanh,True,3,4,6,30006,40006,True,1.0,1.0,True,False,2000,0.01,torch.nn.Linear.reset_parameters: kaiming_uniform_(a=sqrt(5)); bias_uniform_bound=1/sqrt(fan_in),0.5773502691896257,0.6505732500227168
near_offset,True,0.0,1.0,1.0,0.2,0.2,0.2,0.2,"(0.7, 0.0, 0.0)","(0.0, 0.0, 0.0)",1000,tanh,True,3,4,7,30007,40007,False,0.9975,0.9995,False,False,2000,0.01,torch.nn.Linear.reset_parameters: kaiming_uniform_(a=sqrt(5)); bias_uniform_bound=1/sqrt(fan_in),0.5773502691896257,0.6576782909687608
near_offset,True,0.0,1.0,1.0,0.2,0.2,0.2,0.2,"(0.7, 0.0, 0.0)","(0.0, 0.0, 0.0)",1000,tanh,True,3,4,8,30008,40008,True,1.0,1.0,True,False,2000,0.01,torch.nn.Linear.reset_parameters: kaiming_uniform_(a=sqrt(5)); bias_uniform_bound=1/sqrt(fan_in),0.5773502691896257,0.6543853339971974
near_offset,True,0.0,1.0,1.0,0.2,0.2,0.2,0.2,"(0.7, 0.0, 0.0)","(0.0, 0.0, 0.0)",1000,tanh,True,3,4,9,30009,40009,True,1.0,1.0,True,False,2000,0.01,torch.nn.Linear.reset_parameters: kaiming_uniform_(a=sqrt(5)); bias_uniform_bound=1/sqrt(fan_in),0.5773502691896257,0.6525949171045795
near_offset,True,0.0,1.0,1.0,0.2,0.2,0.2,0.2,"(0.7, 0.0, 0.0)","(0.0, 0.0, 0.0)",1000,tanh,True,5,3,0,30000,40000,False,0.957,0.9525,False,False,2000,0.01,torch.nn.Linear.reset_parameters: kaiming_uniform_(a=sqrt(5)); bias_uniform_bound=1/sqrt(fan_in),0.5773502691896257,0.9679027079837397
near_offset,True,0.0,1.0,1.0,0.2,0.2,0.2,0.2,"(0.7, 0.0, 0.0)","(0.0, 0.0, 0.0)",1000,tanh,True,5,3,1,30001,40001,False,0.966,0.9645,False,False,2000,0.01,torch.nn.Linear.reset_parameters: kaiming_uniform_(a=sqrt(5)); bias_uniform_bound=1/sqrt(fan_in),0.5773502691896257,0.963904625037685
near_offset,True,0.0,1.0,1.0,0.2,0.2,0.2,0.2,"(0.7, 0.0, 0.0)","(0.0, 0.0, 0.0)",1000,tanh,True,5,3,2,30002,40002,False,0.9555,0.9515,False,False,2000,0.01,torch.nn.Linear.reset_parameters: kaiming_uniform_(a=sqrt(5)); bias_uniform_bound=1/sqrt(fan_in),0.5773502691896257,0.9621146669378504
near_offset,True,0.0,1.0,1.0,0.2,0.2,0.2,0.2,"(0.7, 0.0, 0.0)","(0.0, 0.0, 0.0)",1000,tanh,True,5,3,3,30003,40003,False,0.967,0.971,False,False,2000,0.01,torch.nn.Linear.reset_parameters: kaiming_uniform_(a=sqrt(5)); bias_uniform_bound=1/sqrt(fan_in),0.5773502691896257,0.9557706670602784
near_offset,True,0.0,1.0,1.0,0.2,0.2,0.2,0.2,"(0.7, 0.0, 0.0)","(0.0, 0.0, 0.0)",1000,tanh,True,5,3,4,30004,40004,False,0.9495,0.959,False,False,2000,0.01,torch.nn.Linear.reset_parameters: kaiming_uniform_(a=sqrt(5)); bias_uniform_bound=1/sqrt(fan_in),0.5773502691896257,0.9562270420137793
near_offset,True,0.0,1.0,1.0,0.2,0.2,0.2,0.2,"(0.7, 0.0, 0.0)","(0.0, 0.0, 0.0)",1000,tanh,True,5,3,5,30005,40005,False,0.9715,0.966,False,False,2000,0.01,torch.nn.Linear.reset_parameters: kaiming_uniform_(a=sqrt(5)); bias_uniform_bound=1/sqrt(fan_in),0.5773502691896257,0.9840935410466045
near_offset,True,0.0,1.0,1.0,0.2,0.2,0.2,0.2,"(0.7, 0.0, 0.0)","(0.0, 0.0, 0.0)",1000,tanh,True,5,3,6,30006,40006,False,0.97,0.968,False,False,2000,0.01,torch.nn.Linear.reset_parameters: kaiming_uniform_(a=sqrt(5)); bias_uniform_bound=1/sqrt(fan_in),0.5773502691896257,1.0251372079364955
near_offset,True,0.0,1.0,1.0,0.2,0.2,0.2,0.2,"(0.7, 0.0, 0.0)","(0.0, 0.0, 0.0)",1000,tanh,True,5,3,7,30007,40007,False,0.9505,0.9535,False,False,2000,0.01,torch.nn.Linear.reset_parameters: kaiming_uniform_(a=sqrt(5)); bias_uniform_bound=1/sqrt(fan_in),0.5773502691896257,0.9825562499463558
near_offset,True,0.0,1.0,1.0,0.2,0.2,0.2,0.2,"(0.7, 0.0, 0.0)","(0.0, 0.0, 0.0)",1000,tanh,True,5,3,8,30008,40008,False,0.9525,0.9535,False,False,2000,0.01,torch.nn.Linear.reset_parameters: kaiming_uniform_(a=sqrt(5)); bias_uniform_bound=1/sqrt(fan_in),0.5773502691896257,1.0004905420355499
near_offset,True,0.0,1.0,1.0,0.2,0.2,0.2,0.2,"(0.7, 0.0, 0.0)","(0.0, 0.0, 0.0)",1000,tanh,True,5,3,9,30009,40009,False,0.9645,0.9595,False,False,2000,0.01,torch.nn.Linear.reset_parameters: kaiming_uniform_(a=sqrt(5)); bias_uniform_bound=1/sqrt(fan_in),0.5773502691896257,0.9917726659914479
near_offset,True,0.0,1.0,1.0,0.2,0.2,0.2,0.2,"(0.7, 0.0, 0.0)","(0.0, 0.0, 0.0)",1000,tanh,True,5,4,0,30000,40000,True,1.0,1.0,True,False,2000,0.01,torch.nn.Linear.reset_parameters: kaiming_uniform_(a=sqrt(5)); bias_uniform_bound=1/sqrt(fan_in),0.5773502691896257,1.0942160839913413
near_offset,True,0.0,1.0,1.0,0.2,0.2,0.2,0.2,"(0.7, 0.0, 0.0)","(0.0, 0.0, 0.0)",1000,tanh,True,5,4,1,30001,40001,True,1.0,1.0,True,False,2000,0.01,torch.nn.Linear.reset_parameters: kaiming_uniform_(a=sqrt(5)); bias_uniform_bound=1/sqrt(fan_in),0.5773502691896257,1.0950817079283297
near_offset,True,0.0,1.0,1.0,0.2,0.2,0.2,0.2,"(0.7, 0.0, 0.0)","(0.0, 0.0, 0.0)",1000,tanh,True,5,4,2,30002,40002,True,1.0,1.0,True,False,2000,0.01,torch.nn.Linear.reset_parameters: kaiming_uniform_(a=sqrt(5)); bias_uniform_bound=1/sqrt(fan_in),0.5773502691896257,1.0656881250906736
near_offset,True,0.0,1.0,1.0,0.2,0.2,0.2,0.2,"(0.7, 0.0, 0.0)","(0.0, 0.0, 0.0)",1000,tanh,True,5,4,3,30003,40003,False,0.969,0.956,False,False,2000,0.01,torch.nn.Linear.reset_parameters: kaiming_uniform_(a=sqrt(5)); bias_uniform_bound=1/sqrt(fan_in),0.5773502691896257,1.0976493749767542
near_offset,True,0.0,1.0,1.0,0.2,0.2,0.2,0.2,"(0.7, 0.0, 0.0)","(0.0, 0.0, 0.0)",1000,tanh,True,5,4,4,30004,40004,True,1.0,1.0,True,False,2000,0.01,torch.nn.Linear.reset_parameters: kaiming_uniform_(a=sqrt(5)); bias_uniform_bound=1/sqrt(fan_in),0.5773502691896257,1.0953882089816034
near_offset,True,0.0,1.0,1.0,0.2,0.2,0.2,0.2,"(0.7, 0.0, 0.0)","(0.0, 0.0, 0.0)",1000,tanh,True,5,4,5,30005,40005,True,1.0,1.0,True,False,2000,0.01,torch.nn.Linear.reset_parameters: kaiming_uniform_(a=sqrt(5)); bias_uniform_bound=1/sqrt(fan_in),0.5773502691896257,1.015235000057146
near_offset,True,0.0,1.0,1.0,0.2,0.2,0.2,0.2,"(0.7, 0.0, 0.0)","(0.0, 0.0, 0.0)",1000,tanh,True,5,4,6,30006,40006,True,1.0,1.0,True,False,2000,0.01,torch.nn.Linear.reset_parameters: kaiming_uniform_(a=sqrt(5)); bias_uniform_bound=1/sqrt(fan_in),0.5773502691896257,1.0220952919917181
near_offset,True,0.0,1.0,1.0,0.2,0.2,0.2,0.2,"(0.7, 0.0, 0.0)","(0.0, 0.0, 0.0)",1000,tanh,True,5,4,7,30007,40007,False,0.964,0.967,False,False,2000,0.01,torch.nn.Linear.reset_parameters: kaiming_uniform_(a=sqrt(5)); bias_uniform_bound=1/sqrt(fan_in),0.5773502691896257,1.8978009999264032
near_offset,True,0.0,1.0,1.0,0.2,0.2,0.2,0.2,"(0.7, 0.0, 0.0)","(0.0, 0.0, 0.0)",1000,tanh,True,5,4,8,30008,40008,True,1.0,0.996,False,False,2000,0.01,torch.nn.Linear.reset_parameters: kaiming_uniform_(a=sqrt(5)); bias_uniform_bound=1/sqrt(fan_in),0.5773502691896257,1.2714611659757793
near_offset,True,0.0,1.0,1.0,0.2,0.2,0.2,0.2,"(0.7, 0.0, 0.0)","(0.0, 0.0, 0.0)",1000,tanh,True,5,4,9,30009,40009,True,1.0,1.0,True,False,2000,0.01,torch.nn.Linear.reset_parameters: kaiming_uniform_(a=sqrt(5)); bias_uniform_bound=1/sqrt(fan_in),0.5773502691896257,0.99190595804248
near_offset,True,0.0,1.0,1.0,0.2,0.2,0.2,0.2,"(0.7, 0.0, 0.0)","(0.0, 0.0, 0.0)",1000,tanh,True,8,3,0,30000,40000,False,0.954,0.953,False,False,2000,0.01,torch.nn.Linear.reset_parameters: kaiming_uniform_(a=sqrt(5)); bias_uniform_bound=1/sqrt(fan_in),0.5773502691896257,2.3012272090418264
near_offset,True,0.0,1.0,1.0,0.2,0.2,0.2,0.2,"(0.7, 0.0, 0.0)","(0.0, 0.0, 0.0)",1000,tanh,True,8,3,1,30001,40001,False,0.9645,0.964,False,False,2000,0.01,torch.nn.Linear.reset_parameters: kaiming_uniform_(a=sqrt(5)); bias_uniform_bound=1/sqrt(fan_in),0.5773502691896257,1.7707909169839695
near_offset,True,0.0,1.0,1.0,0.2,0.2,0.2,0.2,"(0.7, 0.0, 0.0)","(0.0, 0.0, 0.0)",1000,tanh,True,8,3,2,30002,40002,False,0.9735,0.9655,False,False,2000,0.01,torch.nn.Linear.reset_parameters: kaiming_uniform_(a=sqrt(5)); bias_uniform_bound=1/sqrt(fan_in),0.5773502691896257,1.8656053330050781
near_offset,True,0.0,1.0,1.0,0.2,0.2,0.2,0.2,"(0.7, 0.0, 0.0)","(0.0, 0.0, 0.0)",1000,tanh,True,8,3,3,30003,40003,False,0.9515,0.9595,False,False,2000,0.01,torch.nn.Linear.reset_parameters: kaiming_uniform_(a=sqrt(5)); bias_uniform_bound=1/sqrt(fan_in),0.5773502691896257,1.6233145839069039
near_offset,True,0.0,1.0,1.0,0.2,0.2,0.2,0.2,"(0.7, 0.0, 0.0)","(0.0, 0.0, 0.0)",1000,tanh,True,8,3,4,30004,40004,False,0.9595,0.961,False,False,2000,0.01,torch.nn.Linear.reset_parameters: kaiming_uniform_(a=sqrt(5)); bias_uniform_bound=1/sqrt(fan_in),0.5773502691896257,1.5564071660628542
near_offset,True,0.0,1.0,1.0,0.2,0.2,0.2,0.2,"(0.7, 0.0, 0.0)","(0.0, 0.0, 0.0)",1000,tanh,True,8,3,5,30005,40005,False,0.972,0.9655,False,False,2000,0.01,torch.nn.Linear.reset_parameters: kaiming_uniform_(a=sqrt(5)); bias_uniform_bound=1/sqrt(fan_in),0.5773502691896257,1.6651774999918416
near_offset,True,0.0,1.0,1.0,0.2,0.2,0.2,0.2,"(0.7, 0.0, 0.0)","(0.0, 0.0, 0.0)",1000,tanh,True,8,3,6,30006,40006,False,0.7285,0.6965,False,False,2000,0.01,torch.nn.Linear.reset_parameters: kaiming_uniform_(a=sqrt(5)); bias_uniform_bound=1/sqrt(fan_in),0.5773502691896257,1.6178812499856576
near_offset,True,0.0,1.0,1.0,0.2,0.2,0.2,0.2,"(0.7, 0.0, 0.0)","(0.0, 0.0, 0.0)",1000,tanh,True,8,3,7,30007,40007,False,0.951,0.9535,False,False,2000,0.01,torch.nn.Linear.reset_parameters: kaiming_uniform_(a=sqrt(5)); bias_uniform_bound=1/sqrt(fan_in),0.5773502691896257,1.5397089590551332
near_offset,True,0.0,1.0,1.0,0.2,0.2,0.2,0.2,"(0.7, 0.0, 0.0)","(0.0, 0.0, 0.0)",1000,tanh,True,8,3,8,30008,40008,False,0.9855,0.9765,False,False,2000,0.01,torch.nn.Linear.reset_parameters: kaiming_uniform_(a=sqrt(5)); bias_uniform_bound=1/sqrt(fan_in),0.5773502691896257,2.353271416039206
near_offset,True,0.0,1.0,1.0,0.2,0.2,0.2,0.2,"(0.7, 0.0, 0.0)","(0.0, 0.0, 0.0)",1000,tanh,True,8,3,9,30009,40009,False,0.9635,0.963,False,False,2000,0.01,torch.nn.Linear.reset_parameters: kaiming_uniform_(a=sqrt(5)); bias_uniform_bound=1/sqrt(fan_in),0.5773502691896257,1.5482822500634938
near_offset,True,0.0,1.0,1.0,0.2,0.2,0.2,0.2,"(0.7, 0.0, 0.0)","(0.0, 0.0, 0.0)",1000,tanh,True,8,4,0,30000,40000,False,0.9695,0.963,False,False,2000,0.01,torch.nn.Linear.reset_parameters: kaiming_uniform_(a=sqrt(5)); bias_uniform_bound=1/sqrt(fan_in),0.5773502691896257,1.435530083021149
near_offset,True,0.0,1.0,1.0,0.2,0.2,0.2,0.2,"(0.7, 0.0, 0.0)","(0.0, 0.0, 0.0)",1000,tanh,True,8,4,1,30001,40001,True,1.0,1.0,True,False,2000,0.01,torch.nn.Linear.reset_parameters: kaiming_uniform_(a=sqrt(5)); bias_uniform_bound=1/sqrt(fan_in),0.5773502691896257,1.4856272910255939
near_offset,True,0.0,1.0,1.0,0.2,0.2,0.2,0.2,"(0.7, 0.0, 0.0)","(0.0, 0.0, 0.0)",1000,tanh,True,8,4,2,30002,40002,True,1.0,1.0,True,False,2000,0.01,torch.nn.Linear.reset_parameters: kaiming_uniform_(a=sqrt(5)); bias_uniform_bound=1/sqrt(fan_in),0.5773502691896257,1.3605231249239296
near_offset,True,0.0,1.0,1.0,0.2,0.2,0.2,0.2,"(0.7, 0.0, 0.0)","(0.0, 0.0, 0.0)",1000,tanh,True,8,4,3,30003,40003,False,0.968,0.973,False,False,2000,0.01,torch.nn.Linear.reset_parameters: kaiming_uniform_(a=sqrt(5)); bias_uniform_bound=1/sqrt(fan_in),0.5773502691896257,1.4048041669884697
near_offset,True,0.0,1.0,1.0,0.2,0.2,0.2,0.2,"(0.7, 0.0, 0.0)","(0.0, 0.0, 0.0)",1000,tanh,True,8,4,4,30004,40004,True,1.0,1.0,True,False,2000,0.01,torch.nn.Linear.reset_parameters: kaiming_uniform_(a=sqrt(5)); bias_uniform_bound=1/sqrt(fan_in),0.5773502691896257,1.40542958304286
near_offset,True,0.0,1.0,1.0,0.2,0.2,0.2,0.2,"(0.7, 0.0, 0.0)","(0.0, 0.0, 0.0)",1000,tanh,True,8,4,5,30005,40005,True,1.0,1.0,True,False,2000,0.01,torch.nn.Linear.reset_parameters: kaiming_uniform_(a=sqrt(5)); bias_uniform_bound=1/sqrt(fan_in),0.5773502691896257,1.3938232909422368
near_offset,True,0.0,1.0,1.0,0.2,0.2,0.2,0.2,"(0.7, 0.0, 0.0)","(0.0, 0.0, 0.0)",1000,tanh,True,8,4,6,30006,40006,False,0.97,0.968,False,False,2000,0.01,torch.nn.Linear.reset_parameters: kaiming_uniform_(a=sqrt(5)); bias_uniform_bound=1/sqrt(fan_in),0.5773502691896257,1.3679113750113174
near_offset,True,0.0,1.0,1.0,0.2,0.2,0.2,0.2,"(0.7, 0.0, 0.0)","(0.0, 0.0, 0.0)",1000,tanh,True,8,4,7,30007,40007,False,0.968,0.97,False,False,2000,0.01,torch.nn.Linear.reset_parameters: kaiming_uniform_(a=sqrt(5)); bias_uniform_bound=1/sqrt(fan_in),0.5773502691896257,1.3551108329556882
near_offset,True,0.0,1.0,1.0,0.2,0.2,0.2,0.2,"(0.7, 0.0, 0.0)","(0.0, 0.0, 0.0)",1000,tanh,True,8,4,8,30008,40008,False,0.955,0.953,False,False,2000,0.01,torch.nn.Linear.reset_parameters: kaiming_uniform_(a=sqrt(5)); bias_uniform_bound=1/sqrt(fan_in),0.5773502691896257,1.3553096669493243
near_offset,True,0.0,1.0,1.0,0.2,0.2,0.2,0.2,"(0.7, 0.0, 0.0)","(0.0, 0.0, 0.0)",1000,tanh,True,8,4,9,30009,40009,False,0.954,0.9525,False,False,2000,0.01,torch.nn.Linear.reset_parameters: kaiming_uniform_(a=sqrt(5)); bias_uniform_bound=1/sqrt(fan_in),0.5773502691896257,1.3578126250067726
near_offset,True,0.0,1.0,1.0,0.2,0.2,0.2,0.2,"(0.7, 0.0, 0.0)","(0.0, 0.0, 0.0)",1000,tanh,True,12,3,0,30000,40000,False,0.713,0.7085,False,False,2000,0.01,torch.nn.Linear.reset_parameters: kaiming_uniform_(a=sqrt(5)); bias_uniform_bound=1/sqrt(fan_in),0.5773502691896257,2.3526313750771806
near_offset,True,0.0,1.0,1.0,0.2,0.2,0.2,0.2,"(0.7, 0.0, 0.0)","(0.0, 0.0, 0.0)",1000,tanh,True,12,3,1,30001,40001,False,0.969,0.9655,False,False,2000,0.01,torch.nn.Linear.reset_parameters: kaiming_uniform_(a=sqrt(5)); bias_uniform_bound=1/sqrt(fan_in),0.5773502691896257,2.2505489588947967
near_offset,True,0.0,1.0,1.0,0.2,0.2,0.2,0.2,"(0.7, 0.0, 0.0)","(0.0, 0.0, 0.0)",1000,tanh,True,12,3,2,30002,40002,False,0.714,0.714,False,False,2000,0.01,torch.nn.Linear.reset_parameters: kaiming_uniform_(a=sqrt(5)); bias_uniform_bound=1/sqrt(fan_in),0.5773502691896257,2.1887621670030057
near_offset,True,0.0,1.0,1.0,0.2,0.2,0.2,0.2,"(0.7, 0.0, 0.0)","(0.0, 0.0, 0.0)",1000,tanh,True,12,3,3,30003,40003,False,0.971,0.97,False,False,2000,0.01,torch.nn.Linear.reset_parameters: kaiming_uniform_(a=sqrt(5)); bias_uniform_bound=1/sqrt(fan_in),0.5773502691896257,2.2946311669657007
near_offset,True,0.0,1.0,1.0,0.2,0.2,0.2,0.2,"(0.7, 0.0, 0.0)","(0.0, 0.0, 0.0)",1000,tanh,True,12,3,4,30004,40004,False,0.9485,0.9515,False,False,2000,0.01,torch.nn.Linear.reset_parameters: kaiming_uniform_(a=sqrt(5)); bias_uniform_bound=1/sqrt(fan_in),0.5773502691896257,2.18303587497212
near_offset,True,0.0,1.0,1.0,0.2,0.2,0.2,0.2,"(0.7, 0.0, 0.0)","(0.0, 0.0, 0.0)",1000,tanh,True,12,3,5,30005,40005,False,0.968,0.96,False,False,2000,0.01,torch.nn.Linear.reset_parameters: kaiming_uniform_(a=sqrt(5)); bias_uniform_bound=1/sqrt(fan_in),0.5773502691896257,2.6153482500230893
near_offset,True,0.0,1.0,1.0,0.2,0.2,0.2,0.2,"(0.7, 0.0, 0.0)","(0.0, 0.0, 0.0)",1000,tanh,True,12,3,6,30006,40006,False,0.9495,0.95,False,False,2000,0.01,torch.nn.Linear.reset_parameters: kaiming_uniform_(a=sqrt(5)); bias_uniform_bound=1/sqrt(fan_in),0.5773502691896257,2.3243340419139713
near_offset,True,0.0,1.0,1.0,0.2,0.2,0.2,0.2,"(0.7, 0.0, 0.0)","(0.0, 0.0, 0.0)",1000,tanh,True,12,3,7,30007,40007,False,0.952,0.9525,False,False,2000,0.01,torch.nn.Linear.reset_parameters: kaiming_uniform_(a=sqrt(5)); bias_uniform_bound=1/sqrt(fan_in),0.5773502691896257,3.0047062499215826
near_offset,True,0.0,1.0,1.0,0.2,0.2,0.2,0.2,"(0.7, 0.0, 0.0)","(0.0, 0.0, 0.0)",1000,tanh,True,12,3,8,30008,40008,False,0.7165,0.712,False,False,2000,0.01,torch.nn.Linear.reset_parameters: kaiming_uniform_(a=sqrt(5)); bias_uniform_bound=1/sqrt(fan_in),0.5773502691896257,2.098331332905218
near_offset,True,0.0,1.0,1.0,0.2,0.2,0.2,0.2,"(0.7, 0.0, 0.0)","(0.0, 0.0, 0.0)",1000,tanh,True,12,3,9,30009,40009,False,0.9605,0.964,False,False,2000,0.01,torch.nn.Linear.reset_parameters: kaiming_uniform_(a=sqrt(5)); bias_uniform_bound=1/sqrt(fan_in),0.5773502691896257,1.9655606250744313
near_offset,True,0.0,1.0,1.0,0.2,0.2,0.2,0.2,"(0.7, 0.0, 0.0)","(0.0, 0.0, 0.0)",1000,tanh,True,12,4,0,30000,40000,False,0.972,0.963,False,False,2000,0.01,torch.nn.Linear.reset_parameters: kaiming_uniform_(a=sqrt(5)); bias_uniform_bound=1/sqrt(fan_in),0.5773502691896257,1.9887872920371592
near_offset,True,0.0,1.0,1.0,0.2,0.2,0.2,0.2,"(0.7, 0.0, 0.0)","(0.0, 0.0, 0.0)",1000,tanh,True,12,4,1,30001,40001,False,0.71,0.7055,False,False,2000,0.01,torch.nn.Linear.reset_parameters: kaiming_uniform_(a=sqrt(5)); bias_uniform_bound=1/sqrt(fan_in),0.5773502691896257,2.228862583055161
near_offset,True,0.0,1.0,1.0,0.2,0.2,0.2,0.2,"(0.7, 0.0, 0.0)","(0.0, 0.0, 0.0)",1000,tanh,True,12,4,2,30002,40002,False,0.964,0.9635,False,False,2000,0.01,torch.nn.Linear.reset_parameters: kaiming_uniform_(a=sqrt(5)); bias_uniform_bound=1/sqrt(fan_in),0.5773502691896257,2.195786709082313
near_offset,True,0.0,1.0,1.0,0.2,0.2,0.2,0.2,"(0.7, 0.0, 0.0)","(0.0, 0.0, 0.0)",1000,tanh,True,12,4,3,30003,40003,False,0.9665,0.9705,False,False,2000,0.01,torch.nn.Linear.reset_parameters: kaiming_uniform_(a=sqrt(5)); bias_uniform_bound=1/sqrt(fan_in),0.5773502691896257,2.1256710829911754
near_offset,True,0.0,1.0,1.0,0.2,0.2,0.2,0.2,"(0.7, 0.0, 0.0)","(0.0, 0.0, 0.0)",1000,tanh,True,12,4,4,30004,40004,False,0.989,0.986,False,False,2000,0.01,torch.nn.Linear.reset_parameters: kaiming_uniform_(a=sqrt(5)); bias_uniform_bound=1/sqrt(fan_in),0.5773502691896257,2.0990236670477316
near_offset,True,0.0,1.0,1.0,0.2,0.2,0.2,0.2,"(0.7, 0.0, 0.0)","(0.0, 0.0, 0.0)",1000,tanh,True,12,4,5,30005,40005,True,1.0,1.0,True,False,2000,0.01,torch.nn.Linear.reset_parameters: kaiming_uniform_(a=sqrt(5)); bias_uniform_bound=1/sqrt(fan_in),0.5773502691896257,2.088974874932319
near_offset,True,0.0,1.0,1.0,0.2,0.2,0.2,0.2,"(0.7, 0.0, 0.0)","(0.0, 0.0, 0.0)",1000,tanh,True,12,4,6,30006,40006,True,1.0,0.9995,False,False,2000,0.01,torch.nn.Linear.reset_parameters: kaiming_uniform_(a=sqrt(5)); bias_uniform_bound=1/sqrt(fan_in),0.5773502691896257,2.1128685410367325
near_offset,True,0.0,1.0,1.0,0.2,0.2,0.2,0.2,"(0.7, 0.0, 0.0)","(0.0, 0.0, 0.0)",1000,tanh,True,12,4,7,30007,40007,False,0.9635,0.9675,False,False,2000,0.01,torch.nn.Linear.reset_parameters: kaiming_uniform_(a=sqrt(5)); bias_uniform_bound=1/sqrt(fan_in),0.5773502691896257,2.1360016249818727
near_offset,True,0.0,1.0,1.0,0.2,0.2,0.2,0.2,"(0.7, 0.0, 0.0)","(0.0, 0.0, 0.0)",1000,tanh,True,12,4,8,30008,40008,False,0.9675,0.9675,False,False,2000,0.01,torch.nn.Linear.reset_parameters: kaiming_uniform_(a=sqrt(5)); bias_uniform_bound=1/sqrt(fan_in),0.5773502691896257,2.395422957953997
near_offset,True,0.0,1.0,1.0,0.2,0.2,0.2,0.2,"(0.7, 0.0, 0.0)","(0.0, 0.0, 0.0)",1000,tanh,True,12,4,9,30009,40009,False,0.963,0.965,False,False,2000,0.01,torch.nn.Linear.reset_parameters: kaiming_uniform_(a=sqrt(5)); bias_uniform_bound=1/sqrt(fan_in),0.5773502691896257,2.3517845830647275
