a,opt,budget,w2,gstar,R,solved
1.02,adam,2000,0.6671773195266724,0.0016156047879616,0.0005389474359233,False
1.02,adam,2000,1.9804073572158811,0.0016156047879616,0.0015997778042162,False
1.02,adam,2000,3.0763325691223145,0.0016156047879616,0.0024850688140181,False
1.02,adam,2000,1.804921507835388,0.0016156047879616,0.0014580199149768,False
1.02,adam,2000,0.6917063593864441,0.0016156047879616,0.0005587620530441,False
1.02,adam,2000,2.258368492126465,0.0016156047879616,0.0018243154744306,False
1.02,adam,2000,0.7148593664169312,0.0016156047879616,0.0005774651075512,False
1.02,adam,2000,3.411613702774048,0.0016156047879616,0.0027559097164386,False
1.02,adam,2000,0.6729459166526794,0.0016156047879616,0.0005436073224916,False
1.02,adam,2000,2.0537612438201904,0.0016156047879616,0.0016590332494229,False
1.02,adam,2000,2.8271806240081787,0.0016156047879616,0.0022838032762899,False
1.02,adam,2000,0.5155169367790222,0.0016156047879616,0.0004164358156677,False
1.02,adam,2000,2.73435115814209,0.0016156047879616,0.0022088154115313,False
1.02,adam,2000,0.6673275232315063,0.0016156047879616,0.0005390687708356,False
1.02,adam,2000,0.54246586561203,0.0016156047879616,0.0004382052248942,False
1.02,adam,2000,1.802767038345337,0.0016156047879616,0.001456279529365,False
1.02,adam,2000,0.3115062713623047,0.0016156047879616,0.0002516355117465,False
1.02,adam,2000,0.883025586605072,0.0016156047879616,0.0007133101828058,False
1.02,adam,2000,2.090005397796631,0.0016156047879616,0.0016883113637729,False
1.02,adam,2000,2.462270975112915,0.0016156047879616,0.0019890283883256,False
1.02,adam,2000,1.656859040260315,0.0016156047879616,0.001338414699211,False
1.02,adam,2000,1.0176063776016235,0.0016156047879616,0.0008220248679567,False
1.02,adam,2000,1.3722028732299805,0.0016156047879616,0.0011084687660225,False
1.02,adam,2000,1.852627515792847,0.0016156047879616,0.0014965569424121,False
1.02,adam,2000,2.099823236465454,0.0016156047879616,0.0016962422373533,False
1.02,adam,2000,1.170909762382507,0.0016156047879616,0.000945863709188,False
1.02,adam,2000,1.0693529844284058,0.0016156047879616,0.0008638259008317,False
1.02,adam,2000,1.843021035194397,0.0016156047879616,0.001488796804387,False
1.02,adam,2000,1.821411728858948,0.0016156047879616,0.0014713407549969,False
1.02,adam,2000,0.3618080615997314,0.0016156047879616,0.0002922694183218,False
1.02,adam,2000,1.966902017593384,0.0016156047879616,0.0015888681585376,False
1.02,adam,2000,3.0672450065612793,0.0016156047879616,0.0024777278592259,False
1.02,adam,2000,1.8068733215332031,0.0016156047879616,0.0014595965947545,False
1.02,adam,2000,2.3338754177093506,0.0016156047879616,0.0018853101496785,False
1.02,adam,2000,1.9339535236358645,0.0016156047879616,0.0015622522862406,False
1.02,adam,2000,1.414026141166687,0.0016156047879616,0.0011422537019859,False
1.02,adam,2000,2.997284173965454,0.0016156047879616,0.0024212133311701,False
1.02,adam,2000,0.3508254587650299,0.0016156047879616,0.0002833976454598,False
1.02,adam,2000,3.8680830001831055,0.0016156047879616,0.0031246467076644,False
1.02,adam,2000,2.569627523422241,0.0016156047879616,0.0020757512650594,False
1.02,adam,2000,2.512989044189453,0.0016156047879616,0.0020299985659438,False
1.02,adam,2000,1.5404930114746094,0.0016156047879616,0.0012444139425799,False
1.02,adam,2000,2.2037925720214844,0.0016156047879616,0.001780228915516,False
1.02,adam,2000,1.5755964517593384,0.0016156047879616,0.0012727705856788,False
1.02,adam,2000,2.5101873874664307,0.0016156047879616,0.0020277353809358,False
1.02,adam,2000,1.5551689863204956,0.0016156047879616,0.0012562692301944,False
1.02,adam,2000,0.5868241190910339,0.0016156047879616,0.0004740379282474,False
1.02,adam,2000,1.8187963962554932,0.0016156047879616,0.0014692280830588,False
1.02,adam,2000,0.8889215588569641,0.0016156047879616,0.0007180729633058,False
1.02,adam,2000,1.481652855873108,0.0016156047879616,0.0011968827240228,False
1.02,adam,2000,1.056867599487305,0.0016156047879616,0.0008537401769866,False
1.02,adam,2000,2.2431082725524902,0.0016156047879616,0.001811988232526,False
1.02,adam,2000,2.4521594047546387,0.0016156047879616,0.0019808602375833,False
1.02,adam,2000,2.0993409156799316,0.0016156047879616,0.0016958526174681,False
1.02,adam,2000,1.321922779083252,0.0016156047879616,0.0010678523856012,False
1.02,adam,2000,0.1192800849676132,0.0016156047879616,9.635473819107316e-05,False
1.02,adam,2000,1.6543421745300293,0.0016156047879616,0.0013363815690487,False
1.02,adam,2000,0.7251890897750854,0.0016156047879616,0.000585809482809,False
1.02,adam,2000,1.217858076095581,0.0016156047879616,0.0009837886693988,False
1.02,adam,2000,0.1791749447584152,0.0016156047879616,0.0001447379493172,False
1.02,adam,2000,1.985611915588379,0.0016156047879616,0.0016039820589291,False
1.02,adam,2000,2.7605443000793457,0.0016156047879616,0.0022299742942941,False
1.02,adam,2000,2.2275843620300293,0.0016156047879616,0.001799447980442,False
1.02,adam,2000,2.890148162841797,0.0016156047879616,0.0023346686049028,False
1.02,adam,2000,1.77324378490448,0.0016156047879616,0.0014324305745574,False
1.02,adam,2000,0.2667363286018371,0.0016156047879616,0.0002154702448062,False
1.02,adam,2000,0.2058672755956649,0.0016156047879616,0.0001663000780684,False
1.02,adam,2000,2.8277440071105957,0.0016156047879616,0.0022842583785088,False
1.02,adam,2000,0.7136054039001465,0.0016156047879616,0.0005764521536281,False
1.02,adam,2000,2.07173752784729,0.0016156047879616,0.0016735545346949,False
1.02,adam,2000,0.8377014398574829,0.0016156047879616,0.000676697228558,False
1.02,adam,2000,3.916680812835694,0.0016156047879616,0.0031639041370674,False
1.02,adam,2000,2.24273419380188,0.0016156047879616,0.0018116860508157,False
1.02,adam,2000,2.0561983585357666,0.0016156047879616,0.0016610019565246,False
1.02,adam,2000,0.3384093344211578,0.0016156047879616,0.0002733678704908,False
1.02,adam,2000,2.938716411590576,0.0016156047879616,0.0023739021525135,False
1.02,adam,2000,2.4122462272644043,0.0016156047879616,0.0019486182772553,False
1.02,adam,2000,3.4348320960998535,0.0016156047879616,0.0027746655901516,False
1.02,adam,2000,1.731617450714111,0.0016156047879616,0.0013988047221458,False
1.02,adam,2000,0.2531621158123016,0.0016156047879616,0.0002045049632184,False
1.02,adam,2000,0.506855309009552,0.0016156047879616,0.0004094389320198,False
1.02,adam,2000,1.3859091997146606,0.0016156047879616,0.0011195407693695,False
1.02,adam,2000,1.1851027011871338,0.0016156047879616,0.000957328799132,False
1.02,adam,2000,2.0663673877716064,0.0016156047879616,0.0016692165226857,False
1.02,adam,2000,2.531585216522217,0.0016156047879616,0.002045020598473,False
1.02,adam,2000,2.318295478820801,0.0016156047879616,0.0018727246377463,False
1.02,adam,2000,0.4996935427188873,0.0016156047879616,0.000403653640065,False
1.02,adam,2000,1.823993682861328,0.0016156047879616,0.0014734264636212,False
1.02,adam,2000,2.6454687118530273,0.0016156047879616,0.0021370159586362,False
1.02,adam,2000,2.985024690628052,0.0016156047879616,0.0024113100911811,False
1.02,adam,2000,3.0933923721313477,0.0016156047879616,0.0024988497637296,False
1.02,adam,2000,2.3061256408691406,0.0016156047879616,0.0018628938135146,False
1.02,adam,2000,0.7285428643226624,0.0016156047879616,0.0005885186699174,False
1.02,adam,2000,2.2047922611236572,0.0016156047879616,0.001781036466766,False
1.02,adam,2000,1.776800513267517,0.0016156047879616,0.0014353037082438,False
1.02,adam,2000,3.233872175216675,0.0016156047879616,0.0026123296849679,False
1.02,adam,2000,2.50499963760376,0.0016156047879616,0.0020235447041773,False
1.02,adam,2000,1.5780085325241089,0.0016156047879616,0.0012747190702951,False
1.02,adam,2000,2.7390036582946777,0.0016156047879616,0.0022125737122926,False
1.02,adam,2000,0.203702688217163,0.0016156047879616,0.0001645515192021,False
1.02,adam,2000,2.085287570953369,0.0016156047879616,0.0016845002919545,False
1.02,adam,2000,1.1525509357452393,0.0016156047879616,0.0009310334050798,False
1.02,adam,2000,1.6416988372802734,0.0016156047879616,0.0013261682509505,False
1.02,adam,2000,0.2346196919679641,0.0016156047879616,0.0001895263488467,False
1.02,adam,2000,2.180555820465088,0.0016156047879616,0.0017614582119805,False
1.02,adam,2000,1.976944923400879,0.0016156047879616,0.0015969808418914,False
1.02,adam,2000,2.66274356842041,0.0016156047879616,0.002150970629127,False
1.02,adam,2000,1.693675875663757,0.0016156047879616,0.0013681554269887,False
1.02,adam,2000,2.3936619758605957,0.0016156047879616,0.001933605874481,False
1.02,adam,2000,2.4227755069732666,0.0016156047879616,0.001957123854611,False
1.02,adam,2000,2.4670181274414062,0.0016156047879616,0.0019928631493412,False
1.02,adam,2000,1.65245258808136,0.0016156047879616,0.0013348551565919,False
1.02,adam,2000,1.5803767442703247,0.0016156047879616,0.0012766321174131,False
1.02,adam,2000,2.321530818939209,0.0016156047879616,0.0018753381532393,False
1.02,adam,2000,2.0537970066070557,0.0016156047879616,0.0016590621386878,False
1.02,adam,2000,1.9631832838058472,0.0016156047879616,0.0015858641564814,False
1.02,adam,2000,3.2651898860931396,0.0016156047879616,0.0026376282067879,False
1.02,adam,2000,0.3012093901634216,0.0016156047879616,0.0002433176664635,False
1.02,adam,2000,3.2727468013763428,0.0016156047879616,0.0026437327010448,False
1.02,adam,2000,2.05783748626709,0.0016156047879616,0.00166232604783,False
1.02,adam,2000,0.6474841833114624,0.0016156047879616,0.0005230392733437,False
1.02,adam,2000,0.7379094958305359,0.0016156047879616,0.000596085057273,False
1.02,adam,2000,1.6796776056289673,0.0016156047879616,0.001356847590943,False
1.02,adam,2000,2.6339476108551025,0.0016156047879616,0.0021277091856688,False
1.02,adam,2000,2.5644845962524414,0.0016156047879616,0.0020715967961796,False
1.02,adam,2000,0.3241135776042938,0.0016156047879616,0.0002618197239104,False
1.02,adam,2000,1.916837453842163,0.0016156047879616,0.0015484258840857,False
1.02,adam,2000,2.482865333557129,0.0016156047879616,0.0020056645603794,False
1.02,adam,2000,0.9352400302886964,0.0016156047879616,0.0007554891354139,False
1.02,adam,2000,2.2569127082824707,0.0016156047879616,0.0018231394887563,False
1.02,adam,2000,2.5623202323913574,0.0016156047879616,0.0020698484178712,False
1.02,adam,2000,2.172123432159424,0.0016156047879616,0.0017546465085202,False
1.02,adam,2000,1.9604510068893433,0.0016156047879616,0.0015836570166473,False
1.02,adam,2000,0.3784390687942505,0.0016156047879616,0.0003057039857478,False
1.02,adam,2000,2.6981282234191895,0.0016156047879616,0.0021795544381452,False
1.02,adam,2000,0.9610212445259094,0.0016156047879616,0.0007763152619944,False
1.02,adam,2000,0.4842777252197265,0.0016156047879616,0.000391200705784,False
1.02,adam,2000,2.078688144683838,0.0016156047879616,0.0016791692596151,False
1.02,adam,2000,1.7687381505966189,0.0016156047879616,0.0014287909123771,False
1.02,adam,2000,1.175806999206543,0.0016156047879616,0.0009498197088184,False
1.02,adam,2000,1.3314809799194336,0.0016156047879616,0.0010755735231188,False
1.02,adam,2000,2.045628309249878,0.0016156047879616,0.0016524634454069,False
1.02,adam,2000,1.894825458526611,0.0016156047879616,0.0015306445415735,False
1.02,adam,2000,0.5221442580223083,0.0016156047879616,0.0004217893816337,False
1.02,adam,2000,1.6924313306808472,0.0016156047879616,0.0013671500805721,False
1.02,adam,2000,2.3201327323913574,0.0016156047879616,0.0018742087755789,False
1.02,adam,2000,2.311551570892334,0.0016156047879616,0.0018672768927769,False
1.02,adam,2000,2.706500291824341,0.0016156047879616,0.0021863174150454,False
1.02,adam,2000,1.2308377027511597,0.0016156047879616,0.0009942736428842,False
1.02,adam,2000,0.310977429151535,0.0016156047879616,0.0002512083117426,False
1.02,adam,2000,3.6513967514038086,0.0016156047879616,0.0029496070371577,False
1.02,adam,2000,2.9860334396362305,0.0016156047879616,0.0024121249610449,False
1.02,adam,2000,2.6329774856567383,0.0016156047879616,0.0021269255162111,False
1.02,adam,2000,2.0946526527404785,0.0016156047879616,0.001692065427442,False
1.02,adam,2000,1.7023520469665527,0.0016156047879616,0.0013751640589377,False
1.02,adam,2000,1.920985221862793,0.0016156047879616,0.0015517764610225,False
1.02,adam,2000,1.1390855312347412,0.0016156047879616,0.0009201560190803,False
1.02,adam,2000,0.2643536925315857,0.0016156047879616,0.0002135455456846,False
1.02,adam,2000,0.2017287462949752,0.0016156047879616,0.0001629569641918,False
1.02,adam,2000,2.604384660720825,0.0016156047879616,0.0021038281637771,False
1.02,adam,2000,0.1111134067177772,0.0016156047879616,8.975767594998456e-05,False
1.02,adam,2000,0.3767443001270294,0.0016156047879616,0.0003043349475612,False
1.02,adam,2000,1.908212423324585,0.0016156047879616,0.0015414585637855,False
1.02,adam,2000,1.8091821670532229,0.0016156047879616,0.0014614616856929,False
1.02,adam,2000,2.6084632873535156,0.0016156047879616,0.0021071228881352,False
1.02,adam,2000,1.825259804725647,0.0016156047879616,0.0014744492398943,False
1.02,adam,2000,1.4602282047271729,0.0016156047879616,0.0011795758395369,False
1.02,adam,2000,1.6304363012313845,0.0016156047879616,0.0013170703473679,False
1.02,adam,2000,2.153057336807251,0.0016156047879616,0.0017392448710508,False
1.02,adam,2000,3.606210470199585,0.0016156047879616,0.0029131054510259,False
1.02,adam,2000,1.3673322200775146,0.0016156047879616,0.0011045342407457,False
1.02,adam,2000,0.8256388902664185,0.0016156047879616,0.0006669530721208,False
1.02,adam,2000,3.741424560546875,0.0016156047879616,0.0030223317169083,False
1.02,adam,2000,2.732316493988037,0.0016156047879616,0.0022071718049568,False
1.02,adam,2000,1.5528109073638916,0.0016156047879616,0.001254364368368,False
1.02,adam,2000,1.2435365915298462,0.0016156047879616,0.0010045318356405,False
1.02,adam,2000,0.450246512889862,0.0016156047879616,0.0003637102109939,False
1.02,adam,2000,0.6179731488227844,0.0016156047879616,0.0004992001890349,False
1.02,adam,2000,2.1908040046691895,0.0016156047879616,0.0017697367197145,False
1.02,adam,2000,0.3577706813812256,0.0016156047879616,0.0002890080129159,False
1.02,adam,2000,2.9806175231933594,0.0016156047879616,0.0024077499707767,False
1.02,adam,2000,2.0272789001464844,0.0016156047879616,0.0016376407488051,False
1.02,adam,2000,1.3774995803833008,0.0016156047879616,0.0011127474587412,False
1.02,adam,2000,2.3149893283843994,0.0016156047879616,0.0018700539215089,False
1.02,adam,2000,3.123089075088501,0.0016156047879616,0.0025228388314718,False
1.02,adam,2000,0.3775412440299988,0.0016156047879616,0.0003049787207539,False
1.02,adam,2000,1.4475500583648682,0.0016156047879616,0.0011693344025542,False
1.02,adam,2000,1.3046774864196775,0.0016156047879616,0.0010539215969026,False
1.02,adam,2000,2.3107383251190186,0.0016156047879616,0.0018666199508943,False
1.02,adam,2000,1.8550745248794556,0.0016156047879616,0.0014985336422104,False
1.02,adam,2000,2.955599546432495,0.0016156047879616,0.0023875403892567,False
1.02,adam,2000,3.0408806800842285,0.0016156047879616,0.002456430693182,False
1.02,adam,2000,1.7874443531036377,0.0016156047879616,0.0014439018275446,False
1.02,adam,2000,2.008448839187622,0.0016156047879616,0.0016224297804837,False
1.02,adam,2000,3.12043833732605,0.0016156047879616,0.0025206975591615,False
1.02,adam,2000,2.0576095581054688,0.0016156047879616,0.0016621419269154,False
1.02,adam,2000,0.640360951423645,0.0016156047879616,0.0005172851095718,False
1.02,adam,2000,0.5388051867485046,0.0016156047879616,0.0004352481197447,False
1.02,adam,2000,2.0513532161712646,0.0016156047879616,0.0016570880389233,False
1.02,adam,2000,1.866377353668213,0.0016156047879616,0.0015076640943647,False
1.05,adam,2000,0.6455913186073303,0.0063357906771699,0.002045165728847,False
1.05,adam,2000,2.25913667678833,0.0063357906771699,0.007156708547624,False
1.05,adam,2000,3.648914337158203,0.0063357906771699,0.0115593787195793,False
1.05,adam,2000,2.0119524002075195,0.0063357906771699,0.0063736546300722,False
1.05,adam,2000,0.6897855997085571,0.0063357906771699,0.0021851685859397,False
1.05,adam,2000,2.636322259902954,0.0063357906771699,0.0083515929981543,False
1.05,adam,2000,0.7177834510803223,0.0063357906771699,0.0022738628487907,False
1.05,adam,2000,4.00876522064209,0.0063357906771699,0.0126993486559536,False
1.05,adam,2000,0.6704736948013306,0.0063357906771699,0.0021239904924049,False
1.05,adam,2000,2.3603248596191406,0.0063357906771699,0.0074772621203336,False
1.05,adam,2000,3.315460681915283,0.0063357906771699,0.0105030324395011,False
1.05,adam,2000,0.5137295722961426,0.0063357906771699,0.0016274415173702,False
1.05,adam,2000,3.206620931625366,0.0063357906771699,0.0101582395019049,False
1.05,adam,2000,0.6579350233078003,0.0063357906771699,0.0020842692934285,False
1.05,adam,2000,0.5374023914337158,0.0063357906771699,0.0017024345307672,False
1.05,adam,2000,2.011817455291748,0.0063357906771699,0.0063732271387026,False
1.05,adam,2000,0.3142235279083252,0.0063357906771699,0.0009954272493345,False
1.05,adam,2000,0.8797702789306641,0.0063357906771699,0.00278702016565,False
1.05,adam,2000,2.393947124481201,0.0063357906771699,0.0075837739364628,False
1.05,adam,2000,2.8554956912994385,0.0063357906771699,0.0090459114898169,False
1.05,adam,2000,1.838518142700195,0.0063357906771699,0.0058242330541638,False
1.05,adam,2000,1.013020634651184,0.0063357906771699,0.0032091433464018,False
1.05,adam,2000,1.4980978965759275,0.0063357906771699,0.0047458173433068,False
1.05,adam,2000,2.0643978118896484,0.0063357906771699,0.0065397962052702,False
1.05,adam,2000,2.362801313400269,0.0063357906771699,0.0074851072667231,False
1.05,adam,2000,1.2408274412155151,0.0063357906771699,0.0039308114670149,False
1.05,adam,2000,1.014650821685791,0.0063357906771699,0.0032143076083098,False
1.05,adam,2000,2.013195753097534,0.0063357906771699,0.0063775934418967,False
1.05,adam,2000,2.037749767303467,0.0063357906771699,0.0064553779890432,False
1.05,adam,2000,0.360624760389328,0.0063357906771699,0.0011424214974156,False
1.05,adam,2000,2.250248432159424,0.0063357906771699,0.0071285515188959,False
1.05,adam,2000,3.568792819976806,0.0063357906771699,0.01130556213878,False
1.05,adam,2000,2.056325674057007,0.0063357906771699,0.0065142245174577,False
1.05,adam,2000,2.670095443725586,0.0063357906771699,0.0084585829097552,False
1.05,adam,2000,2.196929931640625,0.0063357906771699,0.0069596440896421,False
1.05,adam,2000,1.5432941913604736,0.0063357906771699,0.0048889944748761,False
1.05,adam,2000,3.4893970489501953,0.0063357906771699,0.0110540446458414,False
1.05,adam,2000,0.3469176292419433,0.0063357906771699,0.0010989987405485,False
1.05,adam,2000,4.480828285217285,0.0063357906771699,0.0141947950377395,False
1.05,adam,2000,3.0108468532562256,0.0063357906771699,0.0095380477116236,False
1.05,adam,2000,2.908231496810913,0.0063357906771699,0.0092129730022732,False
1.05,adam,2000,1.6986145973205566,0.0063357906771699,0.0053810332649041,False
1.05,adam,2000,2.605609655380249,0.0063357906771699,0.008254298681451,False
1.05,adam,2000,1.7250492572784424,0.0063357906771699,0.0054647755009618,False
1.05,adam,2000,3.013780355453491,0.0063357906771699,0.00954734073956,False
1.05,adam,2000,1.6853432655334473,0.0063357906771699,0.0053389910747989,False
1.05,adam,2000,0.5840081572532654,0.0063357906771699,0.0018500767190582,False
1.05,adam,2000,2.028714656829834,0.0063357906771699,0.0064267557046902,False
1.05,adam,2000,0.8631002902984619,0.0063357906771699,0.0027342113863678,False
1.05,adam,2000,1.617817759513855,0.0063357906771699,0.0051250773390439,False
1.05,adam,2000,1.0525150299072266,0.0063357906771699,0.0033342574570337,False
1.05,adam,2000,2.652036190032959,0.0063357906771699,0.008401373084164,False
1.05,adam,2000,2.8283822536468506,0.0063357906771699,0.0089600189570643,False
1.05,adam,2000,2.3875582218170166,0.0063357906771699,0.0075635345614943,False
1.05,adam,2000,1.390838861465454,0.0063357906771699,0.0044060319459592,False
1.05,adam,2000,0.1178345680236816,0.0063357906771699,0.0003732875787663,False
1.05,adam,2000,1.8767377138137815,0.0063357906771699,0.0059453086553372,False
1.05,adam,2000,0.7256256937980652,0.0063357906771699,0.0022987062529403,False
1.05,adam,2000,1.285659670829773,0.0063357906771699,0.0040728352782283,False
1.05,adam,2000,0.1775567382574081,0.0063357906771699,0.0005624811634599,False
1.05,adam,2000,2.297811985015869,0.0063357906771699,0.0072792278762764,False
1.05,adam,2000,3.2565112113952637,0.0063357906771699,0.0103162866866287,False
1.05,adam,2000,2.520320177078247,0.0063357906771699,0.0079841105407078,False
1.05,adam,2000,3.3938844203948975,0.0063357906771699,0.0107514706350651,False
1.05,adam,2000,1.9216365814208984,0.0063357906771699,0.0060875435687376,False
1.05,adam,2000,0.2645022869110107,0.0063357906771699,0.0008379155617504,False
1.05,adam,2000,0.2043193727731704,0.0063357906771699,0.0006472623885907,False
1.05,adam,2000,3.336601495742798,0.0063357906771699,0.0105700043250792,False
1.05,adam,2000,0.7105845808982849,0.0063357906771699,0.002251057581498,False
1.05,adam,2000,2.3757801055908203,0.0063357906771699,0.007526222722004,False
1.05,adam,2000,0.8363484740257263,0.0063357906771699,0.0026494644322987,False
1.05,adam,2000,4.51348876953125,0.0063357906771699,0.0142982600337536,False
1.05,adam,2000,2.532869577407837,0.0063357906771699,0.0080238657275139,False
1.05,adam,2000,2.327014684677124,0.0063357906771699,0.0073717389724074,False
1.05,adam,2000,0.3379831314086914,0.0063357906771699,0.0010706951865099,False
1.05,adam,2000,3.4603986740112305,0.0063357906771699,0.0109621808290457,False
1.05,adam,2000,2.7942678928375244,0.0063357906771699,0.0088519482324776,False
1.05,adam,2000,4.018264293670654,0.0063357906771699,0.0127294407251216,False
1.05,adam,2000,1.9118144512176511,0.0063357906771699,0.0060564280882517,False
1.05,adam,2000,0.2540155053138733,0.0063357906771699,0.0008046945352121,False
1.05,adam,2000,0.505097508430481,0.0063357906771699,0.0016000960424878,False
1.05,adam,2000,1.5352729558944702,0.0063357906771699,0.0048635840404336,False
1.05,adam,2000,1.1809779405593872,0.0063357906771699,0.0037412145128697,False
1.05,adam,2000,2.3272109031677246,0.0063357906771699,0.0073723605720491,False
1.05,adam,2000,3.0128660202026367,0.0063357906771699,0.0095444442211809,False
1.05,adam,2000,2.690119743347168,0.0063357906771699,0.0085220177951848,False
1.05,adam,2000,0.5144023299217224,0.0063357906771699,0.0016295727431162,False
1.05,adam,2000,2.0650579929351807,0.0063357906771699,0.0065418875897269,False
1.05,adam,2000,3.0498335361480713,0.0063357906771699,0.0096615534426235,False
1.05,adam,2000,3.5661442279815674,0.0063357906771699,0.0112971716765445,False
1.05,adam,2000,3.7385642528533936,0.0063357906771699,0.0118433802696146,False
1.05,adam,2000,2.646629571914673,0.0063357906771699,0.0083842454838296,False
1.05,adam,2000,0.7239630222320557,0.0063357906771699,0.0022934390834368,False
1.05,adam,2000,2.5143797397613525,0.0063357906771699,0.0079652918570224,False
1.05,adam,2000,1.9764198064804075,0.0063357906771699,0.0062610910920362,False
1.05,adam,2000,3.809882640838623,0.0063357906771699,0.0120693094584684,False
1.05,adam,2000,2.9453439712524414,0.0063357906771699,0.0093305414370599,False
1.05,adam,2000,1.7476520538330078,0.0063357906771699,0.005536378794806,False
1.05,adam,2000,2.974138021469116,0.0063357906771699,0.0094217579745203,False
1.05,adam,2000,0.2037884145975113,0.0063357906771699,0.000645580368661,False
1.05,adam,2000,2.4266467094421387,0.0063357906771699,0.0076873627992343,False
1.05,adam,2000,1.2322367429733276,0.0063357906771699,0.0039035970340983,False
1.05,adam,2000,1.8245372772216797,0.0063357906771699,0.005779943135585,False
1.05,adam,2000,0.2334021478891372,0.0063357906771699,0.0007393935763137,False
1.05,adam,2000,2.4856185913085938,0.0063357906771699,0.0078741795489066,False
1.05,adam,2000,2.2251415252685547,0.0063357906771699,0.0070490154655901,False
1.05,adam,2000,3.1464805603027344,0.0063357906771699,0.0099677210999312,False
1.05,adam,2000,1.882367253303528,0.0063357906771699,0.0059631424472452,False
1.05,adam,2000,2.777977705001831,0.0063357906771699,0.0088003426223682,False
1.05,adam,2000,2.763204336166382,0.0063357906771699,0.0087535421360992,False
1.05,adam,2000,2.86153244972229,0.0063357906771699,0.0090650353086848,False
1.05,adam,2000,1.839377999305725,0.0063357906771699,0.0058269569898963,False
1.05,adam,2000,1.7466225624084473,0.0063357906771699,0.005533117473721,False
1.05,adam,2000,2.6463282108306885,0.0063357906771699,0.0083832908034564,False
1.05,adam,2000,2.373103141784668,0.0063357906771699,0.0075177423808409,False
1.05,adam,2000,2.297488212585449,0.0063357906771699,0.0072782021991033,False
1.05,adam,2000,4.062262058258057,0.0063357906771699,0.0128688210384662,False
1.05,adam,2000,0.2995443046092987,0.0063357906771699,0.0009489250062714,False
1.05,adam,2000,3.7588160037994385,0.0063357906771699,0.0119075356970348,False
1.05,adam,2000,2.363431453704834,0.0063357906771699,0.0074871034852566,False
1.05,adam,2000,0.6471688747406006,0.0063357906771699,0.002050163261568,False
1.05,adam,2000,0.7366959452629089,0.0063357906771699,0.0023337756509528,False
1.05,adam,2000,1.8187072277069092,0.0063357906771699,0.0057614741489035,False
1.05,adam,2000,3.089064836502075,0.0063357906771699,0.0097858340961416,False
1.05,adam,2000,3.022592067718506,0.0063357906771699,0.0095752553217693,False
1.05,adam,2000,0.3220838606357574,0.0063357906771699,0.0010203279607414,False
1.05,adam,2000,2.156822681427002,0.0063357906771699,0.0068325885186469,False
1.05,adam,2000,2.9310083389282227,0.0063357906771699,0.0092851276542443,False
1.05,adam,2000,0.920461893081665,0.0063357906771699,0.0029159269404385,False
1.05,adam,2000,2.62980318069458,0.0063357906771699,0.0083309412375182,False
1.05,adam,2000,3.0166049003601074,0.0063357906771699,0.0095562886022033,False
1.05,adam,2000,2.4997801780700684,0.0063357906771699,0.0079190419735952,False
1.05,adam,2000,2.198845386505127,0.0063357906771699,0.0069657120501786,False
1.05,adam,2000,0.3753081858158111,0.0063357906771699,0.0011889370523786,False
1.05,adam,2000,3.150317907333374,0.0063357906771699,0.0099798774137021,False
1.05,adam,2000,0.9990103840827942,0.0063357906771699,0.0031647603389338,False
1.05,adam,2000,0.4838896989822387,0.0063357906771699,0.0015329119217951,False
1.05,adam,2000,2.363783359527588,0.0063357906771699,0.0074882182860721,False
1.05,adam,2000,2.018666505813598,0.0063357906771699,0.0063949242139245,False
1.05,adam,2000,1.2549378871917725,0.0063357906771699,0.0039755118830484,False
1.05,adam,2000,1.436054229736328,0.0063357906771699,0.0045492695003369,False
1.05,adam,2000,2.4032838344573975,0.0063357906771699,0.0076133516564742,False
1.05,adam,2000,2.1450395584106445,0.0063357906771699,0.0067952608181694,False
1.05,adam,2000,0.5199087858200073,0.0063357906771699,0.0016470166190885,False
1.05,adam,2000,1.882421612739563,0.0063357906771699,0.0059633146522492,False
1.05,adam,2000,2.6295101642608643,0.0063357906771699,0.0083300129921237,False
1.05,adam,2000,2.640390634536743,0.0063357906771699,0.0083644811831923,False
1.05,adam,2000,3.1463122367858887,0.0063357906771699,0.0099671878686468,False
1.05,adam,2000,1.3296186923980713,0.0063357906771699,0.0042120928577432,False
1.05,adam,2000,0.3112778961658478,0.0063357906771699,0.0009860957962683,False
1.05,adam,2000,4.3653035163879395,0.0063357906771699,0.0138288246610739,False
1.05,adam,2000,3.677165508270264,0.0063357906771699,0.0116488754728548,False
1.05,adam,2000,3.0953898429870605,0.0063357906771699,0.0098058710547019,False
1.05,adam,2000,2.3660528659820557,0.0063357906771699,0.0074954078449901,False
1.05,adam,2000,1.900385499000549,0.0063357906771699,0.0060202223637983,False
1.05,adam,2000,2.1176390647888184,0.0063357906771699,0.0067084589221499,False
1.05,adam,2000,1.19044029712677,0.0063357906771699,0.0037711902681316,False
1.05,adam,2000,0.259954422712326,0.0063357906771699,0.0008235084039549,False
1.05,adam,2000,0.2034066766500473,0.0063357906771699,0.0006443710627967,False
1.05,adam,2000,3.1303293704986572,0.0063357906771699,0.0099165558210383,False
1.05,adam,2000,0.1096733063459396,0.0063357906771699,0.0003474335559405,False
1.05,adam,2000,0.3745871186256408,0.0063357906771699,0.0011866527869881,False
1.05,adam,2000,2.1801958084106445,0.0063357906771699,0.0069066321386665,False
1.05,adam,2000,2.029059886932373,0.0063357906771699,0.0064278493575228,False
1.05,adam,2000,3.029831886291504,0.0063357906771699,0.0095981903092789,False
1.05,adam,2000,2.0377464294433594,0.0063357906771699,0.0064553674150517,False
1.05,adam,2000,1.5601452589035034,0.0063357906771699,0.0049423768931958,False
1.05,adam,2000,1.779444932937622,0.0063357906771699,0.0056370953083217,False
1.05,adam,2000,2.5020503997802734,0.0063357906771699,0.0079262337983685,False
1.05,adam,2000,4.252491474151611,0.0063357906771699,0.0134714479183372,False
1.05,adam,2000,1.4819751977920532,0.0063357906771699,0.0046947423209839,False
1.05,adam,2000,0.8612270951271057,0.0063357906771699,0.0027282773001162,False
1.05,adam,2000,4.57269287109375,0.0063357906771699,0.0144858124311186,False
1.05,adam,2000,3.187936782836914,0.0063357906771699,0.0100990500740526,False
1.05,adam,2000,1.701615571975708,0.0063357906771699,0.0053905400385254,False
1.05,adam,2000,1.3499614000320437,0.0063357906771699,0.0042765364264311,False
1.05,adam,2000,0.447333961725235,0.0063357906771699,0.0014171071721401,False
1.05,adam,2000,0.6094229221343994,0.0063357906771699,0.0019305880342563,False
1.05,adam,2000,2.501434803009033,0.0063357906771699,0.0079242836522265,False
1.05,adam,2000,0.3526935279369354,0.0063357906771699,0.0011172961831005,False
1.05,adam,2000,3.64426851272583,0.0063357906771699,0.0115446612340161,False
1.05,adam,2000,2.3070685863494873,0.0063357906771699,0.0073085518204923,False
1.05,adam,2000,1.4805936813354492,0.0063357906771699,0.0046903658214409,False
1.05,adam,2000,2.654735803604126,0.0063357906771699,0.0084099251774121,False
1.05,adam,2000,3.679363250732422,0.0063357906771699,0.011655837690956,False
1.05,adam,2000,0.377069354057312,0.0063357906771699,0.0011945162490414,False
1.05,adam,2000,1.6072449684143066,0.0063357906771699,0.0050915838434038,False
1.05,adam,2000,1.3993061780929563,0.0063357906771699,0.0044328555188338,False
1.05,adam,2000,2.6728365421295166,0.0063357906771699,0.0084672664226116,False
1.05,adam,2000,2.08327317237854,0.0063357906771699,0.006599591371777,False
1.05,adam,2000,3.498023271560669,0.0063357906771699,0.0110813716162387,False
1.05,adam,2000,3.5858798027038574,0.0063357906771699,0.0113596919117115,False
1.05,adam,2000,2.014198064804077,0.0063357906771699,0.0063807686604797,False
1.05,adam,2000,2.2759838104248047,0.0063357906771699,0.0072100785037395,False
1.05,adam,2000,3.6972477436065674,0.0063357906771699,0.011712493892565,False
1.05,adam,2000,2.346980333328247,0.0063357906771699,0.0074349880577011,False
1.05,adam,2000,0.6400257349014282,0.0063357906771699,0.0020275345421686,False
1.05,adam,2000,0.6750308275222778,0.0063357906771699,0.0021384270119089,False
1.05,adam,2000,2.364332914352417,0.0063357906771699,0.00748995921824,False
1.05,adam,2000,2.101841926574707,0.0063357906771699,0.0066584152416384,False
1.1,adam,2000,0.5792836546897888,0.0175544633538184,0.0050845068438589,False
1.1,adam,2000,2.702672958374023,0.0175544633538184,0.0237219867025665,False
1.1,adam,2000,4.343529224395752,0.0175544633538184,0.0381241622979474,False
1.1,adam,2000,2.3541417121887207,0.0175544633538184,0.0206628472081562,False
1.1,adam,2000,0.6866991519927979,0.0175544633538184,0.0060273175493779,False
1.1,adam,2000,3.1894783973693848,0.0175544633538184,0.0279947908222083,False
1.1,adam,2000,0.7223390936851501,0.0175544633538184,0.0063401375745632,False
1.1,adam,2000,4.649886131286621,0.0175544633538184,0.0408131278455499,False
1.1,adam,2000,0.6664355397224426,0.0175544633538184,0.0058494591298699,False
1.1,adam,2000,2.842174530029297,0.0175544633538184,0.0249464243162777,False
1.1,adam,2000,3.965224266052246,0.0175544633538184,0.0348036920340429,False
1.1,adam,2000,0.5107756853103638,0.0175544633538184,0.0044831965249011,False
1.1,adam,2000,3.845105648040771,0.0175544633538184,0.0337493830950461,False
1.1,adam,2000,0.6426209211349487,0.0175544633538184,0.0056404327052302,False
1.1,adam,2000,0.5289987921714783,0.0175544633538184,0.0046431449556942,False
1.1,adam,2000,2.335594892501831,0.0175544633538184,0.0205000574748945,False
1.1,adam,2000,0.317837506532669,0.0175544633538184,0.0027897334304483,False
1.1,adam,2000,0.8744362592697144,0.0175544633538184,0.0076751296343001,False
1.1,adam,2000,2.869661569595337,0.0175544633538184,0.0251876844306613,False
1.1,adam,2000,3.4309680461883545,0.0175544633538184,0.0301144014174678,False
1.1,adam,2000,2.1373958587646484,0.0175544633538184,0.0187604186376437,False
1.1,adam,2000,1.0055053234100342,0.0175544633538184,0.0088255531759354,False
1.1,adam,2000,1.7106915712356567,0.0175544633538184,0.0150151362484712,False
1.1,adam,2000,2.379743814468384,0.0175544633538184,0.0208875627912807,False
1.1,adam,2000,2.7500250339508057,0.0175544633538184,0.0241376068402864,False
1.1,adam,2000,1.3555500507354736,0.0175544633538184,0.0118979768449513,False
1.1,adam,2000,0.8068152666091919,0.0175544633538184,0.0070816045154961,False
1.1,adam,2000,2.2893247604370117,0.0175544633538184,0.0200939338060404,False
1.1,adam,2000,2.3898088932037354,0.0175544633538184,0.0209759063191872,False
1.1,adam,2000,0.3586910665035248,0.0175544633538184,0.003148314591139,False
1.1,adam,2000,2.7063052654266357,0.0175544633538184,0.0237538683030889,False
1.1,adam,2000,4.222480297088623,0.0175544633538184,0.0370616878187314,False
1.1,adam,2000,2.4622890949249268,0.0175544633538184,0.0216120818416832,False
1.1,adam,2000,3.1634602546691895,0.0175544633538184,0.0277664235559258,False
1.1,adam,2000,2.611985445022583,0.0175544633538184,0.0229260013876781,False
1.1,adam,2000,1.7623454332351685,0.0175544633538184,0.015468514162248,False
1.1,adam,2000,4.114763259887695,0.0175544633538184,0.0361162304276686,False
1.1,adam,2000,0.3406267166137695,0.0175544633538184,0.0029897596070639,False
1.1,adam,2000,5.1545820236206055,0.0175544633538184,0.0452429606189497,False
1.1,adam,2000,3.665516853332519,0.0175544633538184,0.0321730906373149,False
1.1,adam,2000,3.4663877487182617,0.0175544633538184,0.0304252883525,False
1.1,adam,2000,1.9634158611297607,0.0175544633538184,0.0172333558912541,False
1.1,adam,2000,3.22810435295105,0.0175544633538184,0.0283338197830905,False
1.1,adam,2000,1.9705240726470947,0.0175544633538184,0.0172957463105502,False
1.1,adam,2000,3.806165933609009,0.0175544633538184,0.0334076002000458,False
1.1,adam,2000,1.903727650642395,0.0175544633538184,0.0167094586394264,False
1.1,adam,2000,0.5793811082839966,0.0175544633538184,0.005085362216633,False
1.1,adam,2000,2.3755075931549072,0.0175544633538184,0.0208503804953776,False
1.1,adam,2000,0.8231343030929565,0.0175544633538184,0.0072248404794581,False
1.1,adam,2000,1.847457766532898,0.0175544633538184,0.0162155648301645,False
1.1,adam,2000,1.04541015625,0.0175544633538184,0.0091758071388001,False
1.1,adam,2000,3.2457401752471924,0.0175544633538184,0.0284886134811966,False
1.1,adam,2000,3.322486639022827,0.0175544633538184,0.0291622349741388,False
1.1,adam,2000,2.8368570804595947,0.0175544633538184,0.0248997518294742,False
1.1,adam,2000,1.4781882762908936,0.0175544633538184,0.0129744009630963,False
1.1,adam,2000,0.1155357062816619,0.0175544633538184,0.0010140836609894,False
1.1,adam,2000,2.246314525604248,0.0175544633538184,0.0197164230104349,False
1.1,adam,2000,0.7262987494468689,0.0175544633538184,0.0063748923905446,False
1.1,adam,2000,1.3870680332183838,0.0175544633538184,0.0121746174791926,False
1.1,adam,2000,0.1749256402254104,0.0175544633538184,0.0015353628704901,False
1.1,adam,2000,2.792144536972046,0.0175544633538184,0.0245072994764201,False
1.1,adam,2000,3.9305660724639897,0.0175544633538184,0.0344994890394157,False
1.1,adam,2000,2.967914581298828,0.0175544633538184,0.0260500738773369,False
1.1,adam,2000,4.064019203186035,0.0175544633538184,0.0356708380857719,False
1.1,adam,2000,2.163722038269043,0.0175544633538184,0.0189914896143216,False
1.1,adam,2000,0.2599637508392334,0.0175544633538184,0.0022817620687142,False
1.1,adam,2000,0.2018053978681564,0.0175544633538184,0.0017712927307396,False
1.1,adam,2000,4.031225204467773,0.0175544633538184,0.0353829975614095,False
1.1,adam,2000,0.7056872844696045,0.0175544633538184,0.0061939807872386,False
1.1,adam,2000,2.8506319522857666,0.0175544633538184,0.0250206570708122,False
1.1,adam,2000,0.8341702222824097,0.0175544633538184,0.0073217052989515,False
1.1,adam,2000,5.108619689941406,0.0175544633538184,0.044839538567836,False
1.1,adam,2000,2.9235758781433105,0.0175544633538184,0.0256609028074872,False
1.1,adam,2000,2.7448065280914307,0.0175544633538184,0.0240918028053513,False
1.1,adam,2000,0.3372874855995178,0.0175544633538184,0.0029604504028291,False
1.1,adam,2000,4.130347728729248,0.0175544633538184,0.0362530189212525,False
1.1,adam,2000,3.355498790740967,0.0175544633538184,0.0294519902779222,False
1.1,adam,2000,4.682440280914307,0.0175544633538184,0.0410988631588768,False
1.1,adam,2000,2.208142042160034,0.0175544633538184,0.0193813742795621,False
1.1,adam,2000,0.255248486995697,0.0175544633538184,0.0022403751055417,False
1.1,adam,2000,0.5022268891334534,0.0175544633538184,0.0044081617602977,False
1.1,adam,2000,1.7849568128585815,0.0175544633538184,0.0156669794797373,False
1.1,adam,2000,1.1740916967391968,0.0175544633538184,0.0103052748322154,False
1.1,adam,2000,2.7398862838745117,0.0175544633538184,0.0240486166819525,False
1.1,adam,2000,3.6878528594970703,0.0175544633538184,0.032369138938158,False
1.1,adam,2000,3.2559356689453125,0.0175544633538184,0.0285781016914454,False
1.1,adam,2000,0.5318273305892944,0.0175544633538184,0.0046679716926944,False
1.1,adam,2000,2.4626665115356445,0.0175544633538184,0.0216153945147142,False
1.1,adam,2000,3.622088670730591,0.0175544633538184,0.0317919114173106,False
1.1,adam,2000,4.285409927368164,0.0175544633538184,0.0376140357630372,False
1.1,adam,2000,4.5068159103393555,0.0175544633538184,0.0395573673702291,False
1.1,adam,2000,3.158263683319092,0.0175544633538184,0.0277208120452604,False
1.1,adam,2000,0.7162271738052368,0.0175544633538184,0.0062864918377865,False
1.1,adam,2000,2.9927988052368164,0.0175544633538184,0.0262684884759407,False
1.1,adam,2000,2.3071393966674805,0.0175544633538184,0.0202502969954751,False
1.1,adam,2000,4.471682071685791,0.0175544633538184,0.0392489895286676,False
1.1,adam,2000,3.603067398071289,0.0175544633538184,0.0316249573003903,False
1.1,adam,2000,2.0312252044677734,0.0175544633538184,0.017828534207591,False
1.1,adam,2000,3.0854127407073975,0.0175544633538184,0.0270813824440763,False
1.1,adam,2000,0.2039214521646499,0.0175544633538184,0.0017898658295408,False
1.1,adam,2000,2.953843593597412,0.0175544633538184,0.0259265695583586,False
1.1,adam,2000,1.358443260192871,0.0175544633538184,0.0119233712146487,False
1.1,adam,2000,2.1277897357940674,0.0175544633538184,0.018676103470814,False
1.1,adam,2000,0.2313929200172424,0.0175544633538184,0.0020309892673878,False
1.1,adam,2000,2.941497325897217,0.0175544633538184,0.0258182035064088,False
1.1,adam,2000,2.6213788986206055,0.0175544633538184,0.0230084499061542,False
1.1,adam,2000,3.8286521434783936,0.0175544633538184,0.033604966873605,False
1.1,adam,2000,2.18893051147461,0.0175544633538184,0.0192127502238681,False
1.1,adam,2000,3.332491397857666,0.0175544633538184,0.0292500490603038,False
1.1,adam,2000,3.262244939804077,0.0175544633538184,0.0286334796234852,False
1.1,adam,2000,3.4465386867523193,0.0175544633538184,0.0302510685370556,False
1.1,adam,2000,2.147341251373291,0.0175544633538184,0.0188477116526875,False
1.1,adam,2000,2.0154922008514404,0.0175544633538184,0.0176904419898767,False
1.1,adam,2000,3.1572418212890625,0.0175544633538184,0.027711842925481,False
1.1,adam,2000,2.8721678256988525,0.0175544633538184,0.0252096824211235,False
1.1,adam,2000,2.8889238834381104,0.0175544633538184,0.0253567542218926,False
1.1,adam,2000,5.062182426452637,0.0175544633538184,0.0444319479477533,False
1.1,adam,2000,0.2968387305736542,0.0175544633538184,0.0026054223089246,False
1.1,adam,2000,4.3599467277526855,0.0175544633538184,0.0382682625284676,False
1.1,adam,2000,2.8509957790374756,0.0175544633538184,0.0250238504625022,False
1.1,adam,2000,0.6463968753814697,0.0175544633538184,0.0056735751304533,False
1.1,adam,2000,0.7348412275314331,0.0175544633538184,0.0064498716997877,False
1.1,adam,2000,2.0128560066223145,0.0175544633538184,0.0176673035023824,False
1.1,adam,2000,3.7354776859283447,0.0175544633538184,0.0327871530733179,False
1.1,adam,2000,3.683082342147827,0.0175544633538184,0.032327267002165,False
1.1,adam,2000,0.3187638819217682,0.0175544633538184,0.0027978644418583,False
1.1,adam,2000,2.5372395515441895,0.0175544633538184,0.0222699393637206,False
1.1,adam,2000,3.5780370235443115,0.0175544633538184,0.0314052599042072,False
1.1,adam,2000,0.8964199423789978,0.0175544633538184,0.0078680855140621,False
1.1,adam,2000,3.2018918991088867,0.0175544633538184,0.0281037470028976,False
1.1,adam,2000,3.668842077255249,0.0175544633538184,0.0322022768980622,False
1.1,adam,2000,2.9941189289093018,0.0175544633538184,0.0262800755072563,False
1.1,adam,2000,2.57275390625,0.0175544633538184,0.0225816570828295,False
1.1,adam,2000,0.3701173365116119,0.0175544633538184,0.0032486056102029,False
1.1,adam,2000,3.758508920669556,0.0175544633538184,0.0329893035564468,False
1.1,adam,2000,1.054574728012085,0.0175544633538184,0.0092562467083756,False
1.1,adam,2000,0.4832550287246704,0.0175544633538184,0.0042416413461478,False
1.1,adam,2000,2.812972068786621,0.0175544633538184,0.0246901075484148,False
1.1,adam,2000,2.4280216693878174,0.0175544633538184,0.0213113087087728,False
1.1,adam,2000,1.387492537498474,0.0175544633538184,0.0121783434516067,False
1.1,adam,2000,1.6120551824569702,0.0175544633538184,0.014149381812387,False
1.1,adam,2000,2.94789719581604,0.0175544633538184,0.0258743766473884,False
1.1,adam,2000,2.5455472469329834,0.0175544633538184,0.0223428579308493,False
1.1,adam,2000,0.5162573456764221,0.0175544633538184,0.0045313103279081,False
1.1,adam,2000,2.202099561691284,0.0175544633538184,0.0193283380285847,False
1.1,adam,2000,3.106524705886841,0.0175544633538184,0.0272666870536111,False
1.1,adam,2000,3.141098737716675,0.0175544633538184,0.0275701513409864,False
1.1,adam,2000,3.806793451309204,0.0175544633538184,0.0334131080682818,False
1.1,adam,2000,1.4974122047424316,0.0175544633538184,0.0131431338368557,False
1.1,adam,2000,0.3116848170757293,0.0175544633538184,0.0027357298496487,False
1.1,adam,2000,5.133759498596191,0.0175544633538184,0.0450601964927122,False
1.1,adam,2000,4.562469959259033,0.0175544633538184,0.0400458558513552,False
1.1,adam,2000,3.747417449951172,0.0175544633538184,0.0328919511483139,False
1.1,adam,2000,2.7951722145080566,0.0175544633538184,0.0245338741035966,False
1.1,adam,2000,2.2230052947998047,0.0175544633538184,0.0195118324914538,False
1.1,adam,2000,2.439673900604248,0.0175544633538184,0.0214135830417123,False
1.1,adam,2000,1.255652666091919,0.0175544633538184,0.0110211543560175,False
1.1,adam,2000,0.2529605031013489,0.0175544633538184,0.002220292940828,False
1.1,adam,2000,0.2058648020029068,0.0175544633538184,0.0018069230613005,False
1.1,adam,2000,3.859040737152099,0.0175544633538184,0.0338716946006146,False
1.1,adam,2000,0.1073622032999992,0.0175544633538184,0.0009423429317075,False
1.1,adam,2000,0.3710589110851288,0.0175544633538184,0.0032568700283758,False
1.1,adam,2000,2.619143486022949,0.0175544633538184,0.0229888291718911,False
1.1,adam,2000,2.391138792037964,0.0175544633538184,0.0209875791493621,False
1.1,adam,2000,3.579719066619873,0.0175544633538184,0.0314200235859719,False
1.1,adam,2000,2.384923219680786,0.0175544633538184,0.0209330236307785,False
1.1,adam,2000,1.7134705781936646,0.0175544633538184,0.0150395282363734,False
1.1,adam,2000,2.02575159072876,0.0175544633538184,0.0177804910316937,False
1.1,adam,2000,3.042464256286621,0.0175544633538184,0.026704413646143,False
1.1,adam,2000,4.941198348999023,0.0175544633538184,0.0433700426707259,False
1.1,adam,2000,1.6740479469299316,0.0175544633538184,0.0146935066684582,False
1.1,adam,2000,0.9196810722351074,0.0175544633538184,0.0080722538398758,False
1.1,adam,2000,5.5050048828125,0.0175544633538184,0.0483187032389619,False
1.1,adam,2000,3.801435947418213,0.0175544633538184,0.0333660840154206,False
1.1,adam,2000,1.9507097005844116,0.0175544633538184,0.0171218309764236,False
1.1,adam,2000,1.5303385257720947,0.0175544633538184,0.0134321357848014,False
1.1,adam,2000,0.4425817131996155,0.0175544633538184,0.0038846422327164,False
1.1,adam,2000,0.5957024693489075,0.0175544633538184,0.0052286185839822,False
1.1,adam,2000,2.9755589962005615,0.0175544633538184,0.0261171706779638,False
1.1,adam,2000,0.3436852395534515,0.0175544633538184,0.0030166049714946,False
1.1,adam,2000,4.495853900909424,0.0175544633538184,0.0394611512738182,False
1.1,adam,2000,2.7438650131225586,0.0175544633538184,0.0240835389103423,False
1.1,adam,2000,1.6520500183105469,0.0175544633538184,0.0145004257525538,False
1.1,adam,2000,3.1700425148010254,0.0175544633538184,0.0278241975780606,False
1.1,adam,2000,4.357499599456787,0.0175544633538184,0.0382467835164714,False
1.1,adam,2000,0.3762938380241394,0.0175544633538184,0.0033028181949312,False
1.1,adam,2000,1.8740041255950928,0.0175544633538184,0.0164485683738318,False
1.1,adam,2000,1.5589230060577393,0.0175544633538184,0.0136830283906325,False
1.1,adam,2000,3.221872091293335,0.0175544633538184,0.0282791177786497,False
1.1,adam,2000,2.450254201889038,0.0175544633538184,0.0215064487973004,False
1.1,adam,2000,4.1367034912109375,0.0175544633538184,0.0363088049210377,False
1.1,adam,2000,4.255212783813477,0.0175544633538184,0.0373489884380768,False
1.1,adam,2000,2.384502410888672,0.0175544633538184,0.0209293300945185,False
1.1,adam,2000,2.7039377689361572,0.0175544633538184,0.0237330882378977,False
1.1,adam,2000,4.420217037200928,0.0175544633538184,0.0387972689977339,False
1.1,adam,2000,2.798212766647339,0.0175544633538184,0.0245605617341488,False
1.1,adam,2000,0.6394840478897095,0.0175544633538184,0.0056128996420157,False
1.1,adam,2000,0.8643354177474976,0.0175544633538184,0.0075864722081279,False
1.1,adam,2000,2.852961301803589,0.0175544633538184,0.0250411023111867,False
1.1,adam,2000,2.48384690284729,0.0175544633538184,0.0218012997162641,False
1.15,adam,2000,0.4615712463855743,0.0316525626741519,0.0073049564024029,False
1.15,adam,2000,3.0986294746398926,0.0316525626741519,0.0490397818250068,False
1.15,adam,2000,4.794708251953125,0.0316525626741519,0.0758824017246099,False
1.15,adam,2000,2.678656816482544,0.0316525626741519,0.042393176383129,False
1.15,adam,2000,0.6837398409843445,0.0316525626741519,0.0108210590847858,False
1.15,adam,2000,3.631927967071533,0.0316525626741519,0.0574799138028684,False
1.15,adam,2000,0.7265245914459229,0.0316525626741519,0.0114981825825273,False
1.15,adam,2000,5.026141166687012,0.0316525626741519,0.0795451241438479,False
1.15,adam,2000,0.6625001430511475,0.0316525626741519,0.0104849136497805,False
1.15,adam,2000,3.263669967651367,0.0316525626741519,0.0516517590994161,False
1.15,adam,2000,4.4302287101745605,0.0316525626741519,0.0701140459548138,False
1.15,adam,2000,0.5078429579734802,0.0316525626741519,0.0080372655279411,False
1.15,adam,2000,4.309510231018066,0.0316525626741519,0.0682035213410992,False
1.15,adam,2000,0.6277211904525757,0.0316525626741519,0.0099344921613467,False
1.15,adam,2000,0.5206425786018372,0.0316525626741519,0.0082398359250133,False
1.15,adam,2000,2.6157824993133545,0.0316525626741519,0.0413981097507328,False
1.15,adam,2000,0.3207547962665558,0.0316525626741519,0.0050763556459309,False
1.15,adam,2000,0.8692192435264587,0.0316525626741519,0.01375650829165,False
1.15,adam,2000,3.2842187881469727,0.0316525626741519,0.0519769705137247,False
1.15,adam,2000,3.889062643051147,0.0316525626741519,0.0615493995264397,False
1.15,adam,2000,2.4202728271484375,0.0316525626741519,0.0383039186749314,False
1.15,adam,2000,0.998157799243927,0.0316525626741519,0.0157971261496309,False
1.15,adam,2000,1.9207515716552737,0.0316525626741519,0.0303983547516472,False
1.15,adam,2000,2.646592855453491,0.0316525626741519,0.0418857231151022,False
1.15,adam,2000,3.0607783794403076,0.0316525626741519,0.0484407397434617,False
1.15,adam,2000,1.4655346870422363,0.0316525626741519,0.023193964266374,False
1.15,adam,2000,0.2843084037303924,0.0316525626741519,0.0044995447839321,False
1.15,adam,2000,2.547356128692627,0.0316525626741519,0.0403151747584142,False
1.15,adam,2000,2.7162206172943115,0.0316525626741519,0.0429876716628659,False
1.15,adam,2000,0.3568046391010284,0.0316525626741519,0.0056468906007867,False
1.15,adam,2000,3.117879867553711,0.0316525626741519,0.0493444439591102,False
1.15,adam,2000,4.678563594818115,0.0316525626741519,0.074044263704993,False
1.15,adam,2000,2.8364500999450684,0.0316525626741519,0.0448904572803079,False
1.15,adam,2000,3.5590932369232178,0.0316525626741519,0.0563272108724312,False
1.15,adam,2000,2.9800312519073486,0.0316525626741519,0.0471628129859644,False
1.15,adam,2000,1.9791836738586424,0.0316525626741519,0.0313231176402344,False
1.15,adam,2000,4.5423665046691895,0.0316525626741519,0.071888770239005,False
1.15,adam,2000,0.3345575928688049,0.0316525626741519,0.0052948025881966,False
1.15,adam,2000,5.550709247589111,0.0316525626741519,0.0878470861726545,False
1.15,adam,2000,4.190742015838623,0.0316525626741519,0.0663238621537669,False
1.15,adam,2000,3.8951361179351807,0.0316525626741519,0.0616455200486481,False
1.15,adam,2000,2.2205967903137207,0.0316525626741519,0.0351437895397128,False
1.15,adam,2000,3.751991033554077,0.0316525626741519,0.0593800656712132,False
1.15,adam,2000,2.2033958435058594,0.0316525626741519,0.0348715625162675,False
1.15,adam,2000,4.476257801055908,0.0316525626741519,0.0708425152967918,False
1.15,adam,2000,2.117936372756958,0.0316525626741519,0.0335190568892778,False
1.15,adam,2000,0.5748292803764343,0.0316525626741519,0.0090974099120263,False
1.15,adam,2000,2.703956365585327,0.0316525626741519,0.0427935741649308,False
1.15,adam,2000,0.7871164679527283,0.0316525626741519,0.0124571266668654,False
1.15,adam,2000,2.0736289024353027,0.0316525626741519,0.0328178343986331,False
1.15,adam,2000,1.0384758710861206,0.0316525626741519,0.0164352112975739,False
1.15,adam,2000,3.71347451210022,0.0316525626741519,0.058770492366559,False
1.15,adam,2000,3.665923357009888,0.0316525626741519,0.0580179344081965,False
1.15,adam,2000,3.227562427520752,0.0316525626741519,0.0510803110109193,False
1.15,adam,2000,1.528022527694702,0.0316525626741519,0.0241829144126863,False
1.15,adam,2000,0.1133637204766273,0.0316525626741519,0.0017941261336807,False
1.15,adam,2000,2.5967366695404053,0.0316525626741519,0.0410966850904481,False
1.15,adam,2000,0.7269089818000793,0.0316525626741519,0.0115042660524154,False
1.15,adam,2000,1.4716130495071411,0.0316525626741519,0.0232901621408123,False
1.15,adam,2000,0.1723736822605133,0.0316525626741519,0.0027280343905626,False
1.15,adam,2000,3.228108167648315,0.0316525626741519,0.051088948047715,False
1.15,adam,2000,4.420188903808594,0.0316525626741519,0.0699551531546962,False
1.15,adam,2000,3.349151134490967,0.0316525626741519,0.0530046080948412,False
1.15,adam,2000,4.540586948394775,0.0316525626741519,0.0718606064807509,False
1.15,adam,2000,2.3940556049346924,0.0316525626741519,0.0378889975403,False
1.15,adam,2000,0.2547158896923065,0.0316525626741519,0.004031205331294,False
1.15,adam,2000,0.1993702352046966,0.0316525626741519,0.0031552894325885,False
1.15,adam,2000,4.537011623382568,0.0316525626741519,0.0718040223812363,False
1.15,adam,2000,0.700964093208313,0.0316525626741519,0.0110936549463031,False
1.15,adam,2000,3.264270782470703,0.0316525626741519,0.0516612677637784,False
1.15,adam,2000,0.8320993185043335,0.0316525626741519,0.0131690379150387,False
1.15,adam,2000,5.435949325561523,0.0316525626741519,0.086030863360425,False
1.15,adam,2000,3.2018280029296875,0.0316525626741519,0.0506730307672933,False
1.15,adam,2000,3.1053874492645264,0.0316525626741519,0.0491467354326851,False
1.15,adam,2000,0.3366080224514007,0.0316525626741519,0.0053272532636326,False
1.15,adam,2000,4.589115142822266,0.0316525626741519,0.0726286273385407,False
1.15,adam,2000,3.8061203956604,0.0316525626741519,0.0602367321845044,False
1.15,adam,2000,5.089261531829834,0.0316525626741519,0.0805440848006971,False
1.15,adam,2000,2.4886980056762695,0.0316525626741519,0.0393868348008525,False
1.15,adam,2000,0.2562662661075592,0.0316525626741519,0.0040557420246202,False
1.15,adam,2000,0.4994286894798279,0.0316525626741519,0.0079040989475149,False
1.15,adam,2000,2.0274102687835693,0.0316525626741519,0.0320863652994455,False
1.15,adam,2000,1.1672041416168213,0.0316525626741519,0.018472501123028,False
1.15,adam,2000,3.1073739528656006,0.0316525626741519,0.0491781743975528,False
1.15,adam,2000,4.194587230682373,0.0316525626741519,0.0663847176056856,False
1.15,adam,2000,3.7284977436065674,0.0316525626741519,0.0590082542549705,False
1.15,adam,2000,0.5436528325080872,0.0316525626741519,0.0086040026769712,False
1.15,adam,2000,2.8355538845062256,0.0316525626741519,0.0448762735226341,False
1.15,adam,2000,4.060114860534668,0.0316525626741519,0.0642565200436646,False
1.15,adam,2000,4.7590651512146,0.0316525626741519,0.0753183039845962,False
1.15,adam,2000,4.992149829864502,0.0316525626741519,0.0790071676842715,False
1.15,adam,2000,3.5814366340637207,0.0316525626741519,0.0566808237616028,False
1.15,adam,2000,0.7084207534790039,0.0316525626741519,0.011211666149582,False
1.15,adam,2000,3.4035863876342773,0.0316525626741519,0.0538661157257422,False
1.15,adam,2000,2.6220669746398926,0.0316525626741519,0.0414975696253065,False
1.15,adam,2000,4.881355285644531,0.0316525626741519,0.0772537020568332,False
1.15,adam,2000,4.133940696716309,0.0316525626741519,0.0654249084970201,False
1.15,adam,2000,2.3055474758148193,0.0316525626741519,0.0364882429882307,False
1.15,adam,2000,2.967474937438965,0.0316525626741519,0.0469640932206309,False
1.15,adam,2000,0.2040417343378067,0.0316525626741519,0.003229221892135,False
1.15,adam,2000,3.4044594764709473,0.0316525626741519,0.0538799334753036,False
1.15,adam,2000,1.470913648605347,0.0316525626741519,0.0232790932253731,False
1.15,adam,2000,2.418652057647705,0.0316525626741519,0.0382782679208302,False
1.15,adam,2000,0.2294108271598816,0.0316525626741519,0.0036307202924035,False
1.15,adam,2000,3.319005012512207,0.0316525626741519,0.0525275070871835,False
1.15,adam,2000,2.978766441345215,0.0316525626741519,0.0471427957381699,False
1.15,adam,2000,4.339229583740234,0.0316525626741519,0.068673868178436,False
1.15,adam,2000,2.473294973373413,0.0316525626741519,0.0391430620781834,False
1.15,adam,2000,3.7721028327941895,0.0316525626741519,0.0596983606641821,False
1.15,adam,2000,3.663862705230713,0.0316525626741519,0.0579853219534015,False
1.15,adam,2000,3.9185309410095215,0.0316525626741519,0.0620157731004537,False
1.15,adam,2000,2.4390547275543213,0.0316525626741519,0.0386011663147998,False
1.15,adam,2000,2.2886033058166504,0.0316525626741519,0.0362200797868164,False
1.15,adam,2000,3.60380220413208,0.0316525626741519,0.0570347875657688,False
1.15,adam,2000,3.3051445484161377,0.0316525626741519,0.0523081474829367,False
1.15,adam,2000,3.4705207347869873,0.0316525626741519,0.0549254375348945,False
1.15,adam,2000,5.693472385406494,0.0316525626741519,0.0901064957563162,False
1.15,adam,2000,0.2942150831222534,0.0316525626741519,0.0046563306791039,False
1.15,adam,2000,4.759613513946533,0.0316525626741519,0.0753269825274666,False
1.15,adam,2000,3.285252094268799,0.0316525626741519,0.051993323907116,False
1.15,adam,2000,0.6453244686126709,0.0316525626741519,0.0102130865939631,False
1.15,adam,2000,0.7331113219261169,0.0316525626741519,0.0116024260321984,False
1.15,adam,2000,2.1570239067077637,0.0316525626741519,0.0341376671983557,False
1.15,adam,2000,4.230299949645996,0.0316525626741519,0.0669499171433158,False
1.15,adam,2000,4.1932783126831055,0.0316525626741519,0.066364002301182,False
1.15,adam,2000,0.3155206143856048,0.0316525626741519,0.0049935180109136,False
1.15,adam,2000,2.876659154891968,0.0316525626741519,0.0455268170961955,False
1.15,adam,2000,4.080796241760254,0.0316525626741519,0.06458382940138,False
1.15,adam,2000,0.8730982542037964,0.0316525626741519,0.0138178986059391,False
1.15,adam,2000,3.683642864227295,0.0316525626741519,0.0582983683145735,False
1.15,adam,2000,4.174050331115723,0.0316525626741519,0.0660596948553525,False
1.15,adam,2000,3.4063310623168945,0.0316525626741519,0.053909553719448,False
1.15,adam,2000,2.9036245346069336,0.0316525626741519,0.0459535787819256,False
1.15,adam,2000,0.3650217354297638,0.0316525626741519,0.0057769366790591,False
1.15,adam,2000,4.197468280792236,0.0316525626741519,0.0664303139152705,False
1.15,adam,2000,1.0986015796661377,0.0316525626741519,0.0173867776771523,False
1.15,adam,2000,0.4826359748840332,0.0316525626741519,0.0076383327219086,False
1.15,adam,2000,3.2086942195892334,0.0316525626741519,0.0507816974438686,False
1.15,adam,2000,2.8079559803009033,0.0316525626741519,0.044439501326367,False
1.15,adam,2000,1.5182665586471558,0.0316525626741519,0.024028513701824,False
1.15,adam,2000,1.7860232591629028,0.0316525626741519,0.0282661065740734,False
1.15,adam,2000,3.4044296741485596,0.0316525626741519,0.0538794618153649,False
1.15,adam,2000,2.9091804027557373,0.0316525626741519,0.0460415075143203,False
1.15,adam,2000,0.5126966238021851,0.0316525626741519,0.0081140810088623,False
1.15,adam,2000,2.51220440864563,0.0316525626741519,0.0397588537474683,False
1.15,adam,2000,3.515644073486328,0.0316525626741519,0.0556395721880184,False
1.15,adam,2000,3.5627052783966064,0.0316525626741519,0.0563843760569902,False
1.15,adam,2000,4.3411478996276855,0.0316525626741519,0.0687042279853642,False
1.15,adam,2000,1.6654703617095947,0.0316525626741519,0.0263582025029777,False
1.15,adam,2000,0.3119818568229675,0.0316525626741519,0.0049375126381436,False
1.15,adam,2000,5.573637008666992,0.0316525626741519,0.0882099473699023,False
1.15,adam,2000,5.140148639678955,0.0316525626741519,0.0813494384859475,False
1.15,adam,2000,4.240959644317627,0.0316525626741519,0.0671186204701564,False
1.15,adam,2000,3.175868511199951,0.0316525626741519,0.050262188547811,False
1.15,adam,2000,2.5237910747528076,0.0316525626741519,0.0399422275850392,False
1.15,adam,2000,2.742504596710205,0.0316525626741519,0.0434036493157597,False
1.15,adam,2000,1.2921103239059448,0.0316525626741519,0.0204493015046758,False
1.15,adam,2000,0.2463613450527191,0.0316525626741519,0.0038989839573847,False
1.15,adam,2000,0.2079482674598693,0.0316525626741519,0.0032910477843774,False
1.15,adam,2000,4.375555992126465,0.0316525626741519,0.069248780137522,False
1.15,adam,2000,0.1051554754376411,0.0316525626741519,0.00166422013841,False
1.15,adam,2000,0.3676142394542694,0.0316525626741519,0.0058179663771184,False
1.15,adam,2000,3.0179226398468018,0.0316525626741519,0.0477624927517465,False
1.15,adam,2000,2.7306039333343506,0.0316525626741519,0.0432153060690756,False
1.15,adam,2000,3.967041492462158,0.0316525626741519,0.0627835147355598,False
1.15,adam,2000,2.708688497543335,0.0316525626741519,0.0428684662166224,False
1.15,adam,2000,1.846458911895752,0.0316525626741519,0.0292225782170133,False
1.15,adam,2000,2.2618706226348877,0.0316525626741519,0.0357970008218869,False
1.15,adam,2000,3.503138780593872,0.0316525626741519,0.0554416599044998,False
1.15,adam,2000,5.340224742889404,0.0316525626741519,0.0845158991841819,False
1.15,adam,2000,1.8624159097671509,0.0316525626741519,0.0294751181546212,False
1.15,adam,2000,0.9754788875579834,0.0316525626741519,0.0154382033128705,False
1.15,adam,2000,6.042585849761963,0.0316525626741519,0.0956316636617671,False
1.15,adam,2000,4.2472124099731445,0.0316525626741519,0.0672175784985554,False
1.15,adam,2000,2.1932430267333984,0.0316525626741519,0.0347108811816628,False
1.15,adam,2000,1.7101812362670898,0.0316525626741519,0.0270658093825513,False
1.15,adam,2000,0.4379633665084839,0.0316525626741519,0.0069313314536961,False
1.15,adam,2000,0.5826137065887451,0.0316525626741519,0.0092206084313101,False
1.15,adam,2000,3.376784563064575,0.0316525626741519,0.0534419425097551,False
1.15,adam,2000,0.334198921918869,0.0316525626741519,0.0052891261608355,False
1.15,adam,2000,5.065876483917236,0.0316525626741519,0.0801739864533514,False
1.15,adam,2000,3.125075101852417,0.0316525626741519,0.0494583177614077,False
1.15,adam,2000,1.81877601146698,0.0316525626741519,0.0287844608466013,False
1.15,adam,2000,3.6007840633392334,0.0316525626741519,0.0569870216204663,False
1.15,adam,2000,4.800871849060059,0.0316525626741519,0.0759799485464726,False
1.15,adam,2000,0.3755326867103576,0.0316525626741519,0.0059432859511461,False
1.15,adam,2000,2.1321635246276855,0.0316525626741519,0.0337442197974092,False
1.15,adam,2000,1.7176676988601685,0.0316525626741519,0.0271842922457689,False
1.15,adam,2000,3.678858757019043,0.0316525626741519,0.058222653687949,False
1.15,adam,2000,2.78531265258789,0.0316525626741519,0.0440811416515733,False
1.15,adam,2000,4.541925430297852,0.0316525626741519,0.0718817896719136,False
1.15,adam,2000,4.695342063903809,0.0316525626741519,0.0743098044771486,False
1.15,adam,2000,2.7316274642944336,0.0316525626741519,0.0432315047580071,False
1.15,adam,2000,3.0896050930023193,0.0316525626741519,0.0488969594223174,False
1.15,adam,2000,4.884420394897461,0.0316525626741519,0.0773022113381989,False
1.15,adam,2000,3.1909608840942383,0.0316525626741519,0.0505010446872801,False
1.15,adam,2000,0.6389622092247009,0.0316525626741519,0.0101123956869497,False
1.15,adam,2000,1.049551248550415,0.0316525626741519,0.0166104933372382,False
1.15,adam,2000,3.2767086029052734,0.0316525626741519,0.051858112209196,False
1.15,adam,2000,2.835703611373902,0.0316525626741519,0.0448786431421657,False
1.25,adam,2000,0.1345161497592926,0.0662463517095606,0.004455602083785,False
1.25,adam,2000,3.7140841484069824,0.0662463517095606,0.1230222623871364,False
1.25,adam,2000,5.272712707519531,0.0662463517095606,0.1746489902429042,False
1.25,adam,2000,3.2361056804656982,0.0662463517095606,0.1071900975387188,False
1.25,adam,2000,0.6782063841819763,0.0662463517095606,0.0224643493290942,False
1.25,adam,2000,4.22374963760376,0.0662463517095606,0.1399040020129139,False
1.25,adam,2000,0.7338951826095581,0.0662463517095606,0.0243089391925525,False
1.25,adam,2000,5.387142658233643,0.0662463517095606,0.1784392736234616,False
1.25,adam,2000,0.6549157500267029,0.0662463517095606,0.0216928895581998,False
1.25,adam,2000,3.897718667984009,0.0662463517095606,0.1291048208720943,False
1.25,adam,2000,4.977720260620117,0.0662463517095606,0.164877903548423,False
1.25,adam,2000,0.5019962191581726,0.0662463517095606,0.0166277090456109,False
1.25,adam,2000,4.866057872772217,0.0662463517095606,0.1611792906393723,False
1.25,adam,2000,0.5990753173828125,0.0662463517095606,0.0198432770879292,False
1.25,adam,2000,0.5040199160575867,0.0662463517095606,0.016694740313887,False
1.25,adam,2000,3.0303754806518555,0.0662463517095606,0.1003756599516458,False
1.25,adam,2000,0.3255179524421692,0.0662463517095606,0.0107821883826299,False
1.25,adam,2000,0.859085738658905,0.0662463517095606,0.0284556479959327,False
1.25,adam,2000,3.9064884185791016,0.0662463517095606,0.1293953028632582,False
1.25,adam,2000,4.493669033050537,0.0662463517095606,0.1488445896149135,False
1.25,adam,2000,2.9077279567718506,0.0662463517095606,0.096313184450015,False
1.25,adam,2000,0.9839862585067748,0.0662463517095606,0.0325927498792072,False
1.25,adam,2000,2.3116791248321533,0.0662463517095606,0.07657015417164,False
1.25,adam,2000,3.063464879989624,0.0662463517095606,0.1014716859448397,False
1.25,adam,2000,3.4679741859436035,0.0662463517095606,0.1148703188208485,False
1.25,adam,2000,1.6624757051467896,0.0662463517095606,0.055066475135877,False
1.25,adam,2000,0.3378886282444,0.0662463517095606,0.0111919444526697,False
1.25,adam,2000,2.9869844913482666,0.0662463517095606,0.0989384125824301,False
1.25,adam,2000,3.257817268371582,0.0662463517095606,0.1079092542830119,False
1.25,adam,2000,0.3531687557697296,0.0662463517095606,0.0116980708037747,False
1.25,adam,2000,3.76298451423645,0.0662463517095606,0.1246419978038689,False
1.25,adam,2000,5.196207523345947,0.0662463517095606,0.1721148955737202,False
1.25,adam,2000,3.4464995861053467,0.0662463517095606,0.1141590118739949,False
1.25,adam,2000,4.0903706550598145,0.0662463517095606,0.1354860665187791,False
1.25,adam,2000,3.5494320392608643,0.0662463517095606,0.117568461621029,False
1.25,adam,2000,2.3824644088745117,0.0662463517095606,0.0789147875829056,False
1.25,adam,2000,5.016494274139404,0.0662463517095606,0.166162222016818,False
1.25,adam,2000,0.3227907717227936,0.0662463517095606,0.0106918554960743,False
1.25,adam,2000,5.920905590057373,0.0662463517095606,0.1961191970790221,False
1.25,adam,2000,4.882654666900635,0.0662463517095606,0.1617290291699135,False
1.25,adam,2000,4.442855358123779,0.0662463517095606,0.1471614793244868,False
1.25,adam,2000,2.682729721069336,0.0662463517095606,0.0888605283218253,False
1.25,adam,2000,4.482011795043945,0.0662463517095606,0.1484584648704401,False
1.25,adam,2000,2.6081831455230713,0.0662463517095606,0.0863913089906347,False
1.25,adam,2000,5.434735298156738,0.0662463517095606,0.1800156930050275,False
1.25,adam,2000,2.5128769874572754,0.0662463517095606,0.0832344663569779,False
1.25,adam,2000,0.565950334072113,0.0662463517095606,0.0187460724405422,False
1.25,adam,2000,3.2658615112304688,0.0662463517095606,0.1081757051538453,False
1.25,adam,2000,0.7258987426757812,0.0662463517095606,0.0240440717064138,False
1.25,adam,2000,2.4914395809173584,0.0662463517095606,0.0825243913702858,False
1.25,adam,2000,1.0249749422073364,0.0662463517095606,0.0339504252574768,False
1.25,adam,2000,4.326132297515869,0.0662463517095606,0.1432952408616629,False
1.25,adam,2000,4.03743314743042,0.0662463517095606,0.1337326081442569,False
1.25,adam,2000,3.8140947818756104,0.0662463517095606,0.1263349321868657,False
1.25,adam,2000,1.5120117664337158,0.0662463517095606,0.0500826316340809,False
1.25,adam,2000,0.1093557626008987,0.0662463517095606,0.0036222101553631,False
1.25,adam,2000,3.1923041343688965,0.0662463517095606,0.1057392512246431,False
1.25,adam,2000,0.7279508113861084,0.0662463517095606,0.024112042739172,False
1.25,adam,2000,1.5865163803100586,0.0662463517095606,0.0525504610614995,False
1.25,adam,2000,0.1674928516149521,0.0662463517095606,0.0055478951784606,False
1.25,adam,2000,3.8876500129699703,0.0662463517095606,0.1287713150414432,False
1.25,adam,2000,5.000682353973389,0.0662463517095606,0.1656384810045573,False
1.25,adam,2000,3.9085865020751953,0.0662463517095606,0.1294647980518573,False
1.25,adam,2000,5.092803955078125,0.0662463517095606,0.1686898409979734,False
1.25,adam,2000,2.8035731315612793,0.0662463517095606,0.0928632458584413,False
1.25,adam,2000,0.2429712265729904,0.0662463517095606,0.0080479786654288,False
1.25,adam,2000,0.1947171986103058,0.0662463517095606,0.0064496520115193,False
1.25,adam,2000,5.134880542755127,0.0662463517095606,0.1700835512109678,False
1.25,adam,2000,0.6920322179794312,0.0662463517095606,0.0229223048533063,False
1.25,adam,2000,3.886082172393799,0.0662463517095606,0.1287193831823264,False
1.25,adam,2000,0.8282971978187561,0.0662463517095606,0.0274358337433724,False
1.25,adam,2000,5.723371505737305,0.0662463517095606,0.1895762408667755,False
1.25,adam,2000,3.502439498901367,0.0662463517095606,0.1160119194428386,False
1.25,adam,2000,3.6450304985046382,0.0662463517095606,0.1207349861980066,False
1.25,adam,2000,0.3352946937084198,0.0662463517095606,0.0111060251028786,False
1.25,adam,2000,5.09816312789917,0.0662463517095606,0.168867353821761,False
1.25,adam,2000,4.414679527282715,0.0662463517095606,0.1462282063246837,False
1.25,adam,2000,5.492188453674316,0.0662463517095606,0.1819187239786483,False
1.25,adam,2000,2.9726085662841797,0.0662463517095606,0.0984622362884572,False
1.25,adam,2000,0.2577458620071411,0.0662463517095606,0.0085373615131044,False
1.25,adam,2000,0.4940430521965027,0.0662463517095606,0.0163642748977371,False
1.25,adam,2000,2.4639244079589844,0.0662463517095606,0.0816130014577108,False
1.25,adam,2000,1.1534727811813354,0.0662463517095606,0.0382066817747719,False
1.25,adam,2000,3.679494857788086,0.0662463517095606,0.1218765552312746,False
1.25,adam,2000,4.813804626464844,0.0662463517095606,0.15944849717295,False
1.25,adam,2000,4.395377159118652,0.0662463517095606,0.1455888505895718,False
1.25,adam,2000,0.5577996373176575,0.0662463517095606,0.0184760954786054,False
1.25,adam,2000,3.4575271606445312,0.0662463517095606,0.114524280164708,False
1.25,adam,2000,4.6120219230651855,0.0662463517095606,0.1527648132037901,False
1.25,adam,2000,5.264715194702148,0.0662463517095606,0.1743840872194532,False
1.25,adam,2000,5.488440990447998,0.0662463517095606,0.1817945960951936,False
1.25,adam,2000,4.175014019012451,0.0662463517095606,0.1382897235479225,False
1.25,adam,2000,0.6928110122680664,0.0662463517095606,0.0229481009934835,False
1.25,adam,2000,4.008984565734863,0.0662463517095606,0.1327903007699359,False
1.25,adam,2000,3.166477918624878,0.0662463517095606,0.1048838049388905,False
1.25,adam,2000,5.292474269866943,0.0662463517095606,0.1753035559477027,False
1.25,adam,2000,4.832146644592285,0.0662463517095606,0.1600560430649168,False
1.25,adam,2000,2.794060707092285,0.0662463517095606,0.0925481641499495,False
1.25,adam,2000,2.280395030975342,0.0662463517095606,0.0755339256293634,False
1.25,adam,2000,0.2042498886585235,0.0662463517095606,0.0067654049803555,False
1.25,adam,2000,4.062349796295166,0.0662463517095606,0.1345579266863157,False
1.25,adam,2000,1.6371564865112305,0.0662463517095606,0.0542278222045057,False
1.25,adam,2000,2.931952476501465,0.0662463517095606,0.0971155774770166,False
1.25,adam,2000,0.2255422621965408,0.0662463517095606,0.0074706760134209,False
1.25,adam,2000,3.853747129440307,0.0662463517095606,0.1276483438683061,False
1.25,adam,2000,3.5466041564941406,0.0662463517095606,0.1174747931628502,False
1.25,adam,2000,4.9530158042907715,0.0662463517095606,0.1640596134970293,False
1.25,adam,2000,2.9458611011505127,0.0662463517095606,0.0975762752971651,False
1.25,adam,2000,4.353461742401123,0.0662463517095606,0.1442004788706107,False
1.25,adam,2000,4.208580017089844,0.0662463517095606,0.1394015360049812,False
1.25,adam,2000,4.551999092102051,0.0662463517095606,0.1507766664184965,False
1.25,adam,2000,2.9413504600524902,0.0662463517095606,0.0974268685388576,False
1.25,adam,2000,2.778564691543579,0.0662463517095606,0.0920348869018813,False
1.25,adam,2000,4.271510124206543,0.0662463517095606,0.1414859810095678,False
1.25,adam,2000,3.9496259689331055,0.0662463517095606,0.1308241555295783,False
1.25,adam,2000,4.455282211303711,0.0662463517095606,0.1475730961676873,False
1.25,adam,2000,6.290322303771973,0.0662463517095606,0.2083554518510858,False
1.25,adam,2000,0.289201945066452,0.0662463517095606,0.0095792868839806,False
1.25,adam,2000,5.190169811248779,0.0662463517095606,0.1719149073741652,False
1.25,adam,2000,3.952060461044311,0.0662463517095606,0.1309047936398948,False
1.25,adam,2000,0.642326295375824,0.0662463517095606,0.0212758868378829,False
1.25,adam,2000,0.7299062609672546,0.0662463517095606,0.0241768134395235,False
1.25,adam,2000,2.308391571044922,0.0662463517095606,0.0764612599494135,False
1.25,adam,2000,4.856341361999512,0.0662463517095606,0.1608574489443531,False
1.25,adam,2000,4.832625865936279,0.0662463517095606,0.1600719163977673,False
1.25,adam,2000,0.3092592358589172,0.0662463517095606,0.0102436480540698,False
1.25,adam,2000,3.405545234680176,0.0662463517095606,0.1128024736897205,False
1.25,adam,2000,4.7170586585998535,0.0662463517095606,0.156243963466117,False
1.25,adam,2000,0.8285471796989441,0.0662463517095606,0.0274441139371503,False
1.25,adam,2000,4.366240501403809,0.0662463517095606,0.1446237519522624,False
1.25,adam,2000,4.82181453704834,0.0662463517095606,0.1597138108497882,False
1.25,adam,2000,3.9919075965881343,0.0662463517095606,0.1322246573178221,False
1.25,adam,2000,3.418464183807373,0.0662463517095606,0.1132303903135196,False
1.25,adam,2000,0.355312317609787,0.0662463517095606,0.0117690723795585,False
1.25,adam,2000,4.715446472167969,0.0662463517095606,0.156190562731423,False
1.25,adam,2000,1.145729899406433,0.0662463517095606,0.037950212940119,False
1.25,adam,2000,0.4814399182796478,0.0662463517095606,0.0159468190766878,False
1.25,adam,2000,3.812918186187744,0.0662463517095606,0.1262959596009866,False
1.25,adam,2000,3.4319255352020264,0.0662463517095606,0.1136762730230077,False
1.25,adam,2000,1.7645642757415771,0.0662463517095606,0.0584479728124513,False
1.25,adam,2000,2.112454414367676,0.0662463517095606,0.0699711990523074,False
1.25,adam,2000,4.053229808807373,0.0662463517095606,0.1342558437369641,False
1.25,adam,2000,3.4941539764404297,0.0662463517095606,0.1157374766253162,False
1.25,adam,2000,0.5058408975601196,0.0662463517095606,0.0167550570044237,False
1.25,adam,2000,3.0618736743927,0.0662463517095606,0.1014189801620317,False
1.25,adam,2000,4.118478775024414,0.0662463517095606,0.1364170967193138,False
1.25,adam,2000,4.167872428894043,0.0662463517095606,0.1380531714025477,False
1.25,adam,2000,5.031348705291748,0.0662463517095606,0.1666542479520998,False
1.25,adam,2000,1.9879075288772583,0.0662463517095606,0.0658458106620431,False
1.25,adam,2000,0.312294989824295,0.0662463517095606,0.0103442018665169,False
1.25,adam,2000,5.975992202758789,0.0662463517095606,0.1979438406387753,False
1.25,adam,2000,5.709312915802002,0.0662463517095606,0.1891105757200782,False
1.25,adam,2000,4.8503265380859375,0.0662463517095606,0.1606582188741283,False
1.25,adam,2000,3.764410972595215,0.0662463517095606,0.1246892466349358,False
1.25,adam,2000,3.0325000286102295,0.0662463517095606,0.1004460317272829,False
1.25,adam,2000,3.25785756111145,0.0662463517095606,0.1079105889065202,False
1.25,adam,2000,1.2701443433761597,0.0662463517095606,0.042071214446603,False
1.25,adam,2000,0.2342375516891479,0.0662463517095606,0.0077586916163928,False
1.25,adam,2000,0.2111839354038238,0.0662463517095606,0.0069950826300854,False
1.25,adam,2000,4.971484184265137,0.0662463517095606,0.1646713448946731,False
1.25,adam,2000,0.1010273247957229,0.0662463517095606,0.0033463458453467,False
1.25,adam,2000,0.3609727621078491,0.0662463517095606,0.011956564278084,False
1.25,adam,2000,3.65163779258728,0.0662463517095606,0.1209538407618302,False
1.25,adam,2000,3.314638614654541,0.0662463517095606,0.1097913577282477,False
1.25,adam,2000,4.423181056976318,0.0662463517095606,0.1465098039877596,False
1.25,adam,2000,3.2504634857177734,0.0662463517095606,0.1076656736469719,False
1.25,adam,2000,2.0448498725891113,0.0662463517095606,0.0677319219263942,False
1.25,adam,2000,2.6805615425109863,0.0662463517095606,0.0887887113621525,False
1.25,adam,2000,4.16798210144043,0.0662463517095606,0.1380568041055881,False
1.25,adam,2000,5.707976818084717,0.0662463517095606,0.1890663199204294,False
1.25,adam,2000,2.2108592987060547,0.0662463517095606,0.0732306813412169,False
1.25,adam,2000,1.0732849836349487,0.0662463517095606,0.0355506072552354,False
1.25,adam,2000,6.549546718597412,0.0662463517095606,0.2169417877292014,False
1.25,adam,2000,4.782135963439941,0.0662463517095606,0.1583995304784904,False
1.25,adam,2000,2.6325199604034424,0.0662463517095606,0.0871974215896625,False
1.25,adam,2000,2.05200457572937,0.0662463517095606,0.0679689084166977,False
1.25,adam,2000,0.4290878474712372,0.0662463517095606,0.0142127522289389,False
1.25,adam,2000,0.5581972002983093,0.0662463517095606,0.0184892640271269,False
1.25,adam,2000,3.9570581912994385,0.0662463517095606,0.1310703343380101,False
1.25,adam,2000,0.3159468173980713,0.0662463517095606,0.0104651619934344,False
1.25,adam,2000,5.667356967926025,0.0662463517095606,0.1877208614804282,False
1.25,adam,2000,3.700175046920776,0.0662463517095606,0.1225615487726268,False
1.25,adam,2000,2.1232564449310303,0.0662463517095606,0.0703289966102461,False
1.25,adam,2000,4.211647033691406,0.0662463517095606,0.1395031253352243,False
1.25,adam,2000,5.274904727935791,0.0662463517095606,0.1747215969206292,False
1.25,adam,2000,0.3740586936473846,0.0662463517095606,0.0123900118896917,False
1.25,adam,2000,2.5933918952941895,0.0662463517095606,0.0859013758081914,False
1.25,adam,2000,2.020050048828125,0.0662463517095606,0.0669104730027915,False
1.25,adam,2000,4.316776275634766,0.0662463517095606,0.1429853397035939,False
1.25,adam,2000,3.3284246921539307,0.0662463517095606,0.1102479963976076,False
1.25,adam,2000,4.961402416229248,0.0662463517095606,0.1643374047190933,False
1.25,adam,2000,5.166136264801025,0.0662463517095606,0.1711188399887622,False
1.25,adam,2000,3.3159070014953613,0.0662463517095606,0.1098333707286281,False
1.25,adam,2000,3.6982169151306152,0.0662463517095606,0.1224966892289945,False
1.25,adam,2000,5.325622081756592,0.0662463517095606,0.1764015167501247,False
1.25,adam,2000,3.7806339263916016,0.0662463517095606,0.1252266023864175,False
1.25,adam,2000,0.6379772424697876,0.0662463517095606,0.0211318323936745,False
1.25,adam,2000,1.4468753337860107,0.0662463517095606,0.0479251061209379,False
1.25,adam,2000,3.9071223735809326,0.0662463517095606,0.1294163014662678,False
1.25,adam,2000,3.4110498428344727,0.0662463517095606,0.1129848037936269,False
1.5,adam,2000,0.2889381051063537,0.1744776842420989,0.0252066257341283,False
1.5,adam,2000,4.394019603729248,0.1744776842420989,0.3833291824865323,True
1.5,adam,2000,5.441926002502441,0.1744776842420989,0.4747473233667444,True
1.5,adam,2000,4.01510763168335,0.1744776842420989,0.3502733407794446,False
1.5,adam,2000,0.6662501096725464,0.1744776842420989,0.0581228881308551,False
1.5,adam,2000,4.681643009185791,0.1744776842420989,0.4084211153454742,True
1.5,adam,2000,0.7476645112037659,0.1744776842420989,0.0652253862524169,False
1.5,adam,2000,5.425278186798096,0.1744776842420989,0.4732949872008527,True
1.5,adam,2000,0.6374976634979248,0.1744776842420989,0.0556145580184333,False
1.5,adam,2000,4.547369956970215,0.1744776842420989,0.3967072897421281,True
1.5,adam,2000,5.288018703460693,0.1744776842420989,0.4613206288043642,True
1.5,adam,2000,0.48687943816185,0.1744776842420989,0.0424747984377869,False
1.5,adam,2000,5.196073532104492,0.1744776842420989,0.4532994385166277,True
1.5,adam,2000,0.5329522490501404,0.1744776842420989,0.0464941371129434,False
1.5,adam,2000,0.4611554145812988,0.1744776842420989,0.040230664405925,False
1.5,adam,2000,3.3957056999206543,0.1744776842420989,0.2962374334449258,False
1.5,adam,2000,0.3407979309558868,0.1744776842420989,0.0297308168938409,False
1.5,adam,2000,0.835099458694458,0.1744776842420989,0.0728531098324197,False
1.5,adam,2000,4.549479007720947,0.1744776842420989,0.3968912808875966,False
1.5,adam,2000,4.939854621887207,0.1744776842420989,0.4309471974597547,True
1.5,adam,2000,3.606820106506348,0.1744776842420989,0.3146548098305342,False
1.5,adam,2000,0.951656699180603,0.1744776842420989,0.0830214285332557,False
1.5,adam,2000,2.997375011444092,0.1744776842420989,0.26148752540095,False
1.5,adam,2000,3.7070751190185542,0.1744776842420989,0.3234009410389304,False
1.5,adam,2000,3.694703340530395,0.1744776842420989,0.3223216414086453,False
1.5,adam,2000,1.9732722043991089,0.1744776842420989,0.1721459823014291,False
1.5,adam,2000,0.3864122629165649,0.1744776842420989,0.0337101583982156,False
1.5,adam,2000,3.6137888431549072,0.1744776842420989,0.315262754346801,False
1.5,adam,2000,3.967543125152588,0.1744776842420989,0.3461238683036419,False
1.5,adam,2000,0.3448227345943451,0.1744776842420989,0.0300819361030246,False
1.5,adam,2000,4.475937843322754,0.1744776842420989,0.3904756348572644,True
1.5,adam,2000,5.432450294494629,0.1744776842420989,0.4739206735718657,True
1.5,adam,2000,4.197746753692627,0.1744776842420989,0.366206566309539,False
1.5,adam,2000,4.509225368499756,0.1744776842420989,0.3933796000107813,True
1.5,adam,2000,4.176525592803955,0.1744776842420989,0.3643552568051468,True
1.5,adam,2000,3.083068609237671,0.1744776842420989,0.2689633356496488,False
1.5,adam,2000,5.20581579208374,0.1744776842420989,0.4541493419968596,True
1.5,adam,2000,0.288985013961792,0.1744776842420989,0.025210718008362,False
1.5,adam,2000,5.886249542236328,0.1744776842420989,0.5135095945002548,True
1.5,adam,2000,5.371326923370361,0.1744776842420989,0.4685883414484494,True
1.5,adam,2000,4.817041873931885,0.1744776842420989,0.420233155530428,True
1.5,adam,2000,3.4140942096710205,0.1744776842420989,0.2978416257438794,False
1.5,adam,2000,5.079933166503906,0.1744776842420989,0.4431674874981173,True
1.5,adam,2000,3.203113317489624,0.1744776842420989,0.2794358970003083,False
1.5,adam,2000,6.3838300704956055,0.1744776842420989,0.5569179436475743,True
1.5,adam,2000,3.1896872520446777,0.1744776842420989,0.2782646225966498,False
1.5,adam,2000,0.5449286103248596,0.1744776842420989,0.0475389410033733,False
1.5,adam,2000,4.03787088394165,0.1744776842420989,0.3522591805493681,False
1.5,adam,2000,0.6191518902778625,0.1744776842420989,0.0540140940048998,False
1.5,adam,2000,3.205191135406494,0.1744776842420989,0.2796171634295145,False
1.5,adam,2000,0.9915566444396972,0.1744776842420989,0.0865022535583523,False
1.5,adam,2000,4.787787914276123,0.1744776842420989,0.4176810739626035,True
1.5,adam,2000,4.099453926086426,0.1744776842420989,0.3576316138403702,False
1.5,adam,2000,4.420197486877441,0.1744776842420989,0.3856129107015608,False
1.5,adam,2000,0.6217268109321594,0.1744776842420989,0.0542387271013342,False
1.5,adam,2000,0.1008900851011276,0.1744776842420989,0.0088015342057165,False
1.5,adam,2000,3.99005389213562,0.1744776842420989,0.3480876815504984,True
1.5,adam,2000,0.7296762466430664,0.1744776842420989,0.0636561108803744,False
1.5,adam,2000,1.5967663526535034,0.1744776842420989,0.139300047743343,False
1.5,adam,2000,0.1564432233572006,0.1744776842420989,0.0136479256633669,False
1.5,adam,2000,4.549320220947266,0.1744776842420989,0.3968774285133165,True
1.5,adam,2000,5.3267974853515625,0.1744776842420989,0.4647036448353884,True
1.5,adam,2000,4.459262847900391,0.1744776842420989,0.3890209275642436,False
1.5,adam,2000,5.375226020812988,0.1744776842420989,0.4689284941946613,True
1.5,adam,2000,3.457911968231201,0.1744776842420989,0.3016642362650092,False
1.5,adam,2000,0.2110323309898376,0.1744776842420989,0.0184102162056595,False
1.5,adam,2000,0.1841885447502136,0.1744776842420989,0.0160683953759697,False
1.5,adam,2000,5.457603454589844,0.1744776842420989,0.4761150061342576,True
1.5,adam,2000,0.6725605130195618,0.1744776842420989,0.0586734004121655,False
1.5,adam,2000,4.525081157684326,0.1744776842420989,0.3947628407001587,True
1.5,adam,2000,0.8207850456237793,0.1744776842420989,0.0716043370104912,False
1.5,adam,2000,5.666722297668457,0.1744776842420989,0.4943582918701293,True
1.5,adam,2000,3.485069751739502,0.1744776842420989,0.3040334498528475,False
1.5,adam,2000,4.202515125274658,0.1744776842420989,0.3666225535251584,True
1.5,adam,2000,0.3322490155696869,0.1744776842420989,0.028985019414158,False
1.5,adam,2000,5.30794095993042,0.1744776842420989,0.4630586233912218,True
1.5,adam,2000,4.9146199226379395,0.1744776842420989,0.4287457515159756,True
1.5,adam,2000,5.561544418334961,0.1744776842420989,0.4851826954603276,True
1.5,adam,2000,3.665797710418701,0.1744776842420989,0.3197999477069217,False
1.5,adam,2000,0.259062260389328,0.1744776842420989,0.0226002916336268,False
1.5,adam,2000,0.4816568791866302,0.1744776842420989,0.0420191884398798,False
1.5,adam,2000,3.154737710952759,0.1744776842420989,0.2752156650991287,False
1.5,adam,2000,1.119815707206726,0.1744776842420989,0.0976914256856789,False
1.5,adam,2000,4.309337615966797,0.1744776842420989,0.3759416239256272,False
1.5,adam,2000,5.181419372558594,0.1744776842420989,0.4520210266055864,True
1.5,adam,2000,4.976423263549805,0.1744776842420989,0.4341374034163393,True
1.5,adam,2000,0.5685490369796753,0.1744776842420989,0.0495995596751446,False
1.5,adam,2000,4.248045921325684,0.1744776842420989,0.3705946074534995,False
1.5,adam,2000,4.963428020477295,0.1744776842420989,0.4330037134576119,True
1.5,adam,2000,5.451706409454346,0.1744776842420989,0.4756005547447012,True
1.5,adam,2000,5.641021728515625,0.1744776842420989,0.4921162039753843,True
1.5,adam,2000,4.70586633682251,0.1744776842420989,0.4105343304008204,True
1.5,adam,2000,0.6551933884620667,0.1744776842420989,0.0571583125747976,False
1.5,adam,2000,4.6084442138671875,0.1744776842420989,0.4020353371972235,False
1.5,adam,2000,3.93535041809082,0.1744776842420989,0.3433154138148311,False
1.5,adam,2000,5.367824077606201,0.1744776842420989,0.4682827572398554,True
1.5,adam,2000,5.299600601196289,0.1744776842420989,0.462331020152382,True
1.5,adam,2000,3.546597957611084,0.1744776842420989,0.3094010992908699,False
1.5,adam,2000,1.1365143060684204,0.1744776842420989,0.099148192115417,False
1.5,adam,2000,0.2046158164739608,0.1744776842420989,0.0178504469088415,False
1.5,adam,2000,4.675905227661133,0.1744776842420989,0.4079205579289195,True
1.5,adam,2000,1.6383583545684814,0.1744776842420989,0.1429284858319021,False
1.5,adam,2000,3.712788820266723,0.1744776842420989,0.3238993977200462,False
1.5,adam,2000,0.2164743989706039,0.1744776842420989,0.0188849759150455,False
1.5,adam,2000,4.342245101928711,0.1744776842420989,0.3788124348980592,False
1.5,adam,2000,4.212334632873535,0.1744776842420989,0.3674791959982832,False
1.5,adam,2000,5.28944730758667,0.1744776842420989,0.4614452585741638,True
1.5,adam,2000,3.5588440895080566,0.1744776842420989,0.3104694376580235,False
1.5,adam,2000,4.833158493041992,0.1744776842420989,0.4216391507204998,True
1.5,adam,2000,4.648002624511719,0.1744776842420989,0.4054863671380015,False
1.5,adam,2000,5.045774936676025,0.1744776842420989,0.4401875630790282,True
1.5,adam,2000,3.655632972717285,0.1744776842420989,0.318913187759386,False
1.5,adam,2000,3.5358963012695312,0.1744776842420989,0.3084674991828555,False
1.5,adam,2000,4.924875259399414,0.1744776842420989,0.4296404152206081,True
1.5,adam,2000,4.603061676025391,0.1744776842420989,0.4015657708282324,True
1.5,adam,2000,5.466433048248291,0.1744776842420989,0.4768852896614199,True
1.5,adam,2000,6.359365940093994,0.1744776842420989,0.5547837212378394,True
1.5,adam,2000,0.2778626680374145,0.1744776842420989,0.0242404174282495,False
1.5,adam,2000,5.3204731941223145,0.1744776842420989,0.4641519209913124,True
1.5,adam,2000,4.651944160461426,0.1744776842420989,0.4058302221704324,True
1.5,adam,2000,0.6308103799819946,0.1744776842420989,0.0550311671475684,False
1.5,adam,2000,0.7232435345649719,0.1744776842420989,0.0630949285269833,False
1.5,adam,2000,2.13529896736145,0.1744776842420989,0.1862810094948855,False
1.5,adam,2000,5.2865729331970215,0.1744776842420989,0.4611945014805884,True
1.5,adam,2000,5.227266311645508,0.1744776842420989,0.4560206604863231,True
1.5,adam,2000,0.2948482632637024,0.1744776842420989,0.0257222210885277,False
1.5,adam,2000,3.990781784057617,0.1744776842420989,0.3481511819989626,False
1.5,adam,2000,5.10560417175293,0.1744776842420989,0.4454069962721255,True
1.5,adam,2000,0.7281273603439331,0.1744776842420989,0.0635209878330608,False
1.5,adam,2000,4.968574523925781,0.1744776842420989,0.4334526884594298,True
1.5,adam,2000,5.285677433013916,0.1744776842420989,0.4611163790814951,True
1.5,adam,2000,4.523744106292725,0.1744776842420989,0.3946461978848991,True
1.5,adam,2000,4.004523277282715,0.1744776842420989,0.3493499739569344,False
1.5,adam,2000,0.3346916735172272,0.1744776842420989,0.0291981140651992,False
1.5,adam,2000,4.995568752288818,0.1744776842420989,0.4358076336857724,True
1.5,adam,2000,0.9779290556907654,0.1744776842420989,0.0853133984949937,False
1.5,adam,2000,0.4786578714847564,0.1744776842420989,0.0417575584804562,False
1.5,adam,2000,4.460597515106201,0.1744776842420989,0.3891373623858955,False
1.5,adam,2000,4.199401378631592,0.1744776842420989,0.366350913873359,True
1.5,adam,2000,2.2267065048217773,0.1744776842420989,0.1942552972240609,False
1.5,adam,2000,2.707616090774536,0.1744776842420989,0.2362092926674929,False
1.5,adam,2000,4.650447845458984,0.1744776842420989,0.4056996853821711,True
1.5,adam,2000,4.197580337524414,0.1744776842420989,0.3661920483557139,True
1.5,adam,2000,0.490139901638031,0.1744776842420989,0.0427592374962269,False
1.5,adam,2000,3.8813154697418217,0.1744776842420989,0.3386014674867938,False
1.5,adam,2000,4.716057300567627,0.1744776842420989,0.411423378278042,False
1.5,adam,2000,4.731468200683594,0.1744776842420989,0.4127678073602021,True
1.5,adam,2000,5.40040922164917,0.1744776842420989,0.4711254474765117,True
1.5,adam,2000,2.6095454692840576,0.1744776842420989,0.2276537252025719,False
1.5,adam,2000,0.3118724226951599,0.1744776842420989,0.0272073890454122,False
1.5,adam,2000,6.013608932495117,0.1744776842420989,0.5246202802396744,True
1.5,adam,2000,5.796195030212402,0.1744776842420989,0.5056533431435114,True
1.5,adam,2000,5.218911647796631,0.1744776842420989,0.4552918092858365,True
1.5,adam,2000,4.415456771850586,0.1744776842420989,0.3851993362117921,False
1.5,adam,2000,3.813009738922119,0.1744776842420989,0.3326425546198508,False
1.5,adam,2000,3.956167221069336,0.1744776842420989,0.3451314476033388,False
1.5,adam,2000,0.438950777053833,0.1744776842420989,0.0382935575383113,False
1.5,adam,2000,0.2092207223176956,0.1744776842420989,0.0182521735627253,False
1.5,adam,2000,0.2153984755277633,0.1744776842420989,0.0187911135996812,False
1.5,adam,2000,5.25136661529541,0.1744776842420989,0.4581231430715063,True
1.5,adam,2000,0.0921014249324798,0.1744776842420989,0.0080348216688082,False
1.5,adam,2000,0.3457370698451996,0.1744776842420989,0.0301617016516196,False
1.5,adam,2000,4.379771709442139,0.1744776842420989,0.3820862126862617,True
1.5,adam,2000,4.2863993644714355,0.1744776842420989,0.3739405174248904,True
1.5,adam,2000,4.719155788421631,0.1744776842420989,0.4116936867707514,True
1.5,adam,2000,3.971914291381836,0.1744776842420989,0.3465052037842001,False
1.5,adam,2000,2.191383600234986,0.1744776842420989,0.1911737679275569,False
1.5,adam,2000,3.334364891052246,0.1744776842420989,0.2908861323044773,False
1.5,adam,2000,4.786880016326904,0.1744776842420989,0.4176018699967496,True
1.5,adam,2000,5.7052741050720215,0.1744776842420989,0.4977215069096899,True
1.5,adam,2000,2.822153091430664,0.1744776842420989,0.2462013679847514,False
1.5,adam,2000,1.223957896232605,0.1744776842420989,0.1067766696722481,False
1.5,adam,2000,6.273715019226074,0.1744776842420989,0.5473116340747204,True
1.5,adam,2000,5.094657897949219,0.1744776842420989,0.4444520560199497,True
1.5,adam,2000,3.3481552600860596,0.1744776842420989,0.2920891881314091,False
1.5,adam,2000,2.6926066875457764,0.1744776842420989,0.234899889708888,False
1.5,adam,2000,0.4088185429573059,0.1744776842420989,0.0356648563252098,False
1.5,adam,2000,0.5059255361557007,0.1744776842420989,0.0441363579736944,False
1.5,adam,2000,4.501636981964111,0.1744776842420989,0.3927175979558448,False
1.5,adam,2000,0.2748587727546692,0.1744776842420989,0.02397836108193,False
1.5,adam,2000,5.608259201049805,0.1744776842420989,0.489258039014307,True
1.5,adam,2000,4.289140701293945,0.1744776842420989,0.37417966847515,True
1.5,adam,2000,2.639211654663086,0.1744776842420989,0.2302417688651867,False
1.5,adam,2000,4.765478134155273,0.1744776842420989,0.4157347945768854,True
1.5,adam,2000,5.451155662536621,0.1744776842420989,0.4755525082212972,True
1.5,adam,2000,0.3706267476081848,0.1744776842420989,0.0323330483204284,False
1.5,adam,2000,3.310790538787842,0.1744776842420989,0.2888295331091769,False
1.5,adam,2000,2.5988075733184814,0.1744776842420989,0.2267169635917187,False
1.5,adam,2000,4.843935012817383,0.1744776842420989,0.4225792818277994,True
1.5,adam,2000,3.996049642562866,0.1744776842420989,0.3486107438754181,False
1.5,adam,2000,5.0819196701049805,0.1744776842420989,0.4433407877721443,True
1.5,adam,2000,5.332267761230469,0.1744776842420989,0.4651808653691469,True
1.5,adam,2000,4.096521377563477,0.1744776842420989,0.3573757817027643,False
1.5,adam,2000,4.386134147644043,0.1744776842420989,0.3826412644280626,True
1.5,adam,2000,5.280445098876953,0.1744776842420989,0.4606599163097961,True
1.5,adam,2000,4.3815016746521,0.1744776842420989,0.3822371328480884,False
1.5,adam,2000,0.6358219981193542,0.1744776842420989,0.0554683749110245,False
1.5,adam,2000,2.474881649017334,0.1744776842420989,0.2159058094469058,False
1.5,adam,2000,4.539113998413086,0.1744776842420989,0.3959870494770048,True
1.5,adam,2000,4.126767635345459,0.1744776842420989,0.3600144302101592,False
2.0,adam,2000,0.3531569242477417,0.4402489042560642,0.077738474465255,False
2.0,adam,2000,4.2373456954956055,0.4402489042560642,0.9327433996980452,True
2.0,adam,2000,4.824608325958252,0.4402489042560642,1.0620142644839023,True
2.0,adam,2000,4.009288787841797,0.4402489042560642,0.8825424978467376,True
2.0,adam,2000,0.6485653519630432,0.4402489042560642,0.1427650927700892,False
2.0,adam,2000,4.295177459716797,0.4402489042560642,0.9454735851128326,True
2.0,adam,2000,0.7629460692405701,0.4402489042560642,0.1679430854948161,False
2.0,adam,2000,4.748504161834717,0.4402489042560642,1.0452618770515474,True
2.0,adam,2000,0.6080554127693176,0.4402489042560642,0.1338478645993304,False
2.0,adam,2000,4.321439266204834,0.4402489042560642,0.9512544508779042,True
2.0,adam,2000,4.757082939147949,0.4402489042560642,1.047150275707551,True
2.0,adam,2000,0.4877121448516845,0.4402489042560642,0.1073573686816645,False
2.0,adam,2000,4.695028305053711,0.4402489042560642,1.0334905333755513,True
2.0,adam,2000,0.4070973992347717,0.4402489042560642,0.0896120919693008,False
2.0,adam,2000,3.598517656326294,0.4402489042560642,0.7921217275718756,True
2.0,adam,2000,2.9154484272003174,0.4402489042560642,0.6417614877450027,True
2.0,adam,2000,0.3552423417568207,0.4402489042560642,0.0781975258518992,False
2.0,adam,2000,0.7749478220939636,0.4402489042560642,0.1705849647662454,False
2.0,adam,2000,4.364462375640869,0.4402489042560642,0.9607248892713558,True
2.0,adam,2000,4.529655456542969,0.4402489042560642,0.9970879257002722,True
2.0,adam,2000,3.6932942867279057,0.4402489042560642,0.8129843814135714,True
2.0,adam,2000,0.8992564678192139,0.4402489042560642,0.1979483373012938,False
2.0,adam,2000,3.309783935546875,0.4402489042560642,0.7285643754744178,True
2.0,adam,2000,4.114715099334717,0.4402489042560642,0.9057494069039956,True
2.0,adam,2000,3.031413316726685,0.4402489042560642,0.6672881955180823,True
2.0,adam,2000,1.9234997034072876,0.4402489042560642,0.4234093183809614,False
2.0,adam,2000,0.4098754823207855,0.4402489042560642,0.0902236159865758,False
2.0,adam,2000,3.6918442249298096,0.4402489042560642,0.8126651873547137,True
2.0,adam,2000,3.9854178428649902,0.4402489042560642,0.8772879191619396,True
2.0,adam,2000,0.3307662308216095,0.4402489042560642,0.072809735342061,False
2.0,adam,2000,4.326162815093994,0.4402489042560642,0.9522942194892304,True
2.0,adam,2000,4.845518589019775,0.4402489042560642,1.0666171246841734,True
2.0,adam,2000,4.1548614501953125,0.4402489042560642,0.914586600392124,True
2.0,adam,2000,4.1352949142456055,0.4402489042560642,0.9102795273861516,True
2.0,adam,2000,4.019410610198975,0.4402489042560642,0.8847705584476485,True
2.0,adam,2000,3.3744168281555176,0.4402489042560642,0.7427916555493452,True
2.0,adam,2000,4.554447174072266,0.4402489042560642,1.0025451889387216,True
2.0,adam,2000,3.662664651870727,0.4402489042560642,0.8062420498217533,True
2.0,adam,2000,5.03345251083374,0.4402489042560642,1.1079859762597446,True
2.0,adam,2000,4.860977649688721,0.4402489042560642,1.0700200419443389,True
2.0,adam,2000,4.346960067749023,0.4402489042560642,0.9568722033356872,True
2.0,adam,2000,3.605232000350952,0.4402489042560642,0.7935997188717027,True
2.0,adam,2000,4.675406455993652,0.4402489042560642,1.029171284601467,True
2.0,adam,2000,3.2675693035125732,0.4402489042560642,0.7192719027260807,True
2.0,adam,2000,5.135777950286865,0.4402489042560642,1.130510307558124,True
2.0,adam,2000,3.4414024353027344,0.4402489042560642,0.7575368256230899,True
2.0,adam,2000,0.507098913192749,0.4402489042560642,0.1116248704412744,False
2.0,adam,2000,4.079677581787109,0.4402489042560642,0.8980367925499023,True
2.0,adam,2000,0.5055896043777466,0.4402489042560642,0.1112926346652799,False
2.0,adam,2000,3.48555326461792,0.4402489042560642,0.7672555027370933,True
2.0,adam,2000,0.9005262851715088,0.4402489042560642,0.1982278551502704,False
2.0,adam,2000,4.4018874168396,0.4402489042560642,0.9689630559610952,True
2.0,adam,2000,3.308876037597656,0.4402489042560642,0.7283645249357578,True
2.0,adam,2000,4.223332405090332,0.4402489042560642,0.9296587318250736,True
2.0,adam,2000,0.605531632900238,0.4402489042560642,0.1332923189383575,False
2.0,adam,2000,0.0882331952452659,0.4402489042560642,0.0194222837628698,False
2.0,adam,2000,4.0270915031433105,0.4402489042560642,0.8864613107988746,True
2.0,adam,2000,0.7306461334228516,0.4402489042560642,0.1608330798191702,False
2.0,adam,2000,0.6268489956855774,0.4402489042560642,0.1379847917422949,False
2.0,adam,2000,0.1382462531328201,0.4402489042560642,0.0304313807296152,False
2.0,adam,2000,4.288803577423096,0.4402489042560642,0.944070537765003,True
2.0,adam,2000,4.801079750061035,0.4402489042560642,1.0568350496051746,True
2.0,adam,2000,4.203826427459717,0.4402489042560642,0.9253649891859128,True
2.0,adam,2000,4.817289352416992,0.4402489042560642,1.0604031794429931,True
2.0,adam,2000,3.6197662353515625,0.4402489042560642,0.7967990593883121,True
2.0,adam,2000,0.8110166192054749,0.4402489042560642,0.1785245889693339,False
2.0,adam,2000,0.1667510122060775,0.4402489042560642,0.0367059752036576,False
2.0,adam,2000,4.875526428222656,0.4402489042560642,1.0732225838482534,True
2.0,adam,2000,0.6438107490539551,0.4402489042560642,0.1417184884096398,False
2.0,adam,2000,4.280987739562988,0.4402489042560642,0.9423500807381254,True
2.0,adam,2000,0.8134192824363708,0.4402489042560642,0.1790534738966831,False
2.0,adam,2000,4.912041187286377,0.4402489042560642,1.081260375181742,True
2.0,adam,2000,2.4606399536132812,0.4402489042560642,0.5416470216734699,True
2.0,adam,2000,3.9812793731689458,0.4402489042560642,0.8763769407874493,True
2.0,adam,2000,0.3269521296024322,0.4402489042560642,0.0719701584008287,False
2.0,adam,2000,4.651020050048828,0.4402489042560642,1.023803240353491,True
2.0,adam,2000,4.566331386566162,0.4402489042560642,1.0051611947029135,True
2.0,adam,2000,4.877734184265137,0.4402489042560642,1.0737085649375369,True
2.0,adam,2000,3.737634897232056,0.4402489042560642,0.82274483400782,True
2.0,adam,2000,0.2564354240894317,0.4402489042560642,0.0564477072339057,False
2.0,adam,2000,0.4605961740016937,0.4402489042560642,0.1013884804543905,False
2.0,adam,2000,3.4305505752563477,0.4402489042560642,0.755148065875809,True
2.0,adam,2000,1.0570887327194214,0.4402489042560642,0.2326910781405784,False
2.0,adam,2000,4.104116439819336,0.4402489042560642,0.903416382784881,True
2.0,adam,2000,4.63154411315918,0.4402489042560642,1.019516110415977,True
2.0,adam,2000,4.563902378082275,0.4402489042560642,1.0046265105411838,True
2.0,adam,2000,0.5598271489143372,0.4402489042560642,0.1232316444411667,False
2.0,adam,2000,4.2187180519104,0.4402489042560642,0.9286429998594158,True
2.0,adam,2000,4.44328498840332,0.4402489042560642,0.9780756737209904,True
2.0,adam,2000,4.832404613494873,0.4402489042560642,1.0637304180065337,True
2.0,adam,2000,5.024059295654297,0.4402489042560642,1.105918299914649,True
2.0,adam,2000,4.413700580596924,0.4402489042560642,0.971563422161075,True
2.0,adam,2000,0.5902003049850464,0.4402489042560642,0.1299175187806308,False
2.0,adam,2000,4.37233304977417,0.4402489042560642,0.962457417102827,True
2.0,adam,2000,3.9976067543029785,0.4402489042560642,0.8799709966142638,True
2.0,adam,2000,4.631659507751465,0.4402489042560642,1.019541511587382,True
2.0,adam,2000,4.729337215423584,0.4402489042560642,1.0410427634738293,True
2.0,adam,2000,3.729283332824707,0.4402489042560642,0.8209064504682403,True
2.0,adam,2000,1.0560989379882812,0.4402489042560642,0.2324732001176669,False
2.0,adam,2000,0.2049102187156677,0.4402489042560642,0.0451057496302215,False
2.0,adam,2000,4.308969974517822,0.4402489042560642,0.948509654876876,True
2.0,adam,2000,0.2316437363624572,0.4402489042560642,0.0509904505556762,False
2.0,adam,2000,3.935352325439453,0.4402489042560642,0.8662672745681368,True
2.0,adam,2000,0.2007591426372528,0.4402489042560642,0.0441919962827187,False
2.0,adam,2000,4.114137649536133,0.4402489042560642,0.905622296083451,True
2.0,adam,2000,4.102431774139404,0.4402489042560642,0.9030455466750672,True
2.0,adam,2000,4.777005195617676,0.4402489042560642,1.0515356514981038,True
2.0,adam,2000,3.512770891189575,0.4402489042560642,0.7732467678744044,True
2.0,adam,2000,4.443955898284912,0.4402489042560642,0.9782233573911032,True
2.0,adam,2000,4.264392375946045,0.4402489042560642,0.9386970354140802,True
2.0,adam,2000,4.6551127433776855,0.4402489042560642,1.0247041422302336,True
2.0,adam,2000,3.7317943572998047,0.4402489042560642,0.8214591883551012,True
2.0,adam,2000,3.692458152770996,0.4402489042560642,0.812800327884401,True
2.0,adam,2000,4.617465496063232,0.4402489042560642,1.016417062541011,True
2.0,adam,2000,4.399929523468018,0.4402489042560642,0.9685320757553508,True
2.0,adam,2000,4.1516923904418945,0.4402489042560642,0.913889012850142,True
2.0,adam,2000,5.652919292449951,0.4402489042560642,1.2443457621745284,True
2.0,adam,2000,0.259072870016098,0.4402489042560642,0.0570282735735304,False
2.0,adam,2000,4.6318464279174805,0.4402489042560642,1.019582657286518,True
2.0,adam,2000,4.445951461791992,0.4402489042560642,0.9786626297147858,True
2.0,adam,2000,0.5983231663703918,0.4402489042560642,0.1317055591927919,False
2.0,adam,2000,0.7140718698501587,0.4402489042560642,0.1571846791308056,False
2.0,adam,2000,0.2908265590667724,0.4402489042560642,0.064018036978854,False
2.0,adam,2000,4.824195384979248,0.4402489042560642,1.061923366077138,True
2.0,adam,2000,4.675406455993652,0.4402489042560642,1.029171284601467,True
2.0,adam,2000,0.2705925107002258,0.4402489042560642,0.0595640281678358,False
2.0,adam,2000,3.819745540618897,0.4402489042560642,0.8408193943972285,True
2.0,adam,2000,4.220945835113525,0.4402489042560642,0.9291333894164636,True
2.0,adam,2000,0.5607276558876038,0.4402489042560642,0.1234298680452945,False
2.0,adam,2000,4.621828079223633,0.4402489042560642,1.0173773737690572,True
2.0,adam,2000,4.845844268798828,0.4402489042560642,1.0666888147671063,True
2.0,adam,2000,4.2108893394470215,0.4402489042560642,0.9269197088175466,True
2.0,adam,2000,3.87841272354126,0.4402489042560642,0.8537334758959088,True
2.0,adam,2000,0.3065972626209259,0.4402489042560642,0.0674895544583857,False
2.0,adam,2000,4.459619522094727,0.4402489042560642,0.981671304000578,True
2.0,adam,2000,0.2353016883134842,0.4402489042560642,0.0517956552248066,False
2.0,adam,2000,0.4737655222415924,0.4402489042560642,0.1042873760205815,False
2.0,adam,2000,4.3048577308654785,0.4402489042560642,0.947604449495887,True
2.0,adam,2000,4.133936882019043,0.4402489042560642,0.9099805912863071,True
2.0,adam,2000,2.5058343410491943,0.4402489042560642,0.5515954114470623,True
2.0,adam,2000,3.0202183723449707,0.4402489042560642,0.6648239145194536,True
2.0,adam,2000,4.314856052398682,0.4402489042560642,0.9498053245455832,True
2.0,adam,2000,4.103835105895996,0.4402489042560642,0.9033544543091409,True
2.0,adam,2000,0.4638749659061432,0.4402489042560642,0.1021102227259993,False
2.0,adam,2000,4.023520469665527,0.4402489042560642,0.8856752390110466,True
2.0,adam,2000,4.486300468444824,0.4402489042560642,0.9875444326981508,True
2.0,adam,2000,4.454045295715332,0.4402489042560642,0.9804442804727762,True
2.0,adam,2000,4.615498065948486,0.4402489042560642,1.0159839830649025,True
2.0,adam,2000,2.9992594718933105,0.4402489042560642,0.6602103480403259,True
2.0,adam,2000,0.3085989356040954,0.4402489042560642,0.0679301716271453,False
2.0,adam,2000,5.093883037567139,0.4402489042560642,1.1212882128487425,True
2.0,adam,2000,4.967687129974365,0.4402489042560642,1.0935094078290837,True
2.0,adam,2000,4.68638277053833,0.4402489042560642,1.031587439826999,True
2.0,adam,2000,4.2817816734313965,0.4402489042560642,0.9425248449959348,True
2.0,adam,2000,3.9099466800689697,0.4402489042560642,0.8606748708,True
2.0,adam,2000,3.921974897384643,0.4402489042560642,0.8633225755466896,True
2.0,adam,2000,0.3972679376602173,0.4402489042560642,0.0874483871254885,False
2.0,adam,2000,0.1782782524824142,0.4402489042560642,0.0392434026540344,False
2.0,adam,2000,0.2152121812105178,0.4402489042560642,0.0473734634802439,False
2.0,adam,2000,4.621181011199951,0.4402489042560642,1.017234938274855,True
2.0,adam,2000,0.0784883052110672,0.4402489042560642,0.0172771951830439,False
2.0,adam,2000,0.3202151358127594,0.4402489042560642,0.070487181333887,False
2.0,adam,2000,4.258102893829346,0.4402489042560642,0.9373125666089728,True
2.0,adam,2000,4.760662078857422,0.4402489042560642,1.0479381318751884,True
2.0,adam,2000,4.388316631317139,0.4402489042560642,0.9659757942330166,True
2.0,adam,2000,4.012062072753906,0.4402489042560642,0.8831529656686106,True
2.0,adam,2000,1.6116034984588623,0.4402489042560642,0.3547533371458769,False
2.0,adam,2000,3.494661569595337,0.4402489042560642,0.7692604633800623,True
2.0,adam,2000,4.509305000305176,0.4402489042560642,0.9926082926703724,True
2.0,adam,2000,4.958071231842041,0.4402489042560642,1.0913927135209869,True
2.0,adam,2000,3.092679500579834,0.4402489042560642,0.6807743806727319,True
2.0,adam,2000,1.3322410583496094,0.4402489042560642,0.2932588330716774,False
2.0,adam,2000,5.048141956329346,0.4402489042560642,1.1112194824015291,True
2.0,adam,2000,4.581942081451416,0.4402489042560642,1.008597490361868,True
2.0,adam,2000,3.5890471935272217,0.4402489042560642,0.7900370471368309,True
2.0,adam,2000,3.055958032608032,0.4402489042560642,0.6726910876541019,True
2.0,adam,2000,0.3748455643653869,0.4402489042560642,0.0825126744885537,False
2.0,adam,2000,0.4279532730579376,0.4402489042560642,0.0942029797682766,False
2.0,adam,2000,4.202666282653809,0.4402489042560642,0.9251096129461228,True
2.0,adam,2000,0.1938388347625732,0.4402489042560642,0.0426686673032475,False
2.0,adam,2000,4.788437366485596,0.4402489042560642,1.0540521518470387,True
2.0,adam,2000,4.047513961791992,0.4402489042560642,0.890956793320023,True
2.0,adam,2000,2.813889503479004,0.4402489042560642,0.619405885302136,True
2.0,adam,2000,4.477473258972168,0.4402489042560642,0.9856013480491628,True
2.0,adam,2000,4.844821453094482,0.4402489042560642,1.0664636680205597,True
2.0,adam,2000,0.3658041059970855,0.4402489042560642,0.080522428418793,False
2.0,adam,2000,3.4794392585754395,0.4402489042560642,0.7659096605066849,True
2.0,adam,2000,2.9500913619995117,0.4402489042560642,0.6493872447877825,True
2.0,adam,2000,4.437139987945557,0.4402489042560642,0.9767230088618988,True
2.0,adam,2000,3.933606386184693,0.4402489042560642,0.8658829506462338,True
2.0,adam,2000,4.45953893661499,0.4402489042560642,0.9816535651660016,True
2.0,adam,2000,4.707454204559326,0.4402489042560642,1.0362257776964228,True
2.0,adam,2000,4.151816368103027,0.4402489042560642,0.913916303364875,True
2.0,adam,2000,4.218297481536865,0.4402489042560642,0.92855042203636,True
2.0,adam,2000,4.254783630371094,0.4402489042560642,0.9365819155587564,True
2.0,adam,2000,4.162412166595459,0.4402489042560642,0.9162486977028804,True
2.0,adam,2000,0.6325205564498901,0.4402489042560642,0.13923324094825,False
2.0,adam,2000,3.2474966049194336,0.4402489042560642,0.7148534109455347,True
2.0,adam,2000,4.310482501983643,0.4402489042560642,0.9488425991566184,True
2.0,adam,2000,4.0816240310668945,0.4402489042560642,0.8984652536312101,True
3.0,adam,2000,0.3750070929527282,1.0489010419504077,0.1966726652684549,False
3.0,adam,2000,3.471516370773315,1.0489010419504077,1.8206385692260136,True
3.0,adam,2000,3.91058897972107,1.0489010419504077,2.0509104277346055,True
3.0,adam,2000,3.217812776565552,1.0489010419504077,1.6875835870704707,True
3.0,adam,2000,0.6282246112823486,1.0489010419504077,0.3294727246764726,False
3.0,adam,2000,3.4037137031555176,1.0489010419504077,1.7850794248703512,True
3.0,adam,2000,0.7737478017807007,1.0489010419504077,0.4057924377473071,False
3.0,adam,2000,3.811145782470703,1.0489010419504077,1.9987573911292107,True
3.0,adam,2000,0.5638905167579651,1.0489010419504077,0.2957326752866916,False
3.0,adam,2000,3.5682532787323,1.0489010419504077,1.8713722910026336,True
3.0,adam,2000,3.855988025665283,1.0489010419504077,2.022274928934305,True
3.0,adam,2000,0.4681651592254638,1.0489010419504077,0.2455294616582337,False
3.0,adam,2000,3.803012371063232,1.0489010419504077,1.994491819279257,True
3.0,adam,2000,1.0993983745574951,1.0489010419504077,0.5765800502959705,False
3.0,adam,2000,2.9679059982299805,1.0489010419504077,1.5565198469771453,True
3.0,adam,2000,0.1798726469278335,1.0489010419504077,0.0943343033904911,False
3.0,adam,2000,0.3601090312004089,1.0489010419504077,0.1888593690209303,False
3.0,adam,2000,0.6612603664398193,1.0489010419504077,0.3467983436796173,False
3.0,adam,2000,3.6660289764404297,1.0489010419504077,1.922650806604376,True
3.0,adam,2000,3.612377882003784,1.0489010419504077,1.8945134621761877,True
3.0,adam,2000,3.056575059890747,1.0489010419504077,1.603022382559517,True
3.0,adam,2000,0.8305031061172485,1.0489010419504077,0.4355577866747159,False
3.0,adam,2000,2.915405035018921,1.0489010419504077,1.5289856894694052,True
3.0,adam,2000,3.632920265197754,1.0489010419504077,1.9052869257443372,True
3.0,adam,2000,0.3433179855346679,1.0489010419504077,0.180053296373814,False
3.0,adam,2000,0.1923749446868896,1.0489010419504077,0.1008911399636152,False
3.0,adam,2000,0.4193967580795288,1.0489010419504077,0.2199528482701203,False
3.0,adam,2000,3.222649335861206,1.0489010419504077,1.6901201231128038,True
3.0,adam,2000,3.311248779296875,1.0489010419504077,1.7365861473807536,True
3.0,adam,2000,0.3098418116569519,1.0489010419504077,0.1624966995433893,False
3.0,adam,2000,3.617618560791016,1.0489010419504077,1.8972619388964151,True
3.0,adam,2000,3.907983303070069,1.0489010419504077,2.049543879257495,True
3.0,adam,2000,3.4433584213256836,1.0489010419504077,1.8058711179686096,True
3.0,adam,2000,3.201589345932007,1.0489010419504077,1.6790752004227028,True
3.0,adam,2000,3.264878988265991,1.0489010419504077,1.7122674863170952,True
3.0,adam,2000,2.910133123397827,1.0489010419504077,1.5262208326731872,True
3.0,adam,2000,3.40733003616333,1.0489010419504077,1.7869760126003182,True
3.0,adam,2000,3.322737216949463,1.0489010419504077,1.7426112644928444,True
3.0,adam,2000,4.0046234130859375,1.0489010419504077,2.1002268353024185,True
3.0,adam,2000,3.795823574066162,1.0489010419504077,1.9907216509489585,True
3.0,adam,2000,3.367093086242676,1.0489010419504077,1.765873723251978,True
3.0,adam,2000,3.037785768508911,1.0489010419504077,1.593168328905558,True
3.0,adam,2000,3.813490629196167,1.0489010419504077,1.9999871472159871,True
3.0,adam,2000,2.5780510902404785,1.0489010419504077,1.352060237377311,True
3.0,adam,2000,0.4720141887664795,1.0489010419504077,0.2475480872062683,False
3.0,adam,2000,2.937636137008667,1.0489010419504077,1.5406448024897803,True
3.0,adam,2000,0.4446083307266235,1.0489010419504077,0.2331750706794933,False
3.0,adam,2000,3.393205165863037,1.0489010419504077,1.7795682170126224,True
3.0,adam,2000,0.4050099849700928,1.0489010419504077,0.2124076976177245,False
3.0,adam,2000,3.014017105102539,1.0489010419504077,1.580702840999202,True
3.0,adam,2000,2.0415568351745605,1.0489010419504077,1.0706955458077865,True
3.0,adam,2000,3.589200258255005,1.0489010419504077,1.8823579453261732,True
3.0,adam,2000,0.2270357757806778,1.0489010419504077,0.119069030888186,False
3.0,adam,2000,3.4343552589416504,1.0489010419504077,1.8011494047658791,True
3.0,adam,2000,0.7015442252159119,1.0489010419504077,0.3679252344016306,False
3.0,adam,2000,0.0709491670131683,1.0489010419504077,0.0372093276028128,False
3.0,adam,2000,3.4002318382263184,1.0489010419504077,1.7832533589942674,True
3.0,adam,2000,0.7284162640571594,1.0489010419504077,0.3820182891715888,False
3.0,adam,2000,0.5318712592124939,1.0489010419504077,0.27894015898573,False
3.0,adam,2000,0.1121886745095253,1.0489010419504077,0.0588374087940381,False
3.0,adam,2000,3.3945467472076416,1.0489010419504077,1.7802718100477308,True
3.0,adam,2000,3.942054033279419,1.0489010419504077,2.067412291465794,True
3.0,adam,2000,3.3450334072113037,1.0489010419504077,1.754304513091429,True
3.0,adam,2000,3.924839973449707,1.0489010419504077,2.0583843688200036,True
3.0,adam,2000,3.0059473514556885,1.0489010419504077,1.5764706544949696,True
3.0,adam,2000,0.1475426852703094,1.0489010419504077,0.0773788381560942,False
3.0,adam,2000,0.1411200165748596,1.0489010419504077,0.0740104662127145,False
3.0,adam,2000,3.7847063541412354,1.0489010419504077,1.9848912191675347,True
3.0,adam,2000,0.6118335127830505,1.0489010419504077,0.3208764045291598,False
3.0,adam,2000,3.068939447402954,1.0489010419504077,1.6095068920318332,True
3.0,adam,2000,0.8642925024032593,1.0489010419504077,0.4532786531603519,False
3.0,adam,2000,3.803068876266479,1.0489010419504077,1.9945214534625375,True
3.0,adam,2000,0.3332941234111786,1.0489010419504077,0.1747962766609664,False
3.0,adam,2000,3.083847761154175,1.0489010419504077,1.6173255649455227,True
3.0,adam,2000,0.3183684647083282,1.0489010419504077,0.1669685071783584,False
3.0,adam,2000,3.420111179351806,1.0489010419504077,1.7936790898041732,True
3.0,adam,2000,3.7465336322784424,1.0489010419504077,1.9648715152995515,True
3.0,adam,2000,3.912145614624023,1.0489010419504077,2.0517268057204276,True
3.0,adam,2000,3.089106798171997,1.0489010419504077,1.6200836696493477,True
3.0,adam,2000,0.2467383742332458,1.0489010419504077,0.1294020689112005,False
3.0,adam,2000,0.4285002648830414,1.0489010419504077,0.2247271871559238,False
3.0,adam,2000,3.007556676864624,1.0489010419504077,1.5773146660441044,True
3.0,adam,2000,0.9519846439361572,1.0489010419504077,0.4992688424727114,False
3.0,adam,2000,3.1845905780792236,1.0489010419504077,1.670160187766374,True
3.0,adam,2000,3.625602006912231,1.0489010419504077,1.901448861373864,True
3.0,adam,2000,3.649892091751098,1.0489010419504077,1.9141878090221396,True
3.0,adam,2000,0.5287837982177734,1.0489010419504077,0.2773209384585582,False
3.0,adam,2000,3.538644552230835,1.0489010419504077,1.855843978963528,True
3.0,adam,2000,3.35403823852539,1.0489010419504077,1.7590271015653955,True
3.0,adam,2000,3.943351984024048,1.0489010419504077,2.068093002410015,True
3.0,adam,2000,3.8052666187286377,1.0489010419504077,1.995674060641786,True
3.0,adam,2000,3.601783514022827,1.0489010419504077,1.8889572403691717,True
3.0,adam,2000,0.497334748506546,1.0489010419504077,0.26082746795333,False
3.0,adam,2000,3.5492992401123047,1.0489010419504077,1.8614318355737929,True
3.0,adam,2000,3.3034250736236572,1.0489010419504077,1.7324830008644778,True
3.0,adam,2000,3.40966796875,1.0489010419504077,1.7882021425634025,True
3.0,adam,2000,3.557650089263916,1.0489010419504077,1.8658114427619408,True
3.0,adam,2000,3.1993777751922607,1.0489010419504077,1.6779153409960694,True
3.0,adam,2000,0.7834691405296326,1.0489010419504077,0.4108907989187609,False
3.0,adam,2000,0.2046038955450058,1.0489010419504077,0.1073046196121344,False
3.0,adam,2000,3.410489797592163,1.0489010419504077,1.788633151127827,True
3.0,adam,2000,0.3302732110023498,1.0489010419504077,0.1732119575743357,False
3.0,adam,2000,3.211691379547119,1.0489010419504077,1.6843732172150574,True
3.0,adam,2000,0.1764740794897079,1.0489010419504077,0.0925519229269968,False
3.0,adam,2000,3.3653743267059326,1.0489010419504077,1.7649723189175015,True
3.0,adam,2000,3.340571880340576,1.0489010419504077,1.7519646629997312,True
3.0,adam,2000,3.9707813262939458,1.0489010419504077,2.0824783352534704,True
3.0,adam,2000,2.683229923248291,1.0489010419504077,1.4072213311438222,True
3.0,adam,2000,3.517031669616699,1.0489010419504077,1.8445090914167688,True
3.0,adam,2000,3.321786880493164,1.0489010419504077,1.7421128600432367,True
3.0,adam,2000,3.82595157623291,1.0489010419504077,2.0065222973812515,True
3.0,adam,2000,3.0852506160736084,1.0489010419504077,1.6180612929388722,True
3.0,adam,2000,3.1003494262695312,1.0489010419504077,1.6259798718122296,True
3.0,adam,2000,3.6345345973968506,1.0489010419504077,1.9061335631071803,True
3.0,adam,2000,3.6121346950531006,1.0489010419504077,1.8943859226532072,True
3.0,adam,2000,0.3948865830898285,1.0489010419504077,0.2070984742275786,False
3.0,adam,2000,4.062442302703857,1.0489010419504077,2.1305499820847444,True
3.0,adam,2000,0.2315692007541656,1.0489010419504077,0.1214465879773336,False
3.0,adam,2000,3.4651060104370117,1.0489010419504077,1.8172766524080008,True
3.0,adam,2000,3.661195993423462,1.0489010419504077,1.9201161461432632,True
3.0,adam,2000,0.5279080867767334,1.0489010419504077,0.2768616711370809,False
3.0,adam,2000,0.7047733068466187,1.0489010419504077,0.3696187279451263,False
3.0,adam,2000,0.3514273464679718,1.0489010419504077,0.1843062549400612,False
3.0,adam,2000,3.9542038440704346,1.0489010419504077,2.0737842660648926,True
3.0,adam,2000,3.548072576522827,1.0489010419504077,1.86078851121523,True
3.0,adam,2000,0.2350721657276153,1.0489010419504077,0.1232837197826172,False
3.0,adam,2000,2.964484691619873,1.0489010419504077,1.5547255409430585,True
3.0,adam,2000,0.0829196721315383,1.0489010419504077,0.0434872652484783,False
3.0,adam,2000,1.3453041315078735,1.0489010419504077,0.7055454526393983,True
3.0,adam,2000,3.638690710067749,1.0489010419504077,1.9083132385626649,True
3.0,adam,2000,3.9217898845672607,1.0489010419504077,2.056784748116584,True
3.0,adam,2000,3.315606594085694,1.0489010419504077,1.738871605617063,True
3.0,adam,2000,3.194547176361084,1.0489010419504077,1.6753819309224365,True
3.0,adam,2000,0.2686940133571625,1.0489010419504077,0.1409167152880822,False
3.0,adam,2000,3.440589904785156,1.0489010419504077,1.8044191680266015,True
3.0,adam,2000,0.3308995068073272,1.0489010419504077,0.1735404187355407,False
3.0,adam,2000,0.4656997919082641,1.0489010419504077,0.244236498484333,False
3.0,adam,2000,3.6243104934692383,1.0489010419504077,1.90077152647584,True
3.0,adam,2000,3.3986685276031494,1.0489010419504077,1.7824334799235002,True
3.0,adam,2000,2.1962203979492188,1.0489010419504077,1.151808931880837,True
3.0,adam,2000,2.654144048690796,1.0489010419504077,1.3919672290791243,True
3.0,adam,2000,3.403358221054077,1.0489010419504077,1.784892992097053,True
3.0,adam,2000,3.313284397125244,1.0489010419504077,1.737653728211348,True
3.0,adam,2000,0.4254455864429474,1.0489010419504077,0.2231251594566048,False
3.0,adam,2000,3.3266420364379883,1.0489010419504077,1.7446591491079155,True
3.0,adam,2000,3.642031669616699,1.0489010419504077,1.9100654065386689,True
3.0,adam,2000,3.6904263496398926,1.0489010419504077,1.935446021689261,True
3.0,adam,2000,3.1093831062316895,1.0489010419504077,1.6307175899747068,True
3.0,adam,2000,2.699019432067871,1.0489010419504077,1.4155021472701934,True
3.0,adam,2000,0.3009726703166961,1.0489010419504077,0.1578452737468895,False
3.0,adam,2000,2.645179510116577,1.0489010419504077,1.387265772153573,True
3.0,adam,2000,3.7834994792938232,1.0489010419504077,1.9842582730250575,True
3.0,adam,2000,3.720309257507324,1.0489010419504077,1.9511181282885897,True
3.0,adam,2000,3.4845268726348877,1.0489010419504077,1.8274619337054645,True
3.0,adam,2000,3.316728353500366,1.0489010419504077,1.7394599129264967,True
3.0,adam,2000,3.0952951908111572,1.0489010419504077,1.623329175392954,True
3.0,adam,2000,0.4485663771629333,1.0489010419504077,0.23525087019506,False
3.0,adam,2000,0.1473053842782974,1.0489010419504077,0.0772543855272056,False
3.0,adam,2000,0.2040605545043945,1.0489010419504077,0.1070196641203186,False
3.0,adam,2000,3.5931804180145264,1.0489010419504077,1.8844453421856189,True
3.0,adam,2000,0.0607097744941711,1.0489010419504077,0.0318392728617551,False
3.0,adam,2000,0.2827345132827759,1.0489010419504077,0.1482802627888224,False
3.0,adam,2000,3.4908523559570312,1.0489010419504077,1.8307793367291825,True
3.0,adam,2000,3.3155603408813477,1.0489010419504077,1.738847348099947,True
3.0,adam,2000,3.731942176818848,1.0489010419504077,1.957219018881981,True
3.0,adam,2000,3.398571729660034,1.0489010419504077,1.7823827141918045,True
3.0,adam,2000,0.4076822996139526,1.0489010419504077,0.2138091944249065,False
3.0,adam,2000,3.0355710983276367,1.0489010419504077,1.5920068439752004,True
3.0,adam,2000,3.714422702789306,1.0489010419504077,1.948030921599976,True
3.0,adam,2000,3.9959030151367183,1.0489010419504077,2.095653418054839,True
3.0,adam,2000,2.6569862365722656,1.0489010419504077,1.3934578159942703,True
3.0,adam,2000,1.881158232688904,1.0489010419504077,0.9865744151704892,True
3.0,adam,2000,3.8339359760284424,1.0489010419504077,2.010709720013693,True
3.0,adam,2000,3.690054178237915,1.0489010419504077,1.9352508362036016,True
3.0,adam,2000,3.160961151123047,1.0489010419504077,1.6577677224888616,True
3.0,adam,2000,2.7113189697265625,1.0489010419504077,1.4219526462030485,True
3.0,adam,2000,0.3243849873542785,1.0489010419504077,0.1701238756144862,False
3.0,adam,2000,0.3164348304271698,1.0489010419504077,0.1659544116722294,False
3.0,adam,2000,3.275606632232666,1.0489010419504077,1.7178936047842543,True
3.0,adam,2000,0.1834314465522766,1.0489010419504077,0.0962007177075767,False
3.0,adam,2000,3.7131998538970943,1.0489010419504077,1.9473895978613815,True
3.0,adam,2000,3.2065563201904297,1.0489010419504077,1.681680132660203,True
3.0,adam,2000,2.250331163406372,1.0489010419504077,1.180187351015208,True
3.0,adam,2000,3.712437868118286,1.0489010419504077,1.94698997402271,True
3.0,adam,2000,3.930184125900269,1.0489010419504077,2.0611871123568717,True
3.0,adam,2000,0.3557427823543548,1.0489010419504077,0.1865694875389099,False
3.0,adam,2000,3.011908054351806,1.0489010419504077,1.579596748234217,True
3.0,adam,2000,2.6062846183776855,1.0489010419504077,1.3668673259178372,True
3.0,adam,2000,3.472119092941284,1.0489010419504077,1.8209546671810084,True
3.0,adam,2000,3.220534086227417,1.0489010419504077,1.6890107793403706,True
3.0,adam,2000,3.5528295040130615,1.0489010419504077,1.8632832843157248,True
3.0,adam,2000,3.794034004211426,1.0489010419504077,1.9897831101063208,True
3.0,adam,2000,3.528131008148194,1.0489010419504077,1.850330145292091,True
3.0,adam,2000,3.322145462036133,1.0489010419504077,1.742300918320259,True
3.0,adam,2000,1.7999082803726196,1.0489010419504077,0.9439628353490034,True
3.0,adam,2000,3.3552615642547607,1.0489010419504077,1.7596686753814863,True
3.0,adam,2000,0.6282181143760681,1.0489010419504077,0.329469317370589,False
3.0,adam,2000,2.88857102394104,1.0489010419504077,1.514912578379756,True
3.0,adam,2000,3.523231029510498,1.0489010419504077,1.847760348942784,True
3.0,adam,2000,3.375781536102295,1.0489010419504077,1.770430385307322,True
1.3,adam,2000,0.1637191474437713,0.0857831015762857,0.0070221681275759,False
1.3,adam,2000,3.9361572265625,0.0857831015762857,0.1688278875932211,False
1.3,adam,2000,5.385982990264893,0.0857831015762857,0.2310131629710203,False
1.3,adam,2000,3.4606149196624756,0.0857831015762857,0.148431140584908,False
1.3,adam,2000,0.6756086349487305,0.0857831015762857,0.0289779020788113,False
1.3,adam,2000,4.405828475952148,0.0857831015762857,0.1889728158401477,False
1.3,adam,2000,0.7371331453323364,0.0857831015762857,0.0316167837406454,False
1.3,adam,2000,5.4600830078125,0.0857831015762857,0.2341914276370658,False
1.3,adam,2000,0.6512607336044312,0.0857831015762857,0.0279335828317176,False
1.3,adam,2000,4.118483543395996,0.0857831015762857,0.1766481460717,False
1.3,adam,2000,5.126456260681152,0.0857831015762857,0.2198816590681987,False
1.3,adam,2000,0.4990554749965668,0.0857831015762857,0.021405263251916,False
1.3,adam,2000,5.01946496963501,0.0857831015762857,0.2152926366744041,False
1.3,adam,2000,0.585280179977417,0.0857831015762857,0.0251035745647947,False
1.3,adam,2000,0.4957201182842254,0.0857831015762857,0.021262204630092,False
1.3,adam,2000,3.1698403358459473,0.0857831015762857,0.1359593677552403,False
1.3,adam,2000,0.3276613056659698,0.0857831015762857,0.0140539015332811,False
1.3,adam,2000,0.8541456460952759,0.0857831015762857,0.0366356313599666,False
1.3,adam,2000,4.123405933380127,0.0857831015762857,0.1768592750117034,False
1.3,adam,2000,4.676105499267578,0.0857831015762857,0.2005654165125495,False
1.3,adam,2000,3.105721950531006,0.0857831015762857,0.1332092307750508,False
1.3,adam,2000,0.9771661758422852,0.0857831015762857,0.0419121726595947,False
1.3,adam,2000,2.485069751739502,0.0857831015762857,0.1065884954688124,False
1.3,adam,2000,3.22869610786438,0.0857831015762857,0.1384837830899443,False
1.3,adam,2000,3.5849363803863525,0.0857831015762857,0.1537634808316023,False
1.3,adam,2000,1.7464511394500732,0.0857831015762857,0.0749079977467328,False
1.3,adam,2000,0.3551420867443084,0.0857831015762857,0.0152325948506005,False
1.3,adam,2000,3.16447377204895,0.0857831015762857,0.1357291875115836,False
1.3,adam,2000,3.468597888946533,0.0857831015762857,0.1487735425173954,False
1.3,adam,2000,0.3514174520969391,0.0857831015762857,0.0150728394944556,False
1.3,adam,2000,3.996425867080689,0.0857831015762857,0.1714129030489393,False
1.3,adam,2000,5.328344345092773,0.0857831015762857,0.2285409520942606,False
1.3,adam,2000,3.677956342697144,0.0857831015762857,0.1577532512693668,False
1.3,adam,2000,4.255018711090088,0.0857831015762857,0.1825043511512187,False
1.3,adam,2000,3.754448890686035,0.0857831015762857,0.1610341352763468,False
1.3,adam,2000,2.5608391761779785,0.0857831015762857,0.1098383635853037,False
1.3,adam,2000,5.134210586547852,0.0857831015762857,0.220214254129938,False
1.3,adam,2000,0.3169082701206207,0.0857831015762857,0.0135926871630611,False
1.3,adam,2000,5.991888523101807,0.0857831015762857,0.2570013909055116,False
1.3,adam,2000,5.088850975036621,0.0857831015762857,0.2182687100490736,False
1.3,adam,2000,4.60363245010376,0.0857831015762857,0.197456935043568,False
1.3,adam,2000,2.8791213035583496,0.0857831015762857,0.1234899776167971,False
1.3,adam,2000,4.712850093841553,0.0857831015762857,0.2021414491569089,False
1.3,adam,2000,2.7745161056518555,0.0857831015762857,0.1190032984580869,False
1.3,adam,2000,5.758046627044678,0.0857831015762857,0.2469715493443816,False
1.3,adam,2000,2.6864681243896484,0.0857831015762857,0.1152267839979855,False
1.3,adam,2000,0.5616170763969421,0.0857831015762857,0.0240886273557677,False
1.3,adam,2000,3.4906868934631348,0.0857831015762857,0.1497209741764787,False
1.3,adam,2000,0.6999469995498657,0.0857831015762857,0.0300218122802012,False
1.3,adam,2000,2.6749236583709717,0.0857831015762857,0.1147316239474235,False
1.3,adam,2000,1.0183364152908323,0.0857831015762857,0.043678028075862,False
1.3,adam,2000,4.511268138885498,0.0857831015762857,0.1934952864979381,False
1.3,adam,2000,4.119558334350586,0.0857831015762857,0.1766942455225154,False
1.3,adam,2000,4.018772602081299,0.0857831015762857,0.1723713891681671,False
1.3,adam,2000,1.4461734294891355,0.0857831015762857,0.062028621099396,False
1.3,adam,2000,0.107500746846199,0.0857831015762857,0.004610873743117,False
1.3,adam,2000,3.427875518798828,0.0857831015762857,0.1470268969099915,False
1.3,adam,2000,0.7283892035484314,0.0857831015762857,0.0312417425175324,False
1.3,adam,2000,1.6177858114242554,0.0857831015762857,0.0693893422950404,False
1.3,adam,2000,0.1651574671268463,0.0857831015762857,0.0070838598893121,False
1.3,adam,2000,4.116603851318359,0.0857831015762857,0.176567523163486,False
1.3,adam,2000,5.1576151847839355,0.0857831015762857,0.2212181136438571,False
1.3,adam,2000,4.099820137023926,0.0857831015762857,0.1758476436294126,False
1.3,adam,2000,5.237949371337891,0.0857831015762857,0.2246637714864602,False
1.3,adam,2000,2.9778056144714355,0.0857831015762857,0.1277227007503186,False
1.3,adam,2000,0.2367566078901291,0.0857831015762857,0.0101548580717479,False
1.3,adam,2000,0.1924920678138733,0.0857831015762857,0.0082562833029533,False
1.3,adam,2000,5.294900894165039,0.0857831015762857,0.2271065106202629,False
1.3,adam,2000,0.6878201961517334,0.0857831015762857,0.0295016748763524,False
1.3,adam,2000,4.1030049324035645,0.0857831015762857,0.1759842444421882,False
1.3,adam,2000,0.8265682458877563,0.0857831015762857,0.0354527938983608,False
1.3,adam,2000,5.769857883453369,0.0857831015762857,0.2474781524485068,False
1.3,adam,2000,3.563300848007202,0.0857831015762857,0.1528354992957335,False
1.3,adam,2000,3.8334884643554688,0.0857831015762857,0.1644242651646624,False
1.3,adam,2000,0.3346596658229828,0.0857831015762857,0.0143540720533893,False
1.3,adam,2000,5.224520683288574,0.0857831015762857,0.2240877942309748,False
1.3,adam,2000,4.6055498123168945,0.0857831015762857,0.197539173682312,False
1.3,adam,2000,5.577319622039795,0.0857831015762857,0.2392198878304257,False
1.3,adam,2000,3.1692538261413574,0.0857831015762857,0.1359342114444582,False
1.3,adam,2000,0.2582497894763946,0.0857831015762857,0.0110767339613539,False
1.3,adam,2000,0.4914469420909881,0.0857831015762857,0.0210789214763731,False
1.3,adam,2000,2.6498255729675293,0.0857831015762857,0.1136551281426566,False
1.3,adam,2000,1.1466493606567385,0.0857831015762857,0.0491815692888,False
1.3,adam,2000,3.886425256729126,0.0857831015762857,0.1666948062833185,False
1.3,adam,2000,4.9853515625,0.0857831015762857,0.2138294597397162,False
1.3,adam,2000,4.6125030517578125,0.0857831015762857,0.1978374089049342,False
1.3,adam,2000,0.5619500875473022,0.0857831015762857,0.0241029107204364,False
1.3,adam,2000,3.6981029510498047,0.0857831015762857,0.1586173705447337,False
1.3,adam,2000,4.770239353179932,0.0857831015762857,0.2046029634885149,False
1.3,adam,2000,5.3853936195373535,0.0857831015762857,0.230987883946527,False
1.3,adam,2000,5.600954055786133,0.0857831015762857,0.2402336053458058,False
1.3,adam,2000,4.368477821350098,0.0857831015762857,0.1873707883413135,False
1.3,adam,2000,0.6850809454917908,0.0857831015762857,0.02938418416755,False
1.3,adam,2000,4.2161641120910645,0.0857831015762857,0.1808378171448992,False
1.3,adam,2000,3.3870084285736084,0.0857831015762857,0.1452740440340329,False
1.3,adam,2000,5.380850791931152,0.0857831015762857,0.2307930350255339,False
1.3,adam,2000,5.037208557128906,0.0857831015762857,0.2160536866585624,False
1.3,adam,2000,2.999221086502075,0.0857831015762857,0.1286412435565728,False
1.3,adam,2000,1.688067078590393,0.0857831015762857,0.0724038148351518,False
1.3,adam,2000,0.2043384313583374,0.0857831015762857,0.0087643922065755,False
1.3,adam,2000,4.285480976104736,0.0857831015762857,0.1838109249382164,False
1.3,adam,2000,1.6860237121582031,0.0857831015762857,0.0723161716800467,False
1.3,adam,2000,3.1460556983947754,0.0857831015762857,0.1349392077700258,False
1.3,adam,2000,0.2236586809158325,0.0857831015762857,0.0095930676717104,False
1.3,adam,2000,4.030365467071533,0.0857831015762857,0.1728686251256758,False
1.3,adam,2000,3.757131338119507,0.0857831015762857,0.161149189606676,False
1.3,adam,2000,5.117865085601807,0.0857831015762857,0.2195131702459531,False
1.3,adam,2000,3.129678249359131,0.0857831015762857,0.1342367535829332,False
1.3,adam,2000,4.539523124694824,0.0857831015762857,0.1947071866567971,False
1.3,adam,2000,4.37950325012207,0.0857831015762857,0.1878436860794476,False
1.3,adam,2000,4.747137069702148,0.0857831015762857,0.2036120707234054,False
1.3,adam,2000,3.144810438156128,0.0857831015762857,0.1348857966272554,False
1.3,adam,2000,2.9853014945983887,0.0857831015762857,0.1280442106734856,False
1.3,adam,2000,4.500885009765625,0.0857831015762857,0.1930499379879532,False
1.3,adam,2000,4.1721510887146,0.0857831015762857,0.1789500303174079,False
1.3,adam,2000,4.82742166519165,0.0857831015762857,0.2070556015283489,False
1.3,adam,2000,6.403797149658203,0.0857831015762857,0.2746687906815294,False
1.3,adam,2000,0.286804586648941,0.0857831015762857,0.0123014934945253,False
1.3,adam,2000,5.291589260101318,0.0857831015762857,0.2269644694996271,False
1.3,adam,2000,4.187794208526611,0.0857831015762857,0.1796209879853098,False
1.3,adam,2000,0.6404409408569336,0.0857831015762857,0.0274695051415711,False
1.3,adam,2000,0.7284201383590698,0.0857831015762857,0.0312430693595341,False
1.3,adam,2000,2.3269472122192383,0.0857831015762857,0.0998063745342289,False
1.3,adam,2000,5.038852691650391,0.0857831015762857,0.2161242061378932,False
1.3,adam,2000,5.012995719909668,0.0857831015762857,0.2150151605212484,False
1.3,adam,2000,0.3062382936477661,0.0857831015762857,0.0131350353252673,False
1.3,adam,2000,3.59688949584961,0.0857831015762857,0.1542761684905711,False
1.3,adam,2000,4.897928237915039,0.0857831015762857,0.2100797377732121,False
1.3,adam,2000,0.8072677850723267,0.0857831015762857,0.0346249672030613,False
1.3,adam,2000,4.588379383087158,0.0857831015762857,0.1968027073449505,False
1.3,adam,2000,5.0134358406066895,0.0857831015762857,0.2150340379804776,False
1.3,adam,2000,4.184962272644043,0.0857831015762857,0.1794995218635738,False
1.3,adam,2000,3.606228828430176,0.0857831015762857,0.1546767469482779,False
1.3,adam,2000,0.3507521450519562,0.0857831015762857,0.015044303443546,False
1.3,adam,2000,4.854466438293457,0.0857831015762857,0.2082155937873989,False
1.3,adam,2000,1.1466354131698608,0.0857831015762857,0.0491809710594582,False
1.3,adam,2000,0.4808602333068847,0.0857831015762857,0.0206248411188804,False
1.3,adam,2000,4.027364253997803,0.0857831015762857,0.1727398984426979,False
1.3,adam,2000,3.6695010662078857,0.0857831015762857,0.1573905913484,False
1.3,adam,2000,1.876391649246216,0.0857831015762857,0.0804813477220912,False
1.3,adam,2000,2.259320020675659,0.0857831015762857,0.096905739413478,False
1.3,adam,2000,4.26687479019165,0.0857831015762857,0.1830128767701516,False
1.3,adam,2000,3.713858127593994,0.0857831015762857,0.159293134499655,False
1.3,adam,2000,0.5025411248207092,0.0857831015762857,0.0215547681783779,False
1.3,adam,2000,3.290102005004883,0.0857831015762857,0.1411175772458376,False
1.3,adam,2000,4.324887275695801,0.0857831015762857,0.1855011222384993,False
1.3,adam,2000,4.369379997253418,0.0857831015762857,0.1874094840648906,False
1.3,adam,2000,5.2230658531188965,0.0857831015762857,0.224025394308864,False
1.3,adam,2000,2.136563301086426,0.0857831015762857,0.0916405133406306,False
1.3,adam,2000,0.3123292922973633,0.0857831015762857,0.013396287703197,False
1.3,adam,2000,6.061656951904297,0.0857831015762857,0.2599938670129025,False
1.3,adam,2000,5.823573589324951,0.0857831015762857,0.2497821023750187,False
1.3,adam,2000,5.020740509033203,0.0857831015762857,0.215347346537284,False
1.3,adam,2000,3.9763379096984863,0.0857831015762857,0.1705512994046505,False
1.3,adam,2000,3.2491183280944824,0.0857831015762857,0.1393597237861503,False
1.3,adam,2000,3.463294982910156,0.0857831015762857,0.1485460926538113,False
1.3,adam,2000,1.2082221508026123,0.0857831015762857,0.0518225217445094,False
1.3,adam,2000,0.2286659479141235,0.0857831015762857,0.0098078371184774,False
1.3,adam,2000,0.212410494685173,0.0857831015762857,0.0091106155207236,False
1.3,adam,2000,5.124361038208008,0.0857831015762857,0.2197917917270793,False
1.3,adam,2000,0.0990934148430824,0.0857831015762857,0.0042502702355125,False
1.3,adam,2000,0.3577731549739837,0.0857831015762857,0.0153454454472007,False
1.3,adam,2000,3.8848724365234375,0.0857831015762857,0.1666282034166014,False
1.3,adam,2000,3.560044288635254,0.0857831015762857,0.152695820414037,False
1.3,adam,2000,4.550278663635254,0.0857831015762857,0.1951685084015144,False
1.3,adam,2000,3.4630327224731445,0.0857831015762857,0.1485348438969576,False
1.3,adam,2000,2.110879182815552,0.0857831015762857,0.0905388816773668,False
1.3,adam,2000,2.856908082962036,0.0857831015762857,0.1225372181374221,False
1.3,adam,2000,4.389213562011719,0.0857831015762857,0.1882601764150311,False
1.3,adam,2000,5.7759599685668945,0.0857831015762857,0.2477398803420671,False
1.3,adam,2000,2.3651046752929688,0.0857831015762857,0.1014430072996025,False
1.3,adam,2000,1.1140722036361694,0.0857831015762857,0.047784284503919,False
1.3,adam,2000,6.684280872344971,0.0857831015762857,0.2866991725183963,False
1.3,adam,2000,4.9295477867126465,0.0857831015762857,0.2114359492563628,False
1.3,adam,2000,2.82129430770874,0.0857831015762857,0.1210096880873878,False
1.3,adam,2000,2.2077994346618652,0.0857831015762857,0.0946959415818325,False
1.3,adam,2000,0.4248265326023102,0.0857831015762857,0.0182214687992626,False
1.3,adam,2000,0.5468032956123352,0.0857831015762857,0.0234532413248803,False
1.3,adam,2000,4.151520729064941,0.0857831015762857,0.1780651621987169,False
1.3,adam,2000,0.3084820210933685,0.0857831015762857,0.0132312722749551,False
1.3,adam,2000,5.803401947021484,0.0857831015762857,0.2489169093546793,False
1.3,adam,2000,3.901196241378784,0.0857831015762857,0.1673283567216102,False
1.3,adam,2000,2.256131649017334,0.0857831015762857,0.0967689852085635,False
1.3,adam,2000,4.412378787994385,0.0857831015762857,0.1892537688817855,False
1.3,adam,2000,5.388726234436035,0.0857831015762857,0.2311308249677111,False
1.3,adam,2000,0.3733431398868561,0.0857831015762857,0.0160132662458618,False
1.3,adam,2000,2.7880401611328125,0.0857831015762857,0.1195833661706101,False
1.3,adam,2000,2.1588058471679688,0.0857831015762857,0.0925945306355447,False
1.3,adam,2000,4.520134449005127,0.0857831015762857,0.1938755762887376,False
1.3,adam,2000,3.5342016220092773,0.0857831015762857,0.1515873883659478,False
1.3,adam,2000,5.057163715362549,0.0857831015762857,0.2169095943414261,False
1.3,adam,2000,5.278270721435547,0.0857831015762857,0.2263932167220203,False
1.3,adam,2000,3.545865774154663,0.0857831015762857,0.1520876819400923,False
1.3,adam,2000,3.92093825340271,0.0857831015762857,0.1681751222329945,False
1.3,adam,2000,5.401946544647217,0.0857831015762857,0.231697864574569,False
1.3,adam,2000,3.985745668411255,0.0857831015762857,0.1709548127652818,False
1.3,adam,2000,0.6375131607055664,0.0857831015762857,0.0273439281105122,False
1.3,adam,2000,1.6580350399017334,0.0857831015762857,0.0711156941224657,False
1.3,adam,2000,4.124321460723877,0.0857831015762857,0.1768985433992658,False
1.3,adam,2000,3.630420684814453,0.0857831015762857,0.1557143731850435,False
1.35,adam,2000,0.2176386266946792,0.1067705918459203,0.0116187024903621,False
1.35,adam,2000,4.108510971069336,0.1067705918459203,0.2193340739932648,False
1.35,adam,2000,5.447360038757324,0.1067705918459203,0.2908089276679674,False
1.35,adam,2000,3.648409128189087,0.1067705918459203,0.1947714009564034,False
1.35,adam,2000,0.673122227191925,0.1067705918459203,0.0359348292909629,False
1.35,adam,2000,4.531936168670654,0.1067705918459203,0.2419387534684491,False
1.35,adam,2000,0.7401086688041687,0.1067705918459203,0.0395109202992586,False
1.35,adam,2000,5.490110397338867,0.1067705918459203,0.2930911682116557,False
1.35,adam,2000,0.6476973295211792,0.1067705918459203,0.0345775136049991,False
1.35,adam,2000,4.285727500915527,0.1067705918459203,0.2287948308815439,False
1.35,adam,2000,5.222546100616455,0.1067705918459203,0.2788071690527111,False
1.35,adam,2000,0.4960875511169433,0.1067705918459203,0.0264837807200746,False
1.35,adam,2000,5.117188930511475,0.1067705918459203,0.273182645349051,False
1.35,adam,2000,0.5717988610267639,0.1067705918459203,0.0305256514043253,False
1.35,adam,2000,0.4873687326908111,0.1067705918459203,0.026018324018297,False
1.35,adam,2000,3.2707812786102295,0.1067705918459203,0.174611626457885,False
1.35,adam,2000,0.3298337757587433,0.1067705918459203,0.0176082737242677,False
1.35,adam,2000,0.8492892980575562,0.1067705918459203,0.0453395605010057,False
1.35,adam,2000,4.288245677947998,0.1067705918459203,0.2289292645076087,False
1.35,adam,2000,4.8004302978515625,0.1067705918459203,0.2562723920083494,False
1.35,adam,2000,3.27273941040039,0.1067705918459203,0.1747161619029589,False
1.35,adam,2000,0.9705258011817932,0.1067705918459203,0.051811807096958,False
1.35,adam,2000,2.640819311141968,0.1067705918459203,0.1409809204043817,False
1.35,adam,2000,3.3725478649139404,0.1067705918459203,0.1800444657827781,False
1.35,adam,2000,3.658105611801147,0.1067705918459203,0.1952890506034454,False
1.35,adam,2000,1.8196476697921753,0.1067705918459203,0.0971424293273801,False
1.35,adam,2000,0.3665977120399475,0.1067705918459203,0.0195709273419327,False
1.35,adam,2000,3.314045667648315,0.1067705918459203,0.1769213086696093,False
1.35,adam,2000,3.641380071640014,0.1067705918459203,0.1943961526924719,False
1.35,adam,2000,0.3497087955474853,0.1067705918459203,0.0186693075371644,False
1.35,adam,2000,4.177409648895264,0.1067705918459203,0.2230122502977027,False
1.35,adam,2000,5.405726432800293,0.1067705918459203,0.2885863052936114,False
1.35,adam,2000,3.863824844360352,0.1067705918459203,0.2062714327106628,False
1.35,adam,2000,4.369881629943848,0.1067705918459203,0.2332874239628597,False
1.35,adam,2000,3.913496732711792,0.1067705918459203,0.2089231811693567,False
1.35,adam,2000,2.7205846309661865,0.1067705918459203,0.1452392156075872,False
1.35,adam,2000,5.200570106506348,0.1067705918459203,0.2776339741039417,False
1.35,adam,2000,0.3108535706996918,0.1067705918459203,0.0165950098605118,False
1.35,adam,2000,6.01972770690918,0.1067705918459203,0.3213649450089889,False
1.35,adam,2000,5.227192401885986,0.1067705918459203,0.2790552132209322,False
1.35,adam,2000,4.710793495178223,0.1067705918459203,0.2514871047720451,False
1.35,adam,2000,3.0499579906463623,0.1067705918459203,0.162822909883253,False
1.35,adam,2000,4.875241279602051,0.1067705918459203,0.2602661984073864,False
1.35,adam,2000,2.9159891605377197,0.1067705918459203,0.1556709442434503,False
1.35,adam,2000,6.001514911651611,0.1067705918459203,0.3203926495445793,False
1.35,adam,2000,2.841357707977295,0.1067705918459203,0.1516867220633516,False
1.35,adam,2000,0.5573496222496033,0.1067705918459203,0.0297542745163451,False
1.35,adam,2000,3.6776413917541504,0.1067705918459203,0.1963319739973223,False
1.35,adam,2000,0.6766067147254944,0.1067705918459203,0.0361208496890824,False
1.35,adam,2000,2.8383917808532715,0.1067705918459203,0.1515283851661497,False
1.35,adam,2000,1.0117226839065552,0.1067705918459203,0.0540111148723229,False
1.35,adam,2000,4.63844633102417,0.1067705918459203,0.2476248300044941,False
1.35,adam,2000,4.156631946563721,0.1067705918459203,0.2219030265101341,False
1.35,adam,2000,4.174362659454346,0.1067705918459203,0.2228495858647251,False
1.35,adam,2000,1.339887619018555,0.1067705918459203,0.071530297044816,False
1.35,adam,2000,0.1057333350181579,0.1067705918459203,0.0056446053788658,False
1.35,adam,2000,3.622074604034424,0.1067705918459203,0.1933655245914164,False
1.35,adam,2000,0.7287788391113281,0.1067705918459203,0.0389060739883496,False
1.35,adam,2000,1.6331392526626587,0.1067705918459203,0.087185622286798,False
1.35,adam,2000,0.1628875583410263,0.1067705918459203,0.0086958005042041,False
1.35,adam,2000,4.288671493530273,0.1067705918459203,0.2289519967984771,False
1.35,adam,2000,5.255675792694092,0.1067705918459203,0.2805758074681123,False
1.35,adam,2000,4.243100166320801,0.1067705918459203,0.2265191580097973,False
1.35,adam,2000,5.326000690460205,0.1067705918459203,0.2843301229461081,False
1.35,adam,2000,3.130072832107544,0.1067705918459203,0.1670998644024792,False
1.35,adam,2000,0.2304247170686721,0.1067705918459203,0.0123012917086754,False
1.35,adam,2000,0.1903295218944549,0.1067705918459203,0.0101607978492109,False
1.35,adam,2000,5.393600940704346,0.1067705918459203,0.2879389823098577,False
1.35,adam,2000,0.6837703585624695,0.1067705918459203,0.036503282935206,False
1.35,adam,2000,4.267604351043701,0.1067705918459203,0.2278273211625803,False
1.35,adam,2000,0.8249582052230835,0.1067705918459203,0.0440406379099084,False
1.35,adam,2000,5.778110504150391,0.1067705918459203,0.308466139139633,False
1.35,adam,2000,3.583415269851685,0.1067705918459203,0.1913016845958863,False
1.35,adam,2000,3.976876735687256,0.1067705918459203,0.2123067413837999,False
1.35,adam,2000,0.3340384066104889,0.1067705918459203,0.017832739186535,False
1.35,adam,2000,5.296276569366455,0.1067705918459203,0.2827432919454684,False
1.35,adam,2000,4.7405104637146,0.1067705918459203,0.2530735539312929,False
1.35,adam,2000,5.615572452545166,0.1067705918459203,0.2997889971559468,False
1.35,adam,2000,3.3350982666015625,0.1067705918459203,0.1780452078946758,False
1.35,adam,2000,0.2586182951927185,0.1067705918459203,0.0138064142199547,False
1.35,adam,2000,0.4889135956764221,0.1067705918459203,0.0261007969859442,False
1.35,adam,2000,2.811627149581909,0.1067705918459203,0.1500995474054591,False
1.35,adam,2000,1.1398688554763794,0.1067705918459203,0.0608522361629724,False
1.35,adam,2000,4.046970844268799,0.1067705918459203,0.2160487361128817,False
1.35,adam,2000,5.094371318817139,0.1067705918459203,0.2719645203964937,False
1.35,adam,2000,4.768971920013428,0.1067705918459203,0.2545929771982043,False
1.35,adam,2000,0.5648327469825745,0.1067705918459203,0.0301537633446432,False
1.35,adam,2000,3.89313292503357,0.1067705918459203,0.2078360532703365,False
1.35,adam,2000,4.873244285583496,0.1067705918459203,0.2601595882907495,False
1.35,adam,2000,5.451544284820557,0.1067705918459203,0.2910323048822675,False
1.35,adam,2000,5.659182071685791,0.1067705918459203,0.3021171095788566,False
1.35,adam,2000,4.509008884429932,0.1067705918459203,0.2407147736145483,False
1.35,adam,2000,0.6774367094039917,0.1067705918459203,0.0361651592006084,False
1.35,adam,2000,4.371545314788818,0.1067705918459203,0.233376240270631,False
1.35,adam,2000,3.572035312652588,0.1067705918459203,0.1906941622132218,False
1.35,adam,2000,5.421359539031982,0.1067705918459203,0.2894208832959852,False
1.35,adam,2000,5.172196388244629,0.1067705918459203,0.2761192347581052,False
1.35,adam,2000,3.1761293411254883,0.1067705918459203,0.1695586047655806,False
1.35,adam,2000,0.4792872071266174,0.1067705918459203,0.0255868893845435,False
1.35,adam,2000,0.2044194638729095,0.1067705918459203,0.0109129935712681,False
1.35,adam,2000,4.4518256187438965,0.1067705918459203,0.2376620280540581,False
1.35,adam,2000,1.7107555866241455,0.1067705918459203,0.0913291932437873,False
1.35,adam,2000,3.3299899101257324,0.1067705918459203,0.1777724967725337,False
1.35,adam,2000,0.2218108773231506,0.1067705918459203,0.0118414393248278,False
1.35,adam,2000,4.160965919494629,0.1067705918459203,0.2221343969375727,False
1.35,adam,2000,3.923732280731201,0.1067705918459203,0.2094696089293065,False
1.35,adam,2000,5.219374656677246,0.1067705918459203,0.2786378605795133,False
1.35,adam,2000,3.2798962593078613,0.1067705918459203,0.1750982323997602,False
1.35,adam,2000,4.674339294433594,0.1067705918459203,0.2495409864776581,False
1.35,adam,2000,4.4996867179870605,0.1067705918459203,0.2402171070003525,False
1.35,adam,2000,4.882541656494141,0.1067705918459203,0.2606559311881197,False
1.35,adam,2000,3.315944194793701,0.1067705918459203,0.1770226621030835,False
1.35,adam,2000,3.163753032684326,0.1067705918459203,0.1688978918770153,False
1.35,adam,2000,4.672039985656738,0.1067705918459203,0.2494182371981874,False
1.35,adam,2000,4.340202331542969,0.1067705918459203,0.231702985834943,False
1.35,adam,2000,5.113559722900391,0.1067705918459203,0.2729888990267675,False
1.35,adam,2000,6.448378562927246,0.1067705918459203,0.3442485978051435,True
1.35,adam,2000,0.2844753563404083,0.1067705918459203,0.0151868010810222,False
1.35,adam,2000,5.344409465789795,0.1067705918459203,0.2853128808646575,False
1.35,adam,2000,4.367585182189941,0.1067705918459203,0.2331648274199458,False
1.35,adam,2000,0.6383236050605774,0.1067705918459203,0.0340770945507696,False
1.35,adam,2000,0.7270286083221436,0.1067705918459203,0.0388126373997355,False
1.35,adam,2000,2.314868450164795,0.1067705918459203,0.1235799372347717,False
1.35,adam,2000,5.160630702972412,0.1067705918459203,0.2755017972272961,False
1.35,adam,2000,5.128872394561768,0.1067705918459203,0.2738063705347812,False
1.35,adam,2000,0.303288847208023,0.1067705918459203,0.0161911648583337,False
1.35,adam,2000,3.745506048202514,0.1067705918459203,0.1999549487645282,False
1.35,adam,2000,5.013978958129883,0.1067705918459203,0.2676727504312592,False
1.35,adam,2000,0.7866171598434448,0.1067705918459203,0.0419937898563207,False
1.35,adam,2000,4.748719215393066,0.1067705918459203,0.253511780568806,False
1.35,adam,2000,5.1429853439331055,0.1067705918459203,0.2745597945133158,False
1.35,adam,2000,4.3258867263793945,0.1067705918459203,0.2309387430169693,False
1.35,adam,2000,3.753585577011109,0.1067705918459203,0.2003862768008932,False
1.35,adam,2000,0.3464100360870361,0.1067705918459203,0.0184932022871897,False
1.35,adam,2000,4.940389156341553,0.1067705918459203,0.2637441370858772,False
1.35,adam,2000,1.1313438415527344,0.1067705918459203,0.0603971257719112,False
1.35,adam,2000,0.4802936613559723,0.1067705918459203,0.0256406192414105,False
1.35,adam,2000,4.192244529724121,0.1067705918459203,0.2238042148007331,False
1.35,adam,2000,3.8601224422454834,0.1067705918459203,0.2060737788781348,False
1.35,adam,2000,1.9790197610855105,0.1067705918459203,0.1056505555829358,False
1.35,adam,2000,2.3928918838500977,0.1067705918459203,0.127745241330987,False
1.35,adam,2000,4.4232563972473145,0.1067705918459203,0.2361368517101744,False
1.35,adam,2000,3.8891100883483887,0.1067705918459203,0.2076212929434484,False
1.35,adam,2000,0.4993243217468261,0.1067705918459203,0.0266565766779856,False
1.35,adam,2000,3.4847617149353027,0.1067705918459203,0.1860350353728232,False
1.35,adam,2000,4.479744911193848,0.1067705918459203,0.2391525077434584,False
1.35,adam,2000,4.517607688903809,0.1067705918459203,0.2411738233359699,False
1.35,adam,2000,5.340074062347412,0.1067705918459203,0.2850814340689405,False
1.35,adam,2000,2.2740797996520996,0.1067705918459203,0.1214024230568532,False
1.35,adam,2000,0.3122968375682831,0.1067705918459203,0.0166720590893874,False
1.35,adam,2000,6.092428207397461,0.1067705918459203,0.3252460827413031,False
1.35,adam,2000,5.872043132781982,0.1067705918459203,0.3134807603159521,False
1.35,adam,2000,5.129652500152588,0.1067705918459203,0.2738480167025983,False
1.35,adam,2000,4.140951156616211,0.1067705918459203,0.2210659028984805,False
1.35,adam,2000,3.44051194190979,0.1067705918459203,0.1836727481453324,False
1.35,adam,2000,3.6335408687591553,0.1067705918459203,0.1939776545268772,False
1.35,adam,2000,1.1077874898910522,0.1067705918459203,0.059139562967587,False
1.35,adam,2000,0.2233944833278656,0.1067705918459203,0.0119259806000148,False
1.35,adam,2000,0.2134180516004562,0.1067705918459203,0.0113933858399919,False
1.35,adam,2000,5.214319705963135,0.1067705918459203,0.2783680005397645,False
1.35,adam,2000,0.0972388610243797,0.1067705918459203,0.0051911253709981,False
1.35,adam,2000,0.3546522259712219,0.1067705918459203,0.0189332140332102,False
1.35,adam,2000,4.0680437088012695,0.1067705918459203,0.2171737172218921,False
1.35,adam,2000,3.777686834335327,0.1067705918459203,0.2016729295552619,False
1.35,adam,2000,4.633865833282471,0.1067705918459203,0.247380298777079,False
1.35,adam,2000,3.638127088546753,0.1067705918459203,0.1942224912274058,False
1.35,adam,2000,2.1566591262817383,0.1067705918459203,0.1151338856615032,False
1.35,adam,2000,3.0097742080688477,0.1067705918459203,0.1606776867590484,False
1.35,adam,2000,4.551700115203857,0.1067705918459203,0.2429938576027297,False
1.35,adam,2000,5.7983856201171875,0.1067705918459203,0.3095485322053928,False
1.35,adam,2000,2.5037522315979004,0.1067705918459203,0.1336635538016257,False
1.35,adam,2000,1.149145245552063,0.1067705918459203,0.0613474589922595,False
1.35,adam,2000,6.777806758880615,0.1067705918459203,0.361835219531481,False
1.35,adam,2000,5.023049354553223,0.1067705918459203,0.2681569762284578,False
1.35,adam,2000,2.987016439437866,0.1067705918459203,0.1594627565461372,False
1.35,adam,2000,2.3506765365600586,0.1067705918459203,0.1254915625234177,False
1.35,adam,2000,0.4206686615943908,0.1067705918459203,0.0224575209847321,False
1.35,adam,2000,0.5359070301055908,0.1067705918459203,0.0286095553893816,False
1.35,adam,2000,4.294930458068848,0.1067705918459203,0.2292861334725402,False
1.35,adam,2000,0.3000992238521576,0.1067705918459203,0.016020885871598,False
1.35,adam,2000,5.868222236633301,0.1067705918459203,0.3132767806443639,True
1.35,adam,2000,4.053572654724121,0.1067705918459203,0.2164011757176663,False
1.35,adam,2000,2.374328136444092,0.1067705918459203,0.1267542101822783,False
1.35,adam,2000,4.558741569519043,0.1067705918459203,0.2433697677250739,False
1.35,adam,2000,5.451374053955078,0.1067705918459203,0.2910232170571388,False
1.35,adam,2000,0.3726406097412109,0.1067705918459203,0.0198935292239468,False
1.35,adam,2000,2.956451892852783,0.1067705918459203,0.1578310591819415,False
1.35,adam,2000,2.2869322299957275,0.1067705918459203,0.122088553854077,False
1.35,adam,2000,4.6638360023498535,0.1067705918459203,0.2489802651216024,False
1.35,adam,2000,3.699508666992187,0.1067705918459203,0.1974993649569337,False
1.35,adam,2000,5.106139183044434,0.1067705918459203,0.2725927513106491,False
1.35,adam,2000,5.339001655578613,0.1067705918459203,0.2850241833162384,False
1.35,adam,2000,3.7353615760803223,0.1067705918459203,0.1994133831183028,False
1.35,adam,2000,4.095051288604736,0.1067705918459203,0.2186155248618631,False
1.35,adam,2000,5.420973777770996,0.1067705918459203,0.2894002893169118,False
1.35,adam,2000,4.14089298248291,0.1067705918459203,0.2210627972551592,False
1.35,adam,2000,0.6370651721954346,0.1067705918459203,0.0340099127398648,False
1.35,adam,2000,1.871997117996216,0.1067705918459203,0.0999371201111565,False
1.35,adam,2000,4.287759780883789,0.1067705918459203,0.2289033247490478,False
1.35,adam,2000,3.807214736938477,0.1067705918459203,0.2032492853737154,False
1.4,adam,2000,0.2504912614822387,0.1286030010801844,0.0161069639854885,False
1.4,adam,2000,4.237933158874512,0.1286030010801844,0.2725054613042441,False
1.4,adam,2000,5.470949649810791,0.1286030010801844,0.3517902718621258,True
1.4,adam,2000,3.80136775970459,0.1286030010801844,0.2444336510537337,False
1.4,adam,2000,0.6707332730293274,0.1286030010801844,0.0431291559179531,False
1.4,adam,2000,4.613890171051025,0.1286030010801844,0.2966800613257636,False
1.4,adam,2000,0.7428405284881592,0.1286030010801844,0.0477657606437837,False
1.4,adam,2000,5.48913049697876,0.1286030010801844,0.3529593276161163,False
1.4,adam,2000,0.6442149877548218,0.1286030010801844,0.0414239903830521,False
1.4,adam,2000,4.4079203605651855,0.1286030010801844,0.2834358934455657,False
1.4,adam,2000,5.274521350860596,0.1286030010801844,0.3391596374910904,False
1.4,adam,2000,0.4930746257305145,0.1286030010801844,0.0317054383127164,False
1.4,adam,2000,5.1728515625,0.1286030010801844,0.3326221175399105,False
1.4,adam,2000,0.5586068034172058,0.1286030010801844,0.0359192556716306,False
1.4,adam,2000,0.4789048433303833,0.1286030010801844,0.0307943000420614,False
1.4,adam,2000,3.3387210369110107,0.1286030010801844,0.2146847725581505,False
1.4,adam,2000,0.3323372602462768,0.1286030010801844,0.0213697845192187,False
1.4,adam,2000,0.8444998264312744,0.1286030010801844,0.0543026060453783,False
1.4,adam,2000,4.4093194007873535,0.1286030010801844,0.2835258538311671,False
1.4,adam,2000,4.879417419433594,0.1286030010801844,0.3137538618310445,False
1.4,adam,2000,3.41030216217041,0.1286030010801844,0.2192875463226782,False
1.4,adam,2000,0.9640609622001648,0.1286030010801844,0.0619905664815957,False
1.4,adam,2000,2.778041362762451,0.1286030010801844,0.1786322281880682,False
1.4,adam,2000,3.4986677169799805,0.1286030010801844,0.2249695840929913,False
1.4,adam,2000,3.6962227821350098,0.1286030010801844,0.2376726712217554,False
1.4,adam,2000,1.8817696571350095,0.1286030010801844,0.1210006126245959,False
1.4,adam,2000,0.3749062418937683,0.1286030010801844,0.024107033915616,False
1.4,adam,2000,3.437284231185913,0.1286030010801844,0.2210225338480514,False
1.4,adam,2000,3.779509305953979,0.1286030010801844,0.2430281196780833,False
1.4,adam,2000,0.3480404615402221,0.1286030010801844,0.0223795239257025,False
1.4,adam,2000,4.313023567199707,0.1286030010801844,0.2773338872357224,False
1.4,adam,2000,5.442425727844238,0.1286030010801844,0.349956140878388,False
1.4,adam,2000,4.008885860443115,0.1286030010801844,0.257777376320451,False
1.4,adam,2000,4.4452948570251465,0.1286030010801844,0.2858391296498715,False
1.4,adam,2000,4.032858848571777,0.1286030010801844,0.2593188754295538,False
1.4,adam,2000,2.860785007476806,0.1286030010801844,0.1839527687033575,False
1.4,adam,2000,5.228700160980225,0.1286030010801844,0.3362132662252501,False
1.4,adam,2000,0.304430603981018,0.1286030010801844,0.019575344646306,False
1.4,adam,2000,6.000284671783447,0.1286030010801844,0.3858273080633903,False
1.4,adam,2000,5.312792778015137,0.1286030010801844,0.3416205476849382,False
1.4,adam,2000,4.77623176574707,0.1286030010801844,0.3071188694647908,False
1.4,adam,2000,3.1952779293060303,0.1286030010801844,0.2054611654970164,False
1.4,adam,2000,4.983133792877197,0.1286030010801844,0.3204229802740448,False
1.4,adam,2000,3.033469915390014,0.1286030010801844,0.1950566674028044,False
1.4,adam,2000,6.179807186126709,0.1286030010801844,0.3973708751163922,True
1.4,adam,2000,2.9767444133758545,0.1286030010801844,0.1914091325044039,False
1.4,adam,2000,0.5531485080718994,0.1286030010801844,0.0355682790905364,False
1.4,adam,2000,3.828917980194092,0.1286030010801844,0.2462051715714191,False
1.4,adam,2000,0.6555467844009399,0.1286030010801844,0.0421526419112127,False
1.4,adam,2000,2.981051206588745,0.1286030010801844,0.1916860657705087,False
1.4,adam,2000,1.0050841569900513,0.1286030010801844,0.0646284194635339,False
1.4,adam,2000,4.7205610275268555,0.1286030010801844,0.3035391574610563,False
1.4,adam,2000,4.160351753234863,0.1286030010801844,0.2675168605076051,False
1.4,adam,2000,4.28857421875,0.1286030010801844,0.2757617574431786,False
1.4,adam,2000,1.186988353729248,0.1286030010801844,0.0763251322684044,False
1.4,adam,2000,0.1040469259023666,0.1286030010801844,0.0066903734621059,False
1.4,adam,2000,3.777795791625977,0.1286030010801844,0.2429179381355958,False
1.4,adam,2000,0.7291195392608643,0.1286030010801844,0.0468834804475742,False
1.4,adam,2000,1.6339260339736938,0.1286030010801844,0.1050638957560301,False
1.4,adam,2000,0.1606801599264145,0.1286030010801844,0.0103319753902904,False
1.4,adam,2000,4.412709712982178,0.1286030010801844,0.2837438559925936,False
1.4,adam,2000,5.309719085693359,0.1286030010801844,0.3414229046564494,False
1.4,adam,2000,4.346276760101318,0.1286030010801844,0.2794721174370451,False
1.4,adam,2000,5.371557235717773,0.1286030010801844,0.3453991904936426,False
1.4,adam,2000,3.2603182792663574,0.1286030010801844,0.2096433575951181,False
1.4,adam,2000,0.2240209430456161,0.1286030010801844,0.0144048827902396,False
1.4,adam,2000,0.188226893544197,0.1286030010801844,0.012103271696892,False
1.4,adam,2000,5.446476936340332,0.1286030010801844,0.3502166396636876,False
1.4,adam,2000,0.679880678653717,0.1286030010801844,0.0437173478256502,False
1.4,adam,2000,4.387992858886719,0.1286030010801844,0.282154525185625,False
1.4,adam,2000,0.8234578967094421,0.1286030010801844,0.0529495783900053,False
1.4,adam,2000,5.758968830108643,0.1286030010801844,0.370310337339605,False
1.4,adam,2000,3.5725553035736084,0.1286030010801844,0.2297206667822476,False
1.4,adam,2000,4.082113742828369,0.1286030010801844,0.2624860390391962,False
1.4,adam,2000,0.3334291875362396,0.1286030010801844,0.021439997082444,False
1.4,adam,2000,5.327717304229736,0.1286030010801844,0.342580217115387,False
1.4,adam,2000,4.8311076164245605,0.1286030010801844,0.3106474690067674,False
1.4,adam,2000,5.620016574859619,0.1286030010801844,0.3613754988236629,False
1.4,adam,2000,3.471553325653076,0.1286030010801844,0.2232260880444401,False
1.4,adam,2000,0.2588677108287811,0.1286030010801844,0.0166455822476692,False
1.4,adam,2000,0.4864382445812225,0.1286030010801844,0.0312787090466609,False
1.4,adam,2000,2.94911527633667,0.1286030010801844,0.1896325375341565,False
1.4,adam,2000,1.1331312656402588,0.1286030010801844,0.0728620406895624,False
1.4,adam,2000,4.167078018188477,0.1286030010801844,0.2679493694371527,False
1.4,adam,2000,5.156188488006592,0.1286030010801844,0.3315506568463731,True
1.4,adam,2000,4.875817775726318,0.1286030010801844,0.313522399339257,False
1.4,adam,2000,0.5667571425437927,0.1286030010801844,0.0364433347073808,False
1.4,adam,2000,4.046504974365234,0.1286030010801844,0.2601963417946319,False
1.4,adam,2000,4.9336371421813965,0.1286030010801844,0.317240271362596,False
1.4,adam,2000,5.4781012535095215,0.1286030010801844,0.3522501307112223,True
1.4,adam,2000,5.678581714630127,0.1286030010801844,0.3651413251902468,True
1.4,adam,2000,4.606698989868164,0.1286030010801844,0.29621765758505,False
1.4,adam,2000,0.6699009537696838,0.1286030010801844,0.0430756365406296,False
1.4,adam,2000,4.483766555786133,0.1286030010801844,0.2883129176085294,False
1.4,adam,2000,3.7231931686401367,0.1286030010801844,0.2394069075441813,False
1.4,adam,2000,5.427008628845215,0.1286030010801844,0.3489647982787756,True
1.4,adam,2000,5.252933502197266,0.1286030010801844,0.3377715064286059,True
1.4,adam,2000,3.3252170085906982,0.1286030010801844,0.2138164432738185,False
1.4,adam,2000,0.9940186142921448,0.1286030010801844,0.063916888463768,False
1.4,adam,2000,0.2044917196035385,0.1286030010801844,0.0131491244185313,False
1.4,adam,2000,4.579827785491943,0.1286030010801844,0.2944897988223395,False
1.4,adam,2000,1.7111612558364868,0.1286030010801844,0.1100302364163547,False
1.4,adam,2000,3.4844653606414795,0.1286030010801844,0.2240563512692206,False
1.4,adam,2000,0.219997301697731,0.1286030010801844,0.0141461566139354,False
1.4,adam,2000,4.256021022796631,0.1286030010801844,0.2736685380960013,False
1.4,adam,2000,4.051610946655273,0.1286030010801844,0.2605246634745976,False
1.4,adam,2000,5.274127006530762,0.1286030010801844,0.3391342805589526,False
1.4,adam,2000,3.399257183074951,0.1286030010801844,0.2185773375934062,False
1.4,adam,2000,4.761641502380371,0.1286030010801844,0.3061806936370368,False
1.4,adam,2000,4.579259395599365,0.1286030010801844,0.2944532504993549,False
1.4,adam,2000,4.970961570739746,0.1286030010801844,0.3196402881256994,False
1.4,adam,2000,3.456390619277954,0.1286030010801844,0.222251103272271,False
1.4,adam,2000,3.314004421234131,0.1286030010801844,0.2130954570818544,False
1.4,adam,2000,4.794210433959961,0.1286030010801844,0.3082749248085921,False
1.4,adam,2000,4.462828636169434,0.1286030010801844,0.2869665779589878,False
1.4,adam,2000,5.31361722946167,0.1286030010801844,0.3416735611500728,False
1.4,adam,2000,6.446608543395996,0.1286030010801844,0.4145266027349407,True
1.4,adam,2000,0.2822110950946808,0.1286030010801844,0.0181465968836506,False
1.4,adam,2000,5.361173152923584,0.1286030010801844,0.3447314783882436,False
1.4,adam,2000,4.499699115753174,0.1286030010801844,0.2893374051218551,False
1.4,adam,2000,0.6360006928443909,0.1286030010801844,0.0408957988944326,False
1.4,adam,2000,0.7256888151168823,0.1286030010801844,0.046662879737177,False
1.4,adam,2000,2.2767395973205566,0.1286030010801844,0.146397772446757,False
1.4,adam,2000,5.2357378005981445,0.1286030010801844,0.3366657970129427,False
1.4,adam,2000,5.195767879486084,0.1286030010801844,0.3340956711089681,False
1.4,adam,2000,0.3004085123538971,0.1286030010801844,0.0193167181193724,False
1.4,adam,2000,3.857045888900757,0.1286030010801844,0.2480138383083124,False
1.4,adam,2000,5.08010721206665,0.1286030010801844,0.32665851664043,False
1.4,adam,2000,0.7665629386901855,0.1286030010801844,0.0492911472162016,False
1.4,adam,2000,4.859132289886475,0.1286030010801844,0.3124494975625146,False
1.4,adam,2000,5.224634647369385,0.1286030010801844,0.3359518475996069,False
1.4,adam,2000,4.424156665802002,0.1286030010801844,0.2844799122355199,False
1.4,adam,2000,3.8657519817352295,0.1286030010801844,0.2485736531414103,False
1.4,adam,2000,0.3422855734825134,0.1286030010801844,0.0220094759881516,False
1.4,adam,2000,4.986458778381348,0.1286030010801844,0.3206367818312357,False
1.4,adam,2000,1.0990147590637207,0.1286030010801844,0.0706682981235051,False
1.4,adam,2000,0.4797375798225403,0.1286030010801844,0.0308478462480616,False
1.4,adam,2000,4.314915180206299,0.1286030010801844,0.2774555207904873,False
1.4,adam,2000,4.008406639099121,0.1286030010801844,0.2577465616689413,False
1.4,adam,2000,2.071763515472412,0.1286030010801844,0.1332175028090926,False
1.4,adam,2000,2.512254476547241,0.1286030010801844,0.1615417325805515,False
1.4,adam,2000,4.533352375030518,0.1286030010801844,0.2915013601914531,False
1.4,adam,2000,4.02470588684082,0.1286030010801844,0.2587946277564072,False
1.4,adam,2000,0.4961867332458496,0.1286030010801844,0.0319055514957945,False
1.4,adam,2000,3.646658420562744,0.1286030010801844,0.234485608399347,False
1.4,adam,2000,4.5916337966918945,0.1286030010801844,0.2952489430578894,False
1.4,adam,2000,4.6220903396606445,0.1286030010801844,0.2972073444720439,False
1.4,adam,2000,5.399823188781738,0.1286030010801844,0.3472167336898513,False
1.4,adam,2000,2.3991572856903076,0.1286030010801844,0.1542694135015814,False
1.4,adam,2000,0.3122052550315857,0.1286030010801844,0.0200752663750331,False
1.4,adam,2000,6.088009834289551,0.1286030010801844,0.3914681676476562,True
1.4,adam,2000,5.875157356262207,0.1286030010801844,0.377781433916821,True
1.4,adam,2000,5.191919326782227,0.1286030010801844,0.3338482033952025,False
1.4,adam,2000,4.2648701667785645,0.1286030010801844,0.2742375513325349,False
1.4,adam,2000,3.596189498901367,0.1286030010801844,0.2312403810058801,False
1.4,adam,2000,3.7704660892486577,0.1286030010801844,0.2424466272742219,False
1.4,adam,2000,0.9604698419570924,0.1286030010801844,0.0617596520613462,False
1.4,adam,2000,0.2184050381183624,0.1286030010801844,0.0140437716765267,False
1.4,adam,2000,0.2142364829778671,0.1286030010801844,0.0137757273259087,False
1.4,adam,2000,5.25795841217041,0.1286030010801844,0.3380946156799579,True
1.4,adam,2000,0.0954582318663597,0.1286030010801844,0.0061381075479109,False
1.4,adam,2000,0.3516073822975158,0.1286030010801844,0.0226088822827041,False
1.4,adam,2000,4.2073540687561035,0.1286030010801844,0.2705391799244797,False
1.4,adam,2000,3.9700474739074703,0.1286030010801844,0.2552800097876529,False
1.4,adam,2000,4.684969425201416,0.1286030010801844,0.3012505640249043,False
1.4,adam,2000,3.7787985801696777,0.1286030010801844,0.2429824189436802,False
1.4,adam,2000,2.1840474605560303,0.1286030010801844,0.1404375289645306,False
1.4,adam,2000,3.139507293701172,0.1286030010801844,0.2018750299415493,False
1.4,adam,2000,4.666203498840332,0.1286030010801844,0.3000438868008617,False
1.4,adam,2000,5.788496494293213,0.1286030010801844,0.3722090104541168,True
1.4,adam,2000,2.626103162765503,0.1286030010801844,0.1688623739389038,False
1.4,adam,2000,1.178638577461243,0.1286030010801844,0.0757882291251976,False
1.4,adam,2000,6.699558258056641,0.1286030010801844,0.4307916489488083,True
1.4,adam,2000,5.075649261474609,0.1286030010801844,0.3263718637280282,False
1.4,adam,2000,3.1294703483581543,0.1286030010801844,0.2012296392951544,False
1.4,adam,2000,2.4794023036956787,0.1286030010801844,0.1594292885701935,False
1.4,adam,2000,0.4166226983070373,0.1286030010801844,0.0267894646602046,False
1.4,adam,2000,0.5254813432693481,0.1286030010801844,0.0337892388780423,False
1.4,adam,2000,4.396124362945557,0.1286030010801844,0.2826773930982562,False
1.4,adam,2000,0.2914638221263885,0.1286030010801844,0.0187415611158773,False
1.4,adam,2000,5.872391700744629,0.1286030010801844,0.3776035981170637,True
1.4,adam,2000,4.164600372314453,0.1286030010801844,0.267790053089646,False
1.4,adam,2000,2.4774138927459717,0.1286030010801844,0.159301430762437,False
1.4,adam,2000,4.660880088806152,0.1286030010801844,0.2997015835476738,False
1.4,adam,2000,5.476600170135498,0.1286030010801844,0.3521536087978368,False
1.4,adam,2000,0.3719533085823059,0.1286030010801844,0.0239171558726942,False
1.4,adam,2000,3.098801612854004,0.1286030010801844,0.1992575935825703,False
1.4,adam,2000,2.4033195972442627,0.1286030010801844,0.1545370563802161,False
1.4,adam,2000,4.759462833404541,0.1286030010801844,0.3060406019527109,False
1.4,adam,2000,3.828534603118897,0.1286030010801844,0.2461805198502114,False
1.4,adam,2000,5.121023654937744,0.1286030010801844,0.3292895053138043,True
1.4,adam,2000,5.362147331237793,0.1286030010801844,0.3447941195156409,False
1.4,adam,2000,3.887585163116455,0.1286030010801844,0.2499775594657871,False
1.4,adam,2000,4.226554870605469,0.1286030010801844,0.2717738202949669,False
1.4,adam,2000,5.399809837341309,0.1286030010801844,0.3472158751721974,False
1.4,adam,2000,4.2538957595825195,0.1286030010801844,0.2735318804822913,False
1.4,adam,2000,0.6366354823112488,0.1286030010801844,0.0409366168096786,False
1.4,adam,2000,2.0831756591796875,0.1286030010801844,0.1339513207738496,False
1.4,adam,2000,4.40624475479126,0.1286030010801844,0.2833281494799886,False
1.4,adam,2000,3.9456846714019775,0.1286030010801844,0.2537134450291878,False
1.45,adam,2000,0.2726348042488098,0.1512839606725933,0.0206226365019785,False
1.45,adam,2000,4.331075191497803,0.1512839606725933,0.327611104470299,False
1.45,adam,2000,5.466699600219727,0.1512839606725933,0.4135119836642613,True
1.45,adam,2000,3.922449588775635,0.1512839606725933,0.2967018546642815,False
1.45,adam,2000,0.6684407591819763,0.1512839606725933,0.0505621827620222,False
1.45,adam,2000,4.6612348556518555,0.1512839606725933,0.3525850352940782,True
1.45,adam,2000,0.745353102684021,0.1512839606725933,0.0563799847368224,False
1.45,adam,2000,5.46549129486084,0.1512839606725933,0.4134205850540642,True
1.45,adam,2000,0.6408175230026245,0.1512839606725933,0.0484727064741188,False
1.45,adam,2000,4.492852687835693,0.1512839606725933,0.339848274667145,False
1.45,adam,2000,5.293097019195557,0.1512839606725933,0.4003803406441007,True
1.45,adam,2000,0.4900080263614654,0.1512839606725933,0.0370651774946615,False
1.45,adam,2000,5.196598052978516,0.1512839606725933,0.3930809677390383,True
1.45,adam,2000,0.5456666946411133,0.1512839606725933,0.041275309386215,False
1.45,adam,2000,0.4702359139919281,0.1512839606725933,0.0355695757595979,False
1.45,adam,2000,3.378816843032837,0.1512839606725933,0.2555803972006378,False
1.45,adam,2000,0.3382691442966461,0.1512839606725933,0.0255873479612628,False
1.45,adam,2000,0.8397777676582336,0.1512839606725933,0.0635224533880632,False
1.45,adam,2000,4.49418830871582,0.1512839606725933,0.3399493036754964,False
1.45,adam,2000,4.9232072830200195,0.1512839606725933,0.3724011484937128,True
1.45,adam,2000,3.5207390785217285,0.1512839606725933,0.2663156761467718,False
1.45,adam,2000,0.9577722549438475,0.1512839606725933,0.072447790075113,False
1.45,adam,2000,2.896698474884033,0.1512839606725933,0.2191120090773585,False
1.45,adam,2000,3.6095833778381343,0.1512839606725933,0.2730360348886554,False
1.45,adam,2000,3.7064883708953857,0.1512839606725933,0.280366120467981,False
1.45,adam,2000,1.932872414588928,0.1512839606725933,0.1462062971769059,False
1.45,adam,2000,0.3812998831272125,0.1512839606725933,0.0288422782617408,False
1.45,adam,2000,3.5363757610321045,0.1512839606725933,0.2674984657777465,False
1.45,adam,2000,3.88690733909607,0.1512839606725933,0.294013368512912,False
1.45,adam,2000,0.3464124798774719,0.1512839606725933,0.0262033259911394,False
1.45,adam,2000,4.410348415374756,0.1512839606725933,0.3336074881119943,False
1.45,adam,2000,5.448766708374023,0.1512839606725933,0.4121555042118957,False
1.45,adam,2000,4.1184401512146,0.1512839606725933,0.3115269689343893,False
1.45,adam,2000,4.489541053771973,0.1512839606725933,0.3395977761084161,False
1.45,adam,2000,4.118671894073486,0.1512839606725933,0.3115444984231643,False
1.45,adam,2000,2.9814000129699707,0.1512839606725933,0.2255190011557091,False
1.45,adam,2000,5.2280778884887695,0.1512839606725933,0.3954621648376948,False
1.45,adam,2000,0.2973255813121795,0.1512839606725933,0.0224902957750938,False
1.45,adam,2000,5.949618339538574,0.1512839606725933,0.4500409134478468,False
1.45,adam,2000,5.357658386230469,0.1512839606725933,0.40526389029984,True
1.45,adam,2000,4.809225559234619,0.1512839606725933,0.3637793451844403,True
1.45,adam,2000,3.3160903453826904,0.1512839606725933,0.2508356406988206,False
1.45,adam,2000,5.048202991485596,0.1512839606725933,0.3818560714155873,True
1.45,adam,2000,3.1285150051116943,0.1512839606725933,0.2366470704984678,False
1.45,adam,2000,6.304530143737793,0.1512839606725933,0.4768871451622036,True
1.45,adam,2000,3.092639446258545,0.1512839606725933,0.2339333721811442,False
1.45,adam,2000,0.5490080118179321,0.1512839606725933,0.0415280532344013,False
1.45,adam,2000,3.9477477073669434,0.1512839606725933,0.2986154544533105,False
1.45,adam,2000,0.6364807486534119,0.1512839606725933,0.0481446642740727,False
1.45,adam,2000,3.1030399799346924,0.1512839606725933,0.2347200891449623,False
1.45,adam,2000,0.9983811974525452,0.1512839606725933,0.0755195309058337,False
1.45,adam,2000,4.767692565917969,0.1512839606725933,0.3606377073206747,True
1.45,adam,2000,4.1392107009887695,0.1512839606725933,0.3130980944519812,False
1.45,adam,2000,4.368455410003662,0.1512839606725933,0.3304386182234857,False
1.45,adam,2000,0.9695076942443848,0.1512839606725933,0.073335481943922,False
1.45,adam,2000,0.1024341508746147,0.1512839606725933,0.0077483220262228,False
1.45,adam,2000,3.89899468421936,0.1512839606725933,0.294927679235046,False
1.45,adam,2000,0.7294185161590576,0.1512839606725933,0.0551746610562341,False
1.45,adam,2000,1.6214144229888916,0.1512839606725933,0.1226469979007135,False
1.45,adam,2000,0.1585328578948974,0.1512839606725933,0.0119917393195427,False
1.45,adam,2000,4.497101306915283,0.1512839606725933,0.3401696486280198,False
1.45,adam,2000,5.330687999725342,0.1512839606725933,0.4032237968541568,True
1.45,adam,2000,4.416325569152832,0.1512839606725933,0.3340596118605426,False
1.45,adam,2000,5.385296821594238,0.1512839606725933,0.4073545162841522,True
1.45,adam,2000,3.369189977645874,0.1512839606725933,0.254852202038337,False
1.45,adam,2000,0.2175599485635757,0.1512839606725933,0.0164566653512117,False
1.45,adam,2000,0.1861805021762848,0.1512839606725933,0.0140830618846203,False
1.45,adam,2000,5.464943885803223,0.1512839606725933,0.413379177948892,True
1.45,adam,2000,0.6761457920074463,0.1512839606725933,0.0511450067034969,False
1.45,adam,2000,4.4716291427612305,0.1512839606725933,0.3382428836879561,False
1.45,adam,2000,0.8220701813697815,0.1512839606725933,0.0621830164942288,False
1.45,adam,2000,5.719990253448486,0.1512839606725933,0.4326713902751589,True
1.45,adam,2000,3.537966012954712,0.1512839606725933,0.2676187555824062,False
1.45,adam,2000,4.155472278594971,0.1512839606725933,0.3143281523855066,False
1.45,adam,2000,0.3328330814838409,0.1512839606725933,0.0251761534048697,False
1.45,adam,2000,5.32908296585083,0.1512839606725933,0.4031023889133819,True
1.45,adam,2000,4.886653423309326,0.1512839606725933,0.3696361421562608,False
1.45,adam,2000,5.599786281585693,0.1512839606725933,0.4235789237991688,True
1.45,adam,2000,3.580882787704468,0.1512839606725933,0.2708650654141245,False
1.45,adam,2000,0.2590115964412689,0.1512839606725933,0.0195921500848832,False
1.45,adam,2000,0.4840201735496521,0.1512839606725933,0.0366122444500136,False
1.45,adam,2000,3.063009262084961,0.1512839606725933,0.2316920863725251,False
1.45,adam,2000,1.1264467239379885,0.1512839606725933,0.0852066609420031,False
1.45,adam,2000,4.25269079208374,0.1512839606725933,0.3216819532711481,False
1.45,adam,2000,5.1822919845581055,0.1512839606725933,0.3919988283928919,True
1.45,adam,2000,4.942379951477051,0.1512839606725933,0.3738514071041339,False
1.45,adam,2000,0.5679417252540588,0.1512839606725933,0.0429602368138299,False
1.45,adam,2000,4.16309928894043,0.1512839606725933,0.3149050745520825,False
1.45,adam,2000,4.961174964904785,0.1512839606725933,0.375273099140255,False
1.45,adam,2000,5.475585460662842,0.1512839606725933,0.4141841277451705,True
1.45,adam,2000,5.6699137687683105,0.1512839606725933,0.4288835058056702,True
1.45,adam,2000,4.6700053215026855,0.1512839606725933,0.3532484506995069,False
1.45,adam,2000,0.662482738494873,0.1512839606725933,0.0501115062783651,False
1.45,adam,2000,4.560530662536621,0.1512839606725933,0.344967570698673,False
1.45,adam,2000,3.843195915222168,0.1512839606725933,0.2907069498477708,False
1.45,adam,2000,5.406936168670654,0.1512839606725933,0.4089913593501968,True
1.45,adam,2000,5.292079925537109,0.1512839606725933,0.4003034056655883,True
1.45,adam,2000,3.4479849338531494,0.1512839606725933,0.260812408566367,False
1.45,adam,2000,1.0955992937088013,0.1512839606725933,0.0828733002311816,False
1.45,adam,2000,0.2045570611953735,0.1512839606725933,0.015473101200591,False
1.45,adam,2000,4.643449306488037,0.1512839606725933,0.3512397011339584,True
1.45,adam,2000,1.6871201992034912,0.1512839606725933,0.1276171129331193,False
1.45,adam,2000,3.6112446784973145,0.1512839606725933,0.2731616989604498,False
1.45,adam,2000,0.2182189673185348,0.1512839606725933,0.0165065148349155,False
1.45,adam,2000,4.3005547523498535,0.1512839606725933,0.3253024780124147,False
1.45,adam,2000,4.1461076736450195,0.1512839606725933,0.3136197951220252,False
1.45,adam,2000,5.2946367263793945,0.1512839606725933,0.4004968071446242,True
1.45,adam,2000,3.491086959838867,0.1512839606725933,0.2640727311684333,False
1.45,adam,2000,4.810156345367432,0.1512839606725933,0.3638497516907958,True
1.45,adam,2000,4.626474857330322,0.1512839606725933,0.3499557201845511,False
1.45,adam,2000,5.02263879776001,0.1512839606725933,0.3799223451764833,True
1.45,adam,2000,3.5686371326446533,0.1512839606725933,0.2699387798148849,False
1.45,adam,2000,3.4373703002929688,0.1512839606725933,0.2600094966633309,False
1.45,adam,2000,4.875970363616943,0.1512839606725933,0.3688280543650781,False
1.45,adam,2000,4.5481061935424805,0.1512839606725933,0.3440277592593293,False
1.45,adam,2000,5.429659366607666,0.1512839606725933,0.410710187041726,True
1.45,adam,2000,6.413478851318359,0.1512839606725933,0.4851282411586778,True
1.45,adam,2000,0.2800077497959137,0.1512839606725933,0.0211803407040731,False
1.45,adam,2000,5.35093355178833,0.1512839606725933,0.4047552105052028,False
1.45,adam,2000,4.592092037200928,0.1512839606725933,0.347354935580417,False
1.45,adam,2000,0.6334896087646484,0.1512839606725933,0.0479184085294238,False
1.45,adam,2000,0.7244510650634766,0.1512839606725933,0.0547989132181406,False
1.45,adam,2000,2.2160427570343018,0.1512839606725933,0.1676258626519813,False
1.45,adam,2000,5.274934768676758,0.1512839606725933,0.3990065120474949,True
1.45,adam,2000,5.22554349899292,0.1512839606725933,0.3952704585972852,True
1.45,adam,2000,0.2975957989692688,0.1512839606725933,0.0225107355737979,False
1.45,adam,2000,3.937086343765259,0.1512839606725933,0.2978090077973938,False
1.45,adam,2000,5.107722759246826,0.1512839606725933,0.3863582645182033,True
1.45,adam,2000,0.747078001499176,0.1512839606725933,0.0565104594990804,False
1.45,adam,2000,4.929654598236084,0.1512839606725933,0.3728888361845082,True
1.45,adam,2000,5.269351482391357,0.1512839606725933,0.3985841812160827,True
1.45,adam,2000,4.487849235534668,0.1512839606725933,0.3394698036265773,False
1.45,adam,2000,3.947828769683838,0.1512839606725933,0.298621586167491,False
1.45,adam,2000,0.3383825123310089,0.1512839606725933,0.0255959233438888,False
1.45,adam,2000,5.002408504486084,0.1512839606725933,0.3783920857304595,False
1.45,adam,2000,1.0484920740127563,0.1512839606725933,0.0793100168452358,False
1.45,adam,2000,0.4791927635669708,0.1512839606725933,0.0362470895990284,False
1.45,adam,2000,4.402297019958496,0.1512839606725933,0.3329984646182379,False
1.45,adam,2000,4.119687557220459,0.1512839606725933,0.3116213251949559,False
1.45,adam,2000,2.1543209552764893,0.1512839606725933,0.162957103337096,False
1.45,adam,2000,2.6171023845672607,0.1512839606725933,0.1979628071115118,False
1.45,adam,2000,4.60650634765625,0.1512839606725933,0.3484452625684398,True
1.45,adam,2000,4.125833988189697,0.1512839606725933,0.3120862534054694,False
1.45,adam,2000,0.4931255877017975,0.1512839606725933,0.037300996008264,False
1.45,adam,2000,3.777885198593139,0.1512839606725933,0.2857667179047684,False
1.45,adam,2000,4.668205738067627,0.1512839606725933,0.3531123266446986,False
1.45,adam,2000,4.6910600662231445,0.1512839606725933,0.3548410732856376,False
1.45,adam,2000,5.416296482086182,0.1512839606725933,0.4096993919935157,True
1.45,adam,2000,2.5110573768615723,0.1512839606725933,0.1899413527238757,False
1.45,adam,2000,0.3120613992214203,0.1512839606725933,0.0236049422236238,False
1.45,adam,2000,6.059490203857422,0.1512839606725933,0.4583518388481653,True
1.45,adam,2000,5.846685886383057,0.1512839606725933,0.4422548988502903,True
1.45,adam,2000,5.21879243850708,0.1512839606725933,0.3947597950127662,True
1.45,adam,2000,4.354439735412598,0.1512839606725933,0.3293784448416685,False
1.45,adam,2000,3.718822717666626,0.1512839606725933,0.2812991148839122,False
1.45,adam,2000,3.8768932819366455,0.1512839606725933,0.2932558853981723,False
1.45,adam,2000,0.7443849444389343,0.1512839606725933,0.0563067513298851,False
1.45,adam,2000,0.2136845737695694,0.1512839606725933,0.0161635243272477,False
1.45,adam,2000,0.214891567826271,0.1512839606725933,0.0162548237479507,False
1.45,adam,2000,5.267328262329102,0.1512839606725933,0.3984311408439175,True
1.45,adam,2000,0.0937472283840179,0.1512839606725933,0.0070912260060061,False
1.45,adam,2000,0.3486359715461731,0.1512839606725933,0.0263715153042213,False
1.45,adam,2000,4.309230804443359,0.1512839606725933,0.3259587517742684,False
1.45,adam,2000,4.1390910148620605,0.1512839606725933,0.3130890411563381,False
1.45,adam,2000,4.711454391479492,0.1512839606725933,0.3563837404356502,True
1.45,adam,2000,3.888758897781372,0.1512839606725933,0.2941534240785772,False
1.45,adam,2000,2.195000410079956,0.1512839606725933,0.1660341778574311,False
1.45,adam,2000,3.247173547744751,0.1512839606725933,0.2456226376470511,False
1.45,adam,2000,4.741993427276611,0.1512839606725933,0.3586937735809054,True
1.45,adam,2000,5.755322456359863,0.1512839606725933,0.4353439880730193,True
1.45,adam,2000,2.7320868968963623,0.1512839606725933,0.2066604633320883,False
1.45,adam,2000,1.2032209634780884,0.1512839606725933,0.0910140164596294,False
1.45,adam,2000,6.464077472686768,0.1512839606725933,0.4889556210812706,True
1.45,adam,2000,5.097051620483398,0.1512839606725933,0.3855510784496942,True
1.45,adam,2000,3.2493889331817627,0.1512839606725933,0.2457902137887148,False
1.45,adam,2000,2.593394041061402,0.1512839606725933,0.1961694610582354,False
1.45,adam,2000,0.4126696586608886,0.1512839606725933,0.0312151502058131,False
1.45,adam,2000,0.5154978632926941,0.1512839606725933,0.0389932792385889,False
1.45,adam,2000,4.462838172912598,0.1512839606725933,0.3375779173195288,False
1.45,adam,2000,0.2831063568592071,0.1512839606725933,0.0214147254786247,False
1.45,adam,2000,5.647812366485596,0.1512839606725933,0.4272117119687965,True
1.45,adam,2000,4.241089820861816,0.1512839606725933,0.3208044328340974,False
1.45,adam,2000,2.565523624420166,0.1512839606725933,0.1940612875506947,False
1.45,adam,2000,4.727405071258545,0.1512839606725933,0.3575902814418479,False
1.45,adam,2000,5.4741411209106445,0.1512839606725933,0.4140748750260359,True
1.45,adam,2000,0.3712826073169708,0.1512839606725933,0.0280845516818792,False
1.45,adam,2000,3.216296911239624,0.1512839606725933,0.2432870677156793,False
1.45,adam,2000,2.5073461532592773,0.1512839606725933,0.1896606284211273,False
1.45,adam,2000,4.816780090332031,0.1512839606725933,0.3643507848771607,True
1.45,adam,2000,3.925865411758423,0.1512839606725933,0.2969602342791778,False
1.45,adam,2000,5.1107707023620605,0.1512839606725933,0.386588816971392,True
1.45,adam,2000,5.357490062713623,0.1512839606725933,0.4052511579756886,True
1.45,adam,2000,4.006543159484863,0.1512839606725933,0.3030628588862779,False
1.45,adam,2000,4.321617126464844,0.1512839606725933,0.3268956777010565,False
1.45,adam,2000,5.350201606750488,0.1512839606725933,0.4046998447330432,True
1.45,adam,2000,4.331972599029541,0.1512839606725933,0.3276789861531684,False
1.45,adam,2000,0.6362214684486389,0.1512839606725933,0.0481250518059217,False
1.45,adam,2000,2.285888433456421,0.1512839606725933,0.1729091279344785,False
1.45,adam,2000,4.4877190589904785,0.1512839606725933,0.3394599568149815,False
1.45,adam,2000,4.050604343414307,0.1512839606725933,0.3063957340946628,False
1.25,adam,1000,0.3708362281322479,0.0662463517095606,0.0122832735977478,False
1.25,adam,1000,1.8765047788619995,0.0662463517095606,0.0621557977825816,False
1.25,adam,1000,2.80378794670105,0.0662463517095606,0.0928703612180922,False
1.25,adam,1000,1.6509802341461182,0.0662463517095606,0.0546857086283882,False
1.25,adam,1000,0.6775860786437988,0.0662463517095606,0.0224438028396695,False
1.25,adam,1000,2.1640238761901855,0.0662463517095606,0.0716793434049908,False
1.25,adam,1000,0.7714656591415405,0.0662463517095606,0.0255533926936692,False
1.25,adam,1000,2.9465012550354004,0.0662463517095606,0.0975974792268684,False
1.25,adam,1000,0.6544660925865173,0.0662463517095606,0.0216779954757341,False
1.25,adam,1000,1.9974933862686155,0.0662463517095606,0.0661633247021359,False
1.25,adam,1000,2.661083221435547,0.0662463517095606,0.0881435275078149,False
1.25,adam,1000,0.4833816885948181,0.0662463517095606,0.0160111366763068,False
1.25,adam,1000,2.5821733474731445,0.0662463517095606,0.0855297818758797,False
1.25,adam,1000,0.4455087184906006,0.0662463517095606,0.0147566636274019,False
1.25,adam,1000,0.5093320608139038,0.0662463517095606,0.0168706954188165,False
1.25,adam,1000,0.1442234814167022,0.0662463517095606,0.004777139737354,False
1.25,adam,1000,0.3374419510364532,0.0662463517095606,0.0111771490849606,False
1.25,adam,1000,0.8568949699401855,0.0662463517095606,0.0283830827784054,False
1.25,adam,1000,1.9823973178863523,0.0662463517095606,0.0656632949743944,False
1.25,adam,1000,2.3106026649475098,0.0662463517095606,0.0765344984015803,False
1.25,adam,1000,1.4382085800170898,0.0662463517095606,0.0476380357117599,False
1.25,adam,1000,0.8859589695930481,0.0662463517095606,0.0293457747499504,False
1.25,adam,1000,1.0407689809799194,0.0662463517095606,0.0344735739811983,False
1.25,adam,1000,0.4665118455886841,0.0662463517095606,0.015452353899772,False
1.25,adam,1000,0.3962945342063904,0.0662463517095606,0.0131265335468065,False
1.25,adam,1000,0.3262757956981659,0.0662463517095606,0.0108072905580687,False
1.25,adam,1000,0.4191018342971802,0.0662463517095606,0.0138819837584864,False
1.25,adam,1000,1.6036893129348757,0.0662463517095606,0.0531192831287736,False
1.25,adam,1000,1.519026756286621,0.0662463517095606,0.0503149903765982,False
1.25,adam,1000,0.3351641893386841,0.0662463517095606,0.0111017023836901,False
1.25,adam,2000,0.1345161497592926,0.0662463517095606,0.004455602083785,False
1.25,adam,2000,3.7140841484069824,0.0662463517095606,0.1230222623871364,False
1.25,adam,2000,5.272712707519531,0.0662463517095606,0.1746489902429042,False
1.25,adam,2000,3.2361056804656982,0.0662463517095606,0.1071900975387188,False
1.25,adam,2000,0.6782063841819763,0.0662463517095606,0.0224643493290942,False
1.25,adam,2000,4.22374963760376,0.0662463517095606,0.1399040020129139,False
1.25,adam,2000,0.7338951826095581,0.0662463517095606,0.0243089391925525,False
1.25,adam,2000,5.387142658233643,0.0662463517095606,0.1784392736234616,False
1.25,adam,2000,0.6549157500267029,0.0662463517095606,0.0216928895581998,False
1.25,adam,2000,3.897718667984009,0.0662463517095606,0.1291048208720943,False
1.25,adam,2000,4.977720260620117,0.0662463517095606,0.164877903548423,False
1.25,adam,2000,0.5019962191581726,0.0662463517095606,0.0166277090456109,False
1.25,adam,2000,4.866057872772217,0.0662463517095606,0.1611792906393723,False
1.25,adam,2000,0.5990753173828125,0.0662463517095606,0.0198432770879292,False
1.25,adam,2000,0.5040199160575867,0.0662463517095606,0.016694740313887,False
1.25,adam,2000,3.0303754806518555,0.0662463517095606,0.1003756599516458,False
1.25,adam,2000,0.3255179524421692,0.0662463517095606,0.0107821883826299,False
1.25,adam,2000,0.859085738658905,0.0662463517095606,0.0284556479959327,False
1.25,adam,2000,3.9064884185791016,0.0662463517095606,0.1293953028632582,False
1.25,adam,2000,4.493669033050537,0.0662463517095606,0.1488445896149135,False
1.25,adam,2000,2.9077279567718506,0.0662463517095606,0.096313184450015,False
1.25,adam,2000,0.9839862585067748,0.0662463517095606,0.0325927498792072,False
1.25,adam,2000,2.3116791248321533,0.0662463517095606,0.07657015417164,False
1.25,adam,2000,3.063464879989624,0.0662463517095606,0.1014716859448397,False
1.25,adam,2000,3.4679741859436035,0.0662463517095606,0.1148703188208485,False
1.25,adam,2000,1.6624757051467896,0.0662463517095606,0.055066475135877,False
1.25,adam,2000,0.3378886282444,0.0662463517095606,0.0111919444526697,False
1.25,adam,2000,2.9869844913482666,0.0662463517095606,0.0989384125824301,False
1.25,adam,2000,3.257817268371582,0.0662463517095606,0.1079092542830119,False
1.25,adam,2000,0.3531687557697296,0.0662463517095606,0.0116980708037747,False
1.25,adam,4000,4.638856410980225,0.0662463517095606,0.153653656665973,False
1.25,adam,4000,8.171405792236328,0.0662463517095606,0.2706629110370143,False
1.25,adam,4000,10.33377742767334,0.0662463517095606,0.3422875269809833,True
1.25,adam,4000,7.352989673614502,0.0662463517095606,0.2435543700175168,False
1.25,adam,4000,0.6811823844909668,0.0662463517095606,0.0225629239106728,False
1.25,adam,4000,9.050145149230955,0.0662463517095606,0.2997695492892639,False
1.25,adam,4000,3.656521797180176,0.0662463517095606,0.1211156145048363,False
1.25,adam,4000,10.437630653381348,0.0662463517095606,0.3457274756391958,True
1.25,adam,4000,0.6570822596549988,0.0662463517095606,0.0217646512376089,False
1.25,adam,4000,8.424997329711914,0.0662463517095606,0.2790626681281022,False
1.25,adam,4000,9.897018432617188,0.0662463517095606,0.3278206819815812,False
1.25,adam,4000,5.5649213790893555,0.0662463517095606,0.1843278694576032,False
1.25,adam,4000,9.795036315917969,0.0662463517095606,0.3244427103961103,False
1.25,adam,4000,4.652296543121338,0.0662463517095606,0.1540988365263945,False
1.25,adam,4000,2.3022964000701904,0.0662463517095606,0.0762593685293525,False
1.25,adam,4000,7.727530479431152,0.0662463517095606,0.2559603509933728,False
1.25,adam,4000,6.416335582733154,0.0662463517095606,0.2125294118501545,False
1.25,adam,4000,0.8695502877235413,0.0662463517095606,0.0288022670948416,False
1.25,adam,4000,8.419023513793945,0.0662463517095606,0.2788647963729272,False
1.25,adam,4000,9.459400177001951,0.0662463517095606,0.3133253755435756,False
1.25,adam,4000,6.8021721839904785,0.0662463517095606,0.2253095454448116,False
1.25,adam,4000,1.2604265213012695,0.0662463517095606,0.0417493293170909,False
1.25,adam,4000,5.704631805419922,0.0662463517095606,0.1889555224776969,False
1.25,adam,4000,8.866851806640625,0.0662463517095606,0.2936982916696339,False
1.25,adam,4000,8.748825073242188,0.0662463517095606,0.2897888714237122,False
1.25,adam,4000,4.9895429611206055,0.0662463517095606,0.165269508936179,False
1.25,adam,4000,7.966619968414307,0.0662463517095606,0.2638797541819914,False
1.25,adam,4000,6.687413215637207,0.0662463517095606,0.221508363955133,False
1.25,adam,4000,7.520362377166748,0.0662463517095606,0.2490982855105678,False
1.25,adam,4000,0.4145060181617737,0.0662463517095606,0.0137297557324371,False
1.25,adam,8000,14.222579002380373,0.0662463517095606,0.4710969854043509,True
1.25,adam,8000,18.297624588012695,0.0662463517095606,0.6060754369534965,True
1.25,adam,8000,20.573631286621097,0.0662463517095606,0.6814640070781607,True
1.25,adam,8000,17.414438247680664,0.0662463517095606,0.5768215004901388,True
1.25,adam,8000,0.7061007022857666,0.0662463517095606,0.0233882977329953,False
1.25,adam,8000,19.43394660949707,0.0662463517095606,0.643714031098783,True
1.25,adam,8000,14.851370811462402,0.0662463517095606,0.4919245670726204,True
1.25,adam,8000,20.666913986206055,0.0662463517095606,0.6845538263407218,True
1.25,adam,8000,0.679036021232605,0.0662463517095606,0.0224918295430179,False
1.25,adam,8000,18.54138565063477,0.0662463517095606,0.6141495774972756,True
1.25,adam,8000,20.09302520751953,0.0662463517095606,0.665544807403203,True
1.25,adam,8000,16.539270401000977,0.0662463517095606,0.5478331620021182,True
1.25,adam,8000,20.051803588867188,0.0662463517095606,0.6641794164795627,True
1.25,adam,8000,14.844282150268556,0.0662463517095606,0.4916897681013217,True
1.25,adam,8000,13.323750495910645,0.0662463517095606,0.4413249307212646,True
1.25,adam,8000,17.888818740844727,0.0662463517095606,0.5925344889872894,True
1.25,adam,8000,17.481040954589844,0.0662463517095606,0.579027593663496,True
1.25,adam,8000,0.945038080215454,0.0662463517095606,0.0313026625204404,False
1.25,adam,8000,18.45786476135254,0.0662463517095606,0.6113831003940327,True
1.25,adam,8000,19.944988250732425,0.0662463517095606,0.6606413532505372,True
1.25,adam,8000,16.732528686523438,0.0662463517095606,0.5542344901788719,True
1.25,adam,8000,3.975149393081665,0.0662463517095606,0.1316695723960672,False
1.25,adam,8000,15.23119831085205,0.0662463517095606,0.5045056601293852,True
1.25,adam,8000,19.172178268432617,0.0662463517095606,0.635043432304491,True
1.25,adam,8000,19.152202606201172,0.0662463517095606,0.6343817749315831,True
1.25,adam,8000,14.42680835723877,0.0662463517095606,0.4778617102400339,True
1.25,adam,8000,18.854516983032227,0.0662463517095606,0.6245214816859183,True
1.25,adam,8000,16.35668182373047,0.0662463517095606,0.5417852484481129,True
1.25,adam,8000,17.627622604370117,0.0662463517095606,0.5838828434262519,True
1.25,adam,8000,8.535923957824707,0.0662463517095606,0.2827369103380601,False
1.25,adam,16000,34.59524917602539,0.0662463517095606,1.1459045221974324,True
1.25,adam,16000,38.632476806640625,0.0662463517095606,1.279630322972079,True
1.25,adam,16000,40.98859024047851,0.0662463517095606,1.3576722825749017,True
1.25,adam,16000,37.75860977172851,0.0662463517095606,1.2506850715009894,True
1.25,adam,16000,0.668734610080719,0.0662463517095606,0.0221506140898815,False
1.25,adam,16000,39.875003814697266,0.0662463517095606,1.3207867635642532,True
1.25,adam,16000,35.24280548095703,0.0662463517095606,1.167353643561555,True
1.25,adam,16000,41.06884002685547,0.0662463517095606,1.360330410361374,True
1.25,adam,16000,0.8068639039993286,0.0662463517095606,0.0267258949830443,False
1.25,adam,16000,38.87409210205078,0.0662463517095606,1.2876333888911542,True
1.25,adam,16000,40.426273345947266,0.0662463517095606,1.3390465611912292,True
1.25,adam,16000,37.17678451538086,0.0662463517095606,1.2314131712182337,True
1.25,adam,16000,40.491641998291016,0.0662463517095606,1.3412117785582012,True
1.25,adam,16000,35.35658645629883,0.0662463517095606,1.1711224308167298,True
1.25,adam,16000,33.84746551513672,0.0662463517095606,1.1211355524964857,True
1.25,adam,16000,38.1067008972168,0.0662463517095606,1.2622149550640265,True
1.25,adam,16000,38.083351135253906,0.0662463517095606,1.2614415367923624,True
1.25,adam,16000,1.025991916656494,0.0662463517095606,0.0339841106809961,False
1.25,adam,16000,38.79772186279297,0.0662463517095606,1.285103764026146,True
1.25,adam,16000,40.513919830322266,0.0662463517095606,1.3419496911062356,True
1.25,adam,16000,37.1727180480957,0.0662463517095606,1.2312784769072398,True
1.25,adam,16000,25.27092933654785,0.0662463517095606,0.8370534364282011,True
1.25,adam,16000,35.60227966308594,0.0662463517095606,1.179260570111464,True
1.25,adam,16000,39.418853759765625,0.0662463517095606,1.3056776250785846,True
1.25,adam,16000,39.402713775634766,0.0662463517095606,1.3051430175459249,True
1.25,adam,16000,34.80366897583008,0.0662463517095606,1.1528080478779812,True
1.25,adam,16000,39.41096878051758,0.0662463517095606,1.3054164495243403,True
1.25,adam,16000,36.726688385009766,0.0662463517095606,1.216504557940396,True
1.25,adam,16000,38.130977630615234,0.0662463517095606,1.2630190775735626,True
1.25,adam,16000,29.11461639404297,0.0662463517095606,0.9643685587643548,True
1.25,adam,40000,94.50887298583984,0.0662463517095606,3.130434019747069,True
1.25,adam,40000,97.93414306640624,0.0662463517095606,3.243889842975787,True
1.25,adam,40000,100.48233032226562,0.0662463517095606,3.328293897562528,True
1.25,adam,40000,97.38093566894533,0.0662463517095606,3.2255658570655243,True
1.25,adam,40000,36.61677932739258,0.0662463517095606,1.2128640208969086,True
1.25,adam,40000,98.80029296875,0.0662463517095606,3.2725794785077205,True
1.25,adam,40000,95.19503784179688,0.0662463517095606,3.153161978936304,True
1.25,adam,40000,100.5363311767578,0.0662463517095606,3.3300825773621803,True
1.25,adam,40000,0.8920151591300964,0.0662463517095606,0.029546374980996,False
1.25,adam,40000,98.3846664428711,0.0662463517095606,3.258812608001122,True
1.25,adam,40000,99.89956665039062,0.0662463517095606,3.308990913977235,True
1.25,adam,40000,96.89481353759766,0.0662463517095606,3.2094639482219947,True
1.25,adam,40000,100.08626556396484,0.0662463517095606,3.31517497492345,True
1.25,adam,40000,95.15740203857422,0.0662463517095606,3.151915361607724,True
1.25,adam,40000,93.67894744873048,0.0662463517095606,3.102944250235023,True
1.25,adam,40000,97.58576202392578,0.0662463517095606,3.2323503564412355,True
1.25,adam,40000,97.8363800048828,0.0662463517095606,3.2406516198968447,True
1.25,adam,40000,7.119365692138672,0.0662463517095606,0.2358160017951989,False
1.25,adam,40000,97.95572662353516,0.0662463517095606,3.24460475893414,True
1.25,adam,40000,100.19723510742188,0.0662463517095606,3.318850638625902,True
1.25,adam,40000,97.04945373535156,0.0662463517095606,3.2145861226864154,True
1.25,adam,40000,85.7288589477539,0.0662463517095606,2.8396120707561088,True
1.25,adam,40000,95.24424743652344,0.0662463517095606,3.154791956996174,True
1.25,adam,40000,98.65782928466795,0.0662463517095606,3.267860628846951,True
1.25,adam,40000,99.2833251953125,0.0662463517095606,3.288579039891676,True
1.25,adam,40000,94.5411148071289,0.0662463517095606,3.1315019712635053,True
1.25,adam,40000,98.78382110595705,0.0662463517095606,3.2720338780997738,True
1.25,adam,40000,96.1076431274414,0.0662463517095606,3.1833903642987096,True
1.25,adam,40000,97.59669494628906,0.0662463517095606,3.232712489551281,True
1.25,adam,40000,89.5071029663086,0.0662463517095606,2.9647595118049677,True
1.25,sgd,1000,0.6414812207221985,0.0662463517095606,0.0212478952815205,False
1.25,sgd,1000,1.8328627347946167,0.0662463517095606,0.0607102346822756,False
1.25,sgd,1000,0.0099345706403255,0.0662463517095606,0.0003290645303612,False
1.25,sgd,1000,1.8934094905853271,0.0662463517095606,0.0627157355217677,False
1.25,sgd,1000,0.8134734034538269,0.0662463517095606,0.0269448225957877,False
1.25,sgd,1000,1.9214227199554443,0.0662463517095606,0.0636436226444544,False
1.25,sgd,1000,0.9504761099815368,0.0662463517095606,0.0314827873366859,False
1.25,sgd,1000,1.4800904989242554,0.0662463517095606,0.0490252978768576,False
1.25,sgd,1000,0.6459009051322937,0.0662463517095606,0.0213942892654587,False
1.25,sgd,1000,1.7535595893859863,0.0662463517095606,0.0580834626510683,False
1.25,sgd,1000,1.3249045610427856,0.0662463517095606,0.0438850467662207,False
1.25,sgd,1000,0.6582923531532288,0.0662463517095606,0.0218047333773515,False
1.25,sgd,1000,1.684806227684021,0.0662463517095606,0.0558061329608068,False
1.25,sgd,1000,1.579671859741211,0.0662463517095606,0.0523237488030559,False
1.25,sgd,1000,1.8054192066192627,0.0662463517095606,0.0598012178724477,False
1.25,sgd,1000,1.3993651866912842,0.0662463517095606,0.0463514191638328,False
1.25,sgd,1000,0.5458173751831055,0.0662463517095606,0.0180792049027846,False
1.25,sgd,1000,0.725787341594696,0.0662463517095606,0.0240403817488146,False
1.25,sgd,1000,0.7892816662788391,0.0662463517095606,0.026143515431108,False
1.25,sgd,1000,1.9224199056625368,0.0662463517095606,0.0636766526019903,False
1.25,sgd,1000,1.6867345571517944,0.0662463517095606,0.0558700053568738,False
1.25,sgd,1000,0.9964037537574768,0.0662463517095606,0.0330040567580721,False
1.25,sgd,1000,0.0759676545858383,0.0662463517095606,0.0025162899821219,False
1.25,sgd,1000,0.2165965437889099,0.0662463517095606,0.0071743654094576,False
1.25,sgd,1000,0.5874089598655701,0.0662463517095606,0.0194568502763008,False
1.25,sgd,1000,1.585045576095581,0.0662463517095606,0.0525017433548554,False
1.25,sgd,1000,0.5723976492881775,0.0662463517095606,0.0189596279962351,False
1.25,sgd,1000,1.930724024772644,0.0662463517095606,0.0639517113995934,False
1.25,sgd,1000,1.7471212148666382,0.0662463517095606,0.057870203239645,False
1.25,sgd,1000,1.8048919439315796,0.0662463517095606,0.0597837532577219,False
1.25,sgd,2000,0.671163022518158,0.0662463517095606,0.0222310508220948,False
1.25,sgd,2000,2.859518051147461,0.0662463517095606,0.094716319268076,False
1.25,sgd,2000,0.0384174957871437,0.0662463517095606,0.0012725094688578,False
1.25,sgd,2000,2.893017053604126,0.0662463517095606,0.0958259126174078,False
1.25,sgd,2000,0.8135330080986023,0.0662463517095606,0.0269467968909184,False
1.25,sgd,2000,2.947837829589844,0.0662463517095606,0.0976417508208783,False
1.25,sgd,2000,0.9488404989242554,0.0662463517095606,0.0314286107040055,False
1.25,sgd,2000,2.5757832527160645,0.0662463517095606,0.0853181216435122,False
1.25,sgd,2000,0.6461393237113953,0.0662463517095606,0.0214021864459813,False
1.25,sgd,2000,2.8113183975219727,0.0662463517095606,0.0931197936648994,False
1.25,sgd,2000,2.443695545196533,0.0662463517095606,0.080942957279088,False
1.25,sgd,2000,0.6803178787231445,0.0662463517095606,0.0225342887340978,False
1.25,sgd,2000,2.7264208793640137,0.0662463517095606,0.0903077182413189,False
1.25,sgd,2000,2.6281774044036865,0.0662463517095606,0.0870535823436233,False
1.25,sgd,2000,2.8413827419281006,0.0662463517095606,0.0941156202316223,False
1.25,sgd,2000,2.526869058609009,0.0662463517095606,0.0836979281903093,False
1.25,sgd,2000,0.5474863052368164,0.0662463517095606,0.0181344851664429,False
1.25,sgd,2000,0.726085364818573,0.0662463517095606,0.0240502532244679,False
1.25,sgd,2000,2.1202995777130127,0.0662463517095606,0.0702310557774045,False
1.25,sgd,2000,2.9159646034240723,0.0662463517095606,0.0965860083455302,False
1.25,sgd,2000,2.72324538230896,0.0662463517095606,0.0902025356939381,False
1.25,sgd,2000,1.026017665863037,0.0662463517095606,0.0339849635764926,False
1.25,sgd,2000,0.1330902874469757,0.0662463517095606,0.0044083729956694,False
1.25,sgd,2000,0.2380280643701553,0.0662463517095606,0.0078842454345056,False
1.25,sgd,2000,0.4106073081493377,0.0662463517095606,0.0136006180750884,False
1.25,sgd,2000,2.644526958465576,0.0662463517095606,0.0875951314979625,False
1.25,sgd,2000,0.5725662112236023,0.0662463517095606,0.0189652113028646,False
1.25,sgd,2000,2.882878303527832,0.0662463517095606,0.0954900850156831,False
1.25,sgd,2000,2.746802806854248,0.0662463517095606,0.0909828324098374,False
1.25,sgd,2000,2.851288318634033,0.0662463517095606,0.0944437243907959,False
1.25,sgd,4000,0.7040771842002869,0.0662463517095606,0.0233212723876046,False
1.25,sgd,4000,4.554928302764893,0.0662463517095606,0.1508736911783975,False
1.25,sgd,4000,0.1180028319358825,0.0662463517095606,0.0039086285535743,False
1.25,sgd,4000,4.544001579284668,0.0662463517095606,0.1505117633950455,False
1.25,sgd,4000,0.8136522173881531,0.0662463517095606,0.0269507454811797,False
1.25,sgd,4000,4.662292957305908,0.0662463517095606,0.1544299495113473,False
1.25,sgd,4000,0.9453701972961426,0.0662463517095606,0.0313136632929084,False
1.25,sgd,4000,4.321467399597168,0.0662463517095606,0.1431407246275571,False
1.25,sgd,4000,0.6466161608695984,0.0662463517095606,0.0214179808070266,False
1.25,sgd,4000,4.545162677764893,0.0662463517095606,0.1505502226641906,False
1.25,sgd,4000,4.175869941711426,0.0662463517095606,0.1383180744259987,False
1.25,sgd,4000,0.7189603447914124,0.0662463517095606,0.0238142499331394,False
1.25,sgd,4000,4.419836044311523,0.0662463517095606,0.1463990065450271,False
1.25,sgd,4000,4.31438684463501,0.0662463517095606,0.1429061941603961,False
1.25,sgd,4000,4.547461032867432,0.0662463517095606,0.1506263514844288,False
1.25,sgd,4000,4.306560039520264,0.0662463517095606,0.1426469455181993,False
1.25,sgd,4000,0.5507840514183044,0.0662463517095606,0.0182437169931368,False
1.25,sgd,4000,0.7266814112663269,0.0662463517095606,0.0240699961757744,False
1.25,sgd,4000,3.961003541946411,0.0662463517095606,0.1312010168812986,False
1.25,sgd,4000,4.564190864562988,0.0662463517095606,0.1511804966417016,False
1.25,sgd,4000,4.412445545196533,0.0662463517095606,0.1461542097431867,False
1.25,sgd,4000,1.0778552293777466,0.0662463517095606,0.0357019883086736,False
1.25,sgd,4000,0.1599666327238083,0.0662463517095606,0.0052986029066077,False
1.25,sgd,4000,0.2792576849460602,0.0662463517095606,0.0092499014072671,False
1.25,sgd,4000,2.7508862018585205,0.0662463517095606,0.0911180874206484,False
1.25,sgd,4000,4.338260650634766,0.0662463517095606,0.1436969704348489,False
1.25,sgd,4000,0.5723744034767151,0.0662463517095606,0.0189588580211342,False
1.25,sgd,4000,4.449129104614258,0.0662463517095606,0.1473692857327593,False
1.25,sgd,4000,4.387417316436768,0.0662463517095606,0.1453251953206433,False
1.25,sgd,4000,4.579017162322998,0.0662463517095606,0.1516715907096817,False
1.25,sgd,8000,0.6664309501647949,0.0662463517095606,0.0220743095573768,False
1.25,sgd,8000,7.318875789642334,0.0662463517095606,0.2424244098396171,False
1.25,sgd,8000,0.1910498589277267,0.0662463517095606,0.006328178074294,False
1.25,sgd,8000,7.235718250274658,0.0662463517095606,0.2396699680394907,False
1.25,sgd,8000,0.8138906359672546,0.0662463517095606,0.0269586426617023,False
1.25,sgd,8000,7.466421127319336,0.0662463517095606,0.2473115800060454,False
1.25,sgd,8000,0.9375720024108888,0.0662463517095606,0.0310553623123743,False
1.25,sgd,8000,7.134217262268066,0.0662463517095606,0.2363079329643145,False
1.25,sgd,8000,0.6475698351860046,0.0662463517095606,0.0214495695291171,False
1.25,sgd,8000,7.357630252838135,0.0662463517095606,0.2437080807392092,False
1.25,sgd,8000,6.948302745819092,0.0662463517095606,0.2301498537420186,False
1.25,sgd,8000,0.7790377736091614,0.0662463517095606,0.0258042051727727,False
1.25,sgd,8000,7.170064449310303,0.0662463517095606,0.2374953056446136,False
1.25,sgd,8000,7.041812896728516,0.0662463517095606,0.2332472069147985,False
1.25,sgd,8000,7.321333408355713,0.0662463517095606,0.2425058139764443,False
1.25,sgd,8000,7.157261848449707,0.0662463517095606,0.2370712428449096,False
1.25,sgd,8000,0.5572213530540466,0.0662463517095606,0.0184569408672478,False
1.25,sgd,8000,0.7278735041618347,0.0662463517095606,0.0241094820783876,False
1.25,sgd,8000,6.838684558868408,0.0662463517095606,0.2265189512587689,False
1.25,sgd,8000,7.2565412521362305,0.0662463517095606,0.240359691991976,False
1.25,sgd,8000,7.1584062576293945,0.0662463517095606,0.2371091493114182,False
1.25,sgd,8000,1.1594825983047483,0.0662463517095606,0.0384057460042057,False
1.25,sgd,8000,3.615429639816284,0.0662463517095606,0.1197545117502198,False
1.25,sgd,8000,0.3529824018478393,0.0662463517095606,0.0116918981700487,False
1.25,sgd,8000,5.9008073806762695,0.0662463517095606,0.1954534805553256,False
1.25,sgd,8000,7.069087505340576,0.0662463517095606,0.2341506285722261,False
1.25,sgd,8000,0.5697529315948486,0.0662463517095606,0.0188720265469927,False
1.25,sgd,8000,7.003303050994873,0.0662463517095606,0.2319716385224226,False
1.25,sgd,8000,7.068850517272949,0.0662463517095606,0.2341427787747866,False
1.25,sgd,8000,7.389864444732666,0.0662463517095606,0.2447757795458685,False
1.25,sgd,16000,5.59034538269043,0.0662463517095606,0.1851699931998142,False
1.25,sgd,16000,11.5789794921875,0.0662463517095606,0.3835325739386213,True
1.25,sgd,16000,2.858302116394043,0.0662463517095606,0.0946760436474106,False
1.25,sgd,16000,11.392473220825195,0.0662463517095606,0.3773548939142683,True
1.25,sgd,16000,0.8143674731254578,0.0662463517095606,0.0269744370227476,False
1.25,sgd,16000,11.779797554016112,0.0662463517095606,0.3901843059153866,True
1.25,sgd,16000,0.9180836081504822,0.0662463517095606,0.0304098448021596,False
1.25,sgd,16000,11.451037406921388,0.0662463517095606,0.3792947257491246,True
1.25,sgd,16000,0.6494771838188171,0.0662463517095606,0.0215127469732981,False
1.25,sgd,16000,11.66732406616211,0.0662463517095606,0.386458826798198,True
1.25,sgd,16000,11.211310386657717,0.0662463517095606,0.3713542054997885,True
1.25,sgd,16000,0.8524197936058044,0.0662463517095606,0.0282348507257005,False
1.25,sgd,16000,11.421828269958496,0.0662463517095606,0.3783272263689364,True
1.25,sgd,16000,11.250529289245604,0.0662463517095606,0.3726532601070386,True
1.25,sgd,16000,11.58647346496582,0.0662463517095606,0.3837807981168086,True
1.25,sgd,16000,11.500950813293455,0.0662463517095606,0.3809480162858977,True
1.25,sgd,16000,0.5697742700576782,0.0662463517095606,0.0188727333446495,False
1.25,sgd,16000,0.7302576899528503,0.0662463517095606,0.0241884538836138,False
1.25,sgd,16000,11.20501708984375,0.0662463517095606,0.3711457515227132,True
1.25,sgd,16000,11.421319961547852,0.0662463517095606,0.3783103895800621,True
1.25,sgd,16000,11.401288986206056,0.0662463517095606,0.3776469000612731,True
1.25,sgd,16000,1.26753032207489,0.0662463517095606,0.0419846297593529,False
1.25,sgd,16000,8.960081100463867,0.0662463517095606,0.2967863419637581,False
1.25,sgd,16000,0.4594849050045013,0.0662463517095606,0.0152195993110811,False
1.25,sgd,16000,10.484790802001951,0.0662463517095606,0.3472895695352936,False
1.25,sgd,16000,11.269936561584473,0.0662463517095606,0.3732960906015806,False
1.25,sgd,16000,0.5538136959075928,0.0662463517095606,0.018344068440333,False
1.25,sgd,16000,10.976893424987791,0.0662463517095606,0.3635895712550523,False
1.25,sgd,16000,11.246112823486328,0.0662463517095606,0.3725069727350375,False
1.25,sgd,16000,11.703285217285156,0.0662463517095606,0.3876499743307869,True
1.25,sgd,40000,16.558935165405273,0.0662463517095606,0.5484845214516245,True
1.25,sgd,40000,19.75058364868164,0.0662463517095606,0.6542020554298305,True
1.25,sgd,40000,15.579627990722656,0.0662463517095606,0.5160467576887641,True
1.25,sgd,40000,19.400718688964844,0.0662463517095606,0.6426134168437053,True
1.25,sgd,40000,0.8157979846000671,0.0662463517095606,0.0270218201058833,False
1.25,sgd,40000,20.007482528686523,0.0662463517095606,0.6627113622091283,True
1.25,sgd,40000,0.807952344417572,0.0662463517095606,0.0267619475864252,False
1.25,sgd,40000,19.718618392944336,0.0662463517095606,0.6531432646428007,True
1.25,sgd,40000,0.6551991701126099,0.0662463517095606,0.021702277331546,False
1.25,sgd,40000,19.8700008392334,0.0662463517095606,0.6581575320325601,True
1.25,sgd,40000,19.430070877075195,0.0662463517095606,0.6435856545322072,True
1.25,sgd,40000,0.8268933296203613,0.0662463517095606,0.02738933317016,False
1.25,sgd,40000,19.651010513305664,0.0662463517095606,0.6509038769563601,True
1.25,sgd,40000,19.40367889404297,0.0662463517095606,0.6427114682370743,True
1.25,sgd,40000,19.771135330200195,0.0662463517095606,0.654882792390881,True
1.25,sgd,40000,19.74385452270508,0.0662463517095606,0.6539791654067599,True
1.25,sgd,40000,0.604499340057373,0.0662463517095606,0.020022937944819,False
1.25,sgd,40000,0.7374082803726196,0.0662463517095606,0.0244253041475534,False
1.25,sgd,40000,19.504026412963867,0.0662463517095606,0.6460352967528821,True
1.25,sgd,40000,19.487276077270508,0.0662463517095606,0.6454804724380844,True
1.25,sgd,40000,19.595884323120117,0.0662463517095606,0.6490779224646402,True
1.25,sgd,40000,1.3731260299682615,0.0662463517095606,0.045482294961415,False
1.25,sgd,40000,18.33212661743164,0.0662463517095606,0.6072182537412871,True
1.25,sgd,40000,0.5466387271881104,0.0662463517095606,0.018106410689685,False
1.25,sgd,40000,19.001903533935547,0.0662463517095606,0.6294033923301184,True
1.25,sgd,40000,19.353759765625,0.0662463517095606,0.6410579881679686,True
1.25,sgd,40000,5.124491214752197,0.0662463517095606,0.1697394236725138,False
1.25,sgd,40000,18.777542114257812,0.0662463517095606,0.6219718295711048,True
1.25,sgd,40000,19.42061233520508,0.0662463517095606,0.6432723575865136,True
1.25,sgd,40000,19.926782608032227,0.0662463517095606,0.6600383245458292,True
1.25,adam,2000,0.1345161497592926,0.0662463517095606,0.004455602083785,False
1.25,adam,2000,3.7140841484069824,0.0662463517095606,0.1230222623871364,False
1.25,adam,2000,5.272712707519531,0.0662463517095606,0.1746489902429042,False
1.25,adam,2000,3.2361056804656982,0.0662463517095606,0.1071900975387188,False
1.25,adam,2000,0.6782063841819763,0.0662463517095606,0.0224643493290942,False
1.25,adam,2000,4.22374963760376,0.0662463517095606,0.1399040020129139,False
1.25,adam,2000,0.7338951826095581,0.0662463517095606,0.0243089391925525,False
1.25,adam,2000,5.387142658233643,0.0662463517095606,0.1784392736234616,False
1.25,adam,2000,0.6549157500267029,0.0662463517095606,0.0216928895581998,False
1.25,adam,2000,3.897718667984009,0.0662463517095606,0.1291048208720943,False
1.25,adam,2000,4.977720260620117,0.0662463517095606,0.164877903548423,False
1.25,adam,2000,0.5019962191581726,0.0662463517095606,0.0166277090456109,False
1.25,adam,2000,4.866057872772217,0.0662463517095606,0.1611792906393723,False
1.25,adam,2000,0.5990753173828125,0.0662463517095606,0.0198432770879292,False
1.25,adam,2000,0.5040199160575867,0.0662463517095606,0.016694740313887,False
1.25,adam,2000,3.0303754806518555,0.0662463517095606,0.1003756599516458,False
1.25,adam,2000,0.3255179524421692,0.0662463517095606,0.0107821883826299,False
1.25,adam,2000,0.859085738658905,0.0662463517095606,0.0284556479959327,False
1.25,adam,2000,3.9064884185791016,0.0662463517095606,0.1293953028632582,False
1.25,adam,2000,4.493669033050537,0.0662463517095606,0.1488445896149135,False
1.25,adam,2000,2.9077279567718506,0.0662463517095606,0.096313184450015,False
1.25,adam,2000,0.9839862585067748,0.0662463517095606,0.0325927498792072,False
1.25,adam,2000,2.3116791248321533,0.0662463517095606,0.07657015417164,False
1.25,adam,2000,3.063464879989624,0.0662463517095606,0.1014716859448397,False
1.25,adam,2000,3.4679741859436035,0.0662463517095606,0.1148703188208485,False
1.25,adam,2000,1.6624757051467896,0.0662463517095606,0.055066475135877,False
1.25,adam,2000,0.3378886282444,0.0662463517095606,0.0111919444526697,False
1.25,adam,2000,2.9869844913482666,0.0662463517095606,0.0989384125824301,False
1.25,adam,2000,3.257817268371582,0.0662463517095606,0.1079092542830119,False
1.25,adam,2000,0.3531687557697296,0.0662463517095606,0.0116980708037747,False
1.35,adam,2000,0.2176386266946792,0.1067705918459203,0.0116187024903621,False
1.35,adam,2000,4.108510971069336,0.1067705918459203,0.2193340739932648,False
1.35,adam,2000,5.447360038757324,0.1067705918459203,0.2908089276679674,False
1.35,adam,2000,3.648409128189087,0.1067705918459203,0.1947714009564034,False
1.35,adam,2000,0.673122227191925,0.1067705918459203,0.0359348292909629,False
1.35,adam,2000,4.531936168670654,0.1067705918459203,0.2419387534684491,False
1.35,adam,2000,0.7401086688041687,0.1067705918459203,0.0395109202992586,False
1.35,adam,2000,5.490110397338867,0.1067705918459203,0.2930911682116557,False
1.35,adam,2000,0.6476973295211792,0.1067705918459203,0.0345775136049991,False
1.35,adam,2000,4.285727500915527,0.1067705918459203,0.2287948308815439,False
1.35,adam,2000,5.222546100616455,0.1067705918459203,0.2788071690527111,False
1.35,adam,2000,0.4960875511169433,0.1067705918459203,0.0264837807200746,False
1.35,adam,2000,5.117188930511475,0.1067705918459203,0.273182645349051,False
1.35,adam,2000,0.5717988610267639,0.1067705918459203,0.0305256514043253,False
1.35,adam,2000,0.4873687326908111,0.1067705918459203,0.026018324018297,False
1.35,adam,2000,3.2707812786102295,0.1067705918459203,0.174611626457885,False
1.35,adam,2000,0.3298337757587433,0.1067705918459203,0.0176082737242677,False
1.35,adam,2000,0.8492892980575562,0.1067705918459203,0.0453395605010057,False
1.35,adam,2000,4.288245677947998,0.1067705918459203,0.2289292645076087,False
1.35,adam,2000,4.8004302978515625,0.1067705918459203,0.2562723920083494,False
1.35,adam,2000,3.27273941040039,0.1067705918459203,0.1747161619029589,False
1.35,adam,2000,0.9705258011817932,0.1067705918459203,0.051811807096958,False
1.35,adam,2000,2.640819311141968,0.1067705918459203,0.1409809204043817,False
1.35,adam,2000,3.3725478649139404,0.1067705918459203,0.1800444657827781,False
1.35,adam,2000,3.658105611801147,0.1067705918459203,0.1952890506034454,False
1.35,adam,2000,1.8196476697921753,0.1067705918459203,0.0971424293273801,False
1.35,adam,2000,0.3665977120399475,0.1067705918459203,0.0195709273419327,False
1.35,adam,2000,3.314045667648315,0.1067705918459203,0.1769213086696093,False
1.35,adam,2000,3.641380071640014,0.1067705918459203,0.1943961526924719,False
1.35,adam,2000,0.3497087955474853,0.1067705918459203,0.0186693075371644,False
1.45,adam,2000,0.2726348042488098,0.1512839606725933,0.0206226365019785,False
1.45,adam,2000,4.331075191497803,0.1512839606725933,0.327611104470299,False
1.45,adam,2000,5.466699600219727,0.1512839606725933,0.4135119836642613,True
1.45,adam,2000,3.922449588775635,0.1512839606725933,0.2967018546642815,False
1.45,adam,2000,0.6684407591819763,0.1512839606725933,0.0505621827620222,False
1.45,adam,2000,4.6612348556518555,0.1512839606725933,0.3525850352940782,True
1.45,adam,2000,0.745353102684021,0.1512839606725933,0.0563799847368224,False
1.45,adam,2000,5.46549129486084,0.1512839606725933,0.4134205850540642,True
1.45,adam,2000,0.6408175230026245,0.1512839606725933,0.0484727064741188,False
1.45,adam,2000,4.492852687835693,0.1512839606725933,0.339848274667145,False
1.45,adam,2000,5.293097019195557,0.1512839606725933,0.4003803406441007,True
1.45,adam,2000,0.4900080263614654,0.1512839606725933,0.0370651774946615,False
1.45,adam,2000,5.196598052978516,0.1512839606725933,0.3930809677390383,True
1.45,adam,2000,0.5456666946411133,0.1512839606725933,0.041275309386215,False
1.45,adam,2000,0.4702359139919281,0.1512839606725933,0.0355695757595979,False
1.45,adam,2000,3.378816843032837,0.1512839606725933,0.2555803972006378,False
1.45,adam,2000,0.3382691442966461,0.1512839606725933,0.0255873479612628,False
1.45,adam,2000,0.8397777676582336,0.1512839606725933,0.0635224533880632,False
1.45,adam,2000,4.49418830871582,0.1512839606725933,0.3399493036754964,False
1.45,adam,2000,4.9232072830200195,0.1512839606725933,0.3724011484937128,True
1.45,adam,2000,3.5207390785217285,0.1512839606725933,0.2663156761467718,False
1.45,adam,2000,0.9577722549438475,0.1512839606725933,0.072447790075113,False
1.45,adam,2000,2.896698474884033,0.1512839606725933,0.2191120090773585,False
1.45,adam,2000,3.6095833778381343,0.1512839606725933,0.2730360348886554,False
1.45,adam,2000,3.7064883708953857,0.1512839606725933,0.280366120467981,False
1.45,adam,2000,1.932872414588928,0.1512839606725933,0.1462062971769059,False
1.45,adam,2000,0.3812998831272125,0.1512839606725933,0.0288422782617408,False
1.45,adam,2000,3.5363757610321045,0.1512839606725933,0.2674984657777465,False
1.45,adam,2000,3.88690733909607,0.1512839606725933,0.294013368512912,False
1.45,adam,2000,0.3464124798774719,0.1512839606725933,0.0262033259911394,False
1.5,adam,2000,0.2889381051063537,0.1744776842420989,0.0252066257341283,False
1.5,adam,2000,4.394019603729248,0.1744776842420989,0.3833291824865323,True
1.5,adam,2000,5.441926002502441,0.1744776842420989,0.4747473233667444,True
1.5,adam,2000,4.01510763168335,0.1744776842420989,0.3502733407794446,False
1.5,adam,2000,0.6662501096725464,0.1744776842420989,0.0581228881308551,False
1.5,adam,2000,4.681643009185791,0.1744776842420989,0.4084211153454742,True
1.5,adam,2000,0.7476645112037659,0.1744776842420989,0.0652253862524169,False
1.5,adam,2000,5.425278186798096,0.1744776842420989,0.4732949872008527,True
1.5,adam,2000,0.6374976634979248,0.1744776842420989,0.0556145580184333,False
1.5,adam,2000,4.547369956970215,0.1744776842420989,0.3967072897421281,True
1.5,adam,2000,5.288018703460693,0.1744776842420989,0.4613206288043642,True
1.5,adam,2000,0.48687943816185,0.1744776842420989,0.0424747984377869,False
1.5,adam,2000,5.196073532104492,0.1744776842420989,0.4532994385166277,True
1.5,adam,2000,0.5329522490501404,0.1744776842420989,0.0464941371129434,False
1.5,adam,2000,0.4611554145812988,0.1744776842420989,0.040230664405925,False
1.5,adam,2000,3.3957056999206543,0.1744776842420989,0.2962374334449258,False
1.5,adam,2000,0.3407979309558868,0.1744776842420989,0.0297308168938409,False
1.5,adam,2000,0.835099458694458,0.1744776842420989,0.0728531098324197,False
1.5,adam,2000,4.549479007720947,0.1744776842420989,0.3968912808875966,False
1.5,adam,2000,4.939854621887207,0.1744776842420989,0.4309471974597547,True
1.5,adam,2000,3.606820106506348,0.1744776842420989,0.3146548098305342,False
1.5,adam,2000,0.951656699180603,0.1744776842420989,0.0830214285332557,False
1.5,adam,2000,2.997375011444092,0.1744776842420989,0.26148752540095,False
1.5,adam,2000,3.7070751190185542,0.1744776842420989,0.3234009410389304,False
1.5,adam,2000,3.694703340530395,0.1744776842420989,0.3223216414086453,False
1.5,adam,2000,1.9732722043991089,0.1744776842420989,0.1721459823014291,False
1.5,adam,2000,0.3864122629165649,0.1744776842420989,0.0337101583982156,False
1.5,adam,2000,3.6137888431549072,0.1744776842420989,0.315262754346801,False
1.5,adam,2000,3.967543125152588,0.1744776842420989,0.3461238683036419,False
1.5,adam,2000,0.3448227345943451,0.1744776842420989,0.0300819361030246,False
2.0,adam,2000,0.3531569242477417,0.4402489042560642,0.077738474465255,False
2.0,adam,2000,4.2373456954956055,0.4402489042560642,0.9327433996980452,True
2.0,adam,2000,4.824608325958252,0.4402489042560642,1.0620142644839023,True
2.0,adam,2000,4.009288787841797,0.4402489042560642,0.8825424978467376,True
2.0,adam,2000,0.6485653519630432,0.4402489042560642,0.1427650927700892,False
2.0,adam,2000,4.295177459716797,0.4402489042560642,0.9454735851128326,True
2.0,adam,2000,0.7629460692405701,0.4402489042560642,0.1679430854948161,False
2.0,adam,2000,4.748504161834717,0.4402489042560642,1.0452618770515474,True
2.0,adam,2000,0.6080554127693176,0.4402489042560642,0.1338478645993304,False
2.0,adam,2000,4.321439266204834,0.4402489042560642,0.9512544508779042,True
2.0,adam,2000,4.757082939147949,0.4402489042560642,1.047150275707551,True
2.0,adam,2000,0.4877121448516845,0.4402489042560642,0.1073573686816645,False
2.0,adam,2000,4.695028305053711,0.4402489042560642,1.0334905333755513,True
2.0,adam,2000,0.4070973992347717,0.4402489042560642,0.0896120919693008,False
2.0,adam,2000,3.598517656326294,0.4402489042560642,0.7921217275718756,True
2.0,adam,2000,2.9154484272003174,0.4402489042560642,0.6417614877450027,True
2.0,adam,2000,0.3552423417568207,0.4402489042560642,0.0781975258518992,False
2.0,adam,2000,0.7749478220939636,0.4402489042560642,0.1705849647662454,False
2.0,adam,2000,4.364462375640869,0.4402489042560642,0.9607248892713558,True
2.0,adam,2000,4.529655456542969,0.4402489042560642,0.9970879257002722,True
2.0,adam,2000,3.6932942867279057,0.4402489042560642,0.8129843814135714,True
2.0,adam,2000,0.8992564678192139,0.4402489042560642,0.1979483373012938,False
2.0,adam,2000,3.309783935546875,0.4402489042560642,0.7285643754744178,True
2.0,adam,2000,4.114715099334717,0.4402489042560642,0.9057494069039956,True
2.0,adam,2000,3.031413316726685,0.4402489042560642,0.6672881955180823,True
2.0,adam,2000,1.9234997034072876,0.4402489042560642,0.4234093183809614,False
2.0,adam,2000,0.4098754823207855,0.4402489042560642,0.0902236159865758,False
2.0,adam,2000,3.6918442249298096,0.4402489042560642,0.8126651873547137,True
2.0,adam,2000,3.9854178428649902,0.4402489042560642,0.8772879191619396,True
2.0,adam,2000,0.3307662308216095,0.4402489042560642,0.072809735342061,False
1.25,adamw,5000,6.172813892364502,0.0662463517095606,0.2044632000756203,False
1.25,adamw,5000,8.851411819458008,0.0662463517095606,0.2931868702589885,False
1.25,adamw,5000,10.51389980316162,0.0662463517095606,0.3482537520996624,True
1.25,adamw,5000,8.195381164550781,0.0662463517095606,0.2714570515103697,False
1.25,adamw,5000,0.4649389088153839,0.0662463517095606,0.0154002532384216,False
1.25,adamw,5000,9.611382484436035,0.0662463517095606,0.31835951223953,True
1.25,adamw,5000,7.394359111785889,0.0662463517095606,0.2449246571930811,False
1.25,adamw,5000,10.56987762451172,0.0662463517095606,0.3501079153202092,True
1.25,adamw,5000,0.4446981549263,0.0662463517095606,0.0147298151879201,False
1.25,adamw,5000,9.032849311828612,0.0662463517095606,0.2991966562254304,False
1.25,adamw,5000,10.165509223937988,0.0662463517095606,0.3367139496778892,False
1.25,adamw,5000,8.210227012634277,0.0662463517095606,0.2719487931471527,False
1.25,adamw,5000,10.110355377197266,0.0662463517095606,0.3348870791132287,False
1.25,adamw,5000,6.832086563110352,0.0662463517095606,0.2263004046849857,False
1.25,adamw,5000,2.7917938232421875,0.0662463517095606,0.0924730777575404,False
1.25,adamw,5000,8.662333488464355,0.0662463517095606,0.2869239954511574,False
1.25,adamw,5000,8.819534301757812,0.0662463517095606,0.292130985634391,False
1.25,adamw,5000,0.6246532797813416,0.0662463517095606,0.0206905004344626,False
1.25,adamw,5000,9.015820503234863,0.0662463517095606,0.2986326080037823,False
1.25,adamw,5000,9.967485427856444,0.0662463517095606,0.3301547726568491,False
1.25,adamw,5000,7.703138828277588,0.0662463517095606,0.2551524220428248,False
1.25,adamw,5000,0.840736448764801,0.0662463517095606,0.0278478612399599,False
1.25,adamw,5000,6.700899124145508,0.0662463517095606,0.2219550600742149,False
1.25,adamw,5000,9.970850944519045,0.0662463517095606,0.3302662492571065,False
1.25,adamw,5000,9.603495597839355,0.0662463517095606,0.3180982735078415,False
1.25,adamw,5000,6.163984775543213,0.0662463517095606,0.2041707516865063,False
1.25,adamw,5000,9.560277938842772,0.0662463517095606,0.3166667673888658,False
1.25,adamw,5000,7.523833274841309,0.0662463517095606,0.2492132526646162,False
1.25,adamw,5000,8.345683097839355,0.0662463517095606,0.2764355288780006,False
1.25,adamw,5000,2.6796000003814697,0.0662463517095606,0.0887568620331048,False
1.25,adamw,6000,7.96382474899292,0.0662463517095606,0.2637871676375441,False
1.25,adamw,6000,10.590758323669434,0.0662463517095606,0.3507995503903809,True
1.25,adamw,6000,12.14840316772461,0.0662463517095606,0.4023936944793124,True
1.25,adamw,6000,9.974039077758787,0.0662463517095606,0.3303718503550552,False
1.25,adamw,6000,0.4353173375129699,0.0662463517095606,0.0144190927230768,False
1.25,adamw,6000,11.359025955200195,0.0662463517095606,0.3762470142531099,True
1.25,adamw,6000,9.351899147033691,0.0662463517095606,0.3097646000233669,False
1.25,adamw,6000,12.197311401367188,0.0662463517095606,0.4040136905030022,True
1.25,adamw,6000,0.4141135215759277,0.0662463517095606,0.0137167549990018,False
1.25,adamw,6000,10.75527000427246,0.0662463517095606,0.3562486997171604,True
1.25,adamw,6000,11.818553924560549,0.0662463517095606,0.3914680399924229,True
1.25,adamw,6000,10.149227142333984,0.0662463517095606,0.3361746354256379,True
1.25,adamw,6000,11.780233383178713,0.0662463517095606,0.390198741961382,True
1.25,adamw,6000,8.70325756072998,0.0662463517095606,0.2882795306935054,False
1.25,adamw,6000,5.538610935211182,0.0662463517095606,0.1834563839982091,False
1.25,adamw,6000,10.42501449584961,0.0662463517095606,0.3453095884346605,True
1.25,adamw,6000,10.74810028076172,0.0662463517095606,0.356011215704484,True
1.25,adamw,6000,0.6016183495521545,0.0662463517095606,0.0199275103896787,False
1.25,adamw,6000,10.718653678894045,0.0662463517095606,0.3550358507324953,False
1.25,adamw,6000,11.712408065795898,0.0662463517095606,0.3879521520463048,True
1.25,adamw,6000,9.47884750366211,0.0662463517095606,0.3139695327644454,False
1.25,adamw,6000,3.3276498317718506,0.0662463517095606,0.1102223305609091,False
1.25,adamw,6000,8.445977210998535,0.0662463517095606,0.2797575884253714,False
1.25,adamw,6000,11.657636642456056,0.0662463517095606,0.3861379485592026,True
1.25,adamw,6000,11.354037284851074,0.0662463517095606,0.3760817736478544,True
1.25,adamw,6000,7.924798488616943,0.0662463517095606,0.2624944939521562,False
1.25,adamw,6000,11.415349006652832,0.0662463517095606,0.3781126125910534,True
1.25,adamw,6000,9.250635147094728,0.0662463517095606,0.3064104147456301,False
1.25,adamw,6000,10.112194061279297,0.0662463517095606,0.3349479821694192,False
1.25,adamw,6000,5.289226055145264,0.0662463517095606,0.1751959647602625,False
1.25,adamw,8000,11.399816513061523,0.0662463517095606,0.3775981270743653,True
1.25,adamw,8000,13.741379737854004,0.0662463517095606,0.4551581375442531,True
1.25,adamw,8000,15.064447402954102,0.0662463517095606,0.4989823404831372,True
1.25,adamw,8000,13.237064361572266,0.0662463517095606,0.4384536106494033,True
1.25,adamw,8000,0.3976683020591736,0.0662463517095606,0.0131720371009779,False
1.25,adamw,8000,14.465821266174316,0.0662463517095606,0.4791539416833126,True
1.25,adamw,8000,12.710665702819824,0.0662463517095606,0.4210176153058257,True
1.25,adamw,8000,15.102849006652832,0.0662463517095606,0.5002543235555559,True
1.25,adamw,8000,0.3708410859107971,0.0662463517095606,0.012283434502801,False
1.25,adamw,8000,13.869388580322266,0.0662463517095606,0.4593981969442962,True
1.25,adamw,8000,14.7810640335083,0.0662463517095606,0.4895957833026637,True
1.25,adamw,8000,13.504237174987791,0.0662463517095606,0.4473032227317823,True
1.25,adamw,8000,14.759550094604492,0.0662463517095606,0.4888831733210239,True
1.25,adamw,8000,12.128313064575195,0.0662463517095606,0.4017282464597536,True
1.25,adamw,8000,9.61750316619873,0.0662463517095606,0.3185622486579069,False
1.25,adamw,8000,13.600505828857422,0.0662463517095606,0.450491946283209,True
1.25,adamw,8000,14.033968925476074,0.0662463517095606,0.4648496206590662,True
1.25,adamw,8000,0.5968577265739441,0.0662463517095606,0.0197698234375931,False
1.25,adamw,8000,13.811461448669434,0.0662463517095606,0.4574794663757964,True
1.25,adamw,8000,14.79709529876709,0.0662463517095606,0.4901267897210052,True
1.25,adamw,8000,12.783041000366213,0.0662463517095606,0.4234149150139967,True
1.25,adamw,8000,7.977753162384033,0.0662463517095606,0.264248520923676,False
1.25,adamw,8000,11.810173034667969,0.0662463517095606,0.3911904383026915,True
1.25,adamw,8000,14.637935638427734,0.0662463517095606,0.4848549163025977,True
1.25,adamw,8000,14.446600914001465,0.0662463517095606,0.4785173025783004,True
1.25,adamw,8000,11.36971950531006,0.0662463517095606,0.3766012185939108,False
1.25,adamw,8000,14.593640327453612,0.0662463517095606,0.4833877149276597,True
1.25,adamw,8000,12.505702018737791,0.0662463517095606,0.414228567154133,False
1.25,adamw,8000,13.345954895019531,0.0662463517095606,0.442060410937698,True
1.25,adamw,8000,9.357929229736328,0.0662463517095606,0.3099643355131452,False
1.25,adamw,4000,4.417346477508545,0.0662463517095606,0.1463165441860098,False
1.25,adamw,4000,7.037173271179199,0.0662463517095606,0.2330935277818282,False
1.25,adamw,4000,8.749534606933594,0.0662463517095606,0.2898123734329475,False
1.25,adamw,4000,6.382327556610107,0.0662463517095606,0.2114029580204069,False
1.25,adamw,4000,0.499581515789032,0.0662463517095606,0.0165477264012778,False
1.25,adamw,4000,7.749643802642822,0.0662463517095606,0.2566928144868465,False
1.25,adamw,4000,5.083879470825195,0.0662463517095606,0.1683942337366503,False
1.25,adamw,4000,8.811686515808105,0.0662463517095606,0.2918710420403082,False
1.25,adamw,4000,0.4795442819595337,0.0662463517095606,0.0158840295814999,False
1.25,adamw,4000,7.228919506072998,0.0662463517095606,0.2394447720397075,False
1.25,adamw,4000,8.399784088134766,0.0662463517095606,0.2782275254934733,False
1.25,adamw,4000,6.0282883644104,0.0662463517095606,0.1996760555976916,False
1.25,adamw,4000,8.321624755859375,0.0662463517095606,0.2756386401858233,False
1.25,adamw,4000,4.87777853012085,0.0662463517095606,0.1615675160338647,False
1.25,adamw,4000,0.3622554540634155,0.0662463517095606,0.0119990511092958,False
1.25,adamw,4000,6.805468559265137,0.0662463517095606,0.2254187318627175,False
1.25,adamw,4000,6.594598770141602,0.0662463517095606,0.2184340547551182,False
1.25,adamw,4000,0.6580979824066162,0.0662463517095606,0.0217982952009304,False
1.25,adamw,4000,7.232719898223877,0.0662463517095606,0.2395706530972382,False
1.25,adamw,4000,8.096250534057617,0.0662463517095606,0.2681735302039494,False
1.25,adamw,4000,5.921788215637207,0.0662463517095606,0.1961484324413168,False
1.25,adamw,4000,0.9605200290679932,0.0662463517095606,0.0318154738348578,False
1.25,adamw,4000,5.018809795379639,0.0662463517095606,0.1662389194340537,False
1.25,adamw,4000,8.121718406677246,0.0662463517095606,0.2690171070273765,False
1.25,adamw,4000,7.707858085632324,0.0662463517095606,0.2553087388340898,False
1.25,adamw,4000,4.493073463439941,0.0662463517095606,0.148824862457968,False
1.25,adamw,4000,7.455758094787598,0.0662463517095606,0.2469583865043513,False
1.25,adamw,4000,5.812832832336426,0.0662463517095606,0.1925394841199201,False
1.25,adamw,4000,6.530016899108887,0.0662463517095606,0.2162948980838708,False
1.25,adamw,4000,0.2898122668266296,0.0662463517095606,0.0095995026789709,False
1.25,adamw,2000,0.929416835308075,0.0662463517095606,0.0307852372783027,False
1.25,adamw,2000,3.4430553913116455,0.0662463517095606,0.114044929204165,False
1.25,adamw,2000,4.8453688621521,0.0662463517095606,0.1604940049023407,False
1.25,adamw,2000,3.015132427215576,0.0662463517095606,0.0998707616121121,False
1.25,adamw,2000,0.5808421969413757,0.0662463517095606,0.0192393382331661,False
1.25,adamw,2000,3.8941357135772705,0.0662463517095606,0.1289861420432003,False
1.25,adamw,2000,0.5821226239204407,0.0662463517095606,0.0192817500411628,False
1.25,adamw,2000,4.9305877685546875,0.0662463517095606,0.1633167257252657,False
1.25,adamw,2000,0.5599847435951233,0.0662463517095606,0.0185484731380953,False
1.25,adamw,2000,3.6018190383911133,0.0662463517095606,0.1193036854057245,False
1.25,adamw,2000,4.5777268409729,0.0662463517095606,0.1516288511686933,False
1.25,adamw,2000,0.4073781371116638,0.0662463517095606,0.0134936576749424,False
1.25,adamw,2000,4.47486686706543,0.0662463517095606,0.148221802164538,False
1.25,adamw,2000,0.465853214263916,0.0662463517095606,0.0154305379385783,False
1.25,adamw,2000,0.4429389238357544,0.0662463517095606,0.0146715438671388,False
1.25,adamw,2000,2.9340529441833496,0.0662463517095606,0.097185151637421,False
1.25,adamw,2000,0.2610473930835724,0.0662463517095606,0.0086467187075391,False
1.25,adamw,2000,0.7462863326072693,0.0662463517095606,0.0247193734329696,False
1.25,adamw,2000,3.6193532943725586,0.0662463517095606,0.1198844756500806,False
1.25,adamw,2000,4.147129058837891,0.0662463517095606,0.137366085108357,False
1.25,adamw,2000,2.713042974472046,0.0662463517095606,0.0898645995450138,False
1.25,adamw,2000,0.8589577674865723,0.0662463517095606,0.0284514091842872,False
1.25,adamw,2000,2.1806647777557373,0.0662463517095606,0.0722305429139287,False
1.25,adamw,2000,3.512728691101074,0.0662463517095606,0.1163527301654731,False
1.25,adamw,2000,3.4070303440093994,0.0662463517095606,0.1128516652271959,False
1.25,adamw,2000,1.6492507457733154,0.0662463517095606,0.0546284224808771,False
1.25,adamw,2000,0.6931526064872742,0.0662463517095606,0.0229594156788773,False
1.25,adamw,2000,2.782695770263672,0.0662463517095606,0.0921717213487969,False
1.25,adamw,2000,3.0496809482574463,0.0662463517095606,0.1010151183501045,False
1.25,adamw,2000,0.2996232509613037,0.0662463517095606,0.0099244736317722,False
1.25,adamw,1000,0.3346449732780456,0.0662463517095606,0.0110845042988069,False
1.25,adamw,1000,1.8124643564224243,0.0662463517095606,0.0600345756083011,False
1.25,adamw,1000,2.69736647605896,0.0662463517095606,0.0893453441312899,False
1.25,adamw,1000,1.601818561553955,0.0662463517095606,0.0530573179018028,False
1.25,adamw,1000,0.6269135475158691,0.0662463517095606,0.0207653676801123,False
1.25,adamw,1000,2.077289581298828,0.0662463517095606,0.068806428102664,False
1.25,adamw,1000,0.6971968412399292,0.0662463517095606,0.0230933735777875,False
1.25,adamw,1000,2.820709228515625,0.0662463517095606,0.0934308478113247,False
1.25,adamw,1000,0.6053154468536377,0.0662463517095606,0.0200499699937479,False
1.25,adamw,1000,1.9238953590393064,0.0662463517095606,0.0637255243036546,False
1.25,adamw,1000,2.5582213401794434,0.0662463517095606,0.0847364153262154,False
1.25,adamw,1000,0.4404263198375702,0.0662463517095606,0.0145883184430535,False
1.25,adamw,1000,2.4809281826019287,0.0662463517095606,0.0821762204754042,False
1.25,adamw,1000,0.4245880842208862,0.0662463517095606,0.0140637057794926,False
1.25,adamw,1000,0.4776222109794616,0.0662463517095606,0.0158203644864216,False
1.25,adamw,1000,0.363884836435318,0.0662463517095606,0.012053021428135,False
1.25,adamw,1000,0.3058011829853058,0.0662463517095606,0.0101291063606221,False
1.25,adamw,1000,0.7985116243362427,0.0662463517095606,0.0264492409549756,False
1.25,adamw,1000,1.9159079790115356,0.0662463517095606,0.0634609569103758,False
1.25,adamw,1000,2.22069787979126,0.0662463517095606,0.0735565663926636,False
1.25,adamw,1000,1.395038366317749,0.0662463517095606,0.0462081011317082,False
1.25,adamw,1000,0.822545051574707,0.0662463517095606,0.0272453043917883,False
1.25,adamw,1000,1.0201481580734253,0.0662463517095606,0.0337905468377962,False
1.25,adamw,1000,0.4338111281394958,0.0662463517095606,0.0143692022851251,False
1.25,adamw,1000,0.3235519826412201,0.0662463517095606,0.0107170692191879,False
1.25,adamw,1000,0.2809340357780456,0.0662463517095606,0.0093054274706693,False
1.25,adamw,1000,0.3794827759265899,0.0662463517095606,0.0125696747208766,False
1.25,adamw,1000,1.553638219833374,0.0662463517095606,0.0514614319702486,False
1.25,adamw,1000,1.4853016138076782,0.0662463517095606,0.0491979065515407,False
1.25,adamw,1000,0.3076021373271942,0.0662463517095606,0.0101887596879949,False
1.25,adamw,16000,21.100996017456055,0.0662463517095606,0.6989320017972158,True
1.25,adamw,16000,22.33841133117676,0.0662463517095606,0.7399191268389848,True
1.25,adamw,16000,23.051786422729492,0.0662463517095606,0.763548375446906,True
1.25,adamw,16000,22.09017562866211,0.0662463517095606,0.7316967720111571,True
1.25,adamw,16000,11.226800918579102,0.0662463517095606,0.3718673011127046,True
1.25,adamw,16000,22.74978256225586,0.0662463517095606,0.7535450484676154,True
1.25,adamw,16000,21.803091049194336,0.0662463517095606,0.7221876190002504,True
1.25,adamw,16000,23.067462921142575,0.0662463517095606,0.7640676308606299,True
1.25,adamw,16000,11.235114097595217,0.0662463517095606,0.3721426600031676,True
1.25,adamw,16000,22.39798927307129,0.0662463517095606,0.7418925374854233,True
1.25,adamw,16000,22.898345947265625,0.0662463517095606,0.7584659395948753,True
1.25,adamw,16000,22.30871200561523,0.0662463517095606,0.7389353908556421,True
1.25,adamw,16000,22.912904739379883,0.0662463517095606,0.758948173026309,True
1.25,adamw,16000,21.52502822875977,0.0662463517095606,0.71297729530032,True
1.25,adamw,16000,20.20459747314453,0.0662463517095606,0.6692404351780161,True
1.25,adamw,16000,22.239336013793945,0.0662463517095606,0.7366374376784457,True
1.25,adamw,16000,22.580711364746097,0.0662463517095606,0.7479448734605211,True
1.25,adamw,16000,11.726555824279783,0.0662463517095606,0.3884207707385175,True
1.25,adamw,16000,22.37389373779297,0.0662463517095606,0.7410944168330844,True
1.25,adamw,16000,22.970056533813477,0.0662463517095606,0.7608412219637491,True
1.25,adamw,16000,21.868200302124023,0.0662463517095606,0.7243442442348139,True
1.25,adamw,16000,19.2763729095459,0.0662463517095606,0.638494689725212,True
1.25,adamw,16000,21.31723403930664,0.0662463517095606,0.7060944918214626,True
1.25,adamw,16000,22.790924072265625,0.0662463517095606,0.7549077859386,True
1.25,adamw,16000,22.71453094482422,0.0662463517095606,0.7523774029442617,True
1.25,adamw,16000,21.105085372924805,0.0662463517095606,0.6990674542375399,True
1.25,adamw,16000,22.86313247680664,0.0662463517095606,0.7572995576204052,True
1.25,adamw,16000,21.69170379638672,0.0662463517095606,0.7184981194375228,True
1.25,adamw,16000,22.18550491333008,0.0662463517095606,0.7348543806713247,True
1.25,adamw,16000,20.064464569091797,0.0662463517095606,0.6645987883540364,True
1.25,adamw,40000,30.408292770385746,0.0662463517095606,1.0072192288771316,True
1.25,adamw,40000,30.555871963500977,0.0662463517095606,1.012107520443194,True
1.25,adamw,40000,30.665245056152344,0.0662463517095606,1.0157303046248665,True
1.25,adamw,40000,30.519458770751953,0.0662463517095606,1.010901399856334,True
1.25,adamw,40000,28.903539657592773,0.0662463517095606,0.957377026904062,True
1.25,adamw,40000,30.600433349609375,0.0662463517095606,1.0135835350715954,True
1.25,adamw,40000,30.49839782714844,0.0662463517095606,1.0102037945176874,True
1.25,adamw,40000,30.66898536682129,0.0662463517095606,1.0158541955929057,True
1.25,adamw,40000,28.90509796142578,0.0662463517095606,0.957428642875958,True
1.25,adamw,40000,30.55986595153809,0.0662463517095606,1.0122398140113091,True
1.25,adamw,40000,30.650354385375977,0.0662463517095606,1.0152370783181452,True
1.25,adamw,40000,30.553464889526367,0.0662463517095606,1.0120277905086377,True
1.25,adamw,40000,30.669641494750977,0.0662463517095606,1.0158759286337038,True
1.25,adamw,40000,30.44280433654785,0.0662463517095606,1.008362361552143,True
1.25,adamw,40000,30.24627685546875,0.0662463517095606,1.001852747236063,True
1.25,adamw,40000,30.54239845275879,0.0662463517095606,1.0116612349774994,True
1.25,adamw,40000,30.591609954833984,0.0662463517095606,1.013291276214814,True
1.25,adamw,40000,28.988920211791992,0.0662463517095606,0.9602051020153812,True
1.25,adamw,40000,30.573589324951172,0.0662463517095606,1.0126943757221916,True
1.25,adamw,40000,30.66307830810547,0.0662463517095606,1.0156585350482767,True
1.25,adamw,40000,30.498180389404297,0.0662463517095606,1.0101965922890506,True
1.25,adamw,40000,30.11517906188965,0.0662463517095606,0.9975103719651688,True
1.25,adamw,40000,30.41093635559082,0.0662463517095606,1.0073067928147663,True
1.25,adamw,40000,30.621566772460938,0.0662463517095606,1.014283541153121,True
1.25,adamw,40000,30.62446975708008,0.0662463517095606,1.014379697223165,True
1.25,adamw,40000,30.382476806640625,0.0662463517095606,1.0063641221701414,True
1.25,adamw,40000,30.627225875854492,0.0662463517095606,1.014470988630006,True
1.25,adamw,40000,30.503150939941406,0.0662463517095606,1.0103612327085865,True
1.25,adamw,40000,30.55276870727539,0.0662463517095606,1.0120047307415116,True
1.25,adamw,40000,30.219661712646484,0.0662463517095606,1.000971169179961,True
