previous forecast process finished
gate (38, 1462.62)
{"setting": "w1_sgd", "seed": 9310000, "split": "dev", "status": "ok", "t_obs": 5741, "s_ref": 1.9043640962158586, "secs_run": 2.8}
{"setting": "w1_sgd", "seed": 9310001, "split": "dev", "status": "ok", "t_obs": 937, "s_ref": 2.2135752790954557, "secs_run": 1.8}
{"setting": "w1_sgd", "seed": 9310002, "split": "dev", "status": "ok", "t_obs": 674, "s_ref": 2.045096622181722, "secs_run": 1.8}
{"setting": "w1_sgd", "seed": 9310003, "split": "dev", "status": "ok", "t_obs": 779, "s_ref": 1.9394679035138025, "secs_run": 1.8}
{"setting": "w1_sgd", "seed": 9310004, "split": "dev", "status": "ok", "t_obs": 678, "s_ref": 2.0002552729987917, "secs_run": 1.8}
{"setting": "w1_sgd", "seed": 9310100, "split": "dev", "status": "ok", "t_obs": 969, "s_ref": 2.203724879249749, "secs_run": 1.8}
{"setting": "w1_sgd", "seed": 9310101, "split": "dev", "status": "ok", "t_obs": 988, "s_ref": 2.6104418977668598, "secs_run": 2.0}
{"setting": "w1_sgd", "seed": 9310102, "split": "dev", "status": "ok", "t_obs": null, "s_ref": 1.9977164163535739, "secs_run": 3.1}
{"setting": "w1_sgd", "seed": 9310103, "split": "dev", "status": "ok", "t_obs": 9070, "s_ref": 1.8579958777035395, "secs_run": 2.2}
{"setting": "w1_sgd", "seed": 9310104, "split": "dev", "status": "ok", "t_obs": 759, "s_ref": 2.1251632883184053, "secs_run": 1.9}
{"setting": "w1_sgd", "seed": 9310105, "split": "dev", "status": "ok", "t_obs": 652, "s_ref": 2.411935670543391, "secs_run": 1.9}
{"setting": "w1_sgd", "seed": 9310106, "split": "dev", "status": "ok", "t_obs": 820, "s_ref": 2.2393250413575423, "secs_run": 1.9}
{"setting": "w1_sgd", "seed": 9310107, "split": "dev", "status": "ok", "t_obs": 23052, "s_ref": 1.9593614833666977, "secs_run": 2.7}
{"setting": "w1_sgd", "seed": 9310108, "split": "dev", "status": "ok", "t_obs": null, "s_ref": 2.3260162739342487, "secs_run": 3.1}
{"setting": "w1_sgd", "seed": 9310109, "split": "dev", "status": "ok", "t_obs": 880, "s_ref": 1.9421464938536261, "secs_run": 1.9}
{"setting": "w1_sgd", "seed": 9310110, "split": "dev", "status": "ok", "t_obs": 895, "s_ref": 1.859683713249253, "secs_run": 1.9}
{"setting": "w1_sgd", "seed": 9310111, "split": "dev", "status": "ok", "t_obs": 906, "s_ref": 1.928868519744917, "secs_run": 1.9}
{"setting": "w1_sgd", "seed": 9310112, "split": "dev", "status": "ok", "t_obs": null, "s_ref": 1.978579619221922, "secs_run": 3.0}
{"setting": "w1_sgd", "seed": 9310113, "split": "dev", "status": "ok", "t_obs": 1021, "s_ref": 2.0072966867390853, "secs_run": 1.9}
{"setting": "w1_sgd", "seed": 9310114, "split": "dev", "status": "ok", "t_obs": 936, "s_ref": 1.970386040735129, "secs_run": 1.9}
{"setting": "w1_sgd", "seed": 9310115, "split": "dev", "status": "ok", "t_obs": 941, "s_ref": 2.1195691146861906, "secs_run": 1.9}
{"setting": "w1_sgd", "seed": 9310116, "split": "dev", "status": "ok", "t_obs": 756, "s_ref": 2.0622874308910033, "secs_run": 1.9}
{"setting": "w1_sgd", "seed": 9310117, "split": "dev", "status": "ok", "t_obs": 832, "s_ref": 2.3141769155811422, "secs_run": 1.9}
{"setting": "w1_sgd", "seed": 9310118, "split": "dev", "status": "ok", "t_obs": 740, "s_ref": 2.126024445819569, "secs_run": 1.8}
{"setting": "w1_sgd", "seed": 9310119, "split": "dev", "status": "ok", "t_obs": 26063, "s_ref": 2.0249523852906837, "secs_run": 2.8}
gate (42, 1494.62)
{"setting": "w1_sgd", "seed": 9310200, "split": "est", "status": "ok", "t_obs": 1085, "s_ref": 2.2429385299962803, "secs_run": 2.5}
{"setting": "w1_sgd", "seed": 9310201, "split": "est", "status": "ok", "t_obs": 781, "s_ref": 2.102808812282187, "secs_run": 1.9}
{"setting": "w1_sgd", "seed": 9310202, "split": "est", "status": "ok", "t_obs": 615, "s_ref": 1.9060381815175367, "secs_run": 1.9}
{"setting": "w1_sgd", "seed": 9310203, "split": "est", "status": "ok", "t_obs": 1415, "s_ref": 2.3230839213352548, "secs_run": 1.9}
{"setting": "w1_sgd", "seed": 9310204, "split": "est", "status": "ok", "t_obs": 574, "s_ref": 2.3477291142921617, "secs_run": 1.8}
{"setting": "w1_sgd", "seed": 9310205, "split": "est", "status": "ok", "t_obs": 595, "s_ref": 2.475606496430122, "secs_run": 1.8}
{"setting": "w1_sgd", "seed": 9310206, "split": "est", "status": "ok", "t_obs": 1073, "s_ref": 2.636730113069082, "secs_run": 1.8}
{"setting": "w1_sgd", "seed": 9310207, "split": "est", "status": "ok", "t_obs": null, "s_ref": 2.147624269646572, "secs_run": 2.9}
{"setting": "w1_sgd", "seed": 9310208, "split": "est", "status": "ok", "t_obs": 22611, "s_ref": 2.042482818917425, "secs_run": 2.6}
{"setting": "w1_sgd", "seed": 9310209, "split": "est", "status": "ok", "t_obs": 657, "s_ref": 1.9873853365129506, "secs_run": 1.8}
{"setting": "w1_sgd", "seed": 9310210, "split": "est", "status": "ok", "t_obs": 819, "s_ref": 2.253208622989563, "secs_run": 1.8}
{"setting": "w1_sgd", "seed": 9310211, "split": "est", "status": "ok", "t_obs": 600, "s_ref": 1.9733091684360744, "secs_run": 1.8}
{"setting": "w1_sgd", "seed": 9310212, "split": "est", "status": "ok", "t_obs": 7162, "s_ref": 1.950412157324473, "secs_run": 2.0}
{"setting": "w1_sgd", "seed": 9310213, "split": "est", "status": "ok", "t_obs": null, "s_ref": 2.1854901754164677, "secs_run": 3.0}
{"setting": "w1_sgd", "seed": 9310214, "split": "est", "status": "ok", "t_obs": 652, "s_ref": 1.9501393346335498, "secs_run": 1.8}
{"setting": "w1_sgd", "seed": 9310215, "split": "est", "status": "ok", "t_obs": null, "s_ref": 2.121874120287025, "secs_run": 2.9}
{"setting": "w1_sgd", "seed": 9310216, "split": "est", "status": "ok", "t_obs": 827, "s_ref": 2.0329040239552594, "secs_run": 1.8}
{"setting": "w1_sgd", "seed": 9310217, "split": "est", "status": "ok", "t_obs": 808, "s_ref": 2.0118290911672014, "secs_run": 1.8}
{"setting": "w1_sgd", "seed": 9310218, "split": "est", "status": "ok", "t_obs": 592, "s_ref": 2.442862366382231, "secs_run": 1.8}
{"setting": "w1_sgd", "seed": 9310219, "split": "est", "status": "ok", "t_obs": null, "s_ref": 2.2276403562914897, "secs_run": 3.0}
{"setting": "w1_sgd", "seed": 9310220, "split": "est", "status": "ok", "t_obs": 1998, "s_ref": 2.446096914966744, "secs_run": 2.0}
{"setting": "w1_sgd", "seed": 9310221, "split": "est", "status": "ok", "t_obs": 1024, "s_ref": 2.066567496684856, "secs_run": 1.9}
{"setting": "w1_sgd", "seed": 9310222, "split": "est", "status": "ok", "t_obs": 906, "s_ref": 2.330789997462732, "secs_run": 1.9}
{"setting": "w1_sgd", "seed": 9310223, "split": "est", "status": "ok", "t_obs": 2405, "s_ref": 1.9588011016423912, "secs_run": 1.9}
{"setting": "w1_sgd", "seed": 9310224, "split": "est", "status": "ok", "t_obs": 2924, "s_ref": 1.9218898535404665, "secs_run": 2.0}
{"setting": "w1_sgd", "seed": 9310225, "split": "est", "status": "ok", "t_obs": 1085, "s_ref": 2.6320330106099092, "secs_run": 1.9}
{"setting": "w1_sgd", "seed": 9310226, "split": "est", "status": "ok", "t_obs": 684, "s_ref": 2.0752866831264924, "secs_run": 1.9}
{"setting": "w1_sgd", "seed": 9310227, "split": "est", "status": "ok", "t_obs": 793, "s_ref": 1.996371495115008, "secs_run": 1.9}
{"setting": "w1_sgd", "seed": 9310228, "split": "est", "status": "ok", "t_obs": null, "s_ref": 2.1174083289033767, "secs_run": 3.0}
{"setting": "w1_sgd", "seed": 9310229, "split": "est", "status": "ok", "t_obs": 814, "s_ref": 2.2422733082784196, "secs_run": 1.9}
{"setting": "w1_sgd", "seed": 9310230, "split": "est", "status": "ok", "t_obs": 846, "s_ref": 2.3553022575962954, "secs_run": 1.9}
{"setting": "w1_sgd", "seed": 9310231, "split": "est", "status": "ok", "t_obs": 614, "s_ref": 1.8542850366708739, "secs_run": 1.9}
{"setting": "w1_sgd", "seed": 9310232, "split": "est", "status": "ok", "t_obs": 867, "s_ref": 2.2548700039649425, "secs_run": 1.9}
{"setting": "w1_sgd", "seed": 9310233, "split": "est", "status": "ok", "t_obs": null, "s_ref": 2.299231908639162, "secs_run": 3.0}
{"setting": "w1_sgd", "seed": 9310234, "split": "est", "status": "ok", "t_obs": null, "s_ref": 2.120609472174393, "secs_run": 3.1}
{"setting": "w1_sgd", "seed": 9310235, "split": "est", "status": "ok", "t_obs": 1261, "s_ref": 1.855793129812687, "secs_run": 1.9}
{"setting": "w1_sgd", "seed": 9310236, "split": "est", "status": "ok", "t_obs": null, "s_ref": 1.7409232238886014, "secs_run": 3.0}
{"setting": "w1_sgd", "seed": 9310237, "split": "est", "status": "ok", "t_obs": 1024, "s_ref": 1.9769784908991896, "secs_run": 1.9}
{"setting": "w1_sgd", "seed": 9310238, "split": "est", "status": "ok", "t_obs": 741, "s_ref": 2.020116333914401, "secs_run": 1.9}
{"setting": "w1_sgd", "seed": 9310239, "split": "est", "status": "ok", "t_obs": 7709, "s_ref": 2.266827490280364, "secs_run": 2.1}
gate (41, 1582.62)
{"seed": 9310000, "family": "quad", "window_frac": 0.05, "f": 0.8, "status": "no forecast: no predicted crossing on the extrapolated path", "t_c": 5334, "t_fc": null, "err_cross": null, "err_lag": null, "err_ref": -4, "secs": 0.2}
{"seed": 9310000, "family": "quad", "window_frac": 0.05, "f": 0.9, "status": "ok", "t_c": 5412, "t_fc": 5785, "err_cross": 44, "err_lag": -14, "err_ref": -4, "secs": 0.19}
{"seed": 9310000, "family": "quad", "window_frac": 0.05, "f": 0.95, "status": "ok", "t_c": 5452, "t_fc": 5754, "err_cross": 13, "err_lag": -8, "err_ref": -4, "secs": 0.19}
{"seed": 9310000, "family": "quad", "window_frac": 0.05, "f": 0.98, "status": "ok", "t_c": 5477, "t_fc": 5746, "err_cross": 5, "err_lag": -7, "err_ref": -4, "secs": 0.19}
{"seed": 9310000, "family": "quad", "window_frac": 0.1, "f": 0.8, "status": "no forecast: no predicted crossing on the extrapolated path", "t_c": 5334, "t_fc": null, "err_cross": null, "err_lag": null, "err_ref": -4, "secs": 0.21}
{"seed": 9310000, "family": "quad", "window_frac": 0.1, "f": 0.9, "status": "ok", "t_c": 5412, "t_fc": 5785, "err_cross": 44, "err_lag": -14, "err_ref": -4, "secs": 0.19}
{"seed": 9310000, "family": "quad", "window_frac": 0.1, "f": 0.95, "status": "ok", "t_c": 5452, "t_fc": 5754, "err_cross": 13, "err_lag": -8, "err_ref": -4, "secs": 0.2}
{"seed": 9310000, "family": "quad", "window_frac": 0.1, "f": 0.98, "status": "ok", "t_c": 5477, "t_fc": 5746, "err_cross": 5, "err_lag": -7, "err_ref": -4, "secs": 0.19}
{"seed": 9310000, "family": "quad", "window_frac": 0.25, "f": 0.8, "status": "no forecast: no predicted crossing on the extrapolated path", "t_c": 5334, "t_fc": null, "err_cross": null, "err_lag": null, "err_ref": -4, "secs": 0.2}
{"seed": 9310000, "family": "quad", "window_frac": 0.25, "f": 0.9, "status": "ok", "t_c": 5412, "t_fc": 5805, "err_cross": 64, "err_lag": -19, "err_ref": -4, "secs": 0.19}
{"seed": 9310000, "family": "quad", "window_frac": 0.25, "f": 0.95, "status": "ok", "t_c": 5452, "t_fc": 5762, "err_cross": 21, "err_lag": -9, "err_ref": -4, "secs": 0.19}
{"seed": 9310000, "family": "quad", "window_frac": 0.25, "f": 0.98, "status": "ok", "t_c": 5477, "t_fc": 5751, "err_cross": 10, "err_lag": -8, "err_ref": -4, "secs": 0.2}
{"seed": 9310000, "family": "rate", "window_frac": 0.05, "f": 0.8, "status": "ok", "t_c": 5334, "t_fc": 5783, "err_cross": 42, "err_lag": -6, "err_ref": -4, "secs": 0.19}
{"seed": 9310000, "family": "rate", "window_frac": 0.05, "f": 0.9, "status": "ok", "t_c": 5412, "t_fc": 5749, "err_cross": 8, "err_lag": -5, "err_ref": -4, "secs": 0.2}
{"seed": 9310000, "family": "rate", "window_frac": 0.05, "f": 0.95, "status": "ok", "t_c": 5452, "t_fc": 5743, "err_cross": 2, "err_lag": -5, "err_ref": -4, "secs": 0.19}
{"seed": 9310000, "family": "rate", "window_frac": 0.05, "f": 0.98, "status": "ok", "t_c": 5477, "t_fc": 5741, "err_cross": 0, "err_lag": -4, "err_ref": -4, "secs": 0.2}
{"seed": 9310000, "family": "rate", "window_frac": 0.1, "f": 0.8, "status": "ok", "t_c": 5334, "t_fc": 5783, "err_cross": 42, "err_lag": -6, "err_ref": -4, "secs": 0.19}
{"seed": 9310000, "family": "rate", "window_frac": 0.1, "f": 0.9, "status": "ok", "t_c": 5412, "t_fc": 5749, "err_cross": 8, "err_lag": -5, "err_ref": -4, "secs": 0.2}
{"seed": 9310000, "family": "rate", "window_frac": 0.1, "f": 0.95, "status": "ok", "t_c": 5452, "t_fc": 5743, "err_cross": 2, "err_lag": -5, "err_ref": -4, "secs": 0.19}
{"seed": 9310000, "family": "rate", "window_frac": 0.1, "f": 0.98, "status": "ok", "t_c": 5477, "t_fc": 5741, "err_cross": 0, "err_lag": -4, "err_ref": -4, "secs": 0.2}
{"seed": 9310000, "family": "rate", "window_frac": 0.25, "f": 0.8, "status": "ok", "t_c": 5334, "t_fc": 5783, "err_cross": 42, "err_lag": -6, "err_ref": -4, "secs": 0.19}
{"seed": 9310000, "family": "rate", "window_frac": 0.25, "f": 0.9, "status": "ok", "t_c": 5412, "t_fc": 5752, "err_cross": 11, "err_lag": -5, "err_ref": -4, "secs": 0.19}
{"seed": 9310000, "family": "rate", "window_frac": 0.25, "f": 0.95, "status": "ok", "t_c": 5452, "t_fc": 5745, "err_cross": 4, "err_lag": -5, "err_ref": -4, "secs": 0.19}
{"seed": 9310000, "family": "rate", "window_frac": 0.25, "f": 0.98, "status": "ok", "t_c": 5477, "t_fc": 5742, "err_cross": 1, "err_lag": -5, "err_ref": -4, "secs": 0.19}
{"seed": 9310000, "family": "lin", "window_frac": 0.05, "f": 0.8, "status": "ok", "t_c": 5334, "t_fc": 5642, "err_cross": -99, "err_lag": 0, "err_ref": -4, "secs": 0.19}
{"seed": 9310000, "family": "lin", "window_frac": 0.05, "f": 0.9, "status": "ok", "t_c": 5412, "t_fc": 5684, "err_cross": -57, "err_lag": 0, "err_ref": -4, "secs": 0.19}
{"seed": 9310000, "family": "lin", "window_frac": 0.05, "f": 0.95, "status": "ok", "t_c": 5452, "t_fc": 5700, "err_cross": -41, "err_lag": -1, "err_ref": -4, "secs": 0.19}
{"seed": 9310000, "family": "lin", "window_frac": 0.05, "f": 0.98, "status": "ok", "t_c": 5477, "t_fc": 5709, "err_cross": -32, "err_lag": -1, "err_ref": -4, "secs": 0.19}
{"seed": 9310000, "family": "lin", "window_frac": 0.1, "f": 0.8, "status": "ok", "t_c": 5334, "t_fc": 5642, "err_cross": -99, "err_lag": 0, "err_ref": -4, "secs": 0.19}
{"seed": 9310000, "family": "lin", "window_frac": 0.1, "f": 0.9, "status": "ok", "t_c": 5412, "t_fc": 5684, "err_cross": -57, "err_lag": 0, "err_ref": -4, "secs": 0.19}
{"seed": 9310000, "family": "lin", "window_frac": 0.1, "f": 0.95, "status": "ok", "t_c": 5452, "t_fc": 5700, "err_cross": -41, "err_lag": -1, "err_ref": -4, "secs": 0.2}
{"seed": 9310000, "family": "lin", "window_frac": 0.1, "f": 0.98, "status": "ok", "t_c": 5477, "t_fc": 5709, "err_cross": -32, "err_lag": -1, "err_ref": -4, "secs": 0.19}
{"seed": 9310000, "family": "lin", "window_frac": 0.25, "f": 0.8, "status": "ok", "t_c": 5334, "t_fc": 5641, "err_cross": -100, "err_lag": 0, "err_ref": -4, "secs": 0.19}
{"seed": 9310000, "family": "lin", "window_frac": 0.25, "f": 0.9, "status": "ok", "t_c": 5412, "t_fc": 5679, "err_cross": -62, "err_lag": -1, "err_ref": -4, "secs": 0.19}
{"seed": 9310000, "family": "lin", "window_frac": 0.25, "f": 0.95, "status": "ok", "t_c": 5452, "t_fc": 5695, "err_cross": -46, "err_lag": -1, "err_ref": -4, "secs": 0.19}
{"seed": 9310000, "family": "lin", "window_frac": 0.25, "f": 0.98, "status": "ok", "t_c": 5477, "t_fc": 5704, "err_cross": -37, "err_lag": 0, "err_ref": -4, "secs": 0.19}
{"seed": 9310001, "family": "quad", "window_frac": 0.05, "f": 0.8, "status": "ok", "t_c": 646, "t_fc": 955, "err_cross": 18, "err_lag": -7, "err_ref": -4, "secs": 0.19}
{"seed": 9310001, "family": "quad", "window_frac": 0.05, "f": 0.9, "status": "ok", "t_c": 750, "t_fc": 935, "err_cross": -2, "err_lag": -4, "err_ref": -4, "secs": 0.19}
{"seed": 9310001, "family": "quad", "window_frac": 0.05, "f": 0.95, "status": "ok", "t_c": 804, "t_fc": 933, "err_cross": -4, "err_lag": -4, "err_ref": -4, "secs": 0.19}
{"seed": 9310001, "family": "quad", "window_frac": 0.05, "f": 0.98, "status": "ok", "t_c": 838, "t_fc": 933, "err_cross": -4, "err_lag": -4, "err_ref": -4, "secs": 0.19}
{"seed": 9310001, "family": "quad", "window_frac": 0.1, "f": 0.8, "status": "ok", "t_c": 646, "t_fc": 955, "err_cross": 18, "err_lag": -7, "err_ref": -4, "secs": 0.19}
{"seed": 9310001, "family": "quad", "window_frac": 0.1, "f": 0.9, "status": "ok", "t_c": 750, "t_fc": 935, "err_cross": -2, "err_lag": -4, "err_ref": -4, "secs": 0.19}
{"seed": 9310001, "family": "quad", "window_frac": 0.1, "f": 0.95, "status": "ok", "t_c": 804, "t_fc": 933, "err_cross": -4, "err_lag": -4, "err_ref": -4, "secs": 0.21}
{"seed": 9310001, "family": "quad", "window_frac": 0.1, "f": 0.98, "status": "ok", "t_c": 838, "t_fc": 933, "err_cross": -4, "err_lag": -4, "err_ref": -4, "secs": 0.19}
{"seed": 9310001, "family": "quad", "window_frac": 0.25, "f": 0.8, "status": "ok", "t_c": 646, "t_fc": 960, "err_cross": 23, "err_lag": -7, "err_ref": -4, "secs": 0.19}
{"seed": 9310001, "family": "quad", "window_frac": 0.25, "f": 0.9, "status": "ok", "t_c": 750, "t_fc": 936, "err_cross": -1, "err_lag": -5, "err_ref": -4, "secs": 0.19}
{"seed": 9310001, "family": "quad", "window_frac": 0.25, "f": 0.95, "status": "ok", "t_c": 804, "t_fc": 933, "err_cross": -4, "err_lag": -5, "err_ref": -4, "secs": 0.19}
{"seed": 9310001, "family": "quad", "window_frac": 0.25, "f": 0.98, "status": "ok", "t_c": 838, "t_fc": 933, "err_cross": -4, "err_lag": -4, "err_ref": -4, "secs": 0.19}
{"seed": 9310001, "family": "rate", "window_frac": 0.05, "f": 0.8, "status": "ok", "t_c": 646, "t_fc": 940, "err_cross": 3, "err_lag": -5, "err_ref": -4, "secs": 0.19}
{"seed": 9310001, "family": "rate", "window_frac": 0.05, "f": 0.9, "status": "ok", "t_c": 750, "t_fc": 934, "err_cross": -3, "err_lag": -4, "err_ref": -4, "secs": 0.19}
{"seed": 9310001, "family": "rate", "window_frac": 0.05, "f": 0.95, "status": "ok", "t_c": 804, "t_fc": 933, "err_cross": -4, "err_lag": -4, "err_ref": -4, "secs": 0.19}
{"seed": 9310001, "family": "rate", "window_frac": 0.05, "f": 0.98, "status": "ok", "t_c": 838, "t_fc": 933, "err_cross": -4, "err_lag": -4, "err_ref": -4, "secs": 0.19}
{"seed": 9310001, "family": "rate", "window_frac": 0.1, "f": 0.8, "status": "ok", "t_c": 646, "t_fc": 940, "err_cross": 3, "err_lag": -5, "err_ref": -4, "secs": 0.19}
{"seed": 9310001, "family": "rate", "window_frac": 0.1, "f": 0.9, "status": "ok", "t_c": 750, "t_fc": 934, "err_cross": -3, "err_lag": -4, "err_ref": -4, "secs": 0.2}
{"seed": 9310001, "family": "rate", "window_frac": 0.1, "f": 0.95, "status": "ok", "t_c": 804, "t_fc": 933, "err_cross": -4, "err_lag": -4, "err_ref": -4, "secs": 0.2}
{"seed": 9310001, "family": "rate", "window_frac": 0.1, "f": 0.98, "status": "ok", "t_c": 838, "t_fc": 933, "err_cross": -4, "err_lag": -4, "err_ref": -4, "secs": 0.19}
{"seed": 9310001, "family": "rate", "window_frac": 0.25, "f": 0.8, "status": "ok", "t_c": 646, "t_fc": 942, "err_cross": 5, "err_lag": -4, "err_ref": -4, "secs": 0.19}
{"seed": 9310001, "family": "rate", "window_frac": 0.25, "f": 0.9, "status": "ok", "t_c": 750, "t_fc": 934, "err_cross": -3, "err_lag": -5, "err_ref": -4, "secs": 0.19}
{"seed": 9310001, "family": "rate", "window_frac": 0.25, "f": 0.95, "status": "ok", "t_c": 804, "t_fc": 933, "err_cross": -4, "err_lag": -4, "err_ref": -4, "secs": 0.19}
{"seed": 9310001, "family": "rate", "window_frac": 0.25, "f": 0.98, "status": "ok", "t_c": 838, "t_fc": 933, "err_cross": -4, "err_lag": -4, "err_ref": -4, "secs": 0.19}
{"seed": 9310001, "family": "lin", "window_frac": 0.05, "f": 0.8, "status": "ok", "t_c": 646, "t_fc": 892, "err_cross": -45, "err_lag": -3, "err_ref": -4, "secs": 0.19}
{"seed": 9310001, "family": "lin", "window_frac": 0.05, "f": 0.9, "status": "ok", "t_c": 750, "t_fc": 922, "err_cross": -15, "err_lag": -2, "err_ref": -4, "secs": 0.18}
{"seed": 9310001, "family": "lin", "window_frac": 0.05, "f": 0.95, "status": "ok", "t_c": 804, "t_fc": 930, "err_cross": -7, "err_lag": -3, "err_ref": -4, "secs": 0.19}
{"seed": 9310001, "family": "lin", "window_frac": 0.05, "f": 0.98, "status": "ok", "t_c": 838, "t_fc": 933, "err_cross": -4, "err_lag": -3, "err_ref": -4, "secs": 0.18}
{"seed": 9310001, "family": "lin", "window_frac": 0.1, "f": 0.8, "status": "ok", "t_c": 646, "t_fc": 892, "err_cross": -45, "err_lag": -3, "err_ref": -4, "secs": 0.19}
{"seed": 9310001, "family": "lin", "window_frac": 0.1, "f": 0.9, "status": "ok", "t_c": 750, "t_fc": 922, "err_cross": -15, "err_lag": -2, "err_ref": -4, "secs": 0.19}
{"seed": 9310001, "family": "lin", "window_frac": 0.1, "f": 0.95, "status": "ok", "t_c": 804, "t_fc": 930, "err_cross": -7, "err_lag": -3, "err_ref": -4, "secs": 0.19}
{"seed": 9310001, "family": "lin", "window_frac": 0.1, "f": 0.98, "status": "ok", "t_c": 838, "t_fc": 933, "err_cross": -4, "err_lag": -3, "err_ref": -4, "secs": 0.19}
{"seed": 9310001, "family": "lin", "window_frac": 0.25, "f": 0.8, "status": "ok", "t_c": 646, "t_fc": 888, "err_cross": -49, "err_lag": -3, "err_ref": -4, "secs": 0.18}
{"seed": 9310001, "family": "lin", "window_frac": 0.25, "f": 0.9, "status": "ok", "t_c": 750, "t_fc": 918, "err_cross": -19, "err_lag": -3, "err_ref": -4, "secs": 0.19}
{"seed": 9310001, "family": "lin", "window_frac": 0.25, "f": 0.95, "status": "ok", "t_c": 804, "t_fc": 928, "err_cross": -9, "err_lag": -3, "err_ref": -4, "secs": 0.19}
{"seed": 9310001, "family": "lin", "window_frac": 0.25, "f": 0.98, "status": "ok", "t_c": 838, "t_fc": 932, "err_cross": -5, "err_lag": -3, "err_ref": -4, "secs": 0.19}
{"seed": 9310002, "family": "quad", "window_frac": 0.05, "f": 0.8, "status": "ok", "t_c": 409, "t_fc": 688, "err_cross": 14, "err_lag": -8, "err_ref": -1, "secs": 0.19}
{"seed": 9310002, "family": "quad", "window_frac": 0.05, "f": 0.9, "status": "ok", "t_c": 496, "t_fc": 673, "err_cross": -1, "err_lag": -3, "err_ref": -1, "secs": 0.18}
{"seed": 9310002, "family": "quad", "window_frac": 0.05, "f": 0.95, "status": "ok", "t_c": 542, "t_fc": 672, "err_cross": -2, "err_lag": -2, "err_ref": -1, "secs": 0.18}
{"seed": 9310002, "family": "quad", "window_frac": 0.05, "f": 0.98, "status": "ok", "t_c": 570, "t_fc": 672, "err_cross": -2, "err_lag": -2, "err_ref": -1, "secs": 0.19}
{"seed": 9310002, "family": "quad", "window_frac": 0.1, "f": 0.8, "status": "ok", "t_c": 409, "t_fc": 688, "err_cross": 14, "err_lag": -8, "err_ref": -1, "secs": 0.19}
{"seed": 9310002, "family": "quad", "window_frac": 0.1, "f": 0.9, "status": "ok", "t_c": 496, "t_fc": 673, "err_cross": -1, "err_lag": -3, "err_ref": -1, "secs": 0.18}
{"seed": 9310002, "family": "quad", "window_frac": 0.1, "f": 0.95, "status": "ok", "t_c": 542, "t_fc": 672, "err_cross": -2, "err_lag": -2, "err_ref": -1, "secs": 0.18}
{"seed": 9310002, "family": "quad", "window_frac": 0.1, "f": 0.98, "status": "ok", "t_c": 570, "t_fc": 672, "err_cross": -2, "err_lag": -2, "err_ref": -1, "secs": 0.18}
{"seed": 9310002, "family": "quad", "window_frac": 0.25, "f": 0.8, "status": "ok", "t_c": 409, "t_fc": 690, "err_cross": 16, "err_lag": -9, "err_ref": -1, "secs": 0.18}
{"seed": 9310002, "family": "quad", "window_frac": 0.25, "f": 0.9, "status": "ok", "t_c": 496, "t_fc": 673, "err_cross": -1, "err_lag": -4, "err_ref": -1, "secs": 0.18}
{"seed": 9310002, "family": "quad", "window_frac": 0.25, "f": 0.95, "status": "ok", "t_c": 542, "t_fc": 672, "err_cross": -2, "err_lag": -3, "err_ref": -1, "secs": 0.19}
{"seed": 9310002, "family": "quad", "window_frac": 0.25, "f": 0.98, "status": "ok", "t_c": 570, "t_fc": 672, "err_cross": -2, "err_lag": -2, "err_ref": -1, "secs": 0.19}
{"seed": 9310002, "family": "rate", "window_frac": 0.05, "f": 0.8, "status": "ok", "t_c": 409, "t_fc": 678, "err_cross": 4, "err_lag": -3, "err_ref": -1, "secs": 0.18}
{"seed": 9310002, "family": "rate", "window_frac": 0.05, "f": 0.9, "status": "ok", "t_c": 496, "t_fc": 673, "err_cross": -1, "err_lag": -2, "err_ref": -1, "secs": 0.18}
{"seed": 9310002, "family": "rate", "window_frac": 0.05, "f": 0.95, "status": "ok", "t_c": 542, "t_fc": 672, "err_cross": -2, "err_lag": -2, "err_ref": -1, "secs": 0.18}
{"seed": 9310002, "family": "rate", "window_frac": 0.05, "f": 0.98, "status": "ok", "t_c": 570, "t_fc": 672, "err_cross": -2, "err_lag": -2, "err_ref": -1, "secs": 0.18}
{"seed": 9310002, "family": "rate", "window_frac": 0.1, "f": 0.8, "status": "ok", "t_c": 409, "t_fc": 678, "err_cross": 4, "err_lag": -3, "err_ref": -1, "secs": 0.18}
{"seed": 9310002, "family": "rate", "window_frac": 0.1, "f": 0.9, "status": "ok", "t_c": 496, "t_fc": 673, "err_cross": -1, "err_lag": -2, "err_ref": -1, "secs": 0.18}
{"seed": 9310002, "family": "rate", "window_frac": 0.1, "f": 0.95, "status": "ok", "t_c": 542, "t_fc": 672, "err_cross": -2, "err_lag": -2, "err_ref": -1, "secs": 0.18}
{"seed": 9310002, "family": "rate", "window_frac": 0.1, "f": 0.98, "status": "ok", "t_c": 570, "t_fc": 672, "err_cross": -2, "err_lag": -2, "err_ref": -1, "secs": 0.18}
{"seed": 9310002, "family": "rate", "window_frac": 0.25, "f": 0.8, "status": "ok", "t_c": 409, "t_fc": 679, "err_cross": 5, "err_lag": -3, "err_ref": -1, "secs": 0.18}
{"seed": 9310002, "family": "rate", "window_frac": 0.25, "f": 0.9, "status": "ok", "t_c": 496, "t_fc": 673, "err_cross": -1, "err_lag": -2, "err_ref": -1, "secs": 0.18}
{"seed": 9310002, "family": "rate", "window_frac": 0.25, "f": 0.95, "status": "ok", "t_c": 542, "t_fc": 672, "err_cross": -2, "err_lag": -2, "err_ref": -1, "secs": 0.18}
{"seed": 9310002, "family": "rate", "window_frac": 0.25, "f": 0.98, "status": "ok", "t_c": 570, "t_fc": 672, "err_cross": -2, "err_lag": -2, "err_ref": -1, "secs": 0.19}
{"seed": 9310002, "family": "lin", "window_frac": 0.05, "f": 0.8, "status": "ok", "t_c": 409, "t_fc": 642, "err_cross": -32, "err_lag": 5, "err_ref": -1, "secs": 0.19}
{"seed": 9310002, "family": "lin", "window_frac": 0.05, "f": 0.9, "status": "ok", "t_c": 496, "t_fc": 666, "err_cross": -8, "err_lag": 3, "err_ref": -1, "secs": 0.19}
{"seed": 9310002, "family": "lin", "window_frac": 0.05, "f": 0.95, "status": "ok", "t_c": 542, "t_fc": 673, "err_cross": -1, "err_lag": 3, "err_ref": -1, "secs": 0.18}
{"seed": 9310002, "family": "lin", "window_frac": 0.05, "f": 0.98, "status": "ok", "t_c": 570, "t_fc": 675, "err_cross": 1, "err_lag": 2, "err_ref": -1, "secs": 0.18}
{"seed": 9310002, "family": "lin", "window_frac": 0.1, "f": 0.8, "status": "ok", "t_c": 409, "t_fc": 642, "err_cross": -32, "err_lag": 5, "err_ref": -1, "secs": 0.18}
{"seed": 9310002, "family": "lin", "window_frac": 0.1, "f": 0.9, "status": "ok", "t_c": 496, "t_fc": 666, "err_cross": -8, "err_lag": 3, "err_ref": -1, "secs": 0.18}
{"seed": 9310002, "family": "lin", "window_frac": 0.1, "f": 0.95, "status": "ok", "t_c": 542, "t_fc": 673, "err_cross": -1, "err_lag": 3, "err_ref": -1, "secs": 0.18}
{"seed": 9310002, "family": "lin", "window_frac": 0.1, "f": 0.98, "status": "ok", "t_c": 570, "t_fc": 675, "err_cross": 1, "err_lag": 2, "err_ref": -1, "secs": 0.18}
{"seed": 9310002, "family": "lin", "window_frac": 0.25, "f": 0.8, "status": "ok", "t_c": 409, "t_fc": 640, "err_cross": -34, "err_lag": 4, "err_ref": -1, "secs": 0.18}
{"seed": 9310002, "family": "lin", "window_frac": 0.25, "f": 0.9, "status": "ok", "t_c": 496, "t_fc": 663, "err_cross": -11, "err_lag": 3, "err_ref": -1, "secs": 0.18}
{"seed": 9310002, "family": "lin", "window_frac": 0.25, "f": 0.95, "status": "ok", "t_c": 542, "t_fc": 671, "err_cross": -3, "err_lag": 3, "err_ref": -1, "secs": 0.18}
{"seed": 9310002, "family": "lin", "window_frac": 0.25, "f": 0.98, "status": "ok", "t_c": 570, "t_fc": 674, "err_cross": 0, "err_lag": 2, "err_ref": -1, "secs": 0.18}
{"seed": 9310003, "family": "quad", "window_frac": 0.05, "f": 0.8, "status": "no forecast: no predicted crossing on the extrapolated path", "t_c": 427, "t_fc": null, "err_cross": null, "err_lag": null, "err_ref": -4, "secs": 0.19}
{"seed": 9310003, "family": "quad", "window_frac": 0.05, "f": 0.9, "status": "ok", "t_c": 510, "t_fc": 791, "err_cross": 12, "err_lag": -6, "err_ref": -4, "secs": 0.18}
{"seed": 9310003, "family": "quad", "window_frac": 0.05, "f": 0.95, "status": "ok", "t_c": 553, "t_fc": 780, "err_cross": 1, "err_lag": -6, "err_ref": -4, "secs": 0.18}
{"seed": 9310003, "family": "quad", "window_frac": 0.05, "f": 0.98, "status": "ok", "t_c": 579, "t_fc": 777, "err_cross": -2, "err_lag": -5, "err_ref": -4, "secs": 0.18}
{"seed": 9310003, "family": "quad", "window_frac": 0.1, "f": 0.8, "status": "no forecast: no predicted crossing on the extrapolated path", "t_c": 427, "t_fc": null, "err_cross": null, "err_lag": null, "err_ref": -4, "secs": 0.19}
{"seed": 9310003, "family": "quad", "window_frac": 0.1, "f": 0.9, "status": "ok", "t_c": 510, "t_fc": 791, "err_cross": 12, "err_lag": -6, "err_ref": -4, "secs": 0.18}
{"seed": 9310003, "family": "quad", "window_frac": 0.1, "f": 0.95, "status": "ok", "t_c": 553, "t_fc": 780, "err_cross": 1, "err_lag": -6, "err_ref": -4, "secs": 0.18}
{"seed": 9310003, "family": "quad", "window_frac": 0.1, "f": 0.98, "status": "ok", "t_c": 579, "t_fc": 777, "err_cross": -2, "err_lag": -5, "err_ref": -4, "secs": 0.18}
{"seed": 9310003, "family": "quad", "window_frac": 0.25, "f": 0.8, "status": "no forecast: no predicted crossing on the extrapolated path", "t_c": 427, "t_fc": null, "err_cross": null, "err_lag": null, "err_ref": -4, "secs": 0.19}
{"seed": 9310003, "family": "quad", "window_frac": 0.25, "f": 0.9, "status": "ok", "t_c": 510, "t_fc": 796, "err_cross": 17, "err_lag": -8, "err_ref": -4, "secs": 0.19}
{"seed": 9310003, "family": "quad", "window_frac": 0.25, "f": 0.95, "status": "ok", "t_c": 553, "t_fc": 783, "err_cross": 4, "err_lag": -6, "err_ref": -4, "secs": 0.18}
{"seed": 9310003, "family": "quad", "window_frac": 0.25, "f": 0.98, "status": "ok", "t_c": 579, "t_fc": 779, "err_cross": 0, "err_lag": -6, "err_ref": -4, "secs": 0.19}
{"seed": 9310003, "family": "rate", "window_frac": 0.05, "f": 0.8, "status": "ok", "t_c": 427, "t_fc": 800, "err_cross": 21, "err_lag": -5, "err_ref": -4, "secs": 0.19}
{"seed": 9310003, "family": "rate", "window_frac": 0.05, "f": 0.9, "status": "ok", "t_c": 510, "t_fc": 780, "err_cross": 1, "err_lag": -5, "err_ref": -4, "secs": 0.18}
{"seed": 9310003, "family": "rate", "window_frac": 0.05, "f": 0.95, "status": "ok", "t_c": 553, "t_fc": 777, "err_cross": -2, "err_lag": -4, "err_ref": -4, "secs": 0.19}
{"seed": 9310003, "family": "rate", "window_frac": 0.05, "f": 0.98, "status": "ok", "t_c": 579, "t_fc": 776, "err_cross": -3, "err_lag": -4, "err_ref": -4, "secs": 0.18}
{"seed": 9310003, "family": "rate", "window_frac": 0.1, "f": 0.8, "status": "ok", "t_c": 427, "t_fc": 800, "err_cross": 21, "err_lag": -5, "err_ref": -4, "secs": 0.19}
{"seed": 9310003, "family": "rate", "window_frac": 0.1, "f": 0.9, "status": "ok", "t_c": 510, "t_fc": 780, "err_cross": 1, "err_lag": -5, "err_ref": -4, "secs": 0.18}
{"seed": 9310003, "family": "rate", "window_frac": 0.1, "f": 0.95, "status": "ok", "t_c": 553, "t_fc": 777, "err_cross": -2, "err_lag": -4, "err_ref": -4, "secs": 0.18}
{"seed": 9310003, "family": "rate", "window_frac": 0.1, "f": 0.98, "status": "ok", "t_c": 579, "t_fc": 776, "err_cross": -3, "err_lag": -4, "err_ref": -4, "secs": 0.18}
{"seed": 9310003, "family": "rate", "window_frac": 0.25, "f": 0.8, "status": "ok", "t_c": 427, "t_fc": 801, "err_cross": 22, "err_lag": -5, "err_ref": -4, "secs": 0.18}
{"seed": 9310003, "family": "rate", "window_frac": 0.25, "f": 0.9, "status": "ok", "t_c": 510, "t_fc": 782, "err_cross": 3, "err_lag": -4, "err_ref": -4, "secs": 0.18}
{"seed": 9310003, "family": "rate", "window_frac": 0.25, "f": 0.95, "status": "ok", "t_c": 553, "t_fc": 778, "err_cross": -1, "err_lag": -4, "err_ref": -4, "secs": 0.19}
{"seed": 9310003, "family": "rate", "window_frac": 0.25, "f": 0.98, "status": "ok", "t_c": 579, "t_fc": 777, "err_cross": -2, "err_lag": -4, "err_ref": -4, "secs": 0.18}
{"seed": 9310003, "family": "lin", "window_frac": 0.05, "f": 0.8, "status": "ok", "t_c": 427, "t_fc": 708, "err_cross": -71, "err_lag": 3, "err_ref": -4, "secs": 0.18}
{"seed": 9310003, "family": "lin", "window_frac": 0.05, "f": 0.9, "status": "ok", "t_c": 510, "t_fc": 741, "err_cross": -38, "err_lag": -1, "err_ref": -4, "secs": 0.18}
{"seed": 9310003, "family": "lin", "window_frac": 0.05, "f": 0.95, "status": "ok", "t_c": 553, "t_fc": 754, "err_cross": -25, "err_lag": -2, "err_ref": -4, "secs": 0.18}
{"seed": 9310003, "family": "lin", "window_frac": 0.05, "f": 0.98, "status": "ok", "t_c": 579, "t_fc": 761, "err_cross": -18, "err_lag": -2, "err_ref": -4, "secs": 0.19}
{"seed": 9310003, "family": "lin", "window_frac": 0.1, "f": 0.8, "status": "ok", "t_c": 427, "t_fc": 708, "err_cross": -71, "err_lag": 3, "err_ref": -4, "secs": 0.19}
{"seed": 9310003, "family": "lin", "window_frac": 0.1, "f": 0.9, "status": "ok", "t_c": 510, "t_fc": 741, "err_cross": -38, "err_lag": -1, "err_ref": -4, "secs": 0.2}
{"seed": 9310003, "family": "lin", "window_frac": 0.1, "f": 0.95, "status": "ok", "t_c": 553, "t_fc": 754, "err_cross": -25, "err_lag": -2, "err_ref": -4, "secs": 0.19}
{"seed": 9310003, "family": "lin", "window_frac": 0.1, "f": 0.98, "status": "ok", "t_c": 579, "t_fc": 761, "err_cross": -18, "err_lag": -2, "err_ref": -4, "secs": 0.19}
{"seed": 9310003, "family": "lin", "window_frac": 0.25, "f": 0.8, "status": "ok", "t_c": 427, "t_fc": 707, "err_cross": -72, "err_lag": 3, "err_ref": -4, "secs": 0.19}
{"seed": 9310003, "family": "lin", "window_frac": 0.25, "f": 0.9, "status": "ok", "t_c": 510, "t_fc": 738, "err_cross": -41, "err_lag": 0, "err_ref": -4, "secs": 0.19}
{"seed": 9310003, "family": "lin", "window_frac": 0.25, "f": 0.95, "status": "ok", "t_c": 553, "t_fc": 750, "err_cross": -29, "err_lag": -2, "err_ref": -4, "secs": 0.18}
{"seed": 9310003, "family": "lin", "window_frac": 0.25, "f": 0.98, "status": "ok", "t_c": 579, "t_fc": 757, "err_cross": -22, "err_lag": -2, "err_ref": -4, "secs": 0.19}
{"seed": 9310004, "family": "quad", "window_frac": 0.05, "f": 0.8, "status": "ok", "t_c": 424, "t_fc": 694, "err_cross": 16, "err_lag": -7, "err_ref": -4, "secs": 0.19}
{"seed": 9310004, "family": "quad", "window_frac": 0.05, "f": 0.9, "status": "ok", "t_c": 511, "t_fc": 675, "err_cross": -3, "err_lag": -5, "err_ref": -4, "secs": 0.19}
{"seed": 9310004, "family": "quad", "window_frac": 0.05, "f": 0.95, "status": "ok", "t_c": 556, "t_fc": 674, "err_cross": -4, "err_lag": -5, "err_ref": -4, "secs": 0.18}
{"seed": 9310004, "family": "quad", "window_frac": 0.05, "f": 0.98, "status": "ok", "t_c": 584, "t_fc": 674, "err_cross": -4, "err_lag": -4, "err_ref": -4, "secs": 0.18}
{"seed": 9310004, "family": "quad", "window_frac": 0.1, "f": 0.8, "status": "ok", "t_c": 424, "t_fc": 694, "err_cross": 16, "err_lag": -7, "err_ref": -4, "secs": 0.19}
{"seed": 9310004, "family": "quad", "window_frac": 0.1, "f": 0.9, "status": "ok", "t_c": 511, "t_fc": 675, "err_cross": -3, "err_lag": -5, "err_ref": -4, "secs": 0.19}
{"seed": 9310004, "family": "quad", "window_frac": 0.1, "f": 0.95, "status": "ok", "t_c": 556, "t_fc": 674, "err_cross": -4, "err_lag": -5, "err_ref": -4, "secs": 0.18}
{"seed": 9310004, "family": "quad", "window_frac": 0.1, "f": 0.98, "status": "ok", "t_c": 584, "t_fc": 674, "err_cross": -4, "err_lag": -4, "err_ref": -4, "secs": 0.18}
{"seed": 9310004, "family": "quad", "window_frac": 0.25, "f": 0.8, "status": "ok", "t_c": 424, "t_fc": 696, "err_cross": 18, "err_lag": -8, "err_ref": -4, "secs": 0.19}
{"seed": 9310004, "family": "quad", "window_frac": 0.25, "f": 0.9, "status": "ok", "t_c": 511, "t_fc": 676, "err_cross": -2, "err_lag": -6, "err_ref": -4, "secs": 0.18}
{"seed": 9310004, "family": "quad", "window_frac": 0.25, "f": 0.95, "status": "ok", "t_c": 556, "t_fc": 674, "err_cross": -4, "err_lag": -5, "err_ref": -4, "secs": 0.18}
{"seed": 9310004, "family": "quad", "window_frac": 0.25, "f": 0.98, "status": "ok", "t_c": 584, "t_fc": 674, "err_cross": -4, "err_lag": -4, "err_ref": -4, "secs": 0.18}
{"seed": 9310004, "family": "rate", "window_frac": 0.05, "f": 0.8, "status": "ok", "t_c": 424, "t_fc": 681, "err_cross": 3, "err_lag": -5, "err_ref": -4, "secs": 0.18}
{"seed": 9310004, "family": "rate", "window_frac": 0.05, "f": 0.9, "status": "ok", "t_c": 511, "t_fc": 675, "err_cross": -3, "err_lag": -4, "err_ref": -4, "secs": 0.18}
{"seed": 9310004, "family": "rate", "window_frac": 0.05, "f": 0.95, "status": "ok", "t_c": 556, "t_fc": 674, "err_cross": -4, "err_lag": -4, "err_ref": -4, "secs": 0.19}
{"seed": 9310004, "family": "rate", "window_frac": 0.05, "f": 0.98, "status": "ok", "t_c": 584, "t_fc": 674, "err_cross": -4, "err_lag": -4, "err_ref": -4, "secs": 0.18}
{"seed": 9310004, "family": "rate", "window_frac": 0.1, "f": 0.8, "status": "ok", "t_c": 424, "t_fc": 681, "err_cross": 3, "err_lag": -5, "err_ref": -4, "secs": 0.18}
{"seed": 9310004, "family": "rate", "window_frac": 0.1, "f": 0.9, "status": "ok", "t_c": 511, "t_fc": 675, "err_cross": -3, "err_lag": -4, "err_ref": -4, "secs": 0.19}
{"seed": 9310004, "family": "rate", "window_frac": 0.1, "f": 0.95, "status": "ok", "t_c": 556, "t_fc": 674, "err_cross": -4, "err_lag": -4, "err_ref": -4, "secs": 0.18}
{"seed": 9310004, "family": "rate", "window_frac": 0.1, "f": 0.98, "status": "ok", "t_c": 584, "t_fc": 674, "err_cross": -4, "err_lag": -4, "err_ref": -4, "secs": 0.18}
{"seed": 9310004, "family": "rate", "window_frac": 0.25, "f": 0.8, "status": "ok", "t_c": 424, "t_fc": 681, "err_cross": 3, "err_lag": -5, "err_ref": -4, "secs": 0.18}
{"seed": 9310004, "family": "rate", "window_frac": 0.25, "f": 0.9, "status": "ok", "t_c": 511, "t_fc": 675, "err_cross": -3, "err_lag": -5, "err_ref": -4, "secs": 0.19}
{"seed": 9310004, "family": "rate", "window_frac": 0.25, "f": 0.95, "status": "ok", "t_c": 556, "t_fc": 674, "err_cross": -4, "err_lag": -5, "err_ref": -4, "secs": 0.19}
{"seed": 9310004, "family": "rate", "window_frac": 0.25, "f": 0.98, "status": "ok", "t_c": 584, "t_fc": 674, "err_cross": -4, "err_lag": -4, "err_ref": -4, "secs": 0.19}
{"seed": 9310004, "family": "lin", "window_frac": 0.05, "f": 0.8, "status": "ok", "t_c": 424, "t_fc": 639, "err_cross": -39, "err_lag": -3, "err_ref": -4, "secs": 0.18}
{"seed": 9310004, "family": "lin", "window_frac": 0.05, "f": 0.9, "status": "ok", "t_c": 511, "t_fc": 665, "err_cross": -13, "err_lag": -2, "err_ref": -4, "secs": 0.18}
{"seed": 9310004, "family": "lin", "window_frac": 0.05, "f": 0.95, "status": "ok", "t_c": 556, "t_fc": 672, "err_cross": -6, "err_lag": -3, "err_ref": -4, "secs": 0.18}
{"seed": 9310004, "family": "lin", "window_frac": 0.05, "f": 0.98, "status": "ok", "t_c": 584, "t_fc": 674, "err_cross": -4, "err_lag": -3, "err_ref": -4, "secs": 0.18}
{"seed": 9310004, "family": "lin", "window_frac": 0.1, "f": 0.8, "status": "ok", "t_c": 424, "t_fc": 639, "err_cross": -39, "err_lag": -3, "err_ref": -4, "secs": 0.18}
{"seed": 9310004, "family": "lin", "window_frac": 0.1, "f": 0.9, "status": "ok", "t_c": 511, "t_fc": 665, "err_cross": -13, "err_lag": -2, "err_ref": -4, "secs": 0.18}
{"seed": 9310004, "family": "lin", "window_frac": 0.1, "f": 0.95, "status": "ok", "t_c": 556, "t_fc": 672, "err_cross": -6, "err_lag": -3, "err_ref": -4, "secs": 0.18}
{"seed": 9310004, "family": "lin", "window_frac": 0.1, "f": 0.98, "status": "ok", "t_c": 584, "t_fc": 674, "err_cross": -4, "err_lag": -3, "err_ref": -4, "secs": 0.19}
{"seed": 9310004, "family": "lin", "window_frac": 0.25, "f": 0.8, "status": "ok", "t_c": 424, "t_fc": 638, "err_cross": -40, "err_lag": -2, "err_ref": -4, "secs": 0.18}
{"seed": 9310004, "family": "lin", "window_frac": 0.25, "f": 0.9, "status": "ok", "t_c": 511, "t_fc": 662, "err_cross": -16, "err_lag": -3, "err_ref": -4, "secs": 0.18}
{"seed": 9310004, "family": "lin", "window_frac": 0.25, "f": 0.95, "status": "ok", "t_c": 556, "t_fc": 670, "err_cross": -8, "err_lag": -3, "err_ref": -4, "secs": 0.18}
{"seed": 9310004, "family": "lin", "window_frac": 0.25, "f": 0.98, "status": "ok", "t_c": 584, "t_fc": 674, "err_cross": -4, "err_lag": -3, "err_ref": -4, "secs": 0.18}
{"seed": 9310100, "family": "quad", "window_frac": 0.05, "f": 0.8, "status": "ok", "t_c": 683, "t_fc": 986, "err_cross": 17, "err_lag": -7, "err_ref": -4, "secs": 0.18}
{"seed": 9310100, "family": "quad", "window_frac": 0.05, "f": 0.9, "status": "ok", "t_c": 783, "t_fc": 966, "err_cross": -3, "err_lag": -5, "err_ref": -4, "secs": 0.18}
{"seed": 9310100, "family": "quad", "window_frac": 0.05, "f": 0.95, "status": "ok", "t_c": 835, "t_fc": 965, "err_cross": -4, "err_lag": -4, "err_ref": -4, "secs": 0.18}
{"seed": 9310100, "family": "quad", "window_frac": 0.05, "f": 0.98, "status": "ok", "t_c": 867, "t_fc": 965, "err_cross": -4, "err_lag": -4, "err_ref": -4, "secs": 0.18}
{"seed": 9310100, "family": "quad", "window_frac": 0.1, "f": 0.8, "status": "ok", "t_c": 683, "t_fc": 986, "err_cross": 17, "err_lag": -7, "err_ref": -4, "secs": 0.18}
{"seed": 9310100, "family": "quad", "window_frac": 0.1, "f": 0.9, "status": "ok", "t_c": 783, "t_fc": 966, "err_cross": -3, "err_lag": -5, "err_ref": -4, "secs": 0.19}
{"seed": 9310100, "family": "quad", "window_frac": 0.1, "f": 0.95, "status": "ok", "t_c": 835, "t_fc": 965, "err_cross": -4, "err_lag": -4, "err_ref": -4, "secs": 0.18}
{"seed": 9310100, "family": "quad", "window_frac": 0.1, "f": 0.98, "status": "ok", "t_c": 867, "t_fc": 965, "err_cross": -4, "err_lag": -4, "err_ref": -4, "secs": 0.18}
{"seed": 9310100, "family": "quad", "window_frac": 0.25, "f": 0.8, "status": "ok", "t_c": 683, "t_fc": 990, "err_cross": 21, "err_lag": -8, "err_ref": -4, "secs": 0.18}
{"seed": 9310100, "family": "quad", "window_frac": 0.25, "f": 0.9, "status": "ok", "t_c": 783, "t_fc": 967, "err_cross": -2, "err_lag": -5, "err_ref": -4, "secs": 0.18}
{"seed": 9310100, "family": "quad", "window_frac": 0.25, "f": 0.95, "status": "ok", "t_c": 835, "t_fc": 965, "err_cross": -4, "err_lag": -5, "err_ref": -4, "secs": 0.18}
{"seed": 9310100, "family": "quad", "window_frac": 0.25, "f": 0.98, "status": "ok", "t_c": 867, "t_fc": 965, "err_cross": -4, "err_lag": -4, "err_ref": -4, "secs": 0.18}
{"seed": 9310100, "family": "rate", "window_frac": 0.05, "f": 0.8, "status": "ok", "t_c": 683, "t_fc": 972, "err_cross": 3, "err_lag": -4, "err_ref": -4, "secs": 0.18}
{"seed": 9310100, "family": "rate", "window_frac": 0.05, "f": 0.9, "status": "ok", "t_c": 783, "t_fc": 966, "err_cross": -3, "err_lag": -4, "err_ref": -4, "secs": 0.18}
{"seed": 9310100, "family": "rate", "window_frac": 0.05, "f": 0.95, "status": "ok", "t_c": 835, "t_fc": 965, "err_cross": -4, "err_lag": -4, "err_ref": -4, "secs": 0.18}
{"seed": 9310100, "family": "rate", "window_frac": 0.05, "f": 0.98, "status": "ok", "t_c": 867, "t_fc": 965, "err_cross": -4, "err_lag": -4, "err_ref": -4, "secs": 0.18}
{"seed": 9310100, "family": "rate", "window_frac": 0.1, "f": 0.8, "status": "ok", "t_c": 683, "t_fc": 972, "err_cross": 3, "err_lag": -4, "err_ref": -4, "secs": 0.18}
{"seed": 9310100, "family": "rate", "window_frac": 0.1, "f": 0.9, "status": "ok", "t_c": 783, "t_fc": 966, "err_cross": -3, "err_lag": -4, "err_ref": -4, "secs": 0.18}
{"seed": 9310100, "family": "rate", "window_frac": 0.1, "f": 0.95, "status": "ok", "t_c": 835, "t_fc": 965, "err_cross": -4, "err_lag": -4, "err_ref": -4, "secs": 0.18}
{"seed": 9310100, "family": "rate", "window_frac": 0.1, "f": 0.98, "status": "ok", "t_c": 867, "t_fc": 965, "err_cross": -4, "err_lag": -4, "err_ref": -4, "secs": 0.19}
{"seed": 9310100, "family": "rate", "window_frac": 0.25, "f": 0.8, "status": "ok", "t_c": 683, "t_fc": 973, "err_cross": 4, "err_lag": -4, "err_ref": -4, "secs": 0.19}
{"seed": 9310100, "family": "rate", "window_frac": 0.25, "f": 0.9, "status": "ok", "t_c": 783, "t_fc": 966, "err_cross": -3, "err_lag": -4, "err_ref": -4, "secs": 0.19}
{"seed": 9310100, "family": "rate", "window_frac": 0.25, "f": 0.95, "status": "ok", "t_c": 835, "t_fc": 965, "err_cross": -4, "err_lag": -4, "err_ref": -4, "secs": 0.19}
{"seed": 9310100, "family": "rate", "window_frac": 0.25, "f": 0.98, "status": "ok", "t_c": 867, "t_fc": 965, "err_cross": -4, "err_lag": -4, "err_ref": -4, "secs": 0.19}
{"seed": 9310100, "family": "lin", "window_frac": 0.05, "f": 0.8, "status": "ok", "t_c": 683, "t_fc": 926, "err_cross": -43, "err_lag": -1, "err_ref": -4, "secs": 0.19}
{"seed": 9310100, "family": "lin", "window_frac": 0.05, "f": 0.9, "status": "ok", "t_c": 783, "t_fc": 954, "err_cross": -15, "err_lag": -2, "err_ref": -4, "secs": 0.2}
{"seed": 9310100, "family": "lin", "window_frac": 0.05, "f": 0.95, "status": "ok", "t_c": 835, "t_fc": 963, "err_cross": -6, "err_lag": -2, "err_ref": -4, "secs": 0.19}
{"seed": 9310100, "family": "lin", "window_frac": 0.05, "f": 0.98, "status": "ok", "t_c": 867, "t_fc": 965, "err_cross": -4, "err_lag": -3, "err_ref": -4, "secs": 0.19}
{"seed": 9310100, "family": "lin", "window_frac": 0.1, "f": 0.8, "status": "ok", "t_c": 683, "t_fc": 926, "err_cross": -43, "err_lag": -1, "err_ref": -4, "secs": 0.19}
{"seed": 9310100, "family": "lin", "window_frac": 0.1, "f": 0.9, "status": "ok", "t_c": 783, "t_fc": 954, "err_cross": -15, "err_lag": -2, "err_ref": -4, "secs": 0.2}
{"seed": 9310100, "family": "lin", "window_frac": 0.1, "f": 0.95, "status": "ok", "t_c": 835, "t_fc": 963, "err_cross": -6, "err_lag": -2, "err_ref": -4, "secs": 0.19}
{"seed": 9310100, "family": "lin", "window_frac": 0.1, "f": 0.98, "status": "ok", "t_c": 867, "t_fc": 965, "err_cross": -4, "err_lag": -3, "err_ref": -4, "secs": 0.19}
{"seed": 9310100, "family": "lin", "window_frac": 0.25, "f": 0.8, "status": "ok", "t_c": 683, "t_fc": 923, "err_cross": -46, "err_lag": -2, "err_ref": -4, "secs": 0.19}
{"seed": 9310100, "family": "lin", "window_frac": 0.25, "f": 0.9, "status": "ok", "t_c": 783, "t_fc": 951, "err_cross": -18, "err_lag": -2, "err_ref": -4, "secs": 0.2}
{"seed": 9310100, "family": "lin", "window_frac": 0.25, "f": 0.95, "status": "ok", "t_c": 835, "t_fc": 960, "err_cross": -9, "err_lag": -2, "err_ref": -4, "secs": 0.19}
{"seed": 9310100, "family": "lin", "window_frac": 0.25, "f": 0.98, "status": "ok", "t_c": 867, "t_fc": 964, "err_cross": -5, "err_lag": -3, "err_ref": -4, "secs": 0.19}
{"seed": 9310101, "family": "quad", "window_frac": 0.05, "f": 0.8, "status": "ok", "t_c": 639, "t_fc": 1009, "err_cross": 21, "err_lag": -8, "err_ref": -4, "secs": 0.2}
{"seed": 9310101, "family": "quad", "window_frac": 0.05, "f": 0.9, "status": "ok", "t_c": 767, "t_fc": 986, "err_cross": -2, "err_lag": -5, "err_ref": -4, "secs": 0.2}
{"seed": 9310101, "family": "quad", "window_frac": 0.05, "f": 0.95, "status": "ok", "t_c": 834, "t_fc": 984, "err_cross": -4, "err_lag": -5, "err_ref": -4, "secs": 0.2}
{"seed": 9310101, "family": "quad", "window_frac": 0.05, "f": 0.98, "status": "ok", "t_c": 875, "t_fc": 984, "err_cross": -4, "err_lag": -5, "err_ref": -4, "secs": 0.19}
{"seed": 9310101, "family": "quad", "window_frac": 0.1, "f": 0.8, "status": "ok", "t_c": 639, "t_fc": 1009, "err_cross": 21, "err_lag": -8, "err_ref": -4, "secs": 0.2}
{"seed": 9310101, "family": "quad", "window_frac": 0.1, "f": 0.9, "status": "ok", "t_c": 767, "t_fc": 986, "err_cross": -2, "err_lag": -5, "err_ref": -4, "secs": 0.2}
{"seed": 9310101, "family": "quad", "window_frac": 0.1, "f": 0.95, "status": "ok", "t_c": 834, "t_fc": 984, "err_cross": -4, "err_lag": -5, "err_ref": -4, "secs": 0.2}
{"seed": 9310101, "family": "quad", "window_frac": 0.1, "f": 0.98, "status": "ok", "t_c": 875, "t_fc": 984, "err_cross": -4, "err_lag": -5, "err_ref": -4, "secs": 0.2}
{"seed": 9310101, "family": "quad", "window_frac": 0.25, "f": 0.8, "status": "ok", "t_c": 639, "t_fc": 1018, "err_cross": 30, "err_lag": -9, "err_ref": -4, "secs": 0.2}
{"seed": 9310101, "family": "quad", "window_frac": 0.25, "f": 0.9, "status": "ok", "t_c": 767, "t_fc": 988, "err_cross": 0, "err_lag": -5, "err_ref": -4, "secs": 0.2}
{"seed": 9310101, "family": "quad", "window_frac": 0.25, "f": 0.95, "status": "ok", "t_c": 834, "t_fc": 984, "err_cross": -4, "err_lag": -6, "err_ref": -4, "secs": 0.2}
{"seed": 9310101, "family": "quad", "window_frac": 0.25, "f": 0.98, "status": "ok", "t_c": 875, "t_fc": 984, "err_cross": -4, "err_lag": -5, "err_ref": -4, "secs": 0.2}
{"seed": 9310101, "family": "rate", "window_frac": 0.05, "f": 0.8, "status": "ok", "t_c": 639, "t_fc": 992, "err_cross": 4, "err_lag": -5, "err_ref": -4, "secs": 0.2}
{"seed": 9310101, "family": "rate", "window_frac": 0.05, "f": 0.9, "status": "ok", "t_c": 767, "t_fc": 985, "err_cross": -3, "err_lag": -5, "err_ref": -4, "secs": 0.19}
{"seed": 9310101, "family": "rate", "window_frac": 0.05, "f": 0.95, "status": "ok", "t_c": 834, "t_fc": 984, "err_cross": -4, "err_lag": -5, "err_ref": -4, "secs": 0.19}
{"seed": 9310101, "family": "rate", "window_frac": 0.05, "f": 0.98, "status": "ok", "t_c": 875, "t_fc": 984, "err_cross": -4, "err_lag": -4, "err_ref": -4, "secs": 0.23}
{"seed": 9310101, "family": "rate", "window_frac": 0.1, "f": 0.8, "status": "ok", "t_c": 639, "t_fc": 992, "err_cross": 4, "err_lag": -5, "err_ref": -4, "secs": 0.2}
{"seed": 9310101, "family": "rate", "window_frac": 0.1, "f": 0.9, "status": "ok", "t_c": 767, "t_fc": 985, "err_cross": -3, "err_lag": -5, "err_ref": -4, "secs": 0.2}
{"seed": 9310101, "family": "rate", "window_frac": 0.1, "f": 0.95, "status": "ok", "t_c": 834, "t_fc": 984, "err_cross": -4, "err_lag": -5, "err_ref": -4, "secs": 0.19}
{"seed": 9310101, "family": "rate", "window_frac": 0.1, "f": 0.98, "status": "ok", "t_c": 875, "t_fc": 984, "err_cross": -4, "err_lag": -4, "err_ref": -4, "secs": 0.2}
{"seed": 9310101, "family": "rate", "window_frac": 0.25, "f": 0.8, "status": "ok", "t_c": 639, "t_fc": 994, "err_cross": 6, "err_lag": -5, "err_ref": -4, "secs": 0.2}
{"seed": 9310101, "family": "rate", "window_frac": 0.25, "f": 0.9, "status": "ok", "t_c": 767, "t_fc": 986, "err_cross": -2, "err_lag": -4, "err_ref": -4, "secs": 0.19}
{"seed": 9310101, "family": "rate", "window_frac": 0.25, "f": 0.95, "status": "ok", "t_c": 834, "t_fc": 984, "err_cross": -4, "err_lag": -5, "err_ref": -4, "secs": 0.19}
{"seed": 9310101, "family": "rate", "window_frac": 0.25, "f": 0.98, "status": "ok", "t_c": 875, "t_fc": 984, "err_cross": -4, "err_lag": -5, "err_ref": -4, "secs": 0.2}
{"seed": 9310101, "family": "lin", "window_frac": 0.05, "f": 0.8, "status": "ok", "t_c": 639, "t_fc": 934, "err_cross": -54, "err_lag": -3, "err_ref": -4, "secs": 0.19}
{"seed": 9310101, "family": "lin", "window_frac": 0.05, "f": 0.9, "status": "ok", "t_c": 767, "t_fc": 971, "err_cross": -17, "err_lag": -2, "err_ref": -4, "secs": 0.19}
{"seed": 9310101, "family": "lin", "window_frac": 0.05, "f": 0.95, "status": "ok", "t_c": 834, "t_fc": 981, "err_cross": -7, "err_lag": -3, "err_ref": -4, "secs": 0.19}
{"seed": 9310101, "family": "lin", "window_frac": 0.05, "f": 0.98, "status": "ok", "t_c": 875, "t_fc": 984, "err_cross": -4, "err_lag": -3, "err_ref": -4, "secs": 0.2}
{"seed": 9310101, "family": "lin", "window_frac": 0.1, "f": 0.8, "status": "ok", "t_c": 639, "t_fc": 934, "err_cross": -54, "err_lag": -3, "err_ref": -4, "secs": 0.19}
{"seed": 9310101, "family": "lin", "window_frac": 0.1, "f": 0.9, "status": "ok", "t_c": 767, "t_fc": 971, "err_cross": -17, "err_lag": -2, "err_ref": -4, "secs": 0.19}
{"seed": 9310101, "family": "lin", "window_frac": 0.1, "f": 0.95, "status": "ok", "t_c": 834, "t_fc": 981, "err_cross": -7, "err_lag": -3, "err_ref": -4, "secs": 0.2}
{"seed": 9310101, "family": "lin", "window_frac": 0.1, "f": 0.98, "status": "ok", "t_c": 875, "t_fc": 984, "err_cross": -4, "err_lag": -3, "err_ref": -4, "secs": 0.2}
{"seed": 9310101, "family": "lin", "window_frac": 0.25, "f": 0.8, "status": "ok", "t_c": 639, "t_fc": 928, "err_cross": -60, "err_lag": -3, "err_ref": -4, "secs": 0.19}
{"seed": 9310101, "family": "lin", "window_frac": 0.25, "f": 0.9, "status": "ok", "t_c": 767, "t_fc": 965, "err_cross": -23, "err_lag": -3, "err_ref": -4, "secs": 0.19}
{"seed": 9310101, "family": "lin", "window_frac": 0.25, "f": 0.95, "status": "ok", "t_c": 834, "t_fc": 977, "err_cross": -11, "err_lag": -3, "err_ref": -4, "secs": 0.2}
{"seed": 9310101, "family": "lin", "window_frac": 0.25, "f": 0.98, "status": "ok", "t_c": 875, "t_fc": 983, "err_cross": -5, "err_lag": -3, "err_ref": -4, "secs": 0.2}
{"seed": 9310102, "family": "quad", "window_frac": 0.05, "f": 0.8, "status": "no cutoff: s never reaches f\u00b7s_ref in the saved path", "t_c": null, "t_fc": null, "err_cross": null, "err_lag": null, "err_ref": null, "secs": 0.0}
{"seed": 9310102, "family": "quad", "window_frac": 0.05, "f": 0.9, "status": "no cutoff: s never reaches f\u00b7s_ref in the saved path", "t_c": null, "t_fc": null, "err_cross": null, "err_lag": null, "err_ref": null, "secs": 0.0}
{"seed": 9310102, "family": "quad", "window_frac": 0.05, "f": 0.95, "status": "no cutoff: s never reaches f\u00b7s_ref in the saved path", "t_c": null, "t_fc": null, "err_cross": null, "err_lag": null, "err_ref": null, "secs": 0.0}
{"seed": 9310102, "family": "quad", "window_frac": 0.05, "f": 0.98, "status": "no cutoff: s never reaches f\u00b7s_ref in the saved path", "t_c": null, "t_fc": null, "err_cross": null, "err_lag": null, "err_ref": null, "secs": 0.0}
{"seed": 9310102, "family": "quad", "window_frac": 0.1, "f": 0.8, "status": "no cutoff: s never reaches f\u00b7s_ref in the saved path", "t_c": null, "t_fc": null, "err_cross": null, "err_lag": null, "err_ref": null, "secs": 0.0}
{"seed": 9310102, "family": "quad", "window_frac": 0.1, "f": 0.9, "status": "no cutoff: s never reaches f\u00b7s_ref in the saved path", "t_c": null, "t_fc": null, "err_cross": null, "err_lag": null, "err_ref": null, "secs": 0.0}
{"seed": 9310102, "family": "quad", "window_frac": 0.1, "f": 0.95, "status": "no cutoff: s never reaches f\u00b7s_ref in the saved path", "t_c": null, "t_fc": null, "err_cross": null, "err_lag": null, "err_ref": null, "secs": 0.0}
{"seed": 9310102, "family": "quad", "window_frac": 0.1, "f": 0.98, "status": "no cutoff: s never reaches f\u00b7s_ref in the saved path", "t_c": null, "t_fc": null, "err_cross": null, "err_lag": null, "err_ref": null, "secs": 0.0}
{"seed": 9310102, "family": "quad", "window_frac": 0.25, "f": 0.8, "status": "no cutoff: s never reaches f\u00b7s_ref in the saved path", "t_c": null, "t_fc": null, "err_cross": null, "err_lag": null, "err_ref": null, "secs": 0.0}
{"seed": 9310102, "family": "quad", "window_frac": 0.25, "f": 0.9, "status": "no cutoff: s never reaches f\u00b7s_ref in the saved path", "t_c": null, "t_fc": null, "err_cross": null, "err_lag": null, "err_ref": null, "secs": 0.0}
{"seed": 9310102, "family": "quad", "window_frac": 0.25, "f": 0.95, "status": "no cutoff: s never reaches f\u00b7s_ref in the saved path", "t_c": null, "t_fc": null, "err_cross": null, "err_lag": null, "err_ref": null, "secs": 0.0}
{"seed": 9310102, "family": "quad", "window_frac": 0.25, "f": 0.98, "status": "no cutoff: s never reaches f\u00b7s_ref in the saved path", "t_c": null, "t_fc": null, "err_cross": null, "err_lag": null, "err_ref": null, "secs": 0.0}
{"seed": 9310102, "family": "rate", "window_frac": 0.05, "f": 0.8, "status": "no cutoff: s never reaches f\u00b7s_ref in the saved path", "t_c": null, "t_fc": null, "err_cross": null, "err_lag": null, "err_ref": null, "secs": 0.0}
{"seed": 9310102, "family": "rate", "window_frac": 0.05, "f": 0.9, "status": "no cutoff: s never reaches f\u00b7s_ref in the saved path", "t_c": null, "t_fc": null, "err_cross": null, "err_lag": null, "err_ref": null, "secs": 0.0}
{"seed": 9310102, "family": "rate", "window_frac": 0.05, "f": 0.95, "status": "no cutoff: s never reaches f\u00b7s_ref in the saved path", "t_c": null, "t_fc": null, "err_cross": null, "err_lag": null, "err_ref": null, "secs": 0.0}
{"seed": 9310102, "family": "rate", "window_frac": 0.05, "f": 0.98, "status": "no cutoff: s never reaches f\u00b7s_ref in the saved path", "t_c": null, "t_fc": null, "err_cross": null, "err_lag": null, "err_ref": null, "secs": 0.0}
{"seed": 9310102, "family": "rate", "window_frac": 0.1, "f": 0.8, "status": "no cutoff: s never reaches f\u00b7s_ref in the saved path", "t_c": null, "t_fc": null, "err_cross": null, "err_lag": null, "err_ref": null, "secs": 0.0}
{"seed": 9310102, "family": "rate", "window_frac": 0.1, "f": 0.9, "status": "no cutoff: s never reaches f\u00b7s_ref in the saved path", "t_c": null, "t_fc": null, "err_cross": null, "err_lag": null, "err_ref": null, "secs": 0.0}
{"seed": 9310102, "family": "rate", "window_frac": 0.1, "f": 0.95, "status": "no cutoff: s never reaches f\u00b7s_ref in the saved path", "t_c": null, "t_fc": null, "err_cross": null, "err_lag": null, "err_ref": null, "secs": 0.0}
{"seed": 9310102, "family": "rate", "window_frac": 0.1, "f": 0.98, "status": "no cutoff: s never reaches f\u00b7s_ref in the saved path", "t_c": null, "t_fc": null, "err_cross": null, "err_lag": null, "err_ref": null, "secs": 0.0}
{"seed": 9310102, "family": "rate", "window_frac": 0.25, "f": 0.8, "status": "no cutoff: s never reaches f\u00b7s_ref in the saved path", "t_c": null, "t_fc": null, "err_cross": null, "err_lag": null, "err_ref": null, "secs": 0.0}
{"seed": 9310102, "family": "rate", "window_frac": 0.25, "f": 0.9, "status": "no cutoff: s never reaches f\u00b7s_ref in the saved path", "t_c": null, "t_fc": null, "err_cross": null, "err_lag": null, "err_ref": null, "secs": 0.0}
{"seed": 9310102, "family": "rate", "window_frac": 0.25, "f": 0.95, "status": "no cutoff: s never reaches f\u00b7s_ref in the saved path", "t_c": null, "t_fc": null, "err_cross": null, "err_lag": null, "err_ref": null, "secs": 0.0}
{"seed": 9310102, "family": "rate", "window_frac": 0.25, "f": 0.98, "status": "no cutoff: s never reaches f\u00b7s_ref in the saved path", "t_c": null, "t_fc": null, "err_cross": null, "err_lag": null, "err_ref": null, "secs": 0.0}
{"seed": 9310102, "family": "lin", "window_frac": 0.05, "f": 0.8, "status": "no cutoff: s never reaches f\u00b7s_ref in the saved path", "t_c": null, "t_fc": null, "err_cross": null, "err_lag": null, "err_ref": null, "secs": 0.0}
{"seed": 9310102, "family": "lin", "window_frac": 0.05, "f": 0.9, "status": "no cutoff: s never reaches f\u00b7s_ref in the saved path", "t_c": null, "t_fc": null, "err_cross": null, "err_lag": null, "err_ref": null, "secs": 0.0}
{"seed": 9310102, "family": "lin", "window_frac": 0.05, "f": 0.95, "status": "no cutoff: s never reaches f\u00b7s_ref in the saved path", "t_c": null, "t_fc": null, "err_cross": null, "err_lag": null, "err_ref": null, "secs": 0.0}
{"seed": 9310102, "family": "lin", "window_frac": 0.05, "f": 0.98, "status": "no cutoff: s never reaches f\u00b7s_ref in the saved path", "t_c": null, "t_fc": null, "err_cross": null, "err_lag": null, "err_ref": null, "secs": 0.0}
{"seed": 9310102, "family": "lin", "window_frac": 0.1, "f": 0.8, "status": "no cutoff: s never reaches f\u00b7s_ref in the saved path", "t_c": null, "t_fc": null, "err_cross": null, "err_lag": null, "err_ref": null, "secs": 0.0}
{"seed": 9310102, "family": "lin", "window_frac": 0.1, "f": 0.9, "status": "no cutoff: s never reaches f\u00b7s_ref in the saved path", "t_c": null, "t_fc": null, "err_cross": null, "err_lag": null, "err_ref": null, "secs": 0.0}
{"seed": 9310102, "family": "lin", "window_frac": 0.1, "f": 0.95, "status": "no cutoff: s never reaches f\u00b7s_ref in the saved path", "t_c": null, "t_fc": null, "err_cross": null, "err_lag": null, "err_ref": null, "secs": 0.0}
{"seed": 9310102, "family": "lin", "window_frac": 0.1, "f": 0.98, "status": "no cutoff: s never reaches f\u00b7s_ref in the saved path", "t_c": null, "t_fc": null, "err_cross": null, "err_lag": null, "err_ref": null, "secs": 0.0}
{"seed": 9310102, "family": "lin", "window_frac": 0.25, "f": 0.8, "status": "no cutoff: s never reaches f\u00b7s_ref in the saved path", "t_c": null, "t_fc": null, "err_cross": null, "err_lag": null, "err_ref": null, "secs": 0.0}
{"seed": 9310102, "family": "lin", "window_frac": 0.25, "f": 0.9, "status": "no cutoff: s never reaches f\u00b7s_ref in the saved path", "t_c": null, "t_fc": null, "err_cross": null, "err_lag": null, "err_ref": null, "secs": 0.0}
{"seed": 9310102, "family": "lin", "window_frac": 0.25, "f": 0.95, "status": "no cutoff: s never reaches f\u00b7s_ref in the saved path", "t_c": null, "t_fc": null, "err_cross": null, "err_lag": null, "err_ref": null, "secs": 0.0}
{"seed": 9310102, "family": "lin", "window_frac": 0.25, "f": 0.98, "status": "no cutoff: s never reaches f\u00b7s_ref in the saved path", "t_c": null, "t_fc": null, "err_cross": null, "err_lag": null, "err_ref": null, "secs": 0.0}
{"seed": 9310103, "family": "quad", "window_frac": 0.05, "f": 0.8, "status": "no forecast: no predicted crossing on the extrapolated path", "t_c": 8598, "t_fc": null, "err_cross": null, "err_lag": null, "err_ref": -5, "secs": 0.21}
{"seed": 9310103, "family": "quad", "window_frac": 0.05, "f": 0.9, "status": "no forecast: no predicted crossing on the extrapolated path", "t_c": 8678, "t_fc": null, "err_cross": null, "err_lag": null, "err_ref": -5, "secs": 0.21}
{"seed": 9310103, "family": "quad", "window_frac": 0.05, "f": 0.95, "status": "ok", "t_c": 8720, "t_fc": 9109, "err_cross": 39, "err_lag": -13, "err_ref": -5, "secs": 0.2}
{"seed": 9310103, "family": "quad", "window_frac": 0.05, "f": 0.98, "status": "ok", "t_c": 8746, "t_fc": 9089, "err_cross": 19, "err_lag": -10, "err_ref": -5, "secs": 0.2}
{"seed": 9310103, "family": "quad", "window_frac": 0.1, "f": 0.8, "status": "no forecast: no predicted crossing on the extrapolated path", "t_c": 8598, "t_fc": null, "err_cross": null, "err_lag": null, "err_ref": -5, "secs": 0.2}
{"seed": 9310103, "family": "quad", "window_frac": 0.1, "f": 0.9, "status": "no forecast: no predicted crossing on the extrapolated path", "t_c": 8678, "t_fc": null, "err_cross": null, "err_lag": null, "err_ref": -5, "secs": 0.21}
{"seed": 9310103, "family": "quad", "window_frac": 0.1, "f": 0.95, "status": "ok", "t_c": 8720, "t_fc": 9109, "err_cross": 39, "err_lag": -13, "err_ref": -5, "secs": 0.2}
{"seed": 9310103, "family": "quad", "window_frac": 0.1, "f": 0.98, "status": "ok", "t_c": 8746, "t_fc": 9089, "err_cross": 19, "err_lag": -10, "err_ref": -5, "secs": 0.2}
{"seed": 9310103, "family": "quad", "window_frac": 0.25, "f": 0.8, "status": "no forecast: no predicted crossing on the extrapolated path", "t_c": 8598, "t_fc": null, "err_cross": null, "err_lag": null, "err_ref": -5, "secs": 0.2}
{"seed": 9310103, "family": "quad", "window_frac": 0.25, "f": 0.9, "status": "no forecast: no predicted crossing on the extrapolated path", "t_c": 8678, "t_fc": null, "err_cross": null, "err_lag": null, "err_ref": -5, "secs": 0.21}
{"seed": 9310103, "family": "quad", "window_frac": 0.25, "f": 0.95, "status": "ok", "t_c": 8720, "t_fc": 9134, "err_cross": 64, "err_lag": -17, "err_ref": -5, "secs": 0.2}
{"seed": 9310103, "family": "quad", "window_frac": 0.25, "f": 0.98, "status": "ok", "t_c": 8746, "t_fc": 9102, "err_cross": 32, "err_lag": -12, "err_ref": -5, "secs": 0.2}
{"seed": 9310103, "family": "rate", "window_frac": 0.05, "f": 0.8, "status": "ok", "t_c": 8598, "t_fc": 9148, "err_cross": 78, "err_lag": -7, "err_ref": -5, "secs": 0.2}
{"seed": 9310103, "family": "rate", "window_frac": 0.05, "f": 0.9, "status": "ok", "t_c": 8678, "t_fc": 9089, "err_cross": 19, "err_lag": -6, "err_ref": -5, "secs": 0.2}
{"seed": 9310103, "family": "rate", "window_frac": 0.05, "f": 0.95, "status": "ok", "t_c": 8720, "t_fc": 9077, "err_cross": 7, "err_lag": -6, "err_ref": -5, "secs": 0.2}
{"seed": 9310103, "family": "rate", "window_frac": 0.05, "f": 0.98, "status": "ok", "t_c": 8746, "t_fc": 9073, "err_cross": 3, "err_lag": -6, "err_ref": -5, "secs": 0.2}
{"seed": 9310103, "family": "rate", "window_frac": 0.1, "f": 0.8, "status": "ok", "t_c": 8598, "t_fc": 9148, "err_cross": 78, "err_lag": -7, "err_ref": -5, "secs": 0.2}
{"seed": 9310103, "family": "rate", "window_frac": 0.1, "f": 0.9, "status": "ok", "t_c": 8678, "t_fc": 9089, "err_cross": 19, "err_lag": -6, "err_ref": -5, "secs": 0.2}
{"seed": 9310103, "family": "rate", "window_frac": 0.1, "f": 0.95, "status": "ok", "t_c": 8720, "t_fc": 9077, "err_cross": 7, "err_lag": -6, "err_ref": -5, "secs": 0.2}
{"seed": 9310103, "family": "rate", "window_frac": 0.1, "f": 0.98, "status": "ok", "t_c": 8746, "t_fc": 9073, "err_cross": 3, "err_lag": -6, "err_ref": -5, "secs": 0.2}
{"seed": 9310103, "family": "rate", "window_frac": 0.25, "f": 0.8, "status": "ok", "t_c": 8598, "t_fc": 9150, "err_cross": 80, "err_lag": -7, "err_ref": -5, "secs": 0.2}
{"seed": 9310103, "family": "rate", "window_frac": 0.25, "f": 0.9, "status": "ok", "t_c": 8678, "t_fc": 9093, "err_cross": 23, "err_lag": -6, "err_ref": -5, "secs": 0.2}
{"seed": 9310103, "family": "rate", "window_frac": 0.25, "f": 0.95, "status": "ok", "t_c": 8720, "t_fc": 9081, "err_cross": 11, "err_lag": -6, "err_ref": -5, "secs": 0.2}
{"seed": 9310103, "family": "rate", "window_frac": 0.25, "f": 0.98, "status": "ok", "t_c": 8746, "t_fc": 9076, "err_cross": 6, "err_lag": -6, "err_ref": -5, "secs": 0.2}
{"seed": 9310103, "family": "lin", "window_frac": 0.05, "f": 0.8, "status": "ok", "t_c": 8598, "t_fc": 8941, "err_cross": -129, "err_lag": -1, "err_ref": -5, "secs": 0.2}
{"seed": 9310103, "family": "lin", "window_frac": 0.05, "f": 0.9, "status": "ok", "t_c": 8678, "t_fc": 8991, "err_cross": -79, "err_lag": -1, "err_ref": -5, "secs": 0.2}
{"seed": 9310103, "family": "lin", "window_frac": 0.05, "f": 0.95, "status": "ok", "t_c": 8720, "t_fc": 9011, "err_cross": -59, "err_lag": -1, "err_ref": -5, "secs": 0.2}
{"seed": 9310103, "family": "lin", "window_frac": 0.05, "f": 0.98, "status": "ok", "t_c": 8746, "t_fc": 9021, "err_cross": -49, "err_lag": -2, "err_ref": -5, "secs": 0.2}
{"seed": 9310103, "family": "lin", "window_frac": 0.1, "f": 0.8, "status": "ok", "t_c": 8598, "t_fc": 8941, "err_cross": -129, "err_lag": -1, "err_ref": -5, "secs": 0.2}
{"seed": 9310103, "family": "lin", "window_frac": 0.1, "f": 0.9, "status": "ok", "t_c": 8678, "t_fc": 8991, "err_cross": -79, "err_lag": -1, "err_ref": -5, "secs": 0.2}
{"seed": 9310103, "family": "lin", "window_frac": 0.1, "f": 0.95, "status": "ok", "t_c": 8720, "t_fc": 9011, "err_cross": -59, "err_lag": -1, "err_ref": -5, "secs": 0.2}
{"seed": 9310103, "family": "lin", "window_frac": 0.1, "f": 0.98, "status": "ok", "t_c": 8746, "t_fc": 9021, "err_cross": -49, "err_lag": -2, "err_ref": -5, "secs": 0.2}
{"seed": 9310103, "family": "lin", "window_frac": 0.25, "f": 0.8, "status": "ok", "t_c": 8598, "t_fc": 8941, "err_cross": -129, "err_lag": 0, "err_ref": -5, "secs": 0.2}
{"seed": 9310103, "family": "lin", "window_frac": 0.25, "f": 0.9, "status": "ok", "t_c": 8678, "t_fc": 8985, "err_cross": -85, "err_lag": -1, "err_ref": -5, "secs": 0.2}
{"seed": 9310103, "family": "lin", "window_frac": 0.25, "f": 0.95, "status": "ok", "t_c": 8720, "t_fc": 9004, "err_cross": -66, "err_lag": -2, "err_ref": -5, "secs": 0.2}
{"seed": 9310103, "family": "lin", "window_frac": 0.25, "f": 0.98, "status": "ok", "t_c": 8746, "t_fc": 9015, "err_cross": -55, "err_lag": -1, "err_ref": -5, "secs": 0.19}
{"seed": 9310104, "family": "quad", "window_frac": 0.05, "f": 0.8, "status": "ok", "t_c": 490, "t_fc": 773, "err_cross": 14, "err_lag": -8, "err_ref": -3, "secs": 0.19}
{"seed": 9310104, "family": "quad", "window_frac": 0.05, "f": 0.9, "status": "ok", "t_c": 580, "t_fc": 756, "err_cross": -3, "err_lag": -5, "err_ref": -3, "secs": 0.19}
{"seed": 9310104, "family": "quad", "window_frac": 0.05, "f": 0.95, "status": "ok", "t_c": 627, "t_fc": 755, "err_cross": -4, "err_lag": -4, "err_ref": -3, "secs": 0.19}
{"seed": 9310104, "family": "quad", "window_frac": 0.05, "f": 0.98, "status": "ok", "t_c": 656, "t_fc": 755, "err_cross": -4, "err_lag": -4, "err_ref": -3, "secs": 0.19}
{"seed": 9310104, "family": "quad", "window_frac": 0.1, "f": 0.8, "status": "ok", "t_c": 490, "t_fc": 773, "err_cross": 14, "err_lag": -8, "err_ref": -3, "secs": 0.19}
{"seed": 9310104, "family": "quad", "window_frac": 0.1, "f": 0.9, "status": "ok", "t_c": 580, "t_fc": 756, "err_cross": -3, "err_lag": -5, "err_ref": -3, "secs": 0.19}
{"seed": 9310104, "family": "quad", "window_frac": 0.1, "f": 0.95, "status": "ok", "t_c": 627, "t_fc": 755, "err_cross": -4, "err_lag": -4, "err_ref": -3, "secs": 0.19}
{"seed": 9310104, "family": "quad", "window_frac": 0.1, "f": 0.98, "status": "ok", "t_c": 656, "t_fc": 755, "err_cross": -4, "err_lag": -4, "err_ref": -3, "secs": 0.19}
{"seed": 9310104, "family": "quad", "window_frac": 0.25, "f": 0.8, "status": "ok", "t_c": 490, "t_fc": 776, "err_cross": 17, "err_lag": -8, "err_ref": -3, "secs": 0.19}
{"seed": 9310104, "family": "quad", "window_frac": 0.25, "f": 0.9, "status": "ok", "t_c": 580, "t_fc": 757, "err_cross": -2, "err_lag": -5, "err_ref": -3, "secs": 0.19}
{"seed": 9310104, "family": "quad", "window_frac": 0.25, "f": 0.95, "status": "ok", "t_c": 627, "t_fc": 755, "err_cross": -4, "err_lag": -4, "err_ref": -3, "secs": 0.19}
{"seed": 9310104, "family": "quad", "window_frac": 0.25, "f": 0.98, "status": "ok", "t_c": 656, "t_fc": 755, "err_cross": -4, "err_lag": -4, "err_ref": -3, "secs": 0.19}
{"seed": 9310104, "family": "rate", "window_frac": 0.05, "f": 0.8, "status": "ok", "t_c": 490, "t_fc": 762, "err_cross": 3, "err_lag": -4, "err_ref": -3, "secs": 0.2}
{"seed": 9310104, "family": "rate", "window_frac": 0.05, "f": 0.9, "status": "ok", "t_c": 580, "t_fc": 756, "err_cross": -3, "err_lag": -3, "err_ref": -3, "secs": 0.19}
{"seed": 9310104, "family": "rate", "window_frac": 0.05, "f": 0.95, "status": "ok", "t_c": 627, "t_fc": 755, "err_cross": -4, "err_lag": -4, "err_ref": -3, "secs": 0.19}
{"seed": 9310104, "family": "rate", "window_frac": 0.05, "f": 0.98, "status": "ok", "t_c": 656, "t_fc": 755, "err_cross": -4, "err_lag": -4, "err_ref": -3, "secs": 0.19}
{"seed": 9310104, "family": "rate", "window_frac": 0.1, "f": 0.8, "status": "ok", "t_c": 490, "t_fc": 762, "err_cross": 3, "err_lag": -4, "err_ref": -3, "secs": 0.19}
{"seed": 9310104, "family": "rate", "window_frac": 0.1, "f": 0.9, "status": "ok", "t_c": 580, "t_fc": 756, "err_cross": -3, "err_lag": -3, "err_ref": -3, "secs": 0.19}
{"seed": 9310104, "family": "rate", "window_frac": 0.1, "f": 0.95, "status": "ok", "t_c": 627, "t_fc": 755, "err_cross": -4, "err_lag": -4, "err_ref": -3, "secs": 0.19}
{"seed": 9310104, "family": "rate", "window_frac": 0.1, "f": 0.98, "status": "ok", "t_c": 656, "t_fc": 755, "err_cross": -4, "err_lag": -4, "err_ref": -3, "secs": 0.19}
{"seed": 9310104, "family": "rate", "window_frac": 0.25, "f": 0.8, "status": "ok", "t_c": 490, "t_fc": 762, "err_cross": 3, "err_lag": -4, "err_ref": -3, "secs": 0.19}
{"seed": 9310104, "family": "rate", "window_frac": 0.25, "f": 0.9, "status": "ok", "t_c": 580, "t_fc": 756, "err_cross": -3, "err_lag": -4, "err_ref": -3, "secs": 0.19}
{"seed": 9310104, "family": "rate", "window_frac": 0.25, "f": 0.95, "status": "ok", "t_c": 627, "t_fc": 756, "err_cross": -3, "err_lag": -3, "err_ref": -3, "secs": 0.19}
{"seed": 9310104, "family": "rate", "window_frac": 0.25, "f": 0.98, "status": "ok", "t_c": 656, "t_fc": 755, "err_cross": -4, "err_lag": -4, "err_ref": -3, "secs": 0.19}
{"seed": 9310104, "family": "lin", "window_frac": 0.05, "f": 0.8, "status": "ok", "t_c": 490, "t_fc": 721, "err_cross": -38, "err_lag": 0, "err_ref": -3, "secs": 0.19}
{"seed": 9310104, "family": "lin", "window_frac": 0.05, "f": 0.9, "status": "ok", "t_c": 580, "t_fc": 747, "err_cross": -12, "err_lag": 0, "err_ref": -3, "secs": 0.19}
{"seed": 9310104, "family": "lin", "window_frac": 0.05, "f": 0.95, "status": "ok", "t_c": 627, "t_fc": 754, "err_cross": -5, "err_lag": -1, "err_ref": -3, "secs": 0.19}
{"seed": 9310104, "family": "lin", "window_frac": 0.05, "f": 0.98, "status": "ok", "t_c": 656, "t_fc": 757, "err_cross": -2, "err_lag": 0, "err_ref": -3, "secs": 0.19}
{"seed": 9310104, "family": "lin", "window_frac": 0.1, "f": 0.8, "status": "ok", "t_c": 490, "t_fc": 721, "err_cross": -38, "err_lag": 0, "err_ref": -3, "secs": 0.19}
{"seed": 9310104, "family": "lin", "window_frac": 0.1, "f": 0.9, "status": "ok", "t_c": 580, "t_fc": 747, "err_cross": -12, "err_lag": 0, "err_ref": -3, "secs": 0.19}
{"seed": 9310104, "family": "lin", "window_frac": 0.1, "f": 0.95, "status": "ok", "t_c": 627, "t_fc": 754, "err_cross": -5, "err_lag": -1, "err_ref": -3, "secs": 0.19}
{"seed": 9310104, "family": "lin", "window_frac": 0.1, "f": 0.98, "status": "ok", "t_c": 656, "t_fc": 757, "err_cross": -2, "err_lag": 0, "err_ref": -3, "secs": 0.19}
{"seed": 9310104, "family": "lin", "window_frac": 0.25, "f": 0.8, "status": "ok", "t_c": 490, "t_fc": 719, "err_cross": -40, "err_lag": 0, "err_ref": -3, "secs": 0.19}
{"seed": 9310104, "family": "lin", "window_frac": 0.25, "f": 0.9, "status": "ok", "t_c": 580, "t_fc": 744, "err_cross": -15, "err_lag": 0, "err_ref": -3, "secs": 0.19}
{"seed": 9310104, "family": "lin", "window_frac": 0.25, "f": 0.95, "status": "ok", "t_c": 627, "t_fc": 752, "err_cross": -7, "err_lag": -1, "err_ref": -3, "secs": 0.19}
{"seed": 9310104, "family": "lin", "window_frac": 0.25, "f": 0.98, "status": "ok", "t_c": 656, "t_fc": 756, "err_cross": -3, "err_lag": -1, "err_ref": -3, "secs": 0.19}
{"seed": 9310105, "family": "quad", "window_frac": 0.05, "f": 0.8, "status": "ok", "t_c": 544, "t_fc": 647, "err_cross": -5, "err_lag": -5, "err_ref": -4, "secs": 0.19}
{"seed": 9310105, "family": "quad", "window_frac": 0.05, "f": 0.9, "status": "ok", "t_c": 649, "t_fc": 648, "err_cross": -4, "err_lag": -4, "err_ref": -4, "secs": 0.18}
{"seed": 9310105, "family": "quad", "window_frac": 0.05, "f": 0.95, "status": "ok", "t_c": 704, "t_fc": 648, "err_cross": -4, "err_lag": -4, "err_ref": -4, "secs": 0.18}
{"seed": 9310105, "family": "quad", "window_frac": 0.05, "f": 0.98, "status": "ok", "t_c": 738, "t_fc": 648, "err_cross": -4, "err_lag": -4, "err_ref": -4, "secs": 0.19}
{"seed": 9310105, "family": "quad", "window_frac": 0.1, "f": 0.8, "status": "ok", "t_c": 544, "t_fc": 647, "err_cross": -5, "err_lag": -5, "err_ref": -4, "secs": 0.18}
{"seed": 9310105, "family": "quad", "window_frac": 0.1, "f": 0.9, "status": "ok", "t_c": 649, "t_fc": 648, "err_cross": -4, "err_lag": -4, "err_ref": -4, "secs": 0.19}
{"seed": 9310105, "family": "quad", "window_frac": 0.1, "f": 0.95, "status": "ok", "t_c": 704, "t_fc": 648, "err_cross": -4, "err_lag": -4, "err_ref": -4, "secs": 0.18}
{"seed": 9310105, "family": "quad", "window_frac": 0.1, "f": 0.98, "status": "ok", "t_c": 738, "t_fc": 648, "err_cross": -4, "err_lag": -4, "err_ref": -4, "secs": 0.18}
{"seed": 9310105, "family": "quad", "window_frac": 0.25, "f": 0.8, "status": "ok", "t_c": 544, "t_fc": 647, "err_cross": -5, "err_lag": -5, "err_ref": -4, "secs": 0.19}
{"seed": 9310105, "family": "quad", "window_frac": 0.25, "f": 0.9, "status": "ok", "t_c": 649, "t_fc": 648, "err_cross": -4, "err_lag": -4, "err_ref": -4, "secs": 0.18}
{"seed": 9310105, "family": "quad", "window_frac": 0.25, "f": 0.95, "status": "ok", "t_c": 704, "t_fc": 648, "err_cross": -4, "err_lag": -4, "err_ref": -4, "secs": 0.19}
{"seed": 9310105, "family": "quad", "window_frac": 0.25, "f": 0.98, "status": "ok", "t_c": 738, "t_fc": 648, "err_cross": -4, "err_lag": -4, "err_ref": -4, "secs": 0.18}
{"seed": 9310105, "family": "rate", "window_frac": 0.05, "f": 0.8, "status": "ok", "t_c": 544, "t_fc": 648, "err_cross": -4, "err_lag": -4, "err_ref": -4, "secs": 0.18}
{"seed": 9310105, "family": "rate", "window_frac": 0.05, "f": 0.9, "status": "ok", "t_c": 649, "t_fc": 648, "err_cross": -4, "err_lag": -4, "err_ref": -4, "secs": 0.19}
{"seed": 9310105, "family": "rate", "window_frac": 0.05, "f": 0.95, "status": "ok", "t_c": 704, "t_fc": 648, "err_cross": -4, "err_lag": -4, "err_ref": -4, "secs": 0.18}
{"seed": 9310105, "family": "rate", "window_frac": 0.05, "f": 0.98, "status": "ok", "t_c": 738, "t_fc": 648, "err_cross": -4, "err_lag": -4, "err_ref": -4, "secs": 0.19}
{"seed": 9310105, "family": "rate", "window_frac": 0.1, "f": 0.8, "status": "ok", "t_c": 544, "t_fc": 648, "err_cross": -4, "err_lag": -4, "err_ref": -4, "secs": 0.19}
{"seed": 9310105, "family": "rate", "window_frac": 0.1, "f": 0.9, "status": "ok", "t_c": 649, "t_fc": 648, "err_cross": -4, "err_lag": -4, "err_ref": -4, "secs": 0.18}
{"seed": 9310105, "family": "rate", "window_frac": 0.1, "f": 0.95, "status": "ok", "t_c": 704, "t_fc": 648, "err_cross": -4, "err_lag": -4, "err_ref": -4, "secs": 0.19}
{"seed": 9310105, "family": "rate", "window_frac": 0.1, "f": 0.98, "status": "ok", "t_c": 738, "t_fc": 648, "err_cross": -4, "err_lag": -4, "err_ref": -4, "secs": 0.18}
{"seed": 9310105, "family": "rate", "window_frac": 0.25, "f": 0.8, "status": "ok", "t_c": 544, "t_fc": 648, "err_cross": -4, "err_lag": -4, "err_ref": -4, "secs": 0.19}
{"seed": 9310105, "family": "rate", "window_frac": 0.25, "f": 0.9, "status": "ok", "t_c": 649, "t_fc": 648, "err_cross": -4, "err_lag": -4, "err_ref": -4, "secs": 0.19}
{"seed": 9310105, "family": "rate", "window_frac": 0.25, "f": 0.95, "status": "ok", "t_c": 704, "t_fc": 648, "err_cross": -4, "err_lag": -4, "err_ref": -4, "secs": 0.18}
{"seed": 9310105, "family": "rate", "window_frac": 0.25, "f": 0.98, "status": "ok", "t_c": 738, "t_fc": 648, "err_cross": -4, "err_lag": -4, "err_ref": -4, "secs": 0.19}
{"seed": 9310105, "family": "lin", "window_frac": 0.05, "f": 0.8, "status": "ok", "t_c": 544, "t_fc": 650, "err_cross": -2, "err_lag": 0, "err_ref": -4, "secs": 0.18}
{"seed": 9310105, "family": "lin", "window_frac": 0.05, "f": 0.9, "status": "ok", "t_c": 649, "t_fc": 648, "err_cross": -4, "err_lag": -4, "err_ref": -4, "secs": 0.19}
{"seed": 9310105, "family": "lin", "window_frac": 0.05, "f": 0.95, "status": "ok", "t_c": 704, "t_fc": 648, "err_cross": -4, "err_lag": -4, "err_ref": -4, "secs": 0.18}
{"seed": 9310105, "family": "lin", "window_frac": 0.05, "f": 0.98, "status": "ok", "t_c": 738, "t_fc": 648, "err_cross": -4, "err_lag": -4, "err_ref": -4, "secs": 0.18}
{"seed": 9310105, "family": "lin", "window_frac": 0.1, "f": 0.8, "status": "ok", "t_c": 544, "t_fc": 650, "err_cross": -2, "err_lag": 0, "err_ref": -4, "secs": 0.19}
{"seed": 9310105, "family": "lin", "window_frac": 0.1, "f": 0.9, "status": "ok", "t_c": 649, "t_fc": 648, "err_cross": -4, "err_lag": -4, "err_ref": -4, "secs": 0.18}
{"seed": 9310105, "family": "lin", "window_frac": 0.1, "f": 0.95, "status": "ok", "t_c": 704, "t_fc": 648, "err_cross": -4, "err_lag": -4, "err_ref": -4, "secs": 0.19}
{"seed": 9310105, "family": "lin", "window_frac": 0.1, "f": 0.98, "status": "ok", "t_c": 738, "t_fc": 648, "err_cross": -4, "err_lag": -4, "err_ref": -4, "secs": 0.18}
{"seed": 9310105, "family": "lin", "window_frac": 0.25, "f": 0.8, "status": "ok", "t_c": 544, "t_fc": 649, "err_cross": -3, "err_lag": -1, "err_ref": -4, "secs": 0.18}
{"seed": 9310105, "family": "lin", "window_frac": 0.25, "f": 0.9, "status": "ok", "t_c": 649, "t_fc": 648, "err_cross": -4, "err_lag": -4, "err_ref": -4, "secs": 0.19}
{"seed": 9310105, "family": "lin", "window_frac": 0.25, "f": 0.95, "status": "ok", "t_c": 704, "t_fc": 648, "err_cross": -4, "err_lag": -4, "err_ref": -4, "secs": 0.18}
{"seed": 9310105, "family": "lin", "window_frac": 0.25, "f": 0.98, "status": "ok", "t_c": 738, "t_fc": 648, "err_cross": -4, "err_lag": -4, "err_ref": -4, "secs": 0.19}
{"seed": 9310106, "family": "quad", "window_frac": 0.05, "f": 0.8, "status": "ok", "t_c": 536, "t_fc": 838, "err_cross": 18, "err_lag": -6, "err_ref": -3, "secs": 0.19}
{"seed": 9310106, "family": "quad", "window_frac": 0.05, "f": 0.9, "status": "ok", "t_c": 637, "t_fc": 818, "err_cross": -2, "err_lag": -4, "err_ref": -3, "secs": 0.19}
{"seed": 9310106, "family": "quad", "window_frac": 0.05, "f": 0.95, "status": "ok", "t_c": 690, "t_fc": 817, "err_cross": -3, "err_lag": -3, "err_ref": -3, "secs": 0.19}
{"seed": 9310106, "family": "quad", "window_frac": 0.05, "f": 0.98, "status": "ok", "t_c": 722, "t_fc": 816, "err_cross": -4, "err_lag": -4, "err_ref": -3, "secs": 0.19}
{"seed": 9310106, "family": "quad", "window_frac": 0.1, "f": 0.8, "status": "ok", "t_c": 536, "t_fc": 838, "err_cross": 18, "err_lag": -6, "err_ref": -3, "secs": 0.2}
{"seed": 9310106, "family": "quad", "window_frac": 0.1, "f": 0.9, "status": "ok", "t_c": 637, "t_fc": 818, "err_cross": -2, "err_lag": -4, "err_ref": -3, "secs": 0.19}
{"seed": 9310106, "family": "quad", "window_frac": 0.1, "f": 0.95, "status": "ok", "t_c": 690, "t_fc": 817, "err_cross": -3, "err_lag": -3, "err_ref": -3, "secs": 0.19}
{"seed": 9310106, "family": "quad", "window_frac": 0.1, "f": 0.98, "status": "ok", "t_c": 722, "t_fc": 816, "err_cross": -4, "err_lag": -4, "err_ref": -3, "secs": 0.2}
{"seed": 9310106, "family": "quad", "window_frac": 0.25, "f": 0.8, "status": "ok", "t_c": 536, "t_fc": 842, "err_cross": 22, "err_lag": -7, "err_ref": -3, "secs": 0.19}
{"seed": 9310106, "family": "quad", "window_frac": 0.25, "f": 0.9, "status": "ok", "t_c": 637, "t_fc": 819, "err_cross": -1, "err_lag": -5, "err_ref": -3, "secs": 0.2}
{"seed": 9310106, "family": "quad", "window_frac": 0.25, "f": 0.95, "status": "ok", "t_c": 690, "t_fc": 817, "err_cross": -3, "err_lag": -4, "err_ref": -3, "secs": 0.19}
{"seed": 9310106, "family": "quad", "window_frac": 0.25, "f": 0.98, "status": "ok", "t_c": 722, "t_fc": 816, "err_cross": -4, "err_lag": -4, "err_ref": -3, "secs": 0.19}
{"seed": 9310106, "family": "rate", "window_frac": 0.05, "f": 0.8, "status": "ok", "t_c": 536, "t_fc": 824, "err_cross": 4, "err_lag": -3, "err_ref": -3, "secs": 0.2}
{"seed": 9310106, "family": "rate", "window_frac": 0.05, "f": 0.9, "status": "ok", "t_c": 637, "t_fc": 817, "err_cross": -3, "err_lag": -4, "err_ref": -3, "secs": 0.19}
{"seed": 9310106, "family": "rate", "window_frac": 0.05, "f": 0.95, "status": "ok", "t_c": 690, "t_fc": 817, "err_cross": -3, "err_lag": -3, "err_ref": -3, "secs": 0.19}
{"seed": 9310106, "family": "rate", "window_frac": 0.05, "f": 0.98, "status": "ok", "t_c": 722, "t_fc": 817, "err_cross": -3, "err_lag": -3, "err_ref": -3, "secs": 0.19}
{"seed": 9310106, "family": "rate", "window_frac": 0.1, "f": 0.8, "status": "ok", "t_c": 536, "t_fc": 824, "err_cross": 4, "err_lag": -3, "err_ref": -3, "secs": 0.19}
{"seed": 9310106, "family": "rate", "window_frac": 0.1, "f": 0.9, "status": "ok", "t_c": 637, "t_fc": 817, "err_cross": -3, "err_lag": -4, "err_ref": -3, "secs": 0.2}
{"seed": 9310106, "family": "rate", "window_frac": 0.1, "f": 0.95, "status": "ok", "t_c": 690, "t_fc": 817, "err_cross": -3, "err_lag": -3, "err_ref": -3, "secs": 0.19}
{"seed": 9310106, "family": "rate", "window_frac": 0.1, "f": 0.98, "status": "ok", "t_c": 722, "t_fc": 817, "err_cross": -3, "err_lag": -3, "err_ref": -3, "secs": 0.19}
{"seed": 9310106, "family": "rate", "window_frac": 0.25, "f": 0.8, "status": "ok", "t_c": 536, "t_fc": 825, "err_cross": 5, "err_lag": -4, "err_ref": -3, "secs": 0.19}
{"seed": 9310106, "family": "rate", "window_frac": 0.25, "f": 0.9, "status": "ok", "t_c": 637, "t_fc": 818, "err_cross": -2, "err_lag": -3, "err_ref": -3, "secs": 0.19}
{"seed": 9310106, "family": "rate", "window_frac": 0.25, "f": 0.95, "status": "ok", "t_c": 690, "t_fc": 817, "err_cross": -3, "err_lag": -3, "err_ref": -3, "secs": 0.2}
{"seed": 9310106, "family": "rate", "window_frac": 0.25, "f": 0.98, "status": "ok", "t_c": 722, "t_fc": 817, "err_cross": -3, "err_lag": -3, "err_ref": -3, "secs": 0.19}
{"seed": 9310106, "family": "lin", "window_frac": 0.05, "f": 0.8, "status": "ok", "t_c": 536, "t_fc": 777, "err_cross": -43, "err_lag": -1, "err_ref": -3, "secs": 0.23}
{"seed": 9310106, "family": "lin", "window_frac": 0.05, "f": 0.9, "status": "ok", "t_c": 637, "t_fc": 806, "err_cross": -14, "err_lag": -2, "err_ref": -3, "secs": 0.19}
{"seed": 9310106, "family": "lin", "window_frac": 0.05, "f": 0.95, "status": "ok", "t_c": 690, "t_fc": 814, "err_cross": -6, "err_lag": -2, "err_ref": -3, "secs": 0.19}
{"seed": 9310106, "family": "lin", "window_frac": 0.05, "f": 0.98, "status": "ok", "t_c": 722, "t_fc": 817, "err_cross": -3, "err_lag": -2, "err_ref": -3, "secs": 0.19}
{"seed": 9310106, "family": "lin", "window_frac": 0.1, "f": 0.8, "status": "ok", "t_c": 536, "t_fc": 777, "err_cross": -43, "err_lag": -1, "err_ref": -3, "secs": 0.19}
{"seed": 9310106, "family": "lin", "window_frac": 0.1, "f": 0.9, "status": "ok", "t_c": 637, "t_fc": 806, "err_cross": -14, "err_lag": -2, "err_ref": -3, "secs": 0.19}
{"seed": 9310106, "family": "lin", "window_frac": 0.1, "f": 0.95, "status": "ok", "t_c": 690, "t_fc": 814, "err_cross": -6, "err_lag": -2, "err_ref": -3, "secs": 0.19}
{"seed": 9310106, "family": "lin", "window_frac": 0.1, "f": 0.98, "status": "ok", "t_c": 722, "t_fc": 817, "err_cross": -3, "err_lag": -2, "err_ref": -3, "secs": 0.19}
{"seed": 9310106, "family": "lin", "window_frac": 0.25, "f": 0.8, "status": "ok", "t_c": 536, "t_fc": 774, "err_cross": -46, "err_lag": -2, "err_ref": -3, "secs": 0.19}
{"seed": 9310106, "family": "lin", "window_frac": 0.25, "f": 0.9, "status": "ok", "t_c": 637, "t_fc": 802, "err_cross": -18, "err_lag": -2, "err_ref": -3, "secs": 0.2}
{"seed": 9310106, "family": "lin", "window_frac": 0.25, "f": 0.95, "status": "ok", "t_c": 690, "t_fc": 812, "err_cross": -8, "err_lag": -2, "err_ref": -3, "secs": 0.19}
{"seed": 9310106, "family": "lin", "window_frac": 0.25, "f": 0.98, "status": "ok", "t_c": 722, "t_fc": 816, "err_cross": -4, "err_lag": -2, "err_ref": -3, "secs": 0.19}
{"seed": 9310107, "family": "quad", "window_frac": 0.05, "f": 0.8, "status": "no forecast: no predicted crossing on the extrapolated path", "t_c": 22645, "t_fc": null, "err_cross": null, "err_lag": null, "err_ref": -4, "secs": 0.2}
{"seed": 9310107, "family": "quad", "window_frac": 0.05, "f": 0.9, "status": "ok", "t_c": 22728, "t_fc": 23084, "err_cross": 32, "err_lag": -11, "err_ref": -4, "secs": 0.19}
{"seed": 9310107, "family": "quad", "window_frac": 0.05, "f": 0.95, "status": "ok", "t_c": 22771, "t_fc": 23061, "err_cross": 9, "err_lag": -8, "err_ref": -4, "secs": 0.2}
{"seed": 9310107, "family": "quad", "window_frac": 0.05, "f": 0.98, "status": "ok", "t_c": 22797, "t_fc": 23055, "err_cross": 3, "err_lag": -7, "err_ref": -4, "secs": 0.19}
{"seed": 9310107, "family": "quad", "window_frac": 0.1, "f": 0.8, "status": "no forecast: no predicted crossing on the extrapolated path", "t_c": 22645, "t_fc": null, "err_cross": null, "err_lag": null, "err_ref": -4, "secs": 0.21}
{"seed": 9310107, "family": "quad", "window_frac": 0.1, "f": 0.9, "status": "ok", "t_c": 22728, "t_fc": 23084, "err_cross": 32, "err_lag": -11, "err_ref": -4, "secs": 0.19}
{"seed": 9310107, "family": "quad", "window_frac": 0.1, "f": 0.95, "status": "ok", "t_c": 22771, "t_fc": 23061, "err_cross": 9, "err_lag": -8, "err_ref": -4, "secs": 0.19}
{"seed": 9310107, "family": "quad", "window_frac": 0.1, "f": 0.98, "status": "ok", "t_c": 22797, "t_fc": 23055, "err_cross": 3, "err_lag": -7, "err_ref": -4, "secs": 0.2}
{"seed": 9310107, "family": "quad", "window_frac": 0.25, "f": 0.8, "status": "no forecast: no predicted crossing on the extrapolated path", "t_c": 22645, "t_fc": null, "err_cross": null, "err_lag": null, "err_ref": -4, "secs": 0.2}
{"seed": 9310107, "family": "quad", "window_frac": 0.25, "f": 0.9, "status": "ok", "t_c": 22728, "t_fc": 23098, "err_cross": 46, "err_lag": -13, "err_ref": -4, "secs": 0.2}
{"seed": 9310107, "family": "quad", "window_frac": 0.25, "f": 0.95, "status": "ok", "t_c": 22771, "t_fc": 23068, "err_cross": 16, "err_lag": -8, "err_ref": -4, "secs": 0.19}
{"seed": 9310107, "family": "quad", "window_frac": 0.25, "f": 0.98, "status": "ok", "t_c": 22797, "t_fc": 23060, "err_cross": 8, "err_lag": -7, "err_ref": -4, "secs": 0.19}
{"seed": 9310107, "family": "rate", "window_frac": 0.05, "f": 0.8, "status": "ok", "t_c": 22645, "t_fc": 23088, "err_cross": 36, "err_lag": -6, "err_ref": -4, "secs": 0.2}
{"seed": 9310107, "family": "rate", "window_frac": 0.05, "f": 0.9, "status": "ok", "t_c": 22728, "t_fc": 23059, "err_cross": 7, "err_lag": -5, "err_ref": -4, "secs": 0.19}
{"seed": 9310107, "family": "rate", "window_frac": 0.05, "f": 0.95, "status": "ok", "t_c": 22771, "t_fc": 23053, "err_cross": 1, "err_lag": -5, "err_ref": -4, "secs": 0.2}
{"seed": 9310107, "family": "rate", "window_frac": 0.05, "f": 0.98, "status": "ok", "t_c": 22797, "t_fc": 23051, "err_cross": -1, "err_lag": -5, "err_ref": -4, "secs": 0.2}
{"seed": 9310107, "family": "rate", "window_frac": 0.1, "f": 0.8, "status": "ok", "t_c": 22645, "t_fc": 23088, "err_cross": 36, "err_lag": -6, "err_ref": -4, "secs": 0.2}
{"seed": 9310107, "family": "rate", "window_frac": 0.1, "f": 0.9, "status": "ok", "t_c": 22728, "t_fc": 23059, "err_cross": 7, "err_lag": -5, "err_ref": -4, "secs": 0.19}
{"seed": 9310107, "family": "rate", "window_frac": 0.1, "f": 0.95, "status": "ok", "t_c": 22771, "t_fc": 23053, "err_cross": 1, "err_lag": -5, "err_ref": -4, "secs": 0.19}
{"seed": 9310107, "family": "rate", "window_frac": 0.1, "f": 0.98, "status": "ok", "t_c": 22797, "t_fc": 23051, "err_cross": -1, "err_lag": -5, "err_ref": -4, "secs": 0.2}
{"seed": 9310107, "family": "rate", "window_frac": 0.25, "f": 0.8, "status": "ok", "t_c": 22645, "t_fc": 23090, "err_cross": 38, "err_lag": -6, "err_ref": -4, "secs": 0.19}
{"seed": 9310107, "family": "rate", "window_frac": 0.25, "f": 0.9, "status": "ok", "t_c": 22728, "t_fc": 23061, "err_cross": 9, "err_lag": -5, "err_ref": -4, "secs": 0.2}
{"seed": 9310107, "family": "rate", "window_frac": 0.25, "f": 0.95, "status": "ok", "t_c": 22771, "t_fc": 23055, "err_cross": 3, "err_lag": -5, "err_ref": -4, "secs": 0.19}
{"seed": 9310107, "family": "rate", "window_frac": 0.25, "f": 0.98, "status": "ok", "t_c": 22797, "t_fc": 23052, "err_cross": 0, "err_lag": -6, "err_ref": -4, "secs": 0.2}
{"seed": 9310107, "family": "lin", "window_frac": 0.05, "f": 0.8, "status": "ok", "t_c": 22645, "t_fc": 22956, "err_cross": -96, "err_lag": -1, "err_ref": -4, "secs": 0.19}
{"seed": 9310107, "family": "lin", "window_frac": 0.05, "f": 0.9, "status": "ok", "t_c": 22728, "t_fc": 22998, "err_cross": -54, "err_lag": -2, "err_ref": -4, "secs": 0.19}
{"seed": 9310107, "family": "lin", "window_frac": 0.05, "f": 0.95, "status": "ok", "t_c": 22771, "t_fc": 23015, "err_cross": -37, "err_lag": -2, "err_ref": -4, "secs": 0.19}
{"seed": 9310107, "family": "lin", "window_frac": 0.05, "f": 0.98, "status": "ok", "t_c": 22797, "t_fc": 23023, "err_cross": -29, "err_lag": -2, "err_ref": -4, "secs": 0.19}
{"seed": 9310107, "family": "lin", "window_frac": 0.1, "f": 0.8, "status": "ok", "t_c": 22645, "t_fc": 22956, "err_cross": -96, "err_lag": -1, "err_ref": -4, "secs": 0.2}
{"seed": 9310107, "family": "lin", "window_frac": 0.1, "f": 0.9, "status": "ok", "t_c": 22728, "t_fc": 22998, "err_cross": -54, "err_lag": -2, "err_ref": -4, "secs": 0.19}
{"seed": 9310107, "family": "lin", "window_frac": 0.1, "f": 0.95, "status": "ok", "t_c": 22771, "t_fc": 23015, "err_cross": -37, "err_lag": -2, "err_ref": -4, "secs": 0.2}
{"seed": 9310107, "family": "lin", "window_frac": 0.1, "f": 0.98, "status": "ok", "t_c": 22797, "t_fc": 23023, "err_cross": -29, "err_lag": -2, "err_ref": -4, "secs": 0.19}
{"seed": 9310107, "family": "lin", "window_frac": 0.25, "f": 0.8, "status": "ok", "t_c": 22645, "t_fc": 22954, "err_cross": -98, "err_lag": -2, "err_ref": -4, "secs": 0.19}
{"seed": 9310107, "family": "lin", "window_frac": 0.25, "f": 0.9, "status": "ok", "t_c": 22728, "t_fc": 22994, "err_cross": -58, "err_lag": -1, "err_ref": -4, "secs": 0.19}
{"seed": 9310107, "family": "lin", "window_frac": 0.25, "f": 0.95, "status": "ok", "t_c": 22771, "t_fc": 23009, "err_cross": -43, "err_lag": -2, "err_ref": -4, "secs": 0.19}
{"seed": 9310107, "family": "lin", "window_frac": 0.25, "f": 0.98, "status": "ok", "t_c": 22797, "t_fc": 23018, "err_cross": -34, "err_lag": -1, "err_ref": -4, "secs": 0.2}
{"seed": 9310108, "family": "quad", "window_frac": 0.05, "f": 0.8, "status": "no cutoff: s never reaches f\u00b7s_ref in the saved path", "t_c": null, "t_fc": null, "err_cross": null, "err_lag": null, "err_ref": null, "secs": 0.0}
{"seed": 9310108, "family": "quad", "window_frac": 0.05, "f": 0.9, "status": "no cutoff: s never reaches f\u00b7s_ref in the saved path", "t_c": null, "t_fc": null, "err_cross": null, "err_lag": null, "err_ref": null, "secs": 0.0}
{"seed": 9310108, "family": "quad", "window_frac": 0.05, "f": 0.95, "status": "no cutoff: s never reaches f\u00b7s_ref in the saved path", "t_c": null, "t_fc": null, "err_cross": null, "err_lag": null, "err_ref": null, "secs": 0.0}
{"seed": 9310108, "family": "quad", "window_frac": 0.05, "f": 0.98, "status": "no cutoff: s never reaches f\u00b7s_ref in the saved path", "t_c": null, "t_fc": null, "err_cross": null, "err_lag": null, "err_ref": null, "secs": 0.0}
{"seed": 9310108, "family": "quad", "window_frac": 0.1, "f": 0.8, "status": "no cutoff: s never reaches f\u00b7s_ref in the saved path", "t_c": null, "t_fc": null, "err_cross": null, "err_lag": null, "err_ref": null, "secs": 0.0}
{"seed": 9310108, "family": "quad", "window_frac": 0.1, "f": 0.9, "status": "no cutoff: s never reaches f\u00b7s_ref in the saved path", "t_c": null, "t_fc": null, "err_cross": null, "err_lag": null, "err_ref": null, "secs": 0.0}
{"seed": 9310108, "family": "quad", "window_frac": 0.1, "f": 0.95, "status": "no cutoff: s never reaches f\u00b7s_ref in the saved path", "t_c": null, "t_fc": null, "err_cross": null, "err_lag": null, "err_ref": null, "secs": 0.0}
{"seed": 9310108, "family": "quad", "window_frac": 0.1, "f": 0.98, "status": "no cutoff: s never reaches f\u00b7s_ref in the saved path", "t_c": null, "t_fc": null, "err_cross": null, "err_lag": null, "err_ref": null, "secs": 0.0}
{"seed": 9310108, "family": "quad", "window_frac": 0.25, "f": 0.8, "status": "no cutoff: s never reaches f\u00b7s_ref in the saved path", "t_c": null, "t_fc": null, "err_cross": null, "err_lag": null, "err_ref": null, "secs": 0.0}
{"seed": 9310108, "family": "quad", "window_frac": 0.25, "f": 0.9, "status": "no cutoff: s never reaches f\u00b7s_ref in the saved path", "t_c": null, "t_fc": null, "err_cross": null, "err_lag": null, "err_ref": null, "secs": 0.0}
{"seed": 9310108, "family": "quad", "window_frac": 0.25, "f": 0.95, "status": "no cutoff: s never reaches f\u00b7s_ref in the saved path", "t_c": null, "t_fc": null, "err_cross": null, "err_lag": null, "err_ref": null, "secs": 0.0}
{"seed": 9310108, "family": "quad", "window_frac": 0.25, "f": 0.98, "status": "no cutoff: s never reaches f\u00b7s_ref in the saved path", "t_c": null, "t_fc": null, "err_cross": null, "err_lag": null, "err_ref": null, "secs": 0.0}
{"seed": 9310108, "family": "rate", "window_frac": 0.05, "f": 0.8, "status": "no cutoff: s never reaches f\u00b7s_ref in the saved path", "t_c": null, "t_fc": null, "err_cross": null, "err_lag": null, "err_ref": null, "secs": 0.0}
{"seed": 9310108, "family": "rate", "window_frac": 0.05, "f": 0.9, "status": "no cutoff: s never reaches f\u00b7s_ref in the saved path", "t_c": null, "t_fc": null, "err_cross": null, "err_lag": null, "err_ref": null, "secs": 0.0}
{"seed": 9310108, "family": "rate", "window_frac": 0.05, "f": 0.95, "status": "no cutoff: s never reaches f\u00b7s_ref in the saved path", "t_c": null, "t_fc": null, "err_cross": null, "err_lag": null, "err_ref": null, "secs": 0.0}
{"seed": 9310108, "family": "rate", "window_frac": 0.05, "f": 0.98, "status": "no cutoff: s never reaches f\u00b7s_ref in the saved path", "t_c": null, "t_fc": null, "err_cross": null, "err_lag": null, "err_ref": null, "secs": 0.0}
{"seed": 9310108, "family": "rate", "window_frac": 0.1, "f": 0.8, "status": "no cutoff: s never reaches f\u00b7s_ref in the saved path", "t_c": null, "t_fc": null, "err_cross": null, "err_lag": null, "err_ref": null, "secs": 0.0}
{"seed": 9310108, "family": "rate", "window_frac": 0.1, "f": 0.9, "status": "no cutoff: s never reaches f\u00b7s_ref in the saved path", "t_c": null, "t_fc": null, "err_cross": null, "err_lag": null, "err_ref": null, "secs": 0.0}
{"seed": 9310108, "family": "rate", "window_frac": 0.1, "f": 0.95, "status": "no cutoff: s never reaches f\u00b7s_ref in the saved path", "t_c": null, "t_fc": null, "err_cross": null, "err_lag": null, "err_ref": null, "secs": 0.0}
{"seed": 9310108, "family": "rate", "window_frac": 0.1, "f": 0.98, "status": "no cutoff: s never reaches f\u00b7s_ref in the saved path", "t_c": null, "t_fc": null, "err_cross": null, "err_lag": null, "err_ref": null, "secs": 0.0}
{"seed": 9310108, "family": "rate", "window_frac": 0.25, "f": 0.8, "status": "no cutoff: s never reaches f\u00b7s_ref in the saved path", "t_c": null, "t_fc": null, "err_cross": null, "err_lag": null, "err_ref": null, "secs": 0.0}
{"seed": 9310108, "family": "rate", "window_frac": 0.25, "f": 0.9, "status": "no cutoff: s never reaches f\u00b7s_ref in the saved path", "t_c": null, "t_fc": null, "err_cross": null, "err_lag": null, "err_ref": null, "secs": 0.0}
{"seed": 9310108, "family": "rate", "window_frac": 0.25, "f": 0.95, "status": "no cutoff: s never reaches f\u00b7s_ref in the saved path", "t_c": null, "t_fc": null, "err_cross": null, "err_lag": null, "err_ref": null, "secs": 0.0}
{"seed": 9310108, "family": "rate", "window_frac": 0.25, "f": 0.98, "status": "no cutoff: s never reaches f\u00b7s_ref in the saved path", "t_c": null, "t_fc": null, "err_cross": null, "err_lag": null, "err_ref": null, "secs": 0.0}
{"seed": 9310108, "family": "lin", "window_frac": 0.05, "f": 0.8, "status": "no cutoff: s never reaches f\u00b7s_ref in the saved path", "t_c": null, "t_fc": null, "err_cross": null, "err_lag": null, "err_ref": null, "secs": 0.0}
{"seed": 9310108, "family": "lin", "window_frac": 0.05, "f": 0.9, "status": "no cutoff: s never reaches f\u00b7s_ref in the saved path", "t_c": null, "t_fc": null, "err_cross": null, "err_lag": null, "err_ref": null, "secs": 0.0}
{"seed": 9310108, "family": "lin", "window_frac": 0.05, "f": 0.95, "status": "no cutoff: s never reaches f\u00b7s_ref in the saved path", "t_c": null, "t_fc": null, "err_cross": null, "err_lag": null, "err_ref": null, "secs": 0.0}
{"seed": 9310108, "family": "lin", "window_frac": 0.05, "f": 0.98, "status": "no cutoff: s never reaches f\u00b7s_ref in the saved path", "t_c": null, "t_fc": null, "err_cross": null, "err_lag": null, "err_ref": null, "secs": 0.0}
{"seed": 9310108, "family": "lin", "window_frac": 0.1, "f": 0.8, "status": "no cutoff: s never reaches f\u00b7s_ref in the saved path", "t_c": null, "t_fc": null, "err_cross": null, "err_lag": null, "err_ref": null, "secs": 0.0}
{"seed": 9310108, "family": "lin", "window_frac": 0.1, "f": 0.9, "status": "no cutoff: s never reaches f\u00b7s_ref in the saved path", "t_c": null, "t_fc": null, "err_cross": null, "err_lag": null, "err_ref": null, "secs": 0.0}
{"seed": 9310108, "family": "lin", "window_frac": 0.1, "f": 0.95, "status": "no cutoff: s never reaches f\u00b7s_ref in the saved path", "t_c": null, "t_fc": null, "err_cross": null, "err_lag": null, "err_ref": null, "secs": 0.0}
{"seed": 9310108, "family": "lin", "window_frac": 0.1, "f": 0.98, "status": "no cutoff: s never reaches f\u00b7s_ref in the saved path", "t_c": null, "t_fc": null, "err_cross": null, "err_lag": null, "err_ref": null, "secs": 0.0}
{"seed": 9310108, "family": "lin", "window_frac": 0.25, "f": 0.8, "status": "no cutoff: s never reaches f\u00b7s_ref in the saved path", "t_c": null, "t_fc": null, "err_cross": null, "err_lag": null, "err_ref": null, "secs": 0.0}
{"seed": 9310108, "family": "lin", "window_frac": 0.25, "f": 0.9, "status": "no cutoff: s never reaches f\u00b7s_ref in the saved path", "t_c": null, "t_fc": null, "err_cross": null, "err_lag": null, "err_ref": null, "secs": 0.0}
{"seed": 9310108, "family": "lin", "window_frac": 0.25, "f": 0.95, "status": "no cutoff: s never reaches f\u00b7s_ref in the saved path", "t_c": null, "t_fc": null, "err_cross": null, "err_lag": null, "err_ref": null, "secs": 0.0}
{"seed": 9310108, "family": "lin", "window_frac": 0.25, "f": 0.98, "status": "no cutoff: s never reaches f\u00b7s_ref in the saved path", "t_c": null, "t_fc": null, "err_cross": null, "err_lag": null, "err_ref": null, "secs": 0.0}
{"seed": 9310109, "family": "quad", "window_frac": 0.05, "f": 0.8, "status": "no forecast: no predicted crossing on the extrapolated path", "t_c": 448, "t_fc": null, "err_cross": null, "err_lag": null, "err_ref": -4, "secs": 0.2}
{"seed": 9310109, "family": "quad", "window_frac": 0.05, "f": 0.9, "status": "ok", "t_c": 527, "t_fc": 942, "err_cross": 62, "err_lag": -21, "err_ref": -4, "secs": 0.19}
{"seed": 9310109, "family": "quad", "window_frac": 0.05, "f": 0.95, "status": "ok", "t_c": 569, "t_fc": 897, "err_cross": 17, "err_lag": -11, "err_ref": -4, "secs": 0.19}
{"seed": 9310109, "family": "quad", "window_frac": 0.05, "f": 0.98, "status": "ok", "t_c": 594, "t_fc": 887, "err_cross": 7, "err_lag": -10, "err_ref": -4, "secs": 0.19}
{"seed": 9310109, "family": "quad", "window_frac": 0.1, "f": 0.8, "status": "no forecast: no predicted crossing on the extrapolated path", "t_c": 448, "t_fc": null, "err_cross": null, "err_lag": null, "err_ref": -4, "secs": 0.2}
{"seed": 9310109, "family": "quad", "window_frac": 0.1, "f": 0.9, "status": "ok", "t_c": 527, "t_fc": 942, "err_cross": 62, "err_lag": -21, "err_ref": -4, "secs": 0.19}
{"seed": 9310109, "family": "quad", "window_frac": 0.1, "f": 0.95, "status": "ok", "t_c": 569, "t_fc": 897, "err_cross": 17, "err_lag": -11, "err_ref": -4, "secs": 0.2}
{"seed": 9310109, "family": "quad", "window_frac": 0.1, "f": 0.98, "status": "ok", "t_c": 594, "t_fc": 887, "err_cross": 7, "err_lag": -10, "err_ref": -4, "secs": 0.19}
{"seed": 9310109, "family": "quad", "window_frac": 0.25, "f": 0.8, "status": "no forecast: no predicted crossing on the extrapolated path", "t_c": 448, "t_fc": null, "err_cross": null, "err_lag": null, "err_ref": -4, "secs": 0.2}
{"seed": 9310109, "family": "quad", "window_frac": 0.25, "f": 0.9, "status": "ok", "t_c": 527, "t_fc": 982, "err_cross": 102, "err_lag": null, "err_ref": -4, "secs": 0.19}
{"seed": 9310109, "family": "quad", "window_frac": 0.25, "f": 0.95, "status": "ok", "t_c": 569, "t_fc": 907, "err_cross": 27, "err_lag": -13, "err_ref": -4, "secs": 0.19}
{"seed": 9310109, "family": "quad", "window_frac": 0.25, "f": 0.98, "status": "ok", "t_c": 594, "t_fc": 894, "err_cross": 14, "err_lag": -11, "err_ref": -4, "secs": 0.2}
{"seed": 9310109, "family": "rate", "window_frac": 0.05, "f": 0.8, "status": "ok", "t_c": 448, "t_fc": 929, "err_cross": 49, "err_lag": -7, "err_ref": -4, "secs": 0.19}
{"seed": 9310109, "family": "rate", "window_frac": 0.05, "f": 0.9, "status": "ok", "t_c": 527, "t_fc": 891, "err_cross": 11, "err_lag": -6, "err_ref": -4, "secs": 0.2}
{"seed": 9310109, "family": "rate", "window_frac": 0.05, "f": 0.95, "status": "ok", "t_c": 569, "t_fc": 883, "err_cross": 3, "err_lag": -6, "err_ref": -4, "secs": 0.19}
{"seed": 9310109, "family": "rate", "window_frac": 0.05, "f": 0.98, "status": "ok", "t_c": 594, "t_fc": 880, "err_cross": 0, "err_lag": -6, "err_ref": -4, "secs": 0.2}
{"seed": 9310109, "family": "rate", "window_frac": 0.1, "f": 0.8, "status": "ok", "t_c": 448, "t_fc": 929, "err_cross": 49, "err_lag": -7, "err_ref": -4, "secs": 0.19}
{"seed": 9310109, "family": "rate", "window_frac": 0.1, "f": 0.9, "status": "ok", "t_c": 527, "t_fc": 891, "err_cross": 11, "err_lag": -6, "err_ref": -4, "secs": 0.2}
{"seed": 9310109, "family": "rate", "window_frac": 0.1, "f": 0.95, "status": "ok", "t_c": 569, "t_fc": 883, "err_cross": 3, "err_lag": -6, "err_ref": -4, "secs": 0.19}
{"seed": 9310109, "family": "rate", "window_frac": 0.1, "f": 0.98, "status": "ok", "t_c": 594, "t_fc": 880, "err_cross": 0, "err_lag": -6, "err_ref": -4, "secs": 0.19}
{"seed": 9310109, "family": "rate", "window_frac": 0.25, "f": 0.8, "status": "ok", "t_c": 448, "t_fc": 929, "err_cross": 49, "err_lag": -8, "err_ref": -4, "secs": 0.19}
{"seed": 9310109, "family": "rate", "window_frac": 0.25, "f": 0.9, "status": "ok", "t_c": 527, "t_fc": 893, "err_cross": 13, "err_lag": -7, "err_ref": -4, "secs": 0.19}
{"seed": 9310109, "family": "rate", "window_frac": 0.25, "f": 0.95, "status": "ok", "t_c": 569, "t_fc": 885, "err_cross": 5, "err_lag": -6, "err_ref": -4, "secs": 0.19}
{"seed": 9310109, "family": "rate", "window_frac": 0.25, "f": 0.98, "status": "ok", "t_c": 594, "t_fc": 882, "err_cross": 2, "err_lag": -6, "err_ref": -4, "secs": 0.19}
{"seed": 9310109, "family": "lin", "window_frac": 0.05, "f": 0.8, "status": "ok", "t_c": 448, "t_fc": 772, "err_cross": -108, "err_lag": -1, "err_ref": -4, "secs": 0.19}
{"seed": 9310109, "family": "lin", "window_frac": 0.05, "f": 0.9, "status": "ok", "t_c": 527, "t_fc": 816, "err_cross": -64, "err_lag": -1, "err_ref": -4, "secs": 0.19}
{"seed": 9310109, "family": "lin", "window_frac": 0.05, "f": 0.95, "status": "ok", "t_c": 569, "t_fc": 834, "err_cross": -46, "err_lag": -2, "err_ref": -4, "secs": 0.19}
{"seed": 9310109, "family": "lin", "window_frac": 0.05, "f": 0.98, "status": "ok", "t_c": 594, "t_fc": 843, "err_cross": -37, "err_lag": -2, "err_ref": -4, "secs": 0.19}
{"seed": 9310109, "family": "lin", "window_frac": 0.1, "f": 0.8, "status": "ok", "t_c": 448, "t_fc": 772, "err_cross": -108, "err_lag": -1, "err_ref": -4, "secs": 0.19}
{"seed": 9310109, "family": "lin", "window_frac": 0.1, "f": 0.9, "status": "ok", "t_c": 527, "t_fc": 816, "err_cross": -64, "err_lag": -1, "err_ref": -4, "secs": 0.2}
{"seed": 9310109, "family": "lin", "window_frac": 0.1, "f": 0.95, "status": "ok", "t_c": 569, "t_fc": 834, "err_cross": -46, "err_lag": -2, "err_ref": -4, "secs": 0.19}
{"seed": 9310109, "family": "lin", "window_frac": 0.1, "f": 0.98, "status": "ok", "t_c": 594, "t_fc": 843, "err_cross": -37, "err_lag": -2, "err_ref": -4, "secs": 0.2}
{"seed": 9310109, "family": "lin", "window_frac": 0.25, "f": 0.8, "status": "ok", "t_c": 448, "t_fc": 771, "err_cross": -109, "err_lag": -1, "err_ref": -4, "secs": 0.19}
{"seed": 9310109, "family": "lin", "window_frac": 0.25, "f": 0.9, "status": "ok", "t_c": 527, "t_fc": 811, "err_cross": -69, "err_lag": -2, "err_ref": -4, "secs": 0.2}
{"seed": 9310109, "family": "lin", "window_frac": 0.25, "f": 0.95, "status": "ok", "t_c": 569, "t_fc": 829, "err_cross": -51, "err_lag": -1, "err_ref": -4, "secs": 0.19}
{"seed": 9310109, "family": "lin", "window_frac": 0.25, "f": 0.98, "status": "ok", "t_c": 594, "t_fc": 837, "err_cross": -43, "err_lag": -2, "err_ref": -4, "secs": 0.2}
{"seed": 9310110, "family": "quad", "window_frac": 0.05, "f": 0.8, "status": "no forecast: no predicted crossing on the extrapolated path", "t_c": 436, "t_fc": null, "err_cross": null, "err_lag": null, "err_ref": -4, "secs": 0.2}
{"seed": 9310110, "family": "quad", "window_frac": 0.05, "f": 0.9, "status": "no forecast: no predicted crossing on the extrapolated path", "t_c": 514, "t_fc": null, "err_cross": null, "err_lag": null, "err_ref": -4, "secs": 0.21}
{"seed": 9310110, "family": "quad", "window_frac": 0.05, "f": 0.95, "status": "ok", "t_c": 555, "t_fc": 939, "err_cross": 44, "err_lag": -10, "err_ref": -4, "secs": 0.19}
{"seed": 9310110, "family": "quad", "window_frac": 0.05, "f": 0.98, "status": "ok", "t_c": 580, "t_fc": 918, "err_cross": 23, "err_lag": -7, "err_ref": -4, "secs": 0.2}
{"seed": 9310110, "family": "quad", "window_frac": 0.1, "f": 0.8, "status": "no forecast: no predicted crossing on the extrapolated path", "t_c": 436, "t_fc": null, "err_cross": null, "err_lag": null, "err_ref": -4, "secs": 0.2}
{"seed": 9310110, "family": "quad", "window_frac": 0.1, "f": 0.9, "status": "no forecast: no predicted crossing on the extrapolated path", "t_c": 514, "t_fc": null, "err_cross": null, "err_lag": null, "err_ref": -4, "secs": 0.2}
{"seed": 9310110, "family": "quad", "window_frac": 0.1, "f": 0.95, "status": "ok", "t_c": 555, "t_fc": 939, "err_cross": 44, "err_lag": -10, "err_ref": -4, "secs": 0.19}
{"seed": 9310110, "family": "quad", "window_frac": 0.1, "f": 0.98, "status": "ok", "t_c": 580, "t_fc": 918, "err_cross": 23, "err_lag": -7, "err_ref": -4, "secs": 0.19}
{"seed": 9310110, "family": "quad", "window_frac": 0.25, "f": 0.8, "status": "no forecast: no predicted crossing on the extrapolated path", "t_c": 436, "t_fc": null, "err_cross": null, "err_lag": null, "err_ref": -4, "secs": 0.2}
{"seed": 9310110, "family": "quad", "window_frac": 0.25, "f": 0.9, "status": "no forecast: no predicted crossing on the extrapolated path", "t_c": 514, "t_fc": null, "err_cross": null, "err_lag": null, "err_ref": -4, "secs": 0.2}
{"seed": 9310110, "family": "quad", "window_frac": 0.25, "f": 0.95, "status": "ok", "t_c": 555, "t_fc": 966, "err_cross": 71, "err_lag": -14, "err_ref": -4, "secs": 0.19}
{"seed": 9310110, "family": "quad", "window_frac": 0.25, "f": 0.98, "status": "ok", "t_c": 580, "t_fc": 932, "err_cross": 37, "err_lag": -9, "err_ref": -4, "secs": 0.19}
{"seed": 9310110, "family": "rate", "window_frac": 0.05, "f": 0.8, "status": "ok", "t_c": 436, "t_fc": 972, "err_cross": 77, "err_lag": -5, "err_ref": -4, "secs": 0.19}
{"seed": 9310110, "family": "rate", "window_frac": 0.05, "f": 0.9, "status": "ok", "t_c": 514, "t_fc": 915, "err_cross": 20, "err_lag": -5, "err_ref": -4, "secs": 0.19}
{"seed": 9310110, "family": "rate", "window_frac": 0.05, "f": 0.95, "status": "ok", "t_c": 555, "t_fc": 904, "err_cross": 9, "err_lag": -4, "err_ref": -4, "secs": 0.19}
{"seed": 9310110, "family": "rate", "window_frac": 0.05, "f": 0.98, "status": "ok", "t_c": 580, "t_fc": 900, "err_cross": 5, "err_lag": -4, "err_ref": -4, "secs": 0.19}
{"seed": 9310110, "family": "rate", "window_frac": 0.1, "f": 0.8, "status": "ok", "t_c": 436, "t_fc": 972, "err_cross": 77, "err_lag": -5, "err_ref": -4, "secs": 0.19}
{"seed": 9310110, "family": "rate", "window_frac": 0.1, "f": 0.9, "status": "ok", "t_c": 514, "t_fc": 915, "err_cross": 20, "err_lag": -5, "err_ref": -4, "secs": 0.19}
{"seed": 9310110, "family": "rate", "window_frac": 0.1, "f": 0.95, "status": "ok", "t_c": 555, "t_fc": 904, "err_cross": 9, "err_lag": -4, "err_ref": -4, "secs": 0.19}
{"seed": 9310110, "family": "rate", "window_frac": 0.1, "f": 0.98, "status": "ok", "t_c": 580, "t_fc": 900, "err_cross": 5, "err_lag": -4, "err_ref": -4, "secs": 0.19}
{"seed": 9310110, "family": "rate", "window_frac": 0.25, "f": 0.8, "status": "ok", "t_c": 436, "t_fc": 973, "err_cross": 78, "err_lag": -5, "err_ref": -4, "secs": 0.19}
{"seed": 9310110, "family": "rate", "window_frac": 0.25, "f": 0.9, "status": "ok", "t_c": 514, "t_fc": 920, "err_cross": 25, "err_lag": -4, "err_ref": -4, "secs": 0.19}
{"seed": 9310110, "family": "rate", "window_frac": 0.25, "f": 0.95, "status": "ok", "t_c": 555, "t_fc": 908, "err_cross": 13, "err_lag": -4, "err_ref": -4, "secs": 0.19}
{"seed": 9310110, "family": "rate", "window_frac": 0.25, "f": 0.98, "status": "ok", "t_c": 580, "t_fc": 903, "err_cross": 8, "err_lag": -4, "err_ref": -4, "secs": 0.19}
{"seed": 9310110, "family": "lin", "window_frac": 0.05, "f": 0.8, "status": "ok", "t_c": 436, "t_fc": 767, "err_cross": -128, "err_lag": -1, "err_ref": -4, "secs": 0.19}
{"seed": 9310110, "family": "lin", "window_frac": 0.05, "f": 0.9, "status": "ok", "t_c": 514, "t_fc": 815, "err_cross": -80, "err_lag": -1, "err_ref": -4, "secs": 0.19}
{"seed": 9310110, "family": "lin", "window_frac": 0.05, "f": 0.95, "status": "ok", "t_c": 555, "t_fc": 835, "err_cross": -60, "err_lag": -1, "err_ref": -4, "secs": 0.19}
{"seed": 9310110, "family": "lin", "window_frac": 0.05, "f": 0.98, "status": "ok", "t_c": 580, "t_fc": 846, "err_cross": -49, "err_lag": -1, "err_ref": -4, "secs": 0.19}
{"seed": 9310110, "family": "lin", "window_frac": 0.1, "f": 0.8, "status": "ok", "t_c": 436, "t_fc": 767, "err_cross": -128, "err_lag": -1, "err_ref": -4, "secs": 0.19}
{"seed": 9310110, "family": "lin", "window_frac": 0.1, "f": 0.9, "status": "ok", "t_c": 514, "t_fc": 815, "err_cross": -80, "err_lag": -1, "err_ref": -4, "secs": 0.19}
{"seed": 9310110, "family": "lin", "window_frac": 0.1, "f": 0.95, "status": "ok", "t_c": 555, "t_fc": 835, "err_cross": -60, "err_lag": -1, "err_ref": -4, "secs": 0.19}
{"seed": 9310110, "family": "lin", "window_frac": 0.1, "f": 0.98, "status": "ok", "t_c": 580, "t_fc": 846, "err_cross": -49, "err_lag": -1, "err_ref": -4, "secs": 0.19}
{"seed": 9310110, "family": "lin", "window_frac": 0.25, "f": 0.8, "status": "ok", "t_c": 436, "t_fc": 767, "err_cross": -128, "err_lag": 0, "err_ref": -4, "secs": 0.19}
{"seed": 9310110, "family": "lin", "window_frac": 0.25, "f": 0.9, "status": "ok", "t_c": 514, "t_fc": 810, "err_cross": -85, "err_lag": -1, "err_ref": -4, "secs": 0.19}
{"seed": 9310110, "family": "lin", "window_frac": 0.25, "f": 0.95, "status": "ok", "t_c": 555, "t_fc": 829, "err_cross": -66, "err_lag": -1, "err_ref": -4, "secs": 0.19}
{"seed": 9310110, "family": "lin", "window_frac": 0.25, "f": 0.98, "status": "ok", "t_c": 580, "t_fc": 839, "err_cross": -56, "err_lag": -1, "err_ref": -4, "secs": 0.19}
{"seed": 9310111, "family": "quad", "window_frac": 0.05, "f": 0.8, "status": "no forecast: no predicted crossing on the extrapolated path", "t_c": 403, "t_fc": null, "err_cross": null, "err_lag": null, "err_ref": -4, "secs": 0.2}
{"seed": 9310111, "family": "quad", "window_frac": 0.05, "f": 0.9, "status": "no forecast: no predicted crossing on the extrapolated path", "t_c": 485, "t_fc": null, "err_cross": null, "err_lag": null, "err_ref": -4, "secs": 0.2}
{"seed": 9310111, "family": "quad", "window_frac": 0.05, "f": 0.95, "status": "ok", "t_c": 528, "t_fc": 967, "err_cross": 61, "err_lag": -16, "err_ref": -4, "secs": 0.19}
{"seed": 9310111, "family": "quad", "window_frac": 0.05, "f": 0.98, "status": "ok", "t_c": 554, "t_fc": 937, "err_cross": 31, "err_lag": -10, "err_ref": -4, "secs": 0.19}
{"seed": 9310111, "family": "quad", "window_frac": 0.1, "f": 0.8, "status": "no forecast: no predicted crossing on the extrapolated path", "t_c": 403, "t_fc": null, "err_cross": null, "err_lag": null, "err_ref": -4, "secs": 0.2}
{"seed": 9310111, "family": "quad", "window_frac": 0.1, "f": 0.9, "status": "no forecast: no predicted crossing on the extrapolated path", "t_c": 485, "t_fc": null, "err_cross": null, "err_lag": null, "err_ref": -4, "secs": 0.2}
{"seed": 9310111, "family": "quad", "window_frac": 0.1, "f": 0.95, "status": "ok", "t_c": 528, "t_fc": 967, "err_cross": 61, "err_lag": -16, "err_ref": -4, "secs": 0.19}
{"seed": 9310111, "family": "quad", "window_frac": 0.1, "f": 0.98, "status": "ok", "t_c": 554, "t_fc": 937, "err_cross": 31, "err_lag": -10, "err_ref": -4, "secs": 0.19}
{"seed": 9310111, "family": "quad", "window_frac": 0.25, "f": 0.8, "status": "no forecast: no predicted crossing on the extrapolated path", "t_c": 403, "t_fc": null, "err_cross": null, "err_lag": null, "err_ref": -4, "secs": 0.2}
{"seed": 9310111, "family": "quad", "window_frac": 0.25, "f": 0.9, "status": "no forecast: no predicted crossing on the extrapolated path", "t_c": 485, "t_fc": null, "err_cross": null, "err_lag": null, "err_ref": -4, "secs": 0.2}
{"seed": 9310111, "family": "quad", "window_frac": 0.25, "f": 0.95, "status": "ok", "t_c": 528, "t_fc": 1025, "err_cross": 119, "err_lag": null, "err_ref": -4, "secs": 0.19}
{"seed": 9310111, "family": "quad", "window_frac": 0.25, "f": 0.98, "status": "ok", "t_c": 554, "t_fc": 958, "err_cross": 52, "err_lag": -14, "err_ref": -4, "secs": 0.19}
{"seed": 9310111, "family": "rate", "window_frac": 0.05, "f": 0.8, "status": "ok", "t_c": 403, "t_fc": 998, "err_cross": 92, "err_lag": -6, "err_ref": -4, "secs": 0.19}
{"seed": 9310111, "family": "rate", "window_frac": 0.05, "f": 0.9, "status": "ok", "t_c": 485, "t_fc": 930, "err_cross": 24, "err_lag": -6, "err_ref": -4, "secs": 0.19}
{"seed": 9310111, "family": "rate", "window_frac": 0.05, "f": 0.95, "status": "ok", "t_c": 528, "t_fc": 917, "err_cross": 11, "err_lag": -6, "err_ref": -4, "secs": 0.19}
{"seed": 9310111, "family": "rate", "window_frac": 0.05, "f": 0.98, "status": "ok", "t_c": 554, "t_fc": 912, "err_cross": 6, "err_lag": -5, "err_ref": -4, "secs": 0.19}
{"seed": 9310111, "family": "rate", "window_frac": 0.1, "f": 0.8, "status": "ok", "t_c": 403, "t_fc": 998, "err_cross": 92, "err_lag": -6, "err_ref": -4, "secs": 0.19}
{"seed": 9310111, "family": "rate", "window_frac": 0.1, "f": 0.9, "status": "ok", "t_c": 485, "t_fc": 930, "err_cross": 24, "err_lag": -6, "err_ref": -4, "secs": 0.19}
{"seed": 9310111, "family": "rate", "window_frac": 0.1, "f": 0.95, "status": "ok", "t_c": 528, "t_fc": 917, "err_cross": 11, "err_lag": -6, "err_ref": -4, "secs": 0.19}
{"seed": 9310111, "family": "rate", "window_frac": 0.1, "f": 0.98, "status": "ok", "t_c": 554, "t_fc": 912, "err_cross": 6, "err_lag": -5, "err_ref": -4, "secs": 0.19}
{"seed": 9310111, "family": "rate", "window_frac": 0.25, "f": 0.8, "status": "ok", "t_c": 403, "t_fc": 1001, "err_cross": 95, "err_lag": -6, "err_ref": -4, "secs": 0.19}
{"seed": 9310111, "family": "rate", "window_frac": 0.25, "f": 0.9, "status": "ok", "t_c": 485, "t_fc": 936, "err_cross": 30, "err_lag": -6, "err_ref": -4, "secs": 0.19}
{"seed": 9310111, "family": "rate", "window_frac": 0.25, "f": 0.95, "status": "ok", "t_c": 528, "t_fc": 922, "err_cross": 16, "err_lag": -5, "err_ref": -4, "secs": 0.19}
{"seed": 9310111, "family": "rate", "window_frac": 0.25, "f": 0.98, "status": "ok", "t_c": 554, "t_fc": 916, "err_cross": 10, "err_lag": -5, "err_ref": -4, "secs": 0.19}
{"seed": 9310111, "family": "lin", "window_frac": 0.05, "f": 0.8, "status": "ok", "t_c": 403, "t_fc": 763, "err_cross": -143, "err_lag": -1, "err_ref": -4, "secs": 0.19}
{"seed": 9310111, "family": "lin", "window_frac": 0.05, "f": 0.9, "status": "ok", "t_c": 485, "t_fc": 815, "err_cross": -91, "err_lag": -2, "err_ref": -4, "secs": 0.19}
{"seed": 9310111, "family": "lin", "window_frac": 0.05, "f": 0.95, "status": "ok", "t_c": 528, "t_fc": 837, "err_cross": -69, "err_lag": -2, "err_ref": -4, "secs": 0.19}
{"seed": 9310111, "family": "lin", "window_frac": 0.05, "f": 0.98, "status": "ok", "t_c": 554, "t_fc": 849, "err_cross": -57, "err_lag": -1, "err_ref": -4, "secs": 0.19}
{"seed": 9310111, "family": "lin", "window_frac": 0.1, "f": 0.8, "status": "ok", "t_c": 403, "t_fc": 763, "err_cross": -143, "err_lag": -1, "err_ref": -4, "secs": 0.19}
{"seed": 9310111, "family": "lin", "window_frac": 0.1, "f": 0.9, "status": "ok", "t_c": 485, "t_fc": 815, "err_cross": -91, "err_lag": -2, "err_ref": -4, "secs": 0.19}
{"seed": 9310111, "family": "lin", "window_frac": 0.1, "f": 0.95, "status": "ok", "t_c": 528, "t_fc": 837, "err_cross": -69, "err_lag": -2, "err_ref": -4, "secs": 0.19}
{"seed": 9310111, "family": "lin", "window_frac": 0.1, "f": 0.98, "status": "ok", "t_c": 554, "t_fc": 849, "err_cross": -57, "err_lag": -1, "err_ref": -4, "secs": 0.19}
{"seed": 9310111, "family": "lin", "window_frac": 0.25, "f": 0.8, "status": "ok", "t_c": 403, "t_fc": 762, "err_cross": -144, "err_lag": -1, "err_ref": -4, "secs": 0.19}
{"seed": 9310111, "family": "lin", "window_frac": 0.25, "f": 0.9, "status": "ok", "t_c": 485, "t_fc": 809, "err_cross": -97, "err_lag": -2, "err_ref": -4, "secs": 0.19}
{"seed": 9310111, "family": "lin", "window_frac": 0.25, "f": 0.95, "status": "ok", "t_c": 528, "t_fc": 830, "err_cross": -76, "err_lag": -1, "err_ref": -4, "secs": 0.19}
{"seed": 9310111, "family": "lin", "window_frac": 0.25, "f": 0.98, "status": "ok", "t_c": 554, "t_fc": 841, "err_cross": -65, "err_lag": -1, "err_ref": -4, "secs": 0.19}
{"seed": 9310112, "family": "quad", "window_frac": 0.05, "f": 0.8, "status": "no cutoff: s never reaches f\u00b7s_ref in the saved path", "t_c": null, "t_fc": null, "err_cross": null, "err_lag": null, "err_ref": null, "secs": 0.0}
{"seed": 9310112, "family": "quad", "window_frac": 0.05, "f": 0.9, "status": "no cutoff: s never reaches f\u00b7s_ref in the saved path", "t_c": null, "t_fc": null, "err_cross": null, "err_lag": null, "err_ref": null, "secs": 0.0}
{"seed": 9310112, "family": "quad", "window_frac": 0.05, "f": 0.95, "status": "no cutoff: s never reaches f\u00b7s_ref in the saved path", "t_c": null, "t_fc": null, "err_cross": null, "err_lag": null, "err_ref": null, "secs": 0.0}
{"seed": 9310112, "family": "quad", "window_frac": 0.05, "f": 0.98, "status": "no cutoff: s never reaches f\u00b7s_ref in the saved path", "t_c": null, "t_fc": null, "err_cross": null, "err_lag": null, "err_ref": null, "secs": 0.0}
{"seed": 9310112, "family": "quad", "window_frac": 0.1, "f": 0.8, "status": "no cutoff: s never reaches f\u00b7s_ref in the saved path", "t_c": null, "t_fc": null, "err_cross": null, "err_lag": null, "err_ref": null, "secs": 0.0}
{"seed": 9310112, "family": "quad", "window_frac": 0.1, "f": 0.9, "status": "no cutoff: s never reaches f\u00b7s_ref in the saved path", "t_c": null, "t_fc": null, "err_cross": null, "err_lag": null, "err_ref": null, "secs": 0.0}
{"seed": 9310112, "family": "quad", "window_frac": 0.1, "f": 0.95, "status": "no cutoff: s never reaches f\u00b7s_ref in the saved path", "t_c": null, "t_fc": null, "err_cross": null, "err_lag": null, "err_ref": null, "secs": 0.0}
{"seed": 9310112, "family": "quad", "window_frac": 0.1, "f": 0.98, "status": "no cutoff: s never reaches f\u00b7s_ref in the saved path", "t_c": null, "t_fc": null, "err_cross": null, "err_lag": null, "err_ref": null, "secs": 0.0}
{"seed": 9310112, "family": "quad", "window_frac": 0.25, "f": 0.8, "status": "no cutoff: s never reaches f\u00b7s_ref in the saved path", "t_c": null, "t_fc": null, "err_cross": null, "err_lag": null, "err_ref": null, "secs": 0.0}
{"seed": 9310112, "family": "quad", "window_frac": 0.25, "f": 0.9, "status": "no cutoff: s never reaches f\u00b7s_ref in the saved path", "t_c": null, "t_fc": null, "err_cross": null, "err_lag": null, "err_ref": null, "secs": 0.0}
{"seed": 9310112, "family": "quad", "window_frac": 0.25, "f": 0.95, "status": "no cutoff: s never reaches f\u00b7s_ref in the saved path", "t_c": null, "t_fc": null, "err_cross": null, "err_lag": null, "err_ref": null, "secs": 0.0}
{"seed": 9310112, "family": "quad", "window_frac": 0.25, "f": 0.98, "status": "no cutoff: s never reaches f\u00b7s_ref in the saved path", "t_c": null, "t_fc": null, "err_cross": null, "err_lag": null, "err_ref": null, "secs": 0.0}
{"seed": 9310112, "family": "rate", "window_frac": 0.05, "f": 0.8, "status": "no cutoff: s never reaches f\u00b7s_ref in the saved path", "t_c": null, "t_fc": null, "err_cross": null, "err_lag": null, "err_ref": null, "secs": 0.0}
{"seed": 9310112, "family": "rate", "window_frac": 0.05, "f": 0.9, "status": "no cutoff: s never reaches f\u00b7s_ref in the saved path", "t_c": null, "t_fc": null, "err_cross": null, "err_lag": null, "err_ref": null, "secs": 0.0}
{"seed": 9310112, "family": "rate", "window_frac": 0.05, "f": 0.95, "status": "no cutoff: s never reaches f\u00b7s_ref in the saved path", "t_c": null, "t_fc": null, "err_cross": null, "err_lag": null, "err_ref": null, "secs": 0.0}
{"seed": 9310112, "family": "rate", "window_frac": 0.05, "f": 0.98, "status": "no cutoff: s never reaches f\u00b7s_ref in the saved path", "t_c": null, "t_fc": null, "err_cross": null, "err_lag": null, "err_ref": null, "secs": 0.0}
{"seed": 9310112, "family": "rate", "window_frac": 0.1, "f": 0.8, "status": "no cutoff: s never reaches f\u00b7s_ref in the saved path", "t_c": null, "t_fc": null, "err_cross": null, "err_lag": null, "err_ref": null, "secs": 0.0}
{"seed": 9310112, "family": "rate", "window_frac": 0.1, "f": 0.9, "status": "no cutoff: s never reaches f\u00b7s_ref in the saved path", "t_c": null, "t_fc": null, "err_cross": null, "err_lag": null, "err_ref": null, "secs": 0.0}
{"seed": 9310112, "family": "rate", "window_frac": 0.1, "f": 0.95, "status": "no cutoff: s never reaches f\u00b7s_ref in the saved path", "t_c": null, "t_fc": null, "err_cross": null, "err_lag": null, "err_ref": null, "secs": 0.0}
{"seed": 9310112, "family": "rate", "window_frac": 0.1, "f": 0.98, "status": "no cutoff: s never reaches f\u00b7s_ref in the saved path", "t_c": null, "t_fc": null, "err_cross": null, "err_lag": null, "err_ref": null, "secs": 0.0}
{"seed": 9310112, "family": "rate", "window_frac": 0.25, "f": 0.8, "status": "no cutoff: s never reaches f\u00b7s_ref in the saved path", "t_c": null, "t_fc": null, "err_cross": null, "err_lag": null, "err_ref": null, "secs": 0.0}
{"seed": 9310112, "family": "rate", "window_frac": 0.25, "f": 0.9, "status": "no cutoff: s never reaches f\u00b7s_ref in the saved path", "t_c": null, "t_fc": null, "err_cross": null, "err_lag": null, "err_ref": null, "secs": 0.0}
{"seed": 9310112, "family": "rate", "window_frac": 0.25, "f": 0.95, "status": "no cutoff: s never reaches f\u00b7s_ref in the saved path", "t_c": null, "t_fc": null, "err_cross": null, "err_lag": null, "err_ref": null, "secs": 0.0}
{"seed": 9310112, "family": "rate", "window_frac": 0.25, "f": 0.98, "status": "no cutoff: s never reaches f\u00b7s_ref in the saved path", "t_c": null, "t_fc": null, "err_cross": null, "err_lag": null, "err_ref": null, "secs": 0.0}
{"seed": 9310112, "family": "lin", "window_frac": 0.05, "f": 0.8, "status": "no cutoff: s never reaches f\u00b7s_ref in the saved path", "t_c": null, "t_fc": null, "err_cross": null, "err_lag": null, "err_ref": null, "secs": 0.0}
{"seed": 9310112, "family": "lin", "window_frac": 0.05, "f": 0.9, "status": "no cutoff: s never reaches f\u00b7s_ref in the saved path", "t_c": null, "t_fc": null, "err_cross": null, "err_lag": null, "err_ref": null, "secs": 0.0}
{"seed": 9310112, "family": "lin", "window_frac": 0.05, "f": 0.95, "status": "no cutoff: s never reaches f\u00b7s_ref in the saved path", "t_c": null, "t_fc": null, "err_cross": null, "err_lag": null, "err_ref": null, "secs": 0.0}
{"seed": 9310112, "family": "lin", "window_frac": 0.05, "f": 0.98, "status": "no cutoff: s never reaches f\u00b7s_ref in the saved path", "t_c": null, "t_fc": null, "err_cross": null, "err_lag": null, "err_ref": null, "secs": 0.0}
{"seed": 9310112, "family": "lin", "window_frac": 0.1, "f": 0.8, "status": "no cutoff: s never reaches f\u00b7s_ref in the saved path", "t_c": null, "t_fc": null, "err_cross": null, "err_lag": null, "err_ref": null, "secs": 0.0}
{"seed": 9310112, "family": "lin", "window_frac": 0.1, "f": 0.9, "status": "no cutoff: s never reaches f\u00b7s_ref in the saved path", "t_c": null, "t_fc": null, "err_cross": null, "err_lag": null, "err_ref": null, "secs": 0.0}
{"seed": 9310112, "family": "lin", "window_frac": 0.1, "f": 0.95, "status": "no cutoff: s never reaches f\u00b7s_ref in the saved path", "t_c": null, "t_fc": null, "err_cross": null, "err_lag": null, "err_ref": null, "secs": 0.0}
{"seed": 9310112, "family": "lin", "window_frac": 0.1, "f": 0.98, "status": "no cutoff: s never reaches f\u00b7s_ref in the saved path", "t_c": null, "t_fc": null, "err_cross": null, "err_lag": null, "err_ref": null, "secs": 0.0}
{"seed": 9310112, "family": "lin", "window_frac": 0.25, "f": 0.8, "status": "no cutoff: s never reaches f\u00b7s_ref in the saved path", "t_c": null, "t_fc": null, "err_cross": null, "err_lag": null, "err_ref": null, "secs": 0.0}
{"seed": 9310112, "family": "lin", "window_frac": 0.25, "f": 0.9, "status": "no cutoff: s never reaches f\u00b7s_ref in the saved path", "t_c": null, "t_fc": null, "err_cross": null, "err_lag": null, "err_ref": null, "secs": 0.0}
{"seed": 9310112, "family": "lin", "window_frac": 0.25, "f": 0.95, "status": "no cutoff: s never reaches f\u00b7s_ref in the saved path", "t_c": null, "t_fc": null, "err_cross": null, "err_lag": null, "err_ref": null, "secs": 0.0}
{"seed": 9310112, "family": "lin", "window_frac": 0.25, "f": 0.98, "status": "no cutoff: s never reaches f\u00b7s_ref in the saved path", "t_c": null, "t_fc": null, "err_cross": null, "err_lag": null, "err_ref": null, "secs": 0.0}
{"seed": 9310113, "family": "quad", "window_frac": 0.05, "f": 0.8, "status": "ok", "t_c": 767, "t_fc": 1037, "err_cross": 16, "err_lag": -7, "err_ref": -1, "secs": 0.19}
{"seed": 9310113, "family": "quad", "window_frac": 0.05, "f": 0.9, "status": "ok", "t_c": 853, "t_fc": 1020, "err_cross": -1, "err_lag": -4, "err_ref": -1, "secs": 0.19}
{"seed": 9310113, "family": "quad", "window_frac": 0.05, "f": 0.95, "status": "ok", "t_c": 898, "t_fc": 1019, "err_cross": -2, "err_lag": -3, "err_ref": -1, "secs": 0.19}
{"seed": 9310113, "family": "quad", "window_frac": 0.05, "f": 0.98, "status": "ok", "t_c": 925, "t_fc": 1019, "err_cross": -2, "err_lag": -3, "err_ref": -1, "secs": 0.19}
{"seed": 9310113, "family": "quad", "window_frac": 0.1, "f": 0.8, "status": "ok", "t_c": 767, "t_fc": 1037, "err_cross": 16, "err_lag": -7, "err_ref": -1, "secs": 0.19}
{"seed": 9310113, "family": "quad", "window_frac": 0.1, "f": 0.9, "status": "ok", "t_c": 853, "t_fc": 1020, "err_cross": -1, "err_lag": -4, "err_ref": -1, "secs": 0.18}
{"seed": 9310113, "family": "quad", "window_frac": 0.1, "f": 0.95, "status": "ok", "t_c": 898, "t_fc": 1019, "err_cross": -2, "err_lag": -3, "err_ref": -1, "secs": 0.19}
{"seed": 9310113, "family": "quad", "window_frac": 0.1, "f": 0.98, "status": "ok", "t_c": 925, "t_fc": 1019, "err_cross": -2, "err_lag": -3, "err_ref": -1, "secs": 0.19}
{"seed": 9310113, "family": "quad", "window_frac": 0.25, "f": 0.8, "status": "ok", "t_c": 767, "t_fc": 1039, "err_cross": 18, "err_lag": -7, "err_ref": -1, "secs": 0.18}
{"seed": 9310113, "family": "quad", "window_frac": 0.25, "f": 0.9, "status": "ok", "t_c": 853, "t_fc": 1021, "err_cross": 0, "err_lag": -4, "err_ref": -1, "secs": 0.19}
{"seed": 9310113, "family": "quad", "window_frac": 0.25, "f": 0.95, "status": "ok", "t_c": 898, "t_fc": 1019, "err_cross": -2, "err_lag": -3, "err_ref": -1, "secs": 0.18}
{"seed": 9310113, "family": "quad", "window_frac": 0.25, "f": 0.98, "status": "ok", "t_c": 925, "t_fc": 1019, "err_cross": -2, "err_lag": -3, "err_ref": -1, "secs": 0.18}
{"seed": 9310113, "family": "rate", "window_frac": 0.05, "f": 0.8, "status": "ok", "t_c": 767, "t_fc": 1026, "err_cross": 5, "err_lag": -3, "err_ref": -1, "secs": 0.19}
{"seed": 9310113, "family": "rate", "window_frac": 0.05, "f": 0.9, "status": "ok", "t_c": 853, "t_fc": 1020, "err_cross": -1, "err_lag": -2, "err_ref": -1, "secs": 0.18}
{"seed": 9310113, "family": "rate", "window_frac": 0.05, "f": 0.95, "status": "ok", "t_c": 898, "t_fc": 1020, "err_cross": -1, "err_lag": -2, "err_ref": -1, "secs": 0.18}
{"seed": 9310113, "family": "rate", "window_frac": 0.05, "f": 0.98, "status": "ok", "t_c": 925, "t_fc": 1020, "err_cross": -1, "err_lag": -1, "err_ref": -1, "secs": 0.18}
{"seed": 9310113, "family": "rate", "window_frac": 0.1, "f": 0.8, "status": "ok", "t_c": 767, "t_fc": 1026, "err_cross": 5, "err_lag": -3, "err_ref": -1, "secs": 0.18}
{"seed": 9310113, "family": "rate", "window_frac": 0.1, "f": 0.9, "status": "ok", "t_c": 853, "t_fc": 1020, "err_cross": -1, "err_lag": -2, "err_ref": -1, "secs": 0.18}
{"seed": 9310113, "family": "rate", "window_frac": 0.1, "f": 0.95, "status": "ok", "t_c": 898, "t_fc": 1020, "err_cross": -1, "err_lag": -2, "err_ref": -1, "secs": 0.18}
{"seed": 9310113, "family": "rate", "window_frac": 0.1, "f": 0.98, "status": "ok", "t_c": 925, "t_fc": 1020, "err_cross": -1, "err_lag": -1, "err_ref": -1, "secs": 0.18}
{"seed": 9310113, "family": "rate", "window_frac": 0.25, "f": 0.8, "status": "ok", "t_c": 767, "t_fc": 1026, "err_cross": 5, "err_lag": -3, "err_ref": -1, "secs": 0.18}
{"seed": 9310113, "family": "rate", "window_frac": 0.25, "f": 0.9, "status": "ok", "t_c": 853, "t_fc": 1021, "err_cross": 0, "err_lag": -2, "err_ref": -1, "secs": 0.18}
{"seed": 9310113, "family": "rate", "window_frac": 0.25, "f": 0.95, "status": "ok", "t_c": 898, "t_fc": 1020, "err_cross": -1, "err_lag": -2, "err_ref": -1, "secs": 0.18}
{"seed": 9310113, "family": "rate", "window_frac": 0.25, "f": 0.98, "status": "ok", "t_c": 925, "t_fc": 1020, "err_cross": -1, "err_lag": -2, "err_ref": -1, "secs": 0.18}
{"seed": 9310113, "family": "lin", "window_frac": 0.05, "f": 0.8, "status": "ok", "t_c": 767, "t_fc": 988, "err_cross": -33, "err_lag": 3, "err_ref": -1, "secs": 0.22}
{"seed": 9310113, "family": "lin", "window_frac": 0.05, "f": 0.9, "status": "ok", "t_c": 853, "t_fc": 1012, "err_cross": -9, "err_lag": 2, "err_ref": -1, "secs": 0.18}
{"seed": 9310113, "family": "lin", "window_frac": 0.05, "f": 0.95, "status": "ok", "t_c": 898, "t_fc": 1019, "err_cross": -2, "err_lag": 1, "err_ref": -1, "secs": 0.18}
{"seed": 9310113, "family": "lin", "window_frac": 0.05, "f": 0.98, "status": "ok", "t_c": 925, "t_fc": 1021, "err_cross": 0, "err_lag": 1, "err_ref": -1, "secs": 0.18}
{"seed": 9310113, "family": "lin", "window_frac": 0.1, "f": 0.8, "status": "ok", "t_c": 767, "t_fc": 988, "err_cross": -33, "err_lag": 3, "err_ref": -1, "secs": 0.18}
{"seed": 9310113, "family": "lin", "window_frac": 0.1, "f": 0.9, "status": "ok", "t_c": 853, "t_fc": 1012, "err_cross": -9, "err_lag": 2, "err_ref": -1, "secs": 0.18}
{"seed": 9310113, "family": "lin", "window_frac": 0.1, "f": 0.95, "status": "ok", "t_c": 898, "t_fc": 1019, "err_cross": -2, "err_lag": 1, "err_ref": -1, "secs": 0.18}
{"seed": 9310113, "family": "lin", "window_frac": 0.1, "f": 0.98, "status": "ok", "t_c": 925, "t_fc": 1021, "err_cross": 0, "err_lag": 1, "err_ref": -1, "secs": 0.18}
{"seed": 9310113, "family": "lin", "window_frac": 0.25, "f": 0.8, "status": "ok", "t_c": 767, "t_fc": 987, "err_cross": -34, "err_lag": 3, "err_ref": -1, "secs": 0.18}
{"seed": 9310113, "family": "lin", "window_frac": 0.25, "f": 0.9, "status": "ok", "t_c": 853, "t_fc": 1010, "err_cross": -11, "err_lag": 2, "err_ref": -1, "secs": 0.18}
{"seed": 9310113, "family": "lin", "window_frac": 0.25, "f": 0.95, "status": "ok", "t_c": 898, "t_fc": 1018, "err_cross": -3, "err_lag": 2, "err_ref": -1, "secs": 0.18}
{"seed": 9310113, "family": "lin", "window_frac": 0.25, "f": 0.98, "status": "ok", "t_c": 925, "t_fc": 1021, "err_cross": 0, "err_lag": 1, "err_ref": -1, "secs": 0.18}
{"seed": 9310114, "family": "quad", "window_frac": 0.05, "f": 0.8, "status": "no forecast: no predicted crossing on the extrapolated path", "t_c": 565, "t_fc": null, "err_cross": null, "err_lag": null, "err_ref": -4, "secs": 0.19}
{"seed": 9310114, "family": "quad", "window_frac": 0.05, "f": 0.9, "status": "ok", "t_c": 649, "t_fc": 951, "err_cross": 15, "err_lag": -9, "err_ref": -4, "secs": 0.19}
{"seed": 9310114, "family": "quad", "window_frac": 0.05, "f": 0.95, "status": "ok", "t_c": 692, "t_fc": 938, "err_cross": 2, "err_lag": -7, "err_ref": -4, "secs": 0.18}
{"seed": 9310114, "family": "quad", "window_frac": 0.05, "f": 0.98, "status": "ok", "t_c": 719, "t_fc": 935, "err_cross": -1, "err_lag": -6, "err_ref": -4, "secs": 0.18}
{"seed": 9310114, "family": "quad", "window_frac": 0.1, "f": 0.8, "status": "no forecast: no predicted crossing on the extrapolated path", "t_c": 565, "t_fc": null, "err_cross": null, "err_lag": null, "err_ref": -4, "secs": 0.19}
{"seed": 9310114, "family": "quad", "window_frac": 0.1, "f": 0.9, "status": "ok", "t_c": 649, "t_fc": 951, "err_cross": 15, "err_lag": -9, "err_ref": -4, "secs": 0.18}
{"seed": 9310114, "family": "quad", "window_frac": 0.1, "f": 0.95, "status": "ok", "t_c": 692, "t_fc": 938, "err_cross": 2, "err_lag": -7, "err_ref": -4, "secs": 0.18}
{"seed": 9310114, "family": "quad", "window_frac": 0.1, "f": 0.98, "status": "ok", "t_c": 719, "t_fc": 935, "err_cross": -1, "err_lag": -6, "err_ref": -4, "secs": 0.18}
{"seed": 9310114, "family": "quad", "window_frac": 0.25, "f": 0.8, "status": "no forecast: no predicted crossing on the extrapolated path", "t_c": 565, "t_fc": null, "err_cross": null, "err_lag": null, "err_ref": -4, "secs": 0.19}
{"seed": 9310114, "family": "quad", "window_frac": 0.25, "f": 0.9, "status": "ok", "t_c": 649, "t_fc": 958, "err_cross": 22, "err_lag": -10, "err_ref": -4, "secs": 0.18}
{"seed": 9310114, "family": "quad", "window_frac": 0.25, "f": 0.95, "status": "ok", "t_c": 692, "t_fc": 942, "err_cross": 6, "err_lag": -8, "err_ref": -4, "secs": 0.19}
{"seed": 9310114, "family": "quad", "window_frac": 0.25, "f": 0.98, "status": "ok", "t_c": 719, "t_fc": 937, "err_cross": 1, "err_lag": -7, "err_ref": -4, "secs": 0.19}
{"seed": 9310114, "family": "rate", "window_frac": 0.05, "f": 0.8, "status": "ok", "t_c": 565, "t_fc": 960, "err_cross": 24, "err_lag": -6, "err_ref": -4, "secs": 0.19}
{"seed": 9310114, "family": "rate", "window_frac": 0.05, "f": 0.9, "status": "ok", "t_c": 649, "t_fc": 938, "err_cross": 2, "err_lag": -6, "err_ref": -4, "secs": 0.19}
{"seed": 9310114, "family": "rate", "window_frac": 0.05, "f": 0.95, "status": "ok", "t_c": 692, "t_fc": 935, "err_cross": -1, "err_lag": -5, "err_ref": -4, "secs": 0.19}
{"seed": 9310114, "family": "rate", "window_frac": 0.05, "f": 0.98, "status": "ok", "t_c": 719, "t_fc": 933, "err_cross": -3, "err_lag": -5, "err_ref": -4, "secs": 0.19}
{"seed": 9310114, "family": "rate", "window_frac": 0.1, "f": 0.8, "status": "ok", "t_c": 565, "t_fc": 960, "err_cross": 24, "err_lag": -6, "err_ref": -4, "secs": 0.19}
{"seed": 9310114, "family": "rate", "window_frac": 0.1, "f": 0.9, "status": "ok", "t_c": 649, "t_fc": 938, "err_cross": 2, "err_lag": -6, "err_ref": -4, "secs": 0.19}
{"seed": 9310114, "family": "rate", "window_frac": 0.1, "f": 0.95, "status": "ok", "t_c": 692, "t_fc": 935, "err_cross": -1, "err_lag": -5, "err_ref": -4, "secs": 0.19}
{"seed": 9310114, "family": "rate", "window_frac": 0.1, "f": 0.98, "status": "ok", "t_c": 719, "t_fc": 933, "err_cross": -3, "err_lag": -5, "err_ref": -4, "secs": 0.19}
{"seed": 9310114, "family": "rate", "window_frac": 0.25, "f": 0.8, "status": "ok", "t_c": 565, "t_fc": 961, "err_cross": 25, "err_lag": -6, "err_ref": -4, "secs": 0.19}
{"seed": 9310114, "family": "rate", "window_frac": 0.25, "f": 0.9, "status": "ok", "t_c": 649, "t_fc": 940, "err_cross": 4, "err_lag": -6, "err_ref": -4, "secs": 0.19}
{"seed": 9310114, "family": "rate", "window_frac": 0.25, "f": 0.95, "status": "ok", "t_c": 692, "t_fc": 936, "err_cross": 0, "err_lag": -5, "err_ref": -4, "secs": 0.19}
{"seed": 9310114, "family": "rate", "window_frac": 0.25, "f": 0.98, "status": "ok", "t_c": 719, "t_fc": 934, "err_cross": -2, "err_lag": -5, "err_ref": -4, "secs": 0.19}
{"seed": 9310114, "family": "lin", "window_frac": 0.05, "f": 0.8, "status": "ok", "t_c": 565, "t_fc": 855, "err_cross": -81, "err_lag": -2, "err_ref": -4, "secs": 0.18}
{"seed": 9310114, "family": "lin", "window_frac": 0.05, "f": 0.9, "status": "ok", "t_c": 649, "t_fc": 894, "err_cross": -42, "err_lag": -2, "err_ref": -4, "secs": 0.18}
{"seed": 9310114, "family": "lin", "window_frac": 0.05, "f": 0.95, "status": "ok", "t_c": 692, "t_fc": 908, "err_cross": -28, "err_lag": -3, "err_ref": -4, "secs": 0.19}
{"seed": 9310114, "family": "lin", "window_frac": 0.05, "f": 0.98, "status": "ok", "t_c": 719, "t_fc": 916, "err_cross": -20, "err_lag": -2, "err_ref": -4, "secs": 0.19}
{"seed": 9310114, "family": "lin", "window_frac": 0.1, "f": 0.8, "status": "ok", "t_c": 565, "t_fc": 855, "err_cross": -81, "err_lag": -2, "err_ref": -4, "secs": 0.18}
{"seed": 9310114, "family": "lin", "window_frac": 0.1, "f": 0.9, "status": "ok", "t_c": 649, "t_fc": 894, "err_cross": -42, "err_lag": -2, "err_ref": -4, "secs": 0.19}
{"seed": 9310114, "family": "lin", "window_frac": 0.1, "f": 0.95, "status": "ok", "t_c": 692, "t_fc": 908, "err_cross": -28, "err_lag": -3, "err_ref": -4, "secs": 0.18}
{"seed": 9310114, "family": "lin", "window_frac": 0.1, "f": 0.98, "status": "ok", "t_c": 719, "t_fc": 916, "err_cross": -20, "err_lag": -2, "err_ref": -4, "secs": 0.19}
{"seed": 9310114, "family": "lin", "window_frac": 0.25, "f": 0.8, "status": "ok", "t_c": 565, "t_fc": 853, "err_cross": -83, "err_lag": -2, "err_ref": -4, "secs": 0.18}
{"seed": 9310114, "family": "lin", "window_frac": 0.25, "f": 0.9, "status": "ok", "t_c": 649, "t_fc": 889, "err_cross": -47, "err_lag": -3, "err_ref": -4, "secs": 0.19}
{"seed": 9310114, "family": "lin", "window_frac": 0.25, "f": 0.95, "status": "ok", "t_c": 692, "t_fc": 904, "err_cross": -32, "err_lag": -2, "err_ref": -4, "secs": 0.19}
{"seed": 9310114, "family": "lin", "window_frac": 0.25, "f": 0.98, "status": "ok", "t_c": 719, "t_fc": 911, "err_cross": -25, "err_lag": -2, "err_ref": -4, "secs": 0.18}
{"seed": 9310115, "family": "quad", "window_frac": 0.05, "f": 0.8, "status": "ok", "t_c": 660, "t_fc": 956, "err_cross": 15, "err_lag": -8, "err_ref": -1, "secs": 0.18}
{"seed": 9310115, "family": "quad", "window_frac": 0.05, "f": 0.9, "status": "ok", "t_c": 753, "t_fc": 940, "err_cross": -1, "err_lag": -3, "err_ref": -1, "secs": 0.18}
{"seed": 9310115, "family": "quad", "window_frac": 0.05, "f": 0.95, "status": "ok", "t_c": 801, "t_fc": 939, "err_cross": -2, "err_lag": -2, "err_ref": -1, "secs": 0.18}
{"seed": 9310115, "family": "quad", "window_frac": 0.05, "f": 0.98, "status": "ok", "t_c": 831, "t_fc": 939, "err_cross": -2, "err_lag": -2, "err_ref": -1, "secs": 0.19}
{"seed": 9310115, "family": "quad", "window_frac": 0.1, "f": 0.8, "status": "ok", "t_c": 660, "t_fc": 956, "err_cross": 15, "err_lag": -8, "err_ref": -1, "secs": 0.18}
{"seed": 9310115, "family": "quad", "window_frac": 0.1, "f": 0.9, "status": "ok", "t_c": 753, "t_fc": 940, "err_cross": -1, "err_lag": -3, "err_ref": -1, "secs": 0.18}
{"seed": 9310115, "family": "quad", "window_frac": 0.1, "f": 0.95, "status": "ok", "t_c": 801, "t_fc": 939, "err_cross": -2, "err_lag": -2, "err_ref": -1, "secs": 0.18}
{"seed": 9310115, "family": "quad", "window_frac": 0.1, "f": 0.98, "status": "ok", "t_c": 831, "t_fc": 939, "err_cross": -2, "err_lag": -2, "err_ref": -1, "secs": 0.18}
{"seed": 9310115, "family": "quad", "window_frac": 0.25, "f": 0.8, "status": "ok", "t_c": 660, "t_fc": 958, "err_cross": 17, "err_lag": -10, "err_ref": -1, "secs": 0.18}
{"seed": 9310115, "family": "quad", "window_frac": 0.25, "f": 0.9, "status": "ok", "t_c": 753, "t_fc": 941, "err_cross": 0, "err_lag": -3, "err_ref": -1, "secs": 0.18}
{"seed": 9310115, "family": "quad", "window_frac": 0.25, "f": 0.95, "status": "ok", "t_c": 801, "t_fc": 939, "err_cross": -2, "err_lag": -2, "err_ref": -1, "secs": 0.18}
{"seed": 9310115, "family": "quad", "window_frac": 0.25, "f": 0.98, "status": "ok", "t_c": 831, "t_fc": 939, "err_cross": -2, "err_lag": -2, "err_ref": -1, "secs": 0.18}
{"seed": 9310115, "family": "rate", "window_frac": 0.05, "f": 0.8, "status": "ok", "t_c": 660, "t_fc": 946, "err_cross": 5, "err_lag": -2, "err_ref": -1, "secs": 0.19}
{"seed": 9310115, "family": "rate", "window_frac": 0.05, "f": 0.9, "status": "ok", "t_c": 753, "t_fc": 940, "err_cross": -1, "err_lag": -1, "err_ref": -1, "secs": 0.19}
{"seed": 9310115, "family": "rate", "window_frac": 0.05, "f": 0.95, "status": "ok", "t_c": 801, "t_fc": 940, "err_cross": -1, "err_lag": -1, "err_ref": -1, "secs": 0.19}
{"seed": 9310115, "family": "rate", "window_frac": 0.05, "f": 0.98, "status": "ok", "t_c": 831, "t_fc": 940, "err_cross": -1, "err_lag": -1, "err_ref": -1, "secs": 0.18}
{"seed": 9310115, "family": "rate", "window_frac": 0.1, "f": 0.8, "status": "ok", "t_c": 660, "t_fc": 946, "err_cross": 5, "err_lag": -2, "err_ref": -1, "secs": 0.19}
{"seed": 9310115, "family": "rate", "window_frac": 0.1, "f": 0.9, "status": "ok", "t_c": 753, "t_fc": 940, "err_cross": -1, "err_lag": -1, "err_ref": -1, "secs": 0.19}
{"seed": 9310115, "family": "rate", "window_frac": 0.1, "f": 0.95, "status": "ok", "t_c": 801, "t_fc": 940, "err_cross": -1, "err_lag": -1, "err_ref": -1, "secs": 0.18}
{"seed": 9310115, "family": "rate", "window_frac": 0.1, "f": 0.98, "status": "ok", "t_c": 831, "t_fc": 940, "err_cross": -1, "err_lag": -1, "err_ref": -1, "secs": 0.18}
{"seed": 9310115, "family": "rate", "window_frac": 0.25, "f": 0.8, "status": "ok", "t_c": 660, "t_fc": 947, "err_cross": 6, "err_lag": -2, "err_ref": -1, "secs": 0.18}
{"seed": 9310115, "family": "rate", "window_frac": 0.25, "f": 0.9, "status": "ok", "t_c": 753, "t_fc": 941, "err_cross": 0, "err_lag": -1, "err_ref": -1, "secs": 0.18}
{"seed": 9310115, "family": "rate", "window_frac": 0.25, "f": 0.95, "status": "ok", "t_c": 801, "t_fc": 940, "err_cross": -1, "err_lag": -1, "err_ref": -1, "secs": 0.19}
{"seed": 9310115, "family": "rate", "window_frac": 0.25, "f": 0.98, "status": "ok", "t_c": 831, "t_fc": 940, "err_cross": -1, "err_lag": -1, "err_ref": -1, "secs": 0.19}
{"seed": 9310115, "family": "lin", "window_frac": 0.05, "f": 0.8, "status": "ok", "t_c": 660, "t_fc": 908, "err_cross": -33, "err_lag": 6, "err_ref": -1, "secs": 0.19}
{"seed": 9310115, "family": "lin", "window_frac": 0.05, "f": 0.9, "status": "ok", "t_c": 753, "t_fc": 934, "err_cross": -7, "err_lag": 5, "err_ref": -1, "secs": 0.19}
{"seed": 9310115, "family": "lin", "window_frac": 0.05, "f": 0.95, "status": "ok", "t_c": 801, "t_fc": 941, "err_cross": 0, "err_lag": 4, "err_ref": -1, "secs": 0.19}
{"seed": 9310115, "family": "lin", "window_frac": 0.05, "f": 0.98, "status": "ok", "t_c": 831, "t_fc": 943, "err_cross": 2, "err_lag": 3, "err_ref": -1, "secs": 0.19}
{"seed": 9310115, "family": "lin", "window_frac": 0.1, "f": 0.8, "status": "ok", "t_c": 660, "t_fc": 908, "err_cross": -33, "err_lag": 6, "err_ref": -1, "secs": 0.19}
{"seed": 9310115, "family": "lin", "window_frac": 0.1, "f": 0.9, "status": "ok", "t_c": 753, "t_fc": 934, "err_cross": -7, "err_lag": 5, "err_ref": -1, "secs": 0.19}
{"seed": 9310115, "family": "lin", "window_frac": 0.1, "f": 0.95, "status": "ok", "t_c": 801, "t_fc": 941, "err_cross": 0, "err_lag": 4, "err_ref": -1, "secs": 0.19}
{"seed": 9310115, "family": "lin", "window_frac": 0.1, "f": 0.98, "status": "ok", "t_c": 831, "t_fc": 943, "err_cross": 2, "err_lag": 3, "err_ref": -1, "secs": 0.19}
{"seed": 9310115, "family": "lin", "window_frac": 0.25, "f": 0.8, "status": "ok", "t_c": 660, "t_fc": 907, "err_cross": -34, "err_lag": 7, "err_ref": -1, "secs": 0.19}
{"seed": 9310115, "family": "lin", "window_frac": 0.25, "f": 0.9, "status": "ok", "t_c": 753, "t_fc": 931, "err_cross": -10, "err_lag": 5, "err_ref": -1, "secs": 0.19}
{"seed": 9310115, "family": "lin", "window_frac": 0.25, "f": 0.95, "status": "ok", "t_c": 801, "t_fc": 939, "err_cross": -2, "err_lag": 4, "err_ref": -1, "secs": 0.19}
{"seed": 9310115, "family": "lin", "window_frac": 0.25, "f": 0.98, "status": "ok", "t_c": 831, "t_fc": 943, "err_cross": 2, "err_lag": 4, "err_ref": -1, "secs": 0.19}
{"seed": 9310116, "family": "quad", "window_frac": 0.05, "f": 0.8, "status": "ok", "t_c": 508, "t_fc": 767, "err_cross": 11, "err_lag": -7, "err_ref": -4, "secs": 0.19}
{"seed": 9310116, "family": "quad", "window_frac": 0.05, "f": 0.9, "status": "ok", "t_c": 598, "t_fc": 753, "err_cross": -3, "err_lag": -4, "err_ref": -4, "secs": 0.19}
{"seed": 9310116, "family": "quad", "window_frac": 0.05, "f": 0.95, "status": "ok", "t_c": 645, "t_fc": 752, "err_cross": -4, "err_lag": -4, "err_ref": -4, "secs": 0.19}
{"seed": 9310116, "family": "quad", "window_frac": 0.05, "f": 0.98, "status": "ok", "t_c": 674, "t_fc": 752, "err_cross": -4, "err_lag": -4, "err_ref": -4, "secs": 0.19}
{"seed": 9310116, "family": "quad", "window_frac": 0.1, "f": 0.8, "status": "ok", "t_c": 508, "t_fc": 767, "err_cross": 11, "err_lag": -7, "err_ref": -4, "secs": 0.19}
{"seed": 9310116, "family": "quad", "window_frac": 0.1, "f": 0.9, "status": "ok", "t_c": 598, "t_fc": 753, "err_cross": -3, "err_lag": -4, "err_ref": -4, "secs": 0.19}
{"seed": 9310116, "family": "quad", "window_frac": 0.1, "f": 0.95, "status": "ok", "t_c": 645, "t_fc": 752, "err_cross": -4, "err_lag": -4, "err_ref": -4, "secs": 0.19}
{"seed": 9310116, "family": "quad", "window_frac": 0.1, "f": 0.98, "status": "ok", "t_c": 674, "t_fc": 752, "err_cross": -4, "err_lag": -4, "err_ref": -4, "secs": 0.2}
{"seed": 9310116, "family": "quad", "window_frac": 0.25, "f": 0.8, "status": "ok", "t_c": 508, "t_fc": 768, "err_cross": 12, "err_lag": -8, "err_ref": -4, "secs": 0.2}
{"seed": 9310116, "family": "quad", "window_frac": 0.25, "f": 0.9, "status": "ok", "t_c": 598, "t_fc": 753, "err_cross": -3, "err_lag": -5, "err_ref": -4, "secs": 0.19}
{"seed": 9310116, "family": "quad", "window_frac": 0.25, "f": 0.95, "status": "ok", "t_c": 645, "t_fc": 752, "err_cross": -4, "err_lag": -4, "err_ref": -4, "secs": 0.2}
{"seed": 9310116, "family": "quad", "window_frac": 0.25, "f": 0.98, "status": "ok", "t_c": 674, "t_fc": 752, "err_cross": -4, "err_lag": -4, "err_ref": -4, "secs": 0.19}
{"seed": 9310116, "family": "rate", "window_frac": 0.05, "f": 0.8, "status": "ok", "t_c": 508, "t_fc": 758, "err_cross": 2, "err_lag": -4, "err_ref": -4, "secs": 0.2}
{"seed": 9310116, "family": "rate", "window_frac": 0.05, "f": 0.9, "status": "ok", "t_c": 598, "t_fc": 753, "err_cross": -3, "err_lag": -4, "err_ref": -4, "secs": 0.19}
{"seed": 9310116, "family": "rate", "window_frac": 0.05, "f": 0.95, "status": "ok", "t_c": 645, "t_fc": 752, "err_cross": -4, "err_lag": -4, "err_ref": -4, "secs": 0.19}
{"seed": 9310116, "family": "rate", "window_frac": 0.05, "f": 0.98, "status": "ok", "t_c": 674, "t_fc": 752, "err_cross": -4, "err_lag": -4, "err_ref": -4, "secs": 0.2}
{"seed": 9310116, "family": "rate", "window_frac": 0.1, "f": 0.8, "status": "ok", "t_c": 508, "t_fc": 758, "err_cross": 2, "err_lag": -4, "err_ref": -4, "secs": 0.2}
{"seed": 9310116, "family": "rate", "window_frac": 0.1, "f": 0.9, "status": "ok", "t_c": 598, "t_fc": 753, "err_cross": -3, "err_lag": -4, "err_ref": -4, "secs": 0.19}
{"seed": 9310116, "family": "rate", "window_frac": 0.1, "f": 0.95, "status": "ok", "t_c": 645, "t_fc": 752, "err_cross": -4, "err_lag": -4, "err_ref": -4, "secs": 0.19}
{"seed": 9310116, "family": "rate", "window_frac": 0.1, "f": 0.98, "status": "ok", "t_c": 674, "t_fc": 752, "err_cross": -4, "err_lag": -4, "err_ref": -4, "secs": 0.2}
{"seed": 9310116, "family": "rate", "window_frac": 0.25, "f": 0.8, "status": "ok", "t_c": 508, "t_fc": 758, "err_cross": 2, "err_lag": -4, "err_ref": -4, "secs": 0.2}
{"seed": 9310116, "family": "rate", "window_frac": 0.25, "f": 0.9, "status": "ok", "t_c": 598, "t_fc": 753, "err_cross": -3, "err_lag": -4, "err_ref": -4, "secs": 0.19}
{"seed": 9310116, "family": "rate", "window_frac": 0.25, "f": 0.95, "status": "ok", "t_c": 645, "t_fc": 752, "err_cross": -4, "err_lag": -4, "err_ref": -4, "secs": 0.2}
{"seed": 9310116, "family": "rate", "window_frac": 0.25, "f": 0.98, "status": "ok", "t_c": 674, "t_fc": 752, "err_cross": -4, "err_lag": -4, "err_ref": -4, "secs": 0.2}
{"seed": 9310116, "family": "lin", "window_frac": 0.05, "f": 0.8, "status": "ok", "t_c": 508, "t_fc": 721, "err_cross": -35, "err_lag": -2, "err_ref": -4, "secs": 0.19}
{"seed": 9310116, "family": "lin", "window_frac": 0.05, "f": 0.9, "status": "ok", "t_c": 598, "t_fc": 746, "err_cross": -10, "err_lag": -1, "err_ref": -4, "secs": 0.19}
{"seed": 9310116, "family": "lin", "window_frac": 0.05, "f": 0.95, "status": "ok", "t_c": 645, "t_fc": 752, "err_cross": -4, "err_lag": -2, "err_ref": -4, "secs": 0.2}
{"seed": 9310116, "family": "lin", "window_frac": 0.05, "f": 0.98, "status": "ok", "t_c": 674, "t_fc": 754, "err_cross": -2, "err_lag": -2, "err_ref": -4, "secs": 0.19}
{"seed": 9310116, "family": "lin", "window_frac": 0.1, "f": 0.8, "status": "ok", "t_c": 508, "t_fc": 721, "err_cross": -35, "err_lag": -2, "err_ref": -4, "secs": 0.19}
{"seed": 9310116, "family": "lin", "window_frac": 0.1, "f": 0.9, "status": "ok", "t_c": 598, "t_fc": 746, "err_cross": -10, "err_lag": -1, "err_ref": -4, "secs": 0.2}
{"seed": 9310116, "family": "lin", "window_frac": 0.1, "f": 0.95, "status": "ok", "t_c": 645, "t_fc": 752, "err_cross": -4, "err_lag": -2, "err_ref": -4, "secs": 0.19}
{"seed": 9310116, "family": "lin", "window_frac": 0.1, "f": 0.98, "status": "ok", "t_c": 674, "t_fc": 754, "err_cross": -2, "err_lag": -2, "err_ref": -4, "secs": 0.19}
{"seed": 9310116, "family": "lin", "window_frac": 0.25, "f": 0.8, "status": "ok", "t_c": 508, "t_fc": 720, "err_cross": -36, "err_lag": -2, "err_ref": -4, "secs": 0.19}
{"seed": 9310116, "family": "lin", "window_frac": 0.25, "f": 0.9, "status": "ok", "t_c": 598, "t_fc": 743, "err_cross": -13, "err_lag": -2, "err_ref": -4, "secs": 0.19}
{"seed": 9310116, "family": "lin", "window_frac": 0.25, "f": 0.95, "status": "ok", "t_c": 645, "t_fc": 751, "err_cross": -5, "err_lag": -2, "err_ref": -4, "secs": 0.19}
{"seed": 9310116, "family": "lin", "window_frac": 0.25, "f": 0.98, "status": "ok", "t_c": 674, "t_fc": 754, "err_cross": -2, "err_lag": -2, "err_ref": -4, "secs": 0.19}
{"seed": 9310117, "family": "quad", "window_frac": 0.05, "f": 0.8, "status": "ok", "t_c": 521, "t_fc": 849, "err_cross": 17, "err_lag": -10, "err_ref": -4, "secs": 0.2}
{"seed": 9310117, "family": "quad", "window_frac": 0.05, "f": 0.9, "status": "ok", "t_c": 629, "t_fc": 829, "err_cross": -3, "err_lag": -6, "err_ref": -4, "secs": 0.2}
{"seed": 9310117, "family": "quad", "window_frac": 0.05, "f": 0.95, "status": "ok", "t_c": 685, "t_fc": 827, "err_cross": -5, "err_lag": -6, "err_ref": -4, "secs": 0.19}
{"seed": 9310117, "family": "quad", "window_frac": 0.05, "f": 0.98, "status": "ok", "t_c": 720, "t_fc": 827, "err_cross": -5, "err_lag": -5, "err_ref": -4, "secs": 0.19}
{"seed": 9310117, "family": "quad", "window_frac": 0.1, "f": 0.8, "status": "ok", "t_c": 521, "t_fc": 849, "err_cross": 17, "err_lag": -10, "err_ref": -4, "secs": 0.2}
{"seed": 9310117, "family": "quad", "window_frac": 0.1, "f": 0.9, "status": "ok", "t_c": 629, "t_fc": 829, "err_cross": -3, "err_lag": -6, "err_ref": -4, "secs": 0.19}
{"seed": 9310117, "family": "quad", "window_frac": 0.1, "f": 0.95, "status": "ok", "t_c": 685, "t_fc": 827, "err_cross": -5, "err_lag": -6, "err_ref": -4, "secs": 0.19}
{"seed": 9310117, "family": "quad", "window_frac": 0.1, "f": 0.98, "status": "ok", "t_c": 720, "t_fc": 827, "err_cross": -5, "err_lag": -5, "err_ref": -4, "secs": 0.19}
{"seed": 9310117, "family": "quad", "window_frac": 0.25, "f": 0.8, "status": "ok", "t_c": 521, "t_fc": 855, "err_cross": 23, "err_lag": -10, "err_ref": -4, "secs": 0.2}
{"seed": 9310117, "family": "quad", "window_frac": 0.25, "f": 0.9, "status": "ok", "t_c": 629, "t_fc": 830, "err_cross": -2, "err_lag": -6, "err_ref": -4, "secs": 0.19}
{"seed": 9310117, "family": "quad", "window_frac": 0.25, "f": 0.95, "status": "ok", "t_c": 685, "t_fc": 827, "err_cross": -5, "err_lag": -6, "err_ref": -4, "secs": 0.19}
{"seed": 9310117, "family": "quad", "window_frac": 0.25, "f": 0.98, "status": "ok", "t_c": 720, "t_fc": 827, "err_cross": -5, "err_lag": -6, "err_ref": -4, "secs": 0.19}
{"seed": 9310117, "family": "rate", "window_frac": 0.05, "f": 0.8, "status": "ok", "t_c": 521, "t_fc": 835, "err_cross": 3, "err_lag": -6, "err_ref": -4, "secs": 0.19}
{"seed": 9310117, "family": "rate", "window_frac": 0.05, "f": 0.9, "status": "ok", "t_c": 629, "t_fc": 828, "err_cross": -4, "err_lag": -5, "err_ref": -4, "secs": 0.19}
{"seed": 9310117, "family": "rate", "window_frac": 0.05, "f": 0.95, "status": "ok", "t_c": 685, "t_fc": 827, "err_cross": -5, "err_lag": -5, "err_ref": -4, "secs": 0.19}
{"seed": 9310117, "family": "rate", "window_frac": 0.05, "f": 0.98, "status": "ok", "t_c": 720, "t_fc": 827, "err_cross": -5, "err_lag": -5, "err_ref": -4, "secs": 0.2}
{"seed": 9310117, "family": "rate", "window_frac": 0.1, "f": 0.8, "status": "ok", "t_c": 521, "t_fc": 835, "err_cross": 3, "err_lag": -6, "err_ref": -4, "secs": 0.19}
{"seed": 9310117, "family": "rate", "window_frac": 0.1, "f": 0.9, "status": "ok", "t_c": 629, "t_fc": 828, "err_cross": -4, "err_lag": -5, "err_ref": -4, "secs": 0.19}
{"seed": 9310117, "family": "rate", "window_frac": 0.1, "f": 0.95, "status": "ok", "t_c": 685, "t_fc": 827, "err_cross": -5, "err_lag": -5, "err_ref": -4, "secs": 0.2}
{"seed": 9310117, "family": "rate", "window_frac": 0.1, "f": 0.98, "status": "ok", "t_c": 720, "t_fc": 827, "err_cross": -5, "err_lag": -5, "err_ref": -4, "secs": 0.19}
{"seed": 9310117, "family": "rate", "window_frac": 0.25, "f": 0.8, "status": "ok", "t_c": 521, "t_fc": 836, "err_cross": 4, "err_lag": -6, "err_ref": -4, "secs": 0.19}
{"seed": 9310117, "family": "rate", "window_frac": 0.25, "f": 0.9, "status": "ok", "t_c": 629, "t_fc": 829, "err_cross": -3, "err_lag": -5, "err_ref": -4, "secs": 0.2}
{"seed": 9310117, "family": "rate", "window_frac": 0.25, "f": 0.95, "status": "ok", "t_c": 685, "t_fc": 828, "err_cross": -4, "err_lag": -5, "err_ref": -4, "secs": 0.19}
{"seed": 9310117, "family": "rate", "window_frac": 0.25, "f": 0.98, "status": "ok", "t_c": 720, "t_fc": 827, "err_cross": -5, "err_lag": -5, "err_ref": -4, "secs": 0.19}
{"seed": 9310117, "family": "lin", "window_frac": 0.05, "f": 0.8, "status": "ok", "t_c": 521, "t_fc": 785, "err_cross": -47, "err_lag": -3, "err_ref": -4, "secs": 0.19}
{"seed": 9310117, "family": "lin", "window_frac": 0.05, "f": 0.9, "status": "ok", "t_c": 629, "t_fc": 817, "err_cross": -15, "err_lag": -2, "err_ref": -4, "secs": 0.21}
{"seed": 9310117, "family": "lin", "window_frac": 0.05, "f": 0.95, "status": "ok", "t_c": 685, "t_fc": 825, "err_cross": -7, "err_lag": -3, "err_ref": -4, "secs": 0.2}
{"seed": 9310117, "family": "lin", "window_frac": 0.05, "f": 0.98, "status": "ok", "t_c": 720, "t_fc": 828, "err_cross": -4, "err_lag": -3, "err_ref": -4, "secs": 0.19}
{"seed": 9310117, "family": "lin", "window_frac": 0.1, "f": 0.8, "status": "ok", "t_c": 521, "t_fc": 785, "err_cross": -47, "err_lag": -3, "err_ref": -4, "secs": 0.2}
{"seed": 9310117, "family": "lin", "window_frac": 0.1, "f": 0.9, "status": "ok", "t_c": 629, "t_fc": 817, "err_cross": -15, "err_lag": -2, "err_ref": -4, "secs": 0.19}
{"seed": 9310117, "family": "lin", "window_frac": 0.1, "f": 0.95, "status": "ok", "t_c": 685, "t_fc": 825, "err_cross": -7, "err_lag": -3, "err_ref": -4, "secs": 0.19}
{"seed": 9310117, "family": "lin", "window_frac": 0.1, "f": 0.98, "status": "ok", "t_c": 720, "t_fc": 828, "err_cross": -4, "err_lag": -3, "err_ref": -4, "secs": 0.2}
{"seed": 9310117, "family": "lin", "window_frac": 0.25, "f": 0.8, "status": "ok", "t_c": 521, "t_fc": 782, "err_cross": -50, "err_lag": -2, "err_ref": -4, "secs": 0.19}
{"seed": 9310117, "family": "lin", "window_frac": 0.25, "f": 0.9, "status": "ok", "t_c": 629, "t_fc": 813, "err_cross": -19, "err_lag": -2, "err_ref": -4, "secs": 0.19}
{"seed": 9310117, "family": "lin", "window_frac": 0.25, "f": 0.95, "status": "ok", "t_c": 685, "t_fc": 823, "err_cross": -9, "err_lag": -2, "err_ref": -4, "secs": 0.19}
{"seed": 9310117, "family": "lin", "window_frac": 0.25, "f": 0.98, "status": "ok", "t_c": 720, "t_fc": 827, "err_cross": -5, "err_lag": -3, "err_ref": -4, "secs": 0.2}
{"seed": 9310118, "family": "quad", "window_frac": 0.05, "f": 0.8, "status": "ok", "t_c": 481, "t_fc": 749, "err_cross": 9, "err_lag": -8, "err_ref": -4, "secs": 0.19}
{"seed": 9310118, "family": "quad", "window_frac": 0.05, "f": 0.9, "status": "ok", "t_c": 574, "t_fc": 736, "err_cross": -4, "err_lag": -5, "err_ref": -4, "secs": 0.2}
{"seed": 9310118, "family": "quad", "window_frac": 0.05, "f": 0.95, "status": "ok", "t_c": 622, "t_fc": 736, "err_cross": -4, "err_lag": -4, "err_ref": -4, "secs": 0.2}
{"seed": 9310118, "family": "quad", "window_frac": 0.05, "f": 0.98, "status": "ok", "t_c": 652, "t_fc": 736, "err_cross": -4, "err_lag": -4, "err_ref": -4, "secs": 0.19}
{"seed": 9310118, "family": "quad", "window_frac": 0.1, "f": 0.8, "status": "ok", "t_c": 481, "t_fc": 749, "err_cross": 9, "err_lag": -8, "err_ref": -4, "secs": 0.19}
{"seed": 9310118, "family": "quad", "window_frac": 0.1, "f": 0.9, "status": "ok", "t_c": 574, "t_fc": 736, "err_cross": -4, "err_lag": -5, "err_ref": -4, "secs": 0.2}
{"seed": 9310118, "family": "quad", "window_frac": 0.1, "f": 0.95, "status": "ok", "t_c": 622, "t_fc": 736, "err_cross": -4, "err_lag": -4, "err_ref": -4, "secs": 0.19}
{"seed": 9310118, "family": "quad", "window_frac": 0.1, "f": 0.98, "status": "ok", "t_c": 652, "t_fc": 736, "err_cross": -4, "err_lag": -4, "err_ref": -4, "secs": 0.19}
{"seed": 9310118, "family": "quad", "window_frac": 0.25, "f": 0.8, "status": "ok", "t_c": 481, "t_fc": 751, "err_cross": 11, "err_lag": -8, "err_ref": -4, "secs": 0.2}
{"seed": 9310118, "family": "quad", "window_frac": 0.25, "f": 0.9, "status": "ok", "t_c": 574, "t_fc": 737, "err_cross": -3, "err_lag": -5, "err_ref": -4, "secs": 0.19}
{"seed": 9310118, "family": "quad", "window_frac": 0.25, "f": 0.95, "status": "ok", "t_c": 622, "t_fc": 736, "err_cross": -4, "err_lag": -4, "err_ref": -4, "secs": 0.19}
{"seed": 9310118, "family": "quad", "window_frac": 0.25, "f": 0.98, "status": "ok", "t_c": 652, "t_fc": 735, "err_cross": -5, "err_lag": -5, "err_ref": -4, "secs": 0.19}
{"seed": 9310118, "family": "rate", "window_frac": 0.05, "f": 0.8, "status": "ok", "t_c": 481, "t_fc": 741, "err_cross": 1, "err_lag": -4, "err_ref": -4, "secs": 0.19}
{"seed": 9310118, "family": "rate", "window_frac": 0.05, "f": 0.9, "status": "ok", "t_c": 574, "t_fc": 736, "err_cross": -4, "err_lag": -4, "err_ref": -4, "secs": 0.19}
{"seed": 9310118, "family": "rate", "window_frac": 0.05, "f": 0.95, "status": "ok", "t_c": 622, "t_fc": 736, "err_cross": -4, "err_lag": -4, "err_ref": -4, "secs": 0.2}
{"seed": 9310118, "family": "rate", "window_frac": 0.05, "f": 0.98, "status": "ok", "t_c": 652, "t_fc": 736, "err_cross": -4, "err_lag": -4, "err_ref": -4, "secs": 0.19}
{"seed": 9310118, "family": "rate", "window_frac": 0.1, "f": 0.8, "status": "ok", "t_c": 481, "t_fc": 741, "err_cross": 1, "err_lag": -4, "err_ref": -4, "secs": 0.19}
{"seed": 9310118, "family": "rate", "window_frac": 0.1, "f": 0.9, "status": "ok", "t_c": 574, "t_fc": 736, "err_cross": -4, "err_lag": -4, "err_ref": -4, "secs": 0.2}
{"seed": 9310118, "family": "rate", "window_frac": 0.1, "f": 0.95, "status": "ok", "t_c": 622, "t_fc": 736, "err_cross": -4, "err_lag": -4, "err_ref": -4, "secs": 0.19}
{"seed": 9310118, "family": "rate", "window_frac": 0.1, "f": 0.98, "status": "ok", "t_c": 652, "t_fc": 736, "err_cross": -4, "err_lag": -4, "err_ref": -4, "secs": 0.19}
{"seed": 9310118, "family": "rate", "window_frac": 0.25, "f": 0.8, "status": "ok", "t_c": 481, "t_fc": 742, "err_cross": 2, "err_lag": -4, "err_ref": -4, "secs": 0.2}
{"seed": 9310118, "family": "rate", "window_frac": 0.25, "f": 0.9, "status": "ok", "t_c": 574, "t_fc": 737, "err_cross": -3, "err_lag": -3, "err_ref": -4, "secs": 0.19}
{"seed": 9310118, "family": "rate", "window_frac": 0.25, "f": 0.95, "status": "ok", "t_c": 622, "t_fc": 736, "err_cross": -4, "err_lag": -4, "err_ref": -4, "secs": 0.19}
{"seed": 9310118, "family": "rate", "window_frac": 0.25, "f": 0.98, "status": "ok", "t_c": 652, "t_fc": 736, "err_cross": -4, "err_lag": -4, "err_ref": -4, "secs": 0.19}
{"seed": 9310118, "family": "lin", "window_frac": 0.05, "f": 0.8, "status": "ok", "t_c": 481, "t_fc": 705, "err_cross": -35, "err_lag": -1, "err_ref": -4, "secs": 0.19}
{"seed": 9310118, "family": "lin", "window_frac": 0.05, "f": 0.9, "status": "ok", "t_c": 574, "t_fc": 730, "err_cross": -10, "err_lag": -1, "err_ref": -4, "secs": 0.19}
{"seed": 9310118, "family": "lin", "window_frac": 0.05, "f": 0.95, "status": "ok", "t_c": 622, "t_fc": 736, "err_cross": -4, "err_lag": -1, "err_ref": -4, "secs": 0.19}
{"seed": 9310118, "family": "lin", "window_frac": 0.05, "f": 0.98, "status": "ok", "t_c": 652, "t_fc": 738, "err_cross": -2, "err_lag": -1, "err_ref": -4, "secs": 0.19}
{"seed": 9310118, "family": "lin", "window_frac": 0.1, "f": 0.8, "status": "ok", "t_c": 481, "t_fc": 705, "err_cross": -35, "err_lag": -1, "err_ref": -4, "secs": 0.19}
{"seed": 9310118, "family": "lin", "window_frac": 0.1, "f": 0.9, "status": "ok", "t_c": 574, "t_fc": 730, "err_cross": -10, "err_lag": -1, "err_ref": -4, "secs": 0.19}
{"seed": 9310118, "family": "lin", "window_frac": 0.1, "f": 0.95, "status": "ok", "t_c": 622, "t_fc": 736, "err_cross": -4, "err_lag": -1, "err_ref": -4, "secs": 0.19}
{"seed": 9310118, "family": "lin", "window_frac": 0.1, "f": 0.98, "status": "ok", "t_c": 652, "t_fc": 738, "err_cross": -2, "err_lag": -1, "err_ref": -4, "secs": 0.2}
{"seed": 9310118, "family": "lin", "window_frac": 0.25, "f": 0.8, "status": "ok", "t_c": 481, "t_fc": 704, "err_cross": -36, "err_lag": 0, "err_ref": -4, "secs": 0.19}
{"seed": 9310118, "family": "lin", "window_frac": 0.25, "f": 0.9, "status": "ok", "t_c": 574, "t_fc": 728, "err_cross": -12, "err_lag": -1, "err_ref": -4, "secs": 0.19}
{"seed": 9310118, "family": "lin", "window_frac": 0.25, "f": 0.95, "status": "ok", "t_c": 622, "t_fc": 735, "err_cross": -5, "err_lag": -1, "err_ref": -4, "secs": 0.2}
{"seed": 9310118, "family": "lin", "window_frac": 0.25, "f": 0.98, "status": "ok", "t_c": 652, "t_fc": 738, "err_cross": -2, "err_lag": -1, "err_ref": -4, "secs": 0.19}
{"seed": 9310119, "family": "quad", "window_frac": 0.05, "f": 0.8, "status": "ok", "t_c": 25811, "t_fc": 26080, "err_cross": 17, "err_lag": -5, "err_ref": -3, "secs": 0.19}
{"seed": 9310119, "family": "quad", "window_frac": 0.05, "f": 0.9, "status": "ok", "t_c": 25899, "t_fc": 26061, "err_cross": -2, "err_lag": -4, "err_ref": -3, "secs": 0.2}
{"seed": 9310119, "family": "quad", "window_frac": 0.05, "f": 0.95, "status": "ok", "t_c": 25945, "t_fc": 26060, "err_cross": -3, "err_lag": -3, "err_ref": -3, "secs": 0.19}
{"seed": 9310119, "family": "quad", "window_frac": 0.05, "f": 0.98, "status": "ok", "t_c": 25973, "t_fc": 26059, "err_cross": -4, "err_lag": -4, "err_ref": -3, "secs": 0.19}
{"seed": 9310119, "family": "quad", "window_frac": 0.1, "f": 0.8, "status": "ok", "t_c": 25811, "t_fc": 26080, "err_cross": 17, "err_lag": -5, "err_ref": -3, "secs": 0.19}
{"seed": 9310119, "family": "quad", "window_frac": 0.1, "f": 0.9, "status": "ok", "t_c": 25899, "t_fc": 26061, "err_cross": -2, "err_lag": -4, "err_ref": -3, "secs": 0.19}
{"seed": 9310119, "family": "quad", "window_frac": 0.1, "f": 0.95, "status": "ok", "t_c": 25945, "t_fc": 26060, "err_cross": -3, "err_lag": -3, "err_ref": -3, "secs": 0.2}
{"seed": 9310119, "family": "quad", "window_frac": 0.1, "f": 0.98, "status": "ok", "t_c": 25973, "t_fc": 26059, "err_cross": -4, "err_lag": -4, "err_ref": -3, "secs": 0.19}
{"seed": 9310119, "family": "quad", "window_frac": 0.25, "f": 0.8, "status": "ok", "t_c": 25811, "t_fc": 26082, "err_cross": 19, "err_lag": -6, "err_ref": -3, "secs": 0.19}
{"seed": 9310119, "family": "quad", "window_frac": 0.25, "f": 0.9, "status": "ok", "t_c": 25899, "t_fc": 26062, "err_cross": -1, "err_lag": -4, "err_ref": -3, "secs": 0.23}
{"seed": 9310119, "family": "quad", "window_frac": 0.25, "f": 0.95, "status": "ok", "t_c": 25945, "t_fc": 26060, "err_cross": -3, "err_lag": -3, "err_ref": -3, "secs": 0.19}
{"seed": 9310119, "family": "quad", "window_frac": 0.25, "f": 0.98, "status": "ok", "t_c": 25973, "t_fc": 26059, "err_cross": -4, "err_lag": -4, "err_ref": -3, "secs": 0.2}
{"seed": 9310119, "family": "rate", "window_frac": 0.05, "f": 0.8, "status": "ok", "t_c": 25811, "t_fc": 26066, "err_cross": 3, "err_lag": -4, "err_ref": -3, "secs": 0.19}
{"seed": 9310119, "family": "rate", "window_frac": 0.05, "f": 0.9, "status": "ok", "t_c": 25899, "t_fc": 26060, "err_cross": -3, "err_lag": -3, "err_ref": -3, "secs": 0.19}
{"seed": 9310119, "family": "rate", "window_frac": 0.05, "f": 0.95, "status": "ok", "t_c": 25945, "t_fc": 26060, "err_cross": -3, "err_lag": -3, "err_ref": -3, "secs": 0.19}
{"seed": 9310119, "family": "rate", "window_frac": 0.05, "f": 0.98, "status": "ok", "t_c": 25973, "t_fc": 26060, "err_cross": -3, "err_lag": -3, "err_ref": -3, "secs": 0.19}
{"seed": 9310119, "family": "rate", "window_frac": 0.1, "f": 0.8, "status": "ok", "t_c": 25811, "t_fc": 26066, "err_cross": 3, "err_lag": -4, "err_ref": -3, "secs": 0.19}
{"seed": 9310119, "family": "rate", "window_frac": 0.1, "f": 0.9, "status": "ok", "t_c": 25899, "t_fc": 26060, "err_cross": -3, "err_lag": -3, "err_ref": -3, "secs": 0.19}
{"seed": 9310119, "family": "rate", "window_frac": 0.1, "f": 0.95, "status": "ok", "t_c": 25945, "t_fc": 26060, "err_cross": -3, "err_lag": -3, "err_ref": -3, "secs": 0.19}
{"seed": 9310119, "family": "rate", "window_frac": 0.1, "f": 0.98, "status": "ok", "t_c": 25973, "t_fc": 26060, "err_cross": -3, "err_lag": -3, "err_ref": -3, "secs": 0.19}
{"seed": 9310119, "family": "rate", "window_frac": 0.25, "f": 0.8, "status": "ok", "t_c": 25811, "t_fc": 26067, "err_cross": 4, "err_lag": -3, "err_ref": -3, "secs": 0.19}
{"seed": 9310119, "family": "rate", "window_frac": 0.25, "f": 0.9, "status": "ok", "t_c": 25899, "t_fc": 26061, "err_cross": -2, "err_lag": -3, "err_ref": -3, "secs": 0.19}
{"seed": 9310119, "family": "rate", "window_frac": 0.25, "f": 0.95, "status": "ok", "t_c": 25945, "t_fc": 26060, "err_cross": -3, "err_lag": -3, "err_ref": -3, "secs": 0.19}
{"seed": 9310119, "family": "rate", "window_frac": 0.25, "f": 0.98, "status": "ok", "t_c": 25973, "t_fc": 26060, "err_cross": -3, "err_lag": -3, "err_ref": -3, "secs": 0.19}
{"seed": 9310119, "family": "lin", "window_frac": 0.05, "f": 0.8, "status": "ok", "t_c": 25811, "t_fc": 26024, "err_cross": -39, "err_lag": -2, "err_ref": -3, "secs": 0.19}
{"seed": 9310119, "family": "lin", "window_frac": 0.05, "f": 0.9, "status": "ok", "t_c": 25899, "t_fc": 26050, "err_cross": -13, "err_lag": -1, "err_ref": -3, "secs": 0.19}
{"seed": 9310119, "family": "lin", "window_frac": 0.05, "f": 0.95, "status": "ok", "t_c": 25945, "t_fc": 26057, "err_cross": -6, "err_lag": -2, "err_ref": -3, "secs": 0.19}
{"seed": 9310119, "family": "lin", "window_frac": 0.05, "f": 0.98, "status": "ok", "t_c": 25973, "t_fc": 26060, "err_cross": -3, "err_lag": -1, "err_ref": -3, "secs": 0.19}
{"seed": 9310119, "family": "lin", "window_frac": 0.1, "f": 0.8, "status": "ok", "t_c": 25811, "t_fc": 26024, "err_cross": -39, "err_lag": -2, "err_ref": -3, "secs": 0.19}
{"seed": 9310119, "family": "lin", "window_frac": 0.1, "f": 0.9, "status": "ok", "t_c": 25899, "t_fc": 26050, "err_cross": -13, "err_lag": -1, "err_ref": -3, "secs": 0.19}
{"seed": 9310119, "family": "lin", "window_frac": 0.1, "f": 0.95, "status": "ok", "t_c": 25945, "t_fc": 26057, "err_cross": -6, "err_lag": -2, "err_ref": -3, "secs": 0.19}
{"seed": 9310119, "family": "lin", "window_frac": 0.1, "f": 0.98, "status": "ok", "t_c": 25973, "t_fc": 26060, "err_cross": -3, "err_lag": -1, "err_ref": -3, "secs": 0.19}
{"seed": 9310119, "family": "lin", "window_frac": 0.25, "f": 0.8, "status": "ok", "t_c": 25811, "t_fc": 26023, "err_cross": -40, "err_lag": -1, "err_ref": -3, "secs": 0.2}
{"seed": 9310119, "family": "lin", "window_frac": 0.25, "f": 0.9, "status": "ok", "t_c": 25899, "t_fc": 26047, "err_cross": -16, "err_lag": -2, "err_ref": -3, "secs": 0.21}
{"seed": 9310119, "family": "lin", "window_frac": 0.25, "f": 0.95, "status": "ok", "t_c": 25945, "t_fc": 26055, "err_cross": -8, "err_lag": -2, "err_ref": -3, "secs": 0.21}
{"seed": 9310119, "family": "lin", "window_frac": 0.25, "f": 0.98, "status": "ok", "t_c": 25973, "t_fc": 26059, "err_cross": -4, "err_lag": -2, "err_ref": -3, "secs": 0.19}
gate (39, 1630.62)
{"seed": 9310200, "family": "quad", "window_frac": 0.05, "f": 0.8, "status": "ok", "t_c": 795, "t_fc": 1103, "err_cross": 18, "err_lag": -6, "err_ref": -4, "secs": 0.2}
{"seed": 9310200, "family": "quad", "window_frac": 0.05, "f": 0.9, "status": "ok", "t_c": 897, "t_fc": 1083, "err_cross": -2, "err_lag": -4, "err_ref": -4, "secs": 0.19}
{"seed": 9310200, "family": "quad", "window_frac": 0.05, "f": 0.95, "status": "ok", "t_c": 951, "t_fc": 1081, "err_cross": -4, "err_lag": -4, "err_ref": -4, "secs": 0.19}
{"seed": 9310200, "family": "quad", "window_frac": 0.05, "f": 0.98, "status": "ok", "t_c": 983, "t_fc": 1081, "err_cross": -4, "err_lag": -4, "err_ref": -4, "secs": 0.19}
{"seed": 9310200, "family": "quad", "window_frac": 0.1, "f": 0.8, "status": "ok", "t_c": 795, "t_fc": 1103, "err_cross": 18, "err_lag": -6, "err_ref": -4, "secs": 0.19}
{"seed": 9310200, "family": "quad", "window_frac": 0.1, "f": 0.9, "status": "ok", "t_c": 897, "t_fc": 1083, "err_cross": -2, "err_lag": -4, "err_ref": -4, "secs": 0.2}
{"seed": 9310200, "family": "quad", "window_frac": 0.1, "f": 0.95, "status": "ok", "t_c": 951, "t_fc": 1081, "err_cross": -4, "err_lag": -4, "err_ref": -4, "secs": 0.19}
{"seed": 9310200, "family": "quad", "window_frac": 0.1, "f": 0.98, "status": "ok", "t_c": 983, "t_fc": 1081, "err_cross": -4, "err_lag": -4, "err_ref": -4, "secs": 0.19}
{"seed": 9310200, "family": "quad", "window_frac": 0.25, "f": 0.8, "status": "ok", "t_c": 795, "t_fc": 1107, "err_cross": 22, "err_lag": -7, "err_ref": -4, "secs": 0.19}
{"seed": 9310200, "family": "quad", "window_frac": 0.25, "f": 0.9, "status": "ok", "t_c": 897, "t_fc": 1084, "err_cross": -1, "err_lag": -4, "err_ref": -4, "secs": 0.19}
{"seed": 9310200, "family": "quad", "window_frac": 0.25, "f": 0.95, "status": "ok", "t_c": 951, "t_fc": 1082, "err_cross": -3, "err_lag": -3, "err_ref": -4, "secs": 0.2}
{"seed": 9310200, "family": "quad", "window_frac": 0.25, "f": 0.98, "status": "ok", "t_c": 983, "t_fc": 1081, "err_cross": -4, "err_lag": -4, "err_ref": -4, "secs": 0.19}
{"seed": 9310200, "family": "rate", "window_frac": 0.05, "f": 0.8, "status": "ok", "t_c": 795, "t_fc": 1089, "err_cross": 4, "err_lag": -3, "err_ref": -4, "secs": 0.19}
{"seed": 9310200, "family": "rate", "window_frac": 0.05, "f": 0.9, "status": "ok", "t_c": 897, "t_fc": 1082, "err_cross": -3, "err_lag": -4, "err_ref": -4, "secs": 0.19}
{"seed": 9310200, "family": "rate", "window_frac": 0.05, "f": 0.95, "status": "ok", "t_c": 951, "t_fc": 1081, "err_cross": -4, "err_lag": -4, "err_ref": -4, "secs": 0.19}
{"seed": 9310200, "family": "rate", "window_frac": 0.05, "f": 0.98, "status": "ok", "t_c": 983, "t_fc": 1081, "err_cross": -4, "err_lag": -4, "err_ref": -4, "secs": 0.2}
{"seed": 9310200, "family": "rate", "window_frac": 0.1, "f": 0.8, "status": "ok", "t_c": 795, "t_fc": 1089, "err_cross": 4, "err_lag": -3, "err_ref": -4, "secs": 0.19}
{"seed": 9310200, "family": "rate", "window_frac": 0.1, "f": 0.9, "status": "ok", "t_c": 897, "t_fc": 1082, "err_cross": -3, "err_lag": -4, "err_ref": -4, "secs": 0.19}
{"seed": 9310200, "family": "rate", "window_frac": 0.1, "f": 0.95, "status": "ok", "t_c": 951, "t_fc": 1081, "err_cross": -4, "err_lag": -4, "err_ref": -4, "secs": 0.19}
{"seed": 9310200, "family": "rate", "window_frac": 0.1, "f": 0.98, "status": "ok", "t_c": 983, "t_fc": 1081, "err_cross": -4, "err_lag": -4, "err_ref": -4, "secs": 0.19}
{"seed": 9310200, "family": "rate", "window_frac": 0.25, "f": 0.8, "status": "ok", "t_c": 795, "t_fc": 1090, "err_cross": 5, "err_lag": -3, "err_ref": -4, "secs": 0.2}
{"seed": 9310200, "family": "rate", "window_frac": 0.25, "f": 0.9, "status": "ok", "t_c": 897, "t_fc": 1083, "err_cross": -2, "err_lag": -3, "err_ref": -4, "secs": 0.19}
{"seed": 9310200, "family": "rate", "window_frac": 0.25, "f": 0.95, "status": "ok", "t_c": 951, "t_fc": 1082, "err_cross": -3, "err_lag": -3, "err_ref": -4, "secs": 0.2}
{"seed": 9310200, "family": "rate", "window_frac": 0.25, "f": 0.98, "status": "ok", "t_c": 983, "t_fc": 1081, "err_cross": -4, "err_lag": -4, "err_ref": -4, "secs": 0.19}
{"seed": 9310200, "family": "lin", "window_frac": 0.05, "f": 0.8, "status": "ok", "t_c": 795, "t_fc": 1041, "err_cross": -44, "err_lag": -2, "err_ref": -4, "secs": 0.19}
{"seed": 9310200, "family": "lin", "window_frac": 0.05, "f": 0.9, "status": "ok", "t_c": 897, "t_fc": 1070, "err_cross": -15, "err_lag": -2, "err_ref": -4, "secs": 0.19}
{"seed": 9310200, "family": "lin", "window_frac": 0.05, "f": 0.95, "status": "ok", "t_c": 951, "t_fc": 1079, "err_cross": -6, "err_lag": -1, "err_ref": -4, "secs": 0.19}
{"seed": 9310200, "family": "lin", "window_frac": 0.05, "f": 0.98, "status": "ok", "t_c": 983, "t_fc": 1082, "err_cross": -3, "err_lag": -1, "err_ref": -4, "secs": 0.19}
{"seed": 9310200, "family": "lin", "window_frac": 0.1, "f": 0.8, "status": "ok", "t_c": 795, "t_fc": 1041, "err_cross": -44, "err_lag": -2, "err_ref": -4, "secs": 0.18}
{"seed": 9310200, "family": "lin", "window_frac": 0.1, "f": 0.9, "status": "ok", "t_c": 897, "t_fc": 1070, "err_cross": -15, "err_lag": -2, "err_ref": -4, "secs": 0.19}
{"seed": 9310200, "family": "lin", "window_frac": 0.1, "f": 0.95, "status": "ok", "t_c": 951, "t_fc": 1079, "err_cross": -6, "err_lag": -1, "err_ref": -4, "secs": 0.19}
{"seed": 9310200, "family": "lin", "window_frac": 0.1, "f": 0.98, "status": "ok", "t_c": 983, "t_fc": 1082, "err_cross": -3, "err_lag": -1, "err_ref": -4, "secs": 0.19}
{"seed": 9310200, "family": "lin", "window_frac": 0.25, "f": 0.8, "status": "ok", "t_c": 795, "t_fc": 1038, "err_cross": -47, "err_lag": -2, "err_ref": -4, "secs": 0.19}
{"seed": 9310200, "family": "lin", "window_frac": 0.25, "f": 0.9, "status": "ok", "t_c": 897, "t_fc": 1067, "err_cross": -18, "err_lag": -1, "err_ref": -4, "secs": 0.19}
{"seed": 9310200, "family": "lin", "window_frac": 0.25, "f": 0.95, "status": "ok", "t_c": 951, "t_fc": 1077, "err_cross": -8, "err_lag": -1, "err_ref": -4, "secs": 0.2}
{"seed": 9310200, "family": "lin", "window_frac": 0.25, "f": 0.98, "status": "ok", "t_c": 983, "t_fc": 1081, "err_cross": -4, "err_lag": -1, "err_ref": -4, "secs": 0.19}
{"seed": 9310201, "family": "quad", "window_frac": 0.05, "f": 0.8, "status": "ok", "t_c": 445, "t_fc": 841, "err_cross": 60, "err_lag": -16, "err_ref": -4, "secs": 0.2}
{"seed": 9310201, "family": "quad", "window_frac": 0.05, "f": 0.9, "status": "ok", "t_c": 537, "t_fc": 782, "err_cross": 1, "err_lag": -8, "err_ref": -4, "secs": 0.19}
{"seed": 9310201, "family": "quad", "window_frac": 0.05, "f": 0.95, "status": "ok", "t_c": 586, "t_fc": 778, "err_cross": -3, "err_lag": -6, "err_ref": -4, "secs": 0.19}
{"seed": 9310201, "family": "quad", "window_frac": 0.05, "f": 0.98, "status": "ok", "t_c": 615, "t_fc": 777, "err_cross": -4, "err_lag": -5, "err_ref": -4, "secs": 0.19}
{"seed": 9310201, "family": "quad", "window_frac": 0.1, "f": 0.8, "status": "ok", "t_c": 445, "t_fc": 841, "err_cross": 60, "err_lag": -16, "err_ref": -4, "secs": 0.19}
{"seed": 9310201, "family": "quad", "window_frac": 0.1, "f": 0.9, "status": "ok", "t_c": 537, "t_fc": 782, "err_cross": 1, "err_lag": -8, "err_ref": -4, "secs": 0.19}
{"seed": 9310201, "family": "quad", "window_frac": 0.1, "f": 0.95, "status": "ok", "t_c": 586, "t_fc": 778, "err_cross": -3, "err_lag": -6, "err_ref": -4, "secs": 0.19}
{"seed": 9310201, "family": "quad", "window_frac": 0.1, "f": 0.98, "status": "ok", "t_c": 615, "t_fc": 777, "err_cross": -4, "err_lag": -5, "err_ref": -4, "secs": 0.19}
{"seed": 9310201, "family": "quad", "window_frac": 0.25, "f": 0.8, "status": "ok", "t_c": 445, "t_fc": 855, "err_cross": 74, "err_lag": -22, "err_ref": -4, "secs": 0.19}
{"seed": 9310201, "family": "quad", "window_frac": 0.25, "f": 0.9, "status": "ok", "t_c": 537, "t_fc": 786, "err_cross": 5, "err_lag": -7, "err_ref": -4, "secs": 0.19}
{"seed": 9310201, "family": "quad", "window_frac": 0.25, "f": 0.95, "status": "ok", "t_c": 586, "t_fc": 779, "err_cross": -2, "err_lag": -7, "err_ref": -4, "secs": 0.19}
{"seed": 9310201, "family": "quad", "window_frac": 0.25, "f": 0.98, "status": "ok", "t_c": 615, "t_fc": 777, "err_cross": -4, "err_lag": -6, "err_ref": -4, "secs": 0.19}
{"seed": 9310201, "family": "rate", "window_frac": 0.05, "f": 0.8, "status": "ok", "t_c": 445, "t_fc": 791, "err_cross": 10, "err_lag": -6, "err_ref": -4, "secs": 0.2}
{"seed": 9310201, "family": "rate", "window_frac": 0.05, "f": 0.9, "status": "ok", "t_c": 537, "t_fc": 779, "err_cross": -2, "err_lag": -5, "err_ref": -4, "secs": 0.19}
{"seed": 9310201, "family": "rate", "window_frac": 0.05, "f": 0.95, "status": "ok", "t_c": 586, "t_fc": 777, "err_cross": -4, "err_lag": -5, "err_ref": -4, "secs": 0.19}
{"seed": 9310201, "family": "rate", "window_frac": 0.05, "f": 0.98, "status": "ok", "t_c": 615, "t_fc": 777, "err_cross": -4, "err_lag": -5, "err_ref": -4, "secs": 0.19}
{"seed": 9310201, "family": "rate", "window_frac": 0.1, "f": 0.8, "status": "ok", "t_c": 445, "t_fc": 791, "err_cross": 10, "err_lag": -6, "err_ref": -4, "secs": 0.19}
{"seed": 9310201, "family": "rate", "window_frac": 0.1, "f": 0.9, "status": "ok", "t_c": 537, "t_fc": 779, "err_cross": -2, "err_lag": -5, "err_ref": -4, "secs": 0.19}
{"seed": 9310201, "family": "rate", "window_frac": 0.1, "f": 0.95, "status": "ok", "t_c": 586, "t_fc": 777, "err_cross": -4, "err_lag": -5, "err_ref": -4, "secs": 0.19}
{"seed": 9310201, "family": "rate", "window_frac": 0.1, "f": 0.98, "status": "ok", "t_c": 615, "t_fc": 777, "err_cross": -4, "err_lag": -5, "err_ref": -4, "secs": 0.19}
{"seed": 9310201, "family": "rate", "window_frac": 0.25, "f": 0.8, "status": "ok", "t_c": 445, "t_fc": 793, "err_cross": 12, "err_lag": -6, "err_ref": -4, "secs": 0.19}
{"seed": 9310201, "family": "rate", "window_frac": 0.25, "f": 0.9, "status": "ok", "t_c": 537, "t_fc": 780, "err_cross": -1, "err_lag": -6, "err_ref": -4, "secs": 0.2}
{"seed": 9310201, "family": "rate", "window_frac": 0.25, "f": 0.95, "status": "ok", "t_c": 586, "t_fc": 778, "err_cross": -3, "err_lag": -5, "err_ref": -4, "secs": 0.18}
{"seed": 9310201, "family": "rate", "window_frac": 0.25, "f": 0.98, "status": "ok", "t_c": 615, "t_fc": 777, "err_cross": -4, "err_lag": -5, "err_ref": -4, "secs": 0.19}
{"seed": 9310201, "family": "lin", "window_frac": 0.05, "f": 0.8, "status": "ok", "t_c": 445, "t_fc": 719, "err_cross": -62, "err_lag": -2, "err_ref": -4, "secs": 0.19}
{"seed": 9310201, "family": "lin", "window_frac": 0.05, "f": 0.9, "status": "ok", "t_c": 537, "t_fc": 754, "err_cross": -27, "err_lag": -2, "err_ref": -4, "secs": 0.19}
{"seed": 9310201, "family": "lin", "window_frac": 0.05, "f": 0.95, "status": "ok", "t_c": 586, "t_fc": 766, "err_cross": -15, "err_lag": -2, "err_ref": -4, "secs": 0.19}
{"seed": 9310201, "family": "lin", "window_frac": 0.05, "f": 0.98, "status": "ok", "t_c": 615, "t_fc": 771, "err_cross": -10, "err_lag": -3, "err_ref": -4, "secs": 0.19}
{"seed": 9310201, "family": "lin", "window_frac": 0.1, "f": 0.8, "status": "ok", "t_c": 445, "t_fc": 719, "err_cross": -62, "err_lag": -2, "err_ref": -4, "secs": 0.19}
{"seed": 9310201, "family": "lin", "window_frac": 0.1, "f": 0.9, "status": "ok", "t_c": 537, "t_fc": 754, "err_cross": -27, "err_lag": -2, "err_ref": -4, "secs": 0.19}
{"seed": 9310201, "family": "lin", "window_frac": 0.1, "f": 0.95, "status": "ok", "t_c": 586, "t_fc": 766, "err_cross": -15, "err_lag": -2, "err_ref": -4, "secs": 0.2}
{"seed": 9310201, "family": "lin", "window_frac": 0.1, "f": 0.98, "status": "ok", "t_c": 615, "t_fc": 771, "err_cross": -10, "err_lag": -3, "err_ref": -4, "secs": 0.18}
{"seed": 9310201, "family": "lin", "window_frac": 0.25, "f": 0.8, "status": "ok", "t_c": 445, "t_fc": 717, "err_cross": -64, "err_lag": -2, "err_ref": -4, "secs": 0.19}
{"seed": 9310201, "family": "lin", "window_frac": 0.25, "f": 0.9, "status": "ok", "t_c": 537, "t_fc": 750, "err_cross": -31, "err_lag": -2, "err_ref": -4, "secs": 0.19}
{"seed": 9310201, "family": "lin", "window_frac": 0.25, "f": 0.95, "status": "ok", "t_c": 586, "t_fc": 762, "err_cross": -19, "err_lag": -3, "err_ref": -4, "secs": 0.19}
{"seed": 9310201, "family": "lin", "window_frac": 0.25, "f": 0.98, "status": "ok", "t_c": 615, "t_fc": 768, "err_cross": -13, "err_lag": -2, "err_ref": -4, "secs": 0.23}
{"seed": 9310202, "family": "quad", "window_frac": 0.05, "f": 0.8, "status": "ok", "t_c": 381, "t_fc": 629, "err_cross": 14, "err_lag": -7, "err_ref": -1, "secs": 0.2}
{"seed": 9310202, "family": "quad", "window_frac": 0.05, "f": 0.9, "status": "ok", "t_c": 458, "t_fc": 614, "err_cross": -1, "err_lag": -3, "err_ref": -1, "secs": 0.18}
{"seed": 9310202, "family": "quad", "window_frac": 0.05, "f": 0.95, "status": "ok", "t_c": 498, "t_fc": 613, "err_cross": -2, "err_lag": -2, "err_ref": -1, "secs": 0.19}
{"seed": 9310202, "family": "quad", "window_frac": 0.05, "f": 0.98, "status": "ok", "t_c": 523, "t_fc": 613, "err_cross": -2, "err_lag": -2, "err_ref": -1, "secs": 0.18}
{"seed": 9310202, "family": "quad", "window_frac": 0.1, "f": 0.8, "status": "ok", "t_c": 381, "t_fc": 629, "err_cross": 14, "err_lag": -7, "err_ref": -1, "secs": 0.19}
{"seed": 9310202, "family": "quad", "window_frac": 0.1, "f": 0.9, "status": "ok", "t_c": 458, "t_fc": 614, "err_cross": -1, "err_lag": -3, "err_ref": -1, "secs": 0.18}
{"seed": 9310202, "family": "quad", "window_frac": 0.1, "f": 0.95, "status": "ok", "t_c": 498, "t_fc": 613, "err_cross": -2, "err_lag": -2, "err_ref": -1, "secs": 0.19}
{"seed": 9310202, "family": "quad", "window_frac": 0.1, "f": 0.98, "status": "ok", "t_c": 523, "t_fc": 613, "err_cross": -2, "err_lag": -2, "err_ref": -1, "secs": 0.19}
{"seed": 9310202, "family": "quad", "window_frac": 0.25, "f": 0.8, "status": "ok", "t_c": 381, "t_fc": 630, "err_cross": 15, "err_lag": -6, "err_ref": -1, "secs": 0.19}
{"seed": 9310202, "family": "quad", "window_frac": 0.25, "f": 0.9, "status": "ok", "t_c": 458, "t_fc": 615, "err_cross": 0, "err_lag": -3, "err_ref": -1, "secs": 0.19}
{"seed": 9310202, "family": "quad", "window_frac": 0.25, "f": 0.95, "status": "ok", "t_c": 498, "t_fc": 613, "err_cross": -2, "err_lag": -2, "err_ref": -1, "secs": 0.19}
{"seed": 9310202, "family": "quad", "window_frac": 0.25, "f": 0.98, "status": "ok", "t_c": 523, "t_fc": 613, "err_cross": -2, "err_lag": -2, "err_ref": -1, "secs": 0.18}
{"seed": 9310202, "family": "rate", "window_frac": 0.05, "f": 0.8, "status": "ok", "t_c": 381, "t_fc": 619, "err_cross": 4, "err_lag": -2, "err_ref": -1, "secs": 0.18}
{"seed": 9310202, "family": "rate", "window_frac": 0.05, "f": 0.9, "status": "ok", "t_c": 458, "t_fc": 614, "err_cross": -1, "err_lag": -2, "err_ref": -1, "secs": 0.18}
{"seed": 9310202, "family": "rate", "window_frac": 0.05, "f": 0.95, "status": "ok", "t_c": 498, "t_fc": 614, "err_cross": -1, "err_lag": -1, "err_ref": -1, "secs": 0.18}
{"seed": 9310202, "family": "rate", "window_frac": 0.05, "f": 0.98, "status": "ok", "t_c": 523, "t_fc": 614, "err_cross": -1, "err_lag": -1, "err_ref": -1, "secs": 0.18}
{"seed": 9310202, "family": "rate", "window_frac": 0.1, "f": 0.8, "status": "ok", "t_c": 381, "t_fc": 619, "err_cross": 4, "err_lag": -2, "err_ref": -1, "secs": 0.18}
{"seed": 9310202, "family": "rate", "window_frac": 0.1, "f": 0.9, "status": "ok", "t_c": 458, "t_fc": 614, "err_cross": -1, "err_lag": -2, "err_ref": -1, "secs": 0.18}
{"seed": 9310202, "family": "rate", "window_frac": 0.1, "f": 0.95, "status": "ok", "t_c": 498, "t_fc": 614, "err_cross": -1, "err_lag": -1, "err_ref": -1, "secs": 0.18}
{"seed": 9310202, "family": "rate", "window_frac": 0.1, "f": 0.98, "status": "ok", "t_c": 523, "t_fc": 614, "err_cross": -1, "err_lag": -1, "err_ref": -1, "secs": 0.19}
{"seed": 9310202, "family": "rate", "window_frac": 0.25, "f": 0.8, "status": "ok", "t_c": 381, "t_fc": 619, "err_cross": 4, "err_lag": -2, "err_ref": -1, "secs": 0.18}
{"seed": 9310202, "family": "rate", "window_frac": 0.25, "f": 0.9, "status": "ok", "t_c": 458, "t_fc": 615, "err_cross": 0, "err_lag": -1, "err_ref": -1, "secs": 0.19}
{"seed": 9310202, "family": "rate", "window_frac": 0.25, "f": 0.95, "status": "ok", "t_c": 498, "t_fc": 614, "err_cross": -1, "err_lag": -1, "err_ref": -1, "secs": 0.18}
{"seed": 9310202, "family": "rate", "window_frac": 0.25, "f": 0.98, "status": "ok", "t_c": 523, "t_fc": 614, "err_cross": -1, "err_lag": -1, "err_ref": -1, "secs": 0.19}
{"seed": 9310202, "family": "lin", "window_frac": 0.05, "f": 0.8, "status": "ok", "t_c": 381, "t_fc": 586, "err_cross": -29, "err_lag": 5, "err_ref": -1, "secs": 0.18}
{"seed": 9310202, "family": "lin", "window_frac": 0.05, "f": 0.9, "status": "ok", "t_c": 458, "t_fc": 607, "err_cross": -8, "err_lag": 3, "err_ref": -1, "secs": 0.19}
{"seed": 9310202, "family": "lin", "window_frac": 0.05, "f": 0.95, "status": "ok", "t_c": 498, "t_fc": 613, "err_cross": -2, "err_lag": 2, "err_ref": -1, "secs": 0.18}
{"seed": 9310202, "family": "lin", "window_frac": 0.05, "f": 0.98, "status": "ok", "t_c": 523, "t_fc": 616, "err_cross": 1, "err_lag": 2, "err_ref": -1, "secs": 0.19}
{"seed": 9310202, "family": "lin", "window_frac": 0.1, "f": 0.8, "status": "ok", "t_c": 381, "t_fc": 586, "err_cross": -29, "err_lag": 5, "err_ref": -1, "secs": 0.18}
{"seed": 9310202, "family": "lin", "window_frac": 0.1, "f": 0.9, "status": "ok", "t_c": 458, "t_fc": 607, "err_cross": -8, "err_lag": 3, "err_ref": -1, "secs": 0.19}
{"seed": 9310202, "family": "lin", "window_frac": 0.1, "f": 0.95, "status": "ok", "t_c": 498, "t_fc": 613, "err_cross": -2, "err_lag": 2, "err_ref": -1, "secs": 0.18}
{"seed": 9310202, "family": "lin", "window_frac": 0.1, "f": 0.98, "status": "ok", "t_c": 523, "t_fc": 616, "err_cross": 1, "err_lag": 2, "err_ref": -1, "secs": 0.19}
{"seed": 9310202, "family": "lin", "window_frac": 0.25, "f": 0.8, "status": "ok", "t_c": 381, "t_fc": 585, "err_cross": -30, "err_lag": 4, "err_ref": -1, "secs": 0.18}
{"seed": 9310202, "family": "lin", "window_frac": 0.25, "f": 0.9, "status": "ok", "t_c": 458, "t_fc": 606, "err_cross": -9, "err_lag": 3, "err_ref": -1, "secs": 0.19}
{"seed": 9310202, "family": "lin", "window_frac": 0.25, "f": 0.95, "status": "ok", "t_c": 498, "t_fc": 612, "err_cross": -3, "err_lag": 2, "err_ref": -1, "secs": 0.18}
{"seed": 9310202, "family": "lin", "window_frac": 0.25, "f": 0.98, "status": "ok", "t_c": 523, "t_fc": 615, "err_cross": 0, "err_lag": 2, "err_ref": -1, "secs": 0.19}
{"seed": 9310203, "family": "quad", "window_frac": 0.05, "f": 0.8, "status": "ok", "t_c": 1121, "t_fc": 1435, "err_cross": 20, "err_lag": -5, "err_ref": -4, "secs": 0.19}
{"seed": 9310203, "family": "quad", "window_frac": 0.05, "f": 0.9, "status": "ok", "t_c": 1230, "t_fc": 1413, "err_cross": -2, "err_lag": -4, "err_ref": -4, "secs": 0.19}
{"seed": 9310203, "family": "quad", "window_frac": 0.05, "f": 0.95, "status": "ok", "t_c": 1287, "t_fc": 1412, "err_cross": -3, "err_lag": -3, "err_ref": -4, "secs": 0.19}
{"seed": 9310203, "family": "quad", "window_frac": 0.05, "f": 0.98, "status": "ok", "t_c": 1322, "t_fc": 1411, "err_cross": -4, "err_lag": -4, "err_ref": -4, "secs": 0.19}
{"seed": 9310203, "family": "quad", "window_frac": 0.1, "f": 0.8, "status": "ok", "t_c": 1121, "t_fc": 1435, "err_cross": 20, "err_lag": -5, "err_ref": -4, "secs": 0.19}
{"seed": 9310203, "family": "quad", "window_frac": 0.1, "f": 0.9, "status": "ok", "t_c": 1230, "t_fc": 1413, "err_cross": -2, "err_lag": -4, "err_ref": -4, "secs": 0.18}
{"seed": 9310203, "family": "quad", "window_frac": 0.1, "f": 0.95, "status": "ok", "t_c": 1287, "t_fc": 1412, "err_cross": -3, "err_lag": -3, "err_ref": -4, "secs": 0.19}
{"seed": 9310203, "family": "quad", "window_frac": 0.1, "f": 0.98, "status": "ok", "t_c": 1322, "t_fc": 1411, "err_cross": -4, "err_lag": -4, "err_ref": -4, "secs": 0.18}
{"seed": 9310203, "family": "quad", "window_frac": 0.25, "f": 0.8, "status": "ok", "t_c": 1121, "t_fc": 1441, "err_cross": 26, "err_lag": -5, "err_ref": -4, "secs": 0.19}
{"seed": 9310203, "family": "quad", "window_frac": 0.25, "f": 0.9, "status": "ok", "t_c": 1230, "t_fc": 1415, "err_cross": 0, "err_lag": -4, "err_ref": -4, "secs": 0.18}
{"seed": 9310203, "family": "quad", "window_frac": 0.25, "f": 0.95, "status": "ok", "t_c": 1287, "t_fc": 1412, "err_cross": -3, "err_lag": -4, "err_ref": -4, "secs": 0.18}
{"seed": 9310203, "family": "quad", "window_frac": 0.25, "f": 0.98, "status": "ok", "t_c": 1322, "t_fc": 1411, "err_cross": -4, "err_lag": -4, "err_ref": -4, "secs": 0.19}
{"seed": 9310203, "family": "rate", "window_frac": 0.05, "f": 0.8, "status": "ok", "t_c": 1121, "t_fc": 1419, "err_cross": 4, "err_lag": -4, "err_ref": -4, "secs": 0.19}
{"seed": 9310203, "family": "rate", "window_frac": 0.05, "f": 0.9, "status": "ok", "t_c": 1230, "t_fc": 1412, "err_cross": -3, "err_lag": -4, "err_ref": -4, "secs": 0.19}
{"seed": 9310203, "family": "rate", "window_frac": 0.05, "f": 0.95, "status": "ok", "t_c": 1287, "t_fc": 1411, "err_cross": -4, "err_lag": -4, "err_ref": -4, "secs": 0.2}
{"seed": 9310203, "family": "rate", "window_frac": 0.05, "f": 0.98, "status": "ok", "t_c": 1322, "t_fc": 1411, "err_cross": -4, "err_lag": -4, "err_ref": -4, "secs": 0.19}
{"seed": 9310203, "family": "rate", "window_frac": 0.1, "f": 0.8, "status": "ok", "t_c": 1121, "t_fc": 1419, "err_cross": 4, "err_lag": -4, "err_ref": -4, "secs": 0.19}
{"seed": 9310203, "family": "rate", "window_frac": 0.1, "f": 0.9, "status": "ok", "t_c": 1230, "t_fc": 1412, "err_cross": -3, "err_lag": -4, "err_ref": -4, "secs": 0.19}
{"seed": 9310203, "family": "rate", "window_frac": 0.1, "f": 0.95, "status": "ok", "t_c": 1287, "t_fc": 1411, "err_cross": -4, "err_lag": -4, "err_ref": -4, "secs": 0.19}
{"seed": 9310203, "family": "rate", "window_frac": 0.1, "f": 0.98, "status": "ok", "t_c": 1322, "t_fc": 1411, "err_cross": -4, "err_lag": -4, "err_ref": -4, "secs": 0.19}
{"seed": 9310203, "family": "rate", "window_frac": 0.25, "f": 0.8, "status": "ok", "t_c": 1121, "t_fc": 1421, "err_cross": 6, "err_lag": -3, "err_ref": -4, "secs": 0.18}
{"seed": 9310203, "family": "rate", "window_frac": 0.25, "f": 0.9, "status": "ok", "t_c": 1230, "t_fc": 1413, "err_cross": -2, "err_lag": -3, "err_ref": -4, "secs": 0.18}
{"seed": 9310203, "family": "rate", "window_frac": 0.25, "f": 0.95, "status": "ok", "t_c": 1287, "t_fc": 1412, "err_cross": -3, "err_lag": -3, "err_ref": -4, "secs": 0.18}
{"seed": 9310203, "family": "rate", "window_frac": 0.25, "f": 0.98, "status": "ok", "t_c": 1322, "t_fc": 1411, "err_cross": -4, "err_lag": -4, "err_ref": -4, "secs": 0.18}
{"seed": 9310203, "family": "lin", "window_frac": 0.05, "f": 0.8, "status": "ok", "t_c": 1121, "t_fc": 1371, "err_cross": -44, "err_lag": 1, "err_ref": -4, "secs": 0.18}
{"seed": 9310203, "family": "lin", "window_frac": 0.05, "f": 0.9, "status": "ok", "t_c": 1230, "t_fc": 1399, "err_cross": -16, "err_lag": -2, "err_ref": -4, "secs": 0.18}
{"seed": 9310203, "family": "lin", "window_frac": 0.05, "f": 0.95, "status": "ok", "t_c": 1287, "t_fc": 1408, "err_cross": -7, "err_lag": -2, "err_ref": -4, "secs": 0.18}
{"seed": 9310203, "family": "lin", "window_frac": 0.05, "f": 0.98, "status": "ok", "t_c": 1322, "t_fc": 1411, "err_cross": -4, "err_lag": -2, "err_ref": -4, "secs": 0.18}
{"seed": 9310203, "family": "lin", "window_frac": 0.1, "f": 0.8, "status": "ok", "t_c": 1121, "t_fc": 1371, "err_cross": -44, "err_lag": 1, "err_ref": -4, "secs": 0.18}
{"seed": 9310203, "family": "lin", "window_frac": 0.1, "f": 0.9, "status": "ok", "t_c": 1230, "t_fc": 1399, "err_cross": -16, "err_lag": -2, "err_ref": -4, "secs": 0.18}
{"seed": 9310203, "family": "lin", "window_frac": 0.1, "f": 0.95, "status": "ok", "t_c": 1287, "t_fc": 1408, "err_cross": -7, "err_lag": -2, "err_ref": -4, "secs": 0.18}
{"seed": 9310203, "family": "lin", "window_frac": 0.1, "f": 0.98, "status": "ok", "t_c": 1322, "t_fc": 1411, "err_cross": -4, "err_lag": -2, "err_ref": -4, "secs": 0.18}
{"seed": 9310203, "family": "lin", "window_frac": 0.25, "f": 0.8, "status": "ok", "t_c": 1121, "t_fc": 1368, "err_cross": -47, "err_lag": 2, "err_ref": -4, "secs": 0.18}
{"seed": 9310203, "family": "lin", "window_frac": 0.25, "f": 0.9, "status": "ok", "t_c": 1230, "t_fc": 1395, "err_cross": -20, "err_lag": -2, "err_ref": -4, "secs": 0.18}
{"seed": 9310203, "family": "lin", "window_frac": 0.25, "f": 0.95, "status": "ok", "t_c": 1287, "t_fc": 1405, "err_cross": -10, "err_lag": -3, "err_ref": -4, "secs": 0.19}
{"seed": 9310203, "family": "lin", "window_frac": 0.25, "f": 0.98, "status": "ok", "t_c": 1322, "t_fc": 1410, "err_cross": -5, "err_lag": -2, "err_ref": -4, "secs": 0.18}
{"seed": 9310204, "family": "quad", "window_frac": 0.05, "f": 0.8, "status": "ok", "t_c": 517, "t_fc": 570, "err_cross": -4, "err_lag": -4, "err_ref": -3, "secs": 0.18}
{"seed": 9310204, "family": "quad", "window_frac": 0.05, "f": 0.9, "status": "ok", "t_c": 617, "t_fc": 571, "err_cross": -3, "err_lag": -3, "err_ref": -3, "secs": 0.18}
{"seed": 9310204, "family": "quad", "window_frac": 0.05, "f": 0.95, "status": "ok", "t_c": 669, "t_fc": 571, "err_cross": -3, "err_lag": -3, "err_ref": -3, "secs": 0.18}
{"seed": 9310204, "family": "quad", "window_frac": 0.05, "f": 0.98, "status": "ok", "t_c": 701, "t_fc": 571, "err_cross": -3, "err_lag": -3, "err_ref": -3, "secs": 0.18}
{"seed": 9310204, "family": "quad", "window_frac": 0.1, "f": 0.8, "status": "ok", "t_c": 517, "t_fc": 570, "err_cross": -4, "err_lag": -4, "err_ref": -3, "secs": 0.18}
{"seed": 9310204, "family": "quad", "window_frac": 0.1, "f": 0.9, "status": "ok", "t_c": 617, "t_fc": 571, "err_cross": -3, "err_lag": -3, "err_ref": -3, "secs": 0.18}
{"seed": 9310204, "family": "quad", "window_frac": 0.1, "f": 0.95, "status": "ok", "t_c": 669, "t_fc": 571, "err_cross": -3, "err_lag": -3, "err_ref": -3, "secs": 0.18}
{"seed": 9310204, "family": "quad", "window_frac": 0.1, "f": 0.98, "status": "ok", "t_c": 701, "t_fc": 571, "err_cross": -3, "err_lag": -3, "err_ref": -3, "secs": 0.18}
{"seed": 9310204, "family": "quad", "window_frac": 0.25, "f": 0.8, "status": "ok", "t_c": 517, "t_fc": 570, "err_cross": -4, "err_lag": -4, "err_ref": -3, "secs": 0.18}
{"seed": 9310204, "family": "quad", "window_frac": 0.25, "f": 0.9, "status": "ok", "t_c": 617, "t_fc": 571, "err_cross": -3, "err_lag": -3, "err_ref": -3, "secs": 0.18}
{"seed": 9310204, "family": "quad", "window_frac": 0.25, "f": 0.95, "status": "ok", "t_c": 669, "t_fc": 571, "err_cross": -3, "err_lag": -3, "err_ref": -3, "secs": 0.18}
{"seed": 9310204, "family": "quad", "window_frac": 0.25, "f": 0.98, "status": "ok", "t_c": 701, "t_fc": 571, "err_cross": -3, "err_lag": -3, "err_ref": -3, "secs": 0.19}
{"seed": 9310204, "family": "rate", "window_frac": 0.05, "f": 0.8, "status": "ok", "t_c": 517, "t_fc": 571, "err_cross": -3, "err_lag": -3, "err_ref": -3, "secs": 0.18}
{"seed": 9310204, "family": "rate", "window_frac": 0.05, "f": 0.9, "status": "ok", "t_c": 617, "t_fc": 571, "err_cross": -3, "err_lag": -3, "err_ref": -3, "secs": 0.18}
{"seed": 9310204, "family": "rate", "window_frac": 0.05, "f": 0.95, "status": "ok", "t_c": 669, "t_fc": 571, "err_cross": -3, "err_lag": -3, "err_ref": -3, "secs": 0.18}
{"seed": 9310204, "family": "rate", "window_frac": 0.05, "f": 0.98, "status": "ok", "t_c": 701, "t_fc": 571, "err_cross": -3, "err_lag": -3, "err_ref": -3, "secs": 0.21}
{"seed": 9310204, "family": "rate", "window_frac": 0.1, "f": 0.8, "status": "ok", "t_c": 517, "t_fc": 571, "err_cross": -3, "err_lag": -3, "err_ref": -3, "secs": 0.18}
{"seed": 9310204, "family": "rate", "window_frac": 0.1, "f": 0.9, "status": "ok", "t_c": 617, "t_fc": 571, "err_cross": -3, "err_lag": -3, "err_ref": -3, "secs": 0.18}
{"seed": 9310204, "family": "rate", "window_frac": 0.1, "f": 0.95, "status": "ok", "t_c": 669, "t_fc": 571, "err_cross": -3, "err_lag": -3, "err_ref": -3, "secs": 0.18}
{"seed": 9310204, "family": "rate", "window_frac": 0.1, "f": 0.98, "status": "ok", "t_c": 701, "t_fc": 571, "err_cross": -3, "err_lag": -3, "err_ref": -3, "secs": 0.18}
{"seed": 9310204, "family": "rate", "window_frac": 0.25, "f": 0.8, "status": "ok", "t_c": 517, "t_fc": 571, "err_cross": -3, "err_lag": -3, "err_ref": -3, "secs": 0.18}
{"seed": 9310204, "family": "rate", "window_frac": 0.25, "f": 0.9, "status": "ok", "t_c": 617, "t_fc": 571, "err_cross": -3, "err_lag": -3, "err_ref": -3, "secs": 0.18}
{"seed": 9310204, "family": "rate", "window_frac": 0.25, "f": 0.95, "status": "ok", "t_c": 669, "t_fc": 571, "err_cross": -3, "err_lag": -3, "err_ref": -3, "secs": 0.18}
{"seed": 9310204, "family": "rate", "window_frac": 0.25, "f": 0.98, "status": "ok", "t_c": 701, "t_fc": 571, "err_cross": -3, "err_lag": -3, "err_ref": -3, "secs": 0.18}
{"seed": 9310204, "family": "lin", "window_frac": 0.05, "f": 0.8, "status": "ok", "t_c": 517, "t_fc": 574, "err_cross": 0, "err_lag": 0, "err_ref": -3, "secs": 0.18}
{"seed": 9310204, "family": "lin", "window_frac": 0.05, "f": 0.9, "status": "ok", "t_c": 617, "t_fc": 571, "err_cross": -3, "err_lag": -3, "err_ref": -3, "secs": 0.18}
{"seed": 9310204, "family": "lin", "window_frac": 0.05, "f": 0.95, "status": "ok", "t_c": 669, "t_fc": 571, "err_cross": -3, "err_lag": -3, "err_ref": -3, "secs": 0.18}
{"seed": 9310204, "family": "lin", "window_frac": 0.05, "f": 0.98, "status": "ok", "t_c": 701, "t_fc": 571, "err_cross": -3, "err_lag": -3, "err_ref": -3, "secs": 0.18}
{"seed": 9310204, "family": "lin", "window_frac": 0.1, "f": 0.8, "status": "ok", "t_c": 517, "t_fc": 574, "err_cross": 0, "err_lag": 0, "err_ref": -3, "secs": 0.18}
{"seed": 9310204, "family": "lin", "window_frac": 0.1, "f": 0.9, "status": "ok", "t_c": 617, "t_fc": 571, "err_cross": -3, "err_lag": -3, "err_ref": -3, "secs": 0.18}
{"seed": 9310204, "family": "lin", "window_frac": 0.1, "f": 0.95, "status": "ok", "t_c": 669, "t_fc": 571, "err_cross": -3, "err_lag": -3, "err_ref": -3, "secs": 0.18}
{"seed": 9310204, "family": "lin", "window_frac": 0.1, "f": 0.98, "status": "ok", "t_c": 701, "t_fc": 571, "err_cross": -3, "err_lag": -3, "err_ref": -3, "secs": 0.17}
{"seed": 9310204, "family": "lin", "window_frac": 0.25, "f": 0.8, "status": "ok", "t_c": 517, "t_fc": 574, "err_cross": 0, "err_lag": 0, "err_ref": -3, "secs": 0.18}
{"seed": 9310204, "family": "lin", "window_frac": 0.25, "f": 0.9, "status": "ok", "t_c": 617, "t_fc": 571, "err_cross": -3, "err_lag": -3, "err_ref": -3, "secs": 0.18}
{"seed": 9310204, "family": "lin", "window_frac": 0.25, "f": 0.95, "status": "ok", "t_c": 669, "t_fc": 571, "err_cross": -3, "err_lag": -3, "err_ref": -3, "secs": 0.18}
{"seed": 9310204, "family": "lin", "window_frac": 0.25, "f": 0.98, "status": "ok", "t_c": 701, "t_fc": 571, "err_cross": -3, "err_lag": -3, "err_ref": -3, "secs": 0.17}
{"seed": 9310205, "family": "quad", "window_frac": 0.05, "f": 0.8, "status": "ok", "t_c": 570, "t_fc": 592, "err_cross": -3, "err_lag": -3, "err_ref": -3, "secs": 0.18}
{"seed": 9310205, "family": "quad", "window_frac": 0.05, "f": 0.9, "status": "ok", "t_c": 680, "t_fc": 592, "err_cross": -3, "err_lag": -3, "err_ref": -3, "secs": 0.18}
{"seed": 9310205, "family": "quad", "window_frac": 0.05, "f": 0.95, "status": "ok", "t_c": 737, "t_fc": 592, "err_cross": -3, "err_lag": -3, "err_ref": -3, "secs": 0.18}
{"seed": 9310205, "family": "quad", "window_frac": 0.05, "f": 0.98, "status": "ok", "t_c": 772, "t_fc": 592, "err_cross": -3, "err_lag": -3, "err_ref": -3, "secs": 0.17}
{"seed": 9310205, "family": "quad", "window_frac": 0.1, "f": 0.8, "status": "ok", "t_c": 570, "t_fc": 592, "err_cross": -3, "err_lag": -3, "err_ref": -3, "secs": 0.17}
{"seed": 9310205, "family": "quad", "window_frac": 0.1, "f": 0.9, "status": "ok", "t_c": 680, "t_fc": 592, "err_cross": -3, "err_lag": -3, "err_ref": -3, "secs": 0.18}
{"seed": 9310205, "family": "quad", "window_frac": 0.1, "f": 0.95, "status": "ok", "t_c": 737, "t_fc": 592, "err_cross": -3, "err_lag": -3, "err_ref": -3, "secs": 0.18}
{"seed": 9310205, "family": "quad", "window_frac": 0.1, "f": 0.98, "status": "ok", "t_c": 772, "t_fc": 592, "err_cross": -3, "err_lag": -3, "err_ref": -3, "secs": 0.18}
{"seed": 9310205, "family": "quad", "window_frac": 0.25, "f": 0.8, "status": "ok", "t_c": 570, "t_fc": 592, "err_cross": -3, "err_lag": -3, "err_ref": -3, "secs": 0.18}
{"seed": 9310205, "family": "quad", "window_frac": 0.25, "f": 0.9, "status": "ok", "t_c": 680, "t_fc": 592, "err_cross": -3, "err_lag": -3, "err_ref": -3, "secs": 0.18}
{"seed": 9310205, "family": "quad", "window_frac": 0.25, "f": 0.95, "status": "ok", "t_c": 737, "t_fc": 592, "err_cross": -3, "err_lag": -3, "err_ref": -3, "secs": 0.18}
{"seed": 9310205, "family": "quad", "window_frac": 0.25, "f": 0.98, "status": "ok", "t_c": 772, "t_fc": 592, "err_cross": -3, "err_lag": -3, "err_ref": -3, "secs": 0.18}
{"seed": 9310205, "family": "rate", "window_frac": 0.05, "f": 0.8, "status": "ok", "t_c": 570, "t_fc": 592, "err_cross": -3, "err_lag": -3, "err_ref": -3, "secs": 0.17}
{"seed": 9310205, "family": "rate", "window_frac": 0.05, "f": 0.9, "status": "ok", "t_c": 680, "t_fc": 592, "err_cross": -3, "err_lag": -3, "err_ref": -3, "secs": 0.18}
{"seed": 9310205, "family": "rate", "window_frac": 0.05, "f": 0.95, "status": "ok", "t_c": 737, "t_fc": 592, "err_cross": -3, "err_lag": -3, "err_ref": -3, "secs": 0.17}
{"seed": 9310205, "family": "rate", "window_frac": 0.05, "f": 0.98, "status": "ok", "t_c": 772, "t_fc": 592, "err_cross": -3, "err_lag": -3, "err_ref": -3, "secs": 0.17}
{"seed": 9310205, "family": "rate", "window_frac": 0.1, "f": 0.8, "status": "ok", "t_c": 570, "t_fc": 592, "err_cross": -3, "err_lag": -3, "err_ref": -3, "secs": 0.18}
{"seed": 9310205, "family": "rate", "window_frac": 0.1, "f": 0.9, "status": "ok", "t_c": 680, "t_fc": 592, "err_cross": -3, "err_lag": -3, "err_ref": -3, "secs": 0.17}
{"seed": 9310205, "family": "rate", "window_frac": 0.1, "f": 0.95, "status": "ok", "t_c": 737, "t_fc": 592, "err_cross": -3, "err_lag": -3, "err_ref": -3, "secs": 0.18}
{"seed": 9310205, "family": "rate", "window_frac": 0.1, "f": 0.98, "status": "ok", "t_c": 772, "t_fc": 592, "err_cross": -3, "err_lag": -3, "err_ref": -3, "secs": 0.18}
{"seed": 9310205, "family": "rate", "window_frac": 0.25, "f": 0.8, "status": "ok", "t_c": 570, "t_fc": 592, "err_cross": -3, "err_lag": -3, "err_ref": -3, "secs": 0.18}
{"seed": 9310205, "family": "rate", "window_frac": 0.25, "f": 0.9, "status": "ok", "t_c": 680, "t_fc": 592, "err_cross": -3, "err_lag": -3, "err_ref": -3, "secs": 0.18}
{"seed": 9310205, "family": "rate", "window_frac": 0.25, "f": 0.95, "status": "ok", "t_c": 737, "t_fc": 592, "err_cross": -3, "err_lag": -3, "err_ref": -3, "secs": 0.18}
{"seed": 9310205, "family": "rate", "window_frac": 0.25, "f": 0.98, "status": "ok", "t_c": 772, "t_fc": 592, "err_cross": -3, "err_lag": -3, "err_ref": -3, "secs": 0.18}
{"seed": 9310205, "family": "lin", "window_frac": 0.05, "f": 0.8, "status": "ok", "t_c": 570, "t_fc": 593, "err_cross": -2, "err_lag": -2, "err_ref": -3, "secs": 0.17}
{"seed": 9310205, "family": "lin", "window_frac": 0.05, "f": 0.9, "status": "ok", "t_c": 680, "t_fc": 592, "err_cross": -3, "err_lag": -3, "err_ref": -3, "secs": 0.18}
{"seed": 9310205, "family": "lin", "window_frac": 0.05, "f": 0.95, "status": "ok", "t_c": 737, "t_fc": 592, "err_cross": -3, "err_lag": -3, "err_ref": -3, "secs": 0.18}
{"seed": 9310205, "family": "lin", "window_frac": 0.05, "f": 0.98, "status": "ok", "t_c": 772, "t_fc": 592, "err_cross": -3, "err_lag": -3, "err_ref": -3, "secs": 0.18}
{"seed": 9310205, "family": "lin", "window_frac": 0.1, "f": 0.8, "status": "ok", "t_c": 570, "t_fc": 593, "err_cross": -2, "err_lag": -2, "err_ref": -3, "secs": 0.18}
{"seed": 9310205, "family": "lin", "window_frac": 0.1, "f": 0.9, "status": "ok", "t_c": 680, "t_fc": 592, "err_cross": -3, "err_lag": -3, "err_ref": -3, "secs": 0.18}
{"seed": 9310205, "family": "lin", "window_frac": 0.1, "f": 0.95, "status": "ok", "t_c": 737, "t_fc": 592, "err_cross": -3, "err_lag": -3, "err_ref": -3, "secs": 0.17}
{"seed": 9310205, "family": "lin", "window_frac": 0.1, "f": 0.98, "status": "ok", "t_c": 772, "t_fc": 592, "err_cross": -3, "err_lag": -3, "err_ref": -3, "secs": 0.18}
{"seed": 9310205, "family": "lin", "window_frac": 0.25, "f": 0.8, "status": "ok", "t_c": 570, "t_fc": 593, "err_cross": -2, "err_lag": -2, "err_ref": -3, "secs": 0.17}
{"seed": 9310205, "family": "lin", "window_frac": 0.25, "f": 0.9, "status": "ok", "t_c": 680, "t_fc": 592, "err_cross": -3, "err_lag": -3, "err_ref": -3, "secs": 0.18}
{"seed": 9310205, "family": "lin", "window_frac": 0.25, "f": 0.95, "status": "ok", "t_c": 737, "t_fc": 592, "err_cross": -3, "err_lag": -3, "err_ref": -3, "secs": 0.18}
{"seed": 9310205, "family": "lin", "window_frac": 0.25, "f": 0.98, "status": "ok", "t_c": 772, "t_fc": 592, "err_cross": -3, "err_lag": -3, "err_ref": -3, "secs": 0.18}
{"seed": 9310206, "family": "quad", "window_frac": 0.05, "f": 0.8, "status": "ok", "t_c": 706, "t_fc": 1096, "err_cross": 23, "err_lag": -8, "err_ref": -4, "secs": 0.19}
{"seed": 9310206, "family": "quad", "window_frac": 0.05, "f": 0.9, "status": "ok", "t_c": 841, "t_fc": 1071, "err_cross": -2, "err_lag": -5, "err_ref": -4, "secs": 0.19}
{"seed": 9310206, "family": "quad", "window_frac": 0.05, "f": 0.95, "status": "ok", "t_c": 911, "t_fc": 1069, "err_cross": -4, "err_lag": -5, "err_ref": -4, "secs": 0.19}
{"seed": 9310206, "family": "quad", "window_frac": 0.05, "f": 0.98, "status": "ok", "t_c": 955, "t_fc": 1069, "err_cross": -4, "err_lag": -4, "err_ref": -4, "secs": 0.19}
{"seed": 9310206, "family": "quad", "window_frac": 0.1, "f": 0.8, "status": "ok", "t_c": 706, "t_fc": 1096, "err_cross": 23, "err_lag": -8, "err_ref": -4, "secs": 0.19}
{"seed": 9310206, "family": "quad", "window_frac": 0.1, "f": 0.9, "status": "ok", "t_c": 841, "t_fc": 1071, "err_cross": -2, "err_lag": -5, "err_ref": -4, "secs": 0.19}
{"seed": 9310206, "family": "quad", "window_frac": 0.1, "f": 0.95, "status": "ok", "t_c": 911, "t_fc": 1069, "err_cross": -4, "err_lag": -5, "err_ref": -4, "secs": 0.19}
{"seed": 9310206, "family": "quad", "window_frac": 0.1, "f": 0.98, "status": "ok", "t_c": 955, "t_fc": 1069, "err_cross": -4, "err_lag": -4, "err_ref": -4, "secs": 0.19}
{"seed": 9310206, "family": "quad", "window_frac": 0.25, "f": 0.8, "status": "ok", "t_c": 706, "t_fc": 1107, "err_cross": 34, "err_lag": -8, "err_ref": -4, "secs": 0.19}
{"seed": 9310206, "family": "quad", "window_frac": 0.25, "f": 0.9, "status": "ok", "t_c": 841, "t_fc": 1073, "err_cross": 0, "err_lag": -6, "err_ref": -4, "secs": 0.19}
{"seed": 9310206, "family": "quad", "window_frac": 0.25, "f": 0.95, "status": "ok", "t_c": 911, "t_fc": 1069, "err_cross": -4, "err_lag": -6, "err_ref": -4, "secs": 0.19}
{"seed": 9310206, "family": "quad", "window_frac": 0.25, "f": 0.98, "status": "ok", "t_c": 955, "t_fc": 1069, "err_cross": -4, "err_lag": -5, "err_ref": -4, "secs": 0.19}
{"seed": 9310206, "family": "rate", "window_frac": 0.05, "f": 0.8, "status": "ok", "t_c": 706, "t_fc": 1078, "err_cross": 5, "err_lag": -5, "err_ref": -4, "secs": 0.19}
{"seed": 9310206, "family": "rate", "window_frac": 0.05, "f": 0.9, "status": "ok", "t_c": 841, "t_fc": 1070, "err_cross": -3, "err_lag": -5, "err_ref": -4, "secs": 0.19}
{"seed": 9310206, "family": "rate", "window_frac": 0.05, "f": 0.95, "status": "ok", "t_c": 911, "t_fc": 1069, "err_cross": -4, "err_lag": -5, "err_ref": -4, "secs": 0.19}
{"seed": 9310206, "family": "rate", "window_frac": 0.05, "f": 0.98, "status": "ok", "t_c": 955, "t_fc": 1069, "err_cross": -4, "err_lag": -4, "err_ref": -4, "secs": 0.19}
{"seed": 9310206, "family": "rate", "window_frac": 0.1, "f": 0.8, "status": "ok", "t_c": 706, "t_fc": 1078, "err_cross": 5, "err_lag": -5, "err_ref": -4, "secs": 0.19}
{"seed": 9310206, "family": "rate", "window_frac": 0.1, "f": 0.9, "status": "ok", "t_c": 841, "t_fc": 1070, "err_cross": -3, "err_lag": -5, "err_ref": -4, "secs": 0.19}
{"seed": 9310206, "family": "rate", "window_frac": 0.1, "f": 0.95, "status": "ok", "t_c": 911, "t_fc": 1069, "err_cross": -4, "err_lag": -5, "err_ref": -4, "secs": 0.19}
{"seed": 9310206, "family": "rate", "window_frac": 0.1, "f": 0.98, "status": "ok", "t_c": 955, "t_fc": 1069, "err_cross": -4, "err_lag": -4, "err_ref": -4, "secs": 0.19}
{"seed": 9310206, "family": "rate", "window_frac": 0.25, "f": 0.8, "status": "ok", "t_c": 706, "t_fc": 1080, "err_cross": 7, "err_lag": -5, "err_ref": -4, "secs": 0.19}
{"seed": 9310206, "family": "rate", "window_frac": 0.25, "f": 0.9, "status": "ok", "t_c": 841, "t_fc": 1071, "err_cross": -2, "err_lag": -4, "err_ref": -4, "secs": 0.19}
{"seed": 9310206, "family": "rate", "window_frac": 0.25, "f": 0.95, "status": "ok", "t_c": 911, "t_fc": 1069, "err_cross": -4, "err_lag": -5, "err_ref": -4, "secs": 0.19}
{"seed": 9310206, "family": "rate", "window_frac": 0.25, "f": 0.98, "status": "ok", "t_c": 955, "t_fc": 1069, "err_cross": -4, "err_lag": -5, "err_ref": -4, "secs": 0.2}
{"seed": 9310206, "family": "lin", "window_frac": 0.05, "f": 0.8, "status": "ok", "t_c": 706, "t_fc": 1016, "err_cross": -57, "err_lag": -3, "err_ref": -4, "secs": 0.2}
{"seed": 9310206, "family": "lin", "window_frac": 0.05, "f": 0.9, "status": "ok", "t_c": 841, "t_fc": 1055, "err_cross": -18, "err_lag": -3, "err_ref": -4, "secs": 0.2}
{"seed": 9310206, "family": "lin", "window_frac": 0.05, "f": 0.95, "status": "ok", "t_c": 911, "t_fc": 1065, "err_cross": -8, "err_lag": -3, "err_ref": -4, "secs": 0.19}
{"seed": 9310206, "family": "lin", "window_frac": 0.05, "f": 0.98, "status": "ok", "t_c": 955, "t_fc": 1069, "err_cross": -4, "err_lag": -3, "err_ref": -4, "secs": 0.19}
{"seed": 9310206, "family": "lin", "window_frac": 0.1, "f": 0.8, "status": "ok", "t_c": 706, "t_fc": 1016, "err_cross": -57, "err_lag": -3, "err_ref": -4, "secs": 0.19}
{"seed": 9310206, "family": "lin", "window_frac": 0.1, "f": 0.9, "status": "ok", "t_c": 841, "t_fc": 1055, "err_cross": -18, "err_lag": -3, "err_ref": -4, "secs": 0.19}
{"seed": 9310206, "family": "lin", "window_frac": 0.1, "f": 0.95, "status": "ok", "t_c": 911, "t_fc": 1065, "err_cross": -8, "err_lag": -3, "err_ref": -4, "secs": 0.19}
{"seed": 9310206, "family": "lin", "window_frac": 0.1, "f": 0.98, "status": "ok", "t_c": 955, "t_fc": 1069, "err_cross": -4, "err_lag": -3, "err_ref": -4, "secs": 0.19}
{"seed": 9310206, "family": "lin", "window_frac": 0.25, "f": 0.8, "status": "ok", "t_c": 706, "t_fc": 1010, "err_cross": -63, "err_lag": -2, "err_ref": -4, "secs": 0.19}
{"seed": 9310206, "family": "lin", "window_frac": 0.25, "f": 0.9, "status": "ok", "t_c": 841, "t_fc": 1049, "err_cross": -24, "err_lag": -3, "err_ref": -4, "secs": 0.19}
{"seed": 9310206, "family": "lin", "window_frac": 0.25, "f": 0.95, "status": "ok", "t_c": 911, "t_fc": 1062, "err_cross": -11, "err_lag": -3, "err_ref": -4, "secs": 0.19}
{"seed": 9310206, "family": "lin", "window_frac": 0.25, "f": 0.98, "status": "ok", "t_c": 955, "t_fc": 1068, "err_cross": -5, "err_lag": -2, "err_ref": -4, "secs": 0.19}
{"seed": 9310207, "family": "quad", "window_frac": 0.05, "f": 0.8, "status": "no cutoff: s never reaches f\u00b7s_ref in the saved path", "t_c": null, "t_fc": null, "err_cross": null, "err_lag": null, "err_ref": null, "secs": 0.0}
{"seed": 9310207, "family": "quad", "window_frac": 0.05, "f": 0.9, "status": "no cutoff: s never reaches f\u00b7s_ref in the saved path", "t_c": null, "t_fc": null, "err_cross": null, "err_lag": null, "err_ref": null, "secs": 0.0}
{"seed": 9310207, "family": "quad", "window_frac": 0.05, "f": 0.95, "status": "no cutoff: s never reaches f\u00b7s_ref in the saved path", "t_c": null, "t_fc": null, "err_cross": null, "err_lag": null, "err_ref": null, "secs": 0.0}
{"seed": 9310207, "family": "quad", "window_frac": 0.05, "f": 0.98, "status": "no cutoff: s never reaches f\u00b7s_ref in the saved path", "t_c": null, "t_fc": null, "err_cross": null, "err_lag": null, "err_ref": null, "secs": 0.0}
{"seed": 9310207, "family": "quad", "window_frac": 0.1, "f": 0.8, "status": "no cutoff: s never reaches f\u00b7s_ref in the saved path", "t_c": null, "t_fc": null, "err_cross": null, "err_lag": null, "err_ref": null, "secs": 0.0}
{"seed": 9310207, "family": "quad", "window_frac": 0.1, "f": 0.9, "status": "no cutoff: s never reaches f\u00b7s_ref in the saved path", "t_c": null, "t_fc": null, "err_cross": null, "err_lag": null, "err_ref": null, "secs": 0.0}
{"seed": 9310207, "family": "quad", "window_frac": 0.1, "f": 0.95, "status": "no cutoff: s never reaches f\u00b7s_ref in the saved path", "t_c": null, "t_fc": null, "err_cross": null, "err_lag": null, "err_ref": null, "secs": 0.0}
{"seed": 9310207, "family": "quad", "window_frac": 0.1, "f": 0.98, "status": "no cutoff: s never reaches f\u00b7s_ref in the saved path", "t_c": null, "t_fc": null, "err_cross": null, "err_lag": null, "err_ref": null, "secs": 0.0}
{"seed": 9310207, "family": "quad", "window_frac": 0.25, "f": 0.8, "status": "no cutoff: s never reaches f\u00b7s_ref in the saved path", "t_c": null, "t_fc": null, "err_cross": null, "err_lag": null, "err_ref": null, "secs": 0.0}
{"seed": 9310207, "family": "quad", "window_frac": 0.25, "f": 0.9, "status": "no cutoff: s never reaches f\u00b7s_ref in the saved path", "t_c": null, "t_fc": null, "err_cross": null, "err_lag": null, "err_ref": null, "secs": 0.0}
{"seed": 9310207, "family": "quad", "window_frac": 0.25, "f": 0.95, "status": "no cutoff: s never reaches f\u00b7s_ref in the saved path", "t_c": null, "t_fc": null, "err_cross": null, "err_lag": null, "err_ref": null, "secs": 0.0}
{"seed": 9310207, "family": "quad", "window_frac": 0.25, "f": 0.98, "status": "no cutoff: s never reaches f\u00b7s_ref in the saved path", "t_c": null, "t_fc": null, "err_cross": null, "err_lag": null, "err_ref": null, "secs": 0.0}
{"seed": 9310207, "family": "rate", "window_frac": 0.05, "f": 0.8, "status": "no cutoff: s never reaches f\u00b7s_ref in the saved path", "t_c": null, "t_fc": null, "err_cross": null, "err_lag": null, "err_ref": null, "secs": 0.0}
{"seed": 9310207, "family": "rate", "window_frac": 0.05, "f": 0.9, "status": "no cutoff: s never reaches f\u00b7s_ref in the saved path", "t_c": null, "t_fc": null, "err_cross": null, "err_lag": null, "err_ref": null, "secs": 0.0}
{"seed": 9310207, "family": "rate", "window_frac": 0.05, "f": 0.95, "status": "no cutoff: s never reaches f\u00b7s_ref in the saved path", "t_c": null, "t_fc": null, "err_cross": null, "err_lag": null, "err_ref": null, "secs": 0.0}
{"seed": 9310207, "family": "rate", "window_frac": 0.05, "f": 0.98, "status": "no cutoff: s never reaches f\u00b7s_ref in the saved path", "t_c": null, "t_fc": null, "err_cross": null, "err_lag": null, "err_ref": null, "secs": 0.0}
{"seed": 9310207, "family": "rate", "window_frac": 0.1, "f": 0.8, "status": "no cutoff: s never reaches f\u00b7s_ref in the saved path", "t_c": null, "t_fc": null, "err_cross": null, "err_lag": null, "err_ref": null, "secs": 0.0}
{"seed": 9310207, "family": "rate", "window_frac": 0.1, "f": 0.9, "status": "no cutoff: s never reaches f\u00b7s_ref in the saved path", "t_c": null, "t_fc": null, "err_cross": null, "err_lag": null, "err_ref": null, "secs": 0.0}
{"seed": 9310207, "family": "rate", "window_frac": 0.1, "f": 0.95, "status": "no cutoff: s never reaches f\u00b7s_ref in the saved path", "t_c": null, "t_fc": null, "err_cross": null, "err_lag": null, "err_ref": null, "secs": 0.0}
{"seed": 9310207, "family": "rate", "window_frac": 0.1, "f": 0.98, "status": "no cutoff: s never reaches f\u00b7s_ref in the saved path", "t_c": null, "t_fc": null, "err_cross": null, "err_lag": null, "err_ref": null, "secs": 0.0}
{"seed": 9310207, "family": "rate", "window_frac": 0.25, "f": 0.8, "status": "no cutoff: s never reaches f\u00b7s_ref in the saved path", "t_c": null, "t_fc": null, "err_cross": null, "err_lag": null, "err_ref": null, "secs": 0.0}
{"seed": 9310207, "family": "rate", "window_frac": 0.25, "f": 0.9, "status": "no cutoff: s never reaches f\u00b7s_ref in the saved path", "t_c": null, "t_fc": null, "err_cross": null, "err_lag": null, "err_ref": null, "secs": 0.0}
{"seed": 9310207, "family": "rate", "window_frac": 0.25, "f": 0.95, "status": "no cutoff: s never reaches f\u00b7s_ref in the saved path", "t_c": null, "t_fc": null, "err_cross": null, "err_lag": null, "err_ref": null, "secs": 0.0}
{"seed": 9310207, "family": "rate", "window_frac": 0.25, "f": 0.98, "status": "no cutoff: s never reaches f\u00b7s_ref in the saved path", "t_c": null, "t_fc": null, "err_cross": null, "err_lag": null, "err_ref": null, "secs": 0.0}
{"seed": 9310207, "family": "lin", "window_frac": 0.05, "f": 0.8, "status": "no cutoff: s never reaches f\u00b7s_ref in the saved path", "t_c": null, "t_fc": null, "err_cross": null, "err_lag": null, "err_ref": null, "secs": 0.0}
{"seed": 9310207, "family": "lin", "window_frac": 0.05, "f": 0.9, "status": "no cutoff: s never reaches f\u00b7s_ref in the saved path", "t_c": null, "t_fc": null, "err_cross": null, "err_lag": null, "err_ref": null, "secs": 0.0}
{"seed": 9310207, "family": "lin", "window_frac": 0.05, "f": 0.95, "status": "no cutoff: s never reaches f\u00b7s_ref in the saved path", "t_c": null, "t_fc": null, "err_cross": null, "err_lag": null, "err_ref": null, "secs": 0.0}
{"seed": 9310207, "family": "lin", "window_frac": 0.05, "f": 0.98, "status": "no cutoff: s never reaches f\u00b7s_ref in the saved path", "t_c": null, "t_fc": null, "err_cross": null, "err_lag": null, "err_ref": null, "secs": 0.0}
{"seed": 9310207, "family": "lin", "window_frac": 0.1, "f": 0.8, "status": "no cutoff: s never reaches f\u00b7s_ref in the saved path", "t_c": null, "t_fc": null, "err_cross": null, "err_lag": null, "err_ref": null, "secs": 0.0}
{"seed": 9310207, "family": "lin", "window_frac": 0.1, "f": 0.9, "status": "no cutoff: s never reaches f\u00b7s_ref in the saved path", "t_c": null, "t_fc": null, "err_cross": null, "err_lag": null, "err_ref": null, "secs": 0.0}
{"seed": 9310207, "family": "lin", "window_frac": 0.1, "f": 0.95, "status": "no cutoff: s never reaches f\u00b7s_ref in the saved path", "t_c": null, "t_fc": null, "err_cross": null, "err_lag": null, "err_ref": null, "secs": 0.0}
{"seed": 9310207, "family": "lin", "window_frac": 0.1, "f": 0.98, "status": "no cutoff: s never reaches f\u00b7s_ref in the saved path", "t_c": null, "t_fc": null, "err_cross": null, "err_lag": null, "err_ref": null, "secs": 0.0}
{"seed": 9310207, "family": "lin", "window_frac": 0.25, "f": 0.8, "status": "no cutoff: s never reaches f\u00b7s_ref in the saved path", "t_c": null, "t_fc": null, "err_cross": null, "err_lag": null, "err_ref": null, "secs": 0.0}
{"seed": 9310207, "family": "lin", "window_frac": 0.25, "f": 0.9, "status": "no cutoff: s never reaches f\u00b7s_ref in the saved path", "t_c": null, "t_fc": null, "err_cross": null, "err_lag": null, "err_ref": null, "secs": 0.0}
{"seed": 9310207, "family": "lin", "window_frac": 0.25, "f": 0.95, "status": "no cutoff: s never reaches f\u00b7s_ref in the saved path", "t_c": null, "t_fc": null, "err_cross": null, "err_lag": null, "err_ref": null, "secs": 0.0}
{"seed": 9310207, "family": "lin", "window_frac": 0.25, "f": 0.98, "status": "no cutoff: s never reaches f\u00b7s_ref in the saved path", "t_c": null, "t_fc": null, "err_cross": null, "err_lag": null, "err_ref": null, "secs": 0.0}
{"seed": 9310208, "family": "quad", "window_frac": 0.05, "f": 0.8, "status": "ok", "t_c": 22346, "t_fc": 22625, "err_cross": 14, "err_lag": -10, "err_ref": -4, "secs": 0.19}
{"seed": 9310208, "family": "quad", "window_frac": 0.05, "f": 0.9, "status": "ok", "t_c": 22433, "t_fc": 22607, "err_cross": -4, "err_lag": -6, "err_ref": -4, "secs": 0.18}
{"seed": 9310208, "family": "quad", "window_frac": 0.05, "f": 0.95, "status": "ok", "t_c": 22479, "t_fc": 22606, "err_cross": -5, "err_lag": -5, "err_ref": -4, "secs": 0.19}
{"seed": 9310208, "family": "quad", "window_frac": 0.05, "f": 0.98, "status": "ok", "t_c": 22507, "t_fc": 22606, "err_cross": -5, "err_lag": -5, "err_ref": -4, "secs": 0.19}
{"seed": 9310208, "family": "quad", "window_frac": 0.1, "f": 0.8, "status": "ok", "t_c": 22346, "t_fc": 22625, "err_cross": 14, "err_lag": -10, "err_ref": -4, "secs": 0.19}
{"seed": 9310208, "family": "quad", "window_frac": 0.1, "f": 0.9, "status": "ok", "t_c": 22433, "t_fc": 22607, "err_cross": -4, "err_lag": -6, "err_ref": -4, "secs": 0.18}
{"seed": 9310208, "family": "quad", "window_frac": 0.1, "f": 0.95, "status": "ok", "t_c": 22479, "t_fc": 22606, "err_cross": -5, "err_lag": -5, "err_ref": -4, "secs": 0.18}
{"seed": 9310208, "family": "quad", "window_frac": 0.1, "f": 0.98, "status": "ok", "t_c": 22507, "t_fc": 22606, "err_cross": -5, "err_lag": -5, "err_ref": -4, "secs": 0.19}
{"seed": 9310208, "family": "quad", "window_frac": 0.25, "f": 0.8, "status": "ok", "t_c": 22346, "t_fc": 22627, "err_cross": 16, "err_lag": -10, "err_ref": -4, "secs": 0.19}
{"seed": 9310208, "family": "quad", "window_frac": 0.25, "f": 0.9, "status": "ok", "t_c": 22433, "t_fc": 22608, "err_cross": -3, "err_lag": -6, "err_ref": -4, "secs": 0.19}
{"seed": 9310208, "family": "quad", "window_frac": 0.25, "f": 0.95, "status": "ok", "t_c": 22479, "t_fc": 22606, "err_cross": -5, "err_lag": -6, "err_ref": -4, "secs": 0.18}
{"seed": 9310208, "family": "quad", "window_frac": 0.25, "f": 0.98, "status": "ok", "t_c": 22507, "t_fc": 22606, "err_cross": -5, "err_lag": -5, "err_ref": -4, "secs": 0.18}
{"seed": 9310208, "family": "rate", "window_frac": 0.05, "f": 0.8, "status": "ok", "t_c": 22346, "t_fc": 22613, "err_cross": 2, "err_lag": -5, "err_ref": -4, "secs": 0.18}
{"seed": 9310208, "family": "rate", "window_frac": 0.05, "f": 0.9, "status": "ok", "t_c": 22433, "t_fc": 22607, "err_cross": -4, "err_lag": -5, "err_ref": -4, "secs": 0.18}
{"seed": 9310208, "family": "rate", "window_frac": 0.05, "f": 0.95, "status": "ok", "t_c": 22479, "t_fc": 22607, "err_cross": -4, "err_lag": -4, "err_ref": -4, "secs": 0.18}
{"seed": 9310208, "family": "rate", "window_frac": 0.05, "f": 0.98, "status": "ok", "t_c": 22507, "t_fc": 22607, "err_cross": -4, "err_lag": -4, "err_ref": -4, "secs": 0.18}
{"seed": 9310208, "family": "rate", "window_frac": 0.1, "f": 0.8, "status": "ok", "t_c": 22346, "t_fc": 22613, "err_cross": 2, "err_lag": -5, "err_ref": -4, "secs": 0.18}
{"seed": 9310208, "family": "rate", "window_frac": 0.1, "f": 0.9, "status": "ok", "t_c": 22433, "t_fc": 22607, "err_cross": -4, "err_lag": -5, "err_ref": -4, "secs": 0.18}
{"seed": 9310208, "family": "rate", "window_frac": 0.1, "f": 0.95, "status": "ok", "t_c": 22479, "t_fc": 22607, "err_cross": -4, "err_lag": -4, "err_ref": -4, "secs": 0.18}
{"seed": 9310208, "family": "rate", "window_frac": 0.1, "f": 0.98, "status": "ok", "t_c": 22507, "t_fc": 22607, "err_cross": -4, "err_lag": -4, "err_ref": -4, "secs": 0.18}
{"seed": 9310208, "family": "rate", "window_frac": 0.25, "f": 0.8, "status": "ok", "t_c": 22346, "t_fc": 22614, "err_cross": 3, "err_lag": -5, "err_ref": -4, "secs": 0.18}
{"seed": 9310208, "family": "rate", "window_frac": 0.25, "f": 0.9, "status": "ok", "t_c": 22433, "t_fc": 22608, "err_cross": -3, "err_lag": -4, "err_ref": -4, "secs": 0.19}
{"seed": 9310208, "family": "rate", "window_frac": 0.25, "f": 0.95, "status": "ok", "t_c": 22479, "t_fc": 22607, "err_cross": -4, "err_lag": -4, "err_ref": -4, "secs": 0.19}
{"seed": 9310208, "family": "rate", "window_frac": 0.25, "f": 0.98, "status": "ok", "t_c": 22507, "t_fc": 22607, "err_cross": -4, "err_lag": -4, "err_ref": -4, "secs": 0.2}
{"seed": 9310208, "family": "lin", "window_frac": 0.05, "f": 0.8, "status": "ok", "t_c": 22346, "t_fc": 22573, "err_cross": -38, "err_lag": -1, "err_ref": -4, "secs": 0.19}
{"seed": 9310208, "family": "lin", "window_frac": 0.05, "f": 0.9, "status": "ok", "t_c": 22433, "t_fc": 22598, "err_cross": -13, "err_lag": -2, "err_ref": -4, "secs": 0.19}
{"seed": 9310208, "family": "lin", "window_frac": 0.05, "f": 0.95, "status": "ok", "t_c": 22479, "t_fc": 22605, "err_cross": -6, "err_lag": -2, "err_ref": -4, "secs": 0.19}
{"seed": 9310208, "family": "lin", "window_frac": 0.05, "f": 0.98, "status": "ok", "t_c": 22507, "t_fc": 22608, "err_cross": -3, "err_lag": -2, "err_ref": -4, "secs": 0.2}
{"seed": 9310208, "family": "lin", "window_frac": 0.1, "f": 0.8, "status": "ok", "t_c": 22346, "t_fc": 22573, "err_cross": -38, "err_lag": -1, "err_ref": -4, "secs": 0.2}
{"seed": 9310208, "family": "lin", "window_frac": 0.1, "f": 0.9, "status": "ok", "t_c": 22433, "t_fc": 22598, "err_cross": -13, "err_lag": -2, "err_ref": -4, "secs": 0.19}
{"seed": 9310208, "family": "lin", "window_frac": 0.1, "f": 0.95, "status": "ok", "t_c": 22479, "t_fc": 22605, "err_cross": -6, "err_lag": -2, "err_ref": -4, "secs": 0.19}
{"seed": 9310208, "family": "lin", "window_frac": 0.1, "f": 0.98, "status": "ok", "t_c": 22507, "t_fc": 22608, "err_cross": -3, "err_lag": -2, "err_ref": -4, "secs": 0.19}
{"seed": 9310208, "family": "lin", "window_frac": 0.25, "f": 0.8, "status": "ok", "t_c": 22346, "t_fc": 22572, "err_cross": -39, "err_lag": 0, "err_ref": -4, "secs": 0.2}
{"seed": 9310208, "family": "lin", "window_frac": 0.25, "f": 0.9, "status": "ok", "t_c": 22433, "t_fc": 22596, "err_cross": -15, "err_lag": -1, "err_ref": -4, "secs": 0.19}
{"seed": 9310208, "family": "lin", "window_frac": 0.25, "f": 0.95, "status": "ok", "t_c": 22479, "t_fc": 22604, "err_cross": -7, "err_lag": -1, "err_ref": -4, "secs": 0.19}
{"seed": 9310208, "family": "lin", "window_frac": 0.25, "f": 0.98, "status": "ok", "t_c": 22507, "t_fc": 22607, "err_cross": -4, "err_lag": -2, "err_ref": -4, "secs": 0.19}
{"seed": 9310209, "family": "quad", "window_frac": 0.05, "f": 0.8, "status": "ok", "t_c": 423, "t_fc": 671, "err_cross": 14, "err_lag": -6, "err_ref": -3, "secs": 0.19}
{"seed": 9310209, "family": "quad", "window_frac": 0.05, "f": 0.9, "status": "ok", "t_c": 502, "t_fc": 655, "err_cross": -2, "err_lag": -4, "err_ref": -3, "secs": 0.18}
{"seed": 9310209, "family": "quad", "window_frac": 0.05, "f": 0.95, "status": "ok", "t_c": 543, "t_fc": 654, "err_cross": -3, "err_lag": -3, "err_ref": -3, "secs": 0.18}
{"seed": 9310209, "family": "quad", "window_frac": 0.05, "f": 0.98, "status": "ok", "t_c": 569, "t_fc": 654, "err_cross": -3, "err_lag": -3, "err_ref": -3, "secs": 0.19}
{"seed": 9310209, "family": "quad", "window_frac": 0.1, "f": 0.8, "status": "ok", "t_c": 423, "t_fc": 671, "err_cross": 14, "err_lag": -6, "err_ref": -3, "secs": 0.19}
{"seed": 9310209, "family": "quad", "window_frac": 0.1, "f": 0.9, "status": "ok", "t_c": 502, "t_fc": 655, "err_cross": -2, "err_lag": -4, "err_ref": -3, "secs": 0.18}
{"seed": 9310209, "family": "quad", "window_frac": 0.1, "f": 0.95, "status": "ok", "t_c": 543, "t_fc": 654, "err_cross": -3, "err_lag": -3, "err_ref": -3, "secs": 0.18}
{"seed": 9310209, "family": "quad", "window_frac": 0.1, "f": 0.98, "status": "ok", "t_c": 569, "t_fc": 654, "err_cross": -3, "err_lag": -3, "err_ref": -3, "secs": 0.19}
{"seed": 9310209, "family": "quad", "window_frac": 0.25, "f": 0.8, "status": "ok", "t_c": 423, "t_fc": 672, "err_cross": 15, "err_lag": -6, "err_ref": -3, "secs": 0.19}
{"seed": 9310209, "family": "quad", "window_frac": 0.25, "f": 0.9, "status": "ok", "t_c": 502, "t_fc": 656, "err_cross": -1, "err_lag": -4, "err_ref": -3, "secs": 0.18}
{"seed": 9310209, "family": "quad", "window_frac": 0.25, "f": 0.95, "status": "ok", "t_c": 543, "t_fc": 654, "err_cross": -3, "err_lag": -4, "err_ref": -3, "secs": 0.19}
{"seed": 9310209, "family": "quad", "window_frac": 0.25, "f": 0.98, "status": "ok", "t_c": 569, "t_fc": 654, "err_cross": -3, "err_lag": -3, "err_ref": -3, "secs": 0.19}
{"seed": 9310209, "family": "rate", "window_frac": 0.05, "f": 0.8, "status": "ok", "t_c": 423, "t_fc": 660, "err_cross": 3, "err_lag": -3, "err_ref": -3, "secs": 0.18}
{"seed": 9310209, "family": "rate", "window_frac": 0.05, "f": 0.9, "status": "ok", "t_c": 502, "t_fc": 655, "err_cross": -2, "err_lag": -3, "err_ref": -3, "secs": 0.18}
{"seed": 9310209, "family": "rate", "window_frac": 0.05, "f": 0.95, "status": "ok", "t_c": 543, "t_fc": 654, "err_cross": -3, "err_lag": -3, "err_ref": -3, "secs": 0.19}
{"seed": 9310209, "family": "rate", "window_frac": 0.05, "f": 0.98, "status": "ok", "t_c": 569, "t_fc": 654, "err_cross": -3, "err_lag": -3, "err_ref": -3, "secs": 0.19}
{"seed": 9310209, "family": "rate", "window_frac": 0.1, "f": 0.8, "status": "ok", "t_c": 423, "t_fc": 660, "err_cross": 3, "err_lag": -3, "err_ref": -3, "secs": 0.19}
{"seed": 9310209, "family": "rate", "window_frac": 0.1, "f": 0.9, "status": "ok", "t_c": 502, "t_fc": 655, "err_cross": -2, "err_lag": -3, "err_ref": -3, "secs": 0.19}
{"seed": 9310209, "family": "rate", "window_frac": 0.1, "f": 0.95, "status": "ok", "t_c": 543, "t_fc": 654, "err_cross": -3, "err_lag": -3, "err_ref": -3, "secs": 0.19}
{"seed": 9310209, "family": "rate", "window_frac": 0.1, "f": 0.98, "status": "ok", "t_c": 569, "t_fc": 654, "err_cross": -3, "err_lag": -3, "err_ref": -3, "secs": 0.19}
{"seed": 9310209, "family": "rate", "window_frac": 0.25, "f": 0.8, "status": "ok", "t_c": 423, "t_fc": 660, "err_cross": 3, "err_lag": -3, "err_ref": -3, "secs": 0.19}
{"seed": 9310209, "family": "rate", "window_frac": 0.25, "f": 0.9, "status": "ok", "t_c": 502, "t_fc": 655, "err_cross": -2, "err_lag": -3, "err_ref": -3, "secs": 0.19}
{"seed": 9310209, "family": "rate", "window_frac": 0.25, "f": 0.95, "status": "ok", "t_c": 543, "t_fc": 654, "err_cross": -3, "err_lag": -3, "err_ref": -3, "secs": 0.19}
{"seed": 9310209, "family": "rate", "window_frac": 0.25, "f": 0.98, "status": "ok", "t_c": 569, "t_fc": 654, "err_cross": -3, "err_lag": -3, "err_ref": -3, "secs": 0.18}
{"seed": 9310209, "family": "lin", "window_frac": 0.05, "f": 0.8, "status": "ok", "t_c": 423, "t_fc": 622, "err_cross": -35, "err_lag": -1, "err_ref": -3, "secs": 0.19}
{"seed": 9310209, "family": "lin", "window_frac": 0.05, "f": 0.9, "status": "ok", "t_c": 502, "t_fc": 645, "err_cross": -12, "err_lag": -1, "err_ref": -3, "secs": 0.19}
{"seed": 9310209, "family": "lin", "window_frac": 0.05, "f": 0.95, "status": "ok", "t_c": 543, "t_fc": 652, "err_cross": -5, "err_lag": -1, "err_ref": -3, "secs": 0.18}
{"seed": 9310209, "family": "lin", "window_frac": 0.05, "f": 0.98, "status": "ok", "t_c": 569, "t_fc": 655, "err_cross": -2, "err_lag": -1, "err_ref": -3, "secs": 0.19}
{"seed": 9310209, "family": "lin", "window_frac": 0.1, "f": 0.8, "status": "ok", "t_c": 423, "t_fc": 622, "err_cross": -35, "err_lag": -1, "err_ref": -3, "secs": 0.19}
{"seed": 9310209, "family": "lin", "window_frac": 0.1, "f": 0.9, "status": "ok", "t_c": 502, "t_fc": 645, "err_cross": -12, "err_lag": -1, "err_ref": -3, "secs": 0.18}
{"seed": 9310209, "family": "lin", "window_frac": 0.1, "f": 0.95, "status": "ok", "t_c": 543, "t_fc": 652, "err_cross": -5, "err_lag": -1, "err_ref": -3, "secs": 0.19}
{"seed": 9310209, "family": "lin", "window_frac": 0.1, "f": 0.98, "status": "ok", "t_c": 569, "t_fc": 655, "err_cross": -2, "err_lag": -1, "err_ref": -3, "secs": 0.19}
{"seed": 9310209, "family": "lin", "window_frac": 0.25, "f": 0.8, "status": "ok", "t_c": 423, "t_fc": 622, "err_cross": -35, "err_lag": -1, "err_ref": -3, "secs": 0.18}
{"seed": 9310209, "family": "lin", "window_frac": 0.25, "f": 0.9, "status": "ok", "t_c": 502, "t_fc": 644, "err_cross": -13, "err_lag": -1, "err_ref": -3, "secs": 0.18}
{"seed": 9310209, "family": "lin", "window_frac": 0.25, "f": 0.95, "status": "ok", "t_c": 543, "t_fc": 651, "err_cross": -6, "err_lag": -1, "err_ref": -3, "secs": 0.18}
{"seed": 9310209, "family": "lin", "window_frac": 0.25, "f": 0.98, "status": "ok", "t_c": 569, "t_fc": 654, "err_cross": -3, "err_lag": -1, "err_ref": -3, "secs": 0.19}
{"seed": 9310210, "family": "quad", "window_frac": 0.05, "f": 0.8, "status": "ok", "t_c": 512, "t_fc": 835, "err_cross": 16, "err_lag": -10, "err_ref": -4, "secs": 0.19}
{"seed": 9310210, "family": "quad", "window_frac": 0.05, "f": 0.9, "status": "ok", "t_c": 616, "t_fc": 815, "err_cross": -4, "err_lag": -7, "err_ref": -4, "secs": 0.19}
{"seed": 9310210, "family": "quad", "window_frac": 0.05, "f": 0.95, "status": "ok", "t_c": 670, "t_fc": 814, "err_cross": -5, "err_lag": -6, "err_ref": -4, "secs": 0.2}
{"seed": 9310210, "family": "quad", "window_frac": 0.05, "f": 0.98, "status": "ok", "t_c": 704, "t_fc": 814, "err_cross": -5, "err_lag": -5, "err_ref": -4, "secs": 0.19}
{"seed": 9310210, "family": "quad", "window_frac": 0.1, "f": 0.8, "status": "ok", "t_c": 512, "t_fc": 835, "err_cross": 16, "err_lag": -10, "err_ref": -4, "secs": 0.19}
{"seed": 9310210, "family": "quad", "window_frac": 0.1, "f": 0.9, "status": "ok", "t_c": 616, "t_fc": 815, "err_cross": -4, "err_lag": -7, "err_ref": -4, "secs": 0.19}
{"seed": 9310210, "family": "quad", "window_frac": 0.1, "f": 0.95, "status": "ok", "t_c": 670, "t_fc": 814, "err_cross": -5, "err_lag": -6, "err_ref": -4, "secs": 0.19}
{"seed": 9310210, "family": "quad", "window_frac": 0.1, "f": 0.98, "status": "ok", "t_c": 704, "t_fc": 814, "err_cross": -5, "err_lag": -5, "err_ref": -4, "secs": 0.19}
{"seed": 9310210, "family": "quad", "window_frac": 0.25, "f": 0.8, "status": "ok", "t_c": 512, "t_fc": 840, "err_cross": 21, "err_lag": -11, "err_ref": -4, "secs": 0.19}
{"seed": 9310210, "family": "quad", "window_frac": 0.25, "f": 0.9, "status": "ok", "t_c": 616, "t_fc": 817, "err_cross": -2, "err_lag": -6, "err_ref": -4, "secs": 0.2}
{"seed": 9310210, "family": "quad", "window_frac": 0.25, "f": 0.95, "status": "ok", "t_c": 670, "t_fc": 814, "err_cross": -5, "err_lag": -6, "err_ref": -4, "secs": 0.19}
{"seed": 9310210, "family": "quad", "window_frac": 0.25, "f": 0.98, "status": "ok", "t_c": 704, "t_fc": 814, "err_cross": -5, "err_lag": -5, "err_ref": -4, "secs": 0.19}
{"seed": 9310210, "family": "rate", "window_frac": 0.05, "f": 0.8, "status": "ok", "t_c": 512, "t_fc": 822, "err_cross": 3, "err_lag": -5, "err_ref": -4, "secs": 0.19}
{"seed": 9310210, "family": "rate", "window_frac": 0.05, "f": 0.9, "status": "ok", "t_c": 616, "t_fc": 815, "err_cross": -4, "err_lag": -5, "err_ref": -4, "secs": 0.2}
{"seed": 9310210, "family": "rate", "window_frac": 0.05, "f": 0.95, "status": "ok", "t_c": 670, "t_fc": 815, "err_cross": -4, "err_lag": -4, "err_ref": -4, "secs": 0.19}
{"seed": 9310210, "family": "rate", "window_frac": 0.05, "f": 0.98, "status": "ok", "t_c": 704, "t_fc": 815, "err_cross": -4, "err_lag": -4, "err_ref": -4, "secs": 0.19}
{"seed": 9310210, "family": "rate", "window_frac": 0.1, "f": 0.8, "status": "ok", "t_c": 512, "t_fc": 822, "err_cross": 3, "err_lag": -5, "err_ref": -4, "secs": 0.2}
{"seed": 9310210, "family": "rate", "window_frac": 0.1, "f": 0.9, "status": "ok", "t_c": 616, "t_fc": 815, "err_cross": -4, "err_lag": -5, "err_ref": -4, "secs": 0.19}
{"seed": 9310210, "family": "rate", "window_frac": 0.1, "f": 0.95, "status": "ok", "t_c": 670, "t_fc": 815, "err_cross": -4, "err_lag": -4, "err_ref": -4, "secs": 0.19}
{"seed": 9310210, "family": "rate", "window_frac": 0.1, "f": 0.98, "status": "ok", "t_c": 704, "t_fc": 815, "err_cross": -4, "err_lag": -4, "err_ref": -4, "secs": 0.2}
{"seed": 9310210, "family": "rate", "window_frac": 0.25, "f": 0.8, "status": "ok", "t_c": 512, "t_fc": 823, "err_cross": 4, "err_lag": -6, "err_ref": -4, "secs": 0.19}
{"seed": 9310210, "family": "rate", "window_frac": 0.25, "f": 0.9, "status": "ok", "t_c": 616, "t_fc": 816, "err_cross": -3, "err_lag": -5, "err_ref": -4, "secs": 0.19}
{"seed": 9310210, "family": "rate", "window_frac": 0.25, "f": 0.95, "status": "ok", "t_c": 670, "t_fc": 815, "err_cross": -4, "err_lag": -5, "err_ref": -4, "secs": 0.2}
{"seed": 9310210, "family": "rate", "window_frac": 0.25, "f": 0.98, "status": "ok", "t_c": 704, "t_fc": 815, "err_cross": -4, "err_lag": -4, "err_ref": -4, "secs": 0.19}
{"seed": 9310210, "family": "lin", "window_frac": 0.05, "f": 0.8, "status": "ok", "t_c": 512, "t_fc": 775, "err_cross": -44, "err_lag": -1, "err_ref": -4, "secs": 0.23}
{"seed": 9310210, "family": "lin", "window_frac": 0.05, "f": 0.9, "status": "ok", "t_c": 616, "t_fc": 805, "err_cross": -14, "err_lag": -1, "err_ref": -4, "secs": 0.23}
{"seed": 9310210, "family": "lin", "window_frac": 0.05, "f": 0.95, "status": "ok", "t_c": 670, "t_fc": 813, "err_cross": -6, "err_lag": -2, "err_ref": -4, "secs": 0.19}
{"seed": 9310210, "family": "lin", "window_frac": 0.05, "f": 0.98, "status": "ok", "t_c": 704, "t_fc": 816, "err_cross": -3, "err_lag": -2, "err_ref": -4, "secs": 0.19}
{"seed": 9310210, "family": "lin", "window_frac": 0.1, "f": 0.8, "status": "ok", "t_c": 512, "t_fc": 775, "err_cross": -44, "err_lag": -1, "err_ref": -4, "secs": 0.19}
{"seed": 9310210, "family": "lin", "window_frac": 0.1, "f": 0.9, "status": "ok", "t_c": 616, "t_fc": 805, "err_cross": -14, "err_lag": -1, "err_ref": -4, "secs": 0.2}
{"seed": 9310210, "family": "lin", "window_frac": 0.1, "f": 0.95, "status": "ok", "t_c": 670, "t_fc": 813, "err_cross": -6, "err_lag": -2, "err_ref": -4, "secs": 0.2}
{"seed": 9310210, "family": "lin", "window_frac": 0.1, "f": 0.98, "status": "ok", "t_c": 704, "t_fc": 816, "err_cross": -3, "err_lag": -2, "err_ref": -4, "secs": 0.19}
{"seed": 9310210, "family": "lin", "window_frac": 0.25, "f": 0.8, "status": "ok", "t_c": 512, "t_fc": 772, "err_cross": -47, "err_lag": -1, "err_ref": -4, "secs": 0.19}
{"seed": 9310210, "family": "lin", "window_frac": 0.25, "f": 0.9, "status": "ok", "t_c": 616, "t_fc": 801, "err_cross": -18, "err_lag": -2, "err_ref": -4, "secs": 0.19}
{"seed": 9310210, "family": "lin", "window_frac": 0.25, "f": 0.95, "status": "ok", "t_c": 670, "t_fc": 811, "err_cross": -8, "err_lag": -2, "err_ref": -4, "secs": 0.19}
{"seed": 9310210, "family": "lin", "window_frac": 0.25, "f": 0.98, "status": "ok", "t_c": 704, "t_fc": 815, "err_cross": -4, "err_lag": -2, "err_ref": -4, "secs": 0.2}
{"seed": 9310211, "family": "quad", "window_frac": 0.05, "f": 0.8, "status": "ok", "t_c": 350, "t_fc": 611, "err_cross": 11, "err_lag": -11, "err_ref": -4, "secs": 0.19}
{"seed": 9310211, "family": "quad", "window_frac": 0.05, "f": 0.9, "status": "ok", "t_c": 429, "t_fc": 596, "err_cross": -4, "err_lag": -6, "err_ref": -4, "secs": 0.19}
{"seed": 9310211, "family": "quad", "window_frac": 0.05, "f": 0.95, "status": "ok", "t_c": 471, "t_fc": 595, "err_cross": -5, "err_lag": -5, "err_ref": -4, "secs": 0.19}
{"seed": 9310211, "family": "quad", "window_frac": 0.05, "f": 0.98, "status": "ok", "t_c": 496, "t_fc": 595, "err_cross": -5, "err_lag": -5, "err_ref": -4, "secs": 0.18}
{"seed": 9310211, "family": "quad", "window_frac": 0.1, "f": 0.8, "status": "ok", "t_c": 350, "t_fc": 611, "err_cross": 11, "err_lag": -11, "err_ref": -4, "secs": 0.19}
{"seed": 9310211, "family": "quad", "window_frac": 0.1, "f": 0.9, "status": "ok", "t_c": 429, "t_fc": 596, "err_cross": -4, "err_lag": -6, "err_ref": -4, "secs": 0.19}
{"seed": 9310211, "family": "quad", "window_frac": 0.1, "f": 0.95, "status": "ok", "t_c": 471, "t_fc": 595, "err_cross": -5, "err_lag": -5, "err_ref": -4, "secs": 0.18}
{"seed": 9310211, "family": "quad", "window_frac": 0.1, "f": 0.98, "status": "ok", "t_c": 496, "t_fc": 595, "err_cross": -5, "err_lag": -5, "err_ref": -4, "secs": 0.18}
{"seed": 9310211, "family": "quad", "window_frac": 0.25, "f": 0.8, "status": "ok", "t_c": 350, "t_fc": 611, "err_cross": 11, "err_lag": -11, "err_ref": -4, "secs": 0.19}
{"seed": 9310211, "family": "quad", "window_frac": 0.25, "f": 0.9, "status": "ok", "t_c": 429, "t_fc": 596, "err_cross": -4, "err_lag": -7, "err_ref": -4, "secs": 0.18}
{"seed": 9310211, "family": "quad", "window_frac": 0.25, "f": 0.95, "status": "ok", "t_c": 471, "t_fc": 595, "err_cross": -5, "err_lag": -6, "err_ref": -4, "secs": 0.19}
{"seed": 9310211, "family": "quad", "window_frac": 0.25, "f": 0.98, "status": "ok", "t_c": 496, "t_fc": 595, "err_cross": -5, "err_lag": -5, "err_ref": -4, "secs": 0.19}
{"seed": 9310211, "family": "rate", "window_frac": 0.05, "f": 0.8, "status": "ok", "t_c": 350, "t_fc": 601, "err_cross": 1, "err_lag": -6, "err_ref": -4, "secs": 0.18}
{"seed": 9310211, "family": "rate", "window_frac": 0.05, "f": 0.9, "status": "ok", "t_c": 429, "t_fc": 596, "err_cross": -4, "err_lag": -5, "err_ref": -4, "secs": 0.19}
{"seed": 9310211, "family": "rate", "window_frac": 0.05, "f": 0.95, "status": "ok", "t_c": 471, "t_fc": 596, "err_cross": -4, "err_lag": -4, "err_ref": -4, "secs": 0.19}
{"seed": 9310211, "family": "rate", "window_frac": 0.05, "f": 0.98, "status": "ok", "t_c": 496, "t_fc": 596, "err_cross": -4, "err_lag": -4, "err_ref": -4, "secs": 0.18}
{"seed": 9310211, "family": "rate", "window_frac": 0.1, "f": 0.8, "status": "ok", "t_c": 350, "t_fc": 601, "err_cross": 1, "err_lag": -6, "err_ref": -4, "secs": 0.26}
{"seed": 9310211, "family": "rate", "window_frac": 0.1, "f": 0.9, "status": "ok", "t_c": 429, "t_fc": 596, "err_cross": -4, "err_lag": -5, "err_ref": -4, "secs": 0.18}
{"seed": 9310211, "family": "rate", "window_frac": 0.1, "f": 0.95, "status": "ok", "t_c": 471, "t_fc": 596, "err_cross": -4, "err_lag": -4, "err_ref": -4, "secs": 0.18}
{"seed": 9310211, "family": "rate", "window_frac": 0.1, "f": 0.98, "status": "ok", "t_c": 496, "t_fc": 596, "err_cross": -4, "err_lag": -4, "err_ref": -4, "secs": 0.19}
{"seed": 9310211, "family": "rate", "window_frac": 0.25, "f": 0.8, "status": "ok", "t_c": 350, "t_fc": 601, "err_cross": 1, "err_lag": -6, "err_ref": -4, "secs": 0.18}
{"seed": 9310211, "family": "rate", "window_frac": 0.25, "f": 0.9, "status": "ok", "t_c": 429, "t_fc": 596, "err_cross": -4, "err_lag": -5, "err_ref": -4, "secs": 0.19}
{"seed": 9310211, "family": "rate", "window_frac": 0.25, "f": 0.95, "status": "ok", "t_c": 471, "t_fc": 596, "err_cross": -4, "err_lag": -4, "err_ref": -4, "secs": 0.19}
{"seed": 9310211, "family": "rate", "window_frac": 0.25, "f": 0.98, "status": "ok", "t_c": 496, "t_fc": 595, "err_cross": -5, "err_lag": -5, "err_ref": -4, "secs": 0.18}
{"seed": 9310211, "family": "lin", "window_frac": 0.05, "f": 0.8, "status": "ok", "t_c": 350, "t_fc": 566, "err_cross": -34, "err_lag": 0, "err_ref": -4, "secs": 0.19}
{"seed": 9310211, "family": "lin", "window_frac": 0.05, "f": 0.9, "status": "ok", "t_c": 429, "t_fc": 589, "err_cross": -11, "err_lag": 0, "err_ref": -4, "secs": 0.19}
{"seed": 9310211, "family": "lin", "window_frac": 0.05, "f": 0.95, "status": "ok", "t_c": 471, "t_fc": 595, "err_cross": -5, "err_lag": -1, "err_ref": -4, "secs": 0.18}
{"seed": 9310211, "family": "lin", "window_frac": 0.05, "f": 0.98, "status": "ok", "t_c": 496, "t_fc": 598, "err_cross": -2, "err_lag": -1, "err_ref": -4, "secs": 0.19}
{"seed": 9310211, "family": "lin", "window_frac": 0.1, "f": 0.8, "status": "ok", "t_c": 350, "t_fc": 566, "err_cross": -34, "err_lag": 0, "err_ref": -4, "secs": 0.18}
{"seed": 9310211, "family": "lin", "window_frac": 0.1, "f": 0.9, "status": "ok", "t_c": 429, "t_fc": 589, "err_cross": -11, "err_lag": 0, "err_ref": -4, "secs": 0.18}
{"seed": 9310211, "family": "lin", "window_frac": 0.1, "f": 0.95, "status": "ok", "t_c": 471, "t_fc": 595, "err_cross": -5, "err_lag": -1, "err_ref": -4, "secs": 0.19}
{"seed": 9310211, "family": "lin", "window_frac": 0.1, "f": 0.98, "status": "ok", "t_c": 496, "t_fc": 598, "err_cross": -2, "err_lag": -1, "err_ref": -4, "secs": 0.18}
{"seed": 9310211, "family": "lin", "window_frac": 0.25, "f": 0.8, "status": "ok", "t_c": 350, "t_fc": 565, "err_cross": -35, "err_lag": 0, "err_ref": -4, "secs": 0.19}
{"seed": 9310211, "family": "lin", "window_frac": 0.25, "f": 0.9, "status": "ok", "t_c": 429, "t_fc": 587, "err_cross": -13, "err_lag": -1, "err_ref": -4, "secs": 0.19}
{"seed": 9310211, "family": "lin", "window_frac": 0.25, "f": 0.95, "status": "ok", "t_c": 471, "t_fc": 594, "err_cross": -6, "err_lag": -1, "err_ref": -4, "secs": 0.18}
{"seed": 9310211, "family": "lin", "window_frac": 0.25, "f": 0.98, "status": "ok", "t_c": 496, "t_fc": 597, "err_cross": -3, "err_lag": -1, "err_ref": -4, "secs": 0.19}
{"seed": 9310212, "family": "quad", "window_frac": 0.05, "f": 0.8, "status": "ok", "t_c": 6912, "t_fc": 7176, "err_cross": 14, "err_lag": -9, "err_ref": -4, "secs": 0.2}
{"seed": 9310212, "family": "quad", "window_frac": 0.05, "f": 0.9, "status": "ok", "t_c": 6994, "t_fc": 7158, "err_cross": -4, "err_lag": -6, "err_ref": -4, "secs": 0.19}
{"seed": 9310212, "family": "quad", "window_frac": 0.05, "f": 0.95, "status": "ok", "t_c": 7037, "t_fc": 7157, "err_cross": -5, "err_lag": -5, "err_ref": -4, "secs": 0.2}
{"seed": 9310212, "family": "quad", "window_frac": 0.05, "f": 0.98, "status": "ok", "t_c": 7063, "t_fc": 7157, "err_cross": -5, "err_lag": -5, "err_ref": -4, "secs": 0.19}
{"seed": 9310212, "family": "quad", "window_frac": 0.1, "f": 0.8, "status": "ok", "t_c": 6912, "t_fc": 7176, "err_cross": 14, "err_lag": -9, "err_ref": -4, "secs": 0.19}
{"seed": 9310212, "family": "quad", "window_frac": 0.1, "f": 0.9, "status": "ok", "t_c": 6994, "t_fc": 7158, "err_cross": -4, "err_lag": -6, "err_ref": -4, "secs": 0.19}
{"seed": 9310212, "family": "quad", "window_frac": 0.1, "f": 0.95, "status": "ok", "t_c": 7037, "t_fc": 7157, "err_cross": -5, "err_lag": -5, "err_ref": -4, "secs": 0.19}
{"seed": 9310212, "family": "quad", "window_frac": 0.1, "f": 0.98, "status": "ok", "t_c": 7063, "t_fc": 7157, "err_cross": -5, "err_lag": -5, "err_ref": -4, "secs": 0.19}
{"seed": 9310212, "family": "quad", "window_frac": 0.25, "f": 0.8, "status": "ok", "t_c": 6912, "t_fc": 7177, "err_cross": 15, "err_lag": -9, "err_ref": -4, "secs": 0.22}
{"seed": 9310212, "family": "quad", "window_frac": 0.25, "f": 0.9, "status": "ok", "t_c": 6994, "t_fc": 7159, "err_cross": -3, "err_lag": -6, "err_ref": -4, "secs": 0.19}
{"seed": 9310212, "family": "quad", "window_frac": 0.25, "f": 0.95, "status": "ok", "t_c": 7037, "t_fc": 7157, "err_cross": -5, "err_lag": -5, "err_ref": -4, "secs": 0.19}
{"seed": 9310212, "family": "quad", "window_frac": 0.25, "f": 0.98, "status": "ok", "t_c": 7063, "t_fc": 7157, "err_cross": -5, "err_lag": -5, "err_ref": -4, "secs": 0.19}
{"seed": 9310212, "family": "rate", "window_frac": 0.05, "f": 0.8, "status": "ok", "t_c": 6912, "t_fc": 7164, "err_cross": 2, "err_lag": -5, "err_ref": -4, "secs": 0.19}
{"seed": 9310212, "family": "rate", "window_frac": 0.05, "f": 0.9, "status": "ok", "t_c": 6994, "t_fc": 7158, "err_cross": -4, "err_lag": -5, "err_ref": -4, "secs": 0.19}
{"seed": 9310212, "family": "rate", "window_frac": 0.05, "f": 0.95, "status": "ok", "t_c": 7037, "t_fc": 7158, "err_cross": -4, "err_lag": -4, "err_ref": -4, "secs": 0.2}
{"seed": 9310212, "family": "rate", "window_frac": 0.05, "f": 0.98, "status": "ok", "t_c": 7063, "t_fc": 7158, "err_cross": -4, "err_lag": -4, "err_ref": -4, "secs": 0.2}
{"seed": 9310212, "family": "rate", "window_frac": 0.1, "f": 0.8, "status": "ok", "t_c": 6912, "t_fc": 7164, "err_cross": 2, "err_lag": -5, "err_ref": -4, "secs": 0.19}
{"seed": 9310212, "family": "rate", "window_frac": 0.1, "f": 0.9, "status": "ok", "t_c": 6994, "t_fc": 7158, "err_cross": -4, "err_lag": -5, "err_ref": -4, "secs": 0.19}
{"seed": 9310212, "family": "rate", "window_frac": 0.1, "f": 0.95, "status": "ok", "t_c": 7037, "t_fc": 7158, "err_cross": -4, "err_lag": -4, "err_ref": -4, "secs": 0.19}
{"seed": 9310212, "family": "rate", "window_frac": 0.1, "f": 0.98, "status": "ok", "t_c": 7063, "t_fc": 7158, "err_cross": -4, "err_lag": -4, "err_ref": -4, "secs": 0.19}
{"seed": 9310212, "family": "rate", "window_frac": 0.25, "f": 0.8, "status": "ok", "t_c": 6912, "t_fc": 7164, "err_cross": 2, "err_lag": -5, "err_ref": -4, "secs": 0.19}
{"seed": 9310212, "family": "rate", "window_frac": 0.25, "f": 0.9, "status": "ok", "t_c": 6994, "t_fc": 7159, "err_cross": -3, "err_lag": -4, "err_ref": -4, "secs": 0.19}
{"seed": 9310212, "family": "rate", "window_frac": 0.25, "f": 0.95, "status": "ok", "t_c": 7037, "t_fc": 7158, "err_cross": -4, "err_lag": -4, "err_ref": -4, "secs": 0.19}
{"seed": 9310212, "family": "rate", "window_frac": 0.25, "f": 0.98, "status": "ok", "t_c": 7063, "t_fc": 7158, "err_cross": -4, "err_lag": -4, "err_ref": -4, "secs": 0.19}
{"seed": 9310212, "family": "lin", "window_frac": 0.05, "f": 0.8, "status": "ok", "t_c": 6912, "t_fc": 7125, "err_cross": -37, "err_lag": -1, "err_ref": -4, "secs": 0.19}
{"seed": 9310212, "family": "lin", "window_frac": 0.05, "f": 0.9, "status": "ok", "t_c": 6994, "t_fc": 7149, "err_cross": -13, "err_lag": -2, "err_ref": -4, "secs": 0.19}
{"seed": 9310212, "family": "lin", "window_frac": 0.05, "f": 0.95, "status": "ok", "t_c": 7037, "t_fc": 7156, "err_cross": -6, "err_lag": -2, "err_ref": -4, "secs": 0.19}
{"seed": 9310212, "family": "lin", "window_frac": 0.05, "f": 0.98, "status": "ok", "t_c": 7063, "t_fc": 7159, "err_cross": -3, "err_lag": -2, "err_ref": -4, "secs": 0.19}
{"seed": 9310212, "family": "lin", "window_frac": 0.1, "f": 0.8, "status": "ok", "t_c": 6912, "t_fc": 7125, "err_cross": -37, "err_lag": -1, "err_ref": -4, "secs": 0.19}
{"seed": 9310212, "family": "lin", "window_frac": 0.1, "f": 0.9, "status": "ok", "t_c": 6994, "t_fc": 7149, "err_cross": -13, "err_lag": -2, "err_ref": -4, "secs": 0.19}
{"seed": 9310212, "family": "lin", "window_frac": 0.1, "f": 0.95, "status": "ok", "t_c": 7037, "t_fc": 7156, "err_cross": -6, "err_lag": -2, "err_ref": -4, "secs": 0.19}
{"seed": 9310212, "family": "lin", "window_frac": 0.1, "f": 0.98, "status": "ok", "t_c": 7063, "t_fc": 7159, "err_cross": -3, "err_lag": -2, "err_ref": -4, "secs": 0.19}
{"seed": 9310212, "family": "lin", "window_frac": 0.25, "f": 0.8, "status": "ok", "t_c": 6912, "t_fc": 7124, "err_cross": -38, "err_lag": -2, "err_ref": -4, "secs": 0.19}
{"seed": 9310212, "family": "lin", "window_frac": 0.25, "f": 0.9, "status": "ok", "t_c": 6994, "t_fc": 7147, "err_cross": -15, "err_lag": -2, "err_ref": -4, "secs": 0.19}
{"seed": 9310212, "family": "lin", "window_frac": 0.25, "f": 0.95, "status": "ok", "t_c": 7037, "t_fc": 7155, "err_cross": -7, "err_lag": -2, "err_ref": -4, "secs": 0.19}
{"seed": 9310212, "family": "lin", "window_frac": 0.25, "f": 0.98, "status": "ok", "t_c": 7063, "t_fc": 7158, "err_cross": -4, "err_lag": -2, "err_ref": -4, "secs": 0.19}
{"seed": 9310213, "family": "quad", "window_frac": 0.05, "f": 0.8, "status": "no cutoff: s never reaches f\u00b7s_ref in the saved path", "t_c": null, "t_fc": null, "err_cross": null, "err_lag": null, "err_ref": null, "secs": 0.0}
{"seed": 9310213, "family": "quad", "window_frac": 0.05, "f": 0.9, "status": "no cutoff: s never reaches f\u00b7s_ref in the saved path", "t_c": null, "t_fc": null, "err_cross": null, "err_lag": null, "err_ref": null, "secs": 0.0}
{"seed": 9310213, "family": "quad", "window_frac": 0.05, "f": 0.95, "status": "no cutoff: s never reaches f\u00b7s_ref in the saved path", "t_c": null, "t_fc": null, "err_cross": null, "err_lag": null, "err_ref": null, "secs": 0.0}
{"seed": 9310213, "family": "quad", "window_frac": 0.05, "f": 0.98, "status": "no cutoff: s never reaches f\u00b7s_ref in the saved path", "t_c": null, "t_fc": null, "err_cross": null, "err_lag": null, "err_ref": null, "secs": 0.0}
{"seed": 9310213, "family": "quad", "window_frac": 0.1, "f": 0.8, "status": "no cutoff: s never reaches f\u00b7s_ref in the saved path", "t_c": null, "t_fc": null, "err_cross": null, "err_lag": null, "err_ref": null, "secs": 0.0}
{"seed": 9310213, "family": "quad", "window_frac": 0.1, "f": 0.9, "status": "no cutoff: s never reaches f\u00b7s_ref in the saved path", "t_c": null, "t_fc": null, "err_cross": null, "err_lag": null, "err_ref": null, "secs": 0.0}
{"seed": 9310213, "family": "quad", "window_frac": 0.1, "f": 0.95, "status": "no cutoff: s never reaches f\u00b7s_ref in the saved path", "t_c": null, "t_fc": null, "err_cross": null, "err_lag": null, "err_ref": null, "secs": 0.0}
{"seed": 9310213, "family": "quad", "window_frac": 0.1, "f": 0.98, "status": "no cutoff: s never reaches f\u00b7s_ref in the saved path", "t_c": null, "t_fc": null, "err_cross": null, "err_lag": null, "err_ref": null, "secs": 0.0}
{"seed": 9310213, "family": "quad", "window_frac": 0.25, "f": 0.8, "status": "no cutoff: s never reaches f\u00b7s_ref in the saved path", "t_c": null, "t_fc": null, "err_cross": null, "err_lag": null, "err_ref": null, "secs": 0.0}
{"seed": 9310213, "family": "quad", "window_frac": 0.25, "f": 0.9, "status": "no cutoff: s never reaches f\u00b7s_ref in the saved path", "t_c": null, "t_fc": null, "err_cross": null, "err_lag": null, "err_ref": null, "secs": 0.0}
{"seed": 9310213, "family": "quad", "window_frac": 0.25, "f": 0.95, "status": "no cutoff: s never reaches f\u00b7s_ref in the saved path", "t_c": null, "t_fc": null, "err_cross": null, "err_lag": null, "err_ref": null, "secs": 0.0}
{"seed": 9310213, "family": "quad", "window_frac": 0.25, "f": 0.98, "status": "no cutoff: s never reaches f\u00b7s_ref in the saved path", "t_c": null, "t_fc": null, "err_cross": null, "err_lag": null, "err_ref": null, "secs": 0.0}
{"seed": 9310213, "family": "rate", "window_frac": 0.05, "f": 0.8, "status": "no cutoff: s never reaches f\u00b7s_ref in the saved path", "t_c": null, "t_fc": null, "err_cross": null, "err_lag": null, "err_ref": null, "secs": 0.0}
{"seed": 9310213, "family": "rate", "window_frac": 0.05, "f": 0.9, "status": "no cutoff: s never reaches f\u00b7s_ref in the saved path", "t_c": null, "t_fc": null, "err_cross": null, "err_lag": null, "err_ref": null, "secs": 0.0}
{"seed": 9310213, "family": "rate", "window_frac": 0.05, "f": 0.95, "status": "no cutoff: s never reaches f\u00b7s_ref in the saved path", "t_c": null, "t_fc": null, "err_cross": null, "err_lag": null, "err_ref": null, "secs": 0.0}
{"seed": 9310213, "family": "rate", "window_frac": 0.05, "f": 0.98, "status": "no cutoff: s never reaches f\u00b7s_ref in the saved path", "t_c": null, "t_fc": null, "err_cross": null, "err_lag": null, "err_ref": null, "secs": 0.0}
{"seed": 9310213, "family": "rate", "window_frac": 0.1, "f": 0.8, "status": "no cutoff: s never reaches f\u00b7s_ref in the saved path", "t_c": null, "t_fc": null, "err_cross": null, "err_lag": null, "err_ref": null, "secs": 0.0}
{"seed": 9310213, "family": "rate", "window_frac": 0.1, "f": 0.9, "status": "no cutoff: s never reaches f\u00b7s_ref in the saved path", "t_c": null, "t_fc": null, "err_cross": null, "err_lag": null, "err_ref": null, "secs": 0.0}
{"seed": 9310213, "family": "rate", "window_frac": 0.1, "f": 0.95, "status": "no cutoff: s never reaches f\u00b7s_ref in the saved path", "t_c": null, "t_fc": null, "err_cross": null, "err_lag": null, "err_ref": null, "secs": 0.0}
{"seed": 9310213, "family": "rate", "window_frac": 0.1, "f": 0.98, "status": "no cutoff: s never reaches f\u00b7s_ref in the saved path", "t_c": null, "t_fc": null, "err_cross": null, "err_lag": null, "err_ref": null, "secs": 0.0}
{"seed": 9310213, "family": "rate", "window_frac": 0.25, "f": 0.8, "status": "no cutoff: s never reaches f\u00b7s_ref in the saved path", "t_c": null, "t_fc": null, "err_cross": null, "err_lag": null, "err_ref": null, "secs": 0.0}
{"seed": 9310213, "family": "rate", "window_frac": 0.25, "f": 0.9, "status": "no cutoff: s never reaches f\u00b7s_ref in the saved path", "t_c": null, "t_fc": null, "err_cross": null, "err_lag": null, "err_ref": null, "secs": 0.0}
{"seed": 9310213, "family": "rate", "window_frac": 0.25, "f": 0.95, "status": "no cutoff: s never reaches f\u00b7s_ref in the saved path", "t_c": null, "t_fc": null, "err_cross": null, "err_lag": null, "err_ref": null, "secs": 0.0}
{"seed": 9310213, "family": "rate", "window_frac": 0.25, "f": 0.98, "status": "no cutoff: s never reaches f\u00b7s_ref in the saved path", "t_c": null, "t_fc": null, "err_cross": null, "err_lag": null, "err_ref": null, "secs": 0.0}
{"seed": 9310213, "family": "lin", "window_frac": 0.05, "f": 0.8, "status": "no cutoff: s never reaches f\u00b7s_ref in the saved path", "t_c": null, "t_fc": null, "err_cross": null, "err_lag": null, "err_ref": null, "secs": 0.0}
{"seed": 9310213, "family": "lin", "window_frac": 0.05, "f": 0.9, "status": "no cutoff: s never reaches f\u00b7s_ref in the saved path", "t_c": null, "t_fc": null, "err_cross": null, "err_lag": null, "err_ref": null, "secs": 0.0}
{"seed": 9310213, "family": "lin", "window_frac": 0.05, "f": 0.95, "status": "no cutoff: s never reaches f\u00b7s_ref in the saved path", "t_c": null, "t_fc": null, "err_cross": null, "err_lag": null, "err_ref": null, "secs": 0.0}
{"seed": 9310213, "family": "lin", "window_frac": 0.05, "f": 0.98, "status": "no cutoff: s never reaches f\u00b7s_ref in the saved path", "t_c": null, "t_fc": null, "err_cross": null, "err_lag": null, "err_ref": null, "secs": 0.0}
{"seed": 9310213, "family": "lin", "window_frac": 0.1, "f": 0.8, "status": "no cutoff: s never reaches f\u00b7s_ref in the saved path", "t_c": null, "t_fc": null, "err_cross": null, "err_lag": null, "err_ref": null, "secs": 0.0}
{"seed": 9310213, "family": "lin", "window_frac": 0.1, "f": 0.9, "status": "no cutoff: s never reaches f\u00b7s_ref in the saved path", "t_c": null, "t_fc": null, "err_cross": null, "err_lag": null, "err_ref": null, "secs": 0.0}
{"seed": 9310213, "family": "lin", "window_frac": 0.1, "f": 0.95, "status": "no cutoff: s never reaches f\u00b7s_ref in the saved path", "t_c": null, "t_fc": null, "err_cross": null, "err_lag": null, "err_ref": null, "secs": 0.0}
{"seed": 9310213, "family": "lin", "window_frac": 0.1, "f": 0.98, "status": "no cutoff: s never reaches f\u00b7s_ref in the saved path", "t_c": null, "t_fc": null, "err_cross": null, "err_lag": null, "err_ref": null, "secs": 0.0}
{"seed": 9310213, "family": "lin", "window_frac": 0.25, "f": 0.8, "status": "no cutoff: s never reaches f\u00b7s_ref in the saved path", "t_c": null, "t_fc": null, "err_cross": null, "err_lag": null, "err_ref": null, "secs": 0.0}
{"seed": 9310213, "family": "lin", "window_frac": 0.25, "f": 0.9, "status": "no cutoff: s never reaches f\u00b7s_ref in the saved path", "t_c": null, "t_fc": null, "err_cross": null, "err_lag": null, "err_ref": null, "secs": 0.0}
{"seed": 9310213, "family": "lin", "window_frac": 0.25, "f": 0.95, "status": "no cutoff: s never reaches f\u00b7s_ref in the saved path", "t_c": null, "t_fc": null, "err_cross": null, "err_lag": null, "err_ref": null, "secs": 0.0}
{"seed": 9310213, "family": "lin", "window_frac": 0.25, "f": 0.98, "status": "no cutoff: s never reaches f\u00b7s_ref in the saved path", "t_c": null, "t_fc": null, "err_cross": null, "err_lag": null, "err_ref": null, "secs": 0.0}
{"seed": 9310214, "family": "quad", "window_frac": 0.05, "f": 0.8, "status": "ok", "t_c": 403, "t_fc": 666, "err_cross": 14, "err_lag": -9, "err_ref": -1, "secs": 0.19}
{"seed": 9310214, "family": "quad", "window_frac": 0.05, "f": 0.9, "status": "ok", "t_c": 484, "t_fc": 651, "err_cross": -1, "err_lag": -4, "err_ref": -1, "secs": 0.18}
{"seed": 9310214, "family": "quad", "window_frac": 0.05, "f": 0.95, "status": "ok", "t_c": 526, "t_fc": 650, "err_cross": -2, "err_lag": -3, "err_ref": -1, "secs": 0.19}
{"seed": 9310214, "family": "quad", "window_frac": 0.05, "f": 0.98, "status": "ok", "t_c": 552, "t_fc": 651, "err_cross": -1, "err_lag": -2, "err_ref": -1, "secs": 0.18}
{"seed": 9310214, "family": "quad", "window_frac": 0.1, "f": 0.8, "status": "ok", "t_c": 403, "t_fc": 666, "err_cross": 14, "err_lag": -9, "err_ref": -1, "secs": 0.19}
{"seed": 9310214, "family": "quad", "window_frac": 0.1, "f": 0.9, "status": "ok", "t_c": 484, "t_fc": 651, "err_cross": -1, "err_lag": -4, "err_ref": -1, "secs": 0.19}
{"seed": 9310214, "family": "quad", "window_frac": 0.1, "f": 0.95, "status": "ok", "t_c": 526, "t_fc": 650, "err_cross": -2, "err_lag": -3, "err_ref": -1, "secs": 0.19}
{"seed": 9310214, "family": "quad", "window_frac": 0.1, "f": 0.98, "status": "ok", "t_c": 552, "t_fc": 651, "err_cross": -1, "err_lag": -2, "err_ref": -1, "secs": 0.19}
{"seed": 9310214, "family": "quad", "window_frac": 0.25, "f": 0.8, "status": "ok", "t_c": 403, "t_fc": 667, "err_cross": 15, "err_lag": -9, "err_ref": -1, "secs": 0.19}
{"seed": 9310214, "family": "quad", "window_frac": 0.25, "f": 0.9, "status": "ok", "t_c": 484, "t_fc": 652, "err_cross": 0, "err_lag": -4, "err_ref": -1, "secs": 0.19}
{"seed": 9310214, "family": "quad", "window_frac": 0.25, "f": 0.95, "status": "ok", "t_c": 526, "t_fc": 650, "err_cross": -2, "err_lag": -3, "err_ref": -1, "secs": 0.19}
{"seed": 9310214, "family": "quad", "window_frac": 0.25, "f": 0.98, "status": "ok", "t_c": 552, "t_fc": 650, "err_cross": -2, "err_lag": -3, "err_ref": -1, "secs": 0.19}
{"seed": 9310214, "family": "rate", "window_frac": 0.05, "f": 0.8, "status": "ok", "t_c": 403, "t_fc": 657, "err_cross": 5, "err_lag": -2, "err_ref": -1, "secs": 0.19}
{"seed": 9310214, "family": "rate", "window_frac": 0.05, "f": 0.9, "status": "ok", "t_c": 484, "t_fc": 651, "err_cross": -1, "err_lag": -2, "err_ref": -1, "secs": 0.19}
{"seed": 9310214, "family": "rate", "window_frac": 0.05, "f": 0.95, "status": "ok", "t_c": 526, "t_fc": 651, "err_cross": -1, "err_lag": -2, "err_ref": -1, "secs": 0.19}
{"seed": 9310214, "family": "rate", "window_frac": 0.05, "f": 0.98, "status": "ok", "t_c": 552, "t_fc": 651, "err_cross": -1, "err_lag": -2, "err_ref": -1, "secs": 0.19}
{"seed": 9310214, "family": "rate", "window_frac": 0.1, "f": 0.8, "status": "ok", "t_c": 403, "t_fc": 657, "err_cross": 5, "err_lag": -2, "err_ref": -1, "secs": 0.19}
{"seed": 9310214, "family": "rate", "window_frac": 0.1, "f": 0.9, "status": "ok", "t_c": 484, "t_fc": 651, "err_cross": -1, "err_lag": -2, "err_ref": -1, "secs": 0.19}
{"seed": 9310214, "family": "rate", "window_frac": 0.1, "f": 0.95, "status": "ok", "t_c": 526, "t_fc": 651, "err_cross": -1, "err_lag": -2, "err_ref": -1, "secs": 0.18}
{"seed": 9310214, "family": "rate", "window_frac": 0.1, "f": 0.98, "status": "ok", "t_c": 552, "t_fc": 651, "err_cross": -1, "err_lag": -2, "err_ref": -1, "secs": 0.19}
{"seed": 9310214, "family": "rate", "window_frac": 0.25, "f": 0.8, "status": "ok", "t_c": 403, "t_fc": 657, "err_cross": 5, "err_lag": -3, "err_ref": -1, "secs": 0.19}
{"seed": 9310214, "family": "rate", "window_frac": 0.25, "f": 0.9, "status": "ok", "t_c": 484, "t_fc": 652, "err_cross": 0, "err_lag": -2, "err_ref": -1, "secs": 0.19}
{"seed": 9310214, "family": "rate", "window_frac": 0.25, "f": 0.95, "status": "ok", "t_c": 526, "t_fc": 651, "err_cross": -1, "err_lag": -2, "err_ref": -1, "secs": 0.19}
{"seed": 9310214, "family": "rate", "window_frac": 0.25, "f": 0.98, "status": "ok", "t_c": 552, "t_fc": 651, "err_cross": -1, "err_lag": -2, "err_ref": -1, "secs": 0.18}
{"seed": 9310214, "family": "lin", "window_frac": 0.05, "f": 0.8, "status": "ok", "t_c": 403, "t_fc": 623, "err_cross": -29, "err_lag": 5, "err_ref": -1, "secs": 0.19}
{"seed": 9310214, "family": "lin", "window_frac": 0.05, "f": 0.9, "status": "ok", "t_c": 484, "t_fc": 645, "err_cross": -7, "err_lag": 3, "err_ref": -1, "secs": 0.18}
{"seed": 9310214, "family": "lin", "window_frac": 0.05, "f": 0.95, "status": "ok", "t_c": 526, "t_fc": 652, "err_cross": 0, "err_lag": 3, "err_ref": -1, "secs": 0.19}
{"seed": 9310214, "family": "lin", "window_frac": 0.05, "f": 0.98, "status": "ok", "t_c": 552, "t_fc": 654, "err_cross": 2, "err_lag": 3, "err_ref": -1, "secs": 0.19}
{"seed": 9310214, "family": "lin", "window_frac": 0.1, "f": 0.8, "status": "ok", "t_c": 403, "t_fc": 623, "err_cross": -29, "err_lag": 5, "err_ref": -1, "secs": 0.19}
{"seed": 9310214, "family": "lin", "window_frac": 0.1, "f": 0.9, "status": "ok", "t_c": 484, "t_fc": 645, "err_cross": -7, "err_lag": 3, "err_ref": -1, "secs": 0.19}
{"seed": 9310214, "family": "lin", "window_frac": 0.1, "f": 0.95, "status": "ok", "t_c": 526, "t_fc": 652, "err_cross": 0, "err_lag": 3, "err_ref": -1, "secs": 0.18}
{"seed": 9310214, "family": "lin", "window_frac": 0.1, "f": 0.98, "status": "ok", "t_c": 552, "t_fc": 654, "err_cross": 2, "err_lag": 3, "err_ref": -1, "secs": 0.19}
{"seed": 9310214, "family": "lin", "window_frac": 0.25, "f": 0.8, "status": "ok", "t_c": 403, "t_fc": 622, "err_cross": -30, "err_lag": 5, "err_ref": -1, "secs": 0.19}
{"seed": 9310214, "family": "lin", "window_frac": 0.25, "f": 0.9, "status": "ok", "t_c": 484, "t_fc": 644, "err_cross": -8, "err_lag": 4, "err_ref": -1, "secs": 0.19}
{"seed": 9310214, "family": "lin", "window_frac": 0.25, "f": 0.95, "status": "ok", "t_c": 526, "t_fc": 650, "err_cross": -2, "err_lag": 3, "err_ref": -1, "secs": 0.19}
{"seed": 9310214, "family": "lin", "window_frac": 0.25, "f": 0.98, "status": "ok", "t_c": 552, "t_fc": 653, "err_cross": 1, "err_lag": 2, "err_ref": -1, "secs": 0.18}
{"seed": 9310215, "family": "quad", "window_frac": 0.05, "f": 0.8, "status": "no cutoff: s never reaches f\u00b7s_ref in the saved path", "t_c": null, "t_fc": null, "err_cross": null, "err_lag": null, "err_ref": null, "secs": 0.0}
{"seed": 9310215, "family": "quad", "window_frac": 0.05, "f": 0.9, "status": "no cutoff: s never reaches f\u00b7s_ref in the saved path", "t_c": null, "t_fc": null, "err_cross": null, "err_lag": null, "err_ref": null, "secs": 0.0}
{"seed": 9310215, "family": "quad", "window_frac": 0.05, "f": 0.95, "status": "no cutoff: s never reaches f\u00b7s_ref in the saved path", "t_c": null, "t_fc": null, "err_cross": null, "err_lag": null, "err_ref": null, "secs": 0.0}
{"seed": 9310215, "family": "quad", "window_frac": 0.05, "f": 0.98, "status": "no cutoff: s never reaches f\u00b7s_ref in the saved path", "t_c": null, "t_fc": null, "err_cross": null, "err_lag": null, "err_ref": null, "secs": 0.0}
{"seed": 9310215, "family": "quad", "window_frac": 0.1, "f": 0.8, "status": "no cutoff: s never reaches f\u00b7s_ref in the saved path", "t_c": null, "t_fc": null, "err_cross": null, "err_lag": null, "err_ref": null, "secs": 0.0}
{"seed": 9310215, "family": "quad", "window_frac": 0.1, "f": 0.9, "status": "no cutoff: s never reaches f\u00b7s_ref in the saved path", "t_c": null, "t_fc": null, "err_cross": null, "err_lag": null, "err_ref": null, "secs": 0.0}
{"seed": 9310215, "family": "quad", "window_frac": 0.1, "f": 0.95, "status": "no cutoff: s never reaches f\u00b7s_ref in the saved path", "t_c": null, "t_fc": null, "err_cross": null, "err_lag": null, "err_ref": null, "secs": 0.0}
{"seed": 9310215, "family": "quad", "window_frac": 0.1, "f": 0.98, "status": "no cutoff: s never reaches f\u00b7s_ref in the saved path", "t_c": null, "t_fc": null, "err_cross": null, "err_lag": null, "err_ref": null, "secs": 0.0}
{"seed": 9310215, "family": "quad", "window_frac": 0.25, "f": 0.8, "status": "no cutoff: s never reaches f\u00b7s_ref in the saved path", "t_c": null, "t_fc": null, "err_cross": null, "err_lag": null, "err_ref": null, "secs": 0.0}
{"seed": 9310215, "family": "quad", "window_frac": 0.25, "f": 0.9, "status": "no cutoff: s never reaches f\u00b7s_ref in the saved path", "t_c": null, "t_fc": null, "err_cross": null, "err_lag": null, "err_ref": null, "secs": 0.0}
{"seed": 9310215, "family": "quad", "window_frac": 0.25, "f": 0.95, "status": "no cutoff: s never reaches f\u00b7s_ref in the saved path", "t_c": null, "t_fc": null, "err_cross": null, "err_lag": null, "err_ref": null, "secs": 0.0}
{"seed": 9310215, "family": "quad", "window_frac": 0.25, "f": 0.98, "status": "no cutoff: s never reaches f\u00b7s_ref in the saved path", "t_c": null, "t_fc": null, "err_cross": null, "err_lag": null, "err_ref": null, "secs": 0.0}
{"seed": 9310215, "family": "rate", "window_frac": 0.05, "f": 0.8, "status": "no cutoff: s never reaches f\u00b7s_ref in the saved path", "t_c": null, "t_fc": null, "err_cross": null, "err_lag": null, "err_ref": null, "secs": 0.0}
{"seed": 9310215, "family": "rate", "window_frac": 0.05, "f": 0.9, "status": "no cutoff: s never reaches f\u00b7s_ref in the saved path", "t_c": null, "t_fc": null, "err_cross": null, "err_lag": null, "err_ref": null, "secs": 0.0}
{"seed": 9310215, "family": "rate", "window_frac": 0.05, "f": 0.95, "status": "no cutoff: s never reaches f\u00b7s_ref in the saved path", "t_c": null, "t_fc": null, "err_cross": null, "err_lag": null, "err_ref": null, "secs": 0.0}
{"seed": 9310215, "family": "rate", "window_frac": 0.05, "f": 0.98, "status": "no cutoff: s never reaches f\u00b7s_ref in the saved path", "t_c": null, "t_fc": null, "err_cross": null, "err_lag": null, "err_ref": null, "secs": 0.0}
{"seed": 9310215, "family": "rate", "window_frac": 0.1, "f": 0.8, "status": "no cutoff: s never reaches f\u00b7s_ref in the saved path", "t_c": null, "t_fc": null, "err_cross": null, "err_lag": null, "err_ref": null, "secs": 0.0}
{"seed": 9310215, "family": "rate", "window_frac": 0.1, "f": 0.9, "status": "no cutoff: s never reaches f\u00b7s_ref in the saved path", "t_c": null, "t_fc": null, "err_cross": null, "err_lag": null, "err_ref": null, "secs": 0.0}
{"seed": 9310215, "family": "rate", "window_frac": 0.1, "f": 0.95, "status": "no cutoff: s never reaches f\u00b7s_ref in the saved path", "t_c": null, "t_fc": null, "err_cross": null, "err_lag": null, "err_ref": null, "secs": 0.0}
{"seed": 9310215, "family": "rate", "window_frac": 0.1, "f": 0.98, "status": "no cutoff: s never reaches f\u00b7s_ref in the saved path", "t_c": null, "t_fc": null, "err_cross": null, "err_lag": null, "err_ref": null, "secs": 0.0}
{"seed": 9310215, "family": "rate", "window_frac": 0.25, "f": 0.8, "status": "no cutoff: s never reaches f\u00b7s_ref in the saved path", "t_c": null, "t_fc": null, "err_cross": null, "err_lag": null, "err_ref": null, "secs": 0.0}
{"seed": 9310215, "family": "rate", "window_frac": 0.25, "f": 0.9, "status": "no cutoff: s never reaches f\u00b7s_ref in the saved path", "t_c": null, "t_fc": null, "err_cross": null, "err_lag": null, "err_ref": null, "secs": 0.0}
{"seed": 9310215, "family": "rate", "window_frac": 0.25, "f": 0.95, "status": "no cutoff: s never reaches f\u00b7s_ref in the saved path", "t_c": null, "t_fc": null, "err_cross": null, "err_lag": null, "err_ref": null, "secs": 0.0}
{"seed": 9310215, "family": "rate", "window_frac": 0.25, "f": 0.98, "status": "no cutoff: s never reaches f\u00b7s_ref in the saved path", "t_c": null, "t_fc": null, "err_cross": null, "err_lag": null, "err_ref": null, "secs": 0.0}
{"seed": 9310215, "family": "lin", "window_frac": 0.05, "f": 0.8, "status": "no cutoff: s never reaches f\u00b7s_ref in the saved path", "t_c": null, "t_fc": null, "err_cross": null, "err_lag": null, "err_ref": null, "secs": 0.0}
{"seed": 9310215, "family": "lin", "window_frac": 0.05, "f": 0.9, "status": "no cutoff: s never reaches f\u00b7s_ref in the saved path", "t_c": null, "t_fc": null, "err_cross": null, "err_lag": null, "err_ref": null, "secs": 0.0}
{"seed": 9310215, "family": "lin", "window_frac": 0.05, "f": 0.95, "status": "no cutoff: s never reaches f\u00b7s_ref in the saved path", "t_c": null, "t_fc": null, "err_cross": null, "err_lag": null, "err_ref": null, "secs": 0.0}
{"seed": 9310215, "family": "lin", "window_frac": 0.05, "f": 0.98, "status": "no cutoff: s never reaches f\u00b7s_ref in the saved path", "t_c": null, "t_fc": null, "err_cross": null, "err_lag": null, "err_ref": null, "secs": 0.0}
{"seed": 9310215, "family": "lin", "window_frac": 0.1, "f": 0.8, "status": "no cutoff: s never reaches f\u00b7s_ref in the saved path", "t_c": null, "t_fc": null, "err_cross": null, "err_lag": null, "err_ref": null, "secs": 0.0}
{"seed": 9310215, "family": "lin", "window_frac": 0.1, "f": 0.9, "status": "no cutoff: s never reaches f\u00b7s_ref in the saved path", "t_c": null, "t_fc": null, "err_cross": null, "err_lag": null, "err_ref": null, "secs": 0.0}
{"seed": 9310215, "family": "lin", "window_frac": 0.1, "f": 0.95, "status": "no cutoff: s never reaches f\u00b7s_ref in the saved path", "t_c": null, "t_fc": null, "err_cross": null, "err_lag": null, "err_ref": null, "secs": 0.0}
{"seed": 9310215, "family": "lin", "window_frac": 0.1, "f": 0.98, "status": "no cutoff: s never reaches f\u00b7s_ref in the saved path", "t_c": null, "t_fc": null, "err_cross": null, "err_lag": null, "err_ref": null, "secs": 0.0}
{"seed": 9310215, "family": "lin", "window_frac": 0.25, "f": 0.8, "status": "no cutoff: s never reaches f\u00b7s_ref in the saved path", "t_c": null, "t_fc": null, "err_cross": null, "err_lag": null, "err_ref": null, "secs": 0.0}
{"seed": 9310215, "family": "lin", "window_frac": 0.25, "f": 0.9, "status": "no cutoff: s never reaches f\u00b7s_ref in the saved path", "t_c": null, "t_fc": null, "err_cross": null, "err_lag": null, "err_ref": null, "secs": 0.0}
{"seed": 9310215, "family": "lin", "window_frac": 0.25, "f": 0.95, "status": "no cutoff: s never reaches f\u00b7s_ref in the saved path", "t_c": null, "t_fc": null, "err_cross": null, "err_lag": null, "err_ref": null, "secs": 0.0}
{"seed": 9310215, "family": "lin", "window_frac": 0.25, "f": 0.98, "status": "no cutoff: s never reaches f\u00b7s_ref in the saved path", "t_c": null, "t_fc": null, "err_cross": null, "err_lag": null, "err_ref": null, "secs": 0.0}
{"seed": 9310216, "family": "quad", "window_frac": 0.05, "f": 0.8, "status": "ok", "t_c": 576, "t_fc": 840, "err_cross": 13, "err_lag": -8, "err_ref": -4, "secs": 0.19}
{"seed": 9310216, "family": "quad", "window_frac": 0.05, "f": 0.9, "status": "ok", "t_c": 659, "t_fc": 824, "err_cross": -3, "err_lag": -5, "err_ref": -4, "secs": 0.18}
{"seed": 9310216, "family": "quad", "window_frac": 0.05, "f": 0.95, "status": "ok", "t_c": 703, "t_fc": 823, "err_cross": -4, "err_lag": -4, "err_ref": -4, "secs": 0.19}
{"seed": 9310216, "family": "quad", "window_frac": 0.05, "f": 0.98, "status": "ok", "t_c": 730, "t_fc": 823, "err_cross": -4, "err_lag": -4, "err_ref": -4, "secs": 0.19}
{"seed": 9310216, "family": "quad", "window_frac": 0.1, "f": 0.8, "status": "ok", "t_c": 576, "t_fc": 840, "err_cross": 13, "err_lag": -8, "err_ref": -4, "secs": 0.18}
{"seed": 9310216, "family": "quad", "window_frac": 0.1, "f": 0.9, "status": "ok", "t_c": 659, "t_fc": 824, "err_cross": -3, "err_lag": -5, "err_ref": -4, "secs": 0.19}
{"seed": 9310216, "family": "quad", "window_frac": 0.1, "f": 0.95, "status": "ok", "t_c": 703, "t_fc": 823, "err_cross": -4, "err_lag": -4, "err_ref": -4, "secs": 0.18}
{"seed": 9310216, "family": "quad", "window_frac": 0.1, "f": 0.98, "status": "ok", "t_c": 730, "t_fc": 823, "err_cross": -4, "err_lag": -4, "err_ref": -4, "secs": 0.19}
{"seed": 9310216, "family": "quad", "window_frac": 0.25, "f": 0.8, "status": "ok", "t_c": 576, "t_fc": 841, "err_cross": 14, "err_lag": -9, "err_ref": -4, "secs": 0.18}
{"seed": 9310216, "family": "quad", "window_frac": 0.25, "f": 0.9, "status": "ok", "t_c": 659, "t_fc": 824, "err_cross": -3, "err_lag": -6, "err_ref": -4, "secs": 0.19}
{"seed": 9310216, "family": "quad", "window_frac": 0.25, "f": 0.95, "status": "ok", "t_c": 703, "t_fc": 823, "err_cross": -4, "err_lag": -4, "err_ref": -4, "secs": 0.18}
{"seed": 9310216, "family": "quad", "window_frac": 0.25, "f": 0.98, "status": "ok", "t_c": 730, "t_fc": 822, "err_cross": -5, "err_lag": -5, "err_ref": -4, "secs": 0.19}
{"seed": 9310216, "family": "rate", "window_frac": 0.05, "f": 0.8, "status": "ok", "t_c": 576, "t_fc": 829, "err_cross": 2, "err_lag": -4, "err_ref": -4, "secs": 0.19}
{"seed": 9310216, "family": "rate", "window_frac": 0.05, "f": 0.9, "status": "ok", "t_c": 659, "t_fc": 823, "err_cross": -4, "err_lag": -4, "err_ref": -4, "secs": 0.18}
{"seed": 9310216, "family": "rate", "window_frac": 0.05, "f": 0.95, "status": "ok", "t_c": 703, "t_fc": 823, "err_cross": -4, "err_lag": -4, "err_ref": -4, "secs": 0.19}
{"seed": 9310216, "family": "rate", "window_frac": 0.05, "f": 0.98, "status": "ok", "t_c": 730, "t_fc": 823, "err_cross": -4, "err_lag": -4, "err_ref": -4, "secs": 0.19}
{"seed": 9310216, "family": "rate", "window_frac": 0.1, "f": 0.8, "status": "ok", "t_c": 576, "t_fc": 829, "err_cross": 2, "err_lag": -4, "err_ref": -4, "secs": 0.19}
{"seed": 9310216, "family": "rate", "window_frac": 0.1, "f": 0.9, "status": "ok", "t_c": 659, "t_fc": 823, "err_cross": -4, "err_lag": -4, "err_ref": -4, "secs": 0.18}
{"seed": 9310216, "family": "rate", "window_frac": 0.1, "f": 0.95, "status": "ok", "t_c": 703, "t_fc": 823, "err_cross": -4, "err_lag": -4, "err_ref": -4, "secs": 0.19}
{"seed": 9310216, "family": "rate", "window_frac": 0.1, "f": 0.98, "status": "ok", "t_c": 730, "t_fc": 823, "err_cross": -4, "err_lag": -4, "err_ref": -4, "secs": 0.19}
{"seed": 9310216, "family": "rate", "window_frac": 0.25, "f": 0.8, "status": "ok", "t_c": 576, "t_fc": 829, "err_cross": 2, "err_lag": -5, "err_ref": -4, "secs": 0.19}
{"seed": 9310216, "family": "rate", "window_frac": 0.25, "f": 0.9, "status": "ok", "t_c": 659, "t_fc": 824, "err_cross": -3, "err_lag": -4, "err_ref": -4, "secs": 0.18}
{"seed": 9310216, "family": "rate", "window_frac": 0.25, "f": 0.95, "status": "ok", "t_c": 703, "t_fc": 823, "err_cross": -4, "err_lag": -4, "err_ref": -4, "secs": 0.19}
{"seed": 9310216, "family": "rate", "window_frac": 0.25, "f": 0.98, "status": "ok", "t_c": 730, "t_fc": 823, "err_cross": -4, "err_lag": -4, "err_ref": -4, "secs": 0.18}
{"seed": 9310216, "family": "lin", "window_frac": 0.05, "f": 0.8, "status": "ok", "t_c": 576, "t_fc": 790, "err_cross": -37, "err_lag": -1, "err_ref": -4, "secs": 0.19}
{"seed": 9310216, "family": "lin", "window_frac": 0.05, "f": 0.9, "status": "ok", "t_c": 659, "t_fc": 814, "err_cross": -13, "err_lag": -2, "err_ref": -4, "secs": 0.18}
{"seed": 9310216, "family": "lin", "window_frac": 0.05, "f": 0.95, "status": "ok", "t_c": 703, "t_fc": 821, "err_cross": -6, "err_lag": -2, "err_ref": -4, "secs": 0.19}
{"seed": 9310216, "family": "lin", "window_frac": 0.05, "f": 0.98, "status": "ok", "t_c": 730, "t_fc": 824, "err_cross": -3, "err_lag": -2, "err_ref": -4, "secs": 0.18}
{"seed": 9310216, "family": "lin", "window_frac": 0.1, "f": 0.8, "status": "ok", "t_c": 576, "t_fc": 790, "err_cross": -37, "err_lag": -1, "err_ref": -4, "secs": 0.19}
{"seed": 9310216, "family": "lin", "window_frac": 0.1, "f": 0.9, "status": "ok", "t_c": 659, "t_fc": 814, "err_cross": -13, "err_lag": -2, "err_ref": -4, "secs": 0.18}
{"seed": 9310216, "family": "lin", "window_frac": 0.1, "f": 0.95, "status": "ok", "t_c": 703, "t_fc": 821, "err_cross": -6, "err_lag": -2, "err_ref": -4, "secs": 0.19}
{"seed": 9310216, "family": "lin", "window_frac": 0.1, "f": 0.98, "status": "ok", "t_c": 730, "t_fc": 824, "err_cross": -3, "err_lag": -2, "err_ref": -4, "secs": 0.19}
{"seed": 9310216, "family": "lin", "window_frac": 0.25, "f": 0.8, "status": "ok", "t_c": 576, "t_fc": 789, "err_cross": -38, "err_lag": -1, "err_ref": -4, "secs": 0.18}
{"seed": 9310216, "family": "lin", "window_frac": 0.25, "f": 0.9, "status": "ok", "t_c": 659, "t_fc": 812, "err_cross": -15, "err_lag": -2, "err_ref": -4, "secs": 0.19}
{"seed": 9310216, "family": "lin", "window_frac": 0.25, "f": 0.95, "status": "ok", "t_c": 703, "t_fc": 820, "err_cross": -7, "err_lag": -1, "err_ref": -4, "secs": 0.18}
{"seed": 9310216, "family": "lin", "window_frac": 0.25, "f": 0.98, "status": "ok", "t_c": 730, "t_fc": 823, "err_cross": -4, "err_lag": -2, "err_ref": -4, "secs": 0.19}
{"seed": 9310217, "family": "quad", "window_frac": 0.05, "f": 0.8, "status": "no forecast: no predicted crossing on the extrapolated path", "t_c": 410, "t_fc": null, "err_cross": null, "err_lag": null, "err_ref": -4, "secs": 0.2}
{"seed": 9310217, "family": "quad", "window_frac": 0.05, "f": 0.9, "status": "ok", "t_c": 495, "t_fc": 830, "err_cross": 22, "err_lag": -10, "err_ref": -4, "secs": 0.19}
{"seed": 9310217, "family": "quad", "window_frac": 0.05, "f": 0.95, "status": "ok", "t_c": 539, "t_fc": 813, "err_cross": 5, "err_lag": -7, "err_ref": -4, "secs": 0.19}
{"seed": 9310217, "family": "quad", "window_frac": 0.05, "f": 0.98, "status": "ok", "t_c": 566, "t_fc": 808, "err_cross": 0, "err_lag": -7, "err_ref": -4, "secs": 0.19}
{"seed": 9310217, "family": "quad", "window_frac": 0.1, "f": 0.8, "status": "no forecast: no predicted crossing on the extrapolated path", "t_c": 410, "t_fc": null, "err_cross": null, "err_lag": null, "err_ref": -4, "secs": 0.2}
{"seed": 9310217, "family": "quad", "window_frac": 0.1, "f": 0.9, "status": "ok", "t_c": 495, "t_fc": 830, "err_cross": 22, "err_lag": -10, "err_ref": -4, "secs": 0.19}
{"seed": 9310217, "family": "quad", "window_frac": 0.1, "f": 0.95, "status": "ok", "t_c": 539, "t_fc": 813, "err_cross": 5, "err_lag": -7, "err_ref": -4, "secs": 0.19}
{"seed": 9310217, "family": "quad", "window_frac": 0.1, "f": 0.98, "status": "ok", "t_c": 566, "t_fc": 808, "err_cross": 0, "err_lag": -7, "err_ref": -4, "secs": 0.19}
{"seed": 9310217, "family": "quad", "window_frac": 0.25, "f": 0.8, "status": "no forecast: no predicted crossing on the extrapolated path", "t_c": 410, "t_fc": null, "err_cross": null, "err_lag": null, "err_ref": -4, "secs": 0.2}
{"seed": 9310217, "family": "quad", "window_frac": 0.25, "f": 0.9, "status": "ok", "t_c": 495, "t_fc": 840, "err_cross": 32, "err_lag": -11, "err_ref": -4, "secs": 0.19}
{"seed": 9310217, "family": "quad", "window_frac": 0.25, "f": 0.95, "status": "ok", "t_c": 539, "t_fc": 818, "err_cross": 10, "err_lag": -8, "err_ref": -4, "secs": 0.19}
{"seed": 9310217, "family": "quad", "window_frac": 0.25, "f": 0.98, "status": "ok", "t_c": 566, "t_fc": 812, "err_cross": 4, "err_lag": -7, "err_ref": -4, "secs": 0.19}
{"seed": 9310217, "family": "rate", "window_frac": 0.05, "f": 0.8, "status": "ok", "t_c": 410, "t_fc": 837, "err_cross": 29, "err_lag": -6, "err_ref": -4, "secs": 0.19}
{"seed": 9310217, "family": "rate", "window_frac": 0.05, "f": 0.9, "status": "ok", "t_c": 495, "t_fc": 812, "err_cross": 4, "err_lag": -6, "err_ref": -4, "secs": 0.2}
{"seed": 9310217, "family": "rate", "window_frac": 0.05, "f": 0.95, "status": "ok", "t_c": 539, "t_fc": 807, "err_cross": -1, "err_lag": -6, "err_ref": -4, "secs": 0.19}
{"seed": 9310217, "family": "rate", "window_frac": 0.05, "f": 0.98, "status": "ok", "t_c": 566, "t_fc": 806, "err_cross": -2, "err_lag": -5, "err_ref": -4, "secs": 0.23}
{"seed": 9310217, "family": "rate", "window_frac": 0.1, "f": 0.8, "status": "ok", "t_c": 410, "t_fc": 837, "err_cross": 29, "err_lag": -6, "err_ref": -4, "secs": 0.19}
{"seed": 9310217, "family": "rate", "window_frac": 0.1, "f": 0.9, "status": "ok", "t_c": 495, "t_fc": 812, "err_cross": 4, "err_lag": -6, "err_ref": -4, "secs": 0.2}
{"seed": 9310217, "family": "rate", "window_frac": 0.1, "f": 0.95, "status": "ok", "t_c": 539, "t_fc": 807, "err_cross": -1, "err_lag": -6, "err_ref": -4, "secs": 0.19}
{"seed": 9310217, "family": "rate", "window_frac": 0.1, "f": 0.98, "status": "ok", "t_c": 566, "t_fc": 806, "err_cross": -2, "err_lag": -5, "err_ref": -4, "secs": 0.2}
{"seed": 9310217, "family": "rate", "window_frac": 0.25, "f": 0.8, "status": "ok", "t_c": 410, "t_fc": 839, "err_cross": 31, "err_lag": -6, "err_ref": -4, "secs": 0.19}
{"seed": 9310217, "family": "rate", "window_frac": 0.25, "f": 0.9, "status": "ok", "t_c": 495, "t_fc": 814, "err_cross": 6, "err_lag": -6, "err_ref": -4, "secs": 0.19}
{"seed": 9310217, "family": "rate", "window_frac": 0.25, "f": 0.95, "status": "ok", "t_c": 539, "t_fc": 809, "err_cross": 1, "err_lag": -5, "err_ref": -4, "secs": 0.19}
{"seed": 9310217, "family": "rate", "window_frac": 0.25, "f": 0.98, "status": "ok", "t_c": 566, "t_fc": 807, "err_cross": -1, "err_lag": -5, "err_ref": -4, "secs": 0.19}
{"seed": 9310217, "family": "lin", "window_frac": 0.05, "f": 0.8, "status": "ok", "t_c": 410, "t_fc": 718, "err_cross": -90, "err_lag": -1, "err_ref": -4, "secs": 0.19}
{"seed": 9310217, "family": "lin", "window_frac": 0.05, "f": 0.9, "status": "ok", "t_c": 495, "t_fc": 760, "err_cross": -48, "err_lag": -1, "err_ref": -4, "secs": 0.19}
{"seed": 9310217, "family": "lin", "window_frac": 0.05, "f": 0.95, "status": "ok", "t_c": 539, "t_fc": 775, "err_cross": -33, "err_lag": -2, "err_ref": -4, "secs": 0.19}
{"seed": 9310217, "family": "lin", "window_frac": 0.05, "f": 0.98, "status": "ok", "t_c": 566, "t_fc": 783, "err_cross": -25, "err_lag": -2, "err_ref": -4, "secs": 0.19}
{"seed": 9310217, "family": "lin", "window_frac": 0.1, "f": 0.8, "status": "ok", "t_c": 410, "t_fc": 718, "err_cross": -90, "err_lag": -1, "err_ref": -4, "secs": 0.19}
{"seed": 9310217, "family": "lin", "window_frac": 0.1, "f": 0.9, "status": "ok", "t_c": 495, "t_fc": 760, "err_cross": -48, "err_lag": -1, "err_ref": -4, "secs": 0.19}
{"seed": 9310217, "family": "lin", "window_frac": 0.1, "f": 0.95, "status": "ok", "t_c": 539, "t_fc": 775, "err_cross": -33, "err_lag": -2, "err_ref": -4, "secs": 0.19}
{"seed": 9310217, "family": "lin", "window_frac": 0.1, "f": 0.98, "status": "ok", "t_c": 566, "t_fc": 783, "err_cross": -25, "err_lag": -2, "err_ref": -4, "secs": 0.19}
{"seed": 9310217, "family": "lin", "window_frac": 0.25, "f": 0.8, "status": "ok", "t_c": 410, "t_fc": 716, "err_cross": -92, "err_lag": -2, "err_ref": -4, "secs": 0.19}
{"seed": 9310217, "family": "lin", "window_frac": 0.25, "f": 0.9, "status": "ok", "t_c": 495, "t_fc": 755, "err_cross": -53, "err_lag": -1, "err_ref": -4, "secs": 0.19}
{"seed": 9310217, "family": "lin", "window_frac": 0.25, "f": 0.95, "status": "ok", "t_c": 539, "t_fc": 770, "err_cross": -38, "err_lag": -2, "err_ref": -4, "secs": 0.19}
{"seed": 9310217, "family": "lin", "window_frac": 0.25, "f": 0.98, "status": "ok", "t_c": 566, "t_fc": 778, "err_cross": -30, "err_lag": -2, "err_ref": -4, "secs": 0.19}
{"seed": 9310218, "family": "quad", "window_frac": 0.05, "f": 0.8, "status": "ok", "t_c": 578, "t_fc": 591, "err_cross": -1, "err_lag": -1, "err_ref": -1, "secs": 0.19}
{"seed": 9310218, "family": "quad", "window_frac": 0.05, "f": 0.9, "status": "ok", "t_c": 689, "t_fc": 591, "err_cross": -1, "err_lag": -1, "err_ref": -1, "secs": 0.18}
{"seed": 9310218, "family": "quad", "window_frac": 0.05, "f": 0.95, "status": "ok", "t_c": 748, "t_fc": 591, "err_cross": -1, "err_lag": -1, "err_ref": -1, "secs": 0.19}
{"seed": 9310218, "family": "quad", "window_frac": 0.05, "f": 0.98, "status": "ok", "t_c": 784, "t_fc": 591, "err_cross": -1, "err_lag": -1, "err_ref": -1, "secs": 0.18}
{"seed": 9310218, "family": "quad", "window_frac": 0.1, "f": 0.8, "status": "ok", "t_c": 578, "t_fc": 591, "err_cross": -1, "err_lag": -1, "err_ref": -1, "secs": 0.19}
{"seed": 9310218, "family": "quad", "window_frac": 0.1, "f": 0.9, "status": "ok", "t_c": 689, "t_fc": 591, "err_cross": -1, "err_lag": -1, "err_ref": -1, "secs": 0.18}
{"seed": 9310218, "family": "quad", "window_frac": 0.1, "f": 0.95, "status": "ok", "t_c": 748, "t_fc": 591, "err_cross": -1, "err_lag": -1, "err_ref": -1, "secs": 0.19}
{"seed": 9310218, "family": "quad", "window_frac": 0.1, "f": 0.98, "status": "ok", "t_c": 784, "t_fc": 591, "err_cross": -1, "err_lag": -1, "err_ref": -1, "secs": 0.18}
{"seed": 9310218, "family": "quad", "window_frac": 0.25, "f": 0.8, "status": "ok", "t_c": 578, "t_fc": 591, "err_cross": -1, "err_lag": -1, "err_ref": -1, "secs": 0.19}
{"seed": 9310218, "family": "quad", "window_frac": 0.25, "f": 0.9, "status": "ok", "t_c": 689, "t_fc": 591, "err_cross": -1, "err_lag": -1, "err_ref": -1, "secs": 0.18}
{"seed": 9310218, "family": "quad", "window_frac": 0.25, "f": 0.95, "status": "ok", "t_c": 748, "t_fc": 591, "err_cross": -1, "err_lag": -1, "err_ref": -1, "secs": 0.18}
{"seed": 9310218, "family": "quad", "window_frac": 0.25, "f": 0.98, "status": "ok", "t_c": 784, "t_fc": 591, "err_cross": -1, "err_lag": -1, "err_ref": -1, "secs": 0.18}
{"seed": 9310218, "family": "rate", "window_frac": 0.05, "f": 0.8, "status": "ok", "t_c": 578, "t_fc": 591, "err_cross": -1, "err_lag": -1, "err_ref": -1, "secs": 0.18}
{"seed": 9310218, "family": "rate", "window_frac": 0.05, "f": 0.9, "status": "ok", "t_c": 689, "t_fc": 591, "err_cross": -1, "err_lag": -1, "err_ref": -1, "secs": 0.18}
{"seed": 9310218, "family": "rate", "window_frac": 0.05, "f": 0.95, "status": "ok", "t_c": 748, "t_fc": 591, "err_cross": -1, "err_lag": -1, "err_ref": -1, "secs": 0.18}
{"seed": 9310218, "family": "rate", "window_frac": 0.05, "f": 0.98, "status": "ok", "t_c": 784, "t_fc": 591, "err_cross": -1, "err_lag": -1, "err_ref": -1, "secs": 0.18}
{"seed": 9310218, "family": "rate", "window_frac": 0.1, "f": 0.8, "status": "ok", "t_c": 578, "t_fc": 591, "err_cross": -1, "err_lag": -1, "err_ref": -1, "secs": 0.18}
{"seed": 9310218, "family": "rate", "window_frac": 0.1, "f": 0.9, "status": "ok", "t_c": 689, "t_fc": 591, "err_cross": -1, "err_lag": -1, "err_ref": -1, "secs": 0.18}
{"seed": 9310218, "family": "rate", "window_frac": 0.1, "f": 0.95, "status": "ok", "t_c": 748, "t_fc": 591, "err_cross": -1, "err_lag": -1, "err_ref": -1, "secs": 0.18}
{"seed": 9310218, "family": "rate", "window_frac": 0.1, "f": 0.98, "status": "ok", "t_c": 784, "t_fc": 591, "err_cross": -1, "err_lag": -1, "err_ref": -1, "secs": 0.18}
{"seed": 9310218, "family": "rate", "window_frac": 0.25, "f": 0.8, "status": "ok", "t_c": 578, "t_fc": 591, "err_cross": -1, "err_lag": -1, "err_ref": -1, "secs": 0.18}
{"seed": 9310218, "family": "rate", "window_frac": 0.25, "f": 0.9, "status": "ok", "t_c": 689, "t_fc": 591, "err_cross": -1, "err_lag": -1, "err_ref": -1, "secs": 0.18}
{"seed": 9310218, "family": "rate", "window_frac": 0.25, "f": 0.95, "status": "ok", "t_c": 748, "t_fc": 591, "err_cross": -1, "err_lag": -1, "err_ref": -1, "secs": 0.18}
{"seed": 9310218, "family": "rate", "window_frac": 0.25, "f": 0.98, "status": "ok", "t_c": 784, "t_fc": 591, "err_cross": -1, "err_lag": -1, "err_ref": -1, "secs": 0.18}
{"seed": 9310218, "family": "lin", "window_frac": 0.05, "f": 0.8, "status": "ok", "t_c": 578, "t_fc": 592, "err_cross": 0, "err_lag": 0, "err_ref": -1, "secs": 0.18}
{"seed": 9310218, "family": "lin", "window_frac": 0.05, "f": 0.9, "status": "ok", "t_c": 689, "t_fc": 591, "err_cross": -1, "err_lag": -1, "err_ref": -1, "secs": 0.18}
{"seed": 9310218, "family": "lin", "window_frac": 0.05, "f": 0.95, "status": "ok", "t_c": 748, "t_fc": 591, "err_cross": -1, "err_lag": -1, "err_ref": -1, "secs": 0.18}
{"seed": 9310218, "family": "lin", "window_frac": 0.05, "f": 0.98, "status": "ok", "t_c": 784, "t_fc": 591, "err_cross": -1, "err_lag": -1, "err_ref": -1, "secs": 0.19}
{"seed": 9310218, "family": "lin", "window_frac": 0.1, "f": 0.8, "status": "ok", "t_c": 578, "t_fc": 592, "err_cross": 0, "err_lag": 0, "err_ref": -1, "secs": 0.18}
{"seed": 9310218, "family": "lin", "window_frac": 0.1, "f": 0.9, "status": "ok", "t_c": 689, "t_fc": 591, "err_cross": -1, "err_lag": -1, "err_ref": -1, "secs": 0.19}
{"seed": 9310218, "family": "lin", "window_frac": 0.1, "f": 0.95, "status": "ok", "t_c": 748, "t_fc": 591, "err_cross": -1, "err_lag": -1, "err_ref": -1, "secs": 0.18}
{"seed": 9310218, "family": "lin", "window_frac": 0.1, "f": 0.98, "status": "ok", "t_c": 784, "t_fc": 591, "err_cross": -1, "err_lag": -1, "err_ref": -1, "secs": 0.18}
{"seed": 9310218, "family": "lin", "window_frac": 0.25, "f": 0.8, "status": "ok", "t_c": 578, "t_fc": 593, "err_cross": 1, "err_lag": 1, "err_ref": -1, "secs": 0.18}
{"seed": 9310218, "family": "lin", "window_frac": 0.25, "f": 0.9, "status": "ok", "t_c": 689, "t_fc": 591, "err_cross": -1, "err_lag": -1, "err_ref": -1, "secs": 0.18}
{"seed": 9310218, "family": "lin", "window_frac": 0.25, "f": 0.95, "status": "ok", "t_c": 748, "t_fc": 591, "err_cross": -1, "err_lag": -1, "err_ref": -1, "secs": 0.18}
{"seed": 9310218, "family": "lin", "window_frac": 0.25, "f": 0.98, "status": "ok", "t_c": 784, "t_fc": 591, "err_cross": -1, "err_lag": -1, "err_ref": -1, "secs": 0.18}
{"seed": 9310219, "family": "quad", "window_frac": 0.05, "f": 0.8, "status": "no cutoff: s never reaches f\u00b7s_ref in the saved path", "t_c": null, "t_fc": null, "err_cross": null, "err_lag": null, "err_ref": null, "secs": 0.0}
{"seed": 9310219, "family": "quad", "window_frac": 0.05, "f": 0.9, "status": "no cutoff: s never reaches f\u00b7s_ref in the saved path", "t_c": null, "t_fc": null, "err_cross": null, "err_lag": null, "err_ref": null, "secs": 0.0}
{"seed": 9310219, "family": "quad", "window_frac": 0.05, "f": 0.95, "status": "no cutoff: s never reaches f\u00b7s_ref in the saved path", "t_c": null, "t_fc": null, "err_cross": null, "err_lag": null, "err_ref": null, "secs": 0.0}
{"seed": 9310219, "family": "quad", "window_frac": 0.05, "f": 0.98, "status": "no cutoff: s never reaches f\u00b7s_ref in the saved path", "t_c": null, "t_fc": null, "err_cross": null, "err_lag": null, "err_ref": null, "secs": 0.0}
{"seed": 9310219, "family": "quad", "window_frac": 0.1, "f": 0.8, "status": "no cutoff: s never reaches f\u00b7s_ref in the saved path", "t_c": null, "t_fc": null, "err_cross": null, "err_lag": null, "err_ref": null, "secs": 0.0}
{"seed": 9310219, "family": "quad", "window_frac": 0.1, "f": 0.9, "status": "no cutoff: s never reaches f\u00b7s_ref in the saved path", "t_c": null, "t_fc": null, "err_cross": null, "err_lag": null, "err_ref": null, "secs": 0.0}
{"seed": 9310219, "family": "quad", "window_frac": 0.1, "f": 0.95, "status": "no cutoff: s never reaches f\u00b7s_ref in the saved path", "t_c": null, "t_fc": null, "err_cross": null, "err_lag": null, "err_ref": null, "secs": 0.0}
{"seed": 9310219, "family": "quad", "window_frac": 0.1, "f": 0.98, "status": "no cutoff: s never reaches f\u00b7s_ref in the saved path", "t_c": null, "t_fc": null, "err_cross": null, "err_lag": null, "err_ref": null, "secs": 0.0}
{"seed": 9310219, "family": "quad", "window_frac": 0.25, "f": 0.8, "status": "no cutoff: s never reaches f\u00b7s_ref in the saved path", "t_c": null, "t_fc": null, "err_cross": null, "err_lag": null, "err_ref": null, "secs": 0.0}
{"seed": 9310219, "family": "quad", "window_frac": 0.25, "f": 0.9, "status": "no cutoff: s never reaches f\u00b7s_ref in the saved path", "t_c": null, "t_fc": null, "err_cross": null, "err_lag": null, "err_ref": null, "secs": 0.0}
{"seed": 9310219, "family": "quad", "window_frac": 0.25, "f": 0.95, "status": "no cutoff: s never reaches f\u00b7s_ref in the saved path", "t_c": null, "t_fc": null, "err_cross": null, "err_lag": null, "err_ref": null, "secs": 0.0}
{"seed": 9310219, "family": "quad", "window_frac": 0.25, "f": 0.98, "status": "no cutoff: s never reaches f\u00b7s_ref in the saved path", "t_c": null, "t_fc": null, "err_cross": null, "err_lag": null, "err_ref": null, "secs": 0.0}
{"seed": 9310219, "family": "rate", "window_frac": 0.05, "f": 0.8, "status": "no cutoff: s never reaches f\u00b7s_ref in the saved path", "t_c": null, "t_fc": null, "err_cross": null, "err_lag": null, "err_ref": null, "secs": 0.0}
{"seed": 9310219, "family": "rate", "window_frac": 0.05, "f": 0.9, "status": "no cutoff: s never reaches f\u00b7s_ref in the saved path", "t_c": null, "t_fc": null, "err_cross": null, "err_lag": null, "err_ref": null, "secs": 0.0}
{"seed": 9310219, "family": "rate", "window_frac": 0.05, "f": 0.95, "status": "no cutoff: s never reaches f\u00b7s_ref in the saved path", "t_c": null, "t_fc": null, "err_cross": null, "err_lag": null, "err_ref": null, "secs": 0.0}
{"seed": 9310219, "family": "rate", "window_frac": 0.05, "f": 0.98, "status": "no cutoff: s never reaches f\u00b7s_ref in the saved path", "t_c": null, "t_fc": null, "err_cross": null, "err_lag": null, "err_ref": null, "secs": 0.0}
{"seed": 9310219, "family": "rate", "window_frac": 0.1, "f": 0.8, "status": "no cutoff: s never reaches f\u00b7s_ref in the saved path", "t_c": null, "t_fc": null, "err_cross": null, "err_lag": null, "err_ref": null, "secs": 0.0}
{"seed": 9310219, "family": "rate", "window_frac": 0.1, "f": 0.9, "status": "no cutoff: s never reaches f\u00b7s_ref in the saved path", "t_c": null, "t_fc": null, "err_cross": null, "err_lag": null, "err_ref": null, "secs": 0.0}
{"seed": 9310219, "family": "rate", "window_frac": 0.1, "f": 0.95, "status": "no cutoff: s never reaches f\u00b7s_ref in the saved path", "t_c": null, "t_fc": null, "err_cross": null, "err_lag": null, "err_ref": null, "secs": 0.0}
{"seed": 9310219, "family": "rate", "window_frac": 0.1, "f": 0.98, "status": "no cutoff: s never reaches f\u00b7s_ref in the saved path", "t_c": null, "t_fc": null, "err_cross": null, "err_lag": null, "err_ref": null, "secs": 0.0}
{"seed": 9310219, "family": "rate", "window_frac": 0.25, "f": 0.8, "status": "no cutoff: s never reaches f\u00b7s_ref in the saved path", "t_c": null, "t_fc": null, "err_cross": null, "err_lag": null, "err_ref": null, "secs": 0.0}
{"seed": 9310219, "family": "rate", "window_frac": 0.25, "f": 0.9, "status": "no cutoff: s never reaches f\u00b7s_ref in the saved path", "t_c": null, "t_fc": null, "err_cross": null, "err_lag": null, "err_ref": null, "secs": 0.0}
{"seed": 9310219, "family": "rate", "window_frac": 0.25, "f": 0.95, "status": "no cutoff: s never reaches f\u00b7s_ref in the saved path", "t_c": null, "t_fc": null, "err_cross": null, "err_lag": null, "err_ref": null, "secs": 0.0}
{"seed": 9310219, "family": "rate", "window_frac": 0.25, "f": 0.98, "status": "no cutoff: s never reaches f\u00b7s_ref in the saved path", "t_c": null, "t_fc": null, "err_cross": null, "err_lag": null, "err_ref": null, "secs": 0.0}
{"seed": 9310219, "family": "lin", "window_frac": 0.05, "f": 0.8, "status": "no cutoff: s never reaches f\u00b7s_ref in the saved path", "t_c": null, "t_fc": null, "err_cross": null, "err_lag": null, "err_ref": null, "secs": 0.0}
{"seed": 9310219, "family": "lin", "window_frac": 0.05, "f": 0.9, "status": "no cutoff: s never reaches f\u00b7s_ref in the saved path", "t_c": null, "t_fc": null, "err_cross": null, "err_lag": null, "err_ref": null, "secs": 0.0}
{"seed": 9310219, "family": "lin", "window_frac": 0.05, "f": 0.95, "status": "no cutoff: s never reaches f\u00b7s_ref in the saved path", "t_c": null, "t_fc": null, "err_cross": null, "err_lag": null, "err_ref": null, "secs": 0.0}
{"seed": 9310219, "family": "lin", "window_frac": 0.05, "f": 0.98, "status": "no cutoff: s never reaches f\u00b7s_ref in the saved path", "t_c": null, "t_fc": null, "err_cross": null, "err_lag": null, "err_ref": null, "secs": 0.0}
{"seed": 9310219, "family": "lin", "window_frac": 0.1, "f": 0.8, "status": "no cutoff: s never reaches f\u00b7s_ref in the saved path", "t_c": null, "t_fc": null, "err_cross": null, "err_lag": null, "err_ref": null, "secs": 0.0}
{"seed": 9310219, "family": "lin", "window_frac": 0.1, "f": 0.9, "status": "no cutoff: s never reaches f\u00b7s_ref in the saved path", "t_c": null, "t_fc": null, "err_cross": null, "err_lag": null, "err_ref": null, "secs": 0.0}
{"seed": 9310219, "family": "lin", "window_frac": 0.1, "f": 0.95, "status": "no cutoff: s never reaches f\u00b7s_ref in the saved path", "t_c": null, "t_fc": null, "err_cross": null, "err_lag": null, "err_ref": null, "secs": 0.0}
{"seed": 9310219, "family": "lin", "window_frac": 0.1, "f": 0.98, "status": "no cutoff: s never reaches f\u00b7s_ref in the saved path", "t_c": null, "t_fc": null, "err_cross": null, "err_lag": null, "err_ref": null, "secs": 0.0}
{"seed": 9310219, "family": "lin", "window_frac": 0.25, "f": 0.8, "status": "no cutoff: s never reaches f\u00b7s_ref in the saved path", "t_c": null, "t_fc": null, "err_cross": null, "err_lag": null, "err_ref": null, "secs": 0.0}
{"seed": 9310219, "family": "lin", "window_frac": 0.25, "f": 0.9, "status": "no cutoff: s never reaches f\u00b7s_ref in the saved path", "t_c": null, "t_fc": null, "err_cross": null, "err_lag": null, "err_ref": null, "secs": 0.0}
{"seed": 9310219, "family": "lin", "window_frac": 0.25, "f": 0.95, "status": "no cutoff: s never reaches f\u00b7s_ref in the saved path", "t_c": null, "t_fc": null, "err_cross": null, "err_lag": null, "err_ref": null, "secs": 0.0}
{"seed": 9310219, "family": "lin", "window_frac": 0.25, "f": 0.98, "status": "no cutoff: s never reaches f\u00b7s_ref in the saved path", "t_c": null, "t_fc": null, "err_cross": null, "err_lag": null, "err_ref": null, "secs": 0.0}
{"seed": 9310220, "family": "quad", "window_frac": 0.05, "f": 0.8, "status": "ok", "t_c": 1659, "t_fc": 2016, "err_cross": 18, "err_lag": -10, "err_ref": -5, "secs": 0.19}
{"seed": 9310220, "family": "quad", "window_frac": 0.05, "f": 0.9, "status": "ok", "t_c": 1777, "t_fc": 1994, "err_cross": -4, "err_lag": -7, "err_ref": -5, "secs": 0.19}
{"seed": 9310220, "family": "quad", "window_frac": 0.05, "f": 0.95, "status": "ok", "t_c": 1839, "t_fc": 1993, "err_cross": -5, "err_lag": -6, "err_ref": -5, "secs": 0.19}
{"seed": 9310220, "family": "quad", "window_frac": 0.05, "f": 0.98, "status": "ok", "t_c": 1877, "t_fc": 1993, "err_cross": -5, "err_lag": -5, "err_ref": -5, "secs": 0.19}
{"seed": 9310220, "family": "quad", "window_frac": 0.1, "f": 0.8, "status": "ok", "t_c": 1659, "t_fc": 2016, "err_cross": 18, "err_lag": -10, "err_ref": -5, "secs": 0.19}
{"seed": 9310220, "family": "quad", "window_frac": 0.1, "f": 0.9, "status": "ok", "t_c": 1777, "t_fc": 1994, "err_cross": -4, "err_lag": -7, "err_ref": -5, "secs": 0.19}
{"seed": 9310220, "family": "quad", "window_frac": 0.1, "f": 0.95, "status": "ok", "t_c": 1839, "t_fc": 1993, "err_cross": -5, "err_lag": -6, "err_ref": -5, "secs": 0.19}
{"seed": 9310220, "family": "quad", "window_frac": 0.1, "f": 0.98, "status": "ok", "t_c": 1877, "t_fc": 1993, "err_cross": -5, "err_lag": -5, "err_ref": -5, "secs": 0.19}
{"seed": 9310220, "family": "quad", "window_frac": 0.25, "f": 0.8, "status": "ok", "t_c": 1659, "t_fc": 2023, "err_cross": 25, "err_lag": -11, "err_ref": -5, "secs": 0.19}
{"seed": 9310220, "family": "quad", "window_frac": 0.25, "f": 0.9, "status": "ok", "t_c": 1777, "t_fc": 1996, "err_cross": -2, "err_lag": -7, "err_ref": -5, "secs": 0.19}
{"seed": 9310220, "family": "quad", "window_frac": 0.25, "f": 0.95, "status": "ok", "t_c": 1839, "t_fc": 1993, "err_cross": -5, "err_lag": -6, "err_ref": -5, "secs": 0.19}
{"seed": 9310220, "family": "quad", "window_frac": 0.25, "f": 0.98, "status": "ok", "t_c": 1877, "t_fc": 1993, "err_cross": -5, "err_lag": -6, "err_ref": -5, "secs": 0.19}
{"seed": 9310220, "family": "rate", "window_frac": 0.05, "f": 0.8, "status": "ok", "t_c": 1659, "t_fc": 2001, "err_cross": 3, "err_lag": -6, "err_ref": -5, "secs": 0.19}
{"seed": 9310220, "family": "rate", "window_frac": 0.05, "f": 0.9, "status": "ok", "t_c": 1777, "t_fc": 1994, "err_cross": -4, "err_lag": -5, "err_ref": -5, "secs": 0.19}
{"seed": 9310220, "family": "rate", "window_frac": 0.05, "f": 0.95, "status": "ok", "t_c": 1839, "t_fc": 1993, "err_cross": -5, "err_lag": -6, "err_ref": -5, "secs": 0.19}
{"seed": 9310220, "family": "rate", "window_frac": 0.05, "f": 0.98, "status": "ok", "t_c": 1877, "t_fc": 1993, "err_cross": -5, "err_lag": -5, "err_ref": -5, "secs": 0.19}
{"seed": 9310220, "family": "rate", "window_frac": 0.1, "f": 0.8, "status": "ok", "t_c": 1659, "t_fc": 2001, "err_cross": 3, "err_lag": -6, "err_ref": -5, "secs": 0.19}
{"seed": 9310220, "family": "rate", "window_frac": 0.1, "f": 0.9, "status": "ok", "t_c": 1777, "t_fc": 1994, "err_cross": -4, "err_lag": -5, "err_ref": -5, "secs": 0.19}
{"seed": 9310220, "family": "rate", "window_frac": 0.1, "f": 0.95, "status": "ok", "t_c": 1839, "t_fc": 1993, "err_cross": -5, "err_lag": -6, "err_ref": -5, "secs": 0.19}
{"seed": 9310220, "family": "rate", "window_frac": 0.1, "f": 0.98, "status": "ok", "t_c": 1877, "t_fc": 1993, "err_cross": -5, "err_lag": -5, "err_ref": -5, "secs": 0.19}
{"seed": 9310220, "family": "rate", "window_frac": 0.25, "f": 0.8, "status": "ok", "t_c": 1659, "t_fc": 2003, "err_cross": 5, "err_lag": -6, "err_ref": -5, "secs": 0.19}
{"seed": 9310220, "family": "rate", "window_frac": 0.25, "f": 0.9, "status": "ok", "t_c": 1777, "t_fc": 1994, "err_cross": -4, "err_lag": -6, "err_ref": -5, "secs": 0.19}
{"seed": 9310220, "family": "rate", "window_frac": 0.25, "f": 0.95, "status": "ok", "t_c": 1839, "t_fc": 1993, "err_cross": -5, "err_lag": -6, "err_ref": -5, "secs": 0.19}
{"seed": 9310220, "family": "rate", "window_frac": 0.25, "f": 0.98, "status": "ok", "t_c": 1877, "t_fc": 1993, "err_cross": -5, "err_lag": -5, "err_ref": -5, "secs": 0.19}
{"seed": 9310220, "family": "lin", "window_frac": 0.05, "f": 0.8, "status": "ok", "t_c": 1659, "t_fc": 1948, "err_cross": -50, "err_lag": -2, "err_ref": -5, "secs": 0.19}
{"seed": 9310220, "family": "lin", "window_frac": 0.05, "f": 0.9, "status": "ok", "t_c": 1777, "t_fc": 1982, "err_cross": -16, "err_lag": -2, "err_ref": -5, "secs": 0.19}
{"seed": 9310220, "family": "lin", "window_frac": 0.05, "f": 0.95, "status": "ok", "t_c": 1839, "t_fc": 1991, "err_cross": -7, "err_lag": -3, "err_ref": -5, "secs": 0.19}
{"seed": 9310220, "family": "lin", "window_frac": 0.05, "f": 0.98, "status": "ok", "t_c": 1877, "t_fc": 1994, "err_cross": -4, "err_lag": -3, "err_ref": -5, "secs": 0.19}
{"seed": 9310220, "family": "lin", "window_frac": 0.1, "f": 0.8, "status": "ok", "t_c": 1659, "t_fc": 1948, "err_cross": -50, "err_lag": -2, "err_ref": -5, "secs": 0.19}
{"seed": 9310220, "family": "lin", "window_frac": 0.1, "f": 0.9, "status": "ok", "t_c": 1777, "t_fc": 1982, "err_cross": -16, "err_lag": -2, "err_ref": -5, "secs": 0.19}
{"seed": 9310220, "family": "lin", "window_frac": 0.1, "f": 0.95, "status": "ok", "t_c": 1839, "t_fc": 1991, "err_cross": -7, "err_lag": -3, "err_ref": -5, "secs": 0.19}
{"seed": 9310220, "family": "lin", "window_frac": 0.1, "f": 0.98, "status": "ok", "t_c": 1877, "t_fc": 1994, "err_cross": -4, "err_lag": -3, "err_ref": -5, "secs": 0.19}
{"seed": 9310220, "family": "lin", "window_frac": 0.25, "f": 0.8, "status": "ok", "t_c": 1659, "t_fc": 1943, "err_cross": -55, "err_lag": -3, "err_ref": -5, "secs": 0.19}
{"seed": 9310220, "family": "lin", "window_frac": 0.25, "f": 0.9, "status": "ok", "t_c": 1777, "t_fc": 1977, "err_cross": -21, "err_lag": -2, "err_ref": -5, "secs": 0.19}
{"seed": 9310220, "family": "lin", "window_frac": 0.25, "f": 0.95, "status": "ok", "t_c": 1839, "t_fc": 1988, "err_cross": -10, "err_lag": -3, "err_ref": -5, "secs": 0.19}
{"seed": 9310220, "family": "lin", "window_frac": 0.25, "f": 0.98, "status": "ok", "t_c": 1877, "t_fc": 1993, "err_cross": -5, "err_lag": -3, "err_ref": -5, "secs": 0.19}
{"seed": 9310221, "family": "quad", "window_frac": 0.05, "f": 0.8, "status": "no forecast: no predicted crossing on the extrapolated path", "t_c": 559, "t_fc": null, "err_cross": null, "err_lag": null, "err_ref": -4, "secs": 0.2}
{"seed": 9310221, "family": "quad", "window_frac": 0.05, "f": 0.9, "status": "ok", "t_c": 648, "t_fc": 1100, "err_cross": 76, "err_lag": -12, "err_ref": -4, "secs": 0.19}
{"seed": 9310221, "family": "quad", "window_frac": 0.05, "f": 0.95, "status": "ok", "t_c": 695, "t_fc": 1047, "err_cross": 23, "err_lag": -7, "err_ref": -4, "secs": 0.19}
{"seed": 9310221, "family": "quad", "window_frac": 0.05, "f": 0.98, "status": "ok", "t_c": 723, "t_fc": 1036, "err_cross": 12, "err_lag": -6, "err_ref": -4, "secs": 0.19}
{"seed": 9310221, "family": "quad", "window_frac": 0.1, "f": 0.8, "status": "no forecast: no predicted crossing on the extrapolated path", "t_c": 559, "t_fc": null, "err_cross": null, "err_lag": null, "err_ref": -4, "secs": 0.2}
{"seed": 9310221, "family": "quad", "window_frac": 0.1, "f": 0.9, "status": "ok", "t_c": 648, "t_fc": 1100, "err_cross": 76, "err_lag": -12, "err_ref": -4, "secs": 0.19}
{"seed": 9310221, "family": "quad", "window_frac": 0.1, "f": 0.95, "status": "ok", "t_c": 695, "t_fc": 1047, "err_cross": 23, "err_lag": -7, "err_ref": -4, "secs": 0.19}
{"seed": 9310221, "family": "quad", "window_frac": 0.1, "f": 0.98, "status": "ok", "t_c": 723, "t_fc": 1036, "err_cross": 12, "err_lag": -6, "err_ref": -4, "secs": 0.19}
{"seed": 9310221, "family": "quad", "window_frac": 0.25, "f": 0.8, "status": "no forecast: no predicted crossing on the extrapolated path", "t_c": 559, "t_fc": null, "err_cross": null, "err_lag": null, "err_ref": -4, "secs": 0.2}
{"seed": 9310221, "family": "quad", "window_frac": 0.25, "f": 0.9, "status": "no forecast: no predicted crossing on the extrapolated path", "t_c": 648, "t_fc": null, "err_cross": null, "err_lag": null, "err_ref": -4, "secs": 0.2}
{"seed": 9310221, "family": "quad", "window_frac": 0.25, "f": 0.95, "status": "ok", "t_c": 695, "t_fc": 1062, "err_cross": 38, "err_lag": -8, "err_ref": -4, "secs": 0.19}
{"seed": 9310221, "family": "quad", "window_frac": 0.25, "f": 0.98, "status": "ok", "t_c": 723, "t_fc": 1045, "err_cross": 21, "err_lag": -7, "err_ref": -4, "secs": 0.19}
{"seed": 9310221, "family": "rate", "window_frac": 0.05, "f": 0.8, "status": "ok", "t_c": 559, "t_fc": 1079, "err_cross": 55, "err_lag": -4, "err_ref": -4, "secs": 0.19}
{"seed": 9310221, "family": "rate", "window_frac": 0.05, "f": 0.9, "status": "ok", "t_c": 648, "t_fc": 1037, "err_cross": 13, "err_lag": -5, "err_ref": -4, "secs": 0.19}
{"seed": 9310221, "family": "rate", "window_frac": 0.05, "f": 0.95, "status": "ok", "t_c": 695, "t_fc": 1029, "err_cross": 5, "err_lag": -4, "err_ref": -4, "secs": 0.24}
{"seed": 9310221, "family": "rate", "window_frac": 0.05, "f": 0.98, "status": "ok", "t_c": 723, "t_fc": 1026, "err_cross": 2, "err_lag": -4, "err_ref": -4, "secs": 0.2}
{"seed": 9310221, "family": "rate", "window_frac": 0.1, "f": 0.8, "status": "ok", "t_c": 559, "t_fc": 1079, "err_cross": 55, "err_lag": -4, "err_ref": -4, "secs": 0.19}
{"seed": 9310221, "family": "rate", "window_frac": 0.1, "f": 0.9, "status": "ok", "t_c": 648, "t_fc": 1037, "err_cross": 13, "err_lag": -5, "err_ref": -4, "secs": 0.19}
{"seed": 9310221, "family": "rate", "window_frac": 0.1, "f": 0.95, "status": "ok", "t_c": 695, "t_fc": 1029, "err_cross": 5, "err_lag": -4, "err_ref": -4, "secs": 0.19}
{"seed": 9310221, "family": "rate", "window_frac": 0.1, "f": 0.98, "status": "ok", "t_c": 723, "t_fc": 1026, "err_cross": 2, "err_lag": -4, "err_ref": -4, "secs": 0.19}
{"seed": 9310221, "family": "rate", "window_frac": 0.25, "f": 0.8, "status": "ok", "t_c": 559, "t_fc": 1082, "err_cross": 58, "err_lag": -5, "err_ref": -4, "secs": 0.19}
{"seed": 9310221, "family": "rate", "window_frac": 0.25, "f": 0.9, "status": "ok", "t_c": 648, "t_fc": 1041, "err_cross": 17, "err_lag": -5, "err_ref": -4, "secs": 0.19}
{"seed": 9310221, "family": "rate", "window_frac": 0.25, "f": 0.95, "status": "ok", "t_c": 695, "t_fc": 1032, "err_cross": 8, "err_lag": -4, "err_ref": -4, "secs": 0.18}
{"seed": 9310221, "family": "rate", "window_frac": 0.25, "f": 0.98, "status": "ok", "t_c": 723, "t_fc": 1028, "err_cross": 4, "err_lag": -4, "err_ref": -4, "secs": 0.18}
{"seed": 9310221, "family": "lin", "window_frac": 0.05, "f": 0.8, "status": "ok", "t_c": 559, "t_fc": 901, "err_cross": -123, "err_lag": -2, "err_ref": -4, "secs": 0.18}
{"seed": 9310221, "family": "lin", "window_frac": 0.05, "f": 0.9, "status": "ok", "t_c": 648, "t_fc": 951, "err_cross": -73, "err_lag": -2, "err_ref": -4, "secs": 0.18}
{"seed": 9310221, "family": "lin", "window_frac": 0.05, "f": 0.95, "status": "ok", "t_c": 695, "t_fc": 971, "err_cross": -53, "err_lag": -3, "err_ref": -4, "secs": 0.18}
{"seed": 9310221, "family": "lin", "window_frac": 0.05, "f": 0.98, "status": "ok", "t_c": 723, "t_fc": 982, "err_cross": -42, "err_lag": -2, "err_ref": -4, "secs": 0.19}
{"seed": 9310221, "family": "lin", "window_frac": 0.1, "f": 0.8, "status": "ok", "t_c": 559, "t_fc": 901, "err_cross": -123, "err_lag": -2, "err_ref": -4, "secs": 0.19}
{"seed": 9310221, "family": "lin", "window_frac": 0.1, "f": 0.9, "status": "ok", "t_c": 648, "t_fc": 951, "err_cross": -73, "err_lag": -2, "err_ref": -4, "secs": 0.18}
{"seed": 9310221, "family": "lin", "window_frac": 0.1, "f": 0.95, "status": "ok", "t_c": 695, "t_fc": 971, "err_cross": -53, "err_lag": -3, "err_ref": -4, "secs": 0.19}
{"seed": 9310221, "family": "lin", "window_frac": 0.1, "f": 0.98, "status": "ok", "t_c": 723, "t_fc": 982, "err_cross": -42, "err_lag": -2, "err_ref": -4, "secs": 0.18}
{"seed": 9310221, "family": "lin", "window_frac": 0.25, "f": 0.8, "status": "ok", "t_c": 559, "t_fc": 898, "err_cross": -126, "err_lag": -2, "err_ref": -4, "secs": 0.19}
{"seed": 9310221, "family": "lin", "window_frac": 0.25, "f": 0.9, "status": "ok", "t_c": 648, "t_fc": 944, "err_cross": -80, "err_lag": -2, "err_ref": -4, "secs": 0.18}
{"seed": 9310221, "family": "lin", "window_frac": 0.25, "f": 0.95, "status": "ok", "t_c": 695, "t_fc": 964, "err_cross": -60, "err_lag": -2, "err_ref": -4, "secs": 0.19}
{"seed": 9310221, "family": "lin", "window_frac": 0.25, "f": 0.98, "status": "ok", "t_c": 723, "t_fc": 974, "err_cross": -50, "err_lag": -2, "err_ref": -4, "secs": 0.18}
{"seed": 9310222, "family": "quad", "window_frac": 0.05, "f": 0.8, "status": "ok", "t_c": 595, "t_fc": 925, "err_cross": 19, "err_lag": -7, "err_ref": -4, "secs": 0.19}
{"seed": 9310222, "family": "quad", "window_frac": 0.05, "f": 0.9, "status": "ok", "t_c": 705, "t_fc": 904, "err_cross": -2, "err_lag": -5, "err_ref": -4, "secs": 0.19}
{"seed": 9310222, "family": "quad", "window_frac": 0.05, "f": 0.95, "status": "ok", "t_c": 763, "t_fc": 902, "err_cross": -4, "err_lag": -5, "err_ref": -4, "secs": 0.19}
{"seed": 9310222, "family": "quad", "window_frac": 0.05, "f": 0.98, "status": "ok", "t_c": 798, "t_fc": 902, "err_cross": -4, "err_lag": -4, "err_ref": -4, "secs": 0.19}
{"seed": 9310222, "family": "quad", "window_frac": 0.1, "f": 0.8, "status": "ok", "t_c": 595, "t_fc": 925, "err_cross": 19, "err_lag": -7, "err_ref": -4, "secs": 0.19}
{"seed": 9310222, "family": "quad", "window_frac": 0.1, "f": 0.9, "status": "ok", "t_c": 705, "t_fc": 904, "err_cross": -2, "err_lag": -5, "err_ref": -4, "secs": 0.19}
{"seed": 9310222, "family": "quad", "window_frac": 0.1, "f": 0.95, "status": "ok", "t_c": 763, "t_fc": 902, "err_cross": -4, "err_lag": -5, "err_ref": -4, "secs": 0.19}
{"seed": 9310222, "family": "quad", "window_frac": 0.1, "f": 0.98, "status": "ok", "t_c": 798, "t_fc": 902, "err_cross": -4, "err_lag": -4, "err_ref": -4, "secs": 0.19}
{"seed": 9310222, "family": "quad", "window_frac": 0.25, "f": 0.8, "status": "ok", "t_c": 595, "t_fc": 931, "err_cross": 25, "err_lag": -8, "err_ref": -4, "secs": 0.19}
{"seed": 9310222, "family": "quad", "window_frac": 0.25, "f": 0.9, "status": "ok", "t_c": 705, "t_fc": 905, "err_cross": -1, "err_lag": -6, "err_ref": -4, "secs": 0.19}
{"seed": 9310222, "family": "quad", "window_frac": 0.25, "f": 0.95, "status": "ok", "t_c": 763, "t_fc": 903, "err_cross": -3, "err_lag": -4, "err_ref": -4, "secs": 0.19}
{"seed": 9310222, "family": "quad", "window_frac": 0.25, "f": 0.98, "status": "ok", "t_c": 798, "t_fc": 902, "err_cross": -4, "err_lag": -5, "err_ref": -4, "secs": 0.19}
{"seed": 9310222, "family": "rate", "window_frac": 0.05, "f": 0.8, "status": "ok", "t_c": 595, "t_fc": 910, "err_cross": 4, "err_lag": -5, "err_ref": -4, "secs": 0.19}
{"seed": 9310222, "family": "rate", "window_frac": 0.05, "f": 0.9, "status": "ok", "t_c": 705, "t_fc": 903, "err_cross": -3, "err_lag": -4, "err_ref": -4, "secs": 0.19}
{"seed": 9310222, "family": "rate", "window_frac": 0.05, "f": 0.95, "status": "ok", "t_c": 763, "t_fc": 902, "err_cross": -4, "err_lag": -5, "err_ref": -4, "secs": 0.19}
{"seed": 9310222, "family": "rate", "window_frac": 0.05, "f": 0.98, "status": "ok", "t_c": 798, "t_fc": 902, "err_cross": -4, "err_lag": -4, "err_ref": -4, "secs": 0.19}
{"seed": 9310222, "family": "rate", "window_frac": 0.1, "f": 0.8, "status": "ok", "t_c": 595, "t_fc": 910, "err_cross": 4, "err_lag": -5, "err_ref": -4, "secs": 0.19}
{"seed": 9310222, "family": "rate", "window_frac": 0.1, "f": 0.9, "status": "ok", "t_c": 705, "t_fc": 903, "err_cross": -3, "err_lag": -4, "err_ref": -4, "secs": 0.19}
{"seed": 9310222, "family": "rate", "window_frac": 0.1, "f": 0.95, "status": "ok", "t_c": 763, "t_fc": 902, "err_cross": -4, "err_lag": -5, "err_ref": -4, "secs": 0.19}
{"seed": 9310222, "family": "rate", "window_frac": 0.1, "f": 0.98, "status": "ok", "t_c": 798, "t_fc": 902, "err_cross": -4, "err_lag": -4, "err_ref": -4, "secs": 0.19}
{"seed": 9310222, "family": "rate", "window_frac": 0.25, "f": 0.8, "status": "ok", "t_c": 595, "t_fc": 911, "err_cross": 5, "err_lag": -5, "err_ref": -4, "secs": 0.19}
{"seed": 9310222, "family": "rate", "window_frac": 0.25, "f": 0.9, "status": "ok", "t_c": 705, "t_fc": 904, "err_cross": -2, "err_lag": -4, "err_ref": -4, "secs": 0.19}
{"seed": 9310222, "family": "rate", "window_frac": 0.25, "f": 0.95, "status": "ok", "t_c": 763, "t_fc": 902, "err_cross": -4, "err_lag": -5, "err_ref": -4, "secs": 0.19}
{"seed": 9310222, "family": "rate", "window_frac": 0.25, "f": 0.98, "status": "ok", "t_c": 798, "t_fc": 902, "err_cross": -4, "err_lag": -4, "err_ref": -4, "secs": 0.19}
{"seed": 9310222, "family": "lin", "window_frac": 0.05, "f": 0.8, "status": "ok", "t_c": 595, "t_fc": 859, "err_cross": -47, "err_lag": -2, "err_ref": -4, "secs": 0.19}
{"seed": 9310222, "family": "lin", "window_frac": 0.05, "f": 0.9, "status": "ok", "t_c": 705, "t_fc": 891, "err_cross": -15, "err_lag": -2, "err_ref": -4, "secs": 0.19}
{"seed": 9310222, "family": "lin", "window_frac": 0.05, "f": 0.95, "status": "ok", "t_c": 763, "t_fc": 900, "err_cross": -6, "err_lag": -2, "err_ref": -4, "secs": 0.19}
{"seed": 9310222, "family": "lin", "window_frac": 0.05, "f": 0.98, "status": "ok", "t_c": 798, "t_fc": 903, "err_cross": -3, "err_lag": -2, "err_ref": -4, "secs": 0.19}
{"seed": 9310222, "family": "lin", "window_frac": 0.1, "f": 0.8, "status": "ok", "t_c": 595, "t_fc": 859, "err_cross": -47, "err_lag": -2, "err_ref": -4, "secs": 0.19}
{"seed": 9310222, "family": "lin", "window_frac": 0.1, "f": 0.9, "status": "ok", "t_c": 705, "t_fc": 891, "err_cross": -15, "err_lag": -2, "err_ref": -4, "secs": 0.19}
{"seed": 9310222, "family": "lin", "window_frac": 0.1, "f": 0.95, "status": "ok", "t_c": 763, "t_fc": 900, "err_cross": -6, "err_lag": -2, "err_ref": -4, "secs": 0.19}
{"seed": 9310222, "family": "lin", "window_frac": 0.1, "f": 0.98, "status": "ok", "t_c": 798, "t_fc": 903, "err_cross": -3, "err_lag": -2, "err_ref": -4, "secs": 0.19}
{"seed": 9310222, "family": "lin", "window_frac": 0.25, "f": 0.8, "status": "ok", "t_c": 595, "t_fc": 855, "err_cross": -51, "err_lag": -2, "err_ref": -4, "secs": 0.19}
{"seed": 9310222, "family": "lin", "window_frac": 0.25, "f": 0.9, "status": "ok", "t_c": 705, "t_fc": 886, "err_cross": -20, "err_lag": -3, "err_ref": -4, "secs": 0.19}
{"seed": 9310222, "family": "lin", "window_frac": 0.25, "f": 0.95, "status": "ok", "t_c": 763, "t_fc": 897, "err_cross": -9, "err_lag": -2, "err_ref": -4, "secs": 0.19}
{"seed": 9310222, "family": "lin", "window_frac": 0.25, "f": 0.98, "status": "ok", "t_c": 798, "t_fc": 901, "err_cross": -5, "err_lag": -3, "err_ref": -4, "secs": 0.19}
{"seed": 9310223, "family": "quad", "window_frac": 0.05, "f": 0.8, "status": "no forecast: no predicted crossing on the extrapolated path", "t_c": 2052, "t_fc": null, "err_cross": null, "err_lag": null, "err_ref": -1, "secs": 0.2}
{"seed": 9310223, "family": "quad", "window_frac": 0.05, "f": 0.9, "status": "ok", "t_c": 2138, "t_fc": 2414, "err_cross": 9, "err_lag": -7, "err_ref": -1, "secs": 0.19}
{"seed": 9310223, "family": "quad", "window_frac": 0.05, "f": 0.95, "status": "ok", "t_c": 2183, "t_fc": 2406, "err_cross": 1, "err_lag": -5, "err_ref": -1, "secs": 0.19}
{"seed": 9310223, "family": "quad", "window_frac": 0.05, "f": 0.98, "status": "ok", "t_c": 2211, "t_fc": 2405, "err_cross": 0, "err_lag": -3, "err_ref": -1, "secs": 0.19}
{"seed": 9310223, "family": "quad", "window_frac": 0.1, "f": 0.8, "status": "no forecast: no predicted crossing on the extrapolated path", "t_c": 2052, "t_fc": null, "err_cross": null, "err_lag": null, "err_ref": -1, "secs": 0.2}
{"seed": 9310223, "family": "quad", "window_frac": 0.1, "f": 0.9, "status": "ok", "t_c": 2138, "t_fc": 2414, "err_cross": 9, "err_lag": -7, "err_ref": -1, "secs": 0.19}
{"seed": 9310223, "family": "quad", "window_frac": 0.1, "f": 0.95, "status": "ok", "t_c": 2183, "t_fc": 2406, "err_cross": 1, "err_lag": -5, "err_ref": -1, "secs": 0.19}
{"seed": 9310223, "family": "quad", "window_frac": 0.1, "f": 0.98, "status": "ok", "t_c": 2211, "t_fc": 2405, "err_cross": 0, "err_lag": -3, "err_ref": -1, "secs": 0.19}
{"seed": 9310223, "family": "quad", "window_frac": 0.25, "f": 0.8, "status": "no forecast: no predicted crossing on the extrapolated path", "t_c": 2052, "t_fc": null, "err_cross": null, "err_lag": null, "err_ref": -1, "secs": 0.19}
{"seed": 9310223, "family": "quad", "window_frac": 0.25, "f": 0.9, "status": "ok", "t_c": 2138, "t_fc": 2419, "err_cross": 14, "err_lag": -8, "err_ref": -1, "secs": 0.18}
{"seed": 9310223, "family": "quad", "window_frac": 0.25, "f": 0.95, "status": "ok", "t_c": 2183, "t_fc": 2409, "err_cross": 4, "err_lag": -5, "err_ref": -1, "secs": 0.19}
{"seed": 9310223, "family": "quad", "window_frac": 0.25, "f": 0.98, "status": "ok", "t_c": 2211, "t_fc": 2406, "err_cross": 1, "err_lag": -4, "err_ref": -1, "secs": 0.19}
{"seed": 9310223, "family": "rate", "window_frac": 0.05, "f": 0.8, "status": "ok", "t_c": 2052, "t_fc": 2425, "err_cross": 20, "err_lag": -4, "err_ref": -1, "secs": 0.19}
{"seed": 9310223, "family": "rate", "window_frac": 0.05, "f": 0.9, "status": "ok", "t_c": 2138, "t_fc": 2408, "err_cross": 3, "err_lag": -3, "err_ref": -1, "secs": 0.19}
{"seed": 9310223, "family": "rate", "window_frac": 0.05, "f": 0.95, "status": "ok", "t_c": 2183, "t_fc": 2405, "err_cross": 0, "err_lag": -3, "err_ref": -1, "secs": 0.19}
{"seed": 9310223, "family": "rate", "window_frac": 0.05, "f": 0.98, "status": "ok", "t_c": 2211, "t_fc": 2405, "err_cross": 0, "err_lag": -1, "err_ref": -1, "secs": 0.19}
{"seed": 9310223, "family": "rate", "window_frac": 0.1, "f": 0.8, "status": "ok", "t_c": 2052, "t_fc": 2425, "err_cross": 20, "err_lag": -4, "err_ref": -1, "secs": 0.18}
{"seed": 9310223, "family": "rate", "window_frac": 0.1, "f": 0.9, "status": "ok", "t_c": 2138, "t_fc": 2408, "err_cross": 3, "err_lag": -3, "err_ref": -1, "secs": 0.18}
{"seed": 9310223, "family": "rate", "window_frac": 0.1, "f": 0.95, "status": "ok", "t_c": 2183, "t_fc": 2405, "err_cross": 0, "err_lag": -3, "err_ref": -1, "secs": 0.19}
{"seed": 9310223, "family": "rate", "window_frac": 0.1, "f": 0.98, "status": "ok", "t_c": 2211, "t_fc": 2405, "err_cross": 0, "err_lag": -1, "err_ref": -1, "secs": 0.19}
{"seed": 9310223, "family": "rate", "window_frac": 0.25, "f": 0.8, "status": "ok", "t_c": 2052, "t_fc": 2426, "err_cross": 21, "err_lag": -5, "err_ref": -1, "secs": 0.19}
{"seed": 9310223, "family": "rate", "window_frac": 0.25, "f": 0.9, "status": "ok", "t_c": 2138, "t_fc": 2409, "err_cross": 4, "err_lag": -3, "err_ref": -1, "secs": 0.19}
{"seed": 9310223, "family": "rate", "window_frac": 0.25, "f": 0.95, "status": "ok", "t_c": 2183, "t_fc": 2406, "err_cross": 1, "err_lag": -3, "err_ref": -1, "secs": 0.19}
{"seed": 9310223, "family": "rate", "window_frac": 0.25, "f": 0.98, "status": "ok", "t_c": 2211, "t_fc": 2405, "err_cross": 0, "err_lag": -2, "err_ref": -1, "secs": 0.19}
{"seed": 9310223, "family": "lin", "window_frac": 0.05, "f": 0.8, "status": "ok", "t_c": 2052, "t_fc": 2341, "err_cross": -64, "err_lag": 7, "err_ref": -1, "secs": 0.18}
{"seed": 9310223, "family": "lin", "window_frac": 0.05, "f": 0.9, "status": "ok", "t_c": 2138, "t_fc": 2377, "err_cross": -28, "err_lag": 5, "err_ref": -1, "secs": 0.19}
{"seed": 9310223, "family": "lin", "window_frac": 0.05, "f": 0.95, "status": "ok", "t_c": 2183, "t_fc": 2389, "err_cross": -16, "err_lag": 4, "err_ref": -1, "secs": 0.18}
{"seed": 9310223, "family": "lin", "window_frac": 0.05, "f": 0.98, "status": "ok", "t_c": 2211, "t_fc": 2395, "err_cross": -10, "err_lag": 3, "err_ref": -1, "secs": 0.19}
{"seed": 9310223, "family": "lin", "window_frac": 0.1, "f": 0.8, "status": "ok", "t_c": 2052, "t_fc": 2341, "err_cross": -64, "err_lag": 7, "err_ref": -1, "secs": 0.2}
{"seed": 9310223, "family": "lin", "window_frac": 0.1, "f": 0.9, "status": "ok", "t_c": 2138, "t_fc": 2377, "err_cross": -28, "err_lag": 5, "err_ref": -1, "secs": 0.2}
{"seed": 9310223, "family": "lin", "window_frac": 0.1, "f": 0.95, "status": "ok", "t_c": 2183, "t_fc": 2389, "err_cross": -16, "err_lag": 4, "err_ref": -1, "secs": 0.22}
{"seed": 9310223, "family": "lin", "window_frac": 0.1, "f": 0.98, "status": "ok", "t_c": 2211, "t_fc": 2395, "err_cross": -10, "err_lag": 3, "err_ref": -1, "secs": 0.19}
{"seed": 9310223, "family": "lin", "window_frac": 0.25, "f": 0.8, "status": "ok", "t_c": 2052, "t_fc": 2340, "err_cross": -65, "err_lag": 7, "err_ref": -1, "secs": 0.19}
{"seed": 9310223, "family": "lin", "window_frac": 0.25, "f": 0.9, "status": "ok", "t_c": 2138, "t_fc": 2373, "err_cross": -32, "err_lag": 6, "err_ref": -1, "secs": 0.2}
{"seed": 9310223, "family": "lin", "window_frac": 0.25, "f": 0.95, "status": "ok", "t_c": 2183, "t_fc": 2385, "err_cross": -20, "err_lag": 4, "err_ref": -1, "secs": 0.2}
{"seed": 9310223, "family": "lin", "window_frac": 0.25, "f": 0.98, "status": "ok", "t_c": 2211, "t_fc": 2392, "err_cross": -13, "err_lag": 4, "err_ref": -1, "secs": 0.19}
{"seed": 9310224, "family": "quad", "window_frac": 0.05, "f": 0.8, "status": "no forecast: no predicted crossing on the extrapolated path", "t_c": 2538, "t_fc": null, "err_cross": null, "err_lag": null, "err_ref": -3, "secs": 0.2}
{"seed": 9310224, "family": "quad", "window_frac": 0.05, "f": 0.9, "status": "ok", "t_c": 2617, "t_fc": 2960, "err_cross": 36, "err_lag": -8, "err_ref": -3, "secs": 0.19}
{"seed": 9310224, "family": "quad", "window_frac": 0.05, "f": 0.95, "status": "ok", "t_c": 2659, "t_fc": 2935, "err_cross": 11, "err_lag": -6, "err_ref": -3, "secs": 0.2}
{"seed": 9310224, "family": "quad", "window_frac": 0.05, "f": 0.98, "status": "ok", "t_c": 2684, "t_fc": 2929, "err_cross": 5, "err_lag": -5, "err_ref": -3, "secs": 0.19}
{"seed": 9310224, "family": "quad", "window_frac": 0.1, "f": 0.8, "status": "no forecast: no predicted crossing on the extrapolated path", "t_c": 2538, "t_fc": null, "err_cross": null, "err_lag": null, "err_ref": -3, "secs": 0.2}
{"seed": 9310224, "family": "quad", "window_frac": 0.1, "f": 0.9, "status": "ok", "t_c": 2617, "t_fc": 2960, "err_cross": 36, "err_lag": -8, "err_ref": -3, "secs": 0.19}
{"seed": 9310224, "family": "quad", "window_frac": 0.1, "f": 0.95, "status": "ok", "t_c": 2659, "t_fc": 2935, "err_cross": 11, "err_lag": -6, "err_ref": -3, "secs": 0.2}
{"seed": 9310224, "family": "quad", "window_frac": 0.1, "f": 0.98, "status": "ok", "t_c": 2684, "t_fc": 2929, "err_cross": 5, "err_lag": -5, "err_ref": -3, "secs": 0.19}
{"seed": 9310224, "family": "quad", "window_frac": 0.25, "f": 0.8, "status": "no forecast: no predicted crossing on the extrapolated path", "t_c": 2538, "t_fc": null, "err_cross": null, "err_lag": null, "err_ref": -3, "secs": 0.2}
{"seed": 9310224, "family": "quad", "window_frac": 0.25, "f": 0.9, "status": "ok", "t_c": 2617, "t_fc": 2974, "err_cross": 50, "err_lag": -10, "err_ref": -3, "secs": 0.19}
{"seed": 9310224, "family": "quad", "window_frac": 0.25, "f": 0.95, "status": "ok", "t_c": 2659, "t_fc": 2942, "err_cross": 18, "err_lag": -6, "err_ref": -3, "secs": 0.19}
{"seed": 9310224, "family": "quad", "window_frac": 0.25, "f": 0.98, "status": "ok", "t_c": 2684, "t_fc": 2933, "err_cross": 9, "err_lag": -6, "err_ref": -3, "secs": 0.19}
{"seed": 9310224, "family": "rate", "window_frac": 0.05, "f": 0.8, "status": "ok", "t_c": 2538, "t_fc": 2961, "err_cross": 37, "err_lag": -4, "err_ref": -3, "secs": 0.19}
{"seed": 9310224, "family": "rate", "window_frac": 0.05, "f": 0.9, "status": "ok", "t_c": 2617, "t_fc": 2932, "err_cross": 8, "err_lag": -4, "err_ref": -3, "secs": 0.19}
{"seed": 9310224, "family": "rate", "window_frac": 0.05, "f": 0.95, "status": "ok", "t_c": 2659, "t_fc": 2926, "err_cross": 2, "err_lag": -4, "err_ref": -3, "secs": 0.19}
{"seed": 9310224, "family": "rate", "window_frac": 0.05, "f": 0.98, "status": "ok", "t_c": 2684, "t_fc": 2924, "err_cross": 0, "err_lag": -4, "err_ref": -3, "secs": 0.19}
{"seed": 9310224, "family": "rate", "window_frac": 0.1, "f": 0.8, "status": "ok", "t_c": 2538, "t_fc": 2961, "err_cross": 37, "err_lag": -4, "err_ref": -3, "secs": 0.19}
{"seed": 9310224, "family": "rate", "window_frac": 0.1, "f": 0.9, "status": "ok", "t_c": 2617, "t_fc": 2932, "err_cross": 8, "err_lag": -4, "err_ref": -3, "secs": 0.19}
{"seed": 9310224, "family": "rate", "window_frac": 0.1, "f": 0.95, "status": "ok", "t_c": 2659, "t_fc": 2926, "err_cross": 2, "err_lag": -4, "err_ref": -3, "secs": 0.2}
{"seed": 9310224, "family": "rate", "window_frac": 0.1, "f": 0.98, "status": "ok", "t_c": 2684, "t_fc": 2924, "err_cross": 0, "err_lag": -4, "err_ref": -3, "secs": 0.2}
{"seed": 9310224, "family": "rate", "window_frac": 0.25, "f": 0.8, "status": "ok", "t_c": 2538, "t_fc": 2962, "err_cross": 38, "err_lag": -4, "err_ref": -3, "secs": 0.19}
{"seed": 9310224, "family": "rate", "window_frac": 0.25, "f": 0.9, "status": "ok", "t_c": 2617, "t_fc": 2934, "err_cross": 10, "err_lag": -4, "err_ref": -3, "secs": 0.19}
{"seed": 9310224, "family": "rate", "window_frac": 0.25, "f": 0.95, "status": "ok", "t_c": 2659, "t_fc": 2928, "err_cross": 4, "err_lag": -4, "err_ref": -3, "secs": 0.19}
{"seed": 9310224, "family": "rate", "window_frac": 0.25, "f": 0.98, "status": "ok", "t_c": 2684, "t_fc": 2925, "err_cross": 1, "err_lag": -4, "err_ref": -3, "secs": 0.19}
{"seed": 9310224, "family": "lin", "window_frac": 0.05, "f": 0.8, "status": "ok", "t_c": 2538, "t_fc": 2830, "err_cross": -94, "err_lag": -1, "err_ref": -3, "secs": 0.19}
{"seed": 9310224, "family": "lin", "window_frac": 0.05, "f": 0.9, "status": "ok", "t_c": 2617, "t_fc": 2871, "err_cross": -53, "err_lag": -2, "err_ref": -3, "secs": 0.19}
{"seed": 9310224, "family": "lin", "window_frac": 0.05, "f": 0.95, "status": "ok", "t_c": 2659, "t_fc": 2887, "err_cross": -37, "err_lag": -2, "err_ref": -3, "secs": 0.19}
{"seed": 9310224, "family": "lin", "window_frac": 0.05, "f": 0.98, "status": "ok", "t_c": 2684, "t_fc": 2895, "err_cross": -29, "err_lag": -2, "err_ref": -3, "secs": 0.19}
{"seed": 9310224, "family": "lin", "window_frac": 0.1, "f": 0.8, "status": "ok", "t_c": 2538, "t_fc": 2830, "err_cross": -94, "err_lag": -1, "err_ref": -3, "secs": 0.19}
{"seed": 9310224, "family": "lin", "window_frac": 0.1, "f": 0.9, "status": "ok", "t_c": 2617, "t_fc": 2871, "err_cross": -53, "err_lag": -2, "err_ref": -3, "secs": 0.19}
{"seed": 9310224, "family": "lin", "window_frac": 0.1, "f": 0.95, "status": "ok", "t_c": 2659, "t_fc": 2887, "err_cross": -37, "err_lag": -2, "err_ref": -3, "secs": 0.19}
{"seed": 9310224, "family": "lin", "window_frac": 0.1, "f": 0.98, "status": "ok", "t_c": 2684, "t_fc": 2895, "err_cross": -29, "err_lag": -2, "err_ref": -3, "secs": 0.19}
{"seed": 9310224, "family": "lin", "window_frac": 0.25, "f": 0.8, "status": "ok", "t_c": 2538, "t_fc": 2829, "err_cross": -95, "err_lag": -2, "err_ref": -3, "secs": 0.19}
{"seed": 9310224, "family": "lin", "window_frac": 0.25, "f": 0.9, "status": "ok", "t_c": 2617, "t_fc": 2866, "err_cross": -58, "err_lag": -2, "err_ref": -3, "secs": 0.19}
{"seed": 9310224, "family": "lin", "window_frac": 0.25, "f": 0.95, "status": "ok", "t_c": 2659, "t_fc": 2882, "err_cross": -42, "err_lag": -2, "err_ref": -3, "secs": 0.19}
{"seed": 9310224, "family": "lin", "window_frac": 0.25, "f": 0.98, "status": "ok", "t_c": 2684, "t_fc": 2890, "err_cross": -34, "err_lag": -2, "err_ref": -3, "secs": 0.19}
{"seed": 9310225, "family": "quad", "window_frac": 0.05, "f": 0.8, "status": "ok", "t_c": 699, "t_fc": 1109, "err_cross": 24, "err_lag": -8, "err_ref": -5, "secs": 0.21}
{"seed": 9310225, "family": "quad", "window_frac": 0.05, "f": 0.9, "status": "ok", "t_c": 840, "t_fc": 1082, "err_cross": -3, "err_lag": -6, "err_ref": -5, "secs": 0.2}
{"seed": 9310225, "family": "quad", "window_frac": 0.05, "f": 0.95, "status": "ok", "t_c": 915, "t_fc": 1080, "err_cross": -5, "err_lag": -5, "err_ref": -5, "secs": 0.2}
{"seed": 9310225, "family": "quad", "window_frac": 0.05, "f": 0.98, "status": "ok", "t_c": 960, "t_fc": 1080, "err_cross": -5, "err_lag": -5, "err_ref": -5, "secs": 0.2}
{"seed": 9310225, "family": "quad", "window_frac": 0.1, "f": 0.8, "status": "ok", "t_c": 699, "t_fc": 1109, "err_cross": 24, "err_lag": -8, "err_ref": -5, "secs": 0.2}
{"seed": 9310225, "family": "quad", "window_frac": 0.1, "f": 0.9, "status": "ok", "t_c": 840, "t_fc": 1082, "err_cross": -3, "err_lag": -6, "err_ref": -5, "secs": 0.2}
{"seed": 9310225, "family": "quad", "window_frac": 0.1, "f": 0.95, "status": "ok", "t_c": 915, "t_fc": 1080, "err_cross": -5, "err_lag": -6, "err_ref": -5, "secs": 0.2}
{"seed": 9310225, "family": "quad", "window_frac": 0.1, "f": 0.98, "status": "ok", "t_c": 960, "t_fc": 1080, "err_cross": -5, "err_lag": -5, "err_ref": -5, "secs": 0.2}
{"seed": 9310225, "family": "quad", "window_frac": 0.25, "f": 0.8, "status": "ok", "t_c": 699, "t_fc": 1121, "err_cross": 36, "err_lag": -9, "err_ref": -5, "secs": 0.2}
{"seed": 9310225, "family": "quad", "window_frac": 0.25, "f": 0.9, "status": "ok", "t_c": 840, "t_fc": 1084, "err_cross": -1, "err_lag": -7, "err_ref": -5, "secs": 0.2}
{"seed": 9310225, "family": "quad", "window_frac": 0.25, "f": 0.95, "status": "ok", "t_c": 915, "t_fc": 1081, "err_cross": -4, "err_lag": -5, "err_ref": -5, "secs": 0.2}
{"seed": 9310225, "family": "quad", "window_frac": 0.25, "f": 0.98, "status": "ok", "t_c": 960, "t_fc": 1080, "err_cross": -5, "err_lag": -5, "err_ref": -5, "secs": 0.2}
{"seed": 9310225, "family": "rate", "window_frac": 0.05, "f": 0.8, "status": "ok", "t_c": 699, "t_fc": 1089, "err_cross": 4, "err_lag": -6, "err_ref": -5, "secs": 0.2}
{"seed": 9310225, "family": "rate", "window_frac": 0.05, "f": 0.9, "status": "ok", "t_c": 840, "t_fc": 1081, "err_cross": -4, "err_lag": -5, "err_ref": -5, "secs": 0.2}
{"seed": 9310225, "family": "rate", "window_frac": 0.05, "f": 0.95, "status": "ok", "t_c": 915, "t_fc": 1080, "err_cross": -5, "err_lag": -5, "err_ref": -5, "secs": 0.2}
{"seed": 9310225, "family": "rate", "window_frac": 0.05, "f": 0.98, "status": "ok", "t_c": 960, "t_fc": 1080, "err_cross": -5, "err_lag": -5, "err_ref": -5, "secs": 0.2}
{"seed": 9310225, "family": "rate", "window_frac": 0.1, "f": 0.8, "status": "ok", "t_c": 699, "t_fc": 1089, "err_cross": 4, "err_lag": -6, "err_ref": -5, "secs": 0.2}
{"seed": 9310225, "family": "rate", "window_frac": 0.1, "f": 0.9, "status": "ok", "t_c": 840, "t_fc": 1081, "err_cross": -4, "err_lag": -5, "err_ref": -5, "secs": 0.2}
{"seed": 9310225, "family": "rate", "window_frac": 0.1, "f": 0.95, "status": "ok", "t_c": 915, "t_fc": 1080, "err_cross": -5, "err_lag": -5, "err_ref": -5, "secs": 0.2}
{"seed": 9310225, "family": "rate", "window_frac": 0.1, "f": 0.98, "status": "ok", "t_c": 960, "t_fc": 1080, "err_cross": -5, "err_lag": -5, "err_ref": -5, "secs": 0.2}
{"seed": 9310225, "family": "rate", "window_frac": 0.25, "f": 0.8, "status": "ok", "t_c": 699, "t_fc": 1092, "err_cross": 7, "err_lag": -6, "err_ref": -5, "secs": 0.2}
{"seed": 9310225, "family": "rate", "window_frac": 0.25, "f": 0.9, "status": "ok", "t_c": 840, "t_fc": 1082, "err_cross": -3, "err_lag": -5, "err_ref": -5, "secs": 0.2}
{"seed": 9310225, "family": "rate", "window_frac": 0.25, "f": 0.95, "status": "ok", "t_c": 915, "t_fc": 1080, "err_cross": -5, "err_lag": -6, "err_ref": -5, "secs": 0.2}
{"seed": 9310225, "family": "rate", "window_frac": 0.25, "f": 0.98, "status": "ok", "t_c": 960, "t_fc": 1080, "err_cross": -5, "err_lag": -5, "err_ref": -5, "secs": 0.2}
{"seed": 9310225, "family": "lin", "window_frac": 0.05, "f": 0.8, "status": "ok", "t_c": 699, "t_fc": 1025, "err_cross": -60, "err_lag": -3, "err_ref": -5, "secs": 0.2}
{"seed": 9310225, "family": "lin", "window_frac": 0.05, "f": 0.9, "status": "ok", "t_c": 840, "t_fc": 1065, "err_cross": -20, "err_lag": -4, "err_ref": -5, "secs": 0.2}
{"seed": 9310225, "family": "lin", "window_frac": 0.05, "f": 0.95, "status": "ok", "t_c": 915, "t_fc": 1076, "err_cross": -9, "err_lag": -4, "err_ref": -5, "secs": 0.2}
{"seed": 9310225, "family": "lin", "window_frac": 0.05, "f": 0.98, "status": "ok", "t_c": 960, "t_fc": 1080, "err_cross": -5, "err_lag": -4, "err_ref": -5, "secs": 0.2}
{"seed": 9310225, "family": "lin", "window_frac": 0.1, "f": 0.8, "status": "ok", "t_c": 699, "t_fc": 1025, "err_cross": -60, "err_lag": -3, "err_ref": -5, "secs": 0.2}
{"seed": 9310225, "family": "lin", "window_frac": 0.1, "f": 0.9, "status": "ok", "t_c": 840, "t_fc": 1065, "err_cross": -20, "err_lag": -3, "err_ref": -5, "secs": 0.2}
{"seed": 9310225, "family": "lin", "window_frac": 0.1, "f": 0.95, "status": "ok", "t_c": 915, "t_fc": 1076, "err_cross": -9, "err_lag": -4, "err_ref": -5, "secs": 0.21}
{"seed": 9310225, "family": "lin", "window_frac": 0.1, "f": 0.98, "status": "ok", "t_c": 960, "t_fc": 1080, "err_cross": -5, "err_lag": -4, "err_ref": -5, "secs": 0.2}
{"seed": 9310225, "family": "lin", "window_frac": 0.25, "f": 0.8, "status": "ok", "t_c": 699, "t_fc": 1017, "err_cross": -68, "err_lag": -4, "err_ref": -5, "secs": 0.2}
{"seed": 9310225, "family": "lin", "window_frac": 0.25, "f": 0.9, "status": "ok", "t_c": 840, "t_fc": 1059, "err_cross": -26, "err_lag": -3, "err_ref": -5, "secs": 0.2}
{"seed": 9310225, "family": "lin", "window_frac": 0.25, "f": 0.95, "status": "ok", "t_c": 915, "t_fc": 1072, "err_cross": -13, "err_lag": -4, "err_ref": -5, "secs": 0.2}
{"seed": 9310225, "family": "lin", "window_frac": 0.25, "f": 0.98, "status": "ok", "t_c": 960, "t_fc": 1078, "err_cross": -7, "err_lag": -4, "err_ref": -5, "secs": 0.2}
{"seed": 9310226, "family": "quad", "window_frac": 0.05, "f": 0.8, "status": "ok", "t_c": 462, "t_fc": 687, "err_cross": 3, "err_lag": -8, "err_ref": -4, "secs": 0.19}
{"seed": 9310226, "family": "quad", "window_frac": 0.05, "f": 0.9, "status": "ok", "t_c": 548, "t_fc": 680, "err_cross": -4, "err_lag": -5, "err_ref": -4, "secs": 0.19}
{"seed": 9310226, "family": "quad", "window_frac": 0.05, "f": 0.95, "status": "ok", "t_c": 594, "t_fc": 679, "err_cross": -5, "err_lag": -5, "err_ref": -4, "secs": 0.18}
{"seed": 9310226, "family": "quad", "window_frac": 0.05, "f": 0.98, "status": "ok", "t_c": 621, "t_fc": 680, "err_cross": -4, "err_lag": -4, "err_ref": -4, "secs": 0.19}
{"seed": 9310226, "family": "quad", "window_frac": 0.1, "f": 0.8, "status": "ok", "t_c": 462, "t_fc": 687, "err_cross": 3, "err_lag": -8, "err_ref": -4, "secs": 0.19}
{"seed": 9310226, "family": "quad", "window_frac": 0.1, "f": 0.9, "status": "ok", "t_c": 548, "t_fc": 680, "err_cross": -4, "err_lag": -5, "err_ref": -4, "secs": 0.18}
{"seed": 9310226, "family": "quad", "window_frac": 0.1, "f": 0.95, "status": "ok", "t_c": 594, "t_fc": 679, "err_cross": -5, "err_lag": -5, "err_ref": -4, "secs": 0.19}
{"seed": 9310226, "family": "quad", "window_frac": 0.1, "f": 0.98, "status": "ok", "t_c": 621, "t_fc": 680, "err_cross": -4, "err_lag": -4, "err_ref": -4, "secs": 0.19}
{"seed": 9310226, "family": "quad", "window_frac": 0.25, "f": 0.8, "status": "ok", "t_c": 462, "t_fc": 688, "err_cross": 4, "err_lag": -8, "err_ref": -4, "secs": 0.18}
{"seed": 9310226, "family": "quad", "window_frac": 0.25, "f": 0.9, "status": "ok", "t_c": 548, "t_fc": 680, "err_cross": -4, "err_lag": -5, "err_ref": -4, "secs": 0.19}
{"seed": 9310226, "family": "quad", "window_frac": 0.25, "f": 0.95, "status": "ok", "t_c": 594, "t_fc": 679, "err_cross": -5, "err_lag": -5, "err_ref": -4, "secs": 0.19}
{"seed": 9310226, "family": "quad", "window_frac": 0.25, "f": 0.98, "status": "ok", "t_c": 621, "t_fc": 679, "err_cross": -5, "err_lag": -5, "err_ref": -4, "secs": 0.18}
{"seed": 9310226, "family": "rate", "window_frac": 0.05, "f": 0.8, "status": "ok", "t_c": 462, "t_fc": 683, "err_cross": -1, "err_lag": -5, "err_ref": -4, "secs": 0.19}
{"seed": 9310226, "family": "rate", "window_frac": 0.05, "f": 0.9, "status": "ok", "t_c": 548, "t_fc": 680, "err_cross": -4, "err_lag": -4, "err_ref": -4, "secs": 0.19}
{"seed": 9310226, "family": "rate", "window_frac": 0.05, "f": 0.95, "status": "ok", "t_c": 594, "t_fc": 680, "err_cross": -4, "err_lag": -4, "err_ref": -4, "secs": 0.19}
{"seed": 9310226, "family": "rate", "window_frac": 0.05, "f": 0.98, "status": "ok", "t_c": 621, "t_fc": 680, "err_cross": -4, "err_lag": -4, "err_ref": -4, "secs": 0.19}
{"seed": 9310226, "family": "rate", "window_frac": 0.1, "f": 0.8, "status": "ok", "t_c": 462, "t_fc": 683, "err_cross": -1, "err_lag": -5, "err_ref": -4, "secs": 0.18}
{"seed": 9310226, "family": "rate", "window_frac": 0.1, "f": 0.9, "status": "ok", "t_c": 548, "t_fc": 680, "err_cross": -4, "err_lag": -4, "err_ref": -4, "secs": 0.19}
{"seed": 9310226, "family": "rate", "window_frac": 0.1, "f": 0.95, "status": "ok", "t_c": 594, "t_fc": 680, "err_cross": -4, "err_lag": -4, "err_ref": -4, "secs": 0.19}
{"seed": 9310226, "family": "rate", "window_frac": 0.1, "f": 0.98, "status": "ok", "t_c": 621, "t_fc": 680, "err_cross": -4, "err_lag": -4, "err_ref": -4, "secs": 0.18}
{"seed": 9310226, "family": "rate", "window_frac": 0.25, "f": 0.8, "status": "ok", "t_c": 462, "t_fc": 683, "err_cross": -1, "err_lag": -5, "err_ref": -4, "secs": 0.19}
{"seed": 9310226, "family": "rate", "window_frac": 0.25, "f": 0.9, "status": "ok", "t_c": 548, "t_fc": 680, "err_cross": -4, "err_lag": -5, "err_ref": -4, "secs": 0.19}
{"seed": 9310226, "family": "rate", "window_frac": 0.25, "f": 0.95, "status": "ok", "t_c": 594, "t_fc": 680, "err_cross": -4, "err_lag": -4, "err_ref": -4, "secs": 0.19}
{"seed": 9310226, "family": "rate", "window_frac": 0.25, "f": 0.98, "status": "ok", "t_c": 621, "t_fc": 680, "err_cross": -4, "err_lag": -4, "err_ref": -4, "secs": 0.19}
{"seed": 9310226, "family": "lin", "window_frac": 0.05, "f": 0.8, "status": "ok", "t_c": 462, "t_fc": 657, "err_cross": -27, "err_lag": -2, "err_ref": -4, "secs": 0.19}
{"seed": 9310226, "family": "lin", "window_frac": 0.05, "f": 0.9, "status": "ok", "t_c": 548, "t_fc": 677, "err_cross": -7, "err_lag": -2, "err_ref": -4, "secs": 0.19}
{"seed": 9310226, "family": "lin", "window_frac": 0.05, "f": 0.95, "status": "ok", "t_c": 594, "t_fc": 681, "err_cross": -3, "err_lag": -3, "err_ref": -4, "secs": 0.19}
{"seed": 9310226, "family": "lin", "window_frac": 0.05, "f": 0.98, "status": "ok", "t_c": 621, "t_fc": 682, "err_cross": -2, "err_lag": -2, "err_ref": -4, "secs": 0.19}
{"seed": 9310226, "family": "lin", "window_frac": 0.1, "f": 0.8, "status": "ok", "t_c": 462, "t_fc": 657, "err_cross": -27, "err_lag": -2, "err_ref": -4, "secs": 0.18}
{"seed": 9310226, "family": "lin", "window_frac": 0.1, "f": 0.9, "status": "ok", "t_c": 548, "t_fc": 677, "err_cross": -7, "err_lag": -2, "err_ref": -4, "secs": 0.19}
{"seed": 9310226, "family": "lin", "window_frac": 0.1, "f": 0.95, "status": "ok", "t_c": 594, "t_fc": 681, "err_cross": -3, "err_lag": -3, "err_ref": -4, "secs": 0.19}
{"seed": 9310226, "family": "lin", "window_frac": 0.1, "f": 0.98, "status": "ok", "t_c": 621, "t_fc": 682, "err_cross": -2, "err_lag": -2, "err_ref": -4, "secs": 0.18}
{"seed": 9310226, "family": "lin", "window_frac": 0.25, "f": 0.8, "status": "ok", "t_c": 462, "t_fc": 656, "err_cross": -28, "err_lag": -2, "err_ref": -4, "secs": 0.19}
{"seed": 9310226, "family": "lin", "window_frac": 0.25, "f": 0.9, "status": "ok", "t_c": 548, "t_fc": 675, "err_cross": -9, "err_lag": -2, "err_ref": -4, "secs": 0.19}
{"seed": 9310226, "family": "lin", "window_frac": 0.25, "f": 0.95, "status": "ok", "t_c": 594, "t_fc": 681, "err_cross": -3, "err_lag": -2, "err_ref": -4, "secs": 0.18}
{"seed": 9310226, "family": "lin", "window_frac": 0.25, "f": 0.98, "status": "ok", "t_c": 621, "t_fc": 683, "err_cross": -1, "err_lag": -1, "err_ref": -4, "secs": 0.19}
{"seed": 9310227, "family": "quad", "window_frac": 0.05, "f": 0.8, "status": "ok", "t_c": 470, "t_fc": 873, "err_cross": 80, "err_lag": -37, "err_ref": -3, "secs": 0.19}
{"seed": 9310227, "family": "quad", "window_frac": 0.05, "f": 0.9, "status": "ok", "t_c": 552, "t_fc": 796, "err_cross": 3, "err_lag": -7, "err_ref": -3, "secs": 0.19}
{"seed": 9310227, "family": "quad", "window_frac": 0.05, "f": 0.95, "status": "ok", "t_c": 594, "t_fc": 791, "err_cross": -2, "err_lag": -5, "err_ref": -3, "secs": 0.19}
{"seed": 9310227, "family": "quad", "window_frac": 0.05, "f": 0.98, "status": "ok", "t_c": 620, "t_fc": 790, "err_cross": -3, "err_lag": -5, "err_ref": -3, "secs": 0.19}
{"seed": 9310227, "family": "quad", "window_frac": 0.1, "f": 0.8, "status": "ok", "t_c": 470, "t_fc": 873, "err_cross": 80, "err_lag": -37, "err_ref": -3, "secs": 0.19}
{"seed": 9310227, "family": "quad", "window_frac": 0.1, "f": 0.9, "status": "ok", "t_c": 552, "t_fc": 796, "err_cross": 3, "err_lag": -7, "err_ref": -3, "secs": 0.19}
{"seed": 9310227, "family": "quad", "window_frac": 0.1, "f": 0.95, "status": "ok", "t_c": 594, "t_fc": 791, "err_cross": -2, "err_lag": -5, "err_ref": -3, "secs": 0.19}
{"seed": 9310227, "family": "quad", "window_frac": 0.1, "f": 0.98, "status": "ok", "t_c": 620, "t_fc": 790, "err_cross": -3, "err_lag": -5, "err_ref": -3, "secs": 0.19}
{"seed": 9310227, "family": "quad", "window_frac": 0.25, "f": 0.8, "status": "ok", "t_c": 470, "t_fc": 884, "err_cross": 91, "err_lag": null, "err_ref": -3, "secs": 0.19}
{"seed": 9310227, "family": "quad", "window_frac": 0.25, "f": 0.9, "status": "ok", "t_c": 552, "t_fc": 799, "err_cross": 6, "err_lag": -8, "err_ref": -3, "secs": 0.19}
{"seed": 9310227, "family": "quad", "window_frac": 0.25, "f": 0.95, "status": "ok", "t_c": 594, "t_fc": 792, "err_cross": -1, "err_lag": -6, "err_ref": -3, "secs": 0.19}
{"seed": 9310227, "family": "quad", "window_frac": 0.25, "f": 0.98, "status": "ok", "t_c": 620, "t_fc": 791, "err_cross": -2, "err_lag": -5, "err_ref": -3, "secs": 0.19}
{"seed": 9310227, "family": "rate", "window_frac": 0.05, "f": 0.8, "status": "ok", "t_c": 470, "t_fc": 805, "err_cross": 12, "err_lag": -5, "err_ref": -3, "secs": 0.19}
{"seed": 9310227, "family": "rate", "window_frac": 0.05, "f": 0.9, "status": "ok", "t_c": 552, "t_fc": 792, "err_cross": -1, "err_lag": -5, "err_ref": -3, "secs": 0.19}
{"seed": 9310227, "family": "rate", "window_frac": 0.05, "f": 0.95, "status": "ok", "t_c": 594, "t_fc": 790, "err_cross": -3, "err_lag": -4, "err_ref": -3, "secs": 0.18}
{"seed": 9310227, "family": "rate", "window_frac": 0.05, "f": 0.98, "status": "ok", "t_c": 620, "t_fc": 790, "err_cross": -3, "err_lag": -4, "err_ref": -3, "secs": 0.19}
{"seed": 9310227, "family": "rate", "window_frac": 0.1, "f": 0.8, "status": "ok", "t_c": 470, "t_fc": 805, "err_cross": 12, "err_lag": -5, "err_ref": -3, "secs": 0.19}
{"seed": 9310227, "family": "rate", "window_frac": 0.1, "f": 0.9, "status": "ok", "t_c": 552, "t_fc": 792, "err_cross": -1, "err_lag": -5, "err_ref": -3, "secs": 0.19}
{"seed": 9310227, "family": "rate", "window_frac": 0.1, "f": 0.95, "status": "ok", "t_c": 594, "t_fc": 790, "err_cross": -3, "err_lag": -4, "err_ref": -3, "secs": 0.19}
{"seed": 9310227, "family": "rate", "window_frac": 0.1, "f": 0.98, "status": "ok", "t_c": 620, "t_fc": 790, "err_cross": -3, "err_lag": -4, "err_ref": -3, "secs": 0.18}
{"seed": 9310227, "family": "rate", "window_frac": 0.25, "f": 0.8, "status": "ok", "t_c": 470, "t_fc": 806, "err_cross": 13, "err_lag": -5, "err_ref": -3, "secs": 0.19}
{"seed": 9310227, "family": "rate", "window_frac": 0.25, "f": 0.9, "status": "ok", "t_c": 552, "t_fc": 793, "err_cross": 0, "err_lag": -5, "err_ref": -3, "secs": 0.19}
{"seed": 9310227, "family": "rate", "window_frac": 0.25, "f": 0.95, "status": "ok", "t_c": 594, "t_fc": 791, "err_cross": -2, "err_lag": -4, "err_ref": -3, "secs": 0.19}
{"seed": 9310227, "family": "rate", "window_frac": 0.25, "f": 0.98, "status": "ok", "t_c": 620, "t_fc": 790, "err_cross": -3, "err_lag": -4, "err_ref": -3, "secs": 0.19}
{"seed": 9310227, "family": "lin", "window_frac": 0.05, "f": 0.8, "status": "ok", "t_c": 470, "t_fc": 733, "err_cross": -60, "err_lag": 0, "err_ref": -3, "secs": 0.18}
{"seed": 9310227, "family": "lin", "window_frac": 0.05, "f": 0.9, "status": "ok", "t_c": 552, "t_fc": 766, "err_cross": -27, "err_lag": 0, "err_ref": -3, "secs": 0.19}
{"seed": 9310227, "family": "lin", "window_frac": 0.05, "f": 0.95, "status": "ok", "t_c": 594, "t_fc": 777, "err_cross": -16, "err_lag": -1, "err_ref": -3, "secs": 0.19}
{"seed": 9310227, "family": "lin", "window_frac": 0.05, "f": 0.98, "status": "ok", "t_c": 620, "t_fc": 783, "err_cross": -10, "err_lag": 0, "err_ref": -3, "secs": 0.18}
{"seed": 9310227, "family": "lin", "window_frac": 0.1, "f": 0.8, "status": "ok", "t_c": 470, "t_fc": 733, "err_cross": -60, "err_lag": 0, "err_ref": -3, "secs": 0.19}
{"seed": 9310227, "family": "lin", "window_frac": 0.1, "f": 0.9, "status": "ok", "t_c": 552, "t_fc": 766, "err_cross": -27, "err_lag": 0, "err_ref": -3, "secs": 0.18}
{"seed": 9310227, "family": "lin", "window_frac": 0.1, "f": 0.95, "status": "ok", "t_c": 594, "t_fc": 777, "err_cross": -16, "err_lag": -1, "err_ref": -3, "secs": 0.19}
{"seed": 9310227, "family": "lin", "window_frac": 0.1, "f": 0.98, "status": "ok", "t_c": 620, "t_fc": 783, "err_cross": -10, "err_lag": 0, "err_ref": -3, "secs": 0.19}
{"seed": 9310227, "family": "lin", "window_frac": 0.25, "f": 0.8, "status": "ok", "t_c": 470, "t_fc": 733, "err_cross": -60, "err_lag": 1, "err_ref": -3, "secs": 0.18}
{"seed": 9310227, "family": "lin", "window_frac": 0.25, "f": 0.9, "status": "ok", "t_c": 552, "t_fc": 763, "err_cross": -30, "err_lag": 0, "err_ref": -3, "secs": 0.19}
{"seed": 9310227, "family": "lin", "window_frac": 0.25, "f": 0.95, "status": "ok", "t_c": 594, "t_fc": 774, "err_cross": -19, "err_lag": 0, "err_ref": -3, "secs": 0.18}
{"seed": 9310227, "family": "lin", "window_frac": 0.25, "f": 0.98, "status": "ok", "t_c": 620, "t_fc": 780, "err_cross": -13, "err_lag": 0, "err_ref": -3, "secs": 0.19}
{"seed": 9310228, "family": "quad", "window_frac": 0.05, "f": 0.8, "status": "no cutoff: s never reaches f\u00b7s_ref in the saved path", "t_c": null, "t_fc": null, "err_cross": null, "err_lag": null, "err_ref": null, "secs": 0.0}
{"seed": 9310228, "family": "quad", "window_frac": 0.05, "f": 0.9, "status": "no cutoff: s never reaches f\u00b7s_ref in the saved path", "t_c": null, "t_fc": null, "err_cross": null, "err_lag": null, "err_ref": null, "secs": 0.0}
{"seed": 9310228, "family": "quad", "window_frac": 0.05, "f": 0.95, "status": "no cutoff: s never reaches f\u00b7s_ref in the saved path", "t_c": null, "t_fc": null, "err_cross": null, "err_lag": null, "err_ref": null, "secs": 0.0}
{"seed": 9310228, "family": "quad", "window_frac": 0.05, "f": 0.98, "status": "no cutoff: s never reaches f\u00b7s_ref in the saved path", "t_c": null, "t_fc": null, "err_cross": null, "err_lag": null, "err_ref": null, "secs": 0.0}
{"seed": 9310228, "family": "quad", "window_frac": 0.1, "f": 0.8, "status": "no cutoff: s never reaches f\u00b7s_ref in the saved path", "t_c": null, "t_fc": null, "err_cross": null, "err_lag": null, "err_ref": null, "secs": 0.0}
{"seed": 9310228, "family": "quad", "window_frac": 0.1, "f": 0.9, "status": "no cutoff: s never reaches f\u00b7s_ref in the saved path", "t_c": null, "t_fc": null, "err_cross": null, "err_lag": null, "err_ref": null, "secs": 0.0}
{"seed": 9310228, "family": "quad", "window_frac": 0.1, "f": 0.95, "status": "no cutoff: s never reaches f\u00b7s_ref in the saved path", "t_c": null, "t_fc": null, "err_cross": null, "err_lag": null, "err_ref": null, "secs": 0.0}
{"seed": 9310228, "family": "quad", "window_frac": 0.1, "f": 0.98, "status": "no cutoff: s never reaches f\u00b7s_ref in the saved path", "t_c": null, "t_fc": null, "err_cross": null, "err_lag": null, "err_ref": null, "secs": 0.0}
{"seed": 9310228, "family": "quad", "window_frac": 0.25, "f": 0.8, "status": "no cutoff: s never reaches f\u00b7s_ref in the saved path", "t_c": null, "t_fc": null, "err_cross": null, "err_lag": null, "err_ref": null, "secs": 0.0}
{"seed": 9310228, "family": "quad", "window_frac": 0.25, "f": 0.9, "status": "no cutoff: s never reaches f\u00b7s_ref in the saved path", "t_c": null, "t_fc": null, "err_cross": null, "err_lag": null, "err_ref": null, "secs": 0.0}
{"seed": 9310228, "family": "quad", "window_frac": 0.25, "f": 0.95, "status": "no cutoff: s never reaches f\u00b7s_ref in the saved path", "t_c": null, "t_fc": null, "err_cross": null, "err_lag": null, "err_ref": null, "secs": 0.0}
{"seed": 9310228, "family": "quad", "window_frac": 0.25, "f": 0.98, "status": "no cutoff: s never reaches f\u00b7s_ref in the saved path", "t_c": null, "t_fc": null, "err_cross": null, "err_lag": null, "err_ref": null, "secs": 0.0}
{"seed": 9310228, "family": "rate", "window_frac": 0.05, "f": 0.8, "status": "no cutoff: s never reaches f\u00b7s_ref in the saved path", "t_c": null, "t_fc": null, "err_cross": null, "err_lag": null, "err_ref": null, "secs": 0.0}
{"seed": 9310228, "family": "rate", "window_frac": 0.05, "f": 0.9, "status": "no cutoff: s never reaches f\u00b7s_ref in the saved path", "t_c": null, "t_fc": null, "err_cross": null, "err_lag": null, "err_ref": null, "secs": 0.0}
{"seed": 9310228, "family": "rate", "window_frac": 0.05, "f": 0.95, "status": "no cutoff: s never reaches f\u00b7s_ref in the saved path", "t_c": null, "t_fc": null, "err_cross": null, "err_lag": null, "err_ref": null, "secs": 0.0}
{"seed": 9310228, "family": "rate", "window_frac": 0.05, "f": 0.98, "status": "no cutoff: s never reaches f\u00b7s_ref in the saved path", "t_c": null, "t_fc": null, "err_cross": null, "err_lag": null, "err_ref": null, "secs": 0.0}
{"seed": 9310228, "family": "rate", "window_frac": 0.1, "f": 0.8, "status": "no cutoff: s never reaches f\u00b7s_ref in the saved path", "t_c": null, "t_fc": null, "err_cross": null, "err_lag": null, "err_ref": null, "secs": 0.0}
{"seed": 9310228, "family": "rate", "window_frac": 0.1, "f": 0.9, "status": "no cutoff: s never reaches f\u00b7s_ref in the saved path", "t_c": null, "t_fc": null, "err_cross": null, "err_lag": null, "err_ref": null, "secs": 0.0}
{"seed": 9310228, "family": "rate", "window_frac": 0.1, "f": 0.95, "status": "no cutoff: s never reaches f\u00b7s_ref in the saved path", "t_c": null, "t_fc": null, "err_cross": null, "err_lag": null, "err_ref": null, "secs": 0.0}
{"seed": 9310228, "family": "rate", "window_frac": 0.1, "f": 0.98, "status": "no cutoff: s never reaches f\u00b7s_ref in the saved path", "t_c": null, "t_fc": null, "err_cross": null, "err_lag": null, "err_ref": null, "secs": 0.0}
{"seed": 9310228, "family": "rate", "window_frac": 0.25, "f": 0.8, "status": "no cutoff: s never reaches f\u00b7s_ref in the saved path", "t_c": null, "t_fc": null, "err_cross": null, "err_lag": null, "err_ref": null, "secs": 0.0}
{"seed": 9310228, "family": "rate", "window_frac": 0.25, "f": 0.9, "status": "no cutoff: s never reaches f\u00b7s_ref in the saved path", "t_c": null, "t_fc": null, "err_cross": null, "err_lag": null, "err_ref": null, "secs": 0.0}
{"seed": 9310228, "family": "rate", "window_frac": 0.25, "f": 0.95, "status": "no cutoff: s never reaches f\u00b7s_ref in the saved path", "t_c": null, "t_fc": null, "err_cross": null, "err_lag": null, "err_ref": null, "secs": 0.0}
{"seed": 9310228, "family": "rate", "window_frac": 0.25, "f": 0.98, "status": "no cutoff: s never reaches f\u00b7s_ref in the saved path", "t_c": null, "t_fc": null, "err_cross": null, "err_lag": null, "err_ref": null, "secs": 0.0}
{"seed": 9310228, "family": "lin", "window_frac": 0.05, "f": 0.8, "status": "no cutoff: s never reaches f\u00b7s_ref in the saved path", "t_c": null, "t_fc": null, "err_cross": null, "err_lag": null, "err_ref": null, "secs": 0.0}
{"seed": 9310228, "family": "lin", "window_frac": 0.05, "f": 0.9, "status": "no cutoff: s never reaches f\u00b7s_ref in the saved path", "t_c": null, "t_fc": null, "err_cross": null, "err_lag": null, "err_ref": null, "secs": 0.0}
{"seed": 9310228, "family": "lin", "window_frac": 0.05, "f": 0.95, "status": "no cutoff: s never reaches f\u00b7s_ref in the saved path", "t_c": null, "t_fc": null, "err_cross": null, "err_lag": null, "err_ref": null, "secs": 0.0}
{"seed": 9310228, "family": "lin", "window_frac": 0.05, "f": 0.98, "status": "no cutoff: s never reaches f\u00b7s_ref in the saved path", "t_c": null, "t_fc": null, "err_cross": null, "err_lag": null, "err_ref": null, "secs": 0.0}
{"seed": 9310228, "family": "lin", "window_frac": 0.1, "f": 0.8, "status": "no cutoff: s never reaches f\u00b7s_ref in the saved path", "t_c": null, "t_fc": null, "err_cross": null, "err_lag": null, "err_ref": null, "secs": 0.0}
{"seed": 9310228, "family": "lin", "window_frac": 0.1, "f": 0.9, "status": "no cutoff: s never reaches f\u00b7s_ref in the saved path", "t_c": null, "t_fc": null, "err_cross": null, "err_lag": null, "err_ref": null, "secs": 0.0}
{"seed": 9310228, "family": "lin", "window_frac": 0.1, "f": 0.95, "status": "no cutoff: s never reaches f\u00b7s_ref in the saved path", "t_c": null, "t_fc": null, "err_cross": null, "err_lag": null, "err_ref": null, "secs": 0.0}
{"seed": 9310228, "family": "lin", "window_frac": 0.1, "f": 0.98, "status": "no cutoff: s never reaches f\u00b7s_ref in the saved path", "t_c": null, "t_fc": null, "err_cross": null, "err_lag": null, "err_ref": null, "secs": 0.0}
{"seed": 9310228, "family": "lin", "window_frac": 0.25, "f": 0.8, "status": "no cutoff: s never reaches f\u00b7s_ref in the saved path", "t_c": null, "t_fc": null, "err_cross": null, "err_lag": null, "err_ref": null, "secs": 0.0}
{"seed": 9310228, "family": "lin", "window_frac": 0.25, "f": 0.9, "status": "no cutoff: s never reaches f\u00b7s_ref in the saved path", "t_c": null, "t_fc": null, "err_cross": null, "err_lag": null, "err_ref": null, "secs": 0.0}
{"seed": 9310228, "family": "lin", "window_frac": 0.25, "f": 0.95, "status": "no cutoff: s never reaches f\u00b7s_ref in the saved path", "t_c": null, "t_fc": null, "err_cross": null, "err_lag": null, "err_ref": null, "secs": 0.0}
{"seed": 9310228, "family": "lin", "window_frac": 0.25, "f": 0.98, "status": "no cutoff: s never reaches f\u00b7s_ref in the saved path", "t_c": null, "t_fc": null, "err_cross": null, "err_lag": null, "err_ref": null, "secs": 0.0}
{"seed": 9310229, "family": "quad", "window_frac": 0.05, "f": 0.8, "status": "ok", "t_c": 521, "t_fc": 830, "err_cross": 16, "err_lag": -9, "err_ref": -4, "secs": 0.19}
{"seed": 9310229, "family": "quad", "window_frac": 0.05, "f": 0.9, "status": "ok", "t_c": 622, "t_fc": 811, "err_cross": -3, "err_lag": -6, "err_ref": -4, "secs": 0.19}
{"seed": 9310229, "family": "quad", "window_frac": 0.05, "f": 0.95, "status": "ok", "t_c": 674, "t_fc": 810, "err_cross": -4, "err_lag": -5, "err_ref": -4, "secs": 0.19}
{"seed": 9310229, "family": "quad", "window_frac": 0.05, "f": 0.98, "status": "ok", "t_c": 707, "t_fc": 810, "err_cross": -4, "err_lag": -4, "err_ref": -4, "secs": 0.19}
{"seed": 9310229, "family": "quad", "window_frac": 0.1, "f": 0.8, "status": "ok", "t_c": 521, "t_fc": 830, "err_cross": 16, "err_lag": -9, "err_ref": -4, "secs": 0.19}
{"seed": 9310229, "family": "quad", "window_frac": 0.1, "f": 0.9, "status": "ok", "t_c": 622, "t_fc": 811, "err_cross": -3, "err_lag": -6, "err_ref": -4, "secs": 0.24}
{"seed": 9310229, "family": "quad", "window_frac": 0.1, "f": 0.95, "status": "ok", "t_c": 674, "t_fc": 810, "err_cross": -4, "err_lag": -5, "err_ref": -4, "secs": 0.19}
{"seed": 9310229, "family": "quad", "window_frac": 0.1, "f": 0.98, "status": "ok", "t_c": 707, "t_fc": 810, "err_cross": -4, "err_lag": -4, "err_ref": -4, "secs": 0.19}
{"seed": 9310229, "family": "quad", "window_frac": 0.25, "f": 0.8, "status": "ok", "t_c": 521, "t_fc": 835, "err_cross": 21, "err_lag": -9, "err_ref": -4, "secs": 0.19}
{"seed": 9310229, "family": "quad", "window_frac": 0.25, "f": 0.9, "status": "ok", "t_c": 622, "t_fc": 812, "err_cross": -2, "err_lag": -6, "err_ref": -4, "secs": 0.19}
{"seed": 9310229, "family": "quad", "window_frac": 0.25, "f": 0.95, "status": "ok", "t_c": 674, "t_fc": 810, "err_cross": -4, "err_lag": -5, "err_ref": -4, "secs": 0.2}
{"seed": 9310229, "family": "quad", "window_frac": 0.25, "f": 0.98, "status": "ok", "t_c": 707, "t_fc": 809, "err_cross": -5, "err_lag": -6, "err_ref": -4, "secs": 0.19}
{"seed": 9310229, "family": "rate", "window_frac": 0.05, "f": 0.8, "status": "ok", "t_c": 521, "t_fc": 817, "err_cross": 3, "err_lag": -5, "err_ref": -4, "secs": 0.19}
{"seed": 9310229, "family": "rate", "window_frac": 0.05, "f": 0.9, "status": "ok", "t_c": 622, "t_fc": 811, "err_cross": -3, "err_lag": -4, "err_ref": -4, "secs": 0.19}
{"seed": 9310229, "family": "rate", "window_frac": 0.05, "f": 0.95, "status": "ok", "t_c": 674, "t_fc": 810, "err_cross": -4, "err_lag": -5, "err_ref": -4, "secs": 0.19}
{"seed": 9310229, "family": "rate", "window_frac": 0.05, "f": 0.98, "status": "ok", "t_c": 707, "t_fc": 810, "err_cross": -4, "err_lag": -4, "err_ref": -4, "secs": 0.2}
{"seed": 9310229, "family": "rate", "window_frac": 0.1, "f": 0.8, "status": "ok", "t_c": 521, "t_fc": 817, "err_cross": 3, "err_lag": -5, "err_ref": -4, "secs": 0.19}
{"seed": 9310229, "family": "rate", "window_frac": 0.1, "f": 0.9, "status": "ok", "t_c": 622, "t_fc": 811, "err_cross": -3, "err_lag": -4, "err_ref": -4, "secs": 0.19}
{"seed": 9310229, "family": "rate", "window_frac": 0.1, "f": 0.95, "status": "ok", "t_c": 674, "t_fc": 810, "err_cross": -4, "err_lag": -5, "err_ref": -4, "secs": 0.19}
{"seed": 9310229, "family": "rate", "window_frac": 0.1, "f": 0.98, "status": "ok", "t_c": 707, "t_fc": 810, "err_cross": -4, "err_lag": -4, "err_ref": -4, "secs": 0.19}
{"seed": 9310229, "family": "rate", "window_frac": 0.25, "f": 0.8, "status": "ok", "t_c": 521, "t_fc": 818, "err_cross": 4, "err_lag": -5, "err_ref": -4, "secs": 0.2}
{"seed": 9310229, "family": "rate", "window_frac": 0.25, "f": 0.9, "status": "ok", "t_c": 622, "t_fc": 811, "err_cross": -3, "err_lag": -5, "err_ref": -4, "secs": 0.19}
{"seed": 9310229, "family": "rate", "window_frac": 0.25, "f": 0.95, "status": "ok", "t_c": 674, "t_fc": 810, "err_cross": -4, "err_lag": -5, "err_ref": -4, "secs": 0.19}
{"seed": 9310229, "family": "rate", "window_frac": 0.25, "f": 0.98, "status": "ok", "t_c": 707, "t_fc": 810, "err_cross": -4, "err_lag": -5, "err_ref": -4, "secs": 0.19}
{"seed": 9310229, "family": "lin", "window_frac": 0.05, "f": 0.8, "status": "ok", "t_c": 521, "t_fc": 771, "err_cross": -43, "err_lag": -2, "err_ref": -4, "secs": 0.19}
{"seed": 9310229, "family": "lin", "window_frac": 0.05, "f": 0.9, "status": "ok", "t_c": 622, "t_fc": 800, "err_cross": -14, "err_lag": -2, "err_ref": -4, "secs": 0.2}
{"seed": 9310229, "family": "lin", "window_frac": 0.05, "f": 0.95, "status": "ok", "t_c": 674, "t_fc": 808, "err_cross": -6, "err_lag": -2, "err_ref": -4, "secs": 0.19}
{"seed": 9310229, "family": "lin", "window_frac": 0.05, "f": 0.98, "status": "ok", "t_c": 707, "t_fc": 811, "err_cross": -3, "err_lag": -2, "err_ref": -4, "secs": 0.19}
{"seed": 9310229, "family": "lin", "window_frac": 0.1, "f": 0.8, "status": "ok", "t_c": 521, "t_fc": 771, "err_cross": -43, "err_lag": -2, "err_ref": -4, "secs": 0.19}
{"seed": 9310229, "family": "lin", "window_frac": 0.1, "f": 0.9, "status": "ok", "t_c": 622, "t_fc": 800, "err_cross": -14, "err_lag": -2, "err_ref": -4, "secs": 0.19}
{"seed": 9310229, "family": "lin", "window_frac": 0.1, "f": 0.95, "status": "ok", "t_c": 674, "t_fc": 808, "err_cross": -6, "err_lag": -2, "err_ref": -4, "secs": 0.19}
{"seed": 9310229, "family": "lin", "window_frac": 0.1, "f": 0.98, "status": "ok", "t_c": 707, "t_fc": 811, "err_cross": -3, "err_lag": -2, "err_ref": -4, "secs": 0.19}
{"seed": 9310229, "family": "lin", "window_frac": 0.25, "f": 0.8, "status": "ok", "t_c": 521, "t_fc": 768, "err_cross": -46, "err_lag": -2, "err_ref": -4, "secs": 0.2}
{"seed": 9310229, "family": "lin", "window_frac": 0.25, "f": 0.9, "status": "ok", "t_c": 622, "t_fc": 796, "err_cross": -18, "err_lag": -3, "err_ref": -4, "secs": 0.19}
{"seed": 9310229, "family": "lin", "window_frac": 0.25, "f": 0.95, "status": "ok", "t_c": 674, "t_fc": 806, "err_cross": -8, "err_lag": -2, "err_ref": -4, "secs": 0.19}
{"seed": 9310229, "family": "lin", "window_frac": 0.25, "f": 0.98, "status": "ok", "t_c": 707, "t_fc": 810, "err_cross": -4, "err_lag": -2, "err_ref": -4, "secs": 0.19}
{"seed": 9310230, "family": "quad", "window_frac": 0.05, "f": 0.8, "status": "ok", "t_c": 524, "t_fc": 864, "err_cross": 18, "err_lag": -9, "err_ref": -4, "secs": 0.2}
{"seed": 9310230, "family": "quad", "window_frac": 0.05, "f": 0.9, "status": "ok", "t_c": 636, "t_fc": 843, "err_cross": -3, "err_lag": -6, "err_ref": -4, "secs": 0.19}
{"seed": 9310230, "family": "quad", "window_frac": 0.05, "f": 0.95, "status": "ok", "t_c": 695, "t_fc": 841, "err_cross": -5, "err_lag": -5, "err_ref": -4, "secs": 0.19}
{"seed": 9310230, "family": "quad", "window_frac": 0.05, "f": 0.98, "status": "ok", "t_c": 731, "t_fc": 841, "err_cross": -5, "err_lag": -5, "err_ref": -4, "secs": 0.19}
{"seed": 9310230, "family": "quad", "window_frac": 0.1, "f": 0.8, "status": "ok", "t_c": 524, "t_fc": 864, "err_cross": 18, "err_lag": -9, "err_ref": -4, "secs": 0.19}
{"seed": 9310230, "family": "quad", "window_frac": 0.1, "f": 0.9, "status": "ok", "t_c": 636, "t_fc": 843, "err_cross": -3, "err_lag": -6, "err_ref": -4, "secs": 0.2}
{"seed": 9310230, "family": "quad", "window_frac": 0.1, "f": 0.95, "status": "ok", "t_c": 695, "t_fc": 841, "err_cross": -5, "err_lag": -5, "err_ref": -4, "secs": 0.19}
{"seed": 9310230, "family": "quad", "window_frac": 0.1, "f": 0.98, "status": "ok", "t_c": 731, "t_fc": 841, "err_cross": -5, "err_lag": -5, "err_ref": -4, "secs": 0.19}
{"seed": 9310230, "family": "quad", "window_frac": 0.25, "f": 0.8, "status": "ok", "t_c": 524, "t_fc": 870, "err_cross": 24, "err_lag": -10, "err_ref": -4, "secs": 0.19}
{"seed": 9310230, "family": "quad", "window_frac": 0.25, "f": 0.9, "status": "ok", "t_c": 636, "t_fc": 844, "err_cross": -2, "err_lag": -6, "err_ref": -4, "secs": 0.19}
{"seed": 9310230, "family": "quad", "window_frac": 0.25, "f": 0.95, "status": "ok", "t_c": 695, "t_fc": 842, "err_cross": -4, "err_lag": -5, "err_ref": -4, "secs": 0.2}
{"seed": 9310230, "family": "quad", "window_frac": 0.25, "f": 0.98, "status": "ok", "t_c": 731, "t_fc": 841, "err_cross": -5, "err_lag": -5, "err_ref": -4, "secs": 0.19}
{"seed": 9310230, "family": "rate", "window_frac": 0.05, "f": 0.8, "status": "ok", "t_c": 524, "t_fc": 849, "err_cross": 3, "err_lag": -6, "err_ref": -4, "secs": 0.2}
{"seed": 9310230, "family": "rate", "window_frac": 0.05, "f": 0.9, "status": "ok", "t_c": 636, "t_fc": 842, "err_cross": -4, "err_lag": -5, "err_ref": -4, "secs": 0.19}
{"seed": 9310230, "family": "rate", "window_frac": 0.05, "f": 0.95, "status": "ok", "t_c": 695, "t_fc": 842, "err_cross": -4, "err_lag": -4, "err_ref": -4, "secs": 0.19}
{"seed": 9310230, "family": "rate", "window_frac": 0.05, "f": 0.98, "status": "ok", "t_c": 731, "t_fc": 842, "err_cross": -4, "err_lag": -4, "err_ref": -4, "secs": 0.19}
{"seed": 9310230, "family": "rate", "window_frac": 0.1, "f": 0.8, "status": "ok", "t_c": 524, "t_fc": 849, "err_cross": 3, "err_lag": -6, "err_ref": -4, "secs": 0.19}
{"seed": 9310230, "family": "rate", "window_frac": 0.1, "f": 0.9, "status": "ok", "t_c": 636, "t_fc": 842, "err_cross": -4, "err_lag": -5, "err_ref": -4, "secs": 0.2}
{"seed": 9310230, "family": "rate", "window_frac": 0.1, "f": 0.95, "status": "ok", "t_c": 695, "t_fc": 842, "err_cross": -4, "err_lag": -4, "err_ref": -4, "secs": 0.19}
{"seed": 9310230, "family": "rate", "window_frac": 0.1, "f": 0.98, "status": "ok", "t_c": 731, "t_fc": 842, "err_cross": -4, "err_lag": -4, "err_ref": -4, "secs": 0.2}
{"seed": 9310230, "family": "rate", "window_frac": 0.25, "f": 0.8, "status": "ok", "t_c": 524, "t_fc": 851, "err_cross": 5, "err_lag": -5, "err_ref": -4, "secs": 0.19}
{"seed": 9310230, "family": "rate", "window_frac": 0.25, "f": 0.9, "status": "ok", "t_c": 636, "t_fc": 843, "err_cross": -3, "err_lag": -5, "err_ref": -4, "secs": 0.19}
{"seed": 9310230, "family": "rate", "window_frac": 0.25, "f": 0.95, "status": "ok", "t_c": 695, "t_fc": 842, "err_cross": -4, "err_lag": -5, "err_ref": -4, "secs": 0.2}
{"seed": 9310230, "family": "rate", "window_frac": 0.25, "f": 0.98, "status": "ok", "t_c": 731, "t_fc": 842, "err_cross": -4, "err_lag": -4, "err_ref": -4, "secs": 0.19}
{"seed": 9310230, "family": "lin", "window_frac": 0.05, "f": 0.8, "status": "ok", "t_c": 524, "t_fc": 798, "err_cross": -48, "err_lag": -2, "err_ref": -4, "secs": 0.2}
{"seed": 9310230, "family": "lin", "window_frac": 0.05, "f": 0.9, "status": "ok", "t_c": 636, "t_fc": 830, "err_cross": -16, "err_lag": -2, "err_ref": -4, "secs": 0.19}
{"seed": 9310230, "family": "lin", "window_frac": 0.05, "f": 0.95, "status": "ok", "t_c": 695, "t_fc": 840, "err_cross": -6, "err_lag": -2, "err_ref": -4, "secs": 0.19}
{"seed": 9310230, "family": "lin", "window_frac": 0.05, "f": 0.98, "status": "ok", "t_c": 731, "t_fc": 843, "err_cross": -3, "err_lag": -2, "err_ref": -4, "secs": 0.19}
{"seed": 9310230, "family": "lin", "window_frac": 0.1, "f": 0.8, "status": "ok", "t_c": 524, "t_fc": 798, "err_cross": -48, "err_lag": -2, "err_ref": -4, "secs": 0.19}
{"seed": 9310230, "family": "lin", "window_frac": 0.1, "f": 0.9, "status": "ok", "t_c": 636, "t_fc": 830, "err_cross": -16, "err_lag": -2, "err_ref": -4, "secs": 0.2}
{"seed": 9310230, "family": "lin", "window_frac": 0.1, "f": 0.95, "status": "ok", "t_c": 695, "t_fc": 840, "err_cross": -6, "err_lag": -2, "err_ref": -4, "secs": 0.19}
{"seed": 9310230, "family": "lin", "window_frac": 0.1, "f": 0.98, "status": "ok", "t_c": 731, "t_fc": 843, "err_cross": -3, "err_lag": -2, "err_ref": -4, "secs": 0.2}
{"seed": 9310230, "family": "lin", "window_frac": 0.25, "f": 0.8, "status": "ok", "t_c": 524, "t_fc": 794, "err_cross": -52, "err_lag": -2, "err_ref": -4, "secs": 0.19}
{"seed": 9310230, "family": "lin", "window_frac": 0.25, "f": 0.9, "status": "ok", "t_c": 636, "t_fc": 826, "err_cross": -20, "err_lag": -2, "err_ref": -4, "secs": 0.2}
{"seed": 9310230, "family": "lin", "window_frac": 0.25, "f": 0.95, "status": "ok", "t_c": 695, "t_fc": 837, "err_cross": -9, "err_lag": -2, "err_ref": -4, "secs": 0.19}
{"seed": 9310230, "family": "lin", "window_frac": 0.25, "f": 0.98, "status": "ok", "t_c": 731, "t_fc": 842, "err_cross": -4, "err_lag": -2, "err_ref": -4, "secs": 0.19}
{"seed": 9310231, "family": "quad", "window_frac": 0.05, "f": 0.8, "status": "ok", "t_c": 391, "t_fc": 627, "err_cross": 13, "err_lag": -7, "err_ref": -3, "secs": 0.19}
{"seed": 9310231, "family": "quad", "window_frac": 0.05, "f": 0.9, "status": "ok", "t_c": 464, "t_fc": 611, "err_cross": -3, "err_lag": -5, "err_ref": -3, "secs": 0.18}
{"seed": 9310231, "family": "quad", "window_frac": 0.05, "f": 0.95, "status": "ok", "t_c": 502, "t_fc": 610, "err_cross": -4, "err_lag": -4, "err_ref": -3, "secs": 0.19}
{"seed": 9310231, "family": "quad", "window_frac": 0.05, "f": 0.98, "status": "ok", "t_c": 525, "t_fc": 610, "err_cross": -4, "err_lag": -4, "err_ref": -3, "secs": 0.18}
{"seed": 9310231, "family": "quad", "window_frac": 0.1, "f": 0.8, "status": "ok", "t_c": 391, "t_fc": 627, "err_cross": 13, "err_lag": -7, "err_ref": -3, "secs": 0.19}
{"seed": 9310231, "family": "quad", "window_frac": 0.1, "f": 0.9, "status": "ok", "t_c": 464, "t_fc": 611, "err_cross": -3, "err_lag": -5, "err_ref": -3, "secs": 0.18}
{"seed": 9310231, "family": "quad", "window_frac": 0.1, "f": 0.95, "status": "ok", "t_c": 502, "t_fc": 610, "err_cross": -4, "err_lag": -4, "err_ref": -3, "secs": 0.19}
{"seed": 9310231, "family": "quad", "window_frac": 0.1, "f": 0.98, "status": "ok", "t_c": 525, "t_fc": 610, "err_cross": -4, "err_lag": -4, "err_ref": -3, "secs": 0.18}
{"seed": 9310231, "family": "quad", "window_frac": 0.25, "f": 0.8, "status": "ok", "t_c": 391, "t_fc": 627, "err_cross": 13, "err_lag": -7, "err_ref": -3, "secs": 0.19}
{"seed": 9310231, "family": "quad", "window_frac": 0.25, "f": 0.9, "status": "ok", "t_c": 464, "t_fc": 612, "err_cross": -2, "err_lag": -4, "err_ref": -3, "secs": 0.19}
{"seed": 9310231, "family": "quad", "window_frac": 0.25, "f": 0.95, "status": "ok", "t_c": 502, "t_fc": 610, "err_cross": -4, "err_lag": -4, "err_ref": -3, "secs": 0.18}
{"seed": 9310231, "family": "quad", "window_frac": 0.25, "f": 0.98, "status": "ok", "t_c": 525, "t_fc": 610, "err_cross": -4, "err_lag": -4, "err_ref": -3, "secs": 0.18}
{"seed": 9310231, "family": "rate", "window_frac": 0.05, "f": 0.8, "status": "ok", "t_c": 391, "t_fc": 616, "err_cross": 2, "err_lag": -4, "err_ref": -3, "secs": 0.18}
{"seed": 9310231, "family": "rate", "window_frac": 0.05, "f": 0.9, "status": "ok", "t_c": 464, "t_fc": 611, "err_cross": -3, "err_lag": -4, "err_ref": -3, "secs": 0.18}
{"seed": 9310231, "family": "rate", "window_frac": 0.05, "f": 0.95, "status": "ok", "t_c": 502, "t_fc": 611, "err_cross": -3, "err_lag": -3, "err_ref": -3, "secs": 0.18}
{"seed": 9310231, "family": "rate", "window_frac": 0.05, "f": 0.98, "status": "ok", "t_c": 525, "t_fc": 610, "err_cross": -4, "err_lag": -4, "err_ref": -3, "secs": 0.19}
{"seed": 9310231, "family": "rate", "window_frac": 0.1, "f": 0.8, "status": "ok", "t_c": 391, "t_fc": 616, "err_cross": 2, "err_lag": -4, "err_ref": -3, "secs": 0.18}
{"seed": 9310231, "family": "rate", "window_frac": 0.1, "f": 0.9, "status": "ok", "t_c": 464, "t_fc": 611, "err_cross": -3, "err_lag": -4, "err_ref": -3, "secs": 0.19}
{"seed": 9310231, "family": "rate", "window_frac": 0.1, "f": 0.95, "status": "ok", "t_c": 502, "t_fc": 611, "err_cross": -3, "err_lag": -3, "err_ref": -3, "secs": 0.18}
{"seed": 9310231, "family": "rate", "window_frac": 0.1, "f": 0.98, "status": "ok", "t_c": 525, "t_fc": 610, "err_cross": -4, "err_lag": -4, "err_ref": -3, "secs": 0.19}
{"seed": 9310231, "family": "rate", "window_frac": 0.25, "f": 0.8, "status": "ok", "t_c": 391, "t_fc": 616, "err_cross": 2, "err_lag": -4, "err_ref": -3, "secs": 0.18}
{"seed": 9310231, "family": "rate", "window_frac": 0.25, "f": 0.9, "status": "ok", "t_c": 464, "t_fc": 611, "err_cross": -3, "err_lag": -4, "err_ref": -3, "secs": 0.19}
{"seed": 9310231, "family": "rate", "window_frac": 0.25, "f": 0.95, "status": "ok", "t_c": 502, "t_fc": 611, "err_cross": -3, "err_lag": -3, "err_ref": -3, "secs": 0.18}
{"seed": 9310231, "family": "rate", "window_frac": 0.25, "f": 0.98, "status": "ok", "t_c": 525, "t_fc": 610, "err_cross": -4, "err_lag": -4, "err_ref": -3, "secs": 0.19}
{"seed": 9310231, "family": "lin", "window_frac": 0.05, "f": 0.8, "status": "ok", "t_c": 391, "t_fc": 581, "err_cross": -33, "err_lag": -1, "err_ref": -3, "secs": 0.18}
{"seed": 9310231, "family": "lin", "window_frac": 0.05, "f": 0.9, "status": "ok", "t_c": 464, "t_fc": 603, "err_cross": -11, "err_lag": -1, "err_ref": -3, "secs": 0.19}
{"seed": 9310231, "family": "lin", "window_frac": 0.05, "f": 0.95, "status": "ok", "t_c": 502, "t_fc": 609, "err_cross": -5, "err_lag": -1, "err_ref": -3, "secs": 0.18}
{"seed": 9310231, "family": "lin", "window_frac": 0.05, "f": 0.98, "status": "ok", "t_c": 525, "t_fc": 611, "err_cross": -3, "err_lag": -2, "err_ref": -3, "secs": 0.19}
{"seed": 9310231, "family": "lin", "window_frac": 0.1, "f": 0.8, "status": "ok", "t_c": 391, "t_fc": 581, "err_cross": -33, "err_lag": -1, "err_ref": -3, "secs": 0.18}
{"seed": 9310231, "family": "lin", "window_frac": 0.1, "f": 0.9, "status": "ok", "t_c": 464, "t_fc": 603, "err_cross": -11, "err_lag": -1, "err_ref": -3, "secs": 0.19}
{"seed": 9310231, "family": "lin", "window_frac": 0.1, "f": 0.95, "status": "ok", "t_c": 502, "t_fc": 609, "err_cross": -5, "err_lag": -1, "err_ref": -3, "secs": 0.18}
{"seed": 9310231, "family": "lin", "window_frac": 0.1, "f": 0.98, "status": "ok", "t_c": 525, "t_fc": 611, "err_cross": -3, "err_lag": -2, "err_ref": -3, "secs": 0.19}
{"seed": 9310231, "family": "lin", "window_frac": 0.25, "f": 0.8, "status": "ok", "t_c": 391, "t_fc": 581, "err_cross": -33, "err_lag": -1, "err_ref": -3, "secs": 0.18}
{"seed": 9310231, "family": "lin", "window_frac": 0.25, "f": 0.9, "status": "ok", "t_c": 464, "t_fc": 601, "err_cross": -13, "err_lag": -2, "err_ref": -3, "secs": 0.19}
{"seed": 9310231, "family": "lin", "window_frac": 0.25, "f": 0.95, "status": "ok", "t_c": 502, "t_fc": 608, "err_cross": -6, "err_lag": -1, "err_ref": -3, "secs": 0.18}
{"seed": 9310231, "family": "lin", "window_frac": 0.25, "f": 0.98, "status": "ok", "t_c": 525, "t_fc": 611, "err_cross": -3, "err_lag": -1, "err_ref": -3, "secs": 0.19}
{"seed": 9310232, "family": "quad", "window_frac": 0.05, "f": 0.8, "status": "ok", "t_c": 580, "t_fc": 883, "err_cross": 16, "err_lag": -8, "err_ref": -4, "secs": 0.19}
{"seed": 9310232, "family": "quad", "window_frac": 0.05, "f": 0.9, "status": "ok", "t_c": 679, "t_fc": 864, "err_cross": -3, "err_lag": -5, "err_ref": -4, "secs": 0.19}
{"seed": 9310232, "family": "quad", "window_frac": 0.05, "f": 0.95, "status": "ok", "t_c": 730, "t_fc": 863, "err_cross": -4, "err_lag": -4, "err_ref": -4, "secs": 0.19}
{"seed": 9310232, "family": "quad", "window_frac": 0.05, "f": 0.98, "status": "ok", "t_c": 762, "t_fc": 863, "err_cross": -4, "err_lag": -4, "err_ref": -4, "secs": 0.19}
{"seed": 9310232, "family": "quad", "window_frac": 0.1, "f": 0.8, "status": "ok", "t_c": 580, "t_fc": 883, "err_cross": 16, "err_lag": -8, "err_ref": -4, "secs": 0.19}
{"seed": 9310232, "family": "quad", "window_frac": 0.1, "f": 0.9, "status": "ok", "t_c": 679, "t_fc": 864, "err_cross": -3, "err_lag": -5, "err_ref": -4, "secs": 0.19}
{"seed": 9310232, "family": "quad", "window_frac": 0.1, "f": 0.95, "status": "ok", "t_c": 730, "t_fc": 863, "err_cross": -4, "err_lag": -4, "err_ref": -4, "secs": 0.19}
{"seed": 9310232, "family": "quad", "window_frac": 0.1, "f": 0.98, "status": "ok", "t_c": 762, "t_fc": 863, "err_cross": -4, "err_lag": -4, "err_ref": -4, "secs": 0.19}
{"seed": 9310232, "family": "quad", "window_frac": 0.25, "f": 0.8, "status": "ok", "t_c": 580, "t_fc": 887, "err_cross": 20, "err_lag": -8, "err_ref": -4, "secs": 0.18}
{"seed": 9310232, "family": "quad", "window_frac": 0.25, "f": 0.9, "status": "ok", "t_c": 679, "t_fc": 865, "err_cross": -2, "err_lag": -6, "err_ref": -4, "secs": 0.19}
{"seed": 9310232, "family": "quad", "window_frac": 0.25, "f": 0.95, "status": "ok", "t_c": 730, "t_fc": 863, "err_cross": -4, "err_lag": -5, "err_ref": -4, "secs": 0.18}
{"seed": 9310232, "family": "quad", "window_frac": 0.25, "f": 0.98, "status": "ok", "t_c": 762, "t_fc": 863, "err_cross": -4, "err_lag": -4, "err_ref": -4, "secs": 0.19}
{"seed": 9310232, "family": "rate", "window_frac": 0.05, "f": 0.8, "status": "ok", "t_c": 580, "t_fc": 870, "err_cross": 3, "err_lag": -4, "err_ref": -4, "secs": 0.18}
{"seed": 9310232, "family": "rate", "window_frac": 0.05, "f": 0.9, "status": "ok", "t_c": 679, "t_fc": 864, "err_cross": -3, "err_lag": -4, "err_ref": -4, "secs": 0.19}
{"seed": 9310232, "family": "rate", "window_frac": 0.05, "f": 0.95, "status": "ok", "t_c": 730, "t_fc": 863, "err_cross": -4, "err_lag": -4, "err_ref": -4, "secs": 0.18}
{"seed": 9310232, "family": "rate", "window_frac": 0.05, "f": 0.98, "status": "ok", "t_c": 762, "t_fc": 863, "err_cross": -4, "err_lag": -4, "err_ref": -4, "secs": 0.18}
{"seed": 9310232, "family": "rate", "window_frac": 0.1, "f": 0.8, "status": "ok", "t_c": 580, "t_fc": 870, "err_cross": 3, "err_lag": -4, "err_ref": -4, "secs": 0.19}
{"seed": 9310232, "family": "rate", "window_frac": 0.1, "f": 0.9, "status": "ok", "t_c": 679, "t_fc": 864, "err_cross": -3, "err_lag": -4, "err_ref": -4, "secs": 0.18}
{"seed": 9310232, "family": "rate", "window_frac": 0.1, "f": 0.95, "status": "ok", "t_c": 730, "t_fc": 863, "err_cross": -4, "err_lag": -4, "err_ref": -4, "secs": 0.18}
{"seed": 9310232, "family": "rate", "window_frac": 0.1, "f": 0.98, "status": "ok", "t_c": 762, "t_fc": 863, "err_cross": -4, "err_lag": -4, "err_ref": -4, "secs": 0.18}
{"seed": 9310232, "family": "rate", "window_frac": 0.25, "f": 0.8, "status": "ok", "t_c": 580, "t_fc": 871, "err_cross": 4, "err_lag": -4, "err_ref": -4, "secs": 0.18}
{"seed": 9310232, "family": "rate", "window_frac": 0.25, "f": 0.9, "status": "ok", "t_c": 679, "t_fc": 864, "err_cross": -3, "err_lag": -4, "err_ref": -4, "secs": 0.18}
{"seed": 9310232, "family": "rate", "window_frac": 0.25, "f": 0.95, "status": "ok", "t_c": 730, "t_fc": 863, "err_cross": -4, "err_lag": -4, "err_ref": -4, "secs": 0.18}
{"seed": 9310232, "family": "rate", "window_frac": 0.25, "f": 0.98, "status": "ok", "t_c": 762, "t_fc": 863, "err_cross": -4, "err_lag": -4, "err_ref": -4, "secs": 0.18}
{"seed": 9310232, "family": "lin", "window_frac": 0.05, "f": 0.8, "status": "ok", "t_c": 580, "t_fc": 825, "err_cross": -42, "err_lag": -1, "err_ref": -4, "secs": 0.18}
{"seed": 9310232, "family": "lin", "window_frac": 0.05, "f": 0.9, "status": "ok", "t_c": 679, "t_fc": 853, "err_cross": -14, "err_lag": -2, "err_ref": -4, "secs": 0.18}
{"seed": 9310232, "family": "lin", "window_frac": 0.05, "f": 0.95, "status": "ok", "t_c": 730, "t_fc": 861, "err_cross": -6, "err_lag": -2, "err_ref": -4, "secs": 0.18}
{"seed": 9310232, "family": "lin", "window_frac": 0.05, "f": 0.98, "status": "ok", "t_c": 762, "t_fc": 864, "err_cross": -3, "err_lag": -2, "err_ref": -4, "secs": 0.18}
{"seed": 9310232, "family": "lin", "window_frac": 0.1, "f": 0.8, "status": "ok", "t_c": 580, "t_fc": 825, "err_cross": -42, "err_lag": -1, "err_ref": -4, "secs": 0.18}
{"seed": 9310232, "family": "lin", "window_frac": 0.1, "f": 0.9, "status": "ok", "t_c": 679, "t_fc": 853, "err_cross": -14, "err_lag": -2, "err_ref": -4, "secs": 0.19}
{"seed": 9310232, "family": "lin", "window_frac": 0.1, "f": 0.95, "status": "ok", "t_c": 730, "t_fc": 861, "err_cross": -6, "err_lag": -2, "err_ref": -4, "secs": 0.18}
{"seed": 9310232, "family": "lin", "window_frac": 0.1, "f": 0.98, "status": "ok", "t_c": 762, "t_fc": 864, "err_cross": -3, "err_lag": -2, "err_ref": -4, "secs": 0.18}
{"seed": 9310232, "family": "lin", "window_frac": 0.25, "f": 0.8, "status": "ok", "t_c": 580, "t_fc": 822, "err_cross": -45, "err_lag": -2, "err_ref": -4, "secs": 0.18}
{"seed": 9310232, "family": "lin", "window_frac": 0.25, "f": 0.9, "status": "ok", "t_c": 679, "t_fc": 850, "err_cross": -17, "err_lag": -2, "err_ref": -4, "secs": 0.18}
{"seed": 9310232, "family": "lin", "window_frac": 0.25, "f": 0.95, "status": "ok", "t_c": 730, "t_fc": 859, "err_cross": -8, "err_lag": -2, "err_ref": -4, "secs": 0.18}
{"seed": 9310232, "family": "lin", "window_frac": 0.25, "f": 0.98, "status": "ok", "t_c": 762, "t_fc": 863, "err_cross": -4, "err_lag": -2, "err_ref": -4, "secs": 0.18}
{"seed": 9310233, "family": "quad", "window_frac": 0.05, "f": 0.8, "status": "no cutoff: s never reaches f\u00b7s_ref in the saved path", "t_c": null, "t_fc": null, "err_cross": null, "err_lag": null, "err_ref": null, "secs": 0.0}
{"seed": 9310233, "family": "quad", "window_frac": 0.05, "f": 0.9, "status": "no cutoff: s never reaches f\u00b7s_ref in the saved path", "t_c": null, "t_fc": null, "err_cross": null, "err_lag": null, "err_ref": null, "secs": 0.0}
{"seed": 9310233, "family": "quad", "window_frac": 0.05, "f": 0.95, "status": "no cutoff: s never reaches f\u00b7s_ref in the saved path", "t_c": null, "t_fc": null, "err_cross": null, "err_lag": null, "err_ref": null, "secs": 0.0}
{"seed": 9310233, "family": "quad", "window_frac": 0.05, "f": 0.98, "status": "no cutoff: s never reaches f\u00b7s_ref in the saved path", "t_c": null, "t_fc": null, "err_cross": null, "err_lag": null, "err_ref": null, "secs": 0.0}
{"seed": 9310233, "family": "quad", "window_frac": 0.1, "f": 0.8, "status": "no cutoff: s never reaches f\u00b7s_ref in the saved path", "t_c": null, "t_fc": null, "err_cross": null, "err_lag": null, "err_ref": null, "secs": 0.0}
{"seed": 9310233, "family": "quad", "window_frac": 0.1, "f": 0.9, "status": "no cutoff: s never reaches f\u00b7s_ref in the saved path", "t_c": null, "t_fc": null, "err_cross": null, "err_lag": null, "err_ref": null, "secs": 0.0}
{"seed": 9310233, "family": "quad", "window_frac": 0.1, "f": 0.95, "status": "no cutoff: s never reaches f\u00b7s_ref in the saved path", "t_c": null, "t_fc": null, "err_cross": null, "err_lag": null, "err_ref": null, "secs": 0.0}
{"seed": 9310233, "family": "quad", "window_frac": 0.1, "f": 0.98, "status": "no cutoff: s never reaches f\u00b7s_ref in the saved path", "t_c": null, "t_fc": null, "err_cross": null, "err_lag": null, "err_ref": null, "secs": 0.0}
{"seed": 9310233, "family": "quad", "window_frac": 0.25, "f": 0.8, "status": "no cutoff: s never reaches f\u00b7s_ref in the saved path", "t_c": null, "t_fc": null, "err_cross": null, "err_lag": null, "err_ref": null, "secs": 0.0}
{"seed": 9310233, "family": "quad", "window_frac": 0.25, "f": 0.9, "status": "no cutoff: s never reaches f\u00b7s_ref in the saved path", "t_c": null, "t_fc": null, "err_cross": null, "err_lag": null, "err_ref": null, "secs": 0.0}
{"seed": 9310233, "family": "quad", "window_frac": 0.25, "f": 0.95, "status": "no cutoff: s never reaches f\u00b7s_ref in the saved path", "t_c": null, "t_fc": null, "err_cross": null, "err_lag": null, "err_ref": null, "secs": 0.0}
{"seed": 9310233, "family": "quad", "window_frac": 0.25, "f": 0.98, "status": "no cutoff: s never reaches f\u00b7s_ref in the saved path", "t_c": null, "t_fc": null, "err_cross": null, "err_lag": null, "err_ref": null, "secs": 0.0}
{"seed": 9310233, "family": "rate", "window_frac": 0.05, "f": 0.8, "status": "no cutoff: s never reaches f\u00b7s_ref in the saved path", "t_c": null, "t_fc": null, "err_cross": null, "err_lag": null, "err_ref": null, "secs": 0.0}
{"seed": 9310233, "family": "rate", "window_frac": 0.05, "f": 0.9, "status": "no cutoff: s never reaches f\u00b7s_ref in the saved path", "t_c": null, "t_fc": null, "err_cross": null, "err_lag": null, "err_ref": null, "secs": 0.0}
{"seed": 9310233, "family": "rate", "window_frac": 0.05, "f": 0.95, "status": "no cutoff: s never reaches f\u00b7s_ref in the saved path", "t_c": null, "t_fc": null, "err_cross": null, "err_lag": null, "err_ref": null, "secs": 0.0}
{"seed": 9310233, "family": "rate", "window_frac": 0.05, "f": 0.98, "status": "no cutoff: s never reaches f\u00b7s_ref in the saved path", "t_c": null, "t_fc": null, "err_cross": null, "err_lag": null, "err_ref": null, "secs": 0.0}
{"seed": 9310233, "family": "rate", "window_frac": 0.1, "f": 0.8, "status": "no cutoff: s never reaches f\u00b7s_ref in the saved path", "t_c": null, "t_fc": null, "err_cross": null, "err_lag": null, "err_ref": null, "secs": 0.0}
{"seed": 9310233, "family": "rate", "window_frac": 0.1, "f": 0.9, "status": "no cutoff: s never reaches f\u00b7s_ref in the saved path", "t_c": null, "t_fc": null, "err_cross": null, "err_lag": null, "err_ref": null, "secs": 0.0}
{"seed": 9310233, "family": "rate", "window_frac": 0.1, "f": 0.95, "status": "no cutoff: s never reaches f\u00b7s_ref in the saved path", "t_c": null, "t_fc": null, "err_cross": null, "err_lag": null, "err_ref": null, "secs": 0.0}
{"seed": 9310233, "family": "rate", "window_frac": 0.1, "f": 0.98, "status": "no cutoff: s never reaches f\u00b7s_ref in the saved path", "t_c": null, "t_fc": null, "err_cross": null, "err_lag": null, "err_ref": null, "secs": 0.0}
{"seed": 9310233, "family": "rate", "window_frac": 0.25, "f": 0.8, "status": "no cutoff: s never reaches f\u00b7s_ref in the saved path", "t_c": null, "t_fc": null, "err_cross": null, "err_lag": null, "err_ref": null, "secs": 0.0}
{"seed": 9310233, "family": "rate", "window_frac": 0.25, "f": 0.9, "status": "no cutoff: s never reaches f\u00b7s_ref in the saved path", "t_c": null, "t_fc": null, "err_cross": null, "err_lag": null, "err_ref": null, "secs": 0.0}
{"seed": 9310233, "family": "rate", "window_frac": 0.25, "f": 0.95, "status": "no cutoff: s never reaches f\u00b7s_ref in the saved path", "t_c": null, "t_fc": null, "err_cross": null, "err_lag": null, "err_ref": null, "secs": 0.0}
{"seed": 9310233, "family": "rate", "window_frac": 0.25, "f": 0.98, "status": "no cutoff: s never reaches f\u00b7s_ref in the saved path", "t_c": null, "t_fc": null, "err_cross": null, "err_lag": null, "err_ref": null, "secs": 0.0}
{"seed": 9310233, "family": "lin", "window_frac": 0.05, "f": 0.8, "status": "no cutoff: s never reaches f\u00b7s_ref in the saved path", "t_c": null, "t_fc": null, "err_cross": null, "err_lag": null, "err_ref": null, "secs": 0.0}
{"seed": 9310233, "family": "lin", "window_frac": 0.05, "f": 0.9, "status": "no cutoff: s never reaches f\u00b7s_ref in the saved path", "t_c": null, "t_fc": null, "err_cross": null, "err_lag": null, "err_ref": null, "secs": 0.0}
{"seed": 9310233, "family": "lin", "window_frac": 0.05, "f": 0.95, "status": "no cutoff: s never reaches f\u00b7s_ref in the saved path", "t_c": null, "t_fc": null, "err_cross": null, "err_lag": null, "err_ref": null, "secs": 0.0}
{"seed": 9310233, "family": "lin", "window_frac": 0.05, "f": 0.98, "status": "no cutoff: s never reaches f\u00b7s_ref in the saved path", "t_c": null, "t_fc": null, "err_cross": null, "err_lag": null, "err_ref": null, "secs": 0.0}
{"seed": 9310233, "family": "lin", "window_frac": 0.1, "f": 0.8, "status": "no cutoff: s never reaches f\u00b7s_ref in the saved path", "t_c": null, "t_fc": null, "err_cross": null, "err_lag": null, "err_ref": null, "secs": 0.0}
{"seed": 9310233, "family": "lin", "window_frac": 0.1, "f": 0.9, "status": "no cutoff: s never reaches f\u00b7s_ref in the saved path", "t_c": null, "t_fc": null, "err_cross": null, "err_lag": null, "err_ref": null, "secs": 0.0}
{"seed": 9310233, "family": "lin", "window_frac": 0.1, "f": 0.95, "status": "no cutoff: s never reaches f\u00b7s_ref in the saved path", "t_c": null, "t_fc": null, "err_cross": null, "err_lag": null, "err_ref": null, "secs": 0.0}
{"seed": 9310233, "family": "lin", "window_frac": 0.1, "f": 0.98, "status": "no cutoff: s never reaches f\u00b7s_ref in the saved path", "t_c": null, "t_fc": null, "err_cross": null, "err_lag": null, "err_ref": null, "secs": 0.0}
{"seed": 9310233, "family": "lin", "window_frac": 0.25, "f": 0.8, "status": "no cutoff: s never reaches f\u00b7s_ref in the saved path", "t_c": null, "t_fc": null, "err_cross": null, "err_lag": null, "err_ref": null, "secs": 0.0}
{"seed": 9310233, "family": "lin", "window_frac": 0.25, "f": 0.9, "status": "no cutoff: s never reaches f\u00b7s_ref in the saved path", "t_c": null, "t_fc": null, "err_cross": null, "err_lag": null, "err_ref": null, "secs": 0.0}
{"seed": 9310233, "family": "lin", "window_frac": 0.25, "f": 0.95, "status": "no cutoff: s never reaches f\u00b7s_ref in the saved path", "t_c": null, "t_fc": null, "err_cross": null, "err_lag": null, "err_ref": null, "secs": 0.0}
{"seed": 9310233, "family": "lin", "window_frac": 0.25, "f": 0.98, "status": "no cutoff: s never reaches f\u00b7s_ref in the saved path", "t_c": null, "t_fc": null, "err_cross": null, "err_lag": null, "err_ref": null, "secs": 0.0}
{"seed": 9310234, "family": "quad", "window_frac": 0.05, "f": 0.8, "status": "no cutoff: s never reaches f\u00b7s_ref in the saved path", "t_c": null, "t_fc": null, "err_cross": null, "err_lag": null, "err_ref": null, "secs": 0.0}
{"seed": 9310234, "family": "quad", "window_frac": 0.05, "f": 0.9, "status": "no cutoff: s never reaches f\u00b7s_ref in the saved path", "t_c": null, "t_fc": null, "err_cross": null, "err_lag": null, "err_ref": null, "secs": 0.0}
{"seed": 9310234, "family": "quad", "window_frac": 0.05, "f": 0.95, "status": "no cutoff: s never reaches f\u00b7s_ref in the saved path", "t_c": null, "t_fc": null, "err_cross": null, "err_lag": null, "err_ref": null, "secs": 0.0}
{"seed": 9310234, "family": "quad", "window_frac": 0.05, "f": 0.98, "status": "no cutoff: s never reaches f\u00b7s_ref in the saved path", "t_c": null, "t_fc": null, "err_cross": null, "err_lag": null, "err_ref": null, "secs": 0.0}
{"seed": 9310234, "family": "quad", "window_frac": 0.1, "f": 0.8, "status": "no cutoff: s never reaches f\u00b7s_ref in the saved path", "t_c": null, "t_fc": null, "err_cross": null, "err_lag": null, "err_ref": null, "secs": 0.0}
{"seed": 9310234, "family": "quad", "window_frac": 0.1, "f": 0.9, "status": "no cutoff: s never reaches f\u00b7s_ref in the saved path", "t_c": null, "t_fc": null, "err_cross": null, "err_lag": null, "err_ref": null, "secs": 0.0}
{"seed": 9310234, "family": "quad", "window_frac": 0.1, "f": 0.95, "status": "no cutoff: s never reaches f\u00b7s_ref in the saved path", "t_c": null, "t_fc": null, "err_cross": null, "err_lag": null, "err_ref": null, "secs": 0.0}
{"seed": 9310234, "family": "quad", "window_frac": 0.1, "f": 0.98, "status": "no cutoff: s never reaches f\u00b7s_ref in the saved path", "t_c": null, "t_fc": null, "err_cross": null, "err_lag": null, "err_ref": null, "secs": 0.0}
{"seed": 9310234, "family": "quad", "window_frac": 0.25, "f": 0.8, "status": "no cutoff: s never reaches f\u00b7s_ref in the saved path", "t_c": null, "t_fc": null, "err_cross": null, "err_lag": null, "err_ref": null, "secs": 0.0}
{"seed": 9310234, "family": "quad", "window_frac": 0.25, "f": 0.9, "status": "no cutoff: s never reaches f\u00b7s_ref in the saved path", "t_c": null, "t_fc": null, "err_cross": null, "err_lag": null, "err_ref": null, "secs": 0.0}
{"seed": 9310234, "family": "quad", "window_frac": 0.25, "f": 0.95, "status": "no cutoff: s never reaches f\u00b7s_ref in the saved path", "t_c": null, "t_fc": null, "err_cross": null, "err_lag": null, "err_ref": null, "secs": 0.0}
{"seed": 9310234, "family": "quad", "window_frac": 0.25, "f": 0.98, "status": "no cutoff: s never reaches f\u00b7s_ref in the saved path", "t_c": null, "t_fc": null, "err_cross": null, "err_lag": null, "err_ref": null, "secs": 0.0}
{"seed": 9310234, "family": "rate", "window_frac": 0.05, "f": 0.8, "status": "no cutoff: s never reaches f\u00b7s_ref in the saved path", "t_c": null, "t_fc": null, "err_cross": null, "err_lag": null, "err_ref": null, "secs": 0.0}
{"seed": 9310234, "family": "rate", "window_frac": 0.05, "f": 0.9, "status": "no cutoff: s never reaches f\u00b7s_ref in the saved path", "t_c": null, "t_fc": null, "err_cross": null, "err_lag": null, "err_ref": null, "secs": 0.0}
{"seed": 9310234, "family": "rate", "window_frac": 0.05, "f": 0.95, "status": "no cutoff: s never reaches f\u00b7s_ref in the saved path", "t_c": null, "t_fc": null, "err_cross": null, "err_lag": null, "err_ref": null, "secs": 0.0}
{"seed": 9310234, "family": "rate", "window_frac": 0.05, "f": 0.98, "status": "no cutoff: s never reaches f\u00b7s_ref in the saved path", "t_c": null, "t_fc": null, "err_cross": null, "err_lag": null, "err_ref": null, "secs": 0.0}
{"seed": 9310234, "family": "rate", "window_frac": 0.1, "f": 0.8, "status": "no cutoff: s never reaches f\u00b7s_ref in the saved path", "t_c": null, "t_fc": null, "err_cross": null, "err_lag": null, "err_ref": null, "secs": 0.0}
{"seed": 9310234, "family": "rate", "window_frac": 0.1, "f": 0.9, "status": "no cutoff: s never reaches f\u00b7s_ref in the saved path", "t_c": null, "t_fc": null, "err_cross": null, "err_lag": null, "err_ref": null, "secs": 0.0}
{"seed": 9310234, "family": "rate", "window_frac": 0.1, "f": 0.95, "status": "no cutoff: s never reaches f\u00b7s_ref in the saved path", "t_c": null, "t_fc": null, "err_cross": null, "err_lag": null, "err_ref": null, "secs": 0.0}
{"seed": 9310234, "family": "rate", "window_frac": 0.1, "f": 0.98, "status": "no cutoff: s never reaches f\u00b7s_ref in the saved path", "t_c": null, "t_fc": null, "err_cross": null, "err_lag": null, "err_ref": null, "secs": 0.0}
{"seed": 9310234, "family": "rate", "window_frac": 0.25, "f": 0.8, "status": "no cutoff: s never reaches f\u00b7s_ref in the saved path", "t_c": null, "t_fc": null, "err_cross": null, "err_lag": null, "err_ref": null, "secs": 0.0}
{"seed": 9310234, "family": "rate", "window_frac": 0.25, "f": 0.9, "status": "no cutoff: s never reaches f\u00b7s_ref in the saved path", "t_c": null, "t_fc": null, "err_cross": null, "err_lag": null, "err_ref": null, "secs": 0.0}
{"seed": 9310234, "family": "rate", "window_frac": 0.25, "f": 0.95, "status": "no cutoff: s never reaches f\u00b7s_ref in the saved path", "t_c": null, "t_fc": null, "err_cross": null, "err_lag": null, "err_ref": null, "secs": 0.0}
{"seed": 9310234, "family": "rate", "window_frac": 0.25, "f": 0.98, "status": "no cutoff: s never reaches f\u00b7s_ref in the saved path", "t_c": null, "t_fc": null, "err_cross": null, "err_lag": null, "err_ref": null, "secs": 0.0}
{"seed": 9310234, "family": "lin", "window_frac": 0.05, "f": 0.8, "status": "no cutoff: s never reaches f\u00b7s_ref in the saved path", "t_c": null, "t_fc": null, "err_cross": null, "err_lag": null, "err_ref": null, "secs": 0.0}
{"seed": 9310234, "family": "lin", "window_frac": 0.05, "f": 0.9, "status": "no cutoff: s never reaches f\u00b7s_ref in the saved path", "t_c": null, "t_fc": null, "err_cross": null, "err_lag": null, "err_ref": null, "secs": 0.0}
{"seed": 9310234, "family": "lin", "window_frac": 0.05, "f": 0.95, "status": "no cutoff: s never reaches f\u00b7s_ref in the saved path", "t_c": null, "t_fc": null, "err_cross": null, "err_lag": null, "err_ref": null, "secs": 0.0}
{"seed": 9310234, "family": "lin", "window_frac": 0.05, "f": 0.98, "status": "no cutoff: s never reaches f\u00b7s_ref in the saved path", "t_c": null, "t_fc": null, "err_cross": null, "err_lag": null, "err_ref": null, "secs": 0.0}
{"seed": 9310234, "family": "lin", "window_frac": 0.1, "f": 0.8, "status": "no cutoff: s never reaches f\u00b7s_ref in the saved path", "t_c": null, "t_fc": null, "err_cross": null, "err_lag": null, "err_ref": null, "secs": 0.0}
{"seed": 9310234, "family": "lin", "window_frac": 0.1, "f": 0.9, "status": "no cutoff: s never reaches f\u00b7s_ref in the saved path", "t_c": null, "t_fc": null, "err_cross": null, "err_lag": null, "err_ref": null, "secs": 0.0}
{"seed": 9310234, "family": "lin", "window_frac": 0.1, "f": 0.95, "status": "no cutoff: s never reaches f\u00b7s_ref in the saved path", "t_c": null, "t_fc": null, "err_cross": null, "err_lag": null, "err_ref": null, "secs": 0.0}
{"seed": 9310234, "family": "lin", "window_frac": 0.1, "f": 0.98, "status": "no cutoff: s never reaches f\u00b7s_ref in the saved path", "t_c": null, "t_fc": null, "err_cross": null, "err_lag": null, "err_ref": null, "secs": 0.0}
{"seed": 9310234, "family": "lin", "window_frac": 0.25, "f": 0.8, "status": "no cutoff: s never reaches f\u00b7s_ref in the saved path", "t_c": null, "t_fc": null, "err_cross": null, "err_lag": null, "err_ref": null, "secs": 0.0}
{"seed": 9310234, "family": "lin", "window_frac": 0.25, "f": 0.9, "status": "no cutoff: s never reaches f\u00b7s_ref in the saved path", "t_c": null, "t_fc": null, "err_cross": null, "err_lag": null, "err_ref": null, "secs": 0.0}
{"seed": 9310234, "family": "lin", "window_frac": 0.25, "f": 0.95, "status": "no cutoff: s never reaches f\u00b7s_ref in the saved path", "t_c": null, "t_fc": null, "err_cross": null, "err_lag": null, "err_ref": null, "secs": 0.0}
{"seed": 9310234, "family": "lin", "window_frac": 0.25, "f": 0.98, "status": "no cutoff: s never reaches f\u00b7s_ref in the saved path", "t_c": null, "t_fc": null, "err_cross": null, "err_lag": null, "err_ref": null, "secs": 0.0}
{"seed": 9310235, "family": "quad", "window_frac": 0.05, "f": 0.8, "status": "no forecast: no predicted crossing on the extrapolated path", "t_c": 831, "t_fc": null, "err_cross": null, "err_lag": null, "err_ref": -4, "secs": 0.19}
{"seed": 9310235, "family": "quad", "window_frac": 0.05, "f": 0.9, "status": "ok", "t_c": 908, "t_fc": 1373, "err_cross": 112, "err_lag": null, "err_ref": -4, "secs": 0.19}
{"seed": 9310235, "family": "quad", "window_frac": 0.05, "f": 0.95, "status": "ok", "t_c": 948, "t_fc": 1289, "err_cross": 28, "err_lag": -9, "err_ref": -4, "secs": 0.19}
{"seed": 9310235, "family": "quad", "window_frac": 0.05, "f": 0.98, "status": "ok", "t_c": 972, "t_fc": 1275, "err_cross": 14, "err_lag": -8, "err_ref": -4, "secs": 0.18}
{"seed": 9310235, "family": "quad", "window_frac": 0.1, "f": 0.8, "status": "no forecast: no predicted crossing on the extrapolated path", "t_c": 831, "t_fc": null, "err_cross": null, "err_lag": null, "err_ref": -4, "secs": 0.19}
{"seed": 9310235, "family": "quad", "window_frac": 0.1, "f": 0.9, "status": "ok", "t_c": 908, "t_fc": 1373, "err_cross": 112, "err_lag": null, "err_ref": -4, "secs": 0.19}
{"seed": 9310235, "family": "quad", "window_frac": 0.1, "f": 0.95, "status": "ok", "t_c": 948, "t_fc": 1289, "err_cross": 28, "err_lag": -9, "err_ref": -4, "secs": 0.18}
{"seed": 9310235, "family": "quad", "window_frac": 0.1, "f": 0.98, "status": "ok", "t_c": 972, "t_fc": 1275, "err_cross": 14, "err_lag": -8, "err_ref": -4, "secs": 0.18}
{"seed": 9310235, "family": "quad", "window_frac": 0.25, "f": 0.8, "status": "no forecast: no predicted crossing on the extrapolated path", "t_c": 831, "t_fc": null, "err_cross": null, "err_lag": null, "err_ref": -4, "secs": 0.19}
{"seed": 9310235, "family": "quad", "window_frac": 0.25, "f": 0.9, "status": "no forecast: no predicted crossing on the extrapolated path", "t_c": 908, "t_fc": null, "err_cross": null, "err_lag": null, "err_ref": -4, "secs": 0.19}
{"seed": 9310235, "family": "quad", "window_frac": 0.25, "f": 0.95, "status": "ok", "t_c": 948, "t_fc": 1303, "err_cross": 42, "err_lag": -11, "err_ref": -4, "secs": 0.18}
{"seed": 9310235, "family": "quad", "window_frac": 0.25, "f": 0.98, "status": "ok", "t_c": 972, "t_fc": 1284, "err_cross": 23, "err_lag": -9, "err_ref": -4, "secs": 0.18}
{"seed": 9310235, "family": "rate", "window_frac": 0.05, "f": 0.8, "status": "ok", "t_c": 831, "t_fc": 1321, "err_cross": 60, "err_lag": -6, "err_ref": -4, "secs": 0.18}
{"seed": 9310235, "family": "rate", "window_frac": 0.05, "f": 0.9, "status": "ok", "t_c": 908, "t_fc": 1276, "err_cross": 15, "err_lag": -5, "err_ref": -4, "secs": 0.18}
{"seed": 9310235, "family": "rate", "window_frac": 0.05, "f": 0.95, "status": "ok", "t_c": 948, "t_fc": 1267, "err_cross": 6, "err_lag": -5, "err_ref": -4, "secs": 0.18}
{"seed": 9310235, "family": "rate", "window_frac": 0.05, "f": 0.98, "status": "ok", "t_c": 972, "t_fc": 1263, "err_cross": 2, "err_lag": -5, "err_ref": -4, "secs": 0.18}
{"seed": 9310235, "family": "rate", "window_frac": 0.1, "f": 0.8, "status": "ok", "t_c": 831, "t_fc": 1321, "err_cross": 60, "err_lag": -6, "err_ref": -4, "secs": 0.19}
{"seed": 9310235, "family": "rate", "window_frac": 0.1, "f": 0.9, "status": "ok", "t_c": 908, "t_fc": 1276, "err_cross": 15, "err_lag": -5, "err_ref": -4, "secs": 0.18}
{"seed": 9310235, "family": "rate", "window_frac": 0.1, "f": 0.95, "status": "ok", "t_c": 948, "t_fc": 1267, "err_cross": 6, "err_lag": -5, "err_ref": -4, "secs": 0.19}
{"seed": 9310235, "family": "rate", "window_frac": 0.1, "f": 0.98, "status": "ok", "t_c": 972, "t_fc": 1263, "err_cross": 2, "err_lag": -5, "err_ref": -4, "secs": 0.18}
{"seed": 9310235, "family": "rate", "window_frac": 0.25, "f": 0.8, "status": "ok", "t_c": 831, "t_fc": 1321, "err_cross": 60, "err_lag": -6, "err_ref": -4, "secs": 0.19}
{"seed": 9310235, "family": "rate", "window_frac": 0.25, "f": 0.9, "status": "ok", "t_c": 908, "t_fc": 1279, "err_cross": 18, "err_lag": -5, "err_ref": -4, "secs": 0.18}
{"seed": 9310235, "family": "rate", "window_frac": 0.25, "f": 0.95, "status": "ok", "t_c": 948, "t_fc": 1269, "err_cross": 8, "err_lag": -6, "err_ref": -4, "secs": 0.18}
{"seed": 9310235, "family": "rate", "window_frac": 0.25, "f": 0.98, "status": "ok", "t_c": 972, "t_fc": 1266, "err_cross": 5, "err_lag": -5, "err_ref": -4, "secs": 0.18}
{"seed": 9310235, "family": "lin", "window_frac": 0.05, "f": 0.8, "status": "ok", "t_c": 831, "t_fc": 1147, "err_cross": -114, "err_lag": -1, "err_ref": -4, "secs": 0.18}
{"seed": 9310235, "family": "lin", "window_frac": 0.05, "f": 0.9, "status": "ok", "t_c": 908, "t_fc": 1192, "err_cross": -69, "err_lag": -2, "err_ref": -4, "secs": 0.18}
{"seed": 9310235, "family": "lin", "window_frac": 0.05, "f": 0.95, "status": "ok", "t_c": 948, "t_fc": 1210, "err_cross": -51, "err_lag": -2, "err_ref": -4, "secs": 0.18}
{"seed": 9310235, "family": "lin", "window_frac": 0.05, "f": 0.98, "status": "ok", "t_c": 972, "t_fc": 1220, "err_cross": -41, "err_lag": -1, "err_ref": -4, "secs": 0.18}
{"seed": 9310235, "family": "lin", "window_frac": 0.1, "f": 0.8, "status": "ok", "t_c": 831, "t_fc": 1147, "err_cross": -114, "err_lag": -1, "err_ref": -4, "secs": 0.18}
{"seed": 9310235, "family": "lin", "window_frac": 0.1, "f": 0.9, "status": "ok", "t_c": 908, "t_fc": 1192, "err_cross": -69, "err_lag": -2, "err_ref": -4, "secs": 0.18}
{"seed": 9310235, "family": "lin", "window_frac": 0.1, "f": 0.95, "status": "ok", "t_c": 948, "t_fc": 1210, "err_cross": -51, "err_lag": -2, "err_ref": -4, "secs": 0.18}
{"seed": 9310235, "family": "lin", "window_frac": 0.1, "f": 0.98, "status": "ok", "t_c": 972, "t_fc": 1220, "err_cross": -41, "err_lag": -1, "err_ref": -4, "secs": 0.18}
{"seed": 9310235, "family": "lin", "window_frac": 0.25, "f": 0.8, "status": "ok", "t_c": 831, "t_fc": 1146, "err_cross": -115, "err_lag": -2, "err_ref": -4, "secs": 0.18}
{"seed": 9310235, "family": "lin", "window_frac": 0.25, "f": 0.9, "status": "ok", "t_c": 908, "t_fc": 1187, "err_cross": -74, "err_lag": -2, "err_ref": -4, "secs": 0.18}
{"seed": 9310235, "family": "lin", "window_frac": 0.25, "f": 0.95, "status": "ok", "t_c": 948, "t_fc": 1205, "err_cross": -56, "err_lag": -1, "err_ref": -4, "secs": 0.18}
{"seed": 9310235, "family": "lin", "window_frac": 0.25, "f": 0.98, "status": "ok", "t_c": 972, "t_fc": 1214, "err_cross": -47, "err_lag": -1, "err_ref": -4, "secs": 0.18}
{"seed": 9310236, "family": "quad", "window_frac": 0.05, "f": 0.8, "status": "no forecast: no predicted crossing on the extrapolated path", "t_c": 19412, "t_fc": null, "err_cross": null, "err_lag": null, "err_ref": null, "secs": 0.94}
{"seed": 9310236, "family": "quad", "window_frac": 0.05, "f": 0.9, "status": "no cutoff: s never reaches f\u00b7s_ref in the saved path", "t_c": null, "t_fc": null, "err_cross": null, "err_lag": null, "err_ref": null, "secs": 0.0}
{"seed": 9310236, "family": "quad", "window_frac": 0.05, "f": 0.95, "status": "no cutoff: s never reaches f\u00b7s_ref in the saved path", "t_c": null, "t_fc": null, "err_cross": null, "err_lag": null, "err_ref": null, "secs": 0.0}
{"seed": 9310236, "family": "quad", "window_frac": 0.05, "f": 0.98, "status": "no cutoff: s never reaches f\u00b7s_ref in the saved path", "t_c": null, "t_fc": null, "err_cross": null, "err_lag": null, "err_ref": null, "secs": 0.0}
{"seed": 9310236, "family": "quad", "window_frac": 0.1, "f": 0.8, "status": "no forecast: no predicted crossing on the extrapolated path", "t_c": 19412, "t_fc": null, "err_cross": null, "err_lag": null, "err_ref": null, "secs": 0.94}
{"seed": 9310236, "family": "quad", "window_frac": 0.1, "f": 0.9, "status": "no cutoff: s never reaches f\u00b7s_ref in the saved path", "t_c": null, "t_fc": null, "err_cross": null, "err_lag": null, "err_ref": null, "secs": 0.0}
{"seed": 9310236, "family": "quad", "window_frac": 0.1, "f": 0.95, "status": "no cutoff: s never reaches f\u00b7s_ref in the saved path", "t_c": null, "t_fc": null, "err_cross": null, "err_lag": null, "err_ref": null, "secs": 0.0}
{"seed": 9310236, "family": "quad", "window_frac": 0.1, "f": 0.98, "status": "no cutoff: s never reaches f\u00b7s_ref in the saved path", "t_c": null, "t_fc": null, "err_cross": null, "err_lag": null, "err_ref": null, "secs": 0.0}
{"seed": 9310236, "family": "quad", "window_frac": 0.25, "f": 0.8, "status": "no forecast: no predicted crossing on the extrapolated path", "t_c": 19412, "t_fc": null, "err_cross": null, "err_lag": null, "err_ref": null, "secs": 0.95}
{"seed": 9310236, "family": "quad", "window_frac": 0.25, "f": 0.9, "status": "no cutoff: s never reaches f\u00b7s_ref in the saved path", "t_c": null, "t_fc": null, "err_cross": null, "err_lag": null, "err_ref": null, "secs": 0.0}
{"seed": 9310236, "family": "quad", "window_frac": 0.25, "f": 0.95, "status": "no cutoff: s never reaches f\u00b7s_ref in the saved path", "t_c": null, "t_fc": null, "err_cross": null, "err_lag": null, "err_ref": null, "secs": 0.0}
{"seed": 9310236, "family": "quad", "window_frac": 0.25, "f": 0.98, "status": "no cutoff: s never reaches f\u00b7s_ref in the saved path", "t_c": null, "t_fc": null, "err_cross": null, "err_lag": null, "err_ref": null, "secs": 0.0}
{"seed": 9310236, "family": "rate", "window_frac": 0.05, "f": 0.8, "status": "no forecast: no predicted crossing on the extrapolated path", "t_c": 19412, "t_fc": null, "err_cross": null, "err_lag": null, "err_ref": null, "secs": 0.98}
{"seed": 9310236, "family": "rate", "window_frac": 0.05, "f": 0.9, "status": "no cutoff: s never reaches f\u00b7s_ref in the saved path", "t_c": null, "t_fc": null, "err_cross": null, "err_lag": null, "err_ref": null, "secs": 0.0}
{"seed": 9310236, "family": "rate", "window_frac": 0.05, "f": 0.95, "status": "no cutoff: s never reaches f\u00b7s_ref in the saved path", "t_c": null, "t_fc": null, "err_cross": null, "err_lag": null, "err_ref": null, "secs": 0.0}
{"seed": 9310236, "family": "rate", "window_frac": 0.05, "f": 0.98, "status": "no cutoff: s never reaches f\u00b7s_ref in the saved path", "t_c": null, "t_fc": null, "err_cross": null, "err_lag": null, "err_ref": null, "secs": 0.0}
{"seed": 9310236, "family": "rate", "window_frac": 0.1, "f": 0.8, "status": "no forecast: no predicted crossing on the extrapolated path", "t_c": 19412, "t_fc": null, "err_cross": null, "err_lag": null, "err_ref": null, "secs": 0.94}
{"seed": 9310236, "family": "rate", "window_frac": 0.1, "f": 0.9, "status": "no cutoff: s never reaches f\u00b7s_ref in the saved path", "t_c": null, "t_fc": null, "err_cross": null, "err_lag": null, "err_ref": null, "secs": 0.0}
{"seed": 9310236, "family": "rate", "window_frac": 0.1, "f": 0.95, "status": "no cutoff: s never reaches f\u00b7s_ref in the saved path", "t_c": null, "t_fc": null, "err_cross": null, "err_lag": null, "err_ref": null, "secs": 0.0}
{"seed": 9310236, "family": "rate", "window_frac": 0.1, "f": 0.98, "status": "no cutoff: s never reaches f\u00b7s_ref in the saved path", "t_c": null, "t_fc": null, "err_cross": null, "err_lag": null, "err_ref": null, "secs": 0.0}
{"seed": 9310236, "family": "rate", "window_frac": 0.25, "f": 0.8, "status": "no forecast: no predicted crossing on the extrapolated path", "t_c": 19412, "t_fc": null, "err_cross": null, "err_lag": null, "err_ref": null, "secs": 0.95}
{"seed": 9310236, "family": "rate", "window_frac": 0.25, "f": 0.9, "status": "no cutoff: s never reaches f\u00b7s_ref in the saved path", "t_c": null, "t_fc": null, "err_cross": null, "err_lag": null, "err_ref": null, "secs": 0.0}
{"seed": 9310236, "family": "rate", "window_frac": 0.25, "f": 0.95, "status": "no cutoff: s never reaches f\u00b7s_ref in the saved path", "t_c": null, "t_fc": null, "err_cross": null, "err_lag": null, "err_ref": null, "secs": 0.0}
{"seed": 9310236, "family": "rate", "window_frac": 0.25, "f": 0.98, "status": "no cutoff: s never reaches f\u00b7s_ref in the saved path", "t_c": null, "t_fc": null, "err_cross": null, "err_lag": null, "err_ref": null, "secs": 0.0}
{"seed": 9310236, "family": "lin", "window_frac": 0.05, "f": 0.8, "status": "no forecast: no predicted crossing on the extrapolated path", "t_c": 19412, "t_fc": null, "err_cross": null, "err_lag": null, "err_ref": null, "secs": 0.94}
{"seed": 9310236, "family": "lin", "window_frac": 0.05, "f": 0.9, "status": "no cutoff: s never reaches f\u00b7s_ref in the saved path", "t_c": null, "t_fc": null, "err_cross": null, "err_lag": null, "err_ref": null, "secs": 0.0}
{"seed": 9310236, "family": "lin", "window_frac": 0.05, "f": 0.95, "status": "no cutoff: s never reaches f\u00b7s_ref in the saved path", "t_c": null, "t_fc": null, "err_cross": null, "err_lag": null, "err_ref": null, "secs": 0.0}
{"seed": 9310236, "family": "lin", "window_frac": 0.05, "f": 0.98, "status": "no cutoff: s never reaches f\u00b7s_ref in the saved path", "t_c": null, "t_fc": null, "err_cross": null, "err_lag": null, "err_ref": null, "secs": 0.0}
{"seed": 9310236, "family": "lin", "window_frac": 0.1, "f": 0.8, "status": "no forecast: no predicted crossing on the extrapolated path", "t_c": 19412, "t_fc": null, "err_cross": null, "err_lag": null, "err_ref": null, "secs": 0.94}
{"seed": 9310236, "family": "lin", "window_frac": 0.1, "f": 0.9, "status": "no cutoff: s never reaches f\u00b7s_ref in the saved path", "t_c": null, "t_fc": null, "err_cross": null, "err_lag": null, "err_ref": null, "secs": 0.0}
{"seed": 9310236, "family": "lin", "window_frac": 0.1, "f": 0.95, "status": "no cutoff: s never reaches f\u00b7s_ref in the saved path", "t_c": null, "t_fc": null, "err_cross": null, "err_lag": null, "err_ref": null, "secs": 0.0}
{"seed": 9310236, "family": "lin", "window_frac": 0.1, "f": 0.98, "status": "no cutoff: s never reaches f\u00b7s_ref in the saved path", "t_c": null, "t_fc": null, "err_cross": null, "err_lag": null, "err_ref": null, "secs": 0.0}
{"seed": 9310236, "family": "lin", "window_frac": 0.25, "f": 0.8, "status": "no forecast: no predicted crossing on the extrapolated path", "t_c": 19412, "t_fc": null, "err_cross": null, "err_lag": null, "err_ref": null, "secs": 0.93}
{"seed": 9310236, "family": "lin", "window_frac": 0.25, "f": 0.9, "status": "no cutoff: s never reaches f\u00b7s_ref in the saved path", "t_c": null, "t_fc": null, "err_cross": null, "err_lag": null, "err_ref": null, "secs": 0.0}
{"seed": 9310236, "family": "lin", "window_frac": 0.25, "f": 0.95, "status": "no cutoff: s never reaches f\u00b7s_ref in the saved path", "t_c": null, "t_fc": null, "err_cross": null, "err_lag": null, "err_ref": null, "secs": 0.0}
{"seed": 9310236, "family": "lin", "window_frac": 0.25, "f": 0.98, "status": "no cutoff: s never reaches f\u00b7s_ref in the saved path", "t_c": null, "t_fc": null, "err_cross": null, "err_lag": null, "err_ref": null, "secs": 0.0}
{"seed": 9310237, "family": "quad", "window_frac": 0.05, "f": 0.8, "status": "no forecast: no predicted crossing on the extrapolated path", "t_c": 663, "t_fc": null, "err_cross": null, "err_lag": null, "err_ref": -4, "secs": 0.2}
{"seed": 9310237, "family": "quad", "window_frac": 0.05, "f": 0.9, "status": "ok", "t_c": 749, "t_fc": 1035, "err_cross": 11, "err_lag": -7, "err_ref": -4, "secs": 0.19}
{"seed": 9310237, "family": "quad", "window_frac": 0.05, "f": 0.95, "status": "ok", "t_c": 794, "t_fc": 1024, "err_cross": 0, "err_lag": -6, "err_ref": -4, "secs": 0.19}
{"seed": 9310237, "family": "quad", "window_frac": 0.05, "f": 0.98, "status": "ok", "t_c": 821, "t_fc": 1022, "err_cross": -2, "err_lag": -5, "err_ref": -4, "secs": 0.19}
{"seed": 9310237, "family": "quad", "window_frac": 0.1, "f": 0.8, "status": "no forecast: no predicted crossing on the extrapolated path", "t_c": 663, "t_fc": null, "err_cross": null, "err_lag": null, "err_ref": -4, "secs": 0.2}
{"seed": 9310237, "family": "quad", "window_frac": 0.1, "f": 0.9, "status": "ok", "t_c": 749, "t_fc": 1035, "err_cross": 11, "err_lag": -7, "err_ref": -4, "secs": 0.19}
{"seed": 9310237, "family": "quad", "window_frac": 0.1, "f": 0.95, "status": "ok", "t_c": 794, "t_fc": 1024, "err_cross": 0, "err_lag": -6, "err_ref": -4, "secs": 0.22}
{"seed": 9310237, "family": "quad", "window_frac": 0.1, "f": 0.98, "status": "ok", "t_c": 821, "t_fc": 1022, "err_cross": -2, "err_lag": -5, "err_ref": -4, "secs": 0.19}
{"seed": 9310237, "family": "quad", "window_frac": 0.25, "f": 0.8, "status": "no forecast: no predicted crossing on the extrapolated path", "t_c": 663, "t_fc": null, "err_cross": null, "err_lag": null, "err_ref": -4, "secs": 0.2}
{"seed": 9310237, "family": "quad", "window_frac": 0.25, "f": 0.9, "status": "ok", "t_c": 749, "t_fc": 1040, "err_cross": 16, "err_lag": -9, "err_ref": -4, "secs": 0.19}
{"seed": 9310237, "family": "quad", "window_frac": 0.25, "f": 0.95, "status": "ok", "t_c": 794, "t_fc": 1027, "err_cross": 3, "err_lag": -7, "err_ref": -4, "secs": 0.19}
{"seed": 9310237, "family": "quad", "window_frac": 0.25, "f": 0.98, "status": "ok", "t_c": 821, "t_fc": 1024, "err_cross": 0, "err_lag": -6, "err_ref": -4, "secs": 0.19}
{"seed": 9310237, "family": "rate", "window_frac": 0.05, "f": 0.8, "status": "ok", "t_c": 663, "t_fc": 1045, "err_cross": 21, "err_lag": -5, "err_ref": -4, "secs": 0.19}
{"seed": 9310237, "family": "rate", "window_frac": 0.05, "f": 0.9, "status": "ok", "t_c": 749, "t_fc": 1025, "err_cross": 1, "err_lag": -5, "err_ref": -4, "secs": 0.19}
{"seed": 9310237, "family": "rate", "window_frac": 0.05, "f": 0.95, "status": "ok", "t_c": 794, "t_fc": 1022, "err_cross": -2, "err_lag": -4, "err_ref": -4, "secs": 0.19}
{"seed": 9310237, "family": "rate", "window_frac": 0.05, "f": 0.98, "status": "ok", "t_c": 821, "t_fc": 1021, "err_cross": -3, "err_lag": -4, "err_ref": -4, "secs": 0.19}
{"seed": 9310237, "family": "rate", "window_frac": 0.1, "f": 0.8, "status": "ok", "t_c": 663, "t_fc": 1045, "err_cross": 21, "err_lag": -5, "err_ref": -4, "secs": 0.19}
{"seed": 9310237, "family": "rate", "window_frac": 0.1, "f": 0.9, "status": "ok", "t_c": 749, "t_fc": 1025, "err_cross": 1, "err_lag": -5, "err_ref": -4, "secs": 0.19}
{"seed": 9310237, "family": "rate", "window_frac": 0.1, "f": 0.95, "status": "ok", "t_c": 794, "t_fc": 1022, "err_cross": -2, "err_lag": -4, "err_ref": -4, "secs": 0.19}
{"seed": 9310237, "family": "rate", "window_frac": 0.1, "f": 0.98, "status": "ok", "t_c": 821, "t_fc": 1021, "err_cross": -3, "err_lag": -4, "err_ref": -4, "secs": 0.19}
{"seed": 9310237, "family": "rate", "window_frac": 0.25, "f": 0.8, "status": "ok", "t_c": 663, "t_fc": 1046, "err_cross": 22, "err_lag": -5, "err_ref": -4, "secs": 0.19}
{"seed": 9310237, "family": "rate", "window_frac": 0.25, "f": 0.9, "status": "ok", "t_c": 749, "t_fc": 1027, "err_cross": 3, "err_lag": -5, "err_ref": -4, "secs": 0.19}
{"seed": 9310237, "family": "rate", "window_frac": 0.25, "f": 0.95, "status": "ok", "t_c": 794, "t_fc": 1023, "err_cross": -1, "err_lag": -5, "err_ref": -4, "secs": 0.19}
{"seed": 9310237, "family": "rate", "window_frac": 0.25, "f": 0.98, "status": "ok", "t_c": 821, "t_fc": 1021, "err_cross": -3, "err_lag": -5, "err_ref": -4, "secs": 0.19}
{"seed": 9310237, "family": "lin", "window_frac": 0.05, "f": 0.8, "status": "ok", "t_c": 663, "t_fc": 947, "err_cross": -77, "err_lag": -2, "err_ref": -4, "secs": 0.19}
{"seed": 9310237, "family": "lin", "window_frac": 0.05, "f": 0.9, "status": "ok", "t_c": 749, "t_fc": 986, "err_cross": -38, "err_lag": -2, "err_ref": -4, "secs": 0.19}
{"seed": 9310237, "family": "lin", "window_frac": 0.05, "f": 0.95, "status": "ok", "t_c": 794, "t_fc": 1000, "err_cross": -24, "err_lag": -2, "err_ref": -4, "secs": 0.19}
{"seed": 9310237, "family": "lin", "window_frac": 0.05, "f": 0.98, "status": "ok", "t_c": 821, "t_fc": 1007, "err_cross": -17, "err_lag": -2, "err_ref": -4, "secs": 0.19}
{"seed": 9310237, "family": "lin", "window_frac": 0.1, "f": 0.8, "status": "ok", "t_c": 663, "t_fc": 947, "err_cross": -77, "err_lag": -2, "err_ref": -4, "secs": 0.19}
{"seed": 9310237, "family": "lin", "window_frac": 0.1, "f": 0.9, "status": "ok", "t_c": 749, "t_fc": 986, "err_cross": -38, "err_lag": -2, "err_ref": -4, "secs": 0.19}
{"seed": 9310237, "family": "lin", "window_frac": 0.1, "f": 0.95, "status": "ok", "t_c": 794, "t_fc": 1000, "err_cross": -24, "err_lag": -2, "err_ref": -4, "secs": 0.19}
{"seed": 9310237, "family": "lin", "window_frac": 0.1, "f": 0.98, "status": "ok", "t_c": 821, "t_fc": 1007, "err_cross": -17, "err_lag": -2, "err_ref": -4, "secs": 0.19}
{"seed": 9310237, "family": "lin", "window_frac": 0.25, "f": 0.8, "status": "ok", "t_c": 663, "t_fc": 946, "err_cross": -78, "err_lag": -2, "err_ref": -4, "secs": 0.19}
{"seed": 9310237, "family": "lin", "window_frac": 0.25, "f": 0.9, "status": "ok", "t_c": 749, "t_fc": 981, "err_cross": -43, "err_lag": -3, "err_ref": -4, "secs": 0.19}
{"seed": 9310237, "family": "lin", "window_frac": 0.25, "f": 0.95, "status": "ok", "t_c": 794, "t_fc": 995, "err_cross": -29, "err_lag": -3, "err_ref": -4, "secs": 0.19}
{"seed": 9310237, "family": "lin", "window_frac": 0.25, "f": 0.98, "status": "ok", "t_c": 821, "t_fc": 1002, "err_cross": -22, "err_lag": -3, "err_ref": -4, "secs": 0.19}
{"seed": 9310238, "family": "quad", "window_frac": 0.05, "f": 0.8, "status": "ok", "t_c": 446, "t_fc": 777, "err_cross": 36, "err_lag": -14, "err_ref": -4, "secs": 0.18}
{"seed": 9310238, "family": "quad", "window_frac": 0.05, "f": 0.9, "status": "ok", "t_c": 529, "t_fc": 740, "err_cross": -1, "err_lag": -7, "err_ref": -4, "secs": 0.18}
{"seed": 9310238, "family": "quad", "window_frac": 0.05, "f": 0.95, "status": "ok", "t_c": 573, "t_fc": 737, "err_cross": -4, "err_lag": -6, "err_ref": -4, "secs": 0.18}
{"seed": 9310238, "family": "quad", "window_frac": 0.05, "f": 0.98, "status": "ok", "t_c": 599, "t_fc": 736, "err_cross": -5, "err_lag": -6, "err_ref": -4, "secs": 0.18}
{"seed": 9310238, "family": "quad", "window_frac": 0.1, "f": 0.8, "status": "ok", "t_c": 446, "t_fc": 777, "err_cross": 36, "err_lag": -14, "err_ref": -4, "secs": 0.18}
{"seed": 9310238, "family": "quad", "window_frac": 0.1, "f": 0.9, "status": "ok", "t_c": 529, "t_fc": 740, "err_cross": -1, "err_lag": -7, "err_ref": -4, "secs": 0.18}
{"seed": 9310238, "family": "quad", "window_frac": 0.1, "f": 0.95, "status": "ok", "t_c": 573, "t_fc": 737, "err_cross": -4, "err_lag": -6, "err_ref": -4, "secs": 0.18}
{"seed": 9310238, "family": "quad", "window_frac": 0.1, "f": 0.98, "status": "ok", "t_c": 599, "t_fc": 736, "err_cross": -5, "err_lag": -6, "err_ref": -4, "secs": 0.18}
{"seed": 9310238, "family": "quad", "window_frac": 0.25, "f": 0.8, "status": "ok", "t_c": 446, "t_fc": 780, "err_cross": 39, "err_lag": -15, "err_ref": -4, "secs": 0.18}
{"seed": 9310238, "family": "quad", "window_frac": 0.25, "f": 0.9, "status": "ok", "t_c": 529, "t_fc": 742, "err_cross": 1, "err_lag": -7, "err_ref": -4, "secs": 0.18}
{"seed": 9310238, "family": "quad", "window_frac": 0.25, "f": 0.95, "status": "ok", "t_c": 573, "t_fc": 738, "err_cross": -3, "err_lag": -6, "err_ref": -4, "secs": 0.18}
{"seed": 9310238, "family": "quad", "window_frac": 0.25, "f": 0.98, "status": "ok", "t_c": 599, "t_fc": 737, "err_cross": -4, "err_lag": -6, "err_ref": -4, "secs": 0.18}
{"seed": 9310238, "family": "rate", "window_frac": 0.05, "f": 0.8, "status": "ok", "t_c": 446, "t_fc": 748, "err_cross": 7, "err_lag": -6, "err_ref": -4, "secs": 0.18}
{"seed": 9310238, "family": "rate", "window_frac": 0.05, "f": 0.9, "status": "ok", "t_c": 529, "t_fc": 738, "err_cross": -3, "err_lag": -6, "err_ref": -4, "secs": 0.18}
{"seed": 9310238, "family": "rate", "window_frac": 0.05, "f": 0.95, "status": "ok", "t_c": 573, "t_fc": 737, "err_cross": -4, "err_lag": -5, "err_ref": -4, "secs": 0.18}
{"seed": 9310238, "family": "rate", "window_frac": 0.05, "f": 0.98, "status": "ok", "t_c": 599, "t_fc": 737, "err_cross": -4, "err_lag": -5, "err_ref": -4, "secs": 0.18}
{"seed": 9310238, "family": "rate", "window_frac": 0.1, "f": 0.8, "status": "ok", "t_c": 446, "t_fc": 748, "err_cross": 7, "err_lag": -6, "err_ref": -4, "secs": 0.19}
{"seed": 9310238, "family": "rate", "window_frac": 0.1, "f": 0.9, "status": "ok", "t_c": 529, "t_fc": 738, "err_cross": -3, "err_lag": -6, "err_ref": -4, "secs": 0.19}
{"seed": 9310238, "family": "rate", "window_frac": 0.1, "f": 0.95, "status": "ok", "t_c": 573, "t_fc": 737, "err_cross": -4, "err_lag": -5, "err_ref": -4, "secs": 0.2}
{"seed": 9310238, "family": "rate", "window_frac": 0.1, "f": 0.98, "status": "ok", "t_c": 599, "t_fc": 737, "err_cross": -4, "err_lag": -5, "err_ref": -4, "secs": 0.19}
{"seed": 9310238, "family": "rate", "window_frac": 0.25, "f": 0.8, "status": "ok", "t_c": 446, "t_fc": 748, "err_cross": 7, "err_lag": -6, "err_ref": -4, "secs": 0.19}
{"seed": 9310238, "family": "rate", "window_frac": 0.25, "f": 0.9, "status": "ok", "t_c": 529, "t_fc": 739, "err_cross": -2, "err_lag": -5, "err_ref": -4, "secs": 0.19}
{"seed": 9310238, "family": "rate", "window_frac": 0.25, "f": 0.95, "status": "ok", "t_c": 573, "t_fc": 737, "err_cross": -4, "err_lag": -6, "err_ref": -4, "secs": 0.19}
{"seed": 9310238, "family": "rate", "window_frac": 0.25, "f": 0.98, "status": "ok", "t_c": 599, "t_fc": 737, "err_cross": -4, "err_lag": -5, "err_ref": -4, "secs": 0.19}
{"seed": 9310238, "family": "lin", "window_frac": 0.05, "f": 0.8, "status": "ok", "t_c": 446, "t_fc": 691, "err_cross": -50, "err_lag": -1, "err_ref": -4, "secs": 0.19}
{"seed": 9310238, "family": "lin", "window_frac": 0.05, "f": 0.9, "status": "ok", "t_c": 529, "t_fc": 720, "err_cross": -21, "err_lag": -2, "err_ref": -4, "secs": 0.19}
{"seed": 9310238, "family": "lin", "window_frac": 0.05, "f": 0.95, "status": "ok", "t_c": 573, "t_fc": 730, "err_cross": -11, "err_lag": -2, "err_ref": -4, "secs": 0.19}
{"seed": 9310238, "family": "lin", "window_frac": 0.05, "f": 0.98, "status": "ok", "t_c": 599, "t_fc": 734, "err_cross": -7, "err_lag": -2, "err_ref": -4, "secs": 0.19}
{"seed": 9310238, "family": "lin", "window_frac": 0.1, "f": 0.8, "status": "ok", "t_c": 446, "t_fc": 691, "err_cross": -50, "err_lag": -1, "err_ref": -4, "secs": 0.19}
{"seed": 9310238, "family": "lin", "window_frac": 0.1, "f": 0.9, "status": "ok", "t_c": 529, "t_fc": 720, "err_cross": -21, "err_lag": -2, "err_ref": -4, "secs": 0.19}
{"seed": 9310238, "family": "lin", "window_frac": 0.1, "f": 0.95, "status": "ok", "t_c": 573, "t_fc": 730, "err_cross": -11, "err_lag": -2, "err_ref": -4, "secs": 0.19}
{"seed": 9310238, "family": "lin", "window_frac": 0.1, "f": 0.98, "status": "ok", "t_c": 599, "t_fc": 734, "err_cross": -7, "err_lag": -2, "err_ref": -4, "secs": 0.19}
{"seed": 9310238, "family": "lin", "window_frac": 0.25, "f": 0.8, "status": "ok", "t_c": 446, "t_fc": 690, "err_cross": -51, "err_lag": -1, "err_ref": -4, "secs": 0.19}
{"seed": 9310238, "family": "lin", "window_frac": 0.25, "f": 0.9, "status": "ok", "t_c": 529, "t_fc": 717, "err_cross": -24, "err_lag": -2, "err_ref": -4, "secs": 0.19}
{"seed": 9310238, "family": "lin", "window_frac": 0.25, "f": 0.95, "status": "ok", "t_c": 573, "t_fc": 727, "err_cross": -14, "err_lag": -2, "err_ref": -4, "secs": 0.19}
{"seed": 9310238, "family": "lin", "window_frac": 0.25, "f": 0.98, "status": "ok", "t_c": 599, "t_fc": 732, "err_cross": -9, "err_lag": -2, "err_ref": -4, "secs": 0.19}
{"seed": 9310239, "family": "quad", "window_frac": 0.05, "f": 0.8, "status": "ok", "t_c": 7409, "t_fc": 7727, "err_cross": 18, "err_lag": -7, "err_ref": -3, "secs": 0.2}
{"seed": 9310239, "family": "quad", "window_frac": 0.05, "f": 0.9, "status": "ok", "t_c": 7513, "t_fc": 7707, "err_cross": -2, "err_lag": -4, "err_ref": -3, "secs": 0.2}
{"seed": 9310239, "family": "quad", "window_frac": 0.05, "f": 0.95, "status": "ok", "t_c": 7567, "t_fc": 7705, "err_cross": -4, "err_lag": -4, "err_ref": -3, "secs": 0.2}
{"seed": 9310239, "family": "quad", "window_frac": 0.05, "f": 0.98, "status": "ok", "t_c": 7600, "t_fc": 7705, "err_cross": -4, "err_lag": -4, "err_ref": -3, "secs": 0.19}
{"seed": 9310239, "family": "quad", "window_frac": 0.1, "f": 0.8, "status": "ok", "t_c": 7409, "t_fc": 7727, "err_cross": 18, "err_lag": -7, "err_ref": -3, "secs": 0.2}
{"seed": 9310239, "family": "quad", "window_frac": 0.1, "f": 0.9, "status": "ok", "t_c": 7513, "t_fc": 7707, "err_cross": -2, "err_lag": -4, "err_ref": -3, "secs": 0.2}
{"seed": 9310239, "family": "quad", "window_frac": 0.1, "f": 0.95, "status": "ok", "t_c": 7567, "t_fc": 7705, "err_cross": -4, "err_lag": -4, "err_ref": -3, "secs": 0.2}
{"seed": 9310239, "family": "quad", "window_frac": 0.1, "f": 0.98, "status": "ok", "t_c": 7600, "t_fc": 7705, "err_cross": -4, "err_lag": -4, "err_ref": -3, "secs": 0.19}
{"seed": 9310239, "family": "quad", "window_frac": 0.25, "f": 0.8, "status": "ok", "t_c": 7409, "t_fc": 7731, "err_cross": 22, "err_lag": -9, "err_ref": -3, "secs": 0.19}
{"seed": 9310239, "family": "quad", "window_frac": 0.25, "f": 0.9, "status": "ok", "t_c": 7513, "t_fc": 7708, "err_cross": -1, "err_lag": -5, "err_ref": -3, "secs": 0.2}
{"seed": 9310239, "family": "quad", "window_frac": 0.25, "f": 0.95, "status": "ok", "t_c": 7567, "t_fc": 7705, "err_cross": -4, "err_lag": -5, "err_ref": -3, "secs": 0.2}
{"seed": 9310239, "family": "quad", "window_frac": 0.25, "f": 0.98, "status": "ok", "t_c": 7600, "t_fc": 7705, "err_cross": -4, "err_lag": -4, "err_ref": -3, "secs": 0.19}
{"seed": 9310239, "family": "rate", "window_frac": 0.05, "f": 0.8, "status": "ok", "t_c": 7409, "t_fc": 7713, "err_cross": 4, "err_lag": -4, "err_ref": -3, "secs": 0.19}
{"seed": 9310239, "family": "rate", "window_frac": 0.05, "f": 0.9, "status": "ok", "t_c": 7513, "t_fc": 7706, "err_cross": -3, "err_lag": -4, "err_ref": -3, "secs": 0.2}
{"seed": 9310239, "family": "rate", "window_frac": 0.05, "f": 0.95, "status": "ok", "t_c": 7567, "t_fc": 7705, "err_cross": -4, "err_lag": -4, "err_ref": -3, "secs": 0.19}
{"seed": 9310239, "family": "rate", "window_frac": 0.05, "f": 0.98, "status": "ok", "t_c": 7600, "t_fc": 7705, "err_cross": -4, "err_lag": -4, "err_ref": -3, "secs": 0.19}
{"seed": 9310239, "family": "rate", "window_frac": 0.1, "f": 0.8, "status": "ok", "t_c": 7409, "t_fc": 7713, "err_cross": 4, "err_lag": -4, "err_ref": -3, "secs": 0.19}
{"seed": 9310239, "family": "rate", "window_frac": 0.1, "f": 0.9, "status": "ok", "t_c": 7513, "t_fc": 7706, "err_cross": -3, "err_lag": -4, "err_ref": -3, "secs": 0.2}
{"seed": 9310239, "family": "rate", "window_frac": 0.1, "f": 0.95, "status": "ok", "t_c": 7567, "t_fc": 7705, "err_cross": -4, "err_lag": -4, "err_ref": -3, "secs": 0.19}
{"seed": 9310239, "family": "rate", "window_frac": 0.1, "f": 0.98, "status": "ok", "t_c": 7600, "t_fc": 7705, "err_cross": -4, "err_lag": -4, "err_ref": -3, "secs": 0.19}
{"seed": 9310239, "family": "rate", "window_frac": 0.25, "f": 0.8, "status": "ok", "t_c": 7409, "t_fc": 7714, "err_cross": 5, "err_lag": -4, "err_ref": -3, "secs": 0.2}
{"seed": 9310239, "family": "rate", "window_frac": 0.25, "f": 0.9, "status": "ok", "t_c": 7513, "t_fc": 7707, "err_cross": -2, "err_lag": -3, "err_ref": -3, "secs": 0.2}
{"seed": 9310239, "family": "rate", "window_frac": 0.25, "f": 0.95, "status": "ok", "t_c": 7567, "t_fc": 7706, "err_cross": -3, "err_lag": -3, "err_ref": -3, "secs": 0.19}
{"seed": 9310239, "family": "rate", "window_frac": 0.25, "f": 0.98, "status": "ok", "t_c": 7600, "t_fc": 7705, "err_cross": -4, "err_lag": -4, "err_ref": -3, "secs": 0.19}
{"seed": 9310239, "family": "lin", "window_frac": 0.05, "f": 0.8, "status": "ok", "t_c": 7409, "t_fc": 7665, "err_cross": -44, "err_lag": -1, "err_ref": -3, "secs": 0.2}
{"seed": 9310239, "family": "lin", "window_frac": 0.05, "f": 0.9, "status": "ok", "t_c": 7513, "t_fc": 7695, "err_cross": -14, "err_lag": -1, "err_ref": -3, "secs": 0.19}
{"seed": 9310239, "family": "lin", "window_frac": 0.05, "f": 0.95, "status": "ok", "t_c": 7567, "t_fc": 7703, "err_cross": -6, "err_lag": -2, "err_ref": -3, "secs": 0.19}
{"seed": 9310239, "family": "lin", "window_frac": 0.05, "f": 0.98, "status": "ok", "t_c": 7600, "t_fc": 7706, "err_cross": -3, "err_lag": -2, "err_ref": -3, "secs": 0.19}
{"seed": 9310239, "family": "lin", "window_frac": 0.1, "f": 0.8, "status": "ok", "t_c": 7409, "t_fc": 7665, "err_cross": -44, "err_lag": -1, "err_ref": -3, "secs": 0.19}
{"seed": 9310239, "family": "lin", "window_frac": 0.1, "f": 0.9, "status": "ok", "t_c": 7513, "t_fc": 7695, "err_cross": -14, "err_lag": -1, "err_ref": -3, "secs": 0.19}
{"seed": 9310239, "family": "lin", "window_frac": 0.1, "f": 0.95, "status": "ok", "t_c": 7567, "t_fc": 7703, "err_cross": -6, "err_lag": -2, "err_ref": -3, "secs": 0.19}
{"seed": 9310239, "family": "lin", "window_frac": 0.1, "f": 0.98, "status": "ok", "t_c": 7600, "t_fc": 7706, "err_cross": -3, "err_lag": -2, "err_ref": -3, "secs": 0.2}
{"seed": 9310239, "family": "lin", "window_frac": 0.25, "f": 0.8, "status": "ok", "t_c": 7409, "t_fc": 7662, "err_cross": -47, "err_lag": -1, "err_ref": -3, "secs": 0.19}
{"seed": 9310239, "family": "lin", "window_frac": 0.25, "f": 0.9, "status": "ok", "t_c": 7513, "t_fc": 7691, "err_cross": -18, "err_lag": -2, "err_ref": -3, "secs": 0.19}
{"seed": 9310239, "family": "lin", "window_frac": 0.25, "f": 0.95, "status": "ok", "t_c": 7567, "t_fc": 7701, "err_cross": -8, "err_lag": -1, "err_ref": -3, "secs": 0.2}
{"seed": 9310239, "family": "lin", "window_frac": 0.25, "f": 0.98, "status": "ok", "t_c": 7600, "t_fc": 7705, "err_cross": -4, "err_lag": -2, "err_ref": -3, "secs": 0.19}
gate (42, 1734.62)
{"seed": 9310000, "family": "quad", "window_frac": 0.05, "f": 0.8, "status": "ok", "t_c": 5447, "t_fc": 5756, "err_cross": 15, "err_lag": -9, "err_ref": -4, "secs": 0.28}
{"seed": 9310000, "family": "quad", "window_frac": 0.05, "f": 0.9, "status": "ok", "t_c": 5547, "t_fc": 5738, "err_cross": -3, "err_lag": -5, "err_ref": -4, "secs": 0.28}
{"seed": 9310000, "family": "quad", "window_frac": 0.05, "f": 0.95, "status": "ok", "t_c": 5599, "t_fc": 5736, "err_cross": -5, "err_lag": -5, "err_ref": -4, "secs": 0.28}
{"seed": 9310000, "family": "quad", "window_frac": 0.05, "f": 0.98, "status": "ok", "t_c": 5631, "t_fc": 5736, "err_cross": -5, "err_lag": -5, "err_ref": -4, "secs": 0.28}
{"seed": 9310000, "family": "quad", "window_frac": 0.1, "f": 0.8, "status": "ok", "t_c": 5447, "t_fc": 5756, "err_cross": 15, "err_lag": -9, "err_ref": -4, "secs": 0.19}
{"seed": 9310000, "family": "quad", "window_frac": 0.1, "f": 0.9, "status": "ok", "t_c": 5547, "t_fc": 5738, "err_cross": -3, "err_lag": -5, "err_ref": -4, "secs": 0.19}
{"seed": 9310000, "family": "quad", "window_frac": 0.1, "f": 0.95, "status": "ok", "t_c": 5599, "t_fc": 5736, "err_cross": -5, "err_lag": -5, "err_ref": -4, "secs": 0.19}
{"seed": 9310000, "family": "quad", "window_frac": 0.1, "f": 0.98, "status": "ok", "t_c": 5631, "t_fc": 5736, "err_cross": -5, "err_lag": -5, "err_ref": -4, "secs": 0.2}
{"seed": 9310000, "family": "quad", "window_frac": 0.25, "f": 0.8, "status": "ok", "t_c": 5447, "t_fc": 5765, "err_cross": 24, "err_lag": -10, "err_ref": -4, "secs": 0.19}
{"seed": 9310000, "family": "quad", "window_frac": 0.25, "f": 0.9, "status": "ok", "t_c": 5547, "t_fc": 5739, "err_cross": -2, "err_lag": -6, "err_ref": -4, "secs": 0.19}
{"seed": 9310000, "family": "quad", "window_frac": 0.25, "f": 0.95, "status": "ok", "t_c": 5599, "t_fc": 5737, "err_cross": -4, "err_lag": -5, "err_ref": -4, "secs": 0.2}
{"seed": 9310000, "family": "quad", "window_frac": 0.25, "f": 0.98, "status": "ok", "t_c": 5631, "t_fc": 5736, "err_cross": -5, "err_lag": -5, "err_ref": -4, "secs": 0.19}
{"seed": 9310000, "family": "rate", "window_frac": 0.05, "f": 0.8, "status": "ok", "t_c": 5447, "t_fc": 5744, "err_cross": 3, "err_lag": -4, "err_ref": -4, "secs": 0.19}
{"seed": 9310000, "family": "rate", "window_frac": 0.05, "f": 0.9, "status": "ok", "t_c": 5547, "t_fc": 5737, "err_cross": -4, "err_lag": -5, "err_ref": -4, "secs": 0.19}
{"seed": 9310000, "family": "rate", "window_frac": 0.05, "f": 0.95, "status": "ok", "t_c": 5599, "t_fc": 5737, "err_cross": -4, "err_lag": -4, "err_ref": -4, "secs": 0.19}
{"seed": 9310000, "family": "rate", "window_frac": 0.05, "f": 0.98, "status": "ok", "t_c": 5631, "t_fc": 5737, "err_cross": -4, "err_lag": -4, "err_ref": -4, "secs": 0.19}
{"seed": 9310000, "family": "rate", "window_frac": 0.1, "f": 0.8, "status": "ok", "t_c": 5447, "t_fc": 5744, "err_cross": 3, "err_lag": -4, "err_ref": -4, "secs": 0.21}
{"seed": 9310000, "family": "rate", "window_frac": 0.1, "f": 0.9, "status": "ok", "t_c": 5547, "t_fc": 5737, "err_cross": -4, "err_lag": -5, "err_ref": -4, "secs": 0.2}
{"seed": 9310000, "family": "rate", "window_frac": 0.1, "f": 0.95, "status": "ok", "t_c": 5599, "t_fc": 5737, "err_cross": -4, "err_lag": -4, "err_ref": -4, "secs": 0.2}
{"seed": 9310000, "family": "rate", "window_frac": 0.1, "f": 0.98, "status": "ok", "t_c": 5631, "t_fc": 5737, "err_cross": -4, "err_lag": -4, "err_ref": -4, "secs": 0.19}
{"seed": 9310000, "family": "rate", "window_frac": 0.25, "f": 0.8, "status": "ok", "t_c": 5447, "t_fc": 5746, "err_cross": 5, "err_lag": -4, "err_ref": -4, "secs": 0.19}
{"seed": 9310000, "family": "rate", "window_frac": 0.25, "f": 0.9, "status": "ok", "t_c": 5547, "t_fc": 5738, "err_cross": -3, "err_lag": -4, "err_ref": -4, "secs": 0.19}
{"seed": 9310000, "family": "rate", "window_frac": 0.25, "f": 0.95, "status": "ok", "t_c": 5599, "t_fc": 5737, "err_cross": -4, "err_lag": -4, "err_ref": -4, "secs": 0.19}
{"seed": 9310000, "family": "rate", "window_frac": 0.25, "f": 0.98, "status": "ok", "t_c": 5631, "t_fc": 5737, "err_cross": -4, "err_lag": -4, "err_ref": -4, "secs": 0.19}
{"seed": 9310000, "family": "lin", "window_frac": 0.05, "f": 0.8, "status": "ok", "t_c": 5447, "t_fc": 5698, "err_cross": -43, "err_lag": -1, "err_ref": -4, "secs": 0.2}
{"seed": 9310000, "family": "lin", "window_frac": 0.05, "f": 0.9, "status": "ok", "t_c": 5547, "t_fc": 5727, "err_cross": -14, "err_lag": -1, "err_ref": -4, "secs": 0.19}
{"seed": 9310000, "family": "lin", "window_frac": 0.05, "f": 0.95, "status": "ok", "t_c": 5599, "t_fc": 5735, "err_cross": -6, "err_lag": -1, "err_ref": -4, "secs": 0.19}
{"seed": 9310000, "family": "lin", "window_frac": 0.05, "f": 0.98, "status": "ok", "t_c": 5631, "t_fc": 5738, "err_cross": -3, "err_lag": -1, "err_ref": -4, "secs": 0.2}
{"seed": 9310000, "family": "lin", "window_frac": 0.1, "f": 0.8, "status": "ok", "t_c": 5447, "t_fc": 5698, "err_cross": -43, "err_lag": -1, "err_ref": -4, "secs": 0.19}
{"seed": 9310000, "family": "lin", "window_frac": 0.1, "f": 0.9, "status": "ok", "t_c": 5547, "t_fc": 5727, "err_cross": -14, "err_lag": -1, "err_ref": -4, "secs": 0.19}
{"seed": 9310000, "family": "lin", "window_frac": 0.1, "f": 0.95, "status": "ok", "t_c": 5599, "t_fc": 5735, "err_cross": -6, "err_lag": -1, "err_ref": -4, "secs": 0.2}
{"seed": 9310000, "family": "lin", "window_frac": 0.1, "f": 0.98, "status": "ok", "t_c": 5631, "t_fc": 5738, "err_cross": -3, "err_lag": -1, "err_ref": -4, "secs": 0.19}
{"seed": 9310000, "family": "lin", "window_frac": 0.25, "f": 0.8, "status": "ok", "t_c": 5447, "t_fc": 5693, "err_cross": -48, "err_lag": -1, "err_ref": -4, "secs": 0.19}
{"seed": 9310000, "family": "lin", "window_frac": 0.25, "f": 0.9, "status": "ok", "t_c": 5547, "t_fc": 5723, "err_cross": -18, "err_lag": -1, "err_ref": -4, "secs": 0.19}
{"seed": 9310000, "family": "lin", "window_frac": 0.25, "f": 0.95, "status": "ok", "t_c": 5599, "t_fc": 5733, "err_cross": -8, "err_lag": -1, "err_ref": -4, "secs": 0.19}
{"seed": 9310000, "family": "lin", "window_frac": 0.25, "f": 0.98, "status": "ok", "t_c": 5631, "t_fc": 5737, "err_cross": -4, "err_lag": -1, "err_ref": -4, "secs": 0.2}
{"seed": 9310001, "family": "quad", "window_frac": 0.05, "f": 0.8, "status": "ok", "t_c": 646, "t_fc": 955, "err_cross": 18, "err_lag": -7, "err_ref": -4, "secs": 0.28}
{"seed": 9310001, "family": "quad", "window_frac": 0.05, "f": 0.9, "status": "ok", "t_c": 750, "t_fc": 935, "err_cross": -2, "err_lag": -4, "err_ref": -4, "secs": 0.28}
{"seed": 9310001, "family": "quad", "window_frac": 0.05, "f": 0.95, "status": "ok", "t_c": 804, "t_fc": 933, "err_cross": -4, "err_lag": -4, "err_ref": -4, "secs": 0.28}
{"seed": 9310001, "family": "quad", "window_frac": 0.05, "f": 0.98, "status": "ok", "t_c": 838, "t_fc": 933, "err_cross": -4, "err_lag": -4, "err_ref": -4, "secs": 0.28}
{"seed": 9310001, "family": "quad", "window_frac": 0.1, "f": 0.8, "status": "ok", "t_c": 646, "t_fc": 955, "err_cross": 18, "err_lag": -7, "err_ref": -4, "secs": 0.19}
{"seed": 9310001, "family": "quad", "window_frac": 0.1, "f": 0.9, "status": "ok", "t_c": 750, "t_fc": 935, "err_cross": -2, "err_lag": -4, "err_ref": -4, "secs": 0.19}
{"seed": 9310001, "family": "quad", "window_frac": 0.1, "f": 0.95, "status": "ok", "t_c": 804, "t_fc": 933, "err_cross": -4, "err_lag": -4, "err_ref": -4, "secs": 0.2}
{"seed": 9310001, "family": "quad", "window_frac": 0.1, "f": 0.98, "status": "ok", "t_c": 838, "t_fc": 933, "err_cross": -4, "err_lag": -4, "err_ref": -4, "secs": 0.19}
{"seed": 9310001, "family": "quad", "window_frac": 0.25, "f": 0.8, "status": "ok", "t_c": 646, "t_fc": 960, "err_cross": 23, "err_lag": -7, "err_ref": -4, "secs": 0.19}
{"seed": 9310001, "family": "quad", "window_frac": 0.25, "f": 0.9, "status": "ok", "t_c": 750, "t_fc": 936, "err_cross": -1, "err_lag": -5, "err_ref": -4, "secs": 0.2}
{"seed": 9310001, "family": "quad", "window_frac": 0.25, "f": 0.95, "status": "ok", "t_c": 804, "t_fc": 933, "err_cross": -4, "err_lag": -5, "err_ref": -4, "secs": 0.19}
{"seed": 9310001, "family": "quad", "window_frac": 0.25, "f": 0.98, "status": "ok", "t_c": 838, "t_fc": 933, "err_cross": -4, "err_lag": -4, "err_ref": -4, "secs": 0.19}
{"seed": 9310001, "family": "rate", "window_frac": 0.05, "f": 0.8, "status": "ok", "t_c": 646, "t_fc": 940, "err_cross": 3, "err_lag": -5, "err_ref": -4, "secs": 0.2}
{"seed": 9310001, "family": "rate", "window_frac": 0.05, "f": 0.9, "status": "ok", "t_c": 750, "t_fc": 934, "err_cross": -3, "err_lag": -4, "err_ref": -4, "secs": 0.19}
{"seed": 9310001, "family": "rate", "window_frac": 0.05, "f": 0.95, "status": "ok", "t_c": 804, "t_fc": 933, "err_cross": -4, "err_lag": -4, "err_ref": -4, "secs": 0.2}
{"seed": 9310001, "family": "rate", "window_frac": 0.05, "f": 0.98, "status": "ok", "t_c": 838, "t_fc": 933, "err_cross": -4, "err_lag": -4, "err_ref": -4, "secs": 0.2}
{"seed": 9310001, "family": "rate", "window_frac": 0.1, "f": 0.8, "status": "ok", "t_c": 646, "t_fc": 940, "err_cross": 3, "err_lag": -5, "err_ref": -4, "secs": 0.19}
{"seed": 9310001, "family": "rate", "window_frac": 0.1, "f": 0.9, "status": "ok", "t_c": 750, "t_fc": 934, "err_cross": -3, "err_lag": -4, "err_ref": -4, "secs": 0.19}
{"seed": 9310001, "family": "rate", "window_frac": 0.1, "f": 0.95, "status": "ok", "t_c": 804, "t_fc": 933, "err_cross": -4, "err_lag": -4, "err_ref": -4, "secs": 0.19}
{"seed": 9310001, "family": "rate", "window_frac": 0.1, "f": 0.98, "status": "ok", "t_c": 838, "t_fc": 933, "err_cross": -4, "err_lag": -4, "err_ref": -4, "secs": 0.19}
{"seed": 9310001, "family": "rate", "window_frac": 0.25, "f": 0.8, "status": "ok", "t_c": 646, "t_fc": 942, "err_cross": 5, "err_lag": -4, "err_ref": -4, "secs": 0.19}
{"seed": 9310001, "family": "rate", "window_frac": 0.25, "f": 0.9, "status": "ok", "t_c": 750, "t_fc": 934, "err_cross": -3, "err_lag": -5, "err_ref": -4, "secs": 0.19}
{"seed": 9310001, "family": "rate", "window_frac": 0.25, "f": 0.95, "status": "ok", "t_c": 804, "t_fc": 933, "err_cross": -4, "err_lag": -4, "err_ref": -4, "secs": 0.19}
{"seed": 9310001, "family": "rate", "window_frac": 0.25, "f": 0.98, "status": "ok", "t_c": 838, "t_fc": 933, "err_cross": -4, "err_lag": -4, "err_ref": -4, "secs": 0.2}
{"seed": 9310001, "family": "lin", "window_frac": 0.05, "f": 0.8, "status": "ok", "t_c": 646, "t_fc": 892, "err_cross": -45, "err_lag": -3, "err_ref": -4, "secs": 0.19}
{"seed": 9310001, "family": "lin", "window_frac": 0.05, "f": 0.9, "status": "ok", "t_c": 750, "t_fc": 922, "err_cross": -15, "err_lag": -2, "err_ref": -4, "secs": 0.19}
{"seed": 9310001, "family": "lin", "window_frac": 0.05, "f": 0.95, "status": "ok", "t_c": 804, "t_fc": 930, "err_cross": -7, "err_lag": -3, "err_ref": -4, "secs": 0.2}
{"seed": 9310001, "family": "lin", "window_frac": 0.05, "f": 0.98, "status": "ok", "t_c": 838, "t_fc": 933, "err_cross": -4, "err_lag": -3, "err_ref": -4, "secs": 0.19}
{"seed": 9310001, "family": "lin", "window_frac": 0.1, "f": 0.8, "status": "ok", "t_c": 646, "t_fc": 892, "err_cross": -45, "err_lag": -3, "err_ref": -4, "secs": 0.19}
{"seed": 9310001, "family": "lin", "window_frac": 0.1, "f": 0.9, "status": "ok", "t_c": 750, "t_fc": 922, "err_cross": -15, "err_lag": -2, "err_ref": -4, "secs": 0.19}
{"seed": 9310001, "family": "lin", "window_frac": 0.1, "f": 0.95, "status": "ok", "t_c": 804, "t_fc": 930, "err_cross": -7, "err_lag": -3, "err_ref": -4, "secs": 0.19}
{"seed": 9310001, "family": "lin", "window_frac": 0.1, "f": 0.98, "status": "ok", "t_c": 838, "t_fc": 933, "err_cross": -4, "err_lag": -3, "err_ref": -4, "secs": 0.19}
{"seed": 9310001, "family": "lin", "window_frac": 0.25, "f": 0.8, "status": "ok", "t_c": 646, "t_fc": 888, "err_cross": -49, "err_lag": -3, "err_ref": -4, "secs": 0.19}
{"seed": 9310001, "family": "lin", "window_frac": 0.25, "f": 0.9, "status": "ok", "t_c": 750, "t_fc": 918, "err_cross": -19, "err_lag": -3, "err_ref": -4, "secs": 0.19}
{"seed": 9310001, "family": "lin", "window_frac": 0.25, "f": 0.95, "status": "ok", "t_c": 804, "t_fc": 928, "err_cross": -9, "err_lag": -3, "err_ref": -4, "secs": 0.23}
{"seed": 9310001, "family": "lin", "window_frac": 0.25, "f": 0.98, "status": "ok", "t_c": 838, "t_fc": 932, "err_cross": -5, "err_lag": -3, "err_ref": -4, "secs": 0.19}
{"seed": 9310002, "family": "quad", "window_frac": 0.05, "f": 0.8, "status": "ok", "t_c": 409, "t_fc": 688, "err_cross": 14, "err_lag": -8, "err_ref": -1, "secs": 0.28}
{"seed": 9310002, "family": "quad", "window_frac": 0.05, "f": 0.9, "status": "ok", "t_c": 496, "t_fc": 673, "err_cross": -1, "err_lag": -3, "err_ref": -1, "secs": 0.27}
{"seed": 9310002, "family": "quad", "window_frac": 0.05, "f": 0.95, "status": "ok", "t_c": 542, "t_fc": 672, "err_cross": -2, "err_lag": -2, "err_ref": -1, "secs": 0.28}
{"seed": 9310002, "family": "quad", "window_frac": 0.05, "f": 0.98, "status": "ok", "t_c": 570, "t_fc": 672, "err_cross": -2, "err_lag": -2, "err_ref": -1, "secs": 0.28}
{"seed": 9310002, "family": "quad", "window_frac": 0.1, "f": 0.8, "status": "ok", "t_c": 409, "t_fc": 688, "err_cross": 14, "err_lag": -8, "err_ref": -1, "secs": 0.19}
{"seed": 9310002, "family": "quad", "window_frac": 0.1, "f": 0.9, "status": "ok", "t_c": 496, "t_fc": 673, "err_cross": -1, "err_lag": -3, "err_ref": -1, "secs": 0.19}
{"seed": 9310002, "family": "quad", "window_frac": 0.1, "f": 0.95, "status": "ok", "t_c": 542, "t_fc": 672, "err_cross": -2, "err_lag": -2, "err_ref": -1, "secs": 0.19}
{"seed": 9310002, "family": "quad", "window_frac": 0.1, "f": 0.98, "status": "ok", "t_c": 570, "t_fc": 672, "err_cross": -2, "err_lag": -2, "err_ref": -1, "secs": 0.19}
{"seed": 9310002, "family": "quad", "window_frac": 0.25, "f": 0.8, "status": "ok", "t_c": 409, "t_fc": 690, "err_cross": 16, "err_lag": -9, "err_ref": -1, "secs": 0.19}
{"seed": 9310002, "family": "quad", "window_frac": 0.25, "f": 0.9, "status": "ok", "t_c": 496, "t_fc": 673, "err_cross": -1, "err_lag": -4, "err_ref": -1, "secs": 0.19}
{"seed": 9310002, "family": "quad", "window_frac": 0.25, "f": 0.95, "status": "ok", "t_c": 542, "t_fc": 672, "err_cross": -2, "err_lag": -3, "err_ref": -1, "secs": 0.19}
{"seed": 9310002, "family": "quad", "window_frac": 0.25, "f": 0.98, "status": "ok", "t_c": 570, "t_fc": 672, "err_cross": -2, "err_lag": -2, "err_ref": -1, "secs": 0.19}
{"seed": 9310002, "family": "rate", "window_frac": 0.05, "f": 0.8, "status": "ok", "t_c": 409, "t_fc": 678, "err_cross": 4, "err_lag": -3, "err_ref": -1, "secs": 0.19}
{"seed": 9310002, "family": "rate", "window_frac": 0.05, "f": 0.9, "status": "ok", "t_c": 496, "t_fc": 673, "err_cross": -1, "err_lag": -2, "err_ref": -1, "secs": 0.19}
{"seed": 9310002, "family": "rate", "window_frac": 0.05, "f": 0.95, "status": "ok", "t_c": 542, "t_fc": 672, "err_cross": -2, "err_lag": -2, "err_ref": -1, "secs": 0.19}
{"seed": 9310002, "family": "rate", "window_frac": 0.05, "f": 0.98, "status": "ok", "t_c": 570, "t_fc": 672, "err_cross": -2, "err_lag": -2, "err_ref": -1, "secs": 0.19}
{"seed": 9310002, "family": "rate", "window_frac": 0.1, "f": 0.8, "status": "ok", "t_c": 409, "t_fc": 678, "err_cross": 4, "err_lag": -3, "err_ref": -1, "secs": 0.19}
{"seed": 9310002, "family": "rate", "window_frac": 0.1, "f": 0.9, "status": "ok", "t_c": 496, "t_fc": 673, "err_cross": -1, "err_lag": -2, "err_ref": -1, "secs": 0.19}
{"seed": 9310002, "family": "rate", "window_frac": 0.1, "f": 0.95, "status": "ok", "t_c": 542, "t_fc": 672, "err_cross": -2, "err_lag": -2, "err_ref": -1, "secs": 0.19}
{"seed": 9310002, "family": "rate", "window_frac": 0.1, "f": 0.98, "status": "ok", "t_c": 570, "t_fc": 672, "err_cross": -2, "err_lag": -2, "err_ref": -1, "secs": 0.19}
{"seed": 9310002, "family": "rate", "window_frac": 0.25, "f": 0.8, "status": "ok", "t_c": 409, "t_fc": 679, "err_cross": 5, "err_lag": -3, "err_ref": -1, "secs": 0.19}
{"seed": 9310002, "family": "rate", "window_frac": 0.25, "f": 0.9, "status": "ok", "t_c": 496, "t_fc": 673, "err_cross": -1, "err_lag": -2, "err_ref": -1, "secs": 0.19}
{"seed": 9310002, "family": "rate", "window_frac": 0.25, "f": 0.95, "status": "ok", "t_c": 542, "t_fc": 672, "err_cross": -2, "err_lag": -2, "err_ref": -1, "secs": 0.19}
{"seed": 9310002, "family": "rate", "window_frac": 0.25, "f": 0.98, "status": "ok", "t_c": 570, "t_fc": 672, "err_cross": -2, "err_lag": -2, "err_ref": -1, "secs": 0.19}
{"seed": 9310002, "family": "lin", "window_frac": 0.05, "f": 0.8, "status": "ok", "t_c": 409, "t_fc": 642, "err_cross": -32, "err_lag": 5, "err_ref": -1, "secs": 0.19}
{"seed": 9310002, "family": "lin", "window_frac": 0.05, "f": 0.9, "status": "ok", "t_c": 496, "t_fc": 666, "err_cross": -8, "err_lag": 3, "err_ref": -1, "secs": 0.19}
{"seed": 9310002, "family": "lin", "window_frac": 0.05, "f": 0.95, "status": "ok", "t_c": 542, "t_fc": 673, "err_cross": -1, "err_lag": 3, "err_ref": -1, "secs": 0.19}
{"seed": 9310002, "family": "lin", "window_frac": 0.05, "f": 0.98, "status": "ok", "t_c": 570, "t_fc": 675, "err_cross": 1, "err_lag": 2, "err_ref": -1, "secs": 0.19}
{"seed": 9310002, "family": "lin", "window_frac": 0.1, "f": 0.8, "status": "ok", "t_c": 409, "t_fc": 642, "err_cross": -32, "err_lag": 5, "err_ref": -1, "secs": 0.18}
{"seed": 9310002, "family": "lin", "window_frac": 0.1, "f": 0.9, "status": "ok", "t_c": 496, "t_fc": 666, "err_cross": -8, "err_lag": 3, "err_ref": -1, "secs": 0.19}
{"seed": 9310002, "family": "lin", "window_frac": 0.1, "f": 0.95, "status": "ok", "t_c": 542, "t_fc": 673, "err_cross": -1, "err_lag": 3, "err_ref": -1, "secs": 0.19}
{"seed": 9310002, "family": "lin", "window_frac": 0.1, "f": 0.98, "status": "ok", "t_c": 570, "t_fc": 675, "err_cross": 1, "err_lag": 2, "err_ref": -1, "secs": 0.19}
{"seed": 9310002, "family": "lin", "window_frac": 0.25, "f": 0.8, "status": "ok", "t_c": 409, "t_fc": 640, "err_cross": -34, "err_lag": 4, "err_ref": -1, "secs": 0.19}
{"seed": 9310002, "family": "lin", "window_frac": 0.25, "f": 0.9, "status": "ok", "t_c": 496, "t_fc": 663, "err_cross": -11, "err_lag": 3, "err_ref": -1, "secs": 0.19}
{"seed": 9310002, "family": "lin", "window_frac": 0.25, "f": 0.95, "status": "ok", "t_c": 542, "t_fc": 671, "err_cross": -3, "err_lag": 3, "err_ref": -1, "secs": 0.19}
{"seed": 9310002, "family": "lin", "window_frac": 0.25, "f": 0.98, "status": "ok", "t_c": 570, "t_fc": 674, "err_cross": 0, "err_lag": 2, "err_ref": -1, "secs": 0.19}
{"seed": 9310003, "family": "quad", "window_frac": 0.05, "f": 0.8, "status": "ok", "t_c": 500, "t_fc": 795, "err_cross": 16, "err_lag": -7, "err_ref": -4, "secs": 0.28}
{"seed": 9310003, "family": "quad", "window_frac": 0.05, "f": 0.9, "status": "ok", "t_c": 596, "t_fc": 776, "err_cross": -3, "err_lag": -5, "err_ref": -4, "secs": 0.28}
{"seed": 9310003, "family": "quad", "window_frac": 0.05, "f": 0.95, "status": "ok", "t_c": 647, "t_fc": 775, "err_cross": -4, "err_lag": -4, "err_ref": -4, "secs": 0.28}
{"seed": 9310003, "family": "quad", "window_frac": 0.05, "f": 0.98, "status": "ok", "t_c": 678, "t_fc": 775, "err_cross": -4, "err_lag": -4, "err_ref": -4, "secs": 0.28}
{"seed": 9310003, "family": "quad", "window_frac": 0.1, "f": 0.8, "status": "ok", "t_c": 500, "t_fc": 795, "err_cross": 16, "err_lag": -7, "err_ref": -4, "secs": 0.19}
{"seed": 9310003, "family": "quad", "window_frac": 0.1, "f": 0.9, "status": "ok", "t_c": 596, "t_fc": 776, "err_cross": -3, "err_lag": -5, "err_ref": -4, "secs": 0.19}
{"seed": 9310003, "family": "quad", "window_frac": 0.1, "f": 0.95, "status": "ok", "t_c": 647, "t_fc": 775, "err_cross": -4, "err_lag": -4, "err_ref": -4, "secs": 0.2}
{"seed": 9310003, "family": "quad", "window_frac": 0.1, "f": 0.98, "status": "ok", "t_c": 678, "t_fc": 775, "err_cross": -4, "err_lag": -4, "err_ref": -4, "secs": 0.19}
{"seed": 9310003, "family": "quad", "window_frac": 0.25, "f": 0.8, "status": "ok", "t_c": 500, "t_fc": 802, "err_cross": 23, "err_lag": -8, "err_ref": -4, "secs": 0.19}
{"seed": 9310003, "family": "quad", "window_frac": 0.25, "f": 0.9, "status": "ok", "t_c": 596, "t_fc": 777, "err_cross": -2, "err_lag": -6, "err_ref": -4, "secs": 0.19}
{"seed": 9310003, "family": "quad", "window_frac": 0.25, "f": 0.95, "status": "ok", "t_c": 647, "t_fc": 775, "err_cross": -4, "err_lag": -5, "err_ref": -4, "secs": 0.19}
{"seed": 9310003, "family": "quad", "window_frac": 0.25, "f": 0.98, "status": "ok", "t_c": 678, "t_fc": 774, "err_cross": -5, "err_lag": -5, "err_ref": -4, "secs": 0.19}
{"seed": 9310003, "family": "rate", "window_frac": 0.05, "f": 0.8, "status": "ok", "t_c": 500, "t_fc": 782, "err_cross": 3, "err_lag": -4, "err_ref": -4, "secs": 0.19}
{"seed": 9310003, "family": "rate", "window_frac": 0.05, "f": 0.9, "status": "ok", "t_c": 596, "t_fc": 775, "err_cross": -4, "err_lag": -4, "err_ref": -4, "secs": 0.2}
{"seed": 9310003, "family": "rate", "window_frac": 0.05, "f": 0.95, "status": "ok", "t_c": 647, "t_fc": 775, "err_cross": -4, "err_lag": -4, "err_ref": -4, "secs": 0.19}
{"seed": 9310003, "family": "rate", "window_frac": 0.05, "f": 0.98, "status": "ok", "t_c": 678, "t_fc": 775, "err_cross": -4, "err_lag": -4, "err_ref": -4, "secs": 0.2}
{"seed": 9310003, "family": "rate", "window_frac": 0.1, "f": 0.8, "status": "ok", "t_c": 500, "t_fc": 782, "err_cross": 3, "err_lag": -4, "err_ref": -4, "secs": 0.19}
{"seed": 9310003, "family": "rate", "window_frac": 0.1, "f": 0.9, "status": "ok", "t_c": 596, "t_fc": 775, "err_cross": -4, "err_lag": -4, "err_ref": -4, "secs": 0.19}
{"seed": 9310003, "family": "rate", "window_frac": 0.1, "f": 0.95, "status": "ok", "t_c": 647, "t_fc": 775, "err_cross": -4, "err_lag": -4, "err_ref": -4, "secs": 0.19}
{"seed": 9310003, "family": "rate", "window_frac": 0.1, "f": 0.98, "status": "ok", "t_c": 678, "t_fc": 775, "err_cross": -4, "err_lag": -4, "err_ref": -4, "secs": 0.19}
{"seed": 9310003, "family": "rate", "window_frac": 0.25, "f": 0.8, "status": "ok", "t_c": 500, "t_fc": 783, "err_cross": 4, "err_lag": -5, "err_ref": -4, "secs": 0.19}
{"seed": 9310003, "family": "rate", "window_frac": 0.25, "f": 0.9, "status": "ok", "t_c": 596, "t_fc": 776, "err_cross": -3, "err_lag": -4, "err_ref": -4, "secs": 0.18}
{"seed": 9310003, "family": "rate", "window_frac": 0.25, "f": 0.95, "status": "ok", "t_c": 647, "t_fc": 775, "err_cross": -4, "err_lag": -4, "err_ref": -4, "secs": 0.19}
{"seed": 9310003, "family": "rate", "window_frac": 0.25, "f": 0.98, "status": "ok", "t_c": 678, "t_fc": 775, "err_cross": -4, "err_lag": -4, "err_ref": -4, "secs": 0.19}
{"seed": 9310003, "family": "lin", "window_frac": 0.05, "f": 0.8, "status": "ok", "t_c": 500, "t_fc": 738, "err_cross": -41, "err_lag": -1, "err_ref": -4, "secs": 0.19}
{"seed": 9310003, "family": "lin", "window_frac": 0.05, "f": 0.9, "status": "ok", "t_c": 596, "t_fc": 764, "err_cross": -15, "err_lag": -2, "err_ref": -4, "secs": 0.19}
{"seed": 9310003, "family": "lin", "window_frac": 0.05, "f": 0.95, "status": "ok", "t_c": 647, "t_fc": 773, "err_cross": -6, "err_lag": -2, "err_ref": -4, "secs": 0.19}
{"seed": 9310003, "family": "lin", "window_frac": 0.05, "f": 0.98, "status": "ok", "t_c": 678, "t_fc": 775, "err_cross": -4, "err_lag": -2, "err_ref": -4, "secs": 0.19}
{"seed": 9310003, "family": "lin", "window_frac": 0.1, "f": 0.8, "status": "ok", "t_c": 500, "t_fc": 738, "err_cross": -41, "err_lag": -1, "err_ref": -4, "secs": 0.18}
{"seed": 9310003, "family": "lin", "window_frac": 0.1, "f": 0.9, "status": "ok", "t_c": 596, "t_fc": 764, "err_cross": -15, "err_lag": -2, "err_ref": -4, "secs": 0.19}
{"seed": 9310003, "family": "lin", "window_frac": 0.1, "f": 0.95, "status": "ok", "t_c": 647, "t_fc": 773, "err_cross": -6, "err_lag": -2, "err_ref": -4, "secs": 0.19}
{"seed": 9310003, "family": "lin", "window_frac": 0.1, "f": 0.98, "status": "ok", "t_c": 678, "t_fc": 775, "err_cross": -4, "err_lag": -2, "err_ref": -4, "secs": 0.19}
{"seed": 9310003, "family": "lin", "window_frac": 0.25, "f": 0.8, "status": "ok", "t_c": 500, "t_fc": 735, "err_cross": -44, "err_lag": 0, "err_ref": -4, "secs": 0.19}
{"seed": 9310003, "family": "lin", "window_frac": 0.25, "f": 0.9, "status": "ok", "t_c": 596, "t_fc": 761, "err_cross": -18, "err_lag": -2, "err_ref": -4, "secs": 0.19}
{"seed": 9310003, "family": "lin", "window_frac": 0.25, "f": 0.95, "status": "ok", "t_c": 647, "t_fc": 770, "err_cross": -9, "err_lag": -2, "err_ref": -4, "secs": 0.19}
{"seed": 9310003, "family": "lin", "window_frac": 0.25, "f": 0.98, "status": "ok", "t_c": 678, "t_fc": 774, "err_cross": -5, "err_lag": -2, "err_ref": -4, "secs": 0.18}
{"seed": 9310004, "family": "quad", "window_frac": 0.05, "f": 0.8, "status": "ok", "t_c": 424, "t_fc": 694, "err_cross": 16, "err_lag": -7, "err_ref": -4, "secs": 0.28}
{"seed": 9310004, "family": "quad", "window_frac": 0.05, "f": 0.9, "status": "ok", "t_c": 511, "t_fc": 675, "err_cross": -3, "err_lag": -5, "err_ref": -4, "secs": 0.28}
{"seed": 9310004, "family": "quad", "window_frac": 0.05, "f": 0.95, "status": "ok", "t_c": 556, "t_fc": 674, "err_cross": -4, "err_lag": -5, "err_ref": -4, "secs": 0.28}
{"seed": 9310004, "family": "quad", "window_frac": 0.05, "f": 0.98, "status": "ok", "t_c": 584, "t_fc": 674, "err_cross": -4, "err_lag": -4, "err_ref": -4, "secs": 0.28}
{"seed": 9310004, "family": "quad", "window_frac": 0.1, "f": 0.8, "status": "ok", "t_c": 424, "t_fc": 694, "err_cross": 16, "err_lag": -7, "err_ref": -4, "secs": 0.19}
{"seed": 9310004, "family": "quad", "window_frac": 0.1, "f": 0.9, "status": "ok", "t_c": 511, "t_fc": 675, "err_cross": -3, "err_lag": -5, "err_ref": -4, "secs": 0.2}
{"seed": 9310004, "family": "quad", "window_frac": 0.1, "f": 0.95, "status": "ok", "t_c": 556, "t_fc": 674, "err_cross": -4, "err_lag": -5, "err_ref": -4, "secs": 0.18}
{"seed": 9310004, "family": "quad", "window_frac": 0.1, "f": 0.98, "status": "ok", "t_c": 584, "t_fc": 674, "err_cross": -4, "err_lag": -4, "err_ref": -4, "secs": 0.19}
{"seed": 9310004, "family": "quad", "window_frac": 0.25, "f": 0.8, "status": "ok", "t_c": 424, "t_fc": 696, "err_cross": 18, "err_lag": -8, "err_ref": -4, "secs": 0.18}
{"seed": 9310004, "family": "quad", "window_frac": 0.25, "f": 0.9, "status": "ok", "t_c": 511, "t_fc": 676, "err_cross": -2, "err_lag": -6, "err_ref": -4, "secs": 0.19}
{"seed": 9310004, "family": "quad", "window_frac": 0.25, "f": 0.95, "status": "ok", "t_c": 556, "t_fc": 674, "err_cross": -4, "err_lag": -5, "err_ref": -4, "secs": 0.18}
{"seed": 9310004, "family": "quad", "window_frac": 0.25, "f": 0.98, "status": "ok", "t_c": 584, "t_fc": 674, "err_cross": -4, "err_lag": -4, "err_ref": -4, "secs": 0.19}
{"seed": 9310004, "family": "rate", "window_frac": 0.05, "f": 0.8, "status": "ok", "t_c": 424, "t_fc": 681, "err_cross": 3, "err_lag": -5, "err_ref": -4, "secs": 0.19}
{"seed": 9310004, "family": "rate", "window_frac": 0.05, "f": 0.9, "status": "ok", "t_c": 511, "t_fc": 675, "err_cross": -3, "err_lag": -4, "err_ref": -4, "secs": 0.19}
{"seed": 9310004, "family": "rate", "window_frac": 0.05, "f": 0.95, "status": "ok", "t_c": 556, "t_fc": 674, "err_cross": -4, "err_lag": -4, "err_ref": -4, "secs": 0.19}
{"seed": 9310004, "family": "rate", "window_frac": 0.05, "f": 0.98, "status": "ok", "t_c": 584, "t_fc": 674, "err_cross": -4, "err_lag": -4, "err_ref": -4, "secs": 0.19}
{"seed": 9310004, "family": "rate", "window_frac": 0.1, "f": 0.8, "status": "ok", "t_c": 424, "t_fc": 681, "err_cross": 3, "err_lag": -5, "err_ref": -4, "secs": 0.19}
{"seed": 9310004, "family": "rate", "window_frac": 0.1, "f": 0.9, "status": "ok", "t_c": 511, "t_fc": 675, "err_cross": -3, "err_lag": -4, "err_ref": -4, "secs": 0.19}
{"seed": 9310004, "family": "rate", "window_frac": 0.1, "f": 0.95, "status": "ok", "t_c": 556, "t_fc": 674, "err_cross": -4, "err_lag": -4, "err_ref": -4, "secs": 0.19}
{"seed": 9310004, "family": "rate", "window_frac": 0.1, "f": 0.98, "status": "ok", "t_c": 584, "t_fc": 674, "err_cross": -4, "err_lag": -4, "err_ref": -4, "secs": 0.19}
{"seed": 9310004, "family": "rate", "window_frac": 0.25, "f": 0.8, "status": "ok", "t_c": 424, "t_fc": 681, "err_cross": 3, "err_lag": -5, "err_ref": -4, "secs": 0.19}
{"seed": 9310004, "family": "rate", "window_frac": 0.25, "f": 0.9, "status": "ok", "t_c": 511, "t_fc": 675, "err_cross": -3, "err_lag": -5, "err_ref": -4, "secs": 0.19}
{"seed": 9310004, "family": "rate", "window_frac": 0.25, "f": 0.95, "status": "ok", "t_c": 556, "t_fc": 674, "err_cross": -4, "err_lag": -5, "err_ref": -4, "secs": 0.19}
{"seed": 9310004, "family": "rate", "window_frac": 0.25, "f": 0.98, "status": "ok", "t_c": 584, "t_fc": 674, "err_cross": -4, "err_lag": -4, "err_ref": -4, "secs": 0.19}
{"seed": 9310004, "family": "lin", "window_frac": 0.05, "f": 0.8, "status": "ok", "t_c": 424, "t_fc": 639, "err_cross": -39, "err_lag": -3, "err_ref": -4, "secs": 0.19}
{"seed": 9310004, "family": "lin", "window_frac": 0.05, "f": 0.9, "status": "ok", "t_c": 511, "t_fc": 665, "err_cross": -13, "err_lag": -2, "err_ref": -4, "secs": 0.19}
{"seed": 9310004, "family": "lin", "window_frac": 0.05, "f": 0.95, "status": "ok", "t_c": 556, "t_fc": 672, "err_cross": -6, "err_lag": -3, "err_ref": -4, "secs": 0.18}
{"seed": 9310004, "family": "lin", "window_frac": 0.05, "f": 0.98, "status": "ok", "t_c": 584, "t_fc": 674, "err_cross": -4, "err_lag": -3, "err_ref": -4, "secs": 0.19}
{"seed": 9310004, "family": "lin", "window_frac": 0.1, "f": 0.8, "status": "ok", "t_c": 424, "t_fc": 639, "err_cross": -39, "err_lag": -3, "err_ref": -4, "secs": 0.19}
{"seed": 9310004, "family": "lin", "window_frac": 0.1, "f": 0.9, "status": "ok", "t_c": 511, "t_fc": 665, "err_cross": -13, "err_lag": -2, "err_ref": -4, "secs": 0.2}
{"seed": 9310004, "family": "lin", "window_frac": 0.1, "f": 0.95, "status": "ok", "t_c": 556, "t_fc": 672, "err_cross": -6, "err_lag": -3, "err_ref": -4, "secs": 0.2}
{"seed": 9310004, "family": "lin", "window_frac": 0.1, "f": 0.98, "status": "ok", "t_c": 584, "t_fc": 674, "err_cross": -4, "err_lag": -3, "err_ref": -4, "secs": 0.19}
{"seed": 9310004, "family": "lin", "window_frac": 0.25, "f": 0.8, "status": "ok", "t_c": 424, "t_fc": 638, "err_cross": -40, "err_lag": -2, "err_ref": -4, "secs": 0.19}
{"seed": 9310004, "family": "lin", "window_frac": 0.25, "f": 0.9, "status": "ok", "t_c": 511, "t_fc": 662, "err_cross": -16, "err_lag": -3, "err_ref": -4, "secs": 0.19}
{"seed": 9310004, "family": "lin", "window_frac": 0.25, "f": 0.95, "status": "ok", "t_c": 556, "t_fc": 670, "err_cross": -8, "err_lag": -3, "err_ref": -4, "secs": 0.19}
{"seed": 9310004, "family": "lin", "window_frac": 0.25, "f": 0.98, "status": "ok", "t_c": 584, "t_fc": 674, "err_cross": -4, "err_lag": -3, "err_ref": -4, "secs": 0.19}
{"seed": 9310100, "family": "quad", "window_frac": 0.05, "f": 0.8, "status": "ok", "t_c": 683, "t_fc": 986, "err_cross": 17, "err_lag": -7, "err_ref": -4, "secs": 0.28}
{"seed": 9310100, "family": "quad", "window_frac": 0.05, "f": 0.9, "status": "ok", "t_c": 783, "t_fc": 966, "err_cross": -3, "err_lag": -5, "err_ref": -4, "secs": 0.28}
{"seed": 9310100, "family": "quad", "window_frac": 0.05, "f": 0.95, "status": "ok", "t_c": 835, "t_fc": 965, "err_cross": -4, "err_lag": -4, "err_ref": -4, "secs": 0.28}
{"seed": 9310100, "family": "quad", "window_frac": 0.05, "f": 0.98, "status": "ok", "t_c": 867, "t_fc": 965, "err_cross": -4, "err_lag": -4, "err_ref": -4, "secs": 0.28}
{"seed": 9310100, "family": "quad", "window_frac": 0.1, "f": 0.8, "status": "ok", "t_c": 683, "t_fc": 986, "err_cross": 17, "err_lag": -7, "err_ref": -4, "secs": 0.19}
{"seed": 9310100, "family": "quad", "window_frac": 0.1, "f": 0.9, "status": "ok", "t_c": 783, "t_fc": 966, "err_cross": -3, "err_lag": -5, "err_ref": -4, "secs": 0.19}
{"seed": 9310100, "family": "quad", "window_frac": 0.1, "f": 0.95, "status": "ok", "t_c": 835, "t_fc": 965, "err_cross": -4, "err_lag": -4, "err_ref": -4, "secs": 0.18}
{"seed": 9310100, "family": "quad", "window_frac": 0.1, "f": 0.98, "status": "ok", "t_c": 867, "t_fc": 965, "err_cross": -4, "err_lag": -4, "err_ref": -4, "secs": 0.2}
{"seed": 9310100, "family": "quad", "window_frac": 0.25, "f": 0.8, "status": "ok", "t_c": 683, "t_fc": 990, "err_cross": 21, "err_lag": -8, "err_ref": -4, "secs": 0.19}
{"seed": 9310100, "family": "quad", "window_frac": 0.25, "f": 0.9, "status": "ok", "t_c": 783, "t_fc": 967, "err_cross": -2, "err_lag": -5, "err_ref": -4, "secs": 0.19}
{"seed": 9310100, "family": "quad", "window_frac": 0.25, "f": 0.95, "status": "ok", "t_c": 835, "t_fc": 965, "err_cross": -4, "err_lag": -5, "err_ref": -4, "secs": 0.19}
{"seed": 9310100, "family": "quad", "window_frac": 0.25, "f": 0.98, "status": "ok", "t_c": 867, "t_fc": 965, "err_cross": -4, "err_lag": -4, "err_ref": -4, "secs": 0.19}
{"seed": 9310100, "family": "rate", "window_frac": 0.05, "f": 0.8, "status": "ok", "t_c": 683, "t_fc": 972, "err_cross": 3, "err_lag": -4, "err_ref": -4, "secs": 0.19}
{"seed": 9310100, "family": "rate", "window_frac": 0.05, "f": 0.9, "status": "ok", "t_c": 783, "t_fc": 966, "err_cross": -3, "err_lag": -4, "err_ref": -4, "secs": 0.19}
{"seed": 9310100, "family": "rate", "window_frac": 0.05, "f": 0.95, "status": "ok", "t_c": 835, "t_fc": 965, "err_cross": -4, "err_lag": -4, "err_ref": -4, "secs": 0.19}
{"seed": 9310100, "family": "rate", "window_frac": 0.05, "f": 0.98, "status": "ok", "t_c": 867, "t_fc": 965, "err_cross": -4, "err_lag": -4, "err_ref": -4, "secs": 0.19}
{"seed": 9310100, "family": "rate", "window_frac": 0.1, "f": 0.8, "status": "ok", "t_c": 683, "t_fc": 972, "err_cross": 3, "err_lag": -4, "err_ref": -4, "secs": 0.19}
{"seed": 9310100, "family": "rate", "window_frac": 0.1, "f": 0.9, "status": "ok", "t_c": 783, "t_fc": 966, "err_cross": -3, "err_lag": -4, "err_ref": -4, "secs": 0.19}
{"seed": 9310100, "family": "rate", "window_frac": 0.1, "f": 0.95, "status": "ok", "t_c": 835, "t_fc": 965, "err_cross": -4, "err_lag": -4, "err_ref": -4, "secs": 0.19}
{"seed": 9310100, "family": "rate", "window_frac": 0.1, "f": 0.98, "status": "ok", "t_c": 867, "t_fc": 965, "err_cross": -4, "err_lag": -4, "err_ref": -4, "secs": 0.19}
{"seed": 9310100, "family": "rate", "window_frac": 0.25, "f": 0.8, "status": "ok", "t_c": 683, "t_fc": 973, "err_cross": 4, "err_lag": -4, "err_ref": -4, "secs": 0.19}
{"seed": 9310100, "family": "rate", "window_frac": 0.25, "f": 0.9, "status": "ok", "t_c": 783, "t_fc": 966, "err_cross": -3, "err_lag": -4, "err_ref": -4, "secs": 0.19}
{"seed": 9310100, "family": "rate", "window_frac": 0.25, "f": 0.95, "status": "ok", "t_c": 835, "t_fc": 965, "err_cross": -4, "err_lag": -4, "err_ref": -4, "secs": 0.19}
{"seed": 9310100, "family": "rate", "window_frac": 0.25, "f": 0.98, "status": "ok", "t_c": 867, "t_fc": 965, "err_cross": -4, "err_lag": -4, "err_ref": -4, "secs": 0.18}
{"seed": 9310100, "family": "lin", "window_frac": 0.05, "f": 0.8, "status": "ok", "t_c": 683, "t_fc": 926, "err_cross": -43, "err_lag": -1, "err_ref": -4, "secs": 0.18}
{"seed": 9310100, "family": "lin", "window_frac": 0.05, "f": 0.9, "status": "ok", "t_c": 783, "t_fc": 954, "err_cross": -15, "err_lag": -2, "err_ref": -4, "secs": 0.18}
{"seed": 9310100, "family": "lin", "window_frac": 0.05, "f": 0.95, "status": "ok", "t_c": 835, "t_fc": 963, "err_cross": -6, "err_lag": -2, "err_ref": -4, "secs": 0.18}
{"seed": 9310100, "family": "lin", "window_frac": 0.05, "f": 0.98, "status": "ok", "t_c": 867, "t_fc": 965, "err_cross": -4, "err_lag": -3, "err_ref": -4, "secs": 0.18}
{"seed": 9310100, "family": "lin", "window_frac": 0.1, "f": 0.8, "status": "ok", "t_c": 683, "t_fc": 926, "err_cross": -43, "err_lag": -1, "err_ref": -4, "secs": 0.18}
{"seed": 9310100, "family": "lin", "window_frac": 0.1, "f": 0.9, "status": "ok", "t_c": 783, "t_fc": 954, "err_cross": -15, "err_lag": -2, "err_ref": -4, "secs": 0.18}
{"seed": 9310100, "family": "lin", "window_frac": 0.1, "f": 0.95, "status": "ok", "t_c": 835, "t_fc": 963, "err_cross": -6, "err_lag": -2, "err_ref": -4, "secs": 0.19}
{"seed": 9310100, "family": "lin", "window_frac": 0.1, "f": 0.98, "status": "ok", "t_c": 867, "t_fc": 965, "err_cross": -4, "err_lag": -3, "err_ref": -4, "secs": 0.18}
{"seed": 9310100, "family": "lin", "window_frac": 0.25, "f": 0.8, "status": "ok", "t_c": 683, "t_fc": 923, "err_cross": -46, "err_lag": -2, "err_ref": -4, "secs": 0.18}
{"seed": 9310100, "family": "lin", "window_frac": 0.25, "f": 0.9, "status": "ok", "t_c": 783, "t_fc": 951, "err_cross": -18, "err_lag": -2, "err_ref": -4, "secs": 0.18}
{"seed": 9310100, "family": "lin", "window_frac": 0.25, "f": 0.95, "status": "ok", "t_c": 835, "t_fc": 960, "err_cross": -9, "err_lag": -2, "err_ref": -4, "secs": 0.18}
{"seed": 9310100, "family": "lin", "window_frac": 0.25, "f": 0.98, "status": "ok", "t_c": 867, "t_fc": 964, "err_cross": -5, "err_lag": -3, "err_ref": -4, "secs": 0.18}
{"seed": 9310101, "family": "quad", "window_frac": 0.05, "f": 0.8, "status": "ok", "t_c": 639, "t_fc": 1009, "err_cross": 21, "err_lag": -8, "err_ref": -4, "secs": 0.27}
{"seed": 9310101, "family": "quad", "window_frac": 0.05, "f": 0.9, "status": "ok", "t_c": 767, "t_fc": 986, "err_cross": -2, "err_lag": -5, "err_ref": -4, "secs": 0.27}
{"seed": 9310101, "family": "quad", "window_frac": 0.05, "f": 0.95, "status": "ok", "t_c": 834, "t_fc": 984, "err_cross": -4, "err_lag": -5, "err_ref": -4, "secs": 0.27}
{"seed": 9310101, "family": "quad", "window_frac": 0.05, "f": 0.98, "status": "ok", "t_c": 875, "t_fc": 984, "err_cross": -4, "err_lag": -5, "err_ref": -4, "secs": 0.27}
{"seed": 9310101, "family": "quad", "window_frac": 0.1, "f": 0.8, "status": "ok", "t_c": 639, "t_fc": 1009, "err_cross": 21, "err_lag": -8, "err_ref": -4, "secs": 0.19}
{"seed": 9310101, "family": "quad", "window_frac": 0.1, "f": 0.9, "status": "ok", "t_c": 767, "t_fc": 986, "err_cross": -2, "err_lag": -5, "err_ref": -4, "secs": 0.19}
{"seed": 9310101, "family": "quad", "window_frac": 0.1, "f": 0.95, "status": "ok", "t_c": 834, "t_fc": 984, "err_cross": -4, "err_lag": -5, "err_ref": -4, "secs": 0.19}
{"seed": 9310101, "family": "quad", "window_frac": 0.1, "f": 0.98, "status": "ok", "t_c": 875, "t_fc": 984, "err_cross": -4, "err_lag": -5, "err_ref": -4, "secs": 0.19}
{"seed": 9310101, "family": "quad", "window_frac": 0.25, "f": 0.8, "status": "ok", "t_c": 639, "t_fc": 1018, "err_cross": 30, "err_lag": -9, "err_ref": -4, "secs": 0.19}
{"seed": 9310101, "family": "quad", "window_frac": 0.25, "f": 0.9, "status": "ok", "t_c": 767, "t_fc": 988, "err_cross": 0, "err_lag": -5, "err_ref": -4, "secs": 0.19}
{"seed": 9310101, "family": "quad", "window_frac": 0.25, "f": 0.95, "status": "ok", "t_c": 834, "t_fc": 984, "err_cross": -4, "err_lag": -6, "err_ref": -4, "secs": 0.19}
{"seed": 9310101, "family": "quad", "window_frac": 0.25, "f": 0.98, "status": "ok", "t_c": 875, "t_fc": 984, "err_cross": -4, "err_lag": -5, "err_ref": -4, "secs": 0.19}
{"seed": 9310101, "family": "rate", "window_frac": 0.05, "f": 0.8, "status": "ok", "t_c": 639, "t_fc": 992, "err_cross": 4, "err_lag": -5, "err_ref": -4, "secs": 0.19}
{"seed": 9310101, "family": "rate", "window_frac": 0.05, "f": 0.9, "status": "ok", "t_c": 767, "t_fc": 985, "err_cross": -3, "err_lag": -5, "err_ref": -4, "secs": 0.19}
{"seed": 9310101, "family": "rate", "window_frac": 0.05, "f": 0.95, "status": "ok", "t_c": 834, "t_fc": 984, "err_cross": -4, "err_lag": -5, "err_ref": -4, "secs": 0.19}
{"seed": 9310101, "family": "rate", "window_frac": 0.05, "f": 0.98, "status": "ok", "t_c": 875, "t_fc": 984, "err_cross": -4, "err_lag": -4, "err_ref": -4, "secs": 0.19}
{"seed": 9310101, "family": "rate", "window_frac": 0.1, "f": 0.8, "status": "ok", "t_c": 639, "t_fc": 992, "err_cross": 4, "err_lag": -5, "err_ref": -4, "secs": 0.19}
{"seed": 9310101, "family": "rate", "window_frac": 0.1, "f": 0.9, "status": "ok", "t_c": 767, "t_fc": 985, "err_cross": -3, "err_lag": -5, "err_ref": -4, "secs": 0.19}
{"seed": 9310101, "family": "rate", "window_frac": 0.1, "f": 0.95, "status": "ok", "t_c": 834, "t_fc": 984, "err_cross": -4, "err_lag": -5, "err_ref": -4, "secs": 0.19}
{"seed": 9310101, "family": "rate", "window_frac": 0.1, "f": 0.98, "status": "ok", "t_c": 875, "t_fc": 984, "err_cross": -4, "err_lag": -4, "err_ref": -4, "secs": 0.19}
{"seed": 9310101, "family": "rate", "window_frac": 0.25, "f": 0.8, "status": "ok", "t_c": 639, "t_fc": 994, "err_cross": 6, "err_lag": -5, "err_ref": -4, "secs": 0.19}
{"seed": 9310101, "family": "rate", "window_frac": 0.25, "f": 0.9, "status": "ok", "t_c": 767, "t_fc": 986, "err_cross": -2, "err_lag": -4, "err_ref": -4, "secs": 0.19}
{"seed": 9310101, "family": "rate", "window_frac": 0.25, "f": 0.95, "status": "ok", "t_c": 834, "t_fc": 984, "err_cross": -4, "err_lag": -5, "err_ref": -4, "secs": 0.18}
{"seed": 9310101, "family": "rate", "window_frac": 0.25, "f": 0.98, "status": "ok", "t_c": 875, "t_fc": 984, "err_cross": -4, "err_lag": -5, "err_ref": -4, "secs": 0.18}
{"seed": 9310101, "family": "lin", "window_frac": 0.05, "f": 0.8, "status": "ok", "t_c": 639, "t_fc": 934, "err_cross": -54, "err_lag": -3, "err_ref": -4, "secs": 0.18}
{"seed": 9310101, "family": "lin", "window_frac": 0.05, "f": 0.9, "status": "ok", "t_c": 767, "t_fc": 971, "err_cross": -17, "err_lag": -2, "err_ref": -4, "secs": 0.19}
{"seed": 9310101, "family": "lin", "window_frac": 0.05, "f": 0.95, "status": "ok", "t_c": 834, "t_fc": 981, "err_cross": -7, "err_lag": -3, "err_ref": -4, "secs": 0.19}
{"seed": 9310101, "family": "lin", "window_frac": 0.05, "f": 0.98, "status": "ok", "t_c": 875, "t_fc": 984, "err_cross": -4, "err_lag": -3, "err_ref": -4, "secs": 0.19}
{"seed": 9310101, "family": "lin", "window_frac": 0.1, "f": 0.8, "status": "ok", "t_c": 639, "t_fc": 934, "err_cross": -54, "err_lag": -3, "err_ref": -4, "secs": 0.19}
{"seed": 9310101, "family": "lin", "window_frac": 0.1, "f": 0.9, "status": "ok", "t_c": 767, "t_fc": 971, "err_cross": -17, "err_lag": -2, "err_ref": -4, "secs": 0.19}
{"seed": 9310101, "family": "lin", "window_frac": 0.1, "f": 0.95, "status": "ok", "t_c": 834, "t_fc": 981, "err_cross": -7, "err_lag": -3, "err_ref": -4, "secs": 0.19}
{"seed": 9310101, "family": "lin", "window_frac": 0.1, "f": 0.98, "status": "ok", "t_c": 875, "t_fc": 984, "err_cross": -4, "err_lag": -3, "err_ref": -4, "secs": 0.19}
{"seed": 9310101, "family": "lin", "window_frac": 0.25, "f": 0.8, "status": "ok", "t_c": 639, "t_fc": 928, "err_cross": -60, "err_lag": -3, "err_ref": -4, "secs": 0.19}
{"seed": 9310101, "family": "lin", "window_frac": 0.25, "f": 0.9, "status": "ok", "t_c": 767, "t_fc": 965, "err_cross": -23, "err_lag": -3, "err_ref": -4, "secs": 0.19}
{"seed": 9310101, "family": "lin", "window_frac": 0.25, "f": 0.95, "status": "ok", "t_c": 834, "t_fc": 977, "err_cross": -11, "err_lag": -3, "err_ref": -4, "secs": 0.19}
{"seed": 9310101, "family": "lin", "window_frac": 0.25, "f": 0.98, "status": "ok", "t_c": 875, "t_fc": 983, "err_cross": -5, "err_lag": -3, "err_ref": -4, "secs": 0.19}
{"seed": 9310102, "family": "quad", "window_frac": 0.05, "f": 0.8, "status": "no cutoff: s never reaches f\u00b7s_ref in the saved path", "t_c": null, "t_fc": null, "err_cross": null, "err_lag": null, "err_ref": null, "secs": 0.0}
{"seed": 9310102, "family": "quad", "window_frac": 0.05, "f": 0.9, "status": "no cutoff: s never reaches f\u00b7s_ref in the saved path", "t_c": null, "t_fc": null, "err_cross": null, "err_lag": null, "err_ref": null, "secs": 0.0}
{"seed": 9310102, "family": "quad", "window_frac": 0.05, "f": 0.95, "status": "no cutoff: s never reaches f\u00b7s_ref in the saved path", "t_c": null, "t_fc": null, "err_cross": null, "err_lag": null, "err_ref": null, "secs": 0.0}
{"seed": 9310102, "family": "quad", "window_frac": 0.05, "f": 0.98, "status": "no cutoff: s never reaches f\u00b7s_ref in the saved path", "t_c": null, "t_fc": null, "err_cross": null, "err_lag": null, "err_ref": null, "secs": 0.0}
{"seed": 9310102, "family": "quad", "window_frac": 0.1, "f": 0.8, "status": "no cutoff: s never reaches f\u00b7s_ref in the saved path", "t_c": null, "t_fc": null, "err_cross": null, "err_lag": null, "err_ref": null, "secs": 0.0}
{"seed": 9310102, "family": "quad", "window_frac": 0.1, "f": 0.9, "status": "no cutoff: s never reaches f\u00b7s_ref in the saved path", "t_c": null, "t_fc": null, "err_cross": null, "err_lag": null, "err_ref": null, "secs": 0.0}
{"seed": 9310102, "family": "quad", "window_frac": 0.1, "f": 0.95, "status": "no cutoff: s never reaches f\u00b7s_ref in the saved path", "t_c": null, "t_fc": null, "err_cross": null, "err_lag": null, "err_ref": null, "secs": 0.0}
{"seed": 9310102, "family": "quad", "window_frac": 0.1, "f": 0.98, "status": "no cutoff: s never reaches f\u00b7s_ref in the saved path", "t_c": null, "t_fc": null, "err_cross": null, "err_lag": null, "err_ref": null, "secs": 0.0}
{"seed": 9310102, "family": "quad", "window_frac": 0.25, "f": 0.8, "status": "no cutoff: s never reaches f\u00b7s_ref in the saved path", "t_c": null, "t_fc": null, "err_cross": null, "err_lag": null, "err_ref": null, "secs": 0.0}
{"seed": 9310102, "family": "quad", "window_frac": 0.25, "f": 0.9, "status": "no cutoff: s never reaches f\u00b7s_ref in the saved path", "t_c": null, "t_fc": null, "err_cross": null, "err_lag": null, "err_ref": null, "secs": 0.0}
{"seed": 9310102, "family": "quad", "window_frac": 0.25, "f": 0.95, "status": "no cutoff: s never reaches f\u00b7s_ref in the saved path", "t_c": null, "t_fc": null, "err_cross": null, "err_lag": null, "err_ref": null, "secs": 0.0}
{"seed": 9310102, "family": "quad", "window_frac": 0.25, "f": 0.98, "status": "no cutoff: s never reaches f\u00b7s_ref in the saved path", "t_c": null, "t_fc": null, "err_cross": null, "err_lag": null, "err_ref": null, "secs": 0.0}
{"seed": 9310102, "family": "rate", "window_frac": 0.05, "f": 0.8, "status": "no cutoff: s never reaches f\u00b7s_ref in the saved path", "t_c": null, "t_fc": null, "err_cross": null, "err_lag": null, "err_ref": null, "secs": 0.0}
{"seed": 9310102, "family": "rate", "window_frac": 0.05, "f": 0.9, "status": "no cutoff: s never reaches f\u00b7s_ref in the saved path", "t_c": null, "t_fc": null, "err_cross": null, "err_lag": null, "err_ref": null, "secs": 0.0}
{"seed": 9310102, "family": "rate", "window_frac": 0.05, "f": 0.95, "status": "no cutoff: s never reaches f\u00b7s_ref in the saved path", "t_c": null, "t_fc": null, "err_cross": null, "err_lag": null, "err_ref": null, "secs": 0.0}
{"seed": 9310102, "family": "rate", "window_frac": 0.05, "f": 0.98, "status": "no cutoff: s never reaches f\u00b7s_ref in the saved path", "t_c": null, "t_fc": null, "err_cross": null, "err_lag": null, "err_ref": null, "secs": 0.0}
{"seed": 9310102, "family": "rate", "window_frac": 0.1, "f": 0.8, "status": "no cutoff: s never reaches f\u00b7s_ref in the saved path", "t_c": null, "t_fc": null, "err_cross": null, "err_lag": null, "err_ref": null, "secs": 0.0}
{"seed": 9310102, "family": "rate", "window_frac": 0.1, "f": 0.9, "status": "no cutoff: s never reaches f\u00b7s_ref in the saved path", "t_c": null, "t_fc": null, "err_cross": null, "err_lag": null, "err_ref": null, "secs": 0.0}
{"seed": 9310102, "family": "rate", "window_frac": 0.1, "f": 0.95, "status": "no cutoff: s never reaches f\u00b7s_ref in the saved path", "t_c": null, "t_fc": null, "err_cross": null, "err_lag": null, "err_ref": null, "secs": 0.0}
{"seed": 9310102, "family": "rate", "window_frac": 0.1, "f": 0.98, "status": "no cutoff: s never reaches f\u00b7s_ref in the saved path", "t_c": null, "t_fc": null, "err_cross": null, "err_lag": null, "err_ref": null, "secs": 0.0}
{"seed": 9310102, "family": "rate", "window_frac": 0.25, "f": 0.8, "status": "no cutoff: s never reaches f\u00b7s_ref in the saved path", "t_c": null, "t_fc": null, "err_cross": null, "err_lag": null, "err_ref": null, "secs": 0.0}
{"seed": 9310102, "family": "rate", "window_frac": 0.25, "f": 0.9, "status": "no cutoff: s never reaches f\u00b7s_ref in the saved path", "t_c": null, "t_fc": null, "err_cross": null, "err_lag": null, "err_ref": null, "secs": 0.0}
{"seed": 9310102, "family": "rate", "window_frac": 0.25, "f": 0.95, "status": "no cutoff: s never reaches f\u00b7s_ref in the saved path", "t_c": null, "t_fc": null, "err_cross": null, "err_lag": null, "err_ref": null, "secs": 0.0}
{"seed": 9310102, "family": "rate", "window_frac": 0.25, "f": 0.98, "status": "no cutoff: s never reaches f\u00b7s_ref in the saved path", "t_c": null, "t_fc": null, "err_cross": null, "err_lag": null, "err_ref": null, "secs": 0.0}
{"seed": 9310102, "family": "lin", "window_frac": 0.05, "f": 0.8, "status": "no cutoff: s never reaches f\u00b7s_ref in the saved path", "t_c": null, "t_fc": null, "err_cross": null, "err_lag": null, "err_ref": null, "secs": 0.0}
{"seed": 9310102, "family": "lin", "window_frac": 0.05, "f": 0.9, "status": "no cutoff: s never reaches f\u00b7s_ref in the saved path", "t_c": null, "t_fc": null, "err_cross": null, "err_lag": null, "err_ref": null, "secs": 0.0}
{"seed": 9310102, "family": "lin", "window_frac": 0.05, "f": 0.95, "status": "no cutoff: s never reaches f\u00b7s_ref in the saved path", "t_c": null, "t_fc": null, "err_cross": null, "err_lag": null, "err_ref": null, "secs": 0.0}
{"seed": 9310102, "family": "lin", "window_frac": 0.05, "f": 0.98, "status": "no cutoff: s never reaches f\u00b7s_ref in the saved path", "t_c": null, "t_fc": null, "err_cross": null, "err_lag": null, "err_ref": null, "secs": 0.0}
{"seed": 9310102, "family": "lin", "window_frac": 0.1, "f": 0.8, "status": "no cutoff: s never reaches f\u00b7s_ref in the saved path", "t_c": null, "t_fc": null, "err_cross": null, "err_lag": null, "err_ref": null, "secs": 0.0}
{"seed": 9310102, "family": "lin", "window_frac": 0.1, "f": 0.9, "status": "no cutoff: s never reaches f\u00b7s_ref in the saved path", "t_c": null, "t_fc": null, "err_cross": null, "err_lag": null, "err_ref": null, "secs": 0.0}
{"seed": 9310102, "family": "lin", "window_frac": 0.1, "f": 0.95, "status": "no cutoff: s never reaches f\u00b7s_ref in the saved path", "t_c": null, "t_fc": null, "err_cross": null, "err_lag": null, "err_ref": null, "secs": 0.0}
{"seed": 9310102, "family": "lin", "window_frac": 0.1, "f": 0.98, "status": "no cutoff: s never reaches f\u00b7s_ref in the saved path", "t_c": null, "t_fc": null, "err_cross": null, "err_lag": null, "err_ref": null, "secs": 0.0}
{"seed": 9310102, "family": "lin", "window_frac": 0.25, "f": 0.8, "status": "no cutoff: s never reaches f\u00b7s_ref in the saved path", "t_c": null, "t_fc": null, "err_cross": null, "err_lag": null, "err_ref": null, "secs": 0.0}
{"seed": 9310102, "family": "lin", "window_frac": 0.25, "f": 0.9, "status": "no cutoff: s never reaches f\u00b7s_ref in the saved path", "t_c": null, "t_fc": null, "err_cross": null, "err_lag": null, "err_ref": null, "secs": 0.0}
{"seed": 9310102, "family": "lin", "window_frac": 0.25, "f": 0.95, "status": "no cutoff: s never reaches f\u00b7s_ref in the saved path", "t_c": null, "t_fc": null, "err_cross": null, "err_lag": null, "err_ref": null, "secs": 0.0}
{"seed": 9310102, "family": "lin", "window_frac": 0.25, "f": 0.98, "status": "no cutoff: s never reaches f\u00b7s_ref in the saved path", "t_c": null, "t_fc": null, "err_cross": null, "err_lag": null, "err_ref": null, "secs": 0.0}
{"seed": 9310103, "family": "quad", "window_frac": 0.05, "f": 0.8, "status": "ok", "t_c": 8749, "t_fc": 9087, "err_cross": 17, "err_lag": -10, "err_ref": -5, "secs": 0.38}
{"seed": 9310103, "family": "quad", "window_frac": 0.05, "f": 0.9, "status": "ok", "t_c": 8859, "t_fc": 9066, "err_cross": -4, "err_lag": -6, "err_ref": -5, "secs": 0.37}
{"seed": 9310103, "family": "quad", "window_frac": 0.05, "f": 0.95, "status": "ok", "t_c": 8916, "t_fc": 9065, "err_cross": -5, "err_lag": -5, "err_ref": -5, "secs": 0.37}
{"seed": 9310103, "family": "quad", "window_frac": 0.05, "f": 0.98, "status": "ok", "t_c": 8952, "t_fc": 9065, "err_cross": -5, "err_lag": -5, "err_ref": -5, "secs": 0.37}
{"seed": 9310103, "family": "quad", "window_frac": 0.1, "f": 0.8, "status": "ok", "t_c": 8749, "t_fc": 9087, "err_cross": 17, "err_lag": -10, "err_ref": -5, "secs": 0.19}
{"seed": 9310103, "family": "quad", "window_frac": 0.1, "f": 0.9, "status": "ok", "t_c": 8859, "t_fc": 9066, "err_cross": -4, "err_lag": -6, "err_ref": -5, "secs": 0.19}
{"seed": 9310103, "family": "quad", "window_frac": 0.1, "f": 0.95, "status": "ok", "t_c": 8916, "t_fc": 9065, "err_cross": -5, "err_lag": -5, "err_ref": -5, "secs": 0.19}
{"seed": 9310103, "family": "quad", "window_frac": 0.1, "f": 0.98, "status": "ok", "t_c": 8952, "t_fc": 9065, "err_cross": -5, "err_lag": -5, "err_ref": -5, "secs": 0.19}
{"seed": 9310103, "family": "quad", "window_frac": 0.25, "f": 0.8, "status": "ok", "t_c": 8749, "t_fc": 9100, "err_cross": 30, "err_lag": -12, "err_ref": -5, "secs": 0.22}
{"seed": 9310103, "family": "quad", "window_frac": 0.25, "f": 0.9, "status": "ok", "t_c": 8859, "t_fc": 9068, "err_cross": -2, "err_lag": -7, "err_ref": -5, "secs": 0.19}
{"seed": 9310103, "family": "quad", "window_frac": 0.25, "f": 0.95, "status": "ok", "t_c": 8916, "t_fc": 9065, "err_cross": -5, "err_lag": -6, "err_ref": -5, "secs": 0.19}
{"seed": 9310103, "family": "quad", "window_frac": 0.25, "f": 0.98, "status": "ok", "t_c": 8952, "t_fc": 9065, "err_cross": -5, "err_lag": -5, "err_ref": -5, "secs": 0.19}
{"seed": 9310103, "family": "rate", "window_frac": 0.05, "f": 0.8, "status": "ok", "t_c": 8749, "t_fc": 9073, "err_cross": 3, "err_lag": -5, "err_ref": -5, "secs": 0.19}
{"seed": 9310103, "family": "rate", "window_frac": 0.05, "f": 0.9, "status": "ok", "t_c": 8859, "t_fc": 9066, "err_cross": -4, "err_lag": -5, "err_ref": -5, "secs": 0.19}
{"seed": 9310103, "family": "rate", "window_frac": 0.05, "f": 0.95, "status": "ok", "t_c": 8916, "t_fc": 9065, "err_cross": -5, "err_lag": -5, "err_ref": -5, "secs": 0.19}
{"seed": 9310103, "family": "rate", "window_frac": 0.05, "f": 0.98, "status": "ok", "t_c": 8952, "t_fc": 9065, "err_cross": -5, "err_lag": -5, "err_ref": -5, "secs": 0.19}
{"seed": 9310103, "family": "rate", "window_frac": 0.1, "f": 0.8, "status": "ok", "t_c": 8749, "t_fc": 9073, "err_cross": 3, "err_lag": -5, "err_ref": -5, "secs": 0.19}
{"seed": 9310103, "family": "rate", "window_frac": 0.1, "f": 0.9, "status": "ok", "t_c": 8859, "t_fc": 9066, "err_cross": -4, "err_lag": -5, "err_ref": -5, "secs": 0.19}
{"seed": 9310103, "family": "rate", "window_frac": 0.1, "f": 0.95, "status": "ok", "t_c": 8916, "t_fc": 9065, "err_cross": -5, "err_lag": -5, "err_ref": -5, "secs": 0.19}
{"seed": 9310103, "family": "rate", "window_frac": 0.1, "f": 0.98, "status": "ok", "t_c": 8952, "t_fc": 9065, "err_cross": -5, "err_lag": -5, "err_ref": -5, "secs": 0.19}
{"seed": 9310103, "family": "rate", "window_frac": 0.25, "f": 0.8, "status": "ok", "t_c": 8749, "t_fc": 9076, "err_cross": 6, "err_lag": -5, "err_ref": -5, "secs": 0.19}
{"seed": 9310103, "family": "rate", "window_frac": 0.25, "f": 0.9, "status": "ok", "t_c": 8859, "t_fc": 9067, "err_cross": -3, "err_lag": -5, "err_ref": -5, "secs": 0.19}
{"seed": 9310103, "family": "rate", "window_frac": 0.25, "f": 0.95, "status": "ok", "t_c": 8916, "t_fc": 9065, "err_cross": -5, "err_lag": -5, "err_ref": -5, "secs": 0.19}
{"seed": 9310103, "family": "rate", "window_frac": 0.25, "f": 0.98, "status": "ok", "t_c": 8952, "t_fc": 9065, "err_cross": -5, "err_lag": -5, "err_ref": -5, "secs": 0.2}
{"seed": 9310103, "family": "lin", "window_frac": 0.05, "f": 0.8, "status": "ok", "t_c": 8749, "t_fc": 9023, "err_cross": -47, "err_lag": -1, "err_ref": -5, "secs": 0.19}
{"seed": 9310103, "family": "lin", "window_frac": 0.05, "f": 0.9, "status": "ok", "t_c": 8859, "t_fc": 9054, "err_cross": -16, "err_lag": -2, "err_ref": -5, "secs": 0.19}
{"seed": 9310103, "family": "lin", "window_frac": 0.05, "f": 0.95, "status": "ok", "t_c": 8916, "t_fc": 9063, "err_cross": -7, "err_lag": -2, "err_ref": -5, "secs": 0.19}
{"seed": 9310103, "family": "lin", "window_frac": 0.05, "f": 0.98, "status": "ok", "t_c": 8952, "t_fc": 9066, "err_cross": -4, "err_lag": -2, "err_ref": -5, "secs": 0.19}
{"seed": 9310103, "family": "lin", "window_frac": 0.1, "f": 0.8, "status": "ok", "t_c": 8749, "t_fc": 9023, "err_cross": -47, "err_lag": -1, "err_ref": -5, "secs": 0.19}
{"seed": 9310103, "family": "lin", "window_frac": 0.1, "f": 0.9, "status": "ok", "t_c": 8859, "t_fc": 9054, "err_cross": -16, "err_lag": -2, "err_ref": -5, "secs": 0.19}
{"seed": 9310103, "family": "lin", "window_frac": 0.1, "f": 0.95, "status": "ok", "t_c": 8916, "t_fc": 9063, "err_cross": -7, "err_lag": -2, "err_ref": -5, "secs": 0.19}
{"seed": 9310103, "family": "lin", "window_frac": 0.1, "f": 0.98, "status": "ok", "t_c": 8952, "t_fc": 9066, "err_cross": -4, "err_lag": -2, "err_ref": -5, "secs": 0.19}
{"seed": 9310103, "family": "lin", "window_frac": 0.25, "f": 0.8, "status": "ok", "t_c": 8749, "t_fc": 9016, "err_cross": -54, "err_lag": -1, "err_ref": -5, "secs": 0.19}
{"seed": 9310103, "family": "lin", "window_frac": 0.25, "f": 0.9, "status": "ok", "t_c": 8859, "t_fc": 9049, "err_cross": -21, "err_lag": -2, "err_ref": -5, "secs": 0.19}
{"seed": 9310103, "family": "lin", "window_frac": 0.25, "f": 0.95, "status": "ok", "t_c": 8916, "t_fc": 9060, "err_cross": -10, "err_lag": -2, "err_ref": -5, "secs": 0.19}
{"seed": 9310103, "family": "lin", "window_frac": 0.25, "f": 0.98, "status": "ok", "t_c": 8952, "t_fc": 9065, "err_cross": -5, "err_lag": -2, "err_ref": -5, "secs": 0.19}
{"seed": 9310104, "family": "quad", "window_frac": 0.05, "f": 0.8, "status": "ok", "t_c": 490, "t_fc": 773, "err_cross": 14, "err_lag": -8, "err_ref": -3, "secs": 0.27}
{"seed": 9310104, "family": "quad", "window_frac": 0.05, "f": 0.9, "status": "ok", "t_c": 580, "t_fc": 756, "err_cross": -3, "err_lag": -5, "err_ref": -3, "secs": 0.26}
{"seed": 9310104, "family": "quad", "window_frac": 0.05, "f": 0.95, "status": "ok", "t_c": 627, "t_fc": 755, "err_cross": -4, "err_lag": -4, "err_ref": -3, "secs": 0.27}
{"seed": 9310104, "family": "quad", "window_frac": 0.05, "f": 0.98, "status": "ok", "t_c": 656, "t_fc": 755, "err_cross": -4, "err_lag": -4, "err_ref": -3, "secs": 0.27}
{"seed": 9310104, "family": "quad", "window_frac": 0.1, "f": 0.8, "status": "ok", "t_c": 490, "t_fc": 773, "err_cross": 14, "err_lag": -8, "err_ref": -3, "secs": 0.18}
{"seed": 9310104, "family": "quad", "window_frac": 0.1, "f": 0.9, "status": "ok", "t_c": 580, "t_fc": 756, "err_cross": -3, "err_lag": -5, "err_ref": -3, "secs": 0.18}
{"seed": 9310104, "family": "quad", "window_frac": 0.1, "f": 0.95, "status": "ok", "t_c": 627, "t_fc": 755, "err_cross": -4, "err_lag": -4, "err_ref": -3, "secs": 0.18}
{"seed": 9310104, "family": "quad", "window_frac": 0.1, "f": 0.98, "status": "ok", "t_c": 656, "t_fc": 755, "err_cross": -4, "err_lag": -4, "err_ref": -3, "secs": 0.18}
{"seed": 9310104, "family": "quad", "window_frac": 0.25, "f": 0.8, "status": "ok", "t_c": 490, "t_fc": 776, "err_cross": 17, "err_lag": -8, "err_ref": -3, "secs": 0.18}
{"seed": 9310104, "family": "quad", "window_frac": 0.25, "f": 0.9, "status": "ok", "t_c": 580, "t_fc": 757, "err_cross": -2, "err_lag": -5, "err_ref": -3, "secs": 0.18}
{"seed": 9310104, "family": "quad", "window_frac": 0.25, "f": 0.95, "status": "ok", "t_c": 627, "t_fc": 755, "err_cross": -4, "err_lag": -4, "err_ref": -3, "secs": 0.18}
{"seed": 9310104, "family": "quad", "window_frac": 0.25, "f": 0.98, "status": "ok", "t_c": 656, "t_fc": 755, "err_cross": -4, "err_lag": -4, "err_ref": -3, "secs": 0.18}
{"seed": 9310104, "family": "rate", "window_frac": 0.05, "f": 0.8, "status": "ok", "t_c": 490, "t_fc": 762, "err_cross": 3, "err_lag": -4, "err_ref": -3, "secs": 0.18}
{"seed": 9310104, "family": "rate", "window_frac": 0.05, "f": 0.9, "status": "ok", "t_c": 580, "t_fc": 756, "err_cross": -3, "err_lag": -3, "err_ref": -3, "secs": 0.18}
{"seed": 9310104, "family": "rate", "window_frac": 0.05, "f": 0.95, "status": "ok", "t_c": 627, "t_fc": 755, "err_cross": -4, "err_lag": -4, "err_ref": -3, "secs": 0.18}
{"seed": 9310104, "family": "rate", "window_frac": 0.05, "f": 0.98, "status": "ok", "t_c": 656, "t_fc": 755, "err_cross": -4, "err_lag": -4, "err_ref": -3, "secs": 0.18}
{"seed": 9310104, "family": "rate", "window_frac": 0.1, "f": 0.8, "status": "ok", "t_c": 490, "t_fc": 762, "err_cross": 3, "err_lag": -4, "err_ref": -3, "secs": 0.18}
{"seed": 9310104, "family": "rate", "window_frac": 0.1, "f": 0.9, "status": "ok", "t_c": 580, "t_fc": 756, "err_cross": -3, "err_lag": -3, "err_ref": -3, "secs": 0.18}
{"seed": 9310104, "family": "rate", "window_frac": 0.1, "f": 0.95, "status": "ok", "t_c": 627, "t_fc": 755, "err_cross": -4, "err_lag": -4, "err_ref": -3, "secs": 0.18}
{"seed": 9310104, "family": "rate", "window_frac": 0.1, "f": 0.98, "status": "ok", "t_c": 656, "t_fc": 755, "err_cross": -4, "err_lag": -4, "err_ref": -3, "secs": 0.18}
{"seed": 9310104, "family": "rate", "window_frac": 0.25, "f": 0.8, "status": "ok", "t_c": 490, "t_fc": 762, "err_cross": 3, "err_lag": -4, "err_ref": -3, "secs": 0.18}
{"seed": 9310104, "family": "rate", "window_frac": 0.25, "f": 0.9, "status": "ok", "t_c": 580, "t_fc": 756, "err_cross": -3, "err_lag": -4, "err_ref": -3, "secs": 0.18}
{"seed": 9310104, "family": "rate", "window_frac": 0.25, "f": 0.95, "status": "ok", "t_c": 627, "t_fc": 756, "err_cross": -3, "err_lag": -3, "err_ref": -3, "secs": 0.18}
{"seed": 9310104, "family": "rate", "window_frac": 0.25, "f": 0.98, "status": "ok", "t_c": 656, "t_fc": 755, "err_cross": -4, "err_lag": -4, "err_ref": -3, "secs": 0.18}
{"seed": 9310104, "family": "lin", "window_frac": 0.05, "f": 0.8, "status": "ok", "t_c": 490, "t_fc": 721, "err_cross": -38, "err_lag": 0, "err_ref": -3, "secs": 0.18}
{"seed": 9310104, "family": "lin", "window_frac": 0.05, "f": 0.9, "status": "ok", "t_c": 580, "t_fc": 747, "err_cross": -12, "err_lag": 0, "err_ref": -3, "secs": 0.18}
{"seed": 9310104, "family": "lin", "window_frac": 0.05, "f": 0.95, "status": "ok", "t_c": 627, "t_fc": 754, "err_cross": -5, "err_lag": -1, "err_ref": -3, "secs": 0.18}
{"seed": 9310104, "family": "lin", "window_frac": 0.05, "f": 0.98, "status": "ok", "t_c": 656, "t_fc": 757, "err_cross": -2, "err_lag": 0, "err_ref": -3, "secs": 0.18}
{"seed": 9310104, "family": "lin", "window_frac": 0.1, "f": 0.8, "status": "ok", "t_c": 490, "t_fc": 721, "err_cross": -38, "err_lag": 0, "err_ref": -3, "secs": 0.18}
{"seed": 9310104, "family": "lin", "window_frac": 0.1, "f": 0.9, "status": "ok", "t_c": 580, "t_fc": 747, "err_cross": -12, "err_lag": 0, "err_ref": -3, "secs": 0.18}
{"seed": 9310104, "family": "lin", "window_frac": 0.1, "f": 0.95, "status": "ok", "t_c": 627, "t_fc": 754, "err_cross": -5, "err_lag": -1, "err_ref": -3, "secs": 0.18}
{"seed": 9310104, "family": "lin", "window_frac": 0.1, "f": 0.98, "status": "ok", "t_c": 656, "t_fc": 757, "err_cross": -2, "err_lag": 0, "err_ref": -3, "secs": 0.18}
{"seed": 9310104, "family": "lin", "window_frac": 0.25, "f": 0.8, "status": "ok", "t_c": 490, "t_fc": 719, "err_cross": -40, "err_lag": 0, "err_ref": -3, "secs": 0.18}
{"seed": 9310104, "family": "lin", "window_frac": 0.25, "f": 0.9, "status": "ok", "t_c": 580, "t_fc": 744, "err_cross": -15, "err_lag": 0, "err_ref": -3, "secs": 0.18}
{"seed": 9310104, "family": "lin", "window_frac": 0.25, "f": 0.95, "status": "ok", "t_c": 627, "t_fc": 752, "err_cross": -7, "err_lag": -1, "err_ref": -3, "secs": 0.18}
{"seed": 9310104, "family": "lin", "window_frac": 0.25, "f": 0.98, "status": "ok", "t_c": 656, "t_fc": 756, "err_cross": -3, "err_lag": -1, "err_ref": -3, "secs": 0.18}
{"seed": 9310105, "family": "quad", "window_frac": 0.05, "f": 0.8, "status": "ok", "t_c": 406, "t_fc": 663, "err_cross": 11, "err_lag": -9, "err_ref": -4, "secs": 0.26}
{"seed": 9310105, "family": "quad", "window_frac": 0.05, "f": 0.9, "status": "ok", "t_c": 485, "t_fc": 648, "err_cross": -4, "err_lag": -6, "err_ref": -4, "secs": 0.26}
{"seed": 9310105, "family": "quad", "window_frac": 0.05, "f": 0.95, "status": "ok", "t_c": 525, "t_fc": 647, "err_cross": -5, "err_lag": -5, "err_ref": -4, "secs": 0.26}
{"seed": 9310105, "family": "quad", "window_frac": 0.05, "f": 0.98, "status": "ok", "t_c": 551, "t_fc": 648, "err_cross": -4, "err_lag": -4, "err_ref": -4, "secs": 0.26}
{"seed": 9310105, "family": "quad", "window_frac": 0.1, "f": 0.8, "status": "ok", "t_c": 406, "t_fc": 663, "err_cross": 11, "err_lag": -9, "err_ref": -4, "secs": 0.18}
{"seed": 9310105, "family": "quad", "window_frac": 0.1, "f": 0.9, "status": "ok", "t_c": 485, "t_fc": 648, "err_cross": -4, "err_lag": -6, "err_ref": -4, "secs": 0.18}
{"seed": 9310105, "family": "quad", "window_frac": 0.1, "f": 0.95, "status": "ok", "t_c": 525, "t_fc": 647, "err_cross": -5, "err_lag": -5, "err_ref": -4, "secs": 0.2}
{"seed": 9310105, "family": "quad", "window_frac": 0.1, "f": 0.98, "status": "ok", "t_c": 551, "t_fc": 648, "err_cross": -4, "err_lag": -4, "err_ref": -4, "secs": 0.18}
{"seed": 9310105, "family": "quad", "window_frac": 0.25, "f": 0.8, "status": "ok", "t_c": 406, "t_fc": 663, "err_cross": 11, "err_lag": -9, "err_ref": -4, "secs": 0.18}
{"seed": 9310105, "family": "quad", "window_frac": 0.25, "f": 0.9, "status": "ok", "t_c": 485, "t_fc": 648, "err_cross": -4, "err_lag": -6, "err_ref": -4, "secs": 0.18}
{"seed": 9310105, "family": "quad", "window_frac": 0.25, "f": 0.95, "status": "ok", "t_c": 525, "t_fc": 647, "err_cross": -5, "err_lag": -5, "err_ref": -4, "secs": 0.18}
{"seed": 9310105, "family": "quad", "window_frac": 0.25, "f": 0.98, "status": "ok", "t_c": 551, "t_fc": 647, "err_cross": -5, "err_lag": -5, "err_ref": -4, "secs": 0.18}
{"seed": 9310105, "family": "rate", "window_frac": 0.05, "f": 0.8, "status": "ok", "t_c": 406, "t_fc": 653, "err_cross": 1, "err_lag": -5, "err_ref": -4, "secs": 0.18}
{"seed": 9310105, "family": "rate", "window_frac": 0.05, "f": 0.9, "status": "ok", "t_c": 485, "t_fc": 648, "err_cross": -4, "err_lag": -4, "err_ref": -4, "secs": 0.18}
{"seed": 9310105, "family": "rate", "window_frac": 0.05, "f": 0.95, "status": "ok", "t_c": 525, "t_fc": 648, "err_cross": -4, "err_lag": -4, "err_ref": -4, "secs": 0.18}
{"seed": 9310105, "family": "rate", "window_frac": 0.05, "f": 0.98, "status": "ok", "t_c": 551, "t_fc": 648, "err_cross": -4, "err_lag": -4, "err_ref": -4, "secs": 0.18}
{"seed": 9310105, "family": "rate", "window_frac": 0.1, "f": 0.8, "status": "ok", "t_c": 406, "t_fc": 653, "err_cross": 1, "err_lag": -5, "err_ref": -4, "secs": 0.18}
{"seed": 9310105, "family": "rate", "window_frac": 0.1, "f": 0.9, "status": "ok", "t_c": 485, "t_fc": 648, "err_cross": -4, "err_lag": -4, "err_ref": -4, "secs": 0.18}
{"seed": 9310105, "family": "rate", "window_frac": 0.1, "f": 0.95, "status": "ok", "t_c": 525, "t_fc": 648, "err_cross": -4, "err_lag": -4, "err_ref": -4, "secs": 0.18}
{"seed": 9310105, "family": "rate", "window_frac": 0.1, "f": 0.98, "status": "ok", "t_c": 551, "t_fc": 648, "err_cross": -4, "err_lag": -4, "err_ref": -4, "secs": 0.18}
{"seed": 9310105, "family": "rate", "window_frac": 0.25, "f": 0.8, "status": "ok", "t_c": 406, "t_fc": 653, "err_cross": 1, "err_lag": -5, "err_ref": -4, "secs": 0.18}
{"seed": 9310105, "family": "rate", "window_frac": 0.25, "f": 0.9, "status": "ok", "t_c": 485, "t_fc": 648, "err_cross": -4, "err_lag": -4, "err_ref": -4, "secs": 0.18}
{"seed": 9310105, "family": "rate", "window_frac": 0.25, "f": 0.95, "status": "ok", "t_c": 525, "t_fc": 648, "err_cross": -4, "err_lag": -4, "err_ref": -4, "secs": 0.18}
{"seed": 9310105, "family": "rate", "window_frac": 0.25, "f": 0.98, "status": "ok", "t_c": 551, "t_fc": 648, "err_cross": -4, "err_lag": -4, "err_ref": -4, "secs": 0.18}
{"seed": 9310105, "family": "lin", "window_frac": 0.05, "f": 0.8, "status": "ok", "t_c": 406, "t_fc": 618, "err_cross": -34, "err_lag": 0, "err_ref": -4, "secs": 0.18}
{"seed": 9310105, "family": "lin", "window_frac": 0.05, "f": 0.9, "status": "ok", "t_c": 485, "t_fc": 641, "err_cross": -11, "err_lag": 0, "err_ref": -4, "secs": 0.18}
{"seed": 9310105, "family": "lin", "window_frac": 0.05, "f": 0.95, "status": "ok", "t_c": 525, "t_fc": 648, "err_cross": -4, "err_lag": 0, "err_ref": -4, "secs": 0.18}
{"seed": 9310105, "family": "lin", "window_frac": 0.05, "f": 0.98, "status": "ok", "t_c": 551, "t_fc": 650, "err_cross": -2, "err_lag": 0, "err_ref": -4, "secs": 0.18}
{"seed": 9310105, "family": "lin", "window_frac": 0.1, "f": 0.8, "status": "ok", "t_c": 406, "t_fc": 618, "err_cross": -34, "err_lag": 0, "err_ref": -4, "secs": 0.18}
{"seed": 9310105, "family": "lin", "window_frac": 0.1, "f": 0.9, "status": "ok", "t_c": 485, "t_fc": 641, "err_cross": -11, "err_lag": 0, "err_ref": -4, "secs": 0.18}
{"seed": 9310105, "family": "lin", "window_frac": 0.1, "f": 0.95, "status": "ok", "t_c": 525, "t_fc": 648, "err_cross": -4, "err_lag": 0, "err_ref": -4, "secs": 0.18}
{"seed": 9310105, "family": "lin", "window_frac": 0.1, "f": 0.98, "status": "ok", "t_c": 551, "t_fc": 650, "err_cross": -2, "err_lag": 0, "err_ref": -4, "secs": 0.18}
{"seed": 9310105, "family": "lin", "window_frac": 0.25, "f": 0.8, "status": "ok", "t_c": 406, "t_fc": 618, "err_cross": -34, "err_lag": 0, "err_ref": -4, "secs": 0.18}
{"seed": 9310105, "family": "lin", "window_frac": 0.25, "f": 0.9, "status": "ok", "t_c": 485, "t_fc": 641, "err_cross": -11, "err_lag": 0, "err_ref": -4, "secs": 0.18}
{"seed": 9310105, "family": "lin", "window_frac": 0.25, "f": 0.95, "status": "ok", "t_c": 525, "t_fc": 647, "err_cross": -5, "err_lag": 0, "err_ref": -4, "secs": 0.19}
{"seed": 9310105, "family": "lin", "window_frac": 0.25, "f": 0.98, "status": "ok", "t_c": 551, "t_fc": 650, "err_cross": -2, "err_lag": 0, "err_ref": -4, "secs": 0.18}
{"seed": 9310106, "family": "quad", "window_frac": 0.05, "f": 0.8, "status": "ok", "t_c": 536, "t_fc": 838, "err_cross": 18, "err_lag": -6, "err_ref": -3, "secs": 0.28}
{"seed": 9310106, "family": "quad", "window_frac": 0.05, "f": 0.9, "status": "ok", "t_c": 637, "t_fc": 818, "err_cross": -2, "err_lag": -4, "err_ref": -3, "secs": 0.28}
{"seed": 9310106, "family": "quad", "window_frac": 0.05, "f": 0.95, "status": "ok", "t_c": 690, "t_fc": 817, "err_cross": -3, "err_lag": -3, "err_ref": -3, "secs": 0.28}
{"seed": 9310106, "family": "quad", "window_frac": 0.05, "f": 0.98, "status": "ok", "t_c": 722, "t_fc": 816, "err_cross": -4, "err_lag": -4, "err_ref": -3, "secs": 0.28}
{"seed": 9310106, "family": "quad", "window_frac": 0.1, "f": 0.8, "status": "ok", "t_c": 536, "t_fc": 838, "err_cross": 18, "err_lag": -6, "err_ref": -3, "secs": 0.19}
{"seed": 9310106, "family": "quad", "window_frac": 0.1, "f": 0.9, "status": "ok", "t_c": 637, "t_fc": 818, "err_cross": -2, "err_lag": -4, "err_ref": -3, "secs": 0.19}
{"seed": 9310106, "family": "quad", "window_frac": 0.1, "f": 0.95, "status": "ok", "t_c": 690, "t_fc": 817, "err_cross": -3, "err_lag": -3, "err_ref": -3, "secs": 0.19}
{"seed": 9310106, "family": "quad", "window_frac": 0.1, "f": 0.98, "status": "ok", "t_c": 722, "t_fc": 816, "err_cross": -4, "err_lag": -4, "err_ref": -3, "secs": 0.19}
{"seed": 9310106, "family": "quad", "window_frac": 0.25, "f": 0.8, "status": "ok", "t_c": 536, "t_fc": 842, "err_cross": 22, "err_lag": -7, "err_ref": -3, "secs": 0.19}
{"seed": 9310106, "family": "quad", "window_frac": 0.25, "f": 0.9, "status": "ok", "t_c": 637, "t_fc": 819, "err_cross": -1, "err_lag": -5, "err_ref": -3, "secs": 0.19}
{"seed": 9310106, "family": "quad", "window_frac": 0.25, "f": 0.95, "status": "ok", "t_c": 690, "t_fc": 817, "err_cross": -3, "err_lag": -4, "err_ref": -3, "secs": 0.19}
{"seed": 9310106, "family": "quad", "window_frac": 0.25, "f": 0.98, "status": "ok", "t_c": 722, "t_fc": 816, "err_cross": -4, "err_lag": -4, "err_ref": -3, "secs": 0.19}
{"seed": 9310106, "family": "rate", "window_frac": 0.05, "f": 0.8, "status": "ok", "t_c": 536, "t_fc": 824, "err_cross": 4, "err_lag": -3, "err_ref": -3, "secs": 0.19}
{"seed": 9310106, "family": "rate", "window_frac": 0.05, "f": 0.9, "status": "ok", "t_c": 637, "t_fc": 817, "err_cross": -3, "err_lag": -4, "err_ref": -3, "secs": 0.19}
{"seed": 9310106, "family": "rate", "window_frac": 0.05, "f": 0.95, "status": "ok", "t_c": 690, "t_fc": 817, "err_cross": -3, "err_lag": -3, "err_ref": -3, "secs": 0.19}
{"seed": 9310106, "family": "rate", "window_frac": 0.05, "f": 0.98, "status": "ok", "t_c": 722, "t_fc": 817, "err_cross": -3, "err_lag": -3, "err_ref": -3, "secs": 0.19}
{"seed": 9310106, "family": "rate", "window_frac": 0.1, "f": 0.8, "status": "ok", "t_c": 536, "t_fc": 824, "err_cross": 4, "err_lag": -3, "err_ref": -3, "secs": 0.2}
{"seed": 9310106, "family": "rate", "window_frac": 0.1, "f": 0.9, "status": "ok", "t_c": 637, "t_fc": 817, "err_cross": -3, "err_lag": -4, "err_ref": -3, "secs": 0.19}
{"seed": 9310106, "family": "rate", "window_frac": 0.1, "f": 0.95, "status": "ok", "t_c": 690, "t_fc": 817, "err_cross": -3, "err_lag": -3, "err_ref": -3, "secs": 0.19}
{"seed": 9310106, "family": "rate", "window_frac": 0.1, "f": 0.98, "status": "ok", "t_c": 722, "t_fc": 817, "err_cross": -3, "err_lag": -3, "err_ref": -3, "secs": 0.19}
{"seed": 9310106, "family": "rate", "window_frac": 0.25, "f": 0.8, "status": "ok", "t_c": 536, "t_fc": 825, "err_cross": 5, "err_lag": -4, "err_ref": -3, "secs": 0.2}
{"seed": 9310106, "family": "rate", "window_frac": 0.25, "f": 0.9, "status": "ok", "t_c": 637, "t_fc": 818, "err_cross": -2, "err_lag": -3, "err_ref": -3, "secs": 0.19}
{"seed": 9310106, "family": "rate", "window_frac": 0.25, "f": 0.95, "status": "ok", "t_c": 690, "t_fc": 817, "err_cross": -3, "err_lag": -3, "err_ref": -3, "secs": 0.19}
{"seed": 9310106, "family": "rate", "window_frac": 0.25, "f": 0.98, "status": "ok", "t_c": 722, "t_fc": 817, "err_cross": -3, "err_lag": -3, "err_ref": -3, "secs": 0.19}
{"seed": 9310106, "family": "lin", "window_frac": 0.05, "f": 0.8, "status": "ok", "t_c": 536, "t_fc": 777, "err_cross": -43, "err_lag": -1, "err_ref": -3, "secs": 0.19}
{"seed": 9310106, "family": "lin", "window_frac": 0.05, "f": 0.9, "status": "ok", "t_c": 637, "t_fc": 806, "err_cross": -14, "err_lag": -2, "err_ref": -3, "secs": 0.19}
{"seed": 9310106, "family": "lin", "window_frac": 0.05, "f": 0.95, "status": "ok", "t_c": 690, "t_fc": 814, "err_cross": -6, "err_lag": -2, "err_ref": -3, "secs": 0.19}
{"seed": 9310106, "family": "lin", "window_frac": 0.05, "f": 0.98, "status": "ok", "t_c": 722, "t_fc": 817, "err_cross": -3, "err_lag": -2, "err_ref": -3, "secs": 0.19}
{"seed": 9310106, "family": "lin", "window_frac": 0.1, "f": 0.8, "status": "ok", "t_c": 536, "t_fc": 777, "err_cross": -43, "err_lag": -1, "err_ref": -3, "secs": 0.19}
{"seed": 9310106, "family": "lin", "window_frac": 0.1, "f": 0.9, "status": "ok", "t_c": 637, "t_fc": 806, "err_cross": -14, "err_lag": -2, "err_ref": -3, "secs": 0.19}
{"seed": 9310106, "family": "lin", "window_frac": 0.1, "f": 0.95, "status": "ok", "t_c": 690, "t_fc": 814, "err_cross": -6, "err_lag": -2, "err_ref": -3, "secs": 0.19}
{"seed": 9310106, "family": "lin", "window_frac": 0.1, "f": 0.98, "status": "ok", "t_c": 722, "t_fc": 817, "err_cross": -3, "err_lag": -2, "err_ref": -3, "secs": 0.2}
{"seed": 9310106, "family": "lin", "window_frac": 0.25, "f": 0.8, "status": "ok", "t_c": 536, "t_fc": 774, "err_cross": -46, "err_lag": -2, "err_ref": -3, "secs": 0.19}
{"seed": 9310106, "family": "lin", "window_frac": 0.25, "f": 0.9, "status": "ok", "t_c": 637, "t_fc": 802, "err_cross": -18, "err_lag": -2, "err_ref": -3, "secs": 0.19}
{"seed": 9310106, "family": "lin", "window_frac": 0.25, "f": 0.95, "status": "ok", "t_c": 690, "t_fc": 812, "err_cross": -8, "err_lag": -2, "err_ref": -3, "secs": 0.19}
{"seed": 9310106, "family": "lin", "window_frac": 0.25, "f": 0.98, "status": "ok", "t_c": 722, "t_fc": 816, "err_cross": -4, "err_lag": -2, "err_ref": -3, "secs": 0.19}
{"seed": 9310107, "family": "quad", "window_frac": 0.05, "f": 0.8, "status": "ok", "t_c": 22752, "t_fc": 23069, "err_cross": 17, "err_lag": -8, "err_ref": -4, "secs": 0.29}
{"seed": 9310107, "family": "quad", "window_frac": 0.05, "f": 0.9, "status": "ok", "t_c": 22856, "t_fc": 23049, "err_cross": -3, "err_lag": -6, "err_ref": -4, "secs": 0.29}
{"seed": 9310107, "family": "quad", "window_frac": 0.05, "f": 0.95, "status": "ok", "t_c": 22910, "t_fc": 23048, "err_cross": -4, "err_lag": -5, "err_ref": -4, "secs": 0.29}
{"seed": 9310107, "family": "quad", "window_frac": 0.05, "f": 0.98, "status": "ok", "t_c": 22943, "t_fc": 23048, "err_cross": -4, "err_lag": -4, "err_ref": -4, "secs": 0.3}
{"seed": 9310107, "family": "quad", "window_frac": 0.1, "f": 0.8, "status": "ok", "t_c": 22752, "t_fc": 23069, "err_cross": 17, "err_lag": -8, "err_ref": -4, "secs": 0.2}
{"seed": 9310107, "family": "quad", "window_frac": 0.1, "f": 0.9, "status": "ok", "t_c": 22856, "t_fc": 23049, "err_cross": -3, "err_lag": -6, "err_ref": -4, "secs": 0.19}
{"seed": 9310107, "family": "quad", "window_frac": 0.1, "f": 0.95, "status": "ok", "t_c": 22910, "t_fc": 23048, "err_cross": -4, "err_lag": -5, "err_ref": -4, "secs": 0.19}
{"seed": 9310107, "family": "quad", "window_frac": 0.1, "f": 0.98, "status": "ok", "t_c": 22943, "t_fc": 23048, "err_cross": -4, "err_lag": -4, "err_ref": -4, "secs": 0.2}
{"seed": 9310107, "family": "quad", "window_frac": 0.25, "f": 0.8, "status": "ok", "t_c": 22752, "t_fc": 23077, "err_cross": 25, "err_lag": -10, "err_ref": -4, "secs": 0.19}
{"seed": 9310107, "family": "quad", "window_frac": 0.25, "f": 0.9, "status": "ok", "t_c": 22856, "t_fc": 23051, "err_cross": -1, "err_lag": -6, "err_ref": -4, "secs": 0.19}
{"seed": 9310107, "family": "quad", "window_frac": 0.25, "f": 0.95, "status": "ok", "t_c": 22910, "t_fc": 23048, "err_cross": -4, "err_lag": -6, "err_ref": -4, "secs": 0.2}
{"seed": 9310107, "family": "quad", "window_frac": 0.25, "f": 0.98, "status": "ok", "t_c": 22943, "t_fc": 23048, "err_cross": -4, "err_lag": -5, "err_ref": -4, "secs": 0.19}
{"seed": 9310107, "family": "rate", "window_frac": 0.05, "f": 0.8, "status": "ok", "t_c": 22752, "t_fc": 23055, "err_cross": 3, "err_lag": -5, "err_ref": -4, "secs": 0.19}
{"seed": 9310107, "family": "rate", "window_frac": 0.05, "f": 0.9, "status": "ok", "t_c": 22856, "t_fc": 23049, "err_cross": -3, "err_lag": -4, "err_ref": -4, "secs": 0.2}
{"seed": 9310107, "family": "rate", "window_frac": 0.05, "f": 0.95, "status": "ok", "t_c": 22910, "t_fc": 23048, "err_cross": -4, "err_lag": -5, "err_ref": -4, "secs": 0.19}
{"seed": 9310107, "family": "rate", "window_frac": 0.05, "f": 0.98, "status": "ok", "t_c": 22943, "t_fc": 23048, "err_cross": -4, "err_lag": -4, "err_ref": -4, "secs": 0.2}
{"seed": 9310107, "family": "rate", "window_frac": 0.1, "f": 0.8, "status": "ok", "t_c": 22752, "t_fc": 23055, "err_cross": 3, "err_lag": -5, "err_ref": -4, "secs": 0.2}
{"seed": 9310107, "family": "rate", "window_frac": 0.1, "f": 0.9, "status": "ok", "t_c": 22856, "t_fc": 23049, "err_cross": -3, "err_lag": -4, "err_ref": -4, "secs": 0.19}
{"seed": 9310107, "family": "rate", "window_frac": 0.1, "f": 0.95, "status": "ok", "t_c": 22910, "t_fc": 23048, "err_cross": -4, "err_lag": -5, "err_ref": -4, "secs": 0.2}
{"seed": 9310107, "family": "rate", "window_frac": 0.1, "f": 0.98, "status": "ok", "t_c": 22943, "t_fc": 23048, "err_cross": -4, "err_lag": -4, "err_ref": -4, "secs": 0.2}
{"seed": 9310107, "family": "rate", "window_frac": 0.25, "f": 0.8, "status": "ok", "t_c": 22752, "t_fc": 23057, "err_cross": 5, "err_lag": -5, "err_ref": -4, "secs": 0.19}
{"seed": 9310107, "family": "rate", "window_frac": 0.25, "f": 0.9, "status": "ok", "t_c": 22856, "t_fc": 23049, "err_cross": -3, "err_lag": -5, "err_ref": -4, "secs": 0.19}
{"seed": 9310107, "family": "rate", "window_frac": 0.25, "f": 0.95, "status": "ok", "t_c": 22910, "t_fc": 23048, "err_cross": -4, "err_lag": -5, "err_ref": -4, "secs": 0.2}
{"seed": 9310107, "family": "rate", "window_frac": 0.25, "f": 0.98, "status": "ok", "t_c": 22943, "t_fc": 23048, "err_cross": -4, "err_lag": -5, "err_ref": -4, "secs": 0.19}
{"seed": 9310107, "family": "lin", "window_frac": 0.05, "f": 0.8, "status": "ok", "t_c": 22752, "t_fc": 23008, "err_cross": -44, "err_lag": -2, "err_ref": -4, "secs": 0.19}
{"seed": 9310107, "family": "lin", "window_frac": 0.05, "f": 0.9, "status": "ok", "t_c": 22856, "t_fc": 23038, "err_cross": -14, "err_lag": -2, "err_ref": -4, "secs": 0.2}
{"seed": 9310107, "family": "lin", "window_frac": 0.05, "f": 0.95, "status": "ok", "t_c": 22910, "t_fc": 23046, "err_cross": -6, "err_lag": -2, "err_ref": -4, "secs": 0.19}
{"seed": 9310107, "family": "lin", "window_frac": 0.05, "f": 0.98, "status": "ok", "t_c": 22943, "t_fc": 23049, "err_cross": -3, "err_lag": -2, "err_ref": -4, "secs": 0.19}
{"seed": 9310107, "family": "lin", "window_frac": 0.1, "f": 0.8, "status": "ok", "t_c": 22752, "t_fc": 23008, "err_cross": -44, "err_lag": -2, "err_ref": -4, "secs": 0.2}
{"seed": 9310107, "family": "lin", "window_frac": 0.1, "f": 0.9, "status": "ok", "t_c": 22856, "t_fc": 23038, "err_cross": -14, "err_lag": -2, "err_ref": -4, "secs": 0.2}
{"seed": 9310107, "family": "lin", "window_frac": 0.1, "f": 0.95, "status": "ok", "t_c": 22910, "t_fc": 23046, "err_cross": -6, "err_lag": -2, "err_ref": -4, "secs": 0.22}
{"seed": 9310107, "family": "lin", "window_frac": 0.1, "f": 0.98, "status": "ok", "t_c": 22943, "t_fc": 23049, "err_cross": -3, "err_lag": -2, "err_ref": -4, "secs": 0.19}
{"seed": 9310107, "family": "lin", "window_frac": 0.25, "f": 0.8, "status": "ok", "t_c": 22752, "t_fc": 23003, "err_cross": -49, "err_lag": -1, "err_ref": -4, "secs": 0.19}
{"seed": 9310107, "family": "lin", "window_frac": 0.25, "f": 0.9, "status": "ok", "t_c": 22856, "t_fc": 23033, "err_cross": -19, "err_lag": -2, "err_ref": -4, "secs": 0.19}
{"seed": 9310107, "family": "lin", "window_frac": 0.25, "f": 0.95, "status": "ok", "t_c": 22910, "t_fc": 23043, "err_cross": -9, "err_lag": -2, "err_ref": -4, "secs": 0.19}
{"seed": 9310107, "family": "lin", "window_frac": 0.25, "f": 0.98, "status": "ok", "t_c": 22943, "t_fc": 23048, "err_cross": -4, "err_lag": -2, "err_ref": -4, "secs": 0.19}
{"seed": 9310108, "family": "quad", "window_frac": 0.05, "f": 0.8, "status": "no cutoff: s never reaches f\u00b7s_ref in the saved path", "t_c": null, "t_fc": null, "err_cross": null, "err_lag": null, "err_ref": null, "secs": 0.0}
{"seed": 9310108, "family": "quad", "window_frac": 0.05, "f": 0.9, "status": "no cutoff: s never reaches f\u00b7s_ref in the saved path", "t_c": null, "t_fc": null, "err_cross": null, "err_lag": null, "err_ref": null, "secs": 0.0}
{"seed": 9310108, "family": "quad", "window_frac": 0.05, "f": 0.95, "status": "no cutoff: s never reaches f\u00b7s_ref in the saved path", "t_c": null, "t_fc": null, "err_cross": null, "err_lag": null, "err_ref": null, "secs": 0.0}
{"seed": 9310108, "family": "quad", "window_frac": 0.05, "f": 0.98, "status": "no cutoff: s never reaches f\u00b7s_ref in the saved path", "t_c": null, "t_fc": null, "err_cross": null, "err_lag": null, "err_ref": null, "secs": 0.0}
{"seed": 9310108, "family": "quad", "window_frac": 0.1, "f": 0.8, "status": "no cutoff: s never reaches f\u00b7s_ref in the saved path", "t_c": null, "t_fc": null, "err_cross": null, "err_lag": null, "err_ref": null, "secs": 0.0}
{"seed": 9310108, "family": "quad", "window_frac": 0.1, "f": 0.9, "status": "no cutoff: s never reaches f\u00b7s_ref in the saved path", "t_c": null, "t_fc": null, "err_cross": null, "err_lag": null, "err_ref": null, "secs": 0.0}
{"seed": 9310108, "family": "quad", "window_frac": 0.1, "f": 0.95, "status": "no cutoff: s never reaches f\u00b7s_ref in the saved path", "t_c": null, "t_fc": null, "err_cross": null, "err_lag": null, "err_ref": null, "secs": 0.0}
{"seed": 9310108, "family": "quad", "window_frac": 0.1, "f": 0.98, "status": "no cutoff: s never reaches f\u00b7s_ref in the saved path", "t_c": null, "t_fc": null, "err_cross": null, "err_lag": null, "err_ref": null, "secs": 0.0}
{"seed": 9310108, "family": "quad", "window_frac": 0.25, "f": 0.8, "status": "no cutoff: s never reaches f\u00b7s_ref in the saved path", "t_c": null, "t_fc": null, "err_cross": null, "err_lag": null, "err_ref": null, "secs": 0.0}
{"seed": 9310108, "family": "quad", "window_frac": 0.25, "f": 0.9, "status": "no cutoff: s never reaches f\u00b7s_ref in the saved path", "t_c": null, "t_fc": null, "err_cross": null, "err_lag": null, "err_ref": null, "secs": 0.0}
{"seed": 9310108, "family": "quad", "window_frac": 0.25, "f": 0.95, "status": "no cutoff: s never reaches f\u00b7s_ref in the saved path", "t_c": null, "t_fc": null, "err_cross": null, "err_lag": null, "err_ref": null, "secs": 0.0}
{"seed": 9310108, "family": "quad", "window_frac": 0.25, "f": 0.98, "status": "no cutoff: s never reaches f\u00b7s_ref in the saved path", "t_c": null, "t_fc": null, "err_cross": null, "err_lag": null, "err_ref": null, "secs": 0.0}
{"seed": 9310108, "family": "rate", "window_frac": 0.05, "f": 0.8, "status": "no cutoff: s never reaches f\u00b7s_ref in the saved path", "t_c": null, "t_fc": null, "err_cross": null, "err_lag": null, "err_ref": null, "secs": 0.0}
{"seed": 9310108, "family": "rate", "window_frac": 0.05, "f": 0.9, "status": "no cutoff: s never reaches f\u00b7s_ref in the saved path", "t_c": null, "t_fc": null, "err_cross": null, "err_lag": null, "err_ref": null, "secs": 0.0}
{"seed": 9310108, "family": "rate", "window_frac": 0.05, "f": 0.95, "status": "no cutoff: s never reaches f\u00b7s_ref in the saved path", "t_c": null, "t_fc": null, "err_cross": null, "err_lag": null, "err_ref": null, "secs": 0.0}
{"seed": 9310108, "family": "rate", "window_frac": 0.05, "f": 0.98, "status": "no cutoff: s never reaches f\u00b7s_ref in the saved path", "t_c": null, "t_fc": null, "err_cross": null, "err_lag": null, "err_ref": null, "secs": 0.0}
{"seed": 9310108, "family": "rate", "window_frac": 0.1, "f": 0.8, "status": "no cutoff: s never reaches f\u00b7s_ref in the saved path", "t_c": null, "t_fc": null, "err_cross": null, "err_lag": null, "err_ref": null, "secs": 0.0}
{"seed": 9310108, "family": "rate", "window_frac": 0.1, "f": 0.9, "status": "no cutoff: s never reaches f\u00b7s_ref in the saved path", "t_c": null, "t_fc": null, "err_cross": null, "err_lag": null, "err_ref": null, "secs": 0.0}
{"seed": 9310108, "family": "rate", "window_frac": 0.1, "f": 0.95, "status": "no cutoff: s never reaches f\u00b7s_ref in the saved path", "t_c": null, "t_fc": null, "err_cross": null, "err_lag": null, "err_ref": null, "secs": 0.0}
{"seed": 9310108, "family": "rate", "window_frac": 0.1, "f": 0.98, "status": "no cutoff: s never reaches f\u00b7s_ref in the saved path", "t_c": null, "t_fc": null, "err_cross": null, "err_lag": null, "err_ref": null, "secs": 0.0}
{"seed": 9310108, "family": "rate", "window_frac": 0.25, "f": 0.8, "status": "no cutoff: s never reaches f\u00b7s_ref in the saved path", "t_c": null, "t_fc": null, "err_cross": null, "err_lag": null, "err_ref": null, "secs": 0.0}
{"seed": 9310108, "family": "rate", "window_frac": 0.25, "f": 0.9, "status": "no cutoff: s never reaches f\u00b7s_ref in the saved path", "t_c": null, "t_fc": null, "err_cross": null, "err_lag": null, "err_ref": null, "secs": 0.0}
{"seed": 9310108, "family": "rate", "window_frac": 0.25, "f": 0.95, "status": "no cutoff: s never reaches f\u00b7s_ref in the saved path", "t_c": null, "t_fc": null, "err_cross": null, "err_lag": null, "err_ref": null, "secs": 0.0}
{"seed": 9310108, "family": "rate", "window_frac": 0.25, "f": 0.98, "status": "no cutoff: s never reaches f\u00b7s_ref in the saved path", "t_c": null, "t_fc": null, "err_cross": null, "err_lag": null, "err_ref": null, "secs": 0.0}
{"seed": 9310108, "family": "lin", "window_frac": 0.05, "f": 0.8, "status": "no cutoff: s never reaches f\u00b7s_ref in the saved path", "t_c": null, "t_fc": null, "err_cross": null, "err_lag": null, "err_ref": null, "secs": 0.0}
{"seed": 9310108, "family": "lin", "window_frac": 0.05, "f": 0.9, "status": "no cutoff: s never reaches f\u00b7s_ref in the saved path", "t_c": null, "t_fc": null, "err_cross": null, "err_lag": null, "err_ref": null, "secs": 0.0}
{"seed": 9310108, "family": "lin", "window_frac": 0.05, "f": 0.95, "status": "no cutoff: s never reaches f\u00b7s_ref in the saved path", "t_c": null, "t_fc": null, "err_cross": null, "err_lag": null, "err_ref": null, "secs": 0.0}
{"seed": 9310108, "family": "lin", "window_frac": 0.05, "f": 0.98, "status": "no cutoff: s never reaches f\u00b7s_ref in the saved path", "t_c": null, "t_fc": null, "err_cross": null, "err_lag": null, "err_ref": null, "secs": 0.0}
{"seed": 9310108, "family": "lin", "window_frac": 0.1, "f": 0.8, "status": "no cutoff: s never reaches f\u00b7s_ref in the saved path", "t_c": null, "t_fc": null, "err_cross": null, "err_lag": null, "err_ref": null, "secs": 0.0}
{"seed": 9310108, "family": "lin", "window_frac": 0.1, "f": 0.9, "status": "no cutoff: s never reaches f\u00b7s_ref in the saved path", "t_c": null, "t_fc": null, "err_cross": null, "err_lag": null, "err_ref": null, "secs": 0.0}
{"seed": 9310108, "family": "lin", "window_frac": 0.1, "f": 0.95, "status": "no cutoff: s never reaches f\u00b7s_ref in the saved path", "t_c": null, "t_fc": null, "err_cross": null, "err_lag": null, "err_ref": null, "secs": 0.0}
{"seed": 9310108, "family": "lin", "window_frac": 0.1, "f": 0.98, "status": "no cutoff: s never reaches f\u00b7s_ref in the saved path", "t_c": null, "t_fc": null, "err_cross": null, "err_lag": null, "err_ref": null, "secs": 0.0}
{"seed": 9310108, "family": "lin", "window_frac": 0.25, "f": 0.8, "status": "no cutoff: s never reaches f\u00b7s_ref in the saved path", "t_c": null, "t_fc": null, "err_cross": null, "err_lag": null, "err_ref": null, "secs": 0.0}
{"seed": 9310108, "family": "lin", "window_frac": 0.25, "f": 0.9, "status": "no cutoff: s never reaches f\u00b7s_ref in the saved path", "t_c": null, "t_fc": null, "err_cross": null, "err_lag": null, "err_ref": null, "secs": 0.0}
{"seed": 9310108, "family": "lin", "window_frac": 0.25, "f": 0.95, "status": "no cutoff: s never reaches f\u00b7s_ref in the saved path", "t_c": null, "t_fc": null, "err_cross": null, "err_lag": null, "err_ref": null, "secs": 0.0}
{"seed": 9310108, "family": "lin", "window_frac": 0.25, "f": 0.98, "status": "no cutoff: s never reaches f\u00b7s_ref in the saved path", "t_c": null, "t_fc": null, "err_cross": null, "err_lag": null, "err_ref": null, "secs": 0.0}
{"seed": 9310109, "family": "quad", "window_frac": 0.05, "f": 0.8, "status": "ok", "t_c": 574, "t_fc": 895, "err_cross": 15, "err_lag": -10, "err_ref": -4, "secs": 0.28}
{"seed": 9310109, "family": "quad", "window_frac": 0.05, "f": 0.9, "status": "ok", "t_c": 678, "t_fc": 876, "err_cross": -4, "err_lag": -7, "err_ref": -4, "secs": 0.28}
{"seed": 9310109, "family": "quad", "window_frac": 0.05, "f": 0.95, "status": "ok", "t_c": 732, "t_fc": 875, "err_cross": -5, "err_lag": -6, "err_ref": -4, "secs": 0.28}
{"seed": 9310109, "family": "quad", "window_frac": 0.05, "f": 0.98, "status": "ok", "t_c": 765, "t_fc": 875, "err_cross": -5, "err_lag": -5, "err_ref": -4, "secs": 0.28}
{"seed": 9310109, "family": "quad", "window_frac": 0.1, "f": 0.8, "status": "ok", "t_c": 574, "t_fc": 895, "err_cross": 15, "err_lag": -10, "err_ref": -4, "secs": 0.19}
{"seed": 9310109, "family": "quad", "window_frac": 0.1, "f": 0.9, "status": "ok", "t_c": 678, "t_fc": 876, "err_cross": -4, "err_lag": -7, "err_ref": -4, "secs": 0.19}
{"seed": 9310109, "family": "quad", "window_frac": 0.1, "f": 0.95, "status": "ok", "t_c": 732, "t_fc": 875, "err_cross": -5, "err_lag": -6, "err_ref": -4, "secs": 0.19}
{"seed": 9310109, "family": "quad", "window_frac": 0.1, "f": 0.98, "status": "ok", "t_c": 765, "t_fc": 875, "err_cross": -5, "err_lag": -5, "err_ref": -4, "secs": 0.19}
{"seed": 9310109, "family": "quad", "window_frac": 0.25, "f": 0.8, "status": "ok", "t_c": 574, "t_fc": 904, "err_cross": 24, "err_lag": -12, "err_ref": -4, "secs": 0.19}
{"seed": 9310109, "family": "quad", "window_frac": 0.25, "f": 0.9, "status": "ok", "t_c": 678, "t_fc": 878, "err_cross": -2, "err_lag": -7, "err_ref": -4, "secs": 0.19}
{"seed": 9310109, "family": "quad", "window_frac": 0.25, "f": 0.95, "status": "ok", "t_c": 732, "t_fc": 875, "err_cross": -5, "err_lag": -7, "err_ref": -4, "secs": 0.2}
{"seed": 9310109, "family": "quad", "window_frac": 0.25, "f": 0.98, "status": "ok", "t_c": 765, "t_fc": 875, "err_cross": -5, "err_lag": -6, "err_ref": -4, "secs": 0.19}
{"seed": 9310109, "family": "rate", "window_frac": 0.05, "f": 0.8, "status": "ok", "t_c": 574, "t_fc": 882, "err_cross": 2, "err_lag": -6, "err_ref": -4, "secs": 0.19}
{"seed": 9310109, "family": "rate", "window_frac": 0.05, "f": 0.9, "status": "ok", "t_c": 678, "t_fc": 876, "err_cross": -4, "err_lag": -5, "err_ref": -4, "secs": 0.19}
{"seed": 9310109, "family": "rate", "window_frac": 0.05, "f": 0.95, "status": "ok", "t_c": 732, "t_fc": 875, "err_cross": -5, "err_lag": -6, "err_ref": -4, "secs": 0.19}
{"seed": 9310109, "family": "rate", "window_frac": 0.05, "f": 0.98, "status": "ok", "t_c": 765, "t_fc": 875, "err_cross": -5, "err_lag": -5, "err_ref": -4, "secs": 0.19}
{"seed": 9310109, "family": "rate", "window_frac": 0.1, "f": 0.8, "status": "ok", "t_c": 574, "t_fc": 882, "err_cross": 2, "err_lag": -6, "err_ref": -4, "secs": 0.19}
{"seed": 9310109, "family": "rate", "window_frac": 0.1, "f": 0.9, "status": "ok", "t_c": 678, "t_fc": 876, "err_cross": -4, "err_lag": -5, "err_ref": -4, "secs": 0.19}
{"seed": 9310109, "family": "rate", "window_frac": 0.1, "f": 0.95, "status": "ok", "t_c": 732, "t_fc": 875, "err_cross": -5, "err_lag": -6, "err_ref": -4, "secs": 0.2}
{"seed": 9310109, "family": "rate", "window_frac": 0.1, "f": 0.98, "status": "ok", "t_c": 765, "t_fc": 875, "err_cross": -5, "err_lag": -5, "err_ref": -4, "secs": 0.19}
{"seed": 9310109, "family": "rate", "window_frac": 0.25, "f": 0.8, "status": "ok", "t_c": 574, "t_fc": 884, "err_cross": 4, "err_lag": -7, "err_ref": -4, "secs": 0.19}
{"seed": 9310109, "family": "rate", "window_frac": 0.25, "f": 0.9, "status": "ok", "t_c": 678, "t_fc": 877, "err_cross": -3, "err_lag": -5, "err_ref": -4, "secs": 0.19}
{"seed": 9310109, "family": "rate", "window_frac": 0.25, "f": 0.95, "status": "ok", "t_c": 732, "t_fc": 876, "err_cross": -4, "err_lag": -5, "err_ref": -4, "secs": 0.19}
{"seed": 9310109, "family": "rate", "window_frac": 0.25, "f": 0.98, "status": "ok", "t_c": 765, "t_fc": 875, "err_cross": -5, "err_lag": -6, "err_ref": -4, "secs": 0.19}
{"seed": 9310109, "family": "lin", "window_frac": 0.05, "f": 0.8, "status": "ok", "t_c": 574, "t_fc": 836, "err_cross": -44, "err_lag": -2, "err_ref": -4, "secs": 0.19}
{"seed": 9310109, "family": "lin", "window_frac": 0.05, "f": 0.9, "status": "ok", "t_c": 678, "t_fc": 866, "err_cross": -14, "err_lag": -2, "err_ref": -4, "secs": 0.19}
{"seed": 9310109, "family": "lin", "window_frac": 0.05, "f": 0.95, "status": "ok", "t_c": 732, "t_fc": 874, "err_cross": -6, "err_lag": -2, "err_ref": -4, "secs": 0.19}
{"seed": 9310109, "family": "lin", "window_frac": 0.05, "f": 0.98, "status": "ok", "t_c": 765, "t_fc": 877, "err_cross": -3, "err_lag": -2, "err_ref": -4, "secs": 0.2}
{"seed": 9310109, "family": "lin", "window_frac": 0.1, "f": 0.8, "status": "ok", "t_c": 574, "t_fc": 836, "err_cross": -44, "err_lag": -2, "err_ref": -4, "secs": 0.19}
{"seed": 9310109, "family": "lin", "window_frac": 0.1, "f": 0.9, "status": "ok", "t_c": 678, "t_fc": 866, "err_cross": -14, "err_lag": -2, "err_ref": -4, "secs": 0.19}
{"seed": 9310109, "family": "lin", "window_frac": 0.1, "f": 0.95, "status": "ok", "t_c": 732, "t_fc": 874, "err_cross": -6, "err_lag": -2, "err_ref": -4, "secs": 0.2}
{"seed": 9310109, "family": "lin", "window_frac": 0.1, "f": 0.98, "status": "ok", "t_c": 765, "t_fc": 877, "err_cross": -3, "err_lag": -2, "err_ref": -4, "secs": 0.19}
{"seed": 9310109, "family": "lin", "window_frac": 0.25, "f": 0.8, "status": "ok", "t_c": 574, "t_fc": 830, "err_cross": -50, "err_lag": -2, "err_ref": -4, "secs": 0.19}
{"seed": 9310109, "family": "lin", "window_frac": 0.25, "f": 0.9, "status": "ok", "t_c": 678, "t_fc": 861, "err_cross": -19, "err_lag": -2, "err_ref": -4, "secs": 0.2}
{"seed": 9310109, "family": "lin", "window_frac": 0.25, "f": 0.95, "status": "ok", "t_c": 732, "t_fc": 871, "err_cross": -9, "err_lag": -2, "err_ref": -4, "secs": 0.19}
{"seed": 9310109, "family": "lin", "window_frac": 0.25, "f": 0.98, "status": "ok", "t_c": 765, "t_fc": 876, "err_cross": -4, "err_lag": -2, "err_ref": -4, "secs": 0.19}
{"seed": 9310110, "family": "quad", "window_frac": 0.05, "f": 0.8, "status": "ok", "t_c": 589, "t_fc": 913, "err_cross": 18, "err_lag": -7, "err_ref": -4, "secs": 0.28}
{"seed": 9310110, "family": "quad", "window_frac": 0.05, "f": 0.9, "status": "ok", "t_c": 696, "t_fc": 892, "err_cross": -3, "err_lag": -5, "err_ref": -4, "secs": 0.28}
{"seed": 9310110, "family": "quad", "window_frac": 0.05, "f": 0.95, "status": "ok", "t_c": 753, "t_fc": 891, "err_cross": -4, "err_lag": -4, "err_ref": -4, "secs": 0.28}
{"seed": 9310110, "family": "quad", "window_frac": 0.05, "f": 0.98, "status": "ok", "t_c": 787, "t_fc": 891, "err_cross": -4, "err_lag": -4, "err_ref": -4, "secs": 0.29}
{"seed": 9310110, "family": "quad", "window_frac": 0.1, "f": 0.8, "status": "ok", "t_c": 589, "t_fc": 913, "err_cross": 18, "err_lag": -7, "err_ref": -4, "secs": 0.2}
{"seed": 9310110, "family": "quad", "window_frac": 0.1, "f": 0.9, "status": "ok", "t_c": 696, "t_fc": 892, "err_cross": -3, "err_lag": -5, "err_ref": -4, "secs": 0.19}
{"seed": 9310110, "family": "quad", "window_frac": 0.1, "f": 0.95, "status": "ok", "t_c": 753, "t_fc": 891, "err_cross": -4, "err_lag": -4, "err_ref": -4, "secs": 0.2}
{"seed": 9310110, "family": "quad", "window_frac": 0.1, "f": 0.98, "status": "ok", "t_c": 787, "t_fc": 891, "err_cross": -4, "err_lag": -4, "err_ref": -4, "secs": 0.19}
{"seed": 9310110, "family": "quad", "window_frac": 0.25, "f": 0.8, "status": "ok", "t_c": 589, "t_fc": 925, "err_cross": 30, "err_lag": -8, "err_ref": -4, "secs": 0.19}
{"seed": 9310110, "family": "quad", "window_frac": 0.25, "f": 0.9, "status": "ok", "t_c": 696, "t_fc": 895, "err_cross": 0, "err_lag": -4, "err_ref": -4, "secs": 0.2}
{"seed": 9310110, "family": "quad", "window_frac": 0.25, "f": 0.95, "status": "ok", "t_c": 753, "t_fc": 891, "err_cross": -4, "err_lag": -5, "err_ref": -4, "secs": 0.19}
{"seed": 9310110, "family": "quad", "window_frac": 0.25, "f": 0.98, "status": "ok", "t_c": 787, "t_fc": 891, "err_cross": -4, "err_lag": -4, "err_ref": -4, "secs": 0.19}
{"seed": 9310110, "family": "rate", "window_frac": 0.05, "f": 0.8, "status": "ok", "t_c": 589, "t_fc": 899, "err_cross": 4, "err_lag": -4, "err_ref": -4, "secs": 0.2}
{"seed": 9310110, "family": "rate", "window_frac": 0.05, "f": 0.9, "status": "ok", "t_c": 696, "t_fc": 892, "err_cross": -3, "err_lag": -3, "err_ref": -4, "secs": 0.19}
{"seed": 9310110, "family": "rate", "window_frac": 0.05, "f": 0.95, "status": "ok", "t_c": 753, "t_fc": 891, "err_cross": -4, "err_lag": -4, "err_ref": -4, "secs": 0.19}
{"seed": 9310110, "family": "rate", "window_frac": 0.05, "f": 0.98, "status": "ok", "t_c": 787, "t_fc": 891, "err_cross": -4, "err_lag": -4, "err_ref": -4, "secs": 0.19}
{"seed": 9310110, "family": "rate", "window_frac": 0.1, "f": 0.8, "status": "ok", "t_c": 589, "t_fc": 899, "err_cross": 4, "err_lag": -4, "err_ref": -4, "secs": 0.2}
{"seed": 9310110, "family": "rate", "window_frac": 0.1, "f": 0.9, "status": "ok", "t_c": 696, "t_fc": 892, "err_cross": -3, "err_lag": -3, "err_ref": -4, "secs": 0.2}
{"seed": 9310110, "family": "rate", "window_frac": 0.1, "f": 0.95, "status": "ok", "t_c": 753, "t_fc": 891, "err_cross": -4, "err_lag": -4, "err_ref": -4, "secs": 0.22}
{"seed": 9310110, "family": "rate", "window_frac": 0.1, "f": 0.98, "status": "ok", "t_c": 787, "t_fc": 891, "err_cross": -4, "err_lag": -4, "err_ref": -4, "secs": 0.19}
{"seed": 9310110, "family": "rate", "window_frac": 0.25, "f": 0.8, "status": "ok", "t_c": 589, "t_fc": 901, "err_cross": 6, "err_lag": -4, "err_ref": -4, "secs": 0.19}
{"seed": 9310110, "family": "rate", "window_frac": 0.25, "f": 0.9, "status": "ok", "t_c": 696, "t_fc": 893, "err_cross": -2, "err_lag": -3, "err_ref": -4, "secs": 0.2}
{"seed": 9310110, "family": "rate", "window_frac": 0.25, "f": 0.95, "status": "ok", "t_c": 753, "t_fc": 891, "err_cross": -4, "err_lag": -4, "err_ref": -4, "secs": 0.19}
{"seed": 9310110, "family": "rate", "window_frac": 0.25, "f": 0.98, "status": "ok", "t_c": 787, "t_fc": 891, "err_cross": -4, "err_lag": -4, "err_ref": -4, "secs": 0.19}
{"seed": 9310110, "family": "lin", "window_frac": 0.05, "f": 0.8, "status": "ok", "t_c": 589, "t_fc": 849, "err_cross": -46, "err_lag": -2, "err_ref": -4, "secs": 0.2}
{"seed": 9310110, "family": "lin", "window_frac": 0.05, "f": 0.9, "status": "ok", "t_c": 696, "t_fc": 880, "err_cross": -15, "err_lag": -1, "err_ref": -4, "secs": 0.19}
{"seed": 9310110, "family": "lin", "window_frac": 0.05, "f": 0.95, "status": "ok", "t_c": 753, "t_fc": 889, "err_cross": -6, "err_lag": -1, "err_ref": -4, "secs": 0.2}
{"seed": 9310110, "family": "lin", "window_frac": 0.05, "f": 0.98, "status": "ok", "t_c": 787, "t_fc": 892, "err_cross": -3, "err_lag": -1, "err_ref": -4, "secs": 0.19}
{"seed": 9310110, "family": "lin", "window_frac": 0.1, "f": 0.8, "status": "ok", "t_c": 589, "t_fc": 849, "err_cross": -46, "err_lag": -2, "err_ref": -4, "secs": 0.19}
{"seed": 9310110, "family": "lin", "window_frac": 0.1, "f": 0.9, "status": "ok", "t_c": 696, "t_fc": 880, "err_cross": -15, "err_lag": -1, "err_ref": -4, "secs": 0.2}
{"seed": 9310110, "family": "lin", "window_frac": 0.1, "f": 0.95, "status": "ok", "t_c": 753, "t_fc": 889, "err_cross": -6, "err_lag": -1, "err_ref": -4, "secs": 0.19}
{"seed": 9310110, "family": "lin", "window_frac": 0.1, "f": 0.98, "status": "ok", "t_c": 787, "t_fc": 892, "err_cross": -3, "err_lag": -1, "err_ref": -4, "secs": 0.19}
{"seed": 9310110, "family": "lin", "window_frac": 0.25, "f": 0.8, "status": "ok", "t_c": 589, "t_fc": 843, "err_cross": -52, "err_lag": -1, "err_ref": -4, "secs": 0.19}
{"seed": 9310110, "family": "lin", "window_frac": 0.25, "f": 0.9, "status": "ok", "t_c": 696, "t_fc": 874, "err_cross": -21, "err_lag": -2, "err_ref": -4, "secs": 0.19}
{"seed": 9310110, "family": "lin", "window_frac": 0.25, "f": 0.95, "status": "ok", "t_c": 753, "t_fc": 886, "err_cross": -9, "err_lag": -1, "err_ref": -4, "secs": 0.2}
{"seed": 9310110, "family": "lin", "window_frac": 0.25, "f": 0.98, "status": "ok", "t_c": 787, "t_fc": 890, "err_cross": -5, "err_lag": -2, "err_ref": -4, "secs": 0.19}
{"seed": 9310111, "family": "quad", "window_frac": 0.05, "f": 0.8, "status": "ok", "t_c": 575, "t_fc": 924, "err_cross": 18, "err_lag": -9, "err_ref": -4, "secs": 0.28}
{"seed": 9310111, "family": "quad", "window_frac": 0.05, "f": 0.9, "status": "ok", "t_c": 690, "t_fc": 902, "err_cross": -4, "err_lag": -6, "err_ref": -4, "secs": 0.28}
{"seed": 9310111, "family": "quad", "window_frac": 0.05, "f": 0.95, "status": "ok", "t_c": 750, "t_fc": 901, "err_cross": -5, "err_lag": -5, "err_ref": -4, "secs": 0.29}
{"seed": 9310111, "family": "quad", "window_frac": 0.05, "f": 0.98, "status": "ok", "t_c": 788, "t_fc": 901, "err_cross": -5, "err_lag": -5, "err_ref": -4, "secs": 0.29}
{"seed": 9310111, "family": "quad", "window_frac": 0.1, "f": 0.8, "status": "ok", "t_c": 575, "t_fc": 924, "err_cross": 18, "err_lag": -9, "err_ref": -4, "secs": 0.2}
{"seed": 9310111, "family": "quad", "window_frac": 0.1, "f": 0.9, "status": "ok", "t_c": 690, "t_fc": 902, "err_cross": -4, "err_lag": -6, "err_ref": -4, "secs": 0.19}
{"seed": 9310111, "family": "quad", "window_frac": 0.1, "f": 0.95, "status": "ok", "t_c": 750, "t_fc": 901, "err_cross": -5, "err_lag": -5, "err_ref": -4, "secs": 0.2}
{"seed": 9310111, "family": "quad", "window_frac": 0.1, "f": 0.98, "status": "ok", "t_c": 788, "t_fc": 901, "err_cross": -5, "err_lag": -5, "err_ref": -4, "secs": 0.19}
{"seed": 9310111, "family": "quad", "window_frac": 0.25, "f": 0.8, "status": "ok", "t_c": 575, "t_fc": 938, "err_cross": 32, "err_lag": -11, "err_ref": -4, "secs": 0.19}
{"seed": 9310111, "family": "quad", "window_frac": 0.25, "f": 0.9, "status": "ok", "t_c": 690, "t_fc": 905, "err_cross": -1, "err_lag": -6, "err_ref": -4, "secs": 0.2}
{"seed": 9310111, "family": "quad", "window_frac": 0.25, "f": 0.95, "status": "ok", "t_c": 750, "t_fc": 902, "err_cross": -4, "err_lag": -5, "err_ref": -4, "secs": 0.19}
{"seed": 9310111, "family": "quad", "window_frac": 0.25, "f": 0.98, "status": "ok", "t_c": 788, "t_fc": 901, "err_cross": -5, "err_lag": -5, "err_ref": -4, "secs": 0.2}
{"seed": 9310111, "family": "rate", "window_frac": 0.05, "f": 0.8, "status": "ok", "t_c": 575, "t_fc": 909, "err_cross": 3, "err_lag": -5, "err_ref": -4, "secs": 0.19}
{"seed": 9310111, "family": "rate", "window_frac": 0.05, "f": 0.9, "status": "ok", "t_c": 690, "t_fc": 902, "err_cross": -4, "err_lag": -5, "err_ref": -4, "secs": 0.2}
{"seed": 9310111, "family": "rate", "window_frac": 0.05, "f": 0.95, "status": "ok", "t_c": 750, "t_fc": 901, "err_cross": -5, "err_lag": -5, "err_ref": -4, "secs": 0.2}
{"seed": 9310111, "family": "rate", "window_frac": 0.05, "f": 0.98, "status": "ok", "t_c": 788, "t_fc": 901, "err_cross": -5, "err_lag": -5, "err_ref": -4, "secs": 0.19}
{"seed": 9310111, "family": "rate", "window_frac": 0.1, "f": 0.8, "status": "ok", "t_c": 575, "t_fc": 909, "err_cross": 3, "err_lag": -5, "err_ref": -4, "secs": 0.2}
{"seed": 9310111, "family": "rate", "window_frac": 0.1, "f": 0.9, "status": "ok", "t_c": 690, "t_fc": 902, "err_cross": -4, "err_lag": -5, "err_ref": -4, "secs": 0.19}
{"seed": 9310111, "family": "rate", "window_frac": 0.1, "f": 0.95, "status": "ok", "t_c": 750, "t_fc": 901, "err_cross": -5, "err_lag": -5, "err_ref": -4, "secs": 0.19}
{"seed": 9310111, "family": "rate", "window_frac": 0.1, "f": 0.98, "status": "ok", "t_c": 788, "t_fc": 901, "err_cross": -5, "err_lag": -5, "err_ref": -4, "secs": 0.2}
{"seed": 9310111, "family": "rate", "window_frac": 0.25, "f": 0.8, "status": "ok", "t_c": 575, "t_fc": 912, "err_cross": 6, "err_lag": -6, "err_ref": -4, "secs": 0.19}
{"seed": 9310111, "family": "rate", "window_frac": 0.25, "f": 0.9, "status": "ok", "t_c": 690, "t_fc": 903, "err_cross": -3, "err_lag": -5, "err_ref": -4, "secs": 0.2}
{"seed": 9310111, "family": "rate", "window_frac": 0.25, "f": 0.95, "status": "ok", "t_c": 750, "t_fc": 902, "err_cross": -4, "err_lag": -4, "err_ref": -4, "secs": 0.19}
{"seed": 9310111, "family": "rate", "window_frac": 0.25, "f": 0.98, "status": "ok", "t_c": 788, "t_fc": 901, "err_cross": -5, "err_lag": -5, "err_ref": -4, "secs": 0.19}
{"seed": 9310111, "family": "lin", "window_frac": 0.05, "f": 0.8, "status": "ok", "t_c": 575, "t_fc": 857, "err_cross": -49, "err_lag": -2, "err_ref": -4, "secs": 0.2}
{"seed": 9310111, "family": "lin", "window_frac": 0.05, "f": 0.9, "status": "ok", "t_c": 690, "t_fc": 890, "err_cross": -16, "err_lag": -2, "err_ref": -4, "secs": 0.19}
{"seed": 9310111, "family": "lin", "window_frac": 0.05, "f": 0.95, "status": "ok", "t_c": 750, "t_fc": 899, "err_cross": -7, "err_lag": -2, "err_ref": -4, "secs": 0.2}
{"seed": 9310111, "family": "lin", "window_frac": 0.05, "f": 0.98, "status": "ok", "t_c": 788, "t_fc": 903, "err_cross": -3, "err_lag": -2, "err_ref": -4, "secs": 0.19}
{"seed": 9310111, "family": "lin", "window_frac": 0.1, "f": 0.8, "status": "ok", "t_c": 575, "t_fc": 857, "err_cross": -49, "err_lag": -2, "err_ref": -4, "secs": 0.19}
{"seed": 9310111, "family": "lin", "window_frac": 0.1, "f": 0.9, "status": "ok", "t_c": 690, "t_fc": 890, "err_cross": -16, "err_lag": -2, "err_ref": -4, "secs": 0.2}
{"seed": 9310111, "family": "lin", "window_frac": 0.1, "f": 0.95, "status": "ok", "t_c": 750, "t_fc": 899, "err_cross": -7, "err_lag": -2, "err_ref": -4, "secs": 0.19}
{"seed": 9310111, "family": "lin", "window_frac": 0.1, "f": 0.98, "status": "ok", "t_c": 788, "t_fc": 902, "err_cross": -4, "err_lag": -2, "err_ref": -4, "secs": 0.2}
{"seed": 9310111, "family": "lin", "window_frac": 0.25, "f": 0.8, "status": "ok", "t_c": 575, "t_fc": 849, "err_cross": -57, "err_lag": -1, "err_ref": -4, "secs": 0.19}
{"seed": 9310111, "family": "lin", "window_frac": 0.25, "f": 0.9, "status": "ok", "t_c": 690, "t_fc": 884, "err_cross": -22, "err_lag": -2, "err_ref": -4, "secs": 0.19}
{"seed": 9310111, "family": "lin", "window_frac": 0.25, "f": 0.95, "status": "ok", "t_c": 750, "t_fc": 896, "err_cross": -10, "err_lag": -1, "err_ref": -4, "secs": 0.2}
{"seed": 9310111, "family": "lin", "window_frac": 0.25, "f": 0.98, "status": "ok", "t_c": 788, "t_fc": 901, "err_cross": -5, "err_lag": -2, "err_ref": -4, "secs": 0.19}
{"seed": 9310112, "family": "quad", "window_frac": 0.05, "f": 0.8, "status": "no cutoff: s never reaches f\u00b7s_ref in the saved path", "t_c": null, "t_fc": null, "err_cross": null, "err_lag": null, "err_ref": null, "secs": 0.0}
{"seed": 9310112, "family": "quad", "window_frac": 0.05, "f": 0.9, "status": "no cutoff: s never reaches f\u00b7s_ref in the saved path", "t_c": null, "t_fc": null, "err_cross": null, "err_lag": null, "err_ref": null, "secs": 0.0}
{"seed": 9310112, "family": "quad", "window_frac": 0.05, "f": 0.95, "status": "no cutoff: s never reaches f\u00b7s_ref in the saved path", "t_c": null, "t_fc": null, "err_cross": null, "err_lag": null, "err_ref": null, "secs": 0.0}
{"seed": 9310112, "family": "quad", "window_frac": 0.05, "f": 0.98, "status": "no cutoff: s never reaches f\u00b7s_ref in the saved path", "t_c": null, "t_fc": null, "err_cross": null, "err_lag": null, "err_ref": null, "secs": 0.0}
{"seed": 9310112, "family": "quad", "window_frac": 0.1, "f": 0.8, "status": "no cutoff: s never reaches f\u00b7s_ref in the saved path", "t_c": null, "t_fc": null, "err_cross": null, "err_lag": null, "err_ref": null, "secs": 0.0}
{"seed": 9310112, "family": "quad", "window_frac": 0.1, "f": 0.9, "status": "no cutoff: s never reaches f\u00b7s_ref in the saved path", "t_c": null, "t_fc": null, "err_cross": null, "err_lag": null, "err_ref": null, "secs": 0.0}
{"seed": 9310112, "family": "quad", "window_frac": 0.1, "f": 0.95, "status": "no cutoff: s never reaches f\u00b7s_ref in the saved path", "t_c": null, "t_fc": null, "err_cross": null, "err_lag": null, "err_ref": null, "secs": 0.0}
{"seed": 9310112, "family": "quad", "window_frac": 0.1, "f": 0.98, "status": "no cutoff: s never reaches f\u00b7s_ref in the saved path", "t_c": null, "t_fc": null, "err_cross": null, "err_lag": null, "err_ref": null, "secs": 0.0}
{"seed": 9310112, "family": "quad", "window_frac": 0.25, "f": 0.8, "status": "no cutoff: s never reaches f\u00b7s_ref in the saved path", "t_c": null, "t_fc": null, "err_cross": null, "err_lag": null, "err_ref": null, "secs": 0.0}
{"seed": 9310112, "family": "quad", "window_frac": 0.25, "f": 0.9, "status": "no cutoff: s never reaches f\u00b7s_ref in the saved path", "t_c": null, "t_fc": null, "err_cross": null, "err_lag": null, "err_ref": null, "secs": 0.0}
{"seed": 9310112, "family": "quad", "window_frac": 0.25, "f": 0.95, "status": "no cutoff: s never reaches f\u00b7s_ref in the saved path", "t_c": null, "t_fc": null, "err_cross": null, "err_lag": null, "err_ref": null, "secs": 0.0}
{"seed": 9310112, "family": "quad", "window_frac": 0.25, "f": 0.98, "status": "no cutoff: s never reaches f\u00b7s_ref in the saved path", "t_c": null, "t_fc": null, "err_cross": null, "err_lag": null, "err_ref": null, "secs": 0.0}
{"seed": 9310112, "family": "rate", "window_frac": 0.05, "f": 0.8, "status": "no cutoff: s never reaches f\u00b7s_ref in the saved path", "t_c": null, "t_fc": null, "err_cross": null, "err_lag": null, "err_ref": null, "secs": 0.0}
{"seed": 9310112, "family": "rate", "window_frac": 0.05, "f": 0.9, "status": "no cutoff: s never reaches f\u00b7s_ref in the saved path", "t_c": null, "t_fc": null, "err_cross": null, "err_lag": null, "err_ref": null, "secs": 0.0}
{"seed": 9310112, "family": "rate", "window_frac": 0.05, "f": 0.95, "status": "no cutoff: s never reaches f\u00b7s_ref in the saved path", "t_c": null, "t_fc": null, "err_cross": null, "err_lag": null, "err_ref": null, "secs": 0.0}
{"seed": 9310112, "family": "rate", "window_frac": 0.05, "f": 0.98, "status": "no cutoff: s never reaches f\u00b7s_ref in the saved path", "t_c": null, "t_fc": null, "err_cross": null, "err_lag": null, "err_ref": null, "secs": 0.0}
{"seed": 9310112, "family": "rate", "window_frac": 0.1, "f": 0.8, "status": "no cutoff: s never reaches f\u00b7s_ref in the saved path", "t_c": null, "t_fc": null, "err_cross": null, "err_lag": null, "err_ref": null, "secs": 0.0}
{"seed": 9310112, "family": "rate", "window_frac": 0.1, "f": 0.9, "status": "no cutoff: s never reaches f\u00b7s_ref in the saved path", "t_c": null, "t_fc": null, "err_cross": null, "err_lag": null, "err_ref": null, "secs": 0.0}
{"seed": 9310112, "family": "rate", "window_frac": 0.1, "f": 0.95, "status": "no cutoff: s never reaches f\u00b7s_ref in the saved path", "t_c": null, "t_fc": null, "err_cross": null, "err_lag": null, "err_ref": null, "secs": 0.0}
{"seed": 9310112, "family": "rate", "window_frac": 0.1, "f": 0.98, "status": "no cutoff: s never reaches f\u00b7s_ref in the saved path", "t_c": null, "t_fc": null, "err_cross": null, "err_lag": null, "err_ref": null, "secs": 0.0}
{"seed": 9310112, "family": "rate", "window_frac": 0.25, "f": 0.8, "status": "no cutoff: s never reaches f\u00b7s_ref in the saved path", "t_c": null, "t_fc": null, "err_cross": null, "err_lag": null, "err_ref": null, "secs": 0.0}
{"seed": 9310112, "family": "rate", "window_frac": 0.25, "f": 0.9, "status": "no cutoff: s never reaches f\u00b7s_ref in the saved path", "t_c": null, "t_fc": null, "err_cross": null, "err_lag": null, "err_ref": null, "secs": 0.0}
{"seed": 9310112, "family": "rate", "window_frac": 0.25, "f": 0.95, "status": "no cutoff: s never reaches f\u00b7s_ref in the saved path", "t_c": null, "t_fc": null, "err_cross": null, "err_lag": null, "err_ref": null, "secs": 0.0}
{"seed": 9310112, "family": "rate", "window_frac": 0.25, "f": 0.98, "status": "no cutoff: s never reaches f\u00b7s_ref in the saved path", "t_c": null, "t_fc": null, "err_cross": null, "err_lag": null, "err_ref": null, "secs": 0.0}
{"seed": 9310112, "family": "lin", "window_frac": 0.05, "f": 0.8, "status": "no cutoff: s never reaches f\u00b7s_ref in the saved path", "t_c": null, "t_fc": null, "err_cross": null, "err_lag": null, "err_ref": null, "secs": 0.0}
{"seed": 9310112, "family": "lin", "window_frac": 0.05, "f": 0.9, "status": "no cutoff: s never reaches f\u00b7s_ref in the saved path", "t_c": null, "t_fc": null, "err_cross": null, "err_lag": null, "err_ref": null, "secs": 0.0}
{"seed": 9310112, "family": "lin", "window_frac": 0.05, "f": 0.95, "status": "no cutoff: s never reaches f\u00b7s_ref in the saved path", "t_c": null, "t_fc": null, "err_cross": null, "err_lag": null, "err_ref": null, "secs": 0.0}
{"seed": 9310112, "family": "lin", "window_frac": 0.05, "f": 0.98, "status": "no cutoff: s never reaches f\u00b7s_ref in the saved path", "t_c": null, "t_fc": null, "err_cross": null, "err_lag": null, "err_ref": null, "secs": 0.0}
{"seed": 9310112, "family": "lin", "window_frac": 0.1, "f": 0.8, "status": "no cutoff: s never reaches f\u00b7s_ref in the saved path", "t_c": null, "t_fc": null, "err_cross": null, "err_lag": null, "err_ref": null, "secs": 0.0}
{"seed": 9310112, "family": "lin", "window_frac": 0.1, "f": 0.9, "status": "no cutoff: s never reaches f\u00b7s_ref in the saved path", "t_c": null, "t_fc": null, "err_cross": null, "err_lag": null, "err_ref": null, "secs": 0.0}
{"seed": 9310112, "family": "lin", "window_frac": 0.1, "f": 0.95, "status": "no cutoff: s never reaches f\u00b7s_ref in the saved path", "t_c": null, "t_fc": null, "err_cross": null, "err_lag": null, "err_ref": null, "secs": 0.0}
{"seed": 9310112, "family": "lin", "window_frac": 0.1, "f": 0.98, "status": "no cutoff: s never reaches f\u00b7s_ref in the saved path", "t_c": null, "t_fc": null, "err_cross": null, "err_lag": null, "err_ref": null, "secs": 0.0}
{"seed": 9310112, "family": "lin", "window_frac": 0.25, "f": 0.8, "status": "no cutoff: s never reaches f\u00b7s_ref in the saved path", "t_c": null, "t_fc": null, "err_cross": null, "err_lag": null, "err_ref": null, "secs": 0.0}
{"seed": 9310112, "family": "lin", "window_frac": 0.25, "f": 0.9, "status": "no cutoff: s never reaches f\u00b7s_ref in the saved path", "t_c": null, "t_fc": null, "err_cross": null, "err_lag": null, "err_ref": null, "secs": 0.0}
{"seed": 9310112, "family": "lin", "window_frac": 0.25, "f": 0.95, "status": "no cutoff: s never reaches f\u00b7s_ref in the saved path", "t_c": null, "t_fc": null, "err_cross": null, "err_lag": null, "err_ref": null, "secs": 0.0}
{"seed": 9310112, "family": "lin", "window_frac": 0.25, "f": 0.98, "status": "no cutoff: s never reaches f\u00b7s_ref in the saved path", "t_c": null, "t_fc": null, "err_cross": null, "err_lag": null, "err_ref": null, "secs": 0.0}
{"seed": 9310113, "family": "quad", "window_frac": 0.05, "f": 0.8, "status": "ok", "t_c": 767, "t_fc": 1037, "err_cross": 16, "err_lag": -7, "err_ref": -1, "secs": 0.28}
{"seed": 9310113, "family": "quad", "window_frac": 0.05, "f": 0.9, "status": "ok", "t_c": 853, "t_fc": 1020, "err_cross": -1, "err_lag": -4, "err_ref": -1, "secs": 0.28}
{"seed": 9310113, "family": "quad", "window_frac": 0.05, "f": 0.95, "status": "ok", "t_c": 898, "t_fc": 1019, "err_cross": -2, "err_lag": -3, "err_ref": -1, "secs": 0.28}
{"seed": 9310113, "family": "quad", "window_frac": 0.05, "f": 0.98, "status": "ok", "t_c": 925, "t_fc": 1019, "err_cross": -2, "err_lag": -3, "err_ref": -1, "secs": 0.27}
{"seed": 9310113, "family": "quad", "window_frac": 0.1, "f": 0.8, "status": "ok", "t_c": 767, "t_fc": 1037, "err_cross": 16, "err_lag": -7, "err_ref": -1, "secs": 0.18}
{"seed": 9310113, "family": "quad", "window_frac": 0.1, "f": 0.9, "status": "ok", "t_c": 853, "t_fc": 1020, "err_cross": -1, "err_lag": -4, "err_ref": -1, "secs": 0.19}
{"seed": 9310113, "family": "quad", "window_frac": 0.1, "f": 0.95, "status": "ok", "t_c": 898, "t_fc": 1019, "err_cross": -2, "err_lag": -3, "err_ref": -1, "secs": 0.18}
{"seed": 9310113, "family": "quad", "window_frac": 0.1, "f": 0.98, "status": "ok", "t_c": 925, "t_fc": 1019, "err_cross": -2, "err_lag": -3, "err_ref": -1, "secs": 0.19}
{"seed": 9310113, "family": "quad", "window_frac": 0.25, "f": 0.8, "status": "ok", "t_c": 767, "t_fc": 1039, "err_cross": 18, "err_lag": -7, "err_ref": -1, "secs": 0.19}
{"seed": 9310113, "family": "quad", "window_frac": 0.25, "f": 0.9, "status": "ok", "t_c": 853, "t_fc": 1021, "err_cross": 0, "err_lag": -4, "err_ref": -1, "secs": 0.19}
{"seed": 9310113, "family": "quad", "window_frac": 0.25, "f": 0.95, "status": "ok", "t_c": 898, "t_fc": 1019, "err_cross": -2, "err_lag": -3, "err_ref": -1, "secs": 0.19}
{"seed": 9310113, "family": "quad", "window_frac": 0.25, "f": 0.98, "status": "ok", "t_c": 925, "t_fc": 1019, "err_cross": -2, "err_lag": -3, "err_ref": -1, "secs": 0.18}
{"seed": 9310113, "family": "rate", "window_frac": 0.05, "f": 0.8, "status": "ok", "t_c": 767, "t_fc": 1026, "err_cross": 5, "err_lag": -3, "err_ref": -1, "secs": 0.19}
{"seed": 9310113, "family": "rate", "window_frac": 0.05, "f": 0.9, "status": "ok", "t_c": 853, "t_fc": 1020, "err_cross": -1, "err_lag": -2, "err_ref": -1, "secs": 0.18}
{"seed": 9310113, "family": "rate", "window_frac": 0.05, "f": 0.95, "status": "ok", "t_c": 898, "t_fc": 1020, "err_cross": -1, "err_lag": -2, "err_ref": -1, "secs": 0.19}
{"seed": 9310113, "family": "rate", "window_frac": 0.05, "f": 0.98, "status": "ok", "t_c": 925, "t_fc": 1020, "err_cross": -1, "err_lag": -1, "err_ref": -1, "secs": 0.19}
{"seed": 9310113, "family": "rate", "window_frac": 0.1, "f": 0.8, "status": "ok", "t_c": 767, "t_fc": 1026, "err_cross": 5, "err_lag": -3, "err_ref": -1, "secs": 0.19}
{"seed": 9310113, "family": "rate", "window_frac": 0.1, "f": 0.9, "status": "ok", "t_c": 853, "t_fc": 1020, "err_cross": -1, "err_lag": -2, "err_ref": -1, "secs": 0.19}
{"seed": 9310113, "family": "rate", "window_frac": 0.1, "f": 0.95, "status": "ok", "t_c": 898, "t_fc": 1020, "err_cross": -1, "err_lag": -2, "err_ref": -1, "secs": 0.19}
{"seed": 9310113, "family": "rate", "window_frac": 0.1, "f": 0.98, "status": "ok", "t_c": 925, "t_fc": 1020, "err_cross": -1, "err_lag": -1, "err_ref": -1, "secs": 0.19}
{"seed": 9310113, "family": "rate", "window_frac": 0.25, "f": 0.8, "status": "ok", "t_c": 767, "t_fc": 1026, "err_cross": 5, "err_lag": -3, "err_ref": -1, "secs": 0.19}
{"seed": 9310113, "family": "rate", "window_frac": 0.25, "f": 0.9, "status": "ok", "t_c": 853, "t_fc": 1021, "err_cross": 0, "err_lag": -2, "err_ref": -1, "secs": 0.19}
{"seed": 9310113, "family": "rate", "window_frac": 0.25, "f": 0.95, "status": "ok", "t_c": 898, "t_fc": 1020, "err_cross": -1, "err_lag": -2, "err_ref": -1, "secs": 0.19}
{"seed": 9310113, "family": "rate", "window_frac": 0.25, "f": 0.98, "status": "ok", "t_c": 925, "t_fc": 1020, "err_cross": -1, "err_lag": -2, "err_ref": -1, "secs": 0.2}
{"seed": 9310113, "family": "lin", "window_frac": 0.05, "f": 0.8, "status": "ok", "t_c": 767, "t_fc": 988, "err_cross": -33, "err_lag": 3, "err_ref": -1, "secs": 0.2}
{"seed": 9310113, "family": "lin", "window_frac": 0.05, "f": 0.9, "status": "ok", "t_c": 853, "t_fc": 1012, "err_cross": -9, "err_lag": 2, "err_ref": -1, "secs": 0.19}
{"seed": 9310113, "family": "lin", "window_frac": 0.05, "f": 0.95, "status": "ok", "t_c": 898, "t_fc": 1019, "err_cross": -2, "err_lag": 1, "err_ref": -1, "secs": 0.19}
{"seed": 9310113, "family": "lin", "window_frac": 0.05, "f": 0.98, "status": "ok", "t_c": 925, "t_fc": 1021, "err_cross": 0, "err_lag": 1, "err_ref": -1, "secs": 0.19}
{"seed": 9310113, "family": "lin", "window_frac": 0.1, "f": 0.8, "status": "ok", "t_c": 767, "t_fc": 988, "err_cross": -33, "err_lag": 3, "err_ref": -1, "secs": 0.19}
{"seed": 9310113, "family": "lin", "window_frac": 0.1, "f": 0.9, "status": "ok", "t_c": 853, "t_fc": 1012, "err_cross": -9, "err_lag": 2, "err_ref": -1, "secs": 0.19}
{"seed": 9310113, "family": "lin", "window_frac": 0.1, "f": 0.95, "status": "ok", "t_c": 898, "t_fc": 1019, "err_cross": -2, "err_lag": 1, "err_ref": -1, "secs": 0.19}
{"seed": 9310113, "family": "lin", "window_frac": 0.1, "f": 0.98, "status": "ok", "t_c": 925, "t_fc": 1021, "err_cross": 0, "err_lag": 1, "err_ref": -1, "secs": 0.19}
{"seed": 9310113, "family": "lin", "window_frac": 0.25, "f": 0.8, "status": "ok", "t_c": 767, "t_fc": 987, "err_cross": -34, "err_lag": 3, "err_ref": -1, "secs": 0.18}
{"seed": 9310113, "family": "lin", "window_frac": 0.25, "f": 0.9, "status": "ok", "t_c": 853, "t_fc": 1010, "err_cross": -11, "err_lag": 2, "err_ref": -1, "secs": 0.2}
{"seed": 9310113, "family": "lin", "window_frac": 0.25, "f": 0.95, "status": "ok", "t_c": 898, "t_fc": 1018, "err_cross": -3, "err_lag": 2, "err_ref": -1, "secs": 0.18}
{"seed": 9310113, "family": "lin", "window_frac": 0.25, "f": 0.98, "status": "ok", "t_c": 925, "t_fc": 1021, "err_cross": 0, "err_lag": 1, "err_ref": -1, "secs": 0.19}
{"seed": 9310114, "family": "quad", "window_frac": 0.05, "f": 0.8, "status": "ok", "t_c": 647, "t_fc": 952, "err_cross": 16, "err_lag": -9, "err_ref": -4, "secs": 0.28}
{"seed": 9310114, "family": "quad", "window_frac": 0.05, "f": 0.9, "status": "ok", "t_c": 746, "t_fc": 933, "err_cross": -3, "err_lag": -6, "err_ref": -4, "secs": 0.28}
{"seed": 9310114, "family": "quad", "window_frac": 0.05, "f": 0.95, "status": "ok", "t_c": 798, "t_fc": 932, "err_cross": -4, "err_lag": -5, "err_ref": -4, "secs": 0.28}
{"seed": 9310114, "family": "quad", "window_frac": 0.05, "f": 0.98, "status": "ok", "t_c": 830, "t_fc": 932, "err_cross": -4, "err_lag": -5, "err_ref": -4, "secs": 0.28}
{"seed": 9310114, "family": "quad", "window_frac": 0.1, "f": 0.8, "status": "ok", "t_c": 647, "t_fc": 952, "err_cross": 16, "err_lag": -9, "err_ref": -4, "secs": 0.19}
{"seed": 9310114, "family": "quad", "window_frac": 0.1, "f": 0.9, "status": "ok", "t_c": 746, "t_fc": 933, "err_cross": -3, "err_lag": -6, "err_ref": -4, "secs": 0.19}
{"seed": 9310114, "family": "quad", "window_frac": 0.1, "f": 0.95, "status": "ok", "t_c": 798, "t_fc": 932, "err_cross": -4, "err_lag": -5, "err_ref": -4, "secs": 0.19}
{"seed": 9310114, "family": "quad", "window_frac": 0.1, "f": 0.98, "status": "ok", "t_c": 830, "t_fc": 932, "err_cross": -4, "err_lag": -5, "err_ref": -4, "secs": 0.19}
{"seed": 9310114, "family": "quad", "window_frac": 0.25, "f": 0.8, "status": "ok", "t_c": 647, "t_fc": 959, "err_cross": 23, "err_lag": -10, "err_ref": -4, "secs": 0.2}
{"seed": 9310114, "family": "quad", "window_frac": 0.25, "f": 0.9, "status": "ok", "t_c": 746, "t_fc": 934, "err_cross": -2, "err_lag": -7, "err_ref": -4, "secs": 0.19}
{"seed": 9310114, "family": "quad", "window_frac": 0.25, "f": 0.95, "status": "ok", "t_c": 798, "t_fc": 932, "err_cross": -4, "err_lag": -5, "err_ref": -4, "secs": 0.19}
{"seed": 9310114, "family": "quad", "window_frac": 0.25, "f": 0.98, "status": "ok", "t_c": 830, "t_fc": 931, "err_cross": -5, "err_lag": -6, "err_ref": -4, "secs": 0.19}
{"seed": 9310114, "family": "rate", "window_frac": 0.05, "f": 0.8, "status": "ok", "t_c": 647, "t_fc": 939, "err_cross": 3, "err_lag": -5, "err_ref": -4, "secs": 0.19}
{"seed": 9310114, "family": "rate", "window_frac": 0.05, "f": 0.9, "status": "ok", "t_c": 746, "t_fc": 932, "err_cross": -4, "err_lag": -5, "err_ref": -4, "secs": 0.19}
{"seed": 9310114, "family": "rate", "window_frac": 0.05, "f": 0.95, "status": "ok", "t_c": 798, "t_fc": 932, "err_cross": -4, "err_lag": -5, "err_ref": -4, "secs": 0.19}
{"seed": 9310114, "family": "rate", "window_frac": 0.05, "f": 0.98, "status": "ok", "t_c": 830, "t_fc": 932, "err_cross": -4, "err_lag": -5, "err_ref": -4, "secs": 0.19}
{"seed": 9310114, "family": "rate", "window_frac": 0.1, "f": 0.8, "status": "ok", "t_c": 647, "t_fc": 939, "err_cross": 3, "err_lag": -5, "err_ref": -4, "secs": 0.19}
{"seed": 9310114, "family": "rate", "window_frac": 0.1, "f": 0.9, "status": "ok", "t_c": 746, "t_fc": 932, "err_cross": -4, "err_lag": -5, "err_ref": -4, "secs": 0.19}
{"seed": 9310114, "family": "rate", "window_frac": 0.1, "f": 0.95, "status": "ok", "t_c": 798, "t_fc": 932, "err_cross": -4, "err_lag": -5, "err_ref": -4, "secs": 0.19}
{"seed": 9310114, "family": "rate", "window_frac": 0.1, "f": 0.98, "status": "ok", "t_c": 830, "t_fc": 932, "err_cross": -4, "err_lag": -5, "err_ref": -4, "secs": 0.19}
{"seed": 9310114, "family": "rate", "window_frac": 0.25, "f": 0.8, "status": "ok", "t_c": 647, "t_fc": 940, "err_cross": 4, "err_lag": -6, "err_ref": -4, "secs": 0.19}
{"seed": 9310114, "family": "rate", "window_frac": 0.25, "f": 0.9, "status": "ok", "t_c": 746, "t_fc": 933, "err_cross": -3, "err_lag": -5, "err_ref": -4, "secs": 0.19}
{"seed": 9310114, "family": "rate", "window_frac": 0.25, "f": 0.95, "status": "ok", "t_c": 798, "t_fc": 932, "err_cross": -4, "err_lag": -5, "err_ref": -4, "secs": 0.19}
{"seed": 9310114, "family": "rate", "window_frac": 0.25, "f": 0.98, "status": "ok", "t_c": 830, "t_fc": 932, "err_cross": -4, "err_lag": -5, "err_ref": -4, "secs": 0.19}
{"seed": 9310114, "family": "lin", "window_frac": 0.05, "f": 0.8, "status": "ok", "t_c": 647, "t_fc": 893, "err_cross": -43, "err_lag": -2, "err_ref": -4, "secs": 0.18}
{"seed": 9310114, "family": "lin", "window_frac": 0.05, "f": 0.9, "status": "ok", "t_c": 746, "t_fc": 922, "err_cross": -14, "err_lag": -2, "err_ref": -4, "secs": 0.2}
{"seed": 9310114, "family": "lin", "window_frac": 0.05, "f": 0.95, "status": "ok", "t_c": 798, "t_fc": 930, "err_cross": -6, "err_lag": -2, "err_ref": -4, "secs": 0.19}
{"seed": 9310114, "family": "lin", "window_frac": 0.05, "f": 0.98, "status": "ok", "t_c": 830, "t_fc": 933, "err_cross": -3, "err_lag": -2, "err_ref": -4, "secs": 0.19}
{"seed": 9310114, "family": "lin", "window_frac": 0.1, "f": 0.8, "status": "ok", "t_c": 647, "t_fc": 893, "err_cross": -43, "err_lag": -2, "err_ref": -4, "secs": 0.18}
{"seed": 9310114, "family": "lin", "window_frac": 0.1, "f": 0.9, "status": "ok", "t_c": 746, "t_fc": 922, "err_cross": -14, "err_lag": -2, "err_ref": -4, "secs": 0.19}
{"seed": 9310114, "family": "lin", "window_frac": 0.1, "f": 0.95, "status": "ok", "t_c": 798, "t_fc": 930, "err_cross": -6, "err_lag": -2, "err_ref": -4, "secs": 0.19}
{"seed": 9310114, "family": "lin", "window_frac": 0.1, "f": 0.98, "status": "ok", "t_c": 830, "t_fc": 933, "err_cross": -3, "err_lag": -2, "err_ref": -4, "secs": 0.19}
{"seed": 9310114, "family": "lin", "window_frac": 0.25, "f": 0.8, "status": "ok", "t_c": 647, "t_fc": 889, "err_cross": -47, "err_lag": -2, "err_ref": -4, "secs": 0.19}
{"seed": 9310114, "family": "lin", "window_frac": 0.25, "f": 0.9, "status": "ok", "t_c": 746, "t_fc": 918, "err_cross": -18, "err_lag": -2, "err_ref": -4, "secs": 0.19}
{"seed": 9310114, "family": "lin", "window_frac": 0.25, "f": 0.95, "status": "ok", "t_c": 798, "t_fc": 927, "err_cross": -9, "err_lag": -3, "err_ref": -4, "secs": 0.19}
{"seed": 9310114, "family": "lin", "window_frac": 0.25, "f": 0.98, "status": "ok", "t_c": 830, "t_fc": 932, "err_cross": -4, "err_lag": -2, "err_ref": -4, "secs": 0.19}
{"seed": 9310115, "family": "quad", "window_frac": 0.05, "f": 0.8, "status": "ok", "t_c": 660, "t_fc": 956, "err_cross": 15, "err_lag": -8, "err_ref": -1, "secs": 0.28}
{"seed": 9310115, "family": "quad", "window_frac": 0.05, "f": 0.9, "status": "ok", "t_c": 753, "t_fc": 940, "err_cross": -1, "err_lag": -3, "err_ref": -1, "secs": 0.28}
{"seed": 9310115, "family": "quad", "window_frac": 0.05, "f": 0.95, "status": "ok", "t_c": 801, "t_fc": 939, "err_cross": -2, "err_lag": -2, "err_ref": -1, "secs": 0.3}
{"seed": 9310115, "family": "quad", "window_frac": 0.05, "f": 0.98, "status": "ok", "t_c": 831, "t_fc": 939, "err_cross": -2, "err_lag": -2, "err_ref": -1, "secs": 0.27}
{"seed": 9310115, "family": "quad", "window_frac": 0.1, "f": 0.8, "status": "ok", "t_c": 660, "t_fc": 956, "err_cross": 15, "err_lag": -8, "err_ref": -1, "secs": 0.18}
{"seed": 9310115, "family": "quad", "window_frac": 0.1, "f": 0.9, "status": "ok", "t_c": 753, "t_fc": 940, "err_cross": -1, "err_lag": -3, "err_ref": -1, "secs": 0.18}
{"seed": 9310115, "family": "quad", "window_frac": 0.1, "f": 0.95, "status": "ok", "t_c": 801, "t_fc": 939, "err_cross": -2, "err_lag": -2, "err_ref": -1, "secs": 0.18}
{"seed": 9310115, "family": "quad", "window_frac": 0.1, "f": 0.98, "status": "ok", "t_c": 831, "t_fc": 939, "err_cross": -2, "err_lag": -2, "err_ref": -1, "secs": 0.18}
{"seed": 9310115, "family": "quad", "window_frac": 0.25, "f": 0.8, "status": "ok", "t_c": 660, "t_fc": 958, "err_cross": 17, "err_lag": -10, "err_ref": -1, "secs": 0.18}
{"seed": 9310115, "family": "quad", "window_frac": 0.25, "f": 0.9, "status": "ok", "t_c": 753, "t_fc": 941, "err_cross": 0, "err_lag": -3, "err_ref": -1, "secs": 0.18}
{"seed": 9310115, "family": "quad", "window_frac": 0.25, "f": 0.95, "status": "ok", "t_c": 801, "t_fc": 939, "err_cross": -2, "err_lag": -2, "err_ref": -1, "secs": 0.18}
{"seed": 9310115, "family": "quad", "window_frac": 0.25, "f": 0.98, "status": "ok", "t_c": 831, "t_fc": 939, "err_cross": -2, "err_lag": -2, "err_ref": -1, "secs": 0.18}
{"seed": 9310115, "family": "rate", "window_frac": 0.05, "f": 0.8, "status": "ok", "t_c": 660, "t_fc": 946, "err_cross": 5, "err_lag": -2, "err_ref": -1, "secs": 0.18}
{"seed": 9310115, "family": "rate", "window_frac": 0.05, "f": 0.9, "status": "ok", "t_c": 753, "t_fc": 940, "err_cross": -1, "err_lag": -1, "err_ref": -1, "secs": 0.18}
{"seed": 9310115, "family": "rate", "window_frac": 0.05, "f": 0.95, "status": "ok", "t_c": 801, "t_fc": 940, "err_cross": -1, "err_lag": -1, "err_ref": -1, "secs": 0.18}
{"seed": 9310115, "family": "rate", "window_frac": 0.05, "f": 0.98, "status": "ok", "t_c": 831, "t_fc": 940, "err_cross": -1, "err_lag": -1, "err_ref": -1, "secs": 0.18}
{"seed": 9310115, "family": "rate", "window_frac": 0.1, "f": 0.8, "status": "ok", "t_c": 660, "t_fc": 946, "err_cross": 5, "err_lag": -2, "err_ref": -1, "secs": 0.18}
{"seed": 9310115, "family": "rate", "window_frac": 0.1, "f": 0.9, "status": "ok", "t_c": 753, "t_fc": 940, "err_cross": -1, "err_lag": -1, "err_ref": -1, "secs": 0.18}
{"seed": 9310115, "family": "rate", "window_frac": 0.1, "f": 0.95, "status": "ok", "t_c": 801, "t_fc": 940, "err_cross": -1, "err_lag": -1, "err_ref": -1, "secs": 0.18}
{"seed": 9310115, "family": "rate", "window_frac": 0.1, "f": 0.98, "status": "ok", "t_c": 831, "t_fc": 940, "err_cross": -1, "err_lag": -1, "err_ref": -1, "secs": 0.18}
{"seed": 9310115, "family": "rate", "window_frac": 0.25, "f": 0.8, "status": "ok", "t_c": 660, "t_fc": 947, "err_cross": 6, "err_lag": -2, "err_ref": -1, "secs": 0.18}
{"seed": 9310115, "family": "rate", "window_frac": 0.25, "f": 0.9, "status": "ok", "t_c": 753, "t_fc": 941, "err_cross": 0, "err_lag": -1, "err_ref": -1, "secs": 0.18}
{"seed": 9310115, "family": "rate", "window_frac": 0.25, "f": 0.95, "status": "ok", "t_c": 801, "t_fc": 940, "err_cross": -1, "err_lag": -1, "err_ref": -1, "secs": 0.18}
{"seed": 9310115, "family": "rate", "window_frac": 0.25, "f": 0.98, "status": "ok", "t_c": 831, "t_fc": 940, "err_cross": -1, "err_lag": -1, "err_ref": -1, "secs": 0.19}
{"seed": 9310115, "family": "lin", "window_frac": 0.05, "f": 0.8, "status": "ok", "t_c": 660, "t_fc": 908, "err_cross": -33, "err_lag": 6, "err_ref": -1, "secs": 0.18}
{"seed": 9310115, "family": "lin", "window_frac": 0.05, "f": 0.9, "status": "ok", "t_c": 753, "t_fc": 934, "err_cross": -7, "err_lag": 5, "err_ref": -1, "secs": 0.18}
{"seed": 9310115, "family": "lin", "window_frac": 0.05, "f": 0.95, "status": "ok", "t_c": 801, "t_fc": 941, "err_cross": 0, "err_lag": 4, "err_ref": -1, "secs": 0.18}
{"seed": 9310115, "family": "lin", "window_frac": 0.05, "f": 0.98, "status": "ok", "t_c": 831, "t_fc": 943, "err_cross": 2, "err_lag": 3, "err_ref": -1, "secs": 0.18}
{"seed": 9310115, "family": "lin", "window_frac": 0.1, "f": 0.8, "status": "ok", "t_c": 660, "t_fc": 908, "err_cross": -33, "err_lag": 6, "err_ref": -1, "secs": 0.19}
{"seed": 9310115, "family": "lin", "window_frac": 0.1, "f": 0.9, "status": "ok", "t_c": 753, "t_fc": 934, "err_cross": -7, "err_lag": 5, "err_ref": -1, "secs": 0.19}
{"seed": 9310115, "family": "lin", "window_frac": 0.1, "f": 0.95, "status": "ok", "t_c": 801, "t_fc": 941, "err_cross": 0, "err_lag": 4, "err_ref": -1, "secs": 0.21}
{"seed": 9310115, "family": "lin", "window_frac": 0.1, "f": 0.98, "status": "ok", "t_c": 831, "t_fc": 943, "err_cross": 2, "err_lag": 3, "err_ref": -1, "secs": 0.19}
{"seed": 9310115, "family": "lin", "window_frac": 0.25, "f": 0.8, "status": "ok", "t_c": 660, "t_fc": 907, "err_cross": -34, "err_lag": 7, "err_ref": -1, "secs": 0.19}
{"seed": 9310115, "family": "lin", "window_frac": 0.25, "f": 0.9, "status": "ok", "t_c": 753, "t_fc": 931, "err_cross": -10, "err_lag": 5, "err_ref": -1, "secs": 0.19}
{"seed": 9310115, "family": "lin", "window_frac": 0.25, "f": 0.95, "status": "ok", "t_c": 801, "t_fc": 939, "err_cross": -2, "err_lag": 4, "err_ref": -1, "secs": 0.19}
{"seed": 9310115, "family": "lin", "window_frac": 0.25, "f": 0.98, "status": "ok", "t_c": 831, "t_fc": 943, "err_cross": 2, "err_lag": 4, "err_ref": -1, "secs": 0.19}
{"seed": 9310116, "family": "quad", "window_frac": 0.05, "f": 0.8, "status": "ok", "t_c": 497, "t_fc": 772, "err_cross": 16, "err_lag": -7, "err_ref": -4, "secs": 0.28}
{"seed": 9310116, "family": "quad", "window_frac": 0.05, "f": 0.9, "status": "ok", "t_c": 584, "t_fc": 753, "err_cross": -3, "err_lag": -5, "err_ref": -4, "secs": 0.27}
{"seed": 9310116, "family": "quad", "window_frac": 0.05, "f": 0.95, "status": "ok", "t_c": 630, "t_fc": 752, "err_cross": -4, "err_lag": -4, "err_ref": -4, "secs": 0.27}
{"seed": 9310116, "family": "quad", "window_frac": 0.05, "f": 0.98, "status": "ok", "t_c": 658, "t_fc": 752, "err_cross": -4, "err_lag": -4, "err_ref": -4, "secs": 0.27}
{"seed": 9310116, "family": "quad", "window_frac": 0.1, "f": 0.8, "status": "ok", "t_c": 497, "t_fc": 772, "err_cross": 16, "err_lag": -7, "err_ref": -4, "secs": 0.19}
{"seed": 9310116, "family": "quad", "window_frac": 0.1, "f": 0.9, "status": "ok", "t_c": 584, "t_fc": 753, "err_cross": -3, "err_lag": -5, "err_ref": -4, "secs": 0.19}
{"seed": 9310116, "family": "quad", "window_frac": 0.1, "f": 0.95, "status": "ok", "t_c": 630, "t_fc": 752, "err_cross": -4, "err_lag": -4, "err_ref": -4, "secs": 0.18}
{"seed": 9310116, "family": "quad", "window_frac": 0.1, "f": 0.98, "status": "ok", "t_c": 658, "t_fc": 752, "err_cross": -4, "err_lag": -4, "err_ref": -4, "secs": 0.19}
{"seed": 9310116, "family": "quad", "window_frac": 0.25, "f": 0.8, "status": "ok", "t_c": 497, "t_fc": 773, "err_cross": 17, "err_lag": -8, "err_ref": -4, "secs": 0.19}
{"seed": 9310116, "family": "quad", "window_frac": 0.25, "f": 0.9, "status": "ok", "t_c": 584, "t_fc": 754, "err_cross": -2, "err_lag": -5, "err_ref": -4, "secs": 0.19}
{"seed": 9310116, "family": "quad", "window_frac": 0.25, "f": 0.95, "status": "ok", "t_c": 630, "t_fc": 752, "err_cross": -4, "err_lag": -5, "err_ref": -4, "secs": 0.18}
{"seed": 9310116, "family": "quad", "window_frac": 0.25, "f": 0.98, "status": "ok", "t_c": 658, "t_fc": 752, "err_cross": -4, "err_lag": -4, "err_ref": -4, "secs": 0.18}
{"seed": 9310116, "family": "rate", "window_frac": 0.05, "f": 0.8, "status": "ok", "t_c": 497, "t_fc": 759, "err_cross": 3, "err_lag": -4, "err_ref": -4, "secs": 0.18}
{"seed": 9310116, "family": "rate", "window_frac": 0.05, "f": 0.9, "status": "ok", "t_c": 584, "t_fc": 753, "err_cross": -3, "err_lag": -4, "err_ref": -4, "secs": 0.18}
{"seed": 9310116, "family": "rate", "window_frac": 0.05, "f": 0.95, "status": "ok", "t_c": 630, "t_fc": 752, "err_cross": -4, "err_lag": -4, "err_ref": -4, "secs": 0.18}
{"seed": 9310116, "family": "rate", "window_frac": 0.05, "f": 0.98, "status": "ok", "t_c": 658, "t_fc": 752, "err_cross": -4, "err_lag": -4, "err_ref": -4, "secs": 0.19}
{"seed": 9310116, "family": "rate", "window_frac": 0.1, "f": 0.8, "status": "ok", "t_c": 497, "t_fc": 759, "err_cross": 3, "err_lag": -4, "err_ref": -4, "secs": 0.19}
{"seed": 9310116, "family": "rate", "window_frac": 0.1, "f": 0.9, "status": "ok", "t_c": 584, "t_fc": 753, "err_cross": -3, "err_lag": -4, "err_ref": -4, "secs": 0.19}
{"seed": 9310116, "family": "rate", "window_frac": 0.1, "f": 0.95, "status": "ok", "t_c": 630, "t_fc": 752, "err_cross": -4, "err_lag": -4, "err_ref": -4, "secs": 0.19}
{"seed": 9310116, "family": "rate", "window_frac": 0.1, "f": 0.98, "status": "ok", "t_c": 658, "t_fc": 752, "err_cross": -4, "err_lag": -4, "err_ref": -4, "secs": 0.19}
{"seed": 9310116, "family": "rate", "window_frac": 0.25, "f": 0.8, "status": "ok", "t_c": 497, "t_fc": 759, "err_cross": 3, "err_lag": -5, "err_ref": -4, "secs": 0.18}
{"seed": 9310116, "family": "rate", "window_frac": 0.25, "f": 0.9, "status": "ok", "t_c": 584, "t_fc": 753, "err_cross": -3, "err_lag": -4, "err_ref": -4, "secs": 0.18}
{"seed": 9310116, "family": "rate", "window_frac": 0.25, "f": 0.95, "status": "ok", "t_c": 630, "t_fc": 752, "err_cross": -4, "err_lag": -4, "err_ref": -4, "secs": 0.18}
{"seed": 9310116, "family": "rate", "window_frac": 0.25, "f": 0.98, "status": "ok", "t_c": 658, "t_fc": 752, "err_cross": -4, "err_lag": -4, "err_ref": -4, "secs": 0.18}
{"seed": 9310116, "family": "lin", "window_frac": 0.05, "f": 0.8, "status": "ok", "t_c": 497, "t_fc": 717, "err_cross": -39, "err_lag": -2, "err_ref": -4, "secs": 0.18}
{"seed": 9310116, "family": "lin", "window_frac": 0.05, "f": 0.9, "status": "ok", "t_c": 584, "t_fc": 743, "err_cross": -13, "err_lag": -2, "err_ref": -4, "secs": 0.18}
{"seed": 9310116, "family": "lin", "window_frac": 0.05, "f": 0.95, "status": "ok", "t_c": 630, "t_fc": 750, "err_cross": -6, "err_lag": -2, "err_ref": -4, "secs": 0.18}
{"seed": 9310116, "family": "lin", "window_frac": 0.05, "f": 0.98, "status": "ok", "t_c": 658, "t_fc": 753, "err_cross": -3, "err_lag": -2, "err_ref": -4, "secs": 0.18}
{"seed": 9310116, "family": "lin", "window_frac": 0.1, "f": 0.8, "status": "ok", "t_c": 497, "t_fc": 717, "err_cross": -39, "err_lag": -2, "err_ref": -4, "secs": 0.18}
{"seed": 9310116, "family": "lin", "window_frac": 0.1, "f": 0.9, "status": "ok", "t_c": 584, "t_fc": 743, "err_cross": -13, "err_lag": -2, "err_ref": -4, "secs": 0.18}
{"seed": 9310116, "family": "lin", "window_frac": 0.1, "f": 0.95, "status": "ok", "t_c": 630, "t_fc": 750, "err_cross": -6, "err_lag": -2, "err_ref": -4, "secs": 0.18}
{"seed": 9310116, "family": "lin", "window_frac": 0.1, "f": 0.98, "status": "ok", "t_c": 658, "t_fc": 753, "err_cross": -3, "err_lag": -2, "err_ref": -4, "secs": 0.18}
{"seed": 9310116, "family": "lin", "window_frac": 0.25, "f": 0.8, "status": "ok", "t_c": 497, "t_fc": 716, "err_cross": -40, "err_lag": -2, "err_ref": -4, "secs": 0.18}
{"seed": 9310116, "family": "lin", "window_frac": 0.25, "f": 0.9, "status": "ok", "t_c": 584, "t_fc": 741, "err_cross": -15, "err_lag": -1, "err_ref": -4, "secs": 0.19}
{"seed": 9310116, "family": "lin", "window_frac": 0.25, "f": 0.95, "status": "ok", "t_c": 630, "t_fc": 749, "err_cross": -7, "err_lag": -2, "err_ref": -4, "secs": 0.18}
{"seed": 9310116, "family": "lin", "window_frac": 0.25, "f": 0.98, "status": "ok", "t_c": 658, "t_fc": 752, "err_cross": -4, "err_lag": -2, "err_ref": -4, "secs": 0.18}
{"seed": 9310117, "family": "quad", "window_frac": 0.05, "f": 0.8, "status": "ok", "t_c": 521, "t_fc": 849, "err_cross": 17, "err_lag": -10, "err_ref": -4, "secs": 0.27}
{"seed": 9310117, "family": "quad", "window_frac": 0.05, "f": 0.9, "status": "ok", "t_c": 629, "t_fc": 829, "err_cross": -3, "err_lag": -6, "err_ref": -4, "secs": 0.27}
{"seed": 9310117, "family": "quad", "window_frac": 0.05, "f": 0.95, "status": "ok", "t_c": 685, "t_fc": 827, "err_cross": -5, "err_lag": -6, "err_ref": -4, "secs": 0.27}
{"seed": 9310117, "family": "quad", "window_frac": 0.05, "f": 0.98, "status": "ok", "t_c": 720, "t_fc": 827, "err_cross": -5, "err_lag": -5, "err_ref": -4, "secs": 0.27}
{"seed": 9310117, "family": "quad", "window_frac": 0.1, "f": 0.8, "status": "ok", "t_c": 521, "t_fc": 849, "err_cross": 17, "err_lag": -10, "err_ref": -4, "secs": 0.19}
{"seed": 9310117, "family": "quad", "window_frac": 0.1, "f": 0.9, "status": "ok", "t_c": 629, "t_fc": 829, "err_cross": -3, "err_lag": -6, "err_ref": -4, "secs": 0.18}
{"seed": 9310117, "family": "quad", "window_frac": 0.1, "f": 0.95, "status": "ok", "t_c": 685, "t_fc": 827, "err_cross": -5, "err_lag": -6, "err_ref": -4, "secs": 0.18}
{"seed": 9310117, "family": "quad", "window_frac": 0.1, "f": 0.98, "status": "ok", "t_c": 720, "t_fc": 827, "err_cross": -5, "err_lag": -5, "err_ref": -4, "secs": 0.18}
{"seed": 9310117, "family": "quad", "window_frac": 0.25, "f": 0.8, "status": "ok", "t_c": 521, "t_fc": 855, "err_cross": 23, "err_lag": -10, "err_ref": -4, "secs": 0.18}
{"seed": 9310117, "family": "quad", "window_frac": 0.25, "f": 0.9, "status": "ok", "t_c": 629, "t_fc": 830, "err_cross": -2, "err_lag": -6, "err_ref": -4, "secs": 0.19}
{"seed": 9310117, "family": "quad", "window_frac": 0.25, "f": 0.95, "status": "ok", "t_c": 685, "t_fc": 827, "err_cross": -5, "err_lag": -6, "err_ref": -4, "secs": 0.19}
{"seed": 9310117, "family": "quad", "window_frac": 0.25, "f": 0.98, "status": "ok", "t_c": 720, "t_fc": 827, "err_cross": -5, "err_lag": -6, "err_ref": -4, "secs": 0.18}
{"seed": 9310117, "family": "rate", "window_frac": 0.05, "f": 0.8, "status": "ok", "t_c": 521, "t_fc": 835, "err_cross": 3, "err_lag": -6, "err_ref": -4, "secs": 0.19}
{"seed": 9310117, "family": "rate", "window_frac": 0.05, "f": 0.9, "status": "ok", "t_c": 629, "t_fc": 828, "err_cross": -4, "err_lag": -5, "err_ref": -4, "secs": 0.19}
{"seed": 9310117, "family": "rate", "window_frac": 0.05, "f": 0.95, "status": "ok", "t_c": 685, "t_fc": 827, "err_cross": -5, "err_lag": -5, "err_ref": -4, "secs": 0.18}
{"seed": 9310117, "family": "rate", "window_frac": 0.05, "f": 0.98, "status": "ok", "t_c": 720, "t_fc": 827, "err_cross": -5, "err_lag": -5, "err_ref": -4, "secs": 0.18}
{"seed": 9310117, "family": "rate", "window_frac": 0.1, "f": 0.8, "status": "ok", "t_c": 521, "t_fc": 835, "err_cross": 3, "err_lag": -6, "err_ref": -4, "secs": 0.18}
{"seed": 9310117, "family": "rate", "window_frac": 0.1, "f": 0.9, "status": "ok", "t_c": 629, "t_fc": 828, "err_cross": -4, "err_lag": -5, "err_ref": -4, "secs": 0.18}
{"seed": 9310117, "family": "rate", "window_frac": 0.1, "f": 0.95, "status": "ok", "t_c": 685, "t_fc": 827, "err_cross": -5, "err_lag": -5, "err_ref": -4, "secs": 0.18}
{"seed": 9310117, "family": "rate", "window_frac": 0.1, "f": 0.98, "status": "ok", "t_c": 720, "t_fc": 827, "err_cross": -5, "err_lag": -5, "err_ref": -4, "secs": 0.18}
{"seed": 9310117, "family": "rate", "window_frac": 0.25, "f": 0.8, "status": "ok", "t_c": 521, "t_fc": 836, "err_cross": 4, "err_lag": -6, "err_ref": -4, "secs": 0.19}
{"seed": 9310117, "family": "rate", "window_frac": 0.25, "f": 0.9, "status": "ok", "t_c": 629, "t_fc": 829, "err_cross": -3, "err_lag": -5, "err_ref": -4, "secs": 0.19}
{"seed": 9310117, "family": "rate", "window_frac": 0.25, "f": 0.95, "status": "ok", "t_c": 685, "t_fc": 828, "err_cross": -4, "err_lag": -5, "err_ref": -4, "secs": 0.18}
{"seed": 9310117, "family": "rate", "window_frac": 0.25, "f": 0.98, "status": "ok", "t_c": 720, "t_fc": 827, "err_cross": -5, "err_lag": -5, "err_ref": -4, "secs": 0.18}
{"seed": 9310117, "family": "lin", "window_frac": 0.05, "f": 0.8, "status": "ok", "t_c": 521, "t_fc": 785, "err_cross": -47, "err_lag": -3, "err_ref": -4, "secs": 0.18}
{"seed": 9310117, "family": "lin", "window_frac": 0.05, "f": 0.9, "status": "ok", "t_c": 629, "t_fc": 817, "err_cross": -15, "err_lag": -2, "err_ref": -4, "secs": 0.18}
{"seed": 9310117, "family": "lin", "window_frac": 0.05, "f": 0.95, "status": "ok", "t_c": 685, "t_fc": 825, "err_cross": -7, "err_lag": -3, "err_ref": -4, "secs": 0.18}
{"seed": 9310117, "family": "lin", "window_frac": 0.05, "f": 0.98, "status": "ok", "t_c": 720, "t_fc": 828, "err_cross": -4, "err_lag": -3, "err_ref": -4, "secs": 0.18}
{"seed": 9310117, "family": "lin", "window_frac": 0.1, "f": 0.8, "status": "ok", "t_c": 521, "t_fc": 785, "err_cross": -47, "err_lag": -3, "err_ref": -4, "secs": 0.18}
{"seed": 9310117, "family": "lin", "window_frac": 0.1, "f": 0.9, "status": "ok", "t_c": 629, "t_fc": 817, "err_cross": -15, "err_lag": -2, "err_ref": -4, "secs": 0.18}
{"seed": 9310117, "family": "lin", "window_frac": 0.1, "f": 0.95, "status": "ok", "t_c": 685, "t_fc": 825, "err_cross": -7, "err_lag": -3, "err_ref": -4, "secs": 0.19}
{"seed": 9310117, "family": "lin", "window_frac": 0.1, "f": 0.98, "status": "ok", "t_c": 720, "t_fc": 828, "err_cross": -4, "err_lag": -3, "err_ref": -4, "secs": 0.18}
{"seed": 9310117, "family": "lin", "window_frac": 0.25, "f": 0.8, "status": "ok", "t_c": 521, "t_fc": 782, "err_cross": -50, "err_lag": -2, "err_ref": -4, "secs": 0.18}
{"seed": 9310117, "family": "lin", "window_frac": 0.25, "f": 0.9, "status": "ok", "t_c": 629, "t_fc": 813, "err_cross": -19, "err_lag": -2, "err_ref": -4, "secs": 0.18}
{"seed": 9310117, "family": "lin", "window_frac": 0.25, "f": 0.95, "status": "ok", "t_c": 685, "t_fc": 823, "err_cross": -9, "err_lag": -2, "err_ref": -4, "secs": 0.19}
{"seed": 9310117, "family": "lin", "window_frac": 0.25, "f": 0.98, "status": "ok", "t_c": 720, "t_fc": 827, "err_cross": -5, "err_lag": -3, "err_ref": -4, "secs": 0.19}
{"seed": 9310118, "family": "quad", "window_frac": 0.05, "f": 0.8, "status": "ok", "t_c": 469, "t_fc": 754, "err_cross": 14, "err_lag": -9, "err_ref": -4, "secs": 0.28}
{"seed": 9310118, "family": "quad", "window_frac": 0.05, "f": 0.9, "status": "ok", "t_c": 559, "t_fc": 737, "err_cross": -3, "err_lag": -5, "err_ref": -4, "secs": 0.29}
{"seed": 9310118, "family": "quad", "window_frac": 0.05, "f": 0.95, "status": "ok", "t_c": 606, "t_fc": 736, "err_cross": -4, "err_lag": -4, "err_ref": -4, "secs": 0.28}
{"seed": 9310118, "family": "quad", "window_frac": 0.05, "f": 0.98, "status": "ok", "t_c": 635, "t_fc": 736, "err_cross": -4, "err_lag": -4, "err_ref": -4, "secs": 0.27}
{"seed": 9310118, "family": "quad", "window_frac": 0.1, "f": 0.8, "status": "ok", "t_c": 469, "t_fc": 754, "err_cross": 14, "err_lag": -9, "err_ref": -4, "secs": 0.18}
{"seed": 9310118, "family": "quad", "window_frac": 0.1, "f": 0.9, "status": "ok", "t_c": 559, "t_fc": 737, "err_cross": -3, "err_lag": -5, "err_ref": -4, "secs": 0.18}
{"seed": 9310118, "family": "quad", "window_frac": 0.1, "f": 0.95, "status": "ok", "t_c": 606, "t_fc": 736, "err_cross": -4, "err_lag": -4, "err_ref": -4, "secs": 0.18}
{"seed": 9310118, "family": "quad", "window_frac": 0.1, "f": 0.98, "status": "ok", "t_c": 635, "t_fc": 736, "err_cross": -4, "err_lag": -4, "err_ref": -4, "secs": 0.18}
{"seed": 9310118, "family": "quad", "window_frac": 0.25, "f": 0.8, "status": "ok", "t_c": 469, "t_fc": 757, "err_cross": 17, "err_lag": -9, "err_ref": -4, "secs": 0.18}
{"seed": 9310118, "family": "quad", "window_frac": 0.25, "f": 0.9, "status": "ok", "t_c": 559, "t_fc": 737, "err_cross": -3, "err_lag": -6, "err_ref": -4, "secs": 0.18}
{"seed": 9310118, "family": "quad", "window_frac": 0.25, "f": 0.95, "status": "ok", "t_c": 606, "t_fc": 736, "err_cross": -4, "err_lag": -4, "err_ref": -4, "secs": 0.18}
{"seed": 9310118, "family": "quad", "window_frac": 0.25, "f": 0.98, "status": "ok", "t_c": 635, "t_fc": 735, "err_cross": -5, "err_lag": -5, "err_ref": -4, "secs": 0.18}
{"seed": 9310118, "family": "rate", "window_frac": 0.05, "f": 0.8, "status": "ok", "t_c": 469, "t_fc": 742, "err_cross": 2, "err_lag": -5, "err_ref": -4, "secs": 0.18}
{"seed": 9310118, "family": "rate", "window_frac": 0.05, "f": 0.9, "status": "ok", "t_c": 559, "t_fc": 737, "err_cross": -3, "err_lag": -3, "err_ref": -4, "secs": 0.18}
{"seed": 9310118, "family": "rate", "window_frac": 0.05, "f": 0.95, "status": "ok", "t_c": 606, "t_fc": 736, "err_cross": -4, "err_lag": -4, "err_ref": -4, "secs": 0.18}
{"seed": 9310118, "family": "rate", "window_frac": 0.05, "f": 0.98, "status": "ok", "t_c": 635, "t_fc": 736, "err_cross": -4, "err_lag": -4, "err_ref": -4, "secs": 0.18}
{"seed": 9310118, "family": "rate", "window_frac": 0.1, "f": 0.8, "status": "ok", "t_c": 469, "t_fc": 742, "err_cross": 2, "err_lag": -5, "err_ref": -4, "secs": 0.18}
{"seed": 9310118, "family": "rate", "window_frac": 0.1, "f": 0.9, "status": "ok", "t_c": 559, "t_fc": 737, "err_cross": -3, "err_lag": -3, "err_ref": -4, "secs": 0.18}
{"seed": 9310118, "family": "rate", "window_frac": 0.1, "f": 0.95, "status": "ok", "t_c": 606, "t_fc": 736, "err_cross": -4, "err_lag": -4, "err_ref": -4, "secs": 0.18}
{"seed": 9310118, "family": "rate", "window_frac": 0.1, "f": 0.98, "status": "ok", "t_c": 635, "t_fc": 736, "err_cross": -4, "err_lag": -4, "err_ref": -4, "secs": 0.18}
{"seed": 9310118, "family": "rate", "window_frac": 0.25, "f": 0.8, "status": "ok", "t_c": 469, "t_fc": 743, "err_cross": 3, "err_lag": -5, "err_ref": -4, "secs": 0.18}
{"seed": 9310118, "family": "rate", "window_frac": 0.25, "f": 0.9, "status": "ok", "t_c": 559, "t_fc": 737, "err_cross": -3, "err_lag": -4, "err_ref": -4, "secs": 0.18}
{"seed": 9310118, "family": "rate", "window_frac": 0.25, "f": 0.95, "status": "ok", "t_c": 606, "t_fc": 736, "err_cross": -4, "err_lag": -4, "err_ref": -4, "secs": 0.18}
{"seed": 9310118, "family": "rate", "window_frac": 0.25, "f": 0.98, "status": "ok", "t_c": 635, "t_fc": 736, "err_cross": -4, "err_lag": -4, "err_ref": -4, "secs": 0.18}
{"seed": 9310118, "family": "lin", "window_frac": 0.05, "f": 0.8, "status": "ok", "t_c": 469, "t_fc": 701, "err_cross": -39, "err_lag": 0, "err_ref": -4, "secs": 0.18}
{"seed": 9310118, "family": "lin", "window_frac": 0.05, "f": 0.9, "status": "ok", "t_c": 559, "t_fc": 727, "err_cross": -13, "err_lag": -1, "err_ref": -4, "secs": 0.18}
{"seed": 9310118, "family": "lin", "window_frac": 0.05, "f": 0.95, "status": "ok", "t_c": 606, "t_fc": 735, "err_cross": -5, "err_lag": -1, "err_ref": -4, "secs": 0.18}
{"seed": 9310118, "family": "lin", "window_frac": 0.05, "f": 0.98, "status": "ok", "t_c": 635, "t_fc": 737, "err_cross": -3, "err_lag": -1, "err_ref": -4, "secs": 0.18}
{"seed": 9310118, "family": "lin", "window_frac": 0.1, "f": 0.8, "status": "ok", "t_c": 469, "t_fc": 701, "err_cross": -39, "err_lag": 0, "err_ref": -4, "secs": 0.18}
{"seed": 9310118, "family": "lin", "window_frac": 0.1, "f": 0.9, "status": "ok", "t_c": 559, "t_fc": 727, "err_cross": -13, "err_lag": -1, "err_ref": -4, "secs": 0.18}
{"seed": 9310118, "family": "lin", "window_frac": 0.1, "f": 0.95, "status": "ok", "t_c": 606, "t_fc": 735, "err_cross": -5, "err_lag": -1, "err_ref": -4, "secs": 0.19}
{"seed": 9310118, "family": "lin", "window_frac": 0.1, "f": 0.98, "status": "ok", "t_c": 635, "t_fc": 737, "err_cross": -3, "err_lag": -1, "err_ref": -4, "secs": 0.18}
{"seed": 9310118, "family": "lin", "window_frac": 0.25, "f": 0.8, "status": "ok", "t_c": 469, "t_fc": 700, "err_cross": -40, "err_lag": 0, "err_ref": -4, "secs": 0.18}
{"seed": 9310118, "family": "lin", "window_frac": 0.25, "f": 0.9, "status": "ok", "t_c": 559, "t_fc": 725, "err_cross": -15, "err_lag": -1, "err_ref": -4, "secs": 0.18}
{"seed": 9310118, "family": "lin", "window_frac": 0.25, "f": 0.95, "status": "ok", "t_c": 606, "t_fc": 733, "err_cross": -7, "err_lag": -1, "err_ref": -4, "secs": 0.18}
{"seed": 9310118, "family": "lin", "window_frac": 0.25, "f": 0.98, "status": "ok", "t_c": 635, "t_fc": 737, "err_cross": -3, "err_lag": -1, "err_ref": -4, "secs": 0.18}
{"seed": 9310119, "family": "quad", "window_frac": 0.05, "f": 0.8, "status": "ok", "t_c": 25811, "t_fc": 26080, "err_cross": 17, "err_lag": -5, "err_ref": -3, "secs": 0.27}
{"seed": 9310119, "family": "quad", "window_frac": 0.05, "f": 0.9, "status": "ok", "t_c": 25899, "t_fc": 26061, "err_cross": -2, "err_lag": -4, "err_ref": -3, "secs": 0.27}
{"seed": 9310119, "family": "quad", "window_frac": 0.05, "f": 0.95, "status": "ok", "t_c": 25945, "t_fc": 26060, "err_cross": -3, "err_lag": -3, "err_ref": -3, "secs": 0.27}
{"seed": 9310119, "family": "quad", "window_frac": 0.05, "f": 0.98, "status": "ok", "t_c": 25973, "t_fc": 26059, "err_cross": -4, "err_lag": -4, "err_ref": -3, "secs": 0.27}
{"seed": 9310119, "family": "quad", "window_frac": 0.1, "f": 0.8, "status": "ok", "t_c": 25811, "t_fc": 26080, "err_cross": 17, "err_lag": -5, "err_ref": -3, "secs": 0.18}
{"seed": 9310119, "family": "quad", "window_frac": 0.1, "f": 0.9, "status": "ok", "t_c": 25899, "t_fc": 26061, "err_cross": -2, "err_lag": -4, "err_ref": -3, "secs": 0.19}
{"seed": 9310119, "family": "quad", "window_frac": 0.1, "f": 0.95, "status": "ok", "t_c": 25945, "t_fc": 26060, "err_cross": -3, "err_lag": -3, "err_ref": -3, "secs": 0.18}
{"seed": 9310119, "family": "quad", "window_frac": 0.1, "f": 0.98, "status": "ok", "t_c": 25973, "t_fc": 26059, "err_cross": -4, "err_lag": -4, "err_ref": -3, "secs": 0.18}
{"seed": 9310119, "family": "quad", "window_frac": 0.25, "f": 0.8, "status": "ok", "t_c": 25811, "t_fc": 26082, "err_cross": 19, "err_lag": -6, "err_ref": -3, "secs": 0.19}
{"seed": 9310119, "family": "quad", "window_frac": 0.25, "f": 0.9, "status": "ok", "t_c": 25899, "t_fc": 26062, "err_cross": -1, "err_lag": -4, "err_ref": -3, "secs": 0.19}
{"seed": 9310119, "family": "quad", "window_frac": 0.25, "f": 0.95, "status": "ok", "t_c": 25945, "t_fc": 26060, "err_cross": -3, "err_lag": -3, "err_ref": -3, "secs": 0.18}
{"seed": 9310119, "family": "quad", "window_frac": 0.25, "f": 0.98, "status": "ok", "t_c": 25973, "t_fc": 26059, "err_cross": -4, "err_lag": -4, "err_ref": -3, "secs": 0.19}
{"seed": 9310119, "family": "rate", "window_frac": 0.05, "f": 0.8, "status": "ok", "t_c": 25811, "t_fc": 26066, "err_cross": 3, "err_lag": -4, "err_ref": -3, "secs": 0.18}
{"seed": 9310119, "family": "rate", "window_frac": 0.05, "f": 0.9, "status": "ok", "t_c": 25899, "t_fc": 26060, "err_cross": -3, "err_lag": -3, "err_ref": -3, "secs": 0.18}
{"seed": 9310119, "family": "rate", "window_frac": 0.05, "f": 0.95, "status": "ok", "t_c": 25945, "t_fc": 26060, "err_cross": -3, "err_lag": -3, "err_ref": -3, "secs": 0.18}
{"seed": 9310119, "family": "rate", "window_frac": 0.05, "f": 0.98, "status": "ok", "t_c": 25973, "t_fc": 26060, "err_cross": -3, "err_lag": -3, "err_ref": -3, "secs": 0.18}
{"seed": 9310119, "family": "rate", "window_frac": 0.1, "f": 0.8, "status": "ok", "t_c": 25811, "t_fc": 26066, "err_cross": 3, "err_lag": -4, "err_ref": -3, "secs": 0.18}
{"seed": 9310119, "family": "rate", "window_frac": 0.1, "f": 0.9, "status": "ok", "t_c": 25899, "t_fc": 26060, "err_cross": -3, "err_lag": -3, "err_ref": -3, "secs": 0.19}
{"seed": 9310119, "family": "rate", "window_frac": 0.1, "f": 0.95, "status": "ok", "t_c": 25945, "t_fc": 26060, "err_cross": -3, "err_lag": -3, "err_ref": -3, "secs": 0.18}
{"seed": 9310119, "family": "rate", "window_frac": 0.1, "f": 0.98, "status": "ok", "t_c": 25973, "t_fc": 26060, "err_cross": -3, "err_lag": -3, "err_ref": -3, "secs": 0.18}
{"seed": 9310119, "family": "rate", "window_frac": 0.25, "f": 0.8, "status": "ok", "t_c": 25811, "t_fc": 26067, "err_cross": 4, "err_lag": -3, "err_ref": -3, "secs": 0.18}
{"seed": 9310119, "family": "rate", "window_frac": 0.25, "f": 0.9, "status": "ok", "t_c": 25899, "t_fc": 26061, "err_cross": -2, "err_lag": -3, "err_ref": -3, "secs": 0.18}
{"seed": 9310119, "family": "rate", "window_frac": 0.25, "f": 0.95, "status": "ok", "t_c": 25945, "t_fc": 26060, "err_cross": -3, "err_lag": -3, "err_ref": -3, "secs": 0.18}
{"seed": 9310119, "family": "rate", "window_frac": 0.25, "f": 0.98, "status": "ok", "t_c": 25973, "t_fc": 26060, "err_cross": -3, "err_lag": -3, "err_ref": -3, "secs": 0.18}
{"seed": 9310119, "family": "lin", "window_frac": 0.05, "f": 0.8, "status": "ok", "t_c": 25811, "t_fc": 26024, "err_cross": -39, "err_lag": -2, "err_ref": -3, "secs": 0.19}
{"seed": 9310119, "family": "lin", "window_frac": 0.05, "f": 0.9, "status": "ok", "t_c": 25899, "t_fc": 26050, "err_cross": -13, "err_lag": -1, "err_ref": -3, "secs": 0.18}
{"seed": 9310119, "family": "lin", "window_frac": 0.05, "f": 0.95, "status": "ok", "t_c": 25945, "t_fc": 26057, "err_cross": -6, "err_lag": -2, "err_ref": -3, "secs": 0.18}
{"seed": 9310119, "family": "lin", "window_frac": 0.05, "f": 0.98, "status": "ok", "t_c": 25973, "t_fc": 26060, "err_cross": -3, "err_lag": -1, "err_ref": -3, "secs": 0.18}
{"seed": 9310119, "family": "lin", "window_frac": 0.1, "f": 0.8, "status": "ok", "t_c": 25811, "t_fc": 26024, "err_cross": -39, "err_lag": -2, "err_ref": -3, "secs": 0.18}
{"seed": 9310119, "family": "lin", "window_frac": 0.1, "f": 0.9, "status": "ok", "t_c": 25899, "t_fc": 26050, "err_cross": -13, "err_lag": -1, "err_ref": -3, "secs": 0.18}
{"seed": 9310119, "family": "lin", "window_frac": 0.1, "f": 0.95, "status": "ok", "t_c": 25945, "t_fc": 26057, "err_cross": -6, "err_lag": -2, "err_ref": -3, "secs": 0.18}
{"seed": 9310119, "family": "lin", "window_frac": 0.1, "f": 0.98, "status": "ok", "t_c": 25973, "t_fc": 26060, "err_cross": -3, "err_lag": -1, "err_ref": -3, "secs": 0.21}
{"seed": 9310119, "family": "lin", "window_frac": 0.25, "f": 0.8, "status": "ok", "t_c": 25811, "t_fc": 26023, "err_cross": -40, "err_lag": -1, "err_ref": -3, "secs": 0.18}
{"seed": 9310119, "family": "lin", "window_frac": 0.25, "f": 0.9, "status": "ok", "t_c": 25899, "t_fc": 26047, "err_cross": -16, "err_lag": -2, "err_ref": -3, "secs": 0.18}
{"seed": 9310119, "family": "lin", "window_frac": 0.25, "f": 0.95, "status": "ok", "t_c": 25945, "t_fc": 26055, "err_cross": -8, "err_lag": -2, "err_ref": -3, "secs": 0.18}
{"seed": 9310119, "family": "lin", "window_frac": 0.25, "f": 0.98, "status": "ok", "t_c": 25973, "t_fc": 26059, "err_cross": -4, "err_lag": -2, "err_ref": -3, "secs": 0.18}
gate (41, 1322.88)
{"seed": 9310200, "family": "quad", "window_frac": 0.05, "f": 0.8, "status": "ok", "t_c": 795, "t_fc": 1103, "err_cross": 18, "err_lag": -6, "err_ref": -4, "secs": 0.27}
{"seed": 9310200, "family": "quad", "window_frac": 0.05, "f": 0.9, "status": "ok", "t_c": 897, "t_fc": 1083, "err_cross": -2, "err_lag": -4, "err_ref": -4, "secs": 0.28}
{"seed": 9310200, "family": "quad", "window_frac": 0.05, "f": 0.95, "status": "ok", "t_c": 951, "t_fc": 1081, "err_cross": -4, "err_lag": -4, "err_ref": -4, "secs": 0.31}
{"seed": 9310200, "family": "quad", "window_frac": 0.05, "f": 0.98, "status": "ok", "t_c": 983, "t_fc": 1081, "err_cross": -4, "err_lag": -4, "err_ref": -4, "secs": 0.28}
{"seed": 9310200, "family": "quad", "window_frac": 0.1, "f": 0.8, "status": "ok", "t_c": 795, "t_fc": 1103, "err_cross": 18, "err_lag": -6, "err_ref": -4, "secs": 0.18}
{"seed": 9310200, "family": "quad", "window_frac": 0.1, "f": 0.9, "status": "ok", "t_c": 897, "t_fc": 1083, "err_cross": -2, "err_lag": -4, "err_ref": -4, "secs": 0.19}
{"seed": 9310200, "family": "quad", "window_frac": 0.1, "f": 0.95, "status": "ok", "t_c": 951, "t_fc": 1081, "err_cross": -4, "err_lag": -4, "err_ref": -4, "secs": 0.18}
{"seed": 9310200, "family": "quad", "window_frac": 0.1, "f": 0.98, "status": "ok", "t_c": 983, "t_fc": 1081, "err_cross": -4, "err_lag": -4, "err_ref": -4, "secs": 0.18}
{"seed": 9310200, "family": "quad", "window_frac": 0.25, "f": 0.8, "status": "ok", "t_c": 795, "t_fc": 1107, "err_cross": 22, "err_lag": -7, "err_ref": -4, "secs": 0.19}
{"seed": 9310200, "family": "quad", "window_frac": 0.25, "f": 0.9, "status": "ok", "t_c": 897, "t_fc": 1084, "err_cross": -1, "err_lag": -4, "err_ref": -4, "secs": 0.18}
{"seed": 9310200, "family": "quad", "window_frac": 0.25, "f": 0.95, "status": "ok", "t_c": 951, "t_fc": 1082, "err_cross": -3, "err_lag": -3, "err_ref": -4, "secs": 0.18}
{"seed": 9310200, "family": "quad", "window_frac": 0.25, "f": 0.98, "status": "ok", "t_c": 983, "t_fc": 1081, "err_cross": -4, "err_lag": -4, "err_ref": -4, "secs": 0.18}
{"seed": 9310200, "family": "rate", "window_frac": 0.05, "f": 0.8, "status": "ok", "t_c": 795, "t_fc": 1089, "err_cross": 4, "err_lag": -3, "err_ref": -4, "secs": 0.18}
{"seed": 9310200, "family": "rate", "window_frac": 0.05, "f": 0.9, "status": "ok", "t_c": 897, "t_fc": 1082, "err_cross": -3, "err_lag": -4, "err_ref": -4, "secs": 0.18}
{"seed": 9310200, "family": "rate", "window_frac": 0.05, "f": 0.95, "status": "ok", "t_c": 951, "t_fc": 1081, "err_cross": -4, "err_lag": -4, "err_ref": -4, "secs": 0.18}
{"seed": 9310200, "family": "rate", "window_frac": 0.05, "f": 0.98, "status": "ok", "t_c": 983, "t_fc": 1081, "err_cross": -4, "err_lag": -4, "err_ref": -4, "secs": 0.18}
{"seed": 9310200, "family": "rate", "window_frac": 0.1, "f": 0.8, "status": "ok", "t_c": 795, "t_fc": 1089, "err_cross": 4, "err_lag": -3, "err_ref": -4, "secs": 0.18}
{"seed": 9310200, "family": "rate", "window_frac": 0.1, "f": 0.9, "status": "ok", "t_c": 897, "t_fc": 1082, "err_cross": -3, "err_lag": -4, "err_ref": -4, "secs": 0.18}
{"seed": 9310200, "family": "rate", "window_frac": 0.1, "f": 0.95, "status": "ok", "t_c": 951, "t_fc": 1081, "err_cross": -4, "err_lag": -4, "err_ref": -4, "secs": 0.18}
{"seed": 9310200, "family": "rate", "window_frac": 0.1, "f": 0.98, "status": "ok", "t_c": 983, "t_fc": 1081, "err_cross": -4, "err_lag": -4, "err_ref": -4, "secs": 0.18}
{"seed": 9310200, "family": "rate", "window_frac": 0.25, "f": 0.8, "status": "ok", "t_c": 795, "t_fc": 1090, "err_cross": 5, "err_lag": -3, "err_ref": -4, "secs": 0.18}
{"seed": 9310200, "family": "rate", "window_frac": 0.25, "f": 0.9, "status": "ok", "t_c": 897, "t_fc": 1083, "err_cross": -2, "err_lag": -3, "err_ref": -4, "secs": 0.18}
{"seed": 9310200, "family": "rate", "window_frac": 0.25, "f": 0.95, "status": "ok", "t_c": 951, "t_fc": 1082, "err_cross": -3, "err_lag": -3, "err_ref": -4, "secs": 0.18}
{"seed": 9310200, "family": "rate", "window_frac": 0.25, "f": 0.98, "status": "ok", "t_c": 983, "t_fc": 1081, "err_cross": -4, "err_lag": -4, "err_ref": -4, "secs": 0.18}
{"seed": 9310200, "family": "lin", "window_frac": 0.05, "f": 0.8, "status": "ok", "t_c": 795, "t_fc": 1041, "err_cross": -44, "err_lag": -2, "err_ref": -4, "secs": 0.18}
{"seed": 9310200, "family": "lin", "window_frac": 0.05, "f": 0.9, "status": "ok", "t_c": 897, "t_fc": 1070, "err_cross": -15, "err_lag": -2, "err_ref": -4, "secs": 0.18}
{"seed": 9310200, "family": "lin", "window_frac": 0.05, "f": 0.95, "status": "ok", "t_c": 951, "t_fc": 1079, "err_cross": -6, "err_lag": -1, "err_ref": -4, "secs": 0.18}
{"seed": 9310200, "family": "lin", "window_frac": 0.05, "f": 0.98, "status": "ok", "t_c": 983, "t_fc": 1082, "err_cross": -3, "err_lag": -1, "err_ref": -4, "secs": 0.18}
{"seed": 9310200, "family": "lin", "window_frac": 0.1, "f": 0.8, "status": "ok", "t_c": 795, "t_fc": 1041, "err_cross": -44, "err_lag": -2, "err_ref": -4, "secs": 0.19}
{"seed": 9310200, "family": "lin", "window_frac": 0.1, "f": 0.9, "status": "ok", "t_c": 897, "t_fc": 1070, "err_cross": -15, "err_lag": -2, "err_ref": -4, "secs": 0.2}
{"seed": 9310200, "family": "lin", "window_frac": 0.1, "f": 0.95, "status": "ok", "t_c": 951, "t_fc": 1079, "err_cross": -6, "err_lag": -1, "err_ref": -4, "secs": 0.19}
{"seed": 9310200, "family": "lin", "window_frac": 0.1, "f": 0.98, "status": "ok", "t_c": 983, "t_fc": 1082, "err_cross": -3, "err_lag": -1, "err_ref": -4, "secs": 0.2}
{"seed": 9310200, "family": "lin", "window_frac": 0.25, "f": 0.8, "status": "ok", "t_c": 795, "t_fc": 1038, "err_cross": -47, "err_lag": -2, "err_ref": -4, "secs": 0.19}
{"seed": 9310200, "family": "lin", "window_frac": 0.25, "f": 0.9, "status": "ok", "t_c": 897, "t_fc": 1067, "err_cross": -18, "err_lag": -1, "err_ref": -4, "secs": 0.2}
{"seed": 9310200, "family": "lin", "window_frac": 0.25, "f": 0.95, "status": "ok", "t_c": 951, "t_fc": 1077, "err_cross": -8, "err_lag": -1, "err_ref": -4, "secs": 0.2}
{"seed": 9310200, "family": "lin", "window_frac": 0.25, "f": 0.98, "status": "ok", "t_c": 983, "t_fc": 1081, "err_cross": -4, "err_lag": -1, "err_ref": -4, "secs": 0.2}
{"seed": 9310201, "family": "quad", "window_frac": 0.05, "f": 0.8, "status": "ok", "t_c": 487, "t_fc": 797, "err_cross": 16, "err_lag": -9, "err_ref": -4, "secs": 0.29}
{"seed": 9310201, "family": "quad", "window_frac": 0.05, "f": 0.9, "status": "ok", "t_c": 588, "t_fc": 777, "err_cross": -4, "err_lag": -7, "err_ref": -4, "secs": 0.29}
{"seed": 9310201, "family": "quad", "window_frac": 0.05, "f": 0.95, "status": "ok", "t_c": 640, "t_fc": 776, "err_cross": -5, "err_lag": -6, "err_ref": -4, "secs": 0.28}
{"seed": 9310201, "family": "quad", "window_frac": 0.05, "f": 0.98, "status": "ok", "t_c": 672, "t_fc": 776, "err_cross": -5, "err_lag": -5, "err_ref": -4, "secs": 0.29}
{"seed": 9310201, "family": "quad", "window_frac": 0.1, "f": 0.8, "status": "ok", "t_c": 487, "t_fc": 797, "err_cross": 16, "err_lag": -9, "err_ref": -4, "secs": 0.2}
{"seed": 9310201, "family": "quad", "window_frac": 0.1, "f": 0.9, "status": "ok", "t_c": 588, "t_fc": 777, "err_cross": -4, "err_lag": -7, "err_ref": -4, "secs": 0.19}
{"seed": 9310201, "family": "quad", "window_frac": 0.1, "f": 0.95, "status": "ok", "t_c": 640, "t_fc": 776, "err_cross": -5, "err_lag": -6, "err_ref": -4, "secs": 0.2}
{"seed": 9310201, "family": "quad", "window_frac": 0.1, "f": 0.98, "status": "ok", "t_c": 672, "t_fc": 776, "err_cross": -5, "err_lag": -5, "err_ref": -4, "secs": 0.19}
{"seed": 9310201, "family": "quad", "window_frac": 0.25, "f": 0.8, "status": "ok", "t_c": 487, "t_fc": 803, "err_cross": 22, "err_lag": -10, "err_ref": -4, "secs": 0.2}
{"seed": 9310201, "family": "quad", "window_frac": 0.25, "f": 0.9, "status": "ok", "t_c": 588, "t_fc": 779, "err_cross": -2, "err_lag": -6, "err_ref": -4, "secs": 0.19}
{"seed": 9310201, "family": "quad", "window_frac": 0.25, "f": 0.95, "status": "ok", "t_c": 640, "t_fc": 776, "err_cross": -5, "err_lag": -6, "err_ref": -4, "secs": 0.2}
{"seed": 9310201, "family": "quad", "window_frac": 0.25, "f": 0.98, "status": "ok", "t_c": 672, "t_fc": 776, "err_cross": -5, "err_lag": -6, "err_ref": -4, "secs": 0.19}
{"seed": 9310201, "family": "rate", "window_frac": 0.05, "f": 0.8, "status": "ok", "t_c": 487, "t_fc": 784, "err_cross": 3, "err_lag": -5, "err_ref": -4, "secs": 0.2}
{"seed": 9310201, "family": "rate", "window_frac": 0.05, "f": 0.9, "status": "ok", "t_c": 588, "t_fc": 777, "err_cross": -4, "err_lag": -5, "err_ref": -4, "secs": 0.19}
{"seed": 9310201, "family": "rate", "window_frac": 0.05, "f": 0.95, "status": "ok", "t_c": 640, "t_fc": 776, "err_cross": -5, "err_lag": -5, "err_ref": -4, "secs": 0.2}
{"seed": 9310201, "family": "rate", "window_frac": 0.05, "f": 0.98, "status": "ok", "t_c": 672, "t_fc": 776, "err_cross": -5, "err_lag": -5, "err_ref": -4, "secs": 0.19}
{"seed": 9310201, "family": "rate", "window_frac": 0.1, "f": 0.8, "status": "ok", "t_c": 487, "t_fc": 784, "err_cross": 3, "err_lag": -5, "err_ref": -4, "secs": 0.2}
{"seed": 9310201, "family": "rate", "window_frac": 0.1, "f": 0.9, "status": "ok", "t_c": 588, "t_fc": 777, "err_cross": -4, "err_lag": -5, "err_ref": -4, "secs": 0.19}
{"seed": 9310201, "family": "rate", "window_frac": 0.1, "f": 0.95, "status": "ok", "t_c": 640, "t_fc": 776, "err_cross": -5, "err_lag": -5, "err_ref": -4, "secs": 0.2}
{"seed": 9310201, "family": "rate", "window_frac": 0.1, "f": 0.98, "status": "ok", "t_c": 672, "t_fc": 776, "err_cross": -5, "err_lag": -5, "err_ref": -4, "secs": 0.19}
{"seed": 9310201, "family": "rate", "window_frac": 0.25, "f": 0.8, "status": "ok", "t_c": 487, "t_fc": 785, "err_cross": 4, "err_lag": -6, "err_ref": -4, "secs": 0.2}
{"seed": 9310201, "family": "rate", "window_frac": 0.25, "f": 0.9, "status": "ok", "t_c": 588, "t_fc": 778, "err_cross": -3, "err_lag": -5, "err_ref": -4, "secs": 0.2}
{"seed": 9310201, "family": "rate", "window_frac": 0.25, "f": 0.95, "status": "ok", "t_c": 640, "t_fc": 777, "err_cross": -4, "err_lag": -5, "err_ref": -4, "secs": 0.2}
{"seed": 9310201, "family": "rate", "window_frac": 0.25, "f": 0.98, "status": "ok", "t_c": 672, "t_fc": 776, "err_cross": -5, "err_lag": -5, "err_ref": -4, "secs": 0.2}
{"seed": 9310201, "family": "lin", "window_frac": 0.05, "f": 0.8, "status": "ok", "t_c": 487, "t_fc": 737, "err_cross": -44, "err_lag": -2, "err_ref": -4, "secs": 0.2}
{"seed": 9310201, "family": "lin", "window_frac": 0.05, "f": 0.9, "status": "ok", "t_c": 588, "t_fc": 766, "err_cross": -15, "err_lag": -3, "err_ref": -4, "secs": 0.2}
{"seed": 9310201, "family": "lin", "window_frac": 0.05, "f": 0.95, "status": "ok", "t_c": 640, "t_fc": 775, "err_cross": -6, "err_lag": -2, "err_ref": -4, "secs": 0.2}
{"seed": 9310201, "family": "lin", "window_frac": 0.05, "f": 0.98, "status": "ok", "t_c": 672, "t_fc": 777, "err_cross": -4, "err_lag": -3, "err_ref": -4, "secs": 0.2}
{"seed": 9310201, "family": "lin", "window_frac": 0.1, "f": 0.8, "status": "ok", "t_c": 487, "t_fc": 737, "err_cross": -44, "err_lag": -2, "err_ref": -4, "secs": 0.19}
{"seed": 9310201, "family": "lin", "window_frac": 0.1, "f": 0.9, "status": "ok", "t_c": 588, "t_fc": 766, "err_cross": -15, "err_lag": -3, "err_ref": -4, "secs": 0.2}
{"seed": 9310201, "family": "lin", "window_frac": 0.1, "f": 0.95, "status": "ok", "t_c": 640, "t_fc": 775, "err_cross": -6, "err_lag": -2, "err_ref": -4, "secs": 0.19}
{"seed": 9310201, "family": "lin", "window_frac": 0.1, "f": 0.98, "status": "ok", "t_c": 672, "t_fc": 777, "err_cross": -4, "err_lag": -3, "err_ref": -4, "secs": 0.2}
{"seed": 9310201, "family": "lin", "window_frac": 0.25, "f": 0.8, "status": "ok", "t_c": 487, "t_fc": 733, "err_cross": -48, "err_lag": -3, "err_ref": -4, "secs": 0.19}
{"seed": 9310201, "family": "lin", "window_frac": 0.25, "f": 0.9, "status": "ok", "t_c": 588, "t_fc": 763, "err_cross": -18, "err_lag": -2, "err_ref": -4, "secs": 0.2}
{"seed": 9310201, "family": "lin", "window_frac": 0.25, "f": 0.95, "status": "ok", "t_c": 640, "t_fc": 772, "err_cross": -9, "err_lag": -3, "err_ref": -4, "secs": 0.19}
{"seed": 9310201, "family": "lin", "window_frac": 0.25, "f": 0.98, "status": "ok", "t_c": 672, "t_fc": 776, "err_cross": -5, "err_lag": -3, "err_ref": -4, "secs": 0.2}
{"seed": 9310202, "family": "quad", "window_frac": 0.05, "f": 0.8, "status": "ok", "t_c": 381, "t_fc": 629, "err_cross": 14, "err_lag": -7, "err_ref": -1, "secs": 0.28}
{"seed": 9310202, "family": "quad", "window_frac": 0.05, "f": 0.9, "status": "ok", "t_c": 458, "t_fc": 614, "err_cross": -1, "err_lag": -3, "err_ref": -1, "secs": 0.28}
{"seed": 9310202, "family": "quad", "window_frac": 0.05, "f": 0.95, "status": "ok", "t_c": 498, "t_fc": 613, "err_cross": -2, "err_lag": -2, "err_ref": -1, "secs": 0.29}
{"seed": 9310202, "family": "quad", "window_frac": 0.05, "f": 0.98, "status": "ok", "t_c": 523, "t_fc": 613, "err_cross": -2, "err_lag": -2, "err_ref": -1, "secs": 0.27}
{"seed": 9310202, "family": "quad", "window_frac": 0.1, "f": 0.8, "status": "ok", "t_c": 381, "t_fc": 629, "err_cross": 14, "err_lag": -7, "err_ref": -1, "secs": 0.19}
{"seed": 9310202, "family": "quad", "window_frac": 0.1, "f": 0.9, "status": "ok", "t_c": 458, "t_fc": 614, "err_cross": -1, "err_lag": -3, "err_ref": -1, "secs": 0.18}
{"seed": 9310202, "family": "quad", "window_frac": 0.1, "f": 0.95, "status": "ok", "t_c": 498, "t_fc": 613, "err_cross": -2, "err_lag": -2, "err_ref": -1, "secs": 0.19}
{"seed": 9310202, "family": "quad", "window_frac": 0.1, "f": 0.98, "status": "ok", "t_c": 523, "t_fc": 613, "err_cross": -2, "err_lag": -2, "err_ref": -1, "secs": 0.2}
{"seed": 9310202, "family": "quad", "window_frac": 0.25, "f": 0.8, "status": "ok", "t_c": 381, "t_fc": 630, "err_cross": 15, "err_lag": -6, "err_ref": -1, "secs": 0.19}
{"seed": 9310202, "family": "quad", "window_frac": 0.25, "f": 0.9, "status": "ok", "t_c": 458, "t_fc": 615, "err_cross": 0, "err_lag": -3, "err_ref": -1, "secs": 0.19}
{"seed": 9310202, "family": "quad", "window_frac": 0.25, "f": 0.95, "status": "ok", "t_c": 498, "t_fc": 613, "err_cross": -2, "err_lag": -2, "err_ref": -1, "secs": 0.19}
{"seed": 9310202, "family": "quad", "window_frac": 0.25, "f": 0.98, "status": "ok", "t_c": 523, "t_fc": 613, "err_cross": -2, "err_lag": -2, "err_ref": -1, "secs": 0.19}
{"seed": 9310202, "family": "rate", "window_frac": 0.05, "f": 0.8, "status": "ok", "t_c": 381, "t_fc": 619, "err_cross": 4, "err_lag": -2, "err_ref": -1, "secs": 0.19}
{"seed": 9310202, "family": "rate", "window_frac": 0.05, "f": 0.9, "status": "ok", "t_c": 458, "t_fc": 614, "err_cross": -1, "err_lag": -2, "err_ref": -1, "secs": 0.2}
{"seed": 9310202, "family": "rate", "window_frac": 0.05, "f": 0.95, "status": "ok", "t_c": 498, "t_fc": 614, "err_cross": -1, "err_lag": -1, "err_ref": -1, "secs": 0.19}
{"seed": 9310202, "family": "rate", "window_frac": 0.05, "f": 0.98, "status": "ok", "t_c": 523, "t_fc": 614, "err_cross": -1, "err_lag": -1, "err_ref": -1, "secs": 0.2}
{"seed": 9310202, "family": "rate", "window_frac": 0.1, "f": 0.8, "status": "ok", "t_c": 381, "t_fc": 619, "err_cross": 4, "err_lag": -2, "err_ref": -1, "secs": 0.19}
{"seed": 9310202, "family": "rate", "window_frac": 0.1, "f": 0.9, "status": "ok", "t_c": 458, "t_fc": 614, "err_cross": -1, "err_lag": -2, "err_ref": -1, "secs": 0.2}
{"seed": 9310202, "family": "rate", "window_frac": 0.1, "f": 0.95, "status": "ok", "t_c": 498, "t_fc": 614, "err_cross": -1, "err_lag": -1, "err_ref": -1, "secs": 0.19}
{"seed": 9310202, "family": "rate", "window_frac": 0.1, "f": 0.98, "status": "ok", "t_c": 523, "t_fc": 614, "err_cross": -1, "err_lag": -1, "err_ref": -1, "secs": 0.2}
{"seed": 9310202, "family": "rate", "window_frac": 0.25, "f": 0.8, "status": "ok", "t_c": 381, "t_fc": 619, "err_cross": 4, "err_lag": -2, "err_ref": -1, "secs": 0.19}
{"seed": 9310202, "family": "rate", "window_frac": 0.25, "f": 0.9, "status": "ok", "t_c": 458, "t_fc": 615, "err_cross": 0, "err_lag": -1, "err_ref": -1, "secs": 0.2}
{"seed": 9310202, "family": "rate", "window_frac": 0.25, "f": 0.95, "status": "ok", "t_c": 498, "t_fc": 614, "err_cross": -1, "err_lag": -1, "err_ref": -1, "secs": 0.19}
{"seed": 9310202, "family": "rate", "window_frac": 0.25, "f": 0.98, "status": "ok", "t_c": 523, "t_fc": 614, "err_cross": -1, "err_lag": -1, "err_ref": -1, "secs": 0.2}
{"seed": 9310202, "family": "lin", "window_frac": 0.05, "f": 0.8, "status": "ok", "t_c": 381, "t_fc": 586, "err_cross": -29, "err_lag": 5, "err_ref": -1, "secs": 0.19}
{"seed": 9310202, "family": "lin", "window_frac": 0.05, "f": 0.9, "status": "ok", "t_c": 458, "t_fc": 607, "err_cross": -8, "err_lag": 3, "err_ref": -1, "secs": 0.19}
{"seed": 9310202, "family": "lin", "window_frac": 0.05, "f": 0.95, "status": "ok", "t_c": 498, "t_fc": 613, "err_cross": -2, "err_lag": 2, "err_ref": -1, "secs": 0.19}
{"seed": 9310202, "family": "lin", "window_frac": 0.05, "f": 0.98, "status": "ok", "t_c": 523, "t_fc": 616, "err_cross": 1, "err_lag": 2, "err_ref": -1, "secs": 0.19}
{"seed": 9310202, "family": "lin", "window_frac": 0.1, "f": 0.8, "status": "ok", "t_c": 381, "t_fc": 586, "err_cross": -29, "err_lag": 5, "err_ref": -1, "secs": 0.19}
{"seed": 9310202, "family": "lin", "window_frac": 0.1, "f": 0.9, "status": "ok", "t_c": 458, "t_fc": 607, "err_cross": -8, "err_lag": 3, "err_ref": -1, "secs": 0.19}
{"seed": 9310202, "family": "lin", "window_frac": 0.1, "f": 0.95, "status": "ok", "t_c": 498, "t_fc": 613, "err_cross": -2, "err_lag": 2, "err_ref": -1, "secs": 0.19}
{"seed": 9310202, "family": "lin", "window_frac": 0.1, "f": 0.98, "status": "ok", "t_c": 523, "t_fc": 616, "err_cross": 1, "err_lag": 2, "err_ref": -1, "secs": 0.19}
{"seed": 9310202, "family": "lin", "window_frac": 0.25, "f": 0.8, "status": "ok", "t_c": 381, "t_fc": 585, "err_cross": -30, "err_lag": 4, "err_ref": -1, "secs": 0.19}
{"seed": 9310202, "family": "lin", "window_frac": 0.25, "f": 0.9, "status": "ok", "t_c": 458, "t_fc": 606, "err_cross": -9, "err_lag": 3, "err_ref": -1, "secs": 0.19}
{"seed": 9310202, "family": "lin", "window_frac": 0.25, "f": 0.95, "status": "ok", "t_c": 498, "t_fc": 612, "err_cross": -3, "err_lag": 2, "err_ref": -1, "secs": 0.2}
{"seed": 9310202, "family": "lin", "window_frac": 0.25, "f": 0.98, "status": "ok", "t_c": 523, "t_fc": 615, "err_cross": 0, "err_lag": 2, "err_ref": -1, "secs": 0.19}
{"seed": 9310203, "family": "quad", "window_frac": 0.05, "f": 0.8, "status": "ok", "t_c": 1121, "t_fc": 1435, "err_cross": 20, "err_lag": -5, "err_ref": -4, "secs": 0.29}
{"seed": 9310203, "family": "quad", "window_frac": 0.05, "f": 0.9, "status": "ok", "t_c": 1230, "t_fc": 1413, "err_cross": -2, "err_lag": -4, "err_ref": -4, "secs": 0.29}
{"seed": 9310203, "family": "quad", "window_frac": 0.05, "f": 0.95, "status": "ok", "t_c": 1287, "t_fc": 1412, "err_cross": -3, "err_lag": -3, "err_ref": -4, "secs": 0.28}
{"seed": 9310203, "family": "quad", "window_frac": 0.05, "f": 0.98, "status": "ok", "t_c": 1322, "t_fc": 1411, "err_cross": -4, "err_lag": -4, "err_ref": -4, "secs": 0.29}
{"seed": 9310203, "family": "quad", "window_frac": 0.1, "f": 0.8, "status": "ok", "t_c": 1121, "t_fc": 1435, "err_cross": 20, "err_lag": -5, "err_ref": -4, "secs": 0.2}
{"seed": 9310203, "family": "quad", "window_frac": 0.1, "f": 0.9, "status": "ok", "t_c": 1230, "t_fc": 1413, "err_cross": -2, "err_lag": -4, "err_ref": -4, "secs": 0.19}
{"seed": 9310203, "family": "quad", "window_frac": 0.1, "f": 0.95, "status": "ok", "t_c": 1287, "t_fc": 1412, "err_cross": -3, "err_lag": -3, "err_ref": -4, "secs": 0.2}
{"seed": 9310203, "family": "quad", "window_frac": 0.1, "f": 0.98, "status": "ok", "t_c": 1322, "t_fc": 1411, "err_cross": -4, "err_lag": -4, "err_ref": -4, "secs": 0.19}
{"seed": 9310203, "family": "quad", "window_frac": 0.25, "f": 0.8, "status": "ok", "t_c": 1121, "t_fc": 1441, "err_cross": 26, "err_lag": -5, "err_ref": -4, "secs": 0.2}
{"seed": 9310203, "family": "quad", "window_frac": 0.25, "f": 0.9, "status": "ok", "t_c": 1230, "t_fc": 1415, "err_cross": 0, "err_lag": -4, "err_ref": -4, "secs": 0.19}
{"seed": 9310203, "family": "quad", "window_frac": 0.25, "f": 0.95, "status": "ok", "t_c": 1287, "t_fc": 1412, "err_cross": -3, "err_lag": -4, "err_ref": -4, "secs": 0.2}
{"seed": 9310203, "family": "quad", "window_frac": 0.25, "f": 0.98, "status": "ok", "t_c": 1322, "t_fc": 1411, "err_cross": -4, "err_lag": -4, "err_ref": -4, "secs": 0.2}
{"seed": 9310203, "family": "rate", "window_frac": 0.05, "f": 0.8, "status": "ok", "t_c": 1121, "t_fc": 1419, "err_cross": 4, "err_lag": -4, "err_ref": -4, "secs": 0.19}
{"seed": 9310203, "family": "rate", "window_frac": 0.05, "f": 0.9, "status": "ok", "t_c": 1230, "t_fc": 1412, "err_cross": -3, "err_lag": -4, "err_ref": -4, "secs": 0.2}
{"seed": 9310203, "family": "rate", "window_frac": 0.05, "f": 0.95, "status": "ok", "t_c": 1287, "t_fc": 1411, "err_cross": -4, "err_lag": -4, "err_ref": -4, "secs": 0.19}
{"seed": 9310203, "family": "rate", "window_frac": 0.05, "f": 0.98, "status": "ok", "t_c": 1322, "t_fc": 1411, "err_cross": -4, "err_lag": -4, "err_ref": -4, "secs": 0.2}
{"seed": 9310203, "family": "rate", "window_frac": 0.1, "f": 0.8, "status": "ok", "t_c": 1121, "t_fc": 1419, "err_cross": 4, "err_lag": -4, "err_ref": -4, "secs": 0.19}
{"seed": 9310203, "family": "rate", "window_frac": 0.1, "f": 0.9, "status": "ok", "t_c": 1230, "t_fc": 1412, "err_cross": -3, "err_lag": -4, "err_ref": -4, "secs": 0.2}
{"seed": 9310203, "family": "rate", "window_frac": 0.1, "f": 0.95, "status": "ok", "t_c": 1287, "t_fc": 1411, "err_cross": -4, "err_lag": -4, "err_ref": -4, "secs": 0.19}
{"seed": 9310203, "family": "rate", "window_frac": 0.1, "f": 0.98, "status": "ok", "t_c": 1322, "t_fc": 1411, "err_cross": -4, "err_lag": -4, "err_ref": -4, "secs": 0.2}
{"seed": 9310203, "family": "rate", "window_frac": 0.25, "f": 0.8, "status": "ok", "t_c": 1121, "t_fc": 1421, "err_cross": 6, "err_lag": -3, "err_ref": -4, "secs": 0.19}
{"seed": 9310203, "family": "rate", "window_frac": 0.25, "f": 0.9, "status": "ok", "t_c": 1230, "t_fc": 1413, "err_cross": -2, "err_lag": -3, "err_ref": -4, "secs": 0.2}
{"seed": 9310203, "family": "rate", "window_frac": 0.25, "f": 0.95, "status": "ok", "t_c": 1287, "t_fc": 1412, "err_cross": -3, "err_lag": -3, "err_ref": -4, "secs": 0.2}
{"seed": 9310203, "family": "rate", "window_frac": 0.25, "f": 0.98, "status": "ok", "t_c": 1322, "t_fc": 1411, "err_cross": -4, "err_lag": -4, "err_ref": -4, "secs": 0.19}
{"seed": 9310203, "family": "lin", "window_frac": 0.05, "f": 0.8, "status": "ok", "t_c": 1121, "t_fc": 1371, "err_cross": -44, "err_lag": 1, "err_ref": -4, "secs": 0.2}
{"seed": 9310203, "family": "lin", "window_frac": 0.05, "f": 0.9, "status": "ok", "t_c": 1230, "t_fc": 1399, "err_cross": -16, "err_lag": -2, "err_ref": -4, "secs": 0.19}
{"seed": 9310203, "family": "lin", "window_frac": 0.05, "f": 0.95, "status": "ok", "t_c": 1287, "t_fc": 1408, "err_cross": -7, "err_lag": -2, "err_ref": -4, "secs": 0.2}
{"seed": 9310203, "family": "lin", "window_frac": 0.05, "f": 0.98, "status": "ok", "t_c": 1322, "t_fc": 1411, "err_cross": -4, "err_lag": -2, "err_ref": -4, "secs": 0.19}
{"seed": 9310203, "family": "lin", "window_frac": 0.1, "f": 0.8, "status": "ok", "t_c": 1121, "t_fc": 1371, "err_cross": -44, "err_lag": 1, "err_ref": -4, "secs": 0.2}
{"seed": 9310203, "family": "lin", "window_frac": 0.1, "f": 0.9, "status": "ok", "t_c": 1230, "t_fc": 1399, "err_cross": -16, "err_lag": -2, "err_ref": -4, "secs": 0.19}
{"seed": 9310203, "family": "lin", "window_frac": 0.1, "f": 0.95, "status": "ok", "t_c": 1287, "t_fc": 1408, "err_cross": -7, "err_lag": -2, "err_ref": -4, "secs": 0.2}
{"seed": 9310203, "family": "lin", "window_frac": 0.1, "f": 0.98, "status": "ok", "t_c": 1322, "t_fc": 1411, "err_cross": -4, "err_lag": -2, "err_ref": -4, "secs": 0.19}
{"seed": 9310203, "family": "lin", "window_frac": 0.25, "f": 0.8, "status": "ok", "t_c": 1121, "t_fc": 1368, "err_cross": -47, "err_lag": 2, "err_ref": -4, "secs": 0.2}
{"seed": 9310203, "family": "lin", "window_frac": 0.25, "f": 0.9, "status": "ok", "t_c": 1230, "t_fc": 1395, "err_cross": -20, "err_lag": -2, "err_ref": -4, "secs": 0.19}
{"seed": 9310203, "family": "lin", "window_frac": 0.25, "f": 0.95, "status": "ok", "t_c": 1287, "t_fc": 1405, "err_cross": -10, "err_lag": -3, "err_ref": -4, "secs": 0.2}
{"seed": 9310203, "family": "lin", "window_frac": 0.25, "f": 0.98, "status": "ok", "t_c": 1322, "t_fc": 1410, "err_cross": -5, "err_lag": -2, "err_ref": -4, "secs": 0.2}
{"seed": 9310204, "family": "quad", "window_frac": 0.05, "f": 0.8, "status": "ok", "t_c": 354, "t_fc": 585, "err_cross": 11, "err_lag": -9, "err_ref": -3, "secs": 0.28}
{"seed": 9310204, "family": "quad", "window_frac": 0.05, "f": 0.9, "status": "ok", "t_c": 423, "t_fc": 571, "err_cross": -3, "err_lag": -5, "err_ref": -3, "secs": 0.27}
{"seed": 9310204, "family": "quad", "window_frac": 0.05, "f": 0.95, "status": "ok", "t_c": 459, "t_fc": 570, "err_cross": -4, "err_lag": -4, "err_ref": -3, "secs": 0.29}
{"seed": 9310204, "family": "quad", "window_frac": 0.05, "f": 0.98, "status": "ok", "t_c": 481, "t_fc": 570, "err_cross": -4, "err_lag": -4, "err_ref": -3, "secs": 0.27}
{"seed": 9310204, "family": "quad", "window_frac": 0.1, "f": 0.8, "status": "ok", "t_c": 354, "t_fc": 585, "err_cross": 11, "err_lag": -9, "err_ref": -3, "secs": 0.19}
{"seed": 9310204, "family": "quad", "window_frac": 0.1, "f": 0.9, "status": "ok", "t_c": 423, "t_fc": 571, "err_cross": -3, "err_lag": -5, "err_ref": -3, "secs": 0.18}
{"seed": 9310204, "family": "quad", "window_frac": 0.1, "f": 0.95, "status": "ok", "t_c": 459, "t_fc": 570, "err_cross": -4, "err_lag": -4, "err_ref": -3, "secs": 0.19}
{"seed": 9310204, "family": "quad", "window_frac": 0.1, "f": 0.98, "status": "ok", "t_c": 481, "t_fc": 570, "err_cross": -4, "err_lag": -4, "err_ref": -3, "secs": 0.18}
{"seed": 9310204, "family": "quad", "window_frac": 0.25, "f": 0.8, "status": "ok", "t_c": 354, "t_fc": 585, "err_cross": 11, "err_lag": -9, "err_ref": -3, "secs": 0.19}
{"seed": 9310204, "family": "quad", "window_frac": 0.25, "f": 0.9, "status": "ok", "t_c": 423, "t_fc": 571, "err_cross": -3, "err_lag": -5, "err_ref": -3, "secs": 0.18}
{"seed": 9310204, "family": "quad", "window_frac": 0.25, "f": 0.95, "status": "ok", "t_c": 459, "t_fc": 570, "err_cross": -4, "err_lag": -4, "err_ref": -3, "secs": 0.18}
{"seed": 9310204, "family": "quad", "window_frac": 0.25, "f": 0.98, "status": "ok", "t_c": 481, "t_fc": 570, "err_cross": -4, "err_lag": -4, "err_ref": -3, "secs": 0.19}
{"seed": 9310204, "family": "rate", "window_frac": 0.05, "f": 0.8, "status": "ok", "t_c": 354, "t_fc": 576, "err_cross": 2, "err_lag": -4, "err_ref": -3, "secs": 0.21}
{"seed": 9310204, "family": "rate", "window_frac": 0.05, "f": 0.9, "status": "ok", "t_c": 423, "t_fc": 571, "err_cross": -3, "err_lag": -4, "err_ref": -3, "secs": 0.19}
{"seed": 9310204, "family": "rate", "window_frac": 0.05, "f": 0.95, "status": "ok", "t_c": 459, "t_fc": 570, "err_cross": -4, "err_lag": -4, "err_ref": -3, "secs": 0.18}
{"seed": 9310204, "family": "rate", "window_frac": 0.05, "f": 0.98, "status": "ok", "t_c": 481, "t_fc": 570, "err_cross": -4, "err_lag": -4, "err_ref": -3, "secs": 0.19}
{"seed": 9310204, "family": "rate", "window_frac": 0.1, "f": 0.8, "status": "ok", "t_c": 354, "t_fc": 576, "err_cross": 2, "err_lag": -4, "err_ref": -3, "secs": 0.2}
{"seed": 9310204, "family": "rate", "window_frac": 0.1, "f": 0.9, "status": "ok", "t_c": 423, "t_fc": 571, "err_cross": -3, "err_lag": -4, "err_ref": -3, "secs": 0.18}
{"seed": 9310204, "family": "rate", "window_frac": 0.1, "f": 0.95, "status": "ok", "t_c": 459, "t_fc": 570, "err_cross": -4, "err_lag": -4, "err_ref": -3, "secs": 0.19}
{"seed": 9310204, "family": "rate", "window_frac": 0.1, "f": 0.98, "status": "ok", "t_c": 481, "t_fc": 570, "err_cross": -4, "err_lag": -4, "err_ref": -3, "secs": 0.18}
{"seed": 9310204, "family": "rate", "window_frac": 0.25, "f": 0.8, "status": "ok", "t_c": 354, "t_fc": 576, "err_cross": 2, "err_lag": -4, "err_ref": -3, "secs": 0.19}
{"seed": 9310204, "family": "rate", "window_frac": 0.25, "f": 0.9, "status": "ok", "t_c": 423, "t_fc": 571, "err_cross": -3, "err_lag": -4, "err_ref": -3, "secs": 0.19}
{"seed": 9310204, "family": "rate", "window_frac": 0.25, "f": 0.95, "status": "ok", "t_c": 459, "t_fc": 570, "err_cross": -4, "err_lag": -4, "err_ref": -3, "secs": 0.21}
{"seed": 9310204, "family": "rate", "window_frac": 0.25, "f": 0.98, "status": "ok", "t_c": 481, "t_fc": 570, "err_cross": -4, "err_lag": -4, "err_ref": -3, "secs": 0.19}
{"seed": 9310204, "family": "lin", "window_frac": 0.05, "f": 0.8, "status": "ok", "t_c": 354, "t_fc": 544, "err_cross": -30, "err_lag": 0, "err_ref": -3, "secs": 0.18}
{"seed": 9310204, "family": "lin", "window_frac": 0.05, "f": 0.9, "status": "ok", "t_c": 423, "t_fc": 564, "err_cross": -10, "err_lag": 0, "err_ref": -3, "secs": 0.19}
{"seed": 9310204, "family": "lin", "window_frac": 0.05, "f": 0.95, "status": "ok", "t_c": 459, "t_fc": 570, "err_cross": -4, "err_lag": -1, "err_ref": -3, "secs": 0.19}
{"seed": 9310204, "family": "lin", "window_frac": 0.05, "f": 0.98, "status": "ok", "t_c": 481, "t_fc": 572, "err_cross": -2, "err_lag": -1, "err_ref": -3, "secs": 0.18}
{"seed": 9310204, "family": "lin", "window_frac": 0.1, "f": 0.8, "status": "ok", "t_c": 354, "t_fc": 544, "err_cross": -30, "err_lag": 0, "err_ref": -3, "secs": 0.19}
{"seed": 9310204, "family": "lin", "window_frac": 0.1, "f": 0.9, "status": "ok", "t_c": 423, "t_fc": 564, "err_cross": -10, "err_lag": 0, "err_ref": -3, "secs": 0.18}
{"seed": 9310204, "family": "lin", "window_frac": 0.1, "f": 0.95, "status": "ok", "t_c": 459, "t_fc": 570, "err_cross": -4, "err_lag": -1, "err_ref": -3, "secs": 0.19}
{"seed": 9310204, "family": "lin", "window_frac": 0.1, "f": 0.98, "status": "ok", "t_c": 481, "t_fc": 572, "err_cross": -2, "err_lag": -1, "err_ref": -3, "secs": 0.19}
{"seed": 9310204, "family": "lin", "window_frac": 0.25, "f": 0.8, "status": "ok", "t_c": 354, "t_fc": 544, "err_cross": -30, "err_lag": 0, "err_ref": -3, "secs": 0.18}
{"seed": 9310204, "family": "lin", "window_frac": 0.25, "f": 0.9, "status": "ok", "t_c": 423, "t_fc": 564, "err_cross": -10, "err_lag": 0, "err_ref": -3, "secs": 0.19}
{"seed": 9310204, "family": "lin", "window_frac": 0.25, "f": 0.95, "status": "ok", "t_c": 459, "t_fc": 570, "err_cross": -4, "err_lag": -1, "err_ref": -3, "secs": 0.18}
{"seed": 9310204, "family": "lin", "window_frac": 0.25, "f": 0.98, "status": "ok", "t_c": 481, "t_fc": 572, "err_cross": -2, "err_lag": -1, "err_ref": -3, "secs": 0.19}
{"seed": 9310205, "family": "quad", "window_frac": 0.05, "f": 0.8, "status": "ok", "t_c": 379, "t_fc": 609, "err_cross": 14, "err_lag": -5, "err_ref": -3, "secs": 0.27}
{"seed": 9310205, "family": "quad", "window_frac": 0.05, "f": 0.9, "status": "ok", "t_c": 452, "t_fc": 593, "err_cross": -2, "err_lag": -4, "err_ref": -3, "secs": 0.28}
{"seed": 9310205, "family": "quad", "window_frac": 0.05, "f": 0.95, "status": "ok", "t_c": 490, "t_fc": 592, "err_cross": -3, "err_lag": -3, "err_ref": -3, "secs": 0.27}
{"seed": 9310205, "family": "quad", "window_frac": 0.05, "f": 0.98, "status": "ok", "t_c": 513, "t_fc": 592, "err_cross": -3, "err_lag": -3, "err_ref": -3, "secs": 0.28}
{"seed": 9310205, "family": "quad", "window_frac": 0.1, "f": 0.8, "status": "ok", "t_c": 379, "t_fc": 609, "err_cross": 14, "err_lag": -5, "err_ref": -3, "secs": 0.19}
{"seed": 9310205, "family": "quad", "window_frac": 0.1, "f": 0.9, "status": "ok", "t_c": 452, "t_fc": 593, "err_cross": -2, "err_lag": -4, "err_ref": -3, "secs": 0.19}
{"seed": 9310205, "family": "quad", "window_frac": 0.1, "f": 0.95, "status": "ok", "t_c": 490, "t_fc": 592, "err_cross": -3, "err_lag": -3, "err_ref": -3, "secs": 0.18}
{"seed": 9310205, "family": "quad", "window_frac": 0.1, "f": 0.98, "status": "ok", "t_c": 513, "t_fc": 592, "err_cross": -3, "err_lag": -3, "err_ref": -3, "secs": 0.19}
{"seed": 9310205, "family": "quad", "window_frac": 0.25, "f": 0.8, "status": "ok", "t_c": 379, "t_fc": 609, "err_cross": 14, "err_lag": -5, "err_ref": -3, "secs": 0.18}
{"seed": 9310205, "family": "quad", "window_frac": 0.25, "f": 0.9, "status": "ok", "t_c": 452, "t_fc": 593, "err_cross": -2, "err_lag": -4, "err_ref": -3, "secs": 0.19}
{"seed": 9310205, "family": "quad", "window_frac": 0.25, "f": 0.95, "status": "ok", "t_c": 490, "t_fc": 592, "err_cross": -3, "err_lag": -3, "err_ref": -3, "secs": 0.19}
{"seed": 9310205, "family": "quad", "window_frac": 0.25, "f": 0.98, "status": "ok", "t_c": 513, "t_fc": 592, "err_cross": -3, "err_lag": -3, "err_ref": -3, "secs": 0.18}
{"seed": 9310205, "family": "rate", "window_frac": 0.05, "f": 0.8, "status": "ok", "t_c": 379, "t_fc": 597, "err_cross": 2, "err_lag": -4, "err_ref": -3, "secs": 0.19}
{"seed": 9310205, "family": "rate", "window_frac": 0.05, "f": 0.9, "status": "ok", "t_c": 452, "t_fc": 592, "err_cross": -3, "err_lag": -3, "err_ref": -3, "secs": 0.18}
{"seed": 9310205, "family": "rate", "window_frac": 0.05, "f": 0.95, "status": "ok", "t_c": 490, "t_fc": 592, "err_cross": -3, "err_lag": -3, "err_ref": -3, "secs": 0.19}
{"seed": 9310205, "family": "rate", "window_frac": 0.05, "f": 0.98, "status": "ok", "t_c": 513, "t_fc": 592, "err_cross": -3, "err_lag": -3, "err_ref": -3, "secs": 0.19}
{"seed": 9310205, "family": "rate", "window_frac": 0.1, "f": 0.8, "status": "ok", "t_c": 379, "t_fc": 597, "err_cross": 2, "err_lag": -4, "err_ref": -3, "secs": 0.19}
{"seed": 9310205, "family": "rate", "window_frac": 0.1, "f": 0.9, "status": "ok", "t_c": 452, "t_fc": 592, "err_cross": -3, "err_lag": -3, "err_ref": -3, "secs": 0.2}
{"seed": 9310205, "family": "rate", "window_frac": 0.1, "f": 0.95, "status": "ok", "t_c": 490, "t_fc": 592, "err_cross": -3, "err_lag": -3, "err_ref": -3, "secs": 0.18}
{"seed": 9310205, "family": "rate", "window_frac": 0.1, "f": 0.98, "status": "ok", "t_c": 513, "t_fc": 592, "err_cross": -3, "err_lag": -3, "err_ref": -3, "secs": 0.19}
{"seed": 9310205, "family": "rate", "window_frac": 0.25, "f": 0.8, "status": "ok", "t_c": 379, "t_fc": 597, "err_cross": 2, "err_lag": -4, "err_ref": -3, "secs": 0.19}
{"seed": 9310205, "family": "rate", "window_frac": 0.25, "f": 0.9, "status": "ok", "t_c": 452, "t_fc": 592, "err_cross": -3, "err_lag": -3, "err_ref": -3, "secs": 0.18}
{"seed": 9310205, "family": "rate", "window_frac": 0.25, "f": 0.95, "status": "ok", "t_c": 490, "t_fc": 592, "err_cross": -3, "err_lag": -3, "err_ref": -3, "secs": 0.2}
{"seed": 9310205, "family": "rate", "window_frac": 0.25, "f": 0.98, "status": "ok", "t_c": 513, "t_fc": 592, "err_cross": -3, "err_lag": -3, "err_ref": -3, "secs": 0.18}
{"seed": 9310205, "family": "lin", "window_frac": 0.05, "f": 0.8, "status": "ok", "t_c": 379, "t_fc": 565, "err_cross": -30, "err_lag": 2, "err_ref": -3, "secs": 0.19}
{"seed": 9310205, "family": "lin", "window_frac": 0.05, "f": 0.9, "status": "ok", "t_c": 452, "t_fc": 584, "err_cross": -11, "err_lag": -1, "err_ref": -3, "secs": 0.19}
{"seed": 9310205, "family": "lin", "window_frac": 0.05, "f": 0.95, "status": "ok", "t_c": 490, "t_fc": 590, "err_cross": -5, "err_lag": -1, "err_ref": -3, "secs": 0.18}
{"seed": 9310205, "family": "lin", "window_frac": 0.05, "f": 0.98, "status": "ok", "t_c": 513, "t_fc": 592, "err_cross": -3, "err_lag": -2, "err_ref": -3, "secs": 0.19}
{"seed": 9310205, "family": "lin", "window_frac": 0.1, "f": 0.8, "status": "ok", "t_c": 379, "t_fc": 565, "err_cross": -30, "err_lag": 2, "err_ref": -3, "secs": 0.18}
{"seed": 9310205, "family": "lin", "window_frac": 0.1, "f": 0.9, "status": "ok", "t_c": 452, "t_fc": 584, "err_cross": -11, "err_lag": -1, "err_ref": -3, "secs": 0.19}
{"seed": 9310205, "family": "lin", "window_frac": 0.1, "f": 0.95, "status": "ok", "t_c": 490, "t_fc": 590, "err_cross": -5, "err_lag": -1, "err_ref": -3, "secs": 0.19}
{"seed": 9310205, "family": "lin", "window_frac": 0.1, "f": 0.98, "status": "ok", "t_c": 513, "t_fc": 592, "err_cross": -3, "err_lag": -2, "err_ref": -3, "secs": 0.18}
{"seed": 9310205, "family": "lin", "window_frac": 0.25, "f": 0.8, "status": "ok", "t_c": 379, "t_fc": 565, "err_cross": -30, "err_lag": 2, "err_ref": -3, "secs": 0.19}
{"seed": 9310205, "family": "lin", "window_frac": 0.25, "f": 0.9, "status": "ok", "t_c": 452, "t_fc": 584, "err_cross": -11, "err_lag": -1, "err_ref": -3, "secs": 0.19}
{"seed": 9310205, "family": "lin", "window_frac": 0.25, "f": 0.95, "status": "ok", "t_c": 490, "t_fc": 590, "err_cross": -5, "err_lag": -1, "err_ref": -3, "secs": 0.19}
{"seed": 9310205, "family": "lin", "window_frac": 0.25, "f": 0.98, "status": "ok", "t_c": 513, "t_fc": 592, "err_cross": -3, "err_lag": -1, "err_ref": -3, "secs": 0.2}
{"seed": 9310206, "family": "quad", "window_frac": 0.05, "f": 0.8, "status": "ok", "t_c": 706, "t_fc": 1096, "err_cross": 23, "err_lag": -8, "err_ref": -4, "secs": 0.29}
{"seed": 9310206, "family": "quad", "window_frac": 0.05, "f": 0.9, "status": "ok", "t_c": 841, "t_fc": 1071, "err_cross": -2, "err_lag": -5, "err_ref": -4, "secs": 0.29}
{"seed": 9310206, "family": "quad", "window_frac": 0.05, "f": 0.95, "status": "ok", "t_c": 911, "t_fc": 1069, "err_cross": -4, "err_lag": -5, "err_ref": -4, "secs": 0.3}
{"seed": 9310206, "family": "quad", "window_frac": 0.05, "f": 0.98, "status": "ok", "t_c": 955, "t_fc": 1069, "err_cross": -4, "err_lag": -4, "err_ref": -4, "secs": 0.29}
{"seed": 9310206, "family": "quad", "window_frac": 0.1, "f": 0.8, "status": "ok", "t_c": 706, "t_fc": 1096, "err_cross": 23, "err_lag": -8, "err_ref": -4, "secs": 0.21}
{"seed": 9310206, "family": "quad", "window_frac": 0.1, "f": 0.9, "status": "ok", "t_c": 841, "t_fc": 1071, "err_cross": -2, "err_lag": -5, "err_ref": -4, "secs": 0.2}
{"seed": 9310206, "family": "quad", "window_frac": 0.1, "f": 0.95, "status": "ok", "t_c": 911, "t_fc": 1069, "err_cross": -4, "err_lag": -5, "err_ref": -4, "secs": 0.2}
{"seed": 9310206, "family": "quad", "window_frac": 0.1, "f": 0.98, "status": "ok", "t_c": 955, "t_fc": 1069, "err_cross": -4, "err_lag": -4, "err_ref": -4, "secs": 0.2}
{"seed": 9310206, "family": "quad", "window_frac": 0.25, "f": 0.8, "status": "ok", "t_c": 706, "t_fc": 1107, "err_cross": 34, "err_lag": -8, "err_ref": -4, "secs": 0.2}
{"seed": 9310206, "family": "quad", "window_frac": 0.25, "f": 0.9, "status": "ok", "t_c": 841, "t_fc": 1073, "err_cross": 0, "err_lag": -6, "err_ref": -4, "secs": 0.21}
{"seed": 9310206, "family": "quad", "window_frac": 0.25, "f": 0.95, "status": "ok", "t_c": 911, "t_fc": 1069, "err_cross": -4, "err_lag": -6, "err_ref": -4, "secs": 0.19}
{"seed": 9310206, "family": "quad", "window_frac": 0.25, "f": 0.98, "status": "ok", "t_c": 955, "t_fc": 1069, "err_cross": -4, "err_lag": -5, "err_ref": -4, "secs": 0.21}
{"seed": 9310206, "family": "rate", "window_frac": 0.05, "f": 0.8, "status": "ok", "t_c": 706, "t_fc": 1078, "err_cross": 5, "err_lag": -5, "err_ref": -4, "secs": 0.2}
{"seed": 9310206, "family": "rate", "window_frac": 0.05, "f": 0.9, "status": "ok", "t_c": 841, "t_fc": 1070, "err_cross": -3, "err_lag": -5, "err_ref": -4, "secs": 0.2}
{"seed": 9310206, "family": "rate", "window_frac": 0.05, "f": 0.95, "status": "ok", "t_c": 911, "t_fc": 1069, "err_cross": -4, "err_lag": -5, "err_ref": -4, "secs": 0.21}
{"seed": 9310206, "family": "rate", "window_frac": 0.05, "f": 0.98, "status": "ok", "t_c": 955, "t_fc": 1069, "err_cross": -4, "err_lag": -4, "err_ref": -4, "secs": 0.19}
{"seed": 9310206, "family": "rate", "window_frac": 0.1, "f": 0.8, "status": "ok", "t_c": 706, "t_fc": 1078, "err_cross": 5, "err_lag": -5, "err_ref": -4, "secs": 0.2}
{"seed": 9310206, "family": "rate", "window_frac": 0.1, "f": 0.9, "status": "ok", "t_c": 841, "t_fc": 1070, "err_cross": -3, "err_lag": -5, "err_ref": -4, "secs": 0.2}
{"seed": 9310206, "family": "rate", "window_frac": 0.1, "f": 0.95, "status": "ok", "t_c": 911, "t_fc": 1069, "err_cross": -4, "err_lag": -5, "err_ref": -4, "secs": 0.2}
{"seed": 9310206, "family": "rate", "window_frac": 0.1, "f": 0.98, "status": "ok", "t_c": 955, "t_fc": 1069, "err_cross": -4, "err_lag": -4, "err_ref": -4, "secs": 0.21}
{"seed": 9310206, "family": "rate", "window_frac": 0.25, "f": 0.8, "status": "ok", "t_c": 706, "t_fc": 1080, "err_cross": 7, "err_lag": -5, "err_ref": -4, "secs": 0.2}
{"seed": 9310206, "family": "rate", "window_frac": 0.25, "f": 0.9, "status": "ok", "t_c": 841, "t_fc": 1071, "err_cross": -2, "err_lag": -4, "err_ref": -4, "secs": 0.2}
{"seed": 9310206, "family": "rate", "window_frac": 0.25, "f": 0.95, "status": "ok", "t_c": 911, "t_fc": 1069, "err_cross": -4, "err_lag": -5, "err_ref": -4, "secs": 0.21}
{"seed": 9310206, "family": "rate", "window_frac": 0.25, "f": 0.98, "status": "ok", "t_c": 955, "t_fc": 1069, "err_cross": -4, "err_lag": -5, "err_ref": -4, "secs": 0.19}
{"seed": 9310206, "family": "lin", "window_frac": 0.05, "f": 0.8, "status": "ok", "t_c": 706, "t_fc": 1016, "err_cross": -57, "err_lag": -3, "err_ref": -4, "secs": 0.21}
{"seed": 9310206, "family": "lin", "window_frac": 0.05, "f": 0.9, "status": "ok", "t_c": 841, "t_fc": 1055, "err_cross": -18, "err_lag": -3, "err_ref": -4, "secs": 0.2}
{"seed": 9310206, "family": "lin", "window_frac": 0.05, "f": 0.95, "status": "ok", "t_c": 911, "t_fc": 1065, "err_cross": -8, "err_lag": -3, "err_ref": -4, "secs": 0.2}
{"seed": 9310206, "family": "lin", "window_frac": 0.05, "f": 0.98, "status": "ok", "t_c": 955, "t_fc": 1069, "err_cross": -4, "err_lag": -3, "err_ref": -4, "secs": 0.21}
{"seed": 9310206, "family": "lin", "window_frac": 0.1, "f": 0.8, "status": "ok", "t_c": 706, "t_fc": 1016, "err_cross": -57, "err_lag": -3, "err_ref": -4, "secs": 0.2}
{"seed": 9310206, "family": "lin", "window_frac": 0.1, "f": 0.9, "status": "ok", "t_c": 841, "t_fc": 1055, "err_cross": -18, "err_lag": -3, "err_ref": -4, "secs": 0.21}
{"seed": 9310206, "family": "lin", "window_frac": 0.1, "f": 0.95, "status": "ok", "t_c": 911, "t_fc": 1065, "err_cross": -8, "err_lag": -3, "err_ref": -4, "secs": 0.19}
{"seed": 9310206, "family": "lin", "window_frac": 0.1, "f": 0.98, "status": "ok", "t_c": 955, "t_fc": 1069, "err_cross": -4, "err_lag": -3, "err_ref": -4, "secs": 0.2}
{"seed": 9310206, "family": "lin", "window_frac": 0.25, "f": 0.8, "status": "ok", "t_c": 706, "t_fc": 1010, "err_cross": -63, "err_lag": -2, "err_ref": -4, "secs": 0.2}
{"seed": 9310206, "family": "lin", "window_frac": 0.25, "f": 0.9, "status": "ok", "t_c": 841, "t_fc": 1049, "err_cross": -24, "err_lag": -3, "err_ref": -4, "secs": 0.2}
{"seed": 9310206, "family": "lin", "window_frac": 0.25, "f": 0.95, "status": "ok", "t_c": 911, "t_fc": 1062, "err_cross": -11, "err_lag": -3, "err_ref": -4, "secs": 0.21}
{"seed": 9310206, "family": "lin", "window_frac": 0.25, "f": 0.98, "status": "ok", "t_c": 955, "t_fc": 1068, "err_cross": -5, "err_lag": -2, "err_ref": -4, "secs": 0.19}
{"seed": 9310207, "family": "quad", "window_frac": 0.05, "f": 0.8, "status": "no cutoff: s never reaches f\u00b7s_ref in the saved path", "t_c": null, "t_fc": null, "err_cross": null, "err_lag": null, "err_ref": null, "secs": 0.1}
{"seed": 9310207, "family": "quad", "window_frac": 0.05, "f": 0.9, "status": "no cutoff: s never reaches f\u00b7s_ref in the saved path", "t_c": null, "t_fc": null, "err_cross": null, "err_lag": null, "err_ref": null, "secs": 0.1}
{"seed": 9310207, "family": "quad", "window_frac": 0.05, "f": 0.95, "status": "no cutoff: s never reaches f\u00b7s_ref in the saved path", "t_c": null, "t_fc": null, "err_cross": null, "err_lag": null, "err_ref": null, "secs": 0.1}
{"seed": 9310207, "family": "quad", "window_frac": 0.05, "f": 0.98, "status": "no cutoff: s never reaches f\u00b7s_ref in the saved path", "t_c": null, "t_fc": null, "err_cross": null, "err_lag": null, "err_ref": null, "secs": 0.1}
{"seed": 9310207, "family": "quad", "window_frac": 0.1, "f": 0.8, "status": "no cutoff: s never reaches f\u00b7s_ref in the saved path", "t_c": null, "t_fc": null, "err_cross": null, "err_lag": null, "err_ref": null, "secs": 0.0}
{"seed": 9310207, "family": "quad", "window_frac": 0.1, "f": 0.9, "status": "no cutoff: s never reaches f\u00b7s_ref in the saved path", "t_c": null, "t_fc": null, "err_cross": null, "err_lag": null, "err_ref": null, "secs": 0.0}
{"seed": 9310207, "family": "quad", "window_frac": 0.1, "f": 0.95, "status": "no cutoff: s never reaches f\u00b7s_ref in the saved path", "t_c": null, "t_fc": null, "err_cross": null, "err_lag": null, "err_ref": null, "secs": 0.0}
{"seed": 9310207, "family": "quad", "window_frac": 0.1, "f": 0.98, "status": "no cutoff: s never reaches f\u00b7s_ref in the saved path", "t_c": null, "t_fc": null, "err_cross": null, "err_lag": null, "err_ref": null, "secs": 0.0}
{"seed": 9310207, "family": "quad", "window_frac": 0.25, "f": 0.8, "status": "no cutoff: s never reaches f\u00b7s_ref in the saved path", "t_c": null, "t_fc": null, "err_cross": null, "err_lag": null, "err_ref": null, "secs": 0.0}
{"seed": 9310207, "family": "quad", "window_frac": 0.25, "f": 0.9, "status": "no cutoff: s never reaches f\u00b7s_ref in the saved path", "t_c": null, "t_fc": null, "err_cross": null, "err_lag": null, "err_ref": null, "secs": 0.0}
{"seed": 9310207, "family": "quad", "window_frac": 0.25, "f": 0.95, "status": "no cutoff: s never reaches f\u00b7s_ref in the saved path", "t_c": null, "t_fc": null, "err_cross": null, "err_lag": null, "err_ref": null, "secs": 0.0}
{"seed": 9310207, "family": "quad", "window_frac": 0.25, "f": 0.98, "status": "no cutoff: s never reaches f\u00b7s_ref in the saved path", "t_c": null, "t_fc": null, "err_cross": null, "err_lag": null, "err_ref": null, "secs": 0.0}
{"seed": 9310207, "family": "rate", "window_frac": 0.05, "f": 0.8, "status": "no cutoff: s never reaches f\u00b7s_ref in the saved path", "t_c": null, "t_fc": null, "err_cross": null, "err_lag": null, "err_ref": null, "secs": 0.0}
{"seed": 9310207, "family": "rate", "window_frac": 0.05, "f": 0.9, "status": "no cutoff: s never reaches f\u00b7s_ref in the saved path", "t_c": null, "t_fc": null, "err_cross": null, "err_lag": null, "err_ref": null, "secs": 0.0}
{"seed": 9310207, "family": "rate", "window_frac": 0.05, "f": 0.95, "status": "no cutoff: s never reaches f\u00b7s_ref in the saved path", "t_c": null, "t_fc": null, "err_cross": null, "err_lag": null, "err_ref": null, "secs": 0.0}
{"seed": 9310207, "family": "rate", "window_frac": 0.05, "f": 0.98, "status": "no cutoff: s never reaches f\u00b7s_ref in the saved path", "t_c": null, "t_fc": null, "err_cross": null, "err_lag": null, "err_ref": null, "secs": 0.0}
{"seed": 9310207, "family": "rate", "window_frac": 0.1, "f": 0.8, "status": "no cutoff: s never reaches f\u00b7s_ref in the saved path", "t_c": null, "t_fc": null, "err_cross": null, "err_lag": null, "err_ref": null, "secs": 0.0}
{"seed": 9310207, "family": "rate", "window_frac": 0.1, "f": 0.9, "status": "no cutoff: s never reaches f\u00b7s_ref in the saved path", "t_c": null, "t_fc": null, "err_cross": null, "err_lag": null, "err_ref": null, "secs": 0.0}
{"seed": 9310207, "family": "rate", "window_frac": 0.1, "f": 0.95, "status": "no cutoff: s never reaches f\u00b7s_ref in the saved path", "t_c": null, "t_fc": null, "err_cross": null, "err_lag": null, "err_ref": null, "secs": 0.0}
{"seed": 9310207, "family": "rate", "window_frac": 0.1, "f": 0.98, "status": "no cutoff: s never reaches f\u00b7s_ref in the saved path", "t_c": null, "t_fc": null, "err_cross": null, "err_lag": null, "err_ref": null, "secs": 0.0}
{"seed": 9310207, "family": "rate", "window_frac": 0.25, "f": 0.8, "status": "no cutoff: s never reaches f\u00b7s_ref in the saved path", "t_c": null, "t_fc": null, "err_cross": null, "err_lag": null, "err_ref": null, "secs": 0.0}
{"seed": 9310207, "family": "rate", "window_frac": 0.25, "f": 0.9, "status": "no cutoff: s never reaches f\u00b7s_ref in the saved path", "t_c": null, "t_fc": null, "err_cross": null, "err_lag": null, "err_ref": null, "secs": 0.0}
{"seed": 9310207, "family": "rate", "window_frac": 0.25, "f": 0.95, "status": "no cutoff: s never reaches f\u00b7s_ref in the saved path", "t_c": null, "t_fc": null, "err_cross": null, "err_lag": null, "err_ref": null, "secs": 0.0}
{"seed": 9310207, "family": "rate", "window_frac": 0.25, "f": 0.98, "status": "no cutoff: s never reaches f\u00b7s_ref in the saved path", "t_c": null, "t_fc": null, "err_cross": null, "err_lag": null, "err_ref": null, "secs": 0.0}
{"seed": 9310207, "family": "lin", "window_frac": 0.05, "f": 0.8, "status": "no cutoff: s never reaches f\u00b7s_ref in the saved path", "t_c": null, "t_fc": null, "err_cross": null, "err_lag": null, "err_ref": null, "secs": 0.0}
{"seed": 9310207, "family": "lin", "window_frac": 0.05, "f": 0.9, "status": "no cutoff: s never reaches f\u00b7s_ref in the saved path", "t_c": null, "t_fc": null, "err_cross": null, "err_lag": null, "err_ref": null, "secs": 0.0}
{"seed": 9310207, "family": "lin", "window_frac": 0.05, "f": 0.95, "status": "no cutoff: s never reaches f\u00b7s_ref in the saved path", "t_c": null, "t_fc": null, "err_cross": null, "err_lag": null, "err_ref": null, "secs": 0.0}
{"seed": 9310207, "family": "lin", "window_frac": 0.05, "f": 0.98, "status": "no cutoff: s never reaches f\u00b7s_ref in the saved path", "t_c": null, "t_fc": null, "err_cross": null, "err_lag": null, "err_ref": null, "secs": 0.0}
{"seed": 9310207, "family": "lin", "window_frac": 0.1, "f": 0.8, "status": "no cutoff: s never reaches f\u00b7s_ref in the saved path", "t_c": null, "t_fc": null, "err_cross": null, "err_lag": null, "err_ref": null, "secs": 0.0}
{"seed": 9310207, "family": "lin", "window_frac": 0.1, "f": 0.9, "status": "no cutoff: s never reaches f\u00b7s_ref in the saved path", "t_c": null, "t_fc": null, "err_cross": null, "err_lag": null, "err_ref": null, "secs": 0.0}
{"seed": 9310207, "family": "lin", "window_frac": 0.1, "f": 0.95, "status": "no cutoff: s never reaches f\u00b7s_ref in the saved path", "t_c": null, "t_fc": null, "err_cross": null, "err_lag": null, "err_ref": null, "secs": 0.0}
{"seed": 9310207, "family": "lin", "window_frac": 0.1, "f": 0.98, "status": "no cutoff: s never reaches f\u00b7s_ref in the saved path", "t_c": null, "t_fc": null, "err_cross": null, "err_lag": null, "err_ref": null, "secs": 0.0}
{"seed": 9310207, "family": "lin", "window_frac": 0.25, "f": 0.8, "status": "no cutoff: s never reaches f\u00b7s_ref in the saved path", "t_c": null, "t_fc": null, "err_cross": null, "err_lag": null, "err_ref": null, "secs": 0.0}
{"seed": 9310207, "family": "lin", "window_frac": 0.25, "f": 0.9, "status": "no cutoff: s never reaches f\u00b7s_ref in the saved path", "t_c": null, "t_fc": null, "err_cross": null, "err_lag": null, "err_ref": null, "secs": 0.0}
{"seed": 9310207, "family": "lin", "window_frac": 0.25, "f": 0.95, "status": "no cutoff: s never reaches f\u00b7s_ref in the saved path", "t_c": null, "t_fc": null, "err_cross": null, "err_lag": null, "err_ref": null, "secs": 0.0}
{"seed": 9310207, "family": "lin", "window_frac": 0.25, "f": 0.98, "status": "no cutoff: s never reaches f\u00b7s_ref in the saved path", "t_c": null, "t_fc": null, "err_cross": null, "err_lag": null, "err_ref": null, "secs": 0.0}
{"seed": 9310208, "family": "quad", "window_frac": 0.05, "f": 0.8, "status": "ok", "t_c": 22346, "t_fc": 22625, "err_cross": 14, "err_lag": -10, "err_ref": -4, "secs": 0.29}
{"seed": 9310208, "family": "quad", "window_frac": 0.05, "f": 0.9, "status": "ok", "t_c": 22433, "t_fc": 22607, "err_cross": -4, "err_lag": -6, "err_ref": -4, "secs": 0.28}
{"seed": 9310208, "family": "quad", "window_frac": 0.05, "f": 0.95, "status": "ok", "t_c": 22479, "t_fc": 22606, "err_cross": -5, "err_lag": -5, "err_ref": -4, "secs": 0.29}
{"seed": 9310208, "family": "quad", "window_frac": 0.05, "f": 0.98, "status": "ok", "t_c": 22507, "t_fc": 22606, "err_cross": -5, "err_lag": -5, "err_ref": -4, "secs": 0.28}
{"seed": 9310208, "family": "quad", "window_frac": 0.1, "f": 0.8, "status": "ok", "t_c": 22346, "t_fc": 22625, "err_cross": 14, "err_lag": -10, "err_ref": -4, "secs": 0.2}
{"seed": 9310208, "family": "quad", "window_frac": 0.1, "f": 0.9, "status": "ok", "t_c": 22433, "t_fc": 22607, "err_cross": -4, "err_lag": -6, "err_ref": -4, "secs": 0.19}
{"seed": 9310208, "family": "quad", "window_frac": 0.1, "f": 0.95, "status": "ok", "t_c": 22479, "t_fc": 22606, "err_cross": -5, "err_lag": -5, "err_ref": -4, "secs": 0.2}
{"seed": 9310208, "family": "quad", "window_frac": 0.1, "f": 0.98, "status": "ok", "t_c": 22507, "t_fc": 22606, "err_cross": -5, "err_lag": -5, "err_ref": -4, "secs": 0.2}
{"seed": 9310208, "family": "quad", "window_frac": 0.25, "f": 0.8, "status": "ok", "t_c": 22346, "t_fc": 22627, "err_cross": 16, "err_lag": -10, "err_ref": -4, "secs": 0.19}
{"seed": 9310208, "family": "quad", "window_frac": 0.25, "f": 0.9, "status": "ok", "t_c": 22433, "t_fc": 22608, "err_cross": -3, "err_lag": -6, "err_ref": -4, "secs": 0.2}
{"seed": 9310208, "family": "quad", "window_frac": 0.25, "f": 0.95, "status": "ok", "t_c": 22479, "t_fc": 22606, "err_cross": -5, "err_lag": -6, "err_ref": -4, "secs": 0.2}
{"seed": 9310208, "family": "quad", "window_frac": 0.25, "f": 0.98, "status": "ok", "t_c": 22507, "t_fc": 22606, "err_cross": -5, "err_lag": -5, "err_ref": -4, "secs": 0.19}
{"seed": 9310208, "family": "rate", "window_frac": 0.05, "f": 0.8, "status": "ok", "t_c": 22346, "t_fc": 22613, "err_cross": 2, "err_lag": -5, "err_ref": -4, "secs": 0.2}
{"seed": 9310208, "family": "rate", "window_frac": 0.05, "f": 0.9, "status": "ok", "t_c": 22433, "t_fc": 22607, "err_cross": -4, "err_lag": -5, "err_ref": -4, "secs": 0.19}
{"seed": 9310208, "family": "rate", "window_frac": 0.05, "f": 0.95, "status": "ok", "t_c": 22479, "t_fc": 22607, "err_cross": -4, "err_lag": -4, "err_ref": -4, "secs": 0.19}
{"seed": 9310208, "family": "rate", "window_frac": 0.05, "f": 0.98, "status": "ok", "t_c": 22507, "t_fc": 22607, "err_cross": -4, "err_lag": -4, "err_ref": -4, "secs": 0.2}
{"seed": 9310208, "family": "rate", "window_frac": 0.1, "f": 0.8, "status": "ok", "t_c": 22346, "t_fc": 22613, "err_cross": 2, "err_lag": -5, "err_ref": -4, "secs": 0.19}
{"seed": 9310208, "family": "rate", "window_frac": 0.1, "f": 0.9, "status": "ok", "t_c": 22433, "t_fc": 22607, "err_cross": -4, "err_lag": -5, "err_ref": -4, "secs": 0.2}
{"seed": 9310208, "family": "rate", "window_frac": 0.1, "f": 0.95, "status": "ok", "t_c": 22479, "t_fc": 22607, "err_cross": -4, "err_lag": -4, "err_ref": -4, "secs": 0.19}
{"seed": 9310208, "family": "rate", "window_frac": 0.1, "f": 0.98, "status": "ok", "t_c": 22507, "t_fc": 22607, "err_cross": -4, "err_lag": -4, "err_ref": -4, "secs": 0.19}
{"seed": 9310208, "family": "rate", "window_frac": 0.25, "f": 0.8, "status": "ok", "t_c": 22346, "t_fc": 22614, "err_cross": 3, "err_lag": -5, "err_ref": -4, "secs": 0.2}
{"seed": 9310208, "family": "rate", "window_frac": 0.25, "f": 0.9, "status": "ok", "t_c": 22433, "t_fc": 22608, "err_cross": -3, "err_lag": -4, "err_ref": -4, "secs": 0.19}
{"seed": 9310208, "family": "rate", "window_frac": 0.25, "f": 0.95, "status": "ok", "t_c": 22479, "t_fc": 22607, "err_cross": -4, "err_lag": -4, "err_ref": -4, "secs": 0.2}
{"seed": 9310208, "family": "rate", "window_frac": 0.25, "f": 0.98, "status": "ok", "t_c": 22507, "t_fc": 22607, "err_cross": -4, "err_lag": -4, "err_ref": -4, "secs": 0.2}
{"seed": 9310208, "family": "lin", "window_frac": 0.05, "f": 0.8, "status": "ok", "t_c": 22346, "t_fc": 22573, "err_cross": -38, "err_lag": -1, "err_ref": -4, "secs": 0.19}
{"seed": 9310208, "family": "lin", "window_frac": 0.05, "f": 0.9, "status": "ok", "t_c": 22433, "t_fc": 22598, "err_cross": -13, "err_lag": -2, "err_ref": -4, "secs": 0.2}
{"seed": 9310208, "family": "lin", "window_frac": 0.05, "f": 0.95, "status": "ok", "t_c": 22479, "t_fc": 22605, "err_cross": -6, "err_lag": -2, "err_ref": -4, "secs": 0.19}
{"seed": 9310208, "family": "lin", "window_frac": 0.05, "f": 0.98, "status": "ok", "t_c": 22507, "t_fc": 22608, "err_cross": -3, "err_lag": -2, "err_ref": -4, "secs": 0.19}
{"seed": 9310208, "family": "lin", "window_frac": 0.1, "f": 0.8, "status": "ok", "t_c": 22346, "t_fc": 22573, "err_cross": -38, "err_lag": -1, "err_ref": -4, "secs": 0.2}
{"seed": 9310208, "family": "lin", "window_frac": 0.1, "f": 0.9, "status": "ok", "t_c": 22433, "t_fc": 22598, "err_cross": -13, "err_lag": -2, "err_ref": -4, "secs": 0.19}
{"seed": 9310208, "family": "lin", "window_frac": 0.1, "f": 0.95, "status": "ok", "t_c": 22479, "t_fc": 22605, "err_cross": -6, "err_lag": -2, "err_ref": -4, "secs": 0.2}
{"seed": 9310208, "family": "lin", "window_frac": 0.1, "f": 0.98, "status": "ok", "t_c": 22507, "t_fc": 22608, "err_cross": -3, "err_lag": -2, "err_ref": -4, "secs": 0.2}
{"seed": 9310208, "family": "lin", "window_frac": 0.25, "f": 0.8, "status": "ok", "t_c": 22346, "t_fc": 22572, "err_cross": -39, "err_lag": 0, "err_ref": -4, "secs": 0.19}
{"seed": 9310208, "family": "lin", "window_frac": 0.25, "f": 0.9, "status": "ok", "t_c": 22433, "t_fc": 22596, "err_cross": -15, "err_lag": -1, "err_ref": -4, "secs": 0.2}
{"seed": 9310208, "family": "lin", "window_frac": 0.25, "f": 0.95, "status": "ok", "t_c": 22479, "t_fc": 22604, "err_cross": -7, "err_lag": -1, "err_ref": -4, "secs": 0.19}
{"seed": 9310208, "family": "lin", "window_frac": 0.25, "f": 0.98, "status": "ok", "t_c": 22507, "t_fc": 22607, "err_cross": -4, "err_lag": -2, "err_ref": -4, "secs": 0.19}
{"seed": 9310209, "family": "quad", "window_frac": 0.05, "f": 0.8, "status": "ok", "t_c": 423, "t_fc": 671, "err_cross": 14, "err_lag": -6, "err_ref": -3, "secs": 0.28}
{"seed": 9310209, "family": "quad", "window_frac": 0.05, "f": 0.9, "status": "ok", "t_c": 502, "t_fc": 655, "err_cross": -2, "err_lag": -4, "err_ref": -3, "secs": 0.28}
{"seed": 9310209, "family": "quad", "window_frac": 0.05, "f": 0.95, "status": "ok", "t_c": 543, "t_fc": 654, "err_cross": -3, "err_lag": -3, "err_ref": -3, "secs": 0.27}
{"seed": 9310209, "family": "quad", "window_frac": 0.05, "f": 0.98, "status": "ok", "t_c": 569, "t_fc": 654, "err_cross": -3, "err_lag": -3, "err_ref": -3, "secs": 0.28}
{"seed": 9310209, "family": "quad", "window_frac": 0.1, "f": 0.8, "status": "ok", "t_c": 423, "t_fc": 671, "err_cross": 14, "err_lag": -6, "err_ref": -3, "secs": 0.19}
{"seed": 9310209, "family": "quad", "window_frac": 0.1, "f": 0.9, "status": "ok", "t_c": 502, "t_fc": 655, "err_cross": -2, "err_lag": -4, "err_ref": -3, "secs": 0.18}
{"seed": 9310209, "family": "quad", "window_frac": 0.1, "f": 0.95, "status": "ok", "t_c": 543, "t_fc": 654, "err_cross": -3, "err_lag": -3, "err_ref": -3, "secs": 0.2}
{"seed": 9310209, "family": "quad", "window_frac": 0.1, "f": 0.98, "status": "ok", "t_c": 569, "t_fc": 654, "err_cross": -3, "err_lag": -3, "err_ref": -3, "secs": 0.19}
{"seed": 9310209, "family": "quad", "window_frac": 0.25, "f": 0.8, "status": "ok", "t_c": 423, "t_fc": 672, "err_cross": 15, "err_lag": -6, "err_ref": -3, "secs": 0.19}
{"seed": 9310209, "family": "quad", "window_frac": 0.25, "f": 0.9, "status": "ok", "t_c": 502, "t_fc": 656, "err_cross": -1, "err_lag": -4, "err_ref": -3, "secs": 0.19}
{"seed": 9310209, "family": "quad", "window_frac": 0.25, "f": 0.95, "status": "ok", "t_c": 543, "t_fc": 654, "err_cross": -3, "err_lag": -4, "err_ref": -3, "secs": 0.19}
{"seed": 9310209, "family": "quad", "window_frac": 0.25, "f": 0.98, "status": "ok", "t_c": 569, "t_fc": 654, "err_cross": -3, "err_lag": -3, "err_ref": -3, "secs": 0.19}
{"seed": 9310209, "family": "rate", "window_frac": 0.05, "f": 0.8, "status": "ok", "t_c": 423, "t_fc": 660, "err_cross": 3, "err_lag": -3, "err_ref": -3, "secs": 0.2}
{"seed": 9310209, "family": "rate", "window_frac": 0.05, "f": 0.9, "status": "ok", "t_c": 502, "t_fc": 655, "err_cross": -2, "err_lag": -3, "err_ref": -3, "secs": 0.18}
{"seed": 9310209, "family": "rate", "window_frac": 0.05, "f": 0.95, "status": "ok", "t_c": 543, "t_fc": 654, "err_cross": -3, "err_lag": -3, "err_ref": -3, "secs": 0.19}
{"seed": 9310209, "family": "rate", "window_frac": 0.05, "f": 0.98, "status": "ok", "t_c": 569, "t_fc": 654, "err_cross": -3, "err_lag": -3, "err_ref": -3, "secs": 0.2}
{"seed": 9310209, "family": "rate", "window_frac": 0.1, "f": 0.8, "status": "ok", "t_c": 423, "t_fc": 660, "err_cross": 3, "err_lag": -3, "err_ref": -3, "secs": 0.18}
{"seed": 9310209, "family": "rate", "window_frac": 0.1, "f": 0.9, "status": "ok", "t_c": 502, "t_fc": 655, "err_cross": -2, "err_lag": -3, "err_ref": -3, "secs": 0.19}
{"seed": 9310209, "family": "rate", "window_frac": 0.1, "f": 0.95, "status": "ok", "t_c": 543, "t_fc": 654, "err_cross": -3, "err_lag": -3, "err_ref": -3, "secs": 0.21}
{"seed": 9310209, "family": "rate", "window_frac": 0.1, "f": 0.98, "status": "ok", "t_c": 569, "t_fc": 654, "err_cross": -3, "err_lag": -3, "err_ref": -3, "secs": 0.19}
{"seed": 9310209, "family": "rate", "window_frac": 0.25, "f": 0.8, "status": "ok", "t_c": 423, "t_fc": 660, "err_cross": 3, "err_lag": -3, "err_ref": -3, "secs": 0.2}
{"seed": 9310209, "family": "rate", "window_frac": 0.25, "f": 0.9, "status": "ok", "t_c": 502, "t_fc": 655, "err_cross": -2, "err_lag": -3, "err_ref": -3, "secs": 0.19}
{"seed": 9310209, "family": "rate", "window_frac": 0.25, "f": 0.95, "status": "ok", "t_c": 543, "t_fc": 654, "err_cross": -3, "err_lag": -3, "err_ref": -3, "secs": 0.19}
{"seed": 9310209, "family": "rate", "window_frac": 0.25, "f": 0.98, "status": "ok", "t_c": 569, "t_fc": 654, "err_cross": -3, "err_lag": -3, "err_ref": -3, "secs": 0.18}
{"seed": 9310209, "family": "lin", "window_frac": 0.05, "f": 0.8, "status": "ok", "t_c": 423, "t_fc": 622, "err_cross": -35, "err_lag": -1, "err_ref": -3, "secs": 0.19}
{"seed": 9310209, "family": "lin", "window_frac": 0.05, "f": 0.9, "status": "ok", "t_c": 502, "t_fc": 645, "err_cross": -12, "err_lag": -1, "err_ref": -3, "secs": 0.19}
{"seed": 9310209, "family": "lin", "window_frac": 0.05, "f": 0.95, "status": "ok", "t_c": 543, "t_fc": 652, "err_cross": -5, "err_lag": -1, "err_ref": -3, "secs": 0.18}
{"seed": 9310209, "family": "lin", "window_frac": 0.05, "f": 0.98, "status": "ok", "t_c": 569, "t_fc": 655, "err_cross": -2, "err_lag": -1, "err_ref": -3, "secs": 0.19}
{"seed": 9310209, "family": "lin", "window_frac": 0.1, "f": 0.8, "status": "ok", "t_c": 423, "t_fc": 622, "err_cross": -35, "err_lag": -1, "err_ref": -3, "secs": 0.18}
{"seed": 9310209, "family": "lin", "window_frac": 0.1, "f": 0.9, "status": "ok", "t_c": 502, "t_fc": 645, "err_cross": -12, "err_lag": -1, "err_ref": -3, "secs": 0.18}
{"seed": 9310209, "family": "lin", "window_frac": 0.1, "f": 0.95, "status": "ok", "t_c": 543, "t_fc": 652, "err_cross": -5, "err_lag": -1, "err_ref": -3, "secs": 0.19}
{"seed": 9310209, "family": "lin", "window_frac": 0.1, "f": 0.98, "status": "ok", "t_c": 569, "t_fc": 655, "err_cross": -2, "err_lag": -1, "err_ref": -3, "secs": 0.18}
{"seed": 9310209, "family": "lin", "window_frac": 0.25, "f": 0.8, "status": "ok", "t_c": 423, "t_fc": 622, "err_cross": -35, "err_lag": -1, "err_ref": -3, "secs": 0.19}
{"seed": 9310209, "family": "lin", "window_frac": 0.25, "f": 0.9, "status": "ok", "t_c": 502, "t_fc": 644, "err_cross": -13, "err_lag": -1, "err_ref": -3, "secs": 0.19}
{"seed": 9310209, "family": "lin", "window_frac": 0.25, "f": 0.95, "status": "ok", "t_c": 543, "t_fc": 651, "err_cross": -6, "err_lag": -1, "err_ref": -3, "secs": 0.18}
{"seed": 9310209, "family": "lin", "window_frac": 0.25, "f": 0.98, "status": "ok", "t_c": 569, "t_fc": 654, "err_cross": -3, "err_lag": -1, "err_ref": -3, "secs": 0.18}
{"seed": 9310210, "family": "quad", "window_frac": 0.05, "f": 0.8, "status": "ok", "t_c": 512, "t_fc": 835, "err_cross": 16, "err_lag": -10, "err_ref": -4, "secs": 0.29}
{"seed": 9310210, "family": "quad", "window_frac": 0.05, "f": 0.9, "status": "ok", "t_c": 616, "t_fc": 815, "err_cross": -4, "err_lag": -7, "err_ref": -4, "secs": 0.28}
{"seed": 9310210, "family": "quad", "window_frac": 0.05, "f": 0.95, "status": "ok", "t_c": 670, "t_fc": 814, "err_cross": -5, "err_lag": -6, "err_ref": -4, "secs": 0.28}
{"seed": 9310210, "family": "quad", "window_frac": 0.05, "f": 0.98, "status": "ok", "t_c": 704, "t_fc": 814, "err_cross": -5, "err_lag": -5, "err_ref": -4, "secs": 0.28}
{"seed": 9310210, "family": "quad", "window_frac": 0.1, "f": 0.8, "status": "ok", "t_c": 512, "t_fc": 835, "err_cross": 16, "err_lag": -10, "err_ref": -4, "secs": 0.2}
{"seed": 9310210, "family": "quad", "window_frac": 0.1, "f": 0.9, "status": "ok", "t_c": 616, "t_fc": 815, "err_cross": -4, "err_lag": -7, "err_ref": -4, "secs": 0.19}
{"seed": 9310210, "family": "quad", "window_frac": 0.1, "f": 0.95, "status": "ok", "t_c": 670, "t_fc": 814, "err_cross": -5, "err_lag": -6, "err_ref": -4, "secs": 0.2}
{"seed": 9310210, "family": "quad", "window_frac": 0.1, "f": 0.98, "status": "ok", "t_c": 704, "t_fc": 814, "err_cross": -5, "err_lag": -5, "err_ref": -4, "secs": 0.19}
{"seed": 9310210, "family": "quad", "window_frac": 0.25, "f": 0.8, "status": "ok", "t_c": 512, "t_fc": 840, "err_cross": 21, "err_lag": -11, "err_ref": -4, "secs": 0.19}
{"seed": 9310210, "family": "quad", "window_frac": 0.25, "f": 0.9, "status": "ok", "t_c": 616, "t_fc": 817, "err_cross": -2, "err_lag": -6, "err_ref": -4, "secs": 0.2}
{"seed": 9310210, "family": "quad", "window_frac": 0.25, "f": 0.95, "status": "ok", "t_c": 670, "t_fc": 814, "err_cross": -5, "err_lag": -6, "err_ref": -4, "secs": 0.19}
{"seed": 9310210, "family": "quad", "window_frac": 0.25, "f": 0.98, "status": "ok", "t_c": 704, "t_fc": 814, "err_cross": -5, "err_lag": -5, "err_ref": -4, "secs": 0.19}
{"seed": 9310210, "family": "rate", "window_frac": 0.05, "f": 0.8, "status": "ok", "t_c": 512, "t_fc": 822, "err_cross": 3, "err_lag": -5, "err_ref": -4, "secs": 0.2}
{"seed": 9310210, "family": "rate", "window_frac": 0.05, "f": 0.9, "status": "ok", "t_c": 616, "t_fc": 815, "err_cross": -4, "err_lag": -5, "err_ref": -4, "secs": 0.19}
{"seed": 9310210, "family": "rate", "window_frac": 0.05, "f": 0.95, "status": "ok", "t_c": 670, "t_fc": 815, "err_cross": -4, "err_lag": -4, "err_ref": -4, "secs": 0.2}
{"seed": 9310210, "family": "rate", "window_frac": 0.05, "f": 0.98, "status": "ok", "t_c": 704, "t_fc": 815, "err_cross": -4, "err_lag": -4, "err_ref": -4, "secs": 0.2}
{"seed": 9310210, "family": "rate", "window_frac": 0.1, "f": 0.8, "status": "ok", "t_c": 512, "t_fc": 822, "err_cross": 3, "err_lag": -5, "err_ref": -4, "secs": 0.19}
{"seed": 9310210, "family": "rate", "window_frac": 0.1, "f": 0.9, "status": "ok", "t_c": 616, "t_fc": 815, "err_cross": -4, "err_lag": -5, "err_ref": -4, "secs": 0.2}
{"seed": 9310210, "family": "rate", "window_frac": 0.1, "f": 0.95, "status": "ok", "t_c": 670, "t_fc": 815, "err_cross": -4, "err_lag": -4, "err_ref": -4, "secs": 0.2}
{"seed": 9310210, "family": "rate", "window_frac": 0.1, "f": 0.98, "status": "ok", "t_c": 704, "t_fc": 815, "err_cross": -4, "err_lag": -4, "err_ref": -4, "secs": 0.19}
{"seed": 9310210, "family": "rate", "window_frac": 0.25, "f": 0.8, "status": "ok", "t_c": 512, "t_fc": 823, "err_cross": 4, "err_lag": -6, "err_ref": -4, "secs": 0.2}
{"seed": 9310210, "family": "rate", "window_frac": 0.25, "f": 0.9, "status": "ok", "t_c": 616, "t_fc": 816, "err_cross": -3, "err_lag": -5, "err_ref": -4, "secs": 0.2}
{"seed": 9310210, "family": "rate", "window_frac": 0.25, "f": 0.95, "status": "ok", "t_c": 670, "t_fc": 815, "err_cross": -4, "err_lag": -5, "err_ref": -4, "secs": 0.19}
{"seed": 9310210, "family": "rate", "window_frac": 0.25, "f": 0.98, "status": "ok", "t_c": 704, "t_fc": 815, "err_cross": -4, "err_lag": -4, "err_ref": -4, "secs": 0.2}
{"seed": 9310210, "family": "lin", "window_frac": 0.05, "f": 0.8, "status": "ok", "t_c": 512, "t_fc": 775, "err_cross": -44, "err_lag": -1, "err_ref": -4, "secs": 0.2}
{"seed": 9310210, "family": "lin", "window_frac": 0.05, "f": 0.9, "status": "ok", "t_c": 616, "t_fc": 805, "err_cross": -14, "err_lag": -1, "err_ref": -4, "secs": 0.19}
{"seed": 9310210, "family": "lin", "window_frac": 0.05, "f": 0.95, "status": "ok", "t_c": 670, "t_fc": 813, "err_cross": -6, "err_lag": -2, "err_ref": -4, "secs": 0.2}
{"seed": 9310210, "family": "lin", "window_frac": 0.05, "f": 0.98, "status": "ok", "t_c": 704, "t_fc": 816, "err_cross": -3, "err_lag": -2, "err_ref": -4, "secs": 0.2}
{"seed": 9310210, "family": "lin", "window_frac": 0.1, "f": 0.8, "status": "ok", "t_c": 512, "t_fc": 775, "err_cross": -44, "err_lag": -1, "err_ref": -4, "secs": 0.19}
{"seed": 9310210, "family": "lin", "window_frac": 0.1, "f": 0.9, "status": "ok", "t_c": 616, "t_fc": 805, "err_cross": -14, "err_lag": -1, "err_ref": -4, "secs": 0.2}
{"seed": 9310210, "family": "lin", "window_frac": 0.1, "f": 0.95, "status": "ok", "t_c": 670, "t_fc": 813, "err_cross": -6, "err_lag": -2, "err_ref": -4, "secs": 0.23}
{"seed": 9310210, "family": "lin", "window_frac": 0.1, "f": 0.98, "status": "ok", "t_c": 704, "t_fc": 816, "err_cross": -3, "err_lag": -2, "err_ref": -4, "secs": 0.19}
{"seed": 9310210, "family": "lin", "window_frac": 0.25, "f": 0.8, "status": "ok", "t_c": 512, "t_fc": 772, "err_cross": -47, "err_lag": -1, "err_ref": -4, "secs": 0.2}
{"seed": 9310210, "family": "lin", "window_frac": 0.25, "f": 0.9, "status": "ok", "t_c": 616, "t_fc": 801, "err_cross": -18, "err_lag": -2, "err_ref": -4, "secs": 0.19}
{"seed": 9310210, "family": "lin", "window_frac": 0.25, "f": 0.95, "status": "ok", "t_c": 670, "t_fc": 811, "err_cross": -8, "err_lag": -2, "err_ref": -4, "secs": 0.19}
{"seed": 9310210, "family": "lin", "window_frac": 0.25, "f": 0.98, "status": "ok", "t_c": 704, "t_fc": 815, "err_cross": -4, "err_lag": -2, "err_ref": -4, "secs": 0.2}
{"seed": 9310211, "family": "quad", "window_frac": 0.05, "f": 0.8, "status": "ok", "t_c": 350, "t_fc": 611, "err_cross": 11, "err_lag": -11, "err_ref": -4, "secs": 0.27}
{"seed": 9310211, "family": "quad", "window_frac": 0.05, "f": 0.9, "status": "ok", "t_c": 429, "t_fc": 596, "err_cross": -4, "err_lag": -6, "err_ref": -4, "secs": 0.28}
{"seed": 9310211, "family": "quad", "window_frac": 0.05, "f": 0.95, "status": "ok", "t_c": 471, "t_fc": 595, "err_cross": -5, "err_lag": -5, "err_ref": -4, "secs": 0.27}
{"seed": 9310211, "family": "quad", "window_frac": 0.05, "f": 0.98, "status": "ok", "t_c": 496, "t_fc": 595, "err_cross": -5, "err_lag": -5, "err_ref": -4, "secs": 0.28}
{"seed": 9310211, "family": "quad", "window_frac": 0.1, "f": 0.8, "status": "ok", "t_c": 350, "t_fc": 611, "err_cross": 11, "err_lag": -11, "err_ref": -4, "secs": 0.2}
{"seed": 9310211, "family": "quad", "window_frac": 0.1, "f": 0.9, "status": "ok", "t_c": 429, "t_fc": 596, "err_cross": -4, "err_lag": -6, "err_ref": -4, "secs": 0.18}
{"seed": 9310211, "family": "quad", "window_frac": 0.1, "f": 0.95, "status": "ok", "t_c": 471, "t_fc": 595, "err_cross": -5, "err_lag": -5, "err_ref": -4, "secs": 0.19}
{"seed": 9310211, "family": "quad", "window_frac": 0.1, "f": 0.98, "status": "ok", "t_c": 496, "t_fc": 595, "err_cross": -5, "err_lag": -5, "err_ref": -4, "secs": 0.19}
{"seed": 9310211, "family": "quad", "window_frac": 0.25, "f": 0.8, "status": "ok", "t_c": 350, "t_fc": 611, "err_cross": 11, "err_lag": -11, "err_ref": -4, "secs": 0.18}
{"seed": 9310211, "family": "quad", "window_frac": 0.25, "f": 0.9, "status": "ok", "t_c": 429, "t_fc": 596, "err_cross": -4, "err_lag": -7, "err_ref": -4, "secs": 0.19}
{"seed": 9310211, "family": "quad", "window_frac": 0.25, "f": 0.95, "status": "ok", "t_c": 471, "t_fc": 595, "err_cross": -5, "err_lag": -6, "err_ref": -4, "secs": 0.2}
{"seed": 9310211, "family": "quad", "window_frac": 0.25, "f": 0.98, "status": "ok", "t_c": 496, "t_fc": 595, "err_cross": -5, "err_lag": -5, "err_ref": -4, "secs": 0.18}
{"seed": 9310211, "family": "rate", "window_frac": 0.05, "f": 0.8, "status": "ok", "t_c": 350, "t_fc": 601, "err_cross": 1, "err_lag": -6, "err_ref": -4, "secs": 0.19}
{"seed": 9310211, "family": "rate", "window_frac": 0.05, "f": 0.9, "status": "ok", "t_c": 429, "t_fc": 596, "err_cross": -4, "err_lag": -5, "err_ref": -4, "secs": 0.2}
{"seed": 9310211, "family": "rate", "window_frac": 0.05, "f": 0.95, "status": "ok", "t_c": 471, "t_fc": 596, "err_cross": -4, "err_lag": -4, "err_ref": -4, "secs": 0.18}
{"seed": 9310211, "family": "rate", "window_frac": 0.05, "f": 0.98, "status": "ok", "t_c": 496, "t_fc": 596, "err_cross": -4, "err_lag": -4, "err_ref": -4, "secs": 0.19}
{"seed": 9310211, "family": "rate", "window_frac": 0.1, "f": 0.8, "status": "ok", "t_c": 350, "t_fc": 601, "err_cross": 1, "err_lag": -6, "err_ref": -4, "secs": 0.19}
{"seed": 9310211, "family": "rate", "window_frac": 0.1, "f": 0.9, "status": "ok", "t_c": 429, "t_fc": 596, "err_cross": -4, "err_lag": -5, "err_ref": -4, "secs": 0.18}
{"seed": 9310211, "family": "rate", "window_frac": 0.1, "f": 0.95, "status": "ok", "t_c": 471, "t_fc": 596, "err_cross": -4, "err_lag": -4, "err_ref": -4, "secs": 0.19}
{"seed": 9310211, "family": "rate", "window_frac": 0.1, "f": 0.98, "status": "ok", "t_c": 496, "t_fc": 596, "err_cross": -4, "err_lag": -4, "err_ref": -4, "secs": 0.19}
{"seed": 9310211, "family": "rate", "window_frac": 0.25, "f": 0.8, "status": "ok", "t_c": 350, "t_fc": 601, "err_cross": 1, "err_lag": -6, "err_ref": -4, "secs": 0.18}
{"seed": 9310211, "family": "rate", "window_frac": 0.25, "f": 0.9, "status": "ok", "t_c": 429, "t_fc": 596, "err_cross": -4, "err_lag": -5, "err_ref": -4, "secs": 0.19}
{"seed": 9310211, "family": "rate", "window_frac": 0.25, "f": 0.95, "status": "ok", "t_c": 471, "t_fc": 596, "err_cross": -4, "err_lag": -4, "err_ref": -4, "secs": 0.19}
{"seed": 9310211, "family": "rate", "window_frac": 0.25, "f": 0.98, "status": "ok", "t_c": 496, "t_fc": 595, "err_cross": -5, "err_lag": -5, "err_ref": -4, "secs": 0.19}
{"seed": 9310211, "family": "lin", "window_frac": 0.05, "f": 0.8, "status": "ok", "t_c": 350, "t_fc": 566, "err_cross": -34, "err_lag": 0, "err_ref": -4, "secs": 0.18}
{"seed": 9310211, "family": "lin", "window_frac": 0.05, "f": 0.9, "status": "ok", "t_c": 429, "t_fc": 589, "err_cross": -11, "err_lag": 0, "err_ref": -4, "secs": 0.2}
{"seed": 9310211, "family": "lin", "window_frac": 0.05, "f": 0.95, "status": "ok", "t_c": 471, "t_fc": 595, "err_cross": -5, "err_lag": -1, "err_ref": -4, "secs": 0.19}
{"seed": 9310211, "family": "lin", "window_frac": 0.05, "f": 0.98, "status": "ok", "t_c": 496, "t_fc": 598, "err_cross": -2, "err_lag": -1, "err_ref": -4, "secs": 0.18}
{"seed": 9310211, "family": "lin", "window_frac": 0.1, "f": 0.8, "status": "ok", "t_c": 350, "t_fc": 566, "err_cross": -34, "err_lag": 0, "err_ref": -4, "secs": 0.19}
{"seed": 9310211, "family": "lin", "window_frac": 0.1, "f": 0.9, "status": "ok", "t_c": 429, "t_fc": 589, "err_cross": -11, "err_lag": 0, "err_ref": -4, "secs": 0.19}
{"seed": 9310211, "family": "lin", "window_frac": 0.1, "f": 0.95, "status": "ok", "t_c": 471, "t_fc": 595, "err_cross": -5, "err_lag": -1, "err_ref": -4, "secs": 0.18}
{"seed": 9310211, "family": "lin", "window_frac": 0.1, "f": 0.98, "status": "ok", "t_c": 496, "t_fc": 598, "err_cross": -2, "err_lag": -1, "err_ref": -4, "secs": 0.19}
{"seed": 9310211, "family": "lin", "window_frac": 0.25, "f": 0.8, "status": "ok", "t_c": 350, "t_fc": 565, "err_cross": -35, "err_lag": 0, "err_ref": -4, "secs": 0.19}
{"seed": 9310211, "family": "lin", "window_frac": 0.25, "f": 0.9, "status": "ok", "t_c": 429, "t_fc": 587, "err_cross": -13, "err_lag": -1, "err_ref": -4, "secs": 0.19}
{"seed": 9310211, "family": "lin", "window_frac": 0.25, "f": 0.95, "status": "ok", "t_c": 471, "t_fc": 594, "err_cross": -6, "err_lag": -1, "err_ref": -4, "secs": 0.18}
{"seed": 9310211, "family": "lin", "window_frac": 0.25, "f": 0.98, "status": "ok", "t_c": 496, "t_fc": 597, "err_cross": -3, "err_lag": -1, "err_ref": -4, "secs": 0.19}
{"seed": 9310212, "family": "quad", "window_frac": 0.05, "f": 0.8, "status": "ok", "t_c": 6912, "t_fc": 7176, "err_cross": 14, "err_lag": -9, "err_ref": -4, "secs": 0.28}
{"seed": 9310212, "family": "quad", "window_frac": 0.05, "f": 0.9, "status": "ok", "t_c": 6994, "t_fc": 7158, "err_cross": -4, "err_lag": -6, "err_ref": -4, "secs": 0.29}
{"seed": 9310212, "family": "quad", "window_frac": 0.05, "f": 0.95, "status": "ok", "t_c": 7037, "t_fc": 7157, "err_cross": -5, "err_lag": -5, "err_ref": -4, "secs": 0.28}
{"seed": 9310212, "family": "quad", "window_frac": 0.05, "f": 0.98, "status": "ok", "t_c": 7063, "t_fc": 7157, "err_cross": -5, "err_lag": -5, "err_ref": -4, "secs": 0.28}
{"seed": 9310212, "family": "quad", "window_frac": 0.1, "f": 0.8, "status": "ok", "t_c": 6912, "t_fc": 7176, "err_cross": 14, "err_lag": -9, "err_ref": -4, "secs": 0.2}
{"seed": 9310212, "family": "quad", "window_frac": 0.1, "f": 0.9, "status": "ok", "t_c": 6994, "t_fc": 7158, "err_cross": -4, "err_lag": -6, "err_ref": -4, "secs": 0.18}
{"seed": 9310212, "family": "quad", "window_frac": 0.1, "f": 0.95, "status": "ok", "t_c": 7037, "t_fc": 7157, "err_cross": -5, "err_lag": -5, "err_ref": -4, "secs": 0.19}
{"seed": 9310212, "family": "quad", "window_frac": 0.1, "f": 0.98, "status": "ok", "t_c": 7063, "t_fc": 7157, "err_cross": -5, "err_lag": -5, "err_ref": -4, "secs": 0.2}
{"seed": 9310212, "family": "quad", "window_frac": 0.25, "f": 0.8, "status": "ok", "t_c": 6912, "t_fc": 7177, "err_cross": 15, "err_lag": -9, "err_ref": -4, "secs": 0.19}
{"seed": 9310212, "family": "quad", "window_frac": 0.25, "f": 0.9, "status": "ok", "t_c": 6994, "t_fc": 7159, "err_cross": -3, "err_lag": -6, "err_ref": -4, "secs": 0.19}
{"seed": 9310212, "family": "quad", "window_frac": 0.25, "f": 0.95, "status": "ok", "t_c": 7037, "t_fc": 7157, "err_cross": -5, "err_lag": -5, "err_ref": -4, "secs": 0.2}
{"seed": 9310212, "family": "quad", "window_frac": 0.25, "f": 0.98, "status": "ok", "t_c": 7063, "t_fc": 7157, "err_cross": -5, "err_lag": -5, "err_ref": -4, "secs": 0.19}
{"seed": 9310212, "family": "rate", "window_frac": 0.05, "f": 0.8, "status": "ok", "t_c": 6912, "t_fc": 7164, "err_cross": 2, "err_lag": -5, "err_ref": -4, "secs": 0.19}
{"seed": 9310212, "family": "rate", "window_frac": 0.05, "f": 0.9, "status": "ok", "t_c": 6994, "t_fc": 7158, "err_cross": -4, "err_lag": -5, "err_ref": -4, "secs": 0.2}
{"seed": 9310212, "family": "rate", "window_frac": 0.05, "f": 0.95, "status": "ok", "t_c": 7037, "t_fc": 7158, "err_cross": -4, "err_lag": -4, "err_ref": -4, "secs": 0.19}
{"seed": 9310212, "family": "rate", "window_frac": 0.05, "f": 0.98, "status": "ok", "t_c": 7063, "t_fc": 7158, "err_cross": -4, "err_lag": -4, "err_ref": -4, "secs": 0.19}
{"seed": 9310212, "family": "rate", "window_frac": 0.1, "f": 0.8, "status": "ok", "t_c": 6912, "t_fc": 7164, "err_cross": 2, "err_lag": -5, "err_ref": -4, "secs": 0.2}
{"seed": 9310212, "family": "rate", "window_frac": 0.1, "f": 0.9, "status": "ok", "t_c": 6994, "t_fc": 7158, "err_cross": -4, "err_lag": -5, "err_ref": -4, "secs": 0.19}
{"seed": 9310212, "family": "rate", "window_frac": 0.1, "f": 0.95, "status": "ok", "t_c": 7037, "t_fc": 7158, "err_cross": -4, "err_lag": -4, "err_ref": -4, "secs": 0.19}
{"seed": 9310212, "family": "rate", "window_frac": 0.1, "f": 0.98, "status": "ok", "t_c": 7063, "t_fc": 7158, "err_cross": -4, "err_lag": -4, "err_ref": -4, "secs": 0.2}
{"seed": 9310212, "family": "rate", "window_frac": 0.25, "f": 0.8, "status": "ok", "t_c": 6912, "t_fc": 7164, "err_cross": 2, "err_lag": -5, "err_ref": -4, "secs": 0.19}
{"seed": 9310212, "family": "rate", "window_frac": 0.25, "f": 0.9, "status": "ok", "t_c": 6994, "t_fc": 7159, "err_cross": -3, "err_lag": -4, "err_ref": -4, "secs": 0.18}
{"seed": 9310212, "family": "rate", "window_frac": 0.25, "f": 0.95, "status": "ok", "t_c": 7037, "t_fc": 7158, "err_cross": -4, "err_lag": -4, "err_ref": -4, "secs": 0.19}
{"seed": 9310212, "family": "rate", "window_frac": 0.25, "f": 0.98, "status": "ok", "t_c": 7063, "t_fc": 7158, "err_cross": -4, "err_lag": -4, "err_ref": -4, "secs": 0.2}
{"seed": 9310212, "family": "lin", "window_frac": 0.05, "f": 0.8, "status": "ok", "t_c": 6912, "t_fc": 7125, "err_cross": -37, "err_lag": -1, "err_ref": -4, "secs": 0.18}
{"seed": 9310212, "family": "lin", "window_frac": 0.05, "f": 0.9, "status": "ok", "t_c": 6994, "t_fc": 7149, "err_cross": -13, "err_lag": -2, "err_ref": -4, "secs": 0.19}
{"seed": 9310212, "family": "lin", "window_frac": 0.05, "f": 0.95, "status": "ok", "t_c": 7037, "t_fc": 7156, "err_cross": -6, "err_lag": -2, "err_ref": -4, "secs": 0.2}
{"seed": 9310212, "family": "lin", "window_frac": 0.05, "f": 0.98, "status": "ok", "t_c": 7063, "t_fc": 7159, "err_cross": -3, "err_lag": -2, "err_ref": -4, "secs": 0.18}
{"seed": 9310212, "family": "lin", "window_frac": 0.1, "f": 0.8, "status": "ok", "t_c": 6912, "t_fc": 7125, "err_cross": -37, "err_lag": -1, "err_ref": -4, "secs": 0.19}
{"seed": 9310212, "family": "lin", "window_frac": 0.1, "f": 0.9, "status": "ok", "t_c": 6994, "t_fc": 7149, "err_cross": -13, "err_lag": -2, "err_ref": -4, "secs": 0.2}
{"seed": 9310212, "family": "lin", "window_frac": 0.1, "f": 0.95, "status": "ok", "t_c": 7037, "t_fc": 7156, "err_cross": -6, "err_lag": -2, "err_ref": -4, "secs": 0.19}
{"seed": 9310212, "family": "lin", "window_frac": 0.1, "f": 0.98, "status": "ok", "t_c": 7063, "t_fc": 7159, "err_cross": -3, "err_lag": -2, "err_ref": -4, "secs": 0.19}
{"seed": 9310212, "family": "lin", "window_frac": 0.25, "f": 0.8, "status": "ok", "t_c": 6912, "t_fc": 7124, "err_cross": -38, "err_lag": -2, "err_ref": -4, "secs": 0.2}
{"seed": 9310212, "family": "lin", "window_frac": 0.25, "f": 0.9, "status": "ok", "t_c": 6994, "t_fc": 7147, "err_cross": -15, "err_lag": -2, "err_ref": -4, "secs": 0.19}
{"seed": 9310212, "family": "lin", "window_frac": 0.25, "f": 0.95, "status": "ok", "t_c": 7037, "t_fc": 7155, "err_cross": -7, "err_lag": -2, "err_ref": -4, "secs": 0.19}
{"seed": 9310212, "family": "lin", "window_frac": 0.25, "f": 0.98, "status": "ok", "t_c": 7063, "t_fc": 7158, "err_cross": -4, "err_lag": -2, "err_ref": -4, "secs": 0.2}
{"seed": 9310213, "family": "quad", "window_frac": 0.05, "f": 0.8, "status": "no cutoff: s never reaches f\u00b7s_ref in the saved path", "t_c": null, "t_fc": null, "err_cross": null, "err_lag": null, "err_ref": null, "secs": 0.0}
{"seed": 9310213, "family": "quad", "window_frac": 0.05, "f": 0.9, "status": "no cutoff: s never reaches f\u00b7s_ref in the saved path", "t_c": null, "t_fc": null, "err_cross": null, "err_lag": null, "err_ref": null, "secs": 0.0}
{"seed": 9310213, "family": "quad", "window_frac": 0.05, "f": 0.95, "status": "no cutoff: s never reaches f\u00b7s_ref in the saved path", "t_c": null, "t_fc": null, "err_cross": null, "err_lag": null, "err_ref": null, "secs": 0.0}
{"seed": 9310213, "family": "quad", "window_frac": 0.05, "f": 0.98, "status": "no cutoff: s never reaches f\u00b7s_ref in the saved path", "t_c": null, "t_fc": null, "err_cross": null, "err_lag": null, "err_ref": null, "secs": 0.0}
{"seed": 9310213, "family": "quad", "window_frac": 0.1, "f": 0.8, "status": "no cutoff: s never reaches f\u00b7s_ref in the saved path", "t_c": null, "t_fc": null, "err_cross": null, "err_lag": null, "err_ref": null, "secs": 0.0}
{"seed": 9310213, "family": "quad", "window_frac": 0.1, "f": 0.9, "status": "no cutoff: s never reaches f\u00b7s_ref in the saved path", "t_c": null, "t_fc": null, "err_cross": null, "err_lag": null, "err_ref": null, "secs": 0.0}
{"seed": 9310213, "family": "quad", "window_frac": 0.1, "f": 0.95, "status": "no cutoff: s never reaches f\u00b7s_ref in the saved path", "t_c": null, "t_fc": null, "err_cross": null, "err_lag": null, "err_ref": null, "secs": 0.0}
{"seed": 9310213, "family": "quad", "window_frac": 0.1, "f": 0.98, "status": "no cutoff: s never reaches f\u00b7s_ref in the saved path", "t_c": null, "t_fc": null, "err_cross": null, "err_lag": null, "err_ref": null, "secs": 0.0}
{"seed": 9310213, "family": "quad", "window_frac": 0.25, "f": 0.8, "status": "no cutoff: s never reaches f\u00b7s_ref in the saved path", "t_c": null, "t_fc": null, "err_cross": null, "err_lag": null, "err_ref": null, "secs": 0.0}
{"seed": 9310213, "family": "quad", "window_frac": 0.25, "f": 0.9, "status": "no cutoff: s never reaches f\u00b7s_ref in the saved path", "t_c": null, "t_fc": null, "err_cross": null, "err_lag": null, "err_ref": null, "secs": 0.0}
{"seed": 9310213, "family": "quad", "window_frac": 0.25, "f": 0.95, "status": "no cutoff: s never reaches f\u00b7s_ref in the saved path", "t_c": null, "t_fc": null, "err_cross": null, "err_lag": null, "err_ref": null, "secs": 0.0}
{"seed": 9310213, "family": "quad", "window_frac": 0.25, "f": 0.98, "status": "no cutoff: s never reaches f\u00b7s_ref in the saved path", "t_c": null, "t_fc": null, "err_cross": null, "err_lag": null, "err_ref": null, "secs": 0.0}
{"seed": 9310213, "family": "rate", "window_frac": 0.05, "f": 0.8, "status": "no cutoff: s never reaches f\u00b7s_ref in the saved path", "t_c": null, "t_fc": null, "err_cross": null, "err_lag": null, "err_ref": null, "secs": 0.0}
{"seed": 9310213, "family": "rate", "window_frac": 0.05, "f": 0.9, "status": "no cutoff: s never reaches f\u00b7s_ref in the saved path", "t_c": null, "t_fc": null, "err_cross": null, "err_lag": null, "err_ref": null, "secs": 0.0}
{"seed": 9310213, "family": "rate", "window_frac": 0.05, "f": 0.95, "status": "no cutoff: s never reaches f\u00b7s_ref in the saved path", "t_c": null, "t_fc": null, "err_cross": null, "err_lag": null, "err_ref": null, "secs": 0.0}
{"seed": 9310213, "family": "rate", "window_frac": 0.05, "f": 0.98, "status": "no cutoff: s never reaches f\u00b7s_ref in the saved path", "t_c": null, "t_fc": null, "err_cross": null, "err_lag": null, "err_ref": null, "secs": 0.0}
{"seed": 9310213, "family": "rate", "window_frac": 0.1, "f": 0.8, "status": "no cutoff: s never reaches f\u00b7s_ref in the saved path", "t_c": null, "t_fc": null, "err_cross": null, "err_lag": null, "err_ref": null, "secs": 0.0}
{"seed": 9310213, "family": "rate", "window_frac": 0.1, "f": 0.9, "status": "no cutoff: s never reaches f\u00b7s_ref in the saved path", "t_c": null, "t_fc": null, "err_cross": null, "err_lag": null, "err_ref": null, "secs": 0.0}
{"seed": 9310213, "family": "rate", "window_frac": 0.1, "f": 0.95, "status": "no cutoff: s never reaches f\u00b7s_ref in the saved path", "t_c": null, "t_fc": null, "err_cross": null, "err_lag": null, "err_ref": null, "secs": 0.0}
{"seed": 9310213, "family": "rate", "window_frac": 0.1, "f": 0.98, "status": "no cutoff: s never reaches f\u00b7s_ref in the saved path", "t_c": null, "t_fc": null, "err_cross": null, "err_lag": null, "err_ref": null, "secs": 0.0}
{"seed": 9310213, "family": "rate", "window_frac": 0.25, "f": 0.8, "status": "no cutoff: s never reaches f\u00b7s_ref in the saved path", "t_c": null, "t_fc": null, "err_cross": null, "err_lag": null, "err_ref": null, "secs": 0.0}
{"seed": 9310213, "family": "rate", "window_frac": 0.25, "f": 0.9, "status": "no cutoff: s never reaches f\u00b7s_ref in the saved path", "t_c": null, "t_fc": null, "err_cross": null, "err_lag": null, "err_ref": null, "secs": 0.0}
{"seed": 9310213, "family": "rate", "window_frac": 0.25, "f": 0.95, "status": "no cutoff: s never reaches f\u00b7s_ref in the saved path", "t_c": null, "t_fc": null, "err_cross": null, "err_lag": null, "err_ref": null, "secs": 0.0}
{"seed": 9310213, "family": "rate", "window_frac": 0.25, "f": 0.98, "status": "no cutoff: s never reaches f\u00b7s_ref in the saved path", "t_c": null, "t_fc": null, "err_cross": null, "err_lag": null, "err_ref": null, "secs": 0.0}
{"seed": 9310213, "family": "lin", "window_frac": 0.05, "f": 0.8, "status": "no cutoff: s never reaches f\u00b7s_ref in the saved path", "t_c": null, "t_fc": null, "err_cross": null, "err_lag": null, "err_ref": null, "secs": 0.0}
{"seed": 9310213, "family": "lin", "window_frac": 0.05, "f": 0.9, "status": "no cutoff: s never reaches f\u00b7s_ref in the saved path", "t_c": null, "t_fc": null, "err_cross": null, "err_lag": null, "err_ref": null, "secs": 0.0}
{"seed": 9310213, "family": "lin", "window_frac": 0.05, "f": 0.95, "status": "no cutoff: s never reaches f\u00b7s_ref in the saved path", "t_c": null, "t_fc": null, "err_cross": null, "err_lag": null, "err_ref": null, "secs": 0.0}
{"seed": 9310213, "family": "lin", "window_frac": 0.05, "f": 0.98, "status": "no cutoff: s never reaches f\u00b7s_ref in the saved path", "t_c": null, "t_fc": null, "err_cross": null, "err_lag": null, "err_ref": null, "secs": 0.0}
{"seed": 9310213, "family": "lin", "window_frac": 0.1, "f": 0.8, "status": "no cutoff: s never reaches f\u00b7s_ref in the saved path", "t_c": null, "t_fc": null, "err_cross": null, "err_lag": null, "err_ref": null, "secs": 0.0}
{"seed": 9310213, "family": "lin", "window_frac": 0.1, "f": 0.9, "status": "no cutoff: s never reaches f\u00b7s_ref in the saved path", "t_c": null, "t_fc": null, "err_cross": null, "err_lag": null, "err_ref": null, "secs": 0.0}
{"seed": 9310213, "family": "lin", "window_frac": 0.1, "f": 0.95, "status": "no cutoff: s never reaches f\u00b7s_ref in the saved path", "t_c": null, "t_fc": null, "err_cross": null, "err_lag": null, "err_ref": null, "secs": 0.0}
{"seed": 9310213, "family": "lin", "window_frac": 0.1, "f": 0.98, "status": "no cutoff: s never reaches f\u00b7s_ref in the saved path", "t_c": null, "t_fc": null, "err_cross": null, "err_lag": null, "err_ref": null, "secs": 0.0}
{"seed": 9310213, "family": "lin", "window_frac": 0.25, "f": 0.8, "status": "no cutoff: s never reaches f\u00b7s_ref in the saved path", "t_c": null, "t_fc": null, "err_cross": null, "err_lag": null, "err_ref": null, "secs": 0.0}
{"seed": 9310213, "family": "lin", "window_frac": 0.25, "f": 0.9, "status": "no cutoff: s never reaches f\u00b7s_ref in the saved path", "t_c": null, "t_fc": null, "err_cross": null, "err_lag": null, "err_ref": null, "secs": 0.0}
{"seed": 9310213, "family": "lin", "window_frac": 0.25, "f": 0.95, "status": "no cutoff: s never reaches f\u00b7s_ref in the saved path", "t_c": null, "t_fc": null, "err_cross": null, "err_lag": null, "err_ref": null, "secs": 0.0}
{"seed": 9310213, "family": "lin", "window_frac": 0.25, "f": 0.98, "status": "no cutoff: s never reaches f\u00b7s_ref in the saved path", "t_c": null, "t_fc": null, "err_cross": null, "err_lag": null, "err_ref": null, "secs": 0.0}
{"seed": 9310214, "family": "quad", "window_frac": 0.05, "f": 0.8, "status": "ok", "t_c": 403, "t_fc": 666, "err_cross": 14, "err_lag": -9, "err_ref": -1, "secs": 0.27}
{"seed": 9310214, "family": "quad", "window_frac": 0.05, "f": 0.9, "status": "ok", "t_c": 484, "t_fc": 651, "err_cross": -1, "err_lag": -4, "err_ref": -1, "secs": 0.27}
{"seed": 9310214, "family": "quad", "window_frac": 0.05, "f": 0.95, "status": "ok", "t_c": 526, "t_fc": 650, "err_cross": -2, "err_lag": -3, "err_ref": -1, "secs": 0.28}
{"seed": 9310214, "family": "quad", "window_frac": 0.05, "f": 0.98, "status": "ok", "t_c": 552, "t_fc": 651, "err_cross": -1, "err_lag": -2, "err_ref": -1, "secs": 0.28}
{"seed": 9310214, "family": "quad", "window_frac": 0.1, "f": 0.8, "status": "ok", "t_c": 403, "t_fc": 666, "err_cross": 14, "err_lag": -9, "err_ref": -1, "secs": 0.19}
{"seed": 9310214, "family": "quad", "window_frac": 0.1, "f": 0.9, "status": "ok", "t_c": 484, "t_fc": 651, "err_cross": -1, "err_lag": -4, "err_ref": -1, "secs": 0.19}
{"seed": 9310214, "family": "quad", "window_frac": 0.1, "f": 0.95, "status": "ok", "t_c": 526, "t_fc": 650, "err_cross": -2, "err_lag": -3, "err_ref": -1, "secs": 0.18}
{"seed": 9310214, "family": "quad", "window_frac": 0.1, "f": 0.98, "status": "ok", "t_c": 552, "t_fc": 651, "err_cross": -1, "err_lag": -2, "err_ref": -1, "secs": 0.18}
{"seed": 9310214, "family": "quad", "window_frac": 0.25, "f": 0.8, "status": "ok", "t_c": 403, "t_fc": 667, "err_cross": 15, "err_lag": -9, "err_ref": -1, "secs": 0.18}
{"seed": 9310214, "family": "quad", "window_frac": 0.25, "f": 0.9, "status": "ok", "t_c": 484, "t_fc": 652, "err_cross": 0, "err_lag": -4, "err_ref": -1, "secs": 0.18}
{"seed": 9310214, "family": "quad", "window_frac": 0.25, "f": 0.95, "status": "ok", "t_c": 526, "t_fc": 650, "err_cross": -2, "err_lag": -3, "err_ref": -1, "secs": 0.18}
{"seed": 9310214, "family": "quad", "window_frac": 0.25, "f": 0.98, "status": "ok", "t_c": 552, "t_fc": 650, "err_cross": -2, "err_lag": -3, "err_ref": -1, "secs": 0.18}
{"seed": 9310214, "family": "rate", "window_frac": 0.05, "f": 0.8, "status": "ok", "t_c": 403, "t_fc": 657, "err_cross": 5, "err_lag": -2, "err_ref": -1, "secs": 0.18}
{"seed": 9310214, "family": "rate", "window_frac": 0.05, "f": 0.9, "status": "ok", "t_c": 484, "t_fc": 651, "err_cross": -1, "err_lag": -2, "err_ref": -1, "secs": 0.18}
{"seed": 9310214, "family": "rate", "window_frac": 0.05, "f": 0.95, "status": "ok", "t_c": 526, "t_fc": 651, "err_cross": -1, "err_lag": -2, "err_ref": -1, "secs": 0.18}
{"seed": 9310214, "family": "rate", "window_frac": 0.05, "f": 0.98, "status": "ok", "t_c": 552, "t_fc": 651, "err_cross": -1, "err_lag": -2, "err_ref": -1, "secs": 0.18}
{"seed": 9310214, "family": "rate", "window_frac": 0.1, "f": 0.8, "status": "ok", "t_c": 403, "t_fc": 657, "err_cross": 5, "err_lag": -2, "err_ref": -1, "secs": 0.18}
{"seed": 9310214, "family": "rate", "window_frac": 0.1, "f": 0.9, "status": "ok", "t_c": 484, "t_fc": 651, "err_cross": -1, "err_lag": -2, "err_ref": -1, "secs": 0.18}
{"seed": 9310214, "family": "rate", "window_frac": 0.1, "f": 0.95, "status": "ok", "t_c": 526, "t_fc": 651, "err_cross": -1, "err_lag": -2, "err_ref": -1, "secs": 0.18}
{"seed": 9310214, "family": "rate", "window_frac": 0.1, "f": 0.98, "status": "ok", "t_c": 552, "t_fc": 651, "err_cross": -1, "err_lag": -2, "err_ref": -1, "secs": 0.18}
{"seed": 9310214, "family": "rate", "window_frac": 0.25, "f": 0.8, "status": "ok", "t_c": 403, "t_fc": 657, "err_cross": 5, "err_lag": -3, "err_ref": -1, "secs": 0.18}
{"seed": 9310214, "family": "rate", "window_frac": 0.25, "f": 0.9, "status": "ok", "t_c": 484, "t_fc": 652, "err_cross": 0, "err_lag": -2, "err_ref": -1, "secs": 0.18}
{"seed": 9310214, "family": "rate", "window_frac": 0.25, "f": 0.95, "status": "ok", "t_c": 526, "t_fc": 651, "err_cross": -1, "err_lag": -2, "err_ref": -1, "secs": 0.18}
{"seed": 9310214, "family": "rate", "window_frac": 0.25, "f": 0.98, "status": "ok", "t_c": 552, "t_fc": 651, "err_cross": -1, "err_lag": -2, "err_ref": -1, "secs": 0.18}
{"seed": 9310214, "family": "lin", "window_frac": 0.05, "f": 0.8, "status": "ok", "t_c": 403, "t_fc": 623, "err_cross": -29, "err_lag": 5, "err_ref": -1, "secs": 0.18}
{"seed": 9310214, "family": "lin", "window_frac": 0.05, "f": 0.9, "status": "ok", "t_c": 484, "t_fc": 645, "err_cross": -7, "err_lag": 3, "err_ref": -1, "secs": 0.18}
{"seed": 9310214, "family": "lin", "window_frac": 0.05, "f": 0.95, "status": "ok", "t_c": 526, "t_fc": 652, "err_cross": 0, "err_lag": 3, "err_ref": -1, "secs": 0.18}
{"seed": 9310214, "family": "lin", "window_frac": 0.05, "f": 0.98, "status": "ok", "t_c": 552, "t_fc": 654, "err_cross": 2, "err_lag": 3, "err_ref": -1, "secs": 0.18}
{"seed": 9310214, "family": "lin", "window_frac": 0.1, "f": 0.8, "status": "ok", "t_c": 403, "t_fc": 623, "err_cross": -29, "err_lag": 5, "err_ref": -1, "secs": 0.18}
{"seed": 9310214, "family": "lin", "window_frac": 0.1, "f": 0.9, "status": "ok", "t_c": 484, "t_fc": 645, "err_cross": -7, "err_lag": 3, "err_ref": -1, "secs": 0.18}
{"seed": 9310214, "family": "lin", "window_frac": 0.1, "f": 0.95, "status": "ok", "t_c": 526, "t_fc": 652, "err_cross": 0, "err_lag": 3, "err_ref": -1, "secs": 0.19}
{"seed": 9310214, "family": "lin", "window_frac": 0.1, "f": 0.98, "status": "ok", "t_c": 552, "t_fc": 654, "err_cross": 2, "err_lag": 3, "err_ref": -1, "secs": 0.19}
{"seed": 9310214, "family": "lin", "window_frac": 0.25, "f": 0.8, "status": "ok", "t_c": 403, "t_fc": 622, "err_cross": -30, "err_lag": 5, "err_ref": -1, "secs": 0.19}
{"seed": 9310214, "family": "lin", "window_frac": 0.25, "f": 0.9, "status": "ok", "t_c": 484, "t_fc": 644, "err_cross": -8, "err_lag": 4, "err_ref": -1, "secs": 0.18}
{"seed": 9310214, "family": "lin", "window_frac": 0.25, "f": 0.95, "status": "ok", "t_c": 526, "t_fc": 650, "err_cross": -2, "err_lag": 3, "err_ref": -1, "secs": 0.18}
{"seed": 9310214, "family": "lin", "window_frac": 0.25, "f": 0.98, "status": "ok", "t_c": 552, "t_fc": 653, "err_cross": 1, "err_lag": 2, "err_ref": -1, "secs": 0.18}
{"seed": 9310215, "family": "quad", "window_frac": 0.05, "f": 0.8, "status": "no cutoff: s never reaches f\u00b7s_ref in the saved path", "t_c": null, "t_fc": null, "err_cross": null, "err_lag": null, "err_ref": null, "secs": 0.0}
{"seed": 9310215, "family": "quad", "window_frac": 0.05, "f": 0.9, "status": "no cutoff: s never reaches f\u00b7s_ref in the saved path", "t_c": null, "t_fc": null, "err_cross": null, "err_lag": null, "err_ref": null, "secs": 0.0}
{"seed": 9310215, "family": "quad", "window_frac": 0.05, "f": 0.95, "status": "no cutoff: s never reaches f\u00b7s_ref in the saved path", "t_c": null, "t_fc": null, "err_cross": null, "err_lag": null, "err_ref": null, "secs": 0.0}
{"seed": 9310215, "family": "quad", "window_frac": 0.05, "f": 0.98, "status": "no cutoff: s never reaches f\u00b7s_ref in the saved path", "t_c": null, "t_fc": null, "err_cross": null, "err_lag": null, "err_ref": null, "secs": 0.0}
{"seed": 9310215, "family": "quad", "window_frac": 0.1, "f": 0.8, "status": "no cutoff: s never reaches f\u00b7s_ref in the saved path", "t_c": null, "t_fc": null, "err_cross": null, "err_lag": null, "err_ref": null, "secs": 0.0}
{"seed": 9310215, "family": "quad", "window_frac": 0.1, "f": 0.9, "status": "no cutoff: s never reaches f\u00b7s_ref in the saved path", "t_c": null, "t_fc": null, "err_cross": null, "err_lag": null, "err_ref": null, "secs": 0.0}
{"seed": 9310215, "family": "quad", "window_frac": 0.1, "f": 0.95, "status": "no cutoff: s never reaches f\u00b7s_ref in the saved path", "t_c": null, "t_fc": null, "err_cross": null, "err_lag": null, "err_ref": null, "secs": 0.0}
{"seed": 9310215, "family": "quad", "window_frac": 0.1, "f": 0.98, "status": "no cutoff: s never reaches f\u00b7s_ref in the saved path", "t_c": null, "t_fc": null, "err_cross": null, "err_lag": null, "err_ref": null, "secs": 0.0}
{"seed": 9310215, "family": "quad", "window_frac": 0.25, "f": 0.8, "status": "no cutoff: s never reaches f\u00b7s_ref in the saved path", "t_c": null, "t_fc": null, "err_cross": null, "err_lag": null, "err_ref": null, "secs": 0.0}
{"seed": 9310215, "family": "quad", "window_frac": 0.25, "f": 0.9, "status": "no cutoff: s never reaches f\u00b7s_ref in the saved path", "t_c": null, "t_fc": null, "err_cross": null, "err_lag": null, "err_ref": null, "secs": 0.0}
{"seed": 9310215, "family": "quad", "window_frac": 0.25, "f": 0.95, "status": "no cutoff: s never reaches f\u00b7s_ref in the saved path", "t_c": null, "t_fc": null, "err_cross": null, "err_lag": null, "err_ref": null, "secs": 0.0}
{"seed": 9310215, "family": "quad", "window_frac": 0.25, "f": 0.98, "status": "no cutoff: s never reaches f\u00b7s_ref in the saved path", "t_c": null, "t_fc": null, "err_cross": null, "err_lag": null, "err_ref": null, "secs": 0.0}
{"seed": 9310215, "family": "rate", "window_frac": 0.05, "f": 0.8, "status": "no cutoff: s never reaches f\u00b7s_ref in the saved path", "t_c": null, "t_fc": null, "err_cross": null, "err_lag": null, "err_ref": null, "secs": 0.0}
{"seed": 9310215, "family": "rate", "window_frac": 0.05, "f": 0.9, "status": "no cutoff: s never reaches f\u00b7s_ref in the saved path", "t_c": null, "t_fc": null, "err_cross": null, "err_lag": null, "err_ref": null, "secs": 0.0}
{"seed": 9310215, "family": "rate", "window_frac": 0.05, "f": 0.95, "status": "no cutoff: s never reaches f\u00b7s_ref in the saved path", "t_c": null, "t_fc": null, "err_cross": null, "err_lag": null, "err_ref": null, "secs": 0.0}
{"seed": 9310215, "family": "rate", "window_frac": 0.05, "f": 0.98, "status": "no cutoff: s never reaches f\u00b7s_ref in the saved path", "t_c": null, "t_fc": null, "err_cross": null, "err_lag": null, "err_ref": null, "secs": 0.0}
{"seed": 9310215, "family": "rate", "window_frac": 0.1, "f": 0.8, "status": "no cutoff: s never reaches f\u00b7s_ref in the saved path", "t_c": null, "t_fc": null, "err_cross": null, "err_lag": null, "err_ref": null, "secs": 0.0}
{"seed": 9310215, "family": "rate", "window_frac": 0.1, "f": 0.9, "status": "no cutoff: s never reaches f\u00b7s_ref in the saved path", "t_c": null, "t_fc": null, "err_cross": null, "err_lag": null, "err_ref": null, "secs": 0.0}
{"seed": 9310215, "family": "rate", "window_frac": 0.1, "f": 0.95, "status": "no cutoff: s never reaches f\u00b7s_ref in the saved path", "t_c": null, "t_fc": null, "err_cross": null, "err_lag": null, "err_ref": null, "secs": 0.0}
{"seed": 9310215, "family": "rate", "window_frac": 0.1, "f": 0.98, "status": "no cutoff: s never reaches f\u00b7s_ref in the saved path", "t_c": null, "t_fc": null, "err_cross": null, "err_lag": null, "err_ref": null, "secs": 0.0}
{"seed": 9310215, "family": "rate", "window_frac": 0.25, "f": 0.8, "status": "no cutoff: s never reaches f\u00b7s_ref in the saved path", "t_c": null, "t_fc": null, "err_cross": null, "err_lag": null, "err_ref": null, "secs": 0.0}
{"seed": 9310215, "family": "rate", "window_frac": 0.25, "f": 0.9, "status": "no cutoff: s never reaches f\u00b7s_ref in the saved path", "t_c": null, "t_fc": null, "err_cross": null, "err_lag": null, "err_ref": null, "secs": 0.0}
{"seed": 9310215, "family": "rate", "window_frac": 0.25, "f": 0.95, "status": "no cutoff: s never reaches f\u00b7s_ref in the saved path", "t_c": null, "t_fc": null, "err_cross": null, "err_lag": null, "err_ref": null, "secs": 0.0}
{"seed": 9310215, "family": "rate", "window_frac": 0.25, "f": 0.98, "status": "no cutoff: s never reaches f\u00b7s_ref in the saved path", "t_c": null, "t_fc": null, "err_cross": null, "err_lag": null, "err_ref": null, "secs": 0.0}
{"seed": 9310215, "family": "lin", "window_frac": 0.05, "f": 0.8, "status": "no cutoff: s never reaches f\u00b7s_ref in the saved path", "t_c": null, "t_fc": null, "err_cross": null, "err_lag": null, "err_ref": null, "secs": 0.0}
{"seed": 9310215, "family": "lin", "window_frac": 0.05, "f": 0.9, "status": "no cutoff: s never reaches f\u00b7s_ref in the saved path", "t_c": null, "t_fc": null, "err_cross": null, "err_lag": null, "err_ref": null, "secs": 0.0}
{"seed": 9310215, "family": "lin", "window_frac": 0.05, "f": 0.95, "status": "no cutoff: s never reaches f\u00b7s_ref in the saved path", "t_c": null, "t_fc": null, "err_cross": null, "err_lag": null, "err_ref": null, "secs": 0.0}
{"seed": 9310215, "family": "lin", "window_frac": 0.05, "f": 0.98, "status": "no cutoff: s never reaches f\u00b7s_ref in the saved path", "t_c": null, "t_fc": null, "err_cross": null, "err_lag": null, "err_ref": null, "secs": 0.0}
{"seed": 9310215, "family": "lin", "window_frac": 0.1, "f": 0.8, "status": "no cutoff: s never reaches f\u00b7s_ref in the saved path", "t_c": null, "t_fc": null, "err_cross": null, "err_lag": null, "err_ref": null, "secs": 0.0}
{"seed": 9310215, "family": "lin", "window_frac": 0.1, "f": 0.9, "status": "no cutoff: s never reaches f\u00b7s_ref in the saved path", "t_c": null, "t_fc": null, "err_cross": null, "err_lag": null, "err_ref": null, "secs": 0.0}
{"seed": 9310215, "family": "lin", "window_frac": 0.1, "f": 0.95, "status": "no cutoff: s never reaches f\u00b7s_ref in the saved path", "t_c": null, "t_fc": null, "err_cross": null, "err_lag": null, "err_ref": null, "secs": 0.0}
{"seed": 9310215, "family": "lin", "window_frac": 0.1, "f": 0.98, "status": "no cutoff: s never reaches f\u00b7s_ref in the saved path", "t_c": null, "t_fc": null, "err_cross": null, "err_lag": null, "err_ref": null, "secs": 0.0}
{"seed": 9310215, "family": "lin", "window_frac": 0.25, "f": 0.8, "status": "no cutoff: s never reaches f\u00b7s_ref in the saved path", "t_c": null, "t_fc": null, "err_cross": null, "err_lag": null, "err_ref": null, "secs": 0.0}
{"seed": 9310215, "family": "lin", "window_frac": 0.25, "f": 0.9, "status": "no cutoff: s never reaches f\u00b7s_ref in the saved path", "t_c": null, "t_fc": null, "err_cross": null, "err_lag": null, "err_ref": null, "secs": 0.0}
{"seed": 9310215, "family": "lin", "window_frac": 0.25, "f": 0.95, "status": "no cutoff: s never reaches f\u00b7s_ref in the saved path", "t_c": null, "t_fc": null, "err_cross": null, "err_lag": null, "err_ref": null, "secs": 0.0}
{"seed": 9310215, "family": "lin", "window_frac": 0.25, "f": 0.98, "status": "no cutoff: s never reaches f\u00b7s_ref in the saved path", "t_c": null, "t_fc": null, "err_cross": null, "err_lag": null, "err_ref": null, "secs": 0.0}
{"seed": 9310216, "family": "quad", "window_frac": 0.05, "f": 0.8, "status": "ok", "t_c": 576, "t_fc": 840, "err_cross": 13, "err_lag": -8, "err_ref": -4, "secs": 0.26}
{"seed": 9310216, "family": "quad", "window_frac": 0.05, "f": 0.9, "status": "ok", "t_c": 659, "t_fc": 824, "err_cross": -3, "err_lag": -5, "err_ref": -4, "secs": 0.26}
{"seed": 9310216, "family": "quad", "window_frac": 0.05, "f": 0.95, "status": "ok", "t_c": 703, "t_fc": 823, "err_cross": -4, "err_lag": -4, "err_ref": -4, "secs": 0.26}
{"seed": 9310216, "family": "quad", "window_frac": 0.05, "f": 0.98, "status": "ok", "t_c": 730, "t_fc": 823, "err_cross": -4, "err_lag": -4, "err_ref": -4, "secs": 0.26}
{"seed": 9310216, "family": "quad", "window_frac": 0.1, "f": 0.8, "status": "ok", "t_c": 576, "t_fc": 840, "err_cross": 13, "err_lag": -8, "err_ref": -4, "secs": 0.18}
{"seed": 9310216, "family": "quad", "window_frac": 0.1, "f": 0.9, "status": "ok", "t_c": 659, "t_fc": 824, "err_cross": -3, "err_lag": -5, "err_ref": -4, "secs": 0.18}
{"seed": 9310216, "family": "quad", "window_frac": 0.1, "f": 0.95, "status": "ok", "t_c": 703, "t_fc": 823, "err_cross": -4, "err_lag": -4, "err_ref": -4, "secs": 0.18}
{"seed": 9310216, "family": "quad", "window_frac": 0.1, "f": 0.98, "status": "ok", "t_c": 730, "t_fc": 823, "err_cross": -4, "err_lag": -4, "err_ref": -4, "secs": 0.18}
{"seed": 9310216, "family": "quad", "window_frac": 0.25, "f": 0.8, "status": "ok", "t_c": 576, "t_fc": 841, "err_cross": 14, "err_lag": -9, "err_ref": -4, "secs": 0.18}
{"seed": 9310216, "family": "quad", "window_frac": 0.25, "f": 0.9, "status": "ok", "t_c": 659, "t_fc": 824, "err_cross": -3, "err_lag": -6, "err_ref": -4, "secs": 0.18}
{"seed": 9310216, "family": "quad", "window_frac": 0.25, "f": 0.95, "status": "ok", "t_c": 703, "t_fc": 823, "err_cross": -4, "err_lag": -4, "err_ref": -4, "secs": 0.18}
{"seed": 9310216, "family": "quad", "window_frac": 0.25, "f": 0.98, "status": "ok", "t_c": 730, "t_fc": 822, "err_cross": -5, "err_lag": -5, "err_ref": -4, "secs": 0.18}
{"seed": 9310216, "family": "rate", "window_frac": 0.05, "f": 0.8, "status": "ok", "t_c": 576, "t_fc": 829, "err_cross": 2, "err_lag": -4, "err_ref": -4, "secs": 0.18}
{"seed": 9310216, "family": "rate", "window_frac": 0.05, "f": 0.9, "status": "ok", "t_c": 659, "t_fc": 823, "err_cross": -4, "err_lag": -4, "err_ref": -4, "secs": 0.18}
{"seed": 9310216, "family": "rate", "window_frac": 0.05, "f": 0.95, "status": "ok", "t_c": 703, "t_fc": 823, "err_cross": -4, "err_lag": -4, "err_ref": -4, "secs": 0.18}
{"seed": 9310216, "family": "rate", "window_frac": 0.05, "f": 0.98, "status": "ok", "t_c": 730, "t_fc": 823, "err_cross": -4, "err_lag": -4, "err_ref": -4, "secs": 0.18}
{"seed": 9310216, "family": "rate", "window_frac": 0.1, "f": 0.8, "status": "ok", "t_c": 576, "t_fc": 829, "err_cross": 2, "err_lag": -4, "err_ref": -4, "secs": 0.18}
{"seed": 9310216, "family": "rate", "window_frac": 0.1, "f": 0.9, "status": "ok", "t_c": 659, "t_fc": 823, "err_cross": -4, "err_lag": -4, "err_ref": -4, "secs": 0.18}
{"seed": 9310216, "family": "rate", "window_frac": 0.1, "f": 0.95, "status": "ok", "t_c": 703, "t_fc": 823, "err_cross": -4, "err_lag": -4, "err_ref": -4, "secs": 0.18}
{"seed": 9310216, "family": "rate", "window_frac": 0.1, "f": 0.98, "status": "ok", "t_c": 730, "t_fc": 823, "err_cross": -4, "err_lag": -4, "err_ref": -4, "secs": 0.18}
{"seed": 9310216, "family": "rate", "window_frac": 0.25, "f": 0.8, "status": "ok", "t_c": 576, "t_fc": 829, "err_cross": 2, "err_lag": -5, "err_ref": -4, "secs": 0.18}
{"seed": 9310216, "family": "rate", "window_frac": 0.25, "f": 0.9, "status": "ok", "t_c": 659, "t_fc": 824, "err_cross": -3, "err_lag": -4, "err_ref": -4, "secs": 0.18}
{"seed": 9310216, "family": "rate", "window_frac": 0.25, "f": 0.95, "status": "ok", "t_c": 703, "t_fc": 823, "err_cross": -4, "err_lag": -4, "err_ref": -4, "secs": 0.18}
{"seed": 9310216, "family": "rate", "window_frac": 0.25, "f": 0.98, "status": "ok", "t_c": 730, "t_fc": 823, "err_cross": -4, "err_lag": -4, "err_ref": -4, "secs": 0.18}
{"seed": 9310216, "family": "lin", "window_frac": 0.05, "f": 0.8, "status": "ok", "t_c": 576, "t_fc": 790, "err_cross": -37, "err_lag": -1, "err_ref": -4, "secs": 0.18}
{"seed": 9310216, "family": "lin", "window_frac": 0.05, "f": 0.9, "status": "ok", "t_c": 659, "t_fc": 814, "err_cross": -13, "err_lag": -2, "err_ref": -4, "secs": 0.18}
{"seed": 9310216, "family": "lin", "window_frac": 0.05, "f": 0.95, "status": "ok", "t_c": 703, "t_fc": 821, "err_cross": -6, "err_lag": -2, "err_ref": -4, "secs": 0.18}
{"seed": 9310216, "family": "lin", "window_frac": 0.05, "f": 0.98, "status": "ok", "t_c": 730, "t_fc": 824, "err_cross": -3, "err_lag": -2, "err_ref": -4, "secs": 0.18}
{"seed": 9310216, "family": "lin", "window_frac": 0.1, "f": 0.8, "status": "ok", "t_c": 576, "t_fc": 790, "err_cross": -37, "err_lag": -1, "err_ref": -4, "secs": 0.18}
{"seed": 9310216, "family": "lin", "window_frac": 0.1, "f": 0.9, "status": "ok", "t_c": 659, "t_fc": 814, "err_cross": -13, "err_lag": -2, "err_ref": -4, "secs": 0.18}
{"seed": 9310216, "family": "lin", "window_frac": 0.1, "f": 0.95, "status": "ok", "t_c": 703, "t_fc": 821, "err_cross": -6, "err_lag": -2, "err_ref": -4, "secs": 0.18}
{"seed": 9310216, "family": "lin", "window_frac": 0.1, "f": 0.98, "status": "ok", "t_c": 730, "t_fc": 824, "err_cross": -3, "err_lag": -2, "err_ref": -4, "secs": 0.18}
{"seed": 9310216, "family": "lin", "window_frac": 0.25, "f": 0.8, "status": "ok", "t_c": 576, "t_fc": 789, "err_cross": -38, "err_lag": -1, "err_ref": -4, "secs": 0.18}
{"seed": 9310216, "family": "lin", "window_frac": 0.25, "f": 0.9, "status": "ok", "t_c": 659, "t_fc": 812, "err_cross": -15, "err_lag": -2, "err_ref": -4, "secs": 0.18}
{"seed": 9310216, "family": "lin", "window_frac": 0.25, "f": 0.95, "status": "ok", "t_c": 703, "t_fc": 820, "err_cross": -7, "err_lag": -1, "err_ref": -4, "secs": 0.18}
{"seed": 9310216, "family": "lin", "window_frac": 0.25, "f": 0.98, "status": "ok", "t_c": 730, "t_fc": 823, "err_cross": -4, "err_lag": -2, "err_ref": -4, "secs": 0.18}
{"seed": 9310217, "family": "quad", "window_frac": 0.05, "f": 0.8, "status": "ok", "t_c": 505, "t_fc": 824, "err_cross": 16, "err_lag": -10, "err_ref": -4, "secs": 0.27}
{"seed": 9310217, "family": "quad", "window_frac": 0.05, "f": 0.9, "status": "ok", "t_c": 609, "t_fc": 805, "err_cross": -3, "err_lag": -6, "err_ref": -4, "secs": 0.27}
{"seed": 9310217, "family": "quad", "window_frac": 0.05, "f": 0.95, "status": "ok", "t_c": 663, "t_fc": 804, "err_cross": -4, "err_lag": -5, "err_ref": -4, "secs": 0.27}
{"seed": 9310217, "family": "quad", "window_frac": 0.05, "f": 0.98, "status": "ok", "t_c": 697, "t_fc": 803, "err_cross": -5, "err_lag": -5, "err_ref": -4, "secs": 0.27}
{"seed": 9310217, "family": "quad", "window_frac": 0.1, "f": 0.8, "status": "ok", "t_c": 505, "t_fc": 824, "err_cross": 16, "err_lag": -10, "err_ref": -4, "secs": 0.18}
{"seed": 9310217, "family": "quad", "window_frac": 0.1, "f": 0.9, "status": "ok", "t_c": 609, "t_fc": 805, "err_cross": -3, "err_lag": -6, "err_ref": -4, "secs": 0.18}
{"seed": 9310217, "family": "quad", "window_frac": 0.1, "f": 0.95, "status": "ok", "t_c": 663, "t_fc": 804, "err_cross": -4, "err_lag": -5, "err_ref": -4, "secs": 0.18}
{"seed": 9310217, "family": "quad", "window_frac": 0.1, "f": 0.98, "status": "ok", "t_c": 697, "t_fc": 803, "err_cross": -5, "err_lag": -5, "err_ref": -4, "secs": 0.18}
{"seed": 9310217, "family": "quad", "window_frac": 0.25, "f": 0.8, "status": "ok", "t_c": 505, "t_fc": 833, "err_cross": 25, "err_lag": -10, "err_ref": -4, "secs": 0.18}
{"seed": 9310217, "family": "quad", "window_frac": 0.25, "f": 0.9, "status": "ok", "t_c": 609, "t_fc": 806, "err_cross": -2, "err_lag": -7, "err_ref": -4, "secs": 0.18}
{"seed": 9310217, "family": "quad", "window_frac": 0.25, "f": 0.95, "status": "ok", "t_c": 663, "t_fc": 804, "err_cross": -4, "err_lag": -5, "err_ref": -4, "secs": 0.18}
{"seed": 9310217, "family": "quad", "window_frac": 0.25, "f": 0.98, "status": "ok", "t_c": 697, "t_fc": 803, "err_cross": -5, "err_lag": -6, "err_ref": -4, "secs": 0.18}
{"seed": 9310217, "family": "rate", "window_frac": 0.05, "f": 0.8, "status": "ok", "t_c": 505, "t_fc": 811, "err_cross": 3, "err_lag": -5, "err_ref": -4, "secs": 0.19}
{"seed": 9310217, "family": "rate", "window_frac": 0.05, "f": 0.9, "status": "ok", "t_c": 609, "t_fc": 804, "err_cross": -4, "err_lag": -5, "err_ref": -4, "secs": 0.18}
{"seed": 9310217, "family": "rate", "window_frac": 0.05, "f": 0.95, "status": "ok", "t_c": 663, "t_fc": 804, "err_cross": -4, "err_lag": -4, "err_ref": -4, "secs": 0.18}
{"seed": 9310217, "family": "rate", "window_frac": 0.05, "f": 0.98, "status": "ok", "t_c": 697, "t_fc": 804, "err_cross": -4, "err_lag": -4, "err_ref": -4, "secs": 0.18}
{"seed": 9310217, "family": "rate", "window_frac": 0.1, "f": 0.8, "status": "ok", "t_c": 505, "t_fc": 811, "err_cross": 3, "err_lag": -5, "err_ref": -4, "secs": 0.18}
{"seed": 9310217, "family": "rate", "window_frac": 0.1, "f": 0.9, "status": "ok", "t_c": 609, "t_fc": 804, "err_cross": -4, "err_lag": -5, "err_ref": -4, "secs": 0.18}
{"seed": 9310217, "family": "rate", "window_frac": 0.1, "f": 0.95, "status": "ok", "t_c": 663, "t_fc": 804, "err_cross": -4, "err_lag": -4, "err_ref": -4, "secs": 0.18}
{"seed": 9310217, "family": "rate", "window_frac": 0.1, "f": 0.98, "status": "ok", "t_c": 697, "t_fc": 804, "err_cross": -4, "err_lag": -4, "err_ref": -4, "secs": 0.18}
{"seed": 9310217, "family": "rate", "window_frac": 0.25, "f": 0.8, "status": "ok", "t_c": 505, "t_fc": 813, "err_cross": 5, "err_lag": -5, "err_ref": -4, "secs": 0.18}
{"seed": 9310217, "family": "rate", "window_frac": 0.25, "f": 0.9, "status": "ok", "t_c": 609, "t_fc": 805, "err_cross": -3, "err_lag": -5, "err_ref": -4, "secs": 0.18}
{"seed": 9310217, "family": "rate", "window_frac": 0.25, "f": 0.95, "status": "ok", "t_c": 663, "t_fc": 804, "err_cross": -4, "err_lag": -5, "err_ref": -4, "secs": 0.18}
{"seed": 9310217, "family": "rate", "window_frac": 0.25, "f": 0.98, "status": "ok", "t_c": 697, "t_fc": 804, "err_cross": -4, "err_lag": -4, "err_ref": -4, "secs": 0.18}
{"seed": 9310217, "family": "lin", "window_frac": 0.05, "f": 0.8, "status": "ok", "t_c": 505, "t_fc": 764, "err_cross": -44, "err_lag": -1, "err_ref": -4, "secs": 0.18}
{"seed": 9310217, "family": "lin", "window_frac": 0.05, "f": 0.9, "status": "ok", "t_c": 609, "t_fc": 793, "err_cross": -15, "err_lag": -2, "err_ref": -4, "secs": 0.18}
{"seed": 9310217, "family": "lin", "window_frac": 0.05, "f": 0.95, "status": "ok", "t_c": 663, "t_fc": 802, "err_cross": -6, "err_lag": -2, "err_ref": -4, "secs": 0.18}
{"seed": 9310217, "family": "lin", "window_frac": 0.05, "f": 0.98, "status": "ok", "t_c": 697, "t_fc": 805, "err_cross": -3, "err_lag": -2, "err_ref": -4, "secs": 0.18}
{"seed": 9310217, "family": "lin", "window_frac": 0.1, "f": 0.8, "status": "ok", "t_c": 505, "t_fc": 764, "err_cross": -44, "err_lag": -1, "err_ref": -4, "secs": 0.18}
{"seed": 9310217, "family": "lin", "window_frac": 0.1, "f": 0.9, "status": "ok", "t_c": 609, "t_fc": 793, "err_cross": -15, "err_lag": -2, "err_ref": -4, "secs": 0.18}
{"seed": 9310217, "family": "lin", "window_frac": 0.1, "f": 0.95, "status": "ok", "t_c": 663, "t_fc": 802, "err_cross": -6, "err_lag": -2, "err_ref": -4, "secs": 0.18}
{"seed": 9310217, "family": "lin", "window_frac": 0.1, "f": 0.98, "status": "ok", "t_c": 697, "t_fc": 805, "err_cross": -3, "err_lag": -2, "err_ref": -4, "secs": 0.18}
{"seed": 9310217, "family": "lin", "window_frac": 0.25, "f": 0.8, "status": "ok", "t_c": 505, "t_fc": 758, "err_cross": -50, "err_lag": -2, "err_ref": -4, "secs": 0.18}
{"seed": 9310217, "family": "lin", "window_frac": 0.25, "f": 0.9, "status": "ok", "t_c": 609, "t_fc": 789, "err_cross": -19, "err_lag": -2, "err_ref": -4, "secs": 0.18}
{"seed": 9310217, "family": "lin", "window_frac": 0.25, "f": 0.95, "status": "ok", "t_c": 663, "t_fc": 799, "err_cross": -9, "err_lag": -2, "err_ref": -4, "secs": 0.18}
{"seed": 9310217, "family": "lin", "window_frac": 0.25, "f": 0.98, "status": "ok", "t_c": 697, "t_fc": 804, "err_cross": -4, "err_lag": -2, "err_ref": -4, "secs": 0.18}
{"seed": 9310218, "family": "quad", "window_frac": 0.05, "f": 0.8, "status": "ok", "t_c": 372, "t_fc": 606, "err_cross": 14, "err_lag": -7, "err_ref": -1, "secs": 0.26}
{"seed": 9310218, "family": "quad", "window_frac": 0.05, "f": 0.9, "status": "ok", "t_c": 444, "t_fc": 591, "err_cross": -1, "err_lag": -3, "err_ref": -1, "secs": 0.26}
{"seed": 9310218, "family": "quad", "window_frac": 0.05, "f": 0.95, "status": "ok", "t_c": 482, "t_fc": 590, "err_cross": -2, "err_lag": -3, "err_ref": -1, "secs": 0.26}
{"seed": 9310218, "family": "quad", "window_frac": 0.05, "f": 0.98, "status": "ok", "t_c": 505, "t_fc": 590, "err_cross": -2, "err_lag": -2, "err_ref": -1, "secs": 0.26}
{"seed": 9310218, "family": "quad", "window_frac": 0.1, "f": 0.8, "status": "ok", "t_c": 372, "t_fc": 606, "err_cross": 14, "err_lag": -7, "err_ref": -1, "secs": 0.23}
{"seed": 9310218, "family": "quad", "window_frac": 0.1, "f": 0.9, "status": "ok", "t_c": 444, "t_fc": 591, "err_cross": -1, "err_lag": -3, "err_ref": -1, "secs": 0.18}
{"seed": 9310218, "family": "quad", "window_frac": 0.1, "f": 0.95, "status": "ok", "t_c": 482, "t_fc": 590, "err_cross": -2, "err_lag": -3, "err_ref": -1, "secs": 0.18}
{"seed": 9310218, "family": "quad", "window_frac": 0.1, "f": 0.98, "status": "ok", "t_c": 505, "t_fc": 590, "err_cross": -2, "err_lag": -2, "err_ref": -1, "secs": 0.18}
{"seed": 9310218, "family": "quad", "window_frac": 0.25, "f": 0.8, "status": "ok", "t_c": 372, "t_fc": 606, "err_cross": 14, "err_lag": -7, "err_ref": -1, "secs": 0.18}
{"seed": 9310218, "family": "quad", "window_frac": 0.25, "f": 0.9, "status": "ok", "t_c": 444, "t_fc": 591, "err_cross": -1, "err_lag": -3, "err_ref": -1, "secs": 0.18}
{"seed": 9310218, "family": "quad", "window_frac": 0.25, "f": 0.95, "status": "ok", "t_c": 482, "t_fc": 590, "err_cross": -2, "err_lag": -3, "err_ref": -1, "secs": 0.18}
{"seed": 9310218, "family": "quad", "window_frac": 0.25, "f": 0.98, "status": "ok", "t_c": 505, "t_fc": 590, "err_cross": -2, "err_lag": -2, "err_ref": -1, "secs": 0.18}
{"seed": 9310218, "family": "rate", "window_frac": 0.05, "f": 0.8, "status": "ok", "t_c": 372, "t_fc": 596, "err_cross": 4, "err_lag": -3, "err_ref": -1, "secs": 0.18}
{"seed": 9310218, "family": "rate", "window_frac": 0.05, "f": 0.9, "status": "ok", "t_c": 444, "t_fc": 591, "err_cross": -1, "err_lag": -2, "err_ref": -1, "secs": 0.18}
{"seed": 9310218, "family": "rate", "window_frac": 0.05, "f": 0.95, "status": "ok", "t_c": 482, "t_fc": 591, "err_cross": -1, "err_lag": -1, "err_ref": -1, "secs": 0.18}
{"seed": 9310218, "family": "rate", "window_frac": 0.05, "f": 0.98, "status": "ok", "t_c": 505, "t_fc": 591, "err_cross": -1, "err_lag": -1, "err_ref": -1, "secs": 0.18}
{"seed": 9310218, "family": "rate", "window_frac": 0.1, "f": 0.8, "status": "ok", "t_c": 372, "t_fc": 596, "err_cross": 4, "err_lag": -3, "err_ref": -1, "secs": 0.18}
{"seed": 9310218, "family": "rate", "window_frac": 0.1, "f": 0.9, "status": "ok", "t_c": 444, "t_fc": 591, "err_cross": -1, "err_lag": -2, "err_ref": -1, "secs": 0.18}
{"seed": 9310218, "family": "rate", "window_frac": 0.1, "f": 0.95, "status": "ok", "t_c": 482, "t_fc": 591, "err_cross": -1, "err_lag": -1, "err_ref": -1, "secs": 0.18}
{"seed": 9310218, "family": "rate", "window_frac": 0.1, "f": 0.98, "status": "ok", "t_c": 505, "t_fc": 591, "err_cross": -1, "err_lag": -1, "err_ref": -1, "secs": 0.18}
{"seed": 9310218, "family": "rate", "window_frac": 0.25, "f": 0.8, "status": "ok", "t_c": 372, "t_fc": 596, "err_cross": 4, "err_lag": -3, "err_ref": -1, "secs": 0.18}
{"seed": 9310218, "family": "rate", "window_frac": 0.25, "f": 0.9, "status": "ok", "t_c": 444, "t_fc": 591, "err_cross": -1, "err_lag": -2, "err_ref": -1, "secs": 0.18}
{"seed": 9310218, "family": "rate", "window_frac": 0.25, "f": 0.95, "status": "ok", "t_c": 482, "t_fc": 591, "err_cross": -1, "err_lag": -1, "err_ref": -1, "secs": 0.17}
{"seed": 9310218, "family": "rate", "window_frac": 0.25, "f": 0.98, "status": "ok", "t_c": 505, "t_fc": 591, "err_cross": -1, "err_lag": -1, "err_ref": -1, "secs": 0.17}
{"seed": 9310218, "family": "lin", "window_frac": 0.05, "f": 0.8, "status": "ok", "t_c": 372, "t_fc": 564, "err_cross": -28, "err_lag": 3, "err_ref": -1, "secs": 0.17}
{"seed": 9310218, "family": "lin", "window_frac": 0.05, "f": 0.9, "status": "ok", "t_c": 444, "t_fc": 584, "err_cross": -8, "err_lag": 2, "err_ref": -1, "secs": 0.18}
{"seed": 9310218, "family": "lin", "window_frac": 0.05, "f": 0.95, "status": "ok", "t_c": 482, "t_fc": 590, "err_cross": -2, "err_lag": 1, "err_ref": -1, "secs": 0.18}
{"seed": 9310218, "family": "lin", "window_frac": 0.05, "f": 0.98, "status": "ok", "t_c": 505, "t_fc": 592, "err_cross": 0, "err_lag": 1, "err_ref": -1, "secs": 0.17}
{"seed": 9310218, "family": "lin", "window_frac": 0.1, "f": 0.8, "status": "ok", "t_c": 372, "t_fc": 564, "err_cross": -28, "err_lag": 3, "err_ref": -1, "secs": 0.18}
{"seed": 9310218, "family": "lin", "window_frac": 0.1, "f": 0.9, "status": "ok", "t_c": 444, "t_fc": 584, "err_cross": -8, "err_lag": 2, "err_ref": -1, "secs": 0.18}
{"seed": 9310218, "family": "lin", "window_frac": 0.1, "f": 0.95, "status": "ok", "t_c": 482, "t_fc": 590, "err_cross": -2, "err_lag": 1, "err_ref": -1, "secs": 0.18}
{"seed": 9310218, "family": "lin", "window_frac": 0.1, "f": 0.98, "status": "ok", "t_c": 505, "t_fc": 592, "err_cross": 0, "err_lag": 1, "err_ref": -1, "secs": 0.18}
{"seed": 9310218, "family": "lin", "window_frac": 0.25, "f": 0.8, "status": "ok", "t_c": 372, "t_fc": 564, "err_cross": -28, "err_lag": 3, "err_ref": -1, "secs": 0.17}
{"seed": 9310218, "family": "lin", "window_frac": 0.25, "f": 0.9, "status": "ok", "t_c": 444, "t_fc": 584, "err_cross": -8, "err_lag": 2, "err_ref": -1, "secs": 0.18}
{"seed": 9310218, "family": "lin", "window_frac": 0.25, "f": 0.95, "status": "ok", "t_c": 482, "t_fc": 590, "err_cross": -2, "err_lag": 1, "err_ref": -1, "secs": 0.18}
{"seed": 9310218, "family": "lin", "window_frac": 0.25, "f": 0.98, "status": "ok", "t_c": 505, "t_fc": 592, "err_cross": 0, "err_lag": 1, "err_ref": -1, "secs": 0.18}
{"seed": 9310219, "family": "quad", "window_frac": 0.05, "f": 0.8, "status": "no cutoff: s never reaches f\u00b7s_ref in the saved path", "t_c": null, "t_fc": null, "err_cross": null, "err_lag": null, "err_ref": null, "secs": 0.0}
{"seed": 9310219, "family": "quad", "window_frac": 0.05, "f": 0.9, "status": "no cutoff: s never reaches f\u00b7s_ref in the saved path", "t_c": null, "t_fc": null, "err_cross": null, "err_lag": null, "err_ref": null, "secs": 0.0}
{"seed": 9310219, "family": "quad", "window_frac": 0.05, "f": 0.95, "status": "no cutoff: s never reaches f\u00b7s_ref in the saved path", "t_c": null, "t_fc": null, "err_cross": null, "err_lag": null, "err_ref": null, "secs": 0.0}
{"seed": 9310219, "family": "quad", "window_frac": 0.05, "f": 0.98, "status": "no cutoff: s never reaches f\u00b7s_ref in the saved path", "t_c": null, "t_fc": null, "err_cross": null, "err_lag": null, "err_ref": null, "secs": 0.0}
{"seed": 9310219, "family": "quad", "window_frac": 0.1, "f": 0.8, "status": "no cutoff: s never reaches f\u00b7s_ref in the saved path", "t_c": null, "t_fc": null, "err_cross": null, "err_lag": null, "err_ref": null, "secs": 0.0}
{"seed": 9310219, "family": "quad", "window_frac": 0.1, "f": 0.9, "status": "no cutoff: s never reaches f\u00b7s_ref in the saved path", "t_c": null, "t_fc": null, "err_cross": null, "err_lag": null, "err_ref": null, "secs": 0.0}
{"seed": 9310219, "family": "quad", "window_frac": 0.1, "f": 0.95, "status": "no cutoff: s never reaches f\u00b7s_ref in the saved path", "t_c": null, "t_fc": null, "err_cross": null, "err_lag": null, "err_ref": null, "secs": 0.0}
{"seed": 9310219, "family": "quad", "window_frac": 0.1, "f": 0.98, "status": "no cutoff: s never reaches f\u00b7s_ref in the saved path", "t_c": null, "t_fc": null, "err_cross": null, "err_lag": null, "err_ref": null, "secs": 0.0}
{"seed": 9310219, "family": "quad", "window_frac": 0.25, "f": 0.8, "status": "no cutoff: s never reaches f\u00b7s_ref in the saved path", "t_c": null, "t_fc": null, "err_cross": null, "err_lag": null, "err_ref": null, "secs": 0.0}
{"seed": 9310219, "family": "quad", "window_frac": 0.25, "f": 0.9, "status": "no cutoff: s never reaches f\u00b7s_ref in the saved path", "t_c": null, "t_fc": null, "err_cross": null, "err_lag": null, "err_ref": null, "secs": 0.0}
{"seed": 9310219, "family": "quad", "window_frac": 0.25, "f": 0.95, "status": "no cutoff: s never reaches f\u00b7s_ref in the saved path", "t_c": null, "t_fc": null, "err_cross": null, "err_lag": null, "err_ref": null, "secs": 0.0}
{"seed": 9310219, "family": "quad", "window_frac": 0.25, "f": 0.98, "status": "no cutoff: s never reaches f\u00b7s_ref in the saved path", "t_c": null, "t_fc": null, "err_cross": null, "err_lag": null, "err_ref": null, "secs": 0.0}
{"seed": 9310219, "family": "rate", "window_frac": 0.05, "f": 0.8, "status": "no cutoff: s never reaches f\u00b7s_ref in the saved path", "t_c": null, "t_fc": null, "err_cross": null, "err_lag": null, "err_ref": null, "secs": 0.0}
{"seed": 9310219, "family": "rate", "window_frac": 0.05, "f": 0.9, "status": "no cutoff: s never reaches f\u00b7s_ref in the saved path", "t_c": null, "t_fc": null, "err_cross": null, "err_lag": null, "err_ref": null, "secs": 0.0}
{"seed": 9310219, "family": "rate", "window_frac": 0.05, "f": 0.95, "status": "no cutoff: s never reaches f\u00b7s_ref in the saved path", "t_c": null, "t_fc": null, "err_cross": null, "err_lag": null, "err_ref": null, "secs": 0.0}
{"seed": 9310219, "family": "rate", "window_frac": 0.05, "f": 0.98, "status": "no cutoff: s never reaches f\u00b7s_ref in the saved path", "t_c": null, "t_fc": null, "err_cross": null, "err_lag": null, "err_ref": null, "secs": 0.0}
{"seed": 9310219, "family": "rate", "window_frac": 0.1, "f": 0.8, "status": "no cutoff: s never reaches f\u00b7s_ref in the saved path", "t_c": null, "t_fc": null, "err_cross": null, "err_lag": null, "err_ref": null, "secs": 0.0}
{"seed": 9310219, "family": "rate", "window_frac": 0.1, "f": 0.9, "status": "no cutoff: s never reaches f\u00b7s_ref in the saved path", "t_c": null, "t_fc": null, "err_cross": null, "err_lag": null, "err_ref": null, "secs": 0.0}
{"seed": 9310219, "family": "rate", "window_frac": 0.1, "f": 0.95, "status": "no cutoff: s never reaches f\u00b7s_ref in the saved path", "t_c": null, "t_fc": null, "err_cross": null, "err_lag": null, "err_ref": null, "secs": 0.0}
{"seed": 9310219, "family": "rate", "window_frac": 0.1, "f": 0.98, "status": "no cutoff: s never reaches f\u00b7s_ref in the saved path", "t_c": null, "t_fc": null, "err_cross": null, "err_lag": null, "err_ref": null, "secs": 0.0}
{"seed": 9310219, "family": "rate", "window_frac": 0.25, "f": 0.8, "status": "no cutoff: s never reaches f\u00b7s_ref in the saved path", "t_c": null, "t_fc": null, "err_cross": null, "err_lag": null, "err_ref": null, "secs": 0.0}
{"seed": 9310219, "family": "rate", "window_frac": 0.25, "f": 0.9, "status": "no cutoff: s never reaches f\u00b7s_ref in the saved path", "t_c": null, "t_fc": null, "err_cross": null, "err_lag": null, "err_ref": null, "secs": 0.0}
{"seed": 9310219, "family": "rate", "window_frac": 0.25, "f": 0.95, "status": "no cutoff: s never reaches f\u00b7s_ref in the saved path", "t_c": null, "t_fc": null, "err_cross": null, "err_lag": null, "err_ref": null, "secs": 0.0}
{"seed": 9310219, "family": "rate", "window_frac": 0.25, "f": 0.98, "status": "no cutoff: s never reaches f\u00b7s_ref in the saved path", "t_c": null, "t_fc": null, "err_cross": null, "err_lag": null, "err_ref": null, "secs": 0.0}
{"seed": 9310219, "family": "lin", "window_frac": 0.05, "f": 0.8, "status": "no cutoff: s never reaches f\u00b7s_ref in the saved path", "t_c": null, "t_fc": null, "err_cross": null, "err_lag": null, "err_ref": null, "secs": 0.0}
{"seed": 9310219, "family": "lin", "window_frac": 0.05, "f": 0.9, "status": "no cutoff: s never reaches f\u00b7s_ref in the saved path", "t_c": null, "t_fc": null, "err_cross": null, "err_lag": null, "err_ref": null, "secs": 0.0}
{"seed": 9310219, "family": "lin", "window_frac": 0.05, "f": 0.95, "status": "no cutoff: s never reaches f\u00b7s_ref in the saved path", "t_c": null, "t_fc": null, "err_cross": null, "err_lag": null, "err_ref": null, "secs": 0.0}
{"seed": 9310219, "family": "lin", "window_frac": 0.05, "f": 0.98, "status": "no cutoff: s never reaches f\u00b7s_ref in the saved path", "t_c": null, "t_fc": null, "err_cross": null, "err_lag": null, "err_ref": null, "secs": 0.0}
{"seed": 9310219, "family": "lin", "window_frac": 0.1, "f": 0.8, "status": "no cutoff: s never reaches f\u00b7s_ref in the saved path", "t_c": null, "t_fc": null, "err_cross": null, "err_lag": null, "err_ref": null, "secs": 0.0}
{"seed": 9310219, "family": "lin", "window_frac": 0.1, "f": 0.9, "status": "no cutoff: s never reaches f\u00b7s_ref in the saved path", "t_c": null, "t_fc": null, "err_cross": null, "err_lag": null, "err_ref": null, "secs": 0.0}
{"seed": 9310219, "family": "lin", "window_frac": 0.1, "f": 0.95, "status": "no cutoff: s never reaches f\u00b7s_ref in the saved path", "t_c": null, "t_fc": null, "err_cross": null, "err_lag": null, "err_ref": null, "secs": 0.0}
{"seed": 9310219, "family": "lin", "window_frac": 0.1, "f": 0.98, "status": "no cutoff: s never reaches f\u00b7s_ref in the saved path", "t_c": null, "t_fc": null, "err_cross": null, "err_lag": null, "err_ref": null, "secs": 0.0}
{"seed": 9310219, "family": "lin", "window_frac": 0.25, "f": 0.8, "status": "no cutoff: s never reaches f\u00b7s_ref in the saved path", "t_c": null, "t_fc": null, "err_cross": null, "err_lag": null, "err_ref": null, "secs": 0.0}
{"seed": 9310219, "family": "lin", "window_frac": 0.25, "f": 0.9, "status": "no cutoff: s never reaches f\u00b7s_ref in the saved path", "t_c": null, "t_fc": null, "err_cross": null, "err_lag": null, "err_ref": null, "secs": 0.0}
{"seed": 9310219, "family": "lin", "window_frac": 0.25, "f": 0.95, "status": "no cutoff: s never reaches f\u00b7s_ref in the saved path", "t_c": null, "t_fc": null, "err_cross": null, "err_lag": null, "err_ref": null, "secs": 0.0}
{"seed": 9310219, "family": "lin", "window_frac": 0.25, "f": 0.98, "status": "no cutoff: s never reaches f\u00b7s_ref in the saved path", "t_c": null, "t_fc": null, "err_cross": null, "err_lag": null, "err_ref": null, "secs": 0.0}
{"seed": 9310220, "family": "quad", "window_frac": 0.05, "f": 0.8, "status": "ok", "t_c": 1659, "t_fc": 2016, "err_cross": 18, "err_lag": -10, "err_ref": -5, "secs": 0.27}
{"seed": 9310220, "family": "quad", "window_frac": 0.05, "f": 0.9, "status": "ok", "t_c": 1777, "t_fc": 1994, "err_cross": -4, "err_lag": -7, "err_ref": -5, "secs": 0.27}
{"seed": 9310220, "family": "quad", "window_frac": 0.05, "f": 0.95, "status": "ok", "t_c": 1839, "t_fc": 1993, "err_cross": -5, "err_lag": -6, "err_ref": -5, "secs": 0.27}
{"seed": 9310220, "family": "quad", "window_frac": 0.05, "f": 0.98, "status": "ok", "t_c": 1877, "t_fc": 1993, "err_cross": -5, "err_lag": -5, "err_ref": -5, "secs": 0.27}
{"seed": 9310220, "family": "quad", "window_frac": 0.1, "f": 0.8, "status": "ok", "t_c": 1659, "t_fc": 2016, "err_cross": 18, "err_lag": -10, "err_ref": -5, "secs": 0.19}
{"seed": 9310220, "family": "quad", "window_frac": 0.1, "f": 0.9, "status": "ok", "t_c": 1777, "t_fc": 1994, "err_cross": -4, "err_lag": -7, "err_ref": -5, "secs": 0.18}
{"seed": 9310220, "family": "quad", "window_frac": 0.1, "f": 0.95, "status": "ok", "t_c": 1839, "t_fc": 1993, "err_cross": -5, "err_lag": -6, "err_ref": -5, "secs": 0.19}
{"seed": 9310220, "family": "quad", "window_frac": 0.1, "f": 0.98, "status": "ok", "t_c": 1877, "t_fc": 1993, "err_cross": -5, "err_lag": -5, "err_ref": -5, "secs": 0.19}
{"seed": 9310220, "family": "quad", "window_frac": 0.25, "f": 0.8, "status": "ok", "t_c": 1659, "t_fc": 2023, "err_cross": 25, "err_lag": -11, "err_ref": -5, "secs": 0.19}
{"seed": 9310220, "family": "quad", "window_frac": 0.25, "f": 0.9, "status": "ok", "t_c": 1777, "t_fc": 1996, "err_cross": -2, "err_lag": -7, "err_ref": -5, "secs": 0.19}
{"seed": 9310220, "family": "quad", "window_frac": 0.25, "f": 0.95, "status": "ok", "t_c": 1839, "t_fc": 1993, "err_cross": -5, "err_lag": -6, "err_ref": -5, "secs": 0.19}
{"seed": 9310220, "family": "quad", "window_frac": 0.25, "f": 0.98, "status": "ok", "t_c": 1877, "t_fc": 1993, "err_cross": -5, "err_lag": -6, "err_ref": -5, "secs": 0.19}
{"seed": 9310220, "family": "rate", "window_frac": 0.05, "f": 0.8, "status": "ok", "t_c": 1659, "t_fc": 2001, "err_cross": 3, "err_lag": -6, "err_ref": -5, "secs": 0.19}
{"seed": 9310220, "family": "rate", "window_frac": 0.05, "f": 0.9, "status": "ok", "t_c": 1777, "t_fc": 1994, "err_cross": -4, "err_lag": -5, "err_ref": -5, "secs": 0.19}
{"seed": 9310220, "family": "rate", "window_frac": 0.05, "f": 0.95, "status": "ok", "t_c": 1839, "t_fc": 1993, "err_cross": -5, "err_lag": -6, "err_ref": -5, "secs": 0.19}
{"seed": 9310220, "family": "rate", "window_frac": 0.05, "f": 0.98, "status": "ok", "t_c": 1877, "t_fc": 1993, "err_cross": -5, "err_lag": -5, "err_ref": -5, "secs": 0.19}
{"seed": 9310220, "family": "rate", "window_frac": 0.1, "f": 0.8, "status": "ok", "t_c": 1659, "t_fc": 2001, "err_cross": 3, "err_lag": -6, "err_ref": -5, "secs": 0.19}
{"seed": 9310220, "family": "rate", "window_frac": 0.1, "f": 0.9, "status": "ok", "t_c": 1777, "t_fc": 1994, "err_cross": -4, "err_lag": -5, "err_ref": -5, "secs": 0.19}
{"seed": 9310220, "family": "rate", "window_frac": 0.1, "f": 0.95, "status": "ok", "t_c": 1839, "t_fc": 1993, "err_cross": -5, "err_lag": -6, "err_ref": -5, "secs": 0.19}
{"seed": 9310220, "family": "rate", "window_frac": 0.1, "f": 0.98, "status": "ok", "t_c": 1877, "t_fc": 1993, "err_cross": -5, "err_lag": -5, "err_ref": -5, "secs": 0.19}
{"seed": 9310220, "family": "rate", "window_frac": 0.25, "f": 0.8, "status": "ok", "t_c": 1659, "t_fc": 2003, "err_cross": 5, "err_lag": -6, "err_ref": -5, "secs": 0.19}
{"seed": 9310220, "family": "rate", "window_frac": 0.25, "f": 0.9, "status": "ok", "t_c": 1777, "t_fc": 1994, "err_cross": -4, "err_lag": -6, "err_ref": -5, "secs": 0.19}
{"seed": 9310220, "family": "rate", "window_frac": 0.25, "f": 0.95, "status": "ok", "t_c": 1839, "t_fc": 1993, "err_cross": -5, "err_lag": -6, "err_ref": -5, "secs": 0.19}
{"seed": 9310220, "family": "rate", "window_frac": 0.25, "f": 0.98, "status": "ok", "t_c": 1877, "t_fc": 1993, "err_cross": -5, "err_lag": -5, "err_ref": -5, "secs": 0.19}
{"seed": 9310220, "family": "lin", "window_frac": 0.05, "f": 0.8, "status": "ok", "t_c": 1659, "t_fc": 1948, "err_cross": -50, "err_lag": -2, "err_ref": -5, "secs": 0.19}
{"seed": 9310220, "family": "lin", "window_frac": 0.05, "f": 0.9, "status": "ok", "t_c": 1777, "t_fc": 1982, "err_cross": -16, "err_lag": -2, "err_ref": -5, "secs": 0.19}
{"seed": 9310220, "family": "lin", "window_frac": 0.05, "f": 0.95, "status": "ok", "t_c": 1839, "t_fc": 1991, "err_cross": -7, "err_lag": -3, "err_ref": -5, "secs": 0.19}
{"seed": 9310220, "family": "lin", "window_frac": 0.05, "f": 0.98, "status": "ok", "t_c": 1877, "t_fc": 1994, "err_cross": -4, "err_lag": -3, "err_ref": -5, "secs": 0.19}
{"seed": 9310220, "family": "lin", "window_frac": 0.1, "f": 0.8, "status": "ok", "t_c": 1659, "t_fc": 1948, "err_cross": -50, "err_lag": -2, "err_ref": -5, "secs": 0.19}
{"seed": 9310220, "family": "lin", "window_frac": 0.1, "f": 0.9, "status": "ok", "t_c": 1777, "t_fc": 1982, "err_cross": -16, "err_lag": -2, "err_ref": -5, "secs": 0.19}
{"seed": 9310220, "family": "lin", "window_frac": 0.1, "f": 0.95, "status": "ok", "t_c": 1839, "t_fc": 1991, "err_cross": -7, "err_lag": -3, "err_ref": -5, "secs": 0.19}
{"seed": 9310220, "family": "lin", "window_frac": 0.1, "f": 0.98, "status": "ok", "t_c": 1877, "t_fc": 1994, "err_cross": -4, "err_lag": -3, "err_ref": -5, "secs": 0.19}
{"seed": 9310220, "family": "lin", "window_frac": 0.25, "f": 0.8, "status": "ok", "t_c": 1659, "t_fc": 1943, "err_cross": -55, "err_lag": -3, "err_ref": -5, "secs": 0.19}
{"seed": 9310220, "family": "lin", "window_frac": 0.25, "f": 0.9, "status": "ok", "t_c": 1777, "t_fc": 1977, "err_cross": -21, "err_lag": -2, "err_ref": -5, "secs": 0.19}
{"seed": 9310220, "family": "lin", "window_frac": 0.25, "f": 0.95, "status": "ok", "t_c": 1839, "t_fc": 1988, "err_cross": -10, "err_lag": -3, "err_ref": -5, "secs": 0.19}
{"seed": 9310220, "family": "lin", "window_frac": 0.25, "f": 0.98, "status": "ok", "t_c": 1877, "t_fc": 1993, "err_cross": -5, "err_lag": -3, "err_ref": -5, "secs": 0.19}
{"seed": 9310221, "family": "quad", "window_frac": 0.05, "f": 0.8, "status": "ok", "t_c": 702, "t_fc": 1044, "err_cross": 20, "err_lag": -6, "err_ref": -4, "secs": 0.27}
{"seed": 9310221, "family": "quad", "window_frac": 0.05, "f": 0.9, "status": "ok", "t_c": 819, "t_fc": 1022, "err_cross": -2, "err_lag": -4, "err_ref": -4, "secs": 0.27}
{"seed": 9310221, "family": "quad", "window_frac": 0.05, "f": 0.95, "status": "ok", "t_c": 880, "t_fc": 1020, "err_cross": -4, "err_lag": -4, "err_ref": -4, "secs": 0.27}
{"seed": 9310221, "family": "quad", "window_frac": 0.05, "f": 0.98, "status": "ok", "t_c": 917, "t_fc": 1020, "err_cross": -4, "err_lag": -4, "err_ref": -4, "secs": 0.27}
{"seed": 9310221, "family": "quad", "window_frac": 0.1, "f": 0.8, "status": "ok", "t_c": 702, "t_fc": 1044, "err_cross": 20, "err_lag": -6, "err_ref": -4, "secs": 0.18}
{"seed": 9310221, "family": "quad", "window_frac": 0.1, "f": 0.9, "status": "ok", "t_c": 819, "t_fc": 1022, "err_cross": -2, "err_lag": -4, "err_ref": -4, "secs": 0.18}
{"seed": 9310221, "family": "quad", "window_frac": 0.1, "f": 0.95, "status": "ok", "t_c": 880, "t_fc": 1020, "err_cross": -4, "err_lag": -4, "err_ref": -4, "secs": 0.18}
{"seed": 9310221, "family": "quad", "window_frac": 0.1, "f": 0.98, "status": "ok", "t_c": 917, "t_fc": 1020, "err_cross": -4, "err_lag": -4, "err_ref": -4, "secs": 0.18}
{"seed": 9310221, "family": "quad", "window_frac": 0.25, "f": 0.8, "status": "ok", "t_c": 702, "t_fc": 1057, "err_cross": 33, "err_lag": -8, "err_ref": -4, "secs": 0.19}
{"seed": 9310221, "family": "quad", "window_frac": 0.25, "f": 0.9, "status": "ok", "t_c": 819, "t_fc": 1024, "err_cross": 0, "err_lag": -5, "err_ref": -4, "secs": 0.18}
{"seed": 9310221, "family": "quad", "window_frac": 0.25, "f": 0.95, "status": "ok", "t_c": 880, "t_fc": 1021, "err_cross": -3, "err_lag": -4, "err_ref": -4, "secs": 0.19}
{"seed": 9310221, "family": "quad", "window_frac": 0.25, "f": 0.98, "status": "ok", "t_c": 917, "t_fc": 1020, "err_cross": -4, "err_lag": -4, "err_ref": -4, "secs": 0.19}
{"seed": 9310221, "family": "rate", "window_frac": 0.05, "f": 0.8, "status": "ok", "t_c": 702, "t_fc": 1028, "err_cross": 4, "err_lag": -4, "err_ref": -4, "secs": 0.2}
{"seed": 9310221, "family": "rate", "window_frac": 0.05, "f": 0.9, "status": "ok", "t_c": 819, "t_fc": 1021, "err_cross": -3, "err_lag": -4, "err_ref": -4, "secs": 0.22}
{"seed": 9310221, "family": "rate", "window_frac": 0.05, "f": 0.95, "status": "ok", "t_c": 880, "t_fc": 1020, "err_cross": -4, "err_lag": -4, "err_ref": -4, "secs": 0.19}
{"seed": 9310221, "family": "rate", "window_frac": 0.05, "f": 0.98, "status": "ok", "t_c": 917, "t_fc": 1020, "err_cross": -4, "err_lag": -4, "err_ref": -4, "secs": 0.19}
{"seed": 9310221, "family": "rate", "window_frac": 0.1, "f": 0.8, "status": "ok", "t_c": 702, "t_fc": 1028, "err_cross": 4, "err_lag": -4, "err_ref": -4, "secs": 0.19}
{"seed": 9310221, "family": "rate", "window_frac": 0.1, "f": 0.9, "status": "ok", "t_c": 819, "t_fc": 1021, "err_cross": -3, "err_lag": -4, "err_ref": -4, "secs": 0.19}
{"seed": 9310221, "family": "rate", "window_frac": 0.1, "f": 0.95, "status": "ok", "t_c": 880, "t_fc": 1020, "err_cross": -4, "err_lag": -4, "err_ref": -4, "secs": 0.19}
{"seed": 9310221, "family": "rate", "window_frac": 0.1, "f": 0.98, "status": "ok", "t_c": 917, "t_fc": 1020, "err_cross": -4, "err_lag": -4, "err_ref": -4, "secs": 0.19}
{"seed": 9310221, "family": "rate", "window_frac": 0.25, "f": 0.8, "status": "ok", "t_c": 702, "t_fc": 1031, "err_cross": 7, "err_lag": -4, "err_ref": -4, "secs": 0.19}
{"seed": 9310221, "family": "rate", "window_frac": 0.25, "f": 0.9, "status": "ok", "t_c": 819, "t_fc": 1022, "err_cross": -2, "err_lag": -4, "err_ref": -4, "secs": 0.19}
{"seed": 9310221, "family": "rate", "window_frac": 0.25, "f": 0.95, "status": "ok", "t_c": 880, "t_fc": 1020, "err_cross": -4, "err_lag": -4, "err_ref": -4, "secs": 0.19}
{"seed": 9310221, "family": "rate", "window_frac": 0.25, "f": 0.98, "status": "ok", "t_c": 917, "t_fc": 1020, "err_cross": -4, "err_lag": -4, "err_ref": -4, "secs": 0.19}
{"seed": 9310221, "family": "lin", "window_frac": 0.05, "f": 0.8, "status": "ok", "t_c": 702, "t_fc": 974, "err_cross": -50, "err_lag": -2, "err_ref": -4, "secs": 0.19}
{"seed": 9310221, "family": "lin", "window_frac": 0.05, "f": 0.9, "status": "ok", "t_c": 819, "t_fc": 1008, "err_cross": -16, "err_lag": -2, "err_ref": -4, "secs": 0.19}
{"seed": 9310221, "family": "lin", "window_frac": 0.05, "f": 0.95, "status": "ok", "t_c": 880, "t_fc": 1017, "err_cross": -7, "err_lag": -2, "err_ref": -4, "secs": 0.19}
{"seed": 9310221, "family": "lin", "window_frac": 0.05, "f": 0.98, "status": "ok", "t_c": 917, "t_fc": 1020, "err_cross": -4, "err_lag": -3, "err_ref": -4, "secs": 0.19}
{"seed": 9310221, "family": "lin", "window_frac": 0.1, "f": 0.8, "status": "ok", "t_c": 702, "t_fc": 974, "err_cross": -50, "err_lag": -2, "err_ref": -4, "secs": 0.2}
{"seed": 9310221, "family": "lin", "window_frac": 0.1, "f": 0.9, "status": "ok", "t_c": 819, "t_fc": 1008, "err_cross": -16, "err_lag": -2, "err_ref": -4, "secs": 0.2}
{"seed": 9310221, "family": "lin", "window_frac": 0.1, "f": 0.95, "status": "ok", "t_c": 880, "t_fc": 1017, "err_cross": -7, "err_lag": -2, "err_ref": -4, "secs": 0.2}
{"seed": 9310221, "family": "lin", "window_frac": 0.1, "f": 0.98, "status": "ok", "t_c": 917, "t_fc": 1020, "err_cross": -4, "err_lag": -2, "err_ref": -4, "secs": 0.2}
{"seed": 9310221, "family": "lin", "window_frac": 0.25, "f": 0.8, "status": "ok", "t_c": 702, "t_fc": 966, "err_cross": -58, "err_lag": -3, "err_ref": -4, "secs": 0.2}
{"seed": 9310221, "family": "lin", "window_frac": 0.25, "f": 0.9, "status": "ok", "t_c": 819, "t_fc": 1001, "err_cross": -23, "err_lag": -3, "err_ref": -4, "secs": 0.19}
{"seed": 9310221, "family": "lin", "window_frac": 0.25, "f": 0.95, "status": "ok", "t_c": 880, "t_fc": 1013, "err_cross": -11, "err_lag": -3, "err_ref": -4, "secs": 0.2}
{"seed": 9310221, "family": "lin", "window_frac": 0.25, "f": 0.98, "status": "ok", "t_c": 917, "t_fc": 1019, "err_cross": -5, "err_lag": -2, "err_ref": -4, "secs": 0.19}
{"seed": 9310222, "family": "quad", "window_frac": 0.05, "f": 0.8, "status": "ok", "t_c": 595, "t_fc": 925, "err_cross": 19, "err_lag": -7, "err_ref": -4, "secs": 0.29}
{"seed": 9310222, "family": "quad", "window_frac": 0.05, "f": 0.9, "status": "ok", "t_c": 705, "t_fc": 904, "err_cross": -2, "err_lag": -5, "err_ref": -4, "secs": 0.29}
{"seed": 9310222, "family": "quad", "window_frac": 0.05, "f": 0.95, "status": "ok", "t_c": 763, "t_fc": 902, "err_cross": -4, "err_lag": -5, "err_ref": -4, "secs": 0.29}
{"seed": 9310222, "family": "quad", "window_frac": 0.05, "f": 0.98, "status": "ok", "t_c": 798, "t_fc": 902, "err_cross": -4, "err_lag": -4, "err_ref": -4, "secs": 0.29}
{"seed": 9310222, "family": "quad", "window_frac": 0.1, "f": 0.8, "status": "ok", "t_c": 595, "t_fc": 925, "err_cross": 19, "err_lag": -7, "err_ref": -4, "secs": 0.19}
{"seed": 9310222, "family": "quad", "window_frac": 0.1, "f": 0.9, "status": "ok", "t_c": 705, "t_fc": 904, "err_cross": -2, "err_lag": -5, "err_ref": -4, "secs": 0.2}
{"seed": 9310222, "family": "quad", "window_frac": 0.1, "f": 0.95, "status": "ok", "t_c": 763, "t_fc": 902, "err_cross": -4, "err_lag": -5, "err_ref": -4, "secs": 0.2}
{"seed": 9310222, "family": "quad", "window_frac": 0.1, "f": 0.98, "status": "ok", "t_c": 798, "t_fc": 902, "err_cross": -4, "err_lag": -4, "err_ref": -4, "secs": 0.2}
{"seed": 9310222, "family": "quad", "window_frac": 0.25, "f": 0.8, "status": "ok", "t_c": 595, "t_fc": 931, "err_cross": 25, "err_lag": -8, "err_ref": -4, "secs": 0.2}
{"seed": 9310222, "family": "quad", "window_frac": 0.25, "f": 0.9, "status": "ok", "t_c": 705, "t_fc": 905, "err_cross": -1, "err_lag": -6, "err_ref": -4, "secs": 0.19}
{"seed": 9310222, "family": "quad", "window_frac": 0.25, "f": 0.95, "status": "ok", "t_c": 763, "t_fc": 903, "err_cross": -3, "err_lag": -4, "err_ref": -4, "secs": 0.2}
{"seed": 9310222, "family": "quad", "window_frac": 0.25, "f": 0.98, "status": "ok", "t_c": 798, "t_fc": 902, "err_cross": -4, "err_lag": -5, "err_ref": -4, "secs": 0.19}
{"seed": 9310222, "family": "rate", "window_frac": 0.05, "f": 0.8, "status": "ok", "t_c": 595, "t_fc": 910, "err_cross": 4, "err_lag": -5, "err_ref": -4, "secs": 0.2}
{"seed": 9310222, "family": "rate", "window_frac": 0.05, "f": 0.9, "status": "ok", "t_c": 705, "t_fc": 903, "err_cross": -3, "err_lag": -4, "err_ref": -4, "secs": 0.19}
{"seed": 9310222, "family": "rate", "window_frac": 0.05, "f": 0.95, "status": "ok", "t_c": 763, "t_fc": 902, "err_cross": -4, "err_lag": -5, "err_ref": -4, "secs": 0.2}
{"seed": 9310222, "family": "rate", "window_frac": 0.05, "f": 0.98, "status": "ok", "t_c": 798, "t_fc": 902, "err_cross": -4, "err_lag": -4, "err_ref": -4, "secs": 0.2}
{"seed": 9310222, "family": "rate", "window_frac": 0.1, "f": 0.8, "status": "ok", "t_c": 595, "t_fc": 910, "err_cross": 4, "err_lag": -5, "err_ref": -4, "secs": 0.2}
{"seed": 9310222, "family": "rate", "window_frac": 0.1, "f": 0.9, "status": "ok", "t_c": 705, "t_fc": 903, "err_cross": -3, "err_lag": -4, "err_ref": -4, "secs": 0.2}
{"seed": 9310222, "family": "rate", "window_frac": 0.1, "f": 0.95, "status": "ok", "t_c": 763, "t_fc": 902, "err_cross": -4, "err_lag": -5, "err_ref": -4, "secs": 0.19}
{"seed": 9310222, "family": "rate", "window_frac": 0.1, "f": 0.98, "status": "ok", "t_c": 798, "t_fc": 902, "err_cross": -4, "err_lag": -4, "err_ref": -4, "secs": 0.2}
{"seed": 9310222, "family": "rate", "window_frac": 0.25, "f": 0.8, "status": "ok", "t_c": 595, "t_fc": 911, "err_cross": 5, "err_lag": -5, "err_ref": -4, "secs": 0.2}
{"seed": 9310222, "family": "rate", "window_frac": 0.25, "f": 0.9, "status": "ok", "t_c": 705, "t_fc": 904, "err_cross": -2, "err_lag": -4, "err_ref": -4, "secs": 0.2}
{"seed": 9310222, "family": "rate", "window_frac": 0.25, "f": 0.95, "status": "ok", "t_c": 763, "t_fc": 902, "err_cross": -4, "err_lag": -5, "err_ref": -4, "secs": 0.19}
{"seed": 9310222, "family": "rate", "window_frac": 0.25, "f": 0.98, "status": "ok", "t_c": 798, "t_fc": 902, "err_cross": -4, "err_lag": -4, "err_ref": -4, "secs": 0.2}
{"seed": 9310222, "family": "lin", "window_frac": 0.05, "f": 0.8, "status": "ok", "t_c": 595, "t_fc": 859, "err_cross": -47, "err_lag": -2, "err_ref": -4, "secs": 0.19}
{"seed": 9310222, "family": "lin", "window_frac": 0.05, "f": 0.9, "status": "ok", "t_c": 705, "t_fc": 891, "err_cross": -15, "err_lag": -2, "err_ref": -4, "secs": 0.2}
{"seed": 9310222, "family": "lin", "window_frac": 0.05, "f": 0.95, "status": "ok", "t_c": 763, "t_fc": 900, "err_cross": -6, "err_lag": -2, "err_ref": -4, "secs": 0.2}
{"seed": 9310222, "family": "lin", "window_frac": 0.05, "f": 0.98, "status": "ok", "t_c": 798, "t_fc": 903, "err_cross": -3, "err_lag": -2, "err_ref": -4, "secs": 0.19}
{"seed": 9310222, "family": "lin", "window_frac": 0.1, "f": 0.8, "status": "ok", "t_c": 595, "t_fc": 859, "err_cross": -47, "err_lag": -2, "err_ref": -4, "secs": 0.2}
{"seed": 9310222, "family": "lin", "window_frac": 0.1, "f": 0.9, "status": "ok", "t_c": 705, "t_fc": 891, "err_cross": -15, "err_lag": -2, "err_ref": -4, "secs": 0.19}
{"seed": 9310222, "family": "lin", "window_frac": 0.1, "f": 0.95, "status": "ok", "t_c": 763, "t_fc": 900, "err_cross": -6, "err_lag": -2, "err_ref": -4, "secs": 0.2}
{"seed": 9310222, "family": "lin", "window_frac": 0.1, "f": 0.98, "status": "ok", "t_c": 798, "t_fc": 903, "err_cross": -3, "err_lag": -2, "err_ref": -4, "secs": 0.19}
{"seed": 9310222, "family": "lin", "window_frac": 0.25, "f": 0.8, "status": "ok", "t_c": 595, "t_fc": 855, "err_cross": -51, "err_lag": -2, "err_ref": -4, "secs": 0.2}
{"seed": 9310222, "family": "lin", "window_frac": 0.25, "f": 0.9, "status": "ok", "t_c": 705, "t_fc": 886, "err_cross": -20, "err_lag": -3, "err_ref": -4, "secs": 0.19}
{"seed": 9310222, "family": "lin", "window_frac": 0.25, "f": 0.95, "status": "ok", "t_c": 763, "t_fc": 897, "err_cross": -9, "err_lag": -2, "err_ref": -4, "secs": 0.2}
{"seed": 9310222, "family": "lin", "window_frac": 0.25, "f": 0.98, "status": "ok", "t_c": 798, "t_fc": 901, "err_cross": -5, "err_lag": -3, "err_ref": -4, "secs": 0.19}
{"seed": 9310223, "family": "quad", "window_frac": 0.05, "f": 0.8, "status": "ok", "t_c": 2117, "t_fc": 2422, "err_cross": 17, "err_lag": -9, "err_ref": -1, "secs": 0.29}
{"seed": 9310223, "family": "quad", "window_frac": 0.05, "f": 0.9, "status": "ok", "t_c": 2216, "t_fc": 2404, "err_cross": -1, "err_lag": -4, "err_ref": -1, "secs": 0.29}
{"seed": 9310223, "family": "quad", "window_frac": 0.05, "f": 0.95, "status": "ok", "t_c": 2267, "t_fc": 2403, "err_cross": -2, "err_lag": -3, "err_ref": -1, "secs": 0.29}
{"seed": 9310223, "family": "quad", "window_frac": 0.05, "f": 0.98, "status": "ok", "t_c": 2299, "t_fc": 2404, "err_cross": -1, "err_lag": -1, "err_ref": -1, "secs": 0.28}
{"seed": 9310223, "family": "quad", "window_frac": 0.1, "f": 0.8, "status": "ok", "t_c": 2117, "t_fc": 2422, "err_cross": 17, "err_lag": -9, "err_ref": -1, "secs": 0.2}
{"seed": 9310223, "family": "quad", "window_frac": 0.1, "f": 0.9, "status": "ok", "t_c": 2216, "t_fc": 2404, "err_cross": -1, "err_lag": -4, "err_ref": -1, "secs": 0.2}
{"seed": 9310223, "family": "quad", "window_frac": 0.1, "f": 0.95, "status": "ok", "t_c": 2267, "t_fc": 2403, "err_cross": -2, "err_lag": -3, "err_ref": -1, "secs": 0.2}
{"seed": 9310223, "family": "quad", "window_frac": 0.1, "f": 0.98, "status": "ok", "t_c": 2299, "t_fc": 2404, "err_cross": -1, "err_lag": -1, "err_ref": -1, "secs": 0.2}
{"seed": 9310223, "family": "quad", "window_frac": 0.25, "f": 0.8, "status": "ok", "t_c": 2117, "t_fc": 2428, "err_cross": 23, "err_lag": -10, "err_ref": -1, "secs": 0.19}
{"seed": 9310223, "family": "quad", "window_frac": 0.25, "f": 0.9, "status": "ok", "t_c": 2216, "t_fc": 2405, "err_cross": 0, "err_lag": -4, "err_ref": -1, "secs": 0.2}
{"seed": 9310223, "family": "quad", "window_frac": 0.25, "f": 0.95, "status": "ok", "t_c": 2267, "t_fc": 2404, "err_cross": -1, "err_lag": -2, "err_ref": -1, "secs": 0.19}
{"seed": 9310223, "family": "quad", "window_frac": 0.25, "f": 0.98, "status": "ok", "t_c": 2299, "t_fc": 2403, "err_cross": -2, "err_lag": -3, "err_ref": -1, "secs": 0.2}
{"seed": 9310223, "family": "rate", "window_frac": 0.05, "f": 0.8, "status": "ok", "t_c": 2117, "t_fc": 2410, "err_cross": 5, "err_lag": -3, "err_ref": -1, "secs": 0.19}
{"seed": 9310223, "family": "rate", "window_frac": 0.05, "f": 0.9, "status": "ok", "t_c": 2216, "t_fc": 2404, "err_cross": -1, "err_lag": -2, "err_ref": -1, "secs": 0.2}
{"seed": 9310223, "family": "rate", "window_frac": 0.05, "f": 0.95, "status": "ok", "t_c": 2267, "t_fc": 2404, "err_cross": -1, "err_lag": -2, "err_ref": -1, "secs": 0.19}
{"seed": 9310223, "family": "rate", "window_frac": 0.05, "f": 0.98, "status": "ok", "t_c": 2299, "t_fc": 2404, "err_cross": -1, "err_lag": -1, "err_ref": -1, "secs": 0.19}
{"seed": 9310223, "family": "rate", "window_frac": 0.1, "f": 0.8, "status": "ok", "t_c": 2117, "t_fc": 2410, "err_cross": 5, "err_lag": -3, "err_ref": -1, "secs": 0.2}
{"seed": 9310223, "family": "rate", "window_frac": 0.1, "f": 0.9, "status": "ok", "t_c": 2216, "t_fc": 2404, "err_cross": -1, "err_lag": -2, "err_ref": -1, "secs": 0.2}
{"seed": 9310223, "family": "rate", "window_frac": 0.1, "f": 0.95, "status": "ok", "t_c": 2267, "t_fc": 2404, "err_cross": -1, "err_lag": -2, "err_ref": -1, "secs": 0.2}
{"seed": 9310223, "family": "rate", "window_frac": 0.1, "f": 0.98, "status": "ok", "t_c": 2299, "t_fc": 2404, "err_cross": -1, "err_lag": -1, "err_ref": -1, "secs": 0.19}
{"seed": 9310223, "family": "rate", "window_frac": 0.25, "f": 0.8, "status": "ok", "t_c": 2117, "t_fc": 2412, "err_cross": 7, "err_lag": -3, "err_ref": -1, "secs": 0.21}
{"seed": 9310223, "family": "rate", "window_frac": 0.25, "f": 0.9, "status": "ok", "t_c": 2216, "t_fc": 2405, "err_cross": 0, "err_lag": -2, "err_ref": -1, "secs": 0.21}
{"seed": 9310223, "family": "rate", "window_frac": 0.25, "f": 0.95, "status": "ok", "t_c": 2267, "t_fc": 2404, "err_cross": -1, "err_lag": -2, "err_ref": -1, "secs": 0.22}
{"seed": 9310223, "family": "rate", "window_frac": 0.25, "f": 0.98, "status": "ok", "t_c": 2299, "t_fc": 2404, "err_cross": -1, "err_lag": -1, "err_ref": -1, "secs": 0.2}
{"seed": 9310223, "family": "lin", "window_frac": 0.05, "f": 0.8, "status": "ok", "t_c": 2117, "t_fc": 2369, "err_cross": -36, "err_lag": 5, "err_ref": -1, "secs": 0.2}
{"seed": 9310223, "family": "lin", "window_frac": 0.05, "f": 0.9, "status": "ok", "t_c": 2216, "t_fc": 2396, "err_cross": -9, "err_lag": 3, "err_ref": -1, "secs": 0.2}
{"seed": 9310223, "family": "lin", "window_frac": 0.05, "f": 0.95, "status": "ok", "t_c": 2267, "t_fc": 2404, "err_cross": -1, "err_lag": 3, "err_ref": -1, "secs": 0.2}
{"seed": 9310223, "family": "lin", "window_frac": 0.05, "f": 0.98, "status": "ok", "t_c": 2299, "t_fc": 2406, "err_cross": 1, "err_lag": 2, "err_ref": -1, "secs": 0.2}
{"seed": 9310223, "family": "lin", "window_frac": 0.1, "f": 0.8, "status": "ok", "t_c": 2117, "t_fc": 2369, "err_cross": -36, "err_lag": 5, "err_ref": -1, "secs": 0.21}
{"seed": 9310223, "family": "lin", "window_frac": 0.1, "f": 0.9, "status": "ok", "t_c": 2216, "t_fc": 2396, "err_cross": -9, "err_lag": 3, "err_ref": -1, "secs": 0.2}
{"seed": 9310223, "family": "lin", "window_frac": 0.1, "f": 0.95, "status": "ok", "t_c": 2267, "t_fc": 2404, "err_cross": -1, "err_lag": 3, "err_ref": -1, "secs": 0.21}
{"seed": 9310223, "family": "lin", "window_frac": 0.1, "f": 0.98, "status": "ok", "t_c": 2299, "t_fc": 2406, "err_cross": 1, "err_lag": 2, "err_ref": -1, "secs": 0.22}
{"seed": 9310223, "family": "lin", "window_frac": 0.25, "f": 0.8, "status": "ok", "t_c": 2117, "t_fc": 2366, "err_cross": -39, "err_lag": 6, "err_ref": -1, "secs": 0.2}
{"seed": 9310223, "family": "lin", "window_frac": 0.25, "f": 0.9, "status": "ok", "t_c": 2216, "t_fc": 2393, "err_cross": -12, "err_lag": 4, "err_ref": -1, "secs": 0.2}
{"seed": 9310223, "family": "lin", "window_frac": 0.25, "f": 0.95, "status": "ok", "t_c": 2267, "t_fc": 2402, "err_cross": -3, "err_lag": 3, "err_ref": -1, "secs": 0.19}
{"seed": 9310223, "family": "lin", "window_frac": 0.25, "f": 0.98, "status": "ok", "t_c": 2299, "t_fc": 2406, "err_cross": 1, "err_lag": 3, "err_ref": -1, "secs": 0.2}
{"seed": 9310224, "family": "quad", "window_frac": 0.05, "f": 0.8, "status": "ok", "t_c": 2643, "t_fc": 2942, "err_cross": 18, "err_lag": -6, "err_ref": -3, "secs": 0.44}
{"seed": 9310224, "family": "quad", "window_frac": 0.05, "f": 0.9, "status": "ok", "t_c": 2743, "t_fc": 2922, "err_cross": -2, "err_lag": -5, "err_ref": -3, "secs": 0.3}
{"seed": 9310224, "family": "quad", "window_frac": 0.05, "f": 0.95, "status": "ok", "t_c": 2795, "t_fc": 2921, "err_cross": -3, "err_lag": -4, "err_ref": -3, "secs": 0.28}
{"seed": 9310224, "family": "quad", "window_frac": 0.05, "f": 0.98, "status": "ok", "t_c": 2827, "t_fc": 2921, "err_cross": -3, "err_lag": -3, "err_ref": -3, "secs": 0.27}
{"seed": 9310224, "family": "quad", "window_frac": 0.1, "f": 0.8, "status": "ok", "t_c": 2643, "t_fc": 2942, "err_cross": 18, "err_lag": -6, "err_ref": -3, "secs": 0.19}
{"seed": 9310224, "family": "quad", "window_frac": 0.1, "f": 0.9, "status": "ok", "t_c": 2743, "t_fc": 2922, "err_cross": -2, "err_lag": -5, "err_ref": -3, "secs": 0.19}
{"seed": 9310224, "family": "quad", "window_frac": 0.1, "f": 0.95, "status": "ok", "t_c": 2795, "t_fc": 2921, "err_cross": -3, "err_lag": -4, "err_ref": -3, "secs": 0.19}
{"seed": 9310224, "family": "quad", "window_frac": 0.1, "f": 0.98, "status": "ok", "t_c": 2827, "t_fc": 2921, "err_cross": -3, "err_lag": -3, "err_ref": -3, "secs": 0.19}
{"seed": 9310224, "family": "quad", "window_frac": 0.25, "f": 0.8, "status": "ok", "t_c": 2643, "t_fc": 2950, "err_cross": 26, "err_lag": -7, "err_ref": -3, "secs": 0.19}
{"seed": 9310224, "family": "quad", "window_frac": 0.25, "f": 0.9, "status": "ok", "t_c": 2743, "t_fc": 2924, "err_cross": 0, "err_lag": -5, "err_ref": -3, "secs": 0.19}
{"seed": 9310224, "family": "quad", "window_frac": 0.25, "f": 0.95, "status": "ok", "t_c": 2795, "t_fc": 2921, "err_cross": -3, "err_lag": -4, "err_ref": -3, "secs": 0.19}
{"seed": 9310224, "family": "quad", "window_frac": 0.25, "f": 0.98, "status": "ok", "t_c": 2827, "t_fc": 2921, "err_cross": -3, "err_lag": -4, "err_ref": -3, "secs": 0.19}
{"seed": 9310224, "family": "rate", "window_frac": 0.05, "f": 0.8, "status": "ok", "t_c": 2643, "t_fc": 2928, "err_cross": 4, "err_lag": -4, "err_ref": -3, "secs": 0.22}
{"seed": 9310224, "family": "rate", "window_frac": 0.05, "f": 0.9, "status": "ok", "t_c": 2743, "t_fc": 2922, "err_cross": -2, "err_lag": -3, "err_ref": -3, "secs": 0.19}
{"seed": 9310224, "family": "rate", "window_frac": 0.05, "f": 0.95, "status": "ok", "t_c": 2795, "t_fc": 2921, "err_cross": -3, "err_lag": -4, "err_ref": -3, "secs": 0.19}
{"seed": 9310224, "family": "rate", "window_frac": 0.05, "f": 0.98, "status": "ok", "t_c": 2827, "t_fc": 2921, "err_cross": -3, "err_lag": -3, "err_ref": -3, "secs": 0.19}
{"seed": 9310224, "family": "rate", "window_frac": 0.1, "f": 0.8, "status": "ok", "t_c": 2643, "t_fc": 2928, "err_cross": 4, "err_lag": -4, "err_ref": -3, "secs": 0.19}
{"seed": 9310224, "family": "rate", "window_frac": 0.1, "f": 0.9, "status": "ok", "t_c": 2743, "t_fc": 2922, "err_cross": -2, "err_lag": -3, "err_ref": -3, "secs": 0.19}
{"seed": 9310224, "family": "rate", "window_frac": 0.1, "f": 0.95, "status": "ok", "t_c": 2795, "t_fc": 2921, "err_cross": -3, "err_lag": -4, "err_ref": -3, "secs": 0.2}
{"seed": 9310224, "family": "rate", "window_frac": 0.1, "f": 0.98, "status": "ok", "t_c": 2827, "t_fc": 2921, "err_cross": -3, "err_lag": -3, "err_ref": -3, "secs": 0.19}
{"seed": 9310224, "family": "rate", "window_frac": 0.25, "f": 0.8, "status": "ok", "t_c": 2643, "t_fc": 2930, "err_cross": 6, "err_lag": -4, "err_ref": -3, "secs": 0.2}
{"seed": 9310224, "family": "rate", "window_frac": 0.25, "f": 0.9, "status": "ok", "t_c": 2743, "t_fc": 2922, "err_cross": -2, "err_lag": -4, "err_ref": -3, "secs": 0.2}
{"seed": 9310224, "family": "rate", "window_frac": 0.25, "f": 0.95, "status": "ok", "t_c": 2795, "t_fc": 2921, "err_cross": -3, "err_lag": -4, "err_ref": -3, "secs": 0.22}
{"seed": 9310224, "family": "rate", "window_frac": 0.25, "f": 0.98, "status": "ok", "t_c": 2827, "t_fc": 2921, "err_cross": -3, "err_lag": -3, "err_ref": -3, "secs": 0.26}
{"seed": 9310224, "family": "lin", "window_frac": 0.05, "f": 0.8, "status": "ok", "t_c": 2643, "t_fc": 2881, "err_cross": -43, "err_lag": -2, "err_ref": -3, "secs": 0.24}
{"seed": 9310224, "family": "lin", "window_frac": 0.05, "f": 0.9, "status": "ok", "t_c": 2743, "t_fc": 2910, "err_cross": -14, "err_lag": -2, "err_ref": -3, "secs": 0.2}
{"seed": 9310224, "family": "lin", "window_frac": 0.05, "f": 0.95, "status": "ok", "t_c": 2795, "t_fc": 2918, "err_cross": -6, "err_lag": -2, "err_ref": -3, "secs": 0.43}
{"seed": 9310224, "family": "lin", "window_frac": 0.05, "f": 0.98, "status": "ok", "t_c": 2827, "t_fc": 2921, "err_cross": -3, "err_lag": -2, "err_ref": -3, "secs": 0.25}
{"seed": 9310224, "family": "lin", "window_frac": 0.1, "f": 0.8, "status": "ok", "t_c": 2643, "t_fc": 2881, "err_cross": -43, "err_lag": -2, "err_ref": -3, "secs": 0.21}
{"seed": 9310224, "family": "lin", "window_frac": 0.1, "f": 0.9, "status": "ok", "t_c": 2743, "t_fc": 2910, "err_cross": -14, "err_lag": -2, "err_ref": -3, "secs": 0.2}
{"seed": 9310224, "family": "lin", "window_frac": 0.1, "f": 0.95, "status": "ok", "t_c": 2795, "t_fc": 2918, "err_cross": -6, "err_lag": -2, "err_ref": -3, "secs": 0.19}
{"seed": 9310224, "family": "lin", "window_frac": 0.1, "f": 0.98, "status": "ok", "t_c": 2827, "t_fc": 2921, "err_cross": -3, "err_lag": -2, "err_ref": -3, "secs": 0.19}
{"seed": 9310224, "family": "lin", "window_frac": 0.25, "f": 0.8, "status": "ok", "t_c": 2643, "t_fc": 2876, "err_cross": -48, "err_lag": -2, "err_ref": -3, "secs": 0.19}
{"seed": 9310224, "family": "lin", "window_frac": 0.25, "f": 0.9, "status": "ok", "t_c": 2743, "t_fc": 2906, "err_cross": -18, "err_lag": -2, "err_ref": -3, "secs": 0.2}
{"seed": 9310224, "family": "lin", "window_frac": 0.25, "f": 0.95, "status": "ok", "t_c": 2795, "t_fc": 2916, "err_cross": -8, "err_lag": -2, "err_ref": -3, "secs": 0.19}
{"seed": 9310224, "family": "lin", "window_frac": 0.25, "f": 0.98, "status": "ok", "t_c": 2827, "t_fc": 2920, "err_cross": -4, "err_lag": -2, "err_ref": -3, "secs": 0.21}
{"seed": 9310225, "family": "quad", "window_frac": 0.05, "f": 0.8, "status": "ok", "t_c": 699, "t_fc": 1109, "err_cross": 24, "err_lag": -8, "err_ref": -5, "secs": 0.34}
{"seed": 9310225, "family": "quad", "window_frac": 0.05, "f": 0.9, "status": "ok", "t_c": 840, "t_fc": 1082, "err_cross": -3, "err_lag": -6, "err_ref": -5, "secs": 0.41}
{"seed": 9310225, "family": "quad", "window_frac": 0.05, "f": 0.95, "status": "ok", "t_c": 915, "t_fc": 1080, "err_cross": -5, "err_lag": -5, "err_ref": -5, "secs": 0.52}
{"seed": 9310225, "family": "quad", "window_frac": 0.05, "f": 0.98, "status": "ok", "t_c": 960, "t_fc": 1080, "err_cross": -5, "err_lag": -5, "err_ref": -5, "secs": 0.79}
{"seed": 9310225, "family": "quad", "window_frac": 0.1, "f": 0.8, "status": "ok", "t_c": 699, "t_fc": 1109, "err_cross": 24, "err_lag": -8, "err_ref": -5, "secs": 0.25}
{"seed": 9310225, "family": "quad", "window_frac": 0.1, "f": 0.9, "status": "ok", "t_c": 840, "t_fc": 1082, "err_cross": -3, "err_lag": -6, "err_ref": -5, "secs": 0.25}
{"seed": 9310225, "family": "quad", "window_frac": 0.1, "f": 0.95, "status": "ok", "t_c": 915, "t_fc": 1080, "err_cross": -5, "err_lag": -6, "err_ref": -5, "secs": 0.21}
{"seed": 9310225, "family": "quad", "window_frac": 0.1, "f": 0.98, "status": "ok", "t_c": 960, "t_fc": 1080, "err_cross": -5, "err_lag": -5, "err_ref": -5, "secs": 0.21}
{"seed": 9310225, "family": "quad", "window_frac": 0.25, "f": 0.8, "status": "ok", "t_c": 699, "t_fc": 1121, "err_cross": 36, "err_lag": -9, "err_ref": -5, "secs": 0.2}
{"seed": 9310225, "family": "quad", "window_frac": 0.25, "f": 0.9, "status": "ok", "t_c": 840, "t_fc": 1084, "err_cross": -1, "err_lag": -7, "err_ref": -5, "secs": 0.21}
{"seed": 9310225, "family": "quad", "window_frac": 0.25, "f": 0.95, "status": "ok", "t_c": 915, "t_fc": 1081, "err_cross": -4, "err_lag": -5, "err_ref": -5, "secs": 0.21}
{"seed": 9310225, "family": "quad", "window_frac": 0.25, "f": 0.98, "status": "ok", "t_c": 960, "t_fc": 1080, "err_cross": -5, "err_lag": -5, "err_ref": -5, "secs": 0.24}
{"seed": 9310225, "family": "rate", "window_frac": 0.05, "f": 0.8, "status": "ok", "t_c": 699, "t_fc": 1089, "err_cross": 4, "err_lag": -6, "err_ref": -5, "secs": 0.2}
{"seed": 9310225, "family": "rate", "window_frac": 0.05, "f": 0.9, "status": "ok", "t_c": 840, "t_fc": 1081, "err_cross": -4, "err_lag": -5, "err_ref": -5, "secs": 0.2}
{"seed": 9310225, "family": "rate", "window_frac": 0.05, "f": 0.95, "status": "ok", "t_c": 915, "t_fc": 1080, "err_cross": -5, "err_lag": -5, "err_ref": -5, "secs": 0.21}
{"seed": 9310225, "family": "rate", "window_frac": 0.05, "f": 0.98, "status": "ok", "t_c": 960, "t_fc": 1080, "err_cross": -5, "err_lag": -5, "err_ref": -5, "secs": 0.21}
{"seed": 9310225, "family": "rate", "window_frac": 0.1, "f": 0.8, "status": "ok", "t_c": 699, "t_fc": 1089, "err_cross": 4, "err_lag": -6, "err_ref": -5, "secs": 0.2}
{"seed": 9310225, "family": "rate", "window_frac": 0.1, "f": 0.9, "status": "ok", "t_c": 840, "t_fc": 1081, "err_cross": -4, "err_lag": -5, "err_ref": -5, "secs": 0.21}
{"seed": 9310225, "family": "rate", "window_frac": 0.1, "f": 0.95, "status": "ok", "t_c": 915, "t_fc": 1080, "err_cross": -5, "err_lag": -5, "err_ref": -5, "secs": 0.2}
{"seed": 9310225, "family": "rate", "window_frac": 0.1, "f": 0.98, "status": "ok", "t_c": 960, "t_fc": 1080, "err_cross": -5, "err_lag": -5, "err_ref": -5, "secs": 0.22}
{"seed": 9310225, "family": "rate", "window_frac": 0.25, "f": 0.8, "status": "ok", "t_c": 699, "t_fc": 1092, "err_cross": 7, "err_lag": -6, "err_ref": -5, "secs": 0.2}
{"seed": 9310225, "family": "rate", "window_frac": 0.25, "f": 0.9, "status": "ok", "t_c": 840, "t_fc": 1082, "err_cross": -3, "err_lag": -5, "err_ref": -5, "secs": 0.22}
{"seed": 9310225, "family": "rate", "window_frac": 0.25, "f": 0.95, "status": "ok", "t_c": 915, "t_fc": 1080, "err_cross": -5, "err_lag": -6, "err_ref": -5, "secs": 0.2}
{"seed": 9310225, "family": "rate", "window_frac": 0.25, "f": 0.98, "status": "ok", "t_c": 960, "t_fc": 1080, "err_cross": -5, "err_lag": -5, "err_ref": -5, "secs": 0.21}
{"seed": 9310225, "family": "lin", "window_frac": 0.05, "f": 0.8, "status": "ok", "t_c": 699, "t_fc": 1025, "err_cross": -60, "err_lag": -3, "err_ref": -5, "secs": 0.23}
{"seed": 9310225, "family": "lin", "window_frac": 0.05, "f": 0.9, "status": "ok", "t_c": 840, "t_fc": 1065, "err_cross": -20, "err_lag": -4, "err_ref": -5, "secs": 0.21}
{"seed": 9310225, "family": "lin", "window_frac": 0.05, "f": 0.95, "status": "ok", "t_c": 915, "t_fc": 1076, "err_cross": -9, "err_lag": -4, "err_ref": -5, "secs": 0.2}
{"seed": 9310225, "family": "lin", "window_frac": 0.05, "f": 0.98, "status": "ok", "t_c": 960, "t_fc": 1080, "err_cross": -5, "err_lag": -4, "err_ref": -5, "secs": 0.21}
{"seed": 9310225, "family": "lin", "window_frac": 0.1, "f": 0.8, "status": "ok", "t_c": 699, "t_fc": 1025, "err_cross": -60, "err_lag": -3, "err_ref": -5, "secs": 0.2}
{"seed": 9310225, "family": "lin", "window_frac": 0.1, "f": 0.9, "status": "ok", "t_c": 840, "t_fc": 1065, "err_cross": -20, "err_lag": -3, "err_ref": -5, "secs": 0.2}
{"seed": 9310225, "family": "lin", "window_frac": 0.1, "f": 0.95, "status": "ok", "t_c": 915, "t_fc": 1076, "err_cross": -9, "err_lag": -4, "err_ref": -5, "secs": 0.2}
{"seed": 9310225, "family": "lin", "window_frac": 0.1, "f": 0.98, "status": "ok", "t_c": 960, "t_fc": 1080, "err_cross": -5, "err_lag": -4, "err_ref": -5, "secs": 0.2}
{"seed": 9310225, "family": "lin", "window_frac": 0.25, "f": 0.8, "status": "ok", "t_c": 699, "t_fc": 1017, "err_cross": -68, "err_lag": -4, "err_ref": -5, "secs": 0.2}
{"seed": 9310225, "family": "lin", "window_frac": 0.25, "f": 0.9, "status": "ok", "t_c": 840, "t_fc": 1059, "err_cross": -26, "err_lag": -3, "err_ref": -5, "secs": 0.21}
{"seed": 9310225, "family": "lin", "window_frac": 0.25, "f": 0.95, "status": "ok", "t_c": 915, "t_fc": 1072, "err_cross": -13, "err_lag": -4, "err_ref": -5, "secs": 0.21}
{"seed": 9310225, "family": "lin", "window_frac": 0.25, "f": 0.98, "status": "ok", "t_c": 960, "t_fc": 1078, "err_cross": -7, "err_lag": -4, "err_ref": -5, "secs": 0.21}
{"seed": 9310226, "family": "quad", "window_frac": 0.05, "f": 0.8, "status": "ok", "t_c": 436, "t_fc": 697, "err_cross": 13, "err_lag": -9, "err_ref": -4, "secs": 0.28}
{"seed": 9310226, "family": "quad", "window_frac": 0.05, "f": 0.9, "status": "ok", "t_c": 518, "t_fc": 680, "err_cross": -4, "err_lag": -6, "err_ref": -4, "secs": 0.29}
{"seed": 9310226, "family": "quad", "window_frac": 0.05, "f": 0.95, "status": "ok", "t_c": 560, "t_fc": 679, "err_cross": -5, "err_lag": -6, "err_ref": -4, "secs": 0.28}
{"seed": 9310226, "family": "quad", "window_frac": 0.05, "f": 0.98, "status": "ok", "t_c": 586, "t_fc": 679, "err_cross": -5, "err_lag": -5, "err_ref": -4, "secs": 0.28}
{"seed": 9310226, "family": "quad", "window_frac": 0.1, "f": 0.8, "status": "ok", "t_c": 436, "t_fc": 697, "err_cross": 13, "err_lag": -9, "err_ref": -4, "secs": 0.2}
{"seed": 9310226, "family": "quad", "window_frac": 0.1, "f": 0.9, "status": "ok", "t_c": 518, "t_fc": 680, "err_cross": -4, "err_lag": -6, "err_ref": -4, "secs": 0.19}
{"seed": 9310226, "family": "quad", "window_frac": 0.1, "f": 0.95, "status": "ok", "t_c": 560, "t_fc": 679, "err_cross": -5, "err_lag": -6, "err_ref": -4, "secs": 0.2}
{"seed": 9310226, "family": "quad", "window_frac": 0.1, "f": 0.98, "status": "ok", "t_c": 586, "t_fc": 679, "err_cross": -5, "err_lag": -5, "err_ref": -4, "secs": 0.21}
{"seed": 9310226, "family": "quad", "window_frac": 0.25, "f": 0.8, "status": "ok", "t_c": 436, "t_fc": 697, "err_cross": 13, "err_lag": -9, "err_ref": -4, "secs": 0.2}
{"seed": 9310226, "family": "quad", "window_frac": 0.25, "f": 0.9, "status": "ok", "t_c": 518, "t_fc": 681, "err_cross": -3, "err_lag": -6, "err_ref": -4, "secs": 0.21}
{"seed": 9310226, "family": "quad", "window_frac": 0.25, "f": 0.95, "status": "ok", "t_c": 560, "t_fc": 680, "err_cross": -4, "err_lag": -5, "err_ref": -4, "secs": 0.19}
{"seed": 9310226, "family": "quad", "window_frac": 0.25, "f": 0.98, "status": "ok", "t_c": 586, "t_fc": 679, "err_cross": -5, "err_lag": -5, "err_ref": -4, "secs": 0.2}
{"seed": 9310226, "family": "rate", "window_frac": 0.05, "f": 0.8, "status": "ok", "t_c": 436, "t_fc": 686, "err_cross": 2, "err_lag": -5, "err_ref": -4, "secs": 0.19}
{"seed": 9310226, "family": "rate", "window_frac": 0.05, "f": 0.9, "status": "ok", "t_c": 518, "t_fc": 680, "err_cross": -4, "err_lag": -5, "err_ref": -4, "secs": 0.2}
{"seed": 9310226, "family": "rate", "window_frac": 0.05, "f": 0.95, "status": "ok", "t_c": 560, "t_fc": 680, "err_cross": -4, "err_lag": -4, "err_ref": -4, "secs": 0.19}
{"seed": 9310226, "family": "rate", "window_frac": 0.05, "f": 0.98, "status": "ok", "t_c": 586, "t_fc": 680, "err_cross": -4, "err_lag": -4, "err_ref": -4, "secs": 0.19}
{"seed": 9310226, "family": "rate", "window_frac": 0.1, "f": 0.8, "status": "ok", "t_c": 436, "t_fc": 686, "err_cross": 2, "err_lag": -5, "err_ref": -4, "secs": 0.2}
{"seed": 9310226, "family": "rate", "window_frac": 0.1, "f": 0.9, "status": "ok", "t_c": 518, "t_fc": 680, "err_cross": -4, "err_lag": -5, "err_ref": -4, "secs": 0.19}
{"seed": 9310226, "family": "rate", "window_frac": 0.1, "f": 0.95, "status": "ok", "t_c": 560, "t_fc": 680, "err_cross": -4, "err_lag": -4, "err_ref": -4, "secs": 0.2}
{"seed": 9310226, "family": "rate", "window_frac": 0.1, "f": 0.98, "status": "ok", "t_c": 586, "t_fc": 680, "err_cross": -4, "err_lag": -4, "err_ref": -4, "secs": 0.18}
{"seed": 9310226, "family": "rate", "window_frac": 0.25, "f": 0.8, "status": "ok", "t_c": 436, "t_fc": 686, "err_cross": 2, "err_lag": -5, "err_ref": -4, "secs": 0.2}
{"seed": 9310226, "family": "rate", "window_frac": 0.25, "f": 0.9, "status": "ok", "t_c": 518, "t_fc": 681, "err_cross": -3, "err_lag": -4, "err_ref": -4, "secs": 0.19}
{"seed": 9310226, "family": "rate", "window_frac": 0.25, "f": 0.95, "status": "ok", "t_c": 560, "t_fc": 680, "err_cross": -4, "err_lag": -4, "err_ref": -4, "secs": 0.2}
{"seed": 9310226, "family": "rate", "window_frac": 0.25, "f": 0.98, "status": "ok", "t_c": 586, "t_fc": 680, "err_cross": -4, "err_lag": -4, "err_ref": -4, "secs": 0.2}
{"seed": 9310226, "family": "lin", "window_frac": 0.05, "f": 0.8, "status": "ok", "t_c": 436, "t_fc": 648, "err_cross": -36, "err_lag": -1, "err_ref": -4, "secs": 0.19}
{"seed": 9310226, "family": "lin", "window_frac": 0.05, "f": 0.9, "status": "ok", "t_c": 518, "t_fc": 672, "err_cross": -12, "err_lag": -2, "err_ref": -4, "secs": 0.2}
{"seed": 9310226, "family": "lin", "window_frac": 0.05, "f": 0.95, "status": "ok", "t_c": 560, "t_fc": 678, "err_cross": -6, "err_lag": -2, "err_ref": -4, "secs": 0.18}
{"seed": 9310226, "family": "lin", "window_frac": 0.05, "f": 0.98, "status": "ok", "t_c": 586, "t_fc": 681, "err_cross": -3, "err_lag": -2, "err_ref": -4, "secs": 0.2}
{"seed": 9310226, "family": "lin", "window_frac": 0.1, "f": 0.8, "status": "ok", "t_c": 436, "t_fc": 648, "err_cross": -36, "err_lag": -1, "err_ref": -4, "secs": 0.19}
{"seed": 9310226, "family": "lin", "window_frac": 0.1, "f": 0.9, "status": "ok", "t_c": 518, "t_fc": 672, "err_cross": -12, "err_lag": -2, "err_ref": -4, "secs": 0.19}
{"seed": 9310226, "family": "lin", "window_frac": 0.1, "f": 0.95, "status": "ok", "t_c": 560, "t_fc": 678, "err_cross": -6, "err_lag": -2, "err_ref": -4, "secs": 0.19}
{"seed": 9310226, "family": "lin", "window_frac": 0.1, "f": 0.98, "status": "ok", "t_c": 586, "t_fc": 681, "err_cross": -3, "err_lag": -2, "err_ref": -4, "secs": 0.19}
{"seed": 9310226, "family": "lin", "window_frac": 0.25, "f": 0.8, "status": "ok", "t_c": 436, "t_fc": 647, "err_cross": -37, "err_lag": -2, "err_ref": -4, "secs": 0.2}
{"seed": 9310226, "family": "lin", "window_frac": 0.25, "f": 0.9, "status": "ok", "t_c": 518, "t_fc": 670, "err_cross": -14, "err_lag": -2, "err_ref": -4, "secs": 0.18}
{"seed": 9310226, "family": "lin", "window_frac": 0.25, "f": 0.95, "status": "ok", "t_c": 560, "t_fc": 677, "err_cross": -7, "err_lag": -2, "err_ref": -4, "secs": 0.2}
{"seed": 9310226, "family": "lin", "window_frac": 0.25, "f": 0.98, "status": "ok", "t_c": 586, "t_fc": 680, "err_cross": -4, "err_lag": -2, "err_ref": -4, "secs": 0.19}
{"seed": 9310227, "family": "quad", "window_frac": 0.05, "f": 0.8, "status": "ok", "t_c": 519, "t_fc": 807, "err_cross": 14, "err_lag": -8, "err_ref": -3, "secs": 0.3}
{"seed": 9310227, "family": "quad", "window_frac": 0.05, "f": 0.9, "status": "ok", "t_c": 611, "t_fc": 790, "err_cross": -3, "err_lag": -5, "err_ref": -3, "secs": 0.27}
{"seed": 9310227, "family": "quad", "window_frac": 0.05, "f": 0.95, "status": "ok", "t_c": 658, "t_fc": 789, "err_cross": -4, "err_lag": -4, "err_ref": -3, "secs": 0.29}
{"seed": 9310227, "family": "quad", "window_frac": 0.05, "f": 0.98, "status": "ok", "t_c": 687, "t_fc": 789, "err_cross": -4, "err_lag": -4, "err_ref": -3, "secs": 0.28}
{"seed": 9310227, "family": "quad", "window_frac": 0.1, "f": 0.8, "status": "ok", "t_c": 519, "t_fc": 807, "err_cross": 14, "err_lag": -8, "err_ref": -3, "secs": 0.19}
{"seed": 9310227, "family": "quad", "window_frac": 0.1, "f": 0.9, "status": "ok", "t_c": 611, "t_fc": 790, "err_cross": -3, "err_lag": -5, "err_ref": -3, "secs": 0.19}
{"seed": 9310227, "family": "quad", "window_frac": 0.1, "f": 0.95, "status": "ok", "t_c": 658, "t_fc": 789, "err_cross": -4, "err_lag": -4, "err_ref": -3, "secs": 0.2}
{"seed": 9310227, "family": "quad", "window_frac": 0.1, "f": 0.98, "status": "ok", "t_c": 687, "t_fc": 789, "err_cross": -4, "err_lag": -4, "err_ref": -3, "secs": 0.19}
{"seed": 9310227, "family": "quad", "window_frac": 0.25, "f": 0.8, "status": "ok", "t_c": 519, "t_fc": 811, "err_cross": 18, "err_lag": -9, "err_ref": -3, "secs": 0.2}
{"seed": 9310227, "family": "quad", "window_frac": 0.25, "f": 0.9, "status": "ok", "t_c": 611, "t_fc": 791, "err_cross": -2, "err_lag": -5, "err_ref": -3, "secs": 0.19}
{"seed": 9310227, "family": "quad", "window_frac": 0.25, "f": 0.95, "status": "ok", "t_c": 658, "t_fc": 789, "err_cross": -4, "err_lag": -5, "err_ref": -3, "secs": 0.2}
{"seed": 9310227, "family": "quad", "window_frac": 0.25, "f": 0.98, "status": "ok", "t_c": 687, "t_fc": 789, "err_cross": -4, "err_lag": -4, "err_ref": -3, "secs": 0.18}
{"seed": 9310227, "family": "rate", "window_frac": 0.05, "f": 0.8, "status": "ok", "t_c": 519, "t_fc": 796, "err_cross": 3, "err_lag": -4, "err_ref": -3, "secs": 0.19}
{"seed": 9310227, "family": "rate", "window_frac": 0.05, "f": 0.9, "status": "ok", "t_c": 611, "t_fc": 790, "err_cross": -3, "err_lag": -4, "err_ref": -3, "secs": 0.2}
{"seed": 9310227, "family": "rate", "window_frac": 0.05, "f": 0.95, "status": "ok", "t_c": 658, "t_fc": 790, "err_cross": -3, "err_lag": -3, "err_ref": -3, "secs": 0.21}
{"seed": 9310227, "family": "rate", "window_frac": 0.05, "f": 0.98, "status": "ok", "t_c": 687, "t_fc": 790, "err_cross": -3, "err_lag": -3, "err_ref": -3, "secs": 0.25}
{"seed": 9310227, "family": "rate", "window_frac": 0.1, "f": 0.8, "status": "ok", "t_c": 519, "t_fc": 796, "err_cross": 3, "err_lag": -4, "err_ref": -3, "secs": 0.32}
{"seed": 9310227, "family": "rate", "window_frac": 0.1, "f": 0.9, "status": "ok", "t_c": 611, "t_fc": 790, "err_cross": -3, "err_lag": -4, "err_ref": -3, "secs": 0.2}
{"seed": 9310227, "family": "rate", "window_frac": 0.1, "f": 0.95, "status": "ok", "t_c": 658, "t_fc": 790, "err_cross": -3, "err_lag": -3, "err_ref": -3, "secs": 0.28}
{"seed": 9310227, "family": "rate", "window_frac": 0.1, "f": 0.98, "status": "ok", "t_c": 687, "t_fc": 790, "err_cross": -3, "err_lag": -3, "err_ref": -3, "secs": 0.19}
{"seed": 9310227, "family": "rate", "window_frac": 0.25, "f": 0.8, "status": "ok", "t_c": 519, "t_fc": 797, "err_cross": 4, "err_lag": -4, "err_ref": -3, "secs": 0.21}
{"seed": 9310227, "family": "rate", "window_frac": 0.25, "f": 0.9, "status": "ok", "t_c": 611, "t_fc": 790, "err_cross": -3, "err_lag": -4, "err_ref": -3, "secs": 0.2}
{"seed": 9310227, "family": "rate", "window_frac": 0.25, "f": 0.95, "status": "ok", "t_c": 658, "t_fc": 790, "err_cross": -3, "err_lag": -3, "err_ref": -3, "secs": 0.19}
{"seed": 9310227, "family": "rate", "window_frac": 0.25, "f": 0.98, "status": "ok", "t_c": 687, "t_fc": 789, "err_cross": -4, "err_lag": -4, "err_ref": -3, "secs": 0.21}
{"seed": 9310227, "family": "lin", "window_frac": 0.05, "f": 0.8, "status": "ok", "t_c": 519, "t_fc": 755, "err_cross": -38, "err_lag": 0, "err_ref": -3, "secs": 0.22}
{"seed": 9310227, "family": "lin", "window_frac": 0.05, "f": 0.9, "status": "ok", "t_c": 611, "t_fc": 781, "err_cross": -12, "err_lag": -1, "err_ref": -3, "secs": 0.21}
{"seed": 9310227, "family": "lin", "window_frac": 0.05, "f": 0.95, "status": "ok", "t_c": 658, "t_fc": 788, "err_cross": -5, "err_lag": -1, "err_ref": -3, "secs": 0.23}
{"seed": 9310227, "family": "lin", "window_frac": 0.05, "f": 0.98, "status": "ok", "t_c": 687, "t_fc": 791, "err_cross": -2, "err_lag": -1, "err_ref": -3, "secs": 0.2}
{"seed": 9310227, "family": "lin", "window_frac": 0.1, "f": 0.8, "status": "ok", "t_c": 519, "t_fc": 755, "err_cross": -38, "err_lag": 0, "err_ref": -3, "secs": 0.2}
{"seed": 9310227, "family": "lin", "window_frac": 0.1, "f": 0.9, "status": "ok", "t_c": 611, "t_fc": 781, "err_cross": -12, "err_lag": -1, "err_ref": -3, "secs": 0.19}
{"seed": 9310227, "family": "lin", "window_frac": 0.1, "f": 0.95, "status": "ok", "t_c": 658, "t_fc": 788, "err_cross": -5, "err_lag": -1, "err_ref": -3, "secs": 0.22}
{"seed": 9310227, "family": "lin", "window_frac": 0.1, "f": 0.98, "status": "ok", "t_c": 687, "t_fc": 791, "err_cross": -2, "err_lag": -1, "err_ref": -3, "secs": 0.25}
{"seed": 9310227, "family": "lin", "window_frac": 0.25, "f": 0.8, "status": "ok", "t_c": 519, "t_fc": 752, "err_cross": -41, "err_lag": 0, "err_ref": -3, "secs": 0.3}
{"seed": 9310227, "family": "lin", "window_frac": 0.25, "f": 0.9, "status": "ok", "t_c": 611, "t_fc": 778, "err_cross": -15, "err_lag": 0, "err_ref": -3, "secs": 0.2}
{"seed": 9310227, "family": "lin", "window_frac": 0.25, "f": 0.95, "status": "ok", "t_c": 658, "t_fc": 786, "err_cross": -7, "err_lag": -1, "err_ref": -3, "secs": 0.19}
{"seed": 9310227, "family": "lin", "window_frac": 0.25, "f": 0.98, "status": "ok", "t_c": 687, "t_fc": 790, "err_cross": -3, "err_lag": -1, "err_ref": -3, "secs": 0.2}
{"seed": 9310228, "family": "quad", "window_frac": 0.05, "f": 0.8, "status": "no cutoff: s never reaches f\u00b7s_ref in the saved path", "t_c": null, "t_fc": null, "err_cross": null, "err_lag": null, "err_ref": null, "secs": 0.0}
{"seed": 9310228, "family": "quad", "window_frac": 0.05, "f": 0.9, "status": "no cutoff: s never reaches f\u00b7s_ref in the saved path", "t_c": null, "t_fc": null, "err_cross": null, "err_lag": null, "err_ref": null, "secs": 0.0}
{"seed": 9310228, "family": "quad", "window_frac": 0.05, "f": 0.95, "status": "no cutoff: s never reaches f\u00b7s_ref in the saved path", "t_c": null, "t_fc": null, "err_cross": null, "err_lag": null, "err_ref": null, "secs": 0.0}
{"seed": 9310228, "family": "quad", "window_frac": 0.05, "f": 0.98, "status": "no cutoff: s never reaches f\u00b7s_ref in the saved path", "t_c": null, "t_fc": null, "err_cross": null, "err_lag": null, "err_ref": null, "secs": 0.0}
{"seed": 9310228, "family": "quad", "window_frac": 0.1, "f": 0.8, "status": "no cutoff: s never reaches f\u00b7s_ref in the saved path", "t_c": null, "t_fc": null, "err_cross": null, "err_lag": null, "err_ref": null, "secs": 0.0}
{"seed": 9310228, "family": "quad", "window_frac": 0.1, "f": 0.9, "status": "no cutoff: s never reaches f\u00b7s_ref in the saved path", "t_c": null, "t_fc": null, "err_cross": null, "err_lag": null, "err_ref": null, "secs": 0.0}
{"seed": 9310228, "family": "quad", "window_frac": 0.1, "f": 0.95, "status": "no cutoff: s never reaches f\u00b7s_ref in the saved path", "t_c": null, "t_fc": null, "err_cross": null, "err_lag": null, "err_ref": null, "secs": 0.0}
{"seed": 9310228, "family": "quad", "window_frac": 0.1, "f": 0.98, "status": "no cutoff: s never reaches f\u00b7s_ref in the saved path", "t_c": null, "t_fc": null, "err_cross": null, "err_lag": null, "err_ref": null, "secs": 0.0}
{"seed": 9310228, "family": "quad", "window_frac": 0.25, "f": 0.8, "status": "no cutoff: s never reaches f\u00b7s_ref in the saved path", "t_c": null, "t_fc": null, "err_cross": null, "err_lag": null, "err_ref": null, "secs": 0.0}
{"seed": 9310228, "family": "quad", "window_frac": 0.25, "f": 0.9, "status": "no cutoff: s never reaches f\u00b7s_ref in the saved path", "t_c": null, "t_fc": null, "err_cross": null, "err_lag": null, "err_ref": null, "secs": 0.0}
{"seed": 9310228, "family": "quad", "window_frac": 0.25, "f": 0.95, "status": "no cutoff: s never reaches f\u00b7s_ref in the saved path", "t_c": null, "t_fc": null, "err_cross": null, "err_lag": null, "err_ref": null, "secs": 0.0}
{"seed": 9310228, "family": "quad", "window_frac": 0.25, "f": 0.98, "status": "no cutoff: s never reaches f\u00b7s_ref in the saved path", "t_c": null, "t_fc": null, "err_cross": null, "err_lag": null, "err_ref": null, "secs": 0.0}
{"seed": 9310228, "family": "rate", "window_frac": 0.05, "f": 0.8, "status": "no cutoff: s never reaches f\u00b7s_ref in the saved path", "t_c": null, "t_fc": null, "err_cross": null, "err_lag": null, "err_ref": null, "secs": 0.0}
{"seed": 9310228, "family": "rate", "window_frac": 0.05, "f": 0.9, "status": "no cutoff: s never reaches f\u00b7s_ref in the saved path", "t_c": null, "t_fc": null, "err_cross": null, "err_lag": null, "err_ref": null, "secs": 0.0}
{"seed": 9310228, "family": "rate", "window_frac": 0.05, "f": 0.95, "status": "no cutoff: s never reaches f\u00b7s_ref in the saved path", "t_c": null, "t_fc": null, "err_cross": null, "err_lag": null, "err_ref": null, "secs": 0.0}
{"seed": 9310228, "family": "rate", "window_frac": 0.05, "f": 0.98, "status": "no cutoff: s never reaches f\u00b7s_ref in the saved path", "t_c": null, "t_fc": null, "err_cross": null, "err_lag": null, "err_ref": null, "secs": 0.0}
{"seed": 9310228, "family": "rate", "window_frac": 0.1, "f": 0.8, "status": "no cutoff: s never reaches f\u00b7s_ref in the saved path", "t_c": null, "t_fc": null, "err_cross": null, "err_lag": null, "err_ref": null, "secs": 0.0}
{"seed": 9310228, "family": "rate", "window_frac": 0.1, "f": 0.9, "status": "no cutoff: s never reaches f\u00b7s_ref in the saved path", "t_c": null, "t_fc": null, "err_cross": null, "err_lag": null, "err_ref": null, "secs": 0.0}
{"seed": 9310228, "family": "rate", "window_frac": 0.1, "f": 0.95, "status": "no cutoff: s never reaches f\u00b7s_ref in the saved path", "t_c": null, "t_fc": null, "err_cross": null, "err_lag": null, "err_ref": null, "secs": 0.0}
{"seed": 9310228, "family": "rate", "window_frac": 0.1, "f": 0.98, "status": "no cutoff: s never reaches f\u00b7s_ref in the saved path", "t_c": null, "t_fc": null, "err_cross": null, "err_lag": null, "err_ref": null, "secs": 0.0}
{"seed": 9310228, "family": "rate", "window_frac": 0.25, "f": 0.8, "status": "no cutoff: s never reaches f\u00b7s_ref in the saved path", "t_c": null, "t_fc": null, "err_cross": null, "err_lag": null, "err_ref": null, "secs": 0.0}
{"seed": 9310228, "family": "rate", "window_frac": 0.25, "f": 0.9, "status": "no cutoff: s never reaches f\u00b7s_ref in the saved path", "t_c": null, "t_fc": null, "err_cross": null, "err_lag": null, "err_ref": null, "secs": 0.0}
{"seed": 9310228, "family": "rate", "window_frac": 0.25, "f": 0.95, "status": "no cutoff: s never reaches f\u00b7s_ref in the saved path", "t_c": null, "t_fc": null, "err_cross": null, "err_lag": null, "err_ref": null, "secs": 0.0}
{"seed": 9310228, "family": "rate", "window_frac": 0.25, "f": 0.98, "status": "no cutoff: s never reaches f\u00b7s_ref in the saved path", "t_c": null, "t_fc": null, "err_cross": null, "err_lag": null, "err_ref": null, "secs": 0.0}
{"seed": 9310228, "family": "lin", "window_frac": 0.05, "f": 0.8, "status": "no cutoff: s never reaches f\u00b7s_ref in the saved path", "t_c": null, "t_fc": null, "err_cross": null, "err_lag": null, "err_ref": null, "secs": 0.0}
{"seed": 9310228, "family": "lin", "window_frac": 0.05, "f": 0.9, "status": "no cutoff: s never reaches f\u00b7s_ref in the saved path", "t_c": null, "t_fc": null, "err_cross": null, "err_lag": null, "err_ref": null, "secs": 0.0}
{"seed": 9310228, "family": "lin", "window_frac": 0.05, "f": 0.95, "status": "no cutoff: s never reaches f\u00b7s_ref in the saved path", "t_c": null, "t_fc": null, "err_cross": null, "err_lag": null, "err_ref": null, "secs": 0.0}
{"seed": 9310228, "family": "lin", "window_frac": 0.05, "f": 0.98, "status": "no cutoff: s never reaches f\u00b7s_ref in the saved path", "t_c": null, "t_fc": null, "err_cross": null, "err_lag": null, "err_ref": null, "secs": 0.0}
{"seed": 9310228, "family": "lin", "window_frac": 0.1, "f": 0.8, "status": "no cutoff: s never reaches f\u00b7s_ref in the saved path", "t_c": null, "t_fc": null, "err_cross": null, "err_lag": null, "err_ref": null, "secs": 0.0}
{"seed": 9310228, "family": "lin", "window_frac": 0.1, "f": 0.9, "status": "no cutoff: s never reaches f\u00b7s_ref in the saved path", "t_c": null, "t_fc": null, "err_cross": null, "err_lag": null, "err_ref": null, "secs": 0.0}
{"seed": 9310228, "family": "lin", "window_frac": 0.1, "f": 0.95, "status": "no cutoff: s never reaches f\u00b7s_ref in the saved path", "t_c": null, "t_fc": null, "err_cross": null, "err_lag": null, "err_ref": null, "secs": 0.0}
{"seed": 9310228, "family": "lin", "window_frac": 0.1, "f": 0.98, "status": "no cutoff: s never reaches f\u00b7s_ref in the saved path", "t_c": null, "t_fc": null, "err_cross": null, "err_lag": null, "err_ref": null, "secs": 0.0}
{"seed": 9310228, "family": "lin", "window_frac": 0.25, "f": 0.8, "status": "no cutoff: s never reaches f\u00b7s_ref in the saved path", "t_c": null, "t_fc": null, "err_cross": null, "err_lag": null, "err_ref": null, "secs": 0.0}
{"seed": 9310228, "family": "lin", "window_frac": 0.25, "f": 0.9, "status": "no cutoff: s never reaches f\u00b7s_ref in the saved path", "t_c": null, "t_fc": null, "err_cross": null, "err_lag": null, "err_ref": null, "secs": 0.0}
{"seed": 9310228, "family": "lin", "window_frac": 0.25, "f": 0.95, "status": "no cutoff: s never reaches f\u00b7s_ref in the saved path", "t_c": null, "t_fc": null, "err_cross": null, "err_lag": null, "err_ref": null, "secs": 0.0}
{"seed": 9310228, "family": "lin", "window_frac": 0.25, "f": 0.98, "status": "no cutoff: s never reaches f\u00b7s_ref in the saved path", "t_c": null, "t_fc": null, "err_cross": null, "err_lag": null, "err_ref": null, "secs": 0.0}
{"seed": 9310229, "family": "quad", "window_frac": 0.05, "f": 0.8, "status": "ok", "t_c": 521, "t_fc": 830, "err_cross": 16, "err_lag": -9, "err_ref": -4, "secs": 0.28}
{"seed": 9310229, "family": "quad", "window_frac": 0.05, "f": 0.9, "status": "ok", "t_c": 622, "t_fc": 811, "err_cross": -3, "err_lag": -6, "err_ref": -4, "secs": 0.28}
{"seed": 9310229, "family": "quad", "window_frac": 0.05, "f": 0.95, "status": "ok", "t_c": 674, "t_fc": 810, "err_cross": -4, "err_lag": -5, "err_ref": -4, "secs": 0.29}
{"seed": 9310229, "family": "quad", "window_frac": 0.05, "f": 0.98, "status": "ok", "t_c": 707, "t_fc": 810, "err_cross": -4, "err_lag": -4, "err_ref": -4, "secs": 0.28}
{"seed": 9310229, "family": "quad", "window_frac": 0.1, "f": 0.8, "status": "ok", "t_c": 521, "t_fc": 830, "err_cross": 16, "err_lag": -9, "err_ref": -4, "secs": 0.21}
{"seed": 9310229, "family": "quad", "window_frac": 0.1, "f": 0.9, "status": "ok", "t_c": 622, "t_fc": 811, "err_cross": -3, "err_lag": -6, "err_ref": -4, "secs": 0.19}
{"seed": 9310229, "family": "quad", "window_frac": 0.1, "f": 0.95, "status": "ok", "t_c": 674, "t_fc": 810, "err_cross": -4, "err_lag": -5, "err_ref": -4, "secs": 0.23}
{"seed": 9310229, "family": "quad", "window_frac": 0.1, "f": 0.98, "status": "ok", "t_c": 707, "t_fc": 810, "err_cross": -4, "err_lag": -4, "err_ref": -4, "secs": 0.2}
{"seed": 9310229, "family": "quad", "window_frac": 0.25, "f": 0.8, "status": "ok", "t_c": 521, "t_fc": 835, "err_cross": 21, "err_lag": -9, "err_ref": -4, "secs": 0.19}
{"seed": 9310229, "family": "quad", "window_frac": 0.25, "f": 0.9, "status": "ok", "t_c": 622, "t_fc": 812, "err_cross": -2, "err_lag": -6, "err_ref": -4, "secs": 0.21}
{"seed": 9310229, "family": "quad", "window_frac": 0.25, "f": 0.95, "status": "ok", "t_c": 674, "t_fc": 810, "err_cross": -4, "err_lag": -5, "err_ref": -4, "secs": 0.19}
{"seed": 9310229, "family": "quad", "window_frac": 0.25, "f": 0.98, "status": "ok", "t_c": 707, "t_fc": 809, "err_cross": -5, "err_lag": -6, "err_ref": -4, "secs": 0.2}
{"seed": 9310229, "family": "rate", "window_frac": 0.05, "f": 0.8, "status": "ok", "t_c": 521, "t_fc": 817, "err_cross": 3, "err_lag": -5, "err_ref": -4, "secs": 0.26}
{"seed": 9310229, "family": "rate", "window_frac": 0.05, "f": 0.9, "status": "ok", "t_c": 622, "t_fc": 811, "err_cross": -3, "err_lag": -4, "err_ref": -4, "secs": 0.22}
{"seed": 9310229, "family": "rate", "window_frac": 0.05, "f": 0.95, "status": "ok", "t_c": 674, "t_fc": 810, "err_cross": -4, "err_lag": -5, "err_ref": -4, "secs": 0.22}
{"seed": 9310229, "family": "rate", "window_frac": 0.05, "f": 0.98, "status": "ok", "t_c": 707, "t_fc": 810, "err_cross": -4, "err_lag": -4, "err_ref": -4, "secs": 0.24}
{"seed": 9310229, "family": "rate", "window_frac": 0.1, "f": 0.8, "status": "ok", "t_c": 521, "t_fc": 817, "err_cross": 3, "err_lag": -5, "err_ref": -4, "secs": 0.21}
{"seed": 9310229, "family": "rate", "window_frac": 0.1, "f": 0.9, "status": "ok", "t_c": 622, "t_fc": 811, "err_cross": -3, "err_lag": -4, "err_ref": -4, "secs": 0.2}
{"seed": 9310229, "family": "rate", "window_frac": 0.1, "f": 0.95, "status": "ok", "t_c": 674, "t_fc": 810, "err_cross": -4, "err_lag": -5, "err_ref": -4, "secs": 0.2}
{"seed": 9310229, "family": "rate", "window_frac": 0.1, "f": 0.98, "status": "ok", "t_c": 707, "t_fc": 810, "err_cross": -4, "err_lag": -4, "err_ref": -4, "secs": 0.19}
{"seed": 9310229, "family": "rate", "window_frac": 0.25, "f": 0.8, "status": "ok", "t_c": 521, "t_fc": 818, "err_cross": 4, "err_lag": -5, "err_ref": -4, "secs": 0.19}
{"seed": 9310229, "family": "rate", "window_frac": 0.25, "f": 0.9, "status": "ok", "t_c": 622, "t_fc": 811, "err_cross": -3, "err_lag": -5, "err_ref": -4, "secs": 0.2}
{"seed": 9310229, "family": "rate", "window_frac": 0.25, "f": 0.95, "status": "ok", "t_c": 674, "t_fc": 810, "err_cross": -4, "err_lag": -5, "err_ref": -4, "secs": 0.19}
{"seed": 9310229, "family": "rate", "window_frac": 0.25, "f": 0.98, "status": "ok", "t_c": 707, "t_fc": 810, "err_cross": -4, "err_lag": -5, "err_ref": -4, "secs": 0.2}
{"seed": 9310229, "family": "lin", "window_frac": 0.05, "f": 0.8, "status": "ok", "t_c": 521, "t_fc": 771, "err_cross": -43, "err_lag": -2, "err_ref": -4, "secs": 0.19}
{"seed": 9310229, "family": "lin", "window_frac": 0.05, "f": 0.9, "status": "ok", "t_c": 622, "t_fc": 800, "err_cross": -14, "err_lag": -2, "err_ref": -4, "secs": 0.24}
{"seed": 9310229, "family": "lin", "window_frac": 0.05, "f": 0.95, "status": "ok", "t_c": 674, "t_fc": 808, "err_cross": -6, "err_lag": -2, "err_ref": -4, "secs": 0.22}
{"seed": 9310229, "family": "lin", "window_frac": 0.05, "f": 0.98, "status": "ok", "t_c": 707, "t_fc": 811, "err_cross": -3, "err_lag": -2, "err_ref": -4, "secs": 0.24}
{"seed": 9310229, "family": "lin", "window_frac": 0.1, "f": 0.8, "status": "ok", "t_c": 521, "t_fc": 771, "err_cross": -43, "err_lag": -2, "err_ref": -4, "secs": 0.22}
{"seed": 9310229, "family": "lin", "window_frac": 0.1, "f": 0.9, "status": "ok", "t_c": 622, "t_fc": 800, "err_cross": -14, "err_lag": -2, "err_ref": -4, "secs": 0.22}
{"seed": 9310229, "family": "lin", "window_frac": 0.1, "f": 0.95, "status": "ok", "t_c": 674, "t_fc": 808, "err_cross": -6, "err_lag": -2, "err_ref": -4, "secs": 0.21}
{"seed": 9310229, "family": "lin", "window_frac": 0.1, "f": 0.98, "status": "ok", "t_c": 707, "t_fc": 811, "err_cross": -3, "err_lag": -2, "err_ref": -4, "secs": 0.25}
{"seed": 9310229, "family": "lin", "window_frac": 0.25, "f": 0.8, "status": "ok", "t_c": 521, "t_fc": 768, "err_cross": -46, "err_lag": -2, "err_ref": -4, "secs": 0.31}
{"seed": 9310229, "family": "lin", "window_frac": 0.25, "f": 0.9, "status": "ok", "t_c": 622, "t_fc": 796, "err_cross": -18, "err_lag": -3, "err_ref": -4, "secs": 0.2}
{"seed": 9310229, "family": "lin", "window_frac": 0.25, "f": 0.95, "status": "ok", "t_c": 674, "t_fc": 806, "err_cross": -8, "err_lag": -2, "err_ref": -4, "secs": 0.19}
{"seed": 9310229, "family": "lin", "window_frac": 0.25, "f": 0.98, "status": "ok", "t_c": 707, "t_fc": 810, "err_cross": -4, "err_lag": -2, "err_ref": -4, "secs": 0.2}
{"seed": 9310230, "family": "quad", "window_frac": 0.05, "f": 0.8, "status": "ok", "t_c": 524, "t_fc": 864, "err_cross": 18, "err_lag": -9, "err_ref": -4, "secs": 0.3}
{"seed": 9310230, "family": "quad", "window_frac": 0.05, "f": 0.9, "status": "ok", "t_c": 636, "t_fc": 843, "err_cross": -3, "err_lag": -6, "err_ref": -4, "secs": 0.29}
{"seed": 9310230, "family": "quad", "window_frac": 0.05, "f": 0.95, "status": "ok", "t_c": 695, "t_fc": 841, "err_cross": -5, "err_lag": -5, "err_ref": -4, "secs": 0.29}
{"seed": 9310230, "family": "quad", "window_frac": 0.05, "f": 0.98, "status": "ok", "t_c": 731, "t_fc": 841, "err_cross": -5, "err_lag": -5, "err_ref": -4, "secs": 0.3}
{"seed": 9310230, "family": "quad", "window_frac": 0.1, "f": 0.8, "status": "ok", "t_c": 524, "t_fc": 864, "err_cross": 18, "err_lag": -9, "err_ref": -4, "secs": 0.19}
{"seed": 9310230, "family": "quad", "window_frac": 0.1, "f": 0.9, "status": "ok", "t_c": 636, "t_fc": 843, "err_cross": -3, "err_lag": -6, "err_ref": -4, "secs": 0.2}
{"seed": 9310230, "family": "quad", "window_frac": 0.1, "f": 0.95, "status": "ok", "t_c": 695, "t_fc": 841, "err_cross": -5, "err_lag": -5, "err_ref": -4, "secs": 0.2}
{"seed": 9310230, "family": "quad", "window_frac": 0.1, "f": 0.98, "status": "ok", "t_c": 731, "t_fc": 841, "err_cross": -5, "err_lag": -5, "err_ref": -4, "secs": 0.19}
{"seed": 9310230, "family": "quad", "window_frac": 0.25, "f": 0.8, "status": "ok", "t_c": 524, "t_fc": 870, "err_cross": 24, "err_lag": -10, "err_ref": -4, "secs": 0.2}
{"seed": 9310230, "family": "quad", "window_frac": 0.25, "f": 0.9, "status": "ok", "t_c": 636, "t_fc": 844, "err_cross": -2, "err_lag": -6, "err_ref": -4, "secs": 0.19}
{"seed": 9310230, "family": "quad", "window_frac": 0.25, "f": 0.95, "status": "ok", "t_c": 695, "t_fc": 842, "err_cross": -4, "err_lag": -5, "err_ref": -4, "secs": 0.2}
{"seed": 9310230, "family": "quad", "window_frac": 0.25, "f": 0.98, "status": "ok", "t_c": 731, "t_fc": 841, "err_cross": -5, "err_lag": -5, "err_ref": -4, "secs": 0.2}
{"seed": 9310230, "family": "rate", "window_frac": 0.05, "f": 0.8, "status": "ok", "t_c": 524, "t_fc": 849, "err_cross": 3, "err_lag": -6, "err_ref": -4, "secs": 0.2}
{"seed": 9310230, "family": "rate", "window_frac": 0.05, "f": 0.9, "status": "ok", "t_c": 636, "t_fc": 842, "err_cross": -4, "err_lag": -5, "err_ref": -4, "secs": 0.27}
{"seed": 9310230, "family": "rate", "window_frac": 0.05, "f": 0.95, "status": "ok", "t_c": 695, "t_fc": 842, "err_cross": -4, "err_lag": -4, "err_ref": -4, "secs": 0.22}
{"seed": 9310230, "family": "rate", "window_frac": 0.05, "f": 0.98, "status": "ok", "t_c": 731, "t_fc": 842, "err_cross": -4, "err_lag": -4, "err_ref": -4, "secs": 0.21}
{"seed": 9310230, "family": "rate", "window_frac": 0.1, "f": 0.8, "status": "ok", "t_c": 524, "t_fc": 849, "err_cross": 3, "err_lag": -6, "err_ref": -4, "secs": 0.21}
{"seed": 9310230, "family": "rate", "window_frac": 0.1, "f": 0.9, "status": "ok", "t_c": 636, "t_fc": 842, "err_cross": -4, "err_lag": -5, "err_ref": -4, "secs": 0.2}
{"seed": 9310230, "family": "rate", "window_frac": 0.1, "f": 0.95, "status": "ok", "t_c": 695, "t_fc": 842, "err_cross": -4, "err_lag": -4, "err_ref": -4, "secs": 0.2}
{"seed": 9310230, "family": "rate", "window_frac": 0.1, "f": 0.98, "status": "ok", "t_c": 731, "t_fc": 842, "err_cross": -4, "err_lag": -4, "err_ref": -4, "secs": 0.21}
{"seed": 9310230, "family": "rate", "window_frac": 0.25, "f": 0.8, "status": "ok", "t_c": 524, "t_fc": 851, "err_cross": 5, "err_lag": -5, "err_ref": -4, "secs": 0.19}
{"seed": 9310230, "family": "rate", "window_frac": 0.25, "f": 0.9, "status": "ok", "t_c": 636, "t_fc": 843, "err_cross": -3, "err_lag": -5, "err_ref": -4, "secs": 0.2}
{"seed": 9310230, "family": "rate", "window_frac": 0.25, "f": 0.95, "status": "ok", "t_c": 695, "t_fc": 842, "err_cross": -4, "err_lag": -5, "err_ref": -4, "secs": 0.2}
{"seed": 9310230, "family": "rate", "window_frac": 0.25, "f": 0.98, "status": "ok", "t_c": 731, "t_fc": 842, "err_cross": -4, "err_lag": -4, "err_ref": -4, "secs": 0.24}
{"seed": 9310230, "family": "lin", "window_frac": 0.05, "f": 0.8, "status": "ok", "t_c": 524, "t_fc": 798, "err_cross": -48, "err_lag": -2, "err_ref": -4, "secs": 0.25}
{"seed": 9310230, "family": "lin", "window_frac": 0.05, "f": 0.9, "status": "ok", "t_c": 636, "t_fc": 830, "err_cross": -16, "err_lag": -2, "err_ref": -4, "secs": 0.23}
{"seed": 9310230, "family": "lin", "window_frac": 0.05, "f": 0.95, "status": "ok", "t_c": 695, "t_fc": 840, "err_cross": -6, "err_lag": -2, "err_ref": -4, "secs": 0.25}
{"seed": 9310230, "family": "lin", "window_frac": 0.05, "f": 0.98, "status": "ok", "t_c": 731, "t_fc": 843, "err_cross": -3, "err_lag": -2, "err_ref": -4, "secs": 0.2}
{"seed": 9310230, "family": "lin", "window_frac": 0.1, "f": 0.8, "status": "ok", "t_c": 524, "t_fc": 798, "err_cross": -48, "err_lag": -2, "err_ref": -4, "secs": 0.19}
{"seed": 9310230, "family": "lin", "window_frac": 0.1, "f": 0.9, "status": "ok", "t_c": 636, "t_fc": 830, "err_cross": -16, "err_lag": -2, "err_ref": -4, "secs": 0.2}
{"seed": 9310230, "family": "lin", "window_frac": 0.1, "f": 0.95, "status": "ok", "t_c": 695, "t_fc": 840, "err_cross": -6, "err_lag": -2, "err_ref": -4, "secs": 0.2}
{"seed": 9310230, "family": "lin", "window_frac": 0.1, "f": 0.98, "status": "ok", "t_c": 731, "t_fc": 843, "err_cross": -3, "err_lag": -2, "err_ref": -4, "secs": 0.2}
{"seed": 9310230, "family": "lin", "window_frac": 0.25, "f": 0.8, "status": "ok", "t_c": 524, "t_fc": 794, "err_cross": -52, "err_lag": -2, "err_ref": -4, "secs": 0.21}
{"seed": 9310230, "family": "lin", "window_frac": 0.25, "f": 0.9, "status": "ok", "t_c": 636, "t_fc": 826, "err_cross": -20, "err_lag": -2, "err_ref": -4, "secs": 0.19}
{"seed": 9310230, "family": "lin", "window_frac": 0.25, "f": 0.95, "status": "ok", "t_c": 695, "t_fc": 837, "err_cross": -9, "err_lag": -2, "err_ref": -4, "secs": 0.2}
{"seed": 9310230, "family": "lin", "window_frac": 0.25, "f": 0.98, "status": "ok", "t_c": 731, "t_fc": 842, "err_cross": -4, "err_lag": -2, "err_ref": -4, "secs": 0.2}
{"seed": 9310231, "family": "quad", "window_frac": 0.05, "f": 0.8, "status": "ok", "t_c": 391, "t_fc": 627, "err_cross": 13, "err_lag": -7, "err_ref": -3, "secs": 0.27}
{"seed": 9310231, "family": "quad", "window_frac": 0.05, "f": 0.9, "status": "ok", "t_c": 464, "t_fc": 611, "err_cross": -3, "err_lag": -5, "err_ref": -3, "secs": 0.28}
{"seed": 9310231, "family": "quad", "window_frac": 0.05, "f": 0.95, "status": "ok", "t_c": 502, "t_fc": 610, "err_cross": -4, "err_lag": -4, "err_ref": -3, "secs": 0.28}
{"seed": 9310231, "family": "quad", "window_frac": 0.05, "f": 0.98, "status": "ok", "t_c": 525, "t_fc": 610, "err_cross": -4, "err_lag": -4, "err_ref": -3, "secs": 0.29}
{"seed": 9310231, "family": "quad", "window_frac": 0.1, "f": 0.8, "status": "ok", "t_c": 391, "t_fc": 627, "err_cross": 13, "err_lag": -7, "err_ref": -3, "secs": 0.19}
{"seed": 9310231, "family": "quad", "window_frac": 0.1, "f": 0.9, "status": "ok", "t_c": 464, "t_fc": 611, "err_cross": -3, "err_lag": -5, "err_ref": -3, "secs": 0.2}
{"seed": 9310231, "family": "quad", "window_frac": 0.1, "f": 0.95, "status": "ok", "t_c": 502, "t_fc": 610, "err_cross": -4, "err_lag": -4, "err_ref": -3, "secs": 0.18}
{"seed": 9310231, "family": "quad", "window_frac": 0.1, "f": 0.98, "status": "ok", "t_c": 525, "t_fc": 610, "err_cross": -4, "err_lag": -4, "err_ref": -3, "secs": 0.19}
{"seed": 9310231, "family": "quad", "window_frac": 0.25, "f": 0.8, "status": "ok", "t_c": 391, "t_fc": 627, "err_cross": 13, "err_lag": -7, "err_ref": -3, "secs": 0.19}
{"seed": 9310231, "family": "quad", "window_frac": 0.25, "f": 0.9, "status": "ok", "t_c": 464, "t_fc": 612, "err_cross": -2, "err_lag": -4, "err_ref": -3, "secs": 0.18}
{"seed": 9310231, "family": "quad", "window_frac": 0.25, "f": 0.95, "status": "ok", "t_c": 502, "t_fc": 610, "err_cross": -4, "err_lag": -4, "err_ref": -3, "secs": 0.19}
{"seed": 9310231, "family": "quad", "window_frac": 0.25, "f": 0.98, "status": "ok", "t_c": 525, "t_fc": 610, "err_cross": -4, "err_lag": -4, "err_ref": -3, "secs": 0.19}
{"seed": 9310231, "family": "rate", "window_frac": 0.05, "f": 0.8, "status": "ok", "t_c": 391, "t_fc": 616, "err_cross": 2, "err_lag": -4, "err_ref": -3, "secs": 0.18}
{"seed": 9310231, "family": "rate", "window_frac": 0.05, "f": 0.9, "status": "ok", "t_c": 464, "t_fc": 611, "err_cross": -3, "err_lag": -4, "err_ref": -3, "secs": 0.19}
{"seed": 9310231, "family": "rate", "window_frac": 0.05, "f": 0.95, "status": "ok", "t_c": 502, "t_fc": 611, "err_cross": -3, "err_lag": -3, "err_ref": -3, "secs": 0.18}
{"seed": 9310231, "family": "rate", "window_frac": 0.05, "f": 0.98, "status": "ok", "t_c": 525, "t_fc": 610, "err_cross": -4, "err_lag": -4, "err_ref": -3, "secs": 0.19}
{"seed": 9310231, "family": "rate", "window_frac": 0.1, "f": 0.8, "status": "ok", "t_c": 391, "t_fc": 616, "err_cross": 2, "err_lag": -4, "err_ref": -3, "secs": 0.2}
{"seed": 9310231, "family": "rate", "window_frac": 0.1, "f": 0.9, "status": "ok", "t_c": 464, "t_fc": 611, "err_cross": -3, "err_lag": -4, "err_ref": -3, "secs": 0.18}
{"seed": 9310231, "family": "rate", "window_frac": 0.1, "f": 0.95, "status": "ok", "t_c": 502, "t_fc": 611, "err_cross": -3, "err_lag": -3, "err_ref": -3, "secs": 0.21}
{"seed": 9310231, "family": "rate", "window_frac": 0.1, "f": 0.98, "status": "ok", "t_c": 525, "t_fc": 610, "err_cross": -4, "err_lag": -4, "err_ref": -3, "secs": 0.3}
{"seed": 9310231, "family": "rate", "window_frac": 0.25, "f": 0.8, "status": "ok", "t_c": 391, "t_fc": 616, "err_cross": 2, "err_lag": -4, "err_ref": -3, "secs": 0.19}
{"seed": 9310231, "family": "rate", "window_frac": 0.25, "f": 0.9, "status": "ok", "t_c": 464, "t_fc": 611, "err_cross": -3, "err_lag": -4, "err_ref": -3, "secs": 0.23}
{"seed": 9310231, "family": "rate", "window_frac": 0.25, "f": 0.95, "status": "ok", "t_c": 502, "t_fc": 611, "err_cross": -3, "err_lag": -3, "err_ref": -3, "secs": 0.2}
{"seed": 9310231, "family": "rate", "window_frac": 0.25, "f": 0.98, "status": "ok", "t_c": 525, "t_fc": 610, "err_cross": -4, "err_lag": -4, "err_ref": -3, "secs": 0.19}
{"seed": 9310231, "family": "lin", "window_frac": 0.05, "f": 0.8, "status": "ok", "t_c": 391, "t_fc": 581, "err_cross": -33, "err_lag": -1, "err_ref": -3, "secs": 0.19}
{"seed": 9310231, "family": "lin", "window_frac": 0.05, "f": 0.9, "status": "ok", "t_c": 464, "t_fc": 603, "err_cross": -11, "err_lag": -1, "err_ref": -3, "secs": 0.19}
{"seed": 9310231, "family": "lin", "window_frac": 0.05, "f": 0.95, "status": "ok", "t_c": 502, "t_fc": 609, "err_cross": -5, "err_lag": -1, "err_ref": -3, "secs": 0.18}
{"seed": 9310231, "family": "lin", "window_frac": 0.05, "f": 0.98, "status": "ok", "t_c": 525, "t_fc": 611, "err_cross": -3, "err_lag": -2, "err_ref": -3, "secs": 0.19}
{"seed": 9310231, "family": "lin", "window_frac": 0.1, "f": 0.8, "status": "ok", "t_c": 391, "t_fc": 581, "err_cross": -33, "err_lag": -1, "err_ref": -3, "secs": 0.18}
{"seed": 9310231, "family": "lin", "window_frac": 0.1, "f": 0.9, "status": "ok", "t_c": 464, "t_fc": 603, "err_cross": -11, "err_lag": -1, "err_ref": -3, "secs": 0.18}
{"seed": 9310231, "family": "lin", "window_frac": 0.1, "f": 0.95, "status": "ok", "t_c": 502, "t_fc": 609, "err_cross": -5, "err_lag": -1, "err_ref": -3, "secs": 0.2}
{"seed": 9310231, "family": "lin", "window_frac": 0.1, "f": 0.98, "status": "ok", "t_c": 525, "t_fc": 611, "err_cross": -3, "err_lag": -2, "err_ref": -3, "secs": 0.18}
{"seed": 9310231, "family": "lin", "window_frac": 0.25, "f": 0.8, "status": "ok", "t_c": 391, "t_fc": 581, "err_cross": -33, "err_lag": -1, "err_ref": -3, "secs": 0.19}
{"seed": 9310231, "family": "lin", "window_frac": 0.25, "f": 0.9, "status": "ok", "t_c": 464, "t_fc": 601, "err_cross": -13, "err_lag": -2, "err_ref": -3, "secs": 0.2}
{"seed": 9310231, "family": "lin", "window_frac": 0.25, "f": 0.95, "status": "ok", "t_c": 502, "t_fc": 608, "err_cross": -6, "err_lag": -1, "err_ref": -3, "secs": 0.18}
{"seed": 9310231, "family": "lin", "window_frac": 0.25, "f": 0.98, "status": "ok", "t_c": 525, "t_fc": 611, "err_cross": -3, "err_lag": -1, "err_ref": -3, "secs": 0.19}
{"seed": 9310232, "family": "quad", "window_frac": 0.05, "f": 0.8, "status": "ok", "t_c": 580, "t_fc": 883, "err_cross": 16, "err_lag": -8, "err_ref": -4, "secs": 0.29}
{"seed": 9310232, "family": "quad", "window_frac": 0.05, "f": 0.9, "status": "ok", "t_c": 679, "t_fc": 864, "err_cross": -3, "err_lag": -5, "err_ref": -4, "secs": 0.28}
{"seed": 9310232, "family": "quad", "window_frac": 0.05, "f": 0.95, "status": "ok", "t_c": 730, "t_fc": 863, "err_cross": -4, "err_lag": -4, "err_ref": -4, "secs": 0.28}
{"seed": 9310232, "family": "quad", "window_frac": 0.05, "f": 0.98, "status": "ok", "t_c": 762, "t_fc": 863, "err_cross": -4, "err_lag": -4, "err_ref": -4, "secs": 0.28}
{"seed": 9310232, "family": "quad", "window_frac": 0.1, "f": 0.8, "status": "ok", "t_c": 580, "t_fc": 883, "err_cross": 16, "err_lag": -8, "err_ref": -4, "secs": 0.2}
{"seed": 9310232, "family": "quad", "window_frac": 0.1, "f": 0.9, "status": "ok", "t_c": 679, "t_fc": 864, "err_cross": -3, "err_lag": -5, "err_ref": -4, "secs": 0.19}
{"seed": 9310232, "family": "quad", "window_frac": 0.1, "f": 0.95, "status": "ok", "t_c": 730, "t_fc": 863, "err_cross": -4, "err_lag": -4, "err_ref": -4, "secs": 0.2}
{"seed": 9310232, "family": "quad", "window_frac": 0.1, "f": 0.98, "status": "ok", "t_c": 762, "t_fc": 863, "err_cross": -4, "err_lag": -4, "err_ref": -4, "secs": 0.19}
{"seed": 9310232, "family": "quad", "window_frac": 0.25, "f": 0.8, "status": "ok", "t_c": 580, "t_fc": 887, "err_cross": 20, "err_lag": -8, "err_ref": -4, "secs": 0.19}
{"seed": 9310232, "family": "quad", "window_frac": 0.25, "f": 0.9, "status": "ok", "t_c": 679, "t_fc": 865, "err_cross": -2, "err_lag": -6, "err_ref": -4, "secs": 0.2}
{"seed": 9310232, "family": "quad", "window_frac": 0.25, "f": 0.95, "status": "ok", "t_c": 730, "t_fc": 863, "err_cross": -4, "err_lag": -5, "err_ref": -4, "secs": 0.2}
{"seed": 9310232, "family": "quad", "window_frac": 0.25, "f": 0.98, "status": "ok", "t_c": 762, "t_fc": 863, "err_cross": -4, "err_lag": -4, "err_ref": -4, "secs": 0.19}
{"seed": 9310232, "family": "rate", "window_frac": 0.05, "f": 0.8, "status": "ok", "t_c": 580, "t_fc": 870, "err_cross": 3, "err_lag": -4, "err_ref": -4, "secs": 0.2}
{"seed": 9310232, "family": "rate", "window_frac": 0.05, "f": 0.9, "status": "ok", "t_c": 679, "t_fc": 864, "err_cross": -3, "err_lag": -4, "err_ref": -4, "secs": 0.19}
{"seed": 9310232, "family": "rate", "window_frac": 0.05, "f": 0.95, "status": "ok", "t_c": 730, "t_fc": 863, "err_cross": -4, "err_lag": -4, "err_ref": -4, "secs": 0.2}
{"seed": 9310232, "family": "rate", "window_frac": 0.05, "f": 0.98, "status": "ok", "t_c": 762, "t_fc": 863, "err_cross": -4, "err_lag": -4, "err_ref": -4, "secs": 0.2}
{"seed": 9310232, "family": "rate", "window_frac": 0.1, "f": 0.8, "status": "ok", "t_c": 580, "t_fc": 870, "err_cross": 3, "err_lag": -4, "err_ref": -4, "secs": 0.29}
{"seed": 9310232, "family": "rate", "window_frac": 0.1, "f": 0.9, "status": "ok", "t_c": 679, "t_fc": 864, "err_cross": -3, "err_lag": -4, "err_ref": -4, "secs": 0.21}
{"seed": 9310232, "family": "rate", "window_frac": 0.1, "f": 0.95, "status": "ok", "t_c": 730, "t_fc": 863, "err_cross": -4, "err_lag": -4, "err_ref": -4, "secs": 0.2}
{"seed": 9310232, "family": "rate", "window_frac": 0.1, "f": 0.98, "status": "ok", "t_c": 762, "t_fc": 863, "err_cross": -4, "err_lag": -4, "err_ref": -4, "secs": 0.2}
{"seed": 9310232, "family": "rate", "window_frac": 0.25, "f": 0.8, "status": "ok", "t_c": 580, "t_fc": 871, "err_cross": 4, "err_lag": -4, "err_ref": -4, "secs": 0.19}
{"seed": 9310232, "family": "rate", "window_frac": 0.25, "f": 0.9, "status": "ok", "t_c": 679, "t_fc": 864, "err_cross": -3, "err_lag": -4, "err_ref": -4, "secs": 0.2}
{"seed": 9310232, "family": "rate", "window_frac": 0.25, "f": 0.95, "status": "ok", "t_c": 730, "t_fc": 863, "err_cross": -4, "err_lag": -4, "err_ref": -4, "secs": 0.2}
{"seed": 9310232, "family": "rate", "window_frac": 0.25, "f": 0.98, "status": "ok", "t_c": 762, "t_fc": 863, "err_cross": -4, "err_lag": -4, "err_ref": -4, "secs": 0.19}
{"seed": 9310232, "family": "lin", "window_frac": 0.05, "f": 0.8, "status": "ok", "t_c": 580, "t_fc": 825, "err_cross": -42, "err_lag": -1, "err_ref": -4, "secs": 0.2}
{"seed": 9310232, "family": "lin", "window_frac": 0.05, "f": 0.9, "status": "ok", "t_c": 679, "t_fc": 853, "err_cross": -14, "err_lag": -2, "err_ref": -4, "secs": 0.2}
{"seed": 9310232, "family": "lin", "window_frac": 0.05, "f": 0.95, "status": "ok", "t_c": 730, "t_fc": 861, "err_cross": -6, "err_lag": -2, "err_ref": -4, "secs": 0.19}
{"seed": 9310232, "family": "lin", "window_frac": 0.05, "f": 0.98, "status": "ok", "t_c": 762, "t_fc": 864, "err_cross": -3, "err_lag": -2, "err_ref": -4, "secs": 0.2}
{"seed": 9310232, "family": "lin", "window_frac": 0.1, "f": 0.8, "status": "ok", "t_c": 580, "t_fc": 825, "err_cross": -42, "err_lag": -1, "err_ref": -4, "secs": 0.2}
{"seed": 9310232, "family": "lin", "window_frac": 0.1, "f": 0.9, "status": "ok", "t_c": 679, "t_fc": 853, "err_cross": -14, "err_lag": -2, "err_ref": -4, "secs": 0.19}
{"seed": 9310232, "family": "lin", "window_frac": 0.1, "f": 0.95, "status": "ok", "t_c": 730, "t_fc": 861, "err_cross": -6, "err_lag": -2, "err_ref": -4, "secs": 0.2}
{"seed": 9310232, "family": "lin", "window_frac": 0.1, "f": 0.98, "status": "ok", "t_c": 762, "t_fc": 864, "err_cross": -3, "err_lag": -2, "err_ref": -4, "secs": 0.19}
{"seed": 9310232, "family": "lin", "window_frac": 0.25, "f": 0.8, "status": "ok", "t_c": 580, "t_fc": 822, "err_cross": -45, "err_lag": -2, "err_ref": -4, "secs": 0.19}
{"seed": 9310232, "family": "lin", "window_frac": 0.25, "f": 0.9, "status": "ok", "t_c": 679, "t_fc": 850, "err_cross": -17, "err_lag": -2, "err_ref": -4, "secs": 0.3}
{"seed": 9310232, "family": "lin", "window_frac": 0.25, "f": 0.95, "status": "ok", "t_c": 730, "t_fc": 859, "err_cross": -8, "err_lag": -2, "err_ref": -4, "secs": 0.19}
{"seed": 9310232, "family": "lin", "window_frac": 0.25, "f": 0.98, "status": "ok", "t_c": 762, "t_fc": 863, "err_cross": -4, "err_lag": -2, "err_ref": -4, "secs": 0.19}
{"seed": 9310233, "family": "quad", "window_frac": 0.05, "f": 0.8, "status": "no cutoff: s never reaches f\u00b7s_ref in the saved path", "t_c": null, "t_fc": null, "err_cross": null, "err_lag": null, "err_ref": null, "secs": 0.0}
{"seed": 9310233, "family": "quad", "window_frac": 0.05, "f": 0.9, "status": "no cutoff: s never reaches f\u00b7s_ref in the saved path", "t_c": null, "t_fc": null, "err_cross": null, "err_lag": null, "err_ref": null, "secs": 0.0}
{"seed": 9310233, "family": "quad", "window_frac": 0.05, "f": 0.95, "status": "no cutoff: s never reaches f\u00b7s_ref in the saved path", "t_c": null, "t_fc": null, "err_cross": null, "err_lag": null, "err_ref": null, "secs": 0.0}
{"seed": 9310233, "family": "quad", "window_frac": 0.05, "f": 0.98, "status": "no cutoff: s never reaches f\u00b7s_ref in the saved path", "t_c": null, "t_fc": null, "err_cross": null, "err_lag": null, "err_ref": null, "secs": 0.0}
{"seed": 9310233, "family": "quad", "window_frac": 0.1, "f": 0.8, "status": "no cutoff: s never reaches f\u00b7s_ref in the saved path", "t_c": null, "t_fc": null, "err_cross": null, "err_lag": null, "err_ref": null, "secs": 0.0}
{"seed": 9310233, "family": "quad", "window_frac": 0.1, "f": 0.9, "status": "no cutoff: s never reaches f\u00b7s_ref in the saved path", "t_c": null, "t_fc": null, "err_cross": null, "err_lag": null, "err_ref": null, "secs": 0.0}
{"seed": 9310233, "family": "quad", "window_frac": 0.1, "f": 0.95, "status": "no cutoff: s never reaches f\u00b7s_ref in the saved path", "t_c": null, "t_fc": null, "err_cross": null, "err_lag": null, "err_ref": null, "secs": 0.0}
{"seed": 9310233, "family": "quad", "window_frac": 0.1, "f": 0.98, "status": "no cutoff: s never reaches f\u00b7s_ref in the saved path", "t_c": null, "t_fc": null, "err_cross": null, "err_lag": null, "err_ref": null, "secs": 0.0}
{"seed": 9310233, "family": "quad", "window_frac": 0.25, "f": 0.8, "status": "no cutoff: s never reaches f\u00b7s_ref in the saved path", "t_c": null, "t_fc": null, "err_cross": null, "err_lag": null, "err_ref": null, "secs": 0.0}
{"seed": 9310233, "family": "quad", "window_frac": 0.25, "f": 0.9, "status": "no cutoff: s never reaches f\u00b7s_ref in the saved path", "t_c": null, "t_fc": null, "err_cross": null, "err_lag": null, "err_ref": null, "secs": 0.0}
{"seed": 9310233, "family": "quad", "window_frac": 0.25, "f": 0.95, "status": "no cutoff: s never reaches f\u00b7s_ref in the saved path", "t_c": null, "t_fc": null, "err_cross": null, "err_lag": null, "err_ref": null, "secs": 0.0}
{"seed": 9310233, "family": "quad", "window_frac": 0.25, "f": 0.98, "status": "no cutoff: s never reaches f\u00b7s_ref in the saved path", "t_c": null, "t_fc": null, "err_cross": null, "err_lag": null, "err_ref": null, "secs": 0.0}
{"seed": 9310233, "family": "rate", "window_frac": 0.05, "f": 0.8, "status": "no cutoff: s never reaches f\u00b7s_ref in the saved path", "t_c": null, "t_fc": null, "err_cross": null, "err_lag": null, "err_ref": null, "secs": 0.0}
{"seed": 9310233, "family": "rate", "window_frac": 0.05, "f": 0.9, "status": "no cutoff: s never reaches f\u00b7s_ref in the saved path", "t_c": null, "t_fc": null, "err_cross": null, "err_lag": null, "err_ref": null, "secs": 0.0}
{"seed": 9310233, "family": "rate", "window_frac": 0.05, "f": 0.95, "status": "no cutoff: s never reaches f\u00b7s_ref in the saved path", "t_c": null, "t_fc": null, "err_cross": null, "err_lag": null, "err_ref": null, "secs": 0.0}
{"seed": 9310233, "family": "rate", "window_frac": 0.05, "f": 0.98, "status": "no cutoff: s never reaches f\u00b7s_ref in the saved path", "t_c": null, "t_fc": null, "err_cross": null, "err_lag": null, "err_ref": null, "secs": 0.0}
{"seed": 9310233, "family": "rate", "window_frac": 0.1, "f": 0.8, "status": "no cutoff: s never reaches f\u00b7s_ref in the saved path", "t_c": null, "t_fc": null, "err_cross": null, "err_lag": null, "err_ref": null, "secs": 0.0}
{"seed": 9310233, "family": "rate", "window_frac": 0.1, "f": 0.9, "status": "no cutoff: s never reaches f\u00b7s_ref in the saved path", "t_c": null, "t_fc": null, "err_cross": null, "err_lag": null, "err_ref": null, "secs": 0.0}
{"seed": 9310233, "family": "rate", "window_frac": 0.1, "f": 0.95, "status": "no cutoff: s never reaches f\u00b7s_ref in the saved path", "t_c": null, "t_fc": null, "err_cross": null, "err_lag": null, "err_ref": null, "secs": 0.0}
{"seed": 9310233, "family": "rate", "window_frac": 0.1, "f": 0.98, "status": "no cutoff: s never reaches f\u00b7s_ref in the saved path", "t_c": null, "t_fc": null, "err_cross": null, "err_lag": null, "err_ref": null, "secs": 0.0}
{"seed": 9310233, "family": "rate", "window_frac": 0.25, "f": 0.8, "status": "no cutoff: s never reaches f\u00b7s_ref in the saved path", "t_c": null, "t_fc": null, "err_cross": null, "err_lag": null, "err_ref": null, "secs": 0.0}
{"seed": 9310233, "family": "rate", "window_frac": 0.25, "f": 0.9, "status": "no cutoff: s never reaches f\u00b7s_ref in the saved path", "t_c": null, "t_fc": null, "err_cross": null, "err_lag": null, "err_ref": null, "secs": 0.0}
{"seed": 9310233, "family": "rate", "window_frac": 0.25, "f": 0.95, "status": "no cutoff: s never reaches f\u00b7s_ref in the saved path", "t_c": null, "t_fc": null, "err_cross": null, "err_lag": null, "err_ref": null, "secs": 0.0}
{"seed": 9310233, "family": "rate", "window_frac": 0.25, "f": 0.98, "status": "no cutoff: s never reaches f\u00b7s_ref in the saved path", "t_c": null, "t_fc": null, "err_cross": null, "err_lag": null, "err_ref": null, "secs": 0.0}
{"seed": 9310233, "family": "lin", "window_frac": 0.05, "f": 0.8, "status": "no cutoff: s never reaches f\u00b7s_ref in the saved path", "t_c": null, "t_fc": null, "err_cross": null, "err_lag": null, "err_ref": null, "secs": 0.0}
{"seed": 9310233, "family": "lin", "window_frac": 0.05, "f": 0.9, "status": "no cutoff: s never reaches f\u00b7s_ref in the saved path", "t_c": null, "t_fc": null, "err_cross": null, "err_lag": null, "err_ref": null, "secs": 0.0}
{"seed": 9310233, "family": "lin", "window_frac": 0.05, "f": 0.95, "status": "no cutoff: s never reaches f\u00b7s_ref in the saved path", "t_c": null, "t_fc": null, "err_cross": null, "err_lag": null, "err_ref": null, "secs": 0.0}
{"seed": 9310233, "family": "lin", "window_frac": 0.05, "f": 0.98, "status": "no cutoff: s never reaches f\u00b7s_ref in the saved path", "t_c": null, "t_fc": null, "err_cross": null, "err_lag": null, "err_ref": null, "secs": 0.0}
{"seed": 9310233, "family": "lin", "window_frac": 0.1, "f": 0.8, "status": "no cutoff: s never reaches f\u00b7s_ref in the saved path", "t_c": null, "t_fc": null, "err_cross": null, "err_lag": null, "err_ref": null, "secs": 0.0}
{"seed": 9310233, "family": "lin", "window_frac": 0.1, "f": 0.9, "status": "no cutoff: s never reaches f\u00b7s_ref in the saved path", "t_c": null, "t_fc": null, "err_cross": null, "err_lag": null, "err_ref": null, "secs": 0.0}
{"seed": 9310233, "family": "lin", "window_frac": 0.1, "f": 0.95, "status": "no cutoff: s never reaches f\u00b7s_ref in the saved path", "t_c": null, "t_fc": null, "err_cross": null, "err_lag": null, "err_ref": null, "secs": 0.0}
{"seed": 9310233, "family": "lin", "window_frac": 0.1, "f": 0.98, "status": "no cutoff: s never reaches f\u00b7s_ref in the saved path", "t_c": null, "t_fc": null, "err_cross": null, "err_lag": null, "err_ref": null, "secs": 0.0}
{"seed": 9310233, "family": "lin", "window_frac": 0.25, "f": 0.8, "status": "no cutoff: s never reaches f\u00b7s_ref in the saved path", "t_c": null, "t_fc": null, "err_cross": null, "err_lag": null, "err_ref": null, "secs": 0.0}
{"seed": 9310233, "family": "lin", "window_frac": 0.25, "f": 0.9, "status": "no cutoff: s never reaches f\u00b7s_ref in the saved path", "t_c": null, "t_fc": null, "err_cross": null, "err_lag": null, "err_ref": null, "secs": 0.0}
{"seed": 9310233, "family": "lin", "window_frac": 0.25, "f": 0.95, "status": "no cutoff: s never reaches f\u00b7s_ref in the saved path", "t_c": null, "t_fc": null, "err_cross": null, "err_lag": null, "err_ref": null, "secs": 0.0}
{"seed": 9310233, "family": "lin", "window_frac": 0.25, "f": 0.98, "status": "no cutoff: s never reaches f\u00b7s_ref in the saved path", "t_c": null, "t_fc": null, "err_cross": null, "err_lag": null, "err_ref": null, "secs": 0.0}
{"seed": 9310234, "family": "quad", "window_frac": 0.05, "f": 0.8, "status": "no cutoff: s never reaches f\u00b7s_ref in the saved path", "t_c": null, "t_fc": null, "err_cross": null, "err_lag": null, "err_ref": null, "secs": 0.0}
{"seed": 9310234, "family": "quad", "window_frac": 0.05, "f": 0.9, "status": "no cutoff: s never reaches f\u00b7s_ref in the saved path", "t_c": null, "t_fc": null, "err_cross": null, "err_lag": null, "err_ref": null, "secs": 0.0}
{"seed": 9310234, "family": "quad", "window_frac": 0.05, "f": 0.95, "status": "no cutoff: s never reaches f\u00b7s_ref in the saved path", "t_c": null, "t_fc": null, "err_cross": null, "err_lag": null, "err_ref": null, "secs": 0.0}
{"seed": 9310234, "family": "quad", "window_frac": 0.05, "f": 0.98, "status": "no cutoff: s never reaches f\u00b7s_ref in the saved path", "t_c": null, "t_fc": null, "err_cross": null, "err_lag": null, "err_ref": null, "secs": 0.0}
{"seed": 9310234, "family": "quad", "window_frac": 0.1, "f": 0.8, "status": "no cutoff: s never reaches f\u00b7s_ref in the saved path", "t_c": null, "t_fc": null, "err_cross": null, "err_lag": null, "err_ref": null, "secs": 0.0}
{"seed": 9310234, "family": "quad", "window_frac": 0.1, "f": 0.9, "status": "no cutoff: s never reaches f\u00b7s_ref in the saved path", "t_c": null, "t_fc": null, "err_cross": null, "err_lag": null, "err_ref": null, "secs": 0.0}
{"seed": 9310234, "family": "quad", "window_frac": 0.1, "f": 0.95, "status": "no cutoff: s never reaches f\u00b7s_ref in the saved path", "t_c": null, "t_fc": null, "err_cross": null, "err_lag": null, "err_ref": null, "secs": 0.0}
{"seed": 9310234, "family": "quad", "window_frac": 0.1, "f": 0.98, "status": "no cutoff: s never reaches f\u00b7s_ref in the saved path", "t_c": null, "t_fc": null, "err_cross": null, "err_lag": null, "err_ref": null, "secs": 0.0}
{"seed": 9310234, "family": "quad", "window_frac": 0.25, "f": 0.8, "status": "no cutoff: s never reaches f\u00b7s_ref in the saved path", "t_c": null, "t_fc": null, "err_cross": null, "err_lag": null, "err_ref": null, "secs": 0.0}
{"seed": 9310234, "family": "quad", "window_frac": 0.25, "f": 0.9, "status": "no cutoff: s never reaches f\u00b7s_ref in the saved path", "t_c": null, "t_fc": null, "err_cross": null, "err_lag": null, "err_ref": null, "secs": 0.0}
{"seed": 9310234, "family": "quad", "window_frac": 0.25, "f": 0.95, "status": "no cutoff: s never reaches f\u00b7s_ref in the saved path", "t_c": null, "t_fc": null, "err_cross": null, "err_lag": null, "err_ref": null, "secs": 0.0}
{"seed": 9310234, "family": "quad", "window_frac": 0.25, "f": 0.98, "status": "no cutoff: s never reaches f\u00b7s_ref in the saved path", "t_c": null, "t_fc": null, "err_cross": null, "err_lag": null, "err_ref": null, "secs": 0.0}
{"seed": 9310234, "family": "rate", "window_frac": 0.05, "f": 0.8, "status": "no cutoff: s never reaches f\u00b7s_ref in the saved path", "t_c": null, "t_fc": null, "err_cross": null, "err_lag": null, "err_ref": null, "secs": 0.0}
{"seed": 9310234, "family": "rate", "window_frac": 0.05, "f": 0.9, "status": "no cutoff: s never reaches f\u00b7s_ref in the saved path", "t_c": null, "t_fc": null, "err_cross": null, "err_lag": null, "err_ref": null, "secs": 0.0}
{"seed": 9310234, "family": "rate", "window_frac": 0.05, "f": 0.95, "status": "no cutoff: s never reaches f\u00b7s_ref in the saved path", "t_c": null, "t_fc": null, "err_cross": null, "err_lag": null, "err_ref": null, "secs": 0.0}
{"seed": 9310234, "family": "rate", "window_frac": 0.05, "f": 0.98, "status": "no cutoff: s never reaches f\u00b7s_ref in the saved path", "t_c": null, "t_fc": null, "err_cross": null, "err_lag": null, "err_ref": null, "secs": 0.0}
{"seed": 9310234, "family": "rate", "window_frac": 0.1, "f": 0.8, "status": "no cutoff: s never reaches f\u00b7s_ref in the saved path", "t_c": null, "t_fc": null, "err_cross": null, "err_lag": null, "err_ref": null, "secs": 0.0}
{"seed": 9310234, "family": "rate", "window_frac": 0.1, "f": 0.9, "status": "no cutoff: s never reaches f\u00b7s_ref in the saved path", "t_c": null, "t_fc": null, "err_cross": null, "err_lag": null, "err_ref": null, "secs": 0.0}
{"seed": 9310234, "family": "rate", "window_frac": 0.1, "f": 0.95, "status": "no cutoff: s never reaches f\u00b7s_ref in the saved path", "t_c": null, "t_fc": null, "err_cross": null, "err_lag": null, "err_ref": null, "secs": 0.0}
{"seed": 9310234, "family": "rate", "window_frac": 0.1, "f": 0.98, "status": "no cutoff: s never reaches f\u00b7s_ref in the saved path", "t_c": null, "t_fc": null, "err_cross": null, "err_lag": null, "err_ref": null, "secs": 0.0}
{"seed": 9310234, "family": "rate", "window_frac": 0.25, "f": 0.8, "status": "no cutoff: s never reaches f\u00b7s_ref in the saved path", "t_c": null, "t_fc": null, "err_cross": null, "err_lag": null, "err_ref": null, "secs": 0.0}
{"seed": 9310234, "family": "rate", "window_frac": 0.25, "f": 0.9, "status": "no cutoff: s never reaches f\u00b7s_ref in the saved path", "t_c": null, "t_fc": null, "err_cross": null, "err_lag": null, "err_ref": null, "secs": 0.0}
{"seed": 9310234, "family": "rate", "window_frac": 0.25, "f": 0.95, "status": "no cutoff: s never reaches f\u00b7s_ref in the saved path", "t_c": null, "t_fc": null, "err_cross": null, "err_lag": null, "err_ref": null, "secs": 0.0}
{"seed": 9310234, "family": "rate", "window_frac": 0.25, "f": 0.98, "status": "no cutoff: s never reaches f\u00b7s_ref in the saved path", "t_c": null, "t_fc": null, "err_cross": null, "err_lag": null, "err_ref": null, "secs": 0.0}
{"seed": 9310234, "family": "lin", "window_frac": 0.05, "f": 0.8, "status": "no cutoff: s never reaches f\u00b7s_ref in the saved path", "t_c": null, "t_fc": null, "err_cross": null, "err_lag": null, "err_ref": null, "secs": 0.0}
{"seed": 9310234, "family": "lin", "window_frac": 0.05, "f": 0.9, "status": "no cutoff: s never reaches f\u00b7s_ref in the saved path", "t_c": null, "t_fc": null, "err_cross": null, "err_lag": null, "err_ref": null, "secs": 0.0}
{"seed": 9310234, "family": "lin", "window_frac": 0.05, "f": 0.95, "status": "no cutoff: s never reaches f\u00b7s_ref in the saved path", "t_c": null, "t_fc": null, "err_cross": null, "err_lag": null, "err_ref": null, "secs": 0.0}
{"seed": 9310234, "family": "lin", "window_frac": 0.05, "f": 0.98, "status": "no cutoff: s never reaches f\u00b7s_ref in the saved path", "t_c": null, "t_fc": null, "err_cross": null, "err_lag": null, "err_ref": null, "secs": 0.0}
{"seed": 9310234, "family": "lin", "window_frac": 0.1, "f": 0.8, "status": "no cutoff: s never reaches f\u00b7s_ref in the saved path", "t_c": null, "t_fc": null, "err_cross": null, "err_lag": null, "err_ref": null, "secs": 0.0}
{"seed": 9310234, "family": "lin", "window_frac": 0.1, "f": 0.9, "status": "no cutoff: s never reaches f\u00b7s_ref in the saved path", "t_c": null, "t_fc": null, "err_cross": null, "err_lag": null, "err_ref": null, "secs": 0.0}
{"seed": 9310234, "family": "lin", "window_frac": 0.1, "f": 0.95, "status": "no cutoff: s never reaches f\u00b7s_ref in the saved path", "t_c": null, "t_fc": null, "err_cross": null, "err_lag": null, "err_ref": null, "secs": 0.0}
{"seed": 9310234, "family": "lin", "window_frac": 0.1, "f": 0.98, "status": "no cutoff: s never reaches f\u00b7s_ref in the saved path", "t_c": null, "t_fc": null, "err_cross": null, "err_lag": null, "err_ref": null, "secs": 0.0}
{"seed": 9310234, "family": "lin", "window_frac": 0.25, "f": 0.8, "status": "no cutoff: s never reaches f\u00b7s_ref in the saved path", "t_c": null, "t_fc": null, "err_cross": null, "err_lag": null, "err_ref": null, "secs": 0.0}
{"seed": 9310234, "family": "lin", "window_frac": 0.25, "f": 0.9, "status": "no cutoff: s never reaches f\u00b7s_ref in the saved path", "t_c": null, "t_fc": null, "err_cross": null, "err_lag": null, "err_ref": null, "secs": 0.0}
{"seed": 9310234, "family": "lin", "window_frac": 0.25, "f": 0.95, "status": "no cutoff: s never reaches f\u00b7s_ref in the saved path", "t_c": null, "t_fc": null, "err_cross": null, "err_lag": null, "err_ref": null, "secs": 0.0}
{"seed": 9310234, "family": "lin", "window_frac": 0.25, "f": 0.98, "status": "no cutoff: s never reaches f\u00b7s_ref in the saved path", "t_c": null, "t_fc": null, "err_cross": null, "err_lag": null, "err_ref": null, "secs": 0.0}
{"seed": 9310235, "family": "quad", "window_frac": 0.05, "f": 0.8, "status": "ok", "t_c": 966, "t_fc": 1278, "err_cross": 17, "err_lag": -8, "err_ref": -4, "secs": 0.28}
{"seed": 9310235, "family": "quad", "window_frac": 0.05, "f": 0.9, "status": "ok", "t_c": 1068, "t_fc": 1258, "err_cross": -3, "err_lag": -6, "err_ref": -4, "secs": 0.29}
{"seed": 9310235, "family": "quad", "window_frac": 0.05, "f": 0.95, "status": "ok", "t_c": 1122, "t_fc": 1257, "err_cross": -4, "err_lag": -5, "err_ref": -4, "secs": 0.27}
{"seed": 9310235, "family": "quad", "window_frac": 0.05, "f": 0.98, "status": "ok", "t_c": 1155, "t_fc": 1257, "err_cross": -4, "err_lag": -4, "err_ref": -4, "secs": 0.28}
{"seed": 9310235, "family": "quad", "window_frac": 0.1, "f": 0.8, "status": "ok", "t_c": 966, "t_fc": 1278, "err_cross": 17, "err_lag": -8, "err_ref": -4, "secs": 0.2}
{"seed": 9310235, "family": "quad", "window_frac": 0.1, "f": 0.9, "status": "ok", "t_c": 1068, "t_fc": 1258, "err_cross": -3, "err_lag": -6, "err_ref": -4, "secs": 0.2}
{"seed": 9310235, "family": "quad", "window_frac": 0.1, "f": 0.95, "status": "ok", "t_c": 1122, "t_fc": 1257, "err_cross": -4, "err_lag": -5, "err_ref": -4, "secs": 0.2}
{"seed": 9310235, "family": "quad", "window_frac": 0.1, "f": 0.98, "status": "ok", "t_c": 1155, "t_fc": 1257, "err_cross": -4, "err_lag": -4, "err_ref": -4, "secs": 0.19}
{"seed": 9310235, "family": "quad", "window_frac": 0.25, "f": 0.8, "status": "ok", "t_c": 966, "t_fc": 1288, "err_cross": 27, "err_lag": -9, "err_ref": -4, "secs": 0.18}
{"seed": 9310235, "family": "quad", "window_frac": 0.25, "f": 0.9, "status": "ok", "t_c": 1068, "t_fc": 1260, "err_cross": -1, "err_lag": -6, "err_ref": -4, "secs": 0.19}
{"seed": 9310235, "family": "quad", "window_frac": 0.25, "f": 0.95, "status": "ok", "t_c": 1122, "t_fc": 1257, "err_cross": -4, "err_lag": -5, "err_ref": -4, "secs": 0.2}
{"seed": 9310235, "family": "quad", "window_frac": 0.25, "f": 0.98, "status": "ok", "t_c": 1155, "t_fc": 1257, "err_cross": -4, "err_lag": -5, "err_ref": -4, "secs": 0.19}
{"seed": 9310235, "family": "rate", "window_frac": 0.05, "f": 0.8, "status": "ok", "t_c": 966, "t_fc": 1264, "err_cross": 3, "err_lag": -5, "err_ref": -4, "secs": 0.19}
{"seed": 9310235, "family": "rate", "window_frac": 0.05, "f": 0.9, "status": "ok", "t_c": 1068, "t_fc": 1258, "err_cross": -3, "err_lag": -4, "err_ref": -4, "secs": 0.18}
{"seed": 9310235, "family": "rate", "window_frac": 0.05, "f": 0.95, "status": "ok", "t_c": 1122, "t_fc": 1257, "err_cross": -4, "err_lag": -4, "err_ref": -4, "secs": 0.18}
{"seed": 9310235, "family": "rate", "window_frac": 0.05, "f": 0.98, "status": "ok", "t_c": 1155, "t_fc": 1257, "err_cross": -4, "err_lag": -4, "err_ref": -4, "secs": 0.18}
{"seed": 9310235, "family": "rate", "window_frac": 0.1, "f": 0.8, "status": "ok", "t_c": 966, "t_fc": 1264, "err_cross": 3, "err_lag": -5, "err_ref": -4, "secs": 0.18}
{"seed": 9310235, "family": "rate", "window_frac": 0.1, "f": 0.9, "status": "ok", "t_c": 1068, "t_fc": 1258, "err_cross": -3, "err_lag": -4, "err_ref": -4, "secs": 0.18}
{"seed": 9310235, "family": "rate", "window_frac": 0.1, "f": 0.95, "status": "ok", "t_c": 1122, "t_fc": 1257, "err_cross": -4, "err_lag": -4, "err_ref": -4, "secs": 0.18}
{"seed": 9310235, "family": "rate", "window_frac": 0.1, "f": 0.98, "status": "ok", "t_c": 1155, "t_fc": 1257, "err_cross": -4, "err_lag": -4, "err_ref": -4, "secs": 0.18}
{"seed": 9310235, "family": "rate", "window_frac": 0.25, "f": 0.8, "status": "ok", "t_c": 966, "t_fc": 1267, "err_cross": 6, "err_lag": -5, "err_ref": -4, "secs": 0.18}
{"seed": 9310235, "family": "rate", "window_frac": 0.25, "f": 0.9, "status": "ok", "t_c": 1068, "t_fc": 1259, "err_cross": -2, "err_lag": -4, "err_ref": -4, "secs": 0.18}
{"seed": 9310235, "family": "rate", "window_frac": 0.25, "f": 0.95, "status": "ok", "t_c": 1122, "t_fc": 1257, "err_cross": -4, "err_lag": -5, "err_ref": -4, "secs": 0.18}
{"seed": 9310235, "family": "rate", "window_frac": 0.25, "f": 0.98, "status": "ok", "t_c": 1155, "t_fc": 1257, "err_cross": -4, "err_lag": -4, "err_ref": -4, "secs": 0.18}
{"seed": 9310235, "family": "lin", "window_frac": 0.05, "f": 0.8, "status": "ok", "t_c": 966, "t_fc": 1217, "err_cross": -44, "err_lag": -2, "err_ref": -4, "secs": 0.18}
{"seed": 9310235, "family": "lin", "window_frac": 0.05, "f": 0.9, "status": "ok", "t_c": 1068, "t_fc": 1247, "err_cross": -14, "err_lag": -2, "err_ref": -4, "secs": 0.18}
{"seed": 9310235, "family": "lin", "window_frac": 0.05, "f": 0.95, "status": "ok", "t_c": 1122, "t_fc": 1255, "err_cross": -6, "err_lag": -2, "err_ref": -4, "secs": 0.18}
{"seed": 9310235, "family": "lin", "window_frac": 0.05, "f": 0.98, "status": "ok", "t_c": 1155, "t_fc": 1258, "err_cross": -3, "err_lag": -2, "err_ref": -4, "secs": 0.19}
{"seed": 9310235, "family": "lin", "window_frac": 0.1, "f": 0.8, "status": "ok", "t_c": 966, "t_fc": 1217, "err_cross": -44, "err_lag": -2, "err_ref": -4, "secs": 0.18}
{"seed": 9310235, "family": "lin", "window_frac": 0.1, "f": 0.9, "status": "ok", "t_c": 1068, "t_fc": 1247, "err_cross": -14, "err_lag": -2, "err_ref": -4, "secs": 0.18}
{"seed": 9310235, "family": "lin", "window_frac": 0.1, "f": 0.95, "status": "ok", "t_c": 1122, "t_fc": 1255, "err_cross": -6, "err_lag": -2, "err_ref": -4, "secs": 0.18}
{"seed": 9310235, "family": "lin", "window_frac": 0.1, "f": 0.98, "status": "ok", "t_c": 1155, "t_fc": 1258, "err_cross": -3, "err_lag": -2, "err_ref": -4, "secs": 0.18}
{"seed": 9310235, "family": "lin", "window_frac": 0.25, "f": 0.8, "status": "ok", "t_c": 966, "t_fc": 1212, "err_cross": -49, "err_lag": -1, "err_ref": -4, "secs": 0.18}
{"seed": 9310235, "family": "lin", "window_frac": 0.25, "f": 0.9, "status": "ok", "t_c": 1068, "t_fc": 1242, "err_cross": -19, "err_lag": -2, "err_ref": -4, "secs": 0.19}
{"seed": 9310235, "family": "lin", "window_frac": 0.25, "f": 0.95, "status": "ok", "t_c": 1122, "t_fc": 1252, "err_cross": -9, "err_lag": -2, "err_ref": -4, "secs": 0.18}
{"seed": 9310235, "family": "lin", "window_frac": 0.25, "f": 0.98, "status": "ok", "t_c": 1155, "t_fc": 1257, "err_cross": -4, "err_lag": -2, "err_ref": -4, "secs": 0.18}
{"seed": 9310236, "family": "quad", "window_frac": 0.05, "f": 0.8, "status": "no cutoff: s never reaches f\u00b7s_ref in the saved path", "t_c": null, "t_fc": null, "err_cross": null, "err_lag": null, "err_ref": null, "secs": 0.09}
{"seed": 9310236, "family": "quad", "window_frac": 0.05, "f": 0.9, "status": "no cutoff: s never reaches f\u00b7s_ref in the saved path", "t_c": null, "t_fc": null, "err_cross": null, "err_lag": null, "err_ref": null, "secs": 0.09}
{"seed": 9310236, "family": "quad", "window_frac": 0.05, "f": 0.95, "status": "no cutoff: s never reaches f\u00b7s_ref in the saved path", "t_c": null, "t_fc": null, "err_cross": null, "err_lag": null, "err_ref": null, "secs": 0.09}
{"seed": 9310236, "family": "quad", "window_frac": 0.05, "f": 0.98, "status": "no cutoff: s never reaches f\u00b7s_ref in the saved path", "t_c": null, "t_fc": null, "err_cross": null, "err_lag": null, "err_ref": null, "secs": 0.09}
{"seed": 9310236, "family": "quad", "window_frac": 0.1, "f": 0.8, "status": "no cutoff: s never reaches f\u00b7s_ref in the saved path", "t_c": null, "t_fc": null, "err_cross": null, "err_lag": null, "err_ref": null, "secs": 0.0}
{"seed": 9310236, "family": "quad", "window_frac": 0.1, "f": 0.9, "status": "no cutoff: s never reaches f\u00b7s_ref in the saved path", "t_c": null, "t_fc": null, "err_cross": null, "err_lag": null, "err_ref": null, "secs": 0.0}
{"seed": 9310236, "family": "quad", "window_frac": 0.1, "f": 0.95, "status": "no cutoff: s never reaches f\u00b7s_ref in the saved path", "t_c": null, "t_fc": null, "err_cross": null, "err_lag": null, "err_ref": null, "secs": 0.0}
{"seed": 9310236, "family": "quad", "window_frac": 0.1, "f": 0.98, "status": "no cutoff: s never reaches f\u00b7s_ref in the saved path", "t_c": null, "t_fc": null, "err_cross": null, "err_lag": null, "err_ref": null, "secs": 0.0}
{"seed": 9310236, "family": "quad", "window_frac": 0.25, "f": 0.8, "status": "no cutoff: s never reaches f\u00b7s_ref in the saved path", "t_c": null, "t_fc": null, "err_cross": null, "err_lag": null, "err_ref": null, "secs": 0.0}
{"seed": 9310236, "family": "quad", "window_frac": 0.25, "f": 0.9, "status": "no cutoff: s never reaches f\u00b7s_ref in the saved path", "t_c": null, "t_fc": null, "err_cross": null, "err_lag": null, "err_ref": null, "secs": 0.0}
{"seed": 9310236, "family": "quad", "window_frac": 0.25, "f": 0.95, "status": "no cutoff: s never reaches f\u00b7s_ref in the saved path", "t_c": null, "t_fc": null, "err_cross": null, "err_lag": null, "err_ref": null, "secs": 0.0}
{"seed": 9310236, "family": "quad", "window_frac": 0.25, "f": 0.98, "status": "no cutoff: s never reaches f\u00b7s_ref in the saved path", "t_c": null, "t_fc": null, "err_cross": null, "err_lag": null, "err_ref": null, "secs": 0.0}
{"seed": 9310236, "family": "rate", "window_frac": 0.05, "f": 0.8, "status": "no cutoff: s never reaches f\u00b7s_ref in the saved path", "t_c": null, "t_fc": null, "err_cross": null, "err_lag": null, "err_ref": null, "secs": 0.0}
{"seed": 9310236, "family": "rate", "window_frac": 0.05, "f": 0.9, "status": "no cutoff: s never reaches f\u00b7s_ref in the saved path", "t_c": null, "t_fc": null, "err_cross": null, "err_lag": null, "err_ref": null, "secs": 0.0}
{"seed": 9310236, "family": "rate", "window_frac": 0.05, "f": 0.95, "status": "no cutoff: s never reaches f\u00b7s_ref in the saved path", "t_c": null, "t_fc": null, "err_cross": null, "err_lag": null, "err_ref": null, "secs": 0.0}
{"seed": 9310236, "family": "rate", "window_frac": 0.05, "f": 0.98, "status": "no cutoff: s never reaches f\u00b7s_ref in the saved path", "t_c": null, "t_fc": null, "err_cross": null, "err_lag": null, "err_ref": null, "secs": 0.0}
{"seed": 9310236, "family": "rate", "window_frac": 0.1, "f": 0.8, "status": "no cutoff: s never reaches f\u00b7s_ref in the saved path", "t_c": null, "t_fc": null, "err_cross": null, "err_lag": null, "err_ref": null, "secs": 0.0}
{"seed": 9310236, "family": "rate", "window_frac": 0.1, "f": 0.9, "status": "no cutoff: s never reaches f\u00b7s_ref in the saved path", "t_c": null, "t_fc": null, "err_cross": null, "err_lag": null, "err_ref": null, "secs": 0.0}
{"seed": 9310236, "family": "rate", "window_frac": 0.1, "f": 0.95, "status": "no cutoff: s never reaches f\u00b7s_ref in the saved path", "t_c": null, "t_fc": null, "err_cross": null, "err_lag": null, "err_ref": null, "secs": 0.0}
{"seed": 9310236, "family": "rate", "window_frac": 0.1, "f": 0.98, "status": "no cutoff: s never reaches f\u00b7s_ref in the saved path", "t_c": null, "t_fc": null, "err_cross": null, "err_lag": null, "err_ref": null, "secs": 0.0}
{"seed": 9310236, "family": "rate", "window_frac": 0.25, "f": 0.8, "status": "no cutoff: s never reaches f\u00b7s_ref in the saved path", "t_c": null, "t_fc": null, "err_cross": null, "err_lag": null, "err_ref": null, "secs": 0.0}
{"seed": 9310236, "family": "rate", "window_frac": 0.25, "f": 0.9, "status": "no cutoff: s never reaches f\u00b7s_ref in the saved path", "t_c": null, "t_fc": null, "err_cross": null, "err_lag": null, "err_ref": null, "secs": 0.0}
{"seed": 9310236, "family": "rate", "window_frac": 0.25, "f": 0.95, "status": "no cutoff: s never reaches f\u00b7s_ref in the saved path", "t_c": null, "t_fc": null, "err_cross": null, "err_lag": null, "err_ref": null, "secs": 0.0}
{"seed": 9310236, "family": "rate", "window_frac": 0.25, "f": 0.98, "status": "no cutoff: s never reaches f\u00b7s_ref in the saved path", "t_c": null, "t_fc": null, "err_cross": null, "err_lag": null, "err_ref": null, "secs": 0.0}
{"seed": 9310236, "family": "lin", "window_frac": 0.05, "f": 0.8, "status": "no cutoff: s never reaches f\u00b7s_ref in the saved path", "t_c": null, "t_fc": null, "err_cross": null, "err_lag": null, "err_ref": null, "secs": 0.0}
{"seed": 9310236, "family": "lin", "window_frac": 0.05, "f": 0.9, "status": "no cutoff: s never reaches f\u00b7s_ref in the saved path", "t_c": null, "t_fc": null, "err_cross": null, "err_lag": null, "err_ref": null, "secs": 0.0}
{"seed": 9310236, "family": "lin", "window_frac": 0.05, "f": 0.95, "status": "no cutoff: s never reaches f\u00b7s_ref in the saved path", "t_c": null, "t_fc": null, "err_cross": null, "err_lag": null, "err_ref": null, "secs": 0.0}
{"seed": 9310236, "family": "lin", "window_frac": 0.05, "f": 0.98, "status": "no cutoff: s never reaches f\u00b7s_ref in the saved path", "t_c": null, "t_fc": null, "err_cross": null, "err_lag": null, "err_ref": null, "secs": 0.0}
{"seed": 9310236, "family": "lin", "window_frac": 0.1, "f": 0.8, "status": "no cutoff: s never reaches f\u00b7s_ref in the saved path", "t_c": null, "t_fc": null, "err_cross": null, "err_lag": null, "err_ref": null, "secs": 0.0}
{"seed": 9310236, "family": "lin", "window_frac": 0.1, "f": 0.9, "status": "no cutoff: s never reaches f\u00b7s_ref in the saved path", "t_c": null, "t_fc": null, "err_cross": null, "err_lag": null, "err_ref": null, "secs": 0.0}
{"seed": 9310236, "family": "lin", "window_frac": 0.1, "f": 0.95, "status": "no cutoff: s never reaches f\u00b7s_ref in the saved path", "t_c": null, "t_fc": null, "err_cross": null, "err_lag": null, "err_ref": null, "secs": 0.0}
{"seed": 9310236, "family": "lin", "window_frac": 0.1, "f": 0.98, "status": "no cutoff: s never reaches f\u00b7s_ref in the saved path", "t_c": null, "t_fc": null, "err_cross": null, "err_lag": null, "err_ref": null, "secs": 0.0}
{"seed": 9310236, "family": "lin", "window_frac": 0.25, "f": 0.8, "status": "no cutoff: s never reaches f\u00b7s_ref in the saved path", "t_c": null, "t_fc": null, "err_cross": null, "err_lag": null, "err_ref": null, "secs": 0.0}
{"seed": 9310236, "family": "lin", "window_frac": 0.25, "f": 0.9, "status": "no cutoff: s never reaches f\u00b7s_ref in the saved path", "t_c": null, "t_fc": null, "err_cross": null, "err_lag": null, "err_ref": null, "secs": 0.0}
{"seed": 9310236, "family": "lin", "window_frac": 0.25, "f": 0.95, "status": "no cutoff: s never reaches f\u00b7s_ref in the saved path", "t_c": null, "t_fc": null, "err_cross": null, "err_lag": null, "err_ref": null, "secs": 0.0}
{"seed": 9310236, "family": "lin", "window_frac": 0.25, "f": 0.98, "status": "no cutoff: s never reaches f\u00b7s_ref in the saved path", "t_c": null, "t_fc": null, "err_cross": null, "err_lag": null, "err_ref": null, "secs": 0.0}
{"seed": 9310237, "family": "quad", "window_frac": 0.05, "f": 0.8, "status": "ok", "t_c": 733, "t_fc": 1042, "err_cross": 18, "err_lag": -8, "err_ref": -4, "secs": 0.27}
{"seed": 9310237, "family": "quad", "window_frac": 0.05, "f": 0.9, "status": "ok", "t_c": 833, "t_fc": 1021, "err_cross": -3, "err_lag": -5, "err_ref": -4, "secs": 0.27}
{"seed": 9310237, "family": "quad", "window_frac": 0.05, "f": 0.95, "status": "ok", "t_c": 885, "t_fc": 1019, "err_cross": -5, "err_lag": -5, "err_ref": -4, "secs": 0.27}
{"seed": 9310237, "family": "quad", "window_frac": 0.05, "f": 0.98, "status": "ok", "t_c": 917, "t_fc": 1019, "err_cross": -5, "err_lag": -5, "err_ref": -4, "secs": 0.27}
{"seed": 9310237, "family": "quad", "window_frac": 0.1, "f": 0.8, "status": "ok", "t_c": 733, "t_fc": 1042, "err_cross": 18, "err_lag": -8, "err_ref": -4, "secs": 0.19}
{"seed": 9310237, "family": "quad", "window_frac": 0.1, "f": 0.9, "status": "ok", "t_c": 833, "t_fc": 1021, "err_cross": -3, "err_lag": -5, "err_ref": -4, "secs": 0.19}
{"seed": 9310237, "family": "quad", "window_frac": 0.1, "f": 0.95, "status": "ok", "t_c": 885, "t_fc": 1019, "err_cross": -5, "err_lag": -5, "err_ref": -4, "secs": 0.19}
{"seed": 9310237, "family": "quad", "window_frac": 0.1, "f": 0.98, "status": "ok", "t_c": 917, "t_fc": 1019, "err_cross": -5, "err_lag": -5, "err_ref": -4, "secs": 0.19}
{"seed": 9310237, "family": "quad", "window_frac": 0.25, "f": 0.8, "status": "ok", "t_c": 733, "t_fc": 1049, "err_cross": 25, "err_lag": -9, "err_ref": -4, "secs": 0.19}
{"seed": 9310237, "family": "quad", "window_frac": 0.25, "f": 0.9, "status": "ok", "t_c": 833, "t_fc": 1022, "err_cross": -2, "err_lag": -6, "err_ref": -4, "secs": 0.19}
{"seed": 9310237, "family": "quad", "window_frac": 0.25, "f": 0.95, "status": "ok", "t_c": 885, "t_fc": 1020, "err_cross": -4, "err_lag": -5, "err_ref": -4, "secs": 0.19}
{"seed": 9310237, "family": "quad", "window_frac": 0.25, "f": 0.98, "status": "ok", "t_c": 917, "t_fc": 1019, "err_cross": -5, "err_lag": -5, "err_ref": -4, "secs": 0.19}
{"seed": 9310237, "family": "rate", "window_frac": 0.05, "f": 0.8, "status": "ok", "t_c": 733, "t_fc": 1027, "err_cross": 3, "err_lag": -5, "err_ref": -4, "secs": 0.19}
{"seed": 9310237, "family": "rate", "window_frac": 0.05, "f": 0.9, "status": "ok", "t_c": 833, "t_fc": 1020, "err_cross": -4, "err_lag": -5, "err_ref": -4, "secs": 0.19}
{"seed": 9310237, "family": "rate", "window_frac": 0.05, "f": 0.95, "status": "ok", "t_c": 885, "t_fc": 1020, "err_cross": -4, "err_lag": -4, "err_ref": -4, "secs": 0.19}
{"seed": 9310237, "family": "rate", "window_frac": 0.05, "f": 0.98, "status": "ok", "t_c": 917, "t_fc": 1020, "err_cross": -4, "err_lag": -4, "err_ref": -4, "secs": 0.2}
{"seed": 9310237, "family": "rate", "window_frac": 0.1, "f": 0.8, "status": "ok", "t_c": 733, "t_fc": 1027, "err_cross": 3, "err_lag": -5, "err_ref": -4, "secs": 0.2}
{"seed": 9310237, "family": "rate", "window_frac": 0.1, "f": 0.9, "status": "ok", "t_c": 833, "t_fc": 1020, "err_cross": -4, "err_lag": -5, "err_ref": -4, "secs": 0.2}
{"seed": 9310237, "family": "rate", "window_frac": 0.1, "f": 0.95, "status": "ok", "t_c": 885, "t_fc": 1020, "err_cross": -4, "err_lag": -4, "err_ref": -4, "secs": 0.21}
{"seed": 9310237, "family": "rate", "window_frac": 0.1, "f": 0.98, "status": "ok", "t_c": 917, "t_fc": 1020, "err_cross": -4, "err_lag": -4, "err_ref": -4, "secs": 0.34}
{"seed": 9310237, "family": "rate", "window_frac": 0.25, "f": 0.8, "status": "ok", "t_c": 733, "t_fc": 1029, "err_cross": 5, "err_lag": -5, "err_ref": -4, "secs": 0.23}
{"seed": 9310237, "family": "rate", "window_frac": 0.25, "f": 0.9, "status": "ok", "t_c": 833, "t_fc": 1021, "err_cross": -3, "err_lag": -5, "err_ref": -4, "secs": 0.22}
{"seed": 9310237, "family": "rate", "window_frac": 0.25, "f": 0.95, "status": "ok", "t_c": 885, "t_fc": 1020, "err_cross": -4, "err_lag": -4, "err_ref": -4, "secs": 0.19}
{"seed": 9310237, "family": "rate", "window_frac": 0.25, "f": 0.98, "status": "ok", "t_c": 917, "t_fc": 1020, "err_cross": -4, "err_lag": -4, "err_ref": -4, "secs": 0.2}
{"seed": 9310237, "family": "lin", "window_frac": 0.05, "f": 0.8, "status": "ok", "t_c": 733, "t_fc": 980, "err_cross": -44, "err_lag": -2, "err_ref": -4, "secs": 0.23}
{"seed": 9310237, "family": "lin", "window_frac": 0.05, "f": 0.9, "status": "ok", "t_c": 833, "t_fc": 1009, "err_cross": -15, "err_lag": -2, "err_ref": -4, "secs": 0.43}
{"seed": 9310237, "family": "lin", "window_frac": 0.05, "f": 0.95, "status": "ok", "t_c": 885, "t_fc": 1017, "err_cross": -7, "err_lag": -3, "err_ref": -4, "secs": 0.26}
{"seed": 9310237, "family": "lin", "window_frac": 0.05, "f": 0.98, "status": "ok", "t_c": 917, "t_fc": 1020, "err_cross": -4, "err_lag": -3, "err_ref": -4, "secs": 0.24}
{"seed": 9310237, "family": "lin", "window_frac": 0.1, "f": 0.8, "status": "ok", "t_c": 733, "t_fc": 980, "err_cross": -44, "err_lag": -2, "err_ref": -4, "secs": 0.21}
{"seed": 9310237, "family": "lin", "window_frac": 0.1, "f": 0.9, "status": "ok", "t_c": 833, "t_fc": 1009, "err_cross": -15, "err_lag": -2, "err_ref": -4, "secs": 0.21}
{"seed": 9310237, "family": "lin", "window_frac": 0.1, "f": 0.95, "status": "ok", "t_c": 885, "t_fc": 1017, "err_cross": -7, "err_lag": -3, "err_ref": -4, "secs": 0.21}
{"seed": 9310237, "family": "lin", "window_frac": 0.1, "f": 0.98, "status": "ok", "t_c": 917, "t_fc": 1020, "err_cross": -4, "err_lag": -3, "err_ref": -4, "secs": 0.2}
{"seed": 9310237, "family": "lin", "window_frac": 0.25, "f": 0.8, "status": "ok", "t_c": 733, "t_fc": 976, "err_cross": -48, "err_lag": -2, "err_ref": -4, "secs": 0.2}
{"seed": 9310237, "family": "lin", "window_frac": 0.25, "f": 0.9, "status": "ok", "t_c": 833, "t_fc": 1005, "err_cross": -19, "err_lag": -2, "err_ref": -4, "secs": 0.2}
{"seed": 9310237, "family": "lin", "window_frac": 0.25, "f": 0.95, "status": "ok", "t_c": 885, "t_fc": 1015, "err_cross": -9, "err_lag": -2, "err_ref": -4, "secs": 0.2}
{"seed": 9310237, "family": "lin", "window_frac": 0.25, "f": 0.98, "status": "ok", "t_c": 917, "t_fc": 1019, "err_cross": -5, "err_lag": -3, "err_ref": -4, "secs": 0.21}
{"seed": 9310238, "family": "quad", "window_frac": 0.05, "f": 0.8, "status": "ok", "t_c": 474, "t_fc": 754, "err_cross": 13, "err_lag": -10, "err_ref": -4, "secs": 0.3}
{"seed": 9310238, "family": "quad", "window_frac": 0.05, "f": 0.9, "status": "ok", "t_c": 563, "t_fc": 737, "err_cross": -4, "err_lag": -7, "err_ref": -4, "secs": 0.29}
{"seed": 9310238, "family": "quad", "window_frac": 0.05, "f": 0.95, "status": "ok", "t_c": 609, "t_fc": 736, "err_cross": -5, "err_lag": -6, "err_ref": -4, "secs": 0.28}
{"seed": 9310238, "family": "quad", "window_frac": 0.05, "f": 0.98, "status": "ok", "t_c": 637, "t_fc": 736, "err_cross": -5, "err_lag": -6, "err_ref": -4, "secs": 0.29}
{"seed": 9310238, "family": "quad", "window_frac": 0.1, "f": 0.8, "status": "ok", "t_c": 474, "t_fc": 754, "err_cross": 13, "err_lag": -10, "err_ref": -4, "secs": 0.18}
{"seed": 9310238, "family": "quad", "window_frac": 0.1, "f": 0.9, "status": "ok", "t_c": 563, "t_fc": 737, "err_cross": -4, "err_lag": -7, "err_ref": -4, "secs": 0.18}
{"seed": 9310238, "family": "quad", "window_frac": 0.1, "f": 0.95, "status": "ok", "t_c": 609, "t_fc": 736, "err_cross": -5, "err_lag": -6, "err_ref": -4, "secs": 0.18}
{"seed": 9310238, "family": "quad", "window_frac": 0.1, "f": 0.98, "status": "ok", "t_c": 637, "t_fc": 736, "err_cross": -5, "err_lag": -6, "err_ref": -4, "secs": 0.18}
{"seed": 9310238, "family": "quad", "window_frac": 0.25, "f": 0.8, "status": "ok", "t_c": 474, "t_fc": 758, "err_cross": 17, "err_lag": -10, "err_ref": -4, "secs": 0.2}
{"seed": 9310238, "family": "quad", "window_frac": 0.25, "f": 0.9, "status": "ok", "t_c": 563, "t_fc": 738, "err_cross": -3, "err_lag": -7, "err_ref": -4, "secs": 0.19}
{"seed": 9310238, "family": "quad", "window_frac": 0.25, "f": 0.95, "status": "ok", "t_c": 609, "t_fc": 736, "err_cross": -5, "err_lag": -6, "err_ref": -4, "secs": 0.18}
{"seed": 9310238, "family": "quad", "window_frac": 0.25, "f": 0.98, "status": "ok", "t_c": 637, "t_fc": 736, "err_cross": -5, "err_lag": -6, "err_ref": -4, "secs": 0.19}
{"seed": 9310238, "family": "rate", "window_frac": 0.05, "f": 0.8, "status": "ok", "t_c": 474, "t_fc": 743, "err_cross": 2, "err_lag": -6, "err_ref": -4, "secs": 0.18}
{"seed": 9310238, "family": "rate", "window_frac": 0.05, "f": 0.9, "status": "ok", "t_c": 563, "t_fc": 737, "err_cross": -4, "err_lag": -5, "err_ref": -4, "secs": 0.18}
{"seed": 9310238, "family": "rate", "window_frac": 0.05, "f": 0.95, "status": "ok", "t_c": 609, "t_fc": 737, "err_cross": -4, "err_lag": -5, "err_ref": -4, "secs": 0.18}
{"seed": 9310238, "family": "rate", "window_frac": 0.05, "f": 0.98, "status": "ok", "t_c": 637, "t_fc": 737, "err_cross": -4, "err_lag": -4, "err_ref": -4, "secs": 0.18}
{"seed": 9310238, "family": "rate", "window_frac": 0.1, "f": 0.8, "status": "ok", "t_c": 474, "t_fc": 743, "err_cross": 2, "err_lag": -6, "err_ref": -4, "secs": 0.18}
{"seed": 9310238, "family": "rate", "window_frac": 0.1, "f": 0.9, "status": "ok", "t_c": 563, "t_fc": 737, "err_cross": -4, "err_lag": -5, "err_ref": -4, "secs": 0.18}
{"seed": 9310238, "family": "rate", "window_frac": 0.1, "f": 0.95, "status": "ok", "t_c": 609, "t_fc": 737, "err_cross": -4, "err_lag": -5, "err_ref": -4, "secs": 0.18}
{"seed": 9310238, "family": "rate", "window_frac": 0.1, "f": 0.98, "status": "ok", "t_c": 637, "t_fc": 737, "err_cross": -4, "err_lag": -4, "err_ref": -4, "secs": 0.18}
{"seed": 9310238, "family": "rate", "window_frac": 0.25, "f": 0.8, "status": "ok", "t_c": 474, "t_fc": 744, "err_cross": 3, "err_lag": -5, "err_ref": -4, "secs": 0.18}
{"seed": 9310238, "family": "rate", "window_frac": 0.25, "f": 0.9, "status": "ok", "t_c": 563, "t_fc": 738, "err_cross": -3, "err_lag": -5, "err_ref": -4, "secs": 0.18}
{"seed": 9310238, "family": "rate", "window_frac": 0.25, "f": 0.95, "status": "ok", "t_c": 609, "t_fc": 737, "err_cross": -4, "err_lag": -5, "err_ref": -4, "secs": 0.18}
{"seed": 9310238, "family": "rate", "window_frac": 0.25, "f": 0.98, "status": "ok", "t_c": 637, "t_fc": 737, "err_cross": -4, "err_lag": -5, "err_ref": -4, "secs": 0.18}
{"seed": 9310238, "family": "lin", "window_frac": 0.05, "f": 0.8, "status": "ok", "t_c": 474, "t_fc": 702, "err_cross": -39, "err_lag": -2, "err_ref": -4, "secs": 0.18}
{"seed": 9310238, "family": "lin", "window_frac": 0.05, "f": 0.9, "status": "ok", "t_c": 563, "t_fc": 728, "err_cross": -13, "err_lag": -2, "err_ref": -4, "secs": 0.18}
{"seed": 9310238, "family": "lin", "window_frac": 0.05, "f": 0.95, "status": "ok", "t_c": 609, "t_fc": 735, "err_cross": -6, "err_lag": -3, "err_ref": -4, "secs": 0.18}
{"seed": 9310238, "family": "lin", "window_frac": 0.05, "f": 0.98, "status": "ok", "t_c": 637, "t_fc": 738, "err_cross": -3, "err_lag": -2, "err_ref": -4, "secs": 0.18}
{"seed": 9310238, "family": "lin", "window_frac": 0.1, "f": 0.8, "status": "ok", "t_c": 474, "t_fc": 702, "err_cross": -39, "err_lag": -2, "err_ref": -4, "secs": 0.18}
{"seed": 9310238, "family": "lin", "window_frac": 0.1, "f": 0.9, "status": "ok", "t_c": 563, "t_fc": 728, "err_cross": -13, "err_lag": -2, "err_ref": -4, "secs": 0.18}
{"seed": 9310238, "family": "lin", "window_frac": 0.1, "f": 0.95, "status": "ok", "t_c": 609, "t_fc": 735, "err_cross": -6, "err_lag": -3, "err_ref": -4, "secs": 0.18}
{"seed": 9310238, "family": "lin", "window_frac": 0.1, "f": 0.98, "status": "ok", "t_c": 637, "t_fc": 738, "err_cross": -3, "err_lag": -2, "err_ref": -4, "secs": 0.18}
{"seed": 9310238, "family": "lin", "window_frac": 0.25, "f": 0.8, "status": "ok", "t_c": 474, "t_fc": 700, "err_cross": -41, "err_lag": -2, "err_ref": -4, "secs": 0.18}
{"seed": 9310238, "family": "lin", "window_frac": 0.25, "f": 0.9, "status": "ok", "t_c": 563, "t_fc": 725, "err_cross": -16, "err_lag": -2, "err_ref": -4, "secs": 0.18}
{"seed": 9310238, "family": "lin", "window_frac": 0.25, "f": 0.95, "status": "ok", "t_c": 609, "t_fc": 734, "err_cross": -7, "err_lag": -2, "err_ref": -4, "secs": 0.18}
{"seed": 9310238, "family": "lin", "window_frac": 0.25, "f": 0.98, "status": "ok", "t_c": 637, "t_fc": 737, "err_cross": -4, "err_lag": -2, "err_ref": -4, "secs": 0.18}
{"seed": 9310239, "family": "quad", "window_frac": 0.05, "f": 0.8, "status": "ok", "t_c": 7409, "t_fc": 7727, "err_cross": 18, "err_lag": -7, "err_ref": -3, "secs": 0.27}
{"seed": 9310239, "family": "quad", "window_frac": 0.05, "f": 0.9, "status": "ok", "t_c": 7513, "t_fc": 7707, "err_cross": -2, "err_lag": -4, "err_ref": -3, "secs": 0.27}
{"seed": 9310239, "family": "quad", "window_frac": 0.05, "f": 0.95, "status": "ok", "t_c": 7567, "t_fc": 7705, "err_cross": -4, "err_lag": -4, "err_ref": -3, "secs": 0.27}
{"seed": 9310239, "family": "quad", "window_frac": 0.05, "f": 0.98, "status": "ok", "t_c": 7600, "t_fc": 7705, "err_cross": -4, "err_lag": -4, "err_ref": -3, "secs": 0.27}
{"seed": 9310239, "family": "quad", "window_frac": 0.1, "f": 0.8, "status": "ok", "t_c": 7409, "t_fc": 7727, "err_cross": 18, "err_lag": -7, "err_ref": -3, "secs": 0.18}
{"seed": 9310239, "family": "quad", "window_frac": 0.1, "f": 0.9, "status": "ok", "t_c": 7513, "t_fc": 7707, "err_cross": -2, "err_lag": -4, "err_ref": -3, "secs": 0.18}
{"seed": 9310239, "family": "quad", "window_frac": 0.1, "f": 0.95, "status": "ok", "t_c": 7567, "t_fc": 7705, "err_cross": -4, "err_lag": -4, "err_ref": -3, "secs": 0.18}
{"seed": 9310239, "family": "quad", "window_frac": 0.1, "f": 0.98, "status": "ok", "t_c": 7600, "t_fc": 7705, "err_cross": -4, "err_lag": -4, "err_ref": -3, "secs": 0.18}
{"seed": 9310239, "family": "quad", "window_frac": 0.25, "f": 0.8, "status": "ok", "t_c": 7409, "t_fc": 7731, "err_cross": 22, "err_lag": -9, "err_ref": -3, "secs": 0.18}
{"seed": 9310239, "family": "quad", "window_frac": 0.25, "f": 0.9, "status": "ok", "t_c": 7513, "t_fc": 7708, "err_cross": -1, "err_lag": -5, "err_ref": -3, "secs": 0.18}
{"seed": 9310239, "family": "quad", "window_frac": 0.25, "f": 0.95, "status": "ok", "t_c": 7567, "t_fc": 7705, "err_cross": -4, "err_lag": -5, "err_ref": -3, "secs": 0.18}
{"seed": 9310239, "family": "quad", "window_frac": 0.25, "f": 0.98, "status": "ok", "t_c": 7600, "t_fc": 7705, "err_cross": -4, "err_lag": -4, "err_ref": -3, "secs": 0.18}
{"seed": 9310239, "family": "rate", "window_frac": 0.05, "f": 0.8, "status": "ok", "t_c": 7409, "t_fc": 7713, "err_cross": 4, "err_lag": -4, "err_ref": -3, "secs": 0.19}
{"seed": 9310239, "family": "rate", "window_frac": 0.05, "f": 0.9, "status": "ok", "t_c": 7513, "t_fc": 7706, "err_cross": -3, "err_lag": -4, "err_ref": -3, "secs": 0.19}
{"seed": 9310239, "family": "rate", "window_frac": 0.05, "f": 0.95, "status": "ok", "t_c": 7567, "t_fc": 7705, "err_cross": -4, "err_lag": -4, "err_ref": -3, "secs": 0.19}
{"seed": 9310239, "family": "rate", "window_frac": 0.05, "f": 0.98, "status": "ok", "t_c": 7600, "t_fc": 7705, "err_cross": -4, "err_lag": -4, "err_ref": -3, "secs": 0.19}
{"seed": 9310239, "family": "rate", "window_frac": 0.1, "f": 0.8, "status": "ok", "t_c": 7409, "t_fc": 7713, "err_cross": 4, "err_lag": -4, "err_ref": -3, "secs": 0.18}
{"seed": 9310239, "family": "rate", "window_frac": 0.1, "f": 0.9, "status": "ok", "t_c": 7513, "t_fc": 7706, "err_cross": -3, "err_lag": -4, "err_ref": -3, "secs": 0.18}
{"seed": 9310239, "family": "rate", "window_frac": 0.1, "f": 0.95, "status": "ok", "t_c": 7567, "t_fc": 7705, "err_cross": -4, "err_lag": -4, "err_ref": -3, "secs": 0.18}
{"seed": 9310239, "family": "rate", "window_frac": 0.1, "f": 0.98, "status": "ok", "t_c": 7600, "t_fc": 7705, "err_cross": -4, "err_lag": -4, "err_ref": -3, "secs": 0.19}
{"seed": 9310239, "family": "rate", "window_frac": 0.25, "f": 0.8, "status": "ok", "t_c": 7409, "t_fc": 7714, "err_cross": 5, "err_lag": -4, "err_ref": -3, "secs": 0.19}
{"seed": 9310239, "family": "rate", "window_frac": 0.25, "f": 0.9, "status": "ok", "t_c": 7513, "t_fc": 7707, "err_cross": -2, "err_lag": -3, "err_ref": -3, "secs": 0.18}
{"seed": 9310239, "family": "rate", "window_frac": 0.25, "f": 0.95, "status": "ok", "t_c": 7567, "t_fc": 7706, "err_cross": -3, "err_lag": -3, "err_ref": -3, "secs": 0.18}
{"seed": 9310239, "family": "rate", "window_frac": 0.25, "f": 0.98, "status": "ok", "t_c": 7600, "t_fc": 7705, "err_cross": -4, "err_lag": -4, "err_ref": -3, "secs": 0.18}
{"seed": 9310239, "family": "lin", "window_frac": 0.05, "f": 0.8, "status": "ok", "t_c": 7409, "t_fc": 7665, "err_cross": -44, "err_lag": -1, "err_ref": -3, "secs": 0.18}
{"seed": 9310239, "family": "lin", "window_frac": 0.05, "f": 0.9, "status": "ok", "t_c": 7513, "t_fc": 7695, "err_cross": -14, "err_lag": -1, "err_ref": -3, "secs": 0.18}
{"seed": 9310239, "family": "lin", "window_frac": 0.05, "f": 0.95, "status": "ok", "t_c": 7567, "t_fc": 7703, "err_cross": -6, "err_lag": -2, "err_ref": -3, "secs": 0.18}
{"seed": 9310239, "family": "lin", "window_frac": 0.05, "f": 0.98, "status": "ok", "t_c": 7600, "t_fc": 7706, "err_cross": -3, "err_lag": -2, "err_ref": -3, "secs": 0.18}
{"seed": 9310239, "family": "lin", "window_frac": 0.1, "f": 0.8, "status": "ok", "t_c": 7409, "t_fc": 7665, "err_cross": -44, "err_lag": -1, "err_ref": -3, "secs": 0.18}
{"seed": 9310239, "family": "lin", "window_frac": 0.1, "f": 0.9, "status": "ok", "t_c": 7513, "t_fc": 7695, "err_cross": -14, "err_lag": -1, "err_ref": -3, "secs": 0.18}
{"seed": 9310239, "family": "lin", "window_frac": 0.1, "f": 0.95, "status": "ok", "t_c": 7567, "t_fc": 7703, "err_cross": -6, "err_lag": -2, "err_ref": -3, "secs": 0.18}
{"seed": 9310239, "family": "lin", "window_frac": 0.1, "f": 0.98, "status": "ok", "t_c": 7600, "t_fc": 7706, "err_cross": -3, "err_lag": -2, "err_ref": -3, "secs": 0.18}
{"seed": 9310239, "family": "lin", "window_frac": 0.25, "f": 0.8, "status": "ok", "t_c": 7409, "t_fc": 7662, "err_cross": -47, "err_lag": -1, "err_ref": -3, "secs": 0.18}
{"seed": 9310239, "family": "lin", "window_frac": 0.25, "f": 0.9, "status": "ok", "t_c": 7513, "t_fc": 7691, "err_cross": -18, "err_lag": -2, "err_ref": -3, "secs": 0.18}
{"seed": 9310239, "family": "lin", "window_frac": 0.25, "f": 0.95, "status": "ok", "t_c": 7567, "t_fc": 7701, "err_cross": -8, "err_lag": -1, "err_ref": -3, "secs": 0.18}
{"seed": 9310239, "family": "lin", "window_frac": 0.25, "f": 0.98, "status": "ok", "t_c": 7600, "t_fc": 7705, "err_cross": -4, "err_lag": -2, "err_ref": -3, "secs": 0.18}
W1_DONE
gate (48, 794.38)
{"setting": "w2a_T", "seed": 9330140, "split": "est", "status": "ok", "t_obs": null, "s_ref": null, "secs_run": 5.8}
{"setting": "w2a_T", "seed": 9330141, "split": "est", "status": "ok", "t_obs": 35786, "s_ref": null, "secs_run": 5.2}
{"setting": "w2a_T", "seed": 9330142, "split": "est", "status": "ok", "t_obs": 4324, "s_ref": null, "secs_run": 4.3}
{"setting": "w2a_T", "seed": 9330143, "split": "est", "status": "ok", "t_obs": 23482, "s_ref": 0.705923054493515, "secs_run": 5.8}
{"setting": "w2a_T", "seed": 9330144, "split": "est", "status": "ok", "t_obs": 13026, "s_ref": 0.5219677859259528, "secs_run": 4.8}
{"setting": "w2a_T", "seed": 9330145, "split": "est", "status": "ok", "t_obs": 10869, "s_ref": 0.47688923523373083, "secs_run": 4.5}
{"setting": "w2a_T", "seed": 9330146, "split": "est", "status": "ok", "t_obs": 9540, "s_ref": 0.45000297301786596, "secs_run": 4.8}
{"setting": "w2a_T", "seed": 9330147, "split": "est", "status": "ok", "t_obs": 8513, "s_ref": 0.42734245643634455, "secs_run": 4.8}
{"setting": "w2a_T", "seed": 9330148, "split": "est", "status": "ok", "t_obs": 16085, "s_ref": 0.5759389486930674, "secs_run": 5.4}
{"setting": "w2a_T", "seed": 9330149, "split": "est", "status": "ok", "t_obs": 11383, "s_ref": 0.48921318766364313, "secs_run": 4.6}
{"setting": "w2a_T", "seed": 9330150, "split": "est", "status": "ok", "t_obs": null, "s_ref": null, "secs_run": 6.8}
{"setting": "w2a_T", "seed": 9330151, "split": "est", "status": "ok", "t_obs": 7207, "s_ref": 0.40408430814448626, "secs_run": 4.0}
{"setting": "w2a_T", "seed": 9330152, "split": "est", "status": "ok", "t_obs": null, "s_ref": null, "secs_run": 6.8}
{"setting": "w2a_T", "seed": 9330153, "split": "est", "status": "ok", "t_obs": 10701, "s_ref": 0.47134966125107725, "secs_run": 4.6}
{"setting": "w2a_T", "seed": 9330154, "split": "est", "status": "ok", "t_obs": 8250, "s_ref": 0.41898298993845107, "secs_run": 4.2}
{"setting": "w2a_T", "seed": 9330155, "split": "est", "status": "ok", "t_obs": 15374, "s_ref": 0.5648137454483524, "secs_run": 5.2}
{"setting": "w2a_T", "seed": 9330156, "split": "est", "status": "ok", "t_obs": 30322, "s_ref": null, "secs_run": 5.3}
{"setting": "w2a_T", "seed": 9330157, "split": "est", "status": "ok", "t_obs": 5085, "s_ref": null, "secs_run": 3.9}
{"setting": "w2a_T", "seed": 9330158, "split": "est", "status": "ok", "t_obs": null, "s_ref": null, "secs_run": 5.9}
{"setting": "w2a_T", "seed": 9330159, "split": "est", "status": "ok", "t_obs": 40445, "s_ref": null, "secs_run": 5.5}
gate (45, 1122.38)
{"seed": 9330143, "family": "quad", "window_frac": 0.05, "f": 0.8, "status": "ok", "t_c": 15716, "t_fc": 24323, "err_cross": 841, "err_lag": 19, "err_ref": 0, "secs": 13.49}
{"seed": 9330143, "family": "quad", "window_frac": 0.05, "f": 0.9, "status": "ok", "t_c": 19452, "t_fc": 23559, "err_cross": 77, "err_lag": 3, "err_ref": 0, "secs": 7.01}
{"seed": 9330143, "family": "quad", "window_frac": 0.05, "f": 0.95, "status": "ok", "t_c": 21390, "t_fc": 23494, "err_cross": 12, "err_lag": 1, "err_ref": 0, "secs": 6.34}
{"seed": 9330143, "family": "quad", "window_frac": 0.05, "f": 0.98, "status": "ok", "t_c": 22577, "t_fc": 23484, "err_cross": 2, "err_lag": 1, "err_ref": 0, "secs": 6.41}
{"seed": 9330144, "family": "quad", "window_frac": 0.05, "f": 0.8, "status": "ok", "t_c": 8188, "t_fc": 13895, "err_cross": 869, "err_lag": 53, "err_ref": 0, "secs": 7.44}
{"seed": 9330144, "family": "quad", "window_frac": 0.05, "f": 0.9, "status": "ok", "t_c": 10556, "t_fc": 13089, "err_cross": 63, "err_lag": 4, "err_ref": 0, "secs": 3.65}
{"seed": 9330144, "family": "quad", "window_frac": 0.05, "f": 0.95, "status": "ok", "t_c": 11770, "t_fc": 13035, "err_cross": 9, "err_lag": 1, "err_ref": 0, "secs": 3.46}
{"seed": 9330144, "family": "quad", "window_frac": 0.05, "f": 0.98, "status": "ok", "t_c": 12509, "t_fc": 13027, "err_cross": 1, "err_lag": 0, "err_ref": 0, "secs": 3.54}
{"seed": 9330145, "family": "quad", "window_frac": 0.05, "f": 0.8, "status": "ok", "t_c": 6579, "t_fc": 11647, "err_cross": 778, "err_lag": 54, "err_ref": 0, "secs": 6.12}
{"seed": 9330145, "family": "quad", "window_frac": 0.05, "f": 0.9, "status": "ok", "t_c": 8683, "t_fc": 10925, "err_cross": 56, "err_lag": 5, "err_ref": 0, "secs": 3.09}
{"seed": 9330145, "family": "quad", "window_frac": 0.05, "f": 0.95, "status": "ok", "t_c": 9759, "t_fc": 10877, "err_cross": 8, "err_lag": 1, "err_ref": 0, "secs": 3.05}
{"seed": 9330145, "family": "quad", "window_frac": 0.05, "f": 0.98, "status": "ok", "t_c": 10412, "t_fc": 10870, "err_cross": 1, "err_lag": 1, "err_ref": 0, "secs": 3.22}
{"seed": 9330146, "family": "quad", "window_frac": 0.05, "f": 0.8, "status": "ok", "t_c": 5590, "t_fc": 10271, "err_cross": 731, "err_lag": 39, "err_ref": 0, "secs": 5.57}
{"seed": 9330146, "family": "quad", "window_frac": 0.05, "f": 0.9, "status": "ok", "t_c": 7528, "t_fc": 9591, "err_cross": 51, "err_lag": 3, "err_ref": 0, "secs": 2.63}
{"seed": 9330146, "family": "quad", "window_frac": 0.05, "f": 0.95, "status": "ok", "t_c": 8518, "t_fc": 9547, "err_cross": 7, "err_lag": 1, "err_ref": 0, "secs": 2.64}
{"seed": 9330146, "family": "quad", "window_frac": 0.05, "f": 0.98, "status": "ok", "t_c": 9119, "t_fc": 9541, "err_cross": 1, "err_lag": 0, "err_ref": 0, "secs": 2.67}
{"seed": 9330147, "family": "quad", "window_frac": 0.05, "f": 0.8, "status": "ok", "t_c": 4816, "t_fc": 9200, "err_cross": 687, "err_lag": 39, "err_ref": 0, "secs": 4.9}
{"seed": 9330147, "family": "quad", "window_frac": 0.05, "f": 0.9, "status": "ok", "t_c": 6630, "t_fc": 8561, "err_cross": 48, "err_lag": 4, "err_ref": 0, "secs": 2.43}
{"seed": 9330147, "family": "quad", "window_frac": 0.05, "f": 0.95, "status": "ok", "t_c": 7556, "t_fc": 8520, "err_cross": 7, "err_lag": 1, "err_ref": 0, "secs": 2.35}
{"seed": 9330147, "family": "quad", "window_frac": 0.05, "f": 0.98, "status": "ok", "t_c": 8117, "t_fc": 8514, "err_cross": 1, "err_lag": 1, "err_ref": 0, "secs": 2.37}
{"seed": 9330148, "family": "quad", "window_frac": 0.05, "f": 0.8, "status": "ok", "t_c": 10417, "t_fc": 16945, "err_cross": 860, "err_lag": 41, "err_ref": 0, "secs": 8.85}
{"seed": 9330148, "family": "quad", "window_frac": 0.05, "f": 0.9, "status": "ok", "t_c": 13182, "t_fc": 16153, "err_cross": 68, "err_lag": 4, "err_ref": 0, "secs": 4.36}
{"seed": 9330148, "family": "quad", "window_frac": 0.05, "f": 0.95, "status": "ok", "t_c": 14605, "t_fc": 16095, "err_cross": 10, "err_lag": 1, "err_ref": 0, "secs": 4.6}
{"seed": 9330148, "family": "quad", "window_frac": 0.05, "f": 0.98, "status": "ok", "t_c": 15472, "t_fc": 16086, "err_cross": 1, "err_lag": 0, "err_ref": 0, "secs": 4.72}
{"seed": 9330149, "family": "quad", "window_frac": 0.05, "f": 0.8, "status": "ok", "t_c": 6971, "t_fc": 12158, "err_cross": 775, "err_lag": 48, "err_ref": -1, "secs": 6.54}
{"seed": 9330149, "family": "quad", "window_frac": 0.05, "f": 0.9, "status": "ok", "t_c": 9133, "t_fc": 11439, "err_cross": 56, "err_lag": 4, "err_ref": -1, "secs": 3.18}
{"seed": 9330149, "family": "quad", "window_frac": 0.05, "f": 0.95, "status": "ok", "t_c": 10240, "t_fc": 11391, "err_cross": 8, "err_lag": 1, "err_ref": -1, "secs": 3.1}
{"seed": 9330149, "family": "quad", "window_frac": 0.05, "f": 0.98, "status": "ok", "t_c": 10913, "t_fc": 11384, "err_cross": 1, "err_lag": 1, "err_ref": -1, "secs": 3.11}
{"seed": 9330151, "family": "quad", "window_frac": 0.05, "f": 0.8, "status": "ok", "t_c": 3894, "t_fc": 7862, "err_cross": 655, "err_lag": 47, "err_ref": 0, "secs": 4.16}
{"seed": 9330151, "family": "quad", "window_frac": 0.05, "f": 0.9, "status": "ok", "t_c": 5528, "t_fc": 7250, "err_cross": 43, "err_lag": 3, "err_ref": 0, "secs": 1.96}
{"seed": 9330151, "family": "quad", "window_frac": 0.05, "f": 0.95, "status": "ok", "t_c": 6361, "t_fc": 7213, "err_cross": 6, "err_lag": 1, "err_ref": 0, "secs": 2.03}
{"seed": 9330151, "family": "quad", "window_frac": 0.05, "f": 0.98, "status": "ok", "t_c": 6867, "t_fc": 7207, "err_cross": 0, "err_lag": 0, "err_ref": 0, "secs": 2.08}
{"seed": 9330153, "family": "quad", "window_frac": 0.05, "f": 0.8, "status": "ok", "t_c": 6436, "t_fc": 11457, "err_cross": 756, "err_lag": 52, "err_ref": 0, "secs": 6.02}
{"seed": 9330153, "family": "quad", "window_frac": 0.05, "f": 0.9, "status": "ok", "t_c": 8525, "t_fc": 10756, "err_cross": 55, "err_lag": 4, "err_ref": 0, "secs": 2.91}
{"seed": 9330153, "family": "quad", "window_frac": 0.05, "f": 0.95, "status": "ok", "t_c": 9593, "t_fc": 10709, "err_cross": 8, "err_lag": 1, "err_ref": 0, "secs": 3.02}
{"seed": 9330153, "family": "quad", "window_frac": 0.05, "f": 0.98, "status": "ok", "t_c": 10242, "t_fc": 10702, "err_cross": 1, "err_lag": 0, "err_ref": 0, "secs": 2.96}
{"seed": 9330154, "family": "quad", "window_frac": 0.05, "f": 0.8, "status": "ok", "t_c": 4598, "t_fc": 8925, "err_cross": 675, "err_lag": 39, "err_ref": 0, "secs": 5.04}
{"seed": 9330154, "family": "quad", "window_frac": 0.05, "f": 0.9, "status": "ok", "t_c": 6391, "t_fc": 8297, "err_cross": 47, "err_lag": 3, "err_ref": 0, "secs": 2.27}
{"seed": 9330154, "family": "quad", "window_frac": 0.05, "f": 0.95, "status": "ok", "t_c": 7306, "t_fc": 8256, "err_cross": 6, "err_lag": 0, "err_ref": 0, "secs": 2.35}
{"seed": 9330154, "family": "quad", "window_frac": 0.05, "f": 0.98, "status": "ok", "t_c": 7861, "t_fc": 8251, "err_cross": 1, "err_lag": 0, "err_ref": 0, "secs": 2.23}
{"seed": 9330155, "family": "quad", "window_frac": 0.05, "f": 0.8, "status": "ok", "t_c": 9893, "t_fc": 16149, "err_cross": 775, "err_lag": 38, "err_ref": 0, "secs": 8.5}
{"seed": 9330155, "family": "quad", "window_frac": 0.05, "f": 0.9, "status": "ok", "t_c": 12562, "t_fc": 15437, "err_cross": 63, "err_lag": 4, "err_ref": 0, "secs": 4.25}
{"seed": 9330155, "family": "quad", "window_frac": 0.05, "f": 0.95, "status": "ok", "t_c": 13934, "t_fc": 15383, "err_cross": 9, "err_lag": 1, "err_ref": 0, "secs": 4.27}
{"seed": 9330155, "family": "quad", "window_frac": 0.05, "f": 0.98, "status": "ok", "t_c": 14770, "t_fc": 15375, "err_cross": 1, "err_lag": 0, "err_ref": 0, "secs": 4.26}
T_PRIMARY_DONE
gate (44, 1514.44)
{"seed": 9320100, "family": "quad", "window_frac": 0.1, "f": 0.8, "status": "ok", "t_c": 1733, "t_fc": 3665, "err_cross": 80, "err_lag": 2, "err_ref": 3, "secs": 8.47}
{"seed": 9320100, "family": "quad", "window_frac": 0.1, "f": 0.9, "status": "ok", "t_c": 2641, "t_fc": 3597, "err_cross": 12, "err_lag": 3, "err_ref": 3, "secs": 4.15}
{"seed": 9320100, "family": "quad", "window_frac": 0.1, "f": 0.95, "status": "ok", "t_c": 3106, "t_fc": 3589, "err_cross": 4, "err_lag": 2, "err_ref": 3, "secs": 4.14}
{"seed": 9320100, "family": "quad", "window_frac": 0.1, "f": 0.98, "status": "ok", "t_c": 3389, "t_fc": 3588, "err_cross": 3, "err_lag": 3, "err_ref": 3, "secs": 4.05}
{"seed": 9320101, "family": "quad", "window_frac": 0.1, "f": 0.8, "status": "ok", "t_c": 2331, "t_fc": 4442, "err_cross": 62, "err_lag": 3, "err_ref": 4, "secs": 9.93}
{"seed": 9320101, "family": "quad", "window_frac": 0.1, "f": 0.9, "status": "ok", "t_c": 3339, "t_fc": 4393, "err_cross": 13, "err_lag": 3, "err_ref": 4, "secs": 4.91}
{"seed": 9320101, "family": "quad", "window_frac": 0.1, "f": 0.95, "status": "ok", "t_c": 3854, "t_fc": 4385, "err_cross": 5, "err_lag": 3, "err_ref": 4, "secs": 4.92}
{"seed": 9320101, "family": "quad", "window_frac": 0.1, "f": 0.98, "status": "ok", "t_c": 4168, "t_fc": 4384, "err_cross": 4, "err_lag": 3, "err_ref": 4, "secs": 5.02}
{"seed": 9320102, "family": "quad", "window_frac": 0.1, "f": 0.8, "status": "ok", "t_c": 2769, "t_fc": 5121, "err_cross": 88, "err_lag": 1, "err_ref": 2, "secs": 11.53}
{"seed": 9320102, "family": "quad", "window_frac": 0.1, "f": 0.9, "status": "ok", "t_c": 3873, "t_fc": 5048, "err_cross": 15, "err_lag": 2, "err_ref": 2, "secs": 5.66}
{"seed": 9320102, "family": "quad", "window_frac": 0.1, "f": 0.95, "status": "ok", "t_c": 4439, "t_fc": 5037, "err_cross": 4, "err_lag": 1, "err_ref": 2, "secs": 5.74}
{"seed": 9320102, "family": "quad", "window_frac": 0.1, "f": 0.98, "status": "ok", "t_c": 4784, "t_fc": 5035, "err_cross": 2, "err_lag": 1, "err_ref": 2, "secs": 5.67}
{"seed": 9320103, "family": "quad", "window_frac": 0.1, "f": 0.8, "status": "ok", "t_c": 5810, "t_fc": 9559, "err_cross": 268, "err_lag": 0, "err_ref": 0, "secs": 21.06}
{"seed": 9320103, "family": "quad", "window_frac": 0.1, "f": 0.9, "status": "ok", "t_c": 7481, "t_fc": 9321, "err_cross": 30, "err_lag": 0, "err_ref": 0, "secs": 10.39}
{"seed": 9320103, "family": "quad", "window_frac": 0.1, "f": 0.95, "status": "ok", "t_c": 8348, "t_fc": 9296, "err_cross": 5, "err_lag": 0, "err_ref": 0, "secs": 10.44}
{"seed": 9320103, "family": "quad", "window_frac": 0.1, "f": 0.98, "status": "ok", "t_c": 8877, "t_fc": 9292, "err_cross": 1, "err_lag": 1, "err_ref": 0, "secs": 10.34}
{"seed": 9320104, "family": "quad", "window_frac": 0.1, "f": 0.8, "status": "ok", "t_c": 1703, "t_fc": 3560, "err_cross": 68, "err_lag": 4, "err_ref": 5, "secs": 8.0}
{"seed": 9320104, "family": "quad", "window_frac": 0.1, "f": 0.9, "status": "ok", "t_c": 2589, "t_fc": 3504, "err_cross": 12, "err_lag": 5, "err_ref": 5, "secs": 4.05}
{"seed": 9320104, "family": "quad", "window_frac": 0.1, "f": 0.95, "status": "ok", "t_c": 3041, "t_fc": 3498, "err_cross": 6, "err_lag": 5, "err_ref": 5, "secs": 3.93}
{"seed": 9320104, "family": "quad", "window_frac": 0.1, "f": 0.98, "status": "ok", "t_c": 3315, "t_fc": 3497, "err_cross": 5, "err_lag": 5, "err_ref": 5, "secs": 3.91}
{"seed": 9320105, "family": "quad", "window_frac": 0.1, "f": 0.8, "status": "ok", "t_c": 2399, "t_fc": 4581, "err_cross": 116, "err_lag": 1, "err_ref": 1, "secs": 10.05}
{"seed": 9320105, "family": "quad", "window_frac": 0.1, "f": 0.9, "status": "ok", "t_c": 3394, "t_fc": 4479, "err_cross": 14, "err_lag": 1, "err_ref": 1, "secs": 4.98}
{"seed": 9320105, "family": "quad", "window_frac": 0.1, "f": 0.95, "status": "ok", "t_c": 3906, "t_fc": 4468, "err_cross": 3, "err_lag": 1, "err_ref": 1, "secs": 4.97}
{"seed": 9320105, "family": "quad", "window_frac": 0.1, "f": 0.98, "status": "ok", "t_c": 4219, "t_fc": 4466, "err_cross": 1, "err_lag": 1, "err_ref": 1, "secs": 5.05}
{"seed": 9320106, "family": "quad", "window_frac": 0.1, "f": 0.8, "status": "ok", "t_c": 2264, "t_fc": 4394, "err_cross": 73, "err_lag": 2, "err_ref": 2, "secs": 9.86}
{"seed": 9320106, "family": "quad", "window_frac": 0.1, "f": 0.9, "status": "ok", "t_c": 3267, "t_fc": 4333, "err_cross": 12, "err_lag": 2, "err_ref": 2, "secs": 4.88}
{"seed": 9320106, "family": "quad", "window_frac": 0.1, "f": 0.95, "status": "ok", "t_c": 3780, "t_fc": 4325, "err_cross": 4, "err_lag": 2, "err_ref": 2, "secs": 4.93}
{"seed": 9320106, "family": "quad", "window_frac": 0.1, "f": 0.98, "status": "ok", "t_c": 4092, "t_fc": 4323, "err_cross": 2, "err_lag": 2, "err_ref": 2, "secs": 5.08}
{"seed": 9320107, "family": "quad", "window_frac": 0.1, "f": 0.8, "status": "ok", "t_c": 2774, "t_fc": 5150, "err_cross": 103, "err_lag": 1, "err_ref": 1, "secs": 12.73}
{"seed": 9320107, "family": "quad", "window_frac": 0.1, "f": 0.9, "status": "ok", "t_c": 3880, "t_fc": 5062, "err_cross": 15, "err_lag": 1, "err_ref": 1, "secs": 6.08}
{"seed": 9320107, "family": "quad", "window_frac": 0.1, "f": 0.95, "status": "ok", "t_c": 4448, "t_fc": 5051, "err_cross": 4, "err_lag": 2, "err_ref": 1, "secs": 5.73}
{"seed": 9320107, "family": "quad", "window_frac": 0.1, "f": 0.98, "status": "ok", "t_c": 4795, "t_fc": 5049, "err_cross": 2, "err_lag": 2, "err_ref": 1, "secs": 5.75}
{"seed": 9320108, "family": "quad", "window_frac": 0.1, "f": 0.8, "status": "ok", "t_c": 3198, "t_fc": 5755, "err_cross": 157, "err_lag": 1, "err_ref": 0, "secs": 12.87}
{"seed": 9320108, "family": "quad", "window_frac": 0.1, "f": 0.9, "status": "ok", "t_c": 4346, "t_fc": 5616, "err_cross": 18, "err_lag": 1, "err_ref": 0, "secs": 6.37}
{"seed": 9320108, "family": "quad", "window_frac": 0.1, "f": 0.95, "status": "ok", "t_c": 4939, "t_fc": 5601, "err_cross": 3, "err_lag": 0, "err_ref": 0, "secs": 6.43}
{"seed": 9320108, "family": "quad", "window_frac": 0.1, "f": 0.98, "status": "ok", "t_c": 5300, "t_fc": 5599, "err_cross": 1, "err_lag": 1, "err_ref": 0, "secs": 6.38}
{"seed": 9320109, "family": "quad", "window_frac": 0.1, "f": 0.8, "status": "ok", "t_c": 2603, "t_fc": 4943, "err_cross": 118, "err_lag": 0, "err_ref": 1, "secs": 11.24}
{"seed": 9320109, "family": "quad", "window_frac": 0.1, "f": 0.9, "status": "ok", "t_c": 3674, "t_fc": 4840, "err_cross": 15, "err_lag": 0, "err_ref": 1, "secs": 5.5}
{"seed": 9320109, "family": "quad", "window_frac": 0.1, "f": 0.95, "status": "ok", "t_c": 4226, "t_fc": 4828, "err_cross": 3, "err_lag": 0, "err_ref": 1, "secs": 5.47}
{"seed": 9320109, "family": "quad", "window_frac": 0.1, "f": 0.98, "status": "ok", "t_c": 4562, "t_fc": 4826, "err_cross": 1, "err_lag": 0, "err_ref": 1, "secs": 5.52}
{"seed": 9320110, "family": "quad", "window_frac": 0.1, "f": 0.8, "status": "ok", "t_c": 1949, "t_fc": 3940, "err_cross": 63, "err_lag": 6, "err_ref": 6, "secs": 9.01}
{"seed": 9320110, "family": "quad", "window_frac": 0.1, "f": 0.9, "status": "ok", "t_c": 2909, "t_fc": 3890, "err_cross": 13, "err_lag": 6, "err_ref": 6, "secs": 4.44}
{"seed": 9320110, "family": "quad", "window_frac": 0.1, "f": 0.95, "status": "ok", "t_c": 3397, "t_fc": 3885, "err_cross": 8, "err_lag": 7, "err_ref": 6, "secs": 4.44}
{"seed": 9320110, "family": "quad", "window_frac": 0.1, "f": 0.98, "status": "ok", "t_c": 3694, "t_fc": 3884, "err_cross": 7, "err_lag": 7, "err_ref": 6, "secs": 4.44}
{"seed": 9320111, "family": "quad", "window_frac": 0.1, "f": 0.8, "status": "ok", "t_c": 2065, "t_fc": 4135, "err_cross": 88, "err_lag": 1, "err_ref": 2, "secs": 9.9}
{"seed": 9320111, "family": "quad", "window_frac": 0.1, "f": 0.9, "status": "ok", "t_c": 3029, "t_fc": 4059, "err_cross": 12, "err_lag": 1, "err_ref": 2, "secs": 4.71}
{"seed": 9320111, "family": "quad", "window_frac": 0.1, "f": 0.95, "status": "ok", "t_c": 3524, "t_fc": 4050, "err_cross": 3, "err_lag": 2, "err_ref": 2, "secs": 4.79}
{"seed": 9320111, "family": "quad", "window_frac": 0.1, "f": 0.98, "status": "ok", "t_c": 3826, "t_fc": 4049, "err_cross": 2, "err_lag": 2, "err_ref": 2, "secs": 4.62}
{"seed": 9320112, "family": "quad", "window_frac": 0.1, "f": 0.8, "status": "ok", "t_c": 2957, "t_fc": 5365, "err_cross": 62, "err_lag": 3, "err_ref": 3, "secs": 12.07}
{"seed": 9320112, "family": "quad", "window_frac": 0.1, "f": 0.9, "status": "ok", "t_c": 4104, "t_fc": 5317, "err_cross": 14, "err_lag": 2, "err_ref": 3, "secs": 5.92}
{"seed": 9320112, "family": "quad", "window_frac": 0.1, "f": 0.95, "status": "ok", "t_c": 4692, "t_fc": 5308, "err_cross": 5, "err_lag": 3, "err_ref": 3, "secs": 5.94}
{"seed": 9320112, "family": "quad", "window_frac": 0.1, "f": 0.98, "status": "ok", "t_c": 5049, "t_fc": 5306, "err_cross": 3, "err_lag": 3, "err_ref": 3, "secs": 6.08}
{"seed": 9320113, "family": "quad", "window_frac": 0.1, "f": 0.8, "status": "ok", "t_c": 3503, "t_fc": 6210, "err_cross": 158, "err_lag": 1, "err_ref": 0, "secs": 13.64}
{"seed": 9320113, "family": "quad", "window_frac": 0.1, "f": 0.9, "status": "ok", "t_c": 4730, "t_fc": 6071, "err_cross": 19, "err_lag": 1, "err_ref": 0, "secs": 6.79}
{"seed": 9320113, "family": "quad", "window_frac": 0.1, "f": 0.95, "status": "ok", "t_c": 5364, "t_fc": 6055, "err_cross": 3, "err_lag": 0, "err_ref": 0, "secs": 6.79}
{"seed": 9320113, "family": "quad", "window_frac": 0.1, "f": 0.98, "status": "ok", "t_c": 5750, "t_fc": 6053, "err_cross": 1, "err_lag": 1, "err_ref": 0, "secs": 6.84}
{"seed": 9320114, "family": "quad", "window_frac": 0.1, "f": 0.8, "status": "ok", "t_c": 3692, "t_fc": 6499, "err_cross": 180, "err_lag": 1, "err_ref": 0, "secs": 14.26}
{"seed": 9320114, "family": "quad", "window_frac": 0.1, "f": 0.9, "status": "ok", "t_c": 4954, "t_fc": 6339, "err_cross": 20, "err_lag": 0, "err_ref": 0, "secs": 7.05}
{"seed": 9320114, "family": "quad", "window_frac": 0.1, "f": 0.95, "status": "ok", "t_c": 5606, "t_fc": 6323, "err_cross": 4, "err_lag": 1, "err_ref": 0, "secs": 6.98}
{"seed": 9320114, "family": "quad", "window_frac": 0.1, "f": 0.98, "status": "ok", "t_c": 6004, "t_fc": 6320, "err_cross": 1, "err_lag": 1, "err_ref": 0, "secs": 6.99}
{"seed": 9320115, "family": "quad", "window_frac": 0.1, "f": 0.8, "status": "ok", "t_c": 3009, "t_fc": 5357, "err_cross": 76, "err_lag": 1, "err_ref": 2, "secs": 11.86}
{"seed": 9320115, "family": "quad", "window_frac": 0.1, "f": 0.9, "status": "ok", "t_c": 4117, "t_fc": 5295, "err_cross": 14, "err_lag": 1, "err_ref": 2, "secs": 5.92}
{"seed": 9320115, "family": "quad", "window_frac": 0.1, "f": 0.95, "status": "ok", "t_c": 4686, "t_fc": 5285, "err_cross": 4, "err_lag": 1, "err_ref": 2, "secs": 5.91}
{"seed": 9320115, "family": "quad", "window_frac": 0.1, "f": 0.98, "status": "ok", "t_c": 5032, "t_fc": 5283, "err_cross": 2, "err_lag": 1, "err_ref": 2, "secs": 6.07}
{"seed": 9320117, "family": "quad", "window_frac": 0.1, "f": 0.8, "status": "ok", "t_c": 1926, "t_fc": 3920, "err_cross": 71, "err_lag": 2, "err_ref": 3, "secs": 8.89}
{"seed": 9320117, "family": "quad", "window_frac": 0.1, "f": 0.9, "status": "ok", "t_c": 2870, "t_fc": 3861, "err_cross": 12, "err_lag": 3, "err_ref": 3, "secs": 4.36}
{"seed": 9320117, "family": "quad", "window_frac": 0.1, "f": 0.95, "status": "ok", "t_c": 3353, "t_fc": 3853, "err_cross": 4, "err_lag": 2, "err_ref": 3, "secs": 4.34}
{"seed": 9320117, "family": "quad", "window_frac": 0.1, "f": 0.98, "status": "ok", "t_c": 3647, "t_fc": 3852, "err_cross": 3, "err_lag": 3, "err_ref": 3, "secs": 4.63}
{"seed": 9320118, "family": "quad", "window_frac": 0.1, "f": 0.8, "status": "ok", "t_c": 2683, "t_fc": 4982, "err_cross": 71, "err_lag": 2, "err_ref": 2, "secs": 11.94}
{"seed": 9320118, "family": "quad", "window_frac": 0.1, "f": 0.9, "status": "ok", "t_c": 3772, "t_fc": 4925, "err_cross": 14, "err_lag": 2, "err_ref": 2, "secs": 5.99}
{"seed": 9320118, "family": "quad", "window_frac": 0.1, "f": 0.95, "status": "ok", "t_c": 4330, "t_fc": 4915, "err_cross": 4, "err_lag": 2, "err_ref": 2, "secs": 6.13}
{"seed": 9320118, "family": "quad", "window_frac": 0.1, "f": 0.98, "status": "ok", "t_c": 4669, "t_fc": 4913, "err_cross": 2, "err_lag": 2, "err_ref": 2, "secs": 6.03}
{"seed": 9320119, "family": "quad", "window_frac": 0.1, "f": 0.8, "status": "ok", "t_c": 5190, "t_fc": 8683, "err_cross": 240, "err_lag": 1, "err_ref": 0, "secs": 21.03}
{"seed": 9320119, "family": "quad", "window_frac": 0.1, "f": 0.9, "status": "ok", "t_c": 6753, "t_fc": 8470, "err_cross": 27, "err_lag": 0, "err_ref": 0, "secs": 9.52}
{"seed": 9320119, "family": "quad", "window_frac": 0.1, "f": 0.95, "status": "ok", "t_c": 7562, "t_fc": 8448, "err_cross": 5, "err_lag": 0, "err_ref": 0, "secs": 9.46}
{"seed": 9320119, "family": "quad", "window_frac": 0.1, "f": 0.98, "status": "ok", "t_c": 8057, "t_fc": 8444, "err_cross": 1, "err_lag": 0, "err_ref": 0, "secs": 9.42}
gate (44, 816.12)
{"seed": 9330102, "family": "rate", "window_frac": 0.05, "f": 0.8, "status": "ok", "t_c": 5437, "t_fc": 8894, "err_cross": -427, "err_lag": -18, "err_ref": 0, "secs": 4.93}
{"seed": 9330102, "family": "rate", "window_frac": 0.05, "f": 0.9, "status": "ok", "t_c": 7348, "t_fc": 9203, "err_cross": -118, "err_lag": -8, "err_ref": 0, "secs": 2.48}
{"seed": 9330102, "family": "rate", "window_frac": 0.05, "f": 0.95, "status": "ok", "t_c": 8324, "t_fc": 9285, "err_cross": -36, "err_lag": -3, "err_ref": 0, "secs": 2.52}
{"seed": 9330102, "family": "rate", "window_frac": 0.05, "f": 0.98, "status": "ok", "t_c": 8916, "t_fc": 9312, "err_cross": -9, "err_lag": -1, "err_ref": 0, "secs": 2.53}
{"seed": 9330103, "family": "rate", "window_frac": 0.05, "f": 0.8, "status": "ok", "t_c": 5365, "t_fc": 8863, "err_cross": -407, "err_lag": -19, "err_ref": 0, "secs": 4.96}
{"seed": 9330103, "family": "rate", "window_frac": 0.05, "f": 0.9, "status": "ok", "t_c": 7284, "t_fc": 9157, "err_cross": -113, "err_lag": -10, "err_ref": 0, "secs": 2.49}
{"seed": 9330103, "family": "rate", "window_frac": 0.05, "f": 0.95, "status": "ok", "t_c": 8263, "t_fc": 9235, "err_cross": -35, "err_lag": -5, "err_ref": 0, "secs": 2.51}
{"seed": 9330103, "family": "rate", "window_frac": 0.05, "f": 0.98, "status": "ok", "t_c": 8857, "t_fc": 9261, "err_cross": -9, "err_lag": -2, "err_ref": 0, "secs": 2.52}
{"seed": 9330107, "family": "rate", "window_frac": 0.05, "f": 0.8, "status": "ok", "t_c": 6274, "t_fc": 10067, "err_cross": -404, "err_lag": -19, "err_ref": 0, "secs": 5.63}
{"seed": 9330107, "family": "rate", "window_frac": 0.05, "f": 0.9, "status": "ok", "t_c": 8328, "t_fc": 10358, "err_cross": -113, "err_lag": -10, "err_ref": 0, "secs": 2.82}
{"seed": 9330107, "family": "rate", "window_frac": 0.05, "f": 0.95, "status": "ok", "t_c": 9378, "t_fc": 10436, "err_cross": -35, "err_lag": -4, "err_ref": 0, "secs": 2.83}
{"seed": 9330107, "family": "rate", "window_frac": 0.05, "f": 0.98, "status": "ok", "t_c": 10016, "t_fc": 10462, "err_cross": -9, "err_lag": -2, "err_ref": 0, "secs": 2.96}
{"seed": 9330110, "family": "rate", "window_frac": 0.05, "f": 0.8, "status": "ok", "t_c": 7239, "t_fc": 11335, "err_cross": -439, "err_lag": -21, "err_ref": 0, "secs": 6.51}
{"seed": 9330110, "family": "rate", "window_frac": 0.05, "f": 0.9, "status": "ok", "t_c": 9460, "t_fc": 11651, "err_cross": -123, "err_lag": -10, "err_ref": 0, "secs": 3.56}
{"seed": 9330110, "family": "rate", "window_frac": 0.05, "f": 0.95, "status": "ok", "t_c": 10597, "t_fc": 11735, "err_cross": -39, "err_lag": -6, "err_ref": 0, "secs": 3.16}
{"seed": 9330110, "family": "rate", "window_frac": 0.05, "f": 0.98, "status": "ok", "t_c": 11289, "t_fc": 11764, "err_cross": -10, "err_lag": -2, "err_ref": 0, "secs": 3.14}
{"seed": 9330115, "family": "rate", "window_frac": 0.05, "f": 0.8, "status": "ok", "t_c": 4827, "t_fc": 8100, "err_cross": -447, "err_lag": -18, "err_ref": 0, "secs": 4.54}
{"seed": 9330115, "family": "rate", "window_frac": 0.05, "f": 0.9, "status": "ok", "t_c": 6665, "t_fc": 8423, "err_cross": -124, "err_lag": -9, "err_ref": 0, "secs": 2.33}
{"seed": 9330115, "family": "rate", "window_frac": 0.05, "f": 0.95, "status": "ok", "t_c": 7602, "t_fc": 8509, "err_cross": -38, "err_lag": -4, "err_ref": 0, "secs": 2.35}
{"seed": 9330115, "family": "rate", "window_frac": 0.05, "f": 0.98, "status": "ok", "t_c": 8171, "t_fc": 8538, "err_cross": -9, "err_lag": -1, "err_ref": 0, "secs": 2.34}
{"seed": 9330116, "family": "rate", "window_frac": 0.05, "f": 0.8, "status": "ok", "t_c": 5106, "t_fc": 8445, "err_cross": -421, "err_lag": -19, "err_ref": 0, "secs": 4.74}
{"seed": 9330116, "family": "rate", "window_frac": 0.05, "f": 0.9, "status": "ok", "t_c": 6957, "t_fc": 8749, "err_cross": -117, "err_lag": -9, "err_ref": 0, "secs": 2.38}
{"seed": 9330116, "family": "rate", "window_frac": 0.05, "f": 0.95, "status": "ok", "t_c": 7902, "t_fc": 8830, "err_cross": -36, "err_lag": -4, "err_ref": 0, "secs": 2.43}
{"seed": 9330116, "family": "rate", "window_frac": 0.05, "f": 0.98, "status": "ok", "t_c": 8475, "t_fc": 8857, "err_cross": -9, "err_lag": -2, "err_ref": 0, "secs": 2.53}
{"seed": 9330118, "family": "rate", "window_frac": 0.05, "f": 0.8, "status": "ok", "t_c": 4757, "t_fc": 7970, "err_cross": -408, "err_lag": -17, "err_ref": 0, "secs": 4.7}
{"seed": 9330118, "family": "rate", "window_frac": 0.05, "f": 0.9, "status": "ok", "t_c": 6542, "t_fc": 8265, "err_cross": -113, "err_lag": -8, "err_ref": 0, "secs": 2.29}
{"seed": 9330118, "family": "rate", "window_frac": 0.05, "f": 0.95, "status": "ok", "t_c": 7453, "t_fc": 8344, "err_cross": -34, "err_lag": -4, "err_ref": 0, "secs": 2.38}
{"seed": 9330118, "family": "rate", "window_frac": 0.05, "f": 0.98, "status": "ok", "t_c": 8007, "t_fc": 8369, "err_cross": -9, "err_lag": -2, "err_ref": 0, "secs": 2.51}
{"seed": 9330121, "family": "rate", "window_frac": 0.05, "f": 0.8, "status": "ok", "t_c": 12217, "t_fc": 18109, "err_cross": -419, "err_lag": -20, "err_ref": 0, "secs": 10.23}
{"seed": 9330121, "family": "rate", "window_frac": 0.05, "f": 0.9, "status": "ok", "t_c": 15284, "t_fc": 18406, "err_cross": -122, "err_lag": -10, "err_ref": 0, "secs": 4.99}
{"seed": 9330121, "family": "rate", "window_frac": 0.05, "f": 0.95, "status": "ok", "t_c": 16867, "t_fc": 18488, "err_cross": -40, "err_lag": -6, "err_ref": 0, "secs": 5.53}
{"seed": 9330121, "family": "rate", "window_frac": 0.05, "f": 0.98, "status": "ok", "t_c": 17832, "t_fc": 18517, "err_cross": -11, "err_lag": -3, "err_ref": 0, "secs": 5.2}
{"seed": 9330123, "family": "rate", "window_frac": 0.05, "f": 0.8, "status": "ok", "t_c": 5355, "t_fc": 8832, "err_cross": -415, "err_lag": -20, "err_ref": 0, "secs": 5.12}
{"seed": 9330123, "family": "rate", "window_frac": 0.05, "f": 0.9, "status": "ok", "t_c": 7265, "t_fc": 9131, "err_cross": -116, "err_lag": -10, "err_ref": 0, "secs": 2.52}
{"seed": 9330123, "family": "rate", "window_frac": 0.05, "f": 0.95, "status": "ok", "t_c": 8241, "t_fc": 9211, "err_cross": -36, "err_lag": -5, "err_ref": 0, "secs": 2.51}
{"seed": 9330123, "family": "rate", "window_frac": 0.05, "f": 0.98, "status": "ok", "t_c": 8833, "t_fc": 9238, "err_cross": -9, "err_lag": -2, "err_ref": 0, "secs": 2.51}
{"seed": 9330125, "family": "rate", "window_frac": 0.05, "f": 0.8, "status": "ok", "t_c": 2576, "t_fc": 5164, "err_cross": -359, "err_lag": -11, "err_ref": 0, "secs": 2.98}
{"seed": 9330125, "family": "rate", "window_frac": 0.05, "f": 0.9, "status": "ok", "t_c": 4031, "t_fc": 5425, "err_cross": -98, "err_lag": -6, "err_ref": 0, "secs": 1.51}
{"seed": 9330125, "family": "rate", "window_frac": 0.05, "f": 0.95, "status": "ok", "t_c": 4771, "t_fc": 5494, "err_cross": -29, "err_lag": -3, "err_ref": 0, "secs": 1.53}
{"seed": 9330125, "family": "rate", "window_frac": 0.05, "f": 0.98, "status": "ok", "t_c": 5220, "t_fc": 5516, "err_cross": -7, "err_lag": -1, "err_ref": 0, "secs": 1.53}
{"seed": 9330131, "family": "rate", "window_frac": 0.05, "f": 0.8, "status": "ok", "t_c": 7743, "t_fc": 12062, "err_cross": -400, "err_lag": -20, "err_ref": 0, "secs": 6.66}
{"seed": 9330131, "family": "rate", "window_frac": 0.05, "f": 0.9, "status": "ok", "t_c": 10044, "t_fc": 12349, "err_cross": -113, "err_lag": -10, "err_ref": 0, "secs": 3.45}
{"seed": 9330131, "family": "rate", "window_frac": 0.05, "f": 0.95, "status": "ok", "t_c": 11224, "t_fc": 12426, "err_cross": -36, "err_lag": -5, "err_ref": 0, "secs": 3.54}
{"seed": 9330131, "family": "rate", "window_frac": 0.05, "f": 0.98, "status": "ok", "t_c": 11942, "t_fc": 12452, "err_cross": -10, "err_lag": -3, "err_ref": 0, "secs": 3.55}
{"seed": 9330132, "family": "rate", "window_frac": 0.05, "f": 0.8, "status": "ok", "t_c": 4974, "t_fc": 8274, "err_cross": -418, "err_lag": -19, "err_ref": 0, "secs": 5.41}
{"seed": 9330132, "family": "rate", "window_frac": 0.05, "f": 0.9, "status": "ok", "t_c": 6802, "t_fc": 8576, "err_cross": -116, "err_lag": -9, "err_ref": 0, "secs": 2.36}
{"seed": 9330132, "family": "rate", "window_frac": 0.05, "f": 0.95, "status": "ok", "t_c": 7736, "t_fc": 8656, "err_cross": -36, "err_lag": -5, "err_ref": 0, "secs": 2.37}
{"seed": 9330132, "family": "rate", "window_frac": 0.05, "f": 0.98, "status": "ok", "t_c": 8302, "t_fc": 8683, "err_cross": -9, "err_lag": -2, "err_ref": 0, "secs": 2.39}
{"seed": 9330134, "family": "rate", "window_frac": 0.05, "f": 0.8, "status": "ok", "t_c": 5277, "t_fc": 8699, "err_cross": -426, "err_lag": -19, "err_ref": 0, "secs": 5.2}
{"seed": 9330134, "family": "rate", "window_frac": 0.05, "f": 0.9, "status": "ok", "t_c": 7172, "t_fc": 9007, "err_cross": -118, "err_lag": -9, "err_ref": 0, "secs": 2.48}
{"seed": 9330134, "family": "rate", "window_frac": 0.05, "f": 0.95, "status": "ok", "t_c": 8140, "t_fc": 9089, "err_cross": -36, "err_lag": -4, "err_ref": 0, "secs": 2.57}
{"seed": 9330134, "family": "rate", "window_frac": 0.05, "f": 0.98, "status": "ok", "t_c": 8727, "t_fc": 9116, "err_cross": -9, "err_lag": -2, "err_ref": 0, "secs": 2.53}
{"seed": 9330135, "family": "rate", "window_frac": 0.05, "f": 0.8, "status": "ok", "t_c": 5513, "t_fc": 9043, "err_cross": -398, "err_lag": -14, "err_ref": 0, "secs": 5.42}
{"seed": 9330135, "family": "rate", "window_frac": 0.05, "f": 0.9, "status": "ok", "t_c": 7436, "t_fc": 9331, "err_cross": -110, "err_lag": -7, "err_ref": 0, "secs": 2.72}
{"seed": 9330135, "family": "rate", "window_frac": 0.05, "f": 0.95, "status": "ok", "t_c": 8419, "t_fc": 9407, "err_cross": -34, "err_lag": -4, "err_ref": 0, "secs": 2.6}
{"seed": 9330135, "family": "rate", "window_frac": 0.05, "f": 0.98, "status": "ok", "t_c": 9015, "t_fc": 9432, "err_cross": -9, "err_lag": -2, "err_ref": 0, "secs": 2.6}
{"seed": 9330139, "family": "rate", "window_frac": 0.05, "f": 0.8, "status": "ok", "t_c": 8464, "t_fc": 13023, "err_cross": -404, "err_lag": -20, "err_ref": 0, "secs": 7.2}
{"seed": 9330139, "family": "rate", "window_frac": 0.05, "f": 0.9, "status": "ok", "t_c": 10884, "t_fc": 13313, "err_cross": -114, "err_lag": -10, "err_ref": 0, "secs": 3.62}
{"seed": 9330139, "family": "rate", "window_frac": 0.05, "f": 0.95, "status": "ok", "t_c": 12125, "t_fc": 13390, "err_cross": -37, "err_lag": -6, "err_ref": 0, "secs": 3.64}
{"seed": 9330139, "family": "rate", "window_frac": 0.05, "f": 0.98, "status": "ok", "t_c": 12881, "t_fc": 13417, "err_cross": -10, "err_lag": -2, "err_ref": 0, "secs": 3.64}
{"seed": 9330143, "family": "rate", "window_frac": 0.05, "f": 0.8, "status": "ok", "t_c": 15716, "t_fc": 23257, "err_cross": -225, "err_lag": -10, "err_ref": 0, "secs": 12.59}
{"seed": 9330143, "family": "rate", "window_frac": 0.05, "f": 0.9, "status": "ok", "t_c": 19452, "t_fc": 23403, "err_cross": -79, "err_lag": -5, "err_ref": 0, "secs": 6.28}
{"seed": 9330143, "family": "rate", "window_frac": 0.05, "f": 0.95, "status": "ok", "t_c": 21390, "t_fc": 23454, "err_cross": -28, "err_lag": -3, "err_ref": 0, "secs": 6.29}
{"seed": 9330143, "family": "rate", "window_frac": 0.05, "f": 0.98, "status": "ok", "t_c": 22577, "t_fc": 23474, "err_cross": -8, "err_lag": -1, "err_ref": 0, "secs": 6.33}
{"seed": 9330144, "family": "rate", "window_frac": 0.05, "f": 0.8, "status": "ok", "t_c": 8188, "t_fc": 12562, "err_cross": -464, "err_lag": -20, "err_ref": 0, "secs": 6.95}
{"seed": 9330144, "family": "rate", "window_frac": 0.05, "f": 0.9, "status": "ok", "t_c": 10556, "t_fc": 12896, "err_cross": -130, "err_lag": -10, "err_ref": 0, "secs": 3.49}
{"seed": 9330144, "family": "rate", "window_frac": 0.05, "f": 0.95, "status": "ok", "t_c": 11770, "t_fc": 12985, "err_cross": -41, "err_lag": -5, "err_ref": 0, "secs": 3.52}
{"seed": 9330144, "family": "rate", "window_frac": 0.05, "f": 0.98, "status": "ok", "t_c": 12509, "t_fc": 13015, "err_cross": -11, "err_lag": -2, "err_ref": 0, "secs": 3.54}
{"seed": 9330145, "family": "rate", "window_frac": 0.05, "f": 0.8, "status": "ok", "t_c": 6579, "t_fc": 10428, "err_cross": -441, "err_lag": -20, "err_ref": 0, "secs": 5.93}
{"seed": 9330145, "family": "rate", "window_frac": 0.05, "f": 0.9, "status": "ok", "t_c": 8683, "t_fc": 10746, "err_cross": -123, "err_lag": -9, "err_ref": 0, "secs": 2.98}
{"seed": 9330145, "family": "rate", "window_frac": 0.05, "f": 0.95, "status": "ok", "t_c": 9759, "t_fc": 10831, "err_cross": -38, "err_lag": -4, "err_ref": 0, "secs": 2.97}
{"seed": 9330145, "family": "rate", "window_frac": 0.05, "f": 0.98, "status": "ok", "t_c": 10412, "t_fc": 10859, "err_cross": -10, "err_lag": -2, "err_ref": 0, "secs": 2.99}
{"seed": 9330146, "family": "rate", "window_frac": 0.05, "f": 0.8, "status": "ok", "t_c": 5590, "t_fc": 9116, "err_cross": -424, "err_lag": -14, "err_ref": 0, "secs": 5.18}
{"seed": 9330146, "family": "rate", "window_frac": 0.05, "f": 0.9, "status": "ok", "t_c": 7528, "t_fc": 9423, "err_cross": -117, "err_lag": -7, "err_ref": 0, "secs": 2.79}
{"seed": 9330146, "family": "rate", "window_frac": 0.05, "f": 0.95, "status": "ok", "t_c": 8518, "t_fc": 9504, "err_cross": -36, "err_lag": -4, "err_ref": 0, "secs": 2.81}
{"seed": 9330146, "family": "rate", "window_frac": 0.05, "f": 0.98, "status": "ok", "t_c": 9119, "t_fc": 9531, "err_cross": -9, "err_lag": -1, "err_ref": 0, "secs": 2.81}
{"seed": 9330147, "family": "rate", "window_frac": 0.05, "f": 0.8, "status": "ok", "t_c": 4816, "t_fc": 8104, "err_cross": -409, "err_lag": -13, "err_ref": 0, "secs": 4.7}
{"seed": 9330147, "family": "rate", "window_frac": 0.05, "f": 0.9, "status": "ok", "t_c": 6630, "t_fc": 8400, "err_cross": -113, "err_lag": -7, "err_ref": 0, "secs": 2.33}
{"seed": 9330147, "family": "rate", "window_frac": 0.05, "f": 0.95, "status": "ok", "t_c": 7556, "t_fc": 8479, "err_cross": -34, "err_lag": -3, "err_ref": 0, "secs": 2.35}
{"seed": 9330147, "family": "rate", "window_frac": 0.05, "f": 0.98, "status": "ok", "t_c": 8117, "t_fc": 8504, "err_cross": -9, "err_lag": -1, "err_ref": 0, "secs": 2.36}
{"seed": 9330148, "family": "rate", "window_frac": 0.05, "f": 0.8, "status": "ok", "t_c": 10417, "t_fc": 15657, "err_cross": -428, "err_lag": -19, "err_ref": 0, "secs": 9.23}
{"seed": 9330148, "family": "rate", "window_frac": 0.05, "f": 0.9, "status": "ok", "t_c": 13182, "t_fc": 15963, "err_cross": -122, "err_lag": -9, "err_ref": 0, "secs": 4.64}
{"seed": 9330148, "family": "rate", "window_frac": 0.05, "f": 0.95, "status": "ok", "t_c": 14605, "t_fc": 16046, "err_cross": -39, "err_lag": -5, "err_ref": 0, "secs": 4.69}
{"seed": 9330148, "family": "rate", "window_frac": 0.05, "f": 0.98, "status": "ok", "t_c": 15472, "t_fc": 16074, "err_cross": -11, "err_lag": -2, "err_ref": 0, "secs": 4.7}
{"seed": 9330149, "family": "rate", "window_frac": 0.05, "f": 0.8, "status": "ok", "t_c": 6971, "t_fc": 10949, "err_cross": -434, "err_lag": -20, "err_ref": -1, "secs": 6.57}
{"seed": 9330149, "family": "rate", "window_frac": 0.05, "f": 0.9, "status": "ok", "t_c": 9133, "t_fc": 11262, "err_cross": -121, "err_lag": -9, "err_ref": -1, "secs": 3.3}
{"seed": 9330149, "family": "rate", "window_frac": 0.05, "f": 0.95, "status": "ok", "t_c": 10240, "t_fc": 11345, "err_cross": -38, "err_lag": -5, "err_ref": -1, "secs": 3.43}
{"seed": 9330149, "family": "rate", "window_frac": 0.05, "f": 0.98, "status": "ok", "t_c": 10913, "t_fc": 11372, "err_cross": -11, "err_lag": -3, "err_ref": -1, "secs": 3.34}
{"seed": 9330151, "family": "rate", "window_frac": 0.05, "f": 0.8, "status": "ok", "t_c": 3894, "t_fc": 6814, "err_cross": -393, "err_lag": -17, "err_ref": 0, "secs": 4.19}
{"seed": 9330151, "family": "rate", "window_frac": 0.05, "f": 0.9, "status": "ok", "t_c": 5528, "t_fc": 7098, "err_cross": -109, "err_lag": -8, "err_ref": 0, "secs": 2.11}
{"seed": 9330151, "family": "rate", "window_frac": 0.05, "f": 0.95, "status": "ok", "t_c": 6361, "t_fc": 7174, "err_cross": -33, "err_lag": -3, "err_ref": 0, "secs": 2.12}
{"seed": 9330151, "family": "rate", "window_frac": 0.05, "f": 0.98, "status": "ok", "t_c": 6867, "t_fc": 7198, "err_cross": -9, "err_lag": -2, "err_ref": 0, "secs": 2.13}
{"seed": 9330153, "family": "rate", "window_frac": 0.05, "f": 0.8, "status": "ok", "t_c": 6436, "t_fc": 10268, "err_cross": -433, "err_lag": -21, "err_ref": 0, "secs": 6.16}
{"seed": 9330153, "family": "rate", "window_frac": 0.05, "f": 0.9, "status": "ok", "t_c": 8525, "t_fc": 10580, "err_cross": -121, "err_lag": -10, "err_ref": 0, "secs": 3.11}
{"seed": 9330153, "family": "rate", "window_frac": 0.05, "f": 0.95, "status": "ok", "t_c": 9593, "t_fc": 10663, "err_cross": -38, "err_lag": -5, "err_ref": 0, "secs": 3.13}
{"seed": 9330153, "family": "rate", "window_frac": 0.05, "f": 0.98, "status": "ok", "t_c": 10242, "t_fc": 10691, "err_cross": -10, "err_lag": -2, "err_ref": 0, "secs": 3.15}
{"seed": 9330154, "family": "rate", "window_frac": 0.05, "f": 0.8, "status": "ok", "t_c": 4598, "t_fc": 7841, "err_cross": -409, "err_lag": -15, "err_ref": 0, "secs": 4.8}
{"seed": 9330154, "family": "rate", "window_frac": 0.05, "f": 0.9, "status": "ok", "t_c": 6391, "t_fc": 8137, "err_cross": -113, "err_lag": -8, "err_ref": 0, "secs": 2.4}
{"seed": 9330154, "family": "rate", "window_frac": 0.05, "f": 0.95, "status": "ok", "t_c": 7306, "t_fc": 8215, "err_cross": -35, "err_lag": -4, "err_ref": 0, "secs": 2.44}
{"seed": 9330154, "family": "rate", "window_frac": 0.05, "f": 0.98, "status": "ok", "t_c": 7861, "t_fc": 8241, "err_cross": -9, "err_lag": -2, "err_ref": 0, "secs": 2.44}
{"seed": 9330155, "family": "rate", "window_frac": 0.05, "f": 0.8, "status": "ok", "t_c": 9893, "t_fc": 14990, "err_cross": -384, "err_lag": -18, "err_ref": 0, "secs": 9.04}
{"seed": 9330155, "family": "rate", "window_frac": 0.05, "f": 0.9, "status": "ok", "t_c": 12562, "t_fc": 15264, "err_cross": -110, "err_lag": -9, "err_ref": 0, "secs": 4.69}
{"seed": 9330155, "family": "rate", "window_frac": 0.05, "f": 0.95, "status": "ok", "t_c": 13934, "t_fc": 15339, "err_cross": -35, "err_lag": -4, "err_ref": 0, "secs": 4.8}
{"seed": 9330155, "family": "rate", "window_frac": 0.05, "f": 0.98, "status": "ok", "t_c": 14770, "t_fc": 15364, "err_cross": -10, "err_lag": -2, "err_ref": 0, "secs": 4.82}
{"seed": 9330102, "family": "quad", "window_frac": 0.1, "f": 0.8, "status": "ok", "t_c": 5437, "t_fc": 10240, "err_cross": 919, "err_lag": 70, "err_ref": 0, "secs": 6.11}
{"seed": 9330102, "family": "quad", "window_frac": 0.1, "f": 0.9, "status": "ok", "t_c": 7348, "t_fc": 9389, "err_cross": 68, "err_lag": 5, "err_ref": 0, "secs": 2.95}
{"seed": 9330102, "family": "quad", "window_frac": 0.1, "f": 0.95, "status": "ok", "t_c": 8324, "t_fc": 9333, "err_cross": 12, "err_lag": 2, "err_ref": 0, "secs": 2.78}
{"seed": 9330102, "family": "quad", "window_frac": 0.1, "f": 0.98, "status": "ok", "t_c": 8916, "t_fc": 9323, "err_cross": 2, "err_lag": 1, "err_ref": 0, "secs": 2.69}
{"seed": 9330103, "family": "quad", "window_frac": 0.1, "f": 0.8, "status": "ok", "t_c": 5365, "t_fc": 10100, "err_cross": 830, "err_lag": 59, "err_ref": 0, "secs": 5.27}
{"seed": 9330103, "family": "quad", "window_frac": 0.1, "f": 0.9, "status": "ok", "t_c": 7284, "t_fc": 9335, "err_cross": 65, "err_lag": 4, "err_ref": 0, "secs": 2.54}
{"seed": 9330103, "family": "quad", "window_frac": 0.1, "f": 0.95, "status": "ok", "t_c": 8263, "t_fc": 9281, "err_cross": 11, "err_lag": 1, "err_ref": 0, "secs": 2.54}
{"seed": 9330103, "family": "quad", "window_frac": 0.1, "f": 0.98, "status": "ok", "t_c": 8857, "t_fc": 9272, "err_cross": 2, "err_lag": 0, "err_ref": 0, "secs": 2.53}
{"seed": 9330107, "family": "quad", "window_frac": 0.1, "f": 0.8, "status": "ok", "t_c": 6274, "t_fc": 11343, "err_cross": 872, "err_lag": 62, "err_ref": 0, "secs": 5.91}
{"seed": 9330107, "family": "quad", "window_frac": 0.1, "f": 0.9, "status": "ok", "t_c": 8328, "t_fc": 10541, "err_cross": 70, "err_lag": 5, "err_ref": 0, "secs": 2.85}
{"seed": 9330107, "family": "quad", "window_frac": 0.1, "f": 0.95, "status": "ok", "t_c": 9378, "t_fc": 10484, "err_cross": 13, "err_lag": 2, "err_ref": 0, "secs": 2.84}
{"seed": 9330107, "family": "quad", "window_frac": 0.1, "f": 0.98, "status": "ok", "t_c": 10016, "t_fc": 10473, "err_cross": 2, "err_lag": 0, "err_ref": 0, "secs": 2.84}
{"seed": 9330110, "family": "quad", "window_frac": 0.1, "f": 0.8, "status": "ok", "t_c": 7239, "t_fc": 12769, "err_cross": 995, "err_lag": 67, "err_ref": 0, "secs": 6.63}
{"seed": 9330110, "family": "quad", "window_frac": 0.1, "f": 0.9, "status": "ok", "t_c": 9460, "t_fc": 11853, "err_cross": 79, "err_lag": 5, "err_ref": 0, "secs": 3.2}
{"seed": 9330110, "family": "quad", "window_frac": 0.1, "f": 0.95, "status": "ok", "t_c": 10597, "t_fc": 11788, "err_cross": 14, "err_lag": 1, "err_ref": 0, "secs": 3.18}
{"seed": 9330110, "family": "quad", "window_frac": 0.1, "f": 0.98, "status": "ok", "t_c": 11289, "t_fc": 11776, "err_cross": 2, "err_lag": 0, "err_ref": 0, "secs": 3.18}
{"seed": 9330115, "family": "quad", "window_frac": 0.1, "f": 0.8, "status": "ok", "t_c": 4827, "t_fc": 9510, "err_cross": 963, "err_lag": 81, "err_ref": 0, "secs": 4.9}
{"seed": 9330115, "family": "quad", "window_frac": 0.1, "f": 0.9, "status": "ok", "t_c": 6665, "t_fc": 8614, "err_cross": 67, "err_lag": 5, "err_ref": 0, "secs": 2.33}
{"seed": 9330115, "family": "quad", "window_frac": 0.1, "f": 0.95, "status": "ok", "t_c": 7602, "t_fc": 8559, "err_cross": 12, "err_lag": 2, "err_ref": 0, "secs": 2.32}
{"seed": 9330115, "family": "quad", "window_frac": 0.1, "f": 0.98, "status": "ok", "t_c": 8171, "t_fc": 8549, "err_cross": 2, "err_lag": 1, "err_ref": 0, "secs": 2.32}
{"seed": 9330116, "family": "quad", "window_frac": 0.1, "f": 0.8, "status": "ok", "t_c": 5106, "t_fc": 9754, "err_cross": 888, "err_lag": 69, "err_ref": 0, "secs": 5.09}
{"seed": 9330116, "family": "quad", "window_frac": 0.1, "f": 0.9, "status": "ok", "t_c": 6957, "t_fc": 8931, "err_cross": 65, "err_lag": 4, "err_ref": 0, "secs": 2.43}
{"seed": 9330116, "family": "quad", "window_frac": 0.1, "f": 0.95, "status": "ok", "t_c": 7902, "t_fc": 8877, "err_cross": 11, "err_lag": 1, "err_ref": 0, "secs": 2.44}
{"seed": 9330116, "family": "quad", "window_frac": 0.1, "f": 0.98, "status": "ok", "t_c": 8475, "t_fc": 8868, "err_cross": 2, "err_lag": 1, "err_ref": 0, "secs": 2.42}
{"seed": 9330118, "family": "quad", "window_frac": 0.1, "f": 0.8, "status": "ok", "t_c": 4757, "t_fc": 9232, "err_cross": 854, "err_lag": 60, "err_ref": 0, "secs": 4.79}
{"seed": 9330118, "family": "quad", "window_frac": 0.1, "f": 0.9, "status": "ok", "t_c": 6542, "t_fc": 8441, "err_cross": 63, "err_lag": 4, "err_ref": 0, "secs": 2.33}
{"seed": 9330118, "family": "quad", "window_frac": 0.1, "f": 0.95, "status": "ok", "t_c": 7453, "t_fc": 8388, "err_cross": 10, "err_lag": 0, "err_ref": 0, "secs": 2.3}
{"seed": 9330118, "family": "quad", "window_frac": 0.1, "f": 0.98, "status": "ok", "t_c": 8007, "t_fc": 8380, "err_cross": 2, "err_lag": 0, "err_ref": 0, "secs": 2.3}
{"seed": 9330121, "family": "quad", "window_frac": 0.1, "f": 0.8, "status": "ok", "t_c": 12217, "t_fc": 19726, "err_cross": 1198, "err_lag": 55, "err_ref": 0, "secs": 10.3}
{"seed": 9330121, "family": "quad", "window_frac": 0.1, "f": 0.9, "status": "ok", "t_c": 15284, "t_fc": 18634, "err_cross": 106, "err_lag": 5, "err_ref": 0, "secs": 5.0}
{"seed": 9330121, "family": "quad", "window_frac": 0.1, "f": 0.95, "status": "ok", "t_c": 16867, "t_fc": 18547, "err_cross": 19, "err_lag": 1, "err_ref": 0, "secs": 4.97}
{"seed": 9330121, "family": "quad", "window_frac": 0.1, "f": 0.98, "status": "ok", "t_c": 17832, "t_fc": 18531, "err_cross": 3, "err_lag": 0, "err_ref": 0, "secs": 4.98}
{"seed": 9330123, "family": "quad", "window_frac": 0.1, "f": 0.8, "status": "ok", "t_c": 5355, "t_fc": 10110, "err_cross": 863, "err_lag": 65, "err_ref": 0, "secs": 5.24}
{"seed": 9330123, "family": "quad", "window_frac": 0.1, "f": 0.9, "status": "ok", "t_c": 7265, "t_fc": 9313, "err_cross": 66, "err_lag": 5, "err_ref": 0, "secs": 2.53}
{"seed": 9330123, "family": "quad", "window_frac": 0.1, "f": 0.95, "status": "ok", "t_c": 8241, "t_fc": 9258, "err_cross": 11, "err_lag": 1, "err_ref": 0, "secs": 2.52}
{"seed": 9330123, "family": "quad", "window_frac": 0.1, "f": 0.98, "status": "ok", "t_c": 8833, "t_fc": 9249, "err_cross": 2, "err_lag": 0, "err_ref": 0, "secs": 2.52}
{"seed": 9330125, "family": "quad", "window_frac": 0.1, "f": 0.8, "status": "ok", "t_c": 2576, "t_fc": 6173, "err_cross": 650, "err_lag": 40, "err_ref": 0, "secs": 3.23}
{"seed": 9330125, "family": "quad", "window_frac": 0.1, "f": 0.9, "status": "ok", "t_c": 4031, "t_fc": 5569, "err_cross": 46, "err_lag": 3, "err_ref": 0, "secs": 1.54}
{"seed": 9330125, "family": "quad", "window_frac": 0.1, "f": 0.95, "status": "ok", "t_c": 4771, "t_fc": 5530, "err_cross": 7, "err_lag": 0, "err_ref": 0, "secs": 1.54}
{"seed": 9330125, "family": "quad", "window_frac": 0.1, "f": 0.98, "status": "ok", "t_c": 5220, "t_fc": 5524, "err_cross": 1, "err_lag": 0, "err_ref": 0, "secs": 1.53}
{"seed": 9330131, "family": "quad", "window_frac": 0.1, "f": 0.8, "status": "ok", "t_c": 7743, "t_fc": 13383, "err_cross": 921, "err_lag": 57, "err_ref": 0, "secs": 7.0}
{"seed": 9330131, "family": "quad", "window_frac": 0.1, "f": 0.9, "status": "ok", "t_c": 10044, "t_fc": 12540, "err_cross": 78, "err_lag": 5, "err_ref": 0, "secs": 3.39}
{"seed": 9330131, "family": "quad", "window_frac": 0.1, "f": 0.95, "status": "ok", "t_c": 11224, "t_fc": 12476, "err_cross": 14, "err_lag": 1, "err_ref": 0, "secs": 3.36}
{"seed": 9330131, "family": "quad", "window_frac": 0.1, "f": 0.98, "status": "ok", "t_c": 11942, "t_fc": 12464, "err_cross": 2, "err_lag": 0, "err_ref": 0, "secs": 3.37}
{"seed": 9330132, "family": "quad", "window_frac": 0.1, "f": 0.8, "status": "ok", "t_c": 4974, "t_fc": 9577, "err_cross": 885, "err_lag": 69, "err_ref": 0, "secs": 4.94}
{"seed": 9330132, "family": "quad", "window_frac": 0.1, "f": 0.9, "status": "ok", "t_c": 6802, "t_fc": 8757, "err_cross": 65, "err_lag": 5, "err_ref": 0, "secs": 2.39}
{"seed": 9330132, "family": "quad", "window_frac": 0.1, "f": 0.95, "status": "ok", "t_c": 7736, "t_fc": 8703, "err_cross": 11, "err_lag": 1, "err_ref": 0, "secs": 2.4}
{"seed": 9330132, "family": "quad", "window_frac": 0.1, "f": 0.98, "status": "ok", "t_c": 8302, "t_fc": 8693, "err_cross": 1, "err_lag": -1, "err_ref": 0, "secs": 2.36}
{"seed": 9330134, "family": "quad", "window_frac": 0.1, "f": 0.8, "status": "ok", "t_c": 5277, "t_fc": 10019, "err_cross": 894, "err_lag": 66, "err_ref": 0, "secs": 5.2}
{"seed": 9330134, "family": "quad", "window_frac": 0.1, "f": 0.9, "status": "ok", "t_c": 7172, "t_fc": 9192, "err_cross": 67, "err_lag": 5, "err_ref": 0, "secs": 2.49}
{"seed": 9330134, "family": "quad", "window_frac": 0.1, "f": 0.95, "status": "ok", "t_c": 8140, "t_fc": 9136, "err_cross": 11, "err_lag": 1, "err_ref": 0, "secs": 2.48}
{"seed": 9330134, "family": "quad", "window_frac": 0.1, "f": 0.98, "status": "ok", "t_c": 8727, "t_fc": 9127, "err_cross": 2, "err_lag": 0, "err_ref": 0, "secs": 2.52}
{"seed": 9330135, "family": "quad", "window_frac": 0.1, "f": 0.8, "status": "ok", "t_c": 5513, "t_fc": 10274, "err_cross": 833, "err_lag": 45, "err_ref": 0, "secs": 5.36}
{"seed": 9330135, "family": "quad", "window_frac": 0.1, "f": 0.9, "status": "ok", "t_c": 7436, "t_fc": 9506, "err_cross": 65, "err_lag": 3, "err_ref": 0, "secs": 2.59}
{"seed": 9330135, "family": "quad", "window_frac": 0.1, "f": 0.95, "status": "ok", "t_c": 8419, "t_fc": 9452, "err_cross": 11, "err_lag": 1, "err_ref": 0, "secs": 2.57}
{"seed": 9330135, "family": "quad", "window_frac": 0.1, "f": 0.98, "status": "ok", "t_c": 9015, "t_fc": 9443, "err_cross": 2, "err_lag": 0, "err_ref": 0, "secs": 2.56}
{"seed": 9330139, "family": "quad", "window_frac": 0.1, "f": 0.8, "status": "ok", "t_c": 8464, "t_fc": 14386, "err_cross": 959, "err_lag": 56, "err_ref": 0, "secs": 7.73}
{"seed": 9330139, "family": "quad", "window_frac": 0.1, "f": 0.9, "status": "ok", "t_c": 10884, "t_fc": 13509, "err_cross": 82, "err_lag": 5, "err_ref": 0, "secs": 4.34}
{"seed": 9330139, "family": "quad", "window_frac": 0.1, "f": 0.95, "status": "ok", "t_c": 12125, "t_fc": 13441, "err_cross": 14, "err_lag": 1, "err_ref": 0, "secs": 3.65}
{"seed": 9330139, "family": "quad", "window_frac": 0.1, "f": 0.98, "status": "ok", "t_c": 12881, "t_fc": 13429, "err_cross": 2, "err_lag": 0, "err_ref": 0, "secs": 3.63}
{"seed": 9330143, "family": "quad", "window_frac": 0.1, "f": 0.8, "status": "ok", "t_c": 15716, "t_fc": 24552, "err_cross": 1070, "err_lag": 24, "err_ref": 0, "secs": 12.84}
{"seed": 9330143, "family": "quad", "window_frac": 0.1, "f": 0.9, "status": "ok", "t_c": 19452, "t_fc": 23591, "err_cross": 109, "err_lag": 4, "err_ref": 0, "secs": 6.33}
{"seed": 9330143, "family": "quad", "window_frac": 0.1, "f": 0.95, "status": "ok", "t_c": 21390, "t_fc": 23503, "err_cross": 21, "err_lag": 2, "err_ref": 0, "secs": 6.32}
{"seed": 9330143, "family": "quad", "window_frac": 0.1, "f": 0.98, "status": "ok", "t_c": 22577, "t_fc": 23486, "err_cross": 4, "err_lag": 1, "err_ref": 0, "secs": 6.25}
{"seed": 9330144, "family": "quad", "window_frac": 0.1, "f": 0.8, "status": "ok", "t_c": 8188, "t_fc": 14151, "err_cross": 1125, "err_lag": 75, "err_ref": 0, "secs": 7.32}
{"seed": 9330144, "family": "quad", "window_frac": 0.1, "f": 0.9, "status": "ok", "t_c": 10556, "t_fc": 13113, "err_cross": 87, "err_lag": 6, "err_ref": 0, "secs": 3.6}
{"seed": 9330144, "family": "quad", "window_frac": 0.1, "f": 0.95, "status": "ok", "t_c": 11770, "t_fc": 13041, "err_cross": 15, "err_lag": 1, "err_ref": 0, "secs": 3.51}
{"seed": 9330144, "family": "quad", "window_frac": 0.1, "f": 0.98, "status": "ok", "t_c": 12509, "t_fc": 13028, "err_cross": 2, "err_lag": 0, "err_ref": 0, "secs": 3.53}
{"seed": 9330145, "family": "quad", "window_frac": 0.1, "f": 0.8, "status": "ok", "t_c": 6579, "t_fc": 11853, "err_cross": 984, "err_lag": 74, "err_ref": 0, "secs": 6.15}
{"seed": 9330145, "family": "quad", "window_frac": 0.1, "f": 0.9, "status": "ok", "t_c": 8683, "t_fc": 10945, "err_cross": 76, "err_lag": 6, "err_ref": 0, "secs": 2.96}
{"seed": 9330145, "family": "quad", "window_frac": 0.1, "f": 0.95, "status": "ok", "t_c": 9759, "t_fc": 10882, "err_cross": 13, "err_lag": 2, "err_ref": 0, "secs": 2.95}
{"seed": 9330145, "family": "quad", "window_frac": 0.1, "f": 0.98, "status": "ok", "t_c": 10412, "t_fc": 10872, "err_cross": 3, "err_lag": 2, "err_ref": 0, "secs": 2.94}
{"seed": 9330146, "family": "quad", "window_frac": 0.1, "f": 0.8, "status": "ok", "t_c": 5590, "t_fc": 10452, "err_cross": 912, "err_lag": 53, "err_ref": 0, "secs": 5.43}
{"seed": 9330146, "family": "quad", "window_frac": 0.1, "f": 0.9, "status": "ok", "t_c": 7528, "t_fc": 9608, "err_cross": 68, "err_lag": 4, "err_ref": 0, "secs": 2.61}
{"seed": 9330146, "family": "quad", "window_frac": 0.1, "f": 0.95, "status": "ok", "t_c": 8518, "t_fc": 9552, "err_cross": 12, "err_lag": 1, "err_ref": 0, "secs": 2.63}
{"seed": 9330146, "family": "quad", "window_frac": 0.1, "f": 0.98, "status": "ok", "t_c": 9119, "t_fc": 9542, "err_cross": 2, "err_lag": 0, "err_ref": 0, "secs": 2.59}
{"seed": 9330147, "family": "quad", "window_frac": 0.1, "f": 0.8, "status": "ok", "t_c": 4816, "t_fc": 9355, "err_cross": 842, "err_lag": 51, "err_ref": 0, "secs": 4.88}
{"seed": 9330147, "family": "quad", "window_frac": 0.1, "f": 0.9, "status": "ok", "t_c": 6630, "t_fc": 8576, "err_cross": 63, "err_lag": 5, "err_ref": 0, "secs": 2.34}
{"seed": 9330147, "family": "quad", "window_frac": 0.1, "f": 0.95, "status": "ok", "t_c": 7556, "t_fc": 8524, "err_cross": 11, "err_lag": 2, "err_ref": 0, "secs": 2.32}
{"seed": 9330147, "family": "quad", "window_frac": 0.1, "f": 0.98, "status": "ok", "t_c": 8117, "t_fc": 8515, "err_cross": 2, "err_lag": 1, "err_ref": 0, "secs": 2.33}
{"seed": 9330148, "family": "quad", "window_frac": 0.1, "f": 0.8, "status": "ok", "t_c": 10417, "t_fc": 17192, "err_cross": 1107, "err_lag": 57, "err_ref": 0, "secs": 8.93}
{"seed": 9330148, "family": "quad", "window_frac": 0.1, "f": 0.9, "status": "ok", "t_c": 13182, "t_fc": 16180, "err_cross": 95, "err_lag": 5, "err_ref": 0, "secs": 4.34}
{"seed": 9330148, "family": "quad", "window_frac": 0.1, "f": 0.95, "status": "ok", "t_c": 14605, "t_fc": 16102, "err_cross": 17, "err_lag": 1, "err_ref": 0, "secs": 4.32}
{"seed": 9330148, "family": "quad", "window_frac": 0.1, "f": 0.98, "status": "ok", "t_c": 15472, "t_fc": 16088, "err_cross": 3, "err_lag": 1, "err_ref": 0, "secs": 4.31}
{"seed": 9330149, "family": "quad", "window_frac": 0.1, "f": 0.8, "status": "ok", "t_c": 6971, "t_fc": 12365, "err_cross": 982, "err_lag": 65, "err_ref": -1, "secs": 6.43}
{"seed": 9330149, "family": "quad", "window_frac": 0.1, "f": 0.9, "status": "ok", "t_c": 9133, "t_fc": 11460, "err_cross": 77, "err_lag": 5, "err_ref": -1, "secs": 3.1}
{"seed": 9330149, "family": "quad", "window_frac": 0.1, "f": 0.95, "status": "ok", "t_c": 10240, "t_fc": 11396, "err_cross": 13, "err_lag": 1, "err_ref": -1, "secs": 3.09}
{"seed": 9330149, "family": "quad", "window_frac": 0.1, "f": 0.98, "status": "ok", "t_c": 10913, "t_fc": 11385, "err_cross": 2, "err_lag": 0, "err_ref": -1, "secs": 3.08}
{"seed": 9330151, "family": "quad", "window_frac": 0.1, "f": 0.8, "status": "ok", "t_c": 3894, "t_fc": 8001, "err_cross": 794, "err_lag": 62, "err_ref": 0, "secs": 4.22}
{"seed": 9330151, "family": "quad", "window_frac": 0.1, "f": 0.9, "status": "ok", "t_c": 5528, "t_fc": 7263, "err_cross": 56, "err_lag": 4, "err_ref": 0, "secs": 1.99}
{"seed": 9330151, "family": "quad", "window_frac": 0.1, "f": 0.95, "status": "ok", "t_c": 6361, "t_fc": 7216, "err_cross": 9, "err_lag": 1, "err_ref": 0, "secs": 1.98}
{"seed": 9330151, "family": "quad", "window_frac": 0.1, "f": 0.98, "status": "ok", "t_c": 6867, "t_fc": 7208, "err_cross": 1, "err_lag": 0, "err_ref": 0, "secs": 1.99}
{"seed": 9330153, "family": "quad", "window_frac": 0.1, "f": 0.8, "status": "ok", "t_c": 6436, "t_fc": 11650, "err_cross": 949, "err_lag": 71, "err_ref": 0, "secs": 6.04}
{"seed": 9330153, "family": "quad", "window_frac": 0.1, "f": 0.9, "status": "ok", "t_c": 8525, "t_fc": 10775, "err_cross": 74, "err_lag": 6, "err_ref": 0, "secs": 2.9}
{"seed": 9330153, "family": "quad", "window_frac": 0.1, "f": 0.95, "status": "ok", "t_c": 9593, "t_fc": 10714, "err_cross": 13, "err_lag": 2, "err_ref": 0, "secs": 2.9}
{"seed": 9330153, "family": "quad", "window_frac": 0.1, "f": 0.98, "status": "ok", "t_c": 10242, "t_fc": 10703, "err_cross": 2, "err_lag": 0, "err_ref": 0, "secs": 2.9}
{"seed": 9330154, "family": "quad", "window_frac": 0.1, "f": 0.8, "status": "ok", "t_c": 4598, "t_fc": 9072, "err_cross": 822, "err_lag": 51, "err_ref": 0, "secs": 4.71}
{"seed": 9330154, "family": "quad", "window_frac": 0.1, "f": 0.9, "status": "ok", "t_c": 6391, "t_fc": 8311, "err_cross": 61, "err_lag": 4, "err_ref": 0, "secs": 2.27}
{"seed": 9330154, "family": "quad", "window_frac": 0.1, "f": 0.95, "status": "ok", "t_c": 7306, "t_fc": 8260, "err_cross": 10, "err_lag": 1, "err_ref": 0, "secs": 2.24}
{"seed": 9330154, "family": "quad", "window_frac": 0.1, "f": 0.98, "status": "ok", "t_c": 7861, "t_fc": 8251, "err_cross": 1, "err_lag": 0, "err_ref": 0, "secs": 2.25}
{"seed": 9330155, "family": "quad", "window_frac": 0.1, "f": 0.8, "status": "ok", "t_c": 9893, "t_fc": 16358, "err_cross": 984, "err_lag": 50, "err_ref": 0, "secs": 8.53}
{"seed": 9330155, "family": "quad", "window_frac": 0.1, "f": 0.9, "status": "ok", "t_c": 12562, "t_fc": 15462, "err_cross": 88, "err_lag": 5, "err_ref": 0, "secs": 4.16}
{"seed": 9330155, "family": "quad", "window_frac": 0.1, "f": 0.95, "status": "ok", "t_c": 13934, "t_fc": 15390, "err_cross": 16, "err_lag": 1, "err_ref": 0, "secs": 4.15}
{"seed": 9330155, "family": "quad", "window_frac": 0.1, "f": 0.98, "status": "ok", "t_c": 14770, "t_fc": 15377, "err_cross": 3, "err_lag": 0, "err_ref": 0, "secs": 4.14}
gate (38, 937.69)
{"seed": 9340100, "family": "rate", "window_frac": 0.05, "f": 0.8, "status": "ok", "t_c": 4632, "t_fc": 12731, "err_cross": -1175, "err_lag": -15, "err_ref": 0, "secs": 7.18}
{"seed": 9340100, "family": "rate", "window_frac": 0.05, "f": 0.9, "status": "ok", "t_c": 9227, "t_fc": 13587, "err_cross": -319, "err_lag": -8, "err_ref": 0, "secs": 3.66}
{"seed": 9340100, "family": "rate", "window_frac": 0.05, "f": 0.95, "status": "ok", "t_c": 11578, "t_fc": 13814, "err_cross": -92, "err_lag": -4, "err_ref": 0, "secs": 3.7}
{"seed": 9340100, "family": "rate", "window_frac": 0.05, "f": 0.98, "status": "ok", "t_c": 13007, "t_fc": 13886, "err_cross": -20, "err_lag": -1, "err_ref": 0, "secs": 3.74}
{"seed": 9340101, "family": "rate", "window_frac": 0.05, "f": 0.8, "status": "ok", "t_c": 6536, "t_fc": 15401, "err_cross": -1301, "err_lag": -15, "err_ref": 0, "secs": 8.58}
{"seed": 9340101, "family": "rate", "window_frac": 0.05, "f": 0.9, "status": "ok", "t_c": 11570, "t_fc": 16348, "err_cross": -354, "err_lag": -8, "err_ref": 0, "secs": 4.45}
{"seed": 9340101, "family": "rate", "window_frac": 0.05, "f": 0.95, "status": "ok", "t_c": 14140, "t_fc": 16599, "err_cross": -103, "err_lag": -4, "err_ref": 0, "secs": 4.44}
{"seed": 9340101, "family": "rate", "window_frac": 0.05, "f": 0.98, "status": "ok", "t_c": 15699, "t_fc": 16679, "err_cross": -23, "err_lag": -1, "err_ref": 0, "secs": 4.46}
{"seed": 9340102, "family": "rate", "window_frac": 0.05, "f": 0.8, "status": "ok", "t_c": 4231, "t_fc": 12539, "err_cross": -1190, "err_lag": -12, "err_ref": 0, "secs": 7.07}
{"seed": 9340102, "family": "rate", "window_frac": 0.05, "f": 0.9, "status": "ok", "t_c": 8931, "t_fc": 13408, "err_cross": -321, "err_lag": -6, "err_ref": 0, "secs": 3.58}
{"seed": 9340102, "family": "rate", "window_frac": 0.05, "f": 0.95, "status": "ok", "t_c": 11332, "t_fc": 13637, "err_cross": -92, "err_lag": -3, "err_ref": 0, "secs": 3.66}
{"seed": 9340102, "family": "rate", "window_frac": 0.05, "f": 0.98, "status": "ok", "t_c": 12788, "t_fc": 13709, "err_cross": -20, "err_lag": -1, "err_ref": 0, "secs": 3.67}
{"seed": 9340103, "family": "rate", "window_frac": 0.05, "f": 0.8, "status": "ok", "t_c": 10240, "t_fc": 20178, "err_cross": -1520, "err_lag": -17, "err_ref": 0, "secs": 11.16}
{"seed": 9340103, "family": "rate", "window_frac": 0.05, "f": 0.9, "status": "ok", "t_c": 15908, "t_fc": 21281, "err_cross": -417, "err_lag": -9, "err_ref": 0, "secs": 5.68}
{"seed": 9340103, "family": "rate", "window_frac": 0.05, "f": 0.95, "status": "ok", "t_c": 18801, "t_fc": 21575, "err_cross": -123, "err_lag": -5, "err_ref": 0, "secs": 5.75}
{"seed": 9340103, "family": "rate", "window_frac": 0.05, "f": 0.98, "status": "ok", "t_c": 20557, "t_fc": 21670, "err_cross": -28, "err_lag": -1, "err_ref": 0, "secs": 5.8}
{"seed": 9340104, "family": "rate", "window_frac": 0.05, "f": 0.8, "status": "ok", "t_c": 6733, "t_fc": 15464, "err_cross": -1308, "err_lag": -13, "err_ref": 0, "secs": 8.6}
{"seed": 9340104, "family": "rate", "window_frac": 0.05, "f": 0.9, "status": "ok", "t_c": 11696, "t_fc": 16416, "err_cross": -356, "err_lag": -6, "err_ref": 0, "secs": 4.38}
{"seed": 9340104, "family": "rate", "window_frac": 0.05, "f": 0.95, "status": "ok", "t_c": 14235, "t_fc": 16669, "err_cross": -103, "err_lag": -3, "err_ref": 0, "secs": 4.46}
{"seed": 9340104, "family": "rate", "window_frac": 0.05, "f": 0.98, "status": "ok", "t_c": 15776, "t_fc": 16749, "err_cross": -23, "err_lag": -1, "err_ref": 0, "secs": 4.48}
{"seed": 9340105, "family": "rate", "window_frac": 0.05, "f": 0.8, "status": "ok", "t_c": 5092, "t_fc": 13627, "err_cross": -1231, "err_lag": -16, "err_ref": 0, "secs": 7.64}
{"seed": 9340105, "family": "rate", "window_frac": 0.05, "f": 0.9, "status": "ok", "t_c": 9932, "t_fc": 14525, "err_cross": -333, "err_lag": -8, "err_ref": 0, "secs": 3.95}
{"seed": 9340105, "family": "rate", "window_frac": 0.05, "f": 0.95, "status": "ok", "t_c": 12404, "t_fc": 14762, "err_cross": -96, "err_lag": -4, "err_ref": 0, "secs": 3.97}
{"seed": 9340105, "family": "rate", "window_frac": 0.05, "f": 0.98, "status": "ok", "t_c": 13905, "t_fc": 14837, "err_cross": -21, "err_lag": -1, "err_ref": 0, "secs": 3.98}
{"seed": 9340106, "family": "rate", "window_frac": 0.05, "f": 0.8, "status": "ok", "t_c": 5658, "t_fc": 14225, "err_cross": -1247, "err_lag": -15, "err_ref": 0, "secs": 7.95}
{"seed": 9340106, "family": "rate", "window_frac": 0.05, "f": 0.9, "status": "ok", "t_c": 10518, "t_fc": 15134, "err_cross": -338, "err_lag": -7, "err_ref": 0, "secs": 4.08}
{"seed": 9340106, "family": "rate", "window_frac": 0.05, "f": 0.95, "status": "ok", "t_c": 13000, "t_fc": 15374, "err_cross": -98, "err_lag": -4, "err_ref": 0, "secs": 4.11}
{"seed": 9340106, "family": "rate", "window_frac": 0.05, "f": 0.98, "status": "ok", "t_c": 14507, "t_fc": 15450, "err_cross": -22, "err_lag": -1, "err_ref": 0, "secs": 4.13}
{"seed": 9340107, "family": "rate", "window_frac": 0.05, "f": 0.8, "status": "ok", "t_c": 15187, "t_fc": 26575, "err_cross": -1778, "err_lag": -17, "err_ref": 0, "secs": 14.34}
{"seed": 9340107, "family": "rate", "window_frac": 0.05, "f": 0.9, "status": "ok", "t_c": 21682, "t_fc": 27862, "err_cross": -491, "err_lag": -10, "err_ref": 0, "secs": 7.13}
{"seed": 9340107, "family": "rate", "window_frac": 0.05, "f": 0.95, "status": "ok", "t_c": 25000, "t_fc": 28206, "err_cross": -147, "err_lag": -6, "err_ref": 0, "secs": 7.2}
{"seed": 9340107, "family": "rate", "window_frac": 0.05, "f": 0.98, "status": "ok", "t_c": 27014, "t_fc": 28318, "err_cross": -35, "err_lag": -3, "err_ref": 0, "secs": 7.18}
{"seed": 9340108, "family": "rate", "window_frac": 0.05, "f": 0.8, "status": "ok", "t_c": 6622, "t_fc": 15403, "err_cross": -1307, "err_lag": -14, "err_ref": 0, "secs": 8.58}
{"seed": 9340108, "family": "rate", "window_frac": 0.05, "f": 0.9, "status": "ok", "t_c": 11618, "t_fc": 16354, "err_cross": -356, "err_lag": -7, "err_ref": 0, "secs": 4.37}
{"seed": 9340108, "family": "rate", "window_frac": 0.05, "f": 0.95, "status": "ok", "t_c": 14172, "t_fc": 16607, "err_cross": -103, "err_lag": -3, "err_ref": 0, "secs": 4.44}
{"seed": 9340108, "family": "rate", "window_frac": 0.05, "f": 0.98, "status": "ok", "t_c": 15723, "t_fc": 16687, "err_cross": -23, "err_lag": -1, "err_ref": 0, "secs": 4.52}
{"seed": 9340109, "family": "rate", "window_frac": 0.05, "f": 0.8, "status": "ok", "t_c": 8874, "t_fc": 18345, "err_cross": -1443, "err_lag": -13, "err_ref": 0, "secs": 10.15}
{"seed": 9340109, "family": "rate", "window_frac": 0.05, "f": 0.9, "status": "ok", "t_c": 14266, "t_fc": 19393, "err_cross": -395, "err_lag": -7, "err_ref": 0, "secs": 5.19}
{"seed": 9340109, "family": "rate", "window_frac": 0.05, "f": 0.95, "status": "ok", "t_c": 17021, "t_fc": 19672, "err_cross": -116, "err_lag": -4, "err_ref": 0, "secs": 5.26}
{"seed": 9340109, "family": "rate", "window_frac": 0.05, "f": 0.98, "status": "ok", "t_c": 18692, "t_fc": 19761, "err_cross": -27, "err_lag": -2, "err_ref": 0, "secs": 5.47}
{"seed": 9340110, "family": "rate", "window_frac": 0.05, "f": 0.8, "status": "ok", "t_c": 8133, "t_fc": 17382, "err_cross": -1407, "err_lag": -16, "err_ref": 0, "secs": 9.84}
{"seed": 9340110, "family": "rate", "window_frac": 0.05, "f": 0.9, "status": "ok", "t_c": 13407, "t_fc": 18403, "err_cross": -386, "err_lag": -8, "err_ref": 0, "secs": 5.02}
{"seed": 9340110, "family": "rate", "window_frac": 0.05, "f": 0.95, "status": "ok", "t_c": 16105, "t_fc": 18676, "err_cross": -113, "err_lag": -4, "err_ref": 0, "secs": 5.03}
{"seed": 9340110, "family": "rate", "window_frac": 0.05, "f": 0.98, "status": "ok", "t_c": 17743, "t_fc": 18763, "err_cross": -26, "err_lag": -2, "err_ref": 0, "secs": 5.31}
{"seed": 9340111, "family": "rate", "window_frac": 0.05, "f": 0.8, "status": "ok", "t_c": 4142, "t_fc": 12228, "err_cross": -1159, "err_lag": -16, "err_ref": 0, "secs": 6.94}
{"seed": 9340111, "family": "rate", "window_frac": 0.05, "f": 0.9, "status": "ok", "t_c": 8724, "t_fc": 13073, "err_cross": -314, "err_lag": -9, "err_ref": 0, "secs": 3.54}
{"seed": 9340111, "family": "rate", "window_frac": 0.05, "f": 0.95, "status": "ok", "t_c": 11067, "t_fc": 13297, "err_cross": -90, "err_lag": -4, "err_ref": 0, "secs": 3.54}
{"seed": 9340111, "family": "rate", "window_frac": 0.05, "f": 0.98, "status": "ok", "t_c": 12490, "t_fc": 13367, "err_cross": -20, "err_lag": -2, "err_ref": 0, "secs": 3.67}
{"seed": 9340112, "family": "rate", "window_frac": 0.05, "f": 0.8, "status": "ok", "t_c": 3793, "t_fc": 11839, "err_cross": -1150, "err_lag": -14, "err_ref": 0, "secs": 6.85}
{"seed": 9340112, "family": "rate", "window_frac": 0.05, "f": 0.9, "status": "ok", "t_c": 8350, "t_fc": 12679, "err_cross": -310, "err_lag": -7, "err_ref": 0, "secs": 3.56}
{"seed": 9340112, "family": "rate", "window_frac": 0.05, "f": 0.95, "status": "ok", "t_c": 10677, "t_fc": 12900, "err_cross": -89, "err_lag": -4, "err_ref": 0, "secs": 4.11}
{"seed": 9340112, "family": "rate", "window_frac": 0.05, "f": 0.98, "status": "ok", "t_c": 12090, "t_fc": 12969, "err_cross": -20, "err_lag": -2, "err_ref": 0, "secs": 3.54}
{"seed": 9340113, "family": "rate", "window_frac": 0.05, "f": 0.8, "status": "ok", "t_c": 898, "t_fc": 7947, "err_cross": -948, "err_lag": -14, "err_ref": 0, "secs": 4.78}
{"seed": 9340113, "family": "rate", "window_frac": 0.05, "f": 0.9, "status": "ok", "t_c": 4870, "t_fc": 8644, "err_cross": -251, "err_lag": -7, "err_ref": 0, "secs": 2.58}
{"seed": 9340113, "family": "rate", "window_frac": 0.05, "f": 0.95, "status": "ok", "t_c": 6902, "t_fc": 8825, "err_cross": -70, "err_lag": -3, "err_ref": 0, "secs": 2.74}
{"seed": 9340113, "family": "rate", "window_frac": 0.05, "f": 0.98, "status": "ok", "t_c": 8136, "t_fc": 8881, "err_cross": -14, "err_lag": -1, "err_ref": 0, "secs": 2.48}
{"seed": 9340114, "family": "rate", "window_frac": 0.05, "f": 0.8, "status": "ok", "t_c": 5523, "t_fc": 13828, "err_cross": -1227, "err_lag": -14, "err_ref": 0, "secs": 7.83}
{"seed": 9340114, "family": "rate", "window_frac": 0.05, "f": 0.9, "status": "ok", "t_c": 10245, "t_fc": 14721, "err_cross": -334, "err_lag": -7, "err_ref": 0, "secs": 4.13}
{"seed": 9340114, "family": "rate", "window_frac": 0.05, "f": 0.95, "status": "ok", "t_c": 12663, "t_fc": 14958, "err_cross": -97, "err_lag": -3, "err_ref": 0, "secs": 4.05}
{"seed": 9340114, "family": "rate", "window_frac": 0.05, "f": 0.98, "status": "ok", "t_c": 14133, "t_fc": 15033, "err_cross": -22, "err_lag": -1, "err_ref": 0, "secs": 4.1}
{"seed": 9340115, "family": "rate", "window_frac": 0.05, "f": 0.8, "status": "ok", "t_c": 2428, "t_fc": 9960, "err_cross": -1051, "err_lag": -14, "err_ref": 0, "secs": 7.97}
{"seed": 9340115, "family": "rate", "window_frac": 0.05, "f": 0.9, "status": "ok", "t_c": 6686, "t_fc": 10729, "err_cross": -282, "err_lag": -7, "err_ref": 0, "secs": 30.7}
{"seed": 9340115, "family": "rate", "window_frac": 0.05, "f": 0.95, "status": "ok", "t_c": 8863, "t_fc": 10931, "err_cross": -80, "err_lag": -4, "err_ref": 0, "secs": 36.55}
{"seed": 9340115, "family": "rate", "window_frac": 0.05, "f": 0.98, "status": "ok", "t_c": 10185, "t_fc": 10994, "err_cross": -17, "err_lag": -1, "err_ref": 0, "secs": 3.02}
{"seed": 9340116, "family": "rate", "window_frac": 0.05, "f": 0.8, "status": "ok", "t_c": 4821, "t_fc": 13098, "err_cross": -1198, "err_lag": -15, "err_ref": 0, "secs": 20.94}
{"seed": 9340116, "family": "rate", "window_frac": 0.05, "f": 0.9, "status": "ok", "t_c": 9515, "t_fc": 13972, "err_cross": -324, "err_lag": -8, "err_ref": 0, "secs": 47.96}
{"seed": 9340116, "family": "rate", "window_frac": 0.05, "f": 0.95, "status": "ok", "t_c": 11913, "t_fc": 14202, "err_cross": -94, "err_lag": -5, "err_ref": 0, "secs": 4.54}
{"seed": 9340116, "family": "rate", "window_frac": 0.05, "f": 0.98, "status": "ok", "t_c": 13368, "t_fc": 14275, "err_cross": -21, "err_lag": -2, "err_ref": 0, "secs": 440.09}
{"seed": 9340117, "family": "rate", "window_frac": 0.05, "f": 0.8, "status": "ok", "t_c": 7580, "t_fc": 16579, "err_cross": -1363, "err_lag": -16, "err_ref": 0, "secs": 9.55}
{"seed": 9340117, "family": "rate", "window_frac": 0.05, "f": 0.9, "status": "ok", "t_c": 12708, "t_fc": 17569, "err_cross": -373, "err_lag": -8, "err_ref": 0, "secs": 5.46}
{"seed": 9340117, "family": "rate", "window_frac": 0.05, "f": 0.95, "status": "ok", "t_c": 15331, "t_fc": 17833, "err_cross": -109, "err_lag": -4, "err_ref": 0, "secs": 5.04}
{"seed": 9340117, "family": "rate", "window_frac": 0.05, "f": 0.98, "status": "ok", "t_c": 16924, "t_fc": 17918, "err_cross": -24, "err_lag": -1, "err_ref": 0, "secs": 4.9}
{"seed": 9340118, "family": "rate", "window_frac": 0.05, "f": 0.8, "status": "ok", "t_c": 5098, "t_fc": 13503, "err_cross": -1218, "err_lag": -15, "err_ref": 0, "secs": 21.16}
{"seed": 9340118, "family": "rate", "window_frac": 0.05, "f": 0.9, "status": "ok", "t_c": 9865, "t_fc": 14391, "err_cross": -330, "err_lag": -7, "err_ref": 0, "secs": 3.95}
{"seed": 9340118, "family": "rate", "window_frac": 0.05, "f": 0.95, "status": "ok", "t_c": 12302, "t_fc": 14626, "err_cross": -95, "err_lag": -3, "err_ref": 0, "secs": 3.94}
{"seed": 9340118, "family": "rate", "window_frac": 0.05, "f": 0.98, "status": "ok", "t_c": 13781, "t_fc": 14700, "err_cross": -21, "err_lag": -1, "err_ref": 0, "secs": 3.98}
{"seed": 9340119, "family": "rate", "window_frac": 0.05, "f": 0.8, "status": "ok", "t_c": 6295, "t_fc": 15030, "err_cross": -1299, "err_lag": -17, "err_ref": 0, "secs": 9.72}
{"seed": 9340119, "family": "rate", "window_frac": 0.05, "f": 0.9, "status": "ok", "t_c": 11265, "t_fc": 15974, "err_cross": -355, "err_lag": -9, "err_ref": 0, "secs": 5.62}
{"seed": 9340119, "family": "rate", "window_frac": 0.05, "f": 0.95, "status": "ok", "t_c": 13807, "t_fc": 16226, "err_cross": -103, "err_lag": -4, "err_ref": 0, "secs": 11.79}
{"seed": 9340119, "family": "rate", "window_frac": 0.05, "f": 0.98, "status": "ok", "t_c": 15350, "t_fc": 16306, "err_cross": -23, "err_lag": -1, "err_ref": 0, "secs": 583.77}
{"seed": 9340100, "family": "quad", "window_frac": 0.1, "f": 0.8, "status": "ok", "t_c": 4632, "t_fc": 16243, "err_cross": 2337, "err_lag": 64, "err_ref": 0, "secs": 9.32}
{"seed": 9340100, "family": "quad", "window_frac": 0.1, "f": 0.9, "status": "ok", "t_c": 9227, "t_fc": 14050, "err_cross": 144, "err_lag": 3, "err_ref": 0, "secs": 4.74}
{"seed": 9340100, "family": "quad", "window_frac": 0.1, "f": 0.95, "status": "ok", "t_c": 11578, "t_fc": 13926, "err_cross": 20, "err_lag": 0, "err_ref": 0, "secs": 684.04}
{"seed": 9340100, "family": "quad", "window_frac": 0.1, "f": 0.98, "status": "ok", "t_c": 13007, "t_fc": 13908, "err_cross": 2, "err_lag": -1, "err_ref": 0, "secs": 3.89}
{"seed": 9340101, "family": "quad", "window_frac": 0.1, "f": 0.8, "status": "ok", "t_c": 6536, "t_fc": 19211, "err_cross": 2509, "err_lag": 64, "err_ref": 0, "secs": 386.7}
{"seed": 9340101, "family": "quad", "window_frac": 0.1, "f": 0.9, "status": "ok", "t_c": 11570, "t_fc": 16862, "err_cross": 160, "err_lag": 3, "err_ref": 0, "secs": 4.89}
{"seed": 9340101, "family": "quad", "window_frac": 0.1, "f": 0.95, "status": "ok", "t_c": 14140, "t_fc": 16725, "err_cross": 23, "err_lag": 0, "err_ref": 0, "secs": 6.29}
{"seed": 9340101, "family": "quad", "window_frac": 0.1, "f": 0.98, "status": "ok", "t_c": 15699, "t_fc": 16705, "err_cross": 3, "err_lag": 0, "err_ref": 0, "secs": 906.83}
{"seed": 9340102, "family": "quad", "window_frac": 0.1, "f": 0.8, "status": "ok", "t_c": 4231, "t_fc": 15911, "err_cross": 2182, "err_lag": 48, "err_ref": 0, "secs": 676.74}
{"seed": 9340102, "family": "quad", "window_frac": 0.1, "f": 0.9, "status": "ok", "t_c": 8931, "t_fc": 13869, "err_cross": 140, "err_lag": 3, "err_ref": 0, "secs": 952.04}
{"seed": 9340102, "family": "quad", "window_frac": 0.1, "f": 0.95, "status": "ok", "t_c": 11332, "t_fc": 13749, "err_cross": 20, "err_lag": 1, "err_ref": 0, "secs": 3.92}
{"seed": 9340102, "family": "quad", "window_frac": 0.1, "f": 0.98, "status": "ok", "t_c": 12788, "t_fc": 13732, "err_cross": 3, "err_lag": 1, "err_ref": 0, "secs": 947.75}
{"seed": 9340103, "family": "quad", "window_frac": 0.1, "f": 0.8, "status": "ok", "t_c": 10240, "t_fc": 25041, "err_cross": 3343, "err_lag": 102, "err_ref": 0, "secs": 443.04}
{"seed": 9340103, "family": "quad", "window_frac": 0.1, "f": 0.9, "status": "ok", "t_c": 15908, "t_fc": 21898, "err_cross": 200, "err_lag": 4, "err_ref": 0, "secs": 975.27}
{"seed": 9340103, "family": "quad", "window_frac": 0.1, "f": 0.95, "status": "ok", "t_c": 18801, "t_fc": 21729, "err_cross": 31, "err_lag": 1, "err_ref": 0, "secs": 8.01}
{"seed": 9340103, "family": "quad", "window_frac": 0.1, "f": 0.98, "status": "ok", "t_c": 20557, "t_fc": 21703, "err_cross": 5, "err_lag": 1, "err_ref": 0, "secs": 813.31}
{"seed": 9340104, "family": "quad", "window_frac": 0.1, "f": 0.8, "status": "ok", "t_c": 6733, "t_fc": 19554, "err_cross": 2782, "err_lag": 67, "err_ref": 0, "secs": 720.65}
{"seed": 9340104, "family": "quad", "window_frac": 0.1, "f": 0.9, "status": "ok", "t_c": 11696, "t_fc": 16938, "err_cross": 166, "err_lag": 3, "err_ref": 0, "secs": 4.88}
{"seed": 9340104, "family": "quad", "window_frac": 0.1, "f": 0.95, "status": "ok", "t_c": 14235, "t_fc": 16797, "err_cross": 25, "err_lag": 1, "err_ref": 0, "secs": 773.09}
{"seed": 9340104, "family": "quad", "window_frac": 0.1, "f": 0.98, "status": "ok", "t_c": 15776, "t_fc": 16776, "err_cross": 4, "err_lag": 1, "err_ref": 0, "secs": 4.62}
{"seed": 9340105, "family": "quad", "window_frac": 0.1, "f": 0.8, "status": "ok", "t_c": 5092, "t_fc": 17159, "err_cross": 2301, "err_lag": 62, "err_ref": 0, "secs": 1333.46}
{"seed": 9340105, "family": "quad", "window_frac": 0.1, "f": 0.9, "status": "ok", "t_c": 9932, "t_fc": 15006, "err_cross": 148, "err_lag": 3, "err_ref": 0, "secs": 953.95}
{"seed": 9340105, "family": "quad", "window_frac": 0.1, "f": 0.95, "status": "ok", "t_c": 12404, "t_fc": 14880, "err_cross": 22, "err_lag": 1, "err_ref": 0, "secs": 4.18}
{"seed": 9340105, "family": "quad", "window_frac": 0.1, "f": 0.98, "status": "ok", "t_c": 13905, "t_fc": 14861, "err_cross": 3, "err_lag": 0, "err_ref": 0, "secs": 243.98}
{"seed": 9340106, "family": "quad", "window_frac": 0.1, "f": 0.8, "status": "ok", "t_c": 5658, "t_fc": 17857, "err_cross": 2385, "err_lag": 63, "err_ref": 0, "secs": 2023.87}
{"seed": 9340106, "family": "quad", "window_frac": 0.1, "f": 0.9, "status": "ok", "t_c": 10518, "t_fc": 15624, "err_cross": 152, "err_lag": 4, "err_ref": 0, "secs": 4.44}
{"seed": 9340106, "family": "quad", "window_frac": 0.1, "f": 0.95, "status": "ok", "t_c": 13000, "t_fc": 15494, "err_cross": 22, "err_lag": 1, "err_ref": 0, "secs": 431.1}
{"seed": 9340106, "family": "quad", "window_frac": 0.1, "f": 0.98, "status": "ok", "t_c": 14507, "t_fc": 15475, "err_cross": 3, "err_lag": 1, "err_ref": 0, "secs": 368.29}
{"seed": 9340107, "family": "quad", "window_frac": 0.1, "f": 0.8, "status": "ok", "t_c": 15187, "t_fc": 32917, "err_cross": 4564, "err_lag": 145, "err_ref": 0, "secs": 809.65}
{"seed": 9340107, "family": "quad", "window_frac": 0.1, "f": 0.9, "status": "ok", "t_c": 21682, "t_fc": 28604, "err_cross": 251, "err_lag": 4, "err_ref": 0, "secs": 786.42}
{"seed": 9340107, "family": "quad", "window_frac": 0.1, "f": 0.95, "status": "ok", "t_c": 25000, "t_fc": 28393, "err_cross": 40, "err_lag": 1, "err_ref": 0, "secs": 8.1}
{"seed": 9340107, "family": "quad", "window_frac": 0.1, "f": 0.98, "status": "ok", "t_c": 27014, "t_fc": 28359, "err_cross": 6, "err_lag": 0, "err_ref": 0, "secs": 403.45}
{"seed": 9340108, "family": "quad", "window_frac": 0.1, "f": 0.8, "status": "ok", "t_c": 6622, "t_fc": 19431, "err_cross": 2721, "err_lag": 73, "err_ref": 0, "secs": 694.73}
{"seed": 9340108, "family": "quad", "window_frac": 0.1, "f": 0.9, "status": "ok", "t_c": 11618, "t_fc": 16876, "err_cross": 166, "err_lag": 4, "err_ref": 0, "secs": 586.98}
{"seed": 9340108, "family": "quad", "window_frac": 0.1, "f": 0.95, "status": "ok", "t_c": 14172, "t_fc": 16735, "err_cross": 25, "err_lag": 1, "err_ref": 0, "secs": 4.79}
{"seed": 9340108, "family": "quad", "window_frac": 0.1, "f": 0.98, "status": "ok", "t_c": 15723, "t_fc": 16714, "err_cross": 4, "err_lag": 1, "err_ref": 0, "secs": 397.65}
{"seed": 9340109, "family": "quad", "window_frac": 0.1, "f": 0.8, "status": "ok", "t_c": 8874, "t_fc": 22915, "err_cross": 3127, "err_lag": 74, "err_ref": 0, "secs": 667.8}
{"seed": 9340109, "family": "quad", "window_frac": 0.1, "f": 0.9, "status": "ok", "t_c": 14266, "t_fc": 19974, "err_cross": 186, "err_lag": 3, "err_ref": 0, "secs": 5.79}
{"seed": 9340109, "family": "quad", "window_frac": 0.1, "f": 0.95, "status": "ok", "t_c": 17021, "t_fc": 19816, "err_cross": 28, "err_lag": 1, "err_ref": 0, "secs": 899.43}
{"seed": 9340109, "family": "quad", "window_frac": 0.1, "f": 0.98, "status": "ok", "t_c": 18692, "t_fc": 19792, "err_cross": 4, "err_lag": 1, "err_ref": 0, "secs": 1023.99}
{"seed": 9340110, "family": "quad", "window_frac": 0.1, "f": 0.8, "status": "ok", "t_c": 8133, "t_fc": 21930, "err_cross": 3141, "err_lag": 97, "err_ref": 0, "secs": 96.44}
{"seed": 9340110, "family": "quad", "window_frac": 0.1, "f": 0.9, "status": "ok", "t_c": 13407, "t_fc": 18972, "err_cross": 183, "err_lag": 4, "err_ref": 0, "secs": 66.78}
{"seed": 9340110, "family": "quad", "window_frac": 0.1, "f": 0.95, "status": "ok", "t_c": 16105, "t_fc": 18817, "err_cross": 28, "err_lag": 1, "err_ref": 0, "secs": 5.36}
{"seed": 9340110, "family": "quad", "window_frac": 0.1, "f": 0.98, "status": "ok", "t_c": 17743, "t_fc": 18793, "err_cross": 4, "err_lag": 0, "err_ref": 0, "secs": 5.83}
{"seed": 9340111, "family": "quad", "window_frac": 0.1, "f": 0.8, "status": "ok", "t_c": 4142, "t_fc": 15582, "err_cross": 2195, "err_lag": 59, "err_ref": 0, "secs": 108.58}
{"seed": 9340111, "family": "quad", "window_frac": 0.1, "f": 0.9, "status": "ok", "t_c": 8724, "t_fc": 13526, "err_cross": 139, "err_lag": 3, "err_ref": 0, "secs": 314.9}
{"seed": 9340111, "family": "quad", "window_frac": 0.1, "f": 0.95, "status": "ok", "t_c": 11067, "t_fc": 13406, "err_cross": 19, "err_lag": -1, "err_ref": 0, "secs": 3.81}
{"seed": 9340111, "family": "quad", "window_frac": 0.1, "f": 0.98, "status": "ok", "t_c": 12490, "t_fc": 13389, "err_cross": 2, "err_lag": -1, "err_ref": 0, "secs": 4.07}
{"seed": 9340112, "family": "quad", "window_frac": 0.1, "f": 0.8, "status": "ok", "t_c": 3793, "t_fc": 15074, "err_cross": 2085, "err_lag": 53, "err_ref": 0, "secs": 1831.85}
{"seed": 9340112, "family": "quad", "window_frac": 0.1, "f": 0.9, "status": "ok", "t_c": 8350, "t_fc": 13123, "err_cross": 134, "err_lag": 3, "err_ref": 0, "secs": 3.66}
{"seed": 9340112, "family": "quad", "window_frac": 0.1, "f": 0.95, "status": "ok", "t_c": 10677, "t_fc": 13008, "err_cross": 19, "err_lag": 1, "err_ref": 0, "secs": 138.66}
{"seed": 9340112, "family": "quad", "window_frac": 0.1, "f": 0.98, "status": "ok", "t_c": 12090, "t_fc": 12991, "err_cross": 2, "err_lag": 0, "err_ref": 0, "secs": 3.63}
{"seed": 9340113, "family": "quad", "window_frac": 0.1, "f": 0.8, "status": "ok", "t_c": 898, "t_fc": 10521, "err_cross": 1626, "err_lag": 41, "err_ref": 0, "secs": 547.94}
{"seed": 9340113, "family": "quad", "window_frac": 0.1, "f": 0.9, "status": "ok", "t_c": 4870, "t_fc": 9001, "err_cross": 106, "err_lag": 3, "err_ref": 0, "secs": 2.81}
{"seed": 9340113, "family": "quad", "window_frac": 0.1, "f": 0.95, "status": "ok", "t_c": 6902, "t_fc": 8910, "err_cross": 15, "err_lag": 1, "err_ref": 0, "secs": 2.88}
{"seed": 9340113, "family": "quad", "window_frac": 0.1, "f": 0.98, "status": "ok", "t_c": 8136, "t_fc": 8897, "err_cross": 2, "err_lag": 0, "err_ref": 0, "secs": 279.48}
{"seed": 9340114, "family": "quad", "window_frac": 0.1, "f": 0.8, "status": "ok", "t_c": 5523, "t_fc": 17657, "err_cross": 2602, "err_lag": 72, "err_ref": 0, "secs": 848.37}
{"seed": 9340114, "family": "quad", "window_frac": 0.1, "f": 0.9, "status": "ok", "t_c": 10245, "t_fc": 15210, "err_cross": 155, "err_lag": 3, "err_ref": 0, "secs": 224.14}
{"seed": 9340114, "family": "quad", "window_frac": 0.1, "f": 0.95, "status": "ok", "t_c": 12663, "t_fc": 15077, "err_cross": 22, "err_lag": 0, "err_ref": 0, "secs": 4.27}
{"seed": 9340114, "family": "quad", "window_frac": 0.1, "f": 0.98, "status": "ok", "t_c": 14133, "t_fc": 15058, "err_cross": 3, "err_lag": 0, "err_ref": 0, "secs": 805.13}
{"seed": 9340115, "family": "quad", "window_frac": 0.1, "f": 0.8, "status": "ok", "t_c": 2428, "t_fc": 12872, "err_cross": 1861, "err_lag": 45, "err_ref": 0, "secs": 984.0}
{"seed": 9340115, "family": "quad", "window_frac": 0.1, "f": 0.9, "status": "ok", "t_c": 6686, "t_fc": 11131, "err_cross": 120, "err_lag": 2, "err_ref": 0, "secs": 3.19}
{"seed": 9340115, "family": "quad", "window_frac": 0.1, "f": 0.95, "status": "ok", "t_c": 8863, "t_fc": 11027, "err_cross": 16, "err_lag": -1, "err_ref": 0, "secs": 231.12}
{"seed": 9340115, "family": "quad", "window_frac": 0.1, "f": 0.98, "status": "ok", "t_c": 10185, "t_fc": 11013, "err_cross": 2, "err_lag": 0, "err_ref": 0, "secs": 3.13}
{"seed": 9340116, "family": "quad", "window_frac": 0.1, "f": 0.8, "status": "ok", "t_c": 4821, "t_fc": 16546, "err_cross": 2250, "err_lag": 58, "err_ref": 0, "secs": 40.27}
{"seed": 9340116, "family": "quad", "window_frac": 0.1, "f": 0.9, "status": "ok", "t_c": 9515, "t_fc": 14440, "err_cross": 144, "err_lag": 3, "err_ref": 0, "secs": 4.03}
{"seed": 9340116, "family": "quad", "window_frac": 0.1, "f": 0.95, "status": "ok", "t_c": 11913, "t_fc": 14316, "err_cross": 20, "err_lag": -1, "err_ref": 0, "secs": 398.04}
{"seed": 9340116, "family": "quad", "window_frac": 0.1, "f": 0.98, "status": "ok", "t_c": 13368, "t_fc": 14298, "err_cross": 2, "err_lag": -1, "err_ref": 0, "secs": 959.66}
{"seed": 9340117, "family": "quad", "window_frac": 0.1, "f": 0.8, "status": "ok", "t_c": 7580, "t_fc": 20927, "err_cross": 2985, "err_lag": 89, "err_ref": 0, "secs": 816.61}
{"seed": 9340117, "family": "quad", "window_frac": 0.1, "f": 0.9, "status": "ok", "t_c": 12708, "t_fc": 18118, "err_cross": 176, "err_lag": 4, "err_ref": 0, "secs": 5.42}
{"seed": 9340117, "family": "quad", "window_frac": 0.1, "f": 0.95, "status": "ok", "t_c": 15331, "t_fc": 17969, "err_cross": 27, "err_lag": 1, "err_ref": 0, "secs": 5.36}
{"seed": 9340117, "family": "quad", "window_frac": 0.1, "f": 0.98, "status": "ok", "t_c": 16924, "t_fc": 17946, "err_cross": 4, "err_lag": 0, "err_ref": 0, "secs": 439.92}
{"seed": 9340118, "family": "quad", "window_frac": 0.1, "f": 0.8, "status": "ok", "t_c": 5098, "t_fc": 17053, "err_cross": 2332, "err_lag": 63, "err_ref": 0, "secs": 9.84}
{"seed": 9340118, "family": "quad", "window_frac": 0.1, "f": 0.9, "status": "ok", "t_c": 9865, "t_fc": 14869, "err_cross": 148, "err_lag": 4, "err_ref": 0, "secs": 5.06}
{"seed": 9340118, "family": "quad", "window_frac": 0.1, "f": 0.95, "status": "ok", "t_c": 12302, "t_fc": 14742, "err_cross": 21, "err_lag": 0, "err_ref": 0, "secs": 4.06}
{"seed": 9340118, "family": "quad", "window_frac": 0.1, "f": 0.98, "status": "ok", "t_c": 13781, "t_fc": 14724, "err_cross": 3, "err_lag": 1, "err_ref": 0, "secs": 4.31}
{"seed": 9340119, "family": "quad", "window_frac": 0.1, "f": 0.8, "status": "ok", "t_c": 6295, "t_fc": 18979, "err_cross": 2650, "err_lag": 75, "err_ref": 0, "secs": 9.79}
{"seed": 9340119, "family": "quad", "window_frac": 0.1, "f": 0.9, "status": "ok", "t_c": 11265, "t_fc": 16491, "err_cross": 162, "err_lag": 3, "err_ref": 0, "secs": 4.65}
{"seed": 9340119, "family": "quad", "window_frac": 0.1, "f": 0.95, "status": "ok", "t_c": 13807, "t_fc": 16352, "err_cross": 23, "err_lag": 0, "err_ref": 0, "secs": 4.63}
{"seed": 9340119, "family": "quad", "window_frac": 0.1, "f": 0.98, "status": "ok", "t_c": 15350, "t_fc": 16332, "err_cross": 3, "err_lag": 0, "err_ref": 0, "secs": 4.78}
CHAIN_DONE
