gate (39, 1363.12)
{"setting": "w1_sgd", "seed": 9310100, "split": "est", "status": "ok", "t_obs": 969, "s_ref": 2.203724879249749, "secs_run": 2.9}
{"setting": "w1_sgd", "seed": 9310101, "split": "est", "status": "ok", "t_obs": 988, "s_ref": 2.6104418977668598, "secs_run": 2.2}
{"setting": "w1_sgd", "seed": 9310102, "split": "est", "status": "ok", "t_obs": null, "s_ref": 1.9977164163535739, "secs_run": 3.4}
{"setting": "w1_sgd", "seed": 9310103, "split": "est", "status": "ok", "t_obs": 9070, "s_ref": 1.8579958777035395, "secs_run": 2.4}
{"setting": "w1_sgd", "seed": 9310104, "split": "est", "status": "ok", "t_obs": 759, "s_ref": 2.1251632883184053, "secs_run": 1.9}
{"setting": "w1_sgd", "seed": 9310105, "split": "est", "status": "ok", "t_obs": 652, "s_ref": 2.411935670543391, "secs_run": 2.3}
{"setting": "w1_sgd", "seed": 9310106, "split": "est", "status": "ok", "t_obs": 820, "s_ref": 2.2393250413575423, "secs_run": 2.0}
{"setting": "w1_sgd", "seed": 9310107, "split": "est", "status": "ok", "t_obs": 23052, "s_ref": 1.9593614833666977, "secs_run": 2.8}
{"setting": "w1_sgd", "seed": 9310108, "split": "est", "status": "ok", "t_obs": null, "s_ref": 2.3260162739342487, "secs_run": 3.0}
{"setting": "w1_sgd", "seed": 9310109, "split": "est", "status": "ok", "t_obs": 880, "s_ref": 1.9421464938536261, "secs_run": 2.0}
{"setting": "w1_sgd", "seed": 9310110, "split": "est", "status": "ok", "t_obs": 895, "s_ref": 1.859683713249253, "secs_run": 1.9}
{"setting": "w1_sgd", "seed": 9310111, "split": "est", "status": "ok", "t_obs": 906, "s_ref": 1.928868519744917, "secs_run": 1.9}
{"setting": "w1_sgd", "seed": 9310112, "split": "est", "status": "ok", "t_obs": null, "s_ref": 1.978579619221922, "secs_run": 3.0}
{"setting": "w1_sgd", "seed": 9310113, "split": "est", "status": "ok", "t_obs": 1021, "s_ref": 2.0072966867390853, "secs_run": 1.8}
{"setting": "w1_sgd", "seed": 9310114, "split": "est", "status": "ok", "t_obs": 936, "s_ref": 1.970386040735129, "secs_run": 1.8}
{"setting": "w1_sgd", "seed": 9310115, "split": "est", "status": "ok", "t_obs": 941, "s_ref": 2.1195691146861906, "secs_run": 1.8}
{"setting": "w1_sgd", "seed": 9310116, "split": "est", "status": "ok", "t_obs": 756, "s_ref": 2.0622874308910033, "secs_run": 1.8}
{"setting": "w1_sgd", "seed": 9310117, "split": "est", "status": "ok", "t_obs": 832, "s_ref": 2.3141769155811422, "secs_run": 1.8}
{"setting": "w1_sgd", "seed": 9310118, "split": "est", "status": "ok", "t_obs": 740, "s_ref": 2.126024445819569, "secs_run": 1.8}
{"setting": "w1_sgd", "seed": 9310119, "split": "est", "status": "ok", "t_obs": 26063, "s_ref": 2.0249523852906837, "secs_run": 2.7}
gate (36, 1483.56)
{"setting": "gelu_random", "seed": 9320100, "split": "est", "status": "ok", "t_obs": 3585, "s_ref": 5.552744351681116, "secs_run": 7.0}
{"setting": "gelu_random", "seed": 9320101, "split": "est", "status": "ok", "t_obs": 4380, "s_ref": 5.9485465347087585, "secs_run": 6.5}
{"setting": "gelu_random", "seed": 9320102, "split": "est", "status": "ok", "t_obs": 5033, "s_ref": 6.212334731373721, "secs_run": 6.6}
{"setting": "gelu_random", "seed": 9320103, "split": "est", "status": "ok", "t_obs": 9291, "s_ref": 8.213896130295966, "secs_run": 6.9}
{"setting": "gelu_random", "seed": 9320104, "split": "est", "status": "ok", "t_obs": 3492, "s_ref": 5.549758282057376, "secs_run": 6.5}
{"setting": "gelu_random", "seed": 9320105, "split": "est", "status": "ok", "t_obs": 4465, "s_ref": 6.15404352491217, "secs_run": 6.5}
{"setting": "gelu_random", "seed": 9320106, "split": "est", "status": "ok", "t_obs": 4321, "s_ref": 5.9069081492093405, "secs_run": 6.6}
{"setting": "gelu_random", "seed": 9320107, "split": "est", "status": "ok", "t_obs": 5047, "s_ref": 6.238068281736366, "secs_run": 6.6}
{"setting": "gelu_random", "seed": 9320108, "split": "est", "status": "ok", "t_obs": 5598, "s_ref": 6.735969805490716, "secs_run": 6.6}
{"setting": "gelu_random", "seed": 9320109, "split": "est", "status": "ok", "t_obs": 4825, "s_ref": 6.1682943085922295, "secs_run": 6.8}
{"setting": "gelu_random", "seed": 9320110, "split": "est", "status": "ok", "t_obs": 3877, "s_ref": 5.648128382182769, "secs_run": 6.7}
{"setting": "gelu_random", "seed": 9320111, "split": "est", "status": "ok", "t_obs": 4047, "s_ref": 5.801265307498142, "secs_run": 6.6}
{"setting": "gelu_random", "seed": 9320112, "split": "est", "status": "ok", "t_obs": 5303, "s_ref": 6.247686739955785, "secs_run": 7.4}
{"setting": "gelu_random", "seed": 9320113, "split": "est", "status": "ok", "t_obs": 6052, "s_ref": 6.808194018966632, "secs_run": 7.3}
{"setting": "gelu_random", "seed": 9320114, "split": "est", "status": "ok", "t_obs": 6319, "s_ref": 6.992275833151868, "secs_run": 6.7}
{"setting": "gelu_random", "seed": 9320115, "split": "est", "status": "ok", "t_obs": 5281, "s_ref": 6.437608683666264, "secs_run": 6.6}
{"setting": "gelu_random", "seed": 9320116, "split": "est", "status": "ok", "t_obs": 8306, "s_ref": null, "secs_run": 6.7}
{"setting": "gelu_random", "seed": 9320117, "split": "est", "status": "ok", "t_obs": 3849, "s_ref": 5.674394121513014, "secs_run": 6.4}
{"setting": "gelu_random", "seed": 9320118, "split": "est", "status": "ok", "t_obs": 4911, "s_ref": 6.130024789989155, "secs_run": 6.4}
{"setting": "gelu_random", "seed": 9320119, "split": "est", "status": "ok", "t_obs": 8443, "s_ref": 7.793736720131034, "secs_run": 6.8}
gate (40, 1458.88)
{"setting": "w2a_T", "seed": 9330100, "split": "est", "status": "ok", "t_obs": 3733, "s_ref": null, "secs_run": 4.5}
{"setting": "w2a_T", "seed": 9330101, "split": "est", "status": "ok", "t_obs": null, "s_ref": null, "secs_run": 6.0}
{"setting": "w2a_T", "seed": 9330102, "split": "est", "status": "ok", "t_obs": 9321, "s_ref": 0.44578152543369914, "secs_run": 4.3}
{"setting": "w2a_T", "seed": 9330103, "split": "est", "status": "ok", "t_obs": 9270, "s_ref": 0.44059828688173475, "secs_run": 4.3}
{"setting": "w2a_T", "seed": 9330104, "split": "est", "status": "ok", "t_obs": null, "s_ref": null, "secs_run": 6.3}
{"setting": "w2a_T", "seed": 9330105, "split": "est", "status": "ok", "t_obs": null, "s_ref": null, "secs_run": 6.0}
{"setting": "w2a_T", "seed": 9330106, "split": "est", "status": "ok", "t_obs": 32016, "s_ref": null, "secs_run": 5.2}
{"setting": "w2a_T", "seed": 9330107, "split": "est", "status": "ok", "t_obs": 10471, "s_ref": 0.4685353743426506, "secs_run": 4.4}
{"setting": "w2a_T", "seed": 9330108, "split": "est", "status": "ok", "t_obs": null, "s_ref": null, "secs_run": 7.3}
{"setting": "w2a_T", "seed": 9330109, "split": "est", "status": "ok", "t_obs": null, "s_ref": null, "secs_run": 5.7}
{"setting": "w2a_T", "seed": 9330110, "split": "est", "status": "ok", "t_obs": 11774, "s_ref": 0.4935979275391492, "secs_run": 4.6}
{"setting": "w2a_T", "seed": 9330111, "split": "est", "status": "ok", "t_obs": 3701, "s_ref": null, "secs_run": 4.5}
{"setting": "w2a_T", "seed": 9330112, "split": "est", "status": "ok", "t_obs": 3782, "s_ref": null, "secs_run": 4.5}
{"setting": "w2a_T", "seed": 9330113, "split": "est", "status": "ok", "t_obs": null, "s_ref": null, "secs_run": 6.0}
{"setting": "w2a_T", "seed": 9330114, "split": "est", "status": "ok", "t_obs": null, "s_ref": null, "secs_run": 5.5}
{"setting": "w2a_T", "seed": 9330115, "split": "est", "status": "ok", "t_obs": 8547, "s_ref": 0.42464541539439604, "secs_run": 4.1}
{"setting": "w2a_T", "seed": 9330116, "split": "est", "status": "ok", "t_obs": 8866, "s_ref": 0.43718952020342655, "secs_run": 4.2}
{"setting": "w2a_T", "seed": 9330117, "split": "est", "status": "ok", "t_obs": 5194, "s_ref": null, "secs_run": 4.0}
{"setting": "w2a_T", "seed": 9330118, "split": "est", "status": "ok", "t_obs": 8378, "s_ref": 0.42841939576922483, "secs_run": 4.2}
{"setting": "w2a_T", "seed": 9330119, "split": "est", "status": "ok", "t_obs": 3155, "s_ref": null, "secs_run": 4.7}
{"setting": "w2a_T", "seed": 9330120, "split": "est", "status": "ok", "t_obs": null, "s_ref": null, "secs_run": 5.4}
{"setting": "w2a_T", "seed": 9330121, "split": "est", "status": "ok", "t_obs": 18528, "s_ref": 0.6250568247702115, "secs_run": 5.5}
{"setting": "w2a_T", "seed": 9330122, "split": "est", "status": "ok", "t_obs": 6658, "s_ref": null, "secs_run": 3.7}
{"setting": "w2a_T", "seed": 9330123, "split": "est", "status": "ok", "t_obs": 9247, "s_ref": 0.44136981145864823, "secs_run": 4.3}
{"setting": "w2a_T", "seed": 9330124, "split": "est", "status": "ok", "t_obs": null, "s_ref": null, "secs_run": 5.8}
{"setting": "w2a_T", "seed": 9330125, "split": "est", "status": "ok", "t_obs": 5523, "s_ref": 0.3606527588927491, "secs_run": 3.5}
{"setting": "w2a_T", "seed": 9330126, "split": "est", "status": "ok", "t_obs": 43730, "s_ref": null, "secs_run": 5.4}
{"setting": "w2a_T", "seed": 9330127, "split": "est", "status": "ok", "t_obs": 4180, "s_ref": null, "secs_run": 4.5}
{"setting": "w2a_T", "seed": 9330128, "split": "est", "status": "ok", "t_obs": null, "s_ref": null, "secs_run": 6.3}
{"setting": "w2a_T", "seed": 9330129, "split": "est", "status": "ok", "t_obs": 3304, "s_ref": null, "secs_run": 5.3}
{"setting": "w2a_T", "seed": 9330130, "split": "est", "status": "ok", "t_obs": null, "s_ref": null, "secs_run": 6.5}
{"setting": "w2a_T", "seed": 9330131, "split": "est", "status": "ok", "t_obs": 12462, "s_ref": 0.508594581583924, "secs_run": 4.9}
{"setting": "w2a_T", "seed": 9330132, "split": "est", "status": "ok", "t_obs": 8692, "s_ref": 0.43361642562364905, "secs_run": 4.4}
{"setting": "w2a_T", "seed": 9330133, "split": "est", "status": "ok", "t_obs": null, "s_ref": null, "secs_run": 6.0}
{"setting": "w2a_T", "seed": 9330134, "split": "est", "status": "ok", "t_obs": 9125, "s_ref": 0.43937296253402147, "secs_run": 4.2}
{"setting": "w2a_T", "seed": 9330135, "split": "est", "status": "ok", "t_obs": 9441, "s_ref": 0.4481789619580352, "secs_run": 4.5}
{"setting": "w2a_T", "seed": 9330136, "split": "est", "status": "ok", "t_obs": null, "s_ref": null, "secs_run": 5.5}
{"setting": "w2a_T", "seed": 9330137, "split": "est", "status": "ok", "t_obs": 23013, "s_ref": null, "secs_run": 4.7}
{"setting": "w2a_T", "seed": 9330138, "split": "est", "status": "ok", "t_obs": 14810, "s_ref": null, "secs_run": 4.9}
{"setting": "w2a_T", "seed": 9330139, "split": "est", "status": "ok", "t_obs": 13427, "s_ref": 0.5284002901324996, "secs_run": 4.8}
gate (38, 1602.88)
{"setting": "w2a_Tp", "seed": 9340100, "split": "est", "status": "ok", "t_obs": 13906, "s_ref": 0.31978261940835184, "secs_run": 9.3}
{"setting": "w2a_Tp", "seed": 9340101, "split": "est", "status": "ok", "t_obs": 16702, "s_ref": 0.33419700928340834, "secs_run": 9.5}
{"setting": "w2a_Tp", "seed": 9340102, "split": "est", "status": "ok", "t_obs": 13729, "s_ref": 0.31456996612593335, "secs_run": 9.3}
{"setting": "w2a_Tp", "seed": 9340103, "split": "est", "status": "ok", "t_obs": 21698, "s_ref": 0.3637031765185143, "secs_run": 9.8}
{"setting": "w2a_Tp", "seed": 9340104, "split": "est", "status": "ok", "t_obs": 16772, "s_ref": 0.33754479180140884, "secs_run": 9.6}
{"setting": "w2a_Tp", "seed": 9340105, "split": "est", "status": "ok", "t_obs": 14858, "s_ref": 0.32175963285145204, "secs_run": 9.7}
{"setting": "w2a_Tp", "seed": 9340106, "split": "est", "status": "ok", "t_obs": 15472, "s_ref": 0.32733360441512654, "secs_run": 9.5}
{"setting": "w2a_Tp", "seed": 9340107, "split": "est", "status": "ok", "t_obs": 28353, "s_ref": 0.4014397823149824, "secs_run": 10.2}
{"setting": "w2a_Tp", "seed": 9340108, "split": "est", "status": "ok", "t_obs": 16710, "s_ref": 0.3358401591214111, "secs_run": 9.5}
{"setting": "w2a_Tp", "seed": 9340109, "split": "est", "status": "ok", "t_obs": 19788, "s_ref": 0.35383344244226045, "secs_run": 9.7}
{"setting": "w2a_Tp", "seed": 9340110, "split": "est", "status": "ok", "t_obs": 18789, "s_ref": 0.347980333745827, "secs_run": 9.7}
{"setting": "w2a_Tp", "seed": 9340111, "split": "est", "status": "ok", "t_obs": 13387, "s_ref": 0.31480767549475014, "secs_run": 9.5}
{"setting": "w2a_Tp", "seed": 9340112, "split": "est", "status": "ok", "t_obs": 12989, "s_ref": 0.31146339149427504, "secs_run": 10.5}
{"setting": "w2a_Tp", "seed": 9340113, "split": "est", "status": "ok", "t_obs": 8895, "s_ref": 0.2864168000440936, "secs_run": 10.2}
{"setting": "w2a_Tp", "seed": 9340114, "split": "est", "status": "ok", "t_obs": 15055, "s_ref": 0.32784602573955046, "secs_run": 10.1}
{"setting": "w2a_Tp", "seed": 9340115, "split": "est", "status": "ok", "t_obs": 11011, "s_ref": 0.3000730298235588, "secs_run": 9.7}
{"setting": "w2a_Tp", "seed": 9340116, "split": "est", "status": "ok", "t_obs": 14296, "s_ref": 0.3205615587253685, "secs_run": 9.7}
{"setting": "w2a_Tp", "seed": 9340117, "split": "est", "status": "ok", "t_obs": 17942, "s_ref": 0.3442948611213672, "secs_run": 10.0}
{"setting": "w2a_Tp", "seed": 9340118, "split": "est", "status": "ok", "t_obs": 14721, "s_ref": 0.3226473224972524, "secs_run": 9.5}
{"setting": "w2a_Tp", "seed": 9340119, "split": "est", "status": "ok", "t_obs": 16329, "s_ref": 0.3326897718277611, "secs_run": 9.6}
RUNS_DONE
gate (36, 1334.12)
{"seed": 9310100, "family": "quad", "window_frac": 0.05, "f": 0.8, "status": "ok", "t_c": 683, "t_fc": 986, "err_cross": 17, "err_lag": -7, "err_ref": -4, "secs": 0.19}
{"seed": 9310100, "family": "quad", "window_frac": 0.05, "f": 0.9, "status": "ok", "t_c": 783, "t_fc": 966, "err_cross": -3, "err_lag": -5, "err_ref": -4, "secs": 0.19}
{"seed": 9310100, "family": "quad", "window_frac": 0.05, "f": 0.95, "status": "ok", "t_c": 835, "t_fc": 965, "err_cross": -4, "err_lag": -4, "err_ref": -4, "secs": 0.18}
{"seed": 9310100, "family": "quad", "window_frac": 0.05, "f": 0.98, "status": "ok", "t_c": 867, "t_fc": 965, "err_cross": -4, "err_lag": -4, "err_ref": -4, "secs": 0.18}
{"seed": 9310100, "family": "quad", "window_frac": 0.1, "f": 0.8, "status": "ok", "t_c": 683, "t_fc": 991, "err_cross": 22, "err_lag": -8, "err_ref": -4, "secs": 0.18}
{"seed": 9310100, "family": "quad", "window_frac": 0.1, "f": 0.9, "status": "ok", "t_c": 783, "t_fc": 967, "err_cross": -2, "err_lag": -5, "err_ref": -4, "secs": 0.18}
{"seed": 9310100, "family": "quad", "window_frac": 0.1, "f": 0.95, "status": "ok", "t_c": 835, "t_fc": 965, "err_cross": -4, "err_lag": -4, "err_ref": -4, "secs": 0.19}
{"seed": 9310100, "family": "quad", "window_frac": 0.1, "f": 0.98, "status": "ok", "t_c": 867, "t_fc": 965, "err_cross": -4, "err_lag": -4, "err_ref": -4, "secs": 0.18}
{"seed": 9310100, "family": "quad", "window_frac": 0.25, "f": 0.8, "status": "no forecast: no predicted crossing on the extrapolated path", "t_c": 683, "t_fc": null, "err_cross": null, "err_lag": null, "err_ref": -4, "secs": 0.19}
{"seed": 9310100, "family": "quad", "window_frac": 0.25, "f": 0.9, "status": "ok", "t_c": 783, "t_fc": 974, "err_cross": 5, "err_lag": -6, "err_ref": -4, "secs": 0.18}
{"seed": 9310100, "family": "quad", "window_frac": 0.25, "f": 0.95, "status": "ok", "t_c": 835, "t_fc": 967, "err_cross": -2, "err_lag": -5, "err_ref": -4, "secs": 0.18}
{"seed": 9310100, "family": "quad", "window_frac": 0.25, "f": 0.98, "status": "ok", "t_c": 867, "t_fc": 965, "err_cross": -4, "err_lag": -4, "err_ref": -4, "secs": 0.18}
{"seed": 9310100, "family": "rate", "window_frac": 0.05, "f": 0.8, "status": "ok", "t_c": 683, "t_fc": 972, "err_cross": 3, "err_lag": -4, "err_ref": -4, "secs": 0.19}
{"seed": 9310100, "family": "rate", "window_frac": 0.05, "f": 0.9, "status": "ok", "t_c": 783, "t_fc": 966, "err_cross": -3, "err_lag": -4, "err_ref": -4, "secs": 0.18}
{"seed": 9310100, "family": "rate", "window_frac": 0.05, "f": 0.95, "status": "ok", "t_c": 835, "t_fc": 965, "err_cross": -4, "err_lag": -4, "err_ref": -4, "secs": 0.18}
{"seed": 9310100, "family": "rate", "window_frac": 0.05, "f": 0.98, "status": "ok", "t_c": 867, "t_fc": 965, "err_cross": -4, "err_lag": -4, "err_ref": -4, "secs": 0.18}
{"seed": 9310100, "family": "rate", "window_frac": 0.1, "f": 0.8, "status": "ok", "t_c": 683, "t_fc": 973, "err_cross": 4, "err_lag": -5, "err_ref": -4, "secs": 0.18}
{"seed": 9310100, "family": "rate", "window_frac": 0.1, "f": 0.9, "status": "ok", "t_c": 783, "t_fc": 966, "err_cross": -3, "err_lag": -4, "err_ref": -4, "secs": 0.18}
{"seed": 9310100, "family": "rate", "window_frac": 0.1, "f": 0.95, "status": "ok", "t_c": 835, "t_fc": 965, "err_cross": -4, "err_lag": -4, "err_ref": -4, "secs": 0.21}
{"seed": 9310100, "family": "rate", "window_frac": 0.1, "f": 0.98, "status": "ok", "t_c": 867, "t_fc": 965, "err_cross": -4, "err_lag": -4, "err_ref": -4, "secs": 0.18}
{"seed": 9310100, "family": "rate", "window_frac": 0.25, "f": 0.8, "status": "ok", "t_c": 683, "t_fc": 985, "err_cross": 16, "err_lag": -4, "err_ref": -4, "secs": 0.19}
{"seed": 9310100, "family": "rate", "window_frac": 0.25, "f": 0.9, "status": "ok", "t_c": 783, "t_fc": 968, "err_cross": -1, "err_lag": -5, "err_ref": -4, "secs": 0.21}
{"seed": 9310100, "family": "rate", "window_frac": 0.25, "f": 0.95, "status": "ok", "t_c": 835, "t_fc": 966, "err_cross": -3, "err_lag": -4, "err_ref": -4, "secs": 0.19}
{"seed": 9310100, "family": "rate", "window_frac": 0.25, "f": 0.98, "status": "ok", "t_c": 867, "t_fc": 965, "err_cross": -4, "err_lag": -4, "err_ref": -4, "secs": 0.2}
{"seed": 9310100, "family": "lin", "window_frac": 0.05, "f": 0.8, "status": "ok", "t_c": 683, "t_fc": 926, "err_cross": -43, "err_lag": -1, "err_ref": -4, "secs": 0.19}
{"seed": 9310100, "family": "lin", "window_frac": 0.05, "f": 0.9, "status": "ok", "t_c": 783, "t_fc": 954, "err_cross": -15, "err_lag": -2, "err_ref": -4, "secs": 0.19}
{"seed": 9310100, "family": "lin", "window_frac": 0.05, "f": 0.95, "status": "ok", "t_c": 835, "t_fc": 963, "err_cross": -6, "err_lag": -2, "err_ref": -4, "secs": 0.29}
{"seed": 9310100, "family": "lin", "window_frac": 0.05, "f": 0.98, "status": "ok", "t_c": 867, "t_fc": 965, "err_cross": -4, "err_lag": -3, "err_ref": -4, "secs": 0.26}
{"seed": 9310100, "family": "lin", "window_frac": 0.1, "f": 0.8, "status": "ok", "t_c": 683, "t_fc": 922, "err_cross": -47, "err_lag": -2, "err_ref": -4, "secs": 0.2}
{"seed": 9310100, "family": "lin", "window_frac": 0.1, "f": 0.9, "status": "ok", "t_c": 783, "t_fc": 952, "err_cross": -17, "err_lag": -2, "err_ref": -4, "secs": 0.19}
{"seed": 9310100, "family": "lin", "window_frac": 0.1, "f": 0.95, "status": "ok", "t_c": 835, "t_fc": 961, "err_cross": -8, "err_lag": -2, "err_ref": -4, "secs": 0.21}
{"seed": 9310100, "family": "lin", "window_frac": 0.1, "f": 0.98, "status": "ok", "t_c": 867, "t_fc": 965, "err_cross": -4, "err_lag": -2, "err_ref": -4, "secs": 0.19}
{"seed": 9310100, "family": "lin", "window_frac": 0.25, "f": 0.8, "status": "ok", "t_c": 683, "t_fc": 904, "err_cross": -65, "err_lag": -2, "err_ref": -4, "secs": 0.18}
{"seed": 9310100, "family": "lin", "window_frac": 0.25, "f": 0.9, "status": "ok", "t_c": 783, "t_fc": 942, "err_cross": -27, "err_lag": -2, "err_ref": -4, "secs": 0.2}
{"seed": 9310100, "family": "lin", "window_frac": 0.25, "f": 0.95, "status": "ok", "t_c": 835, "t_fc": 956, "err_cross": -13, "err_lag": -2, "err_ref": -4, "secs": 0.19}
{"seed": 9310100, "family": "lin", "window_frac": 0.25, "f": 0.98, "status": "ok", "t_c": 867, "t_fc": 963, "err_cross": -6, "err_lag": -2, "err_ref": -4, "secs": 0.18}
{"seed": 9310101, "family": "quad", "window_frac": 0.05, "f": 0.8, "status": "ok", "t_c": 639, "t_fc": 1009, "err_cross": 21, "err_lag": -8, "err_ref": -4, "secs": 0.19}
{"seed": 9310101, "family": "quad", "window_frac": 0.05, "f": 0.9, "status": "ok", "t_c": 767, "t_fc": 986, "err_cross": -2, "err_lag": -5, "err_ref": -4, "secs": 0.19}
{"seed": 9310101, "family": "quad", "window_frac": 0.05, "f": 0.95, "status": "ok", "t_c": 834, "t_fc": 984, "err_cross": -4, "err_lag": -5, "err_ref": -4, "secs": 0.19}
{"seed": 9310101, "family": "quad", "window_frac": 0.05, "f": 0.98, "status": "ok", "t_c": 875, "t_fc": 984, "err_cross": -4, "err_lag": -5, "err_ref": -4, "secs": 0.19}
{"seed": 9310101, "family": "quad", "window_frac": 0.1, "f": 0.8, "status": "ok", "t_c": 639, "t_fc": 1013, "err_cross": 25, "err_lag": -7, "err_ref": -4, "secs": 0.19}
{"seed": 9310101, "family": "quad", "window_frac": 0.1, "f": 0.9, "status": "ok", "t_c": 767, "t_fc": 986, "err_cross": -2, "err_lag": -6, "err_ref": -4, "secs": 0.19}
{"seed": 9310101, "family": "quad", "window_frac": 0.1, "f": 0.95, "status": "ok", "t_c": 834, "t_fc": 984, "err_cross": -4, "err_lag": -5, "err_ref": -4, "secs": 0.19}
{"seed": 9310101, "family": "quad", "window_frac": 0.1, "f": 0.98, "status": "ok", "t_c": 875, "t_fc": 984, "err_cross": -4, "err_lag": -5, "err_ref": -4, "secs": 0.19}
{"seed": 9310101, "family": "quad", "window_frac": 0.25, "f": 0.8, "status": "ok", "t_c": 639, "t_fc": 1058, "err_cross": 70, "err_lag": -12, "err_ref": -4, "secs": 0.19}
{"seed": 9310101, "family": "quad", "window_frac": 0.25, "f": 0.9, "status": "ok", "t_c": 767, "t_fc": 992, "err_cross": 4, "err_lag": -6, "err_ref": -4, "secs": 0.19}
{"seed": 9310101, "family": "quad", "window_frac": 0.25, "f": 0.95, "status": "ok", "t_c": 834, "t_fc": 985, "err_cross": -3, "err_lag": -6, "err_ref": -4, "secs": 0.19}
{"seed": 9310101, "family": "quad", "window_frac": 0.25, "f": 0.98, "status": "ok", "t_c": 875, "t_fc": 984, "err_cross": -4, "err_lag": -5, "err_ref": -4, "secs": 0.21}
{"seed": 9310101, "family": "rate", "window_frac": 0.05, "f": 0.8, "status": "ok", "t_c": 639, "t_fc": 992, "err_cross": 4, "err_lag": -5, "err_ref": -4, "secs": 0.19}
{"seed": 9310101, "family": "rate", "window_frac": 0.05, "f": 0.9, "status": "ok", "t_c": 767, "t_fc": 985, "err_cross": -3, "err_lag": -5, "err_ref": -4, "secs": 0.19}
{"seed": 9310101, "family": "rate", "window_frac": 0.05, "f": 0.95, "status": "ok", "t_c": 834, "t_fc": 984, "err_cross": -4, "err_lag": -5, "err_ref": -4, "secs": 0.19}
{"seed": 9310101, "family": "rate", "window_frac": 0.05, "f": 0.98, "status": "ok", "t_c": 875, "t_fc": 984, "err_cross": -4, "err_lag": -4, "err_ref": -4, "secs": 0.19}
{"seed": 9310101, "family": "rate", "window_frac": 0.1, "f": 0.8, "status": "ok", "t_c": 639, "t_fc": 993, "err_cross": 5, "err_lag": -5, "err_ref": -4, "secs": 0.19}
{"seed": 9310101, "family": "rate", "window_frac": 0.1, "f": 0.9, "status": "ok", "t_c": 767, "t_fc": 985, "err_cross": -3, "err_lag": -5, "err_ref": -4, "secs": 0.2}
{"seed": 9310101, "family": "rate", "window_frac": 0.1, "f": 0.95, "status": "ok", "t_c": 834, "t_fc": 984, "err_cross": -4, "err_lag": -5, "err_ref": -4, "secs": 0.19}
{"seed": 9310101, "family": "rate", "window_frac": 0.1, "f": 0.98, "status": "ok", "t_c": 875, "t_fc": 984, "err_cross": -4, "err_lag": -5, "err_ref": -4, "secs": 0.19}
{"seed": 9310101, "family": "rate", "window_frac": 0.25, "f": 0.8, "status": "ok", "t_c": 639, "t_fc": 1001, "err_cross": 13, "err_lag": -5, "err_ref": -4, "secs": 0.19}
{"seed": 9310101, "family": "rate", "window_frac": 0.25, "f": 0.9, "status": "ok", "t_c": 767, "t_fc": 987, "err_cross": -1, "err_lag": -5, "err_ref": -4, "secs": 0.19}
{"seed": 9310101, "family": "rate", "window_frac": 0.25, "f": 0.95, "status": "ok", "t_c": 834, "t_fc": 985, "err_cross": -3, "err_lag": -4, "err_ref": -4, "secs": 0.19}
{"seed": 9310101, "family": "rate", "window_frac": 0.25, "f": 0.98, "status": "ok", "t_c": 875, "t_fc": 984, "err_cross": -4, "err_lag": -5, "err_ref": -4, "secs": 0.19}
{"seed": 9310101, "family": "lin", "window_frac": 0.05, "f": 0.8, "status": "ok", "t_c": 639, "t_fc": 934, "err_cross": -54, "err_lag": -3, "err_ref": -4, "secs": 0.19}
{"seed": 9310101, "family": "lin", "window_frac": 0.05, "f": 0.9, "status": "ok", "t_c": 767, "t_fc": 971, "err_cross": -17, "err_lag": -2, "err_ref": -4, "secs": 0.19}
{"seed": 9310101, "family": "lin", "window_frac": 0.05, "f": 0.95, "status": "ok", "t_c": 834, "t_fc": 981, "err_cross": -7, "err_lag": -3, "err_ref": -4, "secs": 0.19}
{"seed": 9310101, "family": "lin", "window_frac": 0.05, "f": 0.98, "status": "ok", "t_c": 875, "t_fc": 984, "err_cross": -4, "err_lag": -3, "err_ref": -4, "secs": 0.19}
{"seed": 9310101, "family": "lin", "window_frac": 0.1, "f": 0.8, "status": "ok", "t_c": 639, "t_fc": 932, "err_cross": -56, "err_lag": -3, "err_ref": -4, "secs": 0.19}
{"seed": 9310101, "family": "lin", "window_frac": 0.1, "f": 0.9, "status": "ok", "t_c": 767, "t_fc": 968, "err_cross": -20, "err_lag": -3, "err_ref": -4, "secs": 0.19}
{"seed": 9310101, "family": "lin", "window_frac": 0.1, "f": 0.95, "status": "ok", "t_c": 834, "t_fc": 979, "err_cross": -9, "err_lag": -3, "err_ref": -4, "secs": 0.19}
{"seed": 9310101, "family": "lin", "window_frac": 0.1, "f": 0.98, "status": "ok", "t_c": 875, "t_fc": 984, "err_cross": -4, "err_lag": -3, "err_ref": -4, "secs": 0.19}
{"seed": 9310101, "family": "lin", "window_frac": 0.25, "f": 0.8, "status": "ok", "t_c": 639, "t_fc": 915, "err_cross": -73, "err_lag": -3, "err_ref": -4, "secs": 0.19}
{"seed": 9310101, "family": "lin", "window_frac": 0.25, "f": 0.9, "status": "ok", "t_c": 767, "t_fc": 959, "err_cross": -29, "err_lag": -3, "err_ref": -4, "secs": 0.19}
{"seed": 9310101, "family": "lin", "window_frac": 0.25, "f": 0.95, "status": "ok", "t_c": 834, "t_fc": 974, "err_cross": -14, "err_lag": -3, "err_ref": -4, "secs": 0.19}
{"seed": 9310101, "family": "lin", "window_frac": 0.25, "f": 0.98, "status": "ok", "t_c": 875, "t_fc": 982, "err_cross": -6, "err_lag": -2, "err_ref": -4, "secs": 0.19}
{"seed": 9310102, "family": "quad", "window_frac": 0.05, "f": 0.8, "status": "no cutoff: s never reaches f\u00b7s_ref in the saved path", "t_c": null, "t_fc": null, "err_cross": null, "err_lag": null, "err_ref": null, "secs": 0.0}
{"seed": 9310102, "family": "quad", "window_frac": 0.05, "f": 0.9, "status": "no cutoff: s never reaches f\u00b7s_ref in the saved path", "t_c": null, "t_fc": null, "err_cross": null, "err_lag": null, "err_ref": null, "secs": 0.0}
{"seed": 9310102, "family": "quad", "window_frac": 0.05, "f": 0.95, "status": "no cutoff: s never reaches f\u00b7s_ref in the saved path", "t_c": null, "t_fc": null, "err_cross": null, "err_lag": null, "err_ref": null, "secs": 0.0}
{"seed": 9310102, "family": "quad", "window_frac": 0.05, "f": 0.98, "status": "no cutoff: s never reaches f\u00b7s_ref in the saved path", "t_c": null, "t_fc": null, "err_cross": null, "err_lag": null, "err_ref": null, "secs": 0.0}
{"seed": 9310102, "family": "quad", "window_frac": 0.1, "f": 0.8, "status": "no cutoff: s never reaches f\u00b7s_ref in the saved path", "t_c": null, "t_fc": null, "err_cross": null, "err_lag": null, "err_ref": null, "secs": 0.0}
{"seed": 9310102, "family": "quad", "window_frac": 0.1, "f": 0.9, "status": "no cutoff: s never reaches f\u00b7s_ref in the saved path", "t_c": null, "t_fc": null, "err_cross": null, "err_lag": null, "err_ref": null, "secs": 0.0}
{"seed": 9310102, "family": "quad", "window_frac": 0.1, "f": 0.95, "status": "no cutoff: s never reaches f\u00b7s_ref in the saved path", "t_c": null, "t_fc": null, "err_cross": null, "err_lag": null, "err_ref": null, "secs": 0.0}
{"seed": 9310102, "family": "quad", "window_frac": 0.1, "f": 0.98, "status": "no cutoff: s never reaches f\u00b7s_ref in the saved path", "t_c": null, "t_fc": null, "err_cross": null, "err_lag": null, "err_ref": null, "secs": 0.0}
{"seed": 9310102, "family": "quad", "window_frac": 0.25, "f": 0.8, "status": "no cutoff: s never reaches f\u00b7s_ref in the saved path", "t_c": null, "t_fc": null, "err_cross": null, "err_lag": null, "err_ref": null, "secs": 0.0}
{"seed": 9310102, "family": "quad", "window_frac": 0.25, "f": 0.9, "status": "no cutoff: s never reaches f\u00b7s_ref in the saved path", "t_c": null, "t_fc": null, "err_cross": null, "err_lag": null, "err_ref": null, "secs": 0.0}
{"seed": 9310102, "family": "quad", "window_frac": 0.25, "f": 0.95, "status": "no cutoff: s never reaches f\u00b7s_ref in the saved path", "t_c": null, "t_fc": null, "err_cross": null, "err_lag": null, "err_ref": null, "secs": 0.0}
{"seed": 9310102, "family": "quad", "window_frac": 0.25, "f": 0.98, "status": "no cutoff: s never reaches f\u00b7s_ref in the saved path", "t_c": null, "t_fc": null, "err_cross": null, "err_lag": null, "err_ref": null, "secs": 0.0}
{"seed": 9310102, "family": "rate", "window_frac": 0.05, "f": 0.8, "status": "no cutoff: s never reaches f\u00b7s_ref in the saved path", "t_c": null, "t_fc": null, "err_cross": null, "err_lag": null, "err_ref": null, "secs": 0.0}
{"seed": 9310102, "family": "rate", "window_frac": 0.05, "f": 0.9, "status": "no cutoff: s never reaches f\u00b7s_ref in the saved path", "t_c": null, "t_fc": null, "err_cross": null, "err_lag": null, "err_ref": null, "secs": 0.0}
{"seed": 9310102, "family": "rate", "window_frac": 0.05, "f": 0.95, "status": "no cutoff: s never reaches f\u00b7s_ref in the saved path", "t_c": null, "t_fc": null, "err_cross": null, "err_lag": null, "err_ref": null, "secs": 0.0}
{"seed": 9310102, "family": "rate", "window_frac": 0.05, "f": 0.98, "status": "no cutoff: s never reaches f\u00b7s_ref in the saved path", "t_c": null, "t_fc": null, "err_cross": null, "err_lag": null, "err_ref": null, "secs": 0.0}
{"seed": 9310102, "family": "rate", "window_frac": 0.1, "f": 0.8, "status": "no cutoff: s never reaches f\u00b7s_ref in the saved path", "t_c": null, "t_fc": null, "err_cross": null, "err_lag": null, "err_ref": null, "secs": 0.0}
{"seed": 9310102, "family": "rate", "window_frac": 0.1, "f": 0.9, "status": "no cutoff: s never reaches f\u00b7s_ref in the saved path", "t_c": null, "t_fc": null, "err_cross": null, "err_lag": null, "err_ref": null, "secs": 0.0}
{"seed": 9310102, "family": "rate", "window_frac": 0.1, "f": 0.95, "status": "no cutoff: s never reaches f\u00b7s_ref in the saved path", "t_c": null, "t_fc": null, "err_cross": null, "err_lag": null, "err_ref": null, "secs": 0.0}
{"seed": 9310102, "family": "rate", "window_frac": 0.1, "f": 0.98, "status": "no cutoff: s never reaches f\u00b7s_ref in the saved path", "t_c": null, "t_fc": null, "err_cross": null, "err_lag": null, "err_ref": null, "secs": 0.0}
{"seed": 9310102, "family": "rate", "window_frac": 0.25, "f": 0.8, "status": "no cutoff: s never reaches f\u00b7s_ref in the saved path", "t_c": null, "t_fc": null, "err_cross": null, "err_lag": null, "err_ref": null, "secs": 0.0}
{"seed": 9310102, "family": "rate", "window_frac": 0.25, "f": 0.9, "status": "no cutoff: s never reaches f\u00b7s_ref in the saved path", "t_c": null, "t_fc": null, "err_cross": null, "err_lag": null, "err_ref": null, "secs": 0.0}
{"seed": 9310102, "family": "rate", "window_frac": 0.25, "f": 0.95, "status": "no cutoff: s never reaches f\u00b7s_ref in the saved path", "t_c": null, "t_fc": null, "err_cross": null, "err_lag": null, "err_ref": null, "secs": 0.0}
{"seed": 9310102, "family": "rate", "window_frac": 0.25, "f": 0.98, "status": "no cutoff: s never reaches f\u00b7s_ref in the saved path", "t_c": null, "t_fc": null, "err_cross": null, "err_lag": null, "err_ref": null, "secs": 0.0}
{"seed": 9310102, "family": "lin", "window_frac": 0.05, "f": 0.8, "status": "no cutoff: s never reaches f\u00b7s_ref in the saved path", "t_c": null, "t_fc": null, "err_cross": null, "err_lag": null, "err_ref": null, "secs": 0.0}
{"seed": 9310102, "family": "lin", "window_frac": 0.05, "f": 0.9, "status": "no cutoff: s never reaches f\u00b7s_ref in the saved path", "t_c": null, "t_fc": null, "err_cross": null, "err_lag": null, "err_ref": null, "secs": 0.0}
{"seed": 9310102, "family": "lin", "window_frac": 0.05, "f": 0.95, "status": "no cutoff: s never reaches f\u00b7s_ref in the saved path", "t_c": null, "t_fc": null, "err_cross": null, "err_lag": null, "err_ref": null, "secs": 0.0}
{"seed": 9310102, "family": "lin", "window_frac": 0.05, "f": 0.98, "status": "no cutoff: s never reaches f\u00b7s_ref in the saved path", "t_c": null, "t_fc": null, "err_cross": null, "err_lag": null, "err_ref": null, "secs": 0.0}
{"seed": 9310102, "family": "lin", "window_frac": 0.1, "f": 0.8, "status": "no cutoff: s never reaches f\u00b7s_ref in the saved path", "t_c": null, "t_fc": null, "err_cross": null, "err_lag": null, "err_ref": null, "secs": 0.0}
{"seed": 9310102, "family": "lin", "window_frac": 0.1, "f": 0.9, "status": "no cutoff: s never reaches f\u00b7s_ref in the saved path", "t_c": null, "t_fc": null, "err_cross": null, "err_lag": null, "err_ref": null, "secs": 0.0}
{"seed": 9310102, "family": "lin", "window_frac": 0.1, "f": 0.95, "status": "no cutoff: s never reaches f\u00b7s_ref in the saved path", "t_c": null, "t_fc": null, "err_cross": null, "err_lag": null, "err_ref": null, "secs": 0.0}
{"seed": 9310102, "family": "lin", "window_frac": 0.1, "f": 0.98, "status": "no cutoff: s never reaches f\u00b7s_ref in the saved path", "t_c": null, "t_fc": null, "err_cross": null, "err_lag": null, "err_ref": null, "secs": 0.0}
{"seed": 9310102, "family": "lin", "window_frac": 0.25, "f": 0.8, "status": "no cutoff: s never reaches f\u00b7s_ref in the saved path", "t_c": null, "t_fc": null, "err_cross": null, "err_lag": null, "err_ref": null, "secs": 0.0}
{"seed": 9310102, "family": "lin", "window_frac": 0.25, "f": 0.9, "status": "no cutoff: s never reaches f\u00b7s_ref in the saved path", "t_c": null, "t_fc": null, "err_cross": null, "err_lag": null, "err_ref": null, "secs": 0.0}
{"seed": 9310102, "family": "lin", "window_frac": 0.25, "f": 0.95, "status": "no cutoff: s never reaches f\u00b7s_ref in the saved path", "t_c": null, "t_fc": null, "err_cross": null, "err_lag": null, "err_ref": null, "secs": 0.0}
{"seed": 9310102, "family": "lin", "window_frac": 0.25, "f": 0.98, "status": "no cutoff: s never reaches f\u00b7s_ref in the saved path", "t_c": null, "t_fc": null, "err_cross": null, "err_lag": null, "err_ref": null, "secs": 0.0}
{"seed": 9310103, "family": "quad", "window_frac": 0.05, "f": 0.8, "status": "no forecast: no predicted crossing on the extrapolated path", "t_c": 8598, "t_fc": null, "err_cross": null, "err_lag": null, "err_ref": -5, "secs": 0.19}
{"seed": 9310103, "family": "quad", "window_frac": 0.05, "f": 0.9, "status": "no forecast: no predicted crossing on the extrapolated path", "t_c": 8678, "t_fc": null, "err_cross": null, "err_lag": null, "err_ref": -5, "secs": 0.19}
{"seed": 9310103, "family": "quad", "window_frac": 0.05, "f": 0.95, "status": "no forecast: no predicted crossing on the extrapolated path", "t_c": 8720, "t_fc": null, "err_cross": null, "err_lag": null, "err_ref": -5, "secs": 0.19}
{"seed": 9310103, "family": "quad", "window_frac": 0.05, "f": 0.98, "status": "no forecast: no predicted crossing on the extrapolated path", "t_c": 8746, "t_fc": null, "err_cross": null, "err_lag": null, "err_ref": -5, "secs": 0.19}
{"seed": 9310103, "family": "quad", "window_frac": 0.1, "f": 0.8, "status": "no forecast: no predicted crossing on the extrapolated path", "t_c": 8598, "t_fc": null, "err_cross": null, "err_lag": null, "err_ref": -5, "secs": 0.19}
{"seed": 9310103, "family": "quad", "window_frac": 0.1, "f": 0.9, "status": "no forecast: no predicted crossing on the extrapolated path", "t_c": 8678, "t_fc": null, "err_cross": null, "err_lag": null, "err_ref": -5, "secs": 0.19}
{"seed": 9310103, "family": "quad", "window_frac": 0.1, "f": 0.95, "status": "no forecast: no predicted crossing on the extrapolated path", "t_c": 8720, "t_fc": null, "err_cross": null, "err_lag": null, "err_ref": -5, "secs": 0.19}
{"seed": 9310103, "family": "quad", "window_frac": 0.1, "f": 0.98, "status": "no forecast: no predicted crossing on the extrapolated path", "t_c": 8746, "t_fc": null, "err_cross": null, "err_lag": null, "err_ref": -5, "secs": 0.19}
{"seed": 9310103, "family": "quad", "window_frac": 0.25, "f": 0.8, "status": "ok", "t_c": 8598, "t_fc": 10805, "err_cross": 1735, "err_lag": -2, "err_ref": -5, "secs": 0.21}
{"seed": 9310103, "family": "quad", "window_frac": 0.25, "f": 0.9, "status": "ok", "t_c": 8678, "t_fc": 9393, "err_cross": 323, "err_lag": -1, "err_ref": -5, "secs": 0.19}
{"seed": 9310103, "family": "quad", "window_frac": 0.25, "f": 0.95, "status": "ok", "t_c": 8720, "t_fc": 9206, "err_cross": 136, "err_lag": -1, "err_ref": -5, "secs": 0.19}
{"seed": 9310103, "family": "quad", "window_frac": 0.25, "f": 0.98, "status": "ok", "t_c": 8746, "t_fc": 9141, "err_cross": 71, "err_lag": -1, "err_ref": -5, "secs": 0.19}
{"seed": 9310103, "family": "rate", "window_frac": 0.05, "f": 0.8, "status": "no forecast: no predicted crossing on the extrapolated path", "t_c": 8598, "t_fc": null, "err_cross": null, "err_lag": null, "err_ref": -5, "secs": 0.19}
{"seed": 9310103, "family": "rate", "window_frac": 0.05, "f": 0.9, "status": "ok", "t_c": 8678, "t_fc": 8940, "err_cross": -130, "err_lag": -3, "err_ref": -5, "secs": 0.19}
{"seed": 9310103, "family": "rate", "window_frac": 0.05, "f": 0.95, "status": "no forecast: extrapolated path not growing at the cutoff", "t_c": 8720, "t_fc": null, "err_cross": null, "err_lag": null, "err_ref": -5, "secs": 0.18}
{"seed": 9310103, "family": "rate", "window_frac": 0.05, "f": 0.98, "status": "no forecast: no predicted crossing on the extrapolated path", "t_c": 8746, "t_fc": null, "err_cross": null, "err_lag": null, "err_ref": -5, "secs": 0.22}
{"seed": 9310103, "family": "rate", "window_frac": 0.1, "f": 0.8, "status": "no forecast: no predicted crossing on the extrapolated path", "t_c": 8598, "t_fc": null, "err_cross": null, "err_lag": null, "err_ref": -5, "secs": 0.19}
{"seed": 9310103, "family": "rate", "window_frac": 0.1, "f": 0.9, "status": "no forecast: no predicted crossing on the extrapolated path", "t_c": 8678, "t_fc": null, "err_cross": null, "err_lag": null, "err_ref": -5, "secs": 0.2}
{"seed": 9310103, "family": "rate", "window_frac": 0.1, "f": 0.95, "status": "no forecast: no predicted crossing on the extrapolated path", "t_c": 8720, "t_fc": null, "err_cross": null, "err_lag": null, "err_ref": -5, "secs": 0.19}
{"seed": 9310103, "family": "rate", "window_frac": 0.1, "f": 0.98, "status": "no forecast: no predicted crossing on the extrapolated path", "t_c": 8746, "t_fc": null, "err_cross": null, "err_lag": null, "err_ref": -5, "secs": 0.19}
{"seed": 9310103, "family": "rate", "window_frac": 0.25, "f": 0.8, "status": "ok", "t_c": 8598, "t_fc": 9971, "err_cross": 901, "err_lag": -2, "err_ref": -5, "secs": 0.2}
{"seed": 9310103, "family": "rate", "window_frac": 0.25, "f": 0.9, "status": "ok", "t_c": 8678, "t_fc": 9248, "err_cross": 178, "err_lag": -1, "err_ref": -5, "secs": 0.21}
{"seed": 9310103, "family": "rate", "window_frac": 0.25, "f": 0.95, "status": "ok", "t_c": 8720, "t_fc": 9140, "err_cross": 70, "err_lag": 0, "err_ref": -5, "secs": 0.19}
{"seed": 9310103, "family": "rate", "window_frac": 0.25, "f": 0.98, "status": "ok", "t_c": 8746, "t_fc": 9103, "err_cross": 33, "err_lag": 0, "err_ref": -5, "secs": 0.19}
{"seed": 9310103, "family": "lin", "window_frac": 0.05, "f": 0.8, "status": "no forecast: no predicted crossing on the extrapolated path", "t_c": 8598, "t_fc": null, "err_cross": null, "err_lag": null, "err_ref": -5, "secs": 0.19}
{"seed": 9310103, "family": "lin", "window_frac": 0.05, "f": 0.9, "status": "no forecast: no predicted crossing on the extrapolated path", "t_c": 8678, "t_fc": null, "err_cross": null, "err_lag": null, "err_ref": -5, "secs": 0.19}
{"seed": 9310103, "family": "lin", "window_frac": 0.05, "f": 0.95, "status": "ok", "t_c": 8720, "t_fc": 8925, "err_cross": -145, "err_lag": 8, "err_ref": -5, "secs": 0.19}
{"seed": 9310103, "family": "lin", "window_frac": 0.05, "f": 0.98, "status": "ok", "t_c": 8746, "t_fc": 8946, "err_cross": -124, "err_lag": 3, "err_ref": -5, "secs": 0.2}
{"seed": 9310103, "family": "lin", "window_frac": 0.1, "f": 0.8, "status": "ok", "t_c": 8598, "t_fc": 10875, "err_cross": 1805, "err_lag": -4, "err_ref": -5, "secs": 0.22}
{"seed": 9310103, "family": "lin", "window_frac": 0.1, "f": 0.9, "status": "ok", "t_c": 8678, "t_fc": 9292, "err_cross": 222, "err_lag": -2, "err_ref": -5, "secs": 0.2}
{"seed": 9310103, "family": "lin", "window_frac": 0.1, "f": 0.95, "status": "ok", "t_c": 8720, "t_fc": 9134, "err_cross": 64, "err_lag": -2, "err_ref": -5, "secs": 0.19}
{"seed": 9310103, "family": "lin", "window_frac": 0.1, "f": 0.98, "status": "ok", "t_c": 8746, "t_fc": 9084, "err_cross": 14, "err_lag": -2, "err_ref": -5, "secs": 0.21}
{"seed": 9310103, "family": "lin", "window_frac": 0.25, "f": 0.8, "status": "no forecast: extrapolated path not growing at the cutoff", "t_c": 8598, "t_fc": null, "err_cross": null, "err_lag": null, "err_ref": -5, "secs": 0.2}
{"seed": 9310103, "family": "lin", "window_frac": 0.25, "f": 0.9, "status": "no forecast: extrapolated path not growing at the cutoff", "t_c": 8678, "t_fc": null, "err_cross": null, "err_lag": null, "err_ref": -5, "secs": 0.23}
{"seed": 9310103, "family": "lin", "window_frac": 0.25, "f": 0.95, "status": "no forecast: extrapolated path not growing at the cutoff", "t_c": 8720, "t_fc": null, "err_cross": null, "err_lag": null, "err_ref": -5, "secs": 0.19}
{"seed": 9310103, "family": "lin", "window_frac": 0.25, "f": 0.98, "status": "no forecast: extrapolated path not growing at the cutoff", "t_c": 8746, "t_fc": null, "err_cross": null, "err_lag": null, "err_ref": -5, "secs": 0.19}
{"seed": 9310104, "family": "quad", "window_frac": 0.05, "f": 0.8, "status": "ok", "t_c": 490, "t_fc": 773, "err_cross": 14, "err_lag": -8, "err_ref": -3, "secs": 0.18}
{"seed": 9310104, "family": "quad", "window_frac": 0.05, "f": 0.9, "status": "ok", "t_c": 580, "t_fc": 756, "err_cross": -3, "err_lag": -5, "err_ref": -3, "secs": 0.18}
{"seed": 9310104, "family": "quad", "window_frac": 0.05, "f": 0.95, "status": "ok", "t_c": 627, "t_fc": 755, "err_cross": -4, "err_lag": -4, "err_ref": -3, "secs": 0.18}
{"seed": 9310104, "family": "quad", "window_frac": 0.05, "f": 0.98, "status": "ok", "t_c": 656, "t_fc": 755, "err_cross": -4, "err_lag": -4, "err_ref": -3, "secs": 0.18}
{"seed": 9310104, "family": "quad", "window_frac": 0.1, "f": 0.8, "status": "ok", "t_c": 490, "t_fc": 773, "err_cross": 14, "err_lag": -8, "err_ref": -3, "secs": 0.18}
{"seed": 9310104, "family": "quad", "window_frac": 0.1, "f": 0.9, "status": "ok", "t_c": 580, "t_fc": 756, "err_cross": -3, "err_lag": -5, "err_ref": -3, "secs": 0.18}
{"seed": 9310104, "family": "quad", "window_frac": 0.1, "f": 0.95, "status": "ok", "t_c": 627, "t_fc": 755, "err_cross": -4, "err_lag": -4, "err_ref": -3, "secs": 0.18}
{"seed": 9310104, "family": "quad", "window_frac": 0.1, "f": 0.98, "status": "ok", "t_c": 656, "t_fc": 755, "err_cross": -4, "err_lag": -4, "err_ref": -3, "secs": 0.18}
{"seed": 9310104, "family": "quad", "window_frac": 0.25, "f": 0.8, "status": "ok", "t_c": 490, "t_fc": 806, "err_cross": 47, "err_lag": -15, "err_ref": -3, "secs": 0.18}
{"seed": 9310104, "family": "quad", "window_frac": 0.25, "f": 0.9, "status": "ok", "t_c": 580, "t_fc": 760, "err_cross": 1, "err_lag": -6, "err_ref": -3, "secs": 0.19}
{"seed": 9310104, "family": "quad", "window_frac": 0.25, "f": 0.95, "status": "ok", "t_c": 627, "t_fc": 756, "err_cross": -3, "err_lag": -4, "err_ref": -3, "secs": 0.19}
{"seed": 9310104, "family": "quad", "window_frac": 0.25, "f": 0.98, "status": "ok", "t_c": 656, "t_fc": 755, "err_cross": -4, "err_lag": -4, "err_ref": -3, "secs": 0.2}
{"seed": 9310104, "family": "rate", "window_frac": 0.05, "f": 0.8, "status": "ok", "t_c": 490, "t_fc": 762, "err_cross": 3, "err_lag": -4, "err_ref": -3, "secs": 0.19}
{"seed": 9310104, "family": "rate", "window_frac": 0.05, "f": 0.9, "status": "ok", "t_c": 580, "t_fc": 756, "err_cross": -3, "err_lag": -3, "err_ref": -3, "secs": 0.18}
{"seed": 9310104, "family": "rate", "window_frac": 0.05, "f": 0.95, "status": "ok", "t_c": 627, "t_fc": 755, "err_cross": -4, "err_lag": -4, "err_ref": -3, "secs": 0.18}
{"seed": 9310104, "family": "rate", "window_frac": 0.05, "f": 0.98, "status": "ok", "t_c": 656, "t_fc": 755, "err_cross": -4, "err_lag": -4, "err_ref": -3, "secs": 0.18}
{"seed": 9310104, "family": "rate", "window_frac": 0.1, "f": 0.8, "status": "ok", "t_c": 490, "t_fc": 762, "err_cross": 3, "err_lag": -4, "err_ref": -3, "secs": 0.18}
{"seed": 9310104, "family": "rate", "window_frac": 0.1, "f": 0.9, "status": "ok", "t_c": 580, "t_fc": 756, "err_cross": -3, "err_lag": -3, "err_ref": -3, "secs": 0.18}
{"seed": 9310104, "family": "rate", "window_frac": 0.1, "f": 0.95, "status": "ok", "t_c": 627, "t_fc": 755, "err_cross": -4, "err_lag": -4, "err_ref": -3, "secs": 0.19}
{"seed": 9310104, "family": "rate", "window_frac": 0.1, "f": 0.98, "status": "ok", "t_c": 656, "t_fc": 755, "err_cross": -4, "err_lag": -4, "err_ref": -3, "secs": 0.18}
{"seed": 9310104, "family": "rate", "window_frac": 0.25, "f": 0.8, "status": "ok", "t_c": 490, "t_fc": 768, "err_cross": 9, "err_lag": -4, "err_ref": -3, "secs": 0.18}
{"seed": 9310104, "family": "rate", "window_frac": 0.25, "f": 0.9, "status": "ok", "t_c": 580, "t_fc": 757, "err_cross": -2, "err_lag": -4, "err_ref": -3, "secs": 0.18}
{"seed": 9310104, "family": "rate", "window_frac": 0.25, "f": 0.95, "status": "ok", "t_c": 627, "t_fc": 756, "err_cross": -3, "err_lag": -3, "err_ref": -3, "secs": 0.18}
{"seed": 9310104, "family": "rate", "window_frac": 0.25, "f": 0.98, "status": "ok", "t_c": 656, "t_fc": 755, "err_cross": -4, "err_lag": -4, "err_ref": -3, "secs": 0.18}
{"seed": 9310104, "family": "lin", "window_frac": 0.05, "f": 0.8, "status": "ok", "t_c": 490, "t_fc": 721, "err_cross": -38, "err_lag": 0, "err_ref": -3, "secs": 0.18}
{"seed": 9310104, "family": "lin", "window_frac": 0.05, "f": 0.9, "status": "ok", "t_c": 580, "t_fc": 747, "err_cross": -12, "err_lag": 0, "err_ref": -3, "secs": 0.18}
{"seed": 9310104, "family": "lin", "window_frac": 0.05, "f": 0.95, "status": "ok", "t_c": 627, "t_fc": 754, "err_cross": -5, "err_lag": -1, "err_ref": -3, "secs": 0.18}
{"seed": 9310104, "family": "lin", "window_frac": 0.05, "f": 0.98, "status": "ok", "t_c": 656, "t_fc": 757, "err_cross": -2, "err_lag": 0, "err_ref": -3, "secs": 0.19}
{"seed": 9310104, "family": "lin", "window_frac": 0.1, "f": 0.8, "status": "ok", "t_c": 490, "t_fc": 721, "err_cross": -38, "err_lag": 0, "err_ref": -3, "secs": 0.2}
{"seed": 9310104, "family": "lin", "window_frac": 0.1, "f": 0.9, "status": "ok", "t_c": 580, "t_fc": 746, "err_cross": -13, "err_lag": 0, "err_ref": -3, "secs": 0.25}
{"seed": 9310104, "family": "lin", "window_frac": 0.1, "f": 0.95, "status": "ok", "t_c": 627, "t_fc": 754, "err_cross": -5, "err_lag": 0, "err_ref": -3, "secs": 0.2}
{"seed": 9310104, "family": "lin", "window_frac": 0.1, "f": 0.98, "status": "ok", "t_c": 656, "t_fc": 757, "err_cross": -2, "err_lag": 0, "err_ref": -3, "secs": 0.25}
{"seed": 9310104, "family": "lin", "window_frac": 0.25, "f": 0.8, "status": "ok", "t_c": 490, "t_fc": 708, "err_cross": -51, "err_lag": 0, "err_ref": -3, "secs": 0.19}
{"seed": 9310104, "family": "lin", "window_frac": 0.25, "f": 0.9, "status": "ok", "t_c": 580, "t_fc": 739, "err_cross": -20, "err_lag": 0, "err_ref": -3, "secs": 0.18}
{"seed": 9310104, "family": "lin", "window_frac": 0.25, "f": 0.95, "status": "ok", "t_c": 627, "t_fc": 750, "err_cross": -9, "err_lag": 0, "err_ref": -3, "secs": 0.18}
{"seed": 9310104, "family": "lin", "window_frac": 0.25, "f": 0.98, "status": "ok", "t_c": 656, "t_fc": 755, "err_cross": -4, "err_lag": -1, "err_ref": -3, "secs": 0.18}
{"seed": 9310105, "family": "quad", "window_frac": 0.05, "f": 0.8, "status": "ok", "t_c": 544, "t_fc": 647, "err_cross": -5, "err_lag": -5, "err_ref": -4, "secs": 0.2}
{"seed": 9310105, "family": "quad", "window_frac": 0.05, "f": 0.9, "status": "ok", "t_c": 649, "t_fc": 648, "err_cross": -4, "err_lag": -4, "err_ref": -4, "secs": 0.18}
{"seed": 9310105, "family": "quad", "window_frac": 0.05, "f": 0.95, "status": "ok", "t_c": 704, "t_fc": 648, "err_cross": -4, "err_lag": -4, "err_ref": -4, "secs": 0.18}
{"seed": 9310105, "family": "quad", "window_frac": 0.05, "f": 0.98, "status": "ok", "t_c": 738, "t_fc": 648, "err_cross": -4, "err_lag": -4, "err_ref": -4, "secs": 0.18}
{"seed": 9310105, "family": "quad", "window_frac": 0.1, "f": 0.8, "status": "ok", "t_c": 544, "t_fc": 647, "err_cross": -5, "err_lag": -5, "err_ref": -4, "secs": 0.18}
{"seed": 9310105, "family": "quad", "window_frac": 0.1, "f": 0.9, "status": "ok", "t_c": 649, "t_fc": 648, "err_cross": -4, "err_lag": -4, "err_ref": -4, "secs": 0.18}
{"seed": 9310105, "family": "quad", "window_frac": 0.1, "f": 0.95, "status": "ok", "t_c": 704, "t_fc": 648, "err_cross": -4, "err_lag": -4, "err_ref": -4, "secs": 0.18}
{"seed": 9310105, "family": "quad", "window_frac": 0.1, "f": 0.98, "status": "ok", "t_c": 738, "t_fc": 648, "err_cross": -4, "err_lag": -4, "err_ref": -4, "secs": 0.18}
{"seed": 9310105, "family": "quad", "window_frac": 0.25, "f": 0.8, "status": "ok", "t_c": 544, "t_fc": 647, "err_cross": -5, "err_lag": -5, "err_ref": -4, "secs": 0.18}
{"seed": 9310105, "family": "quad", "window_frac": 0.25, "f": 0.9, "status": "ok", "t_c": 649, "t_fc": 648, "err_cross": -4, "err_lag": -4, "err_ref": -4, "secs": 0.18}
{"seed": 9310105, "family": "quad", "window_frac": 0.25, "f": 0.95, "status": "ok", "t_c": 704, "t_fc": 648, "err_cross": -4, "err_lag": -4, "err_ref": -4, "secs": 0.18}
{"seed": 9310105, "family": "quad", "window_frac": 0.25, "f": 0.98, "status": "ok", "t_c": 738, "t_fc": 648, "err_cross": -4, "err_lag": -4, "err_ref": -4, "secs": 0.18}
{"seed": 9310105, "family": "rate", "window_frac": 0.05, "f": 0.8, "status": "ok", "t_c": 544, "t_fc": 648, "err_cross": -4, "err_lag": -4, "err_ref": -4, "secs": 0.18}
{"seed": 9310105, "family": "rate", "window_frac": 0.05, "f": 0.9, "status": "ok", "t_c": 649, "t_fc": 648, "err_cross": -4, "err_lag": -4, "err_ref": -4, "secs": 0.18}
{"seed": 9310105, "family": "rate", "window_frac": 0.05, "f": 0.95, "status": "ok", "t_c": 704, "t_fc": 648, "err_cross": -4, "err_lag": -4, "err_ref": -4, "secs": 0.18}
{"seed": 9310105, "family": "rate", "window_frac": 0.05, "f": 0.98, "status": "ok", "t_c": 738, "t_fc": 648, "err_cross": -4, "err_lag": -4, "err_ref": -4, "secs": 0.18}
{"seed": 9310105, "family": "rate", "window_frac": 0.1, "f": 0.8, "status": "ok", "t_c": 544, "t_fc": 648, "err_cross": -4, "err_lag": -4, "err_ref": -4, "secs": 0.18}
{"seed": 9310105, "family": "rate", "window_frac": 0.1, "f": 0.9, "status": "ok", "t_c": 649, "t_fc": 648, "err_cross": -4, "err_lag": -4, "err_ref": -4, "secs": 0.18}
{"seed": 9310105, "family": "rate", "window_frac": 0.1, "f": 0.95, "status": "ok", "t_c": 704, "t_fc": 648, "err_cross": -4, "err_lag": -4, "err_ref": -4, "secs": 0.18}
{"seed": 9310105, "family": "rate", "window_frac": 0.1, "f": 0.98, "status": "ok", "t_c": 738, "t_fc": 648, "err_cross": -4, "err_lag": -4, "err_ref": -4, "secs": 0.18}
{"seed": 9310105, "family": "rate", "window_frac": 0.25, "f": 0.8, "status": "ok", "t_c": 544, "t_fc": 648, "err_cross": -4, "err_lag": -4, "err_ref": -4, "secs": 0.19}
{"seed": 9310105, "family": "rate", "window_frac": 0.25, "f": 0.9, "status": "ok", "t_c": 649, "t_fc": 648, "err_cross": -4, "err_lag": -4, "err_ref": -4, "secs": 0.18}
{"seed": 9310105, "family": "rate", "window_frac": 0.25, "f": 0.95, "status": "ok", "t_c": 704, "t_fc": 648, "err_cross": -4, "err_lag": -4, "err_ref": -4, "secs": 0.18}
{"seed": 9310105, "family": "rate", "window_frac": 0.25, "f": 0.98, "status": "ok", "t_c": 738, "t_fc": 648, "err_cross": -4, "err_lag": -4, "err_ref": -4, "secs": 0.18}
{"seed": 9310105, "family": "lin", "window_frac": 0.05, "f": 0.8, "status": "ok", "t_c": 544, "t_fc": 650, "err_cross": -2, "err_lag": 0, "err_ref": -4, "secs": 0.18}
{"seed": 9310105, "family": "lin", "window_frac": 0.05, "f": 0.9, "status": "ok", "t_c": 649, "t_fc": 648, "err_cross": -4, "err_lag": -4, "err_ref": -4, "secs": 0.18}
{"seed": 9310105, "family": "lin", "window_frac": 0.05, "f": 0.95, "status": "ok", "t_c": 704, "t_fc": 648, "err_cross": -4, "err_lag": -4, "err_ref": -4, "secs": 0.2}
{"seed": 9310105, "family": "lin", "window_frac": 0.05, "f": 0.98, "status": "ok", "t_c": 738, "t_fc": 648, "err_cross": -4, "err_lag": -4, "err_ref": -4, "secs": 0.18}
{"seed": 9310105, "family": "lin", "window_frac": 0.1, "f": 0.8, "status": "ok", "t_c": 544, "t_fc": 649, "err_cross": -3, "err_lag": -1, "err_ref": -4, "secs": 0.18}
{"seed": 9310105, "family": "lin", "window_frac": 0.1, "f": 0.9, "status": "ok", "t_c": 649, "t_fc": 648, "err_cross": -4, "err_lag": -4, "err_ref": -4, "secs": 0.18}
{"seed": 9310105, "family": "lin", "window_frac": 0.1, "f": 0.95, "status": "ok", "t_c": 704, "t_fc": 648, "err_cross": -4, "err_lag": -4, "err_ref": -4, "secs": 0.18}
{"seed": 9310105, "family": "lin", "window_frac": 0.1, "f": 0.98, "status": "ok", "t_c": 738, "t_fc": 648, "err_cross": -4, "err_lag": -4, "err_ref": -4, "secs": 0.18}
{"seed": 9310105, "family": "lin", "window_frac": 0.25, "f": 0.8, "status": "ok", "t_c": 544, "t_fc": 648, "err_cross": -4, "err_lag": 0, "err_ref": -4, "secs": 0.18}
{"seed": 9310105, "family": "lin", "window_frac": 0.25, "f": 0.9, "status": "ok", "t_c": 649, "t_fc": 648, "err_cross": -4, "err_lag": -4, "err_ref": -4, "secs": 0.18}
{"seed": 9310105, "family": "lin", "window_frac": 0.25, "f": 0.95, "status": "ok", "t_c": 704, "t_fc": 648, "err_cross": -4, "err_lag": -4, "err_ref": -4, "secs": 0.18}
{"seed": 9310105, "family": "lin", "window_frac": 0.25, "f": 0.98, "status": "ok", "t_c": 738, "t_fc": 648, "err_cross": -4, "err_lag": -4, "err_ref": -4, "secs": 0.18}
{"seed": 9310106, "family": "quad", "window_frac": 0.05, "f": 0.8, "status": "ok", "t_c": 536, "t_fc": 838, "err_cross": 18, "err_lag": -6, "err_ref": -3, "secs": 0.19}
{"seed": 9310106, "family": "quad", "window_frac": 0.05, "f": 0.9, "status": "ok", "t_c": 637, "t_fc": 818, "err_cross": -2, "err_lag": -4, "err_ref": -3, "secs": 0.19}
{"seed": 9310106, "family": "quad", "window_frac": 0.05, "f": 0.95, "status": "ok", "t_c": 690, "t_fc": 817, "err_cross": -3, "err_lag": -3, "err_ref": -3, "secs": 0.19}
{"seed": 9310106, "family": "quad", "window_frac": 0.05, "f": 0.98, "status": "ok", "t_c": 722, "t_fc": 816, "err_cross": -4, "err_lag": -4, "err_ref": -3, "secs": 0.19}
{"seed": 9310106, "family": "quad", "window_frac": 0.1, "f": 0.8, "status": "ok", "t_c": 536, "t_fc": 839, "err_cross": 19, "err_lag": -6, "err_ref": -3, "secs": 0.19}
{"seed": 9310106, "family": "quad", "window_frac": 0.1, "f": 0.9, "status": "ok", "t_c": 637, "t_fc": 818, "err_cross": -2, "err_lag": -5, "err_ref": -3, "secs": 0.19}
{"seed": 9310106, "family": "quad", "window_frac": 0.1, "f": 0.95, "status": "ok", "t_c": 690, "t_fc": 817, "err_cross": -3, "err_lag": -3, "err_ref": -3, "secs": 0.19}
{"seed": 9310106, "family": "quad", "window_frac": 0.1, "f": 0.98, "status": "ok", "t_c": 722, "t_fc": 816, "err_cross": -4, "err_lag": -4, "err_ref": -3, "secs": 0.19}
{"seed": 9310106, "family": "quad", "window_frac": 0.25, "f": 0.8, "status": "ok", "t_c": 536, "t_fc": 876, "err_cross": 56, "err_lag": -10, "err_ref": -3, "secs": 0.22}
{"seed": 9310106, "family": "quad", "window_frac": 0.25, "f": 0.9, "status": "ok", "t_c": 637, "t_fc": 823, "err_cross": 3, "err_lag": -5, "err_ref": -3, "secs": 0.22}
{"seed": 9310106, "family": "quad", "window_frac": 0.25, "f": 0.95, "status": "ok", "t_c": 690, "t_fc": 818, "err_cross": -2, "err_lag": -4, "err_ref": -3, "secs": 0.21}
{"seed": 9310106, "family": "quad", "window_frac": 0.25, "f": 0.98, "status": "ok", "t_c": 722, "t_fc": 817, "err_cross": -3, "err_lag": -3, "err_ref": -3, "secs": 0.19}
{"seed": 9310106, "family": "rate", "window_frac": 0.05, "f": 0.8, "status": "ok", "t_c": 536, "t_fc": 824, "err_cross": 4, "err_lag": -3, "err_ref": -3, "secs": 0.2}
{"seed": 9310106, "family": "rate", "window_frac": 0.05, "f": 0.9, "status": "ok", "t_c": 637, "t_fc": 817, "err_cross": -3, "err_lag": -4, "err_ref": -3, "secs": 0.19}
{"seed": 9310106, "family": "rate", "window_frac": 0.05, "f": 0.95, "status": "ok", "t_c": 690, "t_fc": 817, "err_cross": -3, "err_lag": -3, "err_ref": -3, "secs": 0.23}
{"seed": 9310106, "family": "rate", "window_frac": 0.05, "f": 0.98, "status": "ok", "t_c": 722, "t_fc": 817, "err_cross": -3, "err_lag": -3, "err_ref": -3, "secs": 0.21}
{"seed": 9310106, "family": "rate", "window_frac": 0.1, "f": 0.8, "status": "ok", "t_c": 536, "t_fc": 824, "err_cross": 4, "err_lag": -4, "err_ref": -3, "secs": 0.19}
{"seed": 9310106, "family": "rate", "window_frac": 0.1, "f": 0.9, "status": "ok", "t_c": 637, "t_fc": 818, "err_cross": -2, "err_lag": -3, "err_ref": -3, "secs": 0.18}
{"seed": 9310106, "family": "rate", "window_frac": 0.1, "f": 0.95, "status": "ok", "t_c": 690, "t_fc": 817, "err_cross": -3, "err_lag": -3, "err_ref": -3, "secs": 0.18}
{"seed": 9310106, "family": "rate", "window_frac": 0.1, "f": 0.98, "status": "ok", "t_c": 722, "t_fc": 817, "err_cross": -3, "err_lag": -3, "err_ref": -3, "secs": 0.18}
{"seed": 9310106, "family": "rate", "window_frac": 0.25, "f": 0.8, "status": "ok", "t_c": 536, "t_fc": 831, "err_cross": 11, "err_lag": -4, "err_ref": -3, "secs": 0.18}
{"seed": 9310106, "family": "rate", "window_frac": 0.25, "f": 0.9, "status": "ok", "t_c": 637, "t_fc": 819, "err_cross": -1, "err_lag": -4, "err_ref": -3, "secs": 0.19}
{"seed": 9310106, "family": "rate", "window_frac": 0.25, "f": 0.95, "status": "ok", "t_c": 690, "t_fc": 817, "err_cross": -3, "err_lag": -4, "err_ref": -3, "secs": 0.3}
{"seed": 9310106, "family": "rate", "window_frac": 0.25, "f": 0.98, "status": "ok", "t_c": 722, "t_fc": 817, "err_cross": -3, "err_lag": -3, "err_ref": -3, "secs": 0.19}
{"seed": 9310106, "family": "lin", "window_frac": 0.05, "f": 0.8, "status": "ok", "t_c": 536, "t_fc": 777, "err_cross": -43, "err_lag": -1, "err_ref": -3, "secs": 0.19}
{"seed": 9310106, "family": "lin", "window_frac": 0.05, "f": 0.9, "status": "ok", "t_c": 637, "t_fc": 806, "err_cross": -14, "err_lag": -2, "err_ref": -3, "secs": 0.22}
{"seed": 9310106, "family": "lin", "window_frac": 0.05, "f": 0.95, "status": "ok", "t_c": 690, "t_fc": 814, "err_cross": -6, "err_lag": -2, "err_ref": -3, "secs": 0.21}
{"seed": 9310106, "family": "lin", "window_frac": 0.05, "f": 0.98, "status": "ok", "t_c": 722, "t_fc": 817, "err_cross": -3, "err_lag": -2, "err_ref": -3, "secs": 0.18}
{"seed": 9310106, "family": "lin", "window_frac": 0.1, "f": 0.8, "status": "ok", "t_c": 536, "t_fc": 776, "err_cross": -44, "err_lag": -2, "err_ref": -3, "secs": 0.19}
{"seed": 9310106, "family": "lin", "window_frac": 0.1, "f": 0.9, "status": "ok", "t_c": 637, "t_fc": 805, "err_cross": -15, "err_lag": -1, "err_ref": -3, "secs": 0.19}
{"seed": 9310106, "family": "lin", "window_frac": 0.1, "f": 0.95, "status": "ok", "t_c": 690, "t_fc": 813, "err_cross": -7, "err_lag": -2, "err_ref": -3, "secs": 0.19}
{"seed": 9310106, "family": "lin", "window_frac": 0.1, "f": 0.98, "status": "ok", "t_c": 722, "t_fc": 816, "err_cross": -4, "err_lag": -2, "err_ref": -3, "secs": 0.18}
{"seed": 9310106, "family": "lin", "window_frac": 0.25, "f": 0.8, "status": "ok", "t_c": 536, "t_fc": 762, "err_cross": -58, "err_lag": -2, "err_ref": -3, "secs": 0.18}
{"seed": 9310106, "family": "lin", "window_frac": 0.25, "f": 0.9, "status": "ok", "t_c": 637, "t_fc": 797, "err_cross": -23, "err_lag": -1, "err_ref": -3, "secs": 0.18}
{"seed": 9310106, "family": "lin", "window_frac": 0.25, "f": 0.95, "status": "ok", "t_c": 690, "t_fc": 809, "err_cross": -11, "err_lag": -2, "err_ref": -3, "secs": 0.18}
{"seed": 9310106, "family": "lin", "window_frac": 0.25, "f": 0.98, "status": "ok", "t_c": 722, "t_fc": 815, "err_cross": -5, "err_lag": -2, "err_ref": -3, "secs": 0.18}
{"seed": 9310107, "family": "quad", "window_frac": 0.05, "f": 0.8, "status": "no forecast: no predicted crossing on the extrapolated path", "t_c": 22645, "t_fc": null, "err_cross": null, "err_lag": null, "err_ref": -4, "secs": 0.18}
{"seed": 9310107, "family": "quad", "window_frac": 0.05, "f": 0.9, "status": "no forecast: no predicted crossing on the extrapolated path", "t_c": 22728, "t_fc": null, "err_cross": null, "err_lag": null, "err_ref": -4, "secs": 0.19}
{"seed": 9310107, "family": "quad", "window_frac": 0.05, "f": 0.95, "status": "no forecast: no predicted crossing on the extrapolated path", "t_c": 22771, "t_fc": null, "err_cross": null, "err_lag": null, "err_ref": -4, "secs": 0.19}
{"seed": 9310107, "family": "quad", "window_frac": 0.05, "f": 0.98, "status": "no forecast: no predicted crossing on the extrapolated path", "t_c": 22797, "t_fc": null, "err_cross": null, "err_lag": null, "err_ref": -4, "secs": 0.21}
{"seed": 9310107, "family": "quad", "window_frac": 0.1, "f": 0.8, "status": "ok", "t_c": 22645, "t_fc": 23044, "err_cross": -8, "err_lag": -1, "err_ref": -4, "secs": 0.2}
{"seed": 9310107, "family": "quad", "window_frac": 0.1, "f": 0.9, "status": "ok", "t_c": 22728, "t_fc": 22975, "err_cross": -77, "err_lag": 0, "err_ref": -4, "secs": 0.19}
{"seed": 9310107, "family": "quad", "window_frac": 0.1, "f": 0.95, "status": "ok", "t_c": 22771, "t_fc": 22971, "err_cross": -81, "err_lag": 0, "err_ref": -4, "secs": 0.19}
{"seed": 9310107, "family": "quad", "window_frac": 0.1, "f": 0.98, "status": "ok", "t_c": 22797, "t_fc": 22975, "err_cross": -77, "err_lag": 1, "err_ref": -4, "secs": 0.19}
{"seed": 9310107, "family": "quad", "window_frac": 0.25, "f": 0.8, "status": "no forecast: extrapolated path not growing at the cutoff", "t_c": 22645, "t_fc": null, "err_cross": null, "err_lag": null, "err_ref": -4, "secs": 0.18}
{"seed": 9310107, "family": "quad", "window_frac": 0.25, "f": 0.9, "status": "ok", "t_c": 22728, "t_fc": 25051, "err_cross": 1999, "err_lag": -3, "err_ref": -4, "secs": 0.21}
{"seed": 9310107, "family": "quad", "window_frac": 0.25, "f": 0.95, "status": "ok", "t_c": 22771, "t_fc": 24167, "err_cross": 1115, "err_lag": -3, "err_ref": -4, "secs": 0.21}
{"seed": 9310107, "family": "quad", "window_frac": 0.25, "f": 0.98, "status": "ok", "t_c": 22797, "t_fc": 23842, "err_cross": 790, "err_lag": -3, "err_ref": -4, "secs": 0.21}
{"seed": 9310107, "family": "rate", "window_frac": 0.05, "f": 0.8, "status": "no forecast: no predicted crossing on the extrapolated path", "t_c": 22645, "t_fc": null, "err_cross": null, "err_lag": null, "err_ref": -4, "secs": 0.19}
{"seed": 9310107, "family": "rate", "window_frac": 0.05, "f": 0.9, "status": "no forecast: no predicted crossing on the extrapolated path", "t_c": 22728, "t_fc": null, "err_cross": null, "err_lag": null, "err_ref": -4, "secs": 0.19}
{"seed": 9310107, "family": "rate", "window_frac": 0.05, "f": 0.95, "status": "ok", "t_c": 22771, "t_fc": 22946, "err_cross": -106, "err_lag": 13, "err_ref": -4, "secs": 0.25}
{"seed": 9310107, "family": "rate", "window_frac": 0.05, "f": 0.98, "status": "ok", "t_c": 22797, "t_fc": 22957, "err_cross": -95, "err_lag": 6, "err_ref": -4, "secs": 0.19}
{"seed": 9310107, "family": "rate", "window_frac": 0.1, "f": 0.8, "status": "ok", "t_c": 22645, "t_fc": 22903, "err_cross": -149, "err_lag": 14, "err_ref": -4, "secs": 0.19}
{"seed": 9310107, "family": "rate", "window_frac": 0.1, "f": 0.9, "status": "ok", "t_c": 22728, "t_fc": 22930, "err_cross": -122, "err_lag": 4, "err_ref": -4, "secs": 0.19}
{"seed": 9310107, "family": "rate", "window_frac": 0.1, "f": 0.95, "status": "ok", "t_c": 22771, "t_fc": 22951, "err_cross": -101, "err_lag": 2, "err_ref": -4, "secs": 0.21}
{"seed": 9310107, "family": "rate", "window_frac": 0.1, "f": 0.98, "status": "ok", "t_c": 22797, "t_fc": 22965, "err_cross": -87, "err_lag": 2, "err_ref": -4, "secs": 0.19}
{"seed": 9310107, "family": "rate", "window_frac": 0.25, "f": 0.8, "status": "ok", "t_c": 22645, "t_fc": 23080, "err_cross": 28, "err_lag": 0, "err_ref": -4, "secs": 0.19}
{"seed": 9310107, "family": "rate", "window_frac": 0.25, "f": 0.9, "status": "ok", "t_c": 22728, "t_fc": 23019, "err_cross": -33, "err_lag": 0, "err_ref": -4, "secs": 0.2}
{"seed": 9310107, "family": "rate", "window_frac": 0.25, "f": 0.95, "status": "ok", "t_c": 22771, "t_fc": 23013, "err_cross": -39, "err_lag": 1, "err_ref": -4, "secs": 0.21}
{"seed": 9310107, "family": "rate", "window_frac": 0.25, "f": 0.98, "status": "ok", "t_c": 22797, "t_fc": 23013, "err_cross": -39, "err_lag": 0, "err_ref": -4, "secs": 0.2}
{"seed": 9310107, "family": "lin", "window_frac": 0.05, "f": 0.8, "status": "ok", "t_c": 22645, "t_fc": 23254, "err_cross": 202, "err_lag": -2, "err_ref": -4, "secs": 0.19}
{"seed": 9310107, "family": "lin", "window_frac": 0.05, "f": 0.9, "status": "ok", "t_c": 22728, "t_fc": 23054, "err_cross": 2, "err_lag": -2, "err_ref": -4, "secs": 0.19}
{"seed": 9310107, "family": "lin", "window_frac": 0.05, "f": 0.95, "status": "ok", "t_c": 22771, "t_fc": 23020, "err_cross": -32, "err_lag": -2, "err_ref": -4, "secs": 0.22}
{"seed": 9310107, "family": "lin", "window_frac": 0.05, "f": 0.98, "status": "ok", "t_c": 22797, "t_fc": 23011, "err_cross": -41, "err_lag": -2, "err_ref": -4, "secs": 0.2}
{"seed": 9310107, "family": "lin", "window_frac": 0.1, "f": 0.8, "status": "no forecast: no predicted crossing on the extrapolated path", "t_c": 22645, "t_fc": null, "err_cross": null, "err_lag": null, "err_ref": -4, "secs": 0.31}
{"seed": 9310107, "family": "lin", "window_frac": 0.1, "f": 0.9, "status": "ok", "t_c": 22728, "t_fc": 24952, "err_cross": 1900, "err_lag": -3, "err_ref": -4, "secs": 0.22}
{"seed": 9310107, "family": "lin", "window_frac": 0.1, "f": 0.95, "status": "ok", "t_c": 22771, "t_fc": 24022, "err_cross": 970, "err_lag": -4, "err_ref": -4, "secs": 0.21}
{"seed": 9310107, "family": "lin", "window_frac": 0.1, "f": 0.98, "status": "ok", "t_c": 22797, "t_fc": 23714, "err_cross": 662, "err_lag": -3, "err_ref": -4, "secs": 0.22}
{"seed": 9310107, "family": "lin", "window_frac": 0.25, "f": 0.8, "status": "no forecast: extrapolated path not growing at the cutoff", "t_c": 22645, "t_fc": null, "err_cross": null, "err_lag": null, "err_ref": -4, "secs": 0.18}
{"seed": 9310107, "family": "lin", "window_frac": 0.25, "f": 0.9, "status": "no forecast: extrapolated path not growing at the cutoff", "t_c": 22728, "t_fc": null, "err_cross": null, "err_lag": null, "err_ref": -4, "secs": 0.18}
{"seed": 9310107, "family": "lin", "window_frac": 0.25, "f": 0.95, "status": "no forecast: extrapolated path not growing at the cutoff", "t_c": 22771, "t_fc": null, "err_cross": null, "err_lag": null, "err_ref": -4, "secs": 0.18}
{"seed": 9310107, "family": "lin", "window_frac": 0.25, "f": 0.98, "status": "no forecast: extrapolated path not growing at the cutoff", "t_c": 22797, "t_fc": null, "err_cross": null, "err_lag": null, "err_ref": -4, "secs": 0.19}
{"seed": 9310108, "family": "quad", "window_frac": 0.05, "f": 0.8, "status": "no cutoff: s never reaches f\u00b7s_ref in the saved path", "t_c": null, "t_fc": null, "err_cross": null, "err_lag": null, "err_ref": null, "secs": 0.0}
{"seed": 9310108, "family": "quad", "window_frac": 0.05, "f": 0.9, "status": "no cutoff: s never reaches f\u00b7s_ref in the saved path", "t_c": null, "t_fc": null, "err_cross": null, "err_lag": null, "err_ref": null, "secs": 0.0}
{"seed": 9310108, "family": "quad", "window_frac": 0.05, "f": 0.95, "status": "no cutoff: s never reaches f\u00b7s_ref in the saved path", "t_c": null, "t_fc": null, "err_cross": null, "err_lag": null, "err_ref": null, "secs": 0.0}
{"seed": 9310108, "family": "quad", "window_frac": 0.05, "f": 0.98, "status": "no cutoff: s never reaches f\u00b7s_ref in the saved path", "t_c": null, "t_fc": null, "err_cross": null, "err_lag": null, "err_ref": null, "secs": 0.0}
{"seed": 9310108, "family": "quad", "window_frac": 0.1, "f": 0.8, "status": "no cutoff: s never reaches f\u00b7s_ref in the saved path", "t_c": null, "t_fc": null, "err_cross": null, "err_lag": null, "err_ref": null, "secs": 0.0}
{"seed": 9310108, "family": "quad", "window_frac": 0.1, "f": 0.9, "status": "no cutoff: s never reaches f\u00b7s_ref in the saved path", "t_c": null, "t_fc": null, "err_cross": null, "err_lag": null, "err_ref": null, "secs": 0.0}
{"seed": 9310108, "family": "quad", "window_frac": 0.1, "f": 0.95, "status": "no cutoff: s never reaches f\u00b7s_ref in the saved path", "t_c": null, "t_fc": null, "err_cross": null, "err_lag": null, "err_ref": null, "secs": 0.0}
{"seed": 9310108, "family": "quad", "window_frac": 0.1, "f": 0.98, "status": "no cutoff: s never reaches f\u00b7s_ref in the saved path", "t_c": null, "t_fc": null, "err_cross": null, "err_lag": null, "err_ref": null, "secs": 0.0}
{"seed": 9310108, "family": "quad", "window_frac": 0.25, "f": 0.8, "status": "no cutoff: s never reaches f\u00b7s_ref in the saved path", "t_c": null, "t_fc": null, "err_cross": null, "err_lag": null, "err_ref": null, "secs": 0.0}
{"seed": 9310108, "family": "quad", "window_frac": 0.25, "f": 0.9, "status": "no cutoff: s never reaches f\u00b7s_ref in the saved path", "t_c": null, "t_fc": null, "err_cross": null, "err_lag": null, "err_ref": null, "secs": 0.0}
{"seed": 9310108, "family": "quad", "window_frac": 0.25, "f": 0.95, "status": "no cutoff: s never reaches f\u00b7s_ref in the saved path", "t_c": null, "t_fc": null, "err_cross": null, "err_lag": null, "err_ref": null, "secs": 0.0}
{"seed": 9310108, "family": "quad", "window_frac": 0.25, "f": 0.98, "status": "no cutoff: s never reaches f\u00b7s_ref in the saved path", "t_c": null, "t_fc": null, "err_cross": null, "err_lag": null, "err_ref": null, "secs": 0.0}
{"seed": 9310108, "family": "rate", "window_frac": 0.05, "f": 0.8, "status": "no cutoff: s never reaches f\u00b7s_ref in the saved path", "t_c": null, "t_fc": null, "err_cross": null, "err_lag": null, "err_ref": null, "secs": 0.0}
{"seed": 9310108, "family": "rate", "window_frac": 0.05, "f": 0.9, "status": "no cutoff: s never reaches f\u00b7s_ref in the saved path", "t_c": null, "t_fc": null, "err_cross": null, "err_lag": null, "err_ref": null, "secs": 0.0}
{"seed": 9310108, "family": "rate", "window_frac": 0.05, "f": 0.95, "status": "no cutoff: s never reaches f\u00b7s_ref in the saved path", "t_c": null, "t_fc": null, "err_cross": null, "err_lag": null, "err_ref": null, "secs": 0.0}
{"seed": 9310108, "family": "rate", "window_frac": 0.05, "f": 0.98, "status": "no cutoff: s never reaches f\u00b7s_ref in the saved path", "t_c": null, "t_fc": null, "err_cross": null, "err_lag": null, "err_ref": null, "secs": 0.0}
{"seed": 9310108, "family": "rate", "window_frac": 0.1, "f": 0.8, "status": "no cutoff: s never reaches f\u00b7s_ref in the saved path", "t_c": null, "t_fc": null, "err_cross": null, "err_lag": null, "err_ref": null, "secs": 0.0}
{"seed": 9310108, "family": "rate", "window_frac": 0.1, "f": 0.9, "status": "no cutoff: s never reaches f\u00b7s_ref in the saved path", "t_c": null, "t_fc": null, "err_cross": null, "err_lag": null, "err_ref": null, "secs": 0.0}
{"seed": 9310108, "family": "rate", "window_frac": 0.1, "f": 0.95, "status": "no cutoff: s never reaches f\u00b7s_ref in the saved path", "t_c": null, "t_fc": null, "err_cross": null, "err_lag": null, "err_ref": null, "secs": 0.0}
{"seed": 9310108, "family": "rate", "window_frac": 0.1, "f": 0.98, "status": "no cutoff: s never reaches f\u00b7s_ref in the saved path", "t_c": null, "t_fc": null, "err_cross": null, "err_lag": null, "err_ref": null, "secs": 0.0}
{"seed": 9310108, "family": "rate", "window_frac": 0.25, "f": 0.8, "status": "no cutoff: s never reaches f\u00b7s_ref in the saved path", "t_c": null, "t_fc": null, "err_cross": null, "err_lag": null, "err_ref": null, "secs": 0.0}
{"seed": 9310108, "family": "rate", "window_frac": 0.25, "f": 0.9, "status": "no cutoff: s never reaches f\u00b7s_ref in the saved path", "t_c": null, "t_fc": null, "err_cross": null, "err_lag": null, "err_ref": null, "secs": 0.0}
{"seed": 9310108, "family": "rate", "window_frac": 0.25, "f": 0.95, "status": "no cutoff: s never reaches f\u00b7s_ref in the saved path", "t_c": null, "t_fc": null, "err_cross": null, "err_lag": null, "err_ref": null, "secs": 0.0}
{"seed": 9310108, "family": "rate", "window_frac": 0.25, "f": 0.98, "status": "no cutoff: s never reaches f\u00b7s_ref in the saved path", "t_c": null, "t_fc": null, "err_cross": null, "err_lag": null, "err_ref": null, "secs": 0.0}
{"seed": 9310108, "family": "lin", "window_frac": 0.05, "f": 0.8, "status": "no cutoff: s never reaches f\u00b7s_ref in the saved path", "t_c": null, "t_fc": null, "err_cross": null, "err_lag": null, "err_ref": null, "secs": 0.0}
{"seed": 9310108, "family": "lin", "window_frac": 0.05, "f": 0.9, "status": "no cutoff: s never reaches f\u00b7s_ref in the saved path", "t_c": null, "t_fc": null, "err_cross": null, "err_lag": null, "err_ref": null, "secs": 0.0}
{"seed": 9310108, "family": "lin", "window_frac": 0.05, "f": 0.95, "status": "no cutoff: s never reaches f\u00b7s_ref in the saved path", "t_c": null, "t_fc": null, "err_cross": null, "err_lag": null, "err_ref": null, "secs": 0.0}
{"seed": 9310108, "family": "lin", "window_frac": 0.05, "f": 0.98, "status": "no cutoff: s never reaches f\u00b7s_ref in the saved path", "t_c": null, "t_fc": null, "err_cross": null, "err_lag": null, "err_ref": null, "secs": 0.0}
{"seed": 9310108, "family": "lin", "window_frac": 0.1, "f": 0.8, "status": "no cutoff: s never reaches f\u00b7s_ref in the saved path", "t_c": null, "t_fc": null, "err_cross": null, "err_lag": null, "err_ref": null, "secs": 0.0}
{"seed": 9310108, "family": "lin", "window_frac": 0.1, "f": 0.9, "status": "no cutoff: s never reaches f\u00b7s_ref in the saved path", "t_c": null, "t_fc": null, "err_cross": null, "err_lag": null, "err_ref": null, "secs": 0.0}
{"seed": 9310108, "family": "lin", "window_frac": 0.1, "f": 0.95, "status": "no cutoff: s never reaches f\u00b7s_ref in the saved path", "t_c": null, "t_fc": null, "err_cross": null, "err_lag": null, "err_ref": null, "secs": 0.0}
{"seed": 9310108, "family": "lin", "window_frac": 0.1, "f": 0.98, "status": "no cutoff: s never reaches f\u00b7s_ref in the saved path", "t_c": null, "t_fc": null, "err_cross": null, "err_lag": null, "err_ref": null, "secs": 0.0}
{"seed": 9310108, "family": "lin", "window_frac": 0.25, "f": 0.8, "status": "no cutoff: s never reaches f\u00b7s_ref in the saved path", "t_c": null, "t_fc": null, "err_cross": null, "err_lag": null, "err_ref": null, "secs": 0.0}
{"seed": 9310108, "family": "lin", "window_frac": 0.25, "f": 0.9, "status": "no cutoff: s never reaches f\u00b7s_ref in the saved path", "t_c": null, "t_fc": null, "err_cross": null, "err_lag": null, "err_ref": null, "secs": 0.0}
{"seed": 9310108, "family": "lin", "window_frac": 0.25, "f": 0.95, "status": "no cutoff: s never reaches f\u00b7s_ref in the saved path", "t_c": null, "t_fc": null, "err_cross": null, "err_lag": null, "err_ref": null, "secs": 0.0}
{"seed": 9310108, "family": "lin", "window_frac": 0.25, "f": 0.98, "status": "no cutoff: s never reaches f\u00b7s_ref in the saved path", "t_c": null, "t_fc": null, "err_cross": null, "err_lag": null, "err_ref": null, "secs": 0.0}
{"seed": 9310109, "family": "quad", "window_frac": 0.05, "f": 0.8, "status": "no forecast: no predicted crossing on the extrapolated path", "t_c": 448, "t_fc": null, "err_cross": null, "err_lag": null, "err_ref": -4, "secs": 0.19}
{"seed": 9310109, "family": "quad", "window_frac": 0.05, "f": 0.9, "status": "ok", "t_c": 527, "t_fc": 942, "err_cross": 62, "err_lag": -21, "err_ref": -4, "secs": 0.19}
{"seed": 9310109, "family": "quad", "window_frac": 0.05, "f": 0.95, "status": "ok", "t_c": 569, "t_fc": 897, "err_cross": 17, "err_lag": -11, "err_ref": -4, "secs": 0.18}
{"seed": 9310109, "family": "quad", "window_frac": 0.05, "f": 0.98, "status": "ok", "t_c": 594, "t_fc": 887, "err_cross": 7, "err_lag": -10, "err_ref": -4, "secs": 0.18}
{"seed": 9310109, "family": "quad", "window_frac": 0.1, "f": 0.8, "status": "no forecast: no predicted crossing on the extrapolated path", "t_c": 448, "t_fc": null, "err_cross": null, "err_lag": null, "err_ref": -4, "secs": 0.19}
{"seed": 9310109, "family": "quad", "window_frac": 0.1, "f": 0.9, "status": "ok", "t_c": 527, "t_fc": 945, "err_cross": 65, "err_lag": -22, "err_ref": -4, "secs": 0.19}
{"seed": 9310109, "family": "quad", "window_frac": 0.1, "f": 0.95, "status": "ok", "t_c": 569, "t_fc": 899, "err_cross": 19, "err_lag": -11, "err_ref": -4, "secs": 0.19}
{"seed": 9310109, "family": "quad", "window_frac": 0.1, "f": 0.98, "status": "ok", "t_c": 594, "t_fc": 889, "err_cross": 9, "err_lag": -9, "err_ref": -4, "secs": 0.19}
{"seed": 9310109, "family": "quad", "window_frac": 0.25, "f": 0.8, "status": "no forecast: no predicted crossing on the extrapolated path", "t_c": 448, "t_fc": null, "err_cross": null, "err_lag": null, "err_ref": -4, "secs": 0.2}
{"seed": 9310109, "family": "quad", "window_frac": 0.25, "f": 0.9, "status": "no forecast: no predicted crossing on the extrapolated path", "t_c": 527, "t_fc": null, "err_cross": null, "err_lag": null, "err_ref": -4, "secs": 0.2}
{"seed": 9310109, "family": "quad", "window_frac": 0.25, "f": 0.95, "status": "ok", "t_c": 569, "t_fc": 951, "err_cross": 71, "err_lag": -26, "err_ref": -4, "secs": 0.19}
{"seed": 9310109, "family": "quad", "window_frac": 0.25, "f": 0.98, "status": "ok", "t_c": 594, "t_fc": 914, "err_cross": 34, "err_lag": -14, "err_ref": -4, "secs": 0.19}
{"seed": 9310109, "family": "rate", "window_frac": 0.05, "f": 0.8, "status": "ok", "t_c": 448, "t_fc": 929, "err_cross": 49, "err_lag": -7, "err_ref": -4, "secs": 0.19}
{"seed": 9310109, "family": "rate", "window_frac": 0.05, "f": 0.9, "status": "ok", "t_c": 527, "t_fc": 891, "err_cross": 11, "err_lag": -6, "err_ref": -4, "secs": 0.18}
{"seed": 9310109, "family": "rate", "window_frac": 0.05, "f": 0.95, "status": "ok", "t_c": 569, "t_fc": 883, "err_cross": 3, "err_lag": -6, "err_ref": -4, "secs": 0.18}
{"seed": 9310109, "family": "rate", "window_frac": 0.05, "f": 0.98, "status": "ok", "t_c": 594, "t_fc": 880, "err_cross": 0, "err_lag": -6, "err_ref": -4, "secs": 0.19}
{"seed": 9310109, "family": "rate", "window_frac": 0.1, "f": 0.8, "status": "ok", "t_c": 448, "t_fc": 929, "err_cross": 49, "err_lag": -7, "err_ref": -4, "secs": 0.18}
{"seed": 9310109, "family": "rate", "window_frac": 0.1, "f": 0.9, "status": "ok", "t_c": 527, "t_fc": 891, "err_cross": 11, "err_lag": -6, "err_ref": -4, "secs": 0.18}
{"seed": 9310109, "family": "rate", "window_frac": 0.1, "f": 0.95, "status": "ok", "t_c": 569, "t_fc": 883, "err_cross": 3, "err_lag": -6, "err_ref": -4, "secs": 0.2}
{"seed": 9310109, "family": "rate", "window_frac": 0.1, "f": 0.98, "status": "ok", "t_c": 594, "t_fc": 881, "err_cross": 1, "err_lag": -5, "err_ref": -4, "secs": 0.2}
{"seed": 9310109, "family": "rate", "window_frac": 0.25, "f": 0.8, "status": "ok", "t_c": 448, "t_fc": 967, "err_cross": 87, "err_lag": -7, "err_ref": -4, "secs": 0.19}
{"seed": 9310109, "family": "rate", "window_frac": 0.25, "f": 0.9, "status": "ok", "t_c": 527, "t_fc": 905, "err_cross": 25, "err_lag": -6, "err_ref": -4, "secs": 0.18}
{"seed": 9310109, "family": "rate", "window_frac": 0.25, "f": 0.95, "status": "ok", "t_c": 569, "t_fc": 891, "err_cross": 11, "err_lag": -7, "err_ref": -4, "secs": 0.22}
{"seed": 9310109, "family": "rate", "window_frac": 0.25, "f": 0.98, "status": "ok", "t_c": 594, "t_fc": 886, "err_cross": 6, "err_lag": -7, "err_ref": -4, "secs": 0.19}
{"seed": 9310109, "family": "lin", "window_frac": 0.05, "f": 0.8, "status": "ok", "t_c": 448, "t_fc": 772, "err_cross": -108, "err_lag": -1, "err_ref": -4, "secs": 0.18}
{"seed": 9310109, "family": "lin", "window_frac": 0.05, "f": 0.9, "status": "ok", "t_c": 527, "t_fc": 816, "err_cross": -64, "err_lag": -1, "err_ref": -4, "secs": 0.2}
{"seed": 9310109, "family": "lin", "window_frac": 0.05, "f": 0.95, "status": "ok", "t_c": 569, "t_fc": 834, "err_cross": -46, "err_lag": -2, "err_ref": -4, "secs": 0.2}
{"seed": 9310109, "family": "lin", "window_frac": 0.05, "f": 0.98, "status": "ok", "t_c": 594, "t_fc": 843, "err_cross": -37, "err_lag": -2, "err_ref": -4, "secs": 0.21}
{"seed": 9310109, "family": "lin", "window_frac": 0.1, "f": 0.8, "status": "ok", "t_c": 448, "t_fc": 772, "err_cross": -108, "err_lag": -1, "err_ref": -4, "secs": 0.21}
{"seed": 9310109, "family": "lin", "window_frac": 0.1, "f": 0.9, "status": "ok", "t_c": 527, "t_fc": 816, "err_cross": -64, "err_lag": -1, "err_ref": -4, "secs": 0.19}
{"seed": 9310109, "family": "lin", "window_frac": 0.1, "f": 0.95, "status": "ok", "t_c": 569, "t_fc": 833, "err_cross": -47, "err_lag": -1, "err_ref": -4, "secs": 0.2}
{"seed": 9310109, "family": "lin", "window_frac": 0.1, "f": 0.98, "status": "ok", "t_c": 594, "t_fc": 842, "err_cross": -38, "err_lag": -1, "err_ref": -4, "secs": 0.18}
{"seed": 9310109, "family": "lin", "window_frac": 0.25, "f": 0.8, "status": "ok", "t_c": 448, "t_fc": 753, "err_cross": -127, "err_lag": 0, "err_ref": -4, "secs": 0.18}
{"seed": 9310109, "family": "lin", "window_frac": 0.25, "f": 0.9, "status": "ok", "t_c": 527, "t_fc": 798, "err_cross": -82, "err_lag": -1, "err_ref": -4, "secs": 0.18}
{"seed": 9310109, "family": "lin", "window_frac": 0.25, "f": 0.95, "status": "ok", "t_c": 569, "t_fc": 818, "err_cross": -62, "err_lag": -1, "err_ref": -4, "secs": 0.19}
{"seed": 9310109, "family": "lin", "window_frac": 0.25, "f": 0.98, "status": "ok", "t_c": 594, "t_fc": 828, "err_cross": -52, "err_lag": -1, "err_ref": -4, "secs": 0.19}
{"seed": 9310110, "family": "quad", "window_frac": 0.05, "f": 0.8, "status": "no forecast: no predicted crossing on the extrapolated path", "t_c": 436, "t_fc": null, "err_cross": null, "err_lag": null, "err_ref": -4, "secs": 0.2}
{"seed": 9310110, "family": "quad", "window_frac": 0.05, "f": 0.9, "status": "no forecast: no predicted crossing on the extrapolated path", "t_c": 514, "t_fc": null, "err_cross": null, "err_lag": null, "err_ref": -4, "secs": 0.2}
{"seed": 9310110, "family": "quad", "window_frac": 0.05, "f": 0.95, "status": "ok", "t_c": 555, "t_fc": 939, "err_cross": 44, "err_lag": -10, "err_ref": -4, "secs": 0.19}
{"seed": 9310110, "family": "quad", "window_frac": 0.05, "f": 0.98, "status": "ok", "t_c": 580, "t_fc": 918, "err_cross": 23, "err_lag": -7, "err_ref": -4, "secs": 0.19}
{"seed": 9310110, "family": "quad", "window_frac": 0.1, "f": 0.8, "status": "no forecast: no predicted crossing on the extrapolated path", "t_c": 436, "t_fc": null, "err_cross": null, "err_lag": null, "err_ref": -4, "secs": 0.19}
{"seed": 9310110, "family": "quad", "window_frac": 0.1, "f": 0.9, "status": "no forecast: no predicted crossing on the extrapolated path", "t_c": 514, "t_fc": null, "err_cross": null, "err_lag": null, "err_ref": -4, "secs": 0.2}
{"seed": 9310110, "family": "quad", "window_frac": 0.1, "f": 0.95, "status": "ok", "t_c": 555, "t_fc": 943, "err_cross": 48, "err_lag": -11, "err_ref": -4, "secs": 0.2}
{"seed": 9310110, "family": "quad", "window_frac": 0.1, "f": 0.98, "status": "ok", "t_c": 580, "t_fc": 920, "err_cross": 25, "err_lag": -8, "err_ref": -4, "secs": 0.27}
{"seed": 9310110, "family": "quad", "window_frac": 0.25, "f": 0.8, "status": "no forecast: no predicted crossing on the extrapolated path", "t_c": 436, "t_fc": null, "err_cross": null, "err_lag": null, "err_ref": -4, "secs": 0.2}
{"seed": 9310110, "family": "quad", "window_frac": 0.25, "f": 0.9, "status": "no forecast: no predicted crossing on the extrapolated path", "t_c": 514, "t_fc": null, "err_cross": null, "err_lag": null, "err_ref": -4, "secs": 0.21}
{"seed": 9310110, "family": "quad", "window_frac": 0.25, "f": 0.95, "status": "no forecast: no predicted crossing on the extrapolated path", "t_c": 555, "t_fc": null, "err_cross": null, "err_lag": null, "err_ref": -4, "secs": 0.21}
{"seed": 9310110, "family": "quad", "window_frac": 0.25, "f": 0.98, "status": "ok", "t_c": 580, "t_fc": 987, "err_cross": 92, "err_lag": -22, "err_ref": -4, "secs": 0.19}
{"seed": 9310110, "family": "rate", "window_frac": 0.05, "f": 0.8, "status": "ok", "t_c": 436, "t_fc": 972, "err_cross": 77, "err_lag": -5, "err_ref": -4, "secs": 0.2}
{"seed": 9310110, "family": "rate", "window_frac": 0.05, "f": 0.9, "status": "ok", "t_c": 514, "t_fc": 915, "err_cross": 20, "err_lag": -5, "err_ref": -4, "secs": 0.19}
{"seed": 9310110, "family": "rate", "window_frac": 0.05, "f": 0.95, "status": "ok", "t_c": 555, "t_fc": 904, "err_cross": 9, "err_lag": -4, "err_ref": -4, "secs": 0.19}
{"seed": 9310110, "family": "rate", "window_frac": 0.05, "f": 0.98, "status": "ok", "t_c": 580, "t_fc": 900, "err_cross": 5, "err_lag": -4, "err_ref": -4, "secs": 0.19}
{"seed": 9310110, "family": "rate", "window_frac": 0.1, "f": 0.8, "status": "ok", "t_c": 436, "t_fc": 972, "err_cross": 77, "err_lag": -5, "err_ref": -4, "secs": 0.21}
{"seed": 9310110, "family": "rate", "window_frac": 0.1, "f": 0.9, "status": "ok", "t_c": 514, "t_fc": 916, "err_cross": 21, "err_lag": -4, "err_ref": -4, "secs": 0.19}
{"seed": 9310110, "family": "rate", "window_frac": 0.1, "f": 0.95, "status": "ok", "t_c": 555, "t_fc": 905, "err_cross": 10, "err_lag": -4, "err_ref": -4, "secs": 0.19}
{"seed": 9310110, "family": "rate", "window_frac": 0.1, "f": 0.98, "status": "ok", "t_c": 580, "t_fc": 900, "err_cross": 5, "err_lag": -4, "err_ref": -4, "secs": 0.19}
{"seed": 9310110, "family": "rate", "window_frac": 0.25, "f": 0.8, "status": "ok", "t_c": 436, "t_fc": 1031, "err_cross": 136, "err_lag": -5, "err_ref": -4, "secs": 0.19}
{"seed": 9310110, "family": "rate", "window_frac": 0.25, "f": 0.9, "status": "ok", "t_c": 514, "t_fc": 936, "err_cross": 41, "err_lag": -5, "err_ref": -4, "secs": 0.19}
{"seed": 9310110, "family": "rate", "window_frac": 0.25, "f": 0.95, "status": "ok", "t_c": 555, "t_fc": 917, "err_cross": 22, "err_lag": -4, "err_ref": -4, "secs": 0.19}
{"seed": 9310110, "family": "rate", "window_frac": 0.25, "f": 0.98, "status": "ok", "t_c": 580, "t_fc": 909, "err_cross": 14, "err_lag": -5, "err_ref": -4, "secs": 0.19}
{"seed": 9310110, "family": "lin", "window_frac": 0.05, "f": 0.8, "status": "ok", "t_c": 436, "t_fc": 767, "err_cross": -128, "err_lag": -1, "err_ref": -4, "secs": 0.19}
{"seed": 9310110, "family": "lin", "window_frac": 0.05, "f": 0.9, "status": "ok", "t_c": 514, "t_fc": 815, "err_cross": -80, "err_lag": -1, "err_ref": -4, "secs": 0.2}
{"seed": 9310110, "family": "lin", "window_frac": 0.05, "f": 0.95, "status": "ok", "t_c": 555, "t_fc": 835, "err_cross": -60, "err_lag": -1, "err_ref": -4, "secs": 0.19}
{"seed": 9310110, "family": "lin", "window_frac": 0.05, "f": 0.98, "status": "ok", "t_c": 580, "t_fc": 846, "err_cross": -49, "err_lag": -1, "err_ref": -4, "secs": 0.28}
{"seed": 9310110, "family": "lin", "window_frac": 0.1, "f": 0.8, "status": "ok", "t_c": 436, "t_fc": 767, "err_cross": -128, "err_lag": -1, "err_ref": -4, "secs": 0.32}
{"seed": 9310110, "family": "lin", "window_frac": 0.1, "f": 0.9, "status": "ok", "t_c": 514, "t_fc": 815, "err_cross": -80, "err_lag": -1, "err_ref": -4, "secs": 0.26}
{"seed": 9310110, "family": "lin", "window_frac": 0.1, "f": 0.95, "status": "ok", "t_c": 555, "t_fc": 834, "err_cross": -61, "err_lag": -1, "err_ref": -4, "secs": 0.22}
{"seed": 9310110, "family": "lin", "window_frac": 0.1, "f": 0.98, "status": "ok", "t_c": 580, "t_fc": 844, "err_cross": -51, "err_lag": -2, "err_ref": -4, "secs": 0.21}
{"seed": 9310110, "family": "lin", "window_frac": 0.25, "f": 0.8, "status": "ok", "t_c": 436, "t_fc": 747, "err_cross": -148, "err_lag": 0, "err_ref": -4, "secs": 0.2}
{"seed": 9310110, "family": "lin", "window_frac": 0.25, "f": 0.9, "status": "ok", "t_c": 514, "t_fc": 796, "err_cross": -99, "err_lag": -1, "err_ref": -4, "secs": 0.2}
{"seed": 9310110, "family": "lin", "window_frac": 0.25, "f": 0.95, "status": "ok", "t_c": 555, "t_fc": 817, "err_cross": -78, "err_lag": -1, "err_ref": -4, "secs": 0.2}
{"seed": 9310110, "family": "lin", "window_frac": 0.25, "f": 0.98, "status": "ok", "t_c": 580, "t_fc": 828, "err_cross": -67, "err_lag": -2, "err_ref": -4, "secs": 0.34}
{"seed": 9310111, "family": "quad", "window_frac": 0.05, "f": 0.8, "status": "no forecast: no predicted crossing on the extrapolated path", "t_c": 403, "t_fc": null, "err_cross": null, "err_lag": null, "err_ref": -4, "secs": 0.27}
{"seed": 9310111, "family": "quad", "window_frac": 0.05, "f": 0.9, "status": "no forecast: no predicted crossing on the extrapolated path", "t_c": 485, "t_fc": null, "err_cross": null, "err_lag": null, "err_ref": -4, "secs": 0.21}
{"seed": 9310111, "family": "quad", "window_frac": 0.05, "f": 0.95, "status": "ok", "t_c": 528, "t_fc": 967, "err_cross": 61, "err_lag": -16, "err_ref": -4, "secs": 0.19}
{"seed": 9310111, "family": "quad", "window_frac": 0.05, "f": 0.98, "status": "ok", "t_c": 554, "t_fc": 937, "err_cross": 31, "err_lag": -10, "err_ref": -4, "secs": 0.19}
{"seed": 9310111, "family": "quad", "window_frac": 0.1, "f": 0.8, "status": "no forecast: no predicted crossing on the extrapolated path", "t_c": 403, "t_fc": null, "err_cross": null, "err_lag": null, "err_ref": -4, "secs": 0.2}
{"seed": 9310111, "family": "quad", "window_frac": 0.1, "f": 0.9, "status": "no forecast: no predicted crossing on the extrapolated path", "t_c": 485, "t_fc": null, "err_cross": null, "err_lag": null, "err_ref": -4, "secs": 0.2}
{"seed": 9310111, "family": "quad", "window_frac": 0.1, "f": 0.95, "status": "ok", "t_c": 528, "t_fc": 970, "err_cross": 64, "err_lag": -16, "err_ref": -4, "secs": 0.19}
{"seed": 9310111, "family": "quad", "window_frac": 0.1, "f": 0.98, "status": "ok", "t_c": 554, "t_fc": 939, "err_cross": 33, "err_lag": -11, "err_ref": -4, "secs": 0.19}
{"seed": 9310111, "family": "quad", "window_frac": 0.25, "f": 0.8, "status": "no forecast: no predicted crossing on the extrapolated path", "t_c": 403, "t_fc": null, "err_cross": null, "err_lag": null, "err_ref": -4, "secs": 0.2}
{"seed": 9310111, "family": "quad", "window_frac": 0.25, "f": 0.9, "status": "no forecast: no predicted crossing on the extrapolated path", "t_c": 485, "t_fc": null, "err_cross": null, "err_lag": null, "err_ref": -4, "secs": 0.2}
{"seed": 9310111, "family": "quad", "window_frac": 0.25, "f": 0.95, "status": "no forecast: no predicted crossing on the extrapolated path", "t_c": 528, "t_fc": null, "err_cross": null, "err_lag": null, "err_ref": -4, "secs": 0.2}
{"seed": 9310111, "family": "quad", "window_frac": 0.25, "f": 0.98, "status": "ok", "t_c": 554, "t_fc": 1032, "err_cross": 126, "err_lag": null, "err_ref": -4, "secs": 0.19}
{"seed": 9310111, "family": "rate", "window_frac": 0.05, "f": 0.8, "status": "ok", "t_c": 403, "t_fc": 998, "err_cross": 92, "err_lag": -6, "err_ref": -4, "secs": 0.19}
{"seed": 9310111, "family": "rate", "window_frac": 0.05, "f": 0.9, "status": "ok", "t_c": 485, "t_fc": 930, "err_cross": 24, "err_lag": -6, "err_ref": -4, "secs": 0.33}
{"seed": 9310111, "family": "rate", "window_frac": 0.05, "f": 0.95, "status": "ok", "t_c": 528, "t_fc": 917, "err_cross": 11, "err_lag": -6, "err_ref": -4, "secs": 0.53}
{"seed": 9310111, "family": "rate", "window_frac": 0.05, "f": 0.98, "status": "ok", "t_c": 554, "t_fc": 912, "err_cross": 6, "err_lag": -5, "err_ref": -4, "secs": 0.23}
{"seed": 9310111, "family": "rate", "window_frac": 0.1, "f": 0.8, "status": "ok", "t_c": 403, "t_fc": 998, "err_cross": 92, "err_lag": -6, "err_ref": -4, "secs": 0.2}
{"seed": 9310111, "family": "rate", "window_frac": 0.1, "f": 0.9, "status": "ok", "t_c": 485, "t_fc": 930, "err_cross": 24, "err_lag": -6, "err_ref": -4, "secs": 0.2}
{"seed": 9310111, "family": "rate", "window_frac": 0.1, "f": 0.95, "status": "ok", "t_c": 528, "t_fc": 917, "err_cross": 11, "err_lag": -6, "err_ref": -4, "secs": 0.19}
{"seed": 9310111, "family": "rate", "window_frac": 0.1, "f": 0.98, "status": "ok", "t_c": 554, "t_fc": 912, "err_cross": 6, "err_lag": -6, "err_ref": -4, "secs": 0.2}
{"seed": 9310111, "family": "rate", "window_frac": 0.25, "f": 0.8, "status": "ok", "t_c": 403, "t_fc": 1051, "err_cross": 145, "err_lag": -7, "err_ref": -4, "secs": 0.19}
{"seed": 9310111, "family": "rate", "window_frac": 0.25, "f": 0.9, "status": "ok", "t_c": 485, "t_fc": 950, "err_cross": 44, "err_lag": -6, "err_ref": -4, "secs": 0.2}
{"seed": 9310111, "family": "rate", "window_frac": 0.25, "f": 0.95, "status": "ok", "t_c": 528, "t_fc": 930, "err_cross": 24, "err_lag": -6, "err_ref": -4, "secs": 0.19}
{"seed": 9310111, "family": "rate", "window_frac": 0.25, "f": 0.98, "status": "ok", "t_c": 554, "t_fc": 922, "err_cross": 16, "err_lag": -5, "err_ref": -4, "secs": 0.22}
{"seed": 9310111, "family": "lin", "window_frac": 0.05, "f": 0.8, "status": "ok", "t_c": 403, "t_fc": 763, "err_cross": -143, "err_lag": -1, "err_ref": -4, "secs": 0.19}
{"seed": 9310111, "family": "lin", "window_frac": 0.05, "f": 0.9, "status": "ok", "t_c": 485, "t_fc": 815, "err_cross": -91, "err_lag": -2, "err_ref": -4, "secs": 0.19}
{"seed": 9310111, "family": "lin", "window_frac": 0.05, "f": 0.95, "status": "ok", "t_c": 528, "t_fc": 837, "err_cross": -69, "err_lag": -2, "err_ref": -4, "secs": 0.19}
{"seed": 9310111, "family": "lin", "window_frac": 0.05, "f": 0.98, "status": "ok", "t_c": 554, "t_fc": 849, "err_cross": -57, "err_lag": -1, "err_ref": -4, "secs": 0.19}
{"seed": 9310111, "family": "lin", "window_frac": 0.1, "f": 0.8, "status": "ok", "t_c": 403, "t_fc": 763, "err_cross": -143, "err_lag": -1, "err_ref": -4, "secs": 0.19}
{"seed": 9310111, "family": "lin", "window_frac": 0.1, "f": 0.9, "status": "ok", "t_c": 485, "t_fc": 815, "err_cross": -91, "err_lag": -2, "err_ref": -4, "secs": 0.2}
{"seed": 9310111, "family": "lin", "window_frac": 0.1, "f": 0.95, "status": "ok", "t_c": 528, "t_fc": 837, "err_cross": -69, "err_lag": -1, "err_ref": -4, "secs": 0.2}
{"seed": 9310111, "family": "lin", "window_frac": 0.1, "f": 0.98, "status": "ok", "t_c": 554, "t_fc": 848, "err_cross": -58, "err_lag": -1, "err_ref": -4, "secs": 0.19}
{"seed": 9310111, "family": "lin", "window_frac": 0.25, "f": 0.8, "status": "ok", "t_c": 403, "t_fc": 745, "err_cross": -161, "err_lag": -1, "err_ref": -4, "secs": 0.22}
{"seed": 9310111, "family": "lin", "window_frac": 0.25, "f": 0.9, "status": "ok", "t_c": 485, "t_fc": 797, "err_cross": -109, "err_lag": -1, "err_ref": -4, "secs": 0.2}
{"seed": 9310111, "family": "lin", "window_frac": 0.25, "f": 0.95, "status": "ok", "t_c": 528, "t_fc": 819, "err_cross": -87, "err_lag": -2, "err_ref": -4, "secs": 0.2}
{"seed": 9310111, "family": "lin", "window_frac": 0.25, "f": 0.98, "status": "ok", "t_c": 554, "t_fc": 831, "err_cross": -75, "err_lag": -2, "err_ref": -4, "secs": 0.19}
{"seed": 9310112, "family": "quad", "window_frac": 0.05, "f": 0.8, "status": "no cutoff: s never reaches f\u00b7s_ref in the saved path", "t_c": null, "t_fc": null, "err_cross": null, "err_lag": null, "err_ref": null, "secs": 0.0}
{"seed": 9310112, "family": "quad", "window_frac": 0.05, "f": 0.9, "status": "no cutoff: s never reaches f\u00b7s_ref in the saved path", "t_c": null, "t_fc": null, "err_cross": null, "err_lag": null, "err_ref": null, "secs": 0.0}
{"seed": 9310112, "family": "quad", "window_frac": 0.05, "f": 0.95, "status": "no cutoff: s never reaches f\u00b7s_ref in the saved path", "t_c": null, "t_fc": null, "err_cross": null, "err_lag": null, "err_ref": null, "secs": 0.0}
{"seed": 9310112, "family": "quad", "window_frac": 0.05, "f": 0.98, "status": "no cutoff: s never reaches f\u00b7s_ref in the saved path", "t_c": null, "t_fc": null, "err_cross": null, "err_lag": null, "err_ref": null, "secs": 0.0}
{"seed": 9310112, "family": "quad", "window_frac": 0.1, "f": 0.8, "status": "no cutoff: s never reaches f\u00b7s_ref in the saved path", "t_c": null, "t_fc": null, "err_cross": null, "err_lag": null, "err_ref": null, "secs": 0.0}
{"seed": 9310112, "family": "quad", "window_frac": 0.1, "f": 0.9, "status": "no cutoff: s never reaches f\u00b7s_ref in the saved path", "t_c": null, "t_fc": null, "err_cross": null, "err_lag": null, "err_ref": null, "secs": 0.0}
{"seed": 9310112, "family": "quad", "window_frac": 0.1, "f": 0.95, "status": "no cutoff: s never reaches f\u00b7s_ref in the saved path", "t_c": null, "t_fc": null, "err_cross": null, "err_lag": null, "err_ref": null, "secs": 0.0}
{"seed": 9310112, "family": "quad", "window_frac": 0.1, "f": 0.98, "status": "no cutoff: s never reaches f\u00b7s_ref in the saved path", "t_c": null, "t_fc": null, "err_cross": null, "err_lag": null, "err_ref": null, "secs": 0.0}
{"seed": 9310112, "family": "quad", "window_frac": 0.25, "f": 0.8, "status": "no cutoff: s never reaches f\u00b7s_ref in the saved path", "t_c": null, "t_fc": null, "err_cross": null, "err_lag": null, "err_ref": null, "secs": 0.0}
{"seed": 9310112, "family": "quad", "window_frac": 0.25, "f": 0.9, "status": "no cutoff: s never reaches f\u00b7s_ref in the saved path", "t_c": null, "t_fc": null, "err_cross": null, "err_lag": null, "err_ref": null, "secs": 0.0}
{"seed": 9310112, "family": "quad", "window_frac": 0.25, "f": 0.95, "status": "no cutoff: s never reaches f\u00b7s_ref in the saved path", "t_c": null, "t_fc": null, "err_cross": null, "err_lag": null, "err_ref": null, "secs": 0.0}
{"seed": 9310112, "family": "quad", "window_frac": 0.25, "f": 0.98, "status": "no cutoff: s never reaches f\u00b7s_ref in the saved path", "t_c": null, "t_fc": null, "err_cross": null, "err_lag": null, "err_ref": null, "secs": 0.0}
{"seed": 9310112, "family": "rate", "window_frac": 0.05, "f": 0.8, "status": "no cutoff: s never reaches f\u00b7s_ref in the saved path", "t_c": null, "t_fc": null, "err_cross": null, "err_lag": null, "err_ref": null, "secs": 0.0}
{"seed": 9310112, "family": "rate", "window_frac": 0.05, "f": 0.9, "status": "no cutoff: s never reaches f\u00b7s_ref in the saved path", "t_c": null, "t_fc": null, "err_cross": null, "err_lag": null, "err_ref": null, "secs": 0.0}
{"seed": 9310112, "family": "rate", "window_frac": 0.05, "f": 0.95, "status": "no cutoff: s never reaches f\u00b7s_ref in the saved path", "t_c": null, "t_fc": null, "err_cross": null, "err_lag": null, "err_ref": null, "secs": 0.0}
{"seed": 9310112, "family": "rate", "window_frac": 0.05, "f": 0.98, "status": "no cutoff: s never reaches f\u00b7s_ref in the saved path", "t_c": null, "t_fc": null, "err_cross": null, "err_lag": null, "err_ref": null, "secs": 0.0}
{"seed": 9310112, "family": "rate", "window_frac": 0.1, "f": 0.8, "status": "no cutoff: s never reaches f\u00b7s_ref in the saved path", "t_c": null, "t_fc": null, "err_cross": null, "err_lag": null, "err_ref": null, "secs": 0.0}
{"seed": 9310112, "family": "rate", "window_frac": 0.1, "f": 0.9, "status": "no cutoff: s never reaches f\u00b7s_ref in the saved path", "t_c": null, "t_fc": null, "err_cross": null, "err_lag": null, "err_ref": null, "secs": 0.0}
{"seed": 9310112, "family": "rate", "window_frac": 0.1, "f": 0.95, "status": "no cutoff: s never reaches f\u00b7s_ref in the saved path", "t_c": null, "t_fc": null, "err_cross": null, "err_lag": null, "err_ref": null, "secs": 0.0}
{"seed": 9310112, "family": "rate", "window_frac": 0.1, "f": 0.98, "status": "no cutoff: s never reaches f\u00b7s_ref in the saved path", "t_c": null, "t_fc": null, "err_cross": null, "err_lag": null, "err_ref": null, "secs": 0.0}
{"seed": 9310112, "family": "rate", "window_frac": 0.25, "f": 0.8, "status": "no cutoff: s never reaches f\u00b7s_ref in the saved path", "t_c": null, "t_fc": null, "err_cross": null, "err_lag": null, "err_ref": null, "secs": 0.0}
{"seed": 9310112, "family": "rate", "window_frac": 0.25, "f": 0.9, "status": "no cutoff: s never reaches f\u00b7s_ref in the saved path", "t_c": null, "t_fc": null, "err_cross": null, "err_lag": null, "err_ref": null, "secs": 0.0}
{"seed": 9310112, "family": "rate", "window_frac": 0.25, "f": 0.95, "status": "no cutoff: s never reaches f\u00b7s_ref in the saved path", "t_c": null, "t_fc": null, "err_cross": null, "err_lag": null, "err_ref": null, "secs": 0.0}
{"seed": 9310112, "family": "rate", "window_frac": 0.25, "f": 0.98, "status": "no cutoff: s never reaches f\u00b7s_ref in the saved path", "t_c": null, "t_fc": null, "err_cross": null, "err_lag": null, "err_ref": null, "secs": 0.0}
{"seed": 9310112, "family": "lin", "window_frac": 0.05, "f": 0.8, "status": "no cutoff: s never reaches f\u00b7s_ref in the saved path", "t_c": null, "t_fc": null, "err_cross": null, "err_lag": null, "err_ref": null, "secs": 0.0}
{"seed": 9310112, "family": "lin", "window_frac": 0.05, "f": 0.9, "status": "no cutoff: s never reaches f\u00b7s_ref in the saved path", "t_c": null, "t_fc": null, "err_cross": null, "err_lag": null, "err_ref": null, "secs": 0.0}
{"seed": 9310112, "family": "lin", "window_frac": 0.05, "f": 0.95, "status": "no cutoff: s never reaches f\u00b7s_ref in the saved path", "t_c": null, "t_fc": null, "err_cross": null, "err_lag": null, "err_ref": null, "secs": 0.0}
{"seed": 9310112, "family": "lin", "window_frac": 0.05, "f": 0.98, "status": "no cutoff: s never reaches f\u00b7s_ref in the saved path", "t_c": null, "t_fc": null, "err_cross": null, "err_lag": null, "err_ref": null, "secs": 0.0}
{"seed": 9310112, "family": "lin", "window_frac": 0.1, "f": 0.8, "status": "no cutoff: s never reaches f\u00b7s_ref in the saved path", "t_c": null, "t_fc": null, "err_cross": null, "err_lag": null, "err_ref": null, "secs": 0.0}
{"seed": 9310112, "family": "lin", "window_frac": 0.1, "f": 0.9, "status": "no cutoff: s never reaches f\u00b7s_ref in the saved path", "t_c": null, "t_fc": null, "err_cross": null, "err_lag": null, "err_ref": null, "secs": 0.0}
{"seed": 9310112, "family": "lin", "window_frac": 0.1, "f": 0.95, "status": "no cutoff: s never reaches f\u00b7s_ref in the saved path", "t_c": null, "t_fc": null, "err_cross": null, "err_lag": null, "err_ref": null, "secs": 0.0}
{"seed": 9310112, "family": "lin", "window_frac": 0.1, "f": 0.98, "status": "no cutoff: s never reaches f\u00b7s_ref in the saved path", "t_c": null, "t_fc": null, "err_cross": null, "err_lag": null, "err_ref": null, "secs": 0.0}
{"seed": 9310112, "family": "lin", "window_frac": 0.25, "f": 0.8, "status": "no cutoff: s never reaches f\u00b7s_ref in the saved path", "t_c": null, "t_fc": null, "err_cross": null, "err_lag": null, "err_ref": null, "secs": 0.0}
{"seed": 9310112, "family": "lin", "window_frac": 0.25, "f": 0.9, "status": "no cutoff: s never reaches f\u00b7s_ref in the saved path", "t_c": null, "t_fc": null, "err_cross": null, "err_lag": null, "err_ref": null, "secs": 0.0}
{"seed": 9310112, "family": "lin", "window_frac": 0.25, "f": 0.95, "status": "no cutoff: s never reaches f\u00b7s_ref in the saved path", "t_c": null, "t_fc": null, "err_cross": null, "err_lag": null, "err_ref": null, "secs": 0.0}
{"seed": 9310112, "family": "lin", "window_frac": 0.25, "f": 0.98, "status": "no cutoff: s never reaches f\u00b7s_ref in the saved path", "t_c": null, "t_fc": null, "err_cross": null, "err_lag": null, "err_ref": null, "secs": 0.0}
{"seed": 9310113, "family": "quad", "window_frac": 0.05, "f": 0.8, "status": "ok", "t_c": 767, "t_fc": 1037, "err_cross": 16, "err_lag": -7, "err_ref": -1, "secs": 0.19}
{"seed": 9310113, "family": "quad", "window_frac": 0.05, "f": 0.9, "status": "ok", "t_c": 853, "t_fc": 1020, "err_cross": -1, "err_lag": -4, "err_ref": -1, "secs": 0.19}
{"seed": 9310113, "family": "quad", "window_frac": 0.05, "f": 0.95, "status": "ok", "t_c": 898, "t_fc": 1019, "err_cross": -2, "err_lag": -3, "err_ref": -1, "secs": 0.19}
{"seed": 9310113, "family": "quad", "window_frac": 0.05, "f": 0.98, "status": "ok", "t_c": 925, "t_fc": 1019, "err_cross": -2, "err_lag": -3, "err_ref": -1, "secs": 0.19}
{"seed": 9310113, "family": "quad", "window_frac": 0.1, "f": 0.8, "status": "ok", "t_c": 767, "t_fc": 1046, "err_cross": 25, "err_lag": -8, "err_ref": -1, "secs": 0.18}
{"seed": 9310113, "family": "quad", "window_frac": 0.1, "f": 0.9, "status": "ok", "t_c": 853, "t_fc": 1021, "err_cross": 0, "err_lag": -4, "err_ref": -1, "secs": 0.24}
{"seed": 9310113, "family": "quad", "window_frac": 0.1, "f": 0.95, "status": "ok", "t_c": 898, "t_fc": 1019, "err_cross": -2, "err_lag": -3, "err_ref": -1, "secs": 0.19}
{"seed": 9310113, "family": "quad", "window_frac": 0.1, "f": 0.98, "status": "ok", "t_c": 925, "t_fc": 1019, "err_cross": -2, "err_lag": -3, "err_ref": -1, "secs": 0.19}
{"seed": 9310113, "family": "quad", "window_frac": 0.25, "f": 0.8, "status": "no forecast: no predicted crossing on the extrapolated path", "t_c": 767, "t_fc": null, "err_cross": null, "err_lag": null, "err_ref": -1, "secs": 0.2}
{"seed": 9310113, "family": "quad", "window_frac": 0.25, "f": 0.9, "status": "ok", "t_c": 853, "t_fc": 1031, "err_cross": 10, "err_lag": -7, "err_ref": -1, "secs": 0.18}
{"seed": 9310113, "family": "quad", "window_frac": 0.25, "f": 0.95, "status": "ok", "t_c": 898, "t_fc": 1021, "err_cross": 0, "err_lag": -5, "err_ref": -1, "secs": 0.18}
{"seed": 9310113, "family": "quad", "window_frac": 0.25, "f": 0.98, "status": "ok", "t_c": 925, "t_fc": 1019, "err_cross": -2, "err_lag": -4, "err_ref": -1, "secs": 0.19}
{"seed": 9310113, "family": "rate", "window_frac": 0.05, "f": 0.8, "status": "ok", "t_c": 767, "t_fc": 1026, "err_cross": 5, "err_lag": -3, "err_ref": -1, "secs": 0.18}
{"seed": 9310113, "family": "rate", "window_frac": 0.05, "f": 0.9, "status": "ok", "t_c": 853, "t_fc": 1020, "err_cross": -1, "err_lag": -2, "err_ref": -1, "secs": 0.19}
{"seed": 9310113, "family": "rate", "window_frac": 0.05, "f": 0.95, "status": "ok", "t_c": 898, "t_fc": 1020, "err_cross": -1, "err_lag": -2, "err_ref": -1, "secs": 0.19}
{"seed": 9310113, "family": "rate", "window_frac": 0.05, "f": 0.98, "status": "ok", "t_c": 925, "t_fc": 1020, "err_cross": -1, "err_lag": -1, "err_ref": -1, "secs": 0.19}
{"seed": 9310113, "family": "rate", "window_frac": 0.1, "f": 0.8, "status": "ok", "t_c": 767, "t_fc": 1028, "err_cross": 7, "err_lag": -3, "err_ref": -1, "secs": 0.19}
{"seed": 9310113, "family": "rate", "window_frac": 0.1, "f": 0.9, "status": "ok", "t_c": 853, "t_fc": 1021, "err_cross": 0, "err_lag": -2, "err_ref": -1, "secs": 0.19}
{"seed": 9310113, "family": "rate", "window_frac": 0.1, "f": 0.95, "status": "ok", "t_c": 898, "t_fc": 1020, "err_cross": -1, "err_lag": -2, "err_ref": -1, "secs": 0.19}
{"seed": 9310113, "family": "rate", "window_frac": 0.1, "f": 0.98, "status": "ok", "t_c": 925, "t_fc": 1020, "err_cross": -1, "err_lag": -2, "err_ref": -1, "secs": 0.18}
{"seed": 9310113, "family": "rate", "window_frac": 0.25, "f": 0.8, "status": "ok", "t_c": 767, "t_fc": 1046, "err_cross": 25, "err_lag": -4, "err_ref": -1, "secs": 0.18}
{"seed": 9310113, "family": "rate", "window_frac": 0.25, "f": 0.9, "status": "ok", "t_c": 853, "t_fc": 1024, "err_cross": 3, "err_lag": -3, "err_ref": -1, "secs": 0.18}
{"seed": 9310113, "family": "rate", "window_frac": 0.25, "f": 0.95, "status": "ok", "t_c": 898, "t_fc": 1021, "err_cross": 0, "err_lag": -2, "err_ref": -1, "secs": 0.18}
{"seed": 9310113, "family": "rate", "window_frac": 0.25, "f": 0.98, "status": "ok", "t_c": 925, "t_fc": 1020, "err_cross": -1, "err_lag": -2, "err_ref": -1, "secs": 0.18}
{"seed": 9310113, "family": "lin", "window_frac": 0.05, "f": 0.8, "status": "ok", "t_c": 767, "t_fc": 988, "err_cross": -33, "err_lag": 3, "err_ref": -1, "secs": 0.25}
{"seed": 9310113, "family": "lin", "window_frac": 0.05, "f": 0.9, "status": "ok", "t_c": 853, "t_fc": 1012, "err_cross": -9, "err_lag": 2, "err_ref": -1, "secs": 0.19}
{"seed": 9310113, "family": "lin", "window_frac": 0.05, "f": 0.95, "status": "ok", "t_c": 898, "t_fc": 1019, "err_cross": -2, "err_lag": 1, "err_ref": -1, "secs": 0.19}
{"seed": 9310113, "family": "lin", "window_frac": 0.05, "f": 0.98, "status": "ok", "t_c": 925, "t_fc": 1021, "err_cross": 0, "err_lag": 1, "err_ref": -1, "secs": 0.18}
{"seed": 9310113, "family": "lin", "window_frac": 0.1, "f": 0.8, "status": "ok", "t_c": 767, "t_fc": 984, "err_cross": -37, "err_lag": 4, "err_ref": -1, "secs": 0.18}
{"seed": 9310113, "family": "lin", "window_frac": 0.1, "f": 0.9, "status": "ok", "t_c": 853, "t_fc": 1009, "err_cross": -12, "err_lag": 1, "err_ref": -1, "secs": 0.18}
{"seed": 9310113, "family": "lin", "window_frac": 0.1, "f": 0.95, "status": "ok", "t_c": 898, "t_fc": 1018, "err_cross": -3, "err_lag": 2, "err_ref": -1, "secs": 0.18}
{"seed": 9310113, "family": "lin", "window_frac": 0.1, "f": 0.98, "status": "ok", "t_c": 925, "t_fc": 1021, "err_cross": 0, "err_lag": 1, "err_ref": -1, "secs": 0.18}
{"seed": 9310113, "family": "lin", "window_frac": 0.25, "f": 0.8, "status": "ok", "t_c": 767, "t_fc": 964, "err_cross": -57, "err_lag": 4, "err_ref": -1, "secs": 0.18}
{"seed": 9310113, "family": "lin", "window_frac": 0.25, "f": 0.9, "status": "ok", "t_c": 853, "t_fc": 1000, "err_cross": -21, "err_lag": 3, "err_ref": -1, "secs": 0.18}
{"seed": 9310113, "family": "lin", "window_frac": 0.25, "f": 0.95, "status": "ok", "t_c": 898, "t_fc": 1013, "err_cross": -8, "err_lag": 2, "err_ref": -1, "secs": 0.18}
{"seed": 9310113, "family": "lin", "window_frac": 0.25, "f": 0.98, "status": "ok", "t_c": 925, "t_fc": 1019, "err_cross": -2, "err_lag": 2, "err_ref": -1, "secs": 0.18}
{"seed": 9310114, "family": "quad", "window_frac": 0.05, "f": 0.8, "status": "no forecast: no predicted crossing on the extrapolated path", "t_c": 565, "t_fc": null, "err_cross": null, "err_lag": null, "err_ref": -4, "secs": 0.21}
{"seed": 9310114, "family": "quad", "window_frac": 0.05, "f": 0.9, "status": "ok", "t_c": 649, "t_fc": 951, "err_cross": 15, "err_lag": -9, "err_ref": -4, "secs": 0.19}
{"seed": 9310114, "family": "quad", "window_frac": 0.05, "f": 0.95, "status": "ok", "t_c": 692, "t_fc": 938, "err_cross": 2, "err_lag": -7, "err_ref": -4, "secs": 0.19}
{"seed": 9310114, "family": "quad", "window_frac": 0.05, "f": 0.98, "status": "ok", "t_c": 719, "t_fc": 935, "err_cross": -1, "err_lag": -6, "err_ref": -4, "secs": 0.19}
{"seed": 9310114, "family": "quad", "window_frac": 0.1, "f": 0.8, "status": "no forecast: no predicted crossing on the extrapolated path", "t_c": 565, "t_fc": null, "err_cross": null, "err_lag": null, "err_ref": -4, "secs": 0.19}
{"seed": 9310114, "family": "quad", "window_frac": 0.1, "f": 0.9, "status": "ok", "t_c": 649, "t_fc": 955, "err_cross": 19, "err_lag": -9, "err_ref": -4, "secs": 0.19}
{"seed": 9310114, "family": "quad", "window_frac": 0.1, "f": 0.95, "status": "ok", "t_c": 692, "t_fc": 940, "err_cross": 4, "err_lag": -7, "err_ref": -4, "secs": 0.19}
{"seed": 9310114, "family": "quad", "window_frac": 0.1, "f": 0.98, "status": "ok", "t_c": 719, "t_fc": 936, "err_cross": 0, "err_lag": -6, "err_ref": -4, "secs": 0.19}
{"seed": 9310114, "family": "quad", "window_frac": 0.25, "f": 0.8, "status": "no forecast: no predicted crossing on the extrapolated path", "t_c": 565, "t_fc": null, "err_cross": null, "err_lag": null, "err_ref": -4, "secs": 0.19}
{"seed": 9310114, "family": "quad", "window_frac": 0.25, "f": 0.9, "status": "ok", "t_c": 649, "t_fc": 1035, "err_cross": 99, "err_lag": null, "err_ref": -4, "secs": 0.19}
{"seed": 9310114, "family": "quad", "window_frac": 0.25, "f": 0.95, "status": "ok", "t_c": 692, "t_fc": 960, "err_cross": 24, "err_lag": -10, "err_ref": -4, "secs": 0.19}
{"seed": 9310114, "family": "quad", "window_frac": 0.25, "f": 0.98, "status": "ok", "t_c": 719, "t_fc": 947, "err_cross": 11, "err_lag": -8, "err_ref": -4, "secs": 0.19}
{"seed": 9310114, "family": "rate", "window_frac": 0.05, "f": 0.8, "status": "ok", "t_c": 565, "t_fc": 960, "err_cross": 24, "err_lag": -6, "err_ref": -4, "secs": 0.18}
{"seed": 9310114, "family": "rate", "window_frac": 0.05, "f": 0.9, "status": "ok", "t_c": 649, "t_fc": 938, "err_cross": 2, "err_lag": -6, "err_ref": -4, "secs": 0.2}
{"seed": 9310114, "family": "rate", "window_frac": 0.05, "f": 0.95, "status": "ok", "t_c": 692, "t_fc": 935, "err_cross": -1, "err_lag": -5, "err_ref": -4, "secs": 0.18}
{"seed": 9310114, "family": "rate", "window_frac": 0.05, "f": 0.98, "status": "ok", "t_c": 719, "t_fc": 933, "err_cross": -3, "err_lag": -5, "err_ref": -4, "secs": 0.18}
{"seed": 9310114, "family": "rate", "window_frac": 0.1, "f": 0.8, "status": "ok", "t_c": 565, "t_fc": 962, "err_cross": 26, "err_lag": -6, "err_ref": -4, "secs": 0.18}
{"seed": 9310114, "family": "rate", "window_frac": 0.1, "f": 0.9, "status": "ok", "t_c": 649, "t_fc": 939, "err_cross": 3, "err_lag": -6, "err_ref": -4, "secs": 0.18}
{"seed": 9310114, "family": "rate", "window_frac": 0.1, "f": 0.95, "status": "ok", "t_c": 692, "t_fc": 935, "err_cross": -1, "err_lag": -5, "err_ref": -4, "secs": 0.19}
{"seed": 9310114, "family": "rate", "window_frac": 0.1, "f": 0.98, "status": "ok", "t_c": 719, "t_fc": 934, "err_cross": -2, "err_lag": -5, "err_ref": -4, "secs": 0.19}
{"seed": 9310114, "family": "rate", "window_frac": 0.25, "f": 0.8, "status": "ok", "t_c": 565, "t_fc": 994, "err_cross": 58, "err_lag": -7, "err_ref": -4, "secs": 0.19}
{"seed": 9310114, "family": "rate", "window_frac": 0.25, "f": 0.9, "status": "ok", "t_c": 649, "t_fc": 949, "err_cross": 13, "err_lag": -6, "err_ref": -4, "secs": 0.18}
{"seed": 9310114, "family": "rate", "window_frac": 0.25, "f": 0.95, "status": "ok", "t_c": 692, "t_fc": 941, "err_cross": 5, "err_lag": -5, "err_ref": -4, "secs": 0.19}
{"seed": 9310114, "family": "rate", "window_frac": 0.25, "f": 0.98, "status": "ok", "t_c": 719, "t_fc": 937, "err_cross": 1, "err_lag": -6, "err_ref": -4, "secs": 0.19}
{"seed": 9310114, "family": "lin", "window_frac": 0.05, "f": 0.8, "status": "ok", "t_c": 565, "t_fc": 855, "err_cross": -81, "err_lag": -2, "err_ref": -4, "secs": 0.18}
{"seed": 9310114, "family": "lin", "window_frac": 0.05, "f": 0.9, "status": "ok", "t_c": 649, "t_fc": 894, "err_cross": -42, "err_lag": -2, "err_ref": -4, "secs": 0.19}
{"seed": 9310114, "family": "lin", "window_frac": 0.05, "f": 0.95, "status": "ok", "t_c": 692, "t_fc": 908, "err_cross": -28, "err_lag": -3, "err_ref": -4, "secs": 0.18}
{"seed": 9310114, "family": "lin", "window_frac": 0.05, "f": 0.98, "status": "ok", "t_c": 719, "t_fc": 916, "err_cross": -20, "err_lag": -2, "err_ref": -4, "secs": 0.18}
{"seed": 9310114, "family": "lin", "window_frac": 0.1, "f": 0.8, "status": "ok", "t_c": 565, "t_fc": 853, "err_cross": -83, "err_lag": -2, "err_ref": -4, "secs": 0.18}
{"seed": 9310114, "family": "lin", "window_frac": 0.1, "f": 0.9, "status": "ok", "t_c": 649, "t_fc": 891, "err_cross": -45, "err_lag": -3, "err_ref": -4, "secs": 0.18}
{"seed": 9310114, "family": "lin", "window_frac": 0.1, "f": 0.95, "status": "ok", "t_c": 692, "t_fc": 906, "err_cross": -30, "err_lag": -2, "err_ref": -4, "secs": 0.19}
{"seed": 9310114, "family": "lin", "window_frac": 0.1, "f": 0.98, "status": "ok", "t_c": 719, "t_fc": 913, "err_cross": -23, "err_lag": -3, "err_ref": -4, "secs": 0.19}
{"seed": 9310114, "family": "lin", "window_frac": 0.25, "f": 0.8, "status": "ok", "t_c": 565, "t_fc": 830, "err_cross": -106, "err_lag": -2, "err_ref": -4, "secs": 0.2}
{"seed": 9310114, "family": "lin", "window_frac": 0.25, "f": 0.9, "status": "ok", "t_c": 649, "t_fc": 874, "err_cross": -62, "err_lag": -2, "err_ref": -4, "secs": 0.19}
{"seed": 9310114, "family": "lin", "window_frac": 0.25, "f": 0.95, "status": "ok", "t_c": 692, "t_fc": 892, "err_cross": -44, "err_lag": -2, "err_ref": -4, "secs": 0.19}
{"seed": 9310114, "family": "lin", "window_frac": 0.25, "f": 0.98, "status": "ok", "t_c": 719, "t_fc": 902, "err_cross": -34, "err_lag": -2, "err_ref": -4, "secs": 0.19}
{"seed": 9310115, "family": "quad", "window_frac": 0.05, "f": 0.8, "status": "ok", "t_c": 660, "t_fc": 956, "err_cross": 15, "err_lag": -8, "err_ref": -1, "secs": 0.18}
{"seed": 9310115, "family": "quad", "window_frac": 0.05, "f": 0.9, "status": "ok", "t_c": 753, "t_fc": 940, "err_cross": -1, "err_lag": -3, "err_ref": -1, "secs": 0.18}
{"seed": 9310115, "family": "quad", "window_frac": 0.05, "f": 0.95, "status": "ok", "t_c": 801, "t_fc": 939, "err_cross": -2, "err_lag": -2, "err_ref": -1, "secs": 0.19}
{"seed": 9310115, "family": "quad", "window_frac": 0.05, "f": 0.98, "status": "ok", "t_c": 831, "t_fc": 939, "err_cross": -2, "err_lag": -2, "err_ref": -1, "secs": 0.19}
{"seed": 9310115, "family": "quad", "window_frac": 0.1, "f": 0.8, "status": "ok", "t_c": 660, "t_fc": 960, "err_cross": 19, "err_lag": -9, "err_ref": -1, "secs": 0.2}
{"seed": 9310115, "family": "quad", "window_frac": 0.1, "f": 0.9, "status": "ok", "t_c": 753, "t_fc": 940, "err_cross": -1, "err_lag": -4, "err_ref": -1, "secs": 0.22}
{"seed": 9310115, "family": "quad", "window_frac": 0.1, "f": 0.95, "status": "ok", "t_c": 801, "t_fc": 939, "err_cross": -2, "err_lag": -2, "err_ref": -1, "secs": 0.2}
{"seed": 9310115, "family": "quad", "window_frac": 0.1, "f": 0.98, "status": "ok", "t_c": 831, "t_fc": 939, "err_cross": -2, "err_lag": -2, "err_ref": -1, "secs": 0.2}
{"seed": 9310115, "family": "quad", "window_frac": 0.25, "f": 0.8, "status": "no forecast: no predicted crossing on the extrapolated path", "t_c": 660, "t_fc": null, "err_cross": null, "err_lag": null, "err_ref": -1, "secs": 0.2}
{"seed": 9310115, "family": "quad", "window_frac": 0.25, "f": 0.9, "status": "ok", "t_c": 753, "t_fc": 946, "err_cross": 5, "err_lag": -6, "err_ref": -1, "secs": 0.2}
{"seed": 9310115, "family": "quad", "window_frac": 0.25, "f": 0.95, "status": "ok", "t_c": 801, "t_fc": 940, "err_cross": -1, "err_lag": -4, "err_ref": -1, "secs": 0.19}
{"seed": 9310115, "family": "quad", "window_frac": 0.25, "f": 0.98, "status": "ok", "t_c": 831, "t_fc": 939, "err_cross": -2, "err_lag": -2, "err_ref": -1, "secs": 0.22}
{"seed": 9310115, "family": "rate", "window_frac": 0.05, "f": 0.8, "status": "ok", "t_c": 660, "t_fc": 946, "err_cross": 5, "err_lag": -2, "err_ref": -1, "secs": 0.27}
{"seed": 9310115, "family": "rate", "window_frac": 0.05, "f": 0.9, "status": "ok", "t_c": 753, "t_fc": 940, "err_cross": -1, "err_lag": -1, "err_ref": -1, "secs": 0.2}
{"seed": 9310115, "family": "rate", "window_frac": 0.05, "f": 0.95, "status": "ok", "t_c": 801, "t_fc": 940, "err_cross": -1, "err_lag": -1, "err_ref": -1, "secs": 0.19}
{"seed": 9310115, "family": "rate", "window_frac": 0.05, "f": 0.98, "status": "ok", "t_c": 831, "t_fc": 940, "err_cross": -1, "err_lag": -1, "err_ref": -1, "secs": 0.2}
{"seed": 9310115, "family": "rate", "window_frac": 0.1, "f": 0.8, "status": "ok", "t_c": 660, "t_fc": 947, "err_cross": 6, "err_lag": -2, "err_ref": -1, "secs": 0.19}
{"seed": 9310115, "family": "rate", "window_frac": 0.1, "f": 0.9, "status": "ok", "t_c": 753, "t_fc": 941, "err_cross": 0, "err_lag": -1, "err_ref": -1, "secs": 0.19}
{"seed": 9310115, "family": "rate", "window_frac": 0.1, "f": 0.95, "status": "ok", "t_c": 801, "t_fc": 940, "err_cross": -1, "err_lag": -1, "err_ref": -1, "secs": 0.19}
{"seed": 9310115, "family": "rate", "window_frac": 0.1, "f": 0.98, "status": "ok", "t_c": 831, "t_fc": 940, "err_cross": -1, "err_lag": -1, "err_ref": -1, "secs": 0.22}
{"seed": 9310115, "family": "rate", "window_frac": 0.25, "f": 0.8, "status": "ok", "t_c": 660, "t_fc": 958, "err_cross": 17, "err_lag": -3, "err_ref": -1, "secs": 0.2}
{"seed": 9310115, "family": "rate", "window_frac": 0.25, "f": 0.9, "status": "ok", "t_c": 753, "t_fc": 943, "err_cross": 2, "err_lag": -2, "err_ref": -1, "secs": 0.19}
{"seed": 9310115, "family": "rate", "window_frac": 0.25, "f": 0.95, "status": "ok", "t_c": 801, "t_fc": 940, "err_cross": -1, "err_lag": -2, "err_ref": -1, "secs": 0.19}
{"seed": 9310115, "family": "rate", "window_frac": 0.25, "f": 0.98, "status": "ok", "t_c": 831, "t_fc": 940, "err_cross": -1, "err_lag": -1, "err_ref": -1, "secs": 0.19}
{"seed": 9310115, "family": "lin", "window_frac": 0.05, "f": 0.8, "status": "ok", "t_c": 660, "t_fc": 908, "err_cross": -33, "err_lag": 6, "err_ref": -1, "secs": 0.19}
{"seed": 9310115, "family": "lin", "window_frac": 0.05, "f": 0.9, "status": "ok", "t_c": 753, "t_fc": 934, "err_cross": -7, "err_lag": 5, "err_ref": -1, "secs": 0.27}
{"seed": 9310115, "family": "lin", "window_frac": 0.05, "f": 0.95, "status": "ok", "t_c": 801, "t_fc": 941, "err_cross": 0, "err_lag": 4, "err_ref": -1, "secs": 0.19}
{"seed": 9310115, "family": "lin", "window_frac": 0.05, "f": 0.98, "status": "ok", "t_c": 831, "t_fc": 943, "err_cross": 2, "err_lag": 3, "err_ref": -1, "secs": 0.2}
{"seed": 9310115, "family": "lin", "window_frac": 0.1, "f": 0.8, "status": "ok", "t_c": 660, "t_fc": 906, "err_cross": -35, "err_lag": 7, "err_ref": -1, "secs": 0.19}
{"seed": 9310115, "family": "lin", "window_frac": 0.1, "f": 0.9, "status": "ok", "t_c": 753, "t_fc": 932, "err_cross": -9, "err_lag": 5, "err_ref": -1, "secs": 0.19}
{"seed": 9310115, "family": "lin", "window_frac": 0.1, "f": 0.95, "status": "ok", "t_c": 801, "t_fc": 940, "err_cross": -1, "err_lag": 5, "err_ref": -1, "secs": 0.19}
{"seed": 9310115, "family": "lin", "window_frac": 0.1, "f": 0.98, "status": "ok", "t_c": 831, "t_fc": 943, "err_cross": 2, "err_lag": 4, "err_ref": -1, "secs": 0.18}
{"seed": 9310115, "family": "lin", "window_frac": 0.25, "f": 0.8, "status": "ok", "t_c": 660, "t_fc": 890, "err_cross": -51, "err_lag": 9, "err_ref": -1, "secs": 0.18}
{"seed": 9310115, "family": "lin", "window_frac": 0.25, "f": 0.9, "status": "ok", "t_c": 753, "t_fc": 924, "err_cross": -17, "err_lag": 7, "err_ref": -1, "secs": 0.18}
{"seed": 9310115, "family": "lin", "window_frac": 0.25, "f": 0.95, "status": "ok", "t_c": 801, "t_fc": 936, "err_cross": -5, "err_lag": 6, "err_ref": -1, "secs": 0.18}
{"seed": 9310115, "family": "lin", "window_frac": 0.25, "f": 0.98, "status": "ok", "t_c": 831, "t_fc": 942, "err_cross": 1, "err_lag": 5, "err_ref": -1, "secs": 0.18}
{"seed": 9310116, "family": "quad", "window_frac": 0.05, "f": 0.8, "status": "ok", "t_c": 508, "t_fc": 767, "err_cross": 11, "err_lag": -7, "err_ref": -4, "secs": 0.19}
{"seed": 9310116, "family": "quad", "window_frac": 0.05, "f": 0.9, "status": "ok", "t_c": 598, "t_fc": 753, "err_cross": -3, "err_lag": -4, "err_ref": -4, "secs": 0.2}
{"seed": 9310116, "family": "quad", "window_frac": 0.05, "f": 0.95, "status": "ok", "t_c": 645, "t_fc": 752, "err_cross": -4, "err_lag": -4, "err_ref": -4, "secs": 0.19}
{"seed": 9310116, "family": "quad", "window_frac": 0.05, "f": 0.98, "status": "ok", "t_c": 674, "t_fc": 752, "err_cross": -4, "err_lag": -4, "err_ref": -4, "secs": 0.19}
{"seed": 9310116, "family": "quad", "window_frac": 0.1, "f": 0.8, "status": "ok", "t_c": 508, "t_fc": 767, "err_cross": 11, "err_lag": -7, "err_ref": -4, "secs": 0.18}
{"seed": 9310116, "family": "quad", "window_frac": 0.1, "f": 0.9, "status": "ok", "t_c": 598, "t_fc": 753, "err_cross": -3, "err_lag": -5, "err_ref": -4, "secs": 0.19}
{"seed": 9310116, "family": "quad", "window_frac": 0.1, "f": 0.95, "status": "ok", "t_c": 645, "t_fc": 752, "err_cross": -4, "err_lag": -4, "err_ref": -4, "secs": 0.18}
{"seed": 9310116, "family": "quad", "window_frac": 0.1, "f": 0.98, "status": "ok", "t_c": 674, "t_fc": 752, "err_cross": -4, "err_lag": -4, "err_ref": -4, "secs": 0.18}
{"seed": 9310116, "family": "quad", "window_frac": 0.25, "f": 0.8, "status": "ok", "t_c": 508, "t_fc": 795, "err_cross": 39, "err_lag": -11, "err_ref": -4, "secs": 0.18}
{"seed": 9310116, "family": "quad", "window_frac": 0.25, "f": 0.9, "status": "ok", "t_c": 598, "t_fc": 756, "err_cross": 0, "err_lag": -5, "err_ref": -4, "secs": 0.18}
{"seed": 9310116, "family": "quad", "window_frac": 0.25, "f": 0.95, "status": "ok", "t_c": 645, "t_fc": 752, "err_cross": -4, "err_lag": -5, "err_ref": -4, "secs": 0.18}
{"seed": 9310116, "family": "quad", "window_frac": 0.25, "f": 0.98, "status": "ok", "t_c": 674, "t_fc": 752, "err_cross": -4, "err_lag": -4, "err_ref": -4, "secs": 0.18}
{"seed": 9310116, "family": "rate", "window_frac": 0.05, "f": 0.8, "status": "ok", "t_c": 508, "t_fc": 758, "err_cross": 2, "err_lag": -4, "err_ref": -4, "secs": 0.18}
{"seed": 9310116, "family": "rate", "window_frac": 0.05, "f": 0.9, "status": "ok", "t_c": 598, "t_fc": 753, "err_cross": -3, "err_lag": -4, "err_ref": -4, "secs": 0.19}
{"seed": 9310116, "family": "rate", "window_frac": 0.05, "f": 0.95, "status": "ok", "t_c": 645, "t_fc": 752, "err_cross": -4, "err_lag": -4, "err_ref": -4, "secs": 0.21}
{"seed": 9310116, "family": "rate", "window_frac": 0.05, "f": 0.98, "status": "ok", "t_c": 674, "t_fc": 752, "err_cross": -4, "err_lag": -4, "err_ref": -4, "secs": 0.21}
{"seed": 9310116, "family": "rate", "window_frac": 0.1, "f": 0.8, "status": "ok", "t_c": 508, "t_fc": 758, "err_cross": 2, "err_lag": -4, "err_ref": -4, "secs": 0.24}
{"seed": 9310116, "family": "rate", "window_frac": 0.1, "f": 0.9, "status": "ok", "t_c": 598, "t_fc": 753, "err_cross": -3, "err_lag": -4, "err_ref": -4, "secs": 0.2}
{"seed": 9310116, "family": "rate", "window_frac": 0.1, "f": 0.95, "status": "ok", "t_c": 645, "t_fc": 752, "err_cross": -4, "err_lag": -4, "err_ref": -4, "secs": 0.2}
{"seed": 9310116, "family": "rate", "window_frac": 0.1, "f": 0.98, "status": "ok", "t_c": 674, "t_fc": 752, "err_cross": -4, "err_lag": -4, "err_ref": -4, "secs": 0.21}
{"seed": 9310116, "family": "rate", "window_frac": 0.25, "f": 0.8, "status": "ok", "t_c": 508, "t_fc": 764, "err_cross": 8, "err_lag": -4, "err_ref": -4, "secs": 0.24}
{"seed": 9310116, "family": "rate", "window_frac": 0.25, "f": 0.9, "status": "ok", "t_c": 598, "t_fc": 754, "err_cross": -2, "err_lag": -4, "err_ref": -4, "secs": 0.2}
{"seed": 9310116, "family": "rate", "window_frac": 0.25, "f": 0.95, "status": "ok", "t_c": 645, "t_fc": 752, "err_cross": -4, "err_lag": -4, "err_ref": -4, "secs": 0.2}
{"seed": 9310116, "family": "rate", "window_frac": 0.25, "f": 0.98, "status": "ok", "t_c": 674, "t_fc": 752, "err_cross": -4, "err_lag": -4, "err_ref": -4, "secs": 0.2}
{"seed": 9310116, "family": "lin", "window_frac": 0.05, "f": 0.8, "status": "ok", "t_c": 508, "t_fc": 721, "err_cross": -35, "err_lag": -2, "err_ref": -4, "secs": 0.2}
{"seed": 9310116, "family": "lin", "window_frac": 0.05, "f": 0.9, "status": "ok", "t_c": 598, "t_fc": 746, "err_cross": -10, "err_lag": -1, "err_ref": -4, "secs": 0.2}
{"seed": 9310116, "family": "lin", "window_frac": 0.05, "f": 0.95, "status": "ok", "t_c": 645, "t_fc": 752, "err_cross": -4, "err_lag": -2, "err_ref": -4, "secs": 0.21}
{"seed": 9310116, "family": "lin", "window_frac": 0.05, "f": 0.98, "status": "ok", "t_c": 674, "t_fc": 754, "err_cross": -2, "err_lag": -2, "err_ref": -4, "secs": 0.21}
{"seed": 9310116, "family": "lin", "window_frac": 0.1, "f": 0.8, "status": "ok", "t_c": 508, "t_fc": 721, "err_cross": -35, "err_lag": -2, "err_ref": -4, "secs": 0.23}
{"seed": 9310116, "family": "lin", "window_frac": 0.1, "f": 0.9, "status": "ok", "t_c": 598, "t_fc": 745, "err_cross": -11, "err_lag": -2, "err_ref": -4, "secs": 0.2}
{"seed": 9310116, "family": "lin", "window_frac": 0.1, "f": 0.95, "status": "ok", "t_c": 645, "t_fc": 751, "err_cross": -5, "err_lag": -2, "err_ref": -4, "secs": 0.19}
{"seed": 9310116, "family": "lin", "window_frac": 0.1, "f": 0.98, "status": "ok", "t_c": 674, "t_fc": 754, "err_cross": -2, "err_lag": -2, "err_ref": -4, "secs": 0.19}
{"seed": 9310116, "family": "lin", "window_frac": 0.25, "f": 0.8, "status": "ok", "t_c": 508, "t_fc": 709, "err_cross": -47, "err_lag": -1, "err_ref": -4, "secs": 0.18}
{"seed": 9310116, "family": "lin", "window_frac": 0.25, "f": 0.9, "status": "ok", "t_c": 598, "t_fc": 739, "err_cross": -17, "err_lag": -1, "err_ref": -4, "secs": 0.18}
{"seed": 9310116, "family": "lin", "window_frac": 0.25, "f": 0.95, "status": "ok", "t_c": 645, "t_fc": 749, "err_cross": -7, "err_lag": -2, "err_ref": -4, "secs": 0.19}
{"seed": 9310116, "family": "lin", "window_frac": 0.25, "f": 0.98, "status": "ok", "t_c": 674, "t_fc": 753, "err_cross": -3, "err_lag": -2, "err_ref": -4, "secs": 0.19}
{"seed": 9310117, "family": "quad", "window_frac": 0.05, "f": 0.8, "status": "ok", "t_c": 521, "t_fc": 849, "err_cross": 17, "err_lag": -10, "err_ref": -4, "secs": 0.19}
{"seed": 9310117, "family": "quad", "window_frac": 0.05, "f": 0.9, "status": "ok", "t_c": 629, "t_fc": 829, "err_cross": -3, "err_lag": -6, "err_ref": -4, "secs": 0.2}
{"seed": 9310117, "family": "quad", "window_frac": 0.05, "f": 0.95, "status": "ok", "t_c": 685, "t_fc": 827, "err_cross": -5, "err_lag": -6, "err_ref": -4, "secs": 0.19}
{"seed": 9310117, "family": "quad", "window_frac": 0.05, "f": 0.98, "status": "ok", "t_c": 720, "t_fc": 827, "err_cross": -5, "err_lag": -5, "err_ref": -4, "secs": 0.21}
{"seed": 9310117, "family": "quad", "window_frac": 0.1, "f": 0.8, "status": "ok", "t_c": 521, "t_fc": 850, "err_cross": 18, "err_lag": -9, "err_ref": -4, "secs": 0.2}
{"seed": 9310117, "family": "quad", "window_frac": 0.1, "f": 0.9, "status": "ok", "t_c": 629, "t_fc": 829, "err_cross": -3, "err_lag": -6, "err_ref": -4, "secs": 0.19}
{"seed": 9310117, "family": "quad", "window_frac": 0.1, "f": 0.95, "status": "ok", "t_c": 685, "t_fc": 827, "err_cross": -5, "err_lag": -6, "err_ref": -4, "secs": 0.19}
{"seed": 9310117, "family": "quad", "window_frac": 0.1, "f": 0.98, "status": "ok", "t_c": 720, "t_fc": 827, "err_cross": -5, "err_lag": -5, "err_ref": -4, "secs": 0.2}
{"seed": 9310117, "family": "quad", "window_frac": 0.25, "f": 0.8, "status": "ok", "t_c": 521, "t_fc": 885, "err_cross": 53, "err_lag": -15, "err_ref": -4, "secs": 0.19}
{"seed": 9310117, "family": "quad", "window_frac": 0.25, "f": 0.9, "status": "ok", "t_c": 629, "t_fc": 833, "err_cross": 1, "err_lag": -7, "err_ref": -4, "secs": 0.19}
{"seed": 9310117, "family": "quad", "window_frac": 0.25, "f": 0.95, "status": "ok", "t_c": 685, "t_fc": 828, "err_cross": -4, "err_lag": -6, "err_ref": -4, "secs": 0.19}
{"seed": 9310117, "family": "quad", "window_frac": 0.25, "f": 0.98, "status": "ok", "t_c": 720, "t_fc": 827, "err_cross": -5, "err_lag": -6, "err_ref": -4, "secs": 0.19}
{"seed": 9310117, "family": "rate", "window_frac": 0.05, "f": 0.8, "status": "ok", "t_c": 521, "t_fc": 835, "err_cross": 3, "err_lag": -6, "err_ref": -4, "secs": 0.19}
{"seed": 9310117, "family": "rate", "window_frac": 0.05, "f": 0.9, "status": "ok", "t_c": 629, "t_fc": 828, "err_cross": -4, "err_lag": -5, "err_ref": -4, "secs": 0.19}
{"seed": 9310117, "family": "rate", "window_frac": 0.05, "f": 0.95, "status": "ok", "t_c": 685, "t_fc": 827, "err_cross": -5, "err_lag": -5, "err_ref": -4, "secs": 0.19}
{"seed": 9310117, "family": "rate", "window_frac": 0.05, "f": 0.98, "status": "ok", "t_c": 720, "t_fc": 827, "err_cross": -5, "err_lag": -5, "err_ref": -4, "secs": 0.19}
{"seed": 9310117, "family": "rate", "window_frac": 0.1, "f": 0.8, "status": "ok", "t_c": 521, "t_fc": 835, "err_cross": 3, "err_lag": -6, "err_ref": -4, "secs": 0.31}
{"seed": 9310117, "family": "rate", "window_frac": 0.1, "f": 0.9, "status": "ok", "t_c": 629, "t_fc": 828, "err_cross": -4, "err_lag": -5, "err_ref": -4, "secs": 0.23}
{"seed": 9310117, "family": "rate", "window_frac": 0.1, "f": 0.95, "status": "ok", "t_c": 685, "t_fc": 828, "err_cross": -4, "err_lag": -5, "err_ref": -4, "secs": 0.27}
{"seed": 9310117, "family": "rate", "window_frac": 0.1, "f": 0.98, "status": "ok", "t_c": 720, "t_fc": 827, "err_cross": -5, "err_lag": -5, "err_ref": -4, "secs": 0.22}
{"seed": 9310117, "family": "rate", "window_frac": 0.25, "f": 0.8, "status": "ok", "t_c": 521, "t_fc": 842, "err_cross": 10, "err_lag": -6, "err_ref": -4, "secs": 0.24}
{"seed": 9310117, "family": "rate", "window_frac": 0.25, "f": 0.9, "status": "ok", "t_c": 629, "t_fc": 830, "err_cross": -2, "err_lag": -5, "err_ref": -4, "secs": 0.21}
{"seed": 9310117, "family": "rate", "window_frac": 0.25, "f": 0.95, "status": "ok", "t_c": 685, "t_fc": 828, "err_cross": -4, "err_lag": -5, "err_ref": -4, "secs": 0.2}
{"seed": 9310117, "family": "rate", "window_frac": 0.25, "f": 0.98, "status": "ok", "t_c": 720, "t_fc": 827, "err_cross": -5, "err_lag": -6, "err_ref": -4, "secs": 0.2}
{"seed": 9310117, "family": "lin", "window_frac": 0.05, "f": 0.8, "status": "ok", "t_c": 521, "t_fc": 785, "err_cross": -47, "err_lag": -3, "err_ref": -4, "secs": 0.19}
{"seed": 9310117, "family": "lin", "window_frac": 0.05, "f": 0.9, "status": "ok", "t_c": 629, "t_fc": 817, "err_cross": -15, "err_lag": -2, "err_ref": -4, "secs": 0.2}
{"seed": 9310117, "family": "lin", "window_frac": 0.05, "f": 0.95, "status": "ok", "t_c": 685, "t_fc": 825, "err_cross": -7, "err_lag": -3, "err_ref": -4, "secs": 0.2}
{"seed": 9310117, "family": "lin", "window_frac": 0.05, "f": 0.98, "status": "ok", "t_c": 720, "t_fc": 828, "err_cross": -4, "err_lag": -3, "err_ref": -4, "secs": 0.19}
{"seed": 9310117, "family": "lin", "window_frac": 0.1, "f": 0.8, "status": "ok", "t_c": 521, "t_fc": 785, "err_cross": -47, "err_lag": -2, "err_ref": -4, "secs": 0.19}
{"seed": 9310117, "family": "lin", "window_frac": 0.1, "f": 0.9, "status": "ok", "t_c": 629, "t_fc": 815, "err_cross": -17, "err_lag": -3, "err_ref": -4, "secs": 0.19}
{"seed": 9310117, "family": "lin", "window_frac": 0.1, "f": 0.95, "status": "ok", "t_c": 685, "t_fc": 825, "err_cross": -7, "err_lag": -2, "err_ref": -4, "secs": 0.19}
{"seed": 9310117, "family": "lin", "window_frac": 0.1, "f": 0.98, "status": "ok", "t_c": 720, "t_fc": 828, "err_cross": -4, "err_lag": -3, "err_ref": -4, "secs": 0.19}
{"seed": 9310117, "family": "lin", "window_frac": 0.25, "f": 0.8, "status": "ok", "t_c": 521, "t_fc": 771, "err_cross": -61, "err_lag": -2, "err_ref": -4, "secs": 0.27}
{"seed": 9310117, "family": "lin", "window_frac": 0.25, "f": 0.9, "status": "ok", "t_c": 629, "t_fc": 808, "err_cross": -24, "err_lag": -2, "err_ref": -4, "secs": 0.27}
{"seed": 9310117, "family": "lin", "window_frac": 0.25, "f": 0.95, "status": "ok", "t_c": 685, "t_fc": 820, "err_cross": -12, "err_lag": -3, "err_ref": -4, "secs": 0.22}
{"seed": 9310117, "family": "lin", "window_frac": 0.25, "f": 0.98, "status": "ok", "t_c": 720, "t_fc": 826, "err_cross": -6, "err_lag": -3, "err_ref": -4, "secs": 0.21}
{"seed": 9310118, "family": "quad", "window_frac": 0.05, "f": 0.8, "status": "ok", "t_c": 481, "t_fc": 749, "err_cross": 9, "err_lag": -8, "err_ref": -4, "secs": 0.21}
{"seed": 9310118, "family": "quad", "window_frac": 0.05, "f": 0.9, "status": "ok", "t_c": 574, "t_fc": 736, "err_cross": -4, "err_lag": -5, "err_ref": -4, "secs": 0.19}
{"seed": 9310118, "family": "quad", "window_frac": 0.05, "f": 0.95, "status": "ok", "t_c": 622, "t_fc": 736, "err_cross": -4, "err_lag": -4, "err_ref": -4, "secs": 0.21}
{"seed": 9310118, "family": "quad", "window_frac": 0.05, "f": 0.98, "status": "ok", "t_c": 652, "t_fc": 736, "err_cross": -4, "err_lag": -4, "err_ref": -4, "secs": 0.19}
{"seed": 9310118, "family": "quad", "window_frac": 0.1, "f": 0.8, "status": "ok", "t_c": 481, "t_fc": 749, "err_cross": 9, "err_lag": -8, "err_ref": -4, "secs": 0.19}
{"seed": 9310118, "family": "quad", "window_frac": 0.1, "f": 0.9, "status": "ok", "t_c": 574, "t_fc": 736, "err_cross": -4, "err_lag": -5, "err_ref": -4, "secs": 0.2}
{"seed": 9310118, "family": "quad", "window_frac": 0.1, "f": 0.95, "status": "ok", "t_c": 622, "t_fc": 736, "err_cross": -4, "err_lag": -4, "err_ref": -4, "secs": 0.2}
{"seed": 9310118, "family": "quad", "window_frac": 0.1, "f": 0.98, "status": "ok", "t_c": 652, "t_fc": 736, "err_cross": -4, "err_lag": -4, "err_ref": -4, "secs": 0.2}
{"seed": 9310118, "family": "quad", "window_frac": 0.25, "f": 0.8, "status": "ok", "t_c": 481, "t_fc": 771, "err_cross": 31, "err_lag": -12, "err_ref": -4, "secs": 0.19}
{"seed": 9310118, "family": "quad", "window_frac": 0.25, "f": 0.9, "status": "ok", "t_c": 574, "t_fc": 738, "err_cross": -2, "err_lag": -6, "err_ref": -4, "secs": 0.21}
{"seed": 9310118, "family": "quad", "window_frac": 0.25, "f": 0.95, "status": "ok", "t_c": 622, "t_fc": 736, "err_cross": -4, "err_lag": -5, "err_ref": -4, "secs": 0.19}
{"seed": 9310118, "family": "quad", "window_frac": 0.25, "f": 0.98, "status": "ok", "t_c": 652, "t_fc": 735, "err_cross": -5, "err_lag": -5, "err_ref": -4, "secs": 0.19}
{"seed": 9310118, "family": "rate", "window_frac": 0.05, "f": 0.8, "status": "ok", "t_c": 481, "t_fc": 741, "err_cross": 1, "err_lag": -4, "err_ref": -4, "secs": 0.2}
{"seed": 9310118, "family": "rate", "window_frac": 0.05, "f": 0.9, "status": "ok", "t_c": 574, "t_fc": 736, "err_cross": -4, "err_lag": -4, "err_ref": -4, "secs": 0.19}
{"seed": 9310118, "family": "rate", "window_frac": 0.05, "f": 0.95, "status": "ok", "t_c": 622, "t_fc": 736, "err_cross": -4, "err_lag": -4, "err_ref": -4, "secs": 0.19}
{"seed": 9310118, "family": "rate", "window_frac": 0.05, "f": 0.98, "status": "ok", "t_c": 652, "t_fc": 736, "err_cross": -4, "err_lag": -4, "err_ref": -4, "secs": 0.19}
{"seed": 9310118, "family": "rate", "window_frac": 0.1, "f": 0.8, "status": "ok", "t_c": 481, "t_fc": 741, "err_cross": 1, "err_lag": -4, "err_ref": -4, "secs": 0.19}
{"seed": 9310118, "family": "rate", "window_frac": 0.1, "f": 0.9, "status": "ok", "t_c": 574, "t_fc": 736, "err_cross": -4, "err_lag": -4, "err_ref": -4, "secs": 0.19}
{"seed": 9310118, "family": "rate", "window_frac": 0.1, "f": 0.95, "status": "ok", "t_c": 622, "t_fc": 736, "err_cross": -4, "err_lag": -4, "err_ref": -4, "secs": 0.22}
{"seed": 9310118, "family": "rate", "window_frac": 0.1, "f": 0.98, "status": "ok", "t_c": 652, "t_fc": 736, "err_cross": -4, "err_lag": -4, "err_ref": -4, "secs": 0.21}
{"seed": 9310118, "family": "rate", "window_frac": 0.25, "f": 0.8, "status": "ok", "t_c": 481, "t_fc": 746, "err_cross": 6, "err_lag": -5, "err_ref": -4, "secs": 0.2}
{"seed": 9310118, "family": "rate", "window_frac": 0.25, "f": 0.9, "status": "ok", "t_c": 574, "t_fc": 737, "err_cross": -3, "err_lag": -4, "err_ref": -4, "secs": 0.19}
{"seed": 9310118, "family": "rate", "window_frac": 0.25, "f": 0.95, "status": "ok", "t_c": 622, "t_fc": 736, "err_cross": -4, "err_lag": -4, "err_ref": -4, "secs": 0.19}
{"seed": 9310118, "family": "rate", "window_frac": 0.25, "f": 0.98, "status": "ok", "t_c": 652, "t_fc": 736, "err_cross": -4, "err_lag": -4, "err_ref": -4, "secs": 0.2}
{"seed": 9310118, "family": "lin", "window_frac": 0.05, "f": 0.8, "status": "ok", "t_c": 481, "t_fc": 705, "err_cross": -35, "err_lag": -1, "err_ref": -4, "secs": 0.23}
{"seed": 9310118, "family": "lin", "window_frac": 0.05, "f": 0.9, "status": "ok", "t_c": 574, "t_fc": 730, "err_cross": -10, "err_lag": -1, "err_ref": -4, "secs": 0.21}
{"seed": 9310118, "family": "lin", "window_frac": 0.05, "f": 0.95, "status": "ok", "t_c": 622, "t_fc": 736, "err_cross": -4, "err_lag": -1, "err_ref": -4, "secs": 0.21}
{"seed": 9310118, "family": "lin", "window_frac": 0.05, "f": 0.98, "status": "ok", "t_c": 652, "t_fc": 738, "err_cross": -2, "err_lag": -1, "err_ref": -4, "secs": 0.2}
{"seed": 9310118, "family": "lin", "window_frac": 0.1, "f": 0.8, "status": "ok", "t_c": 481, "t_fc": 705, "err_cross": -35, "err_lag": -1, "err_ref": -4, "secs": 0.2}
{"seed": 9310118, "family": "lin", "window_frac": 0.1, "f": 0.9, "status": "ok", "t_c": 574, "t_fc": 729, "err_cross": -11, "err_lag": -1, "err_ref": -4, "secs": 0.21}
{"seed": 9310118, "family": "lin", "window_frac": 0.1, "f": 0.95, "status": "ok", "t_c": 622, "t_fc": 736, "err_cross": -4, "err_lag": -1, "err_ref": -4, "secs": 0.2}
{"seed": 9310118, "family": "lin", "window_frac": 0.1, "f": 0.98, "status": "ok", "t_c": 652, "t_fc": 738, "err_cross": -2, "err_lag": -1, "err_ref": -4, "secs": 0.19}
{"seed": 9310118, "family": "lin", "window_frac": 0.25, "f": 0.8, "status": "ok", "t_c": 481, "t_fc": 694, "err_cross": -46, "err_lag": 0, "err_ref": -4, "secs": 0.19}
{"seed": 9310118, "family": "lin", "window_frac": 0.25, "f": 0.9, "status": "ok", "t_c": 574, "t_fc": 724, "err_cross": -16, "err_lag": 0, "err_ref": -4, "secs": 0.18}
{"seed": 9310118, "family": "lin", "window_frac": 0.25, "f": 0.95, "status": "ok", "t_c": 622, "t_fc": 733, "err_cross": -7, "err_lag": -2, "err_ref": -4, "secs": 0.18}
{"seed": 9310118, "family": "lin", "window_frac": 0.25, "f": 0.98, "status": "ok", "t_c": 652, "t_fc": 738, "err_cross": -2, "err_lag": -1, "err_ref": -4, "secs": 0.18}
{"seed": 9310119, "family": "quad", "window_frac": 0.05, "f": 0.8, "status": "ok", "t_c": 25811, "t_fc": 25964, "err_cross": -99, "err_lag": 26, "err_ref": -3, "secs": 0.19}
{"seed": 9310119, "family": "quad", "window_frac": 0.05, "f": 0.9, "status": "no forecast: no predicted crossing on the extrapolated path", "t_c": 25899, "t_fc": null, "err_cross": null, "err_lag": null, "err_ref": -3, "secs": 0.19}
{"seed": 9310119, "family": "quad", "window_frac": 0.05, "f": 0.95, "status": "no forecast: no predicted crossing on the extrapolated path", "t_c": 25945, "t_fc": null, "err_cross": null, "err_lag": null, "err_ref": -3, "secs": 0.19}
{"seed": 9310119, "family": "quad", "window_frac": 0.05, "f": 0.98, "status": "no forecast: no predicted crossing on the extrapolated path", "t_c": 25973, "t_fc": null, "err_cross": null, "err_lag": null, "err_ref": -3, "secs": 0.19}
{"seed": 9310119, "family": "quad", "window_frac": 0.1, "f": 0.8, "status": "ok", "t_c": 25811, "t_fc": 26112, "err_cross": 49, "err_lag": -1, "err_ref": -3, "secs": 0.19}
{"seed": 9310119, "family": "quad", "window_frac": 0.1, "f": 0.9, "status": "ok", "t_c": 25899, "t_fc": 26049, "err_cross": -14, "err_lag": -1, "err_ref": -3, "secs": 0.19}
{"seed": 9310119, "family": "quad", "window_frac": 0.1, "f": 0.95, "status": "ok", "t_c": 25945, "t_fc": 26049, "err_cross": -14, "err_lag": -1, "err_ref": -3, "secs": 0.3}
{"seed": 9310119, "family": "quad", "window_frac": 0.1, "f": 0.98, "status": "ok", "t_c": 25973, "t_fc": 26055, "err_cross": -8, "err_lag": -1, "err_ref": -3, "secs": 0.19}
{"seed": 9310119, "family": "quad", "window_frac": 0.25, "f": 0.8, "status": "no forecast: extrapolated path not growing at the cutoff", "t_c": 25811, "t_fc": null, "err_cross": null, "err_lag": null, "err_ref": -3, "secs": 0.2}
{"seed": 9310119, "family": "quad", "window_frac": 0.25, "f": 0.9, "status": "ok", "t_c": 25899, "t_fc": 27402, "err_cross": 1339, "err_lag": -2, "err_ref": -3, "secs": 0.2}
{"seed": 9310119, "family": "quad", "window_frac": 0.25, "f": 0.95, "status": "ok", "t_c": 25945, "t_fc": 26506, "err_cross": 443, "err_lag": -2, "err_ref": -3, "secs": 0.19}
{"seed": 9310119, "family": "quad", "window_frac": 0.25, "f": 0.98, "status": "ok", "t_c": 25973, "t_fc": 26206, "err_cross": 143, "err_lag": -1, "err_ref": -3, "secs": 0.19}
{"seed": 9310119, "family": "rate", "window_frac": 0.05, "f": 0.8, "status": "ok", "t_c": 25811, "t_fc": 25965, "err_cross": -98, "err_lag": 7, "err_ref": -3, "secs": 0.19}
{"seed": 9310119, "family": "rate", "window_frac": 0.05, "f": 0.9, "status": "ok", "t_c": 25899, "t_fc": 26010, "err_cross": -53, "err_lag": -1, "err_ref": -3, "secs": 0.22}
{"seed": 9310119, "family": "rate", "window_frac": 0.05, "f": 0.95, "status": "ok", "t_c": 25945, "t_fc": 26036, "err_cross": -27, "err_lag": -1, "err_ref": -3, "secs": 0.19}
{"seed": 9310119, "family": "rate", "window_frac": 0.05, "f": 0.98, "status": "ok", "t_c": 25973, "t_fc": 26051, "err_cross": -12, "err_lag": -1, "err_ref": -3, "secs": 0.2}
{"seed": 9310119, "family": "rate", "window_frac": 0.1, "f": 0.8, "status": "ok", "t_c": 25811, "t_fc": 25986, "err_cross": -77, "err_lag": 0, "err_ref": -3, "secs": 0.19}
{"seed": 9310119, "family": "rate", "window_frac": 0.1, "f": 0.9, "status": "ok", "t_c": 25899, "t_fc": 26021, "err_cross": -42, "err_lag": 0, "err_ref": -3, "secs": 0.19}
{"seed": 9310119, "family": "rate", "window_frac": 0.1, "f": 0.95, "status": "ok", "t_c": 25945, "t_fc": 26041, "err_cross": -22, "err_lag": 0, "err_ref": -3, "secs": 0.2}
{"seed": 9310119, "family": "rate", "window_frac": 0.1, "f": 0.98, "status": "ok", "t_c": 25973, "t_fc": 26053, "err_cross": -10, "err_lag": -1, "err_ref": -3, "secs": 0.19}
{"seed": 9310119, "family": "rate", "window_frac": 0.25, "f": 0.8, "status": "ok", "t_c": 25811, "t_fc": 26106, "err_cross": 43, "err_lag": -1, "err_ref": -3, "secs": 0.19}
{"seed": 9310119, "family": "rate", "window_frac": 0.25, "f": 0.9, "status": "ok", "t_c": 25899, "t_fc": 26061, "err_cross": -2, "err_lag": -1, "err_ref": -3, "secs": 0.19}
{"seed": 9310119, "family": "rate", "window_frac": 0.25, "f": 0.95, "status": "ok", "t_c": 25945, "t_fc": 26058, "err_cross": -5, "err_lag": -1, "err_ref": -3, "secs": 0.19}
{"seed": 9310119, "family": "rate", "window_frac": 0.25, "f": 0.98, "status": "ok", "t_c": 25973, "t_fc": 26060, "err_cross": -3, "err_lag": 0, "err_ref": -3, "secs": 0.19}
{"seed": 9310119, "family": "lin", "window_frac": 0.05, "f": 0.8, "status": "ok", "t_c": 25811, "t_fc": 26255, "err_cross": 192, "err_lag": -1, "err_ref": -3, "secs": 0.2}
{"seed": 9310119, "family": "lin", "window_frac": 0.05, "f": 0.9, "status": "ok", "t_c": 25899, "t_fc": 26086, "err_cross": 23, "err_lag": -2, "err_ref": -3, "secs": 0.19}
{"seed": 9310119, "family": "lin", "window_frac": 0.05, "f": 0.95, "status": "ok", "t_c": 25945, "t_fc": 26063, "err_cross": 0, "err_lag": -2, "err_ref": -3, "secs": 0.2}
{"seed": 9310119, "family": "lin", "window_frac": 0.05, "f": 0.98, "status": "ok", "t_c": 25973, "t_fc": 26060, "err_cross": -3, "err_lag": -2, "err_ref": -3, "secs": 0.19}
{"seed": 9310119, "family": "lin", "window_frac": 0.1, "f": 0.8, "status": "no forecast: no predicted crossing on the extrapolated path", "t_c": 25811, "t_fc": null, "err_cross": null, "err_lag": null, "err_ref": -3, "secs": 0.32}
{"seed": 9310119, "family": "lin", "window_frac": 0.1, "f": 0.9, "status": "ok", "t_c": 25899, "t_fc": 27069, "err_cross": 1006, "err_lag": -2, "err_ref": -3, "secs": 0.3}
{"seed": 9310119, "family": "lin", "window_frac": 0.1, "f": 0.95, "status": "ok", "t_c": 25945, "t_fc": 26377, "err_cross": 314, "err_lag": -2, "err_ref": -3, "secs": 0.22}
{"seed": 9310119, "family": "lin", "window_frac": 0.1, "f": 0.98, "status": "ok", "t_c": 25973, "t_fc": 26162, "err_cross": 99, "err_lag": -2, "err_ref": -3, "secs": 0.26}
{"seed": 9310119, "family": "lin", "window_frac": 0.25, "f": 0.8, "status": "no forecast: extrapolated path not growing at the cutoff", "t_c": 25811, "t_fc": null, "err_cross": null, "err_lag": null, "err_ref": -3, "secs": 0.2}
{"seed": 9310119, "family": "lin", "window_frac": 0.25, "f": 0.9, "status": "no forecast: extrapolated path not growing at the cutoff", "t_c": 25899, "t_fc": null, "err_cross": null, "err_lag": null, "err_ref": -3, "secs": 0.19}
{"seed": 9310119, "family": "lin", "window_frac": 0.25, "f": 0.95, "status": "no forecast: extrapolated path not growing at the cutoff", "t_c": 25945, "t_fc": null, "err_cross": null, "err_lag": null, "err_ref": -3, "secs": 0.19}
{"seed": 9310119, "family": "lin", "window_frac": 0.25, "f": 0.98, "status": "no forecast: extrapolated path not growing at the cutoff", "t_c": 25973, "t_fc": null, "err_cross": null, "err_lag": null, "err_ref": -3, "secs": 0.18}
gate (33, 1168.06)
{"seed": 9320100, "family": "quad", "window_frac": 0.05, "f": 0.8, "status": "ok", "t_c": 1733, "t_fc": 3658, "err_cross": 73, "err_lag": 2, "err_ref": 3, "secs": 8.58}
{"seed": 9320100, "family": "quad", "window_frac": 0.05, "f": 0.9, "status": "ok", "t_c": 2641, "t_fc": 3595, "err_cross": 10, "err_lag": 2, "err_ref": 3, "secs": 4.8}
{"seed": 9320100, "family": "quad", "window_frac": 0.05, "f": 0.95, "status": "ok", "t_c": 3106, "t_fc": 3589, "err_cross": 4, "err_lag": 3, "err_ref": 3, "secs": 4.63}
{"seed": 9320100, "family": "quad", "window_frac": 0.05, "f": 0.98, "status": "ok", "t_c": 3389, "t_fc": 3588, "err_cross": 3, "err_lag": 3, "err_ref": 3, "secs": 4.15}
{"seed": 9320101, "family": "quad", "window_frac": 0.05, "f": 0.8, "status": "ok", "t_c": 2331, "t_fc": 4436, "err_cross": 56, "err_lag": 3, "err_ref": 4, "secs": 11.13}
{"seed": 9320101, "family": "quad", "window_frac": 0.05, "f": 0.9, "status": "ok", "t_c": 3339, "t_fc": 4391, "err_cross": 11, "err_lag": 3, "err_ref": 4, "secs": 5.26}
{"seed": 9320101, "family": "quad", "window_frac": 0.05, "f": 0.95, "status": "ok", "t_c": 3854, "t_fc": 4385, "err_cross": 5, "err_lag": 4, "err_ref": 4, "secs": 5.37}
{"seed": 9320101, "family": "quad", "window_frac": 0.05, "f": 0.98, "status": "ok", "t_c": 4168, "t_fc": 4384, "err_cross": 4, "err_lag": 4, "err_ref": 4, "secs": 5.09}
{"seed": 9320102, "family": "quad", "window_frac": 0.05, "f": 0.8, "status": "ok", "t_c": 2769, "t_fc": 5113, "err_cross": 80, "err_lag": 1, "err_ref": 2, "secs": 11.74}
{"seed": 9320102, "family": "quad", "window_frac": 0.05, "f": 0.9, "status": "ok", "t_c": 3873, "t_fc": 5045, "err_cross": 12, "err_lag": 1, "err_ref": 2, "secs": 7.03}
{"seed": 9320102, "family": "quad", "window_frac": 0.05, "f": 0.95, "status": "ok", "t_c": 4439, "t_fc": 5037, "err_cross": 4, "err_lag": 2, "err_ref": 2, "secs": 6.35}
{"seed": 9320102, "family": "quad", "window_frac": 0.05, "f": 0.98, "status": "ok", "t_c": 4784, "t_fc": 5035, "err_cross": 2, "err_lag": 1, "err_ref": 2, "secs": 6.0}
{"seed": 9320103, "family": "quad", "window_frac": 0.05, "f": 0.8, "status": "ok", "t_c": 5810, "t_fc": 9516, "err_cross": 225, "err_lag": 1, "err_ref": 0, "secs": 22.8}
{"seed": 9320103, "family": "quad", "window_frac": 0.05, "f": 0.9, "status": "ok", "t_c": 7481, "t_fc": 9313, "err_cross": 22, "err_lag": 0, "err_ref": 0, "secs": 10.99}
{"seed": 9320103, "family": "quad", "window_frac": 0.05, "f": 0.95, "status": "ok", "t_c": 8348, "t_fc": 9294, "err_cross": 3, "err_lag": 0, "err_ref": 0, "secs": 11.0}
{"seed": 9320103, "family": "quad", "window_frac": 0.05, "f": 0.98, "status": "ok", "t_c": 8877, "t_fc": 9291, "err_cross": 0, "err_lag": 0, "err_ref": 0, "secs": 11.12}
{"seed": 9320104, "family": "quad", "window_frac": 0.05, "f": 0.8, "status": "ok", "t_c": 1703, "t_fc": 3554, "err_cross": 62, "err_lag": 4, "err_ref": 5, "secs": 8.38}
{"seed": 9320104, "family": "quad", "window_frac": 0.05, "f": 0.9, "status": "ok", "t_c": 2589, "t_fc": 3503, "err_cross": 11, "err_lag": 5, "err_ref": 5, "secs": 4.16}
{"seed": 9320104, "family": "quad", "window_frac": 0.05, "f": 0.95, "status": "ok", "t_c": 3041, "t_fc": 3498, "err_cross": 6, "err_lag": 5, "err_ref": 5, "secs": 4.04}
{"seed": 9320104, "family": "quad", "window_frac": 0.05, "f": 0.98, "status": "ok", "t_c": 3315, "t_fc": 3497, "err_cross": 5, "err_lag": 5, "err_ref": 5, "secs": 3.97}
{"seed": 9320105, "family": "quad", "window_frac": 0.05, "f": 0.8, "status": "ok", "t_c": 2399, "t_fc": 4568, "err_cross": 103, "err_lag": 1, "err_ref": 1, "secs": 12.09}
{"seed": 9320105, "family": "quad", "window_frac": 0.05, "f": 0.9, "status": "ok", "t_c": 3394, "t_fc": 4476, "err_cross": 11, "err_lag": 1, "err_ref": 1, "secs": 5.8}
{"seed": 9320105, "family": "quad", "window_frac": 0.05, "f": 0.95, "status": "ok", "t_c": 3906, "t_fc": 4467, "err_cross": 2, "err_lag": 1, "err_ref": 1, "secs": 5.53}
{"seed": 9320105, "family": "quad", "window_frac": 0.05, "f": 0.98, "status": "ok", "t_c": 4219, "t_fc": 4466, "err_cross": 1, "err_lag": 1, "err_ref": 1, "secs": 5.35}
{"seed": 9320106, "family": "quad", "window_frac": 0.05, "f": 0.8, "status": "ok", "t_c": 2264, "t_fc": 4387, "err_cross": 66, "err_lag": 1, "err_ref": 2, "secs": 11.03}
{"seed": 9320106, "family": "quad", "window_frac": 0.05, "f": 0.9, "status": "ok", "t_c": 3267, "t_fc": 4331, "err_cross": 10, "err_lag": 2, "err_ref": 2, "secs": 5.75}
{"seed": 9320106, "family": "quad", "window_frac": 0.05, "f": 0.95, "status": "ok", "t_c": 3780, "t_fc": 4324, "err_cross": 3, "err_lag": 2, "err_ref": 2, "secs": 5.19}
{"seed": 9320106, "family": "quad", "window_frac": 0.05, "f": 0.98, "status": "ok", "t_c": 4092, "t_fc": 4323, "err_cross": 2, "err_lag": 2, "err_ref": 2, "secs": 5.09}
{"seed": 9320107, "family": "quad", "window_frac": 0.05, "f": 0.8, "status": "ok", "t_c": 2774, "t_fc": 5140, "err_cross": 93, "err_lag": 1, "err_ref": 1, "secs": 11.97}
{"seed": 9320107, "family": "quad", "window_frac": 0.05, "f": 0.9, "status": "ok", "t_c": 3880, "t_fc": 5059, "err_cross": 12, "err_lag": 1, "err_ref": 1, "secs": 5.82}
{"seed": 9320107, "family": "quad", "window_frac": 0.05, "f": 0.95, "status": "ok", "t_c": 4448, "t_fc": 5050, "err_cross": 3, "err_lag": 2, "err_ref": 1, "secs": 5.79}
{"seed": 9320107, "family": "quad", "window_frac": 0.05, "f": 0.98, "status": "ok", "t_c": 4795, "t_fc": 5049, "err_cross": 2, "err_lag": 2, "err_ref": 1, "secs": 6.03}
{"seed": 9320108, "family": "quad", "window_frac": 0.05, "f": 0.8, "status": "ok", "t_c": 3198, "t_fc": 5734, "err_cross": 136, "err_lag": 0, "err_ref": 0, "secs": 13.52}
{"seed": 9320108, "family": "quad", "window_frac": 0.05, "f": 0.9, "status": "ok", "t_c": 4346, "t_fc": 5612, "err_cross": 14, "err_lag": 1, "err_ref": 0, "secs": 6.92}
{"seed": 9320108, "family": "quad", "window_frac": 0.05, "f": 0.95, "status": "ok", "t_c": 4939, "t_fc": 5600, "err_cross": 2, "err_lag": 0, "err_ref": 0, "secs": 6.48}
{"seed": 9320108, "family": "quad", "window_frac": 0.05, "f": 0.98, "status": "ok", "t_c": 5300, "t_fc": 5598, "err_cross": 0, "err_lag": 0, "err_ref": 0, "secs": 6.7}
{"seed": 9320109, "family": "quad", "window_frac": 0.05, "f": 0.8, "status": "ok", "t_c": 2603, "t_fc": 4931, "err_cross": 106, "err_lag": 1, "err_ref": 1, "secs": 11.91}
{"seed": 9320109, "family": "quad", "window_frac": 0.05, "f": 0.9, "status": "ok", "t_c": 3674, "t_fc": 4837, "err_cross": 12, "err_lag": 0, "err_ref": 1, "secs": 5.63}
{"seed": 9320109, "family": "quad", "window_frac": 0.05, "f": 0.95, "status": "ok", "t_c": 4226, "t_fc": 4827, "err_cross": 2, "err_lag": 0, "err_ref": 1, "secs": 5.49}
{"seed": 9320109, "family": "quad", "window_frac": 0.05, "f": 0.98, "status": "ok", "t_c": 4562, "t_fc": 4826, "err_cross": 1, "err_lag": 0, "err_ref": 1, "secs": 5.49}
{"seed": 9320110, "family": "quad", "window_frac": 0.05, "f": 0.8, "status": "ok", "t_c": 1949, "t_fc": 3934, "err_cross": 57, "err_lag": 6, "err_ref": 6, "secs": 9.0}
{"seed": 9320110, "family": "quad", "window_frac": 0.05, "f": 0.9, "status": "ok", "t_c": 2909, "t_fc": 3889, "err_cross": 12, "err_lag": 6, "err_ref": 6, "secs": 4.5}
{"seed": 9320110, "family": "quad", "window_frac": 0.05, "f": 0.95, "status": "ok", "t_c": 3397, "t_fc": 3884, "err_cross": 7, "err_lag": 6, "err_ref": 6, "secs": 4.55}
{"seed": 9320110, "family": "quad", "window_frac": 0.05, "f": 0.98, "status": "ok", "t_c": 3694, "t_fc": 3884, "err_cross": 7, "err_lag": 7, "err_ref": 6, "secs": 4.57}
{"seed": 9320111, "family": "quad", "window_frac": 0.05, "f": 0.8, "status": "ok", "t_c": 2065, "t_fc": 4127, "err_cross": 80, "err_lag": 2, "err_ref": 2, "secs": 9.65}
{"seed": 9320111, "family": "quad", "window_frac": 0.05, "f": 0.9, "status": "ok", "t_c": 3029, "t_fc": 4057, "err_cross": 10, "err_lag": 1, "err_ref": 2, "secs": 4.89}
{"seed": 9320111, "family": "quad", "window_frac": 0.05, "f": 0.95, "status": "ok", "t_c": 3524, "t_fc": 4050, "err_cross": 3, "err_lag": 2, "err_ref": 2, "secs": 4.85}
{"seed": 9320111, "family": "quad", "window_frac": 0.05, "f": 0.98, "status": "ok", "t_c": 3826, "t_fc": 4049, "err_cross": 2, "err_lag": 2, "err_ref": 2, "secs": 4.73}
{"seed": 9320112, "family": "quad", "window_frac": 0.05, "f": 0.8, "status": "ok", "t_c": 2957, "t_fc": 5360, "err_cross": 57, "err_lag": 2, "err_ref": 3, "secs": 12.86}
{"seed": 9320112, "family": "quad", "window_frac": 0.05, "f": 0.9, "status": "ok", "t_c": 4104, "t_fc": 5315, "err_cross": 12, "err_lag": 3, "err_ref": 3, "secs": 6.52}
{"seed": 9320112, "family": "quad", "window_frac": 0.05, "f": 0.95, "status": "ok", "t_c": 4692, "t_fc": 5307, "err_cross": 4, "err_lag": 3, "err_ref": 3, "secs": 6.48}
{"seed": 9320112, "family": "quad", "window_frac": 0.05, "f": 0.98, "status": "ok", "t_c": 5049, "t_fc": 5306, "err_cross": 3, "err_lag": 3, "err_ref": 3, "secs": 6.03}
{"seed": 9320113, "family": "quad", "window_frac": 0.05, "f": 0.8, "status": "ok", "t_c": 3503, "t_fc": 6190, "err_cross": 138, "err_lag": 1, "err_ref": 0, "secs": 14.0}
{"seed": 9320113, "family": "quad", "window_frac": 0.05, "f": 0.9, "status": "ok", "t_c": 4730, "t_fc": 6066, "err_cross": 14, "err_lag": 0, "err_ref": 0, "secs": 7.15}
{"seed": 9320113, "family": "quad", "window_frac": 0.05, "f": 0.95, "status": "ok", "t_c": 5364, "t_fc": 6054, "err_cross": 2, "err_lag": 0, "err_ref": 0, "secs": 7.31}
{"seed": 9320113, "family": "quad", "window_frac": 0.05, "f": 0.98, "status": "ok", "t_c": 5750, "t_fc": 6052, "err_cross": 0, "err_lag": 0, "err_ref": 0, "secs": 7.24}
{"seed": 9320114, "family": "quad", "window_frac": 0.05, "f": 0.8, "status": "ok", "t_c": 3692, "t_fc": 6475, "err_cross": 156, "err_lag": 1, "err_ref": 0, "secs": 15.2}
{"seed": 9320114, "family": "quad", "window_frac": 0.05, "f": 0.9, "status": "ok", "t_c": 4954, "t_fc": 6335, "err_cross": 16, "err_lag": 1, "err_ref": 0, "secs": 7.43}
{"seed": 9320114, "family": "quad", "window_frac": 0.05, "f": 0.95, "status": "ok", "t_c": 5606, "t_fc": 6322, "err_cross": 3, "err_lag": 1, "err_ref": 0, "secs": 7.49}
{"seed": 9320114, "family": "quad", "window_frac": 0.05, "f": 0.98, "status": "ok", "t_c": 6004, "t_fc": 6320, "err_cross": 1, "err_lag": 1, "err_ref": 0, "secs": 7.91}
{"seed": 9320115, "family": "quad", "window_frac": 0.05, "f": 0.8, "status": "ok", "t_c": 3009, "t_fc": 5351, "err_cross": 70, "err_lag": 1, "err_ref": 2, "secs": 12.76}
{"seed": 9320115, "family": "quad", "window_frac": 0.05, "f": 0.9, "status": "ok", "t_c": 4117, "t_fc": 5293, "err_cross": 12, "err_lag": 1, "err_ref": 2, "secs": 6.19}
{"seed": 9320115, "family": "quad", "window_frac": 0.05, "f": 0.95, "status": "ok", "t_c": 4686, "t_fc": 5284, "err_cross": 3, "err_lag": 1, "err_ref": 2, "secs": 6.19}
{"seed": 9320115, "family": "quad", "window_frac": 0.05, "f": 0.98, "status": "ok", "t_c": 5032, "t_fc": 5283, "err_cross": 2, "err_lag": 1, "err_ref": 2, "secs": 6.34}
{"seed": 9320117, "family": "quad", "window_frac": 0.05, "f": 0.8, "status": "ok", "t_c": 1926, "t_fc": 3914, "err_cross": 65, "err_lag": 2, "err_ref": 3, "secs": 9.64}
{"seed": 9320117, "family": "quad", "window_frac": 0.05, "f": 0.9, "status": "ok", "t_c": 2870, "t_fc": 3859, "err_cross": 10, "err_lag": 2, "err_ref": 3, "secs": 4.54}
{"seed": 9320117, "family": "quad", "window_frac": 0.05, "f": 0.95, "status": "ok", "t_c": 3353, "t_fc": 3853, "err_cross": 4, "err_lag": 3, "err_ref": 3, "secs": 4.54}
{"seed": 9320117, "family": "quad", "window_frac": 0.05, "f": 0.98, "status": "ok", "t_c": 3647, "t_fc": 3852, "err_cross": 3, "err_lag": 3, "err_ref": 3, "secs": 4.58}
{"seed": 9320118, "family": "quad", "window_frac": 0.05, "f": 0.8, "status": "ok", "t_c": 2683, "t_fc": 4976, "err_cross": 65, "err_lag": 2, "err_ref": 2, "secs": 11.65}
{"seed": 9320118, "family": "quad", "window_frac": 0.05, "f": 0.9, "status": "ok", "t_c": 3772, "t_fc": 4922, "err_cross": 11, "err_lag": 2, "err_ref": 2, "secs": 5.86}
{"seed": 9320118, "family": "quad", "window_frac": 0.05, "f": 0.95, "status": "ok", "t_c": 4330, "t_fc": 4914, "err_cross": 3, "err_lag": 2, "err_ref": 2, "secs": 5.8}
{"seed": 9320118, "family": "quad", "window_frac": 0.05, "f": 0.98, "status": "ok", "t_c": 4669, "t_fc": 4913, "err_cross": 2, "err_lag": 2, "err_ref": 2, "secs": 5.66}
{"seed": 9320119, "family": "quad", "window_frac": 0.05, "f": 0.8, "status": "ok", "t_c": 5190, "t_fc": 8646, "err_cross": 203, "err_lag": 1, "err_ref": 0, "secs": 20.56}
{"seed": 9320119, "family": "quad", "window_frac": 0.05, "f": 0.9, "status": "ok", "t_c": 6753, "t_fc": 8463, "err_cross": 20, "err_lag": 0, "err_ref": 0, "secs": 9.81}
{"seed": 9320119, "family": "quad", "window_frac": 0.05, "f": 0.95, "status": "ok", "t_c": 7562, "t_fc": 8446, "err_cross": 3, "err_lag": 0, "err_ref": 0, "secs": 10.07}
{"seed": 9320119, "family": "quad", "window_frac": 0.05, "f": 0.98, "status": "ok", "t_c": 8057, "t_fc": 8444, "err_cross": 1, "err_lag": 1, "err_ref": 0, "secs": 10.18}
gate (38, 1180.88)
{"seed": 9330102, "family": "quad", "window_frac": 0.05, "f": 0.8, "status": "ok", "t_c": 5437, "t_fc": 10057, "err_cross": 736, "err_lag": 51, "err_ref": 0, "secs": 5.56}
{"seed": 9330102, "family": "quad", "window_frac": 0.05, "f": 0.9, "status": "ok", "t_c": 7348, "t_fc": 9372, "err_cross": 51, "err_lag": 4, "err_ref": 0, "secs": 2.64}
{"seed": 9330102, "family": "quad", "window_frac": 0.05, "f": 0.95, "status": "ok", "t_c": 8324, "t_fc": 9328, "err_cross": 7, "err_lag": 1, "err_ref": 0, "secs": 2.64}
{"seed": 9330102, "family": "quad", "window_frac": 0.05, "f": 0.98, "status": "ok", "t_c": 8916, "t_fc": 9322, "err_cross": 1, "err_lag": 1, "err_ref": 0, "secs": 2.71}
{"seed": 9330103, "family": "quad", "window_frac": 0.05, "f": 0.8, "status": "ok", "t_c": 5365, "t_fc": 9948, "err_cross": 678, "err_lag": 46, "err_ref": 0, "secs": 5.5}
{"seed": 9330103, "family": "quad", "window_frac": 0.05, "f": 0.9, "status": "ok", "t_c": 7284, "t_fc": 9319, "err_cross": 49, "err_lag": 3, "err_ref": 0, "secs": 2.63}
{"seed": 9330103, "family": "quad", "window_frac": 0.05, "f": 0.95, "status": "ok", "t_c": 8263, "t_fc": 9277, "err_cross": 7, "err_lag": 0, "err_ref": 0, "secs": 2.62}
{"seed": 9330103, "family": "quad", "window_frac": 0.05, "f": 0.98, "status": "ok", "t_c": 8857, "t_fc": 9271, "err_cross": 1, "err_lag": 0, "err_ref": 0, "secs": 2.66}
{"seed": 9330107, "family": "quad", "window_frac": 0.05, "f": 0.8, "status": "ok", "t_c": 6274, "t_fc": 11173, "err_cross": 702, "err_lag": 47, "err_ref": 0, "secs": 6.1}
{"seed": 9330107, "family": "quad", "window_frac": 0.05, "f": 0.9, "status": "ok", "t_c": 8328, "t_fc": 10524, "err_cross": 53, "err_lag": 5, "err_ref": 0, "secs": 2.97}
{"seed": 9330107, "family": "quad", "window_frac": 0.05, "f": 0.95, "status": "ok", "t_c": 9378, "t_fc": 10479, "err_cross": 8, "err_lag": 1, "err_ref": 0, "secs": 2.92}
{"seed": 9330107, "family": "quad", "window_frac": 0.05, "f": 0.98, "status": "ok", "t_c": 10016, "t_fc": 10472, "err_cross": 1, "err_lag": 0, "err_ref": 0, "secs": 2.94}
{"seed": 9330110, "family": "quad", "window_frac": 0.05, "f": 0.8, "status": "ok", "t_c": 7239, "t_fc": 12559, "err_cross": 785, "err_lag": 49, "err_ref": 0, "secs": 6.75}
{"seed": 9330110, "family": "quad", "window_frac": 0.05, "f": 0.9, "status": "ok", "t_c": 9460, "t_fc": 11832, "err_cross": 58, "err_lag": 4, "err_ref": 0, "secs": 3.36}
{"seed": 9330110, "family": "quad", "window_frac": 0.05, "f": 0.95, "status": "ok", "t_c": 10597, "t_fc": 11782, "err_cross": 8, "err_lag": 0, "err_ref": 0, "secs": 3.25}
{"seed": 9330110, "family": "quad", "window_frac": 0.05, "f": 0.98, "status": "ok", "t_c": 11289, "t_fc": 11775, "err_cross": 1, "err_lag": 0, "err_ref": 0, "secs": 3.29}
{"seed": 9330115, "family": "quad", "window_frac": 0.05, "f": 0.8, "status": "ok", "t_c": 4827, "t_fc": 9320, "err_cross": 773, "err_lag": 58, "err_ref": 0, "secs": 5.09}
{"seed": 9330115, "family": "quad", "window_frac": 0.05, "f": 0.9, "status": "ok", "t_c": 6665, "t_fc": 8598, "err_cross": 51, "err_lag": 4, "err_ref": 0, "secs": 2.44}
{"seed": 9330115, "family": "quad", "window_frac": 0.05, "f": 0.95, "status": "ok", "t_c": 7602, "t_fc": 8554, "err_cross": 7, "err_lag": 1, "err_ref": 0, "secs": 2.42}
{"seed": 9330115, "family": "quad", "window_frac": 0.05, "f": 0.98, "status": "ok", "t_c": 8171, "t_fc": 8548, "err_cross": 1, "err_lag": 1, "err_ref": 0, "secs": 2.51}
{"seed": 9330116, "family": "quad", "window_frac": 0.05, "f": 0.8, "status": "ok", "t_c": 5106, "t_fc": 9582, "err_cross": 716, "err_lag": 50, "err_ref": 0, "secs": 5.31}
{"seed": 9330116, "family": "quad", "window_frac": 0.05, "f": 0.9, "status": "ok", "t_c": 6957, "t_fc": 8916, "err_cross": 50, "err_lag": 4, "err_ref": 0, "secs": 2.54}
{"seed": 9330116, "family": "quad", "window_frac": 0.05, "f": 0.95, "status": "ok", "t_c": 7902, "t_fc": 8873, "err_cross": 7, "err_lag": 1, "err_ref": 0, "secs": 3.14}
{"seed": 9330116, "family": "quad", "window_frac": 0.05, "f": 0.98, "status": "ok", "t_c": 8475, "t_fc": 8867, "err_cross": 1, "err_lag": 0, "err_ref": 0, "secs": 2.81}
{"seed": 9330118, "family": "quad", "window_frac": 0.05, "f": 0.8, "status": "ok", "t_c": 4757, "t_fc": 9071, "err_cross": 693, "err_lag": 45, "err_ref": 0, "secs": 5.52}
{"seed": 9330118, "family": "quad", "window_frac": 0.05, "f": 0.9, "status": "ok", "t_c": 6542, "t_fc": 8426, "err_cross": 48, "err_lag": 3, "err_ref": 0, "secs": 2.45}
{"seed": 9330118, "family": "quad", "window_frac": 0.05, "f": 0.95, "status": "ok", "t_c": 7453, "t_fc": 8385, "err_cross": 7, "err_lag": 1, "err_ref": 0, "secs": 2.56}
{"seed": 9330118, "family": "quad", "window_frac": 0.05, "f": 0.98, "status": "ok", "t_c": 8007, "t_fc": 8379, "err_cross": 1, "err_lag": 0, "err_ref": 0, "secs": 2.36}
{"seed": 9330121, "family": "quad", "window_frac": 0.05, "f": 0.8, "status": "ok", "t_c": 12217, "t_fc": 19451, "err_cross": 923, "err_lag": 40, "err_ref": 0, "secs": 11.29}
{"seed": 9330121, "family": "quad", "window_frac": 0.05, "f": 0.9, "status": "ok", "t_c": 15284, "t_fc": 18603, "err_cross": 75, "err_lag": 4, "err_ref": 0, "secs": 5.13}
{"seed": 9330121, "family": "quad", "window_frac": 0.05, "f": 0.95, "status": "ok", "t_c": 16867, "t_fc": 18539, "err_cross": 11, "err_lag": 0, "err_ref": 0, "secs": 5.09}
{"seed": 9330121, "family": "quad", "window_frac": 0.05, "f": 0.98, "status": "ok", "t_c": 17832, "t_fc": 18529, "err_cross": 1, "err_lag": -1, "err_ref": 0, "secs": 5.02}
{"seed": 9330123, "family": "quad", "window_frac": 0.05, "f": 0.8, "status": "ok", "t_c": 5355, "t_fc": 9947, "err_cross": 700, "err_lag": 49, "err_ref": 0, "secs": 5.31}
{"seed": 9330123, "family": "quad", "window_frac": 0.05, "f": 0.9, "status": "ok", "t_c": 7265, "t_fc": 9297, "err_cross": 50, "err_lag": 4, "err_ref": 0, "secs": 2.6}
{"seed": 9330123, "family": "quad", "window_frac": 0.05, "f": 0.95, "status": "ok", "t_c": 8241, "t_fc": 9254, "err_cross": 7, "err_lag": 1, "err_ref": 0, "secs": 2.57}
{"seed": 9330123, "family": "quad", "window_frac": 0.05, "f": 0.98, "status": "ok", "t_c": 8833, "t_fc": 9248, "err_cross": 1, "err_lag": 0, "err_ref": 0, "secs": 2.53}
{"seed": 9330125, "family": "quad", "window_frac": 0.05, "f": 0.8, "status": "ok", "t_c": 2576, "t_fc": 6088, "err_cross": 565, "err_lag": 33, "err_ref": 0, "secs": 3.29}
{"seed": 9330125, "family": "quad", "window_frac": 0.05, "f": 0.9, "status": "ok", "t_c": 4031, "t_fc": 5560, "err_cross": 37, "err_lag": 2, "err_ref": 0, "secs": 1.58}
{"seed": 9330125, "family": "quad", "window_frac": 0.05, "f": 0.95, "status": "ok", "t_c": 4771, "t_fc": 5528, "err_cross": 5, "err_lag": 1, "err_ref": 0, "secs": 1.56}
{"seed": 9330125, "family": "quad", "window_frac": 0.05, "f": 0.98, "status": "ok", "t_c": 5220, "t_fc": 5524, "err_cross": 1, "err_lag": 1, "err_ref": 0, "secs": 1.55}
{"seed": 9330131, "family": "quad", "window_frac": 0.05, "f": 0.8, "status": "ok", "t_c": 7743, "t_fc": 13195, "err_cross": 733, "err_lag": 43, "err_ref": 0, "secs": 7.28}
{"seed": 9330131, "family": "quad", "window_frac": 0.05, "f": 0.9, "status": "ok", "t_c": 10044, "t_fc": 12519, "err_cross": 57, "err_lag": 4, "err_ref": 0, "secs": 3.53}
{"seed": 9330131, "family": "quad", "window_frac": 0.05, "f": 0.95, "status": "ok", "t_c": 11224, "t_fc": 12470, "err_cross": 8, "err_lag": 0, "err_ref": 0, "secs": 3.53}
{"seed": 9330131, "family": "quad", "window_frac": 0.05, "f": 0.98, "status": "ok", "t_c": 11942, "t_fc": 12463, "err_cross": 1, "err_lag": 0, "err_ref": 0, "secs": 3.49}
{"seed": 9330132, "family": "quad", "window_frac": 0.05, "f": 0.8, "status": "ok", "t_c": 4974, "t_fc": 9407, "err_cross": 715, "err_lag": 51, "err_ref": 0, "secs": 5.12}
{"seed": 9330132, "family": "quad", "window_frac": 0.05, "f": 0.9, "status": "ok", "t_c": 6802, "t_fc": 8741, "err_cross": 49, "err_lag": 3, "err_ref": 0, "secs": 2.49}
{"seed": 9330132, "family": "quad", "window_frac": 0.05, "f": 0.95, "status": "ok", "t_c": 7736, "t_fc": 8698, "err_cross": 6, "err_lag": 0, "err_ref": 0, "secs": 2.45}
{"seed": 9330132, "family": "quad", "window_frac": 0.05, "f": 0.98, "status": "ok", "t_c": 8302, "t_fc": 8692, "err_cross": 0, "err_lag": -1, "err_ref": 0, "secs": 2.43}
{"seed": 9330134, "family": "quad", "window_frac": 0.05, "f": 0.8, "status": "ok", "t_c": 5277, "t_fc": 9846, "err_cross": 721, "err_lag": 48, "err_ref": 0, "secs": 5.31}
{"seed": 9330134, "family": "quad", "window_frac": 0.05, "f": 0.9, "status": "ok", "t_c": 7172, "t_fc": 9175, "err_cross": 50, "err_lag": 3, "err_ref": 0, "secs": 2.56}
{"seed": 9330134, "family": "quad", "window_frac": 0.05, "f": 0.95, "status": "ok", "t_c": 8140, "t_fc": 9132, "err_cross": 7, "err_lag": 0, "err_ref": 0, "secs": 2.55}
{"seed": 9330134, "family": "quad", "window_frac": 0.05, "f": 0.98, "status": "ok", "t_c": 8727, "t_fc": 9126, "err_cross": 1, "err_lag": 0, "err_ref": 0, "secs": 2.55}
{"seed": 9330135, "family": "quad", "window_frac": 0.05, "f": 0.8, "status": "ok", "t_c": 5513, "t_fc": 10117, "err_cross": 676, "err_lag": 34, "err_ref": 0, "secs": 5.44}
{"seed": 9330135, "family": "quad", "window_frac": 0.05, "f": 0.9, "status": "ok", "t_c": 7436, "t_fc": 9490, "err_cross": 49, "err_lag": 3, "err_ref": 0, "secs": 2.64}
{"seed": 9330135, "family": "quad", "window_frac": 0.05, "f": 0.95, "status": "ok", "t_c": 8419, "t_fc": 9448, "err_cross": 7, "err_lag": 1, "err_ref": 0, "secs": 2.64}
{"seed": 9330135, "family": "quad", "window_frac": 0.05, "f": 0.98, "status": "ok", "t_c": 9015, "t_fc": 9442, "err_cross": 1, "err_lag": 0, "err_ref": 0, "secs": 2.63}
{"seed": 9330139, "family": "quad", "window_frac": 0.05, "f": 0.8, "status": "ok", "t_c": 8464, "t_fc": 14185, "err_cross": 758, "err_lag": 42, "err_ref": 0, "secs": 7.51}
{"seed": 9330139, "family": "quad", "window_frac": 0.05, "f": 0.9, "status": "ok", "t_c": 10884, "t_fc": 13486, "err_cross": 59, "err_lag": 3, "err_ref": 0, "secs": 3.72}
{"seed": 9330139, "family": "quad", "window_frac": 0.05, "f": 0.95, "status": "ok", "t_c": 12125, "t_fc": 13435, "err_cross": 8, "err_lag": 0, "err_ref": 0, "secs": 3.68}
{"seed": 9330139, "family": "quad", "window_frac": 0.05, "f": 0.98, "status": "ok", "t_c": 12881, "t_fc": 13428, "err_cross": 1, "err_lag": 0, "err_ref": 0, "secs": 3.68}
gate (42, 828.19)
{"seed": 9340100, "family": "quad", "window_frac": 0.05, "f": 0.8, "status": "ok", "t_c": 4632, "t_fc": 16033, "err_cross": 2127, "err_lag": 54, "err_ref": 0, "secs": 8.27}
{"seed": 9340100, "family": "quad", "window_frac": 0.05, "f": 0.9, "status": "ok", "t_c": 9227, "t_fc": 14029, "err_cross": 123, "err_lag": 3, "err_ref": 0, "secs": 3.94}
{"seed": 9340100, "family": "quad", "window_frac": 0.05, "f": 0.95, "status": "ok", "t_c": 11578, "t_fc": 13921, "err_cross": 15, "err_lag": 0, "err_ref": 0, "secs": 3.92}
{"seed": 9340100, "family": "quad", "window_frac": 0.05, "f": 0.98, "status": "ok", "t_c": 13007, "t_fc": 13907, "err_cross": 1, "err_lag": -1, "err_ref": 0, "secs": 3.88}
{"seed": 9340101, "family": "quad", "window_frac": 0.05, "f": 0.8, "status": "ok", "t_c": 6536, "t_fc": 18936, "err_cross": 2234, "err_lag": 54, "err_ref": 0, "secs": 9.8}
{"seed": 9340101, "family": "quad", "window_frac": 0.05, "f": 0.9, "status": "ok", "t_c": 11570, "t_fc": 16835, "err_cross": 133, "err_lag": 2, "err_ref": 0, "secs": 4.67}
{"seed": 9340101, "family": "quad", "window_frac": 0.05, "f": 0.95, "status": "ok", "t_c": 14140, "t_fc": 16719, "err_cross": 17, "err_lag": 1, "err_ref": 0, "secs": 4.62}
{"seed": 9340101, "family": "quad", "window_frac": 0.05, "f": 0.98, "status": "ok", "t_c": 15699, "t_fc": 16703, "err_cross": 1, "err_lag": -1, "err_ref": 0, "secs": 4.62}
{"seed": 9340102, "family": "quad", "window_frac": 0.05, "f": 0.8, "status": "ok", "t_c": 4231, "t_fc": 15747, "err_cross": 2018, "err_lag": 42, "err_ref": 0, "secs": 8.12}
{"seed": 9340102, "family": "quad", "window_frac": 0.05, "f": 0.9, "status": "ok", "t_c": 8931, "t_fc": 13850, "err_cross": 121, "err_lag": 3, "err_ref": 0, "secs": 3.84}
{"seed": 9340102, "family": "quad", "window_frac": 0.05, "f": 0.95, "status": "ok", "t_c": 11332, "t_fc": 13744, "err_cross": 15, "err_lag": 1, "err_ref": 0, "secs": 3.83}
{"seed": 9340102, "family": "quad", "window_frac": 0.05, "f": 0.98, "status": "ok", "t_c": 12788, "t_fc": 13730, "err_cross": 1, "err_lag": 0, "err_ref": 0, "secs": 3.85}
{"seed": 9340103, "family": "quad", "window_frac": 0.05, "f": 0.8, "status": "ok", "t_c": 10240, "t_fc": 24484, "err_cross": 2786, "err_lag": 73, "err_ref": 0, "secs": 12.5}
{"seed": 9340103, "family": "quad", "window_frac": 0.05, "f": 0.9, "status": "ok", "t_c": 15908, "t_fc": 21859, "err_cross": 161, "err_lag": 4, "err_ref": 0, "secs": 6.02}
{"seed": 9340103, "family": "quad", "window_frac": 0.05, "f": 0.95, "status": "ok", "t_c": 18801, "t_fc": 21719, "err_cross": 21, "err_lag": 1, "err_ref": 0, "secs": 6.32}
{"seed": 9340103, "family": "quad", "window_frac": 0.05, "f": 0.98, "status": "ok", "t_c": 20557, "t_fc": 21701, "err_cross": 3, "err_lag": 1, "err_ref": 0, "secs": 6.54}
{"seed": 9340104, "family": "quad", "window_frac": 0.05, "f": 0.8, "status": "ok", "t_c": 6733, "t_fc": 19202, "err_cross": 2430, "err_lag": 53, "err_ref": 0, "secs": 9.94}
{"seed": 9340104, "family": "quad", "window_frac": 0.05, "f": 0.9, "status": "ok", "t_c": 11696, "t_fc": 16910, "err_cross": 138, "err_lag": 2, "err_ref": 0, "secs": 4.72}
{"seed": 9340104, "family": "quad", "window_frac": 0.05, "f": 0.95, "status": "ok", "t_c": 14235, "t_fc": 16789, "err_cross": 17, "err_lag": 0, "err_ref": 0, "secs": 4.68}
{"seed": 9340104, "family": "quad", "window_frac": 0.05, "f": 0.98, "status": "ok", "t_c": 15776, "t_fc": 16774, "err_cross": 2, "err_lag": 0, "err_ref": 0, "secs": 4.68}
{"seed": 9340105, "family": "quad", "window_frac": 0.05, "f": 0.8, "status": "ok", "t_c": 5092, "t_fc": 16956, "err_cross": 2098, "err_lag": 53, "err_ref": 0, "secs": 9.0}
{"seed": 9340105, "family": "quad", "window_frac": 0.05, "f": 0.9, "status": "ok", "t_c": 9932, "t_fc": 14984, "err_cross": 126, "err_lag": 3, "err_ref": 0, "secs": 4.16}
{"seed": 9340105, "family": "quad", "window_frac": 0.05, "f": 0.95, "status": "ok", "t_c": 12404, "t_fc": 14874, "err_cross": 16, "err_lag": 1, "err_ref": 0, "secs": 4.14}
{"seed": 9340105, "family": "quad", "window_frac": 0.05, "f": 0.98, "status": "ok", "t_c": 13905, "t_fc": 14860, "err_cross": 2, "err_lag": 0, "err_ref": 0, "secs": 4.14}
{"seed": 9340106, "family": "quad", "window_frac": 0.05, "f": 0.8, "status": "ok", "t_c": 5658, "t_fc": 17622, "err_cross": 2150, "err_lag": 53, "err_ref": 0, "secs": 9.19}
{"seed": 9340106, "family": "quad", "window_frac": 0.05, "f": 0.9, "status": "ok", "t_c": 10518, "t_fc": 15600, "err_cross": 128, "err_lag": 3, "err_ref": 0, "secs": 4.37}
{"seed": 9340106, "family": "quad", "window_frac": 0.05, "f": 0.95, "status": "ok", "t_c": 13000, "t_fc": 15488, "err_cross": 16, "err_lag": 1, "err_ref": 0, "secs": 4.29}
{"seed": 9340106, "family": "quad", "window_frac": 0.05, "f": 0.98, "status": "ok", "t_c": 14507, "t_fc": 15473, "err_cross": 1, "err_lag": 0, "err_ref": 0, "secs": 4.25}
{"seed": 9340107, "family": "quad", "window_frac": 0.05, "f": 0.8, "status": "ok", "t_c": 15187, "t_fc": 31825, "err_cross": 3472, "err_lag": 80, "err_ref": 0, "secs": 15.51}
{"seed": 9340107, "family": "quad", "window_frac": 0.05, "f": 0.9, "status": "ok", "t_c": 21682, "t_fc": 28548, "err_cross": 195, "err_lag": 4, "err_ref": 0, "secs": 7.52}
{"seed": 9340107, "family": "quad", "window_frac": 0.05, "f": 0.95, "status": "ok", "t_c": 25000, "t_fc": 28378, "err_cross": 25, "err_lag": 0, "err_ref": 0, "secs": 7.58}
{"seed": 9340107, "family": "quad", "window_frac": 0.05, "f": 0.98, "status": "ok", "t_c": 27014, "t_fc": 28355, "err_cross": 2, "err_lag": -1, "err_ref": 0, "secs": 7.54}
{"seed": 9340108, "family": "quad", "window_frac": 0.05, "f": 0.8, "status": "ok", "t_c": 6622, "t_fc": 19103, "err_cross": 2393, "err_lag": 58, "err_ref": 0, "secs": 10.34}
{"seed": 9340108, "family": "quad", "window_frac": 0.05, "f": 0.9, "status": "ok", "t_c": 11618, "t_fc": 16848, "err_cross": 138, "err_lag": 3, "err_ref": 0, "secs": 4.79}
{"seed": 9340108, "family": "quad", "window_frac": 0.05, "f": 0.95, "status": "ok", "t_c": 14172, "t_fc": 16728, "err_cross": 18, "err_lag": 1, "err_ref": 0, "secs": 4.75}
{"seed": 9340108, "family": "quad", "window_frac": 0.05, "f": 0.98, "status": "ok", "t_c": 15723, "t_fc": 16712, "err_cross": 2, "err_lag": 0, "err_ref": 0, "secs": 4.71}
{"seed": 9340109, "family": "quad", "window_frac": 0.05, "f": 0.8, "status": "ok", "t_c": 8874, "t_fc": 22437, "err_cross": 2649, "err_lag": 55, "err_ref": 0, "secs": 11.72}
{"seed": 9340109, "family": "quad", "window_frac": 0.05, "f": 0.9, "status": "ok", "t_c": 14266, "t_fc": 19939, "err_cross": 151, "err_lag": 2, "err_ref": 0, "secs": 5.54}
{"seed": 9340109, "family": "quad", "window_frac": 0.05, "f": 0.95, "status": "ok", "t_c": 17021, "t_fc": 19807, "err_cross": 19, "err_lag": 1, "err_ref": 0, "secs": 5.41}
{"seed": 9340109, "family": "quad", "window_frac": 0.05, "f": 0.98, "status": "ok", "t_c": 18692, "t_fc": 19790, "err_cross": 2, "err_lag": 0, "err_ref": 0, "secs": 5.47}
{"seed": 9340110, "family": "quad", "window_frac": 0.05, "f": 0.8, "status": "ok", "t_c": 8133, "t_fc": 21462, "err_cross": 2673, "err_lag": 71, "err_ref": 0, "secs": 11.16}
{"seed": 9340110, "family": "quad", "window_frac": 0.05, "f": 0.9, "status": "ok", "t_c": 13407, "t_fc": 18939, "err_cross": 150, "err_lag": 3, "err_ref": 0, "secs": 5.27}
{"seed": 9340110, "family": "quad", "window_frac": 0.05, "f": 0.95, "status": "ok", "t_c": 16105, "t_fc": 18808, "err_cross": 19, "err_lag": 1, "err_ref": 0, "secs": 5.7}
{"seed": 9340110, "family": "quad", "window_frac": 0.05, "f": 0.98, "status": "ok", "t_c": 17743, "t_fc": 18791, "err_cross": 2, "err_lag": 0, "err_ref": 0, "secs": 5.35}
{"seed": 9340111, "family": "quad", "window_frac": 0.05, "f": 0.8, "status": "ok", "t_c": 4142, "t_fc": 15412, "err_cross": 2025, "err_lag": 51, "err_ref": 0, "secs": 8.84}
{"seed": 9340111, "family": "quad", "window_frac": 0.05, "f": 0.9, "status": "ok", "t_c": 8724, "t_fc": 13506, "err_cross": 119, "err_lag": 2, "err_ref": 0, "secs": 3.87}
{"seed": 9340111, "family": "quad", "window_frac": 0.05, "f": 0.95, "status": "ok", "t_c": 11067, "t_fc": 13401, "err_cross": 14, "err_lag": -1, "err_ref": 0, "secs": 3.87}
{"seed": 9340111, "family": "quad", "window_frac": 0.05, "f": 0.98, "status": "ok", "t_c": 12490, "t_fc": 13388, "err_cross": 1, "err_lag": -1, "err_ref": 0, "secs": 3.72}
{"seed": 9340112, "family": "quad", "window_frac": 0.05, "f": 0.8, "status": "ok", "t_c": 3793, "t_fc": 14930, "err_cross": 1941, "err_lag": 48, "err_ref": 0, "secs": 7.81}
{"seed": 9340112, "family": "quad", "window_frac": 0.05, "f": 0.9, "status": "ok", "t_c": 8350, "t_fc": 13105, "err_cross": 116, "err_lag": 3, "err_ref": 0, "secs": 3.69}
{"seed": 9340112, "family": "quad", "window_frac": 0.05, "f": 0.95, "status": "ok", "t_c": 10677, "t_fc": 13003, "err_cross": 14, "err_lag": 1, "err_ref": 0, "secs": 3.63}
{"seed": 9340112, "family": "quad", "window_frac": 0.05, "f": 0.98, "status": "ok", "t_c": 12090, "t_fc": 12990, "err_cross": 1, "err_lag": 0, "err_ref": 0, "secs": 3.63}
{"seed": 9340113, "family": "quad", "window_frac": 0.05, "f": 0.8, "status": "ok", "t_c": 898, "t_fc": 10493, "err_cross": 1598, "err_lag": 40, "err_ref": 0, "secs": 5.48}
{"seed": 9340113, "family": "quad", "window_frac": 0.05, "f": 0.9, "status": "ok", "t_c": 4870, "t_fc": 8991, "err_cross": 96, "err_lag": 3, "err_ref": 0, "secs": 2.56}
{"seed": 9340113, "family": "quad", "window_frac": 0.05, "f": 0.95, "status": "ok", "t_c": 6902, "t_fc": 8907, "err_cross": 12, "err_lag": 1, "err_ref": 0, "secs": 2.51}
{"seed": 9340113, "family": "quad", "window_frac": 0.05, "f": 0.98, "status": "ok", "t_c": 8136, "t_fc": 8896, "err_cross": 1, "err_lag": 0, "err_ref": 0, "secs": 2.46}
{"seed": 9340114, "family": "quad", "window_frac": 0.05, "f": 0.8, "status": "ok", "t_c": 5523, "t_fc": 17371, "err_cross": 2316, "err_lag": 58, "err_ref": 0, "secs": 9.11}
{"seed": 9340114, "family": "quad", "window_frac": 0.05, "f": 0.9, "status": "ok", "t_c": 10245, "t_fc": 15185, "err_cross": 130, "err_lag": 2, "err_ref": 0, "secs": 4.2}
{"seed": 9340114, "family": "quad", "window_frac": 0.05, "f": 0.95, "status": "ok", "t_c": 12663, "t_fc": 15071, "err_cross": 16, "err_lag": 1, "err_ref": 0, "secs": 4.16}
{"seed": 9340114, "family": "quad", "window_frac": 0.05, "f": 0.98, "status": "ok", "t_c": 14133, "t_fc": 15056, "err_cross": 1, "err_lag": 0, "err_ref": 0, "secs": 4.16}
{"seed": 9340115, "family": "quad", "window_frac": 0.05, "f": 0.8, "status": "ok", "t_c": 2428, "t_fc": 12784, "err_cross": 1773, "err_lag": 41, "err_ref": 0, "secs": 6.57}
{"seed": 9340115, "family": "quad", "window_frac": 0.05, "f": 0.9, "status": "ok", "t_c": 6686, "t_fc": 11117, "err_cross": 106, "err_lag": 2, "err_ref": 0, "secs": 3.16}
{"seed": 9340115, "family": "quad", "window_frac": 0.05, "f": 0.95, "status": "ok", "t_c": 8863, "t_fc": 11023, "err_cross": 12, "err_lag": -1, "err_ref": 0, "secs": 3.11}
{"seed": 9340115, "family": "quad", "window_frac": 0.05, "f": 0.98, "status": "ok", "t_c": 10185, "t_fc": 11012, "err_cross": 1, "err_lag": 0, "err_ref": 0, "secs": 3.07}
{"seed": 9340116, "family": "quad", "window_frac": 0.05, "f": 0.8, "status": "ok", "t_c": 4821, "t_fc": 16351, "err_cross": 2055, "err_lag": 50, "err_ref": 0, "secs": 9.11}
{"seed": 9340116, "family": "quad", "window_frac": 0.05, "f": 0.9, "status": "ok", "t_c": 9515, "t_fc": 14418, "err_cross": 122, "err_lag": 2, "err_ref": 0, "secs": 4.17}
{"seed": 9340116, "family": "quad", "window_frac": 0.05, "f": 0.95, "status": "ok", "t_c": 11913, "t_fc": 14311, "err_cross": 15, "err_lag": 0, "err_ref": 0, "secs": 4.44}
{"seed": 9340116, "family": "quad", "window_frac": 0.05, "f": 0.98, "status": "ok", "t_c": 13368, "t_fc": 14297, "err_cross": 1, "err_lag": -1, "err_ref": 0, "secs": 4.04}
{"seed": 9340117, "family": "quad", "window_frac": 0.05, "f": 0.8, "status": "ok", "t_c": 7580, "t_fc": 20507, "err_cross": 2565, "err_lag": 67, "err_ref": 0, "secs": 10.47}
{"seed": 9340117, "family": "quad", "window_frac": 0.05, "f": 0.9, "status": "ok", "t_c": 12708, "t_fc": 18087, "err_cross": 145, "err_lag": 3, "err_ref": 0, "secs": 4.96}
{"seed": 9340117, "family": "quad", "window_frac": 0.05, "f": 0.95, "status": "ok", "t_c": 15331, "t_fc": 17961, "err_cross": 19, "err_lag": 1, "err_ref": 0, "secs": 4.93}
{"seed": 9340117, "family": "quad", "window_frac": 0.05, "f": 0.98, "status": "ok", "t_c": 16924, "t_fc": 17944, "err_cross": 2, "err_lag": 0, "err_ref": 0, "secs": 4.92}
{"seed": 9340118, "family": "quad", "window_frac": 0.05, "f": 0.8, "status": "ok", "t_c": 5098, "t_fc": 16840, "err_cross": 2119, "err_lag": 54, "err_ref": 0, "secs": 8.52}
{"seed": 9340118, "family": "quad", "window_frac": 0.05, "f": 0.9, "status": "ok", "t_c": 9865, "t_fc": 14847, "err_cross": 126, "err_lag": 4, "err_ref": 0, "secs": 4.06}
{"seed": 9340118, "family": "quad", "window_frac": 0.05, "f": 0.95, "status": "ok", "t_c": 12302, "t_fc": 14737, "err_cross": 16, "err_lag": 1, "err_ref": 0, "secs": 4.09}
{"seed": 9340118, "family": "quad", "window_frac": 0.05, "f": 0.98, "status": "ok", "t_c": 13781, "t_fc": 14722, "err_cross": 1, "err_lag": 0, "err_ref": 0, "secs": 4.08}
{"seed": 9340119, "family": "quad", "window_frac": 0.05, "f": 0.8, "status": "ok", "t_c": 6295, "t_fc": 18677, "err_cross": 2348, "err_lag": 61, "err_ref": 0, "secs": 9.44}
{"seed": 9340119, "family": "quad", "window_frac": 0.05, "f": 0.9, "status": "ok", "t_c": 11265, "t_fc": 16464, "err_cross": 135, "err_lag": 2, "err_ref": 0, "secs": 4.57}
{"seed": 9340119, "family": "quad", "window_frac": 0.05, "f": 0.95, "status": "ok", "t_c": 13807, "t_fc": 16346, "err_cross": 17, "err_lag": 0, "err_ref": 0, "secs": 4.52}
{"seed": 9340119, "family": "quad", "window_frac": 0.05, "f": 0.98, "status": "ok", "t_c": 15350, "t_fc": 16330, "err_cross": 1, "err_lag": -1, "err_ref": 0, "secs": 4.48}
PRIMARY_DONE
gate (47, 1476.25)
{"seed": 9320100, "family": "rate", "window_frac": 0.05, "f": 0.8, "status": "ok", "t_c": 1733, "t_fc": 3610, "err_cross": 25, "err_lag": 2, "err_ref": 3, "secs": 8.6}
{"seed": 9320100, "family": "rate", "window_frac": 0.05, "f": 0.9, "status": "ok", "t_c": 2641, "t_fc": 3591, "err_cross": 6, "err_lag": 3, "err_ref": 3, "secs": 4.32}
{"seed": 9320100, "family": "rate", "window_frac": 0.05, "f": 0.95, "status": "ok", "t_c": 3106, "t_fc": 3588, "err_cross": 3, "err_lag": 3, "err_ref": 3, "secs": 4.28}
{"seed": 9320100, "family": "rate", "window_frac": 0.05, "f": 0.98, "status": "ok", "t_c": 3389, "t_fc": 3588, "err_cross": 3, "err_lag": 3, "err_ref": 3, "secs": 4.41}
{"seed": 9320100, "family": "lin", "window_frac": 0.05, "f": 0.8, "status": "ok", "t_c": 1733, "t_fc": 3326, "err_cross": -259, "err_lag": 3, "err_ref": 3, "secs": 3.89}
{"seed": 9320100, "family": "lin", "window_frac": 0.05, "f": 0.9, "status": "ok", "t_c": 2641, "t_fc": 3516, "err_cross": -69, "err_lag": 4, "err_ref": 3, "secs": 4.12}
{"seed": 9320100, "family": "lin", "window_frac": 0.05, "f": 0.95, "status": "ok", "t_c": 3106, "t_fc": 3568, "err_cross": -17, "err_lag": 4, "err_ref": 3, "secs": 4.21}
{"seed": 9320100, "family": "lin", "window_frac": 0.05, "f": 0.98, "status": "ok", "t_c": 3389, "t_fc": 3584, "err_cross": -1, "err_lag": 4, "err_ref": 3, "secs": 4.22}
{"seed": 9320101, "family": "rate", "window_frac": 0.05, "f": 0.8, "status": "ok", "t_c": 2331, "t_fc": 4393, "err_cross": 13, "err_lag": 4, "err_ref": 4, "secs": 10.17}
{"seed": 9320101, "family": "rate", "window_frac": 0.05, "f": 0.9, "status": "ok", "t_c": 3339, "t_fc": 4386, "err_cross": 6, "err_lag": 3, "err_ref": 4, "secs": 5.09}
{"seed": 9320101, "family": "rate", "window_frac": 0.05, "f": 0.95, "status": "ok", "t_c": 3854, "t_fc": 4384, "err_cross": 4, "err_lag": 3, "err_ref": 4, "secs": 5.0}
{"seed": 9320101, "family": "rate", "window_frac": 0.05, "f": 0.98, "status": "ok", "t_c": 4168, "t_fc": 4384, "err_cross": 4, "err_lag": 4, "err_ref": 4, "secs": 5.12}
{"seed": 9320101, "family": "lin", "window_frac": 0.05, "f": 0.8, "status": "ok", "t_c": 2331, "t_fc": 4100, "err_cross": -280, "err_lag": 3, "err_ref": 4, "secs": 4.86}
{"seed": 9320101, "family": "lin", "window_frac": 0.05, "f": 0.9, "status": "ok", "t_c": 3339, "t_fc": 4304, "err_cross": -76, "err_lag": 5, "err_ref": 4, "secs": 5.26}
{"seed": 9320101, "family": "lin", "window_frac": 0.05, "f": 0.95, "status": "ok", "t_c": 3854, "t_fc": 4361, "err_cross": -19, "err_lag": 5, "err_ref": 4, "secs": 5.31}
{"seed": 9320101, "family": "lin", "window_frac": 0.05, "f": 0.98, "status": "ok", "t_c": 4168, "t_fc": 4379, "err_cross": -1, "err_lag": 4, "err_ref": 4, "secs": 5.35}
{"seed": 9320102, "family": "rate", "window_frac": 0.05, "f": 0.8, "status": "ok", "t_c": 2769, "t_fc": 5055, "err_cross": 22, "err_lag": 2, "err_ref": 2, "secs": 11.94}
{"seed": 9320102, "family": "rate", "window_frac": 0.05, "f": 0.9, "status": "ok", "t_c": 3873, "t_fc": 5039, "err_cross": 6, "err_lag": 2, "err_ref": 2, "secs": 6.07}
{"seed": 9320102, "family": "rate", "window_frac": 0.05, "f": 0.95, "status": "ok", "t_c": 4439, "t_fc": 5036, "err_cross": 3, "err_lag": 2, "err_ref": 2, "secs": 6.1}
{"seed": 9320102, "family": "rate", "window_frac": 0.05, "f": 0.98, "status": "ok", "t_c": 4784, "t_fc": 5035, "err_cross": 2, "err_lag": 1, "err_ref": 2, "secs": 5.96}
{"seed": 9320102, "family": "lin", "window_frac": 0.05, "f": 0.8, "status": "ok", "t_c": 2769, "t_fc": 4708, "err_cross": -325, "err_lag": 2, "err_ref": 2, "secs": 5.62}
{"seed": 9320102, "family": "lin", "window_frac": 0.05, "f": 0.9, "status": "ok", "t_c": 3873, "t_fc": 4943, "err_cross": -90, "err_lag": 2, "err_ref": 2, "secs": 5.69}
{"seed": 9320102, "family": "lin", "window_frac": 0.05, "f": 0.95, "status": "ok", "t_c": 4439, "t_fc": 5008, "err_cross": -25, "err_lag": 2, "err_ref": 2, "secs": 5.72}
{"seed": 9320102, "family": "lin", "window_frac": 0.05, "f": 0.98, "status": "ok", "t_c": 4784, "t_fc": 5029, "err_cross": -4, "err_lag": 2, "err_ref": 2, "secs": 5.75}
{"seed": 9320103, "family": "rate", "window_frac": 0.05, "f": 0.8, "status": "ok", "t_c": 5810, "t_fc": 9368, "err_cross": 77, "err_lag": 0, "err_ref": 0, "secs": 21.9}
{"seed": 9320103, "family": "rate", "window_frac": 0.05, "f": 0.9, "status": "ok", "t_c": 7481, "t_fc": 9300, "err_cross": 9, "err_lag": 0, "err_ref": 0, "secs": 11.06}
{"seed": 9320103, "family": "rate", "window_frac": 0.05, "f": 0.95, "status": "ok", "t_c": 8348, "t_fc": 9292, "err_cross": 1, "err_lag": 0, "err_ref": 0, "secs": 10.88}
{"seed": 9320103, "family": "rate", "window_frac": 0.05, "f": 0.98, "status": "ok", "t_c": 8877, "t_fc": 9291, "err_cross": 0, "err_lag": 0, "err_ref": 0, "secs": 10.75}
{"seed": 9320103, "family": "lin", "window_frac": 0.05, "f": 0.8, "status": "ok", "t_c": 5810, "t_fc": 8729, "err_cross": -562, "err_lag": -1, "err_ref": 0, "secs": 10.31}
{"seed": 9320103, "family": "lin", "window_frac": 0.05, "f": 0.9, "status": "ok", "t_c": 7481, "t_fc": 9132, "err_cross": -159, "err_lag": 0, "err_ref": 0, "secs": 10.39}
{"seed": 9320103, "family": "lin", "window_frac": 0.05, "f": 0.95, "status": "ok", "t_c": 8348, "t_fc": 9242, "err_cross": -49, "err_lag": 0, "err_ref": 0, "secs": 10.6}
{"seed": 9320103, "family": "lin", "window_frac": 0.05, "f": 0.98, "status": "ok", "t_c": 8877, "t_fc": 9278, "err_cross": -13, "err_lag": -1, "err_ref": 0, "secs": 10.71}
{"seed": 9320104, "family": "rate", "window_frac": 0.05, "f": 0.8, "status": "ok", "t_c": 1703, "t_fc": 3514, "err_cross": 22, "err_lag": 5, "err_ref": 5, "secs": 8.37}
{"seed": 9320104, "family": "rate", "window_frac": 0.05, "f": 0.9, "status": "ok", "t_c": 2589, "t_fc": 3499, "err_cross": 7, "err_lag": 5, "err_ref": 5, "secs": 4.13}
{"seed": 9320104, "family": "rate", "window_frac": 0.05, "f": 0.95, "status": "ok", "t_c": 3041, "t_fc": 3497, "err_cross": 5, "err_lag": 5, "err_ref": 5, "secs": 4.14}
{"seed": 9320104, "family": "rate", "window_frac": 0.05, "f": 0.98, "status": "ok", "t_c": 3315, "t_fc": 3497, "err_cross": 5, "err_lag": 5, "err_ref": 5, "secs": 4.38}
{"seed": 9320104, "family": "lin", "window_frac": 0.05, "f": 0.8, "status": "ok", "t_c": 1703, "t_fc": 3253, "err_cross": -239, "err_lag": 5, "err_ref": 5, "secs": 3.98}
{"seed": 9320104, "family": "lin", "window_frac": 0.05, "f": 0.9, "status": "ok", "t_c": 2589, "t_fc": 3430, "err_cross": -62, "err_lag": 6, "err_ref": 5, "secs": 4.12}
{"seed": 9320104, "family": "lin", "window_frac": 0.05, "f": 0.95, "status": "ok", "t_c": 3041, "t_fc": 3478, "err_cross": -14, "err_lag": 6, "err_ref": 5, "secs": 4.16}
{"seed": 9320104, "family": "lin", "window_frac": 0.05, "f": 0.98, "status": "ok", "t_c": 3315, "t_fc": 3493, "err_cross": 1, "err_lag": 6, "err_ref": 5, "secs": 4.16}
{"seed": 9320105, "family": "rate", "window_frac": 0.05, "f": 0.8, "status": "ok", "t_c": 2399, "t_fc": 4501, "err_cross": 36, "err_lag": 1, "err_ref": 1, "secs": 10.49}
{"seed": 9320105, "family": "rate", "window_frac": 0.05, "f": 0.9, "status": "ok", "t_c": 3394, "t_fc": 4470, "err_cross": 5, "err_lag": 1, "err_ref": 1, "secs": 5.11}
{"seed": 9320105, "family": "rate", "window_frac": 0.05, "f": 0.95, "status": "ok", "t_c": 3906, "t_fc": 4466, "err_cross": 1, "err_lag": 1, "err_ref": 1, "secs": 5.0}
{"seed": 9320105, "family": "rate", "window_frac": 0.05, "f": 0.98, "status": "ok", "t_c": 4219, "t_fc": 4466, "err_cross": 1, "err_lag": 1, "err_ref": 1, "secs": 4.99}
{"seed": 9320105, "family": "lin", "window_frac": 0.05, "f": 0.8, "status": "ok", "t_c": 2399, "t_fc": 4158, "err_cross": -307, "err_lag": 0, "err_ref": 1, "secs": 4.64}
{"seed": 9320105, "family": "lin", "window_frac": 0.05, "f": 0.9, "status": "ok", "t_c": 3394, "t_fc": 4381, "err_cross": -84, "err_lag": 1, "err_ref": 1, "secs": 4.94}
{"seed": 9320105, "family": "lin", "window_frac": 0.05, "f": 0.95, "status": "ok", "t_c": 3906, "t_fc": 4441, "err_cross": -24, "err_lag": 1, "err_ref": 1, "secs": 5.72}
{"seed": 9320105, "family": "lin", "window_frac": 0.05, "f": 0.98, "status": "ok", "t_c": 4219, "t_fc": 4460, "err_cross": -5, "err_lag": 1, "err_ref": 1, "secs": 5.97}
{"seed": 9320106, "family": "rate", "window_frac": 0.05, "f": 0.8, "status": "ok", "t_c": 2264, "t_fc": 4338, "err_cross": 17, "err_lag": 1, "err_ref": 2, "secs": 10.69}
{"seed": 9320106, "family": "rate", "window_frac": 0.05, "f": 0.9, "status": "ok", "t_c": 3267, "t_fc": 4326, "err_cross": 5, "err_lag": 2, "err_ref": 2, "secs": 5.32}
{"seed": 9320106, "family": "rate", "window_frac": 0.05, "f": 0.95, "status": "ok", "t_c": 3780, "t_fc": 4323, "err_cross": 2, "err_lag": 2, "err_ref": 2, "secs": 5.12}
{"seed": 9320106, "family": "rate", "window_frac": 0.05, "f": 0.98, "status": "ok", "t_c": 4092, "t_fc": 4323, "err_cross": 2, "err_lag": 2, "err_ref": 2, "secs": 5.15}
{"seed": 9320106, "family": "lin", "window_frac": 0.05, "f": 0.8, "status": "ok", "t_c": 2264, "t_fc": 4034, "err_cross": -287, "err_lag": 1, "err_ref": 2, "secs": 4.78}
{"seed": 9320106, "family": "lin", "window_frac": 0.05, "f": 0.9, "status": "ok", "t_c": 3267, "t_fc": 4242, "err_cross": -79, "err_lag": 2, "err_ref": 2, "secs": 4.99}
{"seed": 9320106, "family": "lin", "window_frac": 0.05, "f": 0.95, "status": "ok", "t_c": 3780, "t_fc": 4299, "err_cross": -22, "err_lag": 2, "err_ref": 2, "secs": 5.01}
{"seed": 9320106, "family": "lin", "window_frac": 0.05, "f": 0.98, "status": "ok", "t_c": 4092, "t_fc": 4318, "err_cross": -3, "err_lag": 3, "err_ref": 2, "secs": 5.29}
{"seed": 9320107, "family": "rate", "window_frac": 0.05, "f": 0.8, "status": "ok", "t_c": 2774, "t_fc": 5075, "err_cross": 28, "err_lag": 1, "err_ref": 1, "secs": 11.66}
{"seed": 9320107, "family": "rate", "window_frac": 0.05, "f": 0.9, "status": "ok", "t_c": 3880, "t_fc": 5053, "err_cross": 6, "err_lag": 2, "err_ref": 1, "secs": 6.17}
{"seed": 9320107, "family": "rate", "window_frac": 0.05, "f": 0.95, "status": "ok", "t_c": 4448, "t_fc": 5049, "err_cross": 2, "err_lag": 1, "err_ref": 1, "secs": 5.77}
{"seed": 9320107, "family": "rate", "window_frac": 0.05, "f": 0.98, "status": "ok", "t_c": 4795, "t_fc": 5048, "err_cross": 1, "err_lag": 1, "err_ref": 1, "secs": 5.74}
{"seed": 9320107, "family": "lin", "window_frac": 0.05, "f": 0.8, "status": "ok", "t_c": 2774, "t_fc": 4714, "err_cross": -333, "err_lag": 1, "err_ref": 1, "secs": 5.55}
{"seed": 9320107, "family": "lin", "window_frac": 0.05, "f": 0.9, "status": "ok", "t_c": 3880, "t_fc": 4955, "err_cross": -92, "err_lag": 2, "err_ref": 1, "secs": 5.94}
{"seed": 9320107, "family": "lin", "window_frac": 0.05, "f": 0.95, "status": "ok", "t_c": 4448, "t_fc": 5021, "err_cross": -26, "err_lag": 2, "err_ref": 1, "secs": 5.95}
{"seed": 9320107, "family": "lin", "window_frac": 0.05, "f": 0.98, "status": "ok", "t_c": 4795, "t_fc": 5042, "err_cross": -5, "err_lag": 2, "err_ref": 1, "secs": 6.0}
{"seed": 9320108, "family": "rate", "window_frac": 0.05, "f": 0.8, "status": "ok", "t_c": 3198, "t_fc": 5646, "err_cross": 48, "err_lag": 0, "err_ref": 0, "secs": 13.31}
{"seed": 9320108, "family": "rate", "window_frac": 0.05, "f": 0.9, "status": "ok", "t_c": 4346, "t_fc": 5604, "err_cross": 6, "err_lag": 0, "err_ref": 0, "secs": 6.69}
{"seed": 9320108, "family": "rate", "window_frac": 0.05, "f": 0.95, "status": "ok", "t_c": 4939, "t_fc": 5599, "err_cross": 1, "err_lag": 0, "err_ref": 0, "secs": 6.55}
{"seed": 9320108, "family": "rate", "window_frac": 0.05, "f": 0.98, "status": "ok", "t_c": 5300, "t_fc": 5598, "err_cross": 0, "err_lag": 0, "err_ref": 0, "secs": 6.48}
{"seed": 9320108, "family": "lin", "window_frac": 0.05, "f": 0.8, "status": "ok", "t_c": 3198, "t_fc": 5231, "err_cross": -367, "err_lag": -1, "err_ref": 0, "secs": 5.84}
{"seed": 9320108, "family": "lin", "window_frac": 0.05, "f": 0.9, "status": "ok", "t_c": 4346, "t_fc": 5496, "err_cross": -102, "err_lag": 0, "err_ref": 0, "secs": 6.55}
{"seed": 9320108, "family": "lin", "window_frac": 0.05, "f": 0.95, "status": "ok", "t_c": 4939, "t_fc": 5567, "err_cross": -31, "err_lag": -1, "err_ref": 0, "secs": 6.49}
{"seed": 9320108, "family": "lin", "window_frac": 0.05, "f": 0.98, "status": "ok", "t_c": 5300, "t_fc": 5591, "err_cross": -7, "err_lag": 0, "err_ref": 0, "secs": 6.31}
{"seed": 9320109, "family": "rate", "window_frac": 0.05, "f": 0.8, "status": "ok", "t_c": 2603, "t_fc": 4861, "err_cross": 36, "err_lag": 1, "err_ref": 1, "secs": 11.45}
{"seed": 9320109, "family": "rate", "window_frac": 0.05, "f": 0.9, "status": "ok", "t_c": 3674, "t_fc": 4830, "err_cross": 5, "err_lag": 0, "err_ref": 1, "secs": 5.72}
{"seed": 9320109, "family": "rate", "window_frac": 0.05, "f": 0.95, "status": "ok", "t_c": 4226, "t_fc": 4827, "err_cross": 2, "err_lag": 1, "err_ref": 1, "secs": 5.68}
{"seed": 9320109, "family": "rate", "window_frac": 0.05, "f": 0.98, "status": "ok", "t_c": 4562, "t_fc": 4826, "err_cross": 1, "err_lag": 0, "err_ref": 1, "secs": 5.6}
{"seed": 9320109, "family": "lin", "window_frac": 0.05, "f": 0.8, "status": "ok", "t_c": 2603, "t_fc": 4496, "err_cross": -329, "err_lag": 0, "err_ref": 1, "secs": 5.51}
{"seed": 9320109, "family": "lin", "window_frac": 0.05, "f": 0.9, "status": "ok", "t_c": 3674, "t_fc": 4734, "err_cross": -91, "err_lag": 0, "err_ref": 1, "secs": 5.58}
{"seed": 9320109, "family": "lin", "window_frac": 0.05, "f": 0.95, "status": "ok", "t_c": 4226, "t_fc": 4799, "err_cross": -26, "err_lag": 1, "err_ref": 1, "secs": 5.69}
{"seed": 9320109, "family": "lin", "window_frac": 0.05, "f": 0.98, "status": "ok", "t_c": 4562, "t_fc": 4820, "err_cross": -5, "err_lag": 1, "err_ref": 1, "secs": 5.71}
{"seed": 9320110, "family": "rate", "window_frac": 0.05, "f": 0.8, "status": "ok", "t_c": 1949, "t_fc": 3896, "err_cross": 19, "err_lag": 7, "err_ref": 6, "secs": 9.07}
{"seed": 9320110, "family": "rate", "window_frac": 0.05, "f": 0.9, "status": "ok", "t_c": 2909, "t_fc": 3885, "err_cross": 8, "err_lag": 7, "err_ref": 6, "secs": 4.64}
{"seed": 9320110, "family": "rate", "window_frac": 0.05, "f": 0.95, "status": "ok", "t_c": 3397, "t_fc": 3884, "err_cross": 7, "err_lag": 7, "err_ref": 6, "secs": 4.51}
{"seed": 9320110, "family": "rate", "window_frac": 0.05, "f": 0.98, "status": "ok", "t_c": 3694, "t_fc": 3884, "err_cross": 7, "err_lag": 7, "err_ref": 6, "secs": 4.44}
{"seed": 9320110, "family": "lin", "window_frac": 0.05, "f": 0.8, "status": "ok", "t_c": 1949, "t_fc": 3625, "err_cross": -252, "err_lag": 7, "err_ref": 6, "secs": 4.21}
{"seed": 9320110, "family": "lin", "window_frac": 0.05, "f": 0.9, "status": "ok", "t_c": 2909, "t_fc": 3812, "err_cross": -65, "err_lag": 9, "err_ref": 6, "secs": 4.34}
{"seed": 9320110, "family": "lin", "window_frac": 0.05, "f": 0.95, "status": "ok", "t_c": 3397, "t_fc": 3863, "err_cross": -14, "err_lag": 8, "err_ref": 6, "secs": 4.57}
{"seed": 9320110, "family": "lin", "window_frac": 0.05, "f": 0.98, "status": "ok", "t_c": 3694, "t_fc": 3880, "err_cross": 3, "err_lag": 8, "err_ref": 6, "secs": 4.66}
{"seed": 9320111, "family": "rate", "window_frac": 0.05, "f": 0.8, "status": "ok", "t_c": 2065, "t_fc": 4073, "err_cross": 26, "err_lag": 2, "err_ref": 2, "secs": 9.79}
{"seed": 9320111, "family": "rate", "window_frac": 0.05, "f": 0.9, "status": "ok", "t_c": 3029, "t_fc": 4052, "err_cross": 5, "err_lag": 2, "err_ref": 2, "secs": 4.9}
{"seed": 9320111, "family": "rate", "window_frac": 0.05, "f": 0.95, "status": "ok", "t_c": 3524, "t_fc": 4049, "err_cross": 2, "err_lag": 2, "err_ref": 2, "secs": 4.75}
{"seed": 9320111, "family": "rate", "window_frac": 0.05, "f": 0.98, "status": "ok", "t_c": 3826, "t_fc": 4049, "err_cross": 2, "err_lag": 2, "err_ref": 2, "secs": 4.74}
{"seed": 9320111, "family": "lin", "window_frac": 0.05, "f": 0.8, "status": "ok", "t_c": 2065, "t_fc": 3763, "err_cross": -284, "err_lag": 2, "err_ref": 2, "secs": 4.41}
{"seed": 9320111, "family": "lin", "window_frac": 0.05, "f": 0.9, "status": "ok", "t_c": 3029, "t_fc": 3970, "err_cross": -77, "err_lag": 3, "err_ref": 2, "secs": 4.7}
{"seed": 9320111, "family": "lin", "window_frac": 0.05, "f": 0.95, "status": "ok", "t_c": 3524, "t_fc": 4026, "err_cross": -21, "err_lag": 3, "err_ref": 2, "secs": 4.69}
{"seed": 9320111, "family": "lin", "window_frac": 0.05, "f": 0.98, "status": "ok", "t_c": 3826, "t_fc": 4044, "err_cross": -3, "err_lag": 3, "err_ref": 2, "secs": 4.72}
{"seed": 9320112, "family": "rate", "window_frac": 0.05, "f": 0.8, "status": "ok", "t_c": 2957, "t_fc": 5310, "err_cross": 7, "err_lag": 3, "err_ref": 3, "secs": 12.14}
{"seed": 9320112, "family": "rate", "window_frac": 0.05, "f": 0.9, "status": "ok", "t_c": 4104, "t_fc": 5309, "err_cross": 6, "err_lag": 3, "err_ref": 3, "secs": 7.08}
{"seed": 9320112, "family": "rate", "window_frac": 0.05, "f": 0.95, "status": "ok", "t_c": 4692, "t_fc": 5306, "err_cross": 3, "err_lag": 3, "err_ref": 3, "secs": 6.44}
{"seed": 9320112, "family": "rate", "window_frac": 0.05, "f": 0.98, "status": "ok", "t_c": 5049, "t_fc": 5306, "err_cross": 3, "err_lag": 3, "err_ref": 3, "secs": 6.04}
{"seed": 9320112, "family": "lin", "window_frac": 0.05, "f": 0.8, "status": "ok", "t_c": 2957, "t_fc": 4975, "err_cross": -328, "err_lag": 2, "err_ref": 3, "secs": 5.96}
{"seed": 9320112, "family": "lin", "window_frac": 0.05, "f": 0.9, "status": "ok", "t_c": 4104, "t_fc": 5211, "err_cross": -92, "err_lag": 4, "err_ref": 3, "secs": 6.16}
{"seed": 9320112, "family": "lin", "window_frac": 0.05, "f": 0.95, "status": "ok", "t_c": 4692, "t_fc": 5278, "err_cross": -25, "err_lag": 4, "err_ref": 3, "secs": 6.34}
{"seed": 9320112, "family": "lin", "window_frac": 0.05, "f": 0.98, "status": "ok", "t_c": 5049, "t_fc": 5299, "err_cross": -4, "err_lag": 3, "err_ref": 3, "secs": 6.36}
{"seed": 9320113, "family": "rate", "window_frac": 0.05, "f": 0.8, "status": "ok", "t_c": 3503, "t_fc": 6099, "err_cross": 47, "err_lag": 0, "err_ref": 0, "secs": 14.76}
{"seed": 9320113, "family": "rate", "window_frac": 0.05, "f": 0.9, "status": "ok", "t_c": 4730, "t_fc": 6058, "err_cross": 6, "err_lag": 1, "err_ref": 0, "secs": 7.2}
{"seed": 9320113, "family": "rate", "window_frac": 0.05, "f": 0.95, "status": "ok", "t_c": 5364, "t_fc": 6053, "err_cross": 1, "err_lag": 1, "err_ref": 0, "secs": 7.05}
{"seed": 9320113, "family": "rate", "window_frac": 0.05, "f": 0.98, "status": "ok", "t_c": 5750, "t_fc": 6052, "err_cross": 0, "err_lag": 0, "err_ref": 0, "secs": 6.95}
{"seed": 9320113, "family": "lin", "window_frac": 0.05, "f": 0.8, "status": "ok", "t_c": 3503, "t_fc": 5661, "err_cross": -391, "err_lag": 0, "err_ref": 0, "secs": 6.71}
{"seed": 9320113, "family": "lin", "window_frac": 0.05, "f": 0.9, "status": "ok", "t_c": 4730, "t_fc": 5943, "err_cross": -109, "err_lag": 0, "err_ref": 0, "secs": 6.82}
{"seed": 9320113, "family": "lin", "window_frac": 0.05, "f": 0.95, "status": "ok", "t_c": 5364, "t_fc": 6019, "err_cross": -33, "err_lag": 0, "err_ref": 0, "secs": 6.79}
{"seed": 9320113, "family": "lin", "window_frac": 0.05, "f": 0.98, "status": "ok", "t_c": 5750, "t_fc": 6044, "err_cross": -8, "err_lag": 0, "err_ref": 0, "secs": 7.11}
{"seed": 9320114, "family": "rate", "window_frac": 0.05, "f": 0.8, "status": "ok", "t_c": 3692, "t_fc": 6375, "err_cross": 56, "err_lag": 1, "err_ref": 0, "secs": 14.78}
{"seed": 9320114, "family": "rate", "window_frac": 0.05, "f": 0.9, "status": "ok", "t_c": 4954, "t_fc": 6326, "err_cross": 7, "err_lag": 1, "err_ref": 0, "secs": 7.37}
{"seed": 9320114, "family": "rate", "window_frac": 0.05, "f": 0.95, "status": "ok", "t_c": 5606, "t_fc": 6320, "err_cross": 1, "err_lag": 0, "err_ref": 0, "secs": 7.55}
{"seed": 9320114, "family": "rate", "window_frac": 0.05, "f": 0.98, "status": "ok", "t_c": 6004, "t_fc": 6320, "err_cross": 1, "err_lag": 1, "err_ref": 0, "secs": 7.41}
{"seed": 9320114, "family": "lin", "window_frac": 0.05, "f": 0.8, "status": "ok", "t_c": 3692, "t_fc": 5912, "err_cross": -407, "err_lag": 0, "err_ref": 0, "secs": 7.0}
{"seed": 9320114, "family": "lin", "window_frac": 0.05, "f": 0.9, "status": "ok", "t_c": 4954, "t_fc": 6206, "err_cross": -113, "err_lag": 1, "err_ref": 0, "secs": 7.16}
{"seed": 9320114, "family": "lin", "window_frac": 0.05, "f": 0.95, "status": "ok", "t_c": 5606, "t_fc": 6285, "err_cross": -34, "err_lag": 0, "err_ref": 0, "secs": 7.15}
{"seed": 9320114, "family": "lin", "window_frac": 0.05, "f": 0.98, "status": "ok", "t_c": 6004, "t_fc": 6311, "err_cross": -8, "err_lag": 1, "err_ref": 0, "secs": 7.29}
{"seed": 9320115, "family": "rate", "window_frac": 0.05, "f": 0.8, "status": "ok", "t_c": 3009, "t_fc": 5295, "err_cross": 14, "err_lag": 1, "err_ref": 2, "secs": 12.54}
{"seed": 9320115, "family": "rate", "window_frac": 0.05, "f": 0.9, "status": "ok", "t_c": 4117, "t_fc": 5286, "err_cross": 5, "err_lag": 1, "err_ref": 2, "secs": 6.34}
{"seed": 9320115, "family": "rate", "window_frac": 0.05, "f": 0.95, "status": "ok", "t_c": 4686, "t_fc": 5283, "err_cross": 2, "err_lag": 1, "err_ref": 2, "secs": 6.44}
{"seed": 9320115, "family": "rate", "window_frac": 0.05, "f": 0.98, "status": "ok", "t_c": 5032, "t_fc": 5283, "err_cross": 2, "err_lag": 2, "err_ref": 2, "secs": 6.54}
{"seed": 9320115, "family": "lin", "window_frac": 0.05, "f": 0.8, "status": "ok", "t_c": 3009, "t_fc": 4955, "err_cross": -326, "err_lag": 1, "err_ref": 2, "secs": 5.9}
{"seed": 9320115, "family": "lin", "window_frac": 0.05, "f": 0.9, "status": "ok", "t_c": 4117, "t_fc": 5189, "err_cross": -92, "err_lag": 1, "err_ref": 2, "secs": 6.23}
{"seed": 9320115, "family": "lin", "window_frac": 0.05, "f": 0.95, "status": "ok", "t_c": 4686, "t_fc": 5255, "err_cross": -26, "err_lag": 2, "err_ref": 2, "secs": 6.84}
{"seed": 9320115, "family": "lin", "window_frac": 0.05, "f": 0.98, "status": "ok", "t_c": 5032, "t_fc": 5276, "err_cross": -5, "err_lag": 1, "err_ref": 2, "secs": 6.63}
{"seed": 9320117, "family": "rate", "window_frac": 0.05, "f": 0.8, "status": "ok", "t_c": 1926, "t_fc": 3868, "err_cross": 19, "err_lag": 2, "err_ref": 3, "secs": 9.27}
{"seed": 9320117, "family": "rate", "window_frac": 0.05, "f": 0.9, "status": "ok", "t_c": 2870, "t_fc": 3854, "err_cross": 5, "err_lag": 2, "err_ref": 3, "secs": 4.36}
{"seed": 9320117, "family": "rate", "window_frac": 0.05, "f": 0.95, "status": "ok", "t_c": 3353, "t_fc": 3852, "err_cross": 3, "err_lag": 3, "err_ref": 3, "secs": 4.6}
{"seed": 9320117, "family": "rate", "window_frac": 0.05, "f": 0.98, "status": "ok", "t_c": 3647, "t_fc": 3852, "err_cross": 3, "err_lag": 3, "err_ref": 3, "secs": 4.42}
{"seed": 9320117, "family": "lin", "window_frac": 0.05, "f": 0.8, "status": "ok", "t_c": 1926, "t_fc": 3583, "err_cross": -266, "err_lag": 3, "err_ref": 3, "secs": 4.12}
{"seed": 9320117, "family": "lin", "window_frac": 0.05, "f": 0.9, "status": "ok", "t_c": 2870, "t_fc": 3777, "err_cross": -72, "err_lag": 4, "err_ref": 3, "secs": 4.64}
{"seed": 9320117, "family": "lin", "window_frac": 0.05, "f": 0.95, "status": "ok", "t_c": 3353, "t_fc": 3831, "err_cross": -18, "err_lag": 4, "err_ref": 3, "secs": 4.49}
{"seed": 9320117, "family": "lin", "window_frac": 0.05, "f": 0.98, "status": "ok", "t_c": 3647, "t_fc": 3847, "err_cross": -2, "err_lag": 3, "err_ref": 3, "secs": 4.58}
{"seed": 9320118, "family": "rate", "window_frac": 0.05, "f": 0.8, "status": "ok", "t_c": 2683, "t_fc": 4924, "err_cross": 13, "err_lag": 2, "err_ref": 2, "secs": 11.58}
{"seed": 9320118, "family": "rate", "window_frac": 0.05, "f": 0.9, "status": "ok", "t_c": 3772, "t_fc": 4916, "err_cross": 5, "err_lag": 2, "err_ref": 2, "secs": 5.82}
{"seed": 9320118, "family": "rate", "window_frac": 0.05, "f": 0.95, "status": "ok", "t_c": 4330, "t_fc": 4914, "err_cross": 3, "err_lag": 3, "err_ref": 2, "secs": 5.84}
{"seed": 9320118, "family": "rate", "window_frac": 0.05, "f": 0.98, "status": "ok", "t_c": 4669, "t_fc": 4913, "err_cross": 2, "err_lag": 2, "err_ref": 2, "secs": 5.8}
{"seed": 9320118, "family": "lin", "window_frac": 0.05, "f": 0.8, "status": "ok", "t_c": 2683, "t_fc": 4597, "err_cross": -314, "err_lag": 2, "err_ref": 2, "secs": 5.44}
{"seed": 9320118, "family": "lin", "window_frac": 0.05, "f": 0.9, "status": "ok", "t_c": 3772, "t_fc": 4824, "err_cross": -87, "err_lag": 3, "err_ref": 2, "secs": 6.07}
{"seed": 9320118, "family": "lin", "window_frac": 0.05, "f": 0.95, "status": "ok", "t_c": 4330, "t_fc": 4887, "err_cross": -24, "err_lag": 3, "err_ref": 2, "secs": 5.92}
{"seed": 9320118, "family": "lin", "window_frac": 0.05, "f": 0.98, "status": "ok", "t_c": 4669, "t_fc": 4907, "err_cross": -4, "err_lag": 3, "err_ref": 2, "secs": 5.72}
{"seed": 9320119, "family": "rate", "window_frac": 0.05, "f": 0.8, "status": "ok", "t_c": 5190, "t_fc": 8514, "err_cross": 71, "err_lag": 1, "err_ref": 0, "secs": 19.43}
{"seed": 9320119, "family": "rate", "window_frac": 0.05, "f": 0.9, "status": "ok", "t_c": 6753, "t_fc": 8452, "err_cross": 9, "err_lag": 1, "err_ref": 0, "secs": 9.99}
{"seed": 9320119, "family": "rate", "window_frac": 0.05, "f": 0.95, "status": "ok", "t_c": 7562, "t_fc": 8445, "err_cross": 2, "err_lag": 1, "err_ref": 0, "secs": 10.78}
{"seed": 9320119, "family": "rate", "window_frac": 0.05, "f": 0.98, "status": "ok", "t_c": 8057, "t_fc": 8444, "err_cross": 1, "err_lag": 1, "err_ref": 0, "secs": 10.4}
{"seed": 9320119, "family": "lin", "window_frac": 0.05, "f": 0.8, "status": "ok", "t_c": 5190, "t_fc": 7926, "err_cross": -517, "err_lag": 0, "err_ref": 0, "secs": 9.85}
{"seed": 9320119, "family": "lin", "window_frac": 0.05, "f": 0.9, "status": "ok", "t_c": 6753, "t_fc": 8298, "err_cross": -145, "err_lag": 0, "err_ref": 0, "secs": 9.64}
{"seed": 9320119, "family": "lin", "window_frac": 0.05, "f": 0.95, "status": "ok", "t_c": 7562, "t_fc": 8399, "err_cross": -44, "err_lag": 0, "err_ref": 0, "secs": 9.73}
{"seed": 9320119, "family": "lin", "window_frac": 0.05, "f": 0.98, "status": "ok", "t_c": 8057, "t_fc": 8432, "err_cross": -11, "err_lag": 0, "err_ref": 0, "secs": 9.45}
