2026-10-02 00:22:59 memory gate: free 48% swap_free 418.38M -> WAIT
2026-10-02 00:23:59 memory gate: free 44% swap_free 554.38M -> OK
# run: adam_r1 2953000
{"cond": "adam_r1", "seed": 2953000, "steps": 556, "status": "reached_3s*", "s_end": 10.776692665614494, "rho2_end": 0.48276049636185714, "events": {"first_literal": {"t": 0, "s": 0.5904314517974854}, "first_up": {"t": 379, "s": 9.387826497443726}, "last_up": {"t": 379, "s": 9.387826497443726}}, "t_scale": {"0.5s*": 33, "s*": 70, "1.25s*": 93, "s_F": 101, "2s*": 204, "3s*": 556}, "seconds": 0.11576223373413086, "max_rss_gb": 0.410714112}
2026-10-02 00:24:00 memory gate: free 42% swap_free 554.38M -> OK
# run: adam_r4 2953000
{"cond": "adam_r4", "seed": 2953000, "steps": 2691, "status": "reached_3s*", "s_end": 10.775805424988956, "rho2_end": 0.5893738919399465, "events": {"first_literal": {"t": 0, "s": 0.5904314517974854}, "first_up": {"t": 1243, "s": 7.328609850620545}, "last_up": {"t": 1243, "s": 7.328609850620545}}, "t_scale": {"0.5s*": 104, "s*": 297, "1.25s*": 446, "s_F": 501, "2s*": 1190, "3s*": 2691}, "seconds": 0.4272787570953369, "max_rss_gb": 0.376127488}
2026-10-02 00:24:01 memory gate: free 42% swap_free 554.38M -> OK
# run: adam_r16 2953000
{"cond": "adam_r16", "seed": 2953000, "steps": 7469, "status": "reached_3s*", "s_end": 10.77461989089408, "rho2_end": 0.7020998808887209, "events": {"first_literal": {"t": 0, "s": 0.5904314517974854}, "first_up": {"t": 3655, "s": 6.529645183469507}, "last_up": {"t": 3655, "s": 6.529645183469507}}, "t_scale": {"0.5s*": 432, "s*": 1454, "1.25s*": 2056, "s_F": 2253, "2s*": 4223, "3s*": 7469}, "seconds": 1.1668701171875, "max_rss_gb": 0.375078912}
2026-10-02 00:24:03 memory gate: free 42% swap_free 554.38M -> OK
# run: adam_r64 2953000
{"cond": "adam_r64", "seed": 2953000, "steps": 20253, "status": "reached_3s*", "s_end": 10.774348654238997, "rho2_end": 0.7048654814808741, "events": {"first_literal": {"t": 0, "s": 0.5904314517974854}, "first_up": {"t": 11804, "s": 6.6103384707290544}, "last_up": {"t": 11804, "s": 6.6103384707290544}}, "t_scale": {"0.5s*": 1963, "s*": 5618, "1.25s*": 7465, "s_F": 8039, "2s*": 12960, "3s*": 20253}, "seconds": 3.1279969215393066, "max_rss_gb": 0.376848384}
2026-10-02 00:24:06 memory gate: free 42% swap_free 554.38M -> OK
# run: gd_rho1 2953000
{"cond": "gd_rho1", "seed": 2953000, "steps": 556, "status": "reached_3s*", "s_end": 14.303923637606324, "rho2_end": 0.41828220570451186, "events": {"first_literal": {"t": 0, "s": 0.5904314517974854}, "first_up": {"t": 458, "s": 13.579493403714386}, "last_up": {"t": 458, "s": 13.579493403714386}}, "t_scale": {"0.5s*": 11, "s*": 21, "1.25s*": 30, "s_F": 34, "2s*": 115, "3s*": 237}, "seconds": 0.10242724418640137, "max_rss_gb": 0.410796032}
2026-10-02 00:24:07 memory gate: free 42% swap_free 554.38M -> OK
# run: gd_scale_r6 2953000
{"cond": "gd_scale_r6", "seed": 2953000, "steps": 979, "status": "reached_3s*", "s_end": 10.774861507320589, "rho2_end": 0.4633460680311798, "events": {"first_literal": {"t": 0, "s": 0.5904314517974854}, "first_up": {"t": 556, "s": 9.017392633433952}, "last_up": {"t": 556, "s": 9.017392633433952}}, "t_scale": {"0.5s*": 17, "s*": 45, "1.25s*": 86, "s_F": 110, "2s*": 349, "3s*": 979}, "seconds": 0.16279125213623047, "max_rss_gb": 0.374554624}
2026-10-02 00:24:08 memory gate: free 42% swap_free 554.38M -> OK
# run: gd_scale_r9 2953000
{"cond": "gd_scale_r9", "seed": 2953000, "steps": 993, "status": "reached_3s*", "s_end": 10.774637402642112, "rho2_end": 0.4641041322741719, "events": {"first_literal": {"t": 0, "s": 0.5904314517974854}, "first_up": {"t": 561, "s": 8.999552068621893}, "last_up": {"t": 561, "s": 8.999552068621893}}, "t_scale": {"0.5s*": 17, "s*": 45, "1.25s*": 87, "s_F": 112, "2s*": 353, "3s*": 993}, "seconds": 0.16367578506469727, "max_rss_gb": 0.374571008}
2026-10-02 00:24:08 memory gate: free 42% swap_free 554.38M -> OK
# run: gd_plain_r6 2953000
{"cond": "gd_plain_r6", "seed": 2953000, "steps": 13948, "status": "reached_3s*", "s_end": 10.774141293656474, "rho2_end": 0.6041380370198908, "events": {"first_literal": {"t": 0, "s": 0.5904314517974854}, "first_up": {"t": 4343, "s": 7.371557661600897}, "last_up": {"t": 4343, "s": 7.371557661600897}}, "t_scale": {"0.5s*": 199, "s*": 1027, "1.25s*": 1757, "s_F": 1912, "2s*": 4084, "3s*": 13948}, "seconds": 2.1535470485687256, "max_rss_gb": 0.377061376}
2026-10-02 00:24:11 memory gate: free 41% swap_free 554.38M -> OK
# run: gd_plain_r9 2953000
{"cond": "gd_plain_r9", "seed": 2953000, "steps": 97183, "status": "reached_3s*", "s_end": 10.77414193403158, "rho2_end": 0.7037390052740001, "events": {"first_literal": {"t": 0, "s": 0.5904314517974854}, "first_up": {"t": 16072, "s": 6.09879481284823}, "last_up": {"t": 16072, "s": 6.09879481284823}}, "t_scale": {"0.5s*": 1100, "s*": 5981, "1.25s*": 8659, "s_F": 9640, "2s*": 24528, "3s*": 97183}, "seconds": 14.885478019714355, "max_rss_gb": 0.383074304}
2026-10-02 00:24:26 memory gate: free 43% swap_free 554.38M -> OK
# run: gd_wn_r6 2953000
{"cond": "gd_wn_r6", "seed": 2953000, "steps": 173201, "status": "reached_3s*", "s_end": 10.774128183178416, "rho2_end": 0.7410880458051946, "events": {"first_literal": {"t": 0, "s": 0.5904314517974854}, "first_up": {"t": 138874, "s": 8.015805941124228}, "last_up": {"t": 138874, "s": 8.015805941124228}}, "t_scale": {"0.5s*": 509, "s*": 3566, "1.25s*": 8537, "s_F": 11078, "2s*": 97287, "3s*": 173201}, "seconds": 27.36297106742859, "max_rss_gb": 0.37945344}
2026-10-02 00:24:54 memory gate: free 40% swap_free 650.50M -> OK
# run: gd_wn_r9 2953000
{"cond": "gd_wn_r9", "seed": 2953000, "steps": 1000000, "status": "budget", "s_end": 6.049430021771524, "rho2_end": 0.0, "events": {"first_literal": {"t": 0, "s": 0.5904314517974854}, "first_up": null, "last_up": null}, "t_scale": {"0.5s*": 3925, "s*": 28205, "1.25s*": 67838, "s_F": 88154}, "seconds": 160.25514125823975, "max_rss_gb": 0.375717888}
2026-10-02 00:27:35 memory gate: free 41% swap_free 682.50M -> OK
# run: adam_wn_r64 2953000
{"cond": "adam_wn_r64", "seed": 2953000, "steps": 72157, "status": "reached_3s*", "s_end": 10.774269935644446, "rho2_end": 1.607062685825156e-05, "events": {"first_literal": {"t": 0, "s": 0.5904314517974854}, "first_up": {"t": 29, "s": 0.5953021653280087}, "last_up": {"t": 29, "s": 0.5953021653280087}}, "t_scale": {"0.5s*": 8280, "s*": 21579, "1.25s*": 28211, "s_F": 30252, "2s*": 47545, "3s*": 72157}, "seconds": 12.110549926757812, "max_rss_gb": 0.382009344}
2026-10-02 00:27:48 queue 2953000..2953000 done
2026-10-02 00:28:04 memory gate: free 44% swap_free 690.50M -> OK
# run: adam_r1 2953001
{"cond": "adam_r1", "seed": 2953001, "steps": 571, "status": "reached_3s*", "s_end": 10.78056593483797, "rho2_end": 0.39923701343790774, "events": {"first_literal": {"t": 13, "s": 1.012397911149486}, "first_up": {"t": 13, "s": 1.012397911149486}, "last_up": {"t": 553, "s": 10.626132147415495}}, "t_scale": {"0.5s*": 72, "s*": 131, "1.25s*": 162, "s_F": 171, "2s*": 277, "3s*": 571}, "seconds": 0.11324906349182129, "max_rss_gb": 0.42377216}
2026-10-02 00:28:04 memory gate: free 44% swap_free 690.50M -> OK
# run: adam_r4 2953001
{"cond": "adam_r4", "seed": 2953001, "steps": 2736, "status": "reached_3s*", "s_end": 10.775786993107506, "rho2_end": 0.6066017044195093, "events": {"first_literal": {"t": 18, "s": 1.1757861874127649}, "first_up": {"t": 18, "s": 1.1757861874127649}, "last_up": {"t": 951, "s": 6.824205933570765}}, "t_scale": {"0.5s*": 103, "s*": 285, "1.25s*": 417, "s_F": 463, "2s*": 1066, "3s*": 2736}, "seconds": 0.4385530948638916, "max_rss_gb": 0.374882304}
2026-10-02 00:28:05 memory gate: free 44% swap_free 690.50M -> OK
# run: adam_r16 2953001
{"cond": "adam_r16", "seed": 2953001, "steps": 7047, "status": "reached_3s*", "s_end": 10.774521987456422, "rho2_end": 0.6900758297617463, "events": {"first_literal": {"t": 20, "s": 1.230591198679816}, "first_up": {"t": 20, "s": 1.230591198679816}, "last_up": {"t": 2165, "s": 5.112669644353787}}, "t_scale": {"0.5s*": 230, "s*": 1085, "1.25s*": 1680, "s_F": 1891, "2s*": 3832, "3s*": 7047}, "seconds": 1.1211488246917725, "max_rss_gb": 0.380862464}
2026-10-02 00:28:07 memory gate: free 45% swap_free 690.50M -> OK
# run: adam_r64 2953001
{"cond": "adam_r64", "seed": 2953001, "steps": 18991, "status": "reached_3s*", "s_end": 10.774315016417246, "rho2_end": 0.7078003451176729, "events": {"first_literal": {"t": 20, "s": 1.2451871851829575}, "first_up": {"t": 20, "s": 1.2451871851829575}, "last_up": {"t": 7722, "s": 5.238576498791057}}, "t_scale": {"0.5s*": 847, "s*": 4325, "1.25s*": 6189, "s_F": 6761, "2s*": 11674, "3s*": 18991}, "seconds": 2.980006217956543, "max_rss_gb": 0.376324096}
2026-10-02 00:28:10 memory gate: free 44% swap_free 690.50M -> OK
# run: gd_rho1 2953001
{"cond": "gd_rho1", "seed": 2953001, "steps": 571, "status": "reached_3s*", "s_end": 14.88781454245477, "rho2_end": 0.4319232947774432, "events": {"first_literal": {"t": 2, "s": 1.039558911187207}, "first_up": {"t": 2, "s": 1.039558911187207}, "last_up": {"t": 439, "s": 13.559759707066153}}, "t_scale": {"0.5s*": 12, "s*": 29, "1.25s*": 46, "s_F": 54, "2s*": 173, "3s*": 299}, "seconds": 0.10449409484863281, "max_rss_gb": 0.423575552}
2026-10-02 00:28:11 memory gate: free 44% swap_free 690.50M -> OK
# run: gd_scale_r6 2953001
{"cond": "gd_scale_r6", "seed": 2953001, "steps": 1421, "status": "reached_3s*", "s_end": 10.778676853763775, "rho2_end": 0.5676935211745292, "events": {"first_literal": {"t": 2, "s": 1.2466593544347457}, "first_up": {"t": 2, "s": 1.2466593544347457}, "last_up": {"t": 869, "s": 8.62023260509989}}, "t_scale": {"0.5s*": 17, "s*": 67, "1.25s*": 172, "s_F": 250, "2s*": 655, "3s*": 1421}, "seconds": 0.23389911651611328, "max_rss_gb": 0.375750656}
2026-10-02 00:28:12 memory gate: free 44% swap_free 690.50M -> OK
# run: gd_scale_r9 2953001
{"cond": "gd_scale_r9", "seed": 2953001, "steps": 1439, "status": "reached_3s*", "s_end": 10.775176921250695, "rho2_end": 0.5685249039887571, "events": {"first_literal": {"t": 2, "s": 1.2496274057315202}, "first_up": {"t": 2, "s": 1.2496274057315202}, "last_up": {"t": 880, "s": 8.614306180183652}}, "t_scale": {"0.5s*": 17, "s*": 66, "1.25s*": 173, "s_F": 253, "2s*": 665, "3s*": 1439}, "seconds": 0.23456406593322754, "max_rss_gb": 0.376061952}
2026-10-02 00:28:12 memory gate: free 44% swap_free 690.50M -> OK
# run: gd_plain_r6 2953001
{"cond": "gd_plain_r6", "seed": 2953001, "steps": 13798, "status": "reached_3s*", "s_end": 10.774311963124791, "rho2_end": 0.606348705514116, "events": {"first_literal": {"t": 4, "s": 1.2469689532521113}, "first_up": {"t": 4, "s": 1.2469689532521113}, "last_up": {"t": 4197, "s": 7.516484496181855}}, "t_scale": {"0.5s*": 89, "s*": 744, "1.25s*": 1256, "s_F": 1405, "2s*": 3681, "3s*": 13798}, "seconds": 2.1656339168548584, "max_rss_gb": 0.375816192}
2026-10-02 00:28:15 memory gate: free 44% swap_free 690.50M -> OK
# run: gd_plain_r9 2953001
{"cond": "gd_plain_r9", "seed": 2953001, "steps": 96906, "status": "reached_3s*", "s_end": 10.774143666868298, "rho2_end": 0.7037611657822398, "events": {"first_literal": {"t": 4, "s": 1.2496665678760548}, "first_up": {"t": 4, "s": 1.2496665678760548}, "last_up": {"t": 14396, "s": 5.915636025187953}}, "t_scale": {"0.5s*": 583, "s*": 5271, "1.25s*": 8035, "s_F": 9032, "2s*": 24012, "3s*": 96906}, "seconds": 14.872036933898926, "max_rss_gb": 0.38445056}
2026-10-02 00:28:30 memory gate: free 44% swap_free 690.50M -> OK
# run: gd_wn_r6 2953001
{"cond": "gd_wn_r6", "seed": 2953001, "steps": 154396, "status": "reached_3s*", "s_end": 10.774140921233721, "rho2_end": 0.741090456627845, "events": {"first_literal": {"t": 2, "s": 1.248316434833682}, "first_up": {"t": 2, "s": 1.248316434833682}, "last_up": {"t": 116928, "s": 7.413438167828868}}, "t_scale": {"0.5s*": 277, "s*": 3321, "1.25s*": 8287, "s_F": 10828, "2s*": 106099, "3s*": 154396}, "seconds": 24.526151180267334, "max_rss_gb": 0.389414912}
2026-10-02 00:28:55 memory gate: free 44% swap_free 690.50M -> OK
# run: gd_wn_r9 2953001
{"cond": "gd_wn_r9", "seed": 2953001, "steps": 1000000, "status": "budget", "s_end": 6.0494300217715145, "rho2_end": 2.235587586351027e-18, "events": {"first_literal": {"t": 2, "s": 1.2498347053002756}, "first_up": {"t": 2, "s": 1.2498347053002756}, "last_up": {"t": 2, "s": 1.2498347053002756}}, "t_scale": {"0.5s*": 2209, "s*": 26478, "1.25s*": 66116, "s_F": 86434}, "seconds": 157.98011708259583, "max_rss_gb": 0.377520128}
2026-10-02 00:31:34 memory gate: free 43% swap_free 698.50M -> OK
# run: adam_wn_r64 2953001
{"cond": "adam_wn_r64", "seed": 2953001, "steps": 67579, "status": "reached_3s*", "s_end": 10.774191096898218, "rho2_end": 6.801661501184263e-05, "events": {"first_literal": {"t": 10, "s": 1.248556903961806}, "first_up": {"t": 10, "s": 1.248556903961806}, "last_up": {"t": 10, "s": 1.248556903961806}}, "t_scale": {"0.5s*": 3718, "s*": 17001, "1.25s*": 23633, "s_F": 25675, "2s*": 42968, "3s*": 67579}, "seconds": 11.324869871139526, "max_rss_gb": 0.433569792}
2026-10-02 00:31:46 memory gate: free 43% swap_free 698.50M -> OK
# run: adam_r1 2953002
{"cond": "adam_r1", "seed": 2953002, "steps": 474, "status": "reached_3s*", "s_end": 10.778409648507377, "rho2_end": 0.3895377716304468, "events": {"first_literal": {"t": 0, "s": 1.0234599113464355}, "first_up": null, "last_up": null}, "t_scale": {"0.5s*": 35, "s*": 78, "1.25s*": 101, "s_F": 110, "2s*": 208, "3s*": 474}, "seconds": 0.0845651626586914, "max_rss_gb": 0.374833152}
2026-10-02 00:31:47 memory gate: free 43% swap_free 698.50M -> OK
# run: adam_r4 2953002
{"cond": "adam_r4", "seed": 2953002, "steps": 2671, "status": "reached_3s*", "s_end": 10.774977696060398, "rho2_end": 0.6081847195024963, "events": {"first_literal": {"t": 0, "s": 1.0234599113464355}, "first_up": {"t": 1176, "s": 7.513551081187067}, "last_up": {"t": 1176, "s": 7.513551081187067}}, "t_scale": {"0.5s*": 88, "s*": 274, "1.25s*": 406, "s_F": 453, "2s*": 1062, "3s*": 2671}, "seconds": 0.4269392490386963, "max_rss_gb": 0.375996416}
2026-10-02 00:31:47 memory gate: free 43% swap_free 698.50M -> OK
# run: adam_r16 2953002
{"cond": "adam_r16", "seed": 2953002, "steps": 7065, "status": "reached_3s*", "s_end": 10.774430548041465, "rho2_end": 0.700551278905044, "events": {"first_literal": {"t": 0, "s": 1.0234599113464355}, "first_up": {"t": 3430, "s": 6.665344703766093}, "last_up": {"t": 3430, "s": 6.665344703766093}}, "t_scale": {"0.5s*": 279, "s*": 1190, "1.25s*": 1804, "s_F": 1989, "2s*": 3872, "3s*": 7065}, "seconds": 1.1151208877563477, "max_rss_gb": 0.420315136}
2026-10-02 00:31:49 memory gate: free 43% swap_free 698.50M -> OK
# run: adam_r64 2953002
{"cond": "adam_r64", "seed": 2953002, "steps": 19337, "status": "reached_3s*", "s_end": 10.774307007117434, "rho2_end": 0.7047630544558561, "events": {"first_literal": {"t": 0, "s": 1.0234599113464355}, "first_up": {"t": 10044, "s": 6.190340612112131}, "last_up": {"t": 10044, "s": 6.190340612112131}}, "t_scale": {"0.5s*": 1202, "s*": 4760, "1.25s*": 6555, "s_F": 7126, "2s*": 12062, "3s*": 19337}, "seconds": 3.059317111968994, "max_rss_gb": 0.435929088}
2026-10-02 00:31:53 memory gate: free 44% swap_free 698.50M -> OK
# run: gd_rho1 2953002
{"cond": "gd_rho1", "seed": 2953002, "steps": 474, "status": "reached_3s*", "s_end": 15.10762134442223, "rho2_end": 0.4243571035778515, "events": {"first_literal": {"t": 0, "s": 1.0234599113464355}, "first_up": {"t": 378, "s": 14.149829154076293}, "last_up": {"t": 378, "s": 14.149829154076293}}, "t_scale": {"0.5s*": 7, "s*": 16, "1.25s*": 24, "s_F": 27, "2s*": 86, "3s*": 194}, "seconds": 0.086090087890625, "max_rss_gb": 0.374784}
2026-10-02 00:31:53 memory gate: free 44% swap_free 698.50M -> OK
# run: gd_scale_r6 2953002
{"cond": "gd_scale_r6", "seed": 2953002, "steps": 1396, "status": "reached_3s*", "s_end": 10.774353358926982, "rho2_end": 0.5010871759657106, "events": {"first_literal": {"t": 0, "s": 1.0234599113464355}, "first_up": {"t": 894, "s": 8.989954670683595}, "last_up": {"t": 894, "s": 8.989954670683595}}, "t_scale": {"0.5s*": 14, "s*": 51, "1.25s*": 109, "s_F": 147, "2s*": 662, "3s*": 1396}, "seconds": 0.2305622100830078, "max_rss_gb": 0.376127488}
2026-10-02 00:31:54 memory gate: free 44% swap_free 698.50M -> OK
# run: gd_scale_r9 2953002
{"cond": "gd_scale_r9", "seed": 2953002, "steps": 1469, "status": "reached_3s*", "s_end": 10.775313312389676, "rho2_end": 0.5085533864240009, "events": {"first_literal": {"t": 0, "s": 1.0234599113464355}, "first_up": {"t": 922, "s": 8.896006576532837}, "last_up": {"t": 922, "s": 8.896006576532837}}, "t_scale": {"0.5s*": 14, "s*": 52, "1.25s*": 111, "s_F": 151, "2s*": 696, "3s*": 1469}, "seconds": 0.24126005172729492, "max_rss_gb": 0.374915072}
2026-10-02 00:31:55 memory gate: free 44% swap_free 698.50M -> OK
# run: gd_plain_r6 2953002
{"cond": "gd_plain_r6", "seed": 2953002, "steps": 13463, "status": "reached_3s*", "s_end": 10.774248839165464, "rho2_end": 0.6103737541578979, "events": {"first_literal": {"t": 0, "s": 1.0234599113464355}, "first_up": {"t": 3902, "s": 7.256992223500946}, "last_up": {"t": 3902, "s": 7.256992223500946}}, "t_scale": {"0.5s*": 117, "s*": 786, "1.25s*": 1551, "s_F": 1709, "2s*": 3811, "3s*": 13463}, "seconds": 2.0805137157440186, "max_rss_gb": 0.375783424}
2026-10-02 00:31:57 memory gate: free 44% swap_free 698.50M -> OK
# run: gd_plain_r9 2953002
{"cond": "gd_plain_r9", "seed": 2953002, "steps": 97271, "status": "reached_3s*", "s_end": 10.774145399098556, "rho2_end": 0.7036679803323014, "events": {"first_literal": {"t": 0, "s": 1.0234599113464355}, "first_up": {"t": 16630, "s": 6.195079119173383}, "last_up": {"t": 16630, "s": 6.195079119173383}}, "t_scale": {"0.5s*": 739, "s*": 5927, "1.25s*": 8587, "s_F": 9552, "2s*": 24525, "3s*": 97271}, "seconds": 14.910131216049194, "max_rss_gb": 0.39616512}
2026-10-02 00:32:13 memory gate: free 45% swap_free 698.50M -> OK
# run: gd_wn_r6 2953002
{"cond": "gd_wn_r6", "seed": 2953002, "steps": 184031, "status": "reached_3s*", "s_end": 10.774138967101194, "rho2_end": 0.7410886701325299, "events": {"first_literal": {"t": 0, "s": 1.0234599113464355}, "first_up": {"t": 149979, "s": 8.06029254426613}, "last_up": {"t": 149979, "s": 8.06029254426613}}, "t_scale": {"0.5s*": 361, "s*": 3417, "1.25s*": 8387, "s_F": 10929, "2s*": 104538, "3s*": 184031}, "seconds": 29.249850749969482, "max_rss_gb": 0.380862464}
2026-10-02 00:32:42 memory gate: free 41% swap_free 698.50M -> OK
# run: gd_wn_r9 2953002
{"cond": "gd_wn_r9", "seed": 2953002, "steps": 1000000, "status": "budget", "s_end": 6.049430021771542, "rho2_end": 1.1642211461357286e-18, "events": {"first_literal": {"t": 0, "s": 1.0234599113464355}, "first_up": null, "last_up": null}, "t_scale": {"0.5s*": 2885, "s*": 27165, "1.25s*": 66800, "s_F": 87116}, "seconds": 162.6505479812622, "max_rss_gb": 0.377389056}
2026-10-02 00:35:26 memory gate: free 34% swap_free 938.50M -> OK
# run: adam_wn_r64 2953002
{"cond": "adam_wn_r64", "seed": 2953002, "steps": 69164, "status": "reached_3s*", "s_end": 10.774148780084953, "rho2_end": 7.28472253729557e-12, "events": {"first_literal": {"t": 0, "s": 1.0234599113464355}, "first_up": null, "last_up": null}, "t_scale": {"0.5s*": 5293, "s*": 18587, "1.25s*": 25218, "s_F": 27260, "2s*": 44553, "3s*": 69164}, "seconds": 11.930402994155884, "max_rss_gb": 0.375750656}
2026-10-02 00:35:38 memory gate: free 34% swap_free 938.50M -> OK
# run: adam_r1 2953003
{"cond": "adam_r1", "seed": 2953003, "steps": 605, "status": "reached_3s*", "s_end": 10.781586318390136, "rho2_end": 0.3624838379327231, "events": {"first_literal": {"t": 0, "s": 1.237106204032898}, "first_up": null, "last_up": null}, "t_scale": {"0.5s*": 34, "s*": 85, "1.25s*": 118, "s_F": 131, "2s*": 312, "3s*": 605}, "seconds": 0.12374997138977051, "max_rss_gb": 0.446103552}
2026-10-02 00:35:39 memory gate: free 34% swap_free 938.50M -> OK
# run: adam_r4 2953003
{"cond": "adam_r4", "seed": 2953003, "steps": 2446, "status": "reached_3s*", "s_end": 10.775918298095318, "rho2_end": 0.6104752236110034, "events": {"first_literal": {"t": 0, "s": 1.237106204032898}, "first_up": {"t": 1062, "s": 7.298665904801613}, "last_up": {"t": 1062, "s": 7.298665904801613}}, "t_scale": {"0.5s*": 79, "s*": 277, "1.25s*": 402, "s_F": 447, "2s*": 1026, "3s*": 2446}, "seconds": 0.40865516662597656, "max_rss_gb": 0.376061952}
2026-10-02 00:35:40 memory gate: free 35% swap_free 938.50M -> OK
# run: adam_r16 2953003
{"cond": "adam_r16", "seed": 2953003, "steps": 6879, "status": "reached_3s*", "s_end": 10.774161547044349, "rho2_end": 0.6578242592823468, "events": {"first_literal": {"t": 0, "s": 1.237106204032898}, "first_up": {"t": 2551, "s": 5.808484322495981}, "last_up": {"t": 2551, "s": 5.808484322495981}}, "t_scale": {"0.5s*": 222, "s*": 1108, "1.25s*": 1632, "s_F": 1813, "2s*": 3647, "3s*": 6879}, "seconds": 1.1102261543273926, "max_rss_gb": 0.376111104}
2026-10-02 00:35:42 memory gate: free 35% swap_free 938.50M -> OK
# run: adam_r64 2953003
{"cond": "adam_r64", "seed": 2953003, "steps": 18839, "status": "reached_3s*", "s_end": 10.774536858336273, "rho2_end": 0.7040282918136429, "events": {"first_literal": {"t": 0, "s": 1.237106204032898}, "first_up": {"t": 10855, "s": 6.840900299114525}, "last_up": {"t": 10855, "s": 6.840900299114525}}, "t_scale": {"0.5s*": 855, "s*": 4280, "1.25s*": 6075, "s_F": 6642, "2s*": 11546, "3s*": 18839}, "seconds": 2.997105121612549, "max_rss_gb": 0.437305344}
2026-10-02 00:35:45 memory gate: free 35% swap_free 938.50M -> OK
# run: gd_rho1 2953003
{"cond": "gd_rho1", "seed": 2953003, "steps": 605, "status": "reached_3s*", "s_end": 14.321884798921062, "rho2_end": 0.3917889720728126, "events": {"first_literal": {"t": 0, "s": 1.237106204032898}, "first_up": {"t": 604, "s": 14.314636595983579}, "last_up": {"t": 604, "s": 14.314636595983579}}, "t_scale": {"0.5s*": 9, "s*": 19, "1.25s*": 27, "s_F": 31, "2s*": 177, "3s*": 310}, "seconds": 0.11244487762451172, "max_rss_gb": 0.446201856}
2026-10-02 00:35:46 memory gate: free 35% swap_free 938.50M -> OK
# run: gd_scale_r6 2953003
{"cond": "gd_scale_r6", "seed": 2953003, "steps": 1241, "status": "reached_3s*", "s_end": 10.775884846262068, "rho2_end": 0.4984586665175894, "events": {"first_literal": {"t": 0, "s": 1.237106204032898}, "first_up": {"t": 764, "s": 8.663355873320048}, "last_up": {"t": 764, "s": 8.663355873320048}}, "t_scale": {"0.5s*": 13, "s*": 49, "1.25s*": 102, "s_F": 136, "2s*": 604, "3s*": 1241}, "seconds": 0.20984697341918945, "max_rss_gb": 0.374767616}
2026-10-02 00:35:47 memory gate: free 35% swap_free 938.50M -> OK
# run: gd_scale_r9 2953003
{"cond": "gd_scale_r9", "seed": 2953003, "steps": 1246, "status": "reached_3s*", "s_end": 10.777880682671563, "rho2_end": 0.49864353932697497, "events": {"first_literal": {"t": 0, "s": 1.237106204032898}, "first_up": {"t": 764, "s": 8.670299591722681}, "last_up": {"t": 764, "s": 8.670299591722681}}, "t_scale": {"0.5s*": 13, "s*": 49, "1.25s*": 103, "s_F": 139, "2s*": 600, "3s*": 1246}, "seconds": 0.22015905380249023, "max_rss_gb": 0.374734848}
2026-10-02 00:35:47 memory gate: free 36% swap_free 938.50M -> OK
# run: gd_plain_r6 2953003
{"cond": "gd_plain_r6", "seed": 2953003, "steps": 13032, "status": "reached_3s*", "s_end": 10.774322790286483, "rho2_end": 0.6098039212698706, "events": {"first_literal": {"t": 0, "s": 1.237106204032898}, "first_up": {"t": 3501, "s": 7.271198363782223}, "last_up": {"t": 3501, "s": 7.271198363782223}}, "t_scale": {"0.5s*": 101, "s*": 734, "1.25s*": 1287, "s_F": 1442, "2s*": 3394, "3s*": 13032}, "seconds": 2.055518865585327, "max_rss_gb": 0.379551744}
2026-10-02 00:35:50 memory gate: free 36% swap_free 938.50M -> OK
# run: gd_plain_r9 2953003
{"cond": "gd_plain_r9", "seed": 2953003, "steps": 96258, "status": "reached_3s*", "s_end": 10.774131077648539, "rho2_end": 0.703920918929184, "events": {"first_literal": {"t": 0, "s": 1.237106204032898}, "first_up": {"t": 16967, "s": 6.440061930588087}, "last_up": {"t": 16967, "s": 6.440061930588087}}, "t_scale": {"0.5s*": 634, "s*": 4625, "1.25s*": 7258, "s_F": 8228, "2s*": 23140, "3s*": 96258}, "seconds": 15.21695613861084, "max_rss_gb": 0.377225216}
2026-10-02 00:36:06 memory gate: free 30% swap_free 946.50M -> OK
# run: gd_wn_r6 2953003
{"cond": "gd_wn_r6", "seed": 2953003, "steps": 184458, "status": "reached_3s*", "s_end": 10.7741677304991, "rho2_end": 0.7410880623807773, "events": {"first_literal": {"t": 0, "s": 1.237106204032898}, "first_up": {"t": 150570, "s": 8.084403430131434}, "last_up": {"t": 150570, "s": 8.084403430131434}}, "t_scale": {"0.5s*": 281, "s*": 3331, "1.25s*": 8300, "s_F": 10842, "2s*": 102885, "3s*": 184458}, "seconds": 29.808385133743286, "max_rss_gb": 0.374849536}
2026-10-02 00:36:36 memory gate: free 32% swap_free 954.50M -> OK
# run: gd_wn_r9 2953003
{"cond": "gd_wn_r9", "seed": 2953003, "steps": 1000000, "status": "budget", "s_end": 6.049430021771531, "rho2_end": 2.8298577042415256e-19, "events": {"first_literal": {"t": 0, "s": 1.237106204032898}, "first_up": null, "last_up": null}, "t_scale": {"0.5s*": 2250, "s*": 26518, "1.25s*": 66145, "s_F": 86459}, "seconds": 162.18904399871826, "max_rss_gb": 0.375996416}
2026-10-02 00:39:19 memory gate: free 38% swap_free 962.50M -> OK
# run: adam_wn_r64 2953003
{"cond": "adam_wn_r64", "seed": 2953003, "steps": 67601, "status": "reached_3s*", "s_end": 10.774232497073914, "rho2_end": 1.783828696818503e-09, "events": {"first_literal": {"t": 0, "s": 1.237106204032898}, "first_up": null, "last_up": null}, "t_scale": {"0.5s*": 3740, "s*": 17023, "1.25s*": 23655, "s_F": 25696, "2s*": 42989, "3s*": 67601}, "seconds": 11.429205179214478, "max_rss_gb": 0.379224064}
2026-10-02 00:39:31 memory gate: free 37% swap_free 962.50M -> OK
# run: adam_r1 2953004
{"cond": "adam_r1", "seed": 2953004, "steps": 630, "status": "reached_3s*", "s_end": 10.77429319718167, "rho2_end": 0.398115357146731, "events": {"first_literal": {"t": 0, "s": 0.6759665012359619}, "first_up": {"t": 606, "s": 10.613726699533363}, "last_up": {"t": 606, "s": 10.613726699533363}}, "t_scale": {"0.5s*": 38, "s*": 85, "1.25s*": 114, "s_F": 125, "2s*": 259, "3s*": 630}, "seconds": 0.10943388938903809, "max_rss_gb": 0.375652352}
2026-10-02 00:39:32 memory gate: free 37% swap_free 962.50M -> OK
# run: adam_r4 2953004
{"cond": "adam_r4", "seed": 2953004, "steps": 2642, "status": "reached_3s*", "s_end": 10.775245516704736, "rho2_end": 0.6209959119648518, "events": {"first_literal": {"t": 0, "s": 0.6759665012359619}, "first_up": {"t": 445, "s": 4.385797549402943}, "last_up": {"t": 445, "s": 4.385797549402943}}, "t_scale": {"0.5s*": 130, "s*": 332, "1.25s*": 462, "s_F": 508, "2s*": 1067, "3s*": 2642}, "seconds": 0.4410099983215332, "max_rss_gb": 0.375980032}
2026-10-02 00:39:33 memory gate: free 37% swap_free 962.50M -> OK
# run: adam_r16 2953004
{"cond": "adam_r16", "seed": 2953004, "steps": 7389, "status": "reached_3s*", "s_end": 10.774602497585828, "rho2_end": 0.7039756664368784, "events": {"first_literal": {"t": 0, "s": 0.6759665012359619}, "first_up": {"t": 1107, "s": 3.1690828129969577}, "last_up": {"t": 1107, "s": 3.1690828129969577}}, "t_scale": {"0.5s*": 434, "s*": 1347, "1.25s*": 1921, "s_F": 2116, "2s*": 4080, "3s*": 7389}, "seconds": 1.2205541133880615, "max_rss_gb": 0.376160256}
2026-10-02 00:39:34 memory gate: free 37% swap_free 962.50M -> OK
# run: adam_r64 2953004
{"cond": "adam_r64", "seed": 2953004, "steps": 20014, "status": "reached_3s*", "s_end": 10.774598479776785, "rho2_end": 0.7035300548225843, "events": {"first_literal": {"t": 0, "s": 0.6759665012359619}, "first_up": {"t": 5030, "s": 3.4374043459869164}, "last_up": {"t": 5030, "s": 3.4374043459869164}}, "t_scale": {"0.5s*": 1830, "s*": 5331, "1.25s*": 7137, "s_F": 7709, "2s*": 12686, "3s*": 20014}, "seconds": 3.2011189460754395, "max_rss_gb": 0.385024}
2026-10-02 00:39:38 memory gate: free 37% swap_free 962.50M -> OK
# run: gd_rho1 2953004
{"cond": "gd_rho1", "seed": 2953004, "steps": 630, "status": "reached_3s*", "s_end": 15.957844660141323, "rho2_end": 0.4312476259559735, "events": {"first_literal": {"t": 0, "s": 0.6759665012359619}, "first_up": {"t": 480, "s": 14.792682106615853}, "last_up": {"t": 480, "s": 14.792682106615853}}, "t_scale": {"0.5s*": 7, "s*": 16, "1.25s*": 23, "s_F": 26, "2s*": 96, "3s*": 235}, "seconds": 0.11444377899169922, "max_rss_gb": 0.375635968}
2026-10-02 00:39:39 memory gate: free 37% swap_free 962.50M -> OK
# run: gd_scale_r6 2953004
{"cond": "gd_scale_r6", "seed": 2953004, "steps": 2088, "status": "reached_3s*", "s_end": 10.77986020105602, "rho2_end": 0.567209859340106, "events": {"first_literal": {"t": 0, "s": 0.6759665012359619}, "first_up": {"t": 1643, "s": 9.469106063153307}, "last_up": {"t": 1643, "s": 9.469106063153307}}, "t_scale": {"0.5s*": 19, "s*": 79, "1.25s*": 200, "s_F": 277, "2s*": 1338, "3s*": 2088}, "seconds": 0.3619410991668701, "max_rss_gb": 0.43573248}
2026-10-02 00:39:40 memory gate: free 37% swap_free 962.50M -> OK
# run: gd_scale_r9 2953004
{"cond": "gd_scale_r9", "seed": 2953004, "steps": 2106, "status": "reached_3s*", "s_end": 10.775536469802034, "rho2_end": 0.5683008387276444, "events": {"first_literal": {"t": 0, "s": 0.6759665012359619}, "first_up": {"t": 1651, "s": 9.417422800450973}, "last_up": {"t": 1651, "s": 9.417422800450973}}, "t_scale": {"0.5s*": 20, "s*": 79, "1.25s*": 198, "s_F": 274, "2s*": 1350, "3s*": 2106}, "seconds": 0.35796117782592773, "max_rss_gb": 0.446988288}
2026-10-02 00:39:41 memory gate: free 37% swap_free 962.50M -> OK
# run: gd_plain_r6 2953004
{"cond": "gd_plain_r6", "seed": 2953004, "steps": 13648, "status": "reached_3s*", "s_end": 10.774128370994582, "rho2_end": 0.6089131591108308, "events": {"first_literal": {"t": 0, "s": 0.6759665012359619}, "first_up": {"t": 4180, "s": 7.414672796498083}, "last_up": {"t": 4180, "s": 7.414672796498083}}, "t_scale": {"0.5s*": 166, "s*": 856, "1.25s*": 1440, "s_F": 1596, "2s*": 3850, "3s*": 13648}, "seconds": 2.1307950019836426, "max_rss_gb": 0.377126912}
2026-10-02 00:39:43 memory gate: free 37% swap_free 962.50M -> OK
# run: gd_plain_r9 2953004
{"cond": "gd_plain_r9", "seed": 2953004, "steps": 97196, "status": "reached_3s*", "s_end": 10.774146005104324, "rho2_end": 0.7039212821416708, "events": {"first_literal": {"t": 0, "s": 0.6759665012359619}, "first_up": {"t": 16990, "s": 6.2828648226405654}, "last_up": {"t": 16990, "s": 6.2828648226405654}}, "t_scale": {"0.5s*": 1013, "s*": 5736, "1.25s*": 8368, "s_F": 9347, "2s*": 24248, "3s*": 97196}, "seconds": 15.19983696937561, "max_rss_gb": 0.382468096}
2026-10-02 00:39:59 memory gate: free 37% swap_free 962.50M -> OK
# run: gd_wn_r6 2953004
{"cond": "gd_wn_r6", "seed": 2953004, "steps": 182931, "status": "reached_3s*", "s_end": 10.774132106278957, "rho2_end": 0.7410877124993155, "events": {"first_literal": {"t": 0, "s": 0.6759665012359619}, "first_up": {"t": 148988, "s": 8.075972371110147}, "last_up": {"t": 148988, "s": 8.075972371110147}}, "t_scale": {"0.5s*": 473, "s*": 3540, "1.25s*": 8513, "s_F": 11056, "2s*": 102111, "3s*": 182931}, "seconds": 29.454023838043213, "max_rss_gb": 0.379469824}
2026-10-02 00:40:29 memory gate: free 40% swap_free 962.50M -> OK
# run: gd_wn_r9 2953004
{"cond": "gd_wn_r9", "seed": 2953004, "steps": 1000000, "status": "budget", "s_end": 6.04943002177157, "rho2_end": 2.1223932781813388e-20, "events": {"first_literal": {"t": 0, "s": 0.6759665012359619}, "first_up": null, "last_up": null}, "t_scale": {"0.5s*": 3728, "s*": 28016, "1.25s*": 67639, "s_F": 87951}, "seconds": 159.56851410865784, "max_rss_gb": 0.408158208}
2026-10-02 00:43:09 memory gate: free 39% swap_free 1138.50M -> OK
# run: adam_wn_r64 2953004
{"cond": "adam_wn_r64", "seed": 2953004, "steps": 71610, "status": "reached_3s*", "s_end": 10.7742731170548, "rho2_end": 5.373625945308877e-09, "events": {"first_literal": {"t": 0, "s": 0.6759665012359619}, "first_up": null, "last_up": null}, "t_scale": {"0.5s*": 7733, "s*": 21032, "1.25s*": 27663, "s_F": 29705, "2s*": 46998, "3s*": 71610}, "seconds": 12.078428983688354, "max_rss_gb": 0.455114752}
2026-10-02 00:43:22 memory gate: free 40% swap_free 1138.50M -> OK
# run: adam_r1 2953005
{"cond": "adam_r1", "seed": 2953005, "steps": 582, "status": "reached_3s*", "s_end": 10.776871044694783, "rho2_end": 0.41836623112764904, "events": {"first_literal": {"t": 9, "s": 1.1837262628292062}, "first_up": {"t": 9, "s": 1.1837262628292062}, "last_up": {"t": 458, "s": 9.903532155128534}}, "t_scale": {"0.5s*": 48, "s*": 95, "1.25s*": 118, "s_F": 125, "2s*": 217, "3s*": 582}, "seconds": 0.108489990234375, "max_rss_gb": 0.431276032}
2026-10-02 00:43:23 memory gate: free 40% swap_free 1138.50M -> OK
# run: adam_r4 2953005
{"cond": "adam_r4", "seed": 2953005, "steps": 2436, "status": "reached_3s*", "s_end": 10.7742120096387, "rho2_end": 0.6244536802136381, "events": {"first_literal": {"t": 13, "s": 1.287116368579682}, "first_up": {"t": 13, "s": 1.287116368579682}, "last_up": {"t": 859, "s": 6.624203600489311}}, "t_scale": {"0.5s*": 87, "s*": 251, "1.25s*": 377, "s_F": 425, "2s*": 1001, "3s*": 2436}, "seconds": 0.389143705368042, "max_rss_gb": 0.376061952}
2026-10-02 00:43:23 memory gate: free 40% swap_free 1138.50M -> OK
# run: adam_r16 2953005
{"cond": "adam_r16", "seed": 2953005, "steps": 6920, "status": "reached_3s*", "s_end": 10.77469629695239, "rho2_end": 0.6838789864555703, "events": {"first_literal": {"t": 15, "s": 1.3158391895614194}, "first_up": {"t": 15, "s": 1.3158391895614194}, "last_up": {"t": 2292, "s": 5.448967088869552}}, "t_scale": {"0.5s*": 193, "s*": 1032, "1.25s*": 1635, "s_F": 1817, "2s*": 3691, "3s*": 6920}, "seconds": 1.1053712368011475, "max_rss_gb": 0.37634048}
2026-10-02 00:43:25 memory gate: free 39% swap_free 1138.50M -> OK
# run: adam_r64 2953005
{"cond": "adam_r64", "seed": 2953005, "steps": 18799, "status": "reached_3s*", "s_end": 10.77443910700336, "rho2_end": 0.7048198603187885, "events": {"first_literal": {"t": 15, "s": 1.3229195804409553}, "first_up": {"t": 15, "s": 1.3229195804409553}, "last_up": {"t": 9592, "s": 6.2332708455732115}}, "t_scale": {"0.5s*": 695, "s*": 4147, "1.25s*": 6000, "s_F": 6577, "2s*": 11522, "3s*": 18799}, "seconds": 2.9695510864257812, "max_rss_gb": 0.382124032}
2026-10-02 00:43:28 memory gate: free 39% swap_free 1138.50M -> OK
# run: gd_rho1 2953005
{"cond": "gd_rho1", "seed": 2953005, "steps": 582, "status": "reached_3s*", "s_end": 15.297470641055533, "rho2_end": 0.3877914154787972, "events": {"first_literal": {"t": 2, "s": 1.0059905545247507}, "first_up": {"t": 2, "s": 1.0059905545247507}, "last_up": {"t": 2, "s": 1.0059905545247507}}, "t_scale": {"0.5s*": 7, "s*": 15, "1.25s*": 20, "s_F": 23, "2s*": 85, "3s*": 215}, "seconds": 0.11356019973754883, "max_rss_gb": 0.431095808}
2026-10-02 00:43:29 memory gate: free 39% swap_free 1138.50M -> OK
# run: gd_scale_r6 2953005
{"cond": "gd_scale_r6", "seed": 2953005, "steps": 1461, "status": "reached_3s*", "s_end": 10.774789149670326, "rho2_end": 0.4865420114257094, "events": {"first_literal": {"t": 2, "s": 1.3202700354090795}, "first_up": {"t": 2, "s": 1.3202700354090795}, "last_up": {"t": 1044, "s": 9.514556789726043}}, "t_scale": {"0.5s*": 19, "s*": 64, "1.25s*": 132, "s_F": 180, "2s*": 695, "3s*": 1461}, "seconds": 0.24399399757385254, "max_rss_gb": 0.374898688}
2026-10-02 00:43:30 memory gate: free 39% swap_free 1138.50M -> OK
# run: gd_scale_r9 2953005
{"cond": "gd_scale_r9", "seed": 2953005, "steps": 1536, "status": "reached_3s*", "s_end": 10.77447589810954, "rho2_end": 0.4967745911906256, "events": {"first_literal": {"t": 2, "s": 1.3246550805786714}, "first_up": {"t": 2, "s": 1.3246550805786714}, "last_up": {"t": 1067, "s": 9.403568463423642}}, "t_scale": {"0.5s*": 19, "s*": 63, "1.25s*": 130, "s_F": 178, "2s*": 726, "3s*": 1536}, "seconds": 0.25377583503723145, "max_rss_gb": 0.378830848}
2026-10-02 00:43:30 memory gate: free 39% swap_free 1138.50M -> OK
# run: gd_plain_r6 2953005
{"cond": "gd_plain_r6", "seed": 2953005, "steps": 13389, "status": "reached_3s*", "s_end": 10.774308312746662, "rho2_end": 0.6077159691241986, "events": {"first_literal": {"t": 2, "s": 1.3202114400370533}, "first_up": {"t": 2, "s": 1.3202114400370533}, "last_up": {"t": 3882, "s": 7.272991669870516}}, "t_scale": {"0.5s*": 79, "s*": 731, "1.25s*": 1506, "s_F": 1667, "2s*": 3772, "3s*": 13389}, "seconds": 2.067195177078247, "max_rss_gb": 0.376717312}
2026-10-02 00:43:33 memory gate: free 39% swap_free 1138.50M -> OK
# run: gd_plain_r9 2953005
{"cond": "gd_plain_r9", "seed": 2953005, "steps": 97146, "status": "reached_3s*", "s_end": 10.77412875859921, "rho2_end": 0.7035762318540785, "events": {"first_literal": {"t": 2, "s": 1.3246476546842394}, "first_up": {"t": 2, "s": 1.3246476546842394}, "last_up": {"t": 16869, "s": 6.2461025266586425}}, "t_scale": {"0.5s*": 492, "s*": 5710, "1.25s*": 8489, "s_F": 9450, "2s*": 24441, "3s*": 97146}, "seconds": 15.11504602432251, "max_rss_gb": 0.385236992}
2026-10-02 00:43:49 memory gate: free 41% swap_free 1186.50M -> OK
# run: gd_wn_r6 2953005
{"cond": "gd_wn_r6", "seed": 2953005, "steps": 51548, "status": "reached_3s*", "s_end": 10.774174015782892, "rho2_end": 0.7410788011144644, "events": {"first_literal": {"t": 2, "s": 1.3241858058289273}, "first_up": {"t": 2, "s": 1.3241858058289273}, "last_up": {"t": 11087, "s": 6.77551795813599}}, "t_scale": {"0.5s*": 246, "s*": 3145, "1.25s*": 5313, "s_F": 5777, "2s*": 12755, "3s*": 51548}, "seconds": 8.457929134368896, "max_rss_gb": 0.375635968}
2026-10-02 00:43:58 memory gate: free 38% swap_free 1186.50M -> OK
# run: gd_wn_r9 2953005
{"cond": "gd_wn_r9", "seed": 2953005, "steps": 392263, "status": "reached_3s*", "s_end": 10.77412933062154, "rho2_end": 0.7407259288037938, "events": {"first_literal": {"t": 2, "s": 1.3251445901025953}, "first_up": {"t": 2, "s": 1.3251445901025953}, "last_up": {"t": 55355, "s": 6.164902985132755}}, "t_scale": {"0.5s*": 1935, "s*": 15769, "1.25s*": 25838, "s_F": 29637, "2s*": 84088, "3s*": 392263}, "seconds": 64.13752508163452, "max_rss_gb": 0.375881728}
2026-10-02 00:45:02 memory gate: free 35% swap_free 1410.50M -> OK
# run: adam_wn_r64 2953005
{"cond": "adam_wn_r64", "seed": 2953005, "steps": 66996, "status": "reached_3s*", "s_end": 10.77418770033468, "rho2_end": 0.0005408472915304967, "events": {"first_literal": {"t": 12, "s": 1.323570549316229}, "first_up": {"t": 12, "s": 1.323570549316229}, "last_up": {"t": 12, "s": 1.323570549316229}}, "t_scale": {"0.5s*": 3134, "s*": 16419, "1.25s*": 23050, "s_F": 25092, "2s*": 42385, "3s*": 66996}, "seconds": 11.690700054168701, "max_rss_gb": 0.37593088}
2026-10-02 00:45:15 memory gate: free 35% swap_free 1490.50M -> OK
# run: adam_r1 2953006
{"cond": "adam_r1", "seed": 2953006, "steps": 1008, "status": "reached_3s*", "s_end": 10.782687988478232, "rho2_end": 0.32896002769316757, "events": {"first_literal": null, "first_up": null, "last_up": null}, "t_scale": {"0.5s*": 50, "s*": 101, "1.25s*": 141, "s_F": 159, "2s*": 791, "3s*": 1008}, "seconds": 0.17913603782653809, "max_rss_gb": 0.37789696}
2026-10-02 00:45:16 memory gate: free 35% swap_free 1490.50M -> OK
# run: adam_r4 2953006
{"cond": "adam_r4", "seed": 2953006, "steps": 3002, "status": "reached_3s*", "s_end": 10.77532263086314, "rho2_end": 0.5774080684576394, "events": {"first_literal": {"t": 1472, "s": 6.622950104687487}, "first_up": {"t": 1472, "s": 6.622950104687487}, "last_up": {"t": 1472, "s": 6.622950104687487}}, "t_scale": {"0.5s*": 158, "s*": 461, "1.25s*": 882, "s_F": 1086, "2s*": 1603, "3s*": 3002}, "seconds": 0.4893791675567627, "max_rss_gb": 0.37576704}
2026-10-02 00:45:17 memory gate: free 35% swap_free 1490.50M -> OK
# run: adam_r16 2953006
{"cond": "adam_r16", "seed": 2953006, "steps": 7691, "status": "reached_3s*", "s_end": 10.77428159769955, "rho2_end": 0.7023238318484888, "events": {"first_literal": {"t": 3834, "s": 6.364731332854239}, "first_up": {"t": 3834, "s": 6.364731332854239}, "last_up": {"t": 3834, "s": 6.364731332854239}}, "t_scale": {"0.5s*": 558, "s*": 1964, "1.25s*": 2487, "s_F": 2659, "2s*": 4516, "3s*": 7691}, "seconds": 1.2447690963745117, "max_rss_gb": 0.375619584}
2026-10-02 00:45:18 memory gate: free 27% swap_free 1367.56M -> OK
# run: adam_r64 2953006
{"cond": "adam_r64", "seed": 2953006, "steps": 20719, "status": "reached_3s*", "s_end": 10.774144364510311, "rho2_end": 0.7036614259031492, "events": {"first_literal": {"t": 11871, "s": 6.403783363598622}, "first_up": {"t": 11871, "s": 6.403783363598622}, "last_up": {"t": 11871, "s": 6.403783363598622}}, "t_scale": {"0.5s*": 2402, "s*": 6425, "1.25s*": 8020, "s_F": 8564, "2s*": 13451, "3s*": 20719}, "seconds": 3.4942891597747803, "max_rss_gb": 0.365314048}
2026-10-02 00:45:22 memory gate: free 38% swap_free 1064.12M -> OK
# run: gd_rho1 2953006
{"cond": "gd_rho1", "seed": 2953006, "steps": 1008, "status": "reached_3s*", "s_end": 17.615520925898213, "rho2_end": 0.5039304288909562, "events": {"first_literal": {"t": 407, "s": 13.996833742647425}, "first_up": {"t": 407, "s": 13.996833742647425}, "last_up": {"t": 407, "s": 13.996833742647425}}, "t_scale": {"0.5s*": 7, "s*": 15, "1.25s*": 23, "s_F": 26, "2s*": 101, "3s*": 226}, "seconds": 0.1963028907775879, "max_rss_gb": 0.378781696}
2026-10-02 00:45:23 memory gate: free 39% swap_free 1064.12M -> OK
# run: gd_scale_r6 2953006
{"cond": "gd_scale_r6", "seed": 2953006, "steps": 1390, "status": "reached_3s*", "s_end": 10.776146422715495, "rho2_end": 0.48574970693015623, "events": {"first_literal": {"t": 942, "s": 8.793092527660532}, "first_up": {"t": 942, "s": 8.793092527660532}, "last_up": {"t": 942, "s": 8.793092527660532}}, "t_scale": {"0.5s*": 14, "s*": 48, "1.25s*": 99, "s_F": 133, "2s*": 765, "3s*": 1390}, "seconds": 0.27269816398620605, "max_rss_gb": 0.374882304}
2026-10-02 00:45:24 memory gate: free 34% swap_free 1064.12M -> OK
# run: gd_scale_r9 2953006
{"cond": "gd_scale_r9", "seed": 2953006, "steps": 1398, "status": "reached_3s*", "s_end": 10.775306020016767, "rho2_end": 0.48655680816399294, "events": {"first_literal": {"t": 941, "s": 8.773562033585913}, "first_up": {"t": 941, "s": 8.773562033585913}, "last_up": {"t": 941, "s": 8.773562033585913}}, "t_scale": {"0.5s*": 14, "s*": 49, "1.25s*": 102, "s_F": 134, "2s*": 765, "3s*": 1398}, "seconds": 0.25438499450683594, "max_rss_gb": 0.376193024}
2026-10-02 00:45:25 memory gate: free 34% swap_free 1064.12M -> OK
# run: gd_plain_r6 2953006
{"cond": "gd_plain_r6", "seed": 2953006, "steps": 14260, "status": "reached_3s*", "s_end": 10.77428423256959, "rho2_end": 0.6067645883963539, "events": {"first_literal": {"t": 4797, "s": 7.395167116328047}, "first_up": {"t": 4797, "s": 7.395167116328047}, "last_up": {"t": 4797, "s": 7.395167116328047}}, "t_scale": {"0.5s*": 174, "s*": 847, "1.25s*": 2063, "s_F": 2246, "2s*": 4490, "3s*": 14260}, "seconds": 2.438753128051758, "max_rss_gb": 0.375390208}
2026-10-02 00:45:28 memory gate: free 34% swap_free 1064.12M -> OK
# run: gd_plain_r9 2953006
{"cond": "gd_plain_r9", "seed": 2953006, "steps": 98788, "status": "reached_3s*", "s_end": 10.774145690360506, "rho2_end": 0.7035388850366612, "events": {"first_literal": {"t": 17273, "s": 6.075469820018328}, "first_up": {"t": 17273, "s": 6.075469820018328}, "last_up": {"t": 17273, "s": 6.075469820018328}}, "t_scale": {"0.5s*": 1089, "s*": 6968, "1.25s*": 9891, "s_F": 10960, "2s*": 25977, "3s*": 98788}, "seconds": 15.867175817489624, "max_rss_gb": 0.378044416}
2026-10-02 00:45:44 memory gate: free 40% swap_free 1064.12M -> OK
# run: gd_wn_r6 2953006
{"cond": "gd_wn_r6", "seed": 2953006, "steps": 149575, "status": "reached_3s*", "s_end": 10.774147455069903, "rho2_end": 0.7410913021784021, "events": {"first_literal": {"t": 112089, "s": 7.407245120361452}, "first_up": {"t": 112089, "s": 7.407245120361452}, "last_up": {"t": 112089, "s": 7.407245120361452}}, "t_scale": {"0.5s*": 539, "s*": 3611, "1.25s*": 8587, "s_F": 11130, "2s*": 101635, "3s*": 149575}, "seconds": 24.473315954208374, "max_rss_gb": 0.378208256}
2026-10-02 00:46:09 memory gate: free 43% swap_free 1072.12M -> OK
# run: gd_wn_r9 2953006
{"cond": "gd_wn_r9", "seed": 2953006, "steps": 1000000, "status": "budget", "s_end": 6.049430021771566, "rho2_end": 1.1192087220275192e-18, "events": {"first_literal": null, "first_up": null, "last_up": null}, "t_scale": {"0.5s*": 4187, "s*": 28476, "1.25s*": 68095, "s_F": 88406}, "seconds": 165.9358561038971, "max_rss_gb": 0.378585088}
2026-10-02 00:48:56 memory gate: free 40% swap_free 1167.75M -> OK
# run: adam_wn_r64 2953006
{"cond": "adam_wn_r64", "seed": 2953006, "steps": 73212, "status": "reached_3s*", "s_end": 10.774262327937807, "rho2_end": 0.00018138659502592072, "events": {"first_literal": null, "first_up": null, "last_up": null}, "t_scale": {"0.5s*": 9334, "s*": 22634, "1.25s*": 29266, "s_F": 31307, "2s*": 48600, "3s*": 73212}, "seconds": 12.41289496421814, "max_rss_gb": 0.378765312}
2026-10-02 00:49:09 memory gate: free 40% swap_free 1175.75M -> OK
# run: adam_r1 2953007
{"cond": "adam_r1", "seed": 2953007, "steps": 554, "status": "reached_3s*", "s_end": 10.776542252140118, "rho2_end": 0.3897546776010446, "events": {"first_literal": {"t": 10, "s": 0.6572333974967415}, "first_up": {"t": 10, "s": 0.6572333974967415}, "last_up": {"t": 10, "s": 0.6572333974967415}}, "t_scale": {"0.5s*": 58, "s*": 100, "1.25s*": 125, "s_F": 133, "2s*": 244, "3s*": 554}, "seconds": 0.1139371395111084, "max_rss_gb": 0.409387008}
2026-10-02 00:49:10 memory gate: free 40% swap_free 1175.75M -> OK
# run: adam_r4 2953007
{"cond": "adam_r4", "seed": 2953007, "steps": 2637, "status": "reached_3s*", "s_end": 10.774586329548512, "rho2_end": 0.5742861851066884, "events": {"first_literal": {"t": 11, "s": 0.73658900831441}, "first_up": {"t": 11, "s": 0.73658900831441}, "last_up": {"t": 840, "s": 6.235030567960406}}, "t_scale": {"0.5s*": 114, "s*": 293, "1.25s*": 434, "s_F": 487, "2s*": 1092, "3s*": 2637}, "seconds": 0.4301638603210449, "max_rss_gb": 0.375832576}
2026-10-02 00:49:11 memory gate: free 40% swap_free 1175.75M -> OK
# run: adam_r16 2953007
{"cond": "adam_r16", "seed": 2953007, "steps": 7424, "status": "reached_3s*", "s_end": 10.774475190016293, "rho2_end": 0.7015914358566326, "events": {"first_literal": {"t": 11, "s": 0.7723151057328985}, "first_up": {"t": 11, "s": 0.7723151057328985}, "last_up": {"t": 2423, "s": 5.157308048147207}}, "t_scale": {"0.5s*": 359, "s*": 1288, "1.25s*": 1909, "s_F": 2120, "2s*": 4146, "3s*": 7424}, "seconds": 1.1980750560760498, "max_rss_gb": 0.376635392}
2026-10-02 00:49:12 memory gate: free 40% swap_free 1175.75M -> OK
# run: adam_r64 2953007
{"cond": "adam_r64", "seed": 2953007, "steps": 19930, "status": "reached_3s*", "s_end": 10.77427451572409, "rho2_end": 0.7061428023398558, "events": {"first_literal": {"t": 11, "s": 0.7812268577902123}, "first_up": {"t": 11, "s": 0.7812268577902123}, "last_up": {"t": 8356, "s": 5.092955926061484}}, "t_scale": {"0.5s*": 1554, "s*": 5184, "1.25s*": 7103, "s_F": 7682, "2s*": 12631, "3s*": 19930}, "seconds": 3.1304008960723877, "max_rss_gb": 0.37732352}
2026-10-02 00:49:16 memory gate: free 39% swap_free 1183.75M -> OK
# run: gd_rho1 2953007
{"cond": "gd_rho1", "seed": 2953007, "steps": 554, "status": "reached_3s*", "s_end": 15.338058757260203, "rho2_end": 0.4449275909726895, "events": {"first_literal": {"t": 4, "s": 0.474423397771805}, "first_up": {"t": 4, "s": 0.474423397771805}, "last_up": {"t": 406, "s": 13.90587769800275}}, "t_scale": {"0.5s*": 15, "s*": 25, "1.25s*": 34, "s_F": 37, "2s*": 108, "3s*": 238}, "seconds": 0.10935401916503906, "max_rss_gb": 0.408993792}
2026-10-02 00:49:17 memory gate: free 39% swap_free 1183.75M -> OK
# run: gd_scale_r6 2953007
{"cond": "gd_scale_r6", "seed": 2953007, "steps": 1049, "status": "reached_3s*", "s_end": 10.774989788914953, "rho2_end": 0.5410989702523546, "events": {"first_literal": {"t": 3, "s": 0.7795039313207135}, "first_up": {"t": 3, "s": 0.7795039313207135}, "last_up": {"t": 487, "s": 8.079685608777021}}, "t_scale": {"0.5s*": 21, "s*": 67, "1.25s*": 132, "s_F": 160, "2s*": 380, "3s*": 1049}, "seconds": 0.20033788681030273, "max_rss_gb": 0.381304832}
2026-10-02 00:49:17 memory gate: free 40% swap_free 1183.75M -> OK
# run: gd_scale_r9 2953007
{"cond": "gd_scale_r9", "seed": 2953007, "steps": 1066, "status": "reached_3s*", "s_end": 10.7764478206172, "rho2_end": 0.5425296261961531, "events": {"first_literal": {"t": 3, "s": 0.7836098745151592}, "first_up": {"t": 3, "s": 0.7836098745151592}, "last_up": {"t": 494, "s": 8.056872712208602}}, "t_scale": {"0.5s*": 21, "s*": 68, "1.25s*": 137, "s_F": 164, "2s*": 388, "3s*": 1066}, "seconds": 0.18351316452026367, "max_rss_gb": 0.42033152}
2026-10-02 00:49:18 memory gate: free 40% swap_free 1183.75M -> OK
# run: gd_plain_r6 2953007
{"cond": "gd_plain_r6", "seed": 2953007, "steps": 13207, "status": "reached_3s*", "s_end": 10.774170225248872, "rho2_end": 0.6127259831047002, "events": {"first_literal": {"t": 3, "s": 0.7795552737878112}, "first_up": {"t": 3, "s": 0.7795552737878112}, "last_up": {"t": 3621, "s": 7.347943651607582}}, "t_scale": {"0.5s*": 159, "s*": 790, "1.25s*": 1245, "s_F": 1393, "2s*": 3410, "3s*": 13207}, "seconds": 2.065661907196045, "max_rss_gb": 0.376061952}
2026-10-02 00:49:21 memory gate: free 40% swap_free 1183.75M -> OK
# run: gd_plain_r9 2953007
{"cond": "gd_plain_r9", "seed": 2953007, "steps": 97934, "status": "reached_3s*", "s_end": 10.774141450627353, "rho2_end": 0.7040652938237475, "events": {"first_literal": {"t": 3, "s": 0.7836163841296028}, "first_up": {"t": 3, "s": 0.7836163841296028}, "last_up": {"t": 15338, "s": 5.989735551211736}}, "t_scale": {"0.5s*": 938, "s*": 5840, "1.25s*": 8478, "s_F": 9482, "2s*": 24504, "3s*": 97934}, "seconds": 15.235573053359985, "max_rss_gb": 0.380157952}
2026-10-02 00:49:36 memory gate: free 40% swap_free 1191.75M -> OK
# run: gd_wn_r6 2953007
{"cond": "gd_wn_r6", "seed": 2953007, "steps": 57761, "status": "reached_3s*", "s_end": 10.774167439022008, "rho2_end": 0.7410849879620466, "events": {"first_literal": {"t": 3, "s": 0.782590550204491}, "first_up": {"t": 3, "s": 0.782590550204491}, "last_up": {"t": 12977, "s": 5.141775174132812}}, "t_scale": {"0.5s*": 447, "s*": 3504, "1.25s*": 8467, "s_F": 11005, "2s*": 18988, "3s*": 57761}, "seconds": 9.206637859344482, "max_rss_gb": 0.377995264}
2026-10-02 00:49:46 memory gate: free 40% swap_free 1199.75M -> OK
# run: gd_wn_r9 2953007
{"cond": "gd_wn_r9", "seed": 2953007, "steps": 1000000, "status": "budget", "s_end": 6.049430021771478, "rho2_end": 3.9830247187203238e-19, "events": {"first_literal": {"t": 3, "s": 0.7839956622264608}, "first_up": {"t": 3, "s": 0.7839956622264608}, "last_up": {"t": 3, "s": 0.7839956622264608}}, "t_scale": {"0.5s*": 3495, "s*": 27774, "1.25s*": 67428, "s_F": 87751}, "seconds": 159.57556700706482, "max_rss_gb": 0.384221184}
2026-10-02 00:52:26 memory gate: free 41% swap_free 1215.75M -> OK
# run: adam_wn_r64 2953007
{"cond": "adam_wn_r64", "seed": 2953007, "steps": 70811, "status": "reached_3s*", "s_end": 10.774222173130468, "rho2_end": 7.981822645169812e-11, "events": {"first_literal": {"t": 10, "s": 0.7827152159237034}, "first_up": {"t": 10, "s": 0.7827152159237034}, "last_up": {"t": 10, "s": 0.7827152159237034}}, "t_scale": {"0.5s*": 6935, "s*": 20234, "1.25s*": 26865, "s_F": 28907, "2s*": 46199, "3s*": 70811}, "seconds": 11.96546196937561, "max_rss_gb": 0.4186112}
2026-10-02 00:52:39 memory gate: free 40% swap_free 1215.75M -> OK
# run: adam_r1 2953008
{"cond": "adam_r1", "seed": 2953008, "steps": 669, "status": "reached_3s*", "s_end": 10.777915020465393, "rho2_end": 0.33120183735338776, "events": {"first_literal": {"t": 0, "s": 1.2309697270393372}, "first_up": null, "last_up": null}, "t_scale": {"0.5s*": 52, "s*": 142, "1.25s*": 186, "s_F": 201, "2s*": 441, "3s*": 669}, "seconds": 0.11618614196777344, "max_rss_gb": 0.375635968}
2026-10-02 00:52:40 memory gate: free 40% swap_free 1215.75M -> OK
# run: adam_r4 2953008
{"cond": "adam_r4", "seed": 2953008, "steps": 2529, "status": "reached_3s*", "s_end": 10.774660197456553, "rho2_end": 0.5493082689373854, "events": {"first_literal": {"t": 0, "s": 1.2309697270393372}, "first_up": {"t": 1246, "s": 7.6654136116379155}, "last_up": {"t": 1246, "s": 7.6654136116379155}}, "t_scale": {"0.5s*": 97, "s*": 291, "1.25s*": 413, "s_F": 458, "2s*": 1073, "3s*": 2529}, "seconds": 0.40677618980407715, "max_rss_gb": 0.3780608}
2026-10-02 00:52:41 memory gate: free 40% swap_free 1215.75M -> OK
# run: adam_r16 2953008
{"cond": "adam_r16", "seed": 2953008, "steps": 7098, "status": "reached_3s*", "s_end": 10.774709855420607, "rho2_end": 0.6892740150068698, "events": {"first_literal": {"t": 0, "s": 1.2309697270393372}, "first_up": {"t": 3953, "s": 7.102472809934776}, "last_up": {"t": 3953, "s": 7.102472809934776}}, "t_scale": {"0.5s*": 238, "s*": 1109, "1.25s*": 1712, "s_F": 1925, "2s*": 4029, "3s*": 7098}, "seconds": 1.156796932220459, "max_rss_gb": 0.442482688}
2026-10-02 00:52:42 memory gate: free 39% swap_free 1215.75M -> OK
# run: adam_r64 2953008
{"cond": "adam_r64", "seed": 2953008, "steps": 18914, "status": "reached_3s*", "s_end": 10.774498062209696, "rho2_end": 0.7044235568649394, "events": {"first_literal": {"t": 0, "s": 1.2309697270393372}, "first_up": {"t": 10660, "s": 6.704797274308062}, "last_up": {"t": 10660, "s": 6.704797274308062}}, "t_scale": {"0.5s*": 881, "s*": 4342, "1.25s*": 6144, "s_F": 6713, "2s*": 11627, "3s*": 18914}, "seconds": 2.985534906387329, "max_rss_gb": 0.377290752}
2026-10-02 00:52:46 memory gate: free 40% swap_free 1215.75M -> OK
# run: gd_rho1 2953008
{"cond": "gd_rho1", "seed": 2953008, "steps": 669, "status": "reached_3s*", "s_end": 15.884160658347799, "rho2_end": 0.4374907702794053, "events": {"first_literal": {"t": 0, "s": 1.2309697270393372}, "first_up": {"t": 488, "s": 14.566160182630638}, "last_up": {"t": 488, "s": 14.566160182630638}}, "t_scale": {"0.5s*": 8, "s*": 17, "1.25s*": 26, "s_F": 30, "2s*": 113, "3s*": 246}, "seconds": 0.11554408073425293, "max_rss_gb": 0.375996416}
2026-10-02 00:52:46 memory gate: free 40% swap_free 1215.75M -> OK
# run: gd_scale_r6 2953008
{"cond": "gd_scale_r6", "seed": 2953008, "steps": 1325, "status": "reached_3s*", "s_end": 10.775636590390596, "rho2_end": 0.5003387927179506, "events": {"first_literal": {"t": 0, "s": 1.2309697270393372}, "first_up": {"t": 881, "s": 9.329406190213655}, "last_up": {"t": 881, "s": 9.329406190213655}}, "t_scale": {"0.5s*": 10, "s*": 42, "1.25s*": 86, "s_F": 116, "2s*": 586, "3s*": 1325}, "seconds": 0.22821402549743652, "max_rss_gb": 0.42647552}
2026-10-02 00:52:47 memory gate: free 40% swap_free 1215.75M -> OK
# run: gd_scale_r9 2953008
{"cond": "gd_scale_r9", "seed": 2953008, "steps": 1388, "status": "reached_3s*", "s_end": 10.774373543763664, "rho2_end": 0.5094004120585255, "events": {"first_literal": {"t": 0, "s": 1.2309697270393372}, "first_up": {"t": 894, "s": 9.235469798585955}, "last_up": {"t": 894, "s": 9.235469798585955}}, "t_scale": {"0.5s*": 12, "s*": 42, "1.25s*": 87, "s_F": 119, "2s*": 604, "3s*": 1388}, "seconds": 0.25374293327331543, "max_rss_gb": 0.37593088}
2026-10-02 00:52:48 memory gate: free 40% swap_free 1215.75M -> OK
# run: gd_plain_r6 2953008
{"cond": "gd_plain_r6", "seed": 2953008, "steps": 13410, "status": "reached_3s*", "s_end": 10.774287323023355, "rho2_end": 0.6108078982970813, "events": {"first_literal": {"t": 0, "s": 1.2309697270393372}, "first_up": {"t": 3917, "s": 7.259376313468833}, "last_up": {"t": 3917, "s": 7.259376313468833}}, "t_scale": {"0.5s*": 91, "s*": 748, "1.25s*": 1613, "s_F": 1775, "2s*": 3825, "3s*": 13410}, "seconds": 2.0841920375823975, "max_rss_gb": 0.377028608}
2026-10-02 00:52:50 memory gate: free 41% swap_free 1215.75M -> OK
# run: gd_plain_r9 2953008
{"cond": "gd_plain_r9", "seed": 2953008, "steps": 96777, "status": "reached_3s*", "s_end": 10.774144369773584, "rho2_end": 0.7036512427079477, "events": {"first_literal": {"t": 0, "s": 1.2309697270393372}, "first_up": {"t": 17732, "s": 6.394340220885103}, "last_up": {"t": 17732, "s": 6.394340220885103}}, "t_scale": {"0.5s*": 576, "s*": 5776, "1.25s*": 8369, "s_F": 9331, "2s*": 24232, "3s*": 96777}, "seconds": 15.117164850234985, "max_rss_gb": 0.385728512}
2026-10-02 00:53:06 memory gate: free 41% swap_free 1223.75M -> OK
# run: gd_wn_r6 2953008
{"cond": "gd_wn_r6", "seed": 2953008, "steps": 54078, "status": "reached_3s*", "s_end": 10.77415574496738, "rho2_end": 0.7414683883655366, "events": {"first_literal": {"t": 0, "s": 1.2309697270393372}, "first_up": {"t": 7885, "s": 5.512814878513983}, "last_up": {"t": 7943, "s": 5.537423871348028}}, "t_scale": {"0.5s*": 283, "s*": 3253, "1.25s*": 5910, "s_F": 6374, "2s*": 13661, "3s*": 54078}, "seconds": 8.815463781356812, "max_rss_gb": 0.43139072}
2026-10-02 00:53:15 memory gate: free 40% swap_free 1223.75M -> OK
# run: gd_wn_r9 2953008
{"cond": "gd_wn_r9", "seed": 2953008, "steps": 394582, "status": "reached_3s*", "s_end": 10.77413016940013, "rho2_end": 0.7407262396356062, "events": {"first_literal": {"t": 0, "s": 1.2309697270393372}, "first_up": {"t": 57649, "s": 6.165087962631844}, "last_up": {"t": 57696, "s": 6.167150010932276}}, "t_scale": {"0.5s*": 2249, "s*": 18060, "1.25s*": 28121, "s_F": 31920, "2s*": 86380, "3s*": 394582}, "seconds": 63.511878967285156, "max_rss_gb": 0.386596864}
2026-10-02 00:54:19 memory gate: free 31% swap_free 1359.75M -> OK
# run: adam_wn_r64 2953008
{"cond": "adam_wn_r64", "seed": 2953008, "steps": 67669, "status": "reached_3s*", "s_end": 10.774259468937613, "rho2_end": 1.3967419010090778e-10, "events": {"first_literal": {"t": 0, "s": 1.2309697270393372}, "first_up": null, "last_up": null}, "t_scale": {"0.5s*": 3806, "s*": 17091, "1.25s*": 23722, "s_F": 25764, "2s*": 43057, "3s*": 67669}, "seconds": 11.522935152053833, "max_rss_gb": 0.378585088}
2026-10-02 00:54:32 memory gate: free 32% swap_free 1359.75M -> OK
# run: adam_r1 2953009
{"cond": "adam_r1", "seed": 2953009, "steps": 565, "status": "reached_3s*", "s_end": 10.778533899963207, "rho2_end": 0.4918432889207107, "events": {"first_literal": {"t": 0, "s": 1.1461841464042664}, "first_up": {"t": 316, "s": 8.459636423861589}, "last_up": {"t": 316, "s": 8.459636423861589}}, "t_scale": {"0.5s*": 46, "s*": 95, "1.25s*": 124, "s_F": 133, "2s*": 234, "3s*": 565}, "seconds": 0.11282682418823242, "max_rss_gb": 0.41992192}
2026-10-02 00:54:32 memory gate: free 33% swap_free 1359.75M -> OK
# run: adam_r4 2953009
{"cond": "adam_r4", "seed": 2953009, "steps": 2494, "status": "reached_3s*", "s_end": 10.774212142199907, "rho2_end": 0.5911402155449228, "events": {"first_literal": {"t": 0, "s": 1.1461841464042664}, "first_up": {"t": 963, "s": 6.930839643154373}, "last_up": {"t": 963, "s": 6.930839643154373}}, "t_scale": {"0.5s*": 94, "s*": 268, "1.25s*": 392, "s_F": 439, "2s*": 1043, "3s*": 2494}, "seconds": 0.4051830768585205, "max_rss_gb": 0.374751232}
2026-10-02 00:54:33 memory gate: free 34% swap_free 1359.75M -> OK
# run: adam_r16 2953009
{"cond": "adam_r16", "seed": 2953009, "steps": 7060, "status": "reached_3s*", "s_end": 10.774736104201562, "rho2_end": 0.6947497113067843, "events": {"first_literal": {"t": 0, "s": 1.1461841464042664}, "first_up": {"t": 2379, "s": 5.441581599747356}, "last_up": {"t": 2379, "s": 5.441581599747356}}, "t_scale": {"0.5s*": 252, "s*": 1094, "1.25s*": 1674, "s_F": 1873, "2s*": 3825, "3s*": 7060}, "seconds": 1.16080904006958, "max_rss_gb": 0.37552128}
2026-10-02 00:54:35 memory gate: free 33% swap_free 1359.75M -> OK
# run: adam_r64 2953009
{"cond": "adam_r64", "seed": 2953009, "steps": 19122, "status": "reached_3s*", "s_end": 10.774270476651102, "rho2_end": 0.7036200449190828, "events": {"first_literal": {"t": 0, "s": 1.1461841464042664}, "first_up": {"t": 7283, "s": 4.954844125716937}, "last_up": {"t": 7283, "s": 4.954844125716937}}, "t_scale": {"0.5s*": 979, "s*": 4483, "1.25s*": 6315, "s_F": 6894, "2s*": 11868, "3s*": 19122}, "seconds": 3.0539069175720215, "max_rss_gb": 0.458899456}
2026-10-02 00:54:39 memory gate: free 33% swap_free 1359.75M -> OK
# run: gd_rho1 2953009
{"cond": "gd_rho1", "seed": 2953009, "steps": 565, "status": "reached_3s*", "s_end": 14.017711956200923, "rho2_end": 0.41877703299216157, "events": {"first_literal": {"t": 0, "s": 1.1461841464042664}, "first_up": {"t": 433, "s": 13.147049503413534}, "last_up": {"t": 433, "s": 13.147049503413534}}, "t_scale": {"0.5s*": 7, "s*": 16, "1.25s*": 24, "s_F": 27, "2s*": 84, "3s*": 222}, "seconds": 0.10098695755004883, "max_rss_gb": 0.4202496}
2026-10-02 00:54:39 memory gate: free 33% swap_free 1359.75M -> OK
# run: gd_scale_r6 2953009
{"cond": "gd_scale_r6", "seed": 2953009, "steps": 1005, "status": "reached_3s*", "s_end": 10.777621340525169, "rho2_end": 0.5216513344155537, "events": {"first_literal": {"t": 0, "s": 1.1461841464042664}, "first_up": {"t": 404, "s": 8.078925503125461}, "last_up": {"t": 404, "s": 8.078925503125461}}, "t_scale": {"0.5s*": 15, "s*": 49, "1.25s*": 89, "s_F": 106, "2s*": 307, "3s*": 1005}, "seconds": 0.17090511322021484, "max_rss_gb": 0.376487936}
2026-10-02 00:54:40 memory gate: free 33% swap_free 1359.75M -> OK
# run: gd_scale_r9 2953009
{"cond": "gd_scale_r9", "seed": 2953009, "steps": 1016, "status": "reached_3s*", "s_end": 10.775373040492617, "rho2_end": 0.5229014292511559, "events": {"first_literal": {"t": 0, "s": 1.1461841464042664}, "first_up": {"t": 405, "s": 8.064872322956074}, "last_up": {"t": 405, "s": 8.064872322956074}}, "t_scale": {"0.5s*": 15, "s*": 49, "1.25s*": 91, "s_F": 107, "2s*": 312, "3s*": 1016}, "seconds": 0.17198801040649414, "max_rss_gb": 0.384892928}
2026-10-02 00:54:40 memory gate: free 33% swap_free 1359.75M -> OK
# run: gd_plain_r6 2953009
{"cond": "gd_plain_r6", "seed": 2953009, "steps": 12979, "status": "reached_3s*", "s_end": 10.774199991514806, "rho2_end": 0.6144882280340752, "events": {"first_literal": {"t": 0, "s": 1.1461841464042664}, "first_up": {"t": 3329, "s": 7.117289372319864}, "last_up": {"t": 3329, "s": 7.117289372319864}}, "t_scale": {"0.5s*": 120, "s*": 812, "1.25s*": 1343, "s_F": 1489, "2s*": 3406, "3s*": 12979}, "seconds": 2.0431320667266846, "max_rss_gb": 0.375865344}
2026-10-02 00:54:43 memory gate: free 33% swap_free 1359.75M -> OK
# run: gd_plain_r9 2953009
{"cond": "gd_plain_r9", "seed": 2953009, "steps": 97719, "status": "reached_3s*", "s_end": 10.77415323131701, "rho2_end": 0.7040181413776035, "events": {"first_literal": {"t": 0, "s": 1.1461841464042664}, "first_up": {"t": 13815, "s": 5.762232630002072}, "last_up": {"t": 13815, "s": 5.762232630002072}}, "t_scale": {"0.5s*": 750, "s*": 5540, "1.25s*": 8210, "s_F": 9218, "2s*": 24360, "3s*": 97719}, "seconds": 15.322009086608887, "max_rss_gb": 0.376209408}
2026-10-02 00:54:59 memory gate: free 32% swap_free 1359.75M -> OK
# run: gd_wn_r6 2953009
{"cond": "gd_wn_r6", "seed": 2953009, "steps": 50928, "status": "reached_3s*", "s_end": 10.77415427036853, "rho2_end": 0.7411014339894992, "events": {"first_literal": {"t": 0, "s": 1.1461841464042664}, "first_up": {"t": 5450, "s": 4.818697438246106}, "last_up": {"t": 5541, "s": 4.872469960609516}}, "t_scale": {"0.5s*": 317, "s*": 3361, "1.25s*": 4933, "s_F": 5366, "2s*": 12141, "3s*": 50928}, "seconds": 8.304413080215454, "max_rss_gb": 0.375881728}
2026-10-02 00:55:08 memory gate: free 35% swap_free 1359.75M -> OK
# run: gd_wn_r9 2953009
{"cond": "gd_wn_r9", "seed": 2953009, "steps": 1000000, "status": "budget", "s_end": 6.049430021771523, "rho2_end": 3.6080685729082707e-19, "events": {"first_literal": {"t": 0, "s": 1.1461841464042664}, "first_up": null, "last_up": null}, "t_scale": {"0.5s*": 2533, "s*": 26807, "1.25s*": 66443, "s_F": 86761}, "seconds": 162.01338696479797, "max_rss_gb": 0.37584896}
2026-10-02 00:57:50 memory gate: free 40% swap_free 995.56M -> OK
# run: adam_wn_r64 2953009
{"cond": "adam_wn_r64", "seed": 2953009, "steps": 68267, "status": "reached_3s*", "s_end": 10.774225564385404, "rho2_end": 2.315918601288068e-11, "events": {"first_literal": {"t": 0, "s": 1.1461841464042664}, "first_up": null, "last_up": null}, "t_scale": {"0.5s*": 4399, "s*": 17689, "1.25s*": 24321, "s_F": 26363, "2s*": 43655, "3s*": 68267}, "seconds": 11.633861064910889, "max_rss_gb": 0.380305408}
2026-10-02 00:58:03 memory gate: free 39% swap_free 995.56M -> OK
# run: adam_r1 2953010
{"cond": "adam_r1", "seed": 2953010, "steps": 675, "status": "reached_3s*", "s_end": 10.777212961246347, "rho2_end": 0.46376657381817743, "events": {"first_literal": {"t": 3, "s": 1.3267680340476693}, "first_up": {"t": 3, "s": 1.3267680340476693}, "last_up": {"t": 321, "s": 7.9366476531176255}}, "t_scale": {"0.5s*": 49, "s*": 101, "1.25s*": 131, "s_F": 141, "2s*": 264, "3s*": 675}, "seconds": 0.1238257884979248, "max_rss_gb": 0.375701504}
2026-10-02 00:58:03 memory gate: free 39% swap_free 995.56M -> OK
# run: adam_r4 2953010
{"cond": "adam_r4", "seed": 2953010, "steps": 2497, "status": "reached_3s*", "s_end": 10.775124259353692, "rho2_end": 0.5921448601099968, "events": {"first_literal": {"t": 10, "s": 1.3399446634141048}, "first_up": {"t": 10, "s": 1.3399446634141048}, "last_up": {"t": 1125, "s": 7.30824336399484}}, "t_scale": {"0.5s*": 103, "s*": 284, "1.25s*": 404, "s_F": 450, "2s*": 1082, "3s*": 2497}, "seconds": 0.4036080837249756, "max_rss_gb": 0.37502976}
2026-10-02 00:58:04 memory gate: free 40% swap_free 995.56M -> OK
# run: adam_r16 2953010
{"cond": "adam_r16", "seed": 2953010, "steps": 6907, "status": "reached_3s*", "s_end": 10.774254553913817, "rho2_end": 0.6883829693113672, "events": {"first_literal": {"t": 15, "s": 1.3709042864612617}, "first_up": {"t": 15, "s": 1.3709042864612617}, "last_up": {"t": 2058, "s": 5.11211106730233}}, "t_scale": {"0.5s*": 201, "s*": 1016, "1.25s*": 1628, "s_F": 1827, "2s*": 3693, "3s*": 6907}, "seconds": 1.1097087860107422, "max_rss_gb": 0.376897536}
2026-10-02 00:58:06 memory gate: free 39% swap_free 995.56M -> OK
# run: adam_r64 2953010
{"cond": "adam_r64", "seed": 2953010, "steps": 18704, "status": "reached_3s*", "s_end": 10.774438441951226, "rho2_end": 0.7037863978936574, "events": {"first_literal": {"t": 16, "s": 1.3824099192727246}, "first_up": {"t": 16, "s": 1.3824099192727246}, "last_up": {"t": 8834, "s": 5.903754145904725}}, "t_scale": {"0.5s*": 617, "s*": 4057, "1.25s*": 5906, "s_F": 6485, "2s*": 11445, "3s*": 18704}, "seconds": 2.9936015605926514, "max_rss_gb": 0.376127488}
2026-10-02 00:58:09 memory gate: free 39% swap_free 995.56M -> OK
# run: gd_rho1 2953010
{"cond": "gd_rho1", "seed": 2953010, "steps": 675, "status": "reached_3s*", "s_end": 15.678951638174578, "rho2_end": 0.4121385390314705, "events": {"first_literal": {"t": 1, "s": 1.1636008840437626}, "first_up": {"t": 1, "s": 1.1636008840437626}, "last_up": {"t": 589, "s": 15.125858797239697}}, "t_scale": {"0.5s*": 7, "s*": 14, "1.25s*": 20, "s_F": 23, "2s*": 94, "3s*": 252}, "seconds": 0.11634302139282227, "max_rss_gb": 0.375865344}
2026-10-02 00:58:10 memory gate: free 40% swap_free 995.56M -> OK
# run: gd_scale_r6 2953010
{"cond": "gd_scale_r6", "seed": 2953010, "steps": 1363, "status": "reached_3s*", "s_end": 10.774523635813127, "rho2_end": 0.49142907998662716, "events": {"first_literal": {"t": 1, "s": 1.3829384039802413}, "first_up": {"t": 1, "s": 1.3829384039802413}, "last_up": {"t": 817, "s": 8.604530568227846}}, "t_scale": {"0.5s*": 12, "s*": 51, "1.25s*": 112, "s_F": 153, "2s*": 652, "3s*": 1363}, "seconds": 0.24660825729370117, "max_rss_gb": 0.451575808}
2026-10-02 00:58:11 memory gate: free 40% swap_free 995.56M -> OK
# run: gd_scale_r9 2953010
{"cond": "gd_scale_r9", "seed": 2953010, "steps": 1363, "status": "reached_3s*", "s_end": 10.775634894204913, "rho2_end": 0.4900476859050422, "events": {"first_literal": {"t": 1, "s": 1.3859847584238034}, "first_up": {"t": 1, "s": 1.3859847584238034}, "last_up": {"t": 821, "s": 8.654744657885558}}, "t_scale": {"0.5s*": 12, "s*": 53, "1.25s*": 113, "s_F": 154, "2s*": 649, "3s*": 1363}, "seconds": 0.23174238204956055, "max_rss_gb": 0.451264512}
2026-10-02 00:58:11 memory gate: free 40% swap_free 995.56M -> OK
# run: gd_plain_r6 2953010
{"cond": "gd_plain_r6", "seed": 2953010, "steps": 13366, "status": "reached_3s*", "s_end": 10.774322955154005, "rho2_end": 0.6138588195062055, "events": {"first_literal": {"t": 2, "s": 1.3804554010694834}, "first_up": {"t": 2, "s": 1.3804554010694834}, "last_up": {"t": 3848, "s": 7.245943583429806}}, "t_scale": {"0.5s*": 75, "s*": 732, "1.25s*": 1699, "s_F": 1857, "2s*": 3773, "3s*": 13366}, "seconds": 2.095923900604248, "max_rss_gb": 0.454311936}
2026-10-02 00:58:14 memory gate: free 40% swap_free 995.56M -> OK
# run: gd_plain_r9 2953010
{"cond": "gd_plain_r9", "seed": 2953010, "steps": 96902, "status": "reached_3s*", "s_end": 10.774139946579767, "rho2_end": 0.7036478844462022, "events": {"first_literal": {"t": 2, "s": 1.3856742148472572}, "first_up": {"t": 2, "s": 1.3856742148472572}, "last_up": {"t": 17828, "s": 6.4145489877094635}}, "t_scale": {"0.5s*": 443, "s*": 5667, "1.25s*": 8290, "s_F": 9248, "2s*": 24211, "3s*": 96902}, "seconds": 15.064526081085205, "max_rss_gb": 0.378355712}
2026-10-02 00:58:30 memory gate: free 40% swap_free 995.56M -> OK
# run: gd_wn_r6 2953010
{"cond": "gd_wn_r6", "seed": 2953010, "steps": 150676, "status": "reached_3s*", "s_end": 10.774168454126427, "rho2_end": 0.7410923860253331, "events": {"first_literal": {"t": 1, "s": 1.3857272118680934}, "first_up": {"t": 1, "s": 1.3857272118680934}, "last_up": {"t": 113438, "s": 7.453798337138503}}, "t_scale": {"0.5s*": 217, "s*": 3265, "1.25s*": 8238, "s_F": 10779, "2s*": 100004, "3s*": 150676}, "seconds": 24.280444145202637, "max_rss_gb": 0.379994112}
2026-10-02 00:58:55 memory gate: free 35% swap_free 1011.56M -> OK
# run: gd_wn_r9 2953010
{"cond": "gd_wn_r9", "seed": 2953010, "steps": 1000000, "status": "budget", "s_end": 6.049430021771616, "rho2_end": 2.7166633960721094e-19, "events": {"first_literal": {"t": 1, "s": 1.386333359409785}, "first_up": {"t": 1, "s": 1.386333359409785}, "last_up": {"t": 1, "s": 1.386333359409785}}, "t_scale": {"0.5s*": 1738, "s*": 26001, "1.25s*": 65595, "s_F": 85897}, "seconds": 162.5776870250702, "max_rss_gb": 0.375914496}
2026-10-02 01:01:38 memory gate: free 49% swap_free 524.56M -> OK
# run: adam_wn_r64 2953010
{"cond": "adam_wn_r64", "seed": 2953010, "steps": 66542, "status": "reached_3s*", "s_end": 10.774138343070845, "rho2_end": 3.010265520113728e-10, "events": {"first_literal": {"t": 4, "s": 1.3858012685482015}, "first_up": {"t": 4, "s": 1.3858012685482015}, "last_up": {"t": 136, "s": 1.408517785091346}}, "t_scale": {"0.5s*": 2701, "s*": 15965, "1.25s*": 22596, "s_F": 24638, "2s*": 41931, "3s*": 66542}, "seconds": 11.368124961853027, "max_rss_gb": 0.385286144}
2026-10-02 01:01:50 memory gate: free 51% swap_free 524.56M -> OK
# run: adam_r1 2953011
{"cond": "adam_r1", "seed": 2953011, "steps": 551, "status": "reached_3s*", "s_end": 10.776213115738594, "rho2_end": 0.3645412613835483, "events": {"first_literal": {"t": 0, "s": 1.03086656332016}, "first_up": null, "last_up": null}, "t_scale": {"0.5s*": 90, "s*": 135, "1.25s*": 162, "s_F": 172, "2s*": 280, "3s*": 551}, "seconds": 0.09864306449890137, "max_rss_gb": 0.407453696}
2026-10-02 01:01:50 memory gate: free 51% swap_free 524.56M -> OK
# run: adam_r4 2953011
{"cond": "adam_r4", "seed": 2953011, "steps": 2662, "status": "reached_3s*", "s_end": 10.775596562873936, "rho2_end": 0.59862896301779, "events": {"first_literal": {"t": 0, "s": 1.03086656332016}, "first_up": {"t": 1232, "s": 7.604986133117702}, "last_up": {"t": 1232, "s": 7.604986133117702}}, "t_scale": {"0.5s*": 116, "s*": 292, "1.25s*": 424, "s_F": 471, "2s*": 1083, "3s*": 2662}, "seconds": 0.43138885498046875, "max_rss_gb": 0.376553472}
2026-10-02 01:01:51 memory gate: free 51% swap_free 524.56M -> OK
# run: adam_r16 2953011
{"cond": "adam_r16", "seed": 2953011, "steps": 7051, "status": "reached_3s*", "s_end": 10.77490900537815, "rho2_end": 0.6969161887317031, "events": {"first_literal": {"t": 0, "s": 1.03086656332016}, "first_up": {"t": 3027, "s": 6.174600024615351}, "last_up": {"t": 3027, "s": 6.174600024615351}}, "t_scale": {"0.5s*": 291, "s*": 1176, "1.25s*": 1782, "s_F": 1995, "2s*": 3857, "3s*": 7051}, "seconds": 1.1255340576171875, "max_rss_gb": 0.408141824}
2026-10-02 01:01:53 memory gate: free 51% swap_free 524.56M -> OK
# run: adam_r64 2953011
{"cond": "adam_r64", "seed": 2953011, "steps": 19287, "status": "reached_3s*", "s_end": 10.774334716250145, "rho2_end": 0.7037547918143783, "events": {"first_literal": {"t": 0, "s": 1.03086656332016}, "first_up": {"t": 10712, "s": 6.540992834628559}, "last_up": {"t": 10712, "s": 6.540992834628559}}, "t_scale": {"0.5s*": 1176, "s*": 4711, "1.25s*": 6515, "s_F": 7086, "2s*": 12014, "3s*": 19287}, "seconds": 3.072350025177002, "max_rss_gb": 0.382222336}
2026-10-02 01:01:56 memory gate: free 52% swap_free 524.56M -> OK
# run: gd_rho1 2953011
{"cond": "gd_rho1", "seed": 2953011, "steps": 551, "status": "reached_3s*", "s_end": 14.862168374883298, "rho2_end": 0.4118156807141086, "events": {"first_literal": {"t": 0, "s": 1.03086656332016}, "first_up": {"t": 453, "s": 14.109491683358444}, "last_up": {"t": 453, "s": 14.109491683358444}}, "t_scale": {"0.5s*": 20, "s*": 30, "1.25s*": 40, "s_F": 45, "2s*": 122, "3s*": 225}, "seconds": 0.09790515899658203, "max_rss_gb": 0.407339008}
2026-10-02 01:01:57 memory gate: free 52% swap_free 524.56M -> OK
# run: gd_scale_r6 2953011
{"cond": "gd_scale_r6", "seed": 2953011, "steps": 1059, "status": "reached_3s*", "s_end": 10.77818497649574, "rho2_end": 0.5090193170413841, "events": {"first_literal": {"t": 0, "s": 1.03086656332016}, "first_up": {"t": 487, "s": 8.322928519475585}, "last_up": {"t": 487, "s": 8.322928519475585}}, "t_scale": {"0.5s*": 26, "s*": 60, "1.25s*": 106, "s_F": 130, "2s*": 361, "3s*": 1059}, "seconds": 0.17888593673706055, "max_rss_gb": 0.412368896}
2026-10-02 01:01:58 memory gate: free 52% swap_free 524.56M -> OK
# run: gd_scale_r9 2953011
{"cond": "gd_scale_r9", "seed": 2953011, "steps": 1073, "status": "reached_3s*", "s_end": 10.777475288226206, "rho2_end": 0.5104631702637733, "events": {"first_literal": {"t": 0, "s": 1.03086656332016}, "first_up": {"t": 489, "s": 8.300898903478199}, "last_up": {"t": 489, "s": 8.300898903478199}}, "t_scale": {"0.5s*": 26, "s*": 60, "1.25s*": 108, "s_F": 133, "2s*": 362, "3s*": 1073}, "seconds": 0.18347811698913574, "max_rss_gb": 0.42508288}
2026-10-02 01:01:58 memory gate: free 52% swap_free 524.56M -> OK
# run: gd_plain_r6 2953011
{"cond": "gd_plain_r6", "seed": 2953011, "steps": 13630, "status": "reached_3s*", "s_end": 10.774241309264227, "rho2_end": 0.6058654274582783, "events": {"first_literal": {"t": 0, "s": 1.03086656332016}, "first_up": {"t": 4058, "s": 7.243735680139488}, "last_up": {"t": 4058, "s": 7.243735680139488}}, "t_scale": {"0.5s*": 120, "s*": 781, "1.25s*": 1658, "s_F": 1820, "2s*": 3983, "3s*": 13630}, "seconds": 2.1311190128326416, "max_rss_gb": 0.376700928}
2026-10-02 01:02:01 memory gate: free 52% swap_free 524.56M -> OK
# run: gd_plain_r9 2953011
{"cond": "gd_plain_r9", "seed": 2953011, "steps": 98011, "status": "reached_3s*", "s_end": 10.774133783807194, "rho2_end": 0.7035708211253354, "events": {"first_literal": {"t": 0, "s": 1.03086656332016}, "first_up": {"t": 16608, "s": 6.0901125694466955}, "last_up": {"t": 16608, "s": 6.0901125694466955}}, "t_scale": {"0.5s*": 733, "s*": 6299, "1.25s*": 9175, "s_F": 10205, "2s*": 25212, "3s*": 98011}, "seconds": 15.351696729660034, "max_rss_gb": 0.386760704}
2026-10-02 01:02:17 memory gate: free 53% swap_free 540.56M -> OK
# run: gd_wn_r6 2953011
{"cond": "gd_wn_r6", "seed": 2953011, "steps": 56226, "status": "reached_3s*", "s_end": 10.774157843545392, "rho2_end": 0.7411138617836086, "events": {"first_literal": {"t": 0, "s": 1.03086656332016}, "first_up": {"t": 11256, "s": 5.052895552763258}, "last_up": {"t": 11270, "s": 5.060743915293315}}, "t_scale": {"0.5s*": 371, "s*": 3424, "1.25s*": 8389, "s_F": 10709, "2s*": 17451, "3s*": 56226}, "seconds": 8.99787974357605, "max_rss_gb": 0.380321792}
2026-10-02 01:02:26 memory gate: free 54% swap_free 572.62M -> OK
# run: gd_wn_r9 2953011
{"cond": "gd_wn_r9", "seed": 2953011, "steps": 1000000, "status": "budget", "s_end": 6.049430021771539, "rho2_end": 3.6717403712537316e-19, "events": {"first_literal": {"t": 0, "s": 1.03086656332016}, "first_up": null, "last_up": null}, "t_scale": {"0.5s*": 2877, "s*": 27154, "1.25s*": 66790, "s_F": 87106}, "seconds": 157.8741421699524, "max_rss_gb": 0.480935936}
2026-10-02 01:05:05 memory gate: free 58% swap_free 572.62M -> OK
# run: adam_wn_r64 2953011
{"cond": "adam_wn_r64", "seed": 2953011, "steps": 69075, "status": "reached_3s*", "s_end": 10.774175478450017, "rho2_end": 1.9968969666157302e-08, "events": {"first_literal": {"t": 0, "s": 1.03086656332016}, "first_up": null, "last_up": null}, "t_scale": {"0.5s*": 5204, "s*": 18498, "1.25s*": 25129, "s_F": 27171, "2s*": 44464, "3s*": 69075}, "seconds": 11.602102041244507, "max_rss_gb": 0.43098112}
2026-10-02 01:05:17 memory gate: free 58% swap_free 572.62M -> OK
# run: adam_r1 2953012
{"cond": "adam_r1", "seed": 2953012, "steps": 493, "status": "reached_3s*", "s_end": 10.780682389945198, "rho2_end": 0.3946594712127907, "events": {"first_literal": {"t": 485, "s": 10.703897919885604}, "first_up": {"t": 485, "s": 10.703897919885604}, "last_up": {"t": 485, "s": 10.703897919885604}}, "t_scale": {"0.5s*": 29, "s*": 81, "1.25s*": 108, "s_F": 118, "2s*": 234, "3s*": 493}, "seconds": 0.08776116371154785, "max_rss_gb": 0.374505472}
2026-10-02 01:05:17 memory gate: free 59% swap_free 572.62M -> OK
# run: adam_r4 2953012
{"cond": "adam_r4", "seed": 2953012, "steps": 2576, "status": "reached_3s*", "s_end": 10.775844431433109, "rho2_end": 0.5133949477467602, "events": {"first_literal": {"t": 1025, "s": 7.326191366044707}, "first_up": {"t": 1025, "s": 7.326191366044707}, "last_up": {"t": 1025, "s": 7.326191366044707}}, "t_scale": {"0.5s*": 58, "s*": 244, "1.25s*": 374, "s_F": 418, "2s*": 980, "3s*": 2576}, "seconds": 0.4156310558319092, "max_rss_gb": 0.427196416}
2026-10-02 01:05:18 memory gate: free 59% swap_free 572.62M -> OK
# run: adam_r16 2953012
{"cond": "adam_r16", "seed": 2953012, "steps": 6768, "status": "reached_3s*", "s_end": 10.775115868924937, "rho2_end": 0.6930965720164713, "events": {"first_literal": {"t": 2027, "s": 5.161671332985144}, "first_up": {"t": 2027, "s": 5.161671332985144}, "last_up": {"t": 2027, "s": 5.161671332985144}}, "t_scale": {"0.5s*": 141, "s*": 954, "1.25s*": 1527, "s_F": 1732, "2s*": 3585, "3s*": 6768}, "seconds": 1.0711159706115723, "max_rss_gb": 0.386285568}
2026-10-02 01:05:20 memory gate: free 58% swap_free 572.62M -> OK
# run: adam_r64 2953012
{"cond": "adam_r64", "seed": 2953012, "steps": 18464, "status": "reached_3s*", "s_end": 10.774185210132096, "rho2_end": 0.7044377205575424, "events": {"first_literal": {"t": 8040, "s": 5.635749368111032}, "first_up": {"t": 8040, "s": 5.635749368111032}, "last_up": {"t": 8040, "s": 5.635749368111032}}, "t_scale": {"0.5s*": 495, "s*": 3889, "1.25s*": 5679, "s_F": 6251, "2s*": 11200, "3s*": 18464}, "seconds": 2.886989116668701, "max_rss_gb": 0.376242176}
2026-10-02 01:05:23 memory gate: free 58% swap_free 572.62M -> OK
# run: gd_rho1 2953012
{"cond": "gd_rho1", "seed": 2953012, "steps": 493, "status": "reached_3s*", "s_end": 14.408364484039126, "rho2_end": 0.38896882458322357, "events": {"first_literal": null, "first_up": null, "last_up": null}, "t_scale": {"0.5s*": 4, "s*": 14, "1.25s*": 23, "s_F": 26, "2s*": 103, "3s*": 219}, "seconds": 0.08576583862304688, "max_rss_gb": 0.374734848}
2026-10-02 01:05:24 memory gate: free 58% swap_free 572.62M -> OK
# run: gd_scale_r6 2953012
{"cond": "gd_scale_r6", "seed": 2953012, "steps": 1637, "status": "reached_3s*", "s_end": 10.776556111084851, "rho2_end": 0.4851488938410164, "events": {"first_literal": {"t": 1263, "s": 9.604976049696093}, "first_up": {"t": 1263, "s": 9.604976049696093}, "last_up": {"t": 1263, "s": 9.604976049696093}}, "t_scale": {"0.5s*": 11, "s*": 47, "1.25s*": 95, "s_F": 125, "2s*": 914, "3s*": 1637}, "seconds": 0.2693009376525879, "max_rss_gb": 0.375914496}
2026-10-02 01:05:24 memory gate: free 58% swap_free 572.62M -> OK
# run: gd_scale_r9 2953012
{"cond": "gd_scale_r9", "seed": 2953012, "steps": 1815, "status": "reached_3s*", "s_end": 10.774739984940172, "rho2_end": 0.4885721810665076, "events": {"first_literal": {"t": 1426, "s": 9.594830076224673}, "first_up": {"t": 1426, "s": 9.594830076224673}, "last_up": {"t": 1426, "s": 9.594830076224673}}, "t_scale": {"0.5s*": 11, "s*": 47, "1.25s*": 96, "s_F": 127, "2s*": 1068, "3s*": 1815}, "seconds": 0.29629015922546387, "max_rss_gb": 0.420610048}
2026-10-02 01:05:25 memory gate: free 59% swap_free 572.62M -> OK
# run: gd_plain_r6 2953012
{"cond": "gd_plain_r6", "seed": 2953012, "steps": 13379, "status": "reached_3s*", "s_end": 10.774267797581416, "rho2_end": 0.60654901558415, "events": {"first_literal": {"t": 4057, "s": 7.3910046797699165}, "first_up": {"t": 4057, "s": 7.3910046797699165}, "last_up": {"t": 4057, "s": 7.3910046797699165}}, "t_scale": {"0.5s*": 54, "s*": 698, "1.25s*": 1610, "s_F": 1774, "2s*": 3798, "3s*": 13379}, "seconds": 2.078296661376953, "max_rss_gb": 0.376553472}
2026-10-02 01:05:28 memory gate: free 59% swap_free 572.62M -> OK
# run: gd_plain_r9 2953012
{"cond": "gd_plain_r9", "seed": 2953012, "steps": 96610, "status": "reached_3s*", "s_end": 10.774136384730738, "rho2_end": 0.7035912262598337, "events": {"first_literal": {"t": 18358, "s": 6.5079590712273045}, "first_up": {"t": 18358, "s": 6.5079590712273045}, "last_up": {"t": 18358, "s": 6.5079590712273045}}, "t_scale": {"0.5s*": 359, "s*": 5565, "1.25s*": 8144, "s_F": 9102, "2s*": 24054, "3s*": 96610}, "seconds": 14.833954095840454, "max_rss_gb": 0.457342976}
2026-10-02 01:05:43 memory gate: free 59% swap_free 580.62M -> OK
# run: gd_wn_r6 2953012
{"cond": "gd_wn_r6", "seed": 2953012, "steps": 54941, "status": "reached_3s*", "s_end": 10.774167022285683, "rho2_end": 0.7411856537958579, "events": {"first_literal": {"t": 9813, "s": 4.978501257719429}, "first_up": {"t": 9813, "s": 4.978501257719429}, "last_up": {"t": 9951, "s": 5.056693796702577}}, "t_scale": {"0.5s*": 180, "s*": 3199, "1.25s*": 8164, "s_F": 9460, "2s*": 16164, "3s*": 54941}, "seconds": 8.655344247817993, "max_rss_gb": 0.37904384}
2026-10-02 01:05:52 memory gate: free 59% swap_free 580.62M -> OK
# run: gd_wn_r9 2953012
{"cond": "gd_wn_r9", "seed": 2953012, "steps": 1000000, "status": "budget", "s_end": 6.049430021771608, "rho2_end": 0.0, "events": {"first_literal": null, "first_up": null, "last_up": null}, "t_scale": {"0.5s*": 1443, "s*": 25703, "1.25s*": 65298, "s_F": 85601}, "seconds": 163.61990785598755, "max_rss_gb": 0.42729472}
2026-10-02 01:08:36 memory gate: free 59% swap_free 908.62M -> OK
# run: adam_wn_r64 2953012
{"cond": "adam_wn_r64", "seed": 2953012, "steps": 66022, "status": "reached_3s*", "s_end": 10.774171868371548, "rho2_end": 1.7152604673726947e-05, "events": {"first_literal": null, "first_up": null, "last_up": null}, "t_scale": {"0.5s*": 2179, "s*": 15444, "1.25s*": 22076, "s_F": 24118, "2s*": 41411, "3s*": 66022}, "seconds": 11.103924036026001, "max_rss_gb": 0.394067968}
2026-10-02 01:08:48 memory gate: free 58% swap_free 908.62M -> OK
# run: adam_r1 2953013
{"cond": "adam_r1", "seed": 2953013, "steps": 626, "status": "reached_3s*", "s_end": 10.774235001685145, "rho2_end": 0.4820032363426646, "events": {"first_literal": {"t": 0, "s": 0.8366557955741882}, "first_up": {"t": 422, "s": 9.200349110813445}, "last_up": {"t": 422, "s": 9.200349110813445}}, "t_scale": {"0.5s*": 63, "s*": 128, "1.25s*": 157, "s_F": 166, "2s*": 267, "3s*": 626}, "seconds": 0.10894608497619629, "max_rss_gb": 0.37552128}
2026-10-02 01:08:49 memory gate: free 58% swap_free 908.62M -> OK
# run: adam_r4 2953013
{"cond": "adam_r4", "seed": 2953013, "steps": 2643, "status": "reached_3s*", "s_end": 10.775776163240305, "rho2_end": 0.6367325134938058, "events": {"first_literal": {"t": 0, "s": 0.8366557955741882}, "first_up": {"t": 292, "s": 3.4247275865576423}, "last_up": {"t": 292, "s": 3.4247275865576423}}, "t_scale": {"0.5s*": 126, "s*": 313, "1.25s*": 441, "s_F": 487, "2s*": 1050, "3s*": 2643}, "seconds": 0.4233081340789795, "max_rss_gb": 0.37625856}
2026-10-02 01:08:50 memory gate: free 58% swap_free 908.62M -> OK
# run: adam_r16 2953013
{"cond": "adam_r16", "seed": 2953013, "steps": 7288, "status": "reached_3s*", "s_end": 10.774795735859882, "rho2_end": 0.705699653345024, "events": {"first_literal": {"t": 0, "s": 0.8366557955741882}, "first_up": {"t": 545, "s": 2.200637477605089}, "last_up": {"t": 545, "s": 2.200637477605089}}, "t_scale": {"0.5s*": 379, "s*": 1238, "1.25s*": 1812, "s_F": 2009, "2s*": 3977, "3s*": 7288}, "seconds": 1.1691877841949463, "max_rss_gb": 0.380878848}
2026-10-02 01:08:51 memory gate: free 58% swap_free 908.62M -> OK
# run: adam_r64 2953013
{"cond": "adam_r64", "seed": 2953013, "steps": 19680, "status": "reached_3s*", "s_end": 10.774348208990407, "rho2_end": 0.7063217784598521, "events": {"first_literal": {"t": 0, "s": 0.8366557955741882}, "first_up": null, "last_up": null}, "t_scale": {"0.5s*": 1526, "s*": 4972, "1.25s*": 6793, "s_F": 7366, "2s*": 12332, "3s*": 19680}, "seconds": 3.075252056121826, "max_rss_gb": 0.377061376}
2026-10-02 01:08:55 memory gate: free 57% swap_free 908.62M -> OK
# run: gd_rho1 2953013
{"cond": "gd_rho1", "seed": 2953013, "steps": 626, "status": "reached_3s*", "s_end": 13.124961511026854, "rho2_end": 0.31426703422042995, "events": {"first_literal": {"t": 0, "s": 0.8366557955741882}, "first_up": null, "last_up": null}, "t_scale": {"0.5s*": 8, "s*": 18, "1.25s*": 26, "s_F": 30, "2s*": 239, "3s*": 529}, "seconds": 0.1072237491607666, "max_rss_gb": 0.37552128}
2026-10-02 01:08:55 memory gate: free 58% swap_free 908.62M -> OK
# run: gd_scale_r6 2953013
{"cond": "gd_scale_r6", "seed": 2953013, "steps": 2107, "status": "reached_3s*", "s_end": 10.77526981015729, "rho2_end": 0.5042276171987293, "events": {"first_literal": {"t": 0, "s": 0.8366557955741882}, "first_up": {"t": 1603, "s": 9.090868015923272}, "last_up": {"t": 1603, "s": 9.090868015923272}}, "t_scale": {"0.5s*": 17, "s*": 72, "1.25s*": 166, "s_F": 222, "2s*": 1310, "3s*": 2107}, "seconds": 0.3545191287994385, "max_rss_gb": 0.447168512}
2026-10-02 01:08:56 memory gate: free 57% swap_free 908.62M -> OK
# run: gd_scale_r9 2953013
{"cond": "gd_scale_r9", "seed": 2953013, "steps": 2409, "status": "reached_3s*", "s_end": 10.777056074543319, "rho2_end": 0.5150478361062928, "events": {"first_literal": {"t": 0, "s": 0.8366557955741882}, "first_up": {"t": 1885, "s": 9.070297601603826}, "last_up": {"t": 1885, "s": 9.070297601603826}}, "t_scale": {"0.5s*": 17, "s*": 77, "1.25s*": 184, "s_F": 247, "2s*": 1577, "3s*": 2409}, "seconds": 0.6417601108551025, "max_rss_gb": 0.374751232}
2026-10-02 01:08:57 memory gate: free 43% swap_free 948.62M -> OK
# run: gd_plain_r6 2953013
{"cond": "gd_plain_r6", "seed": 2953013, "steps": 13343, "status": "reached_3s*", "s_end": 10.774203444010332, "rho2_end": 0.6137967634523531, "events": {"first_literal": {"t": 0, "s": 0.8366557955741882}, "first_up": {"t": 4275, "s": 7.5079267527026445}, "last_up": {"t": 4275, "s": 7.5079267527026445}}, "t_scale": {"0.5s*": 132, "s*": 798, "1.25s*": 1785, "s_F": 1952, "2s*": 3867, "3s*": 13343}, "seconds": 2.0960850715637207, "max_rss_gb": 0.439681024}
2026-10-02 01:09:00 memory gate: free 43% swap_free 948.62M -> OK
# run: gd_plain_r9 2953013
{"cond": "gd_plain_r9", "seed": 2953013, "steps": 98104, "status": "reached_3s*", "s_end": 10.774152000559464, "rho2_end": 0.7036225088830863, "events": {"first_literal": {"t": 0, "s": 0.8366557955741882}, "first_up": {"t": 15110, "s": 5.842784772467412}, "last_up": {"t": 15110, "s": 5.842784772467412}}, "t_scale": {"0.5s*": 869, "s*": 6220, "1.25s*": 9079, "s_F": 10163, "2s*": 25196, "3s*": 98104}, "seconds": 15.20120620727539, "max_rss_gb": 0.453738496}
2026-10-02 01:09:16 memory gate: free 47% swap_free 948.62M -> OK
# run: gd_wn_r6 2953013
{"cond": "gd_wn_r6", "seed": 2953013, "steps": 150984, "status": "reached_3s*", "s_end": 10.774138771473435, "rho2_end": 0.7410910031136044, "events": {"first_literal": {"t": 0, "s": 0.8366557955741882}, "first_up": {"t": 113536, "s": 7.415434906181716}, "last_up": {"t": 113536, "s": 7.415434906181716}}, "t_scale": {"0.5s*": 425, "s*": 3490, "1.25s*": 8464, "s_F": 11007, "2s*": 102572, "3s*": 150984}, "seconds": 23.881591081619263, "max_rss_gb": 0.387072}
2026-10-02 01:09:40 memory gate: free 48% swap_free 948.62M -> OK
# run: gd_wn_r9 2953013
{"cond": "gd_wn_r9", "seed": 2953013, "steps": 1000000, "status": "budget", "s_end": 6.049430021771548, "rho2_end": 8.432975958640532e-19, "events": {"first_literal": {"t": 0, "s": 0.8366557955741882}, "first_up": null, "last_up": null}, "t_scale": {"0.5s*": 3365, "s*": 27651, "1.25s*": 67274, "s_F": 87586}, "seconds": 157.6906168460846, "max_rss_gb": 0.430112768}
2026-10-02 01:12:19 memory gate: free 49% swap_free 988.62M -> OK
# run: adam_wn_r64 2953013
{"cond": "adam_wn_r64", "seed": 2953013, "steps": 70498, "status": "reached_3s*", "s_end": 10.774265569813188, "rho2_end": 1.4263607700324225e-07, "events": {"first_literal": {"t": 0, "s": 0.8366557955741882}, "first_up": null, "last_up": null}, "t_scale": {"0.5s*": 6622, "s*": 19920, "1.25s*": 26551, "s_F": 28593, "2s*": 45886, "3s*": 70498}, "seconds": 11.952706813812256, "max_rss_gb": 0.380502016}
2026-10-02 01:12:31 memory gate: free 49% swap_free 988.62M -> OK
# run: adam_r1 2953014
{"cond": "adam_r1", "seed": 2953014, "steps": 518, "status": "reached_3s*", "s_end": 10.776422499591797, "rho2_end": 0.41702101134809305, "events": {"first_literal": {"t": 0, "s": 1.0268863439559937}, "first_up": {"t": 452, "s": 10.254731856988768}, "last_up": {"t": 452, "s": 10.254731856988768}}, "t_scale": {"0.5s*": 28, "s*": 68, "1.25s*": 92, "s_F": 100, "2s*": 201, "3s*": 518}, "seconds": 0.09455609321594238, "max_rss_gb": 0.386318336}
2026-10-02 01:12:32 memory gate: free 49% swap_free 988.62M -> OK
# run: adam_r4 2953014
{"cond": "adam_r4", "seed": 2953014, "steps": 2553, "status": "reached_3s*", "s_end": 10.775098327295346, "rho2_end": 0.5776015617622546, "events": {"first_literal": {"t": 0, "s": 1.0268863439559937}, "first_up": {"t": 853, "s": 6.526749613443113}, "last_up": {"t": 853, "s": 6.526749613443113}}, "t_scale": {"0.5s*": 75, "s*": 262, "1.25s*": 393, "s_F": 441, "2s*": 1039, "3s*": 2553}, "seconds": 0.41577887535095215, "max_rss_gb": 0.408928256}
2026-10-02 01:12:33 memory gate: free 49% swap_free 988.62M -> OK
# run: adam_r16 2953014
{"cond": "adam_r16", "seed": 2953014, "steps": 7019, "status": "reached_3s*", "s_end": 10.774154165404603, "rho2_end": 0.7029040474066526, "events": {"first_literal": {"t": 0, "s": 1.0268863439559937}, "first_up": {"t": 3785, "s": 6.935951481018791}, "last_up": {"t": 3785, "s": 6.935951481018791}}, "t_scale": {"0.5s*": 275, "s*": 1606, "1.25s*": 2335, "s_F": 2453, "2s*": 3974, "3s*": 7019}, "seconds": 1.1156318187713623, "max_rss_gb": 0.387072}
2026-10-02 01:12:34 memory gate: free 49% swap_free 988.62M -> OK
# run: adam_r64 2953014
{"cond": "adam_r64", "seed": 2953014, "steps": 19367, "status": "reached_3s*", "s_end": 10.774416898363278, "rho2_end": 0.7063731471502513, "events": {"first_literal": {"t": 0, "s": 1.0268863439559937}, "first_up": {"t": 9086, "s": 5.7117203045374305}, "last_up": {"t": 9086, "s": 5.7117203045374305}}, "t_scale": {"0.5s*": 1239, "s*": 4942, "1.25s*": 6640, "s_F": 7183, "2s*": 12062, "3s*": 19367}, "seconds": 3.087893009185791, "max_rss_gb": 0.45555712}
2026-10-02 01:12:38 memory gate: free 49% swap_free 988.62M -> OK
# run: gd_rho1 2953014
{"cond": "gd_rho1", "seed": 2953014, "steps": 518, "status": "reached_3s*", "s_end": 14.866839076829178, "rho2_end": 0.4010835892339794, "events": {"first_literal": {"t": 0, "s": 1.0268863439559937}, "first_up": {"t": 490, "s": 14.62182755523054}, "last_up": {"t": 490, "s": 14.62182755523054}}, "t_scale": {"0.5s*": 5, "s*": 13, "1.25s*": 19, "s_F": 22, "2s*": 88, "3s*": 243}, "seconds": 0.09161710739135742, "max_rss_gb": 0.3862528}
2026-10-02 01:12:38 memory gate: free 49% swap_free 988.62M -> OK
# run: gd_scale_r6 2953014
{"cond": "gd_scale_r6", "seed": 2953014, "steps": 1526, "status": "reached_3s*", "s_end": 10.779431635974483, "rho2_end": 0.5616109785113016, "events": {"first_literal": {"t": 0, "s": 1.0268863439559937}, "first_up": {"t": 1038, "s": 8.91308465296845}, "last_up": {"t": 1038, "s": 8.91308465296845}}, "t_scale": {"0.5s*": 22, "s*": 76, "1.25s*": 203, "s_F": 289, "2s*": 800, "3s*": 1526}, "seconds": 0.2526869773864746, "max_rss_gb": 0.377470976}
2026-10-02 01:12:39 memory gate: free 49% swap_free 988.62M -> OK
# run: gd_scale_r9 2953014
{"cond": "gd_scale_r9", "seed": 2953014, "steps": 1564, "status": "reached_3s*", "s_end": 10.77419575634967, "rho2_end": 0.5626436722528072, "events": {"first_literal": {"t": 0, "s": 1.0268863439559937}, "first_up": {"t": 1075, "s": 8.935432853123906}, "last_up": {"t": 1075, "s": 8.935432853123906}}, "t_scale": {"0.5s*": 21, "s*": 76, "1.25s*": 201, "s_F": 288, "2s*": 832, "3s*": 1564}, "seconds": 0.26587605476379395, "max_rss_gb": 0.419495936}
2026-10-02 01:12:40 memory gate: free 49% swap_free 988.62M -> OK
# run: gd_plain_r6 2953014
{"cond": "gd_plain_r6", "seed": 2953014, "steps": 13737, "status": "reached_3s*", "s_end": 10.774294034987454, "rho2_end": 0.6122246759106753, "events": {"first_literal": {"t": 0, "s": 1.0268863439559937}, "first_up": {"t": 4109, "s": 7.212341844672367}, "last_up": {"t": 4109, "s": 7.212341844672367}}, "t_scale": {"0.5s*": 110, "s*": 777, "1.25s*": 1876, "s_F": 2043, "2s*": 4073, "3s*": 13737}, "seconds": 2.1442649364471436, "max_rss_gb": 0.376045568}
2026-10-02 01:12:43 memory gate: free 49% swap_free 988.62M -> OK
# run: gd_plain_r9 2953014
{"cond": "gd_plain_r9", "seed": 2953014, "steps": 97754, "status": "reached_3s*", "s_end": 10.774147265202881, "rho2_end": 0.7039928845590694, "events": {"first_literal": {"t": 0, "s": 1.0268863439559937}, "first_up": {"t": 15123, "s": 5.926843024722402}, "last_up": {"t": 15123, "s": 5.926843024722402}}, "t_scale": {"0.5s*": 737, "s*": 6038, "1.25s*": 8668, "s_F": 9665, "2s*": 24649, "3s*": 97754}, "seconds": 15.220383882522583, "max_rss_gb": 0.384155648}
2026-10-02 01:12:58 memory gate: free 48% swap_free 988.62M -> OK
# run: gd_wn_r6 2953014
{"cond": "gd_wn_r6", "seed": 2953014, "steps": 186219, "status": "reached_3s*", "s_end": 10.774159509954666, "rho2_end": 0.7410873058080581, "events": {"first_literal": {"t": 0, "s": 1.0268863439559937}, "first_up": {"t": 152368, "s": 8.08994091237957}, "last_up": {"t": 152368, "s": 8.08994091237957}}, "t_scale": {"0.5s*": 361, "s*": 3421, "1.25s*": 8394, "s_F": 10936, "2s*": 104094, "3s*": 186219}, "seconds": 29.767681121826172, "max_rss_gb": 0.3895296}
2026-10-02 01:13:29 memory gate: free 47% swap_free 1100.62M -> OK
# run: gd_wn_r9 2953014
{"cond": "gd_wn_r9", "seed": 2953014, "steps": 1000000, "status": "budget", "s_end": 6.049430021771561, "rho2_end": 8.333930938991264e-19, "events": {"first_literal": {"t": 0, "s": 1.0268863439559937}, "first_up": null, "last_up": null}, "t_scale": {"0.5s*": 2877, "s*": 27159, "1.25s*": 66777, "s_F": 87087}, "seconds": 158.17815279960632, "max_rss_gb": 0.399261696}
2026-10-02 01:16:08 memory gate: free 46% swap_free 1188.62M -> OK
# run: adam_wn_r64 2953014
{"cond": "adam_wn_r64", "seed": 2953014, "steps": 69117, "status": "reached_3s*", "s_end": 10.774252282088261, "rho2_end": 3.769122714455586e-07, "events": {"first_literal": {"t": 0, "s": 1.0268863439559937}, "first_up": null, "last_up": null}, "t_scale": {"0.5s*": 5245, "s*": 18539, "1.25s*": 25171, "s_F": 27212, "2s*": 44505, "3s*": 69117}, "seconds": 11.606697082519531, "max_rss_gb": 0.459538432}
2026-10-02 01:16:20 memory gate: free 46% swap_free 1188.62M -> OK
# run: adam_r1 2953015
{"cond": "adam_r1", "seed": 2953015, "steps": 815, "status": "reached_3s*", "s_end": 10.774390268903574, "rho2_end": 0.3694443454386654, "events": {"first_literal": {"t": 0, "s": 0.5343641638755798}, "first_up": {"t": 7, "s": 0.6757538804945329}, "last_up": {"t": 7, "s": 0.6757538804945329}}, "t_scale": {"0.5s*": 52, "s*": 127, "1.25s*": 196, "s_F": 227, "2s*": 514, "3s*": 815}, "seconds": 0.1407480239868164, "max_rss_gb": 0.42000384}
2026-10-02 01:16:21 memory gate: free 46% swap_free 1188.62M -> OK
# run: adam_r4 2953015
{"cond": "adam_r4", "seed": 2953015, "steps": 3085, "status": "reached_3s*", "s_end": 10.775236173734681, "rho2_end": 0.6102411346198723, "events": {"first_literal": {"t": 0, "s": 0.5343641638755798}, "first_up": {"t": 2222, "s": 8.766650452028127}, "last_up": {"t": 2222, "s": 8.766650452028127}}, "t_scale": {"0.5s*": 150, "s*": 451, "1.25s*": 835, "s_F": 1031, "2s*": 1651, "3s*": 3085}, "seconds": 0.5045766830444336, "max_rss_gb": 0.433455104}
2026-10-02 01:16:22 memory gate: free 46% swap_free 1188.62M -> OK
# run: adam_r16 2953015
{"cond": "adam_r16", "seed": 2953015, "steps": 7657, "status": "reached_3s*", "s_end": 10.774983082463775, "rho2_end": 0.6984214556398995, "events": {"first_literal": {"t": 0, "s": 0.5343641638755798}, "first_up": {"t": 3977, "s": 6.6295303708784825}, "last_up": {"t": 3977, "s": 6.6295303708784825}}, "t_scale": {"0.5s*": 524, "s*": 1874, "1.25s*": 2430, "s_F": 2603, "2s*": 4439, "3s*": 7657}, "seconds": 1.216439962387085, "max_rss_gb": 0.37675008}
2026-10-02 01:16:23 memory gate: free 46% swap_free 1188.62M -> OK
# run: adam_r64 2953015
{"cond": "adam_r64", "seed": 2953015, "steps": 20544, "status": "reached_3s*", "s_end": 10.77430186003891, "rho2_end": 0.7058549732266959, "events": {"first_literal": {"t": 0, "s": 0.5343641638755798}, "first_up": {"t": 12033, "s": 6.584690739781026}, "last_up": {"t": 12033, "s": 6.584690739781026}}, "t_scale": {"0.5s*": 2252, "s*": 6019, "1.25s*": 7777, "s_F": 8341, "2s*": 13228, "3s*": 20544}, "seconds": 3.2258169651031494, "max_rss_gb": 0.381075456}
2026-10-02 01:16:27 memory gate: free 46% swap_free 1188.62M -> OK
# run: gd_rho1 2953015
{"cond": "gd_rho1", "seed": 2953015, "steps": 815, "status": "reached_3s*", "s_end": 16.431781197709533, "rho2_end": 0.44406513172933343, "events": {"first_literal": {"t": 0, "s": 0.5343641638755798}, "first_up": {"t": 549, "s": 14.966480627458251}, "last_up": {"t": 549, "s": 14.966480627458251}}, "t_scale": {"0.5s*": 8, "s*": 17, "1.25s*": 24, "s_F": 27, "2s*": 102, "3s*": 226}, "seconds": 0.13900494575500488, "max_rss_gb": 0.420118528}
2026-10-02 01:16:28 memory gate: free 46% swap_free 1188.62M -> OK
# run: gd_scale_r6 2953015
{"cond": "gd_scale_r6", "seed": 2953015, "steps": 1218, "status": "reached_3s*", "s_end": 10.775473131943775, "rho2_end": 0.5331023943241516, "events": {"first_literal": {"t": 0, "s": 0.5343641638755798}, "first_up": {"t": 755, "s": 8.693131178839344}, "last_up": {"t": 755, "s": 8.693131178839344}}, "t_scale": {"0.5s*": 20, "s*": 73, "1.25s*": 171, "s_F": 235, "2s*": 578, "3s*": 1218}, "seconds": 0.2035360336303711, "max_rss_gb": 0.374784}
2026-10-02 01:16:28 memory gate: free 46% swap_free 1188.62M -> OK
# run: gd_scale_r9 2953015
{"cond": "gd_scale_r9", "seed": 2953015, "steps": 1333, "status": "reached_3s*", "s_end": 10.774171617001837, "rho2_end": 0.5387509489878438, "events": {"first_literal": {"t": 0, "s": 0.5343641638755798}, "first_up": {"t": 884, "s": 8.807284718552516}, "last_up": {"t": 884, "s": 8.807284718552516}}, "t_scale": {"0.5s*": 21, "s*": 78, "1.25s*": 194, "s_F": 273, "2s*": 689, "3s*": 1333}, "seconds": 0.22781920433044434, "max_rss_gb": 0.432078848}
2026-10-02 01:16:29 memory gate: free 46% swap_free 1188.62M -> OK
# run: gd_plain_r6 2953015
{"cond": "gd_plain_r6", "seed": 2953015, "steps": 13704, "status": "reached_3s*", "s_end": 10.77414275298147, "rho2_end": 0.6152542799424437, "events": {"first_literal": {"t": 0, "s": 0.5343641638755798}, "first_up": {"t": 3969, "s": 7.273058555162875}, "last_up": {"t": 3969, "s": 7.273058555162875}}, "t_scale": {"0.5s*": 178, "s*": 863, "1.25s*": 1710, "s_F": 1859, "2s*": 3854, "3s*": 13704}, "seconds": 2.1452598571777344, "max_rss_gb": 0.37593088}
2026-10-02 01:16:32 memory gate: free 46% swap_free 1188.62M -> OK
# run: gd_plain_r9 2953015
{"cond": "gd_plain_r9", "seed": 2953015, "steps": 98705, "status": "reached_3s*", "s_end": 10.77415349499986, "rho2_end": 0.7030534926776596, "events": {"first_literal": {"t": 0, "s": 0.5343641638755798}, "first_up": {"t": 15236, "s": 5.958249145237626}, "last_up": {"t": 15236, "s": 5.958249145237626}}, "t_scale": {"0.5s*": 1129, "s*": 5768, "1.25s*": 8415, "s_F": 9433, "2s*": 24579, "3s*": 98705}, "seconds": 15.272348880767822, "max_rss_gb": 0.383074304}
2026-10-02 01:16:47 memory gate: free 46% swap_free 1196.62M -> OK
# run: gd_wn_r6 2953015
{"cond": "gd_wn_r6", "seed": 2953015, "steps": 150229, "status": "reached_3s*", "s_end": 10.774141955376251, "rho2_end": 0.7410915739586307, "events": {"first_literal": {"t": 0, "s": 0.5343641638755798}, "first_up": {"t": 112778, "s": 7.413758376067006}, "last_up": {"t": 112778, "s": 7.413758376067006}}, "t_scale": {"0.5s*": 518, "s*": 3591, "1.25s*": 8567, "s_F": 11109, "2s*": 101907, "3s*": 150229}, "seconds": 23.84981608390808, "max_rss_gb": 0.388513792}
2026-10-02 01:17:12 memory gate: free 47% swap_free 1204.62M -> OK
# run: gd_wn_r9 2953015
{"cond": "gd_wn_r9", "seed": 2953015, "steps": 1000000, "status": "budget", "s_end": 6.04943002177157, "rho2_end": 0.0, "events": {"first_literal": {"t": 0, "s": 0.5343641638755798}, "first_up": null, "last_up": null}, "t_scale": {"0.5s*": 4025, "s*": 28313, "1.25s*": 67932, "s_F": 88243}, "seconds": 159.97948622703552, "max_rss_gb": 0.380780544}
2026-10-02 01:19:52 memory gate: free 42% swap_free 1212.62M -> OK
# run: adam_wn_r64 2953015
{"cond": "adam_wn_r64", "seed": 2953015, "steps": 72621, "status": "reached_3s*", "s_end": 10.77419477134436, "rho2_end": 6.090636819480306e-06, "events": {"first_literal": {"t": 0, "s": 0.5343641638755798}, "first_up": {"t": 7, "s": 0.5333238641548823}, "last_up": {"t": 7, "s": 0.5333238641548823}}, "t_scale": {"0.5s*": 8744, "s*": 22044, "1.25s*": 28675, "s_F": 30717, "2s*": 48010, "3s*": 72621}, "seconds": 12.383610010147095, "max_rss_gb": 0.462831616}
2026-10-02 01:20:05 memory gate: free 40% swap_free 1212.62M -> OK
# run: adam_r1 2953016
{"cond": "adam_r1", "seed": 2953016, "steps": 615, "status": "reached_3s*", "s_end": 10.779170312341993, "rho2_end": 0.39341722565210924, "events": {"first_literal": {"t": 11, "s": 0.8087363937274913}, "first_up": {"t": 11, "s": 0.8087363937274913}, "last_up": {"t": 609, "s": 10.735134123480329}}, "t_scale": {"0.5s*": 47, "s*": 96, "1.25s*": 132, "s_F": 145, "2s*": 288, "3s*": 615}, "seconds": 0.11697697639465332, "max_rss_gb": 0.452820992}
2026-10-02 01:20:06 memory gate: free 40% swap_free 1212.62M -> OK
# run: adam_r4 2953016
{"cond": "adam_r4", "seed": 2953016, "steps": 2920, "status": "reached_3s*", "s_end": 10.774701186271713, "rho2_end": 0.6040418079662682, "events": {"first_literal": {"t": 19, "s": 0.6935669849208532}, "first_up": {"t": 19, "s": 0.6935669849208532}, "last_up": {"t": 2199, "s": 9.02644368340364}}, "t_scale": {"0.5s*": 134, "s*": 379, "1.25s*": 675, "s_F": 831, "2s*": 1620, "3s*": 2920}, "seconds": 0.48720717430114746, "max_rss_gb": 0.3760128}
2026-10-02 01:20:07 memory gate: free 41% swap_free 1212.62M -> OK
# run: adam_r16 2953016
{"cond": "adam_r16", "seed": 2953016, "steps": 7388, "status": "reached_3s*", "s_end": 10.77425507819418, "rho2_end": 0.7015153064751404, "events": {"first_literal": {"t": 23, "s": 0.6893923439139865}, "first_up": {"t": 23, "s": 0.6893923439139865}, "last_up": {"t": 3797, "s": 6.772520208702522}}, "t_scale": {"0.5s*": 430, "s*": 1399, "1.25s*": 1985, "s_F": 2182, "2s*": 4158, "3s*": 7388}, "seconds": 1.173447847366333, "max_rss_gb": 0.376307712}
2026-10-02 01:20:09 memory gate: free 41% swap_free 1212.62M -> OK
# run: adam_r64 2953016
{"cond": "adam_r64", "seed": 2953016, "steps": 20035, "status": "reached_3s*", "s_end": 10.774326822497624, "rho2_end": 0.704352317951863, "events": {"first_literal": {"t": 24, "s": 0.68714213617723}, "first_up": {"t": 24, "s": 0.68714213617723}, "last_up": {"t": 11638, "s": 6.632703361909616}}, "t_scale": {"0.5s*": 1811, "s*": 5429, "1.25s*": 7255, "s_F": 7828, "2s*": 12753, "3s*": 20035}, "seconds": 3.1587398052215576, "max_rss_gb": 0.3805184}
2026-10-02 01:20:12 memory gate: free 41% swap_free 1212.62M -> OK
# run: gd_rho1 2953016
{"cond": "gd_rho1", "seed": 2953016, "steps": 615, "status": "reached_3s*", "s_end": 15.42504053757011, "rho2_end": 0.411348448971609, "events": {"first_literal": {"t": 1, "s": 0.593691422469629}, "first_up": {"t": 1, "s": 0.593691422469629}, "last_up": {"t": 527, "s": 14.850455273972386}}, "t_scale": {"0.5s*": 8, "s*": 16, "1.25s*": 23, "s_F": 25, "2s*": 89, "3s*": 215}, "seconds": 0.11806893348693848, "max_rss_gb": 0.452411392}
2026-10-02 01:20:13 memory gate: free 41% swap_free 1212.62M -> OK
# run: gd_scale_r6 2953016
{"cond": "gd_scale_r6", "seed": 2953016, "steps": 1141, "status": "reached_3s*", "s_end": 10.775324631136689, "rho2_end": 0.5455341269725829, "events": {"first_literal": {"t": 1, "s": 0.7124905768050052}, "first_up": {"t": 1, "s": 0.7124905768050052}, "last_up": {"t": 674, "s": 8.724862669236316}}, "t_scale": {"0.5s*": 22, "s*": 81, "1.25s*": 195, "s_F": 249, "2s*": 505, "3s*": 1141}, "seconds": 0.19586896896362305, "max_rss_gb": 0.376143872}
2026-10-02 01:20:14 memory gate: free 41% swap_free 1212.62M -> OK
# run: gd_scale_r9 2953016
{"cond": "gd_scale_r9", "seed": 2953016, "steps": 1149, "status": "reached_3s*", "s_end": 10.774159797539127, "rho2_end": 0.5465937775119127, "events": {"first_literal": {"t": 1, "s": 0.7141405650596631}, "first_up": {"t": 1, "s": 0.7141405650596631}, "last_up": {"t": 673, "s": 8.689919585151886}}, "t_scale": {"0.5s*": 22, "s*": 81, "1.25s*": 192, "s_F": 247, "2s*": 505, "3s*": 1149}, "seconds": 0.20312190055847168, "max_rss_gb": 0.376569856}
2026-10-02 01:20:14 memory gate: free 41% swap_free 1212.62M -> OK
# run: gd_plain_r6 2953016
{"cond": "gd_plain_r6", "seed": 2953016, "steps": 14460, "status": "reached_3s*", "s_end": 10.774208110746699, "rho2_end": 0.6079463465878935, "events": {"first_literal": {"t": 2, "s": 0.679187296111251}, "first_up": {"t": 2, "s": 0.679187296111251}, "last_up": {"t": 5062, "s": 7.577238183037122}}, "t_scale": {"0.5s*": 164, "s*": 847, "1.25s*": 2013, "s_F": 2192, "2s*": 4456, "3s*": 14460}, "seconds": 2.2448570728302, "max_rss_gb": 0.375865344}
2026-10-02 01:20:17 memory gate: free 42% swap_free 1212.62M -> OK
# run: gd_plain_r9 2953016
{"cond": "gd_plain_r9", "seed": 2953016, "steps": 97636, "status": "reached_3s*", "s_end": 10.774137508205584, "rho2_end": 0.7039673928598641, "events": {"first_literal": {"t": 2, "s": 0.685377031733696}, "first_up": {"t": 2, "s": 0.685377031733696}, "last_up": {"t": 16518, "s": 6.1655319520355345}}, "t_scale": {"0.5s*": 1018, "s*": 6017, "1.25s*": 8646, "s_F": 9632, "2s*": 24561, "3s*": 97636}, "seconds": 15.20608401298523, "max_rss_gb": 0.38404096}
2026-10-02 01:20:33 memory gate: free 41% swap_free 1212.62M -> OK
# run: gd_wn_r6 2953016
{"cond": "gd_wn_r6", "seed": 2953016, "steps": 146024, "status": "reached_3s*", "s_end": 10.77413191716569, "rho2_end": 0.7410904339246822, "events": {"first_literal": {"t": 2, "s": 0.6846550376523893}, "first_up": {"t": 2, "s": 0.6846550376523893}, "last_up": {"t": 108101, "s": 7.317567065961294}}, "t_scale": {"0.5s*": 474, "s*": 3543, "1.25s*": 8517, "s_F": 11060, "2s*": 103158, "3s*": 146024}, "seconds": 23.191465854644775, "max_rss_gb": 0.376700928}
2026-10-02 01:20:57 memory gate: free 40% swap_free 1308.62M -> OK
# run: gd_wn_r9 2953016
{"cond": "gd_wn_r9", "seed": 2953016, "steps": 1000000, "status": "budget", "s_end": 6.0494300217715695, "rho2_end": 1.6476846482947864e-18, "events": {"first_literal": {"t": 2, "s": 0.6860607165635854}, "first_up": {"t": 2, "s": 0.6860607165635854}, "last_up": {"t": 2, "s": 0.6860607165635854}}, "t_scale": {"0.5s*": 3710, "s*": 27998, "1.25s*": 67618, "s_F": 87929}, "seconds": 159.82695817947388, "max_rss_gb": 0.37920768}
2026-10-02 01:23:37 memory gate: free 42% swap_free 1332.62M -> OK
# run: adam_wn_r64 2953016
{"cond": "adam_wn_r64", "seed": 2953016, "steps": 71548, "status": "reached_3s*", "s_end": 10.774186353558859, "rho2_end": 6.048769579748123e-05, "events": {"first_literal": {"t": 11, "s": 0.6847132725700659}, "first_up": {"t": 11, "s": 0.6847132725700659}, "last_up": {"t": 11, "s": 0.6847132725700659}}, "t_scale": {"0.5s*": 7671, "s*": 20971, "1.25s*": 27602, "s_F": 29644, "2s*": 46937, "3s*": 71548}, "seconds": 12.145256042480469, "max_rss_gb": 0.375554048}
2026-10-02 01:23:50 memory gate: free 39% swap_free 1332.62M -> OK
# run: adam_r1 2953017
{"cond": "adam_r1", "seed": 2953017, "steps": 536, "status": "reached_3s*", "s_end": 10.78148780095845, "rho2_end": 0.37508815770113046, "events": {"first_literal": {"t": 0, "s": 0.8123292922973633}, "first_up": null, "last_up": null}, "t_scale": {"0.5s*": 30, "s*": 75, "1.25s*": 103, "s_F": 114, "2s*": 231, "3s*": 536}, "seconds": 0.1058969497680664, "max_rss_gb": 0.378847232}
2026-10-02 01:23:51 memory gate: free 39% swap_free 1332.62M -> OK
# run: adam_r4 2953017
{"cond": "adam_r4", "seed": 2953017, "steps": 2800, "status": "reached_3s*", "s_end": 10.775690003475368, "rho2_end": 0.5500178267102042, "events": {"first_literal": {"t": 0, "s": 0.8123292922973633}, "first_up": {"t": 1520, "s": 7.519799760059979}, "last_up": {"t": 1520, "s": 7.519799760059979}}, "t_scale": {"0.5s*": 93, "s*": 351, "1.25s*": 680, "s_F": 855, "2s*": 1434, "3s*": 2800}, "seconds": 0.4575998783111572, "max_rss_gb": 0.40697856}
2026-10-02 01:23:52 memory gate: free 38% swap_free 1332.62M -> OK
# run: adam_r16 2953017
{"cond": "adam_r16", "seed": 2953017, "steps": 7275, "status": "reached_3s*", "s_end": 10.77470857140863, "rho2_end": 0.7021629458021826, "events": {"first_literal": {"t": 0, "s": 0.8123292922973633}, "first_up": {"t": 3821, "s": 6.697229612947475}, "last_up": {"t": 3821, "s": 6.697229612947475}}, "t_scale": {"0.5s*": 373, "s*": 1849, "1.25s*": 2440, "s_F": 2577, "2s*": 4200, "3s*": 7275}, "seconds": 1.1591191291809082, "max_rss_gb": 0.377995264}
2026-10-02 01:23:53 memory gate: free 39% swap_free 1332.62M -> OK
# run: adam_r64 2953017
{"cond": "adam_r64", "seed": 2953017, "steps": 19894, "status": "reached_3s*", "s_end": 10.774527759703748, "rho2_end": 0.7056328820944547, "events": {"first_literal": {"t": 0, "s": 0.8123292922973633}, "first_up": {"t": 10584, "s": 6.1862174338356475}, "last_up": {"t": 10584, "s": 6.1862174338356475}}, "t_scale": {"0.5s*": 1673, "s*": 5496, "1.25s*": 7156, "s_F": 7707, "2s*": 12593, "3s*": 19894}, "seconds": 3.1433372497558594, "max_rss_gb": 0.377552896}
2026-10-02 01:23:57 memory gate: free 38% swap_free 1332.62M -> OK
# run: gd_rho1 2953017
{"cond": "gd_rho1", "seed": 2953017, "steps": 536, "status": "reached_3s*", "s_end": 15.110677280372599, "rho2_end": 0.4121736147653244, "events": {"first_literal": {"t": 0, "s": 0.8123292922973633}, "first_up": {"t": 455, "s": 14.521451274266383}, "last_up": {"t": 455, "s": 14.521451274266383}}, "t_scale": {"0.5s*": 5, "s*": 13, "1.25s*": 20, "s_F": 23, "2s*": 73, "3s*": 182}, "seconds": 0.09505200386047363, "max_rss_gb": 0.378912768}
2026-10-02 01:23:57 memory gate: free 39% swap_free 1332.62M -> OK
# run: gd_scale_r6 2953017
{"cond": "gd_scale_r6", "seed": 2953017, "steps": 1154, "status": "reached_3s*", "s_end": 10.776837919489552, "rho2_end": 0.4975089862134003, "events": {"first_literal": {"t": 0, "s": 0.8123292922973633}, "first_up": {"t": 723, "s": 9.283353480212662}, "last_up": {"t": 723, "s": 9.283353480212662}}, "t_scale": {"0.5s*": 16, "s*": 54, "1.25s*": 128, "s_F": 179, "2s*": 445, "3s*": 1154}, "seconds": 0.1939711570739746, "max_rss_gb": 0.376111104}
2026-10-02 01:23:58 memory gate: free 39% swap_free 1332.62M -> OK
# run: gd_scale_r9 2953017
{"cond": "gd_scale_r9", "seed": 2953017, "steps": 1205, "status": "reached_3s*", "s_end": 10.774859186727555, "rho2_end": 0.506757431203674, "events": {"first_literal": {"t": 0, "s": 0.8123292922973633}, "first_up": {"t": 724, "s": 9.175063582877314}, "last_up": {"t": 724, "s": 9.175063582877314}}, "t_scale": {"0.5s*": 17, "s*": 54, "1.25s*": 129, "s_F": 181, "2s*": 453, "3s*": 1205}, "seconds": 0.2079601287841797, "max_rss_gb": 0.374833152}
2026-10-02 01:23:59 memory gate: free 39% swap_free 1332.62M -> OK
# run: gd_plain_r6 2953017
{"cond": "gd_plain_r6", "seed": 2953017, "steps": 13120, "status": "reached_3s*", "s_end": 10.774204111275228, "rho2_end": 0.6156684375545081, "events": {"first_literal": {"t": 0, "s": 0.8123292922973633}, "first_up": {"t": 3934, "s": 7.431858368785434}, "last_up": {"t": 3934, "s": 7.431858368785434}}, "t_scale": {"0.5s*": 132, "s*": 805, "1.25s*": 1585, "s_F": 1740, "2s*": 3627, "3s*": 13120}, "seconds": 2.068420171737671, "max_rss_gb": 0.457211904}
2026-10-02 01:24:01 memory gate: free 38% swap_free 1332.62M -> OK
# run: gd_plain_r9 2953017
{"cond": "gd_plain_r9", "seed": 2953017, "steps": 97596, "status": "reached_3s*", "s_end": 10.77412766058552, "rho2_end": 0.7036755247236112, "events": {"first_literal": {"t": 0, "s": 0.8123292922973633}, "first_up": {"t": 15969, "s": 6.056198246352125}, "last_up": {"t": 15969, "s": 6.056198246352125}}, "t_scale": {"0.5s*": 887, "s*": 6114, "1.25s*": 8798, "s_F": 9768, "2s*": 24765, "3s*": 97596}, "seconds": 15.260319948196411, "max_rss_gb": 0.377536512}
2026-10-02 01:24:17 memory gate: free 39% swap_free 1340.62M -> OK
# run: gd_wn_r6 2953017
{"cond": "gd_wn_r6", "seed": 2953017, "steps": 50546, "status": "reached_3s*", "s_end": 10.774163903738017, "rho2_end": 0.7411394665718201, "events": {"first_literal": {"t": 0, "s": 0.8123292922973633}, "first_up": {"t": 4917, "s": 4.742775497800704}, "last_up": {"t": 5193, "s": 4.906251528501582}}, "t_scale": {"0.5s*": 432, "s*": 3322, "1.25s*": 4523, "s_F": 4958, "2s*": 11758, "3s*": 50546}, "seconds": 8.005276918411255, "max_rss_gb": 0.38387712}
2026-10-02 01:24:26 memory gate: free 39% swap_free 1340.62M -> OK
# run: gd_wn_r9 2953017
{"cond": "gd_wn_r9", "seed": 2953017, "steps": 1000000, "status": "budget", "s_end": 6.049430021771563, "rho2_end": 0.0, "events": {"first_literal": {"t": 0, "s": 0.8123292922973633}, "first_up": null, "last_up": null}, "t_scale": {"0.5s*": 3421, "s*": 27705, "1.25s*": 67322, "s_F": 87632}, "seconds": 159.03610801696777, "max_rss_gb": 0.377094144}
2026-10-02 01:27:05 memory gate: free 39% swap_free 1460.62M -> OK
# run: adam_wn_r64 2953017
{"cond": "adam_wn_r64", "seed": 2953017, "steps": 70652, "status": "reached_3s*", "s_end": 10.774159259968545, "rho2_end": 2.452658645810824e-10, "events": {"first_literal": {"t": 0, "s": 0.8123292922973633}, "first_up": null, "last_up": null}, "t_scale": {"0.5s*": 6777, "s*": 20075, "1.25s*": 26706, "s_F": 28748, "2s*": 46041, "3s*": 70652}, "seconds": 11.966402769088745, "max_rss_gb": 0.381976576}
2026-10-02 01:27:18 memory gate: free 39% swap_free 1460.62M -> OK
# run: adam_r1 2953018
{"cond": "adam_r1", "seed": 2953018, "steps": 1164, "status": "reached_3s*", "s_end": 10.776151805101112, "rho2_end": 0.251372362891302, "events": {"first_literal": {"t": 0, "s": 1.2442059516906738}, "first_up": null, "last_up": null}, "t_scale": {"0.5s*": 25, "s*": 61, "1.25s*": 81, "s_F": 89, "2s*": 219, "3s*": 1164}, "seconds": 0.19658684730529785, "max_rss_gb": 0.375898112}
2026-10-02 01:27:19 memory gate: free 39% swap_free 1460.62M -> OK
# run: adam_r4 2953018
{"cond": "adam_r4", "seed": 2953018, "steps": 2506, "status": "reached_3s*", "s_end": 10.77627155185563, "rho2_end": 0.5857740022648613, "events": {"first_literal": {"t": 0, "s": 1.2442059516906738}, "first_up": {"t": 1680, "s": 7.662854793325473}, "last_up": {"t": 1680, "s": 7.662854793325473}}, "t_scale": {"0.5s*": 57, "s*": 239, "1.25s*": 427, "s_F": 515, "2s*": 1602, "3s*": 2506}, "seconds": 0.407029390335083, "max_rss_gb": 0.377339904}
2026-10-02 01:27:20 memory gate: free 39% swap_free 1460.62M -> OK
# run: adam_r16 2953018
{"cond": "adam_r16", "seed": 2953018, "steps": 6695, "status": "reached_3s*", "s_end": 10.774776720618659, "rho2_end": 0.6965786798356737, "events": {"first_literal": {"t": 0, "s": 1.2442059516906738}, "first_up": {"t": 3650, "s": 7.160744946695754}, "last_up": {"t": 3650, "s": 7.160744946695754}}, "t_scale": {"0.5s*": 185, "s*": 1333, "1.25s*": 2097, "s_F": 2222, "2s*": 3667, "3s*": 6695}, "seconds": 1.0700621604919434, "max_rss_gb": 0.37634048}
2026-10-02 01:27:21 memory gate: free 39% swap_free 1460.62M -> OK
# run: adam_r64 2953018
{"cond": "adam_r64", "seed": 2953018, "steps": 18793, "status": "reached_3s*", "s_end": 10.774527297550806, "rho2_end": 0.7037271188881774, "events": {"first_literal": {"t": 0, "s": 1.2442059516906738}, "first_up": {"t": 10502, "s": 6.680684185705621}, "last_up": {"t": 10502, "s": 6.680684185705621}}, "t_scale": {"0.5s*": 820, "s*": 4380, "1.25s*": 6063, "s_F": 6620, "2s*": 11519, "3s*": 18793}, "seconds": 2.94889497756958, "max_rss_gb": 0.380829696}
2026-10-02 01:27:25 memory gate: free 39% swap_free 1460.62M -> OK
# run: gd_rho1 2953018
{"cond": "gd_rho1", "seed": 2953018, "steps": 1164, "status": "reached_3s*", "s_end": 17.612346621828177, "rho2_end": 0.4696880628893819, "events": {"first_literal": {"t": 0, "s": 1.2442059516906738}, "first_up": {"t": 697, "s": 15.375147741729114}, "last_up": {"t": 697, "s": 15.375147741729114}}, "t_scale": {"0.5s*": 6, "s*": 14, "1.25s*": 20, "s_F": 22, "2s*": 86, "3s*": 351}, "seconds": 0.19109225273132324, "max_rss_gb": 0.376045568}
2026-10-02 01:27:25 memory gate: free 39% swap_free 1460.62M -> OK
# run: gd_scale_r6 2953018
{"cond": "gd_scale_r6", "seed": 2953018, "steps": 1578, "status": "reached_3s*", "s_end": 10.774258207390746, "rho2_end": 0.48714010910953587, "events": {"first_literal": {"t": 0, "s": 1.2442059516906738}, "first_up": {"t": 1115, "s": 8.801395130044552}, "last_up": {"t": 1115, "s": 8.801395130044552}}, "t_scale": {"0.5s*": 19, "s*": 54, "1.25s*": 106, "s_F": 138, "2s*": 934, "3s*": 1578}, "seconds": 0.2637629508972168, "max_rss_gb": 0.428343296}
2026-10-02 01:27:26 memory gate: free 39% swap_free 1460.62M -> OK
# run: gd_scale_r9 2953018
{"cond": "gd_scale_r9", "seed": 2953018, "steps": 1587, "status": "reached_3s*", "s_end": 10.775922153032958, "rho2_end": 0.4877638878822204, "events": {"first_literal": {"t": 0, "s": 1.2442059516906738}, "first_up": {"t": 1117, "s": 8.791356779796976}, "last_up": {"t": 1117, "s": 8.791356779796976}}, "t_scale": {"0.5s*": 19, "s*": 54, "1.25s*": 107, "s_F": 141, "2s*": 937, "3s*": 1587}, "seconds": 0.2655339241027832, "max_rss_gb": 0.434274304}
2026-10-02 01:27:27 memory gate: free 40% swap_free 1460.62M -> OK
# run: gd_plain_r6 2953018
{"cond": "gd_plain_r6", "seed": 2953018, "steps": 13712, "status": "reached_3s*", "s_end": 10.774137166663046, "rho2_end": 0.6090732668880453, "events": {"first_literal": {"t": 0, "s": 1.2442059516906738}, "first_up": {"t": 4221, "s": 7.297791666579839}, "last_up": {"t": 4221, "s": 7.297791666579839}}, "t_scale": {"0.5s*": 83, "s*": 738, "1.25s*": 1924, "s_F": 2117, "2s*": 4080, "3s*": 13712}, "seconds": 2.1473419666290283, "max_rss_gb": 0.375914496}
2026-10-02 01:27:30 memory gate: free 39% swap_free 1460.62M -> OK
# run: gd_plain_r9 2953018
{"cond": "gd_plain_r9", "seed": 2953018, "steps": 97606, "status": "reached_3s*", "s_end": 10.774148111984212, "rho2_end": 0.703699702103993, "events": {"first_literal": {"t": 0, "s": 1.2442059516906738}, "first_up": {"t": 16823, "s": 6.200741860216187}, "last_up": {"t": 16823, "s": 6.200741860216187}}, "t_scale": {"0.5s*": 558, "s*": 6063, "1.25s*": 8733, "s_F": 9695, "2s*": 24701, "3s*": 97606}, "seconds": 15.26711916923523, "max_rss_gb": 0.454606848}
2026-10-02 01:27:45 memory gate: free 40% swap_free 1460.62M -> OK
# run: gd_wn_r6 2953018
{"cond": "gd_wn_r6", "seed": 2953018, "steps": 52844, "status": "reached_3s*", "s_end": 10.774129026425346, "rho2_end": 0.7411264439555998, "events": {"first_literal": {"t": 0, "s": 1.2442059516906738}, "first_up": {"t": 12233, "s": 6.734034349174212}, "last_up": {"t": 12332, "s": 6.760587528962326}}, "t_scale": {"0.5s*": 280, "s*": 3250, "1.25s*": 6625, "s_F": 7092, "2s*": 14055, "3s*": 52844}, "seconds": 8.406728982925415, "max_rss_gb": 0.44244992}
2026-10-02 01:27:54 memory gate: free 41% swap_free 1460.62M -> OK
# run: gd_wn_r9 2953018
{"cond": "gd_wn_r9", "seed": 2953018, "steps": 392511, "status": "reached_3s*", "s_end": 10.774132381904725, "rho2_end": 0.7407261212949431, "events": {"first_literal": {"t": 0, "s": 1.2442059516906738}, "first_up": {"t": 55514, "s": 6.16118107065756}, "last_up": {"t": 55594, "s": 6.1646956029665505}}, "t_scale": {"0.5s*": 2207, "s*": 16012, "1.25s*": 26081, "s_F": 29880, "2s*": 84332, "3s*": 392511}, "seconds": 62.78094291687012, "max_rss_gb": 0.406913024}
2026-10-02 01:28:58 memory gate: free 41% swap_free 1460.62M -> OK
# run: adam_wn_r64 2953018
{"cond": "adam_wn_r64", "seed": 2953018, "steps": 67544, "status": "reached_3s*", "s_end": 10.774169286290592, "rho2_end": 2.2701457326098376e-05, "events": {"first_literal": {"t": 0, "s": 1.2442059516906738}, "first_up": null, "last_up": null}, "t_scale": {"0.5s*": 3678, "s*": 16967, "1.25s*": 23598, "s_F": 25640, "2s*": 42933, "3s*": 67544}, "seconds": 11.456501960754395, "max_rss_gb": 0.384843776}
2026-10-02 01:29:10 memory gate: free 41% swap_free 1460.62M -> OK
# run: adam_r1 2953019
{"cond": "adam_r1", "seed": 2953019, "steps": 555, "status": "reached_3s*", "s_end": 10.782247383154278, "rho2_end": 0.3922520695186196, "events": {"first_literal": {"t": 0, "s": 0.743464469909668}, "first_up": {"t": 553, "s": 10.76503091478078}, "last_up": {"t": 553, "s": 10.76503091478078}}, "t_scale": {"0.5s*": 55, "s*": 119, "1.25s*": 163, "s_F": 177, "2s*": 283, "3s*": 555}, "seconds": 0.11010599136352539, "max_rss_gb": 0.40984576}
2026-10-02 01:29:11 memory gate: free 41% swap_free 1460.62M -> OK
# run: adam_r4 2953019
{"cond": "adam_r4", "seed": 2953019, "steps": 2824, "status": "reached_3s*", "s_end": 10.775423744615928, "rho2_end": 0.5751385696799048, "events": {"first_literal": {"t": 0, "s": 0.743464469909668}, "first_up": {"t": 1145, "s": 7.007383367557359}, "last_up": {"t": 1145, "s": 7.007383367557359}}, "t_scale": {"0.5s*": 164, "s*": 413, "1.25s*": 550, "s_F": 596, "2s*": 1203, "3s*": 2824}, "seconds": 0.45853281021118164, "max_rss_gb": 0.425754624}
2026-10-02 01:29:12 memory gate: free 41% swap_free 1460.62M -> OK
# run: adam_r16 2953019
{"cond": "adam_r16", "seed": 2953019, "steps": 7370, "status": "reached_3s*", "s_end": 10.7751241068077, "rho2_end": 0.7024892196314152, "events": {"first_literal": {"t": 0, "s": 0.743464469909668}, "first_up": {"t": 3755, "s": 6.546640731716604}, "last_up": {"t": 3755, "s": 6.546640731716604}}, "t_scale": {"0.5s*": 431, "s*": 1910, "1.25s*": 2463, "s_F": 2602, "2s*": 4254, "3s*": 7370}, "seconds": 1.1919329166412354, "max_rss_gb": 0.456900608}
2026-10-02 01:29:13 memory gate: free 41% swap_free 1460.62M -> OK
# run: adam_r64 2953019
{"cond": "adam_r64", "seed": 2953019, "steps": 20035, "status": "reached_3s*", "s_end": 10.774380994912805, "rho2_end": 0.7039503260061678, "events": {"first_literal": {"t": 0, "s": 0.743464469909668}, "first_up": {"t": 10860, "s": 6.242835514610597}, "last_up": {"t": 10860, "s": 6.242835514610597}}, "t_scale": {"0.5s*": 1809, "s*": 5725, "1.25s*": 7327, "s_F": 7873, "2s*": 12769, "3s*": 20035}, "seconds": 3.185791015625, "max_rss_gb": 0.380059648}
2026-10-02 01:29:17 memory gate: free 41% swap_free 1460.62M -> OK
# run: gd_rho1 2953019
{"cond": "gd_rho1", "seed": 2953019, "steps": 555, "status": "reached_3s*", "s_end": 14.900347990399395, "rho2_end": 0.4003036745554686, "events": {"first_literal": {"t": 0, "s": 0.743464469909668}, "first_up": {"t": 530, "s": 14.6620490555919}, "last_up": {"t": 530, "s": 14.6620490555919}}, "t_scale": {"0.5s*": 6, "s*": 15, "1.25s*": 23, "s_F": 26, "2s*": 143, "3s*": 299}, "seconds": 0.10139107704162598, "max_rss_gb": 0.409780224}
2026-10-02 01:29:18 memory gate: free 41% swap_free 1460.62M -> OK
# run: gd_scale_r6 2953019
{"cond": "gd_scale_r6", "seed": 2953019, "steps": 1655, "status": "reached_3s*", "s_end": 10.778372125865214, "rho2_end": 0.4858326812447259, "events": {"first_literal": {"t": 0, "s": 0.743464469909668}, "first_up": {"t": 1201, "s": 8.845299708775396}, "last_up": {"t": 1201, "s": 8.845299708775396}}, "t_scale": {"0.5s*": 17, "s*": 53, "1.25s*": 111, "s_F": 149, "2s*": 1017, "3s*": 1655}, "seconds": 0.27059197425842285, "max_rss_gb": 0.37617664}
2026-10-02 01:29:18 memory gate: free 41% swap_free 1460.62M -> OK
# run: gd_scale_r9 2953019
{"cond": "gd_scale_r9", "seed": 2953019, "steps": 1643, "status": "reached_3s*", "s_end": 10.7775194077604, "rho2_end": 0.48627331568725596, "events": {"first_literal": {"t": 0, "s": 0.743464469909668}, "first_up": {"t": 1182, "s": 8.835747388835815}, "last_up": {"t": 1182, "s": 8.835747388835815}}, "t_scale": {"0.5s*": 17, "s*": 55, "1.25s*": 113, "s_F": 154, "2s*": 997, "3s*": 1643}, "seconds": 0.2725238800048828, "max_rss_gb": 0.376045568}
2026-10-02 01:29:19 memory gate: free 41% swap_free 1460.62M -> OK
# run: gd_plain_r6 2953019
{"cond": "gd_plain_r6", "seed": 2953019, "steps": 13781, "status": "reached_3s*", "s_end": 10.774278758992008, "rho2_end": 0.6147330038861807, "events": {"first_literal": {"t": 0, "s": 0.743464469909668}, "first_up": {"t": 4284, "s": 7.2267722865860975}, "last_up": {"t": 4284, "s": 7.2267722865860975}}, "t_scale": {"0.5s*": 148, "s*": 820, "1.25s*": 2091, "s_F": 2310, "2s*": 4232, "3s*": 13781}, "seconds": 2.1542270183563232, "max_rss_gb": 0.379076608}
2026-10-02 01:29:22 memory gate: free 41% swap_free 1460.62M -> OK
# run: gd_plain_r9 2953019
{"cond": "gd_plain_r9", "seed": 2953019, "steps": 98663, "status": "reached_3s*", "s_end": 10.774135037857453, "rho2_end": 0.7035444607493508, "events": {"first_literal": {"t": 0, "s": 0.743464469909668}, "first_up": {"t": 18062, "s": 6.203932551895031}, "last_up": {"t": 18062, "s": 6.203932551895031}}, "t_scale": {"0.5s*": 917, "s*": 6885, "1.25s*": 9928, "s_F": 10931, "2s*": 25926, "3s*": 98663}, "seconds": 15.368819952011108, "max_rss_gb": 0.383205376}
2026-10-02 01:29:38 memory gate: free 41% swap_free 1460.62M -> OK
# run: gd_wn_r6 2953019
{"cond": "gd_wn_r6", "seed": 2953019, "steps": 150207, "status": "reached_3s*", "s_end": 10.774153353865287, "rho2_end": 0.7410891049691883, "events": {"first_literal": {"t": 0, "s": 0.743464469909668}, "first_up": {"t": 113000, "s": 7.459972670797034}, "last_up": {"t": 113000, "s": 7.459972670797034}}, "t_scale": {"0.5s*": 455, "s*": 3526, "1.25s*": 8502, "s_F": 11044, "2s*": 99172, "3s*": 150207}, "seconds": 23.929378986358643, "max_rss_gb": 0.385777664}
2026-10-02 01:30:02 memory gate: free 39% swap_free 1460.62M -> OK
# run: gd_wn_r9 2953019
{"cond": "gd_wn_r9", "seed": 2953019, "steps": 1000000, "status": "budget", "s_end": 6.049430021771593, "rho2_end": 3.2260377828352983e-19, "events": {"first_literal": {"t": 0, "s": 0.743464469909668}, "first_up": null, "last_up": null}, "t_scale": {"0.5s*": 3581, "s*": 27861, "1.25s*": 67464, "s_F": 87769}, "seconds": 158.2637219429016, "max_rss_gb": 0.407502848}
2026-10-02 01:32:41 memory gate: free 42% swap_free 1468.62M -> OK
# run: adam_wn_r64 2953019
{"cond": "adam_wn_r64", "seed": 2953019, "steps": 71139, "status": "reached_3s*", "s_end": 10.774126950837966, "rho2_end": 2.4707863550833236e-07, "events": {"first_literal": {"t": 0, "s": 0.743464469909668}, "first_up": null, "last_up": null}, "t_scale": {"0.5s*": 7263, "s*": 20562, "1.25s*": 27193, "s_F": 29235, "2s*": 46528, "3s*": 71139}, "seconds": 12.001500129699707, "max_rss_gb": 0.38141952}
2026-10-02 01:32:54 queue 2953001..2953019 done
