step,s,basin,raw_on,loc_loss,loc_gnorm,loc_rho2,d_basin_M,d_basin_S,d_basin_L0,d_basin_S2,d_raw_M,d_raw_S,d_raw_L0,d_raw_S2
0,1.325278103351593,other,other,0.3572098695472594,1.8547011867875332e-09,0.0453141110602561,0.09799815159372913,inf,0.10489575451721152,0.664784161689325,0.7953972192964971,inf,0.8208376310297159,0.761981399265243
1,1.34527810066314,other,other,0.3540903594492071,6.8492003496605424e-09,0.04699521775306839,0.09871662823349871,inf,0.10935281092923131,0.6621873131473024,0.7851012753316146,inf,0.8100159982799895,0.7612316198085901
2,1.3652961428722794,other,other,0.350853772992953,5.041366769666946e-09,0.07237644328627098,0.09739030040557424,inf,0.23800865316680367,0.6026926808331121,0.7750159375055051,inf,0.7993815860973461,0.7604368033911103
3,1.3853438445149466,L0,other,0.3469669347024428,2.836400133373279e-09,4.284560561410244e-09,0.17014664513554434,inf,9.876576227093722e-09,0.7134837535073348,0.765127764622996,inf,0.7889250349846282,0.7595811710343785
4,1.4054324919211467,L0,other,0.34411810379797203,5.877325702512024e-09,1.2063065738536336e-09,0.17287775996088858,inf,7.580581077666748e-09,0.7131045659588493,0.7554238436128449,inf,0.7786374224101104,0.758648083978651
5,1.4255730334477976,L0,other,0.34131084479437546,9.89114198041145e-09,3.4367654696702486e-10,0.17564931493229924,inf,3.8341184594901095e-09,0.7127223302917742,0.7458679363203434,inf,0.7684820773571718,0.7576219756867277
6,1.4457760753098474,L0,other,0.3385434205638915,3.665567281164599e-09,4.0474551249650166e-09,0.1781500944488243,inf,3.1312833426572946e-08,0.7123347112009883,0.7364956241790465,inf,0.7585059347353019,0.7564821164595948
7,1.4660518877350301,L0,other,0.335814232673151,5.435718130700686e-09,5.190992364243364e-09,0.1805570744386743,inf,1.1420258389485378e-08,0.7119428016845418,0.7272682005503406,inf,0.7486712405333107,0.755212849679397
8,1.486410424221799,L0,other,0.33312181244506794,9.436752930261216e-09,9.545506722669374e-09,0.1828799289155038,inf,1.736782670413522e-08,0.7115465891021141,0.7181686161861283,inf,0.7389653617384893,0.7537963554056993
9,1.5068613455802167,L0,other,0.3304648118913795,7.366098243286799e-09,6.852093847362183e-09,0.18527047945548333,inf,3.052675336314886e-08,0.7111470579658585,0.7091574178018488,inf,0.7293443212444464,0.7522163593565596
10,1.5274140329287675,L0,other,0.3278419965558398,2.8314821821378823e-10,7.582751895927177e-10,0.18744541989224156,inf,1.1939336274521653e-09,0.7107420344312662,0.7002590824072156,inf,0.7198545237917824,0.7504545156860003
11,1.5480775801541,L0,other,0.3252522412435406,3.8402716952628894e-10,1.7349773061477812e-09,0.18969549712821804,inf,2.7398812864841218e-09,0.7103335190445735,0.6914194215981648,inf,0.7104264183515465,0.7485027032073008
12,1.568860767098514,L0,other,0.322694528143975,4.551551289938913e-09,2.4261382474216588e-08,0.19188326415150128,inf,4.328916649881509e-08,0.7099204185051863,0.6826496979122196,inf,0.7010840961487144,0.7463541095732146
13,1.5897720185222708,L0,other,0.3201679464302426,7.104776516822067e-09,3.346368035098954e-08,0.19401420406588737,inf,6.043735543908628e-08,0.7095027253355934,0.6739446944530088,inf,0.6918250491866553,0.7440095246939455
14,1.610819351078282,L0,other,0.3176716928523845,2.4874809933500966e-09,1.2652446349433231e-08,0.19609302580023005,inf,2.463375960886656e-08,0.7090803216443601,0.6653030731853511,inf,0.682649574026485,0.7414761634348807
15,1.6320103080980695,L0,other,0.315205073171551,7.590064899970042e-09,2.835962046478398e-09,0.19812405469339817,inf,1.4065520363009133e-08,0.7086531974982226,0.6567270992959953,inf,0.6735603786248747,0.7387675392561898
16,1.6533518819341007,L0,other,0.3127675042860156,7.969671096100928e-09,1.2047824251772311e-08,0.2001111639203562,inf,1.9424567938962764e-08,0.7082213387411985,0.6482221866127419,inf,0.6645620880572717,0.7359028587915851
17,1.6748504247196183,L0,other,0.31035851679598553,4.194032042918912e-09,1.796338191906899e-09,0.2021825119005418,inf,1.2619084744102565e-08,0.707785481622969,0.6397808620011054,inf,0.6556273465013877,0.7329070306825591
18,1.6965115493947314,L0,other,0.3079777576400376,3.640267023969574e-09,1.291298033087709e-09,0.2042134712693086,inf,6.824009593588343e-09,0.7073447911393813,0.6314293441674783,inf,0.6467952371609031,0.7298057984713694
19,1.718340022916973,L0,other,0.3056249924987374,3.903464128176949e-09,5.497154869238335e-11,0.20608560829387224,inf,1.0082496727163665e-09,0.706898498985958,0.6231926221136785,inf,0.6381069882160209,0.7266263699719855
20,1.7403396531350976,L0,other,0.30330010772674365,3.881459458925736e-09,4.440381216617053e-10,0.20804670306717296,inf,1.2198463094449029e-09,0.7064481524635093,0.6150533782844261,inf,0.6295022189949231,0.7233984921406108
21,1.7625131719277474,L0,other,0.30100311149997194,4.0202907341582925e-09,5.180108128731198e-09,0.2100956187460686,inf,2.621836093217168e-08,0.7059937135627424,0.6070252248179572,inf,0.6209873586080911,0.7201474050296092
22,1.7848621211319615,L0,other,0.2987341335174932,2.325819914435951e-09,1.873838916142474e-09,0.21199551081896545,inf,4.280180459900781e-09,0.7055338364363862,0.5991457972410886,inf,0.6126393724849508,0.7168926594560153
23,1.8073867522979556,L0,other,0.29649342226992087,1.6482042613615797e-09,9.751426718107802e-10,0.21386919630411708,inf,6.885806634650098e-09,0.7050693077637604,0.5914108315755975,inf,0.6044300776005648,0.7136516425252032
24,1.8300859534139433,L0,other,0.29428133886299407,2.0083283443221927e-09,1.1147938286998389e-09,0.215835202369751,inf,1.4131886877368849e-08,0.7046008969248978,0.5838156967611907,inf,0.5963278679577932,0.71043568590611
25,1.8529572147486748,L0,other,0.29209834668899165,7.545989804022848e-09,3.6310874392560746e-09,0.21777784239245032,inf,9.503818838805887e-09,0.7041280410231794,0.5763756997694015,inf,0.5883704850132302,0.7072480300025153
26,1.8759966425559573,L0,other,0.289944996734529,1.4244721021731813e-09,2.2306380160662263e-09,0.2196994624280287,inf,3.7417254112027095e-09,0.7036509237885745,0.5690897830567695,inf,0.580557666686374,0.7040865464515454
27,1.8991990242776335,L0,other,0.28782190889282855,2.65126669482243e-09,1.0050617349661415e-08,0.22160227962048115,inf,1.929154611856431e-08,0.7031697443552595,0.561952817499987,inf,0.5728865401867652,0.7009432648383879
28,1.9225579427807542,L0,other,0.2857297502160433,7.395511262942842e-09,2.1898237945171615e-08,0.22360164314360859,0.09453821286992958,7.500943031057419e-08,0.7026852583397372,0.5549474308445186,0.5359168463752145,0.5653140782675738,0.697805934714505
29,1.9460659312240791,L0,other,0.2836692114869425,1.1696621937660434e-09,1.2455657224802062e-09,0.22547249613382536,0.1178299501736227,2.8098454402966474e-09,0.7021965880635496,0.5480794169299721,0.5241172934554902,0.557908746333681,0.6946562858948182
30,1.96971465587536,L0,other,0.281640983686995,3.228279695824462e-10,7.20310678134405e-10,0.22744283992096456,0.13471694480695443,1.1912910568337527e-09,0.7017050715744162,0.5413185668066511,0.5143943362438843,0.5505866459788006,0.6914767481034669
31,1.9934951125192,L0,other,0.2796457358521794,5.068690700482031e-09,1.1377643015052675e-08,0.2292895889938591,0.1483037801262448,1.814447003140061e-08,0.7012099193321903,0.5346652447228691,0.5057854235764954,0.5434167700483696,0.6882466902994313
32,2.017397822479095,L0,other,0.27768409553925366,8.309231297154412e-10,8.65836851009927e-10,0.23123861313720387,0.16093224418243846,2.1782428437833636e-09,0.7007124179439662,0.5280917001637427,0.49774493042398993,0.5363141231535924,0.684950180532694
33,2.0414130154027705,L0,other,0.27575663281223556,1.0737551146987953e-09,6.362306819975188e-10,0.23317945730868217,0.17245150154878602,1.216724784662756e-09,0.7002123263455459,0.5215930578809798,0.4902190988563628,0.5293113760521002,0.6815736651753616
34,2.0655307872414164,L0,other,0.2738638483686658,6.358748093553126e-10,4.8300140736184154e-11,0.23522463411459607,0.183577238863282,1.920913139418289e-09,0.6997103627165981,0.5151560827545846,0.4830681314843262,0.522364259514778,0.6781112751107653
35,2.089741223778506,L0,other,0.27200616612004774,1.2972872461261731e-09,6.85182188681408e-10,0.23715383458262884,0.19355651909129853,7.154420480029838e-09,0.6992058927916284,0.5087862949102852,0.4763112501563134,0.5155511066364294,0.6745632847178938
36,2.114034483214925,L0,other,0.27018393018875225,1.5561973289854358e-09,1.187498208254428e-10,0.23907962678427128,0.20297582580848192,5.715770801256889e-09,0.6986996300184405,0.5024793425141143,0.4698534807787176,0.5088329297256361,0.6709400623040426
37,2.1384008355660935,L0,other,0.2683974059129515,4.523611832051608e-09,2.2494972243181915e-09,0.24100341618867796,0.211913344505331,1.690532031122298e-08,0.6981918458172048,0.49624117660103595,0.46366681180268793,0.5022129937469406,0.6672592466716942
38,2.162830661221725,L0,other,0.2666467841269538,4.578004081168663e-09,5.305017067602987e-09,0.24303667739568485,0.22079116127522166,1.538247168106231e-08,0.697683174283726,0.49008022062591144,0.45773547915663415,0.49565483642298785,0.6635454995700089
39,2.1873144151338697,L0,other,0.26493218777324495,2.7539486567358814e-09,2.291480415092286e-09,0.24496020555318704,0.2289130882880308,1.185966129732654e-08,0.6971730797904531,0.48401536934960526,0.45206063126043233,0.4892481350665222,0.6598267509161742
40,2.2118425661927295,L0,other,0.2632536797957393,9.265562713007678e-09,7.2017881650605966e-09,0.24699548047100095,0.23702987607980777,1.262045323177698e-08,0.6966625540191473,0.47805935516599835,0.44664837397573187,0.48291607416703014,0.6561353471864578
41,2.236405523182029,L0,other,0.2616112713154618,9.135935673185022e-09,1.89904015596517e-09,0.24892343868727018,0.24448981057868316,8.318525588905795e-09,0.6961511252173869,0.4722316656244237,0.44148390135775895,0.4767497958238601,0.6525021861811999
42,2.260993559258798,L0,other,0.26000492919382173,5.05165501592315e-09,4.173043847194946e-10,0.2509652279027611,0.2519759425836392,1.4719948038427956e-08,0.6956397034478589,0.4665475350462964,0.4366050225442947,0.47066929048726125,0.6489580637707609
43,2.28559674632664,L0,other,0.25843458229540106,9.509834257663919e-09,7.440819188162654e-10,0.2530118304940895,0.2591774563739866,7.358405590310702e-09,0.6951282057896179,0.4610223533450548,0.43200500485018256,0.4647205290951057,0.6455288458382283
44,2.310204909205408,L0,other,0.25690012598368595,7.421867489667351e-09,5.53766082463047e-10,0.25495397587544083,0.2658255540327852,1.0196642015611279e-08,0.6946165616822296,0.45566602385607047,0.42765570715036577,0.4589487944676511,0.6422352416034729
45,2.334807607378262,L0,other,0.2554014246055539,1.1335647238599038e-09,4.682493811905226e-10,0.2570128365228107,0.2725258220680907,1.879594209874512e-09,0.6941056269516839,0.45048902466716056,0.42362018290462816,0.4532658997346124,0.639092635548083
46,2.359394149489928,L0,other,0.2539383119691653,5.789509481762638e-09,5.054916426582351e-09,0.2589687417460941,0.2787236515509235,2.4910206678455384e-08,0.6935950838801449,0.4454912477128986,0.41982751216057324,0.4477572397572448,0.636108154371679
47,2.383953642775535,L0,other,0.2525105899819671,8.200647889092044e-09,5.1924813246953e-10,0.26104301665402374,0.28498326012301745,9.22418038341048e-09,0.6930856780399502,0.44067778382016237,0.4163484106716412,0.44232963776585826,0.633283296328574
48,2.4084750763004052,L0,other,0.25111802584108284,9.644464918839076e-09,3.8825919569314176e-09,0.2630155293385175,0.2907825851552029,1.8461575314325685e-08,0.692577201046277,0.43603780080564825,0.41308847495569845,0.4370667648675486,0.6306121100063382
49,2.4329474334557655,L0,other,0.24976034828487165,3.7776622332378556e-09,7.239163095939325e-10,0.2651079594437011,0.2966499218403744,1.2493550740992146e-09,0.6920703340963991,0.43157222416672714,0.4101238666669284,0.4318718737299239,0.6280846027419115
50,2.4573598258938922,L0,other,0.2484372435087382,7.724312831912409e-10,1.0454992881625155e-10,0.26709948590363003,0.30209270699040197,2.2598087715115727e-10,0.6915648868405196,0.427261497017176,0.40734082389628845,0.42682841971981417,0.6256861508136424
51,2.481701638420825,L0,other,0.24714835141940283,1.4741342757872014e-09,5.165369616341347e-10,0.2692122972873232,0.30760748205681676,1.417329436754993e-09,0.6910615065580633,0.4231059086212015,0.4048226026846808,0.42183789992240667,0.6234012152031102
52,2.505962672745917,L0,other,0.2458932628291478,5.277005506046323e-10,1.1559741833851584e-10,0.2712247862171262,0.31272859490160654,8.017302568075893e-10,0.6905600098931294,0.41908110934131415,0.4024429001079082,0.41698535899290756,0.6212133344906254
53,2.5301332777816308,L0,other,0.24467151810666654,1.2187609294951399e-09,1.3934799172260968e-10,0.27324823932093234,0.3177032411700831,6.097453025361833e-10,0.6900608070386235,0.41518281979559524,0.4002366580517079,0.4122190169063766,0.6191082689604033
54,2.554204455539183,L0,other,0.2434826076170621,4.766109591354502e-10,2.414031480432801e-11,0.2752829459177053,0.32253796688365355,4.43275940987336e-10,0.6895640842617129,0.41140254880073235,0.3981887695913919,0.4075339305197087,0.6170744910039689
55,2.5781679344004704,L0,other,0.24232597407494766,6.632328255036499e-10,1.087635668889648e-11,0.2773291340916937,0.32723885672574465,4.937472695234604e-10,0.6890700113705861,0.4077343652642773,0.3962874151070244,0.4029262727776237,0.6151042958571664
56,2.6020162051986895,L0,other,0.24120101671757735,6.854419757616553e-10,7.044075286094596e-11,0.2793869703685151,0.33181158111851483,1.090028004567518e-09,0.6885787402190925,0.40417522849290294,0.3945245082383099,0.39839324036928175,0.6131941935068852
57,2.625742519511101,L0,other,0.24010709701683372,9.919936554800376e-10,1.4114854088533806e-10,0.28145656260437324,0.33626143835227823,1.1574375563114858e-09,0.6880904057099119,0.40072499008775436,0.39289571192416095,0.39393285917501275,0.6113447981825756
58,2.649340853304119,L0,other,0.23904354551120488,1.188808133553773e-09,3.765956866841512e-10,0.2834256032860554,0.3403989957129113,3.3915221734770155e-09,0.6876050125316562,0.3973729445185047,0.3913333597276627,0.38959166587134353,0.6095601947381938
59,2.672805842174758,L0,other,0.23800966926084668,1.3902941037702607e-09,1.8159775695149926e-10,0.28551862717864757,0.3446224350864202,2.4416395394797314e-09,0.6871229012660716,0.3941489766572536,0.3899714807379161,0.38527301357678057,0.6078473534380843
60,2.6961326966829997,L0,other,0.23700475940911658,9.33614244820661e-09,1.5497292584555496e-09,0.2875107042905765,0.3485515533571875,2.6898726283345726e-09,0.6866439464484604,0.391031673092864,0.38867926751055387,0.38107203057377154,0.6062144356426253
61,2.719317107577175,L0,other,0.23602809836425812,4.599476132134456e-09,3.38224603306997e-10,0.28951411192153975,0.3523843959827214,3.1663975791538316e-09,0.6861683382663287,0.38804049121978634,0.38752780153512717,0.3769397148649429,0.6046700724832833
62,2.742355151045655,L0,other,0.23507896618627014,3.1904742493383462e-09,1.7553072980655968e-09,0.29152873972399984,0.3561244217132687,2.620617905757957e-09,0.6856961488854811,0.38518133663714377,0.3865209471991155,0.3728746823244857,0.6032218606588412
63,2.765243203465472,L0,other,0.23415664586651183,3.959727517981632e-09,3.0818197878714816e-09,0.2935544377142582,0.3597749034726622,4.785789656900972e-09,0.6852274355997138,0.38245890817638006,0.38566104965348963,0.3688751224708535,0.6018753850703376
64,2.7879778734906697,L0,other,0.23326042731378988,7.54661333934494e-09,7.155978506307062e-09,0.2955910451534411,0.36333896065044113,9.232643094296933e-09,0.6847622625711551,0.3798760529780326,0.38494815752454153,0.3649387621057847,0.6006334374770639
65,2.8105559568707674,L0,other,0.23238960999476344,3.863963716817613e-09,3.526789636576169e-11,0.2976383711261469,0.3668195553616348,1.6127144595885427e-08,0.6843006836127076,0.3774333672119258,0.38437956253712735,0.3610629185621669,0.5994955899431995
66,2.8329744163964232,L0,other,0.2315435043176978,4.7116954705845475e-09,1.0963733307836715e-09,0.29958259469239434,0.37005739127978954,2.222722090884099e-09,0.6838427016307492,0.3751079178290702,0.38387719393330005,0.35729429778912136,0.5984582014417487
67,2.8552303862210886,L0,other,0.23072143194191336,7.559817382639311e-09,2.5673427258865788e-09,0.3015368566204334,0.3732240526139116,4.636635057219597e-08,0.6833884289614139,0.37291470379632363,0.3835046622561098,0.35358050248301026,0.5975146666240068
68,2.8773211969020944,L0,other,0.2299227253034932,6.6656569290592e-09,4.049453926893547e-09,0.3035009363259202,0.37632180081410066,1.2604311504917974e-08,0.6829379077355353,0.37084787421903825,0.3832519384945048,0.34991841913461064,0.5966561481087663
69,2.8992444151724945,other,other,0.1928883576354939,6.570434632340917e-10,0.15969476858409123,0.11138797169784624,0.29398684426326765,0.3905279674934798,0.48504317013106585,0.368900361978075,0.3831076968432717,0.3463050631993815,0.5958724499263574
70,2.920997890927059,other,other,0.1913975611674078,6.939976861203041e-09,0.16075842945856947,0.11090208687922383,0.29472682792635624,0.39193140501548634,0.4834953123611262,0.36706458142725834,0.3830602056356476,0.3427376711322119,0.5951530095174887
71,2.942579803321463,other,other,0.1899309764540377,6.868708916641415e-09,0.16181161913933134,0.1104129646612121,0.29543594144600094,0.39331290444426736,0.48195510249256573,0.3653331591666972,0.38309822874585997,0.3392137703028979,0.5944878701349412
72,2.9639886982992705,other,other,0.18848821816440256,6.690225558361543e-09,0.16285448294944788,0.1099448211294351,0.29606925166485615,0.39469381619987903,0.48042250965053507,0.3636717953622835,0.38313802837533284,0.3357819868723179,0.5938686336342277
73,2.9852235112359753,other,other,0.18706888861551457,5.460439957253593e-09,0.16388714588300543,0.10947398089945831,0.29667380007175825,0.39605321545864264,0.4788976321022493,0.3621009703199792,0.38324531447824406,0.3323901171792399,0.5932887393575594
74,3.006283570558846,other,other,0.18567257798418088,2.4090026384572937e-09,0.16490978240269188,0.10900169021830897,0.2972502133046716,0.39739146919465657,0.47738044345701597,0.3606173554056334,0.38341443233393263,0.3290367154112588,0.5927440792034637
75,3.027168580870063,M,other,0.18246402032916476,8.14299170193635e-09,0.14749885345790112,6.790031908320488e-08,0.2606915084939872,0.3170678046185578,0.4827563464779704,0.35921945546816236,0.383641991253181,0.32572061925756424,0.5922329049990337
76,3.0500987818031873,other,other,0.18280305694610408,1.965157811391103e-09,0.1670330273173729,0.10801192514637334,0.29836431745395275,0.40014970248040876,0.47420777745118153,0.3581656603482605,0.38410074712662196,0.32265144505354637,0.5916592111926049
77,3.0746226273240866,other,other,0.18121746834356542,1.3368960676452164e-09,0.16821923299897928,0.1074533004899282,0.2989457877096306,0.40167472021748113,0.47242205756344907,0.3574148584060301,0.38477459502581224,0.31976077291245686,0.5910434658299867
78,3.0989144091375724,M,other,0.17787408766010063,2.260868277662943e-09,0.15178995132612813,1.6927682259929847e-08,0.2628564894540393,0.32360422158067736,0.47596336452634963,0.3567104388614611,0.3854195531341539,0.316943479321921,0.5904675740318278
79,3.1229762399183176,other,other,0.17813322727344139,5.119988086665228e-09,0.1705543939131663,0.10638104585666541,0.29991589515078954,0.4046862246443535,0.46887906840360266,0.3560873490220861,0.3861108092016337,0.31414776504153963,0.5899341331488639
80,3.146810252937962,other,other,0.1766330951717714,8.28900131615081e-09,0.1717040187162902,0.10585308341206857,0.30034985028071354,0.40615319527033306,0.467121474709235,0.35554783312787913,0.3868495834212244,0.311373155138709,0.58944535284003
81,3.1704186404836623,other,other,0.17516000919514618,5.364860219253971e-09,0.1728420534850176,0.10534340633776801,0.3007104480848196,0.4076155797815704,0.46537293706481125,0.3550556149656276,0.3875647482946681,0.30867107084921475,0.5890025677146281
82,3.1938036801813743,other,other,0.17371328514264003,2.0269076707954683e-09,0.17396882163528982,0.10483159480651931,0.3010800977592463,0.40903296425148483,0.46363333131169115,0.3546850091150378,0.38839849126013687,0.3059371424421072,0.5886050009081436
83,3.2169677466610107,other,other,0.17229225677184828,5.628007812567606e-09,0.17508464105449434,0.10433829564013504,0.3013792576605009,0.41044687196962626,0.4619024133338614,0.35435845850338293,0.38920602974113233,0.30327476550972093,0.5882512068021184
84,3.239913308118399,other,other,0.1708962750069874,2.802355613784179e-09,0.17618978074253444,0.10385498343336075,0.30164920142406065,0.4118373744476887,0.46018005887538804,0.35411098785784606,0.3900549028660305,0.30063137635531934,0.5879376023142592
85,3.262642909376032,other,other,0.16952470801819497,8.578796056239561e-10,0.177284521261887,0.10338338156711413,0.30189069517609396,0.4132050166361407,0.45846611159092804,0.3539388746675969,0.39094018693445776,0.2980063853945613,0.5876596913843757
86,3.2851591447623703,other,other,0.1687904745172136,5.824905443124961e-09,0.2365228964345745,0.15479403744363168,0.22883767919798045,0.4218844103360186,0.3799777220440831,0.3537948719877872,0.39178740202567347,0.2954516832748019,0.5874125770779773
87,3.3074646253156774,other,other,0.1668523817554378,5.70087325165846e-09,0.17944391361449277,0.10248060511271957,0.30221743029661047,0.4159141688333922,0.4550627527278754,0.35371497829752024,0.39266075897775427,0.2929145259378606,0.5871906692850989
88,3.329561945331406,other,other,0.16555045258020631,3.0793908536389664e-10,0.18050913936484692,0.1020502301390727,0.3023790703538208,0.41721647244173127,0.45337297880308125,0.3537393195117561,0.393622798532709,0.29034187573269643,0.5869887014470263
89,3.3514536530511534,other,other,0.16468881528295307,2.789157163532888e-09,0.2428407860494851,0.15712677421994833,0.22637776118268538,0.42684140671765725,0.37193982496598604,0.35372969532105264,0.39446528468886205,0.287891169299602,0.5868034123121821
90,3.373142229384017,other,other,0.16301229122042507,5.543457028579175e-09,0.18261170764975085,0.10122587059899492,0.30252045231136465,0.4198189731355033,0.45001671182329533,0.3538171342890866,0.39538839062954795,0.28540426071861813,0.5866308511534531
91,3.3946300771226063,other,other,0.16177501320753224,8.480361108308946e-10,0.18364955685589354,0.10084017120563367,0.3025741505431424,0.4210800941633845,0.44834988491903255,0.35395481477458396,0.3963219625747867,0.28293346105799877,0.5864695159491173
92,3.415919521416647,other,other,0.16055827325065702,9.54479718915973e-09,0.18467869213273466,0.1004624179372125,0.30257108894946105,0.42234147205187067,0.44669051508036844,0.3540932265808233,0.3971991494796148,0.28053141821829897,0.5863191534065461
93,3.4370128205740453,other,other,0.16596703581322578,1.9043265404343024e-10,0.3626973268671972,0.2819375322602858,0.25980938079857174,0.5106273041972492,0.3445889376709573,0.35427892047898696,0.3980867549381186,0.27814510703361456,0.5861798656002344
94,3.457912184817059,other,other,0.1646499742233176,4.356971240533775e-09,0.36364161718215304,0.2811836327681566,0.2595194707707066,0.5116824469666965,0.3431717473241647,0.354512465433806,0.39898545850928435,0.2757742693570562,0.5860527726864644
95,3.478619799610225,L0,other,0.21359401312807513,2.536008745307957e-09,6.898302260547515e-12,0.358521289526743,0.43968224496830316,1.630801138144877e-09,0.6708082534226467,0.3547947462182939,0.3998962808248674,0.27341863938870314,0.5859393122075264
96,3.4991378497069077,L0,other,0.21318610396668475,5.026362092349285e-09,2.8018169909486725e-09,0.3603425179451015,0.44122757553750297,4.2976165238988055e-09,0.6703987850426104,0.3550746883043111,0.4007564821332805,0.27113112279636814,0.5858412255116194
97,3.5194685401740866,L0,other,0.21278969808555237,3.124920688305863e-09,1.2327265862562304e-09,0.36216594282147746,0.44274837171566755,1.9617028034835707e-09,0.6699932978010213,0.35540303820122465,0.40163143177431176,0.26885837729019435,0.5857591176382878
98,3.539614111317488,L0,other,0.2124043856399079,6.8015894828110125e-09,4.250586872498075e-09,0.3641032569829973,0.4443354428389246,7.501262626609105e-09,0.6695915063637093,0.35583324082257783,0.40258386459778267,0.2665468148523936,0.5856929125652828
99,3.5595768455267014,L0,other,0.21202977253614735,6.5406781565018725e-09,1.471775450992936e-09,0.3659301014028425,0.4458074258935132,4.792662820664194e-09,0.6691938015718448,0.35625819351532756,0.4034871110840301,0.26430270182797777,0.5856429291839915
100,3.5793590654041116,L0,other,0.21166547979875622,6.824736407576325e-09,8.926645735050537e-11,0.3676468199816768,0.44716875884903423,4.1933875267916515e-09,0.6688001368948416,0.35667395701976506,0.4043412362358265,0.26212594333642264,0.5856079861899035
101,3.5989631239038262,L0,other,0.21131114310475346,8.228313852923133e-09,1.7807901561812118e-10,0.36947650118409614,0.4485965567104525,1.2434851703641983e-08,0.6684099944900348,0.3571877716320581,0.40526812921969685,0.2599095240494903,0.5855854543747758
102,3.61839138836857,L0,other,0.21096641243252529,4.981921406145281e-09,1.1918441946804898e-09,0.3711960309231618,0.4499170888658535,6.505876783600773e-09,0.6680238055406755,0.357686082691266,0.40614240768141635,0.2577600876354987,0.5855739278822846
103,3.6376462211476284,L0,other,0.21063095177617308,1.7847274770815948e-09,9.183112468758398e-10,0.3730276765652935,0.45130250813159284,1.863628263217195e-09,0.6676410167604202,0.3582785531276298,0.40708349840705277,0.2555704505432781,0.5855702224463774
104,3.6567299598152405,L0,other,0.2103044388478247,1.9979705707015506e-09,3.594510546153664e-11,0.37474916654829465,0.45258387784672843,2.061785928098344e-09,0.6672620722528172,0.3588485943107544,0.40796801626944734,0.2534474919345502,0.5855729857607516
105,3.675644899868291,L0,other,0.20998656474170577,6.379532587722819e-09,1.7259348640565293e-09,0.37647145708256036,0.4538468170814651,9.425413283262023e-09,0.6668866759618752,0.359450495953196,0.4088546894600299,0.25133751449002484,0.585579982873788
106,3.694393282213483,L0,other,0.2096770335184837,3.4939997298184822e-09,7.352594209058816e-10,0.37808408296813983,0.45501091450935754,3.3461724647773043e-09,0.6665150357999722,0.360023068219339,0.40968323418844854,0.24929403016189652,0.5855904002094766
107,3.7129772868642266,L0,other,0.20937556170043867,1.8907838997437688e-09,4.9679010158890184e-11,0.3798076555680603,0.4562391220623129,2.9679448365773442e-09,0.666146574010441,0.3606832540793054,0.41057095731603366,0.24720951342529843,0.5856027057269684
108,3.731399033210197,L0,other,0.20908187768286382,1.6447001575755125e-09,2.532101370695772e-10,0.38142168849854485,0.45737123534442414,1.844203266390466e-09,0.6657817869820105,0.36131104118069224,0.41140041298071245,0.24519119801608522,0.5856177611014135
109,3.74966058617566,L0,other,0.20879572108541247,2.0308012097953914e-09,5.2369594319495145e-11,0.3831459168430546,0.45856601485330983,2.217754631850325e-09,0.6654200665501914,0.36202708751474694,0.4122881599707973,0.24313138655651725,0.5856350881593917
110,3.7677639667154175,L0,other,0.20851684207504845,1.8122697221148192e-09,7.79555735028964e-11,0.3847607673673657,0.45966733475495425,8.097204822544687e-10,0.6650619361797169,0.36270962192468287,0.4131194006219045,0.24113745397721248,0.5856563696529317
111,3.785711164537053,L0,other,0.20824500069811172,1.768964550215291e-09,2.0043115033925e-09,0.38637593832748435,0.4607541587372798,8.359837324201405e-09,0.6647070654284981,0.3634197317163327,0.41395274122784725,0.23915542255112687,0.5856819976520978
112,3.8035041507513974,L0,other,0.2079799662560512,2.078830532954779e-09,2.48547716842525e-09,0.3879913169622588,0.46182675527859035,6.575848634569564e-09,0.6643554147320264,0.36415772571482913,0.4147887934033849,0.23718508567293012,0.5857127310739568
113,3.821144888341951,L0,other,0.20772151675256695,1.3572468973587892e-09,9.187090390490447e-10,0.38949808234037053,0.46281140013533184,2.0633493815309637e-09,0.6640072486746206,0.3648599642694891,0.4155722171666873,0.23528017840465668,0.5857495625443812
114,3.838635338854647,L0,other,0.2074694384286288,1.0583046721732436e-09,5.711241381737061e-10,0.39111375957213457,0.46385718947554483,2.4565373949917492e-09,0.6636619001453918,0.36565297666081864,0.4164148632832357,0.23333266698945232,0.5857916393948508
115,3.8559774644434874,L0,other,0.20722352538899244,6.384639970472983e-10,2.667222225001466e-12,0.39262105698552946,0.4648172283884865,6.082603536134916e-10,0.6633199529550686,0.36640812878852735,0.4172053471882291,0.23145027311261548,0.5858396863163023
116,3.8731732252361812,L0,other,0.20698357931201503,5.484460911763619e-10,2.2413668743881143e-10,0.39412858921427013,0.46576569325298606,3.931461838305749e-10,0.6629810539262604,0.36718807161634937,0.417998626907573,0.22957889699344022,0.5858925727684512
117,3.8902245727654874,L0,other,0.20674940922434365,5.622982495178231e-10,9.362456126516992e-12,0.3956362680858513,0.46670277521320336,6.25612290423755e-10,0.6626451592950232,0.36799147807829774,0.418793695290182,0.22771838976316847,0.5859493943310788
118,3.9071334408177596,L0,other,0.20652083131613935,1.3183698440001753e-09,1.516307976352909e-09,0.3971440059632776,0.46762865718661495,5.7808424055454064e-09,0.6623122214070963,0.36881687887426406,0.41958941627471225,0.2258686142916453,0.5860091128736895
119,3.923901735388637,L0,other,0.2062976687708253,8.316760919259538e-10,1.0250235784171732e-11,0.3986517361818448,0.4685435310371928,7.967286968882766e-10,0.6619822057361098,0.3696628157718199,0.4203846724232913,0.22402944090797325,0.5860707050249114
120,3.9405313254685703,L0,other,0.20607975158600278,1.0994492020178535e-09,1.369708928112839e-10,0.40015937904163995,0.46944756865416537,8.890424004343827e-10,0.661655062721778,0.3705279847454734,0.42117850067802487,0.22220074275741988,0.5861332983172531
121,3.9570240361248796,L0,other,0.2058669163681924,5.472863446590608e-10,1.895598640398098e-10,0.40155991680999575,0.470273374064661,9.839793860672985e-10,0.6613311063282216,0.3713435221693608,0.4219177157228634,0.22043651239665465,0.5861968134998428
122,3.973381644865026,L0,other,0.2056590060923373,1.0287945414384322e-09,8.608572683957855e-11,0.40296067196620755,0.4710901398390565,2.202013575393874e-10,0.6610099531601079,0.37217560293583696,0.4226551624141887,0.21868252882004166,0.5862604074177891
123,3.989605881652218,L0,other,0.20545586982564445,1.616262597262942e-09,8.41734353237754e-11,0.40446814343728,0.4719641881094646,8.55342234993864e-10,0.660691206030784,0.37309259635280123,0.42344249432977776,0.2168844931933786,0.5863235213348932
124,4.005698432309233,L0,other,0.2052573624233263,6.230285222228676e-10,2.480593561490902e-10,0.40586898337816935,0.4727626048318628,9.026250614296867e-10,0.6603755423112693,0.3739573920448954,0.42417602328960485,0.2151505465293777,0.5863874981275672
125,4.021660944497891,L0,other,0.2050633442095722,3.767470813364594e-10,7.714838734671041e-11,0.4072699065319844,0.47355239732783727,4.828177199572002e-10,0.6600625700311156,0.3748383734350668,0.42490819998624474,0.21342639349694117,0.5864522060877573
126,4.037495035088724,L0,other,0.20487368066000905,5.725221523942316e-10,1.2963406134029138e-10,0.4085649352134716,0.47426952460280836,6.975656126717039e-10,0.659752627642068,0.375665677534439,0.4255887698126647,0.21176606866807204,0.5865186841441519
127,4.053202297591305,L0,other,0.20468824210177824,8.77465976815793e-09,3.2228458271969597e-09,0.40996610484599577,0.4750430858299806,4.14399186214425e-08,0.6594449142823502,0.3765791026308753,0.42631976908475333,0.21006103992427974,0.5865862312386495
128,4.068784308409832,L0,other,0.2045069034443777,2.2225707808509594e-09,2.0025089867171338e-09,0.4113673330263205,0.475808445343718,1.14061062901068e-08,0.6591398337791301,0.37750904490779114,0.4270504073708581,0.20836533937239166,0.5866556968537476
129,4.08424263098782,L0,other,0.204329543949583,6.968002945047992e-09,3.156281355366175e-10,0.412663141997603,0.4765033640539713,9.887341308896017e-09,0.6588376633917266,0.37838404690098404,0.4277311101238001,0.2067330501210347,0.586727757010383
130,4.099578817344696,L0,other,0.20415604704261942,9.204220606763226e-10,9.038140610871533e-11,0.41406448385398453,0.47725317791391814,4.07473977566074e-10,0.6585376198180382,0.379345852678134,0.42846129242245495,0.2050556073552494,0.5868011423187257
131,4.114794407001346,L0,other,0.20398630016126756,4.324120652886933e-10,9.851256245982914e-11,0.41536079715769697,0.47793401653408035,4.795067079855726e-10,0.6582404615549833,0.3802509496212246,0.42914169765358806,0.20344134629711183,0.5868767162847626
132,4.129890923752566,L0,other,0.20382019463448486,5.472228116735059e-10,1.2916330556751969e-10,0.41665744171179403,0.47860824977590083,5.696852122999847e-10,0.6579457610398691,0.38116990343456636,0.4298214532419788,0.20183593685460677,0.5869534644537207
133,4.144869871093331,L0,other,0.20365762557949893,7.0283113502583104e-09,5.359799000145975e-10,0.4179544155929778,0.4792759655499063,2.5197247194508104e-09,0.6576534836109363,0.3821019510554469,0.43050001617100886,0.2002392788000859,0.5870308940141367
134,4.159732727287619,L0,other,0.203498491805315,2.641553953158062e-10,9.181043612540831e-11,0.4192517270092466,0.47993725367078444,8.150637838881237e-10,0.6573635988702344,0.3830463579518871,0.43117686664613325,0.19865127555815612,0.587108533037348
135,4.174480941060876,L0,other,0.20334269571206956,7.4125852989225825e-09,7.768104770183055e-09,0.420445031083376,0.48053331305739533,1.10161347652109e-08,0.6570764867205683,0.383928950823941,0.4318038991425945,0.19712608300750156,0.5871866073189173
136,4.189115928714051,L0,other,0.20319014317846956,1.7740422035720164e-09,3.661341523376742e-11,0.4217432220079711,0.4811825474860905,1.6538601869293552e-09,0.6567912986028427,0.38489597819362836,0.43247650341445776,0.1955550973188465,0.5872636654460133
137,4.203639073143092,L0,other,0.2030407434338186,5.344699587155435e-09,7.277645407107567e-10,0.42304181580406935,0.4818256112071721,2.120776426198507e-08,0.6565084170334283,0.38587397161677583,0.43314656005681346,0.19399246379619503,0.5873402276359636
138,4.218051724868693,L0,other,0.2028944089150859,5.31475555717096e-10,1.4614088580283296e-13,0.42423689790513097,0.4824052354220322,2.376994116335073e-10,0.6562282081164216,0.3867881960953496,0.4337673395757195,0.1924923260874002,0.5874169811477878
139,4.232355204809233,L0,other,0.20275105511336636,9.569086230790297e-09,1.875777916489312e-09,0.42543274484388244,0.48297986901294915,8.19768894309195e-09,0.6559502649830955,0.3877125791968501,0.4343863475970439,0.1910003123735557,0.5874934967758383
140,4.246550808232972,L0,other,0.20261060041636503,8.041144731568749e-10,1.7114660424103356e-11,0.42673302384628603,0.483605901649676,5.632946962740588e-10,0.6556740968272705,0.3887225197451875,0.4350499806155793,0.189462051026424,0.5875693911570671
141,4.2606398091534485,L0,other,0.20247296595476227,8.773332403811202e-09,3.864104500903169e-09,0.42793036744603197,0.48417023351620847,1.765704134816716e-08,0.6554005655276609,0.3896678729286323,0.43566579117696325,0.1879859286905159,0.5876461631707519
142,4.274623464409401,L0,other,0.20233807545952054,2.38853358127135e-10,6.858632710526266e-11,0.4291285801834264,0.48472972802059777,1.041560438137633e-09,0.6551291815806372,0.3906236688690347,0.4362804178115928,0.1865175770363304,0.5877233861756203
143,4.288503016792146,L0,other,0.20220585513556794,2.47158620350581e-10,6.355135365418902e-11,0.4303277577165963,0.48528447026474003,7.26866855826279e-10,0.6548599434122162,0.39158989546938167,0.43689393710552515,0.18505688776241988,0.5878011672530276
144,4.302279696816566,L0,other,0.20207623355431426,1.1626768091660791e-09,2.0964459687009756e-11,0.4314247279673506,0.485780015178207,3.417155493899454e-10,0.6545932670029082,0.3924897708357144,0.4374612531369025,0.1836579959605281,0.5878801479127752
145,4.315954723024801,L0,other,0.2019491415647037,4.357412726408738e-09,1.9972284427767024e-09,0.43262614291493173,0.48632586164658614,4.771353787458066e-09,0.6543282292655531,0.39347606452873596,0.4380726378821219,0.18221233364524886,0.5879589384470861
146,4.329529301004585,L0,other,0.20182451221968614,4.824621707749703e-10,1.1055998329025946e-10,0.43382876569911316,0.48686710995802496,6.774175446117272e-10,0.6540652463468999,0.39447216059116713,0.4386825319417189,0.18077405762378895,0.5880379891337313
147,4.343004621541525,L0,other,0.20170228071320287,3.8097361363799827e-10,8.34238966594271e-11,0.4349296940820944,0.48735063108993393,8.101637522800672e-10,0.6538047588844712,0.39540004313745153,0.43924641322941893,0.17939730432636733,0.5881177204796563
148,4.3563818584654515,L0,other,0.2015823843229861,9.858634968489268e-09,5.87465669653384e-09,0.4360321691576942,0.4878304977475492,2.2483168170023148e-08,0.6535462759984446,0.39633639799783793,0.4398088053566056,0.17802776713370352,0.5881972494393369
149,4.369662166775913,L0,other,0.20146476234728103,9.168669292505917e-09,3.058998523844075e-10,0.43723926320470896,0.488359149591689,2.3466389109957825e-08,0.653289319739714,0.39735932791797707,0.4404132486582644,0.1766111696280203,0.5882757167167855
150,4.382846681545832,L0,other,0.20134935604775656,8.419131852421453e-09,2.340759590546425e-11,0.43834520264659704,0.4888314630153886,1.625313875430397e-08,0.6530348015969806,0.3983122614495028,0.44097180984372863,0.1752558381376637,0.5883543115433401
151,4.395936517932125,L0,other,0.20123610857397933,7.684731198986855e-09,3.2934016949958753e-10,0.4394530980765618,0.48930024869913946,1.4340091586767768e-08,0.6527822198262458,0.39927315591728485,0.44152843070146586,0.1739074817871635,0.5884323283670481
152,4.408932772408985,L0,other,0.20112496488608633,6.882873083215853e-09,4.838331083731589e-10,0.44056312145376175,0.4897655474242477,1.905391694756726e-08,0.6525315541855518,0.40024204796715857,0.4420831217960122,0.17256601250422238,0.5885098000284278
153,4.42183652513026,L0,other,0.20101587167031643,6.732902731488014e-09,2.1670078893511698e-10,0.4416754662699709,0.4902273976646598,1.3482662519303332e-08,0.652282780976729,0.40121906560574866,0.4426359587952004,0.17123133856645606,0.5885868228985509
154,4.434648843162772,L0,other,0.20090877725124223,6.7643276576307424e-09,5.669915862329816e-10,0.44279034876553464,0.49068583390134796,1.7235717879342326e-08,0.6520358760620639,0.40220440141807645,0.44318705487681176,0.16990336599189554,0.5886635294909184
155,4.447370784241676,L0,other,0.2008036315039177,6.8009288083080875e-09,8.080383247119007e-10,0.44380496891469795,0.4910908301821838,9.976713804612391e-09,0.6517913176152282,0.40311768722328306,0.4436942210770519,0.168636131628306,0.5887407386832643
156,4.460003400693568,L0,other,0.2007003857689547,6.800368826808734e-09,8.203064428011262e-10,0.4449256251841584,0.49154292430790025,6.420289687190457e-09,0.6515480904000011,0.4041199281496034,0.44424240535434223,0.16732126615920434,0.5888172020440093
157,4.4725477432479686,L0,other,0.20059899277265872,6.9595625312054575e-09,1.0631650969380283e-09,0.44604965195920104,0.4919917068482541,1.0260556415538532e-08,0.651306662073091,0.40513114448066967,0.4447891091404142,0.16601282401559753,0.5888936634750487
158,4.485004864593806,L0,other,0.20049940655296283,7.0787780784206375e-09,1.7908025334246054e-09,0.44707400909023753,0.4923882237084812,2.5398746649658145e-09,0.6510675239886164,0.40606965837444675,0.445292705349908,0.164764807648285,0.5889708231988056
159,4.497375822706169,L0,other,0.20040158239079112,7.182566730971875e-09,3.705966965782211e-10,0.44810215797978714,0.49278217907008576,7.750106121349522e-09,0.6508301380699182,0.4070165974374327,0.44579519769558673,0.16352301445987222,0.5890479499975484
160,4.509661684139857,L0,other,0.20030547674481028,7.269566174326601e-09,2.7762862245158497e-09,0.4492383077757851,0.49322195462409374,2.998767532328884e-09,0.6505939917927863,0.4080548824191022,0.44633767366273663,0.1622333016632586,0.589124259145216
161,4.521863527632648,L0,other,0.20021104718685678,7.420113090286924e-09,2.375222618574224e-09,0.4502755052142179,0.4936105557221838,6.553714613152508e-09,0.6503600667451004,0.4090195538193893,0.44683740682007644,0.1610037205540044,0.5892010358039116
162,4.533982448462724,L0,other,0.20011825233459585,7.601010867017635e-09,6.269594211929866e-09,0.4513178640353622,0.49399668214850556,1.520166483732934e-08,0.6501278433916725,0.4099931477709763,0.44733568025326775,0.15978011073866377,0.5892774815874493
163,4.546019564049581,L0,other,0.20002705177806293,7.755282733597878e-09,2.5821293811909194e-09,0.4523659406857267,0.4943803330896292,6.212594167131569e-09,0.6498972787785448,0.4109759696777563,0.44783239607837544,0.15856238124711047,0.5893535177430674
164,4.557976021272989,L0,other,0.19993740599700896,7.860773537243156e-09,1.3553797026542775e-09,0.4534204278369167,0.49476154435062514,6.815477378515574e-09,0.649668364563488,0.411968451106298,0.4483274967923664,0.15735043379765948,0.5894291055809966
165,4.569853005914658,L0,other,0.19984927626681326,8.632490079463838e-09,1.4060931898511836e-09,0.45448210927476446,0.4951403309917605,5.216242619100151e-09,0.6494410741573788,0.4129711735479101,0.44882097140176014,0.15614416124845043,0.589504252648109
166,4.581651754513114,L0,other,0.1997626245499914,9.232599205000265e-10,2.1792942674842297e-10,0.455551904248018,0.49551670403650006,2.21877249778678e-09,0.6492153751301593,0.4139848866108706,0.4493128519456775,0.1549434469583649,0.5895790093512019
167,4.593373568778613,L0,other,0.19967741338263517,8.411007483913467e-09,7.753855537494411e-09,0.4565240547965239,0.4958445655607515,1.3283498013129729e-08,0.6489917924177883,0.4149231506042528,0.44976345648945687,0.15380210053756288,0.5896541757661827
168,4.605019832557968,L0,other,0.199593605734763,9.62043884377116e-09,8.83962151730364e-09,0.45761280789429837,0.4962164815703113,2.6036655962063677e-08,0.6487692220688436,0.4159609056753002,0.45025255494709,0.1526120974554829,0.5897284136251298
169,4.616592031183386,L0,other,0.19951116487451764,5.632172066133929e-10,2.900537626377459e-10,0.4587134976481593,0.49658600481949294,2.1851834172879763e-09,0.6485481401678946,0.4170129687884253,0.4507402707542345,0.15142725418314662,0.5898025291113073
170,4.628091772894496,L0,other,0.19943005421924465,3.5648000016471903e-09,1.2541564693675912e-09,0.45971842573464905,0.4969079269108874,7.351937144857431e-09,0.6483290963357676,0.4179904690423823,0.45118749168539224,0.1503013046989869,0.5898773171318789
171,4.639520811890966,L0,other,0.1993502371846557,6.934772418465527e-10,5.130901228798179e-10,0.4608478703325489,0.4972730393029055,2.0949596139662327e-09,0.648110953389597,0.4190749899191727,0.4516727527623012,0.14912634004700925,0.5899513588405947
172,4.650881072449536,L0,other,0.19927167703515053,6.204113049757344e-09,5.627820957846515e-09,0.461883769155338,0.49759109679785263,2.3725594859838226e-08,0.6478947577362922,0.4200862907777273,0.45211787857177516,0.14800995747539836,0.5900260990800151
173,4.662174673414963,L0,other,0.1991943367399474,2.9747909046146555e-09,2.6900289673725595e-09,0.462938619301982,0.49790738685761365,8.361855621838181e-09,0.6476799644713139,0.42111718261919207,0.45256195366213975,0.14689816447490858,0.5901007543206841
174,4.673403952242929,L0,other,0.19911817884037056,1.5421364050859908e-09,1.39019682411677e-09,0.46401596334328843,0.4982218434719764,2.7707914177170616e-09,0.6474664738171286,0.42217063045262365,0.4530048612675799,0.14579086369975705,0.5901752261836672
175,4.684571487638781,L0,other,0.1990431653340146,1.5956263746396498e-09,6.048436326167383e-10,0.46523952004211233,0.4985783874707624,9.846471795998617e-10,0.6472537094787005,0.4233501794491275,0.45348470714988637,0.1446342209047994,0.590248641052077
176,4.695680119719258,L0,other,0.1989692575819865,1.1215521799850102e-09,7.41695234753701e-11,0.4663811066286013,0.4988889246818982,5.626237583171402e-10,0.6470427216359578,0.4244649841190663,0.4539246344639977,0.14353575715251646,0.5903223153737189
177,4.706732966559755,L0,other,0.1988964162451772,8.819241763298223e-10,1.6347198252504046e-10,0.46756634674643793,0.4991975974746077,1.842663709178017e-09,0.6468328969466498,0.4256200316346304,0.45436288502110483,0.14244169566931494,0.5903953298670035
178,4.717733436016941,L0,other,0.1988246012552361,1.93093244348147e-09,5.946932792983985e-10,0.4688091186835891,0.49950437922253565,2.001464121501598e-09,0.6466241725642314,0.4268270984760036,0.45479925987009173,0.14135209818906694,0.5904674867730991
179,4.7286852318655175,L0,other,0.19875377182420717,2.359153854172646e-09,1.5526347491591359e-09,0.47013171908806034,0.4998092360770324,2.8502975673809457e-09,0.6464164778446893,0.4281052125513853,0.4552335519324289,0.14026708228490806,0.590538574175827
180,4.739592353563509,L0,other,0.19868388649488303,8.052783419198417e-09,1.4351507433832381e-09,0.47157427626069,0.5001121332957931,2.2292121913200992e-09,0.6462097405749885,0.4294887372800466,0.4556655450160782,0.1391868246094962,0.5906083648633503
181,4.750459089335188,L0,other,0.198614903231449,1.7527788515932901e-09,2.0180907506510125e-10,0.4730449973606652,0.5003706402506287,7.019091977147905e-09,0.646004456714768,0.4309000222165524,0.4560577874557865,0.13816517656427152,0.5906773679044908
182,4.761290002677615,L0,other,0.19854677954729572,2.1964842227537546e-09,5.143399691263154e-10,0.4751230115350613,0.500669724099912,5.815689727403136e-09,0.6457993839168991,0.43283368683890455,0.4564846456504834,0.13709517663401993,0.5907438054588761
183,4.7720899127844545,L0,other,0.19847947266466667,3.0560228767195005e-09,5.680296618267114e-10,inf,0.5009667018693099,3.7852766001349216e-09,0.6455950092821804,inf,0.45690845572314776,0.13603081788602442,0.5908081309409839
184,4.782863869674177,L0,other,0.19841293969930401,4.168448050245808e-09,3.64809990083194e-09,inf,0.5012615319933265,6.477336300651489e-09,0.6453912513667223,inf,0.45732891658507563,0.1349725028908666,0.5908700116074073
185,4.793617124970748,L0,other,0.19834713786301483,1.9505397646528284e-09,1.3792315639414734e-10,inf,0.5015541428106713,3.202486587021047e-09,0.645187999655608,inf,0.45774569480751554,0.13392067967659443,0.5909290791101791
186,4.804355099313431,S,other,0.09109826016273773,4.006474823544392e-09,0.561371571853341,inf,1.0351686940168356e-08,0.5018233431639141,0.14710956314297638,inf,0.4581220183483416,0.13292930403168843,0.5909856974676913
187,4.815083347304444,S,other,0.09070204840775926,6.760693118431496e-09,0.5621046789283524,inf,2.1361701985788465e-08,0.5020962194783828,0.1466366007566359,inf,0.4585304683277475,0.1318919252220095,0.5910379004888419
188,4.825807520795685,S,other,0.09030778940285224,8.543316820271127e-09,0.5628340660039559,inf,5.10991083188805e-09,0.5023665776777035,0.14616625959964832,inf,0.4589340545812748,0.13086258835708972,0.5910859941275586
189,4.836533331222453,S,other,0.08991526512046089,3.530684907571566e-09,0.5635598359469143,inf,9.64740767891618e-09,0.5026347109873501,0.1456982382270175,inf,0.45933234186617244,0.12984185663642955,0.5911295031998398
190,4.8472665116427365,S,other,0.08952426058573093,2.226440857330749e-09,0.5642825489565435,inf,1.2723022260803633e-08,0.5029160885249427,0.14523270827066717,inf,0.459689115309271,0.1288836380446958,0.5911687216037337
191,4.85801277913097,S,other,0.08913456521672943,7.4153980870964e-09,0.5650023563777649,inf,3.5039272335079703e-08,0.5031805016174857,0.14476853694825959,inf,0.46007563516528255,0.1278818083121368,0.5912016161121889
192,4.868777798173124,S,other,0.08874597410019652,2.3229616007082144e-10,0.5657200683456663,inf,6.886046060026725e-10,0.5034433545175261,0.14430597869359604,inf,0.46045553013557156,0.1268903157127015,0.59122848577866
193,4.8795671456749705,S,other,0.08835828917745991,7.60245130216615e-09,0.5664357326643462,inf,6.079541291311362e-09,0.5037049577377279,0.14384470518456827,inf,0.4608283717299518,0.12590973237717093,0.5912488668437837
194,4.8903862781015714,S,other,0.08797132032415797,7.811684882843246e-09,0.5671494970085691,inf,4.21536106942336e-08,0.5039807050051567,0.14338494520777548,inf,0.46115859374220874,0.1249937953194346,0.5912630953127027
195,4.901240501117693,S,other,0.08758488631368337,7.672577561405354e-09,0.5678627583815484,inf,2.374578165572154e-08,0.5042403880040262,0.14292561250701497,inf,0.46151624650775563,0.12403665442365973,0.5912691650782245
196,4.912134941930391,S,other,0.08719881565984908,1.3372367169343323e-09,0.568574542715321,inf,6.010676496380519e-09,0.5044994339052821,0.14246691933001096,inf,0.46186562693031513,0.12309205605004561,0.5912674367212649
197,4.923074524395408,S,other,0.08681294733876495,3.366722632780179e-09,0.5692857902664699,inf,2.3292688183392077e-09,0.5047580145521788,0.1420086801503243,inf,0.4622063485005791,0.12216050800611068,0.5912574989929574
198,4.934063946878249,S,other,0.08642713139293351,8.355994787603356e-09,0.5699965592658585,inf,2.2301331919715632e-08,0.5050163029854765,0.14155071020173216,inf,0.46253803264021626,0.1212424959821136,0.591238951722331
199,4.945107662869655,S,other,0.08604122942064477,2.4753143501245295e-09,0.5707075468658614,inf,5.829581172893046e-09,0.5052744711873058,0.14109282387553296,inf,0.462860308678039,0.12033848181259961,0.5912114058830812
200,4.956209864419609,S,other,0.08565511495085532,1.1273107957966457e-09,0.5714185084127551,inf,5.863419029865828e-09,0.5055326517573818,0.14063488175596925,inf,0.4631728149635391,0.11944890180674037,0.5911744847425057
201,4.9673744685251915,S,other,0.08526867370093871,8.815549633242111e-10,0.572129912800174,inf,4.3179912374805295e-09,0.5057909788875047,0.1401767390298497,inf,0.4634752010004612,0.11857416517170627,0.5911278259799853
202,4.978605106635474,S,other,0.08488180371534432,7.587354353518022e-10,0.572841836656961,inf,1.8334540301277674e-09,0.5060344707993253,0.13971782072026315,inf,0.4638010367409366,0.11766188157358434,0.5910702786316149
203,4.989905117392645,S,other,0.08449441538352001,9.381279556940906e-09,0.5735546214797675,inf,8.254209789721693e-08,0.5062934415775843,0.13925890133301697,inf,0.464082037237185,0.11681800483990151,0.5910031265215092
204,5.0012775426188405,S,other,0.0841064313397858,5.285661106013955e-09,0.5742680202857687,inf,2.2235721001744876e-08,0.506552906317849,0.13879943379952284,inf,0.4643519614402473,0.11599002755587269,0.590925263385414
205,5.012725126419618,S,other,0.08371778625433911,1.3619937458597926e-09,0.5749825789188582,inf,5.5865834734723875e-09,0.5067978313784278,0.13833889603134533,inf,0.4646439669797038,0.11512566234277447,0.5908355964789876
206,5.024250317156746,S,other,0.08332842652440012,6.885693101201708e-09,0.5756984231774497,inf,3.003634543311955e-08,0.5070584618316144,0.1378780881219689,inf,0.4648907711252769,0.11433039863417871,0.5907354950661335
207,5.035855271982685,S,other,0.08293830988112023,8.430379002310681e-10,0.5764151581586466,inf,1.2065030691308738e-08,0.5073046835966106,0.13741610579742142,inf,0.46515884722255074,0.11349938960896305,0.5906230971600767
208,5.047541863636125,S,other,0.08254740492407059,1.5781442408071678e-09,0.5771332964124943,inf,4.385519286086255e-09,0.5075516427210788,0.13695330888231855,inf,0.4654145413738378,0.11268543093696116,0.5904990052178687
209,5.059311689249985,S,other,0.08215569059388718,5.693376426558976e-09,0.5778528650782693,inf,1.5679072030470598e-08,0.5078143893339755,0.1364901182400886,inf,0.46562485515208635,0.11194099267839187,0.5903638512513775
210,5.071166080980271,S,other,0.08176315559227279,3.015811941290504e-09,0.5785734866862436,inf,6.97693625051817e-09,0.5080628629851235,0.13602563650036906,inf,0.465855359765488,0.11116159964783634,0.5902158131117872
211,5.083106118288015,S,other,0.08136979775633525,6.463315127021357e-10,0.579295620112695,inf,1.2357111224959278e-09,0.5083121366495861,0.13556027443121796,inf,0.4660729208125258,0.11039975512602897,0.5900555502045501
212,5.0951326416810945,S,other,0.08097562339655862,3.952555806649547e-09,0.5800190479233539,inf,1.048928027184625e-08,0.5085621995008025,0.13509403812845472,inf,0.46627737501413447,0.1096555814471739,0.5898829130120918
213,5.107246267659837,S,other,0.08058064660662007,5.4003984454929625e-09,0.5807439885941259,inf,2.0958621722229962e-08,0.5088130374364453,0.13462694435118688,inf,0.46646856967250794,0.10892918124262264,0.5896977641684382
214,5.119447404542821,S,other,0.08018488856034003,3.229769896190629e-09,0.5814699919375079,inf,2.2405117970450365e-08,0.5090646460506713,0.1341589976599265,inf,0.4666463631389624,0.10822063927481897,0.5894999787204914
215,5.131736268812974,S,other,0.07978837680469995,1.974241597658196e-09,0.5821972024469183,inf,3.2725896931871424e-09,0.5093020758848279,0.13368974695440536,inf,0.4668424706106569,0.10747830015217218,0.5892886035322076
216,5.144112901639046,S,other,0.0793911445637629,1.625124147728766e-09,0.5829256772504645,inf,3.519716538984062e-09,0.509555162967888,0.13322016789505844,inf,0.4669929301287198,0.10680577262861585,0.5890652205645136
217,5.15657718528878,S,other,0.07899323006187159,1.4415729032618539e-09,0.5836552961951524,inf,2.0212477497151475e-09,0.5097940285725369,0.13274935781091846,inf,0.46716116142873454,0.10609976880661234,0.5888280606981976
218,5.169128859230451,S,other,0.07859467587234581,2.8092158850978907e-09,0.5843859675561109,inf,3.841126569946612e-09,0.5100484578288077,0.13227828895239552,inf,0.46728387975090546,0.10546344342561466,0.5885787468698217
219,5.18176753578458,S,other,0.07819552829619228,2.825182059425989e-09,0.5851176230507452,inf,2.0185003682838565e-09,0.5102886235664934,0.13180606159022248,inf,0.46742388733214196,0.10479393786036317,0.5883155264829026
220,5.194492715213311,S,other,0.07779583677447642,2.917775297123744e-09,0.5858501606338243,inf,6.516362182958234e-09,0.5105442413527125,0.13133366637785143,inf,0.4675185667823462,0.10419392531097205,0.5880400613559024
221,5.207303800119201,S,other,0.07739565333701619,4.5394410461820545e-09,0.5865833274173227,inf,4.52033024625805e-08,0.5107855436326797,0.13086019847773503,inf,0.46763010813750305,0.1035610194423251,0.5877506114121802
222,5.220200108987981,S,other,0.07699503209154133,1.1524605695573105e-09,0.5873176029231661,inf,6.312736707199458e-09,0.5110273103187145,0.13038621905409678,inf,0.46772727282580334,0.10294650979063061,0.5874480100431874
223,5.23318088868237,S,other,0.07659402876172708,4.027024158512546e-10,0.5880523499124912,inf,4.4095428299880725e-09,0.5112695365777697,0.12991174279842987,inf,0.4678100337895185,0.10235041868955946,0.5871322467572927
224,5.246245325701854,S,other,0.07619270027266943,7.035947250465702e-09,0.5887877388420836,inf,2.8102060217896054e-08,0.5115121480054907,0.12943684953227755,inf,0.4678783734544372,0.10177277043597328,0.5868033199849442
225,5.259392556074235,other,other,0.08182775245339168,8.620825584180046e-09,0.4274654538307213,inf,0.1844117386073248,0.5685709496027309,0.2041478055068553,inf,0.46793228386733615,0.10121359305711385,0.5864612370576266
226,5.272621673824671,S,other,0.07538929941893517,9.374697473478464e-09,0.5902592974721806,inf,2.045537031116508e-08,0.511983653141469,0.1284854376860135,inf,0.46800184150732943,0.100622655881124,0.5861051391857958
227,5.285931738049445,other,other,0.08098318830234422,5.0608372426611966e-09,0.42844880691837045,inf,0.18265959094038192,0.569152206997063,0.2016693988005658,inf,0.46802675483998907,0.10010069124474011,0.5857368006920317
228,5.29932177867762,other,other,0.08056042522363854,3.479189335787522e-10,0.42894687704484835,inf,0.1817760484271331,0.569454802719406,0.200414984159719,inf,0.468037280818036,0.09959732187820312,0.5853553867964704
229,5.312790801020569,other,other,0.08013742228827057,8.001039990616712e-09,0.429448781545964,inf,0.18087810063345303,0.5697434123857612,0.19915034547142008,inf,0.46806305459299374,0.09906285783280598,0.5849600613519887
230,5.326337789192807,other,other,0.07971423996212343,2.2452268514182218e-09,0.42995514708787896,inf,0.17998007256733972,0.5700509441720051,0.1978755783917946,inf,0.46804478110931724,0.0985970320740304,0.5845526528860066
231,5.339961708458269,other,other,0.07929093847781517,6.9131559790918955e-09,0.4304661385975551,inf,0.17906764707108913,0.5703445374651537,0.19659060773304046,inf,0.46804155816113985,0.09810063046688255,0.584131461277357
232,5.353661506538236,other,other,0.07886757776347314,3.6605231280770617e-09,0.43098225984964916,inf,0.1781482509963471,0.5706405094437271,0.19529579987945342,inf,0.468023872158363,0.09762349601027483,0.583697458005274
233,5.367436113925926,other,other,0.07844421741478681,6.064144448471353e-09,0.4315028653326269,inf,0.17722933423143142,0.5709553224177658,0.19399109363847983,inf,0.46796286082716665,0.0972146872922559,0.5832516402643954
234,5.3812844432876386,other,other,0.07802091668887942,3.6862907594508937e-09,0.4320264002880294,inf,0.17629599306623067,0.5712562215068555,0.19267619302498007,inf,0.4679167123740938,0.09677620636927246,0.5827923242458765
235,5.3952053880765565,other,other,0.0775977345267568,4.0058241641715046e-09,0.43255316486530765,inf,0.1753558170659355,0.5715595641472051,0.19135135121091223,inf,0.467856430255076,0.09635734015320387,0.5823205266721329
236,5.409197820522369,other,other,0.0771747295881647,8.159153328684908e-09,0.4330854000815743,inf,0.1744088611014983,0.5718653620260847,0.19001654623989273,inf,0.46778214991819045,0.09595822347465024,0.5818363797707488
237,5.423260589172447,other,other,0.07675196030040558,9.270907823389952e-09,0.43362184322702735,inf,0.1734551536411898,0.5721736430707695,0.18867171062288562,inf,0.46769401880903666,0.09557899757236686,0.5813400263251152
238,5.437392516145774,other,other,0.07632948491228542,6.021991799113296e-09,0.43416378671171046,inf,0.17249474010412616,0.5724844405667563,0.18731678930548992,inf,0.4675921963078809,0.09521980864481291,0.580831619661308
239,5.451592394229207,other,other,0.07590736155385713,4.7712265803237584e-09,0.4347126883126498,inf,0.17151971838342656,0.5727815323939328,0.1859515737396271,inf,0.46750488111935795,0.09483327364365869,0.5803104044490394
240,5.465858983913632,other,other,0.07548564828739625,1.4868945530340915e-09,0.4352674809421813,inf,0.1705458707459851,0.5730974686775454,0.1845762161446244,inf,0.4673760517427147,0.09451487217705828,0.5797783909431516
241,5.480191010449397,other,other,0.07506440316156672,2.00179243579947e-09,0.4358294282530358,inf,0.16956534645231133,0.5734160252809822,0.18319045840143752,inf,0.4672340832084847,0.09421696789851573,0.5792348492474291
242,5.494587161000422,other,other,0.07464368425661387,1.3998907031395816e-09,0.4363975059654595,inf,0.16856997068587742,0.5737211166823118,0.18179397493962696,inf,0.46710675268016894,0.09389299742306073,0.5786790464637724
243,5.509046081988359,other,other,0.07422354972166986,1.3636196661578824e-09,0.43697098039333176,inf,0.16757591201643704,0.5740451613243256,0.18038683451013401,inf,0.4669389947215987,0.09363681830779637,0.5781130465667791
244,5.5235663767288425,other,other,0.07380405780091129,4.4122559374551995e-09,0.43754862365693425,inf,0.16656673714768747,0.5743559603009766,0.1789685016628894,inf,0.46678602411249054,0.0933554543149585,0.5775352035856306
245,5.538146603459435,other,other,0.0733852668454925,7.497697718672835e-10,0.43813339555782654,inf,0.16555882061791402,0.5746858643808347,0.17753889910281645,inf,0.4665934021156374,0.09314158546076015,0.5769476145922998
246,5.5527852738386825,other,other,0.07296723531101118,5.096709395597763e-10,0.4387270692108688,inf,0.16453535155058288,0.5750028190838206,0.17609736756939742,inf,0.466415761372157,0.09290341093534084,0.5763486364123183
247,5.567480851962749,other,other,0.07255002173707074,4.473974648718493e-09,0.4393275960360508,inf,0.1635130394779668,0.5753391167980441,0.1746438021222322,inf,0.4661992740101488,0.09273236047158895,0.5757403952276369
248,5.5822317539117945,S2,other,0.071475003476541,4.1218411645481625e-10,0.7472336451890916,inf,0.11804346216489106,0.6307219269990894,5.46115590483421e-10,inf,0.465997997393714,0.09253786516909039,0.5751212466919665
249,5.597036347813995,S2,other,0.07103205678321582,5.541781266895746e-10,0.7472074036214539,inf,0.11756786959719544,0.6304560954073151,8.608173836015357e-10,inf,0.4657852321807484,0.09236552772424754,0.5744923875481598
250,5.611892954406579,S2,other,0.07059051621413082,2.8182896059322785e-09,0.7471808090748884,inf,0.11709484105654176,0.6301906075002898,1.3376767473910293e-08,inf,0.46556125516262914,0.09221543096436899,0.5738540749110306
251,5.626799848077878,S2,other,0.07015044444763349,3.0874798362812924e-09,0.7471539934765609,inf,0.11662435104716519,0.6299254708211198,2.221636327571046e-08,inf,0.46532634697275804,0.09208763850802387,0.5732065696600027
252,5.641755258383474,S2,other,0.06971190392047863,3.4563384528433783e-09,0.7471266461852174,inf,0.1161563656152604,0.6296606809734464,1.1864231603458681e-08,inf,0.4650807913218764,0.09198219330110229,0.5725501357556095
253,5.656757372033161,S2,other,0.06927495673692757,3.2147169957334334e-10,0.7470991338310993,inf,0.11569086246341839,0.6293962474410485,3.598353890868991e-10,inf,0.46482487420846635,0.09189911632279948,0.5718850395230767
254,5.671804335338077,S2,other,0.06883966456797805,2.3449152275160735e-10,0.7470712873896006,inf,0.11522781115503913,0.6291321697076993,1.577042603983451e-10,inf,0.46455888308290955,0.09183840557143323,0.5712115488818986
255,5.686894257089875,S2,other,0.068406088542215,2.7839833749321133e-09,0.747043122198354,inf,0.1147671846991483,0.6288684511749197,2.3129026071742187e-09,inf,0.46428310595859723,0.09180003540290517,0.5705299325147117
256,5.702025211823305,S2,other,0.06797428913018799,2.437517083117386e-09,0.747014546367761,inf,0.11430895544733345,0.628605093877177,2.2511612983828482e-08,inf,0.46399783047407095,0.09178395622602926,0.5698404589795082
257,5.7171952433981215,S2,other,0.06754432602449124,7.15764059876884e-10,0.7469859602183534,inf,0.11385310183366688,0.6283421073037353,1.354983385350508e-09,inf,0.46370334291968845,0.09179009449323824,0.5691433957785115
258,5.73240236883176,S2,other,0.06711625801833788,3.380410847172421e-09,0.7469568736494809,inf,0.11339959128002554,0.6280794869115367,8.601571040626215e-09,inf,0.46339992725305895,0.09181835289352974,0.568439008407711
259,5.747644582320589,S2,other,0.066690142883703,3.812532292159739e-09,0.7469276075606152,inf,0.11291895461988005,0.6278006398071152,3.1656577991102866e-08,inf,0.4631129866931827,0.09182794267058818,0.5677265682436897
260,5.762919859399929,S2,other,0.06626603725153833,4.361728611663131e-09,0.746898121738566,inf,0.11247021252207763,0.6275387970764925,4.355494030484562e-09,inf,0.46279242007861887,0.09190047308989127,0.5670083128073825
261,5.77822616120447,S2,other,0.06584399649514225,1.6481613729561476e-09,0.7468682493420495,inf,0.11202373840253524,0.6272773345448996,9.247074998384082e-10,inf,0.4624637553500947,0.0919946977258328,0.5662835086742605
262,5.793561438796024,S2,other,0.06542407461661547,1.4674748985426945e-09,0.7468381441864018,inf,0.11155052829330259,0.6269997498630372,1.8977587903498594e-09,inf,0.4621519789446728,0.09207103855951891,0.5655514026752291
263,5.808923637523725,S2,other,0.06500632413857767,1.904603298684004e-09,0.7468078138962022,inf,0.1111086642254361,0.6267390865497242,2.02580214492802e-09,inf,0.46180778121451355,0.09220849616324706,0.564814238787994
264,5.824310701376175,S2,other,0.06459079600163509,1.859980008252474e-09,0.7467773028853072,inf,0.1106689930089316,0.6264788131159768,3.1592863026489816e-09,inf,0.4614562659365762,0.0923670243232436,0.5640712556790477
265,5.839720577280611,S2,other,0.06417753946856548,4.487898350331699e-09,0.7467464902532263,inf,0.11020296409924023,0.6262025249928168,6.738337926104913e-09,inf,0.4611220106146118,0.092508303042998,0.5633216712422734
266,5.855151219305332,S2,other,0.06376660203632159,3.4636022245893253e-09,0.7467153550468434,inf,0.10976774667201886,0.6259430693968842,5.057858640848875e-09,inf,0.46075646915779167,0.09270865090488681,0.5625677323065955
267,5.870600592728954,S2,other,0.06335802935692554,4.4705922511179005e-09,0.7466840434736556,inf,0.1093064213412507,0.6256676738059197,8.150642984215675e-09,inf,0.4604084057787942,0.09289210403664282,0.5618076266233395
268,5.886066677951222,S2,other,0.06295186516678763,7.20591413134111e-09,0.7466525259148911,inf,0.10887556494841673,0.6254090574944048,2.2957526870685774e-08,inf,0.46002977424915875,0.0931331543589969,0.5610436017293705
269,5.9015474742308385,S2,other,0.06254815122503586,2.978599818946261e-09,0.7466211551972561,inf,0.10841883827929548,0.6251345681952512,6.282494827215781e-09,inf,0.4596688149105368,0.09335761374449288,0.5602738164351553
270,5.9170410032423355,S2,other,0.06214692726185128,3.1274054640447102e-09,0.7465892902521979,inf,0.10799223610197531,0.6248767956244378,4.3573043261882685e-09,inf,0.45927796990221775,0.09363813083664473,0.5595005179900558
271,5.932545312445621,S2,other,0.06174823093331073,3.3234231346604243e-09,0.7465572342368578,inf,0.10754000413368572,0.6246032303573328,4.210030809286392e-09,inf,0.4589049657413082,0.0939023171682029,0.5587218356275758
272,5.9480584782601715,S2,other,0.06135209778673792,5.999837782767404e-09,0.7465248335633735,inf,0.10711756074644713,0.6243463169501441,1.1562359405579118e-08,inf,0.4585027222416062,0.09422096812415885,0.5579400158968338
273,5.963578609034346,S2,other,0.06095856123268767,3.4041853282947946e-09,0.7464926697121103,inf,0.1066697254898255,0.6240736910380044,5.491612786301204e-09,inf,0.45811846282294305,0.09452351277126103,0.5571531586590419
274,5.979103847801789,S2,other,0.06056765252793008,7.849205215869783e-09,0.7464598649337765,inf,0.10625135015231091,0.623817653093679,3.0205382289604066e-08,inf,0.45770557545579027,0.09487888964065619,0.5563635103054314
275,5.994632374822453,S2,other,0.06017940076128228,3.495236523522313e-09,0.7464274235399071,inf,0.10580780794368022,0.6235459774211062,5.787419257661679e-09,inf,0.4573107919574331,0.09521835674344462,0.5555691424474835
276,6.0101624099137565,S2,other,0.05979383285409755,3.665496782737959e-09,0.7463945612764709,inf,0.10539341204971346,0.6232908315478366,4.739908159053979e-09,inf,0.45688795990084985,0.09560899768712959,0.5547723026035838
277,6.0256922145851926,S2,other,0.05941097356014603,4.159694936666408e-09,0.7463614366686888,inf,0.10495406045737983,0.6230201154142821,5.841963987111151e-09,inf,0.45648333136909985,0.09598390399883065,0.5539710357746169
278,6.041220093994734,S2,other,0.05903084547547907,5.258830726361089e-09,0.7463284326558428,inf,0.10454355227437588,0.6227658732426397,5.266918299609937e-09,inf,0.45605120549909395,0.09640831141083529,0.553167592181696
279,6.056744398746641,S2,other,0.058653469053813335,4.239211187507335e-09,0.7462951925896477,inf,0.10410830486087612,0.6224961385865746,3.7378430281117345e-09,inf,0.45563736648992187,0.09681714319580825,0.5523599919669119
280,6.07226352654903,S2,other,0.058278862624190145,5.095935221388485e-09,0.7462618346951538,inf,0.10370159207661384,0.6222428094313132,6.3868192628264345e-09,inf,0.45519655720865787,0.09727379962759307,0.5515504895942048
281,6.087775923747943,S2,other,0.05790704241357775,6.0673653559384955e-09,0.7462283527420516,inf,0.10327035267011708,0.6219740669362459,7.581128157265457e-09,inf,0.4547741055306872,0.09771502840148409,0.550737081916816
282,6.103280086755014,S2,other,0.05753802257254485,3.2528668774916235e-09,0.7461947594928027,inf,0.10286735146743858,0.6217216665597545,2.685023458024503e-09,inf,0.45432519011419303,0.09820241208776039,0.549922028805748
283,6.118774563389232,S2,other,0.05717181520434067,3.3313725705452157e-09,0.7461610384833854,inf,0.10244002751742935,0.6214539284692552,3.301502980353928e-09,inf,0.45389469334952465,0.09867451016632856,0.5491033047472291
284,6.13425795415912,S2,other,0.056808430393864864,4.949771199975143e-09,0.7461266788986161,inf,0.10204064470944484,0.6212024622045017,3.145977314889438e-08,inf,0.45343822104782605,0.0991911100605215,0.5482831751661035
285,6.149728913518317,S2,other,0.05644787623871994,6.2005501667748375e-09,0.7460930838172708,inf,0.10161715034796132,0.6209357437402698,1.927526863778724e-08,inf,0.45300021942160673,0.09969256518497384,0.5474595915963549
286,6.1651861511335415,S2,other,0.05609015888015735,4.998993148934865e-09,0.746059533580411,inf,0.10122132550786506,0.6206852421768194,6.966114433855274e-09,inf,0.4525367110430382,0.10023689503254812,0.546634823020707
287,6.180628433208179,S2,other,0.05573528253289699,2.1104567471940536e-09,0.7460255247074655,inf,0.1008015651616432,0.6204195506972234,4.9414957576295106e-09,inf,0.45209171229656303,0.10076622468254999,0.5458067944339798
288,6.196054583908191,S2,other,0.055383249512316865,7.590921338881654e-09,0.7459914123201002,inf,0.10040919654488084,0.6201700094939223,1.3244657730656474e-08,inf,0.4516216484572977,0.10133683829782562,0.5449777722238953
289,6.2114634869409455,S2,other,0.05503406025803127,4.8217470176639925e-09,0.7459574870186299,inf,0.10001847547463162,0.6199209386588567,7.664663413657863e-09,inf,0.45114851505251496,0.10191986162543701,0.5441467434682274
290,6.226854087343527,S2,other,0.05468771335450123,4.431169765556704e-09,0.7459233564139373,inf,0.0996041035628818,0.619656796420482,5.0530174638449905e-09,inf,0.45069389412184013,0.10248811960834678,0.5433126641077964
291,6.24222539354624,S2,other,0.05434420554447806,4.921707533674266e-09,0.7458891439808926,inf,0.09921672290695951,0.6194087047597948,8.254648404430347e-09,inf,0.4502147653015935,0.10309538655405391,0.5424777661085481
292,6.257576479789181,S2,other,0.05400353173644585,1.720548094377411e-09,0.7458549792264768,inf,0.09880587840341216,0.6191456228605581,3.1664590052213087e-09,inf,0.44975405498139553,0.10368808571649687,0.5416398422346428
293,6.272906488984233,S2,other,0.05366568500213848,6.362921693220763e-09,0.7458211153221279,inf,0.09842177099124229,0.6188985293680939,2.592107660031739e-08,inf,0.4492690647492293,0.10431837038822168,0.5408010574630557
294,6.288214636130753,S2,other,0.05333065656287057,3.189232995571761e-10,0.7457864036317466,inf,0.09803920015401514,0.6186519062968469,6.186772069851546e-10,inf,0.44878112324472486,0.10495956392406289,0.5399601952360706
295,6.303500212409711,S2,other,0.052998435766280015,8.703765574320897e-10,0.7457521685251217,inf,0.09763343415586767,0.6183904127526987,3.1604955726942293e-09,inf,0.4483111006008636,0.10558660520435569,0.5391159391398884
296,6.318762590098177,S2,other,0.05266901004233136,1.805817428618467e-10,0.7457178041109531,inf,0.09725402162002275,0.6181448015696529,5.639281095880263e-10,inf,0.44781662226595403,0.10624936358215262,0.5382702081414347
297,6.3340012284635225,S2,other,0.05234236484533126,2.0650745481619617e-09,0.7456836165240008,inf,0.0968761085101187,0.6178996804092376,7.340999942890855e-09,inf,0.44731839687837704,0.10692249063104164,0.5374214191548069
298,6.349215680813757,S2,other,0.05201848357331523,4.5507021886123974e-10,0.7456491518568495,inf,0.09649967110224211,0.6176550470497336,1.2458885746040856e-09,inf,0.44681583415637904,0.10760592577584524,0.5365689014219632
299,6.364405602894758,S2,other,0.05169734746387644,6.179668399297566e-10,0.7456148422692911,inf,0.09612469839639536,0.6174109082976174,2.0202185324506844e-09,inf,0.44630809263013205,0.10829969487478452,0.5357117206012572
300,6.379570762831933,S2,other,0.051378935463065045,2.5519803081087872e-09,0.7455806476755018,inf,0.09572693459233152,0.6171520841604673,7.634321630185218e-09,inf,0.44581456907424444,0.10898090660730388,0.5348474685120091
301,6.394711052805839,S2,other,0.051063224064942084,1.6668597342817493e-09,0.745546206443841,inf,0.09535492766308962,0.6169089703862727,4.047245381912564e-09,inf,0.4452924713848154,0.10969621730434329,0.5339767089861772
302,6.409826502618389,S2,other,0.05075018712007765,5.3671015082957574e-09,0.745512038123966,inf,0.09498433606576928,0.6166663594621731,4.1751289578200873e-08,inf,0.4447603533113724,0.11042270142496931,0.5330960717685886
303,6.424917295236519,S2,other,0.05043979561136783,1.263416501971308e-09,0.745477573266591,inf,0.094615127116311,0.6164242381600763,5.544362176139793e-09,inf,0.4442154825268284,0.11116101062873378,0.5322026630643455
304,6.439983784281219,S2,other,0.05013201740483201,2.6147498606629866e-09,0.7454433820692653,inf,0.09424729832653155,0.616182620980216,1.083759997910929e-08,inf,0.44365436536363845,0.11191204926417124,0.5312928070874916
305,6.455026513253492,S2,other,0.04982681697123788,7.460490031529778e-09,0.745408962358178,inf,0.09388082004787554,0.6159414979080563,3.2919411169901694e-08,inf,0.4430726228632168,0.11267701977125727,0.5303619224675287
306,6.47004623605848,S2,other,0.04952415509958041,2.2060664536680043e-09,0.7453748347173146,inf,0.093515695741152,0.6157008891817068,5.237608160271288e-09,inf,0.44246488470175027,0.11345746609570297,0.5294044183731337
307,6.485043938132444,S2,other,0.04922398861006673,4.953716759591823e-09,0.745340420507321,inf,0.09315188619718948,0.6154607739185562,1.3809531379221366e-08,inf,0.4418247227012119,0.11425530876328206,0.5284136327155862
308,6.500020857260253,S2,other,0.048926270086136224,9.633522049422029e-09,0.745306513359724,inf,0.09278939133107708,0.6152211665618799,2.386854293268867e-08,inf,0.4411446495462346,0.11507286327234198,0.5273818385610666
309,6.514978503103101,S2,other,0.04863094764821579,4.621331819701775e-09,0.7452723550603734,inf,0.09242818050734318,0.6149820566961017,4.349034183618312e-08,inf,0.4404162077032225,0.1159128328778703,0.5263003438378323
310,6.529918674669039,S2,other,0.048337964775734404,4.110580705103262e-09,0.7452381739295596,inf,0.09206823932138604,0.6147434436611665,4.742815212579541e-08,inf,0.4396301661415454,0.11677826946754778,0.525159701289145
311,6.544843475534089,S2,other,0.048047260185226086,4.574507564197514e-09,0.7452033755541758,inf,0.09170954204939454,0.6145053191536418,1.1640147619772685e-07,inf,0.43877682820342084,0.11767250394934368,0.5239500303965168
312,6.559755327463648,S2,other,0.047758767745468694,6.580385758861699e-10,0.7451697160328489,inf,0.0913521041125687,0.614267715396522,4.177013468901596e-09,inf,0.4378464361753071,0.11859906092034027,0.5226614342634351
313,6.574656983792963,S2,other,0.047472416407632154,2.032676747036822e-09,0.7451356236951148,inf,0.09099587744073376,0.6140305988848048,6.301573373316545e-09,inf,0.4368296422915823,0.1195615884198613,0.5212844781208403
314,6.589551543801939,S2,other,0.04718813011806183,6.2482394699431394e-09,0.745101645454237,inf,0.09064085508632402,0.6137939783144211,2.602742516877704e-08,inf,0.4357180056132843,0.12056384400674548,0.5198106861477088
315,6.604442467659771,S2,other,0.04690582773048255,7.532145412361884e-09,0.7450678413411836,inf,0.09030994904156973,0.6135724902207305,4.380788208843383e-08,inf,0.43448520654785217,0.12162984541054177,0.518234203517492
316,6.619333588221824,S2,other,0.04662542298502955,2.907699114707298e-09,0.7450333313386416,inf,0.08995718964911795,0.6133368023822453,2.19231403048101e-08,inf,0.4331645800506048,0.12272375245503693,0.51654740213703
317,6.634229112167143,S2,other,0.046346824694374816,3.476612905044461e-09,0.7449986373502303,inf,0.08960557127600875,0.6131015856723367,3.456669308604589e-08,inf,0.43173353944735393,0.12387045991483549,0.5147482779949888
318,6.64913360099687,S2,other,0.046069937292644386,3.988820099406253e-09,0.7449646090199352,inf,0.08925510224622536,0.6128668710526696,2.3469117937717857e-08,inf,0.43019095687625153,0.1250753811130935,0.5128357367517525
319,6.664051924536406,S,other,0.04376369187012623,1.972264433942352e-09,0.6493157722312998,inf,4.746876880771642e-08,0.5280839999745525,0.08890457122723049,inf,0.4285376681936302,0.1263444069798521,0.5108106361198984
320,6.678989185998839,S2,other,0.045520897755669344,7.055660187215564e-09,0.7448968023564364,inf,0.0885574888282368,0.6123988632810098,4.259151610092565e-08,inf,0.4267761587303732,0.1276835606456201,0.5086754829308114
321,6.693950625590465,S,other,0.04327265981185199,1.1221458813786433e-09,0.6502819170187704,inf,1.3931506216977727e-08,0.5283042881256503,0.08821137413281684,inf,0.4249101727966129,0.12909853013993638,0.506434064765886
322,6.7089415148650975,S,other,0.04302885654112602,1.188256974476295e-09,0.6507627465116467,inf,1.850612442231478e-08,0.5284142246902421,0.08786543802948031,inf,0.4229443549376232,0.13059422921934744,0.5040911153103463
323,6.723967053868232,S,other,0.04278608065970499,2.069825841863153e-09,0.6512423059728475,inf,3.4781161883558504e-08,0.5285241485888562,0.08751980544874109,inf,0.42088400276008603,0.13217449250967334,0.5016520843228351
324,6.739032278079949,S,other,0.042544251947374,1.5513300055365956e-09,0.6517207384518008,inf,2.9479107897560206e-08,0.5286342293291979,0.08717428523354592,inf,0.4187349599649234,0.1338419146260835,0.49912303609286723
325,6.754141975381122,S,other,0.0423032961735155,2.0896824643034174e-09,0.6521983110098309,inf,2.2811525171365962e-08,0.5287444508793204,0.08682888544044999,inf,0.41650363042159644,0.13559776437845988,0.4965106579009294
326,6.769300608445776,S,other,0.0420631461725966,8.571792018059655e-10,0.6526749707350018,inf,1.83138283655629e-08,0.5288550208633759,0.08648338642741334,inf,0.4141970666336711,0.13744188804680355,0.49382233633707745
327,6.784512237462586,S,other,0.04182374286919403,9.789515414145244e-10,0.653150954931018,inf,3.0479277587276454e-08,0.5289537402381308,0.08613716031863969,inf,0.4118412158748459,0.1393509348450492,0.49106497530440785
328,6.799780441815722,S,other,0.041585036273630444,4.15612807789568e-09,0.6536267767952431,inf,8.593832398161336e-08,0.5290652158808881,0.0857912472343155,inf,0.40940837217124326,0.14136451943966635,0.48825018209151105
329,6.815108244947697,S,other,0.04134698638264295,5.770956505637276e-10,0.6541016115851243,inf,1.0507676239497967e-08,0.5291770940635262,0.08544514887581665,inf,0.40692630551277253,0.14345583226592432,0.4853866388028148
330,6.830498050888142,S,other,0.04110956385770238,3.554308645363838e-09,0.6545762284962788,inf,5.403382697909157e-08,0.5292895991258374,0.08509863278697859,inf,0.4044053832875305,0.14561764381890088,0.4824851359870098
331,6.845951601639622,S,other,0.04087275034724793,9.407967769006618e-10,0.6550505909692211,inf,1.657237137245946e-08,0.5293906256289234,0.08475110339444511,inf,0.4018744096167463,0.14781887064783542,0.4795558320198895
332,6.861469961507483,S,other,0.040636538378197716,1.4524361042883388e-09,0.6555245377210444,inf,1.9491019586847886e-08,0.5295043550367479,0.08440380310926061,inf,0.39930926588627236,0.15009339542530972,0.476613249334888
333,6.877053529024078,S,other,0.0404009308238183,1.4529533974100742e-09,0.6559981796501695,inf,1.3775604274890799e-08,0.5296067322652415,0.0840554158097874,inf,0.3967569791353052,0.1523855983712212,0.4736667617234361
334,6.892702071606164,S,other,0.04016594004226578,9.12937274247785e-10,0.656471557863315,inf,9.266230637921745e-09,0.529709801340015,0.08370659889184448,inf,0.39421116979221626,0.15470587658365037,0.47072944150397616
335,6.90841477450172,S,other,0.039931586826511115,2.452224967106535e-09,0.6569443444971308,inf,2.9417094031254098e-08,0.5298254752489994,0.08335801775423343,inf,0.39166524241093603,0.15706472239073596,0.4678137948087371
336,6.924190294951753,S,other,0.03969789930999334,6.590036814169107e-09,0.6574172287593929,inf,8.184225461011847e-08,0.5299298806445171,0.08300836492592381,inf,0.3891639824369339,0.15940582592146485,0.4649273876201385
337,6.94002681460504,S,other,0.03946491193291571,6.573940995073903e-09,0.6578889564411049,inf,8.647804542632163e-08,0.5300348517595427,0.08265841415368101,inf,0.3866987266741757,0.1617404337839303,0.46208069750085823
338,6.955922086892065,S,other,0.03923266451790499,1.1186593894046623e-09,0.6583606129041221,inf,2.1964526280352725e-08,0.5301404337388294,0.08230812297122392,inf,0.38427706801218015,0.164058197429546,0.4592816149861817
339,6.971873479720207,S,other,0.039001201443996686,4.9283796220557914e-09,0.65883167121128,inf,6.517077983353591e-08,0.5302465586772825,0.08195756995841083,inf,0.3819053386555224,0.1663496569167184,0.45653674427419544
340,6.987878016198671,S,other,0.038770570875339166,6.164746462931307e-09,0.6593014047471887,inf,1.2026626823559988e-07,0.5303531786539418,0.08160681201693942,inf,0.37958864780897045,0.16860634568696964,0.4538514349201455
341,7.0039324165532,S,other,0.038540824003685435,1.107821038097408e-09,0.6597711699956443,inf,2.1949473471444227e-08,0.5304602696112042,0.08125592118067697,inf,0.3773309709635874,0.17082085496632113,0.45122986381862745
342,7.020033143176122,S,other,0.03831201427160392,7.118447290497577e-10,0.6602396907406252,inf,1.2846740395432501e-08,0.5305677219514993,0.0809049530661322,inf,0.3751352671189442,0.17298686287411738,0.44867514538638437
343,7.036176448703792,S,other,0.03808419658316992,7.614944502005658e-09,0.6607071754353646,inf,1.1182184783177589e-07,0.5306754821055448,0.08055399436317054,inf,0.3730036028197853,0.17509913310428168,0.4461894503582307
344,7.052358425129586,S,other,0.037857426530920744,6.535358483225097e-10,0.6611735125798754,inf,1.1954720635246381e-08,0.5307835405387484,0.08020307550224585,inf,0.37093726692660234,0.17715348907183798,0.44377411813410517
345,7.06857505100613,S,other,0.03763175968198508,2.6452035473047836e-09,0.6616387807387576,inf,3.170674502274459e-08,0.5308801860095115,0.07985164089743158,inf,0.3689534962350901,0.17912521070473061,0.44142832348705424
346,7.084822234012517,S,other,0.03740725095529218,1.2591045243466604e-09,0.6621026168449363,inf,2.7797995339156026e-08,0.5309886253268932,0.07950106281076003,inf,0.36701897054939514,0.18105536704991965,0.4391548679107509
347,7.101095847287531,S,other,0.037183954112498405,1.5246325174578246e-09,0.662564772891276,inf,2.487488004300116e-08,0.5310970860594801,0.07915082944439815,inf,0.3651498342873253,0.18292094807964965,0.4369516836264671
348,7.117391759370812,S,other,0.03696192135753343,8.488286579481572e-09,0.663026027014728,inf,1.8094727819555515e-07,0.5312056072257061,0.07880093098858856,inf,0.3633450381777703,0.18472146588449811,0.43481758845191143
349,7.133705858746368,S,other,0.0367412030258386,5.275311196537591e-10,0.6634848402077629,inf,1.0019560540263592e-08,0.5313025572699347,0.07845081499660296,inf,0.3616194833308526,0.1864362750560323,0.43274946505487877
350,7.15003407447653,S,other,0.036521847344945846,2.0631260824093348e-09,0.6639421280298042,inf,3.936816880746689e-08,0.5314109348948731,0.07810185806633185,inf,0.3599384343480865,0.1881082431982854,0.4307481466267484
351,7.16637239422041,S,other,0.036303900236399435,1.2529789882797443e-09,0.6643979746525728,inf,1.781201855773552e-08,0.5315191257956963,0.07775350256624283,inf,0.3583161460416772,0.18971773803528197,0.42880978168408374
352,7.182716880308388,S,other,0.03608740515837589,7.971638549459682e-09,0.6648519001043732,inf,1.4035075222859313e-07,0.5316157920013475,0.0774050457795049,inf,0.3567664529340591,0.19124629257330722,0.4269302616528409
353,7.199063683875659,S,other,0.03587240297970839,1.0900566217004334e-09,0.6653031664256213,inf,1.1984652664812698e-08,0.5317234855591032,0.0770580690282072,inf,0.3552542602689291,0.19273695357901033,0.4251097583742588
354,7.215409056665514,S,other,0.03565893189539347,7.795243333642843e-09,0.6657519929006952,inf,1.4720058153488194e-07,0.5318309292444133,0.07671177693024454,inf,0.3537932939717225,0.19417158713530375,0.4233440018324858
355,7.231749360135271,S,other,0.03544702737809033,4.933174745330553e-09,0.666199572594269,inf,7.407700012341821e-08,0.5319267067507304,0.07636566932431249,inf,0.3523971643043746,0.19553294087422368,0.42162875415804796
356,7.248081071864749,S,other,0.03523672217353343,4.15089785897788e-09,0.6666450461752959,inf,3.661174466920367e-08,0.5320333363740256,0.07602114152787001,inf,0.3510311762673079,0.19686322932536013,0.41996435586620523
357,7.264400789763822,S,other,0.03502804632342112,4.6910968304171325e-09,0.6670877706308936,inf,3.6634335771811915e-08,0.5321395397917219,0.07567751814500608,inf,0.3497092578741211,0.19814499615959247,0.41834685594445753
358,7.280705234952279,S,other,0.034821027207238855,3.171967827026145e-09,0.6675283367992499,inf,1.3151027107750393e-08,0.5322340795889404,0.07533418262954933,inf,0.34844536928617226,0.1993615047419602,0.4167724669481603
359,7.296991254266859,S,other,0.034615689589872434,2.5470704335780347e-09,0.6679663855621916,inf,1.0957767345679545e-08,0.5323392751922728,0.07499256688031226,inf,0.34720554451341173,0.2005535743050336,0.4152420815839786
360,7.313255823100253,S,other,0.03441205566425357,4.858767523522965e-09,0.6684017438686037,inf,3.092259217454697e-08,0.5324438991683701,0.07465202166614521,inf,0.3460041051152276,0.2017040786994809,0.41375226037539925
361,7.3294960487980925,S,other,0.034210145087075115,2.1361273175058674e-09,0.6688349407354129,inf,6.229974547204905e-09,0.5325479228673391,0.07431258462720676,inf,0.3448394442560615,0.2028151418166115,0.4123011988651577
362,7.345709174319866,S,other,0.03400997501388627,5.306014360470552e-09,0.6692650807703328,inf,4.208899347711235e-08,0.5326402891504101,0.0739735953426476,inf,0.3437259592340568,0.20387043510584132,0.4108856855003062
363,7.361892581499395,S,other,0.03381156013505553,3.81624683846978e-09,0.669693058883945,inf,2.0676565956587227e-08,0.5327430669795855,0.07363646823483415,inf,0.3426303769795784,0.20490881710938422,0.4095071430685225
364,7.378043793141805,S,other,0.03361491273138474,3.78356201512024e-09,0.670118308311852,inf,3.388871607924366e-08,0.532845188745461,0.07330053072283357,inf,0.34156724842186637,0.20591359471915593,0.4081625180541015
365,7.394160473381458,S,other,0.03342004274526634,3.975572410633869e-09,0.6705407935209793,inf,2.9630200916667932e-08,0.5329465702404748,0.07296586941267547,inf,0.3405352380160376,0.20688654640513307,0.4068503301595821
366,7.4102404261114785,S,other,0.033226957876068636,4.4317310462611774e-09,0.6709607048974825,inf,4.9765537922501106e-08,0.5330472515428949,0.07263244474589652,inf,0.33953305663838285,0.207829365695657,0.40556915834275997
367,7.4262815917317475,S,other,0.03303566369213863,4.87741769059619e-09,0.6713777135710083,inf,2.562790057544011e-08,0.5331471611719296,0.07230034628349297,inf,0.33855946896629646,0.20874365744200524,0.40431764693190486
368,7.442282042797704,S,other,0.0328461637527375,7.672623114610861e-09,0.6717920835846468,inf,5.3139000727170265e-08,0.5332463413700478,0.07196952647834855,inf,0.33761330451325844,0.20963093348591472,0.40309451515718414
369,7.458239979286514,S,other,0.032658459729341956,4.246884523637117e-09,0.6722037038464539,inf,4.1303077683613985e-08,0.5333447790565138,0.07164001397148749,inf,0.3366934686238683,0.2104926089096346,0.40189856665254803
370,7.47415372410869,S,other,0.0324725515232861,3.815067258733688e-09,0.6726126227485072,inf,4.1240068126645785e-08,0.5334424671522221,0.07131181202218867,inf,0.33579895012822714,0.21132999996757498,0.4007286958393962
371,7.4900217192371406,S,other,0.03228843736812785,2.999763866261439e-09,0.6730186329242721,inf,3.1303077236506674e-08,0.5335393333715615,0.07098499740696348,inf,0.3349288233952884,0.21214432459453658,0.39958388906475106
372,7.505842522504434,S,other,0.03210611392441444,3.780821652457185e-09,0.6734218243340563,inf,3.2888658814499816e-08,0.5336354192480506,0.0706595392687673,inf,0.3340822439327951,0.21293670605229162,0.39846321967680065
373,7.52161480484204,S,other,0.031925576364810734,4.470270223704432e-09,0.6738224362034863,inf,4.0657871890443665e-08,0.5337307717166111,0.07033538909887734,inf,0.3332584381266343,0.213708179809372,0.39736583757486543
374,7.537337347581419,S,other,0.031746818455907544,8.906122507719178e-09,0.6742203187508411,inf,1.093792236924919e-07,0.5338359860700076,0.07001329620967757,inf,0.3324410027553125,0.2144758683673977,0.39629251169897833
375,7.553009039433288,S,other,0.03156983264199487,9.398916364216484e-09,0.6746155539068135,inf,1.279226159220166e-07,0.5339295657441757,0.06969205611285574,inf,0.33166064477187496,0.2152081619715484,0.395239389855765
376,7.568628872883167,S,other,0.031394610129241864,6.539715489487965e-09,0.6750074124984896,inf,9.700139613623138e-08,0.5340225088792009,0.06937203416384842,inf,0.3309010149394137,0.21592223344720965,0.39420731581524404
377,7.584195939927347,S,other,0.031221140980543443,3.129785740144976e-09,0.6753967359377175,inf,3.532099573108607e-08,0.5341252030629551,0.06905410505047221,inf,0.3301458201086245,0.2166345428783477,0.3931971643997676
378,7.599709427253407,S,other,0.031049414207311766,9.55248453324353e-09,0.6757839857724527,inf,1.6021290030436683e-07,0.5342164513337427,0.06873692471426232,inf,0.3294257505707413,0.21731434352219295,0.3922051295364826
379,7.61516861108765,S,other,0.030879417862039713,9.0697796747795e-09,0.6761677860606102,inf,1.333306259516979e-07,0.5343175086839429,0.06842172518906892,inf,0.32870887458669185,0.21799354410243246,0.391233675862972
380,7.630572851964143,S,other,0.03071113913411006,9.38489555345071e-09,0.6765489565784962,inf,1.432128387675888e-07,0.5344072542856177,0.0681071966155134,inf,0.3280258626462663,0.21864197718793316,0.39027900794129167
381,7.645921589624792,S,other,0.030544564433703097,9.460400157573794e-09,0.6769279807625651,inf,1.4298761575976946e-07,0.5345066670854891,0.06779473161854982,inf,0.3273448326707677,0.21929085692402445,0.3893436301227851
382,7.661214338169936,S,other,0.03037967947311737,8.895322014569607e-09,0.6773039300996029,inf,1.5579928072131151e-07,0.5346052590265675,0.06748363203141314,inf,0.3266808397054426,0.21992546616542535,0.3884253559457195
383,7.676450681484417,S,other,0.030216469344389842,8.665380510328631e-09,0.6776764770875391,inf,2.5047563818371334e-08,0.5347030777530761,0.06717384978019238,inf,0.32603332617908704,0.2205464004016026,0.3875236002837805
384,7.691630268898302,S,other,0.030054918586817546,9.096517180769413e-09,0.6780477201399047,inf,1.6452272233577566e-07,0.5347897789840168,0.06686465275251108,inf,0.3254173872824394,0.2211396171782364,0.3866362298634101
385,7.706752811019186,S,other,0.02989501125328962,6.465922065957379e-09,0.6784150496207836,inf,1.2371916234577271e-08,0.534886031314591,0.06655755016732896,inf,0.32480129485511755,0.22173497136990963,0.38576589679735834
386,7.721818075690107,S,other,0.029736730973513193,5.275379274761474e-09,0.6787804404695126,inf,1.0699458869518495e-08,0.5349815035231934,0.06625175572845586,inf,0.3242002172149833,0.22231819664771402,0.38491054343391967
387,7.736825884064731,S,other,0.029580061011140954,9.705834666397091e-09,0.6791437368051714,inf,5.3886064354904586e-08,0.5350762159252813,0.0659472573163161,inf,0.32361373147644373,0.2228897361941279,0.3840697247841408
388,7.751776106826913,S,other,0.029424984317394536,4.375624890963342e-09,0.6795037705495934,inf,1.8017711877847205e-08,0.5351702195017647,0.06564401054690616,inf,0.3230414390205715,0.22345000494798398,0.38324302118012443
389,7.766668660597268,S,other,0.029271483586052596,8.835680300346828e-09,0.6798619678251445,inf,3.58303281675663e-08,0.5352634809649781,0.06534204641290504,inf,0.3224829584341186,0.22399939572128974,0.382430031232947
390,7.781503504559141,S,other,0.029119541294868163,8.27574094838534e-09,0.6802176305342497,inf,6.903989001272053e-08,0.5353560161693325,0.06504134733042115,inf,0.32193791897865337,0.22453828477844973,0.3816303653276223
391,7.796280637306548,S,other,0.028969139751821908,6.9297302450661835e-09,0.6805703399153933,inf,3.83059775384661e-08,0.5354579801981115,0.0647426110791478,inf,0.3213903307956647,0.2250806603161234,0.38084524096070765
392,7.811000093881807,S,other,0.028820261133913692,2.109816220888884e-09,0.6809204550877447,inf,3.679754312826582e-08,0.535549112682434,0.06444437760045542,inf,0.3208710775990793,0.2255994949614417,0.3800710814321643
393,7.825661942946601,S,other,0.028672887523222716,3.8929906793012635e-09,0.6812687610056452,inf,9.889421259691797e-09,0.5356395943901279,0.06414732202746201,inf,0.32036417905969816,0.2261088926298045,0.37930911003230616
394,7.840266284027782,S,other,0.028527000940085444,1.1729723729529576e-09,0.6816145590790675,inf,1.57238552396304e-08,0.5357394360691063,0.063852212609461,inf,0.3198536412150893,0.22662242465978955,0.37856056472391125
395,7.8548132448001615,S,other,0.028382583377487055,3.036234098959158e-09,0.6819581823374745,inf,1.3157757751164691e-08,0.5358286008976696,0.06355752401735722,inf,0.31937039136860823,0.22711381404074849,0.377821873574873
396,7.8693029784051545,S,other,0.02823961683083153,2.1533118222470454e-09,0.6822993132601363,inf,1.4143979858280033e-08,0.5359270968162769,0.06326475255104161,inf,0.31888280726391277,0.22760972380168973,0.37709590434383694
397,7.883735660843272,S,other,0.02809808332817348,1.4274585976057763e-09,0.682638282902603,inf,1.2928898362842504e-08,0.5360150222461537,0.06297234994686836,inf,0.31842186980752973,0.22808435114497036,0.376379103775562
398,7.898111488505831,S,other,0.027957964956373822,5.605402291929748e-09,0.6829750084241075,inf,1.779926255244955e-08,0.5361122568633638,0.06268182647450084,inf,0.3179559591181761,0.22856383058808685,0.3756743807436955
399,7.91243067591748,S,other,0.02781924388414699,2.2139977940958695e-09,0.6833095306394015,inf,1.9534201432035748e-08,0.5362088698839429,0.06239240514938548,inf,0.31750044339681693,0.22903544357815858,0.3749798261815068
400,7.926693453744038,S,other,0.02768190238400982,2.180144726995908e-09,0.6836418820025159,inf,1.2726161824381102e-08,0.5362950356073926,0.06210330874839641,inf,0.3170707463569445,0.2294869350459468,0.37429353990900976
401,7.940900067085469,S,other,0.027545922847310354,2.096280066689034e-09,0.6839721185224327,inf,1.5405431218042486e-08,0.5363904801444063,0.061816037944502786,inf,0.3166352416831256,0.22994367323071851,0.3736184937134755
402,7.955050774032829,S,other,0.027411287799019385,9.069561659215587e-09,0.6843007950749913,inf,8.802626772413253e-08,0.536485314433251,0.061529850686204576,inf,0.3162093706643503,0.23039326158017898,0.3729528172903633
403,7.9691458444332515,S,other,0.027277979907038227,9.30660690815881e-09,0.6846270850546154,inf,1.4164463482664425e-07,0.5365796181958574,0.06124467068781702,inf,0.3157929026880838,0.23083591755529165,0.37229626761985635
404,7.983185558788227,S,other,0.027145981992867142,3.24202983485833e-09,0.6849503213068817,inf,1.3603246583015319e-08,0.5366734596410845,0.060960432864523025,inf,0.3153856142154309,0.23127185108704934,0.3716486087851841
405,7.9971702072120445,S,other,0.02701527704202153,4.5853220074120274e-09,0.6852725227843282,inf,4.064784247581442e-08,0.5367667061247436,0.060677257006691,inf,0.3149872867396351,0.23170126611739678,0.37100960998797916
406,8.011100088396894,S,other,0.02688584820721969,1.7659873649941685e-09,0.6855922960809034,inf,1.0505440702174228e-08,0.5368594882757384,0.06039502056903214,inf,0.31459770563972406,0.23212436157310712,0.37037904441873726
407,8.024975508561637,S,other,0.026757678820366955,3.353882953331165e-09,0.6859103917931945,inf,1.771906651420634e-08,0.5369517559803495,0.06011376633457688,inf,0.31421665997613263,0.2325413317288541,0.36975668902567116
408,8.03879678039294,S,other,0.026630752397724177,1.4381486210858763e-09,0.6862263954669313,inf,8.486173101038618e-09,0.5370435813639137,0.05983342251139492,inf,0.3138439431063172,0.23295236601614439,0.36914232506637973
409,8.052564222011437,S,other,0.026505052648304803,3.305898045096981e-09,0.686540646326277,inf,2.4040269383654632e-08,0.5371349349560609,0.05955402007417486,inf,0.3134793538716353,0.2333576484179599,0.36853573920724997
410,8.06627815600608,S,other,0.026380563479235643,9.729574105806285e-09,0.68685365577077,inf,2.007531676972721e-07,0.5372353997191227,0.05927631371241698,inf,0.31310685105285835,0.23376875734136787,0.3679383638526407
411,8.079938908576121,S,other,0.026257268999771505,1.2290246732841168e-09,0.6871633823023585,inf,2.275909374849996e-08,0.5373259362801424,0.058998621329445645,inf,0.31275792209028497,0.23416295645794138,0.36734672437609306
412,8.093546808805073,S,other,0.026135153527597776,7.663940505440656e-09,0.6874717367626941,inf,1.4055007631623897e-07,0.537416016322515,0.05872185444195618,inf,0.3124165629505004,0.2345519157199993,0.3667622683161698
413,8.107102188070497,S,other,0.026014201587055405,2.546489821417773e-09,0.6877789206509872,inf,4.860482621453076e-08,0.5375152206359578,0.05844668974163296,inf,0.3120666965850135,0.23494688313135426,0.3661864599673551
414,8.120605379574279,S,other,0.025894397913132524,2.66225211864123e-09,0.6880841849435467,inf,1.734444887374497e-08,0.5376045507802173,0.05817157047409035,inf,0.31173996255522496,0.23532571612254594,0.3656158415080894
415,8.134056717964741,S,other,0.02577572744960882,1.1605062938727616e-09,0.6883877219860751,inf,3.631314862892691e-08,0.5377029221201535,0.05789808649742659,inf,0.31140436827575446,0.23571064565823058,0.3650535411704796
416,8.14745653901764,S,other,0.025658175349587618,9.193978290558624e-09,0.6886892798688,inf,1.0483359688366624e-07,0.5378009593569949,0.057625324678891726,inf,0.3110756804138834,0.23609071375633264,0.3644977597239187
417,8.160805179346815,S,other,0.02554172697205713,7.430914848355248e-09,0.6889895452276426,inf,1.4687230637692778e-08,0.5378892628744374,0.0573525500441184,inf,0.3107697669491078,0.23645534479285804,0.36394669725302814
418,8.174102976124704,S,other,0.02542636788618552,8.424298410208427e-09,0.6892878895711795,inf,6.816767620779087e-08,0.53798660650102,0.057081314110375224,inf,0.3104545110927853,0.2368261678204589,0.36340351069620447
419,8.187350266804296,S,other,0.025312083863423117,9.020401345662646e-09,0.6895847527765413,inf,1.9797397079886178e-08,0.5380835793785939,0.05681087391229444,inf,0.31014576490235024,0.23719250476153372,0.36286641024058325
420,8.200547388843756,S,other,0.025198860882496756,2.0355256866550983e-09,0.6898800313477127,inf,1.2359323715419149e-08,0.5381709944065177,0.05654028704660564,inf,0.3098594903320722,0.23754405354036923,0.36233360224836764
421,8.213694679440888,S,other,0.02508668512475272,7.1992404665714835e-09,0.6901735927964356,inf,5.547041837399374e-08,0.5382674349768382,0.056271180273270494,inf,0.3095634190582278,0.23790186199969557,0.3618082629225868
422,8.226792475286025,S,other,0.024975542972956007,6.137236936423315e-09,0.6904658241629785,inf,4.6152632163049155e-08,0.538363557603756,0.056002799212471664,inf,0.30927349087412087,0.2382555304828723,0.3612886054267718
423,8.239841112339889,S,other,0.024865421011051863,4.620208048659939e-09,0.6907565556221031,inf,8.075603835250634e-09,0.538459413066823,0.05573508573975099,inf,0.3089895893357891,0.23860516879903126,0.36077450064612304
424,8.252840925638935,S,other,0.02475630602273007,8.371713118479764e-09,0.6910455849727739,inf,9.19043405219895e-08,0.5385550876747671,0.05546792352689792,inf,0.30871160191746394,0.23895088330406974,0.3602658231104484
425,8.265792249127067,S,other,0.024648184986184346,6.644110147196243e-09,0.6913333677012395,inf,4.694148918039492e-08,0.5386504588677743,0.05520147894223523,inf,0.3084394206788732,0.23929277646295352,0.3597624516239846
426,8.27869541551008,S,other,0.024541045077076665,9.19724669341371e-09,0.6916195102266472,inf,1.388849689571844e-07,0.5387456783450271,0.05493555517211808,inf,0.3081729428033854,0.2396309465037526,0.3592642697705121
427,8.29155075612887,S,other,0.02443487365974889,4.849903816406029e-09,0.6919046969878201,inf,1.0059285482147364e-08,0.5388406127135854,0.05467034115286418,inf,0.3079120708926487,0.23996548724633415,0.3587711661818944
428,8.304358600848449,S,other,0.024329658292995417,8.585010580343018e-09,0.6921880690495916,inf,6.911856303302517e-08,0.5389444979262541,0.054406435239695634,inf,0.307640365431663,0.2403061956924301,0.3582847035325629
429,8.317119277961554,S2,other,0.024381001479728343,9.108546085693738e-09,0.7416241477484067,inf,0.054144534447347265,0.5898870488981931,1.530613807466165e-08,inf,0.3073903969139299,0.24063365578796575,0.35780144372572376
430,8.329833114106963,S,other,0.02412204686685325,8.548467253887108e-09,0.6927512907211524,inf,2.3914216474573195e-08,0.5391336095204337,0.05387860587769446,inf,0.3071457720058975,0.24095774360262404,0.3573229567867201
431,8.342500434202758,S2,other,0.02416044116393706,8.060163493120584e-09,0.7415863195869086,inf,0.0536059067858412,0.5895787500231816,3.6763407212891657e-08,inf,0.3069064123630774,0.24127853755329853,0.3568491488356711
432,8.355121561393826,S2,other,0.024051685286252015,2.48265266802666e-09,0.741568042128484,inf,0.05335598003749537,0.5894354973887057,1.1717967784254226e-08,inf,0.306655740191291,0.24160548541079024,0.3563816039191543
433,8.36769681701103,S2,other,0.023943928164121206,2.831955213883885e-09,0.74154974715938,inf,0.05308565985876169,0.5892824243471751,1.0050320566955245e-08,inf,0.30642664589287605,0.24191983255132476,0.3559168848126784
434,8.380226520537592,S2,other,0.023837156974144257,1.7673926032462672e-09,0.7415316185319613,inf,0.0528349392707245,0.5891399421479246,4.176009555517645e-09,inf,0.3061860118671298,0.24224031787476077,0.3554582561763661
435,8.392710989577203,S2,other,0.023731359090580127,3.8988600263256615e-09,0.7415137240865433,inf,0.05256374067585399,0.5889877241922502,7.666844594748171e-09,inf,0.3059668972674808,0.24254850679322246,0.35500227859469646
436,8.405150539818564,S2,other,0.023626522081498076,2.54512231915363e-09,0.7414959770563422,inf,0.05231217479954099,0.5888460288824344,1.0944057522585166e-08,inf,0.3057360191173722,0.2428628132035497,0.35455222586506785
437,8.417545484992797,S2,other,0.02352263370588438,8.184747717261219e-09,0.7414785555544167,inf,0.052040018063304314,0.5886946530710584,7.853090658096524e-09,inf,0.3055266155331732,0.24316511847599884,0.35410465629941135
438,8.429896136822755,S2,other,0.023419681910625694,7.884824337101064e-10,0.7414611553176307,inf,0.0517875340499817,0.5885537386248032,4.342328204938493e-09,inf,0.30530522819516087,0.2434735155329211,0.3536628532463414
439,8.442202804966307,S2,other,0.023317654828158535,1.3461691056129875e-09,0.7414440177436585,inf,0.05153458882795383,0.5884132058072253,5.121781296863972e-09,inf,0.3050884695462815,0.2437790167480914,0.353225058579983
440,8.454465796957948,S2,other,0.023216540773305802,8.112334830682399e-10,0.7414270756735413,inf,0.05128115925073388,0.5882730459697006,1.6369412706716076e-09,inf,0.30487627999715117,0.24408168387372145,0.3527911974442525
441,8.466685418154404,S2,other,0.02311632824081879,3.947800163545269e-09,0.7414103278367457,inf,0.05100690259972134,0.5881233293766734,3.1750840977820225e-09,inf,0.3046855180929039,0.24437290477710408,0.3523595099489293
442,8.478861971689405,S2,other,0.023017005902610563,7.739973639240534e-10,0.7413937232354844,inf,0.050752410308435754,0.5879839521223463,1.326542146753402e-09,inf,0.304482351734806,0.24467015320820226,0.35193330036603576
443,8.49099575844121,S2,other,0.02291856260504592,3.5194075851458078e-09,0.7413772407038529,inf,0.05049737708778731,0.587844946529853,1.9749191402803367e-08,inf,0.30428359557362133,0.24496473873767866,0.35151081523520683
444,8.503087077013785,S2,other,0.02282098736592894,2.2232701381581202e-10,0.7413611091187411,inf,0.050241790955226795,0.5877063236885125,6.150603204292829e-10,inf,0.3040892020808781,0.24525671431735277,0.3510919897134629
445,8.515136223729886,S2,other,0.022724269371918158,2.8670748575628726e-09,0.7413451970751711,inf,0.04998562555055916,0.5875680735111259,3.787671497658752e-08,inf,0.3038991263465087,0.24554613105998632,0.3506767610210589
446,8.527143492632144,S2,other,0.02262839797656301,8.650085479213567e-09,0.7413287841684624,inf,0.04972884754584437,0.5874301803133722,3.634193259740996e-08,inf,0.30371332582419586,0.2458330384662234,0.35026506816756964
447,8.53910917548712,S2,other,0.02253336269231958,8.734482749893024e-09,0.741313170859737,inf,0.04947146321760587,0.5872926779613551,3.8865659813033123e-08,inf,0.30353176009232635,0.24611748464445438,0.3498568516915902
448,8.55103356178764,S2,other,0.02243915319644664,6.407270113754658e-09,0.7412979072577981,inf,0.04921344357342812,0.58715555558564,1.4557441191819057e-08,inf,0.30335439066218167,0.24639951649841377,0.3494520534441617
449,8.562916938749897,S2,other,0.022345759322140883,8.824208392724522e-09,0.7412823925540655,inf,0.04895475105083022,0.5870187972886923,3.9650903000179996e-08,inf,0.3031811808542033,0.24667917986471738,0.34905061643573354
450,8.574759591303817,S2,other,0.022253171057727568,8.373154655339201e-09,0.7412672849286087,inf,0.04869537851953081,0.5868824249936044,4.8355488365110636e-08,inf,0.30301209575063653,0.24695651959232312,0.3486524847545097
451,8.586561802077373,S2,other,0.022161378541601686,6.706040721164269e-09,0.7412523644862924,inf,0.048435283136421314,0.5867464010875586,2.241627146891494e-08,inf,0.3028471022206422,0.24723157956584674,0.34825760355239005
452,8.598323851377083,S2,other,0.022070372065589018,6.0648239705475496e-09,0.7412377580721153,inf,0.04819537972834406,0.5866203762665115,1.3394139909751868e-08,inf,0.30266859737613505,0.24751229174144251,0.3478676209649951
453,8.610046017167903,S2,other,0.021980142067552146,7.418300364714466e-09,0.7412229411460223,inf,0.04793385214369911,0.58648507389277,4.4623082090449356e-08,inf,0.302511624466089,0.2477828512630769,0.34747908193611116
454,8.621728575055831,S2,other,0.021890679130283416,7.53924160982351e-09,0.741208588966531,inf,0.04767154492239423,0.5863501473182838,2.0927202317279786e-08,inf,0.30235865333553696,0.2480512569520884,0.34709363576781005
455,8.633371798275679,S2,other,0.0218019739801751,7.78681283186741e-09,0.7411943810051268,inf,0.047429540087658824,0.5862251211313597,1.4435607048831312e-08,inf,0.302191875035806,0.24832523859564706,0.3467129380138502
456,8.64497595768539,S2,other,0.021714017484078366,8.776756715047373e-09,0.7411800008786094,inf,0.047165641519537636,0.586090900916877,4.005653241327094e-08,inf,0.3020467577611582,0.24858938684018134,0.34633353030670483
457,8.656541321766902,S2,other,0.021626800646779173,8.184601325095285e-09,0.7411662743336154,inf,0.04690088138962535,0.585957055980961,1.43463424526878e-08,inf,0.3019055721018103,0.24885149694450875,0.34595706970454326
458,8.66806815663246,S2,other,0.02154031460951536,8.493929672391418e-09,0.7411523609425027,inf,0.04665654981877358,0.5858330202374968,2.3425364390755684e-08,inf,0.30175028446980473,0.24911909976213745,0.34558521947958265
459,8.67955672603467,S2,other,0.02145455064675157,8.262093393395252e-09,0.7411387998405956,inf,0.046390034619798015,0.585699882239946,1.4898790355073347e-08,inf,0.3016168264963068,0.2493771746373257,0.34521451803324643
460,8.691007291378416,S2,other,0.021369500164347317,8.226714797739241e-09,0.7411253209222,inf,0.04614404649194802,0.5855765021546488,1.3252596121924094e-08,inf,0.30146907138107376,0.24964068521747854,0.34484834126634645
461,8.702420111733048,S2,other,0.02128515469729821,8.294385927211339e-09,0.7411117037418521,inf,0.0458972168300853,0.5854534254902118,3.521295749633389e-08,inf,0.301325016425428,0.2499021711097027,0.34448493763367233
462,8.713795443843882,S2,other,0.021201505907357716,9.088998519374005e-09,0.7410983587214613,inf,0.04562787814581197,0.5853213226284132,5.6616616836495924e-08,inf,0.30120299090143404,0.25015441731417803,0.34412255199702774
463,8.725133542142608,S2,other,0.021118545580687396,8.375434665215135e-09,0.7410855161843305,inf,0.04537922926741578,0.585198908943728,4.814375787289217e-08,inf,0.3010663751739277,0.25041201310255357,0.3437645698270219
464,8.736434658756883,S2,other,0.021036265626460895,7.430338425734831e-09,0.741072946102573,inf,0.04512966535342956,0.5850768149328396,1.2812733186338023e-08,inf,0.3009334178812853,0.250667682538019,0.3434092385995526
465,8.747699043519557,S2,other,0.020954658074191793,7.232102447697465e-09,0.741060235310156,inf,0.04485722479625359,0.5849457619336111,1.2501491575493592e-08,inf,0.3008227304366956,0.25091439117802083,0.3430548020165624
466,8.758926943978242,S2,other,0.02087371507177762,7.401455407635029e-09,0.7410473954767615,inf,0.04460561738059309,0.5848242981202292,3.5346730080173e-08,inf,0.30069715372151623,0.2511663605723047,0.3427046544157571
467,8.770118605405724,S2,other,0.020793428883673352,8.013275616764521e-09,0.7410349413151875,inf,0.04435299222553107,0.5847031472150327,5.703467289518676e-08,inf,0.30057521079308214,0.2514164964578907,0.3423570419539219
468,8.781274270811556,S2,other,0.020713791888683927,7.624052202122303e-09,0.7410227571270128,inf,0.044099325833116265,0.5845823200678373,5.780979297550264e-08,inf,0.3004568965873852,0.2516648286694754,0.3420119274623448
469,8.79239418095499,S2,other,0.02063479657819283,6.4682092852921415e-09,0.7410107234517909,inf,0.04384455430246623,0.5844617837875351,2.999268944457814e-08,inf,0.30034220825057456,0.2519113863902193,0.34166927455340435
470,8.803478574359147,S2,other,0.020556435554549758,5.915553191054312e-09,0.7409990349437481,inf,0.04358866236160952,0.584341566311147,9.245777447261809e-09,inf,0.3002311452671314,0.25215619813002177,0.34132904765591665
471,8.8145276873264,S2,other,0.02047870152856336,5.721731557540294e-09,0.7409870978578016,inf,0.04330907091028052,0.5842125530822948,2.0717784992497182e-08,inf,0.3001429593475834,0.2523925763663006,0.34098948850309857
472,8.825541753954806,S2,other,0.020401587318050456,6.079518244884915e-09,0.7409752234995957,inf,0.04305068438275024,0.5840929783134778,4.972918431806249e-08,inf,0.3000392704637568,0.2526340354216412,0.34065400920438554
473,8.83652100615557,S2,other,0.02032508584575568,6.032706545299018e-09,0.7409636753936741,inf,0.04279103748458675,0.583973704252873,4.69244717771932e-08,inf,0.2999392243622878,0.25287382966512745,0.34032085419139985
474,8.847465673671524,S2,other,0.020249190137862583,5.544750949836589e-09,0.7409523586255756,inf,0.042552962983596024,0.5838637598794854,4.649746040153618e-08,inf,0.29982322470891165,0.2531185317517394,0.33999171781784593
475,8.858375984096636,S2,other,0.020173893322349163,7.875748699129397e-09,0.7409411684908264,inf,0.04229078850258196,0.5837450782318955,5.17882903712404e-08,inf,0.2997303702390858,0.2533550177706585,0.33966311615990735
476,8.869252162896426,S2,other,0.0200991886254994,6.574376956402518e-09,0.7409303391967358,inf,0.04202723169791523,0.5836267101636089,2.6086729874940463e-08,inf,0.2996411929974288,0.25358991514475193,0.33933674389194063
477,8.880094433429212,S2,other,0.02002506937389086,4.182679985093522e-09,0.7409193791617106,inf,0.04176221519424451,0.5835086413069176,1.9182708385187836e-08,inf,0.2995557116454238,0.2538232481138233,0.33901257065465323
478,8.890903016967794,S2,other,0.01995152898883447,5.513408351907457e-09,0.7409086575996849,inf,0.04149569662291972,0.5833908785312855,1.6950228268232156e-08,inf,0.29947394800211863,0.2540550404574476,0.33869056664121344
479,8.901678132721331,S2,other,0.01987856098680854,3.5803564471998703e-09,0.7408979662800013,inf,0.04122761471662828,0.5832734197970111,1.8770143866095233e-08,inf,0.29939592721080405,0.254285315522144,0.338370702565246
480,8.912419997856993,S2,other,0.019806158977621276,8.598485889207294e-09,0.7408876053537854,inf,0.04098160335335465,0.5831651417656922,1.2655881762970647e-08,inf,0.2993012522778885,0.25452031886367094,0.33805468239189074
481,8.923128827521074,S2,other,0.01973431666118723,4.062037088609733e-09,0.7408770496231385,inf,0.04071036752361677,0.5830482691371186,4.211314911101559e-08,inf,0.29923065017639144,0.25474757377869206,0.3377390133678189
482,8.933804834859437,S2,other,0.01966302782931699,7.330488751226611e-09,0.7408668504077301,inf,0.040437384587820896,0.582931701326794,3.487598119978673e-08,inf,0.29916388245000686,0.254973379234951,0.33742539943486843
483,8.944448231037295,S2,other,0.019592286360948123,6.755222153897515e-09,0.7408567325502835,inf,0.040186736414086446,0.582824227904702,3.5263836423175594e-08,inf,0.299080090678566,0.25520382368536054,0.33711554900893786
484,8.955059225258477,S2,other,0.019522086222155736,4.829448086842975e-09,0.74084670887492,inf,0.03991020719240783,0.5827082402756996,3.516539390463874e-08,inf,0.29902094231536386,0.2554267416458409,0.3368059650295287
485,8.965638024784518,S2,other,0.019452421464886523,9.339521315359837e-09,0.740836961242664,inf,0.0396317128429293,0.5825925661497612,3.808156814131868e-08,inf,0.29896575685816024,0.25564827415497904,0.33649835596201144
486,8.976184834953903,S2,other,0.019383286223273358,2.8154250391920124e-09,0.7408272261517473,inf,0.03937583986848885,0.5824858897423201,2.9399926777781497e-08,inf,0.29889315987729453,0.2558743547549962,0.33619443473934224
487,8.986699859201767,S2,other,0.0193146747167262,2.1926684215573346e-09,0.7408178691229873,inf,0.039093337130681007,0.5823707901259314,5.3501307090046636e-09,inf,0.2988458737754351,0.2560931245934132,0.3358907001055276
488,8.997183299080277,S2,other,0.01924658124403883,7.923386695079066e-09,0.7408084033163147,inf,0.03883367091015944,0.5822646530552664,2.986769375134463e-08,inf,0.298780910898341,0.25631638275731794,0.3355906054986955
489,9.007635354279682,S2,other,0.019179000184318076,6.936937452979388e-09,0.7407991549406714,inf,0.038546804283219244,0.5821501300493351,1.6547802181095806e-08,inf,0.2987417588906118,0.25653246893579895,0.3352906469364159
490,9.018056222649976,S2,other,0.019111925994548275,9.06670991461469e-09,0.7407897741833682,inf,0.038282988146950775,0.582044513081469,3.905973629000015e-08,inf,0.29868465635297664,0.2567529829441754,0.3349942825929897
491,9.028446100222853,S2,other,0.019045353209719233,2.092834862748156e-09,0.7407806266154721,inf,0.03801708433008253,0.5819391724117208,2.6610661540070596e-08,inf,0.2986314779083713,0.2569721300663542,0.3346997488682949
492,9.038805181233663,S2,other,0.018979276440103547,5.227015350850116e-09,0.7407718701112299,inf,0.03772302451925411,0.581825496528528,1.8073956190099968e-08,inf,0.2986049568794888,0.257184306220412,0.3344052790097629
493,9.049133658143042,S2,other,0.01891369037059447,7.170783992768378e-09,0.7407629837245177,inf,0.03745237554918391,0.5817206743332102,3.572937443045847e-08,inf,0.2985600639318587,0.2574008210745662,0.3341143379363502
494,9.059431721657944,S2,other,0.018848589760155465,9.154703211718553e-09,0.7407548652483903,inf,0.03717931209975127,0.5816161128192923,5.579593321220044e-08,inf,0.29851932529527614,0.2576160237474715,0.33382516055446554
495,9.069699560751943,S2,other,0.018783969436670888,8.038728827866024e-09,0.7407456183922633,inf,0.03687696118570101,0.5815032615912017,3.9176769494665444e-08,inf,0.2985062508238639,0.2578244514018774,0.33353597859121586
496,9.079937362684786,S2,other,0.01871982430315402,2.8356028340374235e-09,0.7407375168961279,inf,0.03659841808312122,0.5813992162193133,5.851914870113006e-09,inf,0.29847436407646327,0.2580371276737733,0.33325026351055753
497,9.090145313021292,S2,other,0.01865614933019232,3.962508818950664e-09,0.740728963979534,inf,0.03631704162676354,0.5812954067656547,3.0634720397759174e-08,inf,0.2984469395256294,0.2582485436210525,0.33296624862678675
498,9.100323595649762,S2,other,0.018592939556817796,5.1180003611318485e-09,0.7407209206204461,inf,0.036032715252184794,0.5811918626879002,1.9635358655595777e-08,inf,0.29842409675467946,0.25845871598824316,0.33268391350617793
499,9.110472392800153,S2,other,0.01853019009057234,9.274816620404936e-09,0.7407132938070504,inf,0.0357452742203496,0.5810885830615492,5.402489783495973e-08,inf,0.29840596757943655,0.2586676612143825,0.33240323808030076
500,9.120591885062137,S2,other,0.01846789610233763,6.0192066835364155e-09,0.7407048345964692,inf,0.03542622332346742,0.5809771247819543,2.9927229071342347e-08,inf,0.2984176358998081,0.25887014438901534,0.33212245154461834
501,9.13068225140324,S2,other,0.018406052831989546,3.5164406346542153e-09,0.7406969334324985,inf,0.03513160906541412,0.5808743372025305,3.096106400994931e-08,inf,0.2984097351152306,0.2590767277081463,0.3318450359273077
502,9.140743669187081,S2,other,0.01834465558182889,3.0796147366094312e-09,0.7406894255324318,inf,0.034833277317392525,0.5807718043502031,9.102199119172915e-09,inf,0.29840705339201096,0.2592821311765823,0.3315692219932105
503,9.150776314191733,S2,other,0.018283699717164606,6.1741082347777006e-09,0.7406817986512189,inf,0.034530989181762874,0.580669518665216,1.6555521015067663e-08,inf,0.29840979077470703,0.25948637002246594,0.3312949911251429
504,9.160780360628074,S2,other,0.01822318066553727,3.1901563220914797e-09,0.7406743835644695,inf,0.03422449186013548,0.5805674810666461,6.4728073084860245e-09,inf,0.29841817006827326,0.2596894591843029,0.33102232505427776
505,9.17075598115808,S2,other,0.01816309391623902,8.920656649025563e-09,0.7406673509559529,inf,0.033913517651863054,0.5804657126140483,5.449402228910196e-08,inf,0.29843244018098924,0.2598914133210584,0.33075120584888296
506,9.180703346912917,S2,other,0.018103435016224603,5.836154730425996e-09,0.7406595630771369,inf,0.03359770605366155,0.5803641516099914,2.7990919679113625e-08,inf,0.2984528801398654,0.26009224682331733,0.3304816159012309
507,9.190622627510713,S2,other,0.018044199574611338,4.0818684271760785e-09,0.7406523902162108,inf,0.03327674637036142,0.580262845698405,2.896739181404253e-08,inf,0.29847980395300544,0.2602919738249779,0.3302135379137039
508,9.20051399107401,S2,other,0.0179853832574952,8.710669192182897e-09,0.7406454942662538,inf,0.03295024458300638,0.5801617999801947,2.6263573941109623e-08,inf,0.29851356654880323,0.260490608214231,0.32994695488519027
509,9.210377604246819,S2,other,0.017926981787784173,8.672994482321442e-09,0.7406389172339998,inf,0.03265029504696003,0.5800691934025173,4.9256642332201604e-08,inf,0.29852551857376175,0.2606930229559067,0.3296836086801356
510,9.220213632211319,S2,other,0.017868990944043817,7.48498743659239e-09,0.740631709202975,inf,0.0323119562401617,0.5799685998616273,2.58118081197813e-08,inf,0.2985735789518356,0.2608894702459364,0.3294199665135258
511,9.230022238704214,S2,other,0.017811406561918142,4.597589691177514e-09,0.7406248486020982,inf,0.03196660211446504,0.5798682526915738,2.9146667815527268e-08,inf,0.29862981311422915,0.26108486538165127,0.3291577699668751
512,9.239803586032831,S2,other,0.01775422453075117,5.4420359571731844e-09,0.7406185291453979,inf,0.031613585219049195,0.5797681622208297,1.2444517738174908e-08,inf,0.29869482484398724,0.26127922134685794,0.3288970031237005
513,9.249557835090968,S2,other,0.01769744079340173,3.584787459609448e-09,0.740612074860702,inf,0.0312521297991353,0.579668316567345,1.0004524342538284e-08,inf,0.2987693182259443,0.261472550911017,0.3286376503246345
514,9.259285145374534,S2,other,0.017641051345930206,7.002015170611324e-09,0.7406057450304376,inf,0.03091787706791964,0.5795767985471645,3.7539373987869194e-08,inf,0.2988212518260043,0.26166951951935313,0.3283814587010949
515,9.26898567499703,S2,other,0.017585052235449213,7.935755256331993e-09,0.7405997912860286,inf,0.03053779998796766,0.57947742667884,5.2576857803406766e-08,inf,0.298916309841465,0.2618607920053357,0.32812488884189794
516,9.278659580704854,S2,other,0.01752943956044689,7.2867705885711175e-09,0.7405930533857442,inf,0.030146168068219643,0.5793782611358183,2.702381103176662e-08,inf,0.2990237185410336,0.2620510753034957,0.32786968757146323
517,9.288307017892436,S2,other,0.017474209471275294,5.925300482005083e-09,0.7405870225387486,inf,0.029781617414152948,0.5792873807346376,2.3097444574880852e-08,inf,0.29910862249481057,0.26224491431459285,0.32761760507551296
518,9.297928140617227,S2,other,0.017419358165797757,4.387553171686649e-09,0.740581235427373,inf,0.029363632224354258,0.5791887018474539,1.2749814757761023e-08,inf,0.2992438155138725,0.26243321358585886,0.32736509808783626
519,9.307523101614535,S2,other,0.01736488189203968,6.080669909218681e-09,0.7405753080833821,inf,0.0289286251260159,0.5790902720668253,2.437628954559581e-08,inf,0.29939650466288914,0.2626205590229378,0.3271139164745523
520,9.317092052312166,S2,other,0.01731077694495662,7.67344461631612e-09,0.7405695197515278,inf,0.028519107273578734,0.5790000178135122,2.3589150338404603e-08,inf,0.2995280836932813,0.262811376456517,0.32686581342582643
521,9.326635142844959,S2,other,0.017257039667685305,4.037388153422841e-09,0.7405640113445829,inf,0.02804276231936013,0.5789020485674599,1.045936699534143e-08,inf,0.29972259182730276,0.26299680728599756,0.32661724180870283
522,9.33615252206913,S2,other,0.0172036664496724,5.894971378686353e-09,0.7405584209965587,inf,0.027588649713357352,0.5788122213828262,1.3504721089110097e-08,inf,0.29989901163666055,0.2631856557609585,0.32637172304677475
523,9.345644337576488,S2,other,0.017150653725056177,3.1147302688074763e-09,0.7405528744700486,inf,0.02705133650631616,0.5787147047482208,2.0326064252958065e-08,inf,0.30015379036666384,0.2633692164860768,0.32612570749395026
524,9.355110735708454,S2,other,0.017097997975055394,2.8016815324605883e-09,0.7405477129619711,inf,0.02652754354538459,0.578625301884644,5.118354951583083e-09,inf,0.30039865251666503,0.26355614039880493,0.3258827199287179
525,9.364551861569954,S2,other,0.01704569572382482,2.677140208617194e-09,0.7405424456860883,inf,0.02588698415127625,0.578528246399736,6.1754696982340594e-09,inf,0.3007535226058126,0.26373787412656063,0.32563920817683106
526,9.373967859043065,S2,other,0.01699374353973604,4.001810062816972e-09,0.7405370719384141,inf,0.02523054103446828,0.5784392510531736,1.9875884856480956e-08,inf,0.301126122946908,0.2639229165124391,0.3253987003324645
527,9.383358870800507,S2,other,0.016942138034039888,7.924647196361361e-09,0.7405321567066019,inf,0.0244484289015393,0.5783504576012273,1.9905888541064914e-08,inf,0.3016185047846338,0.2641070162816798,0.3251594138574741
528,9.392725038318888,S2,other,0.016890875860477036,2.966195913366234e-09,0.7405272521315849,inf,0.023228624709177498,0.5782540789785149,1.0264703013105713e-08,inf,0.3025233651666819,0.26428606764419077,0.32491956361492547
529,9.402066501891763,S2,other,0.01683995371459425,8.718691502422118e-09,0.7405222533618119,inf,inf,0.5781656921588791,2.248368652344085e-08,inf,inf,0.26446834817963777,0.3246826824935881
530,9.411383400642457,S2,other,0.016789368333894425,9.880655629367574e-09,0.740519220703042,inf,inf,0.578077569996112,1.7757313884392282e-07,inf,inf,0.26464971675290805,0.3244469863827369
531,9.420675872536705,S2,other,0.01673911649252088,3.0008553348898803e-09,0.7405130142597441,inf,inf,0.5779818074132785,3.133399825460993e-09,inf,inf,0.26482617605216546,0.32421068858479285
532,9.429944054395131,S2,other,0.016689195010343237,2.910098578875305e-09,0.7405083878092641,inf,inf,0.5778940352643538,8.420855295854702e-09,inf,inf,0.2650057849333111,0.323977326732431
533,9.439188081905561,S2,other,0.016639600742640565,3.5085374035965796e-09,0.740503835091479,inf,inf,0.5778064602414682,1.3929939241076472e-08,inf,inf,0.26518451115410874,0.3237451151363533
534,9.448408089635222,S2,other,0.016590330584264117,3.199054751668387e-09,0.7404994826394928,inf,inf,0.5777190800522545,9.848570333913718e-09,inf,inf,0.2653623642329529,0.32351404255635186
535,9.457604211042815,S2,other,0.016541381468245717,3.2201386893203563e-09,0.7404952118122138,inf,inf,0.5776242557553001,7.531948108487493e-09,inf,inf,0.26553548809896416,0.3232823202420168
536,9.4667765784905,S2,other,0.01649275036514135,8.33554791930035e-09,0.7404909707685001,inf,inf,0.5775372866916346,1.9439375635767872e-08,inf,inf,0.2657116568746567,0.3230534919869339
537,9.475925323255758,S2,other,0.016444434282329924,5.742478791063293e-09,0.7404868612460556,inf,inf,0.5774505111429028,1.2389097902410804e-08,inf,inf,0.26588698010052664,0.3228257700160628
538,9.485050575543163,S2,other,0.016396430264082752,8.122156659999425e-09,0.7404833241982138,inf,inf,0.5773639528459544,6.190378139940965e-08,inf,inf,0.26606146674739367,0.3225991437341797
539,9.494152464495993,S2,other,0.016348735389834446,6.770238088803571e-09,0.7404795998130465,inf,inf,0.577277577662629,8.335930339794762e-08,inf,inf,0.26623512565753926,0.32237360269721
540,9.503231118207724,S2,other,0.01630134677476269,6.650026928723208e-09,0.7404757540328987,inf,inf,0.5771913853831456,8.133724903003137e-08,inf,inf,0.2664079655479722,0.3221491366083755
541,9.512286663733331,S2,other,0.016254261568711185,5.384692814328361e-09,0.7404712528047258,inf,inf,0.5771053573239364,1.0981939287836767e-08,inf,inf,0.26657999501350443,0.321925735314638
542,9.521319227100458,S2,other,0.016207476956606393,5.8891126754169244e-09,0.7404681044459002,inf,inf,0.5770195779788512,6.178484950161015e-08,inf,inf,0.2667512225295311,0.32170338880349836
543,9.530328933320376,S2,other,0.016160990156071295,6.565064590260286e-09,0.7404647921849463,inf,inf,0.5769339709468962,9.165558596849821e-08,inf,inf,0.2669216564543258,0.3214820872001663
544,9.539315906398803,S2,other,0.016114798418273436,3.293256478889861e-09,0.7404604890673993,inf,inf,0.5768485236567072,4.470058942279899e-09,inf,inf,0.26709130503124934,0.3212618207650763
545,9.548280269346545,S2,other,0.016068899027959636,3.2498286026350617e-09,0.7404570531582446,inf,inf,0.5767632977475837,6.54217851700432e-09,inf,inf,0.2672601763903424,0.32104257989169455
546,9.557222144189994,S2,other,0.016023289301497053,3.139432604317299e-09,0.7404537112255732,inf,inf,0.5766782641400461,5.876897851164314e-09,inf,inf,0.2674282785500022,0.3208243551045364
547,9.566141651981493,S2,other,0.015977966587331166,2.9936321049409173e-09,0.7404504492222101,inf,inf,0.5765934230308075,5.93841971636167e-09,inf,inf,0.2675956194184316,0.32060713705730853
548,9.575038912809578,S2,other,0.015932928265494542,8.157710704039632e-09,0.7404480350806224,inf,inf,0.576508804675242,8.273154591304003e-08,inf,inf,0.2677622067950989,0.3203909165310852
549,9.583914045809122,S2,other,0.015888171746344715,2.9044389251695505e-09,0.7404442174949344,inf,inf,0.5764243150490689,2.649892825810358e-09,inf,inf,0.2679280483722242,0.3201756844324425
550,9.592767169171337,S2,other,0.01584369447177502,5.3111982283749816e-09,0.7404418849452048,inf,inf,0.5763400743216895,7.290679441261364e-08,inf,inf,0.2680931517365643,0.3199614317914945
551,9.601598400153717,S2,other,0.015799493912706894,2.886493351645321e-09,0.7404382512964749,inf,inf,0.5762559713673452,4.91390524689161e-09,inf,inf,0.2682575243710763,0.3197481497597966
552,9.610407855089825,S2,other,0.015755567570577243,4.479472735646367e-09,0.7404357809050072,inf,inf,0.5761794113915263,4.1633632370561545e-08,inf,inf,0.2684244775601276,0.31953761816429066
553,9.619195649399007,S2,other,0.015711912975454146,8.540519936421478e-09,0.740433159349122,inf,inf,0.5760957006000345,5.558015879417063e-08,inf,inf,0.2685873787851655,0.31932625190700525
554,9.627961897595956,S2,other,0.015668527686331417,3.1102222925909424e-09,0.7404299653300971,inf,inf,0.5760121606088402,6.8018322000807665e-09,inf,inf,0.2687495712372062,0.31911583041792313
555,9.636706713300164,S2,other,0.015625409290865536,4.4938640650668145e-09,0.740427770086995,inf,inf,0.5759288426135374,4.9971976548362186e-08,inf,inf,0.2689110620033635,0.31890634531110923
556,9.64543020924526,S2,other,0.015582555404303387,4.336082140485485e-09,0.740425213023881,inf,inf,0.575852932753364,4.7573928258144716e-08,inf,inf,0.2690750389878028,0.31869957925360387
557,9.654132497288206,S2,other,0.015539963669722339,6.0648643557485725e-09,0.7404228088853501,inf,inf,0.5757699611420063,5.057580747609873e-08,inf,inf,0.26923511570532854,0.31849194281076904
558,9.662813688418366,S2,other,0.01549763175729494,3.6078840206848674e-09,0.7404199805247726,inf,inf,0.5756871574427498,7.019954399000761e-09,inf,inf,0.26939451155150285,0.3182852182395003
559,9.671473892766466,S2,other,0.015455557364215944,4.912073620451939e-09,0.7404186131513207,inf,inf,0.575611776409711,9.715289367582326e-08,inf,inf,0.26955632407467156,0.3180811902716495
560,9.680113219613432,S2,other,0.015413738213583366,2.6659188956762296e-09,0.7404154485888268,inf,inf,0.5755293153928214,5.663073639201743e-09,inf,inf,0.2697143470043498,0.31787626627987897
561,9.688731777399097,S2,other,0.01537217205528341,7.616723292415638e-09,0.7404136504052582,inf,inf,0.5754470885150286,4.254573899367874e-08,inf,inf,0.26987170907587976,0.3176722305787708
562,9.69732967373083,S2,other,0.015330856664430053,7.783713262272105e-09,0.7404123068532169,inf,inf,0.5753721907215833,1.1110709740207255e-07,inf,inf,0.27003141839296235,0.3174708699372691
563,9.705907015392023,S2,other,0.015289789841334406,2.4674549210376697e-09,0.7404092234494325,inf,inf,0.5752902680212082,3.0357366935515062e-09,inf,inf,0.27018744711094617,0.3172685885433784
564,9.714463908350503,S2,other,0.015248969411869689,4.125454578707563e-09,0.740407329379483,inf,inf,0.5752156690308299,1.0097047964403468e-08,inf,inf,0.2703457783038914,0.31706896829044573
565,9.723000457766815,S2,other,0.015208393226166059,4.332263965690948e-09,0.7404062342656027,inf,inf,0.5751341636701555,7.489578215956072e-08,inf,inf,0.2705004992718047,0.31686841132115007
566,9.731516768002434,S2,other,0.015168059158520302,3.6377940295866095e-09,0.740404137938023,inf,inf,0.5750528164599378,5.220550345399913e-08,inf,inf,0.27065459108932166,0.31666870528825947
567,9.74001294262785,S2,other,0.015127965107495853,2.370620893044429e-09,0.7404019493725937,inf,inf,0.5749786804619186,2.7724950394273804e-09,inf,inf,0.2708109161639585,0.31647164026579705
568,9.748489084430563,S2,other,0.015088108995223195,9.279117301739529e-09,0.7404005707276378,inf,inf,0.5749047283710232,3.598127766150897e-08,inf,inf,0.2709665674187374,0.3162754129930301
569,9.756945295422991,S2,other,0.015048488767009904,8.685614529551774e-09,0.7403989744826193,inf,inf,0.5748239035291954,2.985410966451664e-08,inf,inf,0.2711187471199975,0.31607821819053455
570,9.765381676850264,S2,other,0.01500910239123544,3.1955683161510466e-09,0.7403975585890832,inf,inf,0.5747502615556179,3.536212085243007e-08,inf,inf,0.2712730952939476,0.3158836449564828
571,9.773798329197943,S2,other,0.014969947858976759,8.704012012282974e-09,0.7403964870231137,inf,inf,0.5746698053535839,7.041923169278628e-08,inf,inf,0.2714240402410327,0.3156880893188527
572,9.782195352199615,S2,other,0.014931023183553636,3.289710367302115e-09,0.7403946770435537,inf,inf,0.5745964586764974,2.4781501603541445e-08,inf,inf,0.27157710911682903,0.31549514274577223
573,9.790572844844434,S2,other,0.014892326400506977,4.481631983453224e-09,0.7403934419849036,inf,inf,0.5745163447756819,3.160076627615912e-08,inf,inf,0.27172684243917195,0.3153011992336585
574,9.798930905384525,S2,other,0.014853855567036356,2.9482326950992492e-09,0.7403922021214027,inf,inf,0.5744433288009946,2.9373952498243904e-08,inf,inf,0.27187865521859306,0.31510985260477353
575,9.807269631342344,S2,other,0.014815608761842639,3.6069148329990336e-09,0.7403915018842041,inf,inf,0.5743704738024412,6.904065909188461e-08,inf,inf,0.2720298356381871,0.3149192963756414
576,9.815589119517892,S2,other,0.014777584084693604,6.114313004925184e-09,0.740389979955676,inf,inf,0.5742908613859528,3.2878475526414844e-08,inf,inf,0.272177778802267,0.3147277220642379
577,9.823889465995885,S2,other,0.014739779656419962,2.6237269002475642e-09,0.7403888991608137,inf,inf,0.5742183088602187,2.2808980119098496e-08,inf,inf,0.2723277369640862,0.31453872689231976
578,9.832170766152814,S2,other,0.014702193618340423,2.071118417982058e-09,0.7403877530680066,inf,inf,0.5741458964602001,2.9815096108882188e-09,inf,inf,0.272477079501417,0.31435050302136813
579,9.840433114663902,S2,other,0.014664824132148993,4.757156601020488e-09,0.7403871417501658,inf,inf,0.5740736522564434,2.9211702929468273e-08,inf,inf,0.27262581188542845,0.31416304423479713
580,9.84867660551001,S2,other,0.014627669379556382,2.7905504402270085e-09,0.7403863266035472,inf,inf,0.5739947294428399,3.0304710726825683e-08,inf,inf,0.27277143462494224,0.3139745402904734
581,9.856901331984423,S2,other,0.014590727562375293,9.8195627253354e-09,0.740387756017554,inf,inf,0.5739228558617205,2.2466794945607251e-07,inf,inf,0.27291898805459897,0.31378859282757415
582,9.86510738669957,S2,other,0.01455399690079923,5.5638209226936854e-09,0.7403848330999494,inf,inf,0.5738509915650275,2.54435011984236e-08,inf,inf,0.27306594728181316,0.3136033922348473
583,9.873294861593672,S2,other,0.014517475636130369,6.3715478329593594e-09,0.7403854630622488,inf,inf,0.5737793877740913,1.41756471784735e-07,inf,inf,0.2732123175231625,0.3134189325819087
584,9.88146384793728,S2,other,0.014481162027008604,1.8559485372698063e-09,0.7403834193143165,inf,inf,0.573707834003364,3.376054417869702e-09,inf,inf,0.2733581039338059,0.31323520800722926
585,9.889614436339782,S2,other,0.01444505435196386,3.011636194694843e-09,0.7403833202820669,inf,inf,0.5736297645014753,4.149777699108663e-08,inf,inf,0.2735009359782717,0.31305040609340845
586,9.897746716755787,S2,other,0.014409150907399434,6.8725308871671844e-09,0.7403828520069496,inf,inf,0.5735585744805646,3.9806278943196944e-08,inf,inf,0.2736455947668587,0.31286813387865847
587,9.905860778491475,S2,other,0.014373450008216205,3.3300143356221247e-09,0.7403825788689837,inf,inf,0.5734875342811449,4.7991962594651684e-08,inf,inf,0.2737896847572051,0.3126865795607091
588,9.91395671021084,S2,other,0.014337949987247425,1.6036926867104105e-09,0.7403817997051811,inf,inf,0.5734166181554831,3.061695436403894e-09,inf,inf,0.27393321086837497,0.31250573754255023
589,9.922034599941888,S2,other,0.014302649195293914,9.167916579199124e-09,0.7403818631587523,inf,inf,0.5733458786765484,3.473731267230857e-08,inf,inf,0.2740761779627142,0.312325602290623
590,9.93009453508273,S2,other,0.01426754600053614,4.444207757911146e-09,0.7403819039620838,inf,inf,0.5732752818836913,5.41573323512055e-08,inf,inf,0.2742185908465301,0.3121461683337953
591,9.93813660240763,S2,other,0.014232638788513236,7.230406837461515e-09,0.740381569352078,inf,inf,0.5732048132129127,3.327032420449459e-08,inf,inf,0.2743604542712613,0.3119674302623685
592,9.946160888072964,S2,other,0.014197925961966035,2.6440632489724414e-09,0.740381537461486,inf,inf,0.5731345016560748,3.3135208217182615e-08,inf,inf,0.2745017729340273,0.3117893827271194
593,9.954167477623105,S2,other,0.014163405940441794,7.075284946004935e-09,0.740381528789548,inf,inf,0.5730643342417387,3.750734909006185e-08,inf,inf,0.27464255147861466,0.3116120204383756
594,9.96215645599625,S2,other,0.014129077160171259,7.37379841099689e-09,0.7403816289604229,inf,inf,0.5729943121711123,4.374625943798233e-08,inf,inf,0.2747827944961051,0.31143533816512314
595,9.970127907530165,S2,other,0.014094938073831137,7.53103544849691e-09,0.7403818451229566,inf,inf,0.5729244349774023,4.587022415824908e-08,inf,inf,0.27492250652584393,0.3112593307341435
596,9.978081915967854,S2,other,0.014060987150294824,6.624969178607866e-09,0.7403815072485433,inf,inf,0.5728546855945251,1.2264505832571652e-08,inf,inf,0.2750616920559067,0.31108399302917333
597,9.98601856446319,S2,other,0.014027222874626506,4.112584620717675e-09,0.7403821782250972,inf,inf,0.5727851107496139,4.1106694002657745e-08,inf,inf,0.27520035552393124,0.3109093199900852
598,9.993937935586455,S2,other,0.013993643747451823,4.6401729642744575e-09,0.7403820217030561,inf,inf,0.5727156527214406,1.0402550458881561e-08,inf,inf,0.27533850131782156,0.31073530661208154
599,10.001840111329816,S2,other,0.013960248285317292,7.371592565076187e-09,0.7403828604327155,inf,inf,0.5726463693574563,5.063157099445727e-08,inf,inf,0.27547613377640656,0.3105619479448997
600,10.00972517311276,S2,other,0.013927035020264836,8.989889776068842e-09,0.7403852770362062,inf,inf,0.5725772793250788,2.2272224832321734e-07,inf,inf,0.27561325719017554,0.3103892390920249
601,10.017593201787431,S2,other,0.013894002498205268,1.7958552419839453e-09,0.7403831908748846,inf,inf,0.5725081785226747,6.924709646161765e-09,inf,inf,0.27574987580181454,0.3102171752099063
602,10.025444277643956,S2,other,0.013861149282476247,9.62200137183253e-09,0.7403839601782143,inf,inf,0.5724457737477658,2.8141558881195582e-08,inf,inf,0.27588795735596594,0.3100475661942129
603,10.033278480415653,S2,other,0.013828473949555994,3.4919802662747747e-09,0.7403849154623502,inf,inf,0.5723770462427404,5.713819803348753e-08,inf,inf,0.2760235552938928,0.3098767783963909
604,10.041095889284229,S2,other,0.01379597509095859,3.913609085412761e-09,0.7403856943839098,inf,inf,0.57230845115742,7.389041465831708e-08,inf,inf,0.27615866094648434,0.30970662134769095
605,10.048896582884872,S2,other,0.013763651312735584,4.250488157069997e-09,0.7403865167432295,inf,inf,0.5722399994541454,8.412230608561815e-08,inf,inf,0.2762932783721153,0.30953709040869315
606,10.056680639311338,S2,other,0.013731501235028885,4.471893150037048e-09,0.740386282301733,inf,inf,0.5721716513467938,9.191775647972267e-09,inf,inf,0.2764274115848245,0.3093681809891202
607,10.064448136120927,S2,other,0.013699523492711595,6.537816721542052e-09,0.740387776267749,inf,inf,0.5721098829291834,6.69590741742192e-08,inf,inf,0.2765629145557803,0.3092017054597045
608,10.072199150339419,S2,other,0.013667716733791444,4.398729071392201e-09,0.740388848116869,inf,inf,0.5720418445451456,8.349688560764564e-08,inf,inf,0.2766960679280942,0.3090340259617848
609,10.079933758465984,S2,other,0.013636079620496979,5.0341572519054216e-09,0.740390022685392,inf,inf,0.5719739490425805,1.0526222988458891e-07,inf,inf,0.2768287489361645,0.3088669544990481
610,10.087652036477982,S2,other,0.013604610828462763,5.361479437208391e-09,0.7403910970980627,inf,inf,0.5719061910109702,1.1503824546796317e-07,inf,inf,0.2769609614224766,0.30870048667064626
611,10.095354059835746,S2,other,0.013573309046529747,8.597281039531929e-09,0.7403907516281361,inf,inf,0.5718448468150734,1.542001437731689e-08,inf,inf,0.2770944702505293,0.30853643678043147
612,10.103039903487296,S2,other,0.013542172977672802,3.504455543449034e-09,0.7403920530015263,inf,inf,0.5717773522344517,2.576875659944095e-08,inf,inf,0.2772257340292558,0.30837116365707257
613,10.110709641873004,S2,other,0.013511201336971413,5.71290267961626e-09,0.7403929995938202,inf,inf,0.5717099994327036,2.244558394962244e-08,inf,inf,0.2773565406332664,0.3082064812359096
614,10.118363348930206,S2,other,0.013480392852845306,9.614043139651038e-09,0.7403939960689805,inf,inf,0.571649055580147,1.8345988063325858e-08,inf,inf,0.277488589688483,0.3080442052324237
615,10.12600109809775,S2,other,0.013449746266508592,7.0858387436234926e-09,0.7403953647620052,inf,inf,0.5715819736664993,2.123772578377523e-08,inf,inf,0.27761847010435686,0.3078806920470481
616,10.13362296232052,S2,other,0.013419260331608498,7.154972755067453e-09,0.7403965924437779,inf,inf,0.5715150210650021,1.7569013127844934e-08,inf,inf,0.2777479043334596,0.30771775702592763
617,10.14122901405387,S2,other,0.013388933814336534,5.36920348841752e-09,0.7403977220355501,inf,inf,0.5714544385801209,1.3420287530914737e-08,inf,inf,0.27787852730193174,0.30755721728332885
618,10.148819325268054,S2,other,0.013358765493885757,7.672368960727578e-09,0.7404012700287536,inf,inf,0.5713878266971409,1.7612832954888188e-07,inf,inf,0.2780070571562307,0.30739542680098225
619,10.156393967452562,S2,other,0.013328754159001602,8.716476378362437e-09,0.7404004543568765,inf,inf,0.5713274126807394,2.031730161902831e-08,inf,inf,0.27813674130830074,0.30723602434557107
620,10.163953011620439,S2,other,0.013298898614182392,1.003424770143477e-09,0.7404020120435677,inf,inf,0.5712609926457711,3.5754025730820373e-09,inf,inf,0.2782643809911122,0.30707536235022387
621,10.171496528312542,S2,other,0.01326919767333347,1.7091728528419402e-09,0.7404034862181191,inf,inf,0.5712008840072776,6.205726833252787e-09,inf,inf,0.27839314060369014,0.3069170812885223
622,10.179024587601754,S2,other,0.013239650162699502,7.1891837116269836e-09,0.7404050191943286,inf,inf,0.5711347292083451,1.8608865207719006e-08,inf,inf,0.2785199040242156,0.30675753204860506
623,10.186537259097143,S2,other,0.013210254919955295,7.095962179346219e-09,0.7404065321431186,inf,inf,0.5710687058818529,1.9111691490405974e-08,inf,inf,0.2786462456206861,0.30659853316132446
624,10.19403461194809,S2,other,0.013181010794859687,6.835772012121164e-09,0.7404096249932413,inf,inf,0.5710090025502667,1.097672924057517e-07,inf,inf,0.2787736538634472,0.3064419048981815
625,10.201516714848355,S2,other,0.013151916646558136,7.551287817622926e-09,0.7404098595314658,inf,inf,0.5709431987661922,2.012335957561573e-08,inf,inf,0.27889913946866657,0.30628399575105353
626,10.208983636040102,S2,other,0.01312297134823116,6.598901667658311e-09,0.7404121770742312,inf,inf,0.5708837038767538,4.2514202703537914e-08,inf,inf,0.2790256575537384,0.30612845051089566
627,10.216435443317899,S2,other,0.01309417378157324,4.6621035702540506e-09,0.7404133659768749,inf,inf,0.5708242728162698,1.5952201041070143e-08,inf,inf,0.2791517263282762,0.3059734413836033
628,10.223872204032633,S2,other,0.013065522840699754,4.926711682054585e-09,0.7404151869838956,inf,inf,0.5707588984957507,1.903421761104772e-08,inf,inf,0.27927594159181374,0.3058171390920375
629,10.231293985095427,S2,other,0.013037017429762958,9.903721604953048e-09,0.7404170735819274,inf,inf,0.570699720774829,2.5978927093035323e-08,inf,inf,0.27940114009095257,0.3056631908566038
630,10.238700852981477,S2,other,0.013008656464623982,9.190708118517362e-09,0.7404213199951595,inf,inf,0.5706346867572559,1.77702438907047e-07,inf,inf,0.27952453194018106,0.3055079414244278
631,10.246092873733877,S2,other,0.012980438868158074,5.170444462423628e-09,0.7404209165318044,inf,inf,0.5705756632150706,2.0690625782337487e-08,inf,inf,0.27964887305559616,0.30535503968253164
632,10.253470112967374,S2,other,0.012952363578798986,7.70138053027106e-09,0.7404229507165576,inf,inf,0.5705168248723228,2.289789587388743e-08,inf,inf,0.2797727811226831,0.3052026560521513
633,10.260832635872099,S2,other,0.012924429541823537,2.0071930650838553e-09,0.7404249675975666,inf,inf,0.5704520961143055,1.8944951771228497e-08,inf,inf,0.2798949504081967,0.30504895948225086
634,10.268180507217265,S2,other,0.012896635713442363,3.0891896158787853e-09,0.7404271208475631,inf,inf,0.5703934862068372,1.815100017155021e-08,inf,inf,0.28001801999939996,0.3048976012619515
635,10.275513791354793,S2,other,0.012868981059975575,9.862578741692719e-09,0.7404292319165068,inf,inf,0.5703290142956834,2.416004171187944e-08,inf,inf,0.28013939683364897,0.3047449224172717
636,10.282832552222935,S2,other,0.012841464557547939,5.709615298406358e-09,0.7404314793648179,inf,inf,0.5702706339050635,2.1071283421064017e-08,inf,inf,0.28026164021196015,0.30459457588458916
637,10.29013685334984,S2,other,0.012814085192370855,5.114582231621315e-09,0.7404342666056992,inf,inf,0.5702123829628194,3.35672871594919e-08,inf,inf,0.2803834660154015,0.3044447303069575
638,10.297426757857075,S2,other,0.012786841959366088,1.6317192700553335e-09,0.7404361647969426,inf,inf,0.5701542044364938,4.999533448731186e-09,inf,inf,0.2805048772659293,0.3042953823495093
639,10.304702328463128,S2,other,0.012759733864424232,6.761987203153325e-09,0.7404382765422892,inf,inf,0.5700902235920423,2.415962578221873e-08,inf,inf,0.28062468330015217,0.30414469887415835
640,10.31196362748685,S2,other,0.012732759921907961,5.613927430186385e-09,0.7404406351599059,inf,inf,0.5700322895269264,2.1912859458562856e-08,inf,inf,0.2807452922435692,0.3039963359260731
641,10.319210716850883,S2,other,0.012705919155747938,3.6142654381946296e-09,0.7404430559766861,inf,inf,0.5699744604835721,1.8372331707846373e-08,inf,inf,0.28086549548176654,0.303848460779827
642,10.326443658085033,S2,other,0.012679210599179628,2.1793760429339506e-09,0.7404454822372553,inf,inf,0.5699167391309232,1.9273106254244967e-08,inf,inf,0.2809852959216147,0.3037010702230806
643,10.333662512329614,S2,other,0.012652633295219002,8.821417116428883e-09,0.7404499964783245,inf,inf,0.5698533243299408,1.3999647137776403e-07,inf,inf,0.2811035774629262,0.30355232975857244
644,10.340867340338763,S2,other,0.012626186293192787,5.2270786996740144e-09,0.7404511259382016,inf,inf,0.5697957887464028,3.527101520685233e-08,inf,inf,0.2812225985843312,0.3034058985134049
645,10.348058202483706,S2,other,0.012599868654934943,4.438036755992076e-09,0.7404532693646052,inf,inf,0.5697383829970084,1.3762447683642586e-08,inf,inf,0.2813412254188611,0.3032599423976427
646,10.355235158755992,S2,other,0.012573679449177994,2.1469289708072347e-09,0.7404557125418152,inf,inf,0.5696810962442906,1.9204625625123605e-08,inf,inf,0.28145946076394607,0.30311445831533296
647,10.362398268770713,S2,other,0.012547617754419463,8.886005899178381e-09,0.7404604792955328,inf,inf,0.5696239865188608,1.4688055521494046e-07,inf,inf,0.2815773073903707,0.3029694431987091
648,10.369547591769654,S2,other,0.012521682654691637,3.2315583355312535e-09,0.7404611038052413,inf,inf,0.5695610538569726,1.6076190814963366e-08,inf,inf,0.2816937404811773,0.30282306087731836
649,10.376683186624438,S2,other,0.012495873247746397,9.604914301849369e-09,0.7404657486633915,inf,inf,0.5695041647041754,1.3483769045448569e-07,inf,inf,0.2818108353260899,0.3026789742539606
650,10.383805111839633,S2,other,0.012470188634801507,8.764906563746045e-09,0.7404686641452639,inf,inf,0.5694473203075848,1.447918599225529e-07,inf,inf,0.2819275495661652,0.30253534755913997
651,10.390913425555812,S2,other,0.012444627927554,5.596691177624315e-09,0.7404701569493565,inf,inf,0.5693905413603562,4.392635104957692e-08,inf,inf,0.2820438858692753,0.3023921778343839
652,10.398008185552595,S2,other,0.01241919024648675,3.095379700229829e-09,0.7404722393552763,inf,inf,0.5693338811751351,1.9144230965455095e-08,inf,inf,0.2821598468781867,0.30224946214770504
653,10.405089449251655,S2,other,0.012393874720208187,9.702025869994701e-09,0.7404770411965421,inf,inf,0.5692774090267942,1.2609947241946174e-07,inf,inf,0.2822754352109156,0.30210719759327626
654,10.412157273719703,S2,other,0.01236868048258094,4.230946463235268e-09,0.7404780491582218,inf,inf,0.5692209301897219,2.0728754073964298e-08,inf,inf,0.2823906534611373,0.3019653812911103
655,10.419211715671405,S2,other,0.012343606679329114,3.2186607903853766e-09,0.7404810519675346,inf,inf,0.5691646073364717,1.9088724691551422e-08,inf,inf,0.28250550419836823,0.30182401038674317
656,10.426252831472326,S2,other,0.012318652462061434,8.26044249196639e-09,0.7404855755076956,inf,inf,0.5691084413267181,1.026153033831754e-07,inf,inf,0.28261998996825133,0.3016830820509227
657,10.433280677141786,S2,other,0.012293816988888068,3.314858361483456e-09,0.740487155282571,inf,inf,0.5690522821452683,1.8635386229172875e-08,inf,inf,0.28273411329292397,0.3015425934793012
658,10.440295308355731,S2,other,0.012269099428449413,6.99736400698217e-09,0.740490221602098,inf,inf,0.5689962789390804,2.124050599770181e-08,inf,inf,0.28284787667120215,0.301402541892133
659,10.447296780449546,S2,other,0.012244498955380973,6.591983037553296e-09,0.7404945288652919,inf,inf,0.5689404121753758,8.048771665405457e-08,inf,inf,0.2829612825789067,0.3012629245339757
660,10.454285148420853,S2,other,0.012220014751269694,7.913290566398479e-09,0.7404976850718502,inf,inf,0.568884616865068,8.065359579928336e-08,inf,inf,0.2830743334691673,0.3011237386733966
661,10.46126046693227,S2,other,0.012195646005940516,3.2271744599171415e-09,0.740499907631615,inf,inf,0.5688288933319028,6.879468160035299e-09,inf,inf,0.2831870317726059,0.3009849816026839
662,10.46822279031416,S2,other,0.012171391916948378,2.9096887644843678e-09,0.7405029058760569,inf,inf,0.5687732957414973,1.599810416418999e-08,inf,inf,0.2832993798976732,0.30084665063756166
663,10.475172172567321,S2,other,0.01214725168842843,4.201111362528222e-09,0.7405062265842329,inf,inf,0.5687178108167066,1.4489216068790028e-08,inf,inf,0.28341138023085727,0.3007087431169104
664,10.48210866736568,S2,other,0.012123224531875953,3.959761430943177e-09,0.7405095166363911,inf,inf,0.5686624268547971,1.5849991674649206e-08,inf,inf,0.28352303513698485,0.3005712564024914
665,10.489032328058943,S2,other,0.012099309665871572,7.642716930513632e-09,0.7405128177228619,inf,inf,0.5686071485774541,2.003486029364365e-08,inf,inf,0.28363434695947504,0.3004341878786758
666,10.495943207675218,S2,other,0.012075506316037725,7.055725126143778e-09,0.7405161822634033,inf,inf,0.5685519725292819,1.9881989764231608e-08,inf,inf,0.283745318020522,0.3002975349521782
667,10.502841358923613,S2,other,0.012051813714937906,2.1168473593238378e-09,0.7405195958058909,inf,inf,0.5684968986665203,1.6464119620330633e-08,inf,inf,0.2838559506214369,0.30016129505179323
668,10.509726834196812,S2,other,0.01202823110200171,2.311020398862201e-09,0.74052308947193,inf,inf,0.5684419292732912,1.4339432816921668e-08,inf,inf,0.28396624704275464,0.30002546562813803
669,10.51659968557362,S2,other,0.012004757723491324,4.4927244607288725e-09,0.7405265416920253,inf,inf,0.5683870657225137,1.633596059271485e-08,inf,inf,0.2840762095446234,0.29989004415339626
670,10.52345996482148,S2,other,0.011981392832317118,4.0482945571459245e-09,0.7405300874033963,inf,inf,0.5683378107736142,1.611501273953767e-08,inf,inf,0.28418649363901927,0.29975686873571483
671,10.530307723398975,S2,other,0.01195813568837183,8.332331261162758e-09,0.7405348172776561,inf,inf,0.5682831705337373,7.87114939540198e-08,inf,inf,0.2842957784544779,0.29962225599416265
672,10.53714301245829,S2,other,0.011934985556941554,8.463067533923758e-09,0.7405371784591135,inf,inf,0.5682285627572375,2.0857282097763345e-08,inf,inf,0.28440473605011085,0.29948804374440474
673,10.543965882847663,S2,other,0.011911941711598964,1.9833929568933272e-09,0.7405408501141992,inf,inf,0.5681740978945349,1.0764271486985294e-08,inf,inf,0.28451336860637155,0.29935422954241236
674,10.550776385113801,S2,other,0.011889003431241505,4.794836089553658e-09,0.7405451901735368,inf,inf,0.5681197463859045,4.3471652927254586e-08,inf,inf,0.2846216782845058,0.2992208109645015
675,10.557574569504276,S2,other,0.011866170000913336,3.697370705076583e-09,0.7405482823387358,inf,inf,0.5680654648048692,8.786939588490961e-09,inf,inf,0.284729667226643,0.29908778560709864
676,10.5643604859699,S2,other,0.011843440712918894,4.766175683048574e-09,0.74055265734816,inf,inf,0.5680167553736095,4.854880330244846e-08,inf,inf,0.2848378954416412,0.2989569936263003
677,10.571134184167065,S2,other,0.01182081486469963,3.1499375113427832e-09,0.7405559137567694,inf,inf,0.5679626668038285,1.223903819654648e-08,inf,inf,0.28494523294462115,0.2988247479090905
678,10.577895713460086,S2,other,0.011798291760849518,6.040006119249625e-09,0.7405602094807736,inf,inf,0.5679087091789893,5.323529561883797e-08,inf,inf,0.28505225606453943,0.298692888319444
679,10.584645122923476,S2,other,0.011775870711249206,4.823466205777297e-09,0.740564013113687,inf,inf,0.5678548370228734,5.460934966570488e-08,inf,inf,0.28515896686922115,0.2985614125319487
680,10.591382461344248,S2,other,0.011753551032076925,3.040308840674902e-09,0.7405670709877072,inf,inf,0.5678064275699558,1.1720776478435943e-08,inf,inf,0.2852658635338565,0.29843216203113015
681,10.598107777224154,S2,other,0.01173133204598611,3.821443353294716e-09,0.7405714506063154,inf,inf,0.56775276047703,2.9711671308980516e-08,inf,inf,0.28537193966966956,0.2983014472759763
682,10.604821118781935,S2,other,0.01170921308057178,1.9999177928324217e-09,0.7405748551987921,inf,inf,0.5676991623579793,1.1975148726382198e-08,inf,inf,0.2854777096248826,0.2981711094592074
683,10.611522533955515,S2,other,0.01168719347028922,5.409271703546216e-09,0.7405796266153095,inf,inf,0.5676457153451588,6.379474657431538e-08,inf,inf,0.28558317539627953,0.2980411463300853
684,10.618212070404201,S2,other,0.011665272554151968,1.7476982194459267e-09,0.7405827650039783,inf,inf,0.5675976408309458,1.2381638836939812e-08,inf,inf,0.28568877389379144,0.2979134006910049
685,10.624889775510852,S2,other,0.011643449678131388,1.4564784727267843e-09,0.7405867884713754,inf,inf,0.5675443474735979,1.1706001114762684e-08,inf,inf,0.2857936211962004,0.29778418058378386
686,10.631555696384012,S2,other,0.011621724193153195,2.385696086260484e-09,0.7405909729198195,inf,inf,0.5674911596784553,4.460767430800297e-09,inf,inf,0.28589817024072595,0.2976553285194657
687,10.638209879860062,S2,other,0.011600095455735775,2.2590820906451227e-09,0.740594886257318,inf,inf,0.5674433642119108,1.2573224079139883e-08,inf,inf,0.286002813166442,0.2975286882655387
688,10.644852372505293,S2,other,0.01157856282831368,4.0774899102293585e-09,0.7405995554180266,inf,inf,0.5673903809200487,4.412650898910898e-08,inf,inf,0.2861067555499775,0.2974005660912331
689,10.651483220618012,S2,other,0.011557125678242672,4.5450534620315835e-09,0.7406037414373811,inf,inf,0.5673427614246843,4.9079991606128976e-08,inf,inf,0.2862107670901124,0.29727465200404213
690,10.658102470230599,S2,other,0.011535783378677689,3.846209277219345e-09,0.7406077583473278,inf,inf,0.567289940479415,3.904867960884856e-08,inf,inf,0.28631411054209926,0.297147251138068
691,10.664710167111553,S2,other,0.011514535308130226,4.209250739572153e-09,0.7406121168402799,inf,inf,0.5672372301108922,5.334397292791781e-08,inf,inf,0.2864171652932182,0.2970202075886442
692,10.671306356767507,S2,other,0.011493380850276574,9.239676075275619e-09,0.7406164774506706,inf,inf,0.5671898528075549,6.519685638636355e-08,inf,inf,0.2865202506073943,0.2968953666982611
693,10.677891084445246,S2,other,0.011472319393879889,2.8589476809236894e-09,0.7406199398557821,inf,inf,0.5671372963893285,1.0097941100103962e-08,inf,inf,0.2866227177453929,0.2967690318373771
694,10.684464395133679,S2,other,0.011451350333656204,7.84339803526024e-09,0.7406249046229787,inf,inf,0.5670901200980971,6.741995196298374e-08,inf,inf,0.2867251908813056,0.2966448960757275
695,10.691026333565812,S2,other,0.011430473068371288,4.333666159788346e-09,0.7406291190293115,inf,inf,0.5670377662086917,6.099395174308553e-08,inf,inf,0.2868270778179125,0.2965192616537961
696,10.697576944220689,S2,other,0.011409687002621294,5.94515465842408e-09,0.740633441015929,inf,inf,0.5669855255412279,6.949816164955208e-08,inf,inf,0.28692868521480536,0.2963939742372591
697,10.70411627132533,S2,other,0.01138899154566467,2.3576887796881863e-09,0.740637327576011,inf,inf,0.5669385397599702,9.98744218897632e-09,inf,inf,0.28703026027460177,0.2962708807295069
698,10.710644358856621,S2,other,0.01136838611221744,3.6786386710694185e-09,0.7406419744332802,inf,inf,0.5668864949716224,4.7940708392990775e-08,inf,inf,0.2871312983253648,0.29614628161683737
699,10.717161250543233,S2,other,0.011347870121344205,3.727410852137747e-09,0.7406463669439036,inf,inf,0.566839695516327,5.127242079288793e-08,inf,inf,0.2872322796380655,0.29602387300762784
700,10.723666989867462,S2,other,0.011327442997369711,4.515045798037312e-09,0.740650968946085,inf,inf,0.5667878369010735,8.836473892424242e-08,inf,inf,0.287332755453795,0.2958999542636898
701,10.730161620067111,S2,other,0.011307104169130838,3.675924602033093e-09,0.7406552536322112,inf,inf,0.566741182327092,5.6316859468551745e-08,inf,inf,0.2874331501949851,0.29577822267741305
702,10.736645184137315,S2,other,0.011286853070515097,1.576156346732405e-09,0.7406594602071851,inf,inf,0.5666894634544395,5.6466106685106775e-09,inf,inf,0.28753307077100043,0.2956549764881764
703,10.743117724832354,S2,other,0.0112666891403058,3.787113208063795e-09,0.740664204956054,inf,inf,0.5666430158470593,7.035634117761749e-08,inf,inf,0.2876328860010918,0.29553391416902264
704,10.749579284667474,S2,other,0.01124661182136963,3.82227034641683e-09,0.7406687068874025,inf,inf,0.5665915047419334,7.008672976705916e-08,inf,inf,0.2877322582195319,0.29541133283900134
705,10.756029905920654,S2,other,0.011226620561680615,3.748992057049842e-09,0.7406732325399304,inf,inf,0.5665451898501953,7.796149198685751e-08,inf,inf,0.287831500886417,0.29529093214843444
706,10.762469630634383,S2,other,0.011206714813611216,2.802021174879659e-09,0.740677753018273,inf,inf,0.5664989412279191,6.115568005707356e-08,inf,inf,0.2879304537513806,0.29517085957167
707,10.76889850061741,S2,other,0.011186894034160857,1.7953440146312542e-09,0.7406823458731016,inf,inf,0.5664476904243254,3.757289308146427e-08,inf,inf,0.2880290084597956,0.29504926151249244
708,10.77531655744648,S2,other,0.01116715768485584,3.790804775795744e-09,0.7406868948307498,inf,inf,0.5664016288124238,1.1116725111284373e-07,inf,inf,0.2881273990046354,0.29492983932082817
