step,s,basin,raw_on,loc_loss,loc_gnorm,loc_rho2,d_basin_M,d_basin_S,d_basin_L0,d_basin_S2,d_raw_M,d_raw_S,d_raw_L0,d_raw_S2
0,1.1163994073867798,L0,other,0.39013538677442794,1.185589291327358e-09,9.88562551925083e-12,inf,inf,8.006590641277559e-11,0.7181353928675552,inf,inf,0.9096211077429214,0.5952879678848844
1,1.096399416513373,L0,other,0.39374442836495843,5.733844834305304e-09,1.2242584918441672e-08,inf,inf,5.448048914509663e-08,0.7184387730492765,inf,inf,0.9002731107671913,0.5949971827119526
2,1.076559926796618,L0,other,0.3973824683495417,2.3926391958877715e-09,1.3305850421126541e-09,inf,inf,1.7755842881692542e-08,0.7187336234602721,inf,inf,0.890888278782474,0.5947770482978282
3,1.0570306404335805,L0,other,0.40102063837179375,4.746060511491629e-09,4.510392131777731e-10,inf,inf,7.355665945578508e-09,0.7190134850420092,inf,inf,0.8815138991180286,0.5945669311166073
4,1.0380055977026739,L0,other,0.4046198541634868,8.7181326701914e-10,2.431982925108962e-10,inf,inf,8.444171000401256e-10,0.7192791116325786,inf,inf,0.8721180425175928,0.5943019729620355
5,1.0197330441065338,L0,other,0.40812833004499127,9.684611350801139e-09,1.4495875808064584e-08,inf,inf,2.5566365637089203e-08,0.7195269794976018,inf,inf,0.8627096592415023,0.59388656853089
6,1.0025198692330792,L0,other,0.4114801146656848,3.1108634670160424e-09,4.246556948052678e-09,inf,inf,1.2142275688280729e-08,0.7197530840385915,inf,inf,0.8532992674622453,0.5932007522065145
7,0.9867215465493592,L0,other,0.41459664748328895,8.317931107029215e-09,6.722354962190476e-08,inf,inf,1.1802968622065488e-07,0.7199531526782388,inf,inf,0.843900397986813,0.5921051114158273
8,0.972707945080178,L0,other,0.41739361696763594,4.376791427313677e-10,6.931159417362096e-10,inf,inf,1.9634983795774124e-09,0.7201255619375274,inf,inf,0.8345134313074672,0.5904606053690702
9,0.9608056784629344,L0,other,0.4197933605632072,6.702584722691475e-10,5.365463954051877e-10,inf,inf,2.477154580758045e-09,0.720267520049254,inf,inf,0.8251634004986623,0.5881451855083281
10,0.9512386698887254,L0,other,0.42173846236815926,5.400439576743619e-10,1.502264891564696e-09,inf,inf,3.5476222446901044e-09,0.7203778583758979,inf,inf,0.8158811803398276,0.5850858020407123
11,0.9440999488347144,L0,other,0.4231993087568879,1.2437098950816461e-09,1.7132264925777479e-09,inf,inf,1.0361704788661125e-08,0.7204595691071415,inf,inf,0.8066846412113495,0.5812791899432951
12,0.9393689981480338,L0,other,0.4241719010237888,4.490082035967087e-09,2.2630727681826663e-08,inf,inf,3.626921654429385e-08,0.7205120094129607,inf,inf,0.7976281183075689,0.5767733728680292
13,0.9369573463097467,L0,other,0.42466906295596185,8.681512324629413e-09,1.7200803163234892e-08,inf,inf,5.0100781991819286e-08,0.7205398540628231,inf,inf,0.7887300719186612,0.5716696934958795
14,0.9367542912898453,L0,other,0.4247109651036403,2.4492172652390433e-09,6.417603765766538e-10,inf,inf,5.5292867590818135e-09,0.7205425937518698,inf,inf,0.7800402410909055,0.5660822125878587
15,0.9386568177837551,L0,other,0.42431862043295066,7.1626045257757385e-09,1.9072656603104612e-08,inf,inf,3.3701005552845617e-08,0.7205217076474449,inf,inf,0.7715863323415564,0.560136774143387
16,0.9425825819437764,L0,other,0.4235108618888567,5.244417172667185e-09,2.701085506991353e-08,inf,inf,7.340793387039614e-08,0.7204779190435266,inf,inf,0.7633902340209147,0.5539559612728883
17,0.9484714002621638,L0,other,0.42230378773970034,1.333048689931413e-09,4.33058376928324e-09,inf,inf,7.646552402658856e-09,0.7204090141604179,inf,inf,0.7554854950691428,0.5476484863737616
18,0.9562808799712869,L0,other,0.42071150925255735,3.1692065853603236e-09,5.125280335483691e-09,inf,inf,3.140066970609096e-08,0.7203193811023034,inf,inf,0.7478446046382489,0.5413269531479247
19,0.9659799928363444,L0,other,0.41874737356881875,6.369145063294398e-10,5.584603213718839e-10,inf,inf,2.8687473363046978e-09,0.7202057799034534,inf,inf,0.7404870343300081,0.5350757214071303
20,0.9775426996699814,L0,other,0.41642518205170326,5.209136351975374e-10,1.9803020627817385e-09,inf,inf,3.6720122950635424e-09,0.7200670703088438,inf,inf,0.7334078949681575,0.5289709540809232
21,0.9909426386766171,L0,other,0.4137601625990391,4.273482208268024e-09,1.6008365656503845e-08,inf,inf,3.0929301503814666e-08,0.7198997114942232,inf,inf,0.7266165693530389,0.5230705795439397
22,1.0061492598663726,L0,other,0.4107696002422528,1.7351140466522438e-09,5.10407491463385e-09,inf,inf,1.1408161124233276e-08,0.71970473649944,inf,inf,0.7200787927480857,0.5174293870119417
23,1.0231254282990208,L0,other,0.40747311856895985,7.3776061705194055e-09,1.5654140160575984e-08,inf,inf,2.739135072710313e-08,0.719480825254647,inf,inf,0.7137757152832049,0.5120847100527014
24,1.041826314894028,L0,other,0.4038926569396912,5.100150734603673e-09,1.3395602714315936e-08,inf,inf,8.362996005783523e-08,0.7192268338494258,inf,inf,0.7076861122683517,0.5070623274565892
25,1.062199291647393,L0,other,0.40005221546900444,2.9359779907090307e-09,7.513356806542577e-09,inf,inf,2.3133768511074795e-08,0.7189396129696594,inf,inf,0.7018100806766295,0.5023731847057169
26,1.0911579378229632,L0,other,0.3946999397272707,5.309454624909827e-10,2.2929573529674214e-11,inf,inf,3.8850636524222296e-10,0.7185174381325039,inf,inf,0.6969814446266535,0.4991498448922692
27,1.1223695574316161,L0,other,0.38906933137609423,6.170318416941775e-10,4.151992039915051e-11,inf,inf,1.899740309346709e-10,0.7180434497399301,inf,inf,0.6923846500837834,0.4963409353001034
28,1.1539607752435943,L0,other,0.38351357776088657,2.825689619276262e-09,3.6044102292981707e-09,inf,inf,6.404721822772668e-09,0.717546876423433,inf,inf,0.687753626394083,0.49365209464862997
29,1.1858615146371125,L0,other,0.3780470382152546,6.046638008903298e-09,5.87742037671098e-10,0.12758705729311418,inf,7.253980044794308e-08,0.7170281012264701,0.6351181073536993,inf,0.6830994940910542,0.49107368129259926
30,1.218009807741256,L0,other,0.3726813510545803,5.6988565664494394e-09,2.1826805198675816e-09,0.13844396296127748,inf,2.0061431812021517e-08,0.7164894015002983,0.6279477433052955,inf,0.6784139403642134,0.48859922878903184
31,1.2503520634271441,L0,other,0.3674256008959331,2.0069654755800264e-09,1.7500810187223066e-09,0.1465879656580285,inf,7.2454802198704265e-09,0.7159328230449519,0.62125776021889,inf,0.6736919830213328,0.48622175496768644
32,1.2828429676516262,L0,other,0.36228655141403593,8.064229967272739e-09,5.723958386992477e-09,0.15354439678884305,inf,1.4181751419524478e-08,0.7153617548296559,0.6147293380127953,inf,0.6689033143211756,0.4839372149532205
33,1.315445090144724,L0,other,0.35726891759894497,2.502464223001664e-09,2.4630891062581476e-09,0.15935313501360085,inf,3.918391986052004e-09,0.7147751276243878,0.6084146915659502,inf,0.6641033320450896,0.4817324546178528
34,1.3481282787902438,L0,other,0.35237565439305046,4.7375415340659515e-09,2.122950055644767e-09,0.16472299686880515,inf,1.8271612009510018e-08,0.7141772907719063,0.6021350327361202,inf,0.6592369084962576,0.4796070239957546
35,1.3808689188383392,other,other,0.3486483215571888,7.491377612319855e-09,0.04983318002516515,0.09955200976781023,inf,0.11732142891398344,0.6574538069370525,0.5959336735886805,inf,0.6543350136741963,0.47755212940442604
36,1.41364912324067,other,other,0.34338900738654493,6.540080844697635e-09,0.07655121010517847,0.10030459032895024,inf,0.24762071039593558,0.5971733023632749,0.589795578915041,inf,0.6494013962842118,0.47556283106315195
37,1.4464559067170835,M,other,0.3391763589880623,4.315864311741827e-09,0.06423998082481175,9.54414216498426e-08,inf,0.17821353687085636,0.6103100529523273,0.5837668895371804,inf,0.6444714190179485,0.473632687959235
38,1.479280382228339,M,other,0.334235687086243,5.179353008936548e-09,0.06636789148493506,6.517869830546006e-08,inf,0.1821264701158807,0.6073508380706426,0.5777303742300213,inf,0.6394879971362205,0.4717633915487409
39,1.5121170058676592,M,other,0.32939489465055016,1.6484364856211065e-09,0.06841049124004044,4.360678361170563e-08,inf,0.18583676591423226,0.6044899639955952,0.5717399498033383,inf,0.6344863194341148,0.46995012748094567
40,1.5449628855320248,M,other,0.32465230259916444,9.631401627763829e-09,0.07037884928378511,6.949072424116398e-08,inf,0.18937671982630475,0.6017109727783865,0.5657942203028663,inf,0.6294710097646455,0.4681913529049798
41,1.5778171603090774,M,other,0.3200059043424183,5.157747944106431e-09,0.07228219429419476,4.7642361468034914e-08,inf,0.19277246419126637,0.5990004422043895,0.5598929115882948,inf,0.6244465788887122,0.4664861781868602
42,1.6106804512344843,M,other,0.31545347925092376,8.431077440140408e-09,0.07412836879269123,3.8261272991351287e-07,inf,0.1960453586559009,0.5963471999465022,0.5540365367825193,inf,0.6194173837749444,0.46483421812838116
43,1.6435543797113348,M,other,0.3109926842222628,9.472505196406796e-09,0.07592431254496414,5.243394864771083e-07,inf,0.199214190786216,0.5937415161074097,0.548226168298656,inf,0.6143876173942568,0.46323542810010754
44,1.6764411471629246,M,other,0.30662112675329883,4.656988030068369e-09,0.07767550072129534,1.8743972483952357e-07,inf,0.20232532199994888,0.5911750223261084,0.5425110406804363,inf,0.6093956952143944,0.46168826582199457
45,1.7098038469013535,M,other,0.3022770509645399,2.0766776682720027e-10,0.07941104939131088,3.3274774127086464e-09,inf,0.2053524236804991,0.5886069874920552,0.5368198630028768,inf,0.6044033134423727,0.4602457478838023
46,1.7487517725847683,M,other,0.29731837141676964,4.896913447926133e-09,0.08143311255148347,2.2332333448120216e-07,inf,0.20882250510416206,0.5856441808710332,0.5317934540786492,inf,0.5999760634709284,0.4594261043683838
47,1.787898977496668,M,other,0.2924531824259501,1.1959654819392754e-09,0.0836271030956331,1.2408099618378446e-08,inf,0.21223815853262368,0.5826967148445439,0.526845944108525,inf,0.5955722918347316,0.4586469831803913
48,1.8272038106524762,M,other,0.2876847197310151,6.151737778149256e-09,0.08578914635976784,1.820481235320818e-07,inf,0.21560749338496507,0.5797604214286136,0.5219715188201884,inf,0.5911899434152822,0.45790334412656514
49,1.8666275414445934,M,other,0.28301535935075384,3.268732808360525e-09,0.08792183366003435,9.17572573894852e-08,inf,0.21890592577214074,0.5768323067982718,0.5171210069199202,inf,0.5867911081672296,0.45719185522301775
50,1.9061343369886738,M,other,0.27844669889926743,2.3596868331023155e-09,0.09002751172402527,1.9118016407163094e-08,inf,0.22220234151526402,0.5739081648690869,0.5123792562167189,inf,0.582447044149952,0.45650585245801745
51,1.945691241269919,M,other,0.27397963497812905,3.565717105650753e-09,0.09210846912632148,1.2562232955689723e-08,0.17217993758559483,0.2254397259158197,0.5709861904074646,0.5076548872273314,0.4963264165210202,0.578084083267034,0.45584403502694065
52,1.9852681545715325,M,other,0.26961443642445526,3.4876582236131918e-09,0.09416682658074825,2.5263755916669847e-08,0.1711512405876737,0.228684819459502,0.5680629261713901,0.5030317595938885,0.4765361748497405,0.5737757300602998,0.4552009342652807
53,2.0248378107799163,M,other,0.26535081336824956,6.250161970758695e-09,0.09620455136177866,9.261372587013031e-08,0.17286966641353183,0.23188015463263778,0.5651371216318164,0.49842193995969464,0.4604402120625246,0.5694477025623532,0.45457586153895413
54,2.0643757495864166,M,other,0.26118798217173117,8.353148877306437e-09,0.09822350201406077,2.5143986121265054e-07,0.17599698870685002,0.2350905825478669,0.5622059707969788,0.4939083187206889,0.4468762607462591,0.5651754341361018,0.45396461097352175
55,2.1038602803584725,M,other,0.25712472640183953,3.3731613808846584e-09,0.10022561266752575,1.1086178423358879e-07,0.17998186614515038,0.23825913652499273,0.5592682190470444,0.4894059390907685,0.4346158292914646,0.5608839116032852,0.4533672498515634
56,2.143272434521103,other,other,0.25452405685506574,8.405325856755213e-10,0.12087083903803503,0.12061336520739181,0.25480202673190444,0.33484546187809233,0.5375662379662995,0.48499671468496075,0.42379972941154054,0.556650170493381,0.4527809224327395
57,2.1825959036373908,other,other,0.2507331589300498,1.6680191365166367e-09,0.1228296527498331,0.12067842955728343,0.25647758100328677,0.33818300452328365,0.534809725322223,0.4805983339494922,0.41379993407552534,0.5523983396775557,0.4522065596713546
58,2.2218169609533227,other,other,0.24703007464256743,1.5073002110601234e-09,0.12475523217772823,0.12069311757266962,0.25844770102562714,0.34146414750812765,0.5320734535261491,0.4762917284060604,0.40484321676944557,0.5482067636290443,0.4516426750210638
59,2.260924364918929,other,other,0.24341235700595737,2.245311939374593e-09,0.12671164741309962,0.1206264396542515,0.26060628069247893,0.3446693732851251,0.5293560941338116,0.4720364791197921,0.39663404294642474,0.5440379270805754,0.45109049317456196
60,2.2999092440529254,other,other,0.23987742535918227,9.716201802204994e-10,0.12887310200618157,0.12048160368014732,0.26288736223840575,0.34780230440707477,0.5266560242156035,0.4678332055198523,0.3890941917202564,0.5398928631340556,0.4505510022411521
61,2.3387649634231713,M,other,0.23472730067537032,7.876207978651855e-09,0.11197060183394122,8.849665834468625e-08,0.2081690081125351,0.25730968127728937,0.541416467289148,0.46368283867137383,0.3821606406269446,0.5357725884731611,0.45002564483131896
62,2.3774869739164677,M,other,0.23130179519481808,5.430785884582082e-09,0.11389680997413414,9.917763689540452e-08,0.2125937659551129,0.26051738670325403,0.5383921315414161,0.45962484181799257,0.37587706781332986,0.5317180787243458,0.449515822949637
63,2.4160726463214885,M,other,0.22795669763297333,7.341440729695479e-09,0.1158174626667388,1.0490533389118479e-07,0.21697993363426954,0.2637006991821523,0.535351356360396,0.4555838163169717,0.3699964856764282,0.5276505056924219,0.4490245753181889
64,2.4545210930073913,M,other,0.22468906593906124,7.2930388373380894e-09,0.11773372634391929,1.0282460380961466e-07,0.2211976513005676,0.2668889379562392,0.532292859789213,0.4516001556463251,0.36458886165156146,0.523610539935551,0.4485537782889021
65,2.4928329806136835,M,other,0.22149594863649633,1.1811083234727263e-09,0.1196467592256495,9.494814472420179e-09,0.225124959063851,0.27011023759948966,0.5292154698791793,0.4477128004664269,0.35968664632263636,0.5196396395577959,0.44810560425603174
66,2.531010337645612,M,other,0.21837440981942108,1.2624421751446192e-09,0.12155760552794556,1.514456596992369e-08,0.22886914445055326,0.27333765006434585,0.5261185495570099,0.4438860615958674,0.3551781433071096,0.5156984036445388,0.4476829105442807
67,2.569056361170644,M,other,0.2153215510502309,5.322983508073038e-09,0.123467320250644,1.5392569099634848e-07,0.23242680514943,0.27657188827383655,0.5230011392789431,0.44012223433089803,0.35103934367075557,0.5117876123237064,0.4472880803886066
68,2.6069752269183244,M,other,0.2123345301918104,2.003068709178387e-09,0.12537691782642782,2.4699516110954613e-08,0.23579650018273984,0.2798135967745826,0.5198622713247087,0.43642374402254736,0.34724861295530124,0.5079080361789218,0.4469233040109394
69,2.6447719069878235,M,other,0.20941057722802864,8.368898698361454e-09,0.1272873347434182,6.056304640188702e-08,0.2389782356303868,0.2830631145111935,0.5167010946237656,0.43279310928079656,0.3437862643701908,0.5040604497137969,0.4465904855405727
70,2.68245199906328,M,other,0.2065470071352317,3.649525683610891e-09,0.12919946244254168,1.2302420901352936e-07,0.24187375358176091,0.2863463483379784,0.5135166636832214,0.4292675571623565,0.3406646417802662,0.5002871026317707,0.4462910560995201
71,2.7200215705353084,other,other,0.20567786230029125,5.665303641676018e-09,0.15082989359808957,0.11510525255830266,0.28674272983359983,0.3786090792563198,0.49764480108142367,0.425779826765025,0.3378005721681052,0.4965060512640037,0.44602636383646593
72,2.7574870202479773,other,other,0.2029263477460758,1.0497978898019882e-09,0.15270040535447643,0.11438518538249876,0.28841871125239804,0.381158567552384,0.4950300029636464,0.4224012077719619,0.3352346605977834,0.4928012071013716,0.4457968495670458
73,2.7948549597662153,other,other,0.20022414923310858,2.5609852200561388e-09,0.1545560901824112,0.1136066957723808,0.2900491399914196,0.3836507998840709,0.4924127625334816,0.41906631979285774,0.33290728176201345,0.4890901009102123,0.4456027294742289
74,2.8321321151321537,M,other,0.195646317212446,7.2716091970362524e-09,0.1368822858350734,1.6999210563748898e-07,0.2518619492285929,0.29950808269758095,0.500529689960936,0.41584406706968047,0.3308403143204296,0.4854573139132998,0.4454435467123237
75,2.8693252491023484,M,other,0.1930479169785645,8.246324284360682e-10,0.13881532263789664,2.227102467307642e-08,0.2538809491491628,0.3028300908201828,0.4972165052859101,0.41270281995594726,0.32900100961744067,0.4818620599009813,0.4453184172551098
76,2.9064411028888117,M,other,0.19049595827257823,3.609217333301792e-09,0.14075481449918847,3.372229423031106e-08,0.2557348043822618,0.3061592405167821,0.49387487680389647,0.4096443286663857,0.32737695381909343,0.4783053425732653,0.4452259448014889
77,2.943486355524351,other,other,0.19193844933453405,1.4674306064693754e-09,0.23832681394437993,0.18238297247311283,0.17753447689374222,0.352799781261876,0.400572697248183,0.4066700795027068,0.3259560092847104,0.47478818904162384,0.44516430870089113
78,2.9804675981928086,other,other,0.18927935146086494,4.265618089350361e-09,0.24151505412916444,0.18356534640842972,0.17817690603061392,0.3570247281608571,0.3961000710903016,0.403781277919722,0.32472628322480496,0.4713116347803705,0.44513132937097566
79,3.0173913202560234,other,other,0.18666047500358088,1.3849190196699899e-09,0.24463464244060149,0.18464153455389717,0.17870733177636547,0.3611560386169301,0.39168048664256183,0.40097883827107367,0.32367612094902803,0.46787670553740374,0.4451245453898134
80,3.054263903309198,other,other,0.18408061297950135,7.732377910719631e-09,0.24767613370888378,0.1856134601347271,0.1791277042541362,0.36519741972530095,0.3873091602145111,0.3982633789438529,0.3227941198230308,0.4644843970274699,0.44514129834658533
81,3.0910916194287728,M,other,0.17836822657051288,6.859779829159482e-09,0.15132000506619947,1.6186700879821545e-07,0.26263740998256124,0.32289340070854855,0.47671089589110144,0.39563522298615855,0.32206915949043197,0.4611356533408895,0.44517882127262876
82,3.1278806298505124,other,other,0.17903338847700256,8.748983480199416e-09,0.2535392586205497,0.1872520993793643,0.1796462561996265,0.3730240504803936,0.3786940496065623,0.3930944057985685,0.3214904435439222,0.4578313450541029,0.44523432643780464
83,3.1646369806234813,other,other,0.17656388912224566,4.486506398489708e-09,0.25638009530593825,0.18792227716096654,0.17974779064476562,0.3768159659353844,0.37444171786803043,0.39064069198835283,0.3210475476925195,0.4545722480263688,0.4453050884818661
84,3.2013665923060186,other,other,0.1741091098774098,3.790872748170434e-09,0.22809058850591765,0.15124577562947547,0.23196479839114295,0.4154248650967879,0.39055625556626883,0.3882995644107626,0.32071480936212765,0.4514020822082984,0.4453888151487802
85,3.238075241467583,other,other,0.17176043376419484,8.5921384406235e-09,0.23185239272612074,0.1528831818799706,0.2305878672345906,0.4182799968786005,0.38585428548184786,0.3860176927998284,0.32051248121356457,0.4482353364225255,0.4454825506414459
86,3.2747685325889537,other,other,0.16936009529552978,9.112242548513748e-09,0.26461599518439805,0.18940582587860014,0.1793992868106116,0.38776004625672267,0.3618597097055388,0.38382089933103414,0.3204175693384193,0.44511537347249214,0.44558442964326317
87,3.3114518598581055,other,other,0.16647283641781535,9.468017102670484e-09,0.20538312980116719,0.09956290684304357,0.2105714761272664,0.3579903127607161,0.39974595449346423,0.3817320030788296,0.3204017917117045,0.4420856912723321,0.4456929641284329
88,3.3481303592803835,other,other,0.16471935426699466,3.662430107335957e-09,0.2698559973020381,0.1899502795348034,0.17866041951044312,0.39471404306705554,0.3535811834837119,0.37970160077539483,0.32049568260713046,0.4390598806845432,0.4458058983969
89,3.3848088523987143,other,other,0.16244514125567552,4.285621921365878e-09,0.2724119496691976,0.19006029024267648,0.17816490886141764,0.398084977034602,0.3494647579612477,0.3777530797958869,0.3206733102182653,0.43608104783239404,0.4459223310988009
90,3.4214917836945147,other,other,0.16024129188188757,2.761237469702574e-09,0.18494821809216966,0.10035968946044686,0.3025488054230067,0.4226808300514291,0.44625488273223457,0.37590685214618036,0.3209051309887898,0.4331923723928866,0.4460417412090601
91,3.4581831543619415,other,other,0.15798557711368916,8.5994052011668e-10,0.2774886477207218,0.19007091811152846,0.1768507556930912,0.4046620998080094,0.34126216823742916,0.3741177356564702,0.3212295325044796,0.430306612746186,0.44616261169754584
92,3.494886455577225,other,other,0.15579900425024745,7.062520501399147e-10,0.27994913919593606,0.189915883311055,0.1760686518982867,0.40785443598437504,0.3371699450735666,0.37240680486720423,0.32161886803614304,0.4274665954277605,0.4462849012683932
93,3.5316046045952767,other,other,0.15364051363126258,6.564745858408157e-09,0.28236423949142764,0.18967355279870918,0.17519158830680068,0.4109913089061314,0.3330799565898562,0.37077276825785177,0.32206780567662513,0.42467162916374535,0.4464083494506431
94,3.5683398869881042,other,other,0.15150963067878684,4.443374405035494e-10,0.28474696318269604,0.18940845098669867,0.17418944429061659,0.4140920822546287,0.32898989732766,0.36923299312149666,0.32254622891180057,0.42196451029583315,0.44653334259899213
95,3.60509390810158,other,other,0.1494059349481861,6.242815724002287e-10,0.28710441387069335,0.18899482212857935,0.173124767140873,0.4171231035633564,0.32489669003410465,0.36774807393328085,0.32309956068402845,0.4192571553424977,0.4466588487546922
96,3.641867556372792,other,other,0.1473290588225459,2.491973178698516e-09,0.2894343679080618,0.18849543809710567,0.17196609581829125,0.42010374435887904,0.32079811121750096,0.3663360795425342,0.3236988374389926,0.4165921454153026,0.4467853579413656
97,3.678660980557776,other,other,0.1457619190703157,8.056658960255928e-09,0.2711614303720436,0.16315448908656527,0.2130363388676844,0.44941155727673193,0.33445337880652987,0.364995640469327,0.3243400563465418,0.4139684314929919,0.4469128600770272
98,3.7154735822170863,other,other,0.14325454553424027,5.525176021176834e-10,0.29401272986268234,0.18731196077192416,0.16934111894467493,0.4259374297855417,0.31257590558365084,0.3637411050685054,0.3249929477624919,0.41142862943293607,0.44704187382979244
99,3.7523040240484544,other,other,0.1412564141239041,3.845179106327576e-09,0.296257263311896,0.18655915864995082,0.16790250968345974,0.4287758218929273,0.3084477950107826,0.3625387463318092,0.3257066441596915,0.4088842213986984,0.4471711008157697
100,3.789150253896027,other,other,0.13928410564561916,5.970205961995254e-10,0.2984930123396321,0.18572174825637505,0.1663705397973917,0.4315696115982723,0.30430579237327854,0.3614035215006846,0.32645138403773677,0.4063777654333596,0.4473008387663969
101,3.8260095435546537,other,other,0.13733746915915507,1.011847345969258e-09,0.3007215365749039,0.18479993415717633,0.16474507061191176,0.4343201652628762,0.3001478520892415,0.36033383447370465,0.3272237464331677,0.4039081343723714,0.4474306894703696
102,3.8628785408674053,other,other,0.1354163828715929,5.96258610123669e-09,0.3029229057991899,0.18379383924156611,0.1630261112270632,0.4370287725866647,0.29597219496628946,0.35932803837196775,0.3280203856006262,0.4014742138895901,0.4475601145374127
103,3.899753333116257,other,other,0.13352074842491654,1.7366003550865204e-09,0.3051103859092926,0.18270382171498292,0.16121333789898687,0.439696971904402,0.2917767394674074,0.3583844473705632,0.32883801831914167,0.3990749104121637,0.4476884356107859
104,3.9366295193487164,other,other,0.13165048504128207,3.633358694437999e-09,0.30728420215586255,0.1815300687686048,0.15930655093364876,0.4423260796809607,0.2875597513854911,0.357501347273187,0.32967341857750737,0.3967091563750551,0.44781484214517914
105,3.973502289074399,other,other,0.12980552365378836,5.125693399144451e-10,0.3094517563535462,0.1802729755948588,0.15730500612613785,0.4449174251736049,0.28331919120605714,0.3566770050107265,0.33052341862177703,0.3943759129788373,0.4479384054553568
106,4.0103665047013575,other,other,0.127985801150107,7.130589188119457e-09,0.31160640023190556,0.17902021561143328,0.15518800005323424,0.4474899208438573,0.2790526295400118,0.3559195064939555,0.33135816384902295,0.3921179245083422,0.448058814521326
107,4.047216785150013,other,other,0.1261912548312961,3.807450254163333e-09,0.3137390863786205,0.17760068048115393,0.15299369656399187,0.4500109762914086,0.27475712874617797,0.3552066896090437,0.3322282318891737,0.3898466934780361,0.4481735456071252
108,4.084047588263797,other,other,0.12442181715810209,4.2373694669487575e-09,0.31586475198280717,0.1761005742490798,0.1506985512884337,0.4525001182849948,0.2704286128044078,0.35454744928923815,0.3331038451280096,0.38760502303692795,0.4482821399690595
109,4.120853289906978,S,other,0.12040831181715854,3.6418437511575188e-09,0.5058932804814092,0.238877932556345,3.4719214383765313e-08,0.47819313493960247,0.18335808535369139,0.35394014470002216,0.3339821563311225,0.38539197901231037,0.4483834067935042
110,4.157628257976761,S,other,0.11861055791420329,3.939146438913408e-09,0.5093819303720452,0.23622827902252355,5.3564620134458514e-08,0.47982349856442696,0.18103874817636584,0.3533832123105816,0.3348604285421376,0.3832066451317735,0.44847614571598926
111,4.19436691993323,other,other,0.11926330522134027,3.3933221403184217e-10,0.3222077834384912,0.171236618524819,0.14313419257312687,0.45981987845532796,0.2571845779699561,0.35288094921402113,0.33571000108688415,0.3810917997344455,0.44855995935546744
112,4.231063822843367,S,other,0.11510090870576038,1.3534020284589555e-09,0.5161563021593865,0.2306606140906411,4.770415688960842e-09,0.4829479072254621,0.1765543857317335,0.3524195343079323,0.33658066267254977,0.3789591659237565,0.4486321085894227
113,4.267713685322441,S,other,0.11338867453426904,3.822145955549613e-10,0.5194440149027633,0.22763812443813278,1.7869741120744987e-09,0.48442907457850576,0.17438626443761923,0.35200426044760863,0.3374438323906858,0.3768515608672483,0.44869224116141876
114,4.304311441118937,S,other,0.11170457416129657,4.6204062403093696e-10,0.5226670422506754,0.2245968680767415,1.6949580068246504e-09,0.48587898246386696,0.1722661561183871,0.3516369357718846,0.33827183564427166,0.3748117067008262,0.4487401060683889
115,4.340852274412594,S,other,0.11004838667037453,8.465733571517801e-09,0.5258262690644345,0.22131720925585063,7.724704720130749e-08,0.48726760205624664,0.17019210525127162,0.3513091167745916,0.3391136863191244,0.3727514961374484,0.4487729994790231
116,4.377331647167607,S,other,0.10841987046987231,2.0521607164451776e-09,0.5289241847961984,0.21801670509678053,1.3890610800631176e-09,0.4886276790246576,0.16816339910127504,0.35102469921842633,0.3399167428218936,0.37075722369861813,0.44879161049183497
117,4.413745319096895,S,other,0.10681876388954252,1.7506727329632553e-09,0.5319607147938521,0.21446124219812088,1.1279083683513777e-08,0.4899291467367649,0.16617817886963843,0.3507787674672303,0.34072938115457896,0.36874092464820796,0.44879326173272127
118,4.450089360944737,S,other,0.10524478608462914,9.622808866662482e-09,0.5349372374856775,0.21087422685238158,6.6410174902124e-08,0.49120450514947434,0.16423590189377762,0.35057106270848937,0.34150006807319755,0.3667887667081869,0.44877877054638476
119,4.486360161884072,S,other,0.1036976381858443,9.301824277339796e-10,0.5378560291060969,0.20712608503323363,5.154314837229281e-09,0.49243939931294145,0.1623349947903306,0.35039821266460064,0.3422521445981242,0.36485636837298346,0.44874636732142853
120,4.522554431854534,other,other,0.10913603676020915,2.2914411411767453e-09,0.4022044568068333,0.21887321743625063,0.2266335354193288,0.5505499305882378,0.2675678982516496,0.35026003824538515,0.34300807635456715,0.3628995355233468,0.4486942426971522
121,4.5586691996445445,other,other,0.10760946316293173,2.024375108372377e-09,0.4034065871093357,0.21609680035392498,0.22491277503528118,0.5515379404150607,0.2647244036001062,0.3501487610682117,0.3437179792130961,0.3610042252879586,0.4486233411263166
122,4.594701807454092,other,other,0.1061070842597401,8.963828543828395e-09,0.404593595403073,0.2132831084012739,0.22315664463501486,0.5525086760573218,0.2618609391736618,0.3500611230193648,0.3444046712058111,0.35912623953987244,0.4485318707097611
123,4.630649902575211,other,other,0.1046286221102315,7.056725702180255e-09,0.40577468362755037,0.21042608053035428,0.22136568227040607,0.5534626135951581,0.2589774378549104,0.34999007137612526,0.34506671410022105,0.3572648153564388,0.44841893842999875
124,4.666511426706115,other,other,0.1031737866198025,5.956993213046957e-09,0.40694774135920575,0.2075138304158387,0.2195402799835263,0.5544004699085936,0.2560735095150672,0.3499244350048232,0.3457027033656091,0.35541922091608424,0.448283639222067
125,4.7022846032845145,other,other,0.10174227694961613,4.156739212177493e-09,0.4081200757285428,0.20456698884263955,0.21768603818189947,0.5553398443645181,0.25314956579068537,0.34983897385134477,0.34628844615076365,0.35363183835350226,0.44812604061025996
126,4.7379679230972975,other,other,0.10033378294058921,6.040317859872221e-09,0.409295455329111,0.2014321756073625,0.21579404859390733,0.5562467944511698,0.25020529647961587,0.3496894657246554,0.3468684809918675,0.35181578241097045,0.447943252956892
127,4.7735601283076035,other,other,0.09894798651643819,3.49278814426807e-09,0.4104724261024673,inf,0.2138697534697256,0.5571390682380143,0.24724098074879963,inf,0.3474184232009426,0.3500135734637613,0.44773531084197804
128,4.809060194944843,other,other,0.09758456307175338,7.137326035693921e-09,0.411652524118563,inf,0.21191911216416492,0.5580343531642133,0.24425688862779055,inf,0.34791491040208755,0.3482675063633981,0.44750229864010765
129,4.844467313834462,other,other,0.09624318282998581,4.207739057445661e-09,0.4128343751477185,inf,0.20993806863815825,0.5589159026246922,0.24125319395722225,inf,0.34837926532192953,0.3465340184550532,0.44724228512480707
130,4.879780869905943,other,other,0.09492351217814962,3.662533753389997e-09,0.41402766448364053,inf,0.2079221496268754,0.5597671227812777,0.238230171621867,inf,0.3488318921469067,0.3447698783191963,0.4469533074979945
131,4.915000419810718,other,other,0.09362521496417373,4.8370794094860885e-09,0.4152237941068349,inf,0.2058831467504367,0.5606226535737134,0.23518852330780946,inf,0.3492282112170455,0.34306015474401735,0.44663656739478796
132,4.950125667805041,other,other,0.09234795377024325,4.477552143501927e-09,0.4164269433887412,inf,0.20381686492185289,0.5614658325906282,0.2321286925735296,inf,0.34958899267292887,0.34136162697171263,0.44629018789190017
133,4.985156439902821,S,other,0.08465698197949197,7.883956992081665e-10,0.5732554630492807,inf,2.121074190190474e-09,0.5061905896816089,0.13945163772735167,inf,0.3499132482242998,0.33967392104844274,0.4459133849658638
134,5.020092656374727,S,other,0.08346866470402522,5.069132789852086e-09,0.5754404500943205,inf,1.4737423015041814e-08,0.5069651704080197,0.13804407087385745,inf,0.35020008294677846,0.33799670842220275,0.44550544407237175
135,5.054934302755944,S,other,0.08230114454541945,1.8284591690825206e-09,0.5775856655963278,inf,4.713714206394558e-09,0.507715561839638,0.13666207065912891,inf,0.3504487068980791,0.336329707072887,0.44506573265537136
136,5.089681399618394,S,other,0.08115403798994496,6.50569806023045e-09,0.5796916681848164,inf,7.940146671876146e-09,0.5084425616446575,0.13530486331888045,inf,0.35065844605917557,0.33467268295881364,0.4445937117780424
137,5.124333971456712,S,other,0.0800269680411197,1.0474146214012734e-09,0.5817595733312921,inf,1.4743068778745594e-09,0.5091618717992947,0.13397217864202343,inf,0.350808755239048,0.3330675466805182,0.4440900807093353
138,5.158892015123558,S,other,0.07891956515567516,8.191179018009791e-10,0.5837903520839566,inf,8.259429225529971e-10,0.5098443060565033,0.13266239063791888,inf,0.350939433692904,0.33142987121473666,0.4435522619562512
139,5.193355468322791,S,other,0.07783146808695304,2.2609902208564883e-09,0.5857848641627024,inf,9.445061344426196e-10,0.5105204136536399,0.13137575025466167,inf,0.3510104217898885,0.32984365745690164,0.4429823351969278
140,5.2277241787235305,S,other,0.07676232462429723,3.6527997658767504e-09,0.5877440159699412,inf,1.7276609900854947e-08,0.5111611166379566,0.1301106602111861,inf,0.35106094979235747,0.3282250029678802,0.44237792419094557
141,5.261997874290737,S,other,0.07571179221682169,6.0329473666784335e-09,0.5896685697945477,inf,9.565698668218008e-09,0.5117967475804891,0.12886745084234963,inf,0.35105210803959513,0.32665759275083484,0.44174141702557673
142,5.296176135436583,S,other,0.07467953847277779,2.212386910838619e-09,0.5915592788681513,inf,4.555248324190016e-09,0.5124130644336672,0.12764505026542536,inf,0.3510036463109896,0.32509962680501797,0.44107185312926883
143,5.330258369581303,S,other,0.07366524152648485,7.192965035354803e-09,0.5934171528966777,inf,3.7657945787865814e-08,0.513010669142613,0.1264428849658428,inf,0.3509159043908939,0.32355124991926393,0.44036956955921125
144,5.36424378867353,S,other,0.07266859026747285,4.157421168550917e-09,0.5952426965971575,inf,2.0401369825416793e-08,0.5135901609375457,0.12526039234036604,inf,0.35078938381877356,0.3220126684370926,0.43963504478194126
145,5.398131390160639,S,other,0.07168928443210901,3.291756454162109e-09,0.5970366243198874,inf,5.4178249560001115e-09,0.5141520734303241,0.1240970627650575,inf,0.3506247483260788,0.32048414982138024,0.43886889937180873
146,5.431919941822845,S,other,0.07072703455664649,7.649826199500054e-09,0.5987999266889579,inf,4.251402392841933e-08,0.5146969104143703,0.1229524137180364,inf,0.35042282313273426,0.31896602109923566,0.4380718957117562
147,5.465607970794523,S,other,0.0697815617955227,8.102411058168845e-09,0.6005328534109904,inf,3.0209352924960616e-08,0.5152252286563948,0.12182593132210474,inf,0.3501845930583251,0.3174586660535509,0.4372449366753182
148,5.499193756996956,S,other,0.068852597616644,9.00892957241213e-09,0.6022361454336624,inf,3.0107073199417e-08,0.515751914871103,0.12071770969286717,inf,0.3498933603753896,0.3160032617798777,0.43639032697902286
149,5.532675331102562,S,other,0.06793988337662052,1.9049448049080345e-09,0.6039102615673456,inf,1.1236855459897065e-08,0.5162484938085325,0.11962629138827839,inf,0.34958627156164684,0.3145186613305527,0.4355067263641451
150,5.566050477045796,S,other,0.06704316979614842,4.562382925718967e-09,0.6055558327971216,inf,7.780162686142153e-08,0.5167442615691922,0.11855229270697429,inf,0.3492292505717141,0.3130867144698297,0.43459797885121676
151,5.5993167389938225,S,other,0.06616221633992148,3.0783528138700953e-09,0.6071741448522632,inf,3.6652846174909216e-09,0.5172251605197568,0.11749481653454057,inf,0.3488417034908945,0.31166722266473,0.4336642489865924
152,5.632471432593798,S,other,0.06529679052708834,2.326055099002821e-09,0.6087647729579497,inf,2.3739620665259463e-09,0.5176916151643808,0.11645348987207979,inf,0.3484253261083715,0.31026075111041906,0.4327070803141525
153,5.665511660225491,S,other,0.06444666718122649,4.232026210554301e-09,0.6103287532333399,inf,3.8268556230962625e-08,0.5181297793276204,0.11542744351749581,inf,0.34799894921147145,0.3088279169215826,0.4317268005601488
154,5.69843432990977,S,other,0.06361162763918,8.125903693304536e-09,0.6118657512551163,inf,1.028728741064847e-07,0.5185826862401505,0.11441790674427722,inf,0.34751343698483195,0.3074891849697302,0.43072911695433136
155,5.731236177456403,S,other,0.06279145893698801,5.1480572719348984e-09,0.6133771124021523,inf,7.251304760159133e-08,0.5190080094653182,0.11342295063151864,inf,0.3470218484101396,0.3061252447664229,0.4297118893114841
156,5.763913791379377,S,other,0.06198595298647,7.302326673045199e-09,0.6148630928351422,inf,8.44434465962282e-08,0.5194203188982802,0.11244284931911003,inf,0.34650924363642294,0.3047766123974539,0.42867832863928096
157,5.796463640064918,S,other,0.061194905761145085,6.6293839621506555e-09,0.6163242927595145,inf,5.603950854506686e-08,0.5198339203173011,0.11147784414015657,inf,0.3459613258734199,0.30348307541838443,0.4276317406034886
158,5.8288821006467595,S,other,0.060418116505883204,7.636601950622181e-09,0.6177607150821491,inf,6.903234252603502e-08,0.520221107550361,0.11052653325989267,inf,0.3454132558949763,0.30216641269960604,0.42657137302615883
159,5.86116548902484,S,other,0.05965538698050509,5.9997005820556985e-09,0.6191730569428946,inf,4.600201554308425e-08,0.5206101075752295,0.10958975500063374,inf,0.3448344849953497,0.30090539661251875,0.4255019532748966
160,5.893310090457557,S,other,0.05890652075524354,5.504960166438807e-09,0.6205615218546896,inf,4.651543928053792e-08,0.5209872262559371,0.10866668892463441,inf,0.3442436000324233,0.29966114184612064,0.42442409019638505
161,5.925312190163538,S,other,0.05817132256207315,3.360941780402671e-09,0.6219265039557655,inf,2.8417773224784324e-08,0.5213527565598468,0.10775706975431308,inf,0.3436427303226888,0.2984339655029089,0.42333973338943726
162,5.9571681033865005,S,other,0.057449597715979385,8.21470951397284e-09,0.6232676615869909,inf,1.045578190883377e-07,0.5217070042671392,0.10686063407533192,inf,0.34303395509231827,0.29722412161668066,0.42225078767269986
163,5.988874204405619,S,other,0.056741151607501726,3.4886594808565405e-09,0.6245875280874171,inf,2.9282657694219917e-08,0.5220501522708567,0.10597717692181079,inf,0.34241928450193276,0.29603179841971117,0.4211590955847243
164,6.020426954013381,S,other,0.05604578927851845,5.707867143455126e-09,0.6258844832262698,inf,4.836448924842904e-08,0.5223961666950937,0.10510699429028013,inf,0.34178510875474016,0.29489500790423,0.42006786582512157
165,6.051822925032287,S,other,0.05536331507469954,6.646572028721181e-09,0.6271596835923378,inf,5.712015759991895e-08,0.5227179865054132,0.10424872302786344,inf,0.3411644356666211,0.2937378113006659,0.41897589387006307
166,6.083058825499927,S,other,0.05469353238476221,6.473182936993281e-09,0.6284134251950484,inf,4.734437765516109e-08,0.5230430452836642,0.10340328651839979,inf,0.3405280159430042,0.2926357643330448,0.41788764920411375
167,6.114131519217423,S,other,0.05403624346008951,6.593647642853454e-09,0.6296460216052451,inf,4.733776909751511e-08,0.5233579952261688,0.10256986164922315,inf,0.3398929663403972,0.2915508905996273,0.41680314777781113
168,6.145038043427297,S,other,0.05339124931357314,4.0747602418529854e-09,0.6308580951217602,inf,1.2339257680209667e-08,0.5236630673327182,0.10174823951934397,inf,0.3392607442700105,0.2904830441389567,0.4157237347294716
169,6.175775623461554,S,other,0.052758349695231424,5.742355502200768e-09,0.6320493767936749,inf,3.7905461488075617e-08,0.5239585393433089,0.10093816580126808,inf,0.33863268009926906,0.2894320219829706,0.4146506385888744
170,6.2063416842768095,S,other,0.05213734313584414,8.634748605216221e-09,0.6332205825934403,inf,6.898606996923074e-08,0.5242579291355928,0.10014002016435523,inf,0.3379950825217242,0.2884341673979646,0.4135864799005555
171,6.23673385886846,S,other,0.05152802705444131,2.4586241592390582e-09,0.6343727803462268,inf,9.685991747997235e-09,0.5245347952600585,0.0993524483901294,inf,0.3373789259196571,0.28741575042611506,0.41252925669813484
172,6.2669499936279145,S,other,0.05093019792575274,7.685331987262951e-09,0.6355046840006997,inf,9.492815627836932e-08,0.5248160066348798,0.0985763104594903,inf,0.3367554772959841,0.28644939281379256,0.4114828906737668
173,6.296988150773376,S,other,0.05034365148692391,8.052165488713127e-09,0.6366185750148181,inf,6.552893195679017e-08,0.5250883748337242,0.09781092165217645,inf,0.33614049136566587,0.2854980961589468,0.4104466749413875
174,6.326846608043959,S,other,0.04976818299124471,3.210832291284612e-09,0.6377136443956377,inf,2.0144714438812334e-08,0.5253522368927788,0.09705598376832854,inf,0.3355347317987216,0.28456142527676664,0.40942132215855054
175,6.356523855897224,S,other,0.049203587488783083,5.435621735033849e-09,0.6387906863961977,inf,4.240469264881919e-08,0.5256077717000348,0.09631130669559837,inf,0.3349388782188667,0.2836389130589359,0.4084074669142172
176,6.386018592490395,S,other,0.048649660126559705,7.088890636308557e-09,0.6398501125365326,inf,9.39795731104348e-08,0.5258681380913625,0.09557732054068667,inf,0.3343391704285072,0.2827652998638496,0.4074072416090527
177,6.4153297167549574,S,other,0.04810619646705121,7.492054414142899e-09,0.6408914665515371,inf,1.3654351127633334e-07,0.5261205635023153,0.09485314647911317,inf,0.33375067525621155,0.28190436747879116,0.40641960513749614
178,6.444456319892577,S,other,0.047572992806169355,9.528625173670178e-09,0.6419160282793337,inf,1.636437563197371e-07,0.5263652066931938,0.09413862473492161,inf,0.33317387448297586,0.2810555747373747,0.4054450116945611
179,6.473397675627722,S,other,0.047049846492290076,7.71316954579983e-09,0.6429232468000051,inf,1.2909160238956034e-07,0.5266023784466054,0.09343347989896536,inf,0.332609202854165,0.28021836796786564,0.4044838699103496
180,6.502153229549341,S,other,0.04653655623734254,9.105269030362233e-10,0.6439137406776554,inf,1.0020536192084846e-08,0.5268322068753727,0.09273756479462457,inf,0.33205705384701434,0.2793921863697918,0.403536547622746
181,6.530722587861636,S,other,0.046032922412316296,5.863800234517371e-09,0.6448891401768854,inf,1.0406970572185631e-07,0.5270548651164709,0.09205073134132019,inf,0.3315177836953772,0.278576467620131,0.4026033750096545
182,6.559105505843309,S,other,0.04553874732263512,6.571495847430744e-09,0.6458484054918058,inf,1.148461884045775e-07,0.5272832492686435,0.0913733320400024,inf,0.33097777579471876,0.27780448267604313,0.4016862669674295
183,6.587301876287242,S,other,0.04505383546485387,6.3100107790237635e-09,0.6467921851321766,inf,1.1220691988769964e-07,0.5275048121006323,0.09070457413109315,inf,0.330451381647836,0.2770413778280013,0.4007838783241278
184,6.615311718159692,S,other,0.04457799375578078,7.738950053492663e-09,0.6477209963247393,inf,1.3709871193026382e-07,0.5277197446185034,0.09004427598515176,inf,0.32993884801976603,0.2762866167602514,0.39989643036052963
185,6.643135165681622,S,other,0.04411103173502081,7.85953868090594e-10,0.6486343760086948,inf,9.086480654370829e-09,0.5279282848468041,0.08939220183526576,inf,0.3294403861530633,0.27553968479574154,0.399024106077562
186,6.670772457995959,S,other,0.04365276174185242,8.949991006075249e-10,0.6495338751551408,inf,9.59062161568222e-09,0.5281305497243896,0.08874824416547517,inf,0.3289561701459442,0.2748000940470944,0.3981670482916608
187,6.698223929545156,S,other,0.04320299906144888,9.033843819259021e-10,0.6504192237065473,inf,9.623972677430478e-09,0.5283390989571244,0.08811283019878773,inf,0.3284726835715441,0.27410002965551333,0.39732702017101956
188,6.725490001244784,S,other,0.04276156204708806,9.973622181174563e-09,0.6512914169399107,inf,1.7849441604320642e-07,0.5285416169668108,0.08748519724481532,inf,0.3280037743419339,0.2734059500315961,0.3965024324865768
189,6.7525711725021305,S,other,0.042328272213298254,5.411846413469782e-09,0.6521490571706567,inf,9.988709143147836e-08,0.5287261576295594,0.08686440876622158,inf,0.3275630453692233,0.27268530283738274,0.39569161982088386
190,6.779468014095242,S,other,0.04190295431011007,2.795197031978504e-09,0.6529935095897016,inf,5.619228913314002e-08,0.5289295223336113,0.08625231303298841,inf,0.32710983944541444,0.2720342439970556,0.3948995843482372
191,6.806181161898152,S,other,0.0414854363695103,9.75536550344258e-09,0.6538243014881322,inf,1.5154105282374626e-07,0.5291152447084523,0.08564673955529913,inf,0.32668478780961097,0.27135597108610915,0.39412121697001445
192,6.832711311413102,S,other,0.04107554973465753,5.364638412642085e-09,0.6546441526769834,inf,9.541981104277025e-08,0.5292955511180831,0.0850483334969466,inf,0.3262742644559761,0.2706823918203139,0.39335807924871613
193,6.859059213050514,S,other,0.04067312907418048,9.773321929204028e-09,0.6554510796335071,inf,1.5664161700931894e-07,0.5294827637717746,0.08445746548640765,inf,0.3258647774475498,0.27004450156403176,0.3926117243618386
194,6.885225668082834,S,other,0.04027801237635965,6.66491087883761e-09,0.6562458703139007,inf,1.052960010236138e-07,0.5296648733599961,0.08387337005587907,inf,0.3254696486006258,0.26941043466493025,0.3918802697396233
195,6.911211525188724,S,other,0.03989004093630439,1.4749498014900103e-09,0.6570284954674834,inf,1.2533121935344805e-08,0.5298420577825725,0.08329586753053347,inf,0.32508870726681544,0.26878005349293876,0.39116349621426477
196,6.9370176774995596,S,other,0.039509059329477125,1.425238956394405e-09,0.6577996520564053,inf,2.2874790922556136e-08,0.5300144530135719,0.08272481897374087,inf,0.32472176047449397,0.26815325761344466,0.39046115976583584
197,6.962645060059965,S,other,0.03913491537801498,4.4675871877820905e-09,0.6585595886190744,inf,7.362120337650346e-08,0.5301821803317635,0.0821601090630309,inf,0.3243685979552996,0.26752998091174646,0.38977299671020926
198,6.988094647617964,S,other,0.038767460111465736,3.0502594206688587e-09,0.6593079334126297,inf,4.322643936464885e-08,0.5303571833934052,0.08160221939919104,inf,0.3240157740063733,0.26694021630622433,0.3891004708460662
199,7.013367452667177,S,other,0.03840654772294784,1.2577547077571773e-09,0.6600459329663906,inf,1.8535956114456863e-08,0.5305276946857537,0.08105039271256988,inf,0.32367633525656253,0.2663534553175304,0.38844156530407603
200,7.038464523672861,S,other,0.03805203552149309,9.090045414788476e-10,0.6607733387715614,inf,1.3290300159428343e-08,0.5306938561195221,0.08050448818695677,inf,0.32335004310556736,0.26576971413663947,0.3877959866929897
201,7.063386943424421,S,other,0.037703783883102984,9.33332486031382e-09,0.6614911000003398,inf,1.4832654687647986e-07,0.5308557678769926,0.07996439029746395,inf,0.32303665907523466,0.2651890304499493,0.38716344008169207
202,7.088135827468639,S,other,0.03736165619943308,3.729083214421523e-09,0.662197101287144,inf,6.609412703677902e-08,0.5310136859251452,0.0794298914655282,inf,0.3227359476149129,0.26461146043734685,0.38654363201443737
203,7.112712322589527,S,other,0.03702551882854912,9.932185670593306e-09,0.6628945558765901,inf,1.7959010875315152e-07,0.5311675653017345,0.07890095811194728,inf,0.32244767811627706,0.26403707602875215,0.385936272748234
204,7.137117605311614,S,other,0.03669524104150387,3.731223528389248e-09,0.6635810348813607,inf,7.64381391224379e-08,0.5313291605881646,0.07837805622250918,inf,0.3221585341446901,0.2634945859148106,0.38534285653814077
205,7.161352880413327,S,other,0.0363706949734823,1.0623095806066175e-09,0.6642580519075926,inf,1.8989493407320162e-08,0.5314868850611365,0.07786050144897713,inf,0.32188142196629344,0.2629549965479821,0.38476133753414793
206,7.185419379445259,S,other,0.036051755571979496,8.598182512004927e-09,0.664925748188928,inf,1.7624789424615277e-07,0.5316409357185936,0.07734807191814212,inf,0.32161612595507505,0.26241841308480224,0.3841914429869872
207,7.209318359254556,S,other,0.035738300545585175,7.040695507485413e-09,0.6655859027910657,inf,1.1751755953025763e-07,0.5317912996605718,0.07684081705865767,inf,0.32136243648152085,0.26188494857416816,0.38363290587170823
208,7.23305110052106,S,other,0.035430210316117455,4.666623920831198e-10,0.6662356392999844,inf,7.403225444935857e-09,0.5319382910911816,0.07633839385641057,inf,0.3211201489696735,0.2613547226243993,0.3830854641871259
209,7.256618906313447,S,other,0.03512736796714083,3.114736464842477e-09,0.666876882733198,inf,6.089485308220981e-08,0.5320818968135687,0.07584082768395053,inf,0.3208890627668643,0.26082786025129856,0.3825488600561698
210,7.280023100674536,S,other,0.03482965919440371,9.917162255105762e-10,0.6675099393449077,inf,1.756566543719636e-08,0.5322333566808736,0.07534872885743475,inf,0.3206559574026497,0.26033173535062637,0.3820246502746614
211,7.303265027244313,S,other,0.034536972257607976,9.001505398888168e-09,0.6681349021046485,inf,1.8095702646570998e-07,0.5323814614055683,0.07486135606901538,inf,0.3204336718851718,0.2598387800853385,0.38151078119753107
212,7.326346047927615,S,other,0.0342491979271658,2.6224424422456895e-09,0.6687513323952026,inf,2.718423762245949e-08,0.5325265967931753,0.0743783218512858,inf,0.3202220067161717,0.2593491299999383,0.38100700179525576
213,7.349267541610987,S,other,0.03396622944223576,6.746479784792802e-09,0.6693590123331314,inf,1.0162959493889752e-07,0.5326686899703313,0.07389969469811494,inf,0.3200207625856474,0.2588629223912598,0.38051306213874336
214,7.3720309029304065,S,other,0.033687962453254276,5.865392253307961e-09,0.669960214599445,inf,5.95349441374493e-08,0.5328076731100688,0.07342554676638464,inf,0.3198297400789176,0.25838029537683604,0.38002871321625614
215,7.394637541088758,S,other,0.03341429497875808,5.101656789722209e-09,0.6705530379439801,inf,4.258196682856696e-08,0.5329438296447881,0.07295558898760715,inf,0.31964873971177205,0.2579013869308561,0.3795537070476668
216,7.417088878719328,S,other,0.03314512735483536,4.276104523321426e-09,0.6711386479288984,inf,3.941671381071012e-08,0.5330880705025195,0.07249048841277153,inf,0.31946455436014953,0.25745223448877014,0.37908963751380886
217,7.439386350789478,S,other,0.032880362186743325,3.138087586768385e-09,0.6717170620560861,inf,2.424478566471062e-08,0.5332295534932461,0.07202941319981156,inf,0.31928998905392897,0.25700662935994795,0.3786344287834835
218,7.461531403537208,S,other,0.0326199043023159,8.071625383834379e-09,0.6722878410992826,inf,9.105168352904541e-08,0.53335759805758,0.07157154722677236,inf,0.31913785773645376,0.256539239991971,0.3781859898599784
219,7.483525493432547,S,other,0.03236366070289221,5.258038613615996e-09,0.6728521205583765,inf,5.292315259954467e-08,0.5334937823167224,0.07111833936019549,inf,0.31898193891993454,0.2561013404414702,0.37774777684221134
220,7.505370086155728,S,other,0.03211154052077826,8.203378016968319e-09,0.6734093164334054,inf,7.790466827502247e-08,0.5336381720903269,0.07066960243160895,inf,0.3188220233127385,0.2556924005231865,0.377319569395933
221,7.527066655584769,S,other,0.03186345497038298,8.412483191365068e-09,0.6739616767233004,inf,1.626753786612602e-07,0.5337693572506979,0.07022381114212017,inf,0.31868396490221307,0.25526226366247357,0.37689742840478235
222,7.548616682786291,S,other,0.03161931730503584,2.6165252412546925e-09,0.6745042872239545,inf,3.559785432383987e-08,0.5338982081878861,0.06978170322857684,inf,0.3185545598971323,0.25483628712601203,0.37648298605841396
223,7.570021655005106,S,other,0.03137904277647288,9.069974426134837e-09,0.6750426787900439,inf,1.9495278852900398e-07,0.5340353086234836,0.0693438230541389,inf,0.3184205779533085,0.2544389593732028,0.37607789812088555
224,7.591283064649983,S,other,0.03114254858649592,5.62424660088736e-09,0.6755738278262371,inf,1.200993297089306e-07,0.5341701536888893,0.06890936522126373,inf,0.3182948765697307,0.2540455671915963,0.37568009541837954
225,7.612402408274997,S,other,0.030909753852088894,9.229958045369087e-09,0.6761002611304537,inf,2.081733674954455e-07,0.5343027628575823,0.06847826079919345,inf,0.3181772868854706,0.25365620122600757,0.37528937840473653
226,7.633381185557779,S,other,0.030680579558715306,4.092801565865577e-09,0.6766181244480505,inf,7.692986224086343e-08,0.534433248443514,0.06805050548349796,inf,0.31806764672571053,0.25327094450906107,0.37490555506914375
227,7.65422089827761,S,other,0.030454948527424034,5.886778898438021e-09,0.67713170733649,inf,1.335580686734231e-07,0.5345616453546761,0.0676259474898808,inf,0.31796580042182404,0.2528898725382471,0.37452844070108404
228,7.674923049297703,S,other,0.03023278537034363,7.2374096811900126e-09,0.677639253387612,inf,1.7126449923596268e-07,0.5346880394801146,0.06720454482273829,inf,0.3178715984586793,0.2525130534848259,0.3741578574836116
229,7.6954891415568385,S,other,0.030014016455527634,3.584230691053552e-09,0.6781408107404037,inf,9.052053973011773e-08,0.5348228361655046,0.06678692113152153,inf,0.31777175977092514,0.2521636872259797,0.3737955264088149
230,7.71592067707607,S,other,0.029798569870547735,7.390901594459811e-09,0.6786370835387696,inf,9.001380759104321e-08,0.5349454107213443,0.06637156840982061,inf,0.317692401755417,0.2517953443341765,0.3734375004984914
231,7.736219155986208,S,other,0.029586375383662992,3.748241945202837e-09,0.6791292170697119,inf,7.73468817782756e-08,0.5350764123658037,0.0659598401457218,inf,0.3176070951534297,0.2514541513480576,0.3730874073401358
232,7.756386075581425,S,other,0.029377364410210785,9.764395678975692e-09,0.6796156191015037,inf,1.8888134880052592e-07,0.5352055706129708,0.06555103007283,inf,0.31752884332285286,0.25111701423098903,0.3727431981938243
233,7.776422929403644,S,other,0.02917146997503241,6.6146322980596695e-09,0.6800960375972548,inf,1.244694271202099e-07,0.5353330237924189,0.06514497999949863,inf,0.31745751571874875,0.2507839724978043,0.3724047206297465
234,7.796331206361441,S,other,0.02896862668007729,8.020463965446433e-09,0.6805718994450526,inf,1.4913321972622378e-07,0.5354587752595847,0.06474165937414891,inf,0.31739298467663596,0.25045506092935277,0.37207182557802604
235,7.8161123898860865,S,other,0.02876877066786945,3.109592135462679e-09,0.6810423701593805,inf,5.5969143276375593e-08,0.5355829319708498,0.06434097110116045,inf,0.31733512509311157,0.2501303099567031,0.3717443669432459
236,7.835767957126303,S,other,0.028571839589373815,9.53616454810081e-10,0.6815082434408926,inf,1.0082961722427493e-08,0.5357055210025825,0.06394287508543708,inf,0.3172838142361051,0.24980974598819963,0.37142220134298354
237,7.855299378182172,S,other,0.028377772569480254,1.1131109433544678e-09,0.6819696419131973,inf,1.115242336010038e-08,0.5358365787243935,0.06354806589292841,inf,0.3172256171011233,0.24951494525994122,0.3711071067700856
238,7.874708115377763,S,other,0.02818651017457394,1.2832739787680119e-09,0.6824264552547158,inf,1.294527759187991e-08,0.5359561786336505,0.06315495813606056,inf,0.3171870172608235,0.2492026248449141,0.3707951105634498
239,7.893995622571275,S,other,0.027997994380158986,1.3409511759612436e-09,0.6828787781481461,inf,1.2202673875038659e-08,0.5360842967429164,0.0627650063754726,inf,0.3171412406470432,0.24891572036699763,0.3704899175882511
240,7.913163344500995,S,other,0.027812168538967105,1.3590509575744913e-09,0.6833267096515049,inf,1.1336323405971642e-08,0.5362110091023405,0.062377394382637494,inf,0.3171014854067774,0.24863269300138438,0.37018947615878095
241,7.9322127161651075,S,other,0.02762897734962525,1.124597315865081e-09,0.6837703553640155,inf,6.0648357345234e-09,0.5363363785800878,0.06199205395724006,inf,0.31706763805728716,0.24835355430990025,0.36989365637900484
242,7.9511451622333364,S,other,0.027448366825902525,1.9327467526516815e-09,0.684209864759783,inf,1.968219628591264e-08,0.5364604519927324,0.06160893417288567,inf,0.31703958837434176,0.24807831270084618,0.3696023315636944
243,7.969962096488638,S,other,0.027270284266610073,7.058331410233348e-09,0.6846456067087212,inf,1.2317924606075882e-07,0.5365832710405202,0.06122798572110343,inf,0.31701722968743407,0.24780697346995653,0.36931537845013523
244,7.988664921297451,S,other,0.027094678225384368,9.19937654208342e-09,0.6850770590278429,inf,1.6218816306573098e-07,0.5367049147529424,0.06084912903340009,inf,0.3170004591418522,0.24753953884944147,0.3690326773779688
245,8.007255027107519,S,other,0.02692149848196577,1.9539503326860042e-09,0.6855040715630922,inf,1.5872841804248613e-08,0.5368351452494259,0.06047304539158739,inf,0.31697561469442426,0.24729607388967198,0.3687560541008775
246,8.025733791972801,S,other,0.02675069601473671,2.3585052315354184e-09,0.6859277456815162,inf,2.4439084184832553e-08,0.536954553746034,0.06009820225247415,inf,0.3169696912964713,0.2470362610502105,0.368481515907009
247,8.044102581105525,S,other,0.026582222970703936,2.0931816828040935e-09,0.6863476382756396,inf,1.824524823931275e-08,0.5370825328267691,0.05972606683676011,inf,0.31695543383286134,0.24680005106317632,0.3682128403257629
248,8.062362746455891,S,other,0.026416032639456896,2.992362877649217e-09,0.6867640026375414,inf,4.537736225860846e-08,0.5372094556760991,0.05935581178139046,inf,0.31694631529839795,0.24656737162462633,0.36794798101831455
249,8.080515626320336,S,other,0.02625207942570017,2.0564716947258697e-09,0.6871766221794339,inf,2.0770260794840852e-08,0.5373258648798864,0.05898658130694842,inf,0.316955963989333,0.2463188535959492,0.36768488493943874
250,8.098562544979474,S,other,0.026090318823177645,1.2094491465076769e-09,0.6875857972769591,inf,5.3359208229271124e-09,0.5374508805014909,0.058619904753935054,inf,0.31695690939802185,0.24609337904075015,0.36742735590167186
251,8.11650481236698,S,other,0.02593070738844657,1.254000162036211e-09,0.6879916515646285,inf,1.1230468124890841e-08,0.537574989682593,0.05825494383009354,inf,0.31696274804039914,0.24587140103703825,0.36717334993238643
252,8.134343723770563,S,other,0.02577320271546136,1.4636274729901751e-09,0.6883942234625106,inf,2.8312621768262988e-08,0.5377076596391251,0.05789243884823734,inf,0.31695956390088337,0.2456717494016222,0.3669247348602497
253,8.152080559566071,S,other,0.025617763410747743,7.33421913202666e-09,0.6887929685095879,inf,1.9108261142164457e-07,0.5378300394277105,0.057530790215676,inf,0.3169749223430444,0.24545654827510188,0.3666775055064747
254,8.169716584985327,S,other,0.025464349068055975,8.43304081173895e-09,0.6891891356554206,inf,1.873415278748703e-07,0.5379517459032389,0.05717060107764941,inf,0.31699495742033645,0.24524479562016527,0.3664335323807665
255,8.187253049917988,S,other,0.025312920244796516,2.1692987068667492e-09,0.6895825290920277,inf,4.177396852216267e-08,0.5380819952453129,0.056812764482079156,inf,0.3170056249113748,0.2450548157023077,0.36619469774270574
256,8.204691188747182,S,other,0.025163438438870034,1.0406977433042048e-09,0.6899726152194245,inf,1.0983189236103488e-08,0.5382022204022006,0.05645559871663117,inf,0.3170347700746748,0.24484973513926614,0.3659569890199103
257,8.222032220218168,S,other,0.025015866063888476,4.564315712178571e-09,0.6903597701091642,inf,7.075760745028872e-08,0.5383310733057816,0.05610063514757781,inf,0.3170543249542369,0.24466605990742557,0.36572426104673966
258,8.239277347338813,S,other,0.024870166426779798,1.1983138093384228e-09,0.6907439704694697,inf,8.961313907887158e-09,0.5384592975625553,0.05574701349469334,inf,0.31707820651331076,0.24448542834133036,0.36549446900942534
259,8.256427757310195,S,other,0.024726303705761923,6.697510924573073e-10,0.6911254377238757,inf,2.7206537406328054e-09,0.538586911520135,0.055394707792117005,inf,0.3171063555978825,0.244307821255967,0.3652675363199013
260,8.273484621485267,S,other,0.024584242927603948,5.554262471053931e-09,0.691504211623229,inf,5.518976817715506e-08,0.5387139423076062,0.05504368907359706,inf,0.3171387157284447,0.24413321892738868,0.3650433881711649
261,8.2904490953533,S,other,0.02444394994606245,2.4693691237443178e-09,0.6918803252836155,inf,3.585353800919186e-08,0.5388405230525829,0.054693810621928074,inf,0.3171752331872043,0.24396160112430523,0.3648219515597151
262,8.307322318547545,S,other,0.024305391420868155,1.3564659662692792e-09,0.6922537956171804,inf,6.123832521043741e-09,0.5389666017398974,0.054345129877503846,inf,0.31721585713034384,0.24379294712123856,0.364603155330246
263,8.324105414873614,S,other,0.024168534796857686,1.7664429190588926e-09,0.6926248125100841,inf,1.3718765483987942e-08,0.5390922539758481,0.05399756122305873,inf,0.31726053971537826,0.24362723569931852,0.36438693023264057
264,8.340799492356027,S,other,0.02403334828362474,8.282810299317892e-09,0.6929935336584724,inf,7.57658919337643e-08,0.5392175376252273,0.05365103827435208,inf,0.31730923623367374,0.2434644451406071,0.36417320898129596
265,8.357405643300524,S,other,0.023899800835263794,2.6038087833174284e-09,0.6933595630864102,inf,3.431755390978237e-08,0.5393514432991614,0.053306386808967675,inf,0.3173473788130083,0.24332132155581276,0.3639639141027992
266,8.373924944370035,S,other,0.02376786213201061,1.0241945123651271e-09,0.6937234090233677,inf,3.3330396875279434e-09,0.5394760832904444,0.052961825368310136,inf,0.317403917481456,0.24316415281980058,0.3637550088918129
267,8.390358456672342,S,other,0.023637502560603357,9.436730372468765e-09,0.6940853306789847,inf,9.740490771461782e-08,0.5396093369602336,0.05261906876527723,inf,0.3174496992277438,0.24302630742005793,0.36355040964999286
268,8.406707225857865,S,other,0.023508693195224736,2.0294124525374463e-09,0.6944445067647212,inf,1.0881150755773948e-08,0.53973349614702,0.052276286262557856,inf,0.3175139333493085,0.24287467100300594,0.36334607588847584
269,8.422972282226269,S,other,0.023381405781434095,2.4746645168614465e-09,0.6948018544616907,inf,1.49300806687689e-08,0.5398663214389963,0.05193518574020271,inf,0.3175672132574305,0.2427420157339302,0.36314593591750455
270,8.439154640840885,S,other,0.023255612717080584,6.8034097224901794e-09,0.6951574499178904,inf,1.6167824845137674e-07,0.5399988786701921,0.05159495688980566,inf,0.31762416311764113,0.2426118497396116,0.3629479429184473
271,8.455255301650222,S,other,0.023131287034631583,2.341480542274498e-09,0.6955104071768526,inf,1.1474377573528695e-08,0.5401314718131085,0.05125525428231794,inf,0.3176847557547914,0.2424841505734105,0.36275204373380576
272,8.471275249616058,S,other,0.023008402387616155,4.890174137456514e-09,0.6958618785287347,inf,6.95610696094811e-08,0.5402638487924334,0.05091636482491676,inf,0.3177489672986265,0.24235889546920053,0.36255818702526316
273,8.48721545484776,S,other,0.022886933030797703,4.3863444871100554e-09,0.6962113396433157,inf,5.343617458092134e-08,0.5403962198972627,0.050578053493686666,inf,0.3178167771679395,0.2422360614046207,0.3623663231726872
274,8.50307687274264,S,other,0.022766853806766726,3.652108878920422e-09,0.696558995506062,inf,3.231490762706521e-08,0.5405285903365584,0.05024031349268114,inf,0.3178881680559327,0.24211562516590898,0.3621764041682943
275,8.518860444132141,S,other,0.022648140129707825,1.990098489548888e-09,0.6969048774018662,inf,4.989303866305289e-09,0.54066100352595,0.04990309513644865,inf,0.3179631259233634,0.24199756341116868,0.3619883835116575
276,8.534567095433754,S,other,0.02253076797087461,7.907948164367113e-09,0.6972493157674551,inf,1.0202332915750733e-07,0.5407934262501376,0.04956643721632115,inf,0.31804164000552687,0.2418818527288431,0.3618022161106598
277,8.55019773880845,S,other,0.022414713842704534,6.992069557751713e-10,0.6975917846373387,inf,1.2296870183884165e-09,0.5409347207690022,0.04923092103054649,inf,0.3181082941459485,0.2417835271497022,0.3616198683118167
278,8.56575327232338,S,other,0.022299954787020987,9.823821965495715e-10,0.6979328741104772,inf,4.987380759617089e-09,0.5410674775944235,0.04889499711547651,inf,0.3181938121048723,0.2416723115948756,0.3614372791651992
279,8.581234580119599,S,other,0.02218646835883583,1.344051696733785e-09,0.6982724906797536,inf,1.2842444378039729e-08,0.5412090184052619,0.048560256795750295,inf,0.3182672855399546,0.24157816848182356,0.3612584291493917
280,8.596642532584319,S,other,0.022074232614006897,1.6040371121740587e-09,0.6986106710330223,inf,1.9401719731129674e-08,0.5413422367407162,0.04822492421062845,inf,0.3183597924440109,0.24147135785791654,0.36107925281084996
281,8.611977986527268,S,other,0.02196322609584081,1.4037687058598378e-09,0.698947440333857,inf,1.0903992446229485e-08,0.5414842930837053,0.04789065753694284,inf,0.3184400718375056,0.24138131045025824,0.3609037396805584
282,8.627241785360617,S,other,0.021853427822651143,9.253083464049773e-09,0.6992834068614747,inf,2.4095371427103394e-07,0.5416265139869475,0.047556705947108445,inf,0.3185237094230747,0.2412932147485409,0.36072983820016763
283,8.64243475928184,S,other,0.021744817273492888,1.9950248038450356e-09,0.6996172093104418,inf,3.502789036647237e-08,0.5417693682916995,0.04722258028454184,inf,0.31861070880440534,0.24120705007280396,0.3605575114111736
284,8.657557725458913,S,other,0.021637374379650406,9.185245386256766e-09,0.6999505150798885,inf,1.9709405697700798e-07,0.5419040296826407,0.04688781616670952,inf,0.3187171494917214,0.24110864917944752,0.36038470174305115
285,8.67261148821725,S,other,0.021531079508570423,8.272919706871131e-09,0.7002824809167068,inf,1.958451039687078e-07,0.5420476393484501,0.046553884318729206,inf,0.318811003620896,0.24102641011449946,0.36021541614731656
286,8.687596839227773,S,other,0.02142591345500444,1.3323768832384694e-09,0.7006130065815909,inf,2.0169735772879537e-08,0.5421918685584524,0.046219774682544665,inf,0.318908255557995,0.24094603965181277,0.3600476007648851
287,8.702514557695565,S,other,0.021321857429759252,8.382484443006898e-09,0.7009431132017423,inf,2.110061133550882e-07,0.5423365161125733,0.04588569784305711,inf,0.31900892401146624,0.24086751733031964,0.3598812228908978
288,8.717365410548673,S,other,0.021218893046613743,9.213429632046839e-09,0.7012721615558035,inf,2.1446783263470816e-07,0.5424901633114285,0.04555226488909939,inf,0.3190965111012806,0.24080447248872722,0.35971827886795366
289,8.732150152626618,S,other,0.021117002314115618,9.873956936679318e-09,0.7016001088752741,inf,2.150858832898192e-07,0.5426361938949853,0.04521764993448734,inf,0.31920396336680507,0.24072946284106408,0.35955468364568816
290,8.74686952686831,S,other,0.02101616762362182,1.0693784296803467e-09,0.7019272473841034,inf,1.4633638965178541e-08,0.5427830482972491,0.044882621834912796,inf,0.31931490988021527,0.24065624089182697,0.35939243402428767
291,8.76152426449914,S,other,0.020916371740552088,2.033202258787232e-09,0.7022538775262069,inf,3.700224003049238e-08,0.5429306252006822,0.04454729797910712,inf,0.3194293873533914,0.2405847863256248,0.35923150135697796
292,8.77611508521706,S,other,0.020817597792953245,9.415194545769716e-10,0.7025797856583444,inf,2.1469901303376634e-08,0.5430872910301697,0.0442124046512639,inf,0.3195304072122122,0.24052824945601456,0.3590738920241404
293,8.790642697377535,S,other,0.020719829263467562,8.21789266302296e-09,0.7029049148213338,inf,3.0240097400616316e-07,0.5432364497179907,0.043876303743963715,inf,0.31965193564513794,0.2404601494775576,0.35891551260534305
294,8.805107798177318,S,other,0.020623049977668145,9.121511907340257e-09,0.7032302078976495,inf,2.2178860210110195e-07,0.5433951301652385,0.04354011209118509,inf,0.3197598207673037,0.24040669526104766,0.3587604066741278
295,8.819511073836992,S,other,0.02052724409860642,9.675877494873643e-09,0.7035546411278571,inf,2.6372919711854273e-07,0.543546626395548,0.04320240639298313,inf,0.3198885900937482,0.24034187233964813,0.3586044765900752
296,8.833853199782272,S,other,0.020432396114027827,1.3613360766353416e-09,0.7038785479053757,inf,3.318695394850218e-08,0.5437073383606261,0.04286489583237445,inf,0.3200035309416231,0.24029142645767862,0.3584517733541221
297,8.84813484082403,S,other,0.02033849083121452,5.852095539388667e-09,0.7042023534376419,inf,1.3960753931436623e-07,0.5438692084458364,0.042526553532228575,inf,0.32012200775502575,0.24024240176112405,0.3583002362431237
298,8.862356651336999,S,other,0.020245513365446097,8.993630560443812e-09,0.7045261467770484,inf,1.9479371751828252e-07,0.5440323405894635,0.04218726542588055,inf,0.32024407990014286,0.24019478074598996,0.3581498422291324
299,8.876519275437113,S,other,0.02015344913321085,1.0592590700217978e-09,0.7048496707640525,inf,1.2917007108345486e-08,0.5441888538894327,0.04184593539754973,inf,0.32038791505030834,0.24013616791420334,0.35799852487350975
300,8.890623347157394,S,other,0.02006228384489493,1.2497542351056259e-09,0.7051732617304365,inf,1.6452368865968288e-08,0.5443548310199696,0.04150442735822219,inf,0.3205175586169789,0.24009141121913347,0.35785034911370395
301,8.90466949062227,S,other,0.019972003495169664,1.2721372664172725e-09,0.7054969523337454,inf,1.5926935994945358e-08,0.5445223484343319,0.04116166798481393,inf,0.3206510240552829,0.24004800602225404,0.35770325105652323
302,8.918658320220196,S,other,0.019882594356335055,3.1732306479724873e-09,0.7058208754533452,inf,7.260853137515943e-08,0.5446914845596257,0.04081757265514017,inf,0.3207884003055028,0.24000593550602833,0.35755721005063656
303,8.93259044077442,S,other,0.019794042970237388,1.434444507897932e-09,0.7061450377504109,inf,1.936910494402344e-08,0.5448624064914585,0.04047195280405918,inf,0.3209297852923322,0.2399651830331599,0.35741220598912193
304,8.94646644771173,S,other,0.01970633614140926,4.2601019837424856e-09,0.7064697060414571,inf,1.019723696937589e-07,0.5450430572348154,0.04012572832008569,inf,0.3210562180502386,0.23993757269800053,0.3572702701649115
305,8.960286927229015,S,other,0.019619460928852583,1.210366192363221e-09,0.70679478354357,inf,1.5378744469576632e-08,0.5452178127148399,0.03977675412545478,inf,0.3212057327243023,0.23989930152634098,0.35712728316227993
306,8.97405245645749,S,other,0.01953340463991205,1.1394171859285427e-09,0.7071205911517396,inf,4.000223422156792e-08,0.5453946149400769,0.03942597549991942,inf,0.3213596018884494,0.23986230017707344,0.3569852759520687
307,8.98776360362442,S,other,0.019448154822316637,1.4341519836623459e-09,0.7074471387122138,inf,2.7902853429943708e-08,0.5455737353094393,0.039073087074271956,inf,0.3215179686055487,0.2398265526992265,0.3568442305161544
308,9.001420928212228,S,other,0.01936369925758389,1.6221681375528364e-09,0.7077746468147204,inf,2.672264229343177e-08,0.5457630268572753,0.03871902218217436,inf,0.321660980386332,0.23980347103284738,0.35670618547218885
309,9.015024981114909,S,other,0.019280025954025438,1.5317259298991478e-09,0.7081032174751314,inf,2.307676031664143e-08,0.5459470101410387,0.03836165410192707,inf,0.32182855964372453,0.23977008100017097,0.35656701291356957
310,9.028576304791663,S,other,0.019197123139880395,1.2213608541325696e-09,0.7084330119901118,inf,1.5789900450665447e-08,0.5461337154772948,0.03800173731809688,inf,0.32200114573420685,0.2397378985597157,0.3564287510755063
311,9.042075433417754,S,other,0.01911497925650583,6.720372153138107e-09,0.7087640970748359,inf,1.435565496978878e-07,0.5463311063099187,0.03764001827430104,inf,0.32215809584293664,0.23971803438671144,0.3562934439438603
312,9.055522893032531,S,other,0.019033582951357,3.447503452411134e-09,0.7090970155435218,inf,2.554252226619604e-08,0.5465237894609934,0.03727439582446766,inf,0.32234103283284116,0.23968812004572715,0.3561569572281712
313,9.068919201684757,S2,other,0.018788870492699238,2.59692212965094e-09,0.7407466257707356,inf,0.03690444065419539,0.5815132292204925,2.5792698473549136e-08,inf,0.322508168422102,0.23967029813162627,0.3560233970310536
314,9.082264869575162,S2,other,0.01870528098924066,9.785005491096509e-09,0.7407353230529053,inf,0.03654209442068684,0.5813778987897344,3.7899643152896154e-08,inf,0.3226805868032291,0.23965342955210658,0.3558906886060452
315,9.095560399196422,S2,other,0.018622485503211626,8.096362990459236e-09,0.7407242257690945,inf,0.03614748424448233,0.5812345498957637,8.056538747056158e-08,inf,0.3228807435299487,0.23962675989805485,0.35575675272688917
316,9.108806285470576,S2,other,0.01854047260667215,2.2856020607240834e-09,0.7407142842886698,inf,0.03577478457198551,0.5811001053615532,7.791041129448887e-09,inf,0.32306490948517985,0.23961185258688175,0.3556257041603404
317,9.122003015883994,S2,other,0.01845923109122641,9.572851675173582e-09,0.7407033068134381,inf,0.03539651755088524,0.5809660614414893,2.146232269736492e-07,inf,0.3232552459489863,0.23959785967054736,0.3554954656174426
318,9.135151070619992,S2,other,0.018378749963139818,4.559450256585089e-09,0.740693754322922,inf,0.03501230491392119,0.580832462684549,3.692533268443991e-08,inf,0.3234521166542024,0.23958476867584833,0.3553660239140952
319,9.14825092268915,S2,other,0.018299018441100143,6.832221266059759e-09,0.7406837463136945,inf,0.03462162885034109,0.5806992634195145,2.5154108336355165e-08,inf,0.3236559333709111,0.23957256729408277,0.35523736620243623
320,9.161303038057472,S2,other,0.01822002594814194,4.388754712565837e-09,0.7406742999525079,inf,0.034223977944923836,0.580566491161567,6.112405281566224e-08,inf,0.3238671647008371,0.23956124338393353,0.35510947995529457
321,9.174307875772339,S2,other,0.018141762108630458,8.50327568937452e-09,0.7406640696153993,inf,0.03381871769379107,0.5804341262407038,2.6147476374163578e-08,inf,0.32408634708606243,0.2395507849732866,0.3549823529524911
322,9.187265888086426,S2,other,0.018064216741947463,8.935204546417256e-09,0.7406543460711197,inf,0.03340515475330207,0.580302169852647,6.570965892160581e-08,inf,0.32431409875144396,0.23954118025974155,0.35485597326908846
323,9.200177520579498,S2,other,0.01798737985946485,6.071386734210316e-09,0.7406457361629675,inf,0.03298250204568132,0.5801706464093489,1.1518011063293464e-08,inf,0.3245511375938421,0.23953241761020577,0.3547303292655519
324,9.213043212278173,S2,other,0.017911241660646605,8.602505127585107e-09,0.7406361456216571,inf,0.03254976675813395,0.5800395220317064,1.4232617966709108e-07,inf,0.3247983044728546,0.2395244855592704,0.3546054095796522
325,9.225863395773644,S2,other,0.01783579252548403,8.586041794473416e-09,0.7406275855938372,inf,0.032105864336578555,0.579908816830773,1.3272188359351142e-07,inf,0.3250565940377368,0.23951737280683308,0.3544812031198484
326,9.23863849733732,S2,other,0.01776102301335708,1.879419210867764e-09,0.7406193789493805,inf,0.0316494481556294,0.5797785259611544,5.262663579095845e-09,inf,0.32532719630068646,0.23951106821503923,0.3543576990598131
327,9.251368937034428,S2,other,0.017686923859392287,6.9623997720430926e-09,0.7406107821566025,inf,0.03121462574206372,0.5796567274697193,1.1402187709959356e-07,inf,0.3255816875207804,0.23951521875743145,0.35423696597875837
328,9.26405512883554,S2,other,0.0176134859663281,6.496603672094918e-09,0.7406026007611439,inf,0.03072926859766255,0.5795272242394167,9.262485430422242e-08,inf,0.325880370443044,0.23951041083710062,0.3541148364711578
329,9.27669748072601,S2,other,0.017540700405180146,4.895030937043254e-09,0.7405945591215781,inf,0.030225514750121786,0.5793981296347938,7.171174272468529e-08,inf,0.32619662058138726,0.2395063791095504,0.3539933784315691
330,9.289296394813347,S2,other,0.017468558408961294,1.291797425740271e-09,0.7405866666163006,inf,0.02974049032555526,0.5792774504690448,4.82009441236046e-09,inf,0.32649925681075764,0.23951251739071427,0.3538746645920437
331,9.301852267432494,S2,other,0.017397051369971668,1.1131486076465238e-09,0.7405789275223592,inf,0.02919173507267916,0.5791491385727652,4.1190566849073505e-09,inf,0.3268579712425189,0.2395099212399225,0.353754521499166
332,9.314365489249052,S2,other,0.017326170835476738,8.959372426225436e-10,0.7405713671098575,inf,0.028657090597754148,0.5790291870476207,2.6514583558357457e-09,inf,0.32720716517880627,0.23951731017814232,0.35363710591992054
333,9.326836445360474,S2,other,0.017255908504789214,1.852240633210796e-09,0.7405639628589218,inf,0.02804255050470957,0.5789016569169261,2.0548590095303154e-08,inf,0.32762699481120466,0.2395161106077418,0.35351824045137986
334,9.339265515395198,S2,other,0.017186256225609473,2.443420526917735e-09,0.7405567597774201,inf,0.02743129928798272,0.5787824284389437,3.239907945016182e-08,inf,0.3280469688965985,0.23952471367240147,0.35340208674035956
335,9.351653073609857,S2,other,0.01711720599082274,1.6702394624721483e-09,0.7405497297354053,inf,0.026707292144885344,0.5786556791857564,2.3663609428611023e-08,inf,0.32856714426977446,0.2395248727691877,0.35328446339360275
336,9.363999488984511,S2,other,0.017048749935280667,4.540359341216173e-09,0.7405428828854731,inf,0.025954142330229725,0.5785371749752319,2.5745848087005258e-08,inf,0.3291165396187877,0.23953465447354316,0.35316953692275
337,9.376305125316012,S2,other,0.016980880332607643,4.013141188196726e-09,0.7405360829061675,inf,0.025070045507092034,0.5784190190921588,4.8488688381280815e-08,inf,0.32978451326331515,0.23954497396057087,0.3530552121160875
338,9.388570341309507,S2,other,0.01691358959202504,1.116925085060433e-09,0.7405295273891184,inf,0.023795213203806898,0.5782934141270626,1.5633735072442027e-08,inf,0.3308023909388231,0.2395470612932253,0.3529393896857606
339,9.40079549066816,S2,other,0.016846870255736557,4.15098782071301e-09,0.7405231548797305,inf,inf,0.5781759732837825,2.471833950422102e-08,inf,inf,0.23955850858955874,0.3528262432227677
340,9.412980922181134,S2,other,0.016780714995623402,3.517052000945866e-09,0.7405168874912771,inf,inf,0.57805887380868,3.5180005726362244e-08,inf,inf,0.2395704695059005,0.3527136748285843
341,9.425126979809855,S2,other,0.01671511661060287,9.692805964795236e-10,0.7405108343294405,inf,inf,0.5779421222167689,1.8827531099773904e-08,inf,inf,0.23958293638661768,0.3526016769924644
342,9.437234002772643,S2,other,0.016650068023921247,2.0635241670201105e-09,0.7405049212533452,inf,inf,0.5778257117886826,1.7346173873734517e-08,inf,inf,0.23959590169964,0.35249024236978144
343,9.449302325627688,S2,other,0.016585562280360497,8.196516545093337e-10,0.7404991778157451,inf,inf,0.577709640792215,1.8376842347807874e-08,inf,inf,0.2396093580354869,0.3523793637765223
344,9.461332278354472,S2,other,0.01652159254367125,9.130629540646728e-10,0.740493553659126,inf,inf,0.5775939125729839,1.449979610188516e-08,inf,inf,0.23962329810620198,0.35226903418442035
345,9.473324186433612,S2,other,0.01645815209418519,7.395282832353135e-09,0.7404882755830151,inf,inf,0.5774785044922792,1.7346788632551252e-07,inf,inf,0.23963771474355727,0.35215924671668264
346,9.485278370925172,S2,other,0.016395234325533414,4.1647684896413973e-10,0.7404828070729356,inf,inf,0.5773634774427214,9.650660401785933e-09,inf,inf,0.2396526008973507,0.3520499946442431
347,9.497195148545455,S2,other,0.016332832743839745,8.585450833832748e-09,0.7404779113058864,inf,inf,0.5772487786651692,9.687960775473924e-08,inf,inf,0.23966794963321558,0.3519412713824388
348,9.50907483174233,S2,other,0.016270940963569652,1.2255031477462208e-09,0.7404727449314569,inf,inf,0.5771344001679747,3.952307657998372e-08,inf,inf,0.23968375413046952,0.3518330704879972
349,9.520917728769042,S2,other,0.016209552706436734,1.3736191209338303e-09,0.7404678539893097,inf,inf,0.5770203647904905,1.2177416598441397e-08,inf,inf,0.23970000767971686,0.3517253856562178
350,9.532724143756617,S2,other,0.016148661798610447,5.143948299870908e-10,0.7404631053833274,inf,inf,0.5769066651319509,1.4649931094078456e-08,inf,inf,0.23971670368061257,0.35161821071823407
351,9.54449437678479,S2,other,0.016088262168705767,4.895334135155552e-09,0.7404586425451292,inf,inf,0.5768007580893953,6.825836977757842e-08,inf,inf,0.23974163992664912,0.35151364436783505
352,9.556228723951548,S2,other,0.016028347845578023,3.5344306720730065e-09,0.7404542725683401,inf,inf,0.5766877070222245,8.61986241318032e-08,inf,inf,0.23975913066302407,0.3514074722902399
353,9.567927477441287,S2,other,0.015968912956435682,8.241799246821047e-09,0.7404503847249856,inf,inf,0.5765749705060941,2.0735009110934047e-07,inf,inf,0.23977704507598485,0.35130179238836684
354,9.579590925591583,S2,other,0.01590995172408112,7.24234391216404e-09,0.7404460670398849,inf,inf,0.5764626105168166,8.53265223969602e-08,inf,inf,0.23979537697753117,0.35119659900797745
355,9.59121935295865,S2,other,0.015851458466341607,3.0505795233162287e-09,0.7404418058558971,inf,inf,0.5763579078781191,2.023767202464357e-08,inf,inf,0.23982164892146746,0.3510939953793623
356,9.602813040381484,S2,other,0.015793427592806834,5.300806703775922e-09,0.7404379308811392,inf,inf,0.5762461626945291,1.8585448855592256e-08,inf,inf,0.23984072838173842,0.350989759615276
357,9.614372265044743,S2,other,0.015735853603478962,1.349090324071034e-09,0.7404342088052284,inf,inf,0.576142053987803,7.844227577089923e-09,inf,inf,0.23986760341297184,0.35088810482647564
358,9.625897300540371,S2,other,0.015678731086980986,4.588956435333524e-09,0.7404307751577593,inf,inf,0.5760309510666228,9.615156812226781e-08,inf,inf,0.23988740836164632,0.3507848054713287
359,9.637388416928012,S2,other,0.015622054718476374,2.6821604526142476e-09,0.7404272068132727,inf,inf,0.5759274222546931,6.803377374285942e-08,inf,inf,0.23991486624130662,0.3506840787627959
360,9.648845880794264,S2,other,0.01556581925836132,3.1219481105382394e-09,0.7404238666564814,inf,inf,0.5758169451076797,8.00488553660913e-08,inf,inf,0.23993537533595588,0.35058169547505247
361,9.660269955310753,S2,other,0.015510019550123075,1.189051971897962e-09,0.7404207038710463,inf,inf,0.57571401219907,1.6270499340424427e-08,inf,inf,0.23996339652089133,0.35048187692414423
362,9.671660900291124,S2,other,0.015454650519018348,4.10137238832719e-09,0.7404176625751739,inf,inf,0.5756041681070205,3.3446125614299644e-08,inf,inf,0.23998458913242557,0.35038039017162487
363,9.683018972246902,S2,other,0.015399707170159815,3.513777663957799e-09,0.7404147347679558,inf,inf,0.5755018103316091,5.270749359348453e-08,inf,inf,0.24001315476120988,0.3502814606380312
364,9.694344424442317,S2,other,0.015345184587078987,3.1675684841177476e-09,0.7404119924330538,inf,inf,0.5753997353682749,5.380537434829309e-08,inf,inf,0.24004195510893794,0.350182969115937
365,9.705637506948054,S2,other,0.015291077930172736,4.441288876975427e-09,0.7404093482390043,inf,inf,0.5752908216569387,5.775886660011683e-08,inf,inf,0.24006410283633903,0.350082792722932
366,9.716898466694015,S2,other,0.015237382435315711,8.265557096349876e-09,0.7404070000569661,inf,inf,0.5751893169043967,1.9385940309264e-07,inf,inf,0.240093420915663,0.3499851628716805
367,9.728127547521042,S2,other,0.01518409341160798,4.7456604314126925e-09,0.7404045913738005,inf,inf,0.5750880969718825,1.0536797092930946e-07,inf,inf,0.24012296121872584,0.34988795774904974
368,9.739324990231669,S2,other,0.015131206241578652,9.23947286426063e-09,0.7404024135544711,inf,inf,0.5749871361483389,2.1580801782492333e-07,inf,inf,0.2401527198408138,0.3497911730929024
369,9.750491032639914,S2,other,0.015078716377696179,7.897349187498343e-09,0.7404001502901956,inf,inf,0.5748864655784633,1.8279726634581177e-07,inf,inf,0.24018269294941272,0.3496948047202723
370,9.7616259096201,S2,other,0.01502661934264957,1.0409651057155375e-09,0.7403979343559922,inf,inf,0.5747790928645666,9.749701440905094e-09,inf,inf,0.24020629841085275,0.349596725451765
371,9.77272985315474,S2,other,0.014974910727520689,5.537355768651239e-09,0.7403960502914656,inf,inf,0.5746789878525992,5.39067334169062e-08,inf,inf,0.24023674827538538,0.3495011764927058
372,9.783803092381516,S2,other,0.014923586189917811,6.215333175143961e-09,0.74039429540621,inf,inf,0.5745791626585792,5.229668140016347e-08,inf,inf,0.24026740123597673,0.34940603172426593
373,9.794845853639327,S2,other,0.014872641453315582,3.574736883107078e-09,0.7403926581464308,inf,inf,0.5744796060543866,5.565646667245068e-08,inf,inf,0.24029825373813576,0.3493112872632594
374,9.805858360513469,S2,other,0.01482207230557388,2.5904149979764237e-09,0.7403910417281934,inf,inf,0.574380328819452,4.022890851895077e-08,inf,inf,0.24032930229303945,0.3492169392973113
375,9.816840833879919,S2,other,0.014771874597770499,3.541589094553658e-09,0.7403896127127569,inf,inf,0.5742813187013882,5.640316875611096e-08,inf,inf,0.24036054347637167,0.34912298408317566
376,9.827793491948789,S2,other,0.014722044244126873,9.156517760577191e-09,0.740388526919706,inf,inf,0.5741826007261767,2.425068063630297e-07,inf,inf,0.24039197392729383,0.3490294179450197
377,9.83871655030692,S2,other,0.014672577215098199,7.572249750950784e-09,0.7403874086555051,inf,inf,0.5740841243938942,2.0543915289217458e-07,inf,inf,0.24042359034741487,0.34893623727267614
378,9.84961022195966,S2,other,0.014623469548325694,8.871386565596296e-09,0.7403859582488487,inf,inf,0.573985906966152,2.7187984674765787e-07,inf,inf,0.24045538949986528,0.3488434385198741
379,9.860474717371853,S2,other,0.014574717333214228,9.835585711855308e-09,0.7403851761337432,inf,inf,0.5738947829834279,7.051278993439895e-08,inf,inf,0.24049342662775927,0.3487531495539671
380,9.871310244508033,S2,other,0.014526316720174695,9.960968191542052e-09,0.7403843335217105,inf,inf,0.573797101353985,6.891980142055416e-08,inf,inf,0.24052552549783823,0.3486611051762611
381,9.88211700887186,S2,other,0.01447826391404896,3.1814275309217536e-09,0.740383468272476,inf,inf,0.5736996907270169,3.240528538082486e-08,inf,inf,0.24055779803997024,0.3485694324464852
382,9.892895213544813,S2,other,0.014430555178294245,3.1439089406459904e-09,0.7403828669543067,inf,inf,0.5736025465785605,2.6952659294552012e-08,inf,inf,0.24059024125248565,0.34847812805631395
383,9.903645059224143,S2,other,0.014383186827497736,3.4777649896173528e-09,0.7403822964115726,inf,inf,0.5735056668418238,1.4956199029225537e-08,inf,inf,0.24062285219104218,0.34838718875269165
384,9.914366744260134,S2,other,0.014336155230637089,4.537650380829274e-09,0.740381918475772,inf,inf,0.5734157379344215,2.2174048289509776e-08,inf,inf,0.24066141270917366,0.3482987471835068
385,9.925060464692661,S2,other,0.014289456809932627,9.999737061446643e-09,0.7403816191494376,inf,inf,0.5733193701821698,2.8443668230660124e-08,inf,inf,0.2406942956281161,0.34820852944312947
386,9.935726414287064,S2,other,0.01424308803628565,9.932482722343421e-09,0.7403812690398394,inf,inf,0.5732232660347607,6.258347948477672e-08,inf,inf,0.2407273380542249,0.34811866734789315
387,9.946364784569369,S2,other,0.014197045433794225,9.849611188872052e-09,0.7403811612865474,inf,inf,0.5731340486323662,3.940476258156718e-08,inf,inf,0.24076616304711,0.34803129635165264
388,9.956975764860854,S2,other,0.014151325575297784,9.520812441903219e-09,0.7403813360425013,inf,inf,0.57303844879141,1.4559404963446489e-07,inf,inf,0.24079946231622437,0.3479421373949927
389,9.967559542311974,S2,other,0.014105925081980442,9.624387985812496e-09,0.7403812653171853,inf,inf,0.5729431227839129,4.4690443550764186e-08,inf,inf,0.24083291334567813,0.34785332508800604
390,9.978116301935684,S2,other,0.014060840623240478,9.498400478649e-09,0.7403814722516371,inf,inf,0.5728546078345926,6.091362905707374e-08,inf,inf,0.24087198278817656,0.34776699769396835
391,9.988646226640109,S2,other,0.014016068915095355,9.401879925130927e-09,0.7403817807302369,inf,inf,0.5727597826856077,4.466731655925477e-08,inf,inf,0.24090567642345526,0.34767887095986194
392,9.99914949726066,S2,other,0.013971606719940622,8.910792650260076e-09,0.740382407575065,inf,inf,0.5726717163507924,2.1820230260585617e-07,inf,inf,0.24094488225420155,0.3475932251973808
393,10.00962629259153,S2,other,0.013927450844907291,8.857071608936935e-09,0.7403828844148029,inf,inf,0.5725773963999163,2.2302453881057688e-07,inf,inf,0.24097880965233018,0.3475057727749725
394,10.020076789416626,S2,other,0.01388359814213812,9.09753773787529e-09,0.740383527222249,inf,inf,0.5724898006872305,2.5055343582470764e-07,inf,inf,0.24101814422043275,0.34742079756142896
395,10.03050116253993,S2,other,0.013840045506921183,8.968156423572267e-09,0.7403840270277277,inf,inf,0.5723959867547052,4.874678037713424e-08,inf,inf,0.24105229689740776,0.3473340085299841
396,10.040899584815303,S2,other,0.013796789878336796,8.881638133777714e-09,0.7403848440217001,inf,inf,0.5723088511870389,3.787044436450278e-08,inf,inf,0.2410917528877604,0.34724969311547205
397,10.05127222717576,S2,other,0.013753828236857725,8.76887914454915e-09,0.7403857454634952,inf,inf,0.5722219321071318,4.248953502124548e-08,inf,inf,0.24113124342901907,0.34716570406854624
398,10.061619258662178,S2,other,0.013711157604624408,8.655825410744344e-09,0.7403867620545516,inf,inf,0.5721288430839773,4.0489573340457184e-08,inf,inf,0.24116569312612637,0.34707989083246016
399,10.071940846451525,S2,other,0.013668775044481682,8.572049862380813e-09,0.7403878489053364,inf,inf,0.5720423790342903,4.260143645495631e-08,inf,inf,0.2412052949547182,0.34699654605301256
400,10.082237155884549,S2,other,0.013626677659282892,8.470011044444926e-09,0.7403890442110804,inf,inf,0.5719561311510977,4.826586085138287e-08,inf,inf,0.24124492678869658,0.34691352004786496
401,10.092508350492963,S2,other,0.013584862591218841,8.35948644239118e-09,0.7403903211525694,inf,inf,0.5718637708095123,8.210281934296058e-08,inf,inf,0.24127965703460666,0.34682865980533895
402,10.102754592026175,S2,other,0.013543327021090807,8.226169542208611e-09,0.7403916850186485,inf,inf,0.5717779717336979,1.1944954126604808e-07,inf,inf,0.24131939069914637,0.3467462632022386
403,10.112976040477497,S2,other,0.01350206816762304,8.165397561783994e-09,0.7403931624108498,inf,inf,0.5716923943076261,8.500618310820968e-08,inf,inf,0.2413591501453771,0.34666417810096034
404,10.123172854109917,S2,other,0.013461083286994188,8.079138669527206e-09,0.7403947450152562,inf,inf,0.571607029690287,6.430720646568536e-08,inf,inf,0.2413989341073139,0.3465824021451338
405,10.133345189481403,S2,other,0.01342036967201115,7.989599040577272e-09,0.7403964012908301,inf,inf,0.5715218786979246,6.486147850280122e-08,inf,inf,0.24143874135110166,0.3465009330106089
406,10.143493201469749,S2,other,0.013379924651552496,7.890279197091886e-09,0.7403981303425075,inf,inf,0.5714369399657026,8.37730591950542e-08,inf,inf,0.24147857067461836,0.34641976840467636
407,10.153617043296997,S2,other,0.013339745589937087,7.806364077788752e-09,0.7403999754966589,inf,inf,0.5713460091130446,7.363421721858315e-08,inf,inf,0.241513767317412,0.3463367504939374
408,10.163716866553433,S2,other,0.013299829886400612,7.718101575321312e-09,0.7404018949854485,inf,inf,0.5712615171103521,8.117563655723049e-08,inf,inf,0.24155368189562806,0.3462561873725997
409,10.173792821221138,S2,other,0.013260174974424343,7.631149163522073e-09,0.7404039048353943,inf,inf,0.5711772379440782,8.622707924851387e-08,inf,inf,0.24159361492069115,0.34617592208157405
410,10.183845055697152,S2,other,0.013220778321271918,7.497768135531782e-09,0.7404059625871647,inf,inf,0.5710931651886498,1.5981685851368059e-07,inf,inf,0.24163356531319177,0.346095952446835
411,10.193873716816226,S2,other,0.013181637427114068,7.45482464453208e-09,0.7404081784066339,inf,inf,0.5710093151136636,1.0297501482183851e-07,inf,inf,0.24167353202248998,0.34601627632240506
412,10.203878949873168,S2,other,0.013142749825072027,7.377722688208751e-09,0.7404104447723205,inf,inf,0.5709256719722766,1.0626040197942315e-07,inf,inf,0.24171351402634,0.3459368915897659
413,10.213860898644818,S2,other,0.013104113080099662,7.296753027945073e-09,0.740412792682389,inf,inf,0.5708422388906145,1.1357898482321545e-07,inf,inf,0.24175351033011547,0.34585779615729123
414,10.22381970541163,S2,other,0.01306572478873415,7.216307432116412e-09,0.7404152250752174,inf,inf,0.5707590162175764,1.2248530473296052e-07,inf,inf,0.24179351996649734,0.34577898795969925
415,10.23375551097888,S2,other,0.013027582578524665,7.138019165303853e-09,0.7404177425002465,inf,inf,0.5706760037436976,1.2954272441300042e-07,inf,inf,0.24183354199468995,0.3457004649575208
416,10.24366845469751,S2,other,0.012989684107531787,7.060875494508526e-09,0.7404203423804246,inf,inf,0.5705932008516563,1.3723238594030174e-07,inf,inf,0.24187357550010272,0.34562222513657853
417,10.25355867448462,S2,other,0.012952027063827226,6.9828348094225805e-09,0.7404230216375469,inf,inf,0.570510606799693,1.4933960972635338e-07,inf,inf,0.24191361959372437,0.345544266507476
418,10.263426306843593,S2,other,0.012914609165008951,6.8986880406392115e-09,0.7404257763964314,inf,inf,0.5704342164271777,1.7220101156495182e-07,inf,inf,0.24195784796222647,0.34546875173692215
419,10.273271486883885,S2,other,0.012877428157724972,6.941604046347555e-09,0.7404286059266179,inf,inf,0.5703520177455954,2.1258329595780924e-07,inf,inf,0.24199786831581777,0.3453913504515164
420,10.283094348340473,S2,other,0.012840481817126624,7.4352332478811595e-09,0.7404315273567453,inf,inf,0.5702700292790107,2.287246513137371e-07,inf,inf,0.24203789693249472,0.34531422453464206
421,10.292895023592965,S2,other,0.012803767946394807,6.700289482336175e-09,0.7404345967532999,inf,inf,0.5701882619109898,9.977498547524528e-08,inf,inf,0.24207793301924,0.3452373720910305
422,10.302673643684397,S2,other,0.012767284377003398,7.718883683052388e-09,0.7404376187756219,inf,inf,0.5701066768853995,2.3676585080236202e-07,inf,inf,0.2421179758062492,0.3451607912477408
423,10.312430338339706,S2,other,0.01273102896659668,6.570392911584659e-09,0.7404408092810978,inf,inf,0.5700312209127539,1.657925690305581e-07,inf,inf,0.24216199368066302,0.3450866488121936
424,10.322165235983874,S2,other,0.012694999600629,7.6133671820253e-09,0.7404440228437874,inf,inf,0.5699500365941481,2.3140190178126487e-07,inf,inf,0.2422020062415558,0.34501060647538334
425,10.331878463759802,S2,other,0.012659194190208927,7.936512920383304e-09,0.7404473380200479,inf,inf,0.5698690633932422,2.4145936728190577e-07,inf,inf,0.2422420235143346,0.34493483025044147
426,10.341570147545848,S2,other,0.012623610672717195,8.007447105016184e-09,0.740450732035785,inf,inf,0.5697882965335095,2.429017412712679e-07,inf,inf,0.2422820448163632,0.3448593183491115
427,10.351240411973095,S2,other,0.012588247011105173,9.314772938108333e-09,0.7404541911518819,inf,inf,0.569713560139776,2.8634940975845346e-07,inf,inf,0.24232587846992515,0.34478624087737275
428,10.360889380442316,S2,other,0.012553101193023728,6.260022984113646e-09,0.7404577693263235,inf,inf,0.5696331962797251,1.5846268785936293e-07,inf,inf,0.24236586518410552,0.3447112531805664
429,10.37051717514067,S2,other,0.012518171231596285,6.0293702255405906e-09,0.7404615958248016,inf,inf,0.569553034396046,2.264802025308043e-08,inf,inf,0.24240585418506388,0.34463652456241806
430,10.380123917058105,S2,other,0.01248345516407237,6.804997650881189e-09,0.7404650681333382,inf,inf,0.5694788281970682,2.0037682446097957e-07,inf,inf,0.24244953668816138,0.34456422757585786
431,10.389709726003515,S2,other,0.012448951051193837,7.648614935200707e-09,0.7404688271742078,inf,inf,0.5693990427797172,2.277168637662895e-07,inf,inf,0.2424894883213023,0.344490012847785
432,10.399274720620603,S2,other,0.012414656977786636,8.727087941846554e-09,0.7404726549484546,inf,inf,0.5693251994951145,2.622771222298592e-07,inf,inf,0.24253305667416217,0.34441822793882465
433,10.408819018403499,S2,other,0.012380571051748144,9.164711887825472e-09,0.74047656226142,inf,inf,0.569245802524335,2.7590908414282103e-07,inf,inf,0.24257296937905454,0.34434452040964797
434,10.418342735712116,S2,other,0.01234669140390465,8.87860218950088e-09,0.7404805481809212,inf,inf,0.5691723142963085,2.659394438920359e-07,inf,inf,0.24261642275201514,0.34427324096328094
435,10.427845987787272,S2,other,0.012313016187641381,7.985080024172468e-09,0.7404846138445138,inf,inf,0.5690933067729842,2.3641364096629935e-07,inf,inf,0.24265629510135642,0.3442000340828333
436,10.43732888876553,S2,other,0.012279543578401598,5.54871612366574e-09,0.7404890431368615,inf,inf,0.5690201843092522,1.6391884064882232e-08,inf,inf,0.24269963278502363,0.34412925362225477
437,10.446791551693826,S2,other,0.012246271774082565,5.87455677657743e-09,0.7404929716856173,inf,inf,0.5689415472354434,1.6767500289837072e-07,inf,inf,0.2427394634788759,0.3440565409762621
438,10.456234088543855,S2,other,0.01221319899309212,5.441664385058652e-09,0.7404975233239527,inf,inf,0.5688687667665893,1.8657334767295e-08,inf,inf,0.24278268487867505,0.3439862531579008
439,10.465656610226207,S2,other,0.012180323475904826,5.377959399046126e-09,0.7405018660790281,inf,inf,0.5687905233076256,1.812116907499171e-08,inf,inf,0.24282247273910734,0.3439140284631395
440,10.4750592266043,S2,other,0.012147643483442536,5.417805088700042e-09,0.7405061537594179,inf,inf,0.5687180779849615,4.65958985520829e-08,inf,inf,0.24286557737035486,0.3438442270719344
441,10.484442046508065,S2,other,0.012115157297260894,5.239008991772309e-09,0.7405107579848452,inf,inf,0.5686457995391667,1.3857965942204677e-08,inf,inf,0.24290860633518638,0.3437746669621116
442,10.49380517774742,S2,other,0.01208286321923329,5.211594396083944e-09,0.7405152858874129,inf,inf,0.5685681180505958,1.944990456475296e-08,inf,inf,0.24294830881900722,0.34370316311647403
443,10.503148727125534,S2,other,0.012050759571145507,5.336073608812924e-09,0.740519838837202,inf,inf,0.5684961829615802,3.3383943350841505e-08,inf,inf,0.24299122063253142,0.3436340803434897
444,10.512472800451864,S2,other,0.012018844694438304,5.105881988376886e-09,0.7405245689625841,inf,inf,0.5684244127143138,2.0495409366535827e-08,inf,inf,0.2430340568639285,0.3435652343756424
445,10.521777502555002,S2,other,0.011987116949937905,5.045278049109132e-09,0.7405293123315112,inf,inf,0.5683472902805079,1.9552931889390095e-08,inf,inf,0.24307367242451905,0.3434944379357536
446,10.531062937295301,S2,other,0.011955574717541884,5.0799888574948325e-09,0.740534056545215,inf,inf,0.5682758617396498,4.1193580359507474e-08,inf,inf,0.24311639133577476,0.3434260604786394
447,10.540329207577312,S2,other,0.011924216395917672,4.941089060099198e-09,0.7405389999310907,inf,inf,0.5682045969471174,1.9433973452126327e-08,inf,inf,0.2431590348477066,0.3433579154789009
448,10.549576415362017,S2,other,0.011893040402296738,4.8752975338693746e-09,0.7405439403604572,inf,inf,0.5681280299482839,1.7281392843725985e-08,inf,inf,0.2431985622730285,0.3432878133877687
449,10.558804661678872,S2,other,0.011862045172131156,4.804723142541113e-09,0.7405489478245824,inf,inf,0.5680571054066398,1.4567420485082917e-08,inf,inf,0.2432410884956463,0.34322012832306525
450,10.568014046637664,S2,other,0.011831229158862547,4.735988648571497e-09,0.7405540117503958,inf,inf,0.5679863423175314,1.341748410263256e-08,inf,inf,0.24328353959333912,0.3431526714897841
451,10.577204669440182,S2,other,0.011800590833653514,4.712500294718098e-09,0.7405591255183007,inf,inf,0.5679157404823109,1.7133352346880885e-08,inf,inf,0.2433259157219583,0.34308544150564735
452,10.586376628391687,S2,other,0.011770128685316681,7.500714539819368e-09,0.7405639467000625,inf,inf,0.5678452831165425,2.1627660594492737e-07,inf,inf,0.24336821704595074,0.34301843700098866
453,10.59553002091224,S2,other,0.011739841219117659,4.5980238204799325e-09,0.7405695707034567,inf,inf,0.5677696394787001,1.4506249497189658e-08,inf,inf,0.24340757127003212,0.3429494647050407
454,10.604664943547819,S2,other,0.011709726958427452,4.60144500183674e-09,0.7405748370771833,inf,inf,0.5676995373246961,2.3008197770750348e-08,inf,inf,0.24344975594680948,0.3428829063657883
455,10.613781491981282,S2,other,0.011679784442564843,4.504247200894236e-09,0.7405802190697686,inf,inf,0.5676295961689583,1.4780723165973755e-08,inf,inf,0.24349186623007169,0.34281656946955436
456,10.622879761043151,S2,other,0.011650012227642823,5.730354831921455e-09,0.7405852898334658,inf,inf,0.5675598031602735,1.5698993870543574e-07,inf,inf,0.24353390231738786,0.34275045269511073
457,10.631959844722243,S2,other,0.011620408885562672,4.413633008978986e-09,0.740591121536599,inf,inf,0.5674901919884439,1.4447164798964297e-08,inf,inf,0.2435758644138144,0.3426845547328536
458,10.641021836176119,S2,other,0.01159097300491569,4.5025383260663015e-09,0.7405965567252026,inf,inf,0.5674207255242786,3.963643722385125e-08,inf,inf,0.24361775273173236,0.34261887428462223
459,10.65006582774139,S2,other,0.011561703189604462,4.38864614104604e-09,0.7406022503737412,inf,inf,0.5673514243821871,2.3104192113819097e-08,inf,inf,0.24365956749067405,0.34255341006352175
460,10.659091910943854,S2,other,0.011532598059242652,4.367372921908592e-09,0.7406079100723001,inf,inf,0.5672822772510171,2.485501563727939e-08,inf,inf,0.24370130891701292,0.3424881607937504
461,10.668100176508482,S2,other,0.011503656248858237,5.097061124515953e-09,0.7406133130728344,inf,inf,0.5672132797553334,1.5023359853840775e-07,inf,inf,0.24374297724396488,0.34242312521042967
462,10.677090714369246,S2,other,0.011474876408218359,4.295765782722669e-09,0.7406194159522418,inf,inf,0.5671444617134387,2.725807618789635e-08,inf,inf,0.24378457271119586,0.34235830205943985
463,10.686063613678819,S2,other,0.011446257202589709,4.20240960638096e-09,0.7406252767934401,inf,inf,0.5670757901509115,2.2374020278123082e-08,inf,inf,0.24382609556482945,0.34229369009725635
464,10.695018962818093,S2,other,0.011417797311711055,5.932129125483902e-09,0.7406307530912302,inf,inf,0.5670072603684703,1.8695999408268342e-07,inf,inf,0.24386754605711544,0.342229288090791
465,10.703956849405582,S2,other,0.01138949542929997,4.0456575294394146e-09,0.7406371210355291,inf,inf,0.5669389202643657,1.1208535742005734e-08,inf,inf,0.2439089244463531,0.34216509481723556
466,10.71287736030667,S2,other,0.011361350264294176,4.00151573588179e-09,0.7406431287396759,inf,inf,0.5668707211555001,1.0708435061091113e-08,inf,inf,0.2439502309966711,0.342101109063909
467,10.721780581642724,S2,other,0.011333360539433263,9.316062270789752e-09,0.7406486464476213,inf,inf,0.5668026574134685,2.7414175954104846e-07,inf,inf,0.2439914659778815,0.34203732962810635
468,10.73066659880007,S2,other,0.011305524990260869,4.1376786129005935e-09,0.7406551881520743,inf,inf,0.5667347890653474,4.502085740956149e-08,inf,inf,0.24403262966530298,0.34197375531695223
469,10.739535496438831,S2,other,0.011277842368098511,7.579445311721271e-09,0.7406610024163015,inf,inf,0.5666670438231325,2.1894552047365374e-07,inf,inf,0.24407372233964694,0.3419103849472571
470,10.748387358501638,S2,other,0.011250311435750938,4.761721691666873e-09,0.7406675713156471,inf,inf,0.5666045959385065,3.449842876213598e-08,inf,inf,0.24411708261708148,0.3418494218665927
471,10.757222268222211,S2,other,0.011222930970890652,3.943690378758984e-09,0.7406738640350675,inf,inf,0.5665371611248843,2.7757557342637722e-08,inf,inf,0.24415800380648428,0.34178645661745205
472,10.766040308133807,S2,other,0.01119569976353332,3.902936921462728e-09,0.7406802151917411,inf,inf,0.5664698829610139,2.566389719297626e-08,inf,inf,0.24419885497227392,0.3417236918176261
473,10.774841560077547,S2,other,0.01116861661712997,8.188285016393418e-09,0.7406860513405585,inf,inf,0.5664027407219705,2.4021548830360886e-07,inf,inf,0.2442396364142479,0.3416611263212696
