step,s,basin,raw_on,loc_loss,loc_gnorm,loc_rho2,d_basin_M,d_basin_S,d_basin_L0,d_basin_S2,d_raw_M,d_raw_S,d_raw_L0,d_raw_S2
0,0.45583099126815796,L0,other,0.5437345614164707,8.071874133310458e-09,4.169630012185048e-08,inf,inf,1.7739508161748838e-07,0.7198683096483267,inf,inf,0.9622427733233065,0.6510834944863988
1,0.4358309939197462,L0,other,0.5495893456076786,9.500340325691384e-09,4.2783588428604384e-08,inf,inf,1.9532543729315147e-07,0.7193710372967147,inf,inf,0.95761288114548,0.6262368179462511
2,0.4158813298251323,L0,other,0.5555040262760489,6.163100660862704e-09,8.358527768731466e-08,inf,inf,2.0444926387821152e-07,0.7187979902128905,inf,inf,0.9543691702127959,0.6012217275437909
3,0.39601862520759845,L0,other,0.5614670217321036,4.273539650653334e-09,3.774987420111008e-08,inf,inf,6.31964694486995e-08,0.7181365178220731,inf,inf,0.9528526407087202,0.576410496219913
4,0.3762817503003645,L0,other,0.5674654591698985,3.878433163924006e-09,9.556796386708835e-10,inf,inf,7.96273171794247e-08,0.7173684644429374,inf,inf,0.9534738027592887,0.5523525235020331
5,0.3567115888193947,L0,other,0.5734852071404176,3.7176459188495397e-09,5.576261047839849e-08,inf,inf,9.871918233773677e-08,0.7164849306128436,inf,inf,0.9567540242181933,0.5298700051433539
6,0.34138626495550667,L0,other,0.5782491883108025,1.433860225318932e-09,1.5631439897492024e-08,inf,inf,2.587810756039104e-08,0.7156267156440358,inf,inf,0.9613551708092276,0.5105763889055549
7,0.34168508716255996,L0,other,0.578155878844805,6.635398179658786e-09,1.8827805268499016e-07,inf,inf,3.138404052399188e-07,0.7156661139087502,inf,inf,0.9608586730795338,0.49627958367187114
8,0.3421023663802452,L0,other,0.5780256081217242,7.0932962521727135e-09,6.504955713196506e-08,inf,inf,1.1492752393544382e-07,0.7156784223989193,inf,inf,0.9611599463171717,0.4842632804496829
9,0.34266758248264695,L0,other,0.577849204586951,1.951882365072457e-10,6.768839434347951e-10,inf,inf,1.1593137804329255e-09,0.715724934181844,inf,inf,0.962108999292576,0.4744619845639225
10,0.3576100785659237,L0,other,0.5732072654809205,6.667983614526705e-09,4.0189720889947304e-08,inf,inf,1.4491218135559252e-07,0.7165320361218838,inf,inf,0.9553654263207819,0.4668582834373152
11,0.3784739797947225,L0,other,0.5667955949979936,8.265145702872171e-09,1.1002725685809978e-07,inf,inf,1.9117029915856323e-07,0.7174560622758495,inf,inf,0.9459561759509464,0.46080375248154015
12,0.39961055130627937,L0,other,0.5603832109426499,9.079019684438146e-10,8.761822117466362e-12,inf,inf,9.353058187765645e-09,0.7182691481139654,inf,inf,0.9370476991632153,0.4559964601966755
13,0.42775243584048045,L0,other,0.5519754938696456,3.541559559666328e-09,8.311402976755033e-08,inf,inf,1.8003263629209189e-07,0.719150038151196,inf,inf,0.9259161393687727,0.4530300454264015
14,0.4635321530681894,L0,other,0.5415000856680019,3.1358414043126783e-10,2.059063608821818e-09,inf,inf,4.4634965461984205e-09,0.7200443768789687,inf,inf,0.913413803955708,0.4524595412971478
15,0.49874824135310347,L0,other,0.5314233049174036,3.4407442594723607e-09,7.845295317065778e-09,inf,inf,3.855630204313282e-08,0.7207202471433299,inf,inf,0.9024634728667461,0.45293792090284596
16,0.5333986093299719,L0,other,0.5217336080142319,7.77078361780475e-09,1.1639354898182735e-08,inf,inf,6.885646945831157e-08,0.7212238964443903,inf,inf,0.8925969627566711,0.4540965911614706
17,0.5674912396873567,L0,other,0.5124165934282913,7.443041334298262e-09,3.542095628836641e-08,inf,inf,7.16114929353256e-08,0.721593859977858,inf,inf,0.8834859022585329,0.4557181123015325
18,0.6010447739342049,L0,other,0.5034552645649192,5.0661575404419225e-09,6.819428477447453e-09,inf,inf,5.583234290923728e-08,0.7218520924546475,inf,inf,0.8748836376351781,0.45765015500893913
19,0.6340887893033655,L0,other,0.49483034336850257,4.803272519837751e-09,2.318645730202633e-09,inf,inf,1.0286942267767191e-08,0.722010800340885,inf,inf,0.8666113151484361,0.4597816683774924
20,0.6666637101793605,L0,other,0.4865206427323652,5.4841171500777e-09,2.5000842450343694e-08,inf,inf,6.65065771244601e-08,0.7220896028599538,inf,inf,0.8585380318785372,0.4620603167910386
21,0.698820366506167,L0,other,0.4785034858932293,2.016297381363531e-09,2.2003550088855548e-08,inf,inf,4.340926548695364e-08,0.7220950618652209,inf,inf,0.8505703080994345,0.46442961001815153
22,0.7306192557563755,L0,other,0.470755151749705,2.769482780255004e-09,3.1253808674012665e-08,inf,inf,5.9012905622993586e-08,0.7220406669254102,inf,inf,0.8426360310884387,0.46686989314260946
23,0.7621295729606701,L0,other,0.46325132653902235,9.778672707168165e-09,3.7933929338020576e-08,inf,inf,1.030247856745201e-07,0.7219297802393223,inf,inf,0.8347013380059037,0.46935538303477187
24,0.7934280538736546,L0,other,0.45596755000456607,4.020532807746016e-09,9.89450089881309e-09,inf,inf,5.456405391444921e-08,0.7217717254666101,inf,inf,0.8267410090066498,0.47188780037632444
25,0.824597664186141,L0,other,0.4488796487956152,6.47577235514326e-09,1.614904217687507e-08,inf,inf,4.2951304224836514e-08,0.7215738726821992,inf,inf,0.8187402043416697,0.47446601392194826
26,0.8557261855061344,L0,other,0.44196414674592466,6.6320975028407276e-09,7.970508971701332e-09,inf,inf,1.8003002720571997e-08,0.7213330821159947,inf,inf,0.8107286461876768,0.47706031788851583
27,0.8869047649450308,L0,other,0.4351986394993441,9.119549526977905e-09,8.912252285718103e-09,inf,inf,1.562045463732114e-08,0.7210549803086673,inf,inf,0.8027067083009302,0.4796573615914923
28,0.9182264807006062,L0,other,0.42856212547654343,3.750660182249287e-09,3.1679460106382218e-09,inf,inf,1.5902404283898477e-08,0.7207413153106311,inf,inf,0.7946871115773891,0.48223114508714054
29,0.9497849428976683,L0,other,0.4220352927308135,3.833477477518838e-09,2.6125601677730384e-08,inf,inf,6.859202596980703e-08,0.7203956735547582,inf,inf,0.7866655447662206,0.48475815321952787
30,0.9816729185101881,L0,other,0.4156007666878761,8.636061650829912e-10,5.506781295415655e-10,inf,inf,1.5678326218562057e-09,0.7200159757490784,inf,inf,0.7786695521392195,0.48720131002296313
31,1.0139809524641399,L0,other,0.40924332535367536,2.636144766355854e-09,9.236033417132682e-10,inf,inf,7.635422264994131e-09,0.7196026516386399,inf,inf,0.770711118361894,0.48952878073260775
32,1.0467959563196998,L0,other,0.402950086532855,4.597574837928512e-09,7.61679905152523e-10,inf,inf,1.5352101223837972e-08,0.7191578263697092,inf,inf,0.762780871083605,0.491712749245377
33,1.0801997496905678,L0,other,0.39671066713452074,2.2162682245212255e-09,1.2776657220244343e-08,inf,inf,2.519277829252042e-08,0.718679157856127,inf,inf,0.7549076524573516,0.49371593610827474
34,1.114267564532926,L0,other,0.39051730901614445,3.2833486204386807e-09,1.0769157081724577e-08,inf,inf,2.9555962625605202e-08,0.7181683158567346,inf,inf,0.7470785291533246,0.49551089281149774
35,1.1490665539199756,L0,other,0.38436496045639673,1.220595267672444e-09,1.4205921275481253e-09,inf,inf,3.839839862981449e-09,0.7176248551067789,inf,inf,0.7392994257606038,0.4970669555686697
36,1.1846543785322687,L0,other,0.3782512987195965,8.274610661239269e-09,9.482331926447085e-11,0.12717635541944297,inf,3.3425883108086556e-08,0.7170483845868922,0.6829327808083964,inf,0.7315756308769321,0.4983558429740819
37,1.2210779682214747,L0,other,0.37217667852747016,1.1174048498786183e-09,5.166270448962841e-10,0.1392901789459203,inf,3.9849763985680616e-09,0.7164371369814706,0.6727580933187519,inf,0.7239370814389665,0.49934925853955486
38,1.2583725652660933,L0,other,0.3661439944997141,8.492716804442305e-09,7.418245968368054e-09,0.14837914643018815,inf,1.161131434177485e-08,0.7157928257090376,0.6633443732644512,inf,0.7163642660924561,0.50002988004013
39,1.2965611454397536,L0,other,0.36015845252603745,6.862756494600633e-09,3.4953280381955945e-09,0.15619303882062863,inf,1.9772526020284297e-08,0.715117045126953,0.654267822961654,inf,0.7088335980575564,0.5003844293422979
40,1.335654282477712,other,other,0.35558586998883024,6.366942429345405e-09,0.04619709186647406,0.09848864564000215,inf,0.10720239739336174,0.6634384218432909,0.6455417867377129,inf,0.70140093814176,0.5003964865088883
41,1.3756504761536799,M,other,0.3501902614498338,9.273934320789072e-09,0.05928567747047511,7.784595202143516e-07,inf,0.16882375701415875,0.6171420127445293,0.6370284737308164,inf,0.6940423431070819,0.5000646402721171
42,1.4165369135104344,M,other,0.3437701070664111,4.793177603901614e-09,0.06221371837873513,3.2385870386575786e-08,inf,0.17439917244415248,0.6131128469163183,0.6286901781005397,inf,0.6867594151298603,0.4993908026621308
43,1.458290587812185,M,other,0.3373831710980467,5.966575452986901e-09,0.06501791185911054,1.0842402419820642e-07,inf,0.1796469592285381,0.6092305803718268,0.6205547870678048,inf,0.6795831399568897,0.49838104609729844
44,1.50087966946044,M,other,0.3310401959864065,3.4879084022447193e-09,0.06772041965010248,4.8912908239185084e-08,inf,0.1845783695690796,0.605459217311293,0.6124953099619199,inf,0.6724547052052667,0.4970542104013813
45,1.5442650118139474,M,other,0.3247520478247599,4.024137294862469e-09,0.07033775380505396,1.9446630283300052e-07,inf,0.18931287125784158,0.6017689544451664,0.6046029791755627,inf,0.6654344635205519,0.49542589178439905
46,1.5884016817239968,M,other,0.31852937769031764,8.438243080419552e-09,0.07288265937618714,4.3110069095181093e-07,inf,0.1938591952659516,0.5981396817829171,0.5968142620139066,inf,0.6584915109169392,0.4935229606186568
47,1.633240424771993,M,other,0.31238233439061613,4.499594348273439e-09,0.07536593205275874,1.5392698941744104e-07,inf,0.19825130330503787,0.5945538223273618,0.5891208406075041,inf,0.6516241855618682,0.49137420555210914
48,1.6787290020227679,M,other,0.30632033724193536,3.057228762394676e-09,0.07779575704612966,1.970083090491214e-08,inf,0.20251379139306894,0.5909984018719647,0.5815158210347646,inf,0.6448300507147702,0.48901178296349357
49,1.7248133623162631,M,other,0.30035191001618955,9.81122141363146e-09,0.08017968814325471,3.354998515548609e-07,inf,0.20670099505287992,0.5874609871449401,0.5740383018876648,inf,0.6381394935944421,0.4864690633279946
50,1.7714386372248687,M,other,0.2944845720694769,6.950783473637045e-09,0.08270983959152119,1.8678712447242153e-07,inf,0.21082978850845016,0.5839324391236311,0.5666809645616984,inf,0.6315500168955304,0.4837831615312612
51,1.818549962538983,M,other,0.288724779698462,3.2838212780935016e-09,0.08531637300165859,7.408229195147873e-08,inf,0.2148520509558786,0.5804056229240584,0.5593510335899267,inf,0.6249889341936106,0.4809949634190369
52,1.8660931401883158,M,other,0.2830779094420287,3.9069514076052045e-09,0.08789315106450787,6.202654740608349e-08,inf,0.21887584548468372,0.5768716779714296,0.5521759525471174,inf,0.6185546009434993,0.47813927584363547
53,1.9140151588607859,M,other,0.2775482749953226,5.597933682345388e-09,0.09044416645549305,5.400888029850833e-08,inf,0.22284878891584062,0.573325758312534,0.5450655860025897,inf,0.6121726367020913,0.47525696336255024
54,1.962264591901606,M,other,0.27213917000952453,2.272006967679341e-09,0.09297309755923158,5.21726124886646e-08,0.1712789238271159,0.22681151230691476,0.569762073153295,0.5380606357568622,0.5186521795619535,0.6058728044069125,0.47238374643259545
55,2.010791889133379,M,other,0.26685293003083577,2.3858954409885894e-09,0.09548333833504975,4.779274195333243e-08,0.1720453261482291,0.23074148545594642,0.5661764383390082,0.5311181034650695,0.495972830328723,0.5996138372121523,0.46955490336680306
56,2.059549576545631,M,other,0.26169100787894417,1.061270374454429e-09,0.09797794819440339,4.894980501392603e-08,0.1755938029971975,0.23467639079881983,0.5625644548424896,0.524279732343648,0.4773008874792834,0.59342689088067,0.466799931060871
57,2.108492375409261,M,other,0.25665405776255384,2.6561700994184444e-09,0.10045966179504472,1.1484065070223643e-07,0.1804399730294124,0.23865135162746534,0.5589225074596647,0.5175867351818816,0.4612433563913343,0.5873454623042134,0.4641436982682551
58,2.1575772508215136,M,other,0.2517420242791196,2.8012638547266145e-09,0.10293110746868622,9.322824222239226e-08,0.18613176165030942,0.24258165312024008,0.5552487131793549,0.5109181764824898,0.4465080920209742,0.581255274919877,0.46160818481748783
59,2.206763399098614,M,other,0.24695423315762585,1.636478822434782e-09,0.10539453900424837,5.1463712954071393e-08,0.1920830414206099,0.24656028552245426,0.551539683135251,0.5043982222364446,0.43340827131058457,0.5752664717787903,0.4592039892797171
60,2.2560121836504927,M,other,0.24228948115613747,3.3154772818839763e-09,0.10785198908344336,2.0503162298163645e-08,0.19812646427513164,0.25056002349862383,0.5477938700730431,0.49798831179215874,0.4215104076793065,0.569341796010634,0.4569374415137461
61,2.3052870297170776,M,other,0.2377461229553238,3.422417725132162e-09,0.11030527793089442,5.277375216019678e-08,0.20410991629393915,0.2545827360232468,0.5440097896809291,0.49169052575708655,0.4106636133793833,0.5634826116907148,0.4548065340228176
62,2.354553289324389,M,other,0.23332215323295416,1.6463295491957707e-09,0.11275592302928723,1.3632168515982135e-08,0.21004767535566718,0.25860127401182054,0.540186682407577,0.48546712366184436,0.4006440037246474,0.5576527373468804,0.45280230663826954
63,2.403778088767549,M,other,0.22901528241231361,1.7890584218889418e-09,0.1152052760875108,4.8419401350464915e-08,0.21564838889573876,0.2626724514134072,0.5363233704460343,0.47939759314357433,0.3915891479002627,0.5519335255841552,0.45090768824805966
64,2.452930171613254,M,other,0.22482300490112458,5.33226923222661e-09,0.11765437462653125,3.2996621625641487e-08,0.22098326021929787,0.26676720294630485,0.5324198865326507,0.47344172113444966,0.38329331670291056,0.5462910752498039,0.4491016454658935
65,2.501979750399882,M,other,0.22074265899644396,2.515467016080781e-09,0.12010411309608701,3.041464608653535e-08,0.22602748891115337,0.27088432520729117,0.5284762946381871,0.4675974727175162,0.37568309915499426,0.5407304210645002,0.44735924131829086
66,2.550898379619041,M,other,0.21677147801362473,3.79621088105129e-09,0.12255515235771264,6.626410939149638e-08,0.2307671630710891,0.27502200128778537,0.5244929364345178,0.46186154082499664,0.3686906509044921,0.5352563833948274,0.44565482013527347
67,2.5996588608636735,M,other,0.2129066325761752,2.2235229828572773e-09,0.12500793404507285,6.984375834840541e-08,0.23519596258187622,0.27917769645179646,0.5204704860793878,0.45622976836949436,0.3622531967368573,0.5298729601097861,0.4439650741920192
68,2.6482351879695365,M,other,0.2091452643518937,4.098621602828893e-10,0.1274627551268268,1.6009184292330383e-08,0.239211286107808,0.283374405453673,0.5164097473359452,0.45073535770078305,0.35635824704808794,0.5246233017667582,0.44227181762003603
69,2.6966025356137067,M,other,0.20548451183074762,5.358230249843254e-10,0.12991968624234101,9.128252973333433e-09,0.24302256202831404,0.2875564458028351,0.5123121786200271,0.4452991321069438,0.3508589505627214,0.519427492113459,0.4405646653583853
70,2.7447372897311295,M,other,0.20192152901308666,7.530911368689233e-10,0.13237865993050643,1.3759535438958488e-08,0.2464352449740629,0.2917714362678386,0.5081789551620104,0.4399933138226724,0.3457960242014108,0.5143658126565526,0.43884082618512804
71,2.79261711323311,M,other,0.19845349810827628,1.3389256069964647e-09,0.134839463296879,5.9073679751468245e-08,0.24955820849747373,0.29598930223486025,0.5040117527020171,0.4347793262476453,0.34109167954918873,0.509395041707676,0.43710540211206844
72,2.840221036763507,M,other,0.19507763751484708,5.172275486462754e-10,0.1373017897958375,1.5365200374773638e-08,0.2523113677351523,0.3002302508662808,0.4998121641693433,0.42969421698672206,0.33673986486340685,0.5045524394867572,0.4353692383113995
73,2.887529562023594,M,other,0.19179120643532369,2.2288401069954366e-09,0.1397652646360247,3.927224307305201e-08,0.2548834366940292,0.3044403589000537,0.49558199712562984,0.4246668889883671,0.33267528925808687,0.4997505383993717,0.43364668803864387
74,2.934524764446274,M,other,0.18859150743839073,3.9421840170079565e-09,0.14222946663723127,1.0178985460757971e-07,0.25711012816513235,0.3086639739701151,0.49132282015545775,0.4197730671629381,0.3289186359648712,0.4950667654502607,0.4319534466617522
75,2.981190382433139,M,other,0.18547588810708596,5.258980122560557e-09,0.14477087027583857,5.093979974970579e-08,0.2590101410466622,0.3128957186064718,0.48703633842596505,0.41501561834506884,0.32544547679246555,0.4904962729788737,0.4303043000511357
76,3.027511881804914,M,other,0.18244174262995091,7.750023207388212e-09,0.14751931274715868,1.8807166956645517e-07,0.2607527826858527,0.3170837256141819,0.4827241339943961,0.41032692150589567,0.3222266974446959,0.4859508122769426,0.4287110799785267
77,3.0734764864923174,M,other,0.17948651387943795,4.8798200504008e-09,0.15026367513717098,7.414439073228132e-08,0.26211991748091285,0.32129371492202,0.4783879827387823,0.4058161639033434,0.3192650510050549,0.4815522630602711,0.42718270906160644
78,3.119073169712986,M,other,0.1766076962373683,1.1910736794366796e-09,0.15300334806010518,2.182094564063736e-08,0.2633466957838809,0.3254517906168895,0.4740291818295837,0.4013801506127551,0.31653736482290984,0.47717202624438093,0.42572272954628326
79,3.1642926036814134,other,other,0.17658687249162505,1.0193539835227279e-09,0.25635363026018954,0.1879465933422103,0.17971774481217093,0.37679296436722254,0.3744813673722097,0.39708977834833087,0.31403120387843986,0.4728927406327071,0.42433134725738764
80,3.209127069855791,other,other,0.17277760101581133,5.407666467854887e-09,0.19089490931538053,0.08353193467057636,0.21748247625463477,0.34440757300452174,0.41852916555317726,0.39291012567541517,0.3117320661092757,0.46867195362985853,0.4230041215441723
81,3.253570335347221,other,other,0.1700150523287247,1.622372679667243e-09,0.19769887644059025,0.09154611855616368,0.21405543894617426,0.350574369995538,0.4097668833268813,0.3888397805153893,0.30962475063567557,0.4645103222299096,0.42173358280501755
82,3.2976175039821727,other,other,0.1673136226094014,6.362722995939367e-09,0.20362641341715082,0.09779941535382243,0.21137491238285525,0.3562506906708521,0.40204916517320183,0.38490898917342736,0.30768227977858537,0.46045183945685175,0.4205103346787379
83,3.341264852354037,other,other,0.1653131635755466,1.7693382067642555e-09,0.2418852768770136,0.15678868898014203,0.226760569221748,0.42608572312266146,0.3731597304073045,0.3811125957136033,0.3058823388395611,0.45649867920813986,0.4193234615828921
84,3.3845096619287554,other,other,0.1626781716113096,3.02891719731493e-09,0.24590300388381758,0.15809364722954583,0.2251653222357526,0.42924090503260764,0.36801550077546163,0.3773802712334294,0.3042306104218876,0.4525678626352313,0.41816103578437075
85,3.427350057917871,other,other,0.16010614488773475,3.0884681288231684e-09,0.2497999994641535,0.1592941715132329,0.22352293759720201,0.43234230290867826,0.3629967369791253,0.37380324875938914,0.3026707723411529,0.4487892876005256,0.41701400878230166
86,3.469784864317673,other,other,0.15759562095285715,2.3683998184718147e-09,0.2535469787741712,0.16027135276559912,0.22189270547231527,0.4353349974993011,0.3580875891115581,0.370279793089704,0.30122885781559083,0.4450366031575722,0.4158724444500478
87,3.511813482408507,other,other,0.15514513193985652,7.484290642423188e-09,0.25716637346721266,0.16112138220919334,0.22022265964227627,0.4382606172546656,0.35327494999603426,0.3668679899629503,0.29986170607833634,0.4413961323359534,0.41473087017582294
88,3.553435797336515,other,other,0.15275321454996266,2.7578150472686124e-09,0.26067973968429,0.16185480274852512,0.21850774003149312,0.44112198993312757,0.34854660810337096,0.3635623517182108,0.2985562247563157,0.43786809646321334,0.4135855430379983
89,3.5946521144328583,other,other,0.1504184166143586,4.731088832465981e-09,0.2641682111711842,0.16238552749886684,0.21678216240693335,0.4438840788677002,0.3438921435580243,0.36029824770079844,0.2973399610983829,0.43436633923309903,0.41243424040197074
90,3.635463123970271,other,other,0.14851865976361084,9.993652466366842e-10,0.19627932911775905,0.09732359591181701,0.30101568363083464,0.4350938862537359,0.42908081385426045,0.3571637460344977,0.29615169429092103,0.43101766814639175,0.4112798103927565
91,3.6758698904225637,other,other,0.14639951889101926,8.58190752202543e-09,0.1985267777836964,0.09694089583833564,0.3004377647338806,0.43739050545652586,0.4257333444666239,0.35406754159517057,0.2950448481975003,0.4276917118530082,0.4101237493714674
92,3.7158738602463464,other,other,0.14432989805357135,2.6694483460461185e-09,0.20075671757447264,0.0966008371618467,0.2997556650170988,0.4396654964055179,0.42238412523896496,0.35106848787721034,0.2939787171042241,0.42447133764292355,0.40897170952747386
93,3.755476880932513,other,other,0.14230841218452708,3.3631051981643494e-09,0.20296971062590297,0.0962954826360889,0.29897464469111407,0.44191944829516766,0.41903317933616435,0.3481660023896499,0.2929516396755969,0.4213535830351155,0.407828899620595
94,3.79468122366545,other,other,0.13955148325389477,9.05219318618337e-09,0.2804354409532123,0.16340315431915478,0.20733196284498379,0.4567715934429713,0.32140073670500136,0.3453035629021201,0.29200589627242474,0.41825014770419433,0.40669918757195944
95,3.8334896023688243,other,other,0.1375297802577748,9.699819692883505e-09,0.28351820311125786,0.16333174190251987,0.2052434489313415,0.4591820432341109,0.3169941012229402,0.34256666696539617,0.2910773364035101,0.41528613754541105,0.40558903943846564
96,3.8719051831087956,other,other,0.13494997874272827,6.108780985371971e-09,0.30346030842812066,0.18353936368792778,0.16258966247439186,0.4376866854370162,0.2949469723040448,0.3398715733273348,0.29023050324879374,0.4123312777958332,0.4044998686732858
97,3.909931579597463,other,other,0.13356742985378486,1.4872565049081285e-09,0.26494663737046376,0.13436954008083937,0.18147376553822742,0.4194457972872012,0.31727416659158486,0.3372737380912722,0.28942035024362606,0.40946873650842747,0.4034350295514747
98,3.9475728326648545,other,other,0.1311003185918354,5.5176652749369545e-09,0.30792559726799185,0.18116402349052516,0.15872285396750835,0.44309861562571723,0.2863038349044778,0.334744962875438,0.28866680714813886,0.40665457605784266,0.4023943006621497
99,3.984833373786515,S,other,0.12729736994944546,9.233393763859096e-10,0.49239915694371483,0.24754180368978115,9.469786237164713e-09,0.4716947149756129,0.19239550180622508,0.3323102947396266,0.2879438957339122,0.4039302925571454,0.4013774446261489
100,4.021717974799746,S,other,0.1253914020045201,1.5985400294517133e-09,0.49615308458944696,0.2453443269684736,1.1134857656731699e-08,0.4735287563274847,0.18987036722127695,0.32994081247337814,0.2872701618787899,0.40125309784712093,0.4003815401943503
101,4.058231687577502,S,other,0.12353253919917617,1.2683553330784218e-09,0.499798871096653,0.24310796861556908,1.568129663413945e-08,0.4752991706151181,0.1874263802708386,0.32765935824049813,0.28661779569540985,0.39866514488672683,0.39940431648045893
102,4.094379778479878,S,other,0.121719342478249,8.472220163334843e-09,0.5033409602302527,0.24074450760341853,9.802267788737842e-09,0.47699395019960505,0.18505943778275796,0.3254368023377416,0.2860047906403164,0.39612433326557234,0.3984415288856198
103,4.130167662780176,other,other,0.12223969615450196,3.991785098364515e-09,0.3185209998604221,0.17414426409954628,0.14766663621661735,0.4555842689677619,0.2649499311478645,0.3232700872569596,0.2854262593376326,0.3936308835170545,0.3974896929009124
104,4.165600843972127,S,other,0.11822438061124027,4.199817295765197e-09,0.5101301016428441,0.23563980530360865,2.0307849105699475e-08,0.4801707869301773,0.1805425120193106,0.32115629212229496,0.28487768138494496,0.3911848656281719,0.39654572523452436
105,4.200684861999387,S,other,0.1165399326703163,1.4562944342186995e-09,0.5133847225662157,0.23300242696584025,1.776320378775096e-08,0.4816751790889112,0.17838624209963588,0.31911629959495297,0.2843317783252455,0.38882777799616897,0.39560810790998635
106,4.235425253166065,S,other,0.11489578739082945,9.10470939683671e-10,0.5165507293814778,0.23034978685930013,1.1621547077690718e-08,0.4831328615630541,0.17629411293649405,0.31714652401820637,0.28378551635413957,0.38655866369865366,0.39467542119414034
107,4.2698275229822675,S,other,0.1132907074848743,1.6591669005491458e-09,0.5196318139601028,0.2274743088068249,2.709578194100078e-08,0.4845152431592674,0.17426263998610203,0.31519907064951197,0.28328373796679834,0.3842931400381128,0.39374544744768036
108,4.303897131673733,S,other,0.11172349673250034,2.1908962782000996e-09,0.5226307254674201,0.22458733830765898,1.908033080716453e-08,0.4858564298745588,0.17228977114410435,0.31331835466121316,0.2827785114105355,0.3821128135526798,0.39282036323054237
109,4.337639490723934,S,other,0.11019299876941244,1.9245422671935404e-09,0.5255512567780175,0.2215825411251554,2.7625379626843317e-08,0.4871432502453481,0.170372650881899,0.3114809934475687,0.2822929610593384,0.3799742439056935,0.3919004760732163
110,4.371059967767472,S,other,0.1086980955284001,5.433861880508505e-10,0.5283956513397098,0.21857188994306137,7.311322507654429e-09,0.48839375485826464,0.1685092079018457,0.3097075900872236,0.28180404332764364,0.37791643733853675,0.39098840840216864
111,4.404163896513158,S,other,0.10723770551686568,7.019187134309158e-10,0.5311670500844997,0.21544199152980456,4.06159197600048e-09,0.4895945666150186,0.16669682109647016,0.30797617462785626,0.2813357688248082,0.37589582328581894,0.3900851914765313
112,4.436956588186351,S,other,0.10581078210133366,1.9810564083132924e-09,0.5338680914258255,0.21218690985293306,2.221565299938499e-08,0.49074785476123534,0.16493332669466781,0.30628635537120763,0.2808888137895928,0.37391020981444995,0.38919271162094454
113,4.469443341231396,S,other,0.10441631194211576,6.6230819309801015e-09,0.5365013255253298,0.20892114907479237,9.688411091661473e-08,0.4918711563540433,0.1632171081830628,0.30465625694668874,0.2804405695202512,0.37199822290122597,0.3883135279623272
114,4.501629446644991,S,other,0.10305331367682252,1.5493092241883642e-09,0.5390692070085825,0.2053878966714221,1.8217632049596952e-08,0.49293544154810676,0.16154536033405897,0.30304490405206075,0.2800374732215865,0.3700766134195995,0.3874468135362428
115,4.533520187218642,S,other,0.10172083690927404,7.022684263563935e-09,0.5415741130585018,0.2018190655385007,1.5072147877382645e-08,0.4939735205564042,0.15991708744307281,0.30148661172028424,0.27963305960895357,0.3682251202070649,0.386595011564487
116,4.565120830024858,S,other,0.10041796149687603,2.4825548958121237e-09,0.5440184323694239,0.19820073698240415,2.4865859333810868e-09,0.4949871218777933,0.1583305138006855,0.29997477758439234,0.27922674374335166,0.3664422221950013,0.3857580116066328
117,4.596436612547521,S,other,0.09914379710859422,3.6327560310062483e-09,0.5464041021824609,0.1943672098244284,2.5114787211487423e-08,0.4959623773756306,0.15678361133652766,0.2984824186257845,0.27884022385927604,0.36468670375156637,0.38493409028197384
118,4.627472723798183,S,other,0.09789748296240246,4.111400056891213e-09,0.5487332263183866,0.19025825148733155,3.870486764583669e-08,0.49690089375203494,0.15527477793232675,0.2969968943823814,0.27847178408626116,0.3629581886608742,0.38412203614421314
119,4.658234282465352,S,other,0.09667818766012035,7.159926649645116e-10,0.5510080434739874,0.18577316302845878,7.306996883443531e-09,0.4978041804867898,0.15380251310506785,0.29549793754416304,0.2781194647520869,0.3612565522860446,0.38332033530658394
120,4.688726314536857,S,other,0.09548510900848219,4.287866847417458e-09,0.553230125441268,0.1807258121628889,2.8824471652422127e-08,0.49867365380475553,0.1523654074205479,0.2939497352748435,0.27778123844935304,0.359581827144727,0.3825273654663926
121,4.718953732884419,S,other,0.09431747373711263,5.905517914085783e-09,0.5554015014463072,0.17493463530010675,5.9571947404752e-08,0.49952602849466327,0.1509624973625831,0.29230548549436036,0.27743286765980396,0.35797349717237875,0.38174265796637624
122,4.748921321018365,S,other,0.0931745370378809,8.621050344039509e-09,0.5575238259413118,0.16702977425728607,8.598037913230705e-08,0.5003472830030522,0.14959202782252615,0.2903262733154504,0.2770952573801066,0.35639187556251695,0.3809638843587402
123,4.778633722665145,S,other,0.0920555818839046,6.028636451160807e-09,0.5595986251350801,inf,8.932681296996632e-08,0.5011384653585127,0.14825295655050655,inf,0.27676715869161234,0.35483688621530884,0.38019014146502395
124,4.8080954380786505,S,other,0.09095991810832062,2.077211332353671e-09,0.5616275993299857,inf,5.769647980429705e-09,0.5019162164558036,0.14694433155029227,inf,0.27642579826684555,0.3533471635578294,0.37942207853636906
125,4.837310827174768,S,other,0.089886881272199,6.060076989282474e-09,0.5636123330965075,inf,3.412123708986225e-08,0.5026662075774483,0.14566474944973384,inf,0.27609306462886773,0.35188303364314033,0.37865862361118235
126,4.866284118786574,S,other,0.08883583135292922,2.9752991364406606e-09,0.5655541467244672,inf,2.7520795345712983e-09,0.5033895364220917,0.14441312055177144,inf,0.27576905994461964,0.35044386038265135,0.3779001996494132
127,4.895019424673724,S,other,0.0878061513344484,2.395956045796646e-09,0.5674545079020145,inf,4.6677003036144596e-09,0.5040871971475772,0.14318845611969036,inf,0.275454220384814,0.3490288515846867,0.377147552391062
128,4.923520756459323,S,other,0.08679724576160443,8.55443482556355e-09,0.5693147131998005,inf,8.765649750346015e-08,0.5047601496212357,0.1419898022950577,inf,0.2751491973885787,0.3476371102948819,0.37640162705262215
129,4.951792043455651,S,other,0.08580853933997071,9.242042110020783e-09,0.5711360050517728,inf,1.1249264833446252e-07,0.5054244313104392,0.14081670728253362,inf,0.274833341842081,0.3463056793325772,0.3756645859156578
130,4.979837149386874,S,other,0.08483947565076924,1.120889553087048e-09,0.5729197037859279,inf,5.415193742022092e-09,0.5060658286319869,0.1396677580261394,inf,0.27452896891275386,0.34499528892552056,0.37493623401918874
131,5.007659886299399,S,other,0.08388951602668374,1.4321928950440444e-09,0.5746669576270871,inf,7.433403831593809e-09,0.5066850628300292,0.1385422428052634,inf,0.2742366111647948,0.3437050960745423,0.37421732979714134
132,5.03526402441773,S,other,0.08295813861801335,6.738037753708799e-09,0.5763783182632537,inf,7.998216593592506e-08,0.50729805285356,0.13743975552040352,inf,0.27393553484055494,0.34247181038346386,0.3735095556862283
133,5.062653297284513,S,other,0.0820448376622974,1.11887520890585e-09,0.578056256593334,inf,5.875922290602495e-09,0.507875390064509,0.13635866543091535,inf,0.2736679304089229,0.34121981426464304,0.3728107552254304
134,5.089831402137353,S,other,0.08114912294391141,5.491994300064676e-09,0.5797005999723717,inf,2.390594569822941e-08,0.5084479242929146,0.1352991154039272,inf,0.27339158992642465,0.34002335934035893,0.3721232064661876
135,5.116801996042899,S,other,0.08027051940331971,5.083901881557267e-09,0.5813127486510499,inf,3.153869515687873e-08,0.5090013079240931,0.13425995429631937,inf,0.2731270216675157,0.3388447317436763,0.3714453677785695
136,5.1435686887634064,S,other,0.07940856686657287,2.3327620147340007e-09,0.582893482085829,inf,2.4512147831833707e-08,0.5095362247149772,0.13324050679789626,inf,0.2728735173875823,0.3376837534484457,0.37077668566471067
137,5.1701350336250105,S,other,0.07856281983686,5.759412801257451e-09,0.5844445038375692,inf,5.8804038690341785e-08,0.5100681795920089,0.13224062144285637,inf,0.27260982075794143,0.33657680237255017,0.3701177229980927
138,5.196504517767307,S,other,0.07773284730281795,9.249581322885174e-10,0.5859656294932913,inf,9.036020500206733e-09,0.5105680448872069,0.13125869905828352,inf,0.2723760860091922,0.3354506145719184,0.3694653394474346
139,5.222680553083154,S,other,0.07691823252623045,1.5131670823569261e-09,0.587458333078225,inf,2.7451255010086214e-08,0.5110661307995441,0.13029511189075307,inf,0.2721307628759464,0.334377866688137,0.3688213652429317
140,5.248666468931473,S,other,0.07611857277071127,7.503012385733565e-09,0.588923177442177,inf,1.2366766056179328e-07,0.5115481301142986,0.12934882418497706,inf,0.27189362301914155,0.3333218948554552,0.3681840542582752
141,5.274465507367617,S,other,0.0753334789598341,7.985609167524867e-09,0.5903610572419697,inf,1.1491318948286682e-07,0.5120293552339072,0.1284197300873766,inf,0.27164417601216456,0.3323181792140198,0.3675543122659657
142,5.300080821239115,S,other,0.07456257525889193,3.6207904700207884e-09,0.5917734877307561,inf,4.286973318930702e-08,0.5124807717014577,0.12750642390967315,inf,0.27142217695989584,0.3312947241820575,0.36692943955342067
143,5.325515475095913,S,other,0.07380549858625308,2.7585973857860782e-09,0.5931601763387576,inf,3.974080131571269e-08,0.5129176821581236,0.1266088252160404,inf,0.2712073687787971,0.3302870334821414,0.36631067288976443
144,5.350772448514668,S,other,0.07306189807291268,5.670953255625848e-09,0.5945221544170894,inf,8.16842722411219e-08,0.5133552437823731,0.12572694719642905,inf,0.2709800833549874,0.32932978147774683,0.36569941487040286
145,5.375854641176681,S,other,0.07233143449501961,4.934452725276813e-09,0.5958601800647184,inf,7.178769252924298e-08,0.5137791765845711,0.12485986287438752,inf,0.27076026778764567,0.32838690738953424,0.36509459578808273
146,5.400764878893559,S,other,0.07161377970443543,2.451401560151119e-09,0.5971749109459523,inf,3.40629842827707e-08,0.5141899312960962,0.12400712508134097,inf,0.2705480412727585,0.3274578864061058,0.3644964503062847
147,5.425505919751287,S,other,0.07090861608121087,7.638960834277075e-09,0.5984669292367026,inf,6.713078262490802e-08,0.5145879652647601,0.12316828081543287,inf,0.27034351411095536,0.32654222087547113,0.36390519373082986
148,5.4500804596332735,S,other,0.07021563602814117,9.981677646540496e-09,0.5997367009704007,inf,1.8928665250664413e-07,0.5149881480332572,0.12234348974856897,inf,0.27012751599302526,0.3256738599168797,0.36332229557921053
149,5.474491136562836,S,other,0.06953454151886036,8.747223915410007e-09,0.6009852676682177,inf,1.209913474926671e-07,0.5153763439240299,0.12153179867997897,inf,0.2699194526741161,0.3248176578282231,0.36274650916886003
150,5.498740533542653,S,other,0.06886504371273966,5.961662307373515e-09,0.602213069071772,inf,8.407145899018484e-08,0.51573846080975,0.1207323466179171,inf,0.26973822099302974,0.3239393126079694,0.36217644848374564
151,5.522831179825305,S,other,0.06820686261971569,5.206440897224766e-09,0.6034204387546794,inf,9.280717557887027e-08,0.5161038054512455,0.11994577608622169,inf,0.26954543731090097,0.32310683523117634,0.3616146101543993
152,5.546765550788345,S,other,0.06755972682045562,5.829264550065178e-09,0.6046079210836158,inf,6.25443151101524e-08,0.5164582505457015,0.11917123597660653,inf,0.2693599141412481,0.32228588854370627,0.3610594169500489
153,5.570546066778222,S,other,0.06692337322376578,9.237704619150834e-09,0.6057764234239883,inf,1.4291728153773127e-07,0.516802140625432,0.11840838022197431,inf,0.26918128013529413,0.32147639333126116,0.36051055477530347
154,5.59417509140809,S,other,0.0662975468419528,8.604728847554305e-09,0.6069255418876386,inf,1.2391749956946985e-07,0.5171500656799576,0.11765744134593137,inf,0.26899050939819,0.3207115530047963,0.3599690432728099
155,5.617654929834935,S,other,0.06568200057950507,1.0399577036383865e-09,0.6080566110318493,inf,2.160126413454849e-08,0.5174738643648533,0.1169169062739637,inf,0.2688245805566577,0.3199246379332179,0.3594318351086334
156,5.640987827503171,S,other,0.06507649501168117,7.38774660283964e-09,0.6091698302615395,inf,1.233900488503321e-07,0.5178021144127047,0.1161878246941038,inf,0.2686459833771493,0.31918191000571505,0.35890136739815154
157,5.664175969737295,S,other,0.06448079814754866,8.902306580426926e-09,0.6102658559698864,inf,1.2884598838040474e-07,0.5181211998435001,0.11546897784091074,inf,0.26847307758036226,0.3184500381174513,0.35837605302175723
158,5.687221482415701,S,other,0.06389468517645043,3.654355950114506e-09,0.61134467597348,inf,6.497475748687854e-08,0.5184310319427553,0.11476046305603406,inf,0.268305672557852,0.31772890059053643,0.3578557447538115
159,5.710126433786053,S,other,0.06331793819595852,4.8464344643570426e-09,0.6124069439539889,inf,8.528795718471227e-08,0.5187320457418653,0.11406183849002416,inf,0.26814366090196895,0.31701833130338025,0.35734037638143096
160,5.732892837315333,S,other,0.0627503459195907,2.7218348616631083e-09,0.6134532230664529,inf,5.0998629237145703e-08,0.5190245208993978,0.11337283236168579,inf,0.2679870094957136,0.3163181228619522,0.356829953884092
161,5.755522655327462,S,other,0.06219170338251334,4.556311574777441e-09,0.6144837397318996,inf,7.31595557413852e-08,0.5193086687827768,0.1126932369725499,inf,0.2678357417556855,0.3156280356243079,0.3563245378078727
162,5.77801780308517,S,other,0.06164181164520165,4.8053022024810085e-09,0.6154988691697283,inf,7.258457682455834e-08,0.519598776361781,0.11202333605110168,inf,0.26767200366468147,0.3149795554361472,0.3558256330224979
163,5.800380152930371,S,other,0.06110047750968689,2.2662758639087662e-09,0.6164989727800734,inf,2.3549236128886122e-08,0.5198809765994045,0.11136236325614643,inf,0.2675139390157677,0.3143403017510241,0.35533193632750665
164,5.82261153810981,S,other,0.06056751325522943,8.54932980941421e-09,0.6174843607534479,inf,1.0464151112901239e-07,0.5201415364564471,0.11070955556109664,inf,0.2673793387409877,0.3136786459177883,0.35484210175372083
165,5.844713755974373,S,other,0.06004273639829456,8.84203248726484e-09,0.6184555043201027,inf,1.3197595835968476e-07,0.5204086442445056,0.11006574437838818,inf,0.2672326365763599,0.31305729569678675,0.3543590148516008
166,5.86668857033872,S,other,0.05952596948365965,8.28722685375545e-09,0.6194127393554849,inf,1.2440334489091416e-07,0.5206685131191128,0.1094302046602757,inf,0.2670916178901287,0.31244449343748587,0.3538812470695038
167,5.88853771290672,S,other,0.05901703990439599,6.8407106189457764e-09,0.6203564201354227,inf,9.755159720228058e-08,0.5209213642619754,0.10880269998568809,inf,0.26695618438624164,0.3118400779721291,0.35340873312900983
168,5.9102628837900415,S,other,0.05851577974936753,3.0245790275098054e-09,0.6212865947843864,inf,2.56816375079135e-08,0.5211811741397833,0.10818363811501969,inf,0.26680875907917795,0.31127456420144034,0.3529428032532899
169,5.931865751255654,S,other,0.058022025673561885,4.031238221138605e-09,0.622203840396027,inf,7.870608470185209e-08,0.5214205352397889,0.10757165207748957,inf,0.2666840766267877,0.3106863916113007,0.3524804033843687
170,5.953347950919705,S,other,0.05753561878389882,5.278141053128432e-09,0.6231082628803056,inf,7.501083090387684e-08,0.5216671354026658,0.10696775240681115,inf,0.26654713371273087,0.3101365902444421,0.35202424420113
171,5.974711084651931,S,other,0.057056404536160635,3.254344490720082e-09,0.6240003624926391,inf,5.941765825325764e-08,0.5218937007005886,0.10637059089671914,inf,0.26643231835743797,0.3095643590860258,0.35157120609580633
172,5.995956719463279,S,other,0.056584232634110436,1.6866383819105768e-09,0.6248802251771847,inf,2.802709974889621e-08,0.5221278486801585,0.10578110579315342,inf,0.26630492135298606,0.3090300190276902,0.3511240128439076
173,6.017086386622197,S,other,0.056118956926661315,9.52574812963531e-09,0.625748206244229,inf,1.5630838172538573e-07,0.5223559944520956,0.10519859038968976,inf,0.2661820018510488,0.308503227063204,0.35068102105455706
174,6.038101581189076,S,other,0.05566043529682326,7.968307551438868e-09,0.6266045664776417,inf,1.4753368426060572e-07,0.5225783296006269,0.10462285189646603,inf,0.266063375920194,0.30798390517545937,0.3502420766492847
175,6.059003762083589,S,other,0.05520852954611785,3.933212354389822e-09,0.6274495508750247,inf,5.142716557222676e-08,0.5227949764037781,0.10405376363980957,inf,0.2659488968931101,0.3074719578362933,0.3498070609398569
176,6.079794352717929,S,other,0.05476310526849543,4.51506073395141e-09,0.6282834035835754,inf,4.4176384343157453e-08,0.5230061090131454,0.10349116067306666,inf,0.265838456558547,0.30696727123302364,0.34937589163543836
177,6.10047474215156,S,other,0.05432403171604794,7.379978419625472e-09,0.6291062557576313,inf,1.0339830627621376e-07,0.5232253473408072,0.10293548313092833,inf,0.26571520177189645,0.3064987495215685,0.34895001674162107
178,6.121046286659849,S,other,0.05389118166241883,4.098032025705737e-09,0.6299186557603436,inf,3.219028064128797e-08,0.5234258819905918,0.10238537642712345,inf,0.2656127141557871,0.3060080060384322,0.3485264222608335
179,6.141510311566689,S,other,0.053464431268296204,7.214212670893403e-09,0.6307204548467684,inf,9.707478391837515e-08,0.5236213303824895,0.1018413366492913,inf,0.26551411727956153,0.30552410495821697,0.3481065921542263
180,6.161868113173345,S,other,0.05304365994305625,3.262188728414916e-09,0.6315121829857963,inf,2.5305890890735562e-08,0.5238251814388151,0.10130380935772522,inf,0.26540280781771186,0.3050754092369098,0.3476920365603521
181,6.18212096062204,S,other,0.052628750221302645,1.7875849286979964e-09,0.6322938532553446,inf,1.6172124890467636e-08,0.5240241618620574,0.10077206007195456,inf,0.2652954722875086,0.3046329234037409,0.3472812457283477
182,6.202270097559699,S,other,0.05221958764085586,5.767736901366588e-09,0.6330655580617967,inf,1.0212155640108024e-07,0.5242183996598024,0.10024596246153274,inf,0.26519207480696133,0.3041965209363353,0.34687420107628847
183,6.222316743509106,S,other,0.05181606063466464,2.0609056278490974e-09,0.6338280776902991,inf,3.190866286935103e-08,0.5244079817876394,0.09972541117961893,inf,0.26509256400721326,0.30376609015999506,0.34647086755950846
184,6.242262094903953,S,other,0.05141806043342999,1.8556351550848359e-09,0.6345809018583659,inf,1.4152006955348437e-08,0.5245930734174893,0.09921026441712734,inf,0.2649968711638067,0.3033415352088543,0.3460711919800984
185,6.26210732579366,S,other,0.05102548097602261,2.0418923942228004e-09,0.6353245499732935,inf,1.5888671108682796e-08,0.5247737738011877,0.09870041203762901,inf,0.2649049113874171,0.3029227750010504,0.34567510429418835
186,6.281853588266409,S,other,0.05063821882998981,5.847151700606348e-10,0.6360592283473736,inf,7.647926155723571e-09,0.5249501955160992,0.09819574341334676,inf,0.26481658734949004,0.30250974055816066,0.3452825213899086
187,6.301502012669708,S,other,0.05025617311794592,2.6333323954567944e-09,0.636785082624569,inf,3.666393464195124e-08,0.525122456000906,0.09769614210409934,inf,0.2647317947214537,0.3021023711966279,0.34489335252220166
188,6.321053707723863,S,other,0.04987924544807438,4.464249715556423e-09,0.6375022821742322,inf,6.510383393341271e-08,0.5253037311688588,0.0972021053542026,inf,0.26463431683546246,0.3017277667801534,0.3445090564312028
189,6.340509760624545,S,other,0.049507339847128407,2.671543951850787e-09,0.638210897063034,inf,1.8820914034346305e-08,0.525467950560363,0.09671232521109298,inf,0.2645563329853817,0.30133138916094804,0.34412644797931824
190,6.359871237217718,S,other,0.04914036269424258,8.23089602126014e-09,0.638911290134245,inf,1.1880916672437484e-07,0.5256413089777385,0.09622791519964681,inf,0.26446558140050624,0.30096732897691086,0.34374855480668076
191,6.379139182306812,S,other,0.04877822265343983,9.929173240146071e-09,0.6396034326957907,inf,1.500492866082194e-07,0.5258108614642254,0.09574815319995648,inf,0.2643780947618819,0.3006083643592246,0.34337375952187776
192,6.398314620122729,S,other,0.048420830605996557,7.2322830734199844e-09,0.640287607528004,inf,1.1470563325053219e-07,0.5259766852132166,0.09527295462391183,inf,0.2642938086254736,0.30025442302139926,0.34300200925545093
193,6.4173985549567405,S,other,0.04806809958221721,8.688917628365406e-09,0.6409639521780874,inf,1.3779884834183667e-07,0.5261388739085787,0.09480222864390077,inf,0.2642126721943124,0.29990542601575715,0.3426332639464745
194,6.4363919719289555,S,other,0.047719944691037595,1.9890610316588772e-09,0.6416325630630973,inf,3.406623383173361e-08,0.5262975343252136,0.09433586927934129,inf,0.26413464588644625,0.29956128919982294,0.34226749396570183
195,6.45529583784455,S,other,0.047376283053464294,8.423374886273524e-09,0.642293681594927,inf,1.3448806633365883e-07,0.5264527224151845,0.09387381882400628,inf,0.2640596977122706,0.29922192553620636,0.3419046765782386
196,6.474111102078277,S,other,0.04703703373359093,8.456211685688077e-09,0.6429473471175108,inf,1.3528015151062677e-07,0.5266045543092357,0.09341596375653803,inf,0.26398779907603365,0.29888724782117515,0.34154479184851766
197,6.492838697425941,S,other,0.04670211767650972,1.924985241330947e-09,0.6435937470678937,inf,3.435914373425832e-08,0.526753118935639,0.09296221341272619,inf,0.26391892063864597,0.2985571714168515,0.3411878186100794
198,6.511479540868578,S,other,0.04637145764789595,5.475344888231483e-09,0.6442330650668965,inf,9.205017767338107e-08,0.5269111811712306,0.09251313317694149,inf,0.2638374156081605,0.2982571640977935,0.34083532514861636
199,6.530034534209349,S,other,0.04604497817662927,2.8618268022448855e-09,0.64486541909811,inf,5.602828241652273e-08,0.5270534098173514,0.09206735540146689,inf,0.26377451634850163,0.297935899149286,0.34048409465828333
200,6.548504564561806,S,other,0.04572260550439007,5.433613282728421e-09,0.6454906043311261,inf,9.037153728732285e-08,0.5271925432872591,0.09162552244384449,inf,0.26371451458956907,0.29761901739301316,0.340135676040187
201,6.566890504688249,S,other,0.04540426753727077,9.398811548951159e-09,0.6461097018670484,inf,9.556542549903702e-08,0.5273413075423932,0.09118809277145018,inf,0.26364187501502395,0.2973315391288769,0.3397916267795119
202,6.585193213205498,S,other,0.045089893802220615,1.3031690923853007e-09,0.6467214415058579,inf,2.4097100372695482e-08,0.5274871955440109,0.09075434736712924,inf,0.2635721005669578,0.2970480249632436,0.3394502930167057
203,6.603413534689942,S,other,0.04477941540601215,1.8159268002065215e-09,0.6473269812346915,inf,2.718204480438048e-08,0.52763014344512,0.09032429520986673,inf,0.2635051231959702,0.2967684294232252,0.33911161481678215
204,6.621552299722866,S,other,0.044472764996271306,4.199275493034071e-09,0.6479264586330198,inf,8.292531709272881e-08,0.5277577772126483,0.08989718066666404,inf,0.26345623102321064,0.296468085085219,0.33877391260029954
205,6.639610324919774,S,other,0.04416987672403486,7.693906532116757e-09,0.6485190674822848,inf,1.5430697566149006e-07,0.5278952603102586,0.08947418025582855,inf,0.263394601982665,0.2961963514532041,0.33844035794491023
206,6.657588412984171,S,other,0.04387068620666843,5.346057247308496e-09,0.6491058875752196,inf,9.783933268960193e-08,0.5280299669012801,0.08905469971719482,inf,0.2633355700526117,0.29592841119319024,0.3381092797957935
207,6.675487352818063,S,other,0.043575130491393034,8.370383124687089e-10,0.6496864504030662,inf,6.370759847714815e-09,0.5281744371265864,0.08863925624403632,inf,0.2632638369903698,0.2956883967599016,0.3377822560909794
208,6.693307919709694,S,other,0.04328314801819532,6.840093862679492e-10,0.6502612200169938,inf,1.2902650531622394e-08,0.528303971332029,0.08822645198302988,inf,0.2632098718578012,0.29542776179377794,0.3374559869271661
209,6.711050875605988,S,other,0.04299467858190159,5.735456264760984e-09,0.6508302157145883,inf,1.0725285911044172e-07,0.5284310197420874,0.08781689973308265,inf,0.2631583529014867,0.29517078253985074,0.3371320598537866
210,6.72871696946441,S,other,0.04270966329449289,2.9658371039024273e-09,0.6513933084785605,inf,6.101854702848156e-08,0.5285556118905613,0.08741056972779705,inf,0.2631092443923339,0.294917407541557,0.336810443116714
211,6.746306937668356,S,other,0.04242804454850255,4.2683671493668786e-09,0.6519508322379908,inf,8.33877289945888e-08,0.5286900887095154,0.08700801056249582,inf,0.2630474198060698,0.2946911722203531,0.3364927542613513
212,6.763821504482823,S,other,0.0421497659787614,3.3298228080012524e-09,0.6525027873198945,inf,6.105960266544452e-08,0.528809988372949,0.086607867732201,inf,0.26300308150738744,0.2944446978632376,0.33617568560018424
213,6.7812613825236525,S,other,0.04187477242696022,3.326034573138733e-09,0.6530493849995473,inf,6.325062747170647e-08,0.5289397705043527,0.0862114274062421,inf,0.2629460442493404,0.294224967714992,0.3358625076287688
214,6.798627273214076,S,other,0.04160300990644415,5.698990174197137e-09,0.6535907841718522,inf,1.0324102232416036e-07,0.5290551228557319,0.08581732664317247,inf,0.26290637754448193,0.29398518132166757,0.3355499002780289
215,6.815919867206176,S,other,0.04133442556845203,6.270614905466979e-09,0.6541267392231199,inf,9.298357310945079e-08,0.529180518557005,0.08542670500525165,inf,0.2628540291694195,0.2937717507981287,0.335241147308727
216,6.833139844751226,S,other,0.041068967671397054,1.8154754726461275e-09,0.6546575553155786,inf,3.4812054651758744e-08,0.5293036952234905,0.08503899730830222,inf,0.26280400090020567,0.29356132917211847,0.3349345729271865
217,6.850287876010574,S,other,0.04080658555051928,3.2636361941944247e-09,0.655183385953459,inf,5.975262523471858e-08,0.5294247591030201,0.0846540932552467,inf,0.26275626290911497,0.29335387344448977,0.33463015012865344
218,6.867364621306635,S,other,0.04054722958966265,3.924585276660238e-09,0.6557042799524959,inf,7.090812475286075e-08,0.529543756085257,0.08427194861882235,inf,0.26271078311329993,0.29314934357897754,0.3343278494287981
219,6.884370731320461,S,other,0.040290851195344334,9.65804584701288e-09,0.6562186361904121,inf,1.7790222152008033e-07,0.5296608254103197,0.083892475104386,inf,0.2626675276511346,0.2929477021157528,0.3340276393416422
220,6.901306847247591,S,other,0.040037402770550776,2.7673024082203006e-09,0.6567306857558437,inf,5.891305458274575e-08,0.5297757518557745,0.08351575551071816,inf,0.2626264616612266,0.2927489135852131,0.3337294871472891
221,6.918173600926831,S,other,0.03978683769271857,6.179419662706749e-09,0.6572369825206862,inf,1.132147396166428e-07,0.5298888800665709,0.08314156529272106,inf,0.26258755021157226,0.2925529438259283,0.33343335980146105
222,6.934971614957206,S,other,0.039539110288280145,9.209682729437695e-09,0.657737777247549,inf,1.6508078243007544e-07,0.5300000768701146,0.08276999970219749,inf,0.262550759224628,0.2923597593122476,0.3331392248376018
223,6.9517015028167854,S,other,0.03929417581035282,3.489740068641535e-09,0.6582358428865654,inf,6.623147500243801e-08,0.5301094939148422,0.08240088892626558,inf,0.26251605626400315,0.29216932658340844,0.33284705113196217
224,6.968363868993902,S,other,0.03905199041853785,3.301094040599423e-09,0.6587282812054496,inf,4.5392712643258766e-08,0.5302289049359497,0.0820349509529466,inf,0.26246869701930153,0.2920033953562461,0.3325584977715714
225,6.984959309137016,S,other,0.038812511154175486,2.70981732946773e-09,0.6592162824947183,inf,2.0701716602162546e-08,0.5303347405273244,0.08167078084315582,inf,0.2624381069799161,0.2918182291761443,0.3322701642660732
226,7.001488410225054,S,other,0.03857569592067366,8.6106536116245e-09,0.6596997058045221,inf,1.8711638597601593e-07,0.5304506146014425,0.08130965441800243,inf,0.2623948546868319,0.291657231871396,0.3319854052675952
227,7.017951750755843,S,other,0.038341503459888154,7.65438140399189e-09,0.6601799746340169,inf,1.4574002867933813e-07,0.5305530262473748,0.08095024079338796,inf,0.2623682734324922,0.29147719487211965,0.3317008115630024
228,7.034349900947138,S,other,0.038109893333857475,2.0131346363960655e-09,0.6606544497013837,inf,1.118115342840134e-08,0.5306655359582341,0.08059377509391621,inf,0.2623290300471272,0.2913209947881502,0.3314197535861057
229,7.050683422942701,S,other,0.03788082590347454,6.535308078205312e-09,0.661125798395638,inf,1.2029535424696272e-07,0.5307647227580603,0.0802389303977875,inf,0.26230636831686377,0.2911459483512274,0.33113881174185905
230,7.066952871015375,S,other,0.03765426230620906,3.3155441619731225e-09,0.6615925719330498,inf,5.9337421641399145e-08,0.5308740068377309,0.07988695579512027,inf,0.26227104667106027,0.2909944102197845,0.33086137005808924
231,7.083158791759748,S,other,0.037430164440877,7.764784573362582e-09,0.6620558465901897,inf,1.3550654130249632e-07,0.5309816606254333,0.07953722612846136,inf,0.26223766419323846,0.29084509118454616,0.33058570662120207
232,7.099301724268786,S,other,0.03720849494531963,8.573945864776202e-09,0.6625145732022624,inf,8.362199902046248e-08,0.5310878250004527,0.07918961334146961,inf,0.26220619891383895,0.2906979609580648,0.33031179988433673
233,7.115382200291185,S,other,0.036989217179852804,2.806778145948881e-09,0.6629689530879505,inf,4.680192789624305e-08,0.5311925287560785,0.07884406630431677,inf,0.2621766283694913,0.2905529906777175,0.3300396275922548
234,7.1314007443688485,S,other,0.03677229521357822,2.245028419569327e-09,0.6634200870376521,inf,3.7587255708366854e-08,0.5312957324482792,0.0785006422599843,inf,0.26214892961668995,0.2904101528835755,0.3297691667961273
235,7.147357873956348,S,other,0.03655769380236444,2.213085689099087e-09,0.6638674318733532,inf,3.7814888542171213e-08,0.5313975077268426,0.07815926361649801,inf,0.26212307940858476,0.29026942138010353,0.3295003940260971
236,7.16325409952622,S,other,0.0363453783765276,2.8530401673977634e-09,0.6643110517186765,inf,4.869408235939565e-08,0.5314978909100522,0.07781989289251576,inf,0.2620990544934497,0.290130771010758,0.3292332855814317
237,7.179089924665167,S,other,0.03613531502474575,2.5164478507705076e-09,0.6647510098733878,inf,4.4188331328056735e-08,0.5315969161863509,0.07748249466481562,inf,0.26207683198058296,0.2899941773831587,0.32896781788578433
238,7.194865846166637,S,other,0.03592747047926368,2.62244828825621e-09,0.665187354831378,inf,4.618831385044225e-08,0.5316946149845977,0.07714703701133095,inf,0.2620563897155939,0.2898596165858846,0.32870396785147266
239,7.210582354124921,S,other,0.035721812101325634,2.8598306524556943e-09,0.6656201456333894,inf,5.1301536537147223e-08,0.5317910197520462,0.07681348653709649,inf,0.2620377066117368,0.2897270649344143,0.3284417132012983
240,7.226239932034802,S,other,0.03551830786700919,4.888227860032693e-09,0.6660494231233354,inf,8.921124643051663e-08,0.5318974256636179,0.07648250716868653,inf,0.26200635847669534,0.28961625853433204,0.3281827688394811
241,7.241839056899374,S,other,0.03531692635304873,4.245765027532586e-09,0.666475284783954,inf,7.941569222351104e-08,0.5319913074223627,0.07615267101733945,inf,0.26199115018892366,0.28948753229947777,0.32792364533252444
242,7.257380199346926,S,other,0.03511763672340809,4.046756397427936e-09,0.6668977367517913,inf,7.729543656026122e-08,0.5320951874823392,0.07582534635893344,inf,0.26196326802037045,0.28938026677582346,0.32766779869829993
243,7.272863823756229,S,other,0.03492040871550861,4.750148274940483e-09,0.6673168454530483,inf,9.09630121305688e-08,0.5321866653198059,0.07549910244764581,inf,0.2619514647020619,0.28925527236372917,0.32741173082038516
244,7.288290388388166,S,other,0.03472521262697191,5.0858946102965916e-09,0.6677326629451785,inf,9.598839768426425e-08,0.5322881270934819,0.0751753212675492,inf,0.2619269818390211,0.28915145565981504,0.3271589107224799
245,7.303660345520779,S,other,0.03453201930271452,5.0326647612741054e-09,0.668145245721157,inf,9.644376338424359e-08,0.5323773135767585,0.07485255267263029,inf,0.2619185236661085,0.289030099342283,0.32690583101059156
246,7.318974141584362,S,other,0.03434080012216482,1.5683265732024406e-09,0.668554691843705,inf,8.576920748855807e-09,0.5324764891379431,0.07453217798106666,inf,0.26189738182774747,0.28892964019166095,0.32665597278252645
247,7.334232217293302,S,other,0.03415152698726319,7.721659390912928e-10,0.6689609439812327,inf,8.379742388034412e-09,0.5325745434510591,0.07421346947095668,inf,0.26187789516593246,0.2888307698129868,0.3264075735570722
248,7.3494350077718735,S,other,0.03396417231006235,7.843976358629342e-10,0.6693640924239935,inf,9.250121558218905e-09,0.5326714997384095,0.0738964028130246,inf,0.2618600500011495,0.28873346716390347,0.3261606179752897
249,7.36458294267202,S,other,0.03377870900144985,8.411520345900013e-10,0.6697641947527002,inf,1.0237811368231111e-08,0.5327564081095728,0.07358023698922092,inf,0.26185813484077086,0.2886189976040099,0.3259133304017473
250,7.379676446282071,S,other,0.033595110459938286,7.814124695954616e-10,0.6701612939147701,inf,9.097770042661777e-09,0.5328512879401126,0.07326635954842373,inf,0.26184352362972196,0.2885248819809797,0.3256692130865125
251,7.394715937626382,S,other,0.03341335056087756,8.733818498899388e-10,0.6705554312884451,inf,1.130161920634275e-08,0.532945150699095,0.07295403969329786,inf,0.2618305137819083,0.28843227455210874,0.32542649266088186
252,7.409701830556685,S,other,0.0332334036462094,5.463895504987694e-09,0.670946546549377,inf,1.0955691675198113e-07,0.5330380210964075,0.07264325236639979,inf,0.26181909184759744,0.2883411569088486,0.325185153299982
253,7.424634533836625,S,other,0.033055244513484676,3.186072900371608e-09,0.6713349773572613,inf,5.561328029330512e-08,0.5331299281464918,0.07233396396976476,inf,0.26180924454940413,0.2882515111746069,0.3249451791786487
254,7.439514451221255,S,other,0.032878848407639466,2.702712749318914e-09,0.671720507630406,inf,3.660305189648411e-08,0.5332208926186222,0.07202615724739153,inf,0.2618009588955018,0.2881633199103769,0.3247065545812571
255,7.4543419815334,S,other,0.032704191010101906,2.6698982678539738e-09,0.6721032396965702,inf,3.198374068478865e-08,0.5333217395085013,0.07172051658895115,inf,0.26177996187170244,0.28809461457013436,0.3244710394088666
256,7.469117518738574,S,other,0.032531248429938,7.773417144921465e-10,0.6724832489922109,inf,9.146868696894548e-09,0.533410860884326,0.07141559494940203,inf,0.26177476721221643,0.28800917177098506,0.3242350701891954
257,7.48384145201978,S,other,0.03235999719491145,8.691571897521319e-10,0.6728605163217402,inf,1.1653850444496998e-08,0.5334991116897186,0.0711120780270441,inf,0.26177109739651,0.2879251333224648,0.3240004049940095
258,7.4985141658530186,S,other,0.032190414242394515,3.4218239375490136e-09,0.6732351118265232,inf,4.238666278084174e-08,0.5335865101865984,0.07080994528601493,inf,0.2617689414780963,0.28784248278177793,0.3237670294198069
259,7.513136040083834,S,other,0.03202247691056981,3.6776887620845156e-09,0.6736070548725678,inf,3.917370280193918e-08,0.5336837644234038,0.0705098880392513,inf,0.2617540446804112,0.28777882287583273,0.32353671461564193
260,7.527707450004725,S,other,0.03185616293018807,6.945996155921751e-10,0.6739765149605141,inf,9.695478922094218e-09,0.5337695115981089,0.07021043952380118,inf,0.26175488876601183,0.2876987917383555,0.3233058791372329
261,7.542228766432932,S,other,0.03169145041657556,8.190746334109898e-09,0.6743424195045498,inf,1.7001263444493288e-07,0.5338651051901808,0.0699130437193224,inf,0.2617429767045464,0.28763751029680484,0.3230780822005339
262,7.5567003557878305,S,other,0.031528317860148064,9.120918098484004e-09,0.6747067049259552,inf,1.8598392110442033e-07,0.5339492747087834,0.0696162043780627,inf,0.26174678124923384,0.2875600368002672,0.32284973349754714
263,7.57112258016717,S,other,0.03136674411976954,1.3495138817867247e-09,0.6750695747794366,inf,4.154902899398107e-09,0.5340432407785198,0.06932134762297675,inf,0.26173781390909784,0.2875010747153318,0.322624402118768
264,7.585495797421402,S,other,0.031206708415646583,6.345300181662995e-09,0.6754279891016381,inf,1.4290423599286875e-07,0.5341364665594052,0.06902776094406339,inf,0.2617303048700155,0.2874432006813953,0.3224002854775541
265,7.599820361225579,S,other,0.031048190319297325,1.9599614945437942e-09,0.6757858519200192,inf,2.2622685271368868e-08,0.5342183979353355,0.06873465332803093,inf,0.26173848277977424,0.287369399885633,0.32217557198387736
266,7.614096621148523,S,other,0.030891169748917112,2.666238595899241e-09,0.676140193358332,inf,5.2512816147934876e-08,0.5343101418814634,0.06844349079307634,inf,0.26173386290106604,0.2873137616110397,0.32195384487702233
267,7.628324922719251,S,other,0.030735626960537495,2.0382193453086967e-09,0.6764932421568904,inf,3.7782633212544396e-08,0.5344011460201806,0.06815350679926874,inf,0.2617306739634121,0.2872591716994092,0.3217332949725716
268,7.64250560749087,S,other,0.030581542541847778,3.4686691380963117e-09,0.6768432114560888,inf,7.008683490709751e-08,0.5344810528655678,0.06786396094428677,inf,0.26174314991056513,0.28718891973461974,0.3215121041599428
269,7.656639013102337,S,other,0.030428897405105883,6.660504244817254e-09,0.677191502710485,inf,1.4588587689164846e-07,0.5345707109910839,0.06757628398221908,inf,0.26174279959889135,0.2871364878988161,0.321293869731316
270,7.670725473338611,S,other,0.030277672780456316,2.0424055961874985e-09,0.6775362092247292,inf,2.2738081579189738e-08,0.5346597429141478,0.06728973361671678,inf,0.26174385552006557,0.287085067455047,0.32107677610085666
271,7.684765318189695,S,other,0.030127850210562756,7.315918470367829e-09,0.6778800335950047,inf,1.6870286863874257e-07,0.5347480907107991,0.06700429309739635,inf,0.261746309983493,0.2870346466666265,0.3208608115201542
272,7.698758873909048,S,other,0.02997941154216223,6.447304068526788e-09,0.6782210105986853,inf,1.5195404653023714e-07,0.534835837992894,0.06671993307860273,inf,0.2617501557147052,0.2869852139737686,0.32064596448357846
273,7.712706463071696,S,other,0.02983233892194043,1.235678951894345e-09,0.6785595705696998,inf,1.4686831272806267e-08,0.5349229974113369,0.06643662831836038,inf,0.26175538587296543,0.2869367579733352,0.3204322237439702
274,7.7266084046322385,S,other,0.029686614790085605,3.931069000418029e-09,0.6788964358293533,inf,3.376965306327006e-08,0.5350095405789425,0.06615438689166621,inf,0.26176199405608747,0.2868892674082374,0.32021957831587217
275,7.740465013982744,S,other,0.029542221873299496,2.7116271970811203e-09,0.6792311993238835,inf,2.122666726393178e-08,0.5351057269245697,0.06587391712069662,inf,0.2617557006783649,0.2868587480059963,0.32000983847824627
276,7.754276603010445,S,other,0.029399143180472355,6.163543488098736e-09,0.6795636743410985,inf,7.292857588719563e-08,0.5351911526900517,0.06559368503951642,inf,0.26176504061272987,0.2868130593345809,0.31979935385724223
277,7.7680434801549465,S,other,0.02925736199546785,3.08448315078134e-09,0.6798944954475484,inf,1.5314779095028872e-08,0.5352760113376402,0.0653144686468912,inf,0.2617757412502419,0.28676830360313404,0.31958993301664174
278,7.781765950464688,S,other,0.029116861873753862,3.0022263446632374e-09,0.6802231709617773,inf,4.8231255236818185e-08,0.5353603566624067,0.06503622290898642,inf,0.2617877977673244,0.286724470195343,0.3193815658396775
279,7.795444315652305,S,other,0.02897762663498881,6.564936726507598e-10,0.680550071047055,inf,3.2123077913119373e-09,0.5354542934397241,0.064759685292077,inf,0.26178690153541384,0.28669719023635565,0.319176071703477
280,7.809078874148641,S,other,0.02883964035902099,1.4980063079578896e-09,0.6808749118868791,inf,1.0713025436842652e-08,0.5355376234498245,0.06448333093207247,inf,0.26180164735977124,0.2866550760988806,0.3189697841939375
281,7.822669921155186,S,other,0.028702887380174416,2.2212784485819266e-09,0.6811978350320829,inf,1.9391613803893872e-08,0.5356204893241893,0.06420789132510558,inf,0.2618177358231879,0.2866138540217514,0.31876452077782685
282,7.836217748694846,S,other,0.0285673522828891,8.01773928217446e-09,0.6815189951009689,inf,1.8662075958042476e-07,0.5357128541944772,0.06393416974389111,inf,0.2618208299318,0.28658887952430684,0.3185621072874835
283,7.849722645661022,S,other,0.02843301989496675,2.733990040993467e-09,0.681838083515856,inf,2.4899688864878116e-08,0.5357948654521564,0.06366046105646175,inf,0.2618395818402158,0.28654931920347343,0.31835886529060525
284,7.863184897865088,S,other,0.028299875286626953,8.83104835182485e-09,0.6821554649118854,inf,8.226901435796447e-08,0.5358863382221126,0.0633884515724722,inf,0.26184530984280247,0.28652580739226796,0.31815845815987936
285,7.876604788082421,S,other,0.028167903761766644,5.858466958624084e-09,0.6824710548031011,inf,1.1109447649628606e-07,0.5359674199382074,0.06311654007559604,inf,0.26186671022150804,0.2864878728150959,0.31795719965301283
286,7.889982596097189,S,other,0.028037090855583598,5.075544725893891e-09,0.6827847788851749,inf,8.152807660510746e-08,0.5360580336667833,0.06284620225854559,inf,0.2618750557258204,0.28646578984654797,0.31775876132777064
287,7.90331859874609,S,other,0.027907422330057795,2.7387991424544512e-09,0.6830968418795548,inf,2.4452191440551862e-08,0.5361482423324093,0.06257666018303565,inf,0.2618846980232157,0.28644436592159017,0.31756129453497345
288,7.916613069961244,S,other,0.02777888416947237,5.26717669316099e-09,0.6834071434207369,inf,8.168689534969177e-08,0.5362281198683462,0.062307224812271945,inf,0.2619100408542364,0.28640875986903647,0.31736294304787704
289,7.929866280812413,S,other,0.02765146257539086,2.1495156036666014e-09,0.6837157859663242,inf,1.4879682336362128e-08,0.5363175586651081,0.06203925980871116,inf,0.26192227986357614,0.28638871684365635,0.3171673904814899
290,7.943078499548617,S,other,0.02752514396392038,3.1408065683198926e-09,0.6840227429481737,inf,3.82943724532835e-08,0.5364065594359819,0.061772123257010494,inf,0.26193580572800707,0.2863693100447606,0.3169727827468862
291,7.95624999163924,S,other,0.02739991496041426,3.866487128212206e-09,0.6843280636166033,inf,1.4985855550310562e-08,0.536495225204723,0.061505707026894216,inf,0.26195061556006566,0.2863505322394216,0.31677911121674784
292,7.969381019814581,S,other,0.02727576239680264,7.739264047870958e-09,0.6846319082565419,inf,2.3532773934163018e-07,0.5365834349870852,0.061240128035227284,inf,0.26196670678682116,0.2863323763210756,0.31658636739586277
293,7.982471844105868,S,other,0.027152673305358435,7.1958323929143956e-09,0.6849339684528769,inf,1.490222402558703e-07,0.5366714222847833,0.060975171725798145,inf,0.261984077146155,0.2863148353107618,0.3163945429139463
294,7.995522721884619,S,other,0.0270306349181236,4.5099826084785506e-09,0.6852344729844891,inf,9.059913649378971e-08,0.5367493848367582,0.0607101437755974,inf,0.26201722917326337,0.28628358280087335,0.3162017710110702
295,8.00853390790132,S,other,0.02690963466143251,9.48457008508738e-09,0.6855333893281996,inf,2.2725801646966374e-07,0.536836624932023,0.06044671446921486,inf,0.26203717060111725,0.2862673347799817,0.3160117587199645
296,8.02150565432335,S,other,0.026789660151205607,9.185378163447729e-10,0.6858308344817008,inf,1.722039622569653e-09,0.5369238189515726,0.060183714675926356,inf,0.2620583869023266,0.2862516811951235,0.31582264132945115
297,8.034438210772134,S,other,0.026670699192642637,5.97043606182868e-09,0.6861269501832502,inf,1.4162415708107996e-07,0.5370201457886514,0.05992236191588315,inf,0.2620663153018476,0.28625068535187703,0.31563627489037344
298,8.047331824359471,S,other,0.026552739772843684,7.932315924044249e-09,0.6864214036951833,inf,1.1853119298098879e-07,0.5371066540582804,0.059660782280352626,inf,0.26209005799264645,0.2862361187918877,0.31544892537712327
299,8.060186739723125,S,other,0.026435770060299325,1.2160412494184332e-09,0.6867142990353081,inf,1.0608904167013819e-08,0.5371929052672869,0.05939983535543143,inf,0.26211507258828737,0.28622212802342234,0.31526244720283914
300,8.073003199061684,S,other,0.026319778400907733,1.2198105417480072e-09,0.6870059026315545,inf,8.520603176087105e-09,0.5372788956714496,0.05913952728365011,inf,0.2621413589518469,0.28620870697338013,0.3150768327054645
301,8.085781442168738,S,other,0.026204753313904924,9.90137491645144e-10,0.687296072060871,inf,9.453057482976031e-09,0.537364654915302,0.058879826136498205,inf,0.26216891726808095,0.28619584968333284,0.3148920743220642
302,8.098521706466489,S,other,0.02609068348951435,3.4832733884477572e-09,0.6875849961239047,inf,8.264887854501621e-08,0.5374502088673703,0.058620699723389916,inf,0.26219774805269197,0.2861835503030549,0.3147081645921222
303,8.111224227038836,S,other,0.02597755778552023,9.128119307381484e-09,0.6878723961544673,inf,1.9400819736766603e-07,0.5375449622919235,0.058363003135665704,inf,0.26221315755299396,0.28618538724881487,0.3145269708151257
304,8.123889236663972,S,other,0.025865365223993693,3.1266995259924362e-09,0.6881583553485989,inf,7.779260977477397e-08,0.5376301177175106,0.05810500725447637,inf,0.262244511037417,0.2861741057748333,0.3143447382308388
305,8.136516965846571,S,other,0.025754094989342866,5.305786976784094e-09,0.6884432413823116,inf,6.382051358444262e-08,0.5377151397065082,0.05784750269344395,inf,0.26227713977185557,0.28616336555955324,0.3141633325496016
306,8.149107642849529,S,other,0.02564373642410204,5.901868755649893e-09,0.688726671401078,inf,8.978916894661062e-08,0.5378093020136214,0.05759141647981395,inf,0.26229627501588476,0.28616650936986154,0.3139846265575194
307,8.161661493725282,S,other,0.025534279026998792,8.70739059251769e-09,0.689009104459073,inf,2.0299334339583932e-07,0.5378939604911911,0.05733498747732556,inf,0.2623314326729308,0.2861567554979378,0.31380485545513703
308,8.174178742346665,S,other,0.025425712448865774,4.664851612357522e-09,0.6892897530830784,inf,5.863833832273472e-08,0.5379878109457471,0.05707988257017427,inf,0.26235304675620724,0.28616072130360987,0.3136277736144938
309,8.186659610437264,S,other,0.025318026492343153,1.6001882244044977e-09,0.6895693513273238,inf,1.8143566450756025e-08,0.5380721992032814,0.05682443521653339,inf,0.2623907403309745,0.28615193382692494,0.3134496096982115
310,8.199104317601215,S,other,0.02521121110690999,6.404499446077162e-09,0.6898480384171606,inf,1.6983237144059856e-07,0.5381657296095504,0.05657029738016837,inf,0.262414838299293,0.28615670321011977,0.31327412495685536
311,8.21151308135244,S,other,0.02510525638661976,1.0907155165847289e-09,0.6901249805073845,inf,1.487932761566809e-08,0.5382499115428306,0.05631576423860174,inf,0.2624550775007681,0.28614886291273184,0.3130975415183615
312,8.223886117143229,S,other,0.025000152568904956,1.9975464381645543e-09,0.6904010547777996,inf,1.928803710024875e-08,0.5383432245740211,0.05606250241766345,inf,0.26248166698266695,0.2861544181872234,0.3129236274599243
313,8.236223638392234,S,other,0.024895890030524923,3.089496004605934e-09,0.6906759614642539,inf,3.516852347460698e-08,0.5384364253999463,0.055809667201717206,inf,0.2625094906151563,0.2861603236508802,0.3127504897905815
314,8.248525856511792,S,other,0.024792459285821303,3.4966391252782997e-09,0.6909497522549235,inf,4.065877190430716e-08,0.5385203327869047,0.05555643344021622,inf,0.26255355551325843,0.28615383083093515,0.3125762291498204
315,8.260792980934667,S,other,0.02468985098427179,4.205182684362419e-09,0.6912224177851212,inf,5.815405359940815e-08,0.538613372535098,0.055304404330780516,inf,0.26258388615043543,0.28616049732549637,0.31240462356962334
316,8.273025219140212,S,other,0.024588055907938458,3.832702315642429e-09,0.691493987086045,inf,5.19902554505964e-08,0.5387063415230143,0.05505275576020106,inf,0.2626154588588301,0.28616750239782324,0.3122337753713463
317,8.285222776679982,S,other,0.02448706496950455,4.687415683290238e-09,0.6917644885206755,inf,8.967338057317344e-08,0.5387992487751141,0.05480147810013997,inf,0.2626482766547763,0.28617484243554303,0.312063678350341
318,8.297385857202897,S,other,0.024386869209662897,6.954230818371349e-09,0.692033956345721,inf,1.7334771438546306e-07,0.5388921121830181,0.054550551278887,inf,0.26268234289918563,0.2861825139028098,0.31189432637081205
319,8.30951466247995,S,other,0.024287459794718417,8.28705200279058e-09,0.6923023633359451,inf,2.1979665556210815e-07,0.5389758707554639,0.05429913993471324,inf,0.2627328400264137,0.28617813219680144,0.3117238124904076
320,8.321609392428533,S,other,0.024188828014778688,2.629687157308597e-09,0.6925696070956274,inf,5.0887794924969963e-08,0.5390687227230142,0.054048855415867125,inf,0.26276945176030814,0.2861865270178252,0.31155593093809586
321,8.333670245136421,S,other,0.024090965282558517,8.177184639535855e-09,0.6928362804300051,inf,1.1908401028515276e-07,0.5391615290236259,0.05379891673585254,inf,0.26280732521094674,0.28619524281891795,0.31138877645311347
322,8.3456974168854,S,other,0.023993863129454795,8.770201214672486e-09,0.6931019433104361,inf,2.427650893666212e-07,0.5392543431125558,0.0535492701135808,inf,0.2628464652545849,0.28620427633685647,0.31122234318899383
323,8.357691102174599,S,other,0.023897513203122493,5.969499257754696e-09,0.6933661523801763,inf,1.5643244119499182e-07,0.5393472426183726,0.05329985045867942,inf,0.2628868771679472,0.28621362437057335,0.3110566253713093
324,8.369651493743465,S,other,0.023801907269227596,3.762589112564323e-09,0.6936295137998676,inf,9.183962405221947e-08,0.5394401502326837,0.05305071688572361,inf,0.26292856663844416,0.2862232837803236,0.3108916172958445
325,8.381578782594449,S,other,0.023707037205389525,4.699625091321956e-09,0.6938921098337858,inf,1.0863556486516135e-07,0.5395331109010861,0.05280182497916237,inf,0.26297153977443793,0.28623325148744305,0.3107273133261687
326,8.393473158015283,S,other,0.023612895000979735,6.027308067360279e-09,0.6941538048529341,inf,1.3885675664208978e-07,0.5396350297812063,0.05255401903121436,inf,0.2630003428563118,0.2862554153866924,0.3105656194359327
327,8.405334807600946,S,other,0.023519472755119314,7.969402355807557e-09,0.6944146421327335,inf,1.6572781280009972e-07,0.5397281081198898,0.05230557701777125,inf,0.2630458587148144,0.2862659216948805,0.310402708537609
328,8.417163917275222,S,other,0.02342676267457659,5.1029863942309364e-09,0.6946744171988717,inf,1.0571291724005229e-07,0.5398212880882434,0.0520573327944421,inf,0.26309267799742175,0.2862767276843427,0.31024048521203423
329,8.42896067131187,S,other,0.023334757072487285,1.113274064948322e-09,0.6949333531219212,inf,2.24932218138442e-08,0.5399145689509414,0.05180927808922798,inf,0.2631408085784607,0.28628783051899764,0.3100789440674548
330,8.440725252355431,S,other,0.023243448366244732,7.764819501135736e-09,0.6951919168923488,inf,1.6611729269018905e-07,0.5400079486328238,0.051561406174247565,inf,0.26319025881532476,0.28629922742271136,0.3099180797683243
331,8.452457841441614,S,other,0.023152829074924233,1.244508638664829e-09,0.6954490336448509,inf,1.8230944870850414e-08,0.5401103006250331,0.05131450616665697,inf,0.2632253456868142,0.28632246933195127,0.3097598059091161
332,8.46415861801735,S,other,0.02306289181942312,3.0141560348985116e-09,0.6957057462170749,inf,7.022705952799575e-08,0.5402039606351013,0.051066913036383034,inf,0.26327741141011785,0.2863343785197148,0.3096002810123148
333,8.475827759960463,S,other,0.022973629318922696,2.5544898277825995e-09,0.6959616171034944,inf,6.177710969431874e-08,0.5402977845419663,0.05081944254568349,inf,0.26333082355588777,0.28634657403906444,0.3094414172829127
334,8.487465443599039,S,other,0.02288503439064948,6.525577942917798e-09,0.6962165597374907,inf,1.262341540463111e-07,0.5404004899153951,0.05057295982398002,inf,0.2633697481987938,0.2863704096579726,0.30928513276621095
335,8.499071843730478,S,other,0.02279709994647804,3.6489626653645e-09,0.696471161571601,inf,9.601041086063132e-08,0.5404946995570833,0.050325646594613034,inf,0.26342583001214237,0.2863831031959522,0.3091275775739836
336,8.510647133640251,S,other,0.022709818994022975,4.443260054809092e-09,0.696724939749922,inf,9.449600634183655e-08,0.5405890912204738,0.05007843190163263,inf,0.2634832898081196,0.28639607579450654,0.3089706683732818
337,8.52219148512041,S,other,0.022623184632513164,2.1217926647707375e-09,0.6969779352211116,inf,4.37576798660702e-08,0.5406923874221325,0.049832115506876766,inf,0.26352613051784857,0.286420486173891,0.30881632763875516
338,8.533705068487825,S,other,0.022537190052690656,3.2095949745614832e-09,0.6972303369598111,inf,6.68402564591556e-08,0.540787217252558,0.049584998856715884,inf,0.26358632395533715,0.28643394339147227,0.3086606971232827
339,8.545188052602173,S,other,0.022451828534700916,3.231787064117463e-09,0.697482080494354,inf,6.980049787161875e-08,0.5408909367471465,0.049338752775065886,inf,0.26363180732595676,0.28645870670645984,0.30850762811145305
340,8.556640604883693,S,other,0.022367093446907745,2.5531505889770257e-09,0.6977332170942513,inf,7.6653245041872e-08,0.5409862618550467,0.04909167184984317,inf,0.2636947820191646,0.2864726402037165,0.308353256937217
341,8.568062891330673,S,other,0.022282978244379553,1.836662594301798e-09,0.6979834538860024,inf,5.600862304970087e-08,0.5410905857272788,0.04884528928455175,inf,0.2637429520457631,0.286497749197546,0.3082014405100188
342,8.579455076536671,S,other,0.02219947646746377,2.7324036777908587e-09,0.6982334195162607,inf,4.092074721383741e-08,0.5411950608441766,0.04859900575623206,inf,0.26379245310422805,0.2865229982803774,0.30805024396629876
343,8.590817323707501,S,other,0.022116581740287806,3.3380863447748693e-09,0.6984827753925742,inf,4.766755033014275e-08,0.5412912896111158,0.04835178441937425,inf,0.26385966639464364,0.28653759870556683,0.3078977271914057
344,8.6021497946779,S,other,0.02203428776947849,3.630077211490271e-09,0.6987315755819137,inf,4.8667020011497514e-08,0.5413963893387819,0.048105347235478844,inf,0.2639119278550569,0.28656318340373743,0.30774775528717635
345,8.613452649927936,S,other,0.02195258834293958,5.506949651690111e-09,0.6989798883227865,inf,9.875179519620374e-08,0.5415018146992873,0.047858808363779246,inf,0.263965557714595,0.28658890366439344,0.3075983895044292
346,8.624726048599145,S,other,0.021871477327911053,4.293018868255313e-09,0.6992276263332547,inf,5.542727917059603e-08,0.5415990840064139,0.047611297395506694,inf,0.2640371419712172,0.2866041547973007,0.30744768586700116
347,8.635970148510344,S,other,0.021790948671382475,9.548108678974088e-09,0.6994750697124471,inf,2.2922015742047192e-07,0.5417052508065747,0.04736447600911344,inf,0.2640936182447752,0.28663020132226213,0.3072995176103607
348,8.647185106173202,S,other,0.021710996394874917,5.121990248541213e-09,0.6997217593053063,inf,7.173137105562664e-08,0.5418117297659858,0.04711757161948096,inf,0.2641515065623366,0.2866563792303083,0.30715194210987357
349,8.658371076807523,S2,other,0.021613042678217904,1.535310411425612e-09,0.74116402498401,inf,0.04687801814768725,0.5859444126339033,9.123318779706911e-09,inf,0.26421082238076515,0.28668268727164103,0.3070049549940191
350,8.669528214356276,S2,other,0.0215293910127377,8.962891873677282e-09,0.7411521721041179,inf,0.04661262530356802,0.5858116213485054,1.0239298506378025e-07,inf,0.26428844989885475,0.2866987614428691,0.3068566072230525
351,8.680656671500376,S2,other,0.021446362074523672,6.36101767616307e-09,0.74113630640016,inf,0.046367629793972784,0.5856885278522228,7.974458750442132e-08,inf,0.2643507475441828,0.28672538448181334,0.30671078267429336
352,8.691756599673248,S2,other,0.021363949486779457,8.334645904185954e-09,0.7411233193593532,inf,0.046121874385906134,0.5855657852359152,6.415948912455052e-08,inf,0.2644145261188152,0.2867521339007909,0.3065655336495939
353,8.702828149075149,S2,other,0.021282146953384592,8.567523874126922e-09,0.7411114825211554,inf,0.04587529491407427,0.5854433524433478,6.346388272235523e-09,inf,0.2644798045769146,0.28677900858054084,0.3064208559459096
354,8.71387146868732,S2,other,0.02120094826054669,7.573340795505096e-09,0.7410984749066098,inf,0.045627819112081906,0.5853211974503416,2.603301904402645e-08,inf,0.26454660284382997,0.28680600743092205,0.30627674540263894
355,8.724886706285902,S2,other,0.021120347273587817,3.958459434795677e-09,0.741085867838001,inf,0.04537945273040345,0.5851993478007189,1.9148144660829218e-08,inf,0.2646149418677749,0.28683312938995925,0.30613319790149524
356,8.735874008455706,S2,other,0.021040337937000452,3.226562410867683e-09,0.7410733784279773,inf,0.04513015648466947,0.585077792264154,1.4351771791671117e-08,inf,0.2646848436751416,0.28686037342293386,0.30599020936616467
357,8.746833520603758,S2,other,0.02096091427222532,2.5220497268733874e-09,0.7410611405334158,inf,0.04487990596122341,0.5849565382869971,1.3683171695144454e-08,inf,0.26475633142979665,0.28688773852182914,0.30584777576174976
358,8.757765386972679,S2,other,0.020882070377416823,5.943444826708244e-09,0.7410485748533832,inf,0.04462865472648565,0.5848355698597744,1.0588728332566845e-07,inf,0.2648294294967837,0.28691522370477185,0.3057058930940236
359,8.768669750653885,S2,other,0.020803800424764034,8.822764988332238e-10,0.7410369276105555,inf,0.044376396206810886,0.5847149179375813,2.7548127463782066e-09,inf,0.26490416351091767,0.28694282801573034,0.3055645574085455
360,8.779546753600586,S2,other,0.02072609866178723,2.1098994615627046e-09,0.7410249871668629,inf,0.0441230715906823,0.584594552551213,5.759541691567661e-09,inf,0.26498056045082313,0.28697055052423404,0.3054237647896981
361,8.790396536640603,S2,other,0.02064895940780478,5.098522920426359e-10,0.7410131698697974,inf,0.04389094284749502,0.584483638458342,9.288071158281223e-10,inf,0.26504079815747383,0.287008122396494,0.30528546975548015
362,8.801219239488995,S2,other,0.02057237705405568,1.8865790982038493e-09,0.7410014951842241,inf,0.04363549532210998,0.5843638374807063,7.0370756448251495e-09,inf,0.26512050151682015,0.28703602245598653,0.30514575290422
363,8.812015000760487,S2,other,0.020496346062312105,1.0659031399062138e-09,0.7409899373880761,inf,0.04337888142891162,0.5842443335162995,7.135782321200032e-09,inf,0.2652019542852627,0.28706403826544363,0.3050065675939512
364,8.822783957981716,S2,other,0.02042086096384818,2.162780145217902e-09,0.740978536996923,inf,0.04312105960157821,0.5841251253690031,5.610828230577171e-09,inf,0.26528518953287666,0.2870921689930023,0.30486791005532077
365,8.833526247603285,S2,other,0.0203459163583761,1.193290676692958e-09,0.7409672724038336,inf,0.04286198683569994,0.584006212548094,3.4992346767032e-09,inf,0.26537024213830984,0.28712041383073156,0.3047297765538289
366,8.844242005011612,S2,other,0.020271506913008944,9.642735915671455e-10,0.7409561045068264,inf,0.04262445687676948,0.5838966208527782,7.420347217878188e-09,inf,0.26543874358659153,0.287158230124565,0.30459412773630745
367,8.854931364540644,S2,other,0.020197627361222305,3.8478155763070974e-10,0.7409451102182271,inf,0.04236286914919953,0.5837782718085242,6.348841273848981e-10,inf,0.2655274191989148,0.2871866456422324,0.30445703246281997
368,8.865594459483347,S2,other,0.020124272501915307,8.375336960157918e-10,0.7409342246991293,inf,0.04209989172506786,0.5836602147816748,6.056194166452235e-09,inf,0.26561802469483126,0.2872151731713638,0.30432045022622795
369,8.876231422103054,S2,other,0.020051437198355282,7.343386537763068e-10,0.7409234733857905,inf,0.04185869040394902,0.583551406239669,5.5550015662499594e-09,inf,0.2656918247540421,0.28725310994095155,0.30418634524944127
370,8.886842383644652,S2,other,0.019979116377379424,5.938089526709613e-09,0.7409128011554674,inf,0.04159291072850322,0.5834339016296555,7.207594845683134e-08,inf,0.2657862850907611,0.2872818046966218,0.3040507795389478
371,8.897427474345596,S2,other,0.019907305028019056,6.875619656434524e-09,0.7409023243111907,inf,0.041349075369998836,0.5833256042001219,8.09261178681536e-08,inf,0.2658637632696218,0.2873198032334365,0.3039176862373091
372,8.907986823446798,S2,other,0.019835998201135862,3.812186839043542e-09,0.7408919538546186,inf,0.04108030065845216,0.5832086729037429,8.19644420939094e-08,inf,0.26596225275764274,0.2873486632267453,0.30378312291914167
373,8.91852055920334,S2,other,0.019765191008076867,6.685290801557335e-10,0.7408817471025716,inf,0.04080986317676063,0.5830920366176694,6.052043190635891e-09,inf,0.2660629044907025,0.28737763219842877,0.30364905497606254
374,8.929028808895062,S2,other,0.01969487862043121,5.098192447144847e-09,0.7408716989585924,inf,0.04056162792746733,0.5829845178455814,1.121293475519945e-07,inf,0.2661462890438789,0.28741574569777695,0.30351745248808887
375,8.939511698836995,S2,other,0.019625056267810137,5.8932585075507395e-09,0.7408618114163738,inf,0.040287821967579865,0.5828684329818662,9.636354426608354e-08,inf,0.2662512772666845,0.2874448770090778,0.3033843662312627
376,8.949969354389669,S2,other,0.01955571923840666,3.643461680207755e-10,0.7408517738379026,inf,0.040036397711025656,0.5827614201409207,2.3695047999364026e-09,inf,0.2663388000174821,0.2874830493100547,0.30325374088479
377,8.960401899969263,S2,other,0.019486862877748465,4.638789318948478e-09,0.7408420578972095,inf,0.0397833780226436,0.5826546522950685,7.993401209460151e-08,inf,0.2664283944379353,0.2875212263657927,0.30312359959149826
378,8.97080945905761,S2,other,0.019418482587103027,6.798946254552182e-09,0.7408324444796361,inf,0.039504095850265424,0.5825393883386814,8.18092226336794e-08,inf,0.26654024378809515,0.2875505715176827,0.30299196124969113
379,8.981192154212092,S2,other,0.019350573823594074,3.54078388394778e-09,0.7408230583927332,inf,0.03924749864469546,0.5824331287609296,7.0754984979614e-08,inf,0.26663431762057216,0.2875888062349142,0.30286277712851006
380,8.991550107075351,S2,other,0.019283132099018864,9.45742668921644e-09,0.7408137263843719,inf,0.038964116989571744,0.582318419693683,8.798985175908982e-08,inf,0.26675113947758355,0.2876183100205858,0.3027320872064449
381,9.001883438384901,S2,other,0.019216152978896762,1.0115870215529408e-09,0.7408043116370163,inf,0.03870362673025204,0.5822126634604415,1.1131918146162332e-08,inf,0.2668499637491616,0.28765660167428725,0.30260384724107914
382,9.012192267982568,S2,other,0.019149632082165143,2.8663321475716225e-09,0.7407952854835802,inf,0.03844117127785142,0.5821071532944642,6.233240308840123e-08,inf,0.2669511794905122,0.2876948976637455,0.3024760750518745
383,9.022476714823824,S2,other,0.019083565079769698,7.3723832705289465e-09,0.7407862415138685,inf,0.03817664672921745,0.5820018724984145,5.6843655562384245e-08,inf,0.2670548613422911,0.28773319800753705,0.3023487674680399
384,9.032736896986972,S2,other,0.01901794769445369,5.63904989337704e-09,0.7407773596918835,inf,0.03788416767858627,0.5818882505904256,7.188565892435452e-08,inf,0.2671824025230701,0.28776296294042786,0.30221993711188827
385,9.042972931682193,S2,other,0.018952775699729432,3.558594768605103e-09,0.7407685711918831,inf,0.03761501916846911,0.5817834751263309,8.161353836733856e-08,inf,0.26729148287825594,0.28780131941948933,0.30209354832517077
386,9.053184935260502,S2,other,0.0188880449192305,2.5303527429007978e-09,0.7407598273961956,inf,0.03734351106533901,0.5816789426450969,6.643303432979596e-08,inf,0.2674032967780025,0.28783968022460316,0.301967614797744
387,9.063373023222546,S2,other,0.018823751226035718,4.052758055296768e-09,0.7407513282544532,inf,0.037069534895213016,0.5815746556181983,4.5504376077382954e-08,inf,0.2675179438802653,0.28787804542009254,0.30184213346802413
388,9.073537310227298,S2,other,0.01875989054191202,3.0262528300599044e-09,0.7407428921865258,inf,0.03676613273159948,0.5814621058205637,5.6707719208628735e-08,inf,0.2676578169948454,0.287908068372263,0.30171511286106073
389,9.08367791010064,S2,other,0.018696458836571166,1.2253603229074625e-09,0.7407345313791488,inf,0.03648655241192113,0.5813583137290601,9.431153426932785e-09,inf,0.26777872800610725,0.2879464892871973,0.30159052584417434
390,9.093794935843832,S2,other,0.018633452127126443,5.524529967695733e-10,0.7407263198990718,inf,0.036204094513566806,0.5812547621664688,4.491836650378209e-09,inf,0.26790283478166355,0.2879849146947537,0.3014663820019154
391,9.103888499641865,S2,other,0.018570866477290972,4.228088686990227e-10,0.740718236943957,inf,0.035918603885243386,0.5811514491697853,2.851395150539457e-09,inf,0.26803027474466407,0.28802334469865554,0.3013426783786971
392,9.11395871287171,S2,other,0.018508697996787376,2.092540779739811e-09,0.7407102837306831,inf,0.03562991409392387,0.5810483742223618,1.2291113632496059e-08,inf,0.268161197413269,0.2880617794114411,0.30121941204477154
393,9.124005686110465,S2,other,0.018446942840787666,4.8030425803041385e-09,0.7407029285119754,inf,0.035337845106816035,0.5809455312848326,1.3632849406827045e-07,inf,0.2682957659040429,0.28810021895432725,0.30109658009590495
394,9.134029529143382,S2,other,0.018385597208765064,4.901804342171356e-09,0.7406948092314909,inf,0.03504219390058195,0.5808429345055781,6.758448882499212e-08,inf,0.2684341586851622,0.2881386634569021,0.3009741796530286
395,9.144030350971816,S2,other,0.01832465734487929,4.9947063699317086e-09,0.7406872472853778,inf,0.03474274894888958,0.580740570270332,1.0467631092174753e-07,inf,0.2685765716321228,0.2881771130569722,0.30085220786187894
396,9.154008259821044,S2,other,0.01826411953636291,8.875030549589362e-09,0.7406799992688996,inf,0.034439271586805334,0.5806384428283144,1.467518059972354e-07,inf,0.26872322045228253,0.28821556790031366,0.30073066189263387
397,9.163963363147989,S2,other,0.01820398011313177,3.2624864571043624e-09,0.7406722010859811,inf,0.03413149520837103,0.5805365600673753,4.3796429603006506e-08,inf,0.2688743435624597,0.28825402814061585,0.3006095389395582
398,9.173895767648858,S2,other,0.018144235447975346,3.3792993924155846e-09,0.7406649361465224,inf,0.033819132889620795,0.5804349098892744,4.412921906626643e-08,inf,0.2690302055275391,0.28829249393915174,0.30048883622066463
399,9.183805579266654,S2,other,0.018084881954853166,2.677088556862091e-09,0.7406577288591121,inf,0.03350185512352232,0.5803334941944188,3.7551333295647566e-08,inf,0.2691911011997793,0.2883309654646537,0.30036855097739673
400,9.193692903198595,S2,other,0.018025916090274756,9.817606990920814e-09,0.7406512346275999,inf,0.033179298925249436,0.5802322984189602,2.428765970996169e-07,inf,0.2693573607416105,0.2883694428931495,0.3002486804743381
401,9.20355784390346,S2,other,0.017967334346051404,4.331562288855838e-09,0.7406435354217183,inf,0.03285106426846271,0.5801313743817874,2.6709699472760844e-08,inf,0.26952935577384585,0.2884079264076054,0.3001292219989462
402,9.21340050510881,S2,other,0.01790913326194857,8.901536197107709e-09,0.7406368771809685,inf,0.03254941771948113,0.5800388361677244,1.3400779375116304e-07,inf,0.26967964645907,0.2884541224444495,0.30001217522749607
403,9.22322098981811,S2,other,0.01785130941144645,6.065704924560107e-09,0.7406301074298675,inf,0.03220905501528599,0.5799383434033195,1.2054469224494964e-07,inf,0.26986378704003017,0.28849257403947925,0.2998935337427138
404,9.23301940031779,S2,other,0.017793859408952062,9.819939611624417e-09,0.7406237303966544,inf,0.03186148228224963,0.5798380784725161,1.8792530631445734e-07,inf,0.270055053872659,0.2885310324495635,0.2997752962812137
405,9.242795838184199,S2,other,0.017736779906096276,9.357613134420493e-09,0.7406168002567115,inf,0.031506008447132375,0.5797380559521043,9.309588917740689e-08,inf,0.27025407319125927,0.2885694978827179,0.29965746021967277
406,9.25255040429045,S2,other,0.017680067593688276,1.4628053069342216e-09,0.740610217468804,inf,0.03114184533797007,0.5796382714503642,9.460631326143221e-09,inf,0.27046157478345156,0.28860797055284937,0.29954002295655907
407,9.262283198813215,S2,other,0.01762371919915938,8.350032980092553e-09,0.7406038433235018,inf,0.030804891197979495,0.5795467825450055,6.687049429780058e-08,inf,0.27064673173999354,0.28865393952648893,0.29942498901436704
408,9.271994321239408,S2,other,0.01756773148777319,9.789870085971568e-09,0.7405981133822058,inf,0.030421480964533645,0.5794474474102685,9.559807786295946e-08,inf,0.27087288932894543,0.28869238335297903,0.29930834260431455
409,9.281683870372802,S2,other,0.017512101257976927,9.84125137459083e-09,0.7405914561657037,inf,0.03002609281717512,0.5793483261575935,1.6821795905757618e-07,inf,0.27111050817486493,0.28873083522804266,0.2991920873150485
410,9.291351944340539,S2,other,0.017456825346859137,9.728726888198376e-09,0.7405853969272412,inf,0.02965770268495164,0.5792574516500739,1.39978310737915e-07,inf,0.2713259421914964,0.2887766572134408,0.2990782304926737
411,9.300998640599591,S2,other,0.01740190062645355,9.61811307207314e-09,0.7405794463687604,inf,0.02923484193666889,0.5791587819288956,1.195423500880792e-07,inf,0.27158974100653155,0.28881508231254216,0.2989627508861573
412,9.310624055943116,S2,other,0.01734732400335986,9.4554023227173e-09,0.740573603990512,inf,0.028794141541046973,0.5790603450796469,1.5828338223089387e-07,inf,0.27187038792772006,0.28885351631334105,0.29884765491102394
413,9.320228286506746,S2,other,0.0172930924184106,9.349085245269165e-09,0.7405678735438789,inf,0.0283785969237255,0.5789700815697494,1.5730693590190284e-07,inf,0.27213047681530483,0.28889919543967163,0.29873495272210765
414,9.329811427774793,S2,other,0.017239202846525435,9.228989704503492e-09,0.7405622282979055,inf,0.02789420557006839,0.5788720864942535,1.6125010048901114e-07,inf,0.27245213512180744,0.28893760480518904,0.29862061762946773
415,9.339373574586377,S2,other,0.017185652296118098,9.018289187804758e-09,0.7405567146674127,inf,0.027431187819412606,0.5787822231052461,2.1574770046749207e-07,inf,0.2727566645215948,0.288983178169034,0.2985086732428541
416,9.34891482114149,S2,other,0.017132437808282858,9.001153242739616e-09,0.740551203314499,inf,0.026881292155093224,0.5786846682494997,1.4857110055480802e-07,inf,0.27313929953327515,0.289021564448685,0.29839508936410497
417,9.358435261006958,S2,other,0.0170795564573197,8.851256897774762e-09,0.7405458876817401,inf,0.026342428114543952,0.5785952033423628,1.8785491305508204e-07,inf,0.2735142358440355,0.2890670341089568,0.2982838931839565
418,9.367934987122364,S2,other,0.017027005349155286,8.762410848319153e-09,0.7405406511650683,inf,0.0256779846316458,0.5784980892208771,2.0532329455067986e-07,inf,0.27400273791850377,0.28910539887727127,0.29817105100566016
419,9.377414091805868,S2,other,0.016974781621409155,8.689312906263451e-09,0.7405354277552676,inf,0.024987380119943413,0.5784090218798884,7.628077951796141e-08,inf,0.2745175335547866,0.28915076691208685,0.29806059358955417
420,9.386872666759967,S2,other,0.016922882443657195,8.630154286843785e-09,0.7405304236012843,inf,0.024031076297236297,0.5783123468320873,1.4688180907922903e-07,inf,0.2752741566003303,0.2891891117664289,0.2979484837501558
421,9.396310803077192,S2,other,0.016871305015738993,8.424460977376248e-09,0.74052547370859,inf,0.022616815829257158,0.578223674830781,2.2609517220047187e-07,inf,0.27645203558842146,0.2892343802709654,0.2978387558059578
422,9.405728591245722,S2,other,0.01682004656800949,8.310994232703152e-09,0.7405206057133279,inf,inf,0.5781274372463707,2.319752689648356e-07,inf,inf,0.28927270682920214,0.29772736909279895
423,9.415126121154941,S2,other,0.016769104361181387,8.205464565208466e-09,0.7405158309568043,inf,inf,0.5780391613955215,2.387879738048368e-07,inf,inf,0.2893178779134406,0.2976183614757913
424,9.424503482100917,S2,other,0.016718475685415547,8.180568769651755e-09,0.7405110950014764,inf,inf,0.5779433597671091,1.709138809173684e-07,inf,inf,0.28935618781168754,0.2975076888223205
425,9.433860762791832,S2,other,0.01666815786072151,7.986182731071546e-09,0.7405065687414467,inf,inf,0.5778554791242415,2.629905950263079e-07,inf,inf,0.28940126359820784,0.29739939253246434
426,9.443198051353324,S2,other,0.016618148235185065,7.937272189766781e-09,0.7405020707461982,inf,inf,0.5777677848817104,2.667523156451327e-07,inf,inf,0.28944627388270927,0.2972914489730041
427,9.45251543533379,S2,other,0.01656844418595555,7.862103268436235e-09,0.7404976373369105,inf,inf,0.5776726259484462,2.3231925163692477e-07,inf,inf,0.28948454111051325,0.29718183119473435
428,9.461813001709608,S2,other,0.01651904311826476,7.818339168275107e-09,0.7404932476074015,inf,inf,0.5775853246653827,1.177108153796974e-07,inf,inf,0.2895294594135309,0.2970745857264775
429,9.471090836890305,S2,other,0.016469942465707346,8.360561299476307e-09,0.740489130707909,inf,inf,0.5774982100316107,2.822895922895539e-07,inf,inf,0.2895743140442553,0.2969676864470976
430,9.480349026723669,S2,other,0.01642113968778433,7.580836382624854e-09,0.7404848872644072,inf,inf,0.5774112804034566,7.777992821705729e-08,inf,inf,0.2896191056494402,0.2968611312098858
431,9.489587656500783,S2,other,0.01637263227331235,8.53585323300557e-09,0.7404809504052606,inf,inf,0.5773169673962325,2.8859759094410104e-07,inf,inf,0.2896573087044244,0.29675288981957015
432,9.498806810961026,S2,other,0.016324417735731556,8.768416388479396e-09,0.7404769972182728,inf,inf,0.5772304298841778,2.9639580133464016e-07,inf,inf,0.2897020128455523,0.2966470155052819
433,9.50800657429699,S2,other,0.01627649361612015,9.021768252056271e-09,0.7404731349606444,inf,inf,0.5771440778371597,3.045523122287919e-07,inf,inf,0.2897466557946543,0.2965414788939647
434,9.517187030159356,S2,other,0.016228857480919453,7.055565662067989e-09,0.7404692679992552,inf,inf,0.5770579079632584,2.6934230791440718e-08,inf,inf,0.2897912381983784,0.29643627790493704
435,9.526348261661703,S2,other,0.016181506923918648,9.49172658146983e-09,0.7404656751199662,inf,inf,0.5769719291017035,3.2063822905659543e-07,inf,inf,0.2898357607029673,0.29633141047359834
436,9.53549035138527,S2,other,0.016134439561878152,9.435642589093393e-09,0.7404620677144886,inf,inf,0.5768861321104767,3.1997315082401834e-07,inf,inf,0.2898802239542704,0.2962268745512687
437,9.544613381383655,S2,other,0.016087653038314866,9.642990649581275e-09,0.7404585415890966,inf,inf,0.5767930665142484,3.248119944402384e-07,inf,inf,0.2899183250121915,0.2961206351792438
438,9.553717433187465,S2,other,0.016041145021069694,9.861484508329188e-09,0.7404551169547462,inf,inf,0.5767076575865718,3.3300946711299553e-07,inf,inf,0.28996270770143534,0.2960167554103813
439,9.562802587808902,S2,other,0.015994913202270075,8.272900349579754e-09,0.7404517282340696,inf,inf,0.576622433903229,2.769558151144115e-07,inf,inf,0.2900070329682533,0.2959132010995519
440,9.571868925746312,S2,other,0.015948955298737535,9.216897821568218e-09,0.7404484858435598,inf,inf,0.576537392001023,3.08569651679786e-07,inf,inf,0.29005130145642827,0.2958099702602396
441,9.580916526988663,S2,other,0.015903269050074033,6.4565627458197004e-09,0.7404452468178899,inf,inf,0.5764525318534357,2.0215060721642384e-08,inf,inf,0.29009551380889326,0.2957070609211027
442,9.589945471019998,S2,other,0.015857852220962327,6.329214539640154e-09,0.7404421657058693,inf,inf,0.5763678582041196,1.9697779805532046e-08,inf,inf,0.2901396706677377,0.29560447112583327
443,9.598955836823807,S2,other,0.015812702598095467,6.250110875164597e-09,0.7404391457292173,inf,inf,0.5762833675355492,2.0125676445738115e-08,inf,inf,0.29018377267406187,0.29550219893301666
444,9.607947702887364,S2,other,0.015767817991890712,9.220132295563281e-09,0.7404362567462865,inf,inf,0.5761990620857596,3.0758372911795054e-07,inf,inf,0.2902278204679023,0.2954002424159929
445,9.616921147206025,S2,other,0.015723196234105893,7.554749138988584e-09,0.7404333552656108,inf,inf,0.5761149351844337,2.411279702837238e-07,inf,inf,0.2902718146882402,0.2952985996627186
446,9.625876247287458,S2,other,0.01567883518026212,6.006790675042903e-09,0.7404305883745733,inf,inf,0.5760309906865534,1.7621999389490393e-08,inf,inf,0.29031575597287407,0.29519726877562896
447,9.63481308015583,S2,other,0.01563473270789628,5.933247176571275e-09,0.7404279090900335,inf,inf,0.5759472300102644,1.8324877032401115e-08,inf,inf,0.2903596449583349,0.2950962478715011
448,9.64373172235597,S2,other,0.015590886715854598,6.2283158153539125e-09,0.7404252458370973,inf,inf,0.5758636524568371,1.2423075880721982e-07,inf,inf,0.29040348227994306,0.2949955350813183
449,9.652632249957447,S2,other,0.01554729512460636,6.204396689773747e-09,0.7404227315884998,inf,inf,0.5757802551833572,1.5212443644815244e-07,inf,inf,0.29044726857161046,0.294895128550135
450,9.66151473855863,S2,other,0.01550395587631444,9.159661480901207e-09,0.7404203716401341,inf,inf,0.5756970410385671,3.028387918118522e-07,inf,inf,0.29049100446588644,0.2947950264369434
451,9.670379263290695,S2,other,0.01546086693343967,9.951905080075353e-09,0.7404180268214385,inf,inf,0.575621192379194,3.3399490604915814e-07,inf,inf,0.29054049928157183,0.29469727067820944
452,9.679225898821588,S2,other,0.015418026279603973,7.827419472674658e-09,0.7404157455551155,inf,inf,0.5755383195732714,2.5502570271720964e-07,inf,inf,0.2905841016682947,0.2945977726985254
453,9.688054719359943,S2,other,0.015375431919182461,5.517199151659482e-09,0.740413449453064,inf,inf,0.5754556243763423,1.8795339251030125e-08,inf,inf,0.2906276556434304,0.2944985736949317
454,9.696865798658951,S2,other,0.01533308187713202,5.92477846110476e-09,0.7404113220283645,inf,inf,0.5753731151065249,1.6220326161891735e-07,inf,inf,0.29067116183299374,0.2943996718808688
455,9.705659210020208,S2,other,0.015290974197673226,8.994788302857035e-09,0.7404093261775363,inf,inf,0.575290786706389,2.9527611126389265e-07,inf,inf,0.2907146208613443,0.2943010654830781
456,9.714435026297483,S2,other,0.015249106944601413,8.175352530256745e-09,0.7404073351403384,inf,inf,0.5752157284210824,2.534682185292462e-07,inf,inf,0.2907636741154098,0.29420480018095996
457,9.723193319900487,S2,other,0.015207478202289123,9.555753204232124e-09,0.7404054544306566,inf,inf,0.5751337405039176,3.158493295527366e-07,inf,inf,0.29080700655644565,0.29410678010831504
458,9.73193416279857,S2,other,0.015166086073035094,5.1379241225828604e-09,0.7404035833386582,inf,inf,0.5750519268251519,1.7251288409256948e-08,inf,inf,0.290850293794031,0.29400905020952706
459,9.740657626524392,S2,other,0.015124928679978642,5.12675965618956e-09,0.740401862435027,inf,inf,0.574970297370109,2.064850301400247e-08,inf,inf,0.29089353644508786,0.2939116087633368
460,9.749363782177543,S2,other,0.015084004164103253,9.608972126556696e-09,0.7404002024554817,inf,inf,0.5748958689594956,3.1740876860747897e-07,inf,inf,0.29094224403407565,0.29381650439454904
461,9.758052700428145,S2,other,0.01504331068376492,8.58882977544954e-09,0.7403985028387849,inf,inf,0.5748145715523779,6.918011641478747e-08,inf,inf,0.29098536559405264,0.2937196354956889
462,9.766724451520389,S2,other,0.015002846418135447,4.9652912818271525e-09,0.7403970122045637,inf,inf,0.5747334616879941,2.4685680667378636e-08,inf,inf,0.29102844450023696,0.29362304996018906
463,9.775379105276055,S2,other,0.014962609563435357,9.81839110535121e-09,0.7403956180785984,inf,inf,0.5746594970651692,3.269469760602623e-07,inf,inf,0.29107689334511,0.2935287985754284
464,9.784016731097978,S2,other,0.01492259833238074,4.789215555999086e-09,0.7403941787958167,inf,inf,0.574578719926447,1.6367295805907077e-08,inf,inf,0.29111985527835366,0.29343277551735536
465,9.792637397973488,S2,other,0.014882810958539276,9.663009761708835e-09,0.7403929177491431,inf,inf,0.5744981260093062,3.204443229237087e-07,inf,inf,0.2911627764702908,0.2933370308447123
466,9.801241174477811,S2,other,0.014843245689857513,9.023113585839883e-09,0.7403916873464951,inf,inf,0.5744246195031804,2.965053626708883e-07,inf,inf,0.2912109733690444,0.2932436174972797
467,9.809828128777433,S2,other,0.014803900793381742,7.406329526559417e-09,0.7403904638390746,inf,inf,0.5743443596704493,2.3842458943284713e-07,inf,inf,0.2912537816614021,0.2931484254517184
468,9.818398328633416,S2,other,0.014764774552769925,4.589467044668228e-09,0.7403893911330436,inf,inf,0.5742711525253388,1.8276931738180608e-08,inf,inf,0.2913018046370387,0.2930555628569808
469,9.826951841404714,S2,other,0.014725865269390747,9.110226789209482e-09,0.7403884169474242,inf,inf,0.5741912319147117,2.99491186046744e-07,inf,inf,0.29134450277778323,0.2929609169899403
470,9.835488734051404,S2,other,0.014687171259164598,4.439280564980599e-09,0.7403873908039964,inf,inf,0.5741183234581535,1.5163662366428366e-08,inf,inf,0.29139235490086496,0.29286859874248317
471,9.844009073137933,S2,other,0.014648690857266543,7.118463597006672e-09,0.7403865222735136,inf,inf,0.5740387370263028,2.2368634504304128e-07,inf,inf,0.29143494561600664,0.2927744926986755
472,9.852512924836283,S2,other,0.014610422413002215,7.3109807603504925e-09,0.74038570636234,inf,inf,0.5739593238261368,2.3353726110479526e-07,inf,inf,0.29147750002853917,0.29268065384058867
473,9.861000354929153,S2,other,0.014572364292985269,9.791841692726247e-09,0.7403850046399818,inf,inf,0.5738868785166151,3.251136376473232e-07,inf,inf,0.2915251159251601,0.2925891400012378
474,9.86947142881306,S2,other,0.014534514878528604,4.23026419357198e-09,0.7403842677028943,inf,inf,0.5738145689283307,1.4550761687453296e-08,inf,inf,0.29157263545450074,0.2924978916000198
475,9.877926211501443,S2,other,0.014496872568607076,4.2202233331531185e-09,0.7403836683809765,inf,inf,0.5737356474705491,1.7416037564563716e-08,inf,inf,0.2916150194063742,0.2924048465017405
476,9.886364767627713,S2,other,0.014459435776585653,9.236672582173255e-09,0.74038317807076,inf,inf,0.5736636445550429,2.9862719155630244e-07,inf,inf,0.2916623771436405,0.2923141237794366
477,9.894787161448281,S2,other,0.014422202930217738,4.717418443868269e-09,0.7403826028068358,inf,inf,0.5735850525378922,1.3469839455104894e-07,inf,inf,0.2917046617119379,0.29222159998196107
478,9.903193456845564,S2,other,0.014385172474365474,4.045894633269278e-09,0.740382219969959,inf,inf,0.5735133403843928,1.5301081399156102e-08,inf,inf,0.29175186062593833,0.29213139689314815
479,9.911583717330931,S2,other,0.014348342867927823,4.165727303545531e-09,0.740381878649188,inf,inf,0.5734350823531066,3.5826661576500796e-08,inf,inf,0.2917940484449388,0.2920393883982822
480,9.919958006047645,S2,other,0.014311712585000514,8.925843951977652e-09,0.7403816619753741,inf,inf,0.5733636723867567,2.914247068066686e-07,inf,inf,0.2918410914782901,0.29194969898368434
481,9.928316385773774,S2,other,0.014275280113024702,3.968539281352544e-09,0.7403813776957913,inf,inf,0.5732923945951106,2.2324485648997022e-08,inf,inf,0.29188804362123894,0.29186026449918084
482,9.936658918925053,S2,other,0.014239043956415948,8.437670170197142e-09,0.7403813296633224,inf,inf,0.5732146276746021,2.780908478848804e-07,inf,inf,0.2919300752273475,0.2917690182637155
483,9.94498566755773,S2,other,0.014203002631503713,8.700161177100686e-09,0.7403812365682363,inf,inf,0.5731436488205498,2.865486479794351e-07,inf,inf,0.29197687592900445,0.29168008867198747
484,9.9532966933714,S2,other,0.014167154669985766,7.419802988055217e-09,0.7403811972639687,inf,inf,0.5730728092932478,2.4163205601212456e-07,inf,inf,0.29202358805531675,0.2915914096652073
485,9.961592057711755,S2,other,0.014131498617478144,5.913336851323496e-09,0.7403812240694786,inf,inf,0.572995521790045,1.9034467557342525e-07,inf,inf,0.2920654694851962,0.29150091266389805
486,9.969871821573385,S2,other,0.014096033033393882,5.6318487465798275e-09,0.7403813342120686,inf,inf,0.5729249770370209,1.8151873107328678e-07,inf,inf,0.2921120345477278,0.29141272995408996
487,9.978136045602474,S2,other,0.014060756490685195,5.4976167710016e-09,0.7403815088087538,inf,inf,0.5728545711752925,1.7750088837265756e-07,inf,inf,0.29215851331749587,0.2913247935756846
488,9.986384790099526,S2,other,0.014025667575889585,5.341206198356853e-09,0.7403817446945016,inf,inf,0.5727843039368449,1.7248589178309178e-07,inf,inf,0.29220490657139325,0.2912371021305556
489,9.99461811502203,S2,other,0.013990764888959444,5.8535455214501694e-09,0.740382049330109,inf,inf,0.5727076543926869,1.8965913061865898e-07,inf,inf,0.2922465865423199,0.2911475845620685
490,10.002836079987112,S2,other,0.01395604704286257,4.096582346532873e-09,0.7403823592444765,inf,inf,0.5726376786820045,1.0586796551600354e-07,inf,inf,0.2922928385205661,0.29106037823292624
491,10.01103874427416,S2,other,0.013921512664252778,7.533074073166543e-09,0.7403828251619475,inf,inf,0.5725678436439612,2.4533738463807483e-07,inf,inf,0.29233900722171263,0.2909734127020667
492,10.019226166827412,S2,other,0.013887160391505927,3.94038276215895e-09,0.7403832496234354,inf,inf,0.572498142816045,8.799629702361151e-08,inf,inf,0.29238509340767765,0.29088668661020883
493,10.027398406258545,S2,other,0.013852988877134265,3.4699326250432027e-09,0.74038385743357,inf,inf,0.5724285813557347,2.0496344429990096e-08,inf,inf,0.2924310978364589,0.290800198607579
494,10.035555520849197,S2,other,0.013818996785522694,3.402164087036397e-09,0.7403844544071595,inf,inf,0.5723527185427472,1.8036361718566557e-08,inf,inf,0.2924725330835501,0.2907118745906609
495,10.043697568553506,S2,other,0.013785182793694678,3.993655944200931e-09,0.7403851094206073,inf,inf,0.5722834493930156,9.867052509069958e-08,inf,inf,0.2925184033479491,0.2906258581633978
496,10.051824607000594,S2,other,0.01375154559085624,3.319485423489713e-09,0.7403858254161549,inf,inf,0.5722143151710546,1.7963504056503274e-08,inf,inf,0.29256419403862255,0.29054007583305586
497,10.059936693497045,S2,other,0.013718083878746349,3.6003553963530926e-09,0.7403865818657098,inf,inf,0.5721453199891366,5.8922960962148654e-08,inf,inf,0.29260990589851826,0.2904545262871158
498,10.068033885029344,S2,other,0.013684796371104996,6.6983724011275905e-09,0.7403874924165715,inf,inf,0.5720764635441756,2.1789551147935377e-07,inf,inf,0.2926555396667625,0.2903692082221783
499,10.076116238266305,S2,other,0.013651681793151335,6.9207545864936534e-09,0.7403884039349993,inf,inf,0.5720077412124985,2.2660063527656264e-07,inf,inf,0.29270109607861644,0.2902841203438888
500,10.08418380956147,S2,other,0.013618738882399672,6.551772773833245e-09,0.7403893581005307,inf,inf,0.5719391549849218,2.1387378811052734e-07,inf,inf,0.2927465758654731,0.2901992613668627
501,10.092236654955475,S2,other,0.013585966387749001,3.1924740742065786e-09,0.7403903496010288,inf,inf,0.5718707021374477,2.182255853990709e-08,inf,inf,0.29279197975496635,0.29011463001461235
502,10.100274830178419,S2,other,0.013553363070381465,6.621033974232339e-09,0.7403914675643134,inf,inf,0.5718023933382467,2.1644948179631352e-07,inf,inf,0.2928373084708014,0.29003022501947334
503,10.108298390652173,S2,other,0.013520927701457915,3.0550938014178306e-09,0.7403925776811545,inf,inf,0.571734211856599,1.618407479276244e-08,inf,inf,0.2928825627329204,0.2899460451225327
504,10.11630739149271,S2,other,0.013488659065117422,6.946341937308191e-09,0.740393779733863,inf,inf,0.5716661735259994,2.2354588917737897e-07,inf,inf,0.29292774325735554,0.28986208907355726
505,10.124301887512363,S2,other,0.013456555955050756,5.283774211347833e-09,0.7403950064118945,inf,inf,0.5715982662734355,1.6935543584908564e-07,inf,inf,0.29297285075638807,0.289778355630923
506,10.132281933222112,S2,other,0.013424617177021744,3.2724225920141942e-09,0.7403962884239955,inf,inf,0.5715304925476234,5.3509127833530756e-08,inf,inf,0.29301788593839595,0.2896948435615451
507,10.140247582833808,S2,other,0.013392841547669277,5.427418482878066e-09,0.7403976925279682,inf,inf,0.5714628603785762,1.5161961309006105e-07,inf,inf,0.29306284950801514,0.28961155164080854
508,10.148198890262401,S2,other,0.013361227893992482,6.959671565941704e-09,0.7403990751265681,inf,inf,0.5713953614039896,2.2469670573783945e-07,inf,inf,0.29310774216595437,0.28952847865249975
509,10.156135909128135,S2,other,0.013329775053639395,5.413056068702751e-09,0.7404005062406539,inf,inf,0.5713279942426353,1.738673556335249e-07,inf,inf,0.29315256460916533,0.2894456233887388
510,10.164058692758726,S2,other,0.013298481875547174,9.008013168829328e-09,0.7404021423690162,inf,inf,0.5712607636910565,2.974789474082049e-07,inf,inf,0.2931973175307899,0.28936298464991256
511,10.171967294191514,S2,other,0.013267347217671208,2.8677835774115583e-09,0.7404036330000191,inf,inf,0.5711936614667829,1.941249746665298e-08,inf,inf,0.2932420016201226,0.289280561244608
512,10.179861766175607,S2,other,0.013236369950321406,4.780698497231645e-09,0.7404052886964605,inf,inf,0.5711267057764461,1.6897663584924446e-07,inf,inf,0.2932866175626634,0.28919835198954624
513,10.18774216117399,S2,other,0.013205548952263488,6.1777825075958955e-09,0.7404070365777673,inf,inf,0.5710598745559162,1.58826047750692e-07,inf,inf,0.29333116604014314,0.2891163557095181
514,10.195608531365624,S2,other,0.013174883113163848,6.656135932728051e-09,0.7404087094307855,inf,inf,0.5709931816901005,1.4274811043600503e-07,inf,inf,0.29337564773042984,0.2890345712373194
515,10.20346092864752,S2,other,0.013144371332481062,4.452020146494863e-09,0.7404104549898626,inf,inf,0.5709327294076431,3.738302816349473e-08,inf,inf,0.29342399645213185,0.2889550824284399
516,10.21129940463679,S2,other,0.013114012519782378,3.9896000997069055e-09,0.7404122823500963,inf,inf,0.570866286524511,3.386341106855648e-08,inf,inf,0.2934683208650276,0.28887371867607753
517,10.219124010672704,S2,other,0.013083805594310015,5.376502351509861e-09,0.74041428025639,inf,inf,0.5707999804652981,1.7752289512821287e-07,inf,inf,0.2935125805643525,0.2887925632764275
518,10.226934797818682,S2,other,0.013053749484504657,3.531867189259351e-09,0.7404161454285682,inf,inf,0.5707338007482016,1.7861321689207654e-08,inf,inf,0.29355677621269605,0.28871161509366655
519,10.234731816864308,S2,other,0.013023843129398565,5.719632330692531e-09,0.7404181763111886,inf,inf,0.5706677618019437,1.9229533410267994e-07,inf,inf,0.29360090846884257,0.28863087299966317
520,10.242515118327308,S2,other,0.012994085476406056,8.462186124230246e-09,0.7404202368293296,inf,inf,0.5706018515491285,1.8542990294864247e-07,inf,inf,0.2936449779877789,0.2885503358739168
521,10.250284752455517,S2,other,0.012964475482943333,8.756752501963145e-09,0.7404223164095824,inf,inf,0.5705420942929398,1.5228328778241198e-07,inf,inf,0.2936927688283196,0.28847209093389836
522,10.258040769228806,S2,other,0.012935012115681795,7.976740982250705e-09,0.7404245038382123,inf,inf,0.5704764351687815,1.9065409117920596e-07,inf,inf,0.2937366894672275,0.2883919609823461
523,10.265783218361033,S2,other,0.0129056943500745,9.359038288359018e-09,0.7404266896241412,inf,inf,0.570410906030829,1.1742715204730195e-07,inf,inf,0.2937805493729207,0.2883120326817986
524,10.27351214930193,S2,other,0.012876521171139904,7.679193949330057e-09,0.7404289523430204,inf,inf,0.5703455113044448,1.1795859264942011e-07,inf,inf,0.29382434918519523,0.28823230494167645
525,10.281227611238997,S2,other,0.012847491572615935,6.602380025311196e-09,0.7404312741397491,inf,inf,0.57028621080669,1.8950814851145476e-07,inf,inf,0.29387177552267535,0.28815486716541505
526,10.28892965309939,S2,other,0.01281860455684285,7.535177729028512e-09,0.7404335881159739,inf,inf,0.5702210629978,1.13318126112761e-07,inf,inf,0.2939154319346212,0.28807553786921675
527,10.29661832355176,S2,other,0.012789859135599052,6.664661804701259e-09,0.7404360124759064,inf,inf,0.5701560483599428,1.85131646736937e-07,inf,inf,0.29395903021094566,0.28799640590452713
528,10.3042936710081,S2,other,0.012761254328642297,9.61050214428227e-09,0.7404384188370625,inf,inf,0.5700970811596829,1.4398897538945172e-07,inf,inf,0.2940061853962843,0.2879195622772443
529,10.311955743625566,S2,other,0.012732789164919387,6.136408479538208e-09,0.7404409668418709,inf,inf,0.5700323159211056,1.836379087642749e-07,inf,inf,0.2940496443282624,0.2878408223609013
530,10.31960458930828,S2,other,0.012704462681470609,8.60121298696056e-09,0.7404434788177991,inf,inf,0.5699676835969271,1.8829451105427372e-07,inf,inf,0.29409304704795136,0.2877622766116026
531,10.327240255709127,S2,other,0.01267627392391705,7.653259969649335e-09,0.7404460841389648,inf,inf,0.5699090534297283,1.7570524861872053e-07,inf,inf,0.2941399375275931,0.28768601763051926
532,10.334862790231517,S2,other,0.012648221946101618,2.0435641196687386e-09,0.7404486722250666,inf,inf,0.5698446583706842,1.5429101047475417e-09,inf,inf,0.2941832048884533,0.2876078576613384
533,10.34247224003115,S2,other,0.012620305810482266,6.347088817507379e-09,0.7404513473974821,inf,inf,0.5697862476411398,2.711242971356728e-08,inf,inf,0.2942299153794646,0.28753198340784014
534,10.350068652017757,S2,other,0.012592524587239442,8.04055026366545e-09,0.7404540839710434,inf,inf,0.5697221050636283,4.402498857633681e-08,inf,inf,0.2942730500369854,0.28745420510870306
535,10.357652072856823,S2,other,0.012564877354782384,8.673474465387605e-09,0.7404568838164879,inf,inf,0.5696580929054514,7.250042537993795e-08,inf,inf,0.2943161316315351,0.2873766158413655
536,10.36522254897129,S2,other,0.01253736319943374,2.0147779290332873e-09,0.7404596914152013,inf,inf,0.5696000101481417,3.0736426088701143e-09,inf,inf,0.2943625879683528,0.2873013108126561
537,10.372780126543272,S2,other,0.012509981215566474,5.561195425219815e-09,0.7404625783586095,inf,inf,0.5695362438551643,2.3237576674181425e-08,inf,inf,0.2944055407286446,0.28722409715288283
538,10.38032485151571,S2,other,0.0124827305052382,3.302978086383436e-09,0.7404654960334985,inf,inf,0.5694783797983084,1.546385113255623e-08,inf,inf,0.2944518240935254,0.2871491667397056
539,10.387856769594052,S2,other,0.012455610178395034,4.7996235592699665e-09,0.7404685188772056,inf,inf,0.5694148594402029,1.4322400256906492e-07,inf,inf,0.2944946505974075,0.28707232471194
540,10.395375926247901,S2,other,0.012428619352236346,1.902455151019065e-09,0.7404714469207685,inf,inf,0.5693572081458576,2.526008767033368e-09,inf,inf,0.2945407637600851,0.2869977649622627
541,10.402882366712646,S2,other,0.012401757152195311,4.466882473668744e-09,0.7404745455970251,inf,inf,0.5692939318566156,1.0924903426283032e-07,inf,inf,0.2945834665544937,0.2869212906433168
542,10.410376135991083,S2,other,0.012375022710693259,5.717822893326965e-09,0.7404776785256001,inf,inf,0.5692365015885398,1.737615344775331e-07,inf,inf,0.29462941225254397,0.28684709765702693
543,10.417857278855026,S2,other,0.01234841516789887,9.374222997892215e-09,0.7404808808742751,inf,inf,0.5691734661576214,3.1999162611327776e-07,inf,inf,0.2946719938538108,0.28677098717528454
544,10.425325839846892,S2,other,0.012321933670302005,2.3413891042841694e-09,0.740483915716576,inf,inf,0.5691162443282977,1.7264551249059925e-08,inf,inf,0.2947177747929622,0.28669715710340016
545,10.432781863281281,S2,other,0.012295577373635399,4.031603102793227e-09,0.7404871687670442,inf,inf,0.5690534531151107,1.1936338638209024e-07,inf,inf,0.2947602376869554,0.2866214066380353
546,10.440225393246553,S2,other,0.012269345439215817,5.175227337276232e-09,0.7404904679515912,inf,inf,0.568996451882544,1.617533955853732e-07,inf,inf,0.29480585654125224,0.2865479356819311
547,10.44765647360635,S2,other,0.012243237035869678,2.961513596529998e-09,0.7404937482766751,inf,inf,0.5689338975448764,9.992859050493561e-08,inf,inf,0.2948482031835917,0.28647254146213996
548,10.45507514800116,S2,other,0.012217251339844762,5.445098129005545e-09,0.740497164695455,inf,inf,0.5688771107294969,1.825047213617539e-07,inf,inf,0.2948936625956286,0.28639942587278716
549,10.462481459849835,S2,other,0.012191387533763535,5.409654176347845e-09,0.7405005379517609,inf,inf,0.5688204217304079,1.2770658737807634e-07,inf,inf,0.2949390330852244,0.28632648679600775
550,10.469875452351085,S2,other,0.012165644807745304,5.604219741902617e-09,0.7405039837579901,inf,inf,0.5687582243545585,1.6212613017737892e-07,inf,inf,0.294981197993144,0.2862516202542558
551,10.477257168484993,S2,other,0.01214002235859768,9.270657283836324e-09,0.7405075633117136,inf,inf,0.5687017504228082,3.1740669345613916e-07,inf,inf,0.29502641299266785,0.28617903101145326
552,10.484626651014493,S2,other,0.012114519388885747,3.6472265510765154e-09,0.7405109415999799,inf,inf,0.5686397857932446,2.1291084556945493e-08,inf,inf,0.29506846770991807,0.2861045115012717
553,10.491983942486838,S2,other,0.012089135109794973,5.742877680182847e-09,0.7405145039790783,inf,inf,0.5685835225161182,2.1498540965796398e-08,inf,inf,0.29511352978417577,0.28603226846416185
554,10.499329085235065,S2,other,0.012063868737835872,5.785679859593697e-09,0.7405181676099367,inf,inf,0.5685273626295305,1.705726786978821e-07,inf,inf,0.29515850628015255,0.2859601974023743
555,10.506662121379433,S2,other,0.012038719496091983,6.014558006550548e-09,0.7405218137502333,inf,inf,0.5684657560252174,1.6293186616599194e-07,inf,inf,0.29520038834500417,0.28588619197131226
556,10.513983092828866,S2,other,0.012013686614518031,6.361785603195023e-09,0.7405254963577649,inf,inf,0.5684098038327184,1.4948023747819144e-07,inf,inf,0.2952452157514456,0.2858144617601522
557,10.521292041282361,S2,other,0.011988769329388943,6.446036589898194e-09,0.7405292229604492,inf,inf,0.5683539510515625,1.427565356436354e-07,inf,inf,0.2952899595476795,0.285742900871948
558,10.528589008230414,S2,other,0.011963966883327144,6.3640848050359174e-09,0.7405329924913754,inf,inf,0.5682926951164509,1.4156734270173335e-07,inf,inf,0.29533167430606355,0.2856694015706331
559,10.5358740349564,S2,other,0.011939278525256588,6.168282023574742e-09,0.740536803993931,inf,inf,0.5682370533183244,1.446003097672787e-07,inf,inf,0.2953762727796122,0.28559817628145234
560,10.54314716253797,S2,other,0.011914703510339512,5.879124398276203e-09,0.7405406567452905,inf,inf,0.5681815104218042,1.508208020085526e-07,inf,inf,0.2954207895761481,0.2855271177139882
561,10.550408431848421,S2,other,0.011890241099913284,5.517025259716544e-09,0.7405445498810428,inf,inf,0.5681260662663669,1.590008315477316e-07,inf,inf,0.2954652253464511,0.28545622501215895
562,10.557657883558052,S2,other,0.01186589056142779,5.136808109434225e-09,0.7405484819992663,inf,inf,0.5680652708264377,1.671983900119074e-07,inf,inf,0.29550671744700413,0.28538338862776486
563,10.564895558135522,S2,other,0.01184165116838352,5.242966525449873e-09,0.7405524508028114,inf,inf,0.5680100361678541,1.7228858456620072e-07,inf,inf,0.29555101284125196,0.2853128246793635
564,10.572121495849185,S2,other,0.011817522200271076,5.168666360904663e-09,0.7405564527686086,inf,inf,0.5679548995446103,1.6962321185078875e-07,inf,inf,0.29559522909649094,0.28524242406176853
565,10.579335736768417,S2,other,0.011793502942513173,5.50899733871986e-09,0.7405604830773438,inf,inf,0.5678998606267867,1.5304089625098303e-07,inf,inf,0.29563936684811304,0.2851721859407008
566,10.586538320764934,S2,other,0.011769592686412707,6.532872990014733e-09,0.740564537839198,inf,inf,0.5678395215990542,1.1738079960303673e-07,inf,inf,0.2956806455174236,0.2850999989659069
567,10.593729287514092,S2,other,0.011745790729104828,6.755651721811641e-09,0.7405686214005506,inf,inf,0.5677846902669074,6.758041347130913e-08,inf,inf,0.29572464771983376,0.28503008292723714
568,10.60090867649619,S2,other,0.011722096373486129,4.7024744019273105e-09,0.740572750282289,inf,inf,0.5677299572765712,2.5569616279947513e-08,inf,inf,0.29576857326061595,0.2849603269147368
569,10.608076526997738,S2,other,0.011698508928346035,7.046244552676856e-09,0.7405770937271082,inf,inf,0.5676753292545115,2.400204608851013e-07,inf,inf,0.29581242276005737,0.2848907301152943
570,10.615232878112753,S2,other,0.011675027707548375,8.25924738898174e-09,0.7405813518678979,inf,inf,0.5676207942300491,2.866933990965098e-07,inf,inf,0.2958561968347196,0.28482129172099185
571,10.622377768744,S2,other,0.011651652030655496,8.951006647921269e-09,0.7405854647215984,inf,inf,0.5675663458915275,4.757438331889102e-08,inf,inf,0.2958998960973753,0.2847520109290674
572,10.62951123760425,S2,other,0.011628381223676718,6.335990149331473e-09,0.740589753232969,inf,inf,0.5675066827881047,2.6475613531955217e-08,inf,inf,0.29594086006849474,0.284680773755171
573,10.636633323217522,S2,other,0.01160521461720828,8.03964491013038e-09,0.7405941638943987,inf,inf,0.5674524520009278,1.1228300928946261e-07,inf,inf,0.29598443084570086,0.2846118053546147
574,10.643744063920318,S2,other,0.011582151547658695,8.410439149915579e-09,0.7405986344768773,inf,inf,0.5673983235056443,2.9313504704060424e-07,inf,inf,0.29602792858629906,0.2845429921792845
575,10.650843497862834,S2,other,0.011559191356159685,8.073893030600791e-09,0.7406030436888519,inf,inf,0.5673442840360865,2.8110237082541107e-07,inf,inf,0.2960713538884236,0.2844743334466732
576,10.657931663010174,S2,other,0.011536333389903987,7.119589373453562e-09,0.7406074740295979,inf,inf,0.5672903405336985,2.4603754260053104e-07,inf,inf,0.29611470734648154,0.2844058283792447
577,10.665008597143558,S2,other,0.011513577001036026,3.6528053625079933e-09,0.7406118361249158,inf,inf,0.5672364921676619,1.0321217876544138e-07,inf,inf,0.29615798955118766,0.2843374762043971
578,10.672074337861503,S2,other,0.011490921547279353,7.760887966778838e-09,0.7406163557255914,inf,inf,0.5671827445110612,1.074252414520215e-07,inf,inf,0.2962012010897139,0.28426927615442726
579,10.679128922581004,S2,other,0.011468366391188173,6.673773955017705e-09,0.7406210194855677,inf,inf,0.5671290911053285,2.2882808397557861e-07,inf,inf,0.29624434254552734,0.28420122746649557
580,10.686172388538719,S2,other,0.011445910900110705,4.400557745347193e-09,0.7406255266672755,inf,inf,0.5670755343398489,1.4657978699605153e-07,inf,inf,0.2962874144985631,0.2841333293825902
581,10.693204772792104,S2,other,0.011423554447343845,7.80571680469161e-09,0.7406302564355222,inf,inf,0.5670220756307451,2.710461264380479e-07,inf,inf,0.296330417525126,0.28406558114949265
582,10.700226112220594,S2,other,0.011401296410365934,9.585702012530894e-09,0.7406349601627767,inf,inf,0.5669687113335476,3.349904859359792e-07,inf,inf,0.296373352198008,0.28399798201874304
583,10.707236443526728,S2,other,0.011379136171565097,4.2122318031211594e-09,0.7406394810287448,inf,inf,0.5669154400371282,1.142777148826892e-07,inf,inf,0.29641621908637306,0.2839305312466057
584,10.714235803237285,S2,other,0.01135707311945007,4.879721407654268e-09,0.7406442484391755,inf,inf,0.5668622680521199,1.6893582439853561e-07,inf,inf,0.2964590187559545,0.2838632280940356
585,10.721224227704411,S2,other,0.011335106646166966,4.933613077535287e-09,0.7406490066268707,inf,inf,0.5668091905934477,1.7147784289137817e-07,inf,inf,0.29650175176883686,0.2837960718266437
586,10.728201753106738,S2,other,0.011313236149204823,5.9109678372673904e-09,0.7406538223090493,inf,inf,0.5667562094936501,2.050344597276234e-07,inf,inf,0.2965444186837744,0.28372906171466455
587,10.735168415450477,S2,other,0.01129146103061424,4.938529562180903e-09,0.7406586187913269,inf,inf,0.5667033227838068,1.6445919215158836e-07,inf,inf,0.296587020055848,0.28366219703292284
588,10.74212425057053,S2,other,0.01126978069747403,5.38924190896569e-09,0.7406634868325278,inf,inf,0.5666505314402485,1.822414591028118e-07,inf,inf,0.29662955643681577,0.2835954770607997
589,10.74906929413157,S2,other,0.011248194561242991,4.043417748517651e-09,0.7406683105236612,inf,inf,0.5665978343830469,1.2691232366810637e-07,inf,inf,0.29667202837495693,0.28352890108220147
590,10.756003581629118,S2,other,0.011226702038399455,5.929870672402235e-09,0.740673316074508,inf,inf,0.5665452340775595,2.0741251759046447e-07,inf,inf,0.296714436415051,0.2834624683855262
591,10.762927148390622,S2,other,0.011205302549451991,3.300403670736078e-09,0.7406781303024412,inf,inf,0.5664927263905485,1.0176450461285217e-07,inf,inf,0.29675678109855125,0.2833961782636324
592,10.769840029576516,S2,other,0.011183995520152975,4.219570448149405e-09,0.740683161050343,inf,inf,0.5664403148338166,1.3797110470242403e-07,inf,inf,0.296799062963413,0.2833300300138066
593,10.776742260181269,S2,other,0.011162780380258818,4.2126064392442736e-09,0.7406881771732173,inf,inf,0.5663879972623165,1.3720871128453754e-07,inf,inf,0.29684128254433384,0.2832640229377321
