step,s,basin,raw_on,loc_loss,loc_gnorm,loc_rho2,d_basin_M,d_basin_S,d_basin_L0,d_basin_S2,d_raw_M,d_raw_S,d_raw_L0,d_raw_S2
0,0.6419524550437927,L0,other,0.49280690689327694,5.247393386972726e-09,3.693842609679809e-08,inf,inf,6.857522227024397e-08,0.7220369266917456,inf,inf,0.9877318924430055,0.536552266802356
1,0.6419524751016877,L0,other,0.4928069017462333,1.665476179847054e-09,1.300045496679803e-09,inf,inf,4.0389299036568114e-09,0.7220369364649556,inf,inf,0.9699454020392534,0.5310525372196848
2,0.6469089174641891,L0,other,0.49153725555153915,5.047712917143588e-10,2.4225163969992626e-10,inf,inf,3.5012592970096814e-09,0.7220508792016072,inf,inf,0.9522430491465281,0.5258818624740226
3,0.6596018419557611,L0,other,0.48830593650516857,3.128817828450914e-10,9.667715056054128e-10,inf,inf,2.611781756597534e-09,0.7220795368427881,inf,inf,0.934938927196312,0.5206541066054222
4,0.6756835693703984,L0,other,0.4842533023282664,8.791935514815215e-09,6.254488412962214e-08,inf,inf,1.014197616657142e-07,0.7220978755317836,inf,inf,0.9181852022787081,0.5161228411459373
5,0.6933048304738998,L0,other,0.4798655608511289,1.3644074118383182e-09,4.6001248420443505e-09,inf,inf,7.409393291129047e-09,0.7220965498752827,inf,inf,0.9020179880137117,0.5125718441417613
6,0.7118270359965,L0,other,0.47531271734351954,5.45013953831813e-09,1.5826679546816212e-09,inf,inf,3.990984186764484e-09,0.7220794891560566,inf,inf,0.8864452934890144,0.5100532674117958
7,0.7309849257369712,L0,other,0.4706670810837874,2.829954309551123e-09,7.000953598067829e-09,inf,inf,7.780722165175453e-08,0.7220383524808954,inf,inf,0.8714948548476529,0.5084783458435859
8,0.7506517832318651,L0,other,0.4659646844120327,3.784682464278755e-09,1.9584652842911644e-08,inf,inf,7.007320309791696e-08,0.7219771512958795,inf,inf,0.857180348854449,0.5077147230513059
9,0.7707617139046093,L0,other,0.4612256645555545,1.89410193865171e-09,2.311216614989552e-09,inf,inf,1.0603434526844754e-08,0.7218923742503056,inf,inf,0.8435252644803054,0.5075720473437125
10,0.791278894132415,L0,other,0.4564623404308747,9.286638572364572e-09,7.46498701551703e-09,inf,inf,3.196058825008247e-08,0.7217844653138924,inf,inf,0.8305308578349915,0.5078740852827394
11,0.8121836073080209,L0,other,0.45168287902667215,8.450571202201824e-09,2.6225464054500972e-08,inf,inf,8.050506845396833e-08,0.7216569555071567,inf,inf,0.8181703647246665,0.5084813364982225
12,0.833465235170969,L0,other,0.4468931300605771,3.3268242976025378e-09,1.3587323515290286e-08,inf,inf,2.7473916455189254e-08,0.721506686451287,inf,inf,0.8064316358413693,0.5092547708216649
13,0.8551184706965691,L0,other,0.4420976108490224,9.393468601528169e-09,5.920791080138597e-08,inf,inf,1.2838337027707545e-07,0.721336942079092,inf,inf,0.7952782008381525,0.5100664631995767
14,0.8771411225904565,L0,other,0.4373000694473328,1.4943999938584879e-09,4.028158787668867e-09,inf,inf,1.584208985867993e-08,0.7211450228412981,inf,inf,0.7846980287383177,0.5107738223119798
15,0.8995327351609653,L0,other,0.432503828869252,1.8255426145457555e-09,7.0622557223534686e-09,inf,inf,1.63344615090355e-08,0.7209337807107458,inf,inf,0.774646631398888,0.5112662663429214
16,0.9222936424757129,L0,other,0.42771201144333065,7.159866267555707e-09,1.9331913884533133e-08,inf,inf,2.1172227459862855e-07,0.7206982626127573,inf,inf,0.7651209707471592,0.5114485781484049
17,0.945424266860535,L0,other,0.4229276926957845,9.380325804209105e-10,1.1601843205811968e-08,inf,inf,1.8649260469573444e-08,0.720443793846656,inf,inf,0.7560511022138642,0.5112801555245661
18,0.9689245659826833,L0,other,0.4181540099344376,8.062408372103798e-09,3.514843688520246e-08,inf,inf,7.421701294410471e-08,0.7201706639238046,inf,inf,0.7473965182441603,0.5107264247909171
19,0.9927935826092557,L0,other,0.4133942382247724,2.526696133979659e-09,4.356489202776401e-09,inf,inf,1.3906239739846064e-08,0.719876684341096,inf,inf,0.739136928454176,0.5097560549642874
20,1.0170290790283425,L0,other,0.40865183982212405,3.979118383516846e-09,3.4227244199317983e-09,inf,inf,1.1360127869660522e-08,0.7195622662415827,inf,inf,0.7312357629528342,0.5083478252822743
21,1.0416272505746098,L0,other,0.40393049031967504,1.3311777443750052e-09,1.3757500009832774e-09,inf,inf,6.3552702091209895e-09,0.7192299573877613,inf,inf,0.7236362750926575,0.5064919808806412
22,1.0665825124616242,L0,other,0.3992340847478202,4.131375666489956e-09,4.2382908485141165e-08,inf,inf,1.0150183101068522e-07,0.7188780628810257,inf,inf,0.716325413471826,0.5041824580667246
23,1.0918873487789371,L0,other,0.39456672772974943,6.257621065137355e-10,1.1162250929684124e-10,inf,inf,2.064181329561299e-09,0.7185070970417041,inf,inf,0.7092744728000767,0.5014367746269651
24,1.1175322152039233,L0,other,0.3899327110481256,1.0817018733252728e-09,2.265237568282233e-10,inf,inf,1.2151430892511231e-09,0.7181195639324972,inf,inf,0.7024348838878993,0.49829755351411514
25,1.143505502972586,L0,other,0.3853364789571154,3.824675364638027e-09,3.5063387397224315e-08,inf,inf,7.833372772994739e-08,0.7177141570580821,inf,inf,0.6958059327064432,0.4948196317934521
26,1.1697935895303382,L0,other,0.38078257876158617,2.5057674901819883e-09,9.563161650040324e-09,0.1197983286283711,inf,1.580386510307538e-08,0.7172916155483285,0.6417157728926779,inf,0.6893639122824036,0.4910799416026993
27,1.196381007196115,L0,other,0.37627559394336324,9.873032926499097e-09,1.2822850122959037e-08,0.1314163170963004,inf,3.649780795222536e-08,0.7168527137391242,0.6324036087379695,inf,0.683081924796183,0.48716998660367083
28,1.2232507518219293,L0,other,0.3718200595190288,4.013789523175829e-09,2.548866595396604e-08,0.13983887625042962,inf,4.57187886575428e-08,0.7163998682767816,0.6238493722308062,inf,0.67690234812235,0.4831946295283803
29,1.2503847313125749,L0,other,0.36742036343232415,6.6866338849073995e-09,7.696974815668e-09,0.14658697182194932,inf,6.952911169893959e-08,0.7159322331190766,0.6157097227488925,inf,0.6708159182711423,0.47925499968777113
30,1.277764322333507,L0,other,0.36308064248516947,9.484371242325735e-09,9.385938533325864e-09,0.152565279177061,inf,1.7786484544092103e-08,0.7154520767498191,0.607753863814205,inf,0.6647600321857863,0.4754529990005073
31,1.3053709710832428,L0,other,0.3588046852299231,2.447959714109632e-09,2.6633059897376958e-09,0.15761068590170915,inf,4.160011868836063e-09,0.7149574573966095,0.6000583710900426,inf,0.6587583701019557,0.47186625426728485
32,1.3331867570181322,L0,other,0.3545958546589238,3.2700045768958503e-09,4.902860538972948e-09,0.1623542809694586,inf,2.1021161696913124e-08,0.714452028286878,0.5924331438518043,inf,0.6527306236325034,0.4685639710145422
33,1.372684390883015,other,other,0.3498875330603253,2.502939456192619e-09,0.04919125177077835,0.09946208530828587,inf,0.11545080769481939,0.658568343162861,0.585839837725181,inf,0.647784149751181,0.466919266645978
34,1.4122755738798283,other,other,0.343597813287993,9.960798768655019e-09,0.07643835879172921,0.10025428565869039,inf,0.2473762832619043,0.5973230037781667,0.5794702344629467,inf,0.6428200668822949,0.4655513960336711
35,1.4517966244586635,other,other,0.3376641706635498,1.9300286834156075e-09,0.07957146658057011,0.10246318602328955,inf,0.2545173266015955,0.5931222271502097,0.5731587868558143,inf,0.6377629382496205,0.4644552478503283
36,1.491247024226079,other,other,0.33189192509074694,4.824247001593176e-09,0.0824898015782817,0.10454942032231485,inf,0.2611367029964507,0.5891548961618384,0.567016207619136,inf,0.6326833846656547,0.4636227581264963
37,1.5306259858399973,other,other,0.32627609164283644,9.553711417448533e-09,0.08522820314445304,0.10643833373051155,inf,0.2672807761235611,0.5853808172809563,0.5609276155784586,inf,0.627531036326692,0.4630451118468676
38,1.5699324190144806,other,other,0.3208117192549997,8.973548202155218e-10,0.08781313229941276,0.10821397672903976,inf,0.2730655784966759,0.581766513968554,0.5550045913427898,inf,0.6223841744174471,0.46269493596087674
39,1.6091649132422523,other,other,0.3154939209475715,4.739039971955172e-09,0.0902656744801707,0.10984522081004014,inf,0.2785223101846406,0.5782881881704703,0.5491955515269338,inf,0.6172274864906848,0.4625416275653407
40,1.6483217410618631,other,other,0.31031789290866724,4.428169003673005e-09,0.0926026401030961,0.11133907430317831,inf,0.28369394777505774,0.5749262795742839,0.5435047289305092,inf,0.612078659074423,0.4625428172202865
41,1.6874008863331968,other,other,0.3052789252667979,3.650384086925141e-09,0.09506681220297104,0.11270175176441313,inf,0.2886153589701054,0.5716649150263106,0.5379353844747089,inf,0.6069561733330449,0.46264731532740405
42,1.7264001013838883,other,other,0.3003724063209654,1.1355132990733221e-09,0.09758750601724285,0.11393879001366844,inf,0.29331519119728333,0.5684910518596952,0.5324887705143285,inf,0.6018785381741563,0.462796741312992
43,1.7653169946455476,other,other,0.2955938216347825,4.782125852289957e-09,0.1000254033600315,0.11505513972599966,inf,0.2978172962860999,0.5653938156295424,0.5271633460880666,inf,0.5968633795280355,0.46292827639476125
44,1.8041491462935046,M,other,0.2904677825156228,6.058849827029361e-09,0.08452563986513029,1.0281967198776117e-07,inf,0.21364230584319474,0.5814802381117328,0.5219543967009755,inf,0.5919264622576709,0.4629786571912074
45,1.842894243698268,M,other,0.2858129154983464,9.040148131868406e-09,0.08664192553593769,2.5968345042959624e-07,inf,0.21692328860646445,0.5785935897475433,0.5168541985398852,inf,0.5870807601003408,0.4628892580134606
46,1.8815502222450968,M,other,0.28127684854457713,3.3954581463993812e-09,0.08872067864408807,8.646894782623228e-08,inf,0.22014723345781093,0.5757269672241452,0.5118527694327382,inf,0.5823357124939614,0.46261167377320495
47,1.9201153921975798,M,other,0.27685575167154686,9.685827720895315e-09,0.09076594283967036,3.375009956359176e-08,0.17795499017586422,0.22335423900388499,0.5728749849538981,0.5069823454060625,0.5147117236245968,0.577733447395965,0.46211169883825165
48,1.9585885310006836,M,other,0.27254583181055786,7.145729735126373e-09,0.09278152526783325,8.418655888258556e-07,0.17133545356621227,0.2264901042988651,0.5700340632897832,0.5021451280264253,0.4867119774200041,0.57320241572883,0.4613771832257462
49,1.9969689240872284,M,other,0.26834333658151527,1.2497294563864088e-09,0.09477133770476101,4.022320159094672e-08,0.17144598451986104,0.22962596181860376,0.5671984005266612,0.4974180727560661,0.4690445002399027,0.5688138508075185,0.4604113684817275
50,2.035256345279617,M,other,0.2642445639819849,2.0918570227115558e-09,0.09673811108383741,7.308830380473922e-08,0.17358696883369498,0.23273548204431674,0.5643654671044005,0.4927512607701464,0.4543525413081497,0.5645253057308615,0.4592390673387743
51,2.073450977845325,M,other,0.2602458769232652,8.560612777380182e-10,0.09868488817255679,4.995832249383591e-09,0.17684341844586254,0.23582515435559612,0.5615316540879948,0.4881405877322872,0.44147795413013174,0.5603281422959254,0.4578991372340174
52,2.1115532862519957,M,other,0.25634372078566975,2.782350352643533e-09,0.10061427769450162,5.7837626504227045e-08,0.18084003781012278,0.23887016600904587,0.5586943804050621,0.48354327221490884,0.4297129916110749,0.5561732880105338,0.4564420298844041
53,2.149563854700366,M,other,0.25253464185826496,1.907258866293471e-09,0.10252864826075445,4.4792151430469867e-08,0.18518375603537138,0.2419349196672932,0.5558502485934281,0.47904210619060217,0.4192352007465908,0.5521241238639039,0.45492193054528957
54,2.187483211073571,M,other,0.24881530464611684,1.8557507507935908e-09,0.10443020992729693,1.5895036943757627e-08,0.18965238214257488,0.24502263524099502,0.5529968734726263,0.47463813627876755,0.4098036165076312,0.548167793520032,0.4533961633388329
55,2.225311654571909,M,other,0.2451825064035593,2.048087073488102e-09,0.1063209387130045,3.700228328514023e-08,0.19431092700977573,0.24807788094668143,0.5501327797308372,0.4702531153936201,0.4009535292536822,0.5442136073858224,0.45192011170824925
56,2.2630491029383926,M,other,0.24163318775904474,3.003350673416996e-09,0.1082026160644549,1.4447706139478778e-07,0.19898771121993666,0.25113317043882355,0.5472557465616795,0.46593165453728,0.3927953136899343,0.5402872818921512,0.4505397411248913
57,2.3006949717011227,M,other,0.23816443881215252,3.101908337064814e-09,0.11007679149393829,9.098149781522431e-08,0.20362100662568328,0.2541907624620908,0.5443642141819766,0.4616779701658641,0.3852722510717215,0.5363783089073392,0.4492908165871493
58,2.3382480939291512,M,other,0.23477350054966947,9.548307273064359e-10,0.11194490973203805,3.568557372453937e-09,0.20805329037502795,0.257280947959882,0.5414565077059343,0.45753577350062075,0.37844870372965117,0.5325188946028145,0.4481950042373793
59,2.3757066850716235,M,other,0.23145776180906621,1.2017857184722187e-09,0.11380823162728056,1.508906913450881e-08,0.2124784134388965,0.2603486655012535,0.5385319448742055,0.45342965709045285,0.3720603581199249,0.5286269942329765,0.4472602824293429
60,2.413068353792668,M,other,0.22821475230936872,1.5501817476940687e-09,0.11566784179537414,1.6681710030261854e-08,0.21664842759846895,0.26345111558720347,0.5355891207720387,0.4494411538161371,0.3662800929074398,0.5247828486310452,0.44647753022239034
61,2.450330156417566,M,other,0.2250421324809675,4.6403498852134496e-10,0.11752470628610044,5.393214852282765e-09,0.22066235312966537,0.26656094490475307,0.5326274818642456,0.44553230437878133,0.36096835208757305,0.5209521808277853,0.44582518410716215
62,2.4874886896100707,M,other,0.22193768097295732,8.67053223549858e-09,0.11937964013876147,1.2099100266136032e-07,0.22451053852194858,0.2696785864766491,0.5296464479386905,0.4417028548283903,0.35609115242606854,0.5171436473557761,0.44527016926344615
63,2.524540213091127,M,other,0.21889928081781446,5.941208661036651e-09,0.12123339171266759,9.275737772264935e-08,0.22829581415970918,0.27277732530127097,0.5266456767434678,0.437912922938304,0.3515522226591019,0.5133278197240755,0.44477243481260403
64,2.5614807915789743,M,other,0.2159249053142232,7.508820337509632e-10,0.12308658711188944,1.4816685216869381e-08,0.2316870851817533,0.27593768692321946,0.5236243266215453,0.43427137749963574,0.3474893956835479,0.509638049653726,0.44428807953657634
65,2.5983064429402773,M,other,0.2130126046805149,1.9445136750754197e-09,0.12493975760506291,3.336556727055737e-08,0.2350101209240686,0.27907878161276195,0.5205826775198689,0.4306596140662572,0.34368412744915794,0.5059647626565537,0.4437765114476719
66,2.6350132783479454,M,other,0.21016049448829355,3.207722516112645e-09,0.12679336867428811,4.508881239476025e-08,0.2381555610224717,0.28222694750956173,0.5175204139150574,0.4271088340022312,0.34015538333409073,0.5023585970695541,0.44320201001991155
67,2.67159762071198,M,other,0.20736674668465324,1.4747555035018342e-09,0.1286478430226965,4.970693510120702e-08,0.2411243418897104,0.2853815488144306,0.5144374374696835,0.42361256929099816,0.336865953082436,0.4988272624075738,0.44253831440157
68,2.7080560902146575,M,other,0.2046295837042488,5.722613755187795e-09,0.1305034802616084,9.953818042057734e-08,0.24382067653360873,0.2885671127301918,0.5113337168987048,0.4202008560067889,0.3338111476727446,0.4954165476108631,0.44177032077596834
69,2.7443856503065653,M,other,0.20194727576809796,5.976148007984043e-09,0.13236063549240532,1.1921994556088755e-07,0.2463496455286471,0.291756857214991,0.5082092910265779,0.41683320409874847,0.3309283870532605,0.49208668052252513,0.440895015061545
70,2.7805836132280732,M,other,0.19931814105434553,7.608315537988586e-09,0.1342195199139437,1.2430828870766582e-07,0.24880673505749254,0.2949246850396897,0.5050644083454815,0.41347247591410263,0.3281820035095105,0.4887940344316536,0.4399203552197726
71,2.816647609833054,M,other,0.19674054806119634,1.5997599548905305e-09,0.13608042452947114,2.486061397086961e-08,0.2510076112478857,0.29811983436334305,0.5018989135636258,0.41018890371242056,0.32560261599615875,0.4856162350925646,0.43886339407252034
72,2.852575533047826,M,other,0.1942129192809099,2.129032200426149e-09,0.13794350351729284,9.618598421648992e-09,0.25305062117647187,0.3013157681999579,0.49871298810144754,0.4069488904923401,0.3231630807432178,0.48250446076184184,0.437747742172871
73,2.8883654669172016,M,other,0.19173373522678494,2.0086170587582143e-09,0.13980894350996326,1.3289532355204094e-08,0.2548543409243898,0.3045355404136702,0.49550670323001234,0.40378969996421715,0.3208712002175829,0.47949145046373964,0.436600242834618
74,2.924015613618487,other,other,0.19280687396614266,6.167834352257491e-09,0.19286105368641465,0.13119782684028106,0.24729239759491214,0.39181515822443874,0.434413102589597,0.40064668502575984,0.31871082942237694,0.47648430936570474,0.4354474512942593
75,2.959524229288525,other,other,0.18878809838682692,1.1850956751356568e-09,0.1626371571148413,0.11003394347048914,0.2959571002181006,0.3943984182105322,0.48074252592120253,0.3975582920611618,0.3166958959929421,0.4735156937419832,0.43431286797163454
76,2.994889576557937,other,other,0.18642662323708173,8.423657501353714e-10,0.16435669498498912,0.1092496200895661,0.296958390758166,0.3966606380876419,0.47820190571504473,0.3945612752474472,0.3148273950749001,0.47062007753353524,0.43321436924655427
77,3.030109898022937,other,other,0.18410627117891878,6.771203714996945e-09,0.16606505178087072,0.10846184623893369,0.29787583132590145,0.3988930292580811,0.4756579638972522,0.39162405827140995,0.31309952123697365,0.46775042269827743,0.43216213578636564
78,3.0651834112077556,other,other,0.18182604011877646,1.282162416520309e-09,0.16776282623479505,0.10767448029441533,0.29871067006045054,0.4010964920648812,0.47311024200276053,0.3887473009921281,0.3115072055709787,0.46490426859958134,0.4311582666384307
79,3.1001083224458643,other,other,0.17958497736457918,5.847242221201877e-09,0.16945055173115728,0.10689139160400861,0.29946424385233855,0.40327175766057477,0.470558393360067,0.38592977458365096,0.31004093589537013,0.46208201974702917,0.43019698137065593
80,3.134882854882424,other,other,0.17738217484841762,6.892187415510297e-09,0.1711287974091914,0.10611653956109666,0.3001379406494963,0.4054196881122003,0.46800198208393934,0.3831683226099903,0.3086870470608829,0.45928667194598877,0.42926585417852264
81,3.1695052845861773,other,other,0.17521676410034945,4.07812673019551e-09,0.17279802623864615,0.1053538829992362,0.30073322027287686,0.4075408794522771,0.4654407592542218,0.3804580699966358,0.30742861238093244,0.4565232175911,0.4283477776243489
82,3.2039739784932313,other,other,0.17308791140077065,3.051266593937905e-09,0.17445875834973767,0.10461502457063918,0.3012119193849739,0.40965646958706753,0.4628743248600118,0.37782416705342103,0.30623505548007784,0.4538401278570991,0.42742366356541134
83,3.238287428444631,other,other,0.17099481346047687,3.0498257111800837e-09,0.1761114672447618,0.10389086917668967,0.301616882363181,0.41174652640403414,0.4603023662317354,0.37522787553361375,0.30509629072730843,0.45120164013924957,0.42647411973439997
84,3.272444276771727,other,other,0.16893669388773447,7.509076723762165e-09,0.17775664718737536,0.10318495202523677,0.3019495757237004,0.41381172864292765,0.45772454504171384,0.37266257282479254,0.3039949814598395,0.4486136110172412,0.4254825424055026
85,3.306443330576128,other,other,0.16691280056135313,1.404651734424471e-09,0.17939472459909356,0.10250084847271071,0.3022115030393694,0.4158526566772102,0.45514062664935984,0.3701224997914568,0.3029165825469222,0.4460805999282964,0.42443665548002324
86,3.340283563852668,other,other,0.16492240391166813,4.868836935734322e-09,0.1810261377511752,0.10184203782659985,0.3024040728809341,0.41786989298921956,0.45255028759595517,0.3676033568771692,0.3018503495124759,0.4436053890625943,0.42332958158197814
87,3.373964108644015,other,other,0.16296479594986832,7.677283228900017e-10,0.18265140254134707,0.10121194167514026,0.30252862870577574,0.41986414990831344,0.44995308437143683,0.36510267221446346,0.3007897910323614,0.4411887791681918,0.42216010374756185
88,3.40748423815823,other,other,0.1610542608366901,6.406550211769105e-09,0.27400226700873154,0.19013286459420722,0.1777790203018082,0.40015357903065407,0.3469259446010238,0.36264952636883335,0.2997145070210656,0.4388720649049544,0.42093257314191357
89,3.4408433458991503,other,other,0.15902876330920232,5.905557532955626e-09,0.2763084611472203,0.19008537466225955,0.17720404960557562,0.40312498467907903,0.34319753448936285,0.36018560674857286,0.29866092391207344,0.43656775400370884,0.41965408792572795
90,3.474040925139165,other,other,0.15703728535211497,7.755753144935871e-09,0.27855689470333483,0.1900139162229756,0.17652494932017182,0.40604819328434183,0.33949351800257316,0.3577724899240847,0.29759594021276237,0.4343568726157251,0.41833586559486824
91,3.507076552477471,other,other,0.15498023603636918,5.683979124529318e-09,0.22741595140340953,0.117738540370698,0.20136375455740696,0.38038911187004454,0.3703869528644378,0.35538374469039435,0.2965423835981498,0.4321928166850456,0.416988533321235
92,3.5399498779481324,other,other,0.15315393494407167,1.401835043709956e-09,0.28290776968767123,0.18963184724090457,0.17496635256078089,0.41170365272107035,0.3321508540958112,0.35302262058482664,0.2955048888242488,0.4300715985679525,0.4156221945586143
93,3.572660622494949,S,other,0.15062890917143926,4.303667778193873e-09,0.4450377339597877,0.2637303206072114,2.679133638219416e-08,0.4467132561203228,0.22510395785300436,0.3506917958572927,0.2944868218887766,0.42799003042605654,0.41424466134375665
94,3.605208581996127,other,other,0.14939941521844832,2.2393548060747284e-09,0.28711171061497454,0.18900099556387617,0.17311787397282194,0.4171345227072348,0.3248839195692125,0.348421606811491,0.29346839599043384,0.42598840736180116,0.412861103160612
95,3.6375936357406466,other,other,0.14756901428588942,2.354867958483956e-09,0.28916558576533696,0.1885377154457657,0.1721141337015512,0.41975468000946164,0.3212746622283707,0.3461547011267681,0.2924903146596558,0.42398169777526573,0.4114715612083573
96,3.6698157565499643,other,other,0.1462458027545231,2.8638705811688352e-09,0.2704380584354867,0.16310520377954632,0.21344169575837166,0.4488405770582306,0.3354458137932604,0.34394716068651626,0.29150655838427675,0.4220553182645352,0.41007487674501425
97,3.701875019668244,other,other,0.14399910297837124,8.904768909414771e-09,0.29317677330108405,0.1875216756998997,0.16986682690229077,0.4248658834722875,0.31409746424827995,0.3417675875141683,0.2905326702983483,0.42016922966022596,0.40866555147456995
98,3.733771608033405,other,other,0.1427804824195069,9.877877503896616e-09,0.27559749639777326,0.16339211042772703,0.2104106695060309,0.45294759882720576,0.32826643498904506,0.33961219206340976,0.2895617111830757,0.4183265064710667,0.40723688546517645
99,3.765505812414607,other,other,0.14108956888672877,9.35600931291033e-09,0.2781145071998203,0.16341723468935154,0.20883553967134974,0.4549462080536595,0.3246949897716164,0.3374764868939033,0.2885861963299412,0.4165306025281381,0.4057815674041009
100,3.797078025945276,other,other,0.13886320377866276,1.2218002474424098e-09,0.2989731676479962,0.18552750059748474,0.16602977958723944,0.4321641822818878,0.3034127789208344,0.3353841048993852,0.28757657361184547,0.4148267349367278,0.4042934336631863
101,3.8284887335904223,other,other,0.1377887565195786,1.331127299857536e-09,0.28312067317835343,0.163351779539595,0.20551657442834553,0.45887505277811996,0.31756398427963073,0.33330231021418594,0.28654902108969316,0.4131755812576189,0.40276652765334636
102,3.8597384978999005,other,other,0.13557898961051282,1.482526737372374e-09,0.30273574449160995,0.1838709952832196,0.16317954587931835,0.43679717545538654,0.2963284201583591,0.33119908311678603,0.28552185949098763,0.41153718256735405,0.40119696631522994
103,3.8908279429065447,other,other,0.13945713514686536,8.865129267145867e-10,0.38089246422875245,0.26113554117506954,0.25035834059284273,0.5304007542714249,0.3137525907230836,0.3291284355061222,0.2844478231709771,0.4099956884466165,0.39958536683076007
104,3.921757738178674,S,other,0.13062344859956262,9.585983557586255e-09,0.4858099326241016,0.25099499136426734,7.000768418548554e-08,0.46841867386981156,0.19685000653639864,0.3270604760476944,0.2833493247839005,0.4085086688308958,0.39793285435855774
105,3.9525285848358167,S,other,0.12899025475730033,1.8316947382257434e-09,0.48905148525912445,0.24933119431089287,9.598801119027629e-09,0.47003445515148007,0.19465487640920817,0.3249947370322666,0.2822282127005445,0.4070743635711888,0.3962434305276151
106,3.9831412048425614,other,other,0.1299841972478879,2.8030694869179626e-09,0.2711693357407213,0.13532633608445174,0.17718441505869698,0.4258034743283728,0.30794748585831694,0.32296038017288986,0.28106532238041326,0.4057313718925795,0.39452354722113
107,4.01359633420957,other,other,0.12852018505607204,2.6079941601491255e-09,0.2737199206806562,0.1355244411702107,0.17533806652695894,0.42838108203764097,0.3040692094337684,0.32090124521736335,0.2799102631752525,0.40439357454318275,0.39277852409324604
108,4.043894719981687,other,other,0.12707902191999362,1.002226089662564e-09,0.27624474635396346,0.13567999931212377,0.17343267673074447,0.4309299510505506,0.3002089893302661,0.318876373446645,0.2787229220126076,0.4031397000982939,0.3910170427356372
109,4.074037120215344,other,other,0.12490037041952325,9.992123187115734e-09,0.3152882544875338,0.17651096224349913,0.15133373695118452,0.45182547505345655,0.27160882808609565,0.31685860205789984,0.2775307980898733,0.4019245986652544,0.3892453308037392
110,4.104024305657295,other,other,0.12347208459377931,6.459934482697699e-09,0.3170155297023994,0.17526063942803313,0.1494080288551218,0.45383966304196494,0.26806424665591616,0.3148492273010207,0.27633835513301647,0.4007446128712924,0.3874696397150524
111,4.133857061611003,S,other,0.11976951925242431,4.066383014699718e-09,0.5071345956760902,0.23796323426896415,1.1429540612278518e-08,0.4787766864020368,0.18253219034142454,0.3128490954504842,0.2751492756405514,0.39959645772232655,0.3856951680012698
112,4.163536188540308,S,other,0.11832426740901494,1.74408730119515e-09,0.5099367166818136,0.23578556630899844,1.2584164269120063e-09,0.4800799400423979,0.18067077669966455,0.3108584833600234,0.27396630147433376,0.3984773254584089,0.38392590428025275
113,4.193062500283062,S,other,0.11690383203819765,8.999130713605518e-09,0.5126825035159486,0.23362530141745372,1.2089462662031996e-08,0.481358259586378,0.1788510998495219,0.30890676733751504,0.27276922346788013,0.39742527439750575,0.3821654887586307
114,4.22243681925686,S,other,0.11550773168187745,7.793610929370581e-09,0.5153735873823307,0.23138404865115206,6.276779551715577e-09,0.4825972578207974,0.1770714839209005,0.30696363773917623,0.27158120418605963,0.3963977731629917,0.3804148594130642
115,4.251659968634604,S,other,0.1141354940670638,7.61803957671993e-09,0.5180113965974306,0.22895563263962804,1.817519645921325e-08,0.4837825519259427,0.17533030036612296,0.30499780779626445,0.2704243391075478,0.395353221846935,0.37867411857921685
116,4.28073276204386,S,other,0.11278665645037317,1.2384434708917407e-09,0.5205973562194062,0.22654946356186412,8.875655232746028e-09,0.4849467964348475,0.1736269616518748,0.30306749272423017,0.2692549077140482,0.39437056935323334,0.3769455188059408
117,4.309655991807464,S,other,0.1114607659941928,1.5315865508706541e-09,0.5231327878131303,0.2240606897770358,1.9595116111445627e-09,0.486075493370268,0.17195993987552688,0.30114118546550617,0.2680946371140108,0.3934083122864844,0.37522857058350917
118,4.338430417027628,S,other,0.11015738011140694,9.283487383729476e-09,0.5256193880730264,0.22160008531633252,5.544818735745692e-08,0.4871854513715575,0.17032842355581715,0.29924757702859267,0.26692210182964043,0.3925046683398255,0.3735247047279221
119,4.367056752888781,S,other,0.10887606671656967,5.960840207037009e-09,0.5280574456513953,0.2189437367874198,9.390233008819815e-09,0.48824648234714346,0.16873062487119245,0.2973248153229437,0.26578057844684966,0.39157875079798876,0.3718329662352383
120,4.395535662417553,S,other,0.10761640434615487,2.6965969410307043e-09,0.5304490637545934,0.21619882838227136,9.98746113417908e-09,0.4892753136455983,0.16716582835740915,0.29540195461760677,0.2646493239047033,0.3906685171746976,0.3701556088259799
121,4.423867751624066,S,other,0.10637798210064951,2.2985251587899955e-09,0.5327952303665007,0.21348046694827585,2.7410232551106208e-09,0.4902885381304041,0.16563339428036886,0.29350870394150275,0.26350860098211853,0.38981100608168673,0.3684954548844566
122,4.452053568512621,S,other,0.10516039941907651,5.012183434499944e-09,0.5350969942047279,0.21066935487236796,3.371081663329609e-08,0.4912715315853216,0.16413198870676,0.29161393185690654,0.2623814592568243,0.38896453357020244,0.366853891123554
123,4.480093605960933,S,other,0.10396326568922036,4.034782726386477e-09,0.5373555220045264,0.207758495973673,1.2890048513549654e-08,0.49222520269197323,0.16266070977552702,0.2897167953451505,0.26127002013970424,0.3881266926133388,0.3652335642309238
124,4.507988307997521,S,other,0.10278619973104754,7.124915394397396e-09,0.5395718560176532,0.2047380751530026,9.503437181592521e-09,0.49315047782249904,0.16121864603722877,0.28781602992491,0.26017660975472545,0.38729503269399496,0.363637271231613
125,4.535738078621305,S,other,0.10162882919891976,8.257107168167705e-09,0.5417470209872138,0.2015943066137906,9.341857364275462e-09,0.4940482212301969,0.15980494303782217,0.2859094867984286,0.2591035824821305,0.3864671709012446,0.36206776088122344
126,4.563343292055173,S,other,0.10049078995264288,1.1772970696896042e-09,0.5438819387445095,0.19844448643010748,6.373228208593732e-09,0.49493475210405635,0.15841916336143594,0.2840258431838536,0.25803272723774734,0.38567910052580967,0.36052856483980966
127,4.590804303233287,S,other,0.09937172546094897,1.3560588248154477e-09,0.5459776754919132,0.19499233670254484,3.717564927421578e-09,0.49577987618869707,0.15705976049223414,0.28209513731264546,0.2570069052639581,0.38485230821709054,0.35901974941655296
128,4.618121457393357,S,other,0.09827128626065533,2.7449497241581816e-09,0.5480351465362786,0.19147854551318153,5.79840599026774e-09,0.49661532369232947,0.15572673323451344,0.2801737170737933,0.255986882690027,0.38406141995732695,0.3575449541599624
129,4.645295097859151,S,other,0.09718912952533126,1.1044780711416846e-09,0.550055291372636,0.1877078190261871,2.2704402861405094e-09,0.49742634219269743,0.15441897844106067,0.2782144745309205,0.2549940786957694,0.38326702574349003,0.3561041496581115
130,4.672325571416003,S,other,0.09612491874669782,2.7979755092694125e-09,0.5520390042041792,0.1835840971258663,4.924356169280954e-08,0.49821367671816175,0.15313576390078887,0.27619231223960583,0.2540289999481494,0.38246830534709303,0.35469774460384323
131,4.699213231051488,S,other,0.09507832353261624,9.202447614946313e-10,0.5539869368439424,0.17893183698448845,5.548827718433672e-09,0.49897797031212016,0.15187645636367758,0.2740608031765318,0.2530916952421482,0.38166480522037083,0.3533256132298426
132,4.725958436199882,S,other,0.09404901950855075,3.7158693259453666e-09,0.5559002641344508,0.17336533944630958,2.988097195142411e-08,0.49971995188040563,0.1506403456582971,0.2717179392711136,0.25218183272130895,0.38085638881941536,0.3519871898527285
133,4.752561550942706,S,other,0.09303668829546011,1.8387995849274488e-09,0.5577795521297165,0.16558611614444912,2.9218005302510024e-08,0.5004402234593622,0.149426825966201,0.2688224054431317,0.2512988045636719,0.3800431688524443,0.3506815914376962
134,4.779022940840215,S,other,0.0920410175367638,9.638571887675418e-09,0.5596250157458375,inf,1.565111975414996e-07,0.501154740006922,0.14823567598359763,inf,0.25042230239277047,0.3792621742752915,0.34940887021913913
135,4.805342969178487,S,other,0.09106170093380891,9.709372901709483e-10,0.5614392264231756,inf,6.890439749640121e-09,0.5018487574658209,0.1470659230694045,inf,0.2495712557109056,0.3784766745728066,0.3481668090775418
136,4.831521993409619,S,other,0.09009843827469756,1.5134833426669672e-09,0.5632212630015823,inf,2.446454580782135e-08,0.5025075882574378,0.14591655386282454,inf,0.24876425586817677,0.3776506970523066,0.3469532035045862
137,4.857560362451283,S,other,0.0891509354138233,2.8105818680090332e-09,0.5649723474110088,inf,2.315004766821128e-08,0.5031623364721871,0.14478786172229458,inf,0.247961881331716,0.3768575598757014,0.3457693975594423
138,4.883458415321957,S,other,0.08821890420604354,4.9102246677131905e-09,0.5666932343669452,inf,3.010462102517959e-08,0.5038134564118507,0.14367933731352278,inf,0.24716396001383376,0.3760970261857726,0.34461468392455596
139,4.90921648135332,S,other,0.08730206238015009,4.706827279630588e-09,0.5683843317917657,inf,6.095746170884155e-08,0.5044310540059511,0.14258959786833836,inf,0.24640864625998216,0.3752971225451926,0.34348621103181753
140,4.934834881977484,S,other,0.08640013336125812,4.505613030067078e-09,0.5700464489351028,inf,1.6295034444600635e-08,0.5050308802098376,0.14151856837300572,inf,0.24567658683218385,0.3744941966934167,0.34238477120071364
141,4.960313933867557,S,other,0.08551284605026546,4.647596858908527e-09,0.5716804561137446,inf,3.1503084549884506e-08,0.5056285297561265,0.1404662157543887,inf,0.24494891183490838,0.3737237966428069,0.341311335218458
142,4.98565395304175,S,other,0.08463993458072913,6.9979631985981976e-09,0.5732869137983361,inf,1.1145127124461238e-07,0.5061942180672898,0.13943119450062413,inf,0.24426361307936284,0.3729148731426908,0.3402633876865659
143,5.010855259441278,S,other,0.08378113806779307,2.1755422614224904e-09,0.574866061435548,inf,3.736172477517945e-08,0.5067585791719379,0.13841397603236671,inf,0.24358307851302322,0.3721382089283972,0.339243191784052
144,5.035918181466659,S,other,0.08293620037437961,7.206387400463819e-10,0.5764190414873698,inf,3.851516757654179e-09,0.5073069854274517,0.1374136421661074,inf,0.24292626395968872,0.3713584231083951,0.3382493771477495
145,5.060843060002019,S,other,0.08210486989884308,9.3958926894271e-09,0.5779461960134413,inf,1.2053493847409218e-07,0.507839954148075,0.13642967706426817,inf,0.2422931211062658,0.3705756499240728,0.337281664541056
146,5.085630251559733,S,other,0.08128689940116744,5.865455272678049e-09,0.5794478583167183,inf,3.370766211097729e-08,0.5083576138647887,0.1354619768880958,inf,0.2416834637663732,0.3697901000931765,0.33633963964840835
147,5.110280130319358,S,other,0.08048204588060834,5.929680694746488e-09,0.5809248576344331,inf,8.379872613205895e-08,0.5088755854777437,0.13451034343010498,inf,0.2410785274898628,0.3690364278758438,0.33542398547906466
148,5.13479308899322,S,other,0.07969007048008098,4.8236658242107254e-09,0.5823775094535231,inf,1.7800840118232423e-08,0.5093642681594341,0.13357351409876655,inf,0.24051474437927256,0.36824611528794765,0.3345315053375149
149,5.159169538604056,S,other,0.07891073844041774,5.368948325315386e-09,0.5838065383364788,inf,8.784775970365937e-09,0.509853900535436,0.1326520829002475,inf,0.23995471227053788,0.367488150849524,0.3336638682948909
150,5.18340990738854,S,other,0.07814381907312978,7.20806175678804e-09,0.5852123903306757,inf,1.78398257886559e-08,0.5103299097812333,0.1317452089654985,inf,0.2394161297485636,0.3667286848133051,0.3328189028224644
151,5.207514639130077,S,other,0.07738908575199797,5.091245712019778e-09,0.586595565692138,inf,5.1637412719267834e-08,0.5107778109981447,0.13085206512265,inf,0.23891635108899675,0.36593462371639957,0.3319943569434602
152,5.231484191267063,S,other,0.07664631590920819,2.7911320145881754e-09,0.5879565691869969,inf,3.538562774433317e-08,0.5112424782122986,0.1299737438042355,inf,0.23840016547096815,0.36520739988986745,0.3311931042256648
153,5.255319033117678,S,other,0.07591529102173626,2.172358463556074e-09,0.5892956613680342,inf,3.767319263995702e-08,0.5116797041725026,0.1291085086696421,inf,0.23792121423862225,0.3644466401218655,0.3304103676678541
154,5.27901964451442,S,other,0.07519579658541042,8.97840221557375e-09,0.5906138967068318,inf,1.0087432305291657e-07,0.5121046435839585,0.12825651463635218,inf,0.23746064782325577,0.3636864516636112,0.3296465707605295
155,5.302586515060787,S,other,0.0744876220644719,3.9696080770352735e-09,0.5919108592128894,inf,5.801721005597103e-08,0.5125177106877937,0.1274173934665354,inf,0.23701783710093982,0.36292725453523234,0.3289009512525349
156,5.326020144122102,S,other,0.07379056082655096,3.343242650712293e-09,0.5931875035833398,inf,5.20381260179146e-08,0.51293384117862,0.12659136123790407,inf,0.23657444372685915,0.3622021316423347,0.32817417453205977
157,5.349321041556692,S,other,0.07310441004654004,4.192709639107978e-09,0.5944441988492278,inf,6.55089894067515e-08,0.5133385758912883,0.12577766462159348,inf,0.23614795714053724,0.36147828868055465,0.3274643820331426
158,5.372489729096141,S,other,0.0724289706010177,5.088399227102567e-09,0.5956813991250031,inf,5.9070687223264335e-08,0.5137322194442274,0.12497600096633335,inf,0.23573801578003142,0.3607559611914816,0.3267711124294919
159,5.395526742205434,S,other,0.07176404694959523,3.0708566876750408e-09,0.5968995604258183,inf,2.3377623843187002e-08,0.5141004414457163,0.12418561489662838,inf,0.23536193884046475,0.3600031486572563,0.3260926312965266
160,5.418432632203336,S,other,0.07110944701338734,2.7657918141517727e-09,0.5980990320479566,inf,2.21625486195396e-08,0.5144873219782591,0.12340771955244632,inf,0.2349666106772338,0.3593165850880113,0.3254326235686183
161,5.441207968403996,S,other,0.07046498205575513,4.503853853046591e-09,0.599279976757182,inf,2.975256956735441e-08,0.514849346568905,0.12264054929478667,inf,0.23460463878825022,0.35859984355040236,0.3247867320802342
162,5.463853340052137,S,other,0.06983046657415903,6.6239855047794916e-09,0.6004431880509022,inf,6.541778124327648e-08,0.5152013569957297,0.1218843622604857,inf,0.234258147501902,0.35788526222915495,0.3241559691181013
163,5.486369357862099,S,other,0.06920571820510639,2.3562462714611402e-09,0.601588430371715,inf,9.41129277658889e-09,0.5155581002691532,0.12113940446176284,inf,0.2339094704754449,0.3572044807463057,0.32354135147926905
164,5.508756655028392,S,other,0.06859055764962776,3.972710758828728e-09,0.6027161425480844,inf,3.4705135332616457e-08,0.515890850559097,0.12040441483506911,inf,0.23359310318322954,0.35649454000587805,0.3229397530850534
165,5.531015887643638,S,other,0.06798480861104454,5.427495545049087e-09,0.6038272414132663,inf,5.338745052206401e-08,0.5162287439988086,0.11968018704048532,inf,0.23327396865455766,0.355818428768149,0.32235349339518954
166,5.553147734529365,S,other,0.0673882977544383,6.1359379863851725e-09,0.6049229164110157,inf,8.68527689843055e-08,0.5165574675010679,0.11896606700765734,inf,0.2329690344596203,0.3551448926233553,0.3217807338823401
167,5.5751528965476265,S,other,0.06680085467748123,6.9560521479168635e-09,0.6060012692276304,inf,1.272511530388699e-07,0.5168773868897845,0.11826169665599733,inf,0.2326778542849713,0.3544741740853186,0.32122097944509814
168,5.5970320955098085,S,other,0.06622231189061617,3.349671619747087e-09,0.6070636991813595,inf,2.5601888537603365e-08,0.517188686619764,0.1175668921316252,inf,0.23239996181775696,0.35380652420369135,0.32067372025744634
169,5.618786072828714,S,other,0.06565250480596098,2.401240528111845e-09,0.6081108094418897,inf,2.1216827896780915e-08,0.5174915436169492,0.11688148245323107,inf,0.2321348862684458,0.35314219264219404,0.32013844731492275
170,5.640415588069299,S,other,0.0650912717221496,8.805050942051543e-09,0.6091427989110894,inf,1.330111382316615e-07,0.5178004257191994,0.11620577133778044,inf,0.23186517084399313,0.3525116749532296,0.31961608393995944
171,5.66192141754299,S,other,0.06453845380939204,6.578692213058714e-09,0.6101595553474954,inf,9.414262106551933e-08,0.5180870366032774,0.11553850239804324,inf,0.23162442958220691,0.3518544993302458,0.31910334190307066
172,5.683304353063663,S,other,0.06399389509117308,8.838315402410948e-09,0.6111621028047737,inf,1.1367781161386203e-07,0.5183799914676666,0.1148805502199891,inf,0.23137831860601668,0.35123120041456724,0.3186026364436621
173,5.70456520094497,S,other,0.06345744241324418,3.218387210543721e-09,0.6121500065482103,inf,5.097738582916692e-08,0.5186511507239027,0.11423062028677766,inf,0.23116032176795326,0.35058193637961393,0.31811074189853134
174,5.725704781274493,S,other,0.06292894541106385,2.472049613080028e-09,0.6131239679777135,inf,3.891666654511101e-08,0.5189289933531102,0.11358964441639079,inf,0.23093638724881588,0.349966488219708,0.31763019017303995
175,5.746723927456458,S,other,0.06240825646558343,7.879459167244449e-10,0.6140841863933233,inf,9.57860961384614e-09,0.519199530961679,0.11295688210452248,inf,0.23072313459327004,0.34935503767872744,0.3171592679046993
176,5.76762348597654,S,other,0.061895230656933815,3.4789234812154443e-09,0.6150309945631816,inf,5.462991222508923e-08,0.5194629504987837,0.1123321563184109,inf,0.23052032329153654,0.34874765273806363,0.3166977260554284
177,5.788404316314011,S,other,0.061389725713597965,3.450139458144579e-09,0.6159645614875673,inf,3.267695122093892e-08,0.5197334357732443,0.11171584247980801,inf,0.2303110895761788,0.3481734450117799,0.3162467981843781
178,5.809067290910599,S,other,0.06089160196175022,8.686057269108873e-10,0.6168850822463222,inf,7.68595110770794e-09,0.519983107171839,0.11110668400442233,inf,0.23012857501325257,0.347574151333123,0.3158033730609577
179,5.8296132951027895,S,other,0.060400722276055155,9.723251809929355e-09,0.6177931662194254,inf,1.426858164747092e-07,0.5202261686472863,0.11050506131570398,inf,0.22995588444982726,0.34697903311951317,0.3153687012272451
180,5.850043226933833,S,other,0.0599169520327659,8.552819904888119e-09,0.6186886322464119,inf,1.2168365680243845e-07,0.5204767080349508,0.10991135353730125,inf,0.22977630833515844,0.3464166795302944,0.3149440515672222
181,5.87035799678134,S,other,0.05944015907090812,1.3219668854600256e-09,0.61957183815083,inf,2.320942902907764e-08,0.5207208896628706,0.10932488101598171,inf,0.22960622953504156,0.3458582290899573,0.31452775104411856
182,5.890558526762363,S,other,0.05897021365610929,3.941222531834948e-09,0.6204430555413737,inf,4.922978572500201e-08,0.5209450394099998,0.10874490914516476,inf,0.2294618341344904,0.34527548946337305,0.31411809316341305
183,5.910645749906758,S,other,0.058506988450467756,2.4019425075478846e-09,0.6213028733262523,inf,4.342172859342749e-08,0.5211770228418077,0.10817241577085634,inf,0.22930999621026968,0.34472514059203774,0.3137177961450143
184,5.9306206091172715,S,other,0.05805035848825389,2.0329004081509356e-09,0.6221511337218018,inf,3.766545330596243e-08,0.5214031197457776,0.1076066832763986,inf,0.22916691608054449,0.34417884276013194,0.31332513243889304
185,5.950484055958132,S,other,0.05760020115438279,4.305511037646682e-09,0.6229884155563085,inf,7.120849359597685e-08,0.5216372278593495,0.10704811355603013,inf,0.22901603727770473,0.3436644023483496,0.3129413386271477
186,5.9702370493302235,S,other,0.05715639616496643,5.58369109805658e-09,0.6238141959654299,inf,7.536655618440694e-08,0.5218518934690156,0.10649555405369764,inf,0.22888970016417198,0.34312623441708995,0.3125631667238954
187,5.989880554099111,S,other,0.05671882554872756,5.7620616445526116e-09,0.6246294142127083,inf,9.627856845319756e-08,0.5220611231007052,0.10594930477204398,inf,0.22877130313627397,0.342592308365492,0.3121918500829114
188,6.009415539741736,S,other,0.056287373627185396,9.89975602105138e-09,0.6254340750334719,inf,1.4050665911173342e-07,0.5222786622702107,0.10540983977779704,inf,0.22864442318137515,0.3420899423817863,0.3118286503389515
189,6.028842979069633,S,other,0.05586192699227625,4.643245663177656e-09,0.6262281438536456,inf,6.69857247464882e-08,0.5224773073312965,0.10487591409745461,inf,0.22854117196469004,0.3415645009722926,0.3114703196593326
190,6.048163847072546,S,other,0.05544237448371183,9.80948410840948e-09,0.6270115790606677,inf,9.947689504172957e-08,0.5226844941594434,0.10434847009678852,inf,0.22842903663973269,0.3410703869362141,0.3111196656542436
191,6.067379119908821,S,other,0.05502860715670198,9.937963979631155e-09,0.6277863289271014,inf,1.7264589091408735e-07,0.5228866175792024,0.10382694373233459,inf,0.22832396175401898,0.34058036542067466,0.31077498223024513
192,6.0864897740502375,S,other,0.05462051825545322,4.181092606115938e-09,0.6285504736103389,inf,5.7300568866194585e-08,0.5230838288047769,0.1033111398678371,inf,0.2282257510590679,0.3400944507462413,0.3104360917172815
193,6.105496785571551,S,other,0.05421800317749837,9.756016877931865e-09,0.6293053392287974,inf,1.532496391299154e-07,0.523276267668551,0.10280093370715977,inf,0.22813422504319583,0.33961264674239733,0.310102833398249
194,6.124401129560953,S,other,0.053820959435290694,9.939731770150113e-09,0.6300505216824747,inf,1.6480995067795073e-08,0.5234640541645277,0.10229621235086163,inf,0.22804921783622226,0.33913494894977264,0.30977506033072916
195,6.143203779618194,S,other,0.053429286620116305,2.711627558983532e-09,0.6307865206517884,inf,2.7650294899616095e-08,0.5236472715802175,0.10179688696518355,inf,0.22797057334120568,0.3386613473550842,0.3094526354334098
196,6.161905707403127,S,other,0.053042886367643885,2.469171741846368e-09,0.6315136411069088,inf,1.6125554356417295e-08,0.5238260513015497,0.10130283635802925,inf,0.22789814114021256,0.33819182929098585,0.3091354273754761
197,6.180507882198638,S,other,0.05266166231505794,1.9375673898251627e-09,0.6322318231594659,inf,1.143004100925079e-08,0.5240004969856816,0.1008139498998179,inf,0.2278317726943032,0.33772638214582584,0.3088233067779156
198,6.199011270457845,S,other,0.05228552006774334,1.7309857595375289e-09,0.632941279552574,inf,1.0571328158529695e-08,0.5241840103449517,0.10033071630272399,inf,0.2277555440937883,0.33729070132419814,0.3085176946008544
199,6.21741683531463,S,other,0.051914367164296496,9.262284309525195e-09,0.63364211335212,inf,9.891301664863213e-08,0.5243633238355677,0.09985244725515724,inf,0.22768514787534125,0.3368587723155765,0.3082169134957139
200,6.235725536047706,S,other,0.05154811304027917,9.165707673636052e-09,0.6343347086020389,inf,1.6615821604497024e-07,0.5245253149085713,0.09937845290866992,inf,0.22763613275890282,0.3364051853742683,0.3079192667951279
201,6.253938327499706,S,other,0.05118666900011283,2.2708158678636826e-09,0.6350190605403763,inf,3.2098712159434506e-08,0.5246965750628816,0.09890981253372746,inf,0.22757689059026934,0.3359809095599435,0.30762772697740526
202,6.272056159462934,S,other,0.05082994818518975,3.0735163829699423e-09,0.6356953830529767,inf,3.296388089599434e-08,0.5248639253602939,0.09844585251106547,inf,0.2275229973332061,0.3355603948939458,0.30734059465804614
203,6.290079976051077,S,other,0.050477865542348864,9.35035113968025e-09,0.6363639077086294,inf,1.3837617344817182e-07,0.5250274461708129,0.09798648739340872,inf,0.22747428808359593,0.33514365076530844,0.30705772495539896
204,6.308010715080741,S,other,0.0501303377934538,9.768950558758305e-09,0.6370245018812117,inf,1.1375332888157295e-07,0.5251873210018874,0.09753154187436378,inf,0.22743059970080426,0.3347306871972724,0.3067789746278726
205,6.3258493074876725,S,other,0.04978728340828034,8.119414161314782e-09,0.6376773671698018,inf,8.126968344776633e-08,0.5253434917230448,0.09708107195100905,inf,0.2273917732651124,0.33432151314430675,0.3065042044419819
206,6.3435966768003595,S,other,0.04944862257369947,8.78177178494081e-09,0.638322739136269,inf,5.9309227729380225e-08,0.5254960882894266,0.09663495228226501,inf,0.22735765627482216,0.33391613494718936,0.30623328128250615
207,6.361253738688714,S,other,0.04911427716012825,9.796416793793743e-09,0.6389610787299668,inf,3.8054068587177175e-08,0.5256582819615727,0.09619360498126486,inf,0.22731262832322063,0.333538937238093,0.3059676639043125
208,6.3788214005986825,S,other,0.04878417069084029,8.912019249121524e-09,0.6395920731818873,inf,3.2052505033299294e-08,0.5258040345706229,0.09575583447594167,inf,0.22728753808019717,0.3331410086281419,0.3057040708123454
209,6.396300561476004,S,other,0.04845822830869839,9.341966502457058e-09,0.6402159822911265,inf,8.07573353967826e-08,0.5259594092172045,0.09532275599071723,inf,0.22725133591528737,0.332770967239572,0.3054455656363755
210,6.413692111574756,S,other,0.04813637674132913,8.127338993208638e-09,0.640832972904669,inf,1.3137008622410209e-07,0.5260986052848865,0.09489305014878936,inf,0.22723476713398816,0.33238046269836025,0.30518887068215117
211,6.430996932339872,S,other,0.047818544266939274,6.10574168533203e-09,0.641443134699524,inf,1.001940485186056e-07,0.5262475208004633,0.09446787311341832,inf,0.22720691946709443,0.33201753601935113,0.304937078759824
212,6.448215896348104,S,other,0.04750466068001961,7.033875194507834e-09,0.6420466112175923,inf,1.1576325459462488e-07,0.5263932940724556,0.09404654512906939,inf,0.2271831047666237,0.3316580730141797,0.30468851277697634
213,6.46534986728936,S,other,0.04719465725555254,8.046689841002949e-09,0.6426435258330166,inf,1.325009290855929e-07,0.5265360005370099,0.09362899055788906,inf,0.22716322410601889,0.3313020551223326,0.3044430907846003
214,6.4823996999700295,S,other,0.04688846671546523,8.01911541968678e-09,0.6432339849325338,inf,1.3241245961184017e-07,0.5266757098829074,0.09321513911030815,inf,0.22714718157864436,0.3309494632200805,0.30420073348456134
215,6.499366240321715,S,other,0.046586023195148846,7.988750244089298e-09,0.6438181111401265,inf,1.325755374578974e-07,0.5268124924546487,0.09280492018375983,inf,0.227134882846647,0.33060027862807373,0.3039613628130428
216,6.516250325402225,S,other,0.046287262210935834,8.120932281025298e-09,0.644396017155027,inf,1.351400885479766e-07,0.5269464145927255,0.09239826688911938,inf,0.22712623404392548,0.33025448387630046,0.3037249008717807
217,6.533052783380203,S,other,0.04599212062867146,6.48743341720979e-09,0.6449678169237361,inf,1.0792285761787735e-07,0.5270775423147112,0.0919951127050491,inf,0.22712114112293338,0.3299120631600299,0.30349126929279135
218,6.549774433499714,S,other,0.04570053663398375,8.882137854019203e-09,0.6455336029764627,inf,1.450903708757888e-07,0.5272059398145251,0.09159539381324477,inf,0.22711950967134809,0.3295730024648351,0.30326038906039104
219,6.5664160860258,S,other,0.04541244970230526,8.081854992148755e-09,0.64609349902752,inf,1.3460165719450196e-07,0.5273442766757328,0.09119966922231437,inf,0.2271061026254781,0.3292600126758598,0.30303380269976826
220,6.582978542176026,S,other,0.04512780057153913,2.1525600813799856e-09,0.6466475755510116,inf,3.774940923092454e-08,0.5274673714117352,0.09080662805800249,inf,0.22711113682753506,0.3289275007898323,0.3028081901028064
221,6.599462594045739,S,other,0.04484653121492606,6.905307894662215e-09,0.647196008600666,inf,1.1920186762932299e-07,0.5276004593978696,0.09041746663448619,inf,0.227104257014282,0.3286207735673682,0.3025867196072917
222,6.615869024536233,S,other,0.04456858481276596,1.54531504603715e-09,0.6477388099504852,inf,2.64623279207849e-08,0.5277184896109578,0.09003086345705051,inf,0.22711558575958582,0.3282947687039057,0.30236606248197656
223,6.63219860729496,S,other,0.04429390572835058,6.329720347365321e-09,0.6482761487714408,inf,1.104445896400371e-07,0.5278465632987903,0.08964802761026748,inf,0.22711486991122296,0.3279942634328173,0.3021494031367887
224,6.648452106675705,S,other,0.04402243947991178,6.471518777323914e-09,0.6488080582441107,inf,1.1405198580821533e-07,0.5279722001451016,0.08926826758536374,inf,0.22711711907023305,0.32769678748773695,0.3019350436890408
225,6.664630277724409,S,other,0.043754132716169035,1.4914957216435618e-09,0.6493346451552328,inf,9.073343978633316e-09,0.5280830453901403,0.08889088975039658,inf,0.2271372558351432,0.327380388183038,0.3017212791730944
226,6.680733866193547,S,other,0.0434889331909025,6.710381856488102e-09,0.6498560523302519,inf,1.1857236923719832e-07,0.5282039993684982,0.0885171206686971,inf,0.2271451782091773,0.3270890562016675,0.30151132219523924
227,6.69676360858503,S,other,0.04322678973615692,7.337590824681552e-09,0.6503723107672087,inf,1.2984497240436478e-07,0.5283226785660353,0.08814626285744172,inf,0.22715583965386038,0.3268007071574661,0.3013034786508394
228,6.712720232218848,S,other,0.0429676522386151,9.243011513289379e-09,0.6508835164426732,inf,1.6460538348680375e-07,0.5284391307520174,0.08777826900399047,inf,0.22716917345767332,0.32651532215372486,0.3010976941969669
229,6.728604455322522,S,other,0.04271147161363241,7.552203259547077e-09,0.6513897776754779,inf,1.3389919498636552e-07,0.5285534083642819,0.08741308539049793,inf,0.22718511653657222,0.3262328809781994,0.30089391769850854
230,6.744416987135004,S,other,0.04245819978182551,7.555384008668198e-09,0.6518911547270971,inf,1.341552245792368e-07,0.5286778083278202,0.08705130996521614,inf,0.22718871094684043,0.3259746684191822,0.3006937524225909
231,6.760158528018157,S,other,0.04220778964419831,7.732261671954599e-09,0.6523877385267443,inf,1.3756460035329673e-07,0.5287878459286588,0.08669160595411927,inf,0.22720971456231492,0.32569792582358614,0.3004938506240762
232,6.775829769569217,S,other,0.04196019505927773,7.95792788103552e-09,0.6528796066769165,inf,1.4157270560257123e-07,0.5288958507865643,0.08633456870477918,inf,0.22723315297511532,0.3254240635325651,0.30029581613159617
233,6.79143139472875,S,other,0.04171537082013791,8.740185617650471e-10,0.6533668290826534,inf,1.2363624512521098e-08,0.5290140264920872,0.08598079775125883,inf,0.22724413021007486,0.32517399657813756,0.30010126360054384
234,6.80696407788013,S,other,0.041473272633638716,8.641375473148437e-09,0.6538495122669591,inf,1.5337697685423442e-07,0.5291180682490363,0.08562895974208427,inf,0.22727229269964333,0.3249057084852629,0.2999068327357959
235,6.822428484938483,S,other,0.04123385709681883,8.662971974618188e-09,0.6543276894699445,inf,1.537590007335931e-07,0.5292323070027806,0.085280301319512,inf,0.22728792117367091,0.324660933645547,0.2997158003734357
236,6.837825273428891,S,other,0.04099708167854527,1.6626775413289621e-09,0.6548014520369723,inf,2.9290764503579505e-08,0.5293325663532237,0.08493347475695777,inf,0.22732059096355647,0.3243981436067128,0.2995247969598888
237,6.853155092555365,S,other,0.04076290469942124,5.739637533708585e-10,0.6552708852485961,inf,7.464572047754325e-09,0.5294430390394477,0.08458975211243365,inf,0.2273406549476983,0.32415858947281334,0.299337109564876
238,6.868418583263352,S,other,0.04053128531163597,9.776857633919146e-09,0.6557360641941423,inf,1.7192147837303872e-07,0.5295516784529961,0.08424843440802143,inf,0.22736286556926866,0.32392156179052944,0.29915103120107417
239,6.883616378299339,S,other,0.04030218347981587,9.222418635788498e-09,0.6561970285294341,inf,1.6171239583834413e-07,0.5296465521450792,0.08390882084810038,inf,0.2274019107293189,0.3236668267529738,0.29896484655654193
240,6.8987491022713385,S,other,0.040075559964332916,6.078381487012131e-10,0.6566538454002318,inf,7.242789374390767e-09,0.5297516691466362,0.0835721878997947,inf,0.22742824693194857,0.3234349202550434,0.29878185964414783
241,6.913817371713728,S,other,0.0398513763030333,6.082021348769852e-10,0.6571066038058813,inf,7.5484740471455e-09,0.5298550697618338,0.0832378395302554,inf,0.22745658112383796,0.3232054911809897,0.2986003602838584
242,6.928821795159191,S,other,0.039629594792700326,9.470036552980182e-09,0.6575553622575009,inf,1.6346415553273988e-07,0.5299567888618103,0.08290574069360296,inf,0.22748686765405968,0.3229785225840491,0.29842031129752317
243,6.94376297321948,S,other,0.0394101784717388,9.355835805299056e-09,0.6580001794724087,inf,1.6036766121801536e-07,0.5300568670472301,0.08257584593878786,inf,0.22751906316274778,0.32275399689614653,0.2982416774517333
244,6.958641498675545,S,other,0.039193091104689985,9.234925026026155e-09,0.6584411170718593,inf,1.5700413771094918e-07,0.5301553371432234,0.0822481237867093,inf,0.22755312659252325,0.32253189589681275,0.2980644254698152
245,6.973457956576466,S,other,0.03897829716439328,9.58220990271777e-09,0.6588782446233328,inf,1.6159643049458985e-07,0.5302640210345282,0.08192320533390976,inf,0.22757436640207082,0.32233172527790105,0.2978902106137621
246,6.988212924345592,S,other,0.03876576181584322,9.907665619456225e-09,0.6593116054716691,inf,1.6551146960982774e-07,0.5303593507242126,0.08159972014900935,inf,0.22761206444315976,0.32211430254015083,0.29771563197461204
247,7.002906971891668,S,other,0.038555450900164795,8.398942194672281e-09,0.6597412756974897,inf,1.3920515264571368e-07,0.5304531785577645,0.08127829845246026,inf,0.2276515192850443,0.32189924712970014,0.2975423457369166
248,7.0175406617222755,S,other,0.03834733091925253,8.806731444197403e-09,0.6601673026875065,inf,1.4489408133440652e-07,0.5305455365381364,0.08095890749835087,inf,0.22769269729630448,0.32168653929980956,0.29737032475350195
249,7.032114549056956,S,other,0.03814136901994695,8.245705337522587e-09,0.6605897520186246,inf,1.3497395746141908e-07,0.5306481209157088,0.08064218879759187,inf,0.2277209629280238,0.3214952349092812,0.29720123784924046
250,7.046629181937633,S,other,0.03793753297963777,6.954646502731112e-09,0.6610086740199205,inf,1.1349579550965666e-07,0.530737603164949,0.08032676277528547,inf,0.22776550283384203,0.32128705082705394,0.29703167136834774
251,7.061085101334523,S,other,0.03773579119177585,7.84924616078239e-09,0.6614241098797382,inf,1.275476484931667e-07,0.5308373179850343,0.08001394485114262,inf,0.22779708969411944,0.32110001255913384,0.296864992191448
252,7.075482841246415,S,other,0.03753611265141853,9.679662920541229e-10,0.661836150969645,inf,1.670610465303968e-08,0.5309356305777007,0.07970302933503381,inf,0.22783029541643576,0.32091502708695535,0.29669948036232774
253,7.089822928794954,S,other,0.037338466942738464,5.177022887773797e-09,0.6622447872770855,inf,8.471255354932055e-08,0.5310210184645868,0.0793933101223388,inf,0.2278796512038582,0.3207134339506473,0.29653340842205345
254,7.104105884313304,S,other,0.03714282422441707,4.4945242274848415e-09,0.6626501177934885,inf,7.390366859457819e-08,0.5311166422413729,0.07908610913295817,inf,0.2279159940221741,0.3205326091766921,0.2963701559553045
255,7.118332221430158,S,other,0.03694915521813721,8.182069305125248e-09,0.6630521601264282,inf,1.3684492939015763e-07,0.5312109486820724,0.07878072175020816,inf,0.2279538656618446,0.32035378699442346,0.29620799803511544
256,7.132502447150458,S,other,0.0367574311950718,3.4951129701467527e-09,0.6634510303094603,inf,6.009694754469038e-08,0.5312925104885339,0.0784764337570546,inf,0.22800777120167942,0.3201586294254203,0.2960452025034373
257,7.146617061934412,S,other,0.03656762396512766,6.966917193948789e-09,0.6638466721981442,inf,1.2050636057426877e-07,0.5313842913394997,0.07817459042463158,inf,0.22804860666386684,0.31998386932917344,0.2958851620570332
258,7.160676559776379,S,other,0.036379705863439714,3.5005345951012908e-09,0.6642392528099751,inf,6.334055849749327e-08,0.5314748594559101,0.07787445900520502,inf,0.22809088742427114,0.3198110639600881,0.29572614769677413
259,7.174681428284934,S,other,0.03619364974050923,6.335213623256996e-09,0.6646286780941568,inf,1.1054148574094543e-07,0.5315642171867763,0.07757602928164768,inf,0.22813458750915105,0.319640197533695,0.2955681380825267
260,7.188632148765164,S,other,0.03600942894944718,4.616048916234383e-09,0.665015191285389,inf,8.789245426538034e-08,0.5316523773065581,0.07727928705302436,inf,0.22817968206178138,0.3194712541598446,0.29541111274600973
261,7.202529196303663,S,other,0.03582701733595937,4.150650290590981e-09,0.6653987288706932,inf,8.08892986220915e-08,0.5317394272501929,0.07698415749601667,inf,0.22822614736271266,0.31930421781065665,0.29525505211214836
262,7.216373039856378,S,other,0.035646389226773524,2.938694564275958e-09,0.6657791789452652,inf,5.8097653802362356e-08,0.5318365843580988,0.07669138044591745,inf,0.22825947114681894,0.31915677231337186,0.2951016571729744
263,7.230164142338886,S,other,0.035467519419683464,6.782147797936779e-09,0.6661567290291447,inf,1.2921730721411806e-07,0.5319213378667695,0.07639949667988068,inf,0.22830861737396171,0.3189933990319067,0.29494747245950037
264,7.243902960718449,S,other,0.03529038317217589,2.3411508739664202e-09,0.6665315177572445,inf,4.687597853020956e-08,0.5320050259002383,0.07610916210881365,inf,0.22835906923603644,0.31883188438926935,0.29479419868230394
265,7.257589946106873,S,other,0.03511495619257672,4.194284552918454e-09,0.6669034522898206,inf,8.225818898415445e-08,0.5320876487469244,0.07582038341765733,inf,0.22841080696813856,0.3186722120892334,0.2946418192907983
266,7.2712255438531646,S,other,0.034941214628889036,4.43430308162511e-09,0.6672726139114542,inf,8.470712699842259e-08,0.5321804165904128,0.07553381763773873,inf,0.22844934346421433,0.3185316639072847,0.2944920449022527
267,7.284810193634997,S,other,0.0347691350598455,4.731857039226919e-09,0.6676390415781417,inf,8.776129913542062e-08,0.5322609721565829,0.07524805107224217,inf,0.2285036012301115,0.31837552692771875,0.29434140833073474
268,7.298344329548138,S,other,0.034598694485335105,7.60420271054326e-09,0.6680027652357547,inf,1.3377663753286073e-07,0.53235165688121,0.0749644601405181,inf,0.2285446292807217,0.3182382864137834,0.29419334910237416
269,7.3118283801932415,S,other,0.03442987031694731,8.258751962365342e-09,0.6683638378297092,inf,1.4501354908374348e-07,0.5324302318593533,0.07468161654609519,inf,0.22860133390957957,0.31808562302179766,0.2940443939139589
270,7.325262768759691,S,other,0.034262640369230456,1.6529533996487899e-09,0.6687223216698435,inf,2.966330956145774e-08,0.5325189357755422,0.0744008873184102,inf,0.22864478079767703,0.31795163090918455,0.2938979894022795
271,7.338647913106441,S,other,0.03409698285190435,7.537444350093347e-09,0.6690781604726308,inf,1.2974858278491618e-07,0.5325956131361251,0.07412088239293635,inf,0.22870386255263103,0.3178023815408927,0.2937506560408565
272,7.351984225840101,S,other,0.03393287635910384,1.0245043590227669e-09,0.6694315477267623,inf,8.213844463297753e-09,0.5326824113349243,0.07384294044276675,inf,0.2287496587543458,0.31767158079033925,0.2936058475016103
273,7.3652721143906685,S,other,0.0337702998641595,4.150155338638294e-09,0.6697823355442548,inf,7.030170626714703e-08,0.5327682578635076,0.0735663868873648,inf,0.22879660547697786,0.3175423082105419,0.293461816252398
274,7.37851198108547,S,other,0.033609232708810485,7.489704766943639e-10,0.6701307156314258,inf,3.134066552990136e-09,0.5328422497965154,0.07329044532715172,inf,0.22885913051832563,0.3173980235384003,0.2933168087284926
275,7.391704223221888,S,other,0.03344965459743739,1.7736023190022787e-09,0.6704766414678115,inf,1.6213533615774075e-08,0.5329263194762053,0.07301654236418388,inf,0.22890832847551335,0.3172718605230135,0.2931742891105604
276,7.404849233139431,S,other,0.03329154558830049,4.886234767167465e-09,0.6708200971378641,inf,8.15921091697114e-08,0.5330095099944875,0.07274394611586749,inf,0.22895862970988573,0.31714718597972286,0.2930325060842576
277,7.417947398291589,S,other,0.033134886085977075,9.73360332096286e-10,0.6711613025586052,inf,3.1036620308462266e-09,0.5330918539496001,0.07247261192692399,inf,0.22901001952041306,0.3170239869556322,0.29289144687751734
278,7.430999101317773,S,other,0.032979656835533395,5.906477451556556e-09,0.6715000124200365,inf,9.918420177470589e-08,0.5331733494751711,0.07220255857973813,inf,0.22906248382423558,0.31690225053466714,0.29275109915714825
279,7.444004720115444,S,other,0.032825838912915045,2.826394215466182e-09,0.6718365802883163,inf,2.7393030677544267e-08,0.5332540333353386,0.07193372877489923,inf,0.2291160091566743,0.31678196382908197,0.2926114510298228
280,7.456964627912424,S,other,0.032673413721005476,7.099589569990912e-09,0.6721707074044414,inf,1.1648154919472965e-07,0.5333339134884258,0.07166613185238371,inf,0.22917058265437865,0.31666311398388275,0.2924724910268316
281,7.469879193339142,S,other,0.03252236297957465,5.842428645204627e-09,0.6725027382542625,inf,9.596085860090582e-08,0.5334130118241811,0.07139973062003399,inf,0.22922619202414996,0.31654568819236406,0.2923342080750465
282,7.482748780500559,S,other,0.03237266872143966,6.274830446906243e-09,0.6728324708238468,inf,1.0396058824304957e-07,0.5334913427704359,0.07113451732780766,inf,0.22928282550151904,0.31642967371966213,0.2921965914580044
283,7.495573749047377,S,other,0.03222431328404514,4.7387126073093075e-09,0.6731601343855759,inf,5.833887350571474e-08,0.533568930115083,0.07087046153206733,inf,0.22934047180403602,0.316315057930631,0.2920596307718691
284,7.508354454246183,S,other,0.03207727930441167,4.628371090789418e-09,0.6734855860173979,inf,5.279863611937889e-08,0.533656471117842,0.07060827823138266,inf,0.2293846715337102,0.3162174423645833,0.2919250704659745
285,7.521091247048163,S,other,0.031931549712055377,6.326211145390709e-09,0.673808834413156,inf,9.295787707004002e-08,0.5337325850443465,0.07034650834238992,inf,0.22944430889112194,0.31610549709359653,0.2917893929367965
286,7.533784474156184,S,other,0.03178710772294797,6.558006488306867e-09,0.674130037612536,inf,9.6292911885056e-08,0.5338080019928105,0.0700858483367556,inf,0.22950492729005872,0.31599491378708466,0.29165434158147974
287,7.5464344780900285,S,other,0.031643936834148685,4.8132627929914145e-09,0.6744493192982556,inf,4.9437604058047745e-08,0.5338933461692539,0.06982700339602554,inf,0.22955205958416278,0.3159010322996074,0.29152166562899073
288,7.559041597249775,S,other,0.03150202081823211,5.036189772292708e-09,0.6747664466464306,inf,5.379082057343526e-08,0.5339673896180474,0.0695685175515245,inf,0.22961460750884288,0.31579304859056045,0.29138783963705556
289,7.57160616597739,S,other,0.03136134371723648,9.520341746828594e-09,0.6750813334509101,inf,1.6922701759178708e-07,0.5340407527784589,0.06931113158357334,inf,0.22967810774238936,0.3156863917180051,0.2912546116938308
290,7.584128514616667,S,other,0.03122188983561748,4.6994079574770326e-09,0.6753947636627745,inf,4.611408514462407e-08,0.5341240822939008,0.0690554323198807,inf,0.22972808193402333,0.31559614274364156,0.2911237356727194
291,7.5966089695717445,S,other,0.031083643739483736,5.990317642598534e-09,0.675705896305149,inf,7.571253231121496e-08,0.534196200799361,0.06880008116090608,inf,0.229793455967888,0.3154920177307433,0.2909916783358648
292,7.609047853364448,S,other,0.030946590246174036,4.019956064245241e-09,0.6760152668804869,inf,3.3013259219900115e-08,0.5342781935877258,0.06854646854951582,inf,0.22984527690237486,0.3154041088744934,0.29086195807477117
293,7.621445484690716,S,other,0.030810714422739856,4.7988228424202656e-09,0.6763225964980916,inf,4.983738184968645e-08,0.5343595447136085,0.0682938621273576,inf,0.2298980054148613,0.31531731350707565,0.29073280352179487
294,7.633802178476311,S,other,0.03067600157902587,2.851476857211717e-09,0.6766282103804335,inf,1.5365674967238578e-08,0.5344298504575576,0.06804149125512977,inf,0.2299661243312999,0.3152168616906837,0.2906024384227146
295,7.646118245932028,S,other,0.030542437264200348,4.819504184708909e-09,0.6769317484361332,inf,5.26538172034366e-08,0.5345099943320513,0.0677908332685867,inf,0.23002064923741478,0.3151323443198462,0.2904743896375258
296,7.658393994608458,S,other,0.030410007260633032,1.2617777594029252e-09,0.6772337687474398,inf,2.8118260452794322e-09,0.5345895419867625,0.06754111955327236,inf,0.23007605769942327,0.31504891022121295,0.29034688260946545
297,7.670629728450383,S,other,0.030278697580840463,3.848663502318079e-09,0.6775336975412786,inf,3.4673439836274815e-08,0.5346581572227166,0.06729160983275667,inf,0.23014685396533857,0.3149520372728108,0.2902181379368748
298,7.682825747850764,S,other,0.03014849446139666,3.826231059788193e-09,0.677831951284927,inf,3.5991843198473844e-08,0.5347365780816387,0.06704376148581345,inf,0.23020401531923335,0.3148708204943112,0.2900916909142099
299,7.694982349704232,S,other,0.03001938435970545,5.678753386306224e-09,0.6781283038512061,inf,8.486414757793838e-08,0.534814449347574,0.06679682018437438,inf,0.23026203957904268,0.31479065743184087,0.2899657637881314
300,7.707099827459986,S,other,0.02989135394851285,3.1918474446217137e-09,0.6784232668101575,inf,2.7099678662141452e-08,0.5348917757004282,0.06655076927533453,inf,0.23032092042464608,0.3147115384974571,0.28984034968021477
301,7.719178471173937,S,other,0.029764390113206786,2.138735520672474e-09,0.6787164127928808,inf,1.103229033796407e-08,0.5349685755147767,0.06630559902997128,inf,0.23038065184593354,0.31463345420170447,0.28971544188585413
302,7.731218567559984,S,other,0.029638479946258147,1.9585713797731004e-09,0.6790078164717142,inf,9.806510443663912e-09,0.5350448619019557,0.0660612947383131,inf,0.23044122812345388,0.3145563951638268,0.2895910338555989
303,7.74322040004031,S,other,0.029513610743811897,2.5902821819969625e-09,0.6792974804152835,inf,2.266496875113574e-08,0.535120646475996,0.06581784428240098,inf,0.23050264381149044,0.3144803521202864,0.28946711917874
304,7.755184248794606,S,other,0.029389770001603234,2.3494397454288118e-09,0.6795855873084267,inf,2.1054522080894464e-08,0.5351959431043481,0.0655752290776933,inf,0.23056489372480654,0.31440531593066795,0.2893436915703432
305,7.767110390808192,S,other,0.029266945411229595,2.6751901005366675e-09,0.6798720041491779,inf,3.25634167392505e-08,0.535270766114447,0.06533343746196567,inf,0.2306279729297706,0.3143312775803994,0.2892207448624028
306,7.778999099919032,S,other,0.029145124856196462,2.054111810504163e-09,0.680156937742355,inf,2.2674043745201504e-08,0.5353451209726978,0.06509245844478614,inf,0.23069187673998912,0.31425822818013655,0.2890982729992383
307,7.790850646863694,S,other,0.029024296408434097,1.8097879383058445e-09,0.6804402700891368,inf,2.124395765221854e-08,0.5354190290839497,0.06485227378787124,inf,0.23075660071604043,0.31418615896216706,0.2889762700367453
308,7.802665299322312,S,other,0.028904448324542344,1.3831575386557265e-09,0.6807219702976569,inf,2.669053950308203e-08,0.5354924982647303,0.06461287524234752,inf,0.23082214066848689,0.31411506127442396,0.28885473014470214
309,7.814443321962656,S,other,0.028785569042364904,1.9357130006422522e-09,0.6810020879040286,inf,3.997579942704178e-08,0.5355755992364233,0.06437500459091289,inf,0.23087386447974567,0.31405849574418593,0.28873543383826755
310,7.826184976483404,S,other,0.02866764717760572,6.144516843410979e-09,0.6812824227989223,inf,1.3736230667588854e-07,0.5356481593132019,0.06413713519302024,inf,0.23094101238125142,0.3139892388371951,0.28861480425189934
311,7.837890521656719,S,other,0.02855067152026263,7.870395858796363e-09,0.6815599900972377,inf,1.912036177682051e-07,0.5357203470260142,0.06390001276441583,inf,0.23100896479258112,0.313920928398338,0.28849462097174916
312,7.849560213370222,S,other,0.02843463103131694,7.1225198496006805e-09,0.681835501494599,inf,1.7717069514816067e-07,0.5357921528953377,0.06366363356757586,inf,0.23107771857229686,0.3138535561603317,0.2883748786685016
313,7.861194304668405,S,other,0.02831951483981139,1.6726573573916701e-09,0.6821087063640399,inf,3.277080172105917e-08,0.535873576824388,0.06342872253668204,inf,0.23113259079289097,0.3138003829182444,0.28825736286016884
314,7.872793045793551,S,other,0.028205312240100176,1.7164372063314582e-09,0.6823815227297925,inf,2.776691401150635e-08,0.535944616636056,0.0631937608617764,inf,0.23120292470861445,0.3137347869471963,0.2881384882209914
315,7.88435668422615,S,other,0.02809201268780064,6.395518098212304e-09,0.682653403718309,inf,1.7387545949807296e-07,0.536025182223216,0.06296026712703318,inf,0.2312593434491959,0.3136832282010486,0.28802183220019256
316,7.895885464724828,S,other,0.027979605796475945,1.0778705546918372e-09,0.6829229844320394,inf,8.604235988549433e-09,0.5360955102511883,0.06272669392785568,inf,0.23133124631398616,0.31361937744958174,0.2879038054655401
317,7.907379629365744,S,other,0.027868081336931444,2.3575287722986207e-09,0.6831917209239495,inf,2.6854123635472456e-08,0.5361753412156514,0.062494566312621125,inf,0.23138919965026022,0.3135694035168698,0.28778798995516175
318,7.918839417581405,S,other,0.027757429231852475,7.987351689596904e-09,0.6834592451976403,inf,8.045302935421756e-08,0.5362449502787282,0.0622623334565601,inf,0.2314626622988801,0.3135072675562318,0.2876707923186236
319,7.9302650661989,S,other,0.027647639554209957,7.2385657307186474e-09,0.6837253555174865,inf,1.2794043521969397e-07,0.5363240983543959,0.062031488149897174,inf,0.23152214021873213,0.3134588493830648,0.28755579893524374
320,7.941656809477462,S,other,0.027538702524088257,6.071813408247393e-09,0.6839897519682856,inf,1.5917672555147955e-07,0.5363930082623299,0.061800610391012,inf,0.23159715539823994,0.3133983984497116,0.28743941242028703
321,7.9530148791453605,S,other,0.027430608506106718,1.8218965539441399e-09,0.6842531633393278,inf,1.3983656494694127e-08,0.5364715334861304,0.0615709965853283,inf,0.23165814968725537,0.31335150766206665,0.28732522354721846
322,7.96433950443609,S,other,0.027323348007522744,1.1263282945294196e-09,0.6845152494811655,inf,1.2695877208843291e-08,0.5365496624979351,0.061342065459387335,inf,0.23171989111066074,0.3133053359229131,0.28721143100654384
323,7.975630912123861,S,other,0.02721691167460341,7.509928595851199e-09,0.6847763519432374,inf,1.929617987446869e-07,0.5366176808259581,0.06111302538065921,inf,0.23179721610704612,0.3132473216445315,0.2870962295694902
324,7.986889326558388,S,other,0.02711129028913945,1.5697919573690926e-09,0.6850356999032075,inf,1.5767748289405643e-08,0.5366952725496049,0.060885226443768675,inf,0.23186046429274793,0.31320263632516043,0.28698321633325913
325,7.998114969699028,S,other,0.02700647476965601,5.690022705610864e-09,0.6852941461387704,inf,6.898806753332388e-08,0.5367724959929873,0.06065808195774571,inf,0.23192445503514905,0.3131586503463505,0.28687058716242236
326,8.009308061148271,S,other,0.026902456164763184,2.2004011521001346e-09,0.685551215897381,inf,2.6071626918359e-08,0.5368494417107323,0.060431501952173325,inf,0.23198918705792446,0.31311535738987367,0.28675833811506485
327,8.02046881818465,S,other,0.026799225653501384,2.3609130611446453e-09,0.6858071639737032,inf,3.09626705861878e-08,0.5369261003822261,0.060205490331608456,inf,0.23205465928701288,0.3130727512159108,0.2866464653243692
328,8.031597455795094,S,other,0.026696774541844114,2.272801293068659e-09,0.686061893970014,inf,2.3245215997739494e-08,0.5369928830358824,0.05997923831213027,inf,0.2321358049654887,0.3130186130372838,0.2865331590302018
329,8.042694186706786,S,other,0.026595094260847614,2.3132691896067494e-09,0.6863154798042129,inf,2.2224458418724075e-08,0.5370690440407418,0.059754312830125285,inf,0.23220277559246447,0.3129774287398508,0.28642202652318194
330,8.053759221418535,S,other,0.026494176364445513,4.441691183747298e-09,0.6865679514265433,inf,8.418784184050216e-08,0.5371449420006197,0.059529933211084254,inf,0.2322704849529921,0.3129369127016706,0.2863112591367383
331,8.06479276823169,S,other,0.026394012526629377,2.636081815403662e-09,0.6868192006026324,inf,2.6084639566312857e-08,0.5372206297715387,0.059306042877979435,inf,0.2323389328183752,0.31289705896494774,0.28620085331429523
332,8.075795033280652,S,other,0.02629459454076945,5.3512204963894305e-09,0.6870695988125015,inf,9.192509305422937e-08,0.537296049260183,0.059082694044246896,inf,0.23240811917329315,0.31285786163668655,0.2860908055760891
333,8.086766220562916,S,other,0.026195914315537465,2.9242714627950906e-09,0.6873184813272422,inf,3.025611131335035e-08,0.5373712949970008,0.05885981166216298,inf,0.23247804421582563,0.31281931488806114,0.2859811125171208
334,8.097706531968708,S,other,0.026097963874961175,4.523198910376076e-09,0.6875665679385444,inf,7.32592473957379e-08,0.5374462941856919,0.05863744488305324,inf,0.232548708356797,0.3127814129544916,0.28587177080433684
335,8.108616167310181,S,other,0.026000735354648787,9.072778546257576e-09,0.6878135532954727,inf,9.583344425919775e-08,0.5375211275996206,0.05841552024554384,inf,0.23262011221866544,0.3127441501361987,0.285762777173253
336,8.119495324350144,S,other,0.025904221000585738,3.6587635990775218e-09,0.6880592930622039,inf,4.037015850585067e-08,0.5376051979811963,0.058194879254084654,inf,0.23267714475341636,0.3127192061675087,0.2856559418391307
337,8.130344198830343,S,other,0.025808413167823074,4.220709018214173e-09,0.6883041297712715,inf,5.371319121286991e-08,0.5376796140800204,0.05797390429480538,inf,0.23275000606386645,0.31268313988778307,0.2855476357571822
338,8.141162984499246,S,other,0.02571330431730806,3.738738207471264e-09,0.6885479371973794,inf,4.195491310981251e-08,0.5377538580364274,0.05775337649940401,inf,0.2328236096347946,0.31264769625091976,0.2854396683366708
339,8.151951873139371,S,other,0.025618887015039657,3.8566618737197324e-09,0.6887906583278103,inf,4.1259744318520835e-08,0.537827950333748,0.0575332748035051,inf,0.23289795691364248,0.3126128698233392,0.28533203655171996
340,8.162711054594082,S,other,0.025525153929769256,3.7060762395600457e-09,0.6890324247381409,inf,3.763059521576873e-08,0.5379018793921923,0.05731360787207885,inf,0.232973049556366,0.3125786552392594,0.2852247374287824
341,8.173440716793959,S,other,0.025432097831624242,6.929626552583703e-09,0.6892733787324751,inf,9.061466160706369e-08,0.5379850059743345,0.057095152419374885,inf,0.23303365022286274,0.31255641552942504,0.2851195858703305
342,8.18414104578264,S,other,0.02533971158966934,6.441257109633554e-09,0.6895132379562185,inf,1.248092904019691e-07,0.5380585929900471,0.056876346656213723,inf,0.23311021172113555,0.3125233450756867,0.2850129442671186
343,8.194812225742234,S,other,0.02524798817077279,4.022179345450739e-09,0.6897518864549063,inf,4.022231551644357e-08,0.538132143179513,0.056657855907941444,inf,0.2331875241762796,0.3124908709917237,0.28490662670263134
344,8.205454439018286,S,other,0.02515692063855795,4.727463196868417e-09,0.6899898801406475,inf,5.471665527885411e-08,0.5382148032572636,0.0564405975245781,inf,0.233250268223699,0.3124701709263306,0.28480245077975974
345,8.216067866144304,S,other,0.025066502150224445,4.6726134083751755e-09,0.6902268532206332,inf,5.258310787690672e-08,0.5382880598477975,0.05622291011048944,inf,0.23332906072339393,0.3124388112621552,0.2846967739226433
346,8.2266526858659,S,other,0.024976725956142625,4.687296427384504e-09,0.6904629419660607,inf,5.2867512135115675e-08,0.5383612149503564,0.056005591241068194,inf,0.23340861166427254,0.312408033057288,0.28459141291876505
347,8.237209075164547,S,other,0.024887585397989097,6.040287535634276e-09,0.690698180259779,inf,9.188928040012209e-08,0.5384434754146303,0.05578945845803769,inf,0.23347351404842098,0.3123888305127939,0.28448818805798565
348,8.247737209280945,S,other,0.0247990739067389,4.9516725737358105e-09,0.6909324107835094,inf,5.896824756821621e-08,0.5385164545692616,0.0555728232725197,inf,0.23355455998761993,0.3123591380876802,0.2843834518219737
349,8.25823726173807,S,other,0.024711185002176436,4.73046025254774e-09,0.6911658458959091,inf,5.171232313600266e-08,0.5385985272895123,0.05535734544413321,inf,0.2336209023951412,0.31234089214128447,0.2842808482355079
350,8.268709404363843,S,other,0.02462391229049438,4.90825736563472e-09,0.6913984277551061,inf,5.747006439168819e-08,0.5386713307811093,0.05514139464396176,inf,0.2337034550245117,0.312312267097804,0.2841767266196664
351,8.279153807313484,S,other,0.024537249463222645,5.354201398583971e-09,0.6916301845734786,inf,6.823922968607055e-08,0.5387532142692899,0.054926573698142585,inf,0.2337712473743687,0.3122949604003087,0.2840747343414137
352,8.289570639091515,S,other,0.024451190295742692,5.632422964881664e-09,0.6918610970929514,inf,7.510831488306716e-08,0.5388259023681313,0.05471124051350966,inf,0.23385532016021676,0.3122673847623384,0.28397121756627103
353,8.299960066573437,S,other,0.024365728645873577,4.774817181055326e-09,0.6920910979747781,inf,5.573490595973487e-08,0.5389076446021444,0.0544970248538336,inf,0.23392457405701148,0.31225100037411263,0.28386982698737095
354,8.310322255027073,S,other,0.024280858452785305,4.673137926482198e-09,0.6923203624053353,inf,5.6806441690818463e-08,0.5389893131995909,0.054283103554635434,inf,0.23399454714471735,0.3122350427708236,0.2837687341171813
355,8.320657368133556,S,other,0.02419657373522485,4.5473151009625194e-09,0.6925488339371083,inf,5.677509256759025e-08,0.539061872167808,0.05406863685120487,inf,0.2340809110635551,0.31220897797018216,0.28366610746064125
356,8.330965568008006,S,other,0.024112868590426426,3.4936554988267414e-09,0.6927764453167393,inf,3.3295516814274716e-08,0.539143468048909,0.053855245533836,inf,0.2341523656417976,0.31219391822863146,0.2835656024871339
357,8.341247015219842,S,other,0.024029737192931108,2.464933542083809e-09,0.6930032982929333,inf,1.664456516017384e-08,0.5392250162279978,0.053642120606219736,inf,0.2342245493043473,0.31217927357193204,0.2834653884890264
358,8.35150186881279,S,other,0.023947173793208335,3.687249906453221e-09,0.6932296032606444,inf,4.5877284422156747e-08,0.5392975228128041,0.05342843240650661,inf,0.23431324271226933,0.3121546821110939,0.2833636317598298
359,8.36173028632452,S,other,0.023865172716197043,3.2709477102263014e-09,0.693455023628491,inf,4.2009029952123956e-08,0.5393790310629252,0.05321579800927655,inf,0.23438693176754946,0.3121409117727955,0.2832639925117626
360,8.37193242380601,S,other,0.02378372836050889,1.8670312049409164e-09,0.693679612494202,inf,1.6352213448078032e-08,0.5394605331909276,0.05300338623460154,inf,0.23446136175803275,0.31212754526245545,0.28316463781621953
361,8.38210843584055,S,other,0.02370283519707591,1.5479255465234667e-09,0.6939036086844809,inf,1.633968246219845e-08,0.5395420218474657,0.05279120120430738,inf,0.23453653683335315,0.3121145789867438,0.2830655655968733
362,8.392258475562464,S,other,0.023622487767843325,1.1912111637941822e-09,0.6941269047236267,inf,1.735945938796813e-08,0.539623514836438,0.052579225150801455,inf,0.23461246136790104,0.3121020093980057,0.28296677380906404
363,8.402382694675524,S,other,0.023542680684888607,5.672391297965136e-09,0.6943500147780433,inf,1.3699612905686655e-07,0.5397049937716667,0.0523674679943455,inf,0.23468913996617727,0.3120898329932981,0.28286826043950886
364,8.412481243471088,S,other,0.023463408628814277,7.55387477081811e-09,0.694571927957449,inf,1.5606450562338014e-07,0.5397865174902431,0.05215588292458083,inf,0.23476657746845864,0.31207804631341923,0.28277002350603603
365,8.422554270845946,S,other,0.02338466634820554,6.0937305196696965e-09,0.694792208005799,inf,1.1055197973559112e-07,0.5398592746182171,0.05194359754028994,inf,0.23486083225365295,0.31205667577696067,0.28267022439047346
366,8.43260192431992,S,other,0.023306448658405456,4.285824935885366e-09,0.695012974971204,inf,8.0584845024016e-08,0.5399408882046864,0.05173236396173414,inf,0.2349398453290097,0.3120457123280388,0.282572533801019
367,8.442624350053164,S,other,0.023228750440383104,8.495176544886423e-09,0.6952327569489585,inf,1.558764713096134e-07,0.5400225612932443,0.051521283238777436,inf,0.23501963418899807,0.3120351282960328,0.28247511388534285
368,8.452621692863243,S,other,0.02315156663928558,8.593725892605238e-09,0.6954521791339913,inf,1.550962751881156e-07,0.5401042924857394,0.05131034550298365,inf,0.2351002047002818,0.3120249203892961,0.2823779627818552
369,8.462594096241942,S,other,0.023074892264147148,8.711755184213563e-09,0.6956709894791069,inf,1.5808470335378148e-07,0.5401860883688326,0.05109954987084346,inf,0.2351815629980002,0.31201508535628225,0.28228107865760155
370,8.472541702371824,S,other,0.022998722386186006,1.3777087402421062e-09,0.6958894935823452,inf,1.4475676725157285e-08,0.5402679700512182,0.050888864025283684,inf,0.2352637154929434,0.31200561998523313,0.282184459707451
371,8.48246465214255,S,other,0.022923052138912325,7.505508019089975e-10,0.6961070799091832,inf,3.4676693745159952e-09,0.5403586895266737,0.05067914548681031,inf,0.23533034823538054,0.3120061700762127,0.28208994503288465
372,8.492363085166936,S,other,0.022847876715718474,9.846928763679734e-10,0.6963240741390304,inf,8.703110876131064e-09,0.5404407405351471,0.05046869040097252,inf,0.23541406157460337,0.311997381651323,0.281993851821147
373,8.502237139796787,S,other,0.02277319136982393,9.248759855969247e-10,0.6965405104963921,inf,1.0067121504001833e-08,0.540522899784868,0.05025832877870641,inf,0.2354985890463244,0.3119889536664793,0.28189801852519925
374,8.512086953138471,S,other,0.02269899141315758,7.820489789838112e-10,0.6967564053142997,inf,1.033374508888714e-08,0.5406051783320226,0.050048048510468846,inf,0.2355839382163387,0.3119808830648877,0.2818024434423746
375,8.521912661068257,S,other,0.022625272215547887,6.004823618378785e-09,0.6969716982698277,inf,1.3376354693706024e-07,0.5406875813972338,0.04983784725470273,inf,0.23567011696738824,0.31197316682799314,0.2817071248935647
376,8.531714398247416,S,other,0.022552029203295104,4.849063554255304e-09,0.6971865965204936,inf,1.224498465084318e-07,0.5407701280946213,0.049627695091962465,inf,0.23575713350931396,0.3119658019750655,0.2816120612225497
377,8.541492298137104,S,other,0.022479257859151527,3.8715395955313606e-09,0.6974010551966944,inf,9.754878389469416e-08,0.5408614637087967,0.04941844122214314,inf,0.23582837737781093,0.3119681244898261,0.2815190956842546
378,8.551246493012972,S,other,0.022406953721050768,9.000505092528893e-09,0.6976143199160728,inf,1.961980142959613e-07,0.5409443181274267,0.04920836802714492,inf,0.23591704109193484,0.31196140176048953,0.281424537581877
379,8.560977113979604,S,other,0.022335112380112918,3.048432369409009e-09,0.6978283770812048,inf,7.344657968975402e-08,0.5410272594216913,0.04899839483999661,inf,0.23600656809507603,0.31195502186798146,0.28133022951961323
380,8.570684290984692,S,other,0.022263729482615045,7.709068772069695e-10,0.6980410078767627,inf,1.623168562074724e-08,0.5411105039222712,0.0487883063359674,inf,0.23609696798671095,0.3119489819769144,0.281236169927965
381,8.580368152833028,S,other,0.022192800726267517,9.688286335709097e-10,0.6982534624176372,inf,5.946398967845126e-09,0.5412024413543083,0.048579151731527964,inf,0.23617141241050235,0.3119524165102735,0.2811442047467906
382,8.59002882720026,S,other,0.022122321861073442,5.986627048684741e-09,0.6984657390368494,inf,8.964269011246402e-08,0.541285960067296,0.04836916506951317,inf,0.23626352913787452,0.31194699708337176,0.2810506381598736
383,8.599666440646473,S,other,0.02205228868717426,1.9104341022558105e-09,0.6986770157504277,inf,5.7330750850070684e-08,0.5413697690602456,0.048159075995723284,inf,0.23635654858596566,0.3119419095292082,0.2809573154578065
384,8.60928111862954,S,other,0.021982697056203086,5.686700029871716e-10,0.6988881720009255,inf,1.6438654870187885e-08,0.5414622880860821,0.04794984286777276,inf,0.23643346767171028,0.31194614000689797,0.2808660845409582
385,8.618872985518298,S,other,0.0219135428684996,2.615424846885944e-09,0.6990990033656713,inf,3.218602621045688e-08,0.5415464937660014,0.047739717330304535,inf,0.23652826327991908,0.3119416574584859,0.2807732458505655
386,8.628442164605538,S,other,0.021844822073181426,5.5033613008254e-09,0.6993094372105726,inf,6.629554338011493e-08,0.5416394415787115,0.04753038154240513,inf,0.23660685903477574,0.31194639125662216,0.2806824972351442
387,8.637988778120786,S,other,0.02177653066721933,2.5434455477948537e-09,0.6995193701073311,inf,3.297068751666121e-08,0.5417241419701816,0.04732011799793542,inf,0.23670347345800707,0.3119425038344617,0.28059013675575256
388,8.647512947242914,S,other,0.021708664695104667,1.880377770935151e-09,0.699728959887706,inf,1.8197798292450073e-08,0.5418091241988235,0.047109754712415415,inf,0.23680104814656086,0.311938935441305,0.2804980129117185
389,8.657014792112562,S,other,0.021641220247629916,1.2161513834007493e-09,0.6999382028927785,inf,2.261070896343448e-09,0.5419028141512054,0.04690016544076303,inf,0.23688226415913008,0.3119444299012136,0.2804079767931222
390,8.666494431844388,S,other,0.02157419346146023,2.03671642031162e-09,0.7001472226358315,inf,2.6396189953362973e-08,0.5419967554198141,0.046690474904685184,inf,0.2369643333590386,0.31195014321369846,0.2803181757408437
391,8.675951984539125,S,other,0.021507580518235557,7.861826306067276e-10,0.7003558229458193,inf,3.5420460806952404e-09,0.5420825906787745,0.04647976811118975,inf,0.23706472735151615,0.31194741737601983,0.2802267548683088
392,8.685387567295471,S,other,0.021441377644659823,9.215223722991439e-09,0.7005645283809069,inf,2.6271686260127005e-07,0.5421770189826397,0.04626990597943032,inf,0.2371486000460182,0.3119536073466934,0.28013741935970254
393,8.69480129622181,S,other,0.021375581109115038,1.01671415961061e-09,0.7007722381475983,inf,1.3498628259351587e-08,0.5422635791624314,0.046058808594409396,inf,0.23725096250938724,0.311951448439308,0.28004646015771134
394,8.70419328644774,S,other,0.021310187226211745,5.468657733034496e-09,0.7009801806984889,inf,1.5695674734817252e-07,0.5423587026600158,0.04584855390700045,inf,0.2373366881663268,0.3119581066367729,0.2799575848765342
395,8.713563652135456,S,other,0.021245192350365767,2.1056430868663864e-09,0.7011875927167973,inf,6.247571952236578e-08,0.542445885074086,0.045637169792208776,inf,0.23744107726459351,0.3119565057245339,0.2798670820945279
396,8.722912506490951,S,other,0.02118059287966675,7.601643834495127e-09,0.7013951205500033,inf,2.250681028502887e-07,0.5425415680960771,0.045426677418962454,inf,0.23752870947906346,0.3119636239367529,0.2797786618483099
397,8.732239961775065,S,other,0.021116385250977053,2.437894727508761e-09,0.7016019467298401,inf,7.237514208337405e-08,0.5426379093979383,0.045215619460377096,inf,0.2376172789590759,0.31197094703280204,0.27969046746833126
398,8.741546129314358,S,other,0.02105256594455214,4.3380692658142195e-09,0.7018086104896811,inf,1.4393996477028107e-07,0.5427263098130494,0.04500348033283189,inf,0.23772478502395972,0.3119701425353362,0.2796006400720375
399,8.750831119511833,S,other,0.020989131478569893,1.8955672835964214e-09,0.7020154043056304,inf,5.48062835696942e-08,0.5428232182495262,0.04479217865578322,inf,0.23781534817829977,0.3119779138720801,0.27951289315917505
400,8.760095041857525,S,other,0.020926078411397358,3.8107556476151515e-09,0.7022218655629695,inf,1.0951232972526729e-07,0.5429206042382607,0.04458052129084289,inf,0.23790689211117866,0.311985884537777,0.27942536839224874
401,8.769338004938895,S,other,0.020863403339529334,2.072319316733403e-09,0.7024282634441112,inf,3.0182102422493686e-08,0.5430183709814294,0.04436862481943221,inf,0.23799943191880826,0.3119940527766703,0.2793380645588833
402,8.778560116451125,S,other,0.020801102898264808,3.0272682140967213e-09,0.7026344738527556,inf,5.3822223742145015e-08,0.5431083878145415,0.044155497412333884,inf,0.23811130441048659,0.3119942656157299,0.2792491206140375
403,8.787761483207236,S,other,0.02073917375992833,2.3903851029007737e-09,0.7028405470055561,inf,2.7968985522065077e-08,0.5432070743379671,0.043942954050707195,inf,0.23820597043861264,0.31200286719438003,0.2791622545500744
404,8.79694221114807,S,other,0.020677612634197384,3.7156459134476978e-09,0.7030464971840718,inf,6.222992171152434e-08,0.5433062426851221,0.04373005479201971,inf,0.23830168363141083,0.3120116610795337,0.27907560586327423
405,8.806102405352142,S,other,0.020616416266898415,4.209780068354568e-09,0.7032524059092427,inf,7.892815232709814e-08,0.5434058970835465,0.04351679677953899,inf,0.23839846184220387,0.3120206456076381,0.2789891733940056
406,8.815242170045346,S,other,0.020555581439753185,2.172753832885564e-09,0.7034582385668386,inf,3.265303163692871e-08,0.5435060334301421,0.04330318687799395,inf,0.2384963236842279,0.31202981913726613,0.2789029559951759
407,8.824361608610522,S2,other,0.020409832254260525,5.586665930786512e-09,0.7409768752708732,inf,0.04309701601986434,0.5841132299024412,1.0804835881413935e-08,inf,0.23859528857032972,0.3120391800487716,0.27881695253195643
408,8.833460823596894,S2,other,0.02034637173063534,9.895866456946975e-09,0.7409673973794898,inf,0.042884768385466426,0.5840153849391054,5.3507867987400394e-09,inf,0.23869537675551333,0.31204872674404915,0.2787311618815059
409,8.84253991672939,S2,other,0.020283302807702023,9.196473947240707e-09,0.7409599061775692,inf,0.042648872899774856,0.5839087342608794,1.5651941564201862e-07,inf,0.23881559636391442,0.3120506115558226,0.2786437193431992
410,8.85159898891779,S2,other,0.020220622057758625,8.976621184942489e-09,0.7409478528017404,inf,0.04243471552622977,0.5838112609301166,4.021030275768362e-08,inf,0.23891809934736044,0.31206056751544037,0.27855835048544164
411,8.860638140265802,S2,other,0.020158326094640286,9.70963665627922e-09,0.7409392196531006,inf,0.042219704430135806,0.583714042728113,8.007713397477792e-09,inf,0.2390217947406338,0.3120707044575996,0.2784731911416744
412,8.869657470079963,S2,other,0.02009641156809909,8.711019119763592e-09,0.7409299946430469,inf,0.042003732576564125,0.5836170117801237,1.2675342746816927e-08,inf,0.2391267067772609,0.31208102086836803,0.27838824023439657
413,8.878657076878444,S2,other,0.020034875167089912,9.899525372828297e-09,0.7409196153221053,inf,0.04178676194179205,0.583520160743739,1.5798495904248154e-07,inf,0.23923286080547063,0.3120915152540216,0.27830349669685084
414,8.887637058399722,S2,other,0.01997371361483421,6.579755589437504e-09,0.7409117191774635,inf,0.04156883025385279,0.5834235462012939,5.0409354697506584e-08,inf,0.23934028335480345,0.3121021861407502,0.2782189594728195
415,8.896597511611136,S2,other,0.019912923675524965,3.875945028280918e-09,0.7409030847478489,inf,0.041349843335680266,0.5833271143103699,3.2143982384963545e-08,inf,0.23944900220809004,0.3121130320743662,0.27813462751643747
416,8.905538532717317,S2,other,0.01985250214701778,2.836961035185273e-09,0.7408943194089973,inf,0.04112978186931674,0.5832308772891044,4.5244381537183845e-08,inf,0.23955904647932935,0.31212405162003154,0.2780504997920168
417,8.914460217168514,S2,other,0.019792445863046463,3.1276815876803994e-09,0.740885686293303,inf,0.04093233397181208,0.5831437074021766,1.8494518423642678e-08,inf,0.23965054296969612,0.31214275390546686,0.2779684429359463
418,8.923362659668799,S2,other,0.019732751693089086,5.935065730002485e-09,0.7408772375416585,inf,0.04071015674017539,0.583047843574642,1.4169918532853058e-07,inf,0.2397632010416041,0.3121540750905847,0.27788472111481316
419,8.93224595418415,S2,other,0.019673416540753934,8.305354611447723e-09,0.7408685706334162,inf,0.04048680069024282,0.582952181266387,7.509453653652612e-08,inf,0.23987727674268453,0.31216556582479893,0.2778012004774103
420,8.941110193950454,S2,other,0.0196144373446214,8.818431869191943e-09,0.740860323426907,inf,0.04026223154175118,0.5828567083159685,1.1302649306922574e-07,inf,0.23999280523621613,0.31217722474711795,0.27771788002714015
421,8.94995547148136,S2,other,0.019555811076420616,2.0315644673531066e-09,0.7408518244337561,inf,0.04003641120672683,0.5827614453598143,2.26005171635627e-08,inf,0.2401098235043235,0.31218905051454066,0.27763475877678906
422,8.958781878576065,S2,other,0.019497534741934157,6.565769927827916e-09,0.7408436880650588,inf,0.03980928701565852,0.5826663641718234,1.613493761168087e-07,inf,0.24022837047535828,0.31220104180171393,0.2775518357483678
423,8.96758950632698,S2,other,0.01943960537870898,5.508409558197737e-09,0.7408353305405626,inf,0.03958082499360173,0.5825714966637924,3.5897311023872615e-08,inf,0.24034848716313287,0.312213197300753,0.27746910997294816
424,8.976378445127278,S2,other,0.01938202005798726,1.1821722865960804e-09,0.7408273058464043,inf,0.039375664881510494,0.5824855400245676,1.1867012597446009e-08,inf,0.24044932853993053,0.3122327437961197,0.2773884515421706
425,8.985148784678362,S2,other,0.01932477588228596,3.1281349783618167e-09,0.7408193272658483,inf,0.03914452924169976,0.58239103650499,1.3735688023510726e-08,inf,0.240572554714774,0.3122451833864815,0.27730611790391474
426,8.993900613997232,S2,other,0.019267869986019946,9.004733598529102e-09,0.7408114325866542,inf,0.03891191107617198,0.5822967347144349,1.4909513167506022e-07,inf,0.24069748210067704,0.3122577834914405,0.2772239786638883
427,9.002634021423736,S2,other,0.019211299533961695,2.7026688422487136e-09,0.7408036161855809,inf,0.038677736110220094,0.582202619262561,1.2767187377976996e-08,inf,0.24082416141589702,0.3122705428699081,0.27714203288773487
428,9.011349094627745,S2,other,0.019155061722827164,1.1255873529281828e-09,0.7407959109949149,inf,0.0384673266213431,0.5821173445038563,1.0794651851900015e-08,inf,0.24093109462603496,0.3122905315256507,0.27706215256583416
429,9.020045920616216,S2,other,0.01909915377912519,9.444046222053257e-09,0.7407884755174852,inf,0.03823007929570953,0.5820235988168777,1.6250727730697357e-07,inf,0.24106125615090965,0.3123035658016833,0.2769805914473266
430,9.02872458574017,S2,other,0.01904357295850405,7.161066240533344e-09,0.7407808574689593,inf,0.037991098013330504,0.5819300510051488,1.1895754256088279e-07,inf,0.2411933336404904,0.3123167558468882,0.276899221037691
431,9.037385175701576,S2,other,0.0189883165471322,1.2519989460196965e-09,0.740773223448971,inf,0.037776256863623486,0.581845288567394,2.8717077944539748e-09,inf,0.24130528211615837,0.31233705640108145,0.27681991470973705
432,9.046027775560146,S2,other,0.01893338186025516,4.921858070849661e-10,0.7407658572565082,inf,0.03753383018371163,0.5817521127449746,1.6009700681252938e-09,inf,0.2414411794602456,0.31235051483219267,0.27673892351694535
433,9.054652469740027,S2,other,0.01887876624146744,4.036334889900714e-09,0.740758623711702,inf,0.03728946385238831,0.5816591264840977,6.142109061488243e-08,inf,0.2415791884527492,0.3123641256655536,0.2766581203481368
434,9.063259342036417,S2,other,0.01882446706267303,2.748913365714634e-09,0.7407514880700279,inf,0.037069642049164776,0.5815748627824399,4.3609954768132116e-08,inf,0.24169665367991633,0.31238472941861956,0.2765793799533514
435,9.071848475622103,S2,other,0.01877048172400421,3.3912042123995084e-10,0.740744216679405,inf,0.036821383778901456,0.5814822523877823,7.501997860077853e-10,inf,0.24183888783658444,0.3123986023904631,0.2764989506971537
436,9.080419953053886,S2,other,0.018716807653220324,2.078091448506851e-10,0.7407371747775113,inf,0.036597953688016285,0.5813983149623769,5.500358368745458e-10,inf,0.24196028804138178,0.3124193919941429,0.2764205833314354
437,9.088973856278947,S2,other,0.01866344230521289,3.2246950268888946e-10,0.7407302112579383,inf,0.03634546574434179,0.5813060692166441,1.066219273448046e-09,inf,0.24210705813811045,0.312433523157065,0.27634052452399377
438,9.097510266641118,S2,other,0.018610383161822907,2.8715555093274483e-10,0.7407233277970531,inf,0.03609058620339212,0.5812140173662244,6.390414554896556e-10,inf,0.2422563584511868,0.31244780143978684,0.2762606494121203
439,9.106029264887074,S2,other,0.018557627731449332,1.9669571168555702e-10,0.7407165288170748,inf,0.035861005918432,0.5811305807261188,4.102178425060333e-10,inf,0.24238434944050258,0.31246888067691014,0.27618283498390583
440,9.114530931172446,S2,other,0.018505173548714848,2.0045213393966336e-09,0.7407098987251348,inf,0.03560128395655286,0.5810388916194191,2.2837274258133912e-08,inf,0.24253875075887907,0.3124834113174189,0.27610332523022646
441,9.123015345067854,S2,other,0.018453018174063553,6.250941999258871e-09,0.7407033287890138,inf,0.03536719721429949,0.5809557859026098,2.459520765574904e-08,inf,0.24267150959782277,0.312504667867857,0.2760258753416511
442,9.131482585564864,S2,other,0.01840115919349389,5.088994593604626e-09,0.7406966269526343,inf,0.03513082923861318,0.5808728294183866,1.8645661962922954e-08,inf,0.24280666637557313,0.31252599473526915,0.27594860666014204
443,9.139932731081867,S2,other,0.018349594218254866,3.734660241843399e-09,0.7406901948260141,inf,0.03486309479999088,0.5807816786958682,1.7377568740280743e-08,inf,0.24296940575881734,0.3125408778481466,0.275869638968131
444,9.148365859469877,S2,other,0.018298320884437343,5.853337410271218e-09,0.7406838460424943,inf,0.034621519877089155,0.5806990495109116,2.4295342166094393e-08,inf,0.24310997845560875,0.3125623773704034,0.2757927298918461
445,9.156782048018265,S2,other,0.018247336852849426,7.47884293804033e-09,0.7406776125554351,inf,0.034347612597706564,0.5806082544653578,9.35674762180355e-08,inf,0.24327905240954564,0.3125775039306858,0.275714119337026
446,9.16518137346042,S2,other,0.01819663980787916,1.472189053781936e-09,0.740671216922037,inf,0.03410024862775633,0.5805259610794492,1.216595968228445e-08,inf,0.24342557926530858,0.3125991730490092,0.2756375666394284
447,9.173563911979324,S2,other,0.01814622745892609,4.285221226332063e-09,0.7406652017934472,inf,0.03381946285807174,0.5804355412528075,2.5585246620421507e-08,inf,0.2436016485221791,0.31261453961757135,0.2755593100214889
448,9.181929739213068,S2,other,0.018096097538239927,3.40447270507416e-09,0.7406589574969532,inf,0.0335656164525216,0.5803535619840787,7.03524108623198e-09,inf,0.24375477096087422,0.31263637536379707,0.27548311052453034
449,9.190278930260302,S2,other,0.018046247801689723,1.6415106499412107e-09,0.740653003865341,inf,0.033308444354599745,0.5802717351740697,1.2228604374701451e-08,inf,0.2439112666581287,0.3126582765620868,0.27540708662901475
450,9.198611559685592,S2,other,0.01799667602874011,9.17687426076993e-09,0.7406476089061731,inf,0.03301593843059934,0.5801818333140466,1.4324906408387337e-07,inf,0.24409912004110973,0.3126739780887973,0.275329355263567
451,9.206927701524748,S2,other,0.017947380019140688,4.831511665705388e-09,0.7406413563719648,inf,0.032751000972403535,0.5801003397160025,5.139973977745243e-08,inf,0.24426340713903258,0.3126960417275873,0.2752536798889653
452,9.215227429290042,S2,other,0.01789835759875249,5.276223879906127e-09,0.7406355855673598,inf,0.03248203355597281,0.5800189876612734,5.672582474540781e-08,inf,0.24443172046407258,0.31271816892110926,0.2751781778011896
453,9.2235108159754,S2,other,0.017849606613185614,9.890041263739475e-09,0.740629774277735,inf,0.03217532875813448,0.5799296330240322,6.610345786190347e-08,inf,0.24463366744334056,0.3127341984996855,0.2751009647478941
454,9.231777934061492,S2,other,0.017801124930533326,3.786668970740479e-09,0.7406240972185824,inf,0.0318968483398601,0.5798486083789464,1.1794828449706056e-08,inf,0.24481140541382443,0.31275648413308316,0.27502580660226544
455,9.240028855520794,S2,other,0.017752910440725887,2.7315888400115866e-09,0.7406185411086058,inf,0.03161335868176029,0.5797677308326508,9.04936263416624e-09,inf,0.2449940794826466,0.3127788315130697,0.2749508194781958
456,9.248263651822551,S2,other,0.017704961054800763,6.217276638676155e-09,0.740613029867249,inf,0.03132446826949765,0.5796870053630223,1.5361534238246544e-08,inf,0.24518205890165504,0.312801240087623,0.2748760026311715
457,9.25648239393772,S2,other,0.017657274704966447,7.348128436907571e-09,0.7406075582702712,inf,0.031029726358256366,0.5796064295576145,2.3859672421036852e-08,inf,0.24537576314546397,0.31282370931370374,0.27480135532185845
458,9.264685152343802,S2,other,0.017609849344359406,6.469616312946803e-09,0.7406024656486764,inf,0.030691564078351746,0.579517940953012,6.901226653823738e-08,inf,0.24560847204230868,0.31284024654079723,0.2747249914209292
459,9.272871997029661,S2,other,0.017562682946273597,6.683944847542178e-09,0.7405971226527739,inf,0.030382587913443587,0.579437692407093,1.9770493155199322e-08,inf,0.2458160043317788,0.31286286806097435,0.27465068063506454
460,9.28104299750025,S2,other,0.01751577350493889,2.3108747783651435e-10,0.7405918544779553,inf,0.030065871791443315,0.5793575915557225,4.611928098884292e-10,inf,0.2460310246400999,0.3128855485635817,0.27457653719944264
461,9.289198222781307,S2,other,0.017469119034260433,5.399125040630724e-10,0.7405867506334101,inf,0.029740592550374707,0.5792776407071818,1.4077551146224871e-09,inf,0.24625430295144046,0.3129082875407648,0.27450256039475723
462,9.297337741423958,S2,other,0.017422717568033527,4.526481833310108e-10,0.7405817124509455,inf,0.02940576952993427,0.5791978406281334,9.46714315733553e-10,inf,0.24648675411518886,0.31293108449307827,0.2744287495065349
463,9.305461621509298,S2,other,0.017376567159640817,4.4100881515002234e-10,0.7405767455875023,inf,0.029060224026655535,0.5791181912259321,8.661380330432654e-10,inf,0.24672947906642234,0.3129539389292206,0.27435510382506717
464,9.3135699306529,S2,other,0.017330665881799306,4.019207327516738e-10,0.7405718529353325,inf,0.02865792791676617,0.5790307354269463,6.62540267227685e-10,inf,0.24702373066232636,0.31297105643965584,0.27427973500209607
465,9.32166273600927,S2,other,0.017285011826332727,6.071921526243368e-09,0.7405670591674218,inf,0.028284377841357237,0.5789514020560306,1.5454181504657428e-08,inf,0.24729314224369087,0.31299405642932077,0.2742064172709629
466,9.32974010427624,S2,other,0.017239603103901303,8.62624719033509e-10,0.7405622827397699,inf,0.0278942804213289,0.5788722233513258,1.4716660435951061e-09,inf,0.24757826981060235,0.31301711238695834,0.27413326264562377
467,9.337802101699332,S2,other,0.017194437843849324,1.85424639461113e-09,0.7405576551077979,inf,0.027484572453391105,0.5787931921311507,7.020685851459231e-09,inf,0.24788197215893393,0.3130402238534787,0.27406027043479847
468,9.345848794076037,S2,other,0.017149514195296978,9.997194535354359e-09,0.7405530752140139,inf,0.027051112230891204,0.5787142912791639,6.788262019358456e-08,inf,0.2482081060334456,0.3130633903773741,0.27398743995165764
469,9.353880246760074,S2,other,0.01710483032115473,9.921027940732037e-09,0.7405487999115677,inf,0.02658812069049995,0.5786355594571782,9.248571722569744e-08,inf,0.24856209440098045,0.31308661151468714,0.2739147705137661
470,9.361896524665562,S2,other,0.017060384405926974,9.551923604515384e-09,0.7405440437911036,inf,0.026086956649906897,0.5785569922818736,2.273894998847014e-08,inf,0.2489519938492231,0.3131098868288404,0.2738422614430265
471,9.369897692271184,S2,other,0.017016174653429986,9.06241740695079e-09,0.7405395932902603,inf,0.025533767141745663,0.5784785597985512,2.1792143225907436e-08,inf,0.24939073157258745,0.3131332158905324,0.27376991206562473
472,9.377883813624264,S2,other,0.016972199281653576,6.6037379970391285e-09,0.7405352808262038,inf,0.024903600575040107,0.5784002761591501,1.910026516622118e-08,inf,0.2499016082063458,0.31315659827764963,0.2736977217119779
473,9.385854952344813,S2,other,0.01692845652709095,1.3196281212331203e-09,0.740530973465291,inf,0.024141494124902754,0.5783221443313602,3.5422448043092353e-09,inf,0.25053593077007824,0.3131800335751361,0.27362568971668244
474,9.393811171629526,S2,other,0.016884944643391103,8.79463210452747e-09,0.7405269009251335,inf,0.023053864002152487,0.5782441583779467,1.9793416838919732e-08,inf,0.2514743757185106,0.3132035213748518,0.2735538154184633
475,9.401752534255728,S2,other,0.01684166190219388,9.779469323871091e-09,0.7405225225815784,inf,inf,0.5781663161760264,3.9437438691655564e-08,inf,inf,0.3132270612755504,0.27348209816012536
476,9.409679102585269,S2,other,0.016798606587399855,5.682386221159827e-09,0.740518599588389,inf,inf,0.5780886259138616,1.2848066930691624e-08,inf,inf,0.31325065288269266,0.2734105372885042
477,9.41759093856839,S2,other,0.01675577700615384,6.559943628266575e-09,0.7405146483878466,inf,inf,0.5780110869326702,1.6267189199048302e-08,inf,inf,0.31327429580836363,0.27333913215441863
478,9.425488103747515,S2,other,0.01671317147845934,9.857306297347432e-09,0.7405106561580115,inf,inf,0.5779413969833517,2.159457872977255e-08,inf,inf,0.3133033432915893,0.2732697746707643
479,9.43337065926103,S2,other,0.01667078833843963,9.985720296727766e-09,0.7405067958675008,inf,inf,0.5778641391044727,9.980261432236103e-09,inf,inf,0.31332705691808965,0.27319867942863546
480,9.441238665846988,S2,other,0.01662862593930768,9.98432640350552e-09,0.7405029894079647,inf,inf,0.5777870284032741,3.366033485994478e-09,inf,inf,0.3133508208230815,0.27312773799956575
481,9.449092183846798,S2,other,0.016586682648970456,9.859661618346583e-09,0.7404992552023447,inf,inf,0.5777100606449864,4.125288240642959e-09,inf,inf,0.3133746346437845,0.2730569497498315
482,9.456931273208843,S2,other,0.016544956850922193,9.816667130611634e-09,0.7404955776603935,inf,inf,0.5776332408552147,1.0672802498374295e-08,inf,inf,0.31339849802361036,0.27298631404946283
483,9.464755993492084,S2,other,0.016503446944033582,9.962886472172109e-09,0.740491850045274,inf,inf,0.5775565731652499,5.407669877991989e-08,inf,inf,0.3134224106119457,0.27291583027219984
484,9.472566403869598,S2,other,0.016462151342289125,9.648893980095331e-09,0.7404883992050172,inf,inf,0.5774800418096031,1.9651931676338332e-08,inf,inf,0.31344637206412346,0.2728454977954504
485,9.480362563132083,S2,other,0.016421068474834304,9.39188583842016e-09,0.7404849550891786,inf,inf,0.577411253182585,6.79325611630746e-09,inf,inf,0.3134755257671115,0.2727772108757382
486,9.488144529691334,S2,other,0.01638019678560403,9.423737086117272e-09,0.7404814714109282,inf,inf,0.5773350035029712,2.2712067411573263e-08,inf,inf,0.3134995537180646,0.2727071794931215
487,9.495912361583663,S2,other,0.01633953473320589,9.449155900975655e-09,0.7404780880182926,inf,inf,0.5772589002834427,4.173923670087545e-08,inf,inf,0.31352362961612734,0.27263729756440586
488,9.503666116473283,S2,other,0.016299080790700478,9.07005971120187e-09,0.7404748547976324,inf,inf,0.5771829422623223,1.0465007760390679e-08,inf,inf,0.3135477531391938,0.27256756448125186
489,9.511405851655654,S2,other,0.01625883344561705,9.050286918189512e-09,0.7404716141496527,inf,inf,0.5771146540591963,2.4001473038112472e-08,inf,inf,0.31357695121453244,0.2724998757831533
490,9.519131624060801,S2,other,0.016218791199552673,8.877257072147465e-09,0.7404684659857983,inf,inf,0.57703897350371,2.0381063837880928e-08,inf,inf,0.3136011391457723,0.2724304389250165
491,9.526843490256574,S2,other,0.016178952568390387,9.529936669109846e-09,0.7404651513187236,inf,inf,0.5769634419883953,1.9634788948821727e-07,inf,inf,0.31362537384932154,0.27236114910762144
492,9.534541506451891,S2,other,0.016139316080946223,8.628912262663986e-09,0.7404623167691721,inf,inf,0.5768880472282123,2.196098695459311e-08,inf,inf,0.31364965502419007,0.2722920057362742
493,9.542225728499917,S2,other,0.016099880281070112,8.487292769605817e-09,0.7404593919250785,inf,inf,0.5768202575030583,1.8532840160190054e-08,inf,inf,0.31367889438672325,0.2722249056288837
494,9.549896211901245,S2,other,0.016060643725265458,8.343023166968584e-09,0.7404564378500821,inf,inf,0.5767451428916262,1.9798690631689797e-08,inf,inf,0.3137032380402093,0.2721560537224053
495,9.55755301180701,S2,other,0.01602160498363943,8.34204153597985e-09,0.7404535568599703,inf,inf,0.5766701720532988,3.278673782860571e-08,inf,inf,0.31372762737241305,0.27208734649720817
496,9.56519618302197,S2,other,0.015982762639693022,8.895542777183896e-09,0.7404505753373066,inf,inf,0.5766027566933262,1.8284264544174507e-07,inf,inf,0.31375688946145097,0.2720206816988555
497,9.572825780007573,S2,other,0.01594411528926895,8.098950389742521e-09,0.7404480188386304,inf,inf,0.5765280541979082,3.408361612472016e-08,inf,inf,0.3137813399625202,0.2719522624370849
498,9.580441856884969,S2,other,0.015905661542365956,8.456010791467738e-09,0.740445204552755,inf,inf,0.5764608764424145,1.1970365106571184e-07,inf,inf,0.31381060797064464,0.2718858850218273
499,9.588044467437996,S2,other,0.015867400020639622,7.846767448982699e-09,0.7404427779896545,inf,inf,0.5763864496438806,3.47185170193597e-08,inf,inf,0.3138351188622023,0.27181775142074416
500,9.595633665116125,S2,other,0.015829329359105873,7.567633324876533e-09,0.7404402672987919,inf,inf,0.5763121665107835,1.7513010732447395e-08,inf,inf,0.31385967423054073,0.27174975962343845
501,9.603209503037396,S2,other,0.015791448204943936,7.413765885976098e-09,0.7404377528126109,inf,inf,0.5762453549179847,1.5258278844112013e-08,inf,inf,0.31388896285371093,0.2716838088794801
502,9.610772033991282,S2,other,0.015753755217783976,7.576826616801727e-09,0.7404352894327343,inf,inf,0.5761713451190484,4.85968928804779e-08,inf,inf,0.31391357743283016,0.27161609933545455
503,9.618321310441557,S2,other,0.015716249069382054,7.0767676660487695e-09,0.7404329264174194,inf,inf,0.5761047707211527,9.203285232104907e-09,inf,inf,0.3139428707820842,0.271550430293396
504,9.625857384529112,S2,other,0.01567892844371828,6.985612185381925e-09,0.7404305900290281,inf,inf,0.5760310297183788,1.4811453800363525e-08,inf,inf,0.31396754387573494,0.27148300076103477
505,9.633380308074749,S2,other,0.015641792036771338,9.587148224723496e-09,0.7404281090527634,inf,inf,0.5759646979408612,1.4597699494769438e-07,inf,inf,0.31399684155301943,0.2714176111904604
506,9.640890132581934,S2,other,0.015604838555753668,6.630784715989608e-09,0.7404261166208375,inf,inf,0.5758912245700596,6.052504956998682e-09,inf,inf,0.31402157249561236,0.27135045945177183
507,9.648386909239534,S2,other,0.015568066720519982,7.162412648744537e-09,0.7404238199675133,inf,inf,0.5758251313202278,7.201396347787084e-08,inf,inf,0.31405087413072064,0.2712853471455998
508,9.655870688924509,S2,other,0.015531475261666733,6.435569257684938e-09,0.7404218842147787,inf,inf,0.5757519280943924,9.271625364673677e-09,inf,inf,0.3140756622863585,0.2712184710057765
509,9.663341522204586,S2,other,0.015495062921779018,7.2039760620636006e-09,0.7404195998443952,inf,inf,0.5756860686733386,1.1780175146305913e-07,inf,inf,0.31410496753597533,0.2711536337798288
510,9.670799459340893,S2,other,0.015458828454120475,6.651922851099499e-09,0.7404178110225389,inf,inf,0.5756131384858842,4.805148923673736e-08,inf,inf,0.3141298122974295,0.2710870310668244
511,9.678244550290577,S2,other,0.015422770623740558,6.079346679210556e-09,0.7404159239620027,inf,inf,0.5755475155669975,9.93436224040173e-09,inf,inf,0.314159120844136,0.2710224667594131
512,9.68567684470938,S2,other,0.015386888206449172,5.974483475485172e-09,0.7404140469151314,inf,inf,0.575474850529361,1.040655873780069e-08,inf,inf,0.31418402163180353,0.27095613532353646
513,9.693096391954196,S2,other,0.015351179989086267,9.098376965129473e-09,0.7404121150097533,inf,inf,0.5754094684650414,1.0901798238959785e-07,inf,inf,0.3142133331831455,0.2708918417950658
514,9.700503241085597,S2,other,0.01531564476895566,5.6728446999070885e-09,0.7404104854304728,inf,inf,0.5753370671987461,5.33957136214297e-09,inf,inf,0.31423828944419363,0.27082577950858894
515,9.707897440870331,S2,other,0.015280281354611468,5.530137036816118e-09,0.740408782116247,inf,inf,0.5752719172785399,4.170849408535584e-09,inf,inf,0.3142676037317827,0.2707617546411714
516,9.715279039783798,S2,other,0.015245088565008112,6.786181395597065e-09,0.7404068647997397,inf,inf,0.5752068807261833,1.6655120870047172e-07,inf,inf,0.3142969071756287,0.27069786343243646
517,9.722648086012484,S2,other,0.015210065228876177,6.440571787935844e-09,0.7404054903919964,inf,inf,0.5751348746479853,4.5829795268232026e-08,inf,inf,0.31432193171779715,0.27063220109503544
518,9.730004627456395,S2,other,0.015175210186595015,8.545110595318606e-09,0.740403839147648,inf,inf,0.575070072183672,1.7148385894249045e-07,inf,inf,0.31435123760220296,0.2705685754103264
519,9.737348711731439,S2,other,0.015140522287313118,5.110795301230174e-09,0.7404024929676217,inf,inf,0.5750053729549613,4.0672652540283624e-09,inf,inf,0.3143805326012209,0.27050508182751515
520,9.744680386171794,S2,other,0.015106000391852864,8.319356839383857e-09,0.7404009280972954,inf,inf,0.5749337623803908,1.8100223087015145e-07,inf,inf,0.3144056245285757,0.270439814770239
521,9.75199969783225,S2,other,0.015071643369450913,7.24960722644679e-09,0.7403995725100605,inf,inf,0.5748693006839097,1.0715382161893079e-07,inf,inf,0.31443492172019893,0.27037658362118144
522,9.759306693490533,S2,other,0.015037450100567406,9.868471320808556e-09,0.7403982445491627,inf,inf,0.5748049503094068,1.3941165249332092e-07,inf,inf,0.3144642080068096,0.2703134830402872
523,9.766601419649584,S2,other,0.01500341947455144,4.8577627361004714e-09,0.7403970085722583,inf,inf,0.5747337197459893,9.746820603002115e-09,inf,inf,0.31448936649894477,0.27024860666362355
524,9.773883922539838,S2,other,0.014969550391190758,5.243570768664246e-09,0.7403956918227502,inf,inf,0.5746696029521791,4.579312701655025e-08,inf,inf,0.31451865477533825,0.2701857654718167
525,9.78115424812146,S2,other,0.014935841759351047,5.561149809676228e-09,0.7403944749439519,inf,inf,0.574605595503316,9.334307644408586e-08,inf,inf,0.31454793214785803,0.2701230533369293
526,9.788412442086571,S2,other,0.014902292497436099,5.4226324085486795e-09,0.7403933658131975,inf,inf,0.5745416964245609,8.716579463086362e-08,inf,inf,0.3145771986408591,0.27006046976012726
527,9.795658549861432,S2,other,0.014868901533347165,4.880339910417522e-09,0.7403923912791499,inf,inf,0.5744709795264017,3.676343047965649e-08,inf,inf,0.31460243565770046,0.26999610736316715
528,9.802892616608634,S2,other,0.014835667804373887,5.152539439423584e-09,0.740391349363732,inf,inf,0.574407313212615,6.094832474250339e-08,inf,inf,0.314631703976576,0.26993377918484984
529,9.810114687229234,S2,other,0.014802590256832091,5.325334170185159e-09,0.7403903246653204,inf,inf,0.5743437546763508,1.0232470608960111e-07,inf,inf,0.3146609614426078,0.26987157808253237
530,9.817324806364892,S2,other,0.014769667846006026,6.42834811453083e-09,0.7403895643442958,inf,inf,0.5742803050892878,4.295600434987204e-08,inf,inf,0.31469020808799547,0.26980950356693995
531,9.824523018399969,S2,other,0.014736899536591172,6.808778821428072e-09,0.7403885635709408,inf,inf,0.5742100983956439,9.199491638388662e-08,inf,inf,0.3147155226306947,0.2697456472479794
532,9.831709367463615,S2,other,0.014704284301707482,4.7563237078158455e-09,0.7403877947177673,inf,inf,0.5741468791934955,6.353640353162868e-08,inf,inf,0.3147447710066252,0.26968382421693393
533,9.838883897431828,S2,other,0.014671821123698144,7.088373174414295e-09,0.7403869881348881,inf,inf,0.5740837686168045,1.1338698946249726e-07,inf,inf,0.3147740086121603,0.2696221263188045
534,9.846046651929496,S2,other,0.01463950899319944,7.522147540024709e-09,0.7403862759390365,inf,inf,0.5740207645137466,8.083914419448278e-08,inf,inf,0.31480323548668077,0.2695605530735916
535,9.853197674332414,S2,other,0.014607346909930794,9.562172727226326e-09,0.7403855576584072,inf,inf,0.5739578691769992,1.3052352793187268e-07,inf,inf,0.3148324516712392,0.26949910400357013
536,9.860337007769285,S2,other,0.014575333881553907,3.558247140983813e-09,0.740385043826729,inf,inf,0.5738950784012309,4.308347856124382e-09,inf,inf,0.3148616572084698,0.2694377786332731
537,9.86746469512369,S2,other,0.014543468924915839,8.280641177222033e-09,0.7403845517035798,inf,inf,0.5738324006039976,3.906212748446326e-08,inf,inf,0.3148908521425986,0.26937657648947544
538,9.874580779036055,S2,other,0.014511751064687814,6.565093919772497e-09,0.7403838738073603,inf,inf,0.5737630646935212,9.062676819702774e-08,inf,inf,0.3149162804865857,0.26931358749032647
539,9.88168530190558,S2,other,0.014480179333788305,9.442502002947953e-09,0.7403834949979694,inf,inf,0.573700615673841,4.031758585353965e-08,inf,inf,0.31494547722142097,0.269252630159011
540,9.888778305892163,S2,other,0.014448752773644772,4.816017342340718e-09,0.7403829998752921,inf,inf,0.5736382718741223,3.8850124426250815e-08,inf,inf,0.3149746634395269,0.2691917946478907
541,9.895859832918287,S2,other,0.014417470433571937,4.497932807976846e-09,0.7403825607112583,inf,inf,0.5735760365313173,5.980530329451611e-08,inf,inf,0.3150038391912558,0.26913108049255746
542,9.902929924670904,S2,other,0.014386331370894808,4.527167115415753e-09,0.740382200993407,inf,inf,0.573513907537023,6.564999022929836e-08,inf,inf,0.31503300452837407,0.26907048723076765
543,9.9099886226033,S2,other,0.01435533465091137,4.282582180447266e-09,0.7403819077611424,inf,inf,0.5734518854162519,6.554881848946086e-08,inf,inf,0.31506215950410354,0.26901001440242667
544,9.917035967936918,S2,other,0.01432447934676355,3.984924880001204e-09,0.740381670338302,inf,inf,0.5733899699992548,6.240806243124959e-08,inf,inf,0.31509130417289155,0.26894966154957517
545,9.924072001663198,S2,other,0.01429376453935183,3.806166350597917e-09,0.7403814953062458,inf,inf,0.5733281610598996,5.132470833643707e-08,inf,inf,0.31512043859054295,0.26888942821637346
546,9.931096764545366,S2,other,0.014263189317282906,3.772377316332046e-09,0.7403813692309147,inf,inf,0.5732664585331145,4.368638857933937e-08,inf,inf,0.31514956281410067,0.2688293139490886
547,9.938110297120222,S2,other,0.01423275277675853,5.358480158429055e-09,0.7403814118708802,inf,inf,0.5732048629691806,4.463384731395061e-08,inf,inf,0.3151786769019072,0.2687693182960796
548,9.94511263969991,S2,other,0.014202454021496214,4.384894243324192e-09,0.7403813088385337,inf,inf,0.5731433736923924,3.5616345262041296e-08,inf,inf,0.31520778091342916,0.2687094408077837
549,9.952103832373663,S2,other,0.014172292162703916,3.750580686943697e-09,0.7403813199165962,inf,inf,0.5730819901440816,4.365685426116549e-08,inf,inf,0.3152368749094024,0.2686496810367032
550,9.959083915009534,S2,other,0.01414226631899592,8.316837259292146e-09,0.7403812740302679,inf,inf,0.5730207141357493,1.0113447747912422e-07,inf,inf,0.3152659589516384,0.26859003853739166
551,9.966052927256111,S2,other,0.01411237561599744,3.481331592395031e-09,0.7403813148704068,inf,inf,0.5729595394936813,1.1991834827220292e-08,inf,inf,0.3152950331030897,0.26853051286644053
552,9.973010908544214,S2,other,0.014082619187097911,4.889936771268752e-09,0.7403814714221557,inf,inf,0.5728984751183271,4.016117407544083e-08,inf,inf,0.31532409742785056,0.2684711035824668
553,9.979957898088568,S2,other,0.014052996172403288,4.745213828980059e-09,0.7403816416198978,inf,inf,0.5728375151686048,4.197596784879108e-08,inf,inf,0.3153531519909588,0.26841181024609945
554,9.986893934889476,S2,other,0.014023505719260632,4.383773485518275e-09,0.7403818851364731,inf,inf,0.5727766605467204,3.822930003209374e-08,inf,inf,0.3153821968586178,0.26835263241996693
555,9.993819057734461,S2,other,0.013994146982023833,4.734372269382522e-09,0.7403820982718182,inf,inf,0.5727159114339784,3.7380722877024e-08,inf,inf,0.3154112320979337,0.26829356966868484
556,10.00073330519989,S2,other,0.013964919121975138,4.666825220157651e-09,0.7403823982989947,inf,inf,0.5726552674825609,3.859596863616787e-08,inf,inf,0.31544025777706913,0.2682346215588432
557,10.007636715652602,S2,other,0.013935821307263145,4.806707094993721e-09,0.7403827241771259,inf,inf,0.5725947283357531,3.469260871277006e-08,inf,inf,0.31546927396511004,0.2681757876589945
558,10.014529327251484,S2,other,0.013906852713074295,7.072466217967923e-09,0.7403830314993749,inf,inf,0.5725342971466426,1.7712154050321962e-07,inf,inf,0.3154982807320311,0.2681170675396414
559,10.021411177949076,S2,other,0.013878012520435037,2.9109006480407617e-09,0.740383458966033,inf,inf,0.5724804331103791,3.505452063995865e-08,inf,inf,0.31553056532145163,0.2680603751827042
560,10.028282305493125,S2,other,0.013849299918345322,3.4975869000064602e-09,0.7403839423914805,inf,inf,0.572420194219428,9.523699811242981e-09,inf,inf,0.3155595317134666,0.2680018815702367
561,10.035142747428136,S2,other,0.01382071410160629,5.5134181200759146e-09,0.7403845168974268,inf,inf,0.5723600622991097,4.145488942257932e-08,inf,inf,0.3155884889510252,0.2679435004611371
562,10.041992541096914,S2,other,0.01379225427164221,5.821450709609059e-09,0.740385079043615,inf,inf,0.5723000338941032,4.260207142202536e-08,inf,inf,0.31561743710740287,0.26788523143358517
563,10.04883172364208,S2,other,0.013763919636434476,5.472877340025032e-09,0.740385678072151,inf,inf,0.5722401097033032,3.9066502450541015e-08,inf,inf,0.3156463762566385,0.2678270740676531
564,10.055660332007575,S2,other,0.013735709410356615,4.7391024558556586e-09,0.740386339920139,inf,inf,0.5721802902866822,3.8193753257054364e-08,inf,inf,0.31567530647360964,0.2677690279452935
565,10.062478402940162,S2,other,0.013707622814160252,5.707283032303661e-09,0.7403869540025372,inf,inf,0.5721269613630275,7.633961088101732e-08,inf,inf,0.3157073887356822,0.26771300833028294
566,10.06928597299089,S2,other,0.013679659074755234,6.136966423763382e-09,0.7403876605859236,inf,inf,0.5720673352589618,8.355091519212241e-08,inf,inf,0.31573627986893943,0.26765518367398333
567,10.076083078516566,S2,other,0.013651817425475537,6.978259262089068e-09,0.7403884673984493,inf,inf,0.5720078159034082,1.4899541409049736e-07,inf,inf,0.31576516234920976,0.2675974690180349
568,10.082869755681198,S2,other,0.013624097105369591,5.766631183919849e-09,0.740389300745851,inf,inf,0.5719483969877251,8.037413894915738e-08,inf,inf,0.3157940362540089,0.26753986395179913
569,10.089646040457435,S2,other,0.013596497360171801,2.484138027249586e-09,0.7403901666222523,inf,inf,0.5718890820924875,3.682321388935268e-08,inf,inf,0.31582290166158034,0.26748236806646464
570,10.096411968627976,S2,other,0.013569017441367515,2.5365187223445627e-09,0.74039092268044,inf,inf,0.571836189021614,3.914021993338654e-08,inf,inf,0.31585481623279,0.2674268976760146
571,10.103167575786998,S2,other,0.01354165660636153,2.424726487004733e-09,0.7403918389536213,inf,inf,0.5717770679286748,3.4476189799455604e-08,inf,inf,0.3158836436803086,0.2673696191578995
572,10.109912897341523,S2,other,0.013514414118554132,2.3961239406467514e-09,0.7403928010281273,inf,inf,0.5717180503813964,3.5107721885035305e-08,inf,inf,0.31591246291847874,0.2673124486048238
573,10.116647968512824,S2,other,0.013487289247187662,2.3770471758923944e-09,0.7403938039114198,inf,inf,0.5716591360137708,3.6209513146567456e-08,inf,inf,0.3159412740277664,0.2672553856151754
574,10.123372824337773,S2,other,0.013460281267311741,2.3611456716472845e-09,0.7403948464254927,inf,inf,0.5716065908358727,3.745211436829505e-08,inf,inf,0.31597305354713495,0.2672003473237877
575,10.130087499670205,S2,other,0.013433389459736114,2.6139209220820884e-09,0.7403959001933005,inf,inf,0.5715478708799782,5.1054391955123454e-08,inf,inf,0.31600182763063467,0.2671434984870155
576,10.136792029182256,S2,other,0.013406613110907333,2.305042076737879e-09,0.740397029441654,inf,inf,0.5714892509292538,3.627641949346787e-08,inf,inf,0.3160305938788322,0.2670867560191424
577,10.143486447365689,S2,other,0.013379951512989085,2.2696352473909596e-09,0.7403982030907881,inf,inf,0.5714369615534847,3.361385472374138e-08,inf,inf,0.3160622693180399,0.26703203764866335
578,10.150170788533217,S2,other,0.01335340396367614,2.22010422538032e-09,0.7403994067117455,inf,inf,0.5713785338472589,3.277028202479208e-08,inf,inf,0.31609099927183854,0.26697550695977457
579,10.1568450868198,S2,other,0.01332696976624392,3.773417483932509e-09,0.7404005922627459,inf,inf,0.5713202105737719,7.477336492252849e-08,inf,inf,0.316119721687424,0.26691908146094545
580,10.163509376183935,S2,other,0.013300648229256869,4.104146338313208e-09,0.7404019756440336,inf,inf,0.5712619850774053,1.820054978109026e-08,inf,inf,0.31614843664848685,0.26686276076278254
581,10.170163690408941,S2,other,0.013274438667012226,2.168001053593349e-09,0.740403201689032,inf,inf,0.5712100402902363,3.764485106939011e-08,inf,inf,0.3161799813393404,0.26680846341072156
582,10.176808063104225,S2,other,0.013248340398921924,2.1246941950219403e-09,0.7404045928813708,inf,inf,0.5711520087110727,3.666174422024556e-08,inf,inf,0.31620866095911093,0.2667523513747096
583,10.183442527706529,S2,other,0.013222352749823446,3.119279869795294e-09,0.7404059785933221,inf,inf,0.5711002281859157,4.2210494892633076e-08,inf,inf,0.31624013254670297,0.2666982622781848
584,10.190067117481181,S2,other,0.01319647504978939,3.4198039163819966e-09,0.740407416455949,inf,inf,0.5710423861329138,3.944027976322715e-08,inf,inf,0.3162687773496504,0.2666423573660839
585,10.196681865523331,S2,other,0.013170706634128834,4.238577532074415e-09,0.7404089080486403,inf,inf,0.5709846463187809,3.875143719339886e-08,inf,inf,0.3162974152173035,0.2665865553324229
586,10.203286804759156,S2,other,0.01314504684330382,4.021864717243139e-09,0.7404104092100505,inf,inf,0.5709331188643965,3.296438236768361e-08,inf,inf,0.3163287870394999,0.26653277568040284
587,10.209881967947084,S2,other,0.013119495022914091,5.099787639482954e-09,0.7404119438925757,inf,inf,0.5708755690169577,3.911846607239605e-08,inf,inf,0.3163573908347154,0.26647717848848934
588,10.21646738767898,S2,other,0.013094050523601249,5.717884004919443e-09,0.7404135296103985,inf,inf,0.5708242064393222,3.8721984918698396e-08,inf,inf,0.31638869124892305,0.2664236032876225
589,10.22304309638135,S2,other,0.013068712701048469,6.57800206025137e-09,0.7404151523656353,inf,inf,0.570766845947984,3.9496003293809785e-08,inf,inf,0.31641726149879734,0.26636820943235945
590,10.229609126316486,S2,other,0.013043480915904626,7.245116504304725e-09,0.7404168153287433,inf,inf,0.5707095869296994,3.797643551305007e-08,inf,inf,0.31644582533823007,0.26631291657482403
591,10.23616550958367,S2,other,0.013018354533748337,6.405368618565148e-09,0.7404185185855725,inf,inf,0.5706584764187748,3.3319717380948504e-08,inf,inf,0.31647702843058084,0.266259645173188
592,10.242712278120292,S2,other,0.012993332925042247,4.6629835746995046e-09,0.7404202564715674,inf,inf,0.57060140576943,3.118226677225739e-08,inf,inf,0.3165055594727111,0.2662045534192404
593,10.249249463703018,S2,other,0.01296841546507778,3.211304273163233e-09,0.7404220250235595,inf,inf,0.5705504584616462,3.023093793672872e-08,inf,inf,0.31653669285078184,0.266151482745913
594,10.255777097948908,S2,other,0.01294360153397163,3.23876429321468e-09,0.7404238252153006,inf,inf,0.570493577980235,6.762158259001038e-08,inf,inf,0.31656519162401187,0.2660965906227535
595,10.262295212316552,S2,other,0.012918890516439616,1.6575548568529153e-09,0.740425654971141,inf,inf,0.5704427904486957,1.6722680193582952e-08,inf,inf,0.3165962559794142,0.26604371921099546
596,10.268803838107166,S2,other,0.012894281802141326,1.926854937298007e-09,0.7404275339192139,inf,inf,0.5703860958442941,3.398446471952948e-08,inf,inf,0.3166247230121817,0.26598902525851104
597,10.275303006465712,S2,other,0.012869774785187204,1.6830158451781874e-09,0.7404294355281512,inf,inf,0.5703354735364842,2.8618976915429288e-08,inf,inf,0.3166557190353346,0.2659363516541627
598,10.281792748381976,S2,other,0.0128453688643933,1.683308384933628e-09,0.7404313701905071,inf,inf,0.57027896555201,2.8831742245005984e-08,inf,inf,0.3166841548558857,0.26588185442480045
599,10.288273094691657,S2,other,0.012821063443121733,1.7125274628286904e-09,0.7404333409295436,inf,inf,0.5702285060568215,3.06465631262693e-08,inf,inf,0.3167150832358931,0.26582937718615685
600,10.294744076077437,S2,other,0.012796857929262944,1.7157899233886421e-09,0.740435347332863,inf,inf,0.5701721849235956,3.195253596971849e-08,inf,inf,0.3167434883721405,0.2657750752447996
601,10.30120572307005,S2,other,0.012772751735193962,1.7058470130697743e-09,0.7404373886653103,inf,inf,0.5701218872918766,3.284749499551298e-08,inf,inf,0.31677434979663927,0.2657227929424881
602,10.307658066049324,S2,other,0.012748744277735502,1.6862290849652822e-09,0.740439464545693,inf,inf,0.5700657525014377,3.350188111088939e-08,inf,inf,0.3168027247759444,0.26566868486633194
603,10.314101135245236,S2,other,0.012724834978110035,1.6604542773656874e-09,0.7404415753050673,inf,inf,0.5700156163295773,3.328995213113211e-08,inf,inf,0.3168335199308766,0.265616596083191
604,10.320534960738938,S2,other,0.012701023261901898,1.6599597767896725e-09,0.7404437215459531,inf,inf,0.5699596673326519,3.159913215306197e-08,inf,inf,0.3168618652798816,0.265562680461626
605,10.326959572463785,S2,other,0.012677308559016259,1.4333341572435538e-09,0.7404459055704615,inf,inf,0.5699096923685468,2.640042182613137e-08,inf,inf,0.31689259484939164,0.2655107837925871
606,10.333375000206358,S2,other,0.0126536903036467,1.4118225396540953e-09,0.7404481199100497,inf,inf,0.5698597922223636,2.6274999935697036e-08,inf,inf,0.31692328367305295,0.26545898272921387
607,10.339781273607457,S2,other,0.012630167934220405,1.3880306619909024e-09,0.7404503680954725,inf,inf,0.5698041148301989,2.598318342315605e-08,inf,inf,0.3169515757600853,0.26540535327904896
608,10.346178422163106,S2,other,0.012606740893371556,1.360906365382559e-09,0.740452649985967,inf,inf,0.5697543752373704,2.5459531698962996e-08,inf,inf,0.31698220005723976,0.26535374224460445
609,10.352566475225547,S2,other,0.01258340862789947,1.3310224755050694e-09,0.7404549654171119,inf,inf,0.5696988826787135,2.4738553110388563e-08,inf,inf,0.31701046386775533,0.26530030177477054
610,10.358945462004217,S2,other,0.012560170588730562,1.3008088873881983e-09,0.7404573141617199,inf,inf,0.5696493032715483,2.396903697630203e-08,inf,inf,0.3170410243171255,0.2652488793939023
611,10.365315411566709,S2,other,0.012537026230880752,1.2737919684921092e-09,0.7404596958800644,inf,inf,0.5695997982484435,2.3356259785626345e-08,inf,inf,0.3170715449766978,0.26519755089957053
612,10.37167635283975,S2,other,0.012513975013417996,1.2518279361977691e-09,0.7404621101349984,inf,inf,0.5695445756335844,2.3033475067190023e-08,inf,inf,0.3170997576515566,0.2651443914445884
613,10.37802831461015,S2,other,0.012491016399425396,1.2317415724235578e-09,0.7404645564962747,inf,inf,0.5694952303310608,2.2846148966013825e-08,inf,inf,0.3171302155128686,0.265093249562679
614,10.384371325525745,S2,other,0.01246814985596495,1.2316500073566877e-09,0.7404670345397372,inf,inf,0.5694459591574499,2.2426276125727553e-08,inf,inf,0.3171606341602258,0.2650422005532817
615,10.390705414096338,S2,other,0.01244537485404165,1.3987705150912728e-09,0.7404695433590386,inf,inf,0.5693910056117024,2.192414689217197e-08,inf,inf,0.31718879699112745,0.26498931907158185
616,10.397030608694628,S2,other,0.01242269086856938,1.7256176039299092e-09,0.7404720811334272,inf,inf,0.5693418938449871,2.4570205987251834e-08,inf,inf,0.31721915388336275,0.2649384546593631
617,10.403346937557133,S2,other,0.012400097378343071,2.531843436996223e-09,0.7404746521465029,inf,inf,0.5692928569649821,4.578557329310511e-08,inf,inf,0.3172494721336746,0.26488768211847397
618,10.409654428785094,S2,other,0.0123775938660805,4.462798421176611e-09,0.7404773419108431,inf,inf,0.5692381741017518,1.5226606410134454e-07,inf,inf,0.31727758640506915,0.2648350756071905
619,10.415953110345399,S2,other,0.012355179817831413,1.872777572630004e-09,0.7404798934690938,inf,inf,0.5691892898519969,1.5545814747883932e-08,inf,inf,0.31730784393661166,0.264784485673785
620,10.422243010071458,S2,other,0.012332854724198431,2.029459948143352e-09,0.7404825689027484,inf,inf,0.569140484110873,2.4248980791620354e-08,inf,inf,0.3173380633943232,0.2647339866231899
621,10.428524155664112,S2,other,0.012310618078955275,1.907044149886122e-09,0.7404852683092403,inf,inf,0.5690860653812297,2.0950959884205915e-08,inf,inf,0.31736613038281386,0.26468165211762285
622,10.434796574692502,S2,other,0.012288469379736693,2.0100337160017455e-09,0.7404879939819826,inf,inf,0.569037417184144,1.9631144323737927e-08,inf,inf,0.31739629015104365,0.26463133371001224
623,10.441060294594955,S2,other,0.012266408127838854,2.2686951480473644e-09,0.7404907504170268,inf,inf,0.5689888425484289,2.18866128721692e-08,inf,inf,0.31742641240932457,0.26458110520918204
624,10.447315342679833,S2,other,0.012244433828191209,2.515498336950006e-09,0.7404935388317249,inf,inf,0.5689403411750318,2.4971766118878773e-08,inf,inf,0.31745649735544584,0.2645309662925591
625,10.453561746126415,S2,other,0.012222545989326289,2.6794178289178504e-09,0.740496358724575,inf,inf,0.5688862732249542,2.70423101034822e-08,inf,inf,0.317484496973667,0.2644789899847766
626,10.45979953198573,S2,other,0.012200744123348189,2.769883464422044e-09,0.7404992092381157,inf,inf,0.5688379289237543,2.7723794266667466e-08,inf,inf,0.31751452361402677,0.26442902913035066
627,10.466028727181413,S2,other,0.012179027745900628,2.821081861024735e-09,0.7405020898420753,inf,inf,0.5687896575542516,2.7505523517964047e-08,inf,inf,0.31754451350028107,0.26437915690048486
628,10.472249358510533,S2,other,0.012157396376135155,2.8664780666063295e-09,0.7405050002403514,inf,inf,0.5687414590753589,2.7031684378140203e-08,inf,inf,0.3175744668280913,0.26432937297801107
629,10.478461452644435,S2,other,0.012135849536679927,2.932883051531447e-09,0.7405079402036167,inf,inf,0.5686933334359645,2.679766458395537e-08,inf,inf,0.31760438379249556,0.2642796770470962
630,10.484665036129552,S2,other,0.0121143867536089,3.0368182999123947e-09,0.7405109095371684,inf,inf,0.5686396978709668,2.7048961219424484e-08,inf,inf,0.3176322978015487,0.26422814135350525
631,10.490860135388228,S2,other,0.012093007556411418,3.1652815562986604e-09,0.7405139080674046,inf,inf,0.5685917286365206,2.746066471807503e-08,inf,inf,0.31766215818621113,0.26417862031962847
632,10.497046776719529,S2,other,0.01207171147796135,3.2015655488380436e-09,0.7405169355218364,inf,inf,0.568543831836739,2.5787047355945796e-08,inf,inf,0.3176919827577844,0.26412918633772475
633,10.503224986300031,S2,other,0.012050498054488136,2.805304024019929e-09,0.7405199937155543,inf,inf,0.5684960070659788,1.8592452027356283e-08,inf,inf,0.31772177170919397,0.26407983909724514
634,10.509394790184636,S2,other,0.012029366825553701,2.5254288402320447e-09,0.7405230857170847,inf,inf,0.5684482549714691,1.7051420167792816e-08,inf,inf,0.31775152523266137,0.2640305782889463
635,10.515556214307345,S2,other,0.012008317334044859,4.616005540333832e-09,0.7405262274697737,inf,inf,0.5683950525361148,7.452128335279824e-08,inf,inf,0.3177793573240483,0.2639794753814911
636,10.521709284482046,S2,other,0.011987349125977605,2.2287200290970303e-09,0.7405293374600211,inf,inf,0.568347452483042,1.4284320626609673e-08,inf,inf,0.3178090559692066,0.26393038637127975
637,10.527854026403297,S2,other,0.011966461750826211,3.1697609022421226e-09,0.7405324975196668,inf,inf,0.5682999291768988,2.7888833395236306e-08,inf,inf,0.3178387197286767,0.2638813828732792
638,10.533990465647076,S2,other,0.01194565476111244,2.0617375427410956e-09,0.7405357024003915,inf,inf,0.5682524757608022,1.358989196982296e-08,inf,inf,0.31786834879245585,0.2638324645834137
639,10.54011862767156,S2,other,0.011924927712609336,1.754669911379513e-09,0.7405389293941967,inf,inf,0.5682050952710782,1.3023910487758494e-08,inf,inf,0.31789794334991595,0.26378363119888415
640,10.546238537817882,S2,other,0.011904280164225251,1.6746832824090556e-09,0.740542187353435,inf,inf,0.5681577869005483,1.470998059020743e-08,inf,inf,0.3179275035897514,0.2637348824181622
641,10.552350221310867,S2,other,0.011883711677999842,1.6879381436505067e-09,0.7405454725432717,inf,inf,0.5681105500661573,1.3255556790183096e-08,inf,inf,0.31795702970015377,0.2636862179409849
642,10.558453703259786,S2,other,0.011863221819082812,2.8528498473740284e-09,0.7405487792206068,inf,inf,0.5680633861369901,2.890582662185562e-08,inf,inf,0.3179865218686524,0.26363763746834906
643,10.564549008659093,S2,other,0.011842810156014405,9.032644941254012e-09,0.7405526316008364,inf,inf,0.5680108624743022,2.9582519725088556e-07,inf,inf,0.3180142194952504,0.2635872112675448
644,10.570636162389155,S2,other,0.011822476259407733,9.462180483804997e-09,0.7405560589576964,inf,inf,0.5679638524467041,3.0103237297368414e-07,inf,inf,0.3180436594931594,0.26353879776856326
645,10.576715189216973,S2,other,0.011802219703816117,8.591905079112852e-09,0.740559382267277,inf,inf,0.5679169114771464,2.8094457900455726e-07,inf,inf,0.31807306607770713,0.263490467384639
646,10.582786113796907,S2,other,0.011782040066558936,7.540941991289116e-09,0.7405627464352124,inf,inf,0.5678700424635953,2.451296838765504e-07,inf,inf,0.31810243943400784,0.2634422198217575
647,10.58884896067139,S2,other,0.011761936927992593,7.919482682269482e-09,0.7405662293563591,inf,inf,0.5678232455547267,2.5708555179445993e-07,inf,inf,0.3181317797465835,0.2633940547871363
648,10.59490375427163,S2,other,0.011741909870955403,2.307141884769886e-09,0.7405692273959518,inf,inf,0.5677765140543003,1.604232100496609e-08,inf,inf,0.3181610871992365,0.26334597198922005
649,10.600950518918314,S2,other,0.01172195848209796,3.1240987095350867e-09,0.740572734786249,inf,inf,0.5677298603185694,2.547584288743773e-08,inf,inf,0.3181903619752178,0.2632979711376754
650,10.606989278822304,S2,other,0.011702082350488714,9.592331682279767e-09,0.7405768731381357,inf,inf,0.5676832813924831,2.9879818246530937e-07,inf,inf,0.3182196042570861,0.26325005194338513
651,10.61302005808533,S2,other,0.011682281067304102,8.197187013696781e-09,0.7405803161151695,inf,inf,0.5676367683923552,2.6470954207428233e-07,inf,inf,0.3182488142267872,0.2632022141184432
652,10.619042880700672,S2,other,0.011662554227652631,6.887167003149716e-09,0.7405838132634192,inf,inf,0.5675903265470033,2.2474497317533958e-07,inf,inf,0.31827799206561974,0.2631544573761497
653,10.62505777055383,S2,other,0.011642901429171734,7.433758529638672e-09,0.7405874584366299,inf,inf,0.5675439560317174,2.4047040776129895e-07,inf,inf,0.3183071379542252,0.26310678143100497
654,10.63106475142322,S2,other,0.011623322272031947,6.184929792060409e-09,0.7405910267530045,inf,inf,0.5674976560831022,2.0063063359110677e-07,inf,inf,0.31833625207264465,0.26305918599870515
655,10.63706384698082,S2,other,0.011603816359342635,2.8378440983752947e-09,0.7405943110956524,inf,inf,0.567451422713506,3.094532612118727e-08,inf,inf,0.31836533460021926,0.2630116707961367
656,10.643055080792836,S2,other,0.011584383297416375,7.757836458302525e-09,0.7405985504467149,inf,inf,0.5674052686198852,2.4452080960438733e-07,inf,inf,0.31839438571562495,0.26296423554137116
657,10.649038476320374,S2,other,0.011565022694226983,6.597222798653338e-09,0.7406021521730319,inf,inf,0.5673591791575525,2.1218502191844303e-07,inf,inf,0.31842340559701904,0.26291687995366014
658,10.65501405692007,S2,other,0.01154573416125593,2.783100397927077e-09,0.7406055722461936,inf,inf,0.5673131592890692,9.736357732803573e-08,inf,inf,0.3184523944217317,0.26286960375343027
659,10.66098184584476,S2,other,0.01152651731264302,1.4351140115685668e-09,0.7406092180415258,inf,inf,0.5672672079267669,4.382144688784197e-08,inf,inf,0.3184813523665494,0.26282240666227813
660,10.666941866244093,S2,other,0.01150737176495453,1.566818319504129e-09,0.7406129780570381,inf,inf,0.5672213299082343,2.0370628206152938e-08,inf,inf,0.31851027960756156,0.2627752884029653
661,10.6728941411652,S2,other,0.011488297137449777,1.4068270133907324e-09,0.7406168193886198,inf,inf,0.5671755230930099,4.276917973076158e-08,inf,inf,0.3185391763202242,0.2627282486994133
662,10.678838693553296,S2,other,0.0114692930519858,1.1295900105047496e-09,0.7406206470392165,inf,inf,0.5671297850117204,3.156914037916906e-08,inf,inf,0.3185680426793146,0.26268128727669826
663,10.684775546252325,S2,other,0.011450359133124734,4.425597352995803e-09,0.7406248032616018,inf,inf,0.5670841235874741,1.4492808283604811e-07,inf,inf,0.31859687885897225,0.2626344038610467
664,10.690704722005568,S2,other,0.011431495007694446,2.387752290151229e-09,0.7406284439867518,inf,inf,0.567038523794219,5.054934525619835e-08,inf,inf,0.31862568503268385,0.2625875981798301
665,10.696626243456272,S2,other,0.011412700305482242,1.9661537113127295e-09,0.7406322911716329,inf,inf,0.566992994356135,1.962225967232522e-08,inf,inf,0.3186544613732356,0.26254086996156006
666,10.702540133148243,S2,other,0.011393974658615922,3.635570559770533e-09,0.7406365006649853,inf,inf,0.5669475412898162,1.2280034618314223e-07,inf,inf,0.31868320805277245,0.2624942189358835
667,10.708446413526477,S2,other,0.011375317701597854,3.5102102562524842e-09,0.740640451854344,inf,inf,0.566907333340509,1.1763842734247135e-07,inf,inf,0.31871333053264733,0.26244957769637295
668,10.714345106937735,S2,other,0.011356729071616181,4.151121011926155e-09,0.7406445018611942,inf,inf,0.5668620051042342,1.3492398902858115e-07,inf,inf,0.3187420039538782,0.2624030803911058
669,10.720236235631162,S2,other,0.011338208408152617,1.5569164129305822e-09,0.7406481814299348,inf,inf,0.5668167391398211,2.3213753843888105e-08,inf,inf,0.31877064825487367,0.26235665947401754
670,10.726119821758859,S2,other,0.011319755353477253,5.420447643034523e-09,0.7406527731652924,inf,inf,0.5667715616563821,1.866790327765922e-07,inf,inf,0.31879926360502053,0.26231031467924426
671,10.731995887376488,S2,other,0.011301369551670567,3.075928898740865e-09,0.7406565136474316,inf,inf,0.5667264335339715,1.0641313734703147e-07,inf,inf,0.318827850173085,0.2622640457420336
672,10.737864454443848,S2,other,0.011283050649913516,5.1464433318236524e-09,0.7406608921375651,inf,inf,0.5666813907895113,1.8220642139393928e-07,inf,inf,0.31885640812715055,0.26221785239873946
673,10.743725544825441,S2,other,0.011264798297142225,2.644453285039275e-09,0.7406646621536571,inf,inf,0.5666363988485695,9.31666564726538e-08,inf,inf,0.31888493763465753,0.2621717343868179
674,10.749579180291068,S2,other,0.011246612145183377,2.6949259744352833e-09,0.7406688052292515,inf,inf,0.5665914858127988,9.51133773374774e-08,inf,inf,0.3189134388623304,0.262125691444822
675,10.755425382516382,S2,other,0.011228491847892853,2.5847364819222424e-09,0.7406729427639811,inf,inf,0.5665517394122267,8.979322658372552e-08,inf,inf,0.3189432053575694,0.2620816572532669
676,10.76126417308345,S2,other,0.011210437061526073,1.541471803933464e-09,0.7406769700483716,inf,inf,0.5665069503927448,4.843878816894508e-08,inf,inf,0.3189716362930736,0.2620357638121369
677,10.767095573481333,S2,other,0.011192447444848624,7.160565175469338e-09,0.7406821012043747,inf,inf,0.5664622521684899,2.2546255775475908e-07,inf,inf,0.31900003947263444,0.2619899446629801
678,10.772919605106615,S2,other,0.011174522658225685,1.0836173114413608e-09,0.7406853379330279,inf,inf,0.566417584647784,3.434257277812029e-08,inf,inf,0.31902841506037055,0.2619441995486884
679,10.778736289263978,S2,other,0.011156662365275289,1.7030146484643335e-09,0.7406896715488257,inf,inf,0.5663730069781315,5.807064294709511e-08,inf,inf,0.31905676321955834,0.26189852821322823
