step,s,basin,raw_on,loc_loss,loc_gnorm,loc_rho2,d_basin_M,d_basin_S,d_basin_L0,d_basin_S2,d_raw_M,d_raw_S,d_raw_L0,d_raw_S2
0,0.8524206876754761,L0,other,0.44269082813290755,7.079991329127857e-09,1.0193542665471948e-07,inf,inf,1.7567478884421578e-07,0.7213583576713917,inf,inf,0.9056102179912819,0.5296539525635803
1,0.8524216630580851,L0,other,0.44269061343690647,1.0979685606139004e-09,3.914900084087175e-09,inf,inf,6.569306520140787e-09,0.7213583565802194,inf,inf,0.8958972399792968,0.5218076981481589
2,0.8524260803956778,L0,other,0.4426896411187518,6.579915792117087e-09,5.438085276547534e-09,inf,inf,2.6487131791256827e-08,0.7213583175751388,inf,inf,0.8859500824100577,0.5145137598525311
3,0.867629698086918,L0,other,0.4393622718464022,8.99192999339339e-09,1.6784024871382204e-08,inf,inf,3.3105886516226124e-08,0.7212315441736861,inf,inf,0.8779386881738014,0.5057821718804617
4,0.8848832585892334,L0,other,0.43563244656554223,8.305230452756896e-09,1.8788757511981768e-08,inf,inf,4.1538150430364165e-08,0.721074109012547,inf,inf,0.8702152977167401,0.497516867346965
5,0.9030258548503305,L0,other,0.43176298027212945,9.789501701563946e-09,1.690336334255046e-08,inf,inf,4.820127197585532e-08,0.7208977378256248,inf,inf,0.8625768282082257,0.48990601958381597
6,0.9216797689174023,L0,other,0.4278401521124301,6.44730199291049e-09,7.259724376806163e-09,inf,inf,1.6375144233501704e-08,0.7207062653018502,inf,inf,0.8549466193873687,0.4829831159662469
7,0.9407203413915777,L0,other,0.42389372715487256,4.157459232944318e-09,2.885776073328519e-08,inf,inf,8.427543277437283e-08,0.7204984749589549,inf,inf,0.8473131258920146,0.4767262852787983
8,0.9601092753188074,L0,other,0.4199344606059736,6.0837804029464235e-09,7.351064969197838e-08,inf,inf,1.7034069448962176e-07,0.7202750078635816,inf,inf,0.8396678616379617,0.4711102596816008
9,0.97983929198128,L0,other,0.41596644008210687,8.112671578314674e-10,1.5903930350425534e-09,inf,inf,5.186949830465786e-09,0.7200382031077064,inf,inf,0.8319917122333605,0.4661156644797695
10,0.9999148971535746,L0,other,0.4119913353931492,8.909153143136225e-09,7.215387792812227e-09,inf,inf,3.665574801514736e-08,0.7197857016696015,inf,inf,0.824303164253253,0.46171326048832867
11,1.0203450921371953,L0,other,0.408009987848842,4.223083109068506e-09,3.5835867902046834e-09,inf,inf,3.0720870518087e-08,0.7195175053622682,inf,inf,0.8166076483110405,0.4578805163832608
12,1.0411400207258548,L0,other,0.40402311658592904,6.890309167228928e-09,5.977780272226232e-08,inf,inf,1.0243067385733719e-07,0.7192356450483289,inf,inf,0.808893568244816,0.45459997578994477
13,1.0623087719892155,L0,other,0.4000317459517838,5.589145462261146e-09,1.0290143840521496e-08,inf,inf,2.141070986488133e-08,0.7189378365921278,inf,inf,0.8011884311122551,0.45184347354881943
14,1.0838575583723222,L0,other,0.396037521799664,4.927044034033015e-09,7.388025382725647e-09,inf,inf,3.215191328742791e-08,0.7186260865525037,inf,inf,0.7934813270772123,0.44959251301809433
15,1.1057884859163827,L0,other,0.3920428851178995,9.353129172838318e-09,2.3794915619520836e-08,inf,inf,8.604083585448442e-08,0.7182984102816364,inf,inf,0.7858009538305638,0.4478186917696566
16,1.128099356455856,L0,other,0.3880510378517195,4.263419889212177e-09,2.7198634588826795e-08,inf,inf,5.208572602780966e-08,0.7179550375598425,inf,inf,0.7781555149941403,0.44649828933105756
17,1.150784490073891,L0,other,0.38406572627849395,6.054641580390664e-09,2.216448549829748e-09,inf,inf,1.5481783782089733e-08,0.7175979449945994,inf,inf,0.7705295926578813,0.4456110172361518
18,1.173836124215289,L0,other,0.380090941287249,7.123653028150003e-09,1.866749644733752e-09,0.1220221559218982,inf,2.313138672249785e-08,0.7172256646756906,0.7092893123354637,inf,0.762950987721858,0.4451266718186766
19,1.1972459262933697,L0,other,0.3761306268664932,7.128984561851235e-09,1.874171494151829e-08,0.13177725952132988,inf,3.833223018109139e-08,0.7168385142824361,0.6988263191669228,inf,0.7554258366527907,0.4450176380591458
20,1.2210063386462697,L0,other,0.3721884460347131,4.782744709250748e-09,6.419500995614624e-10,0.13929242875696413,inf,2.662370725858275e-09,0.7164384634986599,0.6891313842337703,inf,0.7479359816987078,0.4452574423691813
21,1.2451116154608033,L0,other,0.3682676231825531,1.5482332507741874e-09,4.4131793160627025e-11,0.14543309989389588,inf,1.5936597802065033e-08,0.7160241915935189,0.6799525432997321,inf,0.7405111688700867,0.44580885484757
22,1.2695584691657746,M,other,0.3676433817107542,5.051732077098502e-10,0.050433735416090614,8.702054712374852e-09,inf,0.15083477978289866,0.6293314149439649,0.6710542730571971,inf,0.7331329985814675,0.44663834456392726
23,1.2943462754610353,M,other,0.3634606871425594,1.3128221900153472e-09,0.05271812676530789,2.000752370625666e-08,inf,0.15570131482337868,0.626166294468063,0.6625472504737756,inf,0.7258595051345769,0.44769820272054145
24,1.319476838007619,M,other,0.3592860317195435,5.54015096542311e-09,0.05487898462269248,7.603276863645353e-07,inf,0.1601443551087113,0.6231907333643147,0.6542219865231611,inf,0.7186470459836604,0.44895013509010334
25,1.344953782657504,M,other,0.35512073833339,2.1279790383455596e-09,0.05694116906657412,1.9059999349620475e-08,inf,0.1642535438655747,0.6203598514898734,0.64606622743089,inf,0.7115016740813158,0.4503452001324796
26,1.3707817065982442,M,other,0.3509659073552356,1.9413688391920316e-09,0.0589228414066564,5.080838768483208e-08,inf,0.16812593743755422,0.617640220417336,0.6381388685032722,inf,0.7044561244938845,0.4518287715032177
27,1.39696523436811,M,other,0.3468225939860265,6.424716569218775e-09,0.060837235455175276,1.081449260556545e-06,inf,0.171808090689017,0.6150087545882869,0.6304213832346099,inf,0.6975149759056273,0.45334774752586987
28,1.423508138235237,M,other,0.34269195311343786,1.0214117812993011e-09,0.062693936920822,1.5534022256885478e-08,inf,0.17530040388737864,0.6124500661770621,0.6228319174345357,inf,0.6906506266141172,0.45485183225731357
29,1.4504126737199887,M,other,0.33857533361269704,7.833853110883427e-10,0.06450149899366893,1.5492781668863363e-08,inf,0.1786966798275335,0.6099474176164158,0.6154783563738971,inf,0.6839159173478404,0.4562863128095059
30,1.477679256946709,M,other,0.3344743090491044,4.3037208323064855e-09,0.06626617850701164,1.0334346581673039e-07,inf,0.1819209130237021,0.6074933480122663,0.6081515420031879,inf,0.6772130239608707,0.4576168233558316
31,1.5053065592189734,M,other,0.3303906410956192,7.203519700318825e-09,0.06799332699152393,4.436921901919161e-08,inf,0.18508729234083346,0.6050759116805473,0.6010057575982231,inf,0.670612092386121,0.45880816297672833
32,1.5332920173765356,M,other,0.3263261841100356,9.229992706679912e-09,0.0696873686342448,4.7425785880771423e-07,inf,0.1881455471910534,0.6026896889035468,0.5938919489057412,inf,0.6640297643795051,0.4598564232412023
33,1.5616326716017195,other,other,0.3219540205601061,1.8427227509735273e-09,0.0872785758187598,0.10784260740940285,inf,0.2718665134743279,0.5825183802057716,0.5867825121642692,inf,0.65743667504515,0.46077541821479745
34,1.5903261652039218,other,other,0.31803071020007373,4.590302518485252e-09,0.08910279655507378,0.10908806691686118,inf,0.2759449856247699,0.5799434025144141,0.5797587541844528,inf,0.6508649141597244,0.4615955124919562
35,1.619371689982807,other,other,0.31413222792322854,4.74391814822051e-09,0.09088491461387765,0.11025255807669467,inf,0.27989904640328633,0.5774018626146843,0.5726875219990067,inf,0.6442237666150358,0.4623678042366388
36,1.6487706492844727,other,other,0.31025929834802657,6.784917566042374e-09,0.0926288604325615,0.11133749905791905,inf,0.2837387293119921,0.5748886923464627,0.5655531269510169,inf,0.6374878879217124,0.46314150798569115
37,1.678526851991741,other,other,0.3064122669379409,2.899200602389082e-09,0.09448149158600028,0.11237576827950967,inf,0.28749691104116715,0.5723985616467362,0.5583960442934844,inf,0.6306710902937083,0.46395730085908066
38,1.708646148289114,other,other,0.3025911752815653,7.701326838936706e-10,0.09645013380287212,0.1133664410896307,inf,0.29118215773601736,0.5699271324864653,0.5512092916899632,inf,0.6237627907330441,0.4648457868145112
39,1.7391355491479776,other,other,0.29879589375971055,1.1880258190744232e-09,0.09839342554869492,0.11430915939821729,inf,0.2948022889570271,0.5674704218942034,0.5439910683546453,inf,0.6167589671255923,0.46582528004169677
40,1.770001993420998,other,other,0.29502628355576704,6.688448992672514e-09,0.10031404340100719,0.11517238436451423,inf,0.29834044316678016,0.565025417400521,0.5366960000905896,inf,0.6096263141753915,0.4669063985891059
41,1.801251005673763,other,other,0.2912823541288899,7.828371944700763e-09,0.10221436306647194,0.11598722173413999,inf,0.3018264988555328,0.5625881825222923,0.5293785880203102,inf,0.6024023161141902,0.46809224550710044
42,1.8328855093918017,other,other,0.28756438456441485,2.226312411654485e-09,0.1040963721253332,0.11672173690886997,inf,0.30524171156386165,0.5601565053305883,0.5220004741989636,inf,0.5950574784635827,0.46938846417635377
43,1.8649050155489373,other,other,0.2838729872125281,1.5015373548734985e-09,0.10596172976754314,0.11740645879173499,inf,0.30861406831295857,0.5577274574835437,0.5146189894293457,inf,0.5876325550954786,0.47080056913343094
44,1.8973052987232895,other,other,0.2802091078216214,5.339744689039156e-09,0.10781176363621604,0.1180406135906887,inf,0.31194691230731103,0.5552991178136318,0.5072463567972216,inf,0.5801345211562126,0.47233924583722603
45,1.9300785375945062,other,other,0.2765739728322641,1.4230443603501473e-09,0.10964745674629062,0.11859146101815927,0.2628955834372709,0.31521903039274296,0.5528705157757425,0.49985435725198246,0.502596133193451,0.5725344473512567,0.4740197673853713
46,1.963213791067306,other,other,0.2729690049434073,8.747761555763251e-09,0.11146963672045518,0.11908962505061763,0.256737765255709,0.3184561794439374,0.5504398825914502,0.49250641119576644,0.4797793517470563,0.5648771227705689,0.47585746236909116
47,1.9966976396321057,other,other,0.26939572976976517,3.625569737226303e-09,0.11327877247681625,0.11950176258153479,0.2540225379436538,0.321635998736765,0.5480069008791943,0.48518292930949325,0.4618390436806847,0.5571358239961629,0.47787042556247916
48,2.0305148352960134,other,other,0.2658556918107786,1.821241655804249e-09,0.11507552930484052,0.11985911748618995,0.2529388075984032,0.3247835709316118,0.545570139015388,0.47795269553084646,0.44646603913882676,0.5493605794357642,0.48007349022291007
49,2.064648844288019,other,other,0.2623503910363785,6.124507504977446e-09,0.1168601399549744,0.12016103483574508,0.2528421579250527,0.3278994609449978,0.5431291690393394,0.470844422351553,0.43288178997820664,0.5415674504969553,0.4824794427743544
50,2.0990822135305027,other,other,0.25888124488722447,2.3834261566604235e-09,0.1186329868174844,0.12040722670026419,0.2534156080299459,0.3309844137181511,0.5406834658503982,0.4638894937529258,0.42075214418994,0.5337753727986485,0.48509623597935303
51,2.133796736072162,other,other,0.25544957521421796,2.3167337025159886e-09,0.12039435040294591,0.12056346470135654,0.2544437257251368,0.3340155046060414,0.5382329756280538,0.45708403179481005,0.4097393367276455,0.5259663727191121,0.48792623117243367
52,2.168773429723821,other,other,0.25205661576814314,6.5540890726244715e-09,0.12214442030987208,0.12066294556298687,0.2558470772375511,0.3370164626910536,0.5357770628978418,0.4505015429331199,0.39995462839370644,0.518203343281797,0.49096284045239375
53,2.2039923742607237,other,other,0.2487035333692136,8.877250463098629e-09,0.12388348367139139,0.12070582577937838,0.2575227026551241,0.33998763080992206,0.5333153832218915,0.4441753852190742,0.3913250294979103,0.5105123519467444,0.4941921961690869
54,2.2394324717218503,M,other,0.2438457933666896,3.244881714237549e-09,0.10702547758456463,1.2139779396484494e-07,0.19603916867806204,0.24922612510291614,0.5490585887246917,0.43813655711686006,0.38379602447700206,0.5029204641472216,0.4975921495483967
55,2.27507119851028,other,other,0.24212149352655019,3.616138754489418e-09,0.1274990843447812,0.12058762786827926,0.26141906244424185,0.3458164094748436,0.5283753539794831,0.4323807203140071,0.377238162751295,0.4954129255278093,0.5011331488287403
56,2.310884407769758,other,other,0.23889476737574641,9.038432416773995e-09,0.1294769056496702,0.12042719071067108,0.26354575574258426,0.348673686307405,0.5258971646322739,0.42696375484514554,0.37171509597198604,0.4880561009239756,0.504777587943027
57,2.3468462210425596,M,other,0.23400660925431302,7.656982267283278e-09,0.11237254647359757,1.3904485256087483e-07,0.20911186959971917,0.25797569518521063,0.540787523094451,0.4219000804884239,0.36716656445251633,0.480872971013102,0.5084831203241625
58,2.3829290274945594,M,other,0.23082593007131505,7.83144725094899e-09,0.11416761720126221,2.1960704522722415e-07,0.21327880124322032,0.26095130339219363,0.5379650689018493,0.41719614856427956,0.3635245882033194,0.47388259214758177,0.5122043279598183
59,2.4191035940503243,M,other,0.22769675830205327,3.346838708733965e-09,0.11596843543598587,7.641715857550499e-08,0.2173102874152366,0.2639533951820367,0.5351112326337532,0.41285029541367607,0.360713447497382,0.4670990396582455,0.5158956188706841
60,2.45533928324998,other,other,0.22644307927380353,2.086900292061018e-09,0.13724953392598502,0.11924644445686593,0.2723532534744747,0.35978075218838845,0.5159403860376893,0.4088534631322717,0.3586516280926136,0.4605307218388775,0.5195145132922496
61,2.4916043750634325,other,other,0.22344969086566918,9.777072740107977e-09,0.13915525611717577,0.11878787562083513,0.27455573018523116,0.3624495163360085,0.5134440532908485,0.4051707993026823,0.3572518008951385,0.45413574501334497,0.5230250852632328
62,2.5278664888147055,M,other,0.21862923637481602,6.056019862683302e-09,0.12140005671468995,3.6778567458155574e-08,0.22858198961688406,0.2730676140199399,0.5263747693839428,0.4018255562311024,0.35644682920963877,0.4479997879984909,0.5263993141997475
63,2.564093096419593,M,other,0.21571659765921558,8.138343476493696e-10,0.1232178512802144,6.159873801145373e-09,0.23196888332592305,0.27614988985612227,0.5234096060412232,0.3987753699476164,0.35614601023025577,0.4420714775959566,0.5296196453043482
64,2.6002521055495555,M,other,0.21286016909569397,9.230219006814682e-09,0.1250379058788943,2.589647818650066e-07,0.23518540675607594,0.279244270983495,0.5204210382538393,0.3959997363019452,0.3562786794248219,0.43634031021099046,0.532676940055302
65,2.6363124722592293,M,other,0.21006045634373138,2.5506957586384545e-09,0.1268591077112172,2.0135967253925835e-08,0.23823188264620007,0.28234682134947353,0.5174114129448777,0.3934786915932379,0.3567813803662461,0.4307939870986743,0.5355681243105554
66,2.6722447825230278,M,other,0.20731775590814097,4.062680293075934e-09,0.12868071190984515,3.702340211443421e-08,0.24110977416578594,0.2854543804944985,0.5143825542898744,0.3911924882142222,0.35759653278983333,0.4254196210160204,0.5382925096134595
67,2.7080217300639826,M,other,0.20463214172527933,8.35895784503548e-09,0.13050175418685522,5.217662959980116e-08,0.24382152538078666,0.28856331289964515,0.5113366175719332,0.38912059223778805,0.3586702034999549,0.4202045823526517,0.540848112824721
68,2.743618423442644,M,other,0.20200346570843167,7.532608246977072e-09,0.1323213847487272,1.4100781785788684e-07,0.24637035426367462,0.2916702707558671,0.5082756533351998,0.387240560101848,0.35994996978668353,0.415136920162795,0.543229036008504
69,2.779012483033518,M,other,0.19943137331647107,2.752361797653688e-09,0.13413867915298983,3.938855660168451e-09,0.24866718549451025,0.2947967381904067,0.5052015356113516,0.38553064634174444,0.3613414532029241,0.4102525823835189,0.5454246588275148
70,2.814183932364289,M,other,0.19691533202381453,7.194778861763336e-09,0.13595301531433743,4.216406285784532e-08,0.25081371032613925,0.29791441072775265,0.502116144912981,0.38395635657774774,0.362830179433299,0.40549426841761416,0.547420927728253
71,2.849114933445835,M,other,0.1944546677291354,4.0780895201021074e-09,0.13776363811572181,1.4130585788448803e-08,0.25281412147131277,0.301020294506259,0.4990212495596387,0.3824897454703993,0.36436887784097555,0.40085160305347417,0.5492031274855504
72,2.883789446574015,M,other,0.19204860268472668,3.554620765762653e-09,0.13956989447787194,1.988365914015769e-08,0.2546726957009367,0.30411156369525044,0.4959184857295797,0.38110425092980793,0.3659156342629569,0.39631438548417497,0.5507596553279854
73,2.918192903375901,M,other,0.18969628876894407,5.512819286768952e-09,0.14137112882963296,1.0058275710165978e-07,0.2563109833524712,0.30720955911659376,0.4928094764304447,0.3797726836254215,0.36738596809160273,0.391920700835434,0.5520856411491741
74,2.952311968393772,M,other,0.1873968315585655,5.501181448200852e-09,0.14316678618613402,2.270065354103592e-07,0.25782088442357853,0.31028742275196247,0.48969565176020147,0.3784792666878802,0.3688052833929429,0.3876130210723289,0.5531851361405661
75,2.9861344357305173,M,other,0.1851493030718607,4.4954197279809365e-09,0.14506340006983892,5.7458791360493346e-08,0.2592067539561092,0.3133422475064971,0.48657881231210953,0.3772147676866843,0.3701629013222453,0.38338188144050434,0.5540720512293982
76,3.0196492715172996,M,other,0.1829527435906252,7.497166057162155e-09,0.1470515881970462,2.324585550772258e-07,0.26047283360254525,0.3163721939153019,0.4834601541492908,0.37597730913407384,0.37145871808547365,0.37921834613986943,0.5547690440990658
77,3.0528467781273356,M,other,0.18080615513734571,4.297252558368626e-09,0.14902978276205472,1.9704279984442833e-08,0.26154932868181174,0.3193978330228037,0.480341287784446,0.3747599420100686,0.3726462818608355,0.3751630501648278,0.555305088918962
78,3.0857188288019946,M,other,0.17870849062371333,6.549262406108892e-09,0.1509975027617428,1.1832225090255537e-07,0.26251854018281023,0.3223938848254045,0.4772233895791934,0.37357941379308296,0.3737926670103544,0.3711599053550764,0.5557114131142717
79,3.1182591066029417,M,other,0.17665864317667904,7.31746575119885e-09,0.15295429666390248,1.732138502356413e-07,0.2633143251365811,0.3253816026099179,0.4741075111725964,0.372431762833706,0.37485758630495025,0.36725150835788345,0.5560183727193734
80,3.150463281984118,M,other,0.17465543968439068,4.604815139032209e-09,0.15489961302337665,7.71678489886977e-08,0.26401410234408296,0.3283358482435769,0.47099476855409184,0.371338211700819,0.3759094626119022,0.3633832722997973,0.5562514685424956
81,3.182329078391694,M,other,0.17269764129586643,4.574368128811193e-09,0.15683330722325503,2.2541800038372505e-08,0.26462126088730364,0.3312559348229425,0.46788576504690516,0.3703062031351732,0.3769579051646525,0.35955063996189934,0.5564298564491397
82,3.213856201376127,M,other,0.17078395179142836,4.6688396821868885e-09,0.15875515982597752,1.5601367203298816e-08,0.26513891719276095,0.33414080875316987,0.46478111755004614,0.369339877613254,0.3780075467266428,0.35575020977072996,0.5565656484055289
83,3.245046137313762,M,other,0.16891303286078296,6.642670449948857e-09,0.16066512200030542,5.456749089699811e-08,0.26550746659510394,0.3370119459040247,0.46168123014677653,0.36841996803036925,0.37900271822849185,0.35202953895184286,0.5566651960230388
84,3.2759018556777013,M,other,0.16708352378539956,7.392951613389684e-09,0.1625632633057001,8.741760406743055e-08,0.26579558302833467,0.3398465982126921,0.45858617567114346,0.36756300777452305,0.37999697238719315,0.34833770894358396,0.5567304315756486
85,3.3064274676301686,M,other,0.16529406216404427,6.132332032877582e-09,0.16444965496773467,2.1357817213320966e-08,0.26594662394865953,0.34266633889881765,0.45549618768410244,0.3667447033066918,0.3809318146042764,0.34472420829624756,0.5567626490560048
86,3.3366278996877208,other,other,0.16513627823813612,9.521569734753827e-09,0.1808498716394745,0.10191428696775542,0.30241116205735735,0.4176390630337527,0.4528310031207637,0.36601006759365046,0.3819176895933715,0.34108874558883734,0.5567635314354977
87,3.3665086334807834,M,other,0.1618299283984168,5.8617783294944055e-09,0.16818791305849254,7.961428345622368e-08,0.2660896759249286,0.34817327440004125,0.44933084218347036,0.3653144816818383,0.3828455974142379,0.3375317075214981,0.556739045152093
88,3.3960755434280383,M,other,0.16015266172411805,8.473433948827337e-09,0.1700401944025554,5.9333602949612217e-08,0.26597342831466575,0.3509036284013904,0.4462553297421632,0.3646600561173569,0.3837221378798011,0.33405349907703114,0.5566981415296527
89,3.4253348384145017,M,other,0.15851026100349652,8.136966930779488e-09,0.17188155792673662,1.6607055124073544e-07,0.26579358370540374,0.353597078990714,0.4431843219302236,0.36408018689280264,0.38461192599414923,0.33060383115591296,0.5566522946566457
90,3.4542930878452367,other,other,0.15838774700578506,6.229357530512531e-09,0.18653629050461742,0.09980968186156913,0.3025001980070303,0.42460258046279353,0.4436790137738261,0.36358529779385623,0.3855255609418935,0.3271826280208556,0.556614531819019
91,3.482957293200696,other,other,0.15678512225682462,9.24347370332516e-09,0.1879263884033022,0.09935666515729417,0.3024085623916384,0.42627170525123653,0.4414118324983472,0.3631855756568781,0.3864730660008428,0.323789889882058,0.5565969441180313
92,3.511334958070692,other,other,0.1552140457417607,4.737000358238713e-09,0.18939860821539695,0.0989187834295763,0.3022455285174697,0.4279317262398689,0.4391521494898367,0.3628570162629162,0.38740809727923364,0.3204767718137097,0.5566090354413058
93,3.539434114189227,M,other,0.15226553972309576,6.040033855634913e-09,0.17914415869875322,5.553542372115536e-08,0.26437227673333624,0.3640525739228688,0.43093760832897066,0.36263408388346685,0.3883886501639721,0.31719312581151976,0.5566551006901492
94,3.5672632764511913,M,other,0.15077982856301025,4.739555779447364e-09,0.1809360063285886,8.089446209575726e-08,0.2638517257952908,0.36658942744799383,0.427882788897472,0.36251754295001193,0.3894137581043112,0.31393991668663423,0.5567349635578396
95,3.59483132166507,M,other,0.1493220771808935,5.647191314135515e-09,0.1827192789674235,5.1868706289146355e-08,0.2632776563321769,0.3690928447976323,0.42482927234059614,0.3625043712226788,0.3904784502199173,0.31071843744776423,0.5568442113249338
96,3.622147307796819,M,other,0.14789122060593043,5.611589988550264e-09,0.18449439779297416,1.205963518849063e-07,0.2626065418680691,0.371583820409627,0.42177657884170516,0.3625517987885503,0.3915227690189407,0.3075814460873703,0.5569761217416255
97,3.6492202668351386,M,other,0.14648623468708183,5.993835927217045e-09,0.18626193753124537,1.1968592770642837e-07,0.2618857451854722,0.37404289528020235,0.4187236658977934,0.3626874419068102,0.39259129657140385,0.30447919608643514,0.5571222315600803
98,3.6760590111070295,M,other,0.14510614373371192,6.118710454214767e-09,0.18802233408310154,1.1565882476487967e-07,0.2611159684607827,0.37647087414617775,0.41566985050902505,0.362904642872188,0.3936764031628148,0.30141277733719396,0.5572755164939321
99,3.702671988631867,other,other,0.14500980645986677,6.117057291553157e-09,0.2000202414335477,0.09671478280771853,0.2999963841473215,0.43891200228100596,0.4234932977769649,0.3631983319861414,0.3947726315055396,0.29838282917109604,0.5574313022362745
100,3.729067209641385,other,other,0.1436534539061279,8.952474879836598e-09,0.20149332523247598,0.09649334306359399,0.2995054828469481,0.44041728932873125,0.4212717484768479,0.36352420820580483,0.3958265727560507,0.2954410889767942,0.557588298046075
101,3.7552522478163803,other,other,0.1423198022290207,4.574314278595971e-09,0.20295715113598511,0.0963075776635043,0.29898510897489433,0.4419025071801148,0.41905227108335563,0.36392077737405615,0.3968894689696506,0.2925357214492998,0.5577467797422266
102,3.7812343013659886,other,other,0.1410080869104605,3.758995129490938e-09,0.20441223201976022,0.09615892021013803,0.29843573875312823,0.44336842307481805,0.4168343651303298,0.3643885379291932,0.397962527079217,0.28966601469767994,0.5579090050277528
103,3.807020285739674,other,other,0.1397175810075219,4.4316846602763625e-09,0.20585905357403952,0.09604877669268717,0.2978578339964182,0.44481576142316226,0.4146175596862116,0.3649280606328092,0.39904710579211483,0.28683109589454797,0.5580773433701612
104,3.8326169248059507,other,other,0.13844758901247833,8.398909743423818e-09,0.2072981528227305,0.09597845132015807,0.29725178286045073,0.4462453061835822,0.41240130181795753,0.36553880382552106,0.40014344692973564,0.28403011845559967,0.5582529538547192
105,3.8580308116025934,other,other,0.13566750040706665,3.1079240538759452e-09,0.30263408219610616,0.18394159628895612,0.16325426646461783,0.43667741754257017,0.2965221785244961,0.36617187134562995,0.40120128757472767,0.2813143125209988,0.5584354534377602
106,3.883268421553675,other,other,0.13436503047967194,3.1913301390810344e-09,0.3041335252669492,0.18323816605241808,0.16202502483999454,0.4385170326665243,0.29365486220895154,0.36686711830158286,0.40226610925342277,0.27863141776674427,0.5586210750518537
107,3.9083360766689497,other,other,0.13260712084941725,4.0500264522045985e-09,0.4496593896089016,0.23133854581116078,0.04207366142943546,0.45830576107606946,0.21061500913239187,0.3676180910777014,0.4033322452056672,0.2759811872226262,0.5588047487858796
108,3.9332398741243617,other,other,0.13241673056509046,2.2297169660346868e-09,0.2669460766993893,0.1347483901500362,0.18012921484492228,0.42149565760644564,0.314302646994125,0.3684174126192273,0.4043932253109285,0.2733634933547006,0.5589805615234945
109,3.9579856026576885,other,other,0.13057887232277635,1.2046628071167922e-09,0.3085374623818985,0.18084811528955988,0.15815008285257348,0.44383866981679915,0.28510691171026675,0.36925791732735486,0.40544293890155675,0.27077820487860943,0.5591429545253777
110,3.982578672895083,S,other,0.12741480660052484,6.396909706174083e-10,0.49216737800441585,0.2476488429408342,3.893366198025897e-09,0.47157659143597513,0.19255166721571476,0.3701336969216586,0.4064766713567291,0.2682250727584765,0.5592877814440264
111,4.007024082778307,S,other,0.1261472729405444,7.909303691210537e-09,0.4946661422903752,0.24625788365886336,3.788330240396698e-08,0.4728090580041567,0.19086951334974864,0.37098921704109816,0.40744579015509724,0.26575579179659187,0.5594135412395281
112,4.03132642859148,S,other,0.12489956755927317,4.111244889663679e-09,0.4971190765887063,0.24481069001023295,3.835638946402122e-08,0.47400732949475316,0.1892221207333193,0.371872544499795,0.40839649732256045,0.26331764438635363,0.5595196426244434
113,4.05548995909562,other,other,0.125017329668555,3.0519056030709236e-09,0.4713444761250163,0.22757484108154463,0.0336515513842214,0.4678058975488246,0.19673724773547718,0.3727834375642701,0.4093298054185785,0.26090984387349314,0.5596076783199077
114,4.0795186588185,other,other,0.12381778575373184,4.844740632337336e-09,0.4751020837959314,0.22681179044417082,0.03192559851603881,0.46932999727894337,0.19444987011058346,0.37377627610483916,0.4102921677611103,0.2584793676496985,0.5596793423173521
115,4.103416339791633,other,other,0.1226354259474659,6.14259457423663e-09,0.4791482974544863,0.2263295952153415,0.029786701070246783,0.47093900086464363,0.19206357812819638,0.3746901203094582,0.41115114600713815,0.256182033324944,0.5597385969761014
116,4.127186720615657,S,other,0.12009676555873475,3.716820066676722e-09,0.5064991142757497,0.2384668069224298,1.9173956144474148e-08,0.47848339013643076,0.18295512077568665,0.37568594243595194,0.4120414012176442,0.25386066750002845,0.5597846176304432
117,4.150833477388364,S,other,0.11894068368290052,3.5653914750190226e-09,0.5087423160981243,0.23674336485606212,2.6647809143859785e-08,0.47952859494213,0.18146354187049857,0.3767082026672089,0.41291753698957145,0.25156708035276654,0.5598176755029023
118,4.17436026071711,S,other,0.11780154621810021,2.9499329510797115e-09,0.5109482215675001,0.2350662339718962,2.7860048656399644e-08,0.4805621044557067,0.1800002455055104,0.3776973466442294,0.4137345411339353,0.24935331682444709,0.5598367463069042
119,4.19777068365819,S,other,0.11667892373254693,4.307952614752107e-09,0.5131167131435643,0.23323522471612948,5.265212376637036e-08,0.48155330564727095,0.17856372987544325,0.3787620601716073,0.41457606223364274,0.2471148874267738,0.5598380024469831
120,4.221068293779043,S,other,0.11557240025121979,5.818984019953035e-09,0.5152492146207296,0.23145371530929057,6.655203716287958e-08,0.4825347131175208,0.1771535740374392,0.3797847404942012,0.4153535692100635,0.2449562357617634,0.5598201392929009
121,4.244256546287251,S,other,0.11448157412099128,1.4010223549874856e-09,0.517346867922165,0.22962073601717478,1.5862372434059634e-08,0.4834912596311009,0.17576879293363337,0.38081877040672063,0.4161077770299085,0.2428250730887967,0.559780464631855
122,4.267338793493307,S,other,0.11340605805919729,1.2083526170936314e-09,0.5194107297313564,0.22773619320168126,8.199349882720652e-09,0.4844238978706585,0.17440842017076347,0.3818621155201197,0.4168374665359041,0.2407212049130387,0.5597180280277756
123,4.290318299626873,S,other,0.11234547802199964,3.9088862784699794e-10,0.5214416975102403,0.2257998237732929,4.501184849814032e-09,0.4853334047186739,0.1730716821712099,0.3829140395964355,0.4175426272415799,0.2386442789112179,0.5596330882017674
124,4.313198281381533,S,other,0.11129947095581989,4.572802959098947e-09,0.5234407355579526,0.22381119567247737,2.1025186997623346e-08,0.48622053306207363,0.17175782450691346,0.3839748797137941,0.41822421797256154,0.23659380810042735,0.5595268670449995
125,4.335981966281995,S,other,0.11026768186136408,6.756937556676826e-09,0.5254088636042762,0.22176967102450515,6.379966107353232e-09,0.4870860223785381,0.17046610194840786,0.3850455394642045,0.4188836576937249,0.23456923563539248,0.5594010319500591
126,4.358672655535607,S,other,0.10924976081449489,1.817852919745635e-09,0.5273468758814394,0.21967435550811257,1.767270325979258e-08,0.4879306086987444,0.16919577818836626,0.38612687760212777,0.4195222208576055,0.23257002022929105,0.5592570838180236
127,4.381273776922144,S,other,0.1082453605892411,2.2124583748064765e-09,0.5292555934602284,0.21763940770950851,1.0983059439431831e-08,0.4887705389074798,0.1679465723225463,0.38715700485998605,0.42010102589252685,0.23064780498151807,0.559096571057627
128,4.403788916563211,S,other,0.10725413533679073,3.5431232484364126e-09,0.5311359063562954,0.21543425260381177,1.508175447476331e-08,0.4895753151500804,0.1667170333460584,0.38825912699395193,0.42069916484373815,0.22869807917986418,0.5589179301128365
129,4.4262218248128775,S,other,0.10627574046141466,5.867458922386846e-09,0.53298876406266,0.21328957661506495,2.720256650954786e-08,0.4903767622285586,0.1655072548640109,0.38930692531227573,0.42123682241928967,0.22682483685092694,0.558721610214904
130,4.448576398855956,S,other,0.10530983350630235,8.52039566944867e-10,0.5348147658351828,0.21096607284373434,2.9991463255847112e-09,0.49114439288314166,0.16431582080854124,0.39042494405770184,0.4217901950719123,0.22492397390878294,0.558504559546285
131,4.470856650558678,S,other,0.10435607562032075,6.794040718579621e-09,0.5366155591701428,0.20870096399026436,8.06410947924731e-08,0.49190997548087256,0.1631428345780877,0.3914839338459678,0.422280296772354,0.223099522503671,0.5582665925149692
132,4.493066670937119,S,other,0.10341413308676971,1.069569374202977e-09,0.5383900402262817,0.20637058078267792,9.475297528787165e-09,0.49265846062907387,0.1619874014658015,0.392546300385056,0.4227444714457828,0.22129948310698874,0.5580056681089443
133,4.515210601638163,S,other,0.10248367847515606,1.946291177803136e-09,0.5401407695580484,0.20396926411088837,9.171590015540369e-09,0.49339053078585543,0.16084883156881977,0.39361199499931115,0.42318198648811906,0.2195238201084092,0.5577211713777869
134,4.537292619652292,S,other,0.10156439117826704,6.2017458904508615e-09,0.5418680933435035,0.20148951283584135,3.693124944593454e-08,0.4941067262635332,0.15972658175107426,0.3946821594143061,0.42359287736511747,0.21777242348906647,0.5574132480733617
135,4.559316935662498,S,other,0.10065595735795717,4.890194308258108e-09,0.5435724241753537,0.1989214054095648,5.192748028911936e-08,0.49480759669719016,0.1586200906320828,0.395759094442878,0.42397778260672,0.21604512801170822,0.5570826373894164
136,4.581287800968095,S,other,0.099758069542814,6.759811085233426e-09,0.5452550923252119,0.19625163298279816,6.683306670832172e-08,0.49549369273242105,0.15752882415901895,0.3968461200563264,0.42433761106797546,0.21434176214574766,0.5567303367710724
137,4.603209514558634,S,other,0.09887042623698405,4.788878647618936e-09,0.5469154541847744,0.19346202192145628,8.574045668300284e-09,0.4961655566747224,0.1564521997598511,0.39794749986322436,0.42467316284406353,0.21266220981818226,0.5563572212139767
138,4.6250864216175955,S,other,0.09799273189450046,7.414034671133579e-09,0.5485557112678305,0.1905271676675447,2.5670926814153962e-08,0.49682366244909854,0.15538976929759296,0.3990686523239935,0.4249848308661883,0.21100646419208555,0.555963744684004
139,4.6469228974200725,S,other,0.09712469746644373,4.465600432448698e-09,0.5501754925613092,0.1874102250124693,7.711947147740813e-09,0.4974684661743536,0.15434106400227945,0.4002169281459736,0.4252724742307381,0.2093746556332357,0.5555498147588988
140,4.668723315196829,S,other,0.09626604154877373,3.1965334344666336e-09,0.5517760607203381,0.18405521789238713,1.1316715481397573e-08,0.4981004997750142,0.15330554718243733,0.4014033999948773,0.4255354913022978,0.2077670448277172,0.5551148680938839
141,4.690492001445254,S,other,0.09541649195055388,9.85668717349078e-09,0.5533577526027084,0.18056124331108095,5.122184234281967e-08,0.49873555980184486,0.15228320182922772,0.40256571217385184,0.4257383349607549,0.20623528635088684,0.5546589276150327
142,4.712233185751479,S,other,0.09457578738430723,3.20946561757499e-09,0.5549214698431162,0.1764077879891648,1.6282085497786973e-08,0.49934337411021473,0.15127270662932138,0.4038949963750317,0.42595000612870554,0.20467707349161524,0.5541796311797199
143,4.73395095336035,S,other,0.093743678953132,1.003097647473397e-09,0.5564672926096339,0.17141339755910515,7.466570226597784e-09,0.4999396668317065,0.15027414234839145,0.405391300184744,0.4261350606712566,0.20314414840687034,0.5536774095583
144,4.755649207270054,S,other,0.09291993118798571,3.878036616895864e-09,0.5579960478840409,0.1643771544922505,5.9192716451029985e-08,0.5005249209821588,0.14928701782331097,0.40731908982213705,0.4262935870935524,0.20163680115904412,0.5531523704540193
145,4.777331643200778,S,other,0.09210432253570784,2.967434300340487e-09,0.5595081352825152,inf,1.944598395200508e-08,0.5011146907462739,0.148311504215118,inf,0.4263926698330866,0.20020617583451983,0.5526059474920147
146,4.799001736664975,S,other,0.0912966453597177,6.026695962948646e-09,0.5610041079705989,inf,2.382792357876905e-08,0.5016788297109259,0.14734627694455107,inf,0.42650047882797293,0.1987504463999933,0.5520373605213973
147,4.8206627379669555,S,other,0.09049670563502542,4.4145708552929375e-09,0.562484739275375,inf,4.8600699667796097e-08,0.5022329313230964,0.14639148585430492,inf,0.4265842039177879,0.19732077146044083,0.5514484422586522
148,4.842317669355531,S,other,0.08970432256891814,2.2527570595814616e-09,0.5639496376137835,inf,1.788620541395423e-08,0.5027925690489825,0.145447224306665,inf,0.426612084223964,0.1959679082910465,0.5508409034391296
149,4.8639693191360385,S,other,0.08891932833833166,6.3743186007518074e-09,0.5653997529290395,inf,6.305274203598169e-08,0.503327566776903,0.14451231569433065,inf,0.42665015475493917,0.19459072590005527,0.5502135631266449
150,4.885620229936498,S,other,0.08814156803358211,3.5245078994597125e-09,0.5668357428141434,inf,1.7725035737664096e-08,0.5038533495825217,0.14358701427071754,inf,0.4266657414581955,0.19324022366574364,0.5495675040239264
151,4.907272681545496,S,other,0.08737089978996637,4.210708062416625e-09,0.568257801132766,inf,4.569468907501768e-08,0.5043854708615158,0.14267138460516754,inf,0.42662709978787006,0.19196696921081585,0.5489036077257285
152,4.92892867160782,S,other,0.08660719496514385,1.7561546709871537e-09,0.5696650089002686,inf,9.854359216946513e-09,0.5048937636475004,0.14176436035239962,inf,0.42659794152521996,0.19067069520615304,0.5482200510792268
153,4.950589898996671,S,other,0.08585033820337025,3.9149337791770725e-09,0.5710591048908169,inf,2.9800767807524675e-08,0.5053936553045054,0.140866136975477,inf,0.42654631448511054,0.1894020831579908,0.5475177868181702
154,4.97225775443017,S,other,0.08510022722818726,7.553956106908027e-10,0.5724399124149709,inf,3.5219177120763405e-09,0.5059004128288015,0.13997700565041168,inf,0.42644164318310496,0.18821119549128146,0.546798053341231
155,4.993933321068031,S,other,0.08435677229032185,6.070730013628921e-09,0.5738079086446957,inf,1.0241072637806217e-07,0.5063840151051613,0.13909588728119227,inf,0.4263466590161538,0.18699840058383643,0.5460596727416387
156,5.0156173851494925,S,other,0.08361989528753118,7.293577418674164e-09,0.5751631193651714,inf,8.427817641364735e-08,0.5068597782391532,0.1382229791678342,inf,0.4262310296945192,0.18581374214020313,0.5453043952089809
157,5.037310454193035,S,other,0.0828895286677876,7.390424847753896e-09,0.5765040567482737,inf,9.335687756551649e-08,0.5073430322722892,0.1373585370207616,inf,0.4260655893190169,0.18470659662289718,0.5445340841331965
158,5.059012778730439,S,other,0.08216561425493228,2.0877516796491625e-09,0.5778345052868238,inf,1.0294181169229792e-08,0.5078035332520618,0.13650174110649013,inf,0.425911709213097,0.18357812585406477,0.5437477681491372
159,5.080724373440434,S,other,0.08144810214960034,1.4925464387775532e-09,0.5791519334969758,inf,1.3522035944977187e-08,0.5082566942610569,0.1356527277397917,inf,0.4257397032035882,0.18247789359232702,0.5429470485595171
160,5.102445034791817,S,other,0.08073694978973964,3.5999658551178598e-09,0.5804571506151626,inf,1.5416911151922936e-08,0.5087175457123702,0.13481189342109617,inf,0.42552069174235196,0.18145482201508142,0.5421333183516721
161,5.124174354348432,S,other,0.0800321211933265,4.25014164232582e-09,0.5817502474927596,inf,2.8629751751387584e-08,0.5091562549190631,0.13397820590609097,inf,0.4253138783611604,0.18041123507992654,0.541304948219603
162,5.14591172894047,S,other,0.07933358633314398,5.706859960990696e-09,0.5830314029495012,inf,7.261317096058236e-08,0.5095878994535152,0.1331520379402359,inf,0.4250898269233278,0.17939630872352502,0.5404630236519946
163,5.167656370242831,S,other,0.07864132055444767,2.793532131798667e-09,0.584300580078601,inf,1.291911259740039e-08,0.5100126590942194,0.13233323372197903,inf,0.4248487163609708,0.178410207073003,0.5396077070253945
164,5.189407316511472,S,other,0.07795530395417981,6.50579655070699e-09,0.5855578862671953,inf,3.6429554373772465e-08,0.5104454022968281,0.131522245228008,inf,0.4245624805411178,0.17750107928780956,0.5387402361837229
165,5.21116344833847,S,other,0.07727552065409243,5.81412949187364e-09,0.5868038979743141,inf,9.003237379100926e-08,0.5108564559372072,0.13071808576969604,inf,0.4242885013857711,0.17657272098473778,0.5378590938963597
166,5.232923508712974,S,other,0.07660195798387151,8.289029125543762e-09,0.5880380982061957,inf,5.8644751975757044e-08,0.5112609317340954,0.1299210202784358,inf,0.42399873293564744,0.1756733765734932,0.5369657742084549
167,5.254686126045618,S,other,0.07593460560640894,4.464421719115092e-09,0.5892604766365158,inf,4.6510257956159124e-08,0.5116587684352288,0.1291310803061422,inf,0.4236937709839072,0.17480302290150135,0.5360608504560478
168,5.276449837724148,S,other,0.07527345467838953,3.777856205906114e-09,0.5904714256579244,inf,4.524800181396896e-09,0.5120648467748025,0.12834865999075018,inf,0.4233467455235146,0.1740087677462929,0.5351458363465595
169,5.298213111570785,S,other,0.07461849711177945,7.1597717898601745e-09,0.5916711148437568,inf,1.832404740505605e-08,0.5124496739057037,0.12757276142365043,inf,0.4230131279182894,0.17319611891155215,0.5342191391143587
170,5.319974363270452,S,other,0.07396972499661941,8.823151147200421e-10,0.5928593908164319,inf,4.235137993317121e-09,0.5128281614042963,0.12680374418897886,inf,0.4226655195245373,0.17241250270644712,0.5332819679585684
171,5.341731969114415,S,other,0.07332713019529405,7.866734087736897e-09,0.5940362261718167,inf,4.506287814590713e-08,0.5132003585920031,0.12604157359893525,inf,0.42230402009442747,0.17165803226737383,0.5323343948807683
172,5.363484274757173,S,other,0.07269070406891247,2.595823659414505e-09,0.5952021469619093,inf,1.7315241473442462e-08,0.5135809049318842,0.1252867463096116,inf,0.4219021168243861,0.17097898525820537,0.5313774188939723
173,5.385229601631802,S,other,0.07206043729592335,2.828784297666476e-09,0.5963566279467886,inf,1.6672571877861865e-08,0.5139406235628484,0.12453816705561394,inf,0.4215130667689164,0.17028299328234334,0.5304089732431226
174,5.406966252915859,S,other,0.07143631970578468,9.32101391540709e-10,0.5974999710546075,inf,1.2076166214877477e-08,0.5142942709212021,0.12379624382585633,inf,0.4211101699939208,0.1696165876004499,0.5294300820811282
175,5.428692520471305,S,other,0.07081834010137732,3.6240611389880422e-09,0.5986322786605096,inf,2.499396948248498e-08,0.5146418933866853,0.12306094246035604,inf,0.42069355020887506,0.16897987718992466,0.5284408362471847
176,5.450406693242892,S,other,0.07020648604869059,1.7354914475021516e-09,0.59975370393973,inf,1.4453648159702987e-08,0.5149980305315404,0.12233275988143465,inf,0.4202377255258538,0.16841796296949216,0.5274424396358356
177,5.472107066583573,S,other,0.0696007436559695,2.9373020824536153e-09,0.6008639883185708,inf,3.9431663506258854e-08,0.5153337616886716,0.12161055477487195,inf,0.41979448030730937,0.16784056574584735,0.5264330010511398
178,5.49379195126755,S,other,0.06900109737377315,4.789797398308479e-09,0.6019634764186522,inf,3.0590040085459944e-08,0.5156636218268396,0.1208948424304136,inf,0.4193381263946845,0.1672930653357067,0.5254137193576371
179,5.515459680787718,S,other,0.06840752985661268,1.878997151352095e-09,0.6030522487626909,inf,7.762853782752238e-09,0.5160021722862846,0.12018602842918595,inf,0.41884371523290725,0.1668196889924964,0.5243857442510267
180,5.537108615929356,S,other,0.06782002190836611,7.367228745194826e-09,0.6041302639342905,inf,4.2844791661578505e-08,0.5163205246933814,0.11948309523536015,inf,0.41836162543148064,0.16633200913771282,0.523346953004331
181,5.558737146373263,S,other,0.0672385525098767,2.131120846653857e-09,0.6051974217930723,inf,7.930025416725038e-09,0.5166333177871248,0.11878637945340509,inf,0.4178665310385713,0.16587464350962502,0.5222983114021164
182,5.5803436898988075,S,other,0.0666630989167217,1.6943786960377876e-09,0.6062540573487877,inf,7.64557615692405e-09,0.5169548482476207,0.11809645532627697,inf,0.41733384017976344,0.16549097921110575,0.5212407627496283
183,5.601926690327332,other,other,0.07158160166030861,3.700148588875768e-09,0.4407565691642866,inf,0.16108133427962895,0.5760979832370374,0.17120709178185858,inf,0.4168126386627305,0.1650945433816919,0.5201720183306933
184,5.623484615483826,other,other,0.07098223525873879,7.59054265160131e-09,0.4416748284557441,inf,0.15955363801872768,0.5765926685935762,0.1690319861107773,inf,0.4162540582828659,0.1647715512111296,0.5190941475143663
185,5.645015956150224,S2,other,0.06961668206376397,2.658741330656078e-09,0.7471207672404934,inf,0.11606293052625742,0.6296075502559945,1.0428836935040067e-08,inf,0.4157065411438076,0.16443679346254808,0.5180049379250307
186,5.666519226390545,S,other,0.06442093390290785,1.6511173806067282e-09,0.6103759772365713,inf,1.3098023692733061e-08,0.5181435037583595,0.11539635749055084,inf,0.4151458345605096,0.16413325776883372,0.5169054933432691
187,5.687992964990862,S,other,0.06387516559513352,5.968470506542245e-09,0.6113811462851255,inf,7.927942093213388e-08,0.5184379993967186,0.11473676793730046,inf,0.41454844328842894,0.16390253576157277,0.5157969696929542
188,5.7094357373125355,S,other,0.06333524605558892,5.437759108127308e-09,0.6123754528849666,inf,6.835956689329201e-08,0.5187273430387069,0.1140830118891939,inf,0.4139383834566766,0.16370254604678533,0.514678309982639
189,5.730846136747623,S2,other,0.0671599297348305,1.1690074791522847e-09,0.7469598983771243,inf,0.11343004395159993,0.6280974426301502,2.606131280752042e-09,inf,0.41333894403134286,0.1634926228303844,0.5135483991962787
190,5.752222785194702,S2,other,0.06656272548509383,9.014228373606844e-09,0.7469187653479864,inf,0.11279879050904408,0.6277303417756172,9.25594716472714e-09,inf,0.41270346125584684,0.1633547867145793,0.5124094318706893
191,5.773564332419355,S,other,0.061750249263319866,4.434648022380041e-09,0.6152985654398313,inf,6.974679714666127e-09,0.5195367074859637,0.11215536176054139,inf,0.4120782146332867,0.16320801597259496,0.5112590779314158
192,5.794869454634832,S,other,0.06123338816622276,3.392090396774189e-09,0.6162532798168562,inf,1.0116420383232254e-08,0.5198059333748029,0.11152455490770713,inf,0.41141715879495416,0.16313288715265198,0.5100994953733816
193,5.816136852953064,S,other,0.06072220197818642,4.2175346133007076e-09,0.6171982942485912,inf,3.431053894521484e-08,0.5200702891399246,0.11089933309420667,inf,0.4107433112894539,0.16308912843022133,0.5089294635249872
194,5.837365252408155,S,other,0.06021665289669793,3.1174346995669543e-09,0.6181336340983408,inf,8.932328489531188e-09,0.5203298467647269,0.11027963401046086,inf,0.410056646342349,0.16307683989918748,0.5077489183417884
195,5.858553402046173,S,other,0.05971670226500064,2.305490859245937e-09,0.6190593835193725,inf,1.4074075966135499e-08,0.5205707711500813,0.10966485152677559,inf,0.4093794482902821,0.1630575729422196,0.5065566786223874
196,5.879700076205852,S,other,0.059222310589241905,3.42556105891924e-09,0.6199756806935055,inf,4.658546386274848e-08,0.5208209500917864,0.10905602526009599,inf,0.40866706802737685,0.1631087725417802,0.5053550572709182
197,5.900804076734728,S,other,0.05873343753441771,2.225844392464537e-09,0.6208825972383473,inf,1.2835341293838097e-08,0.5210665432801947,0.10845254636532518,inf,0.4079419919543696,0.16319154653513485,0.5041429256473713
198,5.921864235633834,S,other,0.0582500419133391,4.711201492763527e-09,0.6217801387869479,inf,1.5449879484556848e-08,0.5213075703352962,0.10785438299305411,inf,0.40720427347147015,0.16330588787854813,0.5029202977519757
199,5.942879417579731,S,other,0.05777208167810295,1.4718288995885752e-09,0.622668464379006,inf,4.919774183164033e-09,0.5215441650665423,0.1072614149431531,inf,0.40645394116431777,0.16345178872406294,0.501687162426529
200,5.963848521928897,S,other,0.05729951392678019,7.980175663619604e-10,0.623547694176253,inf,1.6552371985314834e-09,0.5217763446722219,0.10667363267146461,inf,0.40569099124189617,0.16362924625805295,0.5004434757429034
201,5.984770484086402,S,other,0.05683229492440303,6.381578589563441e-09,0.6244183424104275,inf,8.787219001506221e-08,0.5220041376331509,0.10609101331725705,inf,0.4049153914995985,0.163838261232257,0.4991891649287051
202,6.005644276401652,S,other,0.056370380132361494,4.414251825058993e-09,0.6252790493985262,inf,3.9312521689718903e-08,0.5222277399979798,0.105513374611588,inf,0.4041270937521866,0.1640788304792049,0.4979241407847213
203,6.026468908932857,S2,other,0.05939189619831869,2.520411723297285e-09,0.7463597456865884,inf,0.10495361753015697,0.6230193913009096,7.0150292401890826e-09,inf,0.4033049435281669,0.1643862659107578,0.496649513942618
204,6.047243430442296,S2,other,0.05888411044455656,1.0933191020685604e-09,0.7463153885193731,inf,0.1043799707231955,0.622664471214162,6.846664521821192e-09,inf,0.4024912494786611,0.16468946252664948,0.4953628065556342
205,6.06796692985518,S2,other,0.0583823118657074,3.0939927959204437e-09,0.7462709413551791,inf,0.1038099600863068,0.6223104679076691,8.265955742157609e-09,inf,0.4016647416278476,0.16502409220119466,0.4940651462126822
206,6.088638538200395,S2,other,0.057886442835624205,2.9702622185245013e-09,0.7462264187855943,inf,0.10324352770224206,0.6219573875113303,3.91286960196482e-09,inf,0.4008254019011831,0.165390069780362,0.49275647205739986
207,6.109257430841637,S2,other,0.05739644499232289,4.179598904474429e-09,0.746181671590005,inf,0.10270677204382682,0.6216210418020806,1.07265170212224e-08,inf,0.3999526345155098,0.16582099573213058,0.49143794210290537
208,6.129822829681918,S2,other,0.056912259242778734,8.32971313044927e-09,0.7461368766873165,inf,0.10214716088201135,0.6212697739651729,1.474814279179385e-08,inf,0.39908767609866846,0.16624895950915064,0.49010703048074944
209,6.150334005022911,S,other,0.05328159712028667,8.236889748851506e-10,0.6310644278477855,inf,2.0833442309671056e-09,0.5237189371990764,0.10160836614847417,inf,0.39818943226505255,0.16674086060245275,0.48876607691216883
210,6.170790276872873,S2,other,0.055961084087729235,8.83835964907041e-09,0.7460473388656733,inf,0.1010638010211098,0.6205857263224155,1.9549481468256095e-08,inf,0.3972985700731713,0.167230431940849,0.4874124712583513
211,6.191191015670805,S2,other,0.055493973027541464,8.883574381977899e-09,0.7460027082422771,inf,0.10053964607510892,0.6202528698617618,2.3113296638960427e-08,inf,0.39637443531752825,0.1677829664768564,0.48604851146606165
212,6.211535642560815,S2,other,0.055032430835562515,5.8845847735803304e-09,0.7459574502963128,inf,0.09999304905031076,0.6199052904909491,1.308328847397935e-08,inf,0.39545714611365024,0.1683338379510809,0.48467151064592034
213,6.231823629449585,S2,other,0.054576395203950946,5.517414376669897e-09,0.7459114039612691,inf,0.09947487799414119,0.619574189815194,4.865352428503111e-08,inf,0.3945065000110118,0.16894672089600568,0.48328374915462796
214,6.252054499083313,S2,other,0.05412580332099357,6.914360311347839e-09,0.74586769990965,inf,0.0989596010292249,0.6192439836981967,2.3975925044088133e-08,inf,0.39354238771007366,0.16958946969198344,0.4818837535432108
215,6.272227825298792,S2,other,0.053680591915683695,7.345303483336825e-09,0.7458228678042954,inf,0.09844712715555529,0.6189146431752637,3.1787178769131786e-08,inf,0.39256461614687077,0.17026200664392327,0.480471285720093
216,6.292343233477269,S2,other,0.053240697295021844,9.857021849542786e-10,0.7457771346561515,inf,0.0979374125685537,0.6185861719766363,3.06983570564339e-09,inf,0.391572977984713,0.17096425280691896,0.4790460923330698
217,6.312400401112328,S2,other,0.052806055380225744,7.768868069400388e-09,0.7457329132998858,inf,0.0974304472777317,0.618258593272988,6.281792007024566e-08,inf,0.3905672436231733,0.17169613414327062,0.47760789670437653
218,6.332399058338231,S2,other,0.05237660173326796,1.4120127521553647e-09,0.7456870731762315,inf,0.0969261506305029,0.6179318957358776,3.5863115707497168e-09,inf,0.3895471526774384,0.17245758837164776,0.47615639022135564
219,6.3523389882723,S2,other,0.0519522716022785,7.1989524541224426e-09,0.7456398106055797,inf,0.09642447727183187,0.6176060686474872,1.5752962631161503e-07,inf,0.38851240756311917,0.17324857027726362,0.4746912258375288
220,6.372220027094348,S2,other,0.05153299995264431,5.612486293085288e-09,0.7455973904109399,inf,0.09592547735868374,0.6172811939397923,2.8133700388595664e-08,inf,0.38746267073547574,0.17406905400006117,0.4732120152521923
221,6.392042063885999,S2,other,0.05111872151677474,7.609027877818463e-09,0.7455517915839492,inf,0.09542898207077005,0.616957164861262,5.498708465096248e-08,inf,0.3863975655946839,0.17491903205217887,0.47171832979163086
222,6.4118050403427285,S2,other,0.050709370835380185,3.247663180252986e-10,0.7455073464617064,inf,0.09493504430265165,0.6166340789603191,1.7361582870287149e-09,inf,0.385316679707192,0.1757985120217199,0.4702097036420776
223,6.431508950519656,S2,other,0.05030488229992296,4.7298524995177844e-09,0.7454615054148441,inf,0.09444355758706796,0.616311870578763,8.190259123660126e-08,inf,0.3842195682966552,0.17670751264211482,0.4686856373777738
224,6.4511538407649365,S2,other,0.04990519018778952,7.198373597601304e-09,0.7454174371710157,inf,0.09397833093413167,0.6160056053297336,2.39171250337942e-08,inf,0.38308711340205553,0.17767310892237087,0.46714691745019976
225,6.4707398099406825,S2,other,0.04951022869210671,2.8446374793571055e-09,0.7453728716075941,inf,0.09349158402316174,0.6156851858691976,1.806609936751935e-08,inf,0.3819561955271826,0.17864087775055482,0.46559035081962563
226,6.490267009955203,S2,other,0.04911993194180771,7.210629688803149e-10,0.7453284998237073,inf,0.09303076636090749,0.6153806023655495,8.060148364178677e-09,inf,0.38078908326529187,0.179664616739475,0.464017978796534
227,6.5097356465618414,S2,other,0.04873423401793922,8.870041189610114e-09,0.7452817930211034,inf,0.09254855201247121,0.6150619325049753,1.2476375433196134e-07,inf,0.3796221852338118,0.1806913508424874,0.4624265096960026
228,6.529145980342534,S2,other,0.04835306896026671,3.764958788160528e-09,0.7452404395768714,inf,0.09209206433427002,0.6147590997238743,3.7708899702945583e-08,inf,0.37841808035147784,0.18177349862036607,0.46081792142672595
229,6.548498327797329,S2,other,0.04797637078389857,3.752578819297275e-09,0.7451963263811313,inf,0.09163755672248307,0.6144570478968576,5.0818860947189645e-08,inf,0.3771945384831052,0.18288482387125896,0.4591901518312834
230,6.567793062497876,S2,other,0.04760407347797807,1.5410430522501246e-09,0.7451513754138568,inf,0.0911619102819863,0.6141410942640442,7.647330231447213e-09,inf,0.37596890077407946,0.18400044900540236,0.457541067139395
231,6.587030616314697,S2,other,0.047236111015496685,1.3967054638449595e-09,0.7451071881703066,inf,0.0907114725314598,0.6138407580113237,4.354185874635997e-09,inf,0.37470417727062044,0.18517081970046334,0.4558725351138027
232,6.60621148077281,S2,other,0.04687241735481179,1.0570298409304274e-09,0.7450631700291309,inf,0.09026297157188433,0.6135412616001811,4.007099755904689e-09,inf,0.37341771260482803,0.1863707556482539,0.45418233740305697
233,6.625336208610901,S2,other,0.04651292643925987,8.332173715983079e-09,0.7450205123886882,inf,0.08981638963386672,0.6132426132990623,6.540092898242069e-08,inf,0.3721086556170953,0.18760040122041674,0.45246956282260253
234,6.644405415609023,S2,other,0.046157572190263424,2.3997803170822026e-09,0.7449757376997294,inf,0.0893716546795683,0.6129447960012749,7.425586908334257e-09,inf,0.37077612067635934,0.18885989838604017,0.4507332663533502
235,6.6634197827136,S2,other,0.04580628849884386,7.4281678036144e-09,0.7449326431816079,inf,0.08892878120956538,0.6126478337242027,4.586494161487897e-08,inf,0.36941919155096653,0.1901493818627851,0.44897247358830733
236,6.682380058439586,S2,other,0.04545900920803855,9.097117850984094e-10,0.7448885971528962,inf,0.08848770401509108,0.6123517099701783,1.7343914061009129e-09,inf,0.3680369251446925,0.19146897480824568,0.44718618512926117
237,6.701287061483437,S2,other,0.045115668097084394,1.1598743657866198e-09,0.7448452219224617,inf,0.08804841497666693,0.6120564388766292,2.795106713869985e-09,inf,0.36662835583835834,0.19281878450935813,0.4453733816876758
238,6.720141683449114,S2,other,0.04477619886145898,4.109240757678606e-09,0.7448022429372411,inf,0.08761087609433232,0.6117620144266367,2.580424394471002e-08,inf,0.36519250141832077,0.19419889726836537,0.4435330308896326
239,6.738944891577253,S2,other,0.044440535095445,5.434994284398558e-09,0.7447592560888195,inf,0.087175061124351,0.6114684478623771,1.891271647040099e-08,inf,0.36372837150588516,0.19560937172194998,0.4416640967173047
240,6.757697731371218,S2,other,0.044108610277396584,5.940186235216893e-09,0.7447158876806269,inf,0.08674092606764511,0.6111757263714269,1.868014693484838e-08,inf,0.3622349790940406,0.197050230116058,0.43976555220618785
241,6.776401329023896,S2,other,0.043780357760614015,8.98021493690533e-09,0.7446743676374555,inf,0.08633056123570719,0.6108980855273259,6.820902838174027e-08,inf,0.3606942730056692,0.19854334428838982,0.43783781538656624
242,6.795056893554692,S2,other,0.04345571076629229,6.5604178829389024e-09,0.7446307259991036,inf,0.0858996247855697,0.6106070181800943,1.8879608409280277e-08,inf,0.35913957197024166,0.20004460210050615,0.4358770965038278
243,6.813665718559153,S2,other,0.04313460239165302,9.065964822365836e-09,0.7445883024950867,inf,0.0854703042789605,0.6103168157612344,3.514877249274205e-08,inf,0.35755283111140285,0.20157598397762794,0.433883918453492
244,6.832229183450971,S2,other,0.042816965612698765,6.9729984951301505e-09,0.7445455725804916,inf,0.08506438742552115,0.6100415316654885,2.522860315979148e-08,inf,0.3559164283220813,0.20315847421509575,0.43185892375054885
245,6.850748754040812,S2,other,0.042502733317995034,5.985360160147032e-09,0.7445035388456518,inf,0.08463810506612895,0.6097529919117288,1.827207342916118e-08,inf,0.35426341245504,0.20474905121462275,0.42979855866318656
246,6.869225982256149,S2,other,0.042191838336306416,6.955453454981744e-09,0.7444617049174235,inf,0.08423502270384618,0.6094792876941768,2.3726782803655147e-08,inf,0.3525596550868502,0.2063895275460478,0.42770518058595214
247,6.887662504770255,S2,other,0.04188421349369839,6.313010790506062e-09,0.744419698189924,inf,0.08381166112452218,0.609192406304202,2.0936430381429737e-08,inf,0.35083816209982527,0.20803743775144373,0.42557553284582217
248,6.906060040285367,S2,other,0.041579791685130624,5.232160046859546e-10,0.7443779142539538,inf,0.0834112916480419,0.6089202659941438,1.7574913765065156e-09,inf,0.34906549577706,0.20973353325886507,0.42341239245292245
249,6.924420385210125,S,other,0.03969450273890781,2.757442006715446e-09,0.6574241528204232,inf,4.564579957408775e-08,0.5299340930585217,0.08300350533348745,inf,0.34725833542710843,0.21145608093747367,0.4212144071896459
250,6.942745407486836,S2,other,0.040980289698359276,2.0327725346725382e-09,0.744294877812271,inf,0.08259299398026311,0.6083644745074256,5.3618132265635284e-09,inf,0.3454332868586438,0.21318384308526597,0.4189804726848655
251,6.961037038358834,S2,other,0.04068507665004756,1.7314704112447097e-09,0.7442536380478567,inf,0.08219647572152075,0.6080946619029103,4.227600173015161e-09,inf,0.343558185877592,0.21495599457656228,0.41671425169742443
252,6.979297261919435,S2,other,0.04039280122198586,8.648444023860632e-09,0.7442141834629369,inf,0.08180119354877757,0.6078256294892318,1.1402059537571115e-07,inf,0.34165033457622074,0.2167507252484171,0.41441530751147393
253,6.997528102348469,S2,other,0.0401033986281235,7.614399075138148e-09,0.7441703541274387,inf,0.0813858365063116,0.6075436325539826,9.774142883103217e-08,inf,0.3397270576914434,0.21854657852638146,0.412083543649875
254,7.015731608817433,S,other,0.03837298778351141,8.630302316550318e-09,0.6601138593977577,inf,1.4032330676882455e-07,0.5305357716820219,0.08099854128509242,inf,0.33775773449774993,0.22038116393399076,0.4097237917027801
255,7.033909838127612,S,other,0.03811608738969098,9.735927738212446e-09,0.660641799407914,inf,1.007106710180736e-07,0.5306575827310627,0.08060297301977275,inf,0.33576053625792346,0.2222324050922329,0.4073367736050907
256,7.052064835235042,S,other,0.03786152668348622,2.9891547571408302e-09,0.661165202922101,inf,5.4714341689442284e-08,0.5307782441842088,0.08020919465520249,inf,0.3337378712455349,0.22409783769936217,0.4049251335214154
257,7.070198611909114,S,other,0.037609253721223604,2.3445021203504858e-09,0.6616851339443366,inf,1.7683961495863148e-08,0.5308979943951267,0.07981695698621352,inf,0.33169254189955816,0.22597475619219018,0.40249192719216237
258,7.088313123864195,S,other,0.037359218459052004,1.9901333285778463e-09,0.6622018603431976,inf,1.432061939111401e-08,0.5310169071174248,0.07942616605778097,inf,0.3296277288140517,0.22786022803500272,0.4000406027216165
259,7.106410246790287,S,other,0.037111373028753794,7.946276447140477e-10,0.6627153623237575,inf,9.72337524789143e-09,0.5311350215178885,0.07903678054707249,inf,0.32754696141092576,0.2297511170038726,0.39757496731504643
260,7.124491751783859,S,other,0.036865672005869134,2.963928466523342e-09,0.6632257377925375,inf,2.0169419171466714e-08,0.5312524071608857,0.0786487245407878,inf,0.3254540748662174,0.23164411610251737,0.39509913957967063
261,7.142559280737369,S,other,0.03662207266415213,1.973614804546967e-09,0.6637331125477565,inf,1.5292249230753e-08,0.5313576555226456,0.07826128224475155,inf,0.3233686073340816,0.2335169485089305,0.39261589736568137
262,7.1606143222817495,S,other,0.03638053521077292,1.2349121431797959e-09,0.6642375147599153,inf,1.4390567610113574e-08,0.5314737496286257,0.07787574795536094,inf,0.3212638433225526,0.23540388337295315,0.39013295478209453
263,7.1786581888882255,S,other,0.03614102299200759,7.240068359895405e-10,0.664739033642502,inf,9.18334946550203e-09,0.5315892614627507,0.07749138465875836,inf,0.3191596777355198,0.23728245446486174,0.3876533653526978
264,7.196691995725481,S,other,0.03590350266531336,3.8698369341066255e-09,0.6652376914425671,inf,5.578281965583161e-08,0.5317042303160411,0.07710815033582957,inf,0.3170604931219238,0.239149185063827,0.3851817612080092
265,7.2147166418390665,S,other,0.03566794433049793,8.145472971577035e-09,0.6657334621575454,inf,1.3492090453009613e-07,0.5318187100044383,0.07672598756895299,inf,0.3149705988067282,0.24100071705033743,0.38272267776313423
266,7.232732794176805,S,other,0.03543432161384776,6.298614138628103e-09,0.6662268453245404,inf,9.783666327604216e-08,0.5319327058326381,0.07634488998149123,inf,0.3128941431424616,0.24283387902560646,0.38028046038175195
267,7.250740874931409,S,other,0.03520261170921944,1.9408976697036807e-09,0.666717482683335,inf,1.2131297227751054e-08,0.5320462660236157,0.07596481337205137,inf,0.3108350316263059,0.24464574978999848,0.3778591776118485
268,7.26874105261204,S,other,0.03497279536058484,1.171007027152428e-09,0.6672054480572719,inf,1.0498244222753875e-08,0.5321594165055773,0.07558572418913095,inf,0.30879685521686334,0.24643371328338942,0.37546254560462394
269,7.2867332371895515,S,other,0.03474485679295843,1.8497339453391768e-09,0.6676907824327177,inf,1.490828131649379e-08,0.5322721766576765,0.07520760308054286,inf,0.30678283248688987,0.248195501589992,0.37309386759245117
270,7.304717079582163,S,other,0.034518783591541494,1.4541132168748473e-09,0.6681735741496698,inf,1.0370762098713173e-08,0.5323845578386038,0.07483044253486164,inf,0.30479576818539766,0.2499292235116053,0.37075599117520874
271,7.322691975654063,S,other,0.034294566526243284,1.5038127993533146e-09,0.6686538011807048,inf,1.2025282024898883e-08,0.5324965804993399,0.07445422117883421,inf,0.3028380294911041,0.25163337740079084,0.3684512847875855
272,7.3406570747840405,S,other,0.03407219932532293,1.2878415377388106e-09,0.6691314796328409,inf,1.0330931318604106e-08,0.5326082466614763,0.07407894005299254,inf,0.3009115398936822,0.2533068482502187,0.36618163327581943
273,7.358611292922723,S,other,0.03385167840318873,8.434275494863653e-09,0.6696064209960108,inf,1.4785789143676722e-07,0.5327195394161397,0.07370461515078282,inf,0.29901778941547585,0.25494889026995554,0.36394845118748737
274,7.376553329898137,S,other,0.03363300254292011,6.64815844381607e-09,0.6700791165518906,inf,8.01366552433253e-08,0.5328305024004624,0.07333121483190942,inf,0.29715785892491736,0.25655909718810843,0.361752711324593
275,7.394481690558637,S,other,0.033416172555239286,9.855235314892158e-09,0.6705492463958492,inf,1.6755151628852024e-07,0.5329520206579971,0.07295950644519433,inf,0.295317834694867,0.2581547365979556,0.3595967153321561
276,7.412394709173185,S,other,0.03320119089555977,3.5102981258704736e-09,0.6710167917083975,inf,3.2101943259463765e-08,0.5330622861239889,0.07258793576042741,inf,0.29352737761566344,0.2597010900663628,0.35747723241797824
277,7.43029057635767,S,other,0.03298806129001478,1.4375630360603712e-09,0.671481718353694,inf,1.2939648635876687e-08,0.5331721283595247,0.07221740723462781,inf,0.29177191853477147,0.26121600640535486,0.35539590612362204
278,7.448167367678884,S,other,0.032776788334750645,3.995879685032272e-09,0.6719441315788822,inf,5.2564733909976355e-08,0.5332816308261801,0.07184782339444834,inf,0.2900513227428055,0.26270000052512393,0.3533524187376091
279,7.466023073017686,S,other,0.03256737711919154,1.7573480963343265e-09,0.6724038632935116,inf,3.275999812199748e-08,0.5333906699372589,0.07147932325539047,inf,0.288365275295266,0.26415369945082734,0.3513462679038289
280,7.483855625757617,S,other,0.03235983286373098,5.007326422087059e-09,0.6728611958676832,inf,8.857319807075788e-08,0.5334994012120039,0.07111172965612923,inf,0.2867133290080657,0.2655778000474695,0.3493768195136019
281,7.501662930905855,S2,other,0.0329771211061168,9.597112499454058e-09,0.74308304571018,inf,0.07073886633431539,0.6003362536420223,1.7726475873787286e-08,inf,0.285094948406497,0.26697303211072576,0.3474433557741218
282,7.519442891344423,S,other,0.03195036479602583,5.1700278910278316e-09,0.6737672292973038,inf,5.8853944612597985e-08,0.5337261395430682,0.07038057384754644,inf,0.28349517084106435,0.2683566317952563,0.3455469066033066
283,7.537193431541281,S2,other,0.032533441736843326,4.9583825933826965e-09,0.7430104591861559,inf,0.07001991756203772,0.5998563129384463,1.2880727926065393e-08,inf,0.28194217548849626,0.2696961725439893,0.3436831343598197
284,7.554912518209863,S2,other,0.03231481826213803,6.61850104174221e-09,0.7429749012112717,inf,0.06965129980881221,0.599611330430341,3.1454235687043144e-08,inf,0.2804209628016314,0.271008957811529,0.34185307412386096
285,7.572598177578394,S2,other,0.03209833987798873,5.2337169975859775e-09,0.742938897999126,inf,0.06928315306487662,0.599367118116801,9.673264061836705e-09,inf,0.2789309667333246,0.27229560859126956,0.34005601935132584
286,7.590248509104171,S,other,0.031154006406453282,7.735060798487392e-09,0.675546707958874,inf,1.6167776444095836e-07,0.5341634716660092,0.0689303896410143,inf,0.27745737726179925,0.2735726863319737,0.33829313579757037
287,7.607861695632289,S,other,0.03095962809913942,9.425491085737331e-09,0.6759858828712936,inf,1.0130454248478401e-07,0.5342689270572911,0.06857046231817644,inf,0.27602830097090647,0.27480858093183025,0.33656019347718125
288,7.625436010145317,S,other,0.03076713189104382,2.857076079154949e-09,0.6764214525327124,inf,3.1198100725953476e-08,0.534384333647242,0.06821245672372389,inf,0.27461475232547533,0.27603562076725807,0.3348603005187414
289,7.642969819374623,S,other,0.030576514267212914,6.29823781562627e-09,0.6768547524394947,inf,7.643495194166404e-08,0.5344887378303413,0.06785489597185557,inf,0.2732448540671743,0.2772226009065659,0.3331893080399122
290,7.6604615846420545,S,other,0.030387770429833105,7.85611134786416e-09,0.6772847836548735,inf,6.208287471136227e-08,0.5346031258285754,0.06749913240180894,inf,0.27188977038864015,0.27840126823519906,0.3315504509813457
291,7.677909860370927,S,other,0.030200894364895082,6.605989770689965e-10,0.6777119635774063,inf,2.889263083080259e-09,0.5347066409539936,0.06714376614431113,inf,0.2705776301177047,0.27954085449820343,0.32993963229706413
292,7.695313290747224,S,other,0.03001587892412429,9.736051235122742e-09,0.6781369903483646,inf,7.293225280098611e-08,0.5348198837797357,0.06679038736650546,inf,0.2692797014827917,0.2806725642518743,0.3283601746621171
293,7.712670605026449,S,other,0.029832715913247255,7.635653216659939e-10,0.6785586713653033,inf,6.346974225703471e-09,0.5349223993210744,0.06643733645436432,inf,0.26802409746260786,0.2817661001668847,0.3268079920179825
294,7.729980611970442,S,other,0.02965139619675642,7.521697372971183e-10,0.6789779699804456,inf,7.067080114253839e-09,0.5350346156173149,0.06608623876256929,inf,0.2667821409148093,0.28285216148341547,0.32528645252425303
295,7.747242193864695,S,other,0.02947190979145485,8.223323772604558e-10,0.6793945745704411,inf,6.328012255490939e-09,0.5351462859889459,0.06573630187187511,inf,0.2655677322239218,0.28391582983413105,0.3237933260105153
296,7.7644543005140045,S,other,0.02929424596436266,9.007482641077468e-10,0.6798084922237362,inf,7.745211263642471e-09,0.5352574102173768,0.06538752857539826,inf,0.26438056394887127,0.2849574436945241,0.3223282343431381
297,7.781615943547595,S,other,0.02911839332121844,8.841775793040887e-09,0.6802201730190581,inf,8.338919377250903e-08,0.5353578262042374,0.06503920886313568,inf,0.26323448500376573,0.28596271000049833,0.320888889411066
298,7.798726191289191,S,other,0.028944339883278415,8.816691954144677e-10,0.6806283343012157,inf,1.1304231885383994e-08,0.5354679694230626,0.06469268664398072,inf,0.26210081244912364,0.2869613981438877,0.3194786621715838
299,7.815784164368293,S,other,0.02877207316117294,1.7885470936635327e-09,0.6810344296532388,inf,1.4958817541054385e-08,0.5355775335138011,0.06434736962205605,inf,0.26099335996064355,0.28793912357895857,0.31809523178118426
300,7.832789032171156,S,other,0.028601580207483306,2.6194587061393667e-09,0.6814378785562474,inf,2.394680677341624e-08,0.5356865878590287,0.06400318599767973,inf,0.2599117478814822,0.28889627748583757,0.31673814512761184
301,7.849740010158108,S,other,0.028432847666421835,5.561952407638702e-09,0.6818387067423882,inf,8.066472050501422e-08,0.5357951296120548,0.06366014514343958,inf,0.25885557673445114,0.2898332633839211,0.31540692898100353
302,7.8666363580112435,S,other,0.02826586180941971,1.2795622385837708e-09,0.6822366539202104,inf,1.6987419413681283e-08,0.5359032147022732,0.06331819043088872,inf,0.25782442810963635,0.29075049576746964,0.31410109129009334
303,7.883477378525841,S,other,0.028100608565647896,9.12502460203267e-09,0.6826328029820146,inf,2.3350741487697733e-07,0.5360205546567812,0.06297831558453093,inf,0.2568036741098817,0.2916623394319849,0.3128220522201241
304,7.900262417121053,S,other,0.027937073538652362,1.8556185506578201e-09,0.6830253552377079,inf,1.9414371232350078e-08,0.5361277730191747,0.06263842285278078,inf,0.25582123744229235,0.292541229818707,0.3115654344928269
305,7.916990861821407,S,other,0.027775242028947603,3.5871656086285517e-09,0.6834162423695699,inf,3.4548044636159595e-08,0.5362343432782756,0.062299836204956285,inf,0.25486246701881915,0.2934016626056224,0.31033262470751166
306,7.9336621435493235,S,other,0.027615099040442282,3.552977769502194e-09,0.6838044065665451,inf,4.436375839176853e-08,0.5363404886155488,0.061962309848445175,inf,0.25392688344652437,0.2942440829532828,0.3091230747556306
307,7.950275736569573,S,other,0.027456629294264737,7.380566587838615e-09,0.6841896427904992,inf,4.38491751322274e-08,0.536455985660521,0.06162661832847486,inf,0.25299976053736983,0.2950824314881493,0.30793817768624476
308,7.96683115893729,S,other,0.027299817237573132,7.45186100055144e-09,0.6845732187092068,inf,5.301544082182352e-08,0.5365612283612167,0.06129123489132947,inf,0.2521090539610919,0.2958900712558999,0.30677347345218636
309,7.983327972820053,S,other,0.027144647055359274,6.031182605475098e-09,0.6849534827473054,inf,4.467373749485643e-08,0.5366757865536061,0.06095765820569347,inf,0.2512257669976033,0.29669433756767016,0.3056322967361581
310,7.999765784589324,S,other,0.026991102684341052,9.525472253136161e-09,0.6853319017381208,inf,1.634361284798969e-07,0.5367801783500298,0.060624378343446465,inf,0.2503778971945343,0.2974690406552466,0.30451015719137964
311,8.016144244605037,S,other,0.026839167823529422,4.6381335274196835e-09,0.6857084740778336,inf,8.072603088032715e-08,0.5368938089906486,0.06029289985785335,inf,0.24953637167348278,0.29824108995887566,0.30341040125315094
312,8.032463046647116,S,other,0.02668882595995575,4.573405629468647e-09,0.6860819723790851,inf,7.132455368972303e-08,0.5370070454320103,0.05996239069392595,inf,0.24871492551491162,0.2989976890392474,0.3023304882564824
313,8.048721926977166,S,other,0.026540060382094742,4.702662257762653e-09,0.6864532171572482,inf,4.7108931477834205e-08,0.5371102668624216,0.05963209657550717,inf,0.2479273671397407,0.2997264661180361,0.3012678582716362
314,8.064920663040835,S,other,0.026392854206570747,6.639650429998527e-09,0.6868221283095494,inf,9.962720285430308e-08,0.537222641655129,0.05930363681948347,inf,0.247144499340555,0.30045370568442975,0.30022588354703444
315,8.0810590718448,S,other,0.026247190401906553,7.622240475605095e-09,0.6871887084340985,inf,1.2898241807419785e-07,0.5373347218438059,0.058976046961791484,inf,0.24638010834784582,0.3011669368794667,0.2992020114189167
316,8.097137008060997,S,other,0.026103051816637617,9.492418135705581e-09,0.687553170417841,inf,2.0217228804090722e-07,0.5374464765992962,0.05864933430707155,inf,0.2456336612157706,0.3018666418213543,0.29819566721262203
317,8.113154361924057,S,other,0.02596042120238657,4.912223491035719e-09,0.6879159199220697,inf,9.167842331739906e-08,0.5375577590182065,0.0583236688487123,inf,0.2449046290976635,0.3025533003633474,0.29720628187385534
318,8.129111056995352,S,other,0.025819281248665813,7.497213476398287e-09,0.6882764759290247,inf,1.4599216863957962e-07,0.5376687511968892,0.05799885531710285,inf,0.24419248938599303,0.3032273879738847,0.29623329389578174
319,8.145007047869155,S,other,0.02567961460254438,7.836770522231737e-09,0.6886345731056437,inf,1.3921478889979383e-07,0.5377794366375855,0.057674935158961244,inf,0.24349672791361185,0.30388937346246564,0.29527615131912893
320,8.160842317893287,S,other,0.025541403897584712,2.1780483336807984e-09,0.6889904711758956,inf,4.0506534653048496e-08,0.5378898505778499,0.05735184654397883,inf,0.24281684114935934,0.3045397166492248,0.29433431374271124
321,8.17661687696939,S,other,0.025404631777736483,2.801155133684545e-09,0.6893445049879441,inf,4.6650419081434934e-08,0.5379999604279866,0.05702963129448742,inf,0.24215233831335742,0.30517886608158523,0.29340725427229203
322,8.192330759487213,S,other,0.025269280917860792,4.258092543640969e-09,0.6896965676801033,inf,5.879851673925575e-08,0.5381191199879243,0.05670903563734281,inf,0.2414881483468215,0.3058192192516823,0.29249647737817436
323,8.207984022434516,S,other,0.025135334043930247,4.207499966274106e-09,0.6900464803485608,inf,1.1922684837033992e-07,0.5382286497756148,0.056388508557639244,inf,0.2408529659531737,0.3064371765592936,0.2915974602033026
324,8.22357674371002,S,other,0.025002773949539415,5.177940742344673e-09,0.690394616179405,inf,6.580140541795521e-08,0.5383380912331781,0.05606861476880449,inf,0.24023178843676693,0.30704519883783815,0.2907117384589253
325,8.23910902065266,S,other,0.024871583510577132,8.009209533869216e-09,0.6907406633601836,inf,1.1747189380919555e-07,0.5384564504872791,0.055750404463147836,inf,0.23960948882963834,0.30765535664080645,0.28984088236677813
326,8.254580968786989,S,other,0.024741745696563084,6.941147849133094e-09,0.6910848616609977,inf,7.196110877982488e-08,0.5385654573734964,0.055432039669188894,inf,0.2390150319276388,0.3082445522787744,0.2889804037302984
327,8.269992720772517,S,other,0.02461324358090526,3.6464326877154367e-09,0.6914271057545078,inf,9.794240537641933e-08,0.5386834102684438,0.05511526168528648,inf,0.23841858530597113,0.3088364181546524,0.28813394369370626
328,8.28534442553493,S,other,0.02448606034804119,5.429727943069539e-09,0.691767279178029,inf,1.0307487047080213e-07,0.5388012561007243,0.054799076920253514,inf,0.23783448520896017,0.30941959863057433,0.2872990778236626
329,8.300636247549605,S,other,0.02436017930028496,9.026273438772133e-09,0.6921066528464553,inf,1.3868796216110508e-07,0.5389097413553938,0.05448285311339471,inf,0.23727725047946427,0.3099830694760715,0.2864733871544407
330,8.315868366242928,S,other,0.02423558386177474,2.8634298743961464e-09,0.6924431197815303,inf,8.832413521754001e-08,0.5390272782984568,0.05416800894978409,inf,0.2367168609058177,0.3105498800823143,0.2856605927973207
331,8.331040975474563,S,other,0.024112257583764857,4.1228052585853406e-09,0.6927782722786116,inf,5.82275846098466e-08,0.5391447086084478,0.05385376609956263,inf,0.23616782945054698,0.3111088867491817,0.2848583159239738
332,8.346154283063937,S,other,0.02399018414684389,4.0458871586599605e-09,0.6931115204355428,inf,2.3613255599926358e-08,0.5392620325966668,0.05354011860512437,inf,0.23562986080251422,0.31166035136311165,0.2840662323784553
333,8.361208510326485,S,other,0.02386934736475469,2.885735840110884e-09,0.6934433235714624,inf,1.0077221406655645e-08,0.539379267450315,0.053227052922631225,inf,0.2351026748716034,0.31220452216439676,0.2832840331698867
334,8.376203891589363,S,other,0.023749731187080916,3.303642231754838e-09,0.6937737308402943,inf,3.056063201793087e-08,0.5394964340688573,0.052914540858714165,inf,0.2345860053629724,0.3127416353806424,0.28251142297886656
335,8.391140673661809,S,other,0.023631319702989723,4.2696040637423625e-09,0.6941024194466944,inf,6.133756040689645e-08,0.5396135704960103,0.052602551981323055,inf,0.23407959833754824,0.31327191686946865,0.28174811864306376
336,8.406019115241929,S,other,0.02351409714464695,5.413691843038963e-09,0.6944295713283385,inf,8.188706022631224e-08,0.5397307192019629,0.05229102833456361,inf,0.23358321081902209,0.31379558370142613,0.2809938476824229
337,8.420839486248667,S,other,0.02339804789111059,5.952434338471186e-09,0.6947552524910198,inf,9.343328344087573e-08,0.5398479009571223,0.051979954600161915,inf,0.23309660950011124,0.3143128456237194,0.2802483469172901
338,8.435602067074896,S,other,0.023283156472760743,3.916242657726756e-09,0.6950791419695577,inf,1.1121795180772947e-08,0.5399652137613642,0.051669215979259144,inf,0.23261956959122418,0.31482390635586627,0.2795113612234099
339,8.450307147764264,S,other,0.02316940757696452,4.708653943602963e-09,0.6954018681309195,inf,1.8286927917396143e-08,0.5400913427394899,0.05135979306617882,inf,0.23213648671119738,0.3153394867236686,0.27878471679499633
340,8.464955027120602,S,other,0.023056786051632378,6.30425973074495e-09,0.6957232536542599,inf,2.2019692934585e-08,0.5402087426302778,0.05104989820178457,inf,0.2316778619447995,0.3158386596798642,0.27806402605708325
341,8.479546011763807,S,other,0.022945276911015177,6.219450407653918e-09,0.6960430835079231,inf,1.8808081817625172e-08,0.5403262963639437,0.05074031716471891,inf,0.23122816433415705,0.3163322168725983,0.2773511235444055
342,8.494080415149895,S,other,0.022834865341745097,6.439949204133572e-09,0.6963617177085698,inf,1.6766481112974082e-08,0.5404527182181732,0.050431907161720996,inf,0.23077161809359972,0.3168306423359929,0.2766478610786445
343,8.508558556575732,S,other,0.02272553670691415,5.752019997603505e-09,0.6966790768078177,inf,1.7873229935659335e-08,0.5405705812327495,0.05012292446337219,inf,0.23033911526075915,0.31731345412250106,0.2759498476253953
344,8.522980760189984,S,other,0.022617276551341985,4.904248972083484e-09,0.6969951954917551,inf,1.3750756201276396e-08,0.5406973313817917,0.049815036694239145,inf,0.2298992447823611,0.31780135667525683,0.2752610305249543
345,8.537347354031876,S,other,0.02251007060601592,3.7429902837894845e-09,0.6973101674339831,inf,1.3839693006472793e-07,0.5408241796084585,0.0495074817207874,inf,0.2294673950600281,0.3182842356171178,0.27457910814299663
346,8.55165866911794,S,other,0.02240390479203945,8.450165526603435e-09,0.6976241492833752,inf,1.6353623257680758e-07,0.5409429201893446,0.049198888499428224,inf,0.22905923659707061,0.31875225840570404,0.2739017718064182
347,8.56591503859475,S,other,0.02229876522191107,3.7931208948119175e-09,0.6979365763701321,inf,4.4215907463310595e-08,0.5410703038846819,0.04889162722848767,inf,0.22864295828194972,0.319225689619605,0.27323300045397847
348,8.580116796972357,S,other,0.022194638206241683,7.4668677120576e-09,0.6982483430320113,inf,8.223197476753556e-08,0.5411980454294906,0.048584383166174985,inf,0.22823417147712297,0.31969461995774434,0.2725704981783175
349,8.594264279449535,S2,other,0.02210172890499623,6.238620257531775e-09,0.7412429788419211,inf,0.0482825114024518,0.5866658077004353,1.4203299910949446e-08,inf,0.227832711688688,0.3201592156529128,0.27191406677375024
350,8.608357821337853,S2,other,0.02199310806375514,1.3924256122134472e-09,0.741225159336043,inf,0.04797726918255618,0.5865071488886215,1.154179884431992e-08,inf,0.22743842132660666,0.3206196382235458,0.27126351363179557
351,8.622397757587535,S2,other,0.021885568568844598,5.672477834208748e-09,0.7412080713144922,inf,0.047670970101721465,0.5863490003863664,2.060066586572535e-08,inf,0.2270511500194817,0.3210760441666339,0.2706186519595369
352,8.636384422414075,S2,other,0.021779095898968866,5.163084678411342e-09,0.741190819229743,inf,0.047363553175796415,0.5861913444323609,1.5131325955924448e-08,inf,0.22667075488380578,0.3215285847200193,0.2699793009472474
353,8.650318149020965,S2,other,0.0216736757596264,8.876863405694532e-09,0.7411740899484437,inf,0.04705499074661115,0.5860341991562172,5.5643904762678816e-08,inf,0.2262971007368638,0.32197740570660965,0.269345285873119
354,8.664199269410805,S2,other,0.021569294079881885,1.4580217682102811e-09,0.7411570943093628,inf,0.04674520876889952,0.5858775349363061,6.058190221045627e-09,inf,0.2259300602478035,0.3224226474666656,0.2687164381382017
355,8.678028114274483,S2,other,0.021465937009812183,1.0066679322664355e-09,0.7411406088874903,inf,0.0464341825771183,0.5857213774786972,2.666183207157479e-09,inf,0.22556951402641257,0.32286444487884974,0.26809259522962287
356,8.69180501294631,S2,other,0.021363590916336987,1.7434037837042369e-09,0.7411243316966193,inf,0.04612185246184463,0.5855657169600993,9.691433948602305e-09,inf,0.22521535065359788,0.3233029274651837,0.26747360061457687
357,8.705530293411792,S2,other,0.021262242379713643,4.685940895395403e-09,0.7411083704771629,inf,0.04580816454310793,0.5854105508625701,2.792137925819319e-08,inf,0.22486746666137125,0.3237382195713206,0.26685930357131327
358,8.719204282354287,S2,other,0.021161878188425777,1.1057249797415007e-09,0.7410925868961331,inf,0.04551475902291108,0.58526521464663,1.4939009710262747e-09,inf,0.22450884111191405,0.32417966294740647,0.26625168740427824
359,8.732827305226897,S2,other,0.021062485336983253,8.819289146318979e-10,0.7410770622000521,inf,0.0451982928592376,0.5851110123025601,2.9665721402706387e-09,inf,0.22417312562426692,0.3246088653065833,0.26564635813828835
360,8.746399686336748,S2,other,0.02096405101969119,5.880111989089935e-09,0.7410615223843565,inf,0.044902193325470074,0.5849665571306009,2.1173653358061275e-08,inf,0.22382627835778965,0.32504432490612245,0.2650474403795528
361,8.759921748929969,S2,other,0.0208665626272719,1.613840542295529e-09,0.7410465449141516,inf,0.04458272006191099,0.5848133164162417,5.36346461419963e-09,inf,0.22350239416186363,0.32546788158829626,0.2644505394214133
362,8.773393815267303,S2,other,0.020770007743191328,1.9106259435770542e-09,0.7410315958433583,inf,0.044283715883407994,0.584669757637932,1.720125917432073e-08,inf,0.2231670012075921,0.32589778741405195,0.26385979943834714
363,8.786816206682134,S2,other,0.020674374139338897,5.373899058082128e-10,0.7410170538490433,inf,0.04396097244171208,0.5845174691058937,1.4344169823923177e-09,inf,0.22285466895467987,0.3263161119973521,0.26327082377947997
364,8.800189243614794,S2,other,0.020579649773121687,2.2988909393792896e-09,0.7410024025570214,inf,0.04365880127971483,0.584374792162646,2.1833590678269663e-08,inf,0.22253046174516541,0.32674086619488796,0.26268777492030315
365,8.813513245619017,S2,other,0.020485822783393,8.46026053374933e-10,0.7409883343368021,inf,0.04333251256300057,0.5842234601794071,3.3292738573987112e-09,inf,0.22222945869201138,0.32715434697576473,0.26210625314190666
366,8.82678853133854,S2,other,0.02039288148843473,7.266833978521164e-10,0.740974296217228,inf,0.04302691140143234,0.5840816792328921,3.7659708574994744e-09,inf,0.22191622315218976,0.32757432867495456,0.2615304381298161
367,8.840015418453664,S2,other,0.020300814382497295,4.086442639952891e-09,0.7409603193214992,inf,0.04271954333584076,0.5839403201361821,2.2250374852287117e-08,inf,0.22160834088680254,0.32799203300624036,0.2609580779431147
368,8.853194223599374,S2,other,0.02020961013362291,5.073852626852241e-10,0.740946885837602,inf,0.04241034624059357,0.583799401126251,1.4210937474585815e-09,inf,0.22130577365042475,0.32840754813350237,0.26038906765313086
369,8.866325262257961,S2,other,0.020119257581417464,1.2783106790703169e-09,0.7409334271415833,inf,0.04209922261889527,0.5836588984901787,6.683333253496917e-09,inf,0.22100849006236137,0.3288209601438904,0.25982330514467444
370,8.879408848630291,S2,other,0.020029745734878042,4.416402256371074e-09,0.7409201901432078,inf,0.04178609672802296,0.5835188223693791,1.9637197605703638e-08,inf,0.22071646587504237,0.3292323531049917,0.25926069102548677
371,8.892445295490587,S2,other,0.019941063770473312,4.472584964534138e-10,0.7409072770149481,inf,0.04147087964815767,0.5833791770603746,1.2013149630949288e-09,inf,0.2204296843119775,0.32964180908677104,0.2587011285657292
372,8.905434914030131,S2,other,0.019853201030374433,3.1795106295872224e-09,0.7408944338010992,inf,0.041153467014300615,0.5832399481094517,1.3989336142664308e-08,inf,0.2201481364757271,0.3300494081547149,0.25814452366231105
373,8.918378013695369,S2,other,0.01976614702053316,5.43844121054652e-10,0.7408818632781241,inf,0.04083376635019923,0.583101149759167,4.665244259726824e-09,inf,0.21987182182666357,0.33045522834185553,0.2575907848221412
374,8.931274902025809,S2,other,0.019679891409086575,4.581382546782084e-09,0.7408693576616711,inf,0.04051166256280726,0.5829627741819802,3.0586439709984126e-08,inf,0.21960074873423374,0.3308593456075145,0.25703982315810037
375,8.944125884496684,S2,other,0.01959442402442728,2.299221880195027e-09,0.7408572402122431,inf,0.040187039612280456,0.5828248170760193,1.158433968707814e-08,inf,0.21933493510398905,0.33126183379019686,0.25649155239163757
376,8.956931264370763,S2,other,0.01950973485351117,7.49572692064211e-09,0.7408450449525416,inf,0.0398597543278112,0.5826872590723721,4.425436049663105e-08,inf,0.2190744090858994,0.33166276456171206,0.2559458888563456
377,8.969691342562946,S2,other,0.019425814039845234,8.85081546483815e-09,0.7408333024156976,inf,0.03952971160672761,0.5825501480456133,4.7054525231091967e-08,inf,0.2188192098723348,0.3320622073884038,0.255402751497599
378,8.98240641752042,S2,other,0.01934265188164953,3.4119521065471814e-10,0.7408218022073599,inf,0.039221569298147844,0.5824221878124057,7.465206023179254e-10,inf,0.2185493807674894,0.33246836249336553,0.2548642408314825
379,8.995076785120308,S2,other,0.01926023882987913,2.7367991579533557e-10,0.7408103651594967,inf,0.0388857707715387,0.5822858871596289,2.616240574690107e-10,inf,0.2183047669989812,0.33286497916485686,0.2543259255468506
380,9.0077027385858,S2,other,0.019178565485888206,8.538495991250884e-10,0.7407990671987611,inf,0.03854674012373311,0.5821500049771705,6.48726302734115e-09,inf,0.21806566112074127,0.3332603032211199,0.25378990880699825
381,9.020284568421005,S2,other,0.019097622599361583,7.847189123130616e-10,0.7407880387884819,inf,0.0382298483126673,0.582023162015283,2.2893739082082252e-09,inf,0.21781142718249094,0.333662384282702,0.25325830607392874
382,9.032822562363897,S2,other,0.019017401066013094,3.924170924419658e-10,0.7407771525130091,inf,0.037884081588842954,0.5818880882624897,1.913520094738962e-09,inf,0.21758335802449041,0.3340552538512692,0.2527266789430743
383,9.045317005356267,S2,other,0.018937891925229794,2.7097221274754748e-09,0.7407664132800655,inf,0.03756062122878674,0.5817619904989254,1.625327589486219e-08,inf,0.2173398425807861,0.3344549025175042,0.2521993362969884
384,9.057768179528884,S2,other,0.018859086357582266,3.6748348430310304e-10,0.740755937111554,inf,0.03720733106214065,0.5816277255953749,1.258429327661599e-09,inf,0.21712325942478367,0.3348455440437434,0.25167183477170435
385,9.070176364199863,S2,other,0.018780975682559993,8.59475088284474e-10,0.740745579909322,inf,0.03687651219021209,0.5815023777830051,2.6113589396651513e-09,inf,0.21689092468608237,0.3352429798897651,0.25114849739071526
386,9.0825418358839,S2,other,0.018703551355933042,2.2386133026500846e-09,0.7407354397960273,inf,0.03651475485540185,0.5813689103847411,6.621317792901111e-09,inf,0.21668643262922016,0.33563160386383895,0.25062487546173967
387,9.094864868310008,S2,other,0.018626804967362937,1.6619829348116769e-09,0.7407254477902514,inf,0.036175626203976366,0.5812443076293133,5.6652914237138884e-09,inf,0.21646590218879477,0.3360270311902904,0.25010530578228807
388,9.10714573244534,S2,other,0.018550728237969882,9.962791033776081e-09,0.7407156741365903,inf,0.03583211210208515,0.5811200589139355,3.135888407848184e-08,inf,0.21625139040465885,0.3364215051850173,0.24958753700315298
389,9.119384696522872,S2,other,0.018475313017808612,2.9998024218049515e-09,0.7407059696421101,inf,0.03548392131145935,0.5809961706185205,1.8730321410134216e-08,inf,0.21604310948571973,0.3368150721896743,0.24907151550223297
390,9.13158202607092,S2,other,0.018400551283604575,2.6399582999774883e-10,0.7406965367033364,inf,0.03510205573647579,0.5808642771418725,2.3087764090460515e-10,inf,0.2158650028589916,0.33720019000743356,0.24855498162867284
391,9.143737983942703,S2,other,0.018326435136356612,2.5413257864276587e-10,0.7406872406168239,inf,0.03474303691408437,0.5807411285208508,2.1835549979768824e-10,inf,0.21567038619470041,0.3375921180616726,0.24804229828887192
392,9.155852830344575,S2,other,0.018252956799042947,2.0664622746801274e-09,0.7406781512713291,inf,0.03437820954417063,0.5806183260921348,2.216896324992264e-08,inf,0.21548287491466922,0.33798326934148915,0.24753121137304357
393,9.167926822861794,S2,other,0.018180108614298165,9.415674063996057e-10,0.7406691408037007,inf,0.03400712854202519,0.5804958948286648,6.120420160959581e-09,inf,0.2153028409584242,0.3383736847532923,0.24702167367827013
394,9.179960216481163,S2,other,0.01810788304254448,3.7579914872239856e-09,0.7406603499008099,inf,0.03362926844164678,0.5803738221674433,2.318020974020265e-08,inf,0.21513071357025906,0.33876340400661475,0.24651363943620228
395,9.191953263610127,S2,other,0.01803627265950079,6.190600301705525e-10,0.7406517427232306,inf,0.03324401786583842,0.580252085032845,1.8438082474688308e-09,inf,0.21496699020614124,0.33915246565660334,0.24600706426390584
396,9.203906214092274,S2,other,0.01796527015453073,1.1739713697169067e-09,0.7406432757117445,inf,0.03285071374177256,0.5801307078182331,3.935325119608823e-09,inf,0.21481225037547141,0.33954090713516494,0.24550190512403558
397,9.215819315219477,S2,other,0.01789486832846907,3.2059682067843258e-09,0.7406352441456507,inf,0.032448563442584816,0.5800096779563667,4.617794319676623e-08,inf,0.21466717343236869,0.3399287647717627,0.24499812029361606
398,9.22769281174108,S2,other,0.017825060091405907,8.439895369381641e-10,0.740626812464582,inf,0.03203664412157853,0.5798890137170832,3.4860112446037545e-09,inf,0.214532561775586,0.3403160738051425,0.24449566934039388
399,9.239526945870782,S2,other,0.017755838461674535,9.044127042276227e-09,0.7406188777964071,inf,0.031613873699034734,0.5797686995196092,2.702369912429049e-08,inf,0.21440937160183468,0.34070286838734865,0.2439945131054944
400,9.251321957291918,S2,other,0.01768719656310575,7.625106937189392e-09,0.7406110844921954,inf,0.031214671798722535,0.5796568123935246,3.7111580061837515e-08,inf,0.21426844271073772,0.3410963619919856,0.24349684497211033
401,9.263078083161975,S2,other,0.017619127623718513,1.9714081327950553e-09,0.74060348366013,inf,0.030767231184912553,0.5795371802047932,2.069985186400446e-08,inf,0.21417067756161406,0.3414821864613932,0.2429981680962088
402,9.274795558117107,S2,other,0.017551624973919714,2.316294255093708e-09,0.7405959684197858,inf,0.030304291432304828,0.5794178886764767,1.447514180782577e-08,inf,0.21408846409122997,0.34186759261244787,0.242500675994975
403,9.28647461427746,S2,other,0.017484682044739942,2.694283022932344e-09,0.7405886519486344,inf,0.02986328771208211,0.5793069563148894,2.0756608349426703e-08,inf,0.21398986234738063,0.3422596773134375,0.24200657272943846
404,9.298115481253962,S2,other,0.017418292366135454,4.24516937333713e-09,0.7405817136082604,inf,0.029363437065604445,0.5791883303888449,4.8102586940458045e-08,inf,0.21394406616440825,0.342644296337683,0.24151135128811427
405,9.309718386157222,S2,other,0.017352449565230514,2.0118203201906382e-09,0.7405742465155948,inf,0.02883903807131769,0.5790700623868681,2.385119672379761e-08,inf,0.2139220199379063,0.34302858317270785,0.24101721581572014
406,9.321283553608936,S2,other,0.01728714736490563,5.022340760101382e-09,0.7405673854816788,inf,0.028331256966800698,0.5789600800183232,2.5198142120527756e-08,inf,0.21388831257304372,0.34341951997146786,0.24052638099665105
407,9.332811205756164,S2,other,0.01722237958189713,5.521811379945247e-09,0.7405606916438449,inf,0.027743087927051508,0.5788424837861534,2.309188151718819e-08,inf,0.21392710153733227,0.3438031824859306,0.240034329527478
408,9.344301562288646,S2,other,0.017158140125280004,1.6679265923330705e-09,0.740554012006905,inf,0.02716149791613758,0.5787331117132479,2.033963991837843e-08,inf,0.2139633154875622,0.34419347270044764,0.23954552587466588
409,9.355754840459177,S2,other,0.017094422994869837,5.816902299735448e-09,0.7405478038754633,inf,0.026466985732873205,0.5786161789027553,4.251422056665198e-08,inf,0.21410181225722077,0.3445766083822608,0.2390554458704775
410,9.367171255106946,S2,other,0.01703122227953724,3.333923190021611e-09,0.7405414747521895,inf,0.025748247925319944,0.5785074256518818,4.404630681867358e-08,inf,0.21426584910340218,0.34496634588488156,0.23856856546491517
411,9.378551018683659,S2,other,0.01696853215573265,5.985278323091687e-09,0.7405352134962424,inf,0.02481765183241996,0.5783911456754048,4.72134130939502e-08,inf,0.21462275201932143,0.34534904349207585,0.23808035351064058
412,9.389894341282087,S2,other,0.016906346885883022,3.153325568125674e-09,0.7405292666073906,inf,0.023667286173925058,0.5782830139046455,6.112627664239029e-08,inf,0.21518413855794008,0.34573831356144186,0.23759529733859303
413,9.401201430666731,S2,other,0.016844660816746668,5.061330041428303e-09,0.7405232591469744,inf,inf,0.5781751701336332,3.92597988636551e-08,inf,inf,0.3461273628146893,0.237111119917774
414,9.412472492306136,S2,other,0.016783468378110615,4.092044535097915e-09,0.7405176744853906,inf,inf,0.578067619832284,5.7953476004342264e-08,inf,inf,0.3465162097135319,0.23662779960602814
415,9.423707729406459,S2,other,0.016722764081003857,3.2410645926634177e-09,0.7405121042070528,inf,inf,0.5779526538125734,4.7851122373865945e-08,inf,inf,0.3468982279516323,0.23614305002412758
416,9.43490734294581,S2,other,0.01666254251645977,5.363902063620472e-09,0.7405064520355269,inf,inf,0.5778457108083989,3.441776649806709e-08,inf,inf,0.3472867542848468,0.23566138058690406
417,9.446071531709007,S2,other,0.01660279835397533,4.804009893068315e-09,0.740501175986265,inf,inf,0.5777390486926693,6.699243775210069e-08,inf,inf,0.34767512794056926,0.23518050897124373
418,9.457200492322325,S2,other,0.01654352633999513,6.80602825149909e-09,0.7404961007359566,inf,inf,0.5776327055095768,6.668154829199709e-08,inf,inf,0.34806336379429537,0.23470041717884976
419,9.46829441928794,S2,other,0.016484721296658872,8.10726646228527e-09,0.7404905453572445,inf,inf,0.5775266370910221,3.044276422897403e-08,inf,inf,0.348451475904457,0.23422108803842098
420,9.479353505017793,S2,other,0.01642637812045004,7.457352241024299e-09,0.7404859845805675,inf,inf,0.577420872365971,6.612323795440318e-08,inf,inf,0.34883947754074174,0.2337425051756444
421,9.490377939866717,S2,other,0.016368491780680967,4.972307787490138e-09,0.7404811359247636,inf,inf,0.5773153949036132,9.393415746649935e-08,inf,inf,0.34922738121016844,0.2332646529855699
422,9.501367912164643,S2,other,0.0163110573183398,5.057847441027443e-09,0.74047580185918,inf,inf,0.5772101637035015,8.925796523517847e-08,inf,inf,0.3496151986799973,0.23278751660753513
423,9.512323608247886,S2,other,0.016254069844815384,7.637895179123189e-09,0.7404714261377825,inf,inf,0.5771052687026353,8.551402886813901e-08,inf,inf,0.35000294099805696,0.2323110819026911
424,9.523245212489474,S2,other,0.016197524540560358,2.822615286581283e-09,0.7404669751698517,inf,inf,0.5770006629061102,3.6325834193452787e-08,inf,inf,0.3503906185100006,0.23183533543408202
425,9.534132907328596,S2,other,0.01614141665402969,9.723601889449836e-09,0.740462757756176,inf,inf,0.5768963338877928,5.926817667530622e-08,inf,inf,0.35077824087390763,0.23136026444913987
426,9.544986873299276,S2,other,0.01608574150026678,4.546030630084952e-09,0.7404584272701593,inf,inf,0.5767923037634868,2.0968471922033613e-08,inf,inf,0.35116581707246564,0.23088585686437882
427,9.555807289058396,S2,other,0.01603049445997821,3.752043661409844e-09,0.7404544012586017,inf,inf,0.5766885504443758,4.267134424045448e-08,inf,inf,0.3515533554229078,0.23041210125201514
428,9.566594331413247,S2,other,0.01597567097818288,5.277215772776371e-10,0.7404503510097205,inf,inf,0.5765850977462902,2.5229965617839743e-09,inf,inf,0.35194086358534526,0.2299389868281975
429,9.577348175348785,S2,other,0.015921266563280235,4.8027985232645394e-09,0.7404465690826275,inf,inf,0.5764893014194263,2.0669916128292165e-08,inf,inf,0.35233455068988817,0.22946880046481105
430,9.588068994054744,S2,other,0.015867276785804768,2.7989930600594727e-09,0.7404428657759216,inf,inf,0.5763863935310668,1.2281645832627492e-08,inf,inf,0.3527219883381318,0.22899694082243918
431,9.598756958952812,S2,other,0.01581369727744498,3.7209619973501473e-09,0.740439282769206,inf,inf,0.5762837677295807,1.6902953481244066e-08,inf,inf,0.3531094150253291,0.22852569377810414
432,9.609412239724016,S2,other,0.015760523729947427,5.494236155396167e-09,0.7404358503956066,inf,inf,0.5761887409941999,3.0470005670394e-08,inf,inf,0.3535029503664193,0.22805735460165985
433,9.62003500433643,S2,other,0.015707751894071455,4.275287374506133e-09,0.7404324868083696,inf,inf,0.5760866660418643,2.5572563230941425e-08,inf,inf,0.35389033961160077,0.22758731065970297
434,9.630625419073334,S2,other,0.015655377578600894,4.849839400649227e-09,0.7404292397193494,inf,inf,0.57598487449757,2.221851242207942e-08,inf,inf,0.35427773141099994,0.22711785617894284
435,9.641183648561896,S2,other,0.015603396649313948,6.422518436455739e-09,0.7404261320874124,inf,inf,0.5758906094765941,3.0158311648484964e-08,inf,inf,0.35467115694033413,0.22665129473078974
436,9.651709855802395,S2,other,0.015551805029153295,9.90318698723774e-09,0.7404235426578273,inf,inf,0.575789395906622,9.979865767893572e-08,inf,inf,0.3550585330915872,0.22618300233563612
437,9.662204202198028,S2,other,0.015500598692554598,9.621027073650816e-09,0.740420674701936,inf,inf,0.5756956370917772,1.0379972364543712e-07,inf,inf,0.35545189173611624,0.22571759588436016
438,9.672666847585258,S2,other,0.015449773671632205,9.370212616495932e-09,0.7404178609005218,inf,inf,0.5755949351034707,9.852501121474672e-08,inf,inf,0.3558392607717436,0.22525044389139637
439,9.683097950264628,S2,other,0.015399326050423375,9.122475590100637e-09,0.7404151920907699,inf,inf,0.5755016741515812,9.90240846744694e-08,inf,inf,0.3562325591124603,0.2247861729267717
440,9.693497667032016,S2,other,0.01534925196511921,8.89392684489893e-09,0.7404123264343055,inf,inf,0.5754086409129989,4.392174532669222e-08,inf,inf,0.35662581538178106,0.22432246475238243
441,9.703866153210168,S2,other,0.015299547603303827,8.744117787690145e-09,0.7404100271936612,inf,inf,0.5753087439176474,6.032449376392827e-08,inf,inf,0.35701316491815577,0.22385699319582192
442,9.714203562680467,S2,other,0.015250209203021907,9.058400404879548e-09,0.7404086768955238,inf,inf,0.5752162460245003,2.241119681762509e-07,inf,inf,0.35740636230281736,0.22339439907421452
443,9.724510047914718,S2,other,0.015201233051219325,8.197331279528769e-09,0.7404057212706525,inf,inf,0.5751168723291613,1.140650616659008e-07,inf,inf,0.3577937061502849,0.2229300321356826
444,9.734785760006925,S2,other,0.01515261548451407,8.084044282510167e-09,0.740404139772873,inf,inf,0.5750248542256107,1.962897980205017e-07,inf,inf,0.35818684016016183,0.2224685426796054
445,9.745030848704836,S2,other,0.015104352886351355,7.847753390276251e-09,0.7404016201210691,inf,inf,0.5749330491960789,1.233798636783815e-07,inf,inf,0.35857992680806344,0.22200760421495944
446,9.755245462441202,S2,other,0.015056441687818134,7.67929106735406e-09,0.7403995518565231,inf,inf,0.5748414894603827,1.0051201957668317e-07,inf,inf,0.35897296356757497,0.22154721574029237
447,9.765429748364577,S2,other,0.015008878365881597,7.530290556137896e-09,0.7403979896743713,inf,inf,0.5747501762168681,1.3722311647140296e-07,inf,inf,0.35936594744814654,0.22108737667281736
448,9.775583852369593,S2,other,0.014961659442767679,7.373611335627497e-09,0.740396055794445,inf,inf,0.5746521195070892,1.0238807322661766e-07,inf,inf,0.359753195503795,0.22062574930289136
449,9.785707919126615,S2,other,0.014914781485497885,7.242248036849191e-09,0.7403945597714459,inf,inf,0.5745612936195283,1.1855352778127697e-07,inf,inf,0.36014608801774406,0.2201670068606973
450,9.795802092110689,S2,other,0.0148682411047273,7.102273637326495e-09,0.7403929504482832,inf,inf,0.5744706994624393,1.0233964142915669e-07,inf,inf,0.3605389159769861,0.21970881445203874
451,9.805866513629717,S2,other,0.014822034954279563,6.976553970031485e-09,0.7403914971426839,inf,inf,0.5743803377007727,9.119323375127688e-08,inf,inf,0.36093167468849097,0.2192511730295136
452,9.815901324851868,S2,other,0.014776159730283019,6.866799611547137e-09,0.7403901546640411,inf,inf,0.5742902114533224,9.054393820246314e-08,inf,inf,0.3613243590690771,0.21879408389706745
453,9.825906665832152,S2,other,0.01473061217048188,6.78830171047133e-09,0.7403889631209423,inf,inf,0.5742003226326307,9.439319018426785e-08,inf,inf,0.3617169636586425,0.2183375486981155
454,9.835882675538178,S2,other,0.014685389053547798,6.710620014916867e-09,0.7403878602874622,inf,inf,0.5741106662271078,9.620324874638138e-08,inf,inf,0.36210948263282716,0.21788156940422648
455,9.845829491875087,S2,other,0.014640487198428104,6.636445162963807e-09,0.7403870639382198,inf,inf,0.5740212487836437,1.2734404048437104e-07,inf,inf,0.36250190981484853,0.21742614830433837
456,9.855747251709708,S2,other,0.014595903463547753,6.552794297317221e-09,0.7403858768585633,inf,inf,0.573932051114542,8.901241942912803e-08,inf,inf,0.36289423868708165,0.21697128799447418
457,9.865636090893927,S2,other,0.014551634746415089,6.517387603312872e-09,0.7403849388072653,inf,inf,0.5738430913081146,7.231676619315788e-08,inf,inf,0.36328646240193385,0.21651699136790215
458,9.875496144287338,S2,other,0.014507677982757369,6.428958177235119e-09,0.7403843315036229,inf,inf,0.5737611300809852,8.94502184900914e-08,inf,inf,0.36368400510531423,0.21606561935396873
459,9.885327545779205,S2,other,0.014464030145947004,6.347967043849526e-09,0.7403837335296195,inf,inf,0.5736726185960535,9.392419915719754e-08,inf,inf,0.3640759722522725,0.21561246190682784
460,9.89513042830977,S2,other,0.014420688246434962,6.304798931183673e-09,0.7403829366537825,inf,inf,0.5735843273124698,6.212622583118914e-08,inf,inf,0.3644678118886773,0.21515987850697468
461,9.90490492389097,S2,other,0.014377649331249178,6.248678718010885e-09,0.7403830316232621,inf,inf,0.5734962919377707,1.3956981247358187e-07,inf,inf,0.36485951594923494,0.21470787314492643
462,9.91465116362659,S2,other,0.014334910483027773,6.1450560377437594e-09,0.7403821028582867,inf,inf,0.5734084596664463,5.726071731674407e-08,inf,inf,0.36525107608887414,0.21425645006383973
463,9.924369277731905,S2,other,0.014292468820075479,6.113911939467732e-09,0.7403818133703209,inf,inf,0.5733275320489797,5.752301379151042e-08,inf,inf,0.36564779671768943,0.21380798127272235
464,9.934059395552834,S2,other,0.014250321495214652,6.079856429519714e-09,0.740381526944801,inf,inf,0.5732401506561007,4.5839164096558365e-08,inf,inf,0.36603901877365846,0.2133577384095037
465,9.943721645584642,S2,other,0.014208465695562363,6.08203875348532e-09,0.7403816497874977,inf,inf,0.5731530092902033,7.427716359264917e-08,inf,inf,0.36643007035280745,0.21290809198116326
466,9.953356155490223,S2,other,0.014166898641910557,6.0724234124311075e-09,0.7403822014529634,inf,inf,0.5730726996343618,1.437403816267357e-07,inf,inf,0.3668261861473494,0.21246142041673804
467,9.962963052117981,S2,other,0.014125617588027151,6.035669220472568e-09,0.7403818744085516,inf,inf,0.572985985279091,9.313063742273114e-08,inf,inf,0.3672168444733323,0.2120129845135376
468,9.972542461519307,S2,other,0.014084619820581807,6.022527170575985e-09,0.7403816510626934,inf,inf,0.5728994980794418,4.5863992638871137e-08,inf,inf,0.3676073035932834,0.2115651611691301
469,9.982094508965677,S2,other,0.01404390265823198,6.024604226066346e-09,0.7403819614191002,inf,inf,0.572819793178982,5.275093364006496e-08,inf,inf,0.3680027290546401,0.2111203350917676
470,9.99161931896537,S2,other,0.01400346345122903,6.0080779262257174e-09,0.7403821924661071,inf,inf,0.5727337473157459,4.110816030986722e-08,inf,inf,0.36839273566714775,0.21067375628933124
471,10.001117015279815,S2,other,0.013963299581005336,5.964651414891382e-09,0.7403824933908184,inf,inf,0.5726544367576126,2.5045043932638746e-08,inf,inf,0.3687876436999418,0.2102301905495192
472,10.010587720939528,S2,other,0.013923408459712235,5.971584575391496e-09,0.7403838406202651,inf,inf,0.5725688353019212,1.2246144311134928e-07,inf,inf,0.3691771563378214,0.20978488079371274
473,10.020031558259674,S2,other,0.01388378752955201,5.9811898080908455e-09,0.740384663480761,inf,inf,0.572489915722672,1.4491991757272855e-07,inf,inf,0.3695715049434177,0.20934260053415954
474,10.029448648855226,S2,other,0.013844434262494078,5.905238132409872e-09,0.7403845282665265,inf,inf,0.5724111967750709,6.906400133951663e-08,inf,inf,0.3699655474632829,0.208900973719504
475,10.038839113655698,S2,other,0.013805346159980953,5.754869922318809e-09,0.7403854140750893,inf,inf,0.5723262306985191,9.095211952925096e-08,inf,inf,0.37035422658225503,0.20845761722862452
476,10.048203072919472,S2,other,0.013766520752095081,8.17758724454821e-09,0.7403849619692767,inf,inf,0.5722478452988013,1.5562356962142584e-07,inf,inf,0.37074764427986306,0.20801731586752784
477,10.057540646247684,S2,other,0.013727955597525331,5.814415292541488e-09,0.7403861474694401,inf,inf,0.5721633514183244,5.3799983242381915e-08,inf,inf,0.37113572000935513,0.20757529507412706
478,10.066851952597666,S2,other,0.013689648282728504,5.803118417988745e-09,0.7403870763263584,inf,inf,0.5720854144336995,6.643284185043792e-08,inf,inf,0.37152846787478844,0.20713634713104848
479,10.076137110295964,S2,other,0.013651596421898489,5.881060071726754e-09,0.7403879945339369,inf,inf,0.5720076630625388,9.289906980974022e-08,inf,inf,0.37192085355313687,0.20669808753241498
480,10.085396237050876,S2,other,0.013613797656324195,5.787789037510042e-09,0.7403893165872385,inf,inf,0.5719301282412185,3.3363906951490404e-08,inf,inf,0.3723128654984074,0.20626052358464705
481,10.094629449964572,S2,other,0.013576249654167788,5.7627275527932765e-09,0.7403904055929839,inf,inf,0.5718464318891597,5.16866145737673e-08,inf,inf,0.3726995733467814,0.20582126221464972
482,10.103836865544737,S2,other,0.013538950109905188,5.7082340441521274e-09,0.7403915697162602,inf,inf,0.5717692614789991,7.917303474130874e-08,inf,inf,0.37309082292263246,0.2053851101392687
483,10.113018599715794,S2,other,0.013501896743999264,5.705571370913022e-09,0.7403931830599995,inf,inf,0.5716923016282569,1.4071328912534736e-08,inf,inf,0.3734816635850747,0.20494967615707488
484,10.122174767829666,S2,other,0.013465087302645356,5.61868696709573e-09,0.7403942767288818,inf,inf,0.5716154977086757,6.848496540288624e-08,inf,inf,0.3738720834810638,0.2045149678919594
485,10.131305484676131,S2,other,0.013428519557186065,5.5768007421503036e-09,0.7403958993025984,inf,inf,0.5715389013662641,3.977949906794766e-08,inf,inf,0.37426207070318207,0.20408099302850183
486,10.14041086449275,S2,other,0.013392191303973228,5.509101204246072e-09,0.7403972289363776,inf,inf,0.5714624741093629,7.781711053657513e-08,inf,inf,0.3746516132982074,0.20364775930487425
487,10.149491020974384,S2,other,0.013356100363821673,5.4500515592210686e-09,0.7403988967523795,inf,inf,0.5713862459446483,6.66738317243857e-08,inf,inf,0.37504069927534767,0.2032152745059205
488,10.158546067282323,S2,other,0.013320244581836298,5.373016243607107e-09,0.7404004436546371,inf,inf,0.5713039943714056,9.082520340039527e-08,inf,inf,0.37542454083351023,0.20278113414905127
489,10.167576116053045,S2,other,0.013284621826928994,5.281009239896897e-09,0.7404021614244858,inf,inf,0.5712281492686891,9.560069048073108e-08,inf,inf,0.37581269732923583,0.2023501690688745
490,10.176581279406616,S2,other,0.013249229991566,5.229645621811131e-09,0.7404042208211429,inf,inf,0.5711525015174049,5.6670934043711966e-08,inf,inf,0.376200361055544,0.2019199764911762
491,10.185561668954735,S2,other,0.01321406699152303,5.086234302609908e-09,0.7404057341289764,inf,inf,0.5710770103002137,1.1845623674912395e-07,inf,inf,0.3765875199505567,0.20149056432175502
492,10.19451739580845,S2,other,0.013179130765268898,5.004752010593102e-09,0.7404078719619621,inf,inf,0.5710017283387514,8.918928684557348e-08,inf,inf,0.3769741619533555,0.20106194048091824
493,10.203448570585575,S2,other,0.013144419274064817,4.86074872025951e-09,0.740409745144425,inf,inf,0.570932727044598,1.1088993989130684e-07,inf,inf,0.3773649519476877,0.2006365332954205
494,10.212355303417796,S2,other,0.013109930501260067,4.948675249941005e-09,0.7404124071405398,inf,inf,0.5708578085483295,2.358358454939647e-08,inf,inf,0.3777505043543046,0.20020951148817395
495,10.221237703957483,S2,other,0.013075662452420431,5.083307754328442e-09,0.7404139247556436,inf,inf,0.5707830297684171,1.217422287155225e-07,inf,inf,0.3781355037952594,0.19978330178763695
496,10.230095881384255,S2,other,0.013041613154461933,4.6368681290380585e-09,0.7404163174861539,inf,inf,0.5707084642167534,8.976284008499057e-08,inf,inf,0.3785199382829875,0.19935791211339987
497,10.23892994441125,S2,other,0.01300778065592553,4.614101217266801e-09,0.7404189452333182,inf,inf,0.5706340908055184,4.543990752122707e-08,inf,inf,0.3789037958649966,0.1989333503708818
498,10.247740001291175,S2,other,0.012974163026401753,4.536615956196865e-09,0.7404213561420434,inf,inf,0.5705598820162671,3.1318430935631165e-08,inf,inf,0.3792870646302086,0.1985096244459622
499,10.256526159822094,S2,other,0.012940758356287867,4.338198151282668e-09,0.74042349817008,inf,inf,0.5704858498330286,7.021135814039784e-08,inf,inf,0.3796697327152956,0.19808674219973232
500,10.265288527352979,S2,other,0.012907564756469262,4.267783221560957e-09,0.7404260411982309,inf,inf,0.570417999181588,6.718614732130564e-08,inf,inf,0.3800563312276679,0.19766714265515328
501,10.274027210789061,S2,other,0.012874580358147002,4.2695865271152246e-09,0.7404289159641742,inf,inf,0.5703443391171289,1.759434979456598e-08,inf,inf,0.3804377431371886,0.19724597273614314
502,10.282742316596924,S2,other,0.012841803312695816,7.812496297565814e-09,0.7404303748303994,inf,inf,0.5702707971610996,1.8719001441196715e-07,inf,inf,0.3808185191550861,0.1968256698682203
503,10.291433950809411,S2,other,0.012809231790737268,6.255566419250194e-09,0.7404332645813676,inf,inf,0.5702034364661086,1.5068887294946334e-07,inf,inf,0.381203135284573,0.19640867736597567
504,10.30010221903031,S2,other,0.012776863982837143,3.943875456907968e-09,0.7404367810083967,inf,inf,0.5701303187560834,3.408746353722097e-08,inf,inf,0.3815825853990223,0.19599013316355146
505,10.308747226438832,S2,other,0.012744698098997408,9.545706269810557e-09,0.7404382615442147,inf,inf,0.5700572933030871,2.3061896352114865e-07,inf,inf,0.3819613650492622,0.19557247898360025
506,10.317369077793899,S2,other,0.0127127323671836,3.792860877967798e-09,0.7404426096821131,inf,inf,0.569990458797283,1.0637352359719022e-08,inf,inf,0.3823438954272266,0.1951581622898969
507,10.32596787743822,S2,other,0.01268096503540481,3.714464308895575e-09,0.7404455170720868,inf,inf,0.5699178334021948,9.9609373589768e-09,inf,inf,0.3827212808699228,0.1947423121870236
508,10.334543729302178,S2,other,0.012649394369362188,3.5593062652575927e-09,0.7404483239478334,inf,inf,0.5698453840596567,2.704955340975308e-08,inf,inf,0.38309796205824265,0.19432737455579083
509,10.34309673690754,S2,other,0.012618018653208381,3.506938477506768e-09,0.7404515037779569,inf,inf,0.569778967006344,1.1133598770787794e-08,inf,inf,0.3834783056606587,0.19391580086735957
510,10.351627003370975,S2,other,0.012586836189167859,3.447147321922441e-09,0.7404544249101911,inf,inf,0.5697068602659697,2.5921152637312407e-08,inf,inf,0.38385352603504874,0.1935027115668178
511,10.360134631407375,S2,other,0.012555845297233137,3.2679292967770633e-09,0.7404576735415882,inf,inf,0.5696407518374943,1.3134515929779631e-08,inf,inf,0.3842323515742295,0.19309300339200217
512,10.368619723333026,S2,other,0.012525044315015277,3.237755582433715e-09,0.7404608248404883,inf,inf,0.5695689894632584,1.660514071669085e-08,inf,inf,0.3846060678148869,0.19268179116937825
513,10.377082381068606,S2,other,0.012494431597469723,3.2705293395613124e-09,0.740464018692448,inf,inf,0.5695031853449221,2.124320871443231e-08,inf,inf,0.3849833325255043,0.1922739768831467
514,10.385522706141987,S2,other,0.012464005516743124,3.895853588321035e-09,0.7404668535589771,inf,inf,0.5694317475268672,8.331967607871808e-08,inf,inf,0.3853555022425194,0.19186466982192996
515,10.393940799690927,S2,other,0.012433764461753604,3.128669932152863e-09,0.7404707219184737,inf,inf,0.5693662711837715,1.6774270247075946e-08,inf,inf,0.38573116431974,0.1914587771085876
516,10.402336762465556,S2,other,0.012403706838659125,9.51348541914851e-09,0.7404725098658057,inf,inf,0.5693008577616205,2.3831951347294642e-07,inf,inf,0.3861060016329451,0.19105385596094424
517,10.410710694830751,S2,other,0.012373831068915295,3.0291951134426738e-09,0.7404775696960733,inf,inf,0.569229999126857,1.683836456815102e-08,inf,inf,0.3864757647696527,0.19064745838191463
518,10.419062696768364,S2,other,0.012344135591917606,2.987358580636058e-09,0.7404810714208814,inf,inf,0.5691649572948032,1.61095475269462e-08,inf,inf,0.38684893868717474,0.19024449892133202
519,10.427392867879291,S2,other,0.012314618862120498,2.936303034390286e-09,0.7404846306197218,inf,inf,0.5691000603558679,1.7642146110563634e-08,inf,inf,0.3872212580922362,0.18984253062298637
520,10.43570130738544,S2,other,0.01228527935017363,2.9127730778155973e-09,0.7404882343459813,inf,inf,0.5690296350580304,1.814060242449005e-08,inf,inf,0.3875885251564972,0.18943910145267254
521,10.443988114131553,S2,other,0.0122561155424479,2.917062260355027e-09,0.7404918786648095,inf,inf,0.5689650445450635,2.2109701508006738e-08,inf,inf,0.38795912286107603,0.18903913314717444
522,10.452253386586936,S2,other,0.012227125940848977,2.8481447164046123e-09,0.7404955947922947,inf,inf,0.5689005963916709,1.975486222243348e-08,inf,inf,0.38832883757098763,0.18864017466354213
523,10.460497222847048,S2,other,0.012198309062645553,2.850220798308686e-09,0.74049934251207,inf,inf,0.5688362944015286,2.180453090907658e-08,inf,inf,0.38869766009091183,0.1882422319993722
524,10.468719720635002,S2,other,0.01216966344026349,2.8250773558674844e-09,0.7405031570409175,inf,inf,0.568766524651517,2.3848440663644664e-08,inf,inf,0.38906146017133475,0.18784284790528358
525,10.476920977302976,S2,other,0.012141187621119268,2.759498425621348e-09,0.7405070364556584,inf,inf,0.5687025253976098,2.3063370770548024e-08,inf,inf,0.3894284873301761,0.18744695327653252
526,10.485101089833499,S2,other,0.01211288016743987,2.7571619763571902e-09,0.7405109263539779,inf,inf,0.5686386691327675,2.5962786564469132e-08,inf,inf,0.3897945956043088,0.18705209179136859
527,10.49326015484068,S2,other,0.012084739656103244,3.150597807928745e-09,0.7405146311679015,inf,inf,0.5685749491574378,5.652549774075764e-08,inf,inf,0.3901597764102693,0.18665826898810417
528,10.501398268571329,S2,other,0.012056764678351725,2.727374717505258e-09,0.7405188809904548,inf,inf,0.5685113895609187,2.6227764498617428e-08,inf,inf,0.39052402132183395,0.18626549028644787
529,10.509515526906004,S2,other,0.01202895383985954,2.680310014660227e-09,0.7405229465673249,inf,inf,0.5684424286507492,2.449460584987689e-08,inf,inf,0.3908832834474833,0.18587129218113674
530,10.517612025359991,S2,other,0.012001305760319578,2.3554936586824285e-09,0.74052718616448,inf,inf,0.5683791650805208,1.0520683396077938e-08,inf,inf,0.39124564783473154,0.18548061637893018
531,10.525687859084202,S2,other,0.011973819073426274,2.879534439884008e-09,0.7405313428072343,inf,inf,0.5683160404136047,1.2533780037728073e-08,inf,inf,0.3916070519883065,0.1850910002261118
532,10.533743122866001,S2,other,0.011946492426653594,2.639884883484871e-09,0.740535358853847,inf,inf,0.568253049523578,2.8021671614120994e-08,inf,inf,0.3919674881241261,0.18470244865616742
533,10.541777911129971,S2,other,0.011919324481079657,2.604388062971125e-09,0.7405395818522686,inf,inf,0.5681902106346272,2.7914518337408657e-08,inf,inf,0.39232694862133366,0.18431496647854137
534,10.549792317938623,S2,other,0.011892313911281113,2.302999572065915e-09,0.7405439775786701,inf,inf,0.5681275182720328,1.4088659430255506e-08,inf,inf,0.39268542602329476,0.18392855837784322
535,10.55778643699303,S2,other,0.011865459405164177,2.111414179639532e-09,0.7405483767310087,inf,inf,0.5680649628910046,7.626218585869742e-09,inf,inf,0.3930429130382693,0.18354322891314884
536,10.56576036163342,S2,other,0.011838759663791634,2.484999481931997e-09,0.7405525643101757,inf,inf,0.5680025423185242,2.5796079745851907e-08,inf,inf,0.3933994025400087,0.1831589825173945
537,10.573714184839705,S2,other,0.011812213401218859,2.7592444615982346e-09,0.740556780188013,inf,inf,0.56794026283024,4.7094036285776234e-08,inf,inf,0.393754887568375,0.18277582349686133
538,10.581647999231969,S2,other,0.01178581934433635,2.4468256046631635e-09,0.7405614349208502,inf,inf,0.5678781363015611,2.629349619222745e-08,inf,inf,0.3941093613298457,0.1823937560307501
539,10.589561897070885,S2,other,0.011759576232833961,2.4311248353028303e-09,0.740565929879069,inf,inf,0.567816144681786,2.6817752734830525e-08,inf,inf,0.394462817197704,0.18201278417084357
540,10.597455970258114,S2,other,0.01173348281890469,2.3537147683637727e-09,0.7405704920977311,inf,inf,0.5677596720406263,2.4034586558812927e-08,inf,inf,0.39481911334740205,0.18163539184273458
541,10.605330310336644,S2,other,0.011707537867191427,2.3516021776912453e-09,0.7405750717950533,inf,inf,0.5676979475388211,2.5272280718734216e-08,inf,inf,0.3951704985090335,0.18125662377910473
542,10.613185008491076,S2,other,0.011681740154612192,2.295381205090055e-09,0.7405797136490019,inf,inf,0.5676363635155063,2.341432023177346e-08,inf,inf,0.39552084691864764,0.18087896269710008
543,10.621020155547903,S2,other,0.011656088470553525,9.760403611746606e-09,0.7405822009881776,inf,inf,0.5675748503688238,2.525917675591322e-07,inf,inf,0.39587015261844183,0.1805024121371093
544,10.628835841975715,S2,other,0.011630581615145666,2.213713986490634e-09,0.7405890854494985,inf,inf,0.5675136137301934,2.0956655137801186e-08,inf,inf,0.3962184098176665,0.18012697551168091
545,10.636632157885387,S2,other,0.011605218402295182,2.4154384832284747e-09,0.7405937168161626,inf,inf,0.567452446339598,3.668953579352474e-08,inf,inf,0.39656561289255793,0.1797526561056792
546,10.644409193030253,S2,other,0.01157999765637247,2.8330510610073013e-09,0.7405983033649334,inf,inf,0.5673967075334585,5.767950085814211e-08,inf,inf,0.39691552968576815,0.1793819424581696
547,10.652167036806198,S2,other,0.011554918213663787,2.9062738380944475e-09,0.740603027736031,inf,inf,0.5673358009984947,6.87465373321599e-08,inf,inf,0.3972605927051055,0.1790098676955146
548,10.659905778251789,S2,other,0.011529978921908726,2.4867786172008576e-09,0.7406083626944256,inf,inf,0.5672750529355066,1.8924129155995318e-08,inf,inf,0.3976045857451199,0.17863891922981426
549,10.667625506048317,S2,other,0.01150517864030939,2.041172364375021e-09,0.7406132694383726,inf,inf,0.567214430535874,1.689662115479541e-08,inf,inf,0.3979475038453289,0.178269099838181
550,10.675326308519864,S2,other,0.011480516239264313,4.570318730672679e-09,0.7406172219979176,inf,inf,0.5671591505982516,1.2074205727635356e-07,inf,inf,0.3982930558227248,0.17790290085754723
551,10.683008273633316,S2,other,0.011455990600178859,8.840117612430622e-09,0.7406213292550025,inf,inf,0.5670987586746669,2.1146839006042768e-07,inf,inf,0.3986337942885151,0.1775353482481337
552,10.69067148899839,S2,other,0.011431600615109228,2.2111656676617365e-09,0.7406282330105756,inf,inf,0.5670385976875748,1.623206165518331e-08,inf,inf,0.3989734439362492,0.1771689322777699
553,10.698316041867608,S2,other,0.011407345187866177,1.9036666851443094e-09,0.7406332811910749,inf,inf,0.5669837105368128,1.4564350063768543e-08,inf,inf,0.3993156701209574,0.17680614623523705
554,10.705942019136291,S2,other,0.011383223232255867,1.8549846398537019e-09,0.7406383896196952,inf,inf,0.5669237469844872,1.3158215101976355e-08,inf,inf,0.39965311389347963,0.1764420110170325
555,10.713549507342513,S2,other,0.011359233672905554,1.7876615323926865e-09,0.740643520378859,inf,inf,0.5668639202802973,1.1100691072957962e-08,inf,inf,0.39998945642822603,0.1760790188877547
556,10.721138592667074,S2,other,0.011335375444944791,1.7880773081129486e-09,0.7406486751754726,inf,inf,0.5668093902917544,1.141196997652988e-08,inf,inf,0.4003283197480522,0.17571966497482805
557,10.72870936093344,S2,other,0.011311647494072378,8.913657046304667e-09,0.7406518032278746,inf,inf,0.5667497595592014,2.255923991415393e-07,inf,inf,0.40066243305933735,0.17535896535787152
558,10.736261897607683,S2,other,0.011288048775727392,9.886234788930234e-09,0.7406567887874886,inf,inf,0.5666954445673632,2.590924978080077e-07,inf,inf,0.4009990317148503,0.1750019087916241
559,10.74379628779844,S2,other,0.01126457825585543,6.740110631837763e-09,0.7406627109128502,inf,inf,0.5666361631842329,1.8323667300311755e-07,inf,inf,0.401330901827229,0.17464350831357178
560,10.751312616256833,S2,other,0.011241234910579254,1.981400446657669e-09,0.7406694178523269,inf,inf,0.56658214589481,3.445384119479748e-08,inf,inf,0.40166522252078285,0.17428875519307996
561,10.758810967376416,S2,other,0.01121801772594138,1.9004996556514606e-09,0.7406748341675556,inf,inf,0.5665231001986843,2.7215707060382047e-08,inf,inf,0.40199483669991737,0.17393265953533868
562,10.766291425193108,S2,other,0.011194925697642983,4.667329531432389e-09,0.7406791255920614,inf,inf,0.5664692298071876,1.3627729543711043e-07,inf,inf,0.4023268673656424,0.17358021502278098
563,10.773754073385149,S2,other,0.011171957831155868,9.111610090452131e-09,0.7406836533450077,inf,inf,0.5664103989553662,2.439465373361877e-07,inf,inf,0.402654214097536,0.17322642893893178
564,10.781198995273034,S2,other,0.011149113141266823,4.837873044554776e-09,0.7406899377320851,inf,inf,0.5663568335613965,1.3394654501230643e-07,inf,inf,0.40298394387978276,0.17287629727757184
