step,s,basin,raw_on,loc_loss,loc_gnorm,loc_rho2,d_basin_M,d_basin_S,d_basin_L0,d_basin_S2,d_raw_M,d_raw_S,d_raw_L0,d_raw_S2
0,0.9663922190666199,L0,other,0.41866422340610454,4.101981032064141e-09,5.637538627155229e-09,inf,inf,1.60559693310944e-08,0.7201998940156888,inf,inf,0.8324002825651452,0.7728271287840737
1,0.9663922190493903,L0,other,0.4186642234094252,1.928909193066898e-09,1.701386174335335e-08,inf,inf,5.1520117846632335e-08,0.72019991461082,inf,inf,0.8221576053332074,0.7747267901036473
2,0.9664254281810758,L0,other,0.41865752595822653,1.0112773263852198e-09,1.2097998282225164e-08,inf,inf,2.2953537663044404e-08,0.7201994206526725,inf,inf,0.8122538909640593,0.7772512966968846
3,0.9828352197251733,L0,other,0.4153692450163221,7.369245082905955e-09,9.252219082810531e-09,inf,inf,2.6550844498570207e-08,0.7200012233457073,inf,inf,0.803381183942935,0.7786440094805019
4,1.0028359623125098,L0,other,0.4114181533192853,7.100977590020782e-10,3.274223509799144e-09,inf,inf,5.197590662548961e-09,0.7197483102141036,inf,inf,0.795130958675438,0.7799239586722962
5,1.0228323597397506,L0,other,0.407529652979247,8.829687223475305e-09,6.2104322254465385e-09,inf,inf,1.3629969095725311e-08,0.7194853829972723,inf,inf,0.7872282542644626,0.7812620768564821
6,1.0428253026829843,L0,other,0.4037028837180293,9.36068383658871e-09,9.20209032963978e-09,inf,inf,2.03792145577158e-08,0.7192129622521103,inf,inf,0.7795819919100566,0.7825353405715244
7,1.0628168167929462,L0,other,0.39993678036781544,6.7470397507311816e-09,6.960707165742343e-08,inf,inf,1.4335521204158112e-07,0.7189315631319574,inf,inf,0.7721275845644348,0.7836482057214825
8,1.082808806230096,L0,other,0.3962303210459959,2.5530001513719347e-09,1.9437535622414897e-09,inf,inf,2.7798420372548688e-08,0.7186416031280082,inf,inf,0.764805282513782,0.7845031725613385
9,1.1028027707393877,L0,other,0.3925825764018344,8.219399442765346e-09,6.334472093378284e-08,inf,inf,9.896809502880767e-08,0.7183435594515508,inf,inf,0.757551674970701,0.7849934816434976
10,1.122800120423583,L0,other,0.38899264754490914,9.816375922071972e-09,7.145233353590532e-08,inf,inf,1.692455388016142e-07,0.718037791580808,inf,inf,0.7502991356736886,0.7850060101806582
11,1.1428027701529992,L0,other,0.38545956058088277,6.399508075955092e-09,2.7117897825303183e-08,inf,inf,8.546208027686189e-08,0.7177247333245609,inf,inf,0.7429798735271208,0.7844309236544609
12,1.1628138246397848,L0,other,0.3819821556833089,6.19273263087247e-09,5.711834264181132e-09,0.11508295809816946,inf,1.4040585954466176e-08,0.7174047301373268,0.7152377182711731,inf,0.7355327705394695,0.7831754042431626
13,1.1828382158321782,L0,other,0.37855899552446504,2.0628216864765675e-09,1.2291326958982807e-08,0.12631456544248154,inf,2.0636704236186845e-08,0.717078011073281,0.7082677570938674,inf,0.7279103930299698,0.7811763862018395
14,1.2028831839573013,L0,other,0.37518830982842977,8.167607034661377e-09,1.4272898486894938e-08,0.1338418724878998,inf,2.875408663505459e-08,0.7167448206054272,0.7008813337769237,inf,0.7200832423441136,0.7784067133098256
15,1.2229585391235185,L0,other,0.37186798300107465,6.0071365916485944e-09,1.6225444763092075e-08,0.13984806598608154,inf,3.1277665465410015e-08,0.7164052940654901,0.6931192899314694,inf,0.7120398718759222,0.7748726843422198
16,1.2430766974255951,L0,other,0.36859558140159954,7.8981918516391e-09,8.484052214156164e-09,0.14495935431461374,inf,5.930903898682782e-08,0.7160595227595951,0.685006718888361,inf,0.7037838157112094,0.7706057514925793
17,1.2632525298177213,L0,other,0.3653684098743921,6.54822969681899e-09,8.859901840639273e-10,0.1494639930641777,inf,4.336920620403442e-09,0.7157074556039348,0.6765708975283087,inf,0.6953294060838022,0.7656530498162227
18,1.283503079385231,L0,other,0.36218358548720186,2.9780112950988404e-09,1.4062710772640158e-08,0.15374892308337243,inf,2.4631032721106707e-08,0.7153504983030654,0.667827427051163,inf,0.6866704027679368,0.7600720339301523
19,1.3038471978064226,L0,other,0.35903811844625505,7.309487439551247e-09,2.5598527692435516e-08,0.15744930236641322,inf,4.637383681493038e-08,0.7149856445746552,0.65883726436482,inf,0.6778877156751842,0.7539179496474495
20,1.3243051375718689,L0,other,0.35592899347187873,5.203029496672819e-09,2.042295553947702e-08,0.16087638898977033,inf,4.469436622205584e-08,0.7146141892992223,0.6496216282839546,inf,0.6689833655374514,0.7472541683516002
21,1.3448981225348229,L0,other,0.35285324774729,1.1239711819966895e-10,5.960072444652497e-11,0.16426544915343996,inf,4.1884759324339816e-10,0.7142371819356288,0.6401986416457158,inf,0.6599592685646656,0.740145293173295
22,1.3656479092822247,L0,other,0.3498080434609053,1.3301316992936614e-10,2.1897325902411035e-10,0.1674466053288301,inf,3.509599259989372e-10,0.7138530453181462,0.6306224384695933,inf,0.65087673265873,0.7326537490041002
23,1.3865763456067999,L0,other,0.34679073406763533,3.8681225066834624e-10,3.5600143341179156e-10,0.1704504359131842,inf,6.484712335351172e-10,0.7134615167562872,0.6209325901312949,inf,0.6417699642986291,0.7248459220865185
24,1.421124498269744,L0,other,0.3419267158098575,3.1731130035475374e-10,2.994337307083525e-10,0.17498913278029316,inf,5.131012715768432e-10,0.7128066066383768,0.6125935808726845,inf,0.6341922814352142,0.7159318960065353
25,1.4609115365074172,L0,other,0.3365016080027487,2.686811107559868e-09,6.897089952071988e-09,0.17996562606994337,inf,1.0524817532319056e-08,0.7120424852555632,0.6048273408023397,inf,0.6272660898294552,0.7067184609171344
26,1.500669932371419,L0,other,0.3312642072888358,1.5164729381136122e-09,1.0847334873717677e-09,0.18460638347500646,inf,3.880163121149725e-09,0.7112686266267553,0.5971434451067602,inf,0.62045306821753,0.6976285363141859
27,1.540386112110009,L0,other,0.3262107244669998,2.3271797364870474e-09,3.5256115956417986e-09,0.18883972197530194,inf,5.900247850011089e-09,0.7104856521338396,0.5895922728627029,inf,0.6137991803792346,0.6887145896054591
28,1.580044891833222,L0,other,0.32133741184787074,4.121688845626059e-09,9.962662069563348e-09,0.19299824795617934,inf,2.611189627865922e-08,0.7096970278565082,0.5821564330883248,inf,0.6072474150751178,0.6800326483366992
29,1.6196298493491832,L0,other,0.316640508999257,7.684287136953791e-09,5.081370962617141e-10,0.196977251093333,inf,1.394381528125637e-08,0.7089031703003188,0.5748788784407519,inf,0.6008370497782692,0.6716329927584154
30,1.6591237839024129,L0,other,0.3121161897105756,6.210380762076081e-09,1.3719432909083368e-09,0.20068269886292397,inf,2.079618752387177e-08,0.7081045325338851,0.5677998507868566,inf,0.5946067908336726,0.6635641366025502
31,1.6985092489697067,L0,other,0.3077605130679811,1.4167962562189448e-09,1.07040885529777e-10,0.20439556421647506,inf,5.874779884428246e-09,0.7073040570795818,0.5608920793938384,inf,0.5884863719544844,0.6558752245298053
32,1.7377691369322308,L0,other,0.3035693814670329,7.095107278996008e-09,4.044641297002605e-09,0.20788772113177137,inf,2.5866156372655723e-08,0.7065012377068398,0.5542110246459497,inf,0.5825441597153221,0.6486061158139547
33,1.7768872882112081,L0,other,0.2995385081383672,2.0419756068581965e-09,4.88997154428269e-09,0.21130232625438397,inf,8.225420474584557e-09,0.7056979436653711,0.5477446456964179,inf,0.5767386722129743,0.6417944017424165
34,1.8158490921488126,L0,other,0.2956633964211121,8.376677846241596e-09,3.052045559131176e-09,0.2146540076643399,inf,5.3402320031816986e-08,0.7048950258392108,0.5414992236995078,inf,0.5710613655506026,0.635469053810617
35,1.8546420435503292,L0,other,0.2919393324056771,3.69703850639179e-09,1.084077315655047e-09,0.21795553651763536,inf,4.209602000125895e-09,0.7040933681229756,0.5354779354060127,inf,0.5655017299947189,0.6296502134659219
36,1.89325621837098,L0,other,0.2883613918136337,3.5015317421320207e-09,5.590684490962672e-10,0.2211036706197415,inf,3.1633773806181978e-09,0.7032929731903352,0.529701201654016,inf,0.560086445814968,0.6243471630434728
37,1.9316846352126535,L0,other,0.2849244610185634,7.6388586720152e-09,1.1271046358458418e-09,0.22433704593202675,0.10534451073807378,1.1792690320772144e-08,0.7024956200194784,0.5241256443765622,0.5088473780706224,0.554726648347208,0.619561122476075
38,1.9699234761901567,L0,other,0.28162327111410457,5.196585819288205e-09,2.539695265909665e-10,0.2274364173222122,0.134713410275872,6.6795318210931145e-09,0.7017006197495016,0.5187861372416056,0.494041322974039,0.5494875000356084,0.6152788883769015
39,2.0079721507092896,L0,other,0.2784524429559793,6.2117694665217265e-09,6.563539276013855e-10,0.23052247110090146,0.15635383217824897,7.66513947217892e-09,0.7009088566481616,0.5136549985497144,0.48279679424038313,0.5443190494122616,0.6114792079939205
40,2.0458331975106887,L0,other,0.2754065403101344,8.254265509506364e-09,3.522723419779224e-09,0.23360097822976994,0.17474911320812736,7.592930268643449e-09,0.7001205324320169,0.5087227118135302,0.4733059881212707,0.5392109763450474,0.6081301891314752
41,2.08351203239131,L0,other,0.2724801277467029,8.550552737203602e-09,6.379878521412875e-09,0.23667696996403761,0.19112066063145997,1.6326396295499925e-08,0.6993357726180216,0.5039778441630707,0.4650559074244185,0.5341542995161049,0.6051914205447345
42,2.121016559830246,L0,other,0.2696678297345277,7.466059166008946e-09,1.5159217000161482e-09,0.2396443856152213,0.20563144837140104,6.046207259048558e-09,0.6985541739303571,0.49942407468818073,0.45787751391436604,0.5291821620676385,0.6026149474589548
43,2.1583566752610577,L0,other,0.266964387562192,4.310464573911499e-09,3.7366264314422955e-09,0.24261774195269956,0.21904267376393918,1.4846507217445885e-08,0.6977761629025605,0.4950279270337783,0.4515015528447899,0.5242479544835459,0.6003488684306714
44,2.1955436904580408,L0,other,0.26436471110248155,7.206144721601134e-09,9.302093671686158e-09,0.24571010281129155,0.23188574575981416,2.386216046769581e-08,0.6970020043596287,0.4907570667665564,0.44576905257648824,0.519304614413705,0.5983378201446881
45,2.2325897174308817,L0,other,0.2618639230465791,8.508355398687187e-09,1.2961503229091192e-08,0.24870379323106787,0.2435858146827545,4.846042227430131e-08,0.6962307914744436,0.48662497975198266,0.4407028980847578,0.5144298816032316,0.5965236196449665
46,2.26950704662618,L0,other,0.25945739390650935,1.0546343908976978e-09,1.4280763921735376e-09,0.2517112386058911,0.254605901430934,2.823094402150536e-09,0.6954627953147156,0.4825962003392424,0.4361590144870498,0.5095782900205971,0.5948504304352368
47,2.306307553481675,L0,other,0.2571407667832642,1.9738383589847595e-09,7.698630361933147e-10,0.2546240670199709,0.26473034394663414,1.2728997233057692e-09,0.6946975212015345,0.4786641690609669,0.43208305222724314,0.5047884479808846,0.5932643403435031
48,2.3430021638159007,L0,other,0.25490997156649015,3.584237756040406e-09,1.9657100511574902e-09,0.2576640590925204,0.2746148818089835,7.600228372059484e-09,0.6939354274037983,0.47478303631367985,0.42836194857813015,0.49997259326105753,0.591717470748641
49,2.3796004034669593,L0,other,0.2527612288647325,3.270568864613605e-09,3.749828504449842e-10,0.26072243766138675,0.28400296416170795,3.615823251671945e-09,0.6931760547608008,0.470949139389174,0.42496220532520423,0.4951703540665345,0.5901674210772676
50,2.4161100513141154,L0,other,0.25069104448592494,2.7652472810440393e-09,5.2274051662233945e-09,0.2636896195634384,0.2926841670636737,1.5950385836991518e-08,0.6924190659991623,0.4671578627272133,0.4218261722434818,0.4904234833439253,0.5885801714896539
51,2.45253690766293,M,other,0.22485613032500767,2.3313464114383452e-09,0.11763475838896599,6.145112521229853e-08,0.22098573474141125,0.2667235636850817,0.5324513930463596,0.463375979650522,0.41890750908227964,0.4856451858648346,0.5869319173490115
52,2.4888846823761686,M,other,0.2218221809595704,5.578972593847621e-09,0.11944942124506906,9.388424205046636e-08,0.2247193824839224,0.2697795912633532,0.5295339891441524,0.4596159396043244,0.4161579939600622,0.4809230274279438,0.5852076884007261
53,2.5251549996204936,M,other,0.21884933577983856,5.6229358880101506e-09,0.12126417181310145,9.980636058808232e-08,0.22828829975800374,0.27284579626134003,0.5265955704186162,0.45586444282113564,0.4135537441132995,0.47621546613434845,0.5834032649717638
54,2.5613475092607256,M,other,0.21593554048152705,1.357088988304363e-09,0.1230799042232678,2.9136516379226328e-08,0.2316890901218021,0.27592283788365113,0.5236352870628664,0.4521232071695312,0.4110768716864177,0.471525182821968,0.5815235585809656
55,2.5974600893037665,M,other,0.21307895785641492,1.2388326432939169e-09,0.12489708743882973,4.2847968272787805e-08,0.2349200733178939,0.27901028401047384,0.5206529205813201,0.44839837261581367,0.40871806913790065,0.4668554881921412,0.5795818452821544
56,2.633489119731153,M,other,0.21027793333743514,8.621135217442364e-09,0.12671627160868257,5.964363113769782e-08,0.2379809502895914,0.28210790701094846,0.5176481300329547,0.44470002160752514,0.40647572817245314,0.46220997127294605,0.5775983296932534
57,2.669429805675266,M,other,0.20753096005617802,3.6619639398007684e-09,0.1285377225488071,1.2108569770555805e-07,0.2408724424213736,0.2852147791302188,0.5146209505194624,0.4410414943878197,0.40435470785095917,0.4575921347325906,0.5755984313660281
58,2.705276527076446,M,other,0.20483664518986672,8.730193128473045e-10,0.13036174618060775,2.7858999139892757e-08,0.2435961760852038,0.28833014874645096,0.5115714000401734,0.4374385649683834,0.4023648531273658,0.4530050686674116,0.5736109071326748
59,2.74102319245811,M,other,0.20219367908725805,3.2619182665279828e-09,0.13218841212887136,7.452888211887444e-08,0.2461543279269855,0.29145253346347916,0.5084998316132475,0.43390853822497566,0.40051936415677475,0.4484512051222558,0.5716659136439223
60,2.776663576000436,M,other,0.1996008083469577,2.645756803988136e-09,0.13401781845383645,1.5592065064201586e-08,0.24854959256570677,0.29458067672809507,0.5054065172313106,0.43046931877862266,0.3988331095641304,0.44393217955567016,0.5697931046371851
61,2.812191619462184,M,other,0.19705681370287165,4.825459224799648e-09,0.13585003408501617,2.2096649363831327e-07,0.2506947154118505,0.29773788178379745,0.5022917321641479,0.4271396838506476,0.39728216216172924,0.439494931029223,0.5680198851251317
62,2.84760168356276,M,other,0.19456049325536673,8.256881923410925e-09,0.13768504204153656,1.9093212817989619e-07,0.25277598671053564,0.3008728423338263,0.49915601760743694,0.4239327361354549,0.3959560200460957,0.43504750506846596,0.5663697267769777
63,2.882888737122053,M,other,0.19211065127241445,6.634342740370719e-09,0.13952285045049054,2.449256355804295e-07,0.25461858831624823,0.3040333010397652,0.49599950769743684,0.42086431174042727,0.3947864119744697,0.43068184535668713,0.5648610938354449
64,2.9180484764948673,M,other,0.18970609248818207,6.929172399364875e-09,0.1413635619872536,7.367791565107797e-08,0.2563162236242328,0.30719312315115715,0.4928225728836343,0.4179448568696508,0.393819049928693,0.4263509133565937,0.5635062509288437
65,2.9530773724928636,M,other,0.18734562151141745,1.978524021212843e-09,0.14320711405565406,2.904799257611218e-08,0.2578722980162949,0.3103507822317902,0.48962553599719455,0.4151828073615013,0.3930560256346392,0.42205362515551403,0.5623108976407017
66,2.987972646811637,M,other,0.18502804670675171,2.7263464278732457e-09,0.14517219029547307,7.290180746880214e-08,0.25929016609435906,0.3135049253452982,0.4864085828647063,0.4125830442096913,0.3924942172770893,0.4177889216140741,0.5612740381399209
67,3.0227321846220914,M,other,0.18275218766255774,1.0689856099198565e-09,0.14723486475069758,3.510789584446502e-08,0.2605730867811543,0.31665419803555717,0.48317184238380345,0.41014673737791096,0.3921252667334186,0.4135559234791903,0.5603883075438156
68,3.0573543940482812,M,other,0.18051688521290687,4.219312537787273e-09,0.14929909499762856,3.540056189563702e-08,0.2616506014559228,0.31982042701693497,0.4799154771071484,0.4078655247891105,0.39188992329527433,0.40940158428686296,0.559640873445134
69,3.091838026384983,M,other,0.17832101289353328,6.291660789256061e-09,0.15136480470588345,6.730709170406784e-08,0.2626755467519897,0.3229557046965793,0.4766396728348693,0.40574412466907817,0.39186216945827873,0.4052307319934913,0.5590137263270931
70,3.1261819728675,M,other,0.1761634887224088,4.223377975970662e-09,0.15343206360792877,1.0222566608566107e-07,0.2635054973289815,0.32610500711912604,0.47334438542404034,0.40376080764643,0.3919289125804099,0.40113871968503756,0.558486258029873
71,3.16038505449664,M,other,0.17404328628311078,8.271121097168621e-09,0.15550077784039953,6.683874090711325e-08,0.2642171060733172,0.32924386918196324,0.4700297917794852,0.40191034480784793,0.3921135972335186,0.39707838606883333,0.5580353191185844
72,3.194445820876071,M,other,0.1719594442298134,5.2885976593581956e-09,0.15757089562924195,4.3314407208754884e-08,0.26481310027252297,0.3323709833293175,0.4666959802244471,0.40018018614800355,0.3923927923747962,0.39305038517773033,0.5576374521119604
73,3.228362372366644,M,other,0.169911073540663,2.2168836203478976e-09,0.1596423935661594,2.1414623431065813e-08,0.2652960885085471,0.3354851807367971,0.4633429464309933,0.3985572099454514,0.39274346406048094,0.3890555786662843,0.5572700981349608
74,3.262132217299755,M,other,0.16789736203927913,2.1969969670291536e-09,0.16171513924852574,1.4887461378809126e-08,0.26566871988636526,0.3385851329342051,0.45997087838198586,0.39702861537492196,0.3931441698398009,0.38509497537314463,0.5569128507287906
75,3.295752172769761,M,other,0.16591757595343745,1.0227865749060204e-09,0.16378897672969908,1.1899013054893675e-08,0.2659335699005303,0.34166950102052107,0.4565799874319323,0.3955827669080497,0.3935760933219443,0.38116967446828354,0.5565484899258344
76,3.329218313935794,M,other,0.1639710584788822,5.1051841207456476e-09,0.16586371086288912,1.3017014540188434e-07,0.2660350799941403,0.344758504583703,0.45317058380747816,0.3941945884718011,0.39397575482697483,0.37732966691827974,0.5561640769774691
77,3.362525973117916,M,other,0.16205722552421398,3.2087288008334055e-09,0.1679390468638807,1.0887398800796768e-07,0.2660936832739962,0.34780733893084526,0.44974298265581963,0.3928862987411305,0.3944279816616578,0.3734785108874236,0.5557500512943959
78,3.3956697865659105,M,other,0.16017555898601968,1.4619453002407998e-09,0.17001470691193324,7.415204903576703e-08,0.26599735854636486,0.35085767560570136,0.44629771740779145,0.39162162589602606,0.3948294933727915,0.36971510580428796,0.5553026982925454
79,3.428643783847072,other,other,0.159766651626498,4.115795105895253e-09,0.275470850126164,0.19008636297560436,0.17743878507045951,0.4020362286154216,0.34456017136032424,0.3904143751258544,0.39522535578311646,0.3659915359664455,0.5548215468719092
80,3.4614415124911275,other,other,0.15779028193688535,6.958784323241201e-09,0.277708829660651,0.190077554847255,0.1767754034194728,0.4049528985624545,0.34089868547241275,0.38924597966348,0.395568656436959,0.3623579489476979,0.5543106574917319
81,3.4940561889036643,other,other,0.15584814532734154,1.5113237983137295e-09,0.27989401524586965,0.18993025912592268,0.1760820012423296,0.4077857752968638,0.3372624732131294,0.3881586589903944,0.39595850699706664,0.35871628791187665,0.5537759601176102
82,3.526480865600901,other,other,0.15388036946576428,1.7460697010430667e-09,0.22941769498914472,0.11908743514661833,0.2004775330522121,0.3824685161715325,0.36767985303695877,0.38711732945279426,0.39630607709038523,0.3551657224573211,0.5532271874933022
83,3.5587086044778258,S,other,0.15148714275490377,4.309645310080272e-09,0.4432414198121169,0.2640148093167202,4.661576843770725e-08,0.4457017555860567,0.2263786942927883,0.3861716060515228,0.396713222701494,0.3516072347100062,0.5526736124056445
84,3.590732646043521,other,other,0.15028926591223515,4.249115814736713e-09,0.23585038252174373,0.1230264953610109,0.19760467992361944,0.38915432598278676,0.3588774684588913,0.38528393232813446,0.3970940167130596,0.34813991161279145,0.5521264853341644
85,3.6225465653014743,S,other,0.14759825243493652,1.068447734763784e-09,0.45134753864765054,0.2625712857129577,3.871569731821776e-09,0.45023045722377114,0.22064689155781686,0.3844833450092613,0.39750306478650344,0.3447137285616558,0.5515950584254652
86,3.654144406193253,other,other,0.14675693524782785,8.207246400676661e-09,0.4110458145018305,0.23327693808333758,0.05541318429137573,0.43972565692374066,0.23710911700231588,0.38375003643007916,0.3979009117281521,0.34137805459374243,0.5510880375080491
87,3.6855207882328918,other,other,0.14493645852841908,1.812070412343046e-09,0.4160061688923601,0.2333616954194331,0.053725907304584666,0.4422036695756924,0.2335917794557731,0.3831396474733288,0.3983840121518742,0.3380323353960503,0.5506105727057592
88,3.7166709810792447,other,other,0.14315004070284545,7.848744252094618e-09,0.4208685610746331,0.23338956577082964,0.05206129381956132,0.4446175866942145,0.23017687584605842,0.3826019531482053,0.39886343570752886,0.33477586205777254,0.5501672787402616
89,3.747590945214239,other,other,0.1413972919071515,6.505326482751932e-09,0.4256374676390168,0.233298088648035,0.05043392851294898,0.446952798543983,0.22685980101242895,0.382163444146778,0.39938481373960905,0.3315579871018511,0.5497585943549425
90,3.7782773394445877,other,other,0.13967777875632667,7.1901538846920744e-09,0.43031675723540513,0.23316254173004466,0.04882090240785321,0.44923088339271194,0.2236342884954297,0.381792483383647,0.3999012281440517,0.32842839888156855,0.5493833525053056
91,3.8087274984020416,other,other,0.13799102851452433,4.229614867103348e-09,0.4349091916559488,0.23284375905179316,0.0472511835562199,0.4514200641948505,0.220496008457189,0.3815438330646868,0.40049682242305407,0.32528621497716187,0.5490363739330931
92,3.8389393853442457,other,other,0.13633653425919262,6.538511393341245e-09,0.43942217650155097,0.23248990252298807,0.04568613996423497,0.4535582660153977,0.21743994523995056,0.38135100944283973,0.4010766548599655,0.32223172589207805,0.5487126914721727
93,3.8689115271400403,other,other,0.1347137605490079,2.332925719474896e-09,0.4438637179255216,0.23203285206476806,0.04413530794263932,0.4556319214063811,0.21446071592244192,0.381236517703268,0.40167696701818917,0.31921452389385824,0.5484042810397409
94,3.8986429392066766,other,other,0.13312214907780462,2.63140105420823e-09,0.4482382092752146,0.23147600801172896,0.04259150314196357,0.4576445100893157,0.2115532917494962,0.3811920619360918,0.4022889340697734,0.31623456966286273,0.5481028834929763
95,3.928133048284862,other,other,0.1315611237856356,6.148562679613931e-09,0.45255468283233174,0.2309042082526417,0.04103144429354721,0.45961698360805553,0.208711967385836,0.38117458626587103,0.40286127275691247,0.3133424032097419,0.5478007165806607
96,3.957381620315715,other,other,0.13003009491005701,2.985323822781577e-09,0.45682533149997484,0.23024599865783504,0.03945784941962381,0.4615366520876725,0.20593017432434993,0.3812082701103477,0.40342862356569253,0.31048765148180624,0.5474893037965715
97,3.9863886994285576,other,other,0.12852846139479496,2.6315104206373066e-09,0.46106527590872054,0.22950850942688591,0.03785424329148072,0.4634088847963967,0.2031999500745485,0.3812854121967419,0.4039835030518736,0.30767035557457734,0.547161780646666
98,4.015154562328033,other,other,0.12705561082656575,4.209897630047359e-09,0.4652947261701507,0.22870205482486375,0.03619609370403343,0.46524051754128415,0.20051084915113707,0.3813994930988799,0.40451984266757735,0.3048905138552062,0.546812733085623
99,4.0436796903861545,other,other,0.1256109152058982,9.896019410285568e-09,0.4695491663511356,0.22784368331809454,0.03444235887524368,0.46704187398659147,0.1978467870262429,0.38154549858520437,0.4050332707279734,0.3021480540145063,0.5464384717890465
100,4.071964759711348,other,other,0.12419371764457886,1.5666019692067134e-09,0.4738998888261903,0.2270593536038028,0.032494956939732714,0.46884975996744427,0.19517573748128395,0.38168161156358843,0.4054809335780969,0.29949343677232243,0.5460378069619669
101,4.100010647579712,other,other,0.12280328899450799,7.130129693388966e-09,0.47853632610699165,0.22635746318558492,0.030139193853009158,0.4706969225338016,0.19241753454002533,0.38184314525270446,0.40590320414345593,0.2968757833844458,0.5456100515446155
102,4.127818452039315,S,other,0.12006573451775407,1.92252413377879e-09,0.5065593657892314,0.23838627767964957,1.069591483308965e-08,0.4785059078679742,0.1829149069206186,0.38203011092640976,0.4063009688666719,0.2942947005584011,0.5451567714487332
103,4.155389520359308,S,other,0.11871922574138101,2.913953182210032e-09,0.5091717650024997,0.2364676140075303,2.047772502095256e-08,0.47973745355853675,0.18117872641862348,0.38220311534731893,0.4066373262524593,0.2918003209410578,0.5446815355018814
104,4.182725481366434,S,other,0.117399159026623,4.26349219278155e-09,0.5117255958629524,0.234374868894205,4.99476765061496e-08,0.48091187303939775,0.1794845204757284,0.382445301756957,0.40699412756463216,0.2892907971849148,0.5441867837638769
105,4.209828276617047,S,other,0.11610492069927139,7.766262692622192e-10,0.5142233725513391,0.23230933012087576,3.3751744204384027e-09,0.48206205653242007,0.17783151019906263,0.3826774361425148,0.4072972414490203,0.28686672539462876,0.5436782105809929
106,4.236700185769024,S,other,0.11483589605793593,9.219131039871426e-09,0.5166664597218076,0.2301714611257628,9.836175311858535e-08,0.4831737438721383,0.17621791171801546,0.3829434923625675,0.4075896562569039,0.28447679839435486,0.5431594963334552
107,4.2633438423755,S,other,0.11359146916476448,2.5115073608070797e-09,0.5190552232673771,0.22806793424917626,1.2179029559063542e-08,0.48426403768626186,0.1746426031381201,0.3832028312292204,0.40783735375308466,0.28217091191748955,0.5426353988686857
108,4.289762237511912,S,other,0.11237102320578043,3.7732412573819435e-09,0.5213928080475332,0.22578684497040705,6.345408405123307e-09,0.48530287282676043,0.17310363968406905,0.38354455822176725,0.4081188735798558,0.2798473177875463,0.5421078270938997
109,4.315958710029754,S,other,0.11117394142336914,3.4985312023132754e-09,0.5236803539876861,0.22354300435821803,3.5969305800666096e-08,0.4863229276969545,0.17160036430681802,0.3838823362746977,0.4083614765326306,0.27760658214905426,0.541580676133855
110,4.3419369236492455,S,other,0.10999960857671341,5.202115318068661e-09,0.5259195160088035,0.22122888385861336,1.4434707045193603e-08,0.4873097543430526,0.1701311927697164,0.3842605932798659,0.40860383890866825,0.2753977487585911,0.5410545845029313
111,4.367700832404134,S,other,0.10884741281828358,9.46365997442232e-09,0.5281121877593612,0.21884326592496905,6.925263617188356e-08,0.48826462910877233,0.16869484988558148,0.38467910092705165,0.4088459846872518,0.2732205582721947,0.5405298203103819
112,4.39325463700043,S,other,0.10771674783993979,7.5583581662392e-09,0.5302593165847351,0.2165007372215838,5.619096080131119e-08,0.48920433317367196,0.16729052175553688,0.3850894037957038,0.4090511497302718,0.27112524681018446,0.5400063971676082
113,4.418602735348323,S,other,0.1066070151340037,1.0980685514235932e-09,0.5323618167181863,0.21396813472513027,1.248965390349939e-08,0.49009883480656463,0.1659163111957751,0.3855834333587425,0.40928947787806846,0.26901106306438977,0.5394811563224777
114,4.4437496708217985,S,other,0.10551762619530781,1.3003097413101603e-09,0.5344223268538227,0.2114771174634156,2.2936451978373736e-08,0.4909803553511771,0.16457188356496924,0.38606337191978296,0.4094872867701708,0.2669787660115785,0.5389533905703444
115,4.468700081694345,S,other,0.1044480045264114,8.94573468193012e-09,0.5364406575590888,0.20890693059043755,7.960068200416874e-08,0.4918344613677249,0.16325571397257274,0.3865738235865981,0.4096775929527557,0.26497817462470796,0.5384197048133089
116,4.493458654741046,S,other,0.10339758732961474,1.4039677234540989e-09,0.5384212519724556,0.20637788172891686,8.08097353920591e-09,0.49267758391926775,0.16196727463123273,0.3870617494149914,0.409823088813662,0.2630595928208699,0.5378782036662012
117,4.518030085274967,S,other,0.10236582682195765,7.923187225633585e-09,0.5403615721501461,0.20363239907073274,6.096390620263572e-08,0.4934797388272035,0.16070472881132736,0.3876250953036758,0.4099903599223187,0.2611229347828591,0.5373247812641222
118,4.542419045009954,other,other,0.1054365952818418,2.8352308270238047e-09,0.31769878430036685,0.1264278532348798,0.13183913350242482,0.4700477628652492,0.23247825536045733,0.38816069760374633,0.41010858308786624,0.25926845620170036,0.5367589840072305
119,4.566630158230197,S,other,0.10035616472565276,4.900329847316234e-09,0.5441341125057899,0.1979515804775352,2.0694307235286425e-08,0.49502685443441097,0.15825519115749348,0.38877210607060303,0.4102440947192906,0.2573962407719166,0.5361777194550765
120,4.590667985907213,S,other,0.09937724865437247,3.912676495121135e-09,0.5459671288646661,0.19499008679249866,4.825313197926008e-08,0.4957735746181404,0.15706640808769406,0.38935506939623615,0.41032868526905214,0.25560602257619813,0.5355819012915856
121,4.61453701672303,S,other,0.09841496024620425,1.0386407274112386e-09,0.5477666765364725,0.19187148882263322,1.4486198789737918e-08,0.49649835374638357,0.15590037176706173,0.3899652284884945,0.41039602606398284,0.25384766511679413,0.534970731492955
122,4.638241663490339,S,other,0.09746883277894888,3.3823096636696423e-09,0.5495334633777574,0.18871417832687526,3.905003236014624e-08,0.4972173793742862,0.15475670154162918,0.39055103690978366,0.4104141179245857,0.2521704092269135,0.5343458056765842
123,4.661786263228512,S,other,0.09653841493856243,9.00391192590303e-09,0.5512685193816237,0.18515306728010375,8.701004210505514e-08,0.49790059222123484,0.15363380818982425,0.39123572648503485,0.41044963205853413,0.25047458027113495,0.5337067921429213
124,4.685175079149808,S,other,0.09562327023705494,2.9067101946329274e-09,0.5529729070876052,0.18142453933074956,2.9748673059336123e-08,0.4985794904759729,0.15253179160380478,0.3919174074404926,0.4104393680974011,0.24885864163087335,0.5330572322069446
125,4.7084123029972025,S,other,0.09472297643973875,1.7470990132038879e-09,0.5546477517100605,0.17721252730213727,9.183546519723097e-09,0.4992393728063588,0.15144955820519615,0.39268042526282304,0.41041787308811095,0.24727239495042747,0.5323983888984869
126,4.731502056501285,S,other,0.09383712504761693,7.810325123355343e-09,0.5562936413415195,0.17191414130906513,5.1482341742674614e-08,0.4998655596581076,0.15038601271288984,0.3936568583841724,0.41041864164900277,0.24566605712561498,0.5317315831224643
127,4.754448391126646,S,other,0.09296532086374927,9.427529483352622e-10,0.5579119083600131,0.16520833171481814,8.737514369881347e-09,0.5005047540405555,0.14934173141286325,0.39480031902907026,0.4103493493805104,0.2441862339789056,0.5310615553629426
128,4.777255285697507,S,other,0.09210718165736745,1.2953085856855538e-09,0.5595029843531898,inf,1.205668384417591e-08,0.5011115046288019,0.14831488324805994,inf,0.4103060098283193,0.242684944130639,0.5303874970440315
129,4.799926641875721,S,other,0.091262337912989,4.40067826582651e-09,0.5610680609186531,inf,3.827351339954573e-08,0.5017017549710261,0.14730528027742235,inf,0.41025852874931173,0.24121065351422463,0.5297117299944546
130,4.822466277773195,S,other,0.09043043265710836,8.50235618055758e-09,0.5626072901936946,inf,6.499882916100752e-08,0.5022913010243074,0.14631281793271045,inf,0.41017743709278354,0.23981135598447156,0.5290361353968605
131,4.844877920193761,S,other,0.08961112133179287,6.6771818213441236e-09,0.5641220408950689,inf,2.7076345844642787e-08,0.5028502370019885,0.14533600307841965,inf,0.41012409894177865,0.2383892859888865,0.5283593832876525
132,4.867165196111273,S,other,0.08880407170147098,1.4399445961770993e-09,0.5656129208797466,inf,2.3111186088665e-08,0.5034094689377072,0.14437528771184777,inf,0.41003800185355116,0.23704100700823477,0.5276833077079549
133,4.889331624010765,S,other,0.08800896375221391,1.6898494647858697e-09,0.5670804401051963,inf,2.2802734257336266e-08,0.5039542947952785,0.1434296786228332,inf,0.40994903347356454,0.23571760901466454,0.5270066118287814
134,4.911380605667597,S,other,0.08722548957966687,1.4157062107751738e-09,0.5685252502932729,inf,1.9252691057565935e-08,0.504485194784285,0.1424987026863844,inf,0.4098564402170998,0.23441881105175646,0.5263286092431719
135,4.933315418840861,S,other,0.08645335324027913,2.2405310456876e-09,0.5699484148433653,inf,1.7520104155553922e-08,0.5050025949621763,0.14158192601817093,inf,0.4097592978905876,0.2331443806695198,0.5256484377144657
136,4.955139211237529,S,other,0.08569227055898053,9.23067955892979e-10,0.5713500592662658,inf,1.223124432439351e-08,0.5055069336649468,0.14067891356339782,inf,0.40965663883654435,0.23189411399156737,0.5249651870310624
137,4.976854995984473,S,other,0.08494196888760995,1.5717769464783323e-09,0.5727310927530943,inf,1.1406049750685349e-08,0.5059986426908167,0.13978923341235264,inf,0.40954757160481897,0.23066781533468256,0.5242780190537955
138,4.998465648741201,S,other,0.08420218681285144,1.87862609156797e-09,0.5740918670019703,inf,1.485205206316321e-08,0.5064931914904381,0.13891294648838692,inf,0.40940299796966495,0.2295125651552489,0.5235872281296698
139,5.0199739065034485,S,other,0.0834726738154618,9.387838611855228e-09,0.5754331989077989,inf,7.151168598228645e-08,0.5069607865899088,0.13804877066177607,inf,0.40927945251066417,0.22833338002243644,0.5228904789474996
140,5.041382368085535,S,other,0.08275318988371323,2.7683063141630514e-09,0.5767553067603072,inf,1.653236399230835e-08,0.5074319167760011,0.1371972358167633,inf,0.40912020671666516,0.22722438216026644,0.5221895580832467
141,5.062693496221243,S,other,0.08204350508868433,1.7752136120119645e-09,0.5780587668224276,inf,5.32263265072841e-09,0.5078768419754967,0.13635710914982668,inf,0.40898145652406626,0.22609122377102214,0.52148267226014
142,5.083909621180221,S,other,0.08134339912333133,5.436727583157007e-09,0.5793440357099764,inf,1.856712476565849e-08,0.5083259446536932,0.13552895713701435,inf,0.4088079288032048,0.22502722397747157,0.5207721723991635
143,5.105032945751744,S,other,0.0806526608170064,6.800251269858601e-09,0.5806113288713186,inf,7.447521627540022e-08,0.5087644910807035,0.1347120160208199,inf,0.40862811852900066,0.22398506976987181,0.5200576845497932
144,5.126065551396003,S,other,0.07997108763084448,2.0095458653503987e-09,0.5818622263235272,inf,2.3074171510542505e-08,0.5091928290147845,0.13390596637512317,inf,0.40844272129461506,0.22296435693921135,0.5193399304824046
145,5.147009405305875,S,other,0.07929848514631585,8.374627937846914e-09,0.5830948813969664,inf,9.328862023672373e-08,0.5096112281669213,0.13311051020379208,inf,0.4082524774517203,0.22196467757456598,0.5186196713146227
146,5.16786636806545,S,other,0.07863466655383894,6.601359114389352e-10,0.5843126645832996,inf,3.512190474827377e-09,0.5100198920675246,0.13232545900143744,inf,0.4080580886749846,0.2209856364529795,0.5178976243930024
147,5.188638201545472,S,other,0.07797945216031654,9.198349176168187e-09,0.5855135512658394,inf,4.015805773224263e-08,0.5104192019184376,0.13155043064937236,inf,0.40786014409695714,0.22002686725706408,0.5171743898911793
148,5.209326576651613,S,other,0.07733266891440466,3.789840127525355e-09,0.5866988643761609,inf,9.399003359791053e-09,0.5108241896920854,0.13078571316114973,inf,0.4076328170122741,0.21913339725734152,0.5164514137899963
149,5.229933080549387,S,other,0.0766941499797954,3.962330029224946e-09,0.5878688504869847,inf,1.5395903771769464e-08,0.5112054095092913,0.1300301023601794,inf,0.40742901362601147,0.218214044359643,0.5157268801782914
150,5.250459223035833,S,other,0.0760637343409318,4.835084348522867e-09,0.5890238384197377,inf,2.9316342741839796e-08,0.5115927773521965,0.12928428761968647,inf,0.407196423146431,0.21735908656831687,0.5150028304238329
151,5.270906441813306,S,other,0.07544126646578636,1.5851505896736715e-09,0.5901640710423338,inf,1.4626120656909682e-08,0.5119568841810107,0.12854711610582015,inf,0.406986746922414,0.2164783098829605,0.5142769954198648
152,5.2912761065387945,S,other,0.07482659601713804,1.7375359478576276e-09,0.5912899589076266,inf,2.8171242220971112e-08,0.5123275513247222,0.1278192925484573,inf,0.4067480597953923,0.21566126044173206,0.513551049185531
153,5.311569521660875,S,other,0.07421957761142811,3.8356004327697025e-09,0.5924018489216065,inf,4.275836158960581e-08,0.5126754475375036,0.12709967290401636,inf,0.40653098907294793,0.21481870635263717,0.5128223847888459
154,5.331787928198864,S,other,0.07362007061806852,7.553732406755917e-10,0.5934998825686482,inf,9.341918655835096e-09,0.5130301810549954,0.1263890830533661,inf,0.40628414814314645,0.2140394099910639,0.5120924796062094
155,5.351932504746173,S,other,0.07302793898860611,1.2411296953587005e-09,0.5945844023199831,inf,4.77669348506948e-09,0.5133773093870436,0.12568673795775048,inf,0.4060323776190879,0.2132789175588871,0.5113596498443581
156,5.3720043680743546,S,other,0.07244305110370279,8.961828552813514e-09,0.5956552700116141,inf,5.659204869418917e-08,0.5137169777115685,0.12499249966433294,inf,0.4057750594660848,0.2125372809442604,0.5106232727129045
157,5.392004573761913,S,other,0.07186527962169928,4.839694412197432e-09,0.5967142025284283,inf,2.2838623385604463e-08,0.5140493999631475,0.12430614802326363,inf,0.4055116355221914,0.21181455732677493,0.5098827832038453
158,5.411934117265117,S,other,0.07129450132555933,6.388287571705203e-09,0.5977599351516968,inf,3.7583143026161316e-08,0.514374712449604,0.12362756092660775,inf,0.4052416328956936,0.21111079929390653,0.5091376992888303
159,5.431793935786722,S,other,0.07073059694397943,1.2487600701948424e-09,0.5987932093474742,inf,6.17962440975223e-09,0.5146930794361152,0.12295657462301449,inf,0.4049646739474625,0.21042604830843922,0.5083876317255557
160,5.4515849111908965,other,other,0.07590758337720682,4.710023280940509e-09,0.43471238825424546,inf,0.1715201486764939,0.5727812642601013,0.18595225704780233,inf,0.40468047085054937,0.20976033222008264,0.5076322784942184
161,5.471307874073476,other,other,0.07532521218952348,6.290991252490369e-09,0.43548070773179165,inf,0.17017600826115786,0.5732237872257052,0.18404991469386256,inf,0.4043648904137396,0.2091560698997475,0.5068724956448369
162,5.49096360894543,other,other,0.07474935357235993,4.2844305022782295e-09,0.4362542591553597,inf,0.16882261341107793,0.5736479209332391,0.18214592624619205,inf,0.4040657522633909,0.2085282213999833,0.506105912211847
163,5.510552860345163,other,other,0.07417990601661059,6.992410806050927e-09,0.4370308097890091,inf,0.16746769352756563,0.5740702345031228,0.18023983083158787,inf,0.4037588014781454,0.20791944528708045,0.5053334181289904
164,5.530076339581807,other,other,0.07361677038943575,3.4312759247372284e-09,0.4378087632527319,inf,0.16611921693706438,0.5745071952727996,0.17833094572171937,inf,0.4034203922120224,0.20737143886372014,0.5045558858285366
165,5.549534731742038,other,other,0.07305984965176042,9.861895697006712e-09,0.4385947116487353,inf,0.16475999379658063,0.5749270732943308,0.17641775341543522,inf,0.40309727456858346,0.20680067230951021,0.5037707994139355
166,5.568928702576179,S,other,0.06696644513791385,3.155996094223616e-10,0.6056970013319303,inf,1.886349752555712e-09,0.5167842409635931,0.11846021253885682,inf,0.4027423305508902,0.20629033271423183,0.502979955149698
167,5.588258904916303,S,other,0.06645363790625387,2.8558321550945735e-09,0.6066390182838857,inf,3.18569077652839e-08,0.51706700516168,0.11784492452114133,inf,0.4023784668733713,0.20579890054695024,0.5021816906045546
168,5.607525984363181,other,other,0.07142543214916715,1.755278516285946e-09,0.4409928316830041,inf,0.16068074954836367,0.5762173372301739,0.17064391183247352,inf,0.40202783660867053,0.20528591866876195,0.5013741682403269
169,5.6267305840973085,other,other,0.07089243331525509,7.874122296596229e-10,0.44181471871615935,inf,0.15931511648760138,0.5766542485192797,0.16870246415473694,inf,0.40164377865431794,0.20483326984132194,0.5005587586557632
170,5.645873348804306,other,other,0.07036518682021353,1.56403134694178e-09,0.4426445831784103,inf,0.15794357482509527,0.5770930426316118,0.16674951758009196,inf,0.4012482660658701,0.20440040033335224,0.4997332979171059
171,5.664954927837934,other,other,0.06984360329809954,6.2079385086975505e-09,0.44348592601298215,inf,0.15656488782021497,0.577534568048559,0.1647827155700203,inf,0.40084012994265805,0.2039877619096312,0.4988965795155956
172,5.683975977856845,other,other,0.0693275940702018,7.062333607302707e-09,0.44433929322862664,inf,0.15517779823127706,0.5779797217917386,0.16279959409634753,inf,0.40041804823996174,0.20359589271359071,0.498047239876205
173,5.702937165250037,other,other,0.06881707100856092,5.5027014180830695e-09,0.4452061896069733,inf,0.1537806311360672,0.578429614998825,0.16079698629661351,inf,0.3999805532160373,0.20322541951468037,0.49718376512585705
174,5.721839168702304,other,other,0.06831194638848948,4.551711308453487e-10,0.4460863870150435,inf,0.15237156104911398,0.5788854439609402,0.15877141381413218,inf,0.3995260366577095,0.20287706078225137,0.49630449554530354
175,5.740682682242673,other,other,0.06781213271695992,1.6988063085375395e-09,0.44698452000622396,inf,0.1509484952162996,0.5793486007961711,0.15671885185865023,inf,0.39905275058787926,0.20255163177269783,0.495407625424928
176,5.7594684190703545,other,other,0.0673175425264841,7.68370095790261e-09,0.4479029309211006,inf,0.14951882591555582,0.5798364508376719,0.15463473433090397,inf,0.3985370816496224,0.20228868263913657,0.49449236301761806
177,5.7781971163734,S2,other,0.06584479458691492,8.989296456910599e-10,0.7468683129737596,inf,0.11202375416791618,0.6272773595324348,1.029125489422595e-09,inf,0.3980205527671904,0.20201173277104972,0.4935542569219153
178,5.796869541258019,S,other,0.06118511188530961,4.44633433871081e-09,0.6163424803716715,inf,2.803189865233257e-08,0.5198306091654756,0.11146554793884984,inf,0.3974790809588927,0.2017608408832213,0.49259215816575214
179,5.815486497805296,S,other,0.06073776393621737,2.7456774890804086e-09,0.6171695343730655,inf,1.0205616416213442e-08,0.5200672537113478,0.11091858802542731,inf,0.39688890582518366,0.20157519525407303,0.49160472565030755
180,5.834048835179582,S,other,0.06029532479827438,5.623005772368111e-09,0.6179879200347475,inf,1.5877644232534126e-08,0.5202856302706758,0.110376003903838,inf,0.39629015471234624,0.20138031855025373,0.49058683522649027
181,5.852557456639007,S,other,0.05985771334050552,3.866484738277522e-09,0.6187981273306851,inf,1.4450456343372519e-08,0.5204998075237225,0.10983827630092984,inf,0.3956584411654717,0.20121604508827934,0.4895366224010805
182,5.871013329248505,S,other,0.05942484839869758,5.973676106246224e-09,0.6196000864194438,inf,1.8356360366837027e-08,0.5207237984643864,0.10930581737458232,inf,0.3949696000711634,0.2011214278073945,0.48845193924532193
183,5.889417494069937,S,other,0.058996648568827616,5.322562452079387e-09,0.6203941993250286,inf,8.320378302552693e-09,0.5209437305908121,0.10877801933740301,inf,0.3942412977259218,0.2010610880413504,0.48732792504391337
184,5.9077710765981,S,other,0.05857303200898714,1.2864746228807294e-09,0.621180318952175,inf,2.564741898300423e-09,0.5211459234097208,0.10825418942147641,inf,0.39349038176667916,0.2010009460038826,0.48615935669198007
185,5.926075297217941,S,other,0.05815391624795758,5.211388647659697e-09,0.6219588455349254,inf,6.083465863021593e-08,0.521358113383277,0.1077353513506272,inf,0.3926711371481372,0.20101731228775854,0.4849442926572222
186,5.944331481467916,S,other,0.057739218007810816,9.877364808538569e-09,0.6227292741713183,inf,1.2724391462846634e-07,0.5215665913475499,0.10722087577644962,inf,0.3917999107196093,0.20107652908713966,0.48367686257723386
187,5.962541069898814,S,other,0.05732885304401485,3.3289360749920374e-09,0.6234930726010421,inf,2.1608282475535958e-08,0.5217577178418368,0.10670999225801119,inf,0.39089231404540214,0.20114626238197947,0.4823509088222387
188,5.980705627311374,S,other,0.056922736014679884,8.018184793944319e-09,0.6242492800054362,inf,1.9911616947876822e-08,0.5219590639502669,0.10620383337406387,inf,0.38990264534631364,0.20130238062769729,0.4809637609558146
189,5.998826851140461,S,other,0.05652078036187582,2.7670560816843147e-09,0.6249985528264936,inf,6.941179778121144e-09,0.522157008133559,0.10570167313196262,inf,0.3888464080340435,0.20151295232451463,0.4795090145835582
190,6.01690657873587,S,other,0.05612289823949988,2.5712491584980408e-09,0.625740814530089,inf,9.505254509928071e-09,0.5223516435147099,0.10520341486418053,inf,0.3877187352569026,0.20178240825014593,0.4779815678817263
191,6.034946793285008,S,other,0.05572900046291682,2.5719611622243227e-09,0.6264764678567315,inf,5.06079387281194e-09,0.5225430632701284,0.10470896291447751,inf,0.3865150314200237,0.20211533893691705,0.47637658751705625
192,6.052949628149123,S,other,0.05533899650357886,4.483501452068995e-09,0.6272054730266916,inf,1.222416441408775e-08,0.522731400869047,0.1042181821793908,inf,0.3852311802332729,0.20251637633983152,0.47468972292488176
193,6.0709173694594,S,other,0.0549527945201393,8.422040288426778e-09,0.6279277977808052,inf,7.247342427548764e-08,0.5229167076303188,0.10373102063628448,inf,0.3838637691699073,0.20299004588826117,0.47291733802783353
194,6.0888524569477545,S,other,0.0545703014261674,2.3434901008072048e-09,0.6286446372821627,inf,5.864034596750474e-09,0.5230992437947524,0.10324720722497263,inf,0.3824103148841675,0.20354059453077228,0.47105674452345186
195,6.106757483154713,S,other,0.05419142299502265,3.2697167108344377e-09,0.6293552148701346,inf,2.297203859521297e-08,0.5232789828285613,0.10276676902504621,inf,0.3808694709173473,0.20417180464560855,0.469106417516425
196,6.124635191321508,S,other,0.05381606398235973,6.7945908975573754e-09,0.6300597711557038,inf,5.8789892645786e-08,0.5234560945163947,0.10228953270103548,inf,0.37924119843040477,0.20488680704272136,0.467066173653465
197,6.142488472369868,S,other,0.05344412826821787,1.8911461296428502e-09,0.6307587617756316,inf,1.537985107125318e-08,0.5236440414588373,0.10181601327756852,inf,0.37750774339109344,0.20572157983254927,0.4649385893292693
198,6.160320361327101,S,other,0.05307551900598392,2.6414486490863358e-09,0.6314522181111676,inf,2.6591462261434735e-08,0.523816178209998,0.10134484989165629,inf,0.37571037190126094,0.20660991080997626,0.46272388809558085
199,6.178134033310339,S,other,0.05271013877152172,1.5479193529401115e-09,0.6321404469307083,inf,1.5866376173122548e-08,0.5239860186393028,0.100876537017748,inf,0.37383414656241365,0.20758593230455957,0.46042767208665936
200,6.195932798732905,S,other,0.052347889726700826,7.706109165768558e-09,0.6328237537588577,inf,1.2244543898922692e-07,0.5241537090597914,0.10041089424080264,inf,0.37188477243006923,0.20864875300029084,0.4580556892026325
201,6.213720096791801,S,other,0.051988673809072516,1.3304273870056592e-09,0.6335018199637696,inf,1.5424529506956756e-08,0.5243193023496615,0.09994794514342938,inf,0.36986919678002905,0.2097963130089224,0.4556149835904753
202,6.231499485655494,S,other,0.05163239298282192,2.371697795452371e-09,0.6341753919161616,inf,2.977041557107294e-08,0.5244962242342565,0.09948800851501091,inf,0.36777690067883334,0.21105808565772613,0.45311505121916906
203,6.249274627254361,S,other,0.05127894958412771,1.6841113189914172e-09,0.6348443377136845,inf,2.2548067137611427e-08,0.5246580564568807,0.09902982456951948,inf,0.36565390932943387,0.2123642007331177,0.4505622828315527
204,6.267049264350664,S,other,0.05092824680621976,1.2876176243979742e-09,0.6355089788615029,inf,1.676828741687417e-08,0.5248181898118717,0.09857385827528804,inf,0.36349103052240445,0.213742214997663,0.4479677274315508
205,6.284827187767966,S,other,0.05058018935398232,1.4704016034637432e-09,0.6361695117147622,inf,2.4056366160690092e-08,0.5249767443213325,0.09811997971874492,inf,0.3612980891183247,0.21518589123207454,0.4453415258821073
206,6.302612192357237,S,other,0.05023468428778399,6.686552090151899e-10,0.6368259579615415,inf,9.448824004553455e-09,0.5251338374762468,0.09766806615547714,inf,0.3590850406795429,0.2166881916667034,0.4426940012500945
207,6.320408021429554,S,other,0.04989164205056029,9.569611571376944e-09,0.6374791062188511,inf,1.4589041427759349e-07,0.5253026524436407,0.09721859411767146,inf,0.3568438478824262,0.21827310500243172,0.4400368214858722
208,6.338218300836799,S,other,0.049550977642302735,5.390050083510772e-10,0.6381276834247966,inf,1.0100753028328123e-08,0.5254571107687199,0.09677026947456656,inf,0.3546200261460008,0.21986873534780643,0.4373772708563862
209,6.356046465382811,S,other,0.049212611887965475,1.3568561082642414e-09,0.6387732841997545,inf,1.86762184064313e-08,0.5256104293174083,0.09632355445469955,inf,0.35240468653366125,0.22149826872830347,0.4347263667310677
210,6.373895681516114,S,other,0.04887647270802196,1.0021520721560304e-09,0.6394155956235991,inf,1.795909407429357e-08,0.5257626887542799,0.0958783685089412,inf,0.3502064006281566,0.2231526695276602,0.43209321779951576
211,6.391768771055073,S,other,0.04854249631055732,3.19265070885524e-09,0.640054572225976,inf,4.931990848545682e-08,0.5259139955609751,0.0954346115561893,inf,0.34803308402422595,0.22482271615106084,0.4294863042503987
212,6.409668140896592,S,other,0.04821062820978736,3.2196771854794016e-09,0.6406906858000692,inf,6.255519548652755e-08,0.526064398680046,0.09499220446575146,inf,0.3458919412243165,0.22649913846064984,0.42691341336293936
213,6.427595723258184,S,other,0.04788082399699617,5.29673771130449e-09,0.6413235016115253,inf,8.179731783435039e-08,0.5262139957933711,0.09455105934679749,inf,0.34378943711639015,0.22817276332404832,0.424381599859494
214,6.445552930106001,S,other,0.04755304980844529,5.660437329469727e-09,0.6419534886985269,inf,8.67408530337289e-08,0.526362787741061,0.09411117617932883,inf,0.34173128751989124,0.2298346657669997,0.4218971639192505
215,6.463540624197675,S,other,0.047227282461689876,4.5529558995562394e-09,0.6425805274440944,inf,7.578067762385362e-08,0.526510840809867,0.09367248069170017,inf,0.33972246137660894,0.2314763207109672,0.4194656401495143
216,6.481559107805094,S,other,0.046903509258025985,2.1357514734619137e-09,0.6432048484868091,inf,4.664534521382905e-08,0.5266581726096965,0.09323495887337561,inf,0.3377671884343505,0.2330897486131138,0.4170917922643679
217,6.4996081288465355,S,other,0.04658172747373621,3.2990002163434465e-09,0.6438262355220951,inf,6.390455848745281e-08,0.5268048092094548,0.09279858893930262,inf,0.33586896832297225,0.23466764778912008,0.4147796102949629
218,6.517686902981531,S,other,0.04626194358233642,1.6084761437270417e-09,0.6444449296018412,inf,3.1463255640937384e-08,0.5269507391385226,0.09236338344564857,inf,0.3340305792760648,0.23620350675572957,0.41253230938060587
219,6.535794149293871,S,other,0.04594417226571405,7.69734727264779e-09,0.6450608962222925,inf,1.3530214086344319e-07,0.527095871874,0.09192944301653411,inf,0.332254086953997,0.23769169133308057,0.4103523311513092
220,6.553928136556119,S,other,0.04562843527731758,1.172493710005192e-09,0.6456736612967747,inf,2.2910670046945537e-08,0.5272404837118234,0.09149648092365201,inf,0.3305408555208261,0.2391275031465716,0.40824135011306845
221,6.572086736745259,S,other,0.04531476022658642,4.003282128863493e-09,0.6462833648862748,inf,5.612440201192073e-08,0.5273842563081235,0.09106483103128366,inf,0.3288915641054307,0.24050720820710533,0.40620028813186493
222,6.590267482447602,S,other,0.045003179345531934,4.6574327235583e-09,0.646890147912569,inf,7.734414277534968e-08,0.5275273135464223,0.09063439126131391,inf,0.32730623197289865,0.24182803613715853,0.4042293400657561
223,6.608467625014297,S,other,0.04469372829551097,3.115173617543668e-09,0.6474944966918549,inf,5.1063010379219306e-08,0.5276694940244125,0.09020530741539153,inf,0.3257842552151329,0.2430881521644983,0.40232801291471953
224,6.626684190754239,S,other,0.04438644505882797,1.902549654447083e-09,0.6480948714226041,inf,3.1659230236093156e-08,0.5277983723925531,0.08977691347461694,inf,0.32434052293622484,0.24425851511162583,0.4004936455098972
225,6.644914033017975,S,other,0.04408136894746035,4.107268307573634e-09,0.6486924084057302,inf,5.1067542861452125e-08,0.5279389298171208,0.08935050597771448,inf,0.3229411339702813,0.24539538441322864,0.39872760701137216
226,6.663153878670625,S,other,0.043778539749538554,4.087070565034548e-09,0.6492865352390037,inf,5.857794536050836e-08,0.5280785297073594,0.08892557009184333,inf,0.3216001194276809,0.2464710358560495,0.3970261938947077
227,6.681400368111854,S,other,0.04347799702175278,6.302138315163425e-09,0.6498774358798286,inf,8.580940302327859e-08,0.5282172035032641,0.08850208411713707,inf,0.32031501140658275,0.24748668064774468,0.39538683746912473
228,6.6996500886211345,S,other,0.043179779522729306,7.427381551037262e-09,0.6504648252910764,inf,8.598363192928965e-08,0.5283425201301379,0.08807952125624037,inf,0.3190988419221449,0.24841684044657694,0.39380511431507814
229,6.717899601340996,S,other,0.04288392477754807,6.100819793516509e-09,0.6510488067022797,inf,1.0759096027687685e-07,0.5284792244860584,0.08765912754595301,inf,0.3179171485461759,0.24931830420455497,0.39228108186534094
230,6.736145462626612,S,other,0.04259046875432141,4.773659806298226e-09,0.6516290806329734,inf,6.12091805675803e-08,0.5286147379329768,0.0872404871813062,inf,0.316782806709552,0.25016610473286705,0.39081003101927925
231,6.7543842407679895,S,other,0.04229944563036776,2.1625768781524494e-09,0.6522058836306499,inf,3.9461684430371456e-08,0.5287491960265908,0.08682347084952631,inf,0.3156928818477175,0.2509629185661052,0.3893887995902494
232,6.772612529227163,S,other,0.04201088762748735,5.2497108126125864e-09,0.652778850803498,inf,9.408934841798415e-08,0.5288702507757866,0.08640761263565315,inf,0.31466002479262783,0.2516852071261174,0.38801271393776865
233,6.790826957536527,S,other,0.04172482489172274,2.8557982780773483e-09,0.6533481052677653,inf,6.256787013326103e-08,0.5290024177625094,0.08599409129164744,inf,0.3136505018098616,0.25238872028456816,0.3866819817740858
234,6.809024200896475,S,other,0.04144128540437799,2.0513440542567485e-09,0.6539134376901403,inf,3.918712848162679e-08,0.5291333103275453,0.0855824441827403,inf,0.31267737638956966,0.25304973833835237,0.3853922583796589
235,6.82720098931909,S,other,0.041160294903559456,7.44600374760148e-09,0.6544751503716235,inf,1.541258240552478e-07,0.5292629967789423,0.0851726384217894,inf,0.31173838705977586,0.253671031612563,0.38414099673692215
236,6.845354116921825,S,other,0.04088187680919093,6.229216818965974e-10,0.6550323095038942,inf,1.3150464524898682e-08,0.5293913220659476,0.08476477544626333,inf,0.3108315149029028,0.25425526560921796,0.3829258869523672
237,6.863480451712928,S,other,0.04060605215117046,4.212542855143918e-09,0.6555857434276691,inf,6.601782375669378e-08,0.5295183690499846,0.08435884719529158,inf,0.3099549827878286,0.25480497501335075,0.38174485887507137
238,6.88157694595752,S,other,0.0403328394872427,1.365715615437927e-09,0.656135332685335,inf,3.274464912418368e-08,0.5296320764085328,0.08395425344658032,inf,0.3091224237346662,0.2552974900854952,0.3805944600912038
239,6.8996406469928395,S,other,0.040062254826406296,5.497186221322969e-09,0.6566806464768903,inf,8.997856122862003e-08,0.5297565056401975,0.08355226536129333,inf,0.308302088050611,0.2557853746410068,0.3794762802464126
240,6.917668708189634,S,other,0.039794311552409714,1.3243027610212547e-09,0.6572219397315131,inf,1.654053816997059e-08,0.5298794459955796,0.08315240906639268,inf,0.30750803628674034,0.2562454455067143,0.3783872648018408
241,6.9356583996428665,S,other,0.0395290203593439,7.104217093559365e-10,0.6577591188092051,inf,8.439910271046011e-09,0.5300010213730039,0.08275459141965334,inf,0.3067392445017325,0.25667964500818913,0.37732611968803303
242,6.953607118121406,S,other,0.039266389201457454,1.2282481628053684e-09,0.65829218400737,inf,1.7866609120235816e-08,0.5301211680935113,0.08235887719746346,inf,0.3059947976365067,0.2570897817313191,0.37629167195550145
243,6.971512395809725,S,other,0.03900642326611705,2.4981351096709163e-09,0.6588208746529456,inf,2.8541976098652833e-08,0.5302398869334194,0.08196526631824312,inf,0.3052738573341939,0.25747754248339233,0.37528283949465335
244,6.989371907427109,S,other,0.03874912497289514,2.3955142787219098e-09,0.6593456730123075,inf,4.0290820522546095e-08,0.5303689109086187,0.08157446834414363,inf,0.3045606879619916,0.25786832036756946,0.3743002405984325
245,7.007183475400692,S,other,0.038494494002847573,1.7100833728407854e-09,0.6598660461170265,inf,3.105902105891052e-08,0.5304846935624394,0.08118514601825294,inf,0.30388444990932817,0.25821576086414216,0.3733396298923803
246,7.0249450728853,S,other,0.03824252735851338,4.914933892031159e-09,0.6603822888576348,inf,1.0942030953173739e-07,0.5305990297660603,0.08079796367284496,inf,0.3032294064296302,0.2585452754294226,0.3724016893213048
247,7.042654824552638,S,other,0.03799321945398398,4.968550297644418e-09,0.6608949820003795,inf,9.697523630346507e-08,0.5307118507036219,0.0804129985205566,inf,0.30259479978113996,0.25885817585519016,0.3714854834013598
248,7.06031100520225,S,other,0.03774656223405686,2.0398401359723576e-09,0.6614018315978436,inf,1.3317245637319302e-08,0.5308349016602052,0.08003083911643442,inf,0.30196504519676887,0.2591787204546455,0.3705917380028073
249,7.077912036366028,S,other,0.037502545315989864,1.9250357740798092e-09,0.6619053983302899,inf,1.528189265258118e-08,0.5309448078889081,0.07965019985466311,inf,0.30136904469911846,0.25946183774693166,0.36971624105664436
250,7.095456481177571,S,other,0.03726115615126676,9.839540935519559e-09,0.6624049357965546,inf,2.3686170394674564e-08,0.5310647731476726,0.0792724418836021,inf,0.3007764128527118,0.25975447960221887,0.36886139884698876
251,7.1129430378512275,S,other,0.03702238019634592,3.6725238903570143e-09,0.6628998824924973,inf,6.577856512925839e-08,0.5311717861799041,0.07889611097438481,inf,0.30021595177376553,0.260012208670871,0.36802302415400445
252,7.130370532159272,S,other,0.03678620110017069,2.810973251335372e-09,0.6633910227101646,inf,4.1948596659691e-08,0.531288767771678,0.0785226925880063,inf,0.2996574113373166,0.2602810701870022,0.3672035913346888
253,7.147737909308746,S,other,0.03655260087937844,4.616389036120848e-09,0.6638777121266701,inf,7.108012342686061e-08,0.5313928911976045,0.07815069101425644,inf,0.29912954272326286,0.2605172447062497,0.36639897311055286
254,7.16504422560368,S,other,0.03632156009891247,5.399771654552438e-09,0.6643620694995177,inf,1.2498600232288365e-07,0.5315068631132931,0.07778161369423417,inf,0.2986022643503537,0.2607658787350644,0.36561174782126177
255,7.1822886402377915,S,other,0.03609305804007786,4.29357922322347e-09,0.6648406563107764,inf,9.754006004120518e-08,0.5316194768153221,0.07741461246031174,inf,0.29808967221869137,0.2610054584914214,0.3648395552674622
256,7.19947040750302,S,other,0.035867072856641806,2.4244936704289566e-09,0.6653146789972627,inf,3.531566536079803e-08,0.5317306502449547,0.07704973170669056,inf,0.2975911993768036,0.26123665467961765,0.36408176053906743
257,7.216588869626907,S,other,0.03564358171733954,2.8698391591464853e-09,0.6657854085349898,inf,3.3381989719076524e-08,0.5318290856360983,0.07668627556606321,inf,0.2971209488679286,0.2614387187196114,0.3633361124559787
258,7.233643450373964,S,other,0.03542256093110422,5.0138482390524034e-09,0.6662520158505071,inf,5.2293922324930825e-08,0.5319374092399756,0.07632562390982739,inf,0.29664922445606345,0.2616550552252396,0.36260545709128006
259,7.25063364946921,S,other,0.03520398605804537,5.0955286747479974e-09,0.6667148245602896,inf,6.184416929790424e-08,0.532044346409422,0.07596704584238666,inf,0.29619025892545575,0.26186460761439173,0.3618876668133129
260,7.267559037831933,S,other,0.03498783200514173,6.741379657826542e-09,0.6671732151629381,inf,7.010472712641172e-08,0.5321499557715335,0.07561048348938772,inf,0.29574370193653804,0.26206778791250834,0.3611823429745601
261,7.284419253548776,S,other,0.03477407310822395,1.433651030886707e-09,0.667628552334132,inf,8.527605911419963e-09,0.5322653201036487,0.07525667393109663,inf,0.2952946983757931,0.26228561187355254,0.36049082280941164
262,7.301213998470731,S,other,0.03456268320469005,2.0476562816112807e-09,0.6680797791207227,inf,1.4043843835294501e-08,0.5323681600740232,0.07490420861545706,inf,0.29487207793401243,0.2624769200706019,0.35980940975025544
263,7.3179430352899395,S,other,0.03435363569403771,1.4626405409178009e-09,0.6685271950132925,inf,7.181880929089989e-09,0.5324697067202574,0.07455372337466608,inf,0.29446102592389156,0.26266282080408465,0.3591395013499963
264,7.334606184939723,S,other,0.03414690359553712,8.63654121132619e-09,0.6689709230637646,inf,5.3106118075876004e-08,0.5325699289510373,0.0742052599073988,inf,0.29406130352551657,0.26284356870111836,0.3584808251023697
265,7.351203324163569,S,other,0.0339424595962436,1.1237671842481227e-09,0.6694109004153477,inf,7.408468202156864e-09,0.5326799594633116,0.07385937351650844,inf,0.29365818547697353,0.2630393872628898,0.357834820316391
266,7.367734383114065,S,other,0.03374027610679525,6.9389528830316016e-09,0.6698470576729031,inf,4.791256320980634e-08,0.5327776736059815,0.07351475985970007,inf,0.29328043606986126,0.26321034953463207,0.3571978260021349
267,7.384199342867883,S,other,0.0335403253021563,8.721536951368311e-09,0.6702796949268113,inf,8.634040301057511e-08,0.532885123541066,0.07317274674921721,inf,0.29289884009951,0.2633964886872732,0.35657298636220985
268,7.400598232774721,S,other,0.03334257917324987,1.6704429286609754e-09,0.6707092062241463,inf,8.133477665687138e-09,0.5329803881741383,0.07283191450925304,inf,0.2925421023587735,0.2635585032645231,0.3559566211697053
269,7.416931127593154,S,other,0.03314700957705953,7.684736157623134e-09,0.6711348221444252,inf,1.201052260133533e-08,0.5330853674016612,0.07249365350297983,inf,0.2921810293261809,0.26373577868565895,0.3553518711890825
270,7.43319814440142,S,other,0.032953588281320445,4.895789520892902e-09,0.6715569498426488,inf,2.712963966583438e-08,0.5331891452660087,0.07215721658137766,inf,0.2918298207544157,0.26390884254092367,0.35475674468724916
271,7.449399439303283,S,other,0.032762287018760085,5.928561910324595e-09,0.671975711344844,inf,5.090808619620613e-08,0.5332917484042274,0.07182257782013075,inf,0.29148819611501514,0.26407789080584554,0.35417095047424424
272,7.465535203976225,S,other,0.032573077533066645,2.2537570060002695e-09,0.6723912403962039,inf,5.6741951335440575e-09,0.5333823922690016,0.07148903199820907,inf,0.29117029990555093,0.2642242125793006,0.3535924730923845
273,7.4816056621292875,S,other,0.03238593162956724,5.091389528162616e-09,0.6728036353074408,inf,2.966903918792466e-08,0.533482720543481,0.07115794119293578,inf,0.29084697482069116,0.2643859546962959,0.3530244536656603
274,7.497611065950486,S,other,0.032200821219462404,3.675953833500594e-09,0.6732119487754783,inf,3.1296197400846614e-08,0.533581977964933,0.07082856388820165,inf,0.2905323710155155,0.2645442485032131,0.3524648810283642
275,7.51355169262823,S,other,0.03201771836515503,2.615101375338301e-09,0.6736176443946661,inf,1.2751766309735293e-08,0.5336801053615516,0.0705009231827459,inf,0.29022620683619704,0.26469927236178675,0.3519134681491609
276,7.529427841028363,S,other,0.03183659531918094,2.218171673601202e-09,0.6740200298890905,inf,9.643961138708783e-09,0.5337878423803842,0.0701756654790521,inf,0.28991379818785473,0.2648695160996471,0.351371667966351
277,7.545239828599156,S,other,0.03165742456008384,2.9003771171813807e-09,0.6744192025140803,inf,3.511312212583208e-08,0.5338838535048233,0.06985135939245307,inf,0.2896237136169735,0.2650183570195583,0.35083575967417346
278,7.560987988562318,S,other,0.031480178823172916,1.4714987376671e-09,0.6748154223871219,inf,4.1548010128803545e-09,0.5339789057117942,0.0695286267005374,inf,0.28934129404161746,0.2651644083520937,0.3503072225353618
279,7.576672667430385,S,other,0.03130483112674554,5.8073210171446955e-09,0.6752083766171424,inf,4.0362606269686114e-08,0.5340729632977594,0.06920751297252627,inf,0.28906631357463547,0.26530780742327853,0.34978582547021153
280,7.592294222871619,S,other,0.031131354792352763,7.342404101894762e-09,0.6755984883478747,inf,4.213615635788865e-08,0.5341765838813735,0.0688886969569223,inf,0.28878415949971076,0.2654664396636298,0.3492730942299125
281,7.607853021924261,S,other,0.030959723461758296,8.183544351826784e-09,0.6759874186932558,inf,1.8896424959521243e-07,0.5342686531170744,0.0685707250975091,inf,0.2885234516073846,0.2656047597577906,0.34876535663041547
282,7.623349439544247,S,other,0.03078991110699273,1.670318717511927e-09,0.6763697200753744,inf,1.789302943295014e-08,0.5343704071603113,0.06825496186150502,inf,0.2882552053692334,0.26575825992220053,0.34826591343544144
283,7.638783857455493,S,other,0.03062189204072242,1.6687650150585847e-09,0.6767513163046187,inf,1.2217873379540364e-08,0.5344607318857556,0.06793997468846129,inf,0.2880080724178058,0.26589191660649947,0.34777111429020174
284,7.654156663260365,S,other,0.0304556409182922,2.5743830018036442e-09,0.6771299104399658,inf,2.523279359274597e-08,0.5345605870854517,0.06762719679142855,inf,0.2877530935550977,0.2660406648114852,0.34728429622781515
285,7.669468249760551,S,other,0.030291132741364194,7.3239548428293835e-09,0.6775069329247145,inf,1.8046588773288005e-07,0.534659501291483,0.06731588080528701,inf,0.28750453749905636,0.26618709480404185,0.3468035729640237
286,7.684719014435261,S,other,0.03012834285584698,4.140983810629318e-09,0.6778787501482112,inf,4.813553907808236e-08,0.5347473296260054,0.06700519854666034,inf,0.2872766908091718,0.26631431391781873,0.3463270571435976
287,7.69990935902441,S,other,0.02996724695479081,6.731602165949312e-09,0.6782495522342515,inf,1.1602057980799558e-07,0.5348445893135857,0.0666966856565683,inf,0.2870406035671986,0.26645645400821505,0.34585812236686436
288,7.715039689168519,S,other,0.029807821071846173,5.1034983097303765e-09,0.6786166526182684,inf,6.089753037170823e-08,0.5349410785210832,0.06638951586717584,inf,0.28681056771901753,0.26659648843896583,0.34539489208024493
289,7.730110414064082,S,other,0.029650041582792868,2.3698287749188332e-09,0.6789811441727046,inf,6.489537516313331e-09,0.5350367638630917,0.06608369769355424,inf,0.2865864649288414,0.26673448421057433,0.34493724173368084
290,7.745121946101916,S,other,0.029493885202259783,6.390721480750147e-09,0.6793442414448186,inf,9.699050744670986e-08,0.5351316300218406,0.06577921143762146,inf,0.2863681771321745,0.26687050800913636,0.34448504706177163
291,7.760074700466036,S,other,0.02933932898123849,4.737032096572376e-09,0.6797036931228122,inf,5.049380155181077e-08,0.535225786072687,0.06547600941827997,inf,0.2861555857108116,0.2670046268325002,0.34403818327687796
292,7.774969094680763,S,other,0.02918635030825138,4.625330219734612e-09,0.6800609977589879,inf,4.889339793021762e-08,0.5353191969290471,0.06517408579529946,inf,0.2859485711615916,0.267136908306243,0.34359652473446106
293,7.789805548103338,S,other,0.02903492690692831,4.053312124457993e-09,0.6804157848451288,inf,4.1675862507423535e-08,0.5354118971268921,0.06487341413828587,inf,0.2857470132195557,0.26726742070711856,0.3431599450329735
294,7.80458448136783,S,other,0.028885036836695688,4.291720734911628e-09,0.6807682793959593,inf,5.1491530797937605e-08,0.5355039232676934,0.06457395112709921,inf,0.28555079136713113,0.26739623273063723,0.3427283174830173
295,7.819306315792835,S,other,0.028736658492438127,3.1981228348404795e-09,0.6811181634949207,inf,3.0204289453260075e-08,0.5356053246122772,0.06427646299982465,inf,0.2853453067186371,0.2675392719367711,0.34230328733922116
296,7.833971472770221,S,other,0.02858977060507355,2.438775972497524e-09,0.6814657856172498,inf,1.6092851348432895e-08,0.5356960205068582,0.06397938142411008,inf,0.2851593879498968,0.26766476971437325,0.3418811888997208
297,7.848580373154944,S,other,0.02844435224125875,1.9904600862462854e-09,0.681811136033469,inf,1.2020774205416426e-08,0.5357860836270943,0.0636834651895467,inf,0.28497845035530733,0.26778877147921043,0.34146366918324866
298,7.863133436676485,S,other,0.028300382803222043,1.5933710660523761e-09,0.6821542317972699,inf,8.094634466326622e-09,0.53588550530586,0.06338944302613515,inf,0.2847878689292028,0.2679268525160973,0.3410523867242355
299,7.877631081391332,S,other,0.02815784202807477,3.108929223761235e-09,0.6824953919317068,inf,7.832471091583292e-08,0.535974341012745,0.06309577768325031,inf,0.28461654919960433,0.2680479376843606,0.34064367412930274
300,7.8920737231931675,S,other,0.028016709986005178,7.791700623528159e-10,0.6828337344130191,inf,1.3764567673372828e-09,0.5360725643011512,0.06280394260891495,inf,0.284435349438853,0.26818299782586064,0.3402409787674355
301,7.906461775393492,S,other,0.027876967078917902,6.304422448763808e-10,0.6831702403012092,inf,1.9299705718170796e-09,0.536170167370738,0.06251318878699123,inf,0.2842586846520371,0.2683165803522503,0.33984241952024313
302,7.920795648380885,S,other,0.027738594036734537,5.876685432728794e-10,0.6835046184913809,inf,3.4878232587876838e-09,0.5362573539409264,0.0622227103087702,inf,0.2841010311298675,0.2684336730477508,0.33944611378683653
303,7.935075749362149,S,other,0.02760157191410338,7.099287883491891e-10,0.6838369002837884,inf,5.839110408849531e-09,0.5363538549433658,0.06193402600688051,inf,0.28393318366735,0.26856456612675017,0.3390555382685623
304,7.949302482183912,S,other,0.027465882085979307,3.7755943178483225e-09,0.6841673784109038,inf,9.069678708175528e-08,0.5364498393376124,0.06164631142557567,inf,0.28376961684803265,0.2686941310299512,0.3386688243116104
305,7.9634762472289164,S,other,0.02733150624221971,7.238856035521739e-10,0.6844952793763242,inf,4.020404038717846e-09,0.5365452804483665,0.0613596370207405,inf,0.2836102581138334,0.26882241018313824,0.33828589206378634
306,7.977597441377737,S,other,0.02719842638274258,5.601635459675429e-09,0.684821526739031,inf,4.4458634969280776e-08,0.5366304871003758,0.06107314452114082,inf,0.2834696753476946,0.2689348094005983,0.33790487431840127
307,7.991666458024109,S,other,0.02706662481075204,5.208680517651704e-10,0.6851456695164052,inf,4.555137365241251e-09,0.5367250210399958,0.06078831456431742,inf,0.28331855487993146,0.26906073627486105,0.33752928390259607
308,8.005683687130393,S,other,0.02693608412709497,1.1213089670730519e-09,0.6854679489796427,inf,4.3650444531047445e-09,0.5368190713483462,0.06050443214116074,inf,0.28317145573294333,0.26918548536973835,0.337157263615194
309,8.019649515309316,S,other,0.02680678722377662,7.548991450548183e-09,0.6857888249736481,inf,1.1680364489312727e-07,0.5369126759769027,0.06022143544065932,inf,0.2830283230077728,0.2693090881960851,0.3367887499150852
310,8.033564325918459,S,other,0.02667871727725958,6.893949312670855e-10,0.6861068307948155,inf,2.7453036908684426e-09,0.5370058838246422,0.0599393337434686,inf,0.28288910437293896,0.269431574712713,0.33642368155976005
311,8.047428499155336,S,other,0.026551857743391485,4.3748932682841e-09,0.6864237970799414,inf,5.300958500125179e-08,0.537108242295908,0.059658887270498395,inf,0.2827390135292919,0.26956708793686995,0.33606380038929373
312,8.061242412142805,S,other,0.02642619235019508,1.0633527263466299e-09,0.68673838204532,inf,1.1485006281957959e-08,0.5372006465269666,0.0593784581670101,inf,0.2826074504215945,0.2696873257323634,0.33570544686985865
313,8.07500643899699,S,other,0.026301705093244247,1.0870751306831781e-09,0.6870514631866044,inf,7.3443667951001325e-09,0.5372926754005715,0.059098853513081584,inf,0.28247965285977217,0.2698065324941869,0.33535036287097103
314,8.088720950872489,S,other,0.026178380229783145,6.522971106082788e-10,0.6873627511602538,inf,1.4737128508522487e-09,0.5373843555547921,0.058820050765010685,inf,0.282355573296533,0.26992473570276265,0.33499849102971674
315,8.102386315982349,S,other,0.026056202274024318,1.3782090323730149e-09,0.6876724663919681,inf,1.592288643689412e-08,0.5374851808154274,0.0585428207360853,inf,0.282220334116895,0.2700556786686231,0.33465158254485733
316,8.116002899592742,S,other,0.025935155992522576,7.814593948530417e-09,0.6879813562455034,inf,1.5314685882074356e-07,0.5375761500293005,0.05826557881518354,inf,0.282103523459366,0.2701718574271269,0.3343059656523494
317,8.129571063994492,S,other,0.02581522639934914,1.2013037567441631e-09,0.688286409885008,inf,2.0831974514326137e-08,0.537666926952167,0.057989022455850504,inf,0.2819902900420257,0.27028711529047145,0.33396339027746647
318,8.143091168455305,S,other,0.025696398753113775,2.1356373087131995e-09,0.6885910213475269,inf,2.5769064760366e-08,0.5377667741517985,0.05771401026228433,inf,0.2818656779276809,0.2704149042230075,0.3336256136306138
319,8.15656356915785,S,other,0.025578658551964385,6.509019007937989e-09,0.6888938981287901,inf,5.738667739517537e-08,0.5378569413126177,0.057438902036815634,inf,0.28175943454694635,0.27052830360684177,0.3332889551624847
320,8.169988619129473,S,other,0.02546199153020776,2.7683199728750005e-09,0.6891955514413517,inf,2.431904449271625e-08,0.5379562067431275,0.05716527690142435,inf,0.2816416663698939,0.2706540985036098,0.3329569885756026
321,8.183366668169555,S,other,0.025346383655081333,3.0917346259815894e-09,0.6894954722388842,inf,2.5556129418787802e-08,0.5380552072144267,0.05689230924282754,inf,0.2815272393039064,0.2707788914420459,0.3326278470184029
322,8.19669806278024,S,other,0.025231821122526227,1.8673609408787244e-09,0.6897939387349487,inf,4.895064074055015e-09,0.5381446565300196,0.056619179866120695,inf,0.28143113748178106,0.2708896548843675,0.33229965867136535
323,8.209983146105525,S,other,0.02511829035413199,4.589009151292645e-09,0.6900907446860218,inf,4.458412265106635e-08,0.53824319031221,0.05634747989277008,inf,0.2813232967338669,0.2710126123918891,0.3319760111009418
324,8.223222257882764,S,other,0.02500577799283723,5.474747730127883e-09,0.6903861837054748,inf,5.995766549849361e-08,0.5383414830735938,0.05607640441601338,inf,0.28121867522430577,0.27113464385576574,0.33165503742706887
325,8.236415734409452,S,other,0.024894270899930737,7.4227243395048725e-09,0.6906801959766284,inf,1.0929434699193209e-07,0.5384395728846254,0.055805915225118664,inf,0.28111723630657465,0.2712557724866873,0.3313366908826595
326,8.249563908526852,S,other,0.02478375615026333,5.438631875685519e-09,0.6909728256780208,inf,5.07673944599e-08,0.5385283167917194,0.05553514444842227,inf,0.28103410482337277,0.2713633285403369,0.3310191005289961
327,8.262667109620832,S,other,0.024674221030468128,9.207535520709045e-09,0.6912641386614595,inf,1.4971345538597684e-07,0.5386260674475033,0.05526577817476342,inf,0.2809389652863431,0.2714828041151772,0.3307058740952571
328,8.2757256636391,S,other,0.024565653031130213,1.686369701603673e-09,0.6915538851439299,inf,5.904844217776423e-09,0.5387237327009818,0.05499686702290909,inf,0.2808469130601819,0.2716014386656545,0.3303951458982806
329,8.288739893123036,S,other,0.02445803984838868,1.4968736010652785e-09,0.6918424144325583,inf,2.9307084845465614e-09,0.5388212254816678,0.054728508504773614,inf,0.2807579203771718,0.2717192506740974,0.33008687652319296
330,8.301710117251623,S,other,0.024351369374967295,4.731635444102044e-09,0.6921296373113858,inf,5.307098101067401e-08,0.5389185873908192,0.05446065756014562,inf,0.28067196140431583,0.27183625763846203,0.32978102809105375
331,8.3146366518944,S,other,0.024245629698219015,5.048246442326749e-10,0.6924155456036796,inf,2.738303305705753e-09,0.5390158725263543,0.05419325132264429,inf,0.2805890120636149,0.2719524762028828,0.3294775640715123
332,8.327519809670234,S,other,0.02414080909688271,8.642431214702074e-10,0.6927002049061176,inf,1.4653311896733328e-09,0.5391130647811486,0.05392631065704275,inf,0.28050904984157693,0.2720679222983769,0.3291764490843108
333,8.340359900008627,S,other,0.024036896036008906,2.284200962559339e-09,0.6929838379899594,inf,4.643949248745152e-08,0.5392191740800036,0.05366066103579506,inf,0.28041662622190755,0.2721946978377752,0.32887948541013023
334,8.35315722921052,S,other,0.02393387916367642,2.104033240496444e-09,0.6932659599540805,inf,2.3233871373257757e-08,0.5393162427138736,0.05339455513984165,inf,0.28034253305003987,0.27230856007193893,0.32858296747919113
335,8.365912100506048,S,other,0.023831747307479684,3.0965514577620413e-09,0.6935471209081847,inf,5.98760906853366e-08,0.5394132374202045,0.05312888948126288,inf,0.2802713657817901,0.272421695182852,0.3282886974393457
336,8.37862481410713,S,other,0.023730489470659484,3.537105817370122e-09,0.6938268808441297,inf,3.927352314678666e-08,0.5395103000808003,0.05286351257662246,inf,0.28020310643429364,0.27253411755594165,0.32799664271051115
337,8.391295667253496,S,other,0.023630094829128243,6.288496489812931e-09,0.69410632551882,inf,2.2808620088820482e-07,0.5396160666417917,0.05259955711111104,inf,0.28012213436636446,0.27265759795064065,0.3277086135992306
338,8.403924954251343,S,other,0.023530552726970355,2.58350488113626e-09,0.6943834842194966,inf,6.935383867499289e-08,0.5397132109992506,0.05233479067238193,inf,0.28005959212944215,0.27276855472496064,0.3274208946675111
339,8.416512966504492,S,other,0.02343185267545557,3.1156781596440412e-09,0.6946600974670973,inf,9.431647698023145e-08,0.5398102509772199,0.052070497010167256,inf,0.2799999074051203,0.2728788417097642,0.3271352953051952
340,8.42905999253845,S,other,0.02333398434783961,3.398302496500881e-09,0.6949355649301927,inf,8.517585256957578e-08,0.5399162136195618,0.05180731635832044,inf,0.27992731708413954,0.2729999879021909,0.326853630951702
341,8.441566318018259,S,other,0.023236937577509366,3.338629247709576e-09,0.6952097599500655,inf,7.869066385328135e-08,0.5400134082614141,0.05154355095899352,inf,0.27987325160928145,0.2731088958825961,0.32657217844693737
342,8.454032225761408,S,other,0.02314070235566967,9.857348801341522e-09,0.6954821571741655,inf,4.6011621548247976e-07,0.540119855148624,0.051280460305062996,inf,0.2798061499510819,0.27322853423218646,0.3262946019558259
343,8.466457995747273,S,other,0.023045268825767434,9.405027372758014e-09,0.6957554359333955,inf,4.4068667246526435e-07,0.54022592556326,0.05101810604014024,inf,0.2797417441677872,0.27334740295401405,0.32601902436883556
344,8.478843905124677,S,other,0.022950627283610837,7.577407933765501e-09,0.6960274541725026,inf,1.0723258705967531e-07,0.540323124808656,0.05075538026934138,inf,0.27969597326484613,0.27345430901582257,0.32574356369460716
345,8.491190228219136,S,other,0.022856768176965574,9.134134804804957e-09,0.6962974413233405,inf,3.3569158882162683e-07,0.5404296109676093,0.05049321758222944,inf,0.27963696828632445,0.2735717569062783,0.32547189363906626
346,8.503497236541206,S,other,0.02276368209501109,3.596618520828723e-09,0.6965680078519619,inf,6.125572631017433e-08,0.5405358707519795,0.050231637841396753,inf,0.2795806179018404,0.27368847819171616,0.3252021346405002
347,8.515765198797203,S,other,0.022671359774834754,4.97523433559505e-09,0.6968368280716956,inf,1.4389494201985967e-07,0.5406338174238097,0.0499690891276235,inf,0.27954303572220435,0.2737935064967887,0.32493240246628924
348,8.527994380903198,S,other,0.02257979209233111,8.13476139064235e-09,0.6971048890121488,inf,1.536794365824606e-07,0.540740577526396,0.04970759162294361,inf,0.27949201890023156,0.2739088889687954,0.32466638086418514
349,8.540185046002955,S,other,0.022488970062966133,7.440049742969588e-09,0.6973722741594118,inf,1.963578526400694e-07,0.5408475259577926,0.049446194130796546,inf,0.2794436266227291,0.2740235847727572,0.3244021883018818
350,8.552337454490107,S,other,0.02239888483790599,1.3089848342131797e-09,0.6976386963854513,inf,1.4908982557466564e-08,0.5409546258083435,0.049184954122585084,inf,0.27939785110432286,0.2741376065318853,0.324139798884529
351,8.5644518640346,S,other,0.022309527703145746,6.242376695550023e-09,0.6979043713784288,inf,1.8534977003210203e-07,0.5410620270970727,0.0489236743201679,inf,0.2793546859735609,0.2742509664531646,0.32387918744143857
352,8.576528529613125,S,other,0.022220890074483506,6.969077512043329e-09,0.69816911388158,inf,2.3422837460976904e-07,0.5411610656689916,0.04866161651574819,inf,0.2793305673259331,0.2743530642623393,0.3236184667540659
353,8.588567703543003,S,other,0.022132963497097334,7.797870816987401e-09,0.6984333349647938,inf,2.110112435311024e-07,0.5412688680328152,0.04840054731260186,inf,0.2792926770486444,0.2744652069997971,0.32336133725514027
354,8.600569635518927,S2,other,0.022053049312278427,2.7945581091106278e-09,0.7412349388320901,inf,0.04813066490898132,0.5865876939426833,3.3012894659030416e-09,inf,0.27925738850601867,0.2745767218380903,0.32310591429096064
355,8.612534572651672,S2,other,0.021961046565764957,8.939678281016666e-09,0.7412200974313117,inf,0.047868727981811396,0.5864520522193213,4.849420578820831e-08,inf,0.27922470107050734,0.2746876195298125,0.3228521752627482
356,8.624462759508035,S2,other,0.02186980759291991,3.072762946774788e-09,0.7412052742888184,inf,0.04762706297396042,0.5863263335629845,1.3569249598409418e-08,inf,0.27917789271782906,0.2748082388668472,0.32260196590752294
357,8.63635443815109,S2,other,0.02177932345218483,4.72645277815248e-10,0.7411907021616395,inf,0.047363576641079506,0.5861913941676101,1.7646274709457175e-09,inf,0.27915033561007585,0.2749178633606175,0.32235153025174007
358,8.648209848180109,S2,other,0.02168958533671638,8.672003898519098e-09,0.7411762025478855,inf,0.047099242836595286,0.5860568236254162,2.7180618002165226e-08,inf,0.27912538387575436,0.2750269017644946,0.3221027136583423
359,8.660029226769389,S2,other,0.021600584570166864,9.066209715403751e-09,0.7411617776681704,inf,0.04683401390706338,0.585922597036704,3.6969472916358845e-08,inf,0.2791030423741535,0.27513536391866256,0.3218554953136464
360,8.671812808705536,S2,other,0.021512312607655727,5.665482332155652e-09,0.7411478321546748,inf,0.04656789214154701,0.5857887521810939,2.0054332609565023e-08,inf,0.2790833173726423,0.27524325951507106,0.3216098547401761
361,8.68356082642282,S2,other,0.02142476103071278,8.921437048737195e-09,0.7411338264115653,inf,0.04630081770827997,0.5856552599924019,2.220505608102601e-08,inf,0.27906621657703057,0.27535059811882145,0.32136577176672104
362,8.695273510036417,S2,other,0.021337921544271055,5.69167370037947e-09,0.7411200915517574,inf,0.04605428713867267,0.5855315119497069,3.183986176789617e-08,inf,0.2790345451171885,0.2754673072873047,0.3211251016706303
363,8.706951087373444,S2,other,0.021251785977619352,8.036662681774868e-10,0.7411067067827549,inf,0.045785316461047824,0.5853987184279819,3.877998898398932e-09,inf,0.2790226317982051,0.2755734920646324,0.32088407575800526
364,8.718593784001937,S2,other,0.02116634628076622,9.588056178221407e-09,0.7410932656905453,inf,0.045515299055251146,0.5852662718750347,2.2048166796902378e-07,inf,0.2790133721413898,0.27567914822314266,0.32064454859515684
365,8.730201823257936,S2,other,0.021081594517926294,1.8914704939595206e-09,0.7410800323563588,inf,0.045265976910272857,0.5851435057957987,1.552849454887752e-08,inf,0.27898930536730937,0.2757940048430709,0.32040837982531484
366,8.741775426270966,S2,other,0.020997522875018076,2.5733262872095795e-09,0.741066855259511,inf,0.044993851142087135,0.5850117611601536,1.9426016864869803e-08,inf,0.27898529801857,0.2758985639277521,0.32017179444325994
367,8.753314811988309,S2,other,0.020914123648445342,1.1237416551181513e-09,0.7410539970967075,inf,0.04474253200875402,0.5848896179887826,5.34488956250483e-09,inf,0.2789663219166361,0.27601221287532346,0.31993853243648346
368,8.764820197198404,S2,other,0.020831389247668523,8.609794179755522e-10,0.7410411957781294,inf,0.04446815033984644,0.5847585627119015,3.2416783790114374e-09,inf,0.2789676246707268,0.2761157117585202,0.3197048147757384
369,8.776291796553753,S2,other,0.02074931219221025,1.0450362129722225e-09,0.7410285550153153,inf,0.044214690263529595,0.5846370538177431,8.978895888062118e-09,inf,0.27895379235518014,0.2762281905555322,0.3194743866659855
370,8.787729822593736,S2,other,0.0206678851098162,9.37215362606565e-10,0.7410160640155518,inf,0.04393788898029493,0.5845066850362237,7.789935693036324e-09,inf,0.27896047785079037,0.2763306649703664,0.31924346512242596
371,8.799134485767562,S2,other,0.020587100734605998,6.530035116219496e-10,0.7410037436805362,inf,0.04368213385096364,0.5843858098847617,3.148442506830224e-09,inf,0.27895185709362436,0.27644200988127937,0.31901580060356627
372,8.810505994457646,S2,other,0.020506951905313313,7.717063826449035e-09,0.7409916463480842,inf,0.04340273426817482,0.5842561167000287,9.205138242653937e-08,inf,0.2789640146683498,0.2765434942369635,0.31878760622699376
373,8.82184455500358,S2,other,0.020427431562920546,9.623019783055352e-10,0.740979551223676,inf,0.043144514976778146,0.5841358821840492,5.766801714650936e-09,inf,0.278960689713872,0.2766537401061544,0.31856263772091303
374,8.833150371726763,S2,other,0.020348532750003076,3.5837290936483176e-09,0.7409676710147889,inf,0.042885045242955465,0.5840159333816151,3.9952829809444407e-08,inf,0.2789599917728414,0.27676341918821284,0.31833899327918797
375,8.844423646955715,S2,other,0.020270248607744384,7.784207325401789e-10,0.7409559426196096,inf,0.04262429340755818,0.58389629713646,6.015180736418503e-09,inf,0.27896194508688077,0.2768725398974418,0.3181166570523528
376,8.855664581052038,S2,other,0.02019257237511907,4.589637976853793e-09,0.7409444755529179,inf,0.04233923199288387,0.5837679442174841,9.59030367257776e-08,inf,0.2789852565160499,0.2769720772723769,0.317893722491581
377,8.86687337243692,S2,other,0.020115497386476423,4.364481536296922e-09,0.7409330620563457,inf,0.042075632026130245,0.583648938527845,1.0810643283713205e-07,inf,0.27899272317861135,0.27708016465161894,0.3176739554473019
378,8.878050217617998,S2,other,0.02003901707044188,3.1522073989237947e-10,0.7409216480994305,inf,0.041810583195337515,0.5835302243034997,5.544472300253884e-09,inf,0.27900293300912654,0.2771877175264437,0.3174554510632755
379,8.889195311216438,S2,other,0.01996312494821282,8.388575141002951e-09,0.7409106339931738,inf,0.04154403992709682,0.5834118084114007,3.7334630924683115e-08,inf,0.27901592079119303,0.2772947435979871,0.3172381947745484
380,8.900308845994012,S2,other,0.019887814631599766,4.5795844568798094e-09,0.7408998653781134,inf,0.04127594446686083,0.5832936910253329,8.942613298129427e-08,inf,0.27903172429644507,0.2774012504126221,0.31702217230013424
381,8.91139101287999,S2,other,0.01981307982154129,3.1300687628360954e-10,0.7408886649611263,inf,0.0410062273651372,0.5831758797517816,5.120447173322011e-10,inf,0.27905038447650876,0.27750724537344096,0.3168073696262666
382,8.922442000997648,S2,other,0.01973891430707533,3.7200734209278922e-09,0.7408779074993489,inf,0.040734832421383434,0.58305835873938,3.594032272209857e-08,inf,0.27907194567681826,0.27761273575139706,0.3165937729900275
383,8.933461997690252,S2,other,0.019665311963121258,5.906405830208836e-09,0.7408675885421344,inf,0.040461698760574566,0.5829411431070762,6.428716337629338e-08,inf,0.279096455875681,0.27771772869589084,0.31638136886398405
384,8.944451188546347,S2,other,0.01959226674929887,1.5565564262084585e-09,0.7408569851506865,inf,0.04018673761641171,0.5828242240709599,6.669909456415144e-09,inf,0.27912396695230335,0.27782223124418726,0.3161701439423477
385,8.955409757424315,S2,other,0.019519772708849147,7.618269053321593e-09,0.740846910299894,inf,0.039909890283967596,0.582707602997802,8.898312137086841e-08,inf,0.27915453498782433,0.2779262503294913,0.31596008512901724
386,8.96633788647607,S2,other,0.019447823966306593,3.88922278180705e-09,0.7408366482319645,inf,0.03963105708787508,0.5825912736702972,6.289491894682937e-08,inf,0.2791882206038498,0.2780297927874159,0.3157511795277274
387,8.97723575616994,S2,other,0.019376414727148517,5.744421550005575e-09,0.7408266027810769,inf,0.039350166989860734,0.5824752461985427,3.74872851666171e-08,inf,0.27922508934354495,0.278132865360764,0.31554341443436706
388,8.988103545312686,S2,other,0.01930553927624772,8.39895428097863e-09,0.7408171314279376,inf,0.03906711772102405,0.5823594929293631,1.9404307970733345e-07,inf,0.279265212101048,0.278235474702753,0.31533677733140225
389,8.998941431070758,S2,other,0.019235191974599608,5.217019331512243e-09,0.7408071098667784,inf,0.03878182708525501,0.5822440700864396,5.691636033755109e-08,inf,0.27930866560588197,0.2783376273786958,0.3151312558842186
390,9.009749588990807,S2,other,0.01916536726208791,2.4385406058089436e-09,0.7407974122128069,inf,0.03849418043399574,0.5821289341711662,2.572152245135473e-08,inf,0.2793555329701805,0.278439329866414,0.3149268379391068
391,9.020528193019572,S2,other,0.0190960596523642,5.927705655346052e-10,0.7407878404526606,inf,0.038204066905989854,0.5820140930673641,2.1762248871507137e-09,inf,0.2794059043079905,0.27854058855565855,0.31472351152255035
392,9.031277415523224,S2,other,0.01902726373341338,2.61033391349435e-10,0.740778495027074,inf,0.03793715678064906,0.581908136716258,4.996116341888579e-10,inf,0.27943843290242437,0.27864953012270566,0.3145231724299609
393,9.041997427306264,S2,other,0.018958974165981995,2.600884543381355e-10,0.7407692919958787,inf,0.03764199263607256,0.5817938555748383,2.0444879950738958e-10,inf,0.27949587151447386,0.27874986500871085,0.3143219948919426
394,9.052688397630071,S2,other,0.018891185682448228,4.1982587582894966e-09,0.7407601055592663,inf,0.037343981273013055,0.5816798611809613,2.7055394474094068e-08,inf,0.2795571219378973,0.2788497749494936,0.31412187404566333
395,9.063350494231209,S2,other,0.018823893085560775,2.2208614947924284e-09,0.740751285274103,inf,0.03706954946555749,0.5815746875956973,2.6568585158177806e-08,inf,0.2796001247346035,0.2789572268038773,0.3139247091240353
396,9.073983883339519,S2,other,0.01875709124739096,6.166123530756074e-09,0.7407425048863691,inf,0.03676569907423653,0.5814612662847896,2.8897732267035748e-08,inf,0.2796691054949218,0.27905625046715027,0.31372666911758845
397,9.084588729696122,S2,other,0.018690775108138852,2.8284243965448463e-10,0.7407337712787999,inf,0.036458536859199094,0.5813481383799293,4.763350025991976e-10,inf,0.27974229447297705,0.2791548671757446,0.31352965260867294
398,9.095165196571308,S2,other,0.018624939675164067,2.8673494601768646e-09,0.7407252093471867,inf,0.03617532974487288,0.5812437355140545,3.484352620874483e-08,inf,0.279796810427039,0.27926088591372666,0.31333556225522924
399,9.105713445782376,S2,other,0.018559580021801515,6.413474812689628e-09,0.7407170384521231,inf,0.035861307083019725,0.5811311563721034,1.2155588118696757e-07,inf,0.27987859163099243,0.27935865209933003,0.3131405618312109
400,9.116233637711433,S2,other,0.018494691286020812,7.371865657105539e-09,0.7407089515851275,inf,0.03557151477130856,0.5810272726955706,1.4319648950854313e-07,inf,0.27994141156969093,0.27946372929577634,0.31294846855442504
401,9.126725931323115,S2,other,0.018430268669075506,1.795219390725509e-09,0.7407003175273286,inf,0.035249816915378256,0.5809152773195345,4.500347564256493e-09,inf,0.2800324955971977,0.27956066795231427,0.31275544283016116
402,9.137190484182238,S2,other,0.018366307436968987,1.2201499992029945e-09,0.7406922351246735,inf,0.034952614205434135,0.5808119057383815,2.5891526287075946e-09,inf,0.28010432675256197,0.27966482704106876,0.3125653059296625
403,9.147627452471326,S2,other,0.018302802915838825,1.0712755036146005e-09,0.740684309109903,inf,0.03462224726567217,0.5807004481018689,2.4898043668589562e-09,inf,0.2802055775359539,0.2797609604036173,0.31237421488348344
404,9.158036991008004,S2,other,0.01823975049312789,4.567664522841729e-09,0.7406765067245477,inf,0.0343166486488684,0.5805975835660013,8.339241677708209e-09,inf,0.28028728601216174,0.2798642240693551,0.3121859949844864
405,9.168419253262192,S2,other,0.018177145616129084,6.95711542959876e-10,0.7406688022300126,inf,0.03400664231002183,0.5804949628705869,1.9128373572624975e-09,inf,0.28037410625432957,0.2799670244471123,0.31199871963280257
406,9.178774391373064,S2,other,0.018114983791397813,6.468996501580955e-09,0.7406613874373855,inf,0.03366119459694402,0.5803842983557397,1.1225395841811815e-07,inf,0.2804924288618779,0.2800619638934985,0.3118104588464812
407,9.189102556165755,S2,other,0.018053260582017214,1.3405514027138521e-09,0.7406537633045084,inf,0.03334091156134095,0.5802822086684627,6.258200089679005e-09,inf,0.2805908070459106,0.28016390178098444,0.311625043729402
408,9.199403897167763,S2,other,0.017991971610249607,2.69814915930547e-10,0.7406464399779539,inf,0.033015143680210676,0.580180336248495,5.558633634291139e-10,inf,0.2806952460336962,0.28026539277381346,0.3114405454171113
409,9.209678562625017,S2,other,0.017931112553091218,2.1031569410692426e-09,0.740639240941234,inf,0.03265098931734491,0.5800705141753868,4.498446872824808e-09,inf,0.280833910666608,0.28035918518310066,0.3112550316635985
410,9.21992669951762,S2,other,0.01787067914330459,5.240607232919652e-09,0.7406319078280178,inf,0.0323122294877565,0.5799691196596376,8.71685374424598e-08,inf,0.2809523179068428,0.28045984523764156,0.3110723393116138
411,9.230148453575223,S2,other,0.01781066716740504,3.74859182064095e-09,0.7406250913537787,inf,0.0319664782303891,0.579868008672292,3.297587447491586e-08,inf,0.28107818105631194,0.2805600741375636,0.3108905372010589
412,9.240343969292073,S2,other,0.017751072466363864,7.958980225862279e-10,0.7406182879018535,inf,0.031613038250193355,0.579767125972828,4.164661915208858e-09,inf,0.2812120939745283,0.280659877056125,0.310709616719875
413,9.250513389941686,S2,other,0.017691890933348754,8.184180391349857e-09,0.7406114663590565,inf,0.031215505298429976,0.5796583780055672,2.0983601791706906e-08,inf,0.2813854822889183,0.2807521927678171,0.3105276426159086
414,9.26065685759121,S2,other,0.01763311851345322,1.2885761854128593e-09,0.7406049138628586,inf,0.0308432995636463,0.579557991300224,7.712914358860277e-09,inf,0.28153860790857727,0.28085120505587796,0.31034845918931014
415,9.270774513115477,S2,other,0.017574751203044584,5.858855236949821e-09,0.7405985285583294,inf,0.03046058415001373,0.5794578401921272,5.4624030620802375e-08,inf,0.28170235836334173,0.28094980632514716,0.31017013224628065
416,9.280866496210745,S2,other,0.017516785048623418,7.365443802049251e-09,0.7405922460496984,inf,0.030066057147081608,0.5793579268767693,9.030473235838744e-08,inf,0.2818779154069257,0.28104800149821296,0.3099926536280542
417,9.290932945408208,S2,other,0.017459216145770985,4.2421382473690906e-10,0.7405856711983806,inf,0.029658137456051076,0.5792582612049979,9.350593810909425e-10,inf,0.28206672227969687,0.28114579543612706,0.30981601528543345
418,9.300973998087233,S2,other,0.017402040640075278,9.502248716742175e-09,0.7405795756639476,inf,0.029234868971820357,0.5791588278888212,2.1372972308705654e-08,inf,0.28227057188353116,0.281243192938634,0.30964020927780306
419,9.310989790488414,S2,other,0.017345254724198494,9.602127587760021e-09,0.7405736734633868,inf,0.028793762094703558,0.5790596321856931,5.666332080697589e-08,inf,0.2824917373311832,0.28134019874427124,0.30946522777224356
420,9.320980457726417,S2,other,0.017288854638169003,4.284775860199946e-09,0.7405675793677473,inf,0.02833158043344791,0.5789606741126035,2.8832230202422114e-08,inf,0.2827331727803918,0.28143681753047517,0.3092910630426651
421,9.33094613380267,S2,other,0.01723283666907594,7.411544760339157e-09,0.7405617170263648,inf,0.027844002611490958,0.5788619465930124,5.46722840253938e-08,inf,0.282998837198625,0.28153305391380345,0.30911770746889117
422,9.340886951617884,S2,other,0.017177197149174858,6.88069753946001e-09,0.740555923562812,inf,0.02732500936744115,0.578763465343037,3.4618371260863425e-08,inf,0.2832942478156377,0.2816289124501249,0.30894515353563395
423,9.350803042984456,S2,other,0.017121932456679832,5.50383103980577e-09,0.7405502636829184,inf,0.02676575533362086,0.5786652168838685,3.4645103257013434e-08,inf,0.283627500680908,0.2817243976351339,0.3087733938313218
424,9.360694538638722,S2,other,0.0170670390138739,6.864889188248728e-09,0.7405449157124804,inf,0.02615231948877386,0.5785672088000529,6.147639489250055e-08,inf,0.28401135517636333,0.2818195139047893,0.30860242104675406
425,9.370561568253096,S2,other,0.017012513286819023,3.0427953125509248e-09,0.7405392129400489,inf,0.025460282035964094,0.578469428396093,6.474632688670153e-09,inf,0.28446816617722126,0.2819142656360962,0.30843222797357195
426,9.38040426044809,S2,other,0.016958351785159455,3.729486056750566e-09,0.7405339186259245,inf,0.024728292197040036,0.5783796965741166,1.3470510217016318e-08,inf,0.284964228416011,0.28201513789274907,0.30826474496087025
427,9.390222742804184,S2,other,0.016904551060832634,8.682684256873494e-09,0.740528880443483,inf,0.023666922612275477,0.5782823705474021,5.7721725412118236e-08,inf,0.2857612824197348,0.28210912956081535,0.30809609089385254
428,9.400017141873597,S2,other,0.016851107707471853,8.09753709972525e-09,0.7405238081328748,inf,inf,0.5781852775107309,7.015492587122351e-08,inf,inf,0.28220276963729846,0.3079281954989591
429,9.4097875831919,S2,other,0.01679801836023741,3.2796352839444076e-09,0.7405186177581541,inf,inf,0.5780884157792366,2.0012678827064058e-08,inf,inf,0.2822960622723651,0.307761051952696
430,9.419534191289493,S2,other,0.01674527969524702,8.095075568813501e-09,0.7405138263950876,inf,inf,0.5779917919382639,5.978720494148465e-08,inf,inf,0.282389011562791,0.30759465352260995
431,9.429257089702938,S2,other,0.016692888427998365,7.4498341689935126e-09,0.7405090324269898,inf,inf,0.5779031031392375,6.206133953211667e-08,inf,inf,0.2824878889107924,0.30743093493372536
432,9.438956400986111,S2,other,0.01664084131402249,6.226522833734007e-09,0.7405042368869256,inf,inf,0.5778069230483968,4.772357311158167e-08,inf,inf,0.28258012048897574,0.3072660076989704
433,9.448632246721232,S2,other,0.016589135147695125,6.411009573258422e-09,0.740499682066275,inf,inf,0.5777109741903868,7.632029301624366e-08,inf,inf,0.2826720208605456,0.30710180590628255
434,9.458284747529667,S2,other,0.01653776676258461,9.999854826362145e-09,0.740495210698461,inf,inf,0.5776229006175608,9.645436832555774e-08,inf,inf,0.2827697368476344,0.30694026680829845
435,9.467914023082628,S2,other,0.016486733025341406,4.604001379318241e-09,0.7404905802752287,inf,inf,0.5775273975685855,1.5340858173710568e-08,inf,inf,0.2828609437902064,0.30677749761478085
436,9.47752019211164,S2,other,0.01643603084748345,3.5065911617693507e-09,0.7404862611253006,inf,inf,0.5774321266614948,1.3463764100921304e-08,inf,inf,0.28295183122345663,0.30661543493372356
437,9.487103372418865,S2,other,0.016385657173020395,8.317164952051368e-09,0.7404823598624968,inf,inf,0.5773446605301805,1.0194019330592961e-07,inf,inf,0.2830484227177005,0.3064560185175781
438,9.496663680887249,S2,other,0.016335608980142163,9.442168096762698e-09,0.740478010684215,inf,inf,0.5772498290957018,8.890885516171976e-08,inf,inf,0.2831386401448295,0.30629535127903706
439,9.506201233490504,S2,other,0.016285883284778008,8.687875897915768e-09,0.7404737455626776,inf,inf,0.577162767332894,5.725196577770969e-08,inf,inf,0.28323448926526035,0.3061373196808866
440,9.515716145302926,S2,other,0.016236477141283415,9.094559812186157e-09,0.7404702034476432,inf,inf,0.5770683767816325,8.135909110671662e-08,inf,inf,0.28332405194407895,0.30597802387053424
441,9.525208530509047,S2,other,0.01618738763128412,8.849204979288499e-09,0.7404662148387521,inf,inf,0.576981714189387,6.100176016600186e-08,inf,inf,0.2834191743275245,0.30582135336512534
442,9.534678502413161,S2,other,0.016138611878562283,8.71957912982687e-09,0.7404626701362058,inf,inf,0.5768877676544913,7.442188032563952e-08,inf,inf,0.2835080971632572,0.30566340555141397
443,9.544126173448682,S2,other,0.016090147032745132,8.476790927065401e-09,0.7404588296057436,inf,inf,0.5768014946581296,5.025680758712724e-08,inf,inf,0.2836025080913426,0.305508072987693
444,9.553551655187377,S2,other,0.016041990284222037,9.472509889546694e-09,0.7404553567122882,inf,inf,0.5767079897340314,7.210179321124563e-08,inf,inf,0.28369080564474736,0.3053514503055772
445,9.562955058348479,S2,other,0.01599413884839311,8.462292832399046e-09,0.7404517412518207,inf,inf,0.5766221208939731,3.414950628648217e-08,inf,inf,0.2837845200512407,0.30519743309157066
446,9.572336492807668,S2,other,0.01594658997968444,5.078943923820022e-09,0.7404482903723096,inf,inf,0.5765364397320001,1.3655783645359278e-08,inf,inf,0.2838778733033755,0.30504406557648034
447,9.581696067605927,S2,other,0.01589934096131311,9.946971941433846e-09,0.7404449970954337,inf,inf,0.5764435777975213,6.045186575088283e-08,inf,inf,0.28396523902244314,0.30488938931728427
448,9.591033890958307,S2,other,0.015852389105857678,9.854536318799164e-09,0.7404417887292218,inf,inf,0.576358289044582,5.551563762110052e-08,inf,inf,0.2840579176431695,0.3047373042812101
449,9.600350070262566,S2,other,0.015805731758753994,1.0541996614474874e-09,0.7404387078822772,inf,inf,0.5762731851419605,4.020206948870696e-09,inf,inf,0.284150246054589,0.3045858528057609
450,9.609644712107709,S2,other,0.01575936629772853,3.769080208672914e-09,0.7404356992623462,inf,inf,0.5761809585350551,1.1469618200841154e-08,inf,inf,0.2842367112340751,0.3044330745646435
451,9.618917922282428,S2,other,0.01571329012853441,9.851286253468983e-09,0.740432815290045,inf,inf,0.5760962528555504,3.275930192699207e-08,inf,inf,0.2843283861541645,0.3042828738782254
452,9.628169805783433,S2,other,0.015667500683969524,2.1428166864495756e-09,0.7404299302690324,inf,inf,0.5760117331400899,4.108882021663836e-09,inf,inf,0.28441972143789285,0.3041332911923159
453,9.637400466823694,S2,other,0.015621995432093931,9.984529992023003e-09,0.7404271792681376,inf,inf,0.5759274010112924,5.180640581507833e-09,inf,inf,0.2845107205689712,0.30398432144396254
454,9.646610008840561,S2,other,0.01557677186370933,9.99196086117328e-09,0.7404245078362336,inf,inf,0.5758360180438494,7.288124690417976e-09,inf,inf,0.28459601849335664,0.30383400184324516
455,9.655798534503807,S2,other,0.01553182750141299,9.71889230599313e-09,0.7404219277675534,inf,inf,0.5757520759994711,2.175783736931473e-09,inf,inf,0.2846863912817183,0.3036862423798597
456,9.664966145723556,S2,other,0.015487159894926664,9.63684169688146e-09,0.7404194231597515,inf,inf,0.5756683198748855,6.651189319973875e-09,inf,inf,0.2847764380167374,0.30353908102400856
457,9.674112943658102,S2,other,0.015442766621559446,9.445495306187338e-09,0.7404170096415684,inf,inf,0.5755847488970605,5.317799956006163e-09,inf,inf,0.2848661620282114,0.30339251294792885
458,9.683239028721648,S2,other,0.015398645285838767,9.352072006276828e-09,0.7404146740319729,inf,inf,0.5755013634241145,1.0801062434991641e-08,inf,inf,0.2849555666088674,0.3032465333800862
459,9.692344500591911,S2,other,0.015354793519135481,9.384379271138505e-09,0.7404124326303578,inf,inf,0.5754181636066765,3.136574084572209e-08,inf,inf,0.2850446550149609,0.30310113760417645
460,9.70142945821766,S2,other,0.015311208979269596,9.16318976639861e-09,0.7404102666154189,inf,inf,0.5753351466265593,2.4995959273640053e-08,inf,inf,0.28513343046692236,0.30295632095815433
461,9.71049399982611,S2,other,0.01526788935034503,9.652116973364837e-09,0.7404082206799967,inf,inf,0.575252320541404,1.636453995971788e-07,inf,inf,0.28522189614989263,0.30281207883329364
462,9.719538222930257,S2,other,0.015224832341893597,9.65003052753588e-09,0.7404062721931862,inf,inf,0.575162591657109,2.2445911183120367e-07,inf,inf,0.2853049729984196,0.30266644364884043
463,9.728562224336073,S2,other,0.015182035688912575,9.44926846791405e-09,0.7404043464410003,inf,inf,0.5750801450485402,2.0306129706595077e-07,inf,inf,0.28539286330498953,0.3025233363153944
464,9.737566100149632,S2,other,0.01513949715180511,9.343670123244763e-09,0.7404025304807023,inf,inf,0.5749978836698374,2.2324888450967642e-07,inf,inf,0.28548045308024483,0.30238078998902285
465,9.746549945784116,S2,other,0.015097214515267191,9.077344824949193e-09,0.7404007420711556,inf,inf,0.5749158017998471,1.747113546559321e-07,inf,inf,0.28556774537408675,0.30223880026564526
466,9.755513855966733,S2,other,0.01505518558885667,9.00960056555112e-09,0.7403990947128591,inf,inf,0.5748339066338136,2.0479971915918533e-07,inf,inf,0.28565474320369344,0.3020973627903705
467,9.764457924745548,S2,other,0.015013408205527472,8.142564902791441e-09,0.7403974167525273,inf,inf,0.5747591752630771,2.7312353969510712e-08,inf,inf,0.2857463591558437,0.30195843943862427
468,9.773382245496212,S2,other,0.014971880223052797,8.743476707615492e-09,0.7403959891395077,inf,inf,0.574677633739744,2.125275057538292e-07,inf,inf,0.285832742786129,0.3018180942164338
469,9.782286910928608,S2,other,0.014930599521103283,7.818656404411667e-09,0.7403944705496228,inf,inf,0.574596258932619,2.157201722101815e-08,inf,inf,0.28591884091942377,0.30167828846471945
470,9.791172013093401,S2,other,0.014889564004106367,8.379996056322974e-09,0.7403932008331965,inf,inf,0.5745150807625662,1.7500892064986861e-07,inf,inf,0.28600465644511286,0.3015390180184498
471,9.800037643388523,S2,other,0.01484877159798111,8.256712917837834e-09,0.7403919167162025,inf,inf,0.5744340772612642,1.7866522413611008e-07,inf,inf,0.28609019222174314,0.3014002787584555
472,9.808883892565547,S2,other,0.014808220251878898,8.21902838897666e-09,0.7403907397195364,inf,inf,0.5743532566463022,2.2171670275665586e-07,inf,inf,0.286175451077319,0.30126206661081817
473,9.817710850736015,S2,other,0.014767907936781663,8.074903427930127e-09,0.740389594753416,inf,inf,0.5742726149864167,2.1504282390196335e-07,inf,inf,0.2862604358096724,0.30112437754626786
474,9.826518607377656,S2,other,0.014727832645748543,7.819161450359896e-09,0.740388481838796,inf,inf,0.5741921520721939,1.5980738783955595e-07,inf,inf,0.28634514918686343,0.3009872075795854
475,9.835307251340549,S2,other,0.014687992393719946,7.833095588167741e-09,0.7403875441131177,inf,inf,0.5741187176778085,2.2312066971548372e-07,inf,inf,0.2864342370553178,0.30085252382197014
476,9.844076870853193,S2,other,0.014648385216329073,8.730326286117836e-09,0.7403866095939846,inf,inf,0.5740385982029906,1.7939535857559833e-07,inf,inf,0.2865183825586018,0.3007163808884676
477,9.852827553528535,S2,other,0.01460900917074182,6.655120249413521e-09,0.7403856820146892,inf,inf,0.5739586528025163,6.691463375229054e-09,inf,inf,0.28660226493933433,0.3005807453543767
478,9.86155938636988,S2,other,0.0145698623350445,6.724011233185752e-09,0.7403849348231337,inf,inf,0.5738788962096197,2.340299463362754e-08,inf,inf,0.2866858868492327,0.3004456134047316
479,9.87027245577677,S2,other,0.014530942807430424,6.601768842823291e-09,0.7403842402018636,inf,inf,0.5738060892941095,2.2733326357324184e-08,inf,inf,0.28677376525246073,0.3003129546677416
480,9.878966847550764,S2,other,0.014492248706507288,6.5115349534730134e-09,0.7403836268590923,inf,inf,0.5737266721716048,2.4344336315567922e-08,inf,inf,0.2868568411179085,0.3001788192214034
481,9.88764264690117,S2,other,0.014453778170855261,6.365399667700937e-09,0.7403830775538669,inf,inf,0.5736474336872147,1.9757630981505183e-08,inf,inf,0.28693966440270124,0.3000451761575329
482,9.896299938450692,S2,other,0.014415529358782674,6.235916968222105e-09,0.740382597411025,inf,inf,0.5735750926267336,1.8107197945289032e-08,inf,inf,0.28702665744117556,0.2999139969450211
483,9.904938806241015,S2,other,0.014377500448065829,6.226928257787165e-09,0.7403822003122746,inf,inf,0.5734961943571257,2.9941982958377174e-08,inf,inf,0.2871089505109093,0.2997813283345877
484,9.913559333738311,S2,other,0.014339689635682022,6.010294563071685e-09,0.7403818560981771,inf,inf,0.5734174728142615,1.548458258890798e-08,inf,inf,0.28719099864442726,0.29964914125842707
485,9.922161603838703,S2,other,0.014302095137708023,7.449609475004688e-09,0.7403816847352845,inf,inf,0.5733456023411131,1.5132557701461313e-07,inf,inf,0.28727713040620934,0.299519409012332
486,9.93074569887363,S2,other,0.014264715188677776,6.660886597603839e-09,0.7403815290256107,inf,inf,0.5732672212294042,1.9774148483631883e-07,inf,inf,0.28735866366802476,0.2993881750316165
487,9.939311700615166,S2,other,0.014227548041729016,6.573417118136207e-09,0.7403814069907401,inf,inf,0.5731956470341314,1.9539924261891847e-07,inf,inf,0.2874442248283389,0.29925939000751595
488,9.947859690281277,S2,other,0.014190591968336008,6.350563424190587e-09,0.7403813427386711,inf,inf,0.5731176001096044,1.8132809805116643e-07,inf,inf,0.28752525324982414,0.29912909525229237
489,9.956389748540985,S2,other,0.014153845257937192,7.06433237162722e-09,0.7403813298611487,inf,inf,0.573046326722471,1.5321318620915697e-07,inf,inf,0.2876102540987378,0.2990012437205911
490,9.964901955519508,S2,other,0.01411730621775344,7.517865906113239e-09,0.74038135442881,inf,inf,0.5729686134290187,9.617129111208318e-08,inf,inf,0.28769078750788946,0.2988718746064718
491,9.973396390803302,S2,other,0.0140809731726187,5.502356646707155e-09,0.7403814432871576,inf,inf,0.572897639425124,3.6157338673450524e-08,inf,inf,0.287775238131185,0.29874494311898336
492,9.98187313344506,S2,other,0.014044844465008692,9.5247413392811e-09,0.7403819000127296,inf,inf,0.5728202752988085,2.894103985907988e-07,inf,inf,0.28785528615789485,0.29861648633910687
493,9.990332261968643,S2,other,0.014008918453446036,9.13246754391181e-09,0.7403821676705439,inf,inf,0.5727496040578898,2.779890130459617e-07,inf,inf,0.287939196442082,0.2984904617212333
494,9.998773854373965,S2,other,0.013973193514160969,5.1214930543072684e-09,0.7403822535864015,inf,inf,0.5726725498020656,1.7507269485303384e-08,inf,inf,0.288018768522954,0.29836290423865813
495,10.007197988141787,S2,other,0.013937668040601231,5.048448406094425e-09,0.7403826589455133,inf,inf,0.5726021784497632,1.8821839248795215e-08,inf,inf,0.28810214816013474,0.29823777358199227
496,10.01560474023849,S2,other,0.01390234044179006,4.963680274445812e-09,0.7403831276294135,inf,inf,0.5725254692699518,1.8407431716904055e-08,inf,inf,0.2881812535430343,0.29811110262249263
497,10.023994187120769,S2,other,0.013867209143341622,4.8807304213479725e-09,0.740383660609362,inf,inf,0.5724553963336331,1.7918546782348443e-08,inf,inf,0.28826411203542934,0.2979868532777953
498,10.032366404740275,S2,other,0.013832272586944933,4.798595459117478e-09,0.7403842570451477,inf,inf,0.5723854643954073,1.731893472972755e-08,inf,inf,0.28834669975975635,0.29786304016477283
499,10.04072146854821,S2,other,0.013797529230516593,9.825390315590377e-09,0.7403852080603508,inf,inf,0.5723092571855339,3.0131301147890756e-07,inf,inf,0.28842510644810215,0.29773767589349487
500,10.049059453499854,S2,other,0.01376297754660245,9.953198292465826e-09,0.7403859388376846,inf,inf,0.5722396226646215,3.056027309562236e-07,inf,inf,0.2885071870153717,0.2976147255891324
501,10.057380434059063,S2,other,0.013728616023992269,4.9944476765596e-09,0.7403865522493258,inf,inf,0.5721701213790861,1.4623813748836392e-07,inf,inf,0.28858900382569325,0.2974922024017715
502,10.065684484202674,S2,other,0.013694443167514968,9.90843809745793e-09,0.7403875342925244,inf,inf,0.5720943930054116,3.003580387961293e-07,inf,inf,0.2886667318722073,0.29736811748336583
503,10.073971677424915,S2,other,0.013660457495156507,4.27370373835839e-09,0.740388164334354,inf,inf,0.5720251813590386,3.89247217151597e-09,inf,inf,0.2887480551073372,0.2972464391477451
504,10.082242086741712,S2,other,0.013626657542107741,7.273816178933815e-09,0.7403893731548621,inf,inf,0.5719561338378613,2.2465491851045174e-07,inf,inf,0.2888291213954024,0.2971251790823624
505,10.090495784694976,S2,other,0.013593041856289893,4.690400358256866e-09,0.7403903128115921,inf,inf,0.5718872115676796,1.4396989199308712e-07,inf,inf,0.2889099329878556,0.2970043343958427
506,10.098732843356837,S2,other,0.013559609001479652,5.49377502170878e-09,0.7403914339149359,inf,inf,0.571812117563792,1.6785006566386655e-07,inf,inf,0.2889867761656613,0.29688191434066014
507,10.106953334333816,S2,other,0.013526357555208422,5.312416189785264e-09,0.7403925778365664,inf,inf,0.571743492549999,1.6272832558735582e-07,inf,inf,0.28906711173665445,0.2967618913769121
508,10.115157328770975,S2,other,0.013493286109489546,6.805804283961832e-09,0.7403938458093083,inf,inf,0.5716750089154896,2.114834243117765e-07,inf,inf,0.2891471991638635,0.29664227528665804
509,10.123344897355983,S2,other,0.013460393270043272,5.144422325956653e-09,0.7403950551730264,inf,inf,0.5716066596359975,1.5685240774657452e-07,inf,inf,0.2892270406142656,0.2965230632893795
510,10.13151611032318,S2,other,0.0134276776568714,5.099086513812336e-09,0.7403963686843937,inf,inf,0.5715322004248189,1.5278311754498338e-07,inf,inf,0.2893030324076075,0.29640226274596576
511,10.139671037457555,S2,other,0.013395137903442086,6.245007970386712e-09,0.7403978133561687,inf,inf,0.5714641476633291,1.9447729537598187e-07,inf,inf,0.2893824147226177,0.2962838502296691
512,10.147809748098702,S2,other,0.013362772656651775,6.215535643680839e-09,0.7403992563441136,inf,inf,0.5713962312988129,1.9378136829144394e-07,inf,inf,0.28946155736627205,0.29616583362504173
513,10.15593231114472,S2,other,0.013330580576820843,7.980838372539981e-09,0.7404006163238178,inf,inf,0.5713284486135639,1.0318530702008736e-07,inf,inf,0.28954046242486814,0.29604821025679107
514,10.164038795056081,S2,other,0.013298560337879833,7.938905073915856e-09,0.7404023397263091,inf,inf,0.5712608137866981,2.3324438582345943e-07,inf,inf,0.2896191319650392,0.2959309774750875
515,10.17212926785944,S2,other,0.013266710625933318,5.8832731470847416e-09,0.7404039198223517,inf,inf,0.5711933089607832,1.838698771224411e-07,inf,inf,0.28969756803393876,0.2958141326552398
516,10.1802037971514,S2,other,0.01323503014073303,4.122463599111857e-09,0.7404055201804876,inf,inf,0.571125940981545,1.311689234422636e-07,inf,inf,0.28977577265950966,0.2956976731973768
517,10.188262450102265,S2,other,0.013203517594552593,4.304806326400727e-09,0.740407256070341,inf,inf,0.5710587126493394,1.3489744353601956e-07,inf,inf,0.28985374785072104,0.29558159652613414
518,10.196305293459705,S2,other,0.013172171712124777,4.141661494121672e-09,0.7404090308433551,inf,inf,0.570991620971032,1.2982868905425744e-07,inf,inf,0.2899314955976859,0.295465900090348
519,10.20433239355242,S2,other,0.013140991230690756,3.867817401212101e-09,0.7404108553944776,inf,inf,0.5709246659174823,1.213332493445519e-07,inf,inf,0.29000901787199773,0.295350581362754
520,10.212343816293734,S2,other,0.013109974899783973,4.030329577020542e-09,0.7404127536988088,inf,inf,0.5708578481751302,1.273421131459485e-07,inf,inf,0.29008631662680207,0.29523563783969264
521,10.220339627185163,S2,other,0.013079121481029791,3.6242222559634482e-09,0.7404146812609225,inf,inf,0.5707911659794922,1.1532096220725038e-07,inf,inf,0.29016339379713246,0.29512106704082
522,10.228319891319952,S2,other,0.013048429748156697,7.031990462543252e-09,0.7404167723181302,inf,inf,0.5707246234609912,1.6666718844951487e-07,inf,inf,0.2902402513000177,0.2950068665088233
523,10.236284673386546,S2,other,0.0130178984864809,3.3349728592851208e-09,0.7404187202847632,inf,inf,0.5706582106779852,1.0602640068505736e-07,inf,inf,0.29031689103467745,0.29489303380914283
524,10.244234037672049,S2,other,0.012987526493399716,3.6012232395351423e-09,0.7404208384428356,inf,inf,0.5705919374714166,1.1514829876925636e-07,inf,inf,0.290393314882782,0.29477956652969733
525,10.252168048065634,S2,other,0.012957312577614294,3.3060422979964976e-09,0.7404229838628289,inf,inf,0.5705257990354566,1.0592594461209331e-07,inf,inf,0.29046952470856063,0.2946664622806151
526,10.26008676806191,S2,other,0.012927255559366309,3.132024339316461e-09,0.7404251864942115,inf,inf,0.5704597962018568,1.00660137819746e-07,inf,inf,0.2905455223590459,0.2945537186939686
527,10.267990260764265,S2,other,0.01289735427017916,2.999443116660428e-09,0.7404274370532054,inf,inf,0.5703939284669094,9.265594806018376e-08,inf,inf,0.290621309664229,0.29444133342351375
528,10.275878588888162,S2,other,0.012867607552758484,2.937930757364024e-09,0.7404297442212382,inf,inf,0.5703281959286101,8.828201450395199e-08,inf,inf,0.2906968884372619,0.2943293041444327
529,10.283751814764406,S2,other,0.012838014260844442,2.8835213122914857e-09,0.7404320993377423,inf,inf,0.5702625981255868,8.169994692178421e-08,inf,inf,0.29077226047454985,0.2942176285530801
530,10.291610000342368,S2,other,0.012808573259096427,2.831583380325064e-09,0.7404345046251878,inf,inf,0.5701971349493112,7.478940549337936e-08,inf,inf,0.2908474275560754,0.29410630436673374
531,10.299453207193185,S2,other,0.012779283422960275,2.782779197588454e-09,0.7404369593558929,inf,inf,0.5701377336255667,6.734961227868852e-08,inf,inf,0.2909254577290718,0.29399732892436664
532,10.307281496512918,S2,other,0.01275014363854481,2.735642152155822e-09,0.7404394640546709,inf,inf,0.5700725239506886,5.994451604239364e-08,inf,inf,0.2910001952359884,0.2938867012358601
533,10.315094929125674,S2,other,0.012721152802498055,2.6909383834037548e-09,0.7404420178607163,inf,inf,0.5700074483388724,5.225907666575517e-08,inf,inf,0.29107473309620485,0.2937764182263881
534,10.322893565486705,S2,other,0.012692309821886124,2.649362307583245e-09,0.7404446198600351,inf,inf,0.5699425065795085,4.3956679756221514e-08,inf,inf,0.29114907302510196,0.293666477694477
535,10.330677465685461,S2,other,0.012663613614073527,2.6100462821984546e-09,0.7404472699655151,inf,inf,0.569877698483223,3.519707821751381e-08,inf,inf,0.2912232167224375,0.2935568774583749
536,10.33844668944862,S2,other,0.012635063106604812,2.5711248601526312e-09,0.7404499686692756,inf,inf,0.5698188776619885,2.6471970887861458e-08,inf,inf,0.29130011169448417,0.29344961711402134
537,10.346201296143082,S2,other,0.012606657237160456,9.015120662514357e-09,0.7404529272867773,inf,inf,0.5697543238996101,1.318373344902653e-07,inf,inf,0.29137384335072536,0.29334069145138714
538,10.353941344778933,S2,other,0.01257839495310793,4.754578320561181e-09,0.7404556572557502,inf,inf,0.5696899002162013,8.775911576114704e-08,inf,inf,0.2914473838476327,0.2932320996544111
539,10.361666894012373,S2,other,0.012550275211976387,2.239633321508993e-09,0.7404584494902594,inf,inf,0.5696256094659254,5.221456099658221e-08,inf,inf,0.2915207348237759,0.29312383961794114
540,10.369378002148622,S2,other,0.012522296980870293,2.3046370135218304e-09,0.740461316329316,inf,inf,0.5695672472643248,3.145609226496989e-08,inf,inf,0.29159674918969214,0.29301791270544303
541,10.377074727144784,S2,other,0.012494459236508748,2.2123822147174275e-09,0.7404642813475582,inf,inf,0.569503207190635,3.661788622865111e-08,inf,inf,0.2916697016170265,0.2929103103946863
542,10.384757126612685,S2,other,0.012466760965177655,3.6708477543086553e-09,0.7404673027710507,inf,inf,0.5694393050606967,6.858981056597465e-08,inf,inf,0.2917424694149669,0.2928030336387516
543,10.392425257821694,S2,other,0.012439201162347702,6.52648380877023e-09,0.7404702400248561,inf,inf,0.5693812675836524,1.0000808549552774e-07,inf,inf,0.291817836067523,0.2926980850916665
544,10.400079177701489,S2,other,0.012411778833122878,8.561876558420256e-09,0.7404732767258488,inf,inf,0.5693176045689594,1.4111698405153632e-07,inf,inf,0.2918902151529381,0.29259145381044627
545,10.407718942844824,S2,other,0.01238449299134924,2.5001693201365856e-09,0.7404763771420709,inf,inf,0.5692540859532728,7.79637031468568e-08,inf,inf,0.29196241436953113,0.292485142039999
546,10.415344609510232,S2,other,0.012357342660510124,4.971279193177356e-09,0.7404794997532798,inf,inf,0.5691963956307994,1.337939562197321e-07,inf,inf,0.2920371483064768,0.2923811537164681
547,10.422956233624735,S2,other,0.012330326872631171,6.568337756481619e-09,0.7404826831546334,inf,inf,0.569133113394552,1.75444677240204e-07,inf,inf,0.2921089683869855,0.2922754754874171
548,10.430553870786504,S2,other,0.012303444668696616,6.372330192460978e-09,0.7404859308446197,inf,inf,0.5690699656123378,1.9014236796200935e-07,inf,inf,0.29218061323231925,0.29217011088125844
549,10.438137576267499,S2,other,0.012276695098522425,4.822648090932729e-09,0.7404892440397796,inf,inf,0.5690126191805432,1.783326646183608e-07,inf,inf,0.29225472906254707,0.2920670651076923
550,10.44570740501608,S2,other,0.012250077220647977,4.081624479916092e-09,0.7404926234587595,inf,inf,0.5689497230996459,1.487210494053537e-07,inf,inf,0.29232600409633747,0.2919623224166115
551,10.45326341165959,S2,other,0.012223590102191198,3.0844871778262783e-09,0.7404960634753976,inf,inf,0.5688925972684218,1.138402261832764e-07,inf,inf,0.29239970901956935,0.2918598955288624
552,10.460805650506913,S2,other,0.01219723281873845,2.4537898937954713e-09,0.7404995471265059,inf,inf,0.5688299464176574,8.635852695135461e-08,inf,inf,0.29247062036085175,0.29175576716691776
553,10.46833417555101,S2,other,0.012171004454617227,7.666384790937317e-09,0.740502813871497,inf,inf,0.5687730154177951,2.883131928850622e-07,inf,inf,0.2925439206624698,0.2916539516412077
554,10.47584904047142,S2,other,0.012144904101014025,2.060005819210414e-09,0.7405066440011254,inf,inf,0.5687106314038398,4.087623202410056e-08,inf,inf,0.2926144743233336,0.29155043015142995
555,10.483350298636736,S2,other,0.01211893085951394,2.026773209688274e-09,0.7405101962631054,inf,inf,0.5686539371106072,5.6129676970830495e-08,inf,inf,0.2926873761810444,0.2914492185914727
556,10.49083800310708,S2,other,0.012093083838793484,9.967133296793574e-09,0.7405133593768203,inf,inf,0.5685917493344472,3.2773762771145195e-07,inf,inf,0.2927575780687352,0.29134629664303735
557,10.498312206636498,S2,other,0.012067362154159659,2.0126712566147733e-09,0.7405174945759091,inf,inf,0.5685352988727478,4.931912511794125e-08,inf,inf,0.2928300875548722,0.2912456817772514
558,10.505772961675413,S2,other,0.012041764931546916,2.1378428580090102e-09,0.7405211631947207,inf,inf,0.5684733796052511,6.600780154872876e-08,inf,inf,0.2928999434738049,0.29114335216272835
559,10.513220320372959,S2,other,0.012016291302930195,1.9879588669602026e-09,0.7405249423135879,inf,inf,0.5684171212328301,4.918982744838008e-08,inf,inf,0.29297206655736063,0.2910433268415248
560,10.520654334579369,S2,other,0.011990940408547087,2.136119575847509e-09,0.7405287024151558,inf,inf,0.5683554455750253,6.509944485931082e-08,inf,inf,0.29304158221121834,0.29094158247420293
561,10.5280750558483,S2,other,0.011965711396292695,3.1680829784368463e-09,0.7405324794581981,inf,inf,0.5682994001228479,9.402911574548961e-08,inf,inf,0.2931133247598316,0.2908421396673453
562,10.535482535439138,S2,other,0.011940603421645352,3.3099045318527986e-09,0.7405363450873906,inf,inf,0.5682434579226116,9.677978020813609e-08,inf,inf,0.2931848693390036,0.2907429856855838
563,10.542876824319297,S2,other,0.011915615647638676,3.4693354110772526e-09,0.7405402508707721,inf,inf,0.568182139958711,9.986860175353921e-08,inf,inf,0.2932538735354886,0.29064210637265925
564,10.55025797316647,S2,other,0.011890747244710573,2.3060607153772665e-09,0.740544260921488,inf,inf,0.5681264148909462,6.62864052137458e-08,inf,inf,0.29332504624484074,0.29054352457748883
565,10.557626032370885,S2,other,0.01186599739073099,3.526386121966655e-09,0.7405481993762626,inf,inf,0.568065337158726,9.860340708240678e-08,inf,inf,0.29339372406333375,0.29044321330526324
566,10.564981052037513,S2,other,0.011841365270737658,3.334858232552536e-09,0.740552241117656,inf,inf,0.5680098249532252,9.214281097506356e-08,inf,inf,0.2934645305254139,0.290345196953711
567,10.572323081988277,S2,other,0.011816850077043084,3.0345631659887354e-09,0.7405563355568979,inf,inf,0.5679544139248077,8.336610351739603e-08,inf,inf,0.2935351461926033,0.29024746099629667
568,10.579652171764213,S2,other,0.011792451009062946,2.697656138864234e-09,0.7405604625503727,inf,inf,0.567893692424633,7.352086417203276e-08,inf,inf,0.2936033330746864,0.29014798949762555
569,10.58696837062764,S2,other,0.011768167273262006,2.754408292513508e-09,0.7405646086757003,inf,inf,0.567838494128296,7.38277639829764e-08,inf,inf,0.2936735908001095,0.29005080907547354
570,10.594271727564287,S2,other,0.011743998083061886,2.4383158256152324e-09,0.7405688071028279,inf,inf,0.567783396169231,6.491416019133161e-08,inf,inf,0.2937436619021525,0.2899539041532424
571,10.601562291285402,S2,other,0.011719942658794773,2.3953441253068974e-09,0.7405730319596878,inf,inf,0.5677230274673697,6.323795936917707e-08,inf,inf,0.2938113697745123,0.2898552577527645
572,10.608840110229853,S2,other,0.011696000227598612,2.0368740604055556e-09,0.7405773275143247,inf,inf,0.5676681434051674,4.15673340932923e-08,inf,inf,0.2938810910326549,0.28975889869849586
573,10.616105232566191,S2,other,0.011672170023387891,2.1833816399286464e-09,0.7405816219588963,inf,inf,0.5676133569120444,5.856968484988634e-08,inf,inf,0.2939506297358288,0.2896628103685215
574,10.623357706194703,S2,other,0.011648451286716866,1.9374533186827542e-09,0.7405859766535065,inf,inf,0.5675586712612146,5.294413491635042e-08,inf,inf,0.29401998723258693,0.2895669911965136
575,10.630597578749448,S2,other,0.011624843264771614,1.5720715902287855e-09,0.7405903627894946,inf,inf,0.5674987656931757,4.421959386714266e-08,inf,inf,0.2940870669774149,0.28946942285108784
576,10.637824897600265,S2,other,0.011601345211267954,1.5116876320966838e-09,0.7405947788539825,inf,inf,0.5674442915178258,2.782754840437182e-08,inf,inf,0.29415608514608227,0.2893741370188414
577,10.64503970985476,S2,other,0.011577956386392873,1.4635532763120745e-09,0.7405992341691452,inf,inf,0.5673899160937461,2.395112096252243e-08,inf,inf,0.29422492604372275,0.2892791157213211
578,10.652242062360294,S2,other,0.011554676056725314,1.4161058813441861e-09,0.740603720990235,inf,inf,0.5673356395342384,1.5682422789906934e-08,inf,inf,0.29429359097512847,0.28918435744193177
579,10.659432001705916,S2,other,0.011531503495179849,1.3675732469361777e-09,0.7406082420540101,inf,inf,0.5672814619495953,1.0302766503604818e-08,inf,inf,0.2943620812344432,0.28908986067618986
580,10.666609574224319,S2,other,0.011508437980935024,1.7041221589914909e-09,0.7406127746971962,inf,inf,0.5672221277328389,1.3560261837469901e-08,inf,inf,0.29442839847458163,0.2889936054347934
581,10.67377482599374,S2,other,0.011485478799385603,8.225164432738368e-09,0.7406173382225805,inf,inf,0.5671681599414515,7.085938154255772e-08,inf,inf,0.2944965620888214,0.2888996269060627
582,10.680927802839872,S2,other,0.011462625242019573,3.02503616917972e-09,0.7406219449479257,inf,inf,0.5671142906380242,9.602157930436053e-08,inf,inf,0.29456455480687077,0.2888059054494943
583,10.688068550337727,S2,other,0.01143987660645646,4.614633265028097e-09,0.7406265538583306,inf,inf,0.5670605186087526,1.492271120400257e-07,inf,inf,0.2946323778811796,0.2887124396078266
584,10.695197113813517,S2,other,0.011417232196143585,1.3752225092670216e-09,0.7406313130301889,inf,inf,0.567006846610155,2.380599020408036e-08,inf,inf,0.2947000325539591,0.2886192279353019
585,10.702313538346488,S2,other,0.011394691320794997,1.389602001976782e-09,0.7406360207710583,inf,inf,0.5669532712573073,3.297041605853678e-08,inf,inf,0.29476752005730655,0.28852626899755013
586,10.709417868770746,S2,other,0.011372253295756182,1.4811090905163596e-09,0.7406407630749586,inf,inf,0.5668997945435948,4.194414210036889e-08,inf,inf,0.2948348416133029,0.28843356137147325
587,10.71651014967707,S2,other,0.01134991744226422,1.8940578235589894e-09,0.7406455342053971,inf,inf,0.5668412485608947,5.223821939621617e-08,inf,inf,0.2949001331441487,0.28833908280307297
588,10.723590425414708,S2,other,0.011327683087318779,2.5125946078504574e-09,0.7406503252225402,inf,inf,0.566787978824512,6.817158219765011e-08,inf,inf,0.29496714498549115,0.2882468732551106
589,10.730658740093142,S2,other,0.011305549563596865,1.3769945222199173e-09,0.7406552811955535,inf,inf,0.5667348104269815,2.364904774714375e-08,inf,inf,0.2950339944442693,0.28815491081660716
590,10.73771513758386,S2,other,0.011283516209490287,2.945168307475453e-09,0.7406600623488738,inf,inf,0.5666817331208269,7.781713144443153e-08,inf,inf,0.2951006827034576,0.28806319410843406
591,10.74475966152209,S2,other,0.011261582368885439,3.6054274878127845e-09,0.7406649507019156,inf,inf,0.5666287555488301,9.423414092867337e-08,inf,inf,0.2951672109365638,0.28797172176217994
592,10.751792355308528,S2,other,0.011239747391235417,3.5875606863499873e-09,0.7406699125392313,inf,inf,0.5665758760819252,9.32343771181779e-08,inf,inf,0.29523358030751734,0.2878804924200426
593,10.75881326211105,S2,other,0.011218010631477628,3.836911606253275e-09,0.7406748692405747,inf,inf,0.5665230930515125,1.00087758456492e-07,inf,inf,0.2952997919709139,0.2877895047347242
594,10.765822424866403,S2,other,0.011196371449936444,3.533585507531356e-09,0.7406799053880365,inf,inf,0.5664704079861627,9.145725892236039e-08,inf,inf,0.29536584707202507,0.28769875736932626
595,10.772819886281887,S2,other,0.01117482921233641,4.3948261330053334e-09,0.7406849139067939,inf,inf,0.5664178176956969,1.1288291158692101e-07,inf,inf,0.2954317467469177,0.2876082489972472
596,10.779805688837019,S2,other,0.011153383289644443,4.281905481985475e-09,0.7406900183665697,inf,inf,0.5663653259682647,1.102493141338889e-07,inf,inf,0.2954974921224526,0.2875179783020799
