arm,d,a,seed,placed_at_init,crossed,step,s_cross,w2_own,G1_first_step,s_at_G1_first,half_step,rho_init,steps_run,rho_half,rho_cross,wnoise_l2_cross,wnoise_l1_cross,G_at_cross,G1_at_cross,w1_end,wnoise_l2_end,s_end,rho_end,G_end,G1_end,r_pop,obs_r_own,branch_converged,branch_grad,branch_wnoise_l2,branch_dist,growth,relax_sig,relax_full,chi,winding_k,mirror,kappa_k,pred_r,G_numpy_at_cross,widening_rel
primary,2,1.3,880000,False,True,2449.0,5.5973377352131175,5.315625,2113.0,4.826198861866396,1051.0,9.299115692348662,64000,0.015325581222147932,0.014978087350475452,0.01234339640324532,0.01234339640324532,5.3727131220870916e-05,0.023287240492451566,0.7675888564100145,0.004321107421435279,141.53037163773618,0.005629455645884365,0.08023532317809634,0.08485285575545642,0.12934935388915347,0.052997104801997486,True,1.0688380501847061e-09,0.012716057736527389,0.06283110056731189,0.0004208340566548365,0.11618420994184782,0.11612006829408433,0.003622127799168847,-1.0,False,7.6105432889477465,0.02756636041367554,5.3727131220870916e-05,0.037445218376188624
primary,2,1.3,880001,False,True,1454.0,5.127748797940449,4.996875,1444.0,5.093631134713613,741.0,1.0209328589917712,64000,0.0029296408320885724,0.0006355412710342216,0.0005301409489301442,0.0005301409489301442,0.00010977130914646693,0.001128827608163796,0.7689113681402706,0.002420380326845979,142.15238468930397,0.0031478014594842544,0.08237451861207479,0.08495575383328013,0.03460253174082184,0.026191129043742212,True,7.084549767579634e-10,0.0006968927640205696,0.039539995370612147,0.00069420676643104,0.26931777660904554,0.2692113546341573,0.002577649255729537,-1.0,False,7.6105432889477465,0.01961731124445358,0.00010977130914646693,0.001588853177585554
primary,2,1.3,880002,False,True,3191.0,5.698629136143879,4.640625,2978.0,5.243108883001747,1522.0,1.0982704077831749,64000,0.010729754794462526,0.008333759465026545,0.006735055265836577,0.006735055265836577,4.1485916782324495e-05,0.012822913816146642,0.7625584471303787,0.0007621000975430122,138.3194882874286,0.00099939893186012,0.08405186475698345,0.08487025023777761,0.14978645874277485,0.22798742327679533,True,1.2076901538277812e-09,0.006953914694905686,0.053840892829015274,0.00038497433978084826,0.12677487028416345,0.12673770437628154,0.0030366770553023293,-1.0,False,7.6105432889477465,0.023110762183932747,4.1485916782324495e-05,0.020834398662566363
primary,2,1.3,880003,False,True,3813.0,6.0021008641251985,5.434375,3603.0,5.574388702165057,1819.0,1.4265450665120862,64000,0.010335409359637178,0.007607843970396866,0.006259644034058699,0.006259644034058699,2.2288691531535676e-05,0.011930597381365704,0.7676485684423742,0.0050075792613268185,137.7894638643722,0.0065232705005724605,0.07949979013347619,0.0848530256672988,0.2110165677932303,0.10446939420360168,True,1.3318990008115428e-12,0.006076802026495247,0.0582190151390769,0.00034767469231233937,0.11203883041801448,0.11201998672304077,0.003103162457294248,-1.0,False,7.6105432889477465,0.02361675221387534,2.2288691531535676e-05,0.019019609925992165
primary,2,1.3,880004,False,True,2622.0,6.250652574353782,6.009375,2582.0,6.151546484097807,1087.0,0.16671258052566879,64000,0.0008888255532499492,0.0015913881387423544,0.001305654168359197,0.001305654168359197,5.3485011298093355e-05,0.0025580434554663967,0.7687132435602012,0.000647147540238643,142.65741709913098,0.0008418581905021677,0.0843823779409334,0.08507281903943165,0.26116571487592055,0.040150194380244475,True,1.3901534472171573e-09,0.0014534965242404552,0.055217988963704556,0.00040431176752797295,0.14144501337833645,0.14142745937058773,0.002858437762288033,-1.0,False,7.6105432889477465,0.021754264328656004,5.3485011298093355e-05,0.003978470346855886
primary,2,1.3,880005,False,True,2255.0,5.596216653879212,5.009375,2079.0,5.178073518700775,913.0,1.1599807216681643,64000,0.008582536924545959,0.008278880996807321,0.0068227060554819224,0.0068227060554819224,4.878636998650876e-05,0.013016117433185759,0.7595674051117315,0.009942104414343041,141.53820603250134,0.013089166738112688,0.07384595549146189,0.08460131569677065,0.12912315841194677,0.11714867700645515,True,1.4835344246469373e-09,0.006839551182353921,0.06264002034597382,0.0004343276884877031,0.12011523461376984,0.1201151175567727,0.0036159250729874723,-1.0,True,7.6105432889477465,0.027519154297562697,4.878636998650876e-05,0.020697202492018302
primary,2,1.3,880006,False,True,3420.0,5.492820749965329,5.084375,3323.0,5.249872258171453,2273.0,0.3646948053715222,64000,0.0004230337956695584,0.004877888643687779,0.0039865912937640914,0.0039865912937640914,9.084690324456801e-07,0.007611367566606297,0.7617284207467255,0.0009436096438406593,135.540992732686,0.0012387743691060324,0.08387795526921327,0.08489288315844767,0.10826143757181916,0.08033352181248032,True,8.753744257239404e-13,0.0036624656721657967,0.06237685338270893,0.00046673265528778674,0.1265715101878831,0.1265108925216443,0.0036875016707548763,-1.0,False,7.6105432889477465,0.028063891093347126,9.084690324456801e-07,0.012194721609219446
primary,2,1.3,880007,False,False,,,5.665625,,,,9.833579711943909,64000,,,,,,,1.4940528843422456,2.1350290363160425,0.10057461439079232,1.4290183826096527,-12.899951994855105,-6.14528145243308,,,,,,,,,,,,,,,,
primary,2,1.3,880008,False,True,9957.0,5.448881458776437,4.965625,9871.0,5.172058827437947,9205.0,9.316375584609421,64000,0.011805224723764766,0.005309366425695718,0.00440987069243784,0.00440987069243784,0.00022896362944635484,0.00864587771718206,0.7603936378634991,0.0001881347002442072,123.91698062719851,0.00024741750966356704,0.08445805693056663,0.0846601205533144,0.09939600681491778,0.09732036929418486,True,9.86778191710419e-11,0.007232938584914551,0.05777979701790059,0.000611155435966606,0.15455761740449922,0.15444126586213489,0.003954223973103348,-1.0,False,7.6105432889477465,0.030093792721497977,0.00022896362944635484,0.013273416064239292
primary,2,1.3,880009,False,True,2576.0,5.19632507569444,4.690625,2417.0,4.843781639088625,1276.0,0.06527249390109752,64000,0.015783862764922826,0.008865393436573802,0.007462041210872085,0.007462041210872085,2.29417848816027e-05,0.015483107102587379,0.7628856617253506,0.0029496461625720402,140.42654915604814,0.0038664328228441053,0.08117624180158867,0.08432631414260472,0.048438855121198277,0.10781080894218587,True,6.694204739143839e-11,0.007487764620676012,0.05820498900193982,0.0004372106174781578,0.12117706799789464,0.12117666959156821,0.0036080309971335007,-1.0,False,7.6105432889477465,0.02745907609154981,2.29417848816027e-05,0.022163483591434507
primary,2,1.3,880010,False,True,3454.0,5.5738095027995564,4.859375,3155.0,4.9718053889390985,1730.0,1.0769970651694216,64000,0.011234115573959176,0.011755552613261099,0.009704447926806168,0.009704447926806168,5.3157530132352804e-05,0.018406110642606333,0.7715701298316303,0.00455277663852789,136.85416373477108,0.005900664712773916,0.08037357881457607,0.08523420516173807,0.12460216954341607,0.14702189125135567,True,8.84218116260771e-10,0.009346171637976484,0.05590219331617163,0.0003728830891691326,0.1159271910635714,0.1158517610210569,0.0032165282859709194,-1.0,True,7.6105432889477465,0.02447952776050658,5.3157530132352804e-05,0.029388881533152743
primary,2,1.3,880011,False,True,6199.0,6.462639097151968,5.346875,5857.0,5.533885095368157,4880.0,1.531700368821967,64000,0.021381174712619102,0.015170825492589019,0.012259543412889831,0.012259543412889831,1.733289731298271e-05,0.023063070331694746,0.76245305564425,0.004334935515443168,132.98357755637196,0.005685511368015014,0.08011273621739745,0.08477497056741123,0.3039372705476855,0.20867592699510795,True,8.901537588631991e-10,0.012444704394776093,0.059863308524629844,0.00042375053105289206,0.14063612336618078,0.14060762317729883,0.003013098775124462,-1.0,False,7.6105432889477465,0.02293131866196015,1.733289731298271e-05,0.037927063731472546
primary,2,1.3,880012,False,False,,,4.846875,,,,1.3203282294257295,64000,,,,,,,1.1548331332212376,2.1117711806111505,0.05236799551913353,1.8286375060271043,-10.640836795900725,-5.657300867793033,,,,,,,,,,,,,,,,
primary,2,1.3,880013,False,True,2413.0,6.869528877735206,5.521875,1947.0,5.699037546178589,695.0,0.5529827572431435,64000,0.014098680357928172,0.018180668424611607,0.01463338489531135,0.01463338489531135,3.968030528467281e-05,0.027421203844877784,0.7617781527347744,0.01107782114721897,143.324272764529,0.014542056775256319,0.07240169909609362,0.08431536955547836,0.3860335692782255,0.24405729534536857,True,1.5256363880555845e-12,0.014598887088397475,0.058981637999206527,0.00037155444769851575,0.13385528177366376,0.1338541083919253,0.0027757922046496315,-1.0,True,7.6105432889477465,0.021125286734609724,3.968030528467281e-05,0.04545167106152902
primary,2,1.3,880014,False,True,2414.0,4.326790240229516,5.646875,841.0,0.3131227055998015,1638.0,4.605938964004521,64000,0.006774651336448196,0.007088280103997878,0.005930251462261666,0.005930251462261666,4.3801974709989366e-05,0.011337692306945701,0.762290397864069,0.001155723532241805,135.2013596573116,0.0015161197563030207,0.08361058652789355,0.08485222818780525,-0.1270032302185088,-0.23377261932847526,True,1.820174013247855e-09,0.00573534341347667,0.05295365583607747,0.000572621230606646,0.14148800931102412,0.14145450314689167,0.004047136102875609,0.0,True,-7.52955840897607,-0.03047314767567768,4.3801974709989366e-05,0.01772070025999469
primary,2,1.3,880015,False,False,,,5.071875,,,,1.000666052988515,64000,,,,,,,1.6996373567212675,2.1617728628421453,0.0708232988723102,1.2719024174735563,-14.370980051841096,-6.438309226970061,,,,,,,,,,,,,,,,
primary,2,1.3,880016,False,False,,,5.496875,,,,19.60773000203105,64000,,,,,,,1.4027146348442388,2.2096309493692097,0.040963129346552954,1.575253365496235,-12.984376853232812,-5.952499640713294,,,,,,,,,,,,,,,,
primary,2,1.3,880017,False,True,2755.0,6.188122502783609,5.234375,2402.0,5.351829530904434,1103.0,11.048599061828616,64000,0.013461466956571903,0.014252768337712093,0.011709291219212943,0.011709291219212943,4.663148102368453e-05,0.022108060602589408,0.7715049543170537,0.004720219423031481,139.4034359617435,0.0061181971633738645,0.08038985050010528,0.08544298925863902,0.24854930699290967,0.1822084781437343,True,7.907613279456438e-11,0.011489197202887354,0.051333560353107544,0.00039327272820397657,0.14674701237024823,0.1466952513091345,0.0026799368644844002,-1.0,False,7.6105432889477465,0.02039577551880542,4.663148102368453e-05,0.035631920844280233
primary,2,1.3,880018,False,True,2230.0,5.431191220787468,5.378125,2059.0,5.010610505024732,1005.0,0.21678919873967012,64000,0.012114589868593505,0.007752627977338707,0.006321126463605214,0.006321126463605214,3.990371894513345e-05,0.012055313218052532,0.765817793464405,0.010983707778291376,141.83697437114904,0.014342455701640595,0.07200862854027035,0.08522158638753918,0.09582672802773629,0.009867048606618134,True,7.450403821445892e-10,0.006541750358633895,0.0541529129103715,0.00046389206037589887,0.14303046265090522,0.14299416317990304,0.003243309514478194,-1.0,False,7.6105432889477465,0.024683347459392393,3.990371894513345e-05,0.019381569943346767
primary,2,1.3,880019,False,True,2518.0,5.42158446018248,4.740625,2307.0,4.842867352571075,1490.0,2.07881282686485,64000,0.004745048542526169,0.011969378458660562,0.009912473643456331,0.009912473643456331,7.388704151400916e-05,0.01881495610575401,0.7698032019986626,0.001555393570538633,141.5816745093894,0.002020508055176075,0.08349764956707295,0.08515729587434384,0.09388841567364015,0.1436433930510177,True,5.579557193872986e-11,0.010110145624506989,0.05118895953047087,0.0005174585885713437,0.1678993150691744,0.167850343718371,0.003081957709941527,-1.0,False,7.6105432889477465,0.023455372566216257,7.388704151400916e-05,0.029923446146651406
primary,2,1.3,880020,False,True,3161.0,5.261767723474162,5.071875,3141.0,5.20793790021915,2196.0,3.1798402920494246,64000,0.011355973967979717,0.0010519713089447314,0.0008699778160755104,0.0008699778160755104,3.644785285983332e-05,0.0017074397831389199,0.7519155900328218,0.00907727954065101,142.59993585270345,0.012072205525429761,0.0742745882988447,0.08414252897547536,0.06164292024699347,0.03744033981006267,True,8.684281861334742e-10,0.0004418087982023632,0.05766962738015735,0.0005267833767171888,0.1470899266935183,0.14694212169655335,0.003581369496599267,-1.0,True,7.6105432889477465,0.02725616758758572,3.644785285983332e-05,0.0026299282723618285
primary,2,1.3,880021,False,True,2518.0,5.441237646969805,4.740625,2281.0,4.898938311323809,1178.0,0.24816052953377823,64000,0.014746983620241072,0.0111899648161056,0.009319273449320205,0.009319273449320205,2.385889732448021e-05,0.01766583560978674,0.7609700194274526,0.0030392031152520617,143.1152209095939,0.003993853946491522,0.08077415298743196,0.08401678500636578,0.09785374970386962,0.14778908835223326,True,7.674815644120869e-13,0.009460153858033804,0.0619395599080228,0.00043123975857712146,0.11756456147368484,0.11755490290338177,0.0036681101275034176,-1.0,False,7.6105432889477465,0.0279163109139924,2.385889732448021e-05,0.027974912040263998
primary,2,1.3,880022,False,True,8090.0,5.661225964397446,4.821875,7860.0,4.95468671520763,7204.0,6.0169133393071395,64000,0.014372413022584353,0.013931041262737927,0.011497748503489103,0.011497748503489103,9.206445048937084e-05,0.021766100340322225,0.7620357278508573,0.002905100640396864,135.27975406257156,0.003812289285424999,0.08071351021877105,0.08379979141951521,0.142239791051187,0.17407148970005348,True,7.648786118363837e-13,0.011197116253608771,0.06386189978514878,0.0005480992740841135,0.14761620420272764,0.14756468395453765,0.003713002085674723,-1.0,False,7.6105432889477465,0.028257963104980747,9.206445048937084e-05,0.03482760315684482
primary,2,1.3,880023,False,True,2398.0,6.196081437238951,4.928125,1951.0,5.096609319463164,903.0,1.0683726826176516,64000,0.022078738117060268,0.020360869690832707,0.01665634984690772,0.01665634984690772,2.8715676583690453e-05,0.031130841010031052,0.7628580913775695,0.0039820163596757975,143.96752719428102,0.0052198651422639694,0.08017609638007661,0.08443773696823964,0.2501551449662447,0.2572898287358685,True,1.5671650175491658e-12,0.016813975854797977,0.06258437236197167,0.00040468736451959965,0.12409661835340684,0.12408046821047142,0.0032610668194609166,-1.0,False,7.6105432889477465,0.02481849019765845,2.8715676583690453e-05,0.05090217422708176
primary,2,1.3,880024,False,True,2467.0,5.519097206420509,5.109375,2364.0,5.276123431353142,1170.0,3.3664292790713355,64000,0.009503516983041825,0.005518211358825422,0.0046450373352694245,0.0046450373352694245,6.662208754582011e-05,0.00910909675080207,0.7664120133456824,0.0008681119908673954,138.56494931884566,0.0011326962205064526,0.08370401274385575,0.0846284255656129,0.11356311857160306,0.08019027893245423,True,1.2106788065558566e-09,0.004533283836290136,0.06587527009302363,0.0004368354964301542,0.11334103943980567,0.11333666737337676,0.0038541687864275614,-1.0,False,7.6105432889477465,0.029332318392018157,6.662208754582011e-05,0.013795528397063554
primary,2,1.3,880025,False,True,2070.0,5.306693720058704,5.515625,1778.0,4.58701797021095,899.0,1.3015575801760797,64000,0.02347350671365153,0.015418433801305387,0.012719187396228153,0.012719187396228153,2.5705799825637143e-05,0.02395292186540665,0.7617495073669491,0.0006403220269740482,140.19067873574943,0.000840593949561418,0.08389159657813572,0.08457751231830324,0.07070743405976354,-0.03787989211400267,True,7.219610326236747e-12,0.013080156081390022,0.05691544853365116,0.0004771051296359587,0.137004579736935,0.1369065487224666,0.00348240278209719,-1.0,False,7.6105432889477465,0.02650297712270273,2.5705799825637143e-05,0.03854608450326347
primary,2,1.3,880026,False,True,2293.0,6.111664308377482,5.465625,1795.0,4.8467339538609835,858.0,0.7043225822676469,64000,0.02979332679289463,0.02321249395189424,0.018712547387587958,0.018712547387587958,1.814457832693961e-05,0.03479072163671981,0.7597826804023872,0.004036189600435054,140.6392924797256,0.005312294823958681,0.08030992063182607,0.08466065556313263,0.2331226851707402,0.11820044521486239,True,9.062459116471189e-12,0.018170653071818994,0.05401139944208211,0.0004247272556245512,0.14824290717157607,0.1480020435520135,0.002865076405530638,-1.0,False,7.6105432889477465,0.02180478801043373,1.814457832693961e-05,0.0580312348797356
primary,2,1.3,880027,False,True,3804.0,6.617393433384505,5.640625,3420.0,5.786069522652195,1638.0,0.7280264002654914,64000,0.016278484629806002,0.012752771762017957,0.010289714093191283,0.010289714093191283,3.595763173080968e-05,0.01944084266837942,0.759012182079499,0.0047120458159882524,139.81964446164568,0.00620812936503661,0.07952351323868401,0.08460753286415024,0.3351613484760665,0.17316670287149116,True,1.6551722249735779e-09,0.010448342960018146,0.052410837104186925,0.00033751925282307714,0.13272925362641452,0.13270613351359592,0.002542915322744701,-1.0,True,7.6105432889477465,0.019352967143877076,3.595763173080968e-05,0.03188192940504489
primary,2,1.3,880028,False,True,4129.0,6.080792349376776,4.665625,3717.0,5.258324742930791,2053.0,2.1888137634631413,64000,0.013246904822820676,0.014233593775143907,0.011344411003989795,0.011344411003989795,9.687848524198017e-05,0.021414909783822544,0.7653958184980545,0.002770568782638618,139.2457313217891,0.0036197856268346735,0.08223132904232555,0.08521088620333783,0.22689379054260272,0.3033178511725172,True,9.611820887822642e-13,0.011605796127352177,0.05488661120297422,0.0003409404208690542,0.11785783055486056,0.11783567781248197,0.0028928109338509584,-1.0,True,7.6105432889477465,0.022015862838814074,9.687848524198017e-05,0.03558398443785976
primary,2,1.3,880029,False,True,5901.0,5.9733368004739225,5.140625,5670.0,5.294324640296146,4863.0,37.78776231911033,64000,0.014906328347959094,0.01186375812055557,0.009742270473679976,0.009742270473679976,4.028613777506962e-05,0.01845887024567805,0.7679707549052114,0.006005182313281022,136.24930835976858,0.007819545568531741,0.07883602208363927,0.08529126767875983,0.2052129736139059,0.16198649006179644,True,1.5937178324005458e-09,0.009409507281065559,0.05888957253352345,0.000498490639048031,0.15390677943009146,0.15381276802148663,0.00323891280744042,-1.0,True,7.6105432889477465,0.024649886130152593,4.028613777506962e-05,0.02965939530138892
primary,2,1.3,880030,False,True,2671.0,6.441953421606358,4.959375,2145.0,5.181796360599989,978.0,0.01754987660419059,64000,0.029166571655920848,0.021279714611425013,0.017167254429688493,0.017167254429688493,1.4448542598799463e-05,0.03200497996630247,0.7580777558871671,0.0021927376452139757,137.40554031802705,0.0028924970139083523,0.08220441486661123,0.08456815771476567,0.2997636159609294,0.2989446092716035,True,1.1033357387446596e-12,0.017069718556206436,0.056671980500794916,0.0003811691666638314,0.13397467177293265,0.13396734147489547,0.0028450837880002948,-1.0,False,7.6105432889477465,0.021652633329259676,1.4448542598799463e-05,0.05319928652856253
primary,2,1.3,880031,False,True,3784.0,5.8528683794813485,4.946875,3414.0,5.106191303771627,1919.0,1.0182411396404158,64000,0.02010921597988715,0.014157880870091698,0.011632309685463419,0.011632309685463419,1.173295938228236e-05,0.021932591375714683,0.7636567571968891,0.0030819328145954834,137.0693714052703,0.004035756621742151,0.08090288803099677,0.0841852384208659,0.18090660872259212,0.1831445871345745,True,1.1236983565865444e-11,0.011479467877370506,0.06169642867314806,0.0003566849969266043,0.10582049639125807,0.10580807584208189,0.003370660780193339,-1.0,False,7.6105432889477465,0.02565255978001979,1.173295938228236e-05,0.03539470217522924
primary,2,1.3,880032,False,True,2549.0,5.00984745597612,4.834375,2540.0,4.99046307220307,1295.0,1.6226430764758673,64000,9.294570014251852e-05,0.0004111879072321382,0.0003411799432116501,0.0003411799432116501,2.783144099893775e-05,0.0006838568187759186,0.7512181762488194,0.006771956780501425,140.37494233433426,0.009014633823580979,0.07656388425314153,0.08390026825671892,0.010814114698838528,0.0362968234727592,True,1.1071704933071636e-09,0.0003209188034856458,0.06609564705949644,0.0004376390190554591,0.10311432973886289,0.10311415883285895,0.004244211451151166,-1.0,True,7.6105432889477465,0.032300754976433685,2.783144099893775e-05,0.0010279697680803453
primary,2,1.3,880033,False,True,2662.0,6.716837076481904,5.203125,2098.0,5.325967515906928,934.0,0.1994332892172733,64000,0.021141509767752073,0.023003728741954832,0.018046322382646775,0.018046322382646775,3.315123101810258e-05,0.03347297179727837,0.7604335701777044,0.005603046694947716,142.96002895055673,0.007368226383848822,0.07869261536969585,0.08473891169775971,0.35522563964325915,0.2909236423268524,True,1.804122281255649e-12,0.01814958421317453,0.05596284959871056,0.00037472020962358833,0.13905967132948827,0.13904875826289811,0.002694672050070689,-1.0,True,7.6105432889477465,0.020507918286580547,3.315123101810258e-05,0.05750932185488707
primary,2,1.3,880034,False,True,2673.0,6.3808472740475946,5.246875,2106.0,5.023261856083638,1009.0,0.9889308376990348,64000,0.03118654232245,0.02326581164820192,0.01879951139196011,0.01879951139196011,4.045858507639721e-05,0.03497617926659391,0.7655022522878459,0.0036458416399080223,139.37433991702446,0.004762679180906061,0.08092765569468474,0.08483244525320766,0.28743450674352466,0.21612336372556884,True,1.0549248107005749e-12,0.01949454425630528,0.057030747127754466,0.0003848865055202374,0.13354595469788483,0.13321154398765728,0.002882052896255445,-1.0,True,7.6105432889477465,0.02193398832798929,4.045858507639721e-05,0.0581645291205048
primary,2,1.3,880035,False,True,2578.0,5.913910244529367,5.053125,2280.0,5.219966753531342,1050.0,0.5393315131687727,64000,0.011045385898820937,0.012007062919306914,0.009752865490906365,0.009752865490906365,4.4799218377189476e-05,0.018467059650824513,0.7669032767716665,0.005939118432026807,142.30185332859395,0.007744286159563622,0.07893815889806666,0.08533522137368843,0.1932227479504396,0.17034711085305965,True,6.793070880112273e-13,0.009798545326669137,0.05935890084462514,0.0004034088083126669,0.12449310513122928,0.12449211459346422,0.003240410847552,-1.0,True,7.6105432889477465,0.02466128702927035,4.4799218377189476e-05,0.030017657298267286
primary,2,1.3,880036,False,True,2356.0,7.213713540241257,5.434375,1764.0,5.437791116305028,795.0,1.3240274293283785,64000,0.03760227302058737,0.026707680888811626,0.021108468936901964,0.021108468936901964,1.2249715820811247e-05,0.03897081854324913,0.763173193413325,0.0008702668249383359,145.79100105272977,0.0011403267730697275,0.08360623641386278,0.08453624097019174,0.4554781417889042,0.32742284811800015,True,4.586392030048181e-14,0.02090043322069377,0.03732326785712203,0.00042103105505753025,0.24823815341277541,0.2480531099706657,0.0016960771310501625,-1.0,False,7.6105432889477465,0.012908068427251562,1.2249715820811247e-05,0.06676920222202906
primary,2,1.3,880037,False,True,2513.0,6.397448967100513,5.303125,2117.0,5.444553349611707,862.0,15.45677266327579,64000,0.019218802067785357,0.016129287096478782,0.012969067738850744,0.012969067738850744,1.3178613527120575e-05,0.02434891261126415,0.7607033518927999,0.001538842312353913,140.08074223524855,0.002022920378259054,0.08316503719001789,0.08482192234134889,0.29078415477437836,0.20635454889343796,True,5.551994982462213e-10,0.012720009797579061,0.05833740681384114,0.0003842821230877124,0.13030155711039476,0.1302586058994685,0.0029491752179303496,-1.0,False,7.6105432889477465,0.02244482566275083,1.3178613527120575e-05,0.04032321774119695
primary,2,1.3,880038,False,True,2598.0,5.860449953707102,5.653125,2566.0,5.775533314684964,1305.0,0.02899742320152808,64000,0.002034353856989832,0.0014328075134848078,0.0011791316413039756,0.0011791316413039756,4.0186465648961445e-05,0.0023030908611474388,0.767033032845826,0.0038729529455919535,144.16509494231286,0.005049264868323368,0.08113047700123444,0.08529316742088255,0.18243630844027248,0.03667439756012847,True,1.7464328594396505e-14,0.0015688678547781968,0.04347726765116633,0.0004630693996027749,0.18919390319790474,0.1889315966625421,0.002447591554355665,-1.0,True,7.6105432889477465,0.01862750147808669,4.0186465648961445e-05,0.0035820187837120186
primary,2,1.3,880039,False,True,3700.0,5.884913748400942,4.853125,3357.0,5.185155152777488,1824.0,1.365980769769283,64000,0.017028311071214906,0.012567686753516856,0.01023062433145098,0.01023062433145098,5.26131553018061e-05,0.019364925862917826,0.7670112811733916,0.0053064158346672165,136.95229433318707,0.006918302200913315,0.0794487161283488,0.08514804494430894,0.18737225692831094,0.21260296167952442,True,1.3957498796058482e-09,0.010078498882616088,0.05794487923685665,0.0003581581716285049,0.11342457237968527,0.1134112172647304,0.003157677072209551,-1.0,True,7.6105432889477465,0.024031638050568568,5.26131553018061e-05,0.03141921688379214
primary,2,1.5,880000,False,True,1134.0,2.9467938390336035,2.7093749999999996,961.0,2.5521445624695605,421.0,9.299115692348662,64000,0.015807428529183487,0.015109900268615351,0.01527458590384858,0.01527458590384858,0.00010551355194321488,0.04621746555592576,0.9512360355554551,0.0049971600305576454,126.42607557902878,0.005253333393367141,0.16467871135480738,0.17346673596911844,0.16416546727253478,0.08762863724423675,True,3.1325642709141566e-10,0.01616893789269742,0.1272747600454931,0.0008033505024517461,0.05659961758061992,0.05656987974374287,0.01419356767397698,0.0,True,4.046049844154416,0.057427882275289714,0.00010551355194321488,0.037774750671538376
primary,2,1.5,880001,False,True,772.0,2.6626048176251573,2.546875,769.0,2.650532417329765,485.0,1.0209328589917712,64000,0.002646463550170503,0.0004923796802686477,0.0005040118096638252,0.0005040118096638252,6.81168119456288e-05,0.0016196706311499831,0.9537512954131685,0.001718058572428315,125.5812128530174,0.0018013695820817163,0.17065950220253123,0.17366960271697973,0.05189326128401284,0.045439928392699835,True,7.368181498962345e-11,0.0009311402553678688,0.07786139587881102,0.001721642426751878,0.16018304614934692,0.16008916973552575,0.010747969077493395,0.0,True,4.046049844154416,0.043486818610968626,6.81168119456288e-05,0.001230949200671619
primary,2,1.5,880002,False,True,1560.0,2.9775398958178174,2.3656249999999996,1441.0,2.751995725440687,618.0,1.0982704077831749,64000,0.010776811448141814,0.008165193648337846,0.008096998812095005,0.008096998812095005,0.00010528738262216564,0.024775381298707266,0.9496890364635013,0.0016263989827213418,124.69288820123579,0.001712559501347732,0.17105486619401766,0.17392197064064874,0.17631205760703894,0.25866944076843024,True,3.413072407164319e-11,0.008624228909153087,0.1060044796964057,0.0006582107190266465,0.056915341003812375,0.056897774779625945,0.011564732942258175,0.0,True,4.046049844154416,0.04679148591871113,0.00010528738262216564,0.020412984120844614
primary,2,1.5,880003,False,True,1949.0,3.1543790599935857,2.765625,1815.0,2.92575691377857,763.0,1.4265450665120862,64000,0.011628443723273924,0.007980672799125763,0.008050617479509135,0.008050617479509135,7.115993679596144e-05,0.024613793200880973,0.9551758714898599,0.007210335561432754,124.95260988722545,0.007548699434991222,0.1610385310975473,0.17369499730572668,0.2461744434542561,0.14056643977169192,True,1.184169949597358e-13,0.007611017561207135,0.11494273266155552,0.0005571108465166092,0.047601725532637154,0.047593881491475545,0.011703585117615904,0.0,True,4.046049844154416,0.047353288741177765,7.115993679596144e-05,0.019951681997814406
primary,2,1.5,880004,False,True,1284.0,3.2532817519384927,3.059375,1267.0,3.209598865839999,594.0,0.16671258052566879,64000,0.0005834674049252779,0.0013345133607681901,0.0013441545201545583,0.0013441545201545583,0.00024107149509866588,0.004374663910137855,0.9561811049346555,0.002017039590017088,125.18510742771072,0.0021094744286490903,0.1706151045241251,0.17414975903403063,0.2852471118769353,0.06338116508714764,True,4.023190201124516e-11,0.0016742213517979367,0.10821886430724703,0.0008299986999796783,0.07491106185731554,0.0749039537168163,0.0110797882101924,0.0,True,4.046049844154416,0.044829375361112894,0.00024107149509866588,0.003336283401920475
primary,2,1.5,880005,False,True,1040.0,2.949306167000882,2.559375,949.0,2.7357847095024663,348.0,1.1599807216681643,64000,0.008706489947543231,0.008240306587801581,0.008329029877043712,0.008329029877043712,0.00021442012270789235,0.025592993742493242,0.9465023256742764,0.010625252434954382,123.13001208293836,0.011225807001990286,0.1546654151441076,0.1735226629910982,0.1651579919015831,0.15235405792464252,True,2.7418171899551425e-13,0.008387672424582151,0.12512994382431053,0.0008293323996659348,0.059421901325954374,0.05942179469584453,0.013956678954392494,0.0,False,4.046049844154416,0.05646941870833296,0.00021442012270789235,0.020600766469503953
primary,2,1.5,880006,False,True,2414.0,2.8982952237697925,2.596875,2376.0,2.7735539843929726,2008.0,0.3646948053715222,64000,2.0738902765616142e-06,0.004864049683512754,0.00487501368103382,0.00487501368103382,0.00021873202905853262,0.015140016928486322,0.9498649349889318,0.0012675920319336386,124.04747903892249,0.0013344971324248422,0.17172428953781393,0.17395839366023047,0.1450055205016465,0.1160703629438431,True,5.743554564244246e-10,0.004046754878366685,0.12503797721439014,0.0012309793809596712,0.08225374153915273,0.08220821230386235,0.014965633877867134,0.0,True,4.046049844154416,0.06055170061921636,0.00021873202905853262,0.012160124208781884
primary,2,1.5,880007,False,False,,,2.8843750000000004,,,11198.0,9.833579711943909,64000,183.50034226498872,,,,,,0.0011869841975532427,0.18482187123375268,3.7654732071747596,155.7071034431041,-0.14384061757114885,-0.00041804526646149753,,,,,,,,,,,,,,,,
primary,2,1.5,880008,False,True,9424.0,2.9999084089436585,2.534375,9375.0,2.7379081533596716,9190.0,9.316375584609421,64000,0.013882954639013843,0.00975520213697855,0.00987627455914561,0.00987627455914561,0.0004804811225715966,0.03050356671042298,0.9508622942917311,0.0012263835234676923,114.68566351089856,0.0012897593382658935,0.17191490401802856,0.17407530573122454,0.18514900106416143,0.18368765827616618,True,1.4244616770853202e-13,0.008841315467836975,0.12995744021728406,0.0020917466065899235,0.12299532863798655,0.12285708102981695,0.01700671586273478,0.0,True,4.046049844154416,0.06881002006599649,0.0004804811225715966,0.024388005342446374
primary,2,1.5,880009,False,True,1229.0,2.756522526248863,2.4156250000000004,1144.0,2.5711171541223075,558.0,0.06527249390109752,64000,0.01674648291775309,0.009089174344673639,0.009369482731801422,0.009369482731801422,0.00010666315445950758,0.03108211182350651,0.9491556000591482,0.0019091039236853904,124.00071371827167,0.0020113708685556104,0.16964407449841712,0.17299377646066727,0.08899655357979785,0.1411218737382096,True,4.731241709174383e-10,0.009389512770388565,0.11366284123341863,0.0008245393894431153,0.060947470028622094,0.0609474540427084,0.013528689362427938,0.0,True,4.046049844154416,0.054737751486465064,0.00010666315445950758,0.022722935861684095
primary,2,1.5,880010,False,True,1736.0,2.9400961872718026,2.4906249999999996,1552.0,2.6203476653000766,719.0,1.0769970651694216,64000,0.01158074306863554,0.012276573505940294,0.012426034726849987,0.012426034726849987,1.9521507533593052e-05,0.037679267649330495,0.9609478948987427,0.0024181513051617642,121.18178972523243,0.0025164229174117403,0.1702494860658219,0.17447286639425075,0.16151948139132943,0.18046521948177796,True,1.5691038052212392e-10,0.011544830714930246,0.11026306625460158,0.0006120818983800752,0.05049805358984838,0.050462397580280476,0.01212090080444451,0.0,False,4.046049844154416,0.04904176881083384,1.9521507533593052e-05,0.030691433764850732
primary,2,1.5,880011,False,True,5313.0,3.381752846508054,2.721875,5191.0,2.9128454564389483,4886.0,1.531700368821967,64000,0.021186062509538587,0.015069814560214626,0.01493948580763673,0.01493948580763673,0.00019358936804714233,0.04529715351490893,0.9504378147548664,0.0037507450155880033,120.06390685729396,0.003946333949849609,0.1672662053435503,0.17387947012252347,0.33600112454639164,0.24243502971593256,True,8.40162410128964e-11,0.01540863803217046,0.12042359748756404,0.0011926712236185113,0.09553633046836281,0.09551511154959828,0.012483954719335473,0.0,True,4.046049844154416,0.05051070304659808,0.00019358936804714233,0.037674536400536564
primary,2,1.5,880012,False,False,,,2.471875,,,,1.3203282294257295,64000,,,,,,,1.1654398763655285,2.1170494657242767,0.05809395288944983,1.81652396546305,-10.595741974574018,-6.059110363523043,,,,,,,,,,,,,,,,
primary,2,1.5,880013,False,True,1082.0,3.5859314251895,2.815625,853.0,2.9988921341151182,264.0,0.5529827572431435,64000,0.01381953348692253,0.018086543921098933,0.017870289648570598,0.017870289648570598,0.00013862882520010444,0.0538730575667028,0.9461010042424406,0.014019544835290706,123.35948074157972,0.01481823269653582,0.14790645276339243,0.1727311369250879,0.4166642667415308,0.2735827481250168,True,3.244601063517871e-10,0.017777870515445583,0.11937093841816271,0.000732600476486055,0.06663797583399152,0.06663722503771957,0.010993738439941645,0.0,False,4.046049844154416,0.044481213701600304,0.00013862882520010444,0.04521635980274733
primary,2,1.5,880014,False,True,1548.0,2.1375526034759664,2.8843750000000004,1069.0,0.3205027591447065,1281.0,4.605938964004521,64000,0.007081111820522163,0.007383982999341935,0.007572886735212446,0.007572886735212446,0.00029390708548060474,0.023379233997388837,0.9448319845959415,0.0013970282944405002,120.22991532693142,0.0014785997057857234,0.1713411052217868,0.1738159540309363,-0.1555347739354207,-0.25892000746228694,True,1.6584386494308823e-09,0.007064949643312175,0.10509382961477343,0.001549660750424316,0.08735818597472288,0.08733161215138595,0.01773915899390025,1.0,False,-3.8828684182619084,-0.06887882022394198,0.00029390708548060474,0.018459957498354836
primary,2,1.5,880015,False,False,,,2.578125,,,,1.000666052988515,64000,,,,,,,1.7059978157928293,2.1635909740696992,0.07546504818240596,1.268226110280342,-14.577303757205492,-6.768526013965269,,,,,,,,,,,,,,,,
primary,2,1.5,880016,False,False,,,2.809375,,,,19.60773000203105,64000,,,,,,,1.4089266510162772,2.2116175476514797,0.04458914303865854,1.5697180162332873,-13.075910375829007,-6.305267071133366,,,,,,,,,,,,,,,,
primary,2,1.5,880017,False,True,1305.0,3.2160034453626336,2.671875,1120.0,2.803372608265332,431.0,11.048599061828616,64000,0.01297886931381934,0.013964325773485662,0.014083740813106857,0.014083740813106857,3.665557043497358e-05,0.04262618433424059,0.9573592805611525,0.0015236185995091765,124.76060710931047,0.0015914804717995874,0.17099286126461966,0.1748701549065501,0.27051987964943547,0.20365041229946512,True,1.1787210096869671e-10,0.013544768075422119,0.09970792034579468,0.0007184059212548922,0.07047781129719453,0.0704500281509266,0.010193363102969819,0.0,True,4.046049844154416,0.04124285519418041,3.665557043497358e-05,0.03491081443371415
primary,2,1.5,880018,False,True,1035.0,2.826183378764305,2.746875,953.0,2.6229613549656907,432.0,0.21678919873967012,64000,0.011559673958884348,0.007447800550559147,0.007455494516386915,0.007455494516386915,4.440005492067911e-05,0.022789056663776286,0.9506378903294797,0.011038204767964811,124.94512729156502,0.011611366304933524,0.14652368288272877,0.1746107487069759,0.11651689037602186,0.028872219800429644,True,3.040292930606148e-11,0.007978950770052578,0.10664426808268779,0.0009187836323657812,0.07271838659315454,0.07269840067870016,0.012634818722068187,0.0,True,4.046049844154416,0.051121106321343285,4.440005492067911e-05,0.018619501376397864
primary,2,1.5,880019,False,True,1482.0,2.8081797661173917,2.421875,1405.0,2.534946976845109,1114.0,2.07881282686485,64000,0.00316032216206168,0.011221786121778389,0.011417520835146508,0.011417520835146508,0.00030778061707659177,0.034944742067607226,0.9559533542294056,0.0017285842483905738,125.93752838729982,0.001808230747601682,0.17147194568155832,0.1745077595378559,0.109404352046377,0.15950648407427792,True,5.999927703108365e-11,0.011926190522617381,0.09694583570603577,0.0013634047224834484,0.11245833713299228,0.1124093078357747,0.012123642917386353,0.0,True,4.046049844154416,0.04905286353647484,0.00030778061707659177,0.028054465304445973
primary,2,1.5,880020,False,True,2290.0,2.7685990984496924,2.596875,2283.0,2.7430008229433054,1959.0,3.1798402920494246,64000,0.012538482414578129,0.0010460906409233716,0.0010613243794432377,0.0010613243794432377,0.00018217899588668374,0.003447405179980656,0.9415482897292317,0.00648349320755427,122.6942164255392,0.006885991168247757,0.16176150773525855,0.1732908277795855,0.09376754506654517,0.06612720999266153,True,1.576309395512343e-12,2.7553687906182076e-05,0.1135889465937776,0.0014825058484202517,0.10143436740876528,0.10130123953548456,0.01461541966783285,0.0,False,4.046049844154416,0.05913471646928649,0.00018217899588668374,0.002615226602308429
primary,2,1.5,880021,False,True,1219.0,2.876768793485216,2.4156250000000004,1098.0,2.594196743803618,564.0,0.24816052953377823,64000,0.016232136715471607,0.011728424966470488,0.011973012025902239,0.011973012025902239,0.00026277457480095023,0.03655382286728459,0.9461088240275509,0.003274648913941508,123.9087804164362,0.003461175745091824,0.16644706997185743,0.1721905561507322,0.13650125174724592,0.19090040609995995,True,5.425678573957315e-10,0.012268462500382538,0.12357817691682804,0.0008455844501711014,0.05984170449133297,0.05983822326327771,0.014130353694948137,0.0,True,4.046049844154416,0.05717211536529168,0.00026277457480095023,0.02932106241617622
primary,2,1.5,880022,False,True,7525.0,2.983653882657796,2.4593749999999996,7452.0,2.6214770851155933,7265.0,6.0169133393071395,64000,0.014815481754314167,0.014084692795586619,0.014256944813126926,0.014256944813126926,6.234068527666281e-05,0.04316228273047962,0.9488098306251104,0.0068627726424409915,115.12330032280624,0.007233032817460953,0.160137686579493,0.17216073238669782,0.1787274598154256,0.21317565749745215,True,5.53173442816024e-10,0.01353765018285133,0.12931307594984176,0.001871161774173899,0.11444156801592323,0.11440536637738377,0.016350368197625084,0.0,True,4.046049844154416,0.06615440469786829,6.234068527666281e-05,0.035211731988966544
primary,2,1.5,880023,False,True,1147.0,3.2634312786989,2.515625,933.0,2.6977327233567467,474.0,1.0683726826176516,64000,0.022767495187787132,0.020469193690938907,0.020530487686558956,0.020530487686558956,0.00018380328759137754,0.06171967940086809,0.9490494929715021,0.0038484254921330534,125.91922069174066,0.004055031397871063,0.16633800414715338,0.17310375539431844,0.28925680146129396,0.2972646076815504,True,3.237711996293205e-10,0.02086926744480425,0.1257497112067565,0.0008312521020896249,0.06509857240213666,0.06509170715490087,0.012769129512621102,0.0,True,4.046049844154416,0.051664534474528165,0.00018380328759137754,0.05117298422734727
primary,2,1.5,880024,False,True,1225.0,2.9358198690761386,2.621875,1174.0,2.804385218581091,652.0,3.3664292790713355,64000,0.010157041308496777,0.005717611921679031,0.005896096024743018,0.005896096024743018,0.0002914019446809135,0.019697502223355645,0.9566307001677373,0.0008879507202679005,124.67577567693478,0.0009282063811167733,0.17199370114532986,0.17354225765761067,0.15983007173378305,0.1197405936881577,True,4.1588043772633476e-13,0.005580591022898516,0.1334164904242119,0.0009252353967006432,0.06116840260018008,0.061165917114972275,0.015126034968549584,0.0,True,4.046049844154416,0.06120069142717429,0.0002914019446809135,0.014294029804197576
primary,2,1.5,880025,False,True,966.0,2.7789776193538214,2.828125,815.0,2.417289254220339,342.0,1.3015575801760797,64000,0.023982198363477477,0.015211412681590873,0.015388666624739035,0.015388666624739035,0.00026959832573636433,0.04671136187062963,0.9509087905404809,0.0006782431833965644,123.91628465572553,0.0007132578751439053,0.17260510999957424,0.17379747354932729,0.09786770147311463,-0.017378079344505193,True,2.134045058721501e-10,0.01622626717787498,0.11166207707469589,0.0009001138907567232,0.06746977977789995,0.06742287812174313,0.013340993459883203,0.0,True,4.046049844154416,0.05397832450922552,0.00026959832573636433,0.03802853170397718
primary,2,1.5,880026,False,True,1013.0,3.2070737435329186,2.784375,764.0,2.5478841530680523,321.0,0.7043225822676469,64000,0.031010514387747014,0.02375098027372948,0.023468743217181978,0.023468743217181978,5.057055779866815e-05,0.07009449057567396,0.9452208817686947,0.006882046360767675,122.29117203483362,0.007280886926545686,0.16141633599904326,0.17362943515774898,0.26699209621053566,0.1518109965550325,True,7.895090831100404e-13,0.02218292541535404,0.1050768985483348,0.0008498177008227692,0.07772073544459662,0.07758886805985732,0.010934246774190182,0.0,True,4.046049844154416,0.04424050745665811,5.057055779866815e-05,0.0593774506843237
primary,2,1.5,880027,False,True,1951.0,3.4574486123807935,2.871875,1715.0,3.0276970616317325,672.0,0.7280264002654914,64000,0.017653042442935345,0.013042596824702156,0.012906372754610549,0.012906372754610549,3.282067900212127e-05,0.039105414784847525,0.9467306224316775,0.0010019066073244476,123.67357492299479,0.0010582805537134212,0.17163927365948783,0.1734055028723609,0.365905624644264,0.20389940801072237,True,1.7505615013124753e-13,0.013293185654636434,0.10370227351832817,0.0005441977108131557,0.05608394233956187,0.056073650597856135,0.009703271348477871,0.0,False,4.046049844154416,0.0392599195272969,3.282067900212127e-05,0.032606492061755386
primary,2,1.5,880028,False,True,2139.0,3.1777021532856375,2.3843750000000004,1888.0,2.763884495371761,895.0,2.1888137634631413,64000,0.012876529103332228,0.014114626302831225,0.013804377845736515,0.013804377845736515,0.00011798850362376712,0.041820703279523475,0.9541226180238788,0.00239469014816898,123.85688331462323,0.00250983479788868,0.17026245143802798,0.1744780545528699,0.25538850500173327,0.33271912064404185,True,1.985109789222339e-10,0.014237149988441077,0.10812570466015536,0.0005376515814184963,0.04903757912182388,0.04902900272364351,0.010964072677462532,0.0,False,4.046049844154416,0.044361184547944965,0.00011798850362376712,0.035286565757078066
primary,2,1.5,880029,False,True,4953.0,3.146663149565585,2.6156249999999996,4869.0,2.7875553188896878,4613.0,37.78776231911033,64000,0.015473307812996719,0.012401375095491114,0.012484764475362366,0.012484764475362366,7.982478768431278e-05,0.03791439192507351,0.9541040696748232,0.004926631560013802,122.58279947611474,0.005163620737612923,0.16471975509270687,0.17453653243378708,0.24312618254442864,0.20302533794622146,True,4.13991757541865e-15,0.011667243793799234,0.11660840425060215,0.0014761637329600006,0.10987332523207942,0.10979121426741521,0.013435142058747932,0.0,False,4.046049844154416,0.05435925443298951,7.982478768431278e-05,0.031003437738727782
primary,2,1.5,880030,False,True,1246.0,3.3560286895485025,2.528125,977.0,2.724509208103657,386.0,0.01754987660419059,64000,0.029279401302220967,0.021059682082801547,0.02085781271821561,0.02085781271821561,0.00010511912147981306,0.06258050650271407,0.9457463092414787,0.003474444687314952,123.47156063334113,0.0036737597105735227,0.16747284608585566,0.17362207872650348,0.32583849463644543,0.32747735556924695,True,3.005476826613285e-10,0.020576807456427385,0.11336190799120871,0.0007199490168068337,0.06465601351368613,0.0646504989460011,0.011135066603734202,0.0,True,4.046049844154416,0.04505303449668781,0.00010511912147981306,0.05264920520700386
primary,2,1.5,880031,False,True,1978.0,3.075546631174313,2.515625,1766.0,2.691390525548066,963.0,1.0182411396404158,64000,0.021136221078220357,0.014351955212178618,0.014461647140908574,0.014461647140908574,3.5246971212377076e-05,0.04374553610648535,0.9517086133318579,0.0026824788873519778,124.71385356965249,0.002818592634105546,0.16813557841878524,0.1728258605462729,0.21503076787133346,0.222577542827056,True,3.915857091710273e-10,0.014085200711503414,0.12365752227718119,0.0006091564043787911,0.04708287184334112,0.047077013013956955,0.012937961949424788,0.0,True,4.046049844154416,0.05234763892914593,3.5246971212377076e-05,0.03587988803044654
primary,2,1.5,880032,False,True,1176.0,2.6455558709414615,2.471875,1173.0,2.6392273538370854,529.0,1.6226430764758673,64000,0.001236002595472687,0.0002621003957771753,0.00026683693790761806,0.00026683693790761806,7.247707238189349e-05,0.0008943087564192709,0.939484809274739,0.006989431905277915,122.52421552122591,0.007439643340985575,0.1604150478583075,0.1728448982713422,0.045157874939836695,0.07026280493207038,True,7.894899196198013e-10,0.0003077851171047201,0.13430968931925324,0.0008314516360609374,0.05013713352820888,0.05013706471310601,0.01658354950813321,0.0,False,4.046049844154416,0.0670978679029094,7.24770723814494e-05,0.0006552509894429382
primary,2,1.5,880033,False,True,1242.0,3.5110966525667324,2.6656250000000004,965.0,2.8077760785210675,427.0,0.1994332892172733,64000,0.02150727603037021,0.022810110736807138,0.021954304107892918,0.021954304107892918,0.00010135229702301629,0.0656031306875744,0.9485167010816347,0.0014069525513189767,126.846534681152,0.0014833186908723567,0.17144559502638312,0.17392900116086585,0.38709991212512884,0.3171757664963122,True,5.126795795621503e-10,0.022234162415656792,0.1106135747682746,0.000738754500261505,0.0708022978940222,0.07079409896379008,0.010434046948127055,0.0,False,4.046049844154416,0.04221667402836933,0.00010135229702301629,0.057025276842017844
primary,2,1.5,880034,False,True,1353.0,3.538347132613275,2.6781249999999996,1048.0,2.831740778489709,410.0,0.9889308376990348,64000,0.024559154416724446,0.022548524230452564,0.022308136824675518,0.022308136824675518,0.00016930710035323315,0.06685098466497186,0.9547316090569853,0.007850920415110988,125.77195517307304,0.008223170093703673,0.16011397098125535,0.1739260233076898,0.39786553387191104,0.32120313003062795,True,2.849969357732185e-10,0.022611702405193508,0.11272234848791385,0.000671317366308558,0.06430079266764255,0.06429373191789066,0.010440265795453846,0.0,True,4.046049844154416,0.04224183579462671,0.00016930710035323315,0.0563713105761314
primary,2,1.5,880035,False,True,1195.0,3.0972793673033645,2.578125,1040.0,2.745365557326008,409.0,0.5393315131687727,64000,0.01153203726946685,0.012077284393840792,0.012037294127570888,0.012037294127570888,3.6686430693322336e-06,0.03650007407517819,0.9523083278475921,0.003481958927416499,125.74281185783784,0.0036563356904443173,0.16812917242045256,0.17426824788691286,0.2236165401692305,0.2013689667116081,True,8.109869774428763e-11,0.012145974425476018,0.11927810316718102,0.0007599744856628944,0.06008580983596053,0.06008541038965633,0.012648152496199863,0.0,False,4.046049844154416,0.051175055436090744,3.6686430693322336e-06,0.03019321098460198
primary,2,1.5,880036,False,True,1101.0,3.7326169489455343,2.7718749999999996,812.0,2.823412105028134,374.0,1.3240274293283785,64000,0.03876056033135832,0.026910217863177443,0.026066547842075183,0.026066547842075183,0.00021656566247552078,0.07761290741965343,0.9493314632347133,0.0010482269572798621,127.31979745982817,0.0011041738295580938,0.17130262182571565,0.1731420886038726,0.4746141032871247,0.34660363434337227,True,4.611602766324552e-12,0.025601876097666957,0.06571979248330173,0.000859719547673328,0.14259792352509656,0.14247499444212586,0.006028976624768463,0.0,True,4.046049844154416,0.024393539933055056,0.00021656566247552078,0.0672755446579436
primary,2,1.5,880037,False,True,1140.0,3.36101959899158,2.721875,935.0,2.8733708110805316,301.0,15.45677266327579,64000,0.020046385649030884,0.016305243356332082,0.016089691043869817,0.016089691043869817,8.301926338960541e-05,0.04857721228779388,0.9490019861717648,0.004075035548427195,120.08010201406812,0.0042940221493800255,0.16685584599289438,0.17406206508658117,0.327810211947291,0.2348177631197539,True,9.571973059009989e-11,0.015431679406496797,0.11799309589351736,0.0007298370419185427,0.06302325172070848,0.06299662745457785,0.011580440900651424,0.0,True,4.046049844154416,0.04685504110132012,8.301926338960541e-05,0.0407631083908302
primary,2,1.5,880038,False,True,1486.0,3.032684840385741,2.878125,1476.0,3.002754066762317,968.0,0.02899742320152808,64000,0.002463003458740012,0.0010320045788604032,0.0010423507708098784,0.0010423507708098784,0.00011674486629642544,0.0033239073978852396,0.9511860582508963,0.003091663571778551,125.3214626930767,0.0032503247340101957,0.16895415486854803,0.17441562424031432,0.1980977147202927,0.05370157320677227,True,1.4629602564097954e-10,0.0019506113673413367,0.08129878759486431,0.001056094976891537,0.11095346040371398,0.11079467945667036,0.009518359977677507,0.0,False,4.046049844154416,0.03851175890428771,0.00011674486629642544,0.002580011447151008
primary,2,1.5,880039,False,True,1874.0,3.078191564033141,2.465625,1674.0,2.7239333935086294,804.0,1.365980769769283,64000,0.017153053134919757,0.012530891031376296,0.012517029861630516,0.012517029861630516,0.00012526392952061371,0.03805049661842608,0.9562122502327131,0.0033699067482896488,123.66039769303786,0.003524224613802548,0.16658030712075877,0.17480263261452444,0.21607567961803098,0.2484427129158493,True,2.230854390106174e-15,0.012136358281002487,0.11550896156143686,0.0005953620406918378,0.04911573695608187,0.04910967494892637,0.012121614732650688,0.0,False,4.046049844154416,0.04904465739994118,0.00012526392952061371,0.03132722757844074
primary,4,1.3,880000,False,False,,,5.315625,,,,10.280516826362337,64000,,,,,,,1.4626605252576765,2.1117945080676486,0.07927824642272441,1.4438035836754495,-14.287499779975962,-6.130788597155736,,,,,,,,,,,,,,,,
primary,4,1.3,880001,False,True,1850.0,5.783015993299023,4.996875,1627.0,5.091711751619412,831.0,1.3569705653072344,64000,0.012039351284635486,0.01019026812248432,0.008349305120020401,0.010385233410763773,2.4105498746429532e-05,0.01963393039583128,0.7673754662088742,0.010928397983811176,134.66354045751848,0.014241265801474742,0.06637956112582,0.08472236549374701,0.1668128107539011,0.15732652773964184,True,3.9886656174117907e-10,0.008574380102902159,0.04069770868222378,0.0005480849540831009,0.23713411796110237,0.23687037184378731,0.002311286789077751,-1.0,False,7.6105432889477465,0.017590148161449264,2.4105498746429532e-05,0.031687760672593136
primary,4,1.3,880002,False,True,3519.0,6.640459392701926,4.640625,2887.0,5.2385359398700935,1464.0,1.738081988135149,64000,0.025006432785607567,0.016869561110319498,0.013350380004374739,0.01799342278142021,1.8106820283136926e-05,0.03341409651646199,0.7614464934579642,0.003299080252899404,139.72260353185936,0.004332648822003578,0.08073758588037583,0.08468517195661507,0.33981526208361656,0.4309407445552971,True,1.3138737060131023e-12,0.013123778742968084,0.05035512708645484,0.0003482378692552027,0.14285038605150666,0.1426641348501882,0.0024377803860441845,-1.0,False,7.6105432889477465,0.018552833156937017,1.8106820283136926e-05,0.056841293112165514
primary,4,1.3,880003,False,True,4442.0,7.6522753335011435,5.434375,3507.0,5.632129614859301,1736.0,3.743675185047517,64000,0.027853433694906834,0.019006518418230905,0.015125958817267455,0.022410428054069464,0.0017779505991279976,0.042954239513798065,0.7678794049653829,0.006314304350544849,134.22486738719982,0.008223041677787292,0.07475520043426664,0.08489324134446008,0.5439647583356655,0.4081242706845116,True,2.965100387442021e-12,0.01684312331747824,0.052119290455799216,0.0002978340349287306,0.13635092010386227,0.1362857368566974,0.002184319949596689,-1.0,False,7.6105432889477465,0.01662386153331776,0.0017779505991275535,0.07039953941363727
primary,4,1.3,880004,False,True,3871.0,9.270621693629378,6.009375,2667.0,6.250866800805463,1154.0,0.8645415140744419,64000,0.050009036824965776,0.02798126323694297,0.02184239328703879,0.027187303584246154,0.00021025719683365196,0.049734747477680585,0.7671749649687595,0.002967780558089623,141.52904108123334,0.0038684533432480754,0.07957581089723043,0.085027819966224,0.8704911361673395,0.5426931575462304,True,1.4330550635044403e-14,0.022231346371804937,0.04836203141810458,0.00027416912409811264,0.16322380921225574,0.16269319320104966,0.0016797128153135058,-1.0,False,7.6105432889477465,0.012783527093943727,0.00021025719683365196,0.08707094139094325
primary,4,1.3,880005,False,True,2489.0,6.151466260046199,5.009375,2090.0,5.196399023133281,917.0,4.475949171868774,64000,0.010466703929138177,0.011298986678601042,0.00918818082626811,0.01413849400724998,7.615860777487882e-05,0.0265802552713148,0.75785210418452,0.012473376485239504,137.34834312599327,0.016458853140826693,0.06506796797512937,0.08453544509074806,0.24115334376720265,0.22799076931677065,True,1.9141064835567767e-09,0.009180672476739524,0.059279773188841034,0.00039867244282508095,0.1281393243610148,0.1281362623169561,0.003111241961147513,-1.0,True,7.6105432889477465,0.02367824162770383,7.615860777487882e-05,0.043466345097031255
primary,4,1.3,880006,False,True,4079.0,7.408086059841008,5.084375,3233.0,5.288923959751136,2162.0,1.7277715415759483,64000,0.03616303275827257,0.020438526747338405,0.01604149160009151,0.02587128489748981,1.3218771169665189e-05,0.047311968589839104,0.7610394212234894,0.002541699218154171,136.70432907256318,0.003339773403679922,0.08019456127115276,0.08480277681594783,0.4946958002201274,0.4570298335274263,True,2.531545226051868e-09,0.016071731212048728,0.05329127882364304,0.0003423531701278352,0.1473821547784085,0.14724723826065517,0.002322894319482361,-1.0,False,7.6105432889477465,0.017678487774071324,1.3218771169665189e-05,0.08240676140776416
primary,4,1.3,880007,False,True,11725.0,7.798235281870099,5.665625,11053.0,5.825792384819927,10221.0,19.467350557847414,64000,0.02418645178169386,0.017787871657314845,0.014094413199230637,0.020997359459984846,3.443365719091318e-05,0.0388092203895285,0.7636950902583236,0.01539543291565332,125.56273465726103,0.02015913564462715,0.05819826126142802,0.08515744643183076,0.5734144326597927,0.37641218433449053,True,2.1947208590430978e-11,0.013978749342039815,0.056383016404758735,0.00036383335001170737,0.15440153281955227,0.15438509136496664,0.0023564102205961665,-1.0,True,7.6105432889477465,0.017933561990366033,3.443365719091318e-05,0.06624935886601935
primary,4,1.3,880008,False,False,,,4.965625,,,,15.18052908107552,64000,,,,,,,1.510953072705344,2.2192947720269265,0.10404936421793785,1.4688045658845679,-15.164751026448616,-6.108528445611851,,,,,,,,,,,,,,,,
primary,4,1.3,880009,False,False,,,4.690625,,,,0.9436050706286845,64000,,,,,,,0.6743196273312703,2.569580051039462,0.07880240932442839,3.810626217731484,-19.124560878968868,-3.8335235920124067,,,,,,,,,,,,,,,,
primary,4,1.3,880010,False,True,3480.0,6.0887571740336135,4.859375,2938.0,4.9449786980085975,1589.0,2.462857252363151,64000,0.021127082783156025,0.014352041877874113,0.0116980760197644,0.016876636126344602,4.558223086714719e-05,0.031537944387417305,0.766925226857647,0.012409006236120946,134.20986197604358,0.016180203495150182,0.06627026098373712,0.08440251579806723,0.2285008169550795,0.25299183002620995,True,7.187623760063211e-12,0.011233454992059383,0.05171595721572686,0.00036201155816917925,0.13286765648790708,0.13266082964414216,0.0027246025687382215,-1.0,True,7.6105432889477465,0.020735705794560463,4.558223086714719e-05,0.05176368063297538
primary,4,1.3,880011,False,True,5124.0,7.9777923293474995,5.346875,4129.0,5.5037501686000265,2937.0,5.370130436062661,64000,0.029806366155015494,0.019772928026559337,0.01555028526141434,0.026642808631107504,2.1846009489401297e-05,0.04868088910403623,0.7610633116768899,0.005373957803215904,130.44733074666397,0.007061117939551161,0.0757286889741784,0.0846266425840918,0.609642840725851,0.49204765949222673,True,3.108359923620352e-12,0.015668564187730168,0.05091948104747601,0.00031700486038405693,0.15387564971664988,0.1538031400798856,0.0020601366165978624,-1.0,False,7.6105432889477465,0.01567875890176438,2.1846009489401297e-05,0.08469399895760626
primary,4,1.3,880012,False,False,,,4.846875,,,,2.2618356102798582,64000,,,,,,,0.5469724386019921,2.4898929250480797,0.08164780496002709,4.552135993199222,-17.867734879387108,-2.307059408836838,,,,,,,,,,,,,,,,
primary,4,1.3,880013,False,True,3308.0,8.492669286329669,5.521875,2136.0,5.634048647164372,828.0,1.729858122969464,64000,0.02473428431167557,0.02520715993199108,0.0197441858615967,0.02945493750676784,4.850637843833994e-06,0.053499249891419964,0.7561579658600934,0.011734225518996869,140.2564721688258,0.015518219801665054,0.06207894091830379,0.08382178141846541,0.7135272204448257,0.5380046245758314,True,1.457167719820518e-15,0.01952082033623447,0.05471718658601077,0.00029206270481830663,0.14064019599779884,0.14044974235374375,0.0020766659399626955,-1.0,True,7.6105432889477465,0.015804556032769455,4.850637843833994e-06,0.09401189364359235
primary,4,1.3,880014,False,False,,,5.646875,,,,7.378519732730723,64000,,,,,,,0.05022496939164148,0.6488955900000349,1.486861688822744,12.919780695934584,-2.341185496625232,-0.021659188705766663,,,,,,,,,,,,,,,,
primary,4,1.3,880015,False,True,3305.0,6.577493450363224,5.071875,2963.0,5.193604404722687,2466.0,1.461254509010266,64000,0.012416869215284794,0.015018116021891877,0.01212695598566485,0.018393407843927987,3.973119212519194e-05,0.03424301956380216,0.7658354423855451,0.006367124987077934,141.1335562060188,0.008313959676826405,0.07477731869842374,0.08480485262386583,0.3271109105398684,0.29685637961566935,True,1.7588951250341323e-09,0.012434072107231567,0.041678563327778306,0.0006016323018135541,0.28086271363249266,0.28010919020721087,0.0021420867655675604,-1.0,False,7.6105432889477465,0.01630244405803398,3.973119212519194e-05,0.05694634609143061
primary,4,1.3,880016,False,False,,,5.496875,,,,21.91554942251668,64000,,,,,,,0.27220600142993795,3.1601929492332594,0.05104410523371959,11.609563832657265,-19.782579608720518,-0.16419644259356403,,,,,,,,,,,,,,,,
primary,4,1.3,880017,False,True,2969.0,6.719910715717861,5.234375,2392.0,5.34314376820776,1099.0,11.326297803943874,64000,0.01811476414154043,0.015807912052121998,0.012840818631375496,0.017859736979283572,5.059276365981802e-05,0.03331031708364485,0.7684374036031758,0.0059548890716754664,133.0267627119517,0.007749348279707888,0.0764159322305451,0.085211943013761,0.3558457938396691,0.28380383822669586,True,1.3197446607771113e-12,0.012711389701417126,0.05015421325067848,0.0003660099398168864,0.15185149086991662,0.1517579168682489,0.0024103150895662152,-1.0,False,7.6105432889477465,0.018343807329147647,5.059276365981802e-05,0.05496634590584186
primary,4,1.3,880018,False,True,2419.0,6.158538774909132,5.378125,1974.0,4.988160168730972,991.0,1.650759294707183,64000,0.017427919552386574,0.011136507080718103,0.008935039195617287,0.015461967744253857,6.984212271099466e-05,0.02894741805291856,0.7642052193792938,0.009188334002571418,141.99335046888766,0.012023385563938453,0.07290343508349162,0.08523283273969096,0.2425803328946543,0.1451088948116921,True,9.024326370812158e-10,0.008790824358077693,0.043604001969072215,0.00043808517023444883,0.1905640176441212,0.19031494975287808,0.002298887143807883,-1.0,False,7.6105432889477465,0.017495780124355337,6.984212271099466e-05,0.048178947371092615
primary,4,1.3,880019,False,True,3015.0,6.831094304127242,4.740625,2274.0,4.8203490066353805,1460.0,2.264767995298222,64000,0.019157780272308113,0.022221465114592505,0.017828480298741928,0.027889059526366174,1.3504125381480492e-05,0.0509748490078854,0.7698843369607149,0.006842872929956053,138.4834989532322,0.00888818307042039,0.07202533790746246,0.08528289721419213,0.37827880032832106,0.440969134687355,True,1.6458408258219343e-09,0.017812709676209144,0.047756501549905295,0.0004006566966087582,0.17703468918577517,0.17647608755296287,0.00226315361385655,-1.0,False,7.6105432889477465,0.017223828547793807,1.3504125381480492e-05,0.08690249434603682
primary,4,1.3,880020,False,True,3480.0,7.844773447115235,5.071875,2476.0,5.287821925784207,1370.0,5.132021072302988,64000,0.031833522542854244,0.02327328263468742,0.018222372538253526,0.028175490841229965,1.678733920185138e-05,0.0512984404297403,0.7523370763722655,0.020333872485572873,139.0147063224758,0.027027609198288966,0.03754958258017238,0.08439459712437403,0.5828042264040825,0.5467205810701632,True,2.9300734518799415e-09,0.01825879981859358,0.0481093485744708,0.0003308377092907685,0.16688041265493614,0.16668561364795337,0.0019824837680312546,-1.0,True,7.6105432889477465,0.015087778536238106,1.678733920185138e-05,0.08996306056503207
primary,4,1.3,880021,False,True,3445.0,7.704574632363963,4.740625,2235.0,4.84540499833166,1139.0,1.6259560787596592,64000,0.03709401567542699,0.0332342417255199,0.026340613699939598,0.03570453169901629,1.30574210999157e-06,0.06424039456674491,0.7542352538004683,0.011318247264740252,133.1837552693451,0.015006255949598554,0.06379986540034066,0.08310098856309978,0.554516949783397,0.6252233898196891,True,2.649427336808702e-09,0.026696013795926864,0.05091854185395306,0.0003194629273896706,0.15024627375130123,0.15007000172609428,0.002126261899303202,-1.0,False,7.6105432889477465,0.016182008228287276,1.30574210999157e-06,0.11262199988001001
primary,4,1.3,880022,False,False,,,4.821875,,,,20.316684333456323,64000,,,,,,,1.691741523057552,2.23560583821679,0.06716671407366569,1.3214819212903695,-15.626258990285734,-6.446377936904566,,,,,,,,,,,,,,,,
primary,4,1.3,880023,False,True,2386.0,6.734108627167204,4.928125,1766.0,5.052152200078615,811.0,4.617301081485866,64000,0.02439308600453861,0.020840654679596088,0.016840951158891393,0.02334497415990326,3.0306239128918833e-05,0.04306550311751778,0.7577590527389352,0.008571484329744982,131.85181683994978,0.011311622472556654,0.0708479419076311,0.08403974701230732,0.35871044179918354,0.36646465484686463,True,1.629325604556725e-10,0.016828225287913605,0.046058415081748905,0.00041071785701971784,0.1854545163736551,0.18504164589149466,0.0022146554586581248,-1.0,False,7.6105432889477465,0.016854731238222086,3.0306239128918833e-05,0.07222343625077417
primary,4,1.3,880024,False,True,2539.0,5.61387365133875,5.109375,2379.0,5.2316085979566145,1150.0,43.78779008677222,64000,0.010097930470834285,0.00598019614059369,0.005014789941580356,0.006913527009872635,2.1896751429828498e-05,0.013165998261917,0.7582963991368489,0.016687543126269192,134.93293008085504,0.022006623195447366,0.06222067291019151,0.08396995638291305,0.13268573040882714,0.09873979720391435,True,8.796041152392409e-13,0.004893676205738878,0.05065619589460724,0.00043584254639930875,0.1495825427775696,0.14954076595080656,0.002913726015791896,-1.0,False,7.6105432889477465,0.02217503797531747,2.1896751429828498e-05,0.020611156211909735
primary,4,1.3,880025,False,True,2988.0,7.717348437470192,5.515625,1764.0,4.598085368264662,903.0,2.183563661210017,64000,0.044749496767695546,0.03426584729502508,0.02695251047242196,0.038010491110850766,2.208390606384114e-06,0.06803332123379269,0.7591479356428357,0.0034112008747113386,137.77474928637778,0.004493459989221709,0.08025125313064319,0.08437527649954513,0.5570942622890676,0.39917932010791013,True,6.853892453584365e-15,0.027240249698347777,0.04875090923650305,0.00033772635172634775,0.16522927762462591,0.16501629437626947,0.002043986129949725,-1.0,False,7.6105432889477465,0.015555844923991155,2.208390606384114e-06,0.12081079472596908
primary,4,1.3,880026,False,True,2409.0,6.3942088772045205,5.465625,1801.0,4.840063679807383,869.0,0.8579037863768949,64000,0.029932748359311777,0.02313860136550116,0.018540423668912717,0.022002487065209103,4.9110599925850096e-05,0.040668901021927883,0.7630024697639357,0.013185695152140322,137.80763069000204,0.017281326961130054,0.05585243685748109,0.08508999259636774,0.29013041658603167,0.16989527770465784,True,1.4549481437350908e-09,0.018022465714635873,0.052001916865179965,0.000408353322177685,0.15500871987986112,0.154701019228796,0.002634389358832055,-1.0,False,7.6105432889477465,0.020049134255334656,4.9110599925850096e-05,0.0686482124603635
primary,4,1.3,880027,False,True,5964.0,11.593203902835995,5.640625,3596.0,6.0859003685664685,1661.0,0.831480576532937,64000,0.04601967736018281,0.03102869326101025,0.02358779367961383,0.0375366586105404,0.0001770197114545624,0.06695201278362672,0.7523017503764035,0.012467119622055737,136.0712749621442,0.01657196678835054,0.06120071759226464,0.08392502205454244,1.3391079753515247,1.0553048470401762,True,2.898115775140653e-14,0.024792198065894642,0.04582711839743325,0.0002113398642662114,0.1655439237286709,0.16532341815743362,0.0012766392115520998,-1.0,True,7.6105432889477465,0.009715917983885375,0.0001770197114545624,0.12344451137415424
primary,4,1.3,880028,False,False,,,4.665625,,,,2.4452250843642553,64000,,,,,,,0.10932070049436549,2.2993367914537197,0.06399371129315475,21.032949670609092,-15.403485849692208,-0.4461162117376536,,,,,,,,,,,,,,,,
primary,4,1.3,880029,False,False,,,5.140625,,,,39.62275962803839,64000,,,,,,,0.4643378124320676,2.560609227997418,0.07770382903010364,5.514539543066038,-19.124560878968868,-2.836974366456821,,,,,,,,,,,,,,,,
primary,4,1.3,880030,False,False,,,4.959375,,,,0.9689637096069837,64000,,,,,,,0.005243641997097547,0.807568331665479,0.6645020220002914,154.00905174542484,-3.1667651064441595,-0.0010227393954149733,,,,,,,,,,,,,,,,
primary,4,1.3,880031,False,False,,,4.946875,,,,2.4119690459160315,64000,,,,,,,0.9411583500012021,3.6909652007653073,0.07594345328842624,3.9217260312896265,-22.582232482063418,-0.8158999091303847,,,,,,,,,,,,,,,,
primary,4,1.3,880032,False,True,3175.0,6.28621126054777,4.834375,2568.0,4.958742742399508,1318.0,2.310123134501455,64000,0.033532597705830454,0.020042136769323687,0.016114300197119697,0.019556067142133565,4.639434268360887e-05,0.03632026113107534,0.7491086810185977,0.00966029149379702,141.15368304701212,0.012895714251584263,0.06870067534112856,0.08369504475976974,0.268340229114304,0.3003151928734884,True,1.6875048233777612e-11,0.015761564088227598,0.060417432302468654,0.00036115033938997974,0.11696096670440445,0.11686140850532749,0.0030877851779621086,-1.0,True,7.6105432889477465,0.023499722763851847,4.639434268360887e-05,0.06080707314903675
primary,4,1.3,880033,False,True,2876.0,7.2275326254728025,5.203125,1763.0,4.493861248033146,924.0,1.0499561389066858,64000,0.033924263036901096,0.027240514463201436,0.021236359503589812,0.03494815076908844,0.0005182915385635312,0.06326204140092262,0.757825023516107,0.009514518800611115,134.05378523540983,0.012555033820955493,0.07005244782575737,0.08440609014881906,0.4582663557069966,0.3890753394302082,True,2.387947616987879e-09,0.02273014802192559,0.05431258762325086,0.0003481252786212637,0.143621688608857,0.14313871436657813,0.0024239046483387136,-1.0,False,7.6105432889477465,0.018447231254463445,0.0005182915385635312,0.11207259962878409
primary,4,1.3,880034,False,True,3306.0,7.876367646575,5.246875,2274.0,5.413753987031738,987.0,1.6154023909090733,64000,0.031005111895251205,0.02425932134734805,0.019213696002146542,0.027826481950893975,2.4186610409593357e-05,0.05079397126457641,0.7648357010484395,0.007960586023374626,136.0027568454382,0.010408230176052486,0.07277374222543775,0.0846181039540359,0.5891788442017651,0.5011540481858248,True,2.8094556850204178e-09,0.019124531629252133,0.05467930801223275,0.0003107307124208607,0.13927026079293917,0.1389078427285075,0.0022311347063738276,-1.0,False,7.6105432889477465,0.016980147266331735,2.4186610409593357e-05,0.08783468411511
primary,4,1.3,880035,False,True,3038.0,7.010334112260534,5.053125,2268.0,5.211107019808746,1040.0,0.9249721259732979,64000,0.026237857699588987,0.019028522797098216,0.015139731224239958,0.023533692999856647,3.2801582316555056e-05,0.043324433272070806,0.7577610649964622,0.010844810602382104,134.68894806323632,0.014311649282789074,0.0640613112829036,0.08378225865812938,0.4144432004560974,0.38732647861680336,True,1.7782724077985979e-12,0.01534462530852024,0.05770037232867864,0.00034267943293550475,0.12950696616185026,0.12944894061643006,0.0026460308900082175,-1.0,False,7.6105432889477465,0.02013773263230047,3.2801582316555056e-05,0.07394639427790829
primary,4,1.3,880036,False,True,2885.0,8.315547226690978,5.434375,1876.0,5.4319866457039065,855.0,1.5132742307501628,64000,0.05034287607859403,0.028447303539690168,0.022112431580096233,0.02999434435849986,4.9912663242945854e-05,0.054392104565159194,0.7624724883657581,0.016224588405427915,143.69630151772694,0.02127891648943664,0.05819042146786879,0.0847019015939745,0.6777901087901088,0.530175452870105,True,3.295721334728441e-12,0.021899521471131382,0.03984527123488846,0.0003456625746475937,0.22143399016256493,0.2212132396854589,0.0015610185879495141,-1.0,False,7.6105432889477465,0.011880199538441862,4.9912663242945854e-05,0.09646815812064181
primary,4,1.3,880037,False,True,3420.0,7.595103755846764,5.303125,2491.0,5.4554229751903645,1099.0,61.50193082421216,64000,0.0346665751848031,0.02206612764180733,0.017378796338026276,0.024451458743815088,0.0004996545735251878,0.04530012650054349,0.7596397834906599,0.0030342703700831936,139.50289967317758,0.0039943542137041085,0.08018622214038951,0.08476439487816911,0.532429509376396,0.4321939904955596,True,1.588711692583622e-12,0.018857067264226025,0.05525209180799351,0.0003128487821512143,0.1331184588966639,0.13290692322933567,0.002350153275092149,-1.0,False,7.6105432889477465,0.01788594323575112,0.0004996545735251878,0.07761599238159417
primary,4,1.3,880038,False,True,3722.0,7.474772365970518,5.653125,3157.0,5.807882108714694,2145.0,0.8177535729646412,64000,0.03010697109713035,0.019758014294590124,0.015747726780358327,0.01817635224148212,5.421842048702885e-05,0.033812777665173765,0.766124009367538,0.00359933672106461,140.20061362352064,0.004698112416599484,0.07902802580096369,0.08521883965915622,0.5081507926296125,0.32223723444475705,True,2.1408217065407853e-09,0.015618799813485613,0.04177734647758058,0.0003954078276829417,0.2165661043835563,0.2161064156717648,0.001825806622917509,-1.0,True,7.6105432889477465,0.013895380340961196,5.421842048702885e-05,0.05701277276708906
primary,4,1.3,880039,False,True,4282.0,7.161001718914783,4.853125,3371.0,5.231858191881502,1814.0,4.099540824662969,64000,0.025535559134351755,0.016487787470044805,0.01311634273549075,0.022675391477873497,0.0006522014825369737,0.04237982727242162,0.7659421756930733,0.004984072966163841,132.75471277483757,0.006507113884483426,0.07803495674011707,0.08504916618048464,0.44484271756162075,0.4755444623649263,True,4.4751875816206876e-13,0.014235892645533899,0.05316076706034778,0.000312682620644778,0.13089973480349282,0.13079913200475476,0.002388718518904399,-1.0,True,7.6105432889477465,0.018179445693233074,0.0006522014825369737,0.07125977168841781
primary,4,1.5,880000,False,False,,,2.7093749999999996,,,,10.280516826362337,64000,,,,,,,1.4725104775912963,2.116437973389651,0.08449635516941784,1.437299092670416,-14.503689048888205,-6.481399105222853,,,,,,,,,,,,,,,,
primary,4,1.5,880001,False,True,938.0,2.9936088453314706,2.546875,841.0,2.6512082175619662,513.0,1.3569705653072344,64000,0.01288159798554195,0.009836051429873484,0.009888987868677934,0.012488643480940377,0.00027082526842825416,0.0381105320920474,0.9529778418862981,0.012825296436986497,121.81678533437331,0.013458126593584231,0.13755518613638085,0.17318832930405081,0.18266028457539574,0.17540470000744857,True,2.1928330115258965e-10,0.010440341266688722,0.07789022350326391,0.0012557792311916295,0.13852275817570495,0.13833232340637358,0.00906550842424589,0.0,True,4.046049844154416,0.036679498947100625,0.00027082526842825416,0.031054477262774258
primary,4,1.5,880002,False,True,1752.0,3.448065233623714,2.3656249999999996,1393.0,2.748412218488505,591.0,1.738081988135149,64000,0.024995775576902357,0.01688457079799131,0.01639916413859734,0.021795036113650107,6.187571650784207e-05,0.06517209939395086,0.9466410097787913,0.006450123286871414,124.07867572034641,0.006813695181427501,0.16047015100112816,0.1731898414117028,0.3621986108143067,0.4575705082689414,True,2.5215437376990835e-12,0.01584085187448968,0.09851672522879085,0.0005863697303182123,0.06314083806407628,0.06305202414224383,0.009286695398676137,0.0,True,4.046049844154416,0.03757443247052311,6.187571650784207e-05,0.05610039438528031
primary,4,1.5,880003,False,True,2390.0,4.115545917979301,2.765625,1743.0,2.951158998444305,714.0,3.743675185047517,64000,0.02950277076707077,0.02098391830506412,0.020394949239361884,0.03144365240102425,8.76490432020205e-05,0.09281479786983082,0.9555702620070669,0.009310837970440328,119.25112873168763,0.009743750240703357,0.1494313333819579,0.17385940621978246,0.6258946836461434,0.4881069985913855,True,8.270537033006065e-13,0.020593701467420688,0.09998263690899734,0.00045642087318967163,0.058199870815669394,0.05816990143065828,0.007842300451752679,0.0,True,4.046049844154416,0.03173033852062603,8.76490432020205e-05,0.08087921983185214
primary,4,1.5,880004,False,True,1960.0,4.78403358069778,3.059375,1348.0,3.2575072442285973,685.0,0.8645415140744419,64000,0.05087167225437998,0.027605344102349206,0.026444541313366886,0.0336215808432218,9.733730517158534e-05,0.0987994024298775,0.9552659362188275,0.0059360776639214114,124.04830798082965,0.006214057718228534,0.1558488932274975,0.1739516939228638,0.8899885750904808,0.5637290559992743,True,2.8002123189652117e-12,0.027255182666756347,0.09317716628949846,0.000513488525581423,0.08023917706505278,0.07996780545716832,0.006399473977220871,0.0,True,4.046049844154416,0.025892590688204743,9.733730517158534e-05,0.08774356278709083
primary,4,1.5,880005,False,True,1161.0,3.240555800542341,2.559375,948.0,2.7425604876594263,341.0,4.475949171868774,64000,0.01141360697162876,0.011507062007760879,0.011472078397136869,0.01771941940630883,1.1848148715465356e-05,0.05332868085730702,0.9458919782686845,0.012165793749344974,120.7092359139187,0.012861715744341824,0.14221842348117297,0.17350421110482595,0.2802195755229002,0.26615122853913187,True,6.52232590853119e-11,0.011457214328327865,0.11750222065730576,0.0007456403430296341,0.06261781852427512,0.0626155909370097,0.011907798141204342,0.0,False,4.046049844154416,0.04817954481344207,1.1848148715465356e-05,0.04443363503792062
primary,4,1.5,880006,False,True,2583.0,3.8570082931722123,2.596875,2222.0,2.783928434602013,1837.0,1.7277715415759483,64000,0.03808345723202999,0.020380128402608753,0.019622216529320013,0.031614343637846334,0.00021673154269619133,0.09332562496495456,0.949112135146365,0.0029094610803367445,123.36703014690993,0.0030654555690493505,0.16629884263088313,0.1737747999853152,0.523756362734701,0.4852498842540409,True,6.447912620499707e-10,0.01967096171640409,0.10445309999259855,0.0007559688193244239,0.0833417827750628,0.08326027840749213,0.009070706123059104,0.0,True,4.046049844154416,0.036700529095573795,0.00021673154269619133,0.08208863429633056
primary,4,1.5,880007,False,True,10338.0,4.069644149599702,2.8843750000000004,10107.0,3.0658091792531623,2558.0,19.467350557847414,64000,5.157275955754083,0.017957801540992368,0.017453573415045408,0.02603351761289207,0.00014143961519019754,0.07747415409890923,0.952663342051354,0.023720162699872472,110.633272382728,0.024898788116268066,0.09686998390797097,0.1746716550693903,0.6077606516937093,0.4109275491569928,True,7.657653864311109e-10,0.017141074411280613,0.11400316853589132,0.0010344955168003723,0.10486650864127245,0.1048530820772878,0.009864879933584673,0.0,False,4.046049844154416,0.03991379591788229,0.00014143961519019754,0.06696404392226703
primary,4,1.5,880008,False,False,,,2.534375,,,,15.18052908107552,64000,,,,,,,1.5361513782480039,2.2202221080167917,0.10992947812763754,1.4453146606872673,-15.622767744132005,-6.508233575498481,,,,,,,,,,,,,,,,
primary,4,1.5,880009,False,False,,,2.4156250000000004,,,,0.9436050706286845,64000,,,,,,,0.6497760044812118,2.6061383744524678,0.07874477647752345,4.0108258176342435,-19.40348655790269,-4.0163124639078935,,,,,,,,,,,,,,,,
primary,4,1.5,880010,False,True,1751.0,3.225364718826838,2.4906249999999996,1413.0,2.600885539085777,644.0,2.462857252363151,64000,0.022309639390436772,0.014986510136204362,0.014958319196296798,0.02200319274484313,0.00011357487759955376,0.06593216831101056,0.9551598351718463,0.014433549646972714,119.06959432344851,0.01511113545135189,0.13937797722492506,0.17244627819984704,0.2742181605241829,0.29500214557664783,True,6.102410243791212e-14,0.013822468631406001,0.10039534159569818,0.0005960298628034939,0.05913735673676761,0.05903621496715455,0.010078736955669899,0.0,False,4.046049844154416,0.040779072088761546,0.00011357487759955376,0.055111651712360446
primary,4,1.5,880011,False,True,3481.0,4.131759927489742,2.721875,3043.0,2.883895446684134,2610.0,5.370130436062661,64000,0.0301371310674653,0.01972481646157625,0.019029443809045705,0.03258973325039347,0.0001672886971726406,0.09604795539452571,0.949249814425156,0.004826406377858492,113.29179450941834,0.005084442793155828,0.16047337762498692,0.17365707261693952,0.6323002182675523,0.5179829813969201,True,1.3685859980017145e-09,0.01931958275576229,0.09887745345635501,0.0006716192236568458,0.08424329716706053,0.08420118055856048,0.007972375800118276,0.0,True,4.046049844154416,0.032256629863608985,0.0001672886971726406,0.0844515627133267
primary,4,1.5,880012,False,False,,,2.471875,,,,2.2618356102798582,64000,,,,,,,0.5735174599802338,2.485785811118694,0.08331442961875872,4.334280967146782,-18.223958937933666,-2.5429910541439495,,,,,,,,,,,,,,,,
primary,4,1.5,880013,False,True,1554.0,4.355333846219786,2.815625,966.0,2.9632512540797,322.0,1.729858122969464,64000,0.024398892498954716,0.02440890573681163,0.02350265065547401,0.03528659216549357,1.2492935057561994e-05,0.10343973000042928,0.9371191684756491,0.015598995081820218,122.95795894851277,0.016645689904299033,0.12395403329138555,0.17150550923622987,0.7206257170251005,0.5468444292900461,True,1.3515412747300282e-12,0.023623731322677467,0.1109043508578047,0.0005441059246441764,0.06526160260363172,0.06517331657629478,0.008337305596811955,0.0,False,4.046049844154416,0.03373315401064875,1.2492935057561994e-05,0.09161808114399225
primary,4,1.5,880014,False,False,,,2.8843750000000004,,,,7.378519732730723,64000,,,,,,,0.06646800764882245,0.8139818728434833,0.7404083462363934,12.246220424479715,-4.323780574775154,-0.048493009908539886,,,,,,,,,,,,,,,,
primary,4,1.5,880015,False,True,2850.0,3.3979259824733163,2.578125,2743.0,2.7119070275828445,2600.0,1.461254509010266,64000,0.010402057094403295,0.014585469371074434,0.01445515571874939,0.022136293609237676,9.559069970510592e-05,0.06628816227430878,0.918596131234939,0.021182027270872945,122.52192711899032,0.023059129633385595,0.10376953408834533,0.16646127815865963,0.3423905115943966,0.3179834113835893,True,5.452597869742837e-10,0.015215931734371406,0.08368172180051303,0.0020711611484791133,0.20841415207572525,0.20776795722184915,0.009937718373973841,0.0,True,4.046049844154416,0.04020850387826733,9.559069970510592e-05,0.05583963236173637
primary,4,1.5,880016,False,False,,,2.809375,,,,21.91554942251668,64000,,,,,,,0.27341732123976026,3.1814424667351506,0.05301367434698514,11.635848278775786,-20.22491266431486,-0.19255689581251367,,,,,,,,,,,,,,,,
primary,4,1.5,880017,False,True,1415.0,3.4704951057350177,2.671875,1114.0,2.798540232636679,429.0,11.326297803943874,64000,0.017328548183646698,0.01538740164614741,0.015352355009911995,0.021294511461240808,5.95883828506949e-05,0.06382242235048219,0.9576435150584086,0.0014774982016076332,122.64168889126736,0.0015428478117115612,0.16927917590093422,0.17426459454053056,0.37105979485827856,0.29889875302363245,True,2.126396888429971e-11,0.01501885816497416,0.097161195877419,0.0006637623511230894,0.07217375118145221,0.07212379916791548,0.009196727899791752,0.0,True,4.046049844154416,0.03721041948568298,5.95883828506949e-05,0.05335780740170625
primary,4,1.5,880018,False,True,1154.0,3.2188279130215163,2.746875,915.0,2.594136320504846,431.0,1.650759294707183,64000,0.01864611099459427,0.011671724774422382,0.0114733638610342,0.019866997545654977,0.00010725276310363796,0.05966911246913309,0.9506130858632568,0.01092646855796902,124.65668768369761,0.011494128074248669,0.14544966056121167,0.1746227415603241,0.2716357187245497,0.1718144848314962,True,2.932842150561721e-10,0.011057857486043564,0.0823733209513815,0.0008402796074885721,0.09847844437018687,0.09833218597725553,0.008532624706477964,0.0,True,4.046049844154416,0.03452342486387328,0.00010725276310363796,0.05052618618558048
primary,4,1.5,880019,False,True,1674.0,3.519927364893178,2.421875,1372.0,2.520365887036127,1079.0,2.264767995298222,64000,0.01933035542409496,0.02195403878079418,0.021631994052178537,0.03376401927466327,9.202783471362608e-05,0.09943464205909525,0.9570724106701047,0.006999920687133212,123.48755687081702,0.007313888279604822,0.14758115730171095,0.1746976000658229,0.39058858859977397,0.453389363568796,True,4.726287289053693e-10,0.021611317445048992,0.0893882662883776,0.000934394959371948,0.1084811289904502,0.10811162858105874,0.00861343321246412,0.0,True,4.046049844154416,0.03485038010692492,9.202783471318199e-05,0.08566669660266345
primary,4,1.5,880020,False,True,1851.0,4.073907008346525,2.596875,1373.0,2.773221255337619,921.0,5.132021072302988,64000,0.033070338186400254,0.023436757910506683,0.02250322788373172,0.034709301067628595,9.187122594989106e-05,0.10186676804263595,0.9408680571102829,0.023160007701769313,120.12578833832227,0.02461557444398884,0.08091276021170346,0.17356000905018387,0.6094447440381334,0.5687728551996247,True,1.2406414318186926e-09,0.022584441576222178,0.09142384374010959,0.0006594613707085211,0.08841618466130162,0.08829477749512013,0.007458604702688071,0.0,False,4.046049844154416,0.030177886394920462,9.187122594989106e-05,0.09037297788653996
primary,4,1.5,880021,False,True,1678.0,3.965968431607107,2.4156250000000004,1034.0,2.550919904369905,453.0,1.6259560787596592,64000,0.03863131774553775,0.03297204667041555,0.03209081333090195,0.04296850364375839,0.0007684990709342365,0.1254201179844867,0.9408697676683794,0.009225296789166228,118.28001891627598,0.00980507303580169,0.14502389730194531,0.17079268648910206,0.5668023433509559,0.6417980570689186,True,5.424037954893102e-13,0.03304140574298402,0.09857956298379911,0.0005667134285651657,0.06996810977420267,0.06988267354539666,0.008099596093049145,0.0,True,4.046049844154416,0.03277136950999521,0.0007684990709342365,0.11037111251210087
primary,4,1.5,880022,False,False,,,2.4593749999999996,,,,20.316684333456323,64000,,,,,,,1.7019564992322098,2.233986138577754,0.07082522154136223,1.3125988470243244,-15.845463971529899,-6.778786927481942,,,,,,,,,,,,,,,,
primary,4,1.5,880023,False,True,1130.0,3.533696394163975,2.515625,801.0,2.642626505339415,331.0,4.617301081485866,64000,0.02590422792887593,0.02116149042435987,0.020939881833218012,0.029464497252950146,0.00019922245566172947,0.08741403656247426,0.9416172610941312,0.010098107237875,117.52296011434754,0.010724216361689567,0.14543650173545064,0.1721324740707355,0.39602820510181735,0.40469918774220126,True,5.655814562348371e-10,0.020861849312696246,0.08711209765784744,0.0007837414148390899,0.09579690108193634,0.09555938781709288,0.008181281502715267,0.0,True,4.046049844154416,0.03310187274904451,0.00019922245566172947,0.07444080647673139
primary,4,1.5,880024,False,True,1182.0,2.955127298042842,2.621875,1094.0,2.7480529001875325,475.0,43.78779008677222,64000,0.010715699547833937,0.006422364339660216,0.00659537990637451,0.00930199852257177,2.1685018121164745e-05,0.028994691661552885,0.9508745470456212,0.014416858357906152,120.10221848471848,0.015161682897811815,0.14157073291201216,0.17280746221350451,0.16745769799223398,0.12710457136318154,True,2.5993778744043405e-11,0.006293680467371297,0.09501341723590606,0.0008299463977099779,0.07819568544114552,0.07817358586733528,0.010613710884785866,0.0,True,4.046049844154416,0.04294360327128788,2.1685018121164745e-05,0.022644951635461038
primary,4,1.5,880025,False,True,1454.0,4.01847001396236,2.828125,799.0,2.420613871460066,345.0,2.183563661210017,64000,0.046104194133448406,0.0343869036774783,0.03314576960375246,0.04686229206499451,6.182493428719127e-05,0.13524917302453154,0.9486486648364142,0.002935945742614905,119.73763770085115,0.0030948715277232613,0.16616419804876648,0.17352479162816525,0.5875437092196978,0.4208954745502267,True,1.0304533112209802e-09,0.03376377155242373,0.09337648947923682,0.0006119227955131642,0.079764722884342,0.07967319330801169,0.0076715968336083335,0.0,True,4.046049844154416,0.031039663173036507,6.182493428719127e-05,0.12154259371627234
primary,4,1.5,880026,False,True,1071.0,3.3444056464327105,2.784375,768.0,2.541537377339423,327.0,0.8579037863768949,64000,0.031077835077421765,0.023628924978947533,0.023210351984317663,0.02739404841656664,0.00013517899300108382,0.08142746229577913,0.94741435445025,0.017048539325129387,119.74106630765563,0.017994807915932446,0.10661300143276531,0.17425563062729443,0.32124667513391025,0.20113334103082758,True,1.5431319416725486e-13,0.021994959297160204,0.10040649405633673,0.0008110685498837508,0.08110098831631113,0.08093516836913986,0.010000723378615446,0.0,True,4.046049844154416,0.040463425267478446,0.00013517899300108382,0.06972017435819798
primary,4,1.5,880027,False,True,3361.0,6.056223648060139,2.871875,1825.0,3.178665103694258,682.0,0.831480576532937,64000,0.0472647716102773,0.03190328160865137,0.02970772930122713,0.04752755424382564,5.972516147867424e-06,0.1363237541492044,0.9295279793052398,0.01793319958218194,119.54421418385688,0.01929280234854879,0.12630873081332394,0.17058647997869691,1.3925821819496846,1.1088047523169142,True,3.859137402001389e-12,0.030273252900007246,0.08823508584063333,0.0003205194937680079,0.06734924334684433,0.06725502149447231,0.004759065994510923,0.0,False,4.046049844154416,0.0192554182254115,5.972516147867424e-06,0.12760020564316488
primary,4,1.5,880028,False,False,,,2.3843750000000004,,,,2.4452250843642553,64000,,,,,,,0.09457058164708969,2.331733148482659,0.06561362592083732,24.65600938338329,-15.732859373625178,-0.40143796022803,,,,,,,,,,,,,,,,
primary,4,1.5,880029,False,False,,,2.6156249999999996,,,,39.62275962803839,64000,,,,,,,0.4941064577311476,2.5872815043112354,0.07864944151808292,5.236283525197363,-19.40348655790269,-3.2295636391073215,,,,,,,,,,,,,,,,
primary,4,1.5,880030,False,False,,,2.528125,,,,0.9689637096069837,64000,,,,,,,0.004252264862968322,1.0186673434323004,0.35880317573334003,239.5587707396977,-5.062676315202804,-0.0015205062861460839,,,,,,,,,,,,,,,,
primary,4,1.5,880031,False,False,,,2.515625,,,,2.4119690459160315,64000,,,,,,,0.9974081939037851,3.713525504609957,0.07798749378198036,3.723175252927772,-22.711284907701764,-0.6905711025240064,,,,,,,,,,,,,,,,
primary,4,1.5,880032,False,True,1522.0,3.3226785410596444,2.471875,1182.0,2.6227885276545906,519.0,2.310123134501455,64000,0.03494504937844628,0.020249245416826576,0.01995645234915024,0.024661415823203185,0.00020313581805497805,0.07366813965431174,0.9335208489070187,0.01249633294041354,122.2280159685775,0.013386238727334743,0.13685357936070952,0.17203601635092403,0.31266312733220514,0.3441935943604124,True,1.1326963672564361e-13,0.01908635602335859,0.12176699972433447,0.0006401701304846804,0.05375229023727281,0.053703052721410946,0.011909634504108531,0.0,False,4.046049844154416,0.04818697482928438,0.00020313581805497805,0.0625580955714951
primary,4,1.5,880033,False,True,1350.0,3.778968971295096,2.6656250000000004,783.0,2.377857329004995,374.0,1.0499561389066858,64000,0.033272439600895744,0.02716219766918174,0.025968869282710597,0.04349453434089835,1.83423215571743e-05,0.1259728773412796,0.9491502508128296,0.009125050172020116,117.3694254848481,0.009613915356610443,0.15140740157367594,0.17340942103581636,0.49292601335114905,0.41766714046240394,True,3.2541610682154665e-10,0.027833942021686375,0.10698426976307651,0.000656481846167779,0.07047564745473092,0.07023016851443857,0.009315016887066716,0.0,True,4.046049844154416,0.03768902262421204,1.83423215571743e-05,0.11373301687061177
primary,4,1.5,880034,False,True,1606.0,4.130610249690413,2.6781249999999996,1042.0,2.8491096687746276,384.0,1.6154023909090733,64000,0.03322152097619224,0.02461956579887324,0.02390153589409821,0.03482845648585389,6.5013054020290895e-06,0.10223900512371431,0.9540592258838612,0.008441869739727253,121.62444143911003,0.00884837074124672,0.15378350470830204,0.17379233717932951,0.631846024569052,0.5423515518097228,True,6.769155548591588e-13,0.023665257828802178,0.10833578626384543,0.0005562005025284538,0.06508407342081488,0.06490026663068844,0.008545877252215324,0.0,True,4.046049844154416,0.034577045324488576,6.5013054020290895e-06,0.08968685944763895
primary,4,1.5,880035,False,True,1546.0,3.8743316517926973,2.578125,1045.0,2.7438592740017693,418.0,0.9249721259732979,64000,0.01708669493391188,0.022191994120984132,0.021487877883667135,0.030369747107233745,0.002049356990756479,0.09155422148833159,0.9488383581257472,0.009080505477522071,123.29509149970002,0.009570128989577226,0.14553761098390527,0.17342270788352643,0.5306001587329174,0.5027710649377735,True,7.374150149015712e-10,0.022690586167602347,0.10894020044451835,0.0005923268689178715,0.06428856755357108,0.0642871525750503,0.009213564580114355,0.0,False,4.046049844154416,0.03727854153347833,0.002049356990756479,0.07841226259152664
primary,4,1.5,880036,False,True,1381.0,4.2864132957360175,2.7718749999999996,878.0,2.8244326679480833,409.0,1.5132742307501628,64000,0.05141867852049598,0.028543981329912697,0.02720585299739572,0.03676778440332683,0.00014042032891259382,0.10754425234275278,0.9478660437490348,0.019054026450402207,124.32048444109742,0.020102024517134318,0.1220258245556618,0.17331828901983437,0.6933978452290439,0.5463948755755645,True,2.5137444209510917e-14,0.026724129583763453,0.07155534725248636,0.0006745070867642373,0.12005829670434956,0.11992966186690426,0.005618163053114519,0.0,True,4.046049844154416,0.022731367745488094,0.00014042032891259382,0.0964405482573253
primary,4,1.5,880037,False,True,1704.0,4.0706134950053485,2.721875,1147.0,2.8752103394272384,412.0,61.50193082421216,64000,0.03564633886766052,0.023714777575420946,0.02284698278016532,0.03261943145948638,0.00012824462009408677,0.09608097166756835,0.9478319733915781,0.004233272685209573,117.95094317591165,0.004466269132135174,0.16255153803302447,0.17404315252260938,0.608143602965076,0.4955181611959949,True,9.189853813909923e-10,0.022765116310202775,0.1103587279842273,0.0005371390418149791,0.060687976019683315,0.06058319760107838,0.008850831367992324,0.0,True,4.046049844154416,0.035810904877102354,0.00012824462009408677,0.0846460306314472
primary,4,1.5,880038,False,True,3081.0,3.9087229555970238,2.878125,2868.0,3.0289509617316788,2575.0,0.8177535729646412,64000,0.032093895781297045,0.019879061623682852,0.01941011863940257,0.02303444557974535,0.00016340077761434202,0.06889037486727823,0.9517793145789775,0.003510888350865615,122.435368799912,0.003688763032656018,0.16618016379287637,0.17422568528986027,0.5441868466556143,0.3580796371238302,True,5.0081400398277465e-11,0.019060814587819032,0.08336556552512775,0.0010573012256967246,0.1408135236174393,0.14048539238400184,0.007508520478254557,0.0,False,4.046049844154416,0.03037984811087209,0.00016340077761434202,0.05897737819819179
primary,4,1.5,880039,False,True,2215.0,3.717577102740352,2.465625,1674.0,2.745427061124372,786.0,4.099540824662969,64000,0.02647946555061417,0.017490287079194845,0.017034727308499323,0.027617380684066457,0.002349476849604848,0.08406955835902608,0.9553880451390143,0.003554318743775443,119.97377353346813,0.003720288067094528,0.1610383632156447,0.17468630407390506,0.4686724356505094,0.5077625765233367,True,4.2078840412074214e-13,0.017449129002135265,0.10500729676016896,0.0005040679728998199,0.05518823390972109,0.05514033154501927,0.00913361304013447,0.0,False,4.046049844154416,0.03695505361760281,0.002349476849604848,0.07088988097548331
primary,1,1.3,880000,False,True,2780.0,5.476401077835359,5.315625,2780.0,5.476401077835359,1736.0,0.0,13289,0.0,0.0,0.0,0.0,3.276061858592527e-05,3.276061858592527e-05,0.7170265421968848,0.0,31.031162701796394,0.0,0.08152735721716953,0.08152735721716953,0.10494851507396885,0.030245940568674134,True,8.551265164719046e-13,0.0,0.06369868988580407,0.0004963130159470426,0.1308731469137763,0.1308731469137763,0.0037923212488657474,-1.0,True,7.6105432889477465,0.028861625030089152,3.276061858592527e-05,0.0
primary,1,1.3,880001,False,True,1676.0,5.11528983980565,4.996875,1676.0,5.11528983980565,790.0,0.0,13289,0.0,0.0,0.0,0.0,5.575521133582839e-05,5.575521133582839e-05,0.7220353339082272,0.0,34.08329775086313,0.0,0.08175633159812046,0.08175633159812046,0.032088744475288644,0.023697779073050595,True,9.421761821247487e-10,0.0,0.055326190297776634,0.0005703568376716017,0.160329327546352,0.160329327546352,0.0035574080325803696,-1.0,True,7.6105432889477465,0.027073807828403337,5.575521133582839e-05,0.0
primary,1,1.3,880002,False,True,3024.0,5.240563533889314,4.640625,3024.0,5.240563533889314,1552.0,0.0,13289,0.0,0.0,0.0,0.0,3.7788784870151915e-06,3.7788784870151915e-06,0.7177909764360553,0.0,29.845879418918525,0.0,0.08190425337517215,0.08190425337517215,0.05736464744298875,0.12927968407042445,True,8.466144636471579e-10,0.0,0.056859374137591345,0.00040449005827907945,0.11602908670857671,0.11602908670857671,0.003486109127920767,-1.0,False,7.6105432889477465,0.026531184428036876,3.7788784870151915e-06,0.0
primary,1,1.3,880003,False,True,3703.0,5.593883896567336,5.434375,3703.0,5.593883896567336,1883.0,0.0,13289,0.0,0.0,0.0,0.0,3.011916786643809e-06,3.011916786643809e-06,0.722815800255772,0.0,28.275522838716398,0.0,0.08190823286391113,0.08190823286391113,0.12865248858861733,0.029351838356266535,True,1.0387723667348858e-12,0.0,0.05995845241453068,0.0003603262572603937,0.10511082589950986,0.10511082589950986,0.0034280603751023703,-1.0,False,7.6105432889477465,0.026089401881843038,3.011916786643809e-06,0.0
primary,1,1.3,880004,False,True,2578.0,6.149534130959796,6.009375,2578.0,6.149534130959796,1085.0,0.0,13289,0.0,0.0,0.0,0.0,3.521156642039003e-05,3.521156642039003e-05,0.723858360222533,0.0,32.232662668689215,0.0,0.08229117528280883,0.08229117528280883,0.24076350687713388,0.02332341232820312,True,9.652712656960105e-13,0.0,0.05551469023434663,0.0004111625206523862,0.14069998757493316,0.14069998757493316,0.002922264086437191,-1.0,False,7.6105432889477465,0.022240017331567583,3.521156642039003e-05,0.0
primary,1,1.3,880005,False,True,2074.0,5.16977323105088,5.009375,2074.0,5.16977323105088,912.0,0.0,13289,0.0,0.0,0.0,0.0,3.973209539864797e-05,3.973209539864797e-05,0.7145019020811019,0.0,32.2212472523324,0.0,0.0812942280443738,0.0812942280443738,0.04308161030030355,0.032019609442471175,True,1.1654293840743235e-09,0.0,0.06457070933010023,0.00046828838815535934,0.11595356988015416,0.11595356988015416,0.004038585346180949,-1.0,True,7.6105432889477465,0.030735828603220133,3.973209539864797e-05,0.0
primary,1,1.3,880006,False,True,3433.0,5.24019591369745,5.084375,3433.0,5.24019591369745,2414.0,0.0,13289,0.0,0.0,0.0,0.0,1.5840378511544628e-05,1.5840378511544628e-05,0.7119970483034666,0.0,29.072936255765466,0.0,0.08128315728983138,0.08128315728983138,0.05729047439040591,0.030647014371963266,True,7.315120731377078e-13,0.0,0.06358518229630228,0.0005001481942122508,0.12655222085613252,0.12655222085613252,0.0039521091832977855,-1.0,False,7.6105432889477465,0.03007769802213572,1.5840378511544628e-05,0.0
primary,1,1.3,880007,False,True,7732.0,5.828624062794927,5.665625,7732.0,5.828624062794927,6806.0,0.0,13289,0.0,0.0,0.0,0.0,7.683114499945631e-05,7.683114499945631e-05,0.7336208258263539,0.0,19.68663240736575,0.0,0.0833641520634929,0.0833641520634929,0.17601494331297385,0.02876982906474157,True,1.0388213123914414e-09,0.0,0.06274890972355962,0.0005301959788732415,0.14946056670527116,0.14946056670527116,0.0035473970864754027,-1.0,True,7.6105432889477465,0.026997619089708165,7.683114499945631e-05,0.0
primary,1,1.3,880008,False,True,13289.0,5.13123331587371,4.965625,13289.0,5.13123331587371,12687.0,0.0,13289,0.0,0.0,0.0,0.0,5.628968239568266e-05,5.628968239568266e-05,0.8373385602362323,0.0,5.13123331587371,0.0,5.628968239568266e-05,5.628968239568266e-05,0.0353055870615302,0.03335095096260998,True,8.575906911695297e-13,0.0,0.06624396704627955,0.0007223450879713573,0.16556774534839275,0.16556774534839275,0.004362837015454771,-1.0,False,7.6105432889477465,0.03320355996874212,5.628968239568266e-05,0.0
primary,1,1.3,880009,False,True,2416.0,4.836562039384623,4.690625,2416.0,4.836562039384623,1275.0,0.0,13289,0.0,0.0,0.0,0.0,9.294248164559704e-05,9.294248164559704e-05,0.7204841726577238,0.0,31.12784425202512,0.0,0.08116094607124547,0.08116094607124547,-0.02414889495392225,0.031112493406448616,True,8.351787620861084e-10,0.0,0.059432338524457506,0.00046271287626661965,0.11683077711993045,0.11683077711993045,0.003960539231812439,-1.0,False,7.6105432889477465,0.03014185527128442,9.294248164559704e-05,0.0
primary,1,1.3,880010,False,True,3220.0,4.989869136307013,4.859375,3220.0,4.989869136307013,1770.0,0.0,13289,0.0,0.0,0.0,0.0,1.5533927266275782e-05,1.5533927266275782e-05,0.727792203199831,0.0,28.81027366253126,0.0,0.08239267438847797,0.08239267438847797,0.006783180087165164,0.026854098789867775,True,6.44917536041234e-10,0.0,0.05840601041949611,0.0003976459689763395,0.10590044830597718,0.10590044830597718,0.0037549035470314978,-1.0,True,7.6105432889477465,0.028576855990506654,1.5533927266275782e-05,0.0
primary,1,1.3,880011,False,True,6265.0,5.523874803261908,5.346875,6265.0,5.523874803261908,5331.0,0.0,13289,0.0,0.0,0.0,0.0,4.79659646366315e-05,4.79659646366315e-05,0.7258021245362386,0.0,22.901017498757508,0.0,0.08240948632645173,0.08240948632645173,0.11452707253708083,0.03310341148089457,True,9.074746162851532e-13,0.0,0.06386489281682017,0.000531825706180788,0.14018404462814116,0.14018404462814116,0.0037937677400558248,-1.0,False,7.6105432889477465,0.028872633613908315,4.79659646366315e-05,0.0
primary,1,1.3,880012,False,True,1779.0,4.997890947669072,4.846875,1779.0,4.997890947669072,799.0,0.0,13289,0.0,0.0,0.0,0.0,5.8454864070522916e-05,5.8454864070522916e-05,0.716812688055932,0.0,33.06793607830204,0.0,0.08187769606627882,0.08187769606627882,0.008401704447732028,0.031157384432045854,True,5.230356078800291e-13,0.0,0.06197620418438454,0.0005216719191386772,0.12916562927443317,0.12916562927443317,0.004038782778894695,-1.0,True,7.6105432889477465,0.03073733117343475,5.8454864070522916e-05,0.0
primary,1,1.3,880013,False,True,1935.0,5.681280439635885,5.521875,1935.0,5.681280439635885,692.0,0.0,13289,0.0,0.0,0.0,0.0,6.866290051021906e-05,6.866290051021906e-05,0.7219906307699451,0.0,33.245851821997135,0.0,0.081790021988569,0.081790021988569,0.14628609122539915,0.028867991331908982,True,8.421647927636666e-12,0.0,0.06289050633948179,0.000454852704575687,0.12667591361703212,0.12667591361703212,0.0035906802768425434,-1.0,True,7.6105432889477465,0.027327027683681056,6.866290051021906e-05,0.0
primary,1,1.3,880014,False,True,5228.0,5.79559962180019,5.646875,5228.0,5.79559962180019,4320.0,0.0,13289,0.0,0.0,0.0,0.0,5.086296927636624e-05,5.086296927636624e-05,0.7251472348426354,0.0,25.991267844775553,0.0,0.08253887317633479,0.08253887317633479,0.1693517521917154,0.026337509117908775,True,8.298860904032423e-11,0.0,0.06090779273171876,0.0005413774350107531,0.15561208657132317,0.15561208657132317,0.0034790191876427185,-1.0,False,7.6105432889477465,0.026477226130634732,5.086296927636624e-05,0.0
primary,1,1.3,880015,False,True,4723.0,5.230807899554068,5.071875,4723.0,5.230807899554068,4079.0,0.0,13289,0.0,0.0,0.0,0.0,5.0811364058933606e-05,5.0811364058933606e-05,0.7237600117545354,0.0,27.07694086124309,0.0,0.08202179662453091,0.08202179662453091,0.05539629751406161,0.03133612314066636,True,1.1273334730999007e-09,0.0,0.06080126169175948,0.0006983826864572621,0.17795249414086883,0.17795249414086883,0.003924545648145937,-1.0,False,7.6105432889477465,0.029867924544666143,5.0811364058933606e-05,0.0
primary,1,1.3,880016,False,True,11554.0,5.657454269176744,5.496875,11554.0,5.657454269176744,10781.0,0.0,13289,0.0,0.0,0.0,0.0,3.3982399770149385e-05,3.3982399770149385e-05,0.7590498784987705,0.0,10.484427904130115,0.0,0.06933967761416904,0.06933967761416904,0.14147879327651824,0.029212828957679404,True,1.077207651203893e-09,0.0,0.06328178960897901,0.0006002038100600648,0.1610342052260599,0.1610342052260599,0.0037271821177215013,-1.0,True,7.6105432889477465,0.028365880852711422,3.3982399770149385e-05,0.0
primary,1,1.3,880017,False,True,2609.0,5.378078551591399,5.234375,2609.0,5.378078551591399,1218.0,0.0,13289,0.0,0.0,0.0,0.0,3.830894317324862e-05,3.830894317324862e-05,0.7295033052181464,0.0,31.101438285429232,0.0,0.08265338504097519,0.08265338504097519,0.0851104265505973,0.02745381284134174,True,5.0610019647345794e-11,0.0,0.05922917136738448,0.00042180035221155805,0.11877788667229011,0.11877788667229011,0.003551169026734002,-1.0,False,7.6105432889477465,0.02702632560432956,3.830894317324862e-05,0.0
primary,1,1.3,880018,False,True,2061.0,4.988863957739235,5.378125,2061.0,4.988863957739235,1014.0,0.0,13289,0.0,0.0,0.0,0.0,3.0264350963538078e-05,3.0264350963538078e-05,0.7220330472119381,0.0,32.36648966796483,0.0,0.08237417939969127,0.08237417939969127,0.006580369783452111,-0.07237857845638862,True,3.1962084888481623e-13,0.0,0.05554076057393331,0.0005024591831935626,0.1385396302098735,0.1385396302098735,0.0036268263632029895,-1.0,False,7.6105432889477465,0.027602119038653273,3.0264350963538078e-05,0.0
primary,1,1.3,880019,False,True,2873.0,4.876385963842786,4.740625,2873.0,4.876385963842786,2140.0,0.0,13289,0.0,0.0,0.0,0.0,2.6370997810332142e-05,2.6370997810332142e-05,0.7265241733212783,0.0,30.650591665321684,0.0,0.08167174531463939,0.08167174531463939,-0.016113803007760885,0.028637777475076787,True,6.810723083595926e-10,0.0,0.06261761414705802,0.0006216956041943079,0.14621932936032667,0.14621932936032667,0.00425180177555233,-1.0,False,7.6105432889477465,0.0323585214688659,2.6370997810332142e-05,0.0
primary,1,1.3,880020,False,True,4100.0,5.217172120685827,5.071875,4100.0,5.217172120685827,3220.0,0.0,13289,0.0,0.0,0.0,0.0,2.7095991661951757e-05,2.7095991661951757e-05,0.717536247062569,0.0,27.88145515818505,0.0,0.08179306777377882,0.08179306777377882,0.052645068486421476,0.028647614676195143,True,5.089284896286905e-11,0.0,0.060929049534847124,0.0005548438038077229,0.14467014088952673,0.14467014088952673,0.0038352337282329305,-1.0,True,7.6105432889477465,0.029188212311949173,2.7095991661951757e-05,0.0
primary,1,1.3,880021,False,True,2282.0,4.891380543286948,4.740625,2282.0,4.891380543286948,1179.0,0.0,13289,0.0,0.0,0.0,0.0,5.6327339739148385e-06,5.6327339739148385e-06,0.7216455581384474,0.0,31.309002239131793,0.0,0.08121397806641362,0.08121397806641362,-0.013088414973629892,0.03180077379816959,True,5.075468691162488e-12,0.0,0.06436244898631216,0.00047358949047121167,0.11158927936324854,0.11158927936324854,0.004244041122710094,-1.0,False,7.6105432889477465,0.03229945868445957,5.6327339739148385e-06,0.0
primary,1,1.3,880022,False,True,8000.0,4.988713291029439,4.821875,8000.0,4.988713291029439,7328.0,0.0,13289,0.0,0.0,0.0,0.0,8.453140518405178e-05,8.453140518405178e-05,0.7363365041065513,0.0,18.37301399857746,0.0,0.08249817750015298,0.08249817750015298,0.006549970447301545,0.03460029366780337,True,4.623653890312163e-13,0.0,0.06712595419547362,0.0006612832103740914,0.1479070667126892,0.1479070667126892,0.0044709372247820995,-1.0,False,7.6105432889477465,0.03402626129137207,8.453140518405178e-05,0.0
primary,1,1.3,880023,False,True,1937.0,5.101057734285142,4.928125,1937.0,5.101057734285142,891.0,0.0,13289,0.0,0.0,0.0,0.0,5.833252568399061e-05,5.833252568399061e-05,0.7156173625723883,0.0,32.39272411854068,0.0,0.08108250002691575,0.08108250002691575,0.029217197333698097,0.035090979690073354,True,1.0942867406486811e-09,0.0,0.06821310814625292,0.0004955749726340098,0.11439429143169166,0.11439429143169166,0.0043321652368460434,-1.0,False,7.6105432889477465,0.03297013106989138,5.833252568399061e-05,0.0
primary,1,1.3,880024,False,True,2370.0,5.289205284306978,5.109375,2370.0,5.289205284306978,1186.0,0.0,13289,0.0,0.0,0.0,0.0,4.27189030460795e-06,4.27189030460795e-06,0.7250477439733805,0.0,31.475094269967403,0.0,0.08164478188581858,0.08164478188581858,0.06717887199131956,0.035196141271090386,True,1.0295195527251083e-09,0.0,0.06698697155335687,0.0004587549376043232,0.11203066589875568,0.11203066589875568,0.0040949050326890765,-1.0,False,7.6105432889477465,0.031164452015410203,4.27189030460795e-06,0.0
primary,1,1.3,880025,False,True,2154.0,5.644830394301898,5.515625,2154.0,5.644830394301898,860.0,0.0,13289,0.0,0.0,0.0,0.0,3.0137180120348717e-06,3.0137180120348717e-06,0.7166223917461771,0.0,32.78739840288815,0.0,0.0819302329469691,0.0819302329469691,0.1389317315111014,0.02342534060997581,True,1.0551488528395825e-09,0.0,0.05751972265645833,0.0004473220235468993,0.13513966834118413,0.13513966834118413,0.003310071935484963,-1.0,True,7.6105432889477465,0.02519144575453936,3.0137180120348717e-06,0.0
primary,1,1.3,880026,False,True,1588.0,4.876057682104874,5.465625,1588.0,4.876057682104874,705.0,0.0,13289,0.0,0.0,0.0,0.0,3.800092752914708e-05,3.800092752914708e-05,0.7178047632015504,0.0,33.546091670158596,0.0,0.0815204785531698,0.0815204785531698,-0.016180038919571538,-0.1078682342632592,True,7.142554559955161e-10,0.0,0.059686224818397804,0.0005602743662579395,0.13937649250477768,0.13937649250477768,0.004019862719954255,-1.0,False,7.6105432889477465,0.03059333924583909,3.800092752914708e-05,0.0
primary,1,1.3,880027,False,True,3336.0,5.782269804026708,5.640625,3336.0,5.782269804026708,1656.0,0.0,13289,0.0,0.0,0.0,0.0,3.208384730335467e-05,3.208384730335467e-05,0.7188709465872006,0.0,29.727224153106647,0.0,0.08222323980701329,0.08222323980701329,0.16666225554132796,0.025111544204180936,True,8.067045295656605e-13,0.0,0.05545968063532669,0.0003822213779531289,0.1240097067741025,0.1240097067741025,0.003082189192249182,-1.0,True,7.6105432889477465,0.023457134272339288,3.208384730335467e-05,0.0
primary,1,1.3,880028,False,True,3851.0,5.230157325948887,4.665625,3851.0,5.230157325948887,2166.0,0.0,13289,0.0,0.0,0.0,0.0,2.0860234444253223e-05,2.0860234444253223e-05,0.7153116189270164,0.0,27.379584670207315,0.0,0.08196146402762894,0.08196146402762894,0.05526503423937168,0.12099822123485837,True,5.929803089527175e-12,0.0,0.0584769186573304,0.000368445638439039,0.1029206803359432,0.1029206803359432,0.003579898978867962,-1.0,True,7.6105432889477465,0.02724497614873446,2.0860234444253223e-05,0.0
primary,1,1.3,880029,False,True,8499.0,5.303858923463748,5.140625,8499.0,5.303858923463748,7766.0,0.0,13289,0.0,0.0,0.0,0.0,9.606731919298284e-06,9.606731919298284e-06,0.738340199029359,0.0,17.613574028386584,0.0,0.08345167647856533,0.08345167647856533,0.07013547005573706,0.03175371155525797,True,1.0234629433010511e-09,0.0,0.06473875604827839,0.0006266439674166076,0.1539489857778817,0.1539489857778817,0.004070465058605403,-1.0,True,7.6105432889477465,0.030978450534665646,9.606731919298284e-06,0.0
primary,1,1.3,880030,False,True,2134.0,5.136457833039384,4.959375,2134.0,5.136457833039384,983.0,0.0,13289,0.0,0.0,0.0,0.0,5.354949508085127e-05,5.354949508085127e-05,0.7185116449712732,0.0,32.11482757879598,0.0,0.08156874614888299,0.08156874614888299,0.036359714106306784,0.035706683410587914,True,5.048175419353207e-13,0.0,0.061020302220066824,0.00047188733112086385,0.12260461070912027,0.12260461070912027,0.003848854691447271,-1.0,False,7.6105432889477465,0.02929187524212908,5.354949508085127e-05,0.0
primary,1,1.3,880031,False,True,3418.0,5.113949266451304,4.946875,3418.0,5.113949266451304,1922.0,0.0,13289,0.0,0.0,0.0,0.0,1.2378298360538054e-05,1.2378298360538054e-05,0.7242949560755394,0.0,28.242606241305907,0.0,0.08141858934406265,0.08141858934406265,0.0318182630923185,0.03377369884044046,True,6.784382083901974e-13,0.0,0.06532278279721204,0.0003908199209942407,0.09574205873278428,0.09574205873278428,0.004082008744819428,-1.0,False,7.6105432889477465,0.031066304258311514,1.2378298360538054e-05,0.0
primary,1,1.3,880032,False,True,2543.0,4.990599680183937,4.834375,2543.0,4.990599680183937,1301.0,0.0,13289,0.0,0.0,0.0,0.0,3.275818158021693e-05,3.275818158021693e-05,0.7126193263503846,0.0,30.622512830032687,0.0,0.08085349946505094,0.08085349946505094,0.006930578599533277,0.03231538310204263,True,1.0929704858178568e-09,0.0,0.06587820351268903,0.00043986037905756575,0.1035675898173062,0.1035675898173062,0.004247085211053785,-1.0,True,7.6105432889477465,0.032322625850574604,3.275818158021693e-05,0.0
primary,1,1.3,880033,False,True,1746.0,4.4755468275758,5.203125,1746.0,4.4755468275758,950.0,0.0,13289,0.0,0.0,0.0,0.0,7.947621655324255e-05,7.947621655324255e-05,0.7117179150869208,0.0,32.625510485302534,0.0,0.0809252488474268,0.0809252488474268,-0.09698929077915763,-0.13983484394939572,True,3.681967924995533e-13,0.0,0.06346961545617269,0.0005738517627077121,0.12405783597141579,0.12405783597141579,0.004625679290745758,-1.0,False,7.6105432889477465,0.0352039324830097,7.947621655324255e-05,0.0
primary,1,1.3,880034,False,True,2324.0,5.4086813091862185,5.246875,2324.0,5.4086813091862185,1014.0,0.0,13289,0.0,0.0,0.0,0.0,7.106483490515458e-05,7.106483490515458e-05,0.7210040064420182,0.0,31.69840335155543,0.0,0.08179730724615553,0.08179730724615553,0.0912850056365635,0.030838605681709375,True,7.112474238041289e-12,0.0,0.06316141630101058,0.00043692455539679246,0.11602287797035295,0.11602287797035295,0.0037658482795818837,-1.0,False,7.6105432889477465,0.028660151351367322,7.106483490515458e-05,0.0
primary,1,1.3,880035,False,True,2273.0,5.200682086606944,5.053125,2273.0,5.200682086606944,1051.0,0.0,13289,0.0,0.0,0.0,0.0,4.282516133402581e-05,4.282516133402581e-05,0.722437158849065,0.0,31.541374037455544,0.0,0.0823020874457554,0.0823020874457554,0.04931794937845013,0.029201155048993455,True,4.284346098379355e-12,0.0,0.062108098791400224,0.0004533546707184472,0.11747679440192332,0.11747679440192332,0.003859099773929692,-1.0,True,7.6105432889477465,0.029369845885860384,4.282516133402581e-05,0.0
primary,1,1.3,880036,False,True,1763.0,5.560548899854196,5.434375,1763.0,5.560548899854196,745.0,0.0,13289,0.0,0.0,0.0,0.0,8.177843198620138e-06,8.177843198620138e-06,0.7145298752888234,0.0,34.62524629029509,0.0,0.08159710551177879,0.08159710551177879,0.12192663805380999,0.023217738903589913,True,1.2113128724892952e-09,0.0,0.04955454225505562,0.0005347156590875183,0.1804420246401606,0.1804420246401606,0.0029633654363713444,-1.0,False,7.6105432889477465,0.022552820934475644,8.177843198620138e-06,0.0
primary,1,1.3,880037,False,True,2094.0,5.430251194110325,5.303125,2094.0,5.430251194110325,855.0,0.0,13289,0.0,0.0,0.0,0.0,4.191812325116118e-05,4.191812325116118e-05,0.7178542852386962,0.0,32.42239979843641,0.0,0.08192219168683934,0.08192219168683934,0.09563706312440345,0.0239719399618763,True,5.38940636909957e-13,0.0,0.06125812760641125,0.0004539811989575126,0.12416740153956983,0.12416740153956983,0.0036562027821194056,-1.0,False,7.6105432889477465,0.027825689546490923,4.191812325116118e-05,0.0
primary,1,1.3,880038,False,True,2568.0,5.77458636391479,5.653125,2568.0,5.77458636391479,1297.0,0.0,13289,0.0,0.0,0.0,0.0,3.9407636863941775e-05,3.9407636863941775e-05,0.7220755850557711,0.0,32.70199125400035,0.0,0.08257988983509712,0.08257988983509712,0.1651120028075237,0.021485702848387467,True,1.037140973797479e-09,0.0,0.04371831119843961,0.00046723209862133087,0.1867622016612069,0.1867622016612069,0.002501748718238533,-1.0,True,7.6105432889477465,0.019039666918223896,3.9407636863497686e-05,0.0
primary,1,1.3,880039,False,True,3371.0,5.222223902246503,4.853125,3371.0,5.222223902246503,1820.0,0.0,13289,0.0,0.0,0.0,0.0,5.0682687577463525e-05,5.0682687577463525e-05,0.7226815293891031,0.0,28.69564008769389,0.0,0.08205824759439828,0.08205824759439828,0.05366434345452764,0.07605386266508751,True,6.413593614529312e-13,0.0,0.060601267443683327,0.0003880143415157804,0.10431708559611243,0.10431708559611243,0.0037195665436634906,-1.0,True,7.6105432889477465,0.028307922196672743,5.0682687577463525e-05,0.0
primary,1,1.5,880000,False,True,1820.0,2.8844751476228816,2.7093749999999996,1820.0,2.8844751476228816,1461.0,0.0,13090,0.0,0.0,0.0,0.0,0.00032792168308404257,0.00032792168308404257,0.8865749825824847,0.0,25.965672310510023,0.0,0.16713688783345004,0.16713688783345004,0.13954573733249642,0.06462750546634632,True,5.322381053680242e-10,0.0,0.12863017874470906,0.0013620104061304625,0.08662632104236499,0.08662632104236499,0.015722824076349326,0.0,False,4.046049844154416,0.06361532990378048,0.00032792168308404257,0.0
primary,1,1.5,880001,False,True,813.0,2.6801312380109494,2.546875,813.0,2.6801312380109494,443.0,0.0,13090,0.0,0.0,0.0,0.0,0.0003128244286783044,0.0003128244286783044,0.8961185627218674,0.0,28.196397923131883,0.0,0.1680542072938156,0.1680542072938156,0.05881727921420232,0.05232146768528079,True,2.2146328824620976e-10,0.0,0.10800096189936337,0.0013287998992336308,0.09411141635419892,0.09411141635419892,0.014119433653325783,0.0,False,4.046049844154416,0.057127932332587394,0.0003128244286783044,0.0
primary,1,1.5,880002,False,True,1468.0,2.753282106634364,2.3656249999999996,1468.0,2.753282106634364,634.0,0.0,13090,0.0,0.0,0.0,0.0,0.00011137107573366833,0.00011137107573366833,0.8870023779500784,0.0,25.339314604883707,0.0,0.16807278069094433,0.16807278069094433,0.08771638780616842,0.16387090372918967,True,2.1859948161513654e-10,0.0,0.1125423252228801,0.0006977933563752469,0.05258741354074245,0.05258741354074245,0.013269208530946798,0.0,True,4.046049844154416,0.05368787910868974,0.00011137107573366833,0.0
primary,1,1.5,880003,False,True,1886.0,2.937688159438661,2.765625,1886.0,2.937688159438661,799.0,0.0,13090,0.0,0.0,0.0,0.0,4.9456352041232776e-05,4.9456352041232776e-05,0.8896629452517895,0.0,24.134967211435434,0.0,0.16742274281229097,0.16742274281229097,0.16056816175354505,0.06221492770663439,True,5.002919454578925e-10,0.0,0.11908872463318865,0.0005783897545730194,0.04445730573471284,0.04445730573471284,0.013010004655351959,0.0,True,4.046049844154416,0.052639127308235015,4.9456352041232776e-05,0.0
primary,1,1.5,880004,False,True,1266.0,3.210106528808343,3.059375,1266.0,3.210106528808343,594.0,0.0,13090,0.0,0.0,0.0,0.0,0.00015686158139471829,0.00015686158139471829,0.8945300883189745,0.0,26.978775056549743,0.0,0.16863096351312956,0.16863096351312956,0.26819023360329597,0.04926873260333986,True,2.6922257825856555e-11,0.0,0.10876487696288173,0.0008463131313327263,0.07490623783507998,0.07490623783507998,0.011298299791748213,0.0,True,4.046049844154416,0.045713484111612725,0.00015686158139471829,0.0
primary,1,1.5,880005,False,True,947.0,2.73237355046513,2.559375,947.0,2.73237355046513,348.0,0.0,13090,0.0,0.0,0.0,0.0,0.00014576776952512915,0.00014576776952512915,0.8832726266875552,0.0,26.773686714371273,0.0,0.16699238697367003,0.16699238697367003,0.07945621746770559,0.06759406123179668,True,8.063692170587333e-10,0.0,0.12922657599885312,0.0009060055409111446,0.05808829950600536,0.05808829950600536,0.015597040171876245,0.0,False,4.046049844154416,0.06310640195669004,0.00014576776952512915,0.0
primary,1,1.5,880006,False,True,2535.0,2.7704986285433035,2.596875,2535.0,2.7704986285433035,2186.0,0.0,13090,0.0,0.0,0.0,0.0,0.00030116822255088493,0.00030116822255088493,0.8796621832166794,0.0,24.297026920614222,0.0,0.16684226155451753,0.16684226155451753,0.09451797670846562,0.0668586776580713,True,2.345131328712613e-10,0.0,0.12767206402725417,0.0013967029726897643,0.08598257593456818,0.08598257593456818,0.016244023367625558,0.0,True,4.046049844154416,0.06572412821502208,0.00030116822255088493,0.0
primary,1,1.5,880007,False,True,6913.0,3.0639300775355354,2.8843750000000004,6913.0,3.0639300775355354,6637.0,0.0,13090,0.0,0.0,0.0,0.0,0.0004221918830054072,0.0004221918830054072,0.8860482445174183,0.0,16.475311058828456,0.0,0.16796613915440162,0.16796613915440162,0.21044151211280404,0.06225094779130136,True,4.875729930475109e-10,0.0,0.12707036693217866,0.001775059052563095,0.11395320934480506,0.11395320934480506,0.015577086970776194,0.0,False,4.046049844154416,0.0630256703104888,0.0004221918830054072,0.0
primary,1,1.5,880008,False,True,13090.0,2.7166905311115372,2.534375,13090.0,2.7166905311115372,12923.0,0.0,13090,0.0,0.0,0.0,0.0,0.00045635063936400044,0.00045635063936400044,1.0269301967337578,0.0,2.7166905311115372,0.0,0.00045635063936400044,0.00045635063936400044,0.07326045673542203,0.07193707762724033,True,3.2470710148446713e-12,0.0,0.13485162469645573,0.0030170069710228685,0.1398535008836298,0.1398535008836298,0.02157262386683676,0.0,True,4.046049844154416,0.0872839114344167,0.00045635063936400044,0.0
primary,1,1.5,880009,False,True,1139.0,2.564234154960592,2.4156250000000004,1139.0,2.564234154960592,551.0,0.0,13090,0.0,0.0,0.0,0.0,5.263727133719698e-06,5.263727133719698e-06,0.8895246611328208,0.0,26.376792638100795,0.0,0.1666956636227006,0.1666956636227006,0.013030777268381977,0.06151996065638965,True,2.8989718611760473e-12,0.0,0.11647140510047205,0.0008859574324555379,0.05932761608244377,0.05932761608244377,0.014933305785022272,0.0,True,4.046049844154416,0.060420899544199595,5.263727133719698e-06,0.0
primary,1,1.5,880010,False,True,1595.0,2.630956941832195,2.4906249999999996,1595.0,2.630956941832195,743.0,0.0,13090,0.0,0.0,0.0,0.0,8.416045193904154e-05,8.416045193904154e-05,0.900741167252491,0.0,24.470874102472187,0.0,0.16931833489509307,0.16931833489509307,0.03939039677321299,0.056344066984068464,True,3.9813890032047716e-10,0.0,0.11606649399552627,0.0006631753487353412,0.04649792082033901,0.04649792082033901,0.014262473182354782,0.0,False,4.046049844154416,0.0577066773967231,8.416045193904154e-05,0.0
primary,1,1.5,880011,False,True,5624.0,2.909709816430312,2.721875,5624.0,2.909709816430312,5337.0,0.0,13090,0.0,0.0,0.0,0.0,0.00022842184949967148,0.00022842184949967148,0.8815403418234583,0.0,18.87361266353365,0.0,0.16680272499207316,0.16680272499207316,0.14951498920703687,0.06900934702376582,True,2.7522324697049072e-12,0.0,0.12901004445812525,0.0017100884310890525,0.10475498001085304,0.10475498001085304,0.01632465044537148,0.0,True,4.046049844154416,0.06605034939037059,0.00022842184949967148,0.0
primary,1,1.5,880012,False,True,808.0,2.6399543210085707,2.471875,808.0,2.6399543210085707,344.0,0.0,13090,0.0,0.0,0.0,0.0,0.00033630121268046764,0.00033630121268046764,0.8900435480958137,0.0,27.544628944460623,0.0,0.16877054441520078,0.16877054441520078,0.042944916941657585,0.06799669117919427,True,2.329289105346133e-13,0.0,0.12381217828258873,0.0010893010261548612,0.06882627333178615,0.06882627333178615,0.015826819809111874,0.0,False,4.046049844154416,0.06403610182211712,0.00033630121268046764,0.0
primary,1,1.5,880013,False,True,846.0,2.988535682810513,2.815625,846.0,2.988535682810513,259.0,0.0,13090,0.0,0.0,0.0,0.0,0.00024641843771089356,0.00024641843771089356,0.8927241070391267,0.0,27.475364064646154,0.0,0.16745213078733823,0.16745213078733823,0.1806560722214372,0.06141111931117016,True,5.202026327061349e-10,0.0,0.1275181111533552,0.0009290546669760201,0.06530160316743101,0.06530160316743101,0.014227134127074288,0.0,False,4.046049844154416,0.05756369381761289,0.00024641843771089356,0.0
primary,1,1.5,880014,False,True,4762.0,3.0474190599521545,2.8843750000000004,4762.0,3.0474190599521545,4493.0,0.0,13090,0.0,0.0,0.0,0.0,0.0003107136576274705,0.0003107136576274705,0.8875485957980209,0.0,21.138575422937464,0.0,0.16777809562374735,0.16777809562374735,0.20391864096875234,0.056526651337691636,True,8.093959530386385e-14,0.0,0.12306571968676394,0.0018254642546395028,0.11897493881414806,0.11897493881414806,0.015343267017695877,0.0,True,4.046049844154416,0.06207962312576799,0.0003107136576274705,0.0
primary,1,1.5,880015,False,True,4694.0,2.7547965576126674,2.578125,4694.0,2.7547965576126674,4513.0,0.0,13090,0.0,0.0,0.0,0.0,7.436453649800612e-05,7.436453649800612e-05,0.8874749868551733,0.0,21.336977868579986,0.0,0.16721326328554031,0.16721326328554031,0.08831468942722664,0.06852714961945883,True,2.4947648114004295e-12,0.0,0.12349497762922912,0.0027517357380179032,0.14536668294223373,0.14536668294223373,0.01892961772479459,0.0,True,4.046049844154416,0.07659017684530782,7.436453649800612e-05,0.0
primary,1,1.5,880016,False,True,11026.0,2.9822027777313047,2.809375,11026.0,2.9822027777313047,10805.0,0.0,13090,0.0,0.0,0.0,0.0,0.00029309735736582354,0.00029309735736582354,0.8971265152259962,0.0,8.828310601669264,0.0,0.1699939869637097,0.1699939869637097,0.1781541837950833,0.061518230115703565,True,4.3293832407975685e-10,0.0,0.12782566775884874,0.002217303794747322,0.12993118679877172,0.12993118679877172,0.017065216206955197,0.0,False,4.046049844154416,0.06904671537461249,0.00029309735736582354,0.0
primary,1,1.5,880017,False,True,1253.0,2.828570408762924,2.671875,1253.0,2.828570408762924,503.0,0.0,13090,0.0,0.0,0.0,0.0,0.0002336449067672497,0.0002336449067672497,0.904269804542269,0.0,26.229209138729704,0.0,0.16984661575210058,0.16984661575210058,0.11745991457300708,0.05864623485863829,True,1.6583756937138538e-12,0.0,0.11767813819768591,0.0007674323934897641,0.05637613811168135,0.05637613811168135,0.01361271664209204,0.0,True,4.046049844154416,0.05507773004825472,0.0002336449067672497,0.0
primary,1,1.5,880018,False,True,956.0,2.6128182611396675,2.746875,956.0,2.6128182611396675,439.0,0.0,13090,0.0,0.0,0.0,0.0,0.00013421191395623921,0.00013421191395623921,0.8918497433594944,0.0,27.072722715246037,0.0,0.16866812937243925,0.16866812937243925,0.03222449822801687,-0.048803363407629585,True,1.3045636370213193e-10,0.0,0.1095090651071784,0.001008478588179822,0.0715519306749598,0.0715519306749598,0.01409435886169243,0.0,True,4.046049844154416,0.057026478475807066,0.00013421191395623921,0.0
primary,1,1.5,880019,False,True,2093.0,2.570173163762842,2.421875,2093.0,2.570173163762842,1864.0,0.0,13090,0.0,0.0,0.0,0.0,0.0002507859557669967,0.0002507859557669967,0.8995029048591533,0.0,25.833824164046746,0.0,0.16804074407829095,0.16804074407829095,0.015377052350752374,0.06123279019885097,True,5.974343786612629e-10,0.0,0.1250338743978805,0.0020536825120794997,0.11063585338740499,0.11063585338740499,0.01856254052552276,0.0,True,4.046049844154416,0.07510496420040139,0.0002507859557669967,0.0
primary,1,1.5,880020,False,True,3449.0,2.7525577935099643,2.596875,3449.0,2.7525577935099643,3165.0,0.0,13090,0.0,0.0,0.0,0.0,0.00016890787597478862,0.00016890787597478862,0.8776342185745615,0.0,22.911916679224383,0.0,0.16666242475577553,0.16666242475577553,0.08743023941134398,0.05995005285582278,True,5.206530315389479e-10,0.0,0.12139635930604076,0.0017107973884397873,0.10593970873531144,0.10593970873531144,0.016148783198131924,0.0,False,4.046049844154416,0.06533878174208511,0.00016890787597478862,0.0
primary,1,1.5,880021,False,True,1095.0,2.5843634990025555,2.4156250000000004,1095.0,2.5843634990025555,563.0,0.0,13090,0.0,0.0,0.0,0.0,0.0002456185786168241,0.0002456185786168241,0.890059841974638,0.0,26.299905267605602,0.0,0.16650572760325622,0.16650572760325622,0.02098311071705905,0.06985293619769428,True,8.377112081271731e-10,0.0,0.1289897193948386,0.0009576008999703328,0.05807763240143789,0.05807763240143789,0.016488290937056595,0.0,True,4.046049844154416,0.0667124469762505,0.0002456185786168241,0.0
primary,1,1.5,880022,False,True,7597.0,2.640919204027314,2.4593749999999996,7597.0,2.640919204027314,7403.0,0.0,13090,0.0,0.0,0.0,0.0,0.00043776037553255875,0.00043776037553255875,0.8881885152708626,0.0,15.031815621991715,0.0,0.16599784108446958,0.16599784108446958,0.043326105294741346,0.07381721129446062,True,9.242794524536024e-10,0.0,0.13632586211483844,0.0024819773939520388,0.12036946812872845,0.12036946812872845,0.020619659059203467,0.0,True,4.046049844154416,0.08342816832300737,0.00043776037553255875,0.0
primary,1,1.5,880023,False,True,925.0,2.7029167069781272,2.515625,925.0,2.7029167069781272,469.0,0.0,13090,0.0,0.0,0.0,0.0,0.0002478839418191825,0.0002478839418191825,0.8850063187420154,0.0,26.946810042276244,0.0,0.1664827889818974,0.1664827889818974,0.0678189459666676,0.07445136178012501,True,1.1771245402025787e-09,0.0,0.13807956426182422,0.0010882825845456403,0.06332672961223301,0.06332672961223301,0.01718520111822439,0.0,True,4.046049844154416,0.06953218030615409,0.0002478839418191825,0.0
primary,1,1.5,880024,False,True,1198.0,2.8139330236336164,2.621875,1198.0,2.8139330236336164,690.0,0.0,13090,0.0,0.0,0.0,0.0,0.000367532502580481,0.000367532502580481,0.893275710370501,0.0,26.449039409857026,0.0,0.16732121639189756,0.16732121639189756,0.11167724390463851,0.07325216634416831,True,4.446205838400108e-11,0.0,0.13585810195132808,0.001008063699710515,0.06228786713084323,0.06228786713084323,0.016183949557832103,0.0,True,4.046049844154416,0.06548106658626951,0.000367532502580481,0.0
primary,1,1.5,880025,False,True,1009.0,2.96445244958494,2.828125,1009.0,2.96445244958494,357.0,0.0,13090,0.0,0.0,0.0,0.0,0.0001824351203358887,0.0001824351203358887,0.8877337502722484,0.0,27.33622537595393,0.0,0.1681695452880052,0.1681695452880052,0.17114170847800092,0.04820418106870816,True,5.726296173347301e-13,0.0,0.11355239082540436,0.0008716810843827805,0.06832144342220628,0.06832144342220628,0.012758528519312006,0.0,False,4.046049844154416,0.05162164232720201,0.0001824351203358887,0.0
primary,1,1.5,880026,False,True,636.0,2.5656594074361427,2.784375,636.0,2.5656594074361427,248.0,0.0,13090,0.0,0.0,0.0,0.0,0.00013429685944243985,0.00013429685944243985,0.8896210833982271,0.0,28.063488538315355,0.0,0.1677267376804461,0.1677267376804461,0.01359383997477237,-0.07855105456838862,True,3.578377134536015e-10,0.0,0.11523750634839924,0.00126106742129619,0.08055436101946857,0.08055436101946857,0.015654862199098226,0.0,True,4.046049844154416,0.06334035276092023,0.00013429685944243985,0.0
primary,1,1.5,880027,False,True,1752.0,3.0287865443009987,2.871875,1752.0,3.0287865443009987,688.0,0.0,13090,0.0,0.0,0.0,0.0,0.00016387856555999392,0.00016387856555999392,0.8846211173335221,0.0,24.73708351553007,0.0,0.1681039736173653,0.1681039736173653,0.19655764713125867,0.0546373168403913,True,5.588403871603642e-12,0.0,0.11152629597329344,0.0006002910807436819,0.050495427669070135,0.050495427669070135,0.011888028450373478,0.0,False,4.046049844154416,0.04809955565893687,0.00016387856555999392,0.0
primary,1,1.5,880028,False,True,1992.0,2.752625161696276,2.3843750000000004,1992.0,2.752625161696276,966.0,0.0,13090,0.0,0.0,0.0,0.0,0.00012918993521182642,0.00012918993521182642,0.883766545460024,0.0,23.47554844436239,0.0,0.1680247365896701,0.1680247365896701,0.08745685400346703,0.1544430560194079,True,9.00908254247712e-13,0.0,0.11638740580014062,0.0005829960291188849,0.042857668498367134,0.042857668498367134,0.013603073838258302,0.0,False,4.046049844154416,0.05503871478330601,0.00012918993521182642,0.0
primary,1,1.5,880029,False,True,8102.0,2.802467052644038,2.6156249999999996,8102.0,2.802467052644038,7886.0,0.0,13090,0.0,0.0,0.0,0.0,0.0004803521452858561,0.0004803521452858561,0.8910490089500279,0.0,14.421218584896899,0.0,0.16797609261391644,0.16797609261391644,0.1071474775877681,0.07143304282687257,True,5.469066469230427e-10,0.0,0.13145150528889182,0.002259464847392388,0.12159814045847223,0.12159814045847223,0.018581409541900296,0.0,False,4.046049844154416,0.07518130918117506,0.0004803521452858561,0.0
primary,1,1.5,880030,False,True,971.0,2.7004154647236467,2.528125,971.0,2.7004154647236467,387.0,0.0,13090,0.0,0.0,0.0,0.0,6.7131878727089145e-06,6.7131878727089145e-06,0.8866527513318931,0.0,26.829718006746692,0.0,0.16725450155066923,0.16725450155066923,0.0668308008784777,0.06814950396979835,True,3.283966388753501e-10,0.0,0.12245702469337161,0.0009227531846142681,0.06137831467021317,0.06137831467021317,0.015033863174188443,0.0,True,4.046049844154416,0.06082775975296396,6.7131878727089145e-06,0.0
primary,1,1.5,880031,False,True,1776.0,2.697097445758898,2.515625,1776.0,2.697097445758898,977.0,0.0,13090,0.0,0.0,0.0,0.0,0.00021191353573568605,0.00021191353573568605,0.8868702596233528,0.0,24.051794732911542,0.0,0.165845695798144,0.165845695798144,0.06551997857141645,0.07213811508428236,True,8.762809002721417e-10,0.0,0.13165583910653034,0.0006934656646828139,0.0441125312840747,0.0441125312840747,0.015720377962829934,0.0,True,4.046049844154416,0.06360543280655656,0.00021191353573568605,0.0
primary,1,1.5,880032,False,True,1180.0,2.6395170341325653,2.471875,1180.0,2.6395170341325653,542.0,0.0,13090,0.0,0.0,0.0,0.0,0.00023742729084386127,0.00023742729084386127,0.8781356464749012,0.0,25.861469844355526,0.0,0.16559060387497881,0.16559060387497881,0.04277216163261843,0.06781978624831986,True,7.724855954557852e-10,0.0,0.13355505184212113,0.0008397540502037891,0.0507610311051091,0.0507610311051091,0.016543281961017293,0.0,False,4.046049844154416,0.06693494340017658,0.00023742729084386127,0.0
primary,1,1.5,880033,False,True,805.0,2.3707114158406686,2.6656250000000004,805.0,2.3707114158406686,440.0,0.0,13090,0.0,0.0,0.0,0.0,0.00027101150819097697,0.00027101150819097697,0.8818779668161038,0.0,27.266230930577617,0.0,0.16643173031952818,0.16643173031952818,-0.06342265053208151,-0.11063581117348908,True,6.276341282633602e-10,0.0,0.1263682276449991,0.0012603426546708974,0.06926440670814843,0.06926440670814843,0.01819610842812038,0.0,True,4.046049844154416,0.07362236166981331,0.00027101150819097697,0.0
primary,1,1.5,880034,False,True,1080.0,2.8475568145905577,2.6781249999999996,1080.0,2.8475568145905577,397.0,0.0,13090,0.0,0.0,0.0,0.0,0.00025033886533609717,0.00025033886533609717,0.8904486928117835,0.0,26.447216899623864,0.0,0.16748722736923538,0.16748722736923538,0.12496071687528199,0.06326508829519084,True,5.827670707114763e-10,0.0,0.1270327975279315,0.0008259549617480444,0.056511144178601924,0.056511144178601924,0.014615789040434863,0.0,True,4.046049844154416,0.05913621096924529,0.00025033886533609717,0.0
primary,1,1.5,880035,False,True,1037.0,2.73623573729059,2.578125,1037.0,2.73623573729059,409.0,0.0,13090,0.0,0.0,0.0,0.0,8.600818853032877e-05,8.600818853032877e-05,0.8918482244894367,0.0,26.319287319389257,0.0,0.16887819580504537,0.16887819580504537,0.08098201967035656,0.06132780113089553,True,3.8863739852158796e-10,0.0,0.12515370465908848,0.0008725797197790156,0.0579059954323509,0.0579059954323509,0.01506890112610901,0.0,False,4.046049844154416,0.060969525052871655,8.600818853032877e-05,0.0
primary,1,1.5,880036,False,True,848.0,2.9092575180401616,2.7718749999999996,848.0,2.9092575180401616,391.0,0.0,13090,0.0,0.0,0.0,0.0,0.00024299944307859533,0.00024299944307859533,0.8889690148002753,0.0,28.60134219015401,0.0,0.16777576441129538,0.16777576441129538,0.14933630342327375,0.04956302792880707,True,2.7177912698128637e-14,0.0,0.09635290042434796,0.0011607785666329423,0.0987695588000441,0.0987695588000441,0.011752391938723777,0.0,True,4.046049844154416,0.04755076357211495,0.00024299944307859533,0.0
primary,1,1.5,880037,False,True,919.0,2.863028813586038,2.721875,919.0,2.863028813586038,299.0,0.0,13090,0.0,0.0,0.0,0.0,9.422818882054429e-06,9.422818882054429e-06,0.8889524113863347,0.0,26.94156566486379,0.0,0.16815872331653425,0.16815872331653425,0.1310731115401631,0.05185903599027819,True,1.6459929122816797e-13,0.0,0.12417206937898762,0.0008944430172643361,0.06214046173531891,0.06214046173531891,0.01439389074825557,0.0,True,4.046049844154416,0.05823839941875513,9.422818882054429e-06,0.0
primary,1,1.5,880038,False,True,1456.0,3.001431049250856,2.878125,1456.0,3.001431049250856,936.0,0.0,13090,0.0,0.0,0.0,0.0,4.5839733000541116e-05,4.5839733000541116e-05,0.8923182863018263,0.0,27.070891166191245,0.0,0.16927029292593287,0.16927029292593287,0.18575053797564678,0.04284249268216511,True,1.5274993422909056e-10,0.0,0.08185204134635704,0.001049672002667234,0.10840312753200428,0.10840312753200428,0.009683041684912045,0.0,False,4.046049844154416,0.03917806930017909,4.5839733000541116e-05,0.0
primary,1,1.5,880039,False,True,1682.0,2.743239181617822,2.465625,1682.0,2.743239181617822,801.0,0.0,13090,0.0,0.0,0.0,0.0,0.00014084201381026062,0.00014084201381026062,0.8938076800261276,0.0,24.53086047796848,0.0,0.16822346779054032,0.16822346779054032,0.08374881249099153,0.1125938379185083,True,1.0556798230726416e-10,0.0,0.12129464816035007,0.0006588869331765207,0.046139707319910135,0.046139707319910135,0.014280258186470957,0.0,False,4.046049844154416,0.05777863640985564,0.00014084201381026062,0.0
secondary,2,1.3,880040,False,True,3500.0,5.490034449941693,,3323.0,5.135448923392495,1794.0,7.711213448640654,64000,0.012720232825496695,0.007374837550125145,0.006184698691592492,0.006184698691592492,6.292522866724326e-05,0.011835670647541097,0.7688637529193049,0.007822099365983092,136.87359076706375,0.010173583208056435,0.07659985186906937,0.08497613130786208,0.10769925850021544,,True,1.1428361297669692e-09,0.006113730159578949,0.057488380762769964,0.0003737336232849875,0.11149511457961842,0.11149119720798112,0.0033520179309570117,-1.0,True,7.6105432889477465,0.025510677568877396,6.292522866724326e-05,0.01843709387531286
secondary,2,1.3,880041,False,True,3249.0,5.513303915649177,,3042.0,5.09204012404134,1599.0,0.7255618868008343,64000,0.006799411329687973,0.008446043725700627,0.006914084364054586,0.006914084364054586,6.665251846404985e-05,0.013199423598853066,0.7628307383285431,0.0013627016841089954,140.23967378666526,0.0017863749002758385,0.08350249236445828,0.08496762034933703,0.11239423266565995,,True,5.089907644667546e-10,0.007112350702203902,0.062128072321456784,0.00037848651410301,0.10484349228353251,0.1048264310723898,0.0036100143734191298,-1.0,False,7.6105432889477465,0.027474170662629863,6.665251846404985e-05,0.021115109314251566
secondary,2,1.3,880042,False,True,3018.0,6.303130194736108,,2900.0,6.017252482380029,1391.0,0.47152220508977033,64000,0.010451162160602647,0.004689283027278971,0.0038163580260946644,0.0038163580260946644,6.467950958022328e-05,0.007348622770663837,0.7614946343857694,0.0060870728244433086,143.77912850635994,0.007993585968407005,0.07766083097442245,0.0841769896856075,0.2717538854448638,,True,1.925491515362976e-09,0.003816981855254775,0.053802962540345334,0.0003920699666572712,0.14128038792957928,0.14128026138379526,0.0027751195505826124,-1.0,True,7.6105432889477465,0.021120167471714187,6.467950958022328e-05,0.011723207568197426
secondary,2,1.3,880043,False,True,2540.0,6.530471962968827,,1993.0,5.184880627052483,883.0,5.290535027820859,64000,0.028656543113480714,0.021432883168371022,0.01716147160481747,0.01716147160481747,5.052177691222681e-05,0.03200047168306641,0.7739926471662932,0.002683691439906474,139.72595209088908,0.0034673345408795333,0.08006159073507613,0.08437331902532152,0.31762359908576565,,True,1.0327134113141678e-12,0.017070130528138407,0.056100750393049736,0.0003845820359493545,0.1380793346140935,0.13807150743588986,0.002785225153526348,-1.0,False,7.6105432889477465,0.021197076600378405,5.052177691222681e-05,0.05358220792092755
secondary,2,1.3,880044,False,True,3061.0,5.572317902405021,,2980.0,5.38624431958386,1683.0,0.34348326579977156,64000,0.003198600281371824,0.0037192297550893197,0.003089063343007299,0.003089063343007299,2.8806451751073325e-05,0.005940488809818678,0.762973584710461,0.006725903969851655,140.21688939278621,0.008815382478023865,0.07719712207632679,0.08440497943522463,0.12430121612207223,,True,1.111719828174318e-09,0.0026916014786688143,0.06052536060502334,0.0004208247021377557,0.11974825144345173,0.11966379241528655,0.0035142450688432822,-1.0,False,7.6105432889477465,0.026745314224402954,2.8806451751073325e-05,0.0092980743877233
secondary,2,1.3,880045,False,True,2294.0,6.765450103836156,,2114.0,6.282533912120928,724.0,2.3603068060021437,64000,0.0076533559565182515,0.007072983643307169,0.005777836965046063,0.005777836965046063,1.9187430077227674e-05,0.011014397472027149,0.7689323649160802,0.0007469305080272161,145.14417035135796,0.0009713864861296802,0.08464076811833454,0.08544102380208685,0.36503406886984213,,True,1.4724503335367123e-09,0.005824342103303031,0.049037805769810205,0.0004042444865563501,0.17182404720565014,0.17182196974080674,0.0023526653756009144,-1.0,True,7.6105432889477465,0.01790506168541927,1.9187430077227674e-05,0.017682459108267923
secondary,2,1.3,880046,False,True,2812.0,5.764720858687569,,2505.0,5.056673565534639,1297.0,0.484682259434142,64000,0.022676361320739004,0.013160614909491806,0.010694536727461422,0.010694536727461422,0.00025354532445698297,0.02041477930587199,0.7646332685217434,0.014428245844580353,141.54875548835918,0.018869497886842293,0.06916640041327726,0.08473190678531006,0.16312148472889132,,True,7.922668597559746e-13,0.013735498983955673,0.05157164556883842,0.0004116420108468778,0.14237803103142388,0.14237465868061888,0.0028911905008436687,-1.0,False,7.6105432889477465,0.022003530463265256,0.00025354532445698297,0.03290153727372951
secondary,2,1.3,880047,False,True,1669.0,4.751392001818847,,1625.0,4.639063805411662,784.0,3.7100381529956747,64000,0.00019734472827345623,0.0024912950856326673,0.0020634127827704545,0.0020634127827704545,3.9317829732432585e-05,0.0039946862047259835,0.7638648196454826,0.0024321506067487538,138.7013919095603,0.0031840065731493427,0.0822639964460854,0.0848741014692238,-0.04133326571120366,,True,3.726895094618987e-13,0.0017965198938053647,0.06079059769822237,0.0005523850808025677,0.132558339842869,0.1325213019954454,0.004167109224944653,-1.0,True,7.6105432889477465,0.03171396514621477,3.9317829732432585e-05,0.006228237714081667
secondary,2,1.3,880048,False,True,4096.0,5.045985213071035,,4013.0,4.784837316285136,3396.0,0.9600818046171058,64000,0.003045305503432183,0.005618523847394673,0.004709038177773553,0.004709038177773553,3.3636947841753084e-05,0.009021318883918994,0.7636095184003887,0.0030362442312438682,134.19084573467208,0.0039761738926515754,0.08129622597836361,0.08454419979362937,0.01810546543677871,,True,7.074931101039295e-10,0.004811374755792887,0.06410792366837725,0.0006455527647563067,0.1524642605793617,0.15246087559467478,0.004234125179915718,-1.0,True,7.6105432889477465,0.03222399297257224,3.3636947841753084e-05,0.014046309618486682
secondary,2,1.3,880049,False,True,2471.0,5.450873781114939,,2196.0,4.833043007670058,1093.0,13.13886975810711,64000,0.016080402415360056,0.012662307464682512,0.010392307682489117,0.010392307682489117,2.9499589717651986e-06,0.01962879567136433,0.7677873803718676,0.0017604962460760895,140.75663223564567,0.0022929476194612844,0.08270128761478635,0.0845721901729326,0.09979798862344258,,True,1.301541550750851e-09,0.010262436070015105,0.06485438148415668,0.00042308838944084216,0.11039791686670966,0.11038979878581645,0.0038323946814292098,-1.0,True,7.6105432889477465,0.02916660562335011,2.9499589717651986e-06,0.03165576866170628
secondary,2,1.3,880050,False,False,,,,,,,0.4056489409940293,64000,,,,,,,0.014420953029758096,0.47641509434632084,1.868103911865437,33.036311356345394,-0.5473116471979096,-0.001129242403494768,,,,,,,,,,,,,,,,
secondary,2,1.3,880051,False,False,,,,,,13459.0,0.7146004310771091,64000,69.58917080545545,,,,,,0.004034734342368915,0.23511105210392635,6.113265632992344,58.27175525164453,-0.10196705524545013,-0.00020019988568664715,,,,,,,,,,,,,,,,
secondary,2,1.3,880052,False,True,3027.0,6.3344261881799335,,2751.0,5.6874385061176636,1264.0,1.030333760305096,64000,0.009351044017011305,0.010259947110825191,0.00825793790723623,0.00825793790723623,1.6315738660122037e-05,0.015639944110547255,0.7627019745626568,0.00481619704763891,138.21146612005975,0.0063146513425516955,0.07989828408850874,0.08509826824297351,0.27806833557224375,,True,1.7941339655255795e-09,0.008122932709285643,0.051654102876554475,0.00037927209482718094,0.1441256666599704,0.14410729649417714,0.002631537488197585,-1.0,False,7.6105432889477465,0.02002742997041654,1.6315738660122037e-05,0.025649867777062973
secondary,2,1.3,880053,False,True,5197.0,4.964857930938924,,5136.0,4.788796974310377,4432.0,0.08691657037480921,64000,0.007561356889608413,0.004601859469505245,0.0038758643053050813,0.0038758643053050813,6.6770337581179e-05,0.007474382885277908,0.7548576835894807,0.012679092229702687,131.8916281278363,0.01679666578925365,0.06970859437438959,0.0833298024969431,0.001736783039379075,,True,1.0110534683777095e-09,0.00442570750042578,0.06739411025968423,0.0006014215254875009,0.13471670109460943,0.13459361163251493,0.004464342732569825,-1.0,False,7.6105432889477465,0.033976073622921925,6.6770337581179e-05,0.011504648673763112
secondary,2,1.3,880054,False,False,,,,,,18111.0,3.804626403696338,64000,101.25248981243259,,,,,,0.0020667841702771586,0.2440869657492889,4.537715930852142,118.0998815742606,-0.1557789355448298,-0.0003455997863621718,,,,,,,,,,,,,,,,
secondary,2,1.3,880055,False,True,2667.0,6.262099089544709,,2636.0,6.18773985894098,1053.0,1.8467528883937925,64000,0.0006051107804669053,0.0012103051154231448,0.0009871156494173842,0.0009871156494173842,4.306819557431396e-06,0.0018980446658494188,0.7678380568544412,0.0077519797458946195,135.97134773378085,0.010095852473960092,0.0745547084521343,0.08549692734114744,0.26347522613764585,,True,1.0413001450687576e-10,0.001811346140947817,0.05801818609082332,0.00039025499597182306,0.13094316111343843,0.1304591848691921,0.0029803388940162984,-1.0,False,7.6105432889477465,0.02268199816864569,4.306819557431396e-06,0.0030257627885578622
secondary,2,1.3,880056,False,True,3574.0,6.670311001872293,,3041.0,5.51858509904315,1453.0,1.7324235525259029,64000,0.013532447388838688,0.019074894567080853,0.015631083488988073,0.015631083488988073,2.63347357485344e-05,0.02927028570194734,0.7722407321287513,0.004394267457940722,134.68200929672736,0.005690281896718303,0.08081002187886233,0.08551210945040655,0.3458382853714588,,True,1.5747264603405142e-11,0.016138344430565738,0.05861749573936592,0.0003352684749869339,0.1192740400725719,0.11908902151801502,0.0028109090191205132,-1.0,False,7.6105432889477465,0.021392544771310314,2.63347357485344e-05,0.04768723641770214
secondary,2,1.3,880057,False,True,4641.0,5.832666772656045,,4601.0,5.718777162691918,3638.0,0.9866114418655437,64000,0.0008178424827572116,0.0023663339022200317,0.001999165945165189,0.001999165945165189,8.018249771835073e-05,0.004110932913738097,0.7685777605268649,0.004315955843697028,137.4939691525983,0.005615509666501946,0.0804355247259756,0.0850521210831845,0.1768306224778904,,True,9.446549445457642e-13,0.002566944568995309,0.06436696258079877,0.0005032329735452615,0.13932724691392415,0.13913263315253038,0.0036118776814427185,-1.0,True,7.6105432889477465,0.02748835144900403,8.018249771835073e-05,0.005915834755550079
secondary,2,1.3,880058,False,True,6305.0,5.61242312157822,,6199.0,5.297363944891899,5397.0,0.125329979902363,64000,0.013489955213657099,0.004259169220076685,0.003542011408090834,0.003542011408090834,0.0029121908024003496,0.00965011747801281,0.7545749186766061,0.01256296452231384,135.94907718253017,0.016649061890828692,0.0703168612621683,0.08391459740321539,0.13239306362233938,,True,1.1473972813536015e-12,0.006109233702427052,0.06384789782178402,0.0005437701510599837,0.14531323883760747,0.14531137482055223,0.0037420551314506553,-1.0,True,7.6105432889477465,0.02847907256753426,0.0029121908024003496,0.010647923050191712
secondary,2,1.3,880059,False,True,2884.0,4.222397860742183,,2820.0,4.104094669553906,1849.0,0.0037375112527656016,64000,0.004609186258544529,0.003114723618429713,0.0025881382105637906,0.0025881382105637906,6.909408555078045e-05,0.0050261649384570894,0.7546436258682909,0.0033916860907996387,137.98463587253883,0.004494420908806026,0.07994973458107157,0.08358331765826232,-0.148066005398803,,True,6.671839317996808e-10,0.0029758079966072017,0.0627474960606822,0.0004462129355240101,0.09362343207551818,0.09357306688177747,0.004766039074107938,-1.0,False,7.6105432889477465,0.0362721466903149,6.909408555078045e-05,0.007786809046074282
secondary,2,1.3,880060,False,True,4289.0,6.601987843168095,,3996.0,6.0030114592372215,1937.0,0.6919928668047696,64000,0.011536403794805486,0.009153957436969291,0.007571019760766046,0.007571019760766046,0.0002599354122727604,0.01462764850013043,0.7687674249079917,0.0027744460883338535,140.1040863247664,0.0036089537595403545,0.08211703662504455,0.08508174573258653,0.3320530326694766,,True,1.2110408596083255e-11,0.008336607020391126,0.05934377257691992,0.000318082275480332,0.11096546533831343,0.11080495943894811,0.002866497919064794,-1.0,True,7.6105432889477465,0.021815606500721247,0.0002599354122727604,0.022884893592423225
secondary,2,1.3,880061,False,True,2170.0,6.227453488675071,,1825.0,5.25429838945723,866.0,4.983179313257451,64000,0.021906961236187645,0.017035526524918493,0.01375187167551532,0.01375187167551532,4.6980068681534704e-05,0.02582671228811595,0.7582961835547163,0.0026771619123306485,140.85879071250773,0.00353049635536966,0.08161179150987152,0.08449525371873978,0.2564849409684882,,True,1.5004868539076482e-09,0.013639389036619933,0.04565407425732104,0.0004617935805538455,0.19344547711755192,0.19342327868839268,0.0023872027789681805,-1.0,False,7.6105432889477465,0.018167910088833696,4.6980068681534704e-05,0.042588816312296225
secondary,2,1.3,880062,False,True,2927.0,4.873749341132559,,2790.0,4.536829215603855,1941.0,1.0264166959903358,64000,0.010759378142575781,0.007795968070294522,0.006527868704398112,0.006527868704398112,2.64577901543106e-06,0.012422505705967701,0.7672800297549914,0.0012676795275111921,143.0072453421854,0.0016521732331753619,0.08366350197922667,0.08501849871675304,-0.016645782369219098,,True,7.127578579430027e-10,0.006594130504473691,0.0474132943044534,0.0005181886964412468,0.16378034957697843,0.16377650546848732,0.003163924718561508,-1.0,True,7.6105432889477465,0.024079186033584173,2.64577901543106e-06,0.01948992017573631
secondary,2,1.3,880063,False,True,6750.0,5.963158058734366,,6708.0,5.84230056374399,5721.0,3.4341413168825645,64000,0.0008710746359039558,0.0020278106578909064,0.001687228111693159,0.001687228111693159,3.464729389035526e-05,0.0032716046934218035,0.7690078605389704,0.0033340510556757316,130.2899594409127,0.004335522725787241,0.08151784746640178,0.08508069201524071,0.20315925523013667,,True,9.289249057464755e-13,0.0020723979659526335,0.06087799069990396,0.0004971985648207069,0.14853017311750688,0.14842404120530436,0.003347458327052225,-1.0,False,7.6105432889477465,0.02547597650597956,3.464729389035526e-05,0.005069526644727265
secondary,2,1.3,880064,False,True,3951.0,6.112674455388427,,3914.0,6.035003800290131,1964.0,0.11827281924444763,64000,0.006852764498610246,0.0013454935952797265,0.0011240225291887552,0.0011240225291887552,4.1943035526514905e-05,0.002200680234978769,0.7658969255900963,0.0004956969798337475,138.1758804087561,0.0006472110845096167,0.08403532159260196,0.08456299473858353,0.23332649793461302,,True,1.6842019133489483e-09,0.0007576611752266911,0.05746976756514499,0.00034817877424663614,0.11592982989575726,0.11583683152971062,0.0030033579326366167,-1.0,False,7.6105432889477465,0.02285718555853558,4.1943035526514905e-05,0.003363733988199316
secondary,2,1.3,880065,False,True,2277.0,5.517091421187822,,2231.0,5.4026256843267815,999.0,1.1735994483726075,64000,0.0025291143612807087,0.002132397798122992,0.0017907488413910152,0.0017907488413910152,2.7068181999823082e-05,0.003462508633599981,0.7678319363581414,0.0004850366597264751,140.638283075196,0.0006316963866168736,0.08470121559426325,0.0852202191367133,0.11315842041620616,,True,5.171761790524754e-10,0.001786783184348129,0.049365916837142976,0.00046082324240934023,0.15881602069654407,0.1588159993070595,0.0029016168544472795,-1.0,True,7.6105432889477465,0.022082880678711413,2.7068181999823082e-05,0.005330994495307479
secondary,2,1.3,880066,False,True,3500.0,5.968932830377338,,3171.0,5.1622484986311346,2098.0,16.280762755540284,64000,0.013203478104019423,0.014983825834401736,0.012204406243096025,0.012204406243096025,3.601078344317443e-05,0.022996897898493796,0.7628700032134599,0.005698662839423992,139.02750706667214,0.007470031349272282,0.07838134993890167,0.0844913584045286,0.2043244046158561,,True,1.0938760747897236e-11,0.01200046785626207,0.05702415236125802,0.0004194848019831273,0.13569698087866447,0.13566694944259886,0.0030913348201771417,-1.0,True,7.6105432889477465,0.023526737469589633,3.601078344317443e-05,0.037459564586004336
secondary,2,1.3,880067,False,True,2640.0,6.183667033588804,,2257.0,5.271543428980605,1028.0,6.058029895947219,64000,0.013454837743342812,0.016185194240725866,0.013228495182377273,0.013228495182377273,5.40490361138346e-05,0.02490278097504861,0.7658056123282594,0.0028072961594864396,140.07320105655137,0.003665807764128926,0.08222571325633155,0.08524428502844561,0.247650347256253,,True,1.6367085744432158e-09,0.013389646986708713,0.056268201281472585,0.00039503052559487425,0.13451187126043604,0.13448641828762706,0.002936770724347692,-1.0,True,7.6105432889477465,0.02235042072736254,5.40490361138346e-05,0.04046298560181466
secondary,2,1.3,880068,False,True,3343.0,5.836976704882031,,2974.0,5.0584122880494515,1572.0,0.08445939053406155,64000,0.020250360140051896,0.014333495778199009,0.011706507889766411,0.011706507889766411,3.3695653685494875e-05,0.02208191565353479,0.7607700000210642,0.0010208897636825947,135.3071710245626,0.0013419164315815926,0.08342304202991846,0.08451767841246038,0.17770021788288126,,True,1.217798230312983e-09,0.011211319813903933,0.053004395488358114,0.0003742523971089582,0.1283577648728246,0.12815436359964755,0.0029156973672746886,-1.0,False,7.6105432889477465,0.022190041031114993,3.3695653685494875e-05,0.03583373944549752
secondary,2,1.3,880069,False,True,2118.0,6.150959361725205,,2053.0,5.956182142826172,929.0,2.2725157954612643,64000,0.0018218338080457648,0.0033378546538209088,0.002739276473570877,0.002739276473570877,1.3150622954594127e-05,0.005255315739473243,0.7552857063476267,0.007086163327192788,145.64941574607923,0.009382096427403223,0.07634066343016643,0.08398151910138596,0.24105106920054564,,True,1.7126299293665492e-11,0.002594408739468745,0.0378661641327227,0.0004998124963378629,0.24533040927628283,0.24522383873128614,0.002037303479060319,-1.0,False,7.6105432889477465,0.015504986320112407,1.3150622954594127e-05,0.008344636634552273
secondary,2,1.3,880070,False,True,6466.0,6.339153612242915,,6173.0,5.557886144672209,5157.0,0.42973311367960787,64000,0.01708669823763275,0.013181041928749236,0.010649115959007839,0.010649115959007839,5.578954711094042e-06,0.020079838351158674,0.7633226244382123,0.005317203046572565,135.60907803737533,0.00696586590825328,0.07907753087745872,0.08479428845348425,0.2790221664046233,,True,1.2558521930716715e-12,0.010610742766850565,0.06063164493625095,0.0004257166397962793,0.13691140233648288,0.13691038543436646,0.003109431592483501,-1.0,True,7.6105432889477465,0.02366446373861741,5.578954711094042e-06,0.032952604821873094
secondary,2,1.3,880071,False,True,3594.0,7.010056333771466,,2982.0,5.658137481813324,1381.0,172.340490797546,64000,0.035597845283164536,0.02010599088100996,0.016047670701254287,0.016047670701254287,3.696569717659415e-05,0.029959212362465237,0.7701287600460989,0.0010993901295385032,138.75216614965706,0.0014275406744616254,0.08280763393786339,0.084566102940701,0.4143871543548985,,True,1.6581089799794224e-12,0.016119851274916424,0.05765899855384049,0.00032566321118467675,0.12309339037555952,0.12309023208472293,0.0026456596100820204,-1.0,False,7.6105432889477465,0.02013490699034983,3.696569717659415e-05,0.05026497720252489
secondary,2,1.3,880072,False,True,4008.0,6.635784393372835,,3695.0,5.98361193570019,1723.0,0.17658760538903656,64000,0.011164181582076306,0.00995587707175913,0.008091336172433496,0.008091336172433496,1.183730949616546e-05,0.015341360828554862,0.7617848983781779,0.007311085568806754,141.50708213595175,0.009597309666248154,0.0766966934764084,0.084563260734281,0.3388720087511392,,True,1.5758224692578177e-09,0.007828701723022101,0.058677868851884085,0.0003225073125820224,0.1139169527220445,0.1138711974673188,0.0028310739084544774,-1.0,False,7.6105432889477465,0.02154601053450329,1.183730949616546e-05,0.024889692679397828
secondary,2,1.3,880073,False,True,2078.0,5.718760438854901,,1990.0,5.448908597956814,1049.0,0.18043704539782296,64000,0.01393207969936098,0.004848050657618011,0.003966359905425035,0.003966359905425035,1.0616729357426635e-05,0.007583253919413835,0.763972350733291,0.004615344103085754,145.24890515546073,0.00604124494643787,0.0797447233419466,0.08469380762022549,0.15384826004638597,,True,7.605467904764351e-13,0.0038009351246910813,0.036094380375136126,0.0005512740337096383,0.2534876589197378,0.2529909949871974,0.0021747568937239233,-1.0,True,7.6105432889477465,0.016551081482623454,1.0616729357426635e-05,0.012120126644045026
secondary,2,1.3,880074,False,True,3460.0,5.903292296933265,,3399.0,5.775387062975799,1605.0,13.628405352014749,64000,0.001506034099811652,0.002224430041705624,0.0018179463662209205,0.0018179463662209205,2.3438580713630586e-05,0.0035066966430052915,0.7561802502382714,0.0011090575304161506,137.9938242736767,0.0014666576257006026,0.08305047831898982,0.0842436829246358,0.19108041300040646,,True,1.4629742452199057e-09,0.0015995443072468424,0.059564644116353094,0.0003608662184316429,0.11160466002509009,0.11157553718759083,0.003233433248670044,-1.0,True,7.6105432889477465,0.024608183710926313,2.3438580713630586e-05,0.00556107510426406
secondary,2,1.3,880075,False,True,4134.0,7.099356713955894,,3868.0,6.487218768244929,2000.0,1.039409278105382,64000,0.00849147595128119,0.008229545113258458,0.006639370435721652,0.006639370435721652,5.732052269724619e-06,0.012605857866875514,0.7742343594390398,0.0008507504329583242,138.4895828635693,0.0010988280519799237,0.07873674074525816,0.080113273765134,0.4324048855396505,,True,1.8307605962903511e-09,0.00650642423870532,0.05374830204895886,0.0003309303626390291,0.13533177662197748,0.13531442099908683,0.0024453263741849598,-1.0,False,7.6105432889477465,0.018610262226340272,5.732052269724619e-06,0.020573862783146143
secondary,2,1.3,880076,False,True,3573.0,6.073883053447113,,3357.0,5.618458303801553,1641.0,0.6410324066092656,64000,0.014102424522935607,0.007834230301909042,0.006441419872808777,0.006441419872808777,9.9527752759343e-06,0.012259946562503288,0.7558954536160912,0.005507802329159797,136.5248716336355,0.0072864604527137855,0.07814868781556283,0.08408342933264112,0.22549973335629003,,True,9.626653467431634e-11,0.006806026997778721,0.056036302639462576,0.00035564196921994765,0.12040748863915302,0.1203173001873789,0.0029536532423308365,-1.0,True,7.6105432889477465,0.0224789058612997,9.9527752759343e-06,0.019585575754772606
secondary,2,1.3,880077,False,True,2045.0,5.732598901127556,,1933.0,5.392698173399737,1111.0,0.23257987716543754,64000,0.0004649872076378365,0.006430248230860145,0.005311781489747673,0.005311781489747673,3.89674526797279e-05,0.010162640437664017,0.7610084798402766,0.006237475393972326,144.73470951846988,0.008196328371112857,0.07779032629798,0.0844990696510628,0.15664038358185217,,True,1.331017048314398e-09,0.005030114801156768,0.05592607469595379,0.0005433048232009928,0.16718259843854413,0.16710508088214573,0.003249768984782888,-1.0,False,7.6105432889477465,0.02473250753776994,3.89674526797279e-05,0.01607562057715036
secondary,2,1.3,880078,False,True,2869.0,5.472746107685775,,2675.0,5.055312320376442,1376.0,1.0236212510520142,64000,0.008055241743353106,0.008349528666391394,0.006951401789064382,0.006951401789064382,5.292004396029171e-06,0.013220277626838417,0.7647991789817089,0.0017438766891303492,140.07758679592473,0.0022801759429870623,0.08295624363432852,0.08482312485882604,0.10421106838552818,,True,7.563239466136518e-11,0.0066329468782254245,0.061333679961908416,0.0004028386081919421,0.11200570051417623,0.11195695306634625,0.00359659023016383,-1.0,False,7.6105432889477465,0.02737200563926837,5.292004396029171e-06,0.020873821665978485
secondary,2,1.3,880079,False,True,2102.0,5.9856238952091525,,2034.0,5.816809525851532,699.0,0.09799447310872685,64000,0.0011066337668984687,0.0029840618996417375,0.002478777200157237,0.002478777200157237,3.392731674001226e-05,0.0047826912101944785,0.7613912225927976,0.0032650548235077575,144.1492217037059,0.004288274840349655,0.08098527854526072,0.08448735154024556,0.2076920847836876,,True,1.1316660282478797e-11,0.0023669681188736363,0.06218923232016493,0.00042363104588792394,0.12579217788119165,0.1257882143784417,0.0033677057908007243,-1.0,True,7.6105432889477465,0.025630070705328915,3.392731674001226e-05,0.007460154749104344
secondary,2,1.3,880080,False,True,2538.0,6.180845020401082,,2139.0,5.235669333410949,936.0,0.27098037533512065,64000,0.027825448123072704,0.017017541606737983,0.013823564571321464,0.013823564571321464,4.4875256274945485e-05,0.02597194769406519,0.7649030122066879,0.006180984448806917,143.83118675423702,0.008080742721845531,0.07807355123566095,0.08470037183726875,0.24708096250210976,,True,1.8375712245236042e-09,0.01360975832691067,0.0616811644933577,0.0003924582331688783,0.12208733714062818,0.12205787866892505,0.003214569523429111,-1.0,False,7.6105432889477465,0.024464620513389376,4.4875256274945485e-05,0.042543854016844955
secondary,2,1.3,880081,False,True,3053.0,5.8802123908889925,,2869.0,5.454174473250135,1544.0,0.6846809667308131,64000,0.014192561668750782,0.007557847480732453,0.006236104210110069,0.006236104210110069,5.769599768301603e-05,0.011922823017354478,0.7608324577946769,0.01084813825715441,141.69296694296253,0.014258248509268986,0.07269739557439303,0.0843884390556302,0.18642368542526944,,True,8.761321529382471e-12,0.0064453017519389,0.060430724429728855,0.00040242985771372724,0.12149302939361067,0.12147219201129192,0.00331236993366873,-1.0,False,7.6105432889477465,0.025208934769194846,5.769599768301603e-05,0.018894618701831133
secondary,2,1.3,880082,False,True,3140.0,6.89141315437636,,2469.0,5.355288280650378,1120.0,0.501842315044219,64000,0.0445653671102609,0.02502153800892691,0.019993347896591372,0.019993347896591372,3.1405166350140234e-05,0.03706109935587065,0.7685673968499075,0.003094968360664159,142.11476232383208,0.004026931630653819,0.08206159976995053,0.08538254170414206,0.3904490601515982,,True,1.6660112959338003e-12,0.02038952239151609,0.05721528882912352,0.00034241831012086105,0.12827963292683714,0.12815695013259784,0.0026693115836724877,-1.0,True,7.6105432889477465,0.02031491135922913,3.1405166350140234e-05,0.06255384502231727
secondary,2,1.3,880083,False,True,2172.0,4.865763364503941,,2168.0,4.856699900678374,1076.0,1.8482030608746247,64000,0.0034418685742120467,0.0001671732578761098,0.00013947585291147974,0.00013947585291147974,5.093321226334879e-05,0.0003192503758437937,0.765017984751506,0.0016587848443969555,140.07648420469778,0.0021682952263347953,0.08304460691959115,0.08481965136896275,-0.01825707651875097,,True,7.55167075573715e-10,0.0007148086976469871,0.06495618749129228,0.00047549482533357554,0.11036670797375733,0.11023936171737272,0.004308317553936983,-1.0,False,7.6105432889477465,0.03278863724677088,5.093321226334879e-05,0.00041793314469027446
secondary,2,1.3,880084,False,True,5079.0,6.418136948704434,,4619.0,5.062546710533738,3906.0,7.626918003138803,64000,0.024317755513494944,0.02375463254941008,0.019178942540690753,0.019178942540690753,2.658165720870187e-06,0.035619238953024546,0.7686981111471528,0.009529463833557216,137.09746789059827,0.01239688727650975,0.07488285381351734,0.08511932077587447,0.2949582746440218,,True,1.717352903114755e-09,0.019378198411015884,0.05782621590169512,0.0004544864887191893,0.1538662632789705,0.15383489637361117,0.0029537760847234778,-1.0,False,7.6105432889477465,0.022479840758646615,2.658165720870187e-06,0.0593865813735252
secondary,2,1.3,880085,False,True,2219.0,5.675670447015039,,1929.0,4.977438995687341,876.0,1.2268039660526153,64000,0.016087246127294782,0.01263973437974606,0.010311955034547503,0.010311955034547503,3.258081048063133e-05,0.019500011543030826,0.7685567739884401,0.00534888129166958,143.6203980521168,0.0069596436759140875,0.07951853994913538,0.08525861044021665,0.14515418855284512,,True,6.030673183055058e-11,0.01024128133376031,0.06094269806427377,0.000434132822930906,0.12465255568814711,0.12464959175330709,0.003482743057567223,-1.0,False,7.6105432889477465,0.026505566803897585,3.258081048063133e-05,0.03159933594936515
secondary,2,1.3,880086,False,True,1723.0,5.699012448691981,,1553.0,5.130252650539361,756.0,6.327190270562146,64000,0.007494893745365784,0.01045462157232336,0.008660748085527038,0.008660748085527038,5.050963809205555e-05,0.016462043322230002,0.7558634600025748,0.0013005597891600047,143.23072069202365,0.001720627941395096,0.08303100416853892,0.08443433218639473,0.1498637979706392,,True,5.137739192417889e-13,0.008667773253114963,0.02541983401534864,0.000604719427639014,0.4044295435277654,0.4044225576879928,0.0014952404870429504,-1.0,True,7.6105432889477465,0.011379592454027686,5.050963809205555e-05,0.026136553930808396
secondary,2,1.3,880087,False,True,2163.0,6.141120333918912,,1987.0,5.700759042237116,723.0,1.259588803988029,64000,0.019019754906412636,0.007445964104505741,0.006162980708571512,0.006162980708571512,2.8036905996842165e-06,0.011733151696327937,0.7711091399857812,0.003483358738648754,142.07769774650916,0.004517335559935115,0.07776160969638513,0.08337811241184445,0.23906589335060002,,True,6.823862907026634e-10,0.006168704146094058,0.06235034338878265,0.00041574082019424206,0.1266292379162594,0.12662916538361105,0.0032831345038116214,-1.0,True,7.6105432889477465,0.024986437264696324,2.8036905996842165e-06,0.018614910261264352
secondary,2,1.3,880088,False,True,3233.0,6.631022057764852,,3137.0,6.403111786640185,1351.0,1.2021204393443525,64000,0.010541776148655941,0.0032842332070122824,0.0026879942364796587,0.0026879942364796587,2.6462690954076606e-05,0.005169721419953532,0.7741040953005942,0.0028851947880236743,137.70150506232534,0.0037271405816595216,0.08112732235502396,0.08574855626489475,0.33791113397525363,,True,1.0787161094927278e-12,0.0029339436563333523,0.05013153473923637,0.00036454831275280333,0.14927159928511535,0.14920235436771706,0.0024421813291924336,-1.0,False,7.6105432889477465,0.018586326725278962,2.6462690954076606e-05,0.008210583017530707
secondary,2,1.3,880089,False,True,2281.0,5.477159237592552,,2263.0,5.432185414238319,1021.0,2.046896236857961,64000,0.0015289388617751008,0.0008951586139757058,0.0007423469687066767,0.0007423469687066767,1.6736806403461202e-05,0.0014431381694017809,0.7601823133305405,0.00035086320812152585,142.2978368050148,0.00046155139624902636,0.08383276917921112,0.0842076968119918,0.10510148551678222,,True,8.831137665761546e-11,0.0007134300805407605,0.047728917748795396,0.0004657832687600823,0.16451197523596947,0.16451075459766298,0.0028313031199824886,-1.0,True,7.6105432889477465,0.021547754958759546,1.6736806403461202e-05,0.002237896534939265
secondary,2,1.3,880090,False,True,3701.0,7.296484081620175,,2964.0,5.6636409406282935,1347.0,1.5890252912864749,64000,0.03110445820280457,0.024886973963979372,0.01990350836490352,0.01990350836490352,1.714012713893709e-05,0.03689142059292516,0.7644955487369405,0.00437796122088548,138.68631585797806,0.005726601323079668,0.07970779642430248,0.08438019511230488,0.47217837712386856,,True,1.0240084453126685e-09,0.0197947101556925,0.05616897781482777,0.00031500209102637154,0.12753862781672565,0.12752788309024107,0.0024698563597456364,-1.0,True,7.6105432889477465,0.018796948743327064,1.714012713893709e-05,0.062217434909948424
secondary,2,1.3,880091,False,True,3027.0,6.776476359924376,,2625.0,5.797221234264988,1196.0,1.9209156313034994,64000,0.025563742623850375,0.014999323457606782,0.012124003401294266,0.012124003401294266,3.6145052177971593e-06,0.02280110604460539,0.7687310381904436,0.011401948677991696,142.6931278131054,0.014832169005210642,0.0702474238577162,0.08539185465212196,0.36725878636557385,,True,1.8053078994825084e-09,0.011693896520179126,0.05172343644499122,0.00036800514204175815,0.14960461006650166,0.14941012458137506,0.0024598516173945035,-1.0,False,7.6105432889477465,0.018720807218569,3.6145052177971593e-06,0.03749830864401695
secondary,2,1.3,880092,False,True,2623.0,6.631382475506393,,2110.0,5.396875350889986,867.0,0.8095634542679507,64000,0.022515316040624254,0.020280699633685565,0.016328939351541484,0.016328939351541484,2.0417729406307927e-05,0.030486572253413335,0.7638392315751928,0.004096601292577232,138.9450676960445,0.0053631721483187,0.08003493454415089,0.08441200433267815,0.33798385382222285,,True,2.2567067566861207e-09,0.01621493834743021,0.058424812129782566,0.0003710865158382705,0.13030034872248472,0.13028746451627166,0.0028479318703023204,-1.0,False,7.6105432889477465,0.02167430878290973,2.0417729406307927e-05,0.050701749084213904
secondary,2,1.3,880093,False,True,3285.0,5.737109520557593,,3168.0,5.487895741003187,1601.0,2.027374610383443,64000,0.003238073215276489,0.004456703598940551,0.0037466479739719978,0.0037466479739719978,2.6711315972427485e-05,0.0071897001623622,0.7676905549543473,0.004788256156611858,140.9171586095214,0.00623722165879272,0.08001691777215614,0.08515318277562178,0.1575504707304094,,True,7.961002169987186e-11,0.00440382818441642,0.060089963623550346,0.00037866265458277995,0.11291584532819215,0.11266286313832945,0.0033534943964878394,-1.0,False,7.6105432889477465,0.025521914273714398,2.6711315972427485e-05,0.011141758997351378
secondary,2,1.3,880094,False,True,4198.0,6.043633574905669,,4055.0,5.755379112913317,2170.0,0.3236114854415739,64000,0.007647092717524003,0.005998024122073584,0.005058203571903033,0.005058203571903033,3.4168928190414505e-05,0.010521163869638528,0.7649421383980712,0.005388331128521337,138.91780629683086,0.007044102890978772,0.07889956194915193,0.08467100695403218,0.2193964337766796,,True,1.4784287075825242e-12,0.005039668602244521,0.06262158961451547,0.0003401172731106291,0.10282238068009852,0.10282229317150422,0.00330781363805224,-1.0,False,7.6105432889477465,0.025174258884168306,3.4168928190414505e-05,0.01499506030518396
secondary,2,1.3,880095,False,True,5398.0,6.015635654053113,,5060.0,5.012078373454396,4347.0,1.6826242208478288,64000,0.023846803672231666,0.018458443688786005,0.015008120416165007,0.015008120416165007,4.93279143931602e-06,0.0280996329498171,0.7607167757187551,0.004648231832127623,137.1896531971104,0.006110331703590723,0.07938795583161218,0.08437657531961573,0.21374742074211595,,True,5.298490309696424e-10,0.015100915014378118,0.05695891770644934,0.0004946911193455833,0.15897951947872335,0.1589732696149982,0.0031116657099456713,-1.0,False,7.6105432889477465,0.023681466586275852,4.93279143931602e-06,0.04614610922196501
secondary,2,1.3,880096,False,True,3368.0,6.670718109348549,,3221.0,6.296127254649704,1730.0,1.5530269023801906,64000,0.0021963275475176806,0.0055990977663834245,0.004531201537735814,0.004531201537735814,3.817094142055666e-05,0.008671107314047966,0.7733574497113123,0.004353147337709974,134.8193968555784,0.00562889429633731,0.07042604696196975,0.07756234476835289,0.3459204255936541,,True,2.418729040838674e-11,0.0043010444871219205,0.048289278743709474,0.000389550550369298,0.16617583453716672,0.16610020789055227,0.0023442069748244383,-1.0,True,7.6105432889477465,0.01784068866015463,3.817094142055666e-05,0.013997744415958559
secondary,2,1.3,880097,False,True,8861.0,6.85774067299888,,8608.0,6.100983579134559,7679.0,13.379845394750992,64000,0.006747490991540747,0.010890347278643872,0.008824774322742016,0.008824774322742016,5.148261323784098e-05,0.01674324932132043,0.7627195268746088,0.010998475319347539,128.78917295088067,0.014420078327371433,0.07279263621987031,0.08465282786910544,0.3836551168724094,,True,1.8052097876426754e-09,0.008781952924941138,0.058507049028158065,0.0004392160943059316,0.15645573547023545,0.15645406792396663,0.0028072866295751056,-1.0,False,7.6105432889477465,0.021364976418865558,5.148261323784098e-05,0.027225868196609677
secondary,2,1.3,880098,False,True,2537.0,5.46853784015733,,2483.0,5.341754333627239,1232.0,0.5345825254180648,64000,0.002218367230842314,0.0025037854042237193,0.002107557169733495,0.002107557169733495,6.154562688909238e-05,0.004102194541863113,0.768503799387976,0.0023095775800171837,139.38016360996647,0.0030052910367606434,0.08233783425972474,0.08479742343195928,0.10336198540374864,,True,1.082132373292355e-09,0.0020756555405738526,0.06059634707390771,0.000438433990603688,0.12216033917227717,0.12215694124195327,0.0035890043656917527,-1.0,False,7.6105432889477465,0.02731427308931953,6.154562688909238e-05,0.006259463510559297
secondary,2,1.3,880099,False,True,3128.0,7.298747425802674,,2610.0,6.078588653751482,1008.0,0.09492443909121479,64000,0.02211237030621168,0.017031349752589665,0.013617787014508836,0.013617787014508836,4.536897877072121e-05,0.025549714923099653,0.7672036506228477,0.003948953218880578,139.22913344788986,0.005147203373803885,0.08097965318280309,0.08521945281762466,0.4726350417760752,,True,1.917380750698916e-11,0.013593902035232301,0.05727768954988122,0.00033001466926793616,0.13050778773492017,0.13050729031866257,0.002528697137509087,-1.0,False,7.6105432889477465,0.019244759029651157,4.536897877072121e-05,0.04257837438147417
secondary,2,1.3,880100,False,False,,,,,,,0.5834779455459647,64000,,,,,,,1.4571984628643055,2.1678924072105663,0.09312701078503538,1.4877125267819067,-12.943668455277116,-5.951327576637331,,,,,,,,,,,,,,,,
secondary,2,1.3,880101,False,True,2869.0,5.36427866129889,,2822.0,5.265137607623593,1375.0,17.368774675789975,64000,0.006700547628223217,0.0020170757912072474,0.0016796878432138406,0.0016796878432138406,2.7678822744903187e-07,0.0032230880457531086,0.7606813680259383,0.004686100206042491,133.19056198732343,0.006160398299492331,0.07939465459773354,0.08442741445388169,0.0823260855079726,,True,5.173915983147648e-12,0.002075447063306557,0.062450094250163346,0.00040009958320582213,0.10723434067347568,0.10717218676817952,0.003731077010340461,-1.0,True,7.6105432889477465,0.028395523101593816,2.7678822744903187e-07,0.005042689478018118
secondary,2,1.3,880102,False,True,2010.0,5.387764994802104,,1939.0,5.215865197134005,801.0,1.9434802302141592,64000,0.003071913257469035,0.0033704281113549734,0.0028210490101106722,0.0028210490101106722,2.520155691199122e-05,0.005427414221677029,0.7685136692048916,0.0028951974680425283,140.46280025351092,0.003767268669453746,0.08213472086754603,0.08523560824516796,0.08706481610130701,,True,8.507357179832198e-10,0.002886425086053888,0.06375293001473992,0.00045971860864144743,0.11979249018391246,0.11978994857654172,0.0038376246118238333,-1.0,False,7.6105432889477465,0.029206408235016575,2.520155691199122e-05,0.008426070278387434
secondary,2,1.3,880103,False,True,2054.0,6.365726258805349,,1807.0,5.706420325571933,658.0,0.007383547484286272,64000,0.016948485747556037,0.008869140421608907,0.007227220716049104,0.007227220716049104,0.0017292549247143185,0.015403124807590096,0.7695418584306867,0.0017722346172742082,144.2875411061883,0.0023029736431599648,0.08346051812089339,0.08535711253557654,0.2843836083339921,,True,6.691370808137309e-11,0.009786828644581743,0.05387841526358983,0.0004269051307453944,0.15477572829343614,0.15476157256474002,0.002758217554215178,-1.0,True,7.6105432889477465,0.02099153409669019,0.0017292549247143185,0.022172851054022266
secondary,2,1.3,880104,False,True,1717.0,4.517564961320972,,1628.0,4.301584311004207,869.0,0.9706515829587798,64000,0.008043604051909948,0.005402051267101287,0.004503645020510621,0.004503645020510621,4.713479216400529e-05,0.008645272444682828,0.7581642453322625,0.010064345344308046,141.01651154067213,0.013274624075548943,0.0730925844675494,0.08391206883517421,-0.08851148321392754,,True,7.459033191450914e-10,0.005042021347983108,0.0659172934346266,0.0005520806866517488,0.11641696379665413,0.11629346268974917,0.004742270100911323,-1.0,False,7.6105432889477465,0.036091251890868224,4.713479216400529e-05,0.013505128167753217
secondary,2,1.3,880105,False,True,2213.0,5.548023119593205,,2116.0,5.284485188157259,1174.0,0.6193987996560651,64000,0.011330329815990633,0.00573193836088592,0.0048247465554403565,0.0048247465554403565,0.00010218469142486697,0.009960570662672197,0.772783968372366,0.002922016600502395,142.91190575914,0.003781155821149775,0.08245800970976758,0.085581615767643,0.11939936839207155,,True,1.0520408695677969e-09,0.00479253489883171,0.06088209578637915,0.0005021720313869012,0.13963927696529488,0.13963849879058166,0.0035962090487743504,-1.0,True,7.6105432889477465,0.02736910464180279,0.00010218469142486697,0.014329845902214797
secondary,2,1.3,880106,False,True,4565.0,7.8268598661636055,,3428.0,5.409346872418565,1741.0,0.06008059547526138,64000,0.037922278541471746,0.03405911512861496,0.027002942489629585,0.027002942489629585,1.344347146892133e-05,0.04936085608752094,0.7719689412781681,0.002455430390064351,138.84460741471554,0.0031807372794025028,0.08296814572802313,0.08559558870696549,0.5791898847240564,,True,2.2638037278088774e-12,0.027255202574030846,0.052424811045653996,0.00028901164990133266,0.13441892296768454,0.13435146945724263,0.002150081577210774,-1.0,False,7.6105432889477465,0.01636328891813164,1.344347146892133e-05,0.0851477878215374
secondary,2,1.3,880107,False,True,6660.0,5.136258451062993,,6566.0,4.853441608021897,5891.0,0.0004913797859512064,64000,0.00903980588724951,0.006023275726150826,0.004972195788599467,0.004972195788599467,0.00011462955075636216,0.00959506699917867,0.7639638575072234,0.007728659516184098,133.40736512518828,0.010116525068872152,0.07635388850362945,0.08465543761072336,0.03631948571258348,,True,9.517211751759042e-10,0.005033625756478753,0.06709267182522716,0.000604097701989696,0.14017500710382277,0.1401737831534073,0.004309596371500532,-1.0,True,7.6105432889477465,0.032798369743196935,0.00011462955075636216,0.015058189315377063
secondary,2,1.3,880108,False,True,2761.0,6.702156467406877,,2339.0,5.702273019087723,936.0,8.426005483083783,64000,0.002981670683404953,0.015608190395893356,0.012728288901963246,0.012728288901963246,2.9439233030892353e-05,0.02395662090668882,0.7674984600314567,0.008603543820509828,140.16412117554185,0.011209851574369548,0.07569177807768046,0.08492163432420474,0.35226359998121093,,True,1.1384443734940852e-12,0.012628786018445332,0.05864741605440216,0.00036173544463963497,0.1280272124536785,0.12801937935972288,0.0028254574766322775,-1.0,True,7.6105432889477465,0.021503266436991013,2.9439233030892353e-05,0.03902047598973339
secondary,2,1.3,880109,False,True,2239.0,5.68418576860955,,2017.0,5.1369891989642,918.0,2.4099689362711665,64000,0.011540675561713815,0.010073832606585188,0.008267868243294403,0.008267868243294403,5.8938163263189125e-05,0.01572927455733719,0.7687513041316804,0.00562770488191609,140.00155225250614,0.007320579297452631,0.07916844861272976,0.08520320362434353,0.1468722862263907,,True,7.273283537945208e-13,0.008707069303195808,0.056075180999627605,0.0004438894395336147,0.13911460096120956,0.1389626645375761,0.003190818479631681,-1.0,True,7.6105432889477465,0.02428386216641134,5.8938163263189125e-05,0.02518458151646297
secondary,2,1.3,880110,False,True,2860.0,5.6498625254712165,,2652.0,5.116513019993429,1697.0,1.3690787935083715,64000,0.01572523460278362,0.0101049428048371,0.008242339894316206,0.008242339894316206,0.0003295254228437017,0.01593728289719687,0.7672516200446456,0.000858121421351184,139.38280368475492,0.0011184354635852716,0.08431792414591177,0.08523734584372988,0.13994704170919858,,True,1.2638576053769501e-09,0.00989143263081208,0.06284602644252146,0.00046291832556276413,0.12830940073450425,0.12815466798421812,0.003607828599563233,-1.0,True,7.6105432889477465,0.02745753573607971,0.0003295254228437017,0.025262357012092746
secondary,2,1.3,880111,False,True,5350.0,8.041161483633248,,4524.0,6.183594741610535,2653.0,1.1797376279044776,64000,0.026701004338017094,0.02438685436586441,0.019060003668578695,0.019060003668578695,6.652179958477333e-05,0.0352963675108815,0.7596448882505414,0.000548890667410323,134.17167594768685,0.0007225621812244607,0.08428559338511654,0.08487747454411343,0.6224285465085997,,True,3.180850808442992e-11,0.020103404758974108,0.05252752261792537,0.0002903029092917431,0.13842044109042792,0.138402565898588,0.0020972546179223108,-1.0,False,7.6105432889477465,0.01596124705764331,6.652179958477333e-05,0.06096713591466102
secondary,2,1.3,880112,False,True,3898.0,5.4748177902131605,,3640.0,4.979608799066428,2087.0,0.6417652979478015,64000,0.002588164783137916,0.009972506548571,0.008248171608655912,0.008248171608655912,1.7075093034613076e-05,0.015658179438169384,0.7655733894520328,0.004117984844834564,138.62874581955035,0.005378955044116744,0.07994921995908522,0.0843340931603822,0.10462906233809033,,True,1.0734933792583279e-09,0.008644391483750116,0.05464005110164294,0.0003615586812900414,0.11317910399576654,0.11308019784496098,0.0031945709810846843,-1.0,True,7.6105432889477465,0.024312420741161262,1.7075093034613076e-05,0.024931266371427493
secondary,2,1.3,880113,False,True,3573.0,7.3770781925537054,,3008.0,6.01319966850492,1365.0,3.96784684125569,64000,0.023780756506208055,0.018549128447013532,0.015247180452082568,0.015247180452082568,1.4242462972546832e-05,0.02856476458546231,0.7777572657527095,0.0047949555128791906,138.75929843444,0.00616510539215427,0.07660697733511412,0.08434937329541858,0.48843948399570336,,True,1.6281285421422542e-09,0.015239893156103593,0.04299019534374082,0.00033795728497003943,0.17925476500776444,0.1792540975240673,0.0018853461717204603,-1.0,False,7.6105432889477465,0.014348508654530474,1.4242462972546832e-05,0.046372821117533825
secondary,2,1.3,880114,False,True,3206.0,6.348256711392527,,2911.0,5.695545245436474,1329.0,0.2024231044120954,64000,0.014645414932449306,0.01082043133411067,0.008701243903452057,0.008701243903452057,7.29608812988225e-05,0.01651927060393321,0.761709035288446,0.0027832681447951414,133.63201511694615,0.003653978114807534,0.08163874381234049,0.08462672682650707,0.2808588572797026,,True,1.7699547721558573e-09,0.009031247521698416,0.06021994423911892,0.00035709695937726453,0.11726070764495349,0.11719934641808094,0.0030453249562376558,-1.0,False,7.6105432889477465,0.02317657740835958,7.29608812988225e-05,0.02705107833527667
secondary,2,1.3,880115,False,True,3513.0,7.241945613058272,,3063.0,6.2154169510735215,1269.0,0.22804120344711337,64000,0.009180781835515206,0.01403633829339896,0.011302626933757007,0.011302626933757007,0.00022935138443269665,0.021494781771046245,0.7654058759396157,0.004682908269469214,140.6543358749864,0.006118202664332116,0.08010569258112987,0.08514451957672398,0.461174398599399,,True,2.7701061063034604e-11,0.011541764920197092,0.05743349968440015,0.00032299592128701046,0.1268163574557057,0.12681162082127007,0.0025469578827780645,-1.0,False,7.6105432889477465,0.01938373322200916,0.00022935138443269665,0.0350908457334974
secondary,2,1.3,880116,False,True,2341.0,5.857447397716071,,2235.0,5.598597169259183,929.0,0.0818589570793479,64000,0.014779272630963026,0.004902241979195313,0.004083941187828876,0.004083941187828876,9.396222762969586e-06,0.0078124059529502965,0.7635521876556015,0.0005316591066475561,142.38848907000883,0.0006962970118387765,0.08348361420728345,0.08404794372792557,0.18183049638659687,,True,1.5842476375899084e-09,0.003930839463824879,0.05901160258171245,0.00042587446467291145,0.1310343014335227,0.13101337293253593,0.0032500990962963175,-1.0,False,7.6105432889477465,0.024735019865733076,9.396222762969586e-06,0.012255604947988281
secondary,2,1.3,880117,False,True,3036.0,5.8405187509371475,,2816.0,5.273488352335772,1816.0,0.17772685544806158,64000,0.021744754508316328,0.010651922180917274,0.008806872158921642,0.008806872158921642,4.323097248315477e-05,0.016726381772126153,0.7618390567376673,0.004567505307016133,142.27948854772012,0.00599536774417292,0.07959706536122813,0.08449808543602,0.17841488039084918,,True,1.3197231051031988e-09,0.00834595326435066,0.06321499894220395,0.0004496020439368309,0.12804187302995795,0.12791437042293546,0.0035113672839793397,-1.0,True,7.6105432889477465,0.02672341271811964,4.323097248315477e-05,0.026629805452293185
secondary,2,1.3,880118,False,True,2578.0,5.25162780258323,,2532.0,5.147010678386222,1285.0,0.4294618319912936,64000,0.004045077204218287,0.002068750702501932,0.0017199836083423021,0.0017199836083423021,7.132171475765503e-05,0.003370635063188132,0.7623655958362459,0.0014109563217557604,142.4990233415601,0.0018507607497792046,0.08265337904624248,0.08415656288313889,0.059597034569125684,,True,5.526577459558091e-13,0.0021350260205027904,0.05665574815751562,0.0004417871806975059,0.12707248159830392,0.126966156098579,0.003476655017205571,-1.0,False,7.6105432889477465,0.02645923350918037,7.132171475765503e-05,0.005171876756254829
secondary,2,1.3,880119,False,True,2660.0,4.973031430435773,,2566.0,4.778745242994133,1356.0,2.067337396596339,64000,0.0020954394973160977,0.004418371146811441,0.0037020074817292383,0.0037020074817292383,5.118257653569103e-05,0.007129150755138092,0.757831188045273,0.003473349409980973,140.5032905346929,0.004583275886203662,0.08019071990552407,0.08390968381816766,0.0033859128243676206,,True,9.072865176165679e-10,0.0035485067630642462,0.06629921092883784,0.00042435955304976806,0.09933794637822484,0.09932914749196606,0.004271877651205289,-1.0,False,7.6105432889477465,0.032511309789586273,5.118257653569103e-05,0.011045927867028602
secondary,2,1.5,880040,False,True,1747.0,2.8777413811025614,,1653.0,2.7154297065906845,759.0,7.711213448640654,64000,0.013025316503870144,0.0073178326483484095,0.007528700283430429,0.007528700283430429,0.00013263736146829075,0.023104805271946915,0.955767808168655,0.008032389225945858,122.73601670463123,0.008404121960684892,0.15983996703810588,0.17395866440309016,0.13688548389236987,,True,2.681927455724237e-10,0.0073433647686388485,0.11339947037084919,0.0006185711412486141,0.04875282943218565,0.04875038451570332,0.012687902393624885,0.0,False,4.046049844154416,0.051335885502372405,0.00013263736146829075,0.018294581620871022
secondary,2,1.5,880041,False,True,1585.0,2.901088854934557,,1473.0,2.6956403710828067,666.0,0.7255618868008343,64000,0.006615997069013067,0.007994859397988106,0.008031952649753248,0.008031952649753248,0.0004770922829382407,0.024954244391804714,0.9511685324984555,0.0018397512072297513,124.11734030909517,0.001934201084635586,0.17096188012016933,0.17420536243674167,0.1461091772580967,,True,2.1524362153746424e-13,0.008762135776026136,0.12517752768618173,0.0006534515830983357,0.046935336882000946,0.0469277176592077,0.013922379735787629,0.0,True,4.046049844154416,0.056330642360242135,0.0004770922829382407,0.019987148494970262
secondary,2,1.5,880042,False,True,1559.0,3.2739797535323962,,1510.0,3.1486178018896385,857.0,0.47152220508977033,64000,0.008785260846955342,0.004123499467011122,0.004120822929728356,0.004120822929728356,0.00011279497622496137,0.012738205908731093,0.9483141656400784,0.004226703137813338,125.87175935714883,0.004457070547881633,0.1654718196529119,0.17290177680760666,0.29342410016094655,,True,1.4943775383802205e-14,0.004118932766162939,0.1038508600005823,0.0008180118918079943,0.07617491336393126,0.07617467813364705,0.010738599568861763,0.0,False,4.046049844154416,0.04344890911202981,0.00011279497622496137,0.010308748667527803
secondary,2,1.5,880043,False,True,1193.0,3.4116444913366406,,911.0,2.7200458452536087,364.0,5.290535027820859,64000,0.02993646783588825,0.02177303049605116,0.02139053600449551,0.02139053600449551,4.595979202326461e-05,0.0640454851511798,0.9630643786562485,0.0033594198559958248,126.96727965332404,0.0034882609412708013,0.15421728049784678,0.16302720637843127,0.3478101694169444,,True,2.065327943390205e-12,0.021146945705658306,0.11219594604958161,0.0007370607097215638,0.06759093540232698,0.06758553711717516,0.01090472716991262,0.0,True,4.046049844154416,0.04412106966637138,4.595979202326461e-05,0.0544325762401279
secondary,2,1.5,880044,False,True,1729.0,2.949580011645289,,1687.0,2.8412501089476287,1153.0,0.34348326579977156,64000,0.004078169060829215,0.004207113758125685,0.004285093517145197,0.004285093517145197,0.00028927809501588797,0.013414029495768087,0.948391094758124,0.007674211176290629,123.15892662422915,0.00809182121037086,0.15926831572494127,0.17277518505228873,0.16526617744011407,,True,1.968460117129922e-13,0.00331387101584034,0.12059925808428495,0.0009232107873533436,0.06709018706937954,0.06704173016083412,0.01376074248233396,0.0,True,4.046049844154416,0.055676649976096365,0.00028927809501588797,0.01051778439531421
secondary,2,1.5,880045,False,True,1098.0,3.528849148359885,,999.0,3.2699088292942555,297.0,2.3603068060021437,64000,0.008802485978322833,0.007439002012030335,0.007453040711446272,0.007453040711446272,0.00020830217567358034,0.02294282500698186,0.9551855572032917,0.0010483418873794797,125.05896741394193,0.001097526945915035,0.16955620329845988,0.1722634046791649,0.3941132437964978,,True,2.5243124517765336e-10,0.007553796043836867,0.09654644603079454,0.0007701612715035679,0.0847785943625708,0.08477792328924781,0.009084383591096541,0.0,False,4.046049844154416,0.03675586881299509,0.00020830217567358034,0.018597505030075834
secondary,2,1.5,880046,False,True,1385.0,3.1138815699719826,,1175.0,2.6429996639100772,569.0,0.484682259434142,64000,0.023765565793747796,0.016951556334756944,0.01681158819414413,0.01681158819414413,9.275549824927509e-05,0.05072683766546149,0.9524750658109971,0.015541420539002029,122.81609711962511,0.016316879146614813,0.14370907280512357,0.17384963675231457,0.23017543505065974,,True,1.8168278947267025e-10,0.016960855132473373,0.09737883552736903,0.000746384676736758,0.07237411429269397,0.07237304718190883,0.010312867853805351,0.0,True,4.046049844154416,0.04172637737267423,9.275549824927509e-05,0.042378890836892356
secondary,2,1.5,880047,False,True,755.0,2.5232271469525256,,727.0,2.449042502738002,310.0,3.7100381529956747,64000,0.0007027755973199038,0.003199523712708452,0.0032463325904437366,0.0032463325904437366,0.00026487166603628154,0.010222832689236405,0.9536158883571748,0.002279891868373189,125.27473343519101,0.0023907863702867125,0.1701737954542759,0.17418239447021833,-0.0031695221915948313,,True,4.3941191332254326e-10,0.002557202419474045,0.12123686514919108,0.0011182996180772759,0.06920562009616234,0.0691833369073824,0.016159086740692163,0.0,False,4.046049844154416,0.06538047038885521,0.00026487166603628154,0.00799880928177113
secondary,2,1.5,880048,False,True,3856.0,2.6534223064348996,,3832.0,2.529470083865041,3652.0,0.9600818046171058,64000,0.004070994042405824,0.005259379696777095,0.0054129797509447665,0.0054129797509447665,4.996476403640315e-05,0.016599156398313664,0.9487134020311982,0.0021117368773885597,120.96754218887416,0.0022258954842076907,0.1694457275514707,0.17315693291890888,0.048265602542182595,,True,5.72396853873447e-10,0.005655594793840072,0.1299868686270047,0.0023792903519002195,0.121899665809445,0.12189869725216117,0.019518432114650375,0.0,False,4.046049844154416,0.07897254921561969,4.996476403640315e-05,0.013148449241942738
secondary,2,1.5,880049,False,True,1128.0,2.8687720418224982,,985.0,2.55418014566767,410.0,13.13886975810711,64000,0.01607719378437983,0.012601148217231552,0.012684157532869915,0.012684157532869915,0.00024799635193195613,0.03867087082503806,0.9515861132211979,0.001179480035391669,124.87748324571545,0.0012394884908513758,0.17134887833896828,0.17341677982911063,0.13334204121382642,,True,5.945172180076008e-10,0.012337227749533723,0.13071284762178337,0.0007971955194589634,0.05352893477387914,0.053523846279491354,0.014892796257323917,0.0,False,4.046049844154416,0.060256995975968904,0.00024799635193195613,0.031502870543078876
secondary,2,1.5,880050,False,False,,,,,,,0.4056489409940293,64000,,,,,,,0.018034161934843678,0.6054361123140485,0.8934174680997728,33.57162448143984,-1.1258299332738115,-0.0027394282401429493,,,,,,,,,,,,,,,,
secondary,2,1.5,880051,False,False,,,,,,10628.0,0.7146004310771091,64000,62.886362680469794,,,,,,0.00438387054035433,0.23239751911809275,4.682783300403554,53.01194845487135,-0.13295853728169638,-0.00020500541414580908,,,,,,,,,,,,,,,,
secondary,2,1.5,880052,False,True,1567.0,3.30633074965337,,1407.0,2.9767184500400234,555.0,1.030333760305096,64000,0.009235342536598988,0.010384266903285623,0.010250593767091393,0.010250593767091393,0.00014334317491782045,0.03127714097871248,0.9515273246571115,0.0043161146902594835,123.91078377619625,0.004535986070410349,0.16562204722384877,0.1745150171295129,0.30620474060380043,,True,4.234180029163981e-10,0.009907490620428274,0.10278830709256681,0.0006438933250635098,0.06347981286927,0.06347057564219376,0.010143276987749483,0.0,True,4.046049844154416,0.041040204275498864,0.00014334317491782045,0.025960667258214058
secondary,2,1.5,880053,False,True,4502.0,2.6350140024665416,,4484.0,2.5539249420246417,4266.0,0.08691657037480921,64000,0.006835598438609277,0.0041982685504708345,0.004335633734367208,0.004335633734367208,0.00066129838759732,0.014946468360963472,0.9367466714366546,0.018450863445211713,117.27575203027999,0.019696748339563662,0.137902020263879,0.1705903379912237,0.04099318615962133,,True,1.122172944845179e-09,0.005625744207828702,0.1362156085934414,0.0020202369195033297,0.10377449680094912,0.10368727238454606,0.01946756651953096,0.0,True,4.046049844154416,0.07876674448241396,0.00066129838759732,0.010495671376177084
secondary,2,1.5,880054,False,False,,,,,,11100.0,3.804626403696338,64000,111.54960784691175,,,,,,0.0017914366085123516,0.23540315475350437,3.7240518792048243,131.4046802632823,-0.1888099045642866,-0.0004166605859237116,,,,,,,,,,,,,,,,
secondary,2,1.5,880055,False,True,1267.0,3.2642254630732177,,1259.0,3.244958538028422,507.0,1.8467528883937925,64000,7.551594178290021e-05,0.0006072851336923084,0.0006083813393004555,0.0006083813393004555,0.00019304538940145832,0.0020656105494429866,0.9565784851117423,0.007037094885596701,121.87185054788287,0.007356526406481603,0.15271307604657025,0.17108836704587516,0.28957055331287607,,True,2.6298407895808396e-15,0.0026602893398044586,0.1161853059881679,0.0007715159826039876,0.0659294469458687,0.06566530430249394,0.011702145525920154,0.0,True,4.046049844154416,0.04734746408142153,0.00019304538940145832,0.0015182128342307707
secondary,2,1.5,880056,False,True,1738.0,3.4495449103249007,,1455.0,2.8979589416772344,599.0,1.7324235525259029,64000,0.011560525387024834,0.018151112601293238,0.018283628105785148,0.018283628105785148,5.324916680882197e-05,0.055028494710392284,0.9635484902437292,0.0020034422380802715,124.5218143854271,0.0020792334359566083,0.160393077925582,0.1656190948008449,0.3627831744493435,,True,9.127074096504373e-14,0.019556116636176415,0.11822856738613297,0.000583239585485661,0.05286006192701884,0.05277335692368257,0.011033653087484267,0.0,True,4.046049844154416,0.04464271035506961,5.324916680882197e-05,0.04537778150323309
secondary,2,1.5,880057,False,True,3529.0,3.0866327072194037,,3517.0,3.037166671815891,695.0,0.9866114418655437,64000,0.622365363682313,0.0019744181949095697,0.0020450977778869316,0.0020450977778869316,0.00035256350101686706,0.007115194428298555,0.9551666486312275,0.007390483208373746,123.09986429785775,0.007737375691419349,0.15971596621781492,0.17443595396232814,0.21941045223482614,,True,3.4680210092563613e-12,0.003492141015327985,0.13200362454158743,0.00152481234257668,0.09838401368067269,0.09822975784463372,0.015498578331290685,0.0,False,4.046049844154416,0.06270802044193367,0.00035256350101686706,0.0049360454872739235
secondary,2,1.5,880058,False,True,5376.0,2.9668060583892566,,5338.0,2.793394966932842,5095.0,0.125329979902363,64000,0.011227169882875419,0.0065233651767945796,0.006648206993135728,0.006648206993135728,0.00019894067086223544,0.020498463915005427,0.9378789241687199,0.013634275113207799,117.45981563110689,0.014537350996870315,0.147763708613867,0.17203101462149029,0.1720715292402002,,True,3.172540355422804e-13,0.006736332117534904,0.12695168347200791,0.0017600102483752878,0.11053580269467776,0.11053150620892593,0.0159225355538132,0.0,False,4.046049844154416,0.06442337249604904,0.00019894067086223544,0.01630841294198645
secondary,2,1.5,880059,False,True,1370.0,2.214901664370337,,1340.0,2.1648807256931804,774.0,0.0037375112527656016,64000,0.0041108382513994355,0.0026461200157486143,0.002697350782295107,0.002697350782295107,9.848075903873266e-05,0.008378842060523528,0.9415193962185708,0.0061274199645257104,120.8213665779914,0.00650801246276529,0.1609718131983211,0.17176797149874368,-0.12497712024875562,,True,5.302967119244495e-10,0.0036294758942367125,0.1249679500158214,0.0007784263685596575,0.042599524201076114,0.04257677141697168,0.018273123542069832,0.0,True,4.046049844154416,0.07393396865960603,9.848075903873266e-05,0.006615300039371537
secondary,2,1.5,880060,False,True,2242.0,3.449615998028154,,2073.0,3.1631066121289293,869.0,0.6919928668047696,64000,0.011421126034074303,0.009089911930672337,0.009228118150032131,0.009228118150032131,8.360346448954559e-05,0.028168988043299592,0.956108570552052,0.0030357222159418077,122.1658805023309,0.0031750810623829024,0.16867823307401997,0.17399706169324647,0.3628112584802583,,True,1.637020553835189e-11,0.010495634117051013,0.11933124024942643,0.0005055781824973637,0.04581612029180933,0.04574781145377986,0.011034940961331187,0.0,False,4.046049844154416,0.04464792115684722,8.360346448954559e-05,0.022724779826680842
secondary,2,1.5,880061,False,True,985.0,3.232544789677748,,833.0,2.7356570955787527,452.0,4.983179313257451,64000,0.021720700755832514,0.017128535044504158,0.016948846060610447,0.016948846060610447,9.311617708984699e-05,0.0511257204647122,0.9469308195674772,0.0018130754987722058,125.07177981215757,0.0019146863332638717,0.17023404276947218,0.1734316110244345,0.2770547317245424,,True,1.7253316830778687e-12,0.016699067305534616,0.07920359172111624,0.0010546722211670235,0.1258417389664063,0.1258281040839881,0.008380941250728984,0.0,True,4.046049844154416,0.03390970604137932,9.311617708984699e-05,0.04282133761126039
secondary,2,1.5,880062,False,True,1679.0,3.2835049004044157,,1555.0,2.999929719673925,816.0,1.0264166959903358,64000,0.01425355697525328,0.008746285780836506,0.008614117058102397,0.008614117058102397,5.932260658525479e-05,0.026276468238651596,0.9462513469672997,0.006108399441377147,125.06687329116063,0.006455366706694093,0.1623054165165101,0.17309339765989407,0.2971871211474235,,True,4.2922279099022465e-10,0.007785955141991705,0.07936670956978809,0.0007216524766874977,0.090393644977353,0.09025633973926768,0.007983442606704251,0.0,True,4.046049844154416,0.03230140671467146,5.932260658525479e-05,0.021865714452091265
secondary,2,1.5,880063,False,True,6040.0,3.1115349905618426,,6030.0,3.068578711578547,5728.0,3.4341413168825645,64000,0.0037346141422227794,0.0013800937372526053,0.0014105190293391206,0.0014105190293391206,0.000263789723161878,0.004600239301248088,0.9524217527559254,0.0019311427480933356,117.54998171797219,0.002027613021757835,0.17079781600456156,0.1741975037511172,0.22924839133307362,,True,2.560829564894618e-10,0.0023737806485847426,0.12288531448341367,0.0015872015260994217,0.10969094053228562,0.1096001253488031,0.014469759475097732,0.0,True,4.046049844154416,0.05854536806917106,0.000263789723161878,0.003450234343131513
secondary,2,1.5,880064,False,True,2143.0,3.212178997343184,,2118.0,3.1661531881679834,1073.0,0.11827281924444763,64000,0.006539923207470922,0.0015536603577077021,0.0015920329852570471,0.0015920329852570471,7.875356776487763e-05,0.00497230167634255,0.9550073720445368,0.002936067618094197,121.82404031724884,0.0030743926215024793,0.16849116366296135,0.17363049206175996,0.2690089866047145,,True,1.555932683042216e-12,0.0007098815626515513,0.11321852072650529,0.0005891138507173859,0.05195626739825455,0.05191365855626428,0.011338648448352103,0.0,True,4.046049844154416,0.045876736787376735,7.875356776487763e-05,0.003884150894269255
secondary,2,1.5,880065,False,True,1037.0,2.8650314076494516,,1020.0,2.823763116448683,388.0,1.1735994483726075,64000,0.0011015625876192613,0.0014806748396074337,0.0015268422957912728,0.0015268422957912728,0.00018404908336000503,0.004875447903328833,0.9540590937596352,0.0006936208962374757,124.99357296497242,0.0007270208950099122,0.17325401452550837,0.17447382324344618,0.13186425981212913,,True,2.917569744825821e-11,0.001539337096750358,0.0962990975418414,0.0008868841947456832,0.07936118279496704,0.07936087958333983,0.011175289524564999,0.0,False,4.046049844154416,0.045215778439246686,0.00018404908336000503,0.003701687099018584
secondary,2,1.5,880066,False,True,2239.0,3.109003951754935,,2106.0,2.7154850085071596,1705.0,16.280762755540284,64000,0.01177296866153955,0.014466632175015263,0.014470089746234649,0.014470089746234649,3.868011866359211e-08,0.04373438979626432,0.9477836574383566,0.0063942119304996065,125.14999846657366,0.0067464889063203574,0.16219387933668905,0.17349529815754483,0.22824847476738164,,True,4.604129577590044e-14,0.014010710056253687,0.11339703106652976,0.0009919442872932036,0.08026200504881402,0.08024669322576994,0.012358827650641415,0.0,False,4.046049844154416,0.05000443268980898,3.868011866359211e-08,0.036166580437538155
secondary,2,1.5,880067,False,True,1178.0,3.221951373772003,,988.0,2.7684140679477784,386.0,6.058029895947219,64000,0.012873776045427979,0.01588410451943172,0.01593053682971312,0.01593053682971312,0.00013243830113029986,0.0481824564039095,0.9523990847715907,3.4955207942875084e-05,126.00334360516607,3.670226956513532e-05,0.17450649645546745,0.1745680963815719,0.2728696785272111,,True,3.454484615028619e-11,0.01634674168374431,0.10880089036838037,0.0007668310287602225,0.06891426729170319,0.06889593478119162,0.011127318897759562,0.0,False,4.046049844154416,0.04502168689213656,0.00013243830113029986,0.0397102612985793
secondary,2,1.5,880068,False,True,1613.0,3.0661083999546412,,1393.0,2.653864809032947,605.0,0.08445939053406155,64000,0.021430847193990386,0.014881479274871216,0.014899789515744158,0.014899789515744158,0.0001999809447288392,0.04519999628045923,0.9464433890818937,0.0014135436671492189,123.15992438302072,0.0014935321895168396,0.1707456778628571,0.1732365481031093,0.21130208393269778,,True,8.545026882258999e-11,0.01365833289764021,0.10355530919747835,0.0006341432075105703,0.05780084054612595,0.05769432218995329,0.010971176223717965,0.0,True,4.046049844154416,0.044389925850164706,0.0001999809447288392,0.03720369818717804
secondary,2,1.5,880069,False,True,1091.0,3.2034865340593677,,1059.0,3.093250664211522,611.0,2.2725157954612643,64000,0.0009312854011633505,0.003638807684734124,0.0036623336497054577,0.0036623336497054577,0.00018802549423435622,0.011416682543862855,0.9396685924242312,0.008572752141063436,124.97946041171195,0.009123165560899267,0.15706169721083363,0.1722658101451917,0.26557492703579966,,True,3.2967958137758435e-10,0.003337100698949144,0.06728758185500183,0.0011564306310708837,0.15382126410112332,0.15370726000068888,0.007518015391621258,0.0,True,4.046049844154416,0.03041826500361969,0.00018802549423435622,0.00909701921183531
secondary,2,1.5,880070,False,True,5550.0,3.3243664947620797,,5445.0,2.92816592016805,5127.0,0.42973311367960787,64000,0.017471440189464366,0.013076709050786232,0.01296055017006533,0.01296055017006533,0.00037191381699042125,0.03959758679154124,0.9496061862332439,0.004883982925231809,117.97086153779469,0.005143166710618076,0.16518781976985686,0.17380992479345192,0.3133299732393402,,True,3.5148920232708214e-11,0.012913195006032035,0.12217674920310095,0.0012017099293818987,0.0933243808164629,0.09332341758556696,0.012876698659755919,0.0,False,4.046049844154416,0.05209976460552881,0.00037191381699042125,0.03269177262696558
secondary,2,1.5,880071,False,True,1744.0,3.6540319964034,,1413.0,2.980329780491678,573.0,172.340490797546,64000,0.03592814241621677,0.019816855350621967,0.0194199578703791,0.0194199578703791,9.922053903910211e-05,0.058342866953230654,0.9583418248952364,0.0004623453057471148,126.5078916403275,0.0004824430007504444,0.16822633694962974,0.16942355062729142,0.4435681961099851,,True,2.8831733007994576e-13,0.01961281514416761,0.1168063333538818,0.000572900986966203,0.055084152154339726,0.055082605071748135,0.010400468457079952,0.0,True,4.046049844154416,0.042080813779901256,9.922053903910211e-05,0.04954213837655492
secondary,2,1.5,880072,False,True,2035.0,3.4555336405830857,,1854.0,3.139665766637456,693.0,0.17658760538903656,64000,0.009115855997920282,0.009147869291123803,0.009132643932783003,0.009132643932783003,0.0014572219342232628,0.029220716010349257,0.946725073505164,0.008233646911423557,124.35913343305936,0.00869697776244504,0.15845042577816182,0.17299353297373976,0.3651490925760339,,True,5.067810320696919e-13,0.009487126835302126,0.11910052622230971,0.0005200587732306536,0.04695504562257037,0.046935179211283144,0.011075673899051041,0.0,True,4.046049844154416,0.0448127286531606,0.0014572219342232628,0.022869673227809507
secondary,2,1.5,880073,False,True,1081.0,2.988127562120208,,1037.0,2.8280630318238393,666.0,0.18043704539782296,64000,0.01708061495586352,0.005639877068567421,0.0056525634839683135,0.0056525634839683135,0.0002114978009646329,0.017495070392789636,0.9494403343740181,0.004468425127661702,128.81408843840006,0.004706378027017158,0.16552181179266734,0.17339029937220785,0.18049483935613164,,True,3.250637841583151e-10,0.0051753554665363265,0.06186587285337097,0.0013177687420096286,0.15139815697669212,0.1499893174459363,0.008703994608154313,0.0,False,4.046049844154416,0.03521679602784363,0.0002114978009646329,0.01409969267141855
secondary,2,1.5,880074,False,True,1677.0,3.0938176467917207,,1639.0,3.024352852204625,617.0,13.628405352014749,64000,0.0017513722487252352,0.0023217765367022788,0.0023283893798076555,0.0023283893798076555,0.00018857420628037858,0.007339393957293439,0.9434476728905581,0.002246359267310853,122.89263058131942,0.002381010979049217,0.16917880236264837,0.17315112486282613,0.22224894688067987,,True,1.6581284956185272e-10,0.0018029904869014716,0.11948508157480298,0.0006073900626661378,0.04876649042112863,0.048753895958719554,0.012455070221804997,0.0,False,4.046049844154416,0.05039383492986641,0.00018857420628037858,0.005804441341755696
secondary,2,1.5,880075,False,True,2382.0,3.7174175580483064,,2242.0,3.395907416148161,1418.0,1.039409278105382,64000,0.00954166513760343,0.008531742149132349,0.008444334124716473,0.008444334124716473,2.7884867781047262e-05,0.025743361396471265,0.9628448800047519,0.0022584526032288547,121.40230564311742,0.0023456037936429685,0.1523667069238801,0.15831291348599486,0.46860940564871356,,True,4.584658210796816e-10,0.008134251946604021,0.1056850847402604,0.0006359102607980695,0.0674986991145438,0.06749039750787607,0.009421074319061229,0.0,True,4.046049844154416,0.03811813628040485,2.7884867781047262e-05,0.02132935537283087
secondary,2,1.5,880076,False,True,1768.0,3.1734904646292446,,1641.0,2.9424514057915423,660.0,0.6410324066092656,64000,0.014886889706922913,0.007869825182063181,0.007938545303266686,0.007938545303266686,2.2325558150626534e-05,0.024227943174457423,0.9416251259875293,0.005797787927689056,121.37428872116854,0.006157214551394459,0.16209495450543887,0.17234201503168078,0.25372462800167694,,True,4.272293283036355e-11,0.008803358658997755,0.11040554912564104,0.0005910436482352829,0.05273059695345863,0.05269203940693339,0.011208741838385656,0.0,False,4.046049844154416,0.04535112816836736,2.2325558150626534e-05,0.019674562955157952
secondary,2,1.5,880077,False,True,1354.0,3.0089928032663797,,1316.0,2.837076993163076,1070.0,0.23257987716543754,64000,0.0010589141007208323,0.006436839040632295,0.0065252289015336785,0.0065252289015336785,0.00015466017186138714,0.020085405973467196,0.9484755305703025,0.004749704053016649,124.33571873933043,0.00500772439554738,0.16501582184720975,0.17339043184732228,0.188737897586718,,True,4.68203253944921e-12,0.005869287201334084,0.10959525051076291,0.001718597841878703,0.1223381374611536,0.12227878829857763,0.01404793204755479,0.0,True,4.046049844154416,0.056838633271700884,0.00015466017186138714,0.016092097601580736
secondary,2,1.5,880078,False,True,1400.0,2.8808788802989627,,1297.0,2.668744860072986,625.0,1.0236212510520142,64000,0.007396384410515362,0.008282713593778412,0.008458675640803649,0.008458675640803649,0.0002269033069257631,0.0259887604794935,0.9494589620575923,0.003403316508440742,125.84833303049732,0.003584479840039999,0.16788346602488868,0.1738900742790097,0.13812498974773835,,True,2.728664733400721e-12,0.007680220484171157,0.12275303104760837,0.0007417397703081343,0.05356471670714129,0.053541000429816535,0.013847543978688587,0.0,True,4.046049844154416,0.056027853156894375,0.0002269033069257631,0.020706783984446028
secondary,2,1.5,880079,False,True,920.0,3.13282815961702,,893.0,3.06481529281156,239.0,0.09799447310872685,64000,0.0033033144748598336,0.002372134165974062,0.0024202454092854928,0.0024202454092854928,4.365819075591304e-05,0.0074762419278342485,0.9483722204869284,0.0015471124301901166,124.5853627960018,0.0016313346139512326,0.1704580537318563,0.1731774361279057,0.23766050750302026,,True,2.4223054118088783e-12,0.0021534955586667093,0.12534300569536683,0.0008433962900283304,0.06350163609374479,0.0635007126716843,0.013281489138063466,0.0,False,4.046049844154416,0.05373756705720025,4.365819075591304e-05,0.005930335414935155
secondary,2,1.5,880080,False,True,1185.0,3.251595666200634,,968.0,2.754615357776652,340.0,0.27098037533512065,64000,0.02977971476771371,0.017545551860716407,0.01746758110807571,0.01746758110807571,3.0689364438174493e-05,0.052604617108017226,0.9536073478719994,0.007069841505763988,124.72895120208348,0.007413786734698019,0.16156585444178484,0.17402104504908822,0.2845810039311145,,True,1.2628613432763558e-13,0.016921487316408353,0.12382255798249098,0.0007273972329181087,0.05849069427641272,0.05847498973487558,0.012436118974423644,0.0,True,4.046049844154416,0.050317157238352554,3.0689364438174493e-05,0.04386387965179102
secondary,2,1.5,880081,False,True,1668.0,3.0642115068081277,,1587.0,2.8631254033438682,1018.0,0.6846809667308131,64000,0.014004060893079349,0.0071443134626311714,0.007239672274573887,0.007239672274573887,7.92510304670202e-05,0.02217266042738375,0.9427612981489503,0.014057211811296644,121.94110824463299,0.014910679764747508,0.14770349517329295,0.17268477072540334,0.21055269404765542,,True,1.4158609614595141e-11,0.007720381188199881,0.12166836566425943,0.0008467434364715882,0.06433500517287823,0.06432613418347759,0.01316147304560334,0.0,True,4.046049844154416,0.053251975965005936,7.92510304670202e-05,0.01786078365657793
secondary,2,1.5,880082,False,True,1451.0,3.5977681662051157,,1100.0,2.8244341581528287,415.0,0.501842315044219,64000,0.04612340991587049,0.02482474529405819,0.02434599374572604,0.02434599374572604,1.683170662047928e-05,0.07256291080692012,0.9548703695181067,0.0036374948837473984,127.54982504283703,0.0038094122509876693,0.1657603679603472,0.17477347829559564,0.4213405101057248,,True,1.5330423562553985e-13,0.025309370314158412,0.11507871442361939,0.0006279671747021112,0.06022606238333045,0.060170878648753846,0.010426834328055322,0.0,False,4.046049844154416,0.04218749140805215,1.683170662047928e-05,0.06206186323514547
secondary,2,1.5,880083,False,True,988.0,2.5674976645330916,,985.0,2.5608395741246794,409.0,1.8482030608746247,64000,0.0040136252434568274,0.0003549530435388139,0.00036320753433574546,0.00036320753433574546,2.899945462520037e-05,0.0011473641879069518,0.9528214295191119,0.0014433838821528227,126.55138906630653,0.0015148524554924182,0.17138099658357397,0.17391583947148392,0.014320065000727578,,True,5.320178974015793e-10,0.0011246521709312462,0.13127332563901994,0.0009056545884274886,0.05392345204863219,0.0538489745908775,0.016795189366042473,0.0,True,4.046049844154416,0.06795417331702004,2.899945462520037e-05,0.0008873826088470348
secondary,2,1.5,880084,False,True,4373.0,3.3513471084306428,,4218.0,2.673591854574622,4000.0,7.626918003138803,64000,0.0214818209850006,0.0233125924480165,0.023107705041815276,0.023107705041815276,0.0002911907312732609,0.0692860149263641,0.9539844750038,0.010135562761108975,121.65072308242273,0.010624452521691825,0.15588370592138423,0.17373445750242889,0.323988981108402,,True,2.2925164327655678e-10,0.02358110953703383,0.11561663929861687,0.0013450923071751583,0.10832490986378604,0.10830265640405197,0.012417202182457891,0.0,True,4.046049844154416,0.05024061895516762,0.0002911907312732609,0.058281481120041244
secondary,2,1.5,880085,False,True,1017.0,2.9867776044863907,,864.0,2.6217993850366224,322.0,1.2268039660526153,64000,0.01739837065405098,0.012982688179919911,0.01299090353477266,0.01299090353477266,4.804980636929912e-05,0.03938834982476136,0.9518351365589921,0.007371008887887702,126.00933369514954,0.007743997468442758,0.16105208955304517,0.17407060282288045,0.1799615227600555,,True,2.7339753291139024e-11,0.012811262520123908,0.12334843475869839,0.0008300429125031568,0.06064011096714474,0.06063833759333373,0.013688017704203742,0.0,True,4.046049844154416,0.055382401898876436,4.804980636929912e-05,0.032456720449799775
secondary,2,1.5,880086,False,True,806.0,2.934032525201788,,725.0,2.655508111748027,346.0,6.327190270562146,64000,0.007064740943046824,0.010210454558592125,0.01037412563247114,0.01037412563247114,0.00020570779330286726,0.031726091780583054,0.9412323318598369,0.0017293143544325237,125.41000451353379,0.001837287453795248,0.16994540439533168,0.17300778338067202,0.15912396057354594,,True,2.7027012745872714e-10,0.010379372167972198,0.047877867377071226,0.0012493789286387447,0.21237155646140402,0.21233915896308875,0.0058829861656441,0.0,False,4.046049844154416,0.023802855258666895,0.00020570779330242317,0.025526136396480312
secondary,2,1.5,880087,False,True,964.0,3.2260930215254993,,877.0,3.0025143460276245,278.0,1.259588803988029,64000,0.01968457972657512,0.007375982243567978,0.007488875438607479,0.007488875438607479,8.396797954723922e-05,0.022929321336704334,0.9618444960915207,0.0005335815764298934,123.23845691857241,0.0005547482764606083,0.165896047455242,0.1672817161654061,0.2745058850471107,,True,4.203503907798667e-10,0.007512786059805129,0.12617759104325899,0.0008312482232709735,0.06423219938117629,0.0642320939182742,0.012941300956208216,0.0,False,4.046049844154416,0.05236114871702165,8.396797954723922e-05,0.018439955608919943
secondary,2,1.5,880088,False,True,1568.0,3.4369722158943574,,1522.0,3.3320344407498066,650.0,1.2021204393443525,64000,0.01106693770162592,0.0030292559437127284,0.003044383674394753,0.003044383674394753,7.877957166080307e-05,0.009421064350491726,0.9629638687884695,0.0023764064606423786,125.61874237582118,0.002467804387751535,0.16296881427892584,0.16914433497861703,0.3578161840570302,,True,3.593155079029131e-10,0.0036172881971381697,0.09589330483868785,0.0006877825180852562,0.07464694244466459,0.07461221087756824,0.009213806963293988,0.0,True,4.046049844154416,0.03727952222790451,7.877957166080307e-05,0.007573139859281821
secondary,2,1.5,880089,False,True,1067.0,2.852966747374722,,1060.0,2.83612302205313,415.0,2.046896236857961,64000,0.002182905758420203,0.0006494162739103705,0.0006606736197441256,0.0006606736197441256,0.00016734240171301096,0.0022009583861288817,0.9462791456962103,0.00016117448734597243,125.25178382694332,0.00017032446300757352,0.17240852673259477,0.1726914553142258,0.12709797427149505,,True,3.676778066036279e-12,0.0006113213076215356,0.0915949440481576,0.0008824960115132316,0.08249264238013822,0.08249223292702797,0.010697875423199082,0.0,False,4.046049844154416,0.043284137188818,0.00016734240171301096,0.0016235406847759262
secondary,2,1.5,880090,False,True,1825.0,3.8155910263037702,,1408.0,2.982144922373158,537.0,1.5890252912864749,64000,0.031590005669388604,0.02501863191719605,0.02455231482539409,0.02455231482539409,0.00015341415462399866,0.07328850443909829,0.951606929860869,0.005122281974974105,122.58258976665918,0.005382770778816224,0.1641587964546698,0.17314663720162926,0.507393985700255,,True,2.7953073883368873e-13,0.024268051642398297,0.11245274765654578,0.0005390656943858984,0.056558522826275964,0.056552791179458294,0.009531113392789304,0.0,False,4.046049844154416,0.038563359857513226,0.00015341415462355457,0.06254657979299012
secondary,2,1.5,880091,False,True,1511.0,3.525750967262754,,1303.0,3.0239526906837724,632.0,1.9209156313034994,64000,0.025936058916292883,0.015099110487079152,0.014967377101592747,0.014967377101592747,0.00018328695118885463,0.04536961214772095,0.9566511887691072,0.012816365743606622,125.44964681030392,0.013397114741577894,0.13927101464830383,0.1729662841897741,0.39288927101738413,,True,3.2762614561414327e-10,0.013941328872334515,0.09934663746381567,0.0007042999069426168,0.07596014417618033,0.07585473905268493,0.009271966431620756,0.0,True,4.046049844154416,0.03751483833566414,0.00018328695118885463,0.03774777621769788
secondary,2,1.5,880092,False,True,1225.0,3.4727043471687087,,956.0,2.84446605663609,312.0,0.8095634542679507,64000,0.023268444931672624,0.02027967701754233,0.02003243022994643,0.02003243022994643,0.00014074827425103464,0.060201190459793,0.9502108356581828,0.0052162120818661,126.27089772946742,0.005489531255716512,0.1638116280717279,0.17297004609975675,0.3719325815975145,,True,3.4752650334302776e-10,0.019697123906137416,0.11692914239895025,0.0006913467978439994,0.06241388553734706,0.06240389828505195,0.011076810743184914,0.0,True,4.046049844154416,0.044817328381191276,0.00014074827425103464,0.05069919254385583
secondary,2,1.5,880093,False,True,1617.0,2.974497035799733,,1572.0,2.8856320179873394,751.0,2.027374610383443,64000,0.0016603405331890037,0.0034053955933006958,0.0035177184845028415,0.0035177184845028415,0.00011491723516732222,0.010893752819090441,0.9526467003337796,0.0040169851010159775,123.02162652098677,0.00421665775949105,0.16707253381317422,0.1741495169200693,0.17510994006903036,,True,3.919925824907855e-10,0.0051466695560908726,0.11984098693233669,0.0006866048816006541,0.052616109601982375,0.052492172193105015,0.01304932817714036,0.0,True,4.046049844154416,0.05279823223743858,0.00011491723516732222,0.008513488983251738
secondary,2,1.5,880094,False,True,2359.0,3.203443000092654,,2275.0,3.054994535130017,1253.0,0.3236114854415739,64000,0.007050968454112501,0.006006779382806946,0.006206506138448943,0.006206506138448943,0.00019913208371047375,0.020732578032790272,0.9522561305024645,0.0032533702322619187,122.34309966084643,0.003416486518753369,0.16802106098263359,0.17373876875784688,0.2655577284316657,,True,7.744298694076918e-10,0.0061550279810994105,0.1251633389639526,0.000567244925314065,0.045251080559255294,0.04525105140118329,0.012535500109688437,0.0,True,4.046049844154416,0.050719258265202564,0.00019913208371047375,0.015016948457017365
secondary,2,1.5,880095,False,True,4756.0,3.149706672383776,,4641.0,2.6389693484364196,4423.0,1.6826242208478288,64000,0.02566744986748969,0.018444003702919296,0.01840508157318414,0.01840508157318414,0.0004135147071937517,0.05572401517609693,0.9465593603176358,0.0036293252858822967,122.67164944459944,0.0038342289327363563,0.16668157599947975,0.17307885292137826,0.2443285619293929,,True,1.8153013814359298e-14,0.01858769167163063,0.11339925418688424,0.0015032213645341486,0.11464904104561072,0.1146461870692041,0.01311150403723066,0.0,True,4.046049844154416,0.05304979886646711,0.0004135147071937517,0.04611000925729824
secondary,2,1.5,880096,False,True,2053.0,3.4769357156587555,,1986.0,3.2867811127973194,1395.0,1.5530269023801906,64000,0.001955961490205648,0.005667926666601507,0.0056278135284032315,0.0056278135284032315,6.160819679257301e-05,0.01726593372982954,0.9616109962387811,0.0013409974377213002,123.3818681548433,0.0013945321371806696,0.15417855797400692,0.15770653370737175,0.3736042333466689,,True,1.6035241710843362e-13,0.005093162509969605,0.09212215852186212,0.0008564792833627541,0.09588491769565435,0.09584352362645385,0.008932367091154848,0.0,False,4.046049844154416,0.036140802477097105,6.160819679257301e-05,0.014169816666503767
secondary,2,1.5,880097,False,True,7989.0,3.6071098296494943,,7901.0,3.2031044771947674,7636.0,13.379845394750992,64000,0.010246862879995119,0.011295833640658181,0.01122442894796487,0.01122442894796487,0.0006182176814020224,0.03466476082921455,0.954064702629138,0.006720513141693482,116.70459176930738,0.007044085294397339,0.16210779662857755,0.17393267381956878,0.42503104381214585,,True,3.1521985542626307e-13,0.01140266582657618,0.11828390285511681,0.0013747032442652724,0.11440770499961646,0.11440706279258621,0.012015827467825537,0.0,True,4.046049844154416,0.04861663685358186,0.0006182176814020224,0.02823958410164545
secondary,2,1.5,880098,False,True,1258.0,2.884867322373243,,1231.0,2.8169262857747377,675.0,0.5345825254180648,64000,0.0033536890125244884,0.002745298713352548,0.0028338850453413105,0.0028338850453413105,2.928555617298656e-05,0.008721904513156353,0.950429410040202,0.003659599289390101,124.75906052015355,0.003850469325476054,0.16684368134539262,0.1732728502619123,0.13970067056720703,,True,6.324946365265927e-10,0.002711303905649959,0.11972568762190683,0.000920209553763058,0.06616055183725686,0.06615451160205904,0.013908734558723289,0.0,True,4.046049844154416,0.056275433293707496,2.928555617298656e-05,0.006863246783381368
secondary,2,1.5,880099,False,True,1465.0,3.8177746217033013,,1189.0,3.1933372172652406,383.0,0.09492443909121479,64000,0.023471110040206286,0.017241995216300304,0.016917413047220737,0.016917413047220737,0.00010193025178084625,0.051013924460316495,0.9533341851024344,0.0034935709789393784,122.03070727252297,0.0036645816687712707,0.16820558807898234,0.17436122982390012,0.5082566406729092,,True,5.728598706511434e-10,0.01683308478591995,0.11527477426547073,0.0006069316508703624,0.061455904854459405,0.06145537330079841,0.009875888286206265,0.0,True,4.046049844154416,0.03995833626129128,0.00010193025178084625,0.04310498804075076
secondary,2,1.5,880100,False,False,,,,,,,0.5834779455459647,64000,,,,,,,1.4640270237704063,2.1695656588872625,0.09745319448538774,1.4819164015837873,-13.031289341234114,-6.309795645795607,,,,,,,,,,,,,,,,
secondary,2,1.5,880101,False,True,1340.0,2.8136018187252696,,1321.0,2.776416867632481,533.0,17.368774675789975,64000,0.0062365348883728555,0.0014552644567266074,0.0014886336717889815,0.0014886336717889815,0.0001211382632968494,0.004697672935680686,0.949923412946952,0.004796866034097997,120.13930678381035,0.005049739767142549,0.16469342986772606,0.1731239217456877,0.11154639752109419,,True,6.11181901963298e-10,0.0025068792178672833,0.12634919881454998,0.0007196540435244333,0.04957248629315977,0.04953950780915871,0.014517206969781024,0.0,False,4.046049844154416,0.05873734299763991,0.0001211382632968494,0.0036381611418165186
secondary,2,1.5,880102,False,True,902.0,2.8404888237033243,,864.0,2.7488261594355885,280.0,1.9434802302141592,64000,0.0033078092770880943,0.003525363684618085,0.0036205951117876272,0.0036205951117876272,0.0001454232865230054,0.011242119382754545,0.9562667285901367,0.0014426816895662118,122.29876847953727,0.0015086603417575938,0.17002063788492006,0.1737418220902227,0.12216842417909102,,True,4.899224988370865e-10,0.0038146795698759013,0.12956723943356785,0.000890830157733798,0.058922549432558466,0.05892034927216976,0.015118662826248274,0.0,True,4.046049844154416,0.061170863371964986,0.0001454232865230054,0.008813409211545211
secondary,2,1.5,880103,False,True,977.0,3.3931806515616296,,828.0,2.9832198517818975,292.0,0.007383547484286272,64000,0.016708590028856628,0.01201329645004299,0.011980175715337157,0.011980175715337157,0.0001074432792158575,0.03643085610590946,0.9531843480134272,0.001818919976328487,126.11900318839425,0.0019082562361828297,0.17099317965773686,0.17419214595764299,0.3405158129626191,,True,2.9673122335996394e-10,0.011652466717026288,0.1065326615319293,0.0008401047268341257,0.07962895693039605,0.07962050191117256,0.010550241510364931,0.0,False,4.046049844154416,0.042686803018803475,0.0001074432792158575,0.030033241125107475
secondary,2,1.5,880104,False,True,763.0,2.3778652795370148,,721.0,2.274160097507661,327.0,0.9706515829587798,64000,0.007808340551697477,0.005097305986606007,0.005213063636203579,0.005213063636203579,7.735427302346665e-05,0.01602502592237931,0.9437805426207964,0.010364325779872598,121.69142398755278,0.010981711649926335,0.15388632332822105,0.1721910242099436,-0.06059643277550031,,True,2.8355442993621693e-13,0.006569495787465139,0.13206465603572237,0.0011004274135197366,0.05934040667721103,0.05926872914656499,0.01854431870522287,0.0,True,4.046049844154416,0.07503123780721681,7.735427302346665e-05,0.012743264966515016
secondary,2,1.5,880105,False,True,1365.0,2.9510662769373703,,1325.0,2.8091366336192123,992.0,0.6193987996560651,64000,0.011976627170796826,0.005750752430965091,0.005931584678733648,0.005931584678733648,0.0010284325476712652,0.020561603891820823,0.9599466058740624,0.003904363507694998,127.87562685509292,0.0040672715376080205,0.16335912228147542,0.1734746876080857,0.16585334397525742,,True,1.9759182961695543e-10,0.006002649523931561,0.12138770633623785,0.0013176506923852807,0.09034955154036743,0.0903484152090103,0.014583920671665595,0.0,False,4.046049844154416,0.059007269960752944,0.0010284325476712652,0.014376881077412728
secondary,2,1.5,880106,False,True,2380.0,4.044853793833854,,1697.0,2.844663846484748,702.0,0.06008059547526138,64000,0.0377878333480377,0.033592205439016615,0.03271233282898836,0.03271233282898836,4.608123604299408e-05,0.0963670178146061,0.9559413867416497,0.0003349584353203615,123.99796080233321,0.00035039641547697373,0.1735801697111734,0.17444182625638582,0.5979669308973248,,True,1.0027442192556135e-09,0.033320975516296744,0.10408495765014791,0.00045511331250795933,0.054759732199584146,0.05473170950605776,0.008311094562135487,0.0,True,4.046049844154416,0.0336271028578809,4.608123604299408e-05,0.08398051359754152
secondary,2,1.5,880107,False,True,6180.0,2.711159641116256,,6152.0,2.5747740221048856,5954.0,0.0004913797859512064,64000,0.008151048811872556,0.005673398227279866,0.005742832371288437,0.005742832371288437,0.000544004516033425,0.018097730023347136,0.9555513948209057,0.009041842168448876,115.47959926334904,0.009462434168853413,0.15811127854867024,0.17402393924987658,0.07107541377432325,,True,4.326406203777888e-11,0.0058877162256229555,0.13570371952942217,0.0021385956815677507,0.11129663223828062,0.11129584841004589,0.019215277574519258,0.0,False,4.046049844154416,0.07774597083576748,0.000544004516033425,0.014183495568199665
secondary,2,1.5,880108,False,True,1269.0,3.4861630259461602,,1059.0,2.999422842174019,356.0,8.426005483083783,64000,0.0020763486450082465,0.015167697778388722,0.015196870950177849,0.015196870950177849,3.402985674805237e-05,0.04592000690452691,0.953354007807412,0.009100762204337684,124.20176752754382,0.009546047040037343,0.15769432542795458,0.17372341795041146,0.3772495904972484,,True,3.27860401588137e-11,0.014953740590078276,0.11884534308146577,0.0006844812028008035,0.06123512568900407,0.06123091732740146,0.011177917822478074,0.0,False,4.046049844154416,0.04522641266360828,3.402985674805237e-05,0.037919244445971806
secondary,2,1.5,880109,False,True,1013.0,2.962963726447501,,907.0,2.698540995598859,366.0,2.4099689362711665,64000,0.011297372428240185,0.009591339303123959,0.009663097627986504,0.009663097627986504,0.00024196294381662042,0.029632545443429414,0.9559714764854981,0.003997933812007169,127.37576407948744,0.004182063911263379,0.1673688688807795,0.17439532187882412,0.17055357094222257,,True,3.7917152057032055e-14,0.010702461266930315,0.11071976062341449,0.0008791296204608532,0.07100602610546548,0.07092834365674243,0.012381056491671273,0.0,False,4.046049844154416,0.05009437168859357,0.00024196294381662042,0.023978348257809895
secondary,2,1.5,880110,False,True,1805.0,3.0548993152940906,,1702.0,2.7098174278019895,1372.0,1.3690787935083715,64000,0.01597259336260947,0.012842397640535491,0.012801465112468957,0.012801465112468957,2.688881812362709e-05,0.03880010712670279,0.9549100898795818,0.002243494885770565,125.58054297237008,0.002349430495653763,0.17027398946115602,0.17421330870905116,0.20687380357297402,,True,2.999140772969727e-10,0.011494384310666234,0.12573212817527946,0.0011602171614379956,0.08155755252749909,0.08145202575705994,0.014225747652822225,0.0,False,4.046049844154416,0.05755808407368141,2.688881812362709e-05,0.03210599410133873
secondary,2,1.5,880111,False,True,3292.0,4.232739621051449,,2809.0,3.2349451450092275,1931.0,1.1797376279044776,64000,0.026969668856962538,0.025517241925220664,0.024428201475836322,0.024428201475836322,0.00012161161415136235,0.07271327182379661,0.9496382500253201,0.0011187425070293853,122.95171902212377,0.001178072289105411,0.17216553481871877,0.17413974357983442,0.672193430538844,,True,9.144074386568946e-13,0.024660940303013416,0.10149028244164171,0.0004954904937069009,0.06353662921990336,0.06352936811445348,0.007798501428081497,0.0,True,4.046049844154416,0.03155312548772713,0.00012161161415136235,0.06379310481305166
secondary,2,1.5,880112,False,True,1997.0,2.8628097638944374,,1842.0,2.62097647470543,882.0,0.6417652979478015,64000,0.0018249895210039864,0.009641181589987438,0.00978874830510738,0.00978874830510738,9.513447931652763e-06,0.029780503985201268,0.9547646119205202,0.0020239773215838296,125.04793919811493,0.002119870485681885,0.16977085921924928,0.1733058327731416,0.130986573390395,,True,6.917757512658884e-11,0.010803771580084697,0.10925288238547637,0.0005628795747061615,0.04583118577637104,0.04578525296969705,0.012281584365996539,0.0,False,4.046049844154416,0.0496919025100096,9.513447931652763e-06,0.024102953974968592
secondary,2,1.5,880113,False,True,1777.0,3.82149649823489,,1466.0,3.131004445510323,630.0,3.96784684125569,64000,0.025034891036752393,0.018773995205069997,0.018934387270242017,0.018934387270242017,0.00013094885604658657,0.0570075480604193,0.967492377252023,0.003930871526959622,124.80972827513617,0.004062948318129917,0.15559245408177258,0.165875261257868,0.5097270116483517,,True,3.3905864227357085e-13,0.018895336399119455,0.078621337954214,0.0005983249321979569,0.08805543484181064,0.08805370892867485,0.006794866589130273,0.0,True,4.046049844154416,0.02749236890400059,0.00013094885604658657,0.04693498801267499
secondary,2,1.5,880114,False,True,1543.0,3.3127295264474204,,1393.0,2.9995729910008033,580.0,0.2024231044120954,64000,0.013549101002020884,0.010279615626533432,0.010151083838299624,0.010151083838299624,2.1887020332123086e-05,0.030861431967568187,0.9490415067513562,0.0024916201893399317,123.16110990771062,0.0026254069728403593,0.1691305363182627,0.17351808434635885,0.3087326524236722,,True,2.597791773362168e-14,0.010963839056417292,0.12181338793658014,0.0006505758930518794,0.05447458683069499,0.054443770245386436,0.011942741210205877,0.0,True,4.046049844154416,0.04832092621233001,2.1887020332123086e-05,0.025699039066333577
secondary,2,1.5,880115,False,True,1707.0,3.7780763011732517,,1457.0,3.2542644977829407,519.0,0.22804120344711337,64000,0.009191464790755223,0.014274049164452962,0.014097425285594602,0.014097425285594602,7.984875151390014e-05,0.042684325909427834,0.9535357819306612,0.00504361850448669,124.27523782182118,0.005289385673891207,0.1608734047989464,0.17395289557166205,0.4925733535499266,,True,3.409561695477681e-12,0.014254443763414924,0.11406963319988428,0.0005696924887164433,0.058158621803690524,0.05815661176890825,0.009795494993663912,0.0,True,4.046049844154416,0.03963306099252923,7.984875151390014e-05,0.035685122911132405
secondary,2,1.5,880116,False,True,1062.0,3.073719044198787,,1010.0,2.9441580681332726,386.0,0.0818589570793479,64000,0.01551585692843127,0.004876928666467395,0.004984973259231995,0.004984973259231995,4.3913908805315316e-05,0.015299301545633082,0.9491831219736562,0.0023384671931118896,124.28708955574957,0.0024636628475330096,0.16827383782963956,0.17236248746187854,0.2143087582019898,,True,4.3337221311556817e-10,0.004575676921759009,0.11680838487614231,0.0008482650674628467,0.06768943236633308,0.06767404984133182,0.012531720799076327,0.0,True,4.046049844154416,0.05070396698608942,4.3913908805315316e-05,0.012192321666168487
secondary,2,1.5,880117,False,True,2016.0,3.0930215221595776,,1926.0,2.784811419448455,1589.0,0.17772685544806158,64000,0.02275347217397224,0.011264061201135123,0.011415296906015253,0.011415296906015253,0.000333024098410295,0.03496647346531745,0.9475970074749284,0.0037679292312429347,122.98656952970369,0.00397629920896793,0.1666346931912024,0.17327659734955336,0.22193442850748735,,True,2.477959244046035e-13,0.01023275677716166,0.12753642909135543,0.0011784097758807909,0.08254794417332109,0.08245023009705023,0.014275458797696436,0.0,False,4.046049844154416,0.05775921784365245,0.000333024098410295,0.028160153002837803
secondary,2,1.5,880118,False,True,1235.0,2.7572347055380755,,1208.0,2.6971130985246146,579.0,0.4294618319912936,64000,0.005013829071094535,0.002388406381930789,0.0024347924654699905,0.0024347924654699905,0.00022845235828050647,0.007704569698520292,0.9451377564153961,0.0013767239081103454,120.56676198480852,0.0014566383564358035,0.16946615658822806,0.1718762090100041,0.08927790836072114,,True,1.1342790422197435e-11,0.003396494592808005,0.11092508474820395,0.0008432580587042022,0.06377825006802325,0.06372666444211005,0.013221718341359602,0.0,True,4.046049844154416,0.0534957314345116,0.00022845235828050647,0.005971015954826972
secondary,2,1.5,880119,False,True,1214.0,2.6253142966032743,,1166.0,2.5309104954683157,512.0,2.067337396596339,64000,0.0014218295641170336,0.004226287409023641,0.004343622898219451,0.004343622898219451,0.00011038878224756132,0.013409940976507606,0.944755477169312,0.003196467691580698,123.79141700977767,0.0033833809581691908,0.16689496739918974,0.17252097400619393,0.03716120359635533,,True,5.012257969783107e-13,0.003973272987491813,0.13309885116196707,0.0007777655171975346,0.04744142873939085,0.0474372021066972,0.01639422626729941,0.0,True,4.046049844154416,0.066331856633839,0.00011038878224756132,0.010565718522559102
secondary,4,1.3,880040,False,True,3895.0,6.41269993144904,,3286.0,5.149591951543824,1764.0,10.259500070437033,64000,0.021645505595254445,0.013455829468125569,0.011036918309175525,0.018492432768174437,3.9613202591048946e-05,0.03446196246640021,0.769964184482883,0.014169542326882681,134.07988172065672,0.01840285900622652,0.052281423235701396,0.0852054162045528,0.29386127242351345,,True,1.3415104530706268e-12,0.011359537555428699,0.05430286503592896,0.0003388732039632695,0.12497233940996577,0.1248250397132364,0.002711585664181353,-1.0,True,7.6105432889477465,0.020636640078942312,3.9613202591048946e-05,0.0563633377562619
secondary,4,1.3,880041,False,False,,,,,,,5.57169874694316,64000,,,,,,,0.08850352955799483,2.5715064630374034,0.09749257501944016,29.05541141556778,-14.966101986805132,-0.5502603113258024,,,,,,,,,,,,,,,,
secondary,4,1.3,880042,False,True,3404.0,7.6510311389284915,,2760.0,5.988015346803374,1272.0,2.0299383849418318,64000,0.026569499114675182,0.015003037434969672,0.011899178799429502,0.018331457846395303,7.660794079988875e-06,0.03402342076161258,0.7607531595999399,0.009720383813381837,137.7770556337909,0.012777316388003607,0.069567730680264,0.08407194276053875,0.5437137228607294,,True,2.685670262569939e-12,0.011864532673747515,0.0387380984426855,0.00034789877246419604,0.21206175552107318,0.21189399909783654,0.0016405540528010216,-1.0,True,7.6105432889477465,0.012485507636700841,7.660794079988875e-06,0.05778288421051024
secondary,4,1.3,880043,False,True,3036.0,8.25931612322744,,1821.0,5.185884933432998,791.0,11.073880911958488,64000,0.03126671700559173,0.030692445540294294,0.024131483698625555,0.033823852414801674,0.001425105171778629,0.06225506375537204,0.7572689811862722,0.004076902050023155,136.76295161958004,0.0053836908038100715,0.07669549362447814,0.08399889406499694,0.666444615026974,,True,3.5994343660153416e-10,0.02356906525804305,0.054888232979379836,0.0003082135614973809,0.14385551637833538,0.1435300104385415,0.002142521672139351,-1.0,True,7.6105432889477465,0.016305753933325243,0.001425105171778629,0.10755003309881239
secondary,4,1.3,880044,False,True,2760.0,5.862775059847812,,2560.0,5.382453832240075,1294.0,1.9240284123915006,64000,0.013414863561604038,0.006082099433377044,0.005009070553039539,0.007574845230717331,5.836721421026425e-05,0.014435584770632559,0.7622822287628352,0.008618190366795384,140.06695359710903,0.011305773690648,0.07116100967038319,0.0843122371734295,0.18290543452162655,,True,1.2088903654158822e-09,0.00457699152053579,0.051164271201198375,0.00041933915044148367,0.1486498592709665,0.14841386157393552,0.002820985855607781,-1.0,False,7.6105432889477465,0.021469234971612315,5.836721421026425e-05,0.022993767704923077
secondary,4,1.3,880045,False,True,2882.0,9.705806099247887,,1706.0,6.083840338889696,629.0,3.411883771785659,64000,0.033954720653445854,0.024084578687372876,0.018778250044256747,0.030636570259347407,1.6081291689395982e-05,0.05549413640923273,0.7662726799255559,0.003762229452855439,139.10062936339293,0.00490977892259051,0.07895342035443642,0.08531493122686795,0.9582963125846933,,True,2.6885443957930244e-11,0.018751295952681643,0.03590143430187709,0.00031002944481738586,0.2584157510102367,0.2576617287192569,0.00119973122228569,-1.0,True,7.6105432889477465,0.009130606402307435,1.6081291689395982e-05,0.09823451138730502
secondary,4,1.3,880046,False,True,4493.0,9.767004685506075,,2520.0,5.033263487690006,1314.0,0.6183922976859021,64000,0.04986898707236281,0.03870909760183421,0.029669784393053292,0.04374444960181375,1.549396098399214e-05,0.07714376205726436,0.7577734625463517,0.029019821960999205,140.44640342897583,0.038296170815330065,0.02630567136626283,0.08410235050552028,0.9706440727376693,,True,1.450662506785605e-15,0.029537069033879912,0.04554162069724299,0.0002564200899783386,0.170341661104424,0.17016794849052755,0.001505328105384309,-1.0,False,7.6105432889477465,0.011456364710096978,1.549396098399214e-05,0.14267951417702138
secondary,4,1.3,880047,False,False,,,,,,1695.0,5.677390705293499,64000,9.177452218485492,,,,,,0.023152437400558563,0.23127503198290308,11.418038808643333,9.989230420176991,-0.305317004136624,-0.001125759760991496,,,,,,,,,,,,,,,,
secondary,4,1.3,880048,False,False,,,,,,,2.9281908198294513,64000,,,,,,,1.75712346500772,2.1952814112353365,0.059640525411090536,1.2493609327707038,-15.768507337174434,-6.446347048887725,,,,,,,,,,,,,,,,
secondary,4,1.3,880049,False,True,3151.0,7.0178133445023905,,2190.0,4.822448980330863,1093.0,13.9696909209532,64000,0.03374836337933226,0.02523454098445149,0.02000969667528646,0.029037255504457647,0.00010020592401005501,0.052966526840150685,0.765049720547827,0.01055910424960401,139.2823748857481,0.013801853612916795,0.06776929783861219,0.08474567909323882,0.4159522510975817,,True,2.146493052745946e-12,0.02012952506282606,0.058959341580685276,0.0003371470922378904,0.12478899667998007,0.12462002871880143,0.0027017373422954924,-1.0,True,7.6105432889477465,0.02056168899890648,0.00010020592401005501,0.0915483410361012
secondary,4,1.3,880050,False,True,3852.0,6.344820476101789,,3243.0,4.894489247967316,2202.0,1.9186128000139973,64000,0.025916254754192996,0.015393993993589084,0.012459920733479133,0.02059348837221477,1.8179069470658504e-05,0.03817402598417807,0.763306632918002,0.018193675492355465,136.2349503172254,0.023835343108186923,0.05953276536618812,0.08416411830208803,0.2801655437279773,,True,1.4690218390692178e-09,0.012374635633864843,0.05306754630196764,0.0003862732336943813,0.14286879396021593,0.14282242877687668,0.0027036921288909684,-1.0,True,7.6105432889477465,0.020576565986912005,1.8179069470658504e-05,0.06360715350642558
secondary,4,1.3,880051,False,False,,,,,,,1.3240059738485308,64000,,,,,,,0.032124754162988614,0.6395205992076041,2.1228994632833365,19.907408348182937,-0.9325372208925007,-0.01704435620070921,,,,,,,,,,,,,,,,
secondary,4,1.3,880052,False,False,,,,,,,1.165037335829341,64000,,,,,,,0.6849201601071142,2.0180636042371662,0.06580886885607436,2.9464216733254904,-17.05238401292922,-3.4872097690317334,,,,,,,,,,,,,,,,
secondary,4,1.3,880053,False,False,,,,,,,1.2885385540410028,64000,,,,,,,1.3241021129741826,2.178286962004544,0.08884558338588625,1.6451049663471207,-15.83474317035763,-5.302425428096639,,,,,,,,,,,,,,,,
secondary,4,1.3,880054,False,True,3942.0,7.6164533705267345,,2970.0,5.37967219105216,1585.0,18.94530876626189,64000,0.030106247305860284,0.021067181381304173,0.016759750018778045,0.02575323113476838,8.6904358991724e-05,0.04727064900878464,0.7564081275870562,0.016241739541624396,138.50926181679503,0.02147219067229696,0.05895691734949127,0.08428919057599549,0.5367371239398202,,True,2.4967762232708246e-12,0.0167985386647173,0.05246365169652023,0.0003139641832778313,0.14154802095222607,0.14153596625838755,0.0022180754006006025,-1.0,True,7.6105432889477465,0.016880758854421,8.6904358991724e-05,0.08093020344320931
secondary,4,1.3,880055,False,True,3574.0,8.56230689519185,,2582.0,6.1430438754862555,1026.0,4.996679125370727,64000,0.026169000463558238,0.022693362248373455,0.01777834587966796,0.023311766262669308,1.5264499846345814e-06,0.04279866626935114,0.7647811275926143,0.00981345598385748,135.0885629024522,0.012831718291412832,0.06439718646010739,0.08517997649968345,0.7275776837713694,,True,3.2408972909861444e-09,0.017552577911088114,0.051588055907949126,0.0002906512153554917,0.15029538732731876,0.14940068027103143,0.0019338665046486152,-1.0,False,7.6105432889477465,0.014717774748674355,1.5264499846345814e-06,0.07439139164419917
secondary,4,1.3,880056,False,True,3749.0,7.026198382732302,,3041.0,5.486279572793462,1469.0,3.06243773488087,64000,0.022499832207107662,0.01777000050473404,0.014426646261734457,0.018647948681658345,0.0028778332288004194,0.03737458365711799,0.7676531314509347,0.01225730454817626,133.5411512199838,0.015967243597389918,0.06710162058080549,0.08483521040705089,0.41764406208974547,,True,2.105730638468639e-09,0.017316869845833683,0.057519470007129314,0.00032212421362737053,0.12358642639153276,0.12323819961942277,0.0026064691975707143,-1.0,False,7.6105432889477465,0.019836646659420816,0.0028778332288004194,0.057423959018851604
secondary,4,1.3,880057,False,True,5071.0,8.671833736323386,,3936.0,5.757571513278352,2851.0,1.2792952974239569,64000,0.0340009891437872,0.022901832369093968,0.01832104445204385,0.02962060740371269,0.00037570532877584384,0.05427959976787289,0.7698214814438804,0.009038194622363006,140.53256389831373,0.011740637070052826,0.0659378396459509,0.08524686897825262,0.7496764159038354,,True,3.5727632248083036e-09,0.019327039729022367,0.056096301939295046,0.00029265557675549727,0.1414858342316217,0.1411702594003433,0.0020684443664967947,-1.0,True,7.6105432889477465,0.015741985392003954,0.00037570532877584384,0.09256652741690374
secondary,4,1.3,880058,False,False,,,,,,,1.3929544900257187,64000,,,,,,,0.003122859920037699,0.9495324968284994,0.2682544791817093,304.0586261125144,-5.917810761859278,-0.006336709857376999,,,,,,,,,,,,,,,,
secondary,4,1.3,880059,False,False,,,,,,,1.0335713000838151,64000,,,,,,,1.619196821670466,2.155447193996264,0.11839031722880283,1.331182945241066,-15.265968475406497,-6.341740542081562,,,,,,,,,,,,,,,,
secondary,4,1.3,880060,False,True,5345.0,9.332581118591358,,3789.0,5.932525325690471,1812.0,8.953804666780524,64000,0.029581602883284337,0.026075687560411898,0.020517362993311,0.032218935775151385,9.101656384125079e-07,0.05827260059801276,0.7577234358795685,0.013259563912108596,130.70154483255072,0.017499213148550484,0.0675732970663705,0.08419101907822579,0.8829924072819888,,True,1.459552964599986e-15,0.020403188552480515,0.05190930342429212,0.0002492476659419192,0.13985764430274095,0.13948373642587267,0.0017821526108532805,-1.0,True,7.6105432889477465,0.013563149592410138,9.101656384125079e-07,0.10236828473957903
secondary,4,1.3,880061,False,False,,,,,,,7.055671993279721,64000,,,,,,,1.4616149683032837,2.057438033450382,0.10586239049432775,1.4076470740025053,-14.607251472354948,-5.470560577142873,,,,,,,,,,,,,,,,
secondary,4,1.3,880062,False,False,,,,,,40271.0,1.0694495456163542,64000,84.03726142073296,,,,,,0.002543170795488605,0.2208161501936954,2.8923675315801263,86.82710205126874,-0.4828446459827691,-0.001556651294396083,,,,,,,,,,,,,,,,
secondary,4,1.3,880063,False,False,,,,,,13051.0,7.953008639943538,64000,16.152471248920442,,,,,,0.018995045868243056,0.30703063523239194,5.007126838525794,16.16372170733751,-0.536399141594714,-0.006842936724930748,,,,,,,,,,,,,,,,
secondary,4,1.3,880064,False,True,5706.0,10.528587469879875,,3787.0,6.116264896013092,1823.0,2.07983489232905,64000,0.051922347778022966,0.03628123018434354,0.028214943810201544,0.03668763102729303,6.132355018895197e-06,0.0657022907697078,0.7654312332519385,0.016808598542737148,138.04595658520486,0.021959645507703848,0.05753625610548019,0.0846233484072152,1.1243051641623958,,True,7.011357857147904e-12,0.02871802063762932,0.04779010203588996,0.000231287504015921,0.15933431545778493,0.1582321442793332,0.0014515862659679223,-1.0,False,7.6105432889477465,0.01104736011479089,6.132355018895197e-06,0.1179403718800082
secondary,4,1.3,880065,False,True,3559.0,8.714481430485106,,2273.0,5.391481826240309,1042.0,1.838472712615686,64000,0.030108655719343593,0.0308126168618389,0.024272340342428794,0.033733256867213936,8.582720645744502e-06,0.06086391154208881,0.7659945314702955,0.006624759884227902,136.37560130638144,0.008648573341002766,0.07484255339878709,0.08500066229892145,0.758281247008344,,True,1.4263763781219296e-15,0.024465151782264064,0.041815215116564275,0.0003061651432894721,0.1977309002201917,0.19725161556449738,0.0015483930076104887,-1.0,True,7.6105432889477465,0.011784112012723622,8.582720645744502e-06,0.10705703536285482
secondary,4,1.3,880066,False,True,3705.0,7.51013753504294,,2654.0,5.134255278140748,1336.0,22.012938598145684,64000,0.017083996915479363,0.02458558880546706,0.019393375831241594,0.02916448139634327,0.00011458283236187583,0.053158671677617786,0.7617246266259553,0.007978446019143662,137.2504241296491,0.010474186786482192,0.069629773549027,0.08439728475833119,0.5152862617993319,,True,7.161805870570248e-15,0.019449360709628185,0.0533434224327074,0.00031478898941461294,0.13779121518338042,0.1376779358603146,0.002284535984356287,-1.0,True,7.6105432889477465,0.017386560004102374,0.00011458283236187583,0.09243181197211969
secondary,4,1.3,880067,False,True,3332.0,7.969335412423984,,2217.0,5.220491469795813,1034.0,8.541776651816475,64000,0.026024140366985707,0.02445238948604657,0.019302147152503852,0.03119986680359873,2.5584704614889375e-05,0.05658190643438932,0.7663858010158389,0.008862658893451853,139.69391508734682,0.011564226374894293,0.06549547109346232,0.08529197973873925,0.6079365270968944,,True,2.8990985833764887e-09,0.01918025392469969,0.04878255005550258,0.00031840113090594397,0.1613421548333425,0.1611011276514597,0.0019734528228833605,-1.0,True,7.6105432889477465,0.015019048137249946,2.5584704614889375e-05,0.09881171366153
secondary,4,1.3,880068,False,True,3943.0,7.643578092508405,,2832.0,5.104411024065704,1476.0,1.4436700952518686,64000,0.029158629816841992,0.022354909581240437,0.017627088990975547,0.02922827530628753,1.1139917027946922e-05,0.053172285963550614,0.7606006848901194,0.003999206579160806,134.07811359366016,0.005257958162026312,0.07838016469867304,0.08448513360994436,0.5422099556132971,,True,1.825973833941008e-12,0.017540223328031578,0.045169866499456646,0.00031676843090106135,0.16684793562114728,0.16633145405578084,0.0018985457010408002,-1.0,False,7.6105432889477465,0.014448964243816656,1.1139917027502833e-05,0.09266922235744314
secondary,4,1.3,880069,False,True,3141.0,7.5972631730816325,,2545.0,5.934323109691312,1243.0,4.320137775434688,64000,0.017694674356600944,0.014608122833733644,0.011624137545123073,0.019020143530729908,3.798657362974467e-05,0.03530472364495729,0.7547231727928778,0.007959290919678367,145.3320434885189,0.010545973949924911,0.07103844813954785,0.08389282660005604,0.5328652051614893,,True,1.5066275050462652e-12,0.011763659060010291,0.0330117391997824,0.0003767408009565233,0.2668661465415875,0.2665831972494898,0.0014117219656327345,-1.0,False,7.6105432889477465,0.010743971131406328,3.798657362974467e-05,0.05975681893249763
secondary,4,1.3,880070,False,True,4663.0,6.59199356943167,,4211.0,5.538393995066181,2849.0,3.7533030870658726,64000,0.019078569254094808,0.01323374403357369,0.010630641084426398,0.013534110711959677,0.0005108155070430165,0.02585622944623145,0.7602845377843573,0.01179159139771543,136.29691895456565,0.015509445229648915,0.06341573715619431,0.08439743341275951,0.33003653355493956,,True,7.669325140235994e-10,0.011341997130999266,0.05399632469282167,0.00036277870742540153,0.1375409627182819,0.137423807194208,0.0026376048288135265,-1.0,True,7.6105432889477465,0.020073605728822955,0.0005108155070430165,0.04212045055930563
secondary,4,1.3,880071,False,True,5134.0,9.883648063846497,,3243.0,5.656534653725543,1537.0,575.6253318575563,64000,0.03992159040099822,0.02760281416327017,0.02112280235269747,0.03546047008923186,0.000519414439949184,0.06388872189504324,0.7636696835215417,0.015264997595124907,136.9825082822999,0.01998900561920016,0.059235497731989106,0.08546230543835387,0.9941786761859259,,True,4.885780582192245e-12,0.021801622517181745,0.051905605069759275,0.00023926748255390256,0.14311623179110033,0.14298706816807322,0.001671840290646762,-1.0,False,7.6105432889477465,0.012723612904174165,0.000519414439949184,0.11584740860512163
secondary,4,1.3,880072,False,True,4331.0,7.454302065854935,,3631.0,5.963514377607279,1687.0,0.9498125274625884,64000,0.012217529975008579,0.013393622604498931,0.010724120132850824,0.016585745750211704,2.521455221016211e-05,0.03093562987423404,0.7603835730266107,0.011745162570904076,133.79551564037465,0.015446365475984627,0.06292879585343947,0.08455945766338235,0.5040205933629123,,True,1.7954914898615781e-12,0.010579634897302433,0.05616605794743279,0.0002974824906896045,0.12314280300202615,0.12307247106944333,0.002415752146592845,-1.0,False,7.6105432889477465,0.018385186287013286,2.521455221016211e-05,0.05178588463216296
secondary,4,1.3,880073,False,True,3406.0,9.946768438231617,,1942.0,5.425011229170151,973.0,1.2647304551463006,64000,0.058760252422462966,0.04191670235662376,0.03188566973941765,0.038449387023221114,0.00010272479023853975,0.06841137814745446,0.7611123751144793,0.008341898851784948,141.84857321609883,0.010960140873455433,0.06895385138460686,0.08452667006648973,1.0069141867806537,,True,1.2906863078310238e-13,0.03187409930458898,0.029775836684333257,0.00031020982873384873,0.31522447534173337,0.3147974046007256,0.00098409182344598,-1.0,True,7.6105432889477465,0.0074894734226351525,0.00010272479023853975,0.12636331029097167
secondary,4,1.3,880074,False,True,3941.0,6.841110344866941,,3438.0,5.767831123213329,1633.0,20.101284434947935,64000,0.016100397590938113,0.01403293679794516,0.011241195687254424,0.01334864812600671,5.0409352269298324e-05,0.025068351708332326,0.7509297221425589,0.019764845700027383,134.80073804350016,0.02632049993125077,0.04901439239557215,0.08367932028379199,0.380299691272018,,True,1.799048757189503e-12,0.010925335377345245,0.056911718914076204,0.0003230985384504879,0.1211499085052173,0.12103059563865218,0.0026669317578277302,-1.0,True,7.6105432889477465,0.02029679959161745,5.0409352269298324e-05,0.04165943301357404
secondary,4,1.3,880075,False,True,4103.0,7.926251330375389,,3495.0,6.4828333049648394,1637.0,2.3099225502792398,64000,0.018594269727545045,0.011850974476791131,0.009424313881865463,0.014009584986489444,5.456492933975099e-05,0.02625391449863157,0.7725605089421235,0.002773443553220076,136.81790906079206,0.0035899369966732914,0.07498635228611672,0.08151033517227946,0.599243647995034,,True,2.008600967842722e-12,0.009492770882508819,0.047799214396928136,0.0003078918423662293,0.15818236699678204,0.1580668072381587,0.0019464359284274264,-1.0,False,7.6105432889477465,0.014813434892460125,5.456492933975099e-05,0.044042260313718176
secondary,4,1.3,880076,False,True,5010.0,10.234696201886786,,3067.0,5.674236263861885,1467.0,1.0879280686309611,64000,0.03512561258029893,0.032520710179172664,0.025142167549814087,0.03858784726532248,7.789503559951783e-06,0.06879628168521545,0.7564921240398005,0.0073411015198903,141.90093538319235,0.009704134764401157,0.07312720219358937,0.08413751227735977,1.0650080609103223,,True,6.01116899312526e-12,0.025480199609138086,0.047112384638317906,0.0002404360105248324,0.16226900504298783,0.16189483291761342,0.0014817124839160553,-1.0,True,7.6105432889477465,0.01127663700061743,7.789503559951783e-06,0.12478082835016067
secondary,4,1.3,880077,False,False,,,,,,6460.0,1.7498499666680174,64000,10.917631210284766,,,,,,0.04419397340963995,0.48478818903079945,2.799466142823963,10.969554254314989,-1.2165178603531697,-0.006744011717318976,,,,,,,,,,,,,,,,
secondary,4,1.3,880078,False,True,6072.0,12.98187826596498,,2739.0,5.200044163170346,1371.0,1.5449961871014732,64000,0.06973413832854533,0.048496931805607185,0.036555854380344574,0.052633340252401004,0.0011138421742531435,0.08462145989702252,0.7631196971749796,0.0022181051594558003,131.3566736412203,0.002906628105220038,0.0811609032669498,0.08476467263460208,1.619294479892051,,True,1.6737089253600346e-11,0.036568194571586034,0.045501001563010846,0.00018773419750200794,0.1634269661093952,0.16245158420231356,0.0011487345202036113,-1.0,False,7.6105432889477465,0.008742493793518203,0.0011138421742531435,0.17456543939337346
secondary,4,1.3,880079,False,True,2725.0,7.52725024608914,,2031.0,5.791579386316725,717.0,0.7724722527931813,64000,0.0225383573902862,0.01602414524183426,0.012878692846246279,0.020413297215536468,9.324257339571318e-06,0.03781700065616933,0.760983875210298,0.009002572168689372,146.07358718725374,0.0118301746751224,0.06774496607060776,0.08443456161812168,0.5187390156043659,,True,2.4106125082190566e-12,0.012513715835510303,0.05588030189990434,0.00033733139209220984,0.1405899629802749,0.14045751679302723,0.002399398825786292,-1.0,True,7.6105432889477465,0.018260728631096967,9.324257339571318e-06,0.06349744561650679
secondary,4,1.3,880080,False,True,2606.0,6.327440643499762,,2148.0,5.239579412017156,943.0,0.84955060862926,64000,0.03184654289541022,0.018824863600114147,0.01524165363551662,0.015513561815696695,3.934339116584695e-05,0.02904152457075959,0.760802843591036,0.009726954865085768,139.61176396239367,0.012785118966135755,0.06630417103813002,0.08442499217176813,0.2766588940226504,,True,8.587780586481741e-10,0.013642979614279283,0.060768191332552846,0.00038453745739570834,0.12433268458591708,0.12425321697790306,0.0030928107011956546,-1.0,False,7.6105432889477465,0.023537969725970363,3.934339116584695e-05,0.04790173889857762
secondary,4,1.3,880081,False,True,3566.0,7.2852849334071665,,2782.0,5.463711432349011,1377.0,6.098562996555162,64000,0.022434627812735572,0.01651649302709802,0.013224194000120796,0.02176602230036091,3.12489797704707e-05,0.0402289054156606,0.7572539710209755,0.01444683227233933,141.06757866445335,0.019077922104338705,0.060389799958041834,0.08404790725270717,0.4699187759711809,,True,2.3545702158844772e-09,0.013363066593833472,0.05266602784109864,0.00033019814780192237,0.14210946332174504,0.14190104750708313,0.0023235479192144463,-1.0,False,7.6105432889477465,0.017683462023126005,3.12489797704707e-05,0.06796224320897876
secondary,4,1.3,880082,False,True,5388.0,12.05285260909305,,2620.0,5.57922175873769,1146.0,1.2765921174985222,64000,0.06141497037347995,0.042064557767985095,0.03170853398495611,0.04590843330064385,0.00020589541935134292,0.0805016454927201,0.7647123107215095,0.006906537808223976,133.51467215392563,0.009031550442424064,0.0737756215191272,0.08522531895905727,1.4318492023390763,,True,9.113681489168746e-12,0.03265529061977489,0.04795089802038177,0.00020021639111994329,0.15473462150929684,0.15429340290682153,0.001293934021791715,-1.0,True,7.6105432889477465,0.009847540885888104,0.00020589541935089883,0.152255379066786
secondary,4,1.3,880083,False,True,3199.0,6.948688515765249,,2254.0,4.805466107193662,1149.0,2.5022765831947544,64000,0.03668929203623788,0.02483007883362321,0.019710180777499735,0.027712893239793805,0.0005933011508445496,0.05112887398501531,0.7650980416020746,0.0024797421491503297,138.9901108712623,0.0032410776322964853,0.08038006181897117,0.0848407469463397,0.40200524908252167,,True,1.5277607737923526e-12,0.020486114977717622,0.058034753688232854,0.00033851767646968754,0.12615859132064666,0.1258716374271646,0.002683270896781858,-1.0,False,7.6105432889477465,0.02042114931593197,0.0005933011508445496,0.0872789209317379
secondary,4,1.3,880084,False,False,,,,,,,17.0977817219207,64000,,,,,,,0.3863092259696176,1.7985286195750845,0.10969401833565808,4.6556708943744844,-10.173103020150077,-2.409106703880579,,,,,,,,,,,,,,,,
secondary,4,1.3,880085,False,True,4163.0,9.801249367751282,,2127.0,4.96276641186259,1019.0,1.8012586247042808,64000,0.039333411270000986,0.03808836119690673,0.02913661206789109,0.041101129639261616,0.0002342633742475897,0.0729856188499487,0.7723408367635677,0.01068728041502257,143.71387279935573,0.013837518238459022,0.05780758659165386,0.08564991749934903,0.9775534663810908,,True,1.1661678567254086e-15,0.031030004763298456,0.051796013984812816,0.0002491499004956103,0.14893042859246222,0.14882133250929988,0.0016729281104628506,-1.0,False,7.6105432889477465,0.012731891803975081,0.0002342633742475897,0.13432195442398892
secondary,4,1.3,880086,False,True,2186.0,6.700979062460806,,1699.0,5.126790856797658,842.0,8.459159414530557,64000,0.011804385803438781,0.015342711851480343,0.0124249966170735,0.020602664497664614,1.0553609810504128e-05,0.038185120648873916,0.7556706137881756,0.004867005567834944,142.82179101842334,0.006440644215919225,0.07879260126793408,0.08449823994583783,0.35202604034518137,,True,7.428435470913097e-12,0.012505614445749033,0.022528751783013945,0.000496735857628979,0.447556633690485,0.44735130132108764,0.0011098838007001918,-1.0,True,7.6105432889477465,0.008446818710930663,1.0553609810504128e-05,0.06360177682584439
secondary,4,1.3,880087,False,True,2655.0,7.237876063914547,,2048.0,5.735392909238086,753.0,2.4808657978446127,64000,0.036082049340868845,0.013735135090105252,0.011111431078416669,0.01792816491142573,5.619108303100973e-07,0.033374493313092835,0.7699423287134038,0.005152876048863033,143.16737239590694,0.006692548073663699,0.07151707661408135,0.08411515563387972,0.4603533041946122,,True,2.594939020605924e-12,0.011201128683121387,0.05906553576777185,0.0003472131318680546,0.13198933581429098,0.13191693801246202,0.0026306150396618673,-1.0,True,7.6105432889477465,0.020020409635903635,5.619108303100973e-07,0.05540370210603111
secondary,4,1.3,880088,False,True,4515.0,9.573723411693702,,3221.0,6.41504911289346,1385.0,1.8981237174022978,64000,0.03161074161398784,0.021482830239750585,0.016831647696106306,0.02537544004551668,0.0013976996924873752,0.047698790175418004,0.7733687256038998,0.004247684239896549,136.1916889926481,0.005492443771345503,0.0765995320031192,0.08570861759904425,0.9316465900012512,,True,1.2377252001094519e-15,0.019194595223257702,0.044241292163963664,0.0002639062217497986,0.1769414386637689,0.17676434050833453,0.001491489069732747,-1.0,False,7.6105432889477465,0.011351042130193476,0.0013976996924873752,0.08096894026645278
secondary,4,1.3,880089,False,True,2531.0,6.310090871589465,,2171.0,5.3825507332382765,986.0,2.840577189030814,64000,0.017205965704315658,0.014322822476880603,0.011624026878548152,0.012987836546576119,2.941751704410578e-05,0.02442329542828192,0.7577019053179884,0.010609791322264727,138.45223817318984,0.01400259290335566,0.0670185895688844,0.08409485231024227,0.27315830952624753,,True,1.4550362867696287e-11,0.011455193838234443,0.04493171837176391,0.00041904198865460533,0.1811390205348202,0.1810870145193713,0.002313372278470796,-1.0,True,7.6105432889477465,0.017606019868753674,2.941751704366169e-05,0.04000818286962403
secondary,4,1.3,880090,False,True,4972.0,10.193771758847697,,3019.0,5.719906438732354,1373.0,2.255267267547966,64000,0.05037441819679205,0.029573598035174016,0.022728863288869607,0.03882801343578053,0.00013251990861240515,0.06922110218295341,0.7608249236474818,0.008845768215030294,137.03455245548335,0.01162654894719099,0.06836257633268561,0.08407137394783915,1.0567509223400142,,True,1.8762660695947897e-13,0.024327951041918556,0.0502374332613158,0.00023565441931775187,0.14903668961309935,0.14895219674540636,0.0015811839348385485,-1.0,True,7.6105432889477465,0.012033668783877505,0.00013251990861240515,0.126302407566553
secondary,4,1.3,880091,False,True,3174.0,7.320784111145129,,2552.0,5.793263886140427,1116.0,2.304589898190606,64000,0.032350634606201745,0.016020958449874657,0.012830374267553112,0.017320922803268506,2.8883853383732117e-05,0.032268715726750496,0.7661052121517095,0.013450290469505181,137.68983294014774,0.01755671447754315,0.057003225152790105,0.0852438139634577,0.47708128345929457,,True,1.9930932338568796e-11,0.01259674504728831,0.049660225636959154,0.0003442046247752652,0.15787219762500512,0.15729961988432453,0.0021802738541263403,-1.0,False,7.6105432889477465,0.016593068548589458,2.8883853383732117e-05,0.05407047736059008
secondary,4,1.3,880092,False,True,4125.0,10.202419101767324,,2131.0,5.360517926517392,894.0,1.765795266703546,64000,0.029618141546748255,0.032639315388248075,0.024964158995840847,0.04259646921973745,5.865269783633664e-06,0.07523223546931757,0.7627837343210031,0.004251503505395891,133.7388001039349,0.005573668281194269,0.07837486687772133,0.08435125517042152,1.0584956573553237,,True,3.4143694815913506e-15,0.024953770321977195,0.050169530245870675,0.00024261691593860935,0.15309544865630254,0.15260934548909572,0.001584742838980677,-1.0,False,7.6105432889477465,0.01206075397791239,5.865269783633664e-06,0.1392315672961831
secondary,4,1.3,880093,False,True,3532.0,6.285942100759214,,3161.0,5.482813689237108,1611.0,2.185702438654409,64000,0.01322664180782307,0.00894866032738377,0.007427194099057011,0.01114009426442868,3.408910570534829e-05,0.02105327433136628,0.770422735464451,0.010541076339703744,138.55922016199105,0.0136821979083328,0.059086797123536705,0.08545717424166943,0.26828592196907186,,True,1.3816304871017149e-11,0.007330813807267581,0.058328375512203934,0.0003546747926319006,0.11952860927272933,0.11905650104522483,0.0029672795056339732,-1.0,False,7.6105432889477465,0.022582609128034822,3.408910570534829e-05,0.03355537712420406
secondary,4,1.3,880094,False,True,4376.0,6.7852151703525445,,3857.0,5.703645671445063,2012.0,5.1185693910179095,64000,0.009571309715389342,0.01211642265950606,0.010021531111565686,0.01669745477903525,0.0014392834349328254,0.033203204497479266,0.7616078698127986,0.012498437374079917,134.39367599965178,0.01641059378384838,0.06272273673454043,0.08457108576452299,0.36902197636369105,,True,6.393757051581517e-15,0.011268550901775129,0.05599600333991006,0.00031945127264954856,0.12136791666777667,0.12117205423195587,0.002632089941232082,-1.0,False,7.6105432889477465,0.02003163443815069,0.0014392834349332695,0.05046968801186823
secondary,4,1.3,880095,False,False,,,,,,12191.0,2.7383564909749056,64000,12.583101829082173,,,,,,0.01725850623559236,0.2591729613831702,6.558514512941895,15.017114334534678,-0.2631830064542866,-0.000921453935279537,,,,,,,,,,,,,,,,
secondary,4,1.3,880096,False,True,3709.0,7.3696118408747635,,3262.0,6.236223845996942,1766.0,1.952929876886153,64000,0.0112920059532784,0.010279883346523421,0.00820354857235126,0.012504114486638334,4.927718458613839e-05,0.023506228406454444,0.7700201473181292,0.005773894139506367,123.73549792962642,0.007498367620140877,0.06401425274769768,0.07848041085909774,0.48693303220676176,,True,1.761359526113171e-11,0.007690248031375334,0.04650347309388536,0.00035092539040259776,0.17236337631216767,0.1719149152109333,0.0020359626152079784,-1.0,True,7.6105432889477465,0.015494781617719583,4.927718458613839e-05,0.03917232802992167
secondary,4,1.3,880097,False,False,,,,,,,50.902142893207525,64000,,,,,,,1.0964430669097902,2.1969828456835385,0.07540812374839644,2.003736365332223,-15.552572841880085,-5.6568545526368545,,,,,,,,,,,,,,,,
secondary,4,1.3,880098,False,True,3538.0,7.878252187267273,,2489.0,5.357723171402542,1231.0,1.2107826198761826,64000,0.024241876094500164,0.024051346662549232,0.019193949660234907,0.029894573207316637,4.221918567370864e-05,0.05443657491066789,0.7685157897925681,0.012291599156735495,129.7259206319948,0.01599394484796877,0.06628389911251498,0.08458675179145869,0.5895590793981884,,True,2.483442271272729e-12,0.01912587082299173,0.051486591601239695,0.00031371164089854977,0.14872548296456972,0.14868406344324794,0.00210933348236821,-1.0,False,7.6105432889477465,0.016053173778390162,4.221918567370864e-05,0.09364992045224123
secondary,4,1.3,880099,False,True,4243.0,9.593995304199952,,2752.0,6.036956314801559,1120.0,1.9120861037237231,64000,0.03193333739867164,0.027766303887980716,0.021489665651683396,0.030513154765445756,2.2609349931812517e-05,0.055210035643227684,0.7614904811663392,0.015414036975419558,143.1603196084403,0.02024192994745069,0.06087716947770039,0.08466395487798817,0.9357367574678337,,True,1.6439107020094212e-14,0.021618658953218847,0.04978277943156684,0.00025619447366122196,0.15314488140185215,0.15308216695412588,0.00167288956258987,-1.0,False,7.6105432889477465,0.012731598433719066,2.2609349931812517e-05,0.09856336779860338
secondary,4,1.3,880100,False,False,,,,,,,1.819343580573317,64000,,,,,,,0.35171029929083697,1.8772543315715375,0.10663897331631625,5.337501731842077,-12.576185968510131,-2.119194504723551,,,,,,,,,,,,,,,,
secondary,4,1.3,880101,False,True,3108.0,5.874315438770094,,2822.0,5.2630900926908595,1377.0,22.72849484830848,64000,0.007903037672705046,0.007488430573369971,0.006150380803418405,0.009393440451856621,2.3319795408482946e-05,0.017793986300682185,0.7557871297947322,0.012026093196116947,132.70754147564233,0.015912011096806015,0.0648422981061576,0.08400344027700113,0.18523388424112852,,True,1.0846086945237587e-09,0.006682415966455581,0.0600930002575204,0.00037383800141307553,0.11411749774654525,0.11393067988870179,0.003275904298597302,-1.0,True,7.6105432889477465,0.02493141147492477,2.3319795408482946e-05,0.02859259000260477
secondary,4,1.3,880102,False,True,3958.0,9.36675120731743,,2151.0,5.077637784144084,992.0,3.8475466326217336,64000,0.04071137038808236,0.036046187990639106,0.028088994825513795,0.04195015735842615,0.0001938716792420081,0.07460523063650992,0.7678385893311465,0.005760529470779862,130.30327965023778,0.007502266167421696,0.07694844969323267,0.08520050272264035,0.8898867505306287,,True,1.324027693039298e-15,0.028755695308341413,0.051731389712866616,0.0002602852627961268,0.1465622661229234,0.14609457983966587,0.00177593639673818,-1.0,False,7.6105432889477465,0.013515840825793797,0.0001938716792420081,0.13458502767471864
secondary,4,1.3,880103,False,False,,,,,,,1.4824129776925246,64000,,,,,,,0.857118202144345,1.8339754411350668,0.09558233933797683,2.1396995613286625,-13.592718503978794,-4.752158499100162,,,,,,,,,,,,,,,,
secondary,4,1.3,880104,False,True,2608.0,6.716002850368026,,1630.0,4.301461456629941,879.0,1.9962934218057509,64000,0.03599711510983268,0.031368598739636946,0.0247525360225765,0.03524545179306485,3.610942902243508e-05,0.06345952253541443,0.7595517185178662,0.016667116067646606,143.24945529937875,0.021943359038367527,0.05849238646850541,0.083967288643509,0.3550573216379369,,True,2.242526453595517e-09,0.02487631766903587,0.056052661203743526,0.00037626759214047506,0.1398234573230299,0.13939141888995207,0.002691019084667571,-1.0,False,7.6105432889477465,0.020480117235247088,3.610942902243508e-05,0.11166536973074834
secondary,4,1.3,880105,False,False,,,,,,,3.652673718358535,64000,,,,,,,1.1244103097595817,2.195333152594291,0.07093496967703591,1.9524306505724687,-12.882391326152558,-4.814765021999253,,,,,,,,,,,,,,,,
secondary,4,1.3,880106,False,True,4697.0,8.18368809074174,,3411.0,5.415973001140934,1730.0,0.6704885260236646,64000,0.038600282357024854,0.033313641702676575,0.026276159067512305,0.02952095067856318,7.364256777275813e-06,0.05367583616360161,0.772997189060135,0.006448483802170268,136.98391545156574,0.0083421827316226,0.07204266290305217,0.0844201382269838,0.6511854911963155,,True,3.3229599627482287e-12,0.02654404294419365,0.05107831946402186,0.0002806646318357664,0.1400013303661636,0.13989998448494592,0.002004728320093158,-1.0,False,7.6105432889477465,0.015257071662648473,7.364256777275813e-06,0.09356869578057674
secondary,4,1.3,880107,False,True,4413.0,6.131741457062074,,3844.0,4.796318218840313,2854.0,1.8755335914008335,64000,0.022242842900454307,0.016882308310922637,0.013588063545050034,0.01996659809501527,3.6385466963384516e-05,0.037049931909966194,0.7622527176995875,0.008326142176288178,131.22799993928558,0.01092307312647668,0.0726571504803406,0.08452604064169611,0.23717356006296564,,True,1.1804455091364574e-11,0.013506185302247389,0.0588227350790298,0.00039250945956507,0.12703568686064587,0.12693327347272124,0.003089757447414288,-1.0,True,7.6105432889477465,0.023514732805895132,3.6385466963384516e-05,0.06201808371052314
secondary,4,1.3,880108,False,True,3142.0,7.550693728172954,,2358.0,5.677099178680701,964.0,16.824643014771432,64000,0.014659493301250232,0.018252374378174525,0.014655317870188485,0.021213728088442633,6.106439625952476e-05,0.03928777119438376,0.7677521926012342,0.010235482968695864,136.75317147258568,0.013331753484176777,0.06790011629695814,0.08500378438475797,0.5234691002618821,,True,1.8907158824688075e-12,0.014638066260429915,0.05483477045993013,0.0003240819830759477,0.13838495676233312,0.1383623230207098,0.002341887374597636,-1.0,True,7.6105432889477465,0.017823035242215495,6.106439625952476e-05,0.06605126385806459
secondary,4,1.3,880109,False,True,3817.0,9.448415508924162,,2060.0,5.110393608834689,951.0,3.476553528385617,64000,0.033548127614507636,0.03173824153000727,0.02448663201586745,0.03997008715364403,4.534780243936609e-05,0.0710882513611244,0.7668082146764398,0.013941628132326755,140.71430470160146,0.018181375558436765,0.05524451158375987,0.08528594980416315,0.9063637849027311,,True,4.353182311150894e-12,0.024806867859967996,0.04842697130703755,0.0002664837539988927,0.16121074989317422,0.1608277041870281,0.0016530147907349683,-1.0,True,7.6105432889477465,0.012580340622159377,4.534780243936609e-05,0.12951763632047775
secondary,4,1.3,880110,False,True,3538.0,7.190347890053549,,2615.0,5.127508508973494,1299.0,10.52373148795425,64000,0.026103101754721553,0.022519989595962586,0.017754044942955474,0.025609577100902246,3.220150862448534e-05,0.04690696005217898,0.7640989156637725,0.005503107149045075,133.15456235361503,0.007202087368838271,0.07545173340417577,0.08506068023080138,0.4507637609187487,,True,1.6859185553684541e-10,0.017861748965759257,0.055133312714005456,0.00032388506394133486,0.13159571821206495,0.13132559547025477,0.0024612127836818967,-1.0,True,7.6105432889477465,0.01873116643352266,3.220150862448534e-05,0.08121070602817142
secondary,4,1.3,880111,False,False,,,,,,,1.1864549544692449,64000,,,,,,,1.6563844335855764,2.056581585137568,0.07963823537751583,1.24160885808718,-14.57881829611903,-5.830709857780149,,,,,,,,,,,,,,,,
secondary,4,1.3,880112,False,True,4944.0,7.6875369125455295,,3642.0,4.997146060391854,2081.0,0.6850326717602037,64000,0.02440351697430039,0.023852147129574536,0.018833977680994873,0.03247113568652505,0.00011440696718079124,0.05883447001191966,0.7633795833192855,0.008033415463340231,137.7191210536715,0.010523487448288533,0.06910489969264066,0.08395039809783622,0.5510793266170044,,True,2.1751047143969693e-12,0.019632901507105532,0.049863678976795,0.00029204268998165813,0.14030564932381498,0.14004754440641204,0.002081474918430728,-1.0,True,7.6105432889477465,0.015841154971576035,0.00011440696718079124,0.10280705422106852
secondary,4,1.3,880113,False,True,4744.0,10.312318372547303,,3023.0,6.018196370840234,1388.0,5.814783570864165,64000,0.02443196532459836,0.02658011568042677,0.020979558927634638,0.033779028913441894,0.0013741196837413483,0.06216918301102936,0.7747049272996904,0.010806251582236994,137.06530440430123,0.013948861303752433,0.0632299890185033,0.08553235529893444,1.0806695329225322,,True,1.878705524482882e-14,0.02309376189737638,0.041266131646381154,0.0002515661566828657,0.1944274450081569,0.19417257669978807,0.0012938819242947497,-1.0,False,7.6105432889477465,0.009847144395632203,0.0013741196837413483,0.10699110729505158
secondary,4,1.3,880114,False,True,4157.0,8.407809428895648,,2976.0,5.734709577594878,1345.0,3.1726026361352204,64000,0.023578977200357534,0.021929630508533637,0.017018746362102943,0.02685627063983199,1.2611728711586778e-05,0.04892504236849149,0.7602543936939352,0.010424712514164828,133.79133479745417,0.013712137148610325,0.0658051890441902,0.08451263509789486,0.6964054333206855,,True,3.292561969597818e-12,0.017389167267147523,0.05362533784534662,0.00028055603371473093,0.13696009617752686,0.13676928520093698,0.0020484509104832685,-1.0,False,7.6105432889477465,0.01558982432951734,1.2611728711586778e-05,0.08651461151100934
secondary,4,1.3,880115,False,True,4383.0,9.09705236324329,,3168.0,6.268765675223949,1327.0,0.9544227138776463,64000,0.026730802818603266,0.020654461222628883,0.016180946421453853,0.02498142721692132,0.0002518695929047965,0.04596019734368184,0.7607500711472927,0.010943963446388153,137.51472088998668,0.014385754088571406,0.06221995408672765,0.08481758946027096,0.8354708425207138,,True,2.1948155098927558e-14,0.016468304829136266,0.051550243006740715,0.0002649222813471395,0.14548473605237988,0.14540484610034493,0.0018209627245827198,-1.0,False,7.6105432889477465,0.013858515642997022,0.0002518695929047965,0.07971998458843342
secondary,4,1.3,880116,False,True,3019.0,7.547343564642252,,2209.0,5.550616361074434,931.0,0.5806075307328822,64000,0.034076334998435015,0.02780127505463062,0.0222861019481658,0.025006777409455214,9.968627008749564e-06,0.045936494753507695,0.7490885275014552,0.01802363946100975,134.09919850192037,0.02406076024302046,0.0518631969039931,0.08252579799017301,0.522793153017352,,True,2.940194962497422e-12,0.02268305758622721,0.05434778602982959,0.00033378763831032896,0.14417621600494365,0.14384807699151955,0.0023151366262718653,-1.0,False,7.6105432889477465,0.01761944751407047,9.968627008749564e-06,0.07798809978155535
secondary,4,1.3,880117,False,True,3448.0,7.9560557372404315,,2416.0,5.285014374682267,1301.0,5.2999708944435096,64000,0.027535893079432713,0.027230639885239716,0.021578412620948235,0.0303752842894776,3.683338728732721e-05,0.05520888296082216,0.756577787023579,0.025973118071763553,130.76402170157934,0.03432973914545299,0.04710101410501544,0.08319694832633262,0.6052571474886115,,True,2.2833351962653348e-12,0.022143318672819514,0.04485546227729742,0.0003327808707577373,0.18424111992573416,0.18275936326164463,0.0018062247498923047,-1.0,True,7.6105432889477465,0.013746351648624202,3.683338728732721e-05,0.0958293877344297
secondary,4,1.3,880118,False,True,3116.0,6.506990217325964,,2504.0,5.086156386729656,1281.0,1.0665983913157697,64000,0.026851888271456837,0.018916958694788915,0.015257339326030676,0.019363560033101225,0.00039039980289734544,0.036308809358189365,0.7598874338601671,0.004088316393795114,135.09350233378117,0.005380160549605085,0.0766110330601304,0.0839907661525805,0.31288579416412876,,True,1.3265404399942504e-12,0.016924620509034285,0.05160987443136733,0.00036939747974640004,0.14475033187083905,0.1445952584554143,0.002551962921066143,-1.0,False,7.6105432889477465,0.019421824282563425,0.00039039980289734544,0.060020239686433136
secondary,4,1.3,880119,False,True,3469.0,6.581336272114388,,2627.0,4.790186892342366,1394.0,2.7911200898712,64000,0.02990142266892435,0.021283173703757065,0.017157825927540515,0.025643013580346638,0.0011940930412013273,0.04815949984449519,0.7565367040339984,0.007458276110463215,140.09929581024437,0.009858445823836782,0.06993152148117776,0.08370202790884695,0.32788625919079695,,True,2.0638809077565268e-09,0.01872406067955851,0.05933380396034593,0.00033951450417748103,0.11758507376053952,0.11748852201955247,0.002887394575853207,-1.0,False,7.6105432889477465,0.021974641411803747,0.0011940930412013273,0.0795212509182612
secondary,4,1.5,880040,False,True,1954.0,3.3254294735243284,,1613.0,2.7192426774830953,735.0,10.259500070437033,64000,0.022270991893091466,0.013686567861418865,0.013783075083858015,0.022132390324945038,8.81422849943192e-05,0.06628387684579984,0.9534886490306703,0.021276146716210757,121.30582970580592,0.022314001050605457,0.08908436230155159,0.1745007389664841,0.3137499154664014,,True,1.0236323507578637e-12,0.014176088354221163,0.10557332930073393,0.0005557093934154314,0.0543079206878907,0.05424190559463715,0.010232566196174412,0.0,False,4.046049844154416,0.04140147286333122,8.81422849943192e-05,0.054943555823861435
secondary,4,1.5,880041,False,False,,,,,,,5.57169874694316,64000,,,,,,,0.10537529497809268,2.607282103038917,0.10072607104993232,24.74282139453053,-15.372506476549082,-0.7092620774845404,,,,,,,,,,,,,,,,
secondary,4,1.5,880042,False,True,1682.0,3.9424939265393193,,1343.0,3.101687272611491,637.0,2.0299383849418318,64000,0.027604668919085,0.015170674338125308,0.014755695438730393,0.022501981244842442,0.0001222281953676685,0.0672871822901362,0.9474878105837823,0.011291523154655892,123.75743890218442,0.011917328147682203,0.142647795873883,0.17254044991352524,0.5575284648056571,,True,7.094047571598594e-13,0.014660860935121221,0.06694864689045765,0.0006450077419275366,0.11396787791540894,0.1138683924483906,0.005659557357085165,0.0,False,4.046049844154416,0.02289885116261741,0.0001222281953676685,0.05783702822506215
secondary,4,1.5,880043,False,True,1469.0,4.336689946506695,,850.0,2.7354310475840102,390.0,11.073880911958488,64000,0.03043890442763436,0.029001616510043772,0.027936448252203122,0.0431333644531621,0.0002810805975705932,0.12532706769317636,0.9422510372357488,0.00526444723163989,119.79362114051266,0.0055870962446313965,0.15667224304583005,0.1723949806901195,0.7132602257804228,,True,2.67841304690819e-15,0.028416216130928137,0.10899952971884197,0.000583603993440699,0.07076288301620934,0.07059270167793381,0.008247317923819122,0.0,False,4.046049844154416,0.03336905940036028,0.0002810805975705932,0.11194491183752302
secondary,4,1.5,880044,False,True,1355.0,3.0816251892656803,,1252.0,2.821453161323605,686.0,1.9240284123915006,64000,0.01463553763321021,0.0064952036932090255,0.006557942998792652,0.009918017822485633,7.131063137455484e-05,0.030231246727647765,0.9492081637530281,0.01043295588031996,115.21786588308522,0.010991220133494852,0.14687204335397697,0.17242215092090918,0.2174321735370588,,True,5.999639977535831e-11,0.00552418157375934,0.09607762395020458,0.0008550209045897835,0.08220766729856493,0.08205672236850874,0.010400744026521103,0.0,True,4.046049844154416,0.04208192874759568,7.131063137455484e-05,0.024557832388060388
secondary,4,1.5,880045,False,True,1182.0,4.952985284413816,,673.0,3.123575996598583,249.0,3.411883771785659,64000,0.032863009944301386,0.024153248317418954,0.02307997317814183,0.03767198124398762,0.0001441377698410129,0.1100915213055389,0.9324215858817826,0.012665892835676932,122.98692840782753,0.013583869171903514,0.1329557566057855,0.1700766456127054,0.9567349271758285,,True,7.534246664053779e-13,0.02303138108479024,0.04865363351020413,0.000701772163601996,0.21068875049906877,0.21014081415296942,0.0033308478119485445,0.0,False,4.046049844154416,0.013476776270436485,0.0001441377698410129,0.09855955101985506
secondary,4,1.5,880046,False,True,2296.0,5.06728106983619,,1188.0,2.6327234225686147,582.0,0.6183922976859021,64000,0.051195489091104975,0.038966620558797474,0.03660725173063426,0.05418105310759751,8.957327409486737e-05,0.15429539098224598,0.939995071886008,0.03360469598328018,120.84142047804602,0.03574986400285658,0.0579071880210158,0.17216081751566037,1.0018888177130627,,True,1.941159039064999e-12,0.03628841170269632,0.08497398878044571,0.00043487032732396553,0.07907371578589233,0.07898667900598207,0.005499555990279534,0.0,True,4.046049844154416,0.022251477657388993,8.957327409486737e-05,0.14418267133619833
secondary,4,1.5,880047,False,False,,,,,,808.0,5.677390705293499,64000,9.207005831444958,,,,,,0.022540295306109976,0.22823714068750567,8.755822108681073,10.125738708739883,-0.3783332279052285,-0.0012299172874565834,,,,,,,,,,,,,,,,
secondary,4,1.5,880048,False,True,2432.0,4.059110287151413,,1783.0,0.544649564521434,1849.0,2.9281908198294513,64000,0.03523824537955829,0.026587844097117286,0.025103514847418438,0.03758886574847171,0.00017720654302832983,0.10969917077760005,0.9308157356975895,0.009205704682298073,112.86254257801595,0.009889932377860974,0.14506577940507404,0.17136994553445595,0.6035991257882127,,True,2.586951486360789e-12,0.02431579289101025,0.10595729170369772,0.0008788192715413996,0.09646237779934079,0.09634652602930084,0.009110487338073946,1.0,True,-3.8828684182619084,-0.035374823559982324,0.00017720654302832983,0.09952858278833941
secondary,4,1.5,880049,False,True,1497.0,3.6742157014619226,,982.0,2.549080838902705,410.0,13.9696909209532,64000,0.03394425706256822,0.025010092094731214,0.02431993162657284,0.0358690311303872,8.553915482600871e-05,0.10522917520505715,0.9516529101853369,0.011593293036731105,123.49201075366891,0.012182270355767924,0.1483178665946867,0.1736460404517688,0.45154200551582124,,True,1.9572545233853544e-10,0.024701635701118288,0.11845205539231252,0.0006075357126897545,0.057892364318993715,0.05780815387637899,0.010494228726644527,0.0,False,4.046049844154416,0.042460172503960884,8.553915482600871e-05,0.09221734107792205
secondary,4,1.5,880050,False,True,2354.0,3.275429783585679,,2097.0,2.5681498222831616,1699.0,1.9186128000139973,64000,0.026232208474137715,0.015031332873129953,0.01494279242261232,0.024536908523181467,0.0001674497687544907,0.07330181701722749,0.9451793440528323,0.02243199464977021,121.30434182212171,0.02373305636746579,0.11782341506045668,0.17219849853700175,0.29399695154002137,,True,1.8685366144979842e-10,0.014742577087000034,0.10302158649635373,0.0008548311415930966,0.08096683136628824,0.08094321437017157,0.010557794187670513,0.0,False,4.046049844154416,0.04271736152763868,0.0001674497687544907,0.06170574235029794
secondary,4,1.5,880051,False,False,,,,,,,1.3240059738485308,64000,,,,,,,0.04162831372505729,0.7996590535110973,1.0559393532025318,19.20949906336848,-1.8007655963877314,-0.036838936241267106,,,,,,,,,,,,,,,,
secondary,4,1.5,880052,False,True,1934.0,4.33992671413589,,1306.0,2.965733214872281,533.0,1.165037335829341,64000,0.022395208134546218,0.02369783406103069,0.022624858757508883,0.033050311203037114,3.110166182551666e-05,0.0970930627934461,0.9515177935897966,0.005104937189436786,124.10522413503448,0.005365046480294773,0.15584482159931978,0.17439793391770397,0.7145389487944258,,True,1.1993539841825829e-11,0.02312428911252291,0.09144304728833852,0.0005141729444361717,0.07451871849104283,0.07442067064684987,0.006899916622935154,0.0,True,4.046049844154416,0.02791740657690524,3.110166182551666e-05,0.0865442740382917
secondary,4,1.5,880053,False,False,,,,,,,1.2885385540410028,64000,,,,,,,1.3209284770359537,2.181502620280203,0.09461126079689017,1.6514918545592272,-15.996522539543365,-5.588644810440746,,,,,,,,,,,,,,,,
secondary,4,1.5,880054,False,True,2107.0,3.951338166969256,,1594.0,2.8238663502593937,938.0,18.94530876626189,64000,0.030831895112952746,0.020932860309359733,0.02042756804293448,0.03145001207920467,0.00014896351815041342,0.09291982088804884,0.9394005567134742,0.019679124240190388,120.06611502113236,0.02094859759189253,0.1180871015555005,0.17295112522893996,0.5610224857162494,,True,9.900230032479362e-10,0.020591976000669886,0.10234633369984714,0.0005641212431308506,0.06663086498700874,0.0666263000179302,0.008466365298436983,0.0,False,4.046049844154416,0.03425533599629531,0.00014896351815041342,0.08056988333094488
secondary,4,1.5,880055,False,True,1734.0,4.429701434383175,,1219.0,3.2201020922819588,470.0,4.996679125370727,64000,0.027091525006899174,0.02290684933971731,0.022034042601430735,0.028395485193685177,2.345210437582068e-05,0.08401974722397387,0.9512125210016639,0.009591954408260184,120.57501233785317,0.010083923620096465,0.13997968105658698,0.1741684530827281,0.7500055049415013,,True,1.0574822267850337e-12,0.021470383743973705,0.10186829879296866,0.000533175335334746,0.07100345387042802,0.07055847884294707,0.007509146474870377,0.0,True,4.046049844154416,0.030382380924381967,2.345210437626477e-05,0.07380069933441132
secondary,4,1.5,880056,False,True,1945.0,3.831110215001454,,1459.0,2.882591614941614,610.0,3.06243773488087,64000,0.022079942629841608,0.020136773822098823,0.019982075346131056,0.028393364608106576,0.00010931200700392552,0.08429177409446975,0.9584382488460281,0.013267594391669198,123.75401637412975,0.013842930838417134,0.13151631966905963,0.1744611196208452,0.5135250232104511,,True,5.807193857731985e-10,0.02090900247259373,0.11291497632360858,0.0005253907659322642,0.05540537489212529,0.05522872875028319,0.009482667826997006,0.0,True,4.046049844154416,0.03836734668358933,0.00010931200700392552,0.07153295531844374
secondary,4,1.5,880057,False,True,3912.0,4.5137339526063895,,3483.0,3.0389580498732465,599.0,1.2792952974239569,64000,1.3184374312091813,0.02385765708441134,0.023418130527895153,0.0366184713040375,4.81438347059715e-05,0.10734824338750304,0.9544522703350237,0.011170204847935308,123.85295100240884,0.011703261855110302,0.13135690303059544,0.17442129758591873,0.7832035368321539,,True,1.5697673896430259e-09,0.023708273581249075,0.11147542596551752,0.000704450379586627,0.0844283302133884,0.08422789729920233,0.008343767759070489,0.0,False,4.046049844154416,0.03375930024124779,4.814383470641559e-05,0.09326437589525283
secondary,4,1.5,880058,False,False,,,,,,,1.3929544900257187,64000,,,,,,,1.1941698660251063,2.139695459271096,0.11975575019246792,1.7917848374396268,-14.417295523793863,-5.821043143703565,,,,,,,,,,,,,,,,
secondary,4,1.5,880059,False,False,,,,,,,1.0335713000838151,64000,,,,,,,1.6125485502956156,2.162948441604635,0.12286174951377624,1.3413229891330212,-15.620161431899767,-6.66713268149147,,,,,,,,,,,,,,,,
secondary,4,1.5,880060,False,True,2873.0,4.836170685760829,,1915.0,3.1211187947947128,778.0,8.953804666780524,64000,0.03020598842781158,0.02619065751330286,0.025291274943928577,0.039567974942572116,4.9069591197437035e-05,0.1153780274156917,0.9468756869763718,0.013797698173533808,116.73180764339995,0.014571815881759053,0.14174986610001117,0.1726444662165565,0.9105859499302038,,True,1.7717734267577723e-09,0.024996972677574364,0.10250146663784498,0.00038620897805763507,0.05665789377516105,0.05650113583744356,0.006816507856614853,0.0,False,4.046049844154416,0.027579930550933877,4.9069591197437035e-05,0.10243762745387343
secondary,4,1.5,880061,False,False,,,,,,,7.055671993279721,64000,,,,,,,1.4756175859813705,2.061209126462458,0.10940616767999559,1.3968450539247508,-14.820640212746335,-5.8324774473953855,,,,,,,,,,,,,,,,
secondary,4,1.5,880062,False,True,1539.0,2.58463579021952,,1458.0,2.381420671531374,1044.0,1.0694495456163542,64000,0.01385191600454794,0.007865655917177953,0.008055156854673114,0.009972745708836613,1.6386792877742806e-05,0.030328496354198542,0.9517296107452721,0.0026739728025297394,111.82670177776474,0.0028095929477657297,0.1678536751074815,0.1741569994835257,0.021090682555859885,,True,2.3830763751231387e-14,0.00817630599263656,0.08637126232280412,0.0010228614966823258,0.09110880322586477,0.09108288001028653,0.011226813002324093,0.0,False,4.046049844154416,0.04542424499840416,1.6386792877742806e-05,0.024345331726754123
secondary,4,1.5,880063,False,False,,,,,,8510.0,7.953008639943538,64000,16.405508725056738,,,,,,0.019195000170588138,0.31046351817878765,3.774692864627944,16.174186789250495,-0.6943957116844564,-0.009630927842335879,,,,,,,,,,,,,,,,
secondary,4,1.5,880064,False,True,3226.0,5.397786389331508,,2126.0,3.202277916717123,1181.0,2.07983489232905,64000,0.05354335149888711,0.036179421178910785,0.03454967153676389,0.044689164454490886,7.474991039213563e-05,0.12925055995188073,0.9509928503944209,0.019558982584469652,118.027652217229,0.02056690812802392,0.11447835842178034,0.17337816432117092,1.1324588204766455,,True,2.799606141530575e-12,0.03569219341029942,0.09082942295232144,0.0003762110765775943,0.06915418140930457,0.06867530820540814,0.005440178293065237,0.0,True,4.046049844154416,0.02201123253482884,7.474991039213563e-05,0.11699301549163697
secondary,4,1.5,880065,False,True,1733.0,4.471418927041376,,1041.0,2.8111703829897823,406.0,1.838472712615686,64000,0.029643729078411927,0.030557099074367444,0.029546936752158314,0.04098703176444777,0.00010925671868378117,0.11934890802655795,0.9084777955857527,0.03586719645292145,121.0844233846153,0.03948054275756471,0.07218409933232595,0.16526969998097618,0.7664864896953585,,True,3.157196726277789e-16,0.029976837123790036,0.07788396460995095,0.0005447091013231711,0.09516284207779072,0.09492352722075516,0.0057239684043683715,0.0,False,4.046049844154416,0.02315946147043945,0.00010925671868378117,0.10597078141264411
secondary,4,1.5,880066,False,True,1841.0,3.9142710294120584,,1257.0,2.7031391029020306,562.0,22.012938598145684,64000,0.015816943576830073,0.024194922566417195,0.02341596194056444,0.035932142142840004,1.975829998368539e-05,0.10530121785039981,0.9481569404490584,0.007422030146662609,124.02752386272923,0.007827849831640157,0.15076736059225393,0.1731673009267607,0.5463786782862452,,True,1.045123040194218e-09,0.02345652914303713,0.10538469689604568,0.0005442427758592953,0.06213005970565111,0.062074559375784606,0.008759733668979447,0.0,False,4.046049844154416,0.03544231904620848,1.975829998368539e-05,0.09281867204497105
secondary,4,1.5,880067,False,True,1540.0,4.112801639474706,,970.0,2.7332631987483578,397.0,8.541776651816475,64000,0.02544558397288354,0.024225823745627026,0.023465160225342563,0.03797701725570074,9.748156200339864e-05,0.11105918700114703,0.9526753918403289,0.00951008260678268,126.14833808082652,0.009982500532958655,0.1365299045825763,0.17468488441075447,0.6248105242369211,,True,1.1444279957289333e-09,0.02318924768843178,0.09117110216159219,0.0005946202691442951,0.08162797535617548,0.0815002576177545,0.00728451571351279,0.0,False,4.046049844154416,0.029473513667398817,9.748156200339864e-05,0.09802026894191078
secondary,4,1.5,880068,False,True,1994.0,3.946298697040971,,1345.0,2.666316102894951,581.0,1.4436700952518686,64000,0.029239893876554627,0.02221768541618508,0.02149667792319906,0.035767433861807404,0.00012278297257539705,0.10493307332953661,0.9473233371090827,0.004379154471664943,120.63582044924524,0.004622660817191175,0.1624874760065449,0.17346994705583496,0.5590315840161859,,True,9.594718058253404e-10,0.021240022754882758,0.08674558378679187,0.000521004763984193,0.07299731481108497,0.07275438829461896,0.007137314096176536,0.0,True,4.046049844154416,0.028877928586516187,0.00012278297257539705,0.09241772106891932
secondary,4,1.5,880069,False,True,1636.0,3.931489435560647,,1334.0,3.077558905182582,762.0,4.320137775434688,64000,0.01873410186740496,0.014784964773539229,0.014422627463618085,0.023651052937972213,2.4076601661704444e-05,0.07053533723190464,0.9385399300846948,0.010823646531099596,125.07527525832177,0.011532430516965708,0.14146966015277895,0.1718723881810571,0.5531810115795148,,True,7.430768348727634e-10,0.014727742013976985,0.056971278948880766,0.000734270630153155,0.150770017569513,0.15057031757256864,0.004870136927686018,0.0,True,4.046049844154416,0.019704816757274677,2.4076601661704444e-05,0.0606130861777992
secondary,4,1.5,880070,False,True,3155.0,3.527487403010612,,2914.0,2.903594459687322,2384.0,3.7533030870658726,64000,0.019137996197959795,0.013980335169254399,0.013728016724229207,0.019261525600643734,0.00015867964877314122,0.05794516227609581,0.9460275178743359,0.011645687840440785,118.14713275998473,0.012310094178452557,0.1385497174523107,0.17295263046080844,0.39357527032518,,True,1.877361113789e-13,0.01363596451959536,0.10414906142800895,0.0007472331329082559,0.07625819211394667,0.07618152349392907,0.009798726041022894,0.0,False,4.046049844154416,0.039646133971192495,0.00015867964877314122,0.04903887232540013
secondary,4,1.5,880071,False,True,2707.0,5.151439749651104,,1564.0,2.9764759885888634,608.0,575.6253318575563,64000,0.039869690402028854,0.02749830180997273,0.02583166765556446,0.04407932946891613,9.103491507955752e-05,0.1273029248832196,0.9480658782704251,0.018210509061941806,121.75470243505974,0.019208062940904054,0.11466340720033763,0.17071645172590388,1.0351366912201891,,True,2.3968002062224603e-12,0.026576890143111633,0.10274937657812444,0.00038037411153786705,0.058551483851022275,0.05849794779654381,0.006496404301310051,0.0,True,4.046049844154416,0.026284775610879607,9.103491507955752e-05,0.1173082126829293
secondary,4,1.5,880072,False,True,2233.0,3.8855723597377865,,1808.0,3.12795276530458,674.0,0.9498125274625884,64000,0.012144798171946953,0.013504191098369176,0.013273391090882838,0.020492447842942203,6.052897221175968e-05,0.061448148827389915,0.946368863998878,0.01149010895076809,119.85257502138045,0.012141258433013823,0.13843748766135544,0.17319619697969646,0.5350409322420884,,True,6.846558743122538e-10,0.012919383230091173,0.11346470017522492,0.0004750063259070472,0.05048148423138837,0.050451552244201586,0.00940951584802449,0.0,True,4.046049844154416,0.03807137013046799,6.052897221175968e-05,0.052121935127515444
secondary,4,1.5,880073,False,True,1679.0,5.118218131493328,,944.0,2.8067305820546973,520.0,1.2647304551463006,64000,0.06008875983899822,0.04174499176542254,0.038888832364271805,0.04750379323508687,9.561285976911194e-05,0.13634978138094622,0.9472450600733927,0.007918730911882416,126.57557281080102,0.008359748966406719,0.14980584177931844,0.1730824036998655,1.0220121013306973,,True,1.5702122910287233e-09,0.0388955903598788,0.045597438695219594,0.0005965161238252974,0.19252923732230665,0.19207248690551104,0.003098314480032402,0.0,False,4.046049844154416,0.012535934819076468,9.561285976911194e-05,0.12748167898497464
secondary,4,1.5,880074,False,True,1981.0,3.5950151501730456,,1667.0,3.0211964587699307,632.0,20.101284434947935,64000,0.017005786469567966,0.014561114535691397,0.014300101934564408,0.017189580560919918,8.537772570393898e-05,0.05180208103476014,0.9367925829059272,0.024067966178123918,119.6899649578128,0.025691883792957854,0.09447647067399556,0.17191075129467626,0.4202528988337959,,True,4.983354423560016e-10,0.01349310022960716,0.11368412443933806,0.0005259325126161137,0.05154312654725009,0.05149090614849634,0.010203737100309316,0.0,False,4.046049844154416,0.04128482890449914,8.537772570393898e-05,0.043758333421920745
secondary,4,1.5,880075,False,True,2169.0,4.1282998515863385,,1836.0,3.3819070956272723,960.0,2.3099225502792398,64000,0.0200957337823635,0.01199718759915565,0.011700640775462094,0.01756177386933391,8.368563414640207e-05,0.05286324288993205,0.9600251575263649,0.003800735279421654,120.35850284712636,0.003958995500924959,0.14644950531855017,0.162621668387819,0.6309332747007756,,True,5.996195293761497e-13,0.011841270700696481,0.09012482402538957,0.0005538133957145158,0.07700958282811675,0.07695116785136208,0.007191486765362851,0.0,True,4.046049844154416,0.029097113906234904,8.368563414640207e-05,0.045017170368609076
secondary,4,1.5,880076,False,True,2605.0,5.2314664235778805,,1486.0,2.966579521733671,619.0,1.0879280686309611,64000,0.03610970832880542,0.032340351111885476,0.03069390698054903,0.047014450821522155,9.890706996529275e-06,0.13536983618058818,0.9407015346027175,0.007583219104226276,123.37179799210845,0.00806123815608408,0.15319131102135053,0.17229630681835273,1.0667521673394096,,True,2.339385195976318e-12,0.03148187314652933,0.0897516078651428,0.00039489238245993643,0.07067468032625085,0.07050913272469415,0.0055874661284213934,0.0,False,4.046049844154416,0.022607166458117455,9.890706996529275e-06,0.12384085283310697
secondary,4,1.5,880077,False,False,,,,,,4497.0,1.7498499666680174,64000,11.264737325482688,,,,,,0.05258271385504457,0.5933131528639107,1.4145937515295626,11.283425851687772,-2.2191551000281016,-0.010948773194524364,,,,,,,,,,,,,,,,
secondary,4,1.5,880078,False,True,3273.0,6.681799853892711,,1329.0,2.7422319519728657,617.0,1.5449961871014732,64000,0.07018535769049052,0.04626770228778603,0.04266577509236346,0.06463503033071027,0.0022581996880837174,0.17252902671325643,0.9512802834672287,0.0025412766069207813,122.77684557765443,0.0026714278126929425,0.16638489218564567,0.1738935241668793,1.6397233990687252,,True,2.944259419601636e-15,0.04447641486407177,0.09094745279501737,0.00030144847343217704,0.06798498318089964,0.06756184664304934,0.004434044980640209,0.0,True,4.046049844154416,0.017940367002892987,0.0022581996880837174,0.17522911128588525
secondary,4,1.5,880079,False,True,1239.0,3.920283169717096,,888.0,3.0493053129128365,241.0,0.7724722527931813,64000,0.02261832075599564,0.01608456094692944,0.015870517977238,0.024767425154393924,0.00011372484428040508,0.0738941913901594,0.9471484896396026,0.010857966520542406,123.75263927996899,0.011463848213149712,0.14025394186618012,0.1729110706050867,0.548753844826507,,True,7.56543275942656e-10,0.015081180904238411,0.11138847816693698,0.000642563653340889,0.06854511696750361,0.06847187213137723,0.00937431697206849,0.0,False,4.046049844154416,0.03792895372389181,0.00011372484428040508,0.06275364798517001
secondary,4,1.5,880080,False,True,1235.0,3.3579389563621227,,973.0,2.7581007556662547,343.0,0.84955060862926,64000,0.03452308457919724,0.017564676187216695,0.01740615691738631,0.020231096489724095,0.0008534518456002615,0.0614647955666916,0.9509901010346472,0.009645687968516968,122.72696814931655,0.010142784828173042,0.1406953477722963,0.17383543672857815,0.32659316794553006,,True,4.422590765829071e-14,0.01692165974307096,0.12143432635237517,0.000702271268534887,0.0595273243641911,0.059488517155109076,0.01179746067937401,0.0,True,4.046049844154416,0.04773311394319906,0.0008534518456002615,0.0510383567781399
secondary,4,1.5,880081,False,True,1781.0,3.750784680048384,,1376.0,2.8581075901481503,685.0,6.098562996555162,64000,0.022574132853438542,0.01621288040670436,0.015944768623323977,0.02615280289242885,0.00013639269240162122,0.0778818612666794,0.9387925322108379,0.015204462419473087,120.32961669473603,0.016195764130831843,0.1289208769550143,0.17176604000894002,0.48179147853763316,,True,6.50179606768303e-10,0.016274181763892108,0.10320683561159072,0.0006014660845563275,0.06706048557194648,0.06696621431135429,0.008969008789998081,0.0,True,4.046049844154416,0.03628905661699132,0.00013639269240162122,0.06648140772874189
secondary,4,1.5,880082,False,True,1986.0,4.660516019985496,,978.0,2.476616727513547,434.0,1.2765921174985222,64000,0.04670007198675458,0.035834590968694395,0.03378508163171859,0.053246985249930864,0.001732853849360172,0.15333549825276505,0.9411061773414802,0.017485305903473383,120.2660670246913,0.018579525163534064,0.12365030796826604,0.17081119048868132,0.8411915140683441,,True,2.507966645991233e-09,0.03584346050967606,0.10779687561091578,0.0004665344968189942,0.06182466756192735,0.06148448756853171,0.007546089857283662,0.0,True,4.046049844154416,0.03053185569103778,0.001732853849360172,0.14119278721499387
secondary,4,1.5,880083,False,True,1546.0,3.6318277981209235,,1032.0,2.5365793194425272,441.0,2.5022765831947544,64000,0.03676031541533911,0.025024425694232563,0.02436800961563431,0.03444606705751979,8.339540559942904e-05,0.10126504402545233,0.952937720534362,0.0023352051254288326,125.79397320636964,0.0024505327841565145,0.1672800812064299,0.17389665769095553,0.43479616715888336,,True,2.971769965526283e-13,0.025103990865402843,0.11695580173944897,0.000601328099366405,0.0573552068737002,0.05720971567508996,0.010484280889973382,0.0,True,4.046049844154416,0.04241992306094792,8.339540559898495e-05,0.08843490493643032
secondary,4,1.5,880084,False,False,,,,,,,17.0977817219207,64000,,,,,,,0.39663293580590053,1.8116956388571719,0.11111986780298325,4.567688346849132,-10.193636392293286,-2.6800386151359272,,,,,,,,,,,,,,,,
secondary,4,1.5,880085,False,True,2134.0,5.172091202070878,,969.0,2.612660825449515,388.0,1.8012586247042808,64000,0.03974900603267056,0.03884307063599614,0.03644601506794108,0.052507550267978556,0.00015529168923444914,0.14990784815516056,0.897774107419316,0.012152305964258814,125.33305281398299,0.013536039705122545,0.12761245944202093,0.16286783213164124,1.0432952897070136,,True,1.8811332699875116e-12,0.0377408143819455,0.10095942147002113,0.00041965968191744337,0.0654504730120669,0.06540160334808874,0.00641186629529892,0.0,True,4.046049844154416,0.025942730624833148,0.00015529168923444914,0.13990243379009748
secondary,4,1.5,880086,False,True,983.0,3.4125413731216274,,752.0,2.6322574556618292,360.0,8.459159414530557,64000,0.011810458619039453,0.015128677443815117,0.015023098133953248,0.02495066372427425,2.2108421435351744e-05,0.07435490182397952,0.9412312341385002,0.004132269540080745,125.10164699847678,0.004390280932254624,0.1640391239193857,0.17310030367127416,0.34816449308508735,,True,3.5250039172318726e-10,0.015158125684777335,0.03152948346232165,0.0010341373269230382,0.3120849989045243,0.3119575601595968,0.003313639971652115,0.0,False,4.046049844154416,0.013407152490886882,2.2108421435351744e-05,0.06281502991725359
secondary,4,1.5,880087,False,True,1215.0,3.7774583778889097,,912.0,3.0219730166653958,297.0,2.4808657978446127,64000,0.03725819555308767,0.013618784026146446,0.013520248655979398,0.021780589784800776,0.00013518234013032426,0.065297419783509,0.9576052119406183,0.006447650142344221,122.2861764322943,0.006733098422968946,0.14406301327031557,0.17050890889847814,0.49232923570919884,,True,4.847599431243022e-10,0.013845343225368309,0.11928394933042341,0.000671012863282751,0.06472627821907187,0.0646911586632915,0.010366931047875918,0.0,False,4.046049844154416,0.04194511975061793,0.00013518234013032426,0.05484831599419388
secondary,4,1.5,880088,False,True,2359.0,5.08282294841949,,1556.0,3.3316552875644083,615.0,1.8981237174022978,64000,0.032167577621324876,0.024564599995484885,0.023541877373177623,0.03418765558530178,2.6065398031072107e-06,0.10030352976273749,0.9629310512902971,0.0035858637172999537,124.83494847323308,0.003723904959233592,0.15592870345463172,0.16950957154555857,1.0080288191286875,,True,3.5395904957047364e-13,0.023264041976029243,0.08110770232448239,0.0004351359969261343,0.08311704940212401,0.08302485256280118,0.00523521948933638,0.0,True,4.046049844154416,0.02118195899894362,2.6065398031072107e-06,0.08918214878576057
secondary,4,1.5,880089,False,True,1211.0,3.2828835723432084,,1019.0,2.808864903141824,409.0,2.840577189030814,64000,0.018168771573708498,0.014219883611698207,0.014151956541994531,0.01594972411684535,0.00014134342104732411,0.0482397102898684,0.9447878889599357,0.011095033949278375,123.46055832417443,0.011743412546801673,0.14366782508498543,0.17266128579690854,0.2969416582096627,,True,3.9361726638514893e-10,0.013760301354858182,0.08551737637433376,0.0007798053902940173,0.08991491547765103,0.0898870254562809,0.00867270336797284,0.0,False,4.046049844154416,0.03509019011038399,0.00014134342104732411,0.040065700439939296
secondary,4,1.5,880090,False,True,2703.0,5.529680726807465,,1444.0,3.0111823070565475,562.0,2.255267267547966,64000,0.052329494267707805,0.03159845321909518,0.029686780861694895,0.050816284854610067,4.249594030669712e-05,0.1453564452762386,0.9443892955572641,0.012045480803699599,121.32586733846225,0.01275478328732201,0.13679352306988202,0.17185485856478477,1.184565225405418,,True,7.055987738535663e-16,0.02918197663049394,0.09801008446077475,0.0003666558755884428,0.06357512586567275,0.06353245207542345,0.00576728509139166,0.0,False,4.046049844154416,0.02333472294521931,4.249594030669712e-05,0.13522146500384621
secondary,4,1.5,880091,False,True,1543.0,3.792877886956657,,1214.0,3.0223751751697763,498.0,2.304589898190606,64000,0.03297720399951926,0.016121690896536423,0.015836277360633037,0.021231190916667243,0.00018694223883297667,0.06371492490525776,0.953677087255792,0.013877454832425955,122.62760166498498,0.014551523799694467,0.12912387380650703,0.17464130761908914,0.4984208936125063,,True,6.631491120123734e-10,0.015288925996509571,0.09472058080561752,0.0006323729844701217,0.07747690645458727,0.07717395213211542,0.008162083560225578,0.0,True,4.046049844154416,0.03302419691682602,0.00018694223883297667,0.0540345893054911
secondary,4,1.5,880092,False,True,2015.0,5.200387302720884,,964.0,2.8221369435520645,321.0,1.765795266703546,64000,0.029826147686316692,0.03211828106706187,0.03019306661869781,0.05133504427261011,1.3680640836621905e-05,0.146723375928969,0.9494552323613571,0.0062024238308034454,123.78638880327361,0.006532613249576405,0.15601837055730527,0.1728118181572884,1.0544739961366454,,True,1.008091179977022e-14,0.030142472177894272,0.09986141950318839,0.00042982147590303095,0.06831995800481692,0.06808753042810364,0.006291301816560341,0.0,True,4.046049844154416,0.02545492073442236,1.3680640836621905e-05,0.13652086101091002
secondary,4,1.5,880093,False,True,1774.0,3.2710031149595777,,1585.0,2.8920221635415113,780.0,2.185702438654409,64000,0.014185450819446135,0.008790543983984775,0.008956868717039185,0.013291229815321524,9.184058262068362e-05,0.040315687147502555,0.9561327193318718,0.012347364469712971,121.56047072446341,0.012913860408773674,0.11574961975036624,0.1704289847063305,0.29224814418156164,,True,5.834174723190477e-11,0.008584253046154405,0.11573650902290744,0.0006327457308793405,0.055295611175381246,0.05506040607628232,0.01144296477477135,0.0,True,4.046049844154416,0.04629880584362809,9.184058262068362e-05,0.032611045216775214
secondary,4,1.5,880094,False,True,2401.0,3.6087175942463907,,2070.0,3.0184814630869794,1052.0,5.1185693910179095,64000,0.008340527527956818,0.012925549689723138,0.01308212451470109,0.022387228756745006,9.18870337240918e-06,0.07015265837045614,0.9486712142844821,0.014432560625855526,121.37218180967872,0.015213448461953197,0.12538629925312073,0.17381431474462516,0.42566621007264827,,True,8.526079148252208e-14,0.014135426229095685,0.10869874313977235,0.0005105644360704553,0.05291574902031541,0.052814676995435884,0.009648629104247197,0.0,True,4.046049844154416,0.03903883428354313,9.18870337240918e-06,0.05529821195810526
secondary,4,1.5,880095,False,False,,,,,,,2.7383564909749056,64000,,,,,,,0.07551064801278685,0.7959591566827268,0.6751488174913292,10.541018752056535,-2.8255075414576947,-0.05388140163950217,,,,,,,,,,,,,,,,
secondary,4,1.5,880096,False,True,2217.0,3.82730586389438,,2008.0,3.2561612957768107,1407.0,1.952929876886153,64000,0.010235975025626865,0.010455940683978739,0.010238102178966518,0.015321835629220501,0.00013414411859447029,0.04633281355436836,0.9600377885850346,0.006140274909019385,114.94158785363288,0.006395867935645863,0.13012341860404897,0.15848223842828224,0.5120220696866686,,True,6.617246585752246e-10,0.009040279428358717,0.08800064421684439,0.0007294933103690373,0.09514640351941311,0.09489736785353664,0.0076670613221885555,0.0,False,4.046049844154416,0.031021312267763352,0.00013414411859447029,0.03911960481258192
secondary,4,1.5,880097,False,False,,,,,,,50.902142893207525,64000,,,,,,,1.1739337663845066,2.1782986632313057,0.07854786038441579,1.855554994333328,-15.792212966357724,-6.275626282202444,,,,,,,,,,,,,,,,
secondary,4,1.5,880098,False,True,1738.0,4.056692553201328,,1225.0,2.8185620719358937,659.0,1.2107826198761826,64000,0.02357609448891701,0.023451222135872113,0.02298803125598241,0.03587476804038718,9.371462141993803e-05,0.10531109439716513,0.9547245322996823,0.01386226695272283,118.85170190424458,0.014519650939870838,0.13958358510009772,0.17329969585903005,0.6026439716350926,,True,8.231171735959691e-10,0.022792467311380727,0.09961332471105244,0.000596436884976213,0.07363815489635686,0.07360980134939908,0.008099563138371367,0.0,True,4.046049844154416,0.03277123617372632,9.371462141993803e-05,0.09149404151008617
secondary,4,1.5,880099,False,True,2090.0,4.940781164349913,,1274.0,3.1622088726619513,431.0,1.9120861037237231,64000,0.03217725281284149,0.027664750810281843,0.026290744200526527,0.03722810807484282,7.921045683589867e-05,0.10872075694461225,0.9409525830579881,0.020234032915428902,121.92922922346139,0.0215037753014829,0.12242843425103445,0.17254024621625286,0.951913546409842,,True,4.513750484491652e-14,0.02658294250107854,0.0976704060254967,0.00044413174480329484,0.06876917688944935,0.06874040135605332,0.006458296651089248,0.0,True,4.046049844154416,0.026130590158642636,7.921045683589867e-05,0.09793430771428505
secondary,4,1.5,880100,False,False,,,,,,,1.819343580573317,64000,,,,,,,0.7847293924130238,2.1474063229054283,0.10587828922582908,2.736492788045324,-11.705506471442586,-4.380018793457992,,,,,,,,,,,,,,,,
secondary,4,1.5,880101,False,True,1458.0,3.0432932783977225,,1321.0,2.774188974350049,535.0,22.72849484830848,64000,0.006850947041620585,0.006975406807018869,0.007046990659159014,0.010105801973226174,0.00016743013183706523,0.030887956495140312,0.9446777786307432,0.011176412519763743,120.16581002063002,0.011830925605091842,0.14127293992440348,0.17260925672118121,0.20228870257687803,,True,3.684701814499203e-10,0.008380844297228964,0.12151169308226706,0.0006677160502362349,0.051786694645048474,0.05169535509759498,0.012893583087563937,0.0,False,4.046049844154416,0.05216807984203008,0.00016743013183706523,0.025007866224005706
secondary,4,1.5,880102,False,True,1900.0,4.778017356055126,,958.0,2.674748119790944,363.0,3.8475466326217336,64000,0.03975984868003609,0.035292107388905675,0.033804659360194,0.050794459102867145,5.62156185992535e-05,0.14568912407185408,0.9539704823607423,0.005572838222640951,118.21112236174476,0.005841730248141568,0.1512958200166592,0.17471158155068744,0.8876117949847411,,True,2.227947572524397e-09,0.03528616222972901,0.10341867033558394,0.00046480069342866005,0.06573406722408348,0.06551264567590379,0.007070925519398982,0.0,True,4.046049844154416,0.02860931709579173,5.62156185992535e-05,0.13257369984998693
secondary,4,1.5,880103,False,False,,,,,,,1.4824129776925246,64000,,,,,,,1.597873400025295,2.051242284104651,0.08842142501871934,1.2837326687284356,-13.997713656097037,-6.7291023902195,,,,,,,,,,,,,,,,
secondary,4,1.5,880104,False,True,1240.0,3.5104720245758467,,729.0,2.2694760496434654,340.0,1.9962934218057509,64000,0.03640524289350507,0.031475083028588535,0.030452911676609795,0.04342944894590901,6.606844633827436e-05,0.12599490084781806,0.9430943361045421,0.02033825156464821,120.81831496840145,0.02156544768220696,0.11404411763722733,0.17210704215568207,0.3868531455114457,,True,2.978842693346362e-11,0.030759277202589877,0.11118349709509623,0.000701547844565744,0.06748424740309203,0.0672560964293959,0.010395727470668957,0.0,True,4.046049844154416,0.04206163151257191,6.606844633827436e-05,0.11221796506475384
secondary,4,1.5,880105,False,False,,,,,,,3.652673718358535,64000,,,,,,,1.1666309059661306,2.199409663398056,0.07614798481222851,1.8852660701429327,-13.004540820914412,-5.276851479439958,,,,,,,,,,,,,,,,
secondary,4,1.5,880106,False,True,2472.0,4.245740733382486,,1684.0,2.8453429282893024,697.0,0.6704885260236646,64000,0.03860539743497818,0.032837282697886945,0.03179030072595068,0.03619423067310905,9.11316260649997e-05,0.10609897040779659,0.9574501595402286,0.004713903202898734,119.96646124263238,0.004923392780217791,0.15383122955147144,0.1691013377639634,0.6773296724474018,,True,1.5613072336731482e-09,0.03238685104102755,0.10068810077310886,0.00043914715269123794,0.05724729651192151,0.057204294561353744,0.007671054869810095,0.0,True,4.046049844154416,0.031037470360495104,9.11316260649997e-05,0.09346562925678885
secondary,4,1.5,880107,False,True,2835.0,3.1899092175536623,,2586.0,2.53421912338921,2181.0,1.8755335914008335,64000,0.02168266363965157,0.016800641426280516,0.01659455403254088,0.023878048530088132,9.196950165879514e-06,0.0712364235806886,0.9516709305885531,0.01480833502387524,116.54526355618609,0.015560352373815964,0.1354052911324679,0.17311894590233523,0.26021104891008884,,True,1.691554340176038e-10,0.016361139267096703,0.11587273259014808,0.0008403526348813052,0.06963821685437263,0.06957525259300576,0.012067405985403817,0.0,False,4.046049844154416,0.048825326106591176,9.196950165435425e-06,0.06043647369592953
secondary,4,1.5,880108,False,True,1484.0,3.9290604858960565,,1072.0,2.9806533233824672,373.0,16.824643014771432,64000,0.014893578118747487,0.01809875755025383,0.017840326076951657,0.02615982563412935,4.9563031119248535e-05,0.07783095905700677,0.9524447865072017,0.01163953809331516,121.9439041572509,0.012220695895664027,0.13832161881480154,0.17384347300847214,0.552221426526837,,True,6.600493892769399e-10,0.017542778658815546,0.10974176079803044,0.0005961284697715612,0.06516312685151783,0.06515112783595173,0.009148248381786727,0.0,False,4.046049844154416,0.03701426893941407,4.9563031119248535e-05,0.06634692937601305
secondary,4,1.5,880109,False,True,1807.0,4.75256507066007,,930.0,2.6855879205929183,376.0,3.476553528385617,64000,0.03283775292359803,0.0307360531346305,0.02917341542576354,0.04706203344244096,0.0014562232706714084,0.13677050331380913,0.9533328784468469,0.014910882545908399,125.17078824475496,0.01564079335037825,0.12432995828712157,0.17461153573476418,0.877556571124966,,True,1.5778333500859887e-12,0.03075126882196183,0.09503391242737536,0.0004909777879647852,0.07490006755493736,0.07472729164286146,0.006555104741456542,0.0,False,4.046049844154416,0.02652228051758611,0.0014562232706714084,0.1239571318099074
secondary,4,1.5,880110,False,True,1717.0,3.7373522260079275,,1218.0,2.7049951209809344,523.0,10.52373148795425,64000,0.025783477478534825,0.02207667996606679,0.021365570315467087,0.031015317147291756,0.00011816221691152151,0.09159584733383053,0.9518633213874413,0.006092416498070167,124.87292334873631,0.006400516083748061,0.1575841707619916,0.1738403714142791,0.47648483002782327,,True,3.5749016594199823e-12,0.021644461500636727,0.10933254973759965,0.0005686835674891044,0.05989031856188615,0.05975946339416962,0.009495417308583349,0.0,False,4.046049844154416,0.0384189317215748,0.00011816221691152151,0.0801189975971693
secondary,4,1.5,880111,False,False,,,,,,,1.1864549544692449,64000,,,,,,,1.6522570998927424,2.061446066823429,0.08326789281974183,1.2476545369102965,-14.636041796309154,-6.135082208406531,,,,,,,,,,,,,,,,
secondary,4,1.5,880112,False,True,2676.0,3.990330696619326,,1844.0,2.6299608652795823,879.0,0.6850326717602037,64000,0.023827329972826734,0.023805664208433528,0.02307244957392683,0.0396716351664515,0.0003098812969017928,0.11593651169144303,0.9530998959434142,0.007727714685953757,124.3369225728489,0.008107979781389624,0.15042012798980142,0.17232421604026538,0.5764269418743015,,True,7.005273097715481e-13,0.02410538862646219,0.09799088102306897,0.0004370438609945034,0.05506646808710409,0.05496017283346791,0.007936660479171968,0.0,False,4.046049844154416,0.03211212389486025,0.0003098812969017928,0.10233087977351824
secondary,4,1.5,880113,False,True,2538.0,5.474712839399358,,1485.0,3.1290720625693327,665.0,5.814783570864165,64000,0.02546444043095755,0.029526891914975924,0.028494629676552804,0.04443176385384887,2.00178918392524e-05,0.12865075373410484,0.9655697533199249,0.010147474998309036,124.11309629659486,0.010509313245800116,0.1363382340793895,0.17466081151818935,1.1628495167997466,,True,2.458415198844377e-12,0.02814599779219608,0.0734044394236264,0.0004103071448326042,0.09282016823601982,0.0926971371010325,0.0044204525011125794,0.0,True,4.046049844154416,0.01788537115321855,2.00178918392524e-05,0.11510343385721124
secondary,4,1.5,880114,False,True,2067.0,4.332389280468866,,1417.0,3.017317306751344,542.0,3.1726026361352204,64000,0.02304212824972709,0.021681624967794962,0.02067174230932226,0.03228405905510796,7.846495056496039e-05,0.09496574601397123,0.9478143247833555,0.008705602109342667,120.57659474120548,0.009184923546426174,0.14993806941281296,0.17329031355373115,0.711561197222268,,True,1.0250186550236906e-11,0.02141291118703842,0.10727957992458137,0.00047803128438395596,0.05950476707106256,0.05941829905048002,0.008033495598984116,0.0,True,4.046049844154416,0.03250392361628487,7.846495056496039e-05,0.08465310402927823
secondary,4,1.5,880115,False,True,2253.0,4.781544347725528,,1522.0,3.277720305456116,539.0,0.9544227138776463,64000,0.02793298887918031,0.021449185923990338,0.020580328618651222,0.0318884018742362,7.272781012046536e-05,0.09392690329546483,0.9498522955845545,0.010044453464064476,120.46394385175424,0.010574753054508286,0.13188389882740825,0.17457191608909017,0.8890051744100851,,True,2.0929655578094675e-12,0.02034581229779699,0.1001847519956307,0.0004377579247306332,0.06438653034788208,0.06434713629443965,0.0067989053357187575,0.0,True,4.046049844154416,0.027508709874005503,7.272781012046536e-05,0.08308665440836877
secondary,4,1.5,880116,False,True,1410.0,3.9248703556228697,,1001.0,2.9190092160480137,396.0,0.5806075307328822,64000,0.034204058050951364,0.027507094963684173,0.027064768490017002,0.030517405386078316,7.856469819333967e-05,0.09026661364690325,0.9356986635705823,0.01851882754427335,118.29374640704147,0.019791443832575726,0.12059611199950337,0.16947048780892793,0.5505660664189114,,True,8.092493914563237e-10,0.028024627271188565,0.10683822646238283,0.0006345498144501265,0.07126453566224164,0.07108923003562373,0.00890414577957227,0.0,True,4.046049844154416,0.03602661764376658,7.856469819333967e-05,0.07754039798176524
secondary,4,1.5,880117,False,True,1801.0,4.121540782069311,,1294.0,2.7551982694926704,825.0,5.2999708944435096,64000,0.028014161142882268,0.026971760933013136,0.02620418265463362,0.03764570134747618,4.1272084845278556e-05,0.11011947019633528,0.9422884514998963,0.02715029254758894,117.81051834743037,0.0288131436869169,0.10284591267988175,0.16964608509628487,0.6282630250150365,,True,1.0148751220916824e-09,0.027463184262920274,0.08210810679004155,0.0006493019615587482,0.09936237395834105,0.09849707693101746,0.006534686478313978,0.0,False,4.046049844154416,0.02643966720718024,4.1272084845278556e-05,0.09687106732941664
secondary,4,1.5,880118,False,True,1531.0,3.419619653012161,,1187.0,2.662601413071877,562.0,1.0665983913157697,64000,0.026686018944213734,0.020567475446510275,0.020317853070477877,0.024971487025007497,2.8884183472133174e-05,0.0744064098758992,0.9420317293928676,0.005261717525225632,116.81384630467733,0.005585499257670195,0.15572627217253032,0.1714667898223432,0.35096085057270576,,True,3.3720577805734786e-10,0.02046599192473017,0.0992845358050527,0.0006633411650275062,0.06995385525050409,0.06987694093484882,0.009482553358240055,0.0,True,4.046049844154416,0.0383668835372931,2.8884183472133174e-05,0.0631957082852371
secondary,4,1.5,880119,False,True,1705.0,3.519318609569966,,1201.0,2.537026107474826,527.0,2.7911200898712,64000,0.030955391829659454,0.023766045351794853,0.02342893661346781,0.03411590758876311,4.498677983200139e-05,0.10038030789504049,0.9398191711414977,0.010275270763246757,123.3836981382521,0.010933242349979397,0.14541827572066213,0.1714393586871088,0.3903480926696161,,True,9.577745454375508e-11,0.022865464959232643,0.11733170291178219,0.0005738961177605077,0.05337955279499634,0.05333279319337904,0.01075123502747485,0.0,True,4.046049844154416,0.043500032807382114,4.498677983200139e-05,0.08651696621456013
