W_hold,init_placed,hold_n_G_pos,hold_first_G_pos,hold_G_positive,hold_n_undecided,arm,seed,z_init,z_release,v0,newton_grad,newton_lam,newton_ok,newton_type,copy_at_release,windings,on_branch,release_dist,kappa,lam_min_switch,eta_lam,lag_steps_pred,s_switch_frozen,s_pop_branch,s_min_after_release,s_switch_own_path,s_switch,t_sw,sdot,chi_tsw,r_cf,kc_tsw,pred_signed_s_cross_cf,chi_path_max_all,chi_window_max,t_follow,s_follow_run,copy_at_follow,follow_newton_ok,follow_copy_point_ok,follow_newton_dist,follow_state_dist,follows_branch,follow_duplicate,traj_radius_max,traj_max_abs_delta,traj_status,branch_lost_at,branch_steps_computed,t_traj,s_traj,r_traj,lag_steps_traj,l5_eligible,status,rho,budget,path_sha256,secs,min_lam_split_to_tsw,crossed,step_obs,n_undecided,s_obs,scored,r_obs
4000,False,0,,False,0,D,884000,"[1.6416919845586602, -1.7080878592558901, 1.6416919845586602, -1.7080878592558901, 0.29636087807929584]","[1.6429010864903937, -1.6823079222445383, 1.6429010864903937, -1.6823079222445383, 0.2682662137724595]","[0.11126985155889989, 0.11126985155889989]",1.083855227790309e-16,0.0476053055395554,True,D,D,"[0, 0]",True,0.0,8.51627358194979,0.1181671958253492,0.0354501587476047,240.23231158380065,5.626313012085639,5.07963691573929,0.2225397031177997,,5.626313012085639,5068.0,0.0007240598687224,0.0036302154688014,0.0309159080937389,0.0309159080937389,5.8002555880738855,73.31101444311197,0.0049546833486409,3591.0,4.501541329810735,D,True,True,1.7763568394002505e-14,0.0700139888457638,True,True,0.9857184083381334,0.4776886171524158,ok,,5309.0,5308.0,5.798181956254109,0.0305473484676885,240.0,True,ok,1.0,40000,0c86daba686a35fd6bf5356574852c3511e1e7f2d6c065a14bb8f2dd92664d72,3.6,0.0476053055395554,True,5313.0,0,5.8017317978738046,True,0.031178284146537116
4000,False,0,,False,0,D,884001,"[1.6416919845586602, -1.7080878592558901, 1.6416919845586602, -1.7080878592558901, 0.29636087807929584]","[1.7221988262214105, -1.6687690964290811, 1.7221988262214105, -1.6687690964290811, 0.24903387680533964]","[0.11126985155889989, 0.11126985155889989]",1.0255685189974883e-16,0.0467780190591811,True,D,D,"[0, 0]",True,0.0,7.202496746490582,0.1143958113013912,0.0343187433904173,209.8706431221399,5.715035523520524,5.07963691573929,0.2225397031177997,,5.715035523520524,5484.0,0.0006758488896623,0.0034458732047958,0.0248188905463614,0.0248188905463614,5.856876364647347,80.91966645155667,0.0046994626271416,3877.0,4.572503694483568,D,True,True,1.5987211554602254e-14,0.0677249953022318,True,True,0.9859665942822456,0.4960729328521023,ok,,5693.0,5692.0,5.854776577795632,0.024451476058197,208.0,True,ok,1.0,40000,ec84c2e95c9af875cd65d2a1b6c39a539f0af54981d690a993dc8d9fb58cb38b,50.3,0.0467780190591811,True,5697.0,0,5.8581015221757005,True,0.02503326498433478
4000,False,0,,False,0,D,884002,"[1.6416919845586602, -1.7080878592558901, 1.6416919845586602, -1.7080878592558901, 0.29636087807929584]","[1.6810686993966082, -1.69134185164399, 1.6810686993966082, -1.69134185164399, 0.26264570138727383]","[0.11126985155889989, 0.11126985155889989]",9.936496070395151e-17,0.0471628673055127,True,D,D,"[0, 0]",True,0.0,7.895404563966318,0.1180733958534822,0.0354220187560446,222.89538657699987,5.369493648499046,5.07963691573929,0.2225397031177997,,5.369493648499046,4718.0,0.0007372609910949,0.0038762753019844,0.0306047617104783,0.0306047617104783,5.533825722117286,72.99802743670665,0.0053161921842809,3332.0,4.295642265740813,D,True,True,2.4868995751603507e-14,0.0717866277423944,True,True,0.9858511398083462,0.4761349223044372,ok,,4941.0,4940.0,5.531560299977554,0.030182855607588,222.0,True,ok,1.0,40000,e90ecf4633040c4957bd0c7a04982ac37d77ba79285db30a9e2e6ca9a33ab401,2.4,0.0471628673055127,True,4945.0,0,5.535175868234138,True,0.03085620927802113
4000,False,0,,False,0,D,884003,"[1.6416919845586602, -1.7080878592558901, 1.6416919845586602, -1.7080878592558901, 0.29636087807929584]","[1.6877697203482884, -1.670157744119518, 1.6877697203482884, -1.670157744119518, 0.25917022870770196]","[0.11126985155889989, 0.11126985155889989]",9.956445390368884e-17,0.0473016040096616,True,D,D,"[0, 0]",True,0.0,8.44053774445069,0.1154836556088445,0.0346450966826533,243.62863875847765,5.95577916565167,5.07963691573929,0.2225397031177997,,5.95577916565167,5637.0,0.0006857065502834,0.0033232111345708,0.0280496890141239,0.0280496890141239,6.122836919084998,76.02177669263413,0.0045424144871194,3989.0,4.764765298028942,D,True,True,1.4210854715202004e-14,0.0680706052753077,True,True,0.9858095187971015,0.4858577350054195,ok,,5880.0,5879.0,6.12058060221783,0.0276708440629578,242.0,True,ok,1.0,40000,63e31a3b136f0244da8c6a184cd47c06f90ce6f4b6a6d3ca07c975943f7bdefb,3.3,0.0473016040096615,True,5884.0,0,6.1239460970899255,True,0.028235924597089346
4000,False,0,,False,0,D,884004,"[1.6416919845586602, -1.7080878592558901, 1.6416919845586602, -1.7080878592558901, 0.29636087807929584]","[1.691133491342822, -1.7093153454011598, 1.691133491342822, -1.7093153454011598, 0.2654963158431343]","[0.11126985155889989, 0.11126985155889989]",1.0098692715398983e-16,0.0466551860353506,True,D,D,"[0, 0]",True,0.0,7.334894854728482,0.1199107014946172,0.0359732104483851,203.8988114572838,5.22571748096352,5.07963691573929,0.2225397031177997,,5.22571748096352,4625.0,0.0007323086932147,0.0038955525262635,0.0285734681812152,0.0285734681812152,5.375034353129852,75.16314101329046,0.005330795549948,3266.0,4.1808773532016525,D,True,True,1.5987211554602254e-14,0.0699796098136165,True,True,0.9860034441893948,0.4779548121564464,ok,,4829.0,4828.0,5.373063473289638,0.0281963180870141,203.0,True,ok,1.0,40000,38052ee2a6e2d1cd31c750f099fac958e560b01dfaeb889d3a8b15377a79e11b,2.8,0.0466551860353506,True,4832.0,0,5.375940346804113,True,0.02874684029280794
4000,False,0,,False,0,D,884005,"[1.6416919845586602, -1.7080878592558901, 1.6416919845586602, -1.7080878592558901, 0.29636087807929584]","[1.6925855936129397, -1.7083309131135298, 1.6925855936129397, -1.7083309131135298, 0.2758000792643165]","[0.11126985155889989, 0.11126985155889989]",1.0463852007092099e-16,0.0475639650388692,True,D,D,"[0, 0]",True,0.0,7.836393567401108,0.1218131488446924,0.0365439446534077,214.4375392892995,5.3696032016231054,5.07963691573929,0.2225397031177997,,5.3696032016231054,4712.0,0.0007433047788148,0.0037879942117906,0.0296842134746287,0.0296842134746287,5.528995649334135,72.23997003382509,0.0051721828878345,3337.0,4.296359696676478,D,True,True,1.5987211554602254e-14,0.0697276922697796,True,True,0.9857308104883392,0.4713973642416731,ok,,4946.0,4945.0,5.541036674271292,0.0319266556970851,233.0,True,ok,1.0,40000,cdeefd98a475e859ef2c006a995a182e2013b70216e0b62894aebb4aabf4b7b3,2.8,0.0475639650388691,True,4946.0,0,5.5417653151132065,True,0.032062353031609536
4000,False,0,,False,0,D,884006,"[1.6416919845586602, -1.7080878592558901, 1.6416919845586602, -1.7080878592558901, 0.29636087807929584]","[1.6103263697356935, -1.6680578197132376, 1.6103263697356935, -1.6680578197132376, 0.32003534353741564]","[0.11126985155889989, 0.11126985155889989]",1.0895798152610326e-16,0.0467092517694594,True,D,D,"[0, 0]",True,0.0,7.444958328883051,0.1341679703481778,0.0402503911044533,184.9661114984628,5.513598802707979,5.07963691573929,0.2225397031177997,,5.513598802707979,4742.0,0.0007699165536917,0.0034692723211572,0.0258285878625634,0.0258285878625634,5.656007273822647,63.78978001599011,0.0047067773464552,3379.0,4.411463847933632,D,True,True,1.7763568394002505e-15,0.0649590830579072,True,True,0.9859872244691622,0.4415305272793686,ok,,4927.0,4926.0,5.654015032353472,0.0254672555385291,184.0,True,ok,1.0,40000,c9609ab32f3756310ec4e56262a1d368c8bce51a50caf889a0b8f3c8a0d95e13,58.3,0.0467092517694594,True,4930.0,0,5.657043077033721,True,0.026016451225157944
4000,False,0,,False,0,D,884007,"[1.6416919845586602, -1.7080878592558901, 1.6416919845586602, -1.7080878592558901, 0.29636087807929584]","[1.6548058812532132, -1.682988833192139, 1.6548058812532132, -1.682988833192139, 0.27063164327743117]","[0.11126985155889989, 0.11126985155889989]",9.978129433818595e-17,0.0479128176789928,True,D,D,"[0, 0]",True,0.0,8.955214965044423,0.1170350590345654,0.0351105177103696,255.05790142193104,6.051421239514673,5.07963691573929,0.2225397031177997,,6.051421239514673,5664.0,0.0006973774873072,0.0032822624544155,0.0293933658509854,0.0293933658509854,6.229292877926152,74.44688337852546,0.0044765877766035,4019.0,4.841571758989138,D,True,True,1.0658141036401504e-14,0.0680787049818434,True,True,0.985626154696302,0.4828300412572811,ok,,5919.0,5918.0,6.226784666529134,0.0289788828233226,254.0,True,ok,1.0,40000,01c5c0abf2360f1b1250e50bc6b7997edfd679dd0cff5abc067966d7a234883b,2.7,0.0479128176789928,True,5923.0,0,6.230204114975872,True,0.02954394817101469
4000,False,0,,False,0,D,884008,"[1.6416919845586602, -1.7080878592558901, 1.6416919845586602, -1.7080878592558901, 0.29636087807929584]","[1.5990479557856607, -1.7371037543032668, 1.5990479557856607, -1.7371037543032668, 0.3187335018300553]","[0.11126985155889989, 0.11126985155889989]",1.0935696792557792e-16,0.0485057776501733,True,D,D,"[0, 0]",True,0.0,7.001519876219595,0.1365272341481509,0.0409581702444452,170.94318018684285,4.613429753537358,5.07963691573929,0.2225397031177997,,4.613429753537358,3583.0,0.0008476336356571,0.0044858394189417,0.0314076938532501,0.0314076938532501,4.758326942849934,63.74384587726431,0.0061070062041222,2541.0,3.690951465863269,D,True,True,7.105427357601002e-15,0.0703465407552776,True,True,0.985448266704948,0.4501926841430222,ok,,3754.0,3753.0,4.756616709526736,0.0310369862854396,170.0,True,ok,1.0,40000,d688422f8aeba8fd05635bd73df89ca03246f1a4c06da31b6cabaf675e5b1b15,2.4,0.0485057776501733,True,3757.0,0,4.759943702571633,True,0.03175814022570411
4000,False,0,,False,0,D,884009,"[1.6416919845586602, -1.7080878592558901, 1.6416919845586602, -1.7080878592558901, 0.29636087807929584]","[1.6393852680375356, -1.7355492126030703, 1.6393852680375356, -1.7355492126030703, 0.28886007258858765]","[0.11126985155889989, 0.11126985155889989]",9.776901510605283e-17,0.0481243325884911,True,D,D,"[0, 0]",True,0.0,7.49772319729137,0.1261719247262659,0.0378515774178797,198.08218596854832,4.777143398564802,5.07963691573929,0.2225397031177997,,4.777143398564802,3807.0,0.0008190819944847,0.0045297592264585,0.0339628808303631,0.0339628808303631,4.939388950519815,67.34785324526655,0.006198752134518,2693.0,3.822504114721469,D,True,True,2.3092638912203256e-14,0.0741678031896047,True,True,0.9855627002234526,0.4557599145448091,ok,,4005.0,4004.0,4.93703106009062,0.0334693033443067,197.0,True,ok,1.0,40000,9e09efa8c2f9110eff3660d804fc672453d26e6f62e752574b214fa83ceddf87,2.9,0.0481243325884911,True,4008.0,0,4.940241518576797,True,0.03414134900388266
4000,False,0,,False,0,D,884010,"[1.6416919845586602, -1.7080878592558901, 1.6416919845586602, -1.7080878592558901, 0.29636087807929584]","[1.6859003787705473, -1.7390700011260085, 1.6859003787705473, -1.7390700011260085, 0.26472428613621013]","[0.11126985155889989, 0.11126985155889989]",9.915679388683428e-17,0.048124214253698,True,D,D,"[0, 0]",True,0.0,7.475654895824886,0.1189895607015111,0.0356968682104533,209.42046937427816,4.974477097296536,5.07963691573929,0.2225397031177997,,4.974477097296536,4160.0,0.0007727622547873,0.0043517942042143,0.0325325116483576,0.0325325116483576,5.136309331408825,73.29926650807211,0.0059744316436821,2933.0,3.9802140899653105,D,True,True,3.7303493627405266e-14,0.0747724467939505,True,True,0.9855627357238906,0.479267513090453,ok,,4373.0,4372.0,5.136596330227376,0.0325902059171094,212.0,True,ok,1.0,40000,73c6fac734cf9cc2347f23e197d5684d109b91a7a1e6af22f3f0323056ac16cf,2.7,0.048124214253698,True,4374.0,0,5.13811102172668,True,0.032894698524006394
4000,False,0,,False,0,D,884011,"[1.6416919845586602, -1.7080878592558901, 1.6416919845586602, -1.7080878592558901, 0.29636087807929584]","[1.6672758665029075, -1.680901936121072, 1.6672758665029075, -1.680901936121072, 0.302501711544616]","[0.11126985155889989, 0.11126985155889989]",1.0103029524088924e-16,0.0469921584057858,True,D,D,"[0, 0]",True,0.0,7.5169133505247245,0.1289731175871541,0.0386919352761462,194.2759724184418,5.474538221044515,5.07963691573929,0.2225397031177997,,5.474538221044515,4687.0,0.0007700402985372,0.0036353439664292,0.0273265655950014,0.0273265655950014,5.624138548844231,65.87673433634271,0.0049441538131038,3333.0,4.3796611302181905,D,True,True,5.3290705182007506e-15,0.0677734491932842,True,True,0.9859023524782642,0.4437867630724978,ok,,4881.0,4880.0,5.622112606313363,0.0269564992169679,193.0,True,ok,1.0,40000,fc53aa8b84f6cad919087e13918c3e74cf40d2a20984049a5c035679079fd4a5,2.6,0.0469921584057858,True,4884.0,0,5.6251387227642535,True,0.027509261172169674
4000,False,0,,False,0,D,884012,"[1.6416919845586602, -1.7080878592558901, 1.6416919845586602, -1.7080878592558901, 0.29636087807929584]","[1.5298325522160114, -1.7568973089478164, 1.5298325522160114, -1.7568973089478164, 0.3498630915815543]","[0.11126985155889989, 0.11126985155889989]",9.471590178833367e-17,0.0476756942628087,True,D,D,"[0, 0]",True,0.0,8.27957861422213,0.1417154875130727,0.0425146462539218,194.7465013532453,4.398432982609495,5.07963691573929,0.2225397031177997,,4.398432982609495,3141.0,0.0009313437473346,0.0049805058462384,0.0412364896925241,0.0412364896925241,4.579808918960129,54.250338638517114,0.0067873758652917,2236.0,3.519403164959342,D,True,True,7.105427357601002e-15,0.0739746802498313,True,True,0.9856972917211564,0.4019031869317253,ok,,3337.0,3336.0,4.577722132683983,0.0407620511176052,195.0,True,ok,1.0,40000,751146083e1f270eb9cb00aee592021a153ce9c208d5c632f15ed792cb9388a7,47.8,0.0476756942628124,True,3340.0,0,4.581361500885202,True,0.041589474933224846
4000,False,0,,False,0,D,884013,"[1.6416919845586602, -1.7080878592558901, 1.6416919845586602, -1.7080878592558901, 0.29636087807929584]","[1.642316662823666, -1.7377318636062218, 1.642316662823666, -1.7377318636062218, 0.31539874261929757]","[0.11126985155889989, 0.11126985155889989]",1.1018963519404679e-16,0.0473997764836091,True,D,D,"[0, 0]",True,0.0,8.278252404354838,0.1322229264518833,0.0396668779355649,208.6943272369975,4.9623023302711085,5.07963691573929,0.2225397031177997,,4.9623023302711085,3960.0,0.0008256546235626,0.004194567399573,0.034723687660744,0.034723687660744,5.134611766465625,62.285650258961134,0.0057271299534091,2813.0,3.97005968638338,D,True,True,8.881784197001252e-15,0.0709226295296154,True,True,0.9857800670549172,0.4294337464332939,ok,,4172.0,4171.0,5.134410225445175,0.034683073242872,211.0,True,ok,1.0,40000,d2b7295604a90ff6fe0031173ce504e345dd8bb61b0973c538cce8d514be1e05,2.2,0.0473997764836091,True,4172.0,0,5.135218530356607,True,0.03484596233298243
4000,False,0,,False,0,D,884014,"[1.6416919845586602, -1.7080878592558901, 1.6416919845586602, -1.7080878592558901, 0.29636087807929584]","[1.683117847216063, -1.7115205222148437, 1.683117847216063, -1.7115205222148437, 0.2515572785083904]","[0.11126985155889989, 0.11126985155889989]",1.0189765697887764e-16,0.0472567658572907,True,D,D,"[0, 0]",True,0.0,7.306754192815137,0.11673839838391,0.035021519515173,208.63612698613767,5.065824903881969,5.07963691573929,0.2225397031177997,,5.065824903881969,4452.0,0.00073367818207,0.0041354278131713,0.0302165545129738,0.0302165545129738,5.218896678243299,78.27704953172521,0.0056634412138338,3135.0,4.052726571876963,D,True,True,3.1974423109204515e-14,0.0721998443958984,True,True,0.9858229702428128,0.490956460183587,ok,,4660.0,4659.0,5.21667276095066,0.0297775505333977,207.0,True,ok,1.0,40000,de4c86e664738a7adf4857dcfa4740c0d58718404689d2db9f50bfbb8986199e,3.1,0.0472567658572907,True,4664.0,0,5.220273793106482,True,0.03048839866260633
4000,False,0,,False,0,D,884015,"[1.6416919845586602, -1.7080878592558901, 1.6416919845586602, -1.7080878592558901, 0.29636087807929584]","[1.5698256930625503, -1.7708970564624327, 1.5698256930625503, -1.7708970564624327, 0.3478298217874503]","[0.11126985155889989, 0.11126985155889989]",1.0044916287643702e-16,0.047075373651516,True,D,D,"[0, 0]",True,0.0,8.175958149992478,0.1404569792406031,0.0421370937721809,194.0323220722516,4.390455069924736,5.07963691573929,0.2225397031177997,,4.390455069924736,3155.0,0.0009252014165165,0.0050010612460402,0.0408884674531742,0.0408884674531742,4.569974049155976,54.06270360743851,0.0068245007316124,2245.0,3.512947099044581,D,True,True,8.881784197001252e-15,0.074224733545396,True,True,0.9858773879045452,0.3950490402795709,ok,,3349.0,3348.0,4.5673999811320325,0.0403021801588168,193.0,True,ok,1.0,40000,06a1151b5e452e50bbf61e82add56bf013107fbaf64dc4e8f98154f7622285e2,2.4,0.047075373651516,True,3352.0,0,4.5710164040120125,True,0.04112588130650696
4000,False,0,,False,0,D,884016,"[1.6416919845586602, -1.7080878592558901, 1.6416919845586602, -1.7080878592558901, 0.29636087807929584]","[1.633335579800878, -1.701059797679739, 1.633335579800878, -1.701059797679739, 0.2902509122221399]","[0.11126985155889989, 0.11126985155889989]",1.1074474670635936e-16,0.0479481665219543,True,D,D,"[0, 0]",True,0.0,7.1598020603777055,0.1282298504242925,0.0384689551272877,186.11896363410548,4.93504219650573,5.07963691573929,0.2225397031177997,,4.93504219650573,4087.0,0.0007895624353057,0.0041589645359695,0.0297773628536722,0.0297773628536722,5.081994738689265,68.3797130016448,0.0056754436471074,2893.0,3.948217176579801,D,True,True,1.4210854715202004e-14,0.070244266934722,True,True,0.9856155500434136,0.4542461376046693,ok,,4273.0,4272.0,5.080157478900853,0.0294050742864715,185.0,True,ok,1.0,40000,bc4c453d8f4bd9c01ce957a592b3efb27e676be8ac9ad455e1d17c309de0ff66,2.7,0.0479481665219543,True,4276.0,0,5.083258674474197,True,0.030033477337521486
4000,False,0,,False,0,D,884017,"[1.6416919845586602, -1.7080878592558901, 1.6416919845586602, -1.7080878592558901, 0.29636087807929584]","[1.6453203532925404, -1.7127236128640122, 1.6453203532925404, -1.7127236128640122, 0.30580703183286856]","[0.11126985155889989, 0.11126985155889989]",1.0286910212542466e-16,0.0485482936298869,True,D,D,"[0, 0]",True,0.0,6.828604929599814,0.1323140148709628,0.0396942044612888,172.03027550934556,4.846204952107476,5.07963691573929,0.2225397031177997,,4.846204952107476,3873.0,0.0008193847254889,0.0042595035486116,0.0290864669296972,0.0290864669296972,4.987163932181485,65.09319999987075,0.0058234635777242,2744.0,3.877220515921033,D,True,True,1.0658141036401504e-14,0.0708329173888113,True,True,0.9854355119110338,0.4490578246655757,ok,,4045.0,4044.0,4.984839981193549,0.0286069265448183,171.0,True,ok,1.0,40000,d9ac3fcecd60fe6b8ccf460ef1cc96e08c130bf5a6011bced2bbb0ff5256b2c5,47.5,0.0485482936298869,True,4048.0,0,4.98805812520498,True,0.029270981004593466
4000,False,0,,False,0,D,884018,"[1.6416919845586602, -1.7080878592558901, 1.6416919845586602, -1.7080878592558901, 0.29636087807929584]","[1.6674175169430032, -1.7389314427301068, 1.6674175169430032, -1.7389314427301068, 0.3067887434624702]","[0.11126985155889989, 0.11126985155889989]",1.0491607582707728e-16,0.0478756142967053,True,D,D,"[0, 0]",True,0.0,8.243115332208356,0.1324053512249743,0.0397216053674922,207.52221004024244,4.940730967817744,5.07963691573929,0.2225397031177997,,4.940730967817744,4058.0,0.0008005742426575,0.0040792809232334,0.0336259831226908,0.0336259831226908,5.106867903955339,65.73337098424133,0.0055520687004837,2879.0,3.9528127523620062,D,True,True,7.105427357601002e-15,0.0685994707200432,True,True,0.9856373157109884,0.4495089764859878,ok,,4269.0,4268.0,5.107396820238708,0.0337330353558145,210.0,True,ok,1.0,40000,0d70673f6b8108b6f435213c347c9a44492ba2f2c0566a70bd1e5dfaeb0f5633,2.3,0.0478756142967053,True,4269.0,0,5.108181353893071,True,0.033891824340577026
4000,False,0,,False,0,D,884019,"[1.6416919845586602, -1.7080878592558901, 1.6416919845586602, -1.7080878592558901, 0.29636087807929584]","[1.6429308664694746, -1.672487125585361, 1.6429308664694746, -1.672487125585361, 0.29596117873593136]","[0.11126985155889989, 0.11126985155889989]",1.0852430065710906e-16,0.0475897963552198,True,D,D,"[0, 0]",True,0.0,7.388788346897869,0.1280051267334873,0.0384015380200461,192.4086567324676,5.466758109981621,5.07963691573929,0.2225397031177997,,5.466758109981621,4744.0,0.0007549774510478,0.0035962966145453,0.0265722745175409,0.0265722745175409,5.612022307201046,67.55194106422366,0.0049066416208125,3366.0,4.373420089869812,D,True,True,7.105427357601002e-15,0.0673438045433325,True,True,0.985723061093434,0.4509338139595246,ok,,4936.0,4935.0,5.609801743338662,0.0261660806055898,191.0,True,ok,1.0,40000,f0fd5b930fbc775baee7a95ba58a1912e66a22032656733e98552d11e5ca6142,2.4,0.0475897963552197,True,4939.0,0,5.61276950850524,True,0.02670895539662177
4000,False,0,,False,0,D,884020,"[1.6416919845586602, -1.7080878592558901, 1.6416919845586602, -1.7080878592558901, 0.29636087807929584]","[1.6834173502622531, -1.651063537359336, 1.6834173502622531, -1.651063537359336, 0.2656426809615064]","[0.11126985155889989, 0.11126985155889989]",1.1084828801383172e-16,0.047052469030352,True,D,D,"[0, 0]",True,0.0,8.136801985976511,0.1174528010962399,0.0352358403288719,230.92402253024397,6.002185933846248,5.07963691573929,0.2225397031177997,,6.002185933846248,5640.0,0.0006918384984899,0.0032712267378497,0.0266173242171149,0.0266173242171149,6.1619480628588414,73.79252943192353,0.0044654836152431,3995.0,4.801792925492517,D,True,True,8.881784197001252e-15,0.0673893963793297,True,True,0.9858842592908944,0.4772049373246477,ok,,5871.0,5870.0,6.159748658955475,0.0262508903999012,230.0,True,ok,1.0,40000,2695ce57233f08a5a9423ed2e729c64b9351c7c3ca6038635443dcdfa910bb44,3.5,0.047052469030352,True,5875.0,0,6.163146306147988,True,0.026816958700677018
4000,False,0,,False,0,D,884021,"[1.6416919845586602, -1.7080878592558901, 1.6416919845586602, -1.7080878592558901, 0.29636087807929584]","[1.6742685314374681, -1.7063721925467217, 1.6742685314374681, -1.7063721925467217, 0.27517004369505194]","[0.11126985155889989, 0.11126985155889989]",9.534040223968532e-17,0.0475027304178973,True,D,D,"[0, 0]",True,0.0,7.7699291793723075,0.121947763945858,0.0365843291837574,212.38408227591535,5.282436563000869,5.07963691573929,0.2225397031177997,,5.282436563000869,4564.0,0.000751129561731,0.0038867398054831,0.0301996930272511,0.0301996930272511,5.441964525639423,71.32714145960986,0.0053245922232476,3226.0,4.2266792200574015,D,True,True,1.5987211554602254e-14,0.0706281074686838,True,True,0.9857491808746308,0.4695126814330806,ok,,4776.0,4775.0,5.439498303441698,0.0297328209373903,211.0,True,ok,1.0,40000,01efc7b94f69ec3f67b7ad089466920c8e50eadc867e69f5e62b6cdbdc0c0966,2.8,0.0475027304178972,True,4780.0,0,5.443182421285158,True,0.030430248686786232
4000,False,0,,False,0,D,884022,"[1.6416919845586602, -1.7080878592558901, 1.6416919845586602, -1.7080878592558901, 0.29636087807929584]","[1.618065284942712, -1.7428178787897093, 1.618065284942712, -1.7428178787897093, 0.3294993108808167]","[0.11126985155889989, 0.11126985155889989]",9.846290449644355e-17,0.0468777429198095,True,D,D,"[0, 0]",True,0.0,7.177507243778481,0.1383694491084301,0.041510834732529,172.90683962454722,4.60635422785195,5.07963691573929,0.2225397031177997,,4.60635422785195,3552.0,0.0008599149331514,0.004497142945659,0.032278276068775,0.032278276068775,4.755039401289125,60.20644920611112,0.006118140354229,2527.0,3.685942617564948,D,True,True,7.105427357601002e-15,0.0701994750306038,True,True,0.9859366771240572,0.4249508393361549,ok,,3725.0,3724.0,4.75265341172462,0.0317602981959319,172.0,True,ok,1.0,40000,035142e2e212bed4ee5fb27c1fa21cb3d7797f515ac7e9a39b0611ef924b0292,2.4,0.0468777429198095,True,3728.0,0,4.7560281424690345,True,0.03249292329975262
4000,False,0,,False,0,D,884023,"[1.6416919845586602, -1.7080878592558901, 1.6416919845586602, -1.7080878592558901, 0.29636087807929584]","[1.6438181111223766, -1.698317058633841, 1.6438181111223766, -1.698317058633841, 0.27822254303938077]","[0.11126985155889989, 0.11126985155889989]",1.1043249648068351e-16,0.047529749656928,True,D,D,"[0, 0]",True,0.0,7.514802831960153,0.1238387388566508,0.0371516216569952,202.2738846056588,5.03568630309034,5.07963691573929,0.2225397031177997,,5.03568630309034,4236.0,0.0007741957443969,0.0041382272522204,0.0310979618742806,0.0310979618742806,5.19228588375468,69.95838531501488,0.0056584879801345,2995.0,4.028641456672873,D,True,True,1.9539925233402755e-14,0.0714891098111127,True,True,0.9857410751029216,0.4626039986064922,ok,,4439.0,4438.0,5.190575073380913,0.0307582245930451,202.0,True,ok,1.0,40000,060bb29e716e3a445f413bec777184ec6ed13e2d12245b63884a761f796088c0,54.6,0.0475297496569279,True,4442.0,0,5.19361325279931,True,0.03136155435497501
4000,False,0,,False,0,D,884024,"[1.6416919845586602, -1.7080878592558901, 1.6416919845586602, -1.7080878592558901, 0.29636087807929584]","[1.708425664216519, -1.7175780106698202, 1.708425664216519, -1.7175780106698202, 0.2641892376236507]","[0.11126985155889989, 0.11126985155889989]",1.0734468869344484e-16,0.0478008455807393,True,D,D,"[0, 0]",True,0.0,8.151258052053802,0.1195048469916714,0.0358514540975014,227.3619929023152,5.322468029857599,5.07963691573929,0.2225397031177997,,5.322468029857599,4754.0,0.0007245447067057,0.0037970415682564,0.0309506656572334,0.0309506656572334,5.487201958321035,76.63482079999952,0.0051845943325086,3357.0,4.258770677668185,D,True,True,1.5987211554602254e-14,0.0694119504488508,True,True,0.9856597463257782,0.4862968651865794,ok,,4985.0,4984.0,5.487552409061743,0.0310165093107306,230.0,True,ok,1.0,40000,de259c31c79ee38b0724adb8f84fc21ea320a71c5d74aeb412f23809eb5f73b7,2.4,0.0478008455807392,True,4985.0,0,5.488262832120183,True,0.031149985557925586
4000,False,0,,False,0,D,884025,"[1.6416919845586602, -1.7080878592558901, 1.6416919845586602, -1.7080878592558901, 0.29636087807929584]","[1.5980849970432431, -1.731019317312078, 1.5980849970432431, -1.731019317312078, 0.30217832067926775]","[0.11126985155889989, 0.11126985155889989]",1.021405182655144e-16,0.0467835584612558,True,D,D,"[0, 0]",True,0.0,6.805826749391384,0.1321461649160342,0.0396438494748102,171.6742152831503,4.520348380757264,5.07963691573929,0.2225397031177997,,4.520348380757264,3599.0,0.0008252511891693,0.004605093298835,0.0313414671566548,0.0313414671566548,4.662022731069405,66.85063892899038,0.0062682474309888,2549.0,3.6163804860332727,D,True,True,1.0658141036401504e-14,0.0707281208052155,True,True,0.9859649324616232,0.4463535028677407,ok,,3771.0,3770.0,4.660482088388832,0.0310006432752185,171.0,True,ok,1.0,40000,1781f3bffaa3e1f566c3c4ffc2170010696bbaeed98f95e74b827c94d490329a,2.9,0.0467835584612558,True,3774.0,0,4.663723549728412,True,0.031717725470338465
4000,False,0,,False,0,D,884026,"[1.6416919845586602, -1.7080878592558901, 1.6416919845586602, -1.7080878592558901, 0.29636087807929584]","[1.6221891790597807, -1.7145786524849516, 1.6221891790597807, -1.7145786524849516, 0.32730087798967405]","[0.11126985155889989, 0.11126985155889989]",1.0867717316342951e-16,0.0467035928302755,True,D,D,"[0, 0]",True,0.0,7.635818155635876,0.1360181244931189,0.0408054373479356,187.12746760995483,4.901769142311508,5.07963691573929,0.2225397031177997,,4.901769142311508,3808.0,0.0008527301916065,0.004263249495701,0.0325533979012796,0.0325533979012796,5.061338383621388,58.753823248265434,0.0058144075888717,2710.0,3.922283409607125,D,True,True,7.105427357601002e-15,0.0711369363824925,True,True,0.9859889221509174,0.4141308858391822,ok,,3995.0,3994.0,5.059291232606111,0.0321357627667306,186.0,True,ok,1.0,40000,3e60d5f1aed0f494bea5150cea214d25eb3a37f2f554b0ffc4b0026d67ec41bb,2.9,0.0467035928302755,True,3998.0,0,5.062634869341421,True,0.032817891328528415
4000,False,0,,False,0,D,884027,"[1.6416919845586602, -1.7080878592558901, 1.6416919845586602, -1.7080878592558901, 0.29636087807929584]","[1.6428110606826873, -1.7269440778933447, 1.6428110606826873, -1.7269440778933447, 0.3162940751273017]","[0.11126985155889989, 0.11126985155889989]",1.0921819004749978e-16,0.0484142575205809,True,D,D,"[0, 0]",True,0.0,7.615751276194771,0.1333088484225351,0.0399926545267605,190.42875163734868,4.979674225548422,5.07963691573929,0.2225397031177997,,4.979674225548422,3967.0,0.0008270530882077,0.0041529071784823,0.0316275081444457,0.0316275081444457,5.137168912673641,62.59903522329941,0.0056706768865979,2818.0,3.984388507941612,D,True,True,7.105427357601002e-15,0.0706771948302105,True,True,0.9854757227438284,0.4386561669724209,ok,,4157.0,4156.0,5.134680994579466,0.0311278935147556,189.0,True,ok,1.0,40000,1ff94c8f1838bb8791cc593f7efb562aa30d2e0dc6086d0c81a785393513eb29,2.7,0.0484142575205723,True,4160.0,0,5.13792498589708,True,0.031779340009181034
4000,False,0,,False,0,D,884028,"[1.6416919845586602, -1.7080878592558901, 1.6416919845586602, -1.7080878592558901, 0.29636087807929584]","[1.5699651435537738, -1.7459986063945347, 1.5699651435537738, -1.7459986063945347, 0.3314890645072653]","[0.11126985155889989, 0.11126985155889989]",9.679756995950583e-17,0.0470691279502546,True,D,D,"[0, 0]",True,0.0,7.618231539400226,0.1369621441891839,0.0410886432567551,185.4096639744305,4.374772290205714,5.07963691573929,0.2225397031177997,,4.374772290205714,3135.0,0.0009203459126141,0.0051200456617069,0.0390056933431852,0.0390056933431852,4.545413316603742,55.31721676428837,0.0070054920406494,2225.0,3.5005184192418763,D,True,True,1.2434497875801752e-14,0.0761628026368903,True,True,0.9858792616149236,0.4018263752812825,ok,,3321.0,3320.0,4.542930953078296,0.0384382664325313,185.0,True,ok,1.0,40000,504685afb8fb78c61283146ba04f4b7f3e43a98c36027cd2f67740539e13f513,2.1,0.0470691279502547,True,3324.0,0,4.546529699477475,True,0.03926087985340243
4000,False,0,,False,0,D,884029,"[1.6416919845586602, -1.7080878592558901, 1.6416919845586602, -1.7080878592558901, 0.29636087807929584]","[1.6769362146272093, -1.684749950812805, 1.6769362146272093, -1.684749950812805, 0.28427315616880794]","[0.11126985155889989, 0.11126985155889989]",1.0991207943789051e-16,0.0477898433149345,True,D,D,"[0, 0]",True,0.0,8.083756039876208,0.1234402721843608,0.0370320816553082,218.2906193370166,5.442967471639843,5.07963691573929,0.2225397031177997,,5.442967471639843,4646.0,0.0007635316058838,0.0037880277758238,0.030621492412035,0.030621492412035,5.609639258771617,67.14405407118174,0.0051876581707224,3290.0,4.354484324264523,D,True,True,1.2434497875801752e-14,0.0708749432538766,True,True,0.9856630470055197,0.4561851481428124,ok,,4864.0,4863.0,5.6071963594551075,0.0301726748636597,217.0,True,ok,1.0,40000,df7de7e9419a8a79c415fd07dffaef9505c3b5237b50e79a01df790d32ab574b,861.0,0.0477898433149345,True,4868.0,0,5.610939281920907,True,0.030860336968072666
4000,False,0,,False,0,D,884030,"[1.6416919845586602, -1.7080878592558901, 1.6416919845586602, -1.7080878592558901, 0.29636087807929584]","[1.6272596551291973, -1.7173586859446683, 1.6272596551291973, -1.7173586859446683, 0.3084741512103284]","[0.11126985155889989, 0.11126985155889989]",9.457712391025552e-17,0.0476019086167732,True,D,D,"[0, 0]",True,0.0,7.367329984808553,0.1321748127239254,0.0396524438171776,185.7976274747785,4.851123583992063,5.07963691573929,0.2225397031177997,,4.851123583992063,3869.0,0.0008234421937993,0.0042807594077293,0.0315377671423155,0.0315377671423155,5.0041171899626,63.53329451369395,0.005844474741454,2744.0,3.8811827019546015,D,True,True,8.881784197001252e-15,0.0708831198057708,True,True,0.985719427414968,0.434882406002628,ok,,4055.0,4054.0,5.001799242864915,0.03105995059991,185.0,True,ok,1.0,40000,95decacccf0f4090c12c53908b96199ea94a118c44f7df816eb17364853a970e,2.1,0.0476019086167731,True,4058.0,0,5.005029932795778,True,0.03172591795261237
4000,False,0,,False,0,D,884031,"[1.6416919845586602, -1.7080878592558901, 1.6416919845586602, -1.7080878592558901, 0.29636087807929584]","[1.6387354979068574, -1.720381886517101, 1.6387354979068574, -1.720381886517101, 0.30103035200412726]","[0.11126985155889989, 0.11126985155889989]",1.1018963519404679e-16,0.0475646757161807,True,D,D,"[0, 0]",True,0.0,7.448248344594263,0.1300344021716655,0.0390103206514996,190.93020052650948,4.888877392774283,5.07963691573929,0.2225397031177997,,4.888877392774283,3979.0,0.0008078589183207,0.0042359113041126,0.0315501193587047,0.0315501193587047,5.043122058046386,65.84957011000472,0.005774808351403,2823.0,3.9117208465640374,D,True,True,1.2434497875801752e-14,0.0706311514842799,True,True,0.985730597285146,0.4432257647023914,ok,,4170.0,4169.0,5.040905876241523,0.0310968083781231,190.0,True,ok,1.0,40000,5c1d4426798a2f4dd5bc090df62277438bdfbd6ffe05694a4dfb6b21026ce67d,2.8,0.0475646757161801,True,4173.0,0,5.044076571908134,True,0.03174536128953309
4000,False,0,,False,0,D,884032,"[1.6416919845586602, -1.7080878592558901, 1.6416919845586602, -1.7080878592558901, 0.29636087807929584]","[1.6089294568296402, -1.7732099431008943, 1.6089294568296402, -1.7732099431008943, 0.342933745016969]","[0.11126985155889989, 0.11126985155889989]",1.0769163338864017e-16,0.0476505722358559,True,D,D,"[0, 0]",True,0.0,7.752226675872048,0.1416069691065954,0.0424820907319786,182.4822305658444,4.515975736415641,5.07963691573929,0.2225397031177997,,4.515975736415641,3370.0,0.0008904655403574,0.0046415136883505,0.0359820662312562,0.0359820662312562,4.678469874462095,58.00595441986487,0.006318016311066,2398.0,3.6130919581621024,D,True,True,5.3290705182007506e-15,0.0709617526613595,True,True,0.9857048283292432,0.4230568961687712,ok,,3555.0,3554.0,4.678594474329944,0.0360096571385419,184.0,True,ok,1.0,40000,d19608c95ae7bc34f83c248c5611a6a9b9ff878179a3378bc25adfea5882eb56,2.5,0.0476505722358559,True,3555.0,0,4.679466394293674,True,0.03620273168424859
4000,False,0,,False,0,D,884033,"[1.6416919845586602, -1.7080878592558901, 1.6416919845586602, -1.7080878592558901, 0.29636087807929584]","[1.724505120315655, -1.6657778801512777, 1.724505120315655, -1.6657778801512777, 0.2493248403666263]","[0.11126985155889989, 0.11126985155889989]",1.0894063429134347e-16,0.0453874903529497,True,D,D,"[0, 0]",True,0.0,7.403585943431231,0.1133764249015551,0.0340129274704665,217.6697654108066,6.124744029034462,5.07963691573929,0.2225397031177997,,6.124744029034462,6282.0,0.0006339777179677,0.0030432808857991,0.0225311915880153,0.0225311915880153,6.26274181018019,83.96370687159379,0.0041353446962367,4449.0,4.8998059839911505,D,True,True,6.208367153703875e-13,0.0637392012740516,True,True,0.9863837528941152,0.4995435138150317,ok,,6500.0,6499.0,6.261126347963178,0.0222674316317863,217.0,True,ok,1.0,40000,9b0c5b2a38739acd156f2714ca21be9aae7252aa48ab28e84d68766f326a5cdd,4.4,0.0453874903529496,True,6504.0,0,6.264248735185106,True,0.02277723044250002
4000,False,0,,False,0,D,884034,"[1.6416919845586602, -1.7080878592558901, 1.6416919845586602, -1.7080878592558901, 0.29636087807929584]","[1.7243538626513133, -1.6139603238794868, 1.7243538626513133, -1.6139603238794868, 0.2516385599795181]","[0.11126985155889989, 0.11126985155889989]",1.0658141036401501e-16,0.0471684134052286,True,D,D,"[0, 0]",True,0.0,7.550872479721544,0.1129440884920342,0.0338832265476102,222.8498655259883,6.504981403278878,5.07963691573929,0.2225397031177997,,6.504981403278878,6623.0,0.000632982399171,0.0028718438024821,0.0216849263342211,0.0216849263342211,6.6460414458144585,79.22844930272842,0.0039115923693004,4682.0,5.204651433132661,D,True,True,7.105427357601002e-15,0.0641712116421828,True,True,0.9858494759784312,0.4939405056512587,ok,,6845.0,6844.0,6.644144681446902,0.0213933398945427,221.0,True,ok,1.0,40000,191f75d42afb962327e84b00db1ddc8f812933e31e43c97a088d5690760f2d91,357.4,0.0471684134052291,True,6849.0,0,6.647260397786917,True,0.021872313798825482
4000,False,0,,False,0,D,884035,"[1.6416919845586602, -1.7080878592558901, 1.6416919845586602, -1.7080878592558901, 0.29636087807929584]","[1.639202812612816, -1.622428436004512, 1.639202812612816, -1.622428436004512, 0.3061656837795379]","[0.11126985155889989, 0.11126985155889989]",1.087671619437458e-16,0.0456984880494048,True,D,D,"[0, 0]",True,0.0,7.458538394873488,0.1290645711161641,0.0387193713348492,192.63066877742557,6.06688546481246,5.07963691573929,0.2225397031177997,,6.06688546481246,5583.0,0.0007184858924747,0.0030586103357036,0.0228127626238023,0.0228127626238023,6.205287882787023,66.44022008632571,0.0041314159863874,3980.0,4.854095527040271,D,True,True,1.7763568394002505e-15,0.0627017282633257,True,True,0.9862904535851784,0.4448993343286886,ok,,5775.0,5774.0,6.203203456393425,0.0224691882468526,191.0,True,ok,1.0,40000,f7bc2e4b7b268a96d9dae9e4d0deb2138a86919b0878101e27c329409526d467,2.8,0.0456984880494048,True,5779.0,0,6.206740454682257,True,0.023052188916528493
4000,False,0,,False,0,D,884036,"[1.6416919845586602, -1.7080878592558901, 1.6416919845586602, -1.7080878592558901, 0.29636087807929584]","[1.6151531814605462, -1.7109339974659297, 1.6151531814605462, -1.7109339974659297, 0.28933015091353137]","[0.11126985155889989, 0.11126985155889989]",1.0894063429134347e-16,0.0484893293602236,True,D,D,"[0, 0]",True,0.0,6.941152753650177,0.1283364355300704,0.0385009306590211,180.2853238827825,4.681656702563241,5.07963691573929,0.2225397031177997,,4.681656702563241,3717.0,0.000818468605874,0.0045407880798921,0.0315183036844851,0.0315183036844851,4.829214580261134,67.45956548044282,0.0062117652820191,2625.0,3.746198111927712,D,True,True,1.7763568394002505e-14,0.0729430801753832,True,True,0.9854532011919328,0.4538406887467726,ok,,3898.0,3897.0,4.827472535077148,0.0311462035296334,180.0,True,ok,1.0,40000,5badaae24e5cd41c9091b73be849936e54821d3ea583d58d032abef2a45440e1,3.8,0.0484893293602235,True,3901.0,0,4.830683708055536,True,0.031832108794030534
4000,False,0,,False,0,D,884037,"[1.6416919845586602, -1.7080878592558901, 1.6416919845586602, -1.7080878592558901, 0.29636087807929584]","[1.6442152399363057, -1.7531128664181965, 1.6442152399363057, -1.7531128664181965, 0.30794254386607234]","[0.11126985155889989, 0.11126985155889989]",1.016547956922409e-16,0.0485247252748438,True,D,D,"[0, 0]",True,0.0,7.648654824311477,0.1306823031848939,0.0392046909554681,195.0953989919072,4.8205210867149635,5.07963691573929,0.2225397031177997,,4.8205210867149635,3754.0,0.0008399467996271,0.0044444677374501,0.0339941996015446,0.0339941996015446,4.984390842720207,62.946235972865935,0.0060923115609735,2659.0,3.8569029376077744,D,True,True,1.4210854715202004e-14,0.0734431931839285,True,True,0.9854425824175468,0.4389499053740762,ok,,3952.0,3951.0,4.9840141184111,0.0339160494799435,197.0,True,ok,1.0,40000,b7defcb7aded6acf14006117128d00f03f59ddbe7b804130e03d47a4a5837e50,2.9,0.0485247252748437,True,3953.0,0,4.985658911556514,True,0.03425725598351992
4000,False,0,,False,0,D,884038,"[1.6416919845586602, -1.7080878592558901, 1.6416919845586602, -1.7080878592558901, 0.29636087807929584]","[1.610246075859472, -1.6916451930075764, 1.610246075859472, -1.6916451930075764, 0.3109888521365498]","[0.11126985155889989, 0.11126985155889989]",1.0755285551056204e-16,0.047515842266562,True,D,D,"[0, 0]",True,0.0,7.290945346385634,0.1328797131832227,0.0398639139549668,182.8958730600817,4.925389227748842,5.07963691573929,0.2225397031177997,,4.925389227748842,3920.0,0.0008272056758631,0.0042130150709474,0.0307168626257768,0.0307168626257768,5.076681732036084,62.623774402606095,0.0057425703428106,2783.0,3.9403447499813744,D,True,True,7.105427357601002e-15,0.0707455663061278,True,True,0.9857452473200314,0.433138340371368,ok,,4103.0,4102.0,5.074372411073672,0.0302480020229636,182.0,True,ok,1.0,40000,6bd5ef875bc65e59cb101e69b2250c55548bace9236f96636b599790ef795961,2.3,0.0475158422665619,True,4107.0,0,5.078430285518188,True,0.031071870809140867
4000,False,0,,False,0,D,884039,"[1.6416919845586602, -1.7080878592558901, 1.6416919845586602, -1.7080878592558901, 0.29636087807929584]","[1.6366042714411622, -1.7111034119170838, 1.6366042714411622, -1.7111034119170838, 0.3078000303157283]","[0.11126985155889989, 0.11126985155889989]",1.0852430065710906e-16,0.0474384996022047,True,D,D,"[0, 0]",True,0.0,7.318571874866394,0.1317605474643334,0.0395281642393,185.1482864359803,4.948904810186028,5.07963691573929,0.2225397031177997,,4.948904810186028,3986.0,0.000817150828548,0.0041772116405513,0.0305712236279034,0.0305712236279034,5.100198885851432,64.02322855935691,0.0056962166454455,2829.0,3.9592166134551214,D,True,True,8.881784197001252e-15,0.0704966374812929,True,True,0.9857684501193386,0.4375697623717786,ok,,4171.0,4170.0,5.0982682958230265,0.030181119129544,184.0,True,ok,1.0,40000,b0f7a7abd11798dade9bf5582849451b5af06aeca41743ade634cde53c4b8854,2.2,0.0474384996022047,True,4174.0,0,5.101475777819542,True,0.030829238687211324
4000,False,0,,False,0,D,884040,"[1.6416919845586602, -1.7080878592558901, 1.6416919845586602, -1.7080878592558901, 0.29636087807929584]","[1.6567629784745777, -1.7503366865525551, 1.6567629784745777, -1.7503366865525551, 0.28278274524548236]","[0.11126985155889989, 0.11126985155889989]",1.0963452368173419e-16,0.0472773975730112,True,D,D,"[0, 0]",True,0.0,7.818649123708619,0.1231037497042493,0.0369311249112747,211.70893501057816,4.873946113283416,5.07963691573929,0.2225397031177997,,4.873946113283416,3956.0,0.0008027146645059,0.0044595181662403,0.0348674078026374,0.0348674078026374,5.0438879800233485,68.18738898406802,0.0061131902695295,2797.0,3.899585904756275,D,True,True,2.6645352591003757e-14,0.0746109124388052,True,True,0.9858167807280966,0.4581584770057381,ok,,4171.0,4170.0,5.043819245927437,0.0348533054522393,214.0,True,ok,1.0,40000,28f108265cf0285fc257211361bfe1b9701e40b393ce9ea8c13a98c90520cabf,2.3,0.0472773975730112,True,4172.0,0,5.045391258223732,True,0.03517583923898138
4000,False,0,,False,0,D,884041,"[1.6416919845586602, -1.7080878592558901, 1.6416919845586602, -1.7080878592558901, 0.29636087807929584]","[1.575360618899256, -1.6960187558094486, 1.575360618899256, -1.6960187558094486, 0.34192886310331533]","[0.11126985155889989, 0.11126985155889989]",1.1005085731596864e-16,0.0465114777852164,True,D,D,"[0, 0]",True,0.0,7.992588284142004,0.1396815743538876,0.0419044723061663,190.7335385527784,5.142386995455541,5.07963691573929,0.2225397031177997,,5.142386995455541,4101.0,0.0008363854732575,0.0038813369642886,0.0310219283475807,0.0310219283475807,5.301913756364094,57.76895897580987,0.0052692830328368,2927.0,4.113930711498651,D,True,True,1.7763568394002505e-15,0.0675186551228943,True,True,0.9860465566644347,0.4159425605173534,ok,,4292.0,4291.0,5.2998512173686505,0.0306208424321747,190.0,True,ok,1.0,40000,6ae383b8476e43f745ac62df7a47feeb46db3ed7248f157e53f6b80827fcc4b1,2.2,0.046511477785217,True,4295.0,0,5.303132925967037,True,0.0312590107772035
4000,False,0,,False,0,D,884042,"[1.6416919845586602, -1.7080878592558901, 1.6416919845586602, -1.7080878592558901, 0.29636087807929584]","[1.6227880853620897, -1.6818428362827877, 1.6227880853620897, -1.6818428362827877, 0.28802559621272605]","[0.11126985155889989, 0.11126985155889989]",1.031119634120614e-16,0.0474431400622769,True,D,D,"[0, 0]",True,0.0,7.953922794948969,0.1251050992752813,0.0375315297825843,211.9264213589236,5.091098385420786,5.07963691573929,0.2225397031177997,,5.091098385420786,4127.0,0.0008062324204503,0.0042194175186892,0.0335609211833095,0.0335609211833095,5.261960337070367,64.10645172324332,0.0057815811188992,2923.0,4.073296975157846,D,True,True,2.131628207280301e-14,0.0737934086940761,True,True,0.9857670579813168,0.4444247752449882,ok,,4339.0,4338.0,5.259538091429247,0.0330851406232528,211.0,True,ok,1.0,40000,7ccb4e0d93618e5f86136862b03eabfd6018a75545f87bbbd31a45c236d437de,2.7,0.0474431400622769,True,4343.0,0,5.263486712883901,True,0.033860733855935354
4000,False,0,,False,0,D,884043,"[1.6416919845586602, -1.7080878592558901, 1.6416919845586602, -1.7080878592558901, 0.29636087807929584]","[1.5814658766975134, -1.756527717037851, 1.5814658766975134, -1.756527717037851, 0.3239918105416346]","[0.11126985155889989, 0.11126985155889989]",1.0519363158323357e-16,0.0483595354619392,True,D,D,"[0, 0]",True,0.0,7.429152174360088,0.1356081884236594,0.0406824565270978,182.61316568756527,4.335528677526388,5.07963691573929,0.2225397031177997,,4.335528677526388,3116.0,0.000911599067137,0.0051683824110411,0.0383966994269105,0.0383966994269105,4.501998669014119,58.03531913704853,0.0070868223852553,2205.0,3.468838017944954,D,True,True,1.5987211554602254e-14,0.0765265821896754,True,True,0.9854921393614182,0.416746040461551,ok,,3299.0,3298.0,4.5000323686831685,0.0379431675794235,182.0,True,ok,1.0,40000,411b64bc3166a2cb96e2b0706d494a5f5344e62dfd5a46f16c9c48ce1d4a2e55,2.2,0.0483595354619391,True,3302.0,0,4.503597211723107,True,0.038765407104309535
4000,False,0,,False,0,D,884044,"[1.6416919845586602, -1.7080878592558901, 1.6416919845586602, -1.7080878592558901, 0.29636087807929584]","[1.644745810605723, -1.6603608343032072, 1.644745810605723, -1.6603608343032072, 0.2837582903281971]","[0.11126985155889989, 0.11126985155889989]",1.021405182655144e-16,0.0471164396663847,True,D,D,"[0, 0]",True,0.0,8.121722951879388,0.1224088360978929,0.0367226508293678,221.1638530567154,5.923305575178691,5.07963691573929,0.2225397031177997,,5.923305575178691,5480.0,0.0007073601020627,0.0032519390644052,0.0264113481374929,0.0264113481374929,6.079748060849489,71.09540590063422,0.0044254478901506,3891.0,4.739004879464433,D,True,True,5.3290705182007506e-15,0.0657848508481624,True,True,0.9858650681000846,0.4636965985081684,ok,,5701.0,5700.0,6.077457957222143,0.0260247221904976,220.0,True,ok,1.0,40000,1aa6bbf426129ec0020237ad1caf245111de174a57a0288250d5d4cdb580a9cf,3.5,0.0471164396663847,True,5705.0,0,6.080932873930003,True,0.026611373793011817
4000,False,0,,False,0,D,884045,"[1.6416919845586602, -1.7080878592558901, 1.6416919845586602, -1.7080878592558901, 0.29636087807929584]","[1.6234483997439209, -1.6778303554729512, 1.6234483997439209, -1.6778303554729512, 0.291737464531493]","[0.11126985155889989, 0.11126985155889989]",1.0297318553398328e-16,0.0477221221650046,True,D,D,"[0, 0]",True,0.0,7.602066999240425,0.1265320901318056,0.0379596270395416,200.2671678339074,5.305058030024386,5.07963691573929,0.2225397031177997,,5.305058030024386,4495.0,0.0007744176808207,0.0038455918103895,0.0292344465943113,0.0292344465943113,5.460148465682857,67.31169721945913,0.0052461173602469,3190.0,4.244299933531251,D,True,True,1.0658141036401504e-14,0.0698221325264221,True,True,0.9856833633504988,0.4520675272511731,ok,,4695.0,4694.0,5.457598478178761,0.0287537756026532,199.0,True,ok,1.0,40000,45a053fb7f51cc4a3631ecf01838d82724287ac7f2a8403a623c27551e783f1c,2.3,0.0477221221650045,True,4699.0,0,5.461399483251835,True,0.029470262595172825
4000,False,0,,False,0,D,884046,"[1.6416919845586602, -1.7080878592558901, 1.6416919845586602, -1.7080878592558901, 0.29636087807929584]","[1.6890771535874973, -1.689114126519839, 1.6890771535874973, -1.689114126519839, 0.2551324071750144]","[0.11126985155889989, 0.11126985155889989]",1.0200174038743624e-16,0.0479274203371018,True,D,D,"[0, 0]",True,0.0,7.855558133611488,0.1159323028702023,0.0347796908610607,225.86624375107837,5.341005284081576,5.07963691573929,0.2225397031177997,,5.341005284081576,4673.0,0.0007370284078542,0.0039676696226187,0.0311682593754462,0.0311682593754462,5.50747512210146,74.25421178762055,0.0054542729922362,3294.0,4.272982071078239,D,True,True,3.5527136788005016e-14,0.0734415824132739,True,True,0.9856217738988694,0.4834652477056399,ok,,4899.0,4898.0,5.505620499328821,0.0308210171103682,225.0,True,ok,1.0,40000,a3d28464dfef25a93c6097bbf2d9dcfa456bfaee306767eabcfd4c017bef715a,2.3,0.0479274203371017,True,4903.0,0,5.509233358814357,True,0.03149745521394087
4000,False,0,,False,0,D,884047,"[1.6416919845586602, -1.7080878592558901, 1.6416919845586602, -1.7080878592558901, 0.29636087807929584]","[1.5753583586549853, -1.732280706164728, 1.5753583586549853, -1.732280706164728, 0.3188598578771908]","[0.11126985155889989, 0.11126985155889989]",1.0907941216942163e-16,0.0475001943685943,True,D,D,"[0, 0]",True,0.0,8.13736404845464,0.133469549136344,0.0400408647409032,203.22648127381788,4.658798303665829,5.07963691573929,0.2225397031177997,,4.658798303665829,3556.0,0.0008640724287197,0.0046320452237561,0.0376926382746095,0.0376926382746095,4.834400702920271,59.75971849132024,0.0063212060743419,2524.0,3.72716240942198,D,True,True,1.2434497875801752e-14,0.0732797373725464,True,True,0.9857499416894216,0.4201591118830681,ok,,3760.0,3759.0,4.832501472259366,0.0372849729203466,203.0,True,ok,1.0,40000,240edb7aa3a6340ea54c13970cff5a013215e913715f80d5242a1be6d6b76c3b,2.1,0.0475001943685943,True,3763.0,0,4.835882717975363,True,0.03801074928918746
4000,False,0,,False,0,D,884048,"[1.6416919845586602, -1.7080878592558901, 1.6416919845586602, -1.7080878592558901, 0.29636087807929584]","[1.6948394141324372, -1.7058707060853908, 1.6948394141324372, -1.7058707060853908, 0.2796673067958753]","[0.11126985155889989, 0.11126985155889989]",1.0477729794899916e-16,0.0468083433647587,True,D,D,"[0, 0]",True,0.0,8.82314426276735,0.1218797335367798,0.0365639200610339,241.3073939566492,5.424528309179486,5.07963691573929,0.2225397031177997,,5.424528309179486,4726.0,0.0007518345673917,0.0037905965131201,0.0334449798772023,0.0334449798772023,5.605951549323308,69.3888888279011,0.0051724756134354,3352.0,4.339671601288511,D,True,True,1.2434497875801752e-14,0.070334158385668,True,True,0.9859574969905724,0.4598458626554293,ok,,4971.0,4970.0,5.605912444837659,0.0334377710502924,244.0,True,ok,1.0,40000,ecd204cd3312693ce312d25851438b244e70a461df9393af9d4ec5fbd956c55d,2.5,0.0468083433647587,True,4972.0,0,5.607385242518545,True,0.033709278100664486
4000,False,0,,False,0,D,884049,"[1.6416919845586602, -1.7080878592558901, 1.6416919845586602, -1.7080878592558901, 0.29636087807929584]","[1.5852073495888963, -1.733344428632775, 1.5852073495888963, -1.733344428632775, 0.3324050218272767]","[0.11126985155889989, 0.11126985155889989]",1.0644263248593687e-16,0.0472572583301534,True,D,D,"[0, 0]",True,0.0,7.49257599309283,0.1381170254768789,0.0414351076430636,180.8267534293977,4.543826087618406,5.07963691573929,0.2225397031177997,,4.543826087618406,3374.0,0.0008902991738849,0.0047287439463395,0.0354304733698265,0.0354304733698265,4.704815996812893,57.04911218335267,0.0064621908706208,2397.0,3.6356871803240134,D,True,True,8.881784197001252e-15,0.0731668223284387,True,True,0.985822822500954,0.408300289155938,ok,,3555.0,3554.0,4.7027775342990195,0.0349818508929609,180.0,True,ok,1.0,40000,87d3f99c518e335d2f37bfc34599bdea12102045fcd999ef2a1d2b13b51be89a,2.0,0.0472572583301534,True,3558.0,0,4.706264779225382,True,0.03574931973070217
4000,False,0,,False,0,D,884050,"[1.6416919845586602, -1.7080878592558901, 1.6416919845586602, -1.7080878592558901, 0.29636087807929584]","[1.6261096130375523, -1.6774752848286656, 1.6261096130375523, -1.6774752848286656, 0.32359043344651106]","[0.11126985155889989, 0.11126985155889989]",1.1038479158509418e-16,0.0472522206194159,True,D,D,"[0, 0]",True,0.0,6.706551531720043,0.137085702493775,0.0411257107481325,163.0744225380854,5.160036487802643,5.07963691573929,0.2225397031177997,,5.160036487802643,4213.0,0.0008090861293645,0.0038126642884741,0.0255698295238007,0.0255698295238007,5.291977741132348,61.66562561620648,0.0051926998778049,2997.0,4.128295766700573,D,True,True,3.552713678800501e-15,0.0671700352202666,True,True,0.9858243338141752,0.4351003788143573,ok,,4376.0,4375.0,5.289968534959788,0.0251804512360096,162.0,True,ok,1.0,40000,b4f52da7c8bac0acca162c160c433f94848e723b9aa9158c7b8dd399048014d7,2.3,0.0472522206194159,True,4379.0,0,5.293151128688743,True,0.025797228605022093
4000,False,0,,False,0,D,884051,"[1.6416919845586602, -1.7080878592558901, 1.6416919845586602, -1.7080878592558901, 0.29636087807929584]","[1.6978312384992373, -1.6431238122212588, 1.6978312384992373, -1.6431238122212588, 0.281689615509632]","[0.11126985155889989, 0.11126985155889989]",1.0103029524088924e-16,0.047420843557276,True,D,D,"[0, 0]",True,0.0,7.758669080698907,0.1228180593187972,0.0368454177956391,210.573513475458,6.026977890001445,5.07963691573929,0.2225397031177997,,6.026977890001445,5591.0,0.0007011889084882,0.0031575624886337,0.024498482450937,0.024498482450937,6.174629702071831,70.0780973612219,0.0043094704775933,3962.0,4.821702333609122,D,True,True,7.105427357601002e-15,0.0653070745337238,True,True,0.9857737469328172,0.4617792784011305,ok,,5801.0,5800.0,6.172385350358586,0.0241260981890056,209.0,True,ok,1.0,40000,3e8063a029ff1dfa3940c2d32bf591df9dce800a765f6de31a9009d53651ab88,2.7,0.047420843557276,True,5805.0,0,6.175832252151517,True,0.02469801032404928
4000,False,0,,False,0,D,884052,"[1.6416919845586602, -1.7080878592558901, 1.6416919845586602, -1.7080878592558901, 0.29636087807929584]","[1.6262008523657505, -1.754353647492978, 1.6262008523657505, -1.754353647492978, 0.31941592515210104]","[0.11126985155889989, 0.11126985155889989]",1.0158540675320184e-16,0.0472847864432407,True,D,D,"[0, 0]",True,0.0,7.881404546564371,0.1339378102066866,0.0401813430620059,196.14587134138733,4.692079623750492,5.07963691573929,0.2225397031177997,,4.692079623750492,3612.0,0.0008567052286042,0.0045440342392023,0.0358133721125934,0.0358133721125934,4.860118817297786,60.71545949731124,0.0062074604133438,2564.0,3.75372373083123,D,True,True,8.881784197001252e-15,0.0725800969036889,True,True,0.9858145640670278,0.4228701306324851,ok,,3811.0,3810.0,4.860186385610404,0.0358277726168552,198.0,True,ok,1.0,40000,ea28d2292a558de06274722806c05c6d68814b630eef86bfb00d3cbecce4a9a2,2.1,0.0472847864432406,True,3811.0,0,4.861025052575592,True,0.036006513608577206
4000,False,0,,False,0,D,884053,"[1.6416919845586602, -1.7080878592558901, 1.6416919845586602, -1.7080878592558901, 0.29636087807929584]","[1.750147966790432, -1.714684792572518, 1.750147966790432, -1.714684792572518, 0.20260540379469846]","[0.11126985155889989, 0.11126985155889989]",1.0293849106446374e-16,0.0438577593507066,True,D,D,"[0, 0]",True,0.0,8.354355205108277,0.0981207655676657,0.0294362296702997,283.8119996576046,5.767426036536375,5.07963691573929,0.2225397031177997,,5.767426036536375,5626.0,0.0006498554578225,0.0038278292282778,0.0319790450375288,0.0319790450375288,5.951862813509388,90.00058322994866,0.005294374894645,3943.0,4.614015795555849,D,True,True,1.1723955140041653e-13,0.0772746038189993,True,True,0.986842672194789,0.53621463175459,ok,,5914.0,5913.0,5.952102180215727,0.0320205482496762,287.0,True,ok,1.0,40000,864962af3cc28b8c30cc51a28d8e058ffa5ce3e89580a8d1d2c17190bf3cbcc2,2.7,0.0438577593507031,True,5915.0,0,5.9533752158382836,True,0.03224127680596656
4000,False,0,,False,0,D,884054,"[1.6416919845586602, -1.7080878592558901, 1.6416919845586602, -1.7080878592558901, 0.29636087807929584]","[1.6546885584358282, -1.7471191430866828, 1.6546885584358282, -1.7471191430866828, 0.3104513472676259]","[0.11126985155889989, 0.11126985155889989]",1.0491607582707728e-16,0.0496817520496627,True,D,D,"[0, 0]",True,0.0,7.531488226123775,0.1304125618183283,0.0391237685454985,192.50416067064515,4.845476292793927,5.07963691573929,0.2225397031177997,,4.845476292793927,3720.0,0.0008529388431821,0.0044992563552096,0.0338860962655742,0.0338860962655742,5.009670568904101,61.10950350360552,0.0061677071120834,2636.0,3.877271153324791,D,True,True,1.7763568394002505e-14,0.0748079587873586,True,True,0.9850954743851013,0.4345243965170152,ok,,3915.0,3914.0,5.009521036657487,0.0338552360905206,194.0,True,ok,1.0,40000,968b825b77b2921512520baee72fd579a64add10e2e075fa6f13cf58341d36b4,2.2,0.0496817520496627,True,3916.0,0,5.011191229829762,True,0.034199927318245615
4000,False,0,,False,0,D,884055,"[1.6416919845586602, -1.7080878592558901, 1.6416919845586602, -1.7080878592558901, 0.29636087807929584]","[1.6111589740843542, -1.7929677622711964, 1.6111589740843542, -1.7929677622711964, 0.3316510342770352]","[0.11126985155889989, 0.11126985155889989]",1.0769163338864017e-16,0.0474226614047076,True,D,D,"[0, 0]",True,0.0,7.484560853168052,0.1385336118656356,0.0415600835596906,180.09013005034868,4.378750559168209,5.07963691573929,0.2225397031177997,,4.378750559168209,3251.0,0.0008894621780675,0.0048876586528317,0.0365819786166325,0.0365819786166325,4.538933918491268,58.77254029155391,0.0066699410435621,2308.0,3.503565123443393,D,True,True,8.881784197001252e-15,0.0726449149586301,True,True,0.9857732015785876,0.4176419816079417,ok,,3434.0,3433.0,4.538606616354437,0.0365072307787714,182.0,True,ok,1.0,40000,7780b5411e29ca0f7febbb96b5375c5e273f8a7ae84881dc9bad5bbd172fd0d8,2.0,0.0474226614047076,True,3435.0,0,4.540348242700517,True,0.03690497582557106
4000,False,0,,False,0,D,884056,"[1.6416919845586602, -1.7080878592558901, 1.6416919845586602, -1.7080878592558901, 0.29636087807929584]","[1.6138870602779125, -1.7354707393967244, 1.6138870602779125, -1.7354707393967244, 0.3129328566705754]","[0.11126985155889989, 0.11126985155889989]",1.0418749196716704e-16,0.0468248446538162,True,D,D,"[0, 0]",True,0.0,7.6615020789744,0.1328452985930965,0.0398535895779289,192.24120487298256,4.734793853821362,5.07963691573929,0.2225397031177997,,4.734793853821362,3732.0,0.000835282117513,0.0044265427671704,0.0339139666133451,0.0339139666133451,4.895369494500931,62.26248014472949,0.0060404417653806,2648.0,3.788028301572556,D,True,True,8.881784197001252e-15,0.0712614692862469,True,True,0.9859525466038552,0.426853022190671,ok,,3925.0,3924.0,4.893531887648394,0.0335258595680818,192.0,True,ok,1.0,40000,1d1e1756dfc864fd36a48ffb981c1ec462e8a915a60e03251d857d76cd9e8e67,2.2,0.0468248446538162,True,3928.0,0,4.896806273372933,True,0.03421741781235399
4000,False,0,,False,0,D,884057,"[1.6416919845586602, -1.7080878592558901, 1.6416919845586602, -1.7080878592558901, 0.29636087807929584]","[1.6701450915827716, -1.7093686483855992, 1.6701450915827716, -1.7093686483855992, 0.30962462761287346]","[0.11126985155889989, 0.11126985155889989]",1.0109968417992832e-16,0.0470783423873312,True,D,D,"[0, 0]",True,0.0,8.219152619870508,0.1302885991757182,0.0390865797527154,210.28068129444085,5.125045456429518,5.07963691573929,0.2225397031177997,,5.125045456429518,4075.0,0.0008284969644455,0.004135857153139,0.0339932411556333,0.0339932411556333,5.2992623625635105,59.64233890348526,0.0056559901237468,2895.0,4.10011693268517,D,True,True,1.0658141036401504e-14,0.0724780296486056,True,True,0.9858764972838008,0.4228649548190619,ok,,4288.0,4287.0,5.299026716108207,0.0339472617672931,212.0,True,ok,1.0,40000,ca06bab60d3d2016280e22c0ec28b7f44d101a52b0aaaaa472d09efa9221af8a,2.2,0.0470783423873312,True,4288.0,0,5.299837886629648,True,0.034105537538373865
4000,False,0,,False,0,D,884058,"[1.6416919845586602, -1.7080878592558901, 1.6416919845586602, -1.7080878592558901, 0.29636087807929584]","[1.6208632870285076, -1.7105862407059516, 1.6208632870285076, -1.7105862407059516, 0.3192558397080373]","[0.11126985155889989, 0.11126985155889989]",1.0373646386341306e-16,0.0473866470473155,True,D,D,"[0, 0]",True,0.0,7.75445672391909,0.1336195530675212,0.0400858659202563,193.446157290083,4.955431574115565,5.07963691573929,0.2225397031177997,,4.955431574115565,3871.0,0.0008457233049583,0.0042575087099755,0.0330146670432142,0.0330146670432142,5.11903349759042,59.52493787005518,0.0058172067062996,2752.0,3.964488005043211,D,True,True,8.881784197001252e-15,0.0720248144649691,True,True,0.9857840058858052,0.4194413099416714,ok,,4065.0,4064.0,5.1170334076099415,0.0326110513438415,193.0,True,ok,1.0,40000,229349ba0518f4a93a639acb26549c3972d80d4ce1927875bae2687644dba5fb,2.2,0.0473866470473155,True,4068.0,0,5.120348306485796,True,0.03327999386202096
4000,False,0,,False,0,D,884059,"[1.6416919845586602, -1.7080878592558901, 1.6416919845586602, -1.7080878592558901, 0.29636087807929584]","[1.6181610580960417, -1.696888208377008, 1.6181610580960417, -1.696888208377008, 0.29161245353402376]","[0.11126985155889989, 0.11126985155889989]",1.0456913113188191e-16,0.0473989200531858,True,D,D,"[0, 0]",True,0.0,7.870358946982143,0.1269638397126252,0.0380891519137875,206.62993402416024,5.117383141081338,5.07963691573929,0.2225397031177997,,5.117383141081338,4298.0,0.0007788951881403,0.0039960396057685,0.0314502660637556,0.0314502660637556,5.278326202418524,67.17207245775366,0.0054549872839159,3046.0,4.094762210918211,D,True,True,1.0658141036401504e-14,0.069900818036416,True,True,0.9857803239840442,0.4499163067296955,ok,,4505.0,4504.0,5.276051476432773,0.0310057564534649,206.0,True,ok,1.0,40000,45dc661fb09e9e873f1e12c1bb587e23cc90a39b47a77fa81515c2ba55f72769,2.2,0.0473989200531857,True,4509.0,0,5.279871091906266,True,0.03175215658966524
4000,False,0,,False,0,D,884060,"[1.6416919845586602, -1.7080878592558901, 1.6416919845586602, -1.7080878592558901, 0.29636087807929584]","[1.659576859467302, -1.7455274959552316, 1.659576859467302, -1.7455274959552316, 0.2711504414257019]","[0.11126985155889989, 0.11126985155889989]",1.0560996521746802e-16,0.0483304917171679,True,D,D,"[0, 0]",True,0.0,8.067043333911581,0.1194964604903747,0.0358489381471124,225.028794459882,4.940750876520958,5.07963691573929,0.2225397031177997,,4.940750876520958,4057.0,0.000787632796477,0.0044468710796802,0.0358731017000984,0.0358731017000984,5.117990935189244,71.17716623710245,0.0061134239443819,2861.0,3.9528840601760096,D,True,True,3.907985046680551e-14,0.0758139436358256,True,True,0.9855008524848496,0.4734466279509345,ok,,4282.0,4281.0,5.1151445753474585,0.0352970030638948,224.0,True,ok,1.0,40000,42f5b6cf986f7d30348519531ce36e4690a7222ca25c5a2c6c09d16762c9adfa,2.2,0.0483304917171679,True,4286.0,0,5.118997813295511,True,0.03607689220308696
4000,False,0,,False,0,D,884061,"[1.6416919845586602, -1.7080878592558901, 1.6416919845586602, -1.7080878592558901, 0.29636087807929584]","[1.7104460705846836, -1.695653285696777, 1.7104460705846836, -1.695653285696777, 0.2604194064542284]","[0.11126985155889989, 0.11126985155889989]",9.960782199058828e-17,0.0469339090927958,True,D,D,"[0, 0]",True,0.0,8.736451893081986,0.1157495647763949,0.0347248694329184,251.5906333343908,5.637565752445628,5.07963691573929,0.2225397031177997,,5.637565752445628,5107.0,0.0007164321175519,0.0036596774103644,0.0319725956398476,0.0319725956398476,5.817813362641625,74.5969982427012,0.0050122009223029,3612.0,4.510795140766571,D,True,True,2.131628207280301e-14,0.0710792456928253,True,True,0.9859198272721612,0.4818832078501163,ok,,5362.0,5361.0,5.8180583109728525,0.0320160449479325,254.0,True,ok,1.0,40000,d5a3cb95af3ef8184b1eb9798b97d62e496c0a7f023dd24d78e2f2dbb800dde2,2.4,0.0469339090927958,True,5362.0,0,5.818760235473492,True,0.032140553384989
4000,False,0,,False,0,D,884062,"[1.6416919845586602, -1.7080878592558901, 1.6416919845586602, -1.7080878592558901, 0.29636087807929584]","[1.6594847702060798, -1.7328757955773515, 1.6594847702060798, -1.7328757955773515, 0.29328176048847615]","[0.11126985155889989, 0.11126985155889989]",1.0880185641326534e-16,0.046643620681406,True,D,D,"[0, 0]",True,0.0,8.275545467379679,0.1279534633888183,0.0383860390166454,215.58737706151763,4.8852402439865,5.07963691573929,0.2225397031177997,,4.8852402439865,4043.0,0.0007909124236204,0.0042176367324567,0.0349032445443365,0.0349032445443365,5.055750978880194,67.59288543116094,0.0057497692621464,2863.0,3.908447715434605,D,True,True,1.0658141036401504e-14,0.0701372469880716,True,True,0.986006913795578,0.4474987487547026,ok,,4262.0,4261.0,5.0560673035015045,0.0349679956324122,218.0,True,ok,1.0,40000,e6a4923e8c6f7a433d312862f9cd111dc5feb8b5f8928231ba07ac543393f094,2.1,0.046643620681406,True,4262.0,0,5.056841979610802,True,0.03512657045588208
4000,False,0,,False,0,D,884063,"[1.6416919845586602, -1.7080878592558901, 1.6416919845586602, -1.7080878592558901, 0.29636087807929584]","[1.6730200316372708, -1.6855577509032305, 1.6730200316372708, -1.6855577509032305, 0.2704622502766792]","[0.11126985155889989, 0.11126985155889989]",1.0519363158323357e-16,0.0477514035113437,True,D,D,"[0, 0]",True,0.0,7.802369948076755,0.1204032546238626,0.0361209763871588,216.00661799525827,5.607508239080053,5.07963691573929,0.2225397031177997,,5.607508239080053,5122.0,0.0007120186127125,0.0035152963642771,0.0274276427112197,0.0274276427112197,5.761308971561761,74.67308571826405,0.0047971978297593,3625.0,4.486110689023717,D,True,True,1.2434497875801752e-14,0.0676234542044671,True,True,0.9856745789465968,0.4791289097450755,ok,,5338.0,5337.0,5.759239336415105,0.0270585598568722,215.0,True,ok,1.0,40000,6ea9550846b0dcc6426e720ad291e1e115aa007867039079e847425d82dc51cc,2.5,0.0477514035113437,True,5342.0,0,5.762736307345843,True,0.02768218282480084
4000,False,0,,False,0,D,884064,"[1.6416919845586602, -1.7080878592558901, 1.6416919845586602, -1.7080878592558901, 0.29636087807929584]","[1.6215662321023816, -1.6555711244923894, 1.6215662321023816, -1.6555711244923894, 0.31856538807166823]","[0.11126985155889989, 0.11126985155889989]",1.0935696792557792e-16,0.0467858683566201,True,D,D,"[0, 0]",True,0.0,8.352437529336346,0.1309736651104321,0.0392920995331296,212.5729505060903,5.939479547538172,5.07963691573929,0.2225397031177997,,5.939479547538172,5224.0,0.0007539354983539,0.003230580486106,0.0269832216936937,0.0269832216936937,6.099745840914554,63.58793860297873,0.0043797093517062,3728.0,4.751986206086496,D,True,True,3.552713678800501e-15,0.065130882767658,True,True,0.985964239493014,0.440026739340949,ok,,5436.0,5435.0,6.097047914083775,0.0265289854581471,211.0,True,ok,1.0,40000,0bec683401ba328b570dbd6109a06ba102afccd6ec04729792f43a310ec641f5,2.5,0.0467858683566201,True,5440.0,0,6.100750267893614,True,0.027152331961861176
4000,False,0,,False,0,D,884065,"[1.6416919845586602, -1.7080878592558901, 1.6416919845586602, -1.7080878592558901, 0.29636087807929584]","[1.6156995373351528, -1.7041024124570014, 1.6156995373351528, -1.7041024124570014, 0.3160591157893701]","[0.11126985155889989, 0.11126985155889989]",9.992007221626408e-17,0.0477672191442181,True,D,D,"[0, 0]",True,0.0,8.329666457726056,0.1314841505572705,0.0394452451671811,211.17035582926025,5.1834332449820755,5.07963691573929,0.2225397031177997,,5.1834332449820755,4141.0,0.0008268909995162,0.004044232316777,0.0336871062763094,0.0336871062763094,5.358048111581943,60.80352119022094,0.0055188589222342,2946.0,4.1470087214095805,D,True,True,8.881784197001252e-15,0.0714980763701014,True,True,0.9856698342567346,0.4271030596215709,ok,,4353.0,4352.0,5.3558427078663255,0.033261634660995,211.0,True,ok,1.0,40000,126116112860af55d4fded932a522a078a6dc23fea2d835c44cc24310be528d9,2.2,0.047767219144218,True,4356.0,0,5.359081629593692,True,0.033886494975440495
4000,False,0,,False,0,D,884066,"[1.6416919845586602, -1.7080878592558901, 1.6416919845586602, -1.7080878592558901, 0.29636087807929584]","[1.6401287193903467, -1.7069699243398637, 1.6401287193903467, -1.7069699243398637, 0.298041134471913]","[0.11126985155889989, 0.11126985155889989]",1.0769163338864017e-16,0.0464247714328135,True,D,D,"[0, 0]",True,0.0,7.358291663020167,0.1293798866189034,0.038813965985671,189.57845394455776,4.9055321800986125,5.07963691573929,0.2225397031177997,,4.9055321800986125,3994.0,0.0008062261461918,0.0042343107628262,0.0311572935847408,0.0311572935847408,5.058375286423339,64.82573144915149,0.0057784627838752,2832.0,3.924764120773461,D,True,True,8.881784197001252e-15,0.0708465145959937,True,True,0.9860725685701556,0.4380082889215057,ok,,4184.0,4183.0,5.056290664072283,0.030732340231155,189.0,True,ok,1.0,40000,1038f5a2e1550d15145643748a81524a91c88bd75989d1d7e98a723d9fbf6887,2.1,0.0464247714328144,True,4187.0,0,5.059455180335506,True,0.03137743155805772
4000,False,0,,False,0,D,884067,"[1.6416919845586602, -1.7080878592558901, 1.6416919845586602, -1.7080878592558901, 0.29636087807929584]","[1.6525113478183069, -1.766175741450578, 1.6525113478183069, -1.766175741450578, 0.2682707806256232]","[0.11126985155889989, 0.11126985155889989]",9.992007221626408e-17,0.047988992407869,True,D,D,"[0, 0]",True,0.0,7.744029145696889,0.1177854641747768,0.035335639252433,219.1563336487162,4.832898829384653,5.07963691573929,0.2225397031177997,,4.832898829384653,3927.0,0.0007970094005089,0.0046670535872469,0.0361417990041694,0.0361417990041694,5.007568487483758,71.80041034580651,0.0064114896730889,2769.0,3.8664672787455983,D,True,True,5.3290705182007514e-14,0.0776640351636785,True,True,0.9856033022776391,0.4756580973076081,ok,,4149.0,4148.0,5.007267418736528,0.0360795033183172,221.0,True,ok,1.0,40000,ea54c9c9288bc3b2500fae3ef1a99d07b2e53c54197a02e4064da720db186dba,2.1,0.047988992407869,True,4151.0,0,5.00960721379532,True,0.03656364237054932
4000,False,0,,False,0,D,884068,"[1.6416919845586602, -1.7080878592558901, 1.6416919845586602, -1.7080878592558901, 0.29636087807929584]","[1.6234895076142175, -1.7378375570638775, 1.6234895076142175, -1.7378375570638775, 0.3445954971651827]","[0.11126985155889989, 0.11126985155889989]",1.021405182655144e-16,0.0469585416345006,True,D,D,"[0, 0]",True,0.0,7.949215779789676,0.1421832826703916,0.0426549848011174,186.3607692478048,4.726255239209591,5.07963691573929,0.2225397031177997,,4.726255239209591,3595.0,0.0008741743819077,0.0043362180388747,0.0344695328592319,0.0344695328592319,4.889167049478643,57.54760173384328,0.0058975216289226,2561.0,3.7818650241197256,D,True,True,3.552713678800501e-15,0.0694210049262871,True,True,0.98591243750965,0.4192108029692122,ok,,3784.0,3783.0,4.8893943893924785,0.0345176343481123,188.0,True,ok,1.0,40000,0a96f87f9667b08760ea2701ea8db1cdf8a06f6ef8887303bbae352b9d2adbdd,2.0,0.0469585416345006,True,3784.0,0,4.890250610105369,True,0.034698796953506195
4000,False,0,,False,0,D,884069,"[1.6416919845586602, -1.7080878592558901, 1.6416919845586602, -1.7080878592558901, 0.29636087807929584]","[1.695205920313056, -1.7068512324929632, 1.695205920313056, -1.7068512324929632, 0.29107520205405946]","[0.11126985155889989, 0.11126985155889989]",9.825473767932635e-17,0.0472284010518567,True,D,D,"[0, 0]",True,0.0,9.380986351392965,0.1245580513059465,0.0373674153917839,251.0472360219908,5.6755036339131015,5.07963691573929,0.2225397031177997,,5.6755036339131015,5098.0,0.0007324590053208,0.0034537099114776,0.032399205541242,0.032399205541242,5.8593854426983185,69.65373447784664,0.0047029510209248,3624.0,4.540650565198587,D,True,True,7.105427357601002e-15,0.0669218998041696,True,True,0.985831479684443,0.4570648694078202,ok,,5353.0,5352.0,5.859782209441522,0.0324691141817428,254.0,True,ok,1.0,40000,d60d9b93b60eae481b036fc6d49d40dcc2963dacee2772c3ffc423158ce481fb,2.4,0.0472284010518567,True,5353.0,0,5.860499842520654,True,0.03259555812846915
4000,False,0,,False,0,D,884070,"[1.6416919845586602, -1.7080878592558901, 1.6416919845586602, -1.7080878592558901, 0.29636087807929584]","[1.608914516456872, -1.7636223060556868, 1.608914516456872, -1.7636223060556868, 0.30013109118793385]","[0.11126985155889989, 0.11126985155889989]",1.0685896612017132e-16,0.0487639341207438,True,D,D,"[0, 0]",True,0.0,7.014960690592839,0.1307335426789689,0.0392200628036906,178.86153639541646,4.2009664093746,5.07963691573929,0.2225397031177997,,4.2009664093746,3066.0,0.0008870497224808,0.0053838192456357,0.0377672803733922,0.0377672803733922,4.359625485596653,63.354719569922985,0.0073910659938919,2159.0,3.3614705028148433,D,True,True,3.0198066269804264e-14,0.0775351329204347,True,True,0.9853708197637768,0.4405809998428558,ok,,3245.0,3244.0,4.3575008329525495,0.0372615270687806,178.0,True,ok,1.0,40000,7939d6be91be8e2089374cedffbc0527f95e050ca9f1cd8b699bc8abe8565fe3,1.9,0.0487639341207437,True,3248.0,0,4.360971646156327,True,0.03808772105977076
4000,False,0,,False,0,D,884071,"[1.6416919845586602, -1.7080878592558901, 1.6416919845586602, -1.7080878592558901, 0.29636087807929584]","[1.6280171841191122, -1.7135501095886683, 1.6280171841191122, -1.7135501095886683, 0.2907800682945221]","[0.11126985155889989, 0.11126985155889989]",1.0193235144839717e-16,0.0472481631442694,True,D,D,"[0, 0]",True,0.0,8.150171011020891,0.1264853097784865,0.0379455929335459,214.78570713848825,4.9923624619408,5.07963691573929,0.2225397031177997,,4.9923624619408,4109.0,0.0007954686819694,0.0041990943544964,0.0342233370805583,0.0342233370805583,5.163217765304126,66.29993147610807,0.0057311799491565,2911.0,3.994395946364392,D,True,True,1.4210854715202004e-14,0.0714845713964642,True,True,0.9858255510567192,0.4484527541755136,ok,,4324.0,4323.0,5.1609193869861985,0.0337629581847049,214.0,True,ok,1.0,40000,b938a2a3e1716a07369568991f830e672ef70f942ff9613db11083bc7c9738ca,2.2,0.0472481631442694,True,4328.0,0,5.164816189953859,True,0.03454351107872422
4000,False,0,,False,0,D,884072,"[1.6416919845586602, -1.7080878592558901, 1.6416919845586602, -1.7080878592558901, 0.29636087807929584]","[1.5981149518360944, -1.7564698727672041, 1.5981149518360944, -1.7564698727672041, 0.32787718989830783]","[0.11126985155889989, 0.11126985155889989]",1.0519363158323357e-16,0.0484835455962844,True,D,D,"[0, 0]",True,0.0,7.661042445414455,0.1366239176991246,0.0409871753097373,186.91315972668187,4.506387908081221,5.07963691573929,0.2225397031177997,,4.506387908081221,3317.0,0.0008972021393186,0.0048575103904234,0.0372135932800756,0.0372135932800756,4.674086794854807,58.86388420323428,0.0066306182301598,2356.0,3.606032702681904,D,True,True,1.2434497875801752e-14,0.0744248262717413,True,True,0.9854549363211148,0.4235548213757094,ok,,3505.0,3504.0,4.672148664660956,0.0367835082023184,187.0,True,ok,1.0,40000,712b4573ee4a572d313dafbe403383daa08cf3acdff09feb68b72ccafeeba75e,2.0,0.0484835455962844,True,3508.0,0,4.675660048295565,True,0.03756270957295782
4000,False,0,,False,0,D,884073,"[1.6416919845586602, -1.7080878592558901, 1.6416919845586602, -1.7080878592558901, 0.29636087807929584]","[1.6699995761549604, -1.7128917433117663, 1.6699995761549604, -1.7128917433117663, 0.27476771082248913]","[0.11126985155889989, 0.11126985155889989]",1.0436096431476471e-16,0.0474518665940757,True,D,D,"[0, 0]",True,0.0,8.45989758991778,0.1196999685113519,0.0359099905534055,235.58618255095783,5.373519998200397,5.07963691573929,0.2225397031177997,,5.373519998200397,4647.0,0.00075330571717,0.0039038857848823,0.0330264739428402,0.0330264739428402,5.550988416402293,70.49314114961645,0.0053477193550468,3289.0,4.2988507025995295,D,True,True,1.9539925233402755e-14,0.0720874145924455,True,True,0.9857644400217772,0.4678079190653773,ok,,4883.0,4882.0,5.548716327238849,0.0326036432537937,235.0,True,ok,1.0,40000,c67b98deab401d8e3a7039a8135cb6b29b75de0a8f7abd79b71cd64102589aa2,2.3,0.0474518665940757,True,4887.0,0,5.5524058555388445,True,0.033290256181861544
4000,False,0,,False,0,D,884074,"[1.6416919845586602, -1.7080878592558901, 1.6416919845586602, -1.7080878592558901, 0.29636087807929584]","[1.5623237449489824, -1.726075561162094, 1.5623237449489824, -1.726075561162094, 0.3558055410857851]","[0.11126985155889989, 0.11126985155889989]",1.1033491828515983e-16,0.0458035880156233,True,D,D,"[0, 0]",True,0.0,7.862169671067724,0.1433739551266312,0.0430121865379893,182.78935120221504,4.774247074063889,5.07963691573929,0.2225397031177997,,4.774247074063889,3604.0,0.0008898207934492,0.0043331741031857,0.0340681500135233,0.0340681500135233,4.936896839584723,54.88668068890332,0.0058775181702898,2577.0,3.820243310141237,D,True,True,1.7763568394002505e-15,0.0696957314920965,True,True,0.9862589235953126,0.4016516170645274,ok,,3787.0,3786.0,4.934857575112962,0.0336410115684187,182.0,True,ok,1.0,40000,9cc2dea7fe7c85bb8ce97551992bf7d62b5aa98c655a31f1422e8ff0a5e60777,2.0,0.0458035880156243,True,3789.0,0,4.9374740213937,True,0.03418904484783414
4000,False,0,,False,0,D,884075,"[1.6416919845586602, -1.7080878592558901, 1.6416919845586602, -1.7080878592558901, 0.29636087807929584]","[1.6445893609135682, -1.7026114612596706, 1.6445893609135682, -1.7026114612596706, 0.3205180269351428]","[0.11126985155889989, 0.11126985155889989]",1.0783041126671831e-16,0.0469133972229702,True,D,D,"[0, 0]",True,0.0,6.837127657515679,0.136572912351547,0.0409718737054641,166.87368770747392,4.978865195901644,5.07963691573929,0.2225397031177997,,4.978865195901644,4055.0,0.0008105464004381,0.0039733945185677,0.0271666055571206,0.0271666055571206,5.114124062800781,62.98492655012048,0.0053985560382374,2882.0,3.9836427876727174,D,True,True,3.552713678800501e-15,0.0671556960857895,True,True,0.9859259808331088,0.4388688363858641,ok,,4221.0,4220.0,5.1119575345933175,0.0267314605748369,165.0,True,ok,1.0,40000,e714421774a92e0d5eda5bf870ed815893e805de7d7d32c4cd153f331880e443,2.1,0.0469133972229701,True,4224.0,0,5.115144685309235,True,0.027371596547697052
4000,False,0,,False,0,D,884076,"[1.6416919845586602, -1.7080878592558901, 1.6416919845586602, -1.7080878592558901, 0.29636087807929584]","[1.698921218571342, -1.706096595804296, 1.698921218571342, -1.706096595804296, 0.23841593780815581]","[0.11126985155889989, 0.11126985155889989]",1.0824674490095276e-16,0.0475265581533043,True,D,D,"[0, 0]",True,0.0,8.897850891808307,0.1077407536539504,0.0323222260961851,275.28583165435145,5.8371454193337255,5.07963691573929,0.2225397031177997,,5.8371454193337255,5491.0,0.0006830684307699,0.0036204490268678,0.0322142156024623,0.0322142156024623,6.025184480375067,80.914904155897,0.0049814540344213,3871.0,4.67018893092102,D,True,True,4.618527782440651e-14,0.073391157114635,True,True,0.9857420325540088,0.5106597431993156,ok,,5766.0,5765.0,6.022543002324539,0.0317616865217615,274.0,True,ok,1.0,40000,2751e48474f0fc65a4915ea39812cccba698e1c1d99e0727834fc74e886a8bf5,2.6,0.0475265581533042,True,5771.0,0,6.026555868547904,True,0.032449157183375155
4000,False,0,,False,0,D,884077,"[1.6416919845586602, -1.7080878592558901, 1.6416919845586602, -1.7080878592558901, 0.29636087807929584]","[1.686531293461899, -1.6545689527457457, 1.686531293461899, -1.6545689527457457, 0.26046934434907426]","[0.11126985155889989, 0.11126985155889989]",9.797718192317006e-17,0.0476230109120815,True,D,D,"[0, 0]",True,0.0,8.31602633624255,0.1160377337074074,0.0348113201122222,238.88856582956183,6.07998091107623,5.07963691573929,0.2225397031177997,,6.07998091107623,5779.0,0.0006812656765186,0.0032187985741132,0.0267676137133857,0.0267676137133857,6.242727491488678,75.34670761586585,0.0043945208243354,4088.0,4.864181108080822,D,True,True,1.0658141036401504e-14,0.0672199875177952,True,True,0.9857130967263756,0.4853757285471645,ok,,6017.0,6016.0,6.240290169250084,0.0263667370865934,237.0,True,ok,1.0,40000,ee35dea3523f706c5b5bc6fa0b9948a6f2559631ad40bb72abfcc99a9069a68f,2.6,0.0476230109120814,True,6022.0,0,6.244304006814594,True,0.027026909811346256
4000,False,0,,False,0,D,884078,"[1.6416919845586602, -1.7080878592558901, 1.6416919845586602, -1.7080878592558901, 0.29636087807929584]","[1.711418667429389, -1.6533752233262187, 1.711418667429389, -1.6533752233262187, 0.27118894604615057]","[0.11126985155889989, 0.11126985155889989]",1.0602629885170243e-16,0.0464777192741891,True,D,D,"[0, 0]",True,0.0,7.033984094659158,0.1206954910128564,0.0362086473038569,194.262548270062,5.70124040287373,5.07963691573929,0.2225397031177997,,5.70124040287373,5243.0,0.0007087413066403,0.0034332552287323,0.0241494626718088,0.0241494626718088,5.838922295165938,73.08818492053845,0.0046771107510775,3715.0,4.561753078176503,D,True,True,8.881784197001252e-15,0.0670130156349078,True,True,0.9860566842177432,0.4691317555922888,ok,,5437.0,5436.0,5.83726479679699,0.0238587367504616,193.0,True,ok,1.0,40000,2b0a31b186f79fe7af1a9b06f05c5a39a43d848bfebc8be8c802f6ef6be7af33,2.5,0.0464777192741892,True,5440.0,0,5.840054290598161,True,0.024348015153765612
4000,False,0,,False,0,D,884079,"[1.6416919845586602, -1.7080878592558901, 1.6416919845586602, -1.7080878592558901, 0.29636087807929584]","[1.6078782678454115, -1.7123194273735456, 1.6078782678454115, -1.7123194273735456, 0.31401679753309514]","[0.11126985155889989, 0.11126985155889989]",1.0463852007092099e-16,0.0483732763473993,True,D,D,"[0, 0]",True,0.0,7.485353017906126,0.1337282001110456,0.0401184600333137,186.5812648763291,4.8854762993798575,5.07963691573929,0.2225397031177997,,4.8854762993798575,3875.0,0.0008292128707734,0.0042307257093727,0.031668475456586,0.031668475456586,5.040191885660501,62.932470939380586,0.0057744281703856,2750.0,3.9090960097702143,D,True,True,8.881784197001252e-15,0.0706007707208851,True,True,0.9854880170957802,0.4401692505801299,ok,,4061.0,4060.0,5.037746082553553,0.0311678480955939,185.0,True,ok,1.0,40000,98f8b1a747ec270333171fc36fa34931a4f691fa08dbed132971554e6d847946,2.1,0.0483732763473993,True,4065.0,0,5.041812114363418,True,0.032000117368987
4000,False,0,,False,0,D,884080,"[1.6416919845586602, -1.7080878592558901, 1.6416919845586602, -1.7080878592558901, 0.29636087807929584]","[1.604679863897274, -1.7263077912766542, 1.604679863897274, -1.7263077912766542, 0.3095820778383578]","[0.11126985155889989, 0.11126985155889989]",1.0921819004749978e-16,0.0479599115318056,True,D,D,"[0, 0]",True,0.0,7.913188032266433,0.1314000407946597,0.0394200122383979,200.7403748230809,4.900798401836579,5.07963691573929,0.2225397031177997,,4.900798401836579,3892.0,0.0008296982098305,0.0042947368681907,0.0339850603871006,0.0339850603871006,5.067352331468001,63.48071210536619,0.0058564165233536,2764.0,3.921434913606008,D,True,True,1.0658141036401504e-14,0.0716703943862384,True,True,0.9856120265404584,0.4368690778771192,ok,,4093.0,4092.0,5.06515668206094,0.0335370416711626,200.0,True,ok,1.0,40000,16feca5c1b148c9d7994941adc00b0922bc41c89e2961f25f458cea3ade33170,2.1,0.0479599115318056,True,4096.0,0,5.068408332008294,True,0.034200535592099346
4000,False,0,,False,0,D,884081,"[1.6416919845586602, -1.7080878592558901, 1.6416919845586602, -1.7080878592558901, 0.29636087807929584]","[1.6494040820324596, -1.6788438625420856, 1.6494040820324596, -1.6788438625420856, 0.28835915390097183]","[0.11126985155889989, 0.11126985155889989]",1.021405182655144e-16,0.0469348319818056,True,D,D,"[0, 0]",True,0.0,7.312255005912453,0.1267774379170756,0.0380332313751226,192.25963036880836,5.176795756570763,5.07963691573929,0.2225397031177997,,5.176795756570763,4401.0,0.0007705151311911,0.0039134241021357,0.0286159549811005,0.0286159549811005,5.324934710887144,67.87592209258777,0.0053333141764294,3120.0,4.141735354980995,D,True,True,8.881784197001252e-15,0.0691780432508579,True,True,0.9859195504054584,0.450328756079377,ok,,4594.0,4593.0,5.323362451780982,0.0283122421865273,192.0,True,ok,1.0,40000,ef18f1f0662c731e10f19a6585a94baec77943b153d493025c35289ee7cb359a,2.2,0.0469348319818056,True,4597.0,0,5.326389654000693,True,0.028897005882462246
4000,False,0,,False,0,D,884082,"[1.6416919845586602, -1.7080878592558901, 1.6416919845586602, -1.7080878592558901, 0.29636087807929584]","[1.636910251931322, -1.7267602418388603, 1.636910251931322, -1.7267602418388603, 0.3114509169470393]","[0.11126985155889989, 0.11126985155889989]",1.0873246747422627e-16,0.0487253716771935,True,D,D,"[0, 0]",True,0.0,7.681361148014422,0.1322358229475669,0.03967074688427,193.6278429650684,4.929002989903808,5.07963691573929,0.2225397031177997,,4.929002989903808,3900.0,0.0008299766396265,0.0042445964873714,0.0326042785470938,0.0326042785470938,5.089709576346091,62.970122451450294,0.0058028069076525,2767.0,3.943964010336898,D,True,True,1.0658141036401504e-14,0.071600887197345,True,True,0.985382388496842,0.4393411556309355,ok,,4094.0,4093.0,5.087617983451117,0.032179934536904,193.0,True,ok,1.0,40000,2c8c1e317a42c4c4bac67a5cc5b706c430de2e8ddd00db489c0283dac0e94785,2.1,0.0487253716771935,True,4097.0,0,5.09087156172327,True,0.032840023053550604
4000,False,0,,False,0,D,884083,"[1.6416919845586602, -1.7080878592558901, 1.6416919845586602, -1.7080878592558901, 0.29636087807929584]","[1.6648034532801308, -1.6872606739938185, 1.6648034532801308, -1.6872606739938185, 0.2901318176940526]","[0.11126985155889989, 0.11126985155889989]",1.0685896612017132e-16,0.0479938665327726,True,D,D,"[0, 0]",True,0.0,8.367440120566194,0.1239207886249602,0.037176236587488,225.07496424160155,5.4582650899645815,5.07963691573929,0.2225397031177997,,5.4582650899645815,4600.0,0.0007779659253562,0.0038338977674964,0.0320799099978991,0.0320799099978991,5.633365742795321,65.69203545178159,0.0052389560634913,3265.0,4.367222274340827,D,True,True,1.4210854715202004e-14,0.0717170008308141,True,True,0.9856018400401684,0.4514092452574932,ok,,4825.0,4824.0,5.631060377328276,0.031657547685141,224.0,True,ok,1.0,40000,6ace9020dcc48f97be875aa73dc8506fc84a82a9540ef29cadb3e00fd11e1144,2.3,0.0479938665327725,True,4829.0,0,5.634871604865158,True,0.03235579657449783
4000,False,0,,False,0,D,884084,"[1.6416919845586602, -1.7080878592558901, 1.6416919845586602, -1.7080878592558901, 0.29636087807929584]","[1.6250202651701928, -1.741815912479824, 1.6250202651701928, -1.741815912479824, 0.3110524744816009]","[0.11126985155889989, 0.11126985155889989]",1.0075273948473295e-16,0.0484344377955092,True,D,D,"[0, 0]",True,0.0,6.93161967544681,0.1346350441876717,0.0403905132563015,171.61504315287146,4.460341645185179,5.07963691573929,0.2225397031177997,,4.460341645185179,3402.0,0.0008551479418118,0.0047467215662196,0.0329024686022759,0.0329024686022759,4.607097896121308,63.26632809871901,0.0064899601404426,2405.0,3.568977145096593,D,True,True,1.2434497875801752e-14,0.0723312553150439,True,True,0.9854696686613472,0.440379683539724,ok,,3575.0,3574.0,4.605645479334518,0.0325768395580619,172.0,True,ok,1.0,40000,04fecd131e02462940da7f28ca0a021c3997514e646176605df7c7fb5c19a400,2.0,0.0484344377955092,True,3577.0,0,4.608160276513805,True,0.03314065223864482
4000,False,0,,False,0,D,884085,"[1.6416919845586602, -1.7080878592558901, 1.6416919845586602, -1.7080878592558901, 0.29636087807929584]","[1.6467383657215495, -1.6757424267809906, 1.6467383657215495, -1.6757424267809906, 0.30087069250792586]","[0.11126985155889989, 0.11126985155889989]",1.0824674490095276e-16,0.0468463087749168,True,D,D,"[0, 0]",True,0.0,7.838707011099346,0.1278009926001146,0.0383402977800344,204.4508641031299,5.612359737645907,5.07963691573929,0.2225397031177997,,5.612359737645907,4914.0,0.0007516715331947,0.0034932295173325,0.0273824027088934,0.0273824027088934,5.766039632129307,66.64093287324631,0.0047553625086536,3494.0,4.490028380803127,D,True,True,5.3290705182007506e-15,0.0668659818879167,True,True,0.985946107367525,0.4447114293776485,ok,,5119.0,5118.0,5.7642287781555615,0.0270597480576602,204.0,True,ok,1.0,40000,fd471794e53ed65812f103d003c212a22ad1de4ca481b69e8652f49c5db55fc3,2.4,0.0468463087749168,True,5122.0,0,5.767182011709688,True,0.027585949814528776
4000,False,0,,False,0,D,884086,"[1.6416919845586602, -1.7080878592558901, 1.6416919845586602, -1.7080878592558901, 0.29636087807929584]","[1.6534033355537328, -1.7177162213917818, 1.6534033355537328, -1.7177162213917818, 0.2896621862527371]","[0.11126985155889989, 0.11126985155889989]",1.0172418463127996e-16,0.0470725472527418,True,D,D,"[0, 0]",True,0.0,7.147629415575609,0.1273683541372098,0.0382105062411629,187.0592703081149,4.998604940649073,5.07963691573929,0.2225397031177997,,4.998604940649073,4224.0,0.000774513193515,0.004055059345777,0.0289840614617806,0.0289840614617806,5.143484813472006,69.96915671828091,0.0055256445048092,2992.0,3.999076830181451,D,True,True,1.0658141036401504e-14,0.0691419145691742,True,True,0.9858782358241774,0.4567473124103068,ok,,4411.0,4410.0,5.141398510937569,0.0285666845017671,186.0,True,ok,1.0,40000,c4eb5dd863a9b09e6893281979366c79f93ea5ade6eab94a29495fc5b983c914,2.2,0.0470725472527418,True,4414.0,0,5.1444417258250885,True,0.02917549734528113
4000,False,0,,False,0,D,884087,"[1.6416919845586602, -1.7080878592558901, 1.6416919845586602, -1.7080878592558901, 0.29636087807929584]","[1.6562169346842401, -1.694588354731773, 1.6562169346842401, -1.694588354731773, 0.2851784500587624]","[0.11126985155889989, 0.11126985155889989]",9.964251646010781e-17,0.0470403889923392,True,D,D,"[0, 0]",True,0.0,7.736237481464014,0.1249107502873975,0.0374732250862192,206.44706890491273,5.2001492044317335,5.07963691573929,0.2225397031177997,,5.2001492044317335,4407.0,0.0007728057378287,0.0039658242264376,0.0306805580254649,0.0306805580254649,5.359692683839377,68.13998011985497,0.0054083376786802,3124.0,4.1603588685426525,D,True,True,1.2434497875801752e-14,0.0704088915509988,True,True,0.9858878833022984,0.4546566620240798,ok,,4614.0,4613.0,5.357898441620636,0.0303355213451304,206.0,True,ok,1.0,40000,b08f35582729d1f88c7de94787e2eb43bbfa6dc41549b4eb1b47e8a1089b7aec,2.2,0.0470403889923392,True,4617.0,0,5.360931428442592,True,0.030918771306376103
4000,False,0,,False,0,D,884088,"[1.6416919845586602, -1.7080878592558901, 1.6416919845586602, -1.7080878592558901, 0.29636087807929584]","[1.6047092322056355, -1.7464763890749113, 1.6047092322056355, -1.7464763890749113, 0.3490276914166328]","[0.11126985155889989, 0.11126985155889989]",9.936496070395151e-17,0.0460062975157306,True,D,D,"[0, 0]",True,0.0,6.978692325253226,0.1436181669344086,0.0430854500803225,161.97329521318943,4.452717805439068,5.07963691573929,0.2225397031177997,,4.452717805439068,3276.0,0.0009038368729829,0.0047112293683133,0.0328782202351562,0.0328782202351562,4.599115242091296,55.180477476256954,0.0064184178160045,2332.0,3.5624468853166875,D,True,True,5.3290705182007506e-15,0.071002993964095,True,True,0.9861981107452809,0.4009638792753883,ok,,3438.0,3437.0,4.596962388285564,0.0323947281523879,161.0,True,ok,1.0,40000,b8fb50a15ecfbcbcc58c35474099977ee4c9f5b2216e34ff3449f9aa3d1ea42c,1.9,0.0460062975157306,True,3440.0,0,4.599621259107431,True,0.03299186251796993
4000,False,0,,False,0,D,884089,"[1.6416919845586602, -1.7080878592558901, 1.6416919845586602, -1.7080878592558901, 0.29636087807929584]","[1.666969573165378, -1.6776242517200894, 1.666969573165378, -1.6776242517200894, 0.2672271594724128]","[0.11126985155889989, 0.11126985155889989]",1.0991207943789051e-16,0.0475424803339545,True,D,D,"[0, 0]",True,0.0,8.451415344256997,0.1181195345340207,0.0354358603602062,238.49894593635355,5.523651580481351,5.07963691573929,0.2225397031177997,,5.523651580481351,4843.0,0.0007415694991739,0.0037886335503977,0.0320193157215984,0.0320193157215984,5.70051512437289,70.45962825244979,0.0051884365263108,3427.0,4.419524199524295,D,True,True,2.131628207280301e-14,0.0720053804396894,True,True,0.9857372558998136,0.4690444223440383,ok,,5082.0,5081.0,5.698385431211221,0.0316337567972822,238.0,True,ok,1.0,40000,b49b01808e77f849d66b363d2500ee506968815c523826b81e244366c0489945,2.4,0.0475424803339545,True,5086.0,0,5.702018608587163,True,0.03229150599145281
4000,False,0,,False,0,D,884090,"[1.6416919845586602, -1.7080878592558901, 1.6416919845586602, -1.7080878592558901, 0.29636087807929584]","[1.6331316378990144, -1.7279111771095712, 1.6331316378990144, -1.7279111771095712, 0.3370718434247098]","[0.11126985155889989, 0.11126985155889989]",1.0234868508263162e-16,0.0476511903155603,True,D,D,"[0, 0]",True,0.0,7.8656500196812305,0.1383914524427091,0.0415174357328127,189.45413850462631,4.964850410226041,5.07963691573929,0.2225397031177997,,4.964850410226041,3840.0,0.000857121634736,0.0041582037661529,0.0327069755350795,0.0327069755350795,5.127235651128633,57.619805753062415,0.0056722481695234,2735.0,3.97273988857411,D,True,True,5.3290705182007506e-15,0.0702917233082534,True,True,0.985704642905332,0.4173036646292486,ok,,4030.0,4029.0,5.124962759424331,0.0322491789215861,189.0,True,ok,1.0,40000,9b4179e518ef6559a8cc9a3dfdc4242b5935117a98911ce53460ca986dd505ba,2.1,0.0476511903155602,True,4033.0,0,5.128322220248251,True,0.032925827872982705
4000,False,0,,False,0,D,884091,"[1.6416919845586602, -1.7080878592558901, 1.6416919845586602, -1.7080878592558901, 0.29636087807929584]","[1.6538989522088272, -1.7359665729781266, 1.6538989522088272, -1.7359665729781266, 0.3153864608352348]","[0.11126985155889989, 0.11126985155889989]",1.0644263248593687e-16,0.0470819507924664,True,D,D,"[0, 0]",True,0.0,8.271260972507951,0.1338590148718413,0.0401577044615524,205.96946671657943,4.898043012976027,5.07963691573929,0.2225397031177997,,4.898043012976027,3927.0,0.0008244939624429,0.0041917561085829,0.034671108707194,0.034671108707194,5.067863594731431,62.52711915616235,0.0057020800278618,2792.0,3.919292696436945,D,True,True,5.3290705182007506e-15,0.0697164332780371,True,True,0.98587541476226,0.431644594492022,ok,,4136.0,4135.0,5.068102667444854,0.0347199185507967,208.0,True,ok,1.0,40000,66f236f855e4f4b9e38df99228f37eb4c6928a4080aa0dd7346962ab20cf027d,2.1,0.0470819507924664,True,4136.0,0,5.068910289876701,True,0.034884805308570854
4000,False,0,,False,0,D,884092,"[1.6416919845586602, -1.7080878592558901, 1.6416919845586602, -1.7080878592558901, 0.29636087807929584]","[1.679114455266155, -1.7259274252168126, 1.679114455266155, -1.7259274252168126, 0.27148404961571954]","[0.11126985155889989, 0.11126985155889989]",1.0269996658651691e-16,0.0479506195758454,True,D,D,"[0, 0]",True,0.0,7.276117337580915,0.1221997401979501,0.036659922059385,198.476072202074,5.059120812639037,5.07963691573929,0.2225397031177997,,5.059120812639037,4371.0,0.0007515329666686,0.0040521120698923,0.0294836428855644,0.0294836428855644,5.208282123993813,74.78934195840999,0.0055411639324068,3087.0,4.047322880425301,D,True,True,1.9539925233402755e-14,0.0704627924024023,True,True,0.9856148141272464,0.4788884356642028,ok,,4570.0,4569.0,5.20653948369121,0.0291391877189177,198.0,True,ok,1.0,40000,6b85b8c5e901a30742acf773d1a2dffef0fa1bb4f76d2ae6fa1cbcf71e66c1f5,2.3,0.0479506195758454,True,4573.0,0,5.209491153469873,True,0.029722623040582707
4000,False,0,,False,0,D,884093,"[1.6416919845586602, -1.7080878592558901, 1.6416919845586602, -1.7080878592558901, 0.29636087807929584]","[1.668712200884126, -1.715900333259826, 1.668712200884126, -1.715900333259826, 0.2680772647900384]","[0.11126985155889989, 0.11126985155889989]",1.0026701691145943e-16,0.0465938516057738,True,D,D,"[0, 0]",True,0.0,8.038461296646792,0.1196535735921802,0.035896072077654,223.93707253699415,5.222280748422849,5.07963691573929,0.2225397031177997,,5.222280748422849,4575.0,0.0007424377719822,0.0039605264181246,0.0318365383264418,0.0318365383264418,5.388540089621452,73.36586426960525,0.0054204609269951,3235.0,4.178415057829647,D,True,True,2.131628207280301e-14,0.0710208665556546,True,True,0.9860218445182678,0.4728382336066729,ok,,4799.0,4798.0,5.3860234239314675,0.0313546290206765,223.0,True,ok,1.0,40000,7e046e2c07c2b0ca92cd1de72d5c8a2b36160b590cc74bb74795fe1c37089ea3,2.3,0.0465938516057738,True,4803.0,0,5.3896641142195145,True,0.032051774667077426
4000,False,0,,False,0,D,884094,"[1.6416919845586602, -1.7080878592558901, 1.6416919845586602, -1.7080878592558901, 0.29636087807929584]","[1.6979543746238983, -1.7231628750456793, 1.6979543746238983, -1.7231628750456793, 0.26163792106512185]","[0.11126985155889989, 0.11126985155889989]",1.0772632785815971e-16,0.0471002934702181,True,D,D,"[0, 0]",True,0.0,7.827357329442946,0.1185261808916005,0.0355578542674801,220.13019319339364,5.183306073014011,5.07963691573929,0.2225397031177997,,5.183306073014011,4495.0,0.0007444465754688,0.0040391607379063,0.0316159544066495,0.0316159544066495,5.347181241494131,74.6355643969536,0.0055438838572636,3170.0,4.147260779959787,D,True,True,2.4868995751603507e-14,0.0722697764908097,True,True,0.9858699119589346,0.4804515942611521,ok,,4719.0,4718.0,5.34751810592666,0.0316809446711223,223.0,True,ok,1.0,40000,293ac69a1221e457605c74ea92e1fc54a1cf36288badfe780ad231c84a5de590,2.3,0.0471002934702181,True,4719.0,0,5.348247837738908,True,0.03182172968400199
4000,False,0,,False,0,D,884095,"[1.6416919845586602, -1.7080878592558901, 1.6416919845586602, -1.7080878592558901, 0.29636087807929584]","[1.5881350912211032, -1.7952494864123925, 1.5881350912211032, -1.7952494864123925, 0.3149794828778762]","[0.11126985155889989, 0.11126985155889989]",1.1018963519404679e-16,0.0487131959149055,True,D,D,"[0, 0]",True,0.0,6.350919897303242,0.1340410015688177,0.0402123004706453,157.9347568523061,3.93357773791388,5.07963691573929,0.2225397031177997,,3.93357773791388,2729.0,0.0009347903270806,0.0059097288276545,0.0375322143992181,0.0375322143992181,4.0812136209292555,60.230845332626394,0.0081124779053289,1922.0,3.14784350550361,D,True,True,2.8421709430404014e-14,0.0794015753112056,True,True,0.9853860412255284,0.4260710176711464,ok,,2889.0,2888.0,4.080896039511001,0.0374514783773534,159.0,True,ok,1.0,40000,c68f4cd8814a44fcc2a9aee72f9b671eb84bc16e4270be06342b75be823145dd,1.8,0.0487131959149053,True,2890.0,0,4.0827250075598185,True,0.037916441362879194
4000,False,0,,False,0,D,884096,"[1.6416919845586602, -1.7080878592558901, 1.6416919845586602, -1.7080878592558901, 0.29636087807929584]","[1.7160234361368683, -1.7005975228316574, 1.7160234361368683, -1.7005975228316574, 0.2547772294861212]","[0.11126985155889989, 0.11126985155889989]",9.700573677662306e-17,0.0463632759570863,True,D,D,"[0, 0]",True,0.0,8.492919405459702,0.1164375256065545,0.0349312576819663,243.13236822973775,5.449551176532691,5.07963691573929,0.2225397031177997,,5.449551176532691,4975.0,0.0007080888852944,0.0037197420099204,0.031591469099357,0.031591469099357,5.621710504131489,77.46316547606361,0.0050867247018665,3512.0,4.360136729849997,D,True,True,1.7763568394002505e-14,0.0696912051186195,True,True,0.986091017212874,0.4863370019707226,ok,,5222.0,5221.0,5.621844855284823,0.0316161227174225,246.0,True,ok,1.0,40000,15c53bf98f7d976b2ca02fbf5cf0ab9d6b6645ffc0ba4c513ad849e0c99fb173,2.4,0.0463632759570864,True,5223.0,0,5.623232979332005,True,0.031870845354611266
4000,False,0,,False,0,D,884097,"[1.6416919845586602, -1.7080878592558901, 1.6416919845586602, -1.7080878592558901, 0.29636087807929584]","[1.6451246147725689, -1.6771693455689414, 1.6451246147725689, -1.6771693455689414, 0.2768683297736025]","[0.11126985155889989, 0.11126985155889989]",1.074140776324839e-16,0.0479339343913816,True,D,D,"[0, 0]",True,0.0,7.938717382604383,0.1226285882341133,0.036788576470234,215.79300272810704,5.512881401043109,5.07963691573929,0.2225397031177997,,5.512881401043109,4916.0,0.0007310021738231,0.0036043506574569,0.028613921217355,0.028613921217355,5.670626555133179,72.11854108361409,0.0049111412720463,3482.0,4.411095300938951,D,True,True,1.0658141036401504e-14,0.0679716356293553,True,True,0.9856198196825856,0.4706387299115798,ok,,5132.0,5131.0,5.668684949920323,0.0282617269523943,215.0,True,ok,1.0,40000,4de2a3c078760bf902b5e02f88c70408bf0cac00f2f2abb24431e4ffb5473c19,2.4,0.0479339343913816,True,5136.0,0,5.672273396127393,True,0.028912647214599074
4000,False,0,,False,0,D,884098,"[1.6416919845586602, -1.7080878592558901, 1.6416919845586602, -1.7080878592558901, 0.29636087807929584]","[1.6392902395471194, -1.689847432018427, 1.6392902395471194, -1.689847432018427, 0.2873169355416274]","[0.11126985155889989, 0.11126985155889989]",1.0255685189974883e-16,0.0472733370161925,True,D,D,"[0, 0]",True,0.0,6.6207783227245205,0.1280517353587712,0.0384155206076313,172.34644273984614,4.990935854447482,5.07963691573929,0.2225397031177997,,4.990935854447482,4238.0,0.0007692427217612,0.0040121271182183,0.0265634042523152,0.0265634042523152,5.123512101146545,70.42267611936671,0.0054645163929948,3000.0,3.9932375711157646,D,True,True,8.881784197001252e-15,0.0684185336365548,True,True,0.9858179988951422,0.4606370387767061,ok,,4410.0,4409.0,5.121365088781673,0.0261332219323082,171.0,True,ok,1.0,40000,22086663253483db3f7adf21fd1ee5d2f98a430a58486e39eeac4ffb1cf7a4e2,2.2,0.0472733370161924,True,4414.0,0,5.125147584736132,True,0.026891095017591127
4000,False,0,,False,0,D,884099,"[1.6416919845586602, -1.7080878592558901, 1.6416919845586602, -1.7080878592558901, 0.29636087807929584]","[1.6040951788369637, -1.7268126731001479, 1.6040951788369637, -1.7268126731001479, 0.3250859293201831]","[0.11126985155889989, 0.11126985155889989]",1.1039780201116399e-16,0.0470049428622719,True,D,D,"[0, 0]",True,0.0,7.664951886620293,0.1354883410845452,0.0406465023253635,188.57592777023112,4.778684383740813,5.07963691573929,0.2225397031177997,,4.778684383740813,3701.0,0.0008542542979167,0.0043980042499598,0.033710490973094,0.033710490973094,4.939776180522173,59.4112882189537,0.0060050416618196,2631.0,3.8232880653739767,D,True,True,8.881784197001252e-15,0.0715956127282204,True,True,0.9858985171413184,0.4163197371578318,ok,,3889.0,3888.0,4.937288385672392,0.0331898885122483,187.0,True,ok,1.0,40000,bda420ba7508e1749a1dd9960c84b53525139c058fffe31cf3abb4c599e2d2f6,2.0,0.0470049428622719,True,3892.0,0,4.940637212669706,True,0.03389067281361524
4000,False,0,,False,0,D,884100,"[1.6416919845586602, -1.7080878592558901, 1.6416919845586602, -1.7080878592558901, 0.29636087807929584]","[1.570160025605893, -1.7113560130529863, 1.570160025605893, -1.7113560130529863, 0.3182715730303306]","[0.11126985155889989, 0.11126985155889989]",1.1046719095020308e-16,0.046631765076298,True,D,D,"[0, 0]",True,0.0,9.14453839945429,0.1304243769815819,0.0391273130944745,233.7124038488002,5.117396203952405,5.07963691573929,0.2225397031177997,,5.117396203952405,4045.0,0.0008376990312156,0.0041836846822054,0.0382578652276369,0.0382578652276369,5.313176858239636,58.36194584728921,0.0057147871615672,2879.0,4.093997228614839,D,True,True,1.0658141036401504e-14,0.0728163597731867,True,True,0.9860104704771104,0.4165737875201858,ok,,4279.0,4278.0,5.310195211066496,0.0376752159555642,233.0,True,ok,1.0,40000,f0e5e65f162a3eafa90009cec01144ad07864227a153e366744801919efd69de,2.1,0.0466317650762982,True,4283.0,0,5.314289096293801,True,0.03847520975400087
4000,False,0,,False,0,D,884101,"[1.6416919845586602, -1.7080878592558901, 1.6416919845586602, -1.7080878592558901, 0.29636087807929584]","[1.6863069209718022, -1.6487382268546011, 1.6863069209718022, -1.6487382268546011, 0.25610262528676847]","[0.11126985155889989, 0.11126985155889989]",1.0658141036401501e-16,0.0466019706690614,True,D,D,"[0, 0]",True,0.0,7.066572783579095,0.1162765898369639,0.0348829769510891,202.57940695507205,5.864541870040907,5.07963691573929,0.2225397031177997,,5.864541870040907,5687.0,0.000670699026657,0.0032785366566278,0.023168017907693,0.023168017907693,6.000411681106431,79.66494529626023,0.0044607143462455,4026.0,4.69171317780244,D,True,True,1.2434497875801752e-14,0.0658861400924681,True,True,0.9860194087992816,0.4911983794515655,ok,,5889.0,5888.0,5.99857865832576,0.0228554576393396,201.0,True,ok,1.0,40000,7853f1cdd0eefa7d002d2e86bb31c8610f8c3baf2df9a9a79ae1212db4206ba6,2.6,0.0466019706690614,True,5893.0,0,6.001880662851424,True,0.02341850324440764
4000,False,0,,False,0,D,884102,"[1.6416919845586602, -1.7080878592558901, 1.6416919845586602, -1.7080878592558901, 0.29636087807929584]","[1.6509265655071126, -1.6823753788024152, 1.6509265655071126, -1.6823753788024152, 0.2839931161383248]","[0.11126985155889989, 0.11126985155889989]",1.021405182655144e-16,0.0483965416068224,True,D,D,"[0, 0]",True,0.0,8.069384584511779,0.1235876910996338,0.0370763073298901,217.6426177697154,5.360788383474239,5.07963691573929,0.2225397031177997,,5.360788383474239,4516.0,0.0007725744282719,0.003887005829092,0.0313657449171828,0.0313657449171828,5.528933504465289,67.09192563416445,0.0053253497770545,3196.0,4.289163542867806,D,True,True,1.4210854715202004e-14,0.0716882065937163,True,True,0.9854810375179532,0.4577373443783121,ok,,4733.0,4732.0,5.5264224256038705,0.0308973289526282,216.0,True,ok,1.0,40000,9becd515c39dbfbaea1c47a2b8f520824819d381ea8e6152fd0ff8a8bac5ba55,2.3,0.0483965416068224,True,4737.0,0,5.530208153577663,True,0.03160351761425528
4000,False,0,,False,0,D,884103,"[1.6416919845586602, -1.7080878592558901, 1.6416919845586602, -1.7080878592558901, 0.29636087807929584]","[1.682046390182541, -1.7443356899520102, 1.682046390182541, -1.7443356899520102, 0.2943024441539982]","[0.11126985155889989, 0.11126985155889989]",1.0821205043143323e-16,0.0476983726779685,True,D,D,"[0, 0]",True,0.0,7.9390579618355614,0.1288002377291266,0.038640071318738,205.46178334783815,5.0259726073972155,5.07963691573929,0.2225397031177997,,5.0259726073972155,4185.0,0.0007831124904137,0.0040324232887883,0.0320136422163461,0.0320136422163461,5.186872296239587,68.03305103450789,0.0055110298574042,2961.0,4.020956581137807,D,True,True,8.881784197001252e-15,0.0694265913009353,True,True,0.9856904881966094,0.4524303723303226,ok,,4394.0,4393.0,5.187477932444077,0.0321341435106825,208.0,True,ok,1.0,40000,7f80ed5447a35af32b761a8eb7e8058bc1a279601c3fd61fe448a9f7ed80a649,2.2,0.0476983726779685,True,4394.0,0,5.188245537884398,True,0.032286871251217875
4000,False,0,,False,0,D,884104,"[1.6416919845586602, -1.7080878592558901, 1.6416919845586602, -1.7080878592558901, 0.29636087807929584]","[1.5822956892489426, -1.7451404347308435, 1.5822956892489426, -1.7451404347308435, 0.3177086933083416]","[0.11126985155889989, 0.11126985155889989]",1.0352829704629583e-16,0.0479915438482142,True,D,D,"[0, 0]",True,0.0,7.216720568586843,0.1350373346187655,0.0405112003856296,178.14136584179798,4.427275523496893,5.07963691573929,0.2225397031177997,,4.427275523496893,3289.0,0.0008810558711013,0.0049123781079497,0.0354512601323163,0.0354512601323163,4.584228019757818,60.539254833468895,0.0067286026303801,2327.0,3.542263703198139,D,True,True,1.2434497875801752e-14,0.0743026092536336,True,True,0.9856025368455356,0.424317443318572,ok,,3467.0,3466.0,4.582044540933489,0.0349580722083344,177.0,True,ok,1.0,40000,a59bc3c38817241d9d5f1f160332ae901b2e85d01633297711c045c9e6adaf27,2.0,0.0479915438482142,True,3470.0,0,4.585495191955862,True,0.03573747954452999
4000,False,0,,False,0,D,884105,"[1.6416919845586602, -1.7080878592558901, 1.6416919845586602, -1.7080878592558901, 0.29636087807929584]","[1.6044579784187616, -1.716978728009426, 1.6044579784187616, -1.716978728009426, 0.3041724111341094]","[0.11126985155889989, 0.11126985155889989]",9.783840404509192e-17,0.0491220288840539,True,D,D,"[0, 0]",True,0.0,8.56546741236731,0.1290051636164834,0.038701549084945,221.3210482497015,5.053611264382306,5.07963691573929,0.2225397031177997,,5.053611264382306,4065.0,0.0008151712829081,0.0041679134437724,0.0357001267802001,0.0357001267802001,5.234025827218602,63.83155680400241,0.0056953993904033,2883.0,4.043686546049979,D,True,True,1.4210854715202004e-14,0.0720055681704021,True,True,0.9852633913347838,0.4424894444032967,ok,,4287.0,4286.0,5.231823089180837,0.0352642527244946,221.0,True,ok,1.0,40000,ba4deaf264ec1c713fef3339004bfad86fa0cbfb8d2b26d198171ad6bd3b4d06,2.2,0.049122028884054,True,4291.0,0,5.235811150674824,True,0.036053403548598206
4000,False,0,,False,0,D,884106,"[1.6416919845586602, -1.7080878592558901, 1.6416919845586602, -1.7080878592558901, 0.29636087807929584]","[1.6242295256636914, -1.700447838790243, 1.6242295256636914, -1.700447838790243, 0.29185614399686555]","[0.11126985155889989, 0.11126985155889989]",1.0977330155981235e-16,0.0471832637270614,True,D,D,"[0, 0]",True,0.0,7.580170967572638,0.1268250495547136,0.038047514866414,199.22906907814703,5.01110687012726,5.07963691573929,0.2225397031177997,,5.01110687012726,4125.0,0.000794345143965,0.0041662879695986,0.0315811751096987,0.0315811751096987,5.1693635136861635,66.26776029648882,0.0056964136242946,2922.0,4.009495598189384,D,True,True,1.4210854715202004e-14,0.0714853268995359,True,True,0.9858450208818816,0.4471013143511804,ok,,4324.0,4323.0,5.1667758554959855,0.0310647905549004,198.0,True,ok,1.0,40000,a626cfb26ce0a9ca8469192a4fdd09b7319bbf297421f61d5526fc132b551959,2.2,0.0471832637270614,True,4328.0,0,5.1706709179959205,True,0.031842076412273546
4000,False,0,,False,0,D,884107,"[1.6416919845586602, -1.7080878592558901, 1.6416919845586602, -1.7080878592558901, 0.29636087807929584]","[1.6072892483467347, -1.7184023944169706, 1.6072892483467347, -1.7184023944169706, 0.31995565591403785]","[0.11126985155889989, 0.11126985155889989]",1.0297318553398328e-16,0.0463810269271851,True,D,D,"[0, 0]",True,0.0,7.822569388498012,0.1344729389424646,0.0403418816827393,193.90690424450293,4.986756514652006,5.07963691573929,0.2225397031177997,,4.986756514652006,4079.0,0.0008142297083315,0.0040473673988314,0.0316608123181035,0.0316608123181035,5.144641276738483,63.076113513224875,0.0054836242352982,2907.0,3.989560334819351,D,True,True,5.3290705182007506e-15,0.0680708761977815,True,True,0.9860856919218444,0.4339395947890239,ok,,4273.0,4272.0,5.142861452904269,0.0313039022044885,193.0,True,ok,1.0,40000,80236fe44212f2bb70ca6db2b23194b22170674b5ac48edb8bf943f3b78b621e,2.2,0.046381026927185,True,4276.0,0,5.146058204352387,True,0.031944950436686215
4000,False,0,,False,0,D,884108,"[1.6416919845586602, -1.7080878592558901, 1.6416919845586602, -1.7080878592558901, 0.29636087807929584]","[1.6687850313764727, -1.7348902231225687, 1.6687850313764727, -1.7348902231225687, 0.26947233126256326]","[0.11126985155889989, 0.11126985155889989]",1.1005085731596864e-16,0.0477994785059966,True,D,D,"[0, 0]",True,0.0,8.101132944530717,0.1199252921910358,0.0359775876573107,225.1716546894311,5.048583411781972,5.07963691573929,0.2225397031177997,,5.048583411781972,4289.0,0.0007635172439007,0.0042035602248881,0.0340536002221603,0.0340536002221603,5.220505852975025,72.83398214360885,0.0057599427445702,3028.0,4.0393612697432175,D,True,True,2.8421709430404014e-14,0.0729759790133677,True,True,0.985660156448201,0.4751342714105658,ok,,4514.0,4513.0,5.2180784711124355,0.0335727956747053,224.0,True,ok,1.0,40000,cc6a4fc4beaf6a303cb6ffae5412dd89554a97876e92e1b2d7a97f619533c720,2.2,0.0477994785059965,True,4518.0,0,5.221818398276353,True,0.03431358311127419
4000,False,0,,False,0,D,884109,"[1.6416919845586602, -1.7080878592558901, 1.6416919845586602, -1.7080878592558901, 0.29636087807929584]","[1.6172347979541106, -1.6954783568772493, 1.6172347979541106, -1.6954783568772493, 0.3402902010443528]","[0.11126985155889989, 0.11126985155889989]",1.0630385460785873e-16,0.0469715528297849,True,D,D,"[0, 0]",True,0.0,7.965706890210096,0.1382966879170819,0.0414890063751245,191.9956052499263,5.381715222717884,5.07963691573929,0.2225397031177997,,5.381715222717884,4376.0,0.0008208748788375,0.0036764039002723,0.0292851558795949,0.0292851558795949,5.539319591914767,59.26722186610549,0.0049881697901486,3126.0,4.305720643082645,D,True,True,1.7763568394002505e-15,0.0670735748190498,True,True,0.9859085341510644,0.4279997321063142,ok,,4567.0,4566.0,5.5366861895637784,0.0287958318923517,190.0,True,ok,1.0,40000,3d4efac35f9b21d38b155434e1c3584c0aa3b588a49cfeb464bf00961b83e433,2.2,0.0469715528297848,True,4570.0,0,5.539908981377121,True,0.029394672908639397
4000,False,0,,False,0,D,884110,"[1.6416919845586602, -1.7080878592558901, 1.6416919845586602, -1.7080878592558901, 0.29636087807929584]","[1.6376239447265881, -1.7475587497336207, 1.6376239447265881, -1.7475587497336207, 0.30283658374970585]","[0.11126985155889989, 0.11126985155889989]",1.0179357357031904e-16,0.047992272706951,True,D,D,"[0, 0]",True,0.0,7.460831956274412,0.1300481958772944,0.0390144587631883,191.23248643690016,4.665104453105491,5.07963691573929,0.2225397031177997,,4.665104453105491,3650.0,0.0008373810363819,0.0046008297501866,0.0343260176255706,0.0343260176255706,4.825238910787919,64.56569918309059,0.0062939735145858,2584.0,3.7322218768016207,D,True,True,1.5987211554602254e-14,0.0733788251599882,True,True,0.9856023181879148,0.4409144676945794,ok,,3841.0,3840.0,4.8230792953866715,0.0338630879263632,190.0,True,ok,1.0,40000,f95b384d10f6aee9efe24a1c0572ccfbe12077a9c019bcf33c9ff15b79018c0a,2.0,0.0479922727069509,True,3844.0,0,4.826361277930744,True,0.03456660540964007
4000,False,0,,False,0,D,884111,"[1.6416919845586602, -1.7080878592558901, 1.6416919845586602, -1.7080878592558901, 0.29636087807929584]","[1.6880404221323237, -1.748377340706584, 1.6880404221323237, -1.748377340706584, 0.2539543363142614]","[0.11126985155889989, 0.11126985155889989]",1.0810796702287462e-16,0.0483712791142328,True,D,D,"[0, 0]",True,0.0,7.297674882470974,0.1156802931486737,0.0347040879446021,210.28286045494696,4.958377558592304,5.07963691573929,0.2225397031177997,,4.958377558592304,4218.0,0.000757134220828,0.0043999997039794,0.0321097673226102,0.0321097673226102,5.117589908296355,77.61251695152654,0.00604504747656,2969.0,3.967012164788896,D,True,True,5.684341886080803e-14,0.0755550971674594,True,True,0.98548861626573,0.49387222376489,ok,,4431.0,4430.0,5.117390977351702,0.0320696471538046,212.0,True,ok,1.0,40000,deaf8933a3e7eb69e8efb02d9d00f5ef2d61b22356710ac8006d77940f896d51,2.2,0.0483712791142328,True,4432.0,0,5.118875679275543,True,0.03236908016516704
4000,False,0,,False,0,D,884112,"[1.6416919845586602, -1.7080878592558901, 1.6416919845586602, -1.7080878592558901, 0.29636087807929584]","[1.6347510881680656, -1.6132906584464093, 1.6347510881680656, -1.6132906584464093, 0.29863592788222965]","[0.11126985155889989, 0.11126985155889989]",1.0682427165065178e-16,0.0468854598847073,True,D,D,"[0, 0]",True,0.0,7.748615303469151,0.1264462039341607,0.0379338611802482,204.26645383264537,6.101018990221538,5.07963691573929,0.2225397031177997,,6.101018990221538,5556.0,0.00072164987948,0.0031181508098268,0.024161351083549,0.024161351083549,6.24842785201168,66.44919201706065,0.0042349758966917,3953.0,4.881244444739208,D,True,True,1.7763568394002505e-15,0.0648843992111274,True,True,0.9859343620345876,0.445336035248275,ok,,5760.0,5759.0,6.2464639739501715,0.0238394576318721,203.0,True,ok,1.0,40000,9a2b40206cef5b8a05123ff9596bb07f168cffaccf9dc77fa49a7dec93609dd3,2.6,0.0468854598847073,True,5764.0,0,6.250012334119805,True,0.02442105886525958
4000,False,0,,False,0,D,884113,"[1.6416919845586602, -1.7080878592558901, 1.6416919845586602, -1.7080878592558901, 0.29636087807929584]","[1.582913846776285, -1.7128584701290381, 1.582913846776285, -1.7128584701290381, 0.3364037873580163]","[0.11126985155889989, 0.11126985155889989]",1.083855227790309e-16,0.0459068458177873,True,D,D,"[0, 0]",True,0.0,7.514493680501173,0.1394053070109699,0.0418215921032909,179.67976116121727,4.759160074890661,5.07963691573929,0.2225397031177997,,4.759160074890661,3689.0,0.0008588119203293,0.0043148647705128,0.0324240240502359,0.0324240240502359,4.91347119561784,57.71429793594499,0.0058614253598802,2629.0,3.8082689924939217,D,True,True,5.3290705182007506e-15,0.0693976652936054,True,True,0.9862279462546636,0.4090519888862002,ok,,3869.0,3868.0,4.911663868310436,0.0320442664293612,179.0,True,ok,1.0,40000,f0c7addff04a066b96ad253ba69ac23d5b1076c7fdb8ae91022570542e3e50af,2.0,0.0459068458177874,True,3872.0,0,4.915033420755911,True,0.03275228053110424
4000,False,0,,False,0,D,884114,"[1.6416919845586602, -1.7080878592558901, 1.6416919845586602, -1.7080878592558901, 0.29636087807929584]","[1.6764658919129012, -1.6547847750085742, 1.6764658919129012, -1.6547847750085742, 0.2828347991520322]","[0.11126985155889989, 0.11126985155889989]",1.0963452368173419e-16,0.0473985165084887,True,D,D,"[0, 0]",True,0.0,8.14618224891918,0.1218415555418915,0.0365524666625674,222.862722894198,5.866757618910458,5.07963691573929,0.2225397031177997,,5.866757618910458,5231.0,0.0007321113350343,0.003413990397521,0.0278109879742668,0.0278109879742668,6.029917944497914,68.37431489844163,0.0046590693332976,3711.0,4.693800489352851,D,True,True,8.881784197001252e-15,0.0686400192231246,True,True,0.9857804450474534,0.4597602927784758,ok,,5454.0,5453.0,6.027667481214889,0.0274273922252672,222.0,True,ok,1.0,40000,6052d10b4fd606be14d98cd9673ab8cd2dc167e1cc7e5db4dee2734145deb4e3,2.5,0.0473985165084886,True,5458.0,0,6.03126006326709,True,0.028039754672391393
4000,False,0,,False,0,D,884115,"[1.6416919845586602, -1.7080878592558901, 1.6416919845586602, -1.7080878592558901, 0.29636087807929584]","[1.5889592745473733, -1.7556785511926656, 1.5889592745473733, -1.7556785511926656, 0.3429339506077527]","[0.11126985155889989, 0.11126985155889989]",1.0810796702287462e-16,0.0480342998181961,True,D,D,"[0, 0]",True,0.0,7.013882127804923,0.1420711240182569,0.042621337205477,164.56269529956464,4.282147027295292,5.07963691573929,0.2225397031177997,,4.282147027295292,3028.0,0.000932394965153,0.0051087102766546,0.0358318917055611,0.0358318917055611,4.435584455844627,55.38180538438531,0.006989283521864,2148.0,3.4258321859019985,D,True,True,8.881784197001252e-15,0.0744908396610135,True,True,0.9855897100545412,0.409012518451622,ok,,3193.0,3192.0,4.433324168978034,0.0353040520839447,164.0,True,ok,1.0,40000,a2f0e0047ab4da0c05870dccc9b251556dda97f9d4364caeff3c6e91d029f2ae,1.9,0.0480342998181961,True,3196.0,0,4.436974690926719,True,0.0361565501241603
4000,False,0,,False,0,D,884116,"[1.6416919845586602, -1.7080878592558901, 1.6416919845586602, -1.7080878592558901, 0.29636087807929584]","[1.5921631722919267, -1.7140184530753675, 1.5921631722919267, -1.7140184530753675, 0.3335466124731478]","[0.11126985155889989, 0.11126985155889989]",1.0699774399824945e-16,0.0476534684426528,True,D,D,"[0, 0]",True,0.0,8.57125689680356,0.1367475816790326,0.0410242745037097,208.931346147961,5.286967392549605,5.07963691573929,0.2225397031177997,,5.286967392549605,4307.0,0.0008172735513109,0.0037680781638334,0.0322971659494523,0.0322971659494523,5.457721455796124,60.11442679529736,0.0051235534132931,3073.0,4.229660269793971,D,True,True,3.552713678800501e-15,0.0676029900203776,True,True,0.985703959467204,0.4303237313976955,ok,,4516.0,4515.0,5.455102442037797,0.0318017942999095,208.0,True,ok,1.0,40000,76f9cd0ecc542b72cb297473e6e8b526506567bcd5368576caa0af3b5ec038bb,2.2,0.0476534684426527,True,4519.0,0,5.458306983382608,True,0.03240791518299413
4000,False,0,,False,0,D,884117,"[1.6416919845586602, -1.7080878592558901, 1.6416919845586602, -1.7080878592558901, 0.29636087807929584]","[1.6334328911022178, -1.695296650896758, 1.6334328911022178, -1.695296650896758, 0.3086428267804111]","[0.11126985155889989, 0.11126985155889989]",1.0769163338864017e-16,0.0474529566310675,True,D,D,"[0, 0]",True,0.0,7.706837198074173,0.131162809178898,0.0393488427536694,195.8593101789629,5.347096897257352,5.07963691573929,0.2225397031177997,,5.347096897257352,4526.0,0.0007793691656705,0.0037041895412628,0.0285475857453215,0.0285475857453215,5.499743604420349,65.38053436891748,0.005040242638846,3219.0,4.278012708543509,D,True,True,3.552713678800501e-15,0.0674655713046696,True,True,0.9857641130106796,0.4464623349836654,ok,,4722.0,4721.0,5.497541011855097,0.0281356626761171,195.0,True,ok,1.0,40000,6631a0133822b24c9247a073c67905da3d646701e321cdf6204554485b4f0480,2.3,0.0474529566310675,True,4725.0,0,5.5006023561501145,True,0.028708187235488403
4000,False,0,,False,0,D,884118,"[1.6416919845586602, -1.7080878592558901, 1.6416919845586602, -1.7080878592558901, 0.29636087807929584]","[1.6731890555136937, -1.6721690126751725, 1.6731890555136937, -1.6721690126751725, 0.28973947915806153]","[0.11126985155889989, 0.11126985155889989]",1.0817735596191368e-16,0.0484149251008494,True,D,D,"[0, 0]",True,0.0,8.786296268207288,0.1231463175435847,0.0369438952630754,237.82809597202908,5.8903622088524195,5.07963691573929,0.2225397031177997,,5.8903622088524195,5218.0,0.0007364950545585,0.0033844269876545,0.0297365782116492,0.0297365782116492,6.065521425370902,67.23939982408102,0.0046234721238653,3701.0,4.712559098031992,D,True,True,8.881784197001252e-15,0.0683645079198775,True,True,0.9854755224697452,0.4572019564823764,ok,,5455.0,5454.0,6.062846379285572,0.0292824387223475,236.0,True,ok,1.0,40000,5d37cdb0e15dc982cab26039301d7fd2f192136f72186d2f6e4c3b5e09fea8e5,2.5,0.0484149251008494,True,5459.0,0,6.066456059662065,True,0.029895249997530016
4000,False,0,,False,0,D,884119,"[1.6416919845586602, -1.7080878592558901, 1.6416919845586602, -1.7080878592558901, 0.29636087807929584]","[1.7092462663637755, -1.6487357593013023, 1.7092462663637755, -1.6487357593013023, 0.2326375518991877]","[0.11126985155889989, 0.11126985155889989]",1.0234001146525172e-16,0.0462833484676789,True,D,D,"[0, 0]",True,0.0,8.041157466758136,0.1083507802501963,0.0325052340750589,247.3803895148096,6.135065152996206,5.07963691573929,0.2225397031177997,,6.135065152996206,6141.0,0.0006406085035425,0.0032123305077746,0.0258308554482867,0.0258308554482867,6.293539134129071,83.25265693693056,0.0044089123945762,4328.0,4.9084764296865915,D,True,True,2.3092638912203256e-14,0.0683446820166704,True,True,0.9861149954596964,0.5091316453357546,ok,,6388.0,6387.0,6.29161921843982,0.0255179140790635,246.0,True,ok,1.0,40000,41afa689ec14c43b8e684933622d68bf3c1e574bb89e603e00fa985fdadfdd67,2.7,0.0462833484676788,True,6392.0,0,6.294766381497408,True,0.026030893644741093
