W_hold,init_placed,hold_n_G_pos,hold_first_G_pos,hold_G_positive,hold_n_undecided,arm,seed,z_init,z_release,v0,newton_grad,newton_lam,newton_ok,newton_type,copy_at_release,windings,on_branch,release_dist,kappa,lam_min_switch,eta_lam,lag_steps_pred,s_switch_frozen,s_pop_branch,s_min_after_release,s_switch_own_path,s_switch,t_sw,sdot,chi_tsw,r_cf,kc_tsw,pred_signed_s_cross_cf,chi_path_max_all,chi_window_max,t_follow,s_follow_run,copy_at_follow,follow_newton_ok,follow_copy_point_ok,follow_newton_dist,follow_state_dist,follows_branch,follow_duplicate,traj_radius_max,traj_max_abs_delta,traj_status,branch_lost_at,branch_steps_computed,t_traj,s_traj,r_traj,lag_steps_traj,l5_eligible,status,rho,budget,path_sha256,secs,min_lam_split_to_tsw
4000,False,0,,False,0,D,884000,"[1.6416919845586602, -1.7080878592558901, 1.6416919845586602, -1.7080878592558901, 0.29636087807929584]","[1.6429010864903937, -1.6823079222445383, 1.6429010864903937, -1.6823079222445383, 0.2682662137724595]","[0.11126985155889989, 0.11126985155889989]",1.083855227790309e-16,0.04760530553955544,True,D,D,"[0, 0]",True,0.0,8.51627358194979,0.11816719582534929,0.035450158747604786,240.23231158380065,5.626313012085639,5.07963691573929,0.22253970311779978,,5.626313012085639,5068.0,0.0007240598687224065,0.0036302154688014096,0.030915908093738915,0.030915908093738915,5.8002555880738855,73.31101444311197,0.004954683348640968,3591.0,4.501541329810735,D,True,True,1.7763568394002505e-14,0.07001398884576382,True,True,0.9857184083381334,0.4776886171524158,ok,,5309.0,5308.0,5.798181956254109,0.030547348467688584,240.0,True,ok,1.0,40000,0c86daba686a35fd6bf5356574852c3511e1e7f2d6c065a14bb8f2dd92664d72,3.6,0.0476053055395554
4000,False,0,,False,0,D,884001,"[1.6416919845586602, -1.7080878592558901, 1.6416919845586602, -1.7080878592558901, 0.29636087807929584]","[1.7221988262214105, -1.6687690964290811, 1.7221988262214105, -1.6687690964290811, 0.24903387680533964]","[0.11126985155889989, 0.11126985155889989]",1.0255685189974883e-16,0.046778019059181136,True,D,D,"[0, 0]",True,0.0,7.202496746490582,0.11439581130139123,0.03431874339041737,209.8706431221399,5.715035523520524,5.07963691573929,0.22253970311779978,,5.715035523520524,5484.0,0.0006758488896623583,0.0034458732047958846,0.024818890546361435,0.024818890546361435,5.856876364647347,80.91966645155667,0.004699462627141682,3877.0,4.572503694483568,D,True,True,1.5987211554602254e-14,0.06772499530223186,True,True,0.9859665942822456,0.49607293285210236,ok,,5693.0,5692.0,5.854776577795632,0.024451476058197086,208.0,True,ok,1.0,40000,ec84c2e95c9af875cd65d2a1b6c39a539f0af54981d690a993dc8d9fb58cb38b,50.3,0.046778019059181136
4000,False,0,,False,0,D,884002,"[1.6416919845586602, -1.7080878592558901, 1.6416919845586602, -1.7080878592558901, 0.29636087807929584]","[1.6810686993966082, -1.69134185164399, 1.6810686993966082, -1.69134185164399, 0.26264570138727383]","[0.11126985155889989, 0.11126985155889989]",9.936496070395151e-17,0.04716286730551277,True,D,D,"[0, 0]",True,0.0,7.895404563966318,0.11807339585348225,0.03542201875604468,222.89538657699987,5.369493648499046,5.07963691573929,0.22253970311779978,,5.369493648499046,4718.0,0.0007372609910949012,0.003876275301984496,0.03060476171047831,0.03060476171047831,5.533825722117286,72.99802743670665,0.005316192184280915,3332.0,4.295642265740813,D,True,True,2.4868995751603507e-14,0.07178662774239442,True,True,0.9858511398083462,0.4761349223044372,ok,,4941.0,4940.0,5.531560299977554,0.030182855607588044,222.0,True,ok,1.0,40000,e90ecf4633040c4957bd0c7a04982ac37d77ba79285db30a9e2e6ca9a33ab401,2.4,0.04716286730551275
4000,False,0,,False,0,D,884003,"[1.6416919845586602, -1.7080878592558901, 1.6416919845586602, -1.7080878592558901, 0.29636087807929584]","[1.6877697203482884, -1.670157744119518, 1.6877697203482884, -1.670157744119518, 0.25917022870770196]","[0.11126985155889989, 0.11126985155889989]",9.956445390368885e-17,0.04730160400966163,True,D,D,"[0, 0]",True,0.0,8.44053774445069,0.11548365560884458,0.03464509668265337,243.62863875847765,5.95577916565167,5.07963691573929,0.22253970311779978,,5.95577916565167,5637.0,0.000685706550283447,0.0033232111345708336,0.028049689014123923,0.028049689014123923,6.122836919084998,76.02177669263413,0.004542414487119413,3989.0,4.764765298028942,D,True,True,1.4210854715202004e-14,0.06807060527530773,True,True,0.9858095187971015,0.48585773500541957,ok,,5880.0,5879.0,6.12058060221783,0.027670844062957833,242.0,True,ok,1.0,40000,63e31a3b136f0244da8c6a184cd47c06f90ce6f4b6a6d3ca07c975943f7bdefb,3.3,0.047301604009661574
4000,False,0,,False,0,D,884004,"[1.6416919845586602, -1.7080878592558901, 1.6416919845586602, -1.7080878592558901, 0.29636087807929584]","[1.691133491342822, -1.7093153454011598, 1.691133491342822, -1.7093153454011598, 0.2654963158431343]","[0.11126985155889989, 0.11126985155889989]",1.0098692715398983e-16,0.04665518603535063,True,D,D,"[0, 0]",True,0.0,7.334894854728482,0.11991070149461727,0.03597321044838518,203.8988114572838,5.22571748096352,5.07963691573929,0.22253970311779978,,5.22571748096352,4625.0,0.0007323086932147848,0.0038955525262635727,0.028573468181215218,0.028573468181215218,5.375034353129852,75.16314101329046,0.00533079554994806,3266.0,4.1808773532016525,D,True,True,1.5987211554602254e-14,0.0699796098136165,True,True,0.9860034441893948,0.4779548121564464,ok,,4829.0,4828.0,5.373063473289638,0.02819631808701417,203.0,True,ok,1.0,40000,38052ee2a6e2d1cd31c750f099fac958e560b01dfaeb889d3a8b15377a79e11b,2.8,0.04665518603535061
4000,False,0,,False,0,D,884005,"[1.6416919845586602, -1.7080878592558901, 1.6416919845586602, -1.7080878592558901, 0.29636087807929584]","[1.6925855936129397, -1.7083309131135298, 1.6925855936129397, -1.7083309131135298, 0.2758000792643165]","[0.11126985155889989, 0.11126985155889989]",1.04638520070921e-16,0.04756396503886921,True,D,D,"[0, 0]",True,0.0,7.836393567401108,0.12181314884469244,0.03654394465340773,214.4375392892995,5.3696032016231054,5.07963691573929,0.22253970311779978,,5.3696032016231054,4712.0,0.0007433047788148351,0.0037879942117906343,0.029684213474628757,0.029684213474628757,5.528995649334135,72.23997003382509,0.005172182887834524,3337.0,4.296359696676478,D,True,True,1.5987211554602254e-14,0.0697276922697796,True,True,0.9857308104883392,0.4713973642416731,ok,,4946.0,4945.0,5.541036674271292,0.03192665569708519,233.0,True,ok,1.0,40000,cdeefd98a475e859ef2c006a995a182e2013b70216e0b62894aebb4aabf4b7b3,2.8,0.047563965038869144
4000,False,0,,False,0,D,884006,"[1.6416919845586602, -1.7080878592558901, 1.6416919845586602, -1.7080878592558901, 0.29636087807929584]","[1.6103263697356935, -1.6680578197132376, 1.6103263697356935, -1.6680578197132376, 0.32003534353741564]","[0.11126985155889989, 0.11126985155889989]",1.0895798152610326e-16,0.04670925176945944,True,D,D,"[0, 0]",True,0.0,7.444958328883051,0.1341679703481778,0.04025039110445334,184.9661114984628,5.513598802707979,5.07963691573929,0.22253970311779978,,5.513598802707979,4742.0,0.0007699165536917896,0.0034692723211572985,0.025828587862563465,0.025828587862563465,5.656007273822647,63.78978001599011,0.004706777346455248,3379.0,4.411463847933632,D,True,True,1.7763568394002505e-15,0.06495908305790721,True,True,0.9859872244691622,0.44153052727936865,ok,,4927.0,4926.0,5.654015032353472,0.025467255538529132,184.0,True,ok,1.0,40000,c9609ab32f3756310ec4e56262a1d368c8bce51a50caf889a0b8f3c8a0d95e13,58.3,0.04670925176945941
4000,False,0,,False,0,D,884007,"[1.6416919845586602, -1.7080878592558901, 1.6416919845586602, -1.7080878592558901, 0.29636087807929584]","[1.6548058812532132, -1.682988833192139, 1.6548058812532132, -1.682988833192139, 0.27063164327743117]","[0.11126985155889989, 0.11126985155889989]",9.978129433818595e-17,0.047912817678992824,True,D,D,"[0, 0]",True,0.0,8.955214965044423,0.11703505903456547,0.03511051771036964,255.05790142193104,6.051421239514673,5.07963691573929,0.22253970311779978,,6.051421239514673,5664.0,0.000697377487307218,0.0032822624544155314,0.029393365850985405,0.029393365850985405,6.229292877926152,74.44688337852546,0.004476587776603508,4019.0,4.841571758989138,D,True,True,1.0658141036401503e-14,0.06807870498184343,True,True,0.9856261546963021,0.48283004125728113,ok,,5919.0,5918.0,6.226784666529134,0.028978882823322616,254.0,True,ok,1.0,40000,01c5c0abf2360f1b1250e50bc6b7997edfd679dd0cff5abc067966d7a234883b,2.7,0.04791281767899281
4000,False,0,,False,0,D,884008,"[1.6416919845586602, -1.7080878592558901, 1.6416919845586602, -1.7080878592558901, 0.29636087807929584]","[1.5990479557856607, -1.7371037543032668, 1.5990479557856607, -1.7371037543032668, 0.3187335018300553]","[0.11126985155889989, 0.11126985155889989]",1.0935696792557792e-16,0.04850577765017338,True,D,D,"[0, 0]",True,0.0,7.001519876219595,0.13652723414815093,0.04095817024444528,170.94318018684285,4.613429753537358,5.07963691573929,0.22253970311779978,,4.613429753537358,3583.0,0.0008476336356571945,0.004485839418941765,0.031407693853250124,0.031407693853250124,4.758326942849934,63.74384587726431,0.006107006204122287,2541.0,3.6909514658632685,D,True,True,7.105427357601002e-15,0.07034654075527769,True,True,0.985448266704948,0.45019268414302227,ok,,3754.0,3753.0,4.756616709526736,0.031036986285439605,170.0,True,ok,1.0,40000,d688422f8aeba8fd05635bd73df89ca03246f1a4c06da31b6cabaf675e5b1b15,2.4,0.048505777650173325
4000,False,0,,False,0,D,884009,"[1.6416919845586602, -1.7080878592558901, 1.6416919845586602, -1.7080878592558901, 0.29636087807929584]","[1.6393852680375356, -1.7355492126030703, 1.6393852680375356, -1.7355492126030703, 0.28886007258858765]","[0.11126985155889989, 0.11126985155889989]",9.776901510605285e-17,0.04812433258849115,True,D,D,"[0, 0]",True,0.0,7.49772319729137,0.12617192472626598,0.03785157741787979,198.08218596854834,4.777143398564802,5.07963691573929,0.22253970311779978,,4.777143398564802,3807.0,0.0008190819944847227,0.004529759226458584,0.03396288083036313,0.03396288083036313,4.939388950519815,67.34785324526655,0.0061987521345180175,2693.0,3.822504114721469,D,True,True,2.3092638912203256e-14,0.0741678031896047,True,True,0.9855627002234526,0.4557599145448091,ok,,4005.0,4004.0,4.93703106009062,0.033469303344306756,197.0,True,ok,1.0,40000,9e09efa8c2f9110eff3660d804fc672453d26e6f62e752574b214fa83ceddf87,2.9,0.048124332588491144
4000,False,0,,False,0,D,884010,"[1.6416919845586602, -1.7080878592558901, 1.6416919845586602, -1.7080878592558901, 0.29636087807929584]","[1.6859003787705473, -1.7390700011260085, 1.6859003787705473, -1.7390700011260085, 0.26472428613621013]","[0.11126985155889989, 0.11126985155889989]",9.915679388683429e-17,0.048124214253698075,True,D,D,"[0, 0]",True,0.0,7.475654895824886,0.11898956070151112,0.035696868210453335,209.42046937427816,4.974477097296536,5.07963691573929,0.22253970311779978,,4.974477097296536,4160.0,0.0007727622547873292,0.00435179420421439,0.032532511648357666,0.032532511648357666,5.136309331408825,73.29926650807211,0.005974431643682168,2933.0,3.9802140899653105,D,True,True,3.730349362740526e-14,0.07477244679395056,True,True,0.9855627357238906,0.47926751309045307,ok,,4373.0,4372.0,5.136596330227376,0.03259020591710948,212.0,True,ok,1.0,40000,73c6fac734cf9cc2347f23e197d5684d109b91a7a1e6af22f3f0323056ac16cf,2.7,0.048124214253698054
4000,False,0,,False,0,D,884011,"[1.6416919845586602, -1.7080878592558901, 1.6416919845586602, -1.7080878592558901, 0.29636087807929584]","[1.6672758665029075, -1.680901936121072, 1.6672758665029075, -1.680901936121072, 0.302501711544616]","[0.11126985155889989, 0.11126985155889989]",1.0103029524088925e-16,0.046992158405785855,True,D,D,"[0, 0]",True,0.0,7.5169133505247245,0.12897311758715418,0.038691935276146255,194.2759724184418,5.474538221044515,5.07963691573929,0.22253970311779978,,5.474538221044515,4687.0,0.0007700402985372712,0.003635343966429241,0.02732656559500147,0.02732656559500147,5.624138548844231,65.87673433634271,0.004944153813103889,3333.0,4.3796611302181905,D,True,True,5.329070518200751e-15,0.06777344919328421,True,True,0.9859023524782642,0.44378676307249787,ok,,4881.0,4880.0,5.622112606313363,0.026956499216967966,193.0,True,ok,1.0,40000,fc53aa8b84f6cad919087e13918c3e74cf40d2a20984049a5c035679079fd4a5,2.6,0.04699215840578581
4000,False,0,,False,0,D,884012,"[1.6416919845586602, -1.7080878592558901, 1.6416919845586602, -1.7080878592558901, 0.29636087807929584]","[1.5298325522160114, -1.7568973089478164, 1.5298325522160114, -1.7568973089478164, 0.3498630915815543]","[0.11126985155889989, 0.11126985155889989]",9.471590178833367e-17,0.04767569426280876,True,D,D,"[0, 0]",True,0.0,8.27957861422213,0.14171548751307275,0.042514646253921824,194.74650135324526,4.398432982609495,5.07963691573929,0.22253970311779978,,4.398432982609495,3141.0,0.0009313437473346031,0.004980505846238451,0.04123648969252417,0.04123648969252417,4.579808918960129,54.250338638517114,0.006787375865291769,2236.0,3.5194031649593414,D,True,True,7.105427357601002e-15,0.07397468024983134,True,True,0.9856972917211563,0.40190318693172533,ok,,3337.0,3336.0,4.577722132683983,0.040762051117605225,195.0,True,ok,1.0,40000,751146083e1f270eb9cb00aee592021a153ce9c208d5c632f15ed792cb9388a7,47.8,0.047675694262812464
4000,False,0,,False,0,D,884013,"[1.6416919845586602, -1.7080878592558901, 1.6416919845586602, -1.7080878592558901, 0.29636087807929584]","[1.642316662823666, -1.7377318636062218, 1.642316662823666, -1.7377318636062218, 0.31539874261929757]","[0.11126985155889989, 0.11126985155889989]",1.1018963519404679e-16,0.04739977648360919,True,D,D,"[0, 0]",True,0.0,8.278252404354838,0.1322229264518833,0.03966687793556499,208.69432723699754,4.9623023302711085,5.07963691573929,0.22253970311779978,,4.9623023302711085,3960.0,0.000825654623562615,0.004194567399573055,0.03472368766074406,0.03472368766074406,5.134611766465625,62.285650258961134,0.005727129953409174,2813.0,3.97005968638338,D,True,True,8.881784197001252e-15,0.07092262952961548,True,True,0.9857800670549173,0.4294337464332939,ok,,4172.0,4171.0,5.134410225445175,0.03468307324287201,211.0,True,ok,1.0,40000,d2b7295604a90ff6fe0031173ce504e345dd8bb61b0973c538cce8d514be1e05,2.2,0.047399776483609116
4000,False,0,,False,0,D,884014,"[1.6416919845586602, -1.7080878592558901, 1.6416919845586602, -1.7080878592558901, 0.29636087807929584]","[1.683117847216063, -1.7115205222148437, 1.683117847216063, -1.7115205222148437, 0.2515572785083904]","[0.11126985155889989, 0.11126985155889989]",1.0189765697887765e-16,0.047256765857290765,True,D,D,"[0, 0]",True,0.0,7.306754192815137,0.11673839838391008,0.03502151951517302,208.63612698613767,5.065824903881969,5.07963691573929,0.22253970311779978,,5.065824903881969,4452.0,0.0007336781820700722,0.004135427813171321,0.030216554512973882,0.030216554512973882,5.218896678243299,78.27704953172521,0.005663441213833817,3135.0,4.052726571876963,D,True,True,3.197442310920451e-14,0.07219984439589844,True,True,0.9858229702428127,0.490956460183587,ok,,4660.0,4659.0,5.21667276095066,0.0297775505333977,207.0,True,ok,1.0,40000,de4c86e664738a7adf4857dcfa4740c0d58718404689d2db9f50bfbb8986199e,3.1,0.047256765857290724
4000,False,0,,False,0,D,884015,"[1.6416919845586602, -1.7080878592558901, 1.6416919845586602, -1.7080878592558901, 0.29636087807929584]","[1.5698256930625503, -1.7708970564624327, 1.5698256930625503, -1.7708970564624327, 0.3478298217874503]","[0.11126985155889989, 0.11126985155889989]",1.0044916287643702e-16,0.04707537365151601,True,D,D,"[0, 0]",True,0.0,8.175958149992478,0.1404569792406031,0.04213709377218093,194.03232207225162,4.3904550699247356,5.07963691573929,0.22253970311779978,,4.3904550699247356,3155.0,0.0009252014165165434,0.00500106124604024,0.04088846745317424,0.04088846745317424,4.569974049155976,54.06270360743851,0.006824500731612438,2245.0,3.512947099044581,D,True,True,8.881784197001252e-15,0.07422473354539605,True,True,0.9858773879045452,0.3950490402795709,ok,,3349.0,3348.0,4.5673999811320325,0.040302180158816814,193.0,True,ok,1.0,40000,06a1151b5e452e50bbf61e82add56bf013107fbaf64dc4e8f98154f7622285e2,2.4,0.04707537365151603
4000,False,0,,False,0,D,884016,"[1.6416919845586602, -1.7080878592558901, 1.6416919845586602, -1.7080878592558901, 0.29636087807929584]","[1.633335579800878, -1.701059797679739, 1.633335579800878, -1.701059797679739, 0.2902509122221399]","[0.11126985155889989, 0.11126985155889989]",1.1074474670635937e-16,0.04794816652195436,True,D,D,"[0, 0]",True,0.0,7.1598020603777055,0.12822985042429252,0.038468955127287756,186.11896363410548,4.93504219650573,5.07963691573929,0.22253970311779978,,4.93504219650573,4087.0,0.000789562435305795,0.004158964535969508,0.02977736285367229,0.02977736285367229,5.081994738689265,68.3797130016448,0.005675443647107417,2893.0,3.948217176579801,D,True,True,1.4210854715202004e-14,0.07024426693472208,True,True,0.9856155500434137,0.45424613760466936,ok,,4273.0,4272.0,5.080157478900853,0.029405074286471544,185.0,True,ok,1.0,40000,bc4c453d8f4bd9c01ce957a592b3efb27e676be8ac9ad455e1d17c309de0ff66,2.7,0.047948166521954334
4000,False,0,,False,0,D,884017,"[1.6416919845586602, -1.7080878592558901, 1.6416919845586602, -1.7080878592558901, 0.29636087807929584]","[1.6453203532925404, -1.7127236128640122, 1.6453203532925404, -1.7127236128640122, 0.30580703183286856]","[0.11126985155889989, 0.11126985155889989]",1.0286910212542466e-16,0.04854829362988692,True,D,D,"[0, 0]",True,0.0,6.828604929599814,0.13231401487096284,0.03969420446128885,172.03027550934556,4.846204952107476,5.07963691573929,0.22253970311779978,,4.846204952107476,3873.0,0.0008193847254889253,0.00425950354861163,0.029086466929697276,0.029086466929697276,4.987163932181485,65.09319999987075,0.00582346357772424,2744.0,3.877220515921033,D,True,True,1.0658141036401503e-14,0.07083291738881137,True,True,0.9854355119110338,0.44905782466557576,ok,,4045.0,4044.0,4.984839981193549,0.028606926544818334,171.0,True,ok,1.0,40000,d9ac3fcecd60fe6b8ccf460ef1cc96e08c130bf5a6011bced2bbb0ff5256b2c5,47.5,0.048548293629886906
4000,False,0,,False,0,D,884018,"[1.6416919845586602, -1.7080878592558901, 1.6416919845586602, -1.7080878592558901, 0.29636087807929584]","[1.6674175169430032, -1.7389314427301068, 1.6674175169430032, -1.7389314427301068, 0.3067887434624702]","[0.11126985155889989, 0.11126985155889989]",1.0491607582707729e-16,0.04787561429670533,True,D,D,"[0, 0]",True,0.0,8.243115332208356,0.1324053512249743,0.03972160536749229,207.52221004024244,4.940730967817744,5.07963691573929,0.22253970311779978,,4.940730967817744,4058.0,0.0008005742426575857,0.004079280923233468,0.03362598312269086,0.03362598312269086,5.106867903955339,65.73337098424133,0.005552068700483743,2879.0,3.9528127523620067,D,True,True,7.105427357601002e-15,0.06859947072004324,True,True,0.9856373157109883,0.44950897648598787,ok,,4269.0,4268.0,5.107396820238708,0.03373303535581451,210.0,True,ok,1.0,40000,0d70673f6b8108b6f435213c347c9a44492ba2f2c0566a70bd1e5dfaeb0f5633,2.3,0.0478756142967053
4000,False,0,,False,0,D,884019,"[1.6416919845586602, -1.7080878592558901, 1.6416919845586602, -1.7080878592558901, 0.29636087807929584]","[1.6429308664694746, -1.672487125585361, 1.6429308664694746, -1.672487125585361, 0.29596117873593136]","[0.11126985155889989, 0.11126985155889989]",1.0852430065710906e-16,0.04758979635521982,True,D,D,"[0, 0]",True,0.0,7.3887883468978695,0.1280051267334873,0.038401538020046186,192.4086567324676,5.466758109981621,5.07963691573929,0.22253970311779978,,5.466758109981621,4744.0,0.0007549774510478801,0.0035962966145453505,0.026572274517540944,0.026572274517540944,5.612022307201046,67.55194106422366,0.00490664162081255,3366.0,4.373420089869812,D,True,True,7.105427357601002e-15,0.06734380454333255,True,True,0.985723061093434,0.45093381395952464,ok,,4936.0,4935.0,5.609801743338662,0.026166080605589892,191.0,True,ok,1.0,40000,f0fd5b930fbc775baee7a95ba58a1912e66a22032656733e98552d11e5ca6142,2.4,0.047589796355219795
4000,False,0,,False,0,D,884020,"[1.6416919845586602, -1.7080878592558901, 1.6416919845586602, -1.7080878592558901, 0.29636087807929584]","[1.6834173502622531, -1.651063537359336, 1.6834173502622531, -1.651063537359336, 0.2656426809615064]","[0.11126985155889989, 0.11126985155889989]",1.1084828801383173e-16,0.047052469030352054,True,D,D,"[0, 0]",True,0.0,8.136801985976511,0.11745280109623993,0.035235840328871976,230.92402253024397,6.002185933846248,5.07963691573929,0.22253970311779978,,6.002185933846248,5640.0,0.0006918384984899895,0.003271226737849706,0.026617324217114952,0.026617324217114952,6.1619480628588414,73.79252943192353,0.004465483615243129,3995.0,4.801792925492517,D,True,True,8.881784197001252e-15,0.06738939637932972,True,True,0.9858842592908944,0.47720493732464775,ok,,5871.0,5870.0,6.159748658955475,0.02625089039990125,230.0,True,ok,1.0,40000,2695ce57233f08a5a9423ed2e729c64b9351c7c3ca6038635443dcdfa910bb44,3.5,0.047052469030352005
4000,False,0,,False,0,D,884021,"[1.6416919845586602, -1.7080878592558901, 1.6416919845586602, -1.7080878592558901, 0.29636087807929584]","[1.6742685314374681, -1.7063721925467217, 1.6742685314374681, -1.7063721925467217, 0.27517004369505194]","[0.11126985155889989, 0.11126985155889989]",9.534040223968532e-17,0.047502730417897335,True,D,D,"[0, 0]",True,0.0,7.7699291793723075,0.12194776394585807,0.03658432918375742,212.38408227591538,5.282436563000869,5.07963691573929,0.22253970311779978,,5.282436563000869,4564.0,0.0007511295617310231,0.0038867398054831213,0.030199693027251152,0.030199693027251152,5.441964525639423,71.32714145960986,0.005324592223247697,3226.0,4.2266792200574015,D,True,True,1.5987211554602254e-14,0.07062810746868387,True,True,0.9857491808746308,0.46951268143308067,ok,,4776.0,4775.0,5.439498303441698,0.02973282093739038,211.0,True,ok,1.0,40000,01efc7b94f69ec3f67b7ad089466920c8e50eadc867e69f5e62b6cdbdc0c0966,2.8,0.04750273041789728
4000,False,0,,False,0,D,884022,"[1.6416919845586602, -1.7080878592558901, 1.6416919845586602, -1.7080878592558901, 0.29636087807929584]","[1.618065284942712, -1.7428178787897093, 1.618065284942712, -1.7428178787897093, 0.3294993108808167]","[0.11126985155889989, 0.11126985155889989]",9.846290449644357e-17,0.046877742919809576,True,D,D,"[0, 0]",True,0.0,7.177507243778481,0.1383694491084301,0.04151083473252903,172.90683962454722,4.60635422785195,5.07963691573929,0.22253970311779978,,4.60635422785195,3552.0,0.0008599149331514688,0.004497142945659035,0.03227827606877502,0.03227827606877502,4.755039401289125,60.206449206111124,0.006118140354229056,2527.0,3.6859426175649483,D,True,True,7.105427357601002e-15,0.07019947503060386,True,True,0.9859366771240571,0.42495083933615496,ok,,3725.0,3724.0,4.75265341172462,0.03176029819593196,172.0,True,ok,1.0,40000,035142e2e212bed4ee5fb27c1fa21cb3d7797f515ac7e9a39b0611ef924b0292,2.4,0.04687774291980959
4000,False,0,,False,0,D,884023,"[1.6416919845586602, -1.7080878592558901, 1.6416919845586602, -1.7080878592558901, 0.29636087807929584]","[1.6438181111223766, -1.698317058633841, 1.6438181111223766, -1.698317058633841, 0.27822254303938077]","[0.11126985155889989, 0.11126985155889989]",1.1043249648068353e-16,0.04752974965692802,True,D,D,"[0, 0]",True,0.0,7.514802831960153,0.12383873885665088,0.03715162165699526,202.2738846056588,5.03568630309034,5.07963691573929,0.22253970311779978,,5.03568630309034,4236.0,0.0007741957443969483,0.004138227252220408,0.031097961874280603,0.031097961874280603,5.19228588375468,69.95838531501488,0.005658487980134517,2995.0,4.028641456672873,D,True,True,1.9539925233402755e-14,0.07148910981111278,True,True,0.9857410751029216,0.46260399860649226,ok,,4439.0,4438.0,5.190575073380913,0.030758224593045114,202.0,True,ok,1.0,40000,060bb29e716e3a445f413bec777184ec6ed13e2d12245b63884a761f796088c0,54.6,0.04752974965692797
4000,False,0,,False,0,D,884024,"[1.6416919845586602, -1.7080878592558901, 1.6416919845586602, -1.7080878592558901, 0.29636087807929584]","[1.708425664216519, -1.7175780106698202, 1.708425664216519, -1.7175780106698202, 0.2641892376236507]","[0.11126985155889989, 0.11126985155889989]",1.0734468869344483e-16,0.047800845580739326,True,D,D,"[0, 0]",True,0.0,8.151258052053802,0.11950484699167145,0.035851454097501435,227.36199290231522,5.322468029857599,5.07963691573929,0.22253970311779978,,5.322468029857599,4754.0,0.0007245447067057232,0.003797041568256461,0.030950665657233475,0.030950665657233475,5.487201958321035,76.63482079999952,0.005184594332508633,3357.0,4.258770677668185,D,True,True,1.5987211554602254e-14,0.06941195044885085,True,True,0.9856597463257782,0.48629686518657944,ok,,4985.0,4984.0,5.487552409061743,0.031016509310730633,230.0,True,ok,1.0,40000,de259c31c79ee38b0724adb8f84fc21ea320a71c5d74aeb412f23809eb5f73b7,2.4,0.04780084558073929
4000,False,0,,False,0,D,884025,"[1.6416919845586602, -1.7080878592558901, 1.6416919845586602, -1.7080878592558901, 0.29636087807929584]","[1.5980849970432431, -1.731019317312078, 1.5980849970432431, -1.731019317312078, 0.30217832067926775]","[0.11126985155889989, 0.11126985155889989]",1.021405182655144e-16,0.046783558461255884,True,D,D,"[0, 0]",True,0.0,6.805826749391384,0.13214616491603426,0.039643849474810276,171.6742152831503,4.520348380757264,5.07963691573929,0.22253970311779978,,4.520348380757264,3599.0,0.0008252511891693892,0.00460509329883508,0.0313414671566548,0.0313414671566548,4.662022731069405,66.85063892899038,0.006268247430988833,2549.0,3.6163804860332727,D,True,True,1.0658141036401503e-14,0.07072812080521551,True,True,0.9859649324616232,0.4463535028677407,ok,,3771.0,3770.0,4.660482088388832,0.031000643275218565,171.0,True,ok,1.0,40000,1781f3bffaa3e1f566c3c4ffc2170010696bbaeed98f95e74b827c94d490329a,2.9,0.046783558461255835
4000,False,0,,False,0,D,884026,"[1.6416919845586602, -1.7080878592558901, 1.6416919845586602, -1.7080878592558901, 0.29636087807929584]","[1.6221891790597807, -1.7145786524849516, 1.6221891790597807, -1.7145786524849516, 0.32730087798967405]","[0.11126985155889989, 0.11126985155889989]",1.0867717316342951e-16,0.04670359283027558,True,D,D,"[0, 0]",True,0.0,7.635818155635876,0.13601812449311895,0.04080543734793569,187.12746760995483,4.901769142311508,5.07963691573929,0.22253970311779978,,4.901769142311508,3808.0,0.0008527301916065256,0.004263249495701058,0.03255339790127963,0.03255339790127963,5.061338383621388,58.753823248265434,0.005814407588871793,2710.0,3.9222834096071244,D,True,True,7.105427357601002e-15,0.07113693638249252,True,True,0.9859889221509174,0.4141308858391822,ok,,3995.0,3994.0,5.059291232606111,0.03213576276673069,186.0,True,ok,1.0,40000,3e60d5f1aed0f494bea5150cea214d25eb3a37f2f554b0ffc4b0026d67ec41bb,2.9,0.046703592830275524
4000,False,0,,False,0,D,884027,"[1.6416919845586602, -1.7080878592558901, 1.6416919845586602, -1.7080878592558901, 0.29636087807929584]","[1.6428110606826873, -1.7269440778933447, 1.6428110606826873, -1.7269440778933447, 0.3162940751273017]","[0.11126985155889989, 0.11126985155889989]",1.0921819004749978e-16,0.048414257520580976,True,D,D,"[0, 0]",True,0.0,7.6157512761947705,0.13330884842253513,0.039992654526760534,190.42875163734868,4.979674225548422,5.07963691573929,0.22253970311779978,,4.979674225548422,3967.0,0.0008270530882077676,0.004152907178482396,0.03162750814444573,0.03162750814444573,5.137168912673641,62.59903522329941,0.005670676886597985,2818.0,3.984388507941612,D,True,True,7.105427357601002e-15,0.07067719483021051,True,True,0.9854757227438283,0.4386561669724209,ok,,4157.0,4156.0,5.134680994579466,0.031127893514755645,189.0,True,ok,1.0,40000,1ff94c8f1838bb8791cc593f7efb562aa30d2e0dc6086d0c81a785393513eb29,2.7,0.04841425752057233
4000,False,0,,False,0,D,884028,"[1.6416919845586602, -1.7080878592558901, 1.6416919845586602, -1.7080878592558901, 0.29636087807929584]","[1.5699651435537738, -1.7459986063945347, 1.5699651435537738, -1.7459986063945347, 0.3314890645072653]","[0.11126985155889989, 0.11126985155889989]",9.679756995950583e-17,0.04706912795025461,True,D,D,"[0, 0]",True,0.0,7.618231539400226,0.13696214418918393,0.041088643256755174,185.4096639744305,4.374772290205714,5.07963691573929,0.22253970311779978,,4.374772290205714,3135.0,0.00092034591261414,0.005120045661706958,0.039005693343185245,0.039005693343185245,4.545413316603742,55.31721676428837,0.007005492040649471,2225.0,3.5005184192418763,D,True,True,1.2434497875801753e-14,0.07616280263689035,True,True,0.9858792616149236,0.4018263752812825,ok,,3321.0,3320.0,4.542930953078296,0.03843826643253134,185.0,True,ok,1.0,40000,504685afb8fb78c61283146ba04f4b7f3e43a98c36027cd2f67740539e13f513,2.1,0.04706912795025477
4000,False,0,,False,0,D,884029,"[1.6416919845586602, -1.7080878592558901, 1.6416919845586602, -1.7080878592558901, 0.29636087807929584]","[1.6769362146272093, -1.684749950812805, 1.6769362146272093, -1.684749950812805, 0.28427315616880794]","[0.11126985155889989, 0.11126985155889989]",1.099120794378905e-16,0.047789843314934556,True,D,D,"[0, 0]",True,0.0,8.083756039876208,0.12344027218436082,0.03703208165530825,218.2906193370166,5.442967471639843,5.07963691573929,0.22253970311779978,,5.442967471639843,4646.0,0.0007635316058838537,0.003788027775823876,0.030621492412035097,0.030621492412035097,5.609639258771617,67.14405407118174,0.005187658170722437,3290.0,4.354484324264523,D,True,True,1.2434497875801753e-14,0.07087494325387667,True,True,0.9856630470055197,0.45618514814281247,ok,,4864.0,4863.0,5.6071963594551075,0.03017267486365971,217.0,True,ok,1.0,40000,df7de7e9419a8a79c415fd07dffaef9505c3b5237b50e79a01df790d32ab574b,861.0,0.04778984331493452
4000,False,0,,False,0,D,884030,"[1.6416919845586602, -1.7080878592558901, 1.6416919845586602, -1.7080878592558901, 0.29636087807929584]","[1.6272596551291973, -1.7173586859446683, 1.6272596551291973, -1.7173586859446683, 0.3084741512103284]","[0.11126985155889989, 0.11126985155889989]",9.457712391025553e-17,0.047601908616773235,True,D,D,"[0, 0]",True,0.0,7.367329984808553,0.13217481272392542,0.03965244381717763,185.7976274747785,4.851123583992063,5.07963691573929,0.22253970311779978,,4.851123583992063,3869.0,0.000823442193799302,0.004280759407729328,0.03153776714231558,0.03153776714231558,5.0041171899626,63.53329451369395,0.005844474741454092,2744.0,3.8811827019546015,D,True,True,8.881784197001252e-15,0.07088311980577089,True,True,0.985719427414968,0.43488240600262806,ok,,4055.0,4054.0,5.001799242864915,0.03105995059991007,185.0,True,ok,1.0,40000,95decacccf0f4090c12c53908b96199ea94a118c44f7df816eb17364853a970e,2.1,0.047601908616773186
4000,False,0,,False,0,D,884031,"[1.6416919845586602, -1.7080878592558901, 1.6416919845586602, -1.7080878592558901, 0.29636087807929584]","[1.6387354979068574, -1.720381886517101, 1.6387354979068574, -1.720381886517101, 0.30103035200412726]","[0.11126985155889989, 0.11126985155889989]",1.1018963519404679e-16,0.04756467571618077,True,D,D,"[0, 0]",True,0.0,7.448248344594263,0.1300344021716655,0.039010320651499654,190.93020052650948,4.888877392774283,5.07963691573929,0.22253970311779978,,4.888877392774283,3979.0,0.0008078589183207097,0.0042359113041126,0.031550119358704797,0.031550119358704797,5.043122058046386,65.84957011000472,0.005774808351403047,2823.0,3.9117208465640374,D,True,True,1.2434497875801753e-14,0.0706311514842799,True,True,0.9857305972851459,0.44322576470239144,ok,,4170.0,4169.0,5.040905876241523,0.03109680837812312,190.0,True,ok,1.0,40000,5c1d4426798a2f4dd5bc090df62277438bdfbd6ffe05694a4dfb6b21026ce67d,2.8,0.047564675716180144
4000,False,0,,False,0,D,884032,"[1.6416919845586602, -1.7080878592558901, 1.6416919845586602, -1.7080878592558901, 0.29636087807929584]","[1.6089294568296402, -1.7732099431008943, 1.6089294568296402, -1.7732099431008943, 0.342933745016969]","[0.11126985155889989, 0.11126985155889989]",1.0769163338864018e-16,0.04765057223585594,True,D,D,"[0, 0]",True,0.0,7.7522266758720475,0.14160696910659545,0.04248209073197864,182.48223056584442,4.515975736415641,5.07963691573929,0.22253970311779978,,4.515975736415641,3370.0,0.0008904655403574858,0.004641513688350535,0.03598206623125628,0.03598206623125628,4.678469874462095,58.00595441986487,0.006318016311066079,2398.0,3.6130919581621024,D,True,True,5.329070518200751e-15,0.07096175266135951,True,True,0.9857048283292432,0.42305689616877123,ok,,3555.0,3554.0,4.678594474329944,0.036009657138541984,184.0,True,ok,1.0,40000,d19608c95ae7bc34f83c248c5611a6a9b9ff878179a3378bc25adfea5882eb56,2.5,0.0476505722358559
4000,False,0,,False,0,D,884033,"[1.6416919845586602, -1.7080878592558901, 1.6416919845586602, -1.7080878592558901, 0.29636087807929584]","[1.724505120315655, -1.6657778801512777, 1.724505120315655, -1.6657778801512777, 0.2493248403666263]","[0.11126985155889989, 0.11126985155889989]",1.0894063429134348e-16,0.04538749035294971,True,D,D,"[0, 0]",True,0.0,7.403585943431231,0.11337642490155514,0.03401292747046654,217.6697654108066,6.124744029034462,5.07963691573929,0.22253970311779978,,6.124744029034462,6282.0,0.0006339777179677952,0.003043280885799125,0.022531191588015347,0.022531191588015347,6.26274181018019,83.96370687159379,0.004135344696236737,4449.0,4.8998059839911505,D,True,True,6.208367153703875e-13,0.06373920127405164,True,True,0.9863837528941151,0.4995435138150317,ok,,6500.0,6499.0,6.261126347963178,0.02226743163178635,217.0,True,ok,1.0,40000,9b0c5b2a38739acd156f2714ca21be9aae7252aa48ab28e84d68766f326a5cdd,4.4,0.04538749035294968
4000,False,0,,False,0,D,884034,"[1.6416919845586602, -1.7080878592558901, 1.6416919845586602, -1.7080878592558901, 0.29636087807929584]","[1.7243538626513133, -1.6139603238794868, 1.7243538626513133, -1.6139603238794868, 0.2516385599795181]","[0.11126985155889989, 0.11126985155889989]",1.0658141036401502e-16,0.04716841340522867,True,D,D,"[0, 0]",True,0.0,7.550872479721544,0.11294408849203422,0.033883226547610265,222.8498655259883,6.504981403278878,5.07963691573929,0.22253970311779978,,6.504981403278878,6623.0,0.0006329823991710271,0.0028718438024821218,0.021684926334221127,0.021684926334221127,6.6460414458144585,79.22844930272842,0.003911592369300484,4682.0,5.204651433132661,D,True,True,7.105427357601002e-15,0.06417121164218287,True,True,0.9858494759784312,0.49394050565125874,ok,,6845.0,6844.0,6.644144681446902,0.02139333989454273,221.0,True,ok,1.0,40000,191f75d42afb962327e84b00db1ddc8f812933e31e43c97a088d5690760f2d91,357.4,0.047168413405229155
4000,False,0,,False,0,D,884035,"[1.6416919845586602, -1.7080878592558901, 1.6416919845586602, -1.7080878592558901, 0.29636087807929584]","[1.639202812612816, -1.622428436004512, 1.639202812612816, -1.622428436004512, 0.3061656837795379]","[0.11126985155889989, 0.11126985155889989]",1.0876716194374581e-16,0.04569848804940487,True,D,D,"[0, 0]",True,0.0,7.4585383948734885,0.12906457111616412,0.038719371334849234,192.63066877742557,6.06688546481246,5.07963691573929,0.22253970311779978,,6.06688546481246,5583.0,0.000718485892474785,0.0030586103357036184,0.022812762623802326,0.022812762623802326,6.205287882787023,66.44022008632571,0.004131415986387489,3980.0,4.854095527040271,D,True,True,1.7763568394002505e-15,0.06270172826332576,True,True,0.9862904535851785,0.44489933432868867,ok,,5775.0,5774.0,6.203203456393425,0.022469188246852623,191.0,True,ok,1.0,40000,f7bc2e4b7b268a96d9dae9e4d0deb2138a86919b0878101e27c329409526d467,2.8,0.04569848804940487
4000,False,0,,False,0,D,884036,"[1.6416919845586602, -1.7080878592558901, 1.6416919845586602, -1.7080878592558901, 0.29636087807929584]","[1.6151531814605462, -1.7109339974659297, 1.6151531814605462, -1.7109339974659297, 0.28933015091353137]","[0.11126985155889989, 0.11126985155889989]",1.0894063429134348e-16,0.048489329360223606,True,D,D,"[0, 0]",True,0.0,6.941152753650177,0.12833643553007046,0.03850093065902114,180.2853238827825,4.681656702563241,5.07963691573929,0.22253970311779978,,4.681656702563241,3717.0,0.0008184686058740542,0.004540788079892121,0.0315183036844851,0.0315183036844851,4.829214580261134,67.45956548044282,0.006211765282019168,2625.0,3.746198111927712,D,True,True,1.7763568394002505e-14,0.0729430801753832,True,True,0.9854532011919329,0.45384068874677264,ok,,3898.0,3897.0,4.827472535077148,0.031146203529633487,180.0,True,ok,1.0,40000,5badaae24e5cd41c9091b73be849936e54821d3ea583d58d032abef2a45440e1,3.8,0.048489329360223585
4000,False,0,,False,0,D,884037,"[1.6416919845586602, -1.7080878592558901, 1.6416919845586602, -1.7080878592558901, 0.29636087807929584]","[1.6442152399363057, -1.7531128664181965, 1.6442152399363057, -1.7531128664181965, 0.30794254386607234]","[0.11126985155889989, 0.11126985155889989]",1.016547956922409e-16,0.04852472527484381,True,D,D,"[0, 0]",True,0.0,7.648654824311477,0.1306823031848939,0.03920469095546817,195.0953989919072,4.8205210867149635,5.07963691573929,0.22253970311779978,,4.8205210867149635,3754.0,0.0008399467996271959,0.004444467737450127,0.03399419960154463,0.03399419960154463,4.984390842720207,62.946235972865935,0.006092311560973528,2659.0,3.8569029376077744,D,True,True,1.4210854715202004e-14,0.07344319318392856,True,True,0.9854425824175469,0.4389499053740762,ok,,3952.0,3951.0,4.9840141184111,0.03391604947994353,197.0,True,ok,1.0,40000,b7defcb7aded6acf14006117128d00f03f59ddbe7b804130e03d47a4a5837e50,2.9,0.04852472527484376
4000,False,0,,False,0,D,884038,"[1.6416919845586602, -1.7080878592558901, 1.6416919845586602, -1.7080878592558901, 0.29636087807929584]","[1.610246075859472, -1.6916451930075764, 1.610246075859472, -1.6916451930075764, 0.3109888521365498]","[0.11126985155889989, 0.11126985155889989]",1.0755285551056204e-16,0.04751584226656203,True,D,D,"[0, 0]",True,0.0,7.290945346385634,0.13287971318322278,0.039863913954966836,182.8958730600817,4.925389227748842,5.07963691573929,0.22253970311779978,,4.925389227748842,3920.0,0.0008272056758631319,0.004213015070947453,0.030716862625776876,0.030716862625776876,5.076681732036084,62.623774402606095,0.0057425703428106165,2783.0,3.9403447499813744,D,True,True,7.105427357601002e-15,0.07074556630612783,True,True,0.9857452473200314,0.43313834037136806,ok,,4103.0,4102.0,5.074372411073672,0.030248002022963627,182.0,True,ok,1.0,40000,6bd5ef875bc65e59cb101e69b2250c55548bace9236f96636b599790ef795961,2.3,0.04751584226656196
4000,False,0,,False,0,D,884039,"[1.6416919845586602, -1.7080878592558901, 1.6416919845586602, -1.7080878592558901, 0.29636087807929584]","[1.6366042714411622, -1.7111034119170838, 1.6366042714411622, -1.7111034119170838, 0.3078000303157283]","[0.11126985155889989, 0.11126985155889989]",1.0852430065710906e-16,0.04743849960220472,True,D,D,"[0, 0]",True,0.0,7.318571874866394,0.1317605474643334,0.03952816423930002,185.1482864359803,4.948904810186028,5.07963691573929,0.22253970311779978,,4.948904810186028,3986.0,0.0008171508285480033,0.004177211640551333,0.03057122362790349,0.03057122362790349,5.100198885851432,64.02322855935691,0.0056962166454455725,2829.0,3.9592166134551214,D,True,True,8.881784197001252e-15,0.07049663748129298,True,True,0.9857684501193386,0.43756976237177864,ok,,4171.0,4170.0,5.0982682958230265,0.03018111912954402,184.0,True,ok,1.0,40000,b0f7a7abd11798dade9bf5582849451b5af06aeca41743ade634cde53c4b8854,2.2,0.04743849960220472
4000,False,0,,False,0,D,884040,"[1.6416919845586602, -1.7080878592558901, 1.6416919845586602, -1.7080878592558901, 0.29636087807929584]","[1.6567629784745777, -1.7503366865525551, 1.6567629784745777, -1.7503366865525551, 0.28278274524548236]","[0.11126985155889989, 0.11126985155889989]",1.0963452368173421e-16,0.04727739757301124,True,D,D,"[0, 0]",True,0.0,7.818649123708619,0.12310374970424932,0.036931124911274794,211.70893501057816,4.873946113283416,5.07963691573929,0.22253970311779978,,4.873946113283416,3956.0,0.0008027146645059702,0.004459518166240304,0.03486740780263742,0.03486740780263742,5.0438879800233485,68.18738898406802,0.006113190269529529,2797.0,3.899585904756275,D,True,True,2.6645352591003757e-14,0.07461091243880524,True,True,0.9858167807280966,0.4581584770057381,ok,,4171.0,4170.0,5.043819245927437,0.0348533054522393,214.0,True,ok,1.0,40000,28f108265cf0285fc257211361bfe1b9701e40b393ce9ea8c13a98c90520cabf,2.3,0.04727739757301123
4000,False,0,,False,0,D,884041,"[1.6416919845586602, -1.7080878592558901, 1.6416919845586602, -1.7080878592558901, 0.29636087807929584]","[1.575360618899256, -1.6960187558094486, 1.575360618899256, -1.6960187558094486, 0.34192886310331533]","[0.11126985155889989, 0.11126985155889989]",1.1005085731596864e-16,0.04651147778521646,True,D,D,"[0, 0]",True,0.0,7.992588284142004,0.13968157435388767,0.0419044723061663,190.73353855277838,5.142386995455541,5.07963691573929,0.22253970311779978,,5.142386995455541,4101.0,0.0008363854732575504,0.0038813369642886476,0.031021928347580736,0.031021928347580736,5.301913756364094,57.76895897580987,0.00526928303283686,2927.0,4.113930711498651,D,True,True,1.7763568394002505e-15,0.06751865512289434,True,True,0.9860465566644349,0.41594256051735345,ok,,4292.0,4291.0,5.2998512173686505,0.030620842432174777,190.0,True,ok,1.0,40000,6ae383b8476e43f745ac62df7a47feeb46db3ed7248f157e53f6b80827fcc4b1,2.2,0.04651147778521707
4000,False,0,,False,0,D,884042,"[1.6416919845586602, -1.7080878592558901, 1.6416919845586602, -1.7080878592558901, 0.29636087807929584]","[1.6227880853620897, -1.6818428362827877, 1.6227880853620897, -1.6818428362827877, 0.28802559621272605]","[0.11126985155889989, 0.11126985155889989]",1.0311196341206141e-16,0.04744314006227691,True,D,D,"[0, 0]",True,0.0,7.953922794948969,0.1251050992752813,0.03753152978258439,211.9264213589236,5.091098385420786,5.07963691573929,0.22253970311779978,,5.091098385420786,4127.0,0.0008062324204503302,0.004219417518689265,0.03356092118330956,0.03356092118330956,5.261960337070367,64.10645172324332,0.005781581118899281,2923.0,4.073296975157846,D,True,True,2.1316282072803006e-14,0.07379340869407613,True,True,0.9857670579813169,0.44442477524498825,ok,,4339.0,4338.0,5.259538091429247,0.03308514062325285,211.0,True,ok,1.0,40000,7ccb4e0d93618e5f86136862b03eabfd6018a75545f87bbbd31a45c236d437de,2.7,0.04744314006227691
4000,False,0,,False,0,D,884043,"[1.6416919845586602, -1.7080878592558901, 1.6416919845586602, -1.7080878592558901, 0.29636087807929584]","[1.5814658766975134, -1.756527717037851, 1.5814658766975134, -1.756527717037851, 0.3239918105416346]","[0.11126985155889989, 0.11126985155889989]",1.0519363158323358e-16,0.04835953546193921,True,D,D,"[0, 0]",True,0.0,7.4291521743600875,0.13560818842365943,0.04068245652709783,182.61316568756527,4.335528677526388,5.07963691573929,0.22253970311779978,,4.335528677526388,3116.0,0.0009115990671370699,0.005168382411041117,0.03839669942691055,0.03839669942691055,4.501998669014119,58.03531913704853,0.00708682238525537,2205.0,3.468838017944954,D,True,True,1.5987211554602254e-14,0.07652658218967545,True,True,0.9854921393614182,0.416746040461551,ok,,3299.0,3298.0,4.5000323686831685,0.03794316757942351,182.0,True,ok,1.0,40000,411b64bc3166a2cb96e2b0706d494a5f5344e62dfd5a46f16c9c48ce1d4a2e55,2.2,0.04835953546193914
4000,False,0,,False,0,D,884044,"[1.6416919845586602, -1.7080878592558901, 1.6416919845586602, -1.7080878592558901, 0.29636087807929584]","[1.644745810605723, -1.6603608343032072, 1.644745810605723, -1.6603608343032072, 0.2837582903281971]","[0.11126985155889989, 0.11126985155889989]",1.021405182655144e-16,0.047116439666384714,True,D,D,"[0, 0]",True,0.0,8.121722951879388,0.12240883609789296,0.03672265082936789,221.1638530567154,5.923305575178691,5.07963691573929,0.22253970311779978,,5.923305575178691,5480.0,0.0007073601020627863,0.0032519390644052053,0.02641134813749294,0.02641134813749294,6.079748060849489,71.09540590063422,0.004425447890150609,3891.0,4.739004879464433,D,True,True,5.329070518200751e-15,0.06578485084816243,True,True,0.9858650681000846,0.46369659850816847,ok,,5701.0,5700.0,6.077457957222143,0.026024722190497673,220.0,True,ok,1.0,40000,1aa6bbf426129ec0020237ad1caf245111de174a57a0288250d5d4cdb580a9cf,3.5,0.047116439666384714
4000,False,0,,False,0,D,884045,"[1.6416919845586602, -1.7080878592558901, 1.6416919845586602, -1.7080878592558901, 0.29636087807929584]","[1.6234483997439209, -1.6778303554729512, 1.6234483997439209, -1.6778303554729512, 0.291737464531493]","[0.11126985155889989, 0.11126985155889989]",1.0297318553398327e-16,0.04772212216500461,True,D,D,"[0, 0]",True,0.0,7.602066999240425,0.12653209013180564,0.03795962703954169,200.2671678339074,5.305058030024386,5.07963691573929,0.22253970311779978,,5.305058030024386,4495.0,0.0007744176808207292,0.003845591810389507,0.029234446594311313,0.029234446594311313,5.460148465682857,67.31169721945913,0.005246117360246976,3190.0,4.244299933531251,D,True,True,1.0658141036401503e-14,0.06982213252642211,True,True,0.9856833633504987,0.4520675272511731,ok,,4695.0,4694.0,5.457598478178761,0.028753775602653242,199.0,True,ok,1.0,40000,45a053fb7f51cc4a3631ecf01838d82724287ac7f2a8403a623c27551e783f1c,2.3,0.047722122165004564
4000,False,0,,False,0,D,884046,"[1.6416919845586602, -1.7080878592558901, 1.6416919845586602, -1.7080878592558901, 0.29636087807929584]","[1.6890771535874973, -1.689114126519839, 1.6890771535874973, -1.689114126519839, 0.2551324071750144]","[0.11126985155889989, 0.11126985155889989]",1.0200174038743625e-16,0.04792742033710182,True,D,D,"[0, 0]",True,0.0,7.855558133611488,0.11593230287020233,0.0347796908610607,225.86624375107837,5.341005284081576,5.07963691573929,0.22253970311779978,,5.341005284081576,4673.0,0.0007370284078542788,0.003967669622618793,0.031168259375446285,0.031168259375446285,5.50747512210146,74.25421178762055,0.005454272992236211,3294.0,4.272982071078239,D,True,True,3.552713678800501e-14,0.07344158241327392,True,True,0.9856217738988694,0.4834652477056399,ok,,4899.0,4898.0,5.505620499328821,0.03082101711036822,225.0,True,ok,1.0,40000,a3d28464dfef25a93c6097bbf2d9dcfa456bfaee306767eabcfd4c017bef715a,2.3,0.04792742033710179
4000,False,0,,False,0,D,884047,"[1.6416919845586602, -1.7080878592558901, 1.6416919845586602, -1.7080878592558901, 0.29636087807929584]","[1.5753583586549853, -1.732280706164728, 1.5753583586549853, -1.732280706164728, 0.3188598578771908]","[0.11126985155889989, 0.11126985155889989]",1.0907941216942163e-16,0.04750019436859437,True,D,D,"[0, 0]",True,0.0,8.13736404845464,0.133469549136344,0.0400408647409032,203.22648127381788,4.658798303665829,5.07963691573929,0.22253970311779978,,4.658798303665829,3556.0,0.000864072428719771,0.004632045223756183,0.03769263827460959,0.03769263827460959,4.834400702920271,59.75971849132024,0.006321206074341999,2524.0,3.7271624094219797,D,True,True,1.2434497875801753e-14,0.07327973737254645,True,True,0.9857499416894216,0.42015911188306815,ok,,3760.0,3759.0,4.832501472259366,0.037284972920346604,203.0,True,ok,1.0,40000,240edb7aa3a6340ea54c13970cff5a013215e913715f80d5242a1be6d6b76c3b,2.1,0.04750019436859437
4000,False,0,,False,0,D,884048,"[1.6416919845586602, -1.7080878592558901, 1.6416919845586602, -1.7080878592558901, 0.29636087807929584]","[1.6948394141324372, -1.7058707060853908, 1.6948394141324372, -1.7058707060853908, 0.2796673067958753]","[0.11126985155889989, 0.11126985155889989]",1.0477729794899915e-16,0.04680834336475873,True,D,D,"[0, 0]",True,0.0,8.82314426276735,0.12187973353677986,0.036563920061033955,241.3073939566492,5.424528309179486,5.07963691573929,0.22253970311779978,,5.424528309179486,4726.0,0.0007518345673917271,0.0037905965131201933,0.03344497987720236,0.03344497987720236,5.605951549323308,69.3888888279011,0.005172475613435417,3352.0,4.339671601288511,D,True,True,1.2434497875801753e-14,0.07033415838566803,True,True,0.9859574969905723,0.45984586265542937,ok,,4971.0,4970.0,5.605912444837659,0.03343777105029244,244.0,True,ok,1.0,40000,ecd204cd3312693ce312d25851438b244e70a461df9393af9d4ec5fbd956c55d,2.5,0.0468083433647587
4000,False,0,,False,0,D,884049,"[1.6416919845586602, -1.7080878592558901, 1.6416919845586602, -1.7080878592558901, 0.29636087807929584]","[1.5852073495888963, -1.733344428632775, 1.5852073495888963, -1.733344428632775, 0.3324050218272767]","[0.11126985155889989, 0.11126985155889989]",1.0644263248593688e-16,0.04725725833015346,True,D,D,"[0, 0]",True,0.0,7.49257599309283,0.13811702547687896,0.041435107643063684,180.8267534293977,4.543826087618406,5.07963691573929,0.22253970311779978,,4.543826087618406,3374.0,0.000890299173884932,0.004728743946339521,0.03543047336982654,0.03543047336982654,4.704815996812893,57.04911218335267,0.006462190870620805,2397.0,3.6356871803240134,D,True,True,8.881784197001252e-15,0.07316682232843874,True,True,0.985822822500954,0.408300289155938,ok,,3555.0,3554.0,4.7027775342990195,0.03498185089296091,180.0,True,ok,1.0,40000,87d3f99c518e335d2f37bfc34599bdea12102045fcd999ef2a1d2b13b51be89a,2.0,0.04725725833015346
4000,False,0,,False,0,D,884050,"[1.6416919845586602, -1.7080878592558901, 1.6416919845586602, -1.7080878592558901, 0.29636087807929584]","[1.6261096130375523, -1.6774752848286656, 1.6261096130375523, -1.6774752848286656, 0.32359043344651106]","[0.11126985155889989, 0.11126985155889989]",1.1038479158509418e-16,0.04725222061941593,True,D,D,"[0, 0]",True,0.0,6.706551531720043,0.13708570249377508,0.041125710748132524,163.0744225380854,5.160036487802643,5.07963691573929,0.22253970311779978,,5.160036487802643,4213.0,0.000809086129364589,0.0038126642884741655,0.025569829523800724,0.025569829523800724,5.291977741132348,61.665625616206476,0.005192699877804983,2997.0,4.128295766700573,D,True,True,3.552713678800501e-15,0.06717003522026666,True,True,0.9858243338141752,0.43510037881435737,ok,,4376.0,4375.0,5.289968534959788,0.02518045123600965,162.0,True,ok,1.0,40000,b4f52da7c8bac0acca162c160c433f94848e723b9aa9158c7b8dd399048014d7,2.3,0.04725222061941592
4000,False,0,,False,0,D,884051,"[1.6416919845586602, -1.7080878592558901, 1.6416919845586602, -1.7080878592558901, 0.29636087807929584]","[1.6978312384992373, -1.6431238122212588, 1.6978312384992373, -1.6431238122212588, 0.281689615509632]","[0.11126985155889989, 0.11126985155889989]",1.0103029524088925e-16,0.04742084355727601,True,D,D,"[0, 0]",True,0.0,7.758669080698907,0.12281805931879727,0.03684541779563918,210.57351347545801,6.026977890001445,5.07963691573929,0.22253970311779978,,6.026977890001445,5591.0,0.0007011889084882217,0.003157562488633714,0.02449848245093709,0.02449848245093709,6.174629702071831,70.0780973612219,0.004309470477593338,3962.0,4.821702333609122,D,True,True,7.105427357601002e-15,0.06530707453372386,True,True,0.9857737469328172,0.46177927840113053,ok,,5801.0,5800.0,6.172385350358586,0.024126098189005685,209.0,True,ok,1.0,40000,3e8063a029ff1dfa3940c2d32bf591df9dce800a765f6de31a9009d53651ab88,2.7,0.04742084355727601
4000,False,0,,False,0,D,884052,"[1.6416919845586602, -1.7080878592558901, 1.6416919845586602, -1.7080878592558901, 0.29636087807929584]","[1.6262008523657505, -1.754353647492978, 1.6262008523657505, -1.754353647492978, 0.31941592515210104]","[0.11126985155889989, 0.11126985155889989]",1.0158540675320183e-16,0.0472847864432407,True,D,D,"[0, 0]",True,0.0,7.881404546564371,0.1339378102066866,0.04018134306200598,196.14587134138733,4.692079623750492,5.07963691573929,0.22253970311779978,,4.692079623750492,3612.0,0.0008567052286042021,0.0045440342392023296,0.03581337211259342,0.03581337211259342,4.860118817297786,60.71545949731124,0.006207460413343887,2564.0,3.75372373083123,D,True,True,8.881784197001252e-15,0.07258009690368894,True,True,0.9858145640670278,0.42287013063248513,ok,,3811.0,3810.0,4.860186385610404,0.035827772616855214,198.0,True,ok,1.0,40000,ea28d2292a558de06274722806c05c6d68814b630eef86bfb00d3cbecce4a9a2,2.1,0.047284786443240655
4000,False,0,,False,0,D,884053,"[1.6416919845586602, -1.7080878592558901, 1.6416919845586602, -1.7080878592558901, 0.29636087807929584]","[1.750147966790432, -1.714684792572518, 1.750147966790432, -1.714684792572518, 0.20260540379469846]","[0.11126985155889989, 0.11126985155889989]",1.0293849106446374e-16,0.043857759350706654,True,D,D,"[0, 0]",True,0.0,8.354355205108277,0.09812076556766577,0.02943622967029973,283.8119996576046,5.767426036536375,5.07963691573929,0.22253970311779978,,5.767426036536375,5626.0,0.0006498554578225058,0.0038278292282778784,0.031979045037528894,0.031979045037528894,5.951862813509388,90.00058322994866,0.00529437489464508,3943.0,4.614015795555849,D,True,True,1.1723955140041653e-13,0.07727460381899931,True,True,0.986842672194789,0.53621463175459,ok,,5914.0,5913.0,5.952102180215727,0.03202054824967626,287.0,True,ok,1.0,40000,864962af3cc28b8c30cc51a28d8e058ffa5ce3e89580a8d1d2c17190bf3cbcc2,2.7,0.04385775935070312
4000,False,0,,False,0,D,884054,"[1.6416919845586602, -1.7080878592558901, 1.6416919845586602, -1.7080878592558901, 0.29636087807929584]","[1.6546885584358282, -1.7471191430866828, 1.6546885584358282, -1.7471191430866828, 0.3104513472676259]","[0.11126985155889989, 0.11126985155889989]",1.0491607582707729e-16,0.049681752049662777,True,D,D,"[0, 0]",True,0.0,7.531488226123775,0.13041256181832833,0.0391237685454985,192.50416067064515,4.845476292793927,5.07963691573929,0.22253970311779978,,4.845476292793927,3720.0,0.0008529388431821605,0.004499256355209676,0.03388609626557425,0.03388609626557425,5.009670568904101,61.10950350360552,0.00616770711208343,2636.0,3.8772711533247914,D,True,True,1.7763568394002505e-14,0.07480795878735869,True,True,0.9850954743851011,0.4345243965170152,ok,,3915.0,3914.0,5.009521036657487,0.03385523609052066,194.0,True,ok,1.0,40000,968b825b77b2921512520baee72fd579a64add10e2e075fa6f13cf58341d36b4,2.2,0.049681752049662756
4000,False,0,,False,0,D,884055,"[1.6416919845586602, -1.7080878592558901, 1.6416919845586602, -1.7080878592558901, 0.29636087807929584]","[1.6111589740843542, -1.7929677622711964, 1.6111589740843542, -1.7929677622711964, 0.3316510342770352]","[0.11126985155889989, 0.11126985155889989]",1.0769163338864018e-16,0.04742266140470769,True,D,D,"[0, 0]",True,0.0,7.484560853168052,0.1385336118656356,0.04156008355969067,180.09013005034868,4.378750559168209,5.07963691573929,0.22253970311779978,,4.378750559168209,3251.0,0.0008894621780675926,0.00488765865283174,0.03658197861663254,0.03658197861663254,4.538933918491268,58.77254029155391,0.006669941043562167,2308.0,3.503565123443393,D,True,True,8.881784197001252e-15,0.07264491495863012,True,True,0.9857732015785877,0.4176419816079417,ok,,3434.0,3433.0,4.538606616354437,0.03650723077877149,182.0,True,ok,1.0,40000,7780b5411e29ca0f7febbb96b5375c5e273f8a7ae84881dc9bad5bbd172fd0d8,2.0,0.047422661404707675
4000,False,0,,False,0,D,884056,"[1.6416919845586602, -1.7080878592558901, 1.6416919845586602, -1.7080878592558901, 0.29636087807929584]","[1.6138870602779125, -1.7354707393967244, 1.6138870602779125, -1.7354707393967244, 0.3129328566705754]","[0.11126985155889989, 0.11126985155889989]",1.0418749196716704e-16,0.046824844653816276,True,D,D,"[0, 0]",True,0.0,7.6615020789744,0.1328452985930965,0.03985358957792894,192.24120487298254,4.734793853821362,5.07963691573929,0.22253970311779978,,4.734793853821362,3732.0,0.0008352821175130743,0.004426542767170408,0.03391396661334518,0.03391396661334518,4.895369494500931,62.26248014472949,0.0060404417653806995,2648.0,3.788028301572556,D,True,True,8.881784197001252e-15,0.07126146928624699,True,True,0.9859525466038551,0.426853022190671,ok,,3925.0,3924.0,4.893531887648394,0.03352585956808185,192.0,True,ok,1.0,40000,1d1e1756dfc864fd36a48ffb981c1ec462e8a915a60e03251d857d76cd9e8e67,2.2,0.046824844653816255
4000,False,0,,False,0,D,884057,"[1.6416919845586602, -1.7080878592558901, 1.6416919845586602, -1.7080878592558901, 0.29636087807929584]","[1.6701450915827716, -1.7093686483855992, 1.6701450915827716, -1.7093686483855992, 0.30962462761287346]","[0.11126985155889989, 0.11126985155889989]",1.0109968417992832e-16,0.04707834238733121,True,D,D,"[0, 0]",True,0.0,8.219152619870508,0.13028859917571825,0.039086579752715477,210.28068129444085,5.125045456429518,5.07963691573929,0.22253970311779978,,5.125045456429518,4075.0,0.0008284969644455753,0.004135857153139095,0.033993241155633375,0.033993241155633375,5.2992623625635105,59.64233890348526,0.005655990123746885,2895.0,4.10011693268517,D,True,True,1.0658141036401503e-14,0.07247802964860561,True,True,0.9858764972838007,0.42286495481906194,ok,,4288.0,4287.0,5.299026716108207,0.033947261767293124,212.0,True,ok,1.0,40000,ca06bab60d3d2016280e22c0ec28b7f44d101a52b0aaaaa472d09efa9221af8a,2.2,0.047078342387331204
4000,False,0,,False,0,D,884058,"[1.6416919845586602, -1.7080878592558901, 1.6416919845586602, -1.7080878592558901, 0.29636087807929584]","[1.6208632870285076, -1.7105862407059516, 1.6208632870285076, -1.7105862407059516, 0.3192558397080373]","[0.11126985155889989, 0.11126985155889989]",1.0373646386341306e-16,0.047386647047315565,True,D,D,"[0, 0]",True,0.0,7.75445672391909,0.1336195530675212,0.04008586592025636,193.446157290083,4.955431574115565,5.07963691573929,0.22253970311779978,,4.955431574115565,3871.0,0.0008457233049583212,0.004257508709975578,0.03301466704321421,0.03301466704321421,5.11903349759042,59.52493787005518,0.0058172067062996725,2752.0,3.964488005043211,D,True,True,8.881784197001252e-15,0.07202481446496911,True,True,0.9857840058858053,0.41944130994167145,ok,,4065.0,4064.0,5.1170334076099415,0.03261105134384157,193.0,True,ok,1.0,40000,229349ba0518f4a93a639acb26549c3972d80d4ce1927875bae2687644dba5fb,2.2,0.047386647047315524
4000,False,0,,False,0,D,884059,"[1.6416919845586602, -1.7080878592558901, 1.6416919845586602, -1.7080878592558901, 0.29636087807929584]","[1.6181610580960417, -1.696888208377008, 1.6181610580960417, -1.696888208377008, 0.29161245353402376]","[0.11126985155889989, 0.11126985155889989]",1.0456913113188193e-16,0.0473989200531858,True,D,D,"[0, 0]",True,0.0,7.870358946982143,0.12696383971262523,0.03808915191378757,206.62993402416026,5.117383141081338,5.07963691573929,0.22253970311779978,,5.117383141081338,4298.0,0.000778895188140396,0.003996039605768574,0.03145026606375569,0.03145026606375569,5.278326202418524,67.17207245775366,0.005454987283915972,3046.0,4.094762210918211,D,True,True,1.0658141036401503e-14,0.06990081803641601,True,True,0.9857803239840442,0.4499163067296955,ok,,4505.0,4504.0,5.276051476432773,0.031005756453464928,206.0,True,ok,1.0,40000,45dc661fb09e9e873f1e12c1bb587e23cc90a39b47a77fa81515c2ba55f72769,2.2,0.047398920053185765
4000,False,0,,False,0,D,884060,"[1.6416919845586602, -1.7080878592558901, 1.6416919845586602, -1.7080878592558901, 0.29636087807929584]","[1.659576859467302, -1.7455274959552316, 1.659576859467302, -1.7455274959552316, 0.2711504414257019]","[0.11126985155889989, 0.11126985155889989]",1.0560996521746802e-16,0.048330491717167974,True,D,D,"[0, 0]",True,0.0,8.067043333911581,0.11949646049037471,0.03584893814711241,225.028794459882,4.940750876520958,5.07963691573929,0.22253970311779978,,4.940750876520958,4057.0,0.0007876327964770092,0.0044468710796802145,0.03587310170009847,0.03587310170009847,5.117990935189244,71.17716623710245,0.006113423944381967,2861.0,3.9528840601760096,D,True,True,3.907985046680551e-14,0.07581394363582561,True,True,0.9855008524848496,0.47344662795093456,ok,,4282.0,4281.0,5.1151445753474585,0.03529700306389483,224.0,True,ok,1.0,40000,42f5b6cf986f7d30348519531ce36e4690a7222ca25c5a2c6c09d16762c9adfa,2.2,0.048330491717167925
4000,False,0,,False,0,D,884061,"[1.6416919845586602, -1.7080878592558901, 1.6416919845586602, -1.7080878592558901, 0.29636087807929584]","[1.7104460705846836, -1.695653285696777, 1.7104460705846836, -1.695653285696777, 0.2604194064542284]","[0.11126985155889989, 0.11126985155889989]",9.960782199058827e-17,0.04693390909279582,True,D,D,"[0, 0]",True,0.0,8.736451893081986,0.1157495647763949,0.03472486943291847,251.5906333343908,5.637565752445628,5.07963691573929,0.22253970311779978,,5.637565752445628,5107.0,0.0007164321175519639,0.0036596774103644196,0.03197259563984761,0.03197259563984761,5.817813362641625,74.5969982427012,0.005012200922302965,3612.0,4.510795140766571,D,True,True,2.1316282072803006e-14,0.07107924569282531,True,True,0.9859198272721612,0.4818832078501163,ok,,5362.0,5361.0,5.8180583109728525,0.03201604494793253,254.0,True,ok,1.0,40000,d5a3cb95af3ef8184b1eb9798b97d62e496c0a7f023dd24d78e2f2dbb800dde2,2.4,0.0469339090927958
4000,False,0,,False,0,D,884062,"[1.6416919845586602, -1.7080878592558901, 1.6416919845586602, -1.7080878592558901, 0.29636087807929584]","[1.6594847702060798, -1.7328757955773515, 1.6594847702060798, -1.7328757955773515, 0.29328176048847615]","[0.11126985155889989, 0.11126985155889989]",1.0880185641326534e-16,0.046643620681406046,True,D,D,"[0, 0]",True,0.0,8.275545467379679,0.12795346338881833,0.038386039016645494,215.58737706151763,4.8852402439865,5.07963691573929,0.22253970311779978,,4.8852402439865,4043.0,0.0007909124236204246,0.004217636732456758,0.03490324454433656,0.03490324454433656,5.055750978880194,67.59288543116094,0.005749769262146445,2863.0,3.908447715434605,D,True,True,1.0658141036401503e-14,0.07013724698807167,True,True,0.9860069137955781,0.44749874875470264,ok,,4262.0,4261.0,5.0560673035015045,0.03496799563241226,218.0,True,ok,1.0,40000,e6a4923e8c6f7a433d312862f9cd111dc5feb8b5f8928231ba07ac543393f094,2.1,0.046643620681406026
4000,False,0,,False,0,D,884063,"[1.6416919845586602, -1.7080878592558901, 1.6416919845586602, -1.7080878592558901, 0.29636087807929584]","[1.6730200316372708, -1.6855577509032305, 1.6730200316372708, -1.6855577509032305, 0.2704622502766792]","[0.11126985155889989, 0.11126985155889989]",1.0519363158323358e-16,0.04775140351134377,True,D,D,"[0, 0]",True,0.0,7.8023699480767545,0.12040325462386267,0.0361209763871588,216.00661799525827,5.607508239080053,5.07963691573929,0.22253970311779978,,5.607508239080053,5122.0,0.0007120186127125283,0.003515296364277184,0.027427642711219776,0.027427642711219776,5.761308971561761,74.67308571826405,0.004797197829759317,3625.0,4.486110689023717,D,True,True,1.2434497875801753e-14,0.06762345420446714,True,True,0.9856745789465968,0.47912890974507555,ok,,5338.0,5337.0,5.759239336415105,0.027058559856872222,215.0,True,ok,1.0,40000,6ea9550846b0dcc6426e720ad291e1e115aa007867039079e847425d82dc51cc,2.5,0.047751403511343736
4000,False,0,,False,0,D,884064,"[1.6416919845586602, -1.7080878592558901, 1.6416919845586602, -1.7080878592558901, 0.29636087807929584]","[1.6215662321023816, -1.6555711244923894, 1.6215662321023816, -1.6555711244923894, 0.31856538807166823]","[0.11126985155889989, 0.11126985155889989]",1.0935696792557792e-16,0.04678586835662019,True,D,D,"[0, 0]",True,0.0,8.352437529336346,0.13097366511043218,0.039292099533129655,212.57295050609034,5.939479547538172,5.07963691573929,0.22253970311779978,,5.939479547538172,5224.0,0.0007539354983539681,0.0032305804861060463,0.026983221693693795,0.026983221693693795,6.099745840914554,63.58793860297873,0.004379709351706209,3728.0,4.751986206086496,D,True,True,3.552713678800501e-15,0.065130882767658,True,True,0.9859642394930139,0.440026739340949,ok,,5436.0,5435.0,6.097047914083775,0.026528985458147192,211.0,True,ok,1.0,40000,0bec683401ba328b570dbd6109a06ba102afccd6ec04729792f43a310ec641f5,2.5,0.04678586835662016
4000,False,0,,False,0,D,884065,"[1.6416919845586602, -1.7080878592558901, 1.6416919845586602, -1.7080878592558901, 0.29636087807929584]","[1.6156995373351528, -1.7041024124570014, 1.6156995373351528, -1.7041024124570014, 0.3160591157893701]","[0.11126985155889989, 0.11126985155889989]",9.992007221626409e-17,0.04776721914421815,True,D,D,"[0, 0]",True,0.0,8.329666457726056,0.13148415055727056,0.03944524516718117,211.17035582926025,5.1834332449820755,5.07963691573929,0.22253970311779978,,5.1834332449820755,4141.0,0.0008268909995162854,0.0040442323167770395,0.03368710627630944,0.03368710627630944,5.358048111581943,60.80352119022094,0.005518858922234223,2946.0,4.1470087214095805,D,True,True,8.881784197001252e-15,0.07149807637010142,True,True,0.9856698342567346,0.42710305962157097,ok,,4353.0,4352.0,5.3558427078663255,0.033261634660995076,211.0,True,ok,1.0,40000,126116112860af55d4fded932a522a078a6dc23fea2d835c44cc24310be528d9,2.2,0.04776721914421807
4000,False,0,,False,0,D,884066,"[1.6416919845586602, -1.7080878592558901, 1.6416919845586602, -1.7080878592558901, 0.29636087807929584]","[1.6401287193903467, -1.7069699243398637, 1.6401287193903467, -1.7069699243398637, 0.298041134471913]","[0.11126985155889989, 0.11126985155889989]",1.0769163338864018e-16,0.04642477143281358,True,D,D,"[0, 0]",True,0.0,7.358291663020167,0.12937988661890346,0.03881396598567104,189.57845394455774,4.9055321800986125,5.07963691573929,0.22253970311779978,,4.9055321800986125,3994.0,0.0008062261461918307,0.004234310762826234,0.031157293584740845,0.031157293584740845,5.058375286423339,64.82573144915149,0.005778462783875214,2832.0,3.924764120773461,D,True,True,8.881784197001252e-15,0.07084651459599378,True,True,0.9860725685701557,0.4380082889215057,ok,,4184.0,4183.0,5.056290664072283,0.03073234023115501,189.0,True,ok,1.0,40000,1038f5a2e1550d15145643748a81524a91c88bd75989d1d7e98a723d9fbf6887,2.1,0.04642477143281447
4000,False,0,,False,0,D,884067,"[1.6416919845586602, -1.7080878592558901, 1.6416919845586602, -1.7080878592558901, 0.29636087807929584]","[1.6525113478183069, -1.766175741450578, 1.6525113478183069, -1.766175741450578, 0.2682707806256232]","[0.11126985155889989, 0.11126985155889989]",9.992007221626409e-17,0.04798899240786906,True,D,D,"[0, 0]",True,0.0,7.744029145696889,0.11778546417477681,0.03533563925243304,219.1563336487162,4.832898829384653,5.07963691573929,0.22253970311779978,,4.832898829384653,3927.0,0.0007970094005089656,0.004667053587246937,0.03614179900416949,0.03614179900416949,5.007568487483758,71.80041034580651,0.006411489673088922,2769.0,3.8664672787455987,D,True,True,5.3290705182007514e-14,0.07766403516367859,True,True,0.9856033022776393,0.47565809730760816,ok,,4149.0,4148.0,5.007267418736528,0.03607950331831722,221.0,True,ok,1.0,40000,ea54c9c9288bc3b2500fae3ef1a99d07b2e53c54197a02e4064da720db186dba,2.1,0.04798899240786901
4000,False,0,,False,0,D,884068,"[1.6416919845586602, -1.7080878592558901, 1.6416919845586602, -1.7080878592558901, 0.29636087807929584]","[1.6234895076142175, -1.7378375570638775, 1.6234895076142175, -1.7378375570638775, 0.3445954971651827]","[0.11126985155889989, 0.11126985155889989]",1.021405182655144e-16,0.046958541634500646,True,D,D,"[0, 0]",True,0.0,7.949215779789676,0.1421832826703916,0.04265498480111748,186.36076924780482,4.726255239209591,5.07963691573929,0.22253970311779978,,4.726255239209591,3595.0,0.0008741743819077463,0.004336218038874762,0.034469532859231905,0.034469532859231905,4.889167049478643,57.54760173384328,0.005897521628922634,2561.0,3.7818650241197256,D,True,True,3.552713678800501e-15,0.06942100492628711,True,True,0.9859124375096499,0.41921080296921226,ok,,3784.0,3783.0,4.8893943893924785,0.03451763434811239,188.0,True,ok,1.0,40000,0a96f87f9667b08760ea2701ea8db1cdf8a06f6ef8887303bbae352b9d2adbdd,2.0,0.046958541634500604
4000,False,0,,False,0,D,884069,"[1.6416919845586602, -1.7080878592558901, 1.6416919845586602, -1.7080878592558901, 0.29636087807929584]","[1.695205920313056, -1.7068512324929632, 1.695205920313056, -1.7068512324929632, 0.29107520205405946]","[0.11126985155889989, 0.11126985155889989]",9.825473767932635e-17,0.047228401051856744,True,D,D,"[0, 0]",True,0.0,9.380986351392963,0.12455805130594659,0.037367415391783974,251.04723602199078,5.6755036339131015,5.07963691573929,0.22253970311779978,,5.6755036339131015,5098.0,0.0007324590053208535,0.0034537099114776127,0.03239920554124208,0.03239920554124208,5.8593854426983185,69.65373447784664,0.004702951020924808,3624.0,4.540650565198587,D,True,True,7.105427357601002e-15,0.06692189980416963,True,True,0.985831479684443,0.4570648694078202,ok,,5353.0,5352.0,5.859782209441522,0.03246911418174281,254.0,True,ok,1.0,40000,d60d9b93b60eae481b036fc6d49d40dcc2963dacee2772c3ffc423158ce481fb,2.4,0.04722840105185671
4000,False,0,,False,0,D,884070,"[1.6416919845586602, -1.7080878592558901, 1.6416919845586602, -1.7080878592558901, 0.29636087807929584]","[1.608914516456872, -1.7636223060556868, 1.608914516456872, -1.7636223060556868, 0.30013109118793385]","[0.11126985155889989, 0.11126985155889989]",1.0685896612017132e-16,0.04876393412074382,True,D,D,"[0, 0]",True,0.0,7.014960690592839,0.13073354267896892,0.039220062803690676,178.86153639541646,4.2009664093746,5.07963691573929,0.22253970311779978,,4.2009664093746,3066.0,0.0008870497224808549,0.00538381924563579,0.03776728037339226,0.03776728037339226,4.359625485596653,63.354719569922985,0.007391065993891935,2159.0,3.3614705028148433,D,True,True,3.019806626980426e-14,0.07753513292043479,True,True,0.9853708197637768,0.4405809998428558,ok,,3245.0,3244.0,4.3575008329525495,0.03726152706878061,178.0,True,ok,1.0,40000,7939d6be91be8e2089374cedffbc0527f95e050ca9f1cd8b699bc8abe8565fe3,1.9,0.04876393412074374
4000,False,0,,False,0,D,884071,"[1.6416919845586602, -1.7080878592558901, 1.6416919845586602, -1.7080878592558901, 0.29636087807929584]","[1.6280171841191122, -1.7135501095886683, 1.6280171841191122, -1.7135501095886683, 0.2907800682945221]","[0.11126985155889989, 0.11126985155889989]",1.0193235144839718e-16,0.047248163144269495,True,D,D,"[0, 0]",True,0.0,8.150171011020891,0.12648530977848654,0.03794559293354596,214.78570713848822,4.9923624619408,5.07963691573929,0.22253970311779978,,4.9923624619408,4109.0,0.0007954686819694334,0.004199094354496433,0.03422333708055831,0.03422333708055831,5.163217765304126,66.29993147610807,0.005731179949156531,2911.0,3.994395946364392,D,True,True,1.4210854715202004e-14,0.07148457139646425,True,True,0.9858255510567192,0.4484527541755136,ok,,4324.0,4323.0,5.1609193869861985,0.03376295818470498,214.0,True,ok,1.0,40000,b938a2a3e1716a07369568991f830e672ef70f942ff9613db11083bc7c9738ca,2.2,0.04724816314426943
4000,False,0,,False,0,D,884072,"[1.6416919845586602, -1.7080878592558901, 1.6416919845586602, -1.7080878592558901, 0.29636087807929584]","[1.5981149518360944, -1.7564698727672041, 1.5981149518360944, -1.7564698727672041, 0.32787718989830783]","[0.11126985155889989, 0.11126985155889989]",1.0519363158323358e-16,0.04848354559628446,True,D,D,"[0, 0]",True,0.0,7.661042445414455,0.1366239176991246,0.04098717530973738,186.91315972668187,4.506387908081221,5.07963691573929,0.22253970311779978,,4.506387908081221,3317.0,0.0008972021393186402,0.004857510390423437,0.037213593280075695,0.037213593280075695,4.674086794854807,58.86388420323428,0.006630618230159833,2356.0,3.606032702681904,D,True,True,1.2434497875801753e-14,0.0744248262717413,True,True,0.9854549363211147,0.42355482137570943,ok,,3505.0,3504.0,4.672148664660956,0.03678350820231846,187.0,True,ok,1.0,40000,712b4573ee4a572d313dafbe403383daa08cf3acdff09feb68b72ccafeeba75e,2.0,0.04848354559628442
4000,False,0,,False,0,D,884073,"[1.6416919845586602, -1.7080878592558901, 1.6416919845586602, -1.7080878592558901, 0.29636087807929584]","[1.6699995761549604, -1.7128917433117663, 1.6699995761549604, -1.7128917433117663, 0.27476771082248913]","[0.11126985155889989, 0.11126985155889989]",1.0436096431476471e-16,0.04745186659407578,True,D,D,"[0, 0]",True,0.0,8.45989758991778,0.11969996851135196,0.03590999055340559,235.58618255095783,5.373519998200397,5.07963691573929,0.22253970311779978,,5.373519998200397,4647.0,0.0007533057171700186,0.00390388578488232,0.03302647394284022,0.03302647394284022,5.550988416402293,70.49314114961645,0.005347719355046852,3289.0,4.2988507025995295,D,True,True,1.9539925233402755e-14,0.0720874145924455,True,True,0.9857644400217773,0.46780791906537733,ok,,4883.0,4882.0,5.548716327238849,0.032603643253793724,235.0,True,ok,1.0,40000,c67b98deab401d8e3a7039a8135cb6b29b75de0a8f7abd79b71cd64102589aa2,2.3,0.047451866594075735
4000,False,0,,False,0,D,884074,"[1.6416919845586602, -1.7080878592558901, 1.6416919845586602, -1.7080878592558901, 0.29636087807929584]","[1.5623237449489824, -1.726075561162094, 1.5623237449489824, -1.726075561162094, 0.3558055410857851]","[0.11126985155889989, 0.11126985155889989]",1.1033491828515984e-16,0.04580358801562331,True,D,D,"[0, 0]",True,0.0,7.862169671067724,0.14337395512663123,0.04301218653798937,182.78935120221502,4.774247074063889,5.07963691573929,0.22253970311779978,,4.774247074063889,3604.0,0.0008898207934492764,0.0043331741031857815,0.034068150013523334,0.034068150013523334,4.936896839584723,54.88668068890332,0.0058775181702898065,2577.0,3.820243310141237,D,True,True,1.7763568394002505e-15,0.06969573149209651,True,True,0.9862589235953126,0.4016516170645274,ok,,3787.0,3786.0,4.934857575112962,0.0336410115684187,182.0,True,ok,1.0,40000,9cc2dea7fe7c85bb8ce97551992bf7d62b5aa98c655a31f1422e8ff0a5e60777,2.0,0.045803588015624376
4000,False,0,,False,0,D,884075,"[1.6416919845586602, -1.7080878592558901, 1.6416919845586602, -1.7080878592558901, 0.29636087807929584]","[1.6445893609135682, -1.7026114612596706, 1.6445893609135682, -1.7026114612596706, 0.3205180269351428]","[0.11126985155889989, 0.11126985155889989]",1.0783041126671832e-16,0.046913397222970214,True,D,D,"[0, 0]",True,0.0,6.837127657515679,0.136572912351547,0.0409718737054641,166.87368770747392,4.978865195901644,5.07963691573929,0.22253970311779978,,4.978865195901644,4055.0,0.0008105464004381701,0.003973394518567737,0.027166605557120672,0.027166605557120672,5.114124062800781,62.984926550120484,0.0053985560382374285,2882.0,3.9836427876727174,D,True,True,3.552713678800501e-15,0.06715569608578953,True,True,0.9859259808331089,0.4388688363858641,ok,,4221.0,4220.0,5.1119575345933175,0.026731460574836996,165.0,True,ok,1.0,40000,e714421774a92e0d5eda5bf870ed815893e805de7d7d32c4cd153f331880e443,2.1,0.046913397222970145
4000,False,0,,False,0,D,884076,"[1.6416919845586602, -1.7080878592558901, 1.6416919845586602, -1.7080878592558901, 0.29636087807929584]","[1.698921218571342, -1.706096595804296, 1.698921218571342, -1.706096595804296, 0.23841593780815581]","[0.11126985155889989, 0.11126985155889989]",1.0824674490095276e-16,0.04752655815330433,True,D,D,"[0, 0]",True,0.0,8.897850891808307,0.10774075365395047,0.03232222609618514,275.28583165435145,5.8371454193337255,5.07963691573929,0.22253970311779978,,5.8371454193337255,5491.0,0.0006830684307699642,0.0036204490268678248,0.03221421560246239,0.03221421560246239,6.025184480375067,80.914904155897,0.0049814540344213475,3871.0,4.67018893092102,D,True,True,4.618527782440651e-14,0.07339115711463506,True,True,0.9857420325540087,0.5106597431993156,ok,,5766.0,5765.0,6.022543002324539,0.03176168652176159,274.0,True,ok,1.0,40000,2751e48474f0fc65a4915ea39812cccba698e1c1d99e0727834fc74e886a8bf5,2.6,0.04752655815330428
4000,False,0,,False,0,D,884077,"[1.6416919845586602, -1.7080878592558901, 1.6416919845586602, -1.7080878592558901, 0.29636087807929584]","[1.686531293461899, -1.6545689527457457, 1.686531293461899, -1.6545689527457457, 0.26046934434907426]","[0.11126985155889989, 0.11126985155889989]",9.797718192317006e-17,0.04762301091208153,True,D,D,"[0, 0]",True,0.0,8.31602633624255,0.11603773370740741,0.034811320112222224,238.88856582956186,6.07998091107623,5.07963691573929,0.22253970311779978,,6.07998091107623,5779.0,0.0006812656765186543,0.0032187985741132467,0.026767613713385725,0.026767613713385725,6.242727491488678,75.34670761586585,0.004394520824335462,4088.0,4.864181108080822,D,True,True,1.0658141036401503e-14,0.06721998751779523,True,True,0.9857130967263755,0.4853757285471645,ok,,6017.0,6016.0,6.240290169250084,0.026366737086593428,237.0,True,ok,1.0,40000,ee35dea3523f706c5b5bc6fa0b9948a6f2559631ad40bb72abfcc99a9069a68f,2.6,0.047623010912081466
4000,False,0,,False,0,D,884078,"[1.6416919845586602, -1.7080878592558901, 1.6416919845586602, -1.7080878592558901, 0.29636087807929584]","[1.711418667429389, -1.6533752233262187, 1.711418667429389, -1.6533752233262187, 0.27118894604615057]","[0.11126985155889989, 0.11126985155889989]",1.0602629885170245e-16,0.04647771927418917,True,D,D,"[0, 0]",True,0.0,7.033984094659158,0.12069549101285647,0.036208647303856936,194.26254827006198,5.70124040287373,5.07963691573929,0.22253970311779978,,5.70124040287373,5243.0,0.0007087413066403503,0.003433255228732372,0.024149462671808897,0.024149462671808897,5.838922295165938,73.08818492053845,0.004677110751077526,3715.0,4.561753078176503,D,True,True,8.881784197001252e-15,0.0670130156349078,True,True,0.9860566842177432,0.46913175559228887,ok,,5437.0,5436.0,5.83726479679699,0.023858736750461684,193.0,True,ok,1.0,40000,2b0a31b186f79fe7af1a9b06f05c5a39a43d848bfebc8be8c802f6ef6be7af33,2.5,0.04647771927418922
4000,False,0,,False,0,D,884079,"[1.6416919845586602, -1.7080878592558901, 1.6416919845586602, -1.7080878592558901, 0.29636087807929584]","[1.6078782678454115, -1.7123194273735456, 1.6078782678454115, -1.7123194273735456, 0.31401679753309514]","[0.11126985155889989, 0.11126985155889989]",1.04638520070921e-16,0.048373276347399345,True,D,D,"[0, 0]",True,0.0,7.485353017906126,0.13372820011104566,0.0401184600333137,186.5812648763291,4.8854762993798575,5.07963691573929,0.22253970311779978,,4.8854762993798575,3875.0,0.000829212870773457,0.004230725709372703,0.031668475456586,0.031668475456586,5.040191885660501,62.932470939380586,0.0057744281703856325,2750.0,3.9090960097702143,D,True,True,8.881784197001252e-15,0.07060077072088511,True,True,0.9854880170957802,0.44016925058012996,ok,,4061.0,4060.0,5.037746082553553,0.03116784809559392,185.0,True,ok,1.0,40000,98f8b1a747ec270333171fc36fa34931a4f691fa08dbed132971554e6d847946,2.1,0.048373276347399304
4000,False,0,,False,0,D,884080,"[1.6416919845586602, -1.7080878592558901, 1.6416919845586602, -1.7080878592558901, 0.29636087807929584]","[1.604679863897274, -1.7263077912766542, 1.604679863897274, -1.7263077912766542, 0.3095820778383578]","[0.11126985155889989, 0.11126985155889989]",1.0921819004749978e-16,0.04795991153180566,True,D,D,"[0, 0]",True,0.0,7.913188032266433,0.1314000407946597,0.03942001223839791,200.7403748230809,4.900798401836579,5.07963691573929,0.22253970311779978,,4.900798401836579,3892.0,0.0008296982098305427,0.0042947368681907705,0.03398506038710063,0.03398506038710063,5.067352331468001,63.48071210536619,0.0058564165233536076,2764.0,3.9214349136060083,D,True,True,1.0658141036401503e-14,0.07167039438623846,True,True,0.9856120265404583,0.43686907787711926,ok,,4093.0,4092.0,5.06515668206094,0.03353704167116267,200.0,True,ok,1.0,40000,16feca5c1b148c9d7994941adc00b0922bc41c89e2961f25f458cea3ade33170,2.1,0.047959911531805656
4000,False,0,,False,0,D,884081,"[1.6416919845586602, -1.7080878592558901, 1.6416919845586602, -1.7080878592558901, 0.29636087807929584]","[1.6494040820324596, -1.6788438625420856, 1.6494040820324596, -1.6788438625420856, 0.28835915390097183]","[0.11126985155889989, 0.11126985155889989]",1.021405182655144e-16,0.046934831981805696,True,D,D,"[0, 0]",True,0.0,7.312255005912453,0.12677743791707563,0.03803323137512269,192.25963036880836,5.176795756570763,5.07963691573929,0.22253970311779978,,5.176795756570763,4401.0,0.0007705151311911341,0.003913424102135746,0.028615954981100554,0.028615954981100554,5.324934710887144,67.87592209258777,0.005333314176429419,3120.0,4.141735354980995,D,True,True,8.881784197001252e-15,0.06917804325085797,True,True,0.9859195504054583,0.45032875607937706,ok,,4594.0,4593.0,5.323362451780982,0.028312242186527392,192.0,True,ok,1.0,40000,ef18f1f0662c731e10f19a6585a94baec77943b153d493025c35289ee7cb359a,2.2,0.046934831981805654
4000,False,0,,False,0,D,884082,"[1.6416919845586602, -1.7080878592558901, 1.6416919845586602, -1.7080878592558901, 0.29636087807929584]","[1.636910251931322, -1.7267602418388603, 1.636910251931322, -1.7267602418388603, 0.3114509169470393]","[0.11126985155889989, 0.11126985155889989]",1.0873246747422627e-16,0.048725371677193534,True,D,D,"[0, 0]",True,0.0,7.681361148014422,0.1322358229475669,0.03967074688427007,193.62784296506842,4.929002989903808,5.07963691573929,0.22253970311779978,,4.929002989903808,3900.0,0.0008299766396265351,0.004244596487371483,0.0326042785470938,0.0326042785470938,5.089709576346091,62.970122451450294,0.005802806907652537,2767.0,3.943964010336898,D,True,True,1.0658141036401503e-14,0.07160088719734503,True,True,0.9853823884968419,0.4393411556309355,ok,,4094.0,4093.0,5.087617983451117,0.03217993453690404,193.0,True,ok,1.0,40000,2c8c1e317a42c4c4bac67a5cc5b706c430de2e8ddd00db489c0283dac0e94785,2.1,0.048725371677193534
4000,False,0,,False,0,D,884083,"[1.6416919845586602, -1.7080878592558901, 1.6416919845586602, -1.7080878592558901, 0.29636087807929584]","[1.6648034532801308, -1.6872606739938185, 1.6648034532801308, -1.6872606739938185, 0.2901318176940526]","[0.11126985155889989, 0.11126985155889989]",1.0685896612017132e-16,0.047993866532772635,True,D,D,"[0, 0]",True,0.0,8.367440120566194,0.1239207886249602,0.03717623658748806,225.07496424160155,5.4582650899645815,5.07963691573929,0.22253970311779978,,5.4582650899645815,4600.0,0.0007779659253562343,0.0038338977674964776,0.032079909997899184,0.032079909997899184,5.633365742795321,65.69203545178159,0.005238956063491304,3265.0,4.367222274340827,D,True,True,1.4210854715202004e-14,0.07171700083081411,True,True,0.9856018400401683,0.45140924525749326,ok,,4825.0,4824.0,5.631060377328276,0.03165754768514106,224.0,True,ok,1.0,40000,6ace9020dcc48f97be875aa73dc8506fc84a82a9540ef29cadb3e00fd11e1144,2.3,0.04799386653277259
4000,False,0,,False,0,D,884084,"[1.6416919845586602, -1.7080878592558901, 1.6416919845586602, -1.7080878592558901, 0.29636087807929584]","[1.6250202651701928, -1.741815912479824, 1.6250202651701928, -1.741815912479824, 0.3110524744816009]","[0.11126985155889989, 0.11126985155889989]",1.0075273948473295e-16,0.04843443779550925,True,D,D,"[0, 0]",True,0.0,6.93161967544681,0.1346350441876717,0.040390513256301504,171.61504315287146,4.460341645185179,5.07963691573929,0.22253970311779978,,4.460341645185179,3402.0,0.0008551479418118468,0.0047467215662196725,0.032902468602275976,0.032902468602275976,4.607097896121308,63.26632809871901,0.006489960140442656,2405.0,3.568977145096593,D,True,True,1.2434497875801753e-14,0.07233125531504392,True,True,0.9854696686613472,0.44037968353972406,ok,,3575.0,3574.0,4.605645479334518,0.0325768395580619,172.0,True,ok,1.0,40000,04fecd131e02462940da7f28ca0a021c3997514e646176605df7c7fb5c19a400,2.0,0.048434437795509246
4000,False,0,,False,0,D,884085,"[1.6416919845586602, -1.7080878592558901, 1.6416919845586602, -1.7080878592558901, 0.29636087807929584]","[1.6467383657215495, -1.6757424267809906, 1.6467383657215495, -1.6757424267809906, 0.30087069250792586]","[0.11126985155889989, 0.11126985155889989]",1.0824674490095276e-16,0.04684630877491685,True,D,D,"[0, 0]",True,0.0,7.838707011099346,0.12780099260011468,0.0383402977800344,204.4508641031299,5.612359737645907,5.07963691573929,0.22253970311779978,,5.612359737645907,4914.0,0.0007516715331947932,0.003493229517332503,0.027382402708893472,0.027382402708893472,5.766039632129307,66.64093287324631,0.004755362508653692,3494.0,4.490028380803127,D,True,True,5.329070518200751e-15,0.0668659818879167,True,True,0.985946107367525,0.4447114293776485,ok,,5119.0,5118.0,5.7642287781555615,0.027059748057660205,204.0,True,ok,1.0,40000,fd471794e53ed65812f103d003c212a22ad1de4ca481b69e8652f49c5db55fc3,2.4,0.04684630877491683
4000,False,0,,False,0,D,884086,"[1.6416919845586602, -1.7080878592558901, 1.6416919845586602, -1.7080878592558901, 0.29636087807929584]","[1.6534033355537328, -1.7177162213917818, 1.6534033355537328, -1.7177162213917818, 0.2896621862527371]","[0.11126985155889989, 0.11126985155889989]",1.0172418463127997e-16,0.047072547252741875,True,D,D,"[0, 0]",True,0.0,7.147629415575609,0.1273683541372098,0.038210506241162935,187.0592703081149,4.998604940649073,5.07963691573929,0.22253970311779978,,4.998604940649073,4224.0,0.0007745131935150518,0.004055059345777032,0.028984061461780695,0.028984061461780695,5.143484813472006,69.96915671828091,0.0055256445048092635,2992.0,3.9990768301814508,D,True,True,1.0658141036401503e-14,0.06914191456917429,True,True,0.9858782358241774,0.45674731241030686,ok,,4411.0,4410.0,5.141398510937569,0.028566684501767137,186.0,True,ok,1.0,40000,c4eb5dd863a9b09e6893281979366c79f93ea5ade6eab94a29495fc5b983c914,2.2,0.04707254725274184
4000,False,0,,False,0,D,884087,"[1.6416919845586602, -1.7080878592558901, 1.6416919845586602, -1.7080878592558901, 0.29636087807929584]","[1.6562169346842401, -1.694588354731773, 1.6562169346842401, -1.694588354731773, 0.2851784500587624]","[0.11126985155889989, 0.11126985155889989]",9.96425164601078e-17,0.047040388992339276,True,D,D,"[0, 0]",True,0.0,7.736237481464014,0.12491075028739757,0.03747322508621927,206.44706890491273,5.2001492044317335,5.07963691573929,0.22253970311779978,,5.2001492044317335,4407.0,0.0007728057378287456,0.003965824226437641,0.030680558025464905,0.030680558025464905,5.359692683839377,68.13998011985497,0.005408337678680279,3124.0,4.1603588685426525,D,True,True,1.2434497875801753e-14,0.07040889155099883,True,True,0.9858878833022983,0.4546566620240798,ok,,4614.0,4613.0,5.357898441620636,0.0303355213451304,206.0,True,ok,1.0,40000,b08f35582729d1f88c7de94787e2eb43bbfa6dc41549b4eb1b47e8a1089b7aec,2.2,0.04704038899233923
4000,False,0,,False,0,D,884088,"[1.6416919845586602, -1.7080878592558901, 1.6416919845586602, -1.7080878592558901, 0.29636087807929584]","[1.6047092322056355, -1.7464763890749113, 1.6047092322056355, -1.7464763890749113, 0.3490276914166328]","[0.11126985155889989, 0.11126985155889989]",9.936496070395151e-17,0.04600629751573062,True,D,D,"[0, 0]",True,0.0,6.978692325253226,0.1436181669344086,0.04308545008032258,161.97329521318943,4.452717805439068,5.07963691573929,0.22253970311779978,,4.452717805439068,3276.0,0.0009038368729829127,0.00471122936831339,0.03287822023515626,0.03287822023515626,4.599115242091296,55.180477476256954,0.006418417816004563,2332.0,3.5624468853166875,D,True,True,5.329070518200751e-15,0.07100299396409504,True,True,0.9861981107452809,0.40096387927538835,ok,,3438.0,3437.0,4.596962388285564,0.032394728152387975,161.0,True,ok,1.0,40000,b8fb50a15ecfbcbcc58c35474099977ee4c9f5b2216e34ff3449f9aa3d1ea42c,1.9,0.04600629751573062
4000,False,0,,False,0,D,884089,"[1.6416919845586602, -1.7080878592558901, 1.6416919845586602, -1.7080878592558901, 0.29636087807929584]","[1.666969573165378, -1.6776242517200894, 1.666969573165378, -1.6776242517200894, 0.2672271594724128]","[0.11126985155889989, 0.11126985155889989]",1.099120794378905e-16,0.04754248033395456,True,D,D,"[0, 0]",True,0.0,8.451415344256997,0.11811953453402074,0.03543586036020622,238.49894593635355,5.523651580481351,5.07963691573929,0.22253970311779978,,5.523651580481351,4843.0,0.0007415694991739575,0.003788633550397751,0.03201931572159842,0.03201931572159842,5.70051512437289,70.45962825244979,0.005188436526310843,3427.0,4.419524199524295,D,True,True,2.1316282072803006e-14,0.0720053804396894,True,True,0.9857372558998136,0.46904442234403837,ok,,5082.0,5081.0,5.698385431211221,0.0316337567972822,238.0,True,ok,1.0,40000,b49b01808e77f849d66b363d2500ee506968815c523826b81e244366c0489945,2.4,0.04754248033395452
4000,False,0,,False,0,D,884090,"[1.6416919845586602, -1.7080878592558901, 1.6416919845586602, -1.7080878592558901, 0.29636087807929584]","[1.6331316378990144, -1.7279111771095712, 1.6331316378990144, -1.7279111771095712, 0.3370718434247098]","[0.11126985155889989, 0.11126985155889989]",1.0234868508263162e-16,0.04765119031556034,True,D,D,"[0, 0]",True,0.0,7.8656500196812305,0.13839145244270917,0.04151743573281275,189.45413850462634,4.964850410226041,5.07963691573929,0.22253970311779978,,4.964850410226041,3840.0,0.0008571216347360355,0.00415820376615295,0.03270697553507952,0.03270697553507952,5.127235651128633,57.619805753062415,0.005672248169523407,2735.0,3.97273988857411,D,True,True,5.329070518200751e-15,0.0702917233082534,True,True,0.9857046429053319,0.41730366462924867,ok,,4030.0,4029.0,5.124962759424331,0.032249178921586186,189.0,True,ok,1.0,40000,9b4179e518ef6559a8cc9a3dfdc4242b5935117a98911ce53460ca986dd505ba,2.1,0.04765119031556029
4000,False,0,,False,0,D,884091,"[1.6416919845586602, -1.7080878592558901, 1.6416919845586602, -1.7080878592558901, 0.29636087807929584]","[1.6538989522088272, -1.7359665729781266, 1.6538989522088272, -1.7359665729781266, 0.3153864608352348]","[0.11126985155889989, 0.11126985155889989]",1.0644263248593688e-16,0.04708195079246647,True,D,D,"[0, 0]",True,0.0,8.271260972507951,0.13385901487184135,0.0401577044615524,205.96946671657943,4.898043012976027,5.07963691573929,0.22253970311779978,,4.898043012976027,3927.0,0.0008244939624429026,0.004191756108582962,0.03467110870719405,0.03467110870719405,5.067863594731431,62.52711915616235,0.005702080027861885,2792.0,3.9192926964369446,D,True,True,5.329070518200751e-15,0.06971643327803712,True,True,0.98587541476226,0.431644594492022,ok,,4136.0,4135.0,5.068102667444854,0.0347199185507967,208.0,True,ok,1.0,40000,66f236f855e4f4b9e38df99228f37eb4c6928a4080aa0dd7346962ab20cf027d,2.1,0.04708195079246643
4000,False,0,,False,0,D,884092,"[1.6416919845586602, -1.7080878592558901, 1.6416919845586602, -1.7080878592558901, 0.29636087807929584]","[1.679114455266155, -1.7259274252168126, 1.679114455266155, -1.7259274252168126, 0.27148404961571954]","[0.11126985155889989, 0.11126985155889989]",1.0269996658651692e-16,0.04795061957584549,True,D,D,"[0, 0]",True,0.0,7.2761173375809145,0.12219974019795019,0.03665992205938506,198.47607220207402,5.059120812639037,5.07963691573929,0.22253970311779978,,5.059120812639037,4371.0,0.0007515329666686998,0.004052112069892321,0.029483642885564404,0.029483642885564404,5.208282123993813,74.78934195840999,0.005541163932406833,3087.0,4.047322880425301,D,True,True,1.9539925233402755e-14,0.07046279240240239,True,True,0.9856148141272464,0.47888843566420286,ok,,4570.0,4569.0,5.20653948369121,0.02913918771891777,198.0,True,ok,1.0,40000,6b85b8c5e901a30742acf773d1a2dffef0fa1bb4f76d2ae6fa1cbcf71e66c1f5,2.3,0.04795061957584545
4000,False,0,,False,0,D,884093,"[1.6416919845586602, -1.7080878592558901, 1.6416919845586602, -1.7080878592558901, 0.29636087807929584]","[1.668712200884126, -1.715900333259826, 1.668712200884126, -1.715900333259826, 0.2680772647900384]","[0.11126985155889989, 0.11126985155889989]",1.0026701691145945e-16,0.04659385160577389,True,D,D,"[0, 0]",True,0.0,8.038461296646792,0.11965357359218026,0.03589607207765408,223.93707253699418,5.222280748422849,5.07963691573929,0.22253970311779978,,5.222280748422849,4575.0,0.0007424377719822939,0.0039605264181246085,0.031836538326441816,0.031836538326441816,5.388540089621452,73.36586426960525,0.005420460926995199,3235.0,4.178415057829647,D,True,True,2.1316282072803006e-14,0.07102086655565465,True,True,0.9860218445182678,0.4728382336066729,ok,,4799.0,4798.0,5.3860234239314675,0.03135462902067654,223.0,True,ok,1.0,40000,7e046e2c07c2b0ca92cd1de72d5c8a2b36160b590cc74bb74795fe1c37089ea3,2.3,0.04659385160577387
4000,False,0,,False,0,D,884094,"[1.6416919845586602, -1.7080878592558901, 1.6416919845586602, -1.7080878592558901, 0.29636087807929584]","[1.6979543746238983, -1.7231628750456793, 1.6979543746238983, -1.7231628750456793, 0.26163792106512185]","[0.11126985155889989, 0.11126985155889989]",1.0772632785815972e-16,0.04710029347021812,True,D,D,"[0, 0]",True,0.0,7.827357329442946,0.11852618089160057,0.03555785426748017,220.13019319339364,5.183306073014011,5.07963691573929,0.22253970311779978,,5.183306073014011,4495.0,0.00074444657546886,0.0040391607379063575,0.03161595440664951,0.03161595440664951,5.347181241494131,74.6355643969536,0.005543883857263668,3170.0,4.147260779959787,D,True,True,2.4868995751603507e-14,0.07226977649080979,True,True,0.9858699119589346,0.48045159426115214,ok,,4719.0,4718.0,5.34751810592666,0.03168094467112237,223.0,True,ok,1.0,40000,293ac69a1221e457605c74ea92e1fc54a1cf36288badfe780ad231c84a5de590,2.3,0.04710029347021814
4000,False,0,,False,0,D,884095,"[1.6416919845586602, -1.7080878592558901, 1.6416919845586602, -1.7080878592558901, 0.29636087807929584]","[1.5881350912211032, -1.7952494864123925, 1.5881350912211032, -1.7952494864123925, 0.3149794828778762]","[0.11126985155889989, 0.11126985155889989]",1.1018963519404679e-16,0.048713195914905597,True,D,D,"[0, 0]",True,0.0,6.350919897303242,0.1340410015688177,0.040212300470645314,157.9347568523061,3.9335777379138803,5.07963691573929,0.22253970311779978,,3.9335777379138803,2729.0,0.0009347903270806812,0.00590972882765459,0.0375322143992181,0.0375322143992181,4.0812136209292555,60.230845332626394,0.008112477905328947,1922.0,3.14784350550361,D,True,True,2.842170943040401e-14,0.07940157531120562,True,True,0.9853860412255284,0.4260710176711464,ok,,2889.0,2888.0,4.080896039511001,0.03745147837735341,159.0,True,ok,1.0,40000,c68f4cd8814a44fcc2a9aee72f9b671eb84bc16e4270be06342b75be823145dd,1.8,0.04871319591490538
4000,False,0,,False,0,D,884096,"[1.6416919845586602, -1.7080878592558901, 1.6416919845586602, -1.7080878592558901, 0.29636087807929584]","[1.7160234361368683, -1.7005975228316574, 1.7160234361368683, -1.7005975228316574, 0.2547772294861212]","[0.11126985155889989, 0.11126985155889989]",9.700573677662306e-17,0.04636327595708636,True,D,D,"[0, 0]",True,0.0,8.492919405459702,0.11643752560655456,0.034931257681966366,243.13236822973775,5.449551176532691,5.07963691573929,0.22253970311779978,,5.449551176532691,4975.0,0.00070808888529446,0.003719742009920444,0.03159146909935701,0.03159146909935701,5.621710504131489,77.46316547606361,0.0050867247018665665,3512.0,4.360136729849997,D,True,True,1.7763568394002505e-14,0.06969120511861959,True,True,0.9860910172128741,0.48633700197072266,ok,,5222.0,5221.0,5.621844855284823,0.031616122717422535,246.0,True,ok,1.0,40000,15c53bf98f7d976b2ca02fbf5cf0ab9d6b6645ffc0ba4c513ad849e0c99fb173,2.4,0.0463632759570864
4000,False,0,,False,0,D,884097,"[1.6416919845586602, -1.7080878592558901, 1.6416919845586602, -1.7080878592558901, 0.29636087807929584]","[1.6451246147725689, -1.6771693455689414, 1.6451246147725689, -1.6771693455689414, 0.2768683297736025]","[0.11126985155889989, 0.11126985155889989]",1.074140776324839e-16,0.04793393439138164,True,D,D,"[0, 0]",True,0.0,7.938717382604383,0.12262858823411338,0.036788576470234015,215.79300272810704,5.512881401043109,5.07963691573929,0.22253970311779978,,5.512881401043109,4916.0,0.0007310021738231409,0.003604350657456948,0.02861392121735501,0.02861392121735501,5.670626555133179,72.11854108361409,0.00491114127204638,3482.0,4.411095300938951,D,True,True,1.0658141036401503e-14,0.06797163562935538,True,True,0.9856198196825855,0.4706387299115798,ok,,5132.0,5131.0,5.668684949920323,0.028261726952394373,215.0,True,ok,1.0,40000,4de2a3c078760bf902b5e02f88c70408bf0cac00f2f2abb24431e4ffb5473c19,2.4,0.04793393439138163
4000,False,0,,False,0,D,884098,"[1.6416919845586602, -1.7080878592558901, 1.6416919845586602, -1.7080878592558901, 0.29636087807929584]","[1.6392902395471194, -1.689847432018427, 1.6392902395471194, -1.689847432018427, 0.2873169355416274]","[0.11126985155889989, 0.11126985155889989]",1.0255685189974883e-16,0.04727333701619252,True,D,D,"[0, 0]",True,0.0,6.6207783227245205,0.12805173535877126,0.03841552060763138,172.34644273984614,4.990935854447482,5.07963691573929,0.22253970311779978,,4.990935854447482,4238.0,0.0007692427217612163,0.004012127118218349,0.026563404252315244,0.026563404252315244,5.123512101146545,70.42267611936671,0.005464516392994847,3000.0,3.9932375711157646,D,True,True,8.881784197001252e-15,0.06841853363655481,True,True,0.9858179988951422,0.4606370387767061,ok,,4410.0,4409.0,5.121365088781673,0.02613322193230827,171.0,True,ok,1.0,40000,22086663253483db3f7adf21fd1ee5d2f98a430a58486e39eeac4ffb1cf7a4e2,2.2,0.04727333701619245
4000,False,0,,False,0,D,884099,"[1.6416919845586602, -1.7080878592558901, 1.6416919845586602, -1.7080878592558901, 0.29636087807929584]","[1.6040951788369637, -1.7268126731001479, 1.6040951788369637, -1.7268126731001479, 0.3250859293201831]","[0.11126985155889989, 0.11126985155889989]",1.10397802011164e-16,0.04700494286227194,True,D,D,"[0, 0]",True,0.0,7.664951886620293,0.13548834108454527,0.04064650232536358,188.57592777023112,4.778684383740813,5.07963691573929,0.22253970311779978,,4.778684383740813,3701.0,0.0008542542979167589,0.004398004249959881,0.03371049097309406,0.03371049097309406,4.939776180522173,59.4112882189537,0.006005041661819674,2631.0,3.8232880653739767,D,True,True,8.881784197001252e-15,0.07159561272822046,True,True,0.9858985171413184,0.4163197371578318,ok,,3889.0,3888.0,4.937288385672392,0.033189888512248356,187.0,True,ok,1.0,40000,bda420ba7508e1749a1dd9960c84b53525139c058fffe31cf3abb4c599e2d2f6,2.0,0.04700494286227196
4000,False,0,,False,0,D,884100,"[1.6416919845586602, -1.7080878592558901, 1.6416919845586602, -1.7080878592558901, 0.29636087807929584]","[1.570160025605893, -1.7113560130529863, 1.570160025605893, -1.7113560130529863, 0.3182715730303306]","[0.11126985155889989, 0.11126985155889989]",1.1046719095020308e-16,0.04663176507629805,True,D,D,"[0, 0]",True,0.0,9.14453839945429,0.13042437698158194,0.03912731309447458,233.7124038488002,5.117396203952405,5.07963691573929,0.22253970311779978,,5.117396203952405,4045.0,0.0008376990312156974,0.004183684682205498,0.0382578652276369,0.0382578652276369,5.313176858239636,58.36194584728921,0.005714787161567232,2879.0,4.093997228614839,D,True,True,1.0658141036401503e-14,0.07281635977318679,True,True,0.9860104704771105,0.4165737875201858,ok,,4279.0,4278.0,5.310195211066496,0.03767521595556422,233.0,True,ok,1.0,40000,f0e5e65f162a3eafa90009cec01144ad07864227a153e366744801919efd69de,2.1,0.046631765076298265
4000,False,0,,False,0,D,884101,"[1.6416919845586602, -1.7080878592558901, 1.6416919845586602, -1.7080878592558901, 0.29636087807929584]","[1.6863069209718022, -1.6487382268546011, 1.6863069209718022, -1.6487382268546011, 0.25610262528676847]","[0.11126985155889989, 0.11126985155889989]",1.0658141036401502e-16,0.04660197066906146,True,D,D,"[0, 0]",True,0.0,7.066572783579095,0.11627658983696397,0.03488297695108919,202.57940695507205,5.864541870040907,5.07963691573929,0.22253970311779978,,5.864541870040907,5687.0,0.0006706990266570223,0.003278536656627895,0.023168017907693083,0.023168017907693083,6.000411681106431,79.66494529626023,0.0044607143462455385,4026.0,4.69171317780244,D,True,True,1.2434497875801753e-14,0.06588614009246818,True,True,0.9860194087992815,0.4911983794515655,ok,,5889.0,5888.0,5.99857865832576,0.022855457639339605,201.0,True,ok,1.0,40000,7853f1cdd0eefa7d002d2e86bb31c8610f8c3baf2df9a9a79ae1212db4206ba6,2.6,0.04660197066906144
4000,False,0,,False,0,D,884102,"[1.6416919845586602, -1.7080878592558901, 1.6416919845586602, -1.7080878592558901, 0.29636087807929584]","[1.6509265655071126, -1.6823753788024152, 1.6509265655071126, -1.6823753788024152, 0.2839931161383248]","[0.11126985155889989, 0.11126985155889989]",1.021405182655144e-16,0.04839654160682247,True,D,D,"[0, 0]",True,0.0,8.069384584511779,0.12358769109963383,0.037076307329890146,217.6426177697154,5.360788383474239,5.07963691573929,0.22253970311779978,,5.360788383474239,4516.0,0.0007725744282719571,0.003887005829092054,0.031365744917182845,0.031365744917182845,5.528933504465289,67.09192563416445,0.005325349777054519,3196.0,4.289163542867806,D,True,True,1.4210854715202004e-14,0.07168820659371633,True,True,0.9854810375179532,0.45773734437831215,ok,,4733.0,4732.0,5.5264224256038705,0.0308973289526282,216.0,True,ok,1.0,40000,9becd515c39dbfbaea1c47a2b8f520824819d381ea8e6152fd0ff8a8bac5ba55,2.3,0.04839654160682246
4000,False,0,,False,0,D,884103,"[1.6416919845586602, -1.7080878592558901, 1.6416919845586602, -1.7080878592558901, 0.29636087807929584]","[1.682046390182541, -1.7443356899520102, 1.682046390182541, -1.7443356899520102, 0.2943024441539982]","[0.11126985155889989, 0.11126985155889989]",1.0821205043143323e-16,0.047698372677968566,True,D,D,"[0, 0]",True,0.0,7.9390579618355614,0.12880023772912666,0.038640071318738,205.46178334783815,5.0259726073972155,5.07963691573929,0.22253970311779978,,5.0259726073972155,4185.0,0.0007831124904137265,0.004032423288788338,0.03201364221634619,0.03201364221634619,5.186872296239587,68.03305103450789,0.005511029857404256,2961.0,4.020956581137807,D,True,True,8.881784197001252e-15,0.06942659130093531,True,True,0.9856904881966094,0.4524303723303226,ok,,4394.0,4393.0,5.187477932444077,0.032134143510682556,208.0,True,ok,1.0,40000,7f80ed5447a35af32b761a8eb7e8058bc1a279601c3fd61fe448a9f7ed80a649,2.2,0.04769837267796851
4000,False,0,,False,0,D,884104,"[1.6416919845586602, -1.7080878592558901, 1.6416919845586602, -1.7080878592558901, 0.29636087807929584]","[1.5822956892489426, -1.7451404347308435, 1.5822956892489426, -1.7451404347308435, 0.3177086933083416]","[0.11126985155889989, 0.11126985155889989]",1.0352829704629585e-16,0.047991543848214295,True,D,D,"[0, 0]",True,0.0,7.216720568586843,0.13503733461876558,0.04051120038562967,178.14136584179798,4.427275523496893,5.07963691573929,0.22253970311779978,,4.427275523496893,3289.0,0.0008810558711013261,0.004912378107949703,0.035451260132316344,0.035451260132316344,4.584228019757818,60.539254833468895,0.006728602630380181,2327.0,3.5422637031981394,D,True,True,1.2434497875801753e-14,0.07430260925363363,True,True,0.9856025368455357,0.424317443318572,ok,,3467.0,3466.0,4.582044540933489,0.03495807220833447,177.0,True,ok,1.0,40000,a59bc3c38817241d9d5f1f160332ae901b2e85d01633297711c045c9e6adaf27,2.0,0.04799154384821427
4000,False,0,,False,0,D,884105,"[1.6416919845586602, -1.7080878592558901, 1.6416919845586602, -1.7080878592558901, 0.29636087807929584]","[1.6044579784187616, -1.716978728009426, 1.6044579784187616, -1.716978728009426, 0.3041724111341094]","[0.11126985155889989, 0.11126985155889989]",9.783840404509192e-17,0.049122028884053995,True,D,D,"[0, 0]",True,0.0,8.56546741236731,0.12900516361648345,0.03870154908494503,221.3210482497015,5.053611264382306,5.07963691573929,0.22253970311779978,,5.053611264382306,4065.0,0.0008151712829081958,0.004167913443772405,0.035700126780200146,0.035700126780200146,5.234025827218602,63.83155680400241,0.005695399390403383,2883.0,4.043686546049979,D,True,True,1.4210854715202004e-14,0.07200556817040216,True,True,0.9852633913347838,0.44248944440329674,ok,,4287.0,4286.0,5.231823089180837,0.03526425272449463,221.0,True,ok,1.0,40000,ba4deaf264ec1c713fef3339004bfad86fa0cbfb8d2b26d198171ad6bd3b4d06,2.2,0.04912202888405401
4000,False,0,,False,0,D,884106,"[1.6416919845586602, -1.7080878592558901, 1.6416919845586602, -1.7080878592558901, 0.29636087807929584]","[1.6242295256636914, -1.700447838790243, 1.6242295256636914, -1.700447838790243, 0.29185614399686555]","[0.11126985155889989, 0.11126985155889989]",1.0977330155981235e-16,0.04718326372706148,True,D,D,"[0, 0]",True,0.0,7.580170967572638,0.1268250495547136,0.03804751486641408,199.22906907814706,5.01110687012726,5.07963691573929,0.22253970311779978,,5.01110687012726,4125.0,0.0007943451439650495,0.004166287969598641,0.031581175109698774,0.031581175109698774,5.1693635136861635,66.26776029648882,0.005696413624294647,2922.0,4.009495598189384,D,True,True,1.4210854715202004e-14,0.0714853268995359,True,True,0.9858450208818815,0.44710131435118045,ok,,4324.0,4323.0,5.1667758554959855,0.031064790554900412,198.0,True,ok,1.0,40000,a626cfb26ce0a9ca8469192a4fdd09b7319bbf297421f61d5526fc132b551959,2.2,0.04718326372706145
4000,False,0,,False,0,D,884107,"[1.6416919845586602, -1.7080878592558901, 1.6416919845586602, -1.7080878592558901, 0.29636087807929584]","[1.6072892483467347, -1.7184023944169706, 1.6072892483467347, -1.7184023944169706, 0.31995565591403785]","[0.11126985155889989, 0.11126985155889989]",1.0297318553398327e-16,0.0463810269271851,True,D,D,"[0, 0]",True,0.0,7.822569388498012,0.13447293894246462,0.04034188168273938,193.90690424450293,4.986756514652006,5.07963691573929,0.22253970311779978,,4.986756514652006,4079.0,0.0008142297083315597,0.004047367398831426,0.03166081231810354,0.03166081231810354,5.144641276738483,63.076113513224875,0.005483624235298293,2907.0,3.989560334819351,D,True,True,5.329070518200751e-15,0.06807087619778152,True,True,0.9860856919218445,0.43393959478902394,ok,,4273.0,4272.0,5.142861452904269,0.03130390220448853,193.0,True,ok,1.0,40000,80236fe44212f2bb70ca6db2b23194b22170674b5ac48edb8bf943f3b78b621e,2.2,0.046381026927185064
4000,False,0,,False,0,D,884108,"[1.6416919845586602, -1.7080878592558901, 1.6416919845586602, -1.7080878592558901, 0.29636087807929584]","[1.6687850313764727, -1.7348902231225687, 1.6687850313764727, -1.7348902231225687, 0.26947233126256326]","[0.11126985155889989, 0.11126985155889989]",1.1005085731596864e-16,0.04779947850599662,True,D,D,"[0, 0]",True,0.0,8.101132944530717,0.11992529219103586,0.03597758765731075,225.17165468943114,5.048583411781972,5.07963691573929,0.22253970311779978,,5.048583411781972,4289.0,0.0007635172439007842,0.004203560224888149,0.034053600222160335,0.034053600222160335,5.220505852975025,72.83398214360885,0.0057599427445702645,3028.0,4.0393612697432175,D,True,True,2.842170943040401e-14,0.07297597901336772,True,True,0.985660156448201,0.47513427141056586,ok,,4514.0,4513.0,5.2180784711124355,0.03357279567470539,224.0,True,ok,1.0,40000,cc6a4fc4beaf6a303cb6ffae5412dd89554a97876e92e1b2d7a97f619533c720,2.2,0.04779947850599658
4000,False,0,,False,0,D,884109,"[1.6416919845586602, -1.7080878592558901, 1.6416919845586602, -1.7080878592558901, 0.29636087807929584]","[1.6172347979541106, -1.6954783568772493, 1.6172347979541106, -1.6954783568772493, 0.3402902010443528]","[0.11126985155889989, 0.11126985155889989]",1.0630385460785874e-16,0.04697155282978492,True,D,D,"[0, 0]",True,0.0,7.965706890210096,0.13829668791708194,0.04148900637512458,191.99560524992634,5.381715222717884,5.07963691573929,0.22253970311779978,,5.381715222717884,4376.0,0.0008208748788375874,0.003676403900272384,0.029285155879594998,0.029285155879594998,5.539319591914767,59.26722186610549,0.004988169790148638,3126.0,4.305720643082645,D,True,True,1.7763568394002505e-15,0.06707357481904985,True,True,0.9859085341510645,0.4279997321063142,ok,,4567.0,4566.0,5.5366861895637784,0.028795831892351798,190.0,True,ok,1.0,40000,3d4efac35f9b21d38b155434e1c3584c0aa3b588a49cfeb464bf00961b83e433,2.2,0.046971552829784866
4000,False,0,,False,0,D,884110,"[1.6416919845586602, -1.7080878592558901, 1.6416919845586602, -1.7080878592558901, 0.29636087807929584]","[1.6376239447265881, -1.7475587497336207, 1.6376239447265881, -1.7475587497336207, 0.30283658374970585]","[0.11126985155889989, 0.11126985155889989]",1.0179357357031904e-16,0.04799227270695101,True,D,D,"[0, 0]",True,0.0,7.460831956274412,0.13004819587729444,0.03901445876318833,191.23248643690016,4.665104453105491,5.07963691573929,0.22253970311779978,,4.665104453105491,3650.0,0.0008373810363819434,0.004600829750186664,0.034326017625570686,0.034326017625570686,4.825238910787919,64.56569918309059,0.006293973514585803,2584.0,3.7322218768016207,D,True,True,1.5987211554602254e-14,0.07337882515998828,True,True,0.9856023181879147,0.4409144676945794,ok,,3841.0,3840.0,4.8230792953866715,0.03386308792636328,190.0,True,ok,1.0,40000,f95b384d10f6aee9efe24a1c0572ccfbe12077a9c019bcf33c9ff15b79018c0a,2.0,0.04799227270695097
4000,False,0,,False,0,D,884111,"[1.6416919845586602, -1.7080878592558901, 1.6416919845586602, -1.7080878592558901, 0.29636087807929584]","[1.6880404221323237, -1.748377340706584, 1.6880404221323237, -1.748377340706584, 0.2539543363142614]","[0.11126985155889989, 0.11126985155889989]",1.0810796702287462e-16,0.04837127911423281,True,D,D,"[0, 0]",True,0.0,7.297674882470974,0.11568029314867374,0.03470408794460212,210.28286045494696,4.958377558592304,5.07963691573929,0.22253970311779978,,4.958377558592304,4218.0,0.0007571342208280552,0.004399999703979402,0.0321097673226102,0.0321097673226102,5.117589908296355,77.61251695152654,0.006045047476560042,2969.0,3.9670121647888963,D,True,True,5.684341886080802e-14,0.07555509716745945,True,True,0.9854886162657301,0.49387222376489004,ok,,4431.0,4430.0,5.117390977351702,0.03206964715380467,212.0,True,ok,1.0,40000,deaf8933a3e7eb69e8efb02d9d00f5ef2d61b22356710ac8006d77940f896d51,2.2,0.048371279114232814
4000,False,0,,False,0,D,884112,"[1.6416919845586602, -1.7080878592558901, 1.6416919845586602, -1.7080878592558901, 0.29636087807929584]","[1.6347510881680656, -1.6132906584464093, 1.6347510881680656, -1.6132906584464093, 0.29863592788222965]","[0.11126985155889989, 0.11126985155889989]",1.0682427165065178e-16,0.046885459884707395,True,D,D,"[0, 0]",True,0.0,7.748615303469151,0.12644620393416076,0.037933861180248225,204.26645383264534,6.101018990221538,5.07963691573929,0.22253970311779978,,6.101018990221538,5556.0,0.0007216498794800331,0.0031181508098268437,0.02416135108354901,0.02416135108354901,6.24842785201168,66.44919201706065,0.0042349758966917775,3953.0,4.881244444739208,D,True,True,1.7763568394002505e-15,0.06488439921112743,True,True,0.9859343620345877,0.445336035248275,ok,,5760.0,5759.0,6.2464639739501715,0.02383945763187212,203.0,True,ok,1.0,40000,9a2b40206cef5b8a05123ff9596bb07f168cffaccf9dc77fa49a7dec93609dd3,2.6,0.04688545988470739
4000,False,0,,False,0,D,884113,"[1.6416919845586602, -1.7080878592558901, 1.6416919845586602, -1.7080878592558901, 0.29636087807929584]","[1.582913846776285, -1.7128584701290381, 1.582913846776285, -1.7128584701290381, 0.3364037873580163]","[0.11126985155889989, 0.11126985155889989]",1.083855227790309e-16,0.045906845817787374,True,D,D,"[0, 0]",True,0.0,7.5144936805011735,0.13940530701096993,0.04182159210329098,179.67976116121727,4.759160074890661,5.07963691573929,0.22253970311779978,,4.759160074890661,3689.0,0.0008588119203293143,0.0043148647705128496,0.03242402405023596,0.03242402405023596,4.91347119561784,57.71429793594499,0.0058614253598802185,2629.0,3.8082689924939213,D,True,True,5.329070518200751e-15,0.06939766529360547,True,True,0.9862279462546637,0.4090519888862002,ok,,3869.0,3868.0,4.911663868310436,0.0320442664293612,179.0,True,ok,1.0,40000,f0c7addff04a066b96ad253ba69ac23d5b1076c7fdb8ae91022570542e3e50af,2.0,0.04590684581778747
4000,False,0,,False,0,D,884114,"[1.6416919845586602, -1.7080878592558901, 1.6416919845586602, -1.7080878592558901, 0.29636087807929584]","[1.6764658919129012, -1.6547847750085742, 1.6764658919129012, -1.6547847750085742, 0.2828347991520322]","[0.11126985155889989, 0.11126985155889989]",1.0963452368173421e-16,0.0473985165084887,True,D,D,"[0, 0]",True,0.0,8.14618224891918,0.12184155554189151,0.03655246666256745,222.862722894198,5.866757618910458,5.07963691573929,0.22253970311779978,,5.866757618910458,5231.0,0.0007321113350343289,0.0034139903975210872,0.027810987974266815,0.027810987974266815,6.029917944497914,68.37431489844163,0.004659069333297656,3711.0,4.693800489352851,D,True,True,8.881784197001252e-15,0.06864001922312468,True,True,0.9857804450474534,0.45976029277847585,ok,,5454.0,5453.0,6.027667481214889,0.027427392225267244,222.0,True,ok,1.0,40000,6052d10b4fd606be14d98cd9673ab8cd2dc167e1cc7e5db4dee2734145deb4e3,2.5,0.04739851650848866
4000,False,0,,False,0,D,884115,"[1.6416919845586602, -1.7080878592558901, 1.6416919845586602, -1.7080878592558901, 0.29636087807929584]","[1.5889592745473733, -1.7556785511926656, 1.5889592745473733, -1.7556785511926656, 0.3429339506077527]","[0.11126985155889989, 0.11126985155889989]",1.0810796702287462e-16,0.04803429981819618,True,D,D,"[0, 0]",True,0.0,7.013882127804923,0.14207112401825694,0.04262133720547708,164.56269529956464,4.282147027295292,5.07963691573929,0.22253970311779978,,4.282147027295292,3028.0,0.000932394965153085,0.005108710276654609,0.0358318917055611,0.0358318917055611,4.435584455844627,55.38180538438531,0.006989283521864039,2148.0,3.4258321859019985,D,True,True,8.881784197001252e-15,0.07449083966101355,True,True,0.9855897100545411,0.40901251845162206,ok,,3193.0,3192.0,4.433324168978034,0.035304052083944715,164.0,True,ok,1.0,40000,a2f0e0047ab4da0c05870dccc9b251556dda97f9d4364caeff3c6e91d029f2ae,1.9,0.04803429981819613
4000,False,0,,False,0,D,884116,"[1.6416919845586602, -1.7080878592558901, 1.6416919845586602, -1.7080878592558901, 0.29636087807929584]","[1.5921631722919267, -1.7140184530753675, 1.5921631722919267, -1.7140184530753675, 0.3335466124731478]","[0.11126985155889989, 0.11126985155889989]",1.0699774399824946e-16,0.047653468442652815,True,D,D,"[0, 0]",True,0.0,8.57125689680356,0.13674758167903261,0.04102427450370978,208.931346147961,5.286967392549605,5.07963691573929,0.22253970311779978,,5.286967392549605,4307.0,0.0008172735513109331,0.0037680781638334488,0.03229716594945234,0.03229716594945234,5.457721455796124,60.11442679529736,0.0051235534132931726,3073.0,4.229660269793971,D,True,True,3.552713678800501e-15,0.06760299002037762,True,True,0.9857039594672041,0.4303237313976955,ok,,4516.0,4515.0,5.455102442037797,0.03180179429990959,208.0,True,ok,1.0,40000,76f9cd0ecc542b72cb297473e6e8b526506567bcd5368576caa0af3b5ec038bb,2.2,0.04765346844265275
4000,False,0,,False,0,D,884117,"[1.6416919845586602, -1.7080878592558901, 1.6416919845586602, -1.7080878592558901, 0.29636087807929584]","[1.6334328911022178, -1.695296650896758, 1.6334328911022178, -1.695296650896758, 0.3086428267804111]","[0.11126985155889989, 0.11126985155889989]",1.0769163338864018e-16,0.04745295663106758,True,D,D,"[0, 0]",True,0.0,7.706837198074173,0.13116280917889805,0.039348842753669414,195.8593101789629,5.347096897257352,5.07963691573929,0.22253970311779978,,5.347096897257352,4526.0,0.0007793691656705981,0.0037041895412628155,0.028547585745321576,0.028547585745321576,5.499743604420349,65.38053436891748,0.005040242638846066,3219.0,4.278012708543509,D,True,True,3.552713678800501e-15,0.06746557130466968,True,True,0.9857641130106797,0.44646233498366544,ok,,4722.0,4721.0,5.497541011855097,0.028135662676117112,195.0,True,ok,1.0,40000,6631a0133822b24c9247a073c67905da3d646701e321cdf6204554485b4f0480,2.3,0.04745295663106755
4000,False,0,,False,0,D,884118,"[1.6416919845586602, -1.7080878592558901, 1.6416919845586602, -1.7080878592558901, 0.29636087807929584]","[1.6731890555136937, -1.6721690126751725, 1.6731890555136937, -1.6721690126751725, 0.28973947915806153]","[0.11126985155889989, 0.11126985155889989]",1.0817735596191369e-16,0.04841492510084944,True,D,D,"[0, 0]",True,0.0,8.786296268207288,0.1231463175435847,0.036943895263075406,237.82809597202908,5.8903622088524195,5.07963691573929,0.22253970311779978,,5.8903622088524195,5218.0,0.0007364950545585814,0.0033844269876545565,0.02973657821164926,0.02973657821164926,6.065521425370902,67.23939982408102,0.004623472123865348,3701.0,4.712559098031992,D,True,True,8.881784197001252e-15,0.06836450791987758,True,True,0.9854755224697451,0.45720195648237644,ok,,5455.0,5454.0,6.062846379285572,0.029282438722347592,236.0,True,ok,1.0,40000,5d37cdb0e15dc982cab26039301d7fd2f192136f72186d2f6e4c3b5e09fea8e5,2.5,0.048414925100849444
4000,False,0,,False,0,D,884119,"[1.6416919845586602, -1.7080878592558901, 1.6416919845586602, -1.7080878592558901, 0.29636087807929584]","[1.7092462663637755, -1.6487357593013023, 1.7092462663637755, -1.6487357593013023, 0.2326375518991877]","[0.11126985155889989, 0.11126985155889989]",1.0234001146525173e-16,0.0462833484676789,True,D,D,"[0, 0]",True,0.0,8.041157466758136,0.10835078025019637,0.03250523407505891,247.38038951480962,6.135065152996206,5.07963691573929,0.22253970311779978,,6.135065152996206,6141.0,0.0006406085035425945,0.003212330507774611,0.02583085544828677,0.02583085544828677,6.293539134129071,83.25265693693056,0.00440891239457621,4328.0,4.9084764296865915,D,True,True,2.3092638912203256e-14,0.06834468201667043,True,True,0.9861149954596964,0.5091316453357546,ok,,6388.0,6387.0,6.29161921843982,0.025517914079063564,246.0,True,ok,1.0,40000,41afa689ec14c43b8e684933622d68bf3c1e574bb89e603e00fa985fdadfdd67,2.7,0.04628334846767884
4000,False,0,,False,0,T,884000,"[-0.916840538676948, 0.0018073375340554865, 0.1885986717586139, -0.22715619736174375, -0.6172086878345451]","[-1.642793816849224, -1.4725144503660195, 1.669877929217225, -1.6696977710297571, 0.2746250671167657]","[0.022253970311779978, 0.2002857328060198]",1.0846358533544986e-16,0.009651500519230676,True,T,T,"[0, 0]",True,0.0,0.08969597790291138,0.06288663276225813,0.0018865989828677438,47.54374338025355,0.5581208366815841,0.48158619450836937,0.22253970311779978,0.558219549631165,0.558219549631165,14866.0,2.0262833105988422e-05,0.019240463477675145,0.0017257921869353232,0.0017257921869353232,0.559182920568513,0.3924898303180954,0.03289106006249584,9553.0,0.446518334338766,T,True,True,5.154765503334602e-13,0.006311859170131218,True,,0.9997104549844231,0.00643999572408639,ok,,14915.0,14914.0,0.5591952302540592,0.001747843878880273,48.0,True,ok,0.0009765625,100000,7c24892ae155dfef18ad2372d014b94f5cc4245e62daf1c2c7060a877a69f5c8,6.6,
4000,False,0,,False,0,T,884001,"[0.13492561996998842, 0.1669377989696017, -0.2911745194910891, 0.7751615030813941, -0.6149734092263279]","[1.7221988262214025, -1.6687690964290671, 1.722198826221409, -1.66876909642908, 0.24903387680533948]","[0.022253970311779978, 0.2002857328060198]",1.0987738496837097e-16,0.009410517961454916,True,D,,,False,0.0,,,,,,,,,,,,,,,,,,,,,,,,,,,,,,,,,,,,,no prediction: not on a scored copy at release,0.0009765625,100000,04277fc6a83cdffe78fdb774e00808d93decb6e69bd425355f0ab12c6ec283e0,2.2,
4000,False,0,,False,0,T,884002,"[-0.3068842823682716, -0.48633101300592196, -0.5689022057799209, 0.187007508422385, -0.04051162747325443]","[-1.6851587742061611, -1.464552996469005, 1.7098063113109763, -1.6782641358694117, 0.2692469478320419]","[0.022253970311779978, 0.2002857328060198]",1.0873246747422627e-16,0.009528584838359777,True,T,T,"[0, 0]",True,0.0,0.09167276932375489,0.061812384167208585,0.0018543715250162575,49.43603160804099,0.5478534650216589,0.48158619450836937,0.22253970311779978,0.5479512269712292,0.5479512269712292,14493.0,2.0249540054033678e-05,0.01992858712146201,0.0018269087701341393,0.0018269087701341393,0.5489522838733887,0.39329665284682785,0.0343339744290405,9267.0,0.4382958488203895,T,True,True,6.007416786246722e-13,0.006247787334771049,True,,0.9997141424548492,0.006380392706517965,ok,,14544.0,14543.0,0.5489661847433585,0.0018522775790454915,50.0,True,ok,0.0009765625,100000,b19ac361f20af87da29cb9c35aaf9f73f4e1d9c684da4403afe8ec21b0352831,6.2,
4000,False,0,,False,0,T,884003,"[-0.4082512914097358, -0.9311913405438421, 0.8235204759182724, 0.7462964208064953, -0.599658450327575]","[-1.6631457385030914, -1.4857064975327843, 1.7150696676399417, -1.6584995775788423, 0.26741466493337995]","[0.022253970311779978, 0.2002857328060198]",1.1071872585421972e-16,0.009554842308306534,True,T,T,"[0, 0]",True,0.0,0.10318203389767074,0.06509923736650618,0.0019529771209951853,52.83320157129742,0.6019981072019456,0.48158619450836937,0.22253970311779978,0.6021445339619808,0.6021445339619808,17199.0,1.9502894553354854e-05,0.01658445364295945,0.0017112176579621907,0.0017112176579621907,0.6031749343211419,0.3938944984952793,0.027676359650008007,11263.0,0.4816058769944409,T,True,True,5.181410855925606e-13,0.006316600082258317,True,,0.9997133547307508,0.006479418529394635,ok,,17253.0,17252.0,0.6031781385967179,0.0017165390972433414,53.0,True,ok,0.0009765625,100000,3d0272626c2c20db14031d2bd8c360e73f4cd2a41f326cb2f678e25b7260070b,60.4,
4000,False,0,,False,0,T,884004,"[0.8143419481562515, -0.6976746372584886, -0.583596857009008, 0.26563042999086095, -0.6533355763480271]","[1.6911334913428164, -1.7093153454011503, 1.6911334913428226, -1.7093153454011631, 0.2654963158431349]","[0.022253970311779978, 0.2002857328060198]",1.0963452368173421e-16,0.009389643186193595,True,D,,,False,0.0,,,,,,,,,,,,,,,,,,,,,,,,,,,,,,,,,,,,,no prediction: not on a scored copy at release,0.0009765625,100000,0890dfdbb17cb4e02ef60a351ea3751efe7806bf1f5cf1a3a1019c72f2c17f78,3.6,
4000,False,0,,False,0,T,884005,"[0.7968770977344795, -0.17853000171943512, 0.8068000896727043, -0.03777450273130256, -0.576452349045274]","[1.6925855936129457, -1.7083309131135165, 1.692585593612938, -1.7083309131135291, 0.2758000792643161]","[0.022253970311779978, 0.2002857328060198]",1.0998146837692957e-16,0.009574537905529968,True,D,,,False,0.0,,,,,,,,,,,,,,,,,,,,,,,,,,,,,,,,,,,,,no prediction: not on a scored copy at release,0.0009765625,100000,7b667503c1ffe6ca6d875f92c394cf41e57027dc0971bdb679aceb1bae417b93,4.0,
4000,False,0,,False,0,T,884006,"[0.7155338940010327, -0.22042980509492338, 0.7758082331224951, -0.06789702213949789, 0.10782119631513476]","[1.6103263697357024, -1.6680578197132228, 1.610326369735694, -1.6680578197132367, 0.320035343537415]","[0.022253970311779978, 0.2002857328060198]",1.1097459756692629e-16,0.009422593627488124,True,D,,,False,0.0,,,,,,,,,,,,,,,,,,,,,,,,,,,,,,,,,,,,,no prediction: not on a scored copy at release,0.0009765625,100000,6437e0683ae838306a4029dadbef6a0ad4d09b49c90ff36a8a8cc20dffb3ee56,3.0,
4000,False,0,,False,0,T,884007,"[0.5916676754600145, -0.37977868333265796, -0.41371167134903164, 0.9905614274847643, 0.11801782320141307]","[1.654805881253219, -1.6829888331921252, 1.6548058812532116, -1.6829888331921379, 0.2706316432774306]","[0.022253970311779978, 0.2002857328060198]",1.1084883011491797e-16,0.0096438010945103,True,D,,,False,0.0,,,,,,,,,,,,,,,,,,,,,,,,,,,,,,,,,,,,,no prediction: not on a scored copy at release,0.0009765625,100000,24957a19742b9bb1b5d17e56b215e73f5165cb5b716dd3a7850a8bccdd8dc0f8,2.6,
4000,False,0,,False,0,T,884008,"[0.21718947392304555, 0.4671783695569012, 0.20062332854269416, 0.5813634663546299, 0.021851857041421452]","[-1.6919656539541035, -1.4247478433149063, 1.6274075347359116, -1.7205704766212193, 0.3140288525665345]","[0.022253970311779978, 0.2002857328060198]",7.226164111528988e-16,0.009908719407057615,True,T,T,"[0, 0]",True,0.0,0.02195159036034957,0.05312736461808178,0.0015938209385424533,13.772933853174413,0.4359452849042043,0.48158619450836937,0.22253970311779978,0.43580330760468566,0.43580330760468566,8764.0,2.274924485786256e-05,0.03275193286645053,0.0007189570137939917,0.0007189570137939917,0.43611663144932267,0.3952257470563619,0.06120020424909917,5042.0,0.3487619594256169,T,True,True,1.1541878564003127e-12,0.006209319072435715,True,,0.9997027384177882,0.006265587144757706,ok,,8778.0,8777.0,0.43611387216548436,0.0007126255248168789,13.0,True,ok,0.0009765625,100000,31d1aa781bbfff61bcbac61f1fc87e63f460252e4fd604c4046f78192269d797,55.1,
4000,False,0,,False,0,T,884009,"[-0.6069527620644397, 0.6470046423292333, -0.24729343054293396, -0.9211798188136691, -0.47206436057643253]","[-1.6964587472281818, -1.4204020250151308, 1.6683456812263653, -1.7209551884634298, 0.2902771864197129]","[0.022253970311779978, 0.2002857328060198]",2.0816681711721685e-17,0.009769495034548875,True,T,T,"[0, 0]",True,2.3972268836658372e-08,0.05043324666367896,0.0550103741457883,0.001650311224373649,30.559839816165674,0.4623228647490015,0.48158619450836937,0.22253970311779978,0.4622968735304626,0.4622968735304626,10143.0,2.193761852698872e-05,0.02875429145379963,0.0014501722735287927,0.0014501722735287927,0.4629672836385955,0.3922527147331231,0.05253654905693689,6050.0,0.36986252470965053,T,True,True,6.801226248853709e-13,0.006267172754361172,True,,0.9997069151489635,0.006335751798988036,ok,,10174.0,10173.0,0.46296755560020286,0.0014507605569953341,30.0,True,ok,0.0009765625,100000,8c784bdeef4ad3ef3a3e82a8f10f2fdf25e8df0e711e2d6cfbee368896ee0f25,6.3,
4000,False,0,,False,0,T,884010,"[0.6991077865848225, 0.4720662354975267, 0.9264108962823232, -0.4863519035887476, 0.1269198027260543]","[-0.04700250468703056, 0.18481422811071205, 1.7023073164884788, -1.7329374301289315, 0.22446320482449536]","[0.022253970311779978, 0.2002857328060198]",8.206414125659367e-06,-1.5105628663894884e-06,False,not accepted,,,False,0.8631348317384319,,,,,,,,,,,,,,,,,,,,,,,,,,,,,,,,,,,,,no prediction: not on a scored copy at release,0.0009765625,100000,f1b6e2fb233b35488197371d081d1733d97f8753f956e2784123f07e86f39b77,2.9,
4000,False,0,,False,0,T,884011,"[-0.80719723834382, -0.5523587237883161, 0.8794517995468649, -0.8829851206379056, -0.5499971898229845]","[-1.7380363225249431, -1.4810011670324121, 1.6965683348436706, -1.6634250992704331, 0.3006836526865623]","[0.022253970311779978, 0.2002857328060198]",1.107794411758789e-16,0.009637269380750421,True,T,T,"[0, 0]",True,0.0,0.049987115511827836,0.060719693085845385,0.0018215907925753616,27.441462547774602,0.5076997211015329,0.48158619450836937,0.22253970311779978,0.5075864633768038,0.5075864633768038,12294.0,2.1209934031070078e-05,0.022939210345701698,0.001146664957300707,0.001146664957300707,0.5081684949871581,0.3955125608028848,0.04026978191705003,7665.0,0.40618119918688006,T,True,True,1.0994538612862925e-12,0.006175750958198889,True,,0.9997108819185775,0.00626394582586262,ok,,12323.0,12322.0,0.5081839150386043,0.0011770441193916792,28.0,True,ok,0.0009765625,100000,46c153e0f86cdef5832f22686a9bed8a9e92b2f5412b4c37e9e90b9955a3d9ec,55.9,
4000,False,0,,False,0,T,884012,"[-0.020443804265117604, 0.2193290520696527, 0.9477371286678287, 0.3937337409733459, 0.881197549936888]","[-1.7281150218668577, -1.4284314935137385, 1.5615434719270729, -1.7348856946337408, 0.3381042240977713]","[0.022253970311779978, 0.2002857328060198]",1.0975595432505259e-16,0.009825389866478625,True,T,T,"[0, 0]",True,0.0,0.001677592912463087,0.04661929055173206,0.0013985787165519616,1.1994983854745076,0.3743260998345738,0.48158619450836937,0.22253970311779978,0.3741406242715863,0.3741406242715863,6004.0,2.4053959125341362e-05,0.04596897151560186,7.71172208077912e-05,7.71172208077912e-05,0.3741694769567214,0.4061259613382486,0.09480090103753867,2972.0,0.2994676183440974,T,True,True,3.84881015946803e-12,0.00593016895656634,True,,0.9997052383040056,0.006034215309322399,ok,,6005.0,6004.0,0.3741592471966642,4.9775201808710534e-05,0.0,False,ok,0.0009765625,100000,a71ddadfa080a957847d9eed4ed1f88e68b2fff436d2d909e7ca779d0e1692f2,4.1,
4000,False,0,,False,0,T,884013,"[0.9912653966002898, 0.6439734110489614, 0.33457941752946607, 0.3443730811866279, -0.07701526889973964]","[-1.7503672903179994, -1.4255397810198907, 1.672622160978659, -1.7200274996048615, 0.3111556239778698]","[0.022253970311779978, 0.2002857328060198]",2.406408405875027e-16,0.00968771758737427,True,T,T,"[0, 0]",True,0.0,0.040356614642130965,0.05354106897531015,0.0016062320692593044,25.125021106533477,0.4412380942240372,0.48158619450836937,0.22253970311779978,0.4411189131667662,0.4411189131667662,9201.0,2.219073352031864e-05,0.031318985581775496,0.0012639282321061697,0.0012639282321061697,0.4416764558148336,0.3949468186863834,0.058274471365115335,5339.0,0.35301377836479864,T,True,True,1.7010837183306649e-12,0.006147081431899459,True,,0.9997093684723788,0.006201933396468978,ok,,9227.0,9226.0,0.441679937217828,0.001271820441871796,25.0,True,ok,0.0009765625,100000,1dd49d12aba4080c69d616077a674714129b236b95d7053fb560205ce56b91f3,6.6,
4000,False,0,,False,0,T,884014,"[0.3408066374623022, -0.32418371213666464, -0.3706167867152079, 0.6494737885111106, 0.9864010008947937]","[1.6831178472160575, -1.7115205222148335, 1.6831178472160637, -1.711520522214847, 0.25155727850839077]","[0.022253970311779978, 0.2002857328060198]",1.10996281610376e-16,0.009502979061249466,True,D,,,False,0.0,,,,,,,,,,,,,,,,,,,,,,,,,,,,,,,,,,,,,no prediction: not on a scored copy at release,0.0009765625,100000,8ed7ec0aae7963d82438929dfb857529d0850b864cd5c374b61d2f4e651aefdd,3.4,
4000,False,0,,False,0,T,884015,"[-0.6158229588217292, -0.6415305416004671, 0.9229148587255978, 0.07224759929519498, -0.7227261594425898]","[-1.7711876299892122, -1.4108032768137513, 1.6026245404443102, -1.748776542982147, 0.3362996483066741]","[0.022253970311779978, 0.2002857328060198]",1.0942635686461699e-16,0.00970257734105059,True,T,T,"[0, 0]",True,0.0,0.0005995743346886745,0.04549190637068813,0.001364757191120644,0.43932674514529996,0.3722941041688773,0.48158619450836937,0.22253970311779978,0.37212676959367297,0.37212676959367297,6029.0,2.3664867247015774e-05,0.04659697976393198,2.7938353140461144e-05,2.7938353140461144e-05,0.3721371662027749,0.40360268498868157,0.09638402988348069,2962.0,0.2978396042088419,T,True,True,3.9438452503759436e-12,0.005877553985867423,True,,0.9997089226797685,0.005988578178874472,ok,,6030.0,6028.0,0.3721145950219436,-3.271619438360851e-05,-1.0,False,ok,0.0009765625,100000,71324cd21698d835183e34dfd7847e403f8631820b9dc3a54410439fbdbf43ba,5.1,
4000,False,0,,False,0,T,884016,"[-0.33432144565210176, 0.8265916208525286, -0.6519346657050538, 0.6912445527061781, -0.41211683516710274]","[-0.07304366289567107, 0.6771797931208977, 1.6499149058713625, -1.692463068885167, 0.2232551860933275]","[0.022253970311779978, 0.2002857328060198]",9.441250559127923e-13,-1.0849346336962856e-05,False,not accepted,,,False,1.7712529530604306,,,,,,,,,,,,,,,,,,,,,,,,,,,,,,,,,,,,,no prediction: not on a scored copy at release,0.0009765625,100000,0ec37b61a7c20c7d9c0eada746cde7bbd889b5dd7c91846e5f804bf9d57c04d0,44.6,
4000,False,0,,False,0,T,884017,"[0.712190286476861, -0.4449636937419106, 0.7020958812302458, -0.075075905098412, 0.2987946519347855]","[1.6453203532925469, -1.7127236128640022, 1.6453203532925387, -1.7127236128640155, 0.30580703183286917]","[0.022253970311779978, 0.2002857328060198]",1.1074474670635937e-16,0.009777627214311876,True,D,,,False,0.0,,,,,,,,,,,,,,,,,,,,,,,,,,,,,,,,,,,,,no prediction: not on a scored copy at release,0.0009765625,100000,357016bca432ee6fd3084c136bd935a13600aeee1e7ccb8e52c3495ba4d63ca3,2.2,
4000,False,0,,False,0,T,884018,"[0.26682072259277745, 0.15361671368447305, 0.4365529560857526, -0.20118415475320073, 0.20728148518339506]","[-1.7390226273316125, -1.4194526533416156, 1.6968195616429458, -1.7230038043985607, 0.30429134951373005]","[0.022253970311779978, 0.2002857328060198]",1.0935696792557792e-16,0.009758096924646017,True,T,T,"[0, 0]",True,0.0,0.05052541585789747,0.05638478455808228,0.0016915435367424684,29.869414981300473,0.47049550660196005,0.48158619450836937,0.22253970311779978,0.47037937313682,0.47037937313682,10514.0,2.1803987477392873e-05,0.02740340156537354,0.0013845682600114567,0.0013845682600114567,0.47103064548702933,0.3928993499802662,0.0495697788665857,6331.0,0.37641413215856007,T,True,True,9.128253708468037e-13,0.006175805167685788,True,,0.9997072570922606,0.0062480466815148135,ok,,10544.0,10543.0,0.4710326923330278,0.0013889197390841712,29.0,True,ok,0.0009765625,100000,975251596be68f65074dd89c8893d7cf70676df57f97da9e765c0b8f6754ad45,7.0,
4000,False,0,,False,0,T,884019,"[-0.937452961079585, 0.5510490500824068, -0.9134414978057843, -0.46115091770205097, -0.012204989332645466]","[1.8770625708416608, -1.6375233258580484, -1.371296562849018, -1.711162291329375, 0.44946070645998193]","[0.022253970311779978, 0.2002857328060198]",2.575370472435168e-16,0.008527109948211401,True,Tp,Tp,"[0, 0]",False,0.0,,,,,,,,,,,,,,,,,,,,,,,,,,,,,,,,,,,,,no prediction: not on a scored copy at release,0.0009765625,100000,27ce8c3861d3cd605b1273218ba022d8b3f92df33b96c94dd9d71fea81c0a7e3,2.8,
4000,False,0,,False,0,T,884020,"[-0.5051962772841296, -0.5393305458187501, 0.444858394040478, 0.7187089573598939, -0.5594897845370221]","[-1.6763199362493604, -1.5046990464746661, 1.711192792301883, -1.6374009009000974, 0.2718321794967106]","[0.022253970311779978, 0.2002857328060198]",1.0973860709029281e-16,0.0095568435076524,True,T,T,"[0, 0]",True,0.0,0.09985887385097506,0.06604896911084235,0.0019814690733252704,50.39638276230749,0.6074418196982109,0.48158619450836937,0.22253970311779978,0.6075202281764454,0.6075202281764454,17505.0,1.9423688231420266e-05,0.01613554568927434,0.0016112774215018906,0.0016112774215018906,0.6084991118032117,0.39232811819778607,0.026714761847498558,11495.0,0.4859692868167601,T,True,True,7.132072710192006e-13,0.0062716023478358585,True,,0.9997132946947704,0.006423717477281295,ok,,17557.0,17556.0,0.6085115330430271,0.0016317232260023573,51.0,True,ok,0.0009765625,100000,f13231268f4e3ebd168d88a0c6722c6c82e1337decdcbfec7abe19f1b41524f9,61.5,
4000,False,0,,False,0,T,884021,"[0.016418412588311337, 0.17274496848782617, -0.6714566164467819, 0.8485825745197653, 0.7928608720181491]","[-1.6922273085112092, -1.449186239042218, 1.7027650803441585, -1.692776447144237, 0.27926338371806814]","[0.022253970311779978, 0.2002857328060198]",7.771561172376097e-18,0.009610134191059137,True,T,T,"[0, 0]",True,1.6526091606294813e-10,0.07085161167260992,0.060162688643906184,0.0018048806593171855,39.25556590506886,0.5242405718872044,0.48158619450836937,0.22253970311779978,0.5242849901402812,0.5242849901402812,13242.0,2.070730219627337e-05,0.02188303756907682,0.0015504484800613649,0.0015504484800613649,0.5250978670063632,0.39263331965072334,0.038204723656723054,8346.0,0.4194038195672271,T,True,True,6.322720125240266e-13,0.006221453771612984,True,,0.9997116959742682,0.00633388355720609,ok,,13283.0,13282.0,0.525115638409904,0.0015843449369028484,40.0,True,ok,0.0009765625,100000,5e3b12f79307ef39f0c850bbc1acac8c01c46fca25ca5425531bd8cf29efaf0b,6.6,
4000,False,0,,False,0,T,884022,"[0.0549191281956356, -0.6926601896592786, 0.024278710687065885, -0.8670844203589272, -0.8137716453570267]","[-1.745644931585185, -1.4259297663215154, 1.6486230190703992, -1.7233884269846786, 0.3220243645727972]","[0.022253970311779978, 0.2002857328060198]",1.1003351008120887e-16,0.009607138410733905,True,T,T,"[0, 0]",True,0.0,0.015904645371090237,0.05086590576887973,0.0015259771730663917,10.42259717367231,0.4205136130627865,0.48158619450836937,0.22253970311779978,0.4203486855807323,0.4203486855807323,8270.0,2.2512783525493463e-05,0.03509711870235418,0.0005582072265080019,0.0005582072265080019,0.4205833272546766,0.39799053147592567,0.06689124975367503,4637.0,0.33642644169555724,T,True,True,1.9855783683908612e-12,0.006024870272710758,True,,0.999711785847678,0.006096472130831457,ok,,8281.0,8280.0,0.4205841343136192,0.0005601272014486014,10.0,True,ok,0.0009765625,100000,43321760b540fbf50d700db12d955a8ad886fbdbd8a14629e9a14a917a4f0902,5.9,
4000,False,0,,False,0,T,884023,"[0.48282666994769197, 0.484905542877488, -0.3843779183821199, 0.9228935459746852, 0.6969521736491926]","[-1.6746078920371392, -1.4577652369139158, 1.672403197306459, -1.6837932671171214, 0.28144345776747703]","[0.022253970311779978, 0.2002857328060198]",1.0047518372857667e-16,0.009649301003026826,True,T,T,"[0, 0]",True,1.277316030723341e-10,0.06969190252249016,0.059498442699387075,0.0017849532809816123,39.04410455166871,0.5114613771568917,0.48158619450836937,0.22253970311779978,0.51146387754683,0.51146387754683,12588.0,2.0949505844897188e-05,0.022947319531692854,0.001599242355955173,0.001599242355955173,0.512281832243344,0.3921534530181406,0.040379464611521594,7863.0,0.40917730201360475,T,True,True,6.192824031359123e-13,0.006219868826755848,True,,0.9997105209699092,0.006321291982894088,ok,,12628.0,12627.0,0.5122979773470608,0.0016308088153389466,39.0,True,ok,0.0009765625,100000,4b82388284060fb26ffc98235c4c2a3db19d32b8da8390317db1f9aa49f703c1,55.2,
4000,False,0,,False,0,T,884024,"[0.2791652956588102, 0.7642826749932516, -0.1042015667016778, -0.20607418490370355, -0.26774353939402196]","[0.03738180544397241, 0.6813165228844884, 1.7224527336936009, -1.7121864182629416, 0.19955028885493392]","[0.022253970311779978, 0.2002857328060198]",1.0410544408183953e-05,-6.474319091256849e-06,False,not accepted,,,False,0.6983727953212462,,,,,,,,,,,,,,,,,,,,,,,,,,,,,,,,,,,,,no prediction: not on a scored copy at release,0.0009765625,100000,43351d2741c9e8a960b44285e6b0d9754a0df3edb8551cb11d8fe6597a59fba4,2.3,
4000,False,0,,False,0,T,884025,"[-0.8729082811854496, 0.879184513474095, -0.32869814919255314, -0.5184353961619761, 0.9578681871155792]","[-1.6499010094158832, -1.4275190469096504, 1.625858225000103, -1.7144781032360144, 0.30032241786878877]","[0.022253970311779978, 0.2002857328060198]",5.4828641626869514e-14,0.009534402595008745,True,T,T,"[0, 0]",True,1.6947759935215245e-05,0.03890912534659803,0.0536811721682928,0.001610435165048784,24.16062825194169,0.4633268048714956,0.48158619450836937,0.22253970311779978,0.4632340117720017,0.4632340117720017,10422.0,2.145240081570021e-05,0.028756247889017084,0.0011188804536116108,0.0011188804536116108,0.4637523152532214,0.39232434365718816,0.052429011433503044,6229.0,0.3706686251593859,T,True,True,5.611067166455541e-13,0.006039599851650812,True,,0.9997139679221497,0.006128589619069319,ok,,10447.0,10446.0,0.46375446073501425,0.0011235119826837892,24.0,True,ok,0.0009765625,100000,abc86f8631a5d0fd85ca909ae0aa8a4b89b5201098ed808dc6cfb98abace4abc,6.6,
4000,False,0,,False,0,T,884026,"[-0.22754476663194856, -0.0964190975596273, 0.5335636407906856, -0.9490494699753325, 0.2053523154169743]","[-1.7733042944252995, -1.4604124396883735, 1.6539998368809676, -1.694011282280846, 0.3201920366600528]","[0.022253970311779978, 0.2002857328060198]",1.1011157263762783e-16,0.009609772181451452,True,T,T,"[0, 0]",True,0.0,0.023854436133858486,0.05344095422413902,0.0016032286267241706,14.878998376294932,0.4286169626646791,0.48158619450836937,0.22253970311779978,0.42844458382326356,0.42844458382326356,8546.0,2.260375130157255e-05,0.03290716011718439,0.0007849817493620302,0.0007849817493620302,0.4287809050021778,0.4020927026187153,0.0622688167870692,4861.0,0.3428992776853873,T,True,True,2.534306098311845e-12,0.006077972110904717,True,,0.9997117068345565,0.006147047907061202,ok,,8562.0,8561.0,0.4287873826142233,0.0008001006522260212,15.0,True,ok,0.0009765625,100000,2a2d3da9f121ea322e60120106a8ed55a4ebbfd4ca9ae47de8300a9be7500238,5.7,
4000,False,0,,False,0,T,884027,"[0.801723947824589, 0.5631344831506524, -0.6296013402474123, 0.3894992191968294, 0.6233533704217962]","[-1.7542157766112916, -1.4352766532634753, 1.6732366237706564, -1.7106159278672124, 0.3130394580622206]","[0.022253970311779978, 0.2002857328060198]",1.1032841307212493e-16,0.009905544381330414,True,T,T,"[0, 0]",True,0.0,0.03843594685689889,0.05449956294752252,0.0016349868884256756,23.508412898594408,0.43949616299568306,0.48158619450836937,0.22253970311779978,0.4393681500637829,0.4393681500637829,8920.0,2.2700296749077476e-05,0.03160011686241395,0.001214580412395537,0.001214580412395537,0.4399017980126808,0.3953853203879264,0.05891178783259897,5160.0,0.3516032659142434,T,True,True,1.4490630917407543e-12,0.006329908294336661,True,,0.99970283366856,0.006375682955596443,ok,,8944.0,8943.0,0.43990095981543553,0.0012126726791081843,23.0,True,ok,0.0009765625,100000,d593a274aa09d0d0dcb01b08230c9123b803aeb417ae04774be8a7841bbe920c,57.4,
4000,False,0,,False,0,T,884028,"[-0.43639677600447624, -0.5325814151218184, -0.40556009894731604, 0.49955447015340093, 0.21850871177018072]","[-1.7524025244127852, -1.4323180804841917, 1.6027915330313967, -1.7233948397788026, 0.3217366803457506]","[0.022253970311779978, 0.2002857328060198]",1.1027637136784563e-16,0.009697121473103193,True,T,T,"[0, 0]",True,0.0,0.009072934357989757,0.04843846733407986,0.0014531540200223958,6.243615083451324,0.3901558506634164,0.48158619450836937,0.22253970311779978,0.3899885761127228,0.3899885761127228,6834.0,2.326040782259786e-05,0.04104438869247845,0.000372393044370674,0.000372393044370674,0.3901338051458512,0.4006028474148843,0.08203908220922505,3566.0,0.3121303594217781,T,True,True,2.6179614032173504e-12,0.005905295917883413,True,,0.9997090863558069,0.005984357605751627,ok,,6840.0,6839.0,0.3901239412931625,0.00034710037352625456,5.0,False,ok,0.0009765625,100000,320f0907bac06d0335025eaf46e5ed3ae6520b7b791e2f98e61165a36ac4a1df,4.4,
4000,False,0,,False,0,T,884029,"[0.5893679275231543, -0.5470035339425401, -0.3218605728406705, -0.6001422780649024, 0.13564169094584488]","[1.6769362146272178, -1.6847499508127908, 1.6769362146272098, -1.684749950812804, 0.28427315616880716]","[0.022253970311779978, 0.2002857328060198]",1.0984269049885143e-16,0.009626875271828492,True,D,,,False,0.0,,,,,,,,,,,,,,,,,,,,,,,,,,,,,,,,,,,,,no prediction: not on a scored copy at release,0.0009765625,100000,8b898fcb7b58e5f181e9460c2d836cb0cab5d7f60cadb82065986145388274b9,3.0,
4000,False,0,,False,0,T,884030,"[-0.7195936891378294, -0.3241797148386085, -0.029640144697218984, 0.7855525590072188, -0.7955803543324687]","[-1.7215698363320788, -1.4445847963804728, 1.6572370322774337, -1.6998444066507012, 0.30528017311478217]","[0.022253970311779978, 0.2002857328060198]",1.0998146837692957e-16,0.009727218972790828,True,T,T,"[0, 0]",True,0.0,0.034471072731420686,0.055292395272233466,0.001658771858167004,20.78108123290223,0.4548265723986862,0.48158619450836937,0.22253970311779978,0.4547071199440309,0.4547071199440309,9794.0,2.204838849818813e-05,0.029231993897940338,0.0010076581877403472,0.0010076581877403472,0.4551653092964663,0.3941202354300541,0.05367181532917657,5791.0,0.36388261941239797,T,True,True,1.1929346399597307e-12,0.006166167550644475,True,,0.9997081834308162,0.006224606924469481,ok,,9816.0,9815.0,0.4551744161968095,0.0010276862452387459,21.0,True,ok,0.0009765625,100000,ee3cf813fdb0732b6964e7fc867ca7c673f9075bbe2595adad01b222f084f855,5.7,
4000,False,0,,False,0,T,884031,"[-0.21339095696940147, -0.40291313322117306, 0.42222579681912653, 0.2756987276998528, -0.618559604195869]","[-1.7083213259808094, -1.4381857748423428, 1.6680016202181471, -1.7043803842442458, 0.3000321705892731]","[0.022253970311779978, 0.2002857328060198]",1.1008555178548818e-16,0.009700535267330817,True,T,T,"[0, 0]",True,0.0,0.04362190824817297,0.05571873047692974,0.0016715619143078922,26.09649566359889,0.4667212218370872,0.48158619450836937,0.22253970311779978,0.46663726490585566,0.46663726490585566,10399.0,2.175452483334117e-05,0.02788994876668551,0.0012166127861466002,0.0012166127861466002,0.46720498176883263,0.3928183784070184,0.05068937209663318,6236.0,0.37338047901364946,T,True,True,8.029132914089132e-13,0.006206716914303301,True,,0.99970898394198,0.006276484300419794,ok,,10426.0,10425.0,0.46721927621295756,0.001247245667830077,26.0,True,ok,0.0009765625,100000,13e929866fd0b800fce75faf7099e60959398292f1b4206b1e16cd7c296caefb,53.5,
4000,False,0,,False,0,T,884032,"[0.19154513240671966, 0.7173405384370775, -0.23137429163476653, -0.8712585513728628, -0.6460616900599583]","[-1.7665457779925209, -1.3997868298552025, 1.6397155133995367, -1.7539329023533847, 0.3333079343042596]","[0.022253970311779978, 0.2002857328060198]",1.8412181501670235e-15,0.009761952146645313,True,T,T,"[0, 0]",True,0.0,0.021359077897201005,0.04887620396617296,0.0014662861189851887,14.566787218843444,0.39820217492548016,0.48158619450836937,0.22253970311779978,0.39802332686676106,0.39802332686676106,7121.0,2.3323027685822063e-05,0.03996296283870659,0.000853572036274883,0.000853572036274883,0.3983630684483596,0.40147077216798077,0.07859377580473059,3798.0,0.31858018715940034,T,True,True,3.719025087889349e-12,0.0060378817457223954,True,,0.9997071414356007,0.006121120610049644,ok,,7136.0,7135.0,0.39837099992024017,0.0008734991896479638,14.0,True,ok,0.0009765625,100000,529bf1a3a95fd0268dce84cb8c2e08d41865eb58d6dc35f243b148e9580b1786,5.4,
4000,False,0,,False,0,T,884033,"[0.021139830067802512, 0.8280633166123821, 0.8450354621942273, -0.03784443583943453, -0.7344201330916622]","[1.7244890531513748, -1.6654592910731363, 1.7245043328149303, -1.6657801970397914, 0.24931919741189476]","[0.022253970311779978, 0.2002857328060198]",7.16093850883226e-17,0.009135324263179612,True,D,,,False,0.0003185890781394196,,,,,,,,,,,,,,,,,,,,,,,,,,,,,,,,,,,,,no prediction: not on a scored copy at release,0.0009765625,100000,7f1616fdb96a1849de33d3802496699e758fdf2a682a74af5acf7ebb078d8231,2.7,
4000,False,0,,False,0,T,884034,"[-0.516417842402719, -0.7084380578254421, 0.9974721955918668, -0.6793086893925917, -0.8288988648267772]","[-1.6683639501662728, -1.5418573012467527, 1.7513252658059357, -1.602394731727608, 0.26142129696354083]","[0.022253970311779978, 0.2002857328060198]",1.093135998386785e-16,0.009557938894404908,True,T,T,"[0, 0]",True,0.0,0.12135222662408908,0.06872403900593375,0.0020617211701780126,58.85966947393343,0.7105515379382672,0.48158619450836937,0.22253970311779978,0.7106890750285872,0.7106890750285872,23066.0,1.7962818865276952e-05,0.012259278770344996,0.0014876907755867902,0.0014876907755867902,0.7117463606098176,0.39402513375465664,0.019232000436286287,15531.0,0.5684543822606942,T,True,True,7.801537194040975e-13,0.006423149136680184,True,,0.9997132618331679,0.006632574329597433,ok,,23126.0,23125.0,0.7117574485358232,0.00150329243093128,59.0,True,ok,0.0009765625,100000,f887ae638079309c4996d6667c775dd47dc5d8cb871554b01c2efb2cd3535c81,61.5,
4000,False,0,,False,0,T,884035,"[0.06500877728100929, 0.16370849441247537, -0.907246375957754, 0.7937242656446113, 0.6117393064249468]","[-1.702281144943706, -1.5426016501318744, 1.667894101756916, -1.602633684352959, 0.3025622600218914]","[0.022253970311779978, 0.2002857328060198]",9.928863287100853e-16,0.009414409025021418,True,T,T,"[0, 0]",True,0.0,0.04877370742127115,0.06585415990595733,0.0019756247971787198,24.68773802137034,0.5736657947834103,0.48158619450836937,0.22253970311779978,0.5734616385775664,0.5734616385775664,15688.0,2.0047684287261003e-05,0.017695195879906263,0.0008630603066086308,0.0008630603066086308,0.5739565705551855,0.39856245162058107,0.029612443058391617,10182.0,0.45894739789053496,T,True,True,1.1046719095020308e-12,0.006060038667080381,True,,0.9997175677292494,0.006191084917952129,ok,,15713.0,15712.0,0.5739568628140708,0.0008635699464270008,24.0,True,ok,0.0009765625,100000,f25400cb357b4caf68b81a800bf7fd48d4e0557068d3832c6c165de1d419f15b,55.1,
4000,False,0,,False,0,T,884036,"[0.2522819624817396, -0.420204325354119, 0.6815489045411551, -0.877385123036484, -0.3323828993435245]","[1.6151531814605518, -1.7109339974659203, 1.6151531814605444, -1.7109339974659332, 0.28933015091353215]","[0.022253970311779978, 0.2002857328060198]",1.1006820455072842e-16,0.009760183050644702,True,D,,,False,0.0,,,,,,,,,,,,,,,,,,,,,,,,,,,,,,,,,,,,,no prediction: not on a scored copy at release,0.0009765625,100000,5e22a9703e6ce9e1c48701044ef5dace1125a9ac03f715e3bfe64952fb477d3f,2.2,
4000,False,0,,False,0,T,884037,"[0.4950109436650263, 0.4429984551807604, -0.4604279781562792, -0.06671237404234742, 0.9527261333121098]","[-1.7490919280513957, -1.4059848906169956, 1.6746800211322896, -1.7370665318119205, 0.30559909545198327]","[0.022253970311779978, 0.2002857328060198]",1.1007687816810829e-16,0.009880385410964984,True,T,T,"[0, 0]",True,0.0,0.04083674553371633,0.054272680064067866,0.001628180401922036,25.081216728508295,0.440432626569879,0.48158619450836937,0.22253970311779978,0.44033716863919387,0.44033716863919387,9025.0,2.2543481551628997e-05,0.03144366202630778,0.00128405682481651,0.00128405682481651,0.4409025865858054,0.3933759333422424,0.058552988902593146,5229.0,0.35235772183576336,T,True,True,1.4054313268729857e-12,0.006295711426192174,True,,0.999703588437671,0.006338537386326138,ok,,9051.0,9050.0,0.4409079437170723,0.0012962228004562704,25.0,True,ok,0.0009765625,100000,c67de572bfb1de30cc9694b6e802bd19f04c3ec194230f2e6f25b633c0fac66e,5.9,
4000,False,0,,False,0,T,884038,"[0.2623720792820856, 0.8602356099329325, -0.6021482516079573, 0.19916182552865802, -0.5387155078755512]","[-1.7173849926353342, -1.4752150536089697, 1.6402696664547547, -1.6729880139796376, 0.30707180252389094]","[0.022253970311779978, 0.2002857328060198]",5.745404152435185e-17,0.009748892943616532,True,T,T,"[0, 0]",True,2.2135333788142475e-08,0.03888724585353588,0.05739778255867401,0.0017219334767602202,22.583477456226344,0.4633556880505083,0.48158619450836937,0.22253970311779978,0.4632040609691002,0.4632040609691002,10074.0,2.2143709979924875e-05,0.027762697247824597,0.001079614833433439,0.001079614833433439,0.463704142944229,0.3976135050989381,0.05057259227321946,6018.0,0.37069238341075905,T,True,True,1.447064690296429e-12,0.006180409067221615,True,,0.9997075332116915,0.0062404788004944865,ok,,10098.0,10097.0,0.46371303037130945,0.0010988016839583725,23.0,True,ok,0.0009765625,100000,ca33b0435bf0debc0c8d811851cf5d25418f71a4d70f8fb9952419caa64acc40,6.4,
4000,False,0,,False,0,T,884039,"[-0.9543512368679401, 0.6852261246240416, 0.9260972015433075, -0.6554616406906679, -0.15483389523014557]","[-1.725907506202256, -1.4514935441276833, 1.6662497727601637, -1.6935413025541377, 0.304849183653142]","[0.022253970311779978, 0.2002857328060198]",1.1009856221155801e-16,0.009706673175405026,True,T,T,"[0, 0]",True,0.0,0.038181606250159726,0.05630048856036295,0.0016890146568108886,22.605846607780354,0.4640194540322923,0.48158619450836937,0.22253970311779978,0.4639012719032406,0.4639012719032406,10210.0,2.192988194069989e-05,0.027988351026163268,0.0010686401984722198,0.0010686401984722198,0.4643970154505188,0.39492770994862947,0.05094122488733997,6105.0,0.37122462488515295,T,True,True,1.2340128918708615e-12,0.006169869670278438,True,,0.9997087998047378,0.006235698371431647,ok,,10233.0,10232.0,0.4644016498278678,0.0010786302063245934,22.0,True,ok,0.0009765625,100000,902a6b2bc2e65535f2dde4a4edd4b61ac20fc6a133b689c5e46dad4176215747,49.5,
4000,False,0,,False,0,T,884040,"[0.6955235456477684, 0.32242921326057195, 0.42520183072734485, 0.7434537455170636, -0.07049035994914776]","[1.6567629784745856, -1.7503366865525456, 1.656762978474578, -1.7503366865525587, 0.2827827452454827]","[0.022253970311779978, 0.2002857328060198]",1.0935696792557792e-16,0.009518800649261312,True,D,,,False,0.0,,,,,,,,,,,,,,,,,,,,,,,,,,,,,,,,,,,,,no prediction: not on a scored copy at release,0.0009765625,100000,ed2f0e4de083a27bcb75a0bef649793c008d9addc0d1b512eb4149653d7cc15d,2.3,
4000,False,0,,False,0,T,884041,"[0.2922220078864961, 0.2112813907906017, -0.26218623573849453, -0.4461602118465029, -0.5333907881737501]","[-1.7388237402869677, -1.4868707194498731, 1.6063643893425672, -1.6742422627794142, 0.3318275090498519]","[0.022253970311779978, 0.2002857328060198]",1.0987738496837097e-16,0.009583708764503323,True,T,T,"[0, 0]",True,0.0,0.010165092438915174,0.05457939235054734,0.00163738177051642,6.2081382741357665,0.43160130378960304,0.48158619450836937,0.22253970311779978,0.4313696834841089,0.4313696834841089,8589.0,2.2754051202077408e-05,0.03221507600431357,0.00032746922551052556,0.00032746922551052556,0.4315109437802682,0.4078761638679526,0.06080755362025426,4909.0,0.34530217007306824,T,True,True,2.4713564528155985e-12,0.005989756769504195,True,,0.9997124887370649,0.006071905603341524,ok,,8596.0,8595.0,0.43150917726381555,0.00032337409198524014,6.0,True,ok,0.0009765625,100000,eaf4ccab2b5134f9b7c1238d86b5631f08a633a886fac8e26f45371a9f5e7577,5.6,
4000,False,0,,False,0,T,884042,"[0.22224198248226745, -0.07388640218127929, 0.9447399688315576, -0.9552380183353704, 0.46042396033133404]","[-1.7140860788579473, -1.479481008415606, 1.6538085763415338, -1.6639986263164246, 0.2881691337475123]","[0.022253970311779978, 0.2002857328060198]",1.1074474670635937e-16,0.009692438329210264,True,T,T,"[0, 0]",True,0.0,0.06261434863746367,0.059008290791475466,0.0017702487237442638,35.370367902329384,0.4805932589010722,0.48158619450836937,0.22253970311779978,0.48051529951102534,0.48051529951102534,11027.0,2.1598090544595603e-05,0.025390651668479244,0.001589819115702558,0.001589819115702558,0.48127923191957556,0.3932116167154871,0.045622990539015994,6713.0,0.38448488561072114,T,True,True,1.0464962230116726e-12,0.006233806006286202,True,,0.9997092268501236,0.006295618693340958,ok,,11063.0,11062.0,0.48127672632060814,0.0015846047157241916,35.0,True,ok,0.0009765625,100000,5da81f82c5de656ce06bbf3ee53ef956039bd4083902b68634d9631c86a62908,6.1,
4000,False,0,,False,0,T,884043,"[0.9878021031195998, 0.46069173737654956, 0.7391505364011157, -0.5502039503700047, -0.7706104654837065]","[-1.736985238642181, -1.4118086703348143, 1.6130772277563281, -1.7372551830965783, 0.3172702438544753]","[0.022253970311779978, 0.2002857328060198]",1.1030239221998528e-16,0.009904379083259012,True,T,T,"[0, 0]",True,0.0,0.0162366845964105,0.04865754069711754,0.0014597262209135264,11.123102650200563,0.3932480181031707,0.48158619450836937,0.22253970311779978,0.3931044621417666,0.3931044621417666,6889.0,2.3472770640831085e-05,0.04090580769704147,0.0006641746977382832,0.0006641746977382832,0.39336555217908914,0.39686421542454103,0.08106988516084385,3625.0,0.3146008142143044,T,True,True,2.3251400804724653e-12,0.006150258239415007,True,,0.9997028686275022,0.006205687866268498,ok,,6900.0,6899.0,0.39336011966340395,0.0006503551759358128,10.0,True,ok,0.0009765625,100000,bd2294b85f10776686e5440542b8be25908f0b54824655674c3b0cda73402d85,53.4,
4000,False,0,,False,0,T,884044,"[0.20753156422651808, -0.448013898951223, -0.4123693906030652, -0.9469716403806889, 0.8447004881220619]","[1.8629284943069664, -1.6298477804058655, -1.3287310322822383, -1.74030305584202, 0.46188471498152545]","[0.022253970311779978, 0.2002857328060198]",1.1018963519404679e-16,0.008438510343271673,True,Tp,Tp,"[0, 0]",False,0.0,,,,,,,,,,,,,,,,,,,,,,,,,,,,,,,,,,,,,no prediction: not on a scored copy at release,0.0009765625,100000,94d6bf879dcd646310eb7c6a3a549fde7b7a80b6f1e95ddfac16e8fb36c06d83,3.1,
4000,False,0,,False,0,T,884045,"[0.06197715040873497, -0.33043707821993773, 0.00017372291744366386, 0.7276452316457618, -0.9999073611309992]","[1.623448399743929, -1.6778303554729372, 1.6234483997439213, -1.6778303554729503, 0.2917374645314924]","[0.022253970311779978, 0.2002857328060198]",1.1018963519404679e-16,0.009614712807288808,True,D,,,False,0.0,,,,,,,,,,,,,,,,,,,,,,,,,,,,,,,,,,,,,no prediction: not on a scored copy at release,0.0009765625,100000,40248a9f2da2ab9c7d8561da95aca17c0bec83b76d18b7331860bd45825380ee,3.1,
4000,False,0,,False,0,T,884046,"[-0.8497041272983838, -0.9029798518535481, -0.806926415619674, 0.5750121576345935, 0.21066780625250314]","[-1.689007943506602, -1.4656751569819881, 1.7181802208925558, -1.677821809622728, 0.26394902674752746]","[0.022253970311779978, 0.2002857328060198]",1.1032841307212493e-16,0.009660578725902145,True,T,T,"[0, 0]",True,0.0,0.10429728139562101,0.0625235910756198,0.0018757077322685942,55.60422852737168,0.548801121128996,0.48158619450836937,0.22253970311779978,0.5489461614726522,0.5489461614726522,14332.0,2.0492344505526062e-05,0.01990200023590806,0.0020757245189402186,0.0020757245189402186,0.5500856224795991,0.3945119625994979,0.03433440454195196,9160.0,0.4390444242848248,T,True,True,5.287992266289621e-13,0.006393719539844245,True,,0.999710182638223,0.006523742642216509,ok,,14389.0,14388.0,0.5501015482524622,0.0021047360577408636,56.0,True,ok,0.0009765625,100000,9aa253704bed8b304f7ca4838079d97a1a9a62760f883ee92538f221b87bd9ee,58.8,
4000,False,0,,False,0,T,884047,"[-0.6160027037177285, -0.716717980454503, -0.21690825281926607, -0.11289944060628332, -0.2242481032614949]","[-1.7081290803566869, -1.436261161024029, 1.6059146260310884, -1.7126925933217894, 0.3129677194225683]","[0.022253970311779978, 0.2002857328060198]",1.0904471769990209e-16,0.00972896475565737,True,T,T,"[0, 0]",True,0.0,0.021004210551283046,0.05156360530872978,0.0015469081592618934,13.578188482311191,0.4188369823024406,0.48158619450836937,0.22253970311779978,0.4186911863404835,0.4186911863404835,8128.0,2.2699454181448477e-05,0.03504750169872003,0.0007361451049763657,0.0007361451049763657,0.4189994038078048,0.39682643497936165,0.0669862512272904,4539.0,0.33507220053500963,T,True,True,1.7109091920985975e-12,0.006094338321047499,True,,0.9997081310573303,0.006144593636897904,ok,,8141.0,8140.0,0.41898266771265846,0.0006961726964509474,12.0,True,ok,0.0009765625,100000,62061f86fa9a8acc3149c1f70a25eabcb1dfe096f756327b8b2a28e5b66d355f,5.4,
4000,False,0,,False,0,T,884048,"[0.45275518856518415, -0.6865456814985018, 0.39023655286383496, 0.5165098632542806, -0.7247185053603933]","[1.6948394141324434, -1.7058707060853766, 1.6948394141324352, -1.7058707060853897, 0.27966730679587465]","[0.022253970311779978, 0.2002857328060198]",1.0928757898653885e-16,0.009431149162572228,True,D,,,False,0.0,,,,,,,,,,,,,,,,,,,,,,,,,,,,,,,,,,,,,no prediction: not on a scored copy at release,0.0009765625,100000,e04a8da6254958b6439b9b9fdda50a6e6770c40b2c46a3c667bcb751ac586180,3.0,
4000,False,0,,False,0,T,884049,"[0.7886524996281163, -0.7350515865846785, 0.7491466147768628, 0.3474529188182558, 0.8077897716250775]","[1.585207349588903, -1.7333444286327646, 1.5852073495888945, -1.7333444286327784, 0.3324050218272773]","[0.022253970311779978, 0.2002857328060198]",1.1081413564539844e-16,0.009537540376190345,True,D,,,False,0.0,,,,,,,,,,,,,,,,,,,,,,,,,,,,,,,,,,,,,no prediction: not on a scored copy at release,0.0009765625,100000,2c0ca18e04455d5b4c4b497bc2a349eaf76bb1748fd13e7a7353f3c43b613412,3.0,
4000,False,0,,False,0,T,884050,"[0.8010223507233858, 0.3150966259266281, -0.18219356082851568, -0.7332755257056738, -0.47765885669695796]","[-1.7459749976577597, -1.4919251682717438, 1.656875332568067, -1.6582707414601516, 0.3176167165534805]","[0.022253970311779978, 0.2002857328060198]",1.0984269049885143e-16,0.009721689467724696,True,T,T,"[0, 0]",True,0.0,0.030858948591026104,0.05873640409164866,0.0017620921227494597,17.512676092595946,0.46935421450768006,0.48158619450836937,0.22253970311779978,0.46914745584166667,0.46914745584166667,10316.0,2.213302892566549e-05,0.026773359920629843,0.0008261977373997551,0.0008261977373997551,0.46953506440818993,0.3994848803803508,0.04847468613959924,6208.0,0.37549901669913893,T,True,True,1.3989920333301598e-12,0.006171297031472012,True,,0.9997083493159683,0.0062416843264985426,ok,,10334.0,10333.0,0.4695409185083232,0.0008386759040408531,17.0,True,ok,0.0009765625,100000,3b9ace62b8f819c142eb8a0ccf8c35fd0fb74d419959d21534273b9a8145329d,59.9,
4000,False,0,,False,0,T,884051,"[0.4018423396601474, -0.875737724603272, 0.4224325697541653, -0.22604631318437662, 0.5335445943160162]","[1.697831238499246, -1.6431238122212444, 1.6978312384992378, -1.6431238122212581, 0.2816896155096314]","[0.022253970311779978, 0.2002857328060198]",1.1088352458443751e-16,0.00955245713480341,True,D,,,False,0.0,,,,,,,,,,,,,,,,,,,,,,,,,,,,,,,,,,,,,no prediction: not on a scored copy at release,0.0009765625,100000,37a86cf63d0f5fa7fe02d812fcfec2129724de5b92dca34febf20bf564f04f15,3.2,
4000,False,0,,False,0,T,884052,"[-0.19919740929251395, 0.5635339527911243, 0.438512506944456, 0.36271133948695344, -0.5287368075964041]","[-1.7486487653181702, -1.4105716564818225, 1.6569491993096213, -1.7357685647124534, 0.3139087619933551]","[0.022253970311779978, 0.2002857328060198]",3.2412961203931446e-15,0.009664846843788074,True,T,T,"[0, 0]",True,0.0,0.034038232634488894,0.05124154043081377,0.001537246212924413,22.14234281295482,0.42281088316629767,0.48158619450836937,0.22253970311779978,0.42268025886899485,0.42268025886899485,8382.0,2.2453343992694386e-05,0.03455617250939837,0.0011762310388324314,0.0011762310388324314,0.42317742850897827,0.3952741466474605,0.06564424548499748,4719.0,0.3382625515648896,T,True,True,1.921185432962602e-12,0.006090623621178404,True,,0.9997100545946863,0.006148762955796108,ok,,8405.0,8404.0,0.4231774823375908,0.0011763583894985885,22.0,True,ok,0.0009765625,100000,b43684feb55fff1fd6a7cc574edf040f2f7fb2d332f29ff7925956670bae5cc8,7.2,
4000,False,0,,False,0,T,884053,"[-0.39060441269546975, 0.1896458770834628, -0.586117416138707, -0.13373096048043598, -0.39256519650701827]","[1.750147966790368, -1.7146847925722029, 1.7501479667904327, -1.7146847925725235, 0.2026054037946935]","[0.022253970311779978, 0.2002857328060198]",2.799739606818008e-15,0.008817879800839512,True,D,,,False,0.0,,,,,,,,,,,,,,,,,,,,,,,,,,,,,,,,,,,,,no prediction: not on a scored copy at release,0.0009765625,100000,be965fe46f6ca6aa64b3ee8ac168eb81895248650812483d1bee94391d49db4b,4.1,
4000,False,0,,False,0,T,884054,"[-0.3090626688753293, -0.055502414344986484, -0.6749112801951178, -0.5608607703766528, -0.5366233043087676]","[1.932306621392485, -1.7293491764474076, -1.4844605371519954, -1.6002865473980188, 0.43110786925609584]","[0.022253970311779978, 0.2002857328060198]",2.742250870824137e-16,0.008262007894813366,True,Tp,Tp,"[0, 0]",False,0.0,,,,,,,,,,,,,,,,,,,,,,,,,,,,,,,,,,,,,no prediction: not on a scored copy at release,0.0009765625,100000,a627a7b1388c8648c6dba4e2045a85f3a5f0b4574919c18db675b75470d9fd78,43.0,
4000,False,0,,False,0,T,884055,"[-0.32082120680104587, 0.8336883380994435, -0.6016807306588807, 0.5778432134448155, 0.5417372646012866]","[-1.7524339393778336, -1.372584071395393, 1.6423075201055226, -1.774010908117637, 0.3236232926961376]","[0.022253970311779978, 0.2002857328060198]",5.289130244889861e-14,0.009684457318738968,True,T,T,"[0, 0]",True,0.0,0.025467407337694342,0.048543556240380335,0.00145630668721141,17.487667646751163,0.4022116908803602,0.48158619450836937,0.22253970311779978,0.4020569983468802,0.4020569983468802,7450.0,2.2809203139643187e-05,0.03895557717232787,0.0009920975519226612,0.0009920975519226612,0.4024558781106735,0.3955531815436186,0.07603364047773631,4016.0,0.32179026230963037,T,True,True,2.371602914053028e-12,0.006020983036411742,True,,0.9997094662804379,0.0060926900091831885,ok,,7468.0,7467.0,0.40245706487994815,0.0009950492957786494,17.0,True,ok,0.0009765625,100000,cfa8a7787893746d3e3598f78f15a8c0b582466fc141f5f309344118a701fbf8,4.4,
4000,False,0,,False,0,T,884056,"[-0.05450123678139018, 0.12691469869186855, 0.2897005852596757, 0.9630380927039677, -0.13747812021648675]","[-1.7154882451285922, -1.4279729341511316, 1.6439876375968667, -1.7166074629805146, 0.3080546534799782]","[0.022253970311779978, 0.2002857328060198]",2.0800201838699906e-16,0.009561870656858778,True,T,T,"[0, 0]",True,0.0,0.02456038491469768,0.052528604106912,0.00157585812320736,15.585403630569026,0.4392873551538672,0.48158619450836937,0.22253970311779978,0.4391636433181928,0.4391636433181928,9244.0,2.1931339857251818e-05,0.03168995852948367,0.0007783175794149258,0.0007783175794149258,0.43950545210202724,0.3939653241985811,0.059095555957113216,5350.0,0.35143143750961237,T,True,True,1.344147015913677e-12,0.006020549718060431,True,,0.9997131438802942,0.0060834050224624885,ok,,9260.0,9259.0,0.4395080263503358,0.000784179285746367,15.0,True,ok,0.0009765625,100000,32f4d6e719c5ea27963802a03b33ef917e7753617c69e84e918b531ce5298c97,6.6,
4000,False,0,,False,0,T,884057,"[-0.8332908408913979, 0.0816852899211391, -0.07952309187376061, -0.8642892590366278, -0.7490939807665506]","[-1.8136010605038937, -1.4596142832782957, 1.7035477012827331, -1.6891276933443198, 0.3049229725576578]","[0.022253970311779978, 0.2002857328060198]",1.1032841307212493e-16,0.00968060033287571,True,T,T,"[0, 0]",True,0.0,0.04671249557479084,0.056823621177757716,0.0017047086353327314,27.40204079841088,0.4509186693991195,0.48158619450836937,0.22253970311779978,0.4507652250916752,0.4507652250916752,9593.0,2.216314639935213e-05,0.028842363747605102,0.0013472987889265112,0.0013472987889265112,0.4513725405335314,0.3968583686976436,0.05320029551272612,5644.0,0.360748199879914,T,True,True,1.773470259536225e-12,0.006122155558107356,True,,0.9997095819900137,0.00617623354054375,ok,,9621.0,9620.0,0.45138076273667416,0.0013655393334162103,27.0,True,ok,0.0009765625,100000,cddaba4d2d64ded2a868d68ac6e994392cce27a0e685ddb22bf96adb03f5f2a5,54.2,
4000,False,0,,False,0,T,884058,"[-0.1744427913266371, 0.24119402572096993, 0.4228951714502247, 0.4358836241295756, -0.22408755035627648]","[-1.7628695145666682, -1.4594136106251494, 1.6527887139490098, -1.690895518778276, 0.313652106915677]","[0.022253970311779978, 0.2002857328060198]",1.0953260867752057e-16,0.00973963310462313,True,T,T,"[0, 0]",True,0.0,0.02788634275804104,0.054443356126330396,0.001633300683789912,17.073612369605794,0.4334745802893501,0.48158619450836937,0.22253970311779978,0.43331401844610307,0.43331401844610307,8733.0,2.2607608018578863e-05,0.03194373771323986,0.000890794018844369,0.000890794018844369,0.43370001198201624,0.398024311187703,0.06005149824575047,5008.0,0.34679994243558154,T,True,True,1.7589263379136355e-12,0.006154021727884318,True,,0.9997078110068613,0.00620691431985695,ok,,8751.0,8750.0,0.43370917341022264,0.0009119367186334326,17.0,True,ok,0.0009765625,100000,8cb4b924f292f402d04a9943fc80a22c67711fe43b774be2da9dad8f909408fc,5.5,
4000,False,0,,False,0,T,884059,"[-0.5993908123160332, -0.2665426788423475, 0.9323392209372421, -0.5824063251283134, 0.5295336668811896]","[-1.6741045445660159, -1.461059006641562, 1.647004622572654, -1.6808109932944364, 0.2918757657233551]","[0.022253970311779978, 0.2002857328060198]",1.1027637136784563e-16,0.009649213568907904,True,T,T,"[0, 0]",True,0.0,0.05289697286902018,0.05866920013058752,0.0017600760039176255,30.053800376393205,0.4954409436923167,0.48158619450836937,0.22253970311779978,0.49538313363413344,0.49538313363413344,11816.0,2.1191343433805687e-05,0.024304453034205867,0.001285631992746763,0.001285631992746763,0.49602001403940066,0.39227832512441657,0.043172960735494224,7288.0,0.3963528531037739,T,True,True,7.984723993104126e-13,0.00617777895838445,True,,0.9997105235929328,0.006258992257112568,ok,,11846.0,11845.0,0.49601748599468554,0.0012805287816290978,29.0,True,ok,0.0009765625,100000,5c580a2b58b7ac77c1cdadc4d9b8f6ae3f1abb61b8cb226c685395004ea57262,53.5,
4000,False,0,,False,0,T,884060,"[0.62551976976548, -0.4944109525401055, -0.3802723275161102, 0.9894607096244508, -0.4335386361973472]","[1.6595768594672966, -1.745527495955222, 1.6595768594673026, -1.745527495955235, 0.2711504414257023]","[0.022253970311779978, 0.2002857328060198]",1.1017228795928702e-16,0.009719003125688616,True,D,,,False,0.0,,,,,,,,,,,,,,,,,,,,,,,,,,,,,,,,,,,,,no prediction: not on a scored copy at release,0.0009765625,100000,db396c396eca081461c3c96b9b48943a56abaa113f5a20b734a2d25a445f0c47,2.3,
4000,False,0,,False,0,T,884061,"[-0.9082343480939905, 0.6809716785018649, 0.5489237247826066, 0.786931687858174, -0.45512775812307527]","[0.021694005812287073, 0.4426469510084702, 1.7253380715067215, -1.689417372442953, 0.20713871796057148]","[0.022253970311779978, 0.2002857328060198]",2.761605045430715e-06,-2.945840800434196e-06,False,not accepted,,,False,0.38389654499744896,,,,,,,,,,,,,,,,,,,,,,,,,,,,,,,,,,,,,no prediction: not on a scored copy at release,0.0009765625,100000,6c21a2a02da6e074ca43706c1bb443e2965dbd36ba5022d54ab5a7e87645dd0a,2.3,
4000,False,0,,False,0,T,884062,"[-0.7757743305179947, 0.7644070792704938, -0.5409844257258059, -0.09857262534259248, -0.13410208330890283]","[-1.6979003363476097, -1.3633512446299798, 1.6885089449600401, -1.7157074735735287, 0.29065926633245015]","[0.022253970311779978, 0.2002857328060198]",8.326672684688674e-17,0.009475434043048323,True,T,,,False,0.06196358146413372,,,,,,,,,,,,,,,,,,,,,,,,,,,,,,,,,,,,,no prediction: not on a scored copy at release,0.0009765625,100000,f2bad3c7b33e118e3fb6b9aa699c3e64f9a426e0f82e5d8f3026b5902d6a9c45,3.0,
4000,False,0,,False,0,T,884063,"[0.4982479775723112, -0.28661399730124515, -0.5515921686122063, 0.8590604169358931, -0.6103713153719941]","[1.6730200316372763, -1.6855577509032167, 1.673020031637269, -1.6855577509032293, 0.27046225027667886]","[0.022253970311779978, 0.2002857328060198]",1.107794411758789e-16,0.00960834412209299,True,D,,,False,0.0,,,,,,,,,,,,,,,,,,,,,,,,,,,,,,,,,,,,,no prediction: not on a scored copy at release,0.0009765625,100000,453dd3824e3fc41a3e1f7f911b8b941cbeaffac388e8627956c0a54060df33f5,2.8,
4000,False,0,,False,0,T,884064,"[0.4687577100040259, -0.4666483686330505, 0.3101788106347114, -0.9640702298677097, -0.7828315648394346]","[1.6215662321023907, -1.6555711244923748, 1.621566232102382, -1.6555711244923887, 0.31856538807166773]","[0.022253970311779978, 0.2002857328060198]",1.0901002323038256e-16,0.009441725037172995,True,D,,,False,0.0,,,,,,,,,,,,,,,,,,,,,,,,,,,,,,,,,,,,,no prediction: not on a scored copy at release,0.0009765625,100000,4677ef93e35ec56dd74149f770fb390f2d4431b2d332d60e93ff0c776a3e4155,3.1,
4000,False,0,,False,0,T,884065,"[0.9191675861755315, -0.927613402649208, 0.6474753390692578, 0.1760231107300012, -0.8940906740828776]","[1.6156995373351593, -1.7041024124569915, 1.615699537335151, -1.7041024124570046, 0.31605911578937074]","[0.022253970311779978, 0.2002857328060198]",1.1081413564539844e-16,0.0096351962570618,True,D,,,False,0.0,,,,,,,,,,,,,,,,,,,,,,,,,,,,,,,,,,,,,no prediction: not on a scored copy at release,0.0009765625,100000,b48a07a4dc5fc7b8d1903cdfafa86424ddc030320f12e65cb6715ba67893fd6d,55.9,
4000,False,0,,False,0,T,884066,"[0.9919454902153451, 0.5573559605018623, -0.5262448907739283, 0.4176474981455971, -0.1586911143793368]","[1.6401287193903553, -1.7069699243398495, 1.6401287193903473, -1.706969924339863, 0.298041134471912]","[0.022253970311779978, 0.2002857328060198]",1.1064066329780076e-16,0.00936181474943375,True,D,,,False,0.0,,,,,,,,,,,,,,,,,,,,,,,,,,,,,,,,,,,,,no prediction: not on a scored copy at release,0.0009765625,100000,6908e919340f5920c939e78dba5cb730645f825bd78c066cdd61aeff5d8a7cb8,2.2,
4000,False,0,,False,0,T,884067,"[-0.1409770207616754, 0.5293538417745987, 0.32933285205764884, -0.2740196729761539, -0.8540960091052234]","[-0.05143338132961844, 0.4877572685071904, 1.6684285803347665, -1.7603600846417786, 0.21273341533678675]","[0.022253970311779978, 0.2002857328060198]",1.4400166689484961e-05,-5.966081565918754e-06,False,not accepted,,,False,0.9157646153545538,,,,,,,,,,,,,,,,,,,,,,,,,,,,,,,,,,,,,no prediction: not on a scored copy at release,0.0009765625,100000,a16da8ec15261fadbf0ee013cd480f3878a9c86843eeec0c3c862bda50738c07,2.5,
4000,False,0,,False,0,T,884068,"[0.6019984736253978, 0.8687914066089202, 0.6218519125795887, 0.8807621660810829, -0.9114940392570996]","[-1.7911130347949866, -1.4416371256490546, 1.6550483665656504, -1.7168698556275486, 0.3338755399982326]","[0.022253970311779978, 0.2002857328060198]",5.494932633909322e-14,0.009654721799614217,True,T,T,"[0, 0]",True,0.0,0.006016598839972319,0.05080704862518128,0.0015242114587554385,3.947351796505349,0.408547560583455,0.48158619450836937,0.22253970311779978,0.40834944090522673,0.40834944090522673,7559.0,2.318568529665388e-05,0.037251412866089774,0.00022412680743744566,0.00022412680743744566,0.4084409629617357,0.40620600631235393,0.07234277749559172,4133.0,0.32685682894486784,T,True,True,3.836042594684841e-12,0.005962968731406892,True,,0.9997103583460117,0.0060522951899634695,ok,,7571.0,7570.0,0.4086153696611693,0.0006512284071040764,11.0,True,ok,0.0009765625,100000,8757d2820de6f7e32831d792fa22b750bf2a75e378a2f1d969193d430761a66f,6.5,
4000,False,0,,False,0,T,884069,"[-0.14940587211540146, -0.11595212792397769, -0.7400570900068755, 0.47059338073427726, 0.7544047952735953]","[-1.725851456940355, -1.4487231975843675, 1.7238616596702552, -1.692872557384456, 0.29319758217497]","[0.022253970311779978, 0.2002857328060198]",1.101809615766669e-16,0.009610470908443879,True,T,T,"[0, 0]",True,0.0,0.0737339389496116,0.06032960914501882,0.0018098882743505646,40.739497567091135,0.5228361764953681,0.48158619450836937,0.22253970311779978,0.5228173381375735,0.5228173381375735,13186.0,2.0709869285858717e-05,0.02188646438291273,0.0016137752286325359,0.0016137752286325359,0.5236610478069594,0.39205252079202835,0.038140142196484754,8306.0,0.41828647404471364,T,True,True,5.639932965095795e-13,0.006258442397424124,True,,0.9997116858727467,0.006363147481505844,ok,,13228.0,13227.0,0.5236687112527163,0.0016284332080027664,41.0,True,ok,0.0009765625,100000,8ce69bfa8fb21ae0201b9c09f7a1c1773fc6b45e076e3f927f7b0cd90297f4dd,7.5,
4000,False,0,,False,0,T,884070,"[-0.01727416246488489, -0.677336455419441, 0.3102728625479716, 0.5810957443415856, -0.9667924109184756]","[1.6089145164568777, -1.7636223060556775, 1.6089145164568703, -1.7636223060556904, 0.3001310911879347]","[0.022253970311779978, 0.2002857328060198]",1.1046719095020308e-16,0.009815782753545575,True,D,,,False,0.0,,,,,,,,,,,,,,,,,,,,,,,,,,,,,,,,,,,,,no prediction: not on a scored copy at release,0.0009765625,100000,d2600873354106f74a8bb2d09d12bff532ef106f50418c87022411223239028d,47.5,
4000,False,0,,False,0,T,884071,"[0.217806982973191, -0.8122966297457808, 0.8480121428811431, -0.5769173151336648, -0.32946762269677365]","[1.6280171841191182, -1.713550109588658, 1.6280171841191107, -1.7135501095886716, 0.29078006829452246]","[0.022253970311779978, 0.2002857328060198]",1.1038045477640424e-16,0.009518747980191773,True,D,,,False,0.0,,,,,,,,,,,,,,,,,,,,,,,,,,,,,,,,,,,,,no prediction: not on a scored copy at release,0.0009765625,100000,6a9755f5f4c034359e20bb6a93f6123cdb03f479fbf454fc5b1c2cc65a8e750e,2.2,
4000,False,0,,False,0,T,884072,"[0.711335920538434, 0.5526798575098693, 0.8044786366696959, 0.948990325716959, -0.6297776750457653]","[-1.7474694970072389, -1.4129515275577083, 1.6290003912066635, -1.737969409394485, 0.321255666245925]","[0.022253970311779978, 0.2002857328060198]",2.948509492117779e-16,0.009934547907477331,True,T,T,"[0, 0]",True,0.0,0.016097679774716194,0.04941514019013554,0.0014824542057040662,10.858804078248662,0.3980008601255438,0.48158619450836937,0.22253970311779978,0.39785254734478814,0.39785254734478814,7038.0,2.357761601141539e-05,0.0399757353083238,0.0006435165857522122,0.0006435165857522122,0.39810857205768824,0.3986083122439055,0.07862551578585933,3752.0,0.31842106725756486,T,True,True,2.6083024629031115e-12,0.006201757628338356,True,,0.9997019635627756,0.006260391154219352,ok,,7050.0,7049.0,0.3981118537068414,0.0006517649912858303,11.0,True,ok,0.0009765625,100000,710dc74f00635905c6774d28c691a97678c1f3b4b1428d182d17056a1d04745c,5.2,
4000,False,0,,False,0,T,884073,"[0.804831653882583, -0.6225563237830061, -0.6000900630493073, -0.12633014294292844, 0.530356808662759]","[1.6699995761549686, -1.7128917433117568, 1.6699995761549609, -1.7128917433117699, 0.2747677108224894]","[0.022253970311779978, 0.2002857328060198]",1.1012024625500771e-16,0.009552182067490703,True,D,,,False,0.0,,,,,,,,,,,,,,,,,,,,,,,,,,,,,,,,,,,,,no prediction: not on a scored copy at release,0.0009765625,100000,e583796c3a76e9f5877e17a954640e37352e11a16a9cee385cb91361e9c839ca,2.8,
4000,False,0,,False,0,T,884074,"[-0.5421078283053191, -0.24147003445916027, -0.9099195017547752, -0.6375123465399892, 0.4508260196862228]","[1.8087098828721844, -1.6265184288443617, -1.44584877986998, -1.6220521195299835, 0.39650587094545453]","[0.022253970311779978, 0.2002857328060198]",1.1041514924592377e-16,0.009186303887582176,True,Tp,Tp,"[0, 0]",False,0.0,,,,,,,,,,,,,,,,,,,,,,,,,,,,,,,,,,,,,no prediction: not on a scored copy at release,0.0009765625,100000,782581c86c4bd41dbbc67978fda1bd8a23a7ef2000b5967dfe246404e9f71247,44.3,
4000,False,0,,False,0,T,884075,"[-0.13795664900904114, 0.4372988290421971, 0.7770135749073281, -0.2747209583412411, -0.6847089504452399]","[-1.7445826823837083, -1.463841780797274, 1.6745032437318812, -1.6834671698786576, 0.31425934845002007]","[0.022253970311779978, 0.2002857328060198]",6.518223460982853e-16,0.009624044579212801,True,T,T,"[0, 0]",True,0.0,0.0246132211439257,0.05672334075840811,0.0017017002227522433,14.463899583980501,0.46733941108114674,0.48158619450836937,0.22253970311779978,0.467157851285359,0.467157851285359,10379.0,2.1840334140898477e-05,0.02747341019894356,0.0006762091208043816,0.0006762091208043816,0.46747374768525357,0.3974734051761211,0.0497986230794209,6232.0,0.3738878538971526,T,True,True,1.4616086119190186e-12,0.006044676247837111,True,,0.9997112786626237,0.006123735130862583,ok,,10394.0,10393.0,0.4674743984273124,0.0006776021019072598,14.0,True,ok,0.0009765625,100000,c98a2d19a07b774f45870c5a525d576a542081bf04cea12fcbbda5856bd55596,5.3,
4000,False,0,,False,0,T,884076,"[-0.7300934558126457, 0.3340980786226413, -0.22954764427683272, -0.5166625032404815, 0.18335766104277473]","[-1.6429498359360475, -1.4524185619067211, 1.7256595325804331, -1.6986179817295037, 0.25229512761243617]","[0.022253970311779978, 0.2002857328060198]",1.1089219820181739e-16,0.009499302921017064,True,T,T,"[0, 0]",True,0.0,0.12920228946452492,0.06368062096242649,0.0019104186288727946,67.6303546834435,0.5954893617455659,0.48158619450836937,0.22253970311779978,0.5958421132067494,0.5958421132067494,16760.0,1.9674909510365433e-05,0.017284348090819628,0.002233177345235686,0.002233177345235686,0.5971727343153002,0.4004095922308894,0.029271171306780117,10931.0,0.4764097972685089,T,True,True,2.9809488211185453e-13,0.006445988102450562,True,,0.9997150209123695,0.006634713299009984,ok,,16829.0,16828.0,0.597186845331576,0.0022568598207826085,68.0,True,ok,0.0009765625,100000,ea303da15b789feaea4b6e640320c790f1fdb1ffad6996990ac9db21232272d8,8.1,
4000,False,0,,False,0,T,884077,"[0.5668784541536498, 0.8161558036324403, 0.7040645150032199, 0.5442036949150642, 0.8792436111752908]","[0.023268310372675446, 0.6624858251232569, 1.7010133347721421, -1.6481974660232317, 0.1969963810955539]","[0.022253970311779978, 0.2002857328060198]",3.7105795082770233e-06,-4.344088413019156e-06,False,not accepted,,,False,0.38386328350762533,,,,,,,,,,,,,,,,,,,,,,,,,,,,,,,,,,,,,no prediction: not on a scored copy at release,0.0009765625,100000,f4f3333c3f7203f0d09d0e5a25deabde7ac4239898ae374520920d219fda2d94,55.1,
4000,False,0,,False,0,T,884078,"[-0.9429229943230817, -0.4052919875112029, 0.05523249670414043, 0.43955547443463017, 0.4727993504211321]","[-1.7069246331931878, -1.5032472029702209, 1.7397933612678094, -1.638408794431121, 0.27557873680799255]","[0.022253970311779978, 0.2002857328060198]",1.0984269049885143e-16,0.00946279905363772,True,T,T,"[0, 0]",True,0.0,0.08882002758857706,0.06505297927589415,0.0019515893782768245,45.51163711856313,0.6025605634682073,0.48158619450836937,0.22253970311779978,0.6025768253627091,0.6025768253627091,17418.0,1.9316652794861833e-05,0.01642596915316677,0.0014589550333533883,0.0014589550333533883,0.6034559578550541,0.39214273537260047,0.027246935595936106,11422.0,0.48206926611143897,T,True,True,8.021361352916756e-13,0.006164593495638804,True,,0.9997161160283908,0.006320475551560553,ok,,17464.0,17463.0,0.6034629129764766,0.0014704973315795566,45.0,True,ok,0.0009765625,100000,6141d1ee1334ddc40237423a3497b8a0e45bfdc3e21c961bcbf02da8e8e0da24,7.9,
4000,False,0,,False,0,T,884079,"[0.7835243078320417, -0.9980774799942618, -0.43985596581836206, 0.7834012774806876, 0.828967160722025]","[1.6078782678454175, -1.7123194273735358, 1.6078782678454095, -1.712319427373549, 0.3140167975330959]","[0.022253970311779978, 0.2002857328060198]",1.0985570092492125e-16,0.009746396016810375,True,D,,,False,0.0,,,,,,,,,,,,,,,,,,,,,,,,,,,,,,,,,,,,,no prediction: not on a scored copy at release,0.0009765625,100000,c08238c5e4e49c61eba14885a39a5bf669b676873fdf15f807b85b438f1b876b,2.8,
4000,False,0,,False,0,T,884080,"[-0.12866612487535312, 0.302081711425098, 0.7332197888503282, 0.5358242758824014, 0.36761392541991866]","[-1.6992166343890511, -1.4356491571063046, 1.633806036477895, -1.7092469653410292, 0.30654248181644544]","[0.022253970311779978, 0.2002857328060198]",1.1033708668950481e-16,0.009796546438863692,True,T,T,"[0, 0]",True,0.0,0.03174772677963555,0.05433954583225553,0.001630186374967666,19.474906223691907,0.44549139656926096,0.48158619450836937,0.22253970311779978,0.4453801258434287,0.4453801258434287,9298.0,2.2357843840611345e-05,0.030793696552408045,0.0009776298646808558,0.0009776298646808558,0.44581554275558855,0.3944943296067754,0.057047380173710256,5428.0,0.35639725278368006,T,True,True,1.1636247521096266e-12,0.006209669544706586,True,,0.9997061036068341,0.006263075213982764,ok,,9318.0,9317.0,0.4458070542296123,0.0009585708059494102,19.0,True,ok,0.0009765625,100000,6ca55ac7c14809dec1d9f77c65bd5e84927cce260d4a69065da2554b398720ac,47.7,
4000,False,0,,False,0,T,884081,"[-0.656277656395672, -0.8440648304148275, -0.37292721855908884, -0.9220340091230661, 0.9196346267718214]","[-1.328258371647868, -1.7645840548729717, -1.32825837164774, -1.764584054873207, 0.48963044109607723]","[0.022253970311779978, 0.2002857328060198]",1.6054518825470155e-15,0.007037677047647604,True,Dp,,,False,0.0,,,,,,,,,,,,,,,,,,,,,,,,,,,,,,,,,,,,,no prediction: not on a scored copy at release,0.0009765625,100000,d4aa1e00cdf19cfb357c09b703b87b155968bf0f1c4b27eaa36eb18fbe88e49c,2.6,
4000,False,0,,False,0,T,884082,"[-0.41869581053453664, 0.2595892473461334, 0.5089486517523207, -0.19216772891760048, 0.6319257782877665]","[-1.7442704849292903, -1.4342820789556987, 1.667249148131057, -1.7106385854115775, 0.30889093550105295]","[0.022253970311779978, 0.2002857328060198]",1.0950441942103595e-16,0.009956766340040663,True,T,T,"[0, 0]",True,0.0,0.033882924084956155,0.05468495600341228,0.0016405486801023682,20.65340973779693,0.43982219098466424,0.48158619450836937,0.22253970311779978,0.4397071366969152,0.4397071366969152,8906.0,2.2768915061408546e-05,0.03156383036716129,0.0010694748681609597,0.0010694748681609597,0.4401773924289636,0.3945773311470852,0.05882715177581768,5155.0,0.35187642019069104,T,True,True,1.2619905120914154e-12,0.006352551705970155,True,,0.9997012970097988,0.006394884220078221,ok,,8928.0,8927.0,0.4401851706396588,0.0010871643938612507,21.0,True,ok,0.0009765625,100000,c3309c24f4fe958e472370609ad4adab6466e66e7587f3b654a5de1006d11f94,6.0,
4000,False,0,,False,0,T,884083,"[-0.6712512629964407, 0.045615241661917105, -0.9226484488674866, -0.07090108956032948, 0.7081086891230028]","[1.9175268250626445, -1.652736135192279, -1.422062989512785, -1.6856721965228612, 0.4481797915230049]","[0.022253970311779978, 0.2002857328060198]",1.5602102942935403e-16,0.008429837899503695,True,Tp,Tp,"[0, 0]",False,0.0,,,,,,,,,,,,,,,,,,,,,,,,,,,,,,,,,,,,,no prediction: not on a scored copy at release,0.0009765625,100000,b4ea6d90077ede3dff816ea21e1344f9d1577a196b15285ab1b4b9e84e1627c4,2.9,
4000,False,0,,False,0,T,884084,"[-0.09983526026738332, -0.617600622148617, 0.1767364770439428, -0.7601648291862937, 0.24071377307626163]","[-1.7242445096524333, -1.4186254878636275, 1.6550910899545046, -1.7249600648860501, 0.3071916217325898]","[0.022253970311779978, 0.2002857328060198]",1.10397802011164e-16,0.00987529136723349,True,T,T,"[0, 0]",True,0.0,0.02664505841548088,0.05261571812781374,0.001578471543834412,16.880290632769274,0.43222505191991056,0.48158619450836937,0.22253970311779978,0.43210284012910577,0.43210284012910577,8663.0,2.2642027969284608e-05,0.03319643483423812,0.0008845209453439791,0.0008845209453439791,0.4324850441417426,0.3937363808904693,0.06233592244351645,4954.0,0.3457928997527132,T,True,True,1.3027356970951587e-12,0.006193258296954995,True,,0.999703741258983,0.006243961919783489,ok,,8680.0,8679.0,0.4324754402089816,0.0008622949105461242,16.0,True,ok,0.0009765625,100000,beb837d887562e73151110bb714fa0ff5b1c4022e5e4f22f55b545c493259712,6.0,
4000,False,0,,False,0,T,884085,"[0.013522515509541533, 0.8423232836232641, -0.6253980679537876, -0.4178551942376123, -0.5125216967989166]","[-0.13110110686650386, 0.488390141997815, 1.66439818840406, -1.6656501460297888, 0.24165258188167602]","[0.022253970311779978, 0.2002857328060198]",7.16093850883226e-17,-1.83341334706634e-05,False,not accepted,,,False,1.9600426040152257,,,,,,,,,,,,,,,,,,,,,,,,,,,,,,,,,,,,,no prediction: not on a scored copy at release,0.0009765625,100000,2bf30df573409092c197e983e45e016e28d31a161548e4d4958cc7fc3cb65654,54.5,
4000,False,0,,False,0,T,884086,"[0.3986697814269078, 0.38843144570907473, 0.2201183526880559, -0.9888064854606593, 0.30550940078002786]","[-1.6779110569050315, -1.4388643332170599, 1.6810004390688804, -1.7027430473348042, 0.2905387946893036]","[0.022253970311779978, 0.2002857328060198]",8.558154185323018e-15,0.009563309284875454,True,T,T,"[0, 0]",True,7.598742142178594e-06,0.050104600720527026,0.057786292696770415,0.0017335887809031125,28.9022409884454,0.5052033311021955,0.48158619450836937,0.22253970311779978,0.5051704254104077,0.5051704254104077,12394.0,2.0869587627111443e-05,0.02383031936180689,0.0011940086366659785,0.0011940086366659785,0.5057736032613359,0.39204970653944354,0.04207258216186183,7708.0,0.4041775875433849,T,True,True,5.772049505026189e-13,0.006101776491148292,True,,0.9997131007214537,0.006211739938271186,ok,,12424.0,12423.0,0.5057815750596839,0.0012097890504569886,29.0,True,ok,0.0009765625,100000,273dba8263f47a537122342a9ff76cb300d24f6994dbfed5d9cfc2e6e39ee376,6.4,
4000,False,0,,False,0,T,884087,"[0.8771952836444807, -0.04713495756646369, 0.09883758916587304, 0.9116556758485659, -0.1060590820618792]","[1.6562169346842484, -1.694588354731759, 1.6562169346842406, -1.694588354731772, 0.2851784500587615]","[0.022253970311779978, 0.2002857328060198]",1.0821205043143323e-16,0.00947885325406792,True,D,,,False,0.0,,,,,,,,,,,,,,,,,,,,,,,,,,,,,,,,,,,,,no prediction: not on a scored copy at release,0.0009765625,100000,106e2b9996ad04aa518423c0a535166a24690b73d37fb02ead02f31ea5f97124,3.0,
4000,False,0,,False,0,T,884088,"[0.23608634721001032, 0.4031445684930739, 0.1984674363365455, -0.3120703908803333, -0.5953342835002995]","[-1.7930995843564483, -1.438264165051606, 1.6375316650673115, -1.7231933345918526, 0.3362189747409662]","[0.022253970311779978, 0.2002857328060198]",1.1025035051570597e-16,0.00948178000725469,True,T,T,"[0, 0]",True,0.0,0.0014305085662250634,0.04841962424985276,0.0014525887274955828,0.9847994405762821,0.39465750181508824,0.48158619450836937,0.22253970311779978,0.3944620179195816,0.3944620179195816,7073.0,2.304376438445277e-05,0.04021661970393162,5.753021899108986e-05,5.753021899108986e-05,0.39448471140585617,0.40691188309268383,0.07989868690264841,3739.0,0.3157392617711753,T,True,True,4.126532449078013e-12,0.005756433942928518,True,,0.9997155465997823,0.005867168607408588,ok,,7074.0,7073.0,0.39446619446396136,1.0587950652007905e-05,0.0,False,ok,0.0009765625,100000,63435583addba21627fdfe1a0d6213fc6cd5728e7a6c2a8354a8942095708793,47.3,
4000,False,0,,False,0,T,884089,"[0.6110193264082922, 0.8810999026922226, 0.2475891463283708, 0.8890881935465178, 0.2621321558707317]","[-0.05178471092026405, 0.6258413172993766, 1.683683693887074, -1.6696601043089618, 0.20478756269273957]","[0.022253970311779978, 0.2002857328060198]",1.5151120643626114e-05,-8.68362351564393e-06,False,not accepted,,,False,0.8857728045657007,,,,,,,,,,,,,,,,,,,,,,,,,,,,,,,,,,,,,no prediction: not on a scored copy at release,0.0009765625,100000,9ca3bee2e56a74ff1e846ae001d3a186a0683ad528e2f4ba6e60490f2fbafcbb,2.2,
4000,False,0,,False,0,T,884090,"[0.8172040773257292, 0.2688073354143068, 0.6275690463751542, 0.6515101084302084, -0.5193507844525895]","[1.6331316378990213, -1.727911177109561, 1.6331316378990124, -1.7279111771095748, 0.3370718434247105]","[0.022253970311779978, 0.2002857328060198]",1.1068403138470018e-16,0.009616715990010306,True,D,,,False,0.0,,,,,,,,,,,,,,,,,,,,,,,,,,,,,,,,,,,,,no prediction: not on a scored copy at release,0.0009765625,100000,99ecb25dd3a921d75e0c3ad315a8fc51a5ff13962b661599a1759ac59c26cd20,2.5,
4000,False,0,,False,0,T,884091,"[-0.23749479594492828, 0.477915887059132, 0.6463740048470186, -0.6604375499298896, -0.5988146216171524]","[-1.7575502643902141, -1.4283998293868883, 1.6843208000450913, -1.7175283290811565, 0.3104375441646204]","[0.022253970311779978, 0.2002857328060198]",4.1241315917872613e-16,0.009636541365968483,True,T,T,"[0, 0]",True,0.0,0.04381270479840978,0.054338106033139294,0.0016301431809941788,26.87659912897322,0.44911080992139757,0.48158619450836937,0.22253970311779978,0.44896421052774416,0.44896421052774416,9584.0,2.2026805568199358e-05,0.030096364936555958,0.001318603152470537,0.001318603152470537,0.4495562161510925,0.3955340664196116,0.05553407560930383,5626.0,0.3593062845923451,T,True,True,1.5051293544843247e-12,0.0060728601631091506,True,,0.9997109037590209,0.006139893289117728,ok,,9612.0,9611.0,0.4495635477491624,0.0013349331803391706,27.0,True,ok,0.0009765625,100000,57ae3ad6facaf525c67fee0044717edd2c30bc1c6637e36ab845d3e5cdb0d042,6.3,
4000,False,0,,False,0,T,884092,"[-0.8555762021392721, -0.31025599487748945, -0.8238321886153677, -0.5894017244585632, -0.34127560120780065]","[-1.2928883660397237, -1.7396350064235213, -1.2928883660379118, -1.7396350064267199, 0.512127101938813]","[0.022253970311779978, 0.2002857328060198]",2.043854668842826e-14,0.006548829198872263,True,Dp,,,False,0.0,,,,,,,,,,,,,,,,,,,,,,,,,,,,,,,,,,,,,no prediction: not on a scored copy at release,0.0009765625,100000,48b2142dc60d27dad32098eac6f78bb355b0d151e004d99cc75e1c84758689cf,41.4,
4000,False,0,,False,0,T,884093,"[0.13650419032236583, -0.05282786295224495, 0.9307073936557817, 0.5541264487655779, 0.3177558661084907]","[1.6687122008841184, -1.7159003332595864, 1.6687122008841258, -1.7159003332598308, 0.2680772647900344]","[0.022253970311779978, 0.2002857328060198]",2.263467191454538e-15,0.009378529169114845,True,D,,,False,0.0,,,,,,,,,,,,,,,,,,,,,,,,,,,,,,,,,,,,,no prediction: not on a scored copy at release,0.0009765625,100000,6a56365bc9b3bf38f1d00482a755e5765328b1a26540c18530127ddf20e3c855,2.3,
4000,False,0,,False,0,T,884094,"[0.525775090354526, -0.19715164235157334, 0.6666419845044422, -0.3426388647895118, 0.8960676398941472]","[1.6979543746238928, -1.7231628750456696, 1.6979543746238992, -1.7231628750456824, 0.2616379210651223]","[0.022253970311779978, 0.2002857328060198]",1.1032841307212493e-16,0.009475655254814206,True,D,,,False,0.0,,,,,,,,,,,,,,,,,,,,,,,,,,,,,,,,,,,,,no prediction: not on a scored copy at release,0.0009765625,100000,a98d5cb10d0e49f25171937cb9b4c3b3edc1eb58b2e6e48e12c2c526926b32c2,2.2,
4000,False,0,,False,0,T,884095,"[-0.05369254230707843, 0.28312248175117305, 0.6757118188990687, 0.5065506542278493, 0.8298189160616791]","[-1.7174912444284987, -1.364874934581985, 1.6189137409624466, -1.7780418353337506, 0.3102324531652187]","[0.022253970311779978, 0.2002857328060198]",1.092528845170193e-16,0.009908315231938912,True,T,T,"[0, 0]",True,0.0,0.024884047891711794,0.0470273944977539,0.001410821834932617,17.63798041366456,0.3905650050437993,0.48158619450836937,0.22253970311779978,0.39045255429380554,0.39045255429380554,6819.0,2.337531623053002e-05,0.04243430114228913,0.0010559371818760434,0.0010559371818760434,0.3908648476636429,0.3940078410740197,0.08423789183404791,3562.0,0.3124705172952066,T,True,True,1.8179346916724626e-12,0.006192079154994479,True,,0.9997027505430418,0.006247331182987113,ok,,6837.0,6836.0,0.3908689851355746,0.0010665337880098047,17.0,True,ok,0.0009765625,100000,75ece6656c4fb1723cd74d028b4bdce353a75113ff989f7a1331439333ce89fc,5.1,
4000,False,0,,False,0,T,884096,"[-0.45298031283127127, 0.3158543756757106, 0.4590114760338817, 0.2696316450449152, 0.2935026173225086]","[1.7160234358830608, -1.7005975151858321, 1.71602343611372, -1.7005975228857666, 0.25477722933641894]","[0.022253970311779978, 0.2002857328060198]",5.8564264548977e-17,0.00933025276341557,True,D,,,False,7.645823529855988e-09,,,,,,,,,,,,,,,,,,,,,,,,,,,,,,,,,,,,,no prediction: not on a scored copy at release,0.0009765625,100000,c693362379f48e558b2f50b2af57f7347fb35c5738ee4d498e09c6093cc87c34,3.5,
4000,False,0,,False,0,T,884097,"[0.41015033019311, -0.293888888019439, 0.7858874065768884, 0.022863056485487254, 0.3523572149148344]","[1.6451246147725764, -1.6771693455689276, 1.645124614772569, -1.6771693455689405, 0.2768683297736016]","[0.022253970311779978, 0.2002857328060198]",1.0986003773361119e-16,0.009647912111775748,True,D,,,False,0.0,,,,,,,,,,,,,,,,,,,,,,,,,,,,,,,,,,,,,no prediction: not on a scored copy at release,0.0009765625,100000,4b3a7456adf4fb9e83eab12dac6d77a3055f2fd53bde0e7602dc877108771179,53.7,
4000,False,0,,False,0,T,884098,"[-0.8282695983561206, 0.9116342150829453, -0.2848182025834045, 0.6639795678136471, -0.36802532387987874]","[-0.03210382870486691, 0.8157503453748478, 1.6547372193997207, -1.6815646383862963, 0.2144263436018419]","[0.022253970311779978, 0.2002857328060198]",8.031041101909941e-06,-7.33435496369731e-06,False,not accepted,,,False,0.5583185129552817,,,,,,,,,,,,,,,,,,,,,,,,,,,,,,,,,,,,,no prediction: not on a scored copy at release,0.0009765625,100000,b24c1acfae27fb96b003f6e1e0d6542a0552be68df7b93f42f8e929e0ab1b48d,2.3,
4000,False,0,,False,0,T,884099,"[0.7116340339120333, -0.513570310469577, 0.353334357270644, 0.447758632082339, -0.6634706995267934]","[1.6040951788369702, -1.7268126731001376, 1.6040951788369617, -1.726812673100151, 0.32508592932018343]","[0.022253970311779978, 0.2002857328060198]",1.0904471769990209e-16,0.009485024815595704,True,D,,,False,0.0,,,,,,,,,,,,,,,,,,,,,,,,,,,,,,,,,,,,,no prediction: not on a scored copy at release,0.0009765625,100000,3667ba38b33e4d1e8e34f28508ab2a2c24a9eed2fe28b2d81d9716c886883329,2.3,
4000,False,0,,False,0,T,884100,"[-0.9450848374732672, 0.1587603066490193, 0.22551046229924898, -0.3110635749735693, 0.7580432705336544]","[-1.7176021858646189, -1.4610509584417983, 1.601633750158902, -1.6902259388638539, 0.31215395175691746]","[0.022253970311779978, 0.2002857328060198]",1.0966921815125374e-16,0.00958036604109145,True,T,T,"[0, 0]",True,0.0,0.023505674432450566,0.05330462146213687,0.0015991386438641059,14.698959669720837,0.4284434406560569,0.48158619450836937,0.22253970311779978,0.42829238989307183,0.42829238989307183,8655.0,2.231254495544177e-05,0.03257786598742869,0.0007657647116045035,0.0007657647116045035,0.42862036109150076,0.3978525554327378,0.0616464430084902,4921.0,0.34275664461261934,T,True,True,1.662781023981097e-12,0.006042125644910745,True,,0.9997125890187673,0.006095590163918193,ok,,8669.0,8668.0,0.4286040170284927,0.0007276037183352457,13.0,True,ok,0.0009765625,100000,1369fb893e361bce03e8ce09a8f449bc7b4071a12e0efdcc45227774b261d8be,5.8,
4000,False,0,,False,0,T,884101,"[0.3527512115600975, 0.5344318896176732, 0.35240649045370165, 0.7456192388948044, 0.6109003639305779]","[1.686306920973256, -1.648738226755413, 1.6863069209714723, -1.6487382268553106, 0.2561026252848903]","[0.022253970311779978, 0.2002857328060198]",9.304008952160103e-13,0.009380359153700382,True,D,,,False,0.0,,,,,,,,,,,,,,,,,,,,,,,,,,,,,,,,,,,,,no prediction: not on a scored copy at release,0.0009765625,100000,210fa567a9d6d84a199c7bdb24f0640fa82fb479f2ae1d9e5869ef945ce8096d,2.9,
4000,False,0,,False,0,T,884102,"[0.36784944100267625, -0.3046227481737931, -0.8497544282321705, -0.9719381085580954, 0.9198978306676451]","[1.9020103295342372, -1.6585989008359536, -1.4005500104578616, -1.6976695991099062, 0.4502187344503011]","[0.022253970311779978, 0.2002857328060198]",1.1060596882828122e-16,0.008269208424682043,True,Tp,Tp,"[0, 0]",False,0.0,,,,,,,,,,,,,,,,,,,,,,,,,,,,,,,,,,,,,no prediction: not on a scored copy at release,0.0009765625,100000,36e47ae7e24be0f7cf444e9edae9b80218f7e49eb1941d941ca0eacb2573e834,3.0,
4000,False,0,,False,0,T,884103,"[-0.29113735064972857, -0.14156467005994822, -0.2072510510627441, -0.6500002801400093, 0.6285852092477513]","[-1.7294383225097305, -1.4119035990777244, 1.7111967801094679, -1.7294099695232719, 0.29412163290288124]","[0.022253970311779978, 0.2002857328060198]",1.0907941216942163e-16,0.009673105626418177,True,T,T,"[0, 0]",True,0.0,0.06267439572150162,0.05804396886271734,0.0017413190658815201,35.99248233681604,0.49400273679041096,0.48158619450836937,0.22253970311779978,0.49394421696478963,0.49394421696478963,11719.0,2.1267698961559e-05,0.024726590930279575,0.0015497241448080349,0.0015497241448080349,0.4947096942440083,0.3922242169121727,0.04395360515469951,7220.0,0.3952084500270047,T,True,True,8.446576771348191e-13,0.006162427911698409,True,,0.9997098068312075,0.006253062269567189,ok,,11756.0,11755.0,0.4947252699442275,0.0015812574631146603,36.0,True,ok,0.0009765625,100000,a0915b03685208359c0d7fdd8b0767d67b76c2181cf911900e9de0b756e0b0f2,47.2,
4000,False,0,,False,0,T,884104,"[0.6643907504096851, 0.968284963647547, -0.8257183348580932, 0.915574353129635, 0.9771222748840604]","[-1.7061829698868034, -1.4193926177020917, 1.6126787337005846, -1.726615178995179, 0.31221523430624415]","[0.022253970311779978, 0.2002857328060198]",2.619328495420681e-13,0.009803812709927117,True,T,T,"[0, 0]",True,0.0,0.02116341524291015,0.05064613640497347,0.0015193840921492042,13.928943545126899,0.4140986922668209,0.48158619450836937,0.22253970311779978,0.41396349961264656,0.41396349961264656,7892.0,2.2860047143687945e-05,0.036345236306105456,0.0007691893280478036,0.0007691893280478036,0.4142819159187499,0.3949644405625175,0.06980616754016133,4367.0,0.33128989999234704,T,True,True,1.628752688276336e-12,0.006130810003016296,True,,0.9997058856187023,0.006182363263875237,ok,,7906.0,7905.0,0.414268522749592,0.000736835825455362,13.0,True,ok,0.0009765625,100000,4e5f4725e1e111c138c75b43e35c057fbd4ce4e0d3569c66409a99d9707f3a8a,5.4,
4000,False,0,,False,0,T,884105,"[0.9230481331531672, 0.782760044709107, 0.7209648521647485, 0.6037395585293654, 0.34912109635009414]","[-1.7036684709123253, -1.4422105498228426, 1.6342128390787676, -1.701540408724119, 0.30312322446859097]","[0.022253970311779978, 0.2002857328060198]",6.304956556846264e-15,0.010017784534388898,True,T,T,"[0, 0]",True,0.0,0.038599597875180226,0.055726832687706354,0.0016718049806311907,23.088576910811053,0.4466109075803576,0.48158619450836937,0.22253970311779978,0.44651763694822444,0.44651763694822444,9178.0,2.2714257181632446e-05,0.030428062967617155,0.0011745109946706854,0.0011745109946706854,0.4470420768221345,0.3938114124900336,0.05634846271372614,5361.0,0.35729173671625086,T,True,True,1.0262901639634947e-12,0.0064155896393318645,True,,0.9996994664639683,0.006448515912035296,ok,,9201.0,9200.0,0.44703703316156185,0.0011632154485257118,22.0,True,ok,0.0009765625,100000,d2a873b4d2c6b8782c729d1a6b7854d63b0adfb9fa9d78b4a008148278efff7f,62.2,
4000,False,0,,False,0,T,884106,"[-0.2031169878111554, -0.5550793936268734, -0.08402992677103827, -0.2020494041182057, -0.487883209162733]","[-1.6889265720864803, -1.4583528284832386, 1.6536480861643486, -1.683795624430316, 0.2918080545309308]","[0.022253970311779978, 0.2002857328060198]",1.0796918914479648e-16,0.009611443136996313,True,T,T,"[0, 0]",True,0.0,0.05326210650634388,0.05782348300351947,0.001734704490105584,30.703850027564087,0.4868997475534327,0.48158619450836937,0.22253970311779978,0.4868389358041828,0.4868389358041828,11450.0,2.1251811107136365e-05,0.025164316573134192,0.0013403045094776277,0.0013403045094776277,0.4874914482252304,0.39240650447658343,0.04498853373808234,7010.0,0.3895319420836921,T,True,True,9.33142452197444e-13,0.00615436482924081,True,,0.9997116567058901,0.006229678901455996,ok,,11481.0,11480.0,0.4874960587372339,0.0013497748120034903,30.0,True,ok,0.0009765625,100000,c3a2513acdff9feaf53665330e3b52bcbe155a1d22cf51934d5b4c194632eaf2,5.5,
4000,False,0,,False,0,T,884107,"[-0.24461512915433992, -0.21741746383128624, -0.825592545318004, 0.4785031872267531, 0.6214337599076045]","[-1.7003030392811658, -1.4476092170310786, 1.63601398270936, -1.6994435340804315, 0.31441334506695295]","[0.022253970311779978, 0.2002857328060198]",1.0942635686461699e-16,0.00950339936559422,True,T,T,"[0, 0]",True,0.0,0.02450746439480866,0.05433633078357743,0.0016300899235073228,15.034424813864305,0.45563680335940127,0.48158619450836937,0.22253970311779978,0.45548167476543744,0.45548167476543744,9970.0,2.1756419297053187e-05,0.029302518475174146,0.0007181304282085533,0.0007181304282085533,0.45580877001557785,0.39713731145288667,0.05373437453392679,5905.0,0.36451878201336907,T,True,True,1.1999290450148692e-12,0.006025252888353538,True,,0.9997148980190321,0.006103135789470579,ok,,9986.0,9985.0,0.4558129571420696,0.0007273231723379237,15.0,True,ok,0.0009765625,100000,65b802be831b23e6e2634e7bbffb226ce754388f05d6e7cbf0b8c334320283e9,6.9,
4000,False,0,,False,0,T,884108,"[-0.07952099292368309, -0.609324458391771, 0.026287097834615247, -0.503460822009776, -0.8255454769479347]","[-1.6781109730255543, -1.4195742453506344, 1.6970346568999444, -1.72335046890703, 0.27554910503152774]","[0.022253970311779978, 0.2002857328060198]",1.1050188541972262e-16,0.009623512990427577,True,T,T,"[0, 0]",True,0.0,0.06938588545000816,0.057781143394954895,0.0017334343018486468,40.027986855925576,0.5047793950466037,0.48158619450836937,0.22253970311779978,0.5048733739751635,0.5048733739751635,12251.0,2.1051649737104938e-05,0.024054497103678133,0.001669042580593364,0.001669042580593364,0.5057160291341359,0.39465149319609144,0.04271937471638974,7606.0,0.40382585861907294,T,True,True,4.2665870836344766e-13,0.00628883524970969,True,,0.9997112946102872,0.006400140972387762,ok,,12292.0,12291.0,0.505726453330004,0.0016896897297706825,40.0,True,ok,0.0009765625,100000,2e85aecffa7033e6d32946bc57bbe0b71c5e1694b95011f26a6c8e646c8561d4,50.8,
4000,False,0,,False,0,T,884109,"[0.21751695401814808, 0.42259303520059466, -0.4427550610492592, -0.15728721762066944, 0.8656306027670317]","[-1.7750018981829678, -1.4846293424343666, 1.6480428093669468, -1.6759052673427355, 0.3323159888813618]","[0.022253970311779978, 0.2002857328060198]",1.10397802011164e-16,0.009666233565318195,True,T,T,"[0, 0]",True,0.0,0.019529729383568107,0.05560918142121961,0.0016682754426365883,11.70653771220344,0.43733859639701855,0.48158619450836937,0.22253970311779978,0.437122262419438,0.437122262419438,8720.0,2.2977898325848845e-05,0.03150936282190444,0.0006153693289604556,0.0006153693289604556,0.43739125405273677,0.41025193775979646,0.05912549988593521,5028.0,0.3498753172243633,T,True,True,2.8460567236265888e-12,0.006190482697959632,True,,0.9997100129930404,0.006266025112389363,ok,,8732.0,8731.0,0.4373815330455985,0.0005931306832223093,11.0,True,ok,0.0009765625,100000,bcd8fab6bad8e0699decf1dcafce0ebc7a6552173c82e493afa823f3aaf908e6,6.1,
4000,False,0,,False,0,T,884110,"[-0.0865340804300383, -0.2992817518066857, 0.14762008963100026, 0.4034480175623465, -0.7056241171622113]","[-1.7223435341284687, -1.4102096606779178, 1.6675329383345003, -1.7318498054158715, 0.30147049789336966]","[0.022253970311779978, 0.2002857328060198]",1.0931468404085098e-16,0.0097632989773857,True,T,T,"[0, 0]",True,0.0,0.042958140815872084,0.05329178994352384,0.0015987536983057152,26.869767908213205,0.4433275613213248,0.48158619450836937,0.22253970311779978,0.4432471910612001,0.4432471910612001,9277.0,2.221044349834722e-05,0.031342214350204546,0.0013464032575373336,0.0013464032575373336,0.4438439805231392,0.3926938703505716,0.058223431001986396,5398.0,0.3546642739851981,T,True,True,9.749978602258125e-13,0.006236222042735995,True,,0.9997071010306784,0.006289800872801241,ok,,9305.0,9304.0,0.4438535779177515,0.0013680557232627066,27.0,True,ok,0.0009765625,100000,1d72e53f1e8e1c51e692cc121cd6d6d319d88399f76b4d429e9b24eab9d4247b,59.6,
4000,False,0,,False,0,T,884111,"[0.01762997041324632, 0.5344761616445883, -0.16676676793071077, 0.9845228838925657, 0.8032525051061368]","[0.06151266956502882, 0.355327627237584, 1.7019560731582746, -1.744507936467884, 0.20543018822862147]","[0.022253970311779978, 0.2002857328060198]",1.547742333094071e-05,-5.015266682510334e-06,False,not accepted,,,False,1.060264076036792,,,,,,,,,,,,,,,,,,,,,,,,,,,,,,,,,,,,,no prediction: not on a scored copy at release,0.0009765625,100000,3308e24242e8a6a78484e5915efc17ab14e82b58a23a13bdc7176cc878e1f9e4,2.3,
4000,False,0,,False,0,T,884112,"[-0.4841553088933004, 0.4925002786793069, 0.47753590745057917, 0.8655870990004713, 0.2219469503147944]","[-1.7062092740413184, -1.5503163355949632, 1.6641078742336803, -1.595391441046394, 0.29797504543237274]","[0.022253970311779978, 0.2002857328060198]",2.6450404366773485e-14,0.009653242880410924,True,T,T,"[0, 0]",True,0.0,0.07396526240608227,0.06730339431942892,0.0020191018295828674,36.63275488258211,0.5691239318436644,0.48158619450836937,0.22253970311779978,0.568974974351837,0.568974974351837,15153.0,2.045655643855393e-05,0.01780660566561687,0.001317070260618983,0.001317070260618983,0.5697243543695921,0.39796830822213036,0.029891962897035516,9801.0,0.4553059279838286,T,True,True,1.0736966871149889e-12,0.006291242373382744,True,,0.9997104027135877,0.0063934045093464445,ok,,15190.0,15189.0,0.569726001596137,0.001319965337940543,36.0,True,ok,0.0009765625,100000,72dd2f282e2b2f57b1ae2ffd082fada2e59b002013a44c1fcae70081efc4d516,7.4,
4000,False,0,,False,0,T,884113,"[-0.2691686519336216, 0.27102242234120855, -0.49130311077139943, -0.8157199742712893, 0.6546684035610024]","[1.8264568606062501, -1.6219970569344417, -1.4213003213993922, -1.6573097748449819, 0.4104347817126781]","[0.022253970311779978, 0.2002857328060198]",1.1022432966356632e-16,0.008826111535802313,True,Tp,Tp,"[0, 0]",False,0.0,,,,,,,,,,,,,,,,,,,,,,,,,,,,,,,,,,,,,no prediction: not on a scored copy at release,0.0009765625,100000,214536d153ab6b03b12276da1ec2f093a49af0f6138329cc6b99846cadecb59c,3.8,
4000,False,0,,False,0,T,884114,"[0.3460295132212461, -0.7935180275192799, -0.6850384985580931, -0.21417265664685337, -0.2866179225586427]","[1.67646589191291, -1.6547847750085598, 1.6764658919129016, -1.6547847750085733, 0.28283479915203147]","[0.022253970311779978, 0.2002857328060198]",1.1050188541972262e-16,0.009553844385513181,True,D,,,False,0.0,,,,,,,,,,,,,,,,,,,,,,,,,,,,,,,,,,,,,no prediction: not on a scored copy at release,0.0009765625,100000,3cccf48cc3e0a435a083c4787550e27a107018e77eaef1cb716f40fcdf1bef7c,3.0,
4000,False,0,,False,0,T,884115,"[0.00531214594111451, 0.9102578489933719, -0.6487626777812778, -0.7377416950419293, 0.21081643979221232]","[1.8534723228455268, -1.6839625797816822, -1.4783035668834932, -1.5923297995772556, 0.4009735375095744]","[0.022253970311779978, 0.2002857328060198]",3.481936960980647e-16,0.008832295352991418,True,Tp,Tp,"[0, 0]",False,0.0,,,,,,,,,,,,,,,,,,,,,,,,,,,,,,,,,,,,,no prediction: not on a scored copy at release,0.0009765625,100000,31fba73e120897a62efa84c4dcfeb1f7328fb71eaa0ee8cb6de78f18ff03eb5f,2.6,
4000,False,0,,False,0,T,884116,"[-0.1449662739361539, -0.7083962136528368, -0.6202437185907976, -0.4459384717699981, -0.8727883877514304]","[1.832141640262863, -1.6587537144339803, -1.4122874824683147, -1.636162902569663, 0.4207596026241224]","[0.022253970311779978, 0.2002857328060198]",1.0973860709029281e-16,0.008899760316224968,True,Tp,Tp,"[0, 0]",False,0.0,,,,,,,,,,,,,,,,,,,,,,,,,,,,,,,,,,,,,no prediction: not on a scored copy at release,0.0009765625,100000,aefe584e3615f6dd434961de94c0b6f40525a3d9e67e3707d1257314b26da42b,54.6,
4000,False,0,,False,0,T,884117,"[0.019494924669711367, 0.010440233234867202, 0.624064135556158, 0.05583494577016812, -0.928890257799402]","[-1.7086240255888954, -1.4657766347599146, 1.6622272729476426, -1.6785392682614921, 0.30625010575484807]","[0.022253970311779978, 0.2002857328060198]",1.0984269049885143e-16,0.009712771117591766,True,T,T,"[0, 0]",True,0.0,0.040571862538897704,0.058675841318426306,0.001760275239552789,23.048590145030552,0.48639471249014277,0.48158619450836937,0.22253970311779978,0.4862734257076346,0.4862734257076346,11237.0,2.161071891916555e-05,0.025246902220873623,0.0010243138464382758,0.0010243138464382758,0.48677152231074194,0.39471779454900585,0.04506945057735976,6879.0,0.3891371647777395,T,True,True,9.525713551283843e-13,0.00621483329313488,True,,0.9997086168664723,0.006290744733864169,ok,,11261.0,11260.0,0.4867721496639953,0.001025603970924216,23.0,True,ok,0.0009765625,100000,aca4f673ccec3d43ded299579e25978d5f552839da260e8c4a27d2ad8cb2467c,5.8,
4000,False,0,,False,0,T,884118,"[-0.7678362140089046, -0.4932945858609368, -0.95914005445944, -0.14161097838892212, 0.9051741168817884]","[-1.370664914240492, -1.7416458840131424, -1.3706649142403957, -1.741645884013313, 0.48715220049021146]","[0.022253970311779978, 0.2002857328060198]",1.1940752206451854e-15,0.007231869847727946,True,Dp,,,False,0.0,,,,,,,,,,,,,,,,,,,,,,,,,,,,,,,,,,,,,no prediction: not on a scored copy at release,0.0009765625,100000,0ff5f9824fdc2bde11d2f5c4c90b0446b054cebb98a40a60a09f79478c5c1d1e,2.8,
4000,False,0,,False,0,T,884119,"[-0.8894926371219973, -0.6021050368741057, -0.5057378855984174, 0.6383295097861754, 0.8393981919826123]","[-1.625552021807464, -1.5141937280216873, 1.7359424219085877, -1.6394946745436332, 0.24648622726628222]","[0.022253970311779978, 0.2002857328060198]",1.0984269049885143e-16,0.009271533356533126,True,T,T,"[0, 0]",True,0.0,0.14228682349723076,0.06678584164166898,0.0020035752492500694,71.0164609741951,0.6929713256824539,0.48158619450836937,0.22253970311779978,0.693257599014613,0.693257599014613,22441.0,1.792706788555809e-05,0.012906514280212101,0.0018364269193530275,0.0018364269193530275,0.6945307159314894,0.4005608779027791,0.020660849864402992,15056.0,0.5543955677649173,T,True,True,5.858646900946951e-13,0.006367696791276134,True,,0.999721853999304,0.006607033424883647,ok,,22513.0,22512.0,0.6945361455090541,0.0018442588963443196,71.0,True,ok,0.0009765625,100000,a5d30e8e05ffa86ee0420493c34bae60afcd3b46fcbd6c1860521ffa25348f27,49.2,
4000,False,0,,False,0,T,884120,"[-0.45994583265247746, 0.7219446591171799, 0.678730669952466, -0.45376437388541846, 0.874204928427148]","[-0.049881018547373784, 0.5183437529484877, 1.6506722555840405, -1.7268496779155564, 0.2222724940207931]","[0.022253970311779978, 0.2002857328060198]",1.4560464499751569e-05,-6.378736519414782e-06,False,not accepted,,,False,0.9017189780938054,,,,,,,,,,,,,,,,,,,,,,,,,,,,,,,,,,,,,no prediction: not on a scored copy at release,0.0009765625,100000,d1bc427683d30cab0a7d4c045d4fbc3f4e5aae006b0b5e242fefe259ce99b77e,2.2,
4000,False,0,,False,0,T,884121,"[-0.7934657407377699, -0.36881770729117136, 0.7558408073634324, 0.2225574960966823, -0.10371741419611369]","[-1.6893849460964476, -1.4308456899476418, 1.6914657593374804, -1.710824308162905, 0.28284630830362273]","[0.022253970311779978, 0.2002857328060198]",1.1067535776732029e-16,0.00966432299425296,True,T,T,"[0, 0]",True,0.0,0.05998863146012449,0.05777212913185047,0.001733163873955514,34.61220970594974,0.4978342547129031,0.48158619450836937,0.22253970311779978,0.4978564789827121,0.4978564789827121,11908.0,2.119552170231076e-05,0.024564069605447155,0.0014735649187220148,0.0014735649187220148,0.49859010282469957,0.3927174664866101,0.04369530059835297,7357.0,0.398276403553305,T,True,True,5.492273302820649e-13,0.0062267659415155,True,,0.9997100703101724,0.006325632465600602,ok,,11943.0,11942.0,0.4985922886105225,0.0014779553121693212,34.0,True,ok,0.0009765625,100000,258c99b950808d91efbc9f858a93266f43b8111ffeaf0eef8dd5d16b1a99a6a9,7.1,
4000,False,0,,False,0,T,884122,"[-0.878439614105694, 0.3506705224197444, 0.9576115899862225, -0.6583009135531512, -0.2569210607466206]","[-1.6699988114351143, -1.454452072855698, 1.6553329665729661, -1.6868682503127355, 0.2818425577137819]","[0.022253970311779978, 0.2002857328060198]",1.0935696792557792e-16,0.0097548254164425,True,T,T,"[0, 0]",True,0.0,0.06305992959196347,0.05936241995575846,0.0017808725986727537,35.40956811787698,0.5003293511581627,0.48158619450836937,0.22253970311779978,0.5003322186602375,0.5003322186602375,11928.0,2.1321381947178032e-05,0.02392897127825612,0.001508959244014947,0.001508959244014947,0.5010871995866634,0.39229443876559483,0.04242603563507006,7385.0,0.4002822665292493,T,True,True,6.987743716990735e-13,0.006264966551890905,True,,0.9997073552375068,0.006347503799460181,ok,,11965.0,11964.0,0.5011000020936478,0.0015345472563534912,36.0,True,ok,0.0009765625,100000,8a09a66d892e635a9c29ea6456e0d1bd881b9fadd0ca8c28d0d764ba502b90c3,51.6,
4000,False,0,,False,0,T,884123,"[0.2168714059771042, 0.8177471373358036, 0.09539721837675996, -0.9503468985246177, 0.7162487472277215]","[0.11925805164933696, 0.4314843745806539, 1.6952084215178516, -1.6983636618807976, 0.19130144432331175]","[0.022253970311779978, 0.2002857328060198]",6.827871601444713e-17,-1.3512812441971583e-05,False,not accepted,,,False,2.016948371432383,,,,,,,,,,,,,,,,,,,,,,,,,,,,,,,,,,,,,no prediction: not on a scored copy at release,0.0009765625,100000,a00962559d0f0beea6a5da7fe392086fe5153640fba28b83f1f08debdde5bca3,2.3,
4000,False,0,,False,0,T,884124,"[-0.3411968582554852, 0.8633185124494662, -0.870792649182853, 0.3413718846401632, -0.597836778069877]","[-0.07899190592721643, 0.6979282231935623, 1.686157544300094, -1.7404065500616015, 0.21276623781677523]","[0.022253970311779978, 0.2002857328060198]",1.9567680809018383e-17,-1.2855723614927511e-05,False,not accepted,,,False,1.7505045228194773,,,,,,,,,,,,,,,,,,,,,,,,,,,,,,,,,,,,,no prediction: not on a scored copy at release,0.0009765625,100000,16f9bc5dc95ee1d3614a65441a8f0d7a11ed8c586b47d013042888c798e310c8,3.0,
4000,False,0,,False,0,T,884125,"[-0.6122187527556728, 0.027853127449182002, -0.755544229914652, -0.782535203252289, -0.75828367551917]","[1.8517304898535554, -1.6500921348183342, -1.4775870925720087, -1.608964937660546, 0.40197265611259875]","[0.022253970311779978, 0.2002857328060198]",1.0932227345605839e-16,0.009096330067033346,True,Tp,Tp,"[0, 0]",False,0.0,,,,,,,,,,,,,,,,,,,,,,,,,,,,,,,,,,,,,no prediction: not on a scored copy at release,0.0009765625,100000,4006834f6d8a46e5d6d9137e8dd6fde9c2a7005edbf2ea95964d904fb5e17685,2.7,
4000,False,0,,False,0,T,884126,"[0.22291555942850372, 0.6345110841990402, 0.1556501658988223, 0.4067367828882169, 0.375470579963596]","[-1.7010876184982755, -1.4593344324668214, 1.6551077374454004, -1.6839072433717541, 0.29859175760629597]","[0.022253970311779978, 0.2002857328060198]",1.7763568394002505e-17,0.009723671520620304,True,T,T,"[0, 0]",True,2.378919061740703e-09,0.04558810167413644,0.05791287944452357,0.001737386383335707,26.23947218154735,0.4793415653704919,0.48158619450836937,0.22253970311779978,0.4792479226665233,0.4792479226665233,10940.0,2.1657611704634096e-05,0.026010812025958605,0.0011857835432662518,0.0011857835432662518,0.4798162069663658,0.3933039878355388,0.04673855003407422,6650.0,0.383485625473002,T,True,True,9.504619313815965e-13,0.006201838362963064,True,,0.9997082898543814,0.006271131918715884,ok,,10967.0,10966.0,0.4798288328084463,0.001212128659193512,26.0,True,ok,0.0009765625,100000,d825d257d88de53195551a1583ec0e82560b5f38011f139086c8f6b32bfb8286,57.4,
4000,False,0,,False,0,T,884127,"[0.8305295932103189, 0.8513131441528818, 0.3603682640481074, -0.3560213589541852, -0.7160466754223747]","[0.014542642152145593, 0.691512402670565, 1.686222279018459, -1.670845514550791, 0.1965073571375439]","[0.022253970311779978, 0.2002857328060198]",1.4192718895229957e-06,-2.6070316987978824e-06,False,not accepted,,,False,0.22338315563730593,,,,,,,,,,,,,,,,,,,,,,,,,,,,,,,,,,,,,no prediction: not on a scored copy at release,0.0009765625,100000,fe512f41e4648b736ec510b286942023129c264f8f0c66bc42bb2b5974c28dcb,2.2,
4000,False,0,,False,0,T,884128,"[0.7597772203016646, 0.7946143178230007, -0.7224955503094264, 0.5091162201637149, -0.9347551215259449]","[-0.045280618512416285, 0.45845964884283325, 1.6708371576327663, -1.6949935894480284, 0.2175681339752444]","[0.022253970311779978, 0.2002857328060198]",1.2368435659803056e-05,-4.640319672267635e-06,False,not accepted,,,False,0.8581114234872265,,,,,,,,,,,,,,,,,,,,,,,,,,,,,,,,,,,,,no prediction: not on a scored copy at release,0.0009765625,100000,5034a1215a91f5e8766d29e8c497a5adcc2ca3b8d7c881bba79c974f458c6091,2.9,
4000,False,0,,False,0,T,884129,"[0.5472733791583706, -0.3007155924410414, 0.5541044824420354, -0.949300124922585, 0.29187827061907057]","[1.6630328252581963, -1.669496912542578, 1.663032825258188, -1.6694969125425911, 0.2962273251207035]","[0.022253970311779978, 0.2002857328060198]",1.0960633442524959e-16,0.00962815340799929,True,D,,,False,0.0,,,,,,,,,,,,,,,,,,,,,,,,,,,,,,,,,,,,,no prediction: not on a scored copy at release,0.0009765625,100000,6be741897467a669f6fda52af98b1b06b95dcfd43c495fc8ea6626fa046d6f1e,2.8,
4000,False,0,,False,0,T,884130,"[-0.9059078607180462, 0.3670909192501415, 0.1459238522443993, -0.49426890571499293, 0.6336744262357203]","[-1.7148528298951096, -1.4236624887717464, 1.6746224733125648, -1.7177378313499108, 0.29197962816589546]","[0.022253970311779978, 0.2002857328060198]",1.1102230246251565e-16,0.00972917183162305,True,T,T,"[0, 0]",True,0.0,0.04772538202492564,0.055091793189761595,0.0016527537956928478,28.876280392941872,0.46019906026302254,0.48158619450836937,0.22253970311779978,0.46016948660514057,0.46016948660514057,10084.0,2.1890113401132894e-05,0.02878207036257086,0.0013736353035219842,0.0013736353035219842,0.46080159165754503,0.39229854753999366,0.0526763502127608,6000.0,0.36816164570639337,T,True,True,8.779643678735738e-13,0.006266920975631307,True,,0.9997081248450513,0.006326695637435909,ok,,10113.0,10112.0,0.4607976725331152,0.0013651186057750397,28.0,True,ok,0.0009765625,100000,92bfe5375c927de2d277d0dda44ad50171881c0d9daf116bac2bf1e723cb6723,53.4,
4000,False,0,,False,0,T,884131,"[-0.7520848518479915, -0.6650630224801137, -0.877018482115532, 0.5579375167186538, 0.724812359224714]","[-1.673610273710207, -1.409944366464721, 1.7055420980964828, -1.7346439345278089, 0.2709688244140824]","[0.022253970311779978, 0.2002857328060198]",1.086630785351872e-16,0.009702648091084261,True,T,T,"[0, 0]",True,0.0,0.07229638980491254,0.058867544347285305,0.001766026330418559,40.93732271125191,0.515857349391103,0.48158619450836937,0.22253970311779978,0.5159845056769073,0.5159845056769073,12634.0,2.1091662403500688e-05,0.02314605476844261,0.0016733761979851817,0.0016733761979851817,0.5168479418672363,0.39692989918083166,0.040868667530061305,7903.0,0.41269610886022784,T,True,True,4.097833183891453e-13,0.006339659130754072,True,,0.9997089205572675,0.006461214573651614,ok,,12677.0,12676.0,0.5168702409944557,0.0017165928585129997,42.0,True,ok,0.0009765625,100000,f3f17bec22cd145b69061f5d410f8665757b7b906129c1ec171d1147bac64bf9,6.1,
4000,False,0,,False,0,T,884132,"[0.9373550549993683, -0.022035811738485345, 0.4887460065979796, -0.5556821266876546, -0.7552828496109054]","[1.6424156502969225, -1.7335761181057432, 1.6424156502969145, -1.733576118105756, 0.2962753474722701]","[0.022253970311779978, 0.2002857328060198]",1.10397802011164e-16,0.009537897127666568,True,D,,,False,0.0,,,,,,,,,,,,,,,,,,,,,,,,,,,,,,,,,,,,,no prediction: not on a scored copy at release,0.0009765625,100000,c8600eb0d4fe04bcbba64bd5e1d6c85a2b285b2d848c96deeda9cbbd6d657b46,3.3,
4000,False,0,,False,0,T,884133,"[0.8758482257298865, -0.958573418785958, 0.5362822478727474, -0.6315880626389523, 0.07312599357044114]","[1.649894019221528, -1.7243593809769084, 1.6498940192215203, -1.724359380976921, 0.28878119331841634]","[0.022253970311779978, 0.2002857328060198]",1.1047586456758296e-16,0.009757026868686361,True,D,,,False,0.0,,,,,,,,,,,,,,,,,,,,,,,,,,,,,,,,,,,,,no prediction: not on a scored copy at release,0.0009765625,100000,b97c40acd4a2f3ce355845846f49bd47a2a6cc41735f70ed03199f9ec9bb8391,2.9,
4000,False,0,,False,0,T,884134,"[-0.1034255874286436, -0.4207230166684297, 0.3550919272619468, 0.5467628698369016, 0.1451782784237894]","[-1.7418405247649733, -1.4551959987135472, 1.649882790190014, -1.694501906932335, 0.31765208704739556]","[0.022253970311779978, 0.2002857328060198]",1.092528845170193e-16,0.009877345633551917,True,T,T,"[0, 0]",True,0.0,0.022329475057453314,0.0553282653101484,0.001659847959304452,13.452723143877787,0.44160979028182756,0.48158619450836937,0.22253970311779978,0.441435012595966,0.441435012595966,8959.0,2.279858489420361e-05,0.031115214980089814,0.0006947864168052133,0.0006947864168052133,0.4417417156466199,0.3987890540987492,0.05787017600526676,5200.0,0.3532920320689038,T,True,True,1.6956436255100016e-12,0.00620675576284313,True,,0.9997036796309935,0.006263036393446215,ok,,8973.0,8972.0,0.4417363850266516,0.0006827107548930123,13.0,True,ok,0.0009765625,100000,65ddfc72d70bf9803033ff37d3f19a74aa1fe224156d37ab516bbbef3bfb1f3e,6.2,
4000,False,0,,False,0,T,884135,"[0.41366964941580653, -0.9112114771251758, 0.5892840207917944, -0.5675192673078688, -0.1416205494666567]","[1.5918352263421824, -1.7590733518710786, 1.5918352263421747, -1.7590733518710915, 0.31836695933434417]","[0.022253970311779978, 0.2002857328060198]",1.1091821905395704e-16,0.009868201584434926,True,D,,,False,0.0,,,,,,,,,,,,,,,,,,,,,,,,,,,,,,,,,,,,,no prediction: not on a scored copy at release,0.0009765625,100000,fa5119d10a42c4132692da9fc50cdc18f6bef57ca8d0fac093688836c9e27bbe,52.2,
4000,False,0,,False,0,T,884136,"[-0.957172361856836, 0.936738227153376, -0.030410426367840415, 0.7310355007193685, 0.41997919109611237]","[0.06201774165779746, 0.6359539204919917, 1.6939461619596188, -1.7260475038969683, 0.1969951458462246]","[0.022253970311779978, 0.2002857328060198]",2.005527859127082e-05,-9.593580084110063e-06,False,not accepted,,,False,1.2498973946140834,,,,,,,,,,,,,,,,,,,,,,,,,,,,,,,,,,,,,no prediction: not on a scored copy at release,0.0009765625,100000,be8d6b93948ee22e0560c524e96615a08a1683f71154770db77108a1276165ca,2.2,
4000,False,0,,False,0,T,884137,"[-0.8535802397050725, 0.30985049602185266, 0.6287709161996009, 0.2719360367879564, 0.744784056564018]","[-1.7198503364857243, -1.4039705076083557, 1.6603059363774062, -1.737882193333943, 0.29994510463485036]","[0.022253970311779978, 0.2002857328060198]",1.1003351008120887e-16,0.009762063130746556,True,T,T,"[0, 0]",True,0.0,0.04113489622044219,0.052331414812733554,0.0015699424443820066,26.201531379473316,0.43523580144485263,0.48158619450836937,0.22253970311779978,0.43515519850332807,0.43515519850332807,8910.0,2.234859871133532e-05,0.0327131519029777,0.0013456521085725487,0.0013456521085725487,0.4357407660137504,0.392692489023072,0.06128598504559037,5122.0,0.34819033200023985,T,True,True,1.1009526623695365e-12,0.006210285896636469,True,,0.9997071381060776,0.006263638470998559,ok,,8937.0,8936.0,0.4357505227092322,0.0013680732941987461,26.0,True,ok,0.0009765625,100000,0e6157aea38e72e6e99a438112815b6a44a4ee0e53d4601215c535fbd046f1fc,6.2,
4000,False,0,,False,0,T,884138,"[-0.8852665959950043, -0.9898971827751679, -0.8750904737685992, 0.4309489657277963, 0.9659885488788285]","[-1.6215866640527468, -1.4793948967226676, 1.7337508147744698, -1.6779155709827127, 0.2444412613120593]","[0.022253970311779978, 0.2002857328060198]",1.1050188541972262e-16,0.009399629201810764,True,T,T,"[0, 0]",True,0.0,0.14654509667627263,0.06561644509017715,0.0019684933527053146,74.44530939099928,0.6460889626707107,0.48158619450836937,0.22253970311779978,0.646483835420606,0.646483835420606,19461.0,1.8863723361499662e-05,0.01482298932745339,0.002172236404023015,0.002172236404023015,0.6478881511425191,0.4048173296222513,0.024506530009261476,12893.0,0.5168765744855857,T,True,True,3.0475622025960547e-13,0.00649552935404607,True,,0.9997180111239456,0.00673012199728785,ok,,19537.0,19536.0,0.6478997378279036,0.0021901590259816306,75.0,True,ok,0.0009765625,100000,ba3467e6b332e96e91e4efc97224b97d5cd6d161a9c79b02e27c83de3b6ae5a9,14.8,
4000,False,0,,False,0,T,884139,"[-0.3668492361920954, -0.3539539659257591, -0.0027287124313502, 0.27015442524871514, -0.7560111987169726]","[-1.6908531869530086, -1.4335660473097809, 1.6625894908156051, -1.7087932872567164, 0.3012793990717262]","[0.022253970311779978, 0.2002857328060198]",1.1031106583736517e-16,0.00956050740208117,True,T,T,"[0, 0]",True,0.0,0.0357632199725987,0.05556187236724075,0.0016668561710172225,21.455492438063022,0.4757530926492216,0.48158619450836937,0.22253970311779978,0.47566449615365664,0.47566449615365664,10969.0,2.1337758247992334e-05,0.0269122449174151,0.0009624685349379676,0.0009624685349379676,0.4761223082643916,0.3926650369700799,0.048512955863996766,6645.0,0.38060492597262485,T,True,True,7.465139617579553e-13,0.006069163154551749,True,,0.9997131847779376,0.006153825796663602,ok,,10992.0,10991.0,0.47613358649502224,0.0009861790088576683,22.0,True,ok,0.0009765625,100000,7b3d10834a7a4fed7ac7bfc5b11c08ad927bd3e2c4de0599e53b4e17410bddc5,5.5,
4000,False,0,,False,0,T,884140,"[0.796043254254631, 0.3978390272376169, -0.819213312810849, 0.1128324470040194, -0.8437981710880935]","[-1.7618517512907952, -1.3705573546118284, 1.6414938985477376, -1.7750581232185958, 0.31321195274105207]","[0.022253970311779978, 0.2002857328060198]",1.1018963519404679e-16,0.009846907763104509,True,T,T,"[0, 0]",True,0.0,0.02609738899899818,0.048918084797338904,0.001467542543920167,17.7830544723328,0.39750453131554864,0.48158619450836937,0.22253970311779978,0.39737117627508106,0.39737117627508106,7138.0,2.3197290402334204e-05,0.03977866439435251,0.0010381192785600157,0.0010381192785600157,0.3977836949539163,0.39523932579709653,0.07824269571532859,3800.0,0.31801503691897515,T,True,True,2.3848145680460675e-12,0.006106614971752911,True,,0.9997045927671069,0.006160678858019446,ok,,7157.0,7156.0,0.3978041514930836,0.0010895989539585482,18.0,True,ok,0.0009765625,100000,39f60f5f9861e71d6c157f79c8bf584ceffc598b22b5e371c6c074889ff27afc,5.7,
4000,False,0,,False,0,T,884141,"[0.6306384129949738, -0.026432579991913396, -0.8997870706643634, -0.2891175024002288, -0.33717929267903646]","[1.8515196772458364, -1.7095809390138674, -1.4412660164345519, -1.5886240141724808, 0.41396491704503596]","[0.022253970311779978, 0.2002857328060198]",1.0921819004749978e-16,0.008818115093514163,True,Tp,Tp,"[0, 0]",False,0.0,,,,,,,,,,,,,,,,,,,,,,,,,,,,,,,,,,,,,no prediction: not on a scored copy at release,0.0009765625,100000,4b6a1e3cb9b42b637447fad42d64d94f3ea065150988f1bcda2e9274a655f1d8,2.6,
4000,False,0,,False,0,T,884142,"[0.710800098846313, 0.09916417836938596, -0.6852602872559292, 0.9843211440799622, -0.8255346889847948]","[1.6253524344507977, -1.673647191461442, 1.6253524344507897, -1.673647191461455, 0.302420692281418]","[0.022253970311779978, 0.2002857328060198]",1.0935696792557792e-16,0.009598412365500674,True,D,,,False,0.0,,,,,,,,,,,,,,,,,,,,,,,,,,,,,,,,,,,,,no prediction: not on a scored copy at release,0.0009765625,100000,01a00f3d57e2c9394a4b43236b3d9c8851fb846f6e71dba453b32c293876d22e,46.1,
4000,False,0,,False,0,T,884143,"[0.6719135120310475, 0.9024413694208506, 0.8911655029376744, -0.3379823140170082, 0.29561318477840137]","[-1.7227744580043851, -1.4645706683518607, 1.6682964231645467, -1.6784272280196575, 0.30028308422066685]","[0.022253970311779978, 0.2002857328060198]",1.1379786002407854e-16,0.009858953934116304,True,T,,,False,0.0010710931437989402,,,,,,,,,,,,,,,,,,,,,,,,,,,,,,,,,,,,,no prediction: not on a scored copy at release,0.0009765625,100000,cf9b557328edafc39aea3c0ce3e7a0218b43011d6d83ec5f46520d8b46d6a7d5,2.3,
4000,False,0,,False,0,T,884144,"[-0.16834090881852037, -0.11669861689710159, 0.8282818499634814, -0.8301328784287467, -0.683181152741803]","[-1.718261423584627, -1.4516575602724033, 1.7031741504348015, -1.6900425909212342, 0.29108890918169106]","[0.022253970311779978, 0.2002857328060198]",1.1098760799299611e-16,0.00951040795749824,True,T,T,"[0, 0]",True,0.0,0.05493108757359593,0.058236898356177506,0.0017471069506853252,31.44117053168869,0.5025488864647256,0.48158619450836937,0.22253970311779978,0.5024935964754358,0.5024935964754358,12320.0,2.0835722798275835e-05,0.023733322881745525,0.0013036972376295915,0.0013036972376295915,0.5031486959890874,0.39202258871879603,0.04194694088391868,7649.0,0.4020447176937901,T,True,True,7.224221221235894e-13,0.006100624983666814,True,,0.999714687761275,0.006201272316943002,ok,,12352.0,12351.0,0.5031486454057018,0.0013035965728929177,31.0,True,ok,0.0009765625,100000,5cf0edbc33d1c6634ab57714444fb27b101cb08841c5028f1d699c02b0f74e36,7.0,
4000,False,0,,False,0,T,884145,"[-0.8177663400539885, -0.6321565529882118, 0.2514726759418269, -0.5360923240745388, 0.14527853325513362]","[-1.6927941335564995, -1.4085425942451602, 1.6787436104070241, -1.7323740700789603, 0.28015614116451804]","[0.022253970311779978, 0.2002857328060198]",1.0951309303841584e-16,0.009672936469724744,True,T,T,"[0, 0]",True,0.0,0.05738061459495323,0.05519535698382342,0.0016558607095147025,34.65304434439432,0.4709419752677426,0.48158619450836937,0.22253970311779978,0.47097085372378683,0.47097085372378683,10627.0,2.1623895090583378e-05,0.027727843426518226,0.0015910406972062497,0.0015910406972062497,0.4717201875192593,0.39314748611951505,0.050400771770799914,6398.0,0.3767576295416648,T,True,True,6.430411758628907e-13,0.006243795094531435,True,,0.9997098119059082,0.006320697026317893,ok,,10662.0,10661.0,0.47172417172387826,0.0015995002538591319,34.0,True,ok,0.0009765625,100000,8b0926f1a1d2662c17e586cf5a793cf9a23192d568f0830296c6ba51d0d46c20,47.6,
4000,False,0,,False,0,T,884146,"[-0.02519378639379788, -0.8828085718331211, 0.8976169316375469, -0.6481784484339195, 0.8867719956179507]","[-1.755796261341873, -1.4503370505780244, 1.6668020673821413, -1.6971578349572338, 0.31131480306465353]","[0.022253970311779978, 0.2002857328060198]",1.1032841307212493e-16,0.009785138627770458,True,T,T,"[0, 0]",True,0.0,0.03095936545374426,0.05518115991759866,0.0016554347975279596,18.701651976855565,0.44424861784547576,0.48158619450836937,0.22253970311779978,0.44411210839150794,0.44411210839150794,9211.0,2.2440485608653527e-05,0.03052302390348876,0.0009449734517814802,0.0009449734517814802,0.44453178254355263,0.39642638713998396,0.05665538523283491,5368.0,0.3554158838590002,T,True,True,1.5925039065223245e-12,0.006225763792859884,True,,0.9997064458411669,0.0062759801990923516,ok,,9231.0,9230.0,0.44453871778120657,0.0009605894134336879,19.0,True,ok,0.0009765625,100000,0f217f87de0957c0e4002d119ed6584a13123a0169156c57d37024652582b0fd,5.3,
4000,False,0,,False,0,T,884147,"[-0.20434249252572356, -0.03714973968587976, 0.516834417555398, 0.7427255036417031, -0.8302691460763265]","[-1.7235778102562491, -1.4355205089898093, 1.67804006466534, -1.706622393962007, 0.2955404106083221]","[0.022253970311779978, 0.2002857328060198]",1.1062548446738596e-16,0.009682093507666294,True,T,T,"[0, 0]",True,0.0,0.04199103994325013,0.05598079443651178,0.0016794238330953533,25.00324165690579,0.46733479679216644,0.48158619450836937,0.22253970311779978,0.4672707830755144,0.4672707830755144,10455.0,2.169063484595446e-05,0.027640336395910205,0.0011606464696455358,0.0011606464696455358,0.46781311926025954,0.3925101871995245,0.0502094508011939,6274.0,0.3738866558313626,T,True,True,1.085354028873553e-12,0.006166938181537351,True,,0.99970953719477,0.006230704404816785,ok,,10480.0,10479.0,0.4678121342696054,0.0011585385042220953,24.0,True,ok,0.0009765625,100000,41fa277e2a00636da9ded3ad5709151b38629892a4e9e4d620c44155a48cae6b,6.2,
4000,False,0,,False,0,T,884148,"[0.24278359806243688, -0.9433086671953925, 0.5056731488350374, -0.36663736498122934, -0.32247514059196547]","[1.6612523708686675, -1.6964095706690143, 1.66125237086866, -1.6964095706690272, 0.2840427740152799]","[0.022253970311779978, 0.2002857328060198]",1.0989473220313073e-16,0.009606964021839259,True,D,,,False,0.0,,,,,,,,,,,,,,,,,,,,,,,,,,,,,,,,,,,,,no prediction: not on a scored copy at release,0.0009765625,100000,8c4a3424e84cb02db6a4acfb86be6bfecc9e87a55487c33e6654cb45ec7bae66,39.1,
4000,False,0,,False,0,T,884149,"[0.8718117103736778, 0.9689165454646067, -0.021998103428076288, -0.0628816082811614, 0.439034312869959]","[-1.7709417955704123, -1.434309103771461, 1.6068426367916484, -1.7309182963728, 0.34679910963266414]","[0.022253970311779978, 0.2002857328060198]",1.5637838246540526e-15,0.009767365979963551,True,T,T,"[0, 0]",True,0.0,-0.004133209311385971,0.04783527233582574,0.001435058170074772,-2.8801684820696956,0.3832591373952287,0.48158619450836937,0.22253970311779978,0.38304683187000843,0.38304683187000843,6350.0,2.4002047064064504e-05,0.04366434027080858,-0.00018047385778283148,-0.00018047385778283148,0.38297770193054936,0.4101664984554443,0.08846938999592235,3243.0,0.3066210546550469,T,True,True,2.220446049250313e-16,0.005871485774670615,True,,0.9997069790206011,0.005989653670087007,ok,,6351.0,6347.0,0.3829783712378205,-0.0001787265328724308,-3.0,False,ok,0.0009765625,100000,c21dcd7dec4945cfc9a908ea2adad710b9d9b60cd942ee355d001704dae83fe2,4.3,
4000,False,0,,False,0,T,884150,"[-0.7390059909952422, 0.599465853607289, 0.5227192618639003, -0.039719394372131234, -0.5729964709209958]","[-1.749042597071178, -1.431166248857189, 1.6367277607807105, -1.718312600998997, 0.31734489206237976]","[0.022253970311779978, 0.2002857328060198]",1.0977113315546739e-16,0.00971619227687714,True,T,T,"[0, 0]",True,0.0,0.019084744543107515,0.05098592839831926,0.0015295778519495778,12.477131856206192,0.41395356418700274,0.48158619450836937,0.22253970311779978,0.41380198327495116,0.41380198327495116,7914.0,2.277031587261169e-05,0.03597533949026098,0.0006865801640231985,0.0006865801640231985,0.41408609150850123,0.3972666860568098,0.06921342413418582,4377.0,0.3311670861291039,T,True,True,2.085831507514513e-12,0.006092290932379285,True,,0.9997085142316937,0.006147604945806839,ok,,7927.0,7926.0,0.4140899980688775,0.0006960208156734371,12.0,True,ok,0.0009765625,100000,2c48900f52c0e02927c1dff8bb2e8dff594f91451e99b1df267b06d139c18254,4.6,
4000,False,0,,False,0,T,884151,"[-0.8831980822614303, 0.9447423639744621, 0.2674454125916246, 0.7390877756325978, 0.4640705016691431]","[0.05567533272818998, 0.7059888294713512, 1.7116792124576392, -1.6993146613093355, 0.1778139135640259]","[0.022253970311779978, 0.2002857328060198]",1.8942846039415316e-05,-9.309250659314333e-06,False,not accepted,,,False,1.1903636524471903,,,,,,,,,,,,,,,,,,,,,,,,,,,,,,,,,,,,,no prediction: not on a scored copy at release,0.0009765625,100000,5468dcd9c0a3e1f944481324eabe4ce66fd789f4bb0f8dd0b6f5f69c055d488f,2.3,
4000,False,0,,False,0,T,884152,"[0.12495565837087086, 0.1483906722017292, 0.16241544025110088, -0.253375008451322, -0.3678005588468094]","[-1.757116480852706, -1.3996156935943074, 1.6534520723722284, -1.7486015124382093, 0.319268388865668]","[0.022253970311779978, 0.2002857328060198]",1.0984269049885143e-16,0.009671634961686191,True,T,T,"[0, 0]",True,0.0,0.02950468233947178,0.05009905948794097,0.001502971784638229,19.630895696803563,0.41287226137804756,0.48158619450836937,0.22253970311779978,0.41270883016478743,0.41270883016478743,7906.0,2.2686376936535413e-05,0.03657383952808275,0.001079099517210898,0.001079099517210898,0.413154184064167,0.39677879551523176,0.07034910855504184,4365.0,0.3303206370734734,T,True,True,2.328470749546341e-12,0.005977097791008579,True,,0.9997098509511494,0.006047031752794389,ok,,7926.0,7925.0,0.4131592511934795,0.001091377251395853,19.0,True,ok,0.0009765625,100000,f14d42f8c31c917e0c2d9d7425e5829ce793bb2251e2fb726f084ee532009bd8,4.4,
4000,False,0,,False,0,T,884153,"[0.45204761606292143, 0.021801749090879508, -0.8650818234994841, -0.984589247757377, 0.607049309863601]","[1.8571877498583151, -1.6402603652365566, -1.4594984141147653, -1.6284400444837157, 0.41019732306045104]","[0.022253970311779978, 0.2002857328060198]",1.095304402731756e-16,0.009006278724638314,True,Tp,Tp,"[0, 0]",False,0.0,,,,,,,,,,,,,,,,,,,,,,,,,,,,,,,,,,,,,no prediction: not on a scored copy at release,0.0009765625,100000,2c6e6d553846c6591d8a456bf8ca16c4288c2ef94c3cd75e929e9041db07e9e7,2.3,
4000,False,0,,False,0,T,884154,"[0.5185647385833929, -0.40384948366114015, -0.7722889231737051, 0.4394168200169071, -0.9531135920690852]","[1.623712465564582, -1.678081760571182, 1.6237124655645743, -1.678081760571195, 0.2897807140078526]","[0.022253970311779978, 0.2002857328060198]",1.1024167689832609e-16,0.009509683171737388,True,D,,,False,0.0,,,,,,,,,,,,,,,,,,,,,,,,,,,,,,,,,,,,,no prediction: not on a scored copy at release,0.0009765625,100000,09f6b5b9a418f0172b9280d47836dcf6dea3d09361bc7de975ab7b77c4688111,2.2,
4000,False,0,,False,0,T,884155,"[0.5751601869869254, -0.5392438552541188, -0.514621205108029, 0.3140884679246465, -0.42012727691519447]","[1.6545236225399933, -1.6969648042795684, 1.654523622539986, -1.6969648042795813, 0.2803260662650133]","[0.022253970311779978, 0.2002857328060198]",1.0824674490095276e-16,0.009617407327227219,True,D,,,False,0.0,,,,,,,,,,,,,,,,,,,,,,,,,,,,,,,,,,,,,no prediction: not on a scored copy at release,0.0009765625,100000,08141f8e47058e35e3005a25f96eec46b3481b5c7d944d24196faef163a4de12,2.2,
4000,False,0,,False,0,T,884156,"[-0.059431529356605894, 0.42038529380449274, 0.6522698963239384, 0.5332768297769241, 0.786431142806516]","[-1.6935052930157262, -1.4473390125475605, 1.6725004249901625, -1.69409099623963, 0.2873177311864613]","[0.022253970311779978, 0.2002857328060198]",7.127427988085078e-13,0.009654307004667856,True,T,T,"[0, 0]",True,0.0,0.055024206999663657,0.057845823249595786,0.0017353746974878735,31.70739269122492,0.49004119290353865,0.48158619450836937,0.22253970311779978,0.4900039300933986,0.4900039300933986,11554.0,2.1296908042607866e-05,0.025045155437486,0.0013780898171309815,0.0013780898171309815,0.4906791995198145,0.39210865120514976,0.04471171872518489,7094.0,0.3920397213479763,T,True,True,7.577272143066693e-13,0.006170445573946859,True,,0.9997103707898599,0.006255966610068765,ok,,11586.0,11585.0,0.49068263963608527,0.0013851104062723163,31.0,True,ok,0.0009765625,100000,c4892e0734dffa2986aee6a69937901d96b0654d8044cc3be5ff7d2e894c2abd,5.4,
4000,False,0,,False,0,T,884157,"[-0.15285819955998758, -0.33931486525833243, 0.15197231450765236, -0.08939428215074252, -0.38331959078943934]","[-1.6550195360904698, -1.463864371711003, 1.6488311418469688, -1.6777021376267816, 0.2847923572994063]","[0.022253970311779978, 0.2002857328060198]",1.1025902413308586e-16,0.0095708396825989,True,T,T,"[0, 0]",True,0.0,0.06383245332988742,0.05949232427610832,0.0017847697282832495,35.76509188739276,0.5133898588351014,0.48158619450836937,0.22253970311779978,0.513368907534206,0.513368907534206,12778.0,2.077503510608203e-05,0.022674097681469562,0.0014473432820497143,0.0014473432820497143,0.5141119285737389,0.3919952079008661,0.03980987301486963,7996.0,0.4107155384852508,T,True,True,1.1124434706744069e-12,0.006154910087486254,True,,0.9997128748095221,0.006257240309978561,ok,,12815.0,12814.0,0.5141273419186224,0.0014773671979069203,36.0,True,ok,0.0009765625,100000,c9d6f1acff3e9104cd00eb5a6d1e8f71c5c5d08a1fb177b43abcb1bdc487f822,5.8,
4000,False,0,,False,0,T,884158,"[0.971798711174485, 0.90192235695704, 0.45868360525366825, 0.07499763583993913, -0.9396730144216918]","[-1.7426523898533062, -1.457137235502708, 1.6358496706574148, -1.6940742463685334, 0.3177940498829995]","[0.022253970311779978, 0.2002857328060198]",1.946779543127164e-14,0.009822592959029828,True,T,T,"[0, 0]",True,0.0,0.025909603100410634,0.05378757881030037,0.001613627364309011,16.056744991744527,0.4281976795084455,0.48158619450836937,0.22253970311779978,0.428016638529446,0.428016638529446,8407.0,2.291889371846434e-05,0.03318407747077366,0.0008597862765210239,0.0008597862765210239,0.4283846413613762,0.3991832634068494,0.06272610658462092,4778.0,0.3425740480075149,T,True,True,1.8228751841320445e-12,0.006163603941569895,True,,0.9997053222112291,0.006220871928383155,ok,,8424.0,8423.0,0.42838501990293143,0.0008606706850253776,16.0,True,ok,0.0009765625,100000,e5ba21ff12295a09827d02544ee2fada543ba27f520eb77749da07beb401a428,4.7,
4000,False,0,,False,0,T,884159,"[0.5282011797106825, -0.5385092407396346, 0.36261373384787654, 0.3758152289393224, -0.9909838622606593]","[1.6325442861819255, -1.7189579460130053, 1.6325442861819177, -1.7189579460130189, 0.3006527908967993]","[0.022253970311779978, 0.2002857328060198]",1.1013759348976749e-16,0.00952558537150769,True,D,,,False,0.0,,,,,,,,,,,,,,,,,,,,,,,,,,,,,,,,,,,,,no prediction: not on a scored copy at release,0.0009765625,100000,8142657bf320329961d9ef0a675170fde7f098d9c9d1d295a9f52149dc0b6a2b,2.2,
4000,False,0,,False,0,T,884160,"[-0.3759439347156128, 0.49927294992385707, 0.5758852827517416, -0.6812913905236078, -0.1037189148865365]","[-1.7305636529140878, -1.4718888879347163, 1.6724705427080648, -1.673608439029999, 0.30645901434769685]","[0.022253970311779978, 0.2002857328060198]",4.059599878480924e-16,0.009624967786658336,True,T,T,"[0, 0]",True,0.0,0.036126178849246106,0.057644223367251196,0.001729326701017536,20.890314610876857,0.4772738410343931,0.48158619450836937,0.22253970311779978,0.4771048254181897,0.4771048254181897,10878.0,2.1627797030976393e-05,0.02621328378007847,0.0009469857780651569,0.0009469857780651569,0.47755663690250694,0.39566696901366954,0.047126936797171996,6602.0,0.38182122769885757,T,True,True,1.1467493621353242e-12,0.0060557521978353845,True,,0.9997112509664002,0.006137669461371124,ok,,10900.0,10899.0,0.47757258735724306,0.000980417539569789,21.0,True,ok,0.0009765625,100000,fb1c7690ab0c3e8f46c2632714241c17f43752348987aba4f5b74bcf0ad54e20,5.2,
4000,False,0,,False,0,T,884161,"[-0.7703874759654137, 0.6710190228059232, -0.6066408852786647, 0.7002990915567067, -0.13464853480690264]","[-1.7279733685339134, -1.5028704107003006, 1.6629986717301146, -1.644603794538855, 0.3062232825278346]","[0.022253970311779978, 0.2002857328060198]",2.4462983722051136e-14,0.009746720398833866,True,T,T,"[0, 0]",True,0.0,0.048127924889562745,0.06186977618923392,0.0018560932856770175,25.929690743969203,0.5016663323221263,0.48158619450836937,0.22253970311779978,0.5015151252892527,0.5015151252892527,11819.0,2.1598397123027136e-05,0.023202655233094453,0.0011166956482967897,0.0011166956482967897,0.5020751650472183,0.3980002247101364,0.040903946362759604,7330.0,0.4013539289106779,T,True,True,1.166289287368727e-12,0.006270802907782036,True,,0.999707598388035,0.006341674366622184,ok,,11846.0,11845.0,0.5020775728618004,0.0011214967289836508,26.0,True,ok,0.0009765625,100000,a62befeb51ea8e4d9bc3bac59843bc64d222cb6969c32d35c59b1fc31d4ca14e,5.5,
4000,False,0,,False,0,T,884162,"[-0.4895806744746649, -0.8666826775872243, 0.14158417705576554, 0.41280840513033135, -0.2986135615971095]","[-1.758884956520008, -1.4318928760397283, 1.6752110847281594, -1.7127684921587039, 0.30738869243222616]","[0.022253970311779978, 0.2002857328060198]",1.0976462794243247e-16,0.009795331200963809,True,T,T,"[0, 0]",True,0.0,0.040347500658095864,0.05414621835917602,0.0016243865507752804,24.83860792792145,0.4391051695360691,0.48158619450836937,0.22253970311779978,0.4389834281768833,0.4389834281768833,9020.0,2.243345815899411e-05,0.0314599997793169,0.0012693323617996844,0.0012693323617996844,0.43954064404856197,0.3942188399315495,0.05869521061783747,5217.0,0.3512939173867919,T,True,True,1.4520606939072422e-12,0.006222045467259074,True,,0.9997061400639711,0.006269969878632938,ok,,9046.0,9045.0,0.43955188958087243,0.0012949495755454343,25.0,True,ok,0.0009765625,100000,f6cf656ed7181b8e2453a1f499d5b01b4065bb50faf6bd399896fb8ea1f6fef9,4.7,
4000,False,0,,False,0,T,884163,"[-0.8229628803744273, -0.3355589006679167, 0.4879788168294006, 0.42496314399665613, 0.026268458468901024]","[-1.6721668036154622, -1.4472508572676397, 1.694735695156026, -1.6954515938500192, 0.27595104074469284]","[0.022253970311779978, 0.2002857328060198]",1.1025035051570597e-16,0.009395700716455582,True,T,T,"[0, 0]",True,0.0,0.0690479268623114,0.058921692493248516,0.0017676507747974553,39.061973013432585,0.5278615261010915,0.48158619450836937,0.22253970311779978,0.5278922029145408,0.5278922029145408,13698.0,2.0253673138933558e-05,0.021705114517130183,0.0014986931597168983,0.0014986931597168983,0.5286833513481167,0.39308234126240515,0.03786560569048774,8657.0,0.4222995685200882,T,True,True,5.880851361439454e-13,0.006051809347674575,True,,0.9997181289785063,0.006186345886233504,ok,,13738.0,13737.0,0.5286983854884473,0.001527172724763659,39.0,True,ok,0.0009765625,100000,3da2031e16200439db87c45318262765395e519a3bff0deb9e3fb2d9c53e63bd,6.0,
4000,False,0,,False,0,T,884164,"[0.1684582481202812, -0.18953410310658447, 0.09293270278672083, -0.53184430960512, 0.1037935983595446]","[1.7002037228041103, -1.6938374507577412, 1.7002037228041167, -1.6938374507577547, 0.2425546409421479]","[0.022253970311779978, 0.2002857328060198]",1.10547421910967e-16,0.00921504788508969,True,D,,,False,0.0,,,,,,,,,,,,,,,,,,,,,,,,,,,,,,,,,,,,,no prediction: not on a scored copy at release,0.0009765625,100000,f74a0548e18dd47961708343a15ddae7e2bd78c5a4657a5bcedc313e721d5c4d,2.2,
4000,False,0,,False,0,T,884165,"[-0.3904499377201971, -0.8880837991636301, 0.5742095877516964, -0.3655976209568714, 0.4487563007805144]","[-1.698069080896959, -1.4969912405063233, 1.728948025951522, -1.644000649463488, 0.28634132750346925]","[0.022253970311779978, 0.2002857328060198]",1.1071438904552977e-16,0.009634926115932018,True,T,T,"[0, 0]",True,0.0,0.08773130122456828,0.06525756612398229,0.0019577269837194686,44.81283751725602,0.5943222558541374,0.48158619450836937,0.22253970311779978,0.5943490376329781,0.5943490376329781,16701.0,1.973423017549658e-05,0.016960025415828167,0.0014879250985323548,0.0014879250985323548,0.5952333844833608,0.39249425178806147,0.0282646402418253,10911.0,0.4754732463180779,T,True,True,5.480060849549773e-13,0.006368651947734394,True,,0.9997109522165221,0.006510291978535145,ok,,16747.0,16746.0,0.5952516471266707,0.0015186522338579422,45.0,True,ok,0.0009765625,100000,0ed7b7b3a35c3e42b1ba377d50947e333ebcc1a4047bc566ed8725f23dc9dbd4,6.7,
4000,False,0,,False,0,T,884166,"[0.2212790208714699, -0.8735266462037665, 0.23085361061542709, -0.25593127684215644, 0.32630887525073127]","[1.6513355193592327, -1.7276470955285865, 1.6513355193592385, -1.727647095528599, 0.26803378757514545]","[0.022253970311779978, 0.2002857328060198]",1.0904471769990209e-16,0.009597206560534215,True,D,,,False,0.0,,,,,,,,,,,,,,,,,,,,,,,,,,,,,,,,,,,,,no prediction: not on a scored copy at release,0.0009765625,100000,95b5dc54a7e3ce2fa7e03b1f1c934faf861c31e88782fbec6ce2d07886e8bde3,2.2,
4000,False,0,,False,0,T,884167,"[-0.08252613411445453, 0.4794069546254074, 0.6956194573893131, 0.11481021933163715, -0.9846267562809201]","[-1.7316332943304782, -1.4281519025468314, 1.6170898925950958, -1.723204105807414, 0.32334421069263136]","[0.022253970311779978, 0.2002857328060198]",1.1005953093334853e-16,0.009734218753798493,True,T,T,"[0, 0]",True,0.0,0.01617437592485297,0.049939863924110844,0.0014981959177233252,10.795901746569786,0.4065280045478634,0.48158619450836937,0.22253970311779978,0.4063605229894691,0.4063605229894691,7542.0,2.3024942756589285e-05,0.03781973131917843,0.0006117105517333274,0.0006117105517333274,0.40660909800918965,0.3988654756818447,0.07349376757384032,4106.0,0.32524402260940233,T,True,True,2.254418873803843e-12,0.00608203688377601,True,,0.999707973437386,0.006148639899748791,ok,,7553.0,7552.0,0.40660941600241474,0.0006124930913922189,10.0,True,ok,0.0009765625,100000,1874b15fec30f31fca0703e4fb5b43cb8f02bc300baf4d5825e0d7314c5ee3db,4.3,
4000,False,0,,False,0,T,884168,"[0.7766313326642789, -0.35549345075899574, -0.4964348437655115, 0.16417937179324982, -0.30896212083453434]","[1.6945464219519528, -1.7287012567842976, 1.694546421951945, -1.7287012567843103, 0.27820224862691406]","[0.022253970311779978, 0.2002857328060198]",1.0845491171806998e-16,0.009662294426202008,True,D,,,False,0.0,,,,,,,,,,,,,,,,,,,,,,,,,,,,,,,,,,,,,no prediction: not on a scored copy at release,0.0009765625,100000,13242fbe6bbf7906aa0ddcb5d93d6c6e4f27c444e07cc540e07b24776dc8152c,2.2,
4000,False,0,,False,0,T,884169,"[-0.6626801009620376, -0.7228898624382432, -0.004463238548645165, -0.8434333236404874, -0.4215612726178928]","[-1.6806279433823264, -1.4872827385050187, 1.6661188787672054, -1.655019584396206, 0.29717789838071784]","[0.022253970311779978, 0.2002857328060198]",1.093135998386785e-16,0.009682182730603514,True,T,T,"[0, 0]",True,0.0,0.06825204982323707,0.06240613567364547,0.001872184070209364,36.45584369041476,0.5330176026890494,0.48158619450836937,0.22253970311779978,0.5329701991754314,0.5329701991754314,13524.0,2.080041221181994e-05,0.020845891342906993,0.0014227748145458745,0.0014227748145458745,0.5337284957517218,0.3935734408447087,0.03601030235221649,8576.0,0.4264260575249216,T,True,True,6.478151348687788e-13,0.006341789017108579,True,,0.9997095345180819,0.006438382892261046,ok,,13562.0,13561.0,0.5337424003235303,0.0014488636499629948,37.0,True,ok,0.0009765625,100000,e6c1a35cc4643c0b87f5c0e0ac55f298c4698cca1962ce0a4d90b4d8167abfdf,5.8,
4000,False,0,,False,0,T,884170,"[-0.028630583946566146, 0.2817823921888454, -0.959046101940555, 0.11365830810699218, 0.5076135803670669]","[1.9023844888591106, -1.6761893704573714, -1.3248956231614408, -1.7348464024883017, 0.4717938108551609]","[0.022253970311779978, 0.2002857328060198]",3.2677853478713104e-16,0.008129448401489867,True,Tp,Tp,"[0, 0]",False,0.0,,,,,,,,,,,,,,,,,,,,,,,,,,,,,,,,,,,,,no prediction: not on a scored copy at release,0.0009765625,100000,eb5381a837923be39b36feb397229368b3ceda908f4d0bfe988ef93d1b908085,2.2,
4000,False,0,,False,0,T,884171,"[-0.4733613616337464, 0.4130170862354503, 0.5373264762678429, 0.7008606795048704, 0.3952921800347473]","[-0.0642887785092733, 0.1914870046102958, 1.7109333766686954, -1.77704644547629, 0.2308507999140596]","[0.022253970311779978, 0.2002857328060198]",1.3364072913227832e-05,-1.8870135703820686e-06,False,not accepted,,,False,1.0607161719125664,,,,,,,,,,,,,,,,,,,,,,,,,,,,,,,,,,,,,no prediction: not on a scored copy at release,0.0009765625,100000,c66662d7ee1e2b3cb6dd6d130a2e6bed5d997a3701218ac6966963f0c93595d2,2.2,
4000,False,0,,False,0,T,884172,"[-0.6581364904732163, 0.919425574538677, 0.2273281676606651, 0.6706854188229601, 0.7632794292944309]","[-0.01825630735823074, 0.8096076455269576, 1.6730679430853448, -1.7183232167009324, 0.2081812465762527]","[0.022253970311779978, 0.2002857328060198]",2.482619508524242e-06,-3.72690776807332e-06,False,not accepted,,,False,0.2926714665653909,,,,,,,,,,,,,,,,,,,,,,,,,,,,,,,,,,,,,no prediction: not on a scored copy at release,0.0009765625,100000,fa42d8e6c23f5f7f4e247ee482ed286c814f7b077242dd08d8937f76590fdf88,2.3,
4000,False,0,,False,0,T,884173,"[-0.6392112168755812, 0.1552922447927152, 0.19365397234951542, -0.28992426457491094, -0.41562493623395524]","[-1.6710911048528478, -1.4464736221173968, 1.6982488923233945, -1.696680528309091, 0.27304642898945236]","[0.022253970311779978, 0.2002857328060198]",1.1010289902024794e-16,0.009588336444621731,True,T,T,"[0, 0]",True,0.0,0.0852048929071532,0.06043976326260484,0.0018131928978781452,46.99163172702839,0.5342105522030908,0.48158619450836937,0.22253970311779978,0.5343336009151813,0.5343336009151813,13744.0,2.0516331548693368e-05,0.02117596518778189,0.0018042958460305603,0.0018042958460305603,0.5352976968117071,0.39388801621345876,0.036852082755279306,8711.0,0.4273904603083106,T,True,True,4.833911049217932e-13,0.006308561155149217,True,,0.9997123499066614,0.006430210349611557,ok,,13792.0,13791.0,0.5353130717148586,0.0018330698237949417,47.0,True,ok,0.0009765625,100000,df176d095c751b8ae0965c69e5850e6473a82bb1050d8efe319323abdd502de5,6.0,
4000,False,0,,False,0,T,884174,"[0.229433164910269, 0.599159550658138, 0.7715477682971543, -0.41171666190703693, 0.5070423043596988]","[-0.01901548119597244, 0.5571706276272749, 1.6785210975331435, -1.6834811887872683, 0.2147722047504522]","[0.022253970311779978, 0.2002857328060198]",2.3047083946622916e-06,-3.165801821619477e-06,False,not accepted,,,False,0.32416141227192474,,,,,,,,,,,,,,,,,,,,,,,,,,,,,,,,,,,,,no prediction: not on a scored copy at release,0.0009765625,100000,a6d7678cc504c1981c585e530f83f896aae9da6cd1fa4130da992cecdea38fd3,2.2,
4000,False,0,,False,0,T,884175,"[0.9873586569271762, 0.08085023614179065, -0.23131604739351874, 0.49092427521952686, -0.4530761825929355]","[1.630864972396221, -1.665652580863237, 1.6308649723962134, -1.6656525808632505, 0.28557638884483777]","[0.022253970311779978, 0.2002857328060198]",1.1076209394111914e-16,0.009565060721725369,True,D,,,False,0.0,,,,,,,,,,,,,,,,,,,,,,,,,,,,,,,,,,,,,no prediction: not on a scored copy at release,0.0009765625,100000,1fea8da64fcbe123f996b75dbdbd53cb81d0d5c9132fb77c1d7aa778f4f72119,2.2,
4000,False,0,,False,0,T,884176,"[-0.18161102790269457, 0.9558393945842021, 0.7964698389461982, -0.3669330482941837, -0.05596156960286591]","[-0.05660664391990213, 0.8162196083477925, 1.633694567084349, -1.6632426653138874, 0.20671052910474777]","[0.022253970311779978, 0.2002857328060198]",1.9626781321587793e-05,-1.2100353722106294e-05,False,not accepted,,,False,1.2184977697999848,,,,,,,,,,,,,,,,,,,,,,,,,,,,,,,,,,,,,no prediction: not on a scored copy at release,0.0009765625,100000,6a9b216b4360a09e031c4c4fb1bab33a9980e769fef2c8fd8a3b21473edd843a,47.4,
4000,False,0,,False,0,T,884177,"[0.7175665020105164, -0.9821605836033316, -0.015209485486458174, 0.9718246671223221, -0.2556885732686449]","[1.626665754758878, -1.7479566212617221, 1.62666575475887, -1.7479566212617352, 0.31702150306861915]","[0.022253970311779978, 0.2002857328060198]",1.0814266149239416e-16,0.00980112183960716,True,D,,,False,0.0,,,,,,,,,,,,,,,,,,,,,,,,,,,,,,,,,,,,,no prediction: not on a scored copy at release,0.0009765625,100000,a231aa9d0ba2fbe3f8bd0f672674a5deeaa9816141161a44e8bb4723508dbc6a,2.2,
4000,False,0,,False,0,T,884178,"[0.8340023108647345, 0.6899609721687063, -0.7866610594556231, 0.8493705343392877, 0.3610138888511658]","[-0.03969532876883832, 0.08406204470736686, 1.6815785002966859, -1.6814201623281526, 0.2405857887157646]","[0.022253970311779978, 0.2002857328060198]",3.7892389767535396e-06,-7.528882313739165e-07,False,not accepted,,,False,0.7098355716650065,,,,,,,,,,,,,,,,,,,,,,,,,,,,,,,,,,,,,no prediction: not on a scored copy at release,0.0009765625,100000,3e185dd66d1f4ed96653a567888b2e80f38d26f4b4aa9d18c2c62aca36ca9a0f,3.1,
4000,False,0,,False,0,T,884179,"[0.573340692412905, -0.39780944859721235, 0.1522171544637818, 0.04933192619034199, -0.44716454285409846]","[1.614438290588829, -1.6708213341358382, 1.6144382905888204, -1.6708213341358522, 0.31571277318298374]","[0.022253970311779978, 0.2002857328060198]",1.1100495522775589e-16,0.009299168709827759,True,D,,,False,0.0,,,,,,,,,,,,,,,,,,,,,,,,,,,,,,,,,,,,,no prediction: not on a scored copy at release,0.0009765625,100000,51854cd8d0bdb4cfdf5a387a2f0185fb359560435819a22bcebfb6771503da34,3.6,
4000,False,0,,False,0,T,884180,"[-0.9164530789144081, 0.6359835554760305, 0.34478767969845414, -0.10144891464247685, -0.20893066736598342]","[-1.6691702067581617, -1.4126100496058032, 1.7016863127735202, -1.7325010246462593, 0.26619424395321484]","[0.022253970311779978, 0.2002857328060198]",1.1098760799299611e-16,0.00957436084027204,True,T,T,"[0, 0]",True,0.0,0.07307337546868184,0.05814835489952714,0.0017444506469858141,41.88904718797475,0.5129794886944512,0.48158619450836937,0.22253970311779978,0.5131130315004684,0.5131130315004684,12614.0,2.096811435101653e-05,0.023425433943765388,0.0017117755300895725,0.0017117755300895725,0.5139913658319609,0.39801966183260107,0.04151093901592143,7877.0,0.4103838471989328,T,True,True,4.333200465111986e-13,0.006270248426252456,True,,0.9997127691747918,0.006400307169355102,ok,,12657.0,12656.0,0.5140038833295935,0.0017361707351692957,42.0,True,ok,0.0009765625,100000,4090f094a60db052297f7b84d011de7bfd33ff9a1d4c2ff6de30ec2536c38ecb,8.1,
4000,False,0,,False,0,T,884181,"[0.8679278858456838, 0.30738622389711967, 0.21731512939133113, -0.3839788808865332, 0.9376119229438975]","[1.600798137486542, -1.7540670678752448, 1.600798137486535, -1.7540670678752575, 0.29481911537355127]","[0.022253970311779978, 0.2002857328060198]",1.091856639823252e-16,0.009825653579888283,True,D,,,False,0.0,,,,,,,,,,,,,,,,,,,,,,,,,,,,,,,,,,,,,no prediction: not on a scored copy at release,0.0009765625,100000,8872cfb93194bdd959b738ce7f5daff5be3a7b4c9e25c5fda3a794c3e0df91fd,56.6,
4000,False,0,,False,0,T,884182,"[0.7446202771179271, -0.6142060187293754, -0.1730048883285049, -0.20353099156123955, -0.44921015173957546]","[1.5959310177319448, -1.7322731080092526, 1.5959310177319364, -1.7322731080092664, 0.32831506940936683]","[0.022253970311779978, 0.2002857328060198]",1.1032841307212493e-16,0.009386331289503105,True,D,,,False,0.0,,,,,,,,,,,,,,,,,,,,,,,,,,,,,,,,,,,,,no prediction: not on a scored copy at release,0.0009765625,100000,92525cb19c8ecaaa7b923ba38b3ee67ea025765b6a6fad85a4cc46bf212e1957,2.2,
4000,False,0,,False,0,T,884183,"[-0.4531759477148767, -0.5571411310520518, 0.49478540697694795, 0.06800567044126216, -0.23176018236528662]","[-1.6514362523769708, -1.4947717842176793, 1.657670819383476, -1.646671419463844, 0.28742725126015944]","[0.022253970311779978, 0.2002857328060198]",1.0987738496837097e-16,0.00967242467049032,True,T,T,"[0, 0]",True,0.0,0.07136043077397343,0.06343053321287749,0.0019029159963863246,37.50056802795726,0.5543407446671904,0.48158619450836937,0.22253970311779978,0.5543010824958576,0.5543010824958576,14617.0,2.0419846225059324e-05,0.019359187386806084,0.001381479951356555,0.001381479951356555,0.5550668383283409,0.3924809874029978,0.03301605605779667,9383.0,0.4434906369511148,T,True,True,6.118439088709238e-13,0.006245363912322888,True,,0.9997098272598853,0.006366640402131021,ok,,14656.0,14655.0,0.555086104988119,0.001416238425381744,38.0,True,ok,0.0009765625,100000,1956629f779abe5674edbfa105ae7966f9976482b9a8c7e93dab828227187fa0,7.7,
4000,False,0,,False,0,T,884184,"[-0.029474046014122735, -0.11030832842420968, 0.16958297551227242, 0.8615693808686964, -0.20007965464601707]","[-1.721902551832406, -1.4760451381803898, 1.6677916163403805, -1.6681929249853675, 0.3036716150329831]","[0.022253970311779978, 0.2002857328060198]",1.5273893261280591e-15,0.009667312371395117,True,T,T,"[0, 0]",True,0.0,0.039928521076925724,0.05905349763552007,0.001771604929065602,22.538050341723327,0.4876347502422656,0.48158619450836937,0.22253970311779978,0.48749369608098797,0.48749369608098797,11360.0,2.1470188568271654e-05,0.024859934197033397,0.0009926204065572345,0.0009926204065572345,0.487977592271786,0.3941709535491685,0.044324900209398145,6963.0,0.39012699659849026,T,True,True,1.0123013538532177e-12,0.00614524834405461,True,,0.9997099806288582,0.006221744716143946,ok,,11383.0,11382.0,0.4879737315019377,0.0009847007762535664,22.0,True,ok,0.0009765625,100000,5a4e04297feba60c4d6ebe951eb27ece082ce2f0afc3289eb1bec31df641f2db,56.9,
4000,False,0,,False,0,T,884185,"[0.3455158934195959, -0.7988436187851591, -0.8551959475223347, -0.585388312720492, -0.16625444481053187]","[1.8480014825985172, -1.5916248027606936, -1.4342027977922813, -1.6840603633065248, 0.4109923836748322]","[0.022253970311779978, 0.2002857328060198]",1.1095291352347658e-16,0.009039126212752468,True,Tp,Tp,"[0, 0]",False,0.0,,,,,,,,,,,,,,,,,,,,,,,,,,,,,,,,,,,,,no prediction: not on a scored copy at release,0.0009765625,100000,f656778ad52ecfe041edcb7de4893197c30d2d394c91a3d137fd969efe5c5178,2.6,
4000,False,0,,False,0,T,884186,"[-0.7849951841276632, -0.9319186610382415, 0.8774809243333608, -0.4566254723511549, -0.7937462699962152]","[-1.7613988137373824, -1.447477831823615, 1.6266757372923966, -1.7097830269987273, 0.33269228904822373]","[0.022253970311779978, 0.2002857328060198]",1.1083148288015821e-16,0.009726635590278497,True,T,T,"[0, 0]",True,0.0,0.00853441788190595,0.05077127804506991,0.0015231383413520972,5.603179731087267,0.4061141960773559,0.48158619450836937,0.22253970311779978,0.40590235564746524,0.40590235564746524,7438.0,2.3278621352471607e-05,0.03765271819055835,0.0003213440314278666,0.0003213440314278666,0.40603278994679504,0.403836995563044,0.07332887811564646,4046.0,0.3249144062748516,T,True,True,2.759958928066908e-12,0.005971130567690663,True,,0.9997082009322916,0.006055219442433425,ok,,7444.0,7443.0,0.4060229403257058,0.00029707804491119205,5.0,False,ok,0.0009765625,100000,441285df5302ffd7b2ff4abfb2bbba5a139d374fc982e1c8ab69bdae68e6824b,5.4,
4000,False,0,,False,0,T,884187,"[0.9388271614306518, -0.48997210961937276, -0.42119119794524273, 0.7560992267354678, -0.31680342025231045]","[1.6212043618998673, -1.7260064093972187, 1.62120436189986, -1.7260064093972314, 0.28292780275011553]","[0.022253970311779978, 0.2002857328060198]",1.1025902413308586e-16,0.009619842624772095,True,D,,,False,0.0,,,,,,,,,,,,,,,,,,,,,,,,,,,,,,,,,,,,,no prediction: not on a scored copy at release,0.0009765625,100000,b7a6c6ac731975cab55620b36463064586110c90c23c94b8f92adebff74906bf,2.6,
4000,False,0,,False,0,T,884188,"[0.9927704355951641, -0.45854157214847646, 0.4038991481128278, -0.34080393265658326, 0.044883810254256806]","[1.570190702722119, -1.7388230858632407, 1.5701907027221094, -1.7388230858632554, 0.36348936958451705]","[0.022253970311779978, 0.2002857328060198]",1.1079678841063866e-16,0.009260072000317615,True,D,,,False,0.0,,,,,,,,,,,,,,,,,,,,,,,,,,,,,,,,,,,,,no prediction: not on a scored copy at release,0.0009765625,100000,3c44e712b1aef68c4a8a539de9ab5460024a84438516e9996420669de54c3abf,56.0,
4000,False,0,,False,0,T,884189,"[0.8399132271067875, 0.15011208790183828, -0.2771019493647511, 0.746885929241472, -0.3368642652228344]","[1.6714083070257968, -1.7212120870364969, 1.6714083070257881, -1.7212120870365102, 0.31281119392633494]","[0.022253970311779978, 0.2002857328060198]",1.1012024625500771e-16,0.00955063125137583,True,D,,,False,0.0,,,,,,,,,,,,,,,,,,,,,,,,,,,,,,,,,,,,,no prediction: not on a scored copy at release,0.0009765625,100000,a6901ef964ca90b6318b27b8b5d3f2482ce138ce1e60f458a5b47d27efef8186,2.2,
4000,False,0,,False,0,T,884190,"[0.33598179762179026, -0.8290940013542181, 0.050431219633705116, 0.1586668283814492, 0.428752488095304]","[1.6825349730828256, -1.6670968326411566, 1.6825349730828174, -1.6670968326411697, 0.2869052941014185]","[0.022253970311779978, 0.2002857328060198]",1.1038912839378412e-16,0.009626354986369953,True,D,,,False,0.0,,,,,,,,,,,,,,,,,,,,,,,,,,,,,,,,,,,,,no prediction: not on a scored copy at release,0.0009765625,100000,874a22cb5b27e033ef6a343371e3d9b4ea29e9ee6ac9ee91166a35f750bb2845,2.5,
4000,False,0,,False,0,T,884191,"[0.491939734914155, 0.0679399563892995, 0.41679865468124655, 0.36249354919667165, -0.9539248261610971]","[1.5847284561251698, -1.6993000284345656, 1.5847284561251613, -1.6993000284345794, 0.32966405793542014]","[0.022253970311779978, 0.2002857328060198]",1.1015494072452725e-16,0.00942469998606447,True,D,,,False,0.0,,,,,,,,,,,,,,,,,,,,,,,,,,,,,,,,,,,,,no prediction: not on a scored copy at release,0.0009765625,100000,cead7b02f184ecaae94e4ce5a09069df2f6d40b5ddaff2c7927c2c1c7dd7e7b9,3.0,
4000,False,1,7.0,True,0,T,884192,"[-0.5393823361935044, -0.8463894759186656, -0.3115289894491122, 0.022056349236327266, 0.25600577206510633]","[-1.7460863749494946, -1.4302988187190282, 1.6653324928663458, -1.7160758488796777, 0.31168485294262654]","[0.022253970311779978, 0.2002857328060198]",1.1057669536962411e-16,0.009670180776300429,True,T,T,"[0, 0]",True,0.0,0.025559039560652027,0.05279747869018148,0.0015839243607054445,16.136527851158625,0.4352351483620702,0.48158619450836937,0.22253970311779978,0.4350970692859202,0.4350970692859202,8925.0,2.230541495339744e-05,0.03236605074178023,0.0008272451713312318,0.0008272451713312318,0.4354570012355473,0.3955968698447534,0.06062016658247277,5133.0,0.34820617179648505,T,True,True,1.5416556919944924e-12,0.006095364013695537,True,,0.999709894576711,0.006156945464470365,ok,,8942.0,8941.0,0.43546301034509616,0.0008410561343852319,16.0,True,ok,0.0009765625,100000,3db42afd55928cbdab771a0dfde08e2d7cea6c4245c0f90138ba28abbb98471c,59.3,
4000,False,0,,False,0,T,884193,"[0.07110197280246267, -0.8374021044820341, -0.8606382076029901, 0.3916355160209237, 0.803418848516559]","[1.625989958356456, -1.649394261234525, 1.625989958356448, -1.6493942612345387, 0.2985593431437978]","[0.022253970311779978, 0.2002857328060198]",1.1069270500208006e-16,0.009527539356704926,True,D,,,False,0.0,,,,,,,,,,,,,,,,,,,,,,,,,,,,,,,,,,,,,no prediction: not on a scored copy at release,0.0009765625,100000,89ba45d8f14f3f3dd7627323ae5c15e7829cd0c808fbcf2a9ecc022a3e34f2ef,2.3,
4000,False,0,,False,0,T,884194,"[-0.3955143264273373, -0.6140369468436269, -0.9398709949986104, -0.27448512431279615, 0.18596231278284736]","[1.902837290333299, -1.6917776794961055, -1.3370680628607012, -1.7186269538901, 0.4730673356107759]","[0.022253970311779978, 0.2002857328060198]",2.3989490949283264e-16,0.008099156703022916,True,Tp,Tp,"[0, 0]",False,0.0,,,,,,,,,,,,,,,,,,,,,,,,,,,,,,,,,,,,,no prediction: not on a scored copy at release,0.0009765625,100000,76cde521efc4f20db5b071671f302e3391aaa3720863195185017f979a46f20d,2.5,
4000,False,0,,False,0,T,884195,"[0.11613463961842951, 0.9363028094417827, 0.45329929159259486, -0.7734759036166365, 0.42227853344900934]","[0.05075888145864302, 0.8107595358466189, 1.7100394307308693, -1.6917370165137766, 0.19389325494573184]","[0.022253970311779978, 0.2002857328060198]",1.7990093802788544e-05,-1.000297222322709e-05,False,not accepted,,,False,1.1203755861972322,,,,,,,,,,,,,,,,,,,,,,,,,,,,,,,,,,,,,no prediction: not on a scored copy at release,0.0009765625,100000,5b37b9e5c814b5afb357320082dd9245b0785835046e34f2820bd65489e9caaf,2.9,
4000,False,0,,False,0,T,884196,"[0.6301716310424483, 0.5919798419394988, -0.2051255189407506, 0.810505303512868, 0.08929290086607944]","[-1.7364962677203035, -1.4098979994487102, 1.6531250427235233, -1.7349430323142934, 0.31312395794924286]","[0.022253970311779978, 0.2002857328060198]",1.1025902413308586e-16,0.010009273945178969,True,T,T,"[0, 0]",True,0.0,0.03193986963246105,0.05209226470908643,0.0015627679412725927,20.438011805163974,0.4209218815483987,0.48158619450836937,0.22253970311779978,0.4207895055877266,0.4207895055877266,8038.0,2.3176248931226496e-05,0.03524388320267885,0.0011256850348352464,0.0011256850348352464,0.4212631820369825,0.3946030694621256,0.06704921783318166,4506.0,0.33674582386122753,T,True,True,1.4648837698416628e-12,0.006300554524028279,True,,0.9996997217816447,0.006346349413952276,ok,,8059.0,8058.0,0.42127339072920533,0.001149945840029698,20.0,True,ok,0.0009765625,100000,156144add5a88efe3b1f2d98d6e7e6014617c872d8bc63fd1809cdec24a4393b,5.8,
4000,False,0,,False,0,T,884197,"[-0.29388791282935656, -0.5416697704819584, 0.16980058867229775, 0.36015729068565205, 0.5755349378909045]","[-1.7311817255100104, -1.475489565548442, 1.6787612949364792, -1.6690055229460372, 0.3053736715221296]","[0.022253970311779978, 0.2002857328060198]",1.0981666964671177e-16,0.009811566454874432,True,T,T,"[0, 0]",True,0.0,0.04546203503396493,0.06043977240397316,0.0018131931721191948,25.07291320804531,0.49392431929495884,0.48158619450836937,0.22253970311779978,0.49381458671482437,0.49381458671482437,11483.0,2.1674467334862336e-05,0.0242069706634892,0.0011004981483697072,0.0011004981483697072,0.494358028753142,0.39472621313238165,0.0429474316017605,7074.0,0.39515593486168393,T,True,True,9.96647209206003e-13,0.006316922104102285,True,,0.9997056530063537,0.006383456896391402,ok,,11509.0,11508.0,0.49436048159178014,0.0011054652730844161,25.0,True,ok,0.0009765625,100000,6f389fa62ca641cbd9ed4dc37ca83055876bc88031d79570d15c6f6807b999b8,58.2,
4000,False,0,,False,0,T,884198,"[0.3367463025168116, -0.6124328694013743, -0.9182728521341219, 0.7545714711799527, 0.2161516492686626]","[1.7124274086094968, -1.6434335811121958, 1.7124274086095033, -1.6434335811122092, 0.2314343522587328]","[0.022253970311779978, 0.2002857328060198]",1.1084883011491797e-16,0.009334013851643829,True,D,,,False,0.0,,,,,,,,,,,,,,,,,,,,,,,,,,,,,,,,,,,,,no prediction: not on a scored copy at release,0.0009765625,100000,2c5a5d54c05008f6bbf7900fec7dd48cc068ac2bb7401bd920091fb9da3e66b9,2.9,
4000,False,0,,False,0,T,884199,"[-0.5962320847801719, 0.8525110669392917, 0.07997918324717057, -0.8163282224085042, -0.40605459669628896]","[-0.026454464468650254, 0.7706662720960576, 1.7119875336118529, -1.7326305040717798, 0.19488005953474388]","[0.022253970311779978, 0.2002857328060198]",4.934468911484968e-06,-5.573157214010137e-06,False,not accepted,,,False,0.41404406599608035,,,,,,,,,,,,,,,,,,,,,,,,,,,,,,,,,,,,,no prediction: not on a scored copy at release,0.0009765625,100000,755fcd459db166088e70fcb70224d12909574bb7f62e341e0e1fac2f89b7222f,2.9,
4000,False,0,,False,0,Tp,884200,"[1.877688130664099, -1.6713239881361648, -1.3817229443066168, -1.6807156130581367, 0.446559097922355]","[1.9381124340213136, -1.67859308866641, -1.3820928727636812, -1.7215500206280772, 0.46588813976501564]","[0.022253970311779978, 0.2002857328060198]",1.107794411758789e-16,0.0077465223444627114,True,Tp,Tp,"[0, 0]",True,0.0,-0.04325408168292615,0.034861723069948496,0.001045851692098455,-41.35775847542854,0.31609935176568077,0.3271666370541715,0.22253970311779978,0.3160815675568043,0.3160815675568043,13645.0,6.561110788362301e-06,0.019847604501122305,-0.0008584899063019569,-0.0008584899063019569,0.3158102147214886,0.1388340272255699,0.05537678565255298,4292.0,0.25287953999820495,Tp,True,True,1.1521894549559875e-12,0.0038146873033777506,True,,0.999767604329666,0.004010414706255075,ok,,13646.0,13604.0,0.31581545820091605,-0.0008419008990152577,-41.0,True,ok,0.000244140625,400000,821867d58858078eaa7473ce8b11d6d03c66e05246cd40072cbea6790ea0add1,12.0,
4000,False,0,,False,0,Tp,884201,"[1.877688130664099, -1.6713239881361648, -1.3817229443066168, -1.6807156130581367, 0.446559097922355]","[1.8739949774948454, -1.6892523714309504, -1.3379030877250713, -1.6962129844182579, 0.4652329389764747]","[0.022253970311779978, 0.2002857328060198]",1.106146424456611e-16,0.008297996373897122,True,Tp,Tp,"[0, 0]",True,0.0,-0.0626126067064434,0.037029079633038385,0.0011108723889911515,-56.36345571907282,0.31760865543268885,0.3271666370541715,0.22253970311779978,0.31758333711292974,0.31758333711292974,13763.0,6.60404167533879e-06,0.018719227608854715,-0.0011720596361216172,-0.0011720596361216172,0.31721111050239487,0.1306520969285928,0.051129610309566996,4430.0,0.2540888279134097,Tp,True,True,1.2856382625159313e-13,0.0028350244436770033,True,,0.9997510601087831,0.003096326290215214,ok,,13764.0,13707.0,0.3172136867836706,-0.0011639474936547822,-56.0,True,ok,0.000244140625,400000,5210b5ba422b7e34179daa8d58105e5e88de4ddd433675f8f2ef23ef849837a4,12.5,
4000,False,0,,False,0,Tp,884202,"[1.877688130664099, -1.6713239881361648, -1.3817229443066168, -1.6807156130581367, 0.446559097922355]","[1.9362356903418558, -1.6669542247339728, -1.394169456837946, -1.708698186305913, 0.45993731024557166]","[0.022253970311779978, 0.2002857328060198]",1.1081413564539844e-16,0.00822947140433177,True,Tp,Tp,"[0, 0]",True,0.0,-0.04354802250237995,0.03781641780789772,0.0011344925342369316,-38.38546415086873,0.3212689294111141,0.3271666370541715,0.22253970311779978,0.3212433938011023,0.3212433938011023,14242.0,6.617225399979109e-06,0.018156832219351642,-0.0007906941380602625,-0.0007906941380602625,0.3209893885327332,0.1324352249236878,0.04872584937144755,4823.0,0.25702046282034713,Tp,True,True,2.262634524186069e-13,0.003277299470952011,True,,0.99975311585787,0.0036730730298890463,ok,,14243.0,14204.0,0.32099212253325976,-0.0007821834555704621,-38.0,True,ok,0.000244140625,400000,cd4aea835aa0b082830d5f00d96579cd79fd38932eea282e9b49c097cfa24e2e,12.5,
4000,False,0,,False,0,Tp,884203,"[1.877688130664099, -1.6713239881361648, -1.3817229443066168, -1.6807156130581367, 0.446559097922355]","[1.83730019886412, -1.7248278318637766, -1.4040419585646, -1.6101824493686303, 0.4280035852174224]","[0.022253970311779978, 0.2002857328060198]",1.1091821905395704e-16,0.008426762190283895,True,Tp,Tp,"[0, 0]",True,0.0,-0.0545275419574546,0.0487202837899956,0.0014616085136998679,-37.30653006352937,0.3650068718744311,0.3271666370541715,0.22253970311779978,0.3649492254262242,0.3649492254262242,21207.0,6.329531408053035e-06,0.011866101228454167,-0.0006470293326059382,-0.0006470293326059382,0.3647130925724616,0.12701577575967357,0.026687146403809845,10025.0,0.2920066305223884,Tp,True,True,4.3076653355456074e-14,0.0013751229694984879,True,,0.9997471971342915,0.0027965038240793257,ok,,21208.0,21169.0,0.36471237456250555,-0.000648996756855813,-38.0,True,ok,0.000244140625,400000,80a267d575c928fce7885547896f994fe1d273c9442b1999f9d12d61c86fd1cf,15.1,
4000,False,0,,False,0,Tp,884204,"[1.877688130664099, -1.6713239881361648, -1.3817229443066168, -1.6807156130581367, 0.446559097922355]","[1.845708369700016, -1.656929451137651, -1.4242173160297116, -1.6398374205790025, 0.41919498448164955]","[0.022253970311779978, 0.2002857328060198]",1.0984702730754136e-16,0.008800841932573788,True,Tp,Tp,"[0, 0]",True,0.0,-0.04733254540276115,0.046001669717075665,0.0013800500915122698,-34.29770099931211,0.3511330769855613,0.3271666370541715,0.22253970311779978,0.3510805223633966,0.3510805223633966,19368.0,6.302259453664916e-06,0.013007525690265137,-0.0006156793003120566,-0.0006156793003120566,0.3508643693530347,0.11925332611660819,0.03006016569015986,8542.0,0.28090706060507104,Tp,True,True,3.552713678800501e-14,0.0014802529847555146,True,,0.9997359747420228,0.002610067556737805,ok,,19369.0,19333.0,0.3508619434212261,-0.0006225892017565071,-35.0,True,ok,0.000244140625,400000,5c120ab997f6a327d26b27040618fcac09c2e2c85494c2137cf88203ab2c98b5,13.5,
4000,False,0,,False,0,Tp,884205,"[1.877688130664099, -1.6713239881361648, -1.3817229443066168, -1.6807156130581367, 0.446559097922355]","[1.89805656905067, -1.7550010228744641, -1.4196952935682432, -1.6056275678973377, 0.4396569660624578]","[0.022253970311779978, 0.2002857328060198]",1.1098760799299611e-16,0.00790924240888047,True,Tp,Tp,"[0, 0]",True,0.0,-0.06799519923560186,0.046689466159571744,0.0014006839847871522,-48.54428263198455,0.3637419043378318,0.3271666370541715,0.22253970311779978,0.36369377571908024,0.36369377571908024,21579.0,6.164528438765138e-06,0.012101071551598435,-0.0008228147711152094,-0.0008228147711152094,0.36339452310825593,0.13187278661994462,0.027570354149610517,10139.0,0.2909969787658819,Tp,True,True,3.1308289294429414e-14,0.001643434793054288,True,,0.9997627227277336,0.0032303095134531743,ok,,21580.0,21530.0,0.36339197189459255,-0.0008298295011812673,-49.0,True,ok,0.000244140625,400000,3127d1684f326c505ea1928597706689e3774d97089cc61c680326935fd40dc3,14.2,
4000,False,0,,False,0,Tp,884206,"[1.877688130664099, -1.6713239881361648, -1.3817229443066168, -1.6807156130581367, 0.446559097922355]","[1.843175563601855, -1.7287996226181168, -1.401351174294822, -1.6110552321104474, 0.4281579899323606]","[0.022253970311779978, 0.2002857328060198]",1.1046719095020308e-16,0.008372258738663563,True,Tp,Tp,"[0, 0]",True,0.0,-0.056730089507803824,0.048275421988113125,0.0014482626596433938,-39.17113317122496,0.3635203861061753,0.3271666370541715,0.22253970311779978,0.3634653506932286,0.3634653506932286,21116.0,6.29180796377471e-06,0.011952674963307137,-0.0006780763205260997,-0.0006780763205260997,0.36321889344559183,0.12703883002158106,0.027029096919227346,9914.0,0.29082243474552716,Tp,True,True,3.574918139293004e-14,0.001356647223423657,True,,0.9997488322378401,0.002705321069695658,ok,,21117.0,21076.0,0.3632175772377212,-0.0006816975952036453,-40.0,True,ok,0.000244140625,400000,fa026a59a1008df48534e3bb00e44f965be837055699277b83c54a570d735965,14.3,
4000,False,0,,False,0,Tp,884207,"[1.877688130664099, -1.6713239881361648, -1.3817229443066168, -1.6807156130581367, 0.446559097922355]","[1.9082155050074576, -1.7429404930494443, -1.290365067429352, -1.7300867546393994, 0.4925278082104053]","[0.022253970311779978, 0.2002857328060198]",1.0998146837692957e-16,0.007613402380832994,True,Tp,Tp,"[0, 0]",True,0.0,-0.06585970494251316,0.03170341333086718,0.0009511023999260154,-69.24565109670239,0.30398083614857074,0.3271666370541715,0.22253970311779978,0.3039691161157868,0.3039691161157868,11411.0,6.841975866601624e-06,0.023665996710082134,-0.0015586355604964963,-0.0015586355604964963,0.30349533904211606,0.14676439226396093,0.07288267285081151,2801.0,0.24318805663922471,Tp,True,True,1.9380053117856733e-12,0.003942603743477324,True,,0.9997715979285751,0.003983577735384001,ok,,11412.0,11342.0,0.30350142385508816,-0.0015386176947018715,-69.0,True,ok,0.000244140625,400000,f746b2ae42a38c675cba6a9d31093d313f1a263e2c1f2929a0e2bb141466cd6d,11.3,
4000,False,0,,False,0,Tp,884208,"[1.877688130664099, -1.6713239881361648, -1.3817229443066168, -1.6807156130581367, 0.446559097922355]","[1.9388804620057454, -1.6863155841957778, -1.3052877550257014, -1.7744024443079156, 0.4916425041267721]","[0.022253970311779978, 0.2002857328060198]",1.0894063429134348e-16,0.007673964473912243,True,Tp,Tp,"[0, 0]",True,0.0,-0.05956391256763605,0.028119353951056417,0.0008435806185316925,-70.60844127892715,0.2910017125499219,0.3271666370541715,0.22253970311779978,0.290994505072369,0.290994505072369,9631.0,6.8578525989726465e-06,0.02793680683441682,-0.0016640255197041408,-0.0016640255197041408,0.29051028278983493,0.14406971945071317,0.09731799220223417,1400.0,0.2328079073024767,Tp,True,True,1.681099703887412e-12,0.002999691878388999,True,,0.9997697810657832,0.0038791477740385324,ok,,9632.0,9561.0,0.2905152717409729,-0.00164688103398003,-70.0,True,ok,0.000244140625,400000,9247eada2280580425a4afc0803d41366edaf16ec08ef1ea12bb2bd7b382f2b3,11.0,
4000,False,0,,False,0,Tp,884209,"[1.877688130664099, -1.6713239881361648, -1.3817229443066168, -1.6807156130581367, 0.446559097922355]","[1.8651761083750396, -1.6884980230639903, -1.4159960683759085, -1.6249762896860118, 0.4293907215373626]","[0.022253970311779978, 0.2002857328060198]",1.1029371860260539e-16,0.00870918215338065,True,Tp,Tp,"[0, 0]",True,0.0,-0.04943788107310428,0.04662519124350494,0.0013987557373051481,-35.34418465968306,0.3527343916938072,0.3271666370541715,0.22253970311779978,0.3526786980647853,0.3526786980647853,19550.0,6.308310303034248e-06,0.01278768524800255,-0.0006321960624910401,-0.0006321960624910401,0.3524557359805443,0.12113895382289797,0.02958428746762653,8695.0,0.28218802538029314,Tp,True,True,3.752553823233029e-14,0.0015257877955807686,True,,0.9997387245353986,0.002693050137008801,ok,,19551.0,19514.0,0.35245392308324935,-0.0006373364276587301,-36.0,True,ok,0.000244140625,400000,8249d12a562af59e74937ecef83af4b389b75bc3f050c12eea83eece5fb12955,13.6,
4000,False,0,,False,0,Tp,884210,"[1.877688130664099, -1.6713239881361648, -1.3817229443066168, -1.6807156130581367, 0.446559097922355]","[1.8946801724700593, -1.7091413957521087, -1.3240281959264892, -1.7181749820419767, 0.4729420815935973]","[0.022253970311779978, 0.2002857328060198]",1.0986003773361119e-16,0.007927894750795772,True,Tp,Tp,"[0, 0]",True,0.0,-0.0677299349218242,0.03412423665988429,0.0010237270997965286,-66.16014652272652,0.3104499062050148,0.3271666370541715,0.22253970311779978,0.310434912755829,0.310434912755829,12623.0,6.666317040929792e-06,0.020976412097940402,-0.0014207310262868693,-0.0014207310262868693,0.3099938682436342,0.1377294205305852,0.06067935399264651,3593.0,0.24836560941642943,Tp,True,True,1.1968204205459188e-13,0.003181926904321397,True,,0.9997621631574761,0.003235203045160643,ok,,12624.0,12557.0,0.30999570580938485,-0.0014148116993194515,-66.0,True,ok,0.000244140625,400000,a93fc26cd9dd2886cc4917ca9b4d8a1038e9fbe301a99fd72f345f3032c7275e,11.7,
4000,False,0,,False,0,Tp,884211,"[1.877688130664099, -1.6713239881361648, -1.3817229443066168, -1.6807156130581367, 0.446559097922355]","[1.8514644922649601, -1.6811661906531072, -1.424011212749789, -1.6221473646270166, 0.4163527106586206]","[0.022253970311779978, 0.2002857328060198]",1.1018963519404679e-16,0.008772107064062082,True,Tp,Tp,"[0, 0]",True,0.0,-0.047330828737383666,0.04794850902018212,0.0014384552706054635,-32.903928057117504,0.3583765960236638,0.3271666370541715,0.22253970311779978,0.3583201228984338,0.3583201228984338,20437.0,6.286991736475511e-06,0.012197626456419789,-0.000577323768811385,-0.000577323768811385,0.3581132561746411,0.12021882900011335,0.027672169633403146,9371.0,0.28670259925226343,Tp,True,True,3.3084646133829665e-14,0.0014101895961839972,True,,0.9997368367880781,0.0026849617081026365,ok,,20438.0,20404.0,0.3581162150198009,-0.0005690662220795284,-33.0,True,ok,0.000244140625,400000,13bd5871e6ff1f9fb1746a3673f6ff45cbae2f24e1ecb5c93b1112f3c9dc5dd8,13.8,
4000,False,0,,False,0,Tp,884212,"[1.877688130664099, -1.6713239881361648, -1.3817229443066168, -1.6807156130581367, 0.446559097922355]","[1.8198935301668517, -1.7336796478087428, -1.4124268524748214, -1.582938502448259, 0.4162299703464567]","[0.022253970311779978, 0.2002857328060198]",1.1015494072452725e-16,0.00841679305506062,True,Tp,Tp,"[0, 0]",True,0.0,-0.051854852071602786,0.05271246324320974,0.001581373897296292,-32.7910130300368,0.3847391281232814,0.3271666370541715,0.22253970311779978,0.3846661434581834,0.3846661434581834,24861.0,6.114535723981685e-06,0.0100518258882997,-0.0005212359444872882,-0.0005212359444872882,0.3844656416375857,0.12417776041842586,0.02150218695141105,12666.0,0.3077953864558723,Tp,True,True,3.219646771412954e-14,0.001043415760032751,True,,0.9997474962083479,0.002634619210339656,ok,,24862.0,24828.0,0.38446504314188423,-0.0005227918279764321,-33.0,True,ok,0.000244140625,400000,e8709fe5e11c094a28743c336b5c1fb29da13599df9b739972428cfe8bbdbc47,15.1,
4000,False,0,,False,0,Tp,884213,"[1.877688130664099, -1.6713239881361648, -1.3817229443066168, -1.6807156130581367, 0.446559097922355]","[1.943859410925618, -1.7288984645814982, -1.2827064631205347, -1.7754875976585804, 0.5025714460313985]","[0.022253970311779978, 0.2002857328060198]",1.0904905450859203e-16,0.007400657625773186,True,Tp,Tp,"[0, 0]",True,0.0,-0.0687659790584853,0.027361952623306218,0.0008208585786991865,-83.77323554010809,0.2909234424893955,0.3271666370541715,0.22253970311779978,0.2909209761062769,0.2909209761062769,9534.0,6.909105016066896e-06,0.0289319973400271,-0.001989537123204456,-0.001989537123204456,0.29034217802439455,0.1510075670954937,0.10182319943554653,1376.0,0.23273919273465513,Tp,True,True,4.64583926884643e-12,0.0030838886581252556,True,,0.9997779802712268,0.003954933497237437,ok,,9535.0,9451.0,0.29035125384170485,-0.0019583402757589186,-83.0,True,ok,0.000244140625,400000,a8b72a26b187b3fcd8fdcaa5c2993ab0838bf4b11988ad41c34f6cb24c41b2b7,11.0,
4000,False,0,,False,0,Tp,884214,"[1.877688130664099, -1.6713239881361648, -1.3817229443066168, -1.6807156130581367, 0.446559097922355]","[1.8907240292120808, -1.6829244462713435, -1.4310999015246628, -1.643596888016911, 0.43236726679687176]","[0.022253970311779978, 0.2002857328060198]",1.1041514924592377e-16,0.008546747678473693,True,Tp,Tp,"[0, 0]",True,0.0,-0.05230280027020458,0.044470725670050976,0.0013341217701015292,-39.20391784493872,0.34601153254016537,0.3271666370541715,0.22253970311779978,0.34596546807076667,0.34596546807076667,18277.0,6.410295844261338e-06,0.013888324322009054,-0.000726398253101864,-0.000726398253101864,0.3457141593591265,0.1250048074209627,0.03298541678276946,7798.0,0.2768111735460477,Tp,True,True,4.6407322429331543e-14,0.0018838617286738302,True,,0.9997435975696458,0.003015729812186627,ok,,18278.0,18238.0,0.3457157644544303,-0.0007217587862996533,-39.0,True,ok,0.000244140625,400000,dbce5695f5ad50b63432a94b14ebf20a9385e792039d3602656524dd602e335c,13.2,
4000,False,0,,False,0,Tp,884215,"[1.877688130664099, -1.6713239881361648, -1.3817229443066168, -1.6807156130581367, 0.446559097922355]","[1.8835390568114976, -1.6595117779247577, -1.394820297414721, -1.6864282142353946, 0.44180140782485866]","[0.022253970311779978, 0.2002857328060198]",1.1026010833525835e-16,0.00837078810299878,True,Tp,Tp,"[0, 0]",True,0.0,-0.05749414662468423,0.039211470333012206,0.0011763441099903662,-48.875279041568106,0.3269647831956133,0.3271666370541715,0.22253970311779978,0.3269346568784195,0.3269346568784195,15472.0,6.44474593311295e-06,0.016757547465563186,-0.0009634608910551954,-0.0009634608910551954,0.3266196681225866,0.12672533596631236,0.04319419558005873,5616.0,0.26157688873625085,Tp,True,True,4.8627768478581856e-14,0.002427870945827193,True,,0.99974887635691,0.0030232170216400165,ok,,15473.0,15422.0,0.3266180551111049,-0.0009683946337701865,-50.0,True,ok,0.000244140625,400000,64fff9b501fbeb8869721842975b82c0889cd5069994f7f96372b7b8c127378f,12.5,
4000,False,0,,False,0,Tp,884216,"[1.877688130664099, -1.6713239881361648, -1.3817229443066168, -1.6807156130581367, 0.446559097922355]","[1.856466198958852, -1.6660998350357032, -1.3811912149067052, -1.6701122915443984, 0.43973284904540055]","[0.022253970311779978, 0.2002857328060198]",1.1081413564539844e-16,0.008340444716384756,True,Tp,Tp,"[0, 0]",True,0.0,-0.06083807113172808,0.04046507462880447,0.0012139522388641341,-50.11570404833455,0.333184703298522,0.3271666370541715,0.22253970311779978,0.3331508680311923,0.3331508680311923,16866.0,6.2571282521783896e-06,0.01547150304781633,-0.0009412564029377977,-0.0009412564029377977,0.33283728764351367,0.12376762163968066,0.03861159718275168,6517.0,0.26655069704554407,Tp,True,True,7.416289804496046e-14,0.0019427873163115894,True,,0.9997497866585084,0.0026944035885324963,ok,,16867.0,16815.0,0.3328370161432119,-0.000942071349941842,-51.0,True,ok,0.000244140625,400000,bbfcbbb8cc5cbed5c7e4c64caa014d4489901e5bb48fa486f2d24f32e79584ac,12.8,
4000,False,0,,False,0,Tp,884217,"[1.877688130664099, -1.6713239881361648, -1.3817229443066168, -1.6807156130581367, 0.446559097922355]","[1.8668808250783122, -1.6800075863851722, -1.3983433209139275, -1.6544220751518541, 0.43900665439793385]","[0.022253970311779978, 0.2002857328060198]",1.1018963519404679e-16,0.0085809572451044,True,Tp,Tp,"[0, 0]",True,0.0,-0.05297311367371504,0.04315852417743508,0.0012947557253230524,-40.913596779421695,0.33943411848862903,0.3271666370541715,0.22253970311779978,0.3393902502957426,0.3393902502957426,17189.0,6.464516459198655e-06,0.014711225185285677,-0.0007792994040197578,-0.0007792994040197578,0.339125763675957,0.12510766863945236,0.035840312417031776,6995.0,0.2715478476865065,Tp,True,True,4.1300296516055823e-14,0.0020072270308597595,True,,0.9997425712826469,0.002956437537644365,ok,,17190.0,17148.0,0.3391266548074696,-0.0007766737201297946,-41.0,True,ok,0.000244140625,400000,1357db6f78160648fded3b7b585cab2de2d134e77acadd8f47e0ae62b164c754,12.9,
4000,False,0,,False,0,Tp,884218,"[1.877688130664099, -1.6713239881361648, -1.3817229443066168, -1.6807156130581367, 0.446559097922355]","[1.8762095879262894, -1.7265572362357977, -1.3822773984865173, -1.6452057534163136, 0.44487798004914964]","[0.022253970311779978, 0.2002857328060198]",1.1098760799299611e-16,0.00811217597361931,True,Tp,Tp,"[0, 0]",True,0.0,-0.06209707001153732,0.042633240845784535,0.001278997225373536,-48.55137194953775,0.34231453030773873,0.3271666370541715,0.22253970311779978,0.34227771783388417,0.34227771783388417,17775.0,6.390187222458099e-06,0.014597058634433994,-0.0009064345719849631,-0.0009064345719849631,0.34196746547721946,0.1314901329931993,0.035592717472377515,7383.0,0.2738519872648215,Tp,True,True,2.886579864025407e-14,0.002024378726760201,True,,0.9997566347207915,0.0030257055186476813,ok,,17776.0,17726.0,0.3419685296009321,-0.0009033256237326315,-49.0,True,ok,0.000244140625,400000,f9be7952f86c87ad2de6bd2e88b0160a39216b7707b42dc3343b8baa9352fb47,13.1,
4000,False,0,,False,0,Tp,884219,"[1.877688130664099, -1.6713239881361648, -1.3817229443066168, -1.6807156130581367, 0.446559097922355]","[1.8823094784806829, -1.708719468041826, -1.3049159644585941, -1.7315552434247, 0.48016176503791286]","[0.022253970311779978, 0.2002857328060198]",1.0949574580365606e-16,0.00770163236149109,True,Tp,Tp,"[0, 0]",True,0.0,-0.06226919209853792,0.03218065314093784,0.0009654195942281353,-64.4996149558399,0.3057942847593213,0.3271666370541715,0.22253970311779978,0.3057809159685369,0.3057809159685369,11945.0,6.686514513491448e-06,0.02265026593022877,-0.0014104137602923839,-0.0014104137602923839,0.30534963835702006,0.1415641074677262,0.06816362057933475,3073.0,0.2446368901609922,Tp,True,True,5.613287612504791e-13,0.003563762474408705,True,,0.9997689510291553,0.003563095834096255,ok,,11946.0,11881.0,0.30535469387650094,-0.001393880617715948,-64.0,True,ok,0.000244140625,400000,d958d277b05d24a32b036980d2e8b3f9281d4aa618746189ed57ad5c6b79825d,11.6,
4000,False,0,,False,0,Tp,884220,"[1.877688130664099, -1.6713239881361648, -1.3817229443066168, -1.6807156130581367, 0.446559097922355]","[1.8906480494150848, -1.6505874984370144, -1.3756311472922453, -1.7074060295629943, 0.45394620678833075]","[0.022253970311779978, 0.2002857328060198]",1.1045851733282319e-16,0.008502747679412843,True,Tp,Tp,"[0, 0]",True,0.0,-0.052520075896721634,0.0370169417117623,0.001110508251352869,-47.29372864428465,0.31590542366516317,0.3271666370541715,0.22253970311779978,0.31587765252916467,0.31587765252916467,13421.0,6.663327917242334e-06,0.018995489728999296,-0.0009976445622624393,-0.0009976445622624393,0.3155625189067787,0.12817320930015208,0.052105945536070446,4213.0,0.2527305943825971,Tp,True,True,1.509903313490213e-13,0.003033246633622033,True,,0.9997449175696176,0.003249505198708667,ok,,13422.0,13373.0,0.31556445393400995,-0.0009915186865768755,-48.0,True,ok,0.000244140625,400000,e7c32d48c186651fce8f99702c2ca0acb7403f45b822ce5df3c1d266e2b3e268,12.0,
4000,False,0,,False,0,Tp,884221,"[1.877688130664099, -1.6713239881361648, -1.3817229443066168, -1.6807156130581367, 0.446559097922355]","[1.869461144537154, -1.6343466091244905, -1.386333809909846, -1.700015922996939, 0.44205267279929283]","[0.022253970311779978, 0.2002857328060198]",1.1022432966356632e-16,0.008441372296716343,True,Tp,Tp,"[0, 0]",True,0.0,-0.05304910414142688,0.03777002515268341,0.0011331007545805024,-46.81764082053477,0.3213852647461911,0.3271666370541715,0.22253970311779978,0.3213556710457468,0.3213556710457468,14756.0,6.415583306192962e-06,0.01761901606166518,-0.000934673017924749,-0.000934673017924749,0.32105530857086323,0.1243130871440808,0.04648570555561606,5016.0,0.25710962317725794,Tp,True,True,4.285460875053104e-14,0.0025052120364432717,True,,0.9997467588310985,0.002922573278318556,ok,,14757.0,14709.0,0.32105421474443807,-0.00093807680545277,-47.0,True,ok,0.000244140625,400000,b2ae98bb4d4d228089603516ff19821300643a87e31cd589d86e44ee370ce4fe,12.3,
4000,False,0,,False,0,Tp,884222,"[1.877688130664099, -1.6713239881361648, -1.3817229443066168, -1.6807156130581367, 0.446559097922355]","[1.9284605012350509, -1.7079752589548123, -1.267920156856523, -1.7964479494168388, 0.5003802925558157]","[0.022253970311779978, 0.2002857328060198]",1.1071005223683983e-16,0.007534181316009514,True,Tp,Tp,"[0, 0]",True,0.0,-0.06365552676086925,0.026129032355730206,0.0007838709706719061,-81.20663877411612,0.28501504829729996,0.3271666370541715,0.22253970311779978,0.28501236255713364,0.28501236255713364,8633.0,6.990179684058795e-06,0.031288162604085845,-0.001991664471942815,-0.001991664471942815,0.2844447135605641,0.1492155578851864,0.11898344336877656,732.0,0.2280126066526294,Tp,True,True,4.112488127816505e-12,0.0026348334749151103,True,,0.9997739745605198,0.0036224628377545115,ok,,8634.0,8553.0,0.284453964621101,-0.001959206018372961,-80.0,True,ok,0.000244140625,400000,55892a6476e0b837059da0bb91d8371b7315e69c21102bb4d9ae91a9bc6b660f,10.6,
4000,False,0,,False,0,Tp,884223,"[1.877688130664099, -1.6713239881361648, -1.3817229443066168, -1.6807156130581367, 0.446559097922355]","[1.9017320012136387, -1.6809232533120881, -1.3889153230318367, -1.6866865906298623, 0.4500497446589165]","[0.022253970311779978, 0.2002857328060198]",1.1079678841063866e-16,0.00817487215497006,True,Tp,Tp,"[0, 0]",True,0.0,-0.056039592844894286,0.03825717552232311,0.0011477152656696934,-48.82708675325941,0.32472193041423003,0.3271666370541715,0.22253970311779978,0.3246933350538004,0.3246933350538004,14998.0,6.503372512184358e-06,0.017451433184966943,-0.0009779712102454242,-0.0009779712102454242,0.32437579431995917,0.1310313585886943,0.04583981234815789,5304.0,0.25978064391317224,Tp,True,True,1.6209256159527285e-14,0.002835773587420265,True,,0.999754753835351,0.0033386215455295178,ok,,14999.0,14949.0,0.32437799150305946,-0.0009712042616725203,-49.0,True,ok,0.000244140625,400000,0c6d987ecfde4d5caf3de2d98fea49af69dc40fed96b5a50be50a8219ee3aebc,12.3,
4000,False,0,,False,0,Tp,884224,"[1.877688130664099, -1.6713239881361648, -1.3817229443066168, -1.6807156130581367, 0.446559097922355]","[1.8618369963966848, -1.6645448774373048, -1.413801186985014, -1.6453653827364616, 0.4230644876684226]","[0.022253970311779978, 0.2002857328060198]",1.1102230246251565e-16,0.008888230370176314,True,Tp,Tp,"[0, 0]",True,0.0,-0.04819894949020416,0.04522022022247062,0.0013566066066741185,-35.52905407734198,0.34442107259058313,0.3271666370541715,0.22253970311779978,0.3443725222462706,0.3443725222462706,18046.0,6.414060572313418e-06,0.013729370901701642,-0.0006617412546233961,-0.0006617412546233961,0.3441446367413415,0.12006552651392008,0.0325827298169788,7619.0,0.2755380297857799,Tp,True,True,3.8191672047105385e-14,0.0016284659918293087,True,,0.9997333530888947,0.0026052010915474334,ok,,18047.0,18010.0,0.3441435156669444,-0.0006649966664947771,-36.0,True,ok,0.000244140625,400000,291d88932a8a76588e9430469dbf58c8efe0025c5633e7d126afb58dc7f68373,13.1,
4000,False,0,,False,0,Tp,884225,"[1.877688130664099, -1.6713239881361648, -1.3817229443066168, -1.6807156130581367, 0.446559097922355]","[1.8436058656093588, -1.6371819414833657, -1.4776846979690756, -1.6260574699599581, 0.3946673081645061]","[0.022253970311779978, 0.2002857328060198]",1.1084883011491797e-16,0.009082498366158777,True,Tp,Tp,"[0, 0]",True,0.0,-0.014914946711241639,0.05041514295407556,0.0015124542886222666,-9.861419828316297,0.3698410895835126,0.3271666370541715,0.22253970311779978,0.3697749228839904,0.3697749228839904,22292.0,6.242045489224246e-06,0.011161105579742404,-0.00016646729496039967,-0.00016646729496039967,0.3697133674528337,0.11553554783398295,0.02426449159808123,10784.0,0.29587660146457806,Tp,True,True,2.9976021664879227e-14,0.0011478435395714803,True,,0.9997275250490152,0.002366608921817916,ok,,22293.0,22282.0,0.3697127605268053,-0.0001681086340313831,-10.0,True,ok,0.000244140625,400000,9d60169761df7706d9b977df9a37ed61b43bd91b9f8e209797b9509d229edbe3,14.3,
4000,False,0,,False,0,Tp,884226,"[1.877688130664099, -1.6713239881361648, -1.3817229443066168, -1.6807156130581367, 0.446559097922355]","[1.8495265656109268, -1.704180256451692, -1.4671897466899482, -1.5778456895903612, 0.3989006355376584]","[0.022253970311779978, 0.2002857328060198]",1.0915747472584058e-16,0.008673665042231654,True,Tp,Tp,"[0, 0]",True,0.0,-0.04410382824765886,0.054028991569333905,0.001620869747080017,-27.209976820846666,0.3910052507269006,0.3271666370541715,0.22253970311779978,0.39093092901872606,0.39093092901872606,26315.0,6.0068050983524965e-06,0.009479717442941437,-0.00041809182993982503,-0.00041809182993982503,0.39076748399123257,0.1180688315470643,0.019804471518335153,13684.0,0.31280598864858916,Tp,True,True,2.4868995751603507e-14,0.0010848886939032187,True,,0.999739790048733,0.0023241342817065876,ok,,26316.0,26287.0,0.39076838704919703,-0.0004157818107076716,-28.0,True,ok,0.000244140625,400000,81b4968abfe37a46e466e7e937248c885ca4d5271c8a0a2ba372df9aa6a2ab40,15.3,
4000,False,0,,False,0,Tp,884227,"[1.877688130664099, -1.6713239881361648, -1.3817229443066168, -1.6807156130581367, 0.446559097922355]","[1.9006984921921632, -1.7274398346879203, -1.3908522955632574, -1.6482880796786241, 0.4473982013906645]","[0.022253970311779978, 0.2002857328060198]",1.0939166239509746e-16,0.00818574831076341,True,Tp,Tp,"[0, 0]",True,0.0,-0.06720663631719849,0.04238481465078107,0.001271544439523432,-52.8543354272283,0.33992300602563563,0.3271666370541715,0.22253970311779978,0.33988901849556635,0.33988901849556635,17285.0,6.437832207625282e-06,0.014896045050018864,-0.0010011130822412226,-0.0010011130822412226,0.33954875115264027,0.1313879573309776,0.036659770400055594,7048.0,0.27194108307360826,Tp,True,True,3.7969627442180354e-14,0.0021268727384451402,True,,0.9997544275506771,0.0030801340935220993,ok,,17286.0,17231.0,0.339547543789614,-0.0010046653094701874,-54.0,True,ok,0.000244140625,400000,61accfbedbee03dd449dd24bd5949fee62a367a066151769de7037af27a4fe26,13.0,
4000,False,0,,False,0,Tp,884228,"[1.877688130664099, -1.6713239881361648, -1.3817229443066168, -1.6807156130581367, 0.446559097922355]","[1.812387382164481, -1.6393663814134978, -1.4291082874621717, -1.6263672633962687, 0.40739370635504063]","[0.022253970311779978, 0.2002857328060198]",1.0966054453387387e-16,0.009096284995156995,True,Tp,Tp,"[0, 0]",True,0.0,-0.04210319484733306,0.04883179504252525,0.0014649538512757575,-28.740287491423313,0.36193192442929645,0.3271666370541715,0.22253970311779978,0.3618680511887226,0.3618680511887226,21339.0,6.188003207267534e-06,0.011672834948313972,-0.0004914636442496221,-0.0004914636442496221,0.36169020619754794,0.11373387198657031,0.025859883741819294,9972.0,0.2895485761031135,Tp,True,True,2.6867397195928788e-14,0.0011030937963760756,True,,0.9997271114501453,0.002241673768251876,ok,,21340.0,21310.0,0.36169236566745727,-0.0004854960825865229,-29.0,True,ok,0.000244140625,400000,e53aa1c72ade56ab843619271f307de18e663c435e03e783b31b801f22be394f,14.0,
4000,False,0,,False,0,Tp,884229,"[1.877688130664099, -1.6713239881361648, -1.3817229443066168, -1.6807156130581367, 0.446559097922355]","[1.8555662426987218, -1.6796981545462242, -1.385439787046145, -1.6528225321770322, 0.4344958256512405]","[0.022253970311779978, 0.2002857328060198]",1.1080112521932862e-16,0.00857720683845754,True,Tp,Tp,"[0, 0]",True,0.0,-0.055577945381543335,0.04309975570533159,0.0012929926711599477,-42.98396009598739,0.33943476597417477,0.3271666370541715,0.22253970311779978,0.33939240875863147,0.33939240875863147,17474.0,6.35875376209627e-06,0.014490181326998208,-0.0008053345063605655,-0.0008053345063605655,0.3391190843406613,0.12315017801684128,0.03526363503457529,7110.0,0.27154820962428816,Tp,True,True,3.5083047578154947e-14,0.0018204224665254731,True,,0.9997426837948463,0.0027162186073317724,ok,,17475.0,17430.0,0.3391188717981799,-0.0008059607504247168,-44.0,True,ok,0.000244140625,400000,66d6f3eb4cfe46db7de8e6b799d679427c4c48f069a5c04c46fe13c690a759ec,13.0,
4000,False,0,,False,0,Tp,884230,"[1.877688130664099, -1.6713239881361648, -1.3817229443066168, -1.6807156130581367, 0.446559097922355]","[1.8840042985891612, -1.7127887866253817, -1.4519653128076935, -1.6023407918491075, 0.42473525602588175]","[0.022253970311779978, 0.2002857328060198]",1.1088352458443751e-16,0.00857490205034862,True,Tp,Tp,"[0, 0]",True,0.0,-0.051082293069418756,0.04998284969944252,0.0014994854909832756,-34.06654707670559,0.3693445544641517,0.3271666370541715,0.22253970311779978,0.3692803967217988,0.3692803967217988,21900.0,6.311387263614465e-06,0.01139793845226355,-0.0005822328324057239,-0.0005822328324057239,0.36906538955046353,0.12462358944076948,0.025250243054931353,10552.0,0.2954781746952362,Tp,True,True,3.7969627442180354e-14,0.0014263103028520074,True,,0.9997427529384896,0.0030308621880224297,ok,,21901.0,21866.0,0.36906631747589974,-0.0005797200387550605,-34.0,True,ok,0.000244140625,400000,a13e2e86085a57f3eb961fda7693c1e9277e38e184131ef9a46a48bb29f28351,14.2,
4000,False,0,,False,0,Tp,884231,"[1.877688130664099, -1.6713239881361648, -1.3817229443066168, -1.6807156130581367, 0.446559097922355]","[1.880681853822446, -1.7084574599156368, -1.4575417603858982, -1.6060006589135631, 0.4261392219238661]","[0.022253970311779978, 0.2002857328060198]",1.0935696792557792e-16,0.008241207429731548,True,Tp,Tp,"[0, 0]",True,0.0,-0.05774516136507172,0.0488892811407116,0.001466678434221348,-39.3713850410082,0.37217703379082373,0.3271666370541715,0.22253970311779978,0.3721157184310713,0.3721157184310713,22922.0,6.1549105640906765e-06,0.011277395853820496,-0.0006512150433566553,-0.0006512150433566553,0.3718733910773595,0.12611208595387396,0.024820312130889435,11184.0,0.29774799155391435,Tp,True,True,2.9976021664879227e-14,0.0014225176309905496,True,,0.9997527637771081,0.0031530998227543073,ok,,22923.0,22883.0,0.3718761625611873,-0.0006437671348419327,-39.0,True,ok,0.000244140625,400000,cf0f23dfc4cb29fb4d29aca1a37e558f3d1d964a73ae12553a194b101480c8c4,14.5,
4000,False,0,,False,0,Tp,884232,"[1.877688130664099, -1.6713239881361648, -1.3817229443066168, -1.6807156130581367, 0.446559097922355]","[1.806506574858182, -1.6953583094963267, -1.4214488394500515, -1.5940188049132216, 0.40667847305936855]","[0.022253970311779978, 0.2002857328060198]",1.0992942667265026e-16,0.008656860103946182,True,Tp,Tp,"[0, 0]",True,0.0,-0.04453322151337535,0.05172674548323838,0.0015518023644971513,-28.697740467618097,0.3797327535683681,0.3271666370541715,0.22253970311779978,0.3796619867822141,0.3796619867822141,24382.0,6.070220270213423e-06,0.010303171414252585,-0.00045883341488118715,-0.00045883341488118715,0.3794877851763182,0.11870230802429246,0.02205629751163972,12238.0,0.30379217449196794,Tp,True,True,2.5091040356528538e-14,0.0010520260956314864,True,,0.9997402941968815,0.0022874546328502283,ok,,24383.0,24353.0,0.3794882795661799,-0.00045753123062541867,-29.0,True,ok,0.000244140625,400000,b09e2f27af94c39292f45b4fd19cc62b367341d778c54a21e6753fd5b0274854,14.8,
4000,False,0,,False,0,Tp,884233,"[1.877688130664099, -1.6713239881361648, -1.3817229443066168, -1.6807156130581367, 0.446559097922355]","[1.8658168214614732, -1.6472435172134379, -1.4045025383434402, -1.6727009367380172, 0.4311459927860309]","[0.022253970311779978, 0.2002857328060198]",1.1048453818496284e-16,0.008695876685735194,True,Tp,Tp,"[0, 0]",True,0.0,-0.04671969917081488,0.04149527739423457,0.0012448583218270372,-37.530133631790264,0.33245877971827664,0.3271666370541715,0.22253970311779978,0.33241828908917515,0.33241828908917515,16257.0,6.449142658012108e-06,0.01558465336213577,-0.0007281103167604119,-0.0007281103167604119,0.33217625190340944,0.12230527502730343,0.0388675372602667,6240.0,0.26596709833913856,Tp,True,True,4.1744385725905886e-14,0.0020783677370743714,True,,0.999739123699428,0.002803736997056664,ok,,16258.0,16219.0,0.33217479604268224,-0.000732489921538515,-38.0,True,ok,0.000244140625,400000,18e47b19c197cce79f15ddd0c3dc5cddfcef3148ebe1594270691abe27cb143c,12.6,
4000,False,0,,False,0,Tp,884234,"[1.877688130664099, -1.6713239881361648, -1.3817229443066168, -1.6807156130581367, 0.446559097922355]","[1.8572840079150656, -1.6077891191211648, -1.3643347963953183, -1.7251199865631464, 0.44618787262301435]","[0.022253970311779978, 0.2002857328060198]",1.1098760799299611e-16,0.008727469169948135,True,Tp,Tp,"[0, 0]",True,0.0,-0.04712408109057739,0.03584796425915537,0.0010754389277746609,-43.81846320933196,0.310289293745237,0.3271666370541715,0.22253970311779978,0.3102615774221833,0.3102615774221833,12795.0,6.591703336780719e-06,0.01975531253093103,-0.0009309509496772935,-0.0009309509496772935,0.3099727391120337,0.12264586257359739,0.05560021607498918,3642.0,0.24823557120590706,Tp,True,True,1.9184653865522705e-13,0.002696109194522789,True,,0.9997381759249016,0.0027821115101052648,ok,,12796.0,12751.0,0.3099753608453756,-0.0009225008755056052,-44.0,True,ok,0.000244140625,400000,25a32b74268c58a4cd71ce8463b684a8cfcccaa672ec021e33ab5c5699bba6af,11.8,
4000,False,0,,False,0,Tp,884235,"[1.877688130664099, -1.6713239881361648, -1.3817229443066168, -1.6807156130581367, 0.446559097922355]","[1.8746261298513627, -1.67800182338939, -1.3726969744074673, -1.686992379970916, 0.4468259855281926]","[0.022253970311779978, 0.2002857328060198]",1.0984269049885143e-16,0.008367462194332499,True,Tp,Tp,"[0, 0]",True,0.0,-0.05707990460707424,0.0389795687678845,0.001169387063036535,-48.81181467738787,0.3248985778365185,0.3271666370541715,0.22253970311779978,0.3248692100855104,0.3248692100855104,14886.0,6.5600704046392396e-06,0.017267985011104135,-0.0009856549371902118,-0.0009856549371902118,0.3245490011446485,0.1292716262490527,0.04519055458807962,5274.0,0.2599249247022748,Tp,True,True,2.7755575615628914e-14,0.002535342442762545,True,,0.99974897613417,0.0030343694607332505,ok,,14887.0,14837.0,0.32455159919190657,-0.0009776577273057363,-49.0,True,ok,0.000244140625,400000,dd4f4eae2bdd0a108318b5debeaf723486d8778d9a7afb30b41d3a4ec9906a1f,12.3,
4000,False,0,,False,0,Tp,884236,"[1.877688130664099, -1.6713239881361648, -1.3817229443066168, -1.6807156130581367, 0.446559097922355]","[1.8652855895387508, -1.6860909001902984, -1.332176959259041, -1.6970840158603597, 0.46219393980654055]","[0.022253970311779978, 0.2002857328060198]",1.109442399060967e-16,0.0084229013718158,True,Tp,Tp,"[0, 0]",True,0.0,-0.06432440470974593,0.03732422637495284,0.0011197267912485852,-57.44651750095133,0.31714764621959113,0.3271666370541715,0.22253970311779978,0.31712237309807195,0.31712237309807195,13712.0,6.595341129199128e-06,0.01857369506068182,-0.0011947418780387062,-0.0011947418780387062,0.31674349371846866,0.12858866893124787,0.05075622384723624,4383.0,0.2537249726796383,Tp,True,True,2.107203300738547e-13,0.0024863812916859906,True,,0.9997473129588456,0.002725039416887467,ok,,13713.0,13655.0,0.31674653516122947,-0.0011851511237469525,-57.0,True,ok,0.000244140625,400000,0e7e20916ca0c07132ed0db62e0596342b8ba66c0a3fe18c01fffc221da8140c,12.0,
4000,False,0,,False,0,Tp,884237,"[1.877688130664099, -1.6713239881361648, -1.3817229443066168, -1.6807156130581367, 0.446559097922355]","[1.8522023055536767, -1.7389945546429821, -1.3604137269991399, -1.63720963325505, 0.4463323366764447]","[0.022253970311779978, 0.2002857328060198]",1.1067535776732029e-16,0.008265695335499793,True,Tp,Tp,"[0, 0]",True,0.0,-0.06725745156284753,0.04411021352118897,0.001323306405635669,-50.825304915333994,0.3452681194820769,0.3271666370541715,0.22253970311779978,0.3452288259812121,0.3452288259812121,18054.0,6.4320145488339084e-06,0.014079251016739342,-0.0009469345432995181,-0.0009469345432995181,0.3449019168805477,0.13049299342880363,0.033936225813200716,7649.0,0.27621482753107385,Tp,True,True,3.352873534367973e-14,0.0017500488959387717,True,,0.999752029139935,0.0027536970597556555,ok,,18055.0,18003.0,0.34490537118845144,-0.0009369286931394383,-51.0,True,ok,0.000244140625,400000,84a2574e08dda79af56e3e5a3026f1e6244593fba8bd97a17a189e3340ee1595,13.1,
4000,False,0,,False,0,Tp,884238,"[1.877688130664099, -1.6713239881361648, -1.3817229443066168, -1.6807156130581367, 0.446559097922355]","[1.925551606372254, -1.6768242137770224, -1.337635172371439, -1.746110552873895, 0.4758031893190184]","[0.022253970311779978, 0.2002857328060198]",1.1013759348976749e-16,0.00798980639162515,True,Tp,Tp,"[0, 0]",True,0.0,-0.05507401568248217,0.03175235138135313,0.0009525705414405938,-57.816207080257286,0.30068552517090685,0.3271666370541715,0.22253970311779978,0.30067123872688906,0.30067123872688906,10912.0,6.8848311854174946e-06,0.024038328311519072,-0.0013238872704092566,-0.0013238872704092566,0.3002731839013604,0.1399025862353504,0.07526240723368653,2438.0,0.2405490599591406,Tp,True,True,2.021938172447335e-12,0.003917331488670461,True,,0.9997603058082513,0.00401021669410416,ok,,10913.0,10855.0,0.30028181931012626,-0.001295166835416972,-57.0,True,ok,0.000244140625,400000,feace1a731d351cc2e97019162210187a95c0161aebba0b8a004dc49e12649cc,11.3,
4000,False,0,,False,0,Tp,884239,"[1.877688130664099, -1.6713239881361648, -1.3817229443066168, -1.6807156130581367, 0.446559097922355]","[1.89623381838504, -1.6071618287830995, -1.3842935642896468, -1.7357801128669639, 0.4511650438468479]","[0.022253970311779978, 0.2002857328060198]",1.1029371860260539e-16,0.008446362855038357,True,Tp,Tp,"[0, 0]",True,0.0,-0.03870265470516876,0.03690974575007774,0.001107292372502332,-34.95251630579371,0.31697883163204654,0.3271666370541715,0.22253970311779978,0.31695362027960816,0.31695362027960816,14000.0,6.461079218900157e-06,0.018409713967847307,-0.0007125048029185166,-0.0007125048029185166,0.31672778930285655,0.12511764708644407,0.05001220603263411,4469.0,0.2535863229835222,Tp,True,True,2.5002222514558525e-13,0.002802361683798882,True,,0.9997466091143489,0.00308513706534697,ok,,14001.0,13965.0,0.31672915408419994,-0.0007081988690024188,-35.0,True,ok,0.000244140625,400000,283b8ae339e2e0ec7581e8de231582adc2987046512bc0e71e39db47e81cf673,12.1,
4000,False,0,,False,0,Tp,884240,"[1.877688130664099, -1.6713239881361648, -1.3817229443066168, -1.6807156130581367, 0.446559097922355]","[1.8288403806477653, -1.697882453354455, -1.3776550451668343, -1.6349959255766648, 0.4294033972453449]","[0.022253970311779978, 0.2002857328060198]",1.101289198723876e-16,0.008917472969552049,True,Tp,Tp,"[0, 0]",True,0.0,-0.04691212085700396,0.046718572983458224,0.0014015571895037468,-33.471428214509224,0.3473705193821649,0.3271666370541715,0.22253970311779978,0.3473176406566648,0.3473176406566648,17965.0,6.577065760132172e-06,0.013511218533878322,-0.0006338399167866917,-0.0006338399167866917,0.3470974968722125,0.12354316763126101,0.03195463055366333,7724.0,0.27789786859209775,Tp,True,True,4.39648317751562e-14,0.0015551280471475248,True,,0.9997324758109134,0.0025564741131293787,ok,,17966.0,17931.0,0.34709824137651474,-0.000631696333463716,-34.0,True,ok,0.000244140625,400000,dfc9e9043d6594b6ae9c3492945fe73ddf979dd70d3952caef67c6befe023100,13.2,
4000,False,0,,False,0,Tp,884241,"[1.877688130664099, -1.6713239881361648, -1.3817229443066168, -1.6807156130581367, 0.446559097922355]","[1.891843277799281, -1.6970231431336127, -1.3760973432840973, -1.6783380077361856, 0.45670120146859056]","[0.022253970311779978, 0.2002857328060198]",1.1053657988924215e-16,0.008242187634194861,True,Tp,Tp,"[0, 0]",True,0.0,-0.060447798464050684,0.0393269958556892,0.001179809875670676,-51.23520298530173,0.32733182541530437,0.3271666370541715,0.22253970311779978,0.3273017529573464,0.3273017529573464,15122.0,6.602151846878401e-06,0.017097206229920014,-0.0010334884764845167,-0.0010334884764845167,0.3269634903673318,0.1324508317446404,0.04438822873033969,5503.0,0.2618686534622437,Tp,True,True,2.0039525594484076e-14,0.0028663256132126502,True,,0.9997527343709741,0.003493200445557125,ok,,15123.0,15070.0,0.3269623711353431,-0.001036908048725138,-52.0,True,ok,0.000244140625,400000,220d927993e1a625a31f1f53fbb46c76082d894ed9e615f41191faa351ef5966,12.5,
4000,False,0,,False,0,Tp,884242,"[1.877688130664099, -1.6713239881361648, -1.3817229443066168, -1.6807156130581367, 0.446559097922355]","[1.8543445546624457, -1.6731938751663675, -1.4807257225909167, -1.5958892792856099, 0.40268109537875457]","[0.022253970311779978, 0.2002857328060198]",1.1095291352347658e-16,0.008903386603236954,True,Tp,Tp,"[0, 0]",True,0.0,-0.04019848351722972,0.05294737171688451,0.0015884211515065352,-25.307194807311358,0.38354445128624476,0.3271666370541715,0.22253970311779978,0.38346839248865117,0.38346839248865117,24608.0,6.15430279170659e-06,0.010103774044325777,-0.0004061563943826432,-0.0004061563943826432,0.38331264434899825,0.11721914614568771,0.02135506500331024,12511.0,0.30683567172263315,Tp,True,True,2.5757174171303632e-14,0.0011650133934077989,True,,0.9997328984019029,0.0026369323105312143,ok,,24609.0,24583.0,0.383315334064834,-0.0003991422156696123,-25.0,True,ok,0.000244140625,400000,80f6969e0a9539a61e3fb13c5bb21e1d892172ec3b132cf75b847430a9ac80eb,14.7,
4000,False,0,,False,0,Tp,884243,"[1.877688130664099, -1.6713239881361648, -1.3817229443066168, -1.6807156130581367, 0.446559097922355]","[1.9125477988782718, -1.694475346714779, -1.428671626626301, -1.6455707356072948, 0.44091070433055124]","[0.022253970311779978, 0.2002857328060198]",1.1060596882828122e-16,0.008423068732929384,True,Tp,Tp,"[0, 0]",True,0.0,-0.055398823071707765,0.04360377616000925,0.0013081132848002776,-42.350172355421066,0.3429444550867856,0.3271666370541715,0.22253970311779978,0.34290120937533625,0.34290120937533625,17663.0,6.47120201079654e-06,0.014426819038144422,-0.000799228795381708,-0.000799228795381708,0.34262715285483225,0.1279510732455398,0.034830380619777855,7376.0,0.2743560521871225,Tp,True,True,6.306066779870889e-14,0.0022668813112982633,True,,0.9997473079380121,0.0034343220012417485,ok,,17664.0,17620.0,0.3426269306623658,-0.0007998767734592738,-43.0,True,ok,0.000244140625,400000,f9642e4af8e8415bee2118a7e2c7f17dcd7a5cb6d2eaedd5b47e2e2baa822f53,13.1,
4000,False,0,,False,0,Tp,884244,"[1.877688130664099, -1.6713239881361648, -1.3817229443066168, -1.6807156130581367, 0.446559097922355]","[1.859326723663664, -1.616980118379242, -1.3222777076842456, -1.7484141414120244, 0.46265502161781846]","[0.022253970311779978, 0.2002857328060198]",1.1029371860260539e-16,0.008766683756660003,True,Tp,Tp,"[0, 0]",True,0.0,-0.05102259478089253,0.0332720570207264,0.000998161710621792,-51.11656181352485,0.299265839154908,0.3271666370541715,0.22253970311779978,0.2992452263435076,0.2992452263435076,10864.0,6.804302515455163e-06,0.022780092140384862,-0.0011622994103502515,-0.0011622994103502515,0.29889741379337836,0.12543880138423597,0.07045190981401146,2320.0,0.23941561662834807,Tp,True,True,5.822009541134321e-13,0.0027275015144403447,True,,0.9997369994873002,0.00277203229295338,ok,,10865.0,10812.0,0.29889691103452576,-0.0011639795001507913,-52.0,True,ok,0.000244140625,400000,e2fa72b9fc8fe9b8011045d79d749d2a52c22d10e25b7d446704b4b1a272c3ad,11.3,
4000,False,0,,False,0,Tp,884245,"[1.877688130664099, -1.6713239881361648, -1.3817229443066168, -1.6807156130581367, 0.446559097922355]","[1.8857284429721815, -1.6798981475735537, -1.401690537817535, -1.671814703396315, 0.446605202704422]","[0.022253970311779978, 0.2002857328060198]",1.1095291352347658e-16,0.008334213431059593,True,Tp,Tp,"[0, 0]",True,0.0,-0.05136532476011083,0.04058046011691885,0.0012174138035075655,-42.19216556615265,0.3322023679981537,0.3271666370541715,0.22253970311779978,0.33216586002725934,0.33216586002725934,15954.0,6.549672119460781e-06,0.01619669276659616,-0.0008319483839959497,-0.0008319483839959497,0.33188951517679105,0.12987699703836147,0.04088377075805311,6105.0,0.2657657202100813,Tp,True,True,5.684341886080802e-14,0.002542738660822108,True,,0.9997499735970682,0.0033158583418430834,ok,,15955.0,15912.0,0.3318910308122508,-0.0008273854964685468,-42.0,True,ok,0.000244140625,400000,bc8680e9ccc2ea2db471f70737342e15ba2a2a3e4266aef21240b8d82c225d4c,12.6,
4000,False,0,,False,0,Tp,884246,"[1.877688130664099, -1.6713239881361648, -1.3817229443066168, -1.6807156130581367, 0.446559097922355]","[1.8150719895444443, -1.6303738590352406, -1.3796640408423348, -1.6696817802983606, 0.4240295499583663]","[0.022253970311779978, 0.2002857328060198]",1.1074474670635937e-16,0.008968608482076737,True,Tp,Tp,"[0, 0]",True,0.0,-0.04299747559000825,0.042486853973460775,0.0012746056192038233,-33.733944792167506,0.33389953067337635,0.3271666370541715,0.22253970311779978,0.33385420638284985,0.33385420638284985,16622.0,6.392074336313835e-06,0.015021355890983365,-0.0006458803832513839,-0.0006458803832513839,0.3336385765000812,0.11745330704445758,0.03692818560827775,6469.0,0.26712591539666547,Tp,True,True,3.108624468950438e-14,0.0016274840585319694,True,,0.9997309417455377,0.0023101640086947866,ok,,16623.0,16588.0,0.333638303891377,-0.0006466969334071315,-34.0,True,ok,0.000244140625,400000,f30e7486bf29ced76d4fdc0ce6711b1ef07adffd6599932406a091eb0983e58d,12.9,
4000,False,0,,False,0,Tp,884247,"[1.877688130664099, -1.6713239881361648, -1.3817229443066168, -1.6807156130581367, 0.446559097922355]","[1.8989881497193282, -1.6138062397930015, -1.414403505806779, -1.711482828072295, 0.44200191596342014]","[0.022253970311779978, 0.2002857328060198]",1.0998146837692957e-16,0.008534459048114028,True,Tp,Tp,"[0, 0]",True,0.0,-0.033617388150475526,0.04050922726602023,0.0012152768179806068,-27.662329810862882,0.32998568489591507,0.3271666370541715,0.22253970311779978,0.3299509756010065,0.3299509756010065,15899.0,6.4497310655387e-06,0.016084848540384077,-0.0005407305967237012,-0.0005407305967237012,0.3297725610130802,0.12450728315488592,0.04073241481739015,5958.0,0.26399413822422635,Tp,True,True,1.7763568394002505e-14,0.0025553481226159303,True,,0.9997439662285565,0.003316241253891539,ok,,15900.0,15871.0,0.32977506620519703,-0.0005331379775103118,-28.0,True,ok,0.000244140625,400000,2cd7dfc8054621fb609976ee1103111a33c53f684862eed5ad119a7497ebb2cd,12.6,
4000,False,0,,False,0,Tp,884248,"[1.877688130664099, -1.6713239881361648, -1.3817229443066168, -1.6807156130581367, 0.446559097922355]","[1.8778252984817496, -1.6450091469317476, -1.3307471320856505, -1.7318876222710098, 0.46325834878200167]","[0.022253970311779978, 0.2002857328060198]",1.1001616284644911e-16,0.008488586029038453,True,Tp,Tp,"[0, 0]",True,0.0,-0.05852207905742734,0.03407838811055747,0.001022351643316724,-57.24261259811682,0.30490298194328963,0.3271666370541715,0.22253970311779978,0.30488255165475164,0.30488255165475164,11895.0,6.65219356908886e-06,0.021341847295874423,-0.0012489692746807048,-0.0012489692746807048,0.3045017627153486,0.1273888524477016,0.06328929736400705,2997.0,0.24392710528266298,Tp,True,True,7.59170504238682e-13,0.002893987678322052,True,,0.9997453424191288,0.002896064958199565,ok,,11896.0,11838.0,0.30450491376074607,-0.0012386339984231665,-57.0,True,ok,0.000244140625,400000,2b9155a4aa4b8b9a3f10e8fd688bfbb95f5eb2e1231a97fcf0784438eaa63190,11.6,
4000,False,0,,False,0,Tp,884249,"[1.877688130664099, -1.6713239881361648, -1.3817229443066168, -1.6807156130581367, 0.446559097922355]","[1.9289491720987955, -1.7499641421625505, -1.3207821708246392, -1.712134977652886, 0.4871099108398724]","[0.022253970311779978, 0.2002857328060198]",1.1074474670635937e-16,0.007691379872373802,True,Tp,Tp,"[0, 0]",True,0.0,-0.06597843510375662,0.03368320495916658,0.0010104961487749974,-65.29310891856525,0.31039506321380017,0.3271666370541715,0.22253970311779978,0.31038048940553226,0.31038048940553226,12252.0,6.853271525988358e-06,0.02185087650964675,-0.001441686637751928,-0.001441686637751928,0.3099330180013374,0.14641195540612395,0.06400740219428591,3479.0,0.24831782968921892,Tp,True,True,2.4207302828926913e-12,0.004137199065512354,True,,0.9997692586038289,0.00415545150847789,ok,,12253.0,12187.0,0.3099371305051643,-0.0014284367590795544,-65.0,True,ok,0.000244140625,400000,471cbec268ccff7c346ba136ec3e87b9b6c7c8bec6a44ba12991810b1d8fca9a,11.7,
4000,False,0,,False,0,Tp,884250,"[1.877688130664099, -1.6713239881361648, -1.3817229443066168, -1.6807156130581367, 0.446559097922355]","[1.9084649385201997, -1.650970666820772, -1.3966573918717196, -1.6979302031185517, 0.4540449908626779]","[0.022253970311779978, 0.2002857328060198]",1.1014735130931985e-16,0.008267828070042794,True,Tp,Tp,"[0, 0]",True,0.0,-0.03756200741689946,0.037959655483471806,0.001138789664504154,-32.984148511090076,0.3231823674798369,0.3271666370541715,0.22253970311779978,0.32315350763067346,0.32315350763067346,14891.0,6.463652708079693e-06,0.017564088737361747,-0.0006597424314238622,-0.0006597424314238622,0.32294030954982605,0.12827077404397075,0.04624319242163857,5175.0,0.25855054002377253,Tp,True,True,3.26183524634871e-13,0.0030454642541708488,True,,0.9997519651578987,0.0035605104255101083,ok,,14892.0,14858.0,0.3229443824189207,-0.0006471389194753208,-33.0,True,ok,0.000244140625,400000,8e8b148779895c984b076d00dea63818cda8c0ccf450cc58a265c5e4f0ae3765,12.4,
4000,False,0,,False,0,Tp,884251,"[1.877688130664099, -1.6713239881361648, -1.3817229443066168, -1.6807156130581367, 0.446559097922355]","[1.8315529643039428, -1.635068725947096, -1.4154876012130615, -1.6432834916069439, 0.4115296668842917]","[0.022253970311779978, 0.2002857328060198]",1.0904471769990209e-16,0.009132056931495816,True,Tp,Tp,"[0, 0]",True,0.0,-0.040045324486217455,0.046126241228186954,0.0013837872368456085,-28.938931809706656,0.34738718170463656,0.3271666370541715,0.22253970311779978,0.34733287666776436,0.34733287666776436,18852.0,6.29646473090828e-06,0.013100309650974924,-0.000524606150843217,-0.000524606150843217,0.3471506637042744,0.11443798380203633,0.030451443311922944,8128.0,0.27791315462276456,Tp,True,True,3.4638958368304884e-14,0.0013258647830021175,True,,0.9997260382920551,0.0022451755825468943,ok,,18853.0,18822.0,0.3471496287832175,-0.000527585773926531,-30.0,True,ok,0.000244140625,400000,0e2884cf21e8302b0293d58cee4552dd8bbb9fbfd29ea49472dc229775f29511,13.4,
4000,False,0,,False,0,Tp,884252,"[1.877688130664099, -1.6713239881361648, -1.3817229443066168, -1.6807156130581367, 0.446559097922355]","[1.8819215612408418, -1.6482871806093011, -1.4481771338981635, -1.648569866457375, 0.42254315521778585]","[0.022253970311779978, 0.2002857328060198]",1.1095291352347658e-16,0.00876081582888494,True,Tp,Tp,"[0, 0]",True,0.0,-0.027740368470746554,0.04563435588841914,0.001369030676652574,-20.262780771702438,0.34979770789271225,0.3271666370541715,0.22253970311779978,0.34974608934541307,0.34974608934541307,19110.0,6.323539498321873e-06,0.013206696231766887,-0.0003663586197504335,-0.0003663586197504335,0.3496179568508574,0.12010694370400733,0.030704344756855465,8361.0,0.27983879041976495,Tp,True,True,4.418687638008123e-14,0.0016821243708400324,True,,0.9997371755251335,0.0028776021885727086,ok,,19111.0,19090.0,0.34962187538271683,-0.00035515468644331527,-20.0,True,ok,0.000244140625,400000,368f8f975c1523282a76e0d988359e00e164a5c2f1e9d0078b0de83482acab27,13.4,
4000,False,0,,False,0,Tp,884253,"[1.877688130664099, -1.6713239881361648, -1.3817229443066168, -1.6807156130581367, 0.446559097922355]","[1.9304454638379827, -1.7306321881882156, -1.401966328943891, -1.6517937151132362, 0.45575019613844125]","[0.022253970311779978, 0.2002857328060198]",1.0966921815125374e-16,0.008099554886748845,True,Tp,Tp,"[0, 0]",True,0.0,-0.06811943037260798,0.041616310558770415,0.0012484893167631125,-54.56148439396932,0.3375143222065149,0.3271666370541715,0.22253970311779978,0.3374817998208938,0.3374817998208938,16721.0,6.523627787771158e-06,0.015482959825846571,-0.001054690403818642,-0.001054690403818642,0.3371258610051593,0.13433802102195935,0.0386031069194755,6690.0,0.27001581713860445,Tp,True,True,3.6415315207705135e-14,0.0026603636171316225,True,,0.9997570133533975,0.0036693168868220005,ok,,16722.0,16666.0,0.33712700507064586,-0.0010513003973436907,-55.0,True,ok,0.000244140625,400000,53ba4795b13f300057d8bb8185055fe98c28d6b9399e4c03e00654b85a7291e2,13.0,
4000,False,0,,False,0,Tp,884254,"[1.877688130664099, -1.6713239881361648, -1.3817229443066168, -1.6807156130581367, 0.446559097922355]","[1.8888955438798056, -1.654051737323217, -1.4673863763880275, -1.6319019772030976, 0.41649592503068483]","[0.022253970311779978, 0.2002857328060198]",1.1087485096705762e-16,0.008791604337805733,True,Tp,Tp,"[0, 0]",True,0.0,-0.025591156994624206,0.04834386993455341,0.0014503160980366024,-17.64522715376931,0.3614192896772328,0.3271666370541715,0.22253970311779978,0.36136002809211015,0.36136002809211015,21075.0,6.238422370297702e-06,0.011903426546085994,-0.00030462245751486405,-0.00030462245751486405,0.3612499497123051,0.11881185969690782,0.026675619375172047,9820.0,0.2891412569842121,Tp,True,True,3.930189507173054e-14,0.0014741270640881154,True,,0.9997362518698658,0.0028986993427593177,ok,,21076.0,21057.0,0.3612511759291628,-0.0003012291191200056,-18.0,True,ok,0.000244140625,400000,0fbea124b4fcdaff29a1f7ebecd3d646e2b01ece00948c24fd55cdba1c720525,14.1,
4000,False,0,,False,0,Tp,884255,"[1.877688130664099, -1.6713239881361648, -1.3817229443066168, -1.6807156130581367, 0.446559097922355]","[1.9259449375929085, -1.6775943755013745, -1.314301929421844, -1.757386554618549, 0.480673982991919]","[0.022253970311779978, 0.2002857328060198]",1.0921819004749978e-16,0.007816166966648002,True,Tp,Tp,"[0, 0]",True,0.0,-0.06498829274436523,0.029849203033829107,0.0008954760910148732,-72.57401218910468,0.29623831510271914,0.3271666370541715,0.22253970311779978,0.29622950010411575,0.29622950010411575,10687.0,6.642817299920001e-06,0.02504205745071166,-0.0016274405605280616,-0.0016274405605280616,0.29574740420042134,0.13745692091540998,0.0816887855586668,2032.0,0.2369927175892122,Tp,True,True,1.291189377639057e-12,0.0031105513092815062,True,,0.9997655149910007,0.003350754698343895,ok,,10688.0,10614.0,0.29574958469457846,-0.0016200797333439931,-73.0,True,ok,0.000244140625,400000,89b5040b2af87756f3f3cda77a6ae4468eee320fee8e948c6f8d965e75bdbc01,11.3,
4000,False,0,,False,0,Tp,884256,"[1.877688130664099, -1.6713239881361648, -1.3817229443066168, -1.6807156130581367, 0.446559097922355]","[1.8980202474319416, -1.7493125824935387, -1.3428728434919606, -1.682686777032985, 0.4746953121966008]","[0.022253970311779978, 0.2002857328060198]",1.1098760799299611e-16,0.007474066293640554,True,Tp,Tp,"[0, 0]",True,0.0,-0.06936861859345592,0.03638474733199253,0.001091542419959776,-63.55100573737867,0.32518270210158773,0.3271666370541715,0.22253970311779978,0.325163224648103,0.325163224648103,15068.0,6.48695437009128e-06,0.018276742922211025,-0.0012678324089015016,-0.0012678324089015016,0.3247509721737112,0.14368544608327086,0.04881720227164908,5348.0,0.26014670740990203,Tp,True,True,5.759837051755312e-13,0.0034798992132931694,True,,0.9997757780111908,0.0038763293797802914,ok,,15069.0,15005.0,0.32475760390425573,-0.001247437327164591,-63.0,True,ok,0.000244140625,400000,ff01c8c3c56328ba502c240776b470eb6de9b12bc8076813cec64c115e3808a3,12.4,
4000,False,0,,False,0,Tp,884257,"[1.877688130664099, -1.6713239881361648, -1.3817229443066168, -1.6807156130581367, 0.446559097922355]","[1.9017533860002593, -1.7272463869418013, -1.329260612454422, -1.705283167937766, 0.47808263013397595]","[0.022253970311779978, 0.2002857328060198]",1.0987738496837097e-16,0.007816666546987027,True,Tp,Tp,"[0, 0]",True,0.0,-0.06069695484064841,0.03490572469196124,0.001047171740758837,-57.96275097785214,0.3139901743262549,0.3271666370541715,0.22253970311779978,0.31397095304987255,0.31397095304987255,12914.0,6.769801683506049e-06,0.02059057911976317,-0.001249785450975063,-0.001249785450975063,0.31357855672072205,0.14221808589152932,0.05851320448074726,3921.0,0.2511963231054929,Tp,True,True,1.673772231924886e-12,0.0038235137591702273,True,,0.9997655000035904,0.003929891020622356,ok,,12915.0,12857.0,0.3135856193895588,-0.0012272907941662803,-57.0,True,ok,0.000244140625,400000,5f8e3e0cb94be5a95a37c305fae9dff013016aed1d4cd30016c2bbd8528bd08a,11.9,
4000,False,0,,False,0,Tp,884258,"[1.877688130664099, -1.6713239881361648, -1.3817229443066168, -1.6807156130581367, 0.446559097922355]","[1.8840766087912102, -1.7141177451391023, -1.3424037084565918, -1.6855435313523564, 0.46861590384778107]","[0.022253970311779978, 0.2002857328060198]",1.1060596882828122e-16,0.00795306064172172,True,Tp,Tp,"[0, 0]",True,0.0,-0.06282558495303177,0.03707852582861416,0.0011123557748584246,-56.47975798123394,0.3218431363858638,0.3271666370541715,0.22253970311779978,0.32181804989723095,0.32181804989723095,14513.0,6.534142485271066e-06,0.018253009840276828,-0.0011467560203688367,-0.0011467560203688367,0.32144900311104796,0.13521743100273298,0.04902262679752642,4953.0,0.2574800779651092,Tp,True,True,1.0258460747536446e-13,0.0030291308249648097,True,,0.9997614081807483,0.0034155022390796024,ok,,14514.0,14456.0,0.3214510933769561,-0.0011402608411555937,-57.0,True,ok,0.000244140625,400000,f1435c5434d126a36bdbe66041d8157ded7bfabf6b90af8667e3a2acc568df35,12.2,
4000,False,0,,False,0,Tp,884259,"[1.877688130664099, -1.6713239881361648, -1.3817229443066168, -1.6807156130581367, 0.446559097922355]","[1.9164492963070172, -1.7054240261619653, -1.323980436035575, -1.729062013107704, 0.481897457453636]","[0.022253970311779978, 0.2002857328060198]",1.1046719095020308e-16,0.007715863585883107,True,Tp,Tp,"[0, 0]",True,0.0,-0.0631548541429919,0.03219208840091193,0.0009657626520273579,-65.39376316780871,0.30564736274427656,0.3271666370541715,0.22253970311779978,0.30563379182463457,0.30563379182463457,11933.0,6.68314056967656e-06,0.022641688965017004,-0.0014299325641366383,-0.0014299325641366383,0.305196756113004,0.14116730428118884,0.06819741334109787,3060.0,0.24452407624671124,Tp,True,True,2.092104267603645e-12,0.0038876248199963825,True,,0.9997685240924236,0.003886920214118232,ok,,11934.0,11868.0,0.3052029759738438,-0.0014095818666475246,-65.0,True,ok,0.000244140625,400000,04a0153dbb0c08bcf0db0d543ae0d9569b3ab816a4f71e8cd18df24d0ecb97fd,11.7,
4000,False,0,,False,0,Tp,884260,"[1.877688130664099, -1.6713239881361648, -1.3817229443066168, -1.6807156130581367, 0.446559097922355]","[1.9367639109365171, -1.675602112099105, -1.3365735022201037, -1.763786962004133, 0.48231149471963264]","[0.022253970311779978, 0.2002857328060198]",1.1096158714085647e-16,0.007632836446881584,True,Tp,Tp,"[0, 0]",True,0.0,-0.04525729291501719,0.029940210806812976,0.0008982063242043893,-50.38629955662478,0.2985319773612214,0.3271666370541715,0.22253970311779978,0.29852483791609785,0.29852483791609785,10823.0,6.756202028823099e-06,0.025196838240603273,-0.0011403406887872888,-0.0011403406887872888,0.2981844178968085,0.1434751906627222,0.08078356548876765,2249.0,0.23883031431687646,Tp,True,True,1.0453859999870474e-12,0.003838538916174583,True,,0.9997710149065936,0.004012594394053091,ok,,10824.0,10772.0,0.29818462917126665,-0.0011396329605471989,-51.0,True,ok,0.000244140625,400000,afeec3abe57e7146b5d24492061010ae500b4de435fe901ad5ae7b463ddccd42,11.4,
4000,False,0,,False,0,Tp,884261,"[1.877688130664099, -1.6713239881361648, -1.3817229443066168, -1.6807156130581367, 0.446559097922355]","[1.9023309124719723, -1.6616113861082118, -1.3865490977372164, -1.6982079371368746, 0.4510122403589288]","[0.022253970311779978, 0.2002857328060198]",1.091488011084607e-16,0.008276836847806536,True,Tp,Tp,"[0, 0]",True,0.0,-0.05607490112554876,0.03729267949985155,0.0011187803849955465,-50.121455361207445,0.31998831641972597,0.3271666370541715,0.22253970311779978,0.31996155650267266,0.31996155650267266,14316.0,6.5125085432399256e-06,0.018193056225727595,-0.0010201738290292243,-0.0010201738290292243,0.3196351400964332,0.12899085871347624,0.04883839341383626,4772.0,0.25599645680677524,Tp,True,True,9.059419880941277e-14,0.0029238274813445653,True,,0.9997516948945658,0.003275319899959502,ok,,14317.0,14266.0,0.31963868277802177,-0.00100910161889467,-50.0,True,ok,0.000244140625,400000,9b93a290114e457db7f4754cc187d498b68f1592de50230a8df54c341da59631,12.2,
4000,False,0,,False,0,Tp,884262,"[1.877688130664099, -1.6713239881361648, -1.3817229443066168, -1.6807156130581367, 0.446559097922355]","[1.9119708425947777, -1.6867537055667956, -1.3376351880910105, -1.7379294547238258, 0.4775679482027824]","[0.022253970311779978, 0.2002857328060198]",1.107794411758789e-16,0.007744824892605802,True,Tp,Tp,"[0, 0]",True,0.0,-0.056054226028879515,0.031983328883370715,0.0009594998665011214,-58.42025411976855,0.30465868757308917,0.3271666370541715,0.22253970311779978,0.30464419026523415,0.30464419026523415,11640.0,6.77358847010201e-06,0.023172932072139964,-0.001298940772123605,-0.001298940772123605,0.30424847550550804,0.14237712549040119,0.07034486840860919,2912.0,0.24372843182699797,Tp,True,True,4.140465748037059e-12,0.004191932878243154,True,,0.9997676552532219,0.004197665537568082,ok,,11641.0,11582.0,0.30425426477285844,-0.0012799373985639129,-58.0,True,ok,0.000244140625,400000,d2195010dba36af7d0f284d0c7d4a6aadcb44914aabb2eb32849e398c99355d4,11.4,
4000,False,0,,False,0,Tp,884263,"[1.877688130664099, -1.6713239881361648, -1.3817229443066168, -1.6807156130581367, 0.446559097922355]","[1.858236544112481, -1.7214979258082348, -1.4026649527062163, -1.6187114226548056, 0.4317541393906607]","[0.022253970311779978, 0.2002857328060198]",1.1032841307212493e-16,0.008141230283623976,True,Tp,Tp,"[0, 0]",True,0.0,-0.05926770116045781,0.04588934407620229,0.0013766803222860688,-43.05117186685713,0.35798303739784104,0.3271666370541715,0.22253970311779978,0.35793482594043846,0.35793482594043846,20773.0,6.166810339398032e-06,0.01251478898073685,-0.000741722773396502,-0.000741722773396502,0.3576693375286467,0.12710870330343854,0.02875095779502955,9504.0,0.28638909475984453,Tp,True,True,2.864375403532904e-14,0.0015305345358820333,True,,0.9997557630914913,0.0028637746725942476,ok,,20774.0,20730.0,0.35767025552938914,-0.0007391580586052493,-43.0,True,ok,0.000244140625,400000,a286804a22f14508152ad563ac0d8401fbde1787fc16866370d6e32b31f59ec9,13.8,
4000,False,0,,False,0,Tp,884264,"[1.877688130664099, -1.6713239881361648, -1.3817229443066168, -1.6807156130581367, 0.446559097922355]","[1.8913630929583072, -1.6270581462877651, -1.4131212746633348, -1.6962351289766824, 0.4382772717757114]","[0.022253970311779978, 0.2002857328060198]",1.0901002323038256e-16,0.00862899207231089,True,Tp,Tp,"[0, 0]",True,0.0,-0.03612902595648904,0.04085893410799054,0.001225768023239716,-29.474603082726613,0.33053166637570053,0.3271666370541715,0.22253970311779978,0.3304969069668522,0.3304969069668522,16054.0,6.417896464453454e-06,0.01584225573237857,-0.0005723652685644427,-0.0005723652685644427,0.3303077420159364,0.12260742056286071,0.03990046376610429,6048.0,0.2644278944074044,Tp,True,True,6.52811138479592e-14,0.0021908801499139763,True,,0.9997411302378306,0.002903289434238372,ok,,16055.0,16025.0,0.33031165187977385,-0.0005605350100807982,-29.0,True,ok,0.000244140625,400000,1e393ec041921f523de0ff26ff18c0701a469a91754a63f8218745e6bd92376e,12.7,
4000,False,0,,False,0,Tp,884265,"[1.877688130664099, -1.6713239881361648, -1.3817229443066168, -1.6807156130581367, 0.446559097922355]","[1.8871833179443367, -1.6194344135519518, -1.3644754632118359, -1.7259252985522286, 0.44948460149478886]","[0.022253970311779978, 0.2002857328060198]",1.1046719095020308e-16,0.008544068113125303,True,Tp,Tp,"[0, 0]",True,0.0,-0.038115219082160805,0.03535297299577936,0.0010605891898733807,-35.93777821430673,0.3101189222877645,0.3271666370541715,0.22253970311779978,0.3100953134666574,0.3100953134666574,13003.0,6.467755750784732e-06,0.0196657816042148,-0.0007495655742665748,-0.0007495655742665748,0.30986287669494145,0.12316198872162924,0.05567742795618041,3686.0,0.24809961740608052,Tp,True,True,6.790124018607457e-13,0.0027439965175142245,True,,0.9997436779566062,0.00282130560046276,ok,,13004.0,12967.0,0.3098627981217338,-0.0007498189583204917,-36.0,True,ok,0.000244140625,400000,0cb92343adba27485f32d72f59c601714d1705bd8658d2fdfcfd98f1e7006999,11.9,
4000,False,0,,False,0,Tp,884266,"[1.877688130664099, -1.6713239881361648, -1.3817229443066168, -1.6807156130581367, 0.446559097922355]","[1.8797874343944003, -1.691982207746491, -1.4570849697400845, -1.6165942049617308, 0.4154972702875212]","[0.022253970311779978, 0.2002857328060198]",1.1029371860260539e-16,0.008609392297838903,True,Tp,Tp,"[0, 0]",True,0.0,-0.045990768457221935,0.048657088280815906,0.001459712648424477,-31.506727373268642,0.3638458215651859,0.3271666370541715,0.22253970311779978,0.36378835210549765,0.36378835210549765,21100.0,6.325594569389636e-06,0.011912013917874676,-0.0005478426739561794,-0.0005478426739561794,0.3635890533219261,0.123598196748297,0.026708317643152426,9934.0,0.29107756008391933,Tp,True,True,3.774758283725532e-14,0.001451179096570554,True,,0.999741718231065,0.002895329691251051,ok,,21101.0,21068.0,0.36359191116986744,-0.0005399868755919801,-32.0,True,ok,0.000244140625,400000,2a090924c582ea97ecc7c94e41f90949fff76ee373eae6123831d501c2f02d12,14.1,
4000,False,0,,False,0,Tp,884267,"[1.877688130664099, -1.6713239881361648, -1.3817229443066168, -1.6807156130581367, 0.446559097922355]","[1.8903065403477999, -1.7973786565261065, -1.3152898964819442, -1.6592231679236409, 0.47451226991832424]","[0.022253970311779978, 0.2002857328060198]",1.0880185641326534e-16,0.007594855104428437,True,Tp,Tp,"[0, 0]",True,0.0,-0.078167810524879,0.038952315586668076,0.0011685694676000422,-66.8918816486081,0.33156643943494346,0.3271666370541715,0.22253970311779978,0.33154430712402333,0.33154430712402333,15779.0,6.550180797540994e-06,0.01690663503133101,-0.0013215546437423643,-0.0013215546437423643,0.3311061532053372,0.14410428113104828,0.043984551280237906,5979.0,0.2652534571249238,Tp,True,True,1.9761969838327786e-14,0.0032965606169905737,True,,0.9997721543468672,0.0036549748353366324,ok,,15780.0,15712.0,0.3311080244976302,-0.0013159104741614636,-67.0,True,ok,0.000244140625,400000,4d31889d4977c26d42866462246fadfe3fcf3bf8bdf8b8e817c857c54ef45489,12.5,
4000,False,0,,False,0,Tp,884268,"[1.877688130664099, -1.6713239881361648, -1.3817229443066168, -1.6807156130581367, 0.446559097922355]","[1.9454529779951832, -1.6793710321526711, -1.3691351351843286, -1.7367098046416956, 0.47439084554247024]","[0.022253970311779978, 0.2002857328060198]",1.1082280926277832e-16,0.007698728622097561,True,Tp,Tp,"[0, 0]",True,0.0,-0.04316407047428613,0.03338106060972132,0.0010014318182916396,-43.10235573293495,0.31039998124310053,0.3271666370541715,0.22253970311779978,0.31038503139250634,0.31038503139250634,12588.0,6.688880986657763e-06,0.021519457261960428,-0.0009288673698236484,-0.0009288673698236484,0.31009672486476414,0.14197605766670748,0.06259680904567186,3582.0,0.24832264599076445,Tp,True,True,3.4081626409943055e-12,0.004240262475894374,True,,0.999769038141337,0.004272025670244347,ok,,12589.0,12545.0,0.31009967842721,-0.0009193515680062658,-43.0,True,ok,0.000244140625,400000,c259516c32f2c87aef8d1c3cdba8840f52480fa964c569b48d5cba020ff4dfee,11.7,
4000,False,0,,False,0,Tp,884269,"[1.877688130664099, -1.6713239881361648, -1.3817229443066168, -1.6807156130581367, 0.446559097922355]","[1.8948489842140106, -1.6256584814543407, -1.4056660306103246, -1.6978633173296425, 0.44192833529338155]","[0.022253970311779978, 0.2002857328060198]",1.107794411758789e-16,0.008771832693625272,True,Tp,Tp,"[0, 0]",True,0.0,-0.03652814683151062,0.040595582994291,0.00121786748982873,-29.993531428158587,0.3271447716440533,0.3271666370541715,0.22253970311779978,0.327109104696067,0.327109104696067,15382.0,6.493504447897536e-06,0.016299957519594857,-0.0005954072416231466,-0.0005954072416231466,0.32691434156633015,0.1218304120692269,0.041676010887538716,5595.0,0.2617198344062784,Tp,True,True,6.661338147750939e-14,0.0023185357874455637,True,,0.9997368450191912,0.00291243449358236,ok,,15383.0,15352.0,0.32691903154452406,-0.0005810695844726821,-30.0,True,ok,0.000244140625,400000,eec659d9dc38560d7b145571d9658bdd0eb305044217ade9d0814bbe0630ce5c,12.4,
4000,False,0,,False,0,Tp,884270,"[1.877688130664099, -1.6713239881361648, -1.3817229443066168, -1.6807156130581367, 0.446559097922355]","[1.883990918062333, -1.715273354222362, -1.3458376351454513, -1.6723647752483208, 0.46441265826314554]","[0.022253970311779978, 0.2002857328060198]",1.1102230246251565e-16,0.008157225905634932,True,Tp,Tp,"[0, 0]",True,0.0,-0.0645520104211326,0.03888357776544103,0.001166507332963231,-55.33785223377358,0.32597657236403943,0.3271666370541715,0.22253970311779978,0.32594642128514545,0.32594642128514545,15126.0,6.518501480133887e-06,0.017144075798421903,-0.0011066845596004178,-0.0011066845596004178,0.32558570141345217,0.13199974051876676,0.04492100052173875,5423.0,0.26078375141355237,Tp,True,True,8.615330671091215e-14,0.0027776837239437135,True,,0.9997552832228309,0.0033212697455541973,ok,,15127.0,15070.0,0.3255871547668866,-0.0011022256874069214,-56.0,True,ok,0.000244140625,400000,c3b69ec1a1418f40a231050f068e39497de92e7bc42059740313492497e948be,12.3,
4000,False,0,,False,0,Tp,884271,"[1.877688130664099, -1.6713239881361648, -1.3817229443066168, -1.6807156130581367, 0.446559097922355]","[1.8846866081243445, -1.6141740340140167, -1.4241957090354247, -1.6997508415794902, 0.4322520167014291]","[0.022253970311779978, 0.2002857328060198]",1.1074474670635937e-16,0.008668380105497066,True,Tp,Tp,"[0, 0]",True,0.0,-0.03057738778872868,0.042135382204337844,0.0012640614661301353,-24.18979504401785,0.33521192189233195,0.3271666370541715,0.22253970311779978,0.33517160028222787,0.33517160028222787,16663.0,6.444712033907285e-06,0.015211362335965435,-0.00046512372494167685,-0.00046512372494167685,0.33501570401900993,0.12280772349685112,0.0375281419805173,6556.0,0.26817208230912665,Tp,True,True,4.951594689828198e-14,0.0021792776880487086,True,,0.9997399485968351,0.0030565480954197572,ok,,16664.0,16638.0,0.3350144455024384,-0.0004688785674475948,-25.0,True,ok,0.000244140625,400000,3fe237fe62ced4bc448b75e6672f71051399b725095d44a678795f7aad58bb07,12.8,
4000,False,0,,False,0,Tp,884272,"[1.877688130664099, -1.6713239881361648, -1.3817229443066168, -1.6807156130581367, 0.446559097922355]","[1.936081871451749, -1.6800877435294828, -1.3896245205359423, -1.707682023564438, 0.4606494159984781]","[0.022253970311779978, 0.2002857328060198]",1.103457603068847e-16,0.00809509194423035,True,Tp,Tp,"[0, 0]",True,0.0,-0.043874872465006626,0.03686971995285492,0.0011060915985856476,-39.66658143060588,0.3192627377392027,0.3271666370541715,0.22253970311779978,0.31924081537629,0.31924081537629,13914.0,6.640946442320605e-06,0.018807041062445393,-0.0008251565280589343,-0.0008251565280589343,0.3189773917334594,0.13491310999069184,0.05118258203817524,4585.0,0.25541109830672015,Tp,True,True,1.7252865802674933e-13,0.0033685185033873744,True,,0.9997571472416731,0.0036767072245774348,ok,,13915.0,13874.0,0.3189804393717731,-0.0008156100096724517,-40.0,True,ok,0.000244140625,400000,985963aafac63fc6552fe753c691a0fca7caf7dcb44bb100559f82455319d406,12.0,
4000,False,0,,False,0,Tp,884273,"[1.877688130664099, -1.6713239881361648, -1.3817229443066168, -1.6807156130581367, 0.446559097922355]","[1.9055258886553306, -1.6446140833878775, -1.405772641342127, -1.685158249600216, 0.4415399570999712]","[0.022253970311779978, 0.2002857328060198]",1.0937865196902763e-16,0.008573484692804268,True,Tp,Tp,"[0, 0]",True,0.0,-0.036904801156492396,0.04016325287573901,0.0012048975862721703,-30.62899417922487,0.3278973163078547,0.3271666370541715,0.22253970311779978,0.3278628035960701,0.3278628035960701,15692.0,6.4112408379074505e-06,0.016229300766046662,-0.0005989391176798618,-0.0005989391176798618,0.3276664337377643,0.12306654203363213,0.04148139671751802,5755.0,0.2623221848351756,Tp,True,True,1.0524914273446484e-13,0.0024591781870220153,True,,0.9997427954592158,0.0030891204358300442,ok,,15693.0,15661.0,0.3276677661584917,-0.0005948751594850865,-31.0,True,ok,0.000244140625,400000,a1ea6813e19122bc68997eb54a0dde975e6592dfd90442bedb4608fa743958de,12.5,
4000,False,0,,False,0,Tp,884274,"[1.877688130664099, -1.6713239881361648, -1.3817229443066168, -1.6807156130581367, 0.446559097922355]","[1.8873980014763854, -1.6779135153620217, -1.418818034607641, -1.6548101321584598, 0.43412185030325123]","[0.022253970311779978, 0.2002857328060198]",1.0994677390741004e-16,0.008383639505368539,True,Tp,Tp,"[0, 0]",True,0.0,-0.05677144935023007,0.0426232211912216,0.001278696635736648,-44.39790311759477,0.34108680403183633,0.3271666370541715,0.22253970311779978,0.341047285257125,0.341047285257125,17824.0,6.322072449703176e-06,0.014496973633360827,-0.000823014204357965,-0.000823014204357965,0.3407665984970007,0.12526725509358352,0.035101312634310794,7346.0,0.2728701433677527,Tp,True,True,3.885780586188048e-14,0.0019597354625362495,True,,0.999748490814839,0.002959515559011078,ok,,17825.0,17779.0,0.3407688734925323,-0.0008163435882000414,-45.0,True,ok,0.000244140625,400000,ab6676bd71cf3fb8b1d48ad3997346070676fb723eaf590652c68c563b3976ba,13.1,
4000,False,0,,False,0,Tp,884275,"[1.877688130664099, -1.6713239881361648, -1.3817229443066168, -1.6807156130581367, 0.446559097922355]","[1.8709378948923199, -1.6315513346386126, -1.3923624023464591, -1.6891485450187993, 0.4368753770755996]","[0.022253970311779978, 0.2002857328060198]",1.1065801053256052e-16,0.008822634706369301,True,Tp,Tp,"[0, 0]",True,0.0,-0.050775555200787845,0.03977805036053832,0.0011933415108161495,-42.549056360288226,0.3239661377604014,0.3271666370541715,0.22253970311779978,0.32393130538782,0.32393130538782,14948.0,6.489226899831224e-06,0.016787085047277776,-0.0008523735634783729,-0.0008523735634783729,0.3236551949067244,0.12065822007680281,0.043483059494138866,5246.0,0.25917832755596965,Tp,True,True,8.304468224196171e-14,0.0022213575437790567,True,,0.9997353209588089,0.002690131759341315,ok,,14949.0,14905.0,0.32365794697877487,-0.0008438777126460462,-43.0,True,ok,0.000244140625,400000,22543219a3e277fe6e024f55ffc74c72926ed5b707d9ac0b7bf1f6d2a536b0b1,12.4,
4000,False,0,,False,0,Tp,884276,"[1.877688130664099, -1.6713239881361648, -1.3817229443066168, -1.6807156130581367, 0.446559097922355]","[1.8671477144097328, -1.6486452009878394, -1.3451104903320956, -1.7212788001581745, 0.45460769233931825]","[0.022253970311779978, 0.2002857328060198]",1.0975595432505259e-16,0.008474267818680036,True,Tp,Tp,"[0, 0]",True,0.0,-0.05160486307833068,0.035450875573766936,0.001063526267213008,-48.522415166634545,0.3101089009338719,0.3271666370541715,0.22253970311779978,0.3100845705108603,0.3100845705108603,12572.0,6.682908781130426e-06,0.020264558944873168,-0.0010457497896929411,-0.0010457497896929411,0.3097602996364615,0.1285376266565639,0.05783297624420783,3561.0,0.2480940282220101,Tp,True,True,1.0591527654923993e-13,0.0029145613656125224,True,,0.9997457719654396,0.002978511602673212,ok,,12573.0,12523.0,0.3097612395250381,-0.0010427187179598008,-49.0,True,ok,0.000244140625,400000,0e7cf951d820e7aec7d6f1f8fb770d15fe30681b3ae0ec6d75f4b79e0b28bbb9,11.9,
4000,False,0,,False,0,Tp,884277,"[1.877688130664099, -1.6713239881361648, -1.3817229443066168, -1.6807156130581367, 0.446559097922355]","[1.874155535394219, -1.6956104256615123, -1.3947848854693317, -1.6633356445415388, 0.4434455096499604]","[0.022253970311779978, 0.2002857328060198]",1.1090087181919728e-16,0.007957084550360509,True,Tp,Tp,"[0, 0]",True,0.0,-0.0568569035087728,0.040600283709296005,0.0012180085112788802,-46.68021855534852,0.3379724671792579,0.3271666370541715,0.22253970311779978,0.3379379752461,0.3379379752461,17325.0,6.33981510078041e-06,0.015402430974664679,-0.000875734531727043,-0.000875734531727043,0.33764203129159504,0.1320910964302618,0.03813794622821129,6971.0,0.2703844807510211,Tp,True,True,5.084821452783217e-14,0.0023947728043067773,True,,0.9997612874634891,0.0033898717822501904,ok,,17326.0,17278.0,0.3376457710065475,-0.0008646682555863983,-47.0,True,ok,0.000244140625,400000,988ab21b0ebfd588786be65cd5b3c4d25005ce860cf926134d398a0a4a3024f5,13.1,
4000,False,0,,False,0,Tp,884278,"[1.877688130664099, -1.6713239881361648, -1.3817229443066168, -1.6807156130581367, 0.446559097922355]","[1.9075855455086543, -1.684138734175768, -1.4482263214315707, -1.6424129050542353, 0.42967276937826526]","[0.022253970311779978, 0.2002857328060198]",1.1047586456758296e-16,0.008330756941962808,True,Tp,Tp,"[0, 0]",True,0.0,-0.035151602437012056,0.044243492945247355,0.0013273047883574206,-26.483444304087243,0.34899745070926114,0.3271666370541715,0.22253970311779978,0.3489540879250047,0.3489540879250047,19133.0,6.272010343569278e-06,0.01354153243762103,-0.0004760065646351572,-0.0004760065646351572,0.3487879834883961,0.12548155806636133,0.03186734280712628,8325.0,0.27920324614389985,Tp,True,True,4.374278717023117e-14,0.0017978811522911808,True,,0.9997500772917411,0.0029852870588575925,ok,,19134.0,19106.0,0.34878868438234634,-0.00047399800828218375,-27.0,True,ok,0.000244140625,400000,f884bb2bd9a3e60353b003b4f07aeb0968a6063a025f43fcd2772c3fb08f1d14,13.5,
4000,False,0,,False,0,Tp,884279,"[1.877688130664099, -1.6713239881361648, -1.3817229443066168, -1.6807156130581367, 0.446559097922355]","[1.9431447879313115, -1.622204547844069, -1.3828702266764514, -1.7412636565393669, 0.4658809843153229]","[0.022253970311779978, 0.2002857328060198]",1.1036527594598944e-16,0.008481057728593009,True,Tp,Tp,"[0, 0]",True,0.0,-0.042375393410806476,0.03732072364464421,0.0011196217093393263,-37.847956195679366,0.31564810406538896,0.3271666370541715,0.22253970311779978,0.3156230999674876,0.3156230999674876,13305.0,6.6963671346309535e-06,0.018949561487740622,-0.0008029951230052761,-0.0008029951230052761,0.3153696561575059,0.12940543665678067,0.05240365008393693,4156.0,0.2525228588885072,Tp,True,True,1.999067578140057e-12,0.0036522711965154553,True,,0.9997455682681415,0.0038636264556042186,ok,,13306.0,13267.0,0.3153736307640355,-0.0007904022344301653,-38.0,True,ok,0.000244140625,400000,0b63bb1a2a6c382234452bd3397c1a3af61aae4b49342c363a10911053174db2,11.9,
4000,False,0,,False,0,Tp,884280,"[1.877688130664099, -1.6713239881361648, -1.3817229443066168, -1.6807156130581367, 0.446559097922355]","[1.8758090712323907, -1.6055161340118937, -1.4770994844693726, -1.6612897673676597, 0.404816430955002]","[0.022253970311779978, 0.2002857328060198]",1.0869452039818927e-16,0.009128706666848795,True,Tp,Tp,"[0, 0]",True,0.0,-0.021728642744056993,0.050397906950047165,0.001511937208501415,-14.371392291875498,0.36600484405009204,0.3271666370541715,0.22253970311779978,0.3659416286048024,0.3659416286048024,21682.0,6.251763123401033e-06,0.011299440583070476,-0.00024552150763723743,-0.00024552150763723743,0.36585178206444013,0.11510643509550389,0.024855336803502267,10314.0,0.29280587160620797,Tp,True,True,3.1308289294429414e-14,0.001210043310766018,True,,0.9997261387999945,0.0025179954017338613,ok,,21683.0,21668.0,0.3658545369067264,-0.00023799341552921405,-14.0,True,ok,0.000244140625,400000,6ef469f687b049889b3132149d85e358150f33d3e42376876ea38e6bfadfd5e8,14.1,
4000,False,0,,False,0,Tp,884281,"[1.877688130664099, -1.6713239881361648, -1.3817229443066168, -1.6807156130581367, 0.446559097922355]","[1.8715963820656967, -1.6854615091050615, -1.364530905726491, -1.680597410918796, 0.44998663443303066]","[0.022253970311779978, 0.2002857328060198]",1.1088352458443751e-16,0.008223267848284541,True,Tp,Tp,"[0, 0]",True,0.0,-0.06056967081383268,0.03890161425370032,0.0011670484276110095,-51.89987782925255,0.32663623441616896,0.3271666370541715,0.22253970311779978,0.32660634342030054,0.32660634342030054,15452.0,6.4265237757205055e-06,0.01686019624638606,-0.001021216536500221,-0.001021216536500221,0.32627280762147387,0.12888204200721184,0.04378426148218188,5585.0,0.261313760477454,Tp,True,True,5.262457136723242e-14,0.002455995567937297,True,,0.9997533019645515,0.0030166944474567282,ok,,15453.0,15400.0,0.3262724994835186,-0.0010221599901760747,-52.0,True,ok,0.000244140625,400000,59309e753cffc15271576eb15fd071e2af60ab7c9c69df4056bd0f580c23f6e3,12.4,
4000,False,0,,False,0,Tp,884282,"[1.877688130664099, -1.6713239881361648, -1.3817229443066168, -1.6807156130581367, 0.446559097922355]","[1.9341842792459283, -1.6440108382276895, -1.3227900750646835, -1.7760518040465711, 0.4814303397522088]","[0.022253970311779978, 0.2002857328060198]",1.1060596882828122e-16,0.008014500594892742,True,Tp,Tp,"[0, 0]",True,0.0,-0.04492014513302661,0.029882322052859213,0.0008964696615857764,-50.10782523701561,0.29405249778902387,0.3271666370541715,0.22253970311779978,0.2940417926196854,0.2940417926196854,10211.0,6.7542341604920346e-06,0.025623087196991558,-0.0011509927956450568,-0.0011509927956450568,0.2937033526347616,0.13596521424467486,0.08531310267425155,1760.0,0.23524846597625035,Tp,True,True,1.2243539515566226e-12,0.003133992844664535,True,,0.9997595649821532,0.0035723970526650353,ok,,10212.0,10161.0,0.29370895999706775,-0.0011319228455667352,-50.0,True,ok,0.000244140625,400000,fc860f0b0e489b50192c26a944aa8a8067b1dba53a4d3d9a216956107082278a,11.1,
4000,False,0,,False,0,Tp,884283,"[1.877688130664099, -1.6713239881361648, -1.3817229443066168, -1.6807156130581367, 0.446559097922355]","[1.9107756749756026, -1.662446164908612, -1.4279441905627668, -1.6761651439514542, 0.43712737716438005]","[0.022253970311779978, 0.2002857328060198]",1.0992942667265026e-16,0.008249859948325047,True,Tp,Tp,"[0, 0]",True,0.0,-0.03763993400697777,0.041518725446531915,0.0012455617633959574,-30.219243327086815,0.33790856155607074,0.3271666370541715,0.22253970311779978,0.3378731352472637,0.3378731352472637,17356.0,6.324965747644961e-06,0.015029317130094599,-0.0005657025049467013,-0.0005657025049467013,0.33768199956830014,0.12709401182958935,0.036980280094328445,6980.0,0.27033157590286666,Tp,True,True,4.285460875053104e-14,0.0022146736454220495,True,,0.9997525042015503,0.003171118658040055,ok,,17357.0,17326.0,0.3376859570118446,-0.0005539896958132173,-30.0,True,ok,0.000244140625,400000,c9afe5fba90c5e8f993b6ca3349f0df0af3092020cccf3879de1f79f47601ae5,13.0,
4000,False,0,,False,0,Tp,884284,"[1.877688130664099, -1.6713239881361648, -1.3817229443066168, -1.6807156130581367, 0.446559097922355]","[1.8990856871654498, -1.7286152436063171, -1.298532014904727, -1.7268529432455548, 0.4887922691027322]","[0.022253970311779978, 0.2002857328060198]",1.0831613383999183e-16,0.007834832370155186,True,Tp,Tp,"[0, 0]",True,0.0,-0.06607961489118482,0.03273351553438792,0.0009820054660316375,-67.29047564085138,0.30550951955627814,0.3271666370541715,0.22253970311779978,0.30549519918074536,0.30549519918074536,11607.0,6.849013331162724e-06,0.022830200029442527,-0.0015086108258342784,-0.0015086108258342784,0.30503432581602086,0.1428971143759117,0.06901628616684029,2963.0,0.24441287246844123,Tp,True,True,7.995826223350377e-13,0.003678489150489961,True,,0.9997649550288954,0.0036792543366377783,ok,,11608.0,11540.0,0.30503692585566683,-0.0015000999240167845,-67.0,True,ok,0.000244140625,400000,c42fd71d3f547176ca6c2cdc3fe3e83a121b86c0014e01fdf357bc93e5818708,11.4,
4000,False,0,,False,0,Tp,884285,"[1.877688130664099, -1.6713239881361648, -1.3817229443066168, -1.6807156130581367, 0.446559097922355]","[1.8458890116445552, -1.626885960356606, -1.4128949710889147, -1.671677981881215, 0.4241877899859364]","[0.022253970311779978, 0.2002857328060198]",1.1087918777574756e-16,0.008739303568755552,True,Tp,Tp,"[0, 0]",True,0.0,-0.04608415822508272,0.042090415873857305,0.001262712476215719,-36.49616131393146,0.3363646445324691,0.3271666370541715,0.22253970311779978,0.33632138519258337,0.33632138519258337,17175.0,6.324927911344202e-06,0.01489349504941888,-0.0006863541823819059,-0.0006863541823819059,0.3360905496032319,0.11921182838143096,0.036278156046179434,6832.0,0.2690964259003684,Tp,True,True,3.530509218307998e-14,0.001823425613274754,True,,0.9997378208929373,0.0026565945864536525,ok,,17176.0,17138.0,0.3360896890696465,-0.0006889128468717809,-37.0,True,ok,0.000244140625,400000,86bbbe10316db159763d4709a59e0d1c135e6efb7c07c21d5db077dd421d3f75,12.9,
4000,False,0,,False,0,Tp,884286,"[1.877688130664099, -1.6713239881361648, -1.3817229443066168, -1.6807156130581367, 0.446559097922355]","[1.897846339574034, -1.6915063462019606, -1.3577633919118999, -1.7032853352025787, 0.46840118946821446]","[0.022253970311779978, 0.2002857328060198]",1.1013759348976749e-16,0.008162783274693058,True,Tp,Tp,"[0, 0]",True,0.0,-0.05349744175590559,0.03630531793251203,0.0010891595379753608,-49.11809509133254,0.31593699740798153,0.3271666370541715,0.22253970311779978,0.3159118688810294,0.3159118688810294,13153.0,6.791829296259322e-06,0.019739189672444334,-0.0010559961498103638,-0.0010559961498103638,0.31557826716381165,0.13646350958460002,0.054822285506649235,4127.0,0.25275491364916575,Tp,True,True,9.672262990534364e-13,0.0036183564036165183,True,,0.9997551165017592,0.003804467665845781,ok,,13154.0,13105.0,0.31558594386852445,-0.0010316960032535905,-48.0,True,ok,0.000244140625,400000,bc1994d6bd9efdc4af1b76c666d6465b463eb0df6c9ac8fb2532a1880b10efd5,11.9,
4000,False,0,,False,0,Tp,884287,"[1.877688130664099, -1.6713239881361648, -1.3817229443066168, -1.6807156130581367, 0.446559097922355]","[1.8797252683243137, -1.5676723598021642, -1.3935910951256656, -1.7417559449266775, 0.4383017307797169]","[0.022253970311779978, 0.2002857328060198]",1.0949574580365606e-16,0.008852812038969942,True,Tp,Tp,"[0, 0]",True,0.0,-0.03388431155786464,0.039060559859200567,0.001171816795776017,-28.91604872024837,0.3208356177354925,0.3271666370541715,0.22253970311779978,0.3208039073033029,0.3208039073033029,14621.0,6.436176744908928e-06,0.017120978980582225,-0.0005801325859536998,-0.0005801325859536998,0.32061779850297495,0.11901854503691593,0.04505346166131247,4933.0,0.25667396423698646,Tp,True,True,2.036149027162537e-13,0.0023745065451792335,True,,0.9997344156388309,0.0027839984975410645,ok,,14622.0,14592.0,0.3206194459619976,-0.0005749971777335716,-29.0,True,ok,0.000244140625,400000,1aa321073a0b8a4012145d72abf380197492361b17c9d32fe658db589ef94a36,12.3,
4000,False,0,,False,0,Tp,884288,"[1.877688130664099, -1.6713239881361648, -1.3817229443066168, -1.6807156130581367, 0.446559097922355]","[1.8412407220418114, -1.688889215527155, -1.3687900919984055, -1.6636726944628415, 0.44345062490206355]","[0.022253970311779978, 0.2002857328060198]",1.0929137369414254e-16,0.008093481256814118,True,Tp,Tp,"[0, 0]",True,0.0,-0.06211737086974101,0.04071877882796699,0.0012215633648390096,-50.85071528641291,0.33714741864518116,0.3271666370541715,0.22253970311779978,0.33711377546401755,0.33711377546401755,17399.0,6.272096760328028e-06,0.01523071356266792,-0.0009460918829830376,-0.0009460918829830376,0.3367948348574093,0.12828509332259078,0.03761339201228394,6956.0,0.26972289262212956,Tp,True,True,2.7755575615628914e-14,0.002023669907607495,True,,0.9997571955622956,0.0029246452641105846,ok,,17400.0,17348.0,0.33679528507846074,-0.0009447563663586012,-51.0,True,ok,0.000244140625,400000,66e5dece0f9af8312ae6116b64cb5e6185c160e6734b9fdf5aca182341e2db9b,12.9,
4000,False,0,,False,0,Tp,884289,"[1.877688130664099, -1.6713239881361648, -1.3817229443066168, -1.6807156130581367, 0.446559097922355]","[1.8665665198442267, -1.646676517736, -1.4670391725080967, -1.626204554845528, 0.40905540695017584]","[0.022253970311779978, 0.2002857328060198]",1.1029371860260539e-16,0.008976346422684462,True,Tp,Tp,"[0, 0]",True,0.0,-0.02061652001284729,0.04873374058335236,0.0014620122175005707,-14.101469034296384,0.3621276670431397,0.3271666370541715,0.22253970311779978,0.36206466698988377,0.36206466698988377,21156.0,6.248783155843874e-06,0.011804791126665807,-0.0002433737125103877,-0.0002433737125103877,0.3619765499677096,0.11643762430819206,0.026257242380634496,9895.0,0.2897074934986538,Tp,True,True,3.419486915845482e-14,0.0013204175578716004,True,,0.9997307096073195,0.0026224381256936013,ok,,21157.0,21142.0,0.36198159961974796,-0.00022942688892124696,-14.0,True,ok,0.000244140625,400000,1698a5296cfe1c7ae91c6289fa2be787f2ed182c64abdbe2d6cc2f7bc4e550e5,14.0,
4000,False,0,,False,0,Tp,884290,"[1.877688130664099, -1.6713239881361648, -1.3817229443066168, -1.6807156130581367, 0.446559097922355]","[1.8384452882713405, -1.7167367564996023, -1.4066511660425611, -1.6033829891931275, 0.4266196422857683]","[0.022253970311779978, 0.2002857328060198]",1.1015494072452725e-16,0.008457893552201466,True,Tp,Tp,"[0, 0]",True,0.0,-0.053372229154124526,0.048754992152991686,0.0014626497645897506,-36.49009519999107,0.36621467855027345,0.3271666370541715,0.22253970311779978,0.3661536840029762,0.3661536840029762,22005.0,6.1603605974769325e-06,0.011502768533414835,-0.0006139283980722695,-0.0006139283980722695,0.365928891858308,0.12280000404722895,0.025652823770341032,10469.0,0.2929751863236393,Tp,True,True,2.7533531010703882e-14,0.0012007278541119604,True,,0.999746263193434,0.00248997297986724,ok,,22006.0,21968.0,0.36592674161023986,-0.0006198009269093863,-37.0,True,ok,0.000244140625,400000,3a1c5de1a83157a3d7647e231f80502839ef834d45b5a0f66de5393f77b935a7,14.2,
4000,False,0,,False,0,Tp,884291,"[1.877688130664099, -1.6713239881361648, -1.3817229443066168, -1.6807156130581367, 0.446559097922355]","[1.896640196094126, -1.683327847243574, -1.4407595238106903, -1.6402166633901745, 0.42918233357291935]","[0.022253970311779978, 0.2002857328060198]",1.1075992553677417e-16,0.008585209868190514,True,Tp,Tp,"[0, 0]",True,0.0,-0.050135923422960346,0.045161501419645464,0.0013548450425893638,-37.00491336421851,0.3480796552158934,0.3271666370541715,0.22253970311779978,0.3480318497267283,0.3480318497267283,18508.0,6.432418122355732e-06,0.01364161066600434,-0.0006839347477166327,-0.0006839347477166327,0.3477938186513881,0.12503293635407592,0.03218030937465253,8003.0,0.2784674783424118,Tp,True,True,4.6407322429331543e-14,0.0018688494390581845,True,,0.9997424437039543,0.003061265048006667,ok,,18509.0,18471.0,0.34779815397235825,-0.0006714780688995559,-37.0,True,ok,0.000244140625,400000,2cdc98d99681bc7c0e5cacec85b7a51ca14c08381cacb69e3fe02682fdaa5217,13.3,
4000,False,0,,False,0,Tp,884292,"[1.877688130664099, -1.6713239881361648, -1.3817229443066168, -1.6807156130581367, 0.446559097922355]","[1.8834102788808387, -1.6107472016154056, -1.4204529033415048, -1.699825324109372, 0.42982869888161884]","[0.022253970311779978, 0.2002857328060198]",1.0946105133413653e-16,0.008617657687517355,True,Tp,Tp,"[0, 0]",True,0.0,-0.032168304311036226,0.041442320424460555,0.0012432696127338166,-25.8739568485886,0.33378980170367123,0.3271666370541715,0.22253970311779978,0.33375363387279294,0.33375363387279294,16781.0,6.326292972243519e-06,0.015246072420217869,-0.0004904402971616649,-0.0004904402971616649,0.3335899476414176,0.12096609350107382,0.037743864333887316,6523.0,0.26703260339195406,Tp,True,True,4.9960036108132044e-14,0.0020215872508528854,True,,0.9997414702693744,0.002823373044720772,ok,,16782.0,16755.0,0.33359009794015654,-0.0004899899687645926,-26.0,True,ok,0.000244140625,400000,4d8dfe8b619f26b779e86abc09fa6bd2cddd1bd9d6c07ff6cbe113a491ec4f30,12.9,
4000,False,0,,False,0,Tp,884293,"[1.877688130664099, -1.6713239881361648, -1.3817229443066168, -1.6807156130581367, 0.446559097922355]","[1.8539132029205927, -1.7221309676093985, -1.3800986532174497, -1.6370869219938313, 0.44460899539676435]","[0.022253970311779978, 0.2002857328060198]",1.091488011084607e-16,0.008273102506018282,True,Tp,Tp,"[0, 0]",True,0.0,-0.05523696788003924,0.04411534508988795,0.0013234603526966384,-41.73677569372611,0.34638197466407844,0.3271666370541715,0.22253970311779978,0.34633665831133525,0.34633665831133525,18192.0,6.449191441657565e-06,0.014070057464723,-0.0007771873122492107,-0.0007771873122492107,0.3460674898547289,0.1303614092343953,0.03369300467822892,7774.0,0.27711120747950113,Tp,True,True,5.750955267558311e-14,0.0019440362272042933,True,,0.9997518069248195,0.003081113390066597,ok,,18193.0,18150.0,0.3460678513032256,-0.0007761436788710219,-42.0,True,ok,0.000244140625,400000,631aa7edb3d6bb0a67acee701f88db361f027bb1da7506582418510dc093224e,13.2,
4000,False,0,,False,0,Tp,884294,"[1.877688130664099, -1.6713239881361648, -1.3817229443066168, -1.6807156130581367, 0.446559097922355]","[1.8748013087297304, -1.6339542875774826, -1.3683161635369467, -1.7126396618529578, 0.4461184229632199]","[0.022253970311779978, 0.2002857328060198]",1.095304402731756e-16,0.008645931274170588,True,Tp,Tp,"[0, 0]",True,0.0,-0.05006221653647211,0.03682538075837981,0.0011047614227513941,-45.314957153185894,0.31390944292402045,0.3271666370541715,0.22253970311779978,0.3138813170083029,0.3138813170083029,13250.0,6.612319652569143e-06,0.019068646739263572,-0.0009546187221185058,-0.0009546187221185058,0.31358168002656356,0.12480109328413513,0.052718436580848516,4026.0,0.2511277442691158,Tp,True,True,1.2656542480726785e-13,0.0027389002979203436,True,,0.9997406220617748,0.002899737547640764,ok,,13251.0,13204.0,0.3135829908611822,-0.0009504425110872239,-46.0,True,ok,0.000244140625,400000,1742f556c65a15d64d3d0224bf7d2870f788f8ff7c4cb839fe8135c79443f014,11.8,
4000,False,0,,False,0,Tp,884295,"[1.877688130664099, -1.6713239881361648, -1.3817229443066168, -1.6807156130581367, 0.446559097922355]","[1.8582116206524124, -1.7363798689090513, -1.3633725976241322, -1.6441037015490565, 0.44789859734938603]","[0.022253970311779978, 0.2002857328060198]",1.1046719095020308e-16,0.008105443295306417,True,Tp,Tp,"[0, 0]",True,0.0,-0.06190218803471147,0.04275838267908969,0.0012827514803726908,-48.25735068863565,0.34230757410457413,0.3271666370541715,0.22253970311779978,0.34227012742982266,0.34227012742982266,17641.0,6.433421736155021e-06,0.014653133318884303,-0.0009070610140032719,-0.0009070610140032719,0.3419596675409731,0.13268928820246256,0.03580031611880555,7324.0,0.27384710461248124,Tp,True,True,3.530509218307998e-14,0.002031271365626086,True,,0.9997568367011408,0.003022604549345968,ok,,17642.0,17593.0,0.3419629118773137,-0.000897582137289965,-48.0,True,ok,0.000244140625,400000,81d4cbf11fb86c406eab8d1eddf829b96493860d86a5ae206a388acc9733c884,13.0,
4000,False,0,,False,0,Tp,884296,"[1.877688130664099, -1.6713239881361648, -1.3817229443066168, -1.6807156130581367, 0.446559097922355]","[1.9076110746134054, -1.671345575274318, -1.2870566580849307, -1.7744939654107985, 0.49279272372762745]","[0.022253970311779978, 0.2002857328060198]",1.0966921815125374e-16,0.007829258718996097,True,Tp,Tp,"[0, 0]",True,0.0,-0.06211754578438567,0.028294018997295018,0.0008488205699188505,-73.18100902093391,0.29041337831117287,0.3271666370541715,0.22253970311779978,0.29040516734962585,0.29040516734962585,9690.0,6.763058844828085e-06,0.02743613498702829,-0.0017042653712033154,-0.0017042653712033154,0.2899102398792934,0.13904713186793802,0.09556252349076322,1356.0,0.23233587853619328,Tp,True,True,1.8198775819655566e-12,0.002678320752947938,True,,0.9997651222384302,0.0034618012041822796,ok,,9691.0,9617.0,0.28991786395377606,-0.0016780121383416224,-73.0,True,ok,0.000244140625,400000,186ab8f68b4f7534a3530658c9239b6fa1bca1c5cd21754a4497a4157c81091c,11.0,
4000,False,0,,False,0,Tp,884297,"[1.877688130664099, -1.6713239881361648, -1.3817229443066168, -1.6807156130581367, 0.446559097922355]","[1.907343953887337, -1.6627726588907594, -1.3166091183556334, -1.7558659148946199, 0.4809648182440524]","[0.022253970311779978, 0.2002857328060198]",1.1046719095020308e-16,0.008076301775108487,True,Tp,Tp,"[0, 0]",True,0.0,-0.0568817641654991,0.030711528155499563,0.0009213458446649869,-61.73769002689976,0.2965233484682524,0.3271666370541715,0.22253970311779978,0.29650983451890356,0.29650983451890356,10479.0,6.8019622124965155e-06,0.024898456830619094,-0.0014162681495241355,-0.0014162681495241355,0.29608989708425376,0.13613540132803997,0.08060121269115522,2017.0,0.2372207677629562,Tp,True,True,1.0200729150255938e-12,0.0032645628490044487,True,,0.9997577109467468,0.0035044722055001852,ok,,10480.0,10418.0,0.29609644586381273,-0.0013941819358591623,-61.0,True,ok,0.000244140625,400000,a7e6473fe54df1ef011747c89dd099c1882c020d78369cbcb6e23f9d8df693fc,11.1,
4000,False,0,,False,0,Tp,884298,"[1.877688130664099, -1.6713239881361648, -1.3817229443066168, -1.6807156130581367, 0.446559097922355]","[1.8657186870263651, -1.6648310526617167, -1.3352093757410282, -1.7135535485611542, 0.45935682266208316]","[0.022253970311779978, 0.2002857328060198]",1.0878017236981564e-16,0.008420401082734461,True,Tp,Tp,"[0, 0]",True,0.0,-0.06012509344430888,0.03596042745726076,0.0010788128237178229,-55.73264622226567,0.3123939526075951,0.3271666370541715,0.22253970311779978,0.3123706971772731,0.3123706971772731,12976.0,6.633164541504088e-06,0.019683593312319232,-0.0011834778872229672,-0.0011834778872229672,0.3120010133645474,0.12881815605132077,0.05540322801786566,3835.0,0.24991591911649294,Tp,True,True,1.9229062786507711e-13,0.002783338602762475,True,,0.9997473879675179,0.0029063830975532795,ok,,12977.0,12920.0,0.3120004791741564,-0.0011851880040675278,-56.0,True,ok,0.000244140625,400000,80e343904de4a2f1284854c2fcd7c25b4d8396acd78d0fd69c7a437c48f02ea1,11.8,
4000,False,0,,False,0,Tp,884299,"[1.877688130664099, -1.6713239881361648, -1.3817229443066168, -1.6807156130581367, 0.446559097922355]","[1.867168876210168, -1.6643533245559188, -1.3813645025362944, -1.6804198280249802, 0.4430169662561113]","[0.022253970311779978, 0.2002857328060198]",1.095304402731756e-16,0.008636152618707085,True,Tp,Tp,"[0, 0]",True,0.0,-0.05082973933218962,0.04026710311979351,0.0012080130935938052,-42.07714270792593,0.326896555162801,0.3271666370541715,0.22253970311779978,0.32686100873532986,0.32686100873532986,15115.0,6.587260073496748e-06,0.01668284258849095,-0.0008479845400929466,-0.0008479845400929466,0.3265838356531631,0.12572114181213678,0.04294579706950576,5480.0,0.26151928918596645,Tp,True,True,4.063416270128073e-14,0.0023406203261449043,True,,0.9997409154214388,0.002892527322748014,ok,,15116.0,15073.0,0.32658563787161543,-0.0008424708250760471,-42.0,True,ok,0.000244140625,400000,ea143c41e02444d042b5c2210327d2b56712da78034f5c96e011ad52b4a7cb71,12.5,
4000,False,0,,False,0,Tp,884300,"[1.877688130664099, -1.6713239881361648, -1.3817229443066168, -1.6807156130581367, 0.446559097922355]","[1.9234116516529094, -1.656914611038588, -1.3362543772461448, -1.7529244734787808, 0.47577900440647525]","[0.022253970311779978, 0.2002857328060198]",1.1057127435876169e-16,0.008026412213841242,True,Tp,Tp,"[0, 0]",True,0.0,-0.044757081020938505,0.031189195138131516,0.0009356758541439454,-47.833959616161074,0.29913229836018523,0.3271666370541715,0.22253970311779978,0.29911944492983117,0.29911944492983117,11037.0,6.679657649107384e-06,0.023866247260324967,-0.0010681835622961162,-0.0010681835622961162,0.298799930455594,0.13478264302536694,0.07523865622302438,2344.0,0.23930990566349072,Tp,True,True,1.248112724283601e-12,0.0033549478026910773,True,,0.9997592076335847,0.003456577117044561,ok,,11038.0,10989.0,0.2988012379531967,-0.001063812406809972,-48.0,True,ok,0.000244140625,400000,efc03d6991e2044aad88fb71ae9d69bdfddcd5c3e9b63e5562ab1e406a062046,11.3,
4000,False,0,,False,0,Tp,884301,"[1.877688130664099, -1.6713239881361648, -1.3817229443066168, -1.6807156130581367, 0.446559097922355]","[1.8707838994818016, -1.6570078930188727, -1.3597231871542994, -1.6956058203738553, 0.4503715962812879]","[0.022253970311779978, 0.2002857328060198]",1.0899267599562279e-16,0.008703241427156588,True,Tp,Tp,"[0, 0]",True,0.0,-0.056683109717883706,0.03853649293058126,0.0011560947879174378,-49.029811664484136,0.31894953336828,0.3271666370541715,0.22253970311779978,0.3189189673441417,0.3189189673441417,13922.0,6.621972203088022e-06,0.017960298938692956,-0.0010180455953079232,-0.0010180455953079232,0.3185942932941769,0.12485625020177199,0.048233249995641374,4571.0,0.2551598054752572,Tp,True,True,1.0702549957386509e-13,0.0025219856672566987,True,,0.9997389027571854,0.0028319406080043515,ok,,13923.0,13872.0,0.3185917702637103,-0.0010259567913322165,-50.0,True,ok,0.000244140625,400000,47861e33b3679fb9d20c7e2e83e37edaa154cbfbae91368439f6b95bb7804916,12.1,
4000,False,0,,False,0,Tp,884302,"[1.877688130664099, -1.6713239881361648, -1.3817229443066168, -1.6807156130581367, 0.446559097922355]","[1.8698215324354717, -1.5974296324957071, -1.3080772410977024, -1.7815905666874794, 0.468496421627591]","[0.022253970311779978, 0.2002857328060198]",1.1064066329780076e-16,0.008636770382444757,True,Tp,Tp,"[0, 0]",True,0.0,-0.05311337793497975,0.030047500044252988,0.0009014250013275896,-58.92157179660658,0.28946297433452167,0.3271666370541715,0.22253970311779978,0.28944888383037126,0.28944888383037126,9531.0,6.7884765180603605e-06,0.026017816220885438,-0.0013818941059827348,-0.0013818941059827348,0.2890488961238228,0.1261409009378201,0.08957366875092565,1249.0,0.23157431239815743,Tp,True,True,6.24389429049188e-13,0.002044004202810923,True,,0.9997408968885269,0.002647900787066988,ok,,9532.0,9472.0,0.28904946704209183,-0.0013799216738852316,-59.0,True,ok,0.000244140625,400000,b5ab8c7d95e284e7fbe83b2e85c86c24de25e0db17079eb395148af27cf09f99,11.4,
4000,False,0,,False,0,Tp,884303,"[1.877688130664099, -1.6713239881361648, -1.3817229443066168, -1.6807156130581367, 0.446559097922355]","[1.9296069717564541, -1.5913793023236538, -1.3566538192744921, -1.76969338259617, 0.46436130746306337]","[0.022253970311779978, 0.2002857328060198]",1.1068836819339011e-16,0.008546261780323213,True,Tp,Tp,"[0, 0]",True,0.0,-0.044710107510665294,0.03457205823947447,0.0010371617471842342,-43.108133935760456,0.3055693333273208,0.3271666370541715,0.22253970311779978,0.30555094770104163,0.30555094770104163,12129.0,6.576995087989035e-06,0.020753788749381104,-0.000927904126238465,-0.000927904126238465,0.30526742571589377,0.12509027383919558,0.06123664639342142,3107.0,0.24445624605104269,Tp,True,True,2.277955601925896e-12,0.0031259130483720643,True,,0.99974361214659,0.00312873103795248,ok,,12130.0,12086.0,0.30526839964940644,-0.0009247166594018585,-43.0,True,ok,0.000244140625,400000,553b81afc8fabe469bb3b932505fffefbd20d53df083a8f453893861c325d14c,11.9,
4000,False,0,,False,0,Tp,884304,"[1.877688130664099, -1.6713239881361648, -1.3817229443066168, -1.6807156130581367, 0.446559097922355]","[1.9119642968968875, -1.652966289587202, -1.311369417740412, -1.7769097782175223, 0.4840145831981386]","[0.022253970311779978, 0.2002857328060198]",1.1011157263762783e-16,0.007949227003572161,True,Tp,Tp,"[0, 0]",True,0.0,-0.05445798340171809,0.028772385363829533,0.000863171560914886,-63.090567237870324,0.29100188426594925,0.3271666370541715,0.22253970311779978,0.2909913721053532,0.2909913721053532,9661.0,6.841292780946362e-06,0.02723710477678141,-0.0014832777998448187,-0.0014832777998448187,0.29055975106316295,0.1385414057631432,0.09393673440613139,1405.0,0.23280571680624695,Tp,True,True,7.354117315117037e-13,0.0028433172248194527,True,,0.9997615231898931,0.003604991723750555,ok,,9662.0,9599.0,0.29056927220816553,-0.0014505581183859029,-62.0,True,ok,0.000244140625,400000,e6e774ac58af0b2ed83c48891398e8ad32991e4a425990f6b699a9729fb7f254,11.4,
4000,False,0,,False,0,Tp,884305,"[1.877688130664099, -1.6713239881361648, -1.3817229443066168, -1.6807156130581367, 0.446559097922355]","[1.8458826715928767, -1.6425119329843623, -1.3863590626683486, -1.6740664799762424, 0.4355190222632912]","[0.022253970311779978, 0.2002857328060198]",1.1095291352347658e-16,0.008644551683402222,True,Tp,Tp,"[0, 0]",True,0.0,-0.05359773479326109,0.04108518344186843,0.0012325555032560527,-43.48504765235438,0.332125802269016,0.3271666370541715,0.22253970311779978,0.3320862823563755,0.3320862823563755,16501.0,6.339250073734148e-06,0.015487469455952486,-0.000830093280518873,-0.000830093280518873,0.331810619764839,0.12075956624335356,0.03860090001724997,6317.0,0.26570485048329684,Tp,True,True,4.8405723873656825e-14,0.0019512541413855278,True,,0.999740663449498,0.002680539864587415,ok,,16502.0,16458.0,0.33181399825588453,-0.0008199197466360886,-43.0,True,ok,0.000244140625,400000,10b195f3c1402d7dbed28537a52fd96b9eb006c3224560e48c67ef130e5aebee,13.1,
4000,False,0,,False,0,Tp,884306,"[1.877688130664099, -1.6713239881361648, -1.3817229443066168, -1.6807156130581367, 0.446559097922355]","[1.8076208538455334, -1.7086674171554987, -1.4313434661996145, -1.5764913667858773, 0.40185655634664574]","[0.022253970311779978, 0.2002857328060198]",1.0944370409937677e-16,0.008903494857308899,True,Tp,Tp,"[0, 0]",True,0.0,-0.03961587755413519,0.05530805054602499,0.0016592415163807495,-23.87589580120201,0.3911053676999888,0.3271666370541715,0.22253970311779978,0.3910237313211198,0.3910237313211198,25731.0,6.132952185010643e-06,0.00945272138298302,-0.0003744778528616107,-0.0003744778528616107,0.39087730159379674,0.11796292504562877,0.019747720409444107,13371.0,0.3128868320861729,Tp,True,True,3.064215547965432e-14,0.0011296781205788475,True,,0.9997328951542805,0.0022200808805562166,ok,,25732.0,25707.0,0.390879068429304,-0.00036995936621808667,-24.0,True,ok,0.000244140625,400000,d47b9ba926dbe0fffc82fcb29fdb44583e45c4c3b0031c49abe4774015fa79e6,15.6,
4000,False,0,,False,0,Tp,884307,"[1.877688130664099, -1.6713239881361648, -1.3817229443066168, -1.6807156130581367, 0.446559097922355]","[1.8807080203736966, -1.6135105102677314, -1.3398920955199625, -1.7618225644073404, 0.46355725028547123]","[0.022253970311779978, 0.2002857328060198]",1.1005085731596864e-16,0.008323646721192814,True,Tp,Tp,"[0, 0]",True,0.0,-0.036887885135995606,0.031980830458118295,0.0009594249137435488,-38.447912502150864,0.29960857732054047,0.3271666370541715,0.22253970311779978,0.2995924096855296,0.2995924096855296,11113.0,6.682986548727232e-06,0.02325031221302425,-0.0008576548462900743,-0.0008576548462900743,0.2993354628034511,0.1297072995638139,0.07215132544396889,2402.0,0.23969293463384622,Tp,True,True,5.739853037312059e-13,0.003116395220763568,True,,0.9997502905983642,0.0031650397787460227,ok,,11114.0,11075.0,0.2993395334909432,-0.0008440674276487536,-38.0,True,ok,0.000244140625,400000,b710f925a6f6a393d4cecbdada364fce67bf44589e70aeddee0bc42f8a4d3435,11.8,
4000,False,0,,False,0,Tp,884308,"[1.877688130664099, -1.6713239881361648, -1.3817229443066168, -1.6807156130581367, 0.446559097922355]","[1.9074224087968303, -1.708432286609671, -1.4182374362170294, -1.6508416414868121, 0.44399580538766165]","[0.022253970311779978, 0.2002857328060198]",1.0887124535230441e-16,0.008041473324421584,True,Tp,Tp,"[0, 0]",True,0.0,-0.0605745785628199,0.04211698542768265,0.0012635095628304794,-47.94152758695581,0.34232938297901666,0.3271666370541715,0.22253970311779978,0.34229310688874565,0.34229310688874565,17837.0,6.37640925373939e-06,0.014743462747208462,-0.0008930790424687875,-0.0008930790424687875,0.3419874120886018,0.13203338705541984,0.03590796005978556,7416.0,0.2738699287314944,Tp,True,True,5.706546346573305e-14,0.0023171105642474377,True,,0.9997587558002674,0.0034550657223582186,ok,,17838.0,17789.0,0.3419880350444445,-0.0008912590939211817,-48.0,True,ok,0.000244140625,400000,14de57b2dacdbb1fc8720dcd646d1f40716fd8b3698f89b7d4441900f6c8ef02,13.5,
4000,False,0,,False,0,Tp,884309,"[1.877688130664099, -1.6713239881361648, -1.3817229443066168, -1.6807156130581367, 0.446559097922355]","[1.8198302845306822, -1.7168810464468567, -1.356463232119383, -1.6414138119302855, 0.43987944942691276]","[0.022253970311779978, 0.2002857328060198]",1.1059078999786642e-16,0.008247543892873231,True,Tp,Tp,"[0, 0]",True,0.0,-0.05921103407059452,0.04386046146511885,0.0013158138439535653,-44.99955243872937,0.34630262208580365,0.3271666370541715,0.22253970311779978,0.3462598367069563,0.3462598367069563,18480.0,6.345589848948396e-06,0.01392757245685369,-0.0008246659672634376,-0.0008246659672634376,0.34597428800379393,0.12864484655837305,0.033310680440542514,7892.0,0.2770423418748103,Tp,True,True,2.6645352591003757e-14,0.00169359043465378,True,,0.9997525736832137,0.0027343979641390793,ok,,18481.0,18434.0,0.34597279788105956,-0.0008289694485695831,-46.0,True,ok,0.000244140625,400000,700b33fb1c841c32b764e409c3479b45af8858bbf9f823298052955e6f4b4b66,13.6,
4000,False,0,,False,0,Tp,884310,"[1.877688130664099, -1.6713239881361648, -1.3817229443066168, -1.6807156130581367, 0.446559097922355]","[1.9049542673907247, -1.6649551571816543, -1.3719944747188924, -1.7131057483137138, 0.46287961248567794]","[0.022253970311779978, 0.2002857328060198]",1.1043249648068353e-16,0.008070286364208808,True,Tp,Tp,"[0, 0]",True,0.0,-0.05460827897828366,0.03519261399349293,0.001055778419804788,-51.72323846928094,0.3140963033607115,0.3271666370541715,0.22253970311779978,0.31407366352140015,0.31407366352140015,13276.0,6.611538567758424e-06,0.019938764072332523,-0.0010888215909441135,-0.0010888215909441135,0.3137316933354111,0.1337617297011276,0.05576743978157139,4046.0,0.25127905014100826,Tp,True,True,9.965361869035405e-13,0.003604099880766931,True,,0.9997578914090738,0.0037591992911598726,ok,,13277.0,13224.0,0.3137357109891172,-0.0010760295164320421,-52.0,True,ok,0.000244140625,400000,fce33daa35fbe207299a3d51a16ce82a7e47fc22a3e5e6d07ca36e99914a7f6e,12.3,
4000,False,0,,False,0,Tp,884311,"[1.877688130664099, -1.6713239881361648, -1.3817229443066168, -1.6807156130581367, 0.446559097922355]","[1.8409954241561313, -1.639768226940218, -1.4836717451339922, -1.6118581436202268, 0.3879098930272173]","[0.022253970311779978, 0.2002857328060198]",1.1098760799299611e-16,0.009071224017976397,True,Tp,Tp,"[0, 0]",True,0.0,-0.033596976205055244,0.05166571977807449,0.0015499715933422348,-21.67586577029416,0.37738809398865825,0.3271666370541715,0.22253970311779978,0.3773197155039494,0.3773197155039494,23995.0,6.09075134543946e-06,0.010414481016185041,-0.0003498950708887684,-0.0003498950708887684,0.3771876931953454,0.1130841753176911,0.022170079494203524,11956.0,0.30191641248256446,Tp,True,True,1.9539925233402755e-14,0.0011800282100681292,True,,0.9997278632794607,0.002243429292763206,ok,,23996.0,23973.0,0.3771883648888098,-0.0003481149002886319,-22.0,True,ok,0.000244140625,400000,cf136ae087d87de8f80d364e72d0a985d438db2347b1ca165644031777a78806,15.1,
4000,False,0,,False,0,Tp,884312,"[1.877688130664099, -1.6713239881361648, -1.3817229443066168, -1.6807156130581367, 0.446559097922355]","[1.8971360985858094, -1.7407278692227934, -1.3506251768808908, -1.6719730268944628, 0.46639003978206495]","[0.022253970311779978, 0.2002857328060198]",1.0921819004749978e-16,0.007873196714711829,True,Tp,Tp,"[0, 0]",True,0.0,-0.07179878656210845,0.03857963886321873,0.0011573891658965619,-62.03512930457588,0.3281862011754906,0.3271666370541715,0.22253970311779978,0.32816228146628224,0.32816228146628224,15419.0,6.5177391824827735e-06,0.017160459097727065,-0.0012321001400654977,-0.0012321001400654977,0.3277579526733234,0.1373306774175649,0.04480499242858411,5657.0,0.2625498505965864,Tp,True,True,2.531308496145357e-14,0.0027598060995124296,True,,0.9997638040985587,0.003354529901519218,ok,,15420.0,15357.0,0.32775848069681834,-0.001230491108422438,-62.0,True,ok,0.000244140625,400000,d600c937980b6febba34118b0910d851b43bed918d8be9e17db88f94cd9c9004,12.9,
4000,False,0,,False,0,Tp,884313,"[1.877688130664099, -1.6713239881361648, -1.3817229443066168, -1.6807156130581367, 0.446559097922355]","[1.8516953360029205, -1.6767206512397106, -1.4572644777573245, -1.611580285662043, 0.4094111171519335]","[0.022253970311779978, 0.2002857328060198]",1.1086617734967774e-16,0.008809763089645616,True,Tp,Tp,"[0, 0]",True,0.0,-0.04265229030211793,0.05032920900831477,0.001509876270249443,-28.24886458747474,0.37057715165795235,0.3271666370541715,0.22253970311779978,0.3705111735525711,0.3705111735525711,22318.0,6.255518357100587e-06,0.011182029499798261,-0.000476939168392242,-0.000476939168392242,0.37033446226157696,0.11980161656443447,0.024468519904202575,10820.0,0.29646635273911526,Tp,True,True,3.241851231905457e-14,0.0012110226233696952,True,,0.9997357071073107,0.0026403676524401586,ok,,22319.0,22290.0,0.37033740939165816,-0.00046898494112035394,-28.0,True,ok,0.000244140625,400000,318056cfbddd05b26f9512284a5f6b306996b6e099b6b6a4d134549f06a53d31,14.8,
4000,False,0,,False,0,Tp,884314,"[1.877688130664099, -1.6713239881361648, -1.3817229443066168, -1.6807156130581367, 0.446559097922355]","[1.8805247543551042, -1.631478482664994, -1.436889700691092, -1.6580502176426388, 0.4206894513496557]","[0.022253970311779978, 0.2002857328060198]",1.0959982921221467e-16,0.008747012467138764,True,Tp,Tp,"[0, 0]",True,0.0,-0.029818661350059207,0.04407749161567775,0.0013223247484703323,-22.550180191782307,0.34439859814007207,0.3271666370541715,0.22253970311779978,0.34435344732232087,0.34435344732232087,18798.0,6.1723011850289835e-06,0.013555156890237728,-0.00040419663285692046,-0.00040419663285692046,0.3442142608184005,0.11679224294698293,0.031972341926525524,7947.0,0.2755190708333295,Tp,True,True,2.55351295663786e-14,0.0016156382555316817,True,,0.9997375896259858,0.0026188211759249833,ok,,18799.0,18776.0,0.3442179076830198,-0.00039360616353645295,-22.0,True,ok,0.000244140625,400000,4b401c2c369cdf11630c1a7a2e6c90b5b496f0a49406324021aef4a1f955cb98,13.8,
4000,False,0,,False,0,Tp,884315,"[1.877688130664099, -1.6713239881361648, -1.3817229443066168, -1.6807156130581367, 0.446559097922355]","[1.8602267213714467, -1.773568884939593, -1.3918206025193132, -1.5954837116294722, 0.44031834017431126]","[0.022253970311779978, 0.2002857328060198]",1.0941768324723711e-16,0.007863188235952038,True,Tp,Tp,"[0, 0]",True,0.0,-0.0659646500807528,0.048094820407126315,0.0014428446122137894,-45.7184713602262,0.36962935851683043,0.3271666370541715,0.22253970311779978,0.3695761532209172,0.3695761532209172,22337.0,6.189105517370175e-06,0.011606583073103515,-0.0007656241910504619,-0.0007656241910504619,0.3692931967775759,0.13381580113633917,0.02609992515933819,10763.0,0.2957063263667148,Tp,True,True,4.263256414560601e-14,0.0015292617914233197,True,,0.9997641043529214,0.0032269880175773273,ok,,22338.0,22291.0,0.3692962866999557,-0.0007572634720136584,-46.0,True,ok,0.000244140625,400000,6cbe7f1e1693b1e2908cec2d8676df62aebc1bd10350456f1af3bce1788cc160,14.5,
4000,False,0,,False,0,Tp,884316,"[1.877688130664099, -1.6713239881361648, -1.3817229443066168, -1.6807156130581367, 0.446559097922355]","[1.8974422375864386, -1.6144592694060773, -1.3517233934471093, -1.7528196164103735, 0.4637022179499275]","[0.022253970311779978, 0.2002857328060198]",1.1067535776732029e-16,0.008514009551075634,True,Tp,Tp,"[0, 0]",True,0.0,-0.0385107980324741,0.03388630975425313,0.0010165892926275938,-37.88235653450043,0.3038992743135081,0.3271666370541715,0.22253970311779978,0.30387860853411564,0.30387860853411564,11655.0,6.7144153696846455e-06,0.021735145110273312,-0.0008370377835482525,-0.0008370377835482525,0.30362425065716053,0.12789412822229565,0.06495701998404939,2863.0,0.24312570688563845,Tp,True,True,7.132072710192006e-13,0.003162201658999386,True,,0.9997445797134678,0.0031622143888464455,ok,,11656.0,11617.0,0.30362942731531917,-0.0008200025003355371,-38.0,True,ok,0.000244140625,400000,9d2b599d4e989fda73b9c42575fbda35f63daa9d518c5ae825267504d14036da,11.8,
4000,False,0,,False,0,Tp,884317,"[1.877688130664099, -1.6713239881361648, -1.3817229443066168, -1.6807156130581367, 0.446559097922355]","[1.877998705578647, -1.71340737266662, -1.3020109393666879, -1.7232399256940778, 0.47167017312076726]","[0.022253970311779978, 0.2002857328060198]",1.1095291352347658e-16,0.007881934368395842,True,Tp,Tp,"[0, 0]",True,0.0,-0.0709710285012726,0.03346562458300705,0.0010039687374902115,-70.69047655676086,0.30845421100241643,0.3271666370541715,0.22253970311779978,0.30844171288036487,0.30844171288036487,12446.0,6.611184192436559e-06,0.021349414113594912,-0.001515189877541416,-0.001515189877541416,0.307974365119197,0.13726184778574135,0.06271288431994503,3400.0,0.24677008990124677,Tp,True,True,4.434230760352875e-13,0.0029019255795410537,True,,0.9997635419689481,0.002928808806366673,ok,,12447.0,12375.0,0.3079785450160569,-0.001501638218717849,-71.0,True,ok,0.000244140625,400000,bbe89decb5c3a826d45f640697dc61dcb149b117705cfa286a3998b042e980db,12.0,
4000,False,0,,False,0,Tp,884318,"[1.877688130664099, -1.6713239881361648, -1.3817229443066168, -1.6807156130581367, 0.446559097922355]","[1.885045324249001, -1.6340633236693687, -1.4625819321558888, -1.6414222780977927, 0.4102279754484824]","[0.022253970311779978, 0.2002857328060198]",1.1047152775889301e-16,0.008858648074865439,True,Tp,Tp,"[0, 0]",True,0.0,-0.024676970468766178,0.04776163997658008,0.0014328491992974025,-17.222308168135577,0.35882318841698785,0.3271666370541715,0.22253970311779978,0.3587675453651921,0.3587675453651921,21067.0,6.132751032097428e-06,0.011930034501979297,-0.00029439710909670477,-0.00029439710909670477,0.35866192523699886,0.11558974810303958,0.026821699070834468,9695.0,0.2870626567469109,Tp,True,True,3.352873534367973e-14,0.00139516739571377,True,,0.9997342405577541,0.002669660976816077,ok,,21068.0,21050.0,0.35866589752118694,-0.0002833250814303634,-17.0,True,ok,0.000244140625,400000,7abcb158a3f07473ded27bef532a2f45aca315e4c84c51bdfdb92debf23b5476,14.4,
4000,False,0,,False,0,Tp,884319,"[1.877688130664099, -1.6713239881361648, -1.3817229443066168, -1.6807156130581367, 0.446559097922355]","[1.8921123677756828, -1.6128255439345904, -1.3218660915954472, -1.773462033493341, 0.4731859755900481]","[0.022253970311779978, 0.2002857328060198]",1.0942635686461699e-16,0.008354234811593558,True,Tp,Tp,"[0, 0]",True,0.0,-0.04016759789625328,0.03047418338850826,0.0009142255016552477,-43.93620373040128,0.2936076139279215,0.3271666370541715,0.22253970311779978,0.29359386452807784,0.29359386452807784,10235.0,6.703679288208586e-06,0.024975426998648763,-0.0010032029089689515,-0.0010032029089689515,0.29329933030912786,0.12914507015932405,0.08239117330540698,1727.0,0.23489129993852698,Tp,True,True,8.713030297258229e-13,0.0026958138941852727,True,,0.9997493729556522,0.0030282114158556674,ok,,10236.0,10191.0,0.2932991156818268,-0.001003933943663271,-44.0,True,ok,0.000244140625,400000,f2eb4a2dabcbf34d85610e7563a9cdc74d8ee9fbf23bf989f3e9c25fdc804057,11.6,
