{"arm": "T", "seed": 884000, "copy_at_release": "T", "on_branch": true, "hold_n_G_pos": 0, "status": "ok", "t_sw": 14866, "t_traj": 14914, "r_traj": 0.001747843878880273, "r_cf": 0.0017257921869353232, "follows_branch": true, "secs": 6.6}
{"arm": "T", "seed": 884001, "copy_at_release": null, "on_branch": false, "hold_n_G_pos": 0, "status": "no prediction: not on a scored copy at release", "t_sw": null, "t_traj": null, "r_traj": null, "r_cf": null, "follows_branch": null, "secs": 2.2}
{"arm": "T", "seed": 884002, "copy_at_release": "T", "on_branch": true, "hold_n_G_pos": 0, "status": "ok", "t_sw": 14493, "t_traj": 14543, "r_traj": 0.0018522775790454915, "r_cf": 0.0018269087701341393, "follows_branch": true, "secs": 6.2}
{"arm": "T", "seed": 884003, "copy_at_release": "T", "on_branch": true, "hold_n_G_pos": 0, "status": "ok", "t_sw": 17199, "t_traj": 17252, "r_traj": 0.0017165390972433414, "r_cf": 0.0017112176579621907, "follows_branch": true, "secs": 60.4}
{"arm": "T", "seed": 884004, "copy_at_release": null, "on_branch": false, "hold_n_G_pos": 0, "status": "no prediction: not on a scored copy at release", "t_sw": null, "t_traj": null, "r_traj": null, "r_cf": null, "follows_branch": null, "secs": 3.6}
{"arm": "T", "seed": 884005, "copy_at_release": null, "on_branch": false, "hold_n_G_pos": 0, "status": "no prediction: not on a scored copy at release", "t_sw": null, "t_traj": null, "r_traj": null, "r_cf": null, "follows_branch": null, "secs": 4.0}
{"arm": "T", "seed": 884006, "copy_at_release": null, "on_branch": false, "hold_n_G_pos": 0, "status": "no prediction: not on a scored copy at release", "t_sw": null, "t_traj": null, "r_traj": null, "r_cf": null, "follows_branch": null, "secs": 3.0}
{"arm": "T", "seed": 884007, "copy_at_release": null, "on_branch": false, "hold_n_G_pos": 0, "status": "no prediction: not on a scored copy at release", "t_sw": null, "t_traj": null, "r_traj": null, "r_cf": null, "follows_branch": null, "secs": 2.6}
{"arm": "T", "seed": 884008, "copy_at_release": "T", "on_branch": true, "hold_n_G_pos": 0, "status": "ok", "t_sw": 8764, "t_traj": 8777, "r_traj": 0.0007126255248168789, "r_cf": 0.0007189570137939917, "follows_branch": true, "secs": 55.1}
{"arm": "T", "seed": 884009, "copy_at_release": "T", "on_branch": true, "hold_n_G_pos": 0, "status": "ok", "t_sw": 10143, "t_traj": 10173, "r_traj": 0.0014507605569953341, "r_cf": 0.0014501722735287927, "follows_branch": true, "secs": 6.3}
{"arm": "T", "seed": 884010, "copy_at_release": null, "on_branch": false, "hold_n_G_pos": 0, "status": "no prediction: not on a scored copy at release", "t_sw": null, "t_traj": null, "r_traj": null, "r_cf": null, "follows_branch": null, "secs": 2.9}
{"arm": "T", "seed": 884011, "copy_at_release": "T", "on_branch": true, "hold_n_G_pos": 0, "status": "ok", "t_sw": 12294, "t_traj": 12322, "r_traj": 0.0011770441193916792, "r_cf": 0.001146664957300707, "follows_branch": true, "secs": 55.9}
{"arm": "T", "seed": 884012, "copy_at_release": "T", "on_branch": true, "hold_n_G_pos": 0, "status": "ok", "t_sw": 6004, "t_traj": 6004, "r_traj": 4.9775201808710534e-05, "r_cf": 7.71172208077912e-05, "follows_branch": true, "secs": 4.1}
{"arm": "T", "seed": 884013, "copy_at_release": "T", "on_branch": true, "hold_n_G_pos": 0, "status": "ok", "t_sw": 9201, "t_traj": 9226, "r_traj": 0.001271820441871796, "r_cf": 0.0012639282321061697, "follows_branch": true, "secs": 6.6}
{"arm": "T", "seed": 884014, "copy_at_release": null, "on_branch": false, "hold_n_G_pos": 0, "status": "no prediction: not on a scored copy at release", "t_sw": null, "t_traj": null, "r_traj": null, "r_cf": null, "follows_branch": null, "secs": 3.4}
{"arm": "T", "seed": 884015, "copy_at_release": "T", "on_branch": true, "hold_n_G_pos": 0, "status": "ok", "t_sw": 6029, "t_traj": 6028, "r_traj": -3.271619438360851e-05, "r_cf": 2.7938353140461144e-05, "follows_branch": true, "secs": 5.1}
{"arm": "T", "seed": 884016, "copy_at_release": null, "on_branch": false, "hold_n_G_pos": 0, "status": "no prediction: not on a scored copy at release", "t_sw": null, "t_traj": null, "r_traj": null, "r_cf": null, "follows_branch": null, "secs": 44.6}
{"arm": "T", "seed": 884017, "copy_at_release": null, "on_branch": false, "hold_n_G_pos": 0, "status": "no prediction: not on a scored copy at release", "t_sw": null, "t_traj": null, "r_traj": null, "r_cf": null, "follows_branch": null, "secs": 2.2}
{"arm": "T", "seed": 884018, "copy_at_release": "T", "on_branch": true, "hold_n_G_pos": 0, "status": "ok", "t_sw": 10514, "t_traj": 10543, "r_traj": 0.0013889197390841712, "r_cf": 0.0013845682600114567, "follows_branch": true, "secs": 7.0}
{"arm": "T", "seed": 884019, "copy_at_release": "Tp", "on_branch": false, "hold_n_G_pos": 0, "status": "no prediction: not on a scored copy at release", "t_sw": null, "t_traj": null, "r_traj": null, "r_cf": null, "follows_branch": null, "secs": 2.8}
{"arm": "T", "seed": 884020, "copy_at_release": "T", "on_branch": true, "hold_n_G_pos": 0, "status": "ok", "t_sw": 17505, "t_traj": 17556, "r_traj": 0.0016317232260023573, "r_cf": 0.0016112774215018906, "follows_branch": true, "secs": 61.5}
{"arm": "T", "seed": 884021, "copy_at_release": "T", "on_branch": true, "hold_n_G_pos": 0, "status": "ok", "t_sw": 13242, "t_traj": 13282, "r_traj": 0.0015843449369028484, "r_cf": 0.0015504484800613649, "follows_branch": true, "secs": 6.6}
{"arm": "T", "seed": 884022, "copy_at_release": "T", "on_branch": true, "hold_n_G_pos": 0, "status": "ok", "t_sw": 8270, "t_traj": 8280, "r_traj": 0.0005601272014486014, "r_cf": 0.0005582072265080019, "follows_branch": true, "secs": 5.9}
{"arm": "T", "seed": 884023, "copy_at_release": "T", "on_branch": true, "hold_n_G_pos": 0, "status": "ok", "t_sw": 12588, "t_traj": 12627, "r_traj": 0.0016308088153389466, "r_cf": 0.001599242355955173, "follows_branch": true, "secs": 55.2}
{"arm": "T", "seed": 884024, "copy_at_release": null, "on_branch": false, "hold_n_G_pos": 0, "status": "no prediction: not on a scored copy at release", "t_sw": null, "t_traj": null, "r_traj": null, "r_cf": null, "follows_branch": null, "secs": 2.3}
{"arm": "T", "seed": 884025, "copy_at_release": "T", "on_branch": true, "hold_n_G_pos": 0, "status": "ok", "t_sw": 10422, "t_traj": 10446, "r_traj": 0.0011235119826837892, "r_cf": 0.0011188804536116108, "follows_branch": true, "secs": 6.6}
{"arm": "T", "seed": 884026, "copy_at_release": "T", "on_branch": true, "hold_n_G_pos": 0, "status": "ok", "t_sw": 8546, "t_traj": 8561, "r_traj": 0.0008001006522260212, "r_cf": 0.0007849817493620302, "follows_branch": true, "secs": 5.7}
{"arm": "T", "seed": 884027, "copy_at_release": "T", "on_branch": true, "hold_n_G_pos": 0, "status": "ok", "t_sw": 8920, "t_traj": 8943, "r_traj": 0.0012126726791081843, "r_cf": 0.001214580412395537, "follows_branch": true, "secs": 57.4}
{"arm": "T", "seed": 884028, "copy_at_release": "T", "on_branch": true, "hold_n_G_pos": 0, "status": "ok", "t_sw": 6834, "t_traj": 6839, "r_traj": 0.00034710037352625456, "r_cf": 0.000372393044370674, "follows_branch": true, "secs": 4.4}
{"arm": "T", "seed": 884029, "copy_at_release": null, "on_branch": false, "hold_n_G_pos": 0, "status": "no prediction: not on a scored copy at release", "t_sw": null, "t_traj": null, "r_traj": null, "r_cf": null, "follows_branch": null, "secs": 3.0}
{"arm": "T", "seed": 884030, "copy_at_release": "T", "on_branch": true, "hold_n_G_pos": 0, "status": "ok", "t_sw": 9794, "t_traj": 9815, "r_traj": 0.0010276862452387459, "r_cf": 0.0010076581877403472, "follows_branch": true, "secs": 5.7}
{"arm": "T", "seed": 884031, "copy_at_release": "T", "on_branch": true, "hold_n_G_pos": 0, "status": "ok", "t_sw": 10399, "t_traj": 10425, "r_traj": 0.001247245667830077, "r_cf": 0.0012166127861466002, "follows_branch": true, "secs": 53.5}
{"arm": "T", "seed": 884032, "copy_at_release": "T", "on_branch": true, "hold_n_G_pos": 0, "status": "ok", "t_sw": 7121, "t_traj": 7135, "r_traj": 0.0008734991896479638, "r_cf": 0.000853572036274883, "follows_branch": true, "secs": 5.4}
{"arm": "T", "seed": 884033, "copy_at_release": null, "on_branch": false, "hold_n_G_pos": 0, "status": "no prediction: not on a scored copy at release", "t_sw": null, "t_traj": null, "r_traj": null, "r_cf": null, "follows_branch": null, "secs": 2.7}
{"arm": "T", "seed": 884034, "copy_at_release": "T", "on_branch": true, "hold_n_G_pos": 0, "status": "ok", "t_sw": 23066, "t_traj": 23125, "r_traj": 0.00150329243093128, "r_cf": 0.0014876907755867902, "follows_branch": true, "secs": 61.5}
{"arm": "T", "seed": 884035, "copy_at_release": "T", "on_branch": true, "hold_n_G_pos": 0, "status": "ok", "t_sw": 15688, "t_traj": 15712, "r_traj": 0.0008635699464270008, "r_cf": 0.0008630603066086308, "follows_branch": true, "secs": 55.1}
{"arm": "T", "seed": 884036, "copy_at_release": null, "on_branch": false, "hold_n_G_pos": 0, "status": "no prediction: not on a scored copy at release", "t_sw": null, "t_traj": null, "r_traj": null, "r_cf": null, "follows_branch": null, "secs": 2.2}
{"arm": "T", "seed": 884037, "copy_at_release": "T", "on_branch": true, "hold_n_G_pos": 0, "status": "ok", "t_sw": 9025, "t_traj": 9050, "r_traj": 0.0012962228004562704, "r_cf": 0.00128405682481651, "follows_branch": true, "secs": 5.9}
{"arm": "T", "seed": 884038, "copy_at_release": "T", "on_branch": true, "hold_n_G_pos": 0, "status": "ok", "t_sw": 10074, "t_traj": 10097, "r_traj": 0.0010988016839583725, "r_cf": 0.001079614833433439, "follows_branch": true, "secs": 6.4}
{"arm": "T", "seed": 884039, "copy_at_release": "T", "on_branch": true, "hold_n_G_pos": 0, "status": "ok", "t_sw": 10210, "t_traj": 10232, "r_traj": 0.0010786302063245934, "r_cf": 0.0010686401984722198, "follows_branch": true, "secs": 49.5}
{"arm": "T", "seed": 884040, "copy_at_release": null, "on_branch": false, "hold_n_G_pos": 0, "status": "no prediction: not on a scored copy at release", "t_sw": null, "t_traj": null, "r_traj": null, "r_cf": null, "follows_branch": null, "secs": 2.3}
{"arm": "T", "seed": 884041, "copy_at_release": "T", "on_branch": true, "hold_n_G_pos": 0, "status": "ok", "t_sw": 8589, "t_traj": 8595, "r_traj": 0.00032337409198524014, "r_cf": 0.00032746922551052556, "follows_branch": true, "secs": 5.6}
{"arm": "T", "seed": 884042, "copy_at_release": "T", "on_branch": true, "hold_n_G_pos": 0, "status": "ok", "t_sw": 11027, "t_traj": 11062, "r_traj": 0.0015846047157241916, "r_cf": 0.001589819115702558, "follows_branch": true, "secs": 6.1}
{"arm": "T", "seed": 884043, "copy_at_release": "T", "on_branch": true, "hold_n_G_pos": 0, "status": "ok", "t_sw": 6889, "t_traj": 6899, "r_traj": 0.0006503551759358128, "r_cf": 0.0006641746977382832, "follows_branch": true, "secs": 53.4}
{"arm": "T", "seed": 884044, "copy_at_release": "Tp", "on_branch": false, "hold_n_G_pos": 0, "status": "no prediction: not on a scored copy at release", "t_sw": null, "t_traj": null, "r_traj": null, "r_cf": null, "follows_branch": null, "secs": 3.1}
{"arm": "T", "seed": 884045, "copy_at_release": null, "on_branch": false, "hold_n_G_pos": 0, "status": "no prediction: not on a scored copy at release", "t_sw": null, "t_traj": null, "r_traj": null, "r_cf": null, "follows_branch": null, "secs": 3.1}
{"arm": "T", "seed": 884046, "copy_at_release": "T", "on_branch": true, "hold_n_G_pos": 0, "status": "ok", "t_sw": 14332, "t_traj": 14388, "r_traj": 0.0021047360577408636, "r_cf": 0.0020757245189402186, "follows_branch": true, "secs": 58.8}
{"arm": "T", "seed": 884047, "copy_at_release": "T", "on_branch": true, "hold_n_G_pos": 0, "status": "ok", "t_sw": 8128, "t_traj": 8140, "r_traj": 0.0006961726964509474, "r_cf": 0.0007361451049763657, "follows_branch": true, "secs": 5.4}
{"arm": "T", "seed": 884048, "copy_at_release": null, "on_branch": false, "hold_n_G_pos": 0, "status": "no prediction: not on a scored copy at release", "t_sw": null, "t_traj": null, "r_traj": null, "r_cf": null, "follows_branch": null, "secs": 3.0}
{"arm": "T", "seed": 884049, "copy_at_release": null, "on_branch": false, "hold_n_G_pos": 0, "status": "no prediction: not on a scored copy at release", "t_sw": null, "t_traj": null, "r_traj": null, "r_cf": null, "follows_branch": null, "secs": 3.0}
{"arm": "T", "seed": 884050, "copy_at_release": "T", "on_branch": true, "hold_n_G_pos": 0, "status": "ok", "t_sw": 10316, "t_traj": 10333, "r_traj": 0.0008386759040408531, "r_cf": 0.0008261977373997551, "follows_branch": true, "secs": 59.9}
{"arm": "T", "seed": 884051, "copy_at_release": null, "on_branch": false, "hold_n_G_pos": 0, "status": "no prediction: not on a scored copy at release", "t_sw": null, "t_traj": null, "r_traj": null, "r_cf": null, "follows_branch": null, "secs": 3.2}
{"arm": "T", "seed": 884052, "copy_at_release": "T", "on_branch": true, "hold_n_G_pos": 0, "status": "ok", "t_sw": 8382, "t_traj": 8404, "r_traj": 0.0011763583894985885, "r_cf": 0.0011762310388324314, "follows_branch": true, "secs": 7.2}
{"arm": "T", "seed": 884053, "copy_at_release": null, "on_branch": false, "hold_n_G_pos": 0, "status": "no prediction: not on a scored copy at release", "t_sw": null, "t_traj": null, "r_traj": null, "r_cf": null, "follows_branch": null, "secs": 4.1}
{"arm": "T", "seed": 884054, "copy_at_release": "Tp", "on_branch": false, "hold_n_G_pos": 0, "status": "no prediction: not on a scored copy at release", "t_sw": null, "t_traj": null, "r_traj": null, "r_cf": null, "follows_branch": null, "secs": 43.0}
{"arm": "T", "seed": 884055, "copy_at_release": "T", "on_branch": true, "hold_n_G_pos": 0, "status": "ok", "t_sw": 7450, "t_traj": 7467, "r_traj": 0.0009950492957786494, "r_cf": 0.0009920975519226612, "follows_branch": true, "secs": 4.4}
{"arm": "T", "seed": 884056, "copy_at_release": "T", "on_branch": true, "hold_n_G_pos": 0, "status": "ok", "t_sw": 9244, "t_traj": 9259, "r_traj": 0.000784179285746367, "r_cf": 0.0007783175794149258, "follows_branch": true, "secs": 6.6}
{"arm": "T", "seed": 884057, "copy_at_release": "T", "on_branch": true, "hold_n_G_pos": 0, "status": "ok", "t_sw": 9593, "t_traj": 9620, "r_traj": 0.0013655393334162103, "r_cf": 0.0013472987889265112, "follows_branch": true, "secs": 54.2}
{"arm": "T", "seed": 884058, "copy_at_release": "T", "on_branch": true, "hold_n_G_pos": 0, "status": "ok", "t_sw": 8733, "t_traj": 8750, "r_traj": 0.0009119367186334326, "r_cf": 0.000890794018844369, "follows_branch": true, "secs": 5.5}
{"arm": "T", "seed": 884059, "copy_at_release": "T", "on_branch": true, "hold_n_G_pos": 0, "status": "ok", "t_sw": 11816, "t_traj": 11845, "r_traj": 0.0012805287816290978, "r_cf": 0.001285631992746763, "follows_branch": true, "secs": 53.5}
{"arm": "T", "seed": 884060, "copy_at_release": null, "on_branch": false, "hold_n_G_pos": 0, "status": "no prediction: not on a scored copy at release", "t_sw": null, "t_traj": null, "r_traj": null, "r_cf": null, "follows_branch": null, "secs": 2.3}
{"arm": "T", "seed": 884061, "copy_at_release": null, "on_branch": false, "hold_n_G_pos": 0, "status": "no prediction: not on a scored copy at release", "t_sw": null, "t_traj": null, "r_traj": null, "r_cf": null, "follows_branch": null, "secs": 2.3}
{"arm": "T", "seed": 884062, "copy_at_release": null, "on_branch": false, "hold_n_G_pos": 0, "status": "no prediction: not on a scored copy at release", "t_sw": null, "t_traj": null, "r_traj": null, "r_cf": null, "follows_branch": null, "secs": 3.0}
{"arm": "T", "seed": 884063, "copy_at_release": null, "on_branch": false, "hold_n_G_pos": 0, "status": "no prediction: not on a scored copy at release", "t_sw": null, "t_traj": null, "r_traj": null, "r_cf": null, "follows_branch": null, "secs": 2.8}
{"arm": "T", "seed": 884064, "copy_at_release": null, "on_branch": false, "hold_n_G_pos": 0, "status": "no prediction: not on a scored copy at release", "t_sw": null, "t_traj": null, "r_traj": null, "r_cf": null, "follows_branch": null, "secs": 3.1}
{"arm": "T", "seed": 884065, "copy_at_release": null, "on_branch": false, "hold_n_G_pos": 0, "status": "no prediction: not on a scored copy at release", "t_sw": null, "t_traj": null, "r_traj": null, "r_cf": null, "follows_branch": null, "secs": 55.9}
{"arm": "T", "seed": 884066, "copy_at_release": null, "on_branch": false, "hold_n_G_pos": 0, "status": "no prediction: not on a scored copy at release", "t_sw": null, "t_traj": null, "r_traj": null, "r_cf": null, "follows_branch": null, "secs": 2.2}
{"arm": "T", "seed": 884067, "copy_at_release": null, "on_branch": false, "hold_n_G_pos": 0, "status": "no prediction: not on a scored copy at release", "t_sw": null, "t_traj": null, "r_traj": null, "r_cf": null, "follows_branch": null, "secs": 2.5}
{"arm": "T", "seed": 884068, "copy_at_release": "T", "on_branch": true, "hold_n_G_pos": 0, "status": "ok", "t_sw": 7559, "t_traj": 7570, "r_traj": 0.0006512284071040764, "r_cf": 0.00022412680743744566, "follows_branch": true, "secs": 6.5}
{"arm": "T", "seed": 884069, "copy_at_release": "T", "on_branch": true, "hold_n_G_pos": 0, "status": "ok", "t_sw": 13186, "t_traj": 13227, "r_traj": 0.0016284332080027664, "r_cf": 0.0016137752286325359, "follows_branch": true, "secs": 7.5}
{"arm": "T", "seed": 884070, "copy_at_release": null, "on_branch": false, "hold_n_G_pos": 0, "status": "no prediction: not on a scored copy at release", "t_sw": null, "t_traj": null, "r_traj": null, "r_cf": null, "follows_branch": null, "secs": 47.5}
{"arm": "T", "seed": 884071, "copy_at_release": null, "on_branch": false, "hold_n_G_pos": 0, "status": "no prediction: not on a scored copy at release", "t_sw": null, "t_traj": null, "r_traj": null, "r_cf": null, "follows_branch": null, "secs": 2.2}
{"arm": "T", "seed": 884072, "copy_at_release": "T", "on_branch": true, "hold_n_G_pos": 0, "status": "ok", "t_sw": 7038, "t_traj": 7049, "r_traj": 0.0006517649912858303, "r_cf": 0.0006435165857522122, "follows_branch": true, "secs": 5.2}
{"arm": "T", "seed": 884073, "copy_at_release": null, "on_branch": false, "hold_n_G_pos": 0, "status": "no prediction: not on a scored copy at release", "t_sw": null, "t_traj": null, "r_traj": null, "r_cf": null, "follows_branch": null, "secs": 2.8}
{"arm": "T", "seed": 884074, "copy_at_release": "Tp", "on_branch": false, "hold_n_G_pos": 0, "status": "no prediction: not on a scored copy at release", "t_sw": null, "t_traj": null, "r_traj": null, "r_cf": null, "follows_branch": null, "secs": 44.3}
{"arm": "T", "seed": 884075, "copy_at_release": "T", "on_branch": true, "hold_n_G_pos": 0, "status": "ok", "t_sw": 10379, "t_traj": 10393, "r_traj": 0.0006776021019072598, "r_cf": 0.0006762091208043816, "follows_branch": true, "secs": 5.3}
{"arm": "T", "seed": 884076, "copy_at_release": "T", "on_branch": true, "hold_n_G_pos": 0, "status": "ok", "t_sw": 16760, "t_traj": 16828, "r_traj": 0.0022568598207826085, "r_cf": 0.002233177345235686, "follows_branch": true, "secs": 8.1}
{"arm": "T", "seed": 884077, "copy_at_release": null, "on_branch": false, "hold_n_G_pos": 0, "status": "no prediction: not on a scored copy at release", "t_sw": null, "t_traj": null, "r_traj": null, "r_cf": null, "follows_branch": null, "secs": 55.1}
{"arm": "T", "seed": 884078, "copy_at_release": "T", "on_branch": true, "hold_n_G_pos": 0, "status": "ok", "t_sw": 17418, "t_traj": 17463, "r_traj": 0.0014704973315795566, "r_cf": 0.0014589550333533883, "follows_branch": true, "secs": 7.9}
{"arm": "T", "seed": 884079, "copy_at_release": null, "on_branch": false, "hold_n_G_pos": 0, "status": "no prediction: not on a scored copy at release", "t_sw": null, "t_traj": null, "r_traj": null, "r_cf": null, "follows_branch": null, "secs": 2.8}
{"arm": "T", "seed": 884080, "copy_at_release": "T", "on_branch": true, "hold_n_G_pos": 0, "status": "ok", "t_sw": 9298, "t_traj": 9317, "r_traj": 0.0009585708059494102, "r_cf": 0.0009776298646808558, "follows_branch": true, "secs": 47.7}
{"arm": "T", "seed": 884081, "copy_at_release": null, "on_branch": false, "hold_n_G_pos": 0, "status": "no prediction: not on a scored copy at release", "t_sw": null, "t_traj": null, "r_traj": null, "r_cf": null, "follows_branch": null, "secs": 2.6}
{"arm": "T", "seed": 884082, "copy_at_release": "T", "on_branch": true, "hold_n_G_pos": 0, "status": "ok", "t_sw": 8906, "t_traj": 8927, "r_traj": 0.0010871643938612507, "r_cf": 0.0010694748681609597, "follows_branch": true, "secs": 6.0}
{"arm": "T", "seed": 884083, "copy_at_release": "Tp", "on_branch": false, "hold_n_G_pos": 0, "status": "no prediction: not on a scored copy at release", "t_sw": null, "t_traj": null, "r_traj": null, "r_cf": null, "follows_branch": null, "secs": 2.9}
{"arm": "T", "seed": 884084, "copy_at_release": "T", "on_branch": true, "hold_n_G_pos": 0, "status": "ok", "t_sw": 8663, "t_traj": 8679, "r_traj": 0.0008622949105461242, "r_cf": 0.0008845209453439791, "follows_branch": true, "secs": 6.0}
{"arm": "T", "seed": 884085, "copy_at_release": null, "on_branch": false, "hold_n_G_pos": 0, "status": "no prediction: not on a scored copy at release", "t_sw": null, "t_traj": null, "r_traj": null, "r_cf": null, "follows_branch": null, "secs": 54.5}
{"arm": "T", "seed": 884086, "copy_at_release": "T", "on_branch": true, "hold_n_G_pos": 0, "status": "ok", "t_sw": 12394, "t_traj": 12423, "r_traj": 0.0012097890504569886, "r_cf": 0.0011940086366659785, "follows_branch": true, "secs": 6.4}
{"arm": "T", "seed": 884087, "copy_at_release": null, "on_branch": false, "hold_n_G_pos": 0, "status": "no prediction: not on a scored copy at release", "t_sw": null, "t_traj": null, "r_traj": null, "r_cf": null, "follows_branch": null, "secs": 3.0}
{"arm": "T", "seed": 884088, "copy_at_release": "T", "on_branch": true, "hold_n_G_pos": 0, "status": "ok", "t_sw": 7073, "t_traj": 7073, "r_traj": 1.0587950652007905e-05, "r_cf": 5.753021899108986e-05, "follows_branch": true, "secs": 47.3}
{"arm": "T", "seed": 884089, "copy_at_release": null, "on_branch": false, "hold_n_G_pos": 0, "status": "no prediction: not on a scored copy at release", "t_sw": null, "t_traj": null, "r_traj": null, "r_cf": null, "follows_branch": null, "secs": 2.2}
{"arm": "T", "seed": 884090, "copy_at_release": null, "on_branch": false, "hold_n_G_pos": 0, "status": "no prediction: not on a scored copy at release", "t_sw": null, "t_traj": null, "r_traj": null, "r_cf": null, "follows_branch": null, "secs": 2.5}
{"arm": "T", "seed": 884091, "copy_at_release": "T", "on_branch": true, "hold_n_G_pos": 0, "status": "ok", "t_sw": 9584, "t_traj": 9611, "r_traj": 0.0013349331803391706, "r_cf": 0.001318603152470537, "follows_branch": true, "secs": 6.3}
{"arm": "T", "seed": 884092, "copy_at_release": null, "on_branch": false, "hold_n_G_pos": 0, "status": "no prediction: not on a scored copy at release", "t_sw": null, "t_traj": null, "r_traj": null, "r_cf": null, "follows_branch": null, "secs": 41.4}
{"arm": "T", "seed": 884093, "copy_at_release": null, "on_branch": false, "hold_n_G_pos": 0, "status": "no prediction: not on a scored copy at release", "t_sw": null, "t_traj": null, "r_traj": null, "r_cf": null, "follows_branch": null, "secs": 2.3}
{"arm": "T", "seed": 884094, "copy_at_release": null, "on_branch": false, "hold_n_G_pos": 0, "status": "no prediction: not on a scored copy at release", "t_sw": null, "t_traj": null, "r_traj": null, "r_cf": null, "follows_branch": null, "secs": 2.2}
{"arm": "T", "seed": 884095, "copy_at_release": "T", "on_branch": true, "hold_n_G_pos": 0, "status": "ok", "t_sw": 6819, "t_traj": 6836, "r_traj": 0.0010665337880098047, "r_cf": 0.0010559371818760434, "follows_branch": true, "secs": 5.1}
{"arm": "T", "seed": 884096, "copy_at_release": null, "on_branch": false, "hold_n_G_pos": 0, "status": "no prediction: not on a scored copy at release", "t_sw": null, "t_traj": null, "r_traj": null, "r_cf": null, "follows_branch": null, "secs": 3.5}
{"arm": "T", "seed": 884097, "copy_at_release": null, "on_branch": false, "hold_n_G_pos": 0, "status": "no prediction: not on a scored copy at release", "t_sw": null, "t_traj": null, "r_traj": null, "r_cf": null, "follows_branch": null, "secs": 53.7}
{"arm": "T", "seed": 884098, "copy_at_release": null, "on_branch": false, "hold_n_G_pos": 0, "status": "no prediction: not on a scored copy at release", "t_sw": null, "t_traj": null, "r_traj": null, "r_cf": null, "follows_branch": null, "secs": 2.3}
{"arm": "T", "seed": 884099, "copy_at_release": null, "on_branch": false, "hold_n_G_pos": 0, "status": "no prediction: not on a scored copy at release", "t_sw": null, "t_traj": null, "r_traj": null, "r_cf": null, "follows_branch": null, "secs": 2.3}
{"arm": "T", "seed": 884100, "copy_at_release": "T", "on_branch": true, "hold_n_G_pos": 0, "status": "ok", "t_sw": 8655, "t_traj": 8668, "r_traj": 0.0007276037183352457, "r_cf": 0.0007657647116045035, "follows_branch": true, "secs": 5.8}
{"arm": "T", "seed": 884101, "copy_at_release": null, "on_branch": false, "hold_n_G_pos": 0, "status": "no prediction: not on a scored copy at release", "t_sw": null, "t_traj": null, "r_traj": null, "r_cf": null, "follows_branch": null, "secs": 2.9}
{"arm": "T", "seed": 884102, "copy_at_release": "Tp", "on_branch": false, "hold_n_G_pos": 0, "status": "no prediction: not on a scored copy at release", "t_sw": null, "t_traj": null, "r_traj": null, "r_cf": null, "follows_branch": null, "secs": 3.0}
{"arm": "T", "seed": 884103, "copy_at_release": "T", "on_branch": true, "hold_n_G_pos": 0, "status": "ok", "t_sw": 11719, "t_traj": 11755, "r_traj": 0.0015812574631146603, "r_cf": 0.0015497241448080349, "follows_branch": true, "secs": 47.2}
{"arm": "T", "seed": 884104, "copy_at_release": "T", "on_branch": true, "hold_n_G_pos": 0, "status": "ok", "t_sw": 7892, "t_traj": 7905, "r_traj": 0.000736835825455362, "r_cf": 0.0007691893280478036, "follows_branch": true, "secs": 5.4}
{"arm": "T", "seed": 884105, "copy_at_release": "T", "on_branch": true, "hold_n_G_pos": 0, "status": "ok", "t_sw": 9178, "t_traj": 9200, "r_traj": 0.0011632154485257118, "r_cf": 0.0011745109946706854, "follows_branch": true, "secs": 62.2}
{"arm": "T", "seed": 884106, "copy_at_release": "T", "on_branch": true, "hold_n_G_pos": 0, "status": "ok", "t_sw": 11450, "t_traj": 11480, "r_traj": 0.0013497748120034903, "r_cf": 0.0013403045094776277, "follows_branch": true, "secs": 5.5}
{"arm": "T", "seed": 884107, "copy_at_release": "T", "on_branch": true, "hold_n_G_pos": 0, "status": "ok", "t_sw": 9970, "t_traj": 9985, "r_traj": 0.0007273231723379237, "r_cf": 0.0007181304282085533, "follows_branch": true, "secs": 6.9}
{"arm": "T", "seed": 884108, "copy_at_release": "T", "on_branch": true, "hold_n_G_pos": 0, "status": "ok", "t_sw": 12251, "t_traj": 12291, "r_traj": 0.0016896897297706825, "r_cf": 0.001669042580593364, "follows_branch": true, "secs": 50.8}
{"arm": "T", "seed": 884109, "copy_at_release": "T", "on_branch": true, "hold_n_G_pos": 0, "status": "ok", "t_sw": 8720, "t_traj": 8731, "r_traj": 0.0005931306832223093, "r_cf": 0.0006153693289604556, "follows_branch": true, "secs": 6.1}
{"arm": "T", "seed": 884110, "copy_at_release": "T", "on_branch": true, "hold_n_G_pos": 0, "status": "ok", "t_sw": 9277, "t_traj": 9304, "r_traj": 0.0013680557232627066, "r_cf": 0.0013464032575373336, "follows_branch": true, "secs": 59.6}
{"arm": "T", "seed": 884111, "copy_at_release": null, "on_branch": false, "hold_n_G_pos": 0, "status": "no prediction: not on a scored copy at release", "t_sw": null, "t_traj": null, "r_traj": null, "r_cf": null, "follows_branch": null, "secs": 2.3}
{"arm": "T", "seed": 884112, "copy_at_release": "T", "on_branch": true, "hold_n_G_pos": 0, "status": "ok", "t_sw": 15153, "t_traj": 15189, "r_traj": 0.001319965337940543, "r_cf": 0.001317070260618983, "follows_branch": true, "secs": 7.4}
{"arm": "T", "seed": 884113, "copy_at_release": "Tp", "on_branch": false, "hold_n_G_pos": 0, "status": "no prediction: not on a scored copy at release", "t_sw": null, "t_traj": null, "r_traj": null, "r_cf": null, "follows_branch": null, "secs": 3.8}
{"arm": "T", "seed": 884114, "copy_at_release": null, "on_branch": false, "hold_n_G_pos": 0, "status": "no prediction: not on a scored copy at release", "t_sw": null, "t_traj": null, "r_traj": null, "r_cf": null, "follows_branch": null, "secs": 3.0}
{"arm": "T", "seed": 884115, "copy_at_release": "Tp", "on_branch": false, "hold_n_G_pos": 0, "status": "no prediction: not on a scored copy at release", "t_sw": null, "t_traj": null, "r_traj": null, "r_cf": null, "follows_branch": null, "secs": 2.6}
{"arm": "T", "seed": 884116, "copy_at_release": "Tp", "on_branch": false, "hold_n_G_pos": 0, "status": "no prediction: not on a scored copy at release", "t_sw": null, "t_traj": null, "r_traj": null, "r_cf": null, "follows_branch": null, "secs": 54.6}
{"arm": "T", "seed": 884117, "copy_at_release": "T", "on_branch": true, "hold_n_G_pos": 0, "status": "ok", "t_sw": 11237, "t_traj": 11260, "r_traj": 0.001025603970924216, "r_cf": 0.0010243138464382758, "follows_branch": true, "secs": 5.8}
{"arm": "T", "seed": 884118, "copy_at_release": null, "on_branch": false, "hold_n_G_pos": 0, "status": "no prediction: not on a scored copy at release", "t_sw": null, "t_traj": null, "r_traj": null, "r_cf": null, "follows_branch": null, "secs": 2.8}
{"arm": "T", "seed": 884119, "copy_at_release": "T", "on_branch": true, "hold_n_G_pos": 0, "status": "ok", "t_sw": 22441, "t_traj": 22512, "r_traj": 0.0018442588963443196, "r_cf": 0.0018364269193530275, "follows_branch": true, "secs": 49.2}
{"arm": "T", "seed": 884120, "copy_at_release": null, "on_branch": false, "hold_n_G_pos": 0, "status": "no prediction: not on a scored copy at release", "t_sw": null, "t_traj": null, "r_traj": null, "r_cf": null, "follows_branch": null, "secs": 2.2}
{"arm": "T", "seed": 884121, "copy_at_release": "T", "on_branch": true, "hold_n_G_pos": 0, "status": "ok", "t_sw": 11908, "t_traj": 11942, "r_traj": 0.0014779553121693212, "r_cf": 0.0014735649187220148, "follows_branch": true, "secs": 7.1}
{"arm": "T", "seed": 884122, "copy_at_release": "T", "on_branch": true, "hold_n_G_pos": 0, "status": "ok", "t_sw": 11928, "t_traj": 11964, "r_traj": 0.0015345472563534912, "r_cf": 0.001508959244014947, "follows_branch": true, "secs": 51.6}
{"arm": "T", "seed": 884123, "copy_at_release": null, "on_branch": false, "hold_n_G_pos": 0, "status": "no prediction: not on a scored copy at release", "t_sw": null, "t_traj": null, "r_traj": null, "r_cf": null, "follows_branch": null, "secs": 2.3}
{"arm": "T", "seed": 884124, "copy_at_release": null, "on_branch": false, "hold_n_G_pos": 0, "status": "no prediction: not on a scored copy at release", "t_sw": null, "t_traj": null, "r_traj": null, "r_cf": null, "follows_branch": null, "secs": 3.0}
{"arm": "T", "seed": 884125, "copy_at_release": "Tp", "on_branch": false, "hold_n_G_pos": 0, "status": "no prediction: not on a scored copy at release", "t_sw": null, "t_traj": null, "r_traj": null, "r_cf": null, "follows_branch": null, "secs": 2.7}
{"arm": "T", "seed": 884126, "copy_at_release": "T", "on_branch": true, "hold_n_G_pos": 0, "status": "ok", "t_sw": 10940, "t_traj": 10966, "r_traj": 0.001212128659193512, "r_cf": 0.0011857835432662518, "follows_branch": true, "secs": 57.4}
{"arm": "T", "seed": 884127, "copy_at_release": null, "on_branch": false, "hold_n_G_pos": 0, "status": "no prediction: not on a scored copy at release", "t_sw": null, "t_traj": null, "r_traj": null, "r_cf": null, "follows_branch": null, "secs": 2.2}
{"arm": "T", "seed": 884128, "copy_at_release": null, "on_branch": false, "hold_n_G_pos": 0, "status": "no prediction: not on a scored copy at release", "t_sw": null, "t_traj": null, "r_traj": null, "r_cf": null, "follows_branch": null, "secs": 2.9}
{"arm": "T", "seed": 884129, "copy_at_release": null, "on_branch": false, "hold_n_G_pos": 0, "status": "no prediction: not on a scored copy at release", "t_sw": null, "t_traj": null, "r_traj": null, "r_cf": null, "follows_branch": null, "secs": 2.8}
{"arm": "T", "seed": 884130, "copy_at_release": "T", "on_branch": true, "hold_n_G_pos": 0, "status": "ok", "t_sw": 10084, "t_traj": 10112, "r_traj": 0.0013651186057750397, "r_cf": 0.0013736353035219842, "follows_branch": true, "secs": 53.4}
{"arm": "T", "seed": 884131, "copy_at_release": "T", "on_branch": true, "hold_n_G_pos": 0, "status": "ok", "t_sw": 12634, "t_traj": 12676, "r_traj": 0.0017165928585129997, "r_cf": 0.0016733761979851817, "follows_branch": true, "secs": 6.1}
{"arm": "T", "seed": 884132, "copy_at_release": null, "on_branch": false, "hold_n_G_pos": 0, "status": "no prediction: not on a scored copy at release", "t_sw": null, "t_traj": null, "r_traj": null, "r_cf": null, "follows_branch": null, "secs": 3.3}
{"arm": "T", "seed": 884133, "copy_at_release": null, "on_branch": false, "hold_n_G_pos": 0, "status": "no prediction: not on a scored copy at release", "t_sw": null, "t_traj": null, "r_traj": null, "r_cf": null, "follows_branch": null, "secs": 2.9}
{"arm": "T", "seed": 884134, "copy_at_release": "T", "on_branch": true, "hold_n_G_pos": 0, "status": "ok", "t_sw": 8959, "t_traj": 8972, "r_traj": 0.0006827107548930123, "r_cf": 0.0006947864168052133, "follows_branch": true, "secs": 6.2}
{"arm": "T", "seed": 884135, "copy_at_release": null, "on_branch": false, "hold_n_G_pos": 0, "status": "no prediction: not on a scored copy at release", "t_sw": null, "t_traj": null, "r_traj": null, "r_cf": null, "follows_branch": null, "secs": 52.2}
{"arm": "T", "seed": 884136, "copy_at_release": null, "on_branch": false, "hold_n_G_pos": 0, "status": "no prediction: not on a scored copy at release", "t_sw": null, "t_traj": null, "r_traj": null, "r_cf": null, "follows_branch": null, "secs": 2.2}
{"arm": "T", "seed": 884137, "copy_at_release": "T", "on_branch": true, "hold_n_G_pos": 0, "status": "ok", "t_sw": 8910, "t_traj": 8936, "r_traj": 0.0013680732941987461, "r_cf": 0.0013456521085725487, "follows_branch": true, "secs": 6.2}
{"arm": "T", "seed": 884138, "copy_at_release": "T", "on_branch": true, "hold_n_G_pos": 0, "status": "ok", "t_sw": 19461, "t_traj": 19536, "r_traj": 0.0021901590259816306, "r_cf": 0.002172236404023015, "follows_branch": true, "secs": 14.8}
{"arm": "T", "seed": 884139, "copy_at_release": "T", "on_branch": true, "hold_n_G_pos": 0, "status": "ok", "t_sw": 10969, "t_traj": 10991, "r_traj": 0.0009861790088576683, "r_cf": 0.0009624685349379676, "follows_branch": true, "secs": 5.5}
{"arm": "T", "seed": 884140, "copy_at_release": "T", "on_branch": true, "hold_n_G_pos": 0, "status": "ok", "t_sw": 7138, "t_traj": 7156, "r_traj": 0.0010895989539585482, "r_cf": 0.0010381192785600157, "follows_branch": true, "secs": 5.7}
{"arm": "T", "seed": 884141, "copy_at_release": "Tp", "on_branch": false, "hold_n_G_pos": 0, "status": "no prediction: not on a scored copy at release", "t_sw": null, "t_traj": null, "r_traj": null, "r_cf": null, "follows_branch": null, "secs": 2.6}
{"arm": "T", "seed": 884142, "copy_at_release": null, "on_branch": false, "hold_n_G_pos": 0, "status": "no prediction: not on a scored copy at release", "t_sw": null, "t_traj": null, "r_traj": null, "r_cf": null, "follows_branch": null, "secs": 46.1}
{"arm": "T", "seed": 884143, "copy_at_release": null, "on_branch": false, "hold_n_G_pos": 0, "status": "no prediction: not on a scored copy at release", "t_sw": null, "t_traj": null, "r_traj": null, "r_cf": null, "follows_branch": null, "secs": 2.3}
{"arm": "T", "seed": 884144, "copy_at_release": "T", "on_branch": true, "hold_n_G_pos": 0, "status": "ok", "t_sw": 12320, "t_traj": 12351, "r_traj": 0.0013035965728929177, "r_cf": 0.0013036972376295915, "follows_branch": true, "secs": 7.0}
{"arm": "T", "seed": 884145, "copy_at_release": "T", "on_branch": true, "hold_n_G_pos": 0, "status": "ok", "t_sw": 10627, "t_traj": 10661, "r_traj": 0.0015995002538591319, "r_cf": 0.0015910406972062497, "follows_branch": true, "secs": 47.6}
{"arm": "T", "seed": 884146, "copy_at_release": "T", "on_branch": true, "hold_n_G_pos": 0, "status": "ok", "t_sw": 9211, "t_traj": 9230, "r_traj": 0.0009605894134336879, "r_cf": 0.0009449734517814802, "follows_branch": true, "secs": 5.3}
{"arm": "T", "seed": 884147, "copy_at_release": "T", "on_branch": true, "hold_n_G_pos": 0, "status": "ok", "t_sw": 10455, "t_traj": 10479, "r_traj": 0.0011585385042220953, "r_cf": 0.0011606464696455358, "follows_branch": true, "secs": 6.2}
{"arm": "T", "seed": 884148, "copy_at_release": null, "on_branch": false, "hold_n_G_pos": 0, "status": "no prediction: not on a scored copy at release", "t_sw": null, "t_traj": null, "r_traj": null, "r_cf": null, "follows_branch": null, "secs": 39.1}
{"arm": "T", "seed": 884149, "copy_at_release": "T", "on_branch": true, "hold_n_G_pos": 0, "status": "ok", "t_sw": 6350, "t_traj": 6347, "r_traj": -0.0001787265328724308, "r_cf": -0.00018047385778283148, "follows_branch": true, "secs": 4.3}
{"arm": "T", "seed": 884150, "copy_at_release": "T", "on_branch": true, "hold_n_G_pos": 0, "status": "ok", "t_sw": 7914, "t_traj": 7926, "r_traj": 0.0006960208156734371, "r_cf": 0.0006865801640231985, "follows_branch": true, "secs": 4.6}
{"arm": "T", "seed": 884151, "copy_at_release": null, "on_branch": false, "hold_n_G_pos": 0, "status": "no prediction: not on a scored copy at release", "t_sw": null, "t_traj": null, "r_traj": null, "r_cf": null, "follows_branch": null, "secs": 2.3}
{"arm": "T", "seed": 884152, "copy_at_release": "T", "on_branch": true, "hold_n_G_pos": 0, "status": "ok", "t_sw": 7906, "t_traj": 7925, "r_traj": 0.001091377251395853, "r_cf": 0.001079099517210898, "follows_branch": true, "secs": 4.4}
{"arm": "T", "seed": 884153, "copy_at_release": "Tp", "on_branch": false, "hold_n_G_pos": 0, "status": "no prediction: not on a scored copy at release", "t_sw": null, "t_traj": null, "r_traj": null, "r_cf": null, "follows_branch": null, "secs": 2.3}
{"arm": "T", "seed": 884154, "copy_at_release": null, "on_branch": false, "hold_n_G_pos": 0, "status": "no prediction: not on a scored copy at release", "t_sw": null, "t_traj": null, "r_traj": null, "r_cf": null, "follows_branch": null, "secs": 2.2}
{"arm": "T", "seed": 884155, "copy_at_release": null, "on_branch": false, "hold_n_G_pos": 0, "status": "no prediction: not on a scored copy at release", "t_sw": null, "t_traj": null, "r_traj": null, "r_cf": null, "follows_branch": null, "secs": 2.2}
{"arm": "T", "seed": 884156, "copy_at_release": "T", "on_branch": true, "hold_n_G_pos": 0, "status": "ok", "t_sw": 11554, "t_traj": 11585, "r_traj": 0.0013851104062723163, "r_cf": 0.0013780898171309815, "follows_branch": true, "secs": 5.4}
{"arm": "T", "seed": 884157, "copy_at_release": "T", "on_branch": true, "hold_n_G_pos": 0, "status": "ok", "t_sw": 12778, "t_traj": 12814, "r_traj": 0.0014773671979069203, "r_cf": 0.0014473432820497143, "follows_branch": true, "secs": 5.8}
{"arm": "T", "seed": 884158, "copy_at_release": "T", "on_branch": true, "hold_n_G_pos": 0, "status": "ok", "t_sw": 8407, "t_traj": 8423, "r_traj": 0.0008606706850253776, "r_cf": 0.0008597862765210239, "follows_branch": true, "secs": 4.7}
{"arm": "T", "seed": 884159, "copy_at_release": null, "on_branch": false, "hold_n_G_pos": 0, "status": "no prediction: not on a scored copy at release", "t_sw": null, "t_traj": null, "r_traj": null, "r_cf": null, "follows_branch": null, "secs": 2.2}
{"arm": "T", "seed": 884160, "copy_at_release": "T", "on_branch": true, "hold_n_G_pos": 0, "status": "ok", "t_sw": 10878, "t_traj": 10899, "r_traj": 0.000980417539569789, "r_cf": 0.0009469857780651569, "follows_branch": true, "secs": 5.2}
{"arm": "T", "seed": 884161, "copy_at_release": "T", "on_branch": true, "hold_n_G_pos": 0, "status": "ok", "t_sw": 11819, "t_traj": 11845, "r_traj": 0.0011214967289836508, "r_cf": 0.0011166956482967897, "follows_branch": true, "secs": 5.5}
{"arm": "T", "seed": 884162, "copy_at_release": "T", "on_branch": true, "hold_n_G_pos": 0, "status": "ok", "t_sw": 9020, "t_traj": 9045, "r_traj": 0.0012949495755454343, "r_cf": 0.0012693323617996844, "follows_branch": true, "secs": 4.7}
{"arm": "T", "seed": 884163, "copy_at_release": "T", "on_branch": true, "hold_n_G_pos": 0, "status": "ok", "t_sw": 13698, "t_traj": 13737, "r_traj": 0.001527172724763659, "r_cf": 0.0014986931597168983, "follows_branch": true, "secs": 6.0}
{"arm": "T", "seed": 884164, "copy_at_release": null, "on_branch": false, "hold_n_G_pos": 0, "status": "no prediction: not on a scored copy at release", "t_sw": null, "t_traj": null, "r_traj": null, "r_cf": null, "follows_branch": null, "secs": 2.2}
{"arm": "T", "seed": 884165, "copy_at_release": "T", "on_branch": true, "hold_n_G_pos": 0, "status": "ok", "t_sw": 16701, "t_traj": 16746, "r_traj": 0.0015186522338579422, "r_cf": 0.0014879250985323548, "follows_branch": true, "secs": 6.7}
{"arm": "T", "seed": 884166, "copy_at_release": null, "on_branch": false, "hold_n_G_pos": 0, "status": "no prediction: not on a scored copy at release", "t_sw": null, "t_traj": null, "r_traj": null, "r_cf": null, "follows_branch": null, "secs": 2.2}
{"arm": "T", "seed": 884167, "copy_at_release": "T", "on_branch": true, "hold_n_G_pos": 0, "status": "ok", "t_sw": 7542, "t_traj": 7552, "r_traj": 0.0006124930913922189, "r_cf": 0.0006117105517333274, "follows_branch": true, "secs": 4.3}
{"arm": "T", "seed": 884168, "copy_at_release": null, "on_branch": false, "hold_n_G_pos": 0, "status": "no prediction: not on a scored copy at release", "t_sw": null, "t_traj": null, "r_traj": null, "r_cf": null, "follows_branch": null, "secs": 2.2}
{"arm": "T", "seed": 884169, "copy_at_release": "T", "on_branch": true, "hold_n_G_pos": 0, "status": "ok", "t_sw": 13524, "t_traj": 13561, "r_traj": 0.0014488636499629948, "r_cf": 0.0014227748145458745, "follows_branch": true, "secs": 5.8}
{"arm": "T", "seed": 884170, "copy_at_release": "Tp", "on_branch": false, "hold_n_G_pos": 0, "status": "no prediction: not on a scored copy at release", "t_sw": null, "t_traj": null, "r_traj": null, "r_cf": null, "follows_branch": null, "secs": 2.2}
{"arm": "T", "seed": 884171, "copy_at_release": null, "on_branch": false, "hold_n_G_pos": 0, "status": "no prediction: not on a scored copy at release", "t_sw": null, "t_traj": null, "r_traj": null, "r_cf": null, "follows_branch": null, "secs": 2.2}
{"arm": "T", "seed": 884172, "copy_at_release": null, "on_branch": false, "hold_n_G_pos": 0, "status": "no prediction: not on a scored copy at release", "t_sw": null, "t_traj": null, "r_traj": null, "r_cf": null, "follows_branch": null, "secs": 2.3}
{"arm": "T", "seed": 884173, "copy_at_release": "T", "on_branch": true, "hold_n_G_pos": 0, "status": "ok", "t_sw": 13744, "t_traj": 13791, "r_traj": 0.0018330698237949417, "r_cf": 0.0018042958460305603, "follows_branch": true, "secs": 6.0}
{"arm": "T", "seed": 884174, "copy_at_release": null, "on_branch": false, "hold_n_G_pos": 0, "status": "no prediction: not on a scored copy at release", "t_sw": null, "t_traj": null, "r_traj": null, "r_cf": null, "follows_branch": null, "secs": 2.2}
{"arm": "T", "seed": 884175, "copy_at_release": null, "on_branch": false, "hold_n_G_pos": 0, "status": "no prediction: not on a scored copy at release", "t_sw": null, "t_traj": null, "r_traj": null, "r_cf": null, "follows_branch": null, "secs": 2.2}
{"arm": "T", "seed": 884176, "copy_at_release": null, "on_branch": false, "hold_n_G_pos": 0, "status": "no prediction: not on a scored copy at release", "t_sw": null, "t_traj": null, "r_traj": null, "r_cf": null, "follows_branch": null, "secs": 47.4}
{"arm": "T", "seed": 884177, "copy_at_release": null, "on_branch": false, "hold_n_G_pos": 0, "status": "no prediction: not on a scored copy at release", "t_sw": null, "t_traj": null, "r_traj": null, "r_cf": null, "follows_branch": null, "secs": 2.2}
{"arm": "T", "seed": 884178, "copy_at_release": null, "on_branch": false, "hold_n_G_pos": 0, "status": "no prediction: not on a scored copy at release", "t_sw": null, "t_traj": null, "r_traj": null, "r_cf": null, "follows_branch": null, "secs": 3.1}
{"arm": "T", "seed": 884179, "copy_at_release": null, "on_branch": false, "hold_n_G_pos": 0, "status": "no prediction: not on a scored copy at release", "t_sw": null, "t_traj": null, "r_traj": null, "r_cf": null, "follows_branch": null, "secs": 3.6}
{"arm": "T", "seed": 884180, "copy_at_release": "T", "on_branch": true, "hold_n_G_pos": 0, "status": "ok", "t_sw": 12614, "t_traj": 12656, "r_traj": 0.0017361707351692957, "r_cf": 0.0017117755300895725, "follows_branch": true, "secs": 8.1}
{"arm": "T", "seed": 884181, "copy_at_release": null, "on_branch": false, "hold_n_G_pos": 0, "status": "no prediction: not on a scored copy at release", "t_sw": null, "t_traj": null, "r_traj": null, "r_cf": null, "follows_branch": null, "secs": 56.6}
{"arm": "T", "seed": 884182, "copy_at_release": null, "on_branch": false, "hold_n_G_pos": 0, "status": "no prediction: not on a scored copy at release", "t_sw": null, "t_traj": null, "r_traj": null, "r_cf": null, "follows_branch": null, "secs": 2.2}
{"arm": "T", "seed": 884183, "copy_at_release": "T", "on_branch": true, "hold_n_G_pos": 0, "status": "ok", "t_sw": 14617, "t_traj": 14655, "r_traj": 0.001416238425381744, "r_cf": 0.001381479951356555, "follows_branch": true, "secs": 7.7}
{"arm": "T", "seed": 884184, "copy_at_release": "T", "on_branch": true, "hold_n_G_pos": 0, "status": "ok", "t_sw": 11360, "t_traj": 11382, "r_traj": 0.0009847007762535664, "r_cf": 0.0009926204065572345, "follows_branch": true, "secs": 56.9}
{"arm": "T", "seed": 884185, "copy_at_release": "Tp", "on_branch": false, "hold_n_G_pos": 0, "status": "no prediction: not on a scored copy at release", "t_sw": null, "t_traj": null, "r_traj": null, "r_cf": null, "follows_branch": null, "secs": 2.6}
{"arm": "T", "seed": 884186, "copy_at_release": "T", "on_branch": true, "hold_n_G_pos": 0, "status": "ok", "t_sw": 7438, "t_traj": 7443, "r_traj": 0.00029707804491119205, "r_cf": 0.0003213440314278666, "follows_branch": true, "secs": 5.4}
{"arm": "T", "seed": 884187, "copy_at_release": null, "on_branch": false, "hold_n_G_pos": 0, "status": "no prediction: not on a scored copy at release", "t_sw": null, "t_traj": null, "r_traj": null, "r_cf": null, "follows_branch": null, "secs": 2.6}
{"arm": "T", "seed": 884188, "copy_at_release": null, "on_branch": false, "hold_n_G_pos": 0, "status": "no prediction: not on a scored copy at release", "t_sw": null, "t_traj": null, "r_traj": null, "r_cf": null, "follows_branch": null, "secs": 56.0}
{"arm": "T", "seed": 884189, "copy_at_release": null, "on_branch": false, "hold_n_G_pos": 0, "status": "no prediction: not on a scored copy at release", "t_sw": null, "t_traj": null, "r_traj": null, "r_cf": null, "follows_branch": null, "secs": 2.2}
{"arm": "T", "seed": 884190, "copy_at_release": null, "on_branch": false, "hold_n_G_pos": 0, "status": "no prediction: not on a scored copy at release", "t_sw": null, "t_traj": null, "r_traj": null, "r_cf": null, "follows_branch": null, "secs": 2.5}
{"arm": "T", "seed": 884191, "copy_at_release": null, "on_branch": false, "hold_n_G_pos": 0, "status": "no prediction: not on a scored copy at release", "t_sw": null, "t_traj": null, "r_traj": null, "r_cf": null, "follows_branch": null, "secs": 3.0}
{"arm": "T", "seed": 884192, "copy_at_release": "T", "on_branch": true, "hold_n_G_pos": 1, "status": "ok", "t_sw": 8925, "t_traj": 8941, "r_traj": 0.0008410561343852319, "r_cf": 0.0008272451713312318, "follows_branch": true, "secs": 59.3}
{"arm": "T", "seed": 884193, "copy_at_release": null, "on_branch": false, "hold_n_G_pos": 0, "status": "no prediction: not on a scored copy at release", "t_sw": null, "t_traj": null, "r_traj": null, "r_cf": null, "follows_branch": null, "secs": 2.3}
{"arm": "T", "seed": 884194, "copy_at_release": "Tp", "on_branch": false, "hold_n_G_pos": 0, "status": "no prediction: not on a scored copy at release", "t_sw": null, "t_traj": null, "r_traj": null, "r_cf": null, "follows_branch": null, "secs": 2.5}
{"arm": "T", "seed": 884195, "copy_at_release": null, "on_branch": false, "hold_n_G_pos": 0, "status": "no prediction: not on a scored copy at release", "t_sw": null, "t_traj": null, "r_traj": null, "r_cf": null, "follows_branch": null, "secs": 2.9}
{"arm": "T", "seed": 884196, "copy_at_release": "T", "on_branch": true, "hold_n_G_pos": 0, "status": "ok", "t_sw": 8038, "t_traj": 8058, "r_traj": 0.001149945840029698, "r_cf": 0.0011256850348352464, "follows_branch": true, "secs": 5.8}
{"arm": "T", "seed": 884197, "copy_at_release": "T", "on_branch": true, "hold_n_G_pos": 0, "status": "ok", "t_sw": 11483, "t_traj": 11508, "r_traj": 0.0011054652730844161, "r_cf": 0.0011004981483697072, "follows_branch": true, "secs": 58.2}
{"arm": "T", "seed": 884198, "copy_at_release": null, "on_branch": false, "hold_n_G_pos": 0, "status": "no prediction: not on a scored copy at release", "t_sw": null, "t_traj": null, "r_traj": null, "r_cf": null, "follows_branch": null, "secs": 2.9}
{"arm": "T", "seed": 884199, "copy_at_release": null, "on_branch": false, "hold_n_G_pos": 0, "status": "no prediction: not on a scored copy at release", "t_sw": null, "t_traj": null, "r_traj": null, "r_cf": null, "follows_branch": null, "secs": 2.9}
{"arm": "D", "seed": 884000, "copy_at_release": "D", "on_branch": true, "hold_n_G_pos": 0, "status": "ok", "t_sw": 5068, "t_traj": 5308, "r_traj": 0.030547348467688584, "r_cf": 0.030915908093738915, "follows_branch": true, "secs": 3.6}
{"arm": "D", "seed": 884001, "copy_at_release": "D", "on_branch": true, "hold_n_G_pos": 0, "status": "ok", "t_sw": 5484, "t_traj": 5692, "r_traj": 0.024451476058197086, "r_cf": 0.024818890546361435, "follows_branch": true, "secs": 50.3}
{"arm": "D", "seed": 884002, "copy_at_release": "D", "on_branch": true, "hold_n_G_pos": 0, "status": "ok", "t_sw": 4718, "t_traj": 4940, "r_traj": 0.030182855607588044, "r_cf": 0.03060476171047831, "follows_branch": true, "secs": 2.4}
{"arm": "D", "seed": 884003, "copy_at_release": "D", "on_branch": true, "hold_n_G_pos": 0, "status": "ok", "t_sw": 5637, "t_traj": 5879, "r_traj": 0.027670844062957833, "r_cf": 0.028049689014123923, "follows_branch": true, "secs": 3.3}
{"arm": "D", "seed": 884004, "copy_at_release": "D", "on_branch": true, "hold_n_G_pos": 0, "status": "ok", "t_sw": 4625, "t_traj": 4828, "r_traj": 0.02819631808701417, "r_cf": 0.028573468181215218, "follows_branch": true, "secs": 2.8}
{"arm": "D", "seed": 884005, "copy_at_release": "D", "on_branch": true, "hold_n_G_pos": 0, "status": "ok", "t_sw": 4712, "t_traj": 4945, "r_traj": 0.03192665569708519, "r_cf": 0.029684213474628757, "follows_branch": true, "secs": 2.8}
{"arm": "D", "seed": 884006, "copy_at_release": "D", "on_branch": true, "hold_n_G_pos": 0, "status": "ok", "t_sw": 4742, "t_traj": 4926, "r_traj": 0.025467255538529132, "r_cf": 0.025828587862563465, "follows_branch": true, "secs": 58.3}
{"arm": "D", "seed": 884007, "copy_at_release": "D", "on_branch": true, "hold_n_G_pos": 0, "status": "ok", "t_sw": 5664, "t_traj": 5918, "r_traj": 0.028978882823322616, "r_cf": 0.029393365850985405, "follows_branch": true, "secs": 2.7}
{"arm": "D", "seed": 884008, "copy_at_release": "D", "on_branch": true, "hold_n_G_pos": 0, "status": "ok", "t_sw": 3583, "t_traj": 3753, "r_traj": 0.031036986285439605, "r_cf": 0.031407693853250124, "follows_branch": true, "secs": 2.4}
{"arm": "D", "seed": 884009, "copy_at_release": "D", "on_branch": true, "hold_n_G_pos": 0, "status": "ok", "t_sw": 3807, "t_traj": 4004, "r_traj": 0.033469303344306756, "r_cf": 0.03396288083036313, "follows_branch": true, "secs": 2.9}
{"arm": "D", "seed": 884010, "copy_at_release": "D", "on_branch": true, "hold_n_G_pos": 0, "status": "ok", "t_sw": 4160, "t_traj": 4372, "r_traj": 0.03259020591710948, "r_cf": 0.032532511648357666, "follows_branch": true, "secs": 2.7}
{"arm": "D", "seed": 884011, "copy_at_release": "D", "on_branch": true, "hold_n_G_pos": 0, "status": "ok", "t_sw": 4687, "t_traj": 4880, "r_traj": 0.026956499216967966, "r_cf": 0.02732656559500147, "follows_branch": true, "secs": 2.6}
{"arm": "D", "seed": 884012, "copy_at_release": "D", "on_branch": true, "hold_n_G_pos": 0, "status": "ok", "t_sw": 3141, "t_traj": 3336, "r_traj": 0.040762051117605225, "r_cf": 0.04123648969252417, "follows_branch": true, "secs": 47.8}
{"arm": "D", "seed": 884013, "copy_at_release": "D", "on_branch": true, "hold_n_G_pos": 0, "status": "ok", "t_sw": 3960, "t_traj": 4171, "r_traj": 0.03468307324287201, "r_cf": 0.03472368766074406, "follows_branch": true, "secs": 2.2}
{"arm": "D", "seed": 884014, "copy_at_release": "D", "on_branch": true, "hold_n_G_pos": 0, "status": "ok", "t_sw": 4452, "t_traj": 4659, "r_traj": 0.0297775505333977, "r_cf": 0.030216554512973882, "follows_branch": true, "secs": 3.1}
{"arm": "D", "seed": 884015, "copy_at_release": "D", "on_branch": true, "hold_n_G_pos": 0, "status": "ok", "t_sw": 3155, "t_traj": 3348, "r_traj": 0.040302180158816814, "r_cf": 0.04088846745317424, "follows_branch": true, "secs": 2.4}
{"arm": "D", "seed": 884016, "copy_at_release": "D", "on_branch": true, "hold_n_G_pos": 0, "status": "ok", "t_sw": 4087, "t_traj": 4272, "r_traj": 0.029405074286471544, "r_cf": 0.02977736285367229, "follows_branch": true, "secs": 2.7}
{"arm": "D", "seed": 884017, "copy_at_release": "D", "on_branch": true, "hold_n_G_pos": 0, "status": "ok", "t_sw": 3873, "t_traj": 4044, "r_traj": 0.028606926544818334, "r_cf": 0.029086466929697276, "follows_branch": true, "secs": 47.5}
{"arm": "D", "seed": 884018, "copy_at_release": "D", "on_branch": true, "hold_n_G_pos": 0, "status": "ok", "t_sw": 4058, "t_traj": 4268, "r_traj": 0.03373303535581451, "r_cf": 0.03362598312269086, "follows_branch": true, "secs": 2.3}
{"arm": "D", "seed": 884019, "copy_at_release": "D", "on_branch": true, "hold_n_G_pos": 0, "status": "ok", "t_sw": 4744, "t_traj": 4935, "r_traj": 0.026166080605589892, "r_cf": 0.026572274517540944, "follows_branch": true, "secs": 2.4}
{"arm": "D", "seed": 884020, "copy_at_release": "D", "on_branch": true, "hold_n_G_pos": 0, "status": "ok", "t_sw": 5640, "t_traj": 5870, "r_traj": 0.02625089039990125, "r_cf": 0.026617324217114952, "follows_branch": true, "secs": 3.5}
{"arm": "D", "seed": 884021, "copy_at_release": "D", "on_branch": true, "hold_n_G_pos": 0, "status": "ok", "t_sw": 4564, "t_traj": 4775, "r_traj": 0.02973282093739038, "r_cf": 0.030199693027251152, "follows_branch": true, "secs": 2.8}
{"arm": "D", "seed": 884022, "copy_at_release": "D", "on_branch": true, "hold_n_G_pos": 0, "status": "ok", "t_sw": 3552, "t_traj": 3724, "r_traj": 0.03176029819593196, "r_cf": 0.03227827606877502, "follows_branch": true, "secs": 2.4}
{"arm": "D", "seed": 884023, "copy_at_release": "D", "on_branch": true, "hold_n_G_pos": 0, "status": "ok", "t_sw": 4236, "t_traj": 4438, "r_traj": 0.030758224593045114, "r_cf": 0.031097961874280603, "follows_branch": true, "secs": 54.6}
{"arm": "D", "seed": 884024, "copy_at_release": "D", "on_branch": true, "hold_n_G_pos": 0, "status": "ok", "t_sw": 4754, "t_traj": 4984, "r_traj": 0.031016509310730633, "r_cf": 0.030950665657233475, "follows_branch": true, "secs": 2.4}
{"arm": "D", "seed": 884025, "copy_at_release": "D", "on_branch": true, "hold_n_G_pos": 0, "status": "ok", "t_sw": 3599, "t_traj": 3770, "r_traj": 0.031000643275218565, "r_cf": 0.0313414671566548, "follows_branch": true, "secs": 2.9}
{"arm": "D", "seed": 884026, "copy_at_release": "D", "on_branch": true, "hold_n_G_pos": 0, "status": "ok", "t_sw": 3808, "t_traj": 3994, "r_traj": 0.03213576276673069, "r_cf": 0.03255339790127963, "follows_branch": true, "secs": 2.9}
{"arm": "D", "seed": 884027, "copy_at_release": "D", "on_branch": true, "hold_n_G_pos": 0, "status": "ok", "t_sw": 3967, "t_traj": 4156, "r_traj": 0.031127893514755645, "r_cf": 0.03162750814444573, "follows_branch": true, "secs": 2.7}
{"arm": "D", "seed": 884028, "copy_at_release": "D", "on_branch": true, "hold_n_G_pos": 0, "status": "ok", "t_sw": 3135, "t_traj": 3320, "r_traj": 0.03843826643253134, "r_cf": 0.039005693343185245, "follows_branch": true, "secs": 2.1}
{"arm": "D", "seed": 884029, "copy_at_release": "D", "on_branch": true, "hold_n_G_pos": 0, "status": "ok", "t_sw": 4646, "t_traj": 4863, "r_traj": 0.03017267486365971, "r_cf": 0.030621492412035097, "follows_branch": true, "secs": 861.0}
{"arm": "D", "seed": 884030, "copy_at_release": "D", "on_branch": true, "hold_n_G_pos": 0, "status": "ok", "t_sw": 3869, "t_traj": 4054, "r_traj": 0.03105995059991007, "r_cf": 0.03153776714231558, "follows_branch": true, "secs": 2.1}
{"arm": "D", "seed": 884031, "copy_at_release": "D", "on_branch": true, "hold_n_G_pos": 0, "status": "ok", "t_sw": 3979, "t_traj": 4169, "r_traj": 0.03109680837812312, "r_cf": 0.031550119358704797, "follows_branch": true, "secs": 2.8}
{"arm": "D", "seed": 884032, "copy_at_release": "D", "on_branch": true, "hold_n_G_pos": 0, "status": "ok", "t_sw": 3370, "t_traj": 3554, "r_traj": 0.036009657138541984, "r_cf": 0.03598206623125628, "follows_branch": true, "secs": 2.5}
{"arm": "D", "seed": 884033, "copy_at_release": "D", "on_branch": true, "hold_n_G_pos": 0, "status": "ok", "t_sw": 6282, "t_traj": 6499, "r_traj": 0.02226743163178635, "r_cf": 0.022531191588015347, "follows_branch": true, "secs": 4.4}
{"arm": "D", "seed": 884034, "copy_at_release": "D", "on_branch": true, "hold_n_G_pos": 0, "status": "ok", "t_sw": 6623, "t_traj": 6844, "r_traj": 0.02139333989454273, "r_cf": 0.021684926334221127, "follows_branch": true, "secs": 357.4}
{"arm": "D", "seed": 884035, "copy_at_release": "D", "on_branch": true, "hold_n_G_pos": 0, "status": "ok", "t_sw": 5583, "t_traj": 5774, "r_traj": 0.022469188246852623, "r_cf": 0.022812762623802326, "follows_branch": true, "secs": 2.8}
{"arm": "D", "seed": 884036, "copy_at_release": "D", "on_branch": true, "hold_n_G_pos": 0, "status": "ok", "t_sw": 3717, "t_traj": 3897, "r_traj": 0.031146203529633487, "r_cf": 0.0315183036844851, "follows_branch": true, "secs": 3.8}
{"arm": "D", "seed": 884037, "copy_at_release": "D", "on_branch": true, "hold_n_G_pos": 0, "status": "ok", "t_sw": 3754, "t_traj": 3951, "r_traj": 0.03391604947994353, "r_cf": 0.03399419960154463, "follows_branch": true, "secs": 2.9}
{"arm": "D", "seed": 884038, "copy_at_release": "D", "on_branch": true, "hold_n_G_pos": 0, "status": "ok", "t_sw": 3920, "t_traj": 4102, "r_traj": 0.030248002022963627, "r_cf": 0.030716862625776876, "follows_branch": true, "secs": 2.3}
{"arm": "D", "seed": 884039, "copy_at_release": "D", "on_branch": true, "hold_n_G_pos": 0, "status": "ok", "t_sw": 3986, "t_traj": 4170, "r_traj": 0.03018111912954402, "r_cf": 0.03057122362790349, "follows_branch": true, "secs": 2.2}
{"arm": "D", "seed": 884040, "copy_at_release": "D", "on_branch": true, "hold_n_G_pos": 0, "status": "ok", "t_sw": 3956, "t_traj": 4170, "r_traj": 0.0348533054522393, "r_cf": 0.03486740780263742, "follows_branch": true, "secs": 2.3}
{"arm": "D", "seed": 884041, "copy_at_release": "D", "on_branch": true, "hold_n_G_pos": 0, "status": "ok", "t_sw": 4101, "t_traj": 4291, "r_traj": 0.030620842432174777, "r_cf": 0.031021928347580736, "follows_branch": true, "secs": 2.2}
{"arm": "D", "seed": 884042, "copy_at_release": "D", "on_branch": true, "hold_n_G_pos": 0, "status": "ok", "t_sw": 4127, "t_traj": 4338, "r_traj": 0.03308514062325285, "r_cf": 0.03356092118330956, "follows_branch": true, "secs": 2.7}
{"arm": "D", "seed": 884043, "copy_at_release": "D", "on_branch": true, "hold_n_G_pos": 0, "status": "ok", "t_sw": 3116, "t_traj": 3298, "r_traj": 0.03794316757942351, "r_cf": 0.03839669942691055, "follows_branch": true, "secs": 2.2}
{"arm": "D", "seed": 884044, "copy_at_release": "D", "on_branch": true, "hold_n_G_pos": 0, "status": "ok", "t_sw": 5480, "t_traj": 5700, "r_traj": 0.026024722190497673, "r_cf": 0.02641134813749294, "follows_branch": true, "secs": 3.5}
{"arm": "D", "seed": 884045, "copy_at_release": "D", "on_branch": true, "hold_n_G_pos": 0, "status": "ok", "t_sw": 4495, "t_traj": 4694, "r_traj": 0.028753775602653242, "r_cf": 0.029234446594311313, "follows_branch": true, "secs": 2.3}
{"arm": "D", "seed": 884046, "copy_at_release": "D", "on_branch": true, "hold_n_G_pos": 0, "status": "ok", "t_sw": 4673, "t_traj": 4898, "r_traj": 0.03082101711036822, "r_cf": 0.031168259375446285, "follows_branch": true, "secs": 2.3}
{"arm": "D", "seed": 884047, "copy_at_release": "D", "on_branch": true, "hold_n_G_pos": 0, "status": "ok", "t_sw": 3556, "t_traj": 3759, "r_traj": 0.037284972920346604, "r_cf": 0.03769263827460959, "follows_branch": true, "secs": 2.1}
{"arm": "D", "seed": 884048, "copy_at_release": "D", "on_branch": true, "hold_n_G_pos": 0, "status": "ok", "t_sw": 4726, "t_traj": 4970, "r_traj": 0.03343777105029244, "r_cf": 0.03344497987720236, "follows_branch": true, "secs": 2.5}
{"arm": "D", "seed": 884049, "copy_at_release": "D", "on_branch": true, "hold_n_G_pos": 0, "status": "ok", "t_sw": 3374, "t_traj": 3554, "r_traj": 0.03498185089296091, "r_cf": 0.03543047336982654, "follows_branch": true, "secs": 2.0}
{"arm": "D", "seed": 884050, "copy_at_release": "D", "on_branch": true, "hold_n_G_pos": 0, "status": "ok", "t_sw": 4213, "t_traj": 4375, "r_traj": 0.02518045123600965, "r_cf": 0.025569829523800724, "follows_branch": true, "secs": 2.3}
{"arm": "D", "seed": 884051, "copy_at_release": "D", "on_branch": true, "hold_n_G_pos": 0, "status": "ok", "t_sw": 5591, "t_traj": 5800, "r_traj": 0.024126098189005685, "r_cf": 0.02449848245093709, "follows_branch": true, "secs": 2.7}
{"arm": "D", "seed": 884052, "copy_at_release": "D", "on_branch": true, "hold_n_G_pos": 0, "status": "ok", "t_sw": 3612, "t_traj": 3810, "r_traj": 0.035827772616855214, "r_cf": 0.03581337211259342, "follows_branch": true, "secs": 2.1}
{"arm": "D", "seed": 884053, "copy_at_release": "D", "on_branch": true, "hold_n_G_pos": 0, "status": "ok", "t_sw": 5626, "t_traj": 5913, "r_traj": 0.03202054824967626, "r_cf": 0.031979045037528894, "follows_branch": true, "secs": 2.7}
{"arm": "D", "seed": 884054, "copy_at_release": "D", "on_branch": true, "hold_n_G_pos": 0, "status": "ok", "t_sw": 3720, "t_traj": 3914, "r_traj": 0.03385523609052066, "r_cf": 0.03388609626557425, "follows_branch": true, "secs": 2.2}
{"arm": "D", "seed": 884055, "copy_at_release": "D", "on_branch": true, "hold_n_G_pos": 0, "status": "ok", "t_sw": 3251, "t_traj": 3433, "r_traj": 0.03650723077877149, "r_cf": 0.03658197861663254, "follows_branch": true, "secs": 2.0}
{"arm": "D", "seed": 884056, "copy_at_release": "D", "on_branch": true, "hold_n_G_pos": 0, "status": "ok", "t_sw": 3732, "t_traj": 3924, "r_traj": 0.03352585956808185, "r_cf": 0.03391396661334518, "follows_branch": true, "secs": 2.2}
{"arm": "D", "seed": 884057, "copy_at_release": "D", "on_branch": true, "hold_n_G_pos": 0, "status": "ok", "t_sw": 4075, "t_traj": 4287, "r_traj": 0.033947261767293124, "r_cf": 0.033993241155633375, "follows_branch": true, "secs": 2.2}
{"arm": "D", "seed": 884058, "copy_at_release": "D", "on_branch": true, "hold_n_G_pos": 0, "status": "ok", "t_sw": 3871, "t_traj": 4064, "r_traj": 0.03261105134384157, "r_cf": 0.03301466704321421, "follows_branch": true, "secs": 2.2}
{"arm": "D", "seed": 884059, "copy_at_release": "D", "on_branch": true, "hold_n_G_pos": 0, "status": "ok", "t_sw": 4298, "t_traj": 4504, "r_traj": 0.031005756453464928, "r_cf": 0.03145026606375569, "follows_branch": true, "secs": 2.2}
{"arm": "D", "seed": 884060, "copy_at_release": "D", "on_branch": true, "hold_n_G_pos": 0, "status": "ok", "t_sw": 4057, "t_traj": 4281, "r_traj": 0.03529700306389483, "r_cf": 0.03587310170009847, "follows_branch": true, "secs": 2.2}
{"arm": "D", "seed": 884061, "copy_at_release": "D", "on_branch": true, "hold_n_G_pos": 0, "status": "ok", "t_sw": 5107, "t_traj": 5361, "r_traj": 0.03201604494793253, "r_cf": 0.03197259563984761, "follows_branch": true, "secs": 2.4}
{"arm": "D", "seed": 884062, "copy_at_release": "D", "on_branch": true, "hold_n_G_pos": 0, "status": "ok", "t_sw": 4043, "t_traj": 4261, "r_traj": 0.03496799563241226, "r_cf": 0.03490324454433656, "follows_branch": true, "secs": 2.1}
{"arm": "D", "seed": 884063, "copy_at_release": "D", "on_branch": true, "hold_n_G_pos": 0, "status": "ok", "t_sw": 5122, "t_traj": 5337, "r_traj": 0.027058559856872222, "r_cf": 0.027427642711219776, "follows_branch": true, "secs": 2.5}
{"arm": "D", "seed": 884064, "copy_at_release": "D", "on_branch": true, "hold_n_G_pos": 0, "status": "ok", "t_sw": 5224, "t_traj": 5435, "r_traj": 0.026528985458147192, "r_cf": 0.026983221693693795, "follows_branch": true, "secs": 2.5}
{"arm": "D", "seed": 884065, "copy_at_release": "D", "on_branch": true, "hold_n_G_pos": 0, "status": "ok", "t_sw": 4141, "t_traj": 4352, "r_traj": 0.033261634660995076, "r_cf": 0.03368710627630944, "follows_branch": true, "secs": 2.2}
{"arm": "D", "seed": 884066, "copy_at_release": "D", "on_branch": true, "hold_n_G_pos": 0, "status": "ok", "t_sw": 3994, "t_traj": 4183, "r_traj": 0.03073234023115501, "r_cf": 0.031157293584740845, "follows_branch": true, "secs": 2.1}
{"arm": "D", "seed": 884067, "copy_at_release": "D", "on_branch": true, "hold_n_G_pos": 0, "status": "ok", "t_sw": 3927, "t_traj": 4148, "r_traj": 0.03607950331831722, "r_cf": 0.03614179900416949, "follows_branch": true, "secs": 2.1}
{"arm": "D", "seed": 884068, "copy_at_release": "D", "on_branch": true, "hold_n_G_pos": 0, "status": "ok", "t_sw": 3595, "t_traj": 3783, "r_traj": 0.03451763434811239, "r_cf": 0.034469532859231905, "follows_branch": true, "secs": 2.0}
{"arm": "D", "seed": 884069, "copy_at_release": "D", "on_branch": true, "hold_n_G_pos": 0, "status": "ok", "t_sw": 5098, "t_traj": 5352, "r_traj": 0.03246911418174281, "r_cf": 0.03239920554124208, "follows_branch": true, "secs": 2.4}
{"arm": "D", "seed": 884070, "copy_at_release": "D", "on_branch": true, "hold_n_G_pos": 0, "status": "ok", "t_sw": 3066, "t_traj": 3244, "r_traj": 0.03726152706878061, "r_cf": 0.03776728037339226, "follows_branch": true, "secs": 1.9}
{"arm": "D", "seed": 884071, "copy_at_release": "D", "on_branch": true, "hold_n_G_pos": 0, "status": "ok", "t_sw": 4109, "t_traj": 4323, "r_traj": 0.03376295818470498, "r_cf": 0.03422333708055831, "follows_branch": true, "secs": 2.2}
{"arm": "D", "seed": 884072, "copy_at_release": "D", "on_branch": true, "hold_n_G_pos": 0, "status": "ok", "t_sw": 3317, "t_traj": 3504, "r_traj": 0.03678350820231846, "r_cf": 0.037213593280075695, "follows_branch": true, "secs": 2.0}
{"arm": "D", "seed": 884073, "copy_at_release": "D", "on_branch": true, "hold_n_G_pos": 0, "status": "ok", "t_sw": 4647, "t_traj": 4882, "r_traj": 0.032603643253793724, "r_cf": 0.03302647394284022, "follows_branch": true, "secs": 2.3}
{"arm": "D", "seed": 884074, "copy_at_release": "D", "on_branch": true, "hold_n_G_pos": 0, "status": "ok", "t_sw": 3604, "t_traj": 3786, "r_traj": 0.0336410115684187, "r_cf": 0.034068150013523334, "follows_branch": true, "secs": 2.0}
{"arm": "D", "seed": 884075, "copy_at_release": "D", "on_branch": true, "hold_n_G_pos": 0, "status": "ok", "t_sw": 4055, "t_traj": 4220, "r_traj": 0.026731460574836996, "r_cf": 0.027166605557120672, "follows_branch": true, "secs": 2.1}
{"arm": "D", "seed": 884076, "copy_at_release": "D", "on_branch": true, "hold_n_G_pos": 0, "status": "ok", "t_sw": 5491, "t_traj": 5765, "r_traj": 0.03176168652176159, "r_cf": 0.03221421560246239, "follows_branch": true, "secs": 2.6}
{"arm": "D", "seed": 884077, "copy_at_release": "D", "on_branch": true, "hold_n_G_pos": 0, "status": "ok", "t_sw": 5779, "t_traj": 6016, "r_traj": 0.026366737086593428, "r_cf": 0.026767613713385725, "follows_branch": true, "secs": 2.6}
{"arm": "D", "seed": 884078, "copy_at_release": "D", "on_branch": true, "hold_n_G_pos": 0, "status": "ok", "t_sw": 5243, "t_traj": 5436, "r_traj": 0.023858736750461684, "r_cf": 0.024149462671808897, "follows_branch": true, "secs": 2.5}
{"arm": "D", "seed": 884079, "copy_at_release": "D", "on_branch": true, "hold_n_G_pos": 0, "status": "ok", "t_sw": 3875, "t_traj": 4060, "r_traj": 0.03116784809559392, "r_cf": 0.031668475456586, "follows_branch": true, "secs": 2.1}
{"arm": "D", "seed": 884080, "copy_at_release": "D", "on_branch": true, "hold_n_G_pos": 0, "status": "ok", "t_sw": 3892, "t_traj": 4092, "r_traj": 0.03353704167116267, "r_cf": 0.03398506038710063, "follows_branch": true, "secs": 2.1}
{"arm": "D", "seed": 884081, "copy_at_release": "D", "on_branch": true, "hold_n_G_pos": 0, "status": "ok", "t_sw": 4401, "t_traj": 4593, "r_traj": 0.028312242186527392, "r_cf": 0.028615954981100554, "follows_branch": true, "secs": 2.2}
{"arm": "D", "seed": 884082, "copy_at_release": "D", "on_branch": true, "hold_n_G_pos": 0, "status": "ok", "t_sw": 3900, "t_traj": 4093, "r_traj": 0.03217993453690404, "r_cf": 0.0326042785470938, "follows_branch": true, "secs": 2.1}
{"arm": "D", "seed": 884083, "copy_at_release": "D", "on_branch": true, "hold_n_G_pos": 0, "status": "ok", "t_sw": 4600, "t_traj": 4824, "r_traj": 0.03165754768514106, "r_cf": 0.032079909997899184, "follows_branch": true, "secs": 2.3}
{"arm": "D", "seed": 884084, "copy_at_release": "D", "on_branch": true, "hold_n_G_pos": 0, "status": "ok", "t_sw": 3402, "t_traj": 3574, "r_traj": 0.0325768395580619, "r_cf": 0.032902468602275976, "follows_branch": true, "secs": 2.0}
{"arm": "D", "seed": 884085, "copy_at_release": "D", "on_branch": true, "hold_n_G_pos": 0, "status": "ok", "t_sw": 4914, "t_traj": 5118, "r_traj": 0.027059748057660205, "r_cf": 0.027382402708893472, "follows_branch": true, "secs": 2.4}
{"arm": "D", "seed": 884086, "copy_at_release": "D", "on_branch": true, "hold_n_G_pos": 0, "status": "ok", "t_sw": 4224, "t_traj": 4410, "r_traj": 0.028566684501767137, "r_cf": 0.028984061461780695, "follows_branch": true, "secs": 2.2}
{"arm": "D", "seed": 884087, "copy_at_release": "D", "on_branch": true, "hold_n_G_pos": 0, "status": "ok", "t_sw": 4407, "t_traj": 4613, "r_traj": 0.0303355213451304, "r_cf": 0.030680558025464905, "follows_branch": true, "secs": 2.2}
{"arm": "D", "seed": 884088, "copy_at_release": "D", "on_branch": true, "hold_n_G_pos": 0, "status": "ok", "t_sw": 3276, "t_traj": 3437, "r_traj": 0.032394728152387975, "r_cf": 0.03287822023515626, "follows_branch": true, "secs": 1.9}
{"arm": "D", "seed": 884089, "copy_at_release": "D", "on_branch": true, "hold_n_G_pos": 0, "status": "ok", "t_sw": 4843, "t_traj": 5081, "r_traj": 0.0316337567972822, "r_cf": 0.03201931572159842, "follows_branch": true, "secs": 2.4}
{"arm": "D", "seed": 884090, "copy_at_release": "D", "on_branch": true, "hold_n_G_pos": 0, "status": "ok", "t_sw": 3840, "t_traj": 4029, "r_traj": 0.032249178921586186, "r_cf": 0.03270697553507952, "follows_branch": true, "secs": 2.1}
{"arm": "D", "seed": 884091, "copy_at_release": "D", "on_branch": true, "hold_n_G_pos": 0, "status": "ok", "t_sw": 3927, "t_traj": 4135, "r_traj": 0.0347199185507967, "r_cf": 0.03467110870719405, "follows_branch": true, "secs": 2.1}
{"arm": "D", "seed": 884092, "copy_at_release": "D", "on_branch": true, "hold_n_G_pos": 0, "status": "ok", "t_sw": 4371, "t_traj": 4569, "r_traj": 0.02913918771891777, "r_cf": 0.029483642885564404, "follows_branch": true, "secs": 2.3}
{"arm": "D", "seed": 884093, "copy_at_release": "D", "on_branch": true, "hold_n_G_pos": 0, "status": "ok", "t_sw": 4575, "t_traj": 4798, "r_traj": 0.03135462902067654, "r_cf": 0.031836538326441816, "follows_branch": true, "secs": 2.3}
{"arm": "D", "seed": 884094, "copy_at_release": "D", "on_branch": true, "hold_n_G_pos": 0, "status": "ok", "t_sw": 4495, "t_traj": 4718, "r_traj": 0.03168094467112237, "r_cf": 0.03161595440664951, "follows_branch": true, "secs": 2.3}
{"arm": "D", "seed": 884095, "copy_at_release": "D", "on_branch": true, "hold_n_G_pos": 0, "status": "ok", "t_sw": 2729, "t_traj": 2888, "r_traj": 0.03745147837735341, "r_cf": 0.0375322143992181, "follows_branch": true, "secs": 1.8}
{"arm": "D", "seed": 884096, "copy_at_release": "D", "on_branch": true, "hold_n_G_pos": 0, "status": "ok", "t_sw": 4975, "t_traj": 5221, "r_traj": 0.031616122717422535, "r_cf": 0.03159146909935701, "follows_branch": true, "secs": 2.4}
{"arm": "D", "seed": 884097, "copy_at_release": "D", "on_branch": true, "hold_n_G_pos": 0, "status": "ok", "t_sw": 4916, "t_traj": 5131, "r_traj": 0.028261726952394373, "r_cf": 0.02861392121735501, "follows_branch": true, "secs": 2.4}
{"arm": "D", "seed": 884098, "copy_at_release": "D", "on_branch": true, "hold_n_G_pos": 0, "status": "ok", "t_sw": 4238, "t_traj": 4409, "r_traj": 0.02613322193230827, "r_cf": 0.026563404252315244, "follows_branch": true, "secs": 2.2}
{"arm": "D", "seed": 884099, "copy_at_release": "D", "on_branch": true, "hold_n_G_pos": 0, "status": "ok", "t_sw": 3701, "t_traj": 3888, "r_traj": 0.033189888512248356, "r_cf": 0.03371049097309406, "follows_branch": true, "secs": 2.0}
{"arm": "D", "seed": 884100, "copy_at_release": "D", "on_branch": true, "hold_n_G_pos": 0, "status": "ok", "t_sw": 4045, "t_traj": 4278, "r_traj": 0.03767521595556422, "r_cf": 0.0382578652276369, "follows_branch": true, "secs": 2.1}
{"arm": "D", "seed": 884101, "copy_at_release": "D", "on_branch": true, "hold_n_G_pos": 0, "status": "ok", "t_sw": 5687, "t_traj": 5888, "r_traj": 0.022855457639339605, "r_cf": 0.023168017907693083, "follows_branch": true, "secs": 2.6}
{"arm": "D", "seed": 884102, "copy_at_release": "D", "on_branch": true, "hold_n_G_pos": 0, "status": "ok", "t_sw": 4516, "t_traj": 4732, "r_traj": 0.0308973289526282, "r_cf": 0.031365744917182845, "follows_branch": true, "secs": 2.3}
{"arm": "D", "seed": 884103, "copy_at_release": "D", "on_branch": true, "hold_n_G_pos": 0, "status": "ok", "t_sw": 4185, "t_traj": 4393, "r_traj": 0.032134143510682556, "r_cf": 0.03201364221634619, "follows_branch": true, "secs": 2.2}
{"arm": "D", "seed": 884104, "copy_at_release": "D", "on_branch": true, "hold_n_G_pos": 0, "status": "ok", "t_sw": 3289, "t_traj": 3466, "r_traj": 0.03495807220833447, "r_cf": 0.035451260132316344, "follows_branch": true, "secs": 2.0}
{"arm": "D", "seed": 884105, "copy_at_release": "D", "on_branch": true, "hold_n_G_pos": 0, "status": "ok", "t_sw": 4065, "t_traj": 4286, "r_traj": 0.03526425272449463, "r_cf": 0.035700126780200146, "follows_branch": true, "secs": 2.2}
{"arm": "D", "seed": 884106, "copy_at_release": "D", "on_branch": true, "hold_n_G_pos": 0, "status": "ok", "t_sw": 4125, "t_traj": 4323, "r_traj": 0.031064790554900412, "r_cf": 0.031581175109698774, "follows_branch": true, "secs": 2.2}
{"arm": "D", "seed": 884107, "copy_at_release": "D", "on_branch": true, "hold_n_G_pos": 0, "status": "ok", "t_sw": 4079, "t_traj": 4272, "r_traj": 0.03130390220448853, "r_cf": 0.03166081231810354, "follows_branch": true, "secs": 2.2}
{"arm": "D", "seed": 884108, "copy_at_release": "D", "on_branch": true, "hold_n_G_pos": 0, "status": "ok", "t_sw": 4289, "t_traj": 4513, "r_traj": 0.03357279567470539, "r_cf": 0.034053600222160335, "follows_branch": true, "secs": 2.2}
{"arm": "D", "seed": 884109, "copy_at_release": "D", "on_branch": true, "hold_n_G_pos": 0, "status": "ok", "t_sw": 4376, "t_traj": 4566, "r_traj": 0.028795831892351798, "r_cf": 0.029285155879594998, "follows_branch": true, "secs": 2.2}
{"arm": "D", "seed": 884110, "copy_at_release": "D", "on_branch": true, "hold_n_G_pos": 0, "status": "ok", "t_sw": 3650, "t_traj": 3840, "r_traj": 0.03386308792636328, "r_cf": 0.034326017625570686, "follows_branch": true, "secs": 2.0}
{"arm": "D", "seed": 884111, "copy_at_release": "D", "on_branch": true, "hold_n_G_pos": 0, "status": "ok", "t_sw": 4218, "t_traj": 4430, "r_traj": 0.03206964715380467, "r_cf": 0.0321097673226102, "follows_branch": true, "secs": 2.2}
{"arm": "D", "seed": 884112, "copy_at_release": "D", "on_branch": true, "hold_n_G_pos": 0, "status": "ok", "t_sw": 5556, "t_traj": 5759, "r_traj": 0.02383945763187212, "r_cf": 0.02416135108354901, "follows_branch": true, "secs": 2.6}
{"arm": "D", "seed": 884113, "copy_at_release": "D", "on_branch": true, "hold_n_G_pos": 0, "status": "ok", "t_sw": 3689, "t_traj": 3868, "r_traj": 0.0320442664293612, "r_cf": 0.03242402405023596, "follows_branch": true, "secs": 2.0}
{"arm": "D", "seed": 884114, "copy_at_release": "D", "on_branch": true, "hold_n_G_pos": 0, "status": "ok", "t_sw": 5231, "t_traj": 5453, "r_traj": 0.027427392225267244, "r_cf": 0.027810987974266815, "follows_branch": true, "secs": 2.5}
{"arm": "D", "seed": 884115, "copy_at_release": "D", "on_branch": true, "hold_n_G_pos": 0, "status": "ok", "t_sw": 3028, "t_traj": 3192, "r_traj": 0.035304052083944715, "r_cf": 0.0358318917055611, "follows_branch": true, "secs": 1.9}
{"arm": "D", "seed": 884116, "copy_at_release": "D", "on_branch": true, "hold_n_G_pos": 0, "status": "ok", "t_sw": 4307, "t_traj": 4515, "r_traj": 0.03180179429990959, "r_cf": 0.03229716594945234, "follows_branch": true, "secs": 2.2}
{"arm": "D", "seed": 884117, "copy_at_release": "D", "on_branch": true, "hold_n_G_pos": 0, "status": "ok", "t_sw": 4526, "t_traj": 4721, "r_traj": 0.028135662676117112, "r_cf": 0.028547585745321576, "follows_branch": true, "secs": 2.3}
{"arm": "D", "seed": 884118, "copy_at_release": "D", "on_branch": true, "hold_n_G_pos": 0, "status": "ok", "t_sw": 5218, "t_traj": 5454, "r_traj": 0.029282438722347592, "r_cf": 0.02973657821164926, "follows_branch": true, "secs": 2.5}
{"arm": "D", "seed": 884119, "copy_at_release": "D", "on_branch": true, "hold_n_G_pos": 0, "status": "ok", "t_sw": 6141, "t_traj": 6387, "r_traj": 0.025517914079063564, "r_cf": 0.02583085544828677, "follows_branch": true, "secs": 2.7}
{"arm": "Tp", "seed": 884200, "copy_at_release": "Tp", "on_branch": true, "hold_n_G_pos": 0, "status": "ok", "t_sw": 13645, "t_traj": 13604, "r_traj": -0.0008419008990152577, "r_cf": -0.0008584899063019569, "follows_branch": true, "secs": 12.0}
{"arm": "Tp", "seed": 884201, "copy_at_release": "Tp", "on_branch": true, "hold_n_G_pos": 0, "status": "ok", "t_sw": 13763, "t_traj": 13707, "r_traj": -0.0011639474936547822, "r_cf": -0.0011720596361216172, "follows_branch": true, "secs": 12.5}
{"arm": "Tp", "seed": 884202, "copy_at_release": "Tp", "on_branch": true, "hold_n_G_pos": 0, "status": "ok", "t_sw": 14242, "t_traj": 14204, "r_traj": -0.0007821834555704621, "r_cf": -0.0007906941380602625, "follows_branch": true, "secs": 12.5}
{"arm": "Tp", "seed": 884203, "copy_at_release": "Tp", "on_branch": true, "hold_n_G_pos": 0, "status": "ok", "t_sw": 21207, "t_traj": 21169, "r_traj": -0.000648996756855813, "r_cf": -0.0006470293326059382, "follows_branch": true, "secs": 15.1}
{"arm": "Tp", "seed": 884204, "copy_at_release": "Tp", "on_branch": true, "hold_n_G_pos": 0, "status": "ok", "t_sw": 19368, "t_traj": 19333, "r_traj": -0.0006225892017565071, "r_cf": -0.0006156793003120566, "follows_branch": true, "secs": 13.5}
{"arm": "Tp", "seed": 884205, "copy_at_release": "Tp", "on_branch": true, "hold_n_G_pos": 0, "status": "ok", "t_sw": 21579, "t_traj": 21530, "r_traj": -0.0008298295011812673, "r_cf": -0.0008228147711152094, "follows_branch": true, "secs": 14.2}
{"arm": "Tp", "seed": 884206, "copy_at_release": "Tp", "on_branch": true, "hold_n_G_pos": 0, "status": "ok", "t_sw": 21116, "t_traj": 21076, "r_traj": -0.0006816975952036453, "r_cf": -0.0006780763205260997, "follows_branch": true, "secs": 14.3}
{"arm": "Tp", "seed": 884207, "copy_at_release": "Tp", "on_branch": true, "hold_n_G_pos": 0, "status": "ok", "t_sw": 11411, "t_traj": 11342, "r_traj": -0.0015386176947018715, "r_cf": -0.0015586355604964963, "follows_branch": true, "secs": 11.3}
{"arm": "Tp", "seed": 884208, "copy_at_release": "Tp", "on_branch": true, "hold_n_G_pos": 0, "status": "ok", "t_sw": 9631, "t_traj": 9561, "r_traj": -0.00164688103398003, "r_cf": -0.0016640255197041408, "follows_branch": true, "secs": 11.0}
{"arm": "Tp", "seed": 884209, "copy_at_release": "Tp", "on_branch": true, "hold_n_G_pos": 0, "status": "ok", "t_sw": 19550, "t_traj": 19514, "r_traj": -0.0006373364276587301, "r_cf": -0.0006321960624910401, "follows_branch": true, "secs": 13.6}
{"arm": "Tp", "seed": 884210, "copy_at_release": "Tp", "on_branch": true, "hold_n_G_pos": 0, "status": "ok", "t_sw": 12623, "t_traj": 12557, "r_traj": -0.0014148116993194515, "r_cf": -0.0014207310262868693, "follows_branch": true, "secs": 11.7}
{"arm": "Tp", "seed": 884211, "copy_at_release": "Tp", "on_branch": true, "hold_n_G_pos": 0, "status": "ok", "t_sw": 20437, "t_traj": 20404, "r_traj": -0.0005690662220795284, "r_cf": -0.000577323768811385, "follows_branch": true, "secs": 13.8}
{"arm": "Tp", "seed": 884212, "copy_at_release": "Tp", "on_branch": true, "hold_n_G_pos": 0, "status": "ok", "t_sw": 24861, "t_traj": 24828, "r_traj": -0.0005227918279764321, "r_cf": -0.0005212359444872882, "follows_branch": true, "secs": 15.1}
{"arm": "Tp", "seed": 884213, "copy_at_release": "Tp", "on_branch": true, "hold_n_G_pos": 0, "status": "ok", "t_sw": 9534, "t_traj": 9451, "r_traj": -0.0019583402757589186, "r_cf": -0.001989537123204456, "follows_branch": true, "secs": 11.0}
{"arm": "Tp", "seed": 884214, "copy_at_release": "Tp", "on_branch": true, "hold_n_G_pos": 0, "status": "ok", "t_sw": 18277, "t_traj": 18238, "r_traj": -0.0007217587862996533, "r_cf": -0.000726398253101864, "follows_branch": true, "secs": 13.2}
{"arm": "Tp", "seed": 884215, "copy_at_release": "Tp", "on_branch": true, "hold_n_G_pos": 0, "status": "ok", "t_sw": 15472, "t_traj": 15422, "r_traj": -0.0009683946337701865, "r_cf": -0.0009634608910551954, "follows_branch": true, "secs": 12.5}
{"arm": "Tp", "seed": 884216, "copy_at_release": "Tp", "on_branch": true, "hold_n_G_pos": 0, "status": "ok", "t_sw": 16866, "t_traj": 16815, "r_traj": -0.000942071349941842, "r_cf": -0.0009412564029377977, "follows_branch": true, "secs": 12.8}
{"arm": "Tp", "seed": 884217, "copy_at_release": "Tp", "on_branch": true, "hold_n_G_pos": 0, "status": "ok", "t_sw": 17189, "t_traj": 17148, "r_traj": -0.0007766737201297946, "r_cf": -0.0007792994040197578, "follows_branch": true, "secs": 12.9}
{"arm": "Tp", "seed": 884218, "copy_at_release": "Tp", "on_branch": true, "hold_n_G_pos": 0, "status": "ok", "t_sw": 17775, "t_traj": 17726, "r_traj": -0.0009033256237326315, "r_cf": -0.0009064345719849631, "follows_branch": true, "secs": 13.1}
{"arm": "Tp", "seed": 884219, "copy_at_release": "Tp", "on_branch": true, "hold_n_G_pos": 0, "status": "ok", "t_sw": 11945, "t_traj": 11881, "r_traj": -0.001393880617715948, "r_cf": -0.0014104137602923839, "follows_branch": true, "secs": 11.6}
{"arm": "Tp", "seed": 884220, "copy_at_release": "Tp", "on_branch": true, "hold_n_G_pos": 0, "status": "ok", "t_sw": 13421, "t_traj": 13373, "r_traj": -0.0009915186865768755, "r_cf": -0.0009976445622624393, "follows_branch": true, "secs": 12.0}
{"arm": "Tp", "seed": 884221, "copy_at_release": "Tp", "on_branch": true, "hold_n_G_pos": 0, "status": "ok", "t_sw": 14756, "t_traj": 14709, "r_traj": -0.00093807680545277, "r_cf": -0.000934673017924749, "follows_branch": true, "secs": 12.3}
{"arm": "Tp", "seed": 884222, "copy_at_release": "Tp", "on_branch": true, "hold_n_G_pos": 0, "status": "ok", "t_sw": 8633, "t_traj": 8553, "r_traj": -0.001959206018372961, "r_cf": -0.001991664471942815, "follows_branch": true, "secs": 10.6}
{"arm": "Tp", "seed": 884223, "copy_at_release": "Tp", "on_branch": true, "hold_n_G_pos": 0, "status": "ok", "t_sw": 14998, "t_traj": 14949, "r_traj": -0.0009712042616725203, "r_cf": -0.0009779712102454242, "follows_branch": true, "secs": 12.3}
{"arm": "Tp", "seed": 884224, "copy_at_release": "Tp", "on_branch": true, "hold_n_G_pos": 0, "status": "ok", "t_sw": 18046, "t_traj": 18010, "r_traj": -0.0006649966664947771, "r_cf": -0.0006617412546233961, "follows_branch": true, "secs": 13.1}
{"arm": "Tp", "seed": 884225, "copy_at_release": "Tp", "on_branch": true, "hold_n_G_pos": 0, "status": "ok", "t_sw": 22292, "t_traj": 22282, "r_traj": -0.0001681086340313831, "r_cf": -0.00016646729496039967, "follows_branch": true, "secs": 14.3}
{"arm": "Tp", "seed": 884226, "copy_at_release": "Tp", "on_branch": true, "hold_n_G_pos": 0, "status": "ok", "t_sw": 26315, "t_traj": 26287, "r_traj": -0.0004157818107076716, "r_cf": -0.00041809182993982503, "follows_branch": true, "secs": 15.3}
{"arm": "Tp", "seed": 884227, "copy_at_release": "Tp", "on_branch": true, "hold_n_G_pos": 0, "status": "ok", "t_sw": 17285, "t_traj": 17231, "r_traj": -0.0010046653094701874, "r_cf": -0.0010011130822412226, "follows_branch": true, "secs": 13.0}
{"arm": "Tp", "seed": 884228, "copy_at_release": "Tp", "on_branch": true, "hold_n_G_pos": 0, "status": "ok", "t_sw": 21339, "t_traj": 21310, "r_traj": -0.0004854960825865229, "r_cf": -0.0004914636442496221, "follows_branch": true, "secs": 14.0}
{"arm": "Tp", "seed": 884229, "copy_at_release": "Tp", "on_branch": true, "hold_n_G_pos": 0, "status": "ok", "t_sw": 17474, "t_traj": 17430, "r_traj": -0.0008059607504247168, "r_cf": -0.0008053345063605655, "follows_branch": true, "secs": 13.0}
{"arm": "Tp", "seed": 884230, "copy_at_release": "Tp", "on_branch": true, "hold_n_G_pos": 0, "status": "ok", "t_sw": 21900, "t_traj": 21866, "r_traj": -0.0005797200387550605, "r_cf": -0.0005822328324057239, "follows_branch": true, "secs": 14.2}
{"arm": "Tp", "seed": 884231, "copy_at_release": "Tp", "on_branch": true, "hold_n_G_pos": 0, "status": "ok", "t_sw": 22922, "t_traj": 22883, "r_traj": -0.0006437671348419327, "r_cf": -0.0006512150433566553, "follows_branch": true, "secs": 14.5}
{"arm": "Tp", "seed": 884232, "copy_at_release": "Tp", "on_branch": true, "hold_n_G_pos": 0, "status": "ok", "t_sw": 24382, "t_traj": 24353, "r_traj": -0.00045753123062541867, "r_cf": -0.00045883341488118715, "follows_branch": true, "secs": 14.8}
{"arm": "Tp", "seed": 884233, "copy_at_release": "Tp", "on_branch": true, "hold_n_G_pos": 0, "status": "ok", "t_sw": 16257, "t_traj": 16219, "r_traj": -0.000732489921538515, "r_cf": -0.0007281103167604119, "follows_branch": true, "secs": 12.6}
{"arm": "Tp", "seed": 884234, "copy_at_release": "Tp", "on_branch": true, "hold_n_G_pos": 0, "status": "ok", "t_sw": 12795, "t_traj": 12751, "r_traj": -0.0009225008755056052, "r_cf": -0.0009309509496772935, "follows_branch": true, "secs": 11.8}
{"arm": "Tp", "seed": 884235, "copy_at_release": "Tp", "on_branch": true, "hold_n_G_pos": 0, "status": "ok", "t_sw": 14886, "t_traj": 14837, "r_traj": -0.0009776577273057363, "r_cf": -0.0009856549371902118, "follows_branch": true, "secs": 12.3}
{"arm": "Tp", "seed": 884236, "copy_at_release": "Tp", "on_branch": true, "hold_n_G_pos": 0, "status": "ok", "t_sw": 13712, "t_traj": 13655, "r_traj": -0.0011851511237469525, "r_cf": -0.0011947418780387062, "follows_branch": true, "secs": 12.0}
{"arm": "Tp", "seed": 884237, "copy_at_release": "Tp", "on_branch": true, "hold_n_G_pos": 0, "status": "ok", "t_sw": 18054, "t_traj": 18003, "r_traj": -0.0009369286931394383, "r_cf": -0.0009469345432995181, "follows_branch": true, "secs": 13.1}
{"arm": "Tp", "seed": 884238, "copy_at_release": "Tp", "on_branch": true, "hold_n_G_pos": 0, "status": "ok", "t_sw": 10912, "t_traj": 10855, "r_traj": -0.001295166835416972, "r_cf": -0.0013238872704092566, "follows_branch": true, "secs": 11.3}
{"arm": "Tp", "seed": 884239, "copy_at_release": "Tp", "on_branch": true, "hold_n_G_pos": 0, "status": "ok", "t_sw": 14000, "t_traj": 13965, "r_traj": -0.0007081988690024188, "r_cf": -0.0007125048029185166, "follows_branch": true, "secs": 12.1}
{"arm": "Tp", "seed": 884240, "copy_at_release": "Tp", "on_branch": true, "hold_n_G_pos": 0, "status": "ok", "t_sw": 17965, "t_traj": 17931, "r_traj": -0.000631696333463716, "r_cf": -0.0006338399167866917, "follows_branch": true, "secs": 13.2}
{"arm": "Tp", "seed": 884241, "copy_at_release": "Tp", "on_branch": true, "hold_n_G_pos": 0, "status": "ok", "t_sw": 15122, "t_traj": 15070, "r_traj": -0.001036908048725138, "r_cf": -0.0010334884764845167, "follows_branch": true, "secs": 12.5}
{"arm": "Tp", "seed": 884242, "copy_at_release": "Tp", "on_branch": true, "hold_n_G_pos": 0, "status": "ok", "t_sw": 24608, "t_traj": 24583, "r_traj": -0.0003991422156696123, "r_cf": -0.0004061563943826432, "follows_branch": true, "secs": 14.7}
{"arm": "Tp", "seed": 884243, "copy_at_release": "Tp", "on_branch": true, "hold_n_G_pos": 0, "status": "ok", "t_sw": 17663, "t_traj": 17620, "r_traj": -0.0007998767734592738, "r_cf": -0.000799228795381708, "follows_branch": true, "secs": 13.1}
{"arm": "Tp", "seed": 884244, "copy_at_release": "Tp", "on_branch": true, "hold_n_G_pos": 0, "status": "ok", "t_sw": 10864, "t_traj": 10812, "r_traj": -0.0011639795001507913, "r_cf": -0.0011622994103502515, "follows_branch": true, "secs": 11.3}
{"arm": "Tp", "seed": 884245, "copy_at_release": "Tp", "on_branch": true, "hold_n_G_pos": 0, "status": "ok", "t_sw": 15954, "t_traj": 15912, "r_traj": -0.0008273854964685468, "r_cf": -0.0008319483839959497, "follows_branch": true, "secs": 12.6}
{"arm": "Tp", "seed": 884246, "copy_at_release": "Tp", "on_branch": true, "hold_n_G_pos": 0, "status": "ok", "t_sw": 16622, "t_traj": 16588, "r_traj": -0.0006466969334071315, "r_cf": -0.0006458803832513839, "follows_branch": true, "secs": 12.9}
{"arm": "Tp", "seed": 884247, "copy_at_release": "Tp", "on_branch": true, "hold_n_G_pos": 0, "status": "ok", "t_sw": 15899, "t_traj": 15871, "r_traj": -0.0005331379775103118, "r_cf": -0.0005407305967237012, "follows_branch": true, "secs": 12.6}
{"arm": "Tp", "seed": 884248, "copy_at_release": "Tp", "on_branch": true, "hold_n_G_pos": 0, "status": "ok", "t_sw": 11895, "t_traj": 11838, "r_traj": -0.0012386339984231665, "r_cf": -0.0012489692746807048, "follows_branch": true, "secs": 11.6}
{"arm": "Tp", "seed": 884249, "copy_at_release": "Tp", "on_branch": true, "hold_n_G_pos": 0, "status": "ok", "t_sw": 12252, "t_traj": 12187, "r_traj": -0.0014284367590795544, "r_cf": -0.001441686637751928, "follows_branch": true, "secs": 11.7}
{"arm": "Tp", "seed": 884250, "copy_at_release": "Tp", "on_branch": true, "hold_n_G_pos": 0, "status": "ok", "t_sw": 14891, "t_traj": 14858, "r_traj": -0.0006471389194753208, "r_cf": -0.0006597424314238622, "follows_branch": true, "secs": 12.4}
{"arm": "Tp", "seed": 884251, "copy_at_release": "Tp", "on_branch": true, "hold_n_G_pos": 0, "status": "ok", "t_sw": 18852, "t_traj": 18822, "r_traj": -0.000527585773926531, "r_cf": -0.000524606150843217, "follows_branch": true, "secs": 13.4}
{"arm": "Tp", "seed": 884252, "copy_at_release": "Tp", "on_branch": true, "hold_n_G_pos": 0, "status": "ok", "t_sw": 19110, "t_traj": 19090, "r_traj": -0.00035515468644331527, "r_cf": -0.0003663586197504335, "follows_branch": true, "secs": 13.4}
{"arm": "Tp", "seed": 884253, "copy_at_release": "Tp", "on_branch": true, "hold_n_G_pos": 0, "status": "ok", "t_sw": 16721, "t_traj": 16666, "r_traj": -0.0010513003973436907, "r_cf": -0.001054690403818642, "follows_branch": true, "secs": 13.0}
{"arm": "Tp", "seed": 884254, "copy_at_release": "Tp", "on_branch": true, "hold_n_G_pos": 0, "status": "ok", "t_sw": 21075, "t_traj": 21057, "r_traj": -0.0003012291191200056, "r_cf": -0.00030462245751486405, "follows_branch": true, "secs": 14.1}
{"arm": "Tp", "seed": 884255, "copy_at_release": "Tp", "on_branch": true, "hold_n_G_pos": 0, "status": "ok", "t_sw": 10687, "t_traj": 10614, "r_traj": -0.0016200797333439931, "r_cf": -0.0016274405605280616, "follows_branch": true, "secs": 11.3}
{"arm": "Tp", "seed": 884256, "copy_at_release": "Tp", "on_branch": true, "hold_n_G_pos": 0, "status": "ok", "t_sw": 15068, "t_traj": 15005, "r_traj": -0.001247437327164591, "r_cf": -0.0012678324089015016, "follows_branch": true, "secs": 12.4}
{"arm": "Tp", "seed": 884257, "copy_at_release": "Tp", "on_branch": true, "hold_n_G_pos": 0, "status": "ok", "t_sw": 12914, "t_traj": 12857, "r_traj": -0.0012272907941662803, "r_cf": -0.001249785450975063, "follows_branch": true, "secs": 11.9}
{"arm": "Tp", "seed": 884258, "copy_at_release": "Tp", "on_branch": true, "hold_n_G_pos": 0, "status": "ok", "t_sw": 14513, "t_traj": 14456, "r_traj": -0.0011402608411555937, "r_cf": -0.0011467560203688367, "follows_branch": true, "secs": 12.2}
{"arm": "Tp", "seed": 884259, "copy_at_release": "Tp", "on_branch": true, "hold_n_G_pos": 0, "status": "ok", "t_sw": 11933, "t_traj": 11868, "r_traj": -0.0014095818666475246, "r_cf": -0.0014299325641366383, "follows_branch": true, "secs": 11.7}
{"arm": "Tp", "seed": 884260, "copy_at_release": "Tp", "on_branch": true, "hold_n_G_pos": 0, "status": "ok", "t_sw": 10823, "t_traj": 10772, "r_traj": -0.0011396329605471989, "r_cf": -0.0011403406887872888, "follows_branch": true, "secs": 11.4}
{"arm": "Tp", "seed": 884261, "copy_at_release": "Tp", "on_branch": true, "hold_n_G_pos": 0, "status": "ok", "t_sw": 14316, "t_traj": 14266, "r_traj": -0.00100910161889467, "r_cf": -0.0010201738290292243, "follows_branch": true, "secs": 12.2}
{"arm": "Tp", "seed": 884262, "copy_at_release": "Tp", "on_branch": true, "hold_n_G_pos": 0, "status": "ok", "t_sw": 11640, "t_traj": 11582, "r_traj": -0.0012799373985639129, "r_cf": -0.001298940772123605, "follows_branch": true, "secs": 11.4}
{"arm": "Tp", "seed": 884263, "copy_at_release": "Tp", "on_branch": true, "hold_n_G_pos": 0, "status": "ok", "t_sw": 20773, "t_traj": 20730, "r_traj": -0.0007391580586052493, "r_cf": -0.000741722773396502, "follows_branch": true, "secs": 13.8}
{"arm": "Tp", "seed": 884264, "copy_at_release": "Tp", "on_branch": true, "hold_n_G_pos": 0, "status": "ok", "t_sw": 16054, "t_traj": 16025, "r_traj": -0.0005605350100807982, "r_cf": -0.0005723652685644427, "follows_branch": true, "secs": 12.7}
{"arm": "Tp", "seed": 884265, "copy_at_release": "Tp", "on_branch": true, "hold_n_G_pos": 0, "status": "ok", "t_sw": 13003, "t_traj": 12967, "r_traj": -0.0007498189583204917, "r_cf": -0.0007495655742665748, "follows_branch": true, "secs": 11.9}
{"arm": "Tp", "seed": 884266, "copy_at_release": "Tp", "on_branch": true, "hold_n_G_pos": 0, "status": "ok", "t_sw": 21100, "t_traj": 21068, "r_traj": -0.0005399868755919801, "r_cf": -0.0005478426739561794, "follows_branch": true, "secs": 14.1}
{"arm": "Tp", "seed": 884267, "copy_at_release": "Tp", "on_branch": true, "hold_n_G_pos": 0, "status": "ok", "t_sw": 15779, "t_traj": 15712, "r_traj": -0.0013159104741614636, "r_cf": -0.0013215546437423643, "follows_branch": true, "secs": 12.5}
{"arm": "Tp", "seed": 884268, "copy_at_release": "Tp", "on_branch": true, "hold_n_G_pos": 0, "status": "ok", "t_sw": 12588, "t_traj": 12545, "r_traj": -0.0009193515680062658, "r_cf": -0.0009288673698236484, "follows_branch": true, "secs": 11.7}
{"arm": "Tp", "seed": 884269, "copy_at_release": "Tp", "on_branch": true, "hold_n_G_pos": 0, "status": "ok", "t_sw": 15382, "t_traj": 15352, "r_traj": -0.0005810695844726821, "r_cf": -0.0005954072416231466, "follows_branch": true, "secs": 12.4}
{"arm": "Tp", "seed": 884270, "copy_at_release": "Tp", "on_branch": true, "hold_n_G_pos": 0, "status": "ok", "t_sw": 15126, "t_traj": 15070, "r_traj": -0.0011022256874069214, "r_cf": -0.0011066845596004178, "follows_branch": true, "secs": 12.3}
{"arm": "Tp", "seed": 884271, "copy_at_release": "Tp", "on_branch": true, "hold_n_G_pos": 0, "status": "ok", "t_sw": 16663, "t_traj": 16638, "r_traj": -0.0004688785674475948, "r_cf": -0.00046512372494167685, "follows_branch": true, "secs": 12.8}
{"arm": "Tp", "seed": 884272, "copy_at_release": "Tp", "on_branch": true, "hold_n_G_pos": 0, "status": "ok", "t_sw": 13914, "t_traj": 13874, "r_traj": -0.0008156100096724517, "r_cf": -0.0008251565280589343, "follows_branch": true, "secs": 12.0}
{"arm": "Tp", "seed": 884273, "copy_at_release": "Tp", "on_branch": true, "hold_n_G_pos": 0, "status": "ok", "t_sw": 15692, "t_traj": 15661, "r_traj": -0.0005948751594850865, "r_cf": -0.0005989391176798618, "follows_branch": true, "secs": 12.5}
{"arm": "Tp", "seed": 884274, "copy_at_release": "Tp", "on_branch": true, "hold_n_G_pos": 0, "status": "ok", "t_sw": 17824, "t_traj": 17779, "r_traj": -0.0008163435882000414, "r_cf": -0.000823014204357965, "follows_branch": true, "secs": 13.1}
{"arm": "Tp", "seed": 884275, "copy_at_release": "Tp", "on_branch": true, "hold_n_G_pos": 0, "status": "ok", "t_sw": 14948, "t_traj": 14905, "r_traj": -0.0008438777126460462, "r_cf": -0.0008523735634783729, "follows_branch": true, "secs": 12.4}
{"arm": "Tp", "seed": 884276, "copy_at_release": "Tp", "on_branch": true, "hold_n_G_pos": 0, "status": "ok", "t_sw": 12572, "t_traj": 12523, "r_traj": -0.0010427187179598008, "r_cf": -0.0010457497896929411, "follows_branch": true, "secs": 11.9}
{"arm": "Tp", "seed": 884277, "copy_at_release": "Tp", "on_branch": true, "hold_n_G_pos": 0, "status": "ok", "t_sw": 17325, "t_traj": 17278, "r_traj": -0.0008646682555863983, "r_cf": -0.000875734531727043, "follows_branch": true, "secs": 13.1}
{"arm": "Tp", "seed": 884278, "copy_at_release": "Tp", "on_branch": true, "hold_n_G_pos": 0, "status": "ok", "t_sw": 19133, "t_traj": 19106, "r_traj": -0.00047399800828218375, "r_cf": -0.0004760065646351572, "follows_branch": true, "secs": 13.5}
{"arm": "Tp", "seed": 884279, "copy_at_release": "Tp", "on_branch": true, "hold_n_G_pos": 0, "status": "ok", "t_sw": 13305, "t_traj": 13267, "r_traj": -0.0007904022344301653, "r_cf": -0.0008029951230052761, "follows_branch": true, "secs": 11.9}
{"arm": "Tp", "seed": 884280, "copy_at_release": "Tp", "on_branch": true, "hold_n_G_pos": 0, "status": "ok", "t_sw": 21682, "t_traj": 21668, "r_traj": -0.00023799341552921405, "r_cf": -0.00024552150763723743, "follows_branch": true, "secs": 14.1}
{"arm": "Tp", "seed": 884281, "copy_at_release": "Tp", "on_branch": true, "hold_n_G_pos": 0, "status": "ok", "t_sw": 15452, "t_traj": 15400, "r_traj": -0.0010221599901760747, "r_cf": -0.001021216536500221, "follows_branch": true, "secs": 12.4}
{"arm": "Tp", "seed": 884282, "copy_at_release": "Tp", "on_branch": true, "hold_n_G_pos": 0, "status": "ok", "t_sw": 10211, "t_traj": 10161, "r_traj": -0.0011319228455667352, "r_cf": -0.0011509927956450568, "follows_branch": true, "secs": 11.1}
{"arm": "Tp", "seed": 884283, "copy_at_release": "Tp", "on_branch": true, "hold_n_G_pos": 0, "status": "ok", "t_sw": 17356, "t_traj": 17326, "r_traj": -0.0005539896958132173, "r_cf": -0.0005657025049467013, "follows_branch": true, "secs": 13.0}
{"arm": "Tp", "seed": 884284, "copy_at_release": "Tp", "on_branch": true, "hold_n_G_pos": 0, "status": "ok", "t_sw": 11607, "t_traj": 11540, "r_traj": -0.0015000999240167845, "r_cf": -0.0015086108258342784, "follows_branch": true, "secs": 11.4}
{"arm": "Tp", "seed": 884285, "copy_at_release": "Tp", "on_branch": true, "hold_n_G_pos": 0, "status": "ok", "t_sw": 17175, "t_traj": 17138, "r_traj": -0.0006889128468717809, "r_cf": -0.0006863541823819059, "follows_branch": true, "secs": 12.9}
{"arm": "Tp", "seed": 884286, "copy_at_release": "Tp", "on_branch": true, "hold_n_G_pos": 0, "status": "ok", "t_sw": 13153, "t_traj": 13105, "r_traj": -0.0010316960032535905, "r_cf": -0.0010559961498103638, "follows_branch": true, "secs": 11.9}
{"arm": "Tp", "seed": 884287, "copy_at_release": "Tp", "on_branch": true, "hold_n_G_pos": 0, "status": "ok", "t_sw": 14621, "t_traj": 14592, "r_traj": -0.0005749971777335716, "r_cf": -0.0005801325859536998, "follows_branch": true, "secs": 12.3}
{"arm": "Tp", "seed": 884288, "copy_at_release": "Tp", "on_branch": true, "hold_n_G_pos": 0, "status": "ok", "t_sw": 17399, "t_traj": 17348, "r_traj": -0.0009447563663586012, "r_cf": -0.0009460918829830376, "follows_branch": true, "secs": 12.9}
{"arm": "Tp", "seed": 884289, "copy_at_release": "Tp", "on_branch": true, "hold_n_G_pos": 0, "status": "ok", "t_sw": 21156, "t_traj": 21142, "r_traj": -0.00022942688892124696, "r_cf": -0.0002433737125103877, "follows_branch": true, "secs": 14.0}
{"arm": "Tp", "seed": 884290, "copy_at_release": "Tp", "on_branch": true, "hold_n_G_pos": 0, "status": "ok", "t_sw": 22005, "t_traj": 21968, "r_traj": -0.0006198009269093863, "r_cf": -0.0006139283980722695, "follows_branch": true, "secs": 14.2}
{"arm": "Tp", "seed": 884291, "copy_at_release": "Tp", "on_branch": true, "hold_n_G_pos": 0, "status": "ok", "t_sw": 18508, "t_traj": 18471, "r_traj": -0.0006714780688995559, "r_cf": -0.0006839347477166327, "follows_branch": true, "secs": 13.3}
{"arm": "Tp", "seed": 884292, "copy_at_release": "Tp", "on_branch": true, "hold_n_G_pos": 0, "status": "ok", "t_sw": 16781, "t_traj": 16755, "r_traj": -0.0004899899687645926, "r_cf": -0.0004904402971616649, "follows_branch": true, "secs": 12.9}
{"arm": "Tp", "seed": 884293, "copy_at_release": "Tp", "on_branch": true, "hold_n_G_pos": 0, "status": "ok", "t_sw": 18192, "t_traj": 18150, "r_traj": -0.0007761436788710219, "r_cf": -0.0007771873122492107, "follows_branch": true, "secs": 13.2}
{"arm": "Tp", "seed": 884294, "copy_at_release": "Tp", "on_branch": true, "hold_n_G_pos": 0, "status": "ok", "t_sw": 13250, "t_traj": 13204, "r_traj": -0.0009504425110872239, "r_cf": -0.0009546187221185058, "follows_branch": true, "secs": 11.8}
{"arm": "Tp", "seed": 884295, "copy_at_release": "Tp", "on_branch": true, "hold_n_G_pos": 0, "status": "ok", "t_sw": 17641, "t_traj": 17593, "r_traj": -0.000897582137289965, "r_cf": -0.0009070610140032719, "follows_branch": true, "secs": 13.0}
{"arm": "Tp", "seed": 884296, "copy_at_release": "Tp", "on_branch": true, "hold_n_G_pos": 0, "status": "ok", "t_sw": 9690, "t_traj": 9617, "r_traj": -0.0016780121383416224, "r_cf": -0.0017042653712033154, "follows_branch": true, "secs": 11.0}
{"arm": "Tp", "seed": 884297, "copy_at_release": "Tp", "on_branch": true, "hold_n_G_pos": 0, "status": "ok", "t_sw": 10479, "t_traj": 10418, "r_traj": -0.0013941819358591623, "r_cf": -0.0014162681495241355, "follows_branch": true, "secs": 11.1}
{"arm": "Tp", "seed": 884298, "copy_at_release": "Tp", "on_branch": true, "hold_n_G_pos": 0, "status": "ok", "t_sw": 12976, "t_traj": 12920, "r_traj": -0.0011851880040675278, "r_cf": -0.0011834778872229672, "follows_branch": true, "secs": 11.8}
{"arm": "Tp", "seed": 884299, "copy_at_release": "Tp", "on_branch": true, "hold_n_G_pos": 0, "status": "ok", "t_sw": 15115, "t_traj": 15073, "r_traj": -0.0008424708250760471, "r_cf": -0.0008479845400929466, "follows_branch": true, "secs": 12.5}
{"arm": "Tp", "seed": 884300, "copy_at_release": "Tp", "on_branch": true, "hold_n_G_pos": 0, "status": "ok", "t_sw": 11037, "t_traj": 10989, "r_traj": -0.001063812406809972, "r_cf": -0.0010681835622961162, "follows_branch": true, "secs": 11.3}
{"arm": "Tp", "seed": 884301, "copy_at_release": "Tp", "on_branch": true, "hold_n_G_pos": 0, "status": "ok", "t_sw": 13922, "t_traj": 13872, "r_traj": -0.0010259567913322165, "r_cf": -0.0010180455953079232, "follows_branch": true, "secs": 12.1}
{"arm": "Tp", "seed": 884302, "copy_at_release": "Tp", "on_branch": true, "hold_n_G_pos": 0, "status": "ok", "t_sw": 9531, "t_traj": 9472, "r_traj": -0.0013799216738852316, "r_cf": -0.0013818941059827348, "follows_branch": true, "secs": 11.4}
{"arm": "Tp", "seed": 884303, "copy_at_release": "Tp", "on_branch": true, "hold_n_G_pos": 0, "status": "ok", "t_sw": 12129, "t_traj": 12086, "r_traj": -0.0009247166594018585, "r_cf": -0.000927904126238465, "follows_branch": true, "secs": 11.9}
{"arm": "Tp", "seed": 884304, "copy_at_release": "Tp", "on_branch": true, "hold_n_G_pos": 0, "status": "ok", "t_sw": 9661, "t_traj": 9599, "r_traj": -0.0014505581183859029, "r_cf": -0.0014832777998448187, "follows_branch": true, "secs": 11.4}
{"arm": "Tp", "seed": 884305, "copy_at_release": "Tp", "on_branch": true, "hold_n_G_pos": 0, "status": "ok", "t_sw": 16501, "t_traj": 16458, "r_traj": -0.0008199197466360886, "r_cf": -0.000830093280518873, "follows_branch": true, "secs": 13.1}
{"arm": "Tp", "seed": 884306, "copy_at_release": "Tp", "on_branch": true, "hold_n_G_pos": 0, "status": "ok", "t_sw": 25731, "t_traj": 25707, "r_traj": -0.00036995936621808667, "r_cf": -0.0003744778528616107, "follows_branch": true, "secs": 15.6}
{"arm": "Tp", "seed": 884307, "copy_at_release": "Tp", "on_branch": true, "hold_n_G_pos": 0, "status": "ok", "t_sw": 11113, "t_traj": 11075, "r_traj": -0.0008440674276487536, "r_cf": -0.0008576548462900743, "follows_branch": true, "secs": 11.8}
{"arm": "Tp", "seed": 884308, "copy_at_release": "Tp", "on_branch": true, "hold_n_G_pos": 0, "status": "ok", "t_sw": 17837, "t_traj": 17789, "r_traj": -0.0008912590939211817, "r_cf": -0.0008930790424687875, "follows_branch": true, "secs": 13.5}
{"arm": "Tp", "seed": 884309, "copy_at_release": "Tp", "on_branch": true, "hold_n_G_pos": 0, "status": "ok", "t_sw": 18480, "t_traj": 18434, "r_traj": -0.0008289694485695831, "r_cf": -0.0008246659672634376, "follows_branch": true, "secs": 13.6}
{"arm": "Tp", "seed": 884310, "copy_at_release": "Tp", "on_branch": true, "hold_n_G_pos": 0, "status": "ok", "t_sw": 13276, "t_traj": 13224, "r_traj": -0.0010760295164320421, "r_cf": -0.0010888215909441135, "follows_branch": true, "secs": 12.3}
{"arm": "Tp", "seed": 884311, "copy_at_release": "Tp", "on_branch": true, "hold_n_G_pos": 0, "status": "ok", "t_sw": 23995, "t_traj": 23973, "r_traj": -0.0003481149002886319, "r_cf": -0.0003498950708887684, "follows_branch": true, "secs": 15.1}
{"arm": "Tp", "seed": 884312, "copy_at_release": "Tp", "on_branch": true, "hold_n_G_pos": 0, "status": "ok", "t_sw": 15419, "t_traj": 15357, "r_traj": -0.001230491108422438, "r_cf": -0.0012321001400654977, "follows_branch": true, "secs": 12.9}
{"arm": "Tp", "seed": 884313, "copy_at_release": "Tp", "on_branch": true, "hold_n_G_pos": 0, "status": "ok", "t_sw": 22318, "t_traj": 22290, "r_traj": -0.00046898494112035394, "r_cf": -0.000476939168392242, "follows_branch": true, "secs": 14.8}
{"arm": "Tp", "seed": 884314, "copy_at_release": "Tp", "on_branch": true, "hold_n_G_pos": 0, "status": "ok", "t_sw": 18798, "t_traj": 18776, "r_traj": -0.00039360616353645295, "r_cf": -0.00040419663285692046, "follows_branch": true, "secs": 13.8}
{"arm": "Tp", "seed": 884315, "copy_at_release": "Tp", "on_branch": true, "hold_n_G_pos": 0, "status": "ok", "t_sw": 22337, "t_traj": 22291, "r_traj": -0.0007572634720136584, "r_cf": -0.0007656241910504619, "follows_branch": true, "secs": 14.5}
{"arm": "Tp", "seed": 884316, "copy_at_release": "Tp", "on_branch": true, "hold_n_G_pos": 0, "status": "ok", "t_sw": 11655, "t_traj": 11617, "r_traj": -0.0008200025003355371, "r_cf": -0.0008370377835482525, "follows_branch": true, "secs": 11.8}
{"arm": "Tp", "seed": 884317, "copy_at_release": "Tp", "on_branch": true, "hold_n_G_pos": 0, "status": "ok", "t_sw": 12446, "t_traj": 12375, "r_traj": -0.001501638218717849, "r_cf": -0.001515189877541416, "follows_branch": true, "secs": 12.0}
{"arm": "Tp", "seed": 884318, "copy_at_release": "Tp", "on_branch": true, "hold_n_G_pos": 0, "status": "ok", "t_sw": 21067, "t_traj": 21050, "r_traj": -0.0002833250814303634, "r_cf": -0.00029439710909670477, "follows_branch": true, "secs": 14.4}
{"arm": "Tp", "seed": 884319, "copy_at_release": "Tp", "on_branch": true, "hold_n_G_pos": 0, "status": "ok", "t_sw": 10235, "t_traj": 10191, "r_traj": -0.001003933943663271, "r_cf": -0.0010032029089689515, "follows_branch": true, "secs": 11.6}
