seed,cross_step,s_cross,s_replay,knockout,max_share_at_cross,cancel_at_cross,frac_pre_dominant,s_branch,branch_note,traj
600000,228,2.289216826986377,2.289216826986377,pair,0.5003683900556649,0.4494502010528713,0.15,0.4364768009065535,ok,"[{""step"": 1, ""max_share"": 0.8529483236099956, ""cancel_index"": 0.9124696119255353, ""knockout"": ""unplaced"", ""s"": 0.02640481818822937}, {""step"": 2, ""max_share"": 0.81000705203365, ""cancel_index"": 1.0, ""knockout"": ""unplaced"", ""s"": 0.015474826885663151}, {""step"": 3, ""max_share"": 0.5533047390138797, ""cancel_index"": 1.0, ""knockout"": ""unplaced"", ""s"": 0.005750992148429744}, {""step"": 4, ""max_share"": 0.9083406225059625, ""cancel_index"": 1.0, ""knockout"": ""unplaced"", ""s"": 0.008110054978054936}, {""step"": 6, ""max_share"": 0.6580909314188231, ""cancel_index"": 1.0, ""knockout"": ""unplaced"", ""s"": 0.0412036911612049}, {""step"": 7, ""max_share"": 0.6243444074338479, ""cancel_index"": 1.0, ""knockout"": ""unplaced"", ""s"": 0.05912924875800966}, {""step"": 9, ""max_share"": 0.5844780415657708, ""cancel_index"": 1.0, ""knockout"": ""unplaced"", ""s"": 0.09641449472759955}, {""step"": 12, ""max_share"": 0.5509982397456238, ""cancel_index"": 1.0, ""knockout"": ""unplaced"", ""s"": 0.15430203480637067}, {""step"": 15, ""max_share"": 0.5290549274375743, ""cancel_index"": 1.0, ""knockout"": ""unplaced"", ""s"": 0.21345106171287148}, {""step"": 18, ""max_share"": 0.511795321711223, ""cancel_index"": 1.0, ""knockout"": ""unplaced"", ""s"": 0.2730006806562082}, {""step"": 23, ""max_share"": 0.5120290956823997, ""cancel_index"": 1.0, ""knockout"": ""unplaced"", ""s"": 0.36947556414121185}, {""step"": 29, ""max_share"": 0.5327357477484568, ""cancel_index"": 1.0, ""knockout"": ""unplaced"", ""s"": 0.4659685041955184}, {""step"": 37, ""max_share"": 0.5367032234633048, ""cancel_index"": 1.0, ""knockout"": ""unplaced"", ""s"": 0.5202531604181491}, {""step"": 46, ""max_share"": 0.531313796084886, ""cancel_index"": 0.9843403200306596, ""knockout"": ""unplaced"", ""s"": 0.510344985646328}, {""step"": 58, ""max_share"": 0.551122175499607, ""cancel_index"": 1.0, ""knockout"": ""unplaced"", ""s"": 0.5137104500247278}, {""step"": 73, ""max_share"": 0.56708186206753, ""cancel_index"": 1.0, ""knockout"": ""unplaced"", ""s"": 0.5497578817018418}, {""step"": 92, ""max_share"": 0.5752508694677245, ""cancel_index"": 1.0, ""knockout"": ""unplaced"", ""s"": 0.5955895781891763}, {""step"": 115, ""max_share"": 0.5585051091043663, ""cancel_index"": 0.9224120586615884, ""knockout"": ""unplaced"", ""s"": 0.617514820477933}, {""step"": 145, ""max_share"": 0.5203305319576929, ""cancel_index"": 0.775285522410944, ""knockout"": ""unplaced"", ""s"": 0.5893268274653057}, {""step"": 181, ""max_share"": 0.557655501039786, ""cancel_index"": 0.6331038470910052, ""knockout"": ""unplaced"", ""s"": 1.1119951229097922}, {""step"": 228, ""max_share"": 0.5003683900556649, ""cancel_index"": 0.4494502010528713, ""knockout"": ""pair"", ""s"": 2.289216826986377}]"
600001,107,1.8621115300719997,1.8621115300719997,pair,0.5433822579947197,0.37665006951191043,0.10526315789473684,0.4397074439967989,ok,"[{""step"": 1, ""max_share"": 0.8427332656653062, ""cancel_index"": 1.0, ""knockout"": ""unplaced"", ""s"": 0.053681220162060214}, {""step"": 2, ""max_share"": 0.7502136750860734, ""cancel_index"": 1.0, ""knockout"": ""unplaced"", ""s"": 0.07358133222532698}, {""step"": 3, ""max_share"": 0.6968834231086964, ""cancel_index"": 1.0, ""knockout"": ""unplaced"", ""s"": 0.09340167457329268}, {""step"": 4, ""max_share"": 0.6618161388512229, ""cancel_index"": 1.0, ""knockout"": ""unplaced"", ""s"": 0.11310241617917567}, {""step"": 5, ""max_share"": 0.6365978133561001, ""cancel_index"": 1.0, ""knockout"": ""unplaced"", ""s"": 0.13261583132022964}, {""step"": 7, ""max_share"": 0.6012503274696104, ""cancel_index"": 1.0, ""knockout"": ""unplaced"", ""s"": 0.17070647975579967}, {""step"": 8, ""max_share"": 0.587554126537551, ""cancel_index"": 1.0, ""knockout"": ""unplaced"", ""s"": 0.18905918770166413}, {""step"": 10, ""max_share"": 0.563673702270556, ""cancel_index"": 1.0, ""knockout"": ""unplaced"", ""s"": 0.2237699833297054}, {""step"": 12, ""max_share"": 0.5415795519338467, ""cancel_index"": 1.0, ""knockout"": ""unplaced"", ""s"": 0.25514365563850744}, {""step"": 15, ""max_share"": 0.5083258630092126, ""cancel_index"": 1.0, ""knockout"": ""unplaced"", ""s"": 0.29525536135789243}, {""step"": 18, ""max_share"": 0.5260312792427828, ""cancel_index"": 1.0, ""knockout"": ""unplaced"", ""s"": 0.32792441137295303}, {""step"": 22, ""max_share"": 0.5712216250781392, ""cancel_index"": 1.0, ""knockout"": ""unplaced"", ""s"": 0.3638340696633764}, {""step"": 27, ""max_share"": 0.6184781574536782, ""cancel_index"": 1.0, ""knockout"": ""unplaced"", ""s"": 0.40360077717840237}, {""step"": 33, ""max_share"": 0.6487401640156981, ""cancel_index"": 1.0, ""knockout"": ""unplaced"", ""s"": 0.4485862485451729}, {""step"": 40, ""max_share"": 0.6430805594699744, ""cancel_index"": 0.972533397671089, ""knockout"": ""unplaced"", ""s"": 0.49065320480682495}, {""step"": 49, ""max_share"": 0.6032449729414547, ""cancel_index"": 0.796891773455826, ""knockout"": ""unplaced"", ""s"": 0.5301905388304193}, {""step"": 59, ""max_share"": 0.5908082218534396, ""cancel_index"": 0.7189249368806184, ""knockout"": ""unplaced"", ""s"": 0.6002394479127399}, {""step"": 72, ""max_share"": 0.5795208227725106, ""cancel_index"": 0.6078971003557899, ""knockout"": ""unplaced"", ""s"": 0.7731569718737168}, {""step"": 88, ""max_share"": 0.5542634066252791, ""cancel_index"": 0.46647868313156043, ""knockout"": ""unplaced"", ""s"": 1.206127266552449}, {""step"": 107, ""max_share"": 0.5433822579947197, ""cancel_index"": 0.37665006951191043, ""knockout"": ""pair"", ""s"": 1.8621115300719997}]"
600002,2095,4.814923438117869,4.814923438117869,redundant,0.5226525913226769,1.0,0.13636363636363635,5.06786348374354,ok,"[{""step"": 1, ""max_share"": 0.7120860180116021, ""cancel_index"": 1.0, ""knockout"": ""unplaced"", ""s"": 0.013661002686853751}, {""step"": 2, ""max_share"": 0.5861734015909666, ""cancel_index"": 1.0, ""knockout"": ""unplaced"", ""s"": 0.03356174062138093}, {""step"": 3, ""max_share"": 0.5541276985834075, ""cancel_index"": 1.0, ""knockout"": ""unplaced"", ""s"": 0.05332758161814001}, {""step"": 4, ""max_share"": 0.5394465584327909, ""cancel_index"": 1.0, ""knockout"": ""unplaced"", ""s"": 0.0729099604628485}, {""step"": 6, ""max_share"": 0.5253038620717186, ""cancel_index"": 1.0, ""knockout"": ""unplaced"", ""s"": 0.11126385284776985}, {""step"": 9, ""max_share"": 0.5151033717134225, ""cancel_index"": 1.0, ""knockout"": ""unplaced"", ""s"": 0.1654976148209451}, {""step"": 12, ""max_share"": 0.5078357964133922, ""cancel_index"": 1.0, ""knockout"": ""unplaced"", ""s"": 0.2134396712731751}, {""step"": 17, ""max_share"": 0.5050912874988172, ""cancel_index"": 1.0, ""knockout"": ""unplaced"", ""s"": 0.27357858879412494}, {""step"": 24, ""max_share"": 0.5291499351909102, ""cancel_index"": 1.0, ""knockout"": ""unplaced"", ""s"": 0.31463708859935935}, {""step"": 33, ""max_share"": 0.5719923489610964, ""cancel_index"": 1.0, ""knockout"": ""unplaced"", ""s"": 0.3295651406466737}, {""step"": 45, ""max_share"": 0.626339803157159, ""cancel_index"": 1.0, ""knockout"": ""unplaced"", ""s"": 0.3825846958938721}, {""step"": 62, ""max_share"": 0.6972476041313754, ""cancel_index"": 1.0, ""knockout"": ""unplaced"", ""s"": 0.48162531550555077}, {""step"": 86, ""max_share"": 0.7930179062561048, ""cancel_index"": 1.0, ""knockout"": ""unplaced"", ""s"": 0.5753556404268253}, {""step"": 119, ""max_share"": 0.8038430508921758, ""cancel_index"": 1.0, ""knockout"": ""unplaced"", ""s"": 0.6580316032851281}, {""step"": 163, ""max_share"": 0.7540082016314971, ""cancel_index"": 1.0, ""knockout"": ""unplaced"", ""s"": 0.764002163855886}, {""step"": 225, ""max_share"": 0.7071479232941282, ""cancel_index"": 1.0, ""knockout"": ""unplaced"", ""s"": 0.900396582821609}, {""step"": 309, ""max_share"": 0.6618459858426808, ""cancel_index"": 1.0, ""knockout"": ""unplaced"", ""s"": 1.0750161502144508}, {""step"": 425, ""max_share"": 0.6194432063014119, ""cancel_index"": 1.0, ""knockout"": ""unplaced"", ""s"": 1.3076614668030215}, {""step"": 585, ""max_share"": 0.5812532015075627, ""cancel_index"": 1.0, ""knockout"": ""unplaced"", ""s"": 1.6238004619209092}, {""step"": 805, ""max_share"": 0.5478203835899544, ""cancel_index"": 1.0, ""knockout"": ""unplaced"", ""s"": 2.060915919833204}, {""step"": 1107, ""max_share"": 0.5193971029633271, ""cancel_index"": 1.0, ""knockout"": ""unplaced"", ""s"": 2.6750929274588633}, {""step"": 1523, ""max_share"": 0.5040585840119246, ""cancel_index"": 1.0, ""knockout"": ""unplaced"", ""s"": 3.5528942211282217}, {""step"": 2095, ""max_share"": 0.5226525913226769, ""cancel_index"": 1.0, ""knockout"": ""redundant"", ""s"": 4.814923438117869}]"
600003,134,2.413941082894029,2.413941082894029,pair,0.507019643923499,0.4363031567311578,0.1,0.460338842958614,ok,"[{""step"": 1, ""max_share"": 0.5329916506978478, ""cancel_index"": 0.8543524425498215, ""knockout"": ""unplaced"", ""s"": 0.04076925531218164}, {""step"": 2, ""max_share"": 0.673097304896809, ""cancel_index"": 0.9511492050048227, ""knockout"": ""unplaced"", ""s"": 0.035947981784446276}, {""step"": 3, ""max_share"": 0.9461685122018544, ""cancel_index"": 0.9959252342447387, ""knockout"": ""unplaced"", ""s"": 0.03352308250453968}, {""step"": 4, ""max_share"": 0.8322068403260644, ""cancel_index"": 1.0, ""knockout"": ""unplaced"", ""s"": 0.04828208926477582}, {""step"": 5, ""max_share"": 0.7324623307383258, ""cancel_index"": 1.0, ""knockout"": ""unplaced"", ""s"": 0.06712748295830023}, {""step"": 6, ""max_share"": 0.6781657052661443, ""cancel_index"": 1.0, ""knockout"": ""unplaced"", ""s"": 0.08627295290259708}, {""step"": 7, ""max_share"": 0.6447690732115124, ""cancel_index"": 1.0, ""knockout"": ""unplaced"", ""s"": 0.10563051743698049}, {""step"": 9, ""max_share"": 0.6069081519596471, ""cancel_index"": 1.0, ""knockout"": ""unplaced"", ""s"": 0.14480108818253504}, {""step"": 11, ""max_share"": 0.5866429332137377, ""cancel_index"": 1.0, ""knockout"": ""unplaced"", ""s"": 0.18437294009680766}, {""step"": 14, ""max_share"": 0.5691273264225429, ""cancel_index"": 1.0, ""knockout"": ""unplaced"", ""s"": 0.24376429875421834}, {""step"": 17, ""max_share"": 0.5560967703314162, ""cancel_index"": 1.0, ""knockout"": ""unplaced"", ""s"": 0.3010980273073268}, {""step"": 21, ""max_share"": 0.5323224100150268, ""cancel_index"": 1.0, ""knockout"": ""unplaced"", ""s"": 0.3657109953753811}, {""step"": 26, ""max_share"": 0.5199926828194783, ""cancel_index"": 1.0, ""knockout"": ""unplaced"", ""s"": 0.41367732639750143}, {""step"": 32, ""max_share"": 0.5874909343952264, ""cancel_index"": 1.0, ""knockout"": ""unplaced"", ""s"": 0.446759214279275}, {""step"": 39, ""max_share"": 0.5925568269522253, ""cancel_index"": 0.8592551729183128, ""knockout"": ""unplaced"", ""s"": 0.519287810002034}, {""step"": 48, ""max_share"": 0.5341108095622418, ""cancel_index"": 0.7318859689358141, ""knockout"": ""unplaced"", ""s"": 0.6527077249135265}, {""step"": 59, ""max_share"": 0.5149209744402645, ""cancel_index"": 0.639520500165157, ""knockout"": ""unplaced"", ""s"": 0.8103213032604164}, {""step"": 72, ""max_share"": 0.5337992363075145, ""cancel_index"": 0.5766293358530766, ""knockout"": ""unplaced"", ""s"": 1.0252556135382065}, {""step"": 89, ""max_share"": 0.5282622477788393, ""cancel_index"": 0.5172855456143505, ""knockout"": ""unplaced"", ""s"": 1.3937138398255935}, {""step"": 109, ""max_share"": 0.5049295395499391, ""cancel_index"": 0.46948437118215103, ""knockout"": ""unplaced"", ""s"": 1.8579787445250058}, {""step"": 134, ""max_share"": 0.507019643923499, ""cancel_index"": 0.4363031567311578, ""knockout"": ""pair"", ""s"": 2.413941082894029}]"
600004,122,1.997192789635369,1.997192789635369,pair,0.5467144954143613,0.4312571683177801,0.10526315789473684,0.43698355067122724,ok,"[{""step"": 1, ""max_share"": 0.8088495245448812, ""cancel_index"": 0.6134387409637012, ""knockout"": ""unplaced"", ""s"": 0.024941041317994222}, {""step"": 2, ""max_share"": 0.8528029777276603, ""cancel_index"": 1.0, ""knockout"": ""unplaced"", ""s"": 0.03539683839473399}, {""step"": 3, ""max_share"": 0.7264015947098816, ""cancel_index"": 1.0, ""knockout"": ""unplaced"", ""s"": 0.05537198372207168}, {""step"": 4, ""max_share"": 0.6676366629330251, ""cancel_index"": 1.0, ""knockout"": ""unplaced"", ""s"": 0.0753237567135239}, {""step"": 6, ""max_share"": 0.6127612009358938, ""cancel_index"": 1.0, ""knockout"": ""unplaced"", ""s"": 0.1151110040913805}, {""step"": 7, ""max_share"": 0.5983316377558373, ""cancel_index"": 1.0, ""knockout"": ""unplaced"", ""s"": 0.13490771958250142}, {""step"": 9, ""max_share"": 0.5810986350301106, ""cancel_index"": 1.0, ""knockout"": ""unplaced"", ""s"": 0.17414664504652844}, {""step"": 11, ""max_share"": 0.5727717013516964, ""cancel_index"": 1.0, ""knockout"": ""unplaced"", ""s"": 0.21258817883301523}, {""step"": 13, ""max_share"": 0.5698812269420005, ""cancel_index"": 1.0, ""knockout"": ""unplaced"", ""s"": 0.24973291186559604}, {""step"": 16, ""max_share"": 0.5726121117156809, ""cancel_index"": 1.0, ""knockout"": ""unplaced"", ""s"": 0.30171397393962285}, {""step"": 20, ""max_share"": 0.5856527749490933, ""cancel_index"": 1.0, ""knockout"": ""unplaced"", ""s"": 0.36121985614825985}, {""step"": 24, ""max_share"": 0.6051039229325509, ""cancel_index"": 1.0, ""knockout"": ""unplaced"", ""s"": 0.4079168377176564}, {""step"": 30, ""max_share"": 0.6360641963367677, ""cancel_index"": 1.0, ""knockout"": ""unplaced"", ""s"": 0.45707371693025417}, {""step"": 36, ""max_share"": 0.6573176365860204, ""cancel_index"": 1.0, ""knockout"": ""unplaced"", ""s"": 0.4896907283926315}, {""step"": 44, ""max_share"": 0.660835420931863, ""cancel_index"": 0.9374837820855444, ""knockout"": ""unplaced"", ""s"": 0.5228025978618613}, {""step"": 54, ""max_share"": 0.645311748870047, ""cancel_index"": 0.8332189688199214, ""knockout"": ""unplaced"", ""s"": 0.5752131288790511}, {""step"": 66, ""max_share"": 0.6424314784526279, ""cancel_index"": 0.7701225856911952, ""knockout"": ""unplaced"", ""s"": 0.6907638632339674}, {""step"": 81, ""max_share"": 0.6196124101769082, ""cancel_index"": 0.671157795436381, ""knockout"": ""unplaced"", ""s"": 0.9281969060677441}, {""step"": 99, ""max_share"": 0.5763214368515582, ""cancel_index"": 0.5252734400942616, ""knockout"": ""unplaced"", ""s"": 1.3772000814567646}, {""step"": 122, ""max_share"": 0.5467144954143613, ""cancel_index"": 0.4312571683177801, ""knockout"": ""pair"", ""s"": 1.997192789635369}]"
600005,122,1.5139396500811817,1.5139396500811815,pair,0.5636592245290418,0.4184976705158507,0.05263157894736842,0.4371268568820665,ok,"[{""step"": 1, ""max_share"": 0.7680582788606668, ""cancel_index"": 1.0, ""knockout"": ""unplaced"", ""s"": 0.046568225116536854}, {""step"": 2, ""max_share"": 0.6877840935201038, ""cancel_index"": 1.0, ""knockout"": ""unplaced"", ""s"": 0.06647477456406342}, {""step"": 3, ""max_share"": 0.6448202169492618, ""cancel_index"": 1.0, ""knockout"": ""unplaced"", ""s"": 0.08620114926664492}, {""step"": 4, ""max_share"": 0.6181922573083706, ""cancel_index"": 1.0, ""knockout"": ""unplaced"", ""s"": 0.1056400296361666}, {""step"": 6, ""max_share"": 0.5873219228551465, ""cancel_index"": 1.0, ""knockout"": ""unplaced"", ""s"": 0.143105416003316}, {""step"": 7, ""max_share"": 0.5777469044841508, ""cancel_index"": 1.0, ""knockout"": ""unplaced"", ""s"": 0.1608125875693756}, {""step"": 9, ""max_share"": 0.5646254420737687, ""cancel_index"": 1.0, ""knockout"": ""unplaced"", ""s"": 0.19336223945468534}, {""step"": 11, ""max_share"": 0.5561377871760581, ""cancel_index"": 1.0, ""knockout"": ""unplaced"", ""s"": 0.22125604734367094}, {""step"": 13, ""max_share"": 0.5501457743307107, ""cancel_index"": 1.0, ""knockout"": ""unplaced"", ""s"": 0.2441073308324665}, {""step"": 16, ""max_share"": 0.543614104300863, ""cancel_index"": 1.0, ""knockout"": ""unplaced"", ""s"": 0.2698913184140611}, {""step"": 20, ""max_share"": 0.5370605964490808, ""cancel_index"": 1.0, ""knockout"": ""unplaced"", ""s"": 0.29393376207732946}, {""step"": 24, ""max_share"": 0.5315931338956664, ""cancel_index"": 1.0, ""knockout"": ""unplaced"", ""s"": 0.314666123708368}, {""step"": 30, ""max_share"": 0.5247138458047895, ""cancel_index"": 1.0, ""knockout"": ""unplaced"", ""s"": 0.35093122583977143}, {""step"": 36, ""max_share"": 0.5192529355209842, ""cancel_index"": 1.0, ""knockout"": ""unplaced"", ""s"": 0.38973485764751675}, {""step"": 44, ""max_share"": 0.5128886995793264, ""cancel_index"": 1.0, ""knockout"": ""unplaced"", ""s"": 0.42052381183779164}, {""step"": 54, ""max_share"": 0.5003675202321104, ""cancel_index"": 1.0, ""knockout"": ""unplaced"", ""s"": 0.42290597052426837}, {""step"": 66, ""max_share"": 0.5528920892706168, ""cancel_index"": 1.0, ""knockout"": ""unplaced"", ""s"": 0.4213430274099971}, {""step"": 81, ""max_share"": 0.7117660347517754, ""cancel_index"": 0.977217137596814, ""knockout"": ""unplaced"", ""s"": 0.458737629181714}, {""step"": 99, ""max_share"": 0.6801382969022012, ""cancel_index"": 0.7595668400834059, ""knockout"": ""unplaced"", ""s"": 0.7091682074755806}, {""step"": 122, ""max_share"": 0.5636592245290418, ""cancel_index"": 0.4184976705158507, ""knockout"": ""pair"", ""s"": 1.5139396500811815}]"
600006,96,1.5362161356175357,1.5362161356175357,pair,0.5452066830135636,0.431856425201396,0.15789473684210525,0.4417025398943382,ok,"[{""step"": 1, ""max_share"": 0.6258942040254378, ""cancel_index"": 1.0, ""knockout"": ""unplaced"", ""s"": 0.07196097721820889}, {""step"": 2, ""max_share"": 0.59843315785143, ""cancel_index"": 1.0, ""knockout"": ""unplaced"", ""s"": 0.09191516715537087}, {""step"": 3, ""max_share"": 0.5806103072286312, ""cancel_index"": 1.0, ""knockout"": ""unplaced"", ""s"": 0.11177888636901419}, {""step"": 4, ""max_share"": 0.5679124153752807, ""cancel_index"": 1.0, ""knockout"": ""unplaced"", ""s"": 0.1314934149509972}, {""step"": 5, ""max_share"": 0.5581547161479671, ""cancel_index"": 1.0, ""knockout"": ""unplaced"", ""s"": 0.15098273251133837}, {""step"": 6, ""max_share"": 0.5501162011157081, ""cancel_index"": 1.0, ""knockout"": ""unplaced"", ""s"": 0.17015107252950873}, {""step"": 8, ""max_share"": 0.5363890732168971, ""cancel_index"": 1.0, ""knockout"": ""unplaced"", ""s"": 0.2070538213555158}, {""step"": 9, ""max_share"": 0.5298122367778211, ""cancel_index"": 1.0, ""knockout"": ""unplaced"", ""s"": 0.22452659027559257}, {""step"": 11, ""max_share"": 0.5158190467682239, ""cancel_index"": 1.0, ""knockout"": ""unplaced"", ""s"": 0.2568508132399153}, {""step"": 14, ""max_share"": 0.5096492541068889, ""cancel_index"": 1.0, ""knockout"": ""unplaced"", ""s"": 0.29718004022738287}, {""step"": 17, ""max_share"": 0.5419703937551373, ""cancel_index"": 1.0, ""knockout"": ""unplaced"", ""s"": 0.32664898921654417}, {""step"": 20, ""max_share"": 0.5808150369169925, ""cancel_index"": 1.0, ""knockout"": ""unplaced"", ""s"": 0.34612353233375476}, {""step"": 25, ""max_share"": 0.657368227721458, ""cancel_index"": 1.0, ""knockout"": ""unplaced"", ""s"": 0.36196876877065837}, {""step"": 30, ""max_share"": 0.7460370706318185, ""cancel_index"": 1.0, ""knockout"": ""unplaced"", ""s"": 0.3648760055780266}, {""step"": 37, ""max_share"": 0.8900623903652813, ""cancel_index"": 1.0, ""knockout"": ""unplaced"", ""s"": 0.35797883154925814}, {""step"": 44, ""max_share"": 0.942941315657303, ""cancel_index"": 0.9668916064460851, ""knockout"": ""unplaced"", ""s"": 0.3878919200988878}, {""step"": 54, ""max_share"": 0.7758443721126056, ""cancel_index"": 0.861838789977836, ""knockout"": ""unplaced"", ""s"": 0.5618496064464948}, {""step"": 65, ""max_share"": 0.6591420067866456, ""cancel_index"": 0.7117517890335575, ""knockout"": ""unplaced"", ""s"": 0.7881769883192906}, {""step"": 79, ""max_share"": 0.5777590021261059, ""cancel_index"": 0.5151582787926764, ""knockout"": ""unplaced"", ""s"": 1.12814610435293}, {""step"": 96, ""max_share"": 0.5452066830135636, ""cancel_index"": 0.431856425201396, ""knockout"": ""pair"", ""s"": 1.5362161356175357}]"
600007,80,1.4028081514940125,1.4028081514940123,pair,0.5363353508791545,0.16806908338094678,0.4,0.43514692716104975,ok,"[{""step"": 1, ""max_share"": 0.8512999577651608, ""cancel_index"": 1.0, ""knockout"": ""unplaced"", ""s"": 0.020073044664552953}, {""step"": 2, ""max_share"": 0.524811967118443, ""cancel_index"": 0.2441954750905542, ""knockout"": ""unplaced"", ""s"": 0.013591276994414135}, {""step"": 3, ""max_share"": 0.8412049691248633, ""cancel_index"": 1.0, ""knockout"": ""unplaced"", ""s"": 0.017295719479047154}, {""step"": 4, ""max_share"": 0.6220359393894532, ""cancel_index"": 1.0, ""knockout"": ""unplaced"", ""s"": 0.03313019397033577}, {""step"": 5, ""max_share"": 0.5251582031167403, ""cancel_index"": 1.0, ""knockout"": ""unplaced"", ""s"": 0.04669955943787371}, {""step"": 6, ""max_share"": 0.5436849709728916, ""cancel_index"": 1.0, ""knockout"": ""unplaced"", ""s"": 0.058304485046219295}, {""step"": 7, ""max_share"": 0.6008740910233997, ""cancel_index"": 1.0, ""knockout"": ""unplaced"", ""s"": 0.06840299285556233}, {""step"": 8, ""max_share"": 0.6506099433479874, ""cancel_index"": 1.0, ""knockout"": ""unplaced"", ""s"": 0.07745936602668424}, {""step"": 10, ""max_share"": 0.7305495225729842, ""cancel_index"": 1.0, ""knockout"": ""unplaced"", ""s"": 0.09407396914990168}, {""step"": 12, ""max_share"": 0.7835038422004647, ""cancel_index"": 1.0, ""knockout"": ""unplaced"", ""s"": 0.11078472434021265}, {""step"": 15, ""max_share"": 0.8194397195080325, ""cancel_index"": 1.0, ""knockout"": ""unplaced"", ""s"": 0.13853551409449757}, {""step"": 18, ""max_share"": 0.8339706557880492, ""cancel_index"": 1.0, ""knockout"": ""unplaced"", ""s"": 0.16740209048289934}, {""step"": 22, ""max_share"": 0.8785454037546753, ""cancel_index"": 1.0, ""knockout"": ""unplaced"", ""s"": 0.19650920642897998}, {""step"": 26, ""max_share"": 0.9770274766188772, ""cancel_index"": 1.0, ""knockout"": ""unplaced"", ""s"": 0.207656751901434}, {""step"": 32, ""max_share"": 0.8512566480228146, ""cancel_index"": 0.798262321245967, ""knockout"": ""unplaced"", ""s"": 0.2856931791699632}, {""step"": 38, ""max_share"": 0.7328109935139088, ""cancel_index"": 0.622916194483949, ""knockout"": ""unplaced"", ""s"": 0.3820713061988917}, {""step"": 46, ""max_share"": 0.6372825874047764, ""cancel_index"": 0.4443605691751508, ""knockout"": ""unplaced"", ""s"": 0.5245898134839563}, {""step"": 55, ""max_share"": 0.5893677461764278, ""cancel_index"": 0.33044202713017456, ""knockout"": ""unplaced"", ""s"": 0.7119577712731937}, {""step"": 66, ""max_share"": 0.5566554456915351, ""cancel_index"": 0.23891806660483575, ""knockout"": ""unplaced"", ""s"": 1.0002713381605393}, {""step"": 79, ""max_share"": 0.5375119908495939, ""cancel_index"": 0.17241543272323248, ""knockout"": ""unplaced"", ""s"": 1.373905492059547}, {""step"": 80, ""max_share"": 0.5363353508791545, ""cancel_index"": 0.16806908338094678, ""knockout"": ""pair"", ""s"": 1.4028081514940123}]"
600008,92,1.414960676990365,1.4149606769903653,pair,0.5623112150470364,0.3148431289590507,0.2631578947368421,0.43787522432346315,ok,"[{""step"": 1, ""max_share"": 0.8260528659666527, ""cancel_index"": 1.0, ""knockout"": ""unplaced"", ""s"": 0.02573235862633847}, {""step"": 2, ""max_share"": 0.6834222209284383, ""cancel_index"": 1.0, ""knockout"": ""unplaced"", ""s"": 0.045627642041986834}, {""step"": 3, ""max_share"": 0.627038309884545, ""cancel_index"": 1.0, ""knockout"": ""unplaced"", ""s"": 0.06533272817609659}, {""step"": 4, ""max_share"": 0.5961001617750821, ""cancel_index"": 1.0, ""knockout"": ""unplaced"", ""s"": 0.08474309005624964}, {""step"": 5, ""max_share"": 0.5757022886395545, ""cancel_index"": 1.0, ""knockout"": ""unplaced"", ""s"": 0.10372882017626596}, {""step"": 6, ""max_share"": 0.560308342048018, ""cancel_index"": 1.0, ""knockout"": ""unplaced"", ""s"": 0.1221343009961054}, {""step"": 7, ""max_share"": 0.5473119459216994, ""cancel_index"": 1.0, ""knockout"": ""unplaced"", ""s"": 0.13978225669062833}, {""step"": 9, ""max_share"": 0.5233140587804374, ""cancel_index"": 1.0, ""knockout"": ""unplaced"", ""s"": 0.172057166584174}, {""step"": 11, ""max_share"": 0.5023876597203378, ""cancel_index"": 1.0, ""knockout"": ""unplaced"", ""s"": 0.19924317671988187}, {""step"": 13, ""max_share"": 0.53200747135305, ""cancel_index"": 1.0, ""knockout"": ""unplaced"", ""s"": 0.22072288956056255}, {""step"": 16, ""max_share"": 0.584282253627215, ""cancel_index"": 1.0, ""knockout"": ""unplaced"", ""s"": 0.24295529424365514}, {""step"": 20, ""max_share"": 0.6657470613370964, ""cancel_index"": 1.0, ""knockout"": ""unplaced"", ""s"": 0.2586231081879566}, {""step"": 24, ""max_share"": 0.7558564496650503, ""cancel_index"": 1.0, ""knockout"": ""unplaced"", ""s"": 0.2649861662536458}, {""step"": 29, ""max_share"": 0.8730900597751792, ""cancel_index"": 1.0, ""knockout"": ""unplaced"", ""s"": 0.2677359664010417}, {""step"": 35, ""max_share"": 0.9872183951977732, ""cancel_index"": 0.987724598440072, ""knockout"": ""unplaced"", ""s"": 0.2764019572674461}, {""step"": 43, ""max_share"": 0.8511146074859117, ""cancel_index"": 0.8665275508717809, ""knockout"": ""unplaced"", ""s"": 0.38107238796402504}, {""step"": 52, ""max_share"": 0.7453024815840236, ""cancel_index"": 0.7603182765191514, ""knockout"": ""unplaced"", ""s"": 0.5146052637984444}, {""step"": 63, ""max_share"": 0.6524438950599759, ""cancel_index"": 0.6109458993461566, ""knockout"": ""unplaced"", ""s"": 0.7202675883383431}, {""step"": 76, ""max_share"": 0.5940880383017233, ""cancel_index"": 0.4578904093934495, ""knockout"": ""unplaced"", ""s"": 1.0243127217634487}, {""step"": 92, ""max_share"": 0.5623112150470364, ""cancel_index"": 0.3148431289590507, ""knockout"": ""pair"", ""s"": 1.4149606769903653}]"
600009,129,2.4694542312269516,2.4694542312269516,pair,0.5448378557996115,0.42797342296765334,0.19047619047619047,0.44159867126533014,ok,"[{""step"": 1, ""max_share"": 0.8595421847359488, ""cancel_index"": 1.0, ""knockout"": ""unplaced"", ""s"": 0.044244041759632854}, {""step"": 2, ""max_share"": 0.930642254284262, ""cancel_index"": 0.9037218128910463, ""knockout"": ""unplaced"", ""s"": 0.05160979651802852}, {""step"": 3, ""max_share"": 0.8174833778266009, ""cancel_index"": 0.7375698344306002, ""knockout"": ""unplaced"", ""s"": 0.07098688816587426}, {""step"": 4, ""max_share"": 0.7577213906672665, ""cancel_index"": 0.6488104287825363, ""knockout"": ""unplaced"", ""s"": 0.08977997886856419}, {""step"": 5, ""max_share"": 0.7224772526094648, ""cancel_index"": 0.6004397999113478, ""knockout"": ""unplaced"", ""s"": 0.1079873080409037}, {""step"": 6, ""max_share"": 0.699863799972128, ""cancel_index"": 0.5742390275322338, ""knockout"": ""unplaced"", ""s"": 0.12572958509843754}, {""step"": 7, ""max_share"": 0.6841297669132212, ""cancel_index"": 0.5605764935799926, ""knockout"": ""unplaced"", ""s"": 0.1431648384186589}, {""step"": 9, ""max_share"": 0.6625301258218166, ""cancel_index"": 0.5520853089089658, ""knockout"": ""unplaced"", ""s"": 0.17766461416083387}, {""step"": 11, ""max_share"": 0.6463391669492504, ""cancel_index"": 0.5548655428485089, ""knockout"": ""unplaced"", ""s"": 0.21221176493339342}, {""step"": 13, ""max_share"": 0.6321025444372034, ""cancel_index"": 0.5624779774952005, ""knockout"": ""unplaced"", ""s"": 0.24693811038164043}, {""step"": 17, ""max_share"": 0.6061889433159553, ""cancel_index"": 0.5848977196185292, ""knockout"": ""unplaced"", ""s"": 0.31561970112737153}, {""step"": 20, ""max_share"": 0.5889383733912983, ""cancel_index"": 0.6065259005419422, ""knockout"": ""unplaced"", ""s"": 0.36396778577481304}, {""step"": 25, ""max_share"": 0.5692009819647447, ""cancel_index"": 0.6554267016203256, ""knockout"": ""unplaced"", ""s"": 0.42856925763706066}, {""step"": 31, ""max_share"": 0.5696650531266133, ""cancel_index"": 0.7375674647562944, ""knockout"": ""unplaced"", ""s"": 0.4629808720171668}, {""step"": 38, ""max_share"": 0.5782721978971367, ""cancel_index"": 0.822318472907463, ""knockout"": ""unplaced"", ""s"": 0.4679797027437086}, {""step"": 46, ""max_share"": 0.5488012814648309, ""cancel_index"": 0.8650019142958232, ""knockout"": ""unplaced"", ""s"": 0.4926182215249775}, {""step"": 57, ""max_share"": 0.5183425804347133, ""cancel_index"": 0.8464427976959638, ""knockout"": ""unplaced"", ""s"": 0.5364257256134586}, {""step"": 70, ""max_share"": 0.5016584016673388, ""cancel_index"": 0.7447453806314761, ""knockout"": ""unplaced"", ""s"": 0.6524021257780828}, {""step"": 86, ""max_share"": 0.5315124716135182, ""cancel_index"": 0.566416714906381, ""knockout"": ""unplaced"", ""s"": 1.026446333660199}, {""step"": 105, ""max_share"": 0.5421183382159493, ""cancel_index"": 0.46664828136109904, ""knockout"": ""unplaced"", ""s"": 1.6859366454098748}, {""step"": 128, ""max_share"": 0.5446089471753068, ""cancel_index"": 0.42882360352381116, ""knockout"": ""unplaced"", ""s"": 2.439733630308079}, {""step"": 129, ""max_share"": 0.5448378557996115, ""cancel_index"": 0.42797342296765334, ""knockout"": ""pair"", ""s"": 2.4694542312269516}]"
600010,63,1.1886680669141212,1.1886680669141212,pair,0.5112952315875651,0.12336144509992586,0.05555555555555555,0.4384778466375093,ok,"[{""step"": 1, ""max_share"": 0.9818901113821866, ""cancel_index"": 1.0, ""knockout"": ""unplaced"", ""s"": 0.016331276146258934}, {""step"": 2, ""max_share"": 0.7288004874452915, ""cancel_index"": 0.6002329894490399, ""knockout"": ""unplaced"", ""s"": 0.03573190390591178}, {""step"": 3, ""max_share"": 0.6471628497616939, ""cancel_index"": 0.4677002129849256, ""knockout"": ""unplaced"", ""s"": 0.05571328001779646}, {""step"": 4, ""max_share"": 0.6088042509493224, ""cancel_index"": 0.4019185574703768, ""knockout"": ""unplaced"", ""s"": 0.0756894426782184}, {""step"": 5, ""max_share"": 0.5865801885002911, ""cancel_index"": 0.36204558149701427, ""knockout"": ""unplaced"", ""s"": 0.09566789550379604}, {""step"": 6, ""max_share"": 0.5721143006727399, ""cancel_index"": 0.3349893830699663, ""knockout"": ""unplaced"", ""s"": 0.11565501694153174}, {""step"": 7, ""max_share"": 0.5619707576834267, ""cancel_index"": 0.3152145754909001, ""knockout"": ""unplaced"", ""s"": 0.13565586461150694}, {""step"": 9, ""max_share"": 0.5487362885758672, ""cancel_index"": 0.28774026133248154, ""knockout"": ""unplaced"", ""s"": 0.17571349644167938}, {""step"": 11, ""max_share"": 0.5405384358466053, ""cancel_index"": 0.2690050247980398, ""knockout"": ""unplaced"", ""s"": 0.21586128929228543}, {""step"": 13, ""max_share"": 0.5350101174806616, ""cancel_index"": 0.2549523951197104, ""knockout"": ""unplaced"", ""s"": 0.2561069100324023}, {""step"": 15, ""max_share"": 0.531066773191901, ""cancel_index"": 0.24370167534642928, ""knockout"": ""unplaced"", ""s"": 0.29644638514347804}, {""step"": 18, ""max_share"": 0.5269520194310405, ""cancel_index"": 0.23004154915665728, ""knockout"": ""unplaced"", ""s"": 0.3570956878266578}, {""step"": 22, ""max_share"": 0.5234292714107703, ""cancel_index"": 0.21542303866039503, ""knockout"": ""unplaced"", ""s"": 0.438061568530267}, {""step"": 26, ""max_share"": 0.5211688692653949, ""cancel_index"": 0.20326270414074665, ""knockout"": ""unplaced"", ""s"": 0.5188063395121116}, {""step"": 31, ""max_share"": 0.5192965918409469, ""cancel_index"": 0.1901919139327138, ""knockout"": ""unplaced"", ""s"": 0.618702838373318}, {""step"": 37, ""max_share"": 0.517692541175618, ""cancel_index"": 0.1764285298787271, ""knockout"": ""unplaced"", ""s"": 0.735729185525851}, {""step"": 44, ""max_share"": 0.5159842233659497, ""cancel_index"": 0.16175175390169813, ""knockout"": ""unplaced"", ""s"": 0.8665466053296904}, {""step"": 53, ""max_share"": 0.5135376128490015, ""cancel_index"": 0.14357381675086317, ""knockout"": ""unplaced"", ""s"": 1.0245343554325888}, {""step"": 63, ""max_share"": 0.5112952315875651, ""cancel_index"": 0.12336144509992586, ""knockout"": ""pair"", ""s"": 1.1886680669141212}]"
600011,147,2.336069130223919,2.336069130223919,pair,0.5362050406775456,0.44159362208833725,0.09523809523809523,0.43411800485401686,ok,"[{""step"": 1, ""max_share"": 0.5163563830299743, ""cancel_index"": 1.0, ""knockout"": ""unplaced"", ""s"": 0.013655310638207015}, {""step"": 2, ""max_share"": 0.5367191002211329, ""cancel_index"": 1.0, ""knockout"": ""unplaced"", ""s"": 0.006246185721062145}, {""step"": 3, ""max_share"": 0.5093010680746229, ""cancel_index"": 1.0, ""knockout"": ""unplaced"", ""s"": 0.025975166398881026}, {""step"": 4, ""max_share"": 0.5055199874202557, ""cancel_index"": 1.0, ""knockout"": ""unplaced"", ""s"": 0.045473212609379005}, {""step"": 5, ""max_share"": 0.5036514042190204, ""cancel_index"": 1.0, ""knockout"": ""unplaced"", ""s"": 0.06471436137595916}, {""step"": 6, ""max_share"": 0.5020162696335818, ""cancel_index"": 1.0, ""knockout"": ""unplaced"", ""s"": 0.08368691226075024}, {""step"": 7, ""max_share"": 0.5001709433200876, ""cancel_index"": 1.0, ""knockout"": ""unplaced"", ""s"": 0.10237455778385562}, {""step"": 9, ""max_share"": 0.5047519468614554, ""cancel_index"": 1.0, ""knockout"": ""unplaced"", ""s"": 0.13877115307784502}, {""step"": 12, ""max_share"": 0.5161281920184245, ""cancel_index"": 1.0, ""knockout"": ""unplaced"", ""s"": 0.190135862301039}, {""step"": 14, ""max_share"": 0.5268044985148411, ""cancel_index"": 1.0, ""knockout"": ""unplaced"", ""s"": 0.22139658942330745}, {""step"": 18, ""max_share"": 0.5563074811997263, ""cancel_index"": 1.0, ""knockout"": ""unplaced"", ""s"": 0.2739480162106909}, {""step"": 22, ""max_share"": 0.5960929785166105, ""cancel_index"": 1.0, ""knockout"": ""unplaced"", ""s"": 0.3106596860265875}, {""step"": 27, ""max_share"": 0.6561039829997577, ""cancel_index"": 1.0, ""knockout"": ""unplaced"", ""s"": 0.33686151462696984}, {""step"": 34, ""max_share"": 0.7429497396210447, ""cancel_index"": 1.0, ""knockout"": ""unplaced"", ""s"": 0.3580746514687853}, {""step"": 42, ""max_share"": 0.8040994233857018, ""cancel_index"": 1.0, ""knockout"": ""unplaced"", ""s"": 0.39079562612891094}, {""step"": 51, ""max_share"": 0.7999938751056739, ""cancel_index"": 1.0, ""knockout"": ""unplaced"", ""s"": 0.43585513151858646}, {""step"": 63, ""max_share"": 0.7350369960973022, ""cancel_index"": 1.0, ""knockout"": ""unplaced"", ""s"": 0.4790633681173995}, {""step"": 78, ""max_share"": 0.6493196023291459, ""cancel_index"": 1.0, ""knockout"": ""unplaced"", ""s"": 0.5751343453240745}, {""step"": 96, ""max_share"": 0.5749153552391365, ""cancel_index"": 0.6225015955260845, ""knockout"": ""unplaced"", ""s"": 0.7898428778107851}, {""step"": 119, ""max_share"": 0.5226968145807761, ""cancel_index"": 0.4839284917277622, ""knockout"": ""unplaced"", ""s"": 1.375819413680268}, {""step"": 146, ""max_share"": 0.5354489617290094, ""cancel_index"": 0.442905155162141, ""knockout"": ""unplaced"", ""s"": 2.3047335187208855}, {""step"": 147, ""max_share"": 0.5362050406775456, ""cancel_index"": 0.44159362208833725, ""knockout"": ""pair"", ""s"": 2.336069130223919}]"
600012,24,0.4323517646026246,0.4323517646026246,pair,0.5693145334003686,0.07195787339693308,0.25,0.6133761900627395,ok,"[{""step"": 1, ""max_share"": 0.5877652187583954, ""cancel_index"": 1.0, ""knockout"": ""unplaced"", ""s"": 0.06310708182438005}, {""step"": 2, ""max_share"": 0.7460774802596836, ""cancel_index"": 1.0, ""knockout"": ""unplaced"", ""s"": 0.06311916408446275}, {""step"": 3, ""max_share"": 0.9040199362022242, ""cancel_index"": 1.0, ""knockout"": ""unplaced"", ""s"": 0.0631502168345963}, {""step"": 4, ""max_share"": 0.9453932953468259, ""cancel_index"": 0.935765508612362, ""knockout"": ""unplaced"", ""s"": 0.07095520004476036}, {""step"": 5, ""max_share"": 0.8483899945628481, ""cancel_index"": 0.814316343654896, ""knockout"": ""unplaced"", ""s"": 0.09083270894540403}, {""step"": 6, ""max_share"": 0.7865234564784671, ""cancel_index"": 0.7293047995907326, ""knockout"": ""unplaced"", ""s"": 0.11064627405641211}, {""step"": 7, ""max_share"": 0.7437085003669562, ""cancel_index"": 0.6629920451540982, ""knockout"": ""unplaced"", ""s"": 0.13038195291912913}, {""step"": 8, ""max_share"": 0.7123676358841399, ""cancel_index"": 0.6065455441243854, ""knockout"": ""unplaced"", ""s"": 0.15002634192382408}, {""step"": 9, ""max_share"": 0.6884603897146027, ""cancel_index"": 0.5556872764173252, ""knockout"": ""unplaced"", ""s"": 0.16956615667566488}, {""step"": 10, ""max_share"": 0.6696344293844733, ""cancel_index"": 0.5082849662285067, ""knockout"": ""unplaced"", ""s"": 0.18898733461383077}, {""step"": 12, ""max_share"": 0.6418798909669629, ""cancel_index"": 0.41958480363136946, ""knockout"": ""unplaced"", ""s"": 0.22740817214212825}, {""step"": 14, ""max_share"": 0.6223399059729575, ""cancel_index"": 0.3352566308918712, ""knockout"": ""unplaced"", ""s"": 0.26512849861481896}, {""step"": 16, ""max_share"": 0.6076966200021148, ""cancel_index"": 0.25280798206227945, ""knockout"": ""unplaced"", ""s"": 0.3019271591099561}, {""step"": 18, ""max_share"": 0.5960930675846745, ""cancel_index"": 0.1709282743140144, ""knockout"": ""unplaced"", ""s"": 0.3375029326482901}, {""step"": 21, ""max_share"": 0.5819219646669255, ""cancel_index"": 0.04825469541854916, ""knockout"": ""unplaced"", ""s"": 0.3876699127608106}, {""step"": 23, ""max_share"": 0.573477869117554, ""cancel_index"": 0.03256298612140452, ""knockout"": ""unplaced"", ""s"": 0.418200083204411}, {""step"": 24, ""max_share"": 0.5693145334003686, ""cancel_index"": 0.07195787339693308, ""knockout"": ""pair"", ""s"": 0.4323517646026246}]"
600013,30,0.4688798695135233,0.46887986951352334,pair,0.6518512083291806,0.2719457675902918,0.7058823529411765,0.4381545389657797,ok,"[{""step"": 1, ""max_share"": 0.5352844501989609, ""cancel_index"": 1.0, ""knockout"": ""unplaced"", ""s"": 0.06216178347371101}, {""step"": 2, ""max_share"": 0.6939934756517525, ""cancel_index"": 1.0, ""knockout"": ""unplaced"", ""s"": 0.06234024769165606}, {""step"": 3, ""max_share"": 0.8462827730599285, ""cancel_index"": 1.0, ""knockout"": ""unplaced"", ""s"": 0.0629044804694348}, {""step"": 4, ""max_share"": 0.9850986200331014, ""cancel_index"": 1.0, ""knockout"": ""unplaced"", ""s"": 0.06413579107905391}, {""step"": 5, ""max_share"": 0.915550017345932, ""cancel_index"": 0.7931620766366287, ""knockout"": ""unplaced"", ""s"": 0.07983348401128638}, {""step"": 6, ""max_share"": 0.8630807290945749, ""cancel_index"": 0.6748472059925223, ""knockout"": ""unplaced"", ""s"": 0.096124429528018}, {""step"": 7, ""max_share"": 0.8360363316849959, ""cancel_index"": 0.6188823740045564, ""knockout"": ""unplaced"", ""s"": 0.1109882405789238}, {""step"": 8, ""max_share"": 0.823833510255267, ""cancel_index"": 0.5969385151202801, ""knockout"": ""unplaced"", ""s"": 0.12450229907733545}, {""step"": 9, ""max_share"": 0.8203615294307082, ""cancel_index"": 0.5939694171311324, ""knockout"": ""unplaced"", ""s"": 0.13688705691857753}, {""step"": 11, ""max_share"": 0.824862966096184, ""cancel_index"": 0.6111464442445562, ""knockout"": ""unplaced"", ""s"": 0.15952440005162258}, {""step"": 12, ""max_share"": 0.8278937768715345, ""cancel_index"": 0.6205253579802088, ""knockout"": ""unplaced"", ""s"": 0.17048158225777138}, {""step"": 14, ""max_share"": 0.8276242750996566, ""cancel_index"": 0.6243664152046535, ""knockout"": ""unplaced"", ""s"": 0.19339554618337082}, {""step"": 17, ""max_share"": 0.8046825100922659, ""cancel_index"": 0.5802878651907812, ""knockout"": ""unplaced"", ""s"": 0.23357625647521746}, {""step"": 19, ""max_share"": 0.779238113139755, ""cancel_index"": 0.5290245291177108, ""knockout"": ""unplaced"", ""s"": 0.2647022210232629}, {""step"": 22, ""max_share"": 0.7379672082784474, ""cancel_index"": 0.4455140988616525, ""knockout"": ""unplaced"", ""s"": 0.3163173818747964}, {""step"": 26, ""max_share"": 0.6892895102355024, ""cancel_index"": 0.3472768144313352, ""knockout"": ""unplaced"", ""s"": 0.39088513055445245}, {""step"": 29, ""max_share"": 0.6602054974406988, ""cancel_index"": 0.28875105047984034, ""knockout"": ""unplaced"", ""s"": 0.44917069987090563}, {""step"": 30, ""max_share"": 0.6518512083291806, ""cancel_index"": 0.2719457675902918, ""knockout"": ""pair"", ""s"": 0.46887986951352334}]"
600014,151,2.464489232797764,2.464489232797764,pair,0.52786731463152,0.4420425887657365,0.23809523809523808,0.4754810882712263,ok,"[{""step"": 1, ""max_share"": 0.8558985978699861, ""cancel_index"": 1.0, ""knockout"": ""unplaced"", ""s"": 0.054220660417022226}, {""step"": 2, ""max_share"": 0.9670132193375056, ""cancel_index"": 0.9266059571820299, ""knockout"": ""unplaced"", ""s"": 0.0583435334389502}, {""step"": 3, ""max_share"": 0.8566509049050006, ""cancel_index"": 0.6817278728933562, ""knockout"": ""unplaced"", ""s"": 0.07756808671808013}, {""step"": 4, ""max_share"": 0.7956627912841148, ""cancel_index"": 0.5407544996048095, ""knockout"": ""unplaced"", ""s"": 0.09614928210190035}, {""step"": 5, ""max_share"": 0.7567934066147518, ""cancel_index"": 0.44151960700209303, ""knockout"": ""unplaced"", ""s"": 0.11440950380133713}, {""step"": 6, ""max_share"": 0.7278459259342377, ""cancel_index"": 0.3587302296206164, ""knockout"": ""unplaced"", ""s"": 0.13285534071118207}, {""step"": 8, ""max_share"": 0.6838969666538063, ""cancel_index"": 0.21322387463637138, ""knockout"": ""unplaced"", ""s"": 0.17112711797403796}, {""step"": 9, ""max_share"": 0.66684817900697, ""cancel_index"": 0.1477520528382508, ""knockout"": ""unplaced"", ""s"": 0.19083651035585808}, {""step"": 12, ""max_share"": 0.6289214294259634, ""cancel_index"": 0.02814497686440892, ""knockout"": ""unplaced"", ""s"": 0.2515028705674488}, {""step"": 15, ""max_share"": 0.602857854106833, ""cancel_index"": 0.1857313451488795, ""knockout"": ""unplaced"", ""s"": 0.31417384116244834}, {""step"": 18, ""max_share"": 0.5833559801706634, ""cancel_index"": 0.3323782051157994, ""knockout"": ""unplaced"", ""s"": 0.3784233468199112}, {""step"": 23, ""max_share"": 0.5601523556140238, ""cancel_index"": 0.5539247246244637, ""knockout"": ""unplaced"", ""s"": 0.48577513092856406}, {""step"": 28, ""max_share"": 0.5483920447305841, ""cancel_index"": 0.7321013075294508, ""knockout"": ""unplaced"", ""s"": 0.5813465326130858}, {""step"": 34, ""max_share"": 0.5568709939259764, ""cancel_index"": 0.8561208664995783, ""knockout"": ""unplaced"", ""s"": 0.6467494646137932}, {""step"": 43, ""max_share"": 0.5961587857897518, ""cancel_index"": 0.8580829251586639, ""knockout"": ""unplaced"", ""s"": 0.6407921125825902}, {""step"": 53, ""max_share"": 0.6046435568114977, ""cancel_index"": 0.7944427990449793, ""knockout"": ""unplaced"", ""s"": 0.6215683465099471}, {""step"": 65, ""max_share"": 0.5705330445754219, ""cancel_index"": 0.790413125042823, ""knockout"": ""unplaced"", ""s"": 0.6745690539042277}, {""step"": 80, ""max_share"": 0.5531559237176733, ""cancel_index"": 0.7025585782667871, ""knockout"": ""unplaced"", ""s"": 0.7925190303111731}, {""step"": 99, ""max_share"": 0.5089560092787061, ""cancel_index"": 0.6103280660905667, ""knockout"": ""unplaced"", ""s"": 1.0890458816114255}, {""step"": 122, ""max_share"": 0.5079294479010752, ""cancel_index"": 0.49691065488060754, ""knockout"": ""unplaced"", ""s"": 1.6772891288345162}, {""step"": 150, ""max_share"": 0.5276218526378689, ""cancel_index"": 0.4432749283480821, ""knockout"": ""unplaced"", ""s"": 2.439092160355681}, {""step"": 151, ""max_share"": 0.52786731463152, ""cancel_index"": 0.4420425887657365, ""knockout"": ""pair"", ""s"": 2.464489232797764}]"
600015,28,0.3059277799169846,0.30592777991698467,pair,0.7440348601649488,0.0571118285813932,0.6666666666666666,0.44106868759637935,ok,"[{""step"": 1, ""max_share"": 0.9520789104212968, ""cancel_index"": 0.6016000304561617, ""knockout"": ""unplaced"", ""s"": 0.029165121588219142}, {""step"": 2, ""max_share"": 0.690000713838186, ""cancel_index"": 1.0, ""knockout"": ""unplaced"", ""s"": 0.025785051713862257}, {""step"": 3, ""max_share"": 0.6677921646619898, ""cancel_index"": 1.0, ""knockout"": ""unplaced"", ""s"": 0.023652299585519836}, {""step"": 4, ""max_share"": 0.9125680581962631, ""cancel_index"": 0.9678459122308518, ""knockout"": ""unplaced"", ""s"": 0.02307483476420539}, {""step"": 5, ""max_share"": 0.665908646435725, ""cancel_index"": 0.8504579689236608, ""knockout"": ""unplaced"", ""s"": 0.03536917344991847}, {""step"": 6, ""max_share"": 0.5241790469447002, ""cancel_index"": 0.7541697878968641, ""knockout"": ""unplaced"", ""s"": 0.04524137787768016}, {""step"": 8, ""max_share"": 0.6754576781872997, ""cancel_index"": 0.5210925026412289, ""knockout"": ""unplaced"", ""s"": 0.06020333923065297}, {""step"": 9, ""max_share"": 0.7542726479016714, ""cancel_index"": 0.3581379011262072, ""knockout"": ""unplaced"", ""s"": 0.06642656842124131}, {""step"": 10, ""max_share"": 0.8202507705980788, ""cancel_index"": 0.1605292827275893, ""knockout"": ""unplaced"", ""s"": 0.07250466779949874}, {""step"": 12, ""max_share"": 0.9053504334709651, ""cancel_index"": 0.24165372151597034, ""knockout"": ""unplaced"", ""s"": 0.08621424245450093}, {""step"": 13, ""max_share"": 0.9223440887510509, ""cancel_index"": 0.3593884730913225, ""knockout"": ""unplaced"", ""s"": 0.09464496689279878}, {""step"": 16, ""max_share"": 0.9015825316453248, ""cancel_index"": 0.30204054972169225, ""knockout"": ""unplaced"", ""s"": 0.12750282733915425}, {""step"": 18, ""max_share"": 0.8646643451305742, ""cancel_index"": 0.17119115286887476, ""knockout"": ""unplaced"", ""s"": 0.15430816715666743}, {""step"": 21, ""max_share"": 0.8141058307747553, ""cancel_index"": 0.04026436250594144, ""knockout"": ""unplaced"", ""s"": 0.19812242511021644}, {""step"": 24, ""max_share"": 0.7787935243277958, ""cancel_index"": 0.019011328453993944, ""knockout"": ""unplaced"", ""s"": 0.24325179093477595}, {""step"": 28, ""max_share"": 0.7440348601649488, ""cancel_index"": 0.0571118285813932, ""knockout"": ""pair"", ""s"": 0.30592777991698467}]"
600016,112,1.7274912170466248,1.7274912170466248,pair,0.5657430186565526,0.48319546831850113,0.25,0.44019112277762695,ok,"[{""step"": 1, ""max_share"": 0.5213114280171836, ""cancel_index"": 0.2044930415820565, ""knockout"": ""unplaced"", ""s"": 0.04627166728300089}, {""step"": 2, ""max_share"": 0.6937125017841632, ""cancel_index"": 0.25952877652670964, ""knockout"": ""unplaced"", ""s"": 0.0462931609389127}, {""step"": 3, ""max_share"": 0.9062975585795991, ""cancel_index"": 0.7667108382308344, ""knockout"": ""unplaced"", ""s"": 0.04635313803232464}, {""step"": 4, ""max_share"": 0.9067774245944104, ""cancel_index"": 1.0, ""knockout"": ""unplaced"", ""s"": 0.05712175003920101}, {""step"": 5, ""max_share"": 0.8062828993285542, ""cancel_index"": 1.0, ""knockout"": ""unplaced"", ""s"": 0.0761881308234569}, {""step"": 7, ""max_share"": 0.7101974350507219, ""cancel_index"": 1.0, ""knockout"": ""unplaced"", ""s"": 0.11267856603638657}, {""step"": 8, ""max_share"": 0.6842899393921429, ""cancel_index"": 1.0, ""knockout"": ""unplaced"", ""s"": 0.12988340786548092}, {""step"": 10, ""max_share"": 0.6517513647152235, ""cancel_index"": 1.0, ""knockout"": ""unplaced"", ""s"": 0.16176735317957047}, {""step"": 12, ""max_share"": 0.6327391595320928, ""cancel_index"": 1.0, ""knockout"": ""unplaced"", ""s"": 0.1898539235282431}, {""step"": 15, ""max_share"": 0.6156770518988952, ""cancel_index"": 1.0, ""knockout"": ""unplaced"", ""s"": 0.22419596652347434}, {""step"": 19, ""max_share"": 0.6008686313110186, ""cancel_index"": 1.0, ""knockout"": ""unplaced"", ""s"": 0.2551886280803999}, {""step"": 23, ""max_share"": 0.5868275630709456, ""cancel_index"": 1.0, ""knockout"": ""unplaced"", ""s"": 0.2705844539997412}, {""step"": 28, ""max_share"": 0.5637481643827232, ""cancel_index"": 1.0, ""knockout"": ""unplaced"", ""s"": 0.2734782680841429}, {""step"": 34, ""max_share"": 0.5247637437378664, ""cancel_index"": 1.0, ""knockout"": ""unplaced"", ""s"": 0.2722099920534671}, {""step"": 41, ""max_share"": 0.5281093606865818, ""cancel_index"": 1.0, ""knockout"": ""unplaced"", ""s"": 0.2918512840604589}, {""step"": 51, ""max_share"": 0.6422652075207295, ""cancel_index"": 1.0, ""knockout"": ""unplaced"", ""s"": 0.3262767893784557}, {""step"": 62, ""max_share"": 0.836947204518057, ""cancel_index"": 1.0, ""knockout"": ""unplaced"", ""s"": 0.3603606866995741}, {""step"": 75, ""max_share"": 0.876569319215065, ""cancel_index"": 0.8022085206560651, ""knockout"": ""unplaced"", ""s"": 0.5218081353791535}, {""step"": 92, ""max_share"": 0.6761279593486328, ""cancel_index"": 0.5432342015364235, ""knockout"": ""unplaced"", ""s"": 1.0500113313193626}, {""step"": 111, ""max_share"": 0.5697985109101046, ""cancel_index"": 0.48505062223326567, ""knockout"": ""unplaced"", ""s"": 1.6964995670867418}, {""step"": 112, ""max_share"": 0.5657430186565526, ""cancel_index"": 0.48319546831850113, ""knockout"": ""pair"", ""s"": 1.7274912170466248}]"
600017,118,2.19553346585764,2.1955334658576398,pair,0.5020398302896742,0.3986685396645953,0.0,0.4488185929729063,ok,"[{""step"": 1, ""max_share"": 0.5523225418402061, ""cancel_index"": 0.5496127517504417, ""knockout"": ""unplaced"", ""s"": 0.07992320992755957}, {""step"": 2, ""max_share"": 0.5419635851278634, ""cancel_index"": 0.5825656760595452, ""knockout"": ""unplaced"", ""s"": 0.09989051670314925}, {""step"": 3, ""max_share"": 0.5352238886978873, ""cancel_index"": 0.6097770251541315, ""knockout"": ""unplaced"", ""s"": 0.11979550390727936}, {""step"": 4, ""max_share"": 0.5306200288870384, ""cancel_index"": 0.6337774178106993, ""knockout"": ""unplaced"", ""s"": 0.13960145778312688}, {""step"": 5, ""max_share"": 0.5274200125076699, ""cancel_index"": 0.6557963386552754, ""knockout"": ""unplaced"", ""s"": 0.15926351088632512}, {""step"": 7, ""max_share"": 0.5238110273134049, ""cancel_index"": 0.6962658409149961, ""knockout"": ""unplaced"", ""s"": 0.19792909456968363}, {""step"": 8, ""max_share"": 0.5230353785445199, ""cancel_index"": 0.7153281698218056, ""knockout"": ""unplaced"", ""s"": 0.21679259716980248}, {""step"": 10, ""max_share"": 0.5230940047174406, ""cancel_index"": 0.7518157636248638, ""knockout"": ""unplaced"", ""s"": 0.25314543206883494}, {""step"": 13, ""max_share"": 0.5265626069186367, ""cancel_index"": 0.8029520586168256, ""knockout"": ""unplaced"", ""s"": 0.3026256890575477}, {""step"": 16, ""max_share"": 0.5330979620043859, ""cancel_index"": 0.8486115604737712, ""knockout"": ""unplaced"", ""s"": 0.3432471573342205}, {""step"": 19, ""max_share"": 0.5408309121869979, ""cancel_index"": 0.8845812069394189, ""knockout"": ""unplaced"", ""s"": 0.372454804440829}, {""step"": 24, ""max_share"": 0.5494248278769936, ""cancel_index"": 0.908567115463868, ""knockout"": ""unplaced"", ""s"": 0.3950935603612171}, {""step"": 29, ""max_share"": 0.5438627892850567, ""cancel_index"": 0.8933500081507305, ""knockout"": ""unplaced"", ""s"": 0.39704675672298295}, {""step"": 35, ""max_share"": 0.5141913925212416, ""cancel_index"": 0.8658005060484804, ""knockout"": ""unplaced"", ""s"": 0.40119467997984676}, {""step"": 43, ""max_share"": 0.5308535601442227, ""cancel_index"": 0.8393399660222391, ""knockout"": ""unplaced"", ""s"": 0.44343536619588453}, {""step"": 53, ""max_share"": 0.5442036928370109, ""cancel_index"": 0.7863516158718314, ""knockout"": ""unplaced"", ""s"": 0.5519556154555328}, {""step"": 64, ""max_share"": 0.537201359864483, ""cancel_index"": 0.69938696902407, ""knockout"": ""unplaced"", ""s"": 0.7213078994184337}, {""step"": 79, ""max_share"": 0.5185868008428182, ""cancel_index"": 0.5384514654298149, ""knockout"": ""unplaced"", ""s"": 1.0668993713453019}, {""step"": 96, ""max_share"": 0.5071421634663931, ""cancel_index"": 0.4373909362348724, ""knockout"": ""unplaced"", ""s"": 1.5742383924432723}, {""step"": 118, ""max_share"": 0.5020398302896742, ""cancel_index"": 0.3986685396645953, ""knockout"": ""pair"", ""s"": 2.1955334658576398}]"
600018,122,1.2500036588657906,1.2500036588657906,pair,0.5956080147534136,0.4904855460661788,0.2631578947368421,0.44099471159590037,ok,"[{""step"": 1, ""max_share"": 0.6161365010954859, ""cancel_index"": 1.0, ""knockout"": ""unplaced"", ""s"": 0.05074053167750899}, {""step"": 2, ""max_share"": 0.6915981761368747, ""cancel_index"": 1.0, ""knockout"": ""unplaced"", ""s"": 0.03077993193338338}, {""step"": 3, ""max_share"": 0.9605447996501739, ""cancel_index"": 0.5084548128011449, ""knockout"": ""unplaced"", ""s"": 0.011820079406423002}, {""step"": 4, ""max_share"": 0.8752256496549361, ""cancel_index"": 0.9669098288496802, ""knockout"": ""unplaced"", ""s"": 0.01186965554515338}, {""step"": 6, ""max_share"": 0.6256058594115144, ""cancel_index"": 1.0, ""knockout"": ""unplaced"", ""s"": 0.048087812265819416}, {""step"": 7, ""max_share"": 0.5909582947487279, ""cancel_index"": 1.0, ""knockout"": ""unplaced"", ""s"": 0.06741862688586078}, {""step"": 9, ""max_share"": 0.5609748240113064, ""cancel_index"": 1.0, ""knockout"": ""unplaced"", ""s"": 0.1054372645249505}, {""step"": 11, ""max_share"": 0.5486007047832264, ""cancel_index"": 1.0, ""knockout"": ""unplaced"", ""s"": 0.14243417480533524}, {""step"": 13, ""max_share"": 0.5430577740154543, ""cancel_index"": 1.0, ""knockout"": ""unplaced"", ""s"": 0.17819160512656063}, {""step"": 16, ""max_share"": 0.5412072900911338, ""cancel_index"": 1.0, ""knockout"": ""unplaced"", ""s"": 0.22893444530449125}, {""step"": 20, ""max_share"": 0.546359799745472, ""cancel_index"": 1.0, ""knockout"": ""unplaced"", ""s"": 0.2895653898732363}, {""step"": 24, ""max_share"": 0.5588052869987964, ""cancel_index"": 1.0, ""knockout"": ""unplaced"", ""s"": 0.3398026225646327}, {""step"": 30, ""max_share"": 0.5910740522845396, ""cancel_index"": 1.0, ""knockout"": ""unplaced"", ""s"": 0.39202484749974686}, {""step"": 36, ""max_share"": 0.6390629651285281, ""cancel_index"": 1.0, ""knockout"": ""unplaced"", ""s"": 0.4176605434593572}, {""step"": 44, ""max_share"": 0.7250775565809948, ""cancel_index"": 1.0, ""knockout"": ""unplaced"", ""s"": 0.42294620514508274}, {""step"": 54, ""max_share"": 0.8631185351447725, ""cancel_index"": 1.0, ""knockout"": ""unplaced"", ""s"": 0.4096642271108566}, {""step"": 66, ""max_share"": 0.9512385901478669, ""cancel_index"": 0.971101033848084, ""knockout"": ""unplaced"", ""s"": 0.43727813302575513}, {""step"": 81, ""max_share"": 0.8067534636491475, ""cancel_index"": 0.8645370473993864, ""knockout"": ""unplaced"", ""s"": 0.6216175668217493}, {""step"": 99, ""max_share"": 0.6882026718582251, ""cancel_index"": 0.6910999981002571, ""knockout"": ""unplaced"", ""s"": 0.8790936270788261}, {""step"": 122, ""max_share"": 0.5956080147534136, ""cancel_index"": 0.4904855460661788, ""knockout"": ""pair"", ""s"": 1.2500036588657906}]"
600019,143,2.2453327802132006,2.2453327802132006,pair,0.5299701821570119,0.455139056146492,0.15,0.4390385298827215,ok,"[{""step"": 1, ""max_share"": 0.9607101563795716, ""cancel_index"": 1.0, ""knockout"": ""unplaced"", ""s"": 0.02118348868140749}, {""step"": 2, ""max_share"": 0.5100267201683673, ""cancel_index"": 1.0, ""knockout"": ""unplaced"", ""s"": 0.021166390737728615}, {""step"": 3, ""max_share"": 0.979824303076189, ""cancel_index"": 1.0, ""knockout"": ""unplaced"", ""s"": 0.021139604766223702}, {""step"": 4, ""max_share"": 0.7638242024740305, ""cancel_index"": 0.9710715763276297, ""knockout"": ""unplaced"", ""s"": 0.04006771588831637}, {""step"": 5, ""max_share"": 0.6774771146822439, ""cancel_index"": 1.0, ""knockout"": ""unplaced"", ""s"": 0.05976439097666842}, {""step"": 6, ""max_share"": 0.6347638646856797, ""cancel_index"": 1.0, ""knockout"": ""unplaced"", ""s"": 0.07936584964369955}, {""step"": 7, ""max_share"": 0.6097801821473063, ""cancel_index"": 1.0, ""knockout"": ""unplaced"", ""s"": 0.09885690359428678}, {""step"": 9, ""max_share"": 0.58312985143112, ""cancel_index"": 1.0, ""knockout"": ""unplaced"", ""s"": 0.13742600696245455}, {""step"": 11, ""max_share"": 0.57089883514765, ""cancel_index"": 1.0, ""knockout"": ""unplaced"", ""s"": 0.17526103344588745}, {""step"": 14, ""max_share"": 0.565042032883959, ""cancel_index"": 1.0, ""knockout"": ""unplaced"", ""s"": 0.22998895930780033}, {""step"": 18, ""max_share"": 0.5698255707393375, ""cancel_index"": 1.0, ""knockout"": ""unplaced"", ""s"": 0.29715393189075434}, {""step"": 22, ""max_share"": 0.5836042909709784, ""cancel_index"": 1.0, ""knockout"": ""unplaced"", ""s"": 0.35454703389464476}, {""step"": 27, ""max_share"": 0.6083156386319069, ""cancel_index"": 1.0, ""knockout"": ""unplaced"", ""s"": 0.4089644605888445}, {""step"": 33, ""max_share"": 0.639505885426251, ""cancel_index"": 1.0, ""knockout"": ""unplaced"", ""s"": 0.4509547766066224}, {""step"": 41, ""max_share"": 0.6618262287284062, ""cancel_index"": 1.0, ""knockout"": ""unplaced"", ""s"": 0.4864660285317739}, {""step"": 50, ""max_share"": 0.6420089542554488, ""cancel_index"": 1.0, ""knockout"": ""unplaced"", ""s"": 0.5248601404749478}, {""step"": 62, ""max_share"": 0.5847712647353502, ""cancel_index"": 0.9312404628781061, ""knockout"": ""unplaced"", ""s"": 0.5882106990321883}, {""step"": 76, ""max_share"": 0.5426783306314611, ""cancel_index"": 0.712772599022802, ""knockout"": ""unplaced"", ""s"": 0.7012409197650138}, {""step"": 94, ""max_share"": 0.5047326904204871, ""cancel_index"": 0.605162739775837, ""knockout"": ""unplaced"", ""s"": 0.9803588568681154}, {""step"": 116, ""max_share"": 0.5082176903532836, ""cancel_index"": 0.5084764529879314, ""knockout"": ""unplaced"", ""s"": 1.5277996363534068}, {""step"": 143, ""max_share"": 0.5299701821570119, ""cancel_index"": 0.455139056146492, ""knockout"": ""pair"", ""s"": 2.2453327802132006}]"
600020,149,2.413348077632405,2.4133480776324046,pair,0.5505930566167743,0.4366531700661157,0.0,0.4351251390223064,ok,"[{""step"": 1, ""max_share"": 0.7084850489494425, ""cancel_index"": 0.20057779464224235, ""knockout"": ""unplaced"", ""s"": 0.07095952300427923}, {""step"": 2, ""max_share"": 0.7219360681349865, ""cancel_index"": 0.250465280484855, ""knockout"": ""unplaced"", ""s"": 0.08348557416435344}, {""step"": 3, ""max_share"": 0.7039809460447254, ""cancel_index"": 0.22741106912472842, ""knockout"": ""unplaced"", ""s"": 0.09984246512991056}, {""step"": 4, ""max_share"": 0.6826890766806104, ""cancel_index"": 0.1981184257538576, ""knockout"": ""unplaced"", ""s"": 0.11767115184768895}, {""step"": 5, ""max_share"": 0.6633636569946991, ""cancel_index"": 0.17443441123063208, ""knockout"": ""unplaced"", ""s"": 0.136298789713728}, {""step"": 6, ""max_share"": 0.6467752597143891, ""cancel_index"": 0.1575654661227356, ""knockout"": ""unplaced"", ""s"": 0.15545024527246978}, {""step"": 8, ""max_share"": 0.6207528239215212, ""cancel_index"": 0.14062419379044463, ""knockout"": ""unplaced"", ""s"": 0.1948196166792402}, {""step"": 9, ""max_share"": 0.6105554954526667, ""cancel_index"": 0.13854421452099103, ""knockout"": ""unplaced"", ""s"": 0.21489319216982497}, {""step"": 12, ""max_share"": 0.5877808556210405, ""cancel_index"": 0.14959466540381253, ""knockout"": ""unplaced"", ""s"": 0.276056547102676}, {""step"": 15, ""max_share"": 0.5733753053550791, ""cancel_index"": 0.17866564325837014, ""knockout"": ""unplaced"", ""s"": 0.33740701142527796}, {""step"": 18, ""max_share"": 0.5656929890374287, ""cancel_index"": 0.2210542594012021, ""knockout"": ""unplaced"", ""s"": 0.39630539876886983}, {""step"": 22, ""max_share"": 0.5670907124168375, ""cancel_index"": 0.29642535359753813, ""knockout"": ""unplaced"", ""s"": 0.46244045333875905}, {""step"": 28, ""max_share"": 0.5918436685828398, ""cancel_index"": 0.42859092998212756, ""knockout"": ""unplaced"", ""s"": 0.5122485370632548}, {""step"": 34, ""max_share"": 0.6117257538878677, ""cancel_index"": 0.5204240158870694, ""knockout"": ""unplaced"", ""s"": 0.5151092954092296}, {""step"": 42, ""max_share"": 0.5802079869975408, ""cancel_index"": 0.5385648165246968, ""knockout"": ""unplaced"", ""s"": 0.5188317889921958}, {""step"": 52, ""max_share"": 0.5316161552815547, ""cancel_index"": 0.5907269837981843, ""knockout"": ""unplaced"", ""s"": 0.5323496573260751}, {""step"": 64, ""max_share"": 0.5132357428583866, ""cancel_index"": 0.7613614519293497, ""knockout"": ""unplaced"", ""s"": 0.5563620594318298}, {""step"": 79, ""max_share"": 0.5061426878282386, ""cancel_index"": 0.8584140682014254, ""knockout"": ""unplaced"", ""s"": 0.601781431189917}, {""step"": 98, ""max_share"": 0.5099826517031544, ""cancel_index"": 0.7846963154143014, ""knockout"": ""unplaced"", ""s"": 0.7454922389473233}, {""step"": 120, ""max_share"": 0.5308002642541445, ""cancel_index"": 0.5801878624248015, ""knockout"": ""unplaced"", ""s"": 1.306968163240652}, {""step"": 149, ""max_share"": 0.5505930566167743, ""cancel_index"": 0.4366531700661157, ""knockout"": ""pair"", ""s"": 2.4133480776324046}]"
600021,119,1.6146601591860446,1.6146601591860446,pair,0.5842528134880446,0.3752451436905152,0.15,0.43471098505036637,ok,"[{""step"": 1, ""max_share"": 0.890361594026443, ""cancel_index"": 1.0, ""knockout"": ""unplaced"", ""s"": 0.012001984256142866}, {""step"": 2, ""max_share"": 0.9143523224699841, ""cancel_index"": 0.5198947860186842, ""knockout"": ""unplaced"", ""s"": 0.008925690636673974}, {""step"": 3, ""max_share"": 0.6468332344683226, ""cancel_index"": 1.0, ""knockout"": ""unplaced"", ""s"": 0.025527399697853382}, {""step"": 4, ""max_share"": 0.5587109434303673, ""cancel_index"": 1.0, ""knockout"": ""unplaced"", ""s"": 0.04212966512365379}, {""step"": 6, ""max_share"": 0.5161640885094809, ""cancel_index"": 1.0, ""knockout"": ""unplaced"", ""s"": 0.07161526015184555}, {""step"": 7, ""max_share"": 0.5368257165434192, ""cancel_index"": 1.0, ""knockout"": ""unplaced"", ""s"": 0.08517530532111034}, {""step"": 8, ""max_share"": 0.5508614736208105, ""cancel_index"": 1.0, ""knockout"": ""unplaced"", ""s"": 0.09836297486176476}, {""step"": 10, ""max_share"": 0.5636579512419573, ""cancel_index"": 1.0, ""knockout"": ""unplaced"", ""s"": 0.12447217607198585}, {""step"": 13, ""max_share"": 0.5570523396719628, ""cancel_index"": 1.0, ""knockout"": ""unplaced"", ""s"": 0.16421227496041274}, {""step"": 16, ""max_share"": 0.534480732552628, ""cancel_index"": 1.0, ""knockout"": ""unplaced"", ""s"": 0.2041432167270973}, {""step"": 19, ""max_share"": 0.5058191652195912, ""cancel_index"": 1.0, ""knockout"": ""unplaced"", ""s"": 0.24278524908948093}, {""step"": 24, ""max_share"": 0.5436156836521203, ""cancel_index"": 1.0, ""knockout"": ""unplaced"", ""s"": 0.3017055187316842}, {""step"": 29, ""max_share"": 0.5887849492101268, ""cancel_index"": 1.0, ""knockout"": ""unplaced"", ""s"": 0.35571476053444206}, {""step"": 36, ""max_share"": 0.6364214214521219, ""cancel_index"": 1.0, ""knockout"": ""unplaced"", ""s"": 0.4272920239151235}, {""step"": 43, ""max_share"": 0.6472717739076259, ""cancel_index"": 1.0, ""knockout"": ""unplaced"", ""s"": 0.4403137878595027}, {""step"": 53, ""max_share"": 0.6120658764190775, ""cancel_index"": 1.0, ""knockout"": ""unplaced"", ""s"": 0.3295166475555845}, {""step"": 65, ""max_share"": 0.6367141371334757, ""cancel_index"": 1.0, ""knockout"": ""unplaced"", ""s"": 0.30682294960187034}, {""step"": 79, ""max_share"": 0.8595216621031618, ""cancel_index"": 1.0, ""knockout"": ""unplaced"", ""s"": 0.3028522520277879}, {""step"": 97, ""max_share"": 0.7130918632134409, ""cancel_index"": 0.5624066330989439, ""knockout"": ""unplaced"", ""s"": 0.7549886859506407}, {""step"": 118, ""max_share"": 0.586779233379622, ""cancel_index"": 0.383695645732315, ""knockout"": ""unplaced"", ""s"": 1.5779697348091846}, {""step"": 119, ""max_share"": 0.5842528134880446, ""cancel_index"": 0.3752451436905152, ""knockout"": ""pair"", ""s"": 1.6146601591860446}]"
600022,58,0.8690917784198753,0.8690917784198753,pair,0.5811233056538966,0.197289804328701,0.2222222222222222,0.43805820882597135,ok,"[{""step"": 1, ""max_share"": 0.6235126679844978, ""cancel_index"": 1.0, ""knockout"": ""unplaced"", ""s"": 0.050118331325757846}, {""step"": 2, ""max_share"": 0.8217241122288284, ""cancel_index"": 1.0, ""knockout"": ""unplaced"", ""s"": 0.05019830652842354}, {""step"": 3, ""max_share"": 0.9843195940697123, ""cancel_index"": 0.9645026884580243, ""knockout"": ""unplaced"", ""s"": 0.05206463833937728}, {""step"": 4, ""max_share"": 0.8555673282827466, ""cancel_index"": 0.680527474785929, ""knockout"": ""unplaced"", ""s"": 0.0715853640328936}, {""step"": 5, ""max_share"": 0.7848871856197401, ""cancel_index"": 0.5329011739018075, ""knockout"": ""unplaced"", ""s"": 0.09076708720969089}, {""step"": 6, ""max_share"": 0.7416998026336449, ""cancel_index"": 0.44951184317835813, ""knockout"": ""unplaced"", ""s"": 0.10952480772665144}, {""step"": 7, ""max_share"": 0.7137978977125015, ""cancel_index"": 0.4019818935725227, ""knockout"": ""unplaced"", ""s"": 0.12779824535654932}, {""step"": 9, ""max_share"": 0.6829247572888286, ""cancel_index"": 0.3647568427444897, ""knockout"": ""unplaced"", ""s"": 0.16278693243958484}, {""step"": 10, ""max_share"": 0.6747879126332325, ""cancel_index"": 0.36268716519407396, ""knockout"": ""unplaced"", ""s"": 0.17950106173887964}, {""step"": 12, ""max_share"": 0.6666454435555578, ""cancel_index"": 0.3754896626197728, ""knockout"": ""unplaced"", ""s"": 0.2114564271955997}, {""step"": 14, ""max_share"": 0.6650241819603113, ""cancel_index"": 0.3948001338448699, ""knockout"": ""unplaced"", ""s"": 0.24161017038262594}, {""step"": 17, ""max_share"": 0.6691909523173443, ""cancel_index"": 0.4143599545496833, ""knockout"": ""unplaced"", ""s"": 0.283734377980081}, {""step"": 21, ""max_share"": 0.6810965761448858, ""cancel_index"": 0.4387190437183989, ""knockout"": ""unplaced"", ""s"": 0.3344759729242749}, {""step"": 24, ""max_share"": 0.6910987211869125, ""cancel_index"": 0.45576669132217, ""knockout"": ""unplaced"", ""s"": 0.36935790124152534}, {""step"": 29, ""max_share"": 0.7008750621519055, ""cancel_index"": 0.46892123743960884, ""knockout"": ""unplaced"", ""s"": 0.42598441257301567}, {""step"": 34, ""max_share"": 0.693371411351891, ""cancel_index"": 0.4485201423160326, ""knockout"": ""unplaced"", ""s"": 0.48797904425181005}, {""step"": 41, ""max_share"": 0.65970862958163, ""cancel_index"": 0.3747952735383444, ""knockout"": ""unplaced"", ""s"": 0.5891106987816326}, {""step"": 48, ""max_share"": 0.622190519841858, ""cancel_index"": 0.2921420349083509, ""knockout"": ""unplaced"", ""s"": 0.7000884656899422}, {""step"": 58, ""max_share"": 0.5811233056538966, ""cancel_index"": 0.197289804328701, ""knockout"": ""pair"", ""s"": 0.8690917784198753}]"
600023,90,1.322523766203766,1.322523766203766,pair,0.5563720595488618,0.2873950973487804,0.42105263157894735,0.4379476436717048,ok,"[{""step"": 1, ""max_share"": 0.6080877947741739, ""cancel_index"": 0.4666885213366627, ""knockout"": ""unplaced"", ""s"": 0.07694724476581279}, {""step"": 2, ""max_share"": 0.7374051428017552, ""cancel_index"": 0.6730038115808602, ""knockout"": ""unplaced"", ""s"": 0.07696778671275958}, {""step"": 3, ""max_share"": 0.8654123164515786, ""cancel_index"": 0.8465603841976713, ""knockout"": ""unplaced"", ""s"": 0.07702685135573016}, {""step"": 4, ""max_share"": 0.9912313474896859, ""cancel_index"": 0.9908274811774068, ""knockout"": ""unplaced"", ""s"": 0.07714558297056116}, {""step"": 5, ""max_share"": 0.9073205763232906, ""cancel_index"": 1.0, ""knockout"": ""unplaced"", ""s"": 0.09494685425205557}, {""step"": 6, ""max_share"": 0.84165713948081, ""cancel_index"": 1.0, ""knockout"": ""unplaced"", ""s"": 0.11364860373731378}, {""step"": 7, ""max_share"": 0.796322086644481, ""cancel_index"": 1.0, ""knockout"": ""unplaced"", ""s"": 0.13178222199850861}, {""step"": 9, ""max_share"": 0.7395694189644866, ""cancel_index"": 1.0, ""knockout"": ""unplaced"", ""s"": 0.16584987748620872}, {""step"": 11, ""max_share"": 0.7079952766982586, ""cancel_index"": 1.0, ""knockout"": ""unplaced"", ""s"": 0.1961179010451962}, {""step"": 13, ""max_share"": 0.6908365862709911, ""cancel_index"": 1.0, ""knockout"": ""unplaced"", ""s"": 0.22155090868142652}, {""step"": 16, ""max_share"": 0.6824945516677265, ""cancel_index"": 1.0, ""knockout"": ""unplaced"", ""s"": 0.2487957060796272}, {""step"": 20, ""max_share"": 0.694893056670515, ""cancel_index"": 1.0, ""knockout"": ""unplaced"", ""s"": 0.26338726174682225}, {""step"": 24, ""max_share"": 0.7306930517053665, ""cancel_index"": 1.0, ""knockout"": ""unplaced"", ""s"": 0.2572334916740607}, {""step"": 29, ""max_share"": 0.8107581449577427, ""cancel_index"": 1.0, ""knockout"": ""unplaced"", ""s"": 0.23467039874246154}, {""step"": 35, ""max_share"": 0.9616037287651694, ""cancel_index"": 1.0, ""knockout"": ""unplaced"", ""s"": 0.2099621089965408}, {""step"": 42, ""max_share"": 0.8637760943271495, ""cancel_index"": 0.899524355213602, ""knockout"": ""unplaced"", ""s"": 0.27636528720145576}, {""step"": 51, ""max_share"": 0.7383036794824754, ""cancel_index"": 0.7864047354267066, ""knockout"": ""unplaced"", ""s"": 0.4216748454010976}, {""step"": 61, ""max_share"": 0.647068556390178, ""cancel_index"": 0.6373174968535342, ""knockout"": ""unplaced"", ""s"": 0.6265172856641602}, {""step"": 74, ""max_share"": 0.5847820437700213, ""cancel_index"": 0.44404768156023, ""knockout"": ""unplaced"", ""s"": 0.9398551790872252}, {""step"": 90, ""max_share"": 0.5563720595488618, ""cancel_index"": 0.2873950973487804, ""knockout"": ""pair"", ""s"": 1.322523766203766}]"
600024,174,2.600450675741612,2.600450675741612,pair,0.5451151983936061,0.46295748781456586,0.25,0.43947720056356643,ok,"[{""step"": 1, ""max_share"": 0.7026543665573987, ""cancel_index"": 0.8625947358642639, ""knockout"": ""unplaced"", ""s"": 0.06870746995792458}, {""step"": 2, ""max_share"": 0.8474338755333173, ""cancel_index"": 0.9420596322486746, ""knockout"": ""unplaced"", ""s"": 0.06874449006921296}, {""step"": 3, ""max_share"": 0.9905793473260349, ""cancel_index"": 0.997003267111913, ""knockout"": ""unplaced"", ""s"": 0.06884724514931738}, {""step"": 4, ""max_share"": 0.8961883990032592, ""cancel_index"": 1.0, ""knockout"": ""unplaced"", ""s"": 0.0871337049135598}, {""step"": 5, ""max_share"": 0.8256754386927617, ""cancel_index"": 1.0, ""knockout"": ""unplaced"", ""s"": 0.10646819542147805}, {""step"": 6, ""max_share"": 0.77788835792952, ""cancel_index"": 1.0, ""knockout"": ""unplaced"", ""s"": 0.12552011368051663}, {""step"": 8, ""max_share"": 0.7174616249486817, ""cancel_index"": 1.0, ""knockout"": ""unplaced"", ""s"": 0.16274560715104974}, {""step"": 10, ""max_share"": 0.6802740435843304, ""cancel_index"": 1.0, ""knockout"": ""unplaced"", ""s"": 0.19885781001980246}, {""step"": 13, ""max_share"": 0.6430896705570163, ""cancel_index"": 1.0, ""knockout"": ""unplaced"", ""s"": 0.2510119010031973}, {""step"": 16, ""max_share"": 0.61539458057794, ""cancel_index"": 1.0, ""knockout"": ""unplaced"", ""s"": 0.30034328939814336}, {""step"": 20, ""max_share"": 0.5839722960728123, ""cancel_index"": 1.0, ""knockout"": ""unplaced"", ""s"": 0.3598118700647088}, {""step"": 25, ""max_share"": 0.5480820466943049, ""cancel_index"": 1.0, ""knockout"": ""unplaced"", ""s"": 0.4190497137594255}, {""step"": 31, ""max_share"": 0.5089349344468448, ""cancel_index"": 1.0, ""knockout"": ""unplaced"", ""s"": 0.4620431435825355}, {""step"": 38, ""max_share"": 0.5315755576777991, ""cancel_index"": 1.0, ""knockout"": ""unplaced"", ""s"": 0.48311504571126124}, {""step"": 47, ""max_share"": 0.5771202801413761, ""cancel_index"": 1.0, ""knockout"": ""unplaced"", ""s"": 0.5088842483927254}, {""step"": 59, ""max_share"": 0.6111928890877467, ""cancel_index"": 1.0, ""knockout"": ""unplaced"", ""s"": 0.5707641191069991}, {""step"": 73, ""max_share"": 0.6110561668238204, ""cancel_index"": 1.0, ""knockout"": ""unplaced"", ""s"": 0.6327013688655831}, {""step"": 91, ""max_share"": 0.6010066355020571, ""cancel_index"": 1.0, ""knockout"": ""unplaced"", ""s"": 0.7342669807651663}, {""step"": 113, ""max_share"": 0.566806326373753, ""cancel_index"": 0.7608338567554143, ""knockout"": ""unplaced"", ""s"": 0.9074845465330177}, {""step"": 140, ""max_share"": 0.523897405653797, ""cancel_index"": 0.5368600846419793, ""knockout"": ""unplaced"", ""s"": 1.4471997082251704}, {""step"": 174, ""max_share"": 0.5451151983936061, ""cancel_index"": 0.46295748781456586, ""knockout"": ""pair"", ""s"": 2.600450675741612}]"
600025,52,0.7830557988486648,0.7830557988486648,pair,0.5660166286132183,0.23927506098831433,0.3888888888888889,0.43834158255418676,ok,"[{""step"": 1, ""max_share"": 0.9656291409863669, ""cancel_index"": 0.9296896465726604, ""knockout"": ""unplaced"", ""s"": 0.03209578527068439}, {""step"": 2, ""max_share"": 0.6608265351299902, ""cancel_index"": 0.30173654014946666, ""knockout"": ""unplaced"", ""s"": 0.03180357946109007}, {""step"": 3, ""max_share"": 0.6402006920576297, ""cancel_index"": 0.3045930863960601, ""knockout"": ""unplaced"", ""s"": 0.030800496272763697}, {""step"": 4, ""max_share"": 0.9578178730248462, ""cancel_index"": 0.9200862201436977, ""knockout"": ""unplaced"", ""s"": 0.028589024944525216}, {""step"": 5, ""max_share"": 0.794622060740055, ""cancel_index"": 1.0, ""knockout"": ""unplaced"", ""s"": 0.04185147191850756}, {""step"": 6, ""max_share"": 0.6689800211554341, ""cancel_index"": 1.0, ""knockout"": ""unplaced"", ""s"": 0.055308973735459996}, {""step"": 7, ""max_share"": 0.5802639670466329, ""cancel_index"": 1.0, ""knockout"": ""unplaced"", ""s"": 0.0665261181131647}, {""step"": 8, ""max_share"": 0.5057298834897771, ""cancel_index"": 1.0, ""knockout"": ""unplaced"", ""s"": 0.0757387953515975}, {""step"": 10, ""max_share"": 0.6273931014352666, ""cancel_index"": 1.0, ""knockout"": ""unplaced"", ""s"": 0.089499489031335}, {""step"": 11, ""max_share"": 0.6904498066577749, ""cancel_index"": 1.0, ""knockout"": ""unplaced"", ""s"": 0.0946682850198647}, {""step"": 13, ""max_share"": 0.8128076297138846, ""cancel_index"": 1.0, ""knockout"": ""unplaced"", ""s"": 0.10277101140365989}, {""step"": 16, ""max_share"": 0.9874539975763192, ""cancel_index"": 1.0, ""knockout"": ""unplaced"", ""s"": 0.11168466821471185}, {""step"": 19, ""max_share"": 0.885066078045351, ""cancel_index"": 0.8104719352473887, ""knockout"": ""unplaced"", ""s"": 0.15438772186269578}, {""step"": 22, ""max_share"": 0.8124260714234048, ""cancel_index"": 0.7008391253902065, ""knockout"": ""unplaced"", ""s"": 0.20040506698457383}, {""step"": 26, ""max_share"": 0.7490464710859005, ""cancel_index"": 0.6059310979443153, ""knockout"": ""unplaced"", ""s"": 0.26391189908363477}, {""step"": 31, ""max_share"": 0.6901296693685726, ""cancel_index"": 0.5065204918016345, ""knockout"": ""unplaced"", ""s"": 0.3502103349343698}, {""step"": 37, ""max_share"": 0.6356478204315676, ""cancel_index"": 0.4010691032534066, ""knockout"": ""unplaced"", ""s"": 0.4657323291829687}, {""step"": 44, ""max_share"": 0.5928322969362867, ""cancel_index"": 0.3074859749371972, ""knockout"": ""unplaced"", ""s"": 0.6119154680881291}, {""step"": 52, ""max_share"": 0.5660166286132183, ""cancel_index"": 0.23927506098831433, ""knockout"": ""pair"", ""s"": 0.7830557988486648}]"
600026,112,1.408712032451061,1.408712032451061,pair,0.5833972495169888,0.49556233125362553,0.2,0.436473184746474,ok,"[{""step"": 1, ""max_share"": 0.8299447356148236, ""cancel_index"": 1.0, ""knockout"": ""unplaced"", ""s"": 0.05316260754027923}, {""step"": 2, ""max_share"": 0.7401275853734829, ""cancel_index"": 1.0, ""knockout"": ""unplaced"", ""s"": 0.07311819805994932}, {""step"": 3, ""max_share"": 0.6889377166651439, ""cancel_index"": 1.0, ""knockout"": ""unplaced"", ""s"": 0.09304464072887661}, {""step"": 4, ""max_share"": 0.6558715793405345, ""cancel_index"": 1.0, ""knockout"": ""unplaced"", ""s"": 0.1129372945377719}, {""step"": 5, ""max_share"": 0.6327652102201679, ""cancel_index"": 1.0, ""knockout"": ""unplaced"", ""s"": 0.13278541470108618}, {""step"": 7, ""max_share"": 0.6026699405768667, ""cancel_index"": 1.0, ""knockout"": ""unplaced"", ""s"": 0.17228405733344224}, {""step"": 8, ""max_share"": 0.592377220565315, ""cancel_index"": 1.0, ""knockout"": ""unplaced"", ""s"": 0.19189218244927297}, {""step"": 10, ""max_share"": 0.5773382324682929, ""cancel_index"": 1.0, ""knockout"": ""unplaced"", ""s"": 0.23068503842215896}, {""step"": 12, ""max_share"": 0.5671985780402454, ""cancel_index"": 1.0, ""knockout"": ""unplaced"", ""s"": 0.2686613069485551}, {""step"": 15, ""max_share"": 0.5580473597771306, ""cancel_index"": 1.0, ""knockout"": ""unplaced"", ""s"": 0.32320348849314473}, {""step"": 19, ""max_share"": 0.5546396963440205, ""cancel_index"": 1.0, ""knockout"": ""unplaced"", ""s"": 0.38846331910688703}, {""step"": 23, ""max_share"": 0.5610303844667702, ""cancel_index"": 1.0, ""knockout"": ""unplaced"", ""s"": 0.4403891183398474}, {""step"": 28, ""max_share"": 0.583425940015518, ""cancel_index"": 1.0, ""knockout"": ""unplaced"", ""s"": 0.4809645698702949}, {""step"": 34, ""max_share"": 0.6305116344417202, ""cancel_index"": 1.0, ""knockout"": ""unplaced"", ""s"": 0.49516511226078924}, {""step"": 41, ""max_share"": 0.7118824373064687, ""cancel_index"": 1.0, ""knockout"": ""unplaced"", ""s"": 0.47941188663761336}, {""step"": 51, ""max_share"": 0.8774551695115811, ""cancel_index"": 1.0, ""knockout"": ""unplaced"", ""s"": 0.43683938813880646}, {""step"": 62, ""max_share"": 0.9089814319795189, ""cancel_index"": 0.9552143946039009, ""knockout"": ""unplaced"", ""s"": 0.4908295705264763}, {""step"": 75, ""max_share"": 0.7646324426219847, ""cancel_index"": 0.8434473952558604, ""knockout"": ""unplaced"", ""s"": 0.7036057439294588}, {""step"": 92, ""max_share"": 0.651138493788055, ""cancel_index"": 0.6274774456530302, ""knockout"": ""unplaced"", ""s"": 1.0231382762518697}, {""step"": 111, ""max_share"": 0.5859723735266095, ""cancel_index"": 0.501481446961794, ""knockout"": ""unplaced"", ""s"": 1.3899508320397511}, {""step"": 112, ""max_share"": 0.5833972495169888, ""cancel_index"": 0.49556233125362553, ""knockout"": ""pair"", ""s"": 1.408712032451061}]"
600027,285,2.1004115973408455,2.1004115973408455,pair,0.5212515837605212,0.4576091054493332,0.2857142857142857,0.4358476746144381,ok,"[{""step"": 1, ""max_share"": 0.920021488900512, ""cancel_index"": 1.0, ""knockout"": ""unplaced"", ""s"": 0.05510006545521763}, {""step"": 2, ""max_share"": 0.9982551475123814, ""cancel_index"": 1.0, ""knockout"": ""unplaced"", ""s"": 0.06079519341199469}, {""step"": 3, ""max_share"": 0.9138604848873091, ""cancel_index"": 0.8560477234042813, ""knockout"": ""unplaced"", ""s"": 0.07734038250433686}, {""step"": 4, ""max_share"": 0.8482715873857765, ""cancel_index"": 0.7387050472711834, ""knockout"": ""unplaced"", ""s"": 0.0950846939106152}, {""step"": 5, ""max_share"": 0.7980335026172387, ""cancel_index"": 0.6498421403791046, ""knockout"": ""unplaced"", ""s"": 0.11355805363170218}, {""step"": 6, ""max_share"": 0.7591439522999373, ""cancel_index"": 0.5886648919145409, ""knockout"": ""unplaced"", ""s"": 0.13247799258440568}, {""step"": 8, ""max_share"": 0.704242642780924, ""cancel_index"": 0.5290035256946591, ""knockout"": ""unplaced"", ""s"": 0.17093780163959033}, {""step"": 10, ""max_share"": 0.6669370322325301, ""cancel_index"": 0.507919882361695, ""knockout"": ""unplaced"", ""s"": 0.2099594420859382}, {""step"": 13, ""max_share"": 0.6273073851186076, ""cancel_index"": 0.5081524741105523, ""knockout"": ""unplaced"", ""s"": 0.2694127226197934}, {""step"": 16, ""max_share"": 0.5979760490341901, ""cancel_index"": 0.5745893917072208, ""knockout"": ""unplaced"", ""s"": 0.32947994501615885}, {""step"": 21, ""max_share"": 0.5607665397470658, ""cancel_index"": 0.9283515740885373, ""knockout"": ""unplaced"", ""s"": 0.42777174399449386}, {""step"": 27, ""max_share"": 0.5294080913473195, ""cancel_index"": 1.0, ""knockout"": ""unplaced"", ""s"": 0.5281446726249721}, {""step"": 34, ""max_share"": 0.5225762208231288, ""cancel_index"": 1.0, ""knockout"": ""unplaced"", ""s"": 0.5751791834603932}, {""step"": 43, ""max_share"": 0.5553916402824971, ""cancel_index"": 1.0, ""knockout"": ""unplaced"", ""s"": 0.5303869972705453}, {""step"": 54, ""max_share"": 0.5832043018414761, ""cancel_index"": 1.0, ""knockout"": ""unplaced"", ""s"": 0.48547962415218965}, {""step"": 69, ""max_share"": 0.5493041579197698, ""cancel_index"": 1.0, ""knockout"": ""unplaced"", ""s"": 0.5309754454400724}, {""step"": 87, ""max_share"": 0.5174886741799752, ""cancel_index"": 1.0, ""knockout"": ""unplaced"", ""s"": 0.5716920136693586}, {""step"": 111, ""max_share"": 0.5176287535025954, ""cancel_index"": 1.0, ""knockout"": ""unplaced"", ""s"": 0.6253955986914717}, {""step"": 140, ""max_share"": 0.5408334089707421, ""cancel_index"": 1.0, ""knockout"": ""unplaced"", ""s"": 0.6833695166298245}, {""step"": 177, ""max_share"": 0.539777285656673, ""cancel_index"": 0.9489384389809163, ""knockout"": ""unplaced"", ""s"": 0.7302224259403545}, {""step"": 225, ""max_share"": 0.5600665198805477, ""cancel_index"": 0.6629631883663605, ""knockout"": ""unplaced"", ""s"": 0.680515721320746}, {""step"": 285, ""max_share"": 0.5212515837605212, ""cancel_index"": 0.4576091054493332, ""knockout"": ""pair"", ""s"": 2.1004115973408455}]"
600028,98,2.0289816607009823,2.0289816607009823,pair,0.5387207789217393,0.4988245706555699,0.05263157894736842,0.44163095027513294,ok,"[{""step"": 1, ""max_share"": 0.7672612312719053, ""cancel_index"": 1.0, ""knockout"": ""unplaced"", ""s"": 0.057244117396714894}, {""step"": 2, ""max_share"": 0.6978451677995212, ""cancel_index"": 1.0, ""knockout"": ""unplaced"", ""s"": 0.07722532346465971}, {""step"": 3, ""max_share"": 0.6567662311581022, ""cancel_index"": 1.0, ""knockout"": ""unplaced"", ""s"": 0.09721694986152668}, {""step"": 4, ""max_share"": 0.6295575042400274, ""cancel_index"": 1.0, ""knockout"": ""unplaced"", ""s"": 0.11724983452962195}, {""step"": 5, ""max_share"": 0.6102022143905818, ""cancel_index"": 1.0, ""knockout"": ""unplaced"", ""s"": 0.1373521515439683}, {""step"": 6, ""max_share"": 0.5957491956972663, ""cancel_index"": 1.0, ""knockout"": ""unplaced"", ""s"": 0.15754726569966984}, {""step"": 8, ""max_share"": 0.575736938683361, ""cancel_index"": 1.0, ""knockout"": ""unplaced"", ""s"": 0.19828039985211482}, {""step"": 9, ""max_share"": 0.5686140867622093, ""cancel_index"": 1.0, ""knockout"": ""unplaced"", ""s"": 0.21883487501552276}, {""step"": 11, ""max_share"": 0.5580788463209265, ""cancel_index"": 1.0, ""knockout"": ""unplaced"", ""s"": 0.26030740510901595}, {""step"": 14, ""max_share"": 0.5487045263692204, ""cancel_index"": 1.0, ""knockout"": ""unplaced"", ""s"": 0.32311449695389094}, {""step"": 17, ""max_share"": 0.5452802442825497, ""cancel_index"": 1.0, ""knockout"": ""unplaced"", ""s"": 0.3854179011629032}, {""step"": 21, ""max_share"": 0.5500606690961265, ""cancel_index"": 1.0, ""knockout"": ""unplaced"", ""s"": 0.46295980799346537}, {""step"": 25, ""max_share"": 0.5654850901817248, ""cancel_index"": 1.0, ""knockout"": ""unplaced"", ""s"": 0.5270795353421296}, {""step"": 31, ""max_share"": 0.5979936728596427, ""cancel_index"": 1.0, ""knockout"": ""unplaced"", ""s"": 0.5922256255151239}, {""step"": 37, ""max_share"": 0.624164154169836, ""cancel_index"": 1.0, ""knockout"": ""unplaced"", ""s"": 0.6301760625255168}, {""step"": 45, ""max_share"": 0.6382162203007165, ""cancel_index"": 1.0, ""knockout"": ""unplaced"", ""s"": 0.6790862223201791}, {""step"": 55, ""max_share"": 0.6355500570533692, ""cancel_index"": 0.8804973784858874, ""knockout"": ""unplaced"", ""s"": 0.8053070204191786}, {""step"": 66, ""max_share"": 0.6122496971936463, ""cancel_index"": 0.7384828636592439, ""knockout"": ""unplaced"", ""s"": 1.05069402356686}, {""step"": 80, ""max_share"": 0.5720492321960055, ""cancel_index"": 0.5879020069783735, ""knockout"": ""unplaced"", ""s"": 1.4673454937034922}, {""step"": 98, ""max_share"": 0.5387207789217393, ""cancel_index"": 0.4988245706555699, ""knockout"": ""pair"", ""s"": 2.0289816607009823}]"
600029,61,1.0604558994829043,1.0604558994829045,pair,0.5453168586084557,0.12731490768029824,0.16666666666666666,0.44146708003674323,ok,"[{""step"": 1, ""max_share"": 0.9850040056796469, ""cancel_index"": 1.0, ""knockout"": ""unplaced"", ""s"": 0.042208219632414584}, {""step"": 2, ""max_share"": 0.8465802709815151, ""cancel_index"": 0.7245703702999292, ""knockout"": ""unplaced"", ""s"": 0.06092419839034334}, {""step"": 3, ""max_share"": 0.7614215150020869, ""cancel_index"": 0.5712580448376672, ""knockout"": ""unplaced"", ""s"": 0.08087763252583019}, {""step"": 4, ""max_share"": 0.7102223481968587, ""cancel_index"": 0.47773404991387924, ""knockout"": ""unplaced"", ""s"": 0.10079943459098206}, {""step"": 5, ""max_share"": 0.6761331261481593, ""cancel_index"": 0.4145686206715401, ""knockout"": ""unplaced"", ""s"": 0.12068862507673878}, {""step"": 6, ""max_share"": 0.6518746222321868, ""cancel_index"": 0.36905718282211153, ""knockout"": ""unplaced"", ""s"": 0.14054330447980154}, {""step"": 7, ""max_share"": 0.6337902083262358, ""cancel_index"": 0.3347406171902103, ""knockout"": ""unplaced"", ""s"": 0.16036028554272583}, {""step"": 9, ""max_share"": 0.6088061914440763, ""cancel_index"": 0.2865653710089488, ""knockout"": ""unplaced"", ""s"": 0.19986275616104365}, {""step"": 11, ""max_share"": 0.5926061283099477, ""cancel_index"": 0.2545788808173719, ""knockout"": ""unplaced"", ""s"": 0.2391499453448287}, {""step"": 13, ""max_share"": 0.581505834742798, ""cancel_index"": 0.23205298013806896, ""knockout"": ""unplaced"", ""s"": 0.27816330143198853}, {""step"": 15, ""max_share"": 0.5736591797512449, ""cancel_index"": 0.21559054288826154, ""knockout"": ""unplaced"", ""s"": 0.3168348338832597}, {""step"": 18, ""max_share"": 0.5658524063810547, ""cancel_index"": 0.19831424137380302, ""knockout"": ""unplaced"", ""s"": 0.37403793595334334}, {""step"": 21, ""max_share"": 0.5611738399536678, ""cancel_index"": 0.18692171103603247, ""knockout"": ""unplaced"", ""s"": 0.43004774315891403}, {""step"": 25, ""max_share"": 0.5579989475137458, ""cancel_index"": 0.17753748731136096, ""knockout"": ""unplaced"", ""s"": 0.5024763220823045}, {""step"": 30, ""max_share"": 0.5568532231049192, ""cancel_index"": 0.1712290279715741, ""knockout"": ""unplaced"", ""s"": 0.5889283326021175}, {""step"": 36, ""max_share"": 0.5569658525944308, ""cancel_index"": 0.16664028188676386, ""knockout"": ""unplaced"", ""s"": 0.6867849956135023}, {""step"": 43, ""max_share"": 0.5561899396297412, ""cancel_index"": 0.15981466761467644, ""knockout"": ""unplaced"", ""s"": 0.7947330805602346}, {""step"": 51, ""max_share"": 0.5523681089943868, ""cancel_index"": 0.1468395346977512, ""knockout"": ""unplaced"", ""s"": 0.9137978301367683}, {""step"": 61, ""max_share"": 0.5453168586084557, ""cancel_index"": 0.12731490768029824, ""knockout"": ""pair"", ""s"": 1.0604558994829045}]"
600030,134,1.8331421256184832,1.8331421256184832,pair,0.5596534147718825,0.3936338806142291,0.45,0.4350329487497668,ok,"[{""step"": 1, ""max_share"": 0.7308867270395325, ""cancel_index"": 1.0, ""knockout"": ""unplaced"", ""s"": 0.02830819544896286}, {""step"": 2, ""max_share"": 0.9398361396720517, ""cancel_index"": 0.995037529153545, ""knockout"": ""unplaced"", ""s"": 0.032641620320249434}, {""step"": 3, ""max_share"": 0.7934894034057163, ""cancel_index"": 0.973713793589334, ""knockout"": ""unplaced"", ""s"": 0.05122306988113147}, {""step"": 4, ""max_share"": 0.7414233519925553, ""cancel_index"": 0.9629053681075288, ""knockout"": ""unplaced"", ""s"": 0.06822509512716268}, {""step"": 5, ""max_share"": 0.7252742907825647, ""cancel_index"": 0.9632601153523201, ""knockout"": ""unplaced"", ""s"": 0.08339732912909625}, {""step"": 6, ""max_share"": 0.726202283662099, ""cancel_index"": 0.9703868757955273, ""knockout"": ""unplaced"", ""s"": 0.09686496386414015}, {""step"": 7, ""max_share"": 0.7358286721703501, ""cancel_index"": 0.9803617049103822, ""knockout"": ""unplaced"", ""s"": 0.10892236293419293}, {""step"": 9, ""max_share"": 0.7654524560408796, ""cancel_index"": 1.0, ""knockout"": ""unplaced"", ""s"": 0.13007402538714205}, {""step"": 11, ""max_share"": 0.7957291116105081, ""cancel_index"": 1.0, ""knockout"": ""unplaced"", ""s"": 0.1491399240923602}, {""step"": 14, ""max_share"": 0.8234683667244095, ""cancel_index"": 1.0, ""knockout"": ""unplaced"", ""s"": 0.17808175974582927}, {""step"": 17, ""max_share"": 0.8178927720349098, ""cancel_index"": 1.0, ""knockout"": ""unplaced"", ""s"": 0.21230531705096684}, {""step"": 21, ""max_share"": 0.7704527978682727, ""cancel_index"": 1.0, ""knockout"": ""unplaced"", ""s"": 0.26974594546719194}, {""step"": 26, ""max_share"": 0.6966434570788451, ""cancel_index"": 1.0, ""knockout"": ""unplaced"", ""s"": 0.3541867768031599}, {""step"": 32, ""max_share"": 0.6229955983370739, ""cancel_index"": 1.0, ""knockout"": ""unplaced"", ""s"": 0.45817388787168756}, {""step"": 39, ""max_share"": 0.5674619464565231, ""cancel_index"": 1.0, ""knockout"": ""unplaced"", ""s"": 0.5561687770731791}, {""step"": 48, ""max_share"": 0.5609975473795801, ""cancel_index"": 1.0, ""knockout"": ""unplaced"", ""s"": 0.5899803950460685}, {""step"": 59, ""max_share"": 0.632872567937913, ""cancel_index"": 1.0, ""knockout"": ""unplaced"", ""s"": 0.5307295488541834}, {""step"": 72, ""max_share"": 0.8086549832119351, ""cancel_index"": 1.0, ""knockout"": ""unplaced"", ""s"": 0.4463720111039567}, {""step"": 89, ""max_share"": 0.7746504864214833, ""cancel_index"": 0.8935956847047546, ""knockout"": ""unplaced"", ""s"": 0.5832707573797848}, {""step"": 109, ""max_share"": 0.566777342135567, ""cancel_index"": 0.5737911781867558, ""knockout"": ""unplaced"", ""s"": 1.1387744968392874}, {""step"": 134, ""max_share"": 0.5596534147718825, ""cancel_index"": 0.3936338806142291, ""knockout"": ""pair"", ""s"": 1.8331421256184832}]"
600031,79,1.1127079122120882,1.1127079122120882,pair,0.5780813112701928,0.3462338796899593,0.35,0.43724352040727055,ok,"[{""step"": 1, ""max_share"": 0.8670605990957425, ""cancel_index"": 1.0, ""knockout"": ""unplaced"", ""s"": 0.033606816610008416}, {""step"": 2, ""max_share"": 0.7785172946077685, ""cancel_index"": 0.5500206395315014, ""knockout"": ""unplaced"", ""s"": 0.024629433223457075}, {""step"": 3, ""max_share"": 0.6215619721142177, ""cancel_index"": 0.25410007072609514, ""knockout"": ""unplaced"", ""s"": 0.02450244718119937}, {""step"": 4, ""max_share"": 0.9788374334760761, ""cancel_index"": 1.0, ""knockout"": ""unplaced"", ""s"": 0.02531156281435768}, {""step"": 5, ""max_share"": 0.7689582338431956, ""cancel_index"": 1.0, ""knockout"": ""unplaced"", ""s"": 0.04422433977723665}, {""step"": 6, ""max_share"": 0.68450080124174, ""cancel_index"": 1.0, ""knockout"": ""unplaced"", ""s"": 0.06256538681264066}, {""step"": 7, ""max_share"": 0.637546191997774, ""cancel_index"": 1.0, ""knockout"": ""unplaced"", ""s"": 0.08019488702400651}, {""step"": 8, ""max_share"": 0.6063791679155406, ""cancel_index"": 1.0, ""knockout"": ""unplaced"", ""s"": 0.09696854456661616}, {""step"": 10, ""max_share"": 0.5636826881586089, ""cancel_index"": 1.0, ""knockout"": ""unplaced"", ""s"": 0.127397101253807}, {""step"": 12, ""max_share"": 0.5304317055733471, ""cancel_index"": 1.0, ""knockout"": ""unplaced"", ""s"": 0.1529286971616758}, {""step"": 15, ""max_share"": 0.5172442539429633, ""cancel_index"": 1.0, ""knockout"": ""unplaced"", ""s"": 0.18116926425812602}, {""step"": 18, ""max_share"": 0.5691988442497506, ""cancel_index"": 1.0, ""knockout"": ""unplaced"", ""s"": 0.19805963105814334}, {""step"": 22, ""max_share"": 0.6497609645300261, ""cancel_index"": 1.0, ""knockout"": ""unplaced"", ""s"": 0.20702938278256372}, {""step"": 26, ""max_share"": 0.7457664286240568, ""cancel_index"": 1.0, ""knockout"": ""unplaced"", ""s"": 0.20670410649789578}, {""step"": 31, ""max_share"": 0.887421170273055, ""cancel_index"": 1.0, ""knockout"": ""unplaced"", ""s"": 0.20214756698119352}, {""step"": 38, ""max_share"": 0.9081161156328931, ""cancel_index"": 0.8966417514311598, ""knockout"": ""unplaced"", ""s"": 0.2447439481048459}, {""step"": 45, ""max_share"": 0.7908788182451961, ""cancel_index"": 0.7701675659909456, ""knockout"": ""unplaced"", ""s"": 0.3490393203974758}, {""step"": 54, ""max_share"": 0.6977013904479054, ""cancel_index"": 0.6501192872824217, ""knockout"": ""unplaced"", ""s"": 0.512252526989482}, {""step"": 65, ""max_share"": 0.6253590882789422, ""cancel_index"": 0.5032739180086332, ""knockout"": ""unplaced"", ""s"": 0.7566577326330572}, {""step"": 78, ""max_share"": 0.5803669082042711, ""cancel_index"": 0.35627209131890114, ""knockout"": ""unplaced"", ""s"": 1.0868359369019946}, {""step"": 79, ""max_share"": 0.5780813112701928, ""cancel_index"": 0.3462338796899593, ""knockout"": ""pair"", ""s"": 1.1127079122120882}]"
600033,29,0.3351431781582015,0.3351431781582015,pair,0.508664895487687,0.17104335321119146,0.3125,0.4351340280271741,ok,"[{""step"": 1, ""max_share"": 0.6435036113932561, ""cancel_index"": 1.0, ""knockout"": ""unplaced"", ""s"": 0.049559594625222546}, {""step"": 2, ""max_share"": 0.7346677576734196, ""cancel_index"": 1.0, ""knockout"": ""unplaced"", ""s"": 0.029870934575604878}, {""step"": 3, ""max_share"": 0.9098431190016587, ""cancel_index"": 0.8159894772725248, ""knockout"": ""unplaced"", ""s"": 0.013296977231917893}, {""step"": 4, ""max_share"": 0.791705423309616, ""cancel_index"": 0.5916066183818668, ""knockout"": ""unplaced"", ""s"": 0.011540978540762683}, {""step"": 5, ""max_share"": 0.681946553885746, ""cancel_index"": 1.0, ""knockout"": ""unplaced"", ""s"": 0.022260594649593995}, {""step"": 6, ""max_share"": 0.5352559165498891, ""cancel_index"": 1.0, ""knockout"": ""unplaced"", ""s"": 0.035068746569508744}, {""step"": 7, ""max_share"": 0.5601704556776353, ""cancel_index"": 1.0, ""knockout"": ""unplaced"", ""s"": 0.04499118742949297}, {""step"": 8, ""max_share"": 0.6458701938048642, ""cancel_index"": 1.0, ""knockout"": ""unplaced"", ""s"": 0.052271937137656925}, {""step"": 9, ""max_share"": 0.7319252485921087, ""cancel_index"": 1.0, ""knockout"": ""unplaced"", ""s"": 0.057320776565738384}, {""step"": 10, ""max_share"": 0.8222898429943833, ""cancel_index"": 1.0, ""knockout"": ""unplaced"", ""s"": 0.06053869302295075}, {""step"": 12, ""max_share"": 0.9753976679090648, ""cancel_index"": 0.9501390101072994, ""knockout"": ""unplaced"", ""s"": 0.06600009385769304}, {""step"": 14, ""max_share"": 0.821727110588381, ""cancel_index"": 0.6452867282160891, ""knockout"": ""unplaced"", ""s"": 0.09460135134295182}, {""step"": 16, ""max_share"": 0.7264881422220401, ""cancel_index"": 0.46568093372882874, ""knockout"": ""unplaced"", ""s"": 0.1240974131642071}, {""step"": 19, ""max_share"": 0.6357877936208018, ""cancel_index"": 0.3104589499992757, ""knockout"": ""unplaced"", ""s"": 0.1695366279237487}, {""step"": 21, ""max_share"": 0.5949817131951181, ""cancel_index"": 0.2512110393327383, ""knockout"": ""unplaced"", ""s"": 0.2006810583569606}, {""step"": 25, ""max_share"": 0.5406250144851438, ""cancel_index"": 0.19300384098974427, ""knockout"": ""unplaced"", ""s"": 0.2656748728266106}, {""step"": 29, ""max_share"": 0.508664895487687, ""cancel_index"": 0.17104335321119146, ""knockout"": ""pair"", ""s"": 0.3351431781582015}]"
600034,35,0.7092830645398964,0.7092830645398964,pair,0.5081439748564978,0.3042919050575031,0.0,0.43849154835025383,ok,"[{""step"": 1, ""max_share"": 0.5318403293131417, ""cancel_index"": 0.548015078527753, ""knockout"": ""unplaced"", ""s"": 0.020143143368935336}, {""step"": 2, ""max_share"": 0.6786710276477615, ""cancel_index"": 0.7235566695417763, ""knockout"": ""unplaced"", ""s"": 0.03034994017858018}, {""step"": 3, ""max_share"": 0.6649685033127074, ""cancel_index"": 0.7034412719016371, ""knockout"": ""unplaced"", ""s"": 0.0456396019451599}, {""step"": 4, ""max_share"": 0.6382456509756873, ""cancel_index"": 0.6671492672811864, ""knockout"": ""unplaced"", ""s"": 0.06263231138856096}, {""step"": 5, ""max_share"": 0.6153601371990002, ""cancel_index"": 0.633708621661855, ""knockout"": ""unplaced"", ""s"": 0.08041079865547202}, {""step"": 6, ""max_share"": 0.5969223757274603, ""cancel_index"": 0.6046431777011246, ""knockout"": ""unplaced"", ""s"": 0.09863006089774533}, {""step"": 7, ""max_share"": 0.5819111523751255, ""cancel_index"": 0.5792205667859402, ""knockout"": ""unplaced"", ""s"": 0.11713014959092279}, {""step"": 9, ""max_share"": 0.5588225433157894, ""cancel_index"": 0.536134316513045, ""knockout"": ""unplaced"", ""s"": 0.15468018512042736}, {""step"": 10, ""max_share"": 0.5496690337542891, ""cancel_index"": 0.5173682092802748, ""knockout"": ""unplaced"", ""s"": 0.17366356536320818}, {""step"": 12, ""max_share"": 0.5346072668107235, ""cancel_index"": 0.483780358111001, ""knockout"": ""unplaced"", ""s"": 0.21200082774705029}, {""step"": 14, ""max_share"": 0.5227900687429601, ""cancel_index"": 0.4543598625346988, ""knockout"": ""unplaced"", ""s"": 0.25087026888420694}, {""step"": 16, ""max_share"": 0.5134815282871109, ""cancel_index"": 0.4284398534034258, ""knockout"": ""unplaced"", ""s"": 0.29037733444562575}, {""step"": 19, ""max_share"": 0.5033218702397834, ""cancel_index"": 0.39544211667401913, ""knockout"": ""unplaced"", ""s"": 0.35111045886292935}, {""step"": 22, ""max_share"": 0.503154358514268, ""cancel_index"": 0.36881981308633904, ""knockout"": ""unplaced"", ""s"": 0.4139071788496876}, {""step"": 26, ""max_share"": 0.5075686423540849, ""cancel_index"": 0.3416929817486185, ""knockout"": ""unplaced"", ""s"": 0.5010426083258102}, {""step"": 30, ""max_share"": 0.5088384668963926, ""cancel_index"": 0.3219457376497296, ""knockout"": ""unplaced"", ""s"": 0.5917981196023743}, {""step"": 35, ""max_share"": 0.5081439748564978, ""cancel_index"": 0.3042919050575031, ""knockout"": ""pair"", ""s"": 0.7092830645398964}]"
600035,99,1.6020402389886597,1.6020402389886597,pair,0.561032129728764,0.2628432109108428,0.42105263157894735,0.43979200709945504,ok,"[{""step"": 1, ""max_share"": 0.848591513711801, ""cancel_index"": 1.0, ""knockout"": ""unplaced"", ""s"": 0.06013021991584007}, {""step"": 2, ""max_share"": 0.763936269740171, ""cancel_index"": 1.0, ""knockout"": ""unplaced"", ""s"": 0.07981162905229568}, {""step"": 3, ""max_share"": 0.7148950906777425, ""cancel_index"": 1.0, ""knockout"": ""unplaced"", ""s"": 0.09904475412661082}, {""step"": 4, ""max_share"": 0.6842895905312916, ""cancel_index"": 1.0, ""knockout"": ""unplaced"", ""s"": 0.1175859190653685}, {""step"": 5, ""max_share"": 0.6650082182924775, ""cancel_index"": 1.0, ""knockout"": ""unplaced"", ""s"": 0.13511705855683523}, {""step"": 6, ""max_share"": 0.6536578408494021, ""cancel_index"": 1.0, ""knockout"": ""unplaced"", ""s"": 0.15127486220019112}, {""step"": 8, ""max_share"": 0.6480507068353446, ""cancel_index"": 1.0, ""knockout"": ""unplaced"", ""s"": 0.1781651250070754}, {""step"": 9, ""max_share"": 0.6516839090099904, ""cancel_index"": 1.0, ""knockout"": ""unplaced"", ""s"": 0.18854051040447023}, {""step"": 12, ""max_share"": 0.6792234620396392, ""cancel_index"": 1.0, ""knockout"": ""unplaced"", ""s"": 0.208548780443408}, {""step"": 14, ""max_share"": 0.706036320801239, ""cancel_index"": 1.0, ""knockout"": ""unplaced"", ""s"": 0.2156371351376965}, {""step"": 17, ""max_share"": 0.7499407330959091, ""cancel_index"": 1.0, ""knockout"": ""unplaced"", ""s"": 0.22400678134369242}, {""step"": 21, ""max_share"": 0.7961804333258078, ""cancel_index"": 1.0, ""knockout"": ""unplaced"", ""s"": 0.24231574253942484}, {""step"": 25, ""max_share"": 0.8166739972410589, ""cancel_index"": 1.0, ""knockout"": ""unplaced"", ""s"": 0.2733439655874886}, {""step"": 31, ""max_share"": 0.8284285928429362, ""cancel_index"": 1.0, ""knockout"": ""unplaced"", ""s"": 0.32832052613880747}, {""step"": 38, ""max_share"": 0.8612782177598695, ""cancel_index"": 1.0, ""knockout"": ""unplaced"", ""s"": 0.373186818547202}, {""step"": 46, ""max_share"": 0.9426952775421158, ""cancel_index"": 1.0, ""knockout"": ""unplaced"", ""s"": 0.3795678274388345}, {""step"": 55, ""max_share"": 0.8761845079211644, ""cancel_index"": 0.81223571424593, ""knockout"": ""unplaced"", ""s"": 0.42007219332276674}, {""step"": 67, ""max_share"": 0.6998407442800383, ""cancel_index"": 0.6015238925756331, ""knockout"": ""unplaced"", ""s"": 0.6073839125964504}, {""step"": 81, ""max_share"": 0.598636023395815, ""cancel_index"": 0.3981788285920144, ""knockout"": ""unplaced"", ""s"": 0.9918636462254001}, {""step"": 99, ""max_share"": 0.561032129728764, ""cancel_index"": 0.2628432109108428, ""knockout"": ""pair"", ""s"": 1.6020402389886597}]"
600036,95,1.1153658979051269,1.1153658979051269,pair,0.6041666690421391,0.4764655694348013,0.21052631578947367,0.452024929425772,ok,"[{""step"": 1, ""max_share"": 0.5017844021395615, ""cancel_index"": 1.0, ""knockout"": ""unplaced"", ""s"": 0.03350548387029059}, {""step"": 2, ""max_share"": 0.5038452532942937, ""cancel_index"": 1.0, ""knockout"": ""unplaced"", ""s"": 0.013572247225449896}, {""step"": 3, ""max_share"": 0.5049486214172286, ""cancel_index"": 1.0, ""knockout"": ""unplaced"", ""s"": 0.006243970342254362}, {""step"": 4, ""max_share"": 0.5004127636283503, ""cancel_index"": 1.0, ""knockout"": ""unplaced"", ""s"": 0.025890634645410235}, {""step"": 5, ""max_share"": 0.501753131037906, ""cancel_index"": 1.0, ""knockout"": ""unplaced"", ""s"": 0.04531570978946317}, {""step"": 6, ""max_share"": 0.5028311078325283, ""cancel_index"": 1.0, ""knockout"": ""unplaced"", ""s"": 0.06446986699061788}, {""step"": 8, ""max_share"": 0.5051429867690448, ""cancel_index"": 1.0, ""knockout"": ""unplaced"", ""s"": 0.10177606826759192}, {""step"": 9, ""max_share"": 0.5065093149448776, ""cancel_index"": 1.0, ""knockout"": ""unplaced"", ""s"": 0.11982915739713068}, {""step"": 11, ""max_share"": 0.5098704252004989, ""cancel_index"": 1.0, ""knockout"": ""unplaced"", ""s"": 0.15445413517280815}, {""step"": 14, ""max_share"": 0.5171314368696335, ""cancel_index"": 1.0, ""knockout"": ""unplaced"", ""s"": 0.20168685791194896}, {""step"": 17, ""max_share"": 0.5282454847093128, ""cancel_index"": 1.0, ""knockout"": ""unplaced"", ""s"": 0.24150852605227136}, {""step"": 20, ""max_share"": 0.5445980256540486, ""cancel_index"": 1.0, ""knockout"": ""unplaced"", ""s"": 0.2721365110394083}, {""step"": 25, ""max_share"": 0.5864340982770073, ""cancel_index"": 1.0, ""knockout"": ""unplaced"", ""s"": 0.30094069619131103}, {""step"": 30, ""max_share"": 0.6490778939485216, ""cancel_index"": 1.0, ""knockout"": ""unplaced"", ""s"": 0.3060048156802083}, {""step"": 36, ""max_share"": 0.7531081555244773, ""cancel_index"": 1.0, ""knockout"": ""unplaced"", ""s"": 0.2951694220903308}, {""step"": 44, ""max_share"": 0.9230715789667183, ""cancel_index"": 1.0, ""knockout"": ""unplaced"", ""s"": 0.2823834941401594}, {""step"": 53, ""max_share"": 0.9246157430734715, ""cancel_index"": 0.9032932641703093, ""knockout"": ""unplaced"", ""s"": 0.34788781069342933}, {""step"": 64, ""max_share"": 0.8216907162367768, ""cancel_index"": 0.7804654528843225, ""knockout"": ""unplaced"", ""s"": 0.5001403579390618}, {""step"": 78, ""max_share"": 0.697531966390556, ""cancel_index"": 0.6496418505998721, ""knockout"": ""unplaced"", ""s"": 0.7539321821839736}, {""step"": 95, ""max_share"": 0.6041666690421391, ""cancel_index"": 0.4764655694348013, ""knockout"": ""pair"", ""s"": 1.1153658979051269}]"
600037,83,1.4597140440082883,1.4597140440082885,pair,0.5058856600833707,0.028538489808584668,0.10526315789473684,0.22909660948390145,ok,"[{""step"": 1, ""max_share"": 0.6406059172491623, ""cancel_index"": 1.0, ""knockout"": ""unplaced"", ""s"": 0.005249590036834492}, {""step"": 2, ""max_share"": 0.6877202945065869, ""cancel_index"": 1.0, ""knockout"": ""unplaced"", ""s"": 0.009011914528350843}, {""step"": 3, ""max_share"": 0.9738789296791339, ""cancel_index"": 1.0, ""knockout"": ""unplaced"", ""s"": 0.015273633822236704}, {""step"": 4, ""max_share"": 0.8125079593157445, ""cancel_index"": 0.5726541246717761, ""knockout"": ""unplaced"", ""s"": 0.02769190640704702}, {""step"": 5, ""max_share"": 0.7027166574335827, ""cancel_index"": 0.3270652894686582, ""knockout"": ""unplaced"", ""s"": 0.04145926022372669}, {""step"": 6, ""max_share"": 0.6319516731066843, ""cancel_index"": 0.16556251986980094, ""knockout"": ""unplaced"", ""s"": 0.055323975147165715}, {""step"": 7, ""max_share"": 0.5811095580174802, ""cancel_index"": 0.04595277101524212, ""knockout"": ""unplaced"", ""s"": 0.0692202770837946}, {""step"": 9, ""max_share"": 0.5134745857565068, ""cancel_index"": 0.12267427764443438, ""knockout"": ""unplaced"", ""s"": 0.09749577484023214}, {""step"": 10, ""max_share"": 0.5087864083938104, ""cancel_index"": 0.18333952967258352, ""knockout"": ""unplaced"", ""s"": 0.11214936743445789}, {""step"": 13, ""max_share"": 0.5457429321602277, ""cancel_index"": 0.3049593396405249, ""knockout"": ""unplaced"", ""s"": 0.15935726159504643}, {""step"": 15, ""max_share"": 0.5548581745274607, ""cancel_index"": 0.35126397167900575, ""knockout"": ""unplaced"", ""s"": 0.19371726977625603}, {""step"": 19, ""max_share"": 0.5588058260187064, ""cancel_index"": 0.38449053625514584, ""knockout"": ""unplaced"", ""s"": 0.26746886888965243}, {""step"": 22, ""max_share"": 0.5611671329122163, ""cancel_index"": 0.369543160295404, ""knockout"": ""unplaced"", ""s"": 0.3240373170623808}, {""step"": 27, ""max_share"": 0.5822301232065783, ""cancel_index"": 0.35057885206544037, ""knockout"": ""unplaced"", ""s"": 0.4086466752484783}, {""step"": 33, ""max_share"": 0.6282168078994573, ""cancel_index"": 0.38077827604985565, ""knockout"": ""unplaced"", ""s"": 0.4869787132473654}, {""step"": 39, ""max_share"": 0.6489627254115018, ""cancel_index"": 0.34405033740736785, ""knockout"": ""unplaced"", ""s"": 0.5666765157502676}, {""step"": 47, ""max_share"": 0.6354115368166138, ""cancel_index"": 0.2774945647780983, ""knockout"": ""unplaced"", ""s"": 0.689298318002767}, {""step"": 57, ""max_share"": 0.5793625670040914, ""cancel_index"": 0.1591798513079714, ""knockout"": ""unplaced"", ""s"": 0.8605116154862464}, {""step"": 69, ""max_share"": 0.5245461686279501, ""cancel_index"": 0.054585126534514326, ""knockout"": ""unplaced"", ""s"": 1.0939920337722147}, {""step"": 83, ""max_share"": 0.5058856600833707, ""cancel_index"": 0.028538489808584668, ""knockout"": ""pair"", ""s"": 1.4597140440082885}]"
600038,63,0.8695702700131376,0.8695702700131376,pair,0.6047750472385468,0.45388214458178133,0.2777777777777778,0.4382555705107316,ok,"[{""step"": 1, ""max_share"": 0.599199050527621, ""cancel_index"": 1.0, ""knockout"": ""unplaced"", ""s"": 0.061748694232660044}, {""step"": 2, ""max_share"": 0.7605951842912538, ""cancel_index"": 1.0, ""knockout"": ""unplaced"", ""s"": 0.06178916748563916}, {""step"": 3, ""max_share"": 0.9206230380699971, ""cancel_index"": 1.0, ""knockout"": ""unplaced"", ""s"": 0.06190136876887261}, {""step"": 4, ""max_share"": 0.9324252840257137, ""cancel_index"": 0.9287642207392932, ""knockout"": ""unplaced"", ""s"": 0.07182477565436633}, {""step"": 5, ""max_share"": 0.8416496288684221, ""cancel_index"": 0.8245120562120493, ""knockout"": ""unplaced"", ""s"": 0.09142083890211966}, {""step"": 6, ""max_share"": 0.7840790454665467, ""cancel_index"": 0.7539375285818712, ""knockout"": ""unplaced"", ""s"": 0.11083636783376623}, {""step"": 7, ""max_share"": 0.7446514670684132, ""cancel_index"": 0.7052694428370595, ""knockout"": ""unplaced"", ""s"": 0.13005939537180525}, {""step"": 9, ""max_share"": 0.6946904825225881, ""cancel_index"": 0.6490819010222416, ""knockout"": ""unplaced"", ""s"": 0.1679567084806644}, {""step"": 11, ""max_share"": 0.6645135376159919, ""cancel_index"": 0.6250708644712865, ""knockout"": ""unplaced"", ""s"": 0.20526567809433366}, {""step"": 13, ""max_share"": 0.6440712618365562, ""cancel_index"": 0.6185985446579886, ""knockout"": ""unplaced"", ""s"": 0.24218462086508408}, {""step"": 15, ""max_share"": 0.6289257375163454, ""cancel_index"": 0.6222160172031708, ""knockout"": ""unplaced"", ""s"": 0.2788586648103829}, {""step"": 18, ""max_share"": 0.611745780924231, ""cancel_index"": 0.6372263658528544, ""knockout"": ""unplaced"", ""s"": 0.3335015751611222}, {""step"": 22, ""max_share"": 0.5949181951318081, ""cancel_index"": 0.6523122623811444, ""knockout"": ""unplaced"", ""s"": 0.40515878420073725}, {""step"": 26, ""max_share"": 0.5835529054831567, ""cancel_index"": 0.6360700782588717, ""knockout"": ""unplaced"", ""s"": 0.47348315558928245}, {""step"": 31, ""max_share"": 0.5784999469420785, ""cancel_index"": 0.600506004672503, ""knockout"": ""unplaced"", ""s"": 0.548768573258863}, {""step"": 37, ""max_share"": 0.5890572482172319, ""cancel_index"": 0.5734825175563616, ""knockout"": ""unplaced"", ""s"": 0.6153200940297979}, {""step"": 44, ""max_share"": 0.6175485528087588, ""cancel_index"": 0.5695372113422266, ""knockout"": ""unplaced"", ""s"": 0.6637470523130781}, {""step"": 53, ""max_share"": 0.6354332320948777, ""cancel_index"": 0.5482636998152974, ""knockout"": ""unplaced"", ""s"": 0.7332110467199879}, {""step"": 63, ""max_share"": 0.6047750472385468, ""cancel_index"": 0.45388214458178133, ""knockout"": ""pair"", ""s"": 0.8695702700131376}]"
600039,83,1.180510927109908,1.180510927109908,pair,0.5845238985090583,0.3234276863970951,0.3684210526315789,0.4362015405280847,ok,"[{""step"": 1, ""max_share"": 0.8560881887659806, ""cancel_index"": 1.0, ""knockout"": ""unplaced"", ""s"": 0.03200620183556345}, {""step"": 2, ""max_share"": 0.767694410685141, ""cancel_index"": 0.38285051910916973, ""knockout"": ""unplaced"", ""s"": 0.02269627895187709}, {""step"": 3, ""max_share"": 0.6657011389654949, ""cancel_index"": 0.49532607550719376, ""knockout"": ""unplaced"", ""s"": 0.02239950267840119}, {""step"": 4, ""max_share"": 0.9100888787533425, ""cancel_index"": 1.0, ""knockout"": ""unplaced"", ""s"": 0.026577892540197823}, {""step"": 5, ""max_share"": 0.7301940626698569, ""cancel_index"": 1.0, ""knockout"": ""unplaced"", ""s"": 0.04519087904946343}, {""step"": 6, ""max_share"": 0.6531098994941926, ""cancel_index"": 1.0, ""knockout"": ""unplaced"", ""s"": 0.06315013428367663}, {""step"": 7, ""max_share"": 0.6077455762195818, ""cancel_index"": 1.0, ""knockout"": ""unplaced"", ""s"": 0.08035024816974479}, {""step"": 9, ""max_share"": 0.5503904955209338, ""cancel_index"": 1.0, ""knockout"": ""unplaced"", ""s"": 0.11211040048568834}, {""step"": 10, ""max_share"": 0.5283845235819824, ""cancel_index"": 1.0, ""knockout"": ""unplaced"", ""s"": 0.1265354102553476}, {""step"": 13, ""max_share"": 0.5302366282568651, ""cancel_index"": 1.0, ""knockout"": ""unplaced"", ""s"": 0.16369727182648788}, {""step"": 15, ""max_share"": 0.5682106084757341, ""cancel_index"": 1.0, ""knockout"": ""unplaced"", ""s"": 0.183624756090096}, {""step"": 19, ""max_share"": 0.6457922344901602, ""cancel_index"": 1.0, ""knockout"": ""unplaced"", ""s"": 0.21412913488826016}, {""step"": 22, ""max_share"": 0.7045879477569444, ""cancel_index"": 1.0, ""knockout"": ""unplaced"", ""s"": 0.23122095191206818}, {""step"": 27, ""max_share"": 0.7999304003252672, ""cancel_index"": 1.0, ""knockout"": ""unplaced"", ""s"": 0.2534534079320505}, {""step"": 33, ""max_share"": 0.9106441080046168, ""cancel_index"": 1.0, ""knockout"": ""unplaced"", ""s"": 0.2732670557970033}, {""step"": 39, ""max_share"": 0.9671674254439998, ""cancel_index"": 0.9569262688138697, ""knockout"": ""unplaced"", ""s"": 0.3031664102127919}, {""step"": 47, ""max_share"": 0.8224557781525682, ""cancel_index"": 0.782285230361322, ""knockout"": ""unplaced"", ""s"": 0.42617932079560933}, {""step"": 57, ""max_share"": 0.6935750925317585, ""cancel_index"": 0.592574380493418, ""knockout"": ""unplaced"", ""s"": 0.6135951149900691}, {""step"": 69, ""max_share"": 0.6146810368356476, ""cancel_index"": 0.4289048133781014, ""knockout"": ""unplaced"", ""s"": 0.873293312511842}, {""step"": 83, ""max_share"": 0.5845238985090583, ""cancel_index"": 0.3234276863970951, ""knockout"": ""pair"", ""s"": 1.180510927109908}]"
600040,166,2.0309686311983324,2.0309686311983324,pair,0.5140684850967893,0.4584315162394723,0.38095238095238093,0.4581644795089927,ok,"[{""step"": 1, ""max_share"": 0.9234774939098361, ""cancel_index"": 1.0, ""knockout"": ""unplaced"", ""s"": 0.04324152902376581}, {""step"": 2, ""max_share"": 0.7904151398455842, ""cancel_index"": 1.0, ""knockout"": ""unplaced"", ""s"": 0.0631431798363525}, {""step"": 3, ""max_share"": 0.7221300611395646, ""cancel_index"": 1.0, ""knockout"": ""unplaced"", ""s"": 0.0828650789450037}, {""step"": 4, ""max_share"": 0.6811486179455841, ""cancel_index"": 1.0, ""knockout"": ""unplaced"", ""s"": 0.1023155821727656}, {""step"": 5, ""max_share"": 0.6543879286144143, ""cancel_index"": 1.0, ""knockout"": ""unplaced"", ""s"": 0.1213810916425142}, {""step"": 6, ""max_share"": 0.6361288528507243, ""cancel_index"": 1.0, ""knockout"": ""unplaced"", ""s"": 0.1399298111787305}, {""step"": 8, ""max_share"": 0.6149901981161661, ""cancel_index"": 1.0, ""knockout"": ""unplaced"", ""s"": 0.17487066400236312}, {""step"": 10, ""max_share"": 0.6069955575796124, ""cancel_index"": 1.0, ""knockout"": ""unplaced"", ""s"": 0.2058261949615255}, {""step"": 12, ""max_share"": 0.6083069763645194, ""cancel_index"": 1.0, ""knockout"": ""unplaced"", ""s"": 0.23157626723620667}, {""step"": 15, ""max_share"": 0.6235917437439192, ""cancel_index"": 1.0, ""knockout"": ""unplaced"", ""s"": 0.25914222052469443}, {""step"": 19, ""max_share"": 0.6618703308620054, ""cancel_index"": 1.0, ""knockout"": ""unplaced"", ""s"": 0.2770671059334769}, {""step"": 24, ""max_share"": 0.7273749181874548, ""cancel_index"": 1.0, ""knockout"": ""unplaced"", ""s"": 0.2801197273964123}, {""step"": 30, ""max_share"": 0.8117486144271768, ""cancel_index"": 1.0, ""knockout"": ""unplaced"", ""s"": 0.27600054574327004}, {""step"": 37, ""max_share"": 0.8806175978020301, ""cancel_index"": 1.0, ""knockout"": ""unplaced"", ""s"": 0.2794445853059346}, {""step"": 46, ""max_share"": 0.9000259311465122, ""cancel_index"": 1.0, ""knockout"": ""unplaced"", ""s"": 0.29660564866999556}, {""step"": 57, ""max_share"": 0.8689985869992739, ""cancel_index"": 1.0, ""knockout"": ""unplaced"", ""s"": 0.322263228582052}, {""step"": 70, ""max_share"": 0.8165173350221073, ""cancel_index"": 1.0, ""knockout"": ""unplaced"", ""s"": 0.3660100947855879}, {""step"": 87, ""max_share"": 0.7517530760547961, ""cancel_index"": 1.0, ""knockout"": ""unplaced"", ""s"": 0.442172814638641}, {""step"": 108, ""max_share"": 0.6663792347886389, ""cancel_index"": 1.0, ""knockout"": ""unplaced"", ""s"": 0.5532872876167301}, {""step"": 134, ""max_share"": 0.5367517805495264, ""cancel_index"": 0.5750824931346524, ""knockout"": ""unplaced"", ""s"": 0.8733605669381785}, {""step"": 165, ""max_share"": 0.5130755427104843, ""cancel_index"": 0.46099979157876947, ""knockout"": ""unplaced"", ""s"": 1.9917159790453978}, {""step"": 166, ""max_share"": 0.5140684850967893, ""cancel_index"": 0.4584315162394723, ""knockout"": ""pair"", ""s"": 2.0309686311983324}]"
600041,107,1.9357735952096788,1.9357735952096788,pair,0.5305445095003056,0.44837926037280956,0.0,0.44349789894336783,ok,"[{""step"": 1, ""max_share"": 0.6515232964900651, ""cancel_index"": 1.0, ""knockout"": ""unplaced"", ""s"": 0.0015733322665838195}, {""step"": 2, ""max_share"": 0.5124159570633123, ""cancel_index"": 1.0, ""knockout"": ""unplaced"", ""s"": 0.018354248465167648}, {""step"": 3, ""max_share"": 0.5055238426559127, ""cancel_index"": 1.0, ""knockout"": ""unplaced"", ""s"": 0.03819016496331217}, {""step"": 4, ""max_share"": 0.5036678239877418, ""cancel_index"": 1.0, ""knockout"": ""unplaced"", ""s"": 0.05797339379736265}, {""step"": 5, ""max_share"": 0.5032901718336273, ""cancel_index"": 1.0, ""knockout"": ""unplaced"", ""s"": 0.07774143896850827}, {""step"": 7, ""max_share"": 0.5044599677494859, ""cancel_index"": 1.0, ""knockout"": ""unplaced"", ""s"": 0.11728073034310643}, {""step"": 8, ""max_share"": 0.5056098026320112, ""cancel_index"": 1.0, ""knockout"": ""unplaced"", ""s"": 0.13704233071237243}, {""step"": 10, ""max_share"": 0.5087308760055207, ""cancel_index"": 1.0, ""knockout"": ""unplaced"", ""s"": 0.17645756427076043}, {""step"": 12, ""max_share"": 0.5128998191296094, ""cancel_index"": 1.0, ""knockout"": ""unplaced"", ""s"": 0.21550534870894333}, {""step"": 15, ""max_share"": 0.521397484438811, ""cancel_index"": 1.0, ""knockout"": ""unplaced"", ""s"": 0.27244473328888336}, {""step"": 18, ""max_share"": 0.5331337055769524, ""cancel_index"": 1.0, ""knockout"": ""unplaced"", ""s"": 0.32564066421242827}, {""step"": 22, ""max_share"": 0.5540013708261939, ""cancel_index"": 1.0, ""knockout"": ""unplaced"", ""s"": 0.38768281782949787}, {""step"": 27, ""max_share"": 0.5848532581057964, ""cancel_index"": 1.0, ""knockout"": ""unplaced"", ""s"": 0.44924831880252725}, {""step"": 33, ""max_share"": 0.6161917381566424, ""cancel_index"": 1.0, ""knockout"": ""unplaced"", ""s"": 0.5039434995411374}, {""step"": 40, ""max_share"": 0.6285926577051334, ""cancel_index"": 0.9101909547136754, ""knockout"": ""unplaced"", ""s"": 0.5535927826194663}, {""step"": 49, ""max_share"": 0.6186038648423777, ""cancel_index"": 0.7979651157671172, ""knockout"": ""unplaced"", ""s"": 0.6238269524583403}, {""step"": 59, ""max_share"": 0.6132332433857509, ""cancel_index"": 0.7299370843324576, ""knockout"": ""unplaced"", ""s"": 0.7455320794131801}, {""step"": 72, ""max_share"": 0.5893818231473326, ""cancel_index"": 0.6404616876431369, ""knockout"": ""unplaced"", ""s"": 0.9862521527840962}, {""step"": 88, ""max_share"": 0.5529293099317282, ""cancel_index"": 0.5161868795976271, ""knockout"": ""unplaced"", ""s"": 1.401670791092909}, {""step"": 107, ""max_share"": 0.5305445095003056, ""cancel_index"": 0.44837926037280956, ""knockout"": ""pair"", ""s"": 1.9357735952096788}]"
600042,326,2.2487221998832756,2.2487221998832756,pair,0.5218042075423915,0.45665212679137723,0.13636363636363635,0.4394720495984852,ok,"[{""step"": 1, ""max_share"": 0.9115439147085505, ""cancel_index"": 0.7540536234009514, ""knockout"": ""unplaced"", ""s"": 0.03763795576869339}, {""step"": 2, ""max_share"": 0.8694984829935979, ""cancel_index"": 1.0, ""knockout"": ""unplaced"", ""s"": 0.05095701730405217}, {""step"": 3, ""max_share"": 0.7659251937713158, ""cancel_index"": 1.0, ""knockout"": ""unplaced"", ""s"": 0.07089601411421359}, {""step"": 4, ""max_share"": 0.7081328580882424, ""cancel_index"": 1.0, ""knockout"": ""unplaced"", ""s"": 0.09078269915823796}, {""step"": 5, ""max_share"": 0.6713677719370015, ""cancel_index"": 1.0, ""knockout"": ""unplaced"", ""s"": 0.11060406497660542}, {""step"": 6, ""max_share"": 0.6459977444200696, ""cancel_index"": 1.0, ""knockout"": ""unplaced"", ""s"": 0.1303430634849689}, {""step"": 8, ""max_share"": 0.6134684913074592, ""cancel_index"": 1.0, ""knockout"": ""unplaced"", ""s"": 0.16947391439649823}, {""step"": 11, ""max_share"": 0.5866697978448057, ""cancel_index"": 1.0, ""knockout"": ""unplaced"", ""s"": 0.22671805851322183}, {""step"": 14, ""max_share"": 0.5719115538376995, ""cancel_index"": 1.0, ""knockout"": ""unplaced"", ""s"": 0.2808573752750346}, {""step"": 18, ""max_share"": 0.5608180162219314, ""cancel_index"": 1.0, ""knockout"": ""unplaced"", ""s"": 0.3450454138108032}, {""step"": 22, ""max_share"": 0.5545237458414274, ""cancel_index"": 1.0, ""knockout"": ""unplaced"", ""s"": 0.39645674295596656}, {""step"": 29, ""max_share"": 0.5489921526905565, ""cancel_index"": 1.0, ""knockout"": ""unplaced"", ""s"": 0.4497316598685531}, {""step"": 37, ""max_share"": 0.547243202400424, ""cancel_index"": 1.0, ""knockout"": ""unplaced"", ""s"": 0.46529487890017773}, {""step"": 47, ""max_share"": 0.5480769713491812, ""cancel_index"": 1.0, ""knockout"": ""unplaced"", ""s"": 0.4680115892069461}, {""step"": 60, ""max_share"": 0.5486271898904157, ""cancel_index"": 1.0, ""knockout"": ""unplaced"", ""s"": 0.49110181695119715}, {""step"": 76, ""max_share"": 0.5479553422599235, ""cancel_index"": 1.0, ""knockout"": ""unplaced"", ""s"": 0.5280845320540639}, {""step"": 97, ""max_share"": 0.5469790552480113, ""cancel_index"": 1.0, ""knockout"": ""unplaced"", ""s"": 0.5789816458914252}, {""step"": 124, ""max_share"": 0.5458055136778522, ""cancel_index"": 1.0, ""knockout"": ""unplaced"", ""s"": 0.6404459465196721}, {""step"": 158, ""max_share"": 0.5446261841630851, ""cancel_index"": 1.0, ""knockout"": ""unplaced"", ""s"": 0.7091726654765393}, {""step"": 201, ""max_share"": 0.5434781510538556, ""cancel_index"": 1.0, ""knockout"": ""unplaced"", ""s"": 0.7824481775682699}, {""step"": 256, ""max_share"": 0.5426763598073064, ""cancel_index"": 1.0, ""knockout"": ""unplaced"", ""s"": 0.8594030884156436}, {""step"": 325, ""max_share"": 0.5198775035774111, ""cancel_index"": 0.45879943276836194, ""knockout"": ""unplaced"", ""s"": 2.2076923847143157}, {""step"": 326, ""max_share"": 0.5218042075423915, ""cancel_index"": 0.45665212679137723, ""knockout"": ""pair"", ""s"": 2.2487221998832756}]"
600043,140,1.3902551342562668,1.3902551342562668,pair,0.6451258119528682,0.3888308831650339,0.35,0.4775079399459828,ok,"[{""step"": 1, ""max_share"": 0.5960909913048454, ""cancel_index"": 0.06906214794243054, ""knockout"": ""unplaced"", ""s"": 0.024939786614024163}, {""step"": 2, ""max_share"": 0.8042023817950376, ""cancel_index"": 0.7553379098777364, ""knockout"": ""unplaced"", ""s"": 0.024944836477414804}, {""step"": 3, ""max_share"": 0.8555706737597066, ""cancel_index"": 1.0, ""knockout"": ""unplaced"", ""s"": 0.03508606680825526}, {""step"": 4, ""max_share"": 0.7272609252401252, ""cancel_index"": 1.0, ""knockout"": ""unplaced"", ""s"": 0.054907409381647954}, {""step"": 5, ""max_share"": 0.6672415365015387, ""cancel_index"": 1.0, ""knockout"": ""unplaced"", ""s"": 0.07461140305294246}, {""step"": 6, ""max_share"": 0.6324257025994031, ""cancel_index"": 1.0, ""knockout"": ""unplaced"", ""s"": 0.09416745081668723}, {""step"": 7, ""max_share"": 0.6096254030958155, ""cancel_index"": 1.0, ""knockout"": ""unplaced"", ""s"": 0.11354220859741461}, {""step"": 9, ""max_share"": 0.5812324377862484, ""cancel_index"": 1.0, ""knockout"": ""unplaced"", ""s"": 0.15159064269354755}, {""step"": 11, ""max_share"": 0.5635578607236594, ""cancel_index"": 1.0, ""knockout"": ""unplaced"", ""s"": 0.18837970853149144}, {""step"": 14, ""max_share"": 0.5447586149888731, ""cancel_index"": 1.0, ""knockout"": ""unplaced"", ""s"": 0.24011280927083828}, {""step"": 17, ""max_share"": 0.5283679095491968, ""cancel_index"": 1.0, ""knockout"": ""unplaced"", ""s"": 0.28589860722859617}, {""step"": 21, ""max_share"": 0.5041636840269208, ""cancel_index"": 1.0, ""knockout"": ""unplaced"", ""s"": 0.3343020463893389}, {""step"": 26, ""max_share"": 0.5342764317982888, ""cancel_index"": 1.0, ""knockout"": ""unplaced"", ""s"": 0.3714201961388389}, {""step"": 33, ""max_share"": 0.6034058756791367, ""cancel_index"": 1.0, ""knockout"": ""unplaced"", ""s"": 0.3863877665381268}, {""step"": 40, ""max_share"": 0.6808514701539113, ""cancel_index"": 1.0, ""knockout"": ""unplaced"", ""s"": 0.3814865086244371}, {""step"": 50, ""max_share"": 0.7613267385290289, ""cancel_index"": 1.0, ""knockout"": ""unplaced"", ""s"": 0.39315105584693155}, {""step"": 61, ""max_share"": 0.8014983085762731, ""cancel_index"": 1.0, ""knockout"": ""unplaced"", ""s"": 0.4444494492370047}, {""step"": 75, ""max_share"": 0.8983391363165654, ""cancel_index"": 1.0, ""knockout"": ""unplaced"", ""s"": 0.4884133666690835}, {""step"": 92, ""max_share"": 0.9313690371115365, ""cancel_index"": 0.8441566405764652, ""knockout"": ""unplaced"", ""s"": 0.5840200745877467}, {""step"": 113, ""max_share"": 0.7837839121203349, ""cancel_index"": 0.539042893408951, ""knockout"": ""unplaced"", ""s"": 0.8739376808307726}, {""step"": 140, ""max_share"": 0.6451258119528682, ""cancel_index"": 0.3888308831650339, ""knockout"": ""pair"", ""s"": 1.3902551342562668}]"
600044,206,2.5181909952838453,2.5181909952838453,pair,0.5283182363480381,0.4597640464296212,0.0,0.4388119081808385,ok,"[{""step"": 1, ""max_share"": 0.5234765460802329, ""cancel_index"": 1.0, ""knockout"": ""unplaced"", ""s"": 0.048185878916892036}, {""step"": 2, ""max_share"": 0.5165715225238893, ""cancel_index"": 1.0, ""knockout"": ""unplaced"", ""s"": 0.068141627057723}, {""step"": 3, ""max_share"": 0.5127610741560016, ""cancel_index"": 1.0, ""knockout"": ""unplaced"", ""s"": 0.08801770686115953}, {""step"": 4, ""max_share"": 0.5103057759664543, ""cancel_index"": 1.0, ""knockout"": ""unplaced"", ""s"": 0.10777379836589512}, {""step"": 5, ""max_share"": 0.5085464525197512, ""cancel_index"": 1.0, ""knockout"": ""unplaced"", ""s"": 0.12736430468551008}, {""step"": 7, ""max_share"": 0.5060210491993863, ""cancel_index"": 1.0, ""knockout"": ""unplaced"", ""s"": 0.1658379267312879}, {""step"": 9, ""max_share"": 0.5039946625274178, ""cancel_index"": 1.0, ""knockout"": ""unplaced"", ""s"": 0.20295871246407488}, {""step"": 11, ""max_share"": 0.5019593754565003, ""cancel_index"": 1.0, ""knockout"": ""unplaced"", ""s"": 0.238156907832463}, {""step"": 14, ""max_share"": 0.5017706867741162, ""cancel_index"": 1.0, ""knockout"": ""unplaced"", ""s"": 0.28594950093552385}, {""step"": 17, ""max_share"": 0.5069305861716173, ""cancel_index"": 1.0, ""knockout"": ""unplaced"", ""s"": 0.32588224934505006}, {""step"": 22, ""max_share"": 0.5195018833162779, ""cancel_index"": 1.0, ""knockout"": ""unplaced"", ""s"": 0.37172332505951333}, {""step"": 27, ""max_share"": 0.5365459725168948, ""cancel_index"": 1.0, ""knockout"": ""unplaced"", ""s"": 0.39354426552785554}, {""step"": 34, ""max_share"": 0.5643786581047108, ""cancel_index"": 1.0, ""knockout"": ""unplaced"", ""s"": 0.400930858582898}, {""step"": 43, ""max_share"": 0.5953661093924425, ""cancel_index"": 1.0, ""knockout"": ""unplaced"", ""s"": 0.4095313284594272}, {""step"": 54, ""max_share"": 0.6090527372259754, ""cancel_index"": 1.0, ""knockout"": ""unplaced"", ""s"": 0.44507504138377174}, {""step"": 67, ""max_share"": 0.594548699560585, ""cancel_index"": 1.0, ""knockout"": ""unplaced"", ""s"": 0.5007686231428631}, {""step"": 84, ""max_share"": 0.5629965756010458, ""cancel_index"": 1.0, ""knockout"": ""unplaced"", ""s"": 0.5834491392635186}, {""step"": 105, ""max_share"": 0.5355147228609637, ""cancel_index"": 1.0, ""knockout"": ""unplaced"", ""s"": 0.6833475897985252}, {""step"": 132, ""max_share"": 0.5103463458899047, ""cancel_index"": 0.7736545039188069, ""knockout"": ""unplaced"", ""s"": 0.8802143556300519}, {""step"": 164, ""max_share"": 0.5237966117517437, ""cancel_index"": 0.6110337028193464, ""knockout"": ""unplaced"", ""s"": 1.4748994608850223}, {""step"": 205, ""max_share"": 0.5281066843728905, ""cancel_index"": 0.46202794130345165, ""knockout"": ""unplaced"", ""s"": 2.4947703140721327}, {""step"": 206, ""max_share"": 0.5283182363480381, ""cancel_index"": 0.4597640464296212, ""knockout"": ""pair"", ""s"": 2.5181909952838453}]"
600045,149,1.5454010316179447,1.5454010316179447,pair,0.5786157517133933,0.47029805044182593,0.4,0.436114411043897,ok,"[{""step"": 1, ""max_share"": 0.5969162586176512, ""cancel_index"": 0.1886476523478939, ""knockout"": ""unplaced"", ""s"": 0.05302894793069852}, {""step"": 2, ""max_share"": 0.7852206478006744, ""cancel_index"": 0.574363228814268, ""knockout"": ""unplaced"", ""s"": 0.053028246058601805}, {""step"": 3, ""max_share"": 0.973061904455563, ""cancel_index"": 0.9478404199019649, ""knockout"": ""unplaced"", ""s"": 0.053024767924784985}, {""step"": 4, ""max_share"": 0.8786305855322852, ""cancel_index"": 1.0, ""knockout"": ""unplaced"", ""s"": 0.07000859174398874}, {""step"": 5, ""max_share"": 0.7952435304700539, ""cancel_index"": 1.0, ""knockout"": ""unplaced"", ""s"": 0.08974334498253433}, {""step"": 6, ""max_share"": 0.7421204945033996, ""cancel_index"": 1.0, ""knockout"": ""unplaced"", ""s"": 0.1093423604145213}, {""step"": 8, ""max_share"": 0.678163472467073, ""cancel_index"": 1.0, ""knockout"": ""unplaced"", ""s"": 0.14800389933929559}, {""step"": 9, ""max_share"": 0.6572899857475019, ""cancel_index"": 1.0, ""knockout"": ""unplaced"", ""s"": 0.16699516445991314}, {""step"": 12, ""max_share"": 0.6152933921436333, ""cancel_index"": 1.0, ""knockout"": ""unplaced"", ""s"": 0.22210675157092263}, {""step"": 15, ""max_share"": 0.5880613467991376, ""cancel_index"": 1.0, ""knockout"": ""unplaced"", ""s"": 0.27336144222385916}, {""step"": 18, ""max_share"": 0.56623228628769, ""cancel_index"": 1.0, ""knockout"": ""unplaced"", ""s"": 0.3192308625044845}, {""step"": 22, ""max_share"": 0.5384937480206082, ""cancel_index"": 1.0, ""knockout"": ""unplaced"", ""s"": 0.3695910595238565}, {""step"": 28, ""max_share"": 0.5086310278667266, ""cancel_index"": 1.0, ""knockout"": ""unplaced"", ""s"": 0.41895209010748147}, {""step"": 34, ""max_share"": 0.5664580668794351, ""cancel_index"": 1.0, ""knockout"": ""unplaced"", ""s"": 0.4401923340954278}, {""step"": 42, ""max_share"": 0.6609067501411307, ""cancel_index"": 1.0, ""knockout"": ""unplaced"", ""s"": 0.4406953686465927}, {""step"": 52, ""max_share"": 0.796649571380687, ""cancel_index"": 1.0, ""knockout"": ""unplaced"", ""s"": 0.42855362969970845}, {""step"": 64, ""max_share"": 0.9422521085303489, ""cancel_index"": 1.0, ""knockout"": ""unplaced"", ""s"": 0.4319903875458486}, {""step"": 79, ""max_share"": 0.9241320097431811, ""cancel_index"": 0.8635586008665945, ""knockout"": ""unplaced"", ""s"": 0.5312494837738052}, {""step"": 98, ""max_share"": 0.8059457202617266, ""cancel_index"": 0.6743091293116475, ""knockout"": ""unplaced"", ""s"": 0.7295329296581711}, {""step"": 120, ""max_share"": 0.6934282571627426, ""cancel_index"": 0.5989897308320692, ""knockout"": ""unplaced"", ""s"": 1.026534430452176}, {""step"": 149, ""max_share"": 0.5786157517133933, ""cancel_index"": 0.47029805044182593, ""knockout"": ""pair"", ""s"": 1.5454010316179447}]"
600046,107,2.0149285010185896,2.0149285010185896,pair,0.5169550459642385,0.43066612745949184,0.05263157894736842,0.447571548082986,ok,"[{""step"": 1, ""max_share"": 0.7608495650364253, ""cancel_index"": 0.9891661151744665, ""knockout"": ""unplaced"", ""s"": 0.05901104473782234}, {""step"": 2, ""max_share"": 0.6948638327029436, ""cancel_index"": 0.9975556926199222, ""knockout"": ""unplaced"", ""s"": 0.07901207943348024}, {""step"": 3, ""max_share"": 0.6556033603530455, ""cancel_index"": 1.0, ""knockout"": ""unplaced"", ""s"": 0.0990082629529673}, {""step"": 4, ""max_share"": 0.629614287777266, ""cancel_index"": 1.0, ""knockout"": ""unplaced"", ""s"": 0.11898909828257231}, {""step"": 5, ""max_share"": 0.6111801735708094, ""cancel_index"": 1.0, ""knockout"": ""unplaced"", ""s"": 0.13893833590204868}, {""step"": 7, ""max_share"": 0.5868606707811171, ""cancel_index"": 1.0, ""knockout"": ""unplaced"", ""s"": 0.1786411344569936}, {""step"": 8, ""max_share"": 0.5784447541425192, ""cancel_index"": 1.0, ""knockout"": ""unplaced"", ""s"": 0.1983226934773184}, {""step"": 10, ""max_share"": 0.5659064118326841, ""cancel_index"": 1.0, ""knockout"": ""unplaced"", ""s"": 0.237096456818811}, {""step"": 12, ""max_share"": 0.5569290727427274, ""cancel_index"": 1.0, ""knockout"": ""unplaced"", ""s"": 0.2746652214842782}, {""step"": 15, ""max_share"": 0.5472129882227761, ""cancel_index"": 1.0, ""knockout"": ""unplaced"", ""s"": 0.3275996720442148}, {""step"": 18, ""max_share"": 0.540374849910285, ""cancel_index"": 1.0, ""knockout"": ""unplaced"", ""s"": 0.37521104783233317}, {""step"": 22, ""max_share"": 0.5352274061254602, ""cancel_index"": 1.0, ""knockout"": ""unplaced"", ""s"": 0.4295311069475163}, {""step"": 27, ""max_share"": 0.5365482546424442, ""cancel_index"": 0.9435191176499329, ""knockout"": ""unplaced"", ""s"": 0.48452686005208023}, {""step"": 33, ""max_share"": 0.5500932279850412, ""cancel_index"": 0.841346967409993, ""knockout"": ""unplaced"", ""s"": 0.5395860075145541}, {""step"": 40, ""max_share"": 0.5722009033332977, ""cancel_index"": 0.769418618387384, ""knockout"": ""unplaced"", ""s"": 0.602693408993471}, {""step"": 49, ""max_share"": 0.5846180978986354, ""cancel_index"": 0.7105464446816749, ""knockout"": ""unplaced"", ""s"": 0.7012583945246071}, {""step"": 59, ""max_share"": 0.5751732282976294, ""cancel_index"": 0.6486905137326197, ""knockout"": ""unplaced"", ""s"": 0.8535736646448453}, {""step"": 72, ""max_share"": 0.5548617846868892, ""cancel_index"": 0.5630343261173673, ""knockout"": ""unplaced"", ""s"": 1.1303178487210437}, {""step"": 88, ""max_share"": 0.5323442798286866, ""cancel_index"": 0.4712064239937556, ""knockout"": ""unplaced"", ""s"": 1.5405151339369132}, {""step"": 107, ""max_share"": 0.5169550459642385, ""cancel_index"": 0.43066612745949184, ""knockout"": ""pair"", ""s"": 2.0149285010185896}]"
600047,183,2.2710190228147296,2.2710190228147296,pair,0.5205154852121541,0.461816822541529,0.09523809523809523,0.476263450466443,ok,"[{""step"": 1, ""max_share"": 0.9964367372316522, ""cancel_index"": 0.9958671436222986, ""knockout"": ""unplaced"", ""s"": 0.03560383620182662}, {""step"": 2, ""max_share"": 0.8219781355966185, ""cancel_index"": 1.0, ""knockout"": ""unplaced"", ""s"": 0.05529413174961726}, {""step"": 3, ""max_share"": 0.7369564383165973, ""cancel_index"": 1.0, ""knockout"": ""unplaced"", ""s"": 0.07514363857534645}, {""step"": 4, ""max_share"": 0.6876779475720302, ""cancel_index"": 1.0, ""knockout"": ""unplaced"", ""s"": 0.09486265944107458}, {""step"": 5, ""max_share"": 0.6554966419218508, ""cancel_index"": 1.0, ""knockout"": ""unplaced"", ""s"": 0.11441079037475307}, {""step"": 7, ""max_share"": 0.6158736325098602, ""cancel_index"": 1.0, ""knockout"": ""unplaced"", ""s"": 0.15279190555365257}, {""step"": 8, ""max_share"": 0.6027316839867336, ""cancel_index"": 1.0, ""knockout"": ""unplaced"", ""s"": 0.17150247665389146}, {""step"": 10, ""max_share"": 0.5834576914771237, ""cancel_index"": 1.0, ""knockout"": ""unplaced"", ""s"": 0.20761964161870092}, {""step"": 13, ""max_share"": 0.5639837802328831, ""cancel_index"": 1.0, ""knockout"": ""unplaced"", ""s"": 0.2574480362221354}, {""step"": 16, ""max_share"": 0.5496672423282772, ""cancel_index"": 1.0, ""knockout"": ""unplaced"", ""s"": 0.3003483947234864}, {""step"": 20, ""max_share"": 0.5333814724347501, ""cancel_index"": 1.0, ""knockout"": ""unplaced"", ""s"": 0.34418505083754064}, {""step"": 25, ""max_share"": 0.5138305346558059, ""cancel_index"": 1.0, ""knockout"": ""unplaced"", ""s"": 0.37654411976776847}, {""step"": 32, ""max_share"": 0.5124269515189678, ""cancel_index"": 1.0, ""knockout"": ""unplaced"", ""s"": 0.39203149909473284}, {""step"": 40, ""max_share"": 0.533596746634106, ""cancel_index"": 1.0, ""knockout"": ""unplaced"", ""s"": 0.3996951621077177}, {""step"": 49, ""max_share"": 0.5387713560363337, ""cancel_index"": 1.0, ""knockout"": ""unplaced"", ""s"": 0.4219252784644964}, {""step"": 61, ""max_share"": 0.5288191483994897, ""cancel_index"": 1.0, ""knockout"": ""unplaced"", ""s"": 0.4649124469119172}, {""step"": 76, ""max_share"": 0.5167656539675118, ""cancel_index"": 1.0, ""knockout"": ""unplaced"", ""s"": 0.5148118891651741}, {""step"": 95, ""max_share"": 0.5103415277167529, ""cancel_index"": 1.0, ""knockout"": ""unplaced"", ""s"": 0.5835208627387682}, {""step"": 118, ""max_share"": 0.5091346031357761, ""cancel_index"": 0.7830898227563798, ""knockout"": ""unplaced"", ""s"": 0.6846699806250471}, {""step"": 147, ""max_share"": 0.5250016739969932, ""cancel_index"": 0.6024731819324379, ""knockout"": ""unplaced"", ""s"": 1.1187195976488724}, {""step"": 182, ""max_share"": 0.5194687234716199, ""cancel_index"": 0.46442147167491993, ""knockout"": ""unplaced"", ""s"": 2.2413893076629647}, {""step"": 183, ""max_share"": 0.5205154852121541, ""cancel_index"": 0.461816822541529, ""knockout"": ""pair"", ""s"": 2.2710190228147296}]"
600048,59,0.8967181273560427,0.8967181273560427,pair,0.6433654086350967,0.2945107085198256,0.0,0.4362648779539058,ok,"[{""step"": 1, ""max_share"": 0.6777214193496367, ""cancel_index"": 1.0, ""knockout"": ""unplaced"", ""s"": 0.0454443353518693}, {""step"": 2, ""max_share"": 0.6233740208726655, ""cancel_index"": 1.0, ""knockout"": ""unplaced"", ""s"": 0.06540704316382229}, {""step"": 3, ""max_share"": 0.5943940103964762, ""cancel_index"": 1.0, ""knockout"": ""unplaced"", ""s"": 0.08529603717333283}, {""step"": 4, ""max_share"": 0.5762864868145541, ""cancel_index"": 1.0, ""knockout"": ""unplaced"", ""s"": 0.10507007770543914}, {""step"": 5, ""max_share"": 0.5637810091593076, ""cancel_index"": 1.0, ""knockout"": ""unplaced"", ""s"": 0.12468184614738788}, {""step"": 6, ""max_share"": 0.5544862274991978, ""cancel_index"": 1.0, ""knockout"": ""unplaced"", ""s"": 0.14407722899858977}, {""step"": 7, ""max_share"": 0.5471462928658545, ""cancel_index"": 1.0, ""knockout"": ""unplaced"", ""s"": 0.1631948805056459}, {""step"": 9, ""max_share"": 0.5356510571204407, ""cancel_index"": 1.0, ""knockout"": ""unplaced"", ""s"": 0.20031531750808518}, {""step"": 10, ""max_share"": 0.5306962011726853, ""cancel_index"": 1.0, ""knockout"": ""unplaced"", ""s"": 0.21816096167049398}, {""step"": 12, ""max_share"": 0.5211244348841676, ""cancel_index"": 1.0, ""knockout"": ""unplaced"", ""s"": 0.2519989797987917}, {""step"": 15, ""max_share"": 0.5052396537246431, ""cancel_index"": 1.0, ""knockout"": ""unplaced"", ""s"": 0.2969059319049608}, {""step"": 17, ""max_share"": 0.5076049110768877, ""cancel_index"": 1.0, ""knockout"": ""unplaced"", ""s"": 0.32226217356013154}, {""step"": 21, ""max_share"": 0.5404021983768695, ""cancel_index"": 1.0, ""knockout"": ""unplaced"", ""s"": 0.36195586102756266}, {""step"": 25, ""max_share"": 0.5818426266005523, ""cancel_index"": 0.995489916517129, ""knockout"": ""unplaced"", ""s"": 0.39069902783667787}, {""step"": 29, ""max_share"": 0.62708128449494, ""cancel_index"": 0.8568272049289587, ""knockout"": ""unplaced"", ""s"": 0.41553219566642197}, {""step"": 35, ""max_share"": 0.6832133245863258, ""cancel_index"": 0.6243310515883176, ""knockout"": ""unplaced"", ""s"": 0.460991224593464}, {""step"": 42, ""max_share"": 0.703477108231899, ""cancel_index"": 0.4210404183855872, ""knockout"": ""unplaced"", ""s"": 0.5448673323230806}, {""step"": 49, ""max_share"": 0.6842307483897487, ""cancel_index"": 0.3354495709983145, ""knockout"": ""unplaced"", ""s"": 0.6659205990769194}, {""step"": 59, ""max_share"": 0.6433654086350967, ""cancel_index"": 0.2945107085198256, ""knockout"": ""pair"", ""s"": 0.8967181273560427}]"
600049,170,1.5787908013379135,1.5787908013379135,pair,0.6341443451169172,0.4678805956818825,0.45,0.4503949609423715,ok,"[{""step"": 1, ""max_share"": 0.9073509793181752, ""cancel_index"": 0.8046429630501412, ""knockout"": ""unplaced"", ""s"": 0.04976530351061913}, {""step"": 2, ""max_share"": 0.9115222176667197, ""cancel_index"": 1.0, ""knockout"": ""unplaced"", ""s"": 0.0604868453288917}, {""step"": 3, ""max_share"": 0.8101824977110907, ""cancel_index"": 1.0, ""knockout"": ""unplaced"", ""s"": 0.08032899224193346}, {""step"": 4, ""max_share"": 0.7495710821575531, ""cancel_index"": 1.0, ""knockout"": ""unplaced"", ""s"": 0.10002536229710443}, {""step"": 5, ""max_share"": 0.7094563506550423, ""cancel_index"": 1.0, ""knockout"": ""unplaced"", ""s"": 0.1195302803481697}, {""step"": 6, ""max_share"": 0.6811283080622837, ""cancel_index"": 1.0, ""knockout"": ""unplaced"", ""s"": 0.1387943518145232}, {""step"": 8, ""max_share"": 0.6443348149957384, ""cancel_index"": 1.0, ""knockout"": ""unplaced"", ""s"": 0.17637475597673682}, {""step"": 10, ""max_share"": 0.6223329971022096, ""cancel_index"": 1.0, ""knockout"": ""unplaced"", ""s"": 0.21225954196876162}, {""step"": 13, ""max_share"": 0.6041177577869711, ""cancel_index"": 1.0, ""knockout"": ""unplaced"", ""s"": 0.2616193864102806}, {""step"": 16, ""max_share"": 0.5966447001113411, ""cancel_index"": 1.0, ""knockout"": ""unplaced"", ""s"": 0.30378627435934524}, {""step"": 20, ""max_share"": 0.5979674046130341, ""cancel_index"": 1.0, ""knockout"": ""unplaced"", ""s"": 0.3460017132725418}, {""step"": 24, ""max_share"": 0.6092815212494883, ""cancel_index"": 1.0, ""knockout"": ""unplaced"", ""s"": 0.3712008188650232}, {""step"": 30, ""max_share"": 0.6411812258192283, ""cancel_index"": 1.0, ""knockout"": ""unplaced"", ""s"": 0.3832636161705964}, {""step"": 38, ""max_share"": 0.7025762169483468, ""cancel_index"": 1.0, ""knockout"": ""unplaced"", ""s"": 0.3808663439275823}, {""step"": 47, ""max_share"": 0.7710857510337056, ""cancel_index"": 1.0, ""knockout"": ""unplaced"", ""s"": 0.39642839768619886}, {""step"": 58, ""max_share"": 0.8331893818300746, ""cancel_index"": 1.0, ""knockout"": ""unplaced"", ""s"": 0.44326770922764824}, {""step"": 72, ""max_share"": 0.9231598966406326, ""cancel_index"": 1.0, ""knockout"": ""unplaced"", ""s"": 0.47721898253327044}, {""step"": 89, ""max_share"": 0.9715764316697972, ""cancel_index"": 0.9427484526882274, ""knockout"": ""unplaced"", ""s"": 0.5290119105950681}, {""step"": 110, ""max_share"": 0.902296856230477, ""cancel_index"": 0.7970906842900123, ""knockout"": ""unplaced"", ""s"": 0.671883751205561}, {""step"": 137, ""max_share"": 0.8050228019403446, ""cancel_index"": 0.6134686352597509, ""knockout"": ""unplaced"", ""s"": 0.9185185506486717}, {""step"": 170, ""max_share"": 0.6341443451169172, ""cancel_index"": 0.4678805956818825, ""knockout"": ""pair"", ""s"": 1.5787908013379135}]"
600050,49,0.6705533259881807,0.6705533259881807,pair,0.5205243561527368,0.3375971561249664,0.1111111111111111,0.4352484254436523,ok,"[{""step"": 1, ""max_share"": 0.7551996855965275, ""cancel_index"": 1.0, ""knockout"": ""unplaced"", ""s"": 0.013552699281407194}, {""step"": 2, ""max_share"": 0.752650898459005, ""cancel_index"": 0.8252988409282591, ""knockout"": ""unplaced"", ""s"": 0.026864044779907403}, {""step"": 3, ""max_share"": 0.6458840463114194, ""cancel_index"": 0.8542973706955679, ""knockout"": ""unplaced"", ""s"": 0.04671377130213365}, {""step"": 4, ""max_share"": 0.6033137717582409, ""cancel_index"": 0.8460001245593802, ""knockout"": ""unplaced"", ""s"": 0.06642712271008894}, {""step"": 5, ""max_share"": 0.5806368686326191, ""cancel_index"": 0.8311448933367527, ""knockout"": ""unplaced"", ""s"": 0.08596684743254394}, {""step"": 7, ""max_share"": 0.557361903052712, ""cancel_index"": 0.7966198813361385, ""knockout"": ""unplaced"", ""s"": 0.12435773311749718}, {""step"": 8, ""max_share"": 0.5507623426944999, ""cancel_index"": 0.7788029645509498, ""knockout"": ""unplaced"", ""s"": 0.14311073316208184}, {""step"": 9, ""max_share"": 0.5459172996721681, ""cancel_index"": 0.761036197104661, ""knockout"": ""unplaced"", ""s"": 0.1614932483275135}, {""step"": 11, ""max_share"": 0.5394588083799824, ""cancel_index"": 0.7261079509385266, ""knockout"": ""unplaced"", ""s"": 0.19688671048573797}, {""step"": 13, ""max_share"": 0.5355355542426488, ""cancel_index"": 0.6923536108953483, ""knockout"": ""unplaced"", ""s"": 0.22997772115046788}, {""step"": 15, ""max_share"": 0.533000787858128, ""cancel_index"": 0.6600294988288051, ""knockout"": ""unplaced"", ""s"": 0.26018775528017596}, {""step"": 18, ""max_share"": 0.5304737169677982, ""cancel_index"": 0.6146374911930612, ""knockout"": ""unplaced"", ""s"": 0.2990953361323128}, {""step"": 21, ""max_share"": 0.5285748118807425, ""cancel_index"": 0.5732660292734292, ""knockout"": ""unplaced"", ""s"": 0.3300066544663184}, {""step"": 25, ""max_share"": 0.5265926267239267, ""cancel_index"": 0.5240478662250754, ""knockout"": ""unplaced"", ""s"": 0.36153822711712835}, {""step"": 30, ""max_share"": 0.5253213930837198, ""cancel_index"": 0.4703290916694568, ""knockout"": ""unplaced"", ""s"": 0.3963459379627342}, {""step"": 35, ""max_share"": 0.5251824778255659, ""cancel_index"": 0.4239519361082026, ""knockout"": ""unplaced"", ""s"": 0.4411885935610944}, {""step"": 41, ""max_share"": 0.5245032905561449, ""cancel_index"": 0.3789807091006383, ""knockout"": ""unplaced"", ""s"": 0.5212424050693205}, {""step"": 48, ""max_share"": 0.5211966159175473, ""cancel_index"": 0.34173919443994094, ""knockout"": ""unplaced"", ""s"": 0.6498150035143679}, {""step"": 49, ""max_share"": 0.5205243561527368, ""cancel_index"": 0.3375971561249664, ""knockout"": ""pair"", ""s"": 0.6705533259881807}]"
600051,143,1.8172606854339337,1.8172606854339337,pair,0.6379239804109572,0.5129426592844509,0.15,0.4640300388839698,ok,"[{""step"": 1, ""max_share"": 0.7362121243316635, ""cancel_index"": 1.0, ""knockout"": ""unplaced"", ""s"": 0.03876535242007086}, {""step"": 2, ""max_share"": 0.6558580610493938, ""cancel_index"": 1.0, ""knockout"": ""unplaced"", ""s"": 0.058750780210051055}, {""step"": 3, ""max_share"": 0.6163578748751759, ""cancel_index"": 1.0, ""knockout"": ""unplaced"", ""s"": 0.0787054570070894}, {""step"": 4, ""max_share"": 0.592896463213747, ""cancel_index"": 1.0, ""knockout"": ""unplaced"", ""s"": 0.09861226215955976}, {""step"": 5, ""max_share"": 0.5773719309060793, ""cancel_index"": 1.0, ""knockout"": ""unplaced"", ""s"": 0.11845130043013592}, {""step"": 6, ""max_share"": 0.5663503866901375, ""cancel_index"": 1.0, ""knockout"": ""unplaced"", ""s"": 0.138199478262597}, {""step"": 7, ""max_share"": 0.558124058586782, ""cancel_index"": 1.0, ""knockout"": ""unplaced"", ""s"": 0.15783031257893126}, {""step"": 9, ""max_share"": 0.5466377207720121, ""cancel_index"": 1.0, ""knockout"": ""unplaced"", ""s"": 0.19661631240218524}, {""step"": 11, ""max_share"": 0.5388885720401789, ""cancel_index"": 1.0, ""knockout"": ""unplaced"", ""s"": 0.23452414690968823}, {""step"": 14, ""max_share"": 0.5306125914629305, ""cancel_index"": 1.0, ""knockout"": ""unplaced"", ""s"": 0.28895382066684105}, {""step"": 18, ""max_share"": 0.5217635157471305, ""cancel_index"": 1.0, ""knockout"": ""unplaced"", ""s"": 0.35462940965746126}, {""step"": 22, ""max_share"": 0.5124079253310672, ""cancel_index"": 1.0, ""knockout"": ""unplaced"", ""s"": 0.4086979499961112}, {""step"": 27, ""max_share"": 0.5028580726237932, ""cancel_index"": 1.0, ""knockout"": ""unplaced"", ""s"": 0.4549216603113888}, {""step"": 33, ""max_share"": 0.5290479991111493, ""cancel_index"": 1.0, ""knockout"": ""unplaced"", ""s"": 0.4782649043475974}, {""step"": 41, ""max_share"": 0.5809652449570134, ""cancel_index"": 1.0, ""knockout"": ""unplaced"", ""s"": 0.4748173405963586}, {""step"": 50, ""max_share"": 0.6636022065730208, ""cancel_index"": 1.0, ""knockout"": ""unplaced"", ""s"": 0.47060703217018685}, {""step"": 62, ""max_share"": 0.7869682917280267, ""cancel_index"": 1.0, ""knockout"": ""unplaced"", ""s"": 0.5078101821849489}, {""step"": 76, ""max_share"": 0.9347168426005339, ""cancel_index"": 1.0, ""knockout"": ""unplaced"", ""s"": 0.5653666005965275}, {""step"": 94, ""max_share"": 0.8805220519828212, ""cancel_index"": 0.7898102664563753, ""knockout"": ""unplaced"", ""s"": 0.7936645715032742}, {""step"": 116, ""max_share"": 0.7490457367105303, ""cancel_index"": 0.6134820444214698, ""knockout"": ""unplaced"", ""s"": 1.2079741799808121}, {""step"": 143, ""max_share"": 0.6379239804109572, ""cancel_index"": 0.5129426592844509, ""knockout"": ""pair"", ""s"": 1.8172606854339337}]"
600052,4,0.0400083603441107,0.040008360344110705,pair,0.57486378313312,0.12393379564114482,0.0,,not placed at 4x s_cross,"[{""step"": 1, ""max_share"": 0.6638884047853693, ""cancel_index"": 0.5737438689641465, ""knockout"": ""unplaced"", ""s"": 0.01945381493570021}, {""step"": 2, ""max_share"": 0.5381422115197309, ""cancel_index"": 1.0, ""knockout"": ""unplaced"", ""s"": 0.0063311162937932895}, {""step"": 3, ""max_share"": 0.652798503567275, ""cancel_index"": 0.03597021709639048, ""knockout"": ""unplaced"", ""s"": 0.020311920798111595}, {""step"": 4, ""max_share"": 0.57486378313312, ""cancel_index"": 0.12393379564114482, ""knockout"": ""pair"", ""s"": 0.040008360344110705}]"
600053,106,1.2264982752117486,1.2264982752117486,pair,0.5813550623995092,0.5299961888277128,0.2631578947368421,0.4562628378080087,ok,"[{""step"": 1, ""max_share"": 0.7342300760147189, ""cancel_index"": 1.0, ""knockout"": ""unplaced"", ""s"": 0.03494944447651978}, {""step"": 2, ""max_share"": 0.9574796340798413, ""cancel_index"": 0.8320495694422324, ""knockout"": ""unplaced"", ""s"": 0.01639495582762182}, {""step"": 3, ""max_share"": 0.647700626180627, ""cancel_index"": 0.5900531936728133, ""knockout"": ""unplaced"", ""s"": 0.016456566053409928}, {""step"": 4, ""max_share"": 0.8368357487169864, ""cancel_index"": 1.0, ""knockout"": ""unplaced"", ""s"": 0.02460331487228412}, {""step"": 5, ""max_share"": 0.6896719593233007, ""cancel_index"": 1.0, ""knockout"": ""unplaced"", ""s"": 0.04419788768133475}, {""step"": 6, ""max_share"": 0.6339520164857761, ""cancel_index"": 1.0, ""knockout"": ""unplaced"", ""s"": 0.06362547957762067}, {""step"": 8, ""max_share"": 0.587723828593818, ""cancel_index"": 1.0, ""knockout"": ""unplaced"", ""s"": 0.10194377315446904}, {""step"": 10, ""max_share"": 0.5682863471370069, ""cancel_index"": 1.0, ""knockout"": ""unplaced"", ""s"": 0.13954900401053594}, {""step"": 12, ""max_share"": 0.5579855264950424, ""cancel_index"": 1.0, ""knockout"": ""unplaced"", ""s"": 0.17646669331984288}, {""step"": 15, ""max_share"": 0.5495416113453774, ""cancel_index"": 1.0, ""knockout"": ""unplaced"", ""s"": 0.23049363426458389}, {""step"": 18, ""max_share"": 0.5451548084728319, ""cancel_index"": 1.0, ""knockout"": ""unplaced"", ""s"": 0.2824865322905199}, {""step"": 22, ""max_share"": 0.5435841456590491, ""cancel_index"": 1.0, ""knockout"": ""unplaced"", ""s"": 0.34690567674116046}, {""step"": 27, ""max_share"": 0.5499737436582555, ""cancel_index"": 1.0, ""knockout"": ""unplaced"", ""s"": 0.4139837533290005}, {""step"": 33, ""max_share"": 0.5761919947732358, ""cancel_index"": 1.0, ""knockout"": ""unplaced"", ""s"": 0.46362622497837536}, {""step"": 40, ""max_share"": 0.6386662199649843, ""cancel_index"": 1.0, ""knockout"": ""unplaced"", ""s"": 0.47541043548398054}, {""step"": 48, ""max_share"": 0.7530412826287529, ""cancel_index"": 1.0, ""knockout"": ""unplaced"", ""s"": 0.4511144927923358}, {""step"": 59, ""max_share"": 0.9767358260881834, ""cancel_index"": 1.0, ""knockout"": ""unplaced"", ""s"": 0.40514491426008453}, {""step"": 71, ""max_share"": 0.82180545760186, ""cancel_index"": 0.9497492838878818, ""knockout"": ""unplaced"", ""s"": 0.5710438251866283}, {""step"": 87, ""max_share"": 0.672362593012878, ""cancel_index"": 0.7668769391124486, ""knockout"": ""unplaced"", ""s"": 0.8463601691374605}, {""step"": 106, ""max_share"": 0.5813550623995092, ""cancel_index"": 0.5299961888277128, ""knockout"": ""pair"", ""s"": 1.2264982752117486}]"
600054,92,1.2384172107560645,1.2384172107560643,pair,0.52182889409089,0.45602225672262364,0.15789473684210525,0.43793338243987745,ok,"[{""step"": 1, ""max_share"": 0.5648176120976721, ""cancel_index"": 1.0, ""knockout"": ""unplaced"", ""s"": 0.04168517175832548}, {""step"": 2, ""max_share"": 0.6250039000945513, ""cancel_index"": 1.0, ""knockout"": ""unplaced"", ""s"": 0.02176686231694197}, {""step"": 3, ""max_share"": 0.67962210869602, ""cancel_index"": 0.006619897475130602, ""knockout"": ""unplaced"", ""s"": 0.005550310941571022}, {""step"": 4, ""max_share"": 0.6641342463905667, ""cancel_index"": 1.0, ""knockout"": ""unplaced"", ""s"": 0.017565274270500655}, {""step"": 5, ""max_share"": 0.583188395078303, ""cancel_index"": 1.0, ""knockout"": ""unplaced"", ""s"": 0.03684122485287755}, {""step"": 6, ""max_share"": 0.5599076703875963, ""cancel_index"": 1.0, ""knockout"": ""unplaced"", ""s"": 0.0557678455821846}, {""step"": 7, ""max_share"": 0.5502324602072799, ""cancel_index"": 1.0, ""knockout"": ""unplaced"", ""s"": 0.07428548815527534}, {""step"": 9, ""max_share"": 0.544859525139729, ""cancel_index"": 1.0, ""knockout"": ""unplaced"", ""s"": 0.10988349902512086}, {""step"": 11, ""max_share"": 0.5474606421613752, ""cancel_index"": 1.0, ""knockout"": ""unplaced"", ""s"": 0.14323209945769194}, {""step"": 13, ""max_share"": 0.5545162963880186, ""cancel_index"": 1.0, ""knockout"": ""unplaced"", ""s"": 0.17391323046713228}, {""step"": 16, ""max_share"": 0.5717103220992208, ""cancel_index"": 1.0, ""knockout"": ""unplaced"", ""s"": 0.2140190645856821}, {""step"": 20, ""max_share"": 0.6060903611669817, ""cancel_index"": 1.0, ""knockout"": ""unplaced"", ""s"": 0.25504200042586234}, {""step"": 24, ""max_share"": 0.6528850964830994, ""cancel_index"": 1.0, ""knockout"": ""unplaced"", ""s"": 0.2818733426808949}, {""step"": 29, ""max_share"": 0.7283190747882369, ""cancel_index"": 1.0, ""knockout"": ""unplaced"", ""s"": 0.29839073904191}, {""step"": 35, ""max_share"": 0.8445460123619691, ""cancel_index"": 1.0, ""knockout"": ""unplaced"", ""s"": 0.30010847802998497}, {""step"": 43, ""max_share"": 0.9603325853938777, ""cancel_index"": 0.9935589172217342, ""knockout"": ""unplaced"", ""s"": 0.31047581031707183}, {""step"": 52, ""max_share"": 0.8058940457674667, ""cancel_index"": 0.9665723827638483, ""knockout"": ""unplaced"", ""s"": 0.4292958806676847}, {""step"": 63, ""max_share"": 0.6776790998144359, ""cancel_index"": 0.8571494934320747, ""knockout"": ""unplaced"", ""s"": 0.5949304290968562}, {""step"": 76, ""max_share"": 0.5674528493993642, ""cancel_index"": 0.6306068526328334, ""knockout"": ""unplaced"", ""s"": 0.860867665036722}, {""step"": 92, ""max_share"": 0.52182889409089, ""cancel_index"": 0.45602225672262364, ""knockout"": ""pair"", ""s"": 1.2384172107560643}]"
600055,90,1.1582372661241802,1.1582372661241802,pair,0.5629520766856042,0.46755365492486456,0.0,0.43683776484820935,ok,"[{""step"": 1, ""max_share"": 0.5895893610636821, ""cancel_index"": 0.8416505101803038, ""knockout"": ""unplaced"", ""s"": 0.055995648622969164}, {""step"": 2, ""max_share"": 0.5659478791993379, ""cancel_index"": 0.8428449173083993, ""knockout"": ""unplaced"", ""s"": 0.07599878233825275}, {""step"": 3, ""max_share"": 0.5520820794340895, ""cancel_index"": 0.8510550510588408, ""knockout"": ""unplaced"", ""s"": 0.09600446735157664}, {""step"": 4, ""max_share"": 0.5429175984157198, ""cancel_index"": 0.8629461087368075, ""knockout"": ""unplaced"", ""s"": 0.11601025820778343}, {""step"": 5, ""max_share"": 0.5363676224028444, ""cancel_index"": 0.8770716116069112, ""knockout"": ""unplaced"", ""s"": 0.1360117821904009}, {""step"": 6, ""max_share"": 0.5314180176330057, ""cancel_index"": 0.8927043127571401, ""knockout"": ""unplaced"", ""s"": 0.15600260915209913}, {""step"": 7, ""max_share"": 0.527518166827864, ""cancel_index"": 0.9094364953838692, ""knockout"": ""unplaced"", ""s"": 0.1759740772079547}, {""step"": 9, ""max_share"": 0.5216973993604292, ""cancel_index"": 0.9452751822700802, ""knockout"": ""unplaced"", ""s"": 0.21581183233668333}, {""step"": 11, ""max_share"": 0.5175056327948382, ""cancel_index"": 0.9833237277336608, ""knockout"": ""unplaced"", ""s"": 0.2554022755990532}, {""step"": 13, ""max_share"": 0.5143471492130536, ""cancel_index"": 1.0, ""knockout"": ""unplaced"", ""s"": 0.29457002210356553}, {""step"": 16, ""max_share"": 0.5110457280652945, ""cancel_index"": 1.0, ""knockout"": ""unplaced"", ""s"": 0.35198543007197836}, {""step"": 20, ""max_share"": 0.5092614963517796, ""cancel_index"": 1.0, ""knockout"": ""unplaced"", ""s"": 0.42416523610093915}, {""step"": 24, ""max_share"": 0.5115193931784267, ""cancel_index"": 1.0, ""knockout"": ""unplaced"", ""s"": 0.487739541270105}, {""step"": 29, ""max_share"": 0.5228798642120535, ""cancel_index"": 1.0, ""knockout"": ""unplaced"", ""s"": 0.5485631667992488}, {""step"": 35, ""max_share"": 0.5517632005543721, ""cancel_index"": 1.0, ""knockout"": ""unplaced"", ""s"": 0.5898395902064719}, {""step"": 42, ""max_share"": 0.6015889432363338, ""cancel_index"": 0.9300579100174046, ""knockout"": ""unplaced"", ""s"": 0.607077291763674}, {""step"": 51, ""max_share"": 0.663731568091335, ""cancel_index"": 0.8670786355541603, ""knockout"": ""unplaced"", ""s"": 0.6243947221004045}, {""step"": 61, ""max_share"": 0.6792817917123115, ""cancel_index"": 0.8054465437151441, ""knockout"": ""unplaced"", ""s"": 0.6918650414945777}, {""step"": 74, ""max_share"": 0.620846149989525, ""cancel_index"": 0.6562456264234878, ""knockout"": ""unplaced"", ""s"": 0.8739625278450067}, {""step"": 90, ""max_share"": 0.5629520766856042, ""cancel_index"": 0.46755365492486456, ""knockout"": ""pair"", ""s"": 1.1582372661241802}]"
600056,147,1.496090781504106,1.496090781504106,pair,0.6272616775914294,0.4845360320078281,0.42857142857142855,0.45592746753404045,ok,"[{""step"": 1, ""max_share"": 0.5830335452547332, ""cancel_index"": 0.21691313218541888, ""knockout"": ""unplaced"", ""s"": 0.06284442478293578}, {""step"": 2, ""max_share"": 0.7418157129733027, ""cancel_index"": 0.15730448043411893, ""knockout"": ""unplaced"", ""s"": 0.06286561609921616}, {""step"": 3, ""max_share"": 0.8997951568081413, ""cancel_index"": 0.6331783795349765, ""knockout"": ""unplaced"", ""s"": 0.0629237457767057}, {""step"": 4, ""max_share"": 0.9493730316017419, ""cancel_index"": 1.0, ""knockout"": ""unplaced"", ""s"": 0.07013701353379083}, {""step"": 5, ""max_share"": 0.8518082954006696, ""cancel_index"": 1.0, ""knockout"": ""unplaced"", ""s"": 0.08984592680048131}, {""step"": 6, ""max_share"": 0.7901214848836167, ""cancel_index"": 1.0, ""knockout"": ""unplaced"", ""s"": 0.10941014965093351}, {""step"": 7, ""max_share"": 0.7478678470052562, ""cancel_index"": 1.0, ""knockout"": ""unplaced"", ""s"": 0.1288002818635083}, {""step"": 9, ""max_share"": 0.694440148135802, ""cancel_index"": 1.0, ""knockout"": ""unplaced"", ""s"": 0.16694360774669115}, {""step"": 12, ""max_share"": 0.6518975512804772, ""cancel_index"": 1.0, ""knockout"": ""unplaced"", ""s"": 0.22211607650461457}, {""step"": 14, ""max_share"": 0.6359163483462149, ""cancel_index"": 1.0, ""knockout"": ""unplaced"", ""s"": 0.25713057518296323}, {""step"": 18, ""max_share"": 0.6194385236278426, ""cancel_index"": 1.0, ""knockout"": ""unplaced"", ""s"": 0.32136118549875287}, {""step"": 22, ""max_share"": 0.6158054555588317, ""cancel_index"": 1.0, ""knockout"": ""unplaced"", ""s"": 0.3752072520574421}, {""step"": 27, ""max_share"": 0.6237908999023847, ""cancel_index"": 1.0, ""knockout"": ""unplaced"", ""s"": 0.42360089749339896}, {""step"": 34, ""max_share"": 0.6535638124187729, ""cancel_index"": 1.0, ""knockout"": ""unplaced"", ""s"": 0.45298293576489734}, {""step"": 42, ""max_share"": 0.7095213914692631, ""cancel_index"": 1.0, ""knockout"": ""unplaced"", ""s"": 0.4449240874663694}, {""step"": 51, ""max_share"": 0.7880589236223964, ""cancel_index"": 1.0, ""knockout"": ""unplaced"", ""s"": 0.4237145937024741}, {""step"": 63, ""max_share"": 0.8686841959729809, ""cancel_index"": 1.0, ""knockout"": ""unplaced"", ""s"": 0.4400428398705598}, {""step"": 78, ""max_share"": 0.9482516099668777, ""cancel_index"": 1.0, ""knockout"": ""unplaced"", ""s"": 0.49847361073907187}, {""step"": 96, ""max_share"": 0.9007179976032671, ""cancel_index"": 0.7971464240067051, ""knockout"": ""unplaced"", ""s"": 0.6445161343839451}, {""step"": 119, ""max_share"": 0.7652621959764347, ""cancel_index"": 0.5859410637436331, ""knockout"": ""unplaced"", ""s"": 0.9486152747306347}, {""step"": 146, ""max_share"": 0.6313672417619128, ""cancel_index"": 0.49135426258365544, ""knockout"": ""unplaced"", ""s"": 1.4744754926850883}, {""step"": 147, ""max_share"": 0.6272616775914294, ""cancel_index"": 0.4845360320078281, ""knockout"": ""pair"", ""s"": 1.496090781504106}]"
600057,85,1.7296988616520317,1.7296988616520315,pair,0.5552084063200624,0.5385404450089765,0.2,0.44058108984255634,ok,"[{""step"": 1, ""max_share"": 0.6337418754608082, ""cancel_index"": 1.0, ""knockout"": ""unplaced"", ""s"": 0.04922233526653182}, {""step"": 2, ""max_share"": 0.7822577813481577, ""cancel_index"": 1.0, ""knockout"": ""unplaced"", ""s"": 0.052559247809012916}, {""step"": 3, ""max_share"": 0.8125072986479698, ""cancel_index"": 1.0, ""knockout"": ""unplaced"", ""s"": 0.06264259587965694}, {""step"": 4, ""max_share"": 0.7896889033262737, ""cancel_index"": 1.0, ""knockout"": ""unplaced"", ""s"": 0.07664560113359273}, {""step"": 5, ""max_share"": 0.7567178005398835, ""cancel_index"": 1.0, ""knockout"": ""unplaced"", ""s"": 0.09251353249028677}, {""step"": 6, ""max_share"": 0.7253911187665653, ""cancel_index"": 1.0, ""knockout"": ""unplaced"", ""s"": 0.1093903920850891}, {""step"": 7, ""max_share"": 0.6980753531889653, ""cancel_index"": 1.0, ""knockout"": ""unplaced"", ""s"": 0.1268783366756598}, {""step"": 9, ""max_share"": 0.6547965394199122, ""cancel_index"": 1.0, ""knockout"": ""unplaced"", ""s"": 0.16290806218265097}, {""step"": 11, ""max_share"": 0.6228541380482755, ""cancel_index"": 1.0, ""knockout"": ""unplaced"", ""s"": 0.19961962053914747}, {""step"": 13, ""max_share"": 0.598521862819023, ""cancel_index"": 1.0, ""knockout"": ""unplaced"", ""s"": 0.23639403889751703}, {""step"": 16, ""max_share"": 0.5710690915909472, ""cancel_index"": 1.0, ""knockout"": ""unplaced"", ""s"": 0.29037844713781835}, {""step"": 19, ""max_share"": 0.550051882795728, ""cancel_index"": 1.0, ""knockout"": ""unplaced"", ""s"": 0.34112706479948884}, {""step"": 23, ""max_share"": 0.5275571236373539, ""cancel_index"": 1.0, ""knockout"": ""unplaced"", ""s"": 0.4010458592859568}, {""step"": 27, ""max_share"": 0.5091267886240463, ""cancel_index"": 1.0, ""knockout"": ""unplaced"", ""s"": 0.45094956209166875}, {""step"": 33, ""max_share"": 0.5162418962539782, ""cancel_index"": 1.0, ""knockout"": ""unplaced"", ""s"": 0.5122773461958803}, {""step"": 40, ""max_share"": 0.5523138264111735, ""cancel_index"": 1.0, ""knockout"": ""unplaced"", ""s"": 0.5855426271594533}, {""step"": 48, ""max_share"": 0.58900752557607, ""cancel_index"": 0.9609828155363914, ""knockout"": ""unplaced"", ""s"": 0.699691911768743}, {""step"": 58, ""max_share"": 0.5960717318906381, ""cancel_index"": 0.7730869426115308, ""knockout"": ""unplaced"", ""s"": 0.9134515343137015}, {""step"": 70, ""max_share"": 0.5798426495986051, ""cancel_index"": 0.6265648546105084, ""knockout"": ""unplaced"", ""s"": 1.2555638017090982}, {""step"": 84, ""max_share"": 0.556838505953798, ""cancel_index"": 0.5418140906235351, ""knockout"": ""unplaced"", ""s"": 1.6982720438397814}, {""step"": 85, ""max_share"": 0.5552084063200624, ""cancel_index"": 0.5385404450089765, ""knockout"": ""pair"", ""s"": 1.7296988616520315}]"
600058,2600,5.267405840278418,5.267405840278418,redundant,0.5146400046811251,1.0,0.043478260869565216,5.070490083344863,ok,"[{""step"": 1, ""max_share"": 0.8152780128067102, ""cancel_index"": 1.0, ""knockout"": ""unplaced"", ""s"": 0.03115096279517375}, {""step"": 2, ""max_share"": 0.6922469353253028, ""cancel_index"": 1.0, ""knockout"": ""unplaced"", ""s"": 0.05112953899448204}, {""step"": 3, ""max_share"": 0.6384956266279415, ""cancel_index"": 1.0, ""knockout"": ""unplaced"", ""s"": 0.0710836006079523}, {""step"": 5, ""max_share"": 0.5891975022336005, ""cancel_index"": 1.0, ""knockout"": ""unplaced"", ""s"": 0.11089369859861399}, {""step"": 7, ""max_share"": 0.5661511934778907, ""cancel_index"": 1.0, ""knockout"": ""unplaced"", ""s"": 0.1504991858063766}, {""step"": 9, ""max_share"": 0.552876868441435, ""cancel_index"": 1.0, ""knockout"": ""unplaced"", ""s"": 0.18976800400643978}, {""step"": 13, ""max_share"": 0.5383470180125486, ""cancel_index"": 1.0, ""knockout"": ""unplaced"", ""s"": 0.26648874446272663}, {""step"": 19, ""max_share"": 0.5280733737021057, ""cancel_index"": 1.0, ""knockout"": ""unplaced"", ""s"": 0.3722334193252233}, {""step"": 26, ""max_share"": 0.521766896426906, ""cancel_index"": 1.0, ""knockout"": ""unplaced"", ""s"": 0.4662917529176803}, {""step"": 36, ""max_share"": 0.5139764383851289, ""cancel_index"": 1.0, ""knockout"": ""unplaced"", ""s"": 0.5127451247336272}, {""step"": 50, ""max_share"": 0.503499094103009, ""cancel_index"": 1.0, ""knockout"": ""unplaced"", ""s"": 0.4585036113254064}, {""step"": 70, ""max_share"": 0.5339549180495778, ""cancel_index"": 1.0, ""knockout"": ""unplaced"", ""s"": 0.4960933529899255}, {""step"": 98, ""max_share"": 0.5776290190676109, ""cancel_index"": 1.0, ""knockout"": ""unplaced"", ""s"": 0.5703728478084585}, {""step"": 136, ""max_share"": 0.6065035544073967, ""cancel_index"": 1.0, ""knockout"": ""unplaced"", ""s"": 0.6262210994435374}, {""step"": 189, ""max_share"": 0.5992340634961156, ""cancel_index"": 1.0, ""knockout"": ""unplaced"", ""s"": 0.7296429680800607}, {""step"": 262, ""max_share"": 0.582026702795292, ""cancel_index"": 1.0, ""knockout"": ""unplaced"", ""s"": 0.8637330042521525}, {""step"": 364, ""max_share"": 0.5627999178361438, ""cancel_index"": 1.0, ""knockout"": ""unplaced"", ""s"": 1.0423257321195645}, {""step"": 505, ""max_share"": 0.5448335246201844, ""cancel_index"": 1.0, ""knockout"": ""unplaced"", ""s"": 1.2814259645214532}, {""step"": 701, ""max_share"": 0.5286747485918176, ""cancel_index"": 1.0, ""knockout"": ""unplaced"", ""s"": 1.6115996394078587}, {""step"": 972, ""max_share"": 0.5146105733061201, ""cancel_index"": 1.0, ""knockout"": ""unplaced"", ""s"": 2.0773628242504127}, {""step"": 1350, ""max_share"": 0.5026439033091205, ""cancel_index"": 1.0, ""knockout"": ""unplaced"", ""s"": 2.7568793117635417}, {""step"": 1873, ""max_share"": 0.507073513956281, ""cancel_index"": 1.0, ""knockout"": ""unplaced"", ""s"": 3.7604856116177556}, {""step"": 2599, ""max_share"": 0.5146323513305604, ""cancel_index"": 1.0, ""knockout"": ""unplaced"", ""s"": 5.265255244021508}, {""step"": 2600, ""max_share"": 0.5146400046811251, ""cancel_index"": 1.0, ""knockout"": ""redundant"", ""s"": 5.267405840278418}]"
600059,137,1.437062703497252,1.437062703497252,pair,0.5984799841469914,0.4944847785874658,0.19047619047619047,0.45027694562641934,ok,"[{""step"": 1, ""max_share"": 0.6595463058624189, ""cancel_index"": 1.0, ""knockout"": ""unplaced"", ""s"": 0.053302890007048034}, {""step"": 2, ""max_share"": 0.616001890359916, ""cancel_index"": 1.0, ""knockout"": ""unplaced"", ""s"": 0.073279108894017}, {""step"": 3, ""max_share"": 0.5910776614225349, ""cancel_index"": 1.0, ""knockout"": ""unplaced"", ""s"": 0.09321106336670062}, {""step"": 4, ""max_share"": 0.574875060336694, ""cancel_index"": 1.0, ""knockout"": ""unplaced"", ""s"": 0.11307458432691503}, {""step"": 5, ""max_share"": 0.5634270480553881, ""cancel_index"": 1.0, ""knockout"": ""unplaced"", ""s"": 0.13284143716492447}, {""step"": 6, ""max_share"": 0.5548273039800848, ""cancel_index"": 1.0, ""knockout"": ""unplaced"", ""s"": 0.15247891855924697}, {""step"": 7, ""max_share"": 0.5480396024462909, ""cancel_index"": 1.0, ""knockout"": ""unplaced"", ""s"": 0.171949452794331}, {""step"": 9, ""max_share"": 0.537650125645939, ""cancel_index"": 1.0, ""knockout"": ""unplaced"", ""s"": 0.21021284429481535}, {""step"": 11, ""max_share"": 0.5294359367732789, ""cancel_index"": 1.0, ""knockout"": ""unplaced"", ""s"": 0.24722161054101602}, {""step"": 14, ""max_share"": 0.5181942925325836, ""cancel_index"": 1.0, ""knockout"": ""unplaced"", ""s"": 0.29927021969186335}, {""step"": 17, ""max_share"": 0.5058099509814936, ""cancel_index"": 1.0, ""knockout"": ""unplaced"", ""s"": 0.34541498138268045}, {""step"": 21, ""max_share"": 0.5155090551900705, ""cancel_index"": 1.0, ""knockout"": ""unplaced"", ""s"": 0.3945756566811563}, {""step"": 26, ""max_share"": 0.5527682240668819, ""cancel_index"": 1.0, ""knockout"": ""unplaced"", ""s"": 0.4331733955246616}, {""step"": 32, ""max_share"": 0.6135820957207268, ""cancel_index"": 1.0, ""knockout"": ""unplaced"", ""s"": 0.4496313971804914}, {""step"": 40, ""max_share"": 0.7169358614116268, ""cancel_index"": 1.0, ""knockout"": ""unplaced"", ""s"": 0.44204484374433}, {""step"": 49, ""max_share"": 0.842792039360931, ""cancel_index"": 1.0, ""knockout"": ""unplaced"", ""s"": 0.4289477816257521}, {""step"": 60, ""max_share"": 0.9629349718764023, ""cancel_index"": 1.0, ""knockout"": ""unplaced"", ""s"": 0.43778686161410485}, {""step"": 74, ""max_share"": 0.9274081679257812, ""cancel_index"": 0.8604566100779353, ""knockout"": ""unplaced"", ""s"": 0.5371525249337189}, {""step"": 90, ""max_share"": 0.8255473913966618, ""cancel_index"": 0.6811307334174683, ""knockout"": ""unplaced"", ""s"": 0.698292601402326}, {""step"": 111, ""max_share"": 0.7210949605947005, ""cancel_index"": 0.5826907995256265, ""knockout"": ""unplaced"", ""s"": 0.9589790416889343}, {""step"": 136, ""max_share"": 0.6020586478842622, ""cancel_index"": 0.5013591913596636, ""knockout"": ""unplaced"", ""s"": 1.4176351056150616}, {""step"": 137, ""max_share"": 0.5984799841469914, ""cancel_index"": 0.4944847785874658, ""knockout"": ""pair"", ""s"": 1.437062703497252}]"
600060,98,1.311306348640492,1.3113063486404921,pair,0.5828505737712608,0.47598073181317796,0.15789473684210525,0.4352094126454582,ok,"[{""step"": 1, ""max_share"": 0.5807704755779394, ""cancel_index"": 1.0, ""knockout"": ""unplaced"", ""s"": 0.0717107805931108}, {""step"": 2, ""max_share"": 0.5631750031744145, ""cancel_index"": 1.0, ""knockout"": ""unplaced"", ""s"": 0.0916942808125311}, {""step"": 3, ""max_share"": 0.5518926518532281, ""cancel_index"": 1.0, ""knockout"": ""unplaced"", ""s"": 0.11164537915639611}, {""step"": 4, ""max_share"": 0.5440380364712255, ""cancel_index"": 1.0, ""knockout"": ""unplaced"", ""s"": 0.13154393856827332}, {""step"": 5, ""max_share"": 0.5382394018850769, ""cancel_index"": 1.0, ""knockout"": ""unplaced"", ""s"": 0.1513650261870757}, {""step"": 6, ""max_share"": 0.5337553624922893, ""cancel_index"": 1.0, ""knockout"": ""unplaced"", ""s"": 0.1710782411000794}, {""step"": 8, ""max_share"": 0.5271196543434213, ""cancel_index"": 1.0, ""knockout"": ""unplaced"", ""s"": 0.2100273173324973}, {""step"": 9, ""max_share"": 0.5244821469096828, ""cancel_index"": 1.0, ""knockout"": ""unplaced"", ""s"": 0.22916751872872748}, {""step"": 11, ""max_share"": 0.5197934928684035, ""cancel_index"": 1.0, ""knockout"": ""unplaced"", ""s"": 0.26647351106736084}, {""step"": 14, ""max_share"": 0.5125807392148173, ""cancel_index"": 1.0, ""knockout"": ""unplaced"", ""s"": 0.31876942644761286}, {""step"": 17, ""max_share"": 0.5028289978392647, ""cancel_index"": 1.0, ""knockout"": ""unplaced"", ""s"": 0.36416595634640114}, {""step"": 21, ""max_share"": 0.5182569629774342, ""cancel_index"": 1.0, ""knockout"": ""unplaced"", ""s"": 0.40874711090068}, {""step"": 25, ""max_share"": 0.5518678597231774, ""cancel_index"": 1.0, ""knockout"": ""unplaced"", ""s"": 0.4317149410250652}, {""step"": 31, ""max_share"": 0.627095075260064, ""cancel_index"": 1.0, ""knockout"": ""unplaced"", ""s"": 0.4321167470374493}, {""step"": 37, ""max_share"": 0.7317171976666608, ""cancel_index"": 1.0, ""knockout"": ""unplaced"", ""s"": 0.41021178015157617}, {""step"": 45, ""max_share"": 0.9133286006414577, ""cancel_index"": 1.0, ""knockout"": ""unplaced"", ""s"": 0.3762838733554143}, {""step"": 55, ""max_share"": 0.8696982688765861, ""cancel_index"": 0.9150939092178411, ""knockout"": ""unplaced"", ""s"": 0.47596462521453664}, {""step"": 66, ""max_share"": 0.7505491703436966, ""cancel_index"": 0.8113890912591395, ""knockout"": ""unplaced"", ""s"": 0.6708180731382919}, {""step"": 80, ""max_share"": 0.6501902054967835, ""cancel_index"": 0.6335961763115557, ""knockout"": ""unplaced"", ""s"": 0.9476194104743478}, {""step"": 98, ""max_share"": 0.5828505737712608, ""cancel_index"": 0.47598073181317796, ""knockout"": ""pair"", ""s"": 1.3113063486404921}]"
600061,133,1.7259902597993453,1.7259902597993453,pair,0.5482594174237088,0.5153190311449949,0.3,0.4399259004887754,ok,"[{""step"": 1, ""max_share"": 0.604195535353092, ""cancel_index"": 0.6927820056325361, ""knockout"": ""unplaced"", ""s"": 0.042754601634346356}, {""step"": 2, ""max_share"": 0.6295122251799976, ""cancel_index"": 0.335297345248391, ""knockout"": ""unplaced"", ""s"": 0.04277874710264806}, {""step"": 3, ""max_share"": 0.8624048976693933, ""cancel_index"": 0.31905626211929083, ""knockout"": ""unplaced"", ""s"": 0.042841034882105646}, {""step"": 4, ""max_share"": 0.9211922344562211, ""cancel_index"": 1.0, ""knockout"": ""unplaced"", ""s"": 0.050991667163256274}, {""step"": 5, ""max_share"": 0.804215534903388, ""cancel_index"": 1.0, ""knockout"": ""unplaced"", ""s"": 0.07088878616230809}, {""step"": 6, ""max_share"": 0.7390547562660693, ""cancel_index"": 1.0, ""knockout"": ""unplaced"", ""s"": 0.09073038312566481}, {""step"": 7, ""max_share"": 0.6977503072352967, ""cancel_index"": 1.0, ""knockout"": ""unplaced"", ""s"": 0.11050386150584654}, {""step"": 9, ""max_share"": 0.6488278484641393, ""cancel_index"": 1.0, ""knockout"": ""unplaced"", ""s"": 0.14979444042438134}, {""step"": 11, ""max_share"": 0.6212371296635564, ""cancel_index"": 1.0, ""knockout"": ""unplaced"", ""s"": 0.18863885303872585}, {""step"": 14, ""max_share"": 0.597137165467289, ""cancel_index"": 1.0, ""knockout"": ""unplaced"", ""s"": 0.24565882588443289}, {""step"": 17, ""max_share"": 0.5821733627342254, ""cancel_index"": 1.0, ""knockout"": ""unplaced"", ""s"": 0.30024709589380694}, {""step"": 21, ""max_share"": 0.5661943883814688, ""cancel_index"": 1.0, ""knockout"": ""unplaced"", ""s"": 0.36621101725434535}, {""step"": 26, ""max_share"": 0.5409970922171767, ""cancel_index"": 1.0, ""knockout"": ""unplaced"", ""s"": 0.42959038488550483}, {""step"": 31, ""max_share"": 0.5020273675737946, ""cancel_index"": 1.0, ""knockout"": ""unplaced"", ""s"": 0.4658184586086056}, {""step"": 39, ""max_share"": 0.5879051972429422, ""cancel_index"": 1.0, ""knockout"": ""unplaced"", ""s"": 0.4831588146628403}, {""step"": 48, ""max_share"": 0.7130006397433548, ""cancel_index"": 1.0, ""knockout"": ""unplaced"", ""s"": 0.48426799115338454}, {""step"": 58, ""max_share"": 0.844078625385071, ""cancel_index"": 1.0, ""knockout"": ""unplaced"", ""s"": 0.49735407969616263}, {""step"": 72, ""max_share"": 0.9081981462200805, ""cancel_index"": 1.0, ""knockout"": ""unplaced"", ""s"": 0.5683769664710419}, {""step"": 88, ""max_share"": 0.7841650480041479, ""cancel_index"": 0.9541957546092117, ""knockout"": ""unplaced"", ""s"": 0.750301276872049}, {""step"": 108, ""max_share"": 0.6239690639664601, ""cancel_index"": 0.7040481418098182, ""knockout"": ""unplaced"", ""s"": 1.1329838804071766}, {""step"": 133, ""max_share"": 0.5482594174237088, ""cancel_index"": 0.5153190311449949, ""knockout"": ""pair"", ""s"": 1.7259902597993453}]"
600062,80,1.0163477353742711,1.0163477353742711,pair,0.5858027494316153,0.484281898444498,0.3,0.4472109241768265,ok,"[{""step"": 1, ""max_share"": 0.6306940892005126, ""cancel_index"": 0.05580058915431605, ""knockout"": ""unplaced"", ""s"": 0.04180098258652703}, {""step"": 2, ""max_share"": 0.6077799117185689, ""cancel_index"": 0.5060703857554352, ""knockout"": ""unplaced"", ""s"": 0.04183054222422353}, {""step"": 3, ""max_share"": 0.8442643447292005, ""cancel_index"": 0.8330598757403089, ""knockout"": ""unplaced"", ""s"": 0.0419130847170786}, {""step"": 4, ""max_share"": 0.933333502656631, ""cancel_index"": 1.0, ""knockout"": ""unplaced"", ""s"": 0.04854820000979334}, {""step"": 5, ""max_share"": 0.811213334090079, ""cancel_index"": 1.0, ""knockout"": ""unplaced"", ""s"": 0.06803298523641044}, {""step"": 6, ""max_share"": 0.7449959431685622, ""cancel_index"": 1.0, ""knockout"": ""unplaced"", ""s"": 0.08725611266436745}, {""step"": 7, ""max_share"": 0.7041020570334384, ""cancel_index"": 1.0, ""knockout"": ""unplaced"", ""s"": 0.10615836780774685}, {""step"": 8, ""max_share"": 0.6769223070880706, ""cancel_index"": 1.0, ""knockout"": ""unplaced"", ""s"": 0.12467774310295726}, {""step"": 10, ""max_share"": 0.6448204695475386, ""cancel_index"": 1.0, ""knockout"": ""unplaced"", ""s"": 0.16030106379139897}, {""step"": 12, ""max_share"": 0.629190273938818, ""cancel_index"": 1.0, ""knockout"": ""unplaced"", ""s"": 0.19354534164103948}, {""step"": 15, ""max_share"": 0.6233011182936519, ""cancel_index"": 1.0, ""knockout"": ""unplaced"", ""s"": 0.23752078159631274}, {""step"": 18, ""max_share"": 0.6323552008535748, ""cancel_index"": 1.0, ""knockout"": ""unplaced"", ""s"": 0.27251639773576747}, {""step"": 22, ""max_share"": 0.6639485951738076, ""cancel_index"": 1.0, ""knockout"": ""unplaced"", ""s"": 0.30301585926544794}, {""step"": 26, ""max_share"": 0.7160111902327096, ""cancel_index"": 1.0, ""knockout"": ""unplaced"", ""s"": 0.31594160568394325}, {""step"": 32, ""max_share"": 0.8304876169430098, ""cancel_index"": 1.0, ""knockout"": ""unplaced"", ""s"": 0.31184933589012975}, {""step"": 38, ""max_share"": 0.9870787248198121, ""cancel_index"": 1.0, ""knockout"": ""unplaced"", ""s"": 0.294434458406938}, {""step"": 46, ""max_share"": 0.8344056076252547, ""cancel_index"": 0.9178845554878308, ""knockout"": ""unplaced"", ""s"": 0.4045710382113166}, {""step"": 55, ""max_share"": 0.7296607345514761, ""cancel_index"": 0.8204573713363092, ""knockout"": ""unplaced"", ""s"": 0.5465051027912586}, {""step"": 66, ""max_share"": 0.6506244206231367, ""cancel_index"": 0.6698750460609993, ""knockout"": ""unplaced"", ""s"": 0.7403443644888992}, {""step"": 79, ""max_share"": 0.5890973518014831, ""cancel_index"": 0.49489950051645426, ""knockout"": ""unplaced"", ""s"": 0.9963938484032722}, {""step"": 80, ""max_share"": 0.5858027494316153, ""cancel_index"": 0.484281898444498, ""knockout"": ""pair"", ""s"": 1.0163477353742711}]"
600063,147,1.9456315869556495,1.9456315869556497,pair,0.6592587923998955,0.48261044399896225,0.19047619047619047,0.4371403904541477,ok,"[{""step"": 1, ""max_share"": 0.8745877320480162, ""cancel_index"": 1.0, ""knockout"": ""unplaced"", ""s"": 0.039128659138777305}, {""step"": 2, ""max_share"": 0.7483294209422724, ""cancel_index"": 1.0, ""knockout"": ""unplaced"", ""s"": 0.05909768948061368}, {""step"": 3, ""max_share"": 0.686286858930765, ""cancel_index"": 1.0, ""knockout"": ""unplaced"", ""s"": 0.07901884740987868}, {""step"": 4, ""max_share"": 0.6496532979158014, ""cancel_index"": 1.0, ""knockout"": ""unplaced"", ""s"": 0.09887120197501997}, {""step"": 5, ""max_share"": 0.625692449639952, ""cancel_index"": 1.0, ""knockout"": ""unplaced"", ""s"": 0.11862572446183275}, {""step"": 6, ""max_share"": 0.608995063290671, ""cancel_index"": 1.0, ""knockout"": ""unplaced"", ""s"": 0.1382455368169907}, {""step"": 7, ""max_share"": 0.5968741581875655, ""cancel_index"": 1.0, ""knockout"": ""unplaced"", ""s"": 0.15768540544092402}, {""step"": 9, ""max_share"": 0.581017710359108, ""cancel_index"": 1.0, ""knockout"": ""unplaced"", ""s"": 0.19579531866165378}, {""step"": 12, ""max_share"": 0.5689628448875265, ""cancel_index"": 1.0, ""knockout"": ""unplaced"", ""s"": 0.2498626192285056}, {""step"": 14, ""max_share"": 0.5653283012334841, ""cancel_index"": 1.0, ""knockout"": ""unplaced"", ""s"": 0.2826285668621425}, {""step"": 18, ""max_share"": 0.5635369988998559, ""cancel_index"": 1.0, ""knockout"": ""unplaced"", ""s"": 0.33570458981089707}, {""step"": 22, ""max_share"": 0.564488318411659, ""cancel_index"": 1.0, ""knockout"": ""unplaced"", ""s"": 0.36679560211322304}, {""step"": 27, ""max_share"": 0.5650782458113467, ""cancel_index"": 1.0, ""knockout"": ""unplaced"", ""s"": 0.37497539399367974}, {""step"": 34, ""max_share"": 0.5646532129434907, ""cancel_index"": 1.0, ""knockout"": ""unplaced"", ""s"": 0.35653487510598125}, {""step"": 42, ""max_share"": 0.5745822071314464, ""cancel_index"": 1.0, ""knockout"": ""unplaced"", ""s"": 0.3476079615051284}, {""step"": 51, ""max_share"": 0.602181710142629, ""cancel_index"": 1.0, ""knockout"": ""unplaced"", ""s"": 0.3715274593103698}, {""step"": 63, ""max_share"": 0.6565064374794394, ""cancel_index"": 1.0, ""knockout"": ""unplaced"", ""s"": 0.4109372314129228}, {""step"": 78, ""max_share"": 0.7830918768837186, ""cancel_index"": 1.0, ""knockout"": ""unplaced"", ""s"": 0.49206896970388314}, {""step"": 96, ""max_share"": 0.9716612505400951, ""cancel_index"": 0.938624955887358, ""knockout"": ""unplaced"", ""s"": 0.6144875798451759}, {""step"": 119, ""max_share"": 0.7665521320801452, ""cancel_index"": 0.5280751659527428, ""knockout"": ""unplaced"", ""s"": 1.182710856224765}, {""step"": 146, ""max_share"": 0.6630006135138944, ""cancel_index"": 0.48272042923429165, ""knockout"": ""unplaced"", ""s"": 1.9156119574769153}, {""step"": 147, ""max_share"": 0.6592587923998955, ""cancel_index"": 0.48261044399896225, ""knockout"": ""pair"", ""s"": 1.9456315869556497}]"
600064,60,1.0404089693581304,1.0404089693581304,pair,0.5445545867681919,0.15110306133715937,0.7222222222222222,0.434949766926772,ok,"[{""step"": 1, ""max_share"": 0.9700977835690046, ""cancel_index"": 1.0, ""knockout"": ""unplaced"", ""s"": 0.04552105248799536}, {""step"": 2, ""max_share"": 0.8694565724748275, ""cancel_index"": 0.7966882045613963, ""knockout"": ""unplaced"", ""s"": 0.062290157736838984}, {""step"": 3, ""max_share"": 0.7971064808882407, ""cancel_index"": 0.6826960216455289, ""knockout"": ""unplaced"", ""s"": 0.08048384909880796}, {""step"": 4, ""max_share"": 0.7686781178553205, ""cancel_index"": 0.6374907412016375, ""knockout"": ""unplaced"", ""s"": 0.0964564080012154}, {""step"": 5, ""max_share"": 0.7664784486353668, ""cancel_index"": 0.6344822491020257, ""knockout"": ""unplaced"", ""s"": 0.10975363565440453}, {""step"": 6, ""max_share"": 0.7799358701414482, ""cancel_index"": 0.6568045917348053, ""knockout"": ""unplaced"", ""s"": 0.1206361735885813}, {""step"": 7, ""max_share"": 0.8019542125930319, ""cancel_index"": 0.6926438784174557, ""knockout"": ""unplaced"", ""s"": 0.12972256282992756}, {""step"": 9, ""max_share"": 0.8532616925534396, ""cancel_index"": 0.7744095408951178, ""knockout"": ""unplaced"", ""s"": 0.14511822319776255}, {""step"": 10, ""max_share"": 0.8752388613960174, ""cancel_index"": 0.8087662186603701, ""knockout"": ""unplaced"", ""s"": 0.15271004573342906}, {""step"": 12, ""max_share"": 0.8967697757847363, ""cancel_index"": 0.8416727431098834, ""knockout"": ""unplaced"", ""s"": 0.1707959205788226}, {""step"": 15, ""max_share"": 0.8708479120639047, ""cancel_index"": 0.7986240998727558, ""knockout"": ""unplaced"", ""s"": 0.20891859328305393}, {""step"": 18, ""max_share"": 0.8179505326910267, ""cancel_index"": 0.7093900773760613, ""knockout"": ""unplaced"", ""s"": 0.25678643951061697}, {""step"": 21, ""max_share"": 0.7672739931596131, ""cancel_index"": 0.6202423666452979, ""knockout"": ""unplaced"", ""s"": 0.30944570275642785}, {""step"": 25, ""max_share"": 0.7142553233824278, ""cancel_index"": 0.5222182101081493, ""knockout"": ""unplaced"", ""s"": 0.38195762548707074}, {""step"": 30, ""max_share"": 0.669655425801493, ""cancel_index"": 0.4340706622387134, ""knockout"": ""unplaced"", ""s"": 0.47065178949030984}, {""step"": 35, ""max_share"": 0.6395563880581197, ""cancel_index"": 0.3700473174130923, ""knockout"": ""unplaced"", ""s"": 0.5558262275632699}, {""step"": 42, ""max_share"": 0.6036191922232852, ""cancel_index"": 0.29031469978817737, ""knockout"": ""unplaced"", ""s"": 0.678843200220125}, {""step"": 50, ""max_share"": 0.5681582862948797, ""cancel_index"": 0.20959621903955022, ""knockout"": ""unplaced"", ""s"": 0.8345754791843432}, {""step"": 60, ""max_share"": 0.5445545867681919, ""cancel_index"": 0.15110306133715937, ""knockout"": ""pair"", ""s"": 1.0404089693581304}]"
600065,95,1.2120839585422607,1.2120839585422607,pair,0.5944126465741354,0.5161032496491149,0.2631578947368421,0.4379136445432698,ok,"[{""step"": 1, ""max_share"": 0.8739317251106636, ""cancel_index"": 0.07487036098120864, ""knockout"": ""unplaced"", ""s"": 0.02599807320441752}, {""step"": 2, ""max_share"": 0.8298910278058749, ""cancel_index"": 1.0, ""knockout"": ""unplaced"", ""s"": 0.039402419921627185}, {""step"": 3, ""max_share"": 0.7191809909743708, ""cancel_index"": 1.0, ""knockout"": ""unplaced"", ""s"": 0.05928864900928032}, {""step"": 4, ""max_share"": 0.6641928032447078, ""cancel_index"": 1.0, ""knockout"": ""unplaced"", ""s"": 0.07906753359936695}, {""step"": 5, ""max_share"": 0.6312110926583943, ""cancel_index"": 1.0, ""knockout"": ""unplaced"", ""s"": 0.0987020493601431}, {""step"": 6, ""max_share"": 0.6090794719233513, ""cancel_index"": 1.0, ""knockout"": ""unplaced"", ""s"": 0.11814872179328306}, {""step"": 8, ""max_share"": 0.5806299412619991, ""cancel_index"": 1.0, ""knockout"": ""unplaced"", ""s"": 0.15626189203495033}, {""step"": 9, ""max_share"": 0.5705500459841779, ""cancel_index"": 1.0, ""knockout"": ""unplaced"", ""s"": 0.17479592436961688}, {""step"": 11, ""max_share"": 0.5542389003820872, ""cancel_index"": 1.0, ""knockout"": ""unplaced"", ""s"": 0.21041214991535806}, {""step"": 14, ""max_share"": 0.5330442261221846, ""cancel_index"": 1.0, ""knockout"": ""unplaced"", ""s"": 0.2587488713703615}, {""step"": 17, ""max_share"": 0.510236568267206, ""cancel_index"": 1.0, ""knockout"": ""unplaced"", ""s"": 0.29869985579068214}, {""step"": 20, ""max_share"": 0.5170590664507495, ""cancel_index"": 1.0, ""knockout"": ""unplaced"", ""s"": 0.3288080856853497}, {""step"": 25, ""max_share"": 0.5739309496609694, ""cancel_index"": 1.0, ""knockout"": ""unplaced"", ""s"": 0.35867479936138635}, {""step"": 30, ""max_share"": 0.6436256429230713, ""cancel_index"": 1.0, ""knockout"": ""unplaced"", ""s"": 0.37034133481937187}, {""step"": 36, ""max_share"": 0.7417541322184327, ""cancel_index"": 1.0, ""knockout"": ""unplaced"", ""s"": 0.3720487740849883}, {""step"": 44, ""max_share"": 0.8931193060518088, ""cancel_index"": 1.0, ""knockout"": ""unplaced"", ""s"": 0.3684220009445493}, {""step"": 53, ""max_share"": 0.9278083086482385, ""cancel_index"": 0.9391251617172149, ""knockout"": ""unplaced"", ""s"": 0.4273539842038736}, {""step"": 64, ""max_share"": 0.7924454080683323, ""cancel_index"": 0.8192280952266419, ""knockout"": ""unplaced"", ""s"": 0.6143600097140652}, {""step"": 78, ""max_share"": 0.6809756658528479, ""cancel_index"": 0.6986962666375663, ""knockout"": ""unplaced"", ""s"": 0.8792297327977181}, {""step"": 95, ""max_share"": 0.5944126465741354, ""cancel_index"": 0.5161032496491149, ""knockout"": ""pair"", ""s"": 1.2120839585422607}]"
600066,91,1.357269729699926,1.3572697296999259,pair,0.5446922108275254,0.48344918230706146,0.10526315789473684,0.43909692117749805,ok,"[{""step"": 1, ""max_share"": 0.5959380395855378, ""cancel_index"": 1.0, ""knockout"": ""unplaced"", ""s"": 0.034795387294615954}, {""step"": 2, ""max_share"": 0.5608473152447712, ""cancel_index"": 1.0, ""knockout"": ""unplaced"", ""s"": 0.05479547394915021}, {""step"": 3, ""max_share"": 0.544307399603883, ""cancel_index"": 1.0, ""knockout"": ""unplaced"", ""s"": 0.07480962985421696}, {""step"": 4, ""max_share"": 0.534487847459069, ""cancel_index"": 1.0, ""knockout"": ""unplaced"", ""s"": 0.0948437000357647}, {""step"": 5, ""max_share"": 0.5278147593847604, ""cancel_index"": 1.0, ""knockout"": ""unplaced"", ""s"": 0.11489811552514052}, {""step"": 6, ""max_share"": 0.5228453502847742, ""cancel_index"": 1.0, ""knockout"": ""unplaced"", ""s"": 0.1349675788202775}, {""step"": 7, ""max_share"": 0.5188922939702828, ""cancel_index"": 1.0, ""knockout"": ""unplaced"", ""s"": 0.1550403266197219}, {""step"": 9, ""max_share"": 0.5127457446946095, ""cancel_index"": 1.0, ""knockout"": ""unplaced"", ""s"": 0.1951098011465878}, {""step"": 11, ""max_share"": 0.5080095605212666, ""cancel_index"": 1.0, ""knockout"": ""unplaced"", ""s"": 0.2348337892643561}, {""step"": 13, ""max_share"": 0.5043612640200883, ""cancel_index"": 1.0, ""knockout"": ""unplaced"", ""s"": 0.2737179699852092}, {""step"": 16, ""max_share"": 0.5016443825203959, ""cancel_index"": 1.0, ""knockout"": ""unplaced"", ""s"": 0.32847634227093947}, {""step"": 20, ""max_share"": 0.5088568963778871, ""cancel_index"": 1.0, ""knockout"": ""unplaced"", ""s"": 0.3860514162556833}, {""step"": 24, ""max_share"": 0.5375033370476392, ""cancel_index"": 1.0, ""knockout"": ""unplaced"", ""s"": 0.4130448905319173}, {""step"": 29, ""max_share"": 0.602477524929625, ""cancel_index"": 1.0, ""knockout"": ""unplaced"", ""s"": 0.4076973095384172}, {""step"": 35, ""max_share"": 0.7168702072824527, ""cancel_index"": 1.0, ""knockout"": ""unplaced"", ""s"": 0.3739591096436935}, {""step"": 42, ""max_share"": 0.9001936737282722, ""cancel_index"": 1.0, ""knockout"": ""unplaced"", ""s"": 0.3315949480313548}, {""step"": 51, ""max_share"": 0.8632522748817699, ""cancel_index"": 0.9735102600343777, ""knockout"": ""unplaced"", ""s"": 0.4084178925343718}, {""step"": 62, ""max_share"": 0.720335053150356, ""cancel_index"": 0.8950512463016694, ""knockout"": ""unplaced"", ""s"": 0.5951151280682752}, {""step"": 75, ""max_share"": 0.6014039498148881, ""cancel_index"": 0.6845339605057046, ""knockout"": ""unplaced"", ""s"": 0.8943447989058357}, {""step"": 91, ""max_share"": 0.5446922108275254, ""cancel_index"": 0.48344918230706146, ""knockout"": ""pair"", ""s"": 1.3572697296999259}]"
600067,66,1.1208880843004096,1.1208880843004096,pair,0.5159151963246477,0.49634457014550537,0.16666666666666666,0.4466787693178348,ok,"[{""step"": 1, ""max_share"": 0.6751535447495827, ""cancel_index"": 1.0, ""knockout"": ""unplaced"", ""s"": 0.07143090136559006}, {""step"": 2, ""max_share"": 0.6368245317624986, ""cancel_index"": 1.0, ""knockout"": ""unplaced"", ""s"": 0.09142327887744639}, {""step"": 3, ""max_share"": 0.6123773587176011, ""cancel_index"": 1.0, ""knockout"": ""unplaced"", ""s"": 0.11137426198118364}, {""step"": 4, ""max_share"": 0.5957404222521595, ""cancel_index"": 1.0, ""knockout"": ""unplaced"", ""s"": 0.13121248074124298}, {""step"": 5, ""max_share"": 0.5842716768647181, ""cancel_index"": 1.0, ""knockout"": ""unplaced"", ""s"": 0.15080433261528087}, {""step"": 6, ""max_share"": 0.5768752387965286, ""cancel_index"": 1.0, ""knockout"": ""unplaced"", ""s"": 0.1699197142393106}, {""step"": 8, ""max_share"": 0.5733351891333265, ""cancel_index"": 1.0, ""knockout"": ""unplaced"", ""s"": 0.20533619552914673}, {""step"": 9, ""max_share"": 0.5771213850646348, ""cancel_index"": 1.0, ""knockout"": ""unplaced"", ""s"": 0.2209331517365727}, {""step"": 11, ""max_share"": 0.5948750851409402, ""cancel_index"": 1.0, ""knockout"": ""unplaced"", ""s"": 0.24692059131762611}, {""step"": 13, ""max_share"": 0.6235549121363965, ""cancel_index"": 1.0, ""knockout"": ""unplaced"", ""s"": 0.2662197314861683}, {""step"": 16, ""max_share"": 0.6802551079782657, ""cancel_index"": 1.0, ""knockout"": ""unplaced"", ""s"": 0.28535953827734184}, {""step"": 19, ""max_share"": 0.7479065002564808, ""cancel_index"": 1.0, ""knockout"": ""unplaced"", ""s"": 0.2961684576584488}, {""step"": 23, ""max_share"": 0.8522570385968936, ""cancel_index"": 1.0, ""knockout"": ""unplaced"", ""s"": 0.30135109672235605}, {""step"": 27, ""max_share"": 0.9755760546327713, ""cancel_index"": 1.0, ""knockout"": ""unplaced"", ""s"": 0.2980108271692844}, {""step"": 32, ""max_share"": 0.8749248916233134, ""cancel_index"": 0.9621190231625445, ""knockout"": ""unplaced"", ""s"": 0.37839038906007216}, {""step"": 39, ""max_share"": 0.7375901216101918, ""cancel_index"": 0.899026722716382, ""knockout"": ""unplaced"", ""s"": 0.5202405319023322}, {""step"": 46, ""max_share"": 0.6450282808619191, ""cancel_index"": 0.7967622558530942, ""knockout"": ""unplaced"", ""s"": 0.6711825157370295}, {""step"": 55, ""max_share"": 0.5665240337077041, ""cancel_index"": 0.6415781309644817, ""knockout"": ""unplaced"", ""s"": 0.8743046293787298}, {""step"": 66, ""max_share"": 0.5159151963246477, ""cancel_index"": 0.49634457014550537, ""knockout"": ""pair"", ""s"": 1.1208880843004096}]"
600068,2,0.0214923347528785,0.021492334752878553,pair,0.7058271791841878,0.015139407242006915,0.0,,not placed at 4x s_cross,"[{""step"": 1, ""max_share"": 0.5868375046974613, ""cancel_index"": 1.0, ""knockout"": ""unplaced"", ""s"": 0.00886058652126517}, {""step"": 2, ""max_share"": 0.7058271791841878, ""cancel_index"": 0.015139407242006915, ""knockout"": ""pair"", ""s"": 0.021492334752878553}]"
600069,158,1.8685924286443751,1.8685924286443751,pair,0.6040469608193887,0.5385212027320447,0.2,0.44075002190223384,ok,"[{""step"": 1, ""max_share"": 0.6353930173100785, ""cancel_index"": 1.0, ""knockout"": ""unplaced"", ""s"": 0.0609776252330337}, {""step"": 2, ""max_share"": 0.6020561342999976, ""cancel_index"": 1.0, ""knockout"": ""unplaced"", ""s"": 0.08095511002582492}, {""step"": 3, ""max_share"": 0.5820557230645825, ""cancel_index"": 1.0, ""knockout"": ""unplaced"", ""s"": 0.10089061028376953}, {""step"": 4, ""max_share"": 0.5688231462617495, ""cancel_index"": 1.0, ""knockout"": ""unplaced"", ""s"": 0.12076100475258783}, {""step"": 5, ""max_share"": 0.5595222588141299, ""cancel_index"": 1.0, ""knockout"": ""unplaced"", ""s"": 0.140539135565525}, {""step"": 6, ""max_share"": 0.5527315709975099, ""cancel_index"": 1.0, ""knockout"": ""unplaced"", ""s"": 0.16019334971481022}, {""step"": 8, ""max_share"": 0.5438495430294227, ""cancel_index"": 1.0, ""knockout"": ""unplaced"", ""s"": 0.19897782454506924}, {""step"": 10, ""max_share"": 0.5389176569560273, ""cancel_index"": 1.0, ""knockout"": ""unplaced"", ""s"": 0.23675119043041493}, {""step"": 12, ""max_share"": 0.5366217547285427, ""cancel_index"": 1.0, ""knockout"": ""unplaced"", ""s"": 0.27304523339901265}, {""step"": 15, ""max_share"": 0.5369935411912348, ""cancel_index"": 1.0, ""knockout"": ""unplaced"", ""s"": 0.3234132649538157}, {""step"": 19, ""max_share"": 0.543935502008668, ""cancel_index"": 0.833469683250245, ""knockout"": ""unplaced"", ""s"": 0.3792973063662574}, {""step"": 23, ""max_share"": 0.5584955059812268, ""cancel_index"": 0.45692466886204736, ""knockout"": ""unplaced"", ""s"": 0.417867966645582}, {""step"": 29, ""max_share"": 0.5959396334027027, ""cancel_index"": 0.13765113761832143, ""knockout"": ""unplaced"", ""s"": 0.4436405286074807}, {""step"": 36, ""max_share"": 0.6636540424599199, ""cancel_index"": 0.7302760501818164, ""knockout"": ""unplaced"", ""s"": 0.45420166925335403}, {""step"": 44, ""max_share"": 0.7481255351040573, ""cancel_index"": 1.0, ""knockout"": ""unplaced"", ""s"": 0.48993394602301804}, {""step"": 55, ""max_share"": 0.8161771165297785, ""cancel_index"": 1.0, ""knockout"": ""unplaced"", ""s"": 0.5797349848961778}, {""step"": 67, ""max_share"": 0.8697654363900513, ""cancel_index"": 1.0, ""knockout"": ""unplaced"", ""s"": 0.6096520833768933}, {""step"": 83, ""max_share"": 0.9799732826984201, ""cancel_index"": 1.0, ""knockout"": ""unplaced"", ""s"": 0.529468570461255}, {""step"": 103, ""max_share"": 0.8808776465730691, ""cancel_index"": 0.9085439229464096, ""knockout"": ""unplaced"", ""s"": 0.7146961447918038}, {""step"": 127, ""max_share"": 0.7306933236544931, ""cancel_index"": 0.7798958511605996, ""knockout"": ""unplaced"", ""s"": 1.1764025870218258}, {""step"": 158, ""max_share"": 0.6040469608193887, ""cancel_index"": 0.5385212027320447, ""knockout"": ""pair"", ""s"": 1.8685924286443751}]"
600070,288,2.440338928499594,2.440338928499594,pair,0.5139715394050187,0.4653974832241519,0.14285714285714285,0.4724091055394442,ok,"[{""step"": 1, ""max_share"": 0.9561252972164274, ""cancel_index"": 0.9838771104938316, ""knockout"": ""unplaced"", ""s"": 0.040496567782092645}, {""step"": 2, ""max_share"": 0.8558829832552227, ""cancel_index"": 1.0, ""knockout"": ""unplaced"", ""s"": 0.05690827132550007}, {""step"": 3, ""max_share"": 0.7638026157083767, ""cancel_index"": 1.0, ""knockout"": ""unplaced"", ""s"": 0.07681394126678281}, {""step"": 4, ""max_share"": 0.7098641092209163, ""cancel_index"": 1.0, ""knockout"": ""unplaced"", ""s"": 0.09663781617831566}, {""step"": 5, ""max_share"": 0.6744776601743108, ""cancel_index"": 1.0, ""knockout"": ""unplaced"", ""s"": 0.11635722503423851}, {""step"": 6, ""max_share"": 0.6495016223405853, ""cancel_index"": 1.0, ""knockout"": ""unplaced"", ""s"": 0.13594563083893352}, {""step"": 8, ""max_share"": 0.6166346913774434, ""cancel_index"": 1.0, ""knockout"": ""unplaced"", ""s"": 0.17459786382467357}, {""step"": 10, ""max_share"": 0.5960307356568392, ""cancel_index"": 1.0, ""knockout"": ""unplaced"", ""s"": 0.21227339435211495}, {""step"": 13, ""max_share"": 0.5765046330945875, ""cancel_index"": 1.0, ""knockout"": ""unplaced"", ""s"": 0.2660019121808718}, {""step"": 16, ""max_share"": 0.5642373744274143, ""cancel_index"": 1.0, ""knockout"": ""unplaced"", ""s"": 0.31468834630131803}, {""step"": 21, ""max_share"": 0.5523062287537012, ""cancel_index"": 1.0, ""knockout"": ""unplaced"", ""s"": 0.3784715294615125}, {""step"": 27, ""max_share"": 0.5462179986849456, ""cancel_index"": 1.0, ""knockout"": ""unplaced"", ""s"": 0.41716805630844433}, {""step"": 34, ""max_share"": 0.5453410816544781, ""cancel_index"": 1.0, ""knockout"": ""unplaced"", ""s"": 0.41712871236359983}, {""step"": 43, ""max_share"": 0.5462412626041464, ""cancel_index"": 1.0, ""knockout"": ""unplaced"", ""s"": 0.3941960623076782}, {""step"": 55, ""max_share"": 0.540674159670037, ""cancel_index"": 1.0, ""knockout"": ""unplaced"", ""s"": 0.3983235090871659}, {""step"": 69, ""max_share"": 0.5293046577770696, ""cancel_index"": 1.0, ""knockout"": ""unplaced"", ""s"": 0.4422108000206935}, {""step"": 88, ""max_share"": 0.5162153706783645, ""cancel_index"": 1.0, ""knockout"": ""unplaced"", ""s"": 0.49057277287266055}, {""step"": 112, ""max_share"": 0.5022516400241882, ""cancel_index"": 1.0, ""knockout"": ""unplaced"", ""s"": 0.5639830702434261}, {""step"": 141, ""max_share"": 0.50921096374773, ""cancel_index"": 1.0, ""knockout"": ""unplaced"", ""s"": 0.6579793269836294}, {""step"": 179, ""max_share"": 0.5060927409736443, ""cancel_index"": 0.8690061030144384, ""knockout"": ""unplaced"", ""s"": 0.7675696886608911}, {""step"": 227, ""max_share"": 0.5327894259651205, ""cancel_index"": 0.6439949248391382, ""knockout"": ""unplaced"", ""s"": 1.2325285602493619}, {""step"": 288, ""max_share"": 0.5139715394050187, ""cancel_index"": 0.4653974832241519, ""knockout"": ""pair"", ""s"": 2.440338928499594}]"
600071,45,0.7915696844392857,0.7915696844392857,pair,0.5097763298801152,0.359542930317646,0.29411764705882354,0.4360397154979255,ok,"[{""step"": 1, ""max_share"": 0.9680618989369881, ""cancel_index"": 0.9499822698026107, ""knockout"": ""unplaced"", ""s"": 0.025970688595385483}, {""step"": 2, ""max_share"": 0.5994721494602392, ""cancel_index"": 0.3172637309187738, ""knockout"": ""unplaced"", ""s"": 0.02622823418695}, {""step"": 3, ""max_share"": 0.7079431760175822, ""cancel_index"": 0.29994444128884457, ""knockout"": ""unplaced"", ""s"": 0.027407999830272752}, {""step"": 4, ""max_share"": 0.8844692763430501, ""cancel_index"": 0.7044718016020377, ""knockout"": ""unplaced"", ""s"": 0.0305276549894913}, {""step"": 5, ""max_share"": 0.9216309400221918, ""cancel_index"": 0.793864817123774, ""knockout"": ""unplaced"", ""s"": 0.035727646751036186}, {""step"": 6, ""max_share"": 0.8804875647113172, ""cancel_index"": 0.685149837111994, ""knockout"": ""unplaced"", ""s"": 0.042211298991682036}, {""step"": 7, ""max_share"": 0.8109721059347625, ""cancel_index"": 0.5071686274676732, ""knockout"": ""unplaced"", ""s"": 0.04932127600544298}, {""step"": 9, ""max_share"": 0.666970358882683, ""cancel_index"": 0.15638348257327286, ""knockout"": ""unplaced"", ""s"": 0.06475763751751316}, {""step"": 10, ""max_share"": 0.6069949854029553, ""cancel_index"": 0.016780035852058, ""knockout"": ""unplaced"", ""s"": 0.0733187040196154}, {""step"": 12, ""max_share"": 0.5226980811880444, ""cancel_index"": 0.17671464805766124, ""knockout"": ""unplaced"", ""s"": 0.09328177485852632}, {""step"": 14, ""max_share"": 0.5174651302137399, ""cancel_index"": 0.2764911243747477, ""knockout"": ""unplaced"", ""s"": 0.11803079111089435}, {""step"": 17, ""max_share"": 0.530053932593712, ""cancel_index"": 0.33508187924190835, ""knockout"": ""unplaced"", ""s"": 0.16346933862890195}, {""step"": 20, ""max_share"": 0.5233816454284344, ""cancel_index"": 0.35971475473074366, ""knockout"": ""unplaced"", ""s"": 0.2163008005697444}, {""step"": 23, ""max_share"": 0.5146265269804142, ""cancel_index"": 0.3810156552785975, ""knockout"": ""unplaced"", ""s"": 0.27463279515994754}, {""step"": 27, ""max_share"": 0.506102265510108, ""cancel_index"": 0.4097554801222356, ""knockout"": ""unplaced"", ""s"": 0.3590732168921112}, {""step"": 32, ""max_share"": 0.5001984453577921, ""cancel_index"": 0.42443448304801884, ""knockout"": ""unplaced"", ""s"": 0.4725212565730631}, {""step"": 38, ""max_share"": 0.5051961600413266, ""cancel_index"": 0.4031576029182737, ""knockout"": ""unplaced"", ""s"": 0.6165454815320042}, {""step"": 45, ""max_share"": 0.5097763298801152, ""cancel_index"": 0.359542930317646, ""knockout"": ""pair"", ""s"": 0.7915696844392857}]"
600072,72,1.14961853591368,1.1496185359136801,pair,0.5414667435317712,0.46031551081989025,0.2222222222222222,0.44129479597688787,ok,"[{""step"": 1, ""max_share"": 0.5423461175471108, ""cancel_index"": 1.0, ""knockout"": ""unplaced"", ""s"": 0.06147340441683648}, {""step"": 2, ""max_share"": 0.5322995475634054, ""cancel_index"": 1.0, ""knockout"": ""unplaced"", ""s"": 0.08105936772397354}, {""step"": 3, ""max_share"": 0.526893874035328, ""cancel_index"": 1.0, ""knockout"": ""unplaced"", ""s"": 0.09962718275178772}, {""step"": 4, ""max_share"": 0.5245184470230394, ""cancel_index"": 1.0, ""knockout"": ""unplaced"", ""s"": 0.11617019607394}, {""step"": 5, ""max_share"": 0.5247897880588926, ""cancel_index"": 1.0, ""knockout"": ""unplaced"", ""s"": 0.12934852698807858}, {""step"": 7, ""max_share"": 0.5320964262009157, ""cancel_index"": 1.0, ""knockout"": ""unplaced"", ""s"": 0.14192551261585917}, {""step"": 8, ""max_share"": 0.5382160461632369, ""cancel_index"": 1.0, ""knockout"": ""unplaced"", ""s"": 0.14158847286366089}, {""step"": 10, ""max_share"": 0.5547960373935904, ""cancel_index"": 1.0, ""knockout"": ""unplaced"", ""s"": 0.13174210942437858}, {""step"": 12, ""max_share"": 0.5797917862274283, ""cancel_index"": 1.0, ""knockout"": ""unplaced"", ""s"": 0.1150797620472268}, {""step"": 14, ""max_share"": 0.6192318128733563, ""cancel_index"": 1.0, ""knockout"": ""unplaced"", ""s"": 0.09723334383574304}, {""step"": 17, ""max_share"": 0.7123733515914957, ""cancel_index"": 1.0, ""knockout"": ""unplaced"", ""s"": 0.07926294586438339}, {""step"": 20, ""max_share"": 0.803581531095406, ""cancel_index"": 1.0, ""knockout"": ""unplaced"", ""s"": 0.07906305816676924}, {""step"": 24, ""max_share"": 0.8685600322220765, ""cancel_index"": 1.0, ""knockout"": ""unplaced"", ""s"": 0.09702822618142294}, {""step"": 29, ""max_share"": 0.9832504555135642, ""cancel_index"": 1.0, ""knockout"": ""unplaced"", ""s"": 0.11563313751673901}, {""step"": 35, ""max_share"": 0.8278668348846643, ""cancel_index"": 0.7220968738487286, ""knockout"": ""unplaced"", ""s"": 0.18168913889631244}, {""step"": 42, ""max_share"": 0.7166668377679928, ""cancel_index"": 0.5943938517331896, ""knockout"": ""unplaced"", ""s"": 0.30316662799142985}, {""step"": 50, ""max_share"": 0.6420917980436279, ""cancel_index"": 0.5803707803081299, ""knockout"": ""unplaced"", ""s"": 0.5000516879805507}, {""step"": 60, ""max_share"": 0.585321728678869, ""cancel_index"": 0.5867882503277893, ""knockout"": ""unplaced"", ""s"": 0.7934038242412706}, {""step"": 72, ""max_share"": 0.5414667435317712, ""cancel_index"": 0.46031551081989025, ""knockout"": ""pair"", ""s"": 1.1496185359136801}]"
600073,2210,6.181853103185806,6.181853103185806,redundant,0.5257350642429102,1.0,0.0,5.081690698175503,ok,"[{""step"": 1, ""max_share"": 0.7357049160997666, ""cancel_index"": 1.0, ""knockout"": ""unplaced"", ""s"": 0.06828830979765738}, {""step"": 2, ""max_share"": 0.6823255940369314, ""cancel_index"": 1.0, ""knockout"": ""unplaced"", ""s"": 0.08828937684861984}, {""step"": 3, ""max_share"": 0.648695526167498, ""cancel_index"": 1.0, ""knockout"": ""unplaced"", ""s"": 0.10828744384210998}, {""step"": 4, ""max_share"": 0.6255904532078334, ""cancel_index"": 1.0, ""knockout"": ""unplaced"", ""s"": 0.12827522797090088}, {""step"": 6, ""max_share"": 0.5959714288033795, ""cancel_index"": 1.0, ""knockout"": ""unplaced"", ""s"": 0.16817404944716205}, {""step"": 9, ""max_share"": 0.5712823596340945, ""cancel_index"": 1.0, ""knockout"": ""unplaced"", ""s"": 0.2275600103423818}, {""step"": 13, ""max_share"": 0.5538625456732794, ""cancel_index"": 1.0, ""knockout"": ""unplaced"", ""s"": 0.3046089834238338}, {""step"": 17, ""max_share"": 0.5443744251691202, ""cancel_index"": 1.0, ""knockout"": ""unplaced"", ""s"": 0.37613173817854834}, {""step"": 24, ""max_share"": 0.5369308674274921, ""cancel_index"": 1.0, ""knockout"": ""unplaced"", ""s"": 0.4707476547142737}, {""step"": 34, ""max_share"": 0.537272886639615, ""cancel_index"": 1.0, ""knockout"": ""unplaced"", ""s"": 0.49412838581050356}, {""step"": 47, ""max_share"": 0.5472451984887107, ""cancel_index"": 1.0, ""knockout"": ""unplaced"", ""s"": 0.4341851012268074}, {""step"": 64, ""max_share"": 0.5550310552391422, ""cancel_index"": 1.0, ""knockout"": ""unplaced"", ""s"": 0.4893513093354622}, {""step"": 89, ""max_share"": 0.5698781254743253, ""cancel_index"": 1.0, ""knockout"": ""unplaced"", ""s"": 0.6041409117379324}, {""step"": 123, ""max_share"": 0.6148786259712469, ""cancel_index"": 1.0, ""knockout"": ""unplaced"", ""s"": 0.727518722447965}, {""step"": 169, ""max_share"": 0.6296356673903862, ""cancel_index"": 1.0, ""knockout"": ""unplaced"", ""s"": 0.9141521504545904}, {""step"": 233, ""max_share"": 0.6147452401559037, ""cancel_index"": 1.0, ""knockout"": ""unplaced"", ""s"": 1.1469366731080335}, {""step"": 322, ""max_share"": 0.5951511223869498, ""cancel_index"": 1.0, ""knockout"": ""unplaced"", ""s"": 1.4228966345389034}, {""step"": 444, ""max_share"": 0.5778968318351244, ""cancel_index"": 1.0, ""knockout"": ""unplaced"", ""s"": 1.7642654322441245}, {""step"": 612, ""max_share"": 0.5633252364284617, ""cancel_index"": 1.0, ""knockout"": ""unplaced"", ""s"": 2.205818562347546}, {""step"": 844, ""max_share"": 0.5510352760959051, ""cancel_index"": 1.0, ""knockout"": ""unplaced"", ""s"": 2.7942413577595304}, {""step"": 1163, ""max_share"": 0.5408206694120361, ""cancel_index"": 1.0, ""knockout"": ""unplaced"", ""s"": 3.589224187373974}, {""step"": 1603, ""max_share"": 0.5324493427520889, ""cancel_index"": 1.0, ""knockout"": ""unplaced"", ""s"": 4.678999030799204}, {""step"": 2209, ""max_share"": 0.5257434539003206, ""cancel_index"": 1.0, ""knockout"": ""single-unit"", ""s"": 6.1793761154747875}, {""step"": 2210, ""max_share"": 0.5257350642429102, ""cancel_index"": 1.0, ""knockout"": ""redundant"", ""s"": 6.181853103185806}]"
600074,112,1.5038520744064896,1.5038520744064896,pair,0.6267930956532435,0.49375625589589167,0.3,0.45764010790547643,ok,"[{""step"": 1, ""max_share"": 0.5148690631409145, ""cancel_index"": 0.019960647213593332, ""knockout"": ""unplaced"", ""s"": 0.05620020947194239}, {""step"": 2, ""max_share"": 0.6924290184198505, ""cancel_index"": 0.35749507994130203, ""knockout"": ""unplaced"", ""s"": 0.05621048465211301}, {""step"": 3, ""max_share"": 0.8692107019189579, ""cancel_index"": 0.731867870422953, ""knockout"": ""unplaced"", ""s"": 0.05623755341457003}, {""step"": 4, ""max_share"": 0.9589551746203301, ""cancel_index"": 1.0, ""knockout"": ""unplaced"", ""s"": 0.0613208837226414}, {""step"": 5, ""max_share"": 0.8480040638702948, ""cancel_index"": 1.0, ""knockout"": ""unplaced"", ""s"": 0.08098028967878182}, {""step"": 7, ""max_share"": 0.7362913823004505, ""cancel_index"": 1.0, ""knockout"": ""unplaced"", ""s"": 0.11975243231545307}, {""step"": 8, ""max_share"": 0.7043889916353018, ""cancel_index"": 1.0, ""knockout"": ""unplaced"", ""s"": 0.13879217320809956}, {""step"": 10, ""max_share"": 0.6619613584912217, ""cancel_index"": 1.0, ""knockout"": ""unplaced"", ""s"": 0.17598747963184508}, {""step"": 12, ""max_share"": 0.6348858112537693, ""cancel_index"": 1.0, ""knockout"": ""unplaced"", ""s"": 0.2117139041022781}, {""step"": 15, ""max_share"": 0.6078708284472355, ""cancel_index"": 1.0, ""knockout"": ""unplaced"", ""s"": 0.2616321527381028}, {""step"": 19, ""max_share"": 0.5821281406363258, ""cancel_index"": 1.0, ""knockout"": ""unplaced"", ""s"": 0.31869346684391014}, {""step"": 23, ""max_share"": 0.5582536546287417, ""cancel_index"": 1.0, ""knockout"": ""unplaced"", ""s"": 0.3613449706699334}, {""step"": 28, ""max_share"": 0.5229224151458844, ""cancel_index"": 1.0, ""knockout"": ""unplaced"", ""s"": 0.392043297007871}, {""step"": 34, ""max_share"": 0.5343463050091197, ""cancel_index"": 1.0, ""knockout"": ""unplaced"", ""s"": 0.40251930468809916}, {""step"": 41, ""max_share"": 0.6262183850368892, ""cancel_index"": 1.0, ""knockout"": ""unplaced"", ""s"": 0.4009555485137457}, {""step"": 51, ""max_share"": 0.7859850975824187, ""cancel_index"": 1.0, ""knockout"": ""unplaced"", ""s"": 0.4153543741832447}, {""step"": 62, ""max_share"": 0.9527027068113001, ""cancel_index"": 1.0, ""knockout"": ""unplaced"", ""s"": 0.4595750607464193}, {""step"": 75, ""max_share"": 0.8803201712161416, ""cancel_index"": 0.799920490484972, ""knockout"": ""unplaced"", ""s"": 0.6574305145344403}, {""step"": 92, ""max_share"": 0.7361528492391537, ""cancel_index"": 0.6305977826612374, ""knockout"": ""unplaced"", ""s"": 1.0237351202271934}, {""step"": 111, ""max_share"": 0.6307392732047472, ""cancel_index"": 0.5035985647461356, ""knockout"": ""unplaced"", ""s"": 1.480179806764891}, {""step"": 112, ""max_share"": 0.6267930956532435, ""cancel_index"": 0.49375625589589167, ""knockout"": ""pair"", ""s"": 1.5038520744064896}]"
600075,54,0.795884990466621,0.795884990466621,pair,0.5350629095509439,0.3957923801878244,0.1111111111111111,0.43803059182666554,ok,"[{""step"": 1, ""max_share"": 0.6264175827164487, ""cancel_index"": 0.5809883210977068, ""knockout"": ""unplaced"", ""s"": 0.021692688889859063}, {""step"": 2, ""max_share"": 0.83321714630172, ""cancel_index"": 0.9332932806792062, ""knockout"": ""unplaced"", ""s"": 0.021708239346409502}, {""step"": 3, ""max_share"": 0.8168239713150468, ""cancel_index"": 1.0, ""knockout"": ""unplaced"", ""s"": 0.03434525591328709}, {""step"": 4, ""max_share"": 0.7021006309095533, ""cancel_index"": 1.0, ""knockout"": ""unplaced"", ""s"": 0.05412132521075059}, {""step"": 5, ""max_share"": 0.6495055720498341, ""cancel_index"": 1.0, ""knockout"": ""unplaced"", ""s"": 0.07377247602095996}, {""step"": 6, ""max_share"": 0.6195752238798626, ""cancel_index"": 1.0, ""knockout"": ""unplaced"", ""s"": 0.09328723722000881}, {""step"": 7, ""max_share"": 0.6003758569687336, ""cancel_index"": 1.0, ""knockout"": ""unplaced"", ""s"": 0.11266241643464382}, {""step"": 8, ""max_share"": 0.5870575750349332, ""cancel_index"": 1.0, ""knockout"": ""unplaced"", ""s"": 0.13189789820939393}, {""step"": 10, ""max_share"": 0.56977332077064, ""cancel_index"": 1.0, ""knockout"": ""unplaced"", ""s"": 0.1699478418130407}, {""step"": 12, ""max_share"": 0.5588837745834204, ""cancel_index"": 1.0, ""knockout"": ""unplaced"", ""s"": 0.20741662220170104}, {""step"": 14, ""max_share"": 0.5511308666086445, ""cancel_index"": 1.0, ""knockout"": ""unplaced"", ""s"": 0.24425261482789234}, {""step"": 16, ""max_share"": 0.5450477359417931, ""cancel_index"": 1.0, ""knockout"": ""unplaced"", ""s"": 0.28037366483834236}, {""step"": 19, ""max_share"": 0.5375170792616978, ""cancel_index"": 0.9820235976935617, ""knockout"": ""unplaced"", ""s"": 0.33297083627979185}, {""step"": 23, ""max_share"": 0.5287474324058232, ""cancel_index"": 0.8902051298848848, ""knockout"": ""unplaced"", ""s"": 0.39942404137320875}, {""step"": 27, ""max_share"": 0.5204510536347914, ""cancel_index"": 0.8055418727940179, ""knockout"": ""unplaced"", ""s"": 0.4606113195261996}, {""step"": 32, ""max_share"": 0.5102981131535526, ""cancel_index"": 0.7096385964459038, ""knockout"": ""unplaced"", ""s"": 0.5284515625824218}, {""step"": 38, ""max_share"": 0.5018895703877757, ""cancel_index"": 0.6079259626403442, ""knockout"": ""unplaced"", ""s"": 0.5985000731767878}, {""step"": 45, ""max_share"": 0.5170910374656654, ""cancel_index"": 0.5042384420942901, ""knockout"": ""unplaced"", ""s"": 0.676036781078875}, {""step"": 54, ""max_share"": 0.5350629095509439, ""cancel_index"": 0.3957923801878244, ""knockout"": ""pair"", ""s"": 0.795884990466621}]"
600076,83,1.3215182967128765,1.3215182967128765,pair,0.5666856894241292,0.30540178006764845,0.21052631578947367,0.4377024537942588,ok,"[{""step"": 1, ""max_share"": 0.6770305031482492, ""cancel_index"": 1.0, ""knockout"": ""unplaced"", ""s"": 0.04104160711937664}, {""step"": 2, ""max_share"": 0.6185187000744792, ""cancel_index"": 1.0, ""knockout"": ""unplaced"", ""s"": 0.060923554942711816}, {""step"": 3, ""max_share"": 0.5878972549645213, ""cancel_index"": 1.0, ""knockout"": ""unplaced"", ""s"": 0.08056570512923455}, {""step"": 4, ""max_share"": 0.5679206451011948, ""cancel_index"": 1.0, ""knockout"": ""unplaced"", ""s"": 0.09980406370727177}, {""step"": 5, ""max_share"": 0.5525129849984146, ""cancel_index"": 1.0, ""knockout"": ""unplaced"", ""s"": 0.11842601042253155}, {""step"": 6, ""max_share"": 0.5388198148620296, ""cancel_index"": 1.0, ""knockout"": ""unplaced"", ""s"": 0.13617415375975528}, {""step"": 7, ""max_share"": 0.5252250233183289, ""cancel_index"": 1.0, ""knockout"": ""unplaced"", ""s"": 0.15276900997684587}, {""step"": 9, ""max_share"": 0.5052080773459009, ""cancel_index"": 1.0, ""knockout"": ""unplaced"", ""s"": 0.18154471321396326}, {""step"": 10, ""max_share"": 0.5228614891234342, ""cancel_index"": 1.0, ""knockout"": ""unplaced"", ""s"": 0.19347097251851741}, {""step"": 13, ""max_share"": 0.5855736021417414, ""cancel_index"": 1.0, ""knockout"": ""unplaced"", ""s"": 0.22000221467853098}, {""step"": 15, ""max_share"": 0.6337317647145138, ""cancel_index"": 1.0, ""knockout"": ""unplaced"", ""s"": 0.231550324459275}, {""step"": 19, ""max_share"": 0.7387109773671071, ""cancel_index"": 1.0, ""knockout"": ""unplaced"", ""s"": 0.24562301067958187}, {""step"": 22, ""max_share"": 0.8202133558904485, ""cancel_index"": 1.0, ""knockout"": ""unplaced"", ""s"": 0.25194356237251375}, {""step"": 27, ""max_share"": 0.9520475608231956, ""cancel_index"": 1.0, ""knockout"": ""unplaced"", ""s"": 0.25978398643746947}, {""step"": 33, ""max_share"": 0.9163819203716704, ""cancel_index"": 0.9042443619798914, ""knockout"": ""unplaced"", ""s"": 0.3207298168108707}, {""step"": 39, ""max_share"": 0.8298131415497294, ""cancel_index"": 0.8129514283984731, ""knockout"": ""unplaced"", ""s"": 0.4070432375673473}, {""step"": 47, ""max_share"": 0.7391652313930612, ""cancel_index"": 0.7012775418673822, ""knockout"": ""unplaced"", ""s"": 0.5322049700645379}, {""step"": 57, ""max_share"": 0.6530118710881948, ""cancel_index"": 0.5510261469231132, ""knockout"": ""unplaced"", ""s"": 0.7184133866329931}, {""step"": 69, ""max_share"": 0.5961317328022804, ""cancel_index"": 0.41126982945941115, ""knockout"": ""unplaced"", ""s"": 0.987371896887864}, {""step"": 83, ""max_share"": 0.5666856894241292, ""cancel_index"": 0.30540178006764845, ""knockout"": ""pair"", ""s"": 1.3215182967128765}]"
600077,111,1.0606867952424983,1.0606867952424983,pair,0.5479490731541133,0.43679190872359214,0.10526315789473684,0.4347458599135878,ok,"[{""step"": 1, ""max_share"": 0.5963323707056221, ""cancel_index"": 1.0, ""knockout"": ""unplaced"", ""s"": 0.03961391638105531}, {""step"": 2, ""max_share"": 0.5640194907298811, ""cancel_index"": 1.0, ""knockout"": ""unplaced"", ""s"": 0.059593102177794344}, {""step"": 3, ""max_share"": 0.5479539708974236, ""cancel_index"": 1.0, ""knockout"": ""unplaced"", ""s"": 0.0795307350030361}, {""step"": 4, ""max_share"": 0.538362920774325, ""cancel_index"": 1.0, ""knockout"": ""unplaced"", ""s"": 0.09940184206251254}, {""step"": 5, ""max_share"": 0.5320168687384625, ""cancel_index"": 1.0, ""knockout"": ""unplaced"", ""s"": 0.11917642307160692}, {""step"": 7, ""max_share"": 0.5242726976384459, ""cancel_index"": 1.0, ""knockout"": ""unplaced"", ""s"": 0.15828600361414952}, {""step"": 8, ""max_share"": 0.5218362421610794, ""cancel_index"": 1.0, ""knockout"": ""unplaced"", ""s"": 0.17752858652213255}, {""step"": 10, ""max_share"": 0.5187295621006728, ""cancel_index"": 1.0, ""knockout"": ""unplaced"", ""s"": 0.21510134628816818}, {""step"": 12, ""max_share"": 0.5173976619826599, ""cancel_index"": 1.0, ""knockout"": ""unplaced"", ""s"": 0.2510039825055274}, {""step"": 15, ""max_share"": 0.5181021720695561, ""cancel_index"": 1.0, ""knockout"": ""unplaced"", ""s"": 0.30051287965271556}, {""step"": 18, ""max_share"": 0.5217214836870682, ""cancel_index"": 1.0, ""knockout"": ""unplaced"", ""s"": 0.34334712666311307}, {""step"": 23, ""max_share"": 0.5338269700497777, ""cancel_index"": 1.0, ""knockout"": ""unplaced"", ""s"": 0.39711727807677927}, {""step"": 28, ""max_share"": 0.5531897956925563, ""cancel_index"": 1.0, ""knockout"": ""unplaced"", ""s"": 0.42887429943591515}, {""step"": 34, ""max_share"": 0.5859439070275622, ""cancel_index"": 1.0, ""knockout"": ""unplaced"", ""s"": 0.4446763875017858}, {""step"": 41, ""max_share"": 0.6375548232595538, ""cancel_index"": 1.0, ""knockout"": ""unplaced"", ""s"": 0.4476177540534435}, {""step"": 50, ""max_share"": 0.7193913163456841, ""cancel_index"": 1.0, ""knockout"": ""unplaced"", ""s"": 0.45011840974828166}, {""step"": 61, ""max_share"": 0.8070845758174794, ""cancel_index"": 0.9871739219762798, ""knockout"": ""unplaced"", ""s"": 0.46968531611957254}, {""step"": 74, ""max_share"": 0.8214833072809662, ""cancel_index"": 0.9474562091875611, ""knockout"": ""unplaced"", ""s"": 0.5257145660361788}, {""step"": 91, ""max_share"": 0.6926352870808268, ""cancel_index"": 0.7802912995332082, ""knockout"": ""unplaced"", ""s"": 0.67941698730682}, {""step"": 111, ""max_share"": 0.5479490731541133, ""cancel_index"": 0.43679190872359214, ""knockout"": ""pair"", ""s"": 1.0606867952424983}]"
600078,40,0.8648709773855714,0.8648709773855714,pair,0.5467942246894462,0.3604939938368442,0.1111111111111111,0.4363164139638777,ok,"[{""step"": 1, ""max_share"": 0.9179056510857976, ""cancel_index"": 0.07605365155961227, ""knockout"": ""unplaced"", ""s"": 0.03511499363737331}, {""step"": 2, ""max_share"": 0.766365631454118, ""cancel_index"": 0.5504654006685101, ""knockout"": ""unplaced"", ""s"": 0.05485382728100192}, {""step"": 3, ""max_share"": 0.694384503761736, ""cancel_index"": 0.6323689347941053, ""knockout"": ""unplaced"", ""s"": 0.07410798282416632}, {""step"": 4, ""max_share"": 0.6513557905805061, ""cancel_index"": 0.6605685171290123, ""knockout"": ""unplaced"", ""s"": 0.09286785394878734}, {""step"": 5, ""max_share"": 0.6225076696170733, ""cancel_index"": 0.6709260556924589, ""knockout"": ""unplaced"", ""s"": 0.1112778733594035}, {""step"": 6, ""max_share"": 0.6021154156898292, ""cancel_index"": 0.6728295591109144, ""knockout"": ""unplaced"", ""s"": 0.12952923276609152}, {""step"": 7, ""max_share"": 0.587450190453103, ""cancel_index"": 0.6697617336430318, ""knockout"": ""unplaced"", ""s"": 0.14779806066014223}, {""step"": 8, ""max_share"": 0.5769213429259773, ""cancel_index"": 0.6633861807811854, ""knockout"": ""unplaced"", ""s"": 0.16620733086910572}, {""step"": 10, ""max_share"": 0.5641412492927931, ""cancel_index"": 0.6444304608552078, ""knockout"": ""unplaced"", ""s"": 0.203621986993411}, {""step"": 11, ""max_share"": 0.5604415552821849, ""cancel_index"": 0.6330769642360494, ""knockout"": ""unplaced"", ""s"": 0.22260913831485224}, {""step"": 13, ""max_share"": 0.5561413335521885, ""cancel_index"": 0.6085185978917061, ""knockout"": ""unplaced"", ""s"": 0.2610300362844855}, {""step"": 15, ""max_share"": 0.5543158590294712, ""cancel_index"": 0.582863359165776, ""knockout"": ""unplaced"", ""s"": 0.29999862019581597}, {""step"": 18, ""max_share"": 0.5538925397594179, ""cancel_index"": 0.5442985930676483, ""knockout"": ""unplaced"", ""s"": 0.3596484463436427}, {""step"": 21, ""max_share"": 0.554561441237733, ""cancel_index"": 0.5072657334616959, ""knockout"": ""unplaced"", ""s"": 0.421159686970809}, {""step"": 25, ""max_share"": 0.5553576282600748, ""cancel_index"": 0.4624535708924352, ""knockout"": ""unplaced"", ""s"": 0.5068269996850758}, {""step"": 29, ""max_share"": 0.5549845880330667, ""cancel_index"": 0.42456075779134556, ""knockout"": ""unplaced"", ""s"": 0.5971429385778975}, {""step"": 34, ""max_share"": 0.5524300667787215, ""cancel_index"": 0.3881482113597716, ""knockout"": ""unplaced"", ""s"": 0.716133380015857}, {""step"": 39, ""max_share"": 0.5478795933696177, ""cancel_index"": 0.36395688698292916, ""knockout"": ""unplaced"", ""s"": 0.8398370891316367}, {""step"": 40, ""max_share"": 0.5467942246894462, ""cancel_index"": 0.3604939938368442, ""knockout"": ""pair"", ""s"": 0.8648709773855714}]"
600079,56,0.8588112053325835,0.8588112053325835,pair,0.5940842375273071,0.3551484114795397,0.5,0.44023136462462736,ok,"[{""step"": 1, ""max_share"": 0.7663780840366822, ""cancel_index"": 0.5726700270950271, ""knockout"": ""unplaced"", ""s"": 0.03440813773239147}, {""step"": 2, ""max_share"": 0.9501647775019814, ""cancel_index"": 1.0, ""knockout"": ""unplaced"", ""s"": 0.03799044544026295}, {""step"": 3, ""max_share"": 0.7942876264502614, ""cancel_index"": 1.0, ""knockout"": ""unplaced"", ""s"": 0.05687541444186098}, {""step"": 4, ""max_share"": 0.7131731368919448, ""cancel_index"": 1.0, ""knockout"": ""unplaced"", ""s"": 0.07435265919962747}, {""step"": 5, ""max_share"": 0.657392203214255, ""cancel_index"": 1.0, ""knockout"": ""unplaced"", ""s"": 0.08970186254512887}, {""step"": 6, ""max_share"": 0.6104807438710546, ""cancel_index"": 1.0, ""knockout"": ""unplaced"", ""s"": 0.1024266021999044}, {""step"": 7, ""max_share"": 0.566086714126542, ""cancel_index"": 1.0, ""knockout"": ""unplaced"", ""s"": 0.11249550448822518}, {""step"": 8, ""max_share"": 0.52189704025997, ""cancel_index"": 1.0, ""knockout"": ""unplaced"", ""s"": 0.12023831916404618}, {""step"": 10, ""max_share"": 0.5683794003973153, ""cancel_index"": 1.0, ""knockout"": ""unplaced"", ""s"": 0.13049413081024883}, {""step"": 12, ""max_share"": 0.6617907043090888, ""cancel_index"": 1.0, ""knockout"": ""unplaced"", ""s"": 0.13621200194351515}, {""step"": 14, ""max_share"": 0.7572339234429342, ""cancel_index"": 1.0, ""knockout"": ""unplaced"", ""s"": 0.13952752549343317}, {""step"": 17, ""max_share"": 0.8976589888466936, ""cancel_index"": 1.0, ""knockout"": ""unplaced"", ""s"": 0.14324984719313796}, {""step"": 20, ""max_share"": 0.9781852211149962, ""cancel_index"": 0.9659084336267533, ""knockout"": ""unplaced"", ""s"": 0.15507348506563562}, {""step"": 24, ""max_share"": 0.8815235681822857, ""cancel_index"": 0.823624532543093, ""knockout"": ""unplaced"", ""s"": 0.2079117152024714}, {""step"": 28, ""max_share"": 0.8247548395893255, ""cancel_index"": 0.7474903683129913, ""knockout"": ""unplaced"", ""s"": 0.2616253060709771}, {""step"": 33, ""max_share"": 0.7623593807081741, ""cancel_index"": 0.6606643932506578, ""knockout"": ""unplaced"", ""s"": 0.3378579302199569}, {""step"": 40, ""max_share"": 0.682157608464879, ""cancel_index"": 0.5320399626085527, ""knockout"": ""unplaced"", ""s"": 0.47026494003773023}, {""step"": 47, ""max_share"": 0.6283311315375683, ""cancel_index"": 0.43033208196155226, ""knockout"": ""unplaced"", ""s"": 0.6294729168821114}, {""step"": 56, ""max_share"": 0.5940842375273071, ""cancel_index"": 0.3551484114795397, ""knockout"": ""pair"", ""s"": 0.8588112053325835}]"
